3-edge graphs: 1622
(0, 0) (0, 0, 0, 0) ((0, 0), (0, 1), (1, 1)) aut=4 h1=2 #W=49 contrib=-16626959114797/393289924608
(0, 0) (0, 0, 0, 0) ((0, 1), (0, 1), (0, 1)) aut=6 h1=2 #W=49 contrib=2787851429750370709/5058691655270400
(0, 0) (0, 0, 0, 0) ((0, 1), (0, 1), (1, 1)) aut=4 h1=2 #W=49 contrib=-13175826647434813/103238605209600
(0, 0) (0, 0, 0, 0) ((0, 1), (1, 1), (1, 1)) aut=8 h1=2 #W=49 contrib=-10030342390667/737418608640
(0, 0) (0, 0, 0, 1) ((0, 0), (0, 1), (0, 1)) aut=4 h1=2 #W=49 contrib=-1813504457379975071/10117383310540800
(0, 0) (0, 0, 0, 1) ((0, 0), (0, 1), (1, 1)) aut=4 h1=2 #W=49 contrib=-296813987027959/19271206305792
(0, 0) (0, 0, 0, 1) ((0, 1), (0, 1), (0, 1)) aut=6 h1=2 #W=49 contrib=-3475310271876074459/5058691655270400
(0, 0) (0, 0, 0, 1) ((0, 1), (0, 1), (1, 1)) aut=4 h1=2 #W=49 contrib=-33186095940116971/1686230551756800
(0, 0) (0, 0, 0, 1) ((0, 1), (1, 1), (1, 1)) aut=8 h1=2 #W=49 contrib=223793513601257/64237354352640
(0, 0) (0, 0, 1, 0) ((0, 0), (0, 1), (0, 1)) aut=4 h1=2 #W=49 contrib=-1813504457379975071/10117383310540800
(0, 0) (0, 0, 1, 0) ((0, 0), (0, 1), (1, 1)) aut=4 h1=2 #W=49 contrib=-296813987027959/19271206305792
(0, 0) (0, 0, 1, 0) ((0, 1), (0, 1), (0, 1)) aut=6 h1=2 #W=49 contrib=-3475310271876074459/5058691655270400
(0, 0) (0, 0, 1, 0) ((0, 1), (0, 1), (1, 1)) aut=4 h1=2 #W=49 contrib=-33186095940116971/1686230551756800
(0, 0) (0, 0, 1, 0) ((0, 1), (1, 1), (1, 1)) aut=8 h1=2 #W=49 contrib=223793513601257/64237354352640
(0, 0) (0, 0, 1, 1) ((0, 0), (0, 0), (0, 1)) aut=8 h1=2 #W=49 contrib=-29207799562615069/4046953324216320
(0, 0) (0, 0, 1, 1) ((0, 0), (0, 1), (0, 1)) aut=4 h1=2 #W=49 contrib=-181687770691281307/5058691655270400
(0, 0) (0, 0, 1, 1) ((0, 0), (0, 1), (1, 1)) aut=4 h1=2 #W=49 contrib=97197188093777/15808411422720
(0, 0) (0, 0, 1, 1) ((0, 1), (0, 1), (0, 1)) aut=6 h1=2 #W=49 contrib=275276908194802883/632336456908800
(0, 0) (0, 0, 1, 1) ((0, 1), (0, 1), (1, 1)) aut=4 h1=2 #W=49 contrib=369362928652055333/5058691655270400
(0, 0) (0, 0, 1, 1) ((0, 1), (1, 1), (1, 1)) aut=8 h1=2 #W=49 contrib=-502829911713785/809390664843264
(0, 0) (0, 1, 0, 0) ((0, 0), (0, 1), (0, 1)) aut=4 h1=2 #W=49 contrib=-1234824093070934111/10117383310540800
(0, 0) (0, 1, 0, 0) ((0, 0), (0, 1), (1, 1)) aut=4 h1=2 #W=49 contrib=-171338259479123/96356031528960
(0, 0) (0, 1, 0, 0) ((0, 1), (0, 1), (0, 1)) aut=6 h1=2 #W=49 contrib=-2778644817783073499/5058691655270400
(0, 0) (0, 1, 0, 0) ((0, 1), (0, 1), (1, 1)) aut=4 h1=2 #W=49 contrib=50853193319476229/1686230551756800
(0, 0) (0, 1, 0, 0) ((0, 1), (1, 1), (1, 1)) aut=8 h1=2 #W=49 contrib=293224049153113/64237354352640
(0, 0) (0, 1, 0, 1) ((0, 0), (0, 0), (0, 1)) aut=8 h1=2 #W=49 contrib=-10940204607135673/4046953324216320
(0, 0) (0, 1, 0, 1) ((0, 0), (0, 1), (0, 1)) aut=4 h1=2 #W=49 contrib=97191671577775253/5058691655270400
(0, 0) (0, 1, 0, 1) ((0, 0), (0, 1), (1, 1)) aut=4 h1=2 #W=49 contrib=2253574914989477/252934582763520
(0, 0) (0, 1, 0, 1) ((0, 1), (0, 1), (0, 1)) aut=6 h1=2 #W=49 contrib=353054923845918083/632336456908800
(0, 0) (0, 1, 0, 1) ((0, 1), (0, 1), (1, 1)) aut=4 h1=2 #W=49 contrib=247181384098077173/5058691655270400
(0, 0) (0, 1, 0, 1) ((0, 1), (1, 1), (1, 1)) aut=8 h1=2 #W=49 contrib=-9413868653421241/4046953324216320
(0, 0) (0, 1, 1, 0) ((0, 0), (0, 0), (0, 1)) aut=8 h1=2 #W=49 contrib=-10940204607135673/4046953324216320
(0, 0) (0, 1, 1, 0) ((0, 0), (0, 1), (0, 1)) aut=4 h1=2 #W=49 contrib=97191671577775253/5058691655270400
(0, 0) (0, 1, 1, 0) ((0, 0), (0, 1), (1, 1)) aut=4 h1=2 #W=49 contrib=2253574914989477/252934582763520
(0, 0) (0, 1, 1, 0) ((0, 1), (0, 1), (0, 1)) aut=6 h1=2 #W=49 contrib=353054923845918083/632336456908800
(0, 0) (0, 1, 1, 0) ((0, 1), (0, 1), (1, 1)) aut=4 h1=2 #W=49 contrib=247181384098077173/5058691655270400
(0, 0) (0, 1, 1, 0) ((0, 1), (1, 1), (1, 1)) aut=8 h1=2 #W=49 contrib=-9413868653421241/4046953324216320
(0, 0) (0, 1, 1, 1) ((0, 0), (0, 0), (0, 1)) aut=8 h1=2 #W=49 contrib=353186593399033/64237354352640
(0, 0) (0, 1, 1, 1) ((0, 0), (0, 1), (0, 1)) aut=4 h1=2 #W=49 contrib=14503882883562227/240890078822400
(0, 0) (0, 1, 1, 1) ((0, 0), (0, 1), (1, 1)) aut=4 h1=2 #W=49 contrib=51537289062569/19271206305792
(0, 0) (0, 1, 1, 1) ((0, 1), (0, 1), (0, 1)) aut=6 h1=2 #W=49 contrib=-1855619319755440859/5058691655270400
(0, 0) (0, 1, 1, 1) ((0, 1), (0, 1), (1, 1)) aut=4 h1=2 #W=49 contrib=-133636098034233833/1445340472934400
(0, 0, 1) (0, 0, 0, 0) ((0, 1), (0, 1), (1, 2)) aut=2 h1=1 #W=7 contrib=7107308607611/481579499520
(0, 0, 1) (0, 0, 0, 0) ((0, 1), (0, 2), (1, 1)) aut=2 h1=1 #W=7 contrib=-3093331431463/1031956070400
(0, 0, 1) (0, 0, 0, 0) ((0, 1), (1, 1), (1, 2)) aut=2 h1=1 #W=7 contrib=3552189623269/6191736422400
(0, 0, 1) (0, 0, 0, 0) ((0, 1), (1, 2), (1, 2)) aut=2 h1=1 #W=7 contrib=696742541393641/10835538739200
(0, 0, 1) (0, 0, 0, 0) ((0, 2), (1, 1), (1, 2)) aut=2 h1=1 #W=7 contrib=20773560431561/6191736422400
(0, 0, 1) (0, 0, 0, 1) ((0, 0), (0, 1), (1, 2)) aut=2 h1=1 #W=7 contrib=2355760276979/963158999040
(0, 0, 1) (0, 0, 0, 1) ((0, 1), (0, 1), (0, 2)) aut=2 h1=1 #W=7 contrib=-23501532953329/902961561600
(0, 0, 1) (0, 0, 0, 1) ((0, 1), (0, 1), (1, 2)) aut=2 h1=1 #W=7 contrib=-212950478291147/21671077478400
(0, 0, 1) (0, 0, 0, 1) ((0, 1), (0, 2), (1, 1)) aut=2 h1=1 #W=7 contrib=-324517437241/773967052800
(0, 0, 1) (0, 0, 0, 1) ((0, 1), (0, 2), (1, 2)) aut=1 h1=1 #W=7 contrib=88828548328878959/5781361891737600
(0, 0, 1) (0, 0, 0, 1) ((0, 1), (1, 1), (1, 2)) aut=2 h1=1 #W=7 contrib=-30298012895743/21671077478400
(0, 0, 1) (0, 0, 0, 1) ((0, 1), (1, 2), (1, 2)) aut=2 h1=1 #W=7 contrib=24433620903414469/7433179575091200
(0, 0, 1) (0, 0, 0, 1) ((0, 1), (1, 2), (2, 2)) aut=2 h1=1 #W=7 contrib=71021942191/27518828544
(0, 0, 1) (0, 0, 0, 1) ((0, 2), (1, 1), (1, 2)) aut=2 h1=1 #W=7 contrib=3950003261864699/3716589787545600
(0, 0, 1) (0, 0, 0, 1) ((0, 2), (1, 2), (1, 2)) aut=2 h1=1 #W=7 contrib=120028568080049381/52032257025638400
(0, 0, 1) (0, 0, 0, 2) ((0, 1), (0, 2), (1, 1)) aut=2 h1=1 #W=7 contrib=199529350981327/151697542348800
(0, 0, 1) (0, 0, 0, 2) ((0, 2), (1, 1), (1, 2)) aut=2 h1=1 #W=7 contrib=-5731546132759/43342154956800
(0, 0, 1) (0, 0, 0, 2) ((0, 1), (0, 1), (1, 2)) aut=2 h1=1 #W=7 contrib=742140742041119/116143430860800
(0, 0, 1) (0, 0, 0, 2) ((0, 1), (1, 2), (1, 2)) aut=2 h1=1 #W=7 contrib=-36423836717941049/3468817135042560
(0, 0, 1) (0, 0, 0, 2) ((0, 1), (1, 1), (1, 2)) aut=2 h1=1 #W=7 contrib=6582774171552529/14866359150182400
(0, 0, 1) (1, 1, 1, 2) ((0, 0), (0, 2), (1, 2)) aut=2 h1=1 #W=7 contrib=-5731546132759/43342154956800
(0, 0, 1) (1, 1, 1, 2) ((0, 1), (0, 2), (0, 2)) aut=2 h1=1 #W=7 contrib=-36423836717941049/3468817135042560
(0, 0, 1) (1, 1, 1, 0) ((0, 2), (0, 2), (1, 2)) aut=2 h1=1 #W=7 contrib=120028568080049381/52032257025638400
(0, 0, 1) (1, 1, 1, 0) ((0, 1), (0, 2), (2, 2)) aut=2 h1=1 #W=7 contrib=71021942191/27518828544
(0, 0, 1) (0, 0, 1, 0) ((0, 0), (0, 1), (1, 2)) aut=2 h1=1 #W=7 contrib=2355760276979/963158999040
(0, 0, 1) (0, 0, 1, 0) ((0, 1), (0, 1), (0, 2)) aut=2 h1=1 #W=7 contrib=-23501532953329/902961561600
(0, 0, 1) (0, 0, 1, 0) ((0, 1), (0, 1), (1, 2)) aut=2 h1=1 #W=7 contrib=-212950478291147/21671077478400
(0, 0, 1) (0, 0, 1, 0) ((0, 1), (0, 2), (1, 1)) aut=2 h1=1 #W=7 contrib=-324517437241/773967052800
(0, 0, 1) (0, 0, 1, 0) ((0, 1), (0, 2), (1, 2)) aut=1 h1=1 #W=7 contrib=88828548328878959/5781361891737600
(0, 0, 1) (0, 0, 1, 0) ((0, 1), (1, 1), (1, 2)) aut=2 h1=1 #W=7 contrib=-30298012895743/21671077478400
(0, 0, 1) (0, 0, 1, 0) ((0, 1), (1, 2), (1, 2)) aut=2 h1=1 #W=7 contrib=24433620903414469/7433179575091200
(0, 0, 1) (0, 0, 1, 0) ((0, 1), (1, 2), (2, 2)) aut=2 h1=1 #W=7 contrib=71021942191/27518828544
(0, 0, 1) (0, 0, 1, 0) ((0, 2), (1, 1), (1, 2)) aut=2 h1=1 #W=7 contrib=3950003261864699/3716589787545600
(0, 0, 1) (0, 0, 1, 0) ((0, 2), (1, 2), (1, 2)) aut=2 h1=1 #W=7 contrib=120028568080049381/52032257025638400
(0, 0, 1) (0, 0, 2, 0) ((0, 1), (0, 2), (1, 1)) aut=2 h1=1 #W=7 contrib=199529350981327/151697542348800
(0, 0, 1) (0, 0, 2, 0) ((0, 2), (1, 1), (1, 2)) aut=2 h1=1 #W=7 contrib=-5731546132759/43342154956800
(0, 0, 1) (0, 0, 2, 0) ((0, 1), (0, 1), (1, 2)) aut=2 h1=1 #W=7 contrib=742140742041119/116143430860800
(0, 0, 1) (0, 0, 2, 0) ((0, 1), (1, 2), (1, 2)) aut=2 h1=1 #W=7 contrib=-36423836717941049/3468817135042560
(0, 0, 1) (0, 0, 2, 0) ((0, 1), (1, 1), (1, 2)) aut=2 h1=1 #W=7 contrib=6582774171552529/14866359150182400
(0, 0, 1) (1, 1, 2, 1) ((0, 0), (0, 2), (1, 2)) aut=2 h1=1 #W=7 contrib=-5731546132759/43342154956800
(0, 0, 1) (1, 1, 2, 1) ((0, 1), (0, 2), (0, 2)) aut=2 h1=1 #W=7 contrib=-36423836717941049/3468817135042560
(0, 0, 1) (0, 0, 1, 1) ((0, 0), (0, 1), (0, 2)) aut=2 h1=1 #W=7 contrib=1965242093977/3611846246400
(0, 0, 1) (0, 0, 1, 1) ((0, 0), (0, 1), (1, 2)) aut=2 h1=1 #W=7 contrib=-14013289422137/43342154956800
(0, 0, 1) (0, 0, 1, 1) ((0, 0), (0, 2), (1, 2)) aut=2 h1=1 #W=7 contrib=9352919831014481/14866359150182400
(0, 0, 1) (0, 0, 1, 1) ((0, 1), (0, 1), (0, 2)) aut=2 h1=1 #W=7 contrib=26440187889757/3095868211200
(0, 0, 1) (0, 0, 1, 1) ((0, 1), (0, 1), (1, 2)) aut=2 h1=1 #W=7 contrib=80627027432779/21671077478400
(0, 0, 1) (0, 0, 1, 1) ((0, 1), (0, 2), (0, 2)) aut=2 h1=1 #W=7 contrib=180643402257674381/17344085675212800
(0, 0, 1) (0, 0, 1, 1) ((0, 1), (0, 2), (1, 1)) aut=2 h1=1 #W=7 contrib=8882367872263/43342154956800
(0, 0, 1) (0, 0, 1, 1) ((0, 1), (0, 2), (1, 2)) aut=1 h1=1 #W=7 contrib=-14063830666608199/6504032128204800
(0, 0, 1) (0, 0, 1, 1) ((0, 1), (0, 2), (2, 2)) aut=2 h1=1 #W=7 contrib=-4661078852293/6191736422400
(0, 0, 1) (0, 0, 1, 1) ((0, 1), (1, 1), (1, 2)) aut=2 h1=1 #W=7 contrib=6217870750417/3611846246400
(0, 0, 1) (0, 0, 1, 1) ((0, 1), (1, 2), (1, 2)) aut=2 h1=1 #W=7 contrib=29037980026714061/17344085675212800
(0, 0, 1) (0, 0, 1, 1) ((0, 1), (1, 2), (2, 2)) aut=2 h1=1 #W=7 contrib=-10334910843493/6191736422400
(0, 0, 1) (0, 0, 1, 1) ((0, 2), (0, 2), (1, 2)) aut=2 h1=1 #W=7 contrib=144592098435090149/10406451405127680
(0, 0, 1) (0, 0, 1, 1) ((0, 2), (1, 1), (1, 2)) aut=2 h1=1 #W=7 contrib=14971037958240881/14866359150182400
(0, 0, 1) (0, 0, 1, 1) ((0, 2), (1, 2), (1, 2)) aut=2 h1=1 #W=7 contrib=51185938621668773/10406451405127680
(0, 0, 1) (0, 0, 1, 1) ((0, 2), (1, 2), (2, 2)) aut=2 h1=1 #W=7 contrib=-20143961130471467/10406451405127680
(0, 0, 1) (0, 0, 2, 2) ((0, 1), (0, 2), (1, 1)) aut=2 h1=1 #W=7 contrib=-1715614898429/6742112993280
(0, 0, 1) (0, 0, 2, 2) ((0, 2), (1, 1), (1, 2)) aut=2 h1=1 #W=7 contrib=-48999131478767/151697542348800
(0, 0, 1) (0, 0, 2, 2) ((0, 1), (0, 1), (1, 2)) aut=2 h1=1 #W=7 contrib=-88454103546805/115627237834752
(0, 0, 1) (0, 0, 2, 2) ((0, 1), (1, 2), (1, 2)) aut=2 h1=1 #W=7 contrib=16569615194575333/7433179575091200
(0, 0, 1) (0, 0, 2, 2) ((0, 1), (1, 1), (1, 2)) aut=2 h1=1 #W=7 contrib=51667077169049/330363536670720
(0, 0, 1) (1, 1, 2, 2) ((0, 0), (0, 1), (1, 2)) aut=2 h1=1 #W=7 contrib=-1715614898429/6742112993280
(0, 0, 1) (1, 1, 2, 2) ((0, 0), (0, 2), (1, 2)) aut=2 h1=1 #W=7 contrib=-48999131478767/151697542348800
(0, 0, 1) (1, 1, 2, 2) ((0, 1), (0, 1), (0, 2)) aut=2 h1=1 #W=7 contrib=-88454103546805/115627237834752
(0, 0, 1) (1, 1, 2, 2) ((0, 1), (0, 2), (0, 2)) aut=2 h1=1 #W=7 contrib=16569615194575333/7433179575091200
(0, 0, 1) (1, 1, 2, 2) ((0, 0), (0, 1), (0, 2)) aut=2 h1=1 #W=7 contrib=51667077169049/330363536670720
(0, 0, 1) (0, 0, 1, 2) ((0, 0), (0, 1), (1, 2)) aut=2 h1=1 #W=7 contrib=-73804302142493/1858294893772800
(0, 0, 1) (0, 0, 1, 2) ((0, 1), (0, 1), (0, 2)) aut=2 h1=1 #W=7 contrib=273081280869978811/26016128512819200
(0, 0, 1) (0, 0, 1, 2) ((0, 1), (0, 1), (1, 2)) aut=2 h1=1 #W=7 contrib=-2108021854392211/1626008032051200
(0, 0, 1) (0, 0, 1, 2) ((0, 1), (0, 2), (1, 1)) aut=2 h1=1 #W=7 contrib=5831081544504919/14866359150182400
(0, 0, 1) (0, 0, 1, 2) ((0, 1), (0, 2), (1, 2)) aut=1 h1=1 #W=7 contrib=-31240034967258889/52032257025638400
(0, 0, 1) (0, 0, 1, 2) ((0, 1), (1, 1), (1, 2)) aut=2 h1=1 #W=7 contrib=-4404004845928787/7433179575091200
(0, 0, 1) (0, 0, 1, 2) ((0, 1), (1, 2), (1, 2)) aut=2 h1=1 #W=7 contrib=-35330124686176823/26016128512819200
(0, 0, 1) (0, 0, 1, 2) ((0, 1), (1, 2), (2, 2)) aut=2 h1=1 #W=7 contrib=24667133768023219/26016128512819200
(0, 0, 1) (0, 0, 1, 2) ((0, 2), (1, 1), (1, 2)) aut=2 h1=1 #W=7 contrib=-10704670944873037/14866359150182400
(0, 0, 1) (0, 0, 1, 2) ((0, 2), (1, 2), (1, 2)) aut=2 h1=1 #W=7 contrib=-30462967950196429/5781361891737600
(0, 0, 1) (0, 0, 2, 1) ((0, 0), (0, 1), (1, 2)) aut=2 h1=1 #W=7 contrib=-73804302142493/1858294893772800
(0, 0, 1) (0, 0, 2, 1) ((0, 1), (0, 1), (0, 2)) aut=2 h1=1 #W=7 contrib=273081280869978811/26016128512819200
(0, 0, 1) (0, 0, 2, 1) ((0, 1), (0, 2), (1, 2)) aut=1 h1=1 #W=7 contrib=-31240034967258889/52032257025638400
(0, 0, 1) (0, 0, 2, 1) ((0, 1), (0, 2), (1, 1)) aut=2 h1=1 #W=7 contrib=5831081544504919/14866359150182400
(0, 0, 1) (0, 0, 2, 1) ((0, 2), (1, 2), (1, 2)) aut=2 h1=1 #W=7 contrib=-30462967950196429/5781361891737600
(0, 0, 1) (0, 0, 2, 1) ((0, 2), (1, 1), (1, 2)) aut=2 h1=1 #W=7 contrib=-10704670944873037/14866359150182400
(0, 0, 1) (0, 0, 2, 1) ((0, 1), (0, 1), (1, 2)) aut=2 h1=1 #W=7 contrib=-2108021854392211/1626008032051200
(0, 0, 1) (0, 0, 2, 1) ((0, 1), (1, 2), (2, 2)) aut=2 h1=1 #W=7 contrib=24667133768023219/26016128512819200
(0, 0, 1) (0, 0, 2, 1) ((0, 1), (1, 2), (1, 2)) aut=2 h1=1 #W=7 contrib=-35330124686176823/26016128512819200
(0, 0, 1) (0, 0, 2, 1) ((0, 1), (1, 1), (1, 2)) aut=2 h1=1 #W=7 contrib=-4404004845928787/7433179575091200
(0, 0, 1) (1, 1, 2, 0) ((0, 1), (0, 2), (1, 2)) aut=1 h1=1 #W=7 contrib=-31240034967258889/52032257025638400
(0, 0, 1) (1, 1, 2, 0) ((0, 2), (0, 2), (1, 2)) aut=2 h1=1 #W=7 contrib=-30462967950196429/5781361891737600
(0, 0, 1) (1, 1, 2, 0) ((0, 0), (0, 2), (1, 2)) aut=2 h1=1 #W=7 contrib=-10704670944873037/14866359150182400
(0, 0, 1) (1, 1, 2, 0) ((0, 1), (0, 2), (2, 2)) aut=2 h1=1 #W=7 contrib=24667133768023219/26016128512819200
(0, 0, 1) (1, 1, 2, 0) ((0, 1), (0, 2), (0, 2)) aut=2 h1=1 #W=7 contrib=-35330124686176823/26016128512819200
(0, 0, 1) (1, 1, 0, 1) ((0, 2), (0, 2), (1, 2)) aut=2 h1=1 #W=7 contrib=120028568080049381/52032257025638400
(0, 0, 1) (1, 1, 0, 1) ((0, 1), (0, 2), (2, 2)) aut=2 h1=1 #W=7 contrib=71021942191/27518828544
(0, 0, 1) (1, 1, 0, 2) ((0, 1), (0, 2), (1, 2)) aut=1 h1=1 #W=7 contrib=-31240034967258889/52032257025638400
(0, 0, 1) (1, 1, 0, 2) ((0, 2), (0, 2), (1, 2)) aut=2 h1=1 #W=7 contrib=-30462967950196429/5781361891737600
(0, 0, 1) (1, 1, 0, 2) ((0, 0), (0, 2), (1, 2)) aut=2 h1=1 #W=7 contrib=-10704670944873037/14866359150182400
(0, 0, 1) (1, 1, 0, 2) ((0, 1), (0, 2), (2, 2)) aut=2 h1=1 #W=7 contrib=24667133768023219/26016128512819200
(0, 0, 1) (1, 1, 0, 2) ((0, 1), (0, 2), (0, 2)) aut=2 h1=1 #W=7 contrib=-35330124686176823/26016128512819200
(0, 0, 1) (1, 1, 0, 0) ((0, 2), (1, 2), (1, 2)) aut=2 h1=1 #W=7 contrib=144592098435090149/10406451405127680
(0, 0, 1) (1, 1, 0, 0) ((0, 1), (1, 2), (2, 2)) aut=2 h1=1 #W=7 contrib=-4661078852293/6191736422400
(0, 0, 1) (1, 1, 0, 0) ((0, 2), (1, 2), (2, 2)) aut=2 h1=1 #W=7 contrib=-20143961130471467/10406451405127680
(0, 0, 1) (1, 1, 0, 0) ((0, 2), (0, 2), (1, 2)) aut=2 h1=1 #W=7 contrib=51185938621668773/10406451405127680
(0, 0, 1) (1, 1, 0, 0) ((0, 1), (0, 2), (2, 2)) aut=2 h1=1 #W=7 contrib=-10334910843493/6191736422400
(0, 0, 1) (0, 1, 0, 0) ((0, 0), (0, 1), (1, 2)) aut=2 h1=1 #W=7 contrib=417527400419/963158999040
(0, 0, 1) (0, 1, 0, 0) ((0, 1), (0, 1), (0, 2)) aut=2 h1=1 #W=7 contrib=-24526874612633/1805923123200
(0, 0, 1) (0, 1, 0, 0) ((0, 1), (0, 1), (1, 2)) aut=2 h1=1 #W=7 contrib=-140985678648347/21671077478400
(0, 0, 1) (0, 1, 0, 0) ((0, 1), (0, 2), (1, 1)) aut=2 h1=1 #W=7 contrib=218723254507/386983526400
(0, 0, 1) (0, 1, 0, 0) ((0, 1), (0, 2), (1, 2)) aut=1 h1=1 #W=7 contrib=-6202414021267/4369888051200
(0, 0, 1) (0, 1, 0, 0) ((0, 1), (1, 1), (1, 2)) aut=2 h1=1 #W=7 contrib=1557809911397/21671077478400
(0, 0, 1) (0, 1, 0, 0) ((0, 1), (1, 2), (1, 2)) aut=2 h1=1 #W=7 contrib=-48669579414311651/7433179575091200
(0, 0, 1) (0, 1, 0, 0) ((0, 1), (1, 2), (2, 2)) aut=2 h1=1 #W=7 contrib=-13207075529/27518828544
(0, 0, 1) (0, 1, 0, 0) ((0, 2), (1, 1), (1, 2)) aut=2 h1=1 #W=7 contrib=36162455927411/75848771174400
(0, 0, 1) (0, 1, 0, 0) ((0, 2), (1, 2), (1, 2)) aut=2 h1=1 #W=7 contrib=-37419891142430959/52032257025638400
(0, 0, 1) (0, 2, 0, 0) ((0, 1), (0, 2), (1, 1)) aut=2 h1=1 #W=7 contrib=190601507333107/151697542348800
(0, 0, 1) (0, 2, 0, 0) ((0, 2), (1, 1), (1, 2)) aut=2 h1=1 #W=7 contrib=-150625674457633/303395084697600
(0, 0, 1) (0, 2, 0, 0) ((0, 1), (0, 1), (1, 2)) aut=2 h1=1 #W=7 contrib=445073140276033/232286861721600
(0, 0, 1) (0, 2, 0, 0) ((0, 1), (1, 2), (1, 2)) aut=2 h1=1 #W=7 contrib=6463577699442463/3468817135042560
(0, 0, 1) (0, 2, 0, 0) ((0, 1), (1, 1), (1, 2)) aut=2 h1=1 #W=7 contrib=-1782553708747031/14866359150182400
(0, 0, 1) (1, 2, 1, 1) ((0, 0), (0, 2), (1, 2)) aut=2 h1=1 #W=7 contrib=-150625674457633/303395084697600
(0, 0, 1) (1, 2, 1, 1) ((0, 1), (0, 2), (0, 2)) aut=2 h1=1 #W=7 contrib=6463577699442463/3468817135042560
(0, 0, 1) (0, 1, 0, 1) ((0, 0), (0, 1), (0, 2)) aut=2 h1=1 #W=7 contrib=7442658405037/3611846246400
(0, 0, 1) (0, 1, 0, 1) ((0, 0), (0, 1), (1, 2)) aut=2 h1=1 #W=7 contrib=7045291167703/43342154956800
(0, 0, 1) (0, 1, 0, 1) ((0, 0), (0, 2), (1, 2)) aut=2 h1=1 #W=7 contrib=18990220551186641/14866359150182400
(0, 0, 1) (0, 1, 0, 1) ((0, 1), (0, 1), (0, 2)) aut=2 h1=1 #W=7 contrib=235685944719199/21671077478400
(0, 0, 1) (0, 1, 0, 1) ((0, 1), (0, 1), (1, 2)) aut=2 h1=1 #W=7 contrib=207268561943479/21671077478400
(0, 0, 1) (0, 1, 0, 1) ((0, 1), (0, 2), (0, 2)) aut=2 h1=1 #W=7 contrib=37279989581706353/3468817135042560
(0, 0, 1) (0, 1, 0, 1) ((0, 1), (0, 2), (1, 1)) aut=2 h1=1 #W=7 contrib=9633363043543/43342154956800
(0, 0, 1) (0, 1, 0, 1) ((0, 1), (0, 2), (1, 2)) aut=1 h1=1 #W=7 contrib=-722836091819977/929147446886400
(0, 0, 1) (0, 1, 0, 1) ((0, 1), (0, 2), (2, 2)) aut=2 h1=1 #W=7 contrib=-15061410231349/6191736422400
(0, 0, 1) (0, 1, 0, 1) ((0, 1), (1, 1), (1, 2)) aut=2 h1=1 #W=7 contrib=8010409083337/3611846246400
(0, 0, 1) (0, 1, 0, 1) ((0, 1), (1, 2), (1, 2)) aut=2 h1=1 #W=7 contrib=34263237221574689/3468817135042560
(0, 0, 1) (0, 1, 0, 1) ((0, 1), (1, 2), (2, 2)) aut=2 h1=1 #W=7 contrib=-15759012525349/6191736422400
(0, 0, 1) (0, 1, 0, 1) ((0, 2), (0, 2), (1, 2)) aut=2 h1=1 #W=7 contrib=900336355631271793/52032257025638400
(0, 0, 1) (0, 1, 0, 1) ((0, 2), (1, 1), (1, 2)) aut=2 h1=1 #W=7 contrib=25480699954400561/14866359150182400
(0, 0, 1) (0, 1, 0, 1) ((0, 2), (1, 2), (1, 2)) aut=2 h1=1 #W=7 contrib=493591593474094393/52032257025638400
(0, 0, 1) (0, 1, 0, 1) ((0, 2), (1, 2), (2, 2)) aut=2 h1=1 #W=7 contrib=-197581494372909463/52032257025638400
(0, 0, 1) (0, 2, 0, 2) ((0, 1), (0, 2), (1, 1)) aut=2 h1=1 #W=7 contrib=-54464145889/321052999680
(0, 0, 1) (0, 2, 0, 2) ((0, 2), (1, 1), (1, 2)) aut=2 h1=1 #W=7 contrib=34042098536233/151697542348800
(0, 0, 1) (0, 2, 0, 2) ((0, 1), (0, 1), (1, 2)) aut=2 h1=1 #W=7 contrib=-50584299883/578136189173760
(0, 0, 1) (0, 2, 0, 2) ((0, 1), (1, 2), (1, 2)) aut=2 h1=1 #W=7 contrib=-236391438934514537/52032257025638400
(0, 0, 1) (0, 2, 0, 2) ((0, 1), (1, 1), (1, 2)) aut=2 h1=1 #W=7 contrib=26304206627969/330363536670720
(0, 0, 1) (1, 2, 1, 2) ((0, 0), (0, 1), (1, 2)) aut=2 h1=1 #W=7 contrib=-54464145889/321052999680
(0, 0, 1) (1, 2, 1, 2) ((0, 0), (0, 2), (1, 2)) aut=2 h1=1 #W=7 contrib=34042098536233/151697542348800
(0, 0, 1) (1, 2, 1, 2) ((0, 1), (0, 1), (0, 2)) aut=2 h1=1 #W=7 contrib=-50584299883/578136189173760
(0, 0, 1) (1, 2, 1, 2) ((0, 1), (0, 2), (0, 2)) aut=2 h1=1 #W=7 contrib=-236391438934514537/52032257025638400
(0, 0, 1) (1, 2, 1, 2) ((0, 0), (0, 1), (0, 2)) aut=2 h1=1 #W=7 contrib=26304206627969/330363536670720
(0, 0, 1) (0, 1, 0, 2) ((0, 0), (0, 1), (1, 2)) aut=2 h1=1 #W=7 contrib=-727053226959083/1858294893772800
(0, 0, 1) (0, 1, 0, 2) ((0, 1), (0, 1), (0, 2)) aut=2 h1=1 #W=7 contrib=150900759855633031/26016128512819200
(0, 0, 1) (0, 1, 0, 2) ((0, 1), (0, 1), (1, 2)) aut=2 h1=1 #W=7 contrib=-64371396238397033/13008064256409600
(0, 0, 1) (0, 1, 0, 2) ((0, 1), (0, 2), (1, 1)) aut=2 h1=1 #W=7 contrib=-4930021423005521/14866359150182400
(0, 0, 1) (0, 1, 0, 2) ((0, 1), (0, 2), (1, 2)) aut=1 h1=1 #W=7 contrib=14651827263252551/52032257025638400
(0, 0, 1) (0, 1, 0, 2) ((0, 1), (1, 1), (1, 2)) aut=2 h1=1 #W=7 contrib=-6390912608555627/7433179575091200
(0, 0, 1) (0, 1, 0, 2) ((0, 1), (1, 2), (1, 2)) aut=2 h1=1 #W=7 contrib=-173884394092104989/26016128512819200
(0, 0, 1) (0, 1, 0, 2) ((0, 1), (1, 2), (2, 2)) aut=2 h1=1 #W=7 contrib=51576734242230367/26016128512819200
(0, 0, 1) (0, 1, 0, 2) ((0, 2), (1, 1), (1, 2)) aut=2 h1=1 #W=7 contrib=-8590212717133237/14866359150182400
(0, 0, 1) (0, 1, 0, 2) ((0, 2), (1, 2), (1, 2)) aut=2 h1=1 #W=7 contrib=-173477359932264643/17344085675212800
(0, 0, 1) (0, 2, 0, 1) ((0, 0), (0, 1), (1, 2)) aut=2 h1=1 #W=7 contrib=-496190472761903/1858294893772800
(0, 0, 1) (0, 2, 0, 1) ((0, 1), (0, 1), (0, 2)) aut=2 h1=1 #W=7 contrib=251993052778806601/26016128512819200
(0, 0, 1) (0, 2, 0, 1) ((0, 1), (0, 2), (1, 2)) aut=1 h1=1 #W=7 contrib=-5873326624490527/7433179575091200
(0, 0, 1) (0, 2, 0, 1) ((0, 1), (0, 2), (1, 1)) aut=2 h1=1 #W=7 contrib=4407998333051479/14866359150182400
(0, 0, 1) (0, 2, 0, 1) ((0, 2), (1, 2), (1, 2)) aut=2 h1=1 #W=7 contrib=16950251740049231/2477726525030400
(0, 0, 1) (0, 2, 0, 1) ((0, 2), (1, 1), (1, 2)) aut=2 h1=1 #W=7 contrib=-12119729687518597/14866359150182400
(0, 0, 1) (0, 2, 0, 1) ((0, 1), (0, 1), (1, 2)) aut=2 h1=1 #W=7 contrib=-49670188940826203/13008064256409600
(0, 0, 1) (0, 2, 0, 1) ((0, 1), (1, 2), (2, 2)) aut=2 h1=1 #W=7 contrib=43398002634268837/26016128512819200
(0, 0, 1) (0, 2, 0, 1) ((0, 1), (1, 2), (1, 2)) aut=2 h1=1 #W=7 contrib=61331611922274511/26016128512819200
(0, 0, 1) (0, 2, 0, 1) ((0, 1), (1, 1), (1, 2)) aut=2 h1=1 #W=7 contrib=-6061779158728007/7433179575091200
(0, 0, 1) (1, 2, 1, 0) ((0, 1), (0, 2), (1, 2)) aut=1 h1=1 #W=7 contrib=-5873326624490527/7433179575091200
(0, 0, 1) (1, 2, 1, 0) ((0, 2), (0, 2), (1, 2)) aut=2 h1=1 #W=7 contrib=16950251740049231/2477726525030400
(0, 0, 1) (1, 2, 1, 0) ((0, 0), (0, 2), (1, 2)) aut=2 h1=1 #W=7 contrib=-12119729687518597/14866359150182400
(0, 0, 1) (1, 2, 1, 0) ((0, 1), (0, 2), (2, 2)) aut=2 h1=1 #W=7 contrib=43398002634268837/26016128512819200
(0, 0, 1) (1, 2, 1, 0) ((0, 1), (0, 2), (0, 2)) aut=2 h1=1 #W=7 contrib=61331611922274511/26016128512819200
(0, 0, 1) (0, 1, 1, 0) ((0, 0), (0, 1), (0, 2)) aut=2 h1=1 #W=7 contrib=7442658405037/3611846246400
(0, 0, 1) (0, 1, 1, 0) ((0, 0), (0, 1), (1, 2)) aut=2 h1=1 #W=7 contrib=7045291167703/43342154956800
(0, 0, 1) (0, 1, 1, 0) ((0, 0), (0, 2), (1, 2)) aut=2 h1=1 #W=7 contrib=18990220551186641/14866359150182400
(0, 0, 1) (0, 1, 1, 0) ((0, 1), (0, 1), (0, 2)) aut=2 h1=1 #W=7 contrib=235685944719199/21671077478400
(0, 0, 1) (0, 1, 1, 0) ((0, 1), (0, 1), (1, 2)) aut=2 h1=1 #W=7 contrib=207268561943479/21671077478400
(0, 0, 1) (0, 1, 1, 0) ((0, 1), (0, 2), (0, 2)) aut=2 h1=1 #W=7 contrib=37279989581706353/3468817135042560
(0, 0, 1) (0, 1, 1, 0) ((0, 1), (0, 2), (1, 1)) aut=2 h1=1 #W=7 contrib=9633363043543/43342154956800
(0, 0, 1) (0, 1, 1, 0) ((0, 1), (0, 2), (1, 2)) aut=1 h1=1 #W=7 contrib=-722836091819977/929147446886400
(0, 0, 1) (0, 1, 1, 0) ((0, 1), (0, 2), (2, 2)) aut=2 h1=1 #W=7 contrib=-15061410231349/6191736422400
(0, 0, 1) (0, 1, 1, 0) ((0, 1), (1, 1), (1, 2)) aut=2 h1=1 #W=7 contrib=8010409083337/3611846246400
(0, 0, 1) (0, 1, 1, 0) ((0, 1), (1, 2), (1, 2)) aut=2 h1=1 #W=7 contrib=34263237221574689/3468817135042560
(0, 0, 1) (0, 1, 1, 0) ((0, 1), (1, 2), (2, 2)) aut=2 h1=1 #W=7 contrib=-15759012525349/6191736422400
(0, 0, 1) (0, 1, 1, 0) ((0, 2), (0, 2), (1, 2)) aut=2 h1=1 #W=7 contrib=900336355631271793/52032257025638400
(0, 0, 1) (0, 1, 1, 0) ((0, 2), (1, 1), (1, 2)) aut=2 h1=1 #W=7 contrib=25480699954400561/14866359150182400
(0, 0, 1) (0, 1, 1, 0) ((0, 2), (1, 2), (1, 2)) aut=2 h1=1 #W=7 contrib=493591593474094393/52032257025638400
(0, 0, 1) (0, 1, 1, 0) ((0, 2), (1, 2), (2, 2)) aut=2 h1=1 #W=7 contrib=-197581494372909463/52032257025638400
(0, 0, 1) (0, 2, 2, 0) ((0, 1), (0, 2), (1, 1)) aut=2 h1=1 #W=7 contrib=-54464145889/321052999680
(0, 0, 1) (0, 2, 2, 0) ((0, 2), (1, 1), (1, 2)) aut=2 h1=1 #W=7 contrib=34042098536233/151697542348800
(0, 0, 1) (0, 2, 2, 0) ((0, 1), (0, 1), (1, 2)) aut=2 h1=1 #W=7 contrib=-50584299883/578136189173760
(0, 0, 1) (0, 2, 2, 0) ((0, 1), (1, 2), (1, 2)) aut=2 h1=1 #W=7 contrib=-236391438934514537/52032257025638400
(0, 0, 1) (0, 2, 2, 0) ((0, 1), (1, 1), (1, 2)) aut=2 h1=1 #W=7 contrib=26304206627969/330363536670720
(0, 0, 1) (1, 2, 2, 1) ((0, 0), (0, 1), (1, 2)) aut=2 h1=1 #W=7 contrib=-54464145889/321052999680
(0, 0, 1) (1, 2, 2, 1) ((0, 0), (0, 2), (1, 2)) aut=2 h1=1 #W=7 contrib=34042098536233/151697542348800
(0, 0, 1) (1, 2, 2, 1) ((0, 1), (0, 1), (0, 2)) aut=2 h1=1 #W=7 contrib=-50584299883/578136189173760
(0, 0, 1) (1, 2, 2, 1) ((0, 1), (0, 2), (0, 2)) aut=2 h1=1 #W=7 contrib=-236391438934514537/52032257025638400
(0, 0, 1) (1, 2, 2, 1) ((0, 0), (0, 1), (0, 2)) aut=2 h1=1 #W=7 contrib=26304206627969/330363536670720
(0, 0, 1) (0, 1, 1, 1) ((0, 0), (0, 1), (0, 2)) aut=2 h1=1 #W=7 contrib=2094231159791/3095868211200
(0, 0, 1) (0, 1, 1, 1) ((0, 0), (0, 1), (1, 2)) aut=2 h1=1 #W=7 contrib=409014640477/386983526400
(0, 0, 1) (0, 1, 1, 1) ((0, 0), (0, 2), (1, 2)) aut=2 h1=1 #W=7 contrib=3986710676827829/3716589787545600
(0, 0, 1) (0, 1, 1, 1) ((0, 1), (0, 1), (0, 2)) aut=2 h1=1 #W=7 contrib=-78804362445947/21671077478400
(0, 0, 1) (0, 1, 1, 1) ((0, 1), (0, 1), (1, 2)) aut=2 h1=1 #W=7 contrib=-945367618349/257989017600
(0, 0, 1) (0, 1, 1, 1) ((0, 1), (0, 2), (0, 2)) aut=2 h1=1 #W=7 contrib=-11876692318683413/1061882796441600
(0, 0, 1) (0, 1, 1, 1) ((0, 1), (0, 2), (1, 1)) aut=2 h1=1 #W=7 contrib=-5294222063/27518828544
(0, 0, 1) (0, 1, 1, 1) ((0, 1), (0, 2), (1, 2)) aut=1 h1=1 #W=7 contrib=-4745015887815547/1927120630579200
(0, 0, 1) (0, 1, 1, 1) ((0, 1), (0, 2), (2, 2)) aut=2 h1=1 #W=7 contrib=-48862303889/27518828544
(0, 0, 1) (0, 1, 1, 1) ((0, 2), (0, 2), (1, 2)) aut=2 h1=1 #W=7 contrib=-12477091569510457/7433179575091200
(0, 0, 1) (0, 2, 2, 2) ((0, 1), (0, 2), (1, 1)) aut=2 h1=1 #W=7 contrib=186417274537/361184624640
(0, 0, 1) (0, 2, 2, 2) ((0, 1), (0, 1), (1, 2)) aut=2 h1=1 #W=7 contrib=-80345845325447/17698046607360
(0, 0, 1) (1, 2, 2, 2) ((0, 0), (0, 1), (1, 2)) aut=2 h1=1 #W=7 contrib=186417274537/361184624640
(0, 0, 1) (1, 2, 2, 2) ((0, 0), (0, 2), (1, 2)) aut=2 h1=1 #W=7 contrib=0
(0, 0, 1) (1, 2, 2, 2) ((0, 1), (0, 1), (0, 2)) aut=2 h1=1 #W=7 contrib=-80345845325447/17698046607360
(0, 0, 1) (1, 2, 2, 2) ((0, 1), (0, 2), (0, 2)) aut=2 h1=1 #W=7 contrib=0
(0, 0, 1) (1, 2, 2, 2) ((0, 0), (0, 1), (0, 2)) aut=2 h1=1 #W=7 contrib=0
(0, 0, 1) (0, 1, 1, 2) ((0, 0), (0, 1), (0, 2)) aut=2 h1=1 #W=7 contrib=-6043737306496187/7433179575091200
(0, 0, 1) (0, 1, 1, 2) ((0, 0), (0, 1), (1, 2)) aut=2 h1=1 #W=7 contrib=-1432808058656423/2123765592883200
(0, 0, 1) (0, 1, 1, 2) ((0, 0), (0, 2), (1, 2)) aut=2 h1=1 #W=7 contrib=-8381708976684517/14866359150182400
(0, 0, 1) (0, 1, 1, 2) ((0, 1), (0, 1), (0, 2)) aut=2 h1=1 #W=7 contrib=-75057660878916263/13008064256409600
(0, 0, 1) (0, 1, 1, 2) ((0, 1), (0, 1), (1, 2)) aut=2 h1=1 #W=7 contrib=52363863918667951/26016128512819200
(0, 0, 1) (0, 1, 1, 2) ((0, 1), (0, 2), (0, 2)) aut=2 h1=1 #W=7 contrib=-185809981812767189/26016128512819200
(0, 0, 1) (0, 1, 1, 2) ((0, 1), (0, 2), (1, 1)) aut=2 h1=1 #W=7 contrib=-787389353438243/1858294893772800
(0, 0, 1) (0, 1, 1, 2) ((0, 1), (0, 2), (1, 2)) aut=1 h1=1 #W=7 contrib=-3494080850192089/52032257025638400
(0, 0, 1) (0, 1, 1, 2) ((0, 1), (0, 2), (2, 2)) aut=2 h1=1 #W=7 contrib=51576734242230367/26016128512819200
(0, 0, 1) (0, 1, 1, 2) ((0, 2), (0, 2), (1, 2)) aut=2 h1=1 #W=7 contrib=-330442068665324803/17344085675212800
(0, 0, 1) (0, 2, 2, 1) ((0, 0), (0, 1), (1, 2)) aut=2 h1=1 #W=7 contrib=-40990391/2247370997760
(0, 0, 1) (0, 2, 2, 1) ((0, 1), (0, 1), (0, 2)) aut=2 h1=1 #W=7 contrib=-1156853575793989/1156272378347520
(0, 0, 1) (0, 2, 2, 1) ((0, 1), (0, 2), (1, 2)) aut=1 h1=1 #W=7 contrib=-2613364834274423/3716589787545600
(0, 0, 1) (0, 2, 2, 1) ((0, 1), (0, 2), (1, 1)) aut=2 h1=1 #W=7 contrib=629459729/110121178890240
(0, 0, 1) (0, 2, 2, 1) ((0, 1), (0, 1), (1, 2)) aut=2 h1=1 #W=7 contrib=1725506887791551/1156272378347520
(0, 0, 1) (1, 2, 2, 0) ((0, 1), (0, 2), (1, 1)) aut=2 h1=1 #W=7 contrib=-40990391/2247370997760
(0, 0, 1) (1, 2, 2, 0) ((0, 1), (0, 1), (1, 2)) aut=2 h1=1 #W=7 contrib=-1156853575793989/1156272378347520
(0, 0, 1) (1, 2, 2, 0) ((0, 1), (0, 2), (1, 2)) aut=1 h1=1 #W=7 contrib=-2613364834274423/3716589787545600
(0, 0, 1) (1, 2, 2, 0) ((0, 0), (0, 1), (1, 2)) aut=2 h1=1 #W=7 contrib=629459729/110121178890240
(0, 0, 1) (1, 2, 2, 0) ((0, 2), (0, 2), (1, 2)) aut=2 h1=1 #W=7 contrib=0
(0, 0, 1) (1, 2, 2, 0) ((0, 0), (0, 2), (1, 2)) aut=2 h1=1 #W=7 contrib=0
(0, 0, 1) (1, 2, 2, 0) ((0, 1), (0, 1), (0, 2)) aut=2 h1=1 #W=7 contrib=1725506887791551/1156272378347520
(0, 0, 1) (1, 2, 2, 0) ((0, 1), (0, 2), (2, 2)) aut=2 h1=1 #W=7 contrib=0
(0, 0, 1) (1, 2, 2, 0) ((0, 1), (0, 2), (0, 2)) aut=2 h1=1 #W=7 contrib=0
(0, 0, 1) (1, 2, 2, 0) ((0, 0), (0, 1), (0, 2)) aut=2 h1=1 #W=7 contrib=0
(0, 0, 1) (0, 1, 2, 0) ((0, 0), (0, 1), (1, 2)) aut=2 h1=1 #W=7 contrib=-727053226959083/1858294893772800
(0, 0, 1) (0, 1, 2, 0) ((0, 1), (0, 1), (0, 2)) aut=2 h1=1 #W=7 contrib=150900759855633031/26016128512819200
(0, 0, 1) (0, 1, 2, 0) ((0, 1), (0, 1), (1, 2)) aut=2 h1=1 #W=7 contrib=-64371396238397033/13008064256409600
(0, 0, 1) (0, 1, 2, 0) ((0, 1), (0, 2), (1, 1)) aut=2 h1=1 #W=7 contrib=-4930021423005521/14866359150182400
(0, 0, 1) (0, 1, 2, 0) ((0, 1), (0, 2), (1, 2)) aut=1 h1=1 #W=7 contrib=14651827263252551/52032257025638400
(0, 0, 1) (0, 1, 2, 0) ((0, 1), (1, 1), (1, 2)) aut=2 h1=1 #W=7 contrib=-6390912608555627/7433179575091200
(0, 0, 1) (0, 1, 2, 0) ((0, 1), (1, 2), (1, 2)) aut=2 h1=1 #W=7 contrib=-173884394092104989/26016128512819200
(0, 0, 1) (0, 1, 2, 0) ((0, 1), (1, 2), (2, 2)) aut=2 h1=1 #W=7 contrib=51576734242230367/26016128512819200
(0, 0, 1) (0, 1, 2, 0) ((0, 2), (1, 1), (1, 2)) aut=2 h1=1 #W=7 contrib=-8590212717133237/14866359150182400
(0, 0, 1) (0, 1, 2, 0) ((0, 2), (1, 2), (1, 2)) aut=2 h1=1 #W=7 contrib=-173477359932264643/17344085675212800
(0, 0, 1) (0, 2, 1, 0) ((0, 0), (0, 1), (1, 2)) aut=2 h1=1 #W=7 contrib=-496190472761903/1858294893772800
(0, 0, 1) (0, 2, 1, 0) ((0, 1), (0, 1), (0, 2)) aut=2 h1=1 #W=7 contrib=251993052778806601/26016128512819200
(0, 0, 1) (0, 2, 1, 0) ((0, 1), (0, 2), (1, 2)) aut=1 h1=1 #W=7 contrib=-5873326624490527/7433179575091200
(0, 0, 1) (0, 2, 1, 0) ((0, 1), (0, 2), (1, 1)) aut=2 h1=1 #W=7 contrib=4407998333051479/14866359150182400
(0, 0, 1) (0, 2, 1, 0) ((0, 2), (1, 2), (1, 2)) aut=2 h1=1 #W=7 contrib=16950251740049231/2477726525030400
(0, 0, 1) (0, 2, 1, 0) ((0, 2), (1, 1), (1, 2)) aut=2 h1=1 #W=7 contrib=-12119729687518597/14866359150182400
(0, 0, 1) (0, 2, 1, 0) ((0, 1), (0, 1), (1, 2)) aut=2 h1=1 #W=7 contrib=-49670188940826203/13008064256409600
(0, 0, 1) (0, 2, 1, 0) ((0, 1), (1, 2), (2, 2)) aut=2 h1=1 #W=7 contrib=43398002634268837/26016128512819200
(0, 0, 1) (0, 2, 1, 0) ((0, 1), (1, 2), (1, 2)) aut=2 h1=1 #W=7 contrib=61331611922274511/26016128512819200
(0, 0, 1) (0, 2, 1, 0) ((0, 1), (1, 1), (1, 2)) aut=2 h1=1 #W=7 contrib=-6061779158728007/7433179575091200
(0, 0, 1) (1, 2, 0, 1) ((0, 1), (0, 2), (1, 2)) aut=1 h1=1 #W=7 contrib=-5873326624490527/7433179575091200
(0, 0, 1) (1, 2, 0, 1) ((0, 2), (0, 2), (1, 2)) aut=2 h1=1 #W=7 contrib=16950251740049231/2477726525030400
(0, 0, 1) (1, 2, 0, 1) ((0, 0), (0, 2), (1, 2)) aut=2 h1=1 #W=7 contrib=-12119729687518597/14866359150182400
(0, 0, 1) (1, 2, 0, 1) ((0, 1), (0, 2), (2, 2)) aut=2 h1=1 #W=7 contrib=43398002634268837/26016128512819200
(0, 0, 1) (1, 2, 0, 1) ((0, 1), (0, 2), (0, 2)) aut=2 h1=1 #W=7 contrib=61331611922274511/26016128512819200
(0, 0, 1) (0, 1, 2, 1) ((0, 0), (0, 1), (0, 2)) aut=2 h1=1 #W=7 contrib=-6043737306496187/7433179575091200
(0, 0, 1) (0, 1, 2, 1) ((0, 0), (0, 1), (1, 2)) aut=2 h1=1 #W=7 contrib=-1432808058656423/2123765592883200
(0, 0, 1) (0, 1, 2, 1) ((0, 0), (0, 2), (1, 2)) aut=2 h1=1 #W=7 contrib=-8381708976684517/14866359150182400
(0, 0, 1) (0, 1, 2, 1) ((0, 1), (0, 1), (0, 2)) aut=2 h1=1 #W=7 contrib=-75057660878916263/13008064256409600
(0, 0, 1) (0, 1, 2, 1) ((0, 1), (0, 1), (1, 2)) aut=2 h1=1 #W=7 contrib=52363863918667951/26016128512819200
(0, 0, 1) (0, 1, 2, 1) ((0, 1), (0, 2), (0, 2)) aut=2 h1=1 #W=7 contrib=-185809981812767189/26016128512819200
(0, 0, 1) (0, 1, 2, 1) ((0, 1), (0, 2), (1, 1)) aut=2 h1=1 #W=7 contrib=-787389353438243/1858294893772800
(0, 0, 1) (0, 1, 2, 1) ((0, 1), (0, 2), (1, 2)) aut=1 h1=1 #W=7 contrib=-3494080850192089/52032257025638400
(0, 0, 1) (0, 1, 2, 1) ((0, 1), (0, 2), (2, 2)) aut=2 h1=1 #W=7 contrib=51576734242230367/26016128512819200
(0, 0, 1) (0, 1, 2, 1) ((0, 2), (0, 2), (1, 2)) aut=2 h1=1 #W=7 contrib=-330442068665324803/17344085675212800
(0, 0, 1) (0, 2, 1, 2) ((0, 0), (0, 1), (1, 2)) aut=2 h1=1 #W=7 contrib=-40990391/2247370997760
(0, 0, 1) (0, 2, 1, 2) ((0, 1), (0, 1), (0, 2)) aut=2 h1=1 #W=7 contrib=-1156853575793989/1156272378347520
(0, 0, 1) (0, 2, 1, 2) ((0, 1), (0, 2), (1, 2)) aut=1 h1=1 #W=7 contrib=-2613364834274423/3716589787545600
(0, 0, 1) (0, 2, 1, 2) ((0, 1), (0, 2), (1, 1)) aut=2 h1=1 #W=7 contrib=629459729/110121178890240
(0, 0, 1) (0, 2, 1, 2) ((0, 1), (0, 1), (1, 2)) aut=2 h1=1 #W=7 contrib=1725506887791551/1156272378347520
(0, 0, 1) (1, 2, 0, 2) ((0, 1), (0, 2), (1, 1)) aut=2 h1=1 #W=7 contrib=-40990391/2247370997760
(0, 0, 1) (1, 2, 0, 2) ((0, 1), (0, 1), (1, 2)) aut=2 h1=1 #W=7 contrib=-1156853575793989/1156272378347520
(0, 0, 1) (1, 2, 0, 2) ((0, 1), (0, 2), (1, 2)) aut=1 h1=1 #W=7 contrib=-2613364834274423/3716589787545600
(0, 0, 1) (1, 2, 0, 2) ((0, 0), (0, 1), (1, 2)) aut=2 h1=1 #W=7 contrib=629459729/110121178890240
(0, 0, 1) (1, 2, 0, 2) ((0, 2), (0, 2), (1, 2)) aut=2 h1=1 #W=7 contrib=0
(0, 0, 1) (1, 2, 0, 2) ((0, 0), (0, 2), (1, 2)) aut=2 h1=1 #W=7 contrib=0
(0, 0, 1) (1, 2, 0, 2) ((0, 1), (0, 1), (0, 2)) aut=2 h1=1 #W=7 contrib=1725506887791551/1156272378347520
(0, 0, 1) (1, 2, 0, 2) ((0, 1), (0, 2), (2, 2)) aut=2 h1=1 #W=7 contrib=0
(0, 0, 1) (1, 2, 0, 2) ((0, 1), (0, 2), (0, 2)) aut=2 h1=1 #W=7 contrib=0
(0, 0, 1) (1, 2, 0, 2) ((0, 0), (0, 1), (0, 2)) aut=2 h1=1 #W=7 contrib=0
(0, 0, 1) (0, 1, 2, 2) ((0, 0), (0, 1), (1, 2)) aut=2 h1=1 #W=7 contrib=188777496661/449474199552
(0, 0, 1) (0, 1, 2, 2) ((0, 1), (0, 1), (0, 2)) aut=2 h1=1 #W=7 contrib=-74416911548719/42824902901760
(0, 0, 1) (0, 1, 2, 2) ((0, 1), (0, 1), (1, 2)) aut=2 h1=1 #W=7 contrib=-133179284864389/128474708705280
(0, 0, 1) (0, 1, 2, 2) ((0, 1), (0, 2), (1, 1)) aut=2 h1=1 #W=7 contrib=1697468907223/7341411926016
(0, 0, 1) (0, 1, 2, 2) ((0, 1), (0, 2), (1, 2)) aut=1 h1=1 #W=7 contrib=1568142285917617/3716589787545600
(0, 0, 1) (0, 2, 1, 1) ((0, 0), (0, 1), (0, 2)) aut=2 h1=1 #W=7 contrib=-1663064632098047/7433179575091200
(0, 0, 1) (0, 2, 1, 1) ((0, 0), (0, 2), (1, 2)) aut=2 h1=1 #W=7 contrib=-1393308417017611/2123765592883200
(0, 0, 1) (0, 2, 1, 1) ((0, 0), (0, 1), (1, 2)) aut=2 h1=1 #W=7 contrib=-1173160246776743/2123765592883200
(0, 0, 1) (0, 2, 1, 1) ((0, 1), (0, 2), (0, 2)) aut=2 h1=1 #W=7 contrib=-2511754717053629/3716589787545600
(0, 0, 1) (0, 2, 1, 1) ((0, 2), (0, 2), (1, 2)) aut=2 h1=1 #W=7 contrib=-6937314371595043/1927120630579200
(0, 0, 1) (0, 2, 1, 1) ((0, 1), (0, 1), (0, 2)) aut=2 h1=1 #W=7 contrib=-21794230984558309/6504032128204800
(0, 0, 1) (0, 2, 1, 1) ((0, 1), (0, 2), (2, 2)) aut=2 h1=1 #W=7 contrib=20755566477259009/26016128512819200
(0, 0, 1) (0, 2, 1, 1) ((0, 1), (0, 2), (1, 2)) aut=1 h1=1 #W=7 contrib=55117952031236951/52032257025638400
(0, 0, 1) (0, 2, 1, 1) ((0, 1), (0, 2), (1, 1)) aut=2 h1=1 #W=7 contrib=-414482870238233/1858294893772800
(0, 0, 1) (0, 2, 1, 1) ((0, 1), (0, 1), (1, 2)) aut=2 h1=1 #W=7 contrib=-9057814080858659/26016128512819200
(0, 0, 1) (1, 2, 0, 0) ((0, 2), (1, 1), (1, 2)) aut=2 h1=1 #W=7 contrib=-1393308417017611/2123765592883200
(0, 0, 1) (1, 2, 0, 0) ((0, 1), (1, 2), (1, 2)) aut=2 h1=1 #W=7 contrib=-2511754717053629/3716589787545600
(0, 0, 1) (1, 2, 0, 0) ((0, 2), (1, 2), (1, 2)) aut=2 h1=1 #W=7 contrib=-6937314371595043/1927120630579200
(0, 0, 1) (1, 2, 0, 0) ((0, 1), (1, 2), (2, 2)) aut=2 h1=1 #W=7 contrib=20755566477259009/26016128512819200
(0, 0, 1) (1, 2, 0, 0) ((0, 1), (0, 2), (1, 2)) aut=1 h1=1 #W=7 contrib=55117952031236951/52032257025638400
(0, 0, 1) (1, 2, 0, 0) ((0, 2), (1, 2), (2, 2)) aut=2 h1=1 #W=7 contrib=0
(0, 0, 1) (1, 2, 0, 0) ((0, 2), (0, 2), (1, 2)) aut=2 h1=1 #W=7 contrib=0
(0, 0, 1) (1, 2, 0, 0) ((0, 0), (0, 2), (1, 2)) aut=2 h1=1 #W=7 contrib=0
(0, 0, 1) (1, 2, 0, 0) ((0, 1), (0, 2), (2, 2)) aut=2 h1=1 #W=7 contrib=0
(0, 0, 1) (1, 2, 0, 0) ((0, 1), (0, 2), (0, 2)) aut=2 h1=1 #W=7 contrib=0
(0, 0, 1) (1, 0, 1, 1) ((0, 2), (0, 2), (1, 2)) aut=2 h1=1 #W=7 contrib=-37419891142430959/52032257025638400
(0, 0, 1) (1, 0, 1, 1) ((0, 1), (0, 2), (2, 2)) aut=2 h1=1 #W=7 contrib=-13207075529/27518828544
(0, 0, 1) (1, 0, 1, 2) ((0, 1), (0, 2), (1, 2)) aut=1 h1=1 #W=7 contrib=14651827263252551/52032257025638400
(0, 0, 1) (1, 0, 1, 2) ((0, 2), (0, 2), (1, 2)) aut=2 h1=1 #W=7 contrib=-173477359932264643/17344085675212800
(0, 0, 1) (1, 0, 1, 2) ((0, 0), (0, 2), (1, 2)) aut=2 h1=1 #W=7 contrib=-8590212717133237/14866359150182400
(0, 0, 1) (1, 0, 1, 2) ((0, 1), (0, 2), (2, 2)) aut=2 h1=1 #W=7 contrib=51576734242230367/26016128512819200
(0, 0, 1) (1, 0, 1, 2) ((0, 1), (0, 2), (0, 2)) aut=2 h1=1 #W=7 contrib=-173884394092104989/26016128512819200
(0, 0, 1) (1, 0, 1, 0) ((0, 2), (1, 2), (1, 2)) aut=2 h1=1 #W=7 contrib=900336355631271793/52032257025638400
(0, 0, 1) (1, 0, 1, 0) ((0, 1), (1, 2), (2, 2)) aut=2 h1=1 #W=7 contrib=-15061410231349/6191736422400
(0, 0, 1) (1, 0, 1, 0) ((0, 2), (1, 2), (2, 2)) aut=2 h1=1 #W=7 contrib=-197581494372909463/52032257025638400
(0, 0, 1) (1, 0, 1, 0) ((0, 2), (0, 2), (1, 2)) aut=2 h1=1 #W=7 contrib=493591593474094393/52032257025638400
(0, 0, 1) (1, 0, 1, 0) ((0, 1), (0, 2), (2, 2)) aut=2 h1=1 #W=7 contrib=-15759012525349/6191736422400
(0, 0, 1) (1, 0, 2, 1) ((0, 1), (0, 2), (1, 2)) aut=1 h1=1 #W=7 contrib=14651827263252551/52032257025638400
(0, 0, 1) (1, 0, 2, 1) ((0, 2), (0, 2), (1, 2)) aut=2 h1=1 #W=7 contrib=-173477359932264643/17344085675212800
(0, 0, 1) (1, 0, 2, 1) ((0, 0), (0, 2), (1, 2)) aut=2 h1=1 #W=7 contrib=-8590212717133237/14866359150182400
(0, 0, 1) (1, 0, 2, 1) ((0, 1), (0, 2), (2, 2)) aut=2 h1=1 #W=7 contrib=51576734242230367/26016128512819200
(0, 0, 1) (1, 0, 2, 1) ((0, 1), (0, 2), (0, 2)) aut=2 h1=1 #W=7 contrib=-173884394092104989/26016128512819200
(0, 0, 1) (1, 0, 2, 2) ((0, 1), (0, 2), (1, 1)) aut=2 h1=1 #W=7 contrib=188777496661/449474199552
(0, 0, 1) (1, 0, 2, 2) ((0, 1), (0, 1), (1, 2)) aut=2 h1=1 #W=7 contrib=-74416911548719/42824902901760
(0, 0, 1) (1, 0, 2, 2) ((0, 1), (0, 2), (1, 2)) aut=1 h1=1 #W=7 contrib=1568142285917617/3716589787545600
(0, 0, 1) (1, 0, 2, 2) ((0, 0), (0, 1), (1, 2)) aut=2 h1=1 #W=7 contrib=1697468907223/7341411926016
(0, 0, 1) (1, 0, 2, 2) ((0, 2), (0, 2), (1, 2)) aut=2 h1=1 #W=7 contrib=0
(0, 0, 1) (1, 0, 2, 2) ((0, 0), (0, 2), (1, 2)) aut=2 h1=1 #W=7 contrib=0
(0, 0, 1) (1, 0, 2, 2) ((0, 1), (0, 1), (0, 2)) aut=2 h1=1 #W=7 contrib=-133179284864389/128474708705280
(0, 0, 1) (1, 0, 2, 2) ((0, 1), (0, 2), (2, 2)) aut=2 h1=1 #W=7 contrib=0
(0, 0, 1) (1, 0, 2, 2) ((0, 1), (0, 2), (0, 2)) aut=2 h1=1 #W=7 contrib=0
(0, 0, 1) (1, 0, 2, 2) ((0, 0), (0, 1), (0, 2)) aut=2 h1=1 #W=7 contrib=0
(0, 0, 1) (1, 0, 2, 0) ((0, 2), (1, 1), (1, 2)) aut=2 h1=1 #W=7 contrib=-8381708976684517/14866359150182400
(0, 0, 1) (1, 0, 2, 0) ((0, 1), (1, 2), (1, 2)) aut=2 h1=1 #W=7 contrib=-185809981812767189/26016128512819200
(0, 0, 1) (1, 0, 2, 0) ((0, 2), (1, 2), (1, 2)) aut=2 h1=1 #W=7 contrib=-330442068665324803/17344085675212800
(0, 0, 1) (1, 0, 2, 0) ((0, 1), (1, 2), (2, 2)) aut=2 h1=1 #W=7 contrib=51576734242230367/26016128512819200
(0, 0, 1) (1, 0, 2, 0) ((0, 1), (0, 2), (1, 2)) aut=1 h1=1 #W=7 contrib=-3494080850192089/52032257025638400
(0, 0, 1) (1, 0, 2, 0) ((0, 2), (1, 2), (2, 2)) aut=2 h1=1 #W=7 contrib=0
(0, 0, 1) (1, 0, 2, 0) ((0, 2), (0, 2), (1, 2)) aut=2 h1=1 #W=7 contrib=0
(0, 0, 1) (1, 0, 2, 0) ((0, 0), (0, 2), (1, 2)) aut=2 h1=1 #W=7 contrib=0
(0, 0, 1) (1, 0, 2, 0) ((0, 1), (0, 2), (2, 2)) aut=2 h1=1 #W=7 contrib=0
(0, 0, 1) (1, 0, 2, 0) ((0, 1), (0, 2), (0, 2)) aut=2 h1=1 #W=7 contrib=0
(0, 0, 1) (1, 0, 0, 1) ((0, 2), (1, 2), (1, 2)) aut=2 h1=1 #W=7 contrib=900336355631271793/52032257025638400
(0, 0, 1) (1, 0, 0, 1) ((0, 1), (1, 2), (2, 2)) aut=2 h1=1 #W=7 contrib=-15061410231349/6191736422400
(0, 0, 1) (1, 0, 0, 1) ((0, 2), (1, 2), (2, 2)) aut=2 h1=1 #W=7 contrib=-197581494372909463/52032257025638400
(0, 0, 1) (1, 0, 0, 1) ((0, 2), (0, 2), (1, 2)) aut=2 h1=1 #W=7 contrib=493591593474094393/52032257025638400
(0, 0, 1) (1, 0, 0, 1) ((0, 1), (0, 2), (2, 2)) aut=2 h1=1 #W=7 contrib=-15759012525349/6191736422400
(0, 0, 1) (1, 0, 0, 2) ((0, 2), (1, 1), (1, 2)) aut=2 h1=1 #W=7 contrib=-8381708976684517/14866359150182400
(0, 0, 1) (1, 0, 0, 2) ((0, 1), (1, 2), (1, 2)) aut=2 h1=1 #W=7 contrib=-185809981812767189/26016128512819200
(0, 0, 1) (1, 0, 0, 2) ((0, 2), (1, 2), (1, 2)) aut=2 h1=1 #W=7 contrib=-330442068665324803/17344085675212800
(0, 0, 1) (1, 0, 0, 2) ((0, 1), (1, 2), (2, 2)) aut=2 h1=1 #W=7 contrib=51576734242230367/26016128512819200
(0, 0, 1) (1, 0, 0, 2) ((0, 1), (0, 2), (1, 2)) aut=1 h1=1 #W=7 contrib=-3494080850192089/52032257025638400
(0, 0, 1) (1, 0, 0, 2) ((0, 2), (1, 2), (2, 2)) aut=2 h1=1 #W=7 contrib=0
(0, 0, 1) (1, 0, 0, 2) ((0, 2), (0, 2), (1, 2)) aut=2 h1=1 #W=7 contrib=0
(0, 0, 1) (1, 0, 0, 2) ((0, 0), (0, 2), (1, 2)) aut=2 h1=1 #W=7 contrib=0
(0, 0, 1) (1, 0, 0, 2) ((0, 1), (0, 2), (2, 2)) aut=2 h1=1 #W=7 contrib=0
(0, 0, 1) (1, 0, 0, 2) ((0, 1), (0, 2), (0, 2)) aut=2 h1=1 #W=7 contrib=0
(0, 0, 1) (1, 0, 0, 0) ((0, 2), (1, 2), (1, 2)) aut=2 h1=1 #W=7 contrib=-12477091569510457/7433179575091200
(0, 0, 1) (1, 0, 0, 0) ((0, 1), (1, 2), (2, 2)) aut=2 h1=1 #W=7 contrib=-48862303889/27518828544
(0, 0, 1) (1, 0, 0, 0) ((0, 2), (1, 2), (2, 2)) aut=2 h1=1 #W=7 contrib=0
(0, 0, 1) (1, 0, 0, 0) ((0, 2), (0, 2), (1, 2)) aut=2 h1=1 #W=7 contrib=0
(0, 0, 1) (1, 0, 0, 0) ((0, 1), (0, 2), (2, 2)) aut=2 h1=1 #W=7 contrib=0
(0, 0, 1) (0, 2, 2, 2) ((0, 2), (1, 1), (1, 2)) aut=2 h1=1 #W=7 contrib=0
(0, 0, 1) (0, 2, 2, 2) ((0, 1), (1, 2), (1, 2)) aut=2 h1=1 #W=7 contrib=0
(0, 0, 1) (0, 2, 2, 2) ((0, 1), (1, 1), (1, 2)) aut=2 h1=1 #W=7 contrib=0
(0, 0, 1) (0, 2, 2, 1) ((0, 1), (1, 2), (2, 2)) aut=2 h1=1 #W=7 contrib=0
(0, 0, 1) (0, 2, 2, 1) ((0, 2), (1, 2), (1, 2)) aut=2 h1=1 #W=7 contrib=0
(0, 0, 1) (0, 2, 2, 1) ((0, 2), (1, 1), (1, 2)) aut=2 h1=1 #W=7 contrib=0
(0, 0, 1) (0, 2, 2, 1) ((0, 1), (1, 2), (1, 2)) aut=2 h1=1 #W=7 contrib=0
(0, 0, 1) (0, 2, 2, 1) ((0, 1), (1, 1), (1, 2)) aut=2 h1=1 #W=7 contrib=0
(0, 0, 1) (1, 2, 1, 1) ((0, 0), (0, 1), (1, 2)) aut=2 h1=1 #W=7 contrib=190601507333107/151697542348800
(0, 0, 1) (1, 2, 1, 1) ((0, 1), (0, 1), (0, 2)) aut=2 h1=1 #W=7 contrib=445073140276033/232286861721600
(0, 0, 1) (1, 2, 1, 1) ((0, 0), (0, 1), (0, 2)) aut=2 h1=1 #W=7 contrib=-1782553708747031/14866359150182400
(0, 0, 1) (1, 2, 1, 0) ((0, 1), (0, 1), (1, 2)) aut=2 h1=1 #W=7 contrib=251993052778806601/26016128512819200
(0, 0, 1) (1, 2, 1, 0) ((0, 0), (0, 1), (1, 2)) aut=2 h1=1 #W=7 contrib=4407998333051479/14866359150182400
(0, 0, 1) (1, 2, 1, 0) ((0, 1), (0, 2), (1, 1)) aut=2 h1=1 #W=7 contrib=-496190472761903/1858294893772800
(0, 0, 1) (1, 2, 1, 0) ((0, 1), (0, 1), (0, 2)) aut=2 h1=1 #W=7 contrib=-49670188940826203/13008064256409600
(0, 0, 1) (1, 2, 1, 0) ((0, 0), (0, 1), (0, 2)) aut=2 h1=1 #W=7 contrib=-6061779158728007/7433179575091200
(0, 0, 1) (0, 2, 1, 2) ((0, 1), (1, 2), (2, 2)) aut=2 h1=1 #W=7 contrib=0
(0, 0, 1) (0, 2, 1, 2) ((0, 2), (1, 2), (1, 2)) aut=2 h1=1 #W=7 contrib=0
(0, 0, 1) (0, 2, 1, 2) ((0, 2), (1, 1), (1, 2)) aut=2 h1=1 #W=7 contrib=0
(0, 0, 1) (0, 2, 1, 2) ((0, 1), (1, 2), (1, 2)) aut=2 h1=1 #W=7 contrib=0
(0, 0, 1) (0, 2, 1, 2) ((0, 1), (1, 1), (1, 2)) aut=2 h1=1 #W=7 contrib=0
(0, 0, 1) (1, 2, 0, 1) ((0, 1), (0, 1), (1, 2)) aut=2 h1=1 #W=7 contrib=251993052778806601/26016128512819200
(0, 0, 1) (1, 2, 0, 1) ((0, 0), (0, 1), (1, 2)) aut=2 h1=1 #W=7 contrib=4407998333051479/14866359150182400
(0, 0, 1) (1, 2, 0, 1) ((0, 1), (0, 2), (1, 1)) aut=2 h1=1 #W=7 contrib=-496190472761903/1858294893772800
(0, 0, 1) (1, 2, 0, 1) ((0, 1), (0, 1), (0, 2)) aut=2 h1=1 #W=7 contrib=-49670188940826203/13008064256409600
(0, 0, 1) (1, 2, 0, 1) ((0, 0), (0, 1), (0, 2)) aut=2 h1=1 #W=7 contrib=-6061779158728007/7433179575091200
(0, 0, 1) (0, 2, 1, 1) ((0, 2), (1, 2), (2, 2)) aut=2 h1=1 #W=7 contrib=0
(0, 0, 1) (0, 2, 1, 1) ((0, 1), (1, 2), (2, 2)) aut=2 h1=1 #W=7 contrib=0
(0, 0, 1) (0, 2, 1, 1) ((0, 2), (1, 2), (1, 2)) aut=2 h1=1 #W=7 contrib=0
(0, 0, 1) (0, 2, 1, 1) ((0, 2), (1, 1), (1, 2)) aut=2 h1=1 #W=7 contrib=0
(0, 0, 1) (0, 2, 1, 1) ((0, 1), (1, 2), (1, 2)) aut=2 h1=1 #W=7 contrib=0
(0, 0, 1) (1, 2, 0, 0) ((0, 1), (1, 1), (1, 2)) aut=2 h1=1 #W=7 contrib=-1663064632098047/7433179575091200
(0, 0, 1) (1, 2, 0, 0) ((0, 1), (0, 1), (1, 2)) aut=2 h1=1 #W=7 contrib=-21794230984558309/6504032128204800
(0, 0, 1) (1, 2, 0, 0) ((0, 0), (0, 1), (1, 2)) aut=2 h1=1 #W=7 contrib=-414482870238233/1858294893772800
(0, 0, 1) (1, 2, 0, 0) ((0, 1), (0, 2), (1, 1)) aut=2 h1=1 #W=7 contrib=-1173160246776743/2123765592883200
(0, 0, 1) (1, 2, 0, 0) ((0, 1), (0, 1), (0, 2)) aut=2 h1=1 #W=7 contrib=-9057814080858659/26016128512819200
(0, 0, 1) (1, 1, 2, 1) ((0, 0), (0, 1), (1, 2)) aut=2 h1=1 #W=7 contrib=199529350981327/151697542348800
(0, 0, 1) (1, 1, 2, 1) ((0, 1), (0, 1), (0, 2)) aut=2 h1=1 #W=7 contrib=742140742041119/116143430860800
(0, 0, 1) (1, 1, 2, 1) ((0, 0), (0, 1), (0, 2)) aut=2 h1=1 #W=7 contrib=6582774171552529/14866359150182400
(0, 0, 1) (1, 1, 2, 0) ((0, 1), (0, 1), (1, 2)) aut=2 h1=1 #W=7 contrib=273081280869978811/26016128512819200
(0, 0, 1) (1, 1, 2, 0) ((0, 0), (0, 1), (1, 2)) aut=2 h1=1 #W=7 contrib=5831081544504919/14866359150182400
(0, 0, 1) (1, 1, 2, 0) ((0, 1), (0, 2), (1, 1)) aut=2 h1=1 #W=7 contrib=-73804302142493/1858294893772800
(0, 0, 1) (1, 1, 2, 0) ((0, 1), (0, 1), (0, 2)) aut=2 h1=1 #W=7 contrib=-2108021854392211/1626008032051200
(0, 0, 1) (1, 1, 2, 0) ((0, 0), (0, 1), (0, 2)) aut=2 h1=1 #W=7 contrib=-4404004845928787/7433179575091200
(0, 0, 1) (1, 1, 1, 2) ((0, 0), (0, 1), (1, 2)) aut=2 h1=1 #W=7 contrib=199529350981327/151697542348800
(0, 0, 1) (1, 1, 1, 2) ((0, 1), (0, 1), (0, 2)) aut=2 h1=1 #W=7 contrib=742140742041119/116143430860800
(0, 0, 1) (1, 1, 1, 2) ((0, 0), (0, 1), (0, 2)) aut=2 h1=1 #W=7 contrib=6582774171552529/14866359150182400
(0, 0, 1) (1, 1, 1, 1) ((0, 0), (0, 2), (1, 2)) aut=2 h1=1 #W=7 contrib=20773560431561/6191736422400
(0, 0, 1) (1, 1, 1, 1) ((0, 0), (0, 1), (1, 2)) aut=2 h1=1 #W=7 contrib=-3093331431463/1031956070400
(0, 0, 1) (1, 1, 1, 1) ((0, 1), (0, 2), (0, 2)) aut=2 h1=1 #W=7 contrib=696742541393641/10835538739200
(0, 0, 1) (1, 1, 1, 1) ((0, 1), (0, 1), (0, 2)) aut=2 h1=1 #W=7 contrib=7107308607611/481579499520
(0, 0, 1) (1, 1, 1, 1) ((0, 0), (0, 1), (0, 2)) aut=2 h1=1 #W=7 contrib=3552189623269/6191736422400
(0, 0, 1) (1, 1, 1, 0) ((0, 1), (0, 2), (1, 2)) aut=1 h1=1 #W=7 contrib=88828548328878959/5781361891737600
(0, 0, 1) (1, 1, 1, 0) ((0, 0), (0, 2), (1, 2)) aut=2 h1=1 #W=7 contrib=3950003261864699/3716589787545600
(0, 0, 1) (1, 1, 1, 0) ((0, 1), (0, 1), (1, 2)) aut=2 h1=1 #W=7 contrib=-23501532953329/902961561600
(0, 0, 1) (1, 1, 1, 0) ((0, 0), (0, 1), (1, 2)) aut=2 h1=1 #W=7 contrib=-324517437241/773967052800
(0, 0, 1) (1, 1, 1, 0) ((0, 1), (0, 2), (0, 2)) aut=2 h1=1 #W=7 contrib=24433620903414469/7433179575091200
(0, 0, 1) (1, 1, 1, 0) ((0, 1), (0, 2), (1, 1)) aut=2 h1=1 #W=7 contrib=2355760276979/963158999040
(0, 0, 1) (1, 1, 1, 0) ((0, 1), (0, 1), (0, 2)) aut=2 h1=1 #W=7 contrib=-212950478291147/21671077478400
(0, 0, 1) (1, 1, 1, 0) ((0, 0), (0, 1), (0, 2)) aut=2 h1=1 #W=7 contrib=-30298012895743/21671077478400
(0, 0, 1) (1, 1, 0, 2) ((0, 1), (0, 1), (1, 2)) aut=2 h1=1 #W=7 contrib=273081280869978811/26016128512819200
(0, 0, 1) (1, 1, 0, 2) ((0, 0), (0, 1), (1, 2)) aut=2 h1=1 #W=7 contrib=5831081544504919/14866359150182400
(0, 0, 1) (1, 1, 0, 2) ((0, 1), (0, 2), (1, 1)) aut=2 h1=1 #W=7 contrib=-73804302142493/1858294893772800
(0, 0, 1) (1, 1, 0, 2) ((0, 1), (0, 1), (0, 2)) aut=2 h1=1 #W=7 contrib=-2108021854392211/1626008032051200
(0, 0, 1) (1, 1, 0, 2) ((0, 0), (0, 1), (0, 2)) aut=2 h1=1 #W=7 contrib=-4404004845928787/7433179575091200
(0, 0, 1) (1, 1, 0, 1) ((0, 1), (0, 2), (1, 2)) aut=1 h1=1 #W=7 contrib=88828548328878959/5781361891737600
(0, 0, 1) (1, 1, 0, 1) ((0, 0), (0, 2), (1, 2)) aut=2 h1=1 #W=7 contrib=3950003261864699/3716589787545600
(0, 0, 1) (1, 1, 0, 1) ((0, 1), (0, 1), (1, 2)) aut=2 h1=1 #W=7 contrib=-23501532953329/902961561600
(0, 0, 1) (1, 1, 0, 1) ((0, 0), (0, 1), (1, 2)) aut=2 h1=1 #W=7 contrib=-324517437241/773967052800
(0, 0, 1) (1, 1, 0, 1) ((0, 1), (0, 2), (0, 2)) aut=2 h1=1 #W=7 contrib=24433620903414469/7433179575091200
(0, 0, 1) (1, 1, 0, 1) ((0, 1), (0, 2), (1, 1)) aut=2 h1=1 #W=7 contrib=2355760276979/963158999040
(0, 0, 1) (1, 1, 0, 1) ((0, 1), (0, 1), (0, 2)) aut=2 h1=1 #W=7 contrib=-212950478291147/21671077478400
(0, 0, 1) (1, 1, 0, 1) ((0, 0), (0, 1), (0, 2)) aut=2 h1=1 #W=7 contrib=-30298012895743/21671077478400
(0, 0, 1) (1, 1, 0, 0) ((0, 1), (1, 2), (1, 2)) aut=2 h1=1 #W=7 contrib=180643402257674381/17344085675212800
(0, 0, 1) (1, 1, 0, 0) ((0, 2), (1, 1), (1, 2)) aut=2 h1=1 #W=7 contrib=9352919831014481/14866359150182400
(0, 0, 1) (1, 1, 0, 0) ((0, 1), (0, 2), (1, 2)) aut=1 h1=1 #W=7 contrib=-14063830666608199/6504032128204800
(0, 0, 1) (1, 1, 0, 0) ((0, 0), (0, 2), (1, 2)) aut=2 h1=1 #W=7 contrib=14971037958240881/14866359150182400
(0, 0, 1) (1, 1, 0, 0) ((0, 1), (1, 1), (1, 2)) aut=2 h1=1 #W=7 contrib=1965242093977/3611846246400
(0, 0, 1) (1, 1, 0, 0) ((0, 1), (0, 1), (1, 2)) aut=2 h1=1 #W=7 contrib=26440187889757/3095868211200
(0, 0, 1) (1, 1, 0, 0) ((0, 0), (0, 1), (1, 2)) aut=2 h1=1 #W=7 contrib=8882367872263/43342154956800
(0, 0, 1) (1, 1, 0, 0) ((0, 1), (0, 2), (0, 2)) aut=2 h1=1 #W=7 contrib=29037980026714061/17344085675212800
(0, 0, 1) (1, 1, 0, 0) ((0, 1), (0, 2), (1, 1)) aut=2 h1=1 #W=7 contrib=-14013289422137/43342154956800
(0, 0, 1) (1, 1, 0, 0) ((0, 1), (0, 1), (0, 2)) aut=2 h1=1 #W=7 contrib=80627027432779/21671077478400
(0, 0, 1) (1, 1, 0, 0) ((0, 0), (0, 1), (0, 2)) aut=2 h1=1 #W=7 contrib=6217870750417/3611846246400
(0, 0, 1) (0, 1, 2, 2) ((0, 1), (1, 2), (2, 2)) aut=2 h1=1 #W=7 contrib=0
(0, 0, 1) (0, 1, 2, 2) ((0, 2), (1, 2), (1, 2)) aut=2 h1=1 #W=7 contrib=0
(0, 0, 1) (0, 1, 2, 2) ((0, 2), (1, 1), (1, 2)) aut=2 h1=1 #W=7 contrib=0
(0, 0, 1) (0, 1, 2, 2) ((0, 1), (1, 2), (1, 2)) aut=2 h1=1 #W=7 contrib=0
(0, 0, 1) (0, 1, 2, 2) ((0, 1), (1, 1), (1, 2)) aut=2 h1=1 #W=7 contrib=0
(0, 0, 1) (1, 0, 2, 1) ((0, 1), (0, 1), (1, 2)) aut=2 h1=1 #W=7 contrib=150900759855633031/26016128512819200
(0, 0, 1) (1, 0, 2, 1) ((0, 0), (0, 1), (1, 2)) aut=2 h1=1 #W=7 contrib=-4930021423005521/14866359150182400
(0, 0, 1) (1, 0, 2, 1) ((0, 1), (0, 2), (1, 1)) aut=2 h1=1 #W=7 contrib=-727053226959083/1858294893772800
(0, 0, 1) (1, 0, 2, 1) ((0, 1), (0, 1), (0, 2)) aut=2 h1=1 #W=7 contrib=-64371396238397033/13008064256409600
(0, 0, 1) (1, 0, 2, 1) ((0, 0), (0, 1), (0, 2)) aut=2 h1=1 #W=7 contrib=-6390912608555627/7433179575091200
(0, 0, 1) (0, 1, 2, 1) ((0, 2), (1, 2), (2, 2)) aut=2 h1=1 #W=7 contrib=0
(0, 0, 1) (0, 1, 2, 1) ((0, 1), (1, 2), (2, 2)) aut=2 h1=1 #W=7 contrib=0
(0, 0, 1) (0, 1, 2, 1) ((0, 2), (1, 2), (1, 2)) aut=2 h1=1 #W=7 contrib=0
(0, 0, 1) (0, 1, 2, 1) ((0, 2), (1, 1), (1, 2)) aut=2 h1=1 #W=7 contrib=0
(0, 0, 1) (0, 1, 2, 1) ((0, 1), (1, 2), (1, 2)) aut=2 h1=1 #W=7 contrib=0
(0, 0, 1) (1, 0, 2, 0) ((0, 1), (1, 1), (1, 2)) aut=2 h1=1 #W=7 contrib=-6043737306496187/7433179575091200
(0, 0, 1) (1, 0, 2, 0) ((0, 1), (0, 1), (1, 2)) aut=2 h1=1 #W=7 contrib=-75057660878916263/13008064256409600
(0, 0, 1) (1, 0, 2, 0) ((0, 0), (0, 1), (1, 2)) aut=2 h1=1 #W=7 contrib=-787389353438243/1858294893772800
(0, 0, 1) (1, 0, 2, 0) ((0, 1), (0, 2), (1, 1)) aut=2 h1=1 #W=7 contrib=-1432808058656423/2123765592883200
(0, 0, 1) (1, 0, 2, 0) ((0, 1), (0, 1), (0, 2)) aut=2 h1=1 #W=7 contrib=52363863918667951/26016128512819200
(0, 0, 1) (1, 0, 1, 2) ((0, 1), (0, 1), (1, 2)) aut=2 h1=1 #W=7 contrib=150900759855633031/26016128512819200
(0, 0, 1) (1, 0, 1, 2) ((0, 0), (0, 1), (1, 2)) aut=2 h1=1 #W=7 contrib=-4930021423005521/14866359150182400
(0, 0, 1) (1, 0, 1, 2) ((0, 1), (0, 2), (1, 1)) aut=2 h1=1 #W=7 contrib=-727053226959083/1858294893772800
(0, 0, 1) (1, 0, 1, 2) ((0, 1), (0, 1), (0, 2)) aut=2 h1=1 #W=7 contrib=-64371396238397033/13008064256409600
(0, 0, 1) (1, 0, 1, 2) ((0, 0), (0, 1), (0, 2)) aut=2 h1=1 #W=7 contrib=-6390912608555627/7433179575091200
(0, 0, 1) (1, 0, 1, 1) ((0, 1), (0, 2), (1, 2)) aut=1 h1=1 #W=7 contrib=-6202414021267/4369888051200
(0, 0, 1) (1, 0, 1, 1) ((0, 0), (0, 2), (1, 2)) aut=2 h1=1 #W=7 contrib=36162455927411/75848771174400
(0, 0, 1) (1, 0, 1, 1) ((0, 1), (0, 1), (1, 2)) aut=2 h1=1 #W=7 contrib=-24526874612633/1805923123200
(0, 0, 1) (1, 0, 1, 1) ((0, 0), (0, 1), (1, 2)) aut=2 h1=1 #W=7 contrib=218723254507/386983526400
(0, 0, 1) (1, 0, 1, 1) ((0, 1), (0, 2), (0, 2)) aut=2 h1=1 #W=7 contrib=-48669579414311651/7433179575091200
(0, 0, 1) (1, 0, 1, 1) ((0, 1), (0, 2), (1, 1)) aut=2 h1=1 #W=7 contrib=417527400419/963158999040
(0, 0, 1) (1, 0, 1, 1) ((0, 1), (0, 1), (0, 2)) aut=2 h1=1 #W=7 contrib=-140985678648347/21671077478400
(0, 0, 1) (1, 0, 1, 1) ((0, 0), (0, 1), (0, 2)) aut=2 h1=1 #W=7 contrib=1557809911397/21671077478400
(0, 0, 1) (1, 0, 1, 0) ((0, 1), (1, 2), (1, 2)) aut=2 h1=1 #W=7 contrib=37279989581706353/3468817135042560
(0, 0, 1) (1, 0, 1, 0) ((0, 2), (1, 1), (1, 2)) aut=2 h1=1 #W=7 contrib=18990220551186641/14866359150182400
(0, 0, 1) (1, 0, 1, 0) ((0, 1), (0, 2), (1, 2)) aut=1 h1=1 #W=7 contrib=-722836091819977/929147446886400
(0, 0, 1) (1, 0, 1, 0) ((0, 0), (0, 2), (1, 2)) aut=2 h1=1 #W=7 contrib=25480699954400561/14866359150182400
(0, 0, 1) (1, 0, 1, 0) ((0, 1), (1, 1), (1, 2)) aut=2 h1=1 #W=7 contrib=7442658405037/3611846246400
(0, 0, 1) (1, 0, 1, 0) ((0, 1), (0, 1), (1, 2)) aut=2 h1=1 #W=7 contrib=235685944719199/21671077478400
(0, 0, 1) (1, 0, 1, 0) ((0, 0), (0, 1), (1, 2)) aut=2 h1=1 #W=7 contrib=9633363043543/43342154956800
(0, 0, 1) (1, 0, 1, 0) ((0, 1), (0, 2), (0, 2)) aut=2 h1=1 #W=7 contrib=34263237221574689/3468817135042560
(0, 0, 1) (1, 0, 1, 0) ((0, 1), (0, 2), (1, 1)) aut=2 h1=1 #W=7 contrib=7045291167703/43342154956800
(0, 0, 1) (1, 0, 1, 0) ((0, 1), (0, 1), (0, 2)) aut=2 h1=1 #W=7 contrib=207268561943479/21671077478400
(0, 0, 1) (1, 0, 1, 0) ((0, 0), (0, 1), (0, 2)) aut=2 h1=1 #W=7 contrib=8010409083337/3611846246400
(0, 0, 1) (0, 1, 1, 2) ((0, 2), (1, 2), (2, 2)) aut=2 h1=1 #W=7 contrib=0
(0, 0, 1) (0, 1, 1, 2) ((0, 1), (1, 2), (2, 2)) aut=2 h1=1 #W=7 contrib=0
(0, 0, 1) (0, 1, 1, 2) ((0, 2), (1, 2), (1, 2)) aut=2 h1=1 #W=7 contrib=0
(0, 0, 1) (0, 1, 1, 2) ((0, 2), (1, 1), (1, 2)) aut=2 h1=1 #W=7 contrib=0
(0, 0, 1) (0, 1, 1, 2) ((0, 1), (1, 2), (1, 2)) aut=2 h1=1 #W=7 contrib=0
(0, 0, 1) (1, 0, 0, 2) ((0, 1), (1, 1), (1, 2)) aut=2 h1=1 #W=7 contrib=-6043737306496187/7433179575091200
(0, 0, 1) (1, 0, 0, 2) ((0, 1), (0, 1), (1, 2)) aut=2 h1=1 #W=7 contrib=-75057660878916263/13008064256409600
(0, 0, 1) (1, 0, 0, 2) ((0, 0), (0, 1), (1, 2)) aut=2 h1=1 #W=7 contrib=-787389353438243/1858294893772800
(0, 0, 1) (1, 0, 0, 2) ((0, 1), (0, 2), (1, 1)) aut=2 h1=1 #W=7 contrib=-1432808058656423/2123765592883200
(0, 0, 1) (1, 0, 0, 2) ((0, 1), (0, 1), (0, 2)) aut=2 h1=1 #W=7 contrib=52363863918667951/26016128512819200
(0, 0, 1) (1, 0, 0, 1) ((0, 1), (1, 2), (1, 2)) aut=2 h1=1 #W=7 contrib=37279989581706353/3468817135042560
(0, 0, 1) (1, 0, 0, 1) ((0, 2), (1, 1), (1, 2)) aut=2 h1=1 #W=7 contrib=18990220551186641/14866359150182400
(0, 0, 1) (1, 0, 0, 1) ((0, 1), (0, 2), (1, 2)) aut=1 h1=1 #W=7 contrib=-722836091819977/929147446886400
(0, 0, 1) (1, 0, 0, 1) ((0, 0), (0, 2), (1, 2)) aut=2 h1=1 #W=7 contrib=25480699954400561/14866359150182400
(0, 0, 1) (1, 0, 0, 1) ((0, 1), (1, 1), (1, 2)) aut=2 h1=1 #W=7 contrib=7442658405037/3611846246400
(0, 0, 1) (1, 0, 0, 1) ((0, 1), (0, 1), (1, 2)) aut=2 h1=1 #W=7 contrib=235685944719199/21671077478400
(0, 0, 1) (1, 0, 0, 1) ((0, 0), (0, 1), (1, 2)) aut=2 h1=1 #W=7 contrib=9633363043543/43342154956800
(0, 0, 1) (1, 0, 0, 1) ((0, 1), (0, 2), (0, 2)) aut=2 h1=1 #W=7 contrib=34263237221574689/3468817135042560
(0, 0, 1) (1, 0, 0, 1) ((0, 1), (0, 2), (1, 1)) aut=2 h1=1 #W=7 contrib=7045291167703/43342154956800
(0, 0, 1) (1, 0, 0, 1) ((0, 1), (0, 1), (0, 2)) aut=2 h1=1 #W=7 contrib=207268561943479/21671077478400
(0, 0, 1) (1, 0, 0, 1) ((0, 0), (0, 1), (0, 2)) aut=2 h1=1 #W=7 contrib=8010409083337/3611846246400
(0, 0, 1) (0, 1, 1, 1) ((0, 2), (1, 2), (2, 2)) aut=2 h1=1 #W=7 contrib=0
(0, 0, 1) (0, 1, 1, 1) ((0, 1), (1, 2), (2, 2)) aut=2 h1=1 #W=7 contrib=0
(0, 0, 1) (0, 1, 1, 1) ((0, 2), (1, 2), (1, 2)) aut=2 h1=1 #W=7 contrib=0
(0, 0, 1) (1, 0, 0, 0) ((0, 1), (1, 2), (1, 2)) aut=2 h1=1 #W=7 contrib=-11876692318683413/1061882796441600
(0, 0, 1) (1, 0, 0, 0) ((0, 2), (1, 1), (1, 2)) aut=2 h1=1 #W=7 contrib=3986710676827829/3716589787545600
(0, 0, 1) (1, 0, 0, 0) ((0, 1), (0, 2), (1, 2)) aut=1 h1=1 #W=7 contrib=-4745015887815547/1927120630579200
(0, 0, 1) (1, 0, 0, 0) ((0, 1), (1, 1), (1, 2)) aut=2 h1=1 #W=7 contrib=2094231159791/3095868211200
(0, 0, 1) (1, 0, 0, 0) ((0, 1), (0, 1), (1, 2)) aut=2 h1=1 #W=7 contrib=-78804362445947/21671077478400
(0, 0, 1) (1, 0, 0, 0) ((0, 0), (0, 1), (1, 2)) aut=2 h1=1 #W=7 contrib=-5294222063/27518828544
(0, 0, 1) (1, 0, 0, 0) ((0, 1), (0, 2), (1, 1)) aut=2 h1=1 #W=7 contrib=409014640477/386983526400
(0, 0, 1) (1, 0, 0, 0) ((0, 1), (0, 1), (0, 2)) aut=2 h1=1 #W=7 contrib=-945367618349/257989017600
(0, 0, 1) (2, 0, 0, 0) ((0, 1), (0, 1), (1, 2)) aut=2 h1=1 #W=7 contrib=12684998184829/33183837388800
(0, 0, 1) (2, 0, 0, 0) ((0, 1), (0, 2), (1, 1)) aut=2 h1=1 #W=7 contrib=207717436766827/151697542348800
(0, 0, 1) (2, 0, 0, 0) ((0, 1), (1, 1), (1, 2)) aut=2 h1=1 #W=7 contrib=-183916581204959/303395084697600
(0, 0, 1) (2, 0, 0, 0) ((0, 1), (1, 2), (1, 2)) aut=2 h1=1 #W=7 contrib=1171206279793681/495545305006080
(0, 0, 1) (2, 0, 0, 0) ((0, 2), (1, 1), (1, 2)) aut=2 h1=1 #W=7 contrib=-75407269966633/303395084697600
(0, 0, 1) (2, 0, 0, 1) ((0, 0), (0, 1), (1, 2)) aut=2 h1=1 #W=7 contrib=-1730049590638463/1858294893772800
(0, 0, 1) (2, 0, 0, 1) ((0, 1), (0, 1), (0, 2)) aut=2 h1=1 #W=7 contrib=243896872131556621/26016128512819200
(0, 0, 1) (2, 0, 0, 1) ((0, 1), (0, 1), (1, 2)) aut=2 h1=1 #W=7 contrib=-66448166172319733/13008064256409600
(0, 0, 1) (2, 0, 0, 1) ((0, 1), (0, 2), (1, 1)) aut=2 h1=1 #W=7 contrib=7834542964508119/14866359150182400
(0, 0, 1) (2, 0, 0, 1) ((0, 1), (0, 2), (1, 2)) aut=1 h1=1 #W=7 contrib=-24284591003581369/52032257025638400
(0, 0, 1) (2, 0, 0, 1) ((0, 1), (1, 1), (1, 2)) aut=2 h1=1 #W=7 contrib=-440056019568041/1061882796441600
(0, 0, 1) (2, 0, 0, 1) ((0, 1), (1, 2), (1, 2)) aut=2 h1=1 #W=7 contrib=22923267958001353/3716589787545600
(0, 0, 1) (2, 0, 0, 1) ((0, 1), (1, 2), (2, 2)) aut=2 h1=1 #W=7 contrib=15704721740280757/26016128512819200
(0, 0, 1) (2, 0, 0, 1) ((0, 2), (1, 1), (1, 2)) aut=2 h1=1 #W=7 contrib=-4875659961197317/14866359150182400
(0, 0, 1) (2, 0, 0, 1) ((0, 2), (1, 2), (1, 2)) aut=2 h1=1 #W=7 contrib=165425537058252497/17344085675212800
(0, 0, 1) (2, 0, 0, 2) ((0, 1), (0, 1), (1, 2)) aut=2 h1=1 #W=7 contrib=-549371639665115/115627237834752
(0, 0, 1) (2, 0, 0, 2) ((0, 1), (0, 2), (1, 1)) aut=2 h1=1 #W=7 contrib=26906504549/107017666560
(0, 0, 1) (2, 0, 0, 2) ((0, 1), (1, 1), (1, 2)) aut=2 h1=1 #W=7 contrib=-15319386901033/47194790952960
(0, 0, 1) (2, 0, 0, 2) ((0, 1), (1, 2), (1, 2)) aut=2 h1=1 #W=7 contrib=-59065846379218751/7433179575091200
(0, 0, 1) (2, 0, 0, 2) ((0, 2), (1, 1), (1, 2)) aut=2 h1=1 #W=7 contrib=94547892757273/151697542348800
(0, 0, 1) (2, 0, 1, 0) ((0, 0), (0, 1), (1, 2)) aut=2 h1=1 #W=7 contrib=-1730049590638463/1858294893772800
(0, 0, 1) (2, 0, 1, 0) ((0, 1), (0, 1), (0, 2)) aut=2 h1=1 #W=7 contrib=243896872131556621/26016128512819200
(0, 0, 1) (2, 0, 1, 0) ((0, 1), (0, 1), (1, 2)) aut=2 h1=1 #W=7 contrib=-66448166172319733/13008064256409600
(0, 0, 1) (2, 0, 1, 0) ((0, 1), (0, 2), (1, 1)) aut=2 h1=1 #W=7 contrib=7834542964508119/14866359150182400
(0, 0, 1) (2, 0, 1, 0) ((0, 1), (0, 2), (1, 2)) aut=1 h1=1 #W=7 contrib=-24284591003581369/52032257025638400
(0, 0, 1) (2, 0, 1, 0) ((0, 1), (1, 1), (1, 2)) aut=2 h1=1 #W=7 contrib=-440056019568041/1061882796441600
(0, 0, 1) (2, 0, 1, 0) ((0, 1), (1, 2), (1, 2)) aut=2 h1=1 #W=7 contrib=22923267958001353/3716589787545600
(0, 0, 1) (2, 0, 1, 0) ((0, 1), (1, 2), (2, 2)) aut=2 h1=1 #W=7 contrib=15704721740280757/26016128512819200
(0, 0, 1) (2, 0, 1, 0) ((0, 2), (1, 1), (1, 2)) aut=2 h1=1 #W=7 contrib=-4875659961197317/14866359150182400
(0, 0, 1) (2, 0, 1, 0) ((0, 2), (1, 2), (1, 2)) aut=2 h1=1 #W=7 contrib=165425537058252497/17344085675212800
(0, 0, 1) (2, 0, 1, 1) ((0, 0), (0, 1), (0, 2)) aut=2 h1=1 #W=7 contrib=633821569702873/7433179575091200
(0, 0, 1) (2, 0, 1, 1) ((0, 0), (0, 1), (1, 2)) aut=2 h1=1 #W=7 contrib=-2088481830984401/14866359150182400
(0, 0, 1) (2, 0, 1, 1) ((0, 0), (0, 2), (1, 2)) aut=2 h1=1 #W=7 contrib=-4837449858398557/14866359150182400
(0, 0, 1) (2, 0, 1, 1) ((0, 1), (0, 1), (0, 2)) aut=2 h1=1 #W=7 contrib=-16971951579048979/6504032128204800
(0, 0, 1) (2, 0, 1, 1) ((0, 1), (0, 1), (1, 2)) aut=2 h1=1 #W=7 contrib=118733359143244921/26016128512819200
(0, 0, 1) (2, 0, 1, 1) ((0, 1), (0, 2), (0, 2)) aut=2 h1=1 #W=7 contrib=62524846777792477/26016128512819200
(0, 0, 1) (2, 0, 1, 1) ((0, 1), (0, 2), (1, 1)) aut=2 h1=1 #W=7 contrib=-1334422590819233/1858294893772800
(0, 0, 1) (2, 0, 1, 1) ((0, 1), (0, 2), (1, 2)) aut=1 h1=1 #W=7 contrib=62601592364066711/52032257025638400
(0, 0, 1) (2, 0, 1, 1) ((0, 1), (0, 2), (2, 2)) aut=2 h1=1 #W=7 contrib=7510953875786449/26016128512819200
(0, 0, 1) (2, 0, 1, 1) ((0, 2), (0, 2), (1, 2)) aut=2 h1=1 #W=7 contrib=11260900047697477/1927120630579200
(0, 0, 1) (0, 1, 2, 2) ((0, 2), (0, 2), (1, 2)) aut=2 h1=1 #W=7 contrib=0
(0, 0, 1) (0, 1, 2, 2) ((0, 0), (0, 2), (1, 2)) aut=2 h1=1 #W=7 contrib=0
(0, 0, 1) (0, 1, 2, 2) ((0, 1), (0, 2), (2, 2)) aut=2 h1=1 #W=7 contrib=0
(0, 0, 1) (0, 1, 2, 2) ((0, 1), (0, 2), (0, 2)) aut=2 h1=1 #W=7 contrib=0
(0, 0, 1) (0, 1, 2, 2) ((0, 0), (0, 1), (0, 2)) aut=2 h1=1 #W=7 contrib=0
(0, 0, 1) (2, 0, 1, 2) ((0, 0), (0, 1), (1, 2)) aut=2 h1=1 #W=7 contrib=-2710159394281/7341411926016
(0, 0, 1) (2, 0, 1, 2) ((0, 1), (0, 1), (0, 2)) aut=2 h1=1 #W=7 contrib=3427071026010083/1156272378347520
(0, 0, 1) (2, 0, 1, 2) ((0, 1), (0, 1), (1, 2)) aut=2 h1=1 #W=7 contrib=3730488723751199/1156272378347520
(0, 0, 1) (2, 0, 1, 2) ((0, 1), (0, 2), (1, 1)) aut=2 h1=1 #W=7 contrib=4628381171773/22024235778048
(0, 0, 1) (2, 0, 1, 2) ((0, 1), (0, 2), (1, 2)) aut=1 h1=1 #W=7 contrib=38253713530309999/26016128512819200
(0, 0, 1) (0, 1, 2, 0) ((0, 2), (1, 2), (2, 2)) aut=2 h1=1 #W=7 contrib=0
(0, 0, 1) (0, 1, 2, 0) ((0, 2), (0, 2), (1, 2)) aut=2 h1=1 #W=7 contrib=0
(0, 0, 1) (0, 1, 2, 0) ((0, 0), (0, 2), (1, 2)) aut=2 h1=1 #W=7 contrib=0
(0, 0, 1) (0, 1, 2, 0) ((0, 1), (0, 2), (2, 2)) aut=2 h1=1 #W=7 contrib=0
(0, 0, 1) (0, 1, 2, 0) ((0, 1), (0, 2), (0, 2)) aut=2 h1=1 #W=7 contrib=0
(0, 0, 1) (2, 0, 2, 0) ((0, 1), (0, 1), (1, 2)) aut=2 h1=1 #W=7 contrib=-549371639665115/115627237834752
(0, 0, 1) (2, 0, 2, 0) ((0, 1), (0, 2), (1, 1)) aut=2 h1=1 #W=7 contrib=26906504549/107017666560
(0, 0, 1) (2, 0, 2, 0) ((0, 1), (1, 1), (1, 2)) aut=2 h1=1 #W=7 contrib=-15319386901033/47194790952960
(0, 0, 1) (2, 0, 2, 0) ((0, 1), (1, 2), (1, 2)) aut=2 h1=1 #W=7 contrib=-59065846379218751/7433179575091200
(0, 0, 1) (2, 0, 2, 0) ((0, 2), (1, 1), (1, 2)) aut=2 h1=1 #W=7 contrib=94547892757273/151697542348800
(0, 0, 1) (2, 0, 2, 1) ((0, 0), (0, 1), (1, 2)) aut=2 h1=1 #W=7 contrib=-2710159394281/7341411926016
(0, 0, 1) (2, 0, 2, 1) ((0, 1), (0, 1), (0, 2)) aut=2 h1=1 #W=7 contrib=3427071026010083/1156272378347520
(0, 0, 1) (2, 0, 2, 1) ((0, 1), (0, 1), (1, 2)) aut=2 h1=1 #W=7 contrib=3730488723751199/1156272378347520
(0, 0, 1) (2, 0, 2, 1) ((0, 1), (0, 2), (1, 1)) aut=2 h1=1 #W=7 contrib=4628381171773/22024235778048
(0, 0, 1) (2, 0, 2, 1) ((0, 1), (0, 2), (1, 2)) aut=1 h1=1 #W=7 contrib=38253713530309999/26016128512819200
(0, 0, 1) (0, 1, 0, 2) ((0, 2), (1, 2), (2, 2)) aut=2 h1=1 #W=7 contrib=0
(0, 0, 1) (0, 1, 0, 2) ((0, 2), (0, 2), (1, 2)) aut=2 h1=1 #W=7 contrib=0
(0, 0, 1) (0, 1, 0, 2) ((0, 0), (0, 2), (1, 2)) aut=2 h1=1 #W=7 contrib=0
(0, 0, 1) (0, 1, 0, 2) ((0, 1), (0, 2), (2, 2)) aut=2 h1=1 #W=7 contrib=0
(0, 0, 1) (0, 1, 0, 2) ((0, 1), (0, 2), (0, 2)) aut=2 h1=1 #W=7 contrib=0
(0, 0, 1) (2, 0, 2, 2) ((0, 1), (0, 1), (1, 2)) aut=2 h1=1 #W=7 contrib=-15051031964111/123886326251520
(0, 0, 1) (2, 0, 2, 2) ((0, 1), (0, 2), (1, 1)) aut=2 h1=1 #W=7 contrib=105251971777/2528292372480
(0, 0, 1) (0, 1, 0, 0) ((0, 2), (1, 2), (2, 2)) aut=2 h1=1 #W=7 contrib=0
(0, 0, 1) (0, 1, 0, 0) ((0, 2), (0, 2), (1, 2)) aut=2 h1=1 #W=7 contrib=0
(0, 0, 1) (0, 1, 0, 0) ((0, 1), (0, 2), (2, 2)) aut=2 h1=1 #W=7 contrib=0
(0, 0, 1) (1, 0, 2, 2) ((0, 1), (1, 2), (2, 2)) aut=2 h1=1 #W=7 contrib=0
(0, 0, 1) (1, 0, 2, 2) ((0, 2), (1, 2), (1, 2)) aut=2 h1=1 #W=7 contrib=0
(0, 0, 1) (1, 0, 2, 2) ((0, 2), (1, 1), (1, 2)) aut=2 h1=1 #W=7 contrib=0
(0, 0, 1) (1, 0, 2, 2) ((0, 1), (1, 2), (1, 2)) aut=2 h1=1 #W=7 contrib=0
(0, 0, 1) (1, 0, 2, 2) ((0, 1), (1, 1), (1, 2)) aut=2 h1=1 #W=7 contrib=0
(0, 0, 1) (1, 0, 2, 1) ((0, 2), (1, 2), (2, 2)) aut=2 h1=1 #W=7 contrib=0
(0, 0, 1) (1, 0, 2, 1) ((0, 1), (1, 2), (2, 2)) aut=2 h1=1 #W=7 contrib=0
(0, 0, 1) (1, 0, 2, 1) ((0, 2), (1, 2), (1, 2)) aut=2 h1=1 #W=7 contrib=0
(0, 0, 1) (1, 0, 2, 1) ((0, 2), (1, 1), (1, 2)) aut=2 h1=1 #W=7 contrib=0
(0, 0, 1) (1, 0, 2, 1) ((0, 1), (1, 2), (1, 2)) aut=2 h1=1 #W=7 contrib=0
(0, 0, 1) (1, 0, 1, 2) ((0, 2), (1, 2), (2, 2)) aut=2 h1=1 #W=7 contrib=0
(0, 0, 1) (1, 0, 1, 2) ((0, 1), (1, 2), (2, 2)) aut=2 h1=1 #W=7 contrib=0
(0, 0, 1) (1, 0, 1, 2) ((0, 2), (1, 2), (1, 2)) aut=2 h1=1 #W=7 contrib=0
(0, 0, 1) (1, 0, 1, 2) ((0, 2), (1, 1), (1, 2)) aut=2 h1=1 #W=7 contrib=0
(0, 0, 1) (1, 0, 1, 2) ((0, 1), (1, 2), (1, 2)) aut=2 h1=1 #W=7 contrib=0
(0, 0, 1) (1, 0, 1, 1) ((0, 2), (1, 2), (2, 2)) aut=2 h1=1 #W=7 contrib=0
(0, 0, 1) (1, 0, 1, 1) ((0, 1), (1, 2), (2, 2)) aut=2 h1=1 #W=7 contrib=0
(0, 0, 1) (1, 0, 1, 1) ((0, 2), (1, 2), (1, 2)) aut=2 h1=1 #W=7 contrib=0
(0, 0, 1) (2, 2, 0, 0) ((0, 1), (0, 1), (1, 2)) aut=2 h1=1 #W=7 contrib=-109735962907747/192712063057920
(0, 0, 1) (2, 2, 0, 0) ((0, 1), (0, 2), (1, 1)) aut=2 h1=1 #W=7 contrib=168757060135/1348422598656
(0, 0, 1) (2, 2, 0, 0) ((0, 1), (1, 1), (1, 2)) aut=2 h1=1 #W=7 contrib=-11637858634567/330363536670720
(0, 0, 1) (2, 2, 0, 0) ((0, 1), (1, 2), (1, 2)) aut=2 h1=1 #W=7 contrib=436666665247219/1061882796441600
(0, 0, 1) (2, 2, 0, 0) ((0, 2), (1, 1), (1, 2)) aut=2 h1=1 #W=7 contrib=28081415945473/151697542348800
(0, 0, 1) (2, 2, 0, 1) ((0, 0), (0, 1), (1, 2)) aut=2 h1=1 #W=7 contrib=1092827549627/36707059630080
(0, 0, 1) (2, 2, 0, 1) ((0, 1), (0, 1), (0, 2)) aut=2 h1=1 #W=7 contrib=1096091793720463/1156272378347520
(0, 0, 1) (2, 2, 0, 1) ((0, 1), (0, 1), (1, 2)) aut=2 h1=1 #W=7 contrib=1096091793720463/1156272378347520
(0, 0, 1) (2, 2, 0, 1) ((0, 1), (0, 2), (1, 1)) aut=2 h1=1 #W=7 contrib=1092827549627/36707059630080
(0, 0, 1) (2, 2, 0, 1) ((0, 1), (0, 2), (1, 2)) aut=1 h1=1 #W=7 contrib=-68903667056984681/26016128512819200
(0, 0, 1) (0, 0, 1, 2) ((0, 2), (1, 2), (2, 2)) aut=2 h1=1 #W=7 contrib=0
(0, 0, 1) (0, 0, 1, 2) ((0, 2), (0, 2), (1, 2)) aut=2 h1=1 #W=7 contrib=0
(0, 0, 1) (0, 0, 1, 2) ((0, 0), (0, 2), (1, 2)) aut=2 h1=1 #W=7 contrib=0
(0, 0, 1) (0, 0, 1, 2) ((0, 1), (0, 2), (2, 2)) aut=2 h1=1 #W=7 contrib=0
(0, 0, 1) (0, 0, 1, 2) ((0, 1), (0, 2), (0, 2)) aut=2 h1=1 #W=7 contrib=0
(0, 0, 1) (2, 2, 0, 2) ((0, 1), (0, 1), (1, 2)) aut=2 h1=1 #W=7 contrib=-1658024657302471/61943163125760
(0, 0, 1) (2, 2, 0, 2) ((0, 1), (0, 2), (1, 1)) aut=2 h1=1 #W=7 contrib=-5737109540839/1264146186240
(0, 0, 1) (0, 0, 1, 0) ((0, 2), (1, 2), (2, 2)) aut=2 h1=1 #W=7 contrib=0
(0, 0, 1) (0, 0, 1, 0) ((0, 2), (0, 2), (1, 2)) aut=2 h1=1 #W=7 contrib=0
(0, 0, 1) (0, 0, 1, 0) ((0, 1), (0, 2), (2, 2)) aut=2 h1=1 #W=7 contrib=0
(0, 0, 1) (1, 1, 0, 2) ((0, 2), (1, 2), (2, 2)) aut=2 h1=1 #W=7 contrib=0
(0, 0, 1) (1, 1, 0, 2) ((0, 1), (1, 2), (2, 2)) aut=2 h1=1 #W=7 contrib=0
(0, 0, 1) (1, 1, 0, 2) ((0, 2), (1, 2), (1, 2)) aut=2 h1=1 #W=7 contrib=0
(0, 0, 1) (1, 1, 0, 2) ((0, 2), (1, 1), (1, 2)) aut=2 h1=1 #W=7 contrib=0
(0, 0, 1) (1, 1, 0, 2) ((0, 1), (1, 2), (1, 2)) aut=2 h1=1 #W=7 contrib=0
(0, 0, 1) (1, 1, 0, 1) ((0, 2), (1, 2), (2, 2)) aut=2 h1=1 #W=7 contrib=0
(0, 0, 1) (1, 1, 0, 1) ((0, 1), (1, 2), (2, 2)) aut=2 h1=1 #W=7 contrib=0
(0, 0, 1) (1, 1, 0, 1) ((0, 2), (1, 2), (1, 2)) aut=2 h1=1 #W=7 contrib=0
(0, 0, 1) (2, 2, 2, 0) ((0, 1), (0, 1), (1, 2)) aut=2 h1=1 #W=7 contrib=-1658024657302471/61943163125760
(0, 0, 1) (2, 2, 2, 0) ((0, 1), (0, 2), (1, 1)) aut=2 h1=1 #W=7 contrib=-5737109540839/1264146186240
(0, 0, 1) (0, 0, 0, 1) ((0, 2), (1, 2), (2, 2)) aut=2 h1=1 #W=7 contrib=0
(0, 0, 1) (0, 0, 0, 1) ((0, 2), (0, 2), (1, 2)) aut=2 h1=1 #W=7 contrib=0
(0, 0, 1) (0, 0, 0, 1) ((0, 1), (0, 2), (2, 2)) aut=2 h1=1 #W=7 contrib=0
(0, 0, 1) (1, 1, 1, 0) ((0, 2), (1, 2), (2, 2)) aut=2 h1=1 #W=7 contrib=0
(0, 0, 1) (1, 1, 1, 0) ((0, 1), (1, 2), (2, 2)) aut=2 h1=1 #W=7 contrib=0
(0, 0, 1) (1, 1, 1, 0) ((0, 2), (1, 2), (1, 2)) aut=2 h1=1 #W=7 contrib=0
(0, 0, 1) (0, 0, 0, 0) ((0, 1), (1, 2), (2, 2)) aut=2 h1=1 #W=7 contrib=0
(0, 0, 1, 1) (0, 0, 0, 0) ((0, 1), (1, 2), (1, 3)) aut=2 h1=0 #W=1 contrib=-503956903387/2476694568960
(0, 0, 1, 1) (0, 0, 0, 1) ((0, 1), (0, 2), (1, 3)) aut=1 h1=0 #W=1 contrib=472423566769/4953389137920
(0, 0, 1, 1) (0, 0, 0, 1) ((0, 1), (1, 2), (1, 3)) aut=2 h1=0 #W=1 contrib=18820634665/165112971264
(0, 0, 1, 1) (0, 0, 0, 1) ((0, 1), (1, 2), (2, 3)) aut=1 h1=0 #W=1 contrib=1940384957/110075314176
(0, 0, 1, 1) (0, 0, 0, 1) ((0, 2), (1, 2), (1, 3)) aut=1 h1=0 #W=1 contrib=-335980357189/1651129712640
(0, 0, 1, 1) (0, 0, 0, 2) ((0, 1), (1, 2), (1, 3)) aut=1 h1=0 #W=1 contrib=-129648355823/2476694568960
(0, 0, 1, 1) (0, 0, 0, 3) ((0, 1), (1, 2), (1, 3)) aut=1 h1=0 #W=1 contrib=-129648355823/2476694568960
(0, 0, 1, 1) (0, 0, 0, 1) ((0, 1), (0, 3), (1, 2)) aut=1 h1=0 #W=1 contrib=472423566769/4953389137920
(0, 0, 1, 1) (0, 0, 0, 1) ((0, 1), (1, 3), (2, 3)) aut=1 h1=0 #W=1 contrib=1940384957/110075314176
(0, 0, 1, 1) (0, 0, 0, 1) ((0, 3), (1, 2), (1, 3)) aut=1 h1=0 #W=1 contrib=-335980357189/1651129712640
(0, 0, 1, 1) (0, 0, 0, 1) ((0, 2), (1, 2), (2, 3)) aut=1 h1=0 #W=1 contrib=0
(0, 0, 1, 1) (0, 0, 0, 1) ((0, 3), (1, 3), (2, 3)) aut=1 h1=0 #W=1 contrib=0
(0, 0, 1, 1) (0, 0, 1, 0) ((0, 1), (0, 2), (1, 3)) aut=1 h1=0 #W=1 contrib=472423566769/4953389137920
(0, 0, 1, 1) (0, 0, 1, 0) ((0, 1), (1, 2), (1, 3)) aut=2 h1=0 #W=1 contrib=18820634665/165112971264
(0, 0, 1, 1) (0, 0, 1, 0) ((0, 1), (1, 2), (2, 3)) aut=1 h1=0 #W=1 contrib=1940384957/110075314176
(0, 0, 1, 1) (0, 0, 1, 0) ((0, 2), (1, 2), (1, 3)) aut=1 h1=0 #W=1 contrib=-335980357189/1651129712640
(0, 0, 1, 1) (0, 0, 2, 0) ((0, 1), (1, 2), (1, 3)) aut=1 h1=0 #W=1 contrib=-129648355823/2476694568960
(0, 0, 1, 1) (0, 0, 3, 0) ((0, 1), (1, 2), (1, 3)) aut=1 h1=0 #W=1 contrib=-129648355823/2476694568960
(0, 0, 0, 2) (0, 0, 1, 1) ((0, 2), (1, 2), (2, 3)) aut=1 h1=0 #W=1 contrib=-211704686347/4953389137920
(0, 0, 1, 1) (0, 0, 1, 1) ((0, 1), (0, 2), (0, 3)) aut=2 h1=0 #W=1 contrib=2122265770709/74300837068800
(0, 0, 1, 1) (0, 0, 1, 1) ((0, 1), (0, 2), (1, 3)) aut=1 h1=0 #W=1 contrib=566666303021/18575209267200
(0, 0, 1, 1) (0, 0, 1, 1) ((0, 1), (0, 2), (2, 3)) aut=1 h1=0 #W=1 contrib=5779603714829/74300837068800
(0, 0, 1, 1) (0, 0, 1, 1) ((0, 1), (1, 2), (1, 3)) aut=2 h1=0 #W=1 contrib=-2385558331051/74300837068800
(0, 0, 1, 1) (0, 0, 1, 1) ((0, 1), (1, 2), (2, 3)) aut=1 h1=0 #W=1 contrib=5314560747629/74300837068800
(0, 0, 1, 1) (0, 0, 1, 1) ((0, 2), (0, 3), (1, 2)) aut=1 h1=0 #W=1 contrib=2860648574267/74300837068800
(0, 0, 1, 1) (0, 0, 1, 1) ((0, 2), (1, 2), (1, 3)) aut=1 h1=0 #W=1 contrib=907851807227/74300837068800
(0, 0, 1, 1) (0, 0, 1, 1) ((0, 2), (1, 2), (2, 3)) aut=1 h1=0 #W=1 contrib=3639887007923/9287604633600
(0, 0, 1, 1) (0, 0, 1, 1) ((0, 2), (1, 3), (2, 3)) aut=1 h1=0 #W=1 contrib=716246728911013/3303635366707200
(0, 0, 1, 1) (0, 0, 2, 2) ((0, 1), (1, 2), (1, 3)) aut=1 h1=0 #W=1 contrib=-8407094993/330225942528
(0, 0, 1, 1) (0, 0, 3, 3) ((0, 1), (1, 2), (1, 3)) aut=1 h1=0 #W=1 contrib=-8407094993/330225942528
(0, 0, 1, 1) (1, 1, 2, 2) ((0, 1), (0, 2), (0, 3)) aut=1 h1=0 #W=1 contrib=-8407094993/330225942528
(0, 0, 1, 1) (1, 1, 3, 3) ((0, 1), (0, 2), (0, 3)) aut=1 h1=0 #W=1 contrib=-8407094993/330225942528
(0, 0, 0, 2) (0, 0, 1, 2) ((0, 1), (1, 2), (2, 3)) aut=1 h1=0 #W=1 contrib=250196447501/4953389137920
(0, 0, 0, 2) (0, 0, 1, 2) ((0, 2), (1, 2), (1, 3)) aut=1 h1=0 #W=1 contrib=250196447501/4953389137920
(0, 0, 1, 1) (0, 0, 1, 2) ((0, 1), (0, 2), (1, 3)) aut=1 h1=0 #W=1 contrib=-386685632929/4953389137920
(0, 0, 1, 1) (0, 0, 1, 2) ((0, 1), (0, 3), (1, 2)) aut=1 h1=0 #W=1 contrib=-912223534117/37150418534400
(0, 0, 1, 1) (0, 0, 1, 2) ((0, 1), (1, 2), (1, 3)) aut=1 h1=0 #W=1 contrib=1173399593761/74300837068800
(0, 0, 1, 1) (0, 0, 1, 2) ((0, 1), (1, 2), (2, 3)) aut=1 h1=0 #W=1 contrib=-18350029079833/74300837068800
(0, 0, 1, 1) (0, 0, 1, 2) ((0, 1), (1, 3), (2, 3)) aut=1 h1=0 #W=1 contrib=4665616963047557/25485187114598400
(0, 0, 1, 1) (0, 0, 1, 2) ((0, 2), (1, 2), (1, 3)) aut=1 h1=0 #W=1 contrib=63545811551/495338913792
(0, 0, 1, 1) (0, 0, 1, 2) ((0, 3), (1, 2), (1, 3)) aut=1 h1=0 #W=1 contrib=-84028973553439/1820370508185600
(0, 0, 1, 1) (0, 0, 2, 1) ((0, 1), (0, 2), (1, 3)) aut=1 h1=0 #W=1 contrib=-386685632929/4953389137920
(0, 0, 1, 1) (0, 0, 2, 1) ((0, 2), (1, 2), (1, 3)) aut=1 h1=0 #W=1 contrib=63545811551/495338913792
(0, 0, 1, 1) (0, 0, 2, 1) ((0, 1), (0, 3), (1, 2)) aut=1 h1=0 #W=1 contrib=-912223534117/37150418534400
(0, 0, 1, 1) (0, 0, 2, 1) ((0, 1), (1, 2), (2, 3)) aut=1 h1=0 #W=1 contrib=-18350029079833/74300837068800
(0, 0, 1, 1) (0, 0, 2, 1) ((0, 1), (1, 2), (1, 3)) aut=1 h1=0 #W=1 contrib=1173399593761/74300837068800
(0, 0, 1, 1) (0, 0, 2, 1) ((0, 1), (1, 3), (2, 3)) aut=1 h1=0 #W=1 contrib=4665616963047557/25485187114598400
(0, 0, 1, 1) (0, 0, 2, 1) ((0, 3), (1, 2), (1, 3)) aut=1 h1=0 #W=1 contrib=-84028973553439/1820370508185600
(0, 0, 1, 1) (0, 0, 3, 1) ((0, 2), (1, 2), (2, 3)) aut=1 h1=0 #W=1 contrib=0
(0, 0, 1, 1) (1, 1, 2, 0) ((0, 2), (0, 3), (1, 2)) aut=1 h1=0 #W=1 contrib=63545811551/495338913792
(0, 0, 1, 1) (1, 1, 2, 0) ((0, 1), (0, 2), (2, 3)) aut=1 h1=0 #W=1 contrib=-18350029079833/74300837068800
(0, 0, 1, 1) (0, 0, 2, 1) ((0, 3), (1, 3), (2, 3)) aut=1 h1=0 #W=1 contrib=0
(0, 0, 1, 1) (0, 0, 3, 1) ((0, 1), (0, 3), (1, 2)) aut=1 h1=0 #W=1 contrib=-386685632929/4953389137920
(0, 0, 1, 1) (0, 0, 3, 1) ((0, 3), (1, 2), (1, 3)) aut=1 h1=0 #W=1 contrib=63545811551/495338913792
(0, 0, 1, 1) (0, 0, 3, 1) ((0, 1), (0, 2), (1, 3)) aut=1 h1=0 #W=1 contrib=-912223534117/37150418534400
(0, 0, 1, 1) (0, 0, 3, 1) ((0, 2), (1, 2), (1, 3)) aut=1 h1=0 #W=1 contrib=-84028973553439/1820370508185600
(0, 0, 1, 1) (0, 0, 3, 1) ((0, 1), (1, 3), (2, 3)) aut=1 h1=0 #W=1 contrib=-18350029079833/74300837068800
(0, 0, 1, 1) (0, 0, 3, 1) ((0, 1), (1, 2), (2, 3)) aut=1 h1=0 #W=1 contrib=4665616963047557/25485187114598400
(0, 0, 1, 1) (0, 0, 3, 1) ((0, 1), (1, 2), (1, 3)) aut=1 h1=0 #W=1 contrib=1173399593761/74300837068800
(0, 0, 1, 1) (1, 1, 3, 0) ((0, 2), (0, 3), (1, 3)) aut=1 h1=0 #W=1 contrib=63545811551/495338913792
(0, 0, 1, 1) (1, 1, 3, 0) ((0, 1), (0, 3), (2, 3)) aut=1 h1=0 #W=1 contrib=-18350029079833/74300837068800
(0, 0, 1, 1) (0, 0, 1, 0) ((0, 1), (0, 3), (1, 2)) aut=1 h1=0 #W=1 contrib=472423566769/4953389137920
(0, 0, 1, 1) (0, 0, 1, 0) ((0, 1), (1, 3), (2, 3)) aut=1 h1=0 #W=1 contrib=1940384957/110075314176
(0, 0, 1, 1) (0, 0, 1, 0) ((0, 3), (1, 2), (1, 3)) aut=1 h1=0 #W=1 contrib=-335980357189/1651129712640
(0, 0, 1, 1) (0, 0, 1, 0) ((0, 2), (1, 2), (2, 3)) aut=1 h1=0 #W=1 contrib=0
(0, 0, 1, 1) (0, 0, 1, 3) ((0, 2), (1, 2), (2, 3)) aut=1 h1=0 #W=1 contrib=0
(0, 0, 1, 1) (1, 1, 0, 2) ((0, 2), (0, 3), (1, 2)) aut=1 h1=0 #W=1 contrib=63545811551/495338913792
(0, 0, 1, 1) (1, 1, 0, 2) ((0, 1), (0, 2), (2, 3)) aut=1 h1=0 #W=1 contrib=-18350029079833/74300837068800
(0, 0, 1, 1) (0, 0, 1, 1) ((0, 2), (0, 3), (1, 3)) aut=1 h1=0 #W=1 contrib=2860648574267/74300837068800
(0, 0, 1, 1) (0, 0, 1, 1) ((0, 1), (0, 3), (1, 2)) aut=1 h1=0 #W=1 contrib=566666303021/18575209267200
(0, 0, 1, 1) (0, 0, 1, 1) ((0, 1), (0, 3), (2, 3)) aut=1 h1=0 #W=1 contrib=5779603714829/74300837068800
(0, 0, 1, 1) (0, 0, 1, 1) ((0, 1), (1, 3), (2, 3)) aut=1 h1=0 #W=1 contrib=5314560747629/74300837068800
(0, 0, 1, 1) (0, 0, 1, 1) ((0, 3), (1, 2), (2, 3)) aut=1 h1=0 #W=1 contrib=716246728911013/3303635366707200
(0, 0, 1, 1) (0, 0, 1, 1) ((0, 3), (1, 2), (1, 3)) aut=1 h1=0 #W=1 contrib=907851807227/74300837068800
(0, 0, 1, 1) (0, 0, 1, 1) ((0, 3), (1, 3), (2, 3)) aut=1 h1=0 #W=1 contrib=3639887007923/9287604633600
(0, 0, 0, 2) (0, 0, 2, 2) ((0, 1), (1, 2), (1, 3)) aut=1 h1=0 #W=1 contrib=-211704686347/4953389137920
(0, 0, 1, 1) (1, 1, 0, 0) ((0, 2), (1, 2), (2, 3)) aut=1 h1=0 #W=1 contrib=3639887007923/9287604633600
(0, 0, 1, 1) (2, 2, 0, 0) ((0, 1), (1, 2), (1, 3)) aut=1 h1=0 #W=1 contrib=3169286329/550376570880
(0, 0, 1, 1) (0, 0, 2, 3) ((0, 1), (1, 2), (1, 3)) aut=1 h1=0 #W=1 contrib=13871751946019/910185254092800
(0, 0, 1, 1) (0, 0, 1, 3) ((0, 1), (0, 2), (1, 3)) aut=1 h1=0 #W=1 contrib=-912223534117/37150418534400
(0, 0, 1, 1) (0, 0, 1, 3) ((0, 2), (1, 2), (1, 3)) aut=1 h1=0 #W=1 contrib=-84028973553439/1820370508185600
(0, 0, 1, 1) (0, 0, 1, 3) ((0, 1), (0, 3), (1, 2)) aut=1 h1=0 #W=1 contrib=-386685632929/4953389137920
(0, 0, 1, 1) (0, 0, 1, 3) ((0, 1), (1, 2), (2, 3)) aut=1 h1=0 #W=1 contrib=4665616963047557/25485187114598400
(0, 0, 1, 1) (0, 0, 1, 3) ((0, 1), (1, 2), (1, 3)) aut=1 h1=0 #W=1 contrib=1173399593761/74300837068800
(0, 0, 1, 1) (0, 0, 1, 3) ((0, 1), (1, 3), (2, 3)) aut=1 h1=0 #W=1 contrib=-18350029079833/74300837068800
(0, 0, 1, 1) (0, 0, 1, 3) ((0, 3), (1, 2), (1, 3)) aut=1 h1=0 #W=1 contrib=63545811551/495338913792
(0, 0, 1, 1) (0, 0, 1, 2) ((0, 2), (0, 3), (1, 2)) aut=1 h1=0 #W=1 contrib=0
(0, 0, 1, 1) (0, 0, 1, 2) ((0, 3), (1, 2), (2, 3)) aut=1 h1=0 #W=1 contrib=0
(0, 0, 1, 1) (0, 0, 1, 2) ((0, 1), (0, 2), (2, 3)) aut=1 h1=0 #W=1 contrib=0
(0, 0, 1, 1) (0, 0, 1, 2) ((0, 2), (1, 3), (2, 3)) aut=1 h1=0 #W=1 contrib=0
(0, 0, 1, 1) (0, 0, 1, 2) ((0, 2), (1, 2), (2, 3)) aut=1 h1=0 #W=1 contrib=0
(0, 0, 0, 2) (0, 0, 2, 1) ((0, 2), (1, 2), (1, 3)) aut=1 h1=0 #W=1 contrib=250196447501/4953389137920
(0, 0, 0, 2) (0, 0, 2, 1) ((0, 1), (1, 2), (2, 3)) aut=1 h1=0 #W=1 contrib=250196447501/4953389137920
(0, 0, 1, 1) (2, 2, 0, 1) ((0, 1), (0, 2), (1, 3)) aut=1 h1=0 #W=1 contrib=-3745520207/550376570880
(0, 0, 1, 1) (2, 2, 0, 1) ((0, 1), (0, 3), (1, 2)) aut=1 h1=0 #W=1 contrib=-3745520207/550376570880
(0, 0, 1, 1) (0, 0, 1, 0) ((0, 3), (1, 3), (2, 3)) aut=1 h1=0 #W=1 contrib=0
(0, 0, 1, 1) (0, 0, 1, 2) ((0, 3), (1, 3), (2, 3)) aut=1 h1=0 #W=1 contrib=0
(0, 0, 1, 1) (1, 1, 0, 3) ((0, 2), (0, 3), (1, 3)) aut=1 h1=0 #W=1 contrib=63545811551/495338913792
(0, 0, 1, 1) (1, 1, 0, 3) ((0, 1), (0, 3), (2, 3)) aut=1 h1=0 #W=1 contrib=-18350029079833/74300837068800
(0, 0, 1, 1) (0, 0, 1, 3) ((0, 2), (0, 3), (1, 3)) aut=1 h1=0 #W=1 contrib=0
(0, 0, 1, 1) (0, 0, 1, 3) ((0, 2), (1, 3), (2, 3)) aut=1 h1=0 #W=1 contrib=0
(0, 0, 1, 1) (0, 0, 1, 3) ((0, 1), (0, 3), (2, 3)) aut=1 h1=0 #W=1 contrib=0
(0, 0, 1, 1) (0, 0, 1, 3) ((0, 3), (1, 2), (2, 3)) aut=1 h1=0 #W=1 contrib=0
(0, 0, 1, 1) (0, 0, 1, 3) ((0, 3), (1, 3), (2, 3)) aut=1 h1=0 #W=1 contrib=0
(0, 0, 1, 1) (1, 1, 0, 0) ((0, 3), (1, 3), (2, 3)) aut=1 h1=0 #W=1 contrib=3639887007923/9287604633600
(0, 0, 1, 1) (0, 1, 0, 0) ((0, 1), (0, 2), (1, 3)) aut=1 h1=0 #W=1 contrib=-266652925511/4953389137920
(0, 0, 1, 1) (0, 1, 0, 0) ((0, 1), (1, 2), (1, 3)) aut=2 h1=0 #W=1 contrib=-398141023/165112971264
(0, 0, 1, 1) (0, 1, 0, 0) ((0, 1), (1, 2), (2, 3)) aut=1 h1=0 #W=1 contrib=-360829483/110075314176
(0, 0, 1, 1) (0, 1, 0, 0) ((0, 2), (1, 2), (1, 3)) aut=1 h1=0 #W=1 contrib=-35969155799/550376570880
(0, 0, 1, 1) (0, 2, 0, 0) ((0, 1), (1, 2), (1, 3)) aut=1 h1=0 #W=1 contrib=16453691317/2476694568960
(0, 0, 1, 1) (0, 3, 0, 0) ((0, 1), (1, 2), (1, 3)) aut=1 h1=0 #W=1 contrib=16453691317/2476694568960
(0, 0, 0, 2) (0, 1, 0, 1) ((0, 2), (1, 2), (2, 3)) aut=1 h1=0 #W=1 contrib=-925551893203/4953389137920
(0, 0, 1, 1) (0, 1, 0, 1) ((0, 1), (0, 2), (0, 3)) aut=2 h1=0 #W=1 contrib=882343194677/74300837068800
(0, 0, 1, 1) (0, 1, 0, 1) ((0, 1), (0, 2), (1, 3)) aut=1 h1=0 #W=1 contrib=894085899833/18575209267200
(0, 0, 1, 1) (0, 1, 0, 1) ((0, 1), (0, 2), (2, 3)) aut=1 h1=0 #W=1 contrib=11648951380997/74300837068800
(0, 0, 1, 1) (0, 1, 0, 1) ((0, 1), (1, 2), (1, 3)) aut=2 h1=0 #W=1 contrib=279892918277/74300837068800
(0, 0, 1, 1) (0, 1, 0, 1) ((0, 1), (1, 2), (2, 3)) aut=1 h1=0 #W=1 contrib=11591773966997/74300837068800
(0, 0, 1, 1) (0, 1, 0, 1) ((0, 2), (0, 3), (1, 2)) aut=1 h1=0 #W=1 contrib=5779604001551/74300837068800
(0, 0, 1, 1) (0, 1, 0, 1) ((0, 2), (1, 2), (1, 3)) aut=1 h1=0 #W=1 contrib=3702388448831/74300837068800
(0, 0, 1, 1) (0, 1, 0, 1) ((0, 2), (1, 2), (2, 3)) aut=1 h1=0 #W=1 contrib=5120890812007/4643802316800
(0, 0, 1, 1) (0, 1, 0, 1) ((0, 2), (1, 3), (2, 3)) aut=1 h1=0 #W=1 contrib=8063630586055907/9910906100121600
(0, 0, 1, 1) (0, 2, 0, 2) ((0, 1), (1, 2), (1, 3)) aut=1 h1=0 #W=1 contrib=3816919/1651129712640
(0, 0, 1, 1) (0, 3, 0, 3) ((0, 1), (1, 2), (1, 3)) aut=1 h1=0 #W=1 contrib=3816919/1651129712640
(0, 0, 1, 1) (1, 2, 1, 2) ((0, 1), (0, 2), (0, 3)) aut=1 h1=0 #W=1 contrib=3816919/1651129712640
(0, 0, 1, 1) (1, 3, 1, 3) ((0, 1), (0, 2), (0, 3)) aut=1 h1=0 #W=1 contrib=3816919/1651129712640
(0, 0, 0, 2) (0, 1, 0, 2) ((0, 1), (1, 2), (2, 3)) aut=1 h1=0 #W=1 contrib=523138026593/4953389137920
(0, 0, 0, 2) (0, 1, 0, 2) ((0, 2), (1, 2), (1, 3)) aut=1 h1=0 #W=1 contrib=-442655253271/4953389137920
(0, 0, 1, 1) (0, 1, 0, 2) ((0, 1), (0, 2), (1, 3)) aut=1 h1=0 #W=1 contrib=31201768075/990677827584
(0, 0, 1, 1) (0, 1, 0, 2) ((0, 1), (0, 3), (1, 2)) aut=1 h1=0 #W=1 contrib=-1260488904661/37150418534400
(0, 0, 1, 1) (0, 1, 0, 2) ((0, 1), (1, 2), (1, 3)) aut=1 h1=0 #W=1 contrib=1029521696173/74300837068800
(0, 0, 1, 1) (0, 1, 0, 2) ((0, 1), (1, 2), (2, 3)) aut=1 h1=0 #W=1 contrib=-38368242621469/74300837068800
(0, 0, 1, 1) (0, 1, 0, 2) ((0, 1), (1, 3), (2, 3)) aut=1 h1=0 #W=1 contrib=9755380922735801/25485187114598400
(0, 0, 1, 1) (0, 1, 0, 2) ((0, 2), (1, 2), (1, 3)) aut=1 h1=0 #W=1 contrib=269495437009/2476694568960
(0, 0, 1, 1) (0, 1, 0, 2) ((0, 3), (1, 2), (1, 3)) aut=1 h1=0 #W=1 contrib=-172125235154767/1820370508185600
(0, 0, 1, 1) (0, 2, 0, 1) ((0, 1), (0, 2), (1, 3)) aut=1 h1=0 #W=1 contrib=-296534570329/4953389137920
(0, 0, 1, 1) (0, 2, 0, 1) ((0, 2), (1, 2), (1, 3)) aut=1 h1=0 #W=1 contrib=299292479677/2476694568960
(0, 0, 1, 1) (0, 2, 0, 1) ((0, 1), (0, 3), (1, 2)) aut=1 h1=0 #W=1 contrib=-860243187601/37150418534400
(0, 0, 1, 1) (0, 2, 0, 1) ((0, 1), (1, 2), (2, 3)) aut=1 h1=0 #W=1 contrib=11365272426131/74300837068800
(0, 0, 1, 1) (0, 2, 0, 1) ((0, 1), (1, 2), (1, 3)) aut=1 h1=0 #W=1 contrib=1568672890693/74300837068800
(0, 0, 1, 1) (0, 2, 0, 1) ((0, 1), (1, 3), (2, 3)) aut=1 h1=0 #W=1 contrib=186294244941863/3640741016371200
(0, 0, 1, 1) (0, 2, 0, 1) ((0, 3), (1, 2), (1, 3)) aut=1 h1=0 #W=1 contrib=-117469943930947/1820370508185600
(0, 0, 1, 1) (0, 3, 0, 1) ((0, 2), (1, 2), (2, 3)) aut=1 h1=0 #W=1 contrib=0
(0, 0, 1, 1) (1, 2, 1, 0) ((0, 2), (0, 3), (1, 2)) aut=1 h1=0 #W=1 contrib=299292479677/2476694568960
(0, 0, 1, 1) (1, 2, 1, 0) ((0, 1), (0, 2), (2, 3)) aut=1 h1=0 #W=1 contrib=11365272426131/74300837068800
(0, 0, 1, 1) (0, 2, 0, 1) ((0, 3), (1, 3), (2, 3)) aut=1 h1=0 #W=1 contrib=0
(0, 0, 1, 1) (0, 3, 0, 1) ((0, 1), (0, 3), (1, 2)) aut=1 h1=0 #W=1 contrib=-296534570329/4953389137920
(0, 0, 1, 1) (0, 3, 0, 1) ((0, 3), (1, 2), (1, 3)) aut=1 h1=0 #W=1 contrib=299292479677/2476694568960
(0, 0, 1, 1) (0, 3, 0, 1) ((0, 1), (0, 2), (1, 3)) aut=1 h1=0 #W=1 contrib=-860243187601/37150418534400
(0, 0, 1, 1) (0, 3, 0, 1) ((0, 2), (1, 2), (1, 3)) aut=1 h1=0 #W=1 contrib=-117469943930947/1820370508185600
(0, 0, 1, 1) (0, 3, 0, 1) ((0, 1), (1, 3), (2, 3)) aut=1 h1=0 #W=1 contrib=11365272426131/74300837068800
(0, 0, 1, 1) (0, 3, 0, 1) ((0, 1), (1, 2), (2, 3)) aut=1 h1=0 #W=1 contrib=186294244941863/3640741016371200
(0, 0, 1, 1) (0, 3, 0, 1) ((0, 1), (1, 2), (1, 3)) aut=1 h1=0 #W=1 contrib=1568672890693/74300837068800
(0, 0, 1, 1) (1, 3, 1, 0) ((0, 2), (0, 3), (1, 3)) aut=1 h1=0 #W=1 contrib=299292479677/2476694568960
(0, 0, 1, 1) (1, 3, 1, 0) ((0, 1), (0, 3), (2, 3)) aut=1 h1=0 #W=1 contrib=11365272426131/74300837068800
(0, 0, 0, 2) (0, 1, 1, 0) ((0, 2), (1, 2), (2, 3)) aut=1 h1=0 #W=1 contrib=-925551893203/4953389137920
(0, 0, 1, 1) (0, 1, 1, 0) ((0, 1), (0, 2), (0, 3)) aut=2 h1=0 #W=1 contrib=882343194677/74300837068800
(0, 0, 1, 1) (0, 1, 1, 0) ((0, 1), (0, 2), (1, 3)) aut=1 h1=0 #W=1 contrib=894085899833/18575209267200
(0, 0, 1, 1) (0, 1, 1, 0) ((0, 1), (0, 2), (2, 3)) aut=1 h1=0 #W=1 contrib=11648951380997/74300837068800
(0, 0, 1, 1) (0, 1, 1, 0) ((0, 1), (1, 2), (1, 3)) aut=2 h1=0 #W=1 contrib=279892918277/74300837068800
(0, 0, 1, 1) (0, 1, 1, 0) ((0, 1), (1, 2), (2, 3)) aut=1 h1=0 #W=1 contrib=11591773966997/74300837068800
(0, 0, 1, 1) (0, 1, 1, 0) ((0, 2), (0, 3), (1, 2)) aut=1 h1=0 #W=1 contrib=5779604001551/74300837068800
(0, 0, 1, 1) (0, 1, 1, 0) ((0, 2), (1, 2), (1, 3)) aut=1 h1=0 #W=1 contrib=3702388448831/74300837068800
(0, 0, 1, 1) (0, 1, 1, 0) ((0, 2), (1, 2), (2, 3)) aut=1 h1=0 #W=1 contrib=5120890812007/4643802316800
(0, 0, 1, 1) (0, 1, 1, 0) ((0, 2), (1, 3), (2, 3)) aut=1 h1=0 #W=1 contrib=8063630586055907/9910906100121600
(0, 0, 1, 1) (0, 2, 2, 0) ((0, 1), (1, 2), (1, 3)) aut=1 h1=0 #W=1 contrib=3816919/1651129712640
(0, 0, 1, 1) (0, 3, 3, 0) ((0, 1), (1, 2), (1, 3)) aut=1 h1=0 #W=1 contrib=3816919/1651129712640
(0, 0, 1, 1) (1, 2, 2, 1) ((0, 1), (0, 2), (0, 3)) aut=1 h1=0 #W=1 contrib=3816919/1651129712640
(0, 0, 1, 1) (1, 3, 3, 1) ((0, 1), (0, 2), (0, 3)) aut=1 h1=0 #W=1 contrib=3816919/1651129712640
(0, 0, 1, 1) (0, 1, 1, 1) ((0, 1), (0, 2), (0, 3)) aut=2 h1=0 #W=1 contrib=-8286146323/165112971264
(0, 0, 1, 1) (0, 1, 1, 1) ((0, 1), (0, 2), (1, 3)) aut=1 h1=0 #W=1 contrib=-623065288811/4953389137920
(0, 0, 1, 1) (0, 1, 1, 1) ((0, 1), (0, 2), (2, 3)) aut=1 h1=0 #W=1 contrib=-1334963203/110075314176
(0, 0, 1, 1) (0, 1, 1, 1) ((0, 2), (0, 3), (1, 2)) aut=1 h1=0 #W=1 contrib=-71411946899/550376570880
(0, 0, 1, 1) (1, 2, 2, 2) ((0, 1), (0, 2), (0, 3)) aut=1 h1=0 #W=1 contrib=0
(0, 0, 1, 1) (1, 3, 3, 3) ((0, 1), (0, 2), (0, 3)) aut=1 h1=0 #W=1 contrib=0
(0, 0, 0, 2) (0, 1, 1, 2) ((0, 1), (0, 2), (2, 3)) aut=1 h1=0 #W=1 contrib=523138026593/4953389137920
(0, 0, 0, 2) (0, 1, 1, 2) ((0, 2), (0, 3), (1, 2)) aut=1 h1=0 #W=1 contrib=-925551893203/4953389137920
(0, 0, 1, 1) (0, 1, 1, 2) ((0, 1), (0, 2), (0, 3)) aut=1 h1=0 #W=1 contrib=859728178573/74300837068800
(0, 0, 1, 1) (0, 1, 1, 2) ((0, 1), (0, 2), (1, 3)) aut=1 h1=0 #W=1 contrib=-1175592145861/37150418534400
(0, 0, 1, 1) (0, 1, 1, 2) ((0, 1), (0, 2), (2, 3)) aut=1 h1=0 #W=1 contrib=-38368242621469/74300837068800
(0, 0, 1, 1) (0, 1, 1, 2) ((0, 1), (0, 3), (1, 2)) aut=1 h1=0 #W=1 contrib=403773644027/4953389137920
(0, 0, 1, 1) (0, 1, 1, 2) ((0, 1), (0, 3), (2, 3)) aut=1 h1=0 #W=1 contrib=9755380922735801/25485187114598400
(0, 0, 1, 1) (0, 1, 1, 2) ((0, 2), (0, 3), (1, 2)) aut=1 h1=0 #W=1 contrib=54688433543/495338913792
(0, 0, 1, 1) (0, 1, 1, 2) ((0, 2), (0, 3), (1, 3)) aut=1 h1=0 #W=1 contrib=-172125235154767/1820370508185600
(0, 0, 1, 1) (0, 2, 2, 1) ((0, 1), (0, 2), (1, 3)) aut=1 h1=0 #W=1 contrib=-2157389/1651129712640
(0, 0, 1, 1) (0, 2, 2, 1) ((0, 1), (0, 3), (1, 2)) aut=1 h1=0 #W=1 contrib=3816919/1651129712640
(0, 0, 1, 1) (1, 2, 2, 0) ((0, 1), (0, 3), (1, 2)) aut=1 h1=0 #W=1 contrib=-2157389/1651129712640
(0, 0, 1, 1) (1, 2, 2, 0) ((0, 2), (0, 3), (1, 2)) aut=1 h1=0 #W=1 contrib=0
(0, 0, 1, 1) (1, 2, 2, 0) ((0, 1), (0, 2), (1, 3)) aut=1 h1=0 #W=1 contrib=3816919/1651129712640
(0, 0, 1, 1) (1, 2, 2, 0) ((0, 1), (0, 2), (2, 3)) aut=1 h1=0 #W=1 contrib=0
(0, 0, 1, 1) (1, 2, 2, 0) ((0, 1), (0, 2), (0, 3)) aut=1 h1=0 #W=1 contrib=0
(0, 0, 1, 1) (1, 2, 2, 0) ((0, 1), (0, 3), (2, 3)) aut=1 h1=0 #W=1 contrib=0
(0, 0, 1, 1) (1, 2, 2, 0) ((0, 2), (0, 3), (1, 3)) aut=1 h1=0 #W=1 contrib=0
(0, 0, 1, 1) (1, 3, 3, 0) ((0, 2), (1, 2), (2, 3)) aut=1 h1=0 #W=1 contrib=0
(0, 0, 1, 1) (0, 3, 3, 1) ((0, 1), (0, 3), (1, 2)) aut=1 h1=0 #W=1 contrib=-2157389/1651129712640
(0, 0, 1, 1) (0, 3, 3, 1) ((0, 1), (0, 2), (1, 3)) aut=1 h1=0 #W=1 contrib=3816919/1651129712640
(0, 0, 1, 1) (1, 2, 2, 0) ((0, 3), (1, 3), (2, 3)) aut=1 h1=0 #W=1 contrib=0
(0, 0, 1, 1) (1, 3, 3, 0) ((0, 1), (0, 2), (1, 3)) aut=1 h1=0 #W=1 contrib=-2157389/1651129712640
(0, 0, 1, 1) (1, 3, 3, 0) ((0, 2), (0, 3), (1, 3)) aut=1 h1=0 #W=1 contrib=0
(0, 0, 1, 1) (1, 3, 3, 0) ((0, 1), (0, 3), (1, 2)) aut=1 h1=0 #W=1 contrib=3816919/1651129712640
(0, 0, 1, 1) (1, 3, 3, 0) ((0, 2), (0, 3), (1, 2)) aut=1 h1=0 #W=1 contrib=0
(0, 0, 1, 1) (1, 3, 3, 0) ((0, 1), (0, 3), (2, 3)) aut=1 h1=0 #W=1 contrib=0
(0, 0, 1, 1) (1, 3, 3, 0) ((0, 1), (0, 2), (2, 3)) aut=1 h1=0 #W=1 contrib=0
(0, 0, 1, 1) (1, 3, 3, 0) ((0, 1), (0, 2), (0, 3)) aut=1 h1=0 #W=1 contrib=0
(0, 0, 0, 2) (0, 1, 2, 0) ((0, 1), (1, 2), (2, 3)) aut=1 h1=0 #W=1 contrib=523138026593/4953389137920
(0, 0, 0, 2) (0, 1, 2, 0) ((0, 2), (1, 2), (1, 3)) aut=1 h1=0 #W=1 contrib=-442655253271/4953389137920
(0, 0, 1, 1) (0, 1, 2, 0) ((0, 1), (0, 2), (1, 3)) aut=1 h1=0 #W=1 contrib=31201768075/990677827584
(0, 0, 1, 1) (0, 1, 2, 0) ((0, 1), (0, 3), (1, 2)) aut=1 h1=0 #W=1 contrib=-1260488904661/37150418534400
(0, 0, 1, 1) (0, 1, 2, 0) ((0, 1), (1, 2), (1, 3)) aut=1 h1=0 #W=1 contrib=1029521696173/74300837068800
(0, 0, 1, 1) (0, 1, 2, 0) ((0, 1), (1, 2), (2, 3)) aut=1 h1=0 #W=1 contrib=-38368242621469/74300837068800
(0, 0, 1, 1) (0, 1, 2, 0) ((0, 1), (1, 3), (2, 3)) aut=1 h1=0 #W=1 contrib=9755380922735801/25485187114598400
(0, 0, 1, 1) (0, 1, 2, 0) ((0, 2), (1, 2), (1, 3)) aut=1 h1=0 #W=1 contrib=269495437009/2476694568960
(0, 0, 1, 1) (0, 1, 2, 0) ((0, 3), (1, 2), (1, 3)) aut=1 h1=0 #W=1 contrib=-172125235154767/1820370508185600
(0, 0, 1, 1) (0, 2, 1, 0) ((0, 1), (0, 2), (1, 3)) aut=1 h1=0 #W=1 contrib=-296534570329/4953389137920
(0, 0, 1, 1) (0, 2, 1, 0) ((0, 2), (1, 2), (1, 3)) aut=1 h1=0 #W=1 contrib=299292479677/2476694568960
(0, 0, 1, 1) (0, 2, 1, 0) ((0, 1), (0, 3), (1, 2)) aut=1 h1=0 #W=1 contrib=-860243187601/37150418534400
(0, 0, 1, 1) (0, 2, 1, 0) ((0, 1), (1, 2), (2, 3)) aut=1 h1=0 #W=1 contrib=11365272426131/74300837068800
(0, 0, 1, 1) (0, 2, 1, 0) ((0, 1), (1, 2), (1, 3)) aut=1 h1=0 #W=1 contrib=1568672890693/74300837068800
(0, 0, 1, 1) (0, 2, 1, 0) ((0, 1), (1, 3), (2, 3)) aut=1 h1=0 #W=1 contrib=186294244941863/3640741016371200
(0, 0, 1, 1) (0, 2, 1, 0) ((0, 3), (1, 2), (1, 3)) aut=1 h1=0 #W=1 contrib=-117469943930947/1820370508185600
(0, 0, 1, 1) (0, 3, 1, 0) ((0, 2), (1, 2), (2, 3)) aut=1 h1=0 #W=1 contrib=0
(0, 0, 1, 1) (1, 2, 0, 1) ((0, 2), (0, 3), (1, 2)) aut=1 h1=0 #W=1 contrib=299292479677/2476694568960
(0, 0, 1, 1) (1, 2, 0, 1) ((0, 1), (0, 2), (2, 3)) aut=1 h1=0 #W=1 contrib=11365272426131/74300837068800
(0, 0, 0, 2) (0, 1, 2, 1) ((0, 1), (0, 2), (2, 3)) aut=1 h1=0 #W=1 contrib=523138026593/4953389137920
(0, 0, 0, 2) (0, 1, 2, 1) ((0, 2), (0, 3), (1, 2)) aut=1 h1=0 #W=1 contrib=-925551893203/4953389137920
(0, 0, 1, 1) (0, 1, 2, 1) ((0, 1), (0, 2), (0, 3)) aut=1 h1=0 #W=1 contrib=859728178573/74300837068800
(0, 0, 1, 1) (0, 1, 2, 1) ((0, 1), (0, 2), (1, 3)) aut=1 h1=0 #W=1 contrib=-1175592145861/37150418534400
(0, 0, 1, 1) (0, 1, 2, 1) ((0, 1), (0, 2), (2, 3)) aut=1 h1=0 #W=1 contrib=-38368242621469/74300837068800
(0, 0, 1, 1) (0, 1, 2, 1) ((0, 1), (0, 3), (1, 2)) aut=1 h1=0 #W=1 contrib=403773644027/4953389137920
(0, 0, 1, 1) (0, 1, 2, 1) ((0, 1), (0, 3), (2, 3)) aut=1 h1=0 #W=1 contrib=9755380922735801/25485187114598400
(0, 0, 1, 1) (0, 1, 2, 1) ((0, 2), (0, 3), (1, 2)) aut=1 h1=0 #W=1 contrib=54688433543/495338913792
(0, 0, 1, 1) (0, 1, 2, 1) ((0, 2), (0, 3), (1, 3)) aut=1 h1=0 #W=1 contrib=-172125235154767/1820370508185600
(0, 0, 1, 1) (0, 2, 1, 2) ((0, 1), (0, 2), (1, 3)) aut=1 h1=0 #W=1 contrib=-2157389/1651129712640
(0, 0, 1, 1) (0, 2, 1, 2) ((0, 1), (0, 3), (1, 2)) aut=1 h1=0 #W=1 contrib=3816919/1651129712640
(0, 0, 1, 1) (1, 2, 0, 2) ((0, 1), (0, 3), (1, 2)) aut=1 h1=0 #W=1 contrib=-2157389/1651129712640
(0, 0, 1, 1) (1, 2, 0, 2) ((0, 2), (0, 3), (1, 2)) aut=1 h1=0 #W=1 contrib=0
(0, 0, 1, 1) (1, 2, 0, 2) ((0, 1), (0, 2), (1, 3)) aut=1 h1=0 #W=1 contrib=3816919/1651129712640
(0, 0, 1, 1) (1, 2, 0, 2) ((0, 1), (0, 2), (2, 3)) aut=1 h1=0 #W=1 contrib=0
(0, 0, 1, 1) (1, 2, 0, 2) ((0, 1), (0, 2), (0, 3)) aut=1 h1=0 #W=1 contrib=0
(0, 0, 1, 1) (1, 2, 0, 2) ((0, 1), (0, 3), (2, 3)) aut=1 h1=0 #W=1 contrib=0
(0, 0, 1, 1) (1, 2, 0, 2) ((0, 2), (0, 3), (1, 3)) aut=1 h1=0 #W=1 contrib=0
(0, 0, 1, 1) (1, 3, 0, 3) ((0, 2), (1, 2), (2, 3)) aut=1 h1=0 #W=1 contrib=0
(0, 0, 0, 2) (0, 1, 2, 2) ((0, 1), (0, 2), (1, 3)) aut=1 h1=0 #W=1 contrib=-211704686347/4953389137920
(0, 0, 0, 2) (0, 1, 2, 2) ((0, 1), (0, 3), (1, 2)) aut=1 h1=0 #W=1 contrib=-442655253271/4953389137920
(0, 0, 1, 1) (0, 1, 2, 2) ((0, 1), (0, 2), (1, 3)) aut=1 h1=0 #W=1 contrib=-8407094993/330225942528
(0, 0, 1, 1) (0, 1, 2, 2) ((0, 1), (0, 3), (1, 2)) aut=1 h1=0 #W=1 contrib=-17578471349/330225942528
(0, 0, 1, 1) (0, 2, 1, 1) ((0, 1), (0, 2), (0, 3)) aut=1 h1=0 #W=1 contrib=272529441721/74300837068800
(0, 0, 1, 1) (0, 2, 1, 1) ((0, 1), (0, 2), (2, 3)) aut=1 h1=0 #W=1 contrib=5435565073367/74300837068800
(0, 0, 1, 1) (0, 2, 1, 1) ((0, 1), (0, 2), (1, 3)) aut=1 h1=0 #W=1 contrib=-151323531457/37150418534400
(0, 0, 1, 1) (0, 2, 1, 1) ((0, 2), (0, 3), (1, 2)) aut=1 h1=0 #W=1 contrib=46479436013/495338913792
(0, 0, 1, 1) (0, 2, 1, 1) ((0, 2), (0, 3), (1, 3)) aut=1 h1=0 #W=1 contrib=-57347075244499/1820370508185600
(0, 0, 1, 1) (0, 2, 1, 1) ((0, 1), (0, 3), (1, 2)) aut=1 h1=0 #W=1 contrib=333299702147/4953389137920
(0, 0, 1, 1) (0, 2, 1, 1) ((0, 1), (0, 3), (2, 3)) aut=1 h1=0 #W=1 contrib=89097247580891/3640741016371200
(0, 0, 1, 1) (1, 2, 0, 0) ((0, 1), (1, 2), (2, 3)) aut=1 h1=0 #W=1 contrib=5435565073367/74300837068800
(0, 0, 1, 1) (1, 2, 0, 0) ((0, 2), (1, 2), (1, 3)) aut=1 h1=0 #W=1 contrib=46479436013/495338913792
(0, 0, 1, 1) (1, 2, 0, 0) ((0, 2), (1, 2), (2, 3)) aut=1 h1=0 #W=1 contrib=0
(0, 0, 1, 1) (1, 2, 0, 0) ((0, 2), (0, 3), (1, 2)) aut=1 h1=0 #W=1 contrib=0
(0, 0, 1, 1) (1, 2, 0, 0) ((0, 3), (1, 2), (2, 3)) aut=1 h1=0 #W=1 contrib=0
(0, 0, 1, 1) (1, 2, 0, 0) ((0, 1), (0, 2), (2, 3)) aut=1 h1=0 #W=1 contrib=0
(0, 0, 1, 1) (1, 2, 0, 0) ((0, 2), (1, 3), (2, 3)) aut=1 h1=0 #W=1 contrib=0
(0, 0, 1, 1) (2, 3, 0, 0) ((0, 1), (1, 2), (1, 3)) aut=1 h1=0 #W=1 contrib=20800919957939/910185254092800
(0, 0, 1, 1) (0, 1, 2, 3) ((0, 1), (0, 2), (1, 3)) aut=1 h1=0 #W=1 contrib=29004572250767/910185254092800
(0, 0, 1, 1) (0, 1, 2, 3) ((0, 1), (0, 3), (1, 2)) aut=1 h1=0 #W=1 contrib=29004572250767/910185254092800
(0, 0, 1, 1) (0, 2, 1, 3) ((0, 1), (0, 2), (1, 3)) aut=1 h1=0 #W=1 contrib=9467025110279/910185254092800
(0, 0, 1, 1) (0, 2, 1, 3) ((0, 1), (0, 3), (1, 2)) aut=1 h1=0 #W=1 contrib=19794688866947/910185254092800
(0, 0, 1, 1) (0, 3, 1, 2) ((0, 2), (0, 3), (1, 2)) aut=1 h1=0 #W=1 contrib=0
(0, 0, 1, 1) (0, 3, 1, 2) ((0, 1), (0, 2), (2, 3)) aut=1 h1=0 #W=1 contrib=0
(0, 0, 1, 1) (1, 2, 0, 3) ((0, 2), (0, 3), (1, 2)) aut=1 h1=0 #W=1 contrib=0
(0, 0, 1, 1) (1, 2, 0, 3) ((0, 1), (0, 2), (2, 3)) aut=1 h1=0 #W=1 contrib=0
(0, 0, 1, 1) (1, 3, 0, 2) ((0, 2), (1, 3), (2, 3)) aut=1 h1=0 #W=1 contrib=0
(0, 0, 1, 1) (1, 3, 0, 2) ((0, 3), (1, 2), (2, 3)) aut=1 h1=0 #W=1 contrib=0
(0, 0, 1, 1) (2, 3, 0, 1) ((0, 1), (0, 2), (1, 3)) aut=1 h1=0 #W=1 contrib=43492832639327/910185254092800
(0, 0, 1, 1) (2, 3, 0, 1) ((0, 1), (0, 3), (1, 2)) aut=1 h1=0 #W=1 contrib=43492832639327/910185254092800
(0, 0, 1, 1) (0, 2, 1, 0) ((0, 3), (1, 3), (2, 3)) aut=1 h1=0 #W=1 contrib=0
(0, 0, 1, 1) (0, 3, 1, 0) ((0, 1), (0, 3), (1, 2)) aut=1 h1=0 #W=1 contrib=-296534570329/4953389137920
(0, 0, 1, 1) (0, 3, 1, 0) ((0, 3), (1, 2), (1, 3)) aut=1 h1=0 #W=1 contrib=299292479677/2476694568960
(0, 0, 1, 1) (0, 3, 1, 0) ((0, 1), (0, 2), (1, 3)) aut=1 h1=0 #W=1 contrib=-860243187601/37150418534400
(0, 0, 1, 1) (0, 3, 1, 0) ((0, 2), (1, 2), (1, 3)) aut=1 h1=0 #W=1 contrib=-117469943930947/1820370508185600
(0, 0, 1, 1) (0, 3, 1, 0) ((0, 1), (1, 3), (2, 3)) aut=1 h1=0 #W=1 contrib=11365272426131/74300837068800
(0, 0, 1, 1) (0, 3, 1, 0) ((0, 1), (1, 2), (2, 3)) aut=1 h1=0 #W=1 contrib=186294244941863/3640741016371200
(0, 0, 1, 1) (0, 3, 1, 0) ((0, 1), (1, 2), (1, 3)) aut=1 h1=0 #W=1 contrib=1568672890693/74300837068800
(0, 0, 1, 1) (1, 3, 0, 1) ((0, 2), (0, 3), (1, 3)) aut=1 h1=0 #W=1 contrib=299292479677/2476694568960
(0, 0, 1, 1) (1, 3, 0, 1) ((0, 1), (0, 3), (2, 3)) aut=1 h1=0 #W=1 contrib=11365272426131/74300837068800
(0, 0, 1, 1) (0, 3, 1, 3) ((0, 1), (0, 3), (1, 2)) aut=1 h1=0 #W=1 contrib=-2157389/1651129712640
(0, 0, 1, 1) (0, 3, 1, 3) ((0, 1), (0, 2), (1, 3)) aut=1 h1=0 #W=1 contrib=3816919/1651129712640
(0, 0, 1, 1) (1, 2, 0, 2) ((0, 3), (1, 3), (2, 3)) aut=1 h1=0 #W=1 contrib=0
(0, 0, 1, 1) (1, 3, 0, 3) ((0, 1), (0, 2), (1, 3)) aut=1 h1=0 #W=1 contrib=-2157389/1651129712640
(0, 0, 1, 1) (1, 3, 0, 3) ((0, 2), (0, 3), (1, 3)) aut=1 h1=0 #W=1 contrib=0
(0, 0, 1, 1) (1, 3, 0, 3) ((0, 1), (0, 3), (1, 2)) aut=1 h1=0 #W=1 contrib=3816919/1651129712640
(0, 0, 1, 1) (1, 3, 0, 3) ((0, 2), (0, 3), (1, 2)) aut=1 h1=0 #W=1 contrib=0
(0, 0, 1, 1) (1, 3, 0, 3) ((0, 1), (0, 3), (2, 3)) aut=1 h1=0 #W=1 contrib=0
(0, 0, 1, 1) (1, 3, 0, 3) ((0, 1), (0, 2), (2, 3)) aut=1 h1=0 #W=1 contrib=0
(0, 0, 1, 1) (1, 3, 0, 3) ((0, 1), (0, 2), (0, 3)) aut=1 h1=0 #W=1 contrib=0
(0, 0, 1, 1) (0, 2, 1, 3) ((0, 2), (0, 3), (1, 3)) aut=1 h1=0 #W=1 contrib=0
(0, 0, 1, 1) (0, 2, 1, 3) ((0, 1), (0, 3), (2, 3)) aut=1 h1=0 #W=1 contrib=0
(0, 0, 1, 1) (0, 3, 1, 2) ((0, 1), (0, 3), (1, 2)) aut=1 h1=0 #W=1 contrib=9467025110279/910185254092800
(0, 0, 1, 1) (0, 3, 1, 2) ((0, 1), (0, 2), (1, 3)) aut=1 h1=0 #W=1 contrib=19794688866947/910185254092800
(0, 0, 1, 1) (1, 2, 0, 3) ((0, 3), (1, 2), (2, 3)) aut=1 h1=0 #W=1 contrib=0
(0, 0, 1, 1) (1, 2, 0, 3) ((0, 2), (1, 3), (2, 3)) aut=1 h1=0 #W=1 contrib=0
(0, 0, 1, 1) (1, 3, 0, 2) ((0, 2), (0, 3), (1, 3)) aut=1 h1=0 #W=1 contrib=0
(0, 0, 1, 1) (1, 3, 0, 2) ((0, 1), (0, 3), (2, 3)) aut=1 h1=0 #W=1 contrib=0
(0, 0, 1, 1) (0, 3, 1, 1) ((0, 1), (0, 2), (0, 3)) aut=1 h1=0 #W=1 contrib=272529441721/74300837068800
(0, 0, 1, 1) (0, 3, 1, 1) ((0, 2), (0, 3), (1, 3)) aut=1 h1=0 #W=1 contrib=46479436013/495338913792
(0, 0, 1, 1) (0, 3, 1, 1) ((0, 2), (0, 3), (1, 2)) aut=1 h1=0 #W=1 contrib=-57347075244499/1820370508185600
(0, 0, 1, 1) (0, 3, 1, 1) ((0, 1), (0, 3), (2, 3)) aut=1 h1=0 #W=1 contrib=5435565073367/74300837068800
(0, 0, 1, 1) (0, 3, 1, 1) ((0, 1), (0, 3), (1, 2)) aut=1 h1=0 #W=1 contrib=-151323531457/37150418534400
(0, 0, 1, 1) (0, 3, 1, 1) ((0, 1), (0, 2), (2, 3)) aut=1 h1=0 #W=1 contrib=89097247580891/3640741016371200
(0, 0, 1, 1) (0, 3, 1, 1) ((0, 1), (0, 2), (1, 3)) aut=1 h1=0 #W=1 contrib=333299702147/4953389137920
(0, 0, 1, 1) (1, 3, 0, 0) ((0, 3), (1, 2), (1, 3)) aut=1 h1=0 #W=1 contrib=46479436013/495338913792
(0, 0, 1, 1) (1, 3, 0, 0) ((0, 1), (1, 3), (2, 3)) aut=1 h1=0 #W=1 contrib=5435565073367/74300837068800
(0, 0, 1, 1) (1, 3, 0, 0) ((0, 3), (1, 3), (2, 3)) aut=1 h1=0 #W=1 contrib=0
(0, 0, 1, 1) (1, 3, 0, 0) ((0, 2), (1, 3), (2, 3)) aut=1 h1=0 #W=1 contrib=0
(0, 0, 1, 1) (1, 3, 0, 0) ((0, 2), (0, 3), (1, 3)) aut=1 h1=0 #W=1 contrib=0
(0, 0, 1, 1) (1, 3, 0, 0) ((0, 3), (1, 2), (2, 3)) aut=1 h1=0 #W=1 contrib=0
(0, 0, 1, 1) (1, 3, 0, 0) ((0, 1), (0, 3), (2, 3)) aut=1 h1=0 #W=1 contrib=0
(0, 0, 1, 1) (0, 1, 0, 0) ((0, 1), (0, 3), (1, 2)) aut=1 h1=0 #W=1 contrib=-266652925511/4953389137920
(0, 0, 1, 1) (0, 1, 0, 0) ((0, 1), (1, 3), (2, 3)) aut=1 h1=0 #W=1 contrib=-360829483/110075314176
(0, 0, 1, 1) (0, 1, 0, 0) ((0, 3), (1, 2), (1, 3)) aut=1 h1=0 #W=1 contrib=-35969155799/550376570880
(0, 0, 1, 1) (0, 1, 0, 0) ((0, 2), (1, 2), (2, 3)) aut=1 h1=0 #W=1 contrib=0
(0, 0, 1, 1) (0, 1, 0, 3) ((0, 2), (1, 2), (2, 3)) aut=1 h1=0 #W=1 contrib=0
(0, 0, 1, 1) (1, 0, 1, 2) ((0, 2), (0, 3), (1, 2)) aut=1 h1=0 #W=1 contrib=269495437009/2476694568960
(0, 0, 1, 1) (1, 0, 1, 2) ((0, 1), (0, 2), (2, 3)) aut=1 h1=0 #W=1 contrib=-38368242621469/74300837068800
(0, 0, 1, 1) (0, 1, 0, 1) ((0, 2), (0, 3), (1, 3)) aut=1 h1=0 #W=1 contrib=5779604001551/74300837068800
(0, 0, 1, 1) (0, 1, 0, 1) ((0, 1), (0, 3), (1, 2)) aut=1 h1=0 #W=1 contrib=894085899833/18575209267200
(0, 0, 1, 1) (0, 1, 0, 1) ((0, 1), (0, 3), (2, 3)) aut=1 h1=0 #W=1 contrib=11648951380997/74300837068800
(0, 0, 1, 1) (0, 1, 0, 1) ((0, 1), (1, 3), (2, 3)) aut=1 h1=0 #W=1 contrib=11591773966997/74300837068800
(0, 0, 1, 1) (0, 1, 0, 1) ((0, 3), (1, 2), (2, 3)) aut=1 h1=0 #W=1 contrib=8063630586055907/9910906100121600
(0, 0, 1, 1) (0, 1, 0, 1) ((0, 3), (1, 2), (1, 3)) aut=1 h1=0 #W=1 contrib=3702388448831/74300837068800
(0, 0, 1, 1) (0, 1, 0, 1) ((0, 3), (1, 3), (2, 3)) aut=1 h1=0 #W=1 contrib=5120890812007/4643802316800
(0, 0, 0, 2) (0, 2, 0, 2) ((0, 1), (1, 2), (1, 3)) aut=1 h1=0 #W=1 contrib=-925551893203/4953389137920
(0, 0, 1, 1) (1, 0, 1, 0) ((0, 2), (1, 2), (2, 3)) aut=1 h1=0 #W=1 contrib=5120890812007/4643802316800
(0, 0, 1, 1) (2, 0, 2, 0) ((0, 1), (1, 2), (1, 3)) aut=1 h1=0 #W=1 contrib=28065585803/330225942528
(0, 0, 1, 1) (0, 2, 0, 3) ((0, 1), (1, 2), (1, 3)) aut=1 h1=0 #W=1 contrib=19794688866947/910185254092800
(0, 0, 1, 1) (0, 1, 0, 3) ((0, 1), (0, 2), (1, 3)) aut=1 h1=0 #W=1 contrib=-1260488904661/37150418534400
(0, 0, 1, 1) (0, 1, 0, 3) ((0, 2), (1, 2), (1, 3)) aut=1 h1=0 #W=1 contrib=-172125235154767/1820370508185600
(0, 0, 1, 1) (0, 1, 0, 3) ((0, 1), (0, 3), (1, 2)) aut=1 h1=0 #W=1 contrib=31201768075/990677827584
(0, 0, 1, 1) (0, 1, 0, 3) ((0, 1), (1, 2), (2, 3)) aut=1 h1=0 #W=1 contrib=9755380922735801/25485187114598400
(0, 0, 1, 1) (0, 1, 0, 3) ((0, 1), (1, 2), (1, 3)) aut=1 h1=0 #W=1 contrib=1029521696173/74300837068800
(0, 0, 1, 1) (0, 1, 0, 3) ((0, 1), (1, 3), (2, 3)) aut=1 h1=0 #W=1 contrib=-38368242621469/74300837068800
(0, 0, 1, 1) (0, 1, 0, 3) ((0, 3), (1, 2), (1, 3)) aut=1 h1=0 #W=1 contrib=269495437009/2476694568960
(0, 0, 1, 1) (0, 1, 0, 2) ((0, 2), (0, 3), (1, 2)) aut=1 h1=0 #W=1 contrib=0
(0, 0, 1, 1) (0, 1, 0, 2) ((0, 3), (1, 2), (2, 3)) aut=1 h1=0 #W=1 contrib=0
(0, 0, 1, 1) (0, 1, 0, 2) ((0, 1), (0, 2), (2, 3)) aut=1 h1=0 #W=1 contrib=0
(0, 0, 1, 1) (0, 1, 0, 2) ((0, 2), (1, 3), (2, 3)) aut=1 h1=0 #W=1 contrib=0
(0, 0, 1, 1) (0, 1, 0, 2) ((0, 2), (1, 2), (2, 3)) aut=1 h1=0 #W=1 contrib=0
(0, 0, 0, 2) (0, 2, 0, 1) ((0, 2), (1, 2), (1, 3)) aut=1 h1=0 #W=1 contrib=523138026593/4953389137920
(0, 0, 0, 2) (0, 2, 0, 1) ((0, 1), (1, 2), (2, 3)) aut=1 h1=0 #W=1 contrib=-442655253271/4953389137920
(0, 0, 1, 1) (2, 0, 2, 1) ((0, 1), (0, 2), (1, 3)) aut=1 h1=0 #W=1 contrib=-15863157193/330225942528
(0, 0, 1, 1) (2, 0, 2, 1) ((0, 1), (0, 3), (1, 2)) aut=1 h1=0 #W=1 contrib=13422671471/330225942528
(0, 0, 1, 1) (0, 1, 3, 0) ((0, 2), (1, 2), (2, 3)) aut=1 h1=0 #W=1 contrib=0
(0, 0, 1, 1) (1, 0, 2, 1) ((0, 2), (0, 3), (1, 2)) aut=1 h1=0 #W=1 contrib=269495437009/2476694568960
(0, 0, 1, 1) (1, 0, 2, 1) ((0, 1), (0, 2), (2, 3)) aut=1 h1=0 #W=1 contrib=-38368242621469/74300837068800
(0, 0, 1, 1) (1, 0, 2, 2) ((0, 1), (0, 3), (1, 2)) aut=1 h1=0 #W=1 contrib=-8407094993/330225942528
(0, 0, 1, 1) (1, 0, 2, 2) ((0, 2), (0, 3), (1, 2)) aut=1 h1=0 #W=1 contrib=0
(0, 0, 1, 1) (1, 0, 2, 2) ((0, 1), (0, 2), (1, 3)) aut=1 h1=0 #W=1 contrib=-17578471349/330225942528
(0, 0, 1, 1) (1, 0, 2, 2) ((0, 1), (0, 2), (2, 3)) aut=1 h1=0 #W=1 contrib=0
(0, 0, 1, 1) (1, 0, 2, 2) ((0, 1), (0, 2), (0, 3)) aut=1 h1=0 #W=1 contrib=0
(0, 0, 1, 1) (1, 0, 2, 2) ((0, 1), (0, 3), (2, 3)) aut=1 h1=0 #W=1 contrib=0
(0, 0, 1, 1) (1, 0, 2, 2) ((0, 2), (0, 3), (1, 3)) aut=1 h1=0 #W=1 contrib=0
(0, 0, 1, 1) (1, 0, 3, 3) ((0, 2), (1, 2), (2, 3)) aut=1 h1=0 #W=1 contrib=0
(0, 0, 1, 1) (1, 0, 2, 0) ((0, 1), (1, 2), (2, 3)) aut=1 h1=0 #W=1 contrib=-38368242621469/74300837068800
(0, 0, 1, 1) (1, 0, 2, 0) ((0, 2), (1, 2), (1, 3)) aut=1 h1=0 #W=1 contrib=54688433543/495338913792
(0, 0, 1, 1) (1, 0, 2, 0) ((0, 2), (1, 2), (2, 3)) aut=1 h1=0 #W=1 contrib=0
(0, 0, 1, 1) (1, 0, 2, 0) ((0, 2), (0, 3), (1, 2)) aut=1 h1=0 #W=1 contrib=0
(0, 0, 1, 1) (1, 0, 2, 0) ((0, 3), (1, 2), (2, 3)) aut=1 h1=0 #W=1 contrib=0
(0, 0, 1, 1) (1, 0, 2, 0) ((0, 1), (0, 2), (2, 3)) aut=1 h1=0 #W=1 contrib=0
(0, 0, 1, 1) (1, 0, 2, 0) ((0, 2), (1, 3), (2, 3)) aut=1 h1=0 #W=1 contrib=0
(0, 0, 1, 1) (2, 0, 3, 0) ((0, 1), (1, 2), (1, 3)) aut=1 h1=0 #W=1 contrib=63728761545947/910185254092800
(0, 0, 1, 1) (0, 1, 3, 2) ((0, 2), (0, 3), (1, 2)) aut=1 h1=0 #W=1 contrib=0
(0, 0, 1, 1) (0, 1, 3, 2) ((0, 1), (0, 2), (2, 3)) aut=1 h1=0 #W=1 contrib=0
(0, 0, 1, 1) (1, 0, 2, 3) ((0, 2), (0, 3), (1, 2)) aut=1 h1=0 #W=1 contrib=0
(0, 0, 1, 1) (1, 0, 2, 3) ((0, 1), (0, 2), (2, 3)) aut=1 h1=0 #W=1 contrib=0
(0, 0, 1, 1) (1, 0, 3, 2) ((0, 2), (1, 3), (2, 3)) aut=1 h1=0 #W=1 contrib=0
(0, 0, 1, 1) (1, 0, 3, 2) ((0, 3), (1, 2), (2, 3)) aut=1 h1=0 #W=1 contrib=0
(0, 0, 1, 1) (2, 0, 3, 1) ((0, 1), (0, 2), (1, 3)) aut=1 h1=0 #W=1 contrib=30478972913279/910185254092800
(0, 0, 1, 1) (2, 0, 3, 1) ((0, 1), (0, 3), (1, 2)) aut=1 h1=0 #W=1 contrib=63728761545947/910185254092800
(0, 0, 1, 1) (0, 1, 1, 0) ((0, 2), (0, 3), (1, 3)) aut=1 h1=0 #W=1 contrib=5779604001551/74300837068800
(0, 0, 1, 1) (0, 1, 1, 0) ((0, 1), (0, 3), (1, 2)) aut=1 h1=0 #W=1 contrib=894085899833/18575209267200
(0, 0, 1, 1) (0, 1, 1, 0) ((0, 1), (0, 3), (2, 3)) aut=1 h1=0 #W=1 contrib=11648951380997/74300837068800
(0, 0, 1, 1) (0, 1, 1, 0) ((0, 1), (1, 3), (2, 3)) aut=1 h1=0 #W=1 contrib=11591773966997/74300837068800
(0, 0, 1, 1) (0, 1, 1, 0) ((0, 3), (1, 2), (2, 3)) aut=1 h1=0 #W=1 contrib=8063630586055907/9910906100121600
(0, 0, 1, 1) (0, 1, 1, 0) ((0, 3), (1, 2), (1, 3)) aut=1 h1=0 #W=1 contrib=3702388448831/74300837068800
(0, 0, 1, 1) (0, 1, 1, 0) ((0, 3), (1, 3), (2, 3)) aut=1 h1=0 #W=1 contrib=5120890812007/4643802316800
(0, 0, 0, 2) (0, 2, 2, 0) ((0, 1), (1, 2), (1, 3)) aut=1 h1=0 #W=1 contrib=-925551893203/4953389137920
(0, 0, 1, 1) (1, 0, 0, 1) ((0, 2), (1, 2), (2, 3)) aut=1 h1=0 #W=1 contrib=5120890812007/4643802316800
(0, 0, 1, 1) (2, 0, 0, 2) ((0, 1), (1, 2), (1, 3)) aut=1 h1=0 #W=1 contrib=28065585803/330225942528
(0, 0, 1, 1) (1, 0, 0, 2) ((0, 1), (1, 2), (2, 3)) aut=1 h1=0 #W=1 contrib=-38368242621469/74300837068800
(0, 0, 1, 1) (1, 0, 0, 2) ((0, 2), (1, 2), (1, 3)) aut=1 h1=0 #W=1 contrib=54688433543/495338913792
(0, 0, 1, 1) (1, 0, 0, 2) ((0, 2), (1, 2), (2, 3)) aut=1 h1=0 #W=1 contrib=0
(0, 0, 1, 1) (1, 0, 0, 2) ((0, 2), (0, 3), (1, 2)) aut=1 h1=0 #W=1 contrib=0
(0, 0, 1, 1) (1, 0, 0, 2) ((0, 3), (1, 2), (2, 3)) aut=1 h1=0 #W=1 contrib=0
(0, 0, 1, 1) (1, 0, 0, 2) ((0, 1), (0, 2), (2, 3)) aut=1 h1=0 #W=1 contrib=0
(0, 0, 1, 1) (1, 0, 0, 2) ((0, 2), (1, 3), (2, 3)) aut=1 h1=0 #W=1 contrib=0
(0, 0, 1, 1) (2, 0, 0, 3) ((0, 1), (1, 2), (1, 3)) aut=1 h1=0 #W=1 contrib=63728761545947/910185254092800
(0, 0, 1, 1) (0, 1, 1, 1) ((0, 2), (0, 3), (1, 3)) aut=1 h1=0 #W=1 contrib=-71411946899/550376570880
(0, 0, 1, 1) (0, 1, 1, 1) ((0, 1), (0, 3), (1, 2)) aut=1 h1=0 #W=1 contrib=-623065288811/4953389137920
(0, 0, 1, 1) (0, 1, 1, 1) ((0, 1), (0, 3), (2, 3)) aut=1 h1=0 #W=1 contrib=-1334963203/110075314176
(0, 0, 1, 1) (1, 0, 0, 0) ((0, 2), (1, 2), (2, 3)) aut=1 h1=0 #W=1 contrib=0
(0, 0, 1, 1) (2, 0, 0, 0) ((0, 1), (1, 2), (1, 3)) aut=1 h1=0 #W=1 contrib=195982558597/2476694568960
(0, 0, 1, 1) (0, 1, 1, 3) ((0, 1), (0, 2), (0, 3)) aut=1 h1=0 #W=1 contrib=859728178573/74300837068800
(0, 0, 1, 1) (0, 1, 1, 3) ((0, 1), (0, 2), (2, 3)) aut=1 h1=0 #W=1 contrib=9755380922735801/25485187114598400
(0, 0, 1, 1) (0, 1, 1, 3) ((0, 1), (0, 2), (1, 3)) aut=1 h1=0 #W=1 contrib=403773644027/4953389137920
(0, 0, 1, 1) (0, 1, 1, 3) ((0, 2), (0, 3), (1, 2)) aut=1 h1=0 #W=1 contrib=-172125235154767/1820370508185600
(0, 0, 1, 1) (0, 1, 1, 3) ((0, 2), (0, 3), (1, 3)) aut=1 h1=0 #W=1 contrib=54688433543/495338913792
(0, 0, 1, 1) (0, 1, 1, 3) ((0, 1), (0, 3), (1, 2)) aut=1 h1=0 #W=1 contrib=-1175592145861/37150418534400
(0, 0, 1, 1) (0, 1, 1, 3) ((0, 1), (0, 3), (2, 3)) aut=1 h1=0 #W=1 contrib=-38368242621469/74300837068800
(0, 0, 0, 2) (0, 2, 2, 1) ((0, 1), (0, 3), (1, 2)) aut=1 h1=0 #W=1 contrib=-925551893203/4953389137920
(0, 0, 0, 2) (0, 2, 2, 1) ((0, 1), (0, 2), (1, 3)) aut=1 h1=0 #W=1 contrib=523138026593/4953389137920
(0, 0, 1, 1) (1, 0, 0, 3) ((0, 2), (1, 2), (2, 3)) aut=1 h1=0 #W=1 contrib=0
(0, 0, 1, 1) (2, 0, 0, 1) ((0, 1), (1, 2), (2, 3)) aut=1 h1=0 #W=1 contrib=24200678080331/74300837068800
(0, 0, 1, 1) (2, 0, 0, 1) ((0, 1), (1, 3), (2, 3)) aut=1 h1=0 #W=1 contrib=2172748074824081/25485187114598400
(0, 0, 1, 1) (2, 0, 0, 1) ((0, 2), (1, 2), (1, 3)) aut=1 h1=0 #W=1 contrib=100753314013/2476694568960
(0, 0, 1, 1) (2, 0, 0, 1) ((0, 1), (0, 2), (1, 3)) aut=1 h1=0 #W=1 contrib=-470520340201/4953389137920
(0, 0, 1, 1) (2, 0, 0, 1) ((0, 3), (1, 2), (1, 3)) aut=1 h1=0 #W=1 contrib=-378193064609947/1820370508185600
(0, 0, 1, 1) (2, 0, 0, 1) ((0, 1), (0, 3), (1, 2)) aut=1 h1=0 #W=1 contrib=-2583007633801/37150418534400
(0, 0, 1, 1) (2, 0, 0, 1) ((0, 1), (1, 2), (1, 3)) aut=1 h1=0 #W=1 contrib=-8171850105227/74300837068800
(0, 0, 1, 1) (0, 2, 3, 0) ((0, 1), (1, 2), (1, 3)) aut=1 h1=0 #W=1 contrib=19794688866947/910185254092800
(0, 0, 1, 1) (0, 1, 3, 0) ((0, 1), (0, 2), (1, 3)) aut=1 h1=0 #W=1 contrib=-1260488904661/37150418534400
(0, 0, 1, 1) (0, 1, 3, 0) ((0, 2), (1, 2), (1, 3)) aut=1 h1=0 #W=1 contrib=-172125235154767/1820370508185600
(0, 0, 1, 1) (0, 1, 3, 0) ((0, 1), (0, 3), (1, 2)) aut=1 h1=0 #W=1 contrib=31201768075/990677827584
(0, 0, 1, 1) (0, 1, 3, 0) ((0, 1), (1, 2), (2, 3)) aut=1 h1=0 #W=1 contrib=9755380922735801/25485187114598400
(0, 0, 1, 1) (0, 1, 3, 0) ((0, 1), (1, 2), (1, 3)) aut=1 h1=0 #W=1 contrib=1029521696173/74300837068800
(0, 0, 1, 1) (0, 1, 3, 0) ((0, 1), (1, 3), (2, 3)) aut=1 h1=0 #W=1 contrib=-38368242621469/74300837068800
(0, 0, 1, 1) (0, 1, 3, 0) ((0, 3), (1, 2), (1, 3)) aut=1 h1=0 #W=1 contrib=269495437009/2476694568960
(0, 0, 1, 1) (0, 1, 2, 0) ((0, 2), (0, 3), (1, 2)) aut=1 h1=0 #W=1 contrib=0
(0, 0, 1, 1) (0, 1, 2, 0) ((0, 3), (1, 2), (2, 3)) aut=1 h1=0 #W=1 contrib=0
(0, 0, 1, 1) (0, 1, 2, 0) ((0, 1), (0, 2), (2, 3)) aut=1 h1=0 #W=1 contrib=0
(0, 0, 1, 1) (0, 1, 2, 0) ((0, 2), (1, 3), (2, 3)) aut=1 h1=0 #W=1 contrib=0
(0, 0, 1, 1) (0, 1, 2, 0) ((0, 2), (1, 2), (2, 3)) aut=1 h1=0 #W=1 contrib=0
(0, 0, 0, 2) (0, 2, 1, 0) ((0, 2), (1, 2), (1, 3)) aut=1 h1=0 #W=1 contrib=523138026593/4953389137920
(0, 0, 0, 2) (0, 2, 1, 0) ((0, 1), (1, 2), (2, 3)) aut=1 h1=0 #W=1 contrib=-442655253271/4953389137920
(0, 0, 1, 1) (2, 0, 1, 2) ((0, 1), (0, 2), (1, 3)) aut=1 h1=0 #W=1 contrib=-15863157193/330225942528
(0, 0, 1, 1) (2, 0, 1, 2) ((0, 1), (0, 3), (1, 2)) aut=1 h1=0 #W=1 contrib=13422671471/330225942528
(0, 0, 1, 1) (0, 2, 3, 1) ((0, 1), (0, 2), (1, 3)) aut=1 h1=0 #W=1 contrib=9467025110279/910185254092800
(0, 0, 1, 1) (0, 2, 3, 1) ((0, 1), (0, 3), (1, 2)) aut=1 h1=0 #W=1 contrib=19794688866947/910185254092800
(0, 0, 1, 1) (0, 1, 3, 2) ((0, 1), (0, 2), (1, 3)) aut=1 h1=0 #W=1 contrib=29004572250767/910185254092800
(0, 0, 1, 1) (0, 1, 3, 2) ((0, 1), (0, 3), (1, 2)) aut=1 h1=0 #W=1 contrib=29004572250767/910185254092800
(0, 0, 1, 1) (0, 1, 2, 3) ((0, 2), (0, 3), (1, 2)) aut=1 h1=0 #W=1 contrib=0
(0, 0, 1, 1) (0, 1, 2, 3) ((0, 1), (0, 2), (2, 3)) aut=1 h1=0 #W=1 contrib=0
(0, 0, 1, 1) (1, 0, 3, 2) ((0, 2), (0, 3), (1, 2)) aut=1 h1=0 #W=1 contrib=0
(0, 0, 1, 1) (1, 0, 3, 2) ((0, 1), (0, 2), (2, 3)) aut=1 h1=0 #W=1 contrib=0
(0, 0, 1, 1) (1, 0, 2, 3) ((0, 2), (1, 3), (2, 3)) aut=1 h1=0 #W=1 contrib=0
(0, 0, 1, 1) (1, 0, 2, 3) ((0, 3), (1, 2), (2, 3)) aut=1 h1=0 #W=1 contrib=0
(0, 0, 1, 1) (2, 0, 1, 3) ((0, 1), (0, 2), (1, 3)) aut=1 h1=0 #W=1 contrib=30478972913279/910185254092800
(0, 0, 1, 1) (2, 0, 1, 3) ((0, 1), (0, 3), (1, 2)) aut=1 h1=0 #W=1 contrib=63728761545947/910185254092800
(0, 0, 1, 1) (0, 1, 3, 1) ((0, 1), (0, 2), (0, 3)) aut=1 h1=0 #W=1 contrib=859728178573/74300837068800
(0, 0, 1, 1) (0, 1, 3, 1) ((0, 1), (0, 2), (2, 3)) aut=1 h1=0 #W=1 contrib=9755380922735801/25485187114598400
(0, 0, 1, 1) (0, 1, 3, 1) ((0, 1), (0, 2), (1, 3)) aut=1 h1=0 #W=1 contrib=403773644027/4953389137920
(0, 0, 1, 1) (0, 1, 3, 1) ((0, 2), (0, 3), (1, 2)) aut=1 h1=0 #W=1 contrib=-172125235154767/1820370508185600
(0, 0, 1, 1) (0, 1, 3, 1) ((0, 2), (0, 3), (1, 3)) aut=1 h1=0 #W=1 contrib=54688433543/495338913792
(0, 0, 1, 1) (0, 1, 3, 1) ((0, 1), (0, 3), (1, 2)) aut=1 h1=0 #W=1 contrib=-1175592145861/37150418534400
(0, 0, 1, 1) (0, 1, 3, 1) ((0, 1), (0, 3), (2, 3)) aut=1 h1=0 #W=1 contrib=-38368242621469/74300837068800
(0, 0, 0, 2) (0, 2, 1, 2) ((0, 1), (0, 3), (1, 2)) aut=1 h1=0 #W=1 contrib=-925551893203/4953389137920
(0, 0, 0, 2) (0, 2, 1, 2) ((0, 1), (0, 2), (1, 3)) aut=1 h1=0 #W=1 contrib=523138026593/4953389137920
(0, 0, 1, 1) (1, 0, 3, 0) ((0, 2), (1, 2), (2, 3)) aut=1 h1=0 #W=1 contrib=0
(0, 0, 1, 1) (2, 0, 1, 0) ((0, 1), (1, 2), (2, 3)) aut=1 h1=0 #W=1 contrib=24200678080331/74300837068800
(0, 0, 1, 1) (2, 0, 1, 0) ((0, 1), (1, 3), (2, 3)) aut=1 h1=0 #W=1 contrib=2172748074824081/25485187114598400
(0, 0, 1, 1) (2, 0, 1, 0) ((0, 2), (1, 2), (1, 3)) aut=1 h1=0 #W=1 contrib=100753314013/2476694568960
(0, 0, 1, 1) (2, 0, 1, 0) ((0, 1), (0, 2), (1, 3)) aut=1 h1=0 #W=1 contrib=-470520340201/4953389137920
(0, 0, 1, 1) (2, 0, 1, 0) ((0, 3), (1, 2), (1, 3)) aut=1 h1=0 #W=1 contrib=-378193064609947/1820370508185600
(0, 0, 1, 1) (2, 0, 1, 0) ((0, 1), (0, 3), (1, 2)) aut=1 h1=0 #W=1 contrib=-2583007633801/37150418534400
(0, 0, 1, 1) (2, 0, 1, 0) ((0, 1), (1, 2), (1, 3)) aut=1 h1=0 #W=1 contrib=-8171850105227/74300837068800
(0, 0, 1, 1) (0, 1, 3, 3) ((0, 1), (0, 2), (1, 3)) aut=1 h1=0 #W=1 contrib=-17578471349/330225942528
(0, 0, 1, 1) (0, 1, 3, 3) ((0, 1), (0, 3), (1, 2)) aut=1 h1=0 #W=1 contrib=-8407094993/330225942528
(0, 0, 1, 1) (0, 1, 2, 2) ((0, 1), (0, 2), (0, 3)) aut=1 h1=0 #W=1 contrib=0
(0, 0, 1, 1) (0, 1, 2, 2) ((0, 1), (0, 3), (2, 3)) aut=1 h1=0 #W=1 contrib=0
(0, 0, 1, 1) (0, 1, 2, 2) ((0, 2), (0, 3), (1, 3)) aut=1 h1=0 #W=1 contrib=0
(0, 0, 1, 1) (0, 1, 2, 2) ((0, 2), (0, 3), (1, 2)) aut=1 h1=0 #W=1 contrib=0
(0, 0, 1, 1) (0, 1, 2, 2) ((0, 1), (0, 2), (2, 3)) aut=1 h1=0 #W=1 contrib=0
(0, 0, 0, 2) (0, 2, 1, 1) ((0, 2), (0, 3), (1, 2)) aut=1 h1=0 #W=1 contrib=-442655253271/4953389137920
(0, 0, 0, 2) (0, 2, 1, 1) ((0, 1), (0, 2), (2, 3)) aut=1 h1=0 #W=1 contrib=-211704686347/4953389137920
(0, 0, 1, 1) (1, 0, 2, 2) ((0, 3), (1, 3), (2, 3)) aut=1 h1=0 #W=1 contrib=0
(0, 0, 1, 1) (2, 0, 1, 1) ((0, 1), (0, 2), (2, 3)) aut=1 h1=0 #W=1 contrib=11574237342767/74300837068800
(0, 0, 1, 1) (2, 0, 1, 1) ((0, 1), (0, 3), (2, 3)) aut=1 h1=0 #W=1 contrib=1039140383611517/25485187114598400
(0, 0, 1, 1) (2, 0, 1, 1) ((0, 2), (0, 3), (1, 2)) aut=1 h1=0 #W=1 contrib=19571230883/495338913792
(0, 0, 1, 1) (2, 0, 1, 1) ((0, 2), (0, 3), (1, 3)) aut=1 h1=0 #W=1 contrib=-184628215587499/1820370508185600
(0, 0, 1, 1) (2, 0, 1, 1) ((0, 1), (0, 2), (0, 3)) aut=1 h1=0 #W=1 contrib=-5267818262519/74300837068800
(0, 0, 1, 1) (2, 0, 1, 1) ((0, 1), (0, 2), (1, 3)) aut=1 h1=0 #W=1 contrib=-487184280457/37150418534400
(0, 0, 1, 1) (2, 0, 1, 1) ((0, 1), (0, 3), (1, 2)) aut=1 h1=0 #W=1 contrib=22001688239/4953389137920
(0, 0, 1, 1) (0, 1, 0, 0) ((0, 3), (1, 3), (2, 3)) aut=1 h1=0 #W=1 contrib=0
(0, 0, 1, 1) (0, 1, 0, 2) ((0, 3), (1, 3), (2, 3)) aut=1 h1=0 #W=1 contrib=0
(0, 0, 1, 1) (1, 0, 1, 3) ((0, 2), (0, 3), (1, 3)) aut=1 h1=0 #W=1 contrib=269495437009/2476694568960
(0, 0, 1, 1) (1, 0, 1, 3) ((0, 1), (0, 3), (2, 3)) aut=1 h1=0 #W=1 contrib=-38368242621469/74300837068800
(0, 0, 1, 1) (0, 1, 0, 3) ((0, 2), (0, 3), (1, 3)) aut=1 h1=0 #W=1 contrib=0
(0, 0, 1, 1) (0, 1, 0, 3) ((0, 2), (1, 3), (2, 3)) aut=1 h1=0 #W=1 contrib=0
(0, 0, 1, 1) (0, 1, 0, 3) ((0, 1), (0, 3), (2, 3)) aut=1 h1=0 #W=1 contrib=0
(0, 0, 1, 1) (0, 1, 0, 3) ((0, 3), (1, 2), (2, 3)) aut=1 h1=0 #W=1 contrib=0
(0, 0, 1, 1) (0, 1, 0, 3) ((0, 3), (1, 3), (2, 3)) aut=1 h1=0 #W=1 contrib=0
(0, 0, 1, 1) (1, 0, 1, 0) ((0, 3), (1, 3), (2, 3)) aut=1 h1=0 #W=1 contrib=5120890812007/4643802316800
(0, 0, 1, 1) (0, 1, 2, 0) ((0, 3), (1, 3), (2, 3)) aut=1 h1=0 #W=1 contrib=0
(0, 0, 1, 1) (1, 0, 3, 1) ((0, 2), (0, 3), (1, 3)) aut=1 h1=0 #W=1 contrib=269495437009/2476694568960
(0, 0, 1, 1) (1, 0, 3, 1) ((0, 1), (0, 3), (2, 3)) aut=1 h1=0 #W=1 contrib=-38368242621469/74300837068800
(0, 0, 1, 1) (1, 0, 3, 3) ((0, 1), (0, 2), (1, 3)) aut=1 h1=0 #W=1 contrib=-8407094993/330225942528
(0, 0, 1, 1) (1, 0, 3, 3) ((0, 2), (0, 3), (1, 3)) aut=1 h1=0 #W=1 contrib=0
(0, 0, 1, 1) (1, 0, 3, 3) ((0, 1), (0, 3), (1, 2)) aut=1 h1=0 #W=1 contrib=-17578471349/330225942528
(0, 0, 1, 1) (1, 0, 3, 3) ((0, 2), (0, 3), (1, 2)) aut=1 h1=0 #W=1 contrib=0
(0, 0, 1, 1) (1, 0, 3, 3) ((0, 1), (0, 3), (2, 3)) aut=1 h1=0 #W=1 contrib=0
(0, 0, 1, 1) (1, 0, 3, 3) ((0, 1), (0, 2), (2, 3)) aut=1 h1=0 #W=1 contrib=0
(0, 0, 1, 1) (1, 0, 3, 3) ((0, 1), (0, 2), (0, 3)) aut=1 h1=0 #W=1 contrib=0
(0, 0, 1, 1) (0, 1, 2, 3) ((0, 2), (0, 3), (1, 3)) aut=1 h1=0 #W=1 contrib=0
(0, 0, 1, 1) (0, 1, 2, 3) ((0, 1), (0, 3), (2, 3)) aut=1 h1=0 #W=1 contrib=0
(0, 0, 1, 1) (1, 0, 3, 2) ((0, 2), (0, 3), (1, 3)) aut=1 h1=0 #W=1 contrib=0
(0, 0, 1, 1) (1, 0, 3, 2) ((0, 1), (0, 3), (2, 3)) aut=1 h1=0 #W=1 contrib=0
(0, 0, 1, 1) (1, 0, 3, 0) ((0, 3), (1, 2), (1, 3)) aut=1 h1=0 #W=1 contrib=54688433543/495338913792
(0, 0, 1, 1) (1, 0, 3, 0) ((0, 1), (1, 3), (2, 3)) aut=1 h1=0 #W=1 contrib=-38368242621469/74300837068800
(0, 0, 1, 1) (1, 0, 3, 0) ((0, 3), (1, 3), (2, 3)) aut=1 h1=0 #W=1 contrib=0
(0, 0, 1, 1) (1, 0, 3, 0) ((0, 2), (1, 3), (2, 3)) aut=1 h1=0 #W=1 contrib=0
(0, 0, 1, 1) (1, 0, 3, 0) ((0, 2), (0, 3), (1, 3)) aut=1 h1=0 #W=1 contrib=0
(0, 0, 1, 1) (1, 0, 3, 0) ((0, 3), (1, 2), (2, 3)) aut=1 h1=0 #W=1 contrib=0
(0, 0, 1, 1) (1, 0, 3, 0) ((0, 1), (0, 3), (2, 3)) aut=1 h1=0 #W=1 contrib=0
(0, 0, 1, 1) (0, 1, 3, 0) ((0, 2), (0, 3), (1, 3)) aut=1 h1=0 #W=1 contrib=0
(0, 0, 1, 1) (0, 1, 3, 0) ((0, 2), (1, 3), (2, 3)) aut=1 h1=0 #W=1 contrib=0
(0, 0, 1, 1) (0, 1, 3, 0) ((0, 1), (0, 3), (2, 3)) aut=1 h1=0 #W=1 contrib=0
(0, 0, 1, 1) (0, 1, 3, 0) ((0, 3), (1, 2), (2, 3)) aut=1 h1=0 #W=1 contrib=0
(0, 0, 1, 1) (0, 1, 3, 0) ((0, 3), (1, 3), (2, 3)) aut=1 h1=0 #W=1 contrib=0
(0, 0, 1, 1) (0, 1, 3, 2) ((0, 2), (0, 3), (1, 3)) aut=1 h1=0 #W=1 contrib=0
(0, 0, 1, 1) (0, 1, 3, 2) ((0, 1), (0, 3), (2, 3)) aut=1 h1=0 #W=1 contrib=0
(0, 0, 1, 1) (1, 0, 2, 3) ((0, 2), (0, 3), (1, 3)) aut=1 h1=0 #W=1 contrib=0
(0, 0, 1, 1) (1, 0, 2, 3) ((0, 1), (0, 3), (2, 3)) aut=1 h1=0 #W=1 contrib=0
(0, 0, 1, 1) (0, 1, 3, 3) ((0, 1), (0, 2), (0, 3)) aut=1 h1=0 #W=1 contrib=0
(0, 0, 1, 1) (0, 1, 3, 3) ((0, 2), (0, 3), (1, 2)) aut=1 h1=0 #W=1 contrib=0
(0, 0, 1, 1) (0, 1, 3, 3) ((0, 2), (0, 3), (1, 3)) aut=1 h1=0 #W=1 contrib=0
(0, 0, 1, 1) (0, 1, 3, 3) ((0, 1), (0, 2), (2, 3)) aut=1 h1=0 #W=1 contrib=0
(0, 0, 1, 1) (0, 1, 3, 3) ((0, 1), (0, 3), (2, 3)) aut=1 h1=0 #W=1 contrib=0
(0, 0, 1, 1) (1, 0, 2, 0) ((0, 3), (1, 3), (2, 3)) aut=1 h1=0 #W=1 contrib=0
(0, 0, 1, 1) (1, 0, 0, 1) ((0, 3), (1, 3), (2, 3)) aut=1 h1=0 #W=1 contrib=5120890812007/4643802316800
(0, 0, 1, 1) (1, 0, 0, 3) ((0, 3), (1, 2), (1, 3)) aut=1 h1=0 #W=1 contrib=54688433543/495338913792
(0, 0, 1, 1) (1, 0, 0, 3) ((0, 1), (1, 3), (2, 3)) aut=1 h1=0 #W=1 contrib=-38368242621469/74300837068800
(0, 0, 1, 1) (1, 0, 0, 3) ((0, 3), (1, 3), (2, 3)) aut=1 h1=0 #W=1 contrib=0
(0, 0, 1, 1) (1, 0, 0, 3) ((0, 2), (1, 3), (2, 3)) aut=1 h1=0 #W=1 contrib=0
(0, 0, 1, 1) (1, 0, 0, 3) ((0, 2), (0, 3), (1, 3)) aut=1 h1=0 #W=1 contrib=0
(0, 0, 1, 1) (1, 0, 0, 3) ((0, 3), (1, 2), (2, 3)) aut=1 h1=0 #W=1 contrib=0
(0, 0, 1, 1) (1, 0, 0, 3) ((0, 1), (0, 3), (2, 3)) aut=1 h1=0 #W=1 contrib=0
(0, 0, 1, 1) (1, 0, 0, 2) ((0, 3), (1, 3), (2, 3)) aut=1 h1=0 #W=1 contrib=0
(0, 0, 1, 1) (1, 0, 0, 0) ((0, 3), (1, 3), (2, 3)) aut=1 h1=0 #W=1 contrib=0
(0, 0, 1, 1) (0, 2, 2, 2) ((0, 1), (1, 2), (1, 3)) aut=1 h1=0 #W=1 contrib=0
(0, 0, 1, 1) (0, 3, 3, 3) ((0, 1), (1, 2), (1, 3)) aut=1 h1=0 #W=1 contrib=0
(0, 0, 1, 1) (0, 2, 2, 1) ((0, 2), (1, 2), (1, 3)) aut=1 h1=0 #W=1 contrib=0
(0, 0, 1, 1) (0, 2, 2, 1) ((0, 1), (1, 2), (2, 3)) aut=1 h1=0 #W=1 contrib=0
(0, 0, 1, 1) (0, 2, 2, 1) ((0, 1), (1, 2), (1, 3)) aut=1 h1=0 #W=1 contrib=0
(0, 0, 1, 1) (0, 2, 2, 1) ((0, 3), (1, 2), (1, 3)) aut=1 h1=0 #W=1 contrib=0
(0, 0, 1, 1) (0, 2, 2, 1) ((0, 1), (1, 3), (2, 3)) aut=1 h1=0 #W=1 contrib=0
(0, 0, 1, 1) (0, 3, 3, 1) ((0, 2), (1, 2), (2, 3)) aut=1 h1=0 #W=1 contrib=0
(0, 0, 1, 1) (0, 2, 2, 1) ((0, 3), (1, 3), (2, 3)) aut=1 h1=0 #W=1 contrib=0
(0, 0, 1, 1) (0, 3, 3, 1) ((0, 3), (1, 2), (1, 3)) aut=1 h1=0 #W=1 contrib=0
(0, 0, 1, 1) (0, 3, 3, 1) ((0, 1), (1, 3), (2, 3)) aut=1 h1=0 #W=1 contrib=0
(0, 0, 1, 1) (0, 3, 3, 1) ((0, 1), (1, 2), (2, 3)) aut=1 h1=0 #W=1 contrib=0
(0, 0, 1, 1) (0, 3, 3, 1) ((0, 2), (1, 2), (1, 3)) aut=1 h1=0 #W=1 contrib=0
(0, 0, 1, 1) (0, 3, 3, 1) ((0, 1), (1, 2), (1, 3)) aut=1 h1=0 #W=1 contrib=0
(0, 0, 1, 1) (1, 2, 1, 1) ((0, 1), (0, 2), (0, 3)) aut=1 h1=0 #W=1 contrib=16453691317/2476694568960
(0, 0, 1, 1) (1, 3, 1, 1) ((0, 1), (0, 2), (0, 3)) aut=1 h1=0 #W=1 contrib=16453691317/2476694568960
(0, 0, 1, 1) (1, 2, 1, 0) ((0, 1), (0, 3), (1, 2)) aut=1 h1=0 #W=1 contrib=-296534570329/4953389137920
(0, 0, 1, 1) (1, 2, 1, 0) ((0, 1), (0, 2), (1, 3)) aut=1 h1=0 #W=1 contrib=-860243187601/37150418534400
(0, 0, 1, 1) (1, 2, 1, 0) ((0, 1), (0, 2), (0, 3)) aut=1 h1=0 #W=1 contrib=1568672890693/74300837068800
(0, 0, 1, 1) (1, 2, 1, 0) ((0, 2), (0, 3), (1, 3)) aut=1 h1=0 #W=1 contrib=-117469943930947/1820370508185600
(0, 0, 1, 1) (1, 2, 1, 0) ((0, 1), (0, 3), (2, 3)) aut=1 h1=0 #W=1 contrib=186294244941863/3640741016371200
(0, 0, 1, 1) (1, 3, 1, 0) ((0, 2), (1, 2), (2, 3)) aut=1 h1=0 #W=1 contrib=0
(0, 0, 1, 1) (1, 2, 1, 0) ((0, 3), (1, 3), (2, 3)) aut=1 h1=0 #W=1 contrib=0
(0, 0, 1, 1) (1, 3, 1, 0) ((0, 1), (0, 2), (1, 3)) aut=1 h1=0 #W=1 contrib=-296534570329/4953389137920
(0, 0, 1, 1) (1, 3, 1, 0) ((0, 1), (0, 2), (2, 3)) aut=1 h1=0 #W=1 contrib=186294244941863/3640741016371200
(0, 0, 1, 1) (1, 3, 1, 0) ((0, 1), (0, 3), (1, 2)) aut=1 h1=0 #W=1 contrib=-860243187601/37150418534400
(0, 0, 1, 1) (1, 3, 1, 0) ((0, 2), (0, 3), (1, 2)) aut=1 h1=0 #W=1 contrib=-117469943930947/1820370508185600
(0, 0, 1, 1) (1, 3, 1, 0) ((0, 1), (0, 2), (0, 3)) aut=1 h1=0 #W=1 contrib=1568672890693/74300837068800
(0, 0, 1, 1) (0, 2, 1, 2) ((0, 2), (1, 2), (1, 3)) aut=1 h1=0 #W=1 contrib=0
(0, 0, 1, 1) (0, 2, 1, 2) ((0, 1), (1, 2), (2, 3)) aut=1 h1=0 #W=1 contrib=0
(0, 0, 1, 1) (0, 2, 1, 2) ((0, 1), (1, 2), (1, 3)) aut=1 h1=0 #W=1 contrib=0
(0, 0, 1, 1) (0, 2, 1, 2) ((0, 3), (1, 2), (1, 3)) aut=1 h1=0 #W=1 contrib=0
(0, 0, 1, 1) (0, 2, 1, 2) ((0, 1), (1, 3), (2, 3)) aut=1 h1=0 #W=1 contrib=0
(0, 0, 1, 1) (0, 3, 1, 3) ((0, 2), (1, 2), (2, 3)) aut=1 h1=0 #W=1 contrib=0
(0, 0, 1, 1) (1, 2, 0, 1) ((0, 1), (0, 3), (1, 2)) aut=1 h1=0 #W=1 contrib=-296534570329/4953389137920
(0, 0, 1, 1) (1, 2, 0, 1) ((0, 1), (0, 2), (1, 3)) aut=1 h1=0 #W=1 contrib=-860243187601/37150418534400
(0, 0, 1, 1) (1, 2, 0, 1) ((0, 1), (0, 2), (0, 3)) aut=1 h1=0 #W=1 contrib=1568672890693/74300837068800
(0, 0, 1, 1) (1, 2, 0, 1) ((0, 2), (0, 3), (1, 3)) aut=1 h1=0 #W=1 contrib=-117469943930947/1820370508185600
(0, 0, 1, 1) (1, 2, 0, 1) ((0, 1), (0, 3), (2, 3)) aut=1 h1=0 #W=1 contrib=186294244941863/3640741016371200
(0, 0, 1, 1) (1, 3, 0, 1) ((0, 2), (1, 2), (2, 3)) aut=1 h1=0 #W=1 contrib=0
(0, 0, 1, 1) (0, 2, 1, 1) ((0, 2), (1, 2), (2, 3)) aut=1 h1=0 #W=1 contrib=0
(0, 0, 1, 1) (0, 2, 1, 1) ((0, 2), (1, 2), (1, 3)) aut=1 h1=0 #W=1 contrib=0
(0, 0, 1, 1) (0, 2, 1, 1) ((0, 2), (1, 3), (2, 3)) aut=1 h1=0 #W=1 contrib=0
(0, 0, 1, 1) (0, 2, 1, 1) ((0, 1), (1, 2), (2, 3)) aut=1 h1=0 #W=1 contrib=0
(0, 0, 1, 1) (0, 2, 1, 1) ((0, 3), (1, 2), (2, 3)) aut=1 h1=0 #W=1 contrib=0
(0, 0, 1, 1) (1, 2, 0, 0) ((0, 1), (1, 2), (1, 3)) aut=1 h1=0 #W=1 contrib=272529441721/74300837068800
(0, 0, 1, 1) (1, 2, 0, 0) ((0, 1), (0, 3), (1, 2)) aut=1 h1=0 #W=1 contrib=-151323531457/37150418534400
(0, 0, 1, 1) (1, 2, 0, 0) ((0, 3), (1, 2), (1, 3)) aut=1 h1=0 #W=1 contrib=-57347075244499/1820370508185600
(0, 0, 1, 1) (1, 2, 0, 0) ((0, 1), (0, 2), (1, 3)) aut=1 h1=0 #W=1 contrib=333299702147/4953389137920
(0, 0, 1, 1) (1, 2, 0, 0) ((0, 1), (1, 3), (2, 3)) aut=1 h1=0 #W=1 contrib=89097247580891/3640741016371200
(0, 0, 1, 1) (0, 2, 1, 3) ((0, 2), (1, 2), (1, 3)) aut=1 h1=0 #W=1 contrib=0
(0, 0, 1, 1) (0, 2, 1, 3) ((0, 1), (1, 2), (2, 3)) aut=1 h1=0 #W=1 contrib=0
(0, 0, 1, 1) (0, 3, 1, 2) ((0, 3), (1, 2), (2, 3)) aut=1 h1=0 #W=1 contrib=0
(0, 0, 1, 1) (0, 3, 1, 2) ((0, 2), (1, 3), (2, 3)) aut=1 h1=0 #W=1 contrib=0
(0, 0, 1, 1) (1, 2, 0, 3) ((0, 1), (0, 3), (1, 2)) aut=1 h1=0 #W=1 contrib=9467025110279/910185254092800
(0, 0, 1, 1) (1, 2, 0, 3) ((0, 1), (0, 2), (1, 3)) aut=1 h1=0 #W=1 contrib=19794688866947/910185254092800
(0, 0, 1, 1) (1, 3, 0, 2) ((0, 2), (1, 2), (1, 3)) aut=1 h1=0 #W=1 contrib=0
(0, 0, 1, 1) (1, 3, 0, 2) ((0, 1), (1, 2), (2, 3)) aut=1 h1=0 #W=1 contrib=0
(0, 0, 1, 1) (0, 2, 1, 2) ((0, 3), (1, 3), (2, 3)) aut=1 h1=0 #W=1 contrib=0
(0, 0, 1, 1) (0, 3, 1, 3) ((0, 3), (1, 2), (1, 3)) aut=1 h1=0 #W=1 contrib=0
(0, 0, 1, 1) (0, 3, 1, 3) ((0, 1), (1, 3), (2, 3)) aut=1 h1=0 #W=1 contrib=0
(0, 0, 1, 1) (0, 3, 1, 3) ((0, 1), (1, 2), (2, 3)) aut=1 h1=0 #W=1 contrib=0
(0, 0, 1, 1) (0, 3, 1, 3) ((0, 2), (1, 2), (1, 3)) aut=1 h1=0 #W=1 contrib=0
(0, 0, 1, 1) (0, 3, 1, 3) ((0, 1), (1, 2), (1, 3)) aut=1 h1=0 #W=1 contrib=0
(0, 0, 1, 1) (1, 2, 0, 1) ((0, 3), (1, 3), (2, 3)) aut=1 h1=0 #W=1 contrib=0
(0, 0, 1, 1) (1, 3, 0, 1) ((0, 1), (0, 2), (1, 3)) aut=1 h1=0 #W=1 contrib=-296534570329/4953389137920
(0, 0, 1, 1) (1, 3, 0, 1) ((0, 1), (0, 2), (2, 3)) aut=1 h1=0 #W=1 contrib=186294244941863/3640741016371200
(0, 0, 1, 1) (1, 3, 0, 1) ((0, 1), (0, 3), (1, 2)) aut=1 h1=0 #W=1 contrib=-860243187601/37150418534400
(0, 0, 1, 1) (1, 3, 0, 1) ((0, 2), (0, 3), (1, 2)) aut=1 h1=0 #W=1 contrib=-117469943930947/1820370508185600
(0, 0, 1, 1) (1, 3, 0, 1) ((0, 1), (0, 2), (0, 3)) aut=1 h1=0 #W=1 contrib=1568672890693/74300837068800
(0, 0, 1, 1) (0, 2, 1, 3) ((0, 2), (1, 3), (2, 3)) aut=1 h1=0 #W=1 contrib=0
(0, 0, 1, 1) (0, 2, 1, 3) ((0, 3), (1, 2), (2, 3)) aut=1 h1=0 #W=1 contrib=0
(0, 0, 1, 1) (0, 3, 1, 2) ((0, 3), (1, 2), (1, 3)) aut=1 h1=0 #W=1 contrib=0
(0, 0, 1, 1) (0, 3, 1, 2) ((0, 1), (1, 3), (2, 3)) aut=1 h1=0 #W=1 contrib=0
(0, 0, 1, 1) (1, 2, 0, 3) ((0, 3), (1, 2), (1, 3)) aut=1 h1=0 #W=1 contrib=0
(0, 0, 1, 1) (1, 2, 0, 3) ((0, 1), (1, 3), (2, 3)) aut=1 h1=0 #W=1 contrib=0
(0, 0, 1, 1) (1, 3, 0, 2) ((0, 1), (0, 2), (1, 3)) aut=1 h1=0 #W=1 contrib=9467025110279/910185254092800
(0, 0, 1, 1) (1, 3, 0, 2) ((0, 1), (0, 3), (1, 2)) aut=1 h1=0 #W=1 contrib=19794688866947/910185254092800
(0, 0, 1, 1) (0, 3, 1, 1) ((0, 3), (1, 3), (2, 3)) aut=1 h1=0 #W=1 contrib=0
(0, 0, 1, 1) (0, 3, 1, 1) ((0, 3), (1, 2), (2, 3)) aut=1 h1=0 #W=1 contrib=0
(0, 0, 1, 1) (0, 3, 1, 1) ((0, 3), (1, 2), (1, 3)) aut=1 h1=0 #W=1 contrib=0
(0, 0, 1, 1) (0, 3, 1, 1) ((0, 2), (1, 3), (2, 3)) aut=1 h1=0 #W=1 contrib=0
(0, 0, 1, 1) (0, 3, 1, 1) ((0, 1), (1, 3), (2, 3)) aut=1 h1=0 #W=1 contrib=0
(0, 0, 1, 1) (1, 3, 0, 0) ((0, 1), (1, 2), (1, 3)) aut=1 h1=0 #W=1 contrib=272529441721/74300837068800
(0, 0, 1, 1) (1, 3, 0, 0) ((0, 2), (1, 2), (1, 3)) aut=1 h1=0 #W=1 contrib=-57347075244499/1820370508185600
(0, 0, 1, 1) (1, 3, 0, 0) ((0, 1), (0, 2), (1, 3)) aut=1 h1=0 #W=1 contrib=-151323531457/37150418534400
(0, 0, 1, 1) (1, 3, 0, 0) ((0, 1), (1, 2), (2, 3)) aut=1 h1=0 #W=1 contrib=89097247580891/3640741016371200
(0, 0, 1, 1) (1, 3, 0, 0) ((0, 1), (0, 3), (1, 2)) aut=1 h1=0 #W=1 contrib=333299702147/4953389137920
(0, 0, 1, 1) (1, 1, 2, 1) ((0, 1), (0, 2), (0, 3)) aut=1 h1=0 #W=1 contrib=-129648355823/2476694568960
(0, 0, 1, 1) (1, 1, 3, 1) ((0, 1), (0, 2), (0, 3)) aut=1 h1=0 #W=1 contrib=-129648355823/2476694568960
(0, 0, 1, 1) (1, 1, 2, 0) ((0, 1), (0, 3), (1, 2)) aut=1 h1=0 #W=1 contrib=-386685632929/4953389137920
(0, 0, 1, 1) (1, 1, 2, 0) ((0, 1), (0, 2), (1, 3)) aut=1 h1=0 #W=1 contrib=-912223534117/37150418534400
(0, 0, 1, 1) (1, 1, 2, 0) ((0, 1), (0, 2), (0, 3)) aut=1 h1=0 #W=1 contrib=1173399593761/74300837068800
(0, 0, 1, 1) (1, 1, 2, 0) ((0, 2), (0, 3), (1, 3)) aut=1 h1=0 #W=1 contrib=-84028973553439/1820370508185600
(0, 0, 1, 1) (1, 1, 2, 0) ((0, 1), (0, 3), (2, 3)) aut=1 h1=0 #W=1 contrib=4665616963047557/25485187114598400
(0, 0, 1, 1) (1, 1, 3, 0) ((0, 2), (1, 2), (2, 3)) aut=1 h1=0 #W=1 contrib=0
(0, 0, 1, 1) (1, 1, 2, 0) ((0, 3), (1, 3), (2, 3)) aut=1 h1=0 #W=1 contrib=0
(0, 0, 1, 1) (1, 1, 3, 0) ((0, 1), (0, 2), (1, 3)) aut=1 h1=0 #W=1 contrib=-386685632929/4953389137920
(0, 0, 1, 1) (1, 1, 3, 0) ((0, 1), (0, 2), (2, 3)) aut=1 h1=0 #W=1 contrib=4665616963047557/25485187114598400
(0, 0, 1, 1) (1, 1, 3, 0) ((0, 1), (0, 3), (1, 2)) aut=1 h1=0 #W=1 contrib=-912223534117/37150418534400
(0, 0, 1, 1) (1, 1, 3, 0) ((0, 2), (0, 3), (1, 2)) aut=1 h1=0 #W=1 contrib=-84028973553439/1820370508185600
(0, 0, 1, 1) (1, 1, 3, 0) ((0, 1), (0, 2), (0, 3)) aut=1 h1=0 #W=1 contrib=1173399593761/74300837068800
(0, 0, 1, 1) (1, 1, 1, 2) ((0, 1), (0, 2), (0, 3)) aut=1 h1=0 #W=1 contrib=-129648355823/2476694568960
(0, 0, 1, 1) (1, 1, 1, 3) ((0, 1), (0, 2), (0, 3)) aut=1 h1=0 #W=1 contrib=-129648355823/2476694568960
(0, 0, 1, 1) (1, 1, 1, 1) ((0, 1), (0, 2), (0, 3)) aut=2 h1=0 #W=1 contrib=-503956903387/2476694568960
(0, 0, 1, 1) (1, 1, 1, 0) ((0, 2), (0, 3), (1, 2)) aut=1 h1=0 #W=1 contrib=-335980357189/1651129712640
(0, 0, 1, 1) (1, 1, 1, 0) ((0, 1), (0, 3), (1, 2)) aut=1 h1=0 #W=1 contrib=472423566769/4953389137920
(0, 0, 1, 1) (1, 1, 1, 0) ((0, 1), (0, 2), (2, 3)) aut=1 h1=0 #W=1 contrib=1940384957/110075314176
(0, 0, 1, 1) (1, 1, 1, 0) ((0, 1), (0, 2), (1, 3)) aut=1 h1=0 #W=1 contrib=472423566769/4953389137920
(0, 0, 1, 1) (1, 1, 1, 0) ((0, 1), (0, 2), (0, 3)) aut=2 h1=0 #W=1 contrib=18820634665/165112971264
(0, 0, 1, 1) (1, 1, 1, 0) ((0, 2), (0, 3), (1, 3)) aut=1 h1=0 #W=1 contrib=-335980357189/1651129712640
(0, 0, 1, 1) (1, 1, 1, 0) ((0, 1), (0, 3), (2, 3)) aut=1 h1=0 #W=1 contrib=1940384957/110075314176
(0, 0, 1, 1) (1, 1, 1, 0) ((0, 2), (1, 2), (2, 3)) aut=1 h1=0 #W=1 contrib=0
(0, 0, 1, 1) (1, 1, 1, 0) ((0, 3), (1, 3), (2, 3)) aut=1 h1=0 #W=1 contrib=0
(0, 0, 1, 1) (1, 1, 0, 2) ((0, 1), (0, 3), (1, 2)) aut=1 h1=0 #W=1 contrib=-386685632929/4953389137920
(0, 0, 1, 1) (1, 1, 0, 2) ((0, 1), (0, 2), (1, 3)) aut=1 h1=0 #W=1 contrib=-912223534117/37150418534400
(0, 0, 1, 1) (1, 1, 0, 2) ((0, 1), (0, 2), (0, 3)) aut=1 h1=0 #W=1 contrib=1173399593761/74300837068800
(0, 0, 1, 1) (1, 1, 0, 2) ((0, 2), (0, 3), (1, 3)) aut=1 h1=0 #W=1 contrib=-84028973553439/1820370508185600
(0, 0, 1, 1) (1, 1, 0, 2) ((0, 1), (0, 3), (2, 3)) aut=1 h1=0 #W=1 contrib=4665616963047557/25485187114598400
(0, 0, 1, 1) (1, 1, 0, 3) ((0, 2), (1, 2), (2, 3)) aut=1 h1=0 #W=1 contrib=0
(0, 0, 1, 1) (1, 1, 0, 1) ((0, 2), (0, 3), (1, 2)) aut=1 h1=0 #W=1 contrib=-335980357189/1651129712640
(0, 0, 1, 1) (1, 1, 0, 1) ((0, 1), (0, 3), (1, 2)) aut=1 h1=0 #W=1 contrib=472423566769/4953389137920
(0, 0, 1, 1) (1, 1, 0, 1) ((0, 1), (0, 2), (2, 3)) aut=1 h1=0 #W=1 contrib=1940384957/110075314176
(0, 0, 1, 1) (1, 1, 0, 1) ((0, 1), (0, 2), (1, 3)) aut=1 h1=0 #W=1 contrib=472423566769/4953389137920
(0, 0, 1, 1) (1, 1, 0, 1) ((0, 1), (0, 2), (0, 3)) aut=2 h1=0 #W=1 contrib=18820634665/165112971264
(0, 0, 1, 1) (1, 1, 0, 1) ((0, 2), (0, 3), (1, 3)) aut=1 h1=0 #W=1 contrib=-335980357189/1651129712640
(0, 0, 1, 1) (1, 1, 0, 1) ((0, 1), (0, 3), (2, 3)) aut=1 h1=0 #W=1 contrib=1940384957/110075314176
(0, 0, 1, 1) (1, 1, 0, 1) ((0, 2), (1, 2), (2, 3)) aut=1 h1=0 #W=1 contrib=0
(0, 0, 1, 1) (1, 1, 0, 0) ((0, 2), (1, 2), (1, 3)) aut=1 h1=0 #W=1 contrib=2860648574267/74300837068800
(0, 0, 1, 1) (1, 1, 0, 0) ((0, 2), (0, 3), (1, 2)) aut=1 h1=0 #W=1 contrib=907851807227/74300837068800
(0, 0, 1, 1) (1, 1, 0, 0) ((0, 1), (1, 2), (2, 3)) aut=1 h1=0 #W=1 contrib=5779603714829/74300837068800
(0, 0, 1, 1) (1, 1, 0, 0) ((0, 3), (1, 2), (2, 3)) aut=1 h1=0 #W=1 contrib=716246728911013/3303635366707200
(0, 0, 1, 1) (1, 1, 0, 0) ((0, 1), (1, 2), (1, 3)) aut=2 h1=0 #W=1 contrib=2122265770709/74300837068800
(0, 0, 1, 1) (1, 1, 0, 0) ((0, 1), (0, 3), (1, 2)) aut=1 h1=0 #W=1 contrib=566666303021/18575209267200
(0, 0, 1, 1) (1, 1, 0, 0) ((0, 3), (1, 2), (1, 3)) aut=1 h1=0 #W=1 contrib=2860648574267/74300837068800
(0, 0, 1, 1) (1, 1, 0, 0) ((0, 1), (0, 2), (2, 3)) aut=1 h1=0 #W=1 contrib=5314560747629/74300837068800
(0, 0, 1, 1) (1, 1, 0, 0) ((0, 2), (1, 3), (2, 3)) aut=1 h1=0 #W=1 contrib=716246728911013/3303635366707200
(0, 0, 1, 1) (1, 1, 0, 0) ((0, 1), (0, 2), (1, 3)) aut=1 h1=0 #W=1 contrib=566666303021/18575209267200
(0, 0, 1, 1) (1, 1, 0, 0) ((0, 1), (0, 2), (0, 3)) aut=2 h1=0 #W=1 contrib=-2385558331051/74300837068800
(0, 0, 1, 1) (1, 1, 0, 0) ((0, 2), (0, 3), (1, 3)) aut=1 h1=0 #W=1 contrib=907851807227/74300837068800
(0, 0, 1, 1) (1, 1, 0, 0) ((0, 1), (1, 3), (2, 3)) aut=1 h1=0 #W=1 contrib=5779603714829/74300837068800
(0, 0, 1, 1) (1, 1, 0, 0) ((0, 1), (0, 3), (2, 3)) aut=1 h1=0 #W=1 contrib=5314560747629/74300837068800
(0, 0, 0, 2) (1, 1, 2, 2) ((0, 1), (0, 2), (0, 3)) aut=1 h1=0 #W=1 contrib=-211704686347/4953389137920
(0, 0, 1, 1) (1, 1, 0, 3) ((0, 2), (0, 3), (1, 2)) aut=1 h1=0 #W=1 contrib=-84028973553439/1820370508185600
(0, 0, 1, 1) (1, 1, 0, 3) ((0, 1), (0, 3), (1, 2)) aut=1 h1=0 #W=1 contrib=-912223534117/37150418534400
(0, 0, 1, 1) (1, 1, 0, 3) ((0, 1), (0, 2), (2, 3)) aut=1 h1=0 #W=1 contrib=4665616963047557/25485187114598400
(0, 0, 1, 1) (1, 1, 0, 3) ((0, 1), (0, 2), (1, 3)) aut=1 h1=0 #W=1 contrib=-386685632929/4953389137920
(0, 0, 1, 1) (1, 1, 0, 3) ((0, 1), (0, 2), (0, 3)) aut=1 h1=0 #W=1 contrib=1173399593761/74300837068800
(0, 0, 1, 1) (1, 1, 0, 2) ((0, 2), (1, 3), (2, 3)) aut=1 h1=0 #W=1 contrib=0
(0, 0, 1, 1) (1, 1, 0, 2) ((0, 2), (1, 2), (1, 3)) aut=1 h1=0 #W=1 contrib=0
(0, 0, 1, 1) (1, 1, 0, 2) ((0, 3), (1, 2), (2, 3)) aut=1 h1=0 #W=1 contrib=0
(0, 0, 1, 1) (1, 1, 0, 2) ((0, 1), (1, 2), (2, 3)) aut=1 h1=0 #W=1 contrib=0
(0, 0, 1, 1) (1, 1, 0, 2) ((0, 2), (1, 2), (2, 3)) aut=1 h1=0 #W=1 contrib=0
(0, 0, 0, 2) (1, 1, 2, 0) ((0, 1), (0, 2), (2, 3)) aut=1 h1=0 #W=1 contrib=250196447501/4953389137920
(0, 0, 0, 2) (1, 1, 2, 0) ((0, 2), (0, 3), (1, 2)) aut=1 h1=0 #W=1 contrib=250196447501/4953389137920
(0, 0, 1, 1) (1, 1, 0, 2) ((0, 3), (1, 3), (2, 3)) aut=1 h1=0 #W=1 contrib=0
(0, 0, 1, 1) (1, 1, 0, 1) ((0, 3), (1, 3), (2, 3)) aut=1 h1=0 #W=1 contrib=0
(0, 0, 1, 1) (1, 1, 0, 3) ((0, 3), (1, 2), (2, 3)) aut=1 h1=0 #W=1 contrib=0
(0, 0, 1, 1) (1, 1, 0, 3) ((0, 3), (1, 2), (1, 3)) aut=1 h1=0 #W=1 contrib=0
(0, 0, 1, 1) (1, 1, 0, 3) ((0, 2), (1, 3), (2, 3)) aut=1 h1=0 #W=1 contrib=0
(0, 0, 1, 1) (1, 1, 0, 3) ((0, 1), (1, 3), (2, 3)) aut=1 h1=0 #W=1 contrib=0
(0, 0, 1, 1) (1, 1, 0, 3) ((0, 3), (1, 3), (2, 3)) aut=1 h1=0 #W=1 contrib=0
(0, 0, 0, 2) (1, 1, 0, 2) ((0, 1), (0, 2), (2, 3)) aut=1 h1=0 #W=1 contrib=250196447501/4953389137920
(0, 0, 0, 2) (1, 1, 0, 2) ((0, 2), (0, 3), (1, 2)) aut=1 h1=0 #W=1 contrib=250196447501/4953389137920
(0, 0, 0, 2) (1, 1, 0, 0) ((0, 2), (1, 2), (2, 3)) aut=1 h1=0 #W=1 contrib=-211704686347/4953389137920
(0, 0, 1, 1) (0, 1, 2, 2) ((0, 2), (1, 2), (1, 3)) aut=1 h1=0 #W=1 contrib=0
(0, 0, 1, 1) (0, 1, 2, 2) ((0, 1), (1, 2), (2, 3)) aut=1 h1=0 #W=1 contrib=0
(0, 0, 1, 1) (0, 1, 2, 2) ((0, 1), (1, 2), (1, 3)) aut=1 h1=0 #W=1 contrib=0
(0, 0, 1, 1) (0, 1, 2, 2) ((0, 3), (1, 2), (1, 3)) aut=1 h1=0 #W=1 contrib=0
(0, 0, 1, 1) (0, 1, 2, 2) ((0, 1), (1, 3), (2, 3)) aut=1 h1=0 #W=1 contrib=0
(0, 0, 1, 1) (0, 1, 3, 3) ((0, 2), (1, 2), (2, 3)) aut=1 h1=0 #W=1 contrib=0
(0, 0, 1, 1) (1, 0, 2, 1) ((0, 1), (0, 3), (1, 2)) aut=1 h1=0 #W=1 contrib=31201768075/990677827584
(0, 0, 1, 1) (1, 0, 2, 1) ((0, 1), (0, 2), (1, 3)) aut=1 h1=0 #W=1 contrib=-1260488904661/37150418534400
(0, 0, 1, 1) (1, 0, 2, 1) ((0, 1), (0, 2), (0, 3)) aut=1 h1=0 #W=1 contrib=1029521696173/74300837068800
(0, 0, 1, 1) (1, 0, 2, 1) ((0, 2), (0, 3), (1, 3)) aut=1 h1=0 #W=1 contrib=-172125235154767/1820370508185600
(0, 0, 1, 1) (1, 0, 2, 1) ((0, 1), (0, 3), (2, 3)) aut=1 h1=0 #W=1 contrib=9755380922735801/25485187114598400
(0, 0, 1, 1) (1, 0, 3, 1) ((0, 2), (1, 2), (2, 3)) aut=1 h1=0 #W=1 contrib=0
(0, 0, 1, 1) (0, 1, 2, 1) ((0, 2), (1, 2), (2, 3)) aut=1 h1=0 #W=1 contrib=0
(0, 0, 1, 1) (0, 1, 2, 1) ((0, 2), (1, 2), (1, 3)) aut=1 h1=0 #W=1 contrib=0
(0, 0, 1, 1) (0, 1, 2, 1) ((0, 2), (1, 3), (2, 3)) aut=1 h1=0 #W=1 contrib=0
(0, 0, 1, 1) (0, 1, 2, 1) ((0, 1), (1, 2), (2, 3)) aut=1 h1=0 #W=1 contrib=0
(0, 0, 1, 1) (0, 1, 2, 1) ((0, 3), (1, 2), (2, 3)) aut=1 h1=0 #W=1 contrib=0
(0, 0, 1, 1) (1, 0, 2, 0) ((0, 1), (1, 2), (1, 3)) aut=1 h1=0 #W=1 contrib=859728178573/74300837068800
(0, 0, 1, 1) (1, 0, 2, 0) ((0, 1), (0, 3), (1, 2)) aut=1 h1=0 #W=1 contrib=-1175592145861/37150418534400
(0, 0, 1, 1) (1, 0, 2, 0) ((0, 3), (1, 2), (1, 3)) aut=1 h1=0 #W=1 contrib=-172125235154767/1820370508185600
(0, 0, 1, 1) (1, 0, 2, 0) ((0, 1), (0, 2), (1, 3)) aut=1 h1=0 #W=1 contrib=403773644027/4953389137920
(0, 0, 1, 1) (1, 0, 2, 0) ((0, 1), (1, 3), (2, 3)) aut=1 h1=0 #W=1 contrib=9755380922735801/25485187114598400
(0, 0, 1, 1) (0, 1, 2, 3) ((0, 2), (1, 2), (1, 3)) aut=1 h1=0 #W=1 contrib=0
(0, 0, 1, 1) (0, 1, 2, 3) ((0, 1), (1, 2), (2, 3)) aut=1 h1=0 #W=1 contrib=0
(0, 0, 1, 1) (0, 1, 3, 2) ((0, 3), (1, 2), (2, 3)) aut=1 h1=0 #W=1 contrib=0
(0, 0, 1, 1) (0, 1, 3, 2) ((0, 2), (1, 3), (2, 3)) aut=1 h1=0 #W=1 contrib=0
(0, 0, 1, 1) (1, 0, 2, 3) ((0, 1), (0, 3), (1, 2)) aut=1 h1=0 #W=1 contrib=29004572250767/910185254092800
(0, 0, 1, 1) (1, 0, 2, 3) ((0, 1), (0, 2), (1, 3)) aut=1 h1=0 #W=1 contrib=29004572250767/910185254092800
(0, 0, 1, 1) (1, 0, 3, 2) ((0, 2), (1, 2), (1, 3)) aut=1 h1=0 #W=1 contrib=0
(0, 0, 1, 1) (1, 0, 3, 2) ((0, 1), (1, 2), (2, 3)) aut=1 h1=0 #W=1 contrib=0
(0, 0, 1, 1) (1, 0, 1, 2) ((0, 1), (0, 3), (1, 2)) aut=1 h1=0 #W=1 contrib=31201768075/990677827584
(0, 0, 1, 1) (1, 0, 1, 2) ((0, 1), (0, 2), (1, 3)) aut=1 h1=0 #W=1 contrib=-1260488904661/37150418534400
(0, 0, 1, 1) (1, 0, 1, 2) ((0, 1), (0, 2), (0, 3)) aut=1 h1=0 #W=1 contrib=1029521696173/74300837068800
(0, 0, 1, 1) (1, 0, 1, 2) ((0, 2), (0, 3), (1, 3)) aut=1 h1=0 #W=1 contrib=-172125235154767/1820370508185600
(0, 0, 1, 1) (1, 0, 1, 2) ((0, 1), (0, 3), (2, 3)) aut=1 h1=0 #W=1 contrib=9755380922735801/25485187114598400
(0, 0, 1, 1) (1, 0, 1, 3) ((0, 2), (1, 2), (2, 3)) aut=1 h1=0 #W=1 contrib=0
(0, 0, 1, 1) (1, 0, 1, 1) ((0, 2), (0, 3), (1, 2)) aut=1 h1=0 #W=1 contrib=-35969155799/550376570880
(0, 0, 1, 1) (1, 0, 1, 1) ((0, 1), (0, 3), (1, 2)) aut=1 h1=0 #W=1 contrib=-266652925511/4953389137920
(0, 0, 1, 1) (1, 0, 1, 1) ((0, 1), (0, 2), (2, 3)) aut=1 h1=0 #W=1 contrib=-360829483/110075314176
(0, 0, 1, 1) (1, 0, 1, 1) ((0, 1), (0, 2), (1, 3)) aut=1 h1=0 #W=1 contrib=-266652925511/4953389137920
(0, 0, 1, 1) (1, 0, 1, 1) ((0, 1), (0, 2), (0, 3)) aut=2 h1=0 #W=1 contrib=-398141023/165112971264
(0, 0, 1, 1) (1, 0, 1, 1) ((0, 2), (0, 3), (1, 3)) aut=1 h1=0 #W=1 contrib=-35969155799/550376570880
(0, 0, 1, 1) (1, 0, 1, 1) ((0, 1), (0, 3), (2, 3)) aut=1 h1=0 #W=1 contrib=-360829483/110075314176
(0, 0, 1, 1) (1, 0, 1, 1) ((0, 2), (1, 2), (2, 3)) aut=1 h1=0 #W=1 contrib=0
(0, 0, 1, 1) (1, 0, 1, 0) ((0, 2), (1, 2), (1, 3)) aut=1 h1=0 #W=1 contrib=5779604001551/74300837068800
(0, 0, 1, 1) (1, 0, 1, 0) ((0, 2), (0, 3), (1, 2)) aut=1 h1=0 #W=1 contrib=3702388448831/74300837068800
(0, 0, 1, 1) (1, 0, 1, 0) ((0, 1), (1, 2), (2, 3)) aut=1 h1=0 #W=1 contrib=11648951380997/74300837068800
(0, 0, 1, 1) (1, 0, 1, 0) ((0, 3), (1, 2), (2, 3)) aut=1 h1=0 #W=1 contrib=8063630586055907/9910906100121600
(0, 0, 1, 1) (1, 0, 1, 0) ((0, 1), (1, 2), (1, 3)) aut=2 h1=0 #W=1 contrib=882343194677/74300837068800
(0, 0, 1, 1) (1, 0, 1, 0) ((0, 1), (0, 3), (1, 2)) aut=1 h1=0 #W=1 contrib=894085899833/18575209267200
(0, 0, 1, 1) (1, 0, 1, 0) ((0, 3), (1, 2), (1, 3)) aut=1 h1=0 #W=1 contrib=5779604001551/74300837068800
(0, 0, 1, 1) (1, 0, 1, 0) ((0, 1), (0, 2), (2, 3)) aut=1 h1=0 #W=1 contrib=11591773966997/74300837068800
(0, 0, 1, 1) (1, 0, 1, 0) ((0, 2), (1, 3), (2, 3)) aut=1 h1=0 #W=1 contrib=8063630586055907/9910906100121600
(0, 0, 1, 1) (1, 0, 1, 0) ((0, 1), (0, 2), (1, 3)) aut=1 h1=0 #W=1 contrib=894085899833/18575209267200
(0, 0, 1, 1) (1, 0, 1, 0) ((0, 1), (0, 2), (0, 3)) aut=2 h1=0 #W=1 contrib=279892918277/74300837068800
(0, 0, 1, 1) (1, 0, 1, 0) ((0, 2), (0, 3), (1, 3)) aut=1 h1=0 #W=1 contrib=3702388448831/74300837068800
(0, 0, 1, 1) (1, 0, 1, 0) ((0, 1), (1, 3), (2, 3)) aut=1 h1=0 #W=1 contrib=11648951380997/74300837068800
(0, 0, 1, 1) (1, 0, 1, 0) ((0, 1), (0, 3), (2, 3)) aut=1 h1=0 #W=1 contrib=11591773966997/74300837068800
(0, 0, 0, 2) (1, 2, 1, 2) ((0, 1), (0, 2), (0, 3)) aut=1 h1=0 #W=1 contrib=-925551893203/4953389137920
(0, 0, 1, 1) (1, 0, 1, 3) ((0, 2), (0, 3), (1, 2)) aut=1 h1=0 #W=1 contrib=-172125235154767/1820370508185600
(0, 0, 1, 1) (1, 0, 1, 3) ((0, 1), (0, 3), (1, 2)) aut=1 h1=0 #W=1 contrib=-1260488904661/37150418534400
(0, 0, 1, 1) (1, 0, 1, 3) ((0, 1), (0, 2), (2, 3)) aut=1 h1=0 #W=1 contrib=9755380922735801/25485187114598400
(0, 0, 1, 1) (1, 0, 1, 3) ((0, 1), (0, 2), (1, 3)) aut=1 h1=0 #W=1 contrib=31201768075/990677827584
(0, 0, 1, 1) (1, 0, 1, 3) ((0, 1), (0, 2), (0, 3)) aut=1 h1=0 #W=1 contrib=1029521696173/74300837068800
(0, 0, 1, 1) (1, 0, 1, 2) ((0, 2), (1, 3), (2, 3)) aut=1 h1=0 #W=1 contrib=0
(0, 0, 1, 1) (1, 0, 1, 2) ((0, 2), (1, 2), (1, 3)) aut=1 h1=0 #W=1 contrib=0
(0, 0, 1, 1) (1, 0, 1, 2) ((0, 3), (1, 2), (2, 3)) aut=1 h1=0 #W=1 contrib=0
(0, 0, 1, 1) (1, 0, 1, 2) ((0, 1), (1, 2), (2, 3)) aut=1 h1=0 #W=1 contrib=0
(0, 0, 1, 1) (1, 0, 1, 2) ((0, 2), (1, 2), (2, 3)) aut=1 h1=0 #W=1 contrib=0
(0, 0, 0, 2) (1, 2, 1, 0) ((0, 1), (0, 2), (2, 3)) aut=1 h1=0 #W=1 contrib=-442655253271/4953389137920
(0, 0, 0, 2) (1, 2, 1, 0) ((0, 2), (0, 3), (1, 2)) aut=1 h1=0 #W=1 contrib=523138026593/4953389137920
(0, 0, 1, 1) (0, 1, 1, 2) ((0, 2), (1, 2), (2, 3)) aut=1 h1=0 #W=1 contrib=0
(0, 0, 1, 1) (0, 1, 1, 2) ((0, 2), (1, 2), (1, 3)) aut=1 h1=0 #W=1 contrib=0
(0, 0, 1, 1) (0, 1, 1, 2) ((0, 2), (1, 3), (2, 3)) aut=1 h1=0 #W=1 contrib=0
(0, 0, 1, 1) (0, 1, 1, 2) ((0, 1), (1, 2), (2, 3)) aut=1 h1=0 #W=1 contrib=0
(0, 0, 1, 1) (0, 1, 1, 2) ((0, 3), (1, 2), (2, 3)) aut=1 h1=0 #W=1 contrib=0
(0, 0, 1, 1) (1, 0, 0, 2) ((0, 1), (1, 2), (1, 3)) aut=1 h1=0 #W=1 contrib=859728178573/74300837068800
(0, 0, 1, 1) (1, 0, 0, 2) ((0, 1), (0, 3), (1, 2)) aut=1 h1=0 #W=1 contrib=-1175592145861/37150418534400
(0, 0, 1, 1) (1, 0, 0, 2) ((0, 3), (1, 2), (1, 3)) aut=1 h1=0 #W=1 contrib=-172125235154767/1820370508185600
(0, 0, 1, 1) (1, 0, 0, 2) ((0, 1), (0, 2), (1, 3)) aut=1 h1=0 #W=1 contrib=403773644027/4953389137920
(0, 0, 1, 1) (1, 0, 0, 2) ((0, 1), (1, 3), (2, 3)) aut=1 h1=0 #W=1 contrib=9755380922735801/25485187114598400
(0, 0, 1, 1) (1, 0, 0, 1) ((0, 2), (1, 2), (1, 3)) aut=1 h1=0 #W=1 contrib=5779604001551/74300837068800
(0, 0, 1, 1) (1, 0, 0, 1) ((0, 2), (0, 3), (1, 2)) aut=1 h1=0 #W=1 contrib=3702388448831/74300837068800
(0, 0, 1, 1) (1, 0, 0, 1) ((0, 1), (1, 2), (2, 3)) aut=1 h1=0 #W=1 contrib=11648951380997/74300837068800
(0, 0, 1, 1) (1, 0, 0, 1) ((0, 3), (1, 2), (2, 3)) aut=1 h1=0 #W=1 contrib=8063630586055907/9910906100121600
(0, 0, 1, 1) (1, 0, 0, 1) ((0, 1), (1, 2), (1, 3)) aut=2 h1=0 #W=1 contrib=882343194677/74300837068800
(0, 0, 1, 1) (1, 0, 0, 1) ((0, 1), (0, 3), (1, 2)) aut=1 h1=0 #W=1 contrib=894085899833/18575209267200
(0, 0, 1, 1) (1, 0, 0, 1) ((0, 3), (1, 2), (1, 3)) aut=1 h1=0 #W=1 contrib=5779604001551/74300837068800
(0, 0, 1, 1) (1, 0, 0, 1) ((0, 1), (0, 2), (2, 3)) aut=1 h1=0 #W=1 contrib=11591773966997/74300837068800
(0, 0, 1, 1) (1, 0, 0, 1) ((0, 2), (1, 3), (2, 3)) aut=1 h1=0 #W=1 contrib=8063630586055907/9910906100121600
(0, 0, 1, 1) (1, 0, 0, 1) ((0, 1), (0, 2), (1, 3)) aut=1 h1=0 #W=1 contrib=894085899833/18575209267200
(0, 0, 1, 1) (1, 0, 0, 1) ((0, 1), (0, 2), (0, 3)) aut=2 h1=0 #W=1 contrib=279892918277/74300837068800
(0, 0, 1, 1) (1, 0, 0, 1) ((0, 2), (0, 3), (1, 3)) aut=1 h1=0 #W=1 contrib=3702388448831/74300837068800
(0, 0, 1, 1) (1, 0, 0, 1) ((0, 1), (1, 3), (2, 3)) aut=1 h1=0 #W=1 contrib=11648951380997/74300837068800
(0, 0, 1, 1) (1, 0, 0, 1) ((0, 1), (0, 3), (2, 3)) aut=1 h1=0 #W=1 contrib=11591773966997/74300837068800
(0, 0, 0, 2) (1, 2, 2, 1) ((0, 1), (0, 2), (0, 3)) aut=1 h1=0 #W=1 contrib=-925551893203/4953389137920
(0, 0, 1, 1) (0, 1, 1, 1) ((0, 2), (1, 2), (2, 3)) aut=1 h1=0 #W=1 contrib=0
(0, 0, 1, 1) (1, 0, 0, 0) ((0, 2), (1, 2), (1, 3)) aut=1 h1=0 #W=1 contrib=-71411946899/550376570880
(0, 0, 1, 1) (1, 0, 0, 0) ((0, 1), (1, 2), (2, 3)) aut=1 h1=0 #W=1 contrib=-1334963203/110075314176
(0, 0, 1, 1) (1, 0, 0, 0) ((0, 1), (1, 2), (1, 3)) aut=2 h1=0 #W=1 contrib=-8286146323/165112971264
(0, 0, 1, 1) (1, 0, 0, 0) ((0, 1), (0, 3), (1, 2)) aut=1 h1=0 #W=1 contrib=-623065288811/4953389137920
(0, 0, 1, 1) (1, 0, 0, 0) ((0, 3), (1, 2), (1, 3)) aut=1 h1=0 #W=1 contrib=-71411946899/550376570880
(0, 0, 1, 1) (1, 0, 0, 0) ((0, 1), (0, 2), (1, 3)) aut=1 h1=0 #W=1 contrib=-623065288811/4953389137920
(0, 0, 1, 1) (1, 0, 0, 0) ((0, 1), (1, 3), (2, 3)) aut=1 h1=0 #W=1 contrib=-1334963203/110075314176
(0, 0, 1, 1) (0, 1, 1, 3) ((0, 2), (1, 2), (2, 3)) aut=1 h1=0 #W=1 contrib=0
(0, 0, 1, 1) (1, 0, 0, 3) ((0, 2), (1, 2), (1, 3)) aut=1 h1=0 #W=1 contrib=-172125235154767/1820370508185600
(0, 0, 1, 1) (1, 0, 0, 3) ((0, 1), (1, 2), (2, 3)) aut=1 h1=0 #W=1 contrib=9755380922735801/25485187114598400
(0, 0, 1, 1) (1, 0, 0, 3) ((0, 1), (1, 2), (1, 3)) aut=1 h1=0 #W=1 contrib=859728178573/74300837068800
(0, 0, 1, 1) (1, 0, 0, 3) ((0, 1), (0, 3), (1, 2)) aut=1 h1=0 #W=1 contrib=403773644027/4953389137920
(0, 0, 1, 1) (1, 0, 0, 3) ((0, 1), (0, 2), (1, 3)) aut=1 h1=0 #W=1 contrib=-1175592145861/37150418534400
(0, 0, 0, 2) (1, 2, 2, 0) ((0, 1), (0, 2), (1, 3)) aut=1 h1=0 #W=1 contrib=-925551893203/4953389137920
(0, 0, 0, 2) (1, 2, 2, 0) ((0, 1), (0, 3), (1, 2)) aut=1 h1=0 #W=1 contrib=523138026593/4953389137920
(0, 0, 1, 1) (0, 1, 3, 2) ((0, 2), (1, 2), (1, 3)) aut=1 h1=0 #W=1 contrib=0
(0, 0, 1, 1) (0, 1, 3, 2) ((0, 1), (1, 2), (2, 3)) aut=1 h1=0 #W=1 contrib=0
(0, 0, 1, 1) (0, 1, 2, 3) ((0, 3), (1, 2), (2, 3)) aut=1 h1=0 #W=1 contrib=0
(0, 0, 1, 1) (0, 1, 2, 3) ((0, 2), (1, 3), (2, 3)) aut=1 h1=0 #W=1 contrib=0
(0, 0, 1, 1) (1, 0, 3, 2) ((0, 1), (0, 3), (1, 2)) aut=1 h1=0 #W=1 contrib=29004572250767/910185254092800
(0, 0, 1, 1) (1, 0, 3, 2) ((0, 1), (0, 2), (1, 3)) aut=1 h1=0 #W=1 contrib=29004572250767/910185254092800
(0, 0, 1, 1) (1, 0, 2, 3) ((0, 2), (1, 2), (1, 3)) aut=1 h1=0 #W=1 contrib=0
(0, 0, 1, 1) (1, 0, 2, 3) ((0, 1), (1, 2), (2, 3)) aut=1 h1=0 #W=1 contrib=0
(0, 0, 1, 1) (1, 0, 3, 1) ((0, 2), (0, 3), (1, 2)) aut=1 h1=0 #W=1 contrib=-172125235154767/1820370508185600
(0, 0, 1, 1) (1, 0, 3, 1) ((0, 1), (0, 3), (1, 2)) aut=1 h1=0 #W=1 contrib=-1260488904661/37150418534400
(0, 0, 1, 1) (1, 0, 3, 1) ((0, 1), (0, 2), (2, 3)) aut=1 h1=0 #W=1 contrib=9755380922735801/25485187114598400
(0, 0, 1, 1) (1, 0, 3, 1) ((0, 1), (0, 2), (1, 3)) aut=1 h1=0 #W=1 contrib=31201768075/990677827584
(0, 0, 1, 1) (1, 0, 3, 1) ((0, 1), (0, 2), (0, 3)) aut=1 h1=0 #W=1 contrib=1029521696173/74300837068800
(0, 0, 1, 1) (1, 0, 2, 1) ((0, 2), (1, 3), (2, 3)) aut=1 h1=0 #W=1 contrib=0
(0, 0, 1, 1) (1, 0, 2, 1) ((0, 2), (1, 2), (1, 3)) aut=1 h1=0 #W=1 contrib=0
(0, 0, 1, 1) (1, 0, 2, 1) ((0, 3), (1, 2), (2, 3)) aut=1 h1=0 #W=1 contrib=0
(0, 0, 1, 1) (1, 0, 2, 1) ((0, 1), (1, 2), (2, 3)) aut=1 h1=0 #W=1 contrib=0
(0, 0, 1, 1) (1, 0, 2, 1) ((0, 2), (1, 2), (2, 3)) aut=1 h1=0 #W=1 contrib=0
(0, 0, 0, 2) (1, 2, 0, 1) ((0, 1), (0, 2), (2, 3)) aut=1 h1=0 #W=1 contrib=-442655253271/4953389137920
(0, 0, 0, 2) (1, 2, 0, 1) ((0, 2), (0, 3), (1, 2)) aut=1 h1=0 #W=1 contrib=523138026593/4953389137920
(0, 0, 1, 1) (0, 1, 3, 1) ((0, 2), (1, 2), (2, 3)) aut=1 h1=0 #W=1 contrib=0
(0, 0, 1, 1) (1, 0, 3, 0) ((0, 2), (1, 2), (1, 3)) aut=1 h1=0 #W=1 contrib=-172125235154767/1820370508185600
(0, 0, 1, 1) (1, 0, 3, 0) ((0, 1), (1, 2), (2, 3)) aut=1 h1=0 #W=1 contrib=9755380922735801/25485187114598400
(0, 0, 1, 1) (1, 0, 3, 0) ((0, 1), (1, 2), (1, 3)) aut=1 h1=0 #W=1 contrib=859728178573/74300837068800
(0, 0, 1, 1) (1, 0, 3, 0) ((0, 1), (0, 3), (1, 2)) aut=1 h1=0 #W=1 contrib=403773644027/4953389137920
(0, 0, 1, 1) (1, 0, 3, 0) ((0, 1), (0, 2), (1, 3)) aut=1 h1=0 #W=1 contrib=-1175592145861/37150418534400
(0, 0, 0, 2) (1, 2, 0, 2) ((0, 1), (0, 2), (1, 3)) aut=1 h1=0 #W=1 contrib=-925551893203/4953389137920
(0, 0, 0, 2) (1, 2, 0, 2) ((0, 1), (0, 3), (1, 2)) aut=1 h1=0 #W=1 contrib=523138026593/4953389137920
(0, 0, 1, 1) (0, 1, 2, 2) ((0, 3), (1, 3), (2, 3)) aut=1 h1=0 #W=1 contrib=0
(0, 0, 1, 1) (1, 0, 2, 2) ((0, 3), (1, 2), (1, 3)) aut=1 h1=0 #W=1 contrib=0
(0, 0, 1, 1) (1, 0, 2, 2) ((0, 1), (1, 3), (2, 3)) aut=1 h1=0 #W=1 contrib=0
(0, 0, 1, 1) (1, 0, 2, 2) ((0, 1), (1, 2), (1, 3)) aut=1 h1=0 #W=1 contrib=0
(0, 0, 1, 1) (1, 0, 2, 2) ((0, 2), (1, 2), (1, 3)) aut=1 h1=0 #W=1 contrib=0
(0, 0, 1, 1) (1, 0, 2, 2) ((0, 1), (1, 2), (2, 3)) aut=1 h1=0 #W=1 contrib=0
(0, 0, 0, 2) (1, 2, 0, 0) ((0, 2), (1, 2), (1, 3)) aut=1 h1=0 #W=1 contrib=-442655253271/4953389137920
(0, 0, 0, 2) (1, 2, 0, 0) ((0, 1), (1, 2), (2, 3)) aut=1 h1=0 #W=1 contrib=-211704686347/4953389137920
(0, 0, 1, 1) (0, 1, 3, 3) ((0, 3), (1, 2), (1, 3)) aut=1 h1=0 #W=1 contrib=0
(0, 0, 1, 1) (0, 1, 3, 3) ((0, 1), (1, 3), (2, 3)) aut=1 h1=0 #W=1 contrib=0
(0, 0, 1, 1) (0, 1, 3, 3) ((0, 1), (1, 2), (2, 3)) aut=1 h1=0 #W=1 contrib=0
(0, 0, 1, 1) (0, 1, 3, 3) ((0, 2), (1, 2), (1, 3)) aut=1 h1=0 #W=1 contrib=0
(0, 0, 1, 1) (0, 1, 3, 3) ((0, 1), (1, 2), (1, 3)) aut=1 h1=0 #W=1 contrib=0
(0, 0, 1, 1) (1, 0, 2, 1) ((0, 3), (1, 3), (2, 3)) aut=1 h1=0 #W=1 contrib=0
(0, 0, 1, 1) (0, 1, 3, 2) ((0, 3), (1, 2), (1, 3)) aut=1 h1=0 #W=1 contrib=0
(0, 0, 1, 1) (0, 1, 3, 2) ((0, 1), (1, 3), (2, 3)) aut=1 h1=0 #W=1 contrib=0
(0, 0, 1, 1) (1, 0, 2, 3) ((0, 3), (1, 2), (1, 3)) aut=1 h1=0 #W=1 contrib=0
(0, 0, 1, 1) (1, 0, 2, 3) ((0, 1), (1, 3), (2, 3)) aut=1 h1=0 #W=1 contrib=0
(0, 0, 1, 1) (0, 1, 3, 1) ((0, 3), (1, 3), (2, 3)) aut=1 h1=0 #W=1 contrib=0
(0, 0, 1, 1) (0, 1, 3, 1) ((0, 3), (1, 2), (2, 3)) aut=1 h1=0 #W=1 contrib=0
(0, 0, 1, 1) (0, 1, 3, 1) ((0, 3), (1, 2), (1, 3)) aut=1 h1=0 #W=1 contrib=0
(0, 0, 1, 1) (0, 1, 3, 1) ((0, 2), (1, 3), (2, 3)) aut=1 h1=0 #W=1 contrib=0
(0, 0, 1, 1) (0, 1, 3, 1) ((0, 1), (1, 3), (2, 3)) aut=1 h1=0 #W=1 contrib=0
(0, 0, 1, 1) (1, 0, 1, 2) ((0, 3), (1, 3), (2, 3)) aut=1 h1=0 #W=1 contrib=0
(0, 0, 1, 1) (1, 0, 1, 1) ((0, 3), (1, 3), (2, 3)) aut=1 h1=0 #W=1 contrib=0
(0, 0, 1, 1) (1, 0, 1, 3) ((0, 3), (1, 2), (2, 3)) aut=1 h1=0 #W=1 contrib=0
(0, 0, 1, 1) (1, 0, 1, 3) ((0, 3), (1, 2), (1, 3)) aut=1 h1=0 #W=1 contrib=0
(0, 0, 1, 1) (1, 0, 1, 3) ((0, 2), (1, 3), (2, 3)) aut=1 h1=0 #W=1 contrib=0
(0, 0, 1, 1) (1, 0, 1, 3) ((0, 1), (1, 3), (2, 3)) aut=1 h1=0 #W=1 contrib=0
(0, 0, 1, 1) (1, 0, 1, 3) ((0, 3), (1, 3), (2, 3)) aut=1 h1=0 #W=1 contrib=0
(0, 0, 0, 2) (1, 0, 1, 2) ((0, 1), (0, 2), (2, 3)) aut=1 h1=0 #W=1 contrib=523138026593/4953389137920
(0, 0, 0, 2) (1, 0, 1, 2) ((0, 2), (0, 3), (1, 2)) aut=1 h1=0 #W=1 contrib=-442655253271/4953389137920
(0, 0, 0, 2) (1, 0, 1, 0) ((0, 2), (1, 2), (2, 3)) aut=1 h1=0 #W=1 contrib=-925551893203/4953389137920
(0, 0, 1, 1) (0, 1, 2, 3) ((0, 3), (1, 2), (1, 3)) aut=1 h1=0 #W=1 contrib=0
(0, 0, 1, 1) (0, 1, 2, 3) ((0, 1), (1, 3), (2, 3)) aut=1 h1=0 #W=1 contrib=0
(0, 0, 1, 1) (1, 0, 3, 2) ((0, 3), (1, 2), (1, 3)) aut=1 h1=0 #W=1 contrib=0
(0, 0, 1, 1) (1, 0, 3, 2) ((0, 1), (1, 3), (2, 3)) aut=1 h1=0 #W=1 contrib=0
(0, 0, 1, 1) (1, 0, 3, 1) ((0, 3), (1, 2), (2, 3)) aut=1 h1=0 #W=1 contrib=0
(0, 0, 1, 1) (1, 0, 3, 1) ((0, 3), (1, 2), (1, 3)) aut=1 h1=0 #W=1 contrib=0
(0, 0, 1, 1) (1, 0, 3, 1) ((0, 2), (1, 3), (2, 3)) aut=1 h1=0 #W=1 contrib=0
(0, 0, 1, 1) (1, 0, 3, 1) ((0, 1), (1, 3), (2, 3)) aut=1 h1=0 #W=1 contrib=0
(0, 0, 1, 1) (1, 0, 3, 1) ((0, 3), (1, 3), (2, 3)) aut=1 h1=0 #W=1 contrib=0
(0, 0, 0, 2) (1, 0, 2, 1) ((0, 1), (0, 2), (2, 3)) aut=1 h1=0 #W=1 contrib=523138026593/4953389137920
(0, 0, 0, 2) (1, 0, 2, 1) ((0, 2), (0, 3), (1, 2)) aut=1 h1=0 #W=1 contrib=-442655253271/4953389137920
(0, 0, 1, 1) (1, 0, 3, 3) ((0, 1), (1, 2), (2, 3)) aut=1 h1=0 #W=1 contrib=0
(0, 0, 1, 1) (1, 0, 3, 3) ((0, 2), (1, 2), (1, 3)) aut=1 h1=0 #W=1 contrib=0
(0, 0, 1, 1) (1, 0, 3, 3) ((0, 1), (1, 2), (1, 3)) aut=1 h1=0 #W=1 contrib=0
(0, 0, 1, 1) (1, 0, 3, 3) ((0, 3), (1, 2), (1, 3)) aut=1 h1=0 #W=1 contrib=0
(0, 0, 1, 1) (1, 0, 3, 3) ((0, 1), (1, 3), (2, 3)) aut=1 h1=0 #W=1 contrib=0
(0, 0, 0, 2) (1, 0, 2, 2) ((0, 1), (0, 2), (1, 3)) aut=1 h1=0 #W=1 contrib=-442655253271/4953389137920
(0, 0, 0, 2) (1, 0, 2, 2) ((0, 1), (0, 3), (1, 2)) aut=1 h1=0 #W=1 contrib=-211704686347/4953389137920
(0, 0, 1, 1) (0, 1, 2, 1) ((0, 3), (1, 3), (2, 3)) aut=1 h1=0 #W=1 contrib=0
(0, 0, 0, 2) (1, 0, 2, 0) ((0, 2), (1, 2), (1, 3)) aut=1 h1=0 #W=1 contrib=-925551893203/4953389137920
(0, 0, 0, 2) (1, 0, 2, 0) ((0, 1), (1, 2), (2, 3)) aut=1 h1=0 #W=1 contrib=523138026593/4953389137920
(0, 0, 1, 1) (0, 1, 1, 3) ((0, 3), (1, 3), (2, 3)) aut=1 h1=0 #W=1 contrib=0
(0, 0, 1, 1) (0, 1, 1, 3) ((0, 3), (1, 2), (2, 3)) aut=1 h1=0 #W=1 contrib=0
(0, 0, 1, 1) (0, 1, 1, 3) ((0, 3), (1, 2), (1, 3)) aut=1 h1=0 #W=1 contrib=0
(0, 0, 1, 1) (0, 1, 1, 3) ((0, 2), (1, 3), (2, 3)) aut=1 h1=0 #W=1 contrib=0
(0, 0, 1, 1) (0, 1, 1, 3) ((0, 1), (1, 3), (2, 3)) aut=1 h1=0 #W=1 contrib=0
(0, 0, 0, 2) (1, 0, 0, 1) ((0, 2), (1, 2), (2, 3)) aut=1 h1=0 #W=1 contrib=-925551893203/4953389137920
(0, 0, 1, 1) (0, 1, 1, 2) ((0, 3), (1, 3), (2, 3)) aut=1 h1=0 #W=1 contrib=0
(0, 0, 0, 2) (1, 0, 0, 2) ((0, 2), (1, 2), (1, 3)) aut=1 h1=0 #W=1 contrib=-925551893203/4953389137920
(0, 0, 0, 2) (1, 0, 0, 2) ((0, 1), (1, 2), (2, 3)) aut=1 h1=0 #W=1 contrib=523138026593/4953389137920
(0, 0, 1, 1) (0, 1, 1, 1) ((0, 3), (1, 3), (2, 3)) aut=1 h1=0 #W=1 contrib=0
(0, 0, 0, 2) (2, 0, 0, 1) ((0, 1), (1, 2), (2, 3)) aut=1 h1=0 #W=1 contrib=-925551893203/4953389137920
(0, 0, 0, 2) (2, 0, 0, 1) ((0, 2), (1, 2), (1, 3)) aut=1 h1=0 #W=1 contrib=523138026593/4953389137920
(0, 0, 0, 2) (2, 0, 0, 2) ((0, 1), (1, 2), (1, 3)) aut=1 h1=0 #W=1 contrib=-925551893203/4953389137920
(0, 0, 0, 2) (2, 0, 1, 0) ((0, 1), (1, 2), (2, 3)) aut=1 h1=0 #W=1 contrib=-925551893203/4953389137920
(0, 0, 0, 2) (2, 0, 1, 0) ((0, 2), (1, 2), (1, 3)) aut=1 h1=0 #W=1 contrib=523138026593/4953389137920
(0, 0, 0, 2) (2, 0, 1, 1) ((0, 1), (0, 2), (2, 3)) aut=1 h1=0 #W=1 contrib=-442655253271/4953389137920
(0, 0, 0, 2) (2, 0, 1, 1) ((0, 2), (0, 3), (1, 2)) aut=1 h1=0 #W=1 contrib=-211704686347/4953389137920
(0, 0, 0, 2) (2, 0, 1, 2) ((0, 1), (0, 3), (1, 2)) aut=1 h1=0 #W=1 contrib=-442655253271/4953389137920
(0, 0, 0, 2) (2, 0, 1, 2) ((0, 1), (0, 2), (1, 3)) aut=1 h1=0 #W=1 contrib=523138026593/4953389137920
(0, 0, 0, 2) (2, 0, 2, 0) ((0, 1), (1, 2), (1, 3)) aut=1 h1=0 #W=1 contrib=-925551893203/4953389137920
(0, 0, 0, 2) (2, 0, 2, 1) ((0, 1), (0, 3), (1, 2)) aut=1 h1=0 #W=1 contrib=-442655253271/4953389137920
(0, 0, 0, 2) (2, 0, 2, 1) ((0, 1), (0, 2), (1, 3)) aut=1 h1=0 #W=1 contrib=523138026593/4953389137920
(0, 0, 0, 2) (2, 2, 0, 0) ((0, 1), (1, 2), (1, 3)) aut=1 h1=0 #W=1 contrib=-211704686347/4953389137920
(0, 0, 0, 2) (2, 2, 0, 1) ((0, 1), (0, 3), (1, 2)) aut=1 h1=0 #W=1 contrib=250196447501/4953389137920
(0, 0, 0, 2) (2, 2, 0, 1) ((0, 1), (0, 2), (1, 3)) aut=1 h1=0 #W=1 contrib=250196447501/4953389137920
STAGE ne=3 TOTAL = -21427876058649742037/40469533242163200
