mask,bits,grid8192,sumsq,merit_num,merit_den
0,+--------------+-+-+-+-+-+-++,12.622711,1070,841,2140
1,++-------------+-+-+-+-+-+--+,11.000000,590,841,1180
2,+-+------------+-+-+-+-+-++++,12.995683,982,841,1964
3,+++------------+-+-+-+-+-++-+,10.728556,502,841,1004
4,+--+-----------+-+-+-+-+---++,11.000000,494,841,988
5,++-+-----------+-+-+-+-+----+,11.000000,526,841,1052
6,+-++-----------+-+-+-+-+--+++,10.228261,374,841,748
7,++++-----------+-+-+-+-+--+-+,9.077173,406,841,812
8,+---+----------+-+-+-+-+++-++,12.257294,790,841,1580
9,++--+----------+-+-+-+-+++--+,9.863813,406,841,812
10,+-+-+----------+-+-+-+-++++++,13.423893,1118,841,2236
11,+++-+----------+-+-+-+-++++-+,12.179907,734,841,1468
12,+--++----------+-+-+-+-++--++,9.259397,342,841,684
13,++-++----------+-+-+-+-++---+,8.994779,278,841,556
14,+-+++----------+-+-+-+-++-+++,11.247762,510,841,1020
15,+++++----------+-+-+-+-++-+-+,10.928304,574,841,1148
16,+----+---------+-+-+-+---+-++,11.002263,494,841,988
17,++---+---------+-+-+-+---+--+,11.000000,398,841,796
18,+-+--+---------+-+-+-+---++++,10.211125,342,841,684
19,+++--+---------+-+-+-+---++-+,8.539399,246,841,492
20,+--+-+---------+-+-+-+-----++,11.000000,398,841,796
21,++-+-+---------+-+-+-+------+,11.000000,622,841,1244
22,+-++-+---------+-+-+-+----+++,9.079311,278,841,556
23,++++-+---------+-+-+-+----+-+,10.697770,502,841,1004
24,+---++---------+-+-+-+--++-++,9.293648,246,841,492
25,++--++---------+-+-+-+--++--+,9.343577,310,841,620
26,+-+-++---------+-+-+-+--+++++,10.830073,446,841,892
27,+++-++---------+-+-+-+--+++-+,10.157159,382,841,764
28,+--+++---------+-+-+-+--+--++,7.620041,150,841,300
29,++-+++---------+-+-+-+--+---+,9.761736,342,841,684
30,+-++++---------+-+-+-+--+-+++,9.567588,382,841,764
31,++++++---------+-+-+-+--+-+-+,9.970276,574,841,1148
32,+-----+--------+-+-+-+++-+-++,11.614079,630,841,1260
33,++----+--------+-+-+-+++-+--+,8.999719,310,841,620
34,+-+---+--------+-+-+-+++-++++,12.507367,798,841,1596
35,+++---+--------+-+-+-+++-++-+,11.036240,478,841,956
36,+--+--+--------+-+-+-+++---++,8.388841,182,841,364
37,++-+--+--------+-+-+-+++----+,8.965510,246,841,492
38,+-++--+--------+-+-+-+++--+++,10.003714,318,841,636
39,++++--+--------+-+-+-+++--+-+,9.939974,382,841,764
40,+---+-+--------+-+-+-+++++-++,11.785019,638,841,1276
41,++--+-+--------+-+-+-+++++--+,10.402840,414,841,828
42,+-+-+-+--------+-+-+-++++++++,13.496306,1222,841,2444
43,+++-+-+--------+-+-+-++++++-+,13.175377,998,841,1996
44,+--++-+--------+-+-+-++++--++,9.116114,254,841,508
45,++-++-+--------+-+-+-++++---+,10.163026,350,841,700
46,+-+++-+--------+-+-+-++++-+++,12.062787,678,841,1356
47,+++++-+--------+-+-+-++++-+-+,12.602304,902,841,1804
48,+----++--------+-+-+-++--+-++,8.529981,246,841,492
49,++---++--------+-+-+-++--+--+,7.167084,118,841,236
50,+-+--++--------+-+-+-++--++++,9.597068,286,841,572
51,+++--++--------+-+-+-++--++-+,8.775104,286,841,572
52,+--+-++--------+-+-+-++----++,8.673736,214,841,428
53,++-+-++--------+-+-+-++-----+,9.693012,278,841,556
54,+-++-++--------+-+-+-++---+++,8.054810,158,841,316
55,++++-++--------+-+-+-++---+-+,9.691526,350,841,700
56,+---+++--------+-+-+-++-++-++,8.615782,158,841,316
57,++--+++--------+-+-+-++-++--+,8.290522,190,841,380
58,+-+-+++--------+-+-+-++-+++++,11.388354,550,841,1100
59,+++-+++--------+-+-+-++-+++-+,11.545723,582,841,1164
60,+--++++--------+-+-+-++-+--++,8.635268,190,841,380
61,++-++++--------+-+-+-++-+---+,10.175956,350,841,700
62,+-+++++--------+-+-+-++-+-+++,10.755068,486,841,972
63,+++++++--------+-+-+-++-+-+-+,11.351839,774,841,1548
64,+------+-------+-+-+---+-+-++,11.107930,590,841,1180
65,++-----+-------+-+-+---+-+--+,11.000000,366,841,732
66,+-+----+-------+-+-+---+-++++,10.477593,438,841,876
67,+++----+-------+-+-+---+-++-+,8.655761,214,841,428
68,+--+---+-------+-+-+---+---++,11.000000,462,841,924
69,++-+---+-------+-+-+---+----+,11.000000,366,841,732
70,+-++---+-------+-+-+---+--+++,10.049876,278,841,556
71,++++---+-------+-+-+---+--+-+,8.248057,182,841,364
72,+---+--+-------+-+-+---+++-++,9.613305,342,841,684
73,++--+--+-------+-+-+---+++--+,7.521591,150,841,300
74,+-+-+--+-------+-+-+---++++++,10.845472,478,841,956
75,+++-+--+-------+-+-+---++++-+,9.987334,286,841,572
76,+--++--+-------+-+-+---++--++,12.206556,406,841,812
77,++-++--+-------+-+-+---++---+,9.219544,150,841,300
78,+-+++--+-------+-+-+---++-+++,10.440307,382,841,764
79,+++++--+-------+-+-+---++-+-+,9.239399,254,841,508
80,+----+-+-------+-+-+-----+-++,11.000000,558,841,1116
81,++---+-+-------+-+-+-----+--+,11.000000,334,841,668
82,+-+--+-+-------+-+-+-----++++,9.447830,406,841,812
83,+++--+-+-------+-+-+-----++-+,8.216617,182,841,364
84,+--+-+-+-------+-+-+-------++,11.000000,526,841,1052
85,++-+-+-+-------+-+-+--------+,11.001579,622,841,1244
86,+-++-+-+-------+-+-+------+++,9.947827,406,841,812
87,++++-+-+-------+-+-+------+-+,10.342770,502,841,1004
88,+---++-+-------+-+-+----++-++,9.362734,278,841,556
89,++--++-+-------+-+-+----++--+,8.489141,150,841,300
90,+-+-++-+-------+-+-+----+++++,9.998595,478,841,956
91,+++-++-+-------+-+-+----+++-+,9.154327,222,841,444
92,+--+++-+-------+-+-+----+--++,9.254279,310,841,620
93,++-+++-+-------+-+-+----+---+,9.023949,310,841,620
94,+-++++-+-------+-+-+----+-+++,10.817885,542,841,1084
95,++++++-+-------+-+-+----+-+-+,10.105759,542,841,1084
96,+-----++-------+-+-+--++-+-++,8.903356,246,841,492
97,++----++-------+-+-+--++-+--+,8.959313,246,841,492
98,+-+---++-------+-+-+--++-++++,9.685056,286,841,572
99,+++---++-------+-+-+--++-++-+,8.547549,158,841,316
100,+--+--++-------+-+-+--++---++,10.049876,182,841,364
101,++-+--++-------+-+-+--++----+,8.286796,182,841,364
102,+-++--++-------+-+-+--++--+++,11.180340,318,841,636
103,++++--++-------+-+-+--++--+-+,7.810250,190,841,380
104,+---+-++-------+-+-+--++++-++,8.742919,222,841,444
105,++--+-++-------+-+-+--++++--+,8.668564,254,841,508
106,+-+-+-++-------+-+-+--+++++++,11.167020,550,841,1100
107,+++-+-++-------+-+-+--+++++-+,11.140245,454,841,908
108,+--++-++-------+-+-+--+++--++,10.440307,158,841,316
109,++-++-++-------+-+-+--+++---+,7.674636,126,841,252
110,+-+++-++-------+-+-+--+++-+++,10.534985,454,841,908
111,+++++-++-------+-+-+--+++-+-+,10.742169,422,841,844
112,+----+++-------+-+-+--+--+-++,9.608567,278,841,556
113,++---+++-------+-+-+--+--+--+,7.361927,86,841,172
114,+-+--+++-------+-+-+--+--++++,9.326654,254,841,508
115,+++--+++-------+-+-+--+--++-+,7.567508,62,841,124
116,+--+-+++-------+-+-+--+----++,9.351013,246,841,492
117,++-+-+++-------+-+-+--+-----+,8.807954,246,841,492
118,+-++-+++-------+-+-+--+---+++,9.238600,254,841,508
119,++++-+++-------+-+-+--+---+-+,8.965562,254,841,508
120,+---++++-------+-+-+--+-++-++,9.474164,222,841,444
121,++--++++-------+-+-+--+-++--+,8.024349,126,841,252
122,+-+-++++-------+-+-+--+-+++++,10.297276,550,841,1100
123,+++-++++-------+-+-+--+-+++-+,10.340964,326,841,652
124,+--+++++-------+-+-+--+-+--++,9.071913,190,841,380
125,++-+++++-------+-+-+--+-+---+,8.993299,222,841,444
126,+-++++++-------+-+-+--+-+-+++,10.293793,550,841,1100
127,++++++++-------+-+-+--+-+-+-+,10.277625,582,841,1164
128,+-------+------+-+-+++-+-+-++,11.129608,534,841,1068
129,++------+------+-+-+++-+-+--+,8.373504,214,841,428
130,+-+-----+------+-+-+++-+-++++,11.780703,638,841,1276
131,+++-----+------+-+-+++-+-++-+,9.911059,318,841,636
132,+--+----+------+-+-+++-+---++,9.219544,182,841,364
133,++-+----+------+-+-+++-+----+,9.019130,246,841,492
134,+-++----+------+-+-+++-+--+++,8.867529,254,841,508
135,++++----+------+-+-+++-+--+-+,9.062974,318,841,636
136,+---+---+------+-+-+++-+++-++,11.184450,670,841,1340
137,++--+---+------+-+-+++-+++--+,11.180340,446,841,892
138,+-+-+---+------+-+-+++-++++++,12.409807,806,841,1612
139,+++-+---+------+-+-+++-++++-+,11.727924,582,841,1164
140,+--++---+------+-+-+++-++--++,12.529964,446,841,892
141,++-++---+------+-+-+++-++---+,11.180340,414,841,828
142,+-+++---+------+-+-+++-++-+++,10.510515,422,841,844
143,+++++---+------+-+-+++-++-+-+,11.085669,518,841,1036
144,+----+--+------+-+-+++---+-++,8.637422,214,841,428
145,++---+--+------+-+-+++---+--+,9.219544,150,841,300
146,+-+--+--+------+-+-+++---++++,8.567745,190,841,380
147,+++--+--+------+-+-+++---++-+,7.418111,126,841,252
148,+--+-+--+------+-+-+++-----++,8.214577,150,841,300
149,++-+-+--+------+-+-+++------+,9.739037,278,841,556
150,+-++-+--+------+-+-+++----+++,7.979534,158,841,316
151,++++-+--+------+-+-+++----+-+,9.763822,286,841,572
152,+---++--+------+-+-+++--++-++,11.180340,318,841,636
153,++--++--+------+-+-+++--++--+,12.529964,542,841,1084
154,+-+-++--+------+-+-+++--+++++,9.817081,262,841,524
155,+++-++--+------+-+-+++--+++-+,9.824358,358,841,716
156,+--+++--+------+-+-+++--+--++,11.180340,254,841,508
157,++-+++--+------+-+-+++--+---+,11.180340,478,841,956
158,+-++++--+------+-+-+++--+-+++,8.907664,230,841,460
159,++++++--+------+-+-+++--+-+-+,10.013195,454,841,908
160,+-----+-+------+-+-+++++-+-++,10.702946,446,841,892
161,++----+-+------+-+-+++++-+--+,9.059830,286,841,572
162,+-+---+-+------+-+-+++++-++++,11.549477,614,841,1228
163,+++---+-+------+-+-+++++-++-+,10.684637,454,841,908
164,+--+--+-+------+-+-+++++---++,8.239152,158,841,316
165,++-+--+-+------+-+-+++++----+,9.419315,382,841,764
166,+-++--+-+------+-+-+++++--+++,9.301523,294,841,588
167,++++--+-+------+-+-+++++--+-+,10.419800,518,841,1036
168,+---+-+-+------+-+-+++++++-++,10.953429,486,841,972
169,++--+-+-+------+-+-+++++++--+,10.336272,422,841,844
170,+-+-+-+-+------+-+-++++++++++,12.804422,1070,841,2140
171,+++-+-+-+------+-+-++++++++-+,13.144092,1006,841,2012
172,+--++-+-+------+-+-++++++--++,9.219544,262,841,524
173,++-++-+-+------+-+-++++++---+,10.977463,518,841,1036
174,+-+++-+-+------+-+-++++++-+++,11.936434,686,841,1372
175,+++++-+-+------+-+-++++++-+-+,13.120747,1070,841,2140
176,+----++-+------+-+-++++--+-++,9.077151,254,841,508
177,++---++-+------+-+-++++--+--+,8.179635,158,841,316
178,+-+--++-+------+-+-++++--++++,8.537222,230,841,460
179,+++--++-+------+-+-++++--++-+,8.709428,262,841,524
180,+--+-++-+------+-+-++++----++,9.219869,318,841,636
181,++-+-++-+------+-+-++++-----+,10.185295,414,841,828
182,+-++-++-+------+-+-++++---+++,7.713262,198,841,396
183,++++-++-+------+-+-++++---+-+,10.192354,422,841,844
184,+---+++-+------+-+-++++-++-++,7.694091,134,841,268
185,++--+++-+------+-+-++++-++--+,9.219544,326,841,652
186,+-+-+++-+------+-+-++++-+++++,11.097868,462,841,924
187,+++-+++-+------+-+-++++-+++-+,11.819688,654,841,1308
188,+--++++-+------+-+-++++-+--++,8.695257,262,841,524
189,++-++++-+------+-+-++++-+---+,11.319837,582,841,1164
190,+-+++++-+------+-+-++++-+-+++,10.907998,494,841,988
191,+++++++-+------+-+-++++-+-+-+,12.298343,942,841,1884
192,+------++------+-+-++--+-+-++,9.496670,374,841,748
193,++-----++------+-+-++--+-+--+,7.280110,118,841,236
194,+-+----++------+-+-++--+-++++,9.637580,350,841,700
195,+++----++------+-+-++--+-++-+,8.695138,222,841,444
196,+--+---++------+-+-++--+---++,12.206556,406,841,812
197,++-+---++------+-+-++--+----+,9.219544,150,841,300
198,+-++---++------+-+-++--+--+++,10.440307,222,841,444
199,++++---++------+-+-++--+--+-+,7.379723,94,841,188
200,+---+--++------+-+-++--+++-++,12.529964,478,841,956
201,++--+--++------+-+-++--+++--+,11.180340,254,841,508
202,+-+-+--++------+-+-++--++++++,9.658423,358,841,716
203,+++-+--++------+-+-++--++++-+,9.377074,262,841,524
204,+--++--++------+-+-++--++--++,14.866069,830,841,1660
205,++-++--++------+-+-++--++---+,12.529964,414,841,828
206,+-+++--++------+-+-++--++-+++,12.206556,422,841,844
207,+++++--++------+-+-++--++-+-+,9.219544,262,841,524
208,+----+-++------+-+-++----+-++,11.360436,534,841,1068
209,++---+-++------+-+-++----+--+,8.450240,150,841,300
210,+-+--+-++------+-+-++----++++,10.683626,446,841,892
211,+++--+-++------+-+-++----++-+,8.565389,190,841,380
212,+--+-+-++------+-+-++------++,10.520990,470,841,940
213,++-+-+-++------+-+-++-------+,8.798918,278,841,556
214,+-++-+-++------+-+-++-----+++,9.131336,286,841,572
215,++++-+-++------+-+-++-----+-+,8.993850,222,841,444
216,+---++-++------+-+-++---++-++,11.180340,414,841,828
217,++--++-++------+-+-++---++--+,11.180340,254,841,508
218,+-+-++-++------+-+-++---+++++,9.344817,294,841,588
219,+++-++-++------+-+-++---+++-+,8.406635,134,841,268
220,+--+++-++------+-+-++---+--++,12.529964,542,841,1084
221,++-+++-++------+-+-++---+---+,11.180340,382,841,764
222,+-++++-++------+-+-++---+-+++,9.249527,326,841,652
223,++++++-++------+-+-++---+-+-+,8.823553,294,841,588
224,+-----+++------+-+-++-++-+-++,8.701871,254,841,508
225,++----+++------+-+-++-++-+--+,9.693738,222,841,444
226,+-+---+++------+-+-++-++-++++,8.438526,230,841,460
227,+++---+++------+-+-++-++-++-+,8.046087,198,841,396
228,+--+--+++------+-+-++-++---++,10.440307,286,841,572
229,++-+--+++------+-+-++-++----+,9.701111,254,841,508
230,+-++--+++------+-+-++-++--+++,10.049876,230,841,460
231,++++--+++------+-+-++-++--+-+,8.714984,198,841,396
232,+---+-+++------+-+-++-++++-++,9.219544,198,841,396
233,++--+-+++------+-+-++-++++--+,8.738648,198,841,396
234,+-+-+-+++------+-+-++-+++++++,10.735183,462,841,924
235,+++-+-+++------+-+-++-+++++-+,11.194974,462,841,924
236,+--++-+++------+-+-++-+++--++,12.206556,358,841,716
237,++-++-+++------+-+-++-+++---+,9.219544,294,841,588
238,+-+++-+++------+-+-++-+++-+++,10.535745,462,841,924
239,+++++-+++------+-+-++-+++-+-+,11.220714,526,841,1052
240,+----++++------+-+-++-+--+-++,11.074647,542,841,1084
241,++---++++------+-+-++-+--+--+,8.187704,190,841,380
242,+-+--++++------+-+-++-+--++++,10.089490,390,841,780
243,+++--++++------+-+-++-+--++-+,8.434172,166,841,332
244,+--+-++++------+-+-++-+----++,11.032238,542,841,1084
245,++-+-++++------+-+-++-+-----+,9.758988,382,841,764
246,+-++-++++------+-+-++-+---+++,9.381738,294,841,588
247,++++-++++------+-+-++-+---+-+,9.004004,262,841,524
248,+---+++++------+-+-++-+-++-++,9.526841,262,841,524
249,++--+++++------+-+-++-+-++--+,7.372088,134,841,268
250,+-+-+++++------+-+-++-+-+++++,10.293420,462,841,924
251,+++-+++++------+-+-++-+-+++-+,10.497820,334,841,668
252,+--++++++------+-+-++-+-+--++,9.849616,390,841,780
253,++-++++++------+-+-++-+-+---+,10.284009,390,841,780
254,+-+++++++------+-+-++-+-+-+++,10.292389,494,841,988
255,+++++++++------+-+-++-+-+-+-+,10.592850,622,841,1244
256,+--------+-----+-+---+-+-+-++,11.346908,590,841,1180
257,++-------+-----+-+---+-+-+--+,11.000000,430,841,860
258,+-+------+-----+-+---+-+-++++,10.961713,438,841,876
259,+++------+-----+-+---+-+-++-+,8.943473,278,841,556
260,+--+-----+-----+-+---+-+---++,11.000000,526,841,1052
261,++-+-----+-----+-+---+-+----+,11.000000,494,841,988
262,+-++-----+-----+-+---+-+--+++,9.417794,342,841,684
263,++++-----+-----+-+---+-+--+-+,9.339784,310,841,620
264,+---+----+-----+-+---+-+++-++,10.136764,310,841,620
265,++--+----+-----+-+---+-+++--+,9.219544,246,841,492
266,+-+-+----+-----+-+---+-++++++,11.225330,446,841,892
267,+++-+----+-----+-+---+-++++-+,10.177856,382,841,764
268,+--++----+-----+-+---+-++--++,9.758320,374,841,748
269,++-++----+-----+-+---+-++---+,8.981498,246,841,492
270,+-+++----+-----+-+---+-++-+++,9.653703,350,841,700
271,+++++----+-----+-+---+-++-+-+,9.315993,350,841,700
272,+----+---+-----+-+---+---+-++,11.000000,430,841,860
273,++---+---+-----+-+---+---+--+,11.000000,462,841,924
274,+-+--+---+-----+-+---+---++++,8.860443,214,841,428
275,+++--+---+-----+-+---+---++-+,10.049876,246,841,492
276,+--+-+---+-----+-+---+-----++,11.000000,462,841,924
277,++-+-+---+-----+-+---+------+,11.000000,430,841,860
278,+-++-+---+-----+-+---+----+++,8.973436,278,841,556
279,++++-+---+-----+-+---+----+-+,9.245756,246,841,492
280,+---++---+-----+-+---+--++-++,9.219544,246,841,492
281,++--++---+-----+-+---+--++--+,12.206556,438,841,876
282,+-+-++---+-----+-+---+--+++++,9.436865,254,841,508
283,+++-++---+-----+-+---+--+++-+,10.440307,318,841,636
284,+--+++---+-----+-+---+--+--++,9.659549,278,841,556
285,++-+++---+-----+-+---+--+---+,9.219544,214,841,428
286,+-++++---+-----+-+---+--+-+++,9.181098,318,841,636
287,++++++---+-----+-+---+--+-+-+,9.520466,254,841,508
288,+-----+--+-----+-+---+++-+-++,9.452673,310,841,620
289,++----+--+-----+-+---+++-+--+,10.134650,310,841,620
290,+-+---+--+-----+-+---+++-++++,10.151100,286,841,572
291,+++---+--+-----+-+---+++-++-+,8.771911,286,841,572
292,+--+--+--+-----+-+---+++---++,9.604258,374,841,748
293,++-+--+--+-----+-+---+++----+,10.399936,374,841,748
294,+-++--+--+-----+-+---+++--+++,9.241865,318,841,636
295,++++--+--+-----+-+---+++--+-+,10.045771,318,841,636
296,+---+-+--+-----+-+---+++++-++,9.278030,254,841,508
297,++--+-+--+-----+-+---+++++--+,9.097592,222,841,444
298,+-+-+-+--+-----+-+---++++++++,11.355152,518,841,1036
299,+++-+-+--+-----+-+---++++++-+,11.196697,486,841,972
300,+--++-+--+-----+-+---++++--++,10.537580,382,841,764
301,++-++-+--+-----+-+---++++---+,8.964120,286,841,572
302,+-+++-+--+-----+-+---++++-+++,10.576800,486,841,972
303,+++++-+--+-----+-+---++++-+-+,10.731140,518,841,1036
304,+----++--+-----+-+---++--+-++,9.875133,278,841,556
305,++---++--+-----+-+---++--+--+,10.049876,278,841,556
306,+-+--++--+-----+-+---++--++++,9.171991,254,841,508
307,+++--++--+-----+-+---++--++-+,11.180340,382,841,764
308,+--+-++--+-----+-+---++----++,10.669831,374,841,748
309,++-+-++--+-----+-+---++-----+,7.988561,182,841,364
310,+-++-++--+-----+-+---++---+++,9.159874,254,841,508
311,++++-++--+-----+-+---++---+-+,8.151738,190,841,380
312,+---+++--+-----+-+---++-++-++,9.279728,190,841,380
313,++--+++--+-----+-+---++-++--+,10.440307,222,841,444
314,+-+-+++--+-----+-+---++-+++++,10.314021,390,841,780
315,+++-+++--+-----+-+---++-+++-+,10.355062,422,841,844
316,+--++++--+-----+-+---++-+--++,10.943141,350,841,700
317,++-++++--+-----+-+---++-+---+,8.082444,126,841,252
318,+-+++++--+-----+-+---++-+-+++,10.283130,454,841,908
319,+++++++--+-----+-+---++-+-+-+,10.268230,358,841,716
320,+------+-+-----+-+-----+-+-++,11.000000,526,841,1052
321,++-----+-+-----+-+-----+-+--+,11.000000,622,841,1244
322,+-+----+-+-----+-+-----+-++++,9.468302,374,841,748
323,+++----+-+-----+-+-----+-++-+,10.348070,470,841,940
324,+--+---+-+-----+-+-----+---++,11.000000,334,841,668
325,++-+---+-+-----+-+-----+----+,11.000000,558,841,1116
326,+-++---+-+-----+-+-----+--+++,8.142439,150,841,300
327,++++---+-+-----+-+-----+--+-+,9.071420,374,841,748
328,+---+--+-+-----+-+-----+++-++,8.361080,214,841,428
329,++--+--+-+-----+-+-----+++--+,10.022430,342,841,684
330,+-+-+--+-+-----+-+-----++++++,9.424375,350,841,700
331,+++-+--+-+-----+-+-----++++-+,10.405681,478,841,956
332,+--++--+-+-----+-+-----++--++,9.219544,214,841,428
333,++-++--+-+-----+-+-----++---+,8.987952,278,841,556
334,+-+++--+-+-----+-+-----++-+++,9.202309,190,841,380
335,+++++--+-+-----+-+-----++-+-+,9.522804,382,841,764
336,+----+-+-+-----+-+-------+-++,11.000000,526,841,1052
337,++---+-+-+-----+-+-------+--+,11.000000,430,841,860
338,+-+--+-+-+-----+-+-------++++,9.824147,374,841,748
339,+++--+-+-+-----+-+-------++-+,8.956383,278,841,556
340,+--+-+-+-+-----+-+---------++,11.000000,430,841,860
341,++-+-+-+-+-----+-+----------+,11.508542,654,841,1308
342,+-++-+-+-+-----+-+--------+++,9.115348,310,841,620
343,++++-+-+-+-----+-+--------+-+,11.226029,534,841,1068
344,+---++-+-+-----+-+------++-++,9.322254,246,841,492
345,++--++-+-+-----+-+------++--+,9.219544,246,841,492
346,+-+-++-+-+-----+-+------+++++,9.453760,446,841,892
347,+++-++-+-+-----+-+------+++-+,9.751464,318,841,636
348,+--+++-+-+-----+-+------+--++,8.024725,214,841,428
349,++-+++-+-+-----+-+------+---+,10.420303,342,841,684
350,+-++++-+-+-----+-+------+-+++,10.294915,446,841,892
351,++++++-+-+-----+-+------+-+-+,11.447318,574,841,1148
352,+-----++-+-----+-+----++-+-++,8.665009,278,841,556
353,++----++-+-----+-+----++-+--+,11.568900,598,841,1196
354,+-+---++-+-----+-+----++-++++,8.435414,190,841,380
355,+++---++-+-----+-+----++-++-+,10.148440,382,841,764
356,+--+--++-+-----+-+----++---++,8.096086,150,841,300
357,++-+--++-+-----+-+----++----+,10.970742,470,841,940
358,+-++--++-+-----+-+----++--+++,7.810250,158,841,316
359,++++--++-+-----+-+----++--+-+,9.958885,350,841,700
360,+---+-++-+-----+-+----++++-++,9.300397,254,841,508
361,++--+-++-+-----+-+----++++--+,11.140258,478,841,956
362,+-+-+-++-+-----+-+----+++++++,10.265977,454,841,908
363,+++-+-++-+-----+-+----+++++-+,10.278450,550,841,1100
364,+--++-++-+-----+-+----+++--++,7.945944,126,841,252
365,++-++-++-+-----+-+----+++---+,9.722078,286,841,572
366,+-+++-++-+-----+-+----+++-+++,10.364572,294,841,588
367,+++++-++-+-----+-+----+++-+-+,10.326631,454,841,908
368,+----+++-+-----+-+----+--+-++,9.460006,278,841,556
369,++---+++-+-----+-+----+--+--+,8.781907,214,841,428
370,+-+--+++-+-----+-+----+--++++,9.359188,254,841,508
371,+++--+++-+-----+-+----+--++-+,8.313696,190,841,380
372,+--+-+++-+-----+-+----+----++,8.060106,182,841,364
373,++-+-+++-+-----+-+----+-----+,9.749498,310,841,620
374,+-++-+++-+-----+-+----+---+++,8.911218,190,841,380
375,++++-+++-+-----+-+----+---+-+,10.415601,318,841,636
376,+---++++-+-----+-+----+-++-++,9.615151,286,841,572
377,++--++++-+-----+-+----+-++--+,8.801802,190,841,380
378,+-+-++++-+-----+-+----+-+++++,10.734202,614,841,1228
379,+++-++++-+-----+-+----+-+++-+,10.606168,390,841,780
380,+--+++++-+-----+-+----+-+--++,8.181972,190,841,380
381,++-+++++-+-----+-+----+-+---+,9.576326,222,841,444
382,+-++++++-+-----+-+----+-+-+++,11.239065,550,841,1100
383,++++++++-+-----+-+----+-+-+-+,11.483469,582,841,1164
384,+-------++-----+-+--++-+-+-++,8.951914,214,841,428
385,++------++-----+-+--++-+-+--+,9.219544,278,841,556
386,+-+-----++-----+-+--++-+-++++,9.323805,318,841,636
387,+++-----++-----+-+--++-+-++-+,8.506419,254,841,508
388,+--+----++-----+-+--++-+---++,9.588555,310,841,620
389,++-+----++-----+-+--++-+----+,10.459988,374,841,748
390,+-++----++-----+-+--++-+--+++,11.289940,510,841,1020
391,++++----++-----+-+--++-+--+-+,10.871980,446,841,892
392,+---+---++-----+-+--++-+++-++,11.180340,286,841,572
393,++--+---++-----+-+--++-+++--+,12.529964,446,841,892
394,+-+-+---++-----+-+--++-++++++,9.977732,294,841,588
395,+++-+---++-----+-+--++-++++-+,9.472476,326,841,652
396,+--++---++-----+-+--++-++--++,11.180340,382,841,764
397,++-++---++-----+-+--++-++---+,11.180340,350,841,700
398,+-+++---++-----+-+--++-++-+++,9.736329,358,841,716
399,+++++---++-----+-+--++-++-+-+,9.084379,326,841,652
400,+----+--++-----+-+--++---+-++,9.219544,246,841,492
401,++---+--++-----+-+--++---+--+,12.206556,374,841,748
402,+-+--+--++-----+-+--++---++++,8.111177,222,841,444
403,+++--+--++-----+-+--++---++-+,10.440307,222,841,444
404,+--+-+--++-----+-+--++-----++,8.985451,246,841,492
405,++-+-+--++-----+-+--++------+,9.219544,182,841,364
406,+-++-+--++-----+-+--++----+++,10.547553,382,841,764
407,++++-+--++-----+-+--++----+-+,8.999008,190,841,380
408,+---++--++-----+-+--++--++-++,12.529964,478,841,956
409,++--++--++-----+-+--++--++--+,14.866069,894,841,1788
410,+-+-++--++-----+-+--++--+++++,9.219544,294,841,588
411,+++-++--++-----+-+--++--+++-+,12.206556,454,841,908
412,+--+++--++-----+-+--++--+--++,11.180340,350,841,700
413,++-+++--++-----+-+--++--+---+,12.529964,382,841,764
414,+-++++--++-----+-+--++--+-+++,9.761064,326,841,652
415,++++++--++-----+-+--++--+-+-+,9.219544,230,841,460
416,+-----+-++-----+-+--++++-+-++,9.032710,222,841,444
417,++----+-++-----+-+--++++-+--+,11.205965,446,841,892
418,+-+---+-++-----+-+--++++-++++,8.887760,262,841,524
419,+++---+-++-----+-+--++++-++-+,9.989172,358,841,716
420,+--+--+-++-----+-+--++++---++,9.924815,382,841,764
421,++-+--+-++-----+-+--++++----+,11.862227,606,841,1212
422,+-++--+-++-----+-+--++++--+++,11.124929,518,841,1036
423,++++--+-++-----+-+--++++--+-+,11.711165,614,841,1228
424,+---+-+-++-----+-+--++++++-++,8.128902,134,841,268
425,++--+-+-++-----+-+--++++++--+,9.654790,326,841,652
426,+-+-+-+-++-----+-+--+++++++++,10.765204,462,841,924
427,+++-+-+-++-----+-+--+++++++-+,11.135396,526,841,1052
428,+--++-+-++-----+-+--+++++--++,9.025328,230,841,460
429,++-++-+-++-----+-+--+++++---+,9.820249,358,841,716
430,+-+++-+-++-----+-+--+++++-+++,10.502518,526,841,1052
431,+++++-+-++-----+-+--+++++-+-+,11.041186,654,841,1308
432,+----++-++-----+-+--+++--+-++,8.177001,190,841,380
433,++---++-++-----+-+--+++--+--+,10.440307,286,841,572
434,+-+--++-++-----+-+--+++--++++,7.774419,166,841,332
435,+++--++-++-----+-+--+++--++-+,10.049876,262,841,524
436,+--+-++-++-----+-+--+++----++,9.040739,318,841,636
437,++-+-++-++-----+-+--+++-----+,9.366021,222,841,444
438,+-++-++-++-----+-+--+++---+++,9.687322,326,841,652
439,++++-++-++-----+-+--+++---+-+,9.456288,230,841,460
440,+---+++-++-----+-+--+++-++-++,9.219544,134,841,268
441,++--+++-++-----+-+--+++-++--+,12.206556,390,841,780
442,+-+-+++-++-----+-+--+++-+++++,10.290872,334,841,668
443,+++-+++-++-----+-+--+++-+++-+,10.448220,462,841,924
444,+--++++-++-----+-+--+++-+--++,9.213092,198,841,396
445,++-++++-++-----+-+--+++-+---+,9.219544,198,841,396
446,+-+++++-++-----+-+--+++-+-+++,10.297412,430,841,860
447,+++++++-++-----+-+--+++-+-+-+,10.440839,430,841,860
448,+------+++-----+-+--+--+-+-++,9.830777,342,841,684
449,++-----+++-----+-+--+--+-+--+,10.319734,470,841,940
450,+-+----+++-----+-+--+--+-++++,10.512489,382,841,764
451,+++----+++-----+-+--+--+-++-+,10.456491,510,841,1020
452,+--+---+++-----+-+--+--+---++,9.219544,246,841,492
453,++-+---+++-----+-+--+--+----+,10.401530,374,841,748
454,+-++---+++-----+-+--+--+--+++,9.503055,254,841,508
455,++++---+++-----+-+--+--+--+-+,10.022759,382,841,764
456,+---+--+++-----+-+--+--+++-++,11.180340,318,841,636
457,++--+--+++-----+-+--+--+++--+,11.180340,478,841,956
458,+-+-+--+++-----+-+--+--++++++,9.042325,262,841,524
459,+++-+--+++-----+-+--+--++++-+,10.348854,422,841,844
460,+--++--+++-----+-+--+--++--++,12.529964,414,841,828
461,++-++--+++-----+-+--+--++---+,11.180340,382,841,764
462,+-+++--+++-----+-+--+--++-+++,9.219544,198,841,396
463,+++++--+++-----+-+--+--++-+-+,8.987602,294,841,588
464,+----+-+++-----+-+--+----+-++,11.283075,470,841,940
465,++---+-+++-----+-+--+----+--+,9.219544,278,841,556
466,+-+--+-+++-----+-+--+----++++,11.081148,446,841,892
467,+++--+-+++-----+-+--+----++-+,9.486019,254,841,508
468,+--+-+-+++-----+-+--+------++,9.828349,278,841,556
469,++-+-+-+++-----+-+--+-------+,9.255058,278,841,556
470,+-++-+-+++-----+-+--+-----+++,8.656895,286,841,572
471,++++-+-+++-----+-+--+-----+-+,9.626863,286,841,572
472,+---++-+++-----+-+--+---++-++,11.180340,414,841,828
473,++--++-+++-----+-+--+---++--+,12.529964,446,841,892
474,+-+-++-+++-----+-+--+---+++++,9.506007,358,841,716
475,+++-++-+++-----+-+--+---+++-+,9.219544,262,841,524
476,+--+++-+++-----+-+--+---+--++,11.180340,286,841,572
477,++-+++-+++-----+-+--+---+---+,11.180340,318,841,636
478,+-++++-+++-----+-+--+---+-+++,9.541264,262,841,524
479,++++++-+++-----+-+--+---+-+-+,10.181615,294,841,588
480,+-----++++-----+-+--+-++-+-++,9.439164,382,841,764
481,++----++++-----+-+--+-++-+--+,12.156445,734,841,1468
482,+-+---++++-----+-+--+-++-++++,9.027832,294,841,588
483,+++---++++-----+-+--+-++-++-+,10.462032,518,841,1036
484,+--+--++++-----+-+--+-++---++,9.795061,286,841,572
485,++-+--++++-----+-+--+-++----+,12.144981,638,841,1276
486,+-++--++++-----+-+--+-++--+++,9.924403,294,841,588
487,++++--++++-----+-+--+-++--+-+,11.298154,518,841,1036
488,+---+-++++-----+-+--+-++++-++,8.799036,262,841,524
489,++--+-++++-----+-+--+-++++--+,11.338238,518,841,1036
490,+-+-+-++++-----+-+--+-+++++++,10.399408,462,841,924
491,+++-+-++++-----+-+--+-+++++-+,10.301945,590,841,1180
492,+--++-++++-----+-+--+-+++--++,9.219544,166,841,332
493,++-++-++++-----+-+--+-+++---+,10.439813,358,841,716
494,+-+++-++++-----+-+--+-+++-+++,10.426380,334,841,668
495,+++++-++++-----+-+--+-+++-+-+,10.291201,526,841,1052
496,+----+++++-----+-+--+-+--+-++,10.683176,446,841,892
497,++---+++++-----+-+--+-+--+--+,9.489785,286,841,572
498,+-+--+++++-----+-+--+-+--++++,10.151851,358,841,716
499,+++--+++++-----+-+--+-+--++-+,7.856122,198,841,396
500,+--+-+++++-----+-+--+-+----++,9.957106,318,841,636
501,++-+-+++++-----+-+--+-+-----+,9.572921,350,841,700
502,+-++-+++++-----+-+--+-+---+++,8.335316,262,841,524
503,++++-+++++-----+-+--+-+---+-+,9.159985,294,841,588
504,+---++++++-----+-+--+-+-++-++,9.332646,294,841,588
505,++--++++++-----+-+--+-+-++--+,9.219544,230,841,460
506,+-+-++++++-----+-+--+-+-+++++,10.967371,558,841,1116
507,+++-++++++-----+-+--+-+-+++-+,10.487651,366,841,732
508,+--+++++++-----+-+--+-+-+--++,8.286883,166,841,332
509,++-+++++++-----+-+--+-+-+---+,8.452608,230,841,460
510,+-++++++++-----+-+--+-+-+-+++,11.114015,462,841,924
511,++++++++++-----+-+--+-+-+-+-+,10.800760,526,841,1052
512,+---------+----+-+++-+-+-+-++,10.809030,470,841,940
513,++--------+----+-+++-+-+-+--+,8.364446,214,841,428
514,+-+-------+----+-+++-+-+-++++,11.304878,574,841,1148
515,+++-------+----+-+++-+-+-++-+,9.088223,318,841,636
516,+--+------+----+-+++-+-+---++,7.373735,118,841,236
517,++-+------+----+-+++-+-+----+,9.749855,246,841,492
518,+-++------+----+-+++-+-+--+++,8.480687,190,841,380
519,++++------+----+-+++-+-+--+-+,9.189943,318,841,636
520,+---+-----+----+-+++-+-+++-++,10.812490,446,841,892
521,++--+-----+----+-+++-+-+++--+,9.200485,286,841,572
522,+-+-+-----+----+-+++-+-++++++,11.685857,582,841,1164
523,+++-+-----+----+-+++-+-++++-+,10.525352,422,841,844
524,+--++-----+----+-+++-+-++--++,9.035775,222,841,444
525,++-++-----+----+-+++-+-++---+,8.940916,254,841,508
526,+-+++-----+----+-+++-+-++-+++,9.262837,198,841,396
527,+++++-----+----+-+++-+-++-+-+,9.690072,358,841,716
528,+----+----+----+-+++-+---+-++,8.447656,150,841,300
529,++---+----+----+-+++-+---+--+,8.312128,150,841,300
530,+-+--+----+----+-+++-+---++++,8.709866,190,841,380
531,+++--+----+----+-+++-+---++-+,8.545583,190,841,380
532,+--+-+----+----+-+++-+-----++,7.359474,150,841,300
533,++-+-+----+----+-+++-+------+,10.422308,342,841,684
534,+-++-+----+----+-+++-+----+++,8.765480,222,841,444
535,++++-+----+----+-+++-+----+-+,10.544792,414,841,828
536,+---++----+----+-+++-+--++-++,8.717050,158,841,316
537,++--++----+----+-+++-+--++--+,10.676237,318,841,636
538,+-+-++----+----+-+++-+--+++++,8.634942,166,841,332
539,+++-++----+----+-+++-+--+++-+,8.247903,198,841,396
540,+--+++----+----+-+++-+--+--++,8.344156,158,841,316
541,++-+++----+----+-+++-+--+---+,9.748921,318,841,636
542,+-++++----+----+-+++-+--+-+++,8.505265,198,841,396
543,++++++----+----+-+++-+--+-+-+,9.836184,358,841,716
544,+-----+---+----+-+++-+++-+-++,10.448107,382,841,764
545,++----+---+----+-+++-+++-+--+,8.314013,158,841,316
546,+-+---+---+----+-+++-+++-++++,11.015080,550,841,1100
547,+++---+---+----+-+++-+++-++-+,9.620365,326,841,652
548,+--+--+---+----+-+++-+++---++,8.535432,158,841,316
549,++-+--+---+----+-+++-+++----+,8.942305,190,841,380
550,+-++--+---+----+-+++-+++--+++,10.816654,294,841,588
551,++++--+---+----+-+++-+++--+-+,9.295956,326,841,652
552,+---+-+---+----+-+++-+++++-++,10.571432,454,841,908
553,++--+-+---+----+-+++-+++++--+,9.255634,326,841,652
554,+-+-+-+---+----+-+++-++++++++,11.750548,654,841,1308
555,+++-+-+---+----+-+++-++++++-+,11.625957,526,841,1052
556,+--++-+---+----+-+++-++++--++,9.547495,294,841,588
557,++-++-+---+----+-+++-++++---+,9.691203,358,841,716
558,+-+++-+---+----+-+++-++++-+++,10.276214,334,841,668
559,+++++-+---+----+-+++-++++-+-+,11.415067,526,841,1052
560,+----++---+----+-+++-++--+-++,8.885610,190,841,380
561,++---++---+----+-+++-++--+--+,7.810250,158,841,316
562,+-+--++---+----+-+++-++--++++,9.219544,230,841,460
563,+++--++---+----+-+++-++--++-+,10.816654,326,841,652
564,+--+-++---+----+-+++-++----++,9.495402,254,841,508
565,++-+-++---+----+-+++-++-----+,9.694285,286,841,572
566,+-++-++---+----+-+++-++---+++,9.219544,198,841,396
567,++++-++---+----+-+++-++---+-+,9.691730,358,841,716
568,+---+++---+----+-+++-++-++-++,8.569772,166,841,332
569,++--+++---+----+-+++-++-++--+,9.303556,294,841,588
570,+-+-+++---+----+-+++-++-+++++,9.381189,174,841,348
571,+++-+++---+----+-+++-++-+++-+,9.955135,302,841,604
572,+--++++---+----+-+++-++-+--++,9.838550,294,841,588
573,++-++++---+----+-+++-++-+---+,10.142926,422,841,844
574,+-+++++---+----+-+++-++-+-+++,8.895721,206,841,412
575,+++++++---+----+-+++-++-+-+-+,10.542857,462,841,924
576,+------+--+----+-+++---+-+-++,9.842877,310,841,620
577,++-----+--+----+-+++---+-+--+,8.360226,182,841,364
578,+-+----+--+----+-+++---+-++++,10.737287,478,841,956
579,+++----+--+----+-+++---+-++-+,10.639717,350,841,700
580,+--+---+--+----+-+++---+---++,10.049876,214,841,428
581,++-+---+--+----+-+++---+----+,7.747562,86,841,172
582,+-++---+--+----+-+++---+--+++,11.180340,350,841,700
583,++++---+--+----+-+++---+--+-+,8.745199,222,841,444
584,+---+--+--+----+-+++---+++-++,8.290908,190,841,380
585,++--+--+--+----+-+++---+++--+,8.975326,222,841,444
586,+-+-+--+--+----+-+++---++++++,8.829320,262,841,524
587,+++-+--+--+----+-+++---++++-+,9.956123,294,841,588
588,+--++--+--+----+-+++---++--++,10.440307,286,841,572
589,++-++--+--+----+-+++---++---+,8.274554,126,841,252
590,+-+++--+--+----+-+++---++-+++,10.049876,198,841,396
591,+++++--+--+----+-+++---++-+-+,8.406358,166,841,332
592,+----+-+--+----+-+++-----+-++,11.275920,470,841,940
593,++---+-+--+----+-+++-----+--+,8.708666,214,841,428
594,+-+--+-+--+----+-+++-----++++,11.046775,510,841,1020
595,+++--+-+--+----+-+++-----++-+,10.011445,254,841,508
596,+--+-+-+--+----+-+++-------++,9.936971,342,841,684
597,++-+-+-+--+----+-+++--------+,9.266420,278,841,556
598,+-++-+-+--+----+-+++------+++,9.251386,414,841,828
599,++++-+-+--+----+-+++------+-+,9.942774,350,841,700
600,+---++-+--+----+-+++----++-++,9.585302,318,841,636
601,++--++-+--+----+-+++----++--+,10.120950,286,841,572
602,+-+-++-+--+----+-+++----+++++,9.326622,326,841,652
603,+++-++-+--+----+-+++----+++-+,8.416738,166,841,332
604,+--+++-+--+----+-+++----+--++,9.077334,254,841,508
605,++-+++-+--+----+-+++----+---+,8.885802,222,841,444
606,+-++++-+--+----+-+++----+-+++,9.851458,294,841,588
607,++++++-+--+----+-+++----+-+-+,9.549543,262,841,524
608,+-----++--+----+-+++--++-+-++,8.678871,254,841,508
609,++----++--+----+-+++--++-+--+,9.417827,222,841,444
610,+-+---++--+----+-+++--++-++++,10.816654,422,841,844
611,+++---++--+----+-+++--++-++-+,9.219544,262,841,524
612,+--+--++--+----+-+++--++---++,11.180340,350,841,700
613,++-+--++--+----+-+++--++----+,8.746150,190,841,380
614,+-++--++--+----+-+++--++--+++,13.453624,614,841,1228
615,++++--++--+----+-+++--++--+-+,10.816654,326,841,652
616,+---+-++--+----+-+++--++++-++,8.258086,166,841,332
617,++--+-++--+----+-+++--++++--+,9.824248,294,841,588
618,+-+-+-++--+----+-+++--+++++++,9.043786,238,841,476
619,+++-+-++--+----+-+++--+++++-+,9.303491,238,841,476
620,+--++-++--+----+-+++--+++--++,10.049876,262,841,524
621,++-++-++--+----+-+++--+++---+,8.550521,198,841,396
622,+-+++-++--+----+-+++--+++-+++,11.180340,302,841,604
623,+++++-++--+----+-+++--+++-+-+,9.174024,238,841,476
624,+----+++--+----+-+++--+--+-++,10.766318,414,841,828
625,++---+++--+----+-+++--+--+--+,8.502042,190,841,380
626,+-+--+++--+----+-+++--+--++++,10.068755,390,841,780
627,+++--+++--+----+-+++--+--++-+,9.219544,166,841,332
628,+--+-+++--+----+-+++--+----++,10.225083,414,841,828
629,++-+-+++--+----+-+++--+-----+,8.890046,254,841,508
630,+-++-+++--+----+-+++--+---+++,10.816654,422,841,844
631,++++-+++--+----+-+++--+---+-+,9.219544,262,841,524
632,+---++++--+----+-+++--+-++-++,9.430762,294,841,588
633,++--++++--+----+-+++--+-++--+,9.547072,294,841,588
634,+-+-++++--+----+-+++--+-+++++,9.334361,238,841,476
635,+++-++++--+----+-+++--+-+++-+,8.386686,110,841,220
636,+--+++++--+----+-+++--+-+--++,9.274409,294,841,588
637,++-+++++--+----+-+++--+-+---+,9.144019,294,841,588
638,+-++++++--+----+-+++--+-+-+++,9.283648,270,841,540
639,++++++++--+----+-+++--+-+-+-+,8.814606,270,841,540
640,+-------+-+----+-+++++-+-+-++,10.249814,574,841,1148
641,++------+-+----+-+++++-+-+--+,9.735746,350,841,700
642,+-+-----+-+----+-+++++-+-++++,10.629211,678,841,1356
643,+++-----+-+----+-+++++-+-++-+,10.310306,454,841,908
644,+--+----+-+----+-+++++-+---++,9.735769,254,841,508
645,++-+----+-+----+-+++++-+----+,10.201541,414,841,828
646,+-++----+-+----+-+++++-+--+++,10.212884,326,841,652
647,++++----+-+----+-+++++-+--+-+,10.478561,486,841,972
648,+---+---+-+----+-+++++-+++-++,10.298891,390,841,780
649,++--+---+-+----+-+++++-+++--+,9.161372,262,841,524
650,+-+-+---+-+----+-+++++-++++++,10.922464,526,841,1052
651,+++-+---+-+----+-+++++-++++-+,10.321772,398,841,796
652,+--++---+-+----+-+++++-++--++,9.219544,198,841,396
653,++-++---+-+----+-+++++-++---+,9.133584,262,841,524
654,+-+++---+-+----+-+++++-++-+++,8.810686,174,841,348
655,+++++---+-+----+-+++++-++-+-+,10.170550,366,841,732
656,+----+--+-+----+-+++++---+-++,11.152797,446,841,892
657,++---+--+-+----+-+++++---+--+,9.846403,350,841,700
658,+-+--+--+-+----+-+++++---++++,10.797006,422,841,844
659,+++--+--+-+----+-+++++---++-+,10.307346,326,841,652
660,+--+-+--+-+----+-+++++-----++,10.386336,414,841,828
661,++-+-+--+-+----+-+++++------+,9.760272,510,841,1020
662,+-++-+--+-+----+-+++++----+++,10.215458,422,841,844
663,++++-+--+-+----+-+++++----+-+,10.426228,518,841,1036
664,+---++--+-+----+-+++++--++-++,9.078383,230,841,460
665,++--++--+-+----+-+++++--++--+,10.890206,422,841,844
666,+-+-++--+-+----+-+++++--+++++,7.860007,174,841,348
667,+++-++--+-+----+-+++++--+++-+,8.378818,238,841,476
668,+--+++--+-+----+-+++++--+--++,8.310212,198,841,396
669,++-+++--+-+----+-+++++--+---+,9.865734,390,841,780
670,+-++++--+-+----+-+++++--+-+++,8.311072,174,841,348
671,++++++--+-+----+-+++++--+-+-+,9.896002,366,841,732
672,+-----+-+-+----+-+++++++-+-++,10.192602,454,841,908
673,++----+-+-+----+-+++++++-+--+,9.176630,262,841,524
674,+-+---+-+-+----+-+++++++-++++,10.419371,430,841,860
675,+++---+-+-+----+-+++++++-++-+,9.506470,238,841,476
676,+--+--+-+-+----+-+++++++---++,9.250384,198,841,396
677,++-+--+-+-+----+-+++++++----+,9.349262,390,841,780
678,+-++--+-+-+----+-+++++++--+++,7.810559,142,841,284
679,++++--+-+-+----+-+++++++--+-+,9.842880,334,841,668
680,+---+-+-+-+----+-+++++++++-++,10.210944,366,841,732
681,++--+-+-+-+----+-+++++++++--+,9.340901,270,841,540
682,+-+-+-+-+-+----+-++++++++++++,11.160286,758,841,1516
683,+++-+-+-+-+----+-++++++++++-+,11.777401,662,841,1324
684,+--++-+-+-+----+-++++++++--++,7.578337,174,841,348
685,++-++-+-+-+----+-++++++++---+,10.535820,398,841,796
686,+-+++-+-+-+----+-++++++++-+++,10.412341,406,841,812
687,+++++-+-+-+----+-++++++++-+-+,12.150760,758,841,1516
688,+----++-+-+----+-++++++--+-++,10.763435,390,841,780
689,++---++-+-+----+-++++++--+--+,9.265992,262,841,524
690,+-+--++-+-+----+-++++++--++++,9.052273,174,841,348
691,+++--++-+-+----+-++++++--++-+,7.810250,174,841,348
692,+--+-++-+-+----+-++++++----++,10.807121,486,841,972
693,++-+-++-+-+----+-++++++-----+,10.287455,550,841,1100
694,+-++-++-+-+----+-++++++---+++,8.078755,174,841,348
695,++++-++-+-+----+-++++++---+-+,10.145887,366,841,732
696,+---+++-+-+----+-++++++-++-++,8.063786,142,841,284
697,++--+++-+-+----+-++++++-++--+,9.232166,302,841,604
698,+-+-+++-+-+----+-++++++-+++++,9.377733,278,841,556
699,+++-+++-+-+----+-++++++-+++-+,10.550975,438,841,876
700,+--++++-+-+----+-++++++-+--++,9.463513,302,841,604
701,++-++++-+-+----+-++++++-+---+,11.318462,590,841,1180
702,+-+++++-+-+----+-++++++-+-+++,9.489090,342,841,684
703,+++++++-+-+----+-++++++-+-+-+,11.725312,758,841,1516
704,+------++-+----+-++++--+-+-++,11.995292,670,841,1340
705,++-----++-+----+-++++--+-+--+,10.342152,382,841,764
706,+-+----++-+----+-++++--+-++++,12.391956,774,841,1548
707,+++----++-+----+-++++--+-++-+,11.720526,614,841,1228
708,+--+---++-+----+-++++--+---++,10.729543,542,841,1084
709,++-+---++-+----+-++++--+----+,9.740210,254,841,508
710,+-++---++-+----+-++++--+--+++,10.669848,486,841,972
711,++++---++-+----+-++++--+--+-+,10.304028,326,841,652
712,+---+--++-+----+-++++--+++-++,9.219544,326,841,652
713,++--+--++-+----+-++++--+++--+,8.717099,198,841,396
714,+-+-+--++-+----+-++++--++++++,9.965903,334,841,668
715,+++-+--++-+----+-++++--++++-+,10.228444,334,841,668
716,+--++--++-+----+-++++--++--++,12.206556,518,841,1036
717,++-++--++-+----+-++++--++---+,9.219544,198,841,396
718,+-+++--++-+----+-++++--++-+++,10.440307,238,841,476
719,+++++--++-+----+-++++--++-+-+,8.246107,174,841,348
720,+----+-++-+----+-++++----+-++,13.412656,1086,841,2172
721,++---+-++-+----+-++++----+--+,11.141857,542,841,1084
722,+-+--+-++-+----+-++++----++++,12.931727,998,841,1996
723,+++--+-++-+----+-++++----++-+,11.614572,582,841,1164
724,+--+-+-++-+----+-++++------++,12.330263,862,841,1724
725,++-+-+-++-+----+-++++-------+,10.226238,510,841,1020
726,+-++-+-++-+----+-++++-----+++,11.027530,678,841,1356
727,++++-+-++-+----+-++++-----+-+,10.317132,454,841,908
728,+---++-++-+----+-++++---++-++,10.895086,518,841,1036
729,++--++-++-+----+-++++---++--+,10.055232,326,841,652
730,+-+-++-++-+----+-++++---+++++,10.403247,398,841,796
731,+++-++-++-+----+-++++---+++-+,9.270621,206,841,412
732,+--+++-++-+----+-++++---+--++,10.168143,486,841,972
733,++-+++-++-+----+-++++---+---+,9.084394,294,841,588
734,+-++++-++-+----+-++++---+-+++,9.081407,270,841,540
735,++++++-++-+----+-++++---+-+-+,8.797311,206,841,412
736,+-----+++-+----+-++++-++-+-++,10.983686,454,841,908
737,++----+++-+----+-++++-++-+--+,9.259832,262,841,524
738,+-+---+++-+----+-++++-++-++++,10.440456,366,841,732
739,+++---+++-+----+-++++-++-++-+,9.044382,174,841,348
740,+--+--+++-+----+-++++-++---++,10.384589,454,841,908
741,++-+--+++-+----+-++++-++----+,9.139905,262,841,524
742,+-++--+++-+----+-++++-++--+++,11.180340,334,841,668
743,++++--+++-+----+-++++-++--+-+,7.810250,142,841,284
744,+---+-+++-+----+-++++-++++-++,8.207480,142,841,284
745,++--+-+++-+----+-++++-++++--+,7.337395,110,841,220
746,+-+-+-+++-+----+-++++-+++++++,9.000000,342,841,684
747,+++-+-+++-+----+-++++-+++++-+,9.669116,310,841,620
748,+--++-+++-+----+-++++-+++--++,10.440307,270,841,540
749,++-++-+++-+----+-++++-+++---+,8.826269,174,841,348
750,+-+++-+++-+----+-++++-+++-+++,10.049876,310,841,620
751,+++++-+++-+----+-++++-+++-+-+,10.108791,342,841,684
752,+----++++-+----+-++++-+--+-++,12.914525,934,841,1868
753,++---++++-+----+-++++-+--+--+,10.450699,422,841,844
754,+-+--++++-+----+-++++-+--++++,11.735034,590,841,1180
755,+++--++++-+----+-++++-+--++-+,9.380381,206,841,412
756,+--+-++++-+----+-++++-+----++,12.592390,902,841,1804
757,++-+-++++-+----+-++++-+-----+,10.630805,582,841,1164
758,+-++-++++-+----+-++++-+---+++,10.439494,462,841,924
759,++++-++++-+----+-++++-+---+-+,9.168856,270,841,540
760,+---+++++-+----+-++++-+-++-++,10.610044,398,841,796
761,++--+++++-+----+-++++-+-++--+,8.613092,238,841,476
762,+-+-+++++-+----+-++++-+-+++++,9.797955,406,841,812
763,+++-+++++-+----+-++++-+-+++-+,9.011796,246,841,492
764,+--++++++-+----+-++++-+-+--++,10.842494,494,841,988
765,++-++++++-+----+-++++-+-+---+,10.628532,462,841,924
766,+-+++++++-+----+-++++-+-+-+++,9.285272,406,841,812
767,+++++++++-+----+-++++-+-+-+-+,10.038784,502,841,1004
768,+--------++----+-++--+-+-+-++,8.620100,182,841,364
769,++-------++----+-++--+-+-+--+,7.993567,118,841,236
770,+-+------++----+-++--+-+-++++,9.507487,286,841,572
771,+++------++----+-++--+-+-++-+,10.005582,350,841,700
772,+--+-----++----+-++--+-+---++,9.613715,278,841,556
773,++-+-----++----+-++--+-+----+,8.915184,214,841,428
774,+-++-----++----+-++--+-+--+++,8.956628,222,841,444
775,++++-----++----+-++--+-+--+-+,8.918075,286,841,572
776,+---+----++----+-++--+-+++-++,8.360050,222,841,444
777,++--+----++----+-++--+-+++--+,8.735062,254,841,508
778,+-+-+----++----+-++--+-++++++,9.071621,230,841,460
779,+++-+----++----+-++--+-++++-+,10.304498,390,841,780
780,+--++----++----+-++--+-++--++,10.919029,574,841,1148
781,++-++----++----+-++--+-++---+,10.161158,414,841,828
782,+-+++----++----+-++--+-++-+++,9.315874,294,841,588
783,+++++----++----+-++--+-++-+-+,10.145369,390,841,780
784,+----+---++----+-++--+---+-++,8.561753,214,841,428
785,++---+---++----+-++--+---+--+,10.049876,214,841,428
786,+-+--+---++----+-++--+---++++,9.276918,254,841,508
787,+++--+---++----+-++--+---++-+,11.180340,382,841,764
788,+--+-+---++----+-++--+-----++,9.871477,278,841,556
789,++-+-+---++----+-++--+------+,7.155950,86,841,172
790,+-++-+---++----+-++--+----+++,8.897333,222,841,444
791,++++-+---++----+-++--+----+-+,8.395674,158,841,316
792,+---++---++----+-++--+--++-++,8.422023,222,841,444
793,++--++---++----+-++--+--++--+,10.440307,382,841,764
794,+-+-++---++----+-++--+--+++++,7.342305,102,841,204
795,+++-++---++----+-++--+--+++-+,10.049876,262,841,524
796,+--+++---++----+-++--+--+--++,10.546041,414,841,828
797,++-+++---++----+-++--+--+---+,8.433368,190,841,380
798,+-++++---++----+-++--+--+-+++,9.022562,198,841,396
799,++++++---++----+-++--+--+-+-+,7.255911,102,841,204
800,+-----+--++----+-++--+++-+-++,9.012197,190,841,380
801,++----+--++----+-++--+++-+--+,8.263496,158,841,316
802,+-+---+--++----+-++--+++-++++,9.219544,230,841,460
803,+++---+--++----+-++--+++-++-+,10.816654,326,841,652
804,+--+--+--++----+-++--+++---++,10.615196,414,841,828
805,++-+--+--++----+-++--+++----+,8.987722,254,841,508
806,+-++--+--++----+-++--+++--+++,9.219544,294,841,588
807,++++--+--++----+-++--+++--+-+,9.219544,262,841,524
808,+---+-+--++----+-++--+++++-++,9.610964,262,841,524
809,++--+-+--++----+-++--+++++--+,8.209267,198,841,396
810,+-+-+-+--++----+-++--++++++++,9.227501,206,841,412
811,+++-+-+--++----+-++--++++++-+,9.295387,270,841,540
812,+--++-+--++----+-++--++++--++,11.815737,678,841,1356
813,++-++-+--++----+-++--++++---+,9.875070,422,841,844
814,+-+++-+--++----+-++--++++-+++,9.677414,334,841,668
815,+++++-+--++----+-++--++++-+-+,9.262287,334,841,668
816,+----++--++----+-++--++--+-++,10.399494,414,841,828
817,++---++--++----+-++--++--+--+,11.180340,382,841,764
818,+-+--++--++----+-++--++--++++,10.816654,454,841,908
819,+++--++--++----+-++--++--++-+,13.453624,678,841,1356
820,+--+-++--++----+-++--++----++,11.463508,542,841,1084
821,++-+-++--++----+-++--++-----+,8.842858,190,841,380
822,+-++-++--++----+-++--++---+++,9.636916,358,841,716
823,++++-++--++----+-++--++---+-+,10.816654,262,841,524
824,+---+++--++----+-++--++-++-++,10.176876,326,841,652
825,++--+++--++----+-++--++-++--+,10.049876,326,841,652
826,+-+-+++--++----+-++--++-+++++,8.319330,206,841,412
827,+++-+++--++----+-++--++-+++-+,11.180340,334,841,668
828,+--++++--++----+-++--++-+--++,11.983864,646,841,1292
829,++-++++--++----+-++--++-+---+,9.550957,262,841,524
830,+-+++++--++----+-++--++-+-+++,9.831858,302,841,604
831,+++++++--++----+-++--++-+-+-+,8.262587,174,841,348
832,+------+-++----+-++----+-+-++,10.468439,374,841,748
833,++-----+-++----+-++----+-+--+,10.349606,438,841,876
834,+-+----+-++----+-++----+-++++,11.786945,606,841,1212
835,+++----+-++----+-++----+-++-+,12.289571,798,841,1596
836,+--+---+-++----+-++----+---++,8.094915,150,841,300
837,++-+---+-++----+-++----+----+,9.013125,214,841,428
838,+-++---+-++----+-++----+--+++,9.410900,222,841,444
839,++++---+-++----+-++----+--+-+,9.952462,414,841,828
840,+---+--+-++----+-++----+++-++,8.896908,254,841,508
841,++--+--+-++----+-++----+++--+,10.421135,478,841,956
842,+-+-+--+-++----+-++----++++++,10.355703,390,841,780
843,+++-+--+-++----+-++----++++-+,12.166191,742,841,1484
844,+--++--+-++----+-++----++--++,10.040360,350,841,700
845,++-++--+-++----+-++----++---+,9.755537,382,841,764
846,+-+++--+-++----+-++----++-+++,8.193959,198,841,396
847,+++++--+-++----+-++----++-+-+,10.844114,486,841,972
848,+----+-+-++----+-++------+-++,11.441082,502,841,1004
849,++---+-+-++----+-++------+--+,9.317475,246,841,492
850,+-+--+-+-++----+-++------++++,11.744854,606,841,1212
851,+++--+-+-++----+-++------++-+,11.102507,478,841,956
852,+--+-+-+-++----+-++--------++,9.495343,246,841,492
853,++-+-+-+-++----+-++---------+,8.925457,182,841,364
854,+-++-+-+-++----+-++-------+++,9.287000,254,841,508
855,++++-+-+-++----+-++-------+-+,9.124149,318,841,636
856,+---++-+-++----+-++-----++-++,9.687914,286,841,572
857,++--++-+-++----+-++-----++--+,9.484944,254,841,508
858,+-+-++-+-++----+-++-----+++++,9.808850,358,841,716
859,+++-++-+-++----+-++-----+++-+,10.050256,326,841,652
860,+--+++-+-++----+-++-----+--++,8.829702,222,841,444
861,++-+++-+-++----+-++-----+---+,8.547249,190,841,380
862,+-++++-+-++----+-++-----+-+++,8.153433,198,841,396
863,++++++-+-++----+-++-----+-+-+,9.344362,294,841,588
864,+-----++-++----+-++---++-+-++,9.086572,222,841,444
865,++----++-++----+-++---++-+--+,10.116284,382,841,764
866,+-+---++-++----+-++---++-++++,9.766834,326,841,652
867,+++---++-++----+-++---++-++-+,10.348500,486,841,972
868,+--+--++-++----+-++---++---++,8.136092,190,841,380
869,++-+--++-++----+-++---++----+,9.317922,222,841,444
870,+-++--++-++----+-++---++--+++,10.816654,262,841,524
871,++++--++-++----+-++---++--+-+,9.219544,294,841,588
872,+---+-++-++----+-++---++++-++,8.333910,198,841,396
873,++--+-++-++----+-++---++++--+,10.020464,390,841,780
874,+-+-+-++-++----+-++---+++++++,8.644063,206,841,412
875,+++-+-++-++----+-++---+++++-+,10.410664,398,841,796
876,+--++-++-++----+-++---+++--++,9.597507,294,841,588
877,++-++-++-++----+-++---+++---+,9.011101,294,841,588
878,+-+++-++-++----+-++---+++-+++,8.353635,142,841,284
879,+++++-++-++----+-++---+++-+-+,9.374318,270,841,540
880,+----+++-++----+-++---+--+-++,10.615498,414,841,828
881,++---+++-++----+-++---+--+--+,7.810250,190,841,380
882,+-+--+++-++----+-++---+--++++,10.376870,454,841,908
883,+++--+++-++----+-++---+--++-+,10.816654,358,841,716
884,+--+-+++-++----+-++---+----++,9.288572,286,841,572
885,++-+-+++-++----+-++---+-----+,8.127063,126,841,252
886,+-++-+++-++----+-++---+---+++,9.219544,230,841,460
887,++++-+++-++----+-++---+---+-+,9.219544,198,841,396
888,+---++++-++----+-++---+-++-++,9.357068,294,841,588
889,++--++++-++----+-++---+-++--+,8.249150,166,841,332
890,+-+-++++-++----+-++---+-+++++,9.310401,302,841,604
891,+++-++++-++----+-++---+-+++-+,8.524772,174,841,348
892,+--+++++-++----+-++---+-+--++,9.600223,294,841,588
893,++-+++++-++----+-++---+-+---+,8.207545,166,841,332
894,+-++++++-++----+-++---+-+-+++,9.308041,206,841,412
895,++++++++-++----+-++---+-+-+-+,9.372182,206,841,412
896,+-------+++----+-++-++-+-+-++,10.277194,318,841,636
897,++------+++----+-++-++-+-+--+,9.735819,350,841,700
898,+-+-----+++----+-++-++-+-++++,11.075627,486,841,972
899,+++-----+++----+-++-++-+-++-+,10.776273,518,841,1036
900,+--+----+++----+-++-++-+---++,9.738823,382,841,764
901,++-+----+++----+-++-++-+----+,10.184479,414,841,828
902,+-++----+++----+-++-++-+--+++,10.185286,518,841,1036
903,++++----+++----+-++-++-+--+-+,10.253362,550,841,1100
904,+---+---+++----+-++-++-+++-++,8.306819,134,841,268
905,++--+---+++----+-++-++-+++--+,9.219544,262,841,524
906,+-+-+---+++----+-++-++-++++++,8.805883,206,841,412
907,+++-+---+++----+-++-++-++++-+,9.966701,334,841,668
908,+--++---+++----+-++-++-++--++,9.484102,326,841,652
909,++-++---+++----+-++-++-++---+,9.063318,262,841,524
910,+-+++---+++----+-++-++-++-+++,9.067176,238,841,476
911,+++++---+++----+-++-++-++-+-+,9.144185,302,841,604
912,+----+--+++----+-++-++---+-++,11.127054,478,841,956
913,++---+--+++----+-++-++---+--+,10.440307,446,841,892
914,+-+--+--+++----+-++-++---++++,11.192088,518,841,1036
915,+++--+--+++----+-++-++---++-+,10.614381,486,841,972
916,+--+-+--+++----+-++-++-----++,10.233885,446,841,892
917,++-+-+--+++----+-++-++------+,9.746751,222,841,444
918,+-++-+--+++----+-++-++----+++,10.194844,518,841,1036
919,++++-+--+++----+-++-++----+-+,10.221868,294,841,588
920,+---++--+++----+-++-++--++-++,9.219544,326,841,652
921,++--++--+++----+-++-++--++--+,12.206556,582,841,1164
922,+-+-++--+++----+-++-++--+++++,8.373446,206,841,412
923,+++-++--+++----+-++-++--+++-+,10.440307,334,841,668
924,+--+++--+++----+-++-++--+--++,9.007478,294,841,588
925,++-+++--+++----+-++-++--+---+,9.219544,166,841,332
926,+-++++--+++----+-++-++--+-+++,9.217634,206,841,412
927,++++++--+++----+-++-++--+-+-+,7.577450,78,841,156
928,+-----+-+++----+-++-++++-+-++,9.241637,230,841,460
929,++----+-+++----+-++-++++-+--+,9.382581,294,841,588
930,+-+---+-+++----+-++-++++-++++,8.541594,142,841,284
931,+++---+-+++----+-++-++++-++-+,7.973448,206,841,412
932,+--+--+-+++----+-++-++++---++,9.106964,358,841,716
933,++-+--+-+++----+-++-++++----+,9.818140,422,841,844
934,+-++--+-+++----+-++-++++--+++,9.642860,238,841,476
935,++++--+-+++----+-++-++++--+-+,9.842883,302,841,604
936,+---+-+-+++----+-++-++++++-++,7.355328,78,841,156
937,++--+-+-+++----+-++-++++++--+,8.059767,110,841,220
938,+-+-+-+-+++----+-++-+++++++++,9.000000,278,841,556
939,+++-+-+-+++----+-++-+++++++-+,9.512432,310,841,620
940,+--++-+-+++----+-++-+++++--++,9.647031,270,841,540
941,++-++-+-+++----+-++-+++++---+,8.881062,238,841,476
942,+-+++-+-+++----+-++-+++++-+++,9.000000,310,841,620
943,+++++-+-+++----+-++-+++++-+-+,9.708160,406,841,812
944,+----++-+++----+-++-+++--+-++,10.397751,390,841,780
945,++---++-+++----+-++-+++--+--+,10.049876,326,841,652
946,+-+--++-+++----+-++-+++--++++,9.204733,238,841,476
947,+++--++-+++----+-++-+++--++-+,11.180340,302,841,604
948,+--+-++-+++----+-++-+++----++,10.113092,486,841,972
949,++-+-++-+++----+-++-+++-----+,9.072293,230,841,460
950,+-++-++-+++----+-++-+++---+++,8.939162,238,841,476
951,++++-++-+++----+-++-+++---+-+,7.810250,110,841,220
952,+---+++-+++----+-++-+++-++-++,7.820985,142,841,284
953,++--+++-+++----+-++-+++-++--+,10.440307,238,841,476
954,+-+-+++-+++----+-++-+++-+++++,9.000000,214,841,428
955,+++-+++-+++----+-++-+++-+++-+,10.049876,310,841,620
956,+--++++-+++----+-++-+++-+--++,9.771073,302,841,604
957,++-++++-+++----+-++-+++-+---+,8.464165,142,841,284
958,+-+++++-+++----+-++-+++-+-+++,9.000000,278,841,556
959,+++++++-+++----+-++-+++-+-+-+,9.190843,246,841,492
960,+------++++----+-++-+--+-+-++,12.266952,766,841,1532
961,++-----++++----+-++-+--+-+--+,10.731257,734,841,1468
962,+-+----++++----+-++-+--+-++++,13.143065,998,841,1996
963,+++----++++----+-++-+--+-++-+,12.848289,1094,841,2188
964,+--+---++++----+-++-+--+---++,10.722220,446,841,892
965,++-+---++++----+-++-+--+----+,9.748109,414,841,828
966,+-++---++++----+-++-+--+--+++,11.089334,518,841,1036
967,++++---++++----+-++-+--+--+-+,10.696825,614,841,1228
968,+---+--++++----+-++-+--+++-++,9.818469,358,841,716
969,++--+--++++----+-++-+--+++--+,10.350155,486,841,972
970,+-+-+--++++----+-++-+--++++++,11.154599,494,841,988
971,+++-+--++++----+-++-+--++++-+,12.147085,750,841,1500
972,+--++--++++----+-++-+--++--++,10.170768,358,841,716
973,++-++--++++----+-++-+--++---+,9.152106,294,841,588
974,+-+++--++++----+-++-+--++-+++,8.673952,206,841,412
975,+++++--++++----+-++-+--++-+-+,10.180457,398,841,796
976,+----+-++++----+-++-+----+-++,13.432896,1086,841,2172
977,++---+-++++----+-++-+----+--+,11.300485,606,841,1212
978,+-+--+-++++----+-++-+----++++,13.436518,1126,841,2252
979,+++--+-++++----+-++-+----++-+,12.347525,774,841,1548
980,+--+-+-++++----+-++-+------++,12.008316,670,841,1340
981,++-+-+-++++----+-++-+-------+,10.184594,382,841,764
982,+-++-+-++++----+-++-+-----+++,11.354218,614,841,1228
983,++++-+-++++----+-++-+-----+-+,10.608662,454,841,908
984,+---++-++++----+-++-+---++-++,10.913330,518,841,1036
985,++--++-++++----+-++-+---++--+,9.612285,390,841,780
986,+-+-++-++++----+-++-+---+++++,11.039012,526,841,1052
987,+++-++-++++----+-++-+---+++-+,10.562706,398,841,796
988,+--+++-++++----+-++-+---+--++,9.285244,294,841,588
989,++-+++-++++----+-++-+---+---+,8.337695,166,841,332
990,+-++++-++++----+-++-+---+-+++,8.362298,206,841,412
991,++++++-++++----+-++-+---+-+-+,8.393003,206,841,412
992,+-----+++++----+-++-+-++-+-++,10.921010,518,841,1036
993,++----+++++----+-++-+-++-+--+,10.276329,582,841,1164
994,+-+---+++++----+-++-+-++-++++,11.057749,430,841,860
995,+++---+++++----+-++-+-++-++-+,10.486710,494,841,988
996,+--+--+++++----+-++-+-++---++,10.011124,326,841,652
997,++-+--+++++----+-++-+-++----+,10.013158,390,841,780
998,+-++--+++++----+-++-+-++--+++,8.798147,206,841,412
999,++++--+++++----+-++-+-++--+-+,9.435902,270,841,540
1000,+---+-+++++----+-++-+-++++-++,8.639555,206,841,412
1001,++--+-+++++----+-++-+-++++--+,10.065152,302,841,604
1002,+-+-+-+++++----+-++-+-+++++++,9.265188,406,841,812
1003,+++-+-+++++----+-++-+-+++++-+,10.349250,502,841,1004
1004,+--++-+++++----+-++-+-+++--++,8.487794,142,841,284
1005,++-++-+++++----+-++-+-+++---+,9.098862,174,841,348
1006,+-+++-+++++----+-++-+-+++-+++,9.000000,182,841,364
1007,+++++-+++++----+-++-+-+++-+-+,9.019457,342,841,684
1008,+----++++++----+-++-+-+--+-++,12.611406,838,841,1676
1009,++---++++++----+-++-+-+--+--+,10.165291,390,841,780
1010,+-+--++++++----+-++-+-+--++++,11.932633,622,841,1244
1011,+++--++++++----+-++-+-+--++-+,9.974722,302,841,604
1012,+--+-++++++----+-++-+-+----++,11.838884,614,841,1228
1013,++-+-++++++----+-++-+-+-----+,9.847038,358,841,716
1014,+-++-++++++----+-++-+-+---+++,10.012205,302,841,604
1015,++++-++++++----+-++-+-+---+-+,8.074020,174,841,348
1016,+---+++++++----+-++-+-+-++-++,10.270076,366,841,732
1017,++--+++++++----+-++-+-+-++--+,7.825241,142,841,284
1018,+-+-+++++++----+-++-+-+-+++++,9.951189,502,841,1004
1019,+++-+++++++----+-++-+-+-+++-+,9.000000,278,841,556
1020,+--++++++++----+-++-+-+-+--++,9.538385,270,841,540
1021,++-++++++++----+-++-+-+-+---+,8.273292,174,841,348
1022,+-+++++++++----+-++-+-+-+-+++,9.442822,310,841,620
1023,+++++++++++----+-++-+-+-+-+-+,9.000000,342,841,684
1024,+----------+---+---+-+-+-+-++,11.729260,718,841,1436
1025,++---------+---+---+-+-+-+--+,11.000000,430,841,860
1026,+-+--------+---+---+-+-+-++++,11.643661,566,841,1132
1027,+++--------+---+---+-+-+-++-+,9.447618,278,841,556
1028,+--+-------+---+---+-+-+---++,11.000000,526,841,1052
1029,++-+-------+---+---+-+-+----+,11.000000,366,841,732
1030,+-++-------+---+---+-+-+--+++,10.049876,342,841,684
1031,++++-------+---+---+-+-+--+-+,8.159238,182,841,364
1032,+---+------+---+---+-+-+++-++,10.851227,502,841,1004
1033,++--+------+---+---+-+-+++--+,9.265844,310,841,620
1034,+-+-+------+---+---+-+-++++++,11.922937,638,841,1276
1035,+++-+------+---+---+-+-++++-+,10.712861,446,841,892
1036,+--++------+---+---+-+-++--++,12.206556,438,841,876
1037,++-++------+---+---+-+-++---+,9.219544,182,841,364
1038,+-+++------+---+---+-+-++-+++,10.440307,414,841,828
1039,+++++------+---+---+-+-++-+-+,9.621979,286,841,572
1040,+----+-----+---+---+-+---+-++,11.000000,462,841,924
1041,++---+-----+---+---+-+---+--+,11.000000,558,841,1116
1042,+-+--+-----+---+---+-+---++++,9.276935,246,841,492
1043,+++--+-----+---+---+-+---++-+,9.859986,342,841,684
1044,+--+-+-----+---+---+-+-----++,11.000000,366,841,732
1045,++-+-+-----+---+---+-+------+,11.000000,398,841,796
1046,+-++-+-----+---+---+-+----+++,8.154465,182,841,364
1047,++++-+-----+---+---+-+----+-+,8.843396,214,841,428
1048,+---++-----+---+---+-+--++-++,8.762563,278,841,556
1049,++--++-----+---+---+-+--++--+,11.528096,534,841,1068
1050,+-+-++-----+---+---+-+--+++++,9.789095,286,841,572
1051,+++-++-----+---+---+-+--+++-+,9.986099,414,841,828
1052,+--+++-----+---+---+-+--+--++,9.219544,182,841,364
1053,++-+++-----+---+---+-+--+---+,8.485804,182,841,364
1054,+-++++-----+---+---+-+--+-+++,9.160486,222,841,444
1055,++++++-----+---+---+-+--+-+-+,9.247318,222,841,444
1056,+-----+----+---+---+-+++-+-++,10.182248,342,841,684
1057,++----+----+---+---+-+++-+--+,7.396590,150,841,300
1058,+-+---+----+---+---+-+++-++++,10.922506,446,841,892
1059,+++---+----+---+---+-+++-++-+,9.386571,254,841,508
1060,+--+--+----+---+---+-+++---++,10.049876,278,841,556
1061,++-+--+----+---+---+-+++----+,7.166906,86,841,172
1062,+-++--+----+---+---+-+++--+++,11.180340,350,841,700
1063,++++--+----+---+---+-+++--+-+,8.148731,158,841,316
1064,+---+-+----+---+---+-+++++-++,10.113776,286,841,572
1065,++--+-+----+---+---+-+++++--+,8.499349,190,841,380
1066,+-+-+-+----+---+---+-++++++++,11.957703,678,841,1356
1067,+++-+-+----+---+---+-++++++-+,11.669665,582,841,1164
1068,+--++-+----+---+---+-++++--++,10.440307,286,841,572
1069,++-++-+----+---+---+-++++---+,7.704001,126,841,252
1070,+-+++-+----+---+---+-++++-+++,10.894648,518,841,1036
1071,+++++-+----+---+---+-++++-+-+,11.099563,486,841,972
1072,+----++----+---+---+-++--+-++,9.254842,342,841,684
1073,++---++----+---+---+-++--+--+,9.739073,342,841,684
1074,+-+--++----+---+---+-++--++++,9.441585,318,841,636
1075,+++--++----+---+---+-++--++-+,10.677796,446,841,892
1076,+--+-++----+---+---+-++----++,9.264521,310,841,620
1077,++-+-++----+---+---+-++-----+,7.387689,118,841,236
1078,+-++-++----+---+---+-++---+++,8.105217,190,841,380
1079,++++-++----+---+---+-++---+-+,7.757786,126,841,252
1080,+---+++----+---+---+-++-++-++,8.024029,190,841,380
1081,++--+++----+---+---+-++-++--+,10.531311,350,841,700
1082,+-+-+++----+---+---+-++-+++++,10.492176,390,841,780
1083,+++-+++----+---+---+-++-+++-+,10.551210,550,841,1100
1084,+--++++----+---+---+-++-+--++,8.988785,222,841,444
1085,++-++++----+---+---+-++-+---+,7.338758,126,841,252
1086,+-+++++----+---+---+-++-+-+++,10.275122,326,841,652
1087,+++++++----+---+---+-++-+-+-+,10.319371,358,841,716
1088,+------+---+---+---+---+-+-++,11.000000,622,841,1244
1089,++-----+---+---+---+---+-+--+,11.000000,398,841,796
1090,+-+----+---+---+---+---+-++++,10.049876,406,841,812
1091,+++----+---+---+---+---+-++-+,8.216751,182,841,364
1092,+--+---+---+---+---+---+---++,14.317821,1070,841,2140
1093,++-+---+---+---+---+---+----+,11.000000,590,841,1180
1094,+-++---+---+---+---+---+--+++,14.035669,822,841,1644
1095,++++---+---+---+---+---+--+-+,10.049876,342,841,684
1096,+---+--+---+---+---+---+++-++,12.206556,502,841,1004
1097,++--+--+---+---+---+---+++--+,9.219544,310,841,620
1098,+-+-+--+---+---+---+---++++++,10.440307,446,841,892
1099,+++-+--+---+---+---+---++++-+,9.286285,254,841,508
1100,+--++--+---+---+---+---++--++,15.652476,1142,841,2284
1101,++-++--+---+---+---+---++---+,12.206556,502,841,1004
1102,+-+++--+---+---+---+---++-+++,14.317821,926,841,1852
1103,+++++--+---+---+---+---++-+-+,10.440307,414,841,828
1104,+----+-+---+---+---+-----+-++,11.000000,334,841,668
1105,++---+-+---+---+---+-----+--+,11.000000,494,841,988
1106,+-+--+-+---+---+---+-----++++,8.217614,118,841,236
1107,+++--+-+---+---+---+-----++-+,8.861630,278,841,556
1108,+--+-+-+---+---+---+-------++,11.000000,494,841,988
1109,++-+-+-+---+---+---+--------+,11.200476,590,841,1180
1110,+-++-+-+---+---+---+------+++,10.049876,310,841,620
1111,++++-+-+---+---+---+------+-+,10.581402,406,841,812
1112,+---++-+---+---+---+----++-++,9.219544,182,841,364
1113,++--++-+---+---+---+----++--+,10.683817,438,841,876
1114,+-+-++-+---+---+---+----+++++,9.185598,190,841,380
1115,+++-++-+---+---+---+----+++-+,9.421528,318,841,636
1116,+--+++-+---+---+---+----+--++,12.206556,406,841,812
1117,++-+++-+---+---+---+----+---+,9.746822,406,841,812
1118,+-++++-+---+---+---+----+-+++,10.440307,446,841,892
1119,++++++-+---+---+---+----+-+-+,10.791047,446,841,892
1120,+-----++---+---+---+--++-+-++,10.049876,278,841,556
1121,++----++---+---+---+--++-+--+,8.172216,214,841,428
1122,+-+---++---+---+---+--++-++++,11.180340,382,841,764
1123,+++---++---+---+---+--++-++-+,7.874313,190,841,380
1124,+--+--++---+---+---+--++---++,14.035669,790,841,1580
1125,++-+--++---+---+---+--++----+,10.049876,342,841,684
1126,+-++--++---+---+---+--++--+++,14.866069,990,841,1980
1127,++++--++---+---+---+--++--+-+,11.180340,414,841,828
1128,+---+-++---+---+---+--++++-++,10.440307,254,841,508
1129,++--+-++---+---+---+--++++--+,8.620576,222,841,444
1130,+-+-+-++---+---+---+--+++++++,10.365904,518,841,1036
1131,+++-+-++---+---+---+--+++++-+,10.388706,358,841,716
1132,+--++-++---+---+---+--+++--++,14.317821,766,841,1532
1133,++-++-++---+---+---+--+++---+,10.440307,286,841,572
1134,+-+++-++---+---+---+--+++-+++,14.035669,998,841,1996
1135,+++++-++---+---+---+--+++-+-+,10.264967,518,841,1036
1136,+----+++---+---+---+--+--+-++,8.087910,118,841,236
1137,++---+++---+---+---+--+--+--+,9.015386,246,841,492
1138,+-+--+++---+---+---+--+--++++,7.810250,158,841,316
1139,+++--+++---+---+---+--+--++-+,9.222949,286,841,572
1140,+--+-+++---+---+---+--+----++,10.049876,278,841,556
1141,++-+-+++---+---+---+--+-----+,9.067228,214,841,428
1142,+-++-+++---+---+---+--+---+++,11.180340,350,841,700
1143,++++-+++---+---+---+--+---+-+,9.679206,286,841,572
1144,+---++++---+---+---+--+-++-++,6.708204,62,841,124
1145,++--++++---+---+---+--+-++--+,9.943341,286,841,572
1146,+-+-++++---+---+---+--+-+++++,10.465634,326,841,652
1147,+++-++++---+---+---+--+-+++-+,10.382848,422,841,844
1148,+--+++++---+---+---+--+-+--++,10.440307,222,841,444
1149,++-+++++---+---+---+--+-+---+,8.771073,190,841,380
1150,+-++++++---+---+---+--+-+-+++,10.842850,518,841,1036
1151,++++++++---+---+---+--+-+-+-+,10.953622,486,841,972
1152,+-------+--+---+---+++-+-+-++,9.684691,310,841,620
1153,++------+--+---+---+++-+-+--+,8.242471,182,841,364
1154,+-+-----+--+---+---+++-+-++++,10.149765,286,841,572
1155,+++-----+--+---+---+++-+-++-+,8.103748,158,841,316
1156,+--+----+--+---+---+++-+---++,12.206556,406,841,812
1157,++-+----+--+---+---+++-+----+,9.447198,278,841,556
1158,+-++----+--+---+---+++-+--+++,10.440307,350,841,700
1159,++++----+--+---+---+++-+--+-+,9.151571,222,841,444
1160,+---+---+--+---+---+++-+++-++,12.529964,574,841,1148
1161,++--+---+--+---+---+++-+++--+,11.180340,414,841,828
1162,+-+-+---+--+---+---+++-++++++,10.723005,454,841,908
1163,+++-+---+--+---+---+++-++++-+,10.036098,294,841,588
1164,+--++---+--+---+---+++-++--++,14.866069,798,841,1596
1165,++-++---+--+---+---+++-++---+,12.529964,446,841,892
1166,+-+++---+--+---+---+++-++-+++,12.206556,518,841,1036
1167,+++++---+--+---+---+++-++-+-+,9.294839,294,841,588
1168,+----+--+--+---+---+++---+-++,7.910937,182,841,364
1169,++---+--+--+---+---+++---+--+,10.127475,310,841,620
1170,+-+--+--+--+---+---+++---++++,7.735146,158,841,316
1171,+++--+--+--+---+---+++---++-+,9.808370,286,841,572
1172,+--+-+--+--+---+---+++-----++,9.219544,182,841,364
1173,++-+-+--+--+---+---+++------+,8.052527,118,841,236
1174,+-++-+--+--+---+---+++----+++,8.170072,190,841,380
1175,++++-+--+--+---+---+++----+-+,8.637523,126,841,252
1176,+---++--+--+---+---+++--++-++,11.180340,414,841,828
1177,++--++--+--+---+---+++--++--+,11.737728,702,841,1404
1178,+-+-++--+--+---+---+++--+++++,8.706004,230,841,460
1179,+++-++--+--+---+---+++--+++-+,10.093117,390,841,780
1180,+--+++--+--+---+---+++--+--++,12.529964,414,841,828
1181,++-+++--+--+---+---+++--+---+,11.180340,318,841,636
1182,+-++++--+--+---+---+++--+-+++,9.219544,262,841,524
1183,++++++--+--+---+---+++--+-+-+,8.365247,166,841,332
1184,+-----+-+--+---+---+++++-+-++,8.961957,222,841,444
1185,++----+-+--+---+---+++++-+--+,8.420713,190,841,380
1186,+-+---+-+--+---+---+++++-++++,9.750011,262,841,524
1187,+++---+-+--+---+---+++++-++-+,8.769200,230,841,460
1188,+--+--+-+--+---+---+++++---++,10.440307,254,841,508
1189,++-+--+-+--+---+---+++++----+,8.847952,222,841,444
1190,+-++--+-+--+---+---+++++--+++,10.049876,262,841,524
1191,++++--+-+--+---+---+++++--+-+,8.460786,230,841,460
1192,+---+-+-+--+---+---+++++++-++,9.219544,262,841,524
1193,++--+-+-+--+---+---+++++++--+,8.233102,198,841,396
1194,+-+-+-+-+--+---+---++++++++++,11.242165,590,841,1180
1195,+++-+-+-+--+---+---++++++++-+,11.562738,526,841,1052
1196,+--++-+-+--+---+---++++++--++,12.206556,358,841,716
1197,++-++-+-+--+---+---++++++---+,9.219544,230,841,460
1198,+-+++-+-+--+---+---++++++-+++,10.753518,526,841,1052
1199,+++++-+-+--+---+---++++++-+-+,11.419761,526,841,1052
1200,+----++-+--+---+---++++--+-++,10.090297,286,841,572
1201,++---++-+--+---+---++++--+--+,9.747320,318,841,636
1202,+-+--++-+--+---+---++++--++++,9.145895,262,841,524
1203,+++--++-+--+---+---++++--++-+,10.391272,422,841,844
1204,+--+-++-+--+---+---++++----++,10.023000,286,841,572
1205,++-+-++-+--+---+---++++-----+,8.304979,126,841,252
1206,+-++-++-+--+---+---++++---+++,8.110983,166,841,332
1207,++++-++-+--+---+---++++---+-+,7.715046,134,841,268
1208,+---+++-+--+---+---++++-++-++,8.027214,166,841,332
1209,++--+++-+--+---+---++++-++--+,10.579015,358,841,716
1210,+-+-+++-+--+---+---++++-+++++,10.349210,366,841,732
1211,+++-+++-+--+---+---++++-+++-+,10.659693,558,841,1116
1212,+--++++-+--+---+---++++-+--++,9.219544,230,841,460
1213,++-++++-+--+---+---++++-+---+,8.459963,166,841,332
1214,+-+++++-+--+---+---++++-+-+++,10.309222,334,841,668
1215,+++++++-+--+---+---++++-+-+-+,10.680668,398,841,796
1216,+------++--+---+---++--+-+-++,12.206556,470,841,940
1217,++-----++--+---+---++--+-+--+,9.219544,214,841,428
1218,+-+----++--+---+---++--+-++++,10.440307,318,841,636
1219,+++----++--+---+---++--+-++-+,8.109542,190,841,380
1220,+--+---++--+---+---++--+---++,15.652476,1142,841,2284
1221,++-+---++--+---+---++--+----+,12.206556,502,841,1004
1222,+-++---++--+---+---++--+--+++,14.317821,830,841,1660
1223,++++---++--+---+---++--+--+-+,10.440307,318,841,636
1224,+---+--++--+---+---++--+++-++,14.866069,894,841,1788
1225,++--+--++--+---+---++--+++--+,12.529964,542,841,1084
1226,+-+-+--++--+---+---++--++++++,12.206556,518,841,1036
1227,+++-+--++--+---+---++--++++-+,9.219544,294,841,588
1228,+--++--++--+---+---++--++--++,17.804494,1886,841,3772
1229,++-++--++--+---+---++--++---+,14.866069,958,841,1916
1230,+-+++--++--+---+---++--++-+++,15.652476,1222,841,2444
1231,+++++--++--+---+---++--++-+-+,12.206556,550,841,1100
1232,+----+-++--+---+---++----+-++,9.219544,246,841,492
1233,++---+-++--+---+---++----+--+,9.162022,246,841,492
1234,+-+--+-++--+---+---++----++++,8.557565,158,841,316
1235,+++--+-++--+---+---++----++-+,8.933316,286,841,572
1236,+--+-+-++--+---+---++------++,12.206556,438,841,876
1237,++-+-+-++--+---+---++-------+,9.219544,246,841,492
1238,+-++-+-++--+---+---++-----+++,10.440307,254,841,508
1239,++++-+-++--+---+---++-----+-+,8.831775,190,841,380
1240,+---++-++--+---+---++---++-++,12.529964,446,841,892
1241,++--++-++--+---+---++---++--+,11.180340,542,841,1084
1242,+-+-++-++--+---+---++---+++++,9.219544,198,841,396
1243,+++-++-++--+---+---++---+++-+,8.966563,294,841,588
1244,+--+++-++--+---+---++---+--++,14.866069,830,841,1660
1245,++-+++-++--+---+---++---+---+,12.529964,542,841,1084
1246,+-++++-++--+---+---++---+-+++,12.206556,486,841,972
1247,++++++-++--+---+---++---+-+-+,9.488961,326,841,652
1248,+-----+++--+---+---++-++-+-++,10.440307,286,841,572
1249,++----+++--+---+---++-++-+--+,8.613441,190,841,380
1250,+-+---+++--+---+---++-++-++++,10.049876,262,841,524
1251,+++---+++--+---+---++-++-++-+,7.800181,166,841,332
1252,+--+--+++--+---+---++-++---++,14.317821,830,841,1660
1253,++-+--+++--+---+---++-++----+,10.440307,350,841,700
1254,+-++--+++--+---+---++-++--+++,14.035669,774,841,1548
1255,++++--+++--+---+---++-++--+-+,10.049876,294,841,588
1256,+---+-+++--+---+---++-++++-++,12.206556,422,841,844
1257,++--+-+++--+---+---++-++++--+,9.219544,230,841,460
1258,+-+-+-+++--+---+---++-+++++++,10.440307,558,841,1116
1259,+++-+-+++--+---+---++-+++++-+,10.394215,366,841,732
1260,+--++-+++--+---+---++-+++--++,15.652476,1094,841,2188
1261,++-++-+++--+---+---++-+++---+,12.206556,454,841,908
1262,+-+++-+++--+---+---++-+++-+++,14.317821,1070,841,2140
1263,+++++-+++--+---+---++-+++-+-+,10.440307,558,841,1116
1264,+----++++--+---+---++-+--+-++,9.817386,254,841,508
1265,++---++++--+---+---++-+--+--+,8.891328,222,841,444
1266,+-+--++++--+---+---++-+--++++,9.526427,230,841,460
1267,+++--++++--+---+---++-+--++-+,9.270445,326,841,652
1268,+--+-++++--+---+---++-+----++,10.440307,382,841,764
1269,++-+-++++--+---+---++-+-----+,8.211418,158,841,316
1270,+-++-++++--+---+---++-+---+++,10.049876,262,841,524
1271,++++-++++--+---+---++-+---+-+,8.330615,166,841,332
1272,+---+++++--+---+---++-+-++-++,9.219544,166,841,332
1273,++--+++++--+---+---++-+-++--+,9.712967,230,841,460
1274,+-+-+++++--+---+---++-+-+++++,10.671843,366,841,732
1275,+++-+++++--+---+---++-+-+++-+,10.338966,430,841,860
1276,+--++++++--+---+---++-+-+--++,12.206556,422,841,844
1277,++-++++++--+---+---++-+-+---+,9.219544,230,841,460
1278,+-+++++++--+---+---++-+-+-+++,10.768725,526,841,1052
1279,+++++++++--+---+---++-+-+-+-+,10.456438,462,841,924
1280,+--------+-+---+-----+-+-+-++,11.030201,526,841,1052
1281,++-------+-+---+-----+-+-+--+,11.000000,366,841,732
1282,+-+------+-+---+-----+-+-++++,9.924803,374,841,748
1283,+++------+-+---+-----+-+-++-+,8.351365,214,841,428
1284,+--+-----+-+---+-----+-+---++,11.000000,462,841,924
1285,++-+-----+-+---+-----+-+----+,11.000000,430,841,860
1286,+-++-----+-+---+-----+-+--+++,9.051504,278,841,556
1287,++++-----+-+---+-----+-+--+-+,8.431633,246,841,492
1288,+---+----+-+---+-----+-+++-++,9.076899,246,841,492
1289,++--+----+-+---+-----+-+++--+,8.498494,182,841,364
1290,+-+-+----+-+---+-----+-++++++,10.073693,382,841,764
1291,+++-+----+-+---+-----+-++++-+,9.382085,318,841,636
1292,+--++----+-+---+-----+-++--++,9.576969,310,841,620
1293,++-++----+-+---+-----+-++---+,7.787787,182,841,364
1294,+-+++----+-+---+-----+-++-+++,9.177765,286,841,572
1295,+++++----+-+---+-----+-++-+-+,9.192872,286,841,572
1296,+----+---+-+---+-----+---+-++,11.000000,494,841,988
1297,++---+---+-+---+-----+---+--+,11.000000,526,841,1052
1298,+-+--+---+-+---+-----+---++++,8.800163,278,841,556
1299,+++--+---+-+---+-----+---++-+,9.460785,310,841,620
1300,+--+-+---+-+---+-----+-----++,11.000000,526,841,1052
1301,++-+-+---+-+---+-----+------+,11.033650,494,841,988
1302,+-++-+---+-+---+-----+----+++,9.318329,342,841,684
1303,++++-+---+-+---+-----+----+-+,10.121546,310,841,620
1304,+---++---+-+---+-----+--++-++,8.720425,310,841,620
1305,++--++---+-+---+-----+--++--+,10.948214,502,841,1004
1306,+-+-++---+-+---+-----+--+++++,9.155977,318,841,636
1307,+++-++---+-+---+-----+--+++-+,9.496941,382,841,764
1308,+--+++---+-+---+-----+--+--++,9.925587,342,841,684
1309,++-+++---+-+---+-----+--+---+,9.249866,278,841,556
1310,+-++++---+-+---+-----+--+-+++,9.671459,382,841,764
1311,++++++---+-+---+-----+--+-+-+,10.439212,318,841,636
1312,+-----+--+-+---+-----+++-+-++,8.664201,246,841,492
1313,++----+--+-+---+-----+++-+--+,8.509812,182,841,364
1314,+-+---+--+-+---+-----+++-++++,8.870154,222,841,444
1315,+++---+--+-+---+-----+++-++-+,7.846556,158,841,316
1316,+--+--+--+-+---+-----+++---++,9.857262,310,841,620
1317,++-+--+--+-+---+-----+++----+,8.934922,246,841,492
1318,+-++--+--+-+---+-----+++--+++,8.755787,254,841,508
1319,++++--+--+-+---+-----+++--+-+,8.781736,190,841,380
1320,+---+-+--+-+---+-----+++++-++,8.491211,190,841,380
1321,++--+-+--+-+---+-----+++++--+,7.232635,94,841,188
1322,+-+-+-+--+-+---+-----++++++++,10.420899,454,841,908
1323,+++-+-+--+-+---+-----++++++-+,10.415153,358,841,716
1324,+--++-+--+-+---+-----++++--++,10.572751,318,841,636
1325,++-++-+--+-+---+-----++++---+,7.953567,158,841,316
1326,+-+++-+--+-+---+-----++++-+++,10.267124,422,841,844
1327,+++++-+--+-+---+-----++++-+-+,10.266887,390,841,780
1328,+----++--+-+---+-----++--+-++,10.742159,406,841,812
1329,++---++--+-+---+-----++--+--+,9.505759,342,841,684
1330,+-+--++--+-+---+-----++--++++,10.405262,382,841,764
1331,+++--++--+-+---+-----++--++-+,10.662390,446,841,892
1332,+--+-++--+-+---+-----++----++,11.227334,502,841,1004
1333,++-+-++--+-+---+-----++-----+,8.565224,246,841,492
1334,+-++-++--+-+---+-----++---+++,9.883377,382,841,764
1335,++++-++--+-+---+-----++---+-+,9.235345,254,841,508
1336,+---+++--+-+---+-----++-++-++,9.910947,318,841,636
1337,++--+++--+-+---+-----++-++--+,9.756376,286,841,572
1338,+-+-+++--+-+---+-----++-+++++,10.456239,518,841,1036
1339,+++-+++--+-+---+-----++-+++-+,10.357977,486,841,972
1340,+--++++--+-+---+-----++-+--++,11.274090,478,841,956
1341,++-++++--+-+---+-----++-+---+,8.297651,190,841,380
1342,+-+++++--+-+---+-----++-+-+++,10.792703,582,841,1164
1343,+++++++--+-+---+-----++-+-+-+,10.806747,422,841,844
1344,+------+-+-+---+-------+-+-++,11.000000,462,841,924
1345,++-----+-+-+---+-------+-+--+,11.000000,366,841,732
1346,+-+----+-+-+---+-------+-++++,9.280429,310,841,620
1347,+++----+-+-+---+-------+-++-+,8.289208,214,841,428
1348,+--+---+-+-+---+-------+---++,11.000000,462,841,924
1349,++-+---+-+-+---+-------+----+,11.000000,494,841,988
1350,+-++---+-+-+---+-------+--+++,10.049876,278,841,556
1351,++++---+-+-+---+-------+--+-+,9.859009,310,841,620
1352,+---+--+-+-+---+-------+++-++,9.219544,214,841,428
1353,++--+--+-+-+---+-------+++--+,7.887073,150,841,300
1354,+-+-+--+-+-+---+-------++++++,9.171456,350,841,700
1355,+++-+--+-+-+---+-------++++-+,9.353467,286,841,572
1356,+--++--+-+-+---+-------++--++,12.206556,406,841,812
1357,++-++--+-+-+---+-------++---+,9.219544,278,841,556
1358,+-+++--+-+-+---+-------++-+++,10.440307,382,841,764
1359,+++++--+-+-+---+-------++-+-+,10.421276,382,841,764
1360,+----+-+-+-+---+---------+-++,11.000000,398,841,796
1361,++---+-+-+-+---+---------+--+,11.000000,494,841,988
1362,+-+--+-+-+-+---+---------++++,8.375682,246,841,492
1363,+++--+-+-+-+---+---------++-+,9.841668,342,841,684
1364,+--+-+-+-+-+---+-----------++,11.000000,494,841,988
1365,++-+-+-+-+-+---+------------+,12.279960,910,841,1820
1366,+-++-+-+-+-+---+----------+++,10.226656,374,841,748
1367,++++-+-+-+-+---+----------+-+,12.507474,790,841,1580
1368,+---++-+-+-+---+--------++-++,7.736592,182,841,364
1369,++--++-+-+-+---+--------++--+,9.805099,374,841,748
1370,+-+-++-+-+-+---+--------+++++,10.352930,382,841,764
1371,+++-++-+-+-+---+--------+++-+,10.784791,446,841,892
1372,+--+++-+-+-+---+--------+--++,9.269659,342,841,684
1373,++-+++-+-+-+---+--------+---+,11.749299,662,841,1324
1374,+-++++-+-+-+---+--------+-+++,11.611070,574,841,1148
1375,++++++-+-+-+---+--------+-+-+,12.878166,894,841,1788
1376,+-----++-+-+---+------++-+-++,8.159288,150,841,300
1377,++----++-+-+---+------++-+--+,9.576668,214,841,428
1378,+-+---++-+-+---+------++-++++,8.164738,190,841,380
1379,+++---++-+-+---+------++-++-+,7.803988,126,841,252
1380,+--+--++-+-+---+------++---++,10.049876,214,841,428
1381,++-+--++-+-+---+------++----+,9.335002,278,841,556
1382,+-++--++-+-+---+------++--+++,11.180340,350,841,700
1383,++++--++-+-+---+------++--+-+,9.142526,286,841,572
1384,+---+-++-+-+---+------++++-++,8.808083,190,841,380
1385,++--+-++-+-+---+------++++--+,8.806734,158,841,316
1386,+-+-+-++-+-+---+------+++++++,10.799061,518,841,1036
1387,+++-+-++-+-+---+------+++++-+,10.498593,358,841,716
1388,+--++-++-+-+---+------+++--++,10.440307,254,841,508
1389,++-++-++-+-+---+------+++---+,8.109063,158,841,316
1390,+-+++-++-+-+---+------+++-+++,11.103295,550,841,1100
1391,+++++-++-+-+---+------+++-+-+,11.001224,454,841,908
1392,+----+++-+-+---+------+--+-++,7.986173,150,841,300
1393,++---+++-+-+---+------+--+--+,7.999789,214,841,428
1394,+-+--+++-+-+---+------+--++++,9.135497,254,841,508
1395,+++--+++-+-+---+------+--++-+,9.489536,318,841,636
1396,+--+-+++-+-+---+------+----++,8.314738,246,841,492
1397,++-+-+++-+-+---+------+-----+,11.095789,502,841,1004
1398,+-++-+++-+-+---+------+---+++,10.399429,382,841,764
1399,++++-+++-+-+---+------+---+-+,11.936047,638,841,1276
1400,+---++++-+-+---+------+-++-++,9.139971,222,841,444
1401,++--++++-+-+---+------+-++--+,8.721939,254,841,508
1402,+-+-++++-+-+---+------+-+++++,11.966045,678,841,1356
1403,+++-++++-+-+---+------+-+++-+,11.584102,582,841,1164
1404,+--+++++-+-+---+------+-+--++,9.667938,318,841,636
1405,++-+++++-+-+---+------+-+---+,11.185416,478,841,956
1406,+-++++++-+-+---+------+-+-+++,12.580633,806,841,1612
1407,++++++++-+-+---+------+-+-+-+,12.921920,966,841,1932
1408,+-------++-+---+----++-+-+-++,7.960965,150,841,300
1409,++------++-+---+----++-+-+--+,8.803451,214,841,428
1410,+-+-----++-+---+----++-+-++++,8.222046,190,841,380
1411,+++-----++-+---+----++-+-++-+,7.807128,126,841,252
1412,+--+----++-+---+----++-+---++,9.219544,310,841,620
1413,++-+----++-+---+----++-+----+,9.562076,374,841,748
1414,+-++----++-+---+----++-+--+++,10.927704,446,841,892
1415,++++----++-+---+----++-+--+-+,10.065629,382,841,764
1416,+---+---++-+---+----++-+++-++,11.180340,286,841,572
1417,++--+---++-+---+----++-+++--+,11.180340,318,841,636
1418,+-+-+---++-+---+----++-++++++,8.736635,230,841,460
1419,+++-+---++-+---+----++-++++-+,8.540576,134,841,268
1420,+--++---++-+---+----++-++--++,12.529964,446,841,892
1421,++-++---++-+---+----++-++---+,11.180340,286,841,572
1422,+-+++---++-+---+----++-++-+++,9.558284,358,841,716
1423,+++++---++-+---+----++-++-+-+,8.337936,198,841,396
1424,+----+--++-+---+----++---+-++,8.674523,182,841,364
1425,++---+--++-+---+----++---+--+,9.628671,310,841,620
1426,+-+--+--++-+---+----++---++++,8.777792,222,841,444
1427,+++--+--++-+---+----++---++-+,9.307307,222,841,444
1428,+--+-+--++-+---+----++-----++,9.348238,246,841,492
1429,++-+-+--++-+---+----++------+,8.064136,182,841,364
1430,+-++-+--++-+---+----++----+++,10.569338,446,841,892
1431,++++-+--++-+---+----++----+-+,8.583976,254,841,508
1432,+---++--++-+---+----++--++-++,11.180340,478,841,956
1433,++--++--++-+---+----++--++--+,12.529964,766,841,1532
1434,+-+-++--++-+---+----++--+++++,9.458436,358,841,716
1435,+++-++--++-+---+----++--+++-+,9.785542,390,841,780
1436,+--+++--++-+---+----++--+--++,11.180340,414,841,828
1437,++-+++--++-+---+----++--+---+,11.180340,318,841,636
1438,+-++++--++-+---+----++--+-+++,10.140011,454,841,908
1439,++++++--++-+---+----++--+-+-+,9.210403,230,841,460
1440,+-----+-++-+---+----++++-+-++,8.392760,222,841,444
1441,++----+-++-+---+----++++-+--+,9.904175,382,841,764
1442,+-+---+-++-+---+----++++-++++,8.294874,198,841,396
1443,+++---+-++-+---+----++++-++-+,8.990079,230,841,460
1444,+--+--+-++-+---+----++++---++,9.003534,318,841,636
1445,++-+--+-++-+---+----++++----+,10.640649,478,841,956
1446,+-++--+-++-+---+----++++--+++,10.532323,390,841,780
1447,++++--+-++-+---+----++++--+-+,10.742149,422,841,844
1448,+---+-+-++-+---+----++++++-++,8.945389,198,841,396
1449,++--+-+-++-+---+----++++++--+,8.079605,198,841,396
1450,+-+-+-+-++-+---+----+++++++++,10.315291,462,841,924
1451,+++-+-+-++-+---+----+++++++-+,10.372346,334,841,668
1452,+--++-+-++-+---+----+++++--++,9.219544,230,841,460
1453,++-++-+-++-+---+----+++++---+,8.282901,166,841,332
1454,+-+++-+-++-+---+----+++++-+++,10.331643,462,841,924
1455,+++++-+-++-+---+----+++++-+-+,10.329144,398,841,796
1456,+----++-++-+---+----+++--+-++,9.193719,254,841,508
1457,++---++-++-+---+----+++--+--+,9.277047,286,841,572
1458,+-+--++-++-+---+----+++--++++,9.144204,294,841,588
1459,+++--++-++-+---+----+++--++-+,10.071837,326,841,652
1460,+--+-++-++-+---+----+++----++,9.597138,318,841,636
1461,++-+-++-++-+---+----+++-----+,8.596976,158,841,316
1462,+-++-++-++-+---+----+++---+++,9.545549,390,841,780
1463,++++-++-++-+---+----+++---+-+,8.827565,230,841,460
1464,+---+++-++-+---+----+++-++-++,8.665711,262,841,524
1465,++--+++-++-+---+----+++-++--+,9.982296,326,841,652
1466,+-+-+++-++-+---+----+++-+++++,10.776146,526,841,1052
1467,+++-+++-++-+---+----+++-+++-+,10.356955,462,841,924
1468,+--++++-++-+---+----+++-+--++,9.627494,262,841,524
1469,++-++++-++-+---+----+++-+---+,7.280110,70,841,140
1470,+-+++++-++-+---+----+++-+-+++,10.812550,558,841,1116
1471,+++++++-++-+---+----+++-+-+-+,10.456360,366,841,732
1472,+------+++-+---+----+--+-+-++,9.219544,214,841,428
1473,++-----+++-+---+----+--+-+--+,8.222800,150,841,300
1474,+-+----+++-+---+----+--+-++++,8.223122,190,841,380
1475,+++----+++-+---+----+--+-++-+,7.832165,126,841,252
1476,+--+---+++-+---+----+--+---++,12.206556,374,841,748
1477,++-+---+++-+---+----+--+----+,9.219544,310,841,620
1478,+-++---+++-+---+----+--+--+++,10.440307,318,841,636
1479,++++---+++-+---+----+--+--+-+,8.987598,254,841,508
1480,+---+--+++-+---+----+--+++-++,12.529964,446,841,892
1481,++--+--+++-+---+----+--+++--+,11.180340,286,841,572
1482,+-+-+--+++-+---+----+--++++++,9.219544,326,841,652
1483,+++-+--+++-+---+----+--++++-+,8.610118,166,841,332
1484,+--++--+++-+---+----+--++--++,14.866069,798,841,1596
1485,++-++--+++-+---+----+--++---+,12.529964,446,841,892
1486,+-+++--+++-+---+----+--++-+++,12.206556,518,841,1036
1487,+++++--+++-+---+----+--++-+-+,9.358052,294,841,588
1488,+----+-+++-+---+----+----+-++,8.453209,150,841,300
1489,++---+-+++-+---+----+----+--+,8.082737,150,841,300
1490,+-+--+-+++-+---+----+----++++,8.352207,190,841,380
1491,+++--+-+++-+---+----+----++-+,8.318209,190,841,380
1492,+--+-+-+++-+---+----+------++,9.219544,214,841,428
1493,++-+-+-+++-+---+----+-------+,10.604950,406,841,812
1494,+-++-+-+++-+---+----+-----+++,9.217932,286,841,572
1495,++++-+-+++-+---+----+-----+-+,11.196707,478,841,956
1496,+---++-+++-+---+----+---++-++,11.180340,350,841,700
1497,++--++-+++-+---+----+---++--+,11.180340,446,841,892
1498,+-+-++-+++-+---+----+---+++++,10.326863,358,841,716
1499,+++-++-+++-+---+----+---+++-+,9.968791,326,841,652
1500,+--+++-+++-+---+----+---+--++,12.529964,478,841,956
1501,++-+++-+++-+---+----+---+---+,11.180340,574,841,1148
1502,+-++++-+++-+---+----+---+-+++,11.068221,518,841,1036
1503,++++++-+++-+---+----+---+-+-+,11.794843,614,841,1228
1504,+-----++++-+---+----+-++-+-++,8.708398,254,841,508
1505,++----++++-+---+----+-++-+--+,10.507320,350,841,700
1506,+-+---++++-+---+----+-++-++++,8.856477,230,841,460
1507,+++---++++-+---+----+-++-++-+,8.867345,198,841,396
1508,+--+--++++-+---+----+-++---++,10.440307,286,841,572
1509,++-+--++++-+---+----+-++----+,10.781421,382,841,764
1510,+-++--++++-+---+----+-++--+++,10.049876,358,841,716
1511,++++--++++-+---+----+-++--+-+,10.162980,326,841,652
1512,+---+-++++-+---+----+-++++-++,10.081253,390,841,780
1513,++--+-++++-+---+----+-++++--+,9.186207,262,841,524
1514,+-+-+-++++-+---+----+-+++++++,11.538542,654,841,1308
1515,+++-+-++++-+---+----+-+++++-+,10.588367,398,841,796
1516,+--++-++++-+---+----+-+++--++,12.206556,422,841,844
1517,++-++-++++-+---+----+-+++---+,9.219544,230,841,460
1518,+-+++-++++-+---+----+-+++-+++,11.302471,654,841,1308
1519,+++++-++++-+---+----+-+++-+-+,10.734413,462,841,924
1520,+----+++++-+---+----+-+--+-++,8.320636,190,841,380
1521,++---+++++-+---+----+-+--+--+,8.514543,158,841,316
1522,+-+--+++++-+---+----+-+--++++,9.469424,294,841,588
1523,+++--+++++-+---+----+-+--++-+,8.683821,262,841,524
1524,+--+-+++++-+---+----+-+----++,8.206825,190,841,380
1525,++-+-+++++-+---+----+-+-----+,10.083020,350,841,700
1526,+-++-+++++-+---+----+-+---+++,9.943088,326,841,652
1527,++++-+++++-+---+----+-+---+-+,10.903081,486,841,972
1528,+---++++++-+---+----+-+-++-++,9.947839,294,841,588
1529,++--++++++-+---+----+-+-++--+,8.674222,230,841,460
1530,+-+-++++++-+---+----+-+-+++++,12.405175,750,841,1500
1531,+++-++++++-+---+----+-+-+++-+,11.431406,558,841,1116
1532,+--+++++++-+---+----+-+-+--++,9.513618,294,841,588
1533,++-+++++++-+---+----+-+-+---+,10.282887,358,841,716
1534,+-++++++++-+---+----+-+-+-+++,12.507681,782,841,1564
1535,++++++++++-+---+----+-+-+-+-+,12.200035,846,841,1692
1536,+---------++---+--++-+-+-+-++,9.351903,214,841,428
1537,++--------++---+--++-+-+-+--+,8.924075,214,841,428
1538,+-+-------++---+--++-+-+-++++,9.653121,318,841,636
1539,+++-------++---+--++-+-+-++-+,8.432299,190,841,380
1540,+--+------++---+--++-+-+---++,10.049876,246,841,492
1541,++-+------++---+--++-+-+----+,9.587448,246,841,492
1542,+-++------++---+--++-+-+--+++,11.180340,446,841,892
1543,++++------++---+--++-+-+--+-+,10.019233,318,841,636
1544,+---+-----++---+--++-+-+++-++,9.097003,254,841,508
1545,++--+-----++---+--++-+-+++--+,10.828750,350,841,700
1546,+-+-+-----++---+--++-+-++++++,9.921262,262,841,524
1547,+++-+-----++---+--++-+-++++-+,8.669780,230,841,460
1548,+--++-----++---+--++-+-++--++,10.440307,286,841,572
1549,++-++-----++---+--++-+-++---+,8.951048,190,841,380
1550,+-+++-----++---+--++-+-++-+++,10.049876,262,841,524
1551,+++++-----++---+--++-+-++-+-+,7.699693,166,841,332
1552,+----+----++---+--++-+---+-++,7.483888,150,841,300
1553,++---+----++---+--++-+---+--+,10.766012,406,841,812
1554,+-+--+----++---+--++-+---++++,8.568342,190,841,380
1555,+++--+----++---+--++-+---++-+,9.743583,318,841,636
1556,+--+-+----++---+--++-+-----++,7.822393,150,841,300
1557,++-+-+----++---+--++-+------+,8.661056,214,841,428
1558,+-++-+----++---+--++-+----+++,10.338622,350,841,700
1559,++++-+----++---+--++-+----+-+,10.111546,286,841,572
1560,+---++----++---+--++-+--++-++,10.055970,350,841,700
1561,++--++----++---+--++-+--++--+,12.668457,766,841,1532
1562,+-+-++----++---+--++-+--+++++,8.642602,230,841,460
1563,+++-++----++---+--++-+--+++-+,10.550815,390,841,780
1564,+--+++----++---+--++-+--+--++,8.461078,222,841,444
1565,++-+++----++---+--++-+--+---+,10.088340,254,841,508
1566,+-++++----++---+--++-+--+-+++,9.966307,262,841,524
1567,++++++----++---+--++-+--+-+-+,8.457584,166,841,332
1568,+-----+---++---+--++-+++-+-++,8.690218,254,841,508
1569,++----+---++---+--++-+++-+--+,8.713977,222,841,444
1570,+-+---+---++---+--++-+++-++++,10.816654,422,841,844
1571,+++---+---++---+--++-+++-++-+,9.219544,262,841,524
1572,+--+--+---++---+--++-+++---++,11.180340,414,841,828
1573,++-+--+---++---+--++-+++----+,8.654453,254,841,508
1574,+-++--+---++---+--++-+++--+++,13.453624,678,841,1356
1575,++++--+---++---+--++-+++--+-+,10.816654,390,841,780
1576,+---+-+---++---+--++-+++++-++,8.694766,262,841,524
1577,++--+-+---++---+--++-+++++--+,9.995530,326,841,652
1578,+-+-+-+---++---+--++-++++++++,9.945871,334,841,668
1579,+++-+-+---++---+--++-++++++-+,9.834877,270,841,540
1580,+--++-+---++---+--++-++++--++,10.049876,358,841,716
1581,++-++-+---++---+--++-++++---+,8.371838,230,841,460
1582,+-+++-+---++---+--++-++++-+++,11.180340,398,841,796
1583,+++++-+---++---+--++-++++-+-+,9.465904,270,841,540
1584,+----++---++---+--++-++--+-++,9.538786,254,841,508
1585,++---++---++---+--++-++--+--+,10.071232,414,841,828
1586,+-+--++---++---+--++-++--++++,9.232250,294,841,588
1587,+++--++---++---+--++-++--++-+,10.110115,454,841,908
1588,+--+-++---++---+--++-++----++,9.959237,318,841,636
1589,++-+-++---++---+--++-++-----+,8.033081,158,841,316
1590,+-++-++---++---+--++-++---+++,10.816654,390,841,780
1591,++++-++---++---+--++-++---+-+,9.219544,230,841,460
1592,+---+++---++---+--++-++-++-++,8.800979,294,841,588
1593,++--+++---++---+--++-++-++--+,11.553165,614,841,1228
1594,+-+-+++---++---+--++-++-+++++,8.354669,174,841,348
1595,+++-+++---++---+--++-++-+++-+,9.908916,366,841,732
1596,+--++++---++---+--++-++-+--++,10.046829,294,841,588
1597,++-++++---++---+--++-++-+---+,9.064504,230,841,460
1598,+-+++++---++---+--++-++-+-+++,8.218294,206,841,412
1599,+++++++---++---+--++-++-+-+-+,8.518741,142,841,284
1600,+------+--++---+--++---+-+-++,10.049876,310,841,620
1601,++-----+--++---+--++---+-+--+,9.337919,246,841,492
1602,+-+----+--++---+--++---+-++++,11.180340,478,841,956
1603,+++----+--++---+--++---+-++-+,8.978095,286,841,572
1604,+--+---+--++---+--++---+---++,14.035669,790,841,1580
1605,++-+---+--++---+--++---+----+,10.049876,342,841,684
1606,+-++---+--++---+--++---+--+++,14.866069,1054,841,2108
1607,++++---+--++---+--++---+--+-+,11.180340,478,841,956
1608,+---+--+--++---+--++---+++-++,10.440307,318,841,636
1609,++--+--+--++---+--++---+++--+,10.639140,414,841,828
1610,+-+-+--+--++---+--++---++++++,10.049876,262,841,524
1611,+++-+--+--++---+--++---++++-+,8.636855,230,841,460
1612,+--++--+--++---+--++---++--++,14.317821,862,841,1724
1613,++-++--+--++---+--++---++---+,10.440307,382,841,764
1614,+-+++--+--++---+--++---++-+++,14.035669,774,841,1548
1615,+++++--+--++---+--++---++-+-+,10.049876,294,841,588
1616,+----+-+--++---+--++-----+-++,8.488799,150,841,300
1617,++---+-+--++---+--++-----+--+,10.345541,342,841,684
1618,+-+--+-+--++---+--++-----++++,8.887787,190,841,380
1619,+++--+-+--++---+--++-----++-+,8.967795,254,841,508
1620,+--+-+-+--++---+--++-------++,10.049876,214,841,428
1621,++-+-+-+--++---+--++--------+,8.257305,214,841,428
1622,+-++-+-+--++---+--++------+++,11.180340,414,841,828
1623,++++-+-+--++---+--++------+-+,8.580810,286,841,572
1624,+---++-+--++---+--++----++-++,9.555559,254,841,508
1625,++--++-+--++---+--++----++--+,12.068067,670,841,1340
1626,+-+-++-+--++---+--++----+++++,7.752256,134,841,268
1627,+++-++-+--++---+--++----+++-+,9.844180,294,841,588
1628,+--+++-+--++---+--++----+--++,10.440307,254,841,508
1629,++-+++-+--++---+--++----+---+,9.807794,286,841,572
1630,+-++++-+--++---+--++----+-+++,10.049876,294,841,588
1631,++++++-+--++---+--++----+-+-+,8.527954,198,841,396
1632,+-----++--++---+--++--++-+-++,11.180340,446,841,892
1633,++----++--++---+--++--++-+--+,9.760254,414,841,828
1634,+-+---++--++---+--++--++-++++,13.453624,742,841,1484
1635,+++---++--++---+--++--++-++-+,10.816654,454,841,908
1636,+--+--++--++---+--++--++---++,14.866069,1118,841,2236
1637,++-+--++--++---+--++--++----+,11.180340,574,841,1148
1638,+-++--++--++---+--++--++--+++,16.643317,1638,841,3276
1639,++++--++--++---+--++--++--+-+,13.453624,838,841,1676
1640,+---+-++--++---+--++--++++-++,10.049876,358,841,716
1641,++--+-++--++---+--++--++++--+,10.303657,486,841,972
1642,+-+-+-++--++---+--++--+++++++,11.180340,430,841,860
1643,+++-+-++--++---+--++--+++++-+,9.044299,302,841,604
1644,+--++-++--++---+--++--+++--++,14.035669,902,841,1804
1645,++-++-++--++---+--++--+++---+,10.049876,454,841,908
1646,+-+++-++--++---+--++--+++-+++,14.866069,1070,841,2140
1647,+++++-++--++---+--++--+++-+-+,11.180340,494,841,988
1648,+----+++--++---+--++--+--+-++,8.126994,222,841,444
1649,++---+++--++---+--++--+--+--+,9.996949,382,841,764
1650,+-+--+++--++---+--++--+--++++,10.816654,326,841,652
1651,+++--+++--++---+--++--+--++-+,9.219544,358,841,716
1652,+--+-+++--++---+--++--+----++,11.180340,414,841,828
1653,++-+-+++--++---+--++--+-----+,8.864712,254,841,508
1654,+-++-+++--++---+--++--+---+++,13.453624,678,841,1356
1655,++++-+++--++---+--++--+---+-+,10.816654,390,841,780
1656,+---++++--++---+--++--+-++-++,8.673924,230,841,460
1657,++--++++--++---+--++--+-++--+,11.276913,614,841,1228
1658,+-+-++++--++---+--++--+-+++++,8.589184,174,841,348
1659,+++-++++--++---+--++--+-+++-+,9.442439,302,841,604
1660,+--+++++--++---+--++--+-+--++,10.049876,294,841,588
1661,++-+++++--++---+--++--+-+---+,9.306287,294,841,588
1662,+-++++++--++---+--++--+-+-+++,11.180340,398,841,796
1663,++++++++--++---+--++--+-+-+-+,8.746622,270,841,540
1664,+-------+-++---+--++++-+-+-++,9.737365,318,841,636
1665,++------+-++---+--++++-+-+--+,10.779978,478,841,956
1666,+-+-----+-++---+--++++-+-++++,10.184607,358,841,716
1667,+++-----+-++---+--++++-+-++-+,10.418802,390,841,780
1668,+--+----+-++---+--++++-+---++,10.440307,446,841,892
1669,++-+----+-++---+--++++-+----+,11.916490,606,841,1212
1670,+-++----+-++---+--++++-+--+++,11.078694,582,841,1164
1671,++++----+-++---+--++++-+--+-+,11.916083,614,841,1228
1672,+---+---+-++---+--++++-+++-++,9.219544,262,841,524
1673,++--+---+-++---+--++++-+++--+,10.669603,390,841,780
1674,+-+-+---+-++---+--++++-++++++,8.978654,206,841,412
1675,+++-+---+-++---+--++++-++++-+,8.277616,206,841,412
1676,+--++---+-++---+--++++-++--++,12.206556,390,841,780
1677,++-++---+-++---+--++++-++---+,9.219544,326,841,652
1678,+-+++---+-++---+--++++-++-+++,10.440307,302,841,604
1679,+++++---+-++---+--++++-++-+-+,9.168240,238,841,476
1680,+----+--+-++---+--++++---+-++,9.843177,318,841,636
1681,++---+--+-++---+--++++---+--+,10.780784,606,841,1212
1682,+-+--+--+-++---+--++++---++++,10.181057,358,841,716
1683,+++--+--+-++---+--++++---++-+,10.342103,518,841,1036
1684,+--+-+--+-++---+--++++-----++,9.783405,350,841,700
1685,++-+-+--+-++---+--++++------+,10.902170,446,841,892
1686,+-++-+--+-++---+--++++----+++,11.275719,550,841,1100
1687,++++-+--+-++---+--++++----+-+,11.688676,518,841,1036
1688,+---++--+-++---+--++++--++-++,10.445972,358,841,716
1689,++--++--+-++---+--++++--++--+,12.790010,806,841,1612
1690,+-+-++--+-++---+--++++--+++++,8.423727,238,841,476
1691,+++-++--+-++---+--++++--+++-+,10.675232,430,841,860
1692,+--+++--+-++---+--++++--+--++,9.219544,262,841,524
1693,++-+++--+-++---+--++++--+---+,10.098338,326,841,652
1694,+-++++--+-++---+--++++--+-+++,10.047001,302,841,604
1695,++++++--+-++---+--++++--+-+-+,9.367377,238,841,476
1696,+-----+-+-++---+--++++++-+-++,9.195514,262,841,524
1697,++----+-+-++---+--++++++-+--+,10.559173,390,841,780
1698,+-+---+-+-++---+--++++++-++++,8.466249,174,841,348
1699,+++---+-+-++---+--++++++-++-+,8.537738,174,841,348
1700,+--+--+-+-++---+--++++++---++,10.049876,326,841,652
1701,++-+--+-+-++---+--++++++----+,11.092983,454,841,908
1702,+-++--+-+-++---+--++++++--+++,11.180340,334,841,668
1703,++++--+-+-++---+--++++++--+-+,10.165572,334,841,668
1704,+---+-+-+-++---+--++++++++-++,8.338091,174,841,348
1705,++--+-+-+-++---+--++++++++--+,9.464838,270,841,540
1706,+-+-+-+-+-++---+--+++++++++++,9.339974,374,841,748
1707,+++-+-+-+-++---+--+++++++++-+,9.964064,342,841,684
1708,+--++-+-+-++---+--+++++++--++,10.440307,174,841,348
1709,++-++-+-+-++---+--+++++++---+,8.290425,206,841,412
1710,+-+++-+-+-++---+--+++++++-+++,10.049876,342,841,684
1711,+++++-+-+-++---+--+++++++-+-+,10.117812,374,841,748
1712,+----++-+-++---+--+++++--+-++,9.252068,262,841,524
1713,++---++-+-++---+--+++++--+--+,10.038818,454,841,908
1714,+-+--++-+-++---+--+++++--++++,7.974518,110,841,220
1715,+++--++-+-++---+--+++++--++-+,9.921250,302,841,604
1716,+--+-++-+-++---+--+++++----++,9.173685,294,841,588
1717,++-+-++-+-++---+--+++++-----+,9.659900,294,841,588
1718,+-++-++-+-++---+--+++++---+++,8.397521,174,841,348
1719,++++-++-+-++---+--+++++---+-+,9.358578,174,841,348
1720,+---+++-+-++---+--+++++-++-++,8.517559,142,841,284
1721,++--+++-+-++---+--+++++-++--+,11.476383,494,841,988
1722,+-+-+++-+-++---+--+++++-+++++,9.000000,214,841,428
1723,+++-+++-+-++---+--+++++-+++-+,9.942115,438,841,876
1724,+--++++-+-++---+--+++++-+--++,7.434242,110,841,220
1725,++-++++-+-++---+--+++++-+---+,8.569542,206,841,412
1726,+-+++++-+-++---+--+++++-+-+++,9.000000,214,841,428
1727,+++++++-+-++---+--+++++-+-+-+,9.507454,310,841,620
1728,+------++-++---+--+++--+-+-++,10.440307,478,841,956
1729,++-----++-++---+--+++--+-+--+,9.735371,382,841,764
1730,+-+----++-++---+--+++--+-++++,10.772990,518,841,1036
1731,+++----++-++---+--+++--+-++-+,10.407834,422,841,844
1732,+--+---++-++---+--+++--+---++,14.317821,990,841,1980
1733,++-+---++-++---+--+++--+----+,10.440307,510,841,1020
1734,+-++---++-++---+--+++--+--+++,14.035669,998,841,1996
1735,++++---++-++---+--+++--+--+-+,10.375826,518,841,1036
1736,+---+--++-++---+--+++--+++-++,12.206556,454,841,908
1737,++--+--++-++---+--+++--+++--+,10.150936,390,841,780
1738,+-+-+--++-++---+--+++--++++++,10.440307,270,841,540
1739,+++-+--++-++---+--+++--++++-+,8.446650,206,841,412
1740,+--++--++-++---+--+++--++--++,15.652476,1158,841,2316
1741,++-++--++-++---+--+++--++---+,12.206556,518,841,1036
1742,+-+++--++-++---+--+++--++-+++,14.317821,814,841,1628
1743,+++++--++-++---+--+++--++-+-+,10.440307,302,841,604
1744,+----+-++-++---+--+++----+-++,11.123590,446,841,892
1745,++---+-++-++---+--+++----+--+,10.018201,478,841,956
1746,+-+--+-++-++---+--+++----++++,10.954755,422,841,844
1747,+++--+-++-++---+--+++----++-+,10.392875,454,841,908
1748,+--+-+-++-++---+--+++------++,10.440307,478,841,956
1749,++-+-+-++-++---+--+++-------+,9.751197,318,841,636
1750,+-++-+-++-++---+--+++-----+++,10.180368,486,841,972
1751,++++-+-++-++---+--+++-----+-+,10.333370,326,841,652
1752,+---++-++-++---+--+++---++-++,9.539813,326,841,652
1753,++--++-++-++---+--+++---++--+,11.901337,582,841,1164
1754,+-+-++-++-++---+--+++---+++++,7.918094,142,841,284
1755,+++-++-++-++---+--+++---+++-+,9.647131,270,841,540
1756,+--+++-++-++---+--+++---+--++,12.206556,422,841,844
1757,++-+++-++-++---+--+++---+---+,9.482950,294,841,588
1758,+-++++-++-++---+--+++---+-+++,10.440307,270,841,540
1759,++++++-++-++---+--+++---+-+-+,7.786860,142,841,284
1760,+-----+++-++---+--+++-++-+-++,10.049876,390,841,780
1761,++----+++-++---+--+++-++-+--+,9.331817,326,841,652
1762,+-+---+++-++---+--+++-++-++++,11.180340,366,841,732
1763,+++---+++-++---+--+++-++-++-+,8.097693,174,841,348
1764,+--+--+++-++---+--+++-++---++,14.035669,902,841,1804
1765,++-+--+++-++---+--+++-++----+,10.049876,454,841,908
1766,+-++--+++-++---+--+++-++--+++,14.866069,974,841,1948
1767,++++--+++-++---+--+++-++--+-+,11.180340,398,841,796
1768,+---+-+++-++---+--+++-++++-++,10.440307,270,841,540
1769,++--+-+++-++---+--+++-++++--+,9.423332,238,841,476
1770,+-+-+-+++-++---+--+++-+++++++,10.049876,406,841,812
1771,+++-+-+++-++---+--+++-+++++-+,9.000000,246,841,492
1772,+--++-+++-++---+--+++-+++--++,14.317821,782,841,1564
1773,++-++-+++-++---+--+++-+++---+,10.440307,302,841,604
1774,+-+++-+++-++---+--+++-+++-+++,14.035669,886,841,1772
1775,+++++-+++-++---+--+++-+++-+-+,10.049876,406,841,812
1776,+----++++-++---+--+++-+--+-++,10.479177,358,841,716
1777,++---++++-++---+--+++-+--+--+,9.517985,358,841,716
1778,+-+--++++-++---+--+++-+--++++,9.115065,206,841,412
1779,+++--++++-++---+--+++-+--++-+,8.830771,206,841,412
1780,+--+-++++-++---+--+++-+----++,10.201633,454,841,908
1781,++-+-++++-++---+--+++-+-----+,9.087304,262,841,524
1782,+-++-++++-++---+--+++-+---+++,11.180340,334,841,668
1783,++++-++++-++---+--+++-+---+-+,7.810250,142,841,284
1784,+---+++++-++---+--+++-+-++-++,7.959395,142,841,284
1785,++--+++++-++---+--+++-+-++--+,10.857422,366,841,732
1786,+-+-+++++-++---+--+++-+-+++++,9.206404,214,841,428
1787,+++-+++++-++---+--+++-+-+++-+,9.170707,310,841,620
1788,+--++++++-++---+--+++-+-+--++,10.440307,238,841,476
1789,++-++++++-++---+--+++-+-+---+,8.387803,206,841,412
1790,+-+++++++-++---+--+++-+-+-+++,10.049876,342,841,684
1791,+++++++++-++---+--+++-+-+-+-+,9.000000,310,841,620
1792,+--------+++---+--+--+-+-+-++,7.781182,150,841,300
1793,++-------+++---+--+--+-+-+--+,8.153445,150,841,300
1794,+-+------+++---+--+--+-+-++++,8.481402,190,841,380
1795,+++------+++---+--+--+-+-++-+,8.511569,190,841,380
1796,+--+-----+++---+--+--+-+---++,9.539974,246,841,492
1797,++-+-----+++---+--+--+-+----+,9.448230,246,841,492
1798,+-++-----+++---+--+--+-+--+++,8.846405,254,841,508
1799,++++-----+++---+--+--+-+--+-+,9.369311,254,841,508
1800,+---+----+++---+--+--+-+++-++,8.448665,190,841,380
1801,++--+----+++---+--+--+-+++--+,10.058545,286,841,572
1802,+-+-+----+++---+--+--+-++++++,7.975665,134,841,268
1803,+++-+----+++---+--+--+-++++-+,8.565951,230,841,460
1804,+--++----+++---+--+--+-++--++,10.679606,414,841,828
1805,++-++----+++---+--+--+-++---+,9.271593,318,841,636
1806,+-+++----+++---+--+--+-++-+++,8.985668,198,841,396
1807,+++++----+++---+--+--+-++-+-+,8.698305,230,841,460
1808,+----+---+++---+--+--+---+-++,9.094004,246,841,492
1809,++---+---+++---+--+--+---+--+,9.932424,310,841,620
1810,+-+--+---+++---+--+--+---++++,8.821179,222,841,444
1811,+++--+---+++---+--+--+---++-+,9.280411,286,841,572
1812,+--+-+---+++---+--+--+-----++,10.251007,310,841,620
1813,++-+-+---+++---+--+--+------+,8.220028,182,841,364
1814,+-++-+---+++---+--+--+----+++,9.341136,318,841,636
1815,++++-+---+++---+--+--+----+-+,9.300922,190,841,380
1816,+---++---+++---+--+--+--++-++,9.613983,382,841,764
1817,++--++---+++---+--+--+--++--+,11.994050,606,841,1212
1818,+-+-++---+++---+--+--+--+++++,8.666353,198,841,396
1819,+++-++---+++---+--+--+--+++-+,9.936078,294,841,588
1820,+--+++---+++---+--+--+--+--++,10.660130,446,841,892
1821,++-+++---+++---+--+--+--+---+,9.478263,286,841,572
1822,+-++++---+++---+--+--+--+-+++,9.381204,294,841,588
1823,++++++---+++---+--+--+--+-+-+,8.089104,134,841,268
1824,+-----+--+++---+--+--+++-+-++,9.416290,222,841,444
1825,++----+--+++---+--+--+++-+--+,8.429608,190,841,380
1826,+-+---+--+++---+--+--+++-++++,9.219544,198,841,396
1827,+++---+--+++---+--+--+++-++-+,9.219544,166,841,332
1828,+--+--+--+++---+--+--+++---++,10.814769,446,841,892
1829,++-+--+--+++---+--+--+++----+,8.865876,286,841,572
1830,+-++--+--+++---+--+--+++--+++,10.816654,390,841,780
1831,++++--+--+++---+--+--+++--+-+,9.219544,230,841,460
1832,+---+-+--+++---+--+--+++++-++,9.729495,294,841,588
1833,++--+-+--+++---+--+--+++++--+,8.873211,230,841,460
1834,+-+-+-+--+++---+--+--++++++++,8.216025,174,841,348
1835,+++-+-+--+++---+--+--++++++-+,8.342070,110,841,220
1836,+--++-+--+++---+--+--++++--++,11.791746,582,841,1164
1837,++-++-+--+++---+--+--++++---+,9.625841,326,841,652
1838,+-+++-+--+++---+--+--++++-+++,9.542593,302,841,604
1839,+++++-+--+++---+--+--++++-+-+,8.224477,174,841,348
1840,+----++--+++---+--+--++--+-++,11.107520,446,841,892
1841,++---++--+++---+--+--++--+--+,9.265852,414,841,828
1842,+-+--++--+++---+--+--++--++++,10.408211,422,841,844
1843,+++--++--+++---+--+--++--++-+,10.816654,518,841,1036
1844,+--+-++--+++---+--+--++----++,11.918779,574,841,1148
1845,++-+-++--+++---+--+--++-----+,9.248997,222,841,444
1846,+-++-++--+++---+--+--++---+++,10.293063,454,841,908
1847,++++-++--+++---+--+--++---+-+,9.219544,230,841,460
1848,+---+++--+++---+--+--++-++-++,10.568993,486,841,972
1849,++--+++--+++---+--+--++-++--+,10.621199,486,841,972
1850,+-+-+++--+++---+--+--++-+++++,9.313891,302,841,604
1851,+++-+++--+++---+--+--++-+++-+,9.277424,302,841,604
1852,+--++++--+++---+--+--++-+--++,12.200099,678,841,1356
1853,++-++++--+++---+--+--++-+---+,9.621855,294,841,588
1854,+-+++++--+++---+--+--++-+-+++,10.227712,398,841,796
1855,+++++++--+++---+--+--++-+-+-+,8.625262,142,841,284
1856,+------+-+++---+--+----+-+-++,9.042493,214,841,428
1857,++-----+-+++---+--+----+-+--+,7.707482,150,841,300
1858,+-+----+-+++---+--+----+-++++,9.731971,382,841,764
1859,+++----+-+++---+--+----+-++-+,10.138154,318,841,636
1860,+--+---+-+++---+--+----+---++,10.049876,182,841,364
1861,++-+---+-+++---+--+----+----+,7.392573,118,841,236
1862,+-++---+-+++---+--+----+--+++,11.180340,318,841,636
1863,++++---+-+++---+--+----+--+-+,8.452149,254,841,508
1864,+---+--+-+++---+--+----+++-++,8.329465,158,841,316
1865,++--+--+-+++---+--+----+++--+,9.702193,254,841,508
1866,+-+-+--+-+++---+--+----++++++,8.285433,230,841,460
1867,+++-+--+-+++---+--+----++++-+,10.066141,326,841,652
1868,+--++--+-+++---+--+----++--++,10.440307,318,841,636
1869,++-++--+-+++---+--+----++---+,8.388635,222,841,444
1870,+-+++--+-+++---+--+----++-+++,10.049876,230,841,460
1871,+++++--+-+++---+--+----++-+-+,9.106532,262,841,524
1872,+----+-+-+++---+--+------+-++,8.702888,214,841,428
1873,++---+-+-+++---+--+------+--+,9.068120,214,841,428
1874,+-+--+-+-+++---+--+------++++,9.508223,254,841,508
1875,+++--+-+-+++---+--+------++-+,9.285737,254,841,508
1876,+--+-+-+-+++---+--+--------++,7.320696,150,841,300
1877,++-+-+-+-+++---+--+---------+,10.277788,342,841,684
1878,+-++-+-+-+++---+--+-------+++,8.380181,222,841,444
1879,++++-+-+-+++---+--+-------+-+,10.715452,414,841,828
1880,+---++-+-+++---+--+-----++-++,9.009753,190,841,380
1881,++--++-+-+++---+--+-----++--+,11.186615,414,841,828
1882,+-+-++-+-+++---+--+-----+++++,8.795386,198,841,396
1883,+++-++-+-+++---+--+-----+++-+,8.676590,294,841,588
1884,+--+++-+-+++---+--+-----+--++,8.266543,190,841,380
1885,++-+++-+-+++---+--+-----+---+,10.201501,414,841,828
1886,+-++++-+-+++---+--+-----+-+++,9.812957,230,841,460
1887,++++++-+-+++---+--+-----+-+-+,11.052157,454,841,908
1888,+-----++-+++---+--+---++-+-++,8.158803,190,841,380
1889,++----++-+++---+--+---++-+--+,7.846787,158,841,316
1890,+-+---++-+++---+--+---++-++++,10.816654,358,841,716
1891,+++---++-+++---+--+---++-++-+,9.219544,198,841,396
1892,+--+--++-+++---+--+---++---++,11.180340,350,841,700
1893,++-+--++-+++---+--+---++----+,7.907953,190,841,380
1894,+-++--++-+++---+--+---++--+++,13.453624,614,841,1228
1895,++++--++-+++---+--+---++--+-+,10.816654,326,841,652
1896,+---+-++-+++---+--+---++++-++,8.717061,230,841,460
1897,++--+-++-+++---+--+---++++--+,8.920256,230,841,460
1898,+-+-+-++-+++---+--+---+++++++,9.558149,302,841,604
1899,+++-+-++-+++---+--+---+++++-+,8.534580,174,841,348
1900,+--++-++-+++---+--+---+++--++,10.049876,390,841,780
1901,++-++-++-+++---+--+---+++---+,8.185408,198,841,396
1902,+-+++-++-+++---+--+---+++-+++,11.180340,430,841,860
1903,+++++-++-+++---+--+---+++-+-+,8.920436,238,841,476
1904,+----+++-+++---+--+---+--+-++,8.549987,190,841,380
1905,++---+++-+++---+--+---+--+--+,8.400862,158,841,316
1906,+-+--+++-+++---+--+---+--++++,9.219544,294,841,588
1907,+++--+++-+++---+--+---+--++-+,9.219544,262,841,524
1908,+--+-+++-+++---+--+---+----++,9.185970,254,841,508
1909,++-+-+++-+++---+--+---+-----+,9.822998,286,841,572
1910,+-++-+++-+++---+--+---+---+++,10.816654,390,841,780
1911,++++-+++-+++---+--+---+---+-+,10.362285,422,841,844
1912,+---++++-+++---+--+---+-++-++,8.516012,262,841,524
1913,++--++++-+++---+--+---+-++--+,10.067832,326,841,652
1914,+-+-++++-+++---+--+---+-+++++,10.601317,334,841,668
1915,+++-++++-+++---+--+---+-+++-+,9.695779,270,841,540
1916,+--+++++-+++---+--+---+-+--++,9.700732,326,841,652
1917,++-+++++-+++---+--+---+-+---+,9.905655,390,841,780
1918,+-++++++-+++---+--+---+-+-+++,10.920596,430,841,860
1919,++++++++-+++---+--+---+-+-+-+,11.086132,494,841,988
1920,+-------++++---+--+-++-+-+-++,9.735356,286,841,572
1921,++------++++---+--+-++-+-+--+,10.978133,510,841,1020
1922,+-+-----++++---+--+-++-+-++++,10.213615,326,841,652
1923,+++-----++++---+--+-++-+-++-+,10.216714,422,841,844
1924,+--+----++++---+--+-++-+---++,10.191651,414,841,828
1925,++-+----++++---+--+-++-+----+,11.917717,638,841,1276
1926,+-++----++++---+--+-++-+--+++,10.620719,550,841,1100
1927,++++----++++---+--+-++-+--+-+,11.471595,646,841,1292
1928,+---+---++++---+--+-++-+++-++,8.601166,166,841,332
1929,++--+---++++---+--+-++-+++--+,10.126694,358,841,716
1930,+-+-+---++++---+--+-++-++++++,7.686901,110,841,220
1931,+++-+---++++---+--+-++-++++-+,8.186027,174,841,348
1932,+--++---++++---+--+-++-++--++,9.219544,294,841,588
1933,++-++---++++---+--+-++-++---+,8.998053,294,841,588
1934,+-+++---++++---+--+-++-++-+++,8.895254,206,841,412
1935,+++++---++++---+--+-++-++-+-+,8.498981,206,841,412
1936,+----+--++++---+--+-++---+-++,9.850332,382,841,764
1937,++---+--++++---+--+-++---+--+,10.159765,542,841,1084
1938,+-+--+--++++---+--+-++---++++,10.227112,422,841,844
1939,+++--+--++++---+--+-++---++-+,10.191230,454,841,908
1940,+--+-+--++++---+--+-++-----++,9.755774,414,841,828
1941,++-+-+--++++---+--+-++------+,10.759229,382,841,764
1942,+-++-+--++++---+--+-++----+++,10.629049,614,841,1228
1943,++++-+--++++---+--+-++----+-+,11.132413,454,841,908
1944,+---++--++++---+--+-++--++-++,10.335514,422,841,844
1945,++--++--++++---+--+-++--++--+,12.326161,742,841,1484
1946,+-+-++--++++---+--+-++--+++++,9.418115,302,841,604
1947,+++-++--++++---+--+-++--+++-+,10.289279,366,841,732
1948,+--+++--++++---+--+-++--+--++,9.342752,326,841,652
1949,++-+++--++++---+--+-++--+---+,9.724814,262,841,524
1950,+-++++--++++---+--+-++--+-+++,9.689056,366,841,732
1951,++++++--++++---+--+-++--+-+-+,8.425832,174,841,348
1952,+-----+-++++---+--+-++++-+-++,9.518870,326,841,652
1953,++----+-++++---+--+-++++-+--+,11.184952,518,841,1036
1954,+-+---+-++++---+--+-++++-++++,7.571781,110,841,220
1955,+++---+-++++---+--+-++++-++-+,8.743727,174,841,348
1956,+--+--+-++++---+--+-++++---++,9.538993,390,841,780
1957,++-+--+-++++---+--+-++++----+,11.412424,582,841,1164
1958,+-++--+-++++---+--+-++++--+++,9.178772,270,841,540
1959,++++--+-++++---+--+-++++--+-+,9.993546,334,841,668
1960,+---+-+-++++---+--+-++++++-++,9.272591,238,841,476
1961,++--+-+-++++---+--+-++++++--+,9.222356,270,841,540
1962,+-+-+-+-++++---+--+-+++++++++,9.090813,310,841,620
1963,+++-+-+-++++---+--+-+++++++-+,9.000000,214,841,428
1964,+--++-+-++++---+--+-+++++--++,9.541876,238,841,476
1965,++-++-+-++++---+--+-+++++---+,8.752629,206,841,412
1966,+-+++-+-++++---+--+-+++++-+++,9.000000,278,841,556
1967,+++++-+-++++---+--+-+++++-+-+,9.000000,246,841,492
1968,+----++-++++---+--+-+++--+-++,9.313837,358,841,716
1969,++---++-++++---+--+-+++--+--+,9.502905,422,841,844
1970,+-+--++-++++---+--+-+++--++++,9.112894,206,841,412
1971,+++--++-++++---+--+-+++--++-+,9.637924,270,841,540
1972,+--+-++-++++---+--+-+++----++,9.979108,390,841,780
1973,++-+-++-++++---+--+-+++-----+,9.815589,262,841,524
1974,+-++-++-++++---+--+-+++---+++,9.300488,270,841,540
1975,++++-++-++++---+--+-+++---+-+,8.919235,142,841,284
1976,+---+++-++++---+--+-+++-++-++,8.731750,302,841,604
1977,++--+++-++++---+--+-+++-++--+,10.755615,398,841,796
1978,+-+-+++-++++---+--+-+++-+++++,9.472144,374,841,748
1979,+++-+++-++++---+--+-+++-+++-+,9.381375,342,841,684
1980,+--++++-++++---+--+-+++-+--++,10.093840,270,841,540
1981,++-++++-++++---+--+-+++-+---+,7.813672,110,841,220
1982,+-+++++-++++---+--+-+++-+-+++,9.308638,374,841,748
1983,+++++++-++++---+--+-+++-+-+-+,9.000000,214,841,428
1984,+------+++++---+--+-+--+-+-++,10.350106,414,841,828
1985,++-----+++++---+--+-+--+-+--+,9.738779,382,841,764
1986,+-+----+++++---+--+-+--+-++++,11.272874,518,841,1036
1987,+++----+++++---+--+-+--+-++-+,10.970344,486,841,972
1988,+--+---+++++---+--+-+--+---++,10.440307,350,841,700
1989,++-+---+++++---+--+-+--+----+,10.195753,318,841,636
1990,+-++---+++++---+--+-+--+--+++,10.216765,422,841,844
1991,++++---+++++---+--+-+--+--+-+,10.201941,390,841,780
1992,+---+--+++++---+--+-+--+++-++,9.219544,262,841,524
1993,++--+--+++++---+--+-+--+++--+,9.478234,262,841,524
1994,+-+-+--+++++---+--+-+--++++++,9.021593,270,841,540
1995,+++-+--+++++---+--+-+--++++-+,9.960801,270,841,540
1996,+--++--+++++---+--+-+--++--++,12.206556,390,841,780
1997,++-++--+++++---+--+-+--++---+,9.219544,198,841,396
1998,+-+++--+++++---+--+-+--++-+++,10.440307,238,841,476
1999,+++++--+++++---+--+-+--++-+-+,8.264661,174,841,348
2000,+----+-+++++---+--+-+----+-++,11.163083,478,841,956
2001,++---+-+++++---+--+-+----+--+,9.886581,382,841,764
2002,+-+--+-+++++---+--+-+----++++,11.385666,518,841,1036
2003,+++--+-+++++---+--+-+----++-+,10.764438,422,841,844
2004,+--+-+-+++++---+--+-+------++,10.196344,318,841,636
2005,++-+-+-+++++---+--+-+-------+,9.742054,414,841,828
2006,+-++-+-+++++---+--+-+-----+++,10.238033,390,841,780
2007,++++-+-+++++---+--+-+-----+-+,10.187753,486,841,972
2008,+---++-+++++---+--+-+---++-++,9.223320,294,841,588
2009,++--++-+++++---+--+-+---++--+,11.231357,422,841,844
2010,+-+-++-+++++---+--+-+---+++++,9.192003,302,841,604
2011,+++-++-+++++---+--+-+---+++-+,8.728118,302,841,604
2012,+--+++-+++++---+--+-+---+--++,9.219544,198,841,396
2013,++-+++-+++++---+--+-+---+---+,9.638170,326,841,652
2014,+-++++-+++++---+--+-+---+-+++,9.532024,238,841,476
2015,++++++-+++++---+--+-+---+-+-+,10.227426,366,841,732
2016,+-----++++++---+--+-+-++-+-++,9.157635,358,841,716
2017,++----++++++---+--+-+-++-+--+,9.726601,358,841,716
2018,+-+---++++++---+--+-+-++-++++,8.749585,270,841,540
2019,+++---++++++---+--+-+-++-++-+,7.970641,142,841,284
2020,+--+--++++++---+--+-+-++---++,10.049876,294,841,588
2021,++-+--++++++---+--+-+-++----+,9.748616,294,841,588
2022,+-++--++++++---+--+-+-++--+++,11.180340,302,841,604
2023,++++--++++++---+--+-+-++--+-+,7.944844,174,841,348
2024,+---+-++++++---+--+-+-++++-++,10.025971,302,841,604
2025,++--+-++++++---+--+-+-++++--+,8.185423,206,841,412
2026,+-+-+-++++++---+--+-+-+++++++,10.732993,502,841,1004
2027,+++-+-++++++---+--+-+-+++++-+,9.047557,278,841,556
2028,+--++-++++++---+--+-+-+++--++,10.440307,238,841,476
2029,++-++-++++++---+--+-+-+++---+,7.139054,78,841,156
2030,+-+++-++++++---+--+-+-+++-+++,10.049876,406,841,812
2031,+++++-++++++---+--+-+-+++-+-+,9.000000,246,841,492
2032,+----+++++++---+--+-+-+--+-++,10.224998,358,841,716
2033,++---+++++++---+--+-+-+--+--+,9.069511,230,841,460
2034,+-+--+++++++---+--+-+-+--++++,9.354558,270,841,540
2035,+++--+++++++---+--+-+-+--++-+,8.036960,142,841,284
2036,+--+-+++++++---+--+-+-+----++,9.776826,262,841,524
2037,++-+-+++++++---+--+-+-+-----+,9.536062,326,841,652
2038,+-++-+++++++---+--+-+-+---+++,8.629525,206,841,412
2039,++++-+++++++---+--+-+-+---+-+,9.726095,270,841,540
2040,+---++++++++---+--+-+-+-++-++,9.407908,270,841,540
2041,++--++++++++---+--+-+-+-++--+,9.822022,238,841,476
2042,+-+-++++++++---+--+-+-+-+++++,11.300916,534,841,1068
2043,+++-++++++++---+--+-+-+-+++-+,9.821901,374,841,748
2044,+--+++++++++---+--+-+-+-+--++,8.399043,174,841,348
2045,++-+++++++++---+--+-+-+-+---+,9.542411,270,841,540
2046,+-++++++++++---+--+-+-+-+-+++,11.045975,470,841,940
2047,++++++++++++---+--+-+-+-+-+-+,10.460495,566,841,1132
2048,+-----------+--+++-+-+-+-+-++,10.631709,470,841,940
2049,++----------+--+++-+-+-+-+--+,9.126275,278,841,556
2050,+-+---------+--+++-+-+-+-++++,11.047322,446,841,892
2051,+++---------+--+++-+-+-+-++-+,8.642531,254,841,508
2052,+--+--------+--+++-+-+-+---++,9.219544,246,841,492
2053,++-+--------+--+++-+-+-+----+,10.968102,438,841,876
2054,+-++--------+--+++-+-+-+--+++,8.892732,190,841,380
2055,++++--------+--+++-+-+-+--+-+,10.539147,382,841,764
2056,+---+-------+--+++-+-+-+++-++,11.180340,542,841,1084
2057,++--+-------+--+++-+-+-+++--+,11.180340,318,841,636
2058,+-+-+-------+--+++-+-+-++++++,11.308512,550,841,1100
2059,+++-+-------+--+++-+-+-++++-+,9.811092,326,841,652
2060,+--++-------+--+++-+-+-++--++,12.529964,446,841,892
2061,++-++-------+--+++-+-+-++---+,11.180340,414,841,828
2062,+-+++-------+--+++-+-+-++-+++,9.219544,294,841,588
2063,+++++-------+--+++-+-+-++-+-+,9.084904,390,841,780
2064,+----+------+--+++-+-+---+-++,7.477478,150,841,300
2065,++---+------+--+++-+-+---+--+,9.219544,278,841,556
2066,+-+--+------+--+++-+-+---++++,8.662051,190,841,380
2067,+++--+------+--+++-+-+---++-+,9.437601,318,841,636
2068,+--+-+------+--+++-+-+-----++,9.103457,278,841,556
2069,++-+-+------+--+++-+-+------+,11.754105,598,841,1196
2070,+-++-+------+--+++-+-+----+++,10.702443,350,841,700
2071,++++-+------+--+++-+-+----+-+,12.164152,670,841,1340
2072,+---++------+--+++-+-+--++-++,11.180340,254,841,508
2073,++--++------+--+++-+-+--++--+,12.529964,414,841,828
2074,+-+-++------+--+++-+-+--+++++,9.439765,262,841,524
2075,+++-++------+--+++-+-+--+++-+,9.219544,294,841,588
2076,+--+++------+--+++-+-+--+--++,11.180340,382,841,764
2077,++-+++------+--+++-+-+--+---+,11.180340,542,841,1084
2078,+-++++------+--+++-+-+--+-+++,10.943738,422,841,844
2079,++++++------+--+++-+-+--+-+-+,11.276926,582,841,1164
2080,+-----+-----+--+++-+-+++-+-++,10.328960,478,841,956
2081,++----+-----+--+++-+-+++-+--+,9.267447,318,841,636
2082,+-+---+-----+--+++-+-+++-++++,10.753240,518,841,1036
2083,+++---+-----+--+++-+-+++-++-+,9.199718,358,841,716
2084,+--+--+-----+--+++-+-+++---++,9.616537,254,841,508
2085,++-+--+-----+--+++-+-+++----+,9.279846,350,841,700
2086,+-++--+-----+--+++-+-+++--+++,9.180099,262,841,524
2087,++++--+-----+--+++-+-+++--+-+,9.088216,358,841,716
2088,+---+-+-----+--+++-+-+++++-++,10.404371,454,841,908
2089,++--+-+-----+--+++-+-+++++--+,8.849057,262,841,524
2090,+-+-+-+-----+--+++-+-++++++++,11.229908,526,841,1052
2091,+++-+-+-----+--+++-+-++++++-+,10.675057,334,841,668
2092,+--++-+-----+--+++-+-++++--++,9.805783,294,841,588
2093,++-++-+-----+--+++-+-++++---+,9.059762,294,841,588
2094,+-+++-+-----+--+++-+-++++-+++,9.249196,206,841,412
2095,+++++-+-----+--+++-+-++++-+-+,10.260612,334,841,668
2096,+----++-----+--+++-+-++--+-++,10.589454,350,841,700
2097,++---++-----+--+++-+-++--+--+,9.563395,318,841,636
2098,+-+--++-----+--+++-+-++--++++,10.517593,390,841,780
2099,+++--++-----+--+++-+-++--++-+,10.957758,486,841,972
2100,+--+-++-----+--+++-+-++----++,10.690516,414,841,828
2101,++-+-++-----+--+++-+-++-----+,10.045746,446,841,892
2102,+-++-++-----+--+++-+-++---+++,9.549248,358,841,716
2103,++++-++-----+--+++-+-++---+-+,10.198407,518,841,1036
2104,+---+++-----+--+++-+-++-++-++,9.519958,230,841,460
2105,++--+++-----+--+++-+-++-++--+,9.219544,230,841,460
2106,+-+-+++-----+--+++-+-++-+++++,8.364287,238,841,476
2107,+++-+++-----+--+++-+-++-+++-+,8.685179,238,841,476
2108,+--++++-----+--+++-+-++-+--++,10.427783,358,841,716
2109,++-++++-----+--+++-+-++-+---+,9.691973,358,841,716
2110,+-+++++-----+--+++-+-++-+-+++,9.237876,270,841,540
2111,+++++++-----+--+++-+-++-+-+-+,9.692930,398,841,796
2112,+------+----+--+++-+---+-+-++,9.219544,214,841,428
2113,++-----+----+--+++-+---+-+--+,7.839254,150,841,300
2114,+-+----+----+--+++-+---+-++++,7.991343,190,841,380
2115,+++----+----+--+++-+---+-++-+,8.176679,126,841,252
2116,+--+---+----+--+++-+---+---++,12.206556,374,841,748
2117,++-+---+----+--+++-+---+----+,9.421544,310,841,620
2118,+-++---+----+--+++-+---+--+++,10.440307,318,841,636
2119,++++---+----+--+++-+---+--+-+,9.913960,254,841,508
2120,+---+--+----+--+++-+---+++-++,12.529964,446,841,892
2121,++--+--+----+--+++-+---+++--+,11.180340,286,841,572
2122,+-+-+--+----+--+++-+---++++++,9.219544,326,841,652
2123,+++-+--+----+--+++-+---++++-+,8.263399,166,841,332
2124,+--++--+----+--+++-+---++--++,14.866069,798,841,1596
2125,++-++--+----+--+++-+---++---+,12.529964,446,841,892
2126,+-+++--+----+--+++-+---++-+++,12.206556,518,841,1036
2127,+++++--+----+--+++-+---++-+-+,9.256432,294,841,588
2128,+----+-+----+--+++-+-----+-++,9.483283,246,841,492
2129,++---+-+----+--+++-+-----+--+,8.018770,118,841,236
2130,+-+--+-+----+--+++-+-----++++,9.330488,350,841,700
2131,+++--+-+----+--+++-+-----++-+,9.361217,222,841,444
2132,+--+-+-+----+--+++-+-------++,9.238182,374,841,748
2133,++-+-+-+----+--+++-+--------+,10.748714,438,841,876
2134,+-++-+-+----+--+++-+------+++,11.206979,510,841,1020
2135,++++-+-+----+--+++-+------+-+,11.862023,574,841,1148
2136,+---++-+----+--+++-+----++-++,11.180340,446,841,892
2137,++--++-+----+--+++-+----++--+,11.180340,286,841,572
2138,+-+-++-+----+--+++-+----+++++,10.923317,518,841,1036
2139,+++-++-+----+--+++-+----+++-+,9.584462,230,841,460
2140,+--+++-+----+--+++-+----+--++,12.529964,638,841,1276
2141,++-+++-+----+--+++-+----+---+,11.180340,478,841,956
2142,+-++++-+----+--+++-+----+-+++,12.056094,742,841,1484
2143,++++++-+----+--+++-+----+-+-+,11.556062,582,841,1164
2144,+-----++----+--+++-+--++-+-++,9.385874,254,841,508
2145,++----++----+--+++-+--++-+--+,10.571747,414,841,828
2146,+-+---++----+--+++-+--++-++++,9.195887,230,841,460
2147,+++---++----+--+++-+--++-++-+,9.298450,262,841,524
2148,+--+--++----+--+++-+--++---++,10.440307,350,841,700
2149,++-+--++----+--+++-+--++----+,10.401241,382,841,764
2150,+-++--++----+--+++-+--++--+++,10.265094,422,841,844
2151,++++--++----+--+++-+--++--+-+,10.099986,326,841,652
2152,+---+-++----+--+++-+--++++-++,9.219544,326,841,652
2153,++--+-++----+--+++-+--++++--+,10.388356,390,841,780
2154,+-+-+-++----+--+++-+--+++++++,8.209088,206,841,412
2155,+++-+-++----+--+++-+--+++++-+,8.041601,142,841,284
2156,+--++-++----+--+++-+--+++--++,12.206556,422,841,844
2157,++-++-++----+--+++-+--+++---+,9.455318,294,841,588
2158,+-+++-++----+--+++-+--+++-+++,10.440307,270,841,540
2159,+++++-++----+--+++-+--+++-+-+,7.709424,142,841,284
2160,+----+++----+--+++-+--+--+-++,9.367113,350,841,700
2161,++---+++----+--+++-+--+--+--+,9.550080,254,841,508
2162,+-+--+++----+--+++-+--+--++++,9.383708,390,841,780
2163,+++--+++----+--+++-+--+--++-+,9.612539,294,841,588
2164,+--+-+++----+--+++-+--+----++,9.306827,350,841,700
2165,++-+-+++----+--+++-+--+-----+,9.397540,318,841,636
2166,+-++-+++----+--+++-+--+---+++,9.851936,422,841,844
2167,++++-+++----+--+++-+--+---+-+,9.799953,390,841,780
2168,+---++++----+--+++-+--+-++-++,9.805396,390,841,780
2169,++--++++----+--+++-+--+-++--+,9.793810,262,841,524
2170,+-+-++++----+--+++-+--+-+++++,10.682138,398,841,796
2171,+++-++++----+--+++-+--+-+++-+,7.906482,142,841,284
2172,+--+++++----+--+++-+--+-+--++,9.326101,390,841,780
2173,++-+++++----+--+++-+--+-+---+,8.892391,262,841,524
2174,+-++++++----+--+++-+--+-+-+++,10.922774,430,841,860
2175,++++++++----+--+++-+--+-+-+-+,9.674561,302,841,604
2176,+-------+---+--+++-+++-+-+-++,11.180340,542,841,1084
2177,++------+---+--+++-+++-+-+--+,11.180340,382,841,764
2178,+-+-----+---+--+++-+++-+-++++,10.410061,326,841,652
2179,+++-----+---+--+++-+++-+-++-+,8.430542,166,841,332
2180,+--+----+---+--+++-+++-+---++,12.529964,414,841,828
2181,++-+----+---+--+++-+++-+----+,11.180340,510,841,1020
2182,+-++----+---+--+++-+++-+--+++,9.219544,166,841,332
2183,++++----+---+--+++-+++-+--+-+,9.258072,262,841,524
2184,+---+---+---+--+++-+++-+++-++,15.132746,1222,841,2444
2185,++--+---+---+--+++-+++-+++--+,15.132746,1030,841,2060
2186,+-+-+---+---+--+++-+++-++++++,11.180340,654,841,1308
2187,+++-+---+---+--+++-+++-++++-+,11.180340,462,841,924
2188,+--++---+---+--+++-+++-++--++,16.155494,1222,841,2444
2189,++-++---+---+--+++-+++-++---+,15.132746,1094,841,2188
2190,+-+++---+---+--+++-+++-++-+++,12.529964,494,841,988
2191,+++++---+---+--+++-+++-++-+-+,11.180340,494,841,988
2192,+----+--+---+--+++-+++---+-++,11.180340,286,841,572
2193,++---+--+---+--+++-+++---+--+,12.529964,446,841,892
2194,+-+--+--+---+--+++-+++---++++,7.280110,70,841,140
2195,+++--+--+---+--+++-+++---++-+,9.219544,230,841,460
2196,+--+-+--+---+--+++-+++-----++,11.180340,318,841,636
2197,++-+-+--+---+--+++-+++------+,11.180340,542,841,1084
2198,+-++-+--+---+--+++-+++----+++,8.318209,134,841,268
2199,++++-+--+---+--+++-+++----+-+,10.506328,358,841,716
2200,+---++--+---+--+++-+++--++-++,15.132746,934,841,1868
2201,++--++--+---+--+++-+++--++--+,16.155494,1254,841,2508
2202,+-+-++--+---+--+++-+++--+++++,11.180340,302,841,604
2203,+++-++--+---+--+++-+++--+++-+,12.529964,494,841,988
2204,+--+++--+---+--+++-+++--+--++,15.132746,966,841,1932
2205,++-+++--+---+--+++-+++--+---+,15.132746,1158,841,2316
2206,+-++++--+---+--+++-+++--+-+++,11.180340,366,841,732
2207,++++++--+---+--+++-+++--+-+-+,11.180340,558,841,1116
2208,+-----+-+---+--+++-+++++-+-++,10.204597,326,841,652
2209,++----+-+---+--+++-+++++-+--+,8.538233,198,841,396
2210,+-+---+-+---+--+++-+++++-++++,10.278877,366,841,732
2211,+++---+-+---+--+++-+++++-++-+,8.887065,238,841,476
2212,+--+--+-+---+--+++-+++++---++,9.219544,134,841,268
2213,++-+--+-+---+--+++-+++++----+,8.961263,262,841,524
2214,+-++--+-+---+--+++-+++++--+++,7.968355,142,841,284
2215,++++--+-+---+--+++-+++++--+-+,9.127858,270,841,540
2216,+---+-+-+---+--+++-+++++++-++,11.180340,526,841,1052
2217,++--+-+-+---+--+++-+++++++--+,11.180340,366,841,732
2218,+-+-+-+-+---+--+++-++++++++++,10.602748,598,841,1196
2219,+++-+-+-+---+--+++-++++++++-+,10.679830,438,841,876
2220,+--++-+-+---+--+++-++++++--++,12.529964,398,841,796
2221,++-++-+-+---+--+++-++++++---+,11.180340,430,841,860
2222,+-+++-+-+---+--+++-++++++-+++,9.219544,310,841,620
2223,+++++-+-+---+--+++-++++++-+-+,10.852412,470,841,940
2224,+----++-+---+--+++-++++--+-++,8.442685,198,841,396
2225,++---++-+---+--+++-++++--+--+,9.219544,198,841,396
2226,+-+--++-+---+--+++-++++--++++,8.747316,174,841,348
2227,+++--++-+---+--+++-++++--++-+,10.071847,302,841,604
2228,+--+-++-+---+--+++-++++----++,8.357697,230,841,460
2229,++-+-++-+---+--+++-++++-----+,9.695026,294,841,588
2230,+-++-++-+---+--+++-++++---+++,7.327876,110,841,220
2231,++++-++-+---+--+++-++++---+-+,9.691898,302,841,604
2232,+---+++-+---+--+++-++++-++-++,11.180340,238,841,476
2233,++--+++-+---+--+++-++++-++--+,12.529964,398,841,796
2234,+-+-+++-+---+--+++-++++-+++++,9.000000,182,841,364
2235,+++-+++-+---+--+++-++++-+++-+,9.219544,342,841,684
2236,+--++++-+---+--+++-++++-+--++,11.180340,334,841,668
2237,++-++++-+---+--+++-++++-+---+,11.180340,494,841,988
2238,+-+++++-+---+--+++-++++-+-+++,9.000000,182,841,364
2239,+++++++-+---+--+++-++++-+-+-+,10.370394,470,841,940
2240,+------++---+--+++-++--+-+-++,12.529964,542,841,1084
2241,++-----++---+--+++-++--+-+--+,11.180340,318,841,636
2242,+-+----++---+--+++-++--+-++++,9.219544,262,841,524
2243,+++----++---+--+++-++--+-++-+,8.399055,166,841,332
2244,+--+---++---+--+++-++--+---++,14.866069,862,841,1724
2245,++-+---++---+--+++-++--+----+,12.529964,510,841,1020
2246,+-++---++---+--+++-++--+--+++,12.206556,422,841,844
2247,++++---++---+--+++-++--+--+-+,9.219544,198,841,396
2248,+---+--++---+--+++-++--+++-++,16.155494,1318,841,2636
2249,++--+--++---+--+++-++--+++--+,15.132746,998,841,1996
2250,+-+-+--++---+--+++-++--++++++,12.529964,558,841,1116
2251,+++-+--++---+--+++-++--++++-+,11.180340,366,841,732
2252,+--++--++---+--+++-++--++--++,18.027756,1958,841,3916
2253,++-++--++---+--+++-++--++---+,16.155494,1318,841,2636
2254,+-+++--++---+--+++-++--++-+++,14.866069,910,841,1820
2255,+++++--++---+--+++-++--++-+-+,12.529964,526,841,1052
2256,+----+-++---+--+++-++----+-++,11.180340,574,841,1148
2257,++---+-++---+--+++-++----+--+,11.180340,286,841,572
2258,+-+--+-++---+--+++-++----++++,10.123150,358,841,716
2259,+++--+-++---+--+++-++----++-+,7.999322,198,841,396
2260,+--+-+-++---+--+++-++------++,12.529964,670,841,1340
2261,++-+-+-++---+--+++-++-------+,11.180340,446,841,892
2262,+-++-+-++---+--+++-++-----+++,9.231548,358,841,716
2263,++++-+-++---+--+++-++-----+-+,9.849900,262,841,524
2264,+---++-++---+--+++-++---++-++,15.132746,1126,841,2252
2265,++--++-++---+--+++-++---++--+,15.132746,934,841,1868
2266,+-+-++-++---+--+++-++---+++++,11.180340,494,841,988
2267,+++-++-++---+--+++-++---+++-+,11.180340,302,841,604
2268,+--+++-++---+--+++-++---+--++,16.155494,1414,841,2828
2269,++-+++-++---+--+++-++---+---+,15.132746,1094,841,2188
2270,+-++++-++---+--+++-++---+-+++,12.529964,686,841,1372
2271,++++++-++---+--+++-++---+-+-+,11.180340,494,841,988
2272,+-----+++---+--+++-++-++-+-++,9.219544,230,841,460
2273,++----+++---+--+++-++-++-+--+,9.379019,230,841,460
2274,+-+---+++---+--+++-++-++-++++,7.836438,142,841,284
2275,+++---+++---+--+++-++-++-++-+,7.370135,142,841,284
2276,+--+--+++---+--+++-++-++---++,12.206556,422,841,844
2277,++-+--+++---+--+++-++-++----+,9.219544,294,841,588
2278,+-++--+++---+--+++-++-++--+++,10.440307,302,841,604
2279,++++--+++---+--+++-++-++--+-+,8.143031,174,841,348
2280,+---+-+++---+--+++-++-++++-++,12.529964,462,841,924
2281,++--+-+++---+--+++-++-++++--+,11.180340,366,841,732
2282,+-+-+-+++---+--+++-++-+++++++,9.219544,278,841,556
2283,+++-+-+++---+--+++-++-+++++-+,9.000000,182,841,364
2284,+--++-+++---+--+++-++-+++--++,14.866069,782,841,1564
2285,++-++-+++---+--+++-++-+++---+,12.529964,494,841,988
2286,+-+++-+++---+--+++-++-+++-+++,12.206556,438,841,876
2287,+++++-+++---+--+++-++-+++-+-+,9.219544,278,841,556
2288,+----++++---+--+++-++-+--+-++,10.346322,390,841,780
2289,++---++++---+--+++-++-+--+--+,7.569180,134,841,268
2290,+-+--++++---+--+++-++-+--++++,9.659922,302,841,604
2291,+++--++++---+--+++-++-+--++-+,8.937434,174,841,348
2292,+--+-++++---+--+++-++-+----++,10.100752,422,841,844
2293,++-+-++++---+--+++-++-+-----+,8.928586,230,841,460
2294,+-++-++++---+--+++-++-+---+++,9.078421,238,841,476
2295,++++-++++---+--+++-++-+---+-+,8.823756,174,841,348
2296,+---+++++---+--+++-++-+-++-++,11.180340,398,841,796
2297,++--+++++---+--+++-++-+-++--+,11.180340,238,841,476
2298,+-+-+++++---+--+++-++-+-+++++,9.442011,278,841,556
2299,+++-+++++---+--+++-++-+-+++-+,9.000000,118,841,236
2300,+--++++++---+--+++-++-+-+--++,12.529964,558,841,1116
2301,++-++++++---+--+++-++-+-+---+,11.180340,398,841,796
2302,+-+++++++---+--+++-++-+-+-+++,9.309617,342,841,684
2303,+++++++++---+--+++-++-+-+-+-+,9.000000,310,841,620
2304,+--------+--+--+++---+-+-+-++,8.432357,182,841,364
2305,++-------+--+--+++---+-+-+--+,9.219544,182,841,364
2306,+-+------+--+--+++---+-+-++++,8.581604,158,841,316
2307,+++------+--+--+++---+-+-++-+,8.154220,158,841,316
2308,+--+-----+--+--+++---+-+---++,9.540874,278,841,556
2309,++-+-----+--+--+++---+-+----+,9.050700,278,841,556
2310,+-++-----+--+--+++---+-+--+++,9.017293,222,841,444
2311,++++-----+--+--+++---+-+--+-+,9.048834,222,841,444
2312,+---+----+--+--+++---+-+++-++,11.180340,318,841,636
2313,++--+----+--+--+++---+-+++--+,12.529964,414,841,828
2314,+-+-+----+--+--+++---+-++++++,8.620360,198,841,396
2315,+++-+----+--+--+++---+-++++-+,9.219544,294,841,588
2316,+--++----+--+--+++---+-++--++,11.180340,542,841,1084
2317,++-++----+--+--+++---+-++---+,11.180340,446,841,892
2318,+-+++----+--+--+++---+-++-+++,9.147073,262,841,524
2319,+++++----+--+--+++---+-++-+-+,9.149158,294,841,588
2320,+----+---+--+--+++---+---+-++,9.219544,278,841,556
2321,++---+---+--+--+++---+---+--+,12.206556,406,841,812
2322,+-+--+---+--+--+++---+---++++,8.473706,190,841,380
2323,+++--+---+--+--+++---+---++-+,10.440307,318,841,636
2324,+--+-+---+--+--+++---+-----++,10.220879,342,841,684
2325,++-+-+---+--+--+++---+------+,9.219544,278,841,556
2326,+-++-+---+--+--+++---+----+++,8.999735,286,841,572
2327,++++-+---+--+--+++---+----+-+,9.838804,222,841,444
2328,+---++---+--+--+++---+--++-++,12.529964,510,841,1020
2329,++--++---+--+--+++---+--++--+,14.866069,798,841,1596
2330,+-+-++---+--+--+++---+--+++++,9.219544,262,841,524
2331,+++-++---+--+--+++---+--+++-+,12.206556,422,841,844
2332,+--+++---+--+--+++---+--+--++,11.180340,574,841,1148
2333,++-+++---+--+--+++---+--+---+,12.529964,478,841,956
2334,+-++++---+--+--+++---+--+-+++,9.546909,358,841,716
2335,++++++---+--+--+++---+--+-+-+,9.318923,262,841,524
2336,+-----+--+--+--+++---+++-+-++,10.257703,350,841,700
2337,++----+--+--+--+++---+++-+--+,9.858181,382,841,764
2338,+-+---+--+--+--+++---+++-++++,9.363910,262,841,524
2339,+++---+--+--+--+++---+++-++-+,9.364965,294,841,588
2340,+--+--+--+--+--+++---+++---++,11.018140,574,841,1148
2341,++-+--+--+--+--+++---+++----+,9.974345,478,841,956
2342,+-++--+--+--+--+++---+++--+++,9.072134,454,841,908
2343,++++--+--+--+--+++---+++--+-+,9.608890,358,841,716
2344,+---+-+--+--+--+++---+++++-++,10.058418,326,841,652
2345,++--+-+--+--+--+++---+++++--+,9.219544,326,841,652
2346,+-+-+-+--+--+--+++---++++++++,8.467655,142,841,284
2347,+++-+-+--+--+--+++---++++++-+,8.096209,142,841,284
2348,+--++-+--+--+--+++---++++--++,11.820449,614,841,1228
2349,++-++-+--+--+--+++---++++---+,9.543605,422,841,844
2350,+-+++-+--+--+--+++---++++-+++,9.557088,270,841,540
2351,+++++-+--+--+--+++---++++-+-+,8.882457,206,841,412
2352,+----++--+--+--+++---++--+-++,11.775424,574,841,1148
2353,++---++--+--+--+++---++--+--+,10.440307,542,841,1084
2354,+-+--++--+--+--+++---++--++++,11.203109,486,841,972
2355,+++--++--+--+--+++---++--++-+,11.191845,582,841,1164
2356,+--+-++--+--+--+++---++----++,12.245528,702,841,1404
2357,++-+-++--+--+--+++---++-----+,10.194683,350,841,700
2358,+-++-++--+--+--+++---++---+++,10.526552,518,841,1036
2359,++++-++--+--+--+++---++---+-+,9.747954,294,841,588
2360,+---+++--+--+--+++---++-++-++,11.008778,518,841,1036
2361,++--+++--+--+--+++---++-++--+,12.206556,518,841,1036
2362,+-+-+++--+--+--+++---++-+++++,9.420496,270,841,540
2363,+++-+++--+--+--+++---++-+++-+,10.440307,270,841,540
2364,+--++++--+--+--+++---++-+--++,12.369116,710,841,1420
2365,++-++++--+--+--+++---++-+---+,9.911440,326,841,652
2366,+-+++++--+--+--+++---++-+-+++,10.194260,366,841,732
2367,+++++++--+--+--+++---++-+-+-+,7.300445,110,841,220
2368,+------+-+--+--+++-----+-+-++,8.502270,214,841,428
2369,++-----+-+--+--+++-----+-+--+,10.093980,342,841,684
2370,+-+----+-+--+--+++-----+-++++,9.202182,254,841,508
2371,+++----+-+--+--+++-----+-++-+,10.344080,382,841,764
2372,+--+---+-+--+--+++-----+---++,9.219544,118,841,236
2373,++-+---+-+--+--+++-----+----+,9.308794,246,841,492
2374,+-++---+-+--+--+++-----+--+++,8.044553,126,841,252
2375,++++---+-+--+--+++-----+--+-+,8.994890,254,841,508
2376,+---+--+-+--+--+++-----+++-++,11.180340,318,841,636
2377,++--+--+-+--+--+++-----+++--+,11.180340,478,841,956
2378,+-+-+--+-+--+--+++-----++++++,8.422024,262,841,524
2379,+++-+--+-+--+--+++-----++++-+,10.439454,422,841,844
2380,+--++--+-+--+--+++-----++--++,12.529964,414,841,828
2381,++-++--+-+--+--+++-----++---+,11.180340,382,841,764
2382,+-+++--+-+--+--+++-----++-+++,9.219544,198,841,396
2383,+++++--+-+--+--+++-----++-+-+,9.386363,294,841,588
2384,+----+-+-+--+--+++-------+-++,9.545554,278,841,556
2385,++---+-+-+--+--+++-------+--+,9.219544,150,841,300
2386,+-+--+-+-+--+--+++-------++++,9.516958,318,841,636
2387,+++--+-+-+--+--+++-------++-+,8.356666,190,841,380
2388,+--+-+-+-+--+--+++---------++,7.663958,150,841,300
2389,++-+-+-+-+--+--+++----------+,8.738243,214,841,428
2390,+-++-+-+-+--+--+++--------+++,9.444934,222,841,444
2391,++++-+-+-+--+--+++--------+-+,9.791234,286,841,572
2392,+---++-+-+--+--+++------++-++,11.180340,414,841,828
2393,++--++-+-+--+--+++------++--+,12.529964,382,841,764
2394,+-+-++-+-+--+--+++------+++++,10.021154,422,841,844
2395,+++-++-+-+--+--+++------+++-+,9.219544,262,841,524
2396,+--+++-+-+--+--+++------+--++,11.180340,350,841,700
2397,++-+++-+-+--+--+++------+---+,11.180340,318,841,636
2398,+-++++-+-+--+--+++------+-+++,10.640626,390,841,780
2399,++++++-+-+--+--+++------+-+-+,9.840052,358,841,716
2400,+-----++-+--+--+++----++-+-++,9.221421,350,841,700
2401,++----++-+--+--+++----++-+--+,11.439093,702,841,1404
2402,+-+---++-+--+--+++----++-++++,9.064654,262,841,524
2403,+++---++-+--+--+++----++-++-+,10.107848,486,841,972
2404,+--+--++-+--+--+++----++---++,9.248086,318,841,636
2405,++-+--++-+--+--+++----++----+,10.646120,542,841,1084
2406,+-++--++-+--+--+++----++--+++,10.092559,326,841,652
2407,++++--++-+--+--+++----++--+-+,9.678275,422,841,844
2408,+---+-++-+--+--+++----++++-++,9.535809,358,841,716
2409,++--+-++-+--+--+++----++++--+,11.108289,614,841,1228
2410,+-+-+-++-+--+--+++----+++++++,8.694420,174,841,348
2411,+++-+-++-+--+--+++----+++++-+,10.014697,302,841,604
2412,+--++-++-+--+--+++----+++--++,9.590863,326,841,652
2413,++-++-++-+--+--+++----+++---+,9.530864,390,841,780
2414,+-+++-++-+--+--+++----+++-+++,7.109631,110,841,220
2415,+++++-++-+--+--+++----+++-+-+,8.998051,174,841,348
2416,+----+++-+--+--+++----+--+-++,9.808322,414,841,828
2417,++---+++-+--+--+++----+--+--+,9.215068,318,841,636
2418,+-+--+++-+--+--+++----+--++++,9.522828,390,841,780
2419,+++--+++-+--+--+++----+--++-+,9.725540,294,841,588
2420,+--+-+++-+--+--+++----+----++,9.978415,286,841,572
2421,++-+-+++-+--+--+++----+-----+,9.219121,254,841,508
2422,+-++-+++-+--+--+++----+---+++,9.015873,294,841,588
2423,++++-+++-+--+--+++----+---+-+,9.022018,262,841,524
2424,+---++++-+--+--+++----+-++-++,9.948573,454,841,908
2425,++--++++-+--+--+++----+-++--+,9.219544,326,841,652
2426,+-+-++++-+--+--+++----+-+++++,10.280047,398,841,796
2427,+++-++++-+--+--+++----+-+++-+,7.517137,142,841,284
2428,+--+++++-+--+--+++----+-+--++,9.987599,326,841,652
2429,++-+++++-+--+--+++----+-+---+,8.699625,198,841,396
2430,+-++++++-+--+--+++----+-+-+++,9.683229,302,841,604
2431,++++++++-+--+--+++----+-+-+-+,8.704510,174,841,348
2432,+-------++--+--+++--++-+-+-++,11.180340,286,841,572
2433,++------++--+--+++--++-+-+--+,12.529964,510,841,1020
2434,+-+-----++--+--+++--++-+-++++,7.578317,134,841,268
2435,+++-----++--+--+++--++-+-++-+,9.219544,230,841,460
2436,+--+----++--+--+++--++-+---++,11.180340,414,841,828
2437,++-+----++--+--+++--++-+----+,11.180340,510,841,1020
2438,+-++----++--+--+++--++-+--+++,10.338769,358,841,716
2439,++++----++--+--+++--++-+--+-+,10.162239,326,841,652
2440,+---+---++--+--+++--++-+++-++,15.132746,966,841,1932
2441,++--+---++--+--+++--++-+++--+,16.155494,1286,841,2572
2442,+-+-+---++--+--+++--++-++++++,11.180340,334,841,668
2443,+++-+---++--+--+++--++-++++-+,12.529964,526,841,1052
2444,+--++---++--+--+++--++-++--++,15.132746,1094,841,2188
2445,++-++---++--+--+++--++-++---+,15.132746,1094,841,2188
2446,+-+++---++--+--+++--++-++-+++,11.180340,430,841,860
2447,+++++---++--+--+++--++-++-+-+,11.180340,430,841,860
2448,+----+--++--+--+++--++---+-++,12.529964,510,841,1020
2449,++---+--++--+--+++--++---+--+,14.866069,862,841,1724
2450,+-+--+--++--+--+++--++---++++,9.219544,230,841,460
2451,+++--+--++--+--+++--++---++-+,12.206556,454,841,908
2452,+--+-+--++--+--+++--++-----++,11.180340,414,841,828
2453,++-+-+--++--+--+++--++------+,12.529964,446,841,892
2454,+-++-+--++--+--+++--++----+++,9.539670,294,841,588
2455,++++-+--++--+--+++--++----+-+,9.219544,198,841,396
2456,+---++--++--+--+++--++--++-++,16.155494,1350,841,2700
2457,++--++--++--+--+++--++--++--+,18.027756,1990,841,3980
2458,+-+-++--++--+--+++--++--+++++,12.529964,526,841,1052
2459,+++-++--++--+--+++--++--+++-+,14.866069,910,841,1820
2460,+--+++--++--+--+++--++--+--++,15.132746,1126,841,2252
2461,++-+++--++--+--+++--++--+---+,16.155494,1254,841,2508
2462,+-++++--++--+--+++--++--+-+++,11.180340,462,841,924
2463,++++++--++--+--+++--++--+-+-+,12.529964,462,841,924
2464,+-----+-++--+--+++--++++-+-++,8.415924,166,841,332
2465,++----+-++--+--+++--++++-+--+,10.792242,422,841,844
2466,+-+---+-++--+--+++--++++-++++,7.744280,142,841,284
2467,+++---+-++--+--+++--++++-++-+,9.414483,270,841,540
2468,+--+--+-++--+--+++--++++---++,9.153431,358,841,716
2469,++-+--+-++--+--+++--++++----+,11.302419,486,841,972
2470,+-++--+-++--+--+++--++++--+++,10.222599,430,841,860
2471,++++--+-++--+--+++--++++--+-+,11.018202,430,841,860
2472,+---+-+-++--+--+++--++++++-++,11.180340,302,841,604
2473,++--+-+-++--+--+++--++++++--+,12.529964,526,841,1052
2474,+-+-+-+-++--+--+++--+++++++++,9.000000,182,841,364
2475,+++-+-+-++--+--+++--+++++++-+,9.219544,278,841,556
2476,+--++-+-++--+--+++--+++++--++,11.180340,430,841,860
2477,++-++-+-++--+--+++--+++++---+,11.180340,462,841,924
2478,+-+++-+-++--+--+++--+++++-+++,9.002148,278,841,556
2479,+++++-+-++--+--+++--+++++-+-+,9.259813,310,841,620
2480,+----++-++--+--+++--+++--+-++,9.417974,326,841,652
2481,++---++-++--+--+++--+++--+--+,12.206556,518,841,1036
2482,+-+--++-++--+--+++--+++--++++,9.291339,238,841,476
2483,+++--++-++--+--+++--+++--++-+,10.440307,430,841,860
2484,+--+-++-++--+--+++--+++----++,9.897424,358,841,716
2485,++-+-++-++--+--+++--+++-----+,9.219544,230,841,460
2486,+-++-++-++--+--+++--+++---+++,8.898973,302,841,604
2487,++++-++-++--+--+++--+++---+-+,8.481696,174,841,348
2488,+---+++-++--+--+++--+++-++-++,12.529964,494,841,988
2489,++--+++-++--+--+++--+++-++--+,14.866069,846,841,1692
2490,+-+-+++-++--+--+++--+++-+++++,9.219544,246,841,492
2491,+++-+++-++--+--+++--+++-+++-+,12.206556,470,841,940
2492,+--++++-++--+--+++--+++-+--++,11.180340,462,841,924
2493,++-++++-++--+--+++--+++-+---+,12.529964,430,841,860
2494,+-+++++-++--+--+++--+++-+-+++,9.000000,246,841,492
2495,+++++++-++--+--+++--+++-+-+-+,9.219544,214,841,428
2496,+------+++--+--+++--+--+-+-++,11.180340,446,841,892
2497,++-----+++--+--+++--+--+-+--+,11.180340,606,841,1212
2498,+-+----+++--+--+++--+--+-++++,10.101391,294,841,588
2499,+++----+++--+--+++--+--+-++-+,10.396245,454,841,908
2500,+--+---+++--+--+++--+--+---++,12.529964,446,841,892
2501,++-+---+++--+--+++--+--+----+,11.180340,478,841,956
2502,+-++---+++--+--+++--+--+--+++,9.219544,262,841,524
2503,++++---+++--+--+++--+--+--+-+,9.527210,294,841,588
2504,+---+--+++--+--+++--+--+++-++,15.132746,1030,841,2060
2505,++--+--+++--+--+++--+--+++--+,15.132746,1222,841,2444
2506,+-+-+--+++--+--+++--+--++++++,11.180340,398,841,796
2507,+++-+--+++--+--+++--+--++++-+,11.180340,590,841,1180
2508,+--++--+++--+--+++--+--++--++,16.155494,1222,841,2444
2509,++-++--+++--+--+++--+--++---+,15.132746,1094,841,2188
2510,+-+++--+++--+--+++--+--++-+++,12.529964,430,841,860
2511,+++++--+++--+--+++--+--++-+-+,11.180340,430,841,860
2512,+----+-+++--+--+++--+----+-++,11.180340,574,841,1148
2513,++---+-+++--+--+++--+----+--+,12.529964,478,841,956
2514,+-+--+-+++--+--+++--+----++++,10.565765,358,841,716
2515,+++--+-+++--+--+++--+----++-+,9.219544,262,841,524
2516,+--+-+-+++--+--+++--+------++,11.180340,350,841,700
2517,++-+-+-+++--+--+++--+-------+,11.180340,318,841,636
2518,+-++-+-+++--+--+++--+-----+++,7.960860,166,841,332
2519,++++-+-+++--+--+++--+-----+-+,7.954006,134,841,268
2520,+---++-+++--+--+++--+---++-++,15.132746,1126,841,2252
2521,++--++-+++--+--+++--+---++--+,16.155494,1254,841,2508
2522,+-+-++-+++--+--+++--+---+++++,11.180340,494,841,988
2523,+++-++-+++--+--+++--+---+++-+,12.529964,494,841,988
2524,+--+++-+++--+--+++--+---+--++,15.132746,966,841,1932
2525,++-+++-+++--+--+++--+---+---+,15.132746,966,841,1932
2526,+-++++-+++--+--+++--+---+-+++,11.180340,366,841,732
2527,++++++-+++--+--+++--+---+-+-+,11.180340,366,841,732
2528,+-----++++--+--+++--+-++-+-++,9.041754,294,841,588
2529,++----++++--+--+++--+-++-+--+,11.918955,678,841,1356
2530,+-+---++++--+--+++--+-++-++++,8.748616,206,841,412
2531,+++---++++--+--+++--+-++-++-+,10.300085,462,841,924
2532,+--+--++++--+--+++--+-++---++,9.219544,294,841,588
2533,++-+--++++--+--+++--+-++----+,11.697993,550,841,1100
2534,+-++--++++--+--+++--+-++--+++,9.204430,302,841,604
2535,++++--++++--+--+++--+-++--+-+,10.739116,430,841,860
2536,+---+-++++--+--+++--+-++++-++,11.180340,398,841,796
2537,++--+-++++--+--+++--+-++++--+,11.253551,686,841,1372
2538,+-+-+-++++--+--+++--+-+++++++,9.000000,214,841,428
2539,+++-+-++++--+--+++--+-+++++-+,10.057030,374,841,748
2540,+--++-++++--+--+++--+-+++--++,12.529964,398,841,796
2541,++-++-++++--+--+++--+-+++---+,11.180340,494,841,988
2542,+-+++-++++--+--+++--+-+++-+++,9.219544,182,841,364
2543,+++++-++++--+--+++--+-+++-+-+,9.304924,278,841,556
2544,+----+++++--+--+++--+-+--+-++,10.069030,358,841,716
2545,++---+++++--+--+++--+-+--+--+,9.219544,294,841,588
2546,+-+--+++++--+--+++--+-+--++++,9.758596,270,841,540
2547,+++--+++++--+--+++--+-+--++-+,8.618673,206,841,412
2548,+--+-+++++--+--+++--+-+----++,8.988455,198,841,396
2549,++-+-+++++--+--+++--+-+-----+,9.000011,198,841,396
2550,+-++-+++++--+--+++--+-+---+++,7.808982,142,841,284
2551,++++-+++++--+--+++--+-+---+-+,7.992552,142,841,284
2552,+---++++++--+--+++--+-+-++-++,11.180340,430,841,860
2553,++--++++++--+--+++--+-+-++--+,12.529964,462,841,924
2554,+-+-++++++--+--+++--+-+-+++++,9.355119,310,841,620
2555,+++-++++++--+--+++--+-+-+++-+,9.219544,214,841,428
2556,+--+++++++--+--+++--+-+-+--++,11.180340,270,841,540
2557,++-+++++++--+--+++--+-+-+---+,11.180340,302,841,604
2558,+-++++++++--+--+++--+-+-+-+++,9.000000,182,841,364
2559,++++++++++--+--+++--+-+-+-+-+,9.000000,214,841,428
2560,+---------+-+--+++++-+-+-+-++,10.212219,414,841,828
2561,++--------+-+--+++++-+-+-+--+,9.902584,318,841,636
2562,+-+-------+-+--+++++-+-+-++++,10.252398,390,841,780
2563,+++-------+-+--+++++-+-+-++-+,8.529750,294,841,588
2564,+--+------+-+--+++++-+-+---++,8.596853,222,841,444
2565,++-+------+-+--+++++-+-+----+,11.334832,510,841,1020
2566,+-++------+-+--+++++-+-+--+++,8.295718,166,841,332
2567,++++------+-+--+++++-+-+--+-+,10.560798,454,841,908
2568,+---+-----+-+--+++++-+-+++-++,10.193212,358,841,716
2569,++--+-----+-+--+++++-+-+++--+,8.342319,230,841,460
2570,+-+-+-----+-+--+++++-+-++++++,10.331701,366,841,732
2571,+++-+-----+-+--+++++-+-++++-+,8.770914,238,841,476
2572,+--++-----+-+--+++++-+-++--++,9.655527,294,841,588
2573,++-++-----+-+--+++++-+-++---+,9.496894,358,841,716
2574,+-+++-----+-+--+++++-+-++-+++,7.555687,142,841,284
2575,+++++-----+-+--+++++-+-++-+-+,9.055053,334,841,668
2576,+----+----+-+--+++++-+---+-++,7.944125,158,841,316
2577,++---+----+-+--+++++-+---+--+,9.449574,254,841,508
2578,+-+--+----+-+--+++++-+---++++,8.105137,198,841,396
2579,+++--+----+-+--+++++-+---++-+,9.059012,294,841,588
2580,+--+-+----+-+--+++++-+-----++,8.956375,318,841,636
2581,++-+-+----+-+--+++++-+------+,11.806371,606,841,1212
2582,+-++-+----+-+--+++++-+----+++,9.988182,390,841,780
2583,++++-+----+-+--+++++-+----+-+,11.923754,678,841,1356
2584,+---++----+-+--+++++-+--++-++,8.185419,134,841,268
2585,++--++----+-+--+++++-+--++--+,9.219544,262,841,524
2586,+-+-++----+-+--+++++-+--+++++,7.897288,142,841,284
2587,+++-++----+-+--+++++-+--+++-+,7.912795,142,841,284
2588,+--+++----+-+--+++++-+--+--++,9.563721,294,841,588
2589,++-+++----+-+--+++++-+--+---+,10.433182,422,841,844
2590,+-++++----+-+--+++++-+--+-+++,9.858308,334,841,668
2591,++++++----+-+--+++++-+--+-+-+,10.860136,462,841,924
2592,+-----+---+-+--+++++-+++-+-++,10.302728,582,841,1164
2593,++----+---+-+--+++++-+++-+--+,10.099451,390,841,780
2594,+-+---+---+-+--+++++-+++-++++,10.193811,430,841,860
2595,+++---+---+-+--+++++-+++-++-+,8.703664,238,841,476
2596,+--+--+---+-+--+++++-+++---++,10.619580,390,841,780
2597,++-+--+---+-+--+++++-+++----+,10.000966,454,841,908
2598,+-++--+---+-+--+++++-+++--+++,8.675861,206,841,412
2599,++++--+---+-+--+++++-+++--+-+,9.010919,270,841,540
2600,+---+-+---+-+--+++++-+++++-++,10.390061,622,841,1244
2601,++--+-+---+-+--+++++-+++++--+,10.372819,398,841,796
2602,+-+-+-+---+-+--+++++-++++++++,10.236764,502,841,1004
2603,+++-+-+---+-+--+++++-++++++-+,9.506448,278,841,556
2604,+--++-+---+-+--+++++-++++--++,11.339677,494,841,988
2605,++-++-+---+-+--+++++-++++---+,10.249204,462,841,924
2606,+-+++-+---+-+--+++++-++++-+++,9.000000,214,841,428
2607,+++++-+---+-+--+++++-++++-+-+,9.583964,310,841,620
2608,+----++---+-+--+++++-++--+-++,11.098066,454,841,908
2609,++---++---+-+--+++++-++--+--+,10.059652,390,841,780
2610,+-+--++---+-+--+++++-++--++++,10.297622,302,841,604
2611,+++--++---+-+--+++++-++--++-+,10.214505,366,841,732
2612,+--+-++---+-+--+++++-++----++,11.501487,550,841,1100
2613,++-+-++---+-+--+++++-++-----+,10.186600,550,841,1100
2614,+-++-++---+-+--+++++-++---+++,9.675487,302,841,604
2615,++++-++---+-+--+++++-++---+-+,10.109778,430,841,860
2616,+---+++---+-+--+++++-++-++-++,10.674082,398,841,796
2617,++--+++---+-+--+++++-++-++--+,10.264453,366,841,732
2618,+-+-+++---+-+--+++++-++-+++++,9.000000,214,841,428
2619,+++-+++---+-+--+++++-++-+++-+,9.000000,182,841,364
2620,+--++++---+-+--+++++-++-+--++,11.686082,558,841,1116
2621,++-++++---+-+--+++++-++-+---+,10.348352,526,841,1052
2622,+-+++++---+-+--+++++-++-+-+++,9.000000,278,841,556
2623,+++++++---+-+--+++++-++-+-+-+,9.691603,374,841,748
2624,+------+--+-+--+++++---+-+-++,9.213790,222,841,444
2625,++-----+--+-+--+++++---+-+--+,8.756000,254,841,508
2626,+-+----+--+-+--+++++---+-++++,10.252792,326,841,652
2627,+++----+--+-+--+++++---+-++-+,10.402725,358,841,716
2628,+--+---+--+-+--+++++---+---++,10.440307,222,841,444
2629,++-+---+--+-+--+++++---+----+,9.603649,254,841,508
2630,+-++---+--+-+--+++++---+--+++,10.049876,294,841,588
2631,++++---+--+-+--+++++---+--+-+,9.560551,326,841,652
2632,+---+--+--+-+--+++++---+++-++,9.219544,198,841,396
2633,++--+--+--+-+--+++++---+++--+,9.562285,262,841,524
2634,+-+-+--+--+-+--+++++---++++++,8.537441,206,841,412
2635,+++-+--+--+-+--+++++---++++-+,9.954653,270,841,540
2636,+--++--+--+-+--+++++---++--++,12.206556,390,841,780
2637,++-++--+--+-+--+++++---++---+,9.219544,262,841,524
2638,+-+++--+--+-+--+++++---++-+++,10.440307,238,841,476
2639,+++++--+--+-+--+++++---++-+-+,8.654529,238,841,476
2640,+----+-+--+-+--+++++-----+-++,10.618885,382,841,764
2641,++---+-+--+-+--+++++-----+--+,8.117300,222,841,444
2642,+-+--+-+--+-+--+++++-----++++,10.454995,486,841,972
2643,+++--+-+--+-+--+++++-----++-+,9.575037,326,841,652
2644,+--+-+-+--+-+--+++++-------++,9.249101,350,841,700
2645,++-+-+-+--+-+--+++++--------+,10.580416,382,841,764
2646,+-++-+-+--+-+--+++++------+++,10.290088,486,841,972
2647,++++-+-+--+-+--+++++------+-+,11.369320,518,841,1036
2648,+---++-+--+-+--+++++----++-++,9.359355,326,841,652
2649,++--++-+--+-+--+++++----++--+,9.649125,262,841,524
2650,+-+-++-+--+-+--+++++----+++++,9.564045,398,841,796
2651,+++-++-+--+-+--+++++----+++-+,8.285502,206,841,412
2652,+--+++-+--+-+--+++++----+--++,9.222708,358,841,716
2653,++-+++-+--+-+--+++++----+---+,9.597669,294,841,588
2654,+-++++-+--+-+--+++++----+-+++,10.882581,462,841,924
2655,++++++-+--+-+--+++++----+-+-+,10.796509,398,841,796
2656,+-----++--+-+--+++++--++-+-++,10.147755,358,841,716
2657,++----++--+-+--+++++--++-+--+,11.422232,486,841,972
2658,+-+---++--+-+--+++++--++-++++,8.870563,270,841,540
2659,+++---++--+-+--+++++--++-++-+,9.465768,270,841,540
2660,+--+--++--+-+--+++++--++---++,10.049876,422,841,844
2661,++-+--++--+-+--+++++--++----+,10.977865,422,841,844
2662,+-++--++--+-+--+++++--++--+++,11.180340,430,841,860
2663,++++--++--+-+--+++++--++--+-+,9.952363,302,841,604
2664,+---+-++--+-+--+++++--++++-++,10.344748,366,841,732
2665,++--+-++--+-+--+++++--++++--+,11.669430,526,841,1052
2666,+-+-+-++--+-+--+++++--+++++++,9.000000,182,841,364
2667,+++-+-++--+-+--+++++--+++++-+,9.000000,214,841,428
2668,+--++-++--+-+--+++++--+++--++,10.440307,430,841,860
2669,++-++-++--+-+--+++++--+++---+,10.654208,398,841,796
2670,+-+++-++--+-+--+++++--+++-+++,10.049876,214,841,428
2671,+++++-++--+-+--+++++--+++-+-+,9.000000,182,841,364
2672,+----+++--+-+--+++++--+--+-++,10.152470,518,841,1036
2673,++---+++--+-+--+++++--+--+--+,10.577496,390,841,780
2674,+-+--+++--+-+--+++++--+--++++,9.638927,366,841,732
2675,+++--+++--+-+--+++++--+--++-+,8.786777,238,841,476
2676,+--+-+++--+-+--+++++--+----++,10.129017,486,841,972
2677,++-+-+++--+-+--+++++--+-----+,10.193309,422,841,844
2678,+-++-+++--+-+--+++++--+---+++,9.219578,366,841,732
2679,++++-+++--+-+--+++++--+---+-+,9.454470,302,841,604
2680,+---++++--+-+--+++++--+-++-++,10.247837,494,841,988
2681,++--++++--+-+--+++++--+-++--+,11.336973,462,841,924
2682,+-+-++++--+-+--+++++--+-+++++,9.553876,310,841,620
2683,+++-++++--+-+--+++++--+-+++-+,9.000000,150,841,300
2684,+--+++++--+-+--+++++--+-+--++,10.376833,462,841,924
2685,++-+++++--+-+--+++++--+-+---+,10.385429,430,841,860
2686,+-++++++--+-+--+++++--+-+-+++,9.877882,310,841,620
2687,++++++++--+-+--+++++--+-+-+-+,9.168596,278,841,556
2688,+-------+-+-+--+++++++-+-+-++,10.570013,550,841,1100
2689,++------+-+-+--+++++++-+-+--+,9.536511,358,841,716
2690,+-+-----+-+-+--+++++++-+-++++,10.248093,526,841,1052
2691,+++-----+-+-+--+++++++-+-++-+,9.712261,334,841,668
2692,+--+----+-+-+--+++++++-+---++,9.219544,262,841,524
2693,++-+----+-+-+--+++++++-+----+,10.306712,454,841,908
2694,+-++----+-+-+--+++++++-+--+++,9.547978,206,841,412
2695,++++----+-+-+--+++++++-+--+-+,9.751566,398,841,796
2696,+---+---+-+-+--+++++++-+++-++,11.180340,526,841,1052
2697,++--+---+-+-+--+++++++-+++--+,11.180340,302,841,604
2698,+-+-+---+-+-+--+++++++-++++++,10.230739,534,841,1068
2699,+++-+---+-+-+--+++++++-++++-+,9.000000,310,841,620
2700,+--++---+-+-+--+++++++-++--++,12.529964,366,841,732
2701,++-++---+-+-+--+++++++-++---+,11.180340,334,841,668
2702,+-+++---+-+-+--+++++++-++-+++,9.219544,214,841,428
2703,+++++---+-+-+--+++++++-++-+-+,9.022340,310,841,620
2704,+----+--+-+-+--+++++++---+-++,10.064126,294,841,588
2705,++---+--+-+-+--+++++++---+--+,9.219544,294,841,588
2706,+-+--+--+-+-+--+++++++---++++,10.014300,270,841,540
2707,+++--+--+-+-+--+++++++---++-+,9.634320,270,841,540
2708,+--+-+--+-+-+--+++++++-----++,9.112822,294,841,588
2709,++-+-+--+-+-+--+++++++------+,10.508115,486,841,972
2710,+-++-+--+-+-+--+++++++----+++,9.612875,302,841,604
2711,++++-+--+-+-+--+++++++----+-+,10.438573,494,841,988
2712,+---++--+-+-+--+++++++--++-++,11.180340,238,841,476
2713,++--++--+-+-+--+++++++--++--+,12.529964,398,841,796
2714,+-+-++--+-+-+--+++++++--+++++,9.000000,182,841,364
2715,+++-++--+-+-+--+++++++--+++-+,9.219544,214,841,428
2716,+--+++--+-+-+--+++++++--+--++,11.180340,238,841,476
2717,++-+++--+-+-+--+++++++--+---+,11.180340,398,841,796
2718,+-++++--+-+-+--+++++++--+-+++,9.000000,214,841,428
2719,++++++--+-+-+--+++++++--+-+-+,9.774398,374,841,748
2720,+-----+-+-+-+--+++++++++-+-++,10.833690,494,841,988
2721,++----+-+-+-+--+++++++++-+--+,8.744970,206,841,412
2722,+-+---+-+-+-+--+++++++++-++++,10.492598,534,841,1068
2723,+++---+-+-+-+--+++++++++-++-+,9.000000,246,841,492
2724,+--+--+-+-+-+--+++++++++---++,7.715465,142,841,284
2725,++-+--+-+-+-+--+++++++++----+,9.062770,238,841,476
2726,+-++--+-+-+-+--+++++++++--+++,9.000000,150,841,300
2727,++++--+-+-+-+--+++++++++--+-+,9.000000,246,841,492
2728,+---+-+-+-+-+--+++++++++++-++,10.913256,566,841,1132
2729,++--+-+-+-+-+--+++++++++++--+,9.000000,246,841,492
2730,+-+-+-+-+-+-+--++++++++++++++,13.000000,1022,841,2044
2731,+++-+-+-+-+-+--++++++++++++-+,13.000000,702,841,1404
2732,+--++-+-+-+-+--++++++++++--++,9.219544,278,841,556
2733,++-++-+-+-+-+--++++++++++---+,9.278937,278,841,556
2734,+-+++-+-+-+-+--++++++++++-+++,13.000000,574,841,1148
2735,+++++-+-+-+-+--++++++++++-+-+,13.000000,702,841,1404
2736,+----++-+-+-+--++++++++--+-++,9.518805,302,841,604
2737,++---++-+-+-+--++++++++--+--+,7.764120,142,841,284
2738,+-+--++-+-+-+--++++++++--++++,9.000000,278,841,556
2739,+++--++-+-+-+--++++++++--++-+,9.133861,246,841,492
2740,+--+-++-+-+-+--++++++++----++,9.412396,302,841,604
2741,++-+-++-+-+-+--++++++++-----+,9.697766,334,841,668
2742,+-++-++-+-+-+--++++++++---+++,9.000000,182,841,364
2743,++++-++-+-+-+--++++++++---+-+,9.692488,342,841,684
2744,+---+++-+-+-+--++++++++-++-++,9.000000,214,841,428
2745,++--+++-+-+-+--++++++++-++--+,9.219544,214,841,428
2746,+-+-+++-+-+-+--++++++++-+++++,13.000000,542,841,1084
2747,+++-+++-+-+-+--++++++++-+++-+,13.000000,542,841,1084
2748,+--++++-+-+-+--++++++++-+--++,9.000000,278,841,556
2749,++-++++-+-+-+--++++++++-+---+,10.160793,406,841,812
2750,+-+++++-+-+-+--++++++++-+-+++,13.000000,510,841,1020
2751,+++++++-+-+-+--++++++++-+-+-+,13.000000,766,841,1532
2752,+------++-+-+--++++++--+-+-++,11.136269,550,841,1100
2753,++-----++-+-+--++++++--+-+--+,9.465293,294,841,588
2754,+-+----++-+-+--++++++--+-++++,11.771421,590,841,1180
2755,+++----++-+-+--++++++--+-++-+,11.285389,462,841,924
2756,+--+---++-+-+--++++++--+---++,12.206556,518,841,1036
2757,++-+---++-+-+--++++++--+----+,9.219544,262,841,524
2758,+-++---++-+-+--++++++--+--+++,10.440307,398,841,796
2759,++++---++-+-+--++++++--+--+-+,9.678284,270,841,540
2760,+---+--++-+-+--++++++--+++-++,12.529964,494,841,988
2761,++--+--++-+-+--++++++--+++--+,11.180340,270,841,540
2762,+-+-+--++-+-+--++++++--++++++,9.532541,438,841,876
2763,+++-+--++-+-+--++++++--++++-+,10.090871,342,841,684
2764,+--++--++-+-+--++++++--++--++,14.866069,782,841,1564
2765,++-++--++-+-+--++++++--++---+,12.529964,366,841,732
2766,+-+++--++-+-+--++++++--++-+++,12.206556,438,841,876
2767,+++++--++-+-+--++++++--++-+-+,9.219544,278,841,556
2768,+----+-++-+-+--++++++----+-++,12.531455,774,841,1548
2769,++---+-++-+-+--++++++----+--+,10.167433,326,841,652
2770,+-+--+-++-+-+--++++++----++++,12.212219,750,841,1500
2771,+++--+-++-+-+--++++++----++-+,11.005358,430,841,860
2772,+--+-+-++-+-+--++++++------++,11.260843,646,841,1292
2773,++-+-+-++-+-+--++++++-------+,9.098858,390,841,780
2774,+-++-+-++-+-+--++++++-----+++,10.161266,526,841,1052
2775,++++-+-++-+-+--++++++-----+-+,9.624100,398,841,796
2776,+---++-++-+-+--++++++---++-++,11.180340,494,841,988
2777,++--++-++-+-+--++++++---++--+,11.180340,270,841,540
2778,+-+-++-++-+-+--++++++---+++++,9.879882,438,841,876
2779,+++-++-++-+-+--++++++---+++-+,9.000000,214,841,428
2780,+--+++-++-+-+--++++++---+--++,12.529964,558,841,1116
2781,++-+++-++-+-+--++++++---+---+,11.180340,334,841,668
2782,+-++++-++-+-+--++++++---+-+++,9.222198,406,841,812
2783,++++++-++-+-+--++++++---+-+-+,9.143190,310,841,620
2784,+-----+++-+-+--++++++-++-+-++,9.988523,334,841,668
2785,++----+++-+-+--++++++-++-+--+,8.385048,174,841,348
2786,+-+---+++-+-+--++++++-++-++++,9.780697,374,841,748
2787,+++---+++-+-+--++++++-++-++-+,9.000000,214,841,428
2788,+--+--+++-+-+--++++++-++---++,10.440307,302,841,604
2789,++-+--+++-+-+--++++++-++----+,8.029766,142,841,284
2790,+-++--+++-+-+--++++++-++--+++,10.049876,310,841,620
2791,++++--+++-+-+--++++++-++--+-+,9.000000,150,841,300
2792,+---+-+++-+-+--++++++-++++-++,9.219544,310,841,620
2793,++--+-+++-+-+--++++++-++++--+,9.000000,182,841,364
2794,+-+-+-+++-+-+--++++++-+++++++,13.000000,638,841,1276
2795,+++-+-+++-+-+--++++++-+++++-+,13.000000,510,841,1020
2796,+--++-+++-+-+--++++++-+++--++,12.206556,406,841,812
2797,++-++-+++-+-+--++++++-+++---+,9.219544,214,841,428
2798,+-+++-+++-+-+--++++++-+++-+++,13.000000,574,841,1148
2799,+++++-+++-+-+--++++++-+++-+-+,13.000000,510,841,1020
2800,+----++++-+-+--++++++-+--+-++,11.965630,622,841,1244
2801,++---++++-+-+--++++++-+--+--+,9.207649,206,841,412
2802,+-+--++++-+-+--++++++-+--++++,11.027328,534,841,1068
2803,+++--++++-+-+--++++++-+--++-+,9.000000,246,841,492
2804,+--+-++++-+-+--++++++-+----++,11.444090,558,841,1116
2805,++-+-++++-+-+--++++++-+-----+,9.271093,334,841,668
2806,+-++-++++-+-+--++++++-+---+++,9.630179,374,841,748
2807,++++-++++-+-+--++++++-+---+-+,9.000000,278,841,556
2808,+---+++++-+-+--++++++-+-++-++,9.986363,374,841,748
2809,++--+++++-+-+--++++++-+-++--+,9.000000,182,841,364
2810,+-+-+++++-+-+--++++++-+-+++++,13.000000,638,841,1276
2811,+++-+++++-+-+--++++++-+-+++-+,13.000000,446,841,892
2812,+--++++++-+-+--++++++-+-+--++,9.925335,438,841,876
2813,++-++++++-+-+--++++++-+-+---+,9.439994,374,841,748
2814,+-+++++++-+-+--++++++-+-+-+++,13.000000,606,841,1212
2815,+++++++++-+-+--++++++-+-+-+-+,13.000000,670,841,1340
2816,+--------++-+--++++--+-+-+-++,8.349054,190,841,380
2817,++-------++-+--++++--+-+-+--+,8.066073,158,841,316
2818,+-+------++-+--++++--+-+-++++,9.100511,230,841,460
2819,+++------++-+--++++--+-+-++-+,9.951908,326,841,652
2820,+--+-----++-+--++++--+-+---++,10.538113,382,841,764
2821,++-+-----++-+--++++--+-+----+,9.087937,350,841,700
2822,+-++-----++-+--++++--+-+--+++,9.056232,262,841,524
2823,++++-----++-+--++++--+-+--+-+,9.087875,358,841,716
2824,+---+----++-+--++++--+-+++-++,9.580395,262,841,524
2825,++--+----++-+--++++--+-+++--+,9.219544,326,841,652
2826,+-+-+----++-+--++++--+-++++++,8.198836,206,841,412
2827,+++-+----++-+--++++--+-++++-+,10.504575,398,841,796
2828,+--++----++-+--++++--+-++--++,12.045585,710,841,1420
2829,++-++----++-+--++++--+-++---+,10.917687,582,841,1164
2830,+-+++----++-+--++++--+-++-+++,9.948727,366,841,732
2831,+++++----++-+--++++--+-++-+-+,10.613129,494,841,988
2832,+----+---++-+--++++--+---+-++,9.631629,286,841,572
2833,++---+---++-+--++++--+---+--+,10.440307,254,841,508
2834,+-+--+---++-+--++++--+---++++,8.715676,262,841,524
2835,+++--+---++-+--++++--+---++-+,10.049876,358,841,716
2836,+--+-+---++-+--++++--+-----++,11.021821,446,841,892
2837,++-+-+---++-+--++++--+------+,9.002187,222,841,444
2838,+-++-+---++-+--++++--+----+++,9.326756,326,841,652
2839,++++-+---++-+--++++--+----+-+,9.373096,230,841,460
2840,+---++---++-+--++++--+--++-++,9.697300,326,841,652
2841,++--++---++-+--++++--+--++--+,12.206556,454,841,908
2842,+-+-++---++-+--++++--+--+++++,7.823603,142,841,284
2843,+++-++---++-+--++++--+--+++-+,10.440307,270,841,540
2844,+--+++---++-+--++++--+--+--++,11.807069,614,841,1228
2845,++-+++---++-+--++++--+--+---+,9.715528,358,841,716
2846,+-++++---++-+--++++--+--+-+++,9.644274,334,841,668
2847,++++++---++-+--++++--+--+-+-+,8.397165,206,841,412
2848,+-----+--++-+--++++--+++-+-++,11.094358,454,841,908
2849,++----+--++-+--++++--+++-+--+,10.050944,326,841,652
2850,+-+---+--++-+--++++--+++-++++,9.332834,238,841,476
2851,+++---+--++-+--++++--+++-++-+,8.916137,238,841,476
2852,+--+--+--++-+--++++--+++---++,12.134633,774,841,1548
2853,++-+--+--++-+--++++--+++----+,10.259719,518,841,1036
2854,+-++--+--++-+--++++--+++--+++,9.585002,398,841,796
2855,++++--+--++-+--++++--+++--+-+,8.881572,270,841,540
2856,+---+-+--++-+--++++--+++++-++,11.449084,558,841,1116
2857,++--+-+--++-+--++++--+++++--+,10.282861,398,841,796
2858,+-+-+-+--++-+--++++--++++++++,9.000000,246,841,492
2859,+++-+-+--++-+--++++--++++++-+,9.000000,214,841,428
2860,+--++-+--++-+--++++--++++--++,13.228971,1070,841,2140
2861,++-++-+--++-+--++++--++++---+,11.301190,718,841,1436
2862,+-+++-+--++-+--++++--++++-+++,10.565612,470,841,940
2863,+++++-+--++-+--++++--++++-+-+,9.630770,374,841,748
2864,+----++--++-+--++++--++--+-++,12.330057,742,841,1484
2865,++---++--++-+--++++--++--+--+,10.692676,550,841,1100
2866,+-+--++--++-+--++++--++--++++,11.208727,526,841,1052
2867,+++--++--++-+--++++--++--++-+,11.180340,590,841,1180
2868,+--+-++--++-+--++++--++----++,13.096978,966,841,1932
2869,++-+-++--++-+--++++--++-----+,10.974500,454,841,908
2870,+-++-++--++-+--++++--++---+++,11.034100,526,841,1052
2871,++++-++--++-+--++++--++---+-+,9.541837,270,841,540
2872,+---+++--++-+--++++--++-++-++,12.009451,686,841,1372
2873,++--+++--++-+--++++--++-++--+,10.440307,526,841,1052
2874,+-+-+++--++-+--++++--++-+++++,9.805625,310,841,620
2875,+++-+++--++-+--++++--++-+++-+,10.049876,278,841,556
2876,+--++++--++-+--++++--++-+--++,13.521187,1102,841,2204
2877,++-++++--++-+--++++--++-+---+,11.362728,558,841,1116
2878,+-+++++--++-+--++++--++-+-+++,10.973214,502,841,1004
2879,+++++++--++-+--++++--++-+-+-+,9.000000,214,841,428
2880,+------+-++-+--++++----+-+-++,9.994625,350,841,700
2881,++-----+-++-+--++++----+-+--+,10.344090,446,841,892
2882,+-+----+-++-+--++++----+-++++,11.412230,582,841,1164
2883,+++----+-++-+--++++----+-++-+,12.200146,806,841,1612
2884,+--+---+-++-+--++++----+---++,7.950675,158,841,316
2885,++-+---+-++-+--++++----+----+,9.088193,254,841,508
2886,+-++---+-++-+--++++----+--+++,8.978254,230,841,460
2887,++++---+-++-+--++++----+--+-+,10.038768,454,841,908
2888,+---+--+-++-+--++++----+++-++,8.698109,262,841,524
2889,++--+--+-++-+--++++----+++--+,10.464696,518,841,1036
2890,+-+-+--+-++-+--++++----++++++,10.171023,398,841,796
2891,+++-+--+-++-+--++++----++++-+,12.227635,782,841,1564
2892,+--++--+-++-+--++++----++--++,10.051491,390,841,780
2893,++-++--+-++-+--++++----++---+,10.138237,454,841,908
2894,+-+++--+-++-+--++++----++-+++,8.350150,238,841,476
2895,+++++--+-++-+--++++----++-+-+,11.144668,558,841,1116
2896,+----+-+-++-+--++++------+-++,10.848262,478,841,956
2897,++---+-+-++-+--++++------+--+,8.860955,190,841,380
2898,+-+--+-+-++-+--++++------++++,11.227747,582,841,1164
2899,+++--+-+-++-+--++++------++-+,10.792855,422,841,844
2900,+--+-+-+-++-+--++++--------++,8.683071,254,841,508
2901,++-+-+-+-++-+--++++---------+,8.020268,158,841,316
2902,+-++-+-+-++-+--++++-------+++,8.670199,262,841,524
2903,++++-+-+-++-+--++++-------+-+,9.086686,294,841,588
2904,+---++-+-++-+--++++-----++-++,9.436248,294,841,588
2905,++--++-+-++-+--++++-----++--+,9.219544,230,841,460
2906,+-+-++-+-++-+--++++-----+++++,9.476778,366,841,732
2907,+++-++-+-++-+--++++-----+++-+,9.974930,302,841,604
2908,+--+++-+-++-+--++++-----+--++,9.572892,262,841,524
2909,++-+++-+-++-+--++++-----+---+,8.418770,198,841,396
2910,+-++++-+-++-+--++++-----+-+++,9.219747,238,841,476
2911,++++++-+-++-+--++++-----+-+-+,8.702874,302,841,604
2912,+-----++-++-+--++++---++-+-++,10.020679,390,841,780
2913,++----++-++-+--++++---++-+--+,10.405187,582,841,1164
2914,+-+---++-++-+--++++---++-++++,9.439471,302,841,604
2915,+++---++-++-+--++++---++-++-+,10.344080,494,841,988
2916,+--+--++-++-+--++++---++---++,10.247880,390,841,780
2917,++-+--++-++-+--++++---++----+,10.203651,454,841,908
2918,+-++--++-++-+--++++---++--+++,9.289531,270,841,540
2919,++++--++-++-+--++++---++--+-+,9.345205,334,841,668
2920,+---+-++-++-+--++++---++++-++,10.303945,398,841,796
2921,++--+-++-++-+--++++---++++--+,10.497545,622,841,1244
2922,+-+-+-++-++-+--++++---+++++++,9.000000,214,841,428
2923,+++-+-++-++-+--++++---+++++-+,10.447489,438,841,876
2924,+--++-++-++-+--++++---+++--++,11.269409,526,841,1052
2925,++-++-++-++-+--++++---+++---+,10.212428,558,841,1116
2926,+-+++-++-++-+--++++---+++-+++,9.000000,182,841,364
2927,+++++-++-++-+--++++---+++-+-+,9.588690,342,841,684
2928,+----+++-++-+--++++---+--+-++,10.491550,582,841,1164
2929,++---+++-++-+--++++---+--+--+,10.004577,326,841,652
2930,+-+--+++-++-+--++++---+--++++,9.954096,430,841,860
2931,+++--+++-++-+--++++---+--++-+,9.064527,302,841,604
2932,+--+-+++-++-+--++++---+----++,10.913056,486,841,972
2933,++-+-+++-++-+--++++---+-----+,10.004483,294,841,588
2934,+-++-+++-++-+--++++---+---+++,8.885657,238,841,476
2935,++++-+++-++-+--++++---+---+-+,8.681529,174,841,348
2936,+---++++-++-+--++++---+-++-++,10.462677,494,841,988
2937,++--++++-++-+--++++---+-++--+,10.325805,334,841,668
2938,+-+-++++-++-+--++++---+-+++++,9.331193,310,841,620
2939,+++-++++-++-+--++++---+-+++-+,9.000000,150,841,300
2940,+--+++++-++-+--++++---+-+--++,11.427150,526,841,1052
2941,++-+++++-++-+--++++---+-+---+,10.276830,366,841,732
2942,+-++++++-++-+--++++---+-+-+++,9.000000,246,841,492
2943,++++++++-++-+--++++---+-+-+-+,9.000000,214,841,428
2944,+-------+++-+--++++-++-+-+-++,9.284422,230,841,460
2945,++------+++-+--++++-++-+-+--+,9.219544,294,841,588
2946,+-+-----+++-+--++++-++-+-++++,10.475673,334,841,668
2947,+++-----+++-+--++++-++-+-++-+,10.396317,398,841,796
2948,+--+----+++-+--++++-++-+---++,9.036582,262,841,524
2949,++-+----+++-+--++++-++-+----+,9.035600,326,841,652
2950,+-++----+++-+--++++-++-+--+++,9.500951,334,841,668
2951,++++----+++-+--++++-++-+--+-+,9.520349,398,841,796
2952,+---+---+++-+--++++-++-+++-++,11.180340,270,841,540
2953,++--+---+++-+--++++-++-+++--+,12.529964,430,841,860
2954,+-+-+---+++-+--++++-++-++++++,9.000000,278,841,556
2955,+++-+---+++-+--++++-++-++++-+,10.035314,438,841,876
2956,+--++---+++-+--++++-++-++--++,11.180340,430,841,860
2957,++-++---+++-+--++++-++-++---+,11.180340,398,841,796
2958,+-+++---+++-+--++++-++-++-+++,9.000000,278,841,556
2959,+++++---+++-+--++++-++-++-+-+,9.442689,374,841,748
2960,+----+--+++-+--++++-++---+-++,10.108924,390,841,780
2961,++---+--+++-+--++++-++---+--+,12.206556,454,841,908
2962,+-+--+--+++-+--++++-++---++++,10.475440,366,841,732
2963,+++--+--+++-+--++++-++---++-+,10.440307,430,841,860
2964,+--+-+--+++-+--++++-++-----++,9.247054,326,841,652
2965,++-+-+--+++-+--++++-++------+,9.219544,198,841,396
2966,+-++-+--+++-+--++++-++----+++,9.493731,334,841,668
2967,++++-+--+++-+--++++-++----+-+,9.528218,206,841,412
2968,+---++--+++-+--++++-++--++-++,12.529964,462,841,924
2969,++--++--+++-+--++++-++--++--+,14.866069,814,841,1628
2970,+-+-++--+++-+--++++-++--+++++,9.219544,278,841,556
2971,+++-++--+++-+--++++-++--+++-+,12.206556,502,841,1004
2972,+--+++--+++-+--++++-++--+--++,11.180340,398,841,796
2973,++-+++--+++-+--++++-++--+---+,12.529964,366,841,732
2974,+-++++--+++-+--++++-++--+-+++,9.000000,246,841,492
2975,++++++--+++-+--++++-++--+-+-+,9.219544,214,841,428
2976,+-----+-+++-+--++++-++++-+-++,8.305148,206,841,412
2977,++----+-+++-+--++++-++++-+--+,8.609051,174,841,348
2978,+-+---+-+++-+--++++-++++-++++,9.000000,246,841,492
2979,+++---+-+++-+--++++-++++-++-+,9.000000,214,841,428
2980,+--+--+-+++-+--++++-++++---++,9.562954,302,841,604
2981,++-+--+-+++-+--++++-++++----+,9.444385,270,841,540
2982,+-++--+-+++-+--++++-++++--+++,9.115420,310,841,620
2983,++++--+-+++-+--++++-++++--+-+,9.406740,278,841,556
2984,+---+-+-+++-+--++++-++++++-++,9.197398,278,841,556
2985,++--+-+-+++-+--++++-++++++--+,9.219544,214,841,428
2986,+-+-+-+-+++-+--++++-+++++++++,13.000000,606,841,1212
2987,+++-+-+-+++-+--++++-+++++++-+,13.000000,542,841,1084
2988,+--++-+-+++-+--++++-+++++--++,10.556534,438,841,876
2989,++-++-+-+++-+--++++-+++++---+,9.000000,310,841,620
2990,+-+++-+-+++-+--++++-+++++-+++,13.000000,606,841,1212
2991,+++++-+-+++-+--++++-+++++-+-+,13.000000,606,841,1212
2992,+----++-+++-+--++++-+++--+-++,9.749527,366,841,732
2993,++---++-+++-+--++++-+++--+--+,10.440307,270,841,540
2994,+-+--++-+++-+--++++-+++--++++,9.167161,342,841,684
2995,+++--++-+++-+--++++-+++--++-+,10.049876,374,841,748
2996,+--+-++-+++-+--++++-+++----++,10.544912,430,841,860
2997,++-+-++-+++-+--++++-+++-----+,7.809571,142,841,284
2998,+-++-++-+++-+--++++-+++---+++,9.091020,310,841,620
2999,++++-++-+++-+--++++-+++---+-+,9.000000,150,841,300
3000,+---+++-+++-+--++++-+++-++-++,9.219544,342,841,684
3001,++--+++-+++-+--++++-+++-++--+,12.206556,406,841,812
3002,+-+-+++-+++-+--++++-+++-+++++,13.000000,542,841,1084
3003,+++-+++-+++-+--++++-+++-+++-+,13.000000,606,841,1212
3004,+--++++-+++-+--++++-+++-+--++,10.855355,470,841,940
3005,++-++++-+++-+--++++-+++-+---+,9.219544,278,841,556
3006,+-+++++-+++-+--++++-+++-+-+++,13.000000,574,841,1148
3007,+++++++-+++-+--++++-+++-+-+-+,13.000000,510,841,1020
3008,+------++++-+--++++-+--+-+-++,11.542933,582,841,1164
3009,++-----++++-+--++++-+--+-+--+,10.442340,582,841,1164
3010,+-+----++++-+--++++-+--+-++++,12.629894,814,841,1628
3011,+++----++++-+--++++-+--+-++-+,12.602919,942,841,1884
3012,+--+---++++-+--++++-+--+---++,9.681772,294,841,588
3013,++-+---++++-+--++++-+--+----+,9.009124,294,841,588
3014,+-++---++++-+--++++-+--+--+++,10.445385,366,841,732
3015,++++---++++-+--++++-+--+--+-+,10.266428,494,841,988
3016,+---+--++++-+--++++-+--+++-++,11.180340,398,841,796
3017,++--+--++++-+--++++-+--+++--+,11.180340,558,841,1116
3018,+-+-+--++++-+--++++-+--++++++,10.842537,534,841,1068
3019,+++-+--++++-+--++++-+--++++-+,12.125238,822,841,1644
3020,+--++--++++-+--++++-+--++--++,12.529964,430,841,860
3021,++-++--++++-+--++++-+--++---+,11.180340,398,841,796
3022,+-+++--++++-+--++++-+--++-+++,9.219544,278,841,556
3023,+++++--++++-+--++++-+--++-+-+,10.369694,502,841,1004
3024,+----+-++++-+--++++-+----+-++,12.627672,838,841,1676
3025,++---+-++++-+--++++-+----+--+,10.479780,454,841,908
3026,+-+--+-++++-+--++++-+----++++,12.798360,878,841,1756
3027,+++--+-++++-+--++++-+----++-+,11.863606,622,841,1244
3028,+--+-+-++++-+--++++-+------++,10.964555,454,841,908
3029,++-+-+-++++-+--++++-+-------+,9.046645,262,841,524
3030,+-++-+-++++-+--++++-+-----+++,10.575101,398,841,796
3031,++++-+-++++-+--++++-+-----+-+,9.980211,334,841,668
3032,+---++-++++-+--++++-+---++-++,11.180340,494,841,988
3033,++--++-++++-+--++++-+---++--+,12.529964,462,841,924
3034,+-+-++-++++-+--++++-+---+++++,10.562554,502,841,1004
3035,+++-++-++++-+--++++-+---+++-+,10.341913,470,841,940
3036,+--+++-++++-+--++++-+---+--++,11.180340,302,841,604
3037,++-+++-++++-+--++++-+---+---+,11.180340,270,841,540
3038,+-++++-++++-+--++++-+---+-+++,9.000000,214,841,428
3039,++++++-++++-+--++++-+---+-+-+,9.000000,310,841,620
3040,+-----+++++-+--++++-+-++-+-++,10.099465,334,841,668
3041,++----+++++-+--++++-+-++-+--+,10.205317,430,841,860
3042,+-+---+++++-+--++++-+-++-++++,10.542391,438,841,876
3043,+++---+++++-+--++++-+-++-++-+,10.406039,534,841,1068
3044,+--+--+++++-+--++++-+-++---++,8.723707,174,841,348
3045,++-+--+++++-+--++++-+-++----+,9.724688,270,841,540
3046,+-++--+++++-+--++++-+-++--+++,9.000000,246,841,492
3047,++++--+++++-+--++++-+-++--+-+,9.188262,342,841,684
3048,+---+-+++++-+--++++-+-++++-++,9.000000,246,841,492
3049,++--+-+++++-+--++++-+-++++--+,10.047073,374,841,748
3050,+-+-+-+++++-+--++++-+-+++++++,13.000000,638,841,1276
3051,+++-+-+++++-+--++++-+-+++++-+,13.000000,766,841,1532
3052,+--++-+++++-+--++++-+-+++--++,9.219544,214,841,428
3053,++-++-+++++-+--++++-+-+++---+,9.018901,278,841,556
3054,+-+++-+++++-+--++++-+-+++-+++,13.000000,446,841,892
3055,+++++-+++++-+--++++-+-+++-+-+,13.000000,638,841,1276
3056,+----++++++-+--++++-+-+--+-++,11.745345,590,841,1180
3057,++---++++++-+--++++-+-+--+--+,9.047047,238,841,476
3058,+-+--++++++-+--++++-+-+--++++,11.299327,566,841,1132
3059,+++--++++++-+--++++-+-+--++-+,9.461509,342,841,684
3060,+--+-++++++-+--++++-+-+----++,10.683173,398,841,796
3061,++-+-++++++-+--++++-+-+-----+,8.649566,238,841,476
3062,+-++-++++++-+--++++-+-+---+++,9.140564,278,841,556
3063,++++-++++++-+--++++-+-+---+-+,9.018791,246,841,492
3064,+---+++++++-+--++++-+-+-++-++,9.787057,342,841,684
3065,++--+++++++-+--++++-+-+-++--+,9.219544,214,841,428
3066,+-+-+++++++-+--++++-+-+-+++++,13.000000,670,841,1340
3067,+++-+++++++-+--++++-+-+-+++-+,13.000000,542,841,1084
3068,+--++++++++-+--++++-+-+-+--++,9.000000,278,841,556
3069,++-++++++++-+--++++-+-+-+---+,9.395231,278,841,556
3070,+-+++++++++-+--++++-+-+-+-+++,13.000000,510,841,1020
3071,+++++++++++-+--++++-+-+-+-+-+,13.000000,638,841,1276
3072,+----------++--++--+-+-+-+-++,9.219544,310,841,620
3073,++---------++--++--+-+-+-+--+,7.280110,118,841,236
3074,+-+--------++--++--+-+-+-++++,9.385737,286,841,572
3075,+++--------++--++--+-+-+-++-+,8.472183,222,841,444
3076,+--+-------++--++--+-+-+---++,12.206556,406,841,812
3077,++-+-------++--++--+-+-+----+,9.219544,214,841,428
3078,+-++-------++--++--+-+-+--+++,10.440307,222,841,444
3079,++++-------++--++--+-+-+--+-+,8.293187,158,841,316
3080,+---+------++--++--+-+-+++-++,12.529964,510,841,1020
3081,++--+------++--++--+-+-+++--+,11.180340,286,841,572
3082,+-+-+------++--++--+-+-++++++,9.516626,390,841,780
3083,+++-+------++--++--+-+-++++-+,9.438674,294,841,588
3084,+--++------++--++--+-+-++--++,14.866069,862,841,1724
3085,++-++------++--++--+-+-++---+,12.529964,446,841,892
3086,+-+++------++--++--+-+-++-+++,12.206556,454,841,908
3087,+++++------++--++--+-+-++-+-+,9.219544,294,841,588
3088,+----+-----++--++--+-+---+-++,8.484786,182,841,364
3089,++---+-----++--++--+-+---+--+,9.791257,310,841,620
3090,+-+--+-----++--++--+-+---++++,8.937093,222,841,444
3091,+++--+-----++--++--+-+---++-+,10.929376,478,841,956
3092,+--+-+-----++--++--+-+-----++,9.219544,246,841,492
3093,++-+-+-----++--++--+-+------+,8.969581,182,841,364
3094,+-++-+-----++--++--+-+----+++,8.597689,190,841,380
3095,++++-+-----++--++--+-+----+-+,9.524111,254,841,508
3096,+---++-----++--++--+-+--++-++,11.180340,286,841,572
3097,++--++-----++--++--+-+--++--+,11.180340,446,841,892
3098,+-+-++-----++--++--+-+--+++++,8.210740,166,841,332
3099,+++-++-----++--++--+-+--+++-+,9.812266,326,841,652
3100,+--+++-----++--++--+-+--+--++,12.529964,478,841,956
3101,++-+++-----++--++--+-+--+---+,11.180340,254,841,508
3102,+-++++-----++--++--+-+--+-+++,9.219544,262,841,524
3103,++++++-----++--++--+-+--+-+-+,8.755937,166,841,332
3104,+-----+----++--++--+-+++-+-++,9.774458,318,841,636
3105,++----+----++--++--+-+++-+--+,9.212605,222,841,444
3106,+-+---+----++--++--+-+++-++++,9.594387,358,841,716
3107,+++---+----++--++--+-+++-++-+,10.062684,390,841,780
3108,+--+--+----++--++--+-+++---++,10.440307,414,841,828
3109,++-+--+----++--++--+-+++----+,9.215561,190,841,380
3110,+-++--+----++--++--+-+++--+++,10.049876,294,841,588
3111,++++--+----++--++--+-+++--+-+,9.040744,198,841,396
3112,+---+-+----++--++--+-+++++-++,9.219544,294,841,588
3113,++--+-+----++--++--+-+++++--+,8.762905,166,841,332
3114,+-+-+-+----++--++--+-++++++++,9.331912,238,841,476
3115,+++-+-+----++--++--+-++++++-+,8.734283,238,841,476
3116,+--++-+----++--++--+-++++--++,12.206556,582,841,1164
3117,++-++-+----++--++--+-++++---+,9.219544,262,841,524
3118,+-+++-+----++--++--+-++++-+++,10.440307,238,841,476
3119,+++++-+----++--++--+-++++-+-+,8.333090,174,841,348
3120,+----++----++--++--+-++--+-++,11.291825,574,841,1148
3121,++---++----++--++--+-++--+--+,10.627661,606,841,1212
3122,+-+--++----++--++--+-++--++++,11.582304,614,841,1228
3123,+++--++----++--++--+-++--++-+,12.540667,902,841,1804
3124,+--+-++----++--++--+-++----++,11.216360,574,841,1148
3125,++-+-++----++--++--+-++-----+,9.788158,286,841,572
3126,+-++-++----++--++--+-++---+++,10.286407,390,841,780
3127,++++-++----++--++--+-++---+-+,10.240110,358,841,716
3128,+---+++----++--++--+-++-++-++,9.938741,326,841,652
3129,++--+++----++--++--+-++-++--+,9.746091,390,841,780
3130,+-+-+++----++--++--+-++-+++++,9.194717,206,841,412
3131,+++-+++----++--++--+-++-+++-+,10.430195,398,841,796
3132,+--++++----++--++--+-++-+--++,10.748889,518,841,1036
3133,++-++++----++--++--+-++-+---+,8.964223,198,841,396
3134,+-+++++----++--++--+-++-+-+++,8.668659,174,841,348
3135,+++++++----++--++--+-++-+-+-+,7.159217,110,841,220
3136,+------+---++--++--+---+-+-++,12.206556,502,841,1004
3137,++-----+---++--++--+---+-+--+,9.219544,246,841,492
3138,+-+----+---++--++--+---+-++++,10.440307,350,841,700
3139,+++----+---++--++--+---+-++-+,8.451181,222,841,444
3140,+--+---+---++--++--+---+---++,15.652476,1174,841,2348
3141,++-+---+---++--++--+---+----+,12.206556,534,841,1068
3142,+-++---+---++--++--+---+--+++,14.317821,862,841,1724
3143,++++---+---++--++--+---+--+-+,10.440307,350,841,700
3144,+---+--+---++--++--+---+++-++,14.866069,926,841,1852
3145,++--+--+---++--++--+---+++--+,12.529964,574,841,1148
3146,+-+-+--+---++--++--+---++++++,12.206556,550,841,1100
3147,+++-+--+---++--++--+---++++-+,9.219544,326,841,652
3148,+--++--+---++--++--+---++--++,17.804494,1918,841,3836
3149,++-++--+---++--++--+---++---+,14.866069,990,841,1980
3150,+-+++--+---++--++--+---++-+++,15.652476,1254,841,2508
3151,+++++--+---++--++--+---++-+-+,12.206556,582,841,1164
3152,+----+-+---++--++--+-----+-++,9.219544,150,841,300
3153,++---+-+---++--++--+-----+--+,8.837423,214,841,428
3154,+-+--+-+---++--++--+-----++++,8.030438,126,841,252
3155,+++--+-+---++--++--+-----++-+,9.889284,318,841,636
3156,+--+-+-+---++--++--+-------++,12.206556,406,841,812
3157,++-+-+-+---++--++--+--------+,9.219544,278,841,556
3158,+-++-+-+---++--++--+------+++,10.440307,286,841,572
3159,++++-+-+---++--++--+------+-+,9.355525,286,841,572
3160,+---++-+---++--++--+----++-++,12.529964,414,841,828
3161,++--++-+---++--++--+----++--+,11.180340,446,841,892
3162,+-+-++-+---++--++--+----+++++,9.219544,230,841,460
3163,+++-++-+---++--++--+----+++-+,8.952485,262,841,524
3164,+--+++-+---++--++--+----+--++,14.866069,862,841,1724
3165,++-+++-+---++--++--+----+---+,12.529964,510,841,1020
3166,+-++++-+---++--++--+----+-+++,12.206556,582,841,1164
3167,++++++-+---++--++--+----+-+-+,9.219544,358,841,716
3168,+-----++---++--++--+--++-+-++,10.440307,350,841,700
3169,++----++---++--++--+--++-+--+,10.151471,382,841,764
3170,+-+---++---++--++--+--++-++++,10.049876,326,841,652
3171,+++---++---++--++--+--++-++-+,9.033058,358,841,716
3172,+--+--++---++--++--+--++---++,14.317821,958,841,1916
3173,++-+--++---++--++--+--++----+,10.440307,478,841,956
3174,+-++--++---++--++--+--++--+++,14.035669,902,841,1804
3175,++++--++---++--++--+--++--+-+,10.049876,422,841,844
3176,+---+-++---++--++--+--++++-++,12.206556,486,841,972
3177,++--+-++---++--++--+--++++--+,10.144110,422,841,844
3178,+-+-+-++---++--++--+--+++++++,10.440307,238,841,476
3179,+++-+-++---++--++--+--+++++-+,7.948059,174,841,348
3180,+--++-++---++--++--+--+++--++,15.652476,1222,841,2444
3181,++-++-++---++--++--+--+++---+,12.206556,582,841,1164
3182,+-+++-++---++--++--+--+++-+++,14.317821,814,841,1628
3183,+++++-++---++--++--+--+++-+-+,10.440307,302,841,604
3184,+----+++---++--++--+--+--+-++,9.526149,254,841,508
3185,++---+++---++--++--+--+--+--+,9.315062,414,841,828
3186,+-+--+++---++--++--+--+--++++,9.912584,294,841,588
3187,+++--+++---++--++--+--+--++-+,11.093987,582,841,1164
3188,+--+-+++---++--++--+--+----++,10.440307,382,841,764
3189,++-+-+++---++--++--+--+-----+,9.244919,222,841,444
3190,+-++-+++---++--++--+--+---+++,10.049876,326,841,652
3191,++++-+++---++--++--+--+---+-+,9.171536,294,841,588
3192,+---++++---++--++--+--+-++-++,9.219544,230,841,460
3193,++--++++---++--++--+--+-++--+,9.671327,358,841,716
3194,+-+-++++---++--++--+--+-+++++,7.612157,110,841,220
3195,+++-++++---++--++--+--+-+++-+,9.280044,238,841,476
3196,+--+++++---++--++--+--+-+--++,12.206556,486,841,972
3197,++-+++++---++--++--+--+-+---+,9.219544,230,841,460
3198,+-++++++---++--++--+--+-+-+++,10.440307,270,841,540
3199,++++++++---++--++--+--+-+-+-+,7.888497,142,841,284
3200,+-------+--++--++--+++-+-+-++,12.529964,510,841,1020
3201,++------+--++--++--+++-+-+--+,11.180340,350,841,700
3202,+-+-----+--++--++--+++-+-++++,9.219544,230,841,460
3203,+++-----+--++--++--+++-+-++-+,8.687305,198,841,396
3204,+--+----+--++--++--+++-+---++,14.866069,894,841,1788
3205,++-+----+--++--++--+++-+----+,12.529964,606,841,1212
3206,+-++----+--++--++--+++-+--+++,12.206556,454,841,908
3207,++++----+--++--++--+++-+--+-+,9.219544,294,841,588
3208,+---+---+--++--++--+++-+++-++,16.155494,1382,841,2764
3209,++--+---+--++--++--+++-+++--+,15.132746,1062,841,2124
3210,+-+-+---+--++--++--+++-++++++,12.529964,622,841,1244
3211,+++-+---+--++--++--+++-++++-+,11.180340,430,841,860
3212,+--++---+--++--++--+++-++--++,18.027756,2022,841,4044
3213,++-++---+--++--++--+++-++---+,16.155494,1382,841,2764
3214,+-+++---+--++--++--+++-++-+++,14.866069,974,841,1948
3215,+++++---+--++--++--+++-++-+-+,12.529964,590,841,1180
3216,+----+--+--++--++--+++---+-++,11.180340,318,841,636
3217,++---+--+--++--++--+++---+--+,11.180340,478,841,956
3218,+-+--+--+--++--++--+++---++++,7.994981,166,841,332
3219,+++--+--+--++--++--+++---++-+,10.774211,454,841,908
3220,+--+-+--+--++--++--+++-----++,12.529964,478,841,956
3221,++-+-+--+--++--++--+++------+,11.180340,318,841,636
3222,+-++-+--+--++--++--+++----+++,9.219544,230,841,460
3223,++++-+--+--++--++--+++----+-+,8.111125,198,841,396
3224,+---++--+--++--++--+++--++-++,15.132746,1030,841,2060
3225,++--++--+--++--++--+++--++--+,15.132746,1222,841,2444
3226,+-+-++--+--++--++--+++--+++++,11.180340,334,841,668
3227,+++-++--+--++--++--+++--+++-+,11.180340,526,841,1052
3228,+--+++--+--++--++--+++--+--++,16.155494,1318,841,2636
3229,++-+++--+--++--++--+++--+---+,15.132746,998,841,1996
3230,+-++++--+--++--++--+++--+-+++,12.529964,526,841,1052
3231,++++++--+--++--++--+++--+-+-+,11.180340,334,841,668
3232,+-----+-+--++--++--+++++-+-++,9.219544,230,841,460
3233,++----+-+--++--++--+++++-+--+,7.735097,166,841,332
3234,+-+---+-+--++--++--+++++-++++,8.366929,206,841,412
3235,+++---+-+--++--++--+++++-++-+,9.592934,270,841,540
3236,+--+--+-+--++--++--+++++---++,12.206556,422,841,844
3237,++-+--+-+--++--++--+++++----+,9.219544,230,841,460
3238,+-++--+-+--++--++--+++++--+++,10.440307,238,841,476
3239,++++--+-+--++--++--+++++--+-+,7.504354,174,841,348
3240,+---+-+-+--++--++--+++++++-++,12.529964,494,841,988
3241,++--+-+-+--++--++--+++++++--+,11.180340,270,841,540
3242,+-+-+-+-+--++--++--++++++++++,9.219544,374,841,748
3243,+++-+-+-+--++--++--++++++++-+,9.000000,278,841,556
3244,+--++-+-+--++--++--++++++--++,14.866069,878,841,1756
3245,++-++-+-+--++--++--++++++---+,12.529964,462,841,924
3246,+-+++-+-+--++--++--++++++-+++,12.206556,470,841,940
3247,+++++-+-+--++--++--++++++-+-+,9.219544,310,841,620
3248,+----++-+--++--++--++++--+-++,9.556617,358,841,716
3249,++---++-+--++--++--++++--+--+,10.233812,422,841,844
3250,+-+--++-+--++--++--++++--++++,10.113163,398,841,796
3251,+++--++-+--++--++--++++--++-+,12.009294,718,841,1436
3252,+--+-++-+--++--++--++++----++,9.690899,390,841,780
3253,++-+-++-+--++--++--++++-----+,7.701268,134,841,268
3254,+-++-++-+--++--++--++++---+++,8.169202,206,841,412
3255,++++-++-+--++--++--++++---+-+,9.108649,206,841,412
3256,+---+++-+--++--++--++++-++-++,11.180340,334,841,668
3257,++--+++-+--++--++--++++-++--+,11.180340,430,841,860
3258,+-+-+++-+--++--++--++++-+++++,9.000000,214,841,428
3259,+++-+++-+--++--++--++++-+++-+,10.262798,438,841,876
3260,+--++++-+--++--++--++++-+--++,12.529964,558,841,1116
3261,++-++++-+--++--++--++++-+---+,11.180340,270,841,540
3262,+-+++++-+--++--++--++++-+-+++,9.219544,214,841,428
3263,+++++++-+--++--++--++++-+-+-+,9.000000,182,841,364
3264,+------++--++--++--++--+-+-++,14.866069,1022,841,2044
3265,++-----++--++--++--++--+-+--+,12.529964,606,841,1212
3266,+-+----++--++--++--++--+-++++,12.206556,550,841,1100
3267,+++----++--++--++--++--+-++-+,9.564109,390,841,780
3268,+--+---++--++--++--++--+---++,17.804494,2046,841,4092
3269,++-+---++--++--++--++--+----+,14.866069,1118,841,2236
3270,+-++---++--++--++--++--+--+++,15.652476,1286,841,2572
3271,++++---++--++--++--++--+--+-+,12.206556,614,841,1228
3272,+---+--++--++--++--++--+++-++,18.027756,2182,841,4364
3273,++--+--++--++--++--++--+++--+,16.155494,1542,841,3084
3274,+-+-+--++--++--++--++--++++++,14.866069,1102,841,2204
3275,+++-+--++--++--++--++--++++-+,12.529964,718,841,1436
3276,+--++--++--++--++--++--++--++,20.518285,3654,841,7308
3277,++-++--++--++--++--++--++---+,18.027756,2310,841,4620
3278,+-+++--++--++--++--++--++-+++,17.804494,2158,841,4316
3279,+++++--++--++--++--++--++-+-+,14.866069,1198,841,2396
3280,+----+-++--++--++--++----+-++,12.529964,542,841,1084
3281,++---+-++--++--++--++----+--+,11.180340,446,841,892
3282,+-+--+-++--++--++--++----++++,9.219544,262,841,524
3283,+++--+-++--++--++--++----++-+,10.144472,422,841,844
3284,+--+-+-++--++--++--++------++,14.866069,958,841,1916
3285,++-+-+-++--++--++--++-------+,12.529964,542,841,1084
3286,+-++-+-++--++--++--++-----+++,12.206556,454,841,908
3287,++++-+-++--++--++--++-----+-+,9.219544,294,841,588
3288,+---++-++--++--++--++---++-++,16.155494,1350,841,2700
3289,++--++-++--++--++--++---++--+,15.132746,1222,841,2444
3290,+-+-++-++--++--++--++---+++++,12.529964,526,841,1052
3291,+++-++-++--++--++--++---+++-+,11.180340,526,841,1052
3292,+--+++-++--++--++--++---+--++,18.027756,2086,841,4172
3293,++-+++-++--++--++--++---+---+,16.155494,1446,841,2892
3294,+-++++-++--++--++--++---+-+++,14.866069,1038,841,2076
3295,++++++-++--++--++--++---+-+-+,12.529964,654,841,1308
3296,+-----+++--++--++--++-++-+-++,12.206556,454,841,908
3297,++----+++--++--++--++-++-+--+,9.219544,326,841,652
3298,+-+---+++--++--++--++-++-++++,10.440307,302,841,604
3299,+++---+++--++--++--++-++-++-+,9.258362,302,841,604
3300,+--+--+++--++--++--++-++---++,15.652476,1222,841,2444
3301,++-+--+++--++--++--++-++----+,12.206556,582,841,1164
3302,+-++--+++--++--++--++-++--+++,14.317821,910,841,1820
3303,++++--+++--++--++--++-++--+-+,10.440307,398,841,796
3304,+---+-+++--++--++--++-++++-++,14.866069,942,841,1884
3305,++--+-+++--++--++--++-++++--+,12.529964,590,841,1180
3306,+-+-+-+++--++--++--++-+++++++,12.206556,566,841,1132
3307,+++-+-+++--++--++--++-+++++-+,9.219544,342,841,684
3308,+--++-+++--++--++--++-+++--++,17.804494,1966,841,3932
3309,++-++-+++--++--++--++-+++---+,14.866069,1038,841,2076
3310,+-+++-+++--++--++--++-+++-+++,15.652476,1302,841,2604
3311,+++++-+++--++--++--++-+++-+-+,12.206556,630,841,1260
3312,+----++++--++--++--++-+--+-++,9.219544,294,841,588
3313,++---++++--++--++--++-+--+--+,9.153797,294,841,588
3314,+-+--++++--++--++--++-+--++++,8.659342,270,841,540
3315,+++--++++--++--++--++-+--++-+,10.945128,526,841,1052
3316,+--+-++++--++--++--++-+----++,12.206556,518,841,1036
3317,++-+-++++--++--++--++-+-----+,9.219544,198,841,396
3318,+-++-++++--++--++--++-+---+++,10.440307,270,841,540
3319,++++-++++--++--++--++-+---+-+,8.259530,206,841,412
3320,+---+++++--++--++--++-+-++-++,12.529964,430,841,860
3321,++--+++++--++--++--++-+-++--+,11.180340,398,841,796
3322,+-+-+++++--++--++--++-+-+++++,9.219544,246,841,492
3323,+++-+++++--++--++--++-+-+++-+,9.453009,342,841,684
3324,+--++++++--++--++--++-+-+--++,14.866069,910,841,1820
3325,++-++++++--++--++--++-+-+---+,12.529964,494,841,988
3326,+-+++++++--++--++--++-+-+-+++,12.206556,502,841,1004
3327,+++++++++--++--++--++-+-+-+-+,9.219544,342,841,684
3328,+--------+-++--++----+-+-+-++,9.512611,310,841,620
3329,++-------+-++--++----+-+-+--+,7.628016,118,841,236
3330,+-+------+-++--++----+-+-++++,10.650784,350,841,700
3331,+++------+-++--++----+-+-++-+,9.916763,286,841,572
3332,+--+-----+-++--++----+-+---++,9.616269,342,841,684
3333,++-+-----+-++--++----+-+----+,7.561606,150,841,300
3334,+-++-----+-++--++----+-+--+++,8.711332,222,841,444
3335,++++-----+-++--++----+-+--+-+,8.217576,158,841,316
3336,+---+----+-++--++----+-+++-++,11.180340,382,841,764
3337,++--+----+-++--++----+-+++--+,11.180340,286,841,572
3338,+-+-+----+-++--++----+-++++++,10.301386,326,841,652
3339,+++-+----+-++--++----+-++++-+,10.681550,358,841,716
3340,+--++----+-++--++----+-++--++,12.529964,670,841,1340
3341,++-++----+-++--++----+-++---+,11.180340,382,841,764
3342,+-+++----+-++--++----+-++-+++,9.219544,326,841,652
3343,+++++----+-++--++----+-++-+-+,9.495263,294,841,588
3344,+----+---+-++--++----+---+-++,10.042203,406,841,812
3345,++---+---+-++--++----+---+--+,9.447628,342,841,684
3346,+-+--+---+-++--++----+---++++,9.810178,382,841,764
3347,+++--+---+-++--++----+---++-+,10.622437,446,841,892
3348,+--+-+---+-++--++----+-----++,10.714822,406,841,812
3349,++-+-+---+-++--++----+------+,7.695638,150,841,300
3350,+-++-+---+-++--++----+----+++,9.529025,286,841,572
3351,++++-+---+-++--++----+----+-+,8.179869,158,841,316
3352,+---++---+-++--++----+--++-++,11.180340,446,841,892
3353,++--++---+-++--++----+--++--+,12.529964,542,841,1084
3354,+-+-++---+-++--++----+--+++++,8.840347,262,841,524
3355,+++-++---+-++--++----+--+++-+,9.341569,358,841,716
3356,+--+++---+-++--++----+--+--++,11.180340,574,841,1148
3357,++-+++---+-++--++----+--+---+,11.180340,286,841,572
3358,+-++++---+-++--++----+--+-+++,9.538457,294,841,588
3359,++++++---+-++--++----+--+-+-+,8.196440,134,841,268
3360,+-----+--+-++--++----+++-+-++,10.732699,414,841,828
3361,++----+--+-++--++----+++-+--+,9.530031,318,841,636
3362,+-+---+--+-++--++----+++-++++,10.020599,390,841,780
3363,+++---+--+-++--++----+++-++-+,10.166663,422,841,844
3364,+--+--+--+-++--++----+++---++,11.384085,574,841,1148
3365,++-+--+--+-++--++----+++----+,9.566908,350,841,700
3366,+-++--+--+-++--++----+++--+++,9.315332,390,841,780
3367,++++--+--+-++--++----+++--+-+,9.151146,294,841,588
3368,+---+-+--+-++--++----+++++-++,10.312312,326,841,652
3369,++--+-+--+-++--++----+++++--+,8.797845,198,841,396
3370,+-+-+-+--+-++--++----++++++++,8.149785,206,841,412
3371,+++-+-+--+-++--++----++++++-+,9.290513,206,841,412
3372,+--++-+--+-++--++----++++--++,11.932763,678,841,1356
3373,++-++-+--+-++--++----++++---+,9.614335,358,841,716
3374,+-+++-+--+-++--++----++++-+++,9.582224,270,841,540
3375,+++++-+--+-++--++----++++-+-+,8.868511,206,841,412
3376,+----++--+-++--++----++--+-++,12.534777,830,841,1660
3377,++---++--+-++--++----++--+--+,11.228617,670,841,1340
3378,+-+--++--+-++--++----++--++++,12.288283,806,841,1612
3379,+++--++--+-++--++----++--++-+,12.612883,902,841,1804
3380,+--+-++--+-++--++----++----++,12.798850,894,841,1788
3381,++-+-++--+-++--++----++-----+,10.696450,414,841,828
3382,+-++-++--+-++--++----++---+++,11.358517,646,841,1292
3383,++++-++--+-++--++----++---+-+,10.599754,422,841,844
3384,+---+++--+-++--++----++-++-++,11.532632,582,841,1164
3385,++--+++--+-++--++----++-++--+,9.357957,454,841,908
3386,+-+-+++--+-++--++----++-+++++,10.453355,398,841,796
3387,+++-+++--+-++--++----++-+++-+,10.276889,398,841,796
3388,+--++++--+-++--++----++-+--++,12.699254,838,841,1676
3389,++-++++--+-++--++----++-+---+,10.143580,326,841,652
3390,+-+++++--+-++--++----++-+-+++,10.730438,430,841,860
3391,+++++++--+-++--++----++-+-+-+,8.072985,174,841,348
3392,+------+-+-++--++------+-+-++,10.536295,406,841,812
3393,++-----+-+-++--++------+-+--+,8.055851,150,841,300
3394,+-+----+-+-++--++------+-++++,10.938376,382,841,764
3395,+++----+-+-++--++------+-++-+,9.609907,254,841,508
3396,+--+---+-+-++--++------+---++,12.206556,438,841,876
3397,++-+---+-+-++--++------+----+,9.219544,182,841,364
3398,+-++---+-+-++--++------+--+++,10.440307,254,841,508
3399,++++---+-+-++--++------+--+-+,8.128576,126,841,252
3400,+---+--+-+-++--++------+++-++,12.529964,510,841,1020
3401,++--+--+-+-++--++------+++--+,11.180340,286,841,572
3402,+-+-+--+-+-++--++------++++++,9.993927,390,841,780
3403,+++-+--+-+-++--++------++++-+,9.784225,294,841,588
3404,+--++--+-+-++--++------++--++,14.866069,862,841,1724
3405,++-++--+-+-++--++------++---+,12.529964,446,841,892
3406,+-+++--+-+-++--++------++-+++,12.206556,454,841,908
3407,+++++--+-+-++--++------++-+-+,9.219544,294,841,588
3408,+----+-+-+-++--++--------+-++,9.868310,278,841,556
3409,++---+-+-+-++--++--------+--+,7.640260,150,841,300
3410,+-+--+-+-+-++--++--------++++,9.431076,254,841,508
3411,+++--+-+-+-++--++--------++-+,9.021467,254,841,508
3412,+--+-+-+-+-++--++----------++,9.219544,278,841,556
3413,++-+-+-+-+-++--++-----------+,10.094411,342,841,684
3414,+-++-+-+-+-++--++---------+++,7.992813,158,841,316
3415,++++-+-+-+-++--++---------+-+,10.455244,350,841,700
3416,+---++-+-+-++--++-------++-++,11.180340,286,841,572
3417,++--++-+-+-++--++-------++--+,11.180340,254,841,508
3418,+-+-++-+-+-++--++-------+++++,8.240613,230,841,460
3419,+++-++-+-+-++--++-------+++-+,8.319535,198,841,396
3420,+--+++-+-+-++--++-------+--++,12.529964,478,841,956
3421,++-+++-+-+-++--++-------+---+,11.180340,446,841,892
3422,+-++++-+-+-++--++-------+-+++,9.219544,326,841,652
3423,++++++-+-+-++--++-------+-+-+,10.669081,422,841,844
3424,+-----++-+-++--++-----++-+-++,9.334523,286,841,572
3425,++----++-+-++--++-----++-+--+,9.367242,318,841,636
3426,+-+---++-+-++--++-----++-++++,9.060157,262,841,524
3427,+++---++-+-++--++-----++-++-+,9.131105,294,841,588
3428,+--+--++-+-++--++-----++---++,10.440307,382,841,764
3429,++-+--++-+-++--++-----++----+,9.334923,286,841,572
3430,+-++--++-+-++--++-----++--+++,10.049876,326,841,652
3431,++++--++-+-++--++-----++--+-+,9.160773,230,841,460
3432,+---+-++-+-++--++-----++++-++,9.219544,294,841,588
3433,++--+-++-+-++--++-----++++--+,8.944246,230,841,460
3434,+-+-+-++-+-++--++-----+++++++,8.218359,174,841,348
3435,+++-+-++-+-++--++-----+++++-+,7.822957,110,841,220
3436,+--++-++-+-++--++-----+++--++,12.206556,518,841,1036
3437,++-++-++-+-++--++-----+++---+,9.219544,262,841,524
3438,+-+++-++-+-++--++-----+++-+++,10.440307,238,841,476
3439,+++++-++-+-++--++-----+++-+-+,7.825464,110,841,220
3440,+----+++-+-++--++-----+--+-++,10.267984,350,841,700
3441,++---+++-+-++--++-----+--+--+,9.363527,318,841,636
3442,+-+--+++-+-++--++-----+--++++,10.273538,390,841,780
3443,+++--+++-+-++--++-----+--++-+,10.915048,486,841,972
3444,+--+-+++-+-++--++-----+----++,10.378452,350,841,700
3445,++-+-+++-+-++--++-----+-----+,9.698966,382,841,764
3446,+-++-+++-+-++--++-----+---+++,9.341910,294,841,588
3447,++++-+++-+-++--++-----+---+-+,10.100444,454,841,908
3448,+---++++-+-++--++-----+-++-++,9.291743,262,841,524
3449,++--++++-+-++--++-----+-++--+,8.696197,198,841,396
3450,+-+-++++-+-++--++-----+-+++++,9.365516,270,841,540
3451,+++-++++-+-++--++-----+-+++-+,8.614813,206,841,412
3452,+--+++++-+-++--++-----+-+--++,10.204623,390,841,780
3453,++-+++++-+-++--++-----+-+---+,9.742826,326,841,652
3454,+-++++++-+-++--++-----+-+-+++,9.923651,302,841,604
3455,++++++++-+-++--++-----+-+-+-+,10.546060,366,841,732
3456,+-------++-++--++---++-+-+-++,11.180340,286,841,572
3457,++------++-++--++---++-+-+--+,11.180340,318,841,636
3458,+-+-----++-++--++---++-+-++++,8.376857,134,841,268
3459,+++-----++-++--++---++-+-++-+,7.495103,166,841,332
3460,+--+----++-++--++---++-+---++,12.529964,542,841,1084
3461,++-+----++-++--++---++-+----+,11.180340,446,841,892
3462,+-++----++-++--++---++-+--+++,9.923883,358,841,716
3463,++++----++-++--++---++-+--+-+,9.187592,262,841,524
3464,+---+---++-++--++---++-+++-++,15.132746,966,841,1932
3465,++--+---++-++--++---++-+++--+,15.132746,966,841,1932
3466,+-+-+---++-++--++---++-++++++,11.180340,334,841,668
3467,+++-+---++-++--++---++-++++-+,11.180340,334,841,668
3468,+--++---++-++--++---++-++--++,16.155494,1350,841,2700
3469,++-++---++-++--++---++-++---+,15.132746,1030,841,2060
3470,+-+++---++-++--++---++-++-+++,12.529964,558,841,1116
3471,+++++---++-++--++---++-++-+-+,11.180340,366,841,732
3472,+----+--++-++--++---++---+-++,11.180340,382,841,764
3473,++---+--++-++--++---++---+--+,12.529964,542,841,1084
3474,+-+--+--++-++--++---++---++++,8.807826,230,841,460
3475,+++--+--++-++--++---++---++-+,10.191524,390,841,780
3476,+--+-+--++-++--++---++-----++,11.180340,414,841,828
3477,++-+-+--++-++--++---++------+,11.180340,254,841,508
3478,+-++-+--++-++--++---++----+++,9.649569,294,841,588
3479,++++-+--++-++--++---++----+-+,7.328943,134,841,268
3480,+---++--++-++--++---++--++-++,15.132746,1094,841,2188
3481,++--++--++-++--++---++--++--+,16.155494,1414,841,2828
3482,+-+-++--++-++--++---++--+++++,11.180340,398,841,796
3483,+++-++--++-++--++---++--+++-+,12.529964,590,841,1180
3484,+--+++--++-++--++---++--+--++,15.132746,1126,841,2252
3485,++-+++--++-++--++---++--+---+,15.132746,934,841,1868
3486,+-++++--++-++--++---++--+-+++,11.180340,462,841,924
3487,++++++--++-++--++---++--+-+-+,11.180340,270,841,540
3488,+-----+-++-++--++---++++-+-++,7.985390,166,841,332
3489,++----+-++-++--++---++++-+--+,9.372655,294,841,588
3490,+-+---+-++-++--++---++++-++++,8.024556,142,841,284
3491,+++---+-++-++--++---++++-++-+,9.145631,270,841,540
3492,+--+--+-++-++--++---++++---++,9.219544,358,841,716
3493,++-+--+-++-++--++---++++----+,9.990520,358,841,716
3494,+-++--+-++-++--++---++++--+++,9.581814,302,841,604
3495,++++--+-++-++--++---++++--+-+,9.926139,302,841,604
3496,+---+-+-++-++--++---++++++-++,11.180340,302,841,604
3497,++--+-+-++-++--++---++++++--+,11.180340,270,841,540
3498,+-+-+-+-++-++--++---+++++++++,9.000000,182,841,364
3499,+++-+-+-++-++--++---+++++++-+,9.000000,150,841,300
3500,+--++-+-++-++--++---+++++--++,12.529964,558,841,1116
3501,++-++-+-++-++--++---+++++---+,11.180340,334,841,668
3502,+-+++-+-++-++--++---+++++-+++,9.219544,278,841,556
3503,+++++-+-++-++--++---+++++-+-+,9.000000,182,841,364
3504,+----++-++-++--++---+++--+-++,10.464188,390,841,780
3505,++---++-++-++--++---+++--+--+,10.094094,454,841,908
3506,+-+--++-++-++--++---+++--++++,10.638199,430,841,860
3507,+++--++-++-++--++---+++--++-+,11.745157,622,841,1244
3508,+--+-++-++-++--++---+++----++,10.546900,422,841,844
3509,++-+-++-++-++--++---+++-----+,8.086922,166,841,332
3510,+-++-++-++-++--++---+++---+++,9.476406,366,841,732
3511,++++-++-++-++--++---+++---+-+,9.071511,238,841,476
3512,+---+++-++-++--++---+++-++-++,11.180340,430,841,860
3513,++--+++-++-++--++---+++-++--+,12.529964,526,841,1052
3514,+-+-+++-++-++--++---+++-+++++,9.115545,310,841,620
3515,+++-+++-++-++--++---+++-+++-+,9.811300,406,841,812
3516,+--++++-++-++--++---+++-+--++,11.180340,526,841,1052
3517,++-++++-++-++--++---+++-+---+,11.180340,238,841,476
3518,+-+++++-++-++--++---+++-+-+++,9.406830,310,841,620
3519,+++++++-++-++--++---+++-+-+-+,9.000000,150,841,300
3520,+------+++-++--++---+--+-+-++,12.529964,574,841,1148
3521,++-----+++-++--++---+--+-+--+,11.180340,350,841,700
3522,+-+----+++-++--++---+--+-++++,9.219544,294,841,588
3523,+++----+++-++--++---+--+-++-+,7.722654,198,841,396
3524,+--+---+++-++--++---+--+---++,14.866069,894,841,1788
3525,++-+---+++-++--++---+--+----+,12.529964,542,841,1084
3526,+-++---+++-++--++---+--+--+++,12.206556,454,841,908
3527,++++---+++-++--++---+--+--+-+,9.219544,230,841,460
3528,+---+--+++-++--++---+--+++-++,16.155494,1350,841,2700
3529,++--+--+++-++--++---+--+++--+,15.132746,1030,841,2060
3530,+-+-+--+++-++--++---+--++++++,12.529964,590,841,1180
3531,+++-+--+++-++--++---+--++++-+,11.180340,398,841,796
3532,+--++--+++-++--++---+--++--++,18.027756,1990,841,3980
3533,++-++--+++-++--++---+--++---+,16.155494,1350,841,2700
3534,+-+++--+++-++--++---+--++-+++,14.866069,942,841,1884
3535,+++++--+++-++--++---+--++-+-+,12.529964,558,841,1116
3536,+----+-+++-++--++---+----+-++,11.180340,382,841,764
3537,++---+-+++-++--++---+----+--+,11.180340,286,841,572
3538,+-+--+-+++-++--++---+----++++,7.921690,166,841,332
3539,+++--+-+++-++--++---+----++-+,8.951510,198,841,396
3540,+--+-+-+++-++--++---+------++,12.529964,478,841,956
3541,++-+-+-+++-++--++---+-------+,11.180340,446,841,892
3542,+-++-+-+++-++--++---+-----+++,9.219544,166,841,332
3543,++++-+-+++-++--++---+-----+-+,9.755682,262,841,524
3544,+---++-+++-++--++---+---++-++,15.132746,998,841,1996
3545,++--++-+++-++--++---+---++--+,15.132746,998,841,1996
3546,+-+-++-+++-++--++---+---+++++,11.180340,366,841,732
3547,+++-++-+++-++--++---+---+++-+,11.180340,366,841,732
3548,+--+++-+++-++--++---+---+--++,16.155494,1286,841,2572
3549,++-+++-+++-++--++---+---+---+,15.132746,1158,841,2316
3550,+-++++-+++-++--++---+---+-+++,12.529964,558,841,1116
3551,++++++-+++-++--++---+---+-+-+,11.180340,558,841,1116
3552,+-----++++-++--++---+-++-+-++,9.219544,230,841,460
3553,++----++++-++--++---+-++-+--+,10.139503,294,841,588
3554,+-+---++++-++--++---+-++-++++,8.160784,142,841,284
3555,+++---++++-++--++---+-++-++-+,8.344482,206,841,412
3556,+--+--++++-++--++---+-++---++,12.206556,422,841,844
3557,++-+--++++-++--++---+-++----+,10.234506,358,841,716
3558,+-++--++++-++--++---+-++--+++,10.440307,302,841,604
3559,++++--++++-++--++---+-++--+-+,9.438378,238,841,476
3560,+---+-++++-++--++---+-++++-++,12.529964,526,841,1052
3561,++--+-++++-++--++---+-++++--+,11.180340,366,841,732
3562,+-+-+-++++-++--++---+-+++++++,9.219544,342,841,684
3563,+++-+-++++-++--++---+-+++++-+,9.000000,182,841,364
3564,+--++-++++-++--++---+-+++--++,14.866069,846,841,1692
3565,++-++-++++-++--++---+-+++---+,12.529964,494,841,988
3566,+-+++-++++-++--++---+-+++-+++,12.206556,502,841,1004
3567,+++++-++++-++--++---+-+++-+-+,9.219544,278,841,556
3568,+----+++++-++--++---+-+--+-++,7.638490,166,841,332
3569,++---+++++-++--++---+-+--+--+,8.148780,166,841,332
3570,+-+--+++++-++--++---+-+--++++,8.600683,206,841,412
3571,+++--+++++-++--++---+-+--++-+,10.290649,334,841,668
3572,+--+-+++++-++--++---+-+----++,9.219544,198,841,396
3573,++-+-+++++-++--++---+-+-----+,9.549467,262,841,524
3574,+-++-+++++-++--++---+-+---+++,7.971495,142,841,284
3575,++++-+++++-++--++---+-+---+-+,9.600215,334,841,668
3576,+---++++++-++--++---+-+-++-++,11.180340,302,841,604
3577,++--++++++-++--++---+-+-++--+,11.180340,270,841,540
3578,+-+-++++++-++--++---+-+-+++++,9.916831,310,841,620
3579,+++-++++++-++--++---+-+-+++-+,9.000000,278,841,556
3580,+--+++++++-++--++---+-+-+--++,12.529964,462,841,924
3581,++-+++++++-++--++---+-+-+---+,11.180340,430,841,860
3582,+-++++++++-++--++---+-+-+-+++,9.884720,374,841,748
3583,++++++++++-++--++---+-+-+-+-+,9.866860,470,841,940
3584,+---------+++--++-++-+-+-+-++,8.337532,158,841,316
3585,++--------+++--++-++-+-+-+--+,7.739017,126,841,252
3586,+-+-------+++--++-++-+-+-++++,8.403241,198,841,396
3587,+++-------+++--++-++-+-+-++-+,7.923599,166,841,332
3588,+--+------+++--++-++-+-+---++,10.440307,286,841,572
3589,++-+------+++--++-++-+-+----+,8.870257,254,841,508
3590,+-++------+++--++-++-+-+--+++,10.049876,294,841,588
3591,++++------+++--++-++-+-+--+-+,9.435625,262,841,524
3592,+---+-----+++--++-++-+-+++-++,9.219544,230,841,460
3593,++--+-----+++--++-++-+-+++--+,8.451950,166,841,332
3594,+-+-+-----+++--++-++-+-++++++,8.412285,174,841,348
3595,+++-+-----+++--++-++-+-++++-+,7.875691,110,841,220
3596,+--++-----+++--++-++-+-++--++,12.206556,486,841,972
3597,++-++-----+++--++-++-+-++---+,9.219544,230,841,460
3598,+-+++-----+++--++-++-+-++-+++,10.440307,270,841,540
3599,+++++-----+++--++-++-+-++-+-+,7.279964,142,841,284
3600,+----+----+++--++-++-+---+-++,8.668943,158,841,316
3601,++---+----+++--++-++-+---+--+,9.779137,318,841,636
3602,+-+--+----+++--++-++-+---++++,8.638691,262,841,524
3603,+++--+----+++--++-++-+---++-+,10.275219,422,841,844
3604,+--+-+----+++--++-++-+-----++,9.233832,254,841,508
3605,++-+-+----+++--++-++-+------+,9.117144,222,841,444
3606,+-++-+----+++--++-++-+----+++,10.163974,390,841,780
3607,++++-+----+++--++-++-+----+-+,9.671958,358,841,716
3608,+---++----+++--++-++-+--++-++,8.207054,262,841,524
3609,++--++----+++--++-++-+--++--+,10.777255,454,841,908
3610,+-+-++----+++--++-++-+--+++++,8.953362,206,841,412
3611,+++-++----+++--++-++-+--+++-+,9.757526,270,841,540
3612,+--+++----+++--++-++-+--+--++,9.654190,358,841,716
3613,++-+++----+++--++-++-+--+---+,8.234514,166,841,332
3614,+-++++----+++--++-++-+--+-+++,10.024032,334,841,668
3615,++++++----+++--++-++-+--+-+-+,8.279368,142,841,284
3616,+-----+---+++--++-++-+++-+-++,10.461506,390,841,780
3617,++----+---+++--++-++-+++-+--+,10.010294,326,841,652
3618,+-+---+---+++--++-++-+++-++++,9.307226,302,841,604
3619,+++---+---+++--++-++-+++-++-+,9.182342,238,841,476
3620,+--+--+---+++--++-++-+++---++,10.881039,518,841,1036
3621,++-+--+---+++--++-++-+++----+,9.999973,326,841,652
3622,+-++--+---+++--++-++-+++--+++,11.180340,398,841,796
3623,++++--+---+++--++-++-+++--+-+,8.683482,206,841,412
3624,+---+-+---+++--++-++-+++++-++,10.456564,430,841,860
3625,++--+-+---+++--++-++-+++++--+,10.328146,334,841,668
3626,+-+-+-+---+++--++-++-++++++++,9.000000,246,841,492
3627,+++-+-+---+++--++-++-++++++-+,9.000000,150,841,300
3628,+--++-+---+++--++-++-++++--++,11.421734,622,841,1244
3629,++-++-+---+++--++-++-++++---+,10.275200,334,841,668
3630,+-+++-+---+++--++-++-++++-+++,10.049876,278,841,556
3631,+++++-+---+++--++-++-++++-+-+,9.000000,118,841,236
3632,+----++---+++--++-++-++--+-++,11.633004,582,841,1164
3633,++---++---+++--++-++-++--+--+,10.327866,646,841,1292
3634,+-+--++---+++--++-++-++--++++,11.277826,494,841,988
3635,+++--++---+++--++-++-++--++-+,11.738369,686,841,1372
3636,+--+-++---+++--++-++-++----++,11.922031,614,841,1228
3637,++-+-++---+++--++-++-++-----+,10.403922,358,841,716
3638,+-++-++---+++--++-++-++---+++,10.375979,430,841,860
3639,++++-++---+++--++-++-++---+-+,9.704109,302,841,604
3640,+---+++---+++--++-++-++-++-++,10.871814,526,841,1052
3641,++--+++---+++--++-++-++-++--+,10.241027,622,841,1244
3642,+-+-+++---+++--++-++-++-+++++,9.188573,278,841,556
3643,+++-+++---+++--++-++-++-+++-+,9.944081,374,841,748
3644,+--++++---+++--++-++-++-+--++,11.885190,622,841,1244
3645,++-++++---+++--++-++-++-+---+,10.402572,334,841,668
3646,+-+++++---+++--++-++-++-+-+++,9.285782,278,841,556
3647,+++++++---+++--++-++-++-+-+-+,9.000000,118,841,236
3648,+------+--+++--++-++---+-+-++,10.440307,286,841,572
3649,++-----+--+++--++-++---+-+--+,8.449665,190,841,380
3650,+-+----+--+++--++-++---+-++++,10.049876,326,841,652
3651,+++----+--+++--++-++---+-++-+,8.666435,230,841,460
3652,+--+---+--+++--++-++---+---++,14.317821,798,841,1596
3653,++-+---+--+++--++-++---+----+,10.440307,318,841,636
3654,+-++---+--+++--++-++---+--+++,14.035669,806,841,1612
3655,++++---+--+++--++-++---+--+-+,10.049876,326,841,652
3656,+---+--+--+++--++-++---+++-++,12.206556,454,841,908
3657,++--+--+--+++--++-++---+++--+,9.539521,390,841,780
3658,+-+-+--+--+++--++-++---++++++,10.440307,270,841,540
3659,+++-+--+--+++--++-++---++++-+,8.247565,206,841,412
3660,+--++--+--+++--++-++---++--++,15.652476,1158,841,2316
3661,++-++--+--+++--++-++---++---+,12.206556,518,841,1036
3662,+-+++--+--+++--++-++---++-+++,14.317821,814,841,1628
3663,+++++--+--+++--++-++---++-+-+,10.440307,302,841,604
3664,+----+-+--+++--++-++-----+-++,7.872231,126,841,252
3665,++---+-+--+++--++-++-----+--+,8.998420,222,841,444
3666,+-+--+-+--+++--++-++-----++++,8.265560,166,841,332
3667,+++--+-+--+++--++-++-----++-+,9.094184,262,841,524
3668,+--+-+-+--+++--++-++-------++,10.440307,222,841,444
3669,++-+-+-+--+++--++-++--------+,8.024412,126,841,252
3670,+-++-+-+--+++--++-++------+++,10.049876,294,841,588
3671,++++-+-+--+++--++-++------+-+,8.738125,198,841,396
3672,+---++-+--+++--++-++----++-++,9.219544,262,841,524
3673,++--++-+--+++--++-++----++--+,9.990619,454,841,908
3674,+-+-++-+--+++--++-++----+++++,8.279855,142,841,284
3675,+++-++-+--+++--++-++----+++-+,8.856877,206,841,412
3676,+--+++-+--+++--++-++----+--++,12.206556,422,841,844
3677,++-+++-+--+++--++-++----+---+,9.219544,230,841,460
3678,+-++++-+--+++--++-++----+-+++,10.440307,334,841,668
3679,++++++-+--+++--++-++----+-+-+,8.016237,142,841,284
3680,+-----++--+++--++-++--++-+-++,10.049876,422,841,844
3681,++----++--+++--++-++--++-+--+,11.085631,486,841,972
3682,+-+---++--+++--++-++--++-++++,11.180340,398,841,796
3683,+++---++--+++--++-++--++-++-+,8.946420,334,841,668
3684,+--+--++--+++--++-++--++---++,14.035669,998,841,1996
3685,++-+--++--+++--++-++--++----+,10.618989,550,841,1100
3686,+-++--++--+++--++-++--++--+++,14.866069,1070,841,2140
3687,++++--++--+++--++-++--++--+-+,11.180340,494,841,988
3688,+---+-++--+++--++-++--++++-++,10.440307,494,841,988
3689,++--+-++--+++--++-++--++++--+,11.524186,590,841,1180
3690,+-+-+-++--+++--++-++--+++++++,10.049876,246,841,492
3691,+++-+-++--+++--++-++--+++++-+,9.000000,214,841,428
3692,+--++-++--+++--++-++--+++--++,14.317821,1070,841,2140
3693,++-++-++--+++--++-++--+++---+,10.533062,590,841,1180
3694,+-+++-++--+++--++-++--+++-+++,14.035669,790,841,1580
3695,+++++-++--+++--++-++--+++-+-+,10.049876,310,841,620
3696,+----+++--+++--++-++--+--+-++,10.127317,326,841,652
3697,++---+++--+++--++-++--+--+--+,10.364421,518,841,1036
3698,+-+--+++--+++--++-++--+--++++,9.432811,238,841,476
3699,+++--+++--+++--++-++--+--++-+,10.040699,430,841,860
3700,+--+-+++--+++--++-++--+----++,10.300245,422,841,844
3701,++-+-+++--+++--++-++--+-----+,10.060506,294,841,588
3702,+-++-+++--+++--++-++--+---+++,11.180340,366,841,732
3703,++++-+++--+++--++-++--+---+-+,8.698333,238,841,476
3704,+---++++--+++--++-++--+-++-++,10.227147,366,841,732
3705,++--++++--+++--++-++--+-++--+,11.287632,654,841,1308
3706,+-+-++++--+++--++-++--+-+++++,9.000000,118,841,236
3707,+++-++++--+++--++-++--+-+++-+,9.000000,278,841,556
3708,+--+++++--+++--++-++--+-+--++,10.440307,462,841,924
3709,++-+++++--+++--++-++--+-+---+,10.336926,366,841,732
3710,+-++++++--+++--++-++--+-+-+++,10.049876,246,841,492
3711,++++++++--+++--++-++--+-+-+-+,9.000000,150,841,300
3712,+-------+-+++--++-++++-+-+-++,9.219544,294,841,588
3713,++------+-+++--++-++++-+-+--+,9.623675,294,841,588
3714,+-+-----+-+++--++-++++-+-++++,9.502420,270,841,540
3715,+++-----+-+++--++-++++-+-++-+,9.657319,270,841,540
3716,+--+----+-+++--++-++++-+---++,12.206556,518,841,1036
3717,++-+----+-+++--++-++++-+----+,10.985784,518,841,1036
3718,+-++----+-+++--++-++++-+--+++,10.497666,462,841,924
3719,++++----+-+++--++-++++-+--+-+,11.207858,462,841,924
3720,+---+---+-+++--++-++++-+++-++,12.529964,462,841,924
3721,++--+---+-+++--++-++++-+++--+,11.180340,302,841,604
3722,+-+-+---+-+++--++-++++-++++++,9.219544,342,841,684
3723,+++-+---+-+++--++-++++-++++-+,9.000000,182,841,364
3724,+--++---+-+++--++-++++-++--++,14.866069,814,841,1628
3725,++-++---+-+++--++-++++-++---+,12.529964,462,841,924
3726,+-+++---+-+++--++-++++-++-+++,12.206556,534,841,1068
3727,+++++---+-+++--++-++++-++-+-+,9.219544,310,841,620
3728,+----+--+-+++--++-++++---+-++,8.660301,166,841,332
3729,++---+--+-+++--++-++++---+--+,9.809604,358,841,716
3730,+-+--+--+-+++--++-++++---++++,9.523271,270,841,540
3731,+++--+--+-+++--++-++++---++-+,10.125652,462,841,924
3732,+--+-+--+-+++--++-++++-----++,9.219544,294,841,588
3733,++-+-+--+-+++--++-++++------+,10.012139,294,841,588
3734,+-++-+--+-+++--++-++++----+++,10.880860,430,841,860
3735,++++-+--+-+++--++-++++----+-+,11.094600,430,841,860
3736,+---++--+-+++--++-++++--++-++,11.180340,302,841,604
3737,++--++--+-+++--++-++++--++--+,11.180340,526,841,1052
3738,+-+-++--+-+++--++-++++--+++++,9.000000,246,841,492
3739,+++-++--+-+++--++-++++--+++-+,9.786212,342,841,684
3740,+--+++--+-+++--++-++++--+--++,12.529964,430,841,860
3741,++-+++--+-+++--++-++++--+---+,11.180340,270,841,540
3742,+-++++--+-+++--++-++++--+-+++,9.975919,406,841,812
3743,++++++--+-+++--++-++++--+-+-+,9.002722,246,841,492
3744,+-----+-+-+++--++-++++++-+-++,9.170892,238,841,476
3745,++----+-+-+++--++-++++++-+--+,9.240435,206,841,412
3746,+-+---+-+-+++--++-++++++-++++,9.214791,278,841,556
3747,+++---+-+-+++--++-++++++-++-+,9.000000,246,841,492
3748,+--+--+-+-+++--++-++++++---++,10.440307,270,841,540
3749,++-+--+-+-+++--++-++++++----+,10.046443,238,841,476
3750,+-++--+-+-+++--++-++++++--+++,10.049876,278,841,556
3751,++++--+-+-+++--++-++++++--+-+,9.410993,246,841,492
3752,+---+-+-+-+++--++-++++++++-++,9.686865,374,841,748
3753,++--+-+-+-+++--++-++++++++--+,9.000000,182,841,364
3754,+-+-+-+-+-+++--++-+++++++++++,13.000000,702,841,1404
3755,+++-+-+-+-+++--++-+++++++++-+,13.000000,510,841,1020
3756,+--++-+-+-+++--++-+++++++--++,12.206556,470,841,940
3757,++-++-+-+-+++--++-+++++++---+,9.219544,214,841,428
3758,+-+++-+-+-+++--++-+++++++-+++,13.000000,638,841,1276
3759,+++++-+-+-+++--++-+++++++-+-+,13.000000,510,841,1020
3760,+----++-+-+++--++-+++++--+-++,9.200433,238,841,476
3761,++---++-+-+++--++-+++++--+--+,9.834893,334,841,668
3762,+-+--++-+-+++--++-+++++--++++,9.610043,342,841,684
3763,+++--++-+-+++--++-+++++--++-+,11.142699,566,841,1132
3764,+--+-++-+-+++--++-+++++----++,9.111145,238,841,476
3765,++-+-++-+-+++--++-+++++-----+,8.539565,142,841,284
3766,+-++-++-+-+++--++-+++++---+++,9.000000,246,841,492
3767,++++-++-+-+++--++-+++++---+-+,9.000000,278,841,556
3768,+---+++-+-+++--++-+++++-++-++,9.000000,214,841,428
3769,++--+++-+-+++--++-+++++-++--+,10.069729,342,841,684
3770,+-+-+++-+-+++--++-+++++-+++++,13.000000,542,841,1084
3771,+++-+++-+-+++--++-+++++-+++-+,13.000000,670,841,1340
3772,+--++++-+-+++--++-+++++-+--++,9.219544,278,841,556
3773,++-++++-+-+++--++-+++++-+---+,9.000000,150,841,300
3774,+-+++++-+-+++--++-+++++-+-+++,13.000000,510,841,1020
3775,+++++++-+-+++--++-+++++-+-+-+,13.000000,510,841,1020
3776,+------++-+++--++-+++--+-+-++,12.206556,550,841,1100
3777,++-----++-+++--++-+++--+-+--+,9.219544,294,841,588
3778,+-+----++-+++--++-+++--+-++++,10.440307,462,841,924
3779,+++----++-+++--++-+++--+-++-+,9.834474,334,841,668
3780,+--+---++-+++--++-+++--+---++,15.652476,1222,841,2444
3781,++-+---++-+++--++-+++--+----+,12.206556,582,841,1164
3782,+-++---++-+++--++-+++--+--+++,14.317821,974,841,1948
3783,++++---++-+++--++-+++--+--+-+,10.440307,462,841,924
3784,+---+--++-+++--++-+++--+++-++,14.866069,878,841,1756
3785,++--+--++-+++--++-+++--+++--+,12.529964,526,841,1052
3786,+-+-+--++-+++--++-+++--++++++,12.206556,566,841,1132
3787,+++-+--++-+++--++-+++--++++-+,9.219544,342,841,684
3788,+--++--++-+++--++-+++--++--++,17.804494,1870,841,3740
3789,++-++--++-+++--++-+++--++---+,14.866069,942,841,1884
3790,+-+++--++-+++--++-+++--++-+++,15.652476,1270,841,2540
3791,+++++--++-+++--++-+++--++-+-+,12.206556,598,841,1196
3792,+----+-++-+++--++-+++----+-++,10.074997,326,841,652
3793,++---+-++-+++--++-+++----+--+,8.899778,262,841,524
3794,+-+--+-++-+++--++-+++----++++,10.184514,302,841,604
3795,+++--+-++-+++--++-+++----++-+,9.728338,366,841,732
3796,+--+-+-++-+++--++-+++------++,12.206556,518,841,1036
3797,++-+-+-++-+++--++-+++-------+,9.219544,262,841,524
3798,+-++-+-++-+++--++-+++-----+++,10.440307,398,841,796
3799,++++-+-++-+++--++-+++-----+-+,9.666669,270,841,540
3800,+---++-++-+++--++-+++---++-++,12.529964,430,841,860
3801,++--++-++-+++--++-+++---++--+,11.180340,462,841,924
3802,+-+-++-++-+++--++-+++---+++++,9.219544,246,841,492
3803,+++-++-++-+++--++-+++---+++-+,9.000000,278,841,556
3804,+--+++-++-+++--++-+++---+--++,14.866069,814,841,1628
3805,++-+++-++-+++--++-+++---+---+,12.529964,462,841,924
3806,+-++++-++-+++--++-+++---+-+++,12.206556,534,841,1068
3807,++++++-++-+++--++-+++---+-+-+,9.219544,310,841,620
3808,+-----+++-+++--++-+++-++-+-++,10.440307,270,841,540
3809,++----+++-+++--++-+++-++-+--+,7.905906,174,841,348
3810,+-+---+++-+++--++-+++-++-++++,10.049876,310,841,620
3811,+++---+++-+++--++-+++-++-++-+,9.000000,214,841,428
3812,+--+--+++-+++--++-+++-++---++,14.317821,814,841,1628
3813,++-+--+++-+++--++-+++-++----+,10.440307,334,841,668
3814,+-++--+++-+++--++-+++-++--+++,14.035669,822,841,1644
3815,++++--+++-+++--++-+++-++--+-+,10.049876,342,841,684
3816,+---+-+++-+++--++-+++-++++-++,12.206556,502,841,1004
3817,++--+-+++-+++--++-+++-++++--+,9.219544,310,841,620
3818,+-+-+-+++-+++--++-+++-+++++++,13.000000,702,841,1404
3819,+++-+-+++-+++--++-+++-+++++-+,13.000000,510,841,1020
3820,+--++-+++-+++--++-+++-+++--++,15.652476,1174,841,2348
3821,++-++-+++-+++--++-+++-+++---+,12.206556,534,841,1068
3822,+-+++-+++-+++--++-+++-+++-+++,14.317821,1214,841,2428
3823,+++++-+++-+++--++-+++-+++-+-+,13.000000,702,841,1404
3824,+----++++-+++--++-+++-+--+-++,9.275792,174,841,348
3825,++---++++-+++--++-+++-+--+--+,8.820207,206,841,412
3826,+-+--++++-+++--++-+++-+--++++,9.000000,214,841,428
3827,+++--++++-+++--++-+++-+--++-+,9.837205,374,841,748
3828,+--+-++++-+++--++-+++-+----++,10.440307,302,841,604
3829,++-+-++++-+++--++-+++-+-----+,7.822414,142,841,284
3830,+-++-++++-+++--++-+++-+---+++,10.049876,246,841,492
3831,++++-++++-+++--++-+++-+---+-+,9.000000,214,841,428
3832,+---+++++-+++--++-+++-+-++-++,9.219544,182,841,364
3833,++--+++++-+++--++-+++-+-++--+,9.247618,310,841,620
3834,+-+-+++++-+++--++-+++-+-+++++,13.000000,446,841,892
3835,+++-+++++-+++--++-+++-+-+++-+,13.000000,574,841,1148
3836,+--++++++-+++--++-+++-+-+--++,12.206556,438,841,876
3837,++-++++++-+++--++-+++-+-+---+,9.219544,310,841,620
3838,+-+++++++-+++--++-+++-+-+-+++,13.000000,606,841,1212
3839,+++++++++-+++--++-+++-+-+-+-+,13.000000,606,841,1212
3840,+--------++++--++-+--+-+-+-++,9.397091,286,841,572
3841,++-------++++--++-+--+-+-+--+,7.275342,126,841,252
3842,+-+------++++--++-+--+-+-++++,10.126879,326,841,652
3843,+++------++++--++-+--+-+-++-+,8.955095,294,841,588
3844,+--+-----++++--++-+--+-+---++,10.581364,414,841,828
3845,++-+-----++++--++-+--+-+----+,8.655709,254,841,508
3846,+-++-----++++--++-+--+-+--+++,8.890018,294,841,588
3847,++++-----++++--++-+--+-+--+-+,8.701264,262,841,524
3848,+---+----++++--++-+--+-+++-++,9.539639,294,841,588
3849,++--+----++++--++-+--+-+++--+,8.349459,230,841,460
3850,+-+-+----++++--++-+--+-++++++,9.432127,238,841,476
3851,+++-+----++++--++-+--+-++++-+,9.384177,302,841,604
3852,+--++----++++--++-+--+-++--++,11.875109,678,841,1356
3853,++-++----++++--++-+--+-++---+,10.304249,422,841,844
3854,+-+++----++++--++-+--+-++-+++,9.639112,334,841,668
3855,+++++----++++--++-+--+-++-+-+,9.279007,334,841,668
3856,+----+---++++--++-+--+---+-++,10.362377,446,841,892
3857,++---+---++++--++-+--+---+--+,9.272131,286,841,572
3858,+-+--+---++++--++-+--+---++++,9.788335,422,841,844
3859,+++--+---++++--++-+--+---++-+,10.065274,390,841,780
3860,+--+-+---++++--++-+--+-----++,11.405897,542,841,1084
3861,++-+-+---++++--++-+--+------+,8.479256,190,841,380
3862,+-++-+---++++--++-+--+----+++,9.875336,422,841,844
3863,++++-+---++++--++-+--+----+-+,8.769011,198,841,396
3864,+---++---++++--++-+--+--++-++,9.972092,422,841,844
3865,++--++---++++--++-+--+--++--+,10.109954,422,841,844
3866,+-+-++---++++--++-+--+--+++++,8.905836,238,841,476
3867,+++-++---++++--++-+--+--+++-+,9.265978,238,841,476
3868,+--+++---++++--++-+--+--+--++,11.911796,646,841,1292
3869,++-+++---++++--++-+--+--+---+,9.586659,262,841,524
3870,+-++++---++++--++-+--+--+-+++,9.949415,366,841,732
3871,++++++---++++--++-+--+--+-+-+,7.143331,110,841,220
3872,+-----+--++++--++-+--+++-+-++,11.463903,550,841,1100
3873,++----+--++++--++-+--+++-+--+,10.187368,358,841,716
3874,+-+---+--++++--++-+--+++-++++,9.975423,334,841,668
3875,+++---+--++++--++-+--+++-++-+,9.531470,270,841,540
3876,+--+--+--++++--++-+--+++---++,12.407009,806,841,1612
3877,++-+--+--++++--++-+--+++----+,10.461988,486,841,972
3878,+-++--+--++++--++-+--+++--+++,9.960610,430,841,860
3879,++++--+--++++--++-+--+++--+-+,8.856395,238,841,476
3880,+---+-+--++++--++-+--+++++-++,11.585701,590,841,1180
3881,++--+-+--++++--++-+--+++++--+,10.318358,366,841,732
3882,+-+-+-+--++++--++-+--++++++++,9.000000,278,841,556
3883,+++-+-+--++++--++-+--++++++-+,9.000000,182,841,364
3884,+--++-+--++++--++-+--++++--++,13.266489,1038,841,2076
3885,++-++-+--++++--++-+--++++---+,11.269434,622,841,1244
3886,+-+++-+--++++--++-+--++++-+++,10.550099,438,841,876
3887,+++++-+--++++--++-+--++++-+-+,9.000000,278,841,556
3888,+----++--++++--++-+--++--+-++,12.949710,966,841,1932
3889,++---++--++++--++-+--++--+--+,11.243836,710,841,1420
3890,+-+--++--++++--++-+--++--++++,12.205849,750,841,1500
3891,+++--++--++++--++-+--++--++-+,11.989943,750,841,1500
3892,+--+-++--++++--++-+--++----++,13.547280,1126,841,2252
3893,++-+-++--++++--++-+--++-----+,11.346896,550,841,1100
3894,+-++-++--++++--++-+--++---+++,11.747738,686,841,1372
3895,++++-++--++++--++-+--++---+-+,10.304550,366,841,732
3896,+---+++--++++--++-+--++-++-++,12.343891,846,841,1692
3897,++--+++--++++--++-+--++-++--+,10.518465,622,841,1244
3898,+-+-+++--++++--++-+--++-+++++,10.656026,470,841,940
3899,+++-+++--++++--++-+--++-+++-+,9.832898,374,841,748
3900,+--++++--++++--++-+--++-+--++,13.741964,1198,841,2396
3901,++-++++--++++--++-+--++-+---+,11.471398,590,841,1180
3902,+-+++++--++++--++-+--++-+-+++,11.386473,598,841,1196
3903,+++++++--++++--++-+--++-+-+-+,9.000000,246,841,492
3904,+------+-++++--++-+----+-+-++,10.637158,382,841,764
3905,++-----+-++++--++-+----+-+--+,8.063535,158,841,316
3906,+-+----+-++++--++-+----+-++++,10.676438,486,841,972
3907,+++----+-++++--++-+----+-++-+,10.019759,390,841,780
3908,+--+---+-++++--++-+----+---++,10.440307,318,841,636
3909,++-+---+-++++--++-+----+----+,7.193574,94,841,188
3910,+-++---+-++++--++-+----+--+++,10.049876,262,841,524
3911,++++---+-++++--++-+----+--+-+,8.197705,166,841,332
3912,+---+--+-++++--++-+----+++-++,9.219544,294,841,588
3913,++--+--+-++++--++-+----+++--+,8.204810,230,841,460
3914,+-+-+--+-++++--++-+----++++++,9.472357,302,841,604
3915,+++-+--+-++++--++-+----++++-+,10.185744,366,841,732
3916,+--++--+-++++--++-+----++--++,12.206556,550,841,1100
3917,++-++--+-++++--++-+----++---+,9.219544,294,841,588
3918,+-+++--+-++++--++-+----++-+++,10.440307,270,841,540
3919,+++++--+-++++--++-+----++-+-+,9.502958,270,841,540
3920,+----+-+-++++--++-+------+-++,10.294955,382,841,764
3921,++---+-+-++++--++-+------+--+,7.878126,158,841,316
3922,+-+--+-+-++++--++-+------++++,9.411928,358,841,716
3923,+++--+-+-++++--++-+------++-+,8.926572,262,841,524
3924,+--+-+-+-++++--++-+--------++,9.001896,286,841,572
3925,++-+-+-+-++++--++-+---------+,9.545130,254,841,508
3926,+-++-+-+-++++--++-+-------+++,7.916258,166,841,332
3927,++++-+-+-++++--++-+-------+-+,9.598524,262,841,524
3928,+---++-+-++++--++-+-----++-++,8.218304,198,841,396
3929,++--++-+-++++--++-+-----++--+,8.943833,198,841,396
3930,+-+-++-+-++++--++-+-----+++++,7.675212,142,841,284
3931,+++-++-+-++++--++-+-----+++-+,8.194243,142,841,284
3932,+--+++-+-++++--++-+-----+--++,9.539568,294,841,588
3933,++-+++-+-++++--++-+-----+---+,9.537078,294,841,588
3934,+-++++-+-++++--++-+-----+-+++,7.876808,142,841,284
3935,++++++-+-++++--++-+-----+-+-+,9.651757,270,841,540
3936,+-----++-++++--++-+---++-+-++,10.121306,358,841,716
3937,++----++-++++--++-+---++-+--+,10.204129,294,841,588
3938,+-+---++-++++--++-+---++-++++,8.751929,270,841,540
3939,+++---++-++++--++-+---++-++-+,8.675026,206,841,412
3940,+--+--++-++++--++-+---++---++,10.441696,486,841,972
3941,++-+--++-++++--++-+---++----+,10.049633,294,841,588
3942,+-++--++-++++--++-+---++--+++,11.180340,366,841,732
3943,++++--++-++++--++-+---++--+-+,8.868375,174,841,348
3944,+---+-++-++++--++-+---++++-++,10.343729,366,841,732
3945,++--+-++-++++--++-+---++++--+,10.424367,334,841,668
3946,+-+-+-++-++++--++-+---+++++++,9.000000,182,841,364
3947,+++-+-++-++++--++-+---+++++-+,9.000000,150,841,300
3948,+--++-++-++++--++-+---+++--++,11.289286,622,841,1244
3949,++-++-++-++++--++-+---+++---+,10.229441,398,841,796
3950,+-+++-++-++++--++-+---+++-+++,10.049876,278,841,556
3951,+++++-++-++++--++-+---+++-+-+,9.000000,182,841,364
3952,+----+++-++++--++-+---+--+-++,10.823890,486,841,972
3953,++---+++-++++--++-+---+--+--+,10.000128,358,841,716
3954,+-+--+++-++++--++-+---+--++++,9.986668,334,841,668
3955,+++--+++-++++--++-+---+--++-+,10.055460,334,841,668
3956,+--+-+++-++++--++-+---+----++,11.230114,518,841,1036
3957,++-+-+++-++++--++-+---+-----+,10.085441,454,841,908
3958,+-++-+++-++++--++-+---+---+++,9.365166,270,841,540
3959,++++-+++-++++--++-+---+---+-+,9.535659,334,841,668
3960,+---++++-++++--++-+---+-++-++,10.558464,398,841,796
3961,++--++++-++++--++-+---+-++--+,10.290978,366,841,732
3962,+-+-++++-++++--++-+---+-+++++,9.000000,214,841,428
3963,+++-++++-++++--++-+---+-+++-+,9.000000,182,841,364
3964,+--+++++-++++--++-+---+-+--++,11.546251,558,841,1116
3965,++-+++++-++++--++-+---+-+---+,10.309875,526,841,1052
3966,+-++++++-++++--++-+---+-+-+++,9.000000,278,841,556
3967,++++++++-++++--++-+---+-+-+-+,9.545281,374,841,748
3968,+-------+++++--++-+-++-+-+-++,8.550249,198,841,396
3969,++------+++++--++-+-++-+-+--+,9.779859,262,841,524
3970,+-+-----+++++--++-+-++-+-++++,9.543658,238,841,476
3971,+++-----+++++--++-+-++-+-++-+,9.490833,302,841,604
3972,+--+----+++++--++-+-++-+---++,9.219544,358,841,716
3973,++-+----+++++--++-+-++-+----+,10.915351,422,841,844
3974,+-++----+++++--++-+-++-+--+++,9.949224,366,841,732
3975,++++----+++++--++-+-++-+--+-+,10.685488,430,841,860
3976,+---+---+++++--++-+-++-+++-++,11.180340,238,841,476
3977,++--+---+++++--++-+-++-+++--+,11.180340,270,841,540
3978,+-+-+---+++++--++-+-++-++++++,9.000000,182,841,364
3979,+++-+---+++++--++-+-++-++++-+,9.000000,214,841,428
3980,+--++---+++++--++-+-++-++--++,12.529964,526,841,1052
3981,++-++---+++++--++-+-++-++---+,11.180340,366,841,732
3982,+-+++---+++++--++-+-++-++-+++,9.219544,310,841,620
3983,+++++---+++++--++-+-++-++-+-+,9.000000,278,841,556
3984,+----+--+++++--++-+-++---+-++,8.908964,294,841,588
3985,++---+--+++++--++-+-++---+--+,9.292667,358,841,716
3986,+-+--+--+++++--++-+-++---++++,9.525085,334,841,668
3987,+++--+--+++++--++-+-++---++-+,9.673791,398,841,796
3988,+--+-+--+++++--++-+-++-----++,9.698725,358,841,716
3989,++-+-+--+++++--++-+-++------+,9.759714,230,841,460
3990,+-++-+--+++++--++-+-++----+++,10.064371,430,841,860
3991,++++-+--+++++--++-+-++----+-+,10.448149,302,841,604
3992,+---++--+++++--++-+-++--++-++,11.180340,366,841,732
3993,++--++--+++++--++-+-++--++--+,12.529964,590,841,1180
3994,+-+-++--+++++--++-+-++--+++++,9.000000,246,841,492
3995,+++-++--+++++--++-+-++--+++-+,9.341363,342,841,684
3996,+--+++--+++++--++-+-++--+--++,11.180340,430,841,860
3997,++-+++--+++++--++-+-++--+---+,11.180340,270,841,540
3998,+-++++--+++++--++-+-++--+-+++,9.308073,342,841,684
3999,++++++--+++++--++-+-++--+-+-+,9.000000,182,841,364
4000,+-----+-+++++--++-+-++++-+-++,8.500632,238,841,476
4001,++----+-+++++--++-+-++++-+--+,9.877696,270,841,540
4002,+-+---+-+++++--++-+-++++-++++,9.000000,214,841,428
4003,+++---+-+++++--++-+-++++-++-+,9.000000,246,841,492
4004,+--+--+-+++++--++-+-++++---++,9.766762,334,841,668
4005,++-+--+-+++++--++-+-++++----+,10.300331,366,841,732
4006,+-++--+-+++++--++-+-++++--+++,9.000000,278,841,556
4007,++++--+-+++++--++-+-++++--+-+,9.156987,310,841,620
4008,+---+-+-+++++--++-+-++++++-++,9.000000,310,841,620
4009,++--+-+-+++++--++-+-++++++--+,9.000000,182,841,364
4010,+-+-+-+-+++++--++-+-+++++++++,13.000000,574,841,1148
4011,+++-+-+-+++++--++-+-+++++++-+,13.000000,446,841,892
4012,+--++-+-+++++--++-+-+++++--++,10.545796,470,841,940
4013,++-++-+-+++++--++-+-+++++---+,9.000000,278,841,556
4014,+-+++-+-+++++--++-+-+++++-+++,13.000000,574,841,1148
4015,+++++-+-+++++--++-+-+++++-+-+,13.000000,510,841,1020
4016,+----++-+++++--++-+-+++--+-++,10.652158,398,841,796
4017,++---++-+++++--++-+-+++--+--+,9.692846,366,841,732
4018,+-+--++-+++++--++-+-+++--++++,10.441554,438,841,876
4019,+++--++-+++++--++-+-+++--++-+,11.018345,534,841,1068
4020,+--+-++-+++++--++-+-+++----++,11.099803,462,841,924
4021,++-+-++-+++++--++-+-+++-----+,8.592643,238,841,476
4022,+-++-++-+++++--++-+-+++---+++,9.793644,406,841,812
4023,++++-++-+++++--++-+-+++---+-+,9.000000,310,841,620
4024,+---+++-+++++--++-+-+++-++-++,9.788629,374,841,748
4025,++--+++-+++++--++-+-+++-++--+,9.443641,374,841,748
4026,+-+-+++-+++++--++-+-+++-+++++,13.000000,638,841,1276
4027,+++-+++-+++++--++-+-+++-+++-+,13.000000,638,841,1276
4028,+--++++-+++++--++-+-+++-+--++,11.169339,502,841,1004
4029,++-++++-+++++--++-+-+++-+---+,9.000000,246,841,492
4030,+-+++++-+++++--++-+-+++-+-+++,13.000000,670,841,1340
4031,+++++++-+++++--++-+-+++-+-+-+,13.000000,542,841,1084
4032,+------++++++--++-+-+--+-+-++,9.412500,422,841,844
4033,++-----++++++--++-+-+--+-+--+,8.546732,230,841,460
4034,+-+----++++++--++-+-+--+-++++,10.687604,462,841,924
4035,+++----++++++--++-+-+--+-++-+,10.596800,398,841,796
4036,+--+---++++++--++-+-+--+---++,12.206556,454,841,908
4037,++-+---++++++--++-+-+--+----+,9.219544,262,841,524
4038,+-++---++++++--++-+-+--+--+++,10.440307,334,841,668
4039,++++---++++++--++-+-+--+--+-+,9.491917,270,841,540
4040,+---+--++++++--++-+-+--+++-++,12.529964,430,841,860
4041,++--+--++++++--++-+-+--+++--+,11.180340,270,841,540
4042,+-+-+--++++++--++-+-+--++++++,9.219544,374,841,748
4043,+++-+--++++++--++-+-+--++++-+,9.952198,342,841,684
4044,+--++--++++++--++-+-+--++--++,14.866069,782,841,1564
4045,++-++--++++++--++-+-+--++---+,12.529964,430,841,860
4046,+-+++--++++++--++-+-+--++-+++,12.206556,438,841,876
4047,+++++--++++++--++-+-+--++-+-+,9.219544,342,841,684
4048,+----+-++++++--++-+-+----+-++,10.191130,422,841,844
4049,++---+-++++++--++-+-+----+--+,8.819737,230,841,460
4050,+-+--+-++++++--++-+-+----++++,10.685755,398,841,796
4051,+++--+-++++++--++-+-+----++-+,10.188433,334,841,668
4052,+--+-+-++++++--++-+-+------++,9.219544,358,841,716
4053,++-+-+-++++++--++-+-+-------+,9.910770,358,841,716
4054,+-++-+-++++++--++-+-+-----+++,9.522055,238,841,476
4055,++++-+-++++++--++-+-+-----+-+,9.610774,366,841,732
4056,+---++-++++++--++-+-+---++-++,11.180340,270,841,540
4057,++--++-++++++--++-+-+---++--+,11.180340,302,841,604
4058,+-+-++-++++++--++-+-+---+++++,9.000000,214,841,428
4059,+++-++-++++++--++-+-+---+++-+,9.000000,246,841,492
4060,+--+++-++++++--++-+-+---+--++,12.529964,398,841,796
4061,++-+++-++++++--++-+-+---+---+,11.180340,430,841,860
4062,+-++++-++++++--++-+-+---+-+++,9.219544,246,841,492
4063,++++++-++++++--++-+-+---+-+-+,9.642547,406,841,812
4064,+-----+++++++--++-+-+-++-+-++,8.158378,174,841,348
4065,++----+++++++--++-+-+-++-+--+,8.174215,142,841,284
4066,+-+---+++++++--++-+-+-++-++++,9.000000,214,841,428
4067,+++---+++++++--++-+-+-++-++-+,9.000000,182,841,364
4068,+--+--+++++++--++-+-+-++---++,10.440307,206,841,412
4069,++-+--+++++++--++-+-+-++----+,8.344117,174,841,348
4070,+-++--+++++++--++-+-+-++--+++,10.049876,214,841,428
4071,++++--+++++++--++-+-+-++--+-+,9.000000,182,841,364
4072,+---+-+++++++--++-+-+-++++-++,9.219544,278,841,556
4073,++--+-+++++++--++-+-+-++++--+,9.000000,150,841,300
4074,+-+-+-+++++++--++-+-+-+++++++,13.000000,606,841,1212
4075,+++-+-+++++++--++-+-+-+++++-+,13.000000,478,841,956
4076,+--++-+++++++--++-+-+-+++--++,12.206556,438,841,876
4077,++-++-+++++++--++-+-+-+++---+,9.219544,246,841,492
4078,+-+++-+++++++--++-+-+-+++-+++,13.000000,606,841,1212
4079,+++++-+++++++--++-+-+-+++-+-+,13.000000,542,841,1084
4080,+----++++++++--++-+-+-+--+-++,9.086955,238,841,476
4081,++---++++++++--++-+-+-+--+--+,7.662605,142,841,284
4082,+-+--++++++++--++-+-+-+--++++,9.000000,278,841,556
4083,+++--++++++++--++-+-+-+--++-+,9.247638,310,841,620
4084,+--+-++++++++--++-+-+-+----++,8.368366,238,841,476
4085,++-+-++++++++--++-+-+-+-----+,10.238066,334,841,668
4086,+-++-++++++++--++-+-+-+---+++,9.000000,182,841,364
4087,++++-++++++++--++-+-+-+---+-+,9.977855,406,841,812
4088,+---+++++++++--++-+-+-+-++-++,9.000000,182,841,364
4089,++--+++++++++--++-+-+-+-++--+,9.000000,182,841,364
4090,+-+-+++++++++--++-+-+-+-+++++,13.000000,574,841,1148
4091,+++-+++++++++--++-+-+-+-+++-+,13.000000,574,841,1148
4092,+--++++++++++--++-+-+-+-+--++,9.219544,310,841,620
4093,++-++++++++++--++-+-+-+-+---+,10.441630,438,841,876
4094,+-+++++++++++--++-+-+-+-+-+++,13.000000,606,841,1212
4095,+++++++++++++--++-+-+-+-+-+-+,13.000000,862,841,1724
4096,+------------+---+-+-+-+-+-++,12.279960,910,841,1820
4097,++-----------+---+-+-+-+-+--+,11.000000,494,841,988
4098,+-+----------+---+-+-+-+-++++,12.507474,790,841,1580
4099,+++----------+---+-+-+-+-++-+,10.226656,374,841,748
4100,+--+---------+---+-+-+-+---++,11.000000,494,841,988
4101,++-+---------+---+-+-+-+----+,11.000000,398,841,796
4102,+-++---------+---+-+-+-+--+++,9.841668,342,841,684
4103,++++---------+---+-+-+-+--+-+,8.375682,246,841,492
4104,+---+--------+---+-+-+-+++-++,11.749299,662,841,1324
4105,++--+--------+---+-+-+-+++--+,9.269659,342,841,684
4106,+-+-+--------+---+-+-+-++++++,12.878166,894,841,1788
4107,+++-+--------+---+-+-+-++++-+,11.611070,574,841,1148
4108,+--++--------+---+-+-+-++--++,9.805099,374,841,748
4109,++-++--------+---+-+-+-++---+,7.736592,182,841,364
4110,+-+++--------+---+-+-+-++-+++,10.784791,446,841,892
4111,+++++--------+---+-+-+-++-+-+,10.352930,382,841,764
4112,+----+-------+---+-+-+---+-++,11.000000,494,841,988
4113,++---+-------+---+-+-+---+--+,11.000000,462,841,924
4114,+-+--+-------+---+-+-+---++++,9.859009,310,841,620
4115,+++--+-------+---+-+-+---++-+,10.049876,278,841,556
4116,+--+-+-------+---+-+-+-----++,11.000000,366,841,732
4117,++-+-+-------+---+-+-+------+,11.000000,462,841,924
4118,+-++-+-------+---+-+-+----+++,8.289208,214,841,428
4119,++++-+-------+---+-+-+----+-+,9.280429,310,841,620
4120,+---++-------+---+-+-+--++-++,9.219544,278,841,556
4121,++--++-------+---+-+-+--++--+,12.206556,406,841,812
4122,+-+-++-------+---+-+-+--+++++,10.421276,382,841,764
4123,+++-++-------+---+-+-+--+++-+,10.440307,382,841,764
4124,+--+++-------+---+-+-+--+--++,7.887073,150,841,300
4125,++-+++-------+---+-+-+--+---+,9.219544,214,841,428
4126,+-++++-------+---+-+-+--+-+++,9.353467,286,841,572
4127,++++++-------+---+-+-+--+-+-+,9.171456,350,841,700
4128,+-----+------+---+-+-+++-+-++,11.095789,502,841,1004
4129,++----+------+---+-+-+++-+--+,8.314738,246,841,492
4130,+-+---+------+---+-+-+++-++++,11.936047,638,841,1276
4131,+++---+------+---+-+-+++-++-+,10.399429,382,841,764
4132,+--+--+------+---+-+-+++---++,7.999789,214,841,428
4133,++-+--+------+---+-+-+++----+,7.986173,150,841,300
4134,+-++--+------+---+-+-+++--+++,9.489536,318,841,636
4135,++++--+------+---+-+-+++--+-+,9.135497,254,841,508
4136,+---+-+------+---+-+-+++++-++,11.185416,478,841,956
4137,++--+-+------+---+-+-+++++--+,9.667938,318,841,636
4138,+-+-+-+------+---+-+-++++++++,12.921920,966,841,1932
4139,+++-+-+------+---+-+-++++++-+,12.580633,806,841,1612
4140,+--++-+------+---+-+-++++--++,8.721939,254,841,508
4141,++-++-+------+---+-+-++++---+,9.139971,222,841,444
4142,+-+++-+------+---+-+-++++-+++,11.584102,582,841,1164
4143,+++++-+------+---+-+-++++-+-+,11.966045,678,841,1356
4144,+----++------+---+-+-++--+-++,9.335002,278,841,556
4145,++---++------+---+-+-++--+--+,10.049876,214,841,428
4146,+-+--++------+---+-+-++--++++,9.142526,286,841,572
4147,+++--++------+---+-+-++--++-+,11.180340,350,841,700
4148,+--+-++------+---+-+-++----++,9.576668,214,841,428
4149,++-+-++------+---+-+-++-----+,8.159288,150,841,300
4150,+-++-++------+---+-+-++---+++,7.803988,126,841,252
4151,++++-++------+---+-+-++---+-+,8.164738,190,841,380
4152,+---+++------+---+-+-++-++-++,8.109063,158,841,316
4153,++--+++------+---+-+-++-++--+,10.440307,254,841,508
4154,+-+-+++------+---+-+-++-+++++,11.001224,454,841,908
4155,+++-+++------+---+-+-++-+++-+,11.103295,550,841,1100
4156,+--++++------+---+-+-++-+--++,8.806734,158,841,316
4157,++-++++------+---+-+-++-+---+,8.808083,190,841,380
4158,+-+++++------+---+-+-++-+-+++,10.498593,358,841,716
4159,+++++++------+---+-+-++-+-+-+,10.799061,518,841,1036
4160,+------+-----+---+-+---+-+-++,11.033650,494,841,988
4161,++-----+-----+---+-+---+-+--+,11.000000,526,841,1052
4162,+-+----+-----+---+-+---+-++++,10.121546,310,841,620
4163,+++----+-----+---+-+---+-++-+,9.318329,342,841,684
4164,+--+---+-----+---+-+---+---++,11.000000,526,841,1052
4165,++-+---+-----+---+-+---+----+,11.000000,494,841,988
4166,+-++---+-----+---+-+---+--+++,9.460785,310,841,620
4167,++++---+-----+---+-+---+--+-+,8.800163,278,841,556
4168,+---+--+-----+---+-+---+++-++,9.249866,278,841,556
4169,++--+--+-----+---+-+---+++--+,9.925587,342,841,684
4170,+-+-+--+-----+---+-+---++++++,10.439212,318,841,636
4171,+++-+--+-----+---+-+---++++-+,9.671459,382,841,764
4172,+--++--+-----+---+-+---++--++,10.948214,502,841,1004
4173,++-++--+-----+---+-+---++---+,8.720425,310,841,620
4174,+-+++--+-----+---+-+---++-+++,9.496941,382,841,764
4175,+++++--+-----+---+-+---++-+-+,9.155977,318,841,636
4176,+----+-+-----+---+-+-----+-++,11.000000,430,841,860
4177,++---+-+-----+---+-+-----+--+,11.000000,462,841,924
4178,+-+--+-+-----+---+-+-----++++,8.431633,246,841,492
4179,+++--+-+-----+---+-+-----++-+,9.051504,278,841,556
4180,+--+-+-+-----+---+-+-------++,11.000000,366,841,732
4181,++-+-+-+-----+---+-+--------+,11.030201,526,841,1052
4182,+-++-+-+-----+---+-+------+++,8.351365,214,841,428
4183,++++-+-+-----+---+-+------+-+,9.924803,374,841,748
4184,+---++-+-----+---+-+----++-++,7.787787,182,841,364
4185,++--++-+-----+---+-+----++--+,9.576969,310,841,620
4186,+-+-++-+-----+---+-+----+++++,9.192872,286,841,572
4187,+++-++-+-----+---+-+----+++-+,9.177765,286,841,572
4188,+--+++-+-----+---+-+----+--++,8.498494,182,841,364
4189,++-+++-+-----+---+-+----+---+,9.076899,246,841,492
4190,+-++++-+-----+---+-+----+-+++,9.382085,318,841,636
4191,++++++-+-----+---+-+----+-+-+,10.073693,382,841,764
4192,+-----++-----+---+-+--++-+-++,8.565224,246,841,492
4193,++----++-----+---+-+--++-+--+,11.227334,502,841,1004
4194,+-+---++-----+---+-+--++-++++,9.235345,254,841,508
4195,+++---++-----+---+-+--++-++-+,9.883377,382,841,764
4196,+--+--++-----+---+-+--++---++,9.505759,342,841,684
4197,++-+--++-----+---+-+--++----+,10.742159,406,841,812
4198,+-++--++-----+---+-+--++--+++,10.662390,446,841,892
4199,++++--++-----+---+-+--++--+-+,10.405262,382,841,764
4200,+---+-++-----+---+-+--++++-++,8.297651,190,841,380
4201,++--+-++-----+---+-+--++++--+,11.274090,478,841,956
4202,+-+-+-++-----+---+-+--+++++++,10.806747,422,841,844
4203,+++-+-++-----+---+-+--+++++-+,10.792703,582,841,1164
4204,+--++-++-----+---+-+--+++--++,9.756376,286,841,572
4205,++-++-++-----+---+-+--+++---+,9.910947,318,841,636
4206,+-+++-++-----+---+-+--+++-+++,10.357977,486,841,972
4207,+++++-++-----+---+-+--+++-+-+,10.456239,518,841,1036
4208,+----+++-----+---+-+--+--+-++,8.934922,246,841,492
4209,++---+++-----+---+-+--+--+--+,9.857262,310,841,620
4210,+-+--+++-----+---+-+--+--++++,8.781736,190,841,380
4211,+++--+++-----+---+-+--+--++-+,8.755787,254,841,508
4212,+--+-+++-----+---+-+--+----++,8.509812,182,841,364
4213,++-+-+++-----+---+-+--+-----+,8.664201,246,841,492
4214,+-++-+++-----+---+-+--+---+++,7.846556,158,841,316
4215,++++-+++-----+---+-+--+---+-+,8.870154,222,841,444
4216,+---++++-----+---+-+--+-++-++,7.953567,158,841,316
4217,++--++++-----+---+-+--+-++--+,10.572751,318,841,636
4218,+-+-++++-----+---+-+--+-+++++,10.266887,390,841,780
4219,+++-++++-----+---+-+--+-+++-+,10.267124,422,841,844
4220,+--+++++-----+---+-+--+-+--++,7.232635,94,841,188
4221,++-+++++-----+---+-+--+-+---+,8.491211,190,841,380
4222,+-++++++-----+---+-+--+-+-+++,10.415153,358,841,716
4223,++++++++-----+---+-+--+-+-+-+,10.420899,454,841,908
4224,+-------+----+---+-+++-+-+-++,10.604950,406,841,812
4225,++------+----+---+-+++-+-+--+,9.219544,214,841,428
4226,+-+-----+----+---+-+++-+-++++,11.196707,478,841,956
4227,+++-----+----+---+-+++-+-++-+,9.217932,286,841,572
4228,+--+----+----+---+-+++-+---++,8.082737,150,841,300
4229,++-+----+----+---+-+++-+----+,8.453209,150,841,300
4230,+-++----+----+---+-+++-+--+++,8.318209,190,841,380
4231,++++----+----+---+-+++-+--+-+,8.352207,190,841,380
4232,+---+---+----+---+-+++-+++-++,11.180340,574,841,1148
4233,++--+---+----+---+-+++-+++--+,12.529964,478,841,956
4234,+-+-+---+----+---+-+++-++++++,11.794843,614,841,1228
4235,+++-+---+----+---+-+++-++++-+,11.068221,518,841,1036
4236,+--++---+----+---+-+++-++--++,11.180340,446,841,892
4237,++-++---+----+---+-+++-++---+,11.180340,350,841,700
4238,+-+++---+----+---+-+++-++-+++,9.968791,326,841,652
4239,+++++---+----+---+-+++-++-+-+,10.326863,358,841,716
4240,+----+--+----+---+-+++---+-++,9.219544,310,841,620
4241,++---+--+----+---+-+++---+--+,12.206556,374,841,748
4242,+-+--+--+----+---+-+++---++++,8.987598,254,841,508
4243,+++--+--+----+---+-+++---++-+,10.440307,318,841,636
4244,+--+-+--+----+---+-+++-----++,8.222800,150,841,300
4245,++-+-+--+----+---+-+++------+,9.219544,214,841,428
4246,+-++-+--+----+---+-+++----+++,7.832165,126,841,252
4247,++++-+--+----+---+-+++----+-+,8.223122,190,841,380
4248,+---++--+----+---+-+++--++-++,12.529964,446,841,892
4249,++--++--+----+---+-+++--++--+,14.866069,798,841,1596
4250,+-+-++--+----+---+-+++--+++++,9.358052,294,841,588
4251,+++-++--+----+---+-+++--+++-+,12.206556,518,841,1036
4252,+--+++--+----+---+-+++--+--++,11.180340,286,841,572
4253,++-+++--+----+---+-+++--+---+,12.529964,446,841,892
4254,+-++++--+----+---+-+++--+-+++,8.610118,166,841,332
4255,++++++--+----+---+-+++--+-+-+,9.219544,326,841,652
4256,+-----+-+----+---+-+++++-+-++,10.083020,350,841,700
4257,++----+-+----+---+-+++++-+--+,8.206825,190,841,380
4258,+-+---+-+----+---+-+++++-++++,10.903081,486,841,972
4259,+++---+-+----+---+-+++++-++-+,9.943088,326,841,652
4260,+--+--+-+----+---+-+++++---++,8.514543,158,841,316
4261,++-+--+-+----+---+-+++++----+,8.320636,190,841,380
4262,+-++--+-+----+---+-+++++--+++,8.683821,262,841,524
4263,++++--+-+----+---+-+++++--+-+,9.469424,294,841,588
4264,+---+-+-+----+---+-+++++++-++,10.282887,358,841,716
4265,++--+-+-+----+---+-+++++++--+,9.513618,294,841,588
4266,+-+-+-+-+----+---+-++++++++++,12.200035,846,841,1692
4267,+++-+-+-+----+---+-++++++++-+,12.507681,782,841,1564
4268,+--++-+-+----+---+-++++++--++,8.674222,230,841,460
4269,++-++-+-+----+---+-++++++---+,9.947839,294,841,588
4270,+-+++-+-+----+---+-++++++-+++,11.431406,558,841,1116
4271,+++++-+-+----+---+-++++++-+-+,12.405175,750,841,1500
4272,+----++-+----+---+-++++--+-++,10.781421,382,841,764
4273,++---++-+----+---+-++++--+--+,10.440307,286,841,572
4274,+-+--++-+----+---+-++++--++++,10.162980,326,841,652
4275,+++--++-+----+---+-++++--++-+,10.049876,358,841,716
4276,+--+-++-+----+---+-++++----++,10.507320,350,841,700
4277,++-+-++-+----+---+-++++-----+,8.708398,254,841,508
4278,+-++-++-+----+---+-++++---+++,8.867345,198,841,396
4279,++++-++-+----+---+-++++---+-+,8.856477,230,841,460
4280,+---+++-+----+---+-++++-++-++,9.219544,230,841,460
4281,++--+++-+----+---+-++++-++--+,12.206556,422,841,844
4282,+-+-+++-+----+---+-++++-+++++,10.734413,462,841,924
4283,+++-+++-+----+---+-++++-+++-+,11.302471,654,841,1308
4284,+--++++-+----+---+-++++-+--++,9.186207,262,841,524
4285,++-++++-+----+---+-++++-+---+,10.081253,390,841,780
4286,+-+++++-+----+---+-++++-+-+++,10.588367,398,841,796
4287,+++++++-+----+---+-++++-+-+-+,11.538542,654,841,1308
4288,+------++----+---+-++--+-+-++,8.064136,182,841,364
4289,++-----++----+---+-++--+-+--+,9.348238,246,841,492
4290,+-+----++----+---+-++--+-++++,8.583976,254,841,508
4291,+++----++----+---+-++--+-++-+,10.569338,446,841,892
4292,+--+---++----+---+-++--+---++,9.628671,310,841,620
4293,++-+---++----+---+-++--+----+,8.674523,182,841,364
4294,+-++---++----+---+-++--+--+++,9.307307,222,841,444
4295,++++---++----+---+-++--+--+-+,8.777792,222,841,444
4296,+---+--++----+---+-++--+++-++,11.180340,318,841,636
4297,++--+--++----+---+-++--+++--+,11.180340,414,841,828
4298,+-+-+--++----+---+-++--++++++,9.210403,230,841,460
4299,+++-+--++----+---+-++--++++-+,10.140011,454,841,908
4300,+--++--++----+---+-++--++--++,12.529964,766,841,1532
4301,++-++--++----+---+-++--++---+,11.180340,478,841,956
4302,+-+++--++----+---+-++--++-+++,9.785542,390,841,780
4303,+++++--++----+---+-++--++-+-+,9.458436,358,841,716
4304,+----+-++----+---+-++----+-++,9.562076,374,841,748
4305,++---+-++----+---+-++----+--+,9.219544,310,841,620
4306,+-+--+-++----+---+-++----++++,10.065629,382,841,764
4307,+++--+-++----+---+-++----++-+,10.927704,446,841,892
4308,+--+-+-++----+---+-++------++,8.803451,214,841,428
4309,++-+-+-++----+---+-++-------+,7.960965,150,841,300
4310,+-++-+-++----+---+-++-----+++,7.807128,126,841,252
4311,++++-+-++----+---+-++-----+-+,8.222046,190,841,380
4312,+---++-++----+---+-++---++-++,11.180340,286,841,572
4313,++--++-++----+---+-++---++--+,12.529964,446,841,892
4314,+-+-++-++----+---+-++---+++++,8.337936,198,841,396
4315,+++-++-++----+---+-++---+++-+,9.558284,358,841,716
4316,+--+++-++----+---+-++---+--++,11.180340,318,841,636
4317,++-+++-++----+---+-++---+---+,11.180340,286,841,572
4318,+-++++-++----+---+-++---+-+++,8.540576,134,841,268
4319,++++++-++----+---+-++---+-+-+,8.736635,230,841,460
4320,+-----+++----+---+-++-++-+-++,8.596976,158,841,316
4321,++----+++----+---+-++-++-+--+,9.597138,318,841,636
4322,+-+---+++----+---+-++-++-++++,8.827565,230,841,460
4323,+++---+++----+---+-++-++-++-+,9.545549,390,841,780
4324,+--+--+++----+---+-++-++---++,9.277047,286,841,572
4325,++-+--+++----+---+-++-++----+,9.193719,254,841,508
4326,+-++--+++----+---+-++-++--+++,10.071837,326,841,652
4327,++++--+++----+---+-++-++--+-+,9.144204,294,841,588
4328,+---+-+++----+---+-++-++++-++,7.280110,70,841,140
4329,++--+-+++----+---+-++-++++--+,9.627494,262,841,524
4330,+-+-+-+++----+---+-++-+++++++,10.456360,366,841,732
4331,+++-+-+++----+---+-++-+++++-+,10.812550,558,841,1116
4332,+--++-+++----+---+-++-+++--++,9.982296,326,841,652
4333,++-++-+++----+---+-++-+++---+,8.665711,262,841,524
4334,+-+++-+++----+---+-++-+++-+++,10.356955,462,841,924
4335,+++++-+++----+---+-++-+++-+-+,10.776146,526,841,1052
4336,+----++++----+---+-++-+--+-++,10.640649,478,841,956
4337,++---++++----+---+-++-+--+--+,9.003534,318,841,636
4338,+-+--++++----+---+-++-+--++++,10.742149,422,841,844
4339,+++--++++----+---+-++-+--++-+,10.532323,390,841,780
4340,+--+-++++----+---+-++-+----++,9.904175,382,841,764
4341,++-+-++++----+---+-++-+-----+,8.392760,222,841,444
4342,+-++-++++----+---+-++-+---+++,8.990079,230,841,460
4343,++++-++++----+---+-++-+---+-+,8.294874,198,841,396
4344,+---+++++----+---+-++-+-++-++,8.282901,166,841,332
4345,++--+++++----+---+-++-+-++--+,9.219544,230,841,460
4346,+-+-+++++----+---+-++-+-+++++,10.329144,398,841,796
4347,+++-+++++----+---+-++-+-+++-+,10.331643,462,841,924
4348,+--++++++----+---+-++-+-+--++,8.079605,198,841,396
4349,++-++++++----+---+-++-+-+---+,8.945389,198,841,396
4350,+-+++++++----+---+-++-+-+-+++,10.372346,334,841,668
4351,+++++++++----+---+-++-+-+-+-+,10.315291,462,841,924
4352,+--------+---+---+---+-+-+-++,11.200476,590,841,1180
4353,++-------+---+---+---+-+-+--+,11.000000,494,841,988
4354,+-+------+---+---+---+-+-++++,10.581402,406,841,812
4355,+++------+---+---+---+-+-++-+,10.049876,310,841,620
4356,+--+-----+---+---+---+-+---++,11.000000,494,841,988
4357,++-+-----+---+---+---+-+----+,11.000000,334,841,668
4358,+-++-----+---+---+---+-+--+++,8.861630,278,841,556
4359,++++-----+---+---+---+-+--+-+,8.217614,118,841,236
4360,+---+----+---+---+---+-+++-++,9.746822,406,841,812
4361,++--+----+---+---+---+-+++--+,12.206556,406,841,812
4362,+-+-+----+---+---+---+-++++++,10.791047,446,841,892
4363,+++-+----+---+---+---+-++++-+,10.440307,446,841,892
4364,+--++----+---+---+---+-++--++,10.683817,438,841,876
4365,++-++----+---+---+---+-++---+,9.219544,182,841,364
4366,+-+++----+---+---+---+-++-+++,9.421528,318,841,636
4367,+++++----+---+---+---+-++-+-+,9.185598,190,841,380
4368,+----+---+---+---+---+---+-++,11.000000,590,841,1180
4369,++---+---+---+---+---+---+--+,14.317821,1070,841,2140
4370,+-+--+---+---+---+---+---++++,10.049876,342,841,684
4371,+++--+---+---+---+---+---++-+,14.035669,822,841,1644
4372,+--+-+---+---+---+---+-----++,11.000000,398,841,796
4373,++-+-+---+---+---+---+------+,11.000000,622,841,1244
4374,+-++-+---+---+---+---+----+++,8.216751,182,841,364
4375,++++-+---+---+---+---+----+-+,10.049876,406,841,812
4376,+---++---+---+---+---+--++-++,12.206556,502,841,1004
4377,++--++---+---+---+---+--++--+,15.652476,1142,841,2284
4378,+-+-++---+---+---+---+--+++++,10.440307,414,841,828
4379,+++-++---+---+---+---+--+++-+,14.317821,926,841,1852
4380,+--+++---+---+---+---+--+--++,9.219544,310,841,620
4381,++-+++---+---+---+---+--+---+,12.206556,502,841,1004
4382,+-++++---+---+---+---+--+-+++,9.286285,254,841,508
4383,++++++---+---+---+---+--+-+-+,10.440307,446,841,892
4384,+-----+--+---+---+---+++-+-++,9.067228,214,841,428
4385,++----+--+---+---+---+++-+--+,10.049876,278,841,556
4386,+-+---+--+---+---+---+++-++++,9.679206,286,841,572
4387,+++---+--+---+---+---+++-++-+,11.180340,350,841,700
4388,+--+--+--+---+---+---+++---++,9.015386,246,841,492
4389,++-+--+--+---+---+---+++----+,8.087910,118,841,236
4390,+-++--+--+---+---+---+++--+++,9.222949,286,841,572
4391,++++--+--+---+---+---+++--+-+,7.810250,158,841,316
4392,+---+-+--+---+---+---+++++-++,8.771073,190,841,380
4393,++--+-+--+---+---+---+++++--+,10.440307,222,841,444
4394,+-+-+-+--+---+---+---++++++++,10.953622,486,841,972
4395,+++-+-+--+---+---+---++++++-+,10.842850,518,841,1036
4396,+--++-+--+---+---+---++++--++,9.943341,286,841,572
4397,++-++-+--+---+---+---++++---+,6.708204,62,841,124
4398,+-+++-+--+---+---+---++++-+++,10.382848,422,841,844
4399,+++++-+--+---+---+---++++-+-+,10.465634,326,841,652
4400,+----++--+---+---+---++--+-++,10.049876,342,841,684
4401,++---++--+---+---+---++--+--+,14.035669,790,841,1580
4402,+-+--++--+---+---+---++--++++,11.180340,414,841,828
4403,+++--++--+---+---+---++--++-+,14.866069,990,841,1980
4404,+--+-++--+---+---+---++----++,8.172216,214,841,428
4405,++-+-++--+---+---+---++-----+,10.049876,278,841,556
4406,+-++-++--+---+---+---++---+++,7.874313,190,841,380
4407,++++-++--+---+---+---++---+-+,11.180340,382,841,764
4408,+---+++--+---+---+---++-++-++,10.440307,286,841,572
4409,++--+++--+---+---+---++-++--+,14.317821,766,841,1532
4410,+-+-+++--+---+---+---++-+++++,10.264967,518,841,1036
4411,+++-+++--+---+---+---++-+++-+,14.035669,998,841,1996
4412,+--++++--+---+---+---++-+--++,8.620576,222,841,444
4413,++-++++--+---+---+---++-+---+,10.440307,254,841,508
4414,+-+++++--+---+---+---++-+-+++,10.388706,358,841,716
4415,+++++++--+---+---+---++-+-+-+,10.365904,518,841,1036
4416,+------+-+---+---+-----+-+-++,11.000000,398,841,796
4417,++-----+-+---+---+-----+-+--+,11.000000,366,841,732
4418,+-+----+-+---+---+-----+-++++,8.843396,214,841,428
4419,+++----+-+---+---+-----+-++-+,8.154465,182,841,364
4420,+--+---+-+---+---+-----+---++,11.000000,558,841,1116
4421,++-+---+-+---+---+-----+----+,11.000000,462,841,924
4422,+-++---+-+---+---+-----+--+++,9.859986,342,841,684
4423,++++---+-+---+---+-----+--+-+,9.276935,246,841,492
4424,+---+--+-+---+---+-----+++-++,8.485804,182,841,364
4425,++--+--+-+---+---+-----+++--+,9.219544,182,841,364
4426,+-+-+--+-+---+---+-----++++++,9.247318,222,841,444
4427,+++-+--+-+---+---+-----++++-+,9.160486,222,841,444
4428,+--++--+-+---+---+-----++--++,11.528096,534,841,1068
4429,++-++--+-+---+---+-----++---+,8.762563,278,841,556
4430,+-+++--+-+---+---+-----++-+++,9.986099,414,841,828
4431,+++++--+-+---+---+-----++-+-+,9.789095,286,841,572
4432,+----+-+-+---+---+-------+-++,11.000000,366,841,732
4433,++---+-+-+---+---+-------+--+,11.000000,526,841,1052
4434,+-+--+-+-+---+---+-------++++,8.159238,182,841,364
4435,+++--+-+-+---+---+-------++-+,10.049876,342,841,684
4436,+--+-+-+-+---+---+---------++,11.000000,430,841,860
4437,++-+-+-+-+---+---+----------+,11.729260,718,841,1436
4438,+-++-+-+-+---+---+--------+++,9.447618,278,841,556
4439,++++-+-+-+---+---+--------+-+,11.643661,566,841,1132
4440,+---++-+-+---+---+------++-++,9.219544,182,841,364
4441,++--++-+-+---+---+------++--+,12.206556,438,841,876
4442,+-+-++-+-+---+---+------+++++,9.621979,286,841,572
4443,+++-++-+-+---+---+------+++-+,10.440307,414,841,828
4444,+--+++-+-+---+---+------+--++,9.265844,310,841,620
4445,++-+++-+-+---+---+------+---+,10.851227,502,841,1004
4446,+-++++-+-+---+---+------+-+++,10.712861,446,841,892
4447,++++++-+-+---+---+------+-+-+,11.922937,638,841,1276
4448,+-----++-+---+---+----++-+-++,7.387689,118,841,236
4449,++----++-+---+---+----++-+--+,9.264521,310,841,620
4450,+-+---++-+---+---+----++-++++,7.757786,126,841,252
4451,+++---++-+---+---+----++-++-+,8.105217,190,841,380
4452,+--+--++-+---+---+----++---++,9.739073,342,841,684
4453,++-+--++-+---+---+----++----+,9.254842,342,841,684
4454,+-++--++-+---+---+----++--+++,10.677796,446,841,892
4455,++++--++-+---+---+----++--+-+,9.441585,318,841,636
4456,+---+-++-+---+---+----++++-++,7.338758,126,841,252
4457,++--+-++-+---+---+----++++--+,8.988785,222,841,444
4458,+-+-+-++-+---+---+----+++++++,10.319371,358,841,716
4459,+++-+-++-+---+---+----+++++-+,10.275122,326,841,652
4460,+--++-++-+---+---+----+++--++,10.531311,350,841,700
4461,++-++-++-+---+---+----+++---+,8.024029,190,841,380
4462,+-+++-++-+---+---+----+++-+++,10.551210,550,841,1100
4463,+++++-++-+---+---+----+++-+-+,10.492176,390,841,780
4464,+----+++-+---+---+----+--+-++,7.166906,86,841,172
4465,++---+++-+---+---+----+--+--+,10.049876,278,841,556
4466,+-+--+++-+---+---+----+--++++,8.148731,158,841,316
4467,+++--+++-+---+---+----+--++-+,11.180340,350,841,700
4468,+--+-+++-+---+---+----+----++,7.396590,150,841,300
4469,++-+-+++-+---+---+----+-----+,10.182248,342,841,684
4470,+-++-+++-+---+---+----+---+++,9.386571,254,841,508
4471,++++-+++-+---+---+----+---+-+,10.922506,446,841,892
4472,+---++++-+---+---+----+-++-++,7.704001,126,841,252
4473,++--++++-+---+---+----+-++--+,10.440307,286,841,572
4474,+-+-++++-+---+---+----+-+++++,11.099563,486,841,972
4475,+++-++++-+---+---+----+-+++-+,10.894648,518,841,1036
4476,+--+++++-+---+---+----+-+--++,8.499349,190,841,380
4477,++-+++++-+---+---+----+-+---+,10.113776,286,841,572
4478,+-++++++-+---+---+----+-+-+++,11.669665,582,841,1164
4479,++++++++-+---+---+----+-+-+-+,11.957703,678,841,1356
4480,+-------++---+---+--++-+-+-++,9.219544,246,841,492
4481,++------++---+---+--++-+-+--+,12.206556,438,841,876
4482,+-+-----++---+---+--++-+-++++,8.831775,190,841,380
4483,+++-----++---+---+--++-+-++-+,10.440307,254,841,508
4484,+--+----++---+---+--++-+---++,9.162022,246,841,492
4485,++-+----++---+---+--++-+----+,9.219544,246,841,492
4486,+-++----++---+---+--++-+--+++,8.933316,286,841,572
4487,++++----++---+---+--++-+--+-+,8.557565,158,841,316
4488,+---+---++---+---+--++-+++-++,12.529964,542,841,1084
4489,++--+---++---+---+--++-+++--+,14.866069,830,841,1660
4490,+-+-+---++---+---+--++-++++++,9.488961,326,841,652
4491,+++-+---++---+---+--++-++++-+,12.206556,486,841,972
4492,+--++---++---+---+--++-++--++,11.180340,542,841,1084
4493,++-++---++---+---+--++-++---+,12.529964,446,841,892
4494,+-+++---++---+---+--++-++-+++,8.966563,294,841,588
4495,+++++---++---+---+--++-++-+-+,9.219544,198,841,396
4496,+----+--++---+---+--++---+-++,12.206556,502,841,1004
4497,++---+--++---+---+--++---+--+,15.652476,1142,841,2284
4498,+-+--+--++---+---+--++---++++,10.440307,318,841,636
4499,+++--+--++---+---+--++---++-+,14.317821,830,841,1660
4500,+--+-+--++---+---+--++-----++,9.219544,214,841,428
4501,++-+-+--++---+---+--++------+,12.206556,470,841,940
4502,+-++-+--++---+---+--++----+++,8.109542,190,841,380
4503,++++-+--++---+---+--++----+-+,10.440307,318,841,636
4504,+---++--++---+---+--++--++-++,14.866069,958,841,1916
4505,++--++--++---+---+--++--++--+,17.804494,1886,841,3772
4506,+-+-++--++---+---+--++--+++++,12.206556,550,841,1100
4507,+++-++--++---+---+--++--+++-+,15.652476,1222,841,2444
4508,+--+++--++---+---+--++--+--++,12.529964,542,841,1084
4509,++-+++--++---+---+--++--+---+,14.866069,894,841,1788
4510,+-++++--++---+---+--++--+-+++,9.219544,294,841,588
4511,++++++--++---+---+--++--+-+-+,12.206556,518,841,1036
4512,+-----+-++---+---+--++++-+-++,8.211418,158,841,316
4513,++----+-++---+---+--++++-+--+,10.440307,382,841,764
4514,+-+---+-++---+---+--++++-++++,8.330615,166,841,332
4515,+++---+-++---+---+--++++-++-+,10.049876,262,841,524
4516,+--+--+-++---+---+--++++---++,8.891328,222,841,444
4517,++-+--+-++---+---+--++++----+,9.817386,254,841,508
4518,+-++--+-++---+---+--++++--+++,9.270445,326,841,652
4519,++++--+-++---+---+--++++--+-+,9.526427,230,841,460
4520,+---+-+-++---+---+--++++++-++,9.219544,230,841,460
4521,++--+-+-++---+---+--++++++--+,12.206556,422,841,844
4522,+-+-+-+-++---+---+--+++++++++,10.456438,462,841,924
4523,+++-+-+-++---+---+--+++++++-+,10.768725,526,841,1052
4524,+--++-+-++---+---+--+++++--++,9.712967,230,841,460
4525,++-++-+-++---+---+--+++++---+,9.219544,166,841,332
4526,+-+++-+-++---+---+--+++++-+++,10.338966,430,841,860
4527,+++++-+-++---+---+--+++++-+-+,10.671843,366,841,732
4528,+----++-++---+---+--+++--+-++,10.440307,350,841,700
4529,++---++-++---+---+--+++--+--+,14.317821,830,841,1660
4530,+-+--++-++---+---+--+++--++++,10.049876,294,841,588
4531,+++--++-++---+---+--+++--++-+,14.035669,774,841,1548
4532,+--+-++-++---+---+--+++----++,8.613441,190,841,380
4533,++-+-++-++---+---+--+++-----+,10.440307,286,841,572
4534,+-++-++-++---+---+--+++---+++,7.800181,166,841,332
4535,++++-++-++---+---+--+++---+-+,10.049876,262,841,524
4536,+---+++-++---+---+--+++-++-++,12.206556,454,841,908
4537,++--+++-++---+---+--+++-++--+,15.652476,1094,841,2188
4538,+-+-+++-++---+---+--+++-+++++,10.440307,558,841,1116
4539,+++-+++-++---+---+--+++-+++-+,14.317821,1070,841,2140
4540,+--++++-++---+---+--+++-+--++,9.219544,230,841,460
4541,++-++++-++---+---+--+++-+---+,12.206556,422,841,844
4542,+-+++++-++---+---+--+++-+-+++,10.394215,366,841,732
4543,+++++++-++---+---+--+++-+-+-+,10.440307,558,841,1116
4544,+------+++---+---+--+--+-+-++,8.052527,118,841,236
4545,++-----+++---+---+--+--+-+--+,9.219544,182,841,364
4546,+-+----+++---+---+--+--+-++++,8.637523,126,841,252
4547,+++----+++---+---+--+--+-++-+,8.170072,190,841,380
4548,+--+---+++---+---+--+--+---++,10.127475,310,841,620
4549,++-+---+++---+---+--+--+----+,7.910937,182,841,364
4550,+-++---+++---+---+--+--+--+++,9.808370,286,841,572
4551,++++---+++---+---+--+--+--+-+,7.735146,158,841,316
4552,+---+--+++---+---+--+--+++-++,11.180340,318,841,636
4553,++--+--+++---+---+--+--+++--+,12.529964,414,841,828
4554,+-+-+--+++---+---+--+--++++++,8.365247,166,841,332
4555,+++-+--+++---+---+--+--++++-+,9.219544,262,841,524
4556,+--++--+++---+---+--+--++--++,11.737728,702,841,1404
4557,++-++--+++---+---+--+--++---+,11.180340,414,841,828
4558,+-+++--+++---+---+--+--++-+++,10.093117,390,841,780
4559,+++++--+++---+---+--+--++-+-+,8.706004,230,841,460
4560,+----+-+++---+---+--+----+-++,9.447198,278,841,556
4561,++---+-+++---+---+--+----+--+,12.206556,406,841,812
4562,+-+--+-+++---+---+--+----++++,9.151571,222,841,444
4563,+++--+-+++---+---+--+----++-+,10.440307,350,841,700
4564,+--+-+-+++---+---+--+------++,8.242471,182,841,364
4565,++-+-+-+++---+---+--+-------+,9.684691,310,841,620
4566,+-++-+-+++---+---+--+-----+++,8.103748,158,841,316
4567,++++-+-+++---+---+--+-----+-+,10.149765,286,841,572
4568,+---++-+++---+---+--+---++-++,12.529964,446,841,892
4569,++--++-+++---+---+--+---++--+,14.866069,798,841,1596
4570,+-+-++-+++---+---+--+---+++++,9.294839,294,841,588
4571,+++-++-+++---+---+--+---+++-+,12.206556,518,841,1036
4572,+--+++-+++---+---+--+---+--++,11.180340,414,841,828
4573,++-+++-+++---+---+--+---+---+,12.529964,574,841,1148
4574,+-++++-+++---+---+--+---+-+++,10.036098,294,841,588
4575,++++++-+++---+---+--+---+-+-+,10.723005,454,841,908
4576,+-----++++---+---+--+-++-+-++,8.304979,126,841,252
4577,++----++++---+---+--+-++-+--+,10.023000,286,841,572
4578,+-+---++++---+---+--+-++-++++,7.715046,134,841,268
4579,+++---++++---+---+--+-++-++-+,8.110983,166,841,332
4580,+--+--++++---+---+--+-++---++,9.747320,318,841,636
4581,++-+--++++---+---+--+-++----+,10.090297,286,841,572
4582,+-++--++++---+---+--+-++--+++,10.391272,422,841,844
4583,++++--++++---+---+--+-++--+-+,9.145895,262,841,524
4584,+---+-++++---+---+--+-++++-++,8.459963,166,841,332
4585,++--+-++++---+---+--+-++++--+,9.219544,230,841,460
4586,+-+-+-++++---+---+--+-+++++++,10.680668,398,841,796
4587,+++-+-++++---+---+--+-+++++-+,10.309222,334,841,668
4588,+--++-++++---+---+--+-+++--++,10.579015,358,841,716
4589,++-++-++++---+---+--+-+++---+,8.027214,166,841,332
4590,+-+++-++++---+---+--+-+++-+++,10.659693,558,841,1116
4591,+++++-++++---+---+--+-+++-+-+,10.349210,366,841,732
4592,+----+++++---+---+--+-+--+-++,8.847952,222,841,444
4593,++---+++++---+---+--+-+--+--+,10.440307,254,841,508
4594,+-+--+++++---+---+--+-+--++++,8.460786,230,841,460
4595,+++--+++++---+---+--+-+--++-+,10.049876,262,841,524
4596,+--+-+++++---+---+--+-+----++,8.420713,190,841,380
4597,++-+-+++++---+---+--+-+-----+,8.961957,222,841,444
4598,+-++-+++++---+---+--+-+---+++,8.769200,230,841,460
4599,++++-+++++---+---+--+-+---+-+,9.750011,262,841,524
4600,+---++++++---+---+--+-+-++-++,9.219544,230,841,460
4601,++--++++++---+---+--+-+-++--+,12.206556,358,841,716
4602,+-+-++++++---+---+--+-+-+++++,11.419761,526,841,1052
4603,+++-++++++---+---+--+-+-+++-+,10.753518,526,841,1052
4604,+--+++++++---+---+--+-+-+--++,8.233102,198,841,396
4605,++-+++++++---+---+--+-+-+---+,9.219544,262,841,524
4606,+-++++++++---+---+--+-+-+-+++,11.562738,526,841,1052
4607,++++++++++---+---+--+-+-+-+-+,11.242165,590,841,1180
4608,+---------+--+---+++-+-+-+-++,10.277788,342,841,684
4609,++--------+--+---+++-+-+-+--+,7.320696,150,841,300
4610,+-+-------+--+---+++-+-+-++++,10.715452,414,841,828
4611,+++-------+--+---+++-+-+-++-+,8.380181,222,841,444
4612,+--+------+--+---+++-+-+---++,9.068120,214,841,428
4613,++-+------+--+---+++-+-+----+,8.702888,214,841,428
4614,+-++------+--+---+++-+-+--+++,9.285737,254,841,508
4615,++++------+--+---+++-+-+--+-+,9.508223,254,841,508
4616,+---+-----+--+---+++-+-+++-++,10.201501,414,841,828
4617,++--+-----+--+---+++-+-+++--+,8.266543,190,841,380
4618,+-+-+-----+--+---+++-+-++++++,11.052157,454,841,908
4619,+++-+-----+--+---+++-+-++++-+,9.812957,230,841,460
4620,+--++-----+--+---+++-+-++--++,11.186615,414,841,828
4621,++-++-----+--+---+++-+-++---+,9.009753,190,841,380
4622,+-+++-----+--+---+++-+-++-+++,8.676590,294,841,588
4623,+++++-----+--+---+++-+-++-+-+,8.795386,198,841,396
4624,+----+----+--+---+++-+---+-++,7.392573,118,841,236
4625,++---+----+--+---+++-+---+--+,10.049876,182,841,364
4626,+-+--+----+--+---+++-+---++++,8.452149,254,841,508
4627,+++--+----+--+---+++-+---++-+,11.180340,318,841,636
4628,+--+-+----+--+---+++-+-----++,7.707482,150,841,300
4629,++-+-+----+--+---+++-+------+,9.042493,214,841,428
4630,+-++-+----+--+---+++-+----+++,10.138154,318,841,636
4631,++++-+----+--+---+++-+----+-+,9.731971,382,841,764
4632,+---++----+--+---+++-+--++-++,8.388635,222,841,444
4633,++--++----+--+---+++-+--++--+,10.440307,318,841,636
4634,+-+-++----+--+---+++-+--+++++,9.106532,262,841,524
4635,+++-++----+--+---+++-+--+++-+,10.049876,230,841,460
4636,+--+++----+--+---+++-+--+--++,9.702193,254,841,508
4637,++-+++----+--+---+++-+--+---+,8.329465,158,841,316
4638,+-++++----+--+---+++-+--+-+++,10.066141,326,841,652
4639,++++++----+--+---+++-+--+-+-+,8.285433,230,841,460
4640,+-----+---+--+---+++-+++-+-++,9.822998,286,841,572
4641,++----+---+--+---+++-+++-+--+,9.185970,254,841,508
4642,+-+---+---+--+---+++-+++-++++,10.362285,422,841,844
4643,+++---+---+--+---+++-+++-++-+,10.816654,390,841,780
4644,+--+--+---+--+---+++-+++---++,8.400862,158,841,316
4645,++-+--+---+--+---+++-+++----+,8.549987,190,841,380
4646,+-++--+---+--+---+++-+++--+++,9.219544,262,841,524
4647,++++--+---+--+---+++-+++--+-+,9.219544,294,841,588
4648,+---+-+---+--+---+++-+++++-++,9.905655,390,841,780
4649,++--+-+---+--+---+++-+++++--+,9.700732,326,841,652
4650,+-+-+-+---+--+---+++-++++++++,11.086132,494,841,988
4651,+++-+-+---+--+---+++-++++++-+,10.920596,430,841,860
4652,+--++-+---+--+---+++-++++--++,10.067832,326,841,652
4653,++-++-+---+--+---+++-++++---+,8.516012,262,841,524
4654,+-+++-+---+--+---+++-++++-+++,9.695779,270,841,540
4655,+++++-+---+--+---+++-++++-+-+,10.601317,334,841,668
4656,+----++---+--+---+++-++--+-++,7.907953,190,841,380
4657,++---++---+--+---+++-++--+--+,11.180340,350,841,700
4658,+-+--++---+--+---+++-++--++++,10.816654,326,841,652
4659,+++--++---+--+---+++-++--++-+,13.453624,614,841,1228
4660,+--+-++---+--+---+++-++----++,7.846787,158,841,316
4661,++-+-++---+--+---+++-++-----+,8.158803,190,841,380
4662,+-++-++---+--+---+++-++---+++,9.219544,198,841,396
4663,++++-++---+--+---+++-++---+-+,10.816654,358,841,716
4664,+---+++---+--+---+++-++-++-++,8.185408,198,841,396
4665,++--+++---+--+---+++-++-++--+,10.049876,390,841,780
4666,+-+-+++---+--+---+++-++-+++++,8.920436,238,841,476
4667,+++-+++---+--+---+++-++-+++-+,11.180340,430,841,860
4668,+--++++---+--+---+++-++-+--++,8.920256,230,841,460
4669,++-++++---+--+---+++-++-+---+,8.717061,230,841,460
4670,+-+++++---+--+---+++-++-+-+++,8.534580,174,841,348
4671,+++++++---+--+---+++-++-+-+-+,9.558149,302,841,604
4672,+------+--+--+---+++---+-+-++,8.220028,182,841,364
4673,++-----+--+--+---+++---+-+--+,10.251007,310,841,620
4674,+-+----+--+--+---+++---+-++++,9.300922,190,841,380
4675,+++----+--+--+---+++---+-++-+,9.341136,318,841,636
4676,+--+---+--+--+---+++---+---++,9.932424,310,841,620
4677,++-+---+--+--+---+++---+----+,9.094004,246,841,492
4678,+-++---+--+--+---+++---+--+++,9.280411,286,841,572
4679,++++---+--+--+---+++---+--+-+,8.821179,222,841,444
4680,+---+--+--+--+---+++---+++-++,9.478263,286,841,572
4681,++--+--+--+--+---+++---+++--+,10.660130,446,841,892
4682,+-+-+--+--+--+---+++---++++++,8.089104,134,841,268
4683,+++-+--+--+--+---+++---++++-+,9.381204,294,841,588
4684,+--++--+--+--+---+++---++--++,11.994050,606,841,1212
4685,++-++--+--+--+---+++---++---+,9.613983,382,841,764
4686,+-+++--+--+--+---+++---++-+++,9.936078,294,841,588
4687,+++++--+--+--+---+++---++-+-+,8.666353,198,841,396
4688,+----+-+--+--+---+++-----+-++,9.448230,246,841,492
4689,++---+-+--+--+---+++-----+--+,9.539974,246,841,492
4690,+-+--+-+--+--+---+++-----++++,9.369311,254,841,508
4691,+++--+-+--+--+---+++-----++-+,8.846405,254,841,508
4692,+--+-+-+--+--+---+++-------++,8.153445,150,841,300
4693,++-+-+-+--+--+---+++--------+,7.781182,150,841,300
4694,+-++-+-+--+--+---+++------+++,8.511569,190,841,380
4695,++++-+-+--+--+---+++------+-+,8.481402,190,841,380
4696,+---++-+--+--+---+++----++-++,9.271593,318,841,636
4697,++--++-+--+--+---+++----++--+,10.679606,414,841,828
4698,+-+-++-+--+--+---+++----+++++,8.698305,230,841,460
4699,+++-++-+--+--+---+++----+++-+,8.985668,198,841,396
4700,+--+++-+--+--+---+++----+--++,10.058545,286,841,572
4701,++-+++-+--+--+---+++----+---+,8.448665,190,841,380
4702,+-++++-+--+--+---+++----+-+++,8.565951,230,841,460
4703,++++++-+--+--+---+++----+-+-+,7.975665,134,841,268
4704,+-----++--+--+---+++--++-+-++,9.248997,222,841,444
4705,++----++--+--+---+++--++-+--+,11.918779,574,841,1148
4706,+-+---++--+--+---+++--++-++++,9.219544,230,841,460
4707,+++---++--+--+---+++--++-++-+,10.293063,454,841,908
4708,+--+--++--+--+---+++--++---++,9.265852,414,841,828
4709,++-+--++--+--+---+++--++----+,11.107520,446,841,892
4710,+-++--++--+--+---+++--++--+++,10.816654,518,841,1036
4711,++++--++--+--+---+++--++--+-+,10.408211,422,841,844
4712,+---+-++--+--+---+++--++++-++,9.621855,294,841,588
4713,++--+-++--+--+---+++--++++--+,12.200099,678,841,1356
4714,+-+-+-++--+--+---+++--+++++++,8.625262,142,841,284
4715,+++-+-++--+--+---+++--+++++-+,10.227712,398,841,796
4716,+--++-++--+--+---+++--+++--++,10.621199,486,841,972
4717,++-++-++--+--+---+++--+++---+,10.568993,486,841,972
4718,+-+++-++--+--+---+++--+++-+++,9.277424,302,841,604
4719,+++++-++--+--+---+++--+++-+-+,9.313891,302,841,604
4720,+----+++--+--+---+++--+--+-++,8.865876,286,841,572
4721,++---+++--+--+---+++--+--+--+,10.814769,446,841,892
4722,+-+--+++--+--+---+++--+--++++,9.219544,230,841,460
4723,+++--+++--+--+---+++--+--++-+,10.816654,390,841,780
4724,+--+-+++--+--+---+++--+----++,8.429608,190,841,380
4725,++-+-+++--+--+---+++--+-----+,9.416290,222,841,444
4726,+-++-+++--+--+---+++--+---+++,9.219544,166,841,332
4727,++++-+++--+--+---+++--+---+-+,9.219544,198,841,396
4728,+---++++--+--+---+++--+-++-++,9.625841,326,841,652
4729,++--++++--+--+---+++--+-++--+,11.791746,582,841,1164
4730,+-+-++++--+--+---+++--+-+++++,8.224477,174,841,348
4731,+++-++++--+--+---+++--+-+++-+,9.542593,302,841,604
4732,+--+++++--+--+---+++--+-+--++,8.873211,230,841,460
4733,++-+++++--+--+---+++--+-+---+,9.729495,294,841,588
4734,+-++++++--+--+---+++--+-+-+++,8.342070,110,841,220
4735,++++++++--+--+---+++--+-+-+-+,8.216025,174,841,348
4736,+-------+-+--+---+++++-+-+-++,9.742054,414,841,828
4737,++------+-+--+---+++++-+-+--+,10.196344,318,841,636
4738,+-+-----+-+--+---+++++-+-++++,10.187753,486,841,972
4739,+++-----+-+--+---+++++-+-++-+,10.238033,390,841,780
4740,+--+----+-+--+---+++++-+---++,9.886581,382,841,764
4741,++-+----+-+--+---+++++-+----+,11.163083,478,841,956
4742,+-++----+-+--+---+++++-+--+++,10.764438,422,841,844
4743,++++----+-+--+---+++++-+--+-+,11.385666,518,841,1036
4744,+---+---+-+--+---+++++-+++-++,9.638170,326,841,652
4745,++--+---+-+--+---+++++-+++--+,9.219544,198,841,396
4746,+-+-+---+-+--+---+++++-++++++,10.227426,366,841,732
4747,+++-+---+-+--+---+++++-++++-+,9.532024,238,841,476
4748,+--++---+-+--+---+++++-++--++,11.231357,422,841,844
4749,++-++---+-+--+---+++++-++---+,9.223320,294,841,588
4750,+-+++---+-+--+---+++++-++-+++,8.728118,302,841,604
4751,+++++---+-+--+---+++++-++-+-+,9.192003,302,841,604
4752,+----+--+-+--+---+++++---+-++,10.195753,318,841,636
4753,++---+--+-+--+---+++++---+--+,10.440307,350,841,700
4754,+-+--+--+-+--+---+++++---++++,10.201941,390,841,780
4755,+++--+--+-+--+---+++++---++-+,10.216765,422,841,844
4756,+--+-+--+-+--+---+++++-----++,9.738779,382,841,764
4757,++-+-+--+-+--+---+++++------+,10.350106,414,841,828
4758,+-++-+--+-+--+---+++++----+++,10.970344,486,841,972
4759,++++-+--+-+--+---+++++----+-+,11.272874,518,841,1036
4760,+---++--+-+--+---+++++--++-++,9.219544,198,841,396
4761,++--++--+-+--+---+++++--++--+,12.206556,390,841,780
4762,+-+-++--+-+--+---+++++--+++++,8.264661,174,841,348
4763,+++-++--+-+--+---+++++--+++-+,10.440307,238,841,476
4764,+--+++--+-+--+---+++++--+--++,9.478234,262,841,524
4765,++-+++--+-+--+---+++++--+---+,9.219544,262,841,524
4766,+-++++--+-+--+---+++++--+-+++,9.960801,270,841,540
4767,++++++--+-+--+---+++++--+-+-+,9.021593,270,841,540
4768,+-----+-+-+--+---+++++++-+-++,9.536062,326,841,652
4769,++----+-+-+--+---+++++++-+--+,9.776826,262,841,524
4770,+-+---+-+-+--+---+++++++-++++,9.726095,270,841,540
4771,+++---+-+-+--+---+++++++-++-+,8.629525,206,841,412
4772,+--+--+-+-+--+---+++++++---++,9.069511,230,841,460
4773,++-+--+-+-+--+---+++++++----+,10.224998,358,841,716
4774,+-++--+-+-+--+---+++++++--+++,8.036960,142,841,284
4775,++++--+-+-+--+---+++++++--+-+,9.354558,270,841,540
4776,+---+-+-+-+--+---+++++++++-++,9.542411,270,841,540
4777,++--+-+-+-+--+---+++++++++--+,8.399043,174,841,348
4778,+-+-+-+-+-+--+---++++++++++++,10.460495,566,841,1132
4779,+++-+-+-+-+--+---++++++++++-+,11.045975,470,841,940
4780,+--++-+-+-+--+---++++++++--++,9.822022,238,841,476
4781,++-++-+-+-+--+---++++++++---+,9.407908,270,841,540
4782,+-+++-+-+-+--+---++++++++-+++,9.821901,374,841,748
4783,+++++-+-+-+--+---++++++++-+-+,11.300916,534,841,1068
4784,+----++-+-+--+---++++++--+-++,9.748616,294,841,588
4785,++---++-+-+--+---++++++--+--+,10.049876,294,841,588
4786,+-+--++-+-+--+---++++++--++++,7.944844,174,841,348
4787,+++--++-+-+--+---++++++--++-+,11.180340,302,841,604
4788,+--+-++-+-+--+---++++++----++,9.726601,358,841,716
4789,++-+-++-+-+--+---++++++-----+,9.157635,358,841,716
4790,+-++-++-+-+--+---++++++---+++,7.970641,142,841,284
4791,++++-++-+-+--+---++++++---+-+,8.749585,270,841,540
4792,+---+++-+-+--+---++++++-++-++,7.139054,78,841,156
4793,++--+++-+-+--+---++++++-++--+,10.440307,238,841,476
4794,+-+-+++-+-+--+---++++++-+++++,9.000000,246,841,492
4795,+++-+++-+-+--+---++++++-+++-+,10.049876,406,841,812
4796,+--++++-+-+--+---++++++-+--++,8.185423,206,841,412
4797,++-++++-+-+--+---++++++-+---+,10.025971,302,841,604
4798,+-+++++-+-+--+---++++++-+-+++,9.047557,278,841,556
4799,+++++++-+-+--+---++++++-+-+-+,10.732993,502,841,1004
4800,+------++-+--+---++++--+-+-++,10.759229,382,841,764
4801,++-----++-+--+---++++--+-+--+,9.755774,414,841,828
4802,+-+----++-+--+---++++--+-++++,11.132413,454,841,908
4803,+++----++-+--+---++++--+-++-+,10.629049,614,841,1228
4804,+--+---++-+--+---++++--+---++,10.159765,542,841,1084
4805,++-+---++-+--+---++++--+----+,9.850332,382,841,764
4806,+-++---++-+--+---++++--+--+++,10.191230,454,841,908
4807,++++---++-+--+---++++--+--+-+,10.227112,422,841,844
4808,+---+--++-+--+---++++--+++-++,9.724814,262,841,524
4809,++--+--++-+--+---++++--+++--+,9.342752,326,841,652
4810,+-+-+--++-+--+---++++--++++++,8.425832,174,841,348
4811,+++-+--++-+--+---++++--++++-+,9.689056,366,841,732
4812,+--++--++-+--+---++++--++--++,12.326161,742,841,1484
4813,++-++--++-+--+---++++--++---+,10.335514,422,841,844
4814,+-+++--++-+--+---++++--++-+++,10.289279,366,841,732
4815,+++++--++-+--+---++++--++-+-+,9.418115,302,841,604
4816,+----+-++-+--+---++++----+-++,11.917717,638,841,1276
4817,++---+-++-+--+---++++----+--+,10.191651,414,841,828
4818,+-+--+-++-+--+---++++----++++,11.471595,646,841,1292
4819,+++--+-++-+--+---++++----++-+,10.620719,550,841,1100
4820,+--+-+-++-+--+---++++------++,10.978133,510,841,1020
4821,++-+-+-++-+--+---++++-------+,9.735356,286,841,572
4822,+-++-+-++-+--+---++++-----+++,10.216714,422,841,844
4823,++++-+-++-+--+---++++-----+-+,10.213615,326,841,652
4824,+---++-++-+--+---++++---++-++,8.998053,294,841,588
4825,++--++-++-+--+---++++---++--+,9.219544,294,841,588
4826,+-+-++-++-+--+---++++---+++++,8.498981,206,841,412
4827,+++-++-++-+--+---++++---+++-+,8.895254,206,841,412
4828,+--+++-++-+--+---++++---+--++,10.126694,358,841,716
4829,++-+++-++-+--+---++++---+---+,8.601166,166,841,332
4830,+-++++-++-+--+---++++---+-+++,8.186027,174,841,348
4831,++++++-++-+--+---++++---+-+-+,7.686901,110,841,220
4832,+-----+++-+--+---++++-++-+-++,9.815589,262,841,524
4833,++----+++-+--+---++++-++-+--+,9.979108,390,841,780
4834,+-+---+++-+--+---++++-++-++++,8.919235,142,841,284
4835,+++---+++-+--+---++++-++-++-+,9.300488,270,841,540
4836,+--+--+++-+--+---++++-++---++,9.502905,422,841,844
4837,++-+--+++-+--+---++++-++----+,9.313837,358,841,716
4838,+-++--+++-+--+---++++-++--+++,9.637924,270,841,540
4839,++++--+++-+--+---++++-++--+-+,9.112894,206,841,412
4840,+---+-+++-+--+---++++-++++-++,7.813672,110,841,220
4841,++--+-+++-+--+---++++-++++--+,10.093840,270,841,540
4842,+-+-+-+++-+--+---++++-+++++++,9.000000,214,841,428
4843,+++-+-+++-+--+---++++-+++++-+,9.308638,374,841,748
4844,+--++-+++-+--+---++++-+++--++,10.755615,398,841,796
4845,++-++-+++-+--+---++++-+++---+,8.731750,302,841,604
4846,+-+++-+++-+--+---++++-+++-+++,9.381375,342,841,684
4847,+++++-+++-+--+---++++-+++-+-+,9.472144,374,841,748
4848,+----++++-+--+---++++-+--+-++,11.412424,582,841,1164
4849,++---++++-+--+---++++-+--+--+,9.538993,390,841,780
4850,+-+--++++-+--+---++++-+--++++,9.993546,334,841,668
4851,+++--++++-+--+---++++-+--++-+,9.178772,270,841,540
4852,+--+-++++-+--+---++++-+----++,11.184952,518,841,1036
4853,++-+-++++-+--+---++++-+-----+,9.518870,326,841,652
4854,+-++-++++-+--+---++++-+---+++,8.743727,174,841,348
4855,++++-++++-+--+---++++-+---+-+,7.571781,110,841,220
4856,+---+++++-+--+---++++-+-++-++,8.752629,206,841,412
4857,++--+++++-+--+---++++-+-++--+,9.541876,238,841,476
4858,+-+-+++++-+--+---++++-+-+++++,9.000000,246,841,492
4859,+++-+++++-+--+---++++-+-+++-+,9.000000,278,841,556
4860,+--++++++-+--+---++++-+-+--++,9.222356,270,841,540
4861,++-++++++-+--+---++++-+-+---+,9.272591,238,841,476
4862,+-+++++++-+--+---++++-+-+-+++,9.000000,214,841,428
4863,+++++++++-+--+---++++-+-+-+-+,9.090813,310,841,620
4864,+--------++--+---++--+-+-+-++,8.257305,214,841,428
4865,++-------++--+---++--+-+-+--+,10.049876,214,841,428
4866,+-+------++--+---++--+-+-++++,8.580810,286,841,572
4867,+++------++--+---++--+-+-++-+,11.180340,414,841,828
4868,+--+-----++--+---++--+-+---++,10.345541,342,841,684
4869,++-+-----++--+---++--+-+----+,8.488799,150,841,300
4870,+-++-----++--+---++--+-+--+++,8.967795,254,841,508
4871,++++-----++--+---++--+-+--+-+,8.887787,190,841,380
4872,+---+----++--+---++--+-+++-++,9.807794,286,841,572
4873,++--+----++--+---++--+-+++--+,10.440307,254,841,508
4874,+-+-+----++--+---++--+-++++++,8.527954,198,841,396
4875,+++-+----++--+---++--+-++++-+,10.049876,294,841,588
4876,+--++----++--+---++--+-++--++,12.068067,670,841,1340
4877,++-++----++--+---++--+-++---+,9.555559,254,841,508
4878,+-+++----++--+---++--+-++-+++,9.844180,294,841,588
4879,+++++----++--+---++--+-++-+-+,7.752256,134,841,268
4880,+----+---++--+---++--+---+-++,10.049876,342,841,684
4881,++---+---++--+---++--+---+--+,14.035669,790,841,1580
4882,+-+--+---++--+---++--+---++++,11.180340,478,841,956
4883,+++--+---++--+---++--+---++-+,14.866069,1054,841,2108
4884,+--+-+---++--+---++--+-----++,9.337919,246,841,492
4885,++-+-+---++--+---++--+------+,10.049876,310,841,620
4886,+-++-+---++--+---++--+----+++,8.978095,286,841,572
4887,++++-+---++--+---++--+----+-+,11.180340,478,841,956
4888,+---++---++--+---++--+--++-++,10.440307,382,841,764
4889,++--++---++--+---++--+--++--+,14.317821,862,841,1724
4890,+-+-++---++--+---++--+--+++++,10.049876,294,841,588
4891,+++-++---++--+---++--+--+++-+,14.035669,774,841,1548
4892,+--+++---++--+---++--+--+--++,10.639140,414,841,828
4893,++-+++---++--+---++--+--+---+,10.440307,318,841,636
4894,+-++++---++--+---++--+--+-+++,8.636855,230,841,460
4895,++++++---++--+---++--+--+-+-+,10.049876,262,841,524
4896,+-----+--++--+---++--+++-+-++,8.864712,254,841,508
4897,++----+--++--+---++--+++-+--+,11.180340,414,841,828
4898,+-+---+--++--+---++--+++-++++,10.816654,390,841,780
4899,+++---+--++--+---++--+++-++-+,13.453624,678,841,1356
4900,+--+--+--++--+---++--+++---++,9.996949,382,841,764
4901,++-+--+--++--+---++--+++----+,8.126994,222,841,444
4902,+-++--+--++--+---++--+++--+++,9.219544,358,841,716
4903,++++--+--++--+---++--+++--+-+,10.816654,326,841,652
4904,+---+-+--++--+---++--+++++-++,9.306287,294,841,588
4905,++--+-+--++--+---++--+++++--+,10.049876,294,841,588
4906,+-+-+-+--++--+---++--++++++++,8.746622,270,841,540
4907,+++-+-+--++--+---++--++++++-+,11.180340,398,841,796
4908,+--++-+--++--+---++--++++--++,11.276913,614,841,1228
4909,++-++-+--++--+---++--++++---+,8.673924,230,841,460
4910,+-+++-+--++--+---++--++++-+++,9.442439,302,841,604
4911,+++++-+--++--+---++--++++-+-+,8.589184,174,841,348
4912,+----++--++--+---++--++--+-++,11.180340,574,841,1148
4913,++---++--++--+---++--++--+--+,14.866069,1118,841,2236
4914,+-+--++--++--+---++--++--++++,13.453624,838,841,1676
4915,+++--++--++--+---++--++--++-+,16.643317,1638,841,3276
4916,+--+-++--++--+---++--++----++,9.760254,414,841,828
4917,++-+-++--++--+---++--++-----+,11.180340,446,841,892
4918,+-++-++--++--+---++--++---+++,10.816654,454,841,908
4919,++++-++--++--+---++--++---+-+,13.453624,742,841,1484
4920,+---+++--++--+---++--++-++-++,10.049876,454,841,908
4921,++--+++--++--+---++--++-++--+,14.035669,902,841,1804
4922,+-+-+++--++--+---++--++-+++++,11.180340,494,841,988
4923,+++-+++--++--+---++--++-+++-+,14.866069,1070,841,2140
4924,+--++++--++--+---++--++-+--++,10.303657,486,841,972
4925,++-++++--++--+---++--++-+---+,10.049876,358,841,716
4926,+-+++++--++--+---++--++-+-+++,9.044299,302,841,604
4927,+++++++--++--+---++--++-+-+-+,11.180340,430,841,860
4928,+------+-++--+---++----+-+-++,8.661056,214,841,428
4929,++-----+-++--+---++----+-+--+,7.822393,150,841,300
4930,+-+----+-++--+---++----+-++++,10.111546,286,841,572
4931,+++----+-++--+---++----+-++-+,10.338622,350,841,700
4932,+--+---+-++--+---++----+---++,10.766012,406,841,812
4933,++-+---+-++--+---++----+----+,7.483888,150,841,300
4934,+-++---+-++--+---++----+--+++,9.743583,318,841,636
4935,++++---+-++--+---++----+--+-+,8.568342,190,841,380
4936,+---+--+-++--+---++----+++-++,10.088340,254,841,508
4937,++--+--+-++--+---++----+++--+,8.461078,222,841,444
4938,+-+-+--+-++--+---++----++++++,8.457584,166,841,332
4939,+++-+--+-++--+---++----++++-+,9.966307,262,841,524
4940,+--++--+-++--+---++----++--++,12.668457,766,841,1532
4941,++-++--+-++--+---++----++---+,10.055970,350,841,700
4942,+-+++--+-++--+---++----++-+++,10.550815,390,841,780
4943,+++++--+-++--+---++----++-+-+,8.642602,230,841,460
4944,+----+-+-++--+---++------+-++,9.587448,246,841,492
4945,++---+-+-++--+---++------+--+,10.049876,246,841,492
4946,+-+--+-+-++--+---++------++++,10.019233,318,841,636
4947,+++--+-+-++--+---++------++-+,11.180340,446,841,892
4948,+--+-+-+-++--+---++--------++,8.924075,214,841,428
4949,++-+-+-+-++--+---++---------+,9.351903,214,841,428
4950,+-++-+-+-++--+---++-------+++,8.432299,190,841,380
4951,++++-+-+-++--+---++-------+-+,9.653121,318,841,636
4952,+---++-+-++--+---++-----++-++,8.951048,190,841,380
4953,++--++-+-++--+---++-----++--+,10.440307,286,841,572
4954,+-+-++-+-++--+---++-----+++++,7.699693,166,841,332
4955,+++-++-+-++--+---++-----+++-+,10.049876,262,841,524
4956,+--+++-+-++--+---++-----+--++,10.828750,350,841,700
4957,++-+++-+-++--+---++-----+---+,9.097003,254,841,508
4958,+-++++-+-++--+---++-----+-+++,8.669780,230,841,460
4959,++++++-+-++--+---++-----+-+-+,9.921262,262,841,524
4960,+-----++-++--+---++---++-+-++,8.033081,158,841,316
4961,++----++-++--+---++---++-+--+,9.959237,318,841,636
4962,+-+---++-++--+---++---++-++++,9.219544,230,841,460
4963,+++---++-++--+---++---++-++-+,10.816654,390,841,780
4964,+--+--++-++--+---++---++---++,10.071232,414,841,828
4965,++-+--++-++--+---++---++----+,9.538786,254,841,508
4966,+-++--++-++--+---++---++--+++,10.110115,454,841,908
4967,++++--++-++--+---++---++--+-+,9.232250,294,841,588
4968,+---+-++-++--+---++---++++-++,9.064504,230,841,460
4969,++--+-++-++--+---++---++++--+,10.046829,294,841,588
4970,+-+-+-++-++--+---++---+++++++,8.518741,142,841,284
4971,+++-+-++-++--+---++---+++++-+,8.218294,206,841,412
4972,+--++-++-++--+---++---+++--++,11.553165,614,841,1228
4973,++-++-++-++--+---++---+++---+,8.800979,294,841,588
4974,+-+++-++-++--+---++---+++-+++,9.908916,366,841,732
4975,+++++-++-++--+---++---+++-+-+,8.354669,174,841,348
4976,+----+++-++--+---++---+--+-++,8.654453,254,841,508
4977,++---+++-++--+---++---+--+--+,11.180340,414,841,828
4978,+-+--+++-++--+---++---+--++++,10.816654,390,841,780
4979,+++--+++-++--+---++---+--++-+,13.453624,678,841,1356
4980,+--+-+++-++--+---++---+----++,8.713977,222,841,444
4981,++-+-+++-++--+---++---+-----+,8.690218,254,841,508
4982,+-++-+++-++--+---++---+---+++,9.219544,262,841,524
4983,++++-+++-++--+---++---+---+-+,10.816654,422,841,844
4984,+---++++-++--+---++---+-++-++,8.371838,230,841,460
4985,++--++++-++--+---++---+-++--+,10.049876,358,841,716
4986,+-+-++++-++--+---++---+-+++++,9.465904,270,841,540
4987,+++-++++-++--+---++---+-+++-+,11.180340,398,841,796
4988,+--+++++-++--+---++---+-+--++,9.995530,326,841,652
4989,++-+++++-++--+---++---+-+---+,8.694766,262,841,524
4990,+-++++++-++--+---++---+-+-+++,9.834877,270,841,540
4991,++++++++-++--+---++---+-+-+-+,9.945871,334,841,668
4992,+-------+++--+---++-++-+-+-++,9.751197,318,841,636
4993,++------+++--+---++-++-+-+--+,10.440307,478,841,956
4994,+-+-----+++--+---++-++-+-++++,10.333370,326,841,652
4995,+++-----+++--+---++-++-+-++-+,10.180368,486,841,972
4996,+--+----+++--+---++-++-+---++,10.018201,478,841,956
4997,++-+----+++--+---++-++-+----+,11.123590,446,841,892
4998,+-++----+++--+---++-++-+--+++,10.392875,454,841,908
4999,++++----+++--+---++-++-+--+-+,10.954755,422,841,844
5000,+---+---+++--+---++-++-+++-++,9.482950,294,841,588
5001,++--+---+++--+---++-++-+++--+,12.206556,422,841,844
5002,+-+-+---+++--+---++-++-++++++,7.786860,142,841,284
5003,+++-+---+++--+---++-++-++++-+,10.440307,270,841,540
5004,+--++---+++--+---++-++-++--++,11.901337,582,841,1164
5005,++-++---+++--+---++-++-++---+,9.539813,326,841,652
5006,+-+++---+++--+---++-++-++-+++,9.647131,270,841,540
5007,+++++---+++--+---++-++-++-+-+,7.918094,142,841,284
5008,+----+--+++--+---++-++---+-++,10.440307,510,841,1020
5009,++---+--+++--+---++-++---+--+,14.317821,990,841,1980
5010,+-+--+--+++--+---++-++---++++,10.375826,518,841,1036
5011,+++--+--+++--+---++-++---++-+,14.035669,998,841,1996
5012,+--+-+--+++--+---++-++-----++,9.735371,382,841,764
5013,++-+-+--+++--+---++-++------+,10.440307,478,841,956
5014,+-++-+--+++--+---++-++----+++,10.407834,422,841,844
5015,++++-+--+++--+---++-++----+-+,10.772990,518,841,1036
5016,+---++--+++--+---++-++--++-++,12.206556,518,841,1036
5017,++--++--+++--+---++-++--++--+,15.652476,1158,841,2316
5018,+-+-++--+++--+---++-++--+++++,10.440307,302,841,604
5019,+++-++--+++--+---++-++--+++-+,14.317821,814,841,1628
5020,+--+++--+++--+---++-++--+--++,10.150936,390,841,780
5021,++-+++--+++--+---++-++--+---+,12.206556,454,841,908
5022,+-++++--+++--+---++-++--+-+++,8.446650,206,841,412
5023,++++++--+++--+---++-++--+-+-+,10.440307,270,841,540
5024,+-----+-+++--+---++-++++-+-++,9.087304,262,841,524
5025,++----+-+++--+---++-++++-+--+,10.201633,454,841,908
5026,+-+---+-+++--+---++-++++-++++,7.810250,142,841,284
5027,+++---+-+++--+---++-++++-++-+,11.180340,334,841,668
5028,+--+--+-+++--+---++-++++---++,9.517985,358,841,716
5029,++-+--+-+++--+---++-++++----+,10.479177,358,841,716
5030,+-++--+-+++--+---++-++++--+++,8.830771,206,841,412
5031,++++--+-+++--+---++-++++--+-+,9.115065,206,841,412
5032,+---+-+-+++--+---++-++++++-++,8.387803,206,841,412
5033,++--+-+-+++--+---++-++++++--+,10.440307,238,841,476
5034,+-+-+-+-+++--+---++-+++++++++,9.000000,310,841,620
5035,+++-+-+-+++--+---++-+++++++-+,10.049876,342,841,684
5036,+--++-+-+++--+---++-+++++--++,10.857422,366,841,732
5037,++-++-+-+++--+---++-+++++---+,7.959395,142,841,284
5038,+-+++-+-+++--+---++-+++++-+++,9.170707,310,841,620
5039,+++++-+-+++--+---++-+++++-+-+,9.206404,214,841,428
5040,+----++-+++--+---++-+++--+-++,10.049876,454,841,908
5041,++---++-+++--+---++-+++--+--+,14.035669,902,841,1804
5042,+-+--++-+++--+---++-+++--++++,11.180340,398,841,796
5043,+++--++-+++--+---++-+++--++-+,14.866069,974,841,1948
5044,+--+-++-+++--+---++-+++----++,9.331817,326,841,652
5045,++-+-++-+++--+---++-+++-----+,10.049876,390,841,780
5046,+-++-++-+++--+---++-+++---+++,8.097693,174,841,348
5047,++++-++-+++--+---++-+++---+-+,11.180340,366,841,732
5048,+---+++-+++--+---++-+++-++-++,10.440307,302,841,604
5049,++--+++-+++--+---++-+++-++--+,14.317821,782,841,1564
5050,+-+-+++-+++--+---++-+++-+++++,10.049876,406,841,812
5051,+++-+++-+++--+---++-+++-+++-+,14.035669,886,841,1772
5052,+--++++-+++--+---++-+++-+--++,9.423332,238,841,476
5053,++-++++-+++--+---++-+++-+---+,10.440307,270,841,540
5054,+-+++++-+++--+---++-+++-+-+++,9.000000,246,841,492
5055,+++++++-+++--+---++-+++-+-+-+,10.049876,406,841,812
5056,+------++++--+---++-+--+-+-++,10.902170,446,841,892
5057,++-----++++--+---++-+--+-+--+,9.783405,350,841,700
5058,+-+----++++--+---++-+--+-++++,11.688676,518,841,1036
5059,+++----++++--+---++-+--+-++-+,11.275719,550,841,1100
5060,+--+---++++--+---++-+--+---++,10.780784,606,841,1212
5061,++-+---++++--+---++-+--+----+,9.843177,318,841,636
5062,+-++---++++--+---++-+--+--+++,10.342103,518,841,1036
5063,++++---++++--+---++-+--+--+-+,10.181057,358,841,716
5064,+---+--++++--+---++-+--+++-++,10.098338,326,841,652
5065,++--+--++++--+---++-+--+++--+,9.219544,262,841,524
5066,+-+-+--++++--+---++-+--++++++,9.367377,238,841,476
5067,+++-+--++++--+---++-+--++++-+,10.047001,302,841,604
5068,+--++--++++--+---++-+--++--++,12.790010,806,841,1612
5069,++-++--++++--+---++-+--++---+,10.445972,358,841,716
5070,+-+++--++++--+---++-+--++-+++,10.675232,430,841,860
5071,+++++--++++--+---++-+--++-+-+,8.423727,238,841,476
5072,+----+-++++--+---++-+----+-++,11.916490,606,841,1212
5073,++---+-++++--+---++-+----+--+,10.440307,446,841,892
5074,+-+--+-++++--+---++-+----++++,11.916083,614,841,1228
5075,+++--+-++++--+---++-+----++-+,11.078694,582,841,1164
5076,+--+-+-++++--+---++-+------++,10.779978,478,841,956
5077,++-+-+-++++--+---++-+-------+,9.737365,318,841,636
5078,+-++-+-++++--+---++-+-----+++,10.418802,390,841,780
5079,++++-+-++++--+---++-+-----+-+,10.184607,358,841,716
5080,+---++-++++--+---++-+---++-++,9.219544,326,841,652
5081,++--++-++++--+---++-+---++--+,12.206556,390,841,780
5082,+-+-++-++++--+---++-+---+++++,9.168240,238,841,476
5083,+++-++-++++--+---++-+---+++-+,10.440307,302,841,604
5084,+--+++-++++--+---++-+---+--++,10.669603,390,841,780
5085,++-+++-++++--+---++-+---+---+,9.219544,262,841,524
5086,+-++++-++++--+---++-+---+-+++,8.277616,206,841,412
5087,++++++-++++--+---++-+---+-+-+,8.978654,206,841,412
5088,+-----+++++--+---++-+-++-+-++,9.659900,294,841,588
5089,++----+++++--+---++-+-++-+--+,9.173685,294,841,588
5090,+-+---+++++--+---++-+-++-++++,9.358578,174,841,348
5091,+++---+++++--+---++-+-++-++-+,8.397521,174,841,348
5092,+--+--+++++--+---++-+-++---++,10.038818,454,841,908
5093,++-+--+++++--+---++-+-++----+,9.252068,262,841,524
5094,+-++--+++++--+---++-+-++--+++,9.921250,302,841,604
5095,++++--+++++--+---++-+-++--+-+,7.974518,110,841,220
5096,+---+-+++++--+---++-+-++++-++,8.569542,206,841,412
5097,++--+-+++++--+---++-+-++++--+,7.434242,110,841,220
5098,+-+-+-+++++--+---++-+-+++++++,9.507454,310,841,620
5099,+++-+-+++++--+---++-+-+++++-+,9.000000,214,841,428
5100,+--++-+++++--+---++-+-+++--++,11.476383,494,841,988
5101,++-++-+++++--+---++-+-+++---+,8.517559,142,841,284
5102,+-+++-+++++--+---++-+-+++-+++,9.942115,438,841,876
5103,+++++-+++++--+---++-+-+++-+-+,9.000000,214,841,428
5104,+----++++++--+---++-+-+--+-++,11.092983,454,841,908
5105,++---++++++--+---++-+-+--+--+,10.049876,326,841,652
5106,+-+--++++++--+---++-+-+--++++,10.165572,334,841,668
5107,+++--++++++--+---++-+-+--++-+,11.180340,334,841,668
5108,+--+-++++++--+---++-+-+----++,10.559173,390,841,780
5109,++-+-++++++--+---++-+-+-----+,9.195514,262,841,524
5110,+-++-++++++--+---++-+-+---+++,8.537738,174,841,348
5111,++++-++++++--+---++-+-+---+-+,8.466249,174,841,348
5112,+---+++++++--+---++-+-+-++-++,8.290425,206,841,412
5113,++--+++++++--+---++-+-+-++--+,10.440307,174,841,348
5114,+-+-+++++++--+---++-+-+-+++++,10.117812,374,841,748
5115,+++-+++++++--+---++-+-+-+++-+,10.049876,342,841,684
5116,+--++++++++--+---++-+-+-+--++,9.464838,270,841,540
5117,++-++++++++--+---++-+-+-+---+,8.338091,174,841,348
5118,+-+++++++++--+---++-+-+-+-+++,9.964064,342,841,684
5119,+++++++++++--+---++-+-+-+-+-+,9.339974,374,841,748
5120,+----------+-+-----+-+-+-+-++,11.508542,654,841,1308
5121,++---------+-+-----+-+-+-+--+,11.000000,430,841,860
5122,+-+--------+-+-----+-+-+-++++,11.226029,534,841,1068
5123,+++--------+-+-----+-+-+-++-+,9.115348,310,841,620
5124,+--+-------+-+-----+-+-+---++,11.000000,430,841,860
5125,++-+-------+-+-----+-+-+----+,11.000000,526,841,1052
5126,+-++-------+-+-----+-+-+--+++,8.956383,278,841,556
5127,++++-------+-+-----+-+-+--+-+,9.824147,374,841,748
5128,+---+------+-+-----+-+-+++-++,10.420303,342,841,684
5129,++--+------+-+-----+-+-+++--+,8.024725,214,841,428
5130,+-+-+------+-+-----+-+-++++++,11.447318,574,841,1148
5131,+++-+------+-+-----+-+-++++-+,10.294915,446,841,892
5132,+--++------+-+-----+-+-++--++,9.219544,246,841,492
5133,++-++------+-+-----+-+-++---+,9.322254,246,841,492
5134,+-+++------+-+-----+-+-++-+++,9.751464,318,841,636
5135,+++++------+-+-----+-+-++-+-+,9.453760,446,841,892
5136,+----+-----+-+-----+-+---+-++,11.000000,558,841,1116
5137,++---+-----+-+-----+-+---+--+,11.000000,334,841,668
5138,+-+--+-----+-+-----+-+---++++,9.071420,374,841,748
5139,+++--+-----+-+-----+-+---++-+,8.142439,150,841,300
5140,+--+-+-----+-+-----+-+-----++,11.000000,622,841,1244
5141,++-+-+-----+-+-----+-+------+,11.000000,526,841,1052
5142,+-++-+-----+-+-----+-+----+++,10.348070,470,841,940
5143,++++-+-----+-+-----+-+----+-+,9.468302,374,841,748
5144,+---++-----+-+-----+-+--++-++,8.987952,278,841,556
5145,++--++-----+-+-----+-+--++--+,9.219544,214,841,428
5146,+-+-++-----+-+-----+-+--+++++,9.522804,382,841,764
5147,+++-++-----+-+-----+-+--+++-+,9.202309,190,841,380
5148,+--+++-----+-+-----+-+--+--++,10.022430,342,841,684
5149,++-+++-----+-+-----+-+--+---+,8.361080,214,841,428
5150,+-++++-----+-+-----+-+--+-+++,10.405681,478,841,956
5151,++++++-----+-+-----+-+--+-+-+,9.424375,350,841,700
5152,+-----+----+-+-----+-+++-+-++,9.749498,310,841,620
5153,++----+----+-+-----+-+++-+--+,8.060106,182,841,364
5154,+-+---+----+-+-----+-+++-++++,10.415601,318,841,636
5155,+++---+----+-+-----+-+++-++-+,8.911218,190,841,380
5156,+--+--+----+-+-----+-+++---++,8.781907,214,841,428
5157,++-+--+----+-+-----+-+++----+,9.460006,278,841,556
5158,+-++--+----+-+-----+-+++--+++,8.313696,190,841,380
5159,++++--+----+-+-----+-+++--+-+,9.359188,254,841,508
5160,+---+-+----+-+-----+-+++++-++,9.576326,222,841,444
5161,++--+-+----+-+-----+-+++++--+,8.181972,190,841,380
5162,+-+-+-+----+-+-----+-++++++++,11.483469,582,841,1164
5163,+++-+-+----+-+-----+-++++++-+,11.239065,550,841,1100
5164,+--++-+----+-+-----+-++++--++,8.801802,190,841,380
5165,++-++-+----+-+-----+-++++---+,9.615151,286,841,572
5166,+-+++-+----+-+-----+-++++-+++,10.606168,390,841,780
5167,+++++-+----+-+-----+-++++-+-+,10.734202,614,841,1228
5168,+----++----+-+-----+-++--+-++,10.970742,470,841,940
5169,++---++----+-+-----+-++--+--+,8.096086,150,841,300
5170,+-+--++----+-+-----+-++--++++,9.958885,350,841,700
5171,+++--++----+-+-----+-++--++-+,7.810250,158,841,316
5172,+--+-++----+-+-----+-++----++,11.568900,598,841,1196
5173,++-+-++----+-+-----+-++-----+,8.665009,278,841,556
5174,+-++-++----+-+-----+-++---+++,10.148440,382,841,764
5175,++++-++----+-+-----+-++---+-+,8.435414,190,841,380
5176,+---+++----+-+-----+-++-++-++,9.722078,286,841,572
5177,++--+++----+-+-----+-++-++--+,7.945944,126,841,252
5178,+-+-+++----+-+-----+-++-+++++,10.326631,454,841,908
5179,+++-+++----+-+-----+-++-+++-+,10.364572,294,841,588
5180,+--++++----+-+-----+-++-+--++,11.140258,478,841,956
5181,++-++++----+-+-----+-++-+---+,9.300397,254,841,508
5182,+-+++++----+-+-----+-++-+-+++,10.278450,550,841,1100
5183,+++++++----+-+-----+-++-+-+-+,10.265977,454,841,908
5184,+------+---+-+-----+---+-+-++,11.000000,430,841,860
5185,++-----+---+-+-----+---+-+--+,11.000000,462,841,924
5186,+-+----+---+-+-----+---+-++++,9.245756,246,841,492
5187,+++----+---+-+-----+---+-++-+,8.973436,278,841,556
5188,+--+---+---+-+-----+---+---++,11.000000,462,841,924
5189,++-+---+---+-+-----+---+----+,11.000000,430,841,860
5190,+-++---+---+-+-----+---+--+++,10.049876,246,841,492
5191,++++---+---+-+-----+---+--+-+,8.860443,214,841,428
5192,+---+--+---+-+-----+---+++-++,9.219544,214,841,428
5193,++--+--+---+-+-----+---+++--+,9.659549,278,841,556
5194,+-+-+--+---+-+-----+---++++++,9.520466,254,841,508
5195,+++-+--+---+-+-----+---++++-+,9.181098,318,841,636
5196,+--++--+---+-+-----+---++--++,12.206556,438,841,876
5197,++-++--+---+-+-----+---++---+,9.219544,246,841,492
5198,+-+++--+---+-+-----+---++-+++,10.440307,318,841,636
5199,+++++--+---+-+-----+---++-+-+,9.436865,254,841,508
5200,+----+-+---+-+-----+-----+-++,11.000000,494,841,988
5201,++---+-+---+-+-----+-----+--+,11.000000,526,841,1052
5202,+-+--+-+---+-+-----+-----++++,9.339784,310,841,620
5203,+++--+-+---+-+-----+-----++-+,9.417794,342,841,684
5204,+--+-+-+---+-+-----+-------++,11.000000,430,841,860
5205,++-+-+-+---+-+-----+--------+,11.346908,590,841,1180
5206,+-++-+-+---+-+-----+------+++,8.943473,278,841,556
5207,++++-+-+---+-+-----+------+-+,10.961713,438,841,876
5208,+---++-+---+-+-----+----++-++,8.981498,246,841,492
5209,++--++-+---+-+-----+----++--+,9.758320,374,841,748
5210,+-+-++-+---+-+-----+----+++++,9.315993,350,841,700
5211,+++-++-+---+-+-----+----+++-+,9.653703,350,841,700
5212,+--+++-+---+-+-----+----+--++,9.219544,246,841,492
5213,++-+++-+---+-+-----+----+---+,10.136764,310,841,620
5214,+-++++-+---+-+-----+----+-+++,10.177856,382,841,764
5215,++++++-+---+-+-----+----+-+-+,11.225330,446,841,892
5216,+-----++---+-+-----+--++-+-++,7.988561,182,841,364
5217,++----++---+-+-----+--++-+--+,10.669831,374,841,748
5218,+-+---++---+-+-----+--++-++++,8.151738,190,841,380
5219,+++---++---+-+-----+--++-++-+,9.159874,254,841,508
5220,+--+--++---+-+-----+--++---++,10.049876,278,841,556
5221,++-+--++---+-+-----+--++----+,9.875133,278,841,556
5222,+-++--++---+-+-----+--++--+++,11.180340,382,841,764
5223,++++--++---+-+-----+--++--+-+,9.171991,254,841,508
5224,+---+-++---+-+-----+--++++-++,8.082444,126,841,252
5225,++--+-++---+-+-----+--++++--+,10.943141,350,841,700
5226,+-+-+-++---+-+-----+--+++++++,10.268230,358,841,716
5227,+++-+-++---+-+-----+--+++++-+,10.283130,454,841,908
5228,+--++-++---+-+-----+--+++--++,10.440307,222,841,444
5229,++-++-++---+-+-----+--+++---+,9.279728,190,841,380
5230,+-+++-++---+-+-----+--+++-+++,10.355062,422,841,844
5231,+++++-++---+-+-----+--+++-+-+,10.314021,390,841,780
5232,+----+++---+-+-----+--+--+-++,10.399936,374,841,748
5233,++---+++---+-+-----+--+--+--+,9.604258,374,841,748
5234,+-+--+++---+-+-----+--+--++++,10.045771,318,841,636
5235,+++--+++---+-+-----+--+--++-+,9.241865,318,841,636
5236,+--+-+++---+-+-----+--+----++,10.134650,310,841,620
5237,++-+-+++---+-+-----+--+-----+,9.452673,310,841,620
5238,+-++-+++---+-+-----+--+---+++,8.771911,286,841,572
5239,++++-+++---+-+-----+--+---+-+,10.151100,286,841,572
5240,+---++++---+-+-----+--+-++-++,8.964120,286,841,572
5241,++--++++---+-+-----+--+-++--+,10.537580,382,841,764
5242,+-+-++++---+-+-----+--+-+++++,10.731140,518,841,1036
5243,+++-++++---+-+-----+--+-+++-+,10.576800,486,841,972
5244,+--+++++---+-+-----+--+-+--++,9.097592,222,841,444
5245,++-+++++---+-+-----+--+-+---+,9.278030,254,841,508
5246,+-++++++---+-+-----+--+-+-+++,11.196697,486,841,972
5247,++++++++---+-+-----+--+-+-+-+,11.355152,518,841,1036
5248,+-------+--+-+-----+++-+-+-++,9.255058,278,841,556
5249,++------+--+-+-----+++-+-+--+,9.828349,278,841,556
5250,+-+-----+--+-+-----+++-+-++++,9.626863,286,841,572
5251,+++-----+--+-+-----+++-+-++-+,8.656895,286,841,572
5252,+--+----+--+-+-----+++-+---++,9.219544,278,841,556
5253,++-+----+--+-+-----+++-+----+,11.283075,470,841,940
5254,+-++----+--+-+-----+++-+--+++,9.486019,254,841,508
5255,++++----+--+-+-----+++-+--+-+,11.081148,446,841,892
5256,+---+---+--+-+-----+++-+++-++,11.180340,318,841,636
5257,++--+---+--+-+-----+++-+++--+,11.180340,286,841,572
5258,+-+-+---+--+-+-----+++-++++++,10.181615,294,841,588
5259,+++-+---+--+-+-----+++-++++-+,9.541264,262,841,524
5260,+--++---+--+-+-----+++-++--++,12.529964,446,841,892
5261,++-++---+--+-+-----+++-++---+,11.180340,414,841,828
5262,+-+++---+--+-+-----+++-++-+++,9.219544,262,841,524
5263,+++++---+--+-+-----+++-++-+-+,9.506007,358,841,716
5264,+----+--+--+-+-----+++---+-++,10.401530,374,841,748
5265,++---+--+--+-+-----+++---+--+,9.219544,246,841,492
5266,+-+--+--+--+-+-----+++---++++,10.022759,382,841,764
5267,+++--+--+--+-+-----+++---++-+,9.503055,254,841,508
5268,+--+-+--+--+-+-----+++-----++,10.319734,470,841,940
5269,++-+-+--+--+-+-----+++------+,9.830777,342,841,684
5270,+-++-+--+--+-+-----+++----+++,10.456491,510,841,1020
5271,++++-+--+--+-+-----+++----+-+,10.512489,382,841,764
5272,+---++--+--+-+-----+++--++-++,11.180340,382,841,764
5273,++--++--+--+-+-----+++--++--+,12.529964,414,841,828
5274,+-+-++--+--+-+-----+++--+++++,8.987602,294,841,588
5275,+++-++--+--+-+-----+++--+++-+,9.219544,198,841,396
5276,+--+++--+--+-+-----+++--+--++,11.180340,478,841,956
5277,++-+++--+--+-+-----+++--+---+,11.180340,318,841,636
5278,+-++++--+--+-+-----+++--+-+++,10.348854,422,841,844
5279,++++++--+--+-+-----+++--+-+-+,9.042325,262,841,524
5280,+-----+-+--+-+-----+++++-+-++,9.572921,350,841,700
5281,++----+-+--+-+-----+++++-+--+,9.957106,318,841,636
5282,+-+---+-+--+-+-----+++++-++++,9.159985,294,841,588
5283,+++---+-+--+-+-----+++++-++-+,8.335316,262,841,524
5284,+--+--+-+--+-+-----+++++---++,9.489785,286,841,572
5285,++-+--+-+--+-+-----+++++----+,10.683176,446,841,892
5286,+-++--+-+--+-+-----+++++--+++,7.856122,198,841,396
5287,++++--+-+--+-+-----+++++--+-+,10.151851,358,841,716
5288,+---+-+-+--+-+-----+++++++-++,8.452608,230,841,460
5289,++--+-+-+--+-+-----+++++++--+,8.286883,166,841,332
5290,+-+-+-+-+--+-+-----++++++++++,10.800760,526,841,1052
5291,+++-+-+-+--+-+-----++++++++-+,11.114015,462,841,924
5292,+--++-+-+--+-+-----++++++--++,9.219544,230,841,460
5293,++-++-+-+--+-+-----++++++---+,9.332646,294,841,588
5294,+-+++-+-+--+-+-----++++++-+++,10.487651,366,841,732
5295,+++++-+-+--+-+-----++++++-+-+,10.967371,558,841,1116
5296,+----++-+--+-+-----++++--+-++,12.144981,638,841,1276
5297,++---++-+--+-+-----++++--+--+,9.795061,286,841,572
5298,+-+--++-+--+-+-----++++--++++,11.298154,518,841,1036
5299,+++--++-+--+-+-----++++--++-+,9.924403,294,841,588
5300,+--+-++-+--+-+-----++++----++,12.156445,734,841,1468
5301,++-+-++-+--+-+-----++++-----+,9.439164,382,841,764
5302,+-++-++-+--+-+-----++++---+++,10.462032,518,841,1036
5303,++++-++-+--+-+-----++++---+-+,9.027832,294,841,588
5304,+---+++-+--+-+-----++++-++-++,10.439813,358,841,716
5305,++--+++-+--+-+-----++++-++--+,9.219544,166,841,332
5306,+-+-+++-+--+-+-----++++-+++++,10.291201,526,841,1052
5307,+++-+++-+--+-+-----++++-+++-+,10.426380,334,841,668
5308,+--++++-+--+-+-----++++-+--++,11.338238,518,841,1036
5309,++-++++-+--+-+-----++++-+---+,8.799036,262,841,524
5310,+-+++++-+--+-+-----++++-+-+++,10.301945,590,841,1180
5311,+++++++-+--+-+-----++++-+-+-+,10.399408,462,841,924
5312,+------++--+-+-----++--+-+-++,9.219544,182,841,364
5313,++-----++--+-+-----++--+-+--+,8.985451,246,841,492
5314,+-+----++--+-+-----++--+-++++,8.999008,190,841,380
5315,+++----++--+-+-----++--+-++-+,10.547553,382,841,764
5316,+--+---++--+-+-----++--+---++,12.206556,374,841,748
5317,++-+---++--+-+-----++--+----+,9.219544,246,841,492
5318,+-++---++--+-+-----++--+--+++,10.440307,222,841,444
5319,++++---++--+-+-----++--+--+-+,8.111177,222,841,444
5320,+---+--++--+-+-----++--+++-++,12.529964,382,841,764
5321,++--+--++--+-+-----++--+++--+,11.180340,350,841,700
5322,+-+-+--++--+-+-----++--++++++,9.219544,230,841,460
5323,+++-+--++--+-+-----++--++++-+,9.761064,326,841,652
5324,+--++--++--+-+-----++--++--++,14.866069,894,841,1788
5325,++-++--++--+-+-----++--++---+,12.529964,478,841,956
5326,+-+++--++--+-+-----++--++-+++,12.206556,454,841,908
5327,+++++--++--+-+-----++--++-+-+,9.219544,294,841,588
5328,+----+-++--+-+-----++----+-++,10.459988,374,841,748
5329,++---+-++--+-+-----++----+--+,9.588555,310,841,620
5330,+-+--+-++--+-+-----++----++++,10.871980,446,841,892
5331,+++--+-++--+-+-----++----++-+,11.289940,510,841,1020
5332,+--+-+-++--+-+-----++------++,9.219544,278,841,556
5333,++-+-+-++--+-+-----++-------+,8.951914,214,841,428
5334,+-++-+-++--+-+-----++-----+++,8.506419,254,841,508
5335,++++-+-++--+-+-----++-----+-+,9.323805,318,841,636
5336,+---++-++--+-+-----++---++-++,11.180340,350,841,700
5337,++--++-++--+-+-----++---++--+,11.180340,382,841,764
5338,+-+-++-++--+-+-----++---+++++,9.084379,326,841,652
5339,+++-++-++--+-+-----++---+++-+,9.736329,358,841,716
5340,+--+++-++--+-+-----++---+--++,12.529964,446,841,892
5341,++-+++-++--+-+-----++---+---+,11.180340,286,841,572
5342,+-++++-++--+-+-----++---+-+++,9.472476,326,841,652
5343,++++++-++--+-+-----++---+-+-+,9.977732,294,841,588
5344,+-----+++--+-+-----++-++-+-++,9.366021,222,841,444
5345,++----+++--+-+-----++-++-+--+,9.040739,318,841,636
5346,+-+---+++--+-+-----++-++-++++,9.456288,230,841,460
5347,+++---+++--+-+-----++-++-++-+,9.687322,326,841,652
5348,+--+--+++--+-+-----++-++---++,10.440307,286,841,572
5349,++-+--+++--+-+-----++-++----+,8.177001,190,841,380
5350,+-++--+++--+-+-----++-++--+++,10.049876,262,841,524
5351,++++--+++--+-+-----++-++--+-+,7.774419,166,841,332
5352,+---+-+++--+-+-----++-++++-++,9.219544,198,841,396
5353,++--+-+++--+-+-----++-++++--+,9.213092,198,841,396
5354,+-+-+-+++--+-+-----++-+++++++,10.440839,430,841,860
5355,+++-+-+++--+-+-----++-+++++-+,10.297412,430,841,860
5356,+--++-+++--+-+-----++-+++--++,12.206556,390,841,780
5357,++-++-+++--+-+-----++-+++---+,9.219544,134,841,268
5358,+-+++-+++--+-+-----++-+++-+++,10.448220,462,841,924
5359,+++++-+++--+-+-----++-+++-+-+,10.290872,334,841,668
5360,+----++++--+-+-----++-+--+-++,11.862227,606,841,1212
5361,++---++++--+-+-----++-+--+--+,9.924815,382,841,764
5362,+-+--++++--+-+-----++-+--++++,11.711165,614,841,1228
5363,+++--++++--+-+-----++-+--++-+,11.124929,518,841,1036
5364,+--+-++++--+-+-----++-+----++,11.205965,446,841,892
5365,++-+-++++--+-+-----++-+-----+,9.032710,222,841,444
5366,+-++-++++--+-+-----++-+---+++,9.989172,358,841,716
5367,++++-++++--+-+-----++-+---+-+,8.887760,262,841,524
5368,+---+++++--+-+-----++-+-++-++,9.820249,358,841,716
5369,++--+++++--+-+-----++-+-++--+,9.025328,230,841,460
5370,+-+-+++++--+-+-----++-+-+++++,11.041186,654,841,1308
5371,+++-+++++--+-+-----++-+-+++-+,10.502518,526,841,1052
5372,+--++++++--+-+-----++-+-+--++,9.654790,326,841,652
5373,++-++++++--+-+-----++-+-+---+,8.128902,134,841,268
5374,+-+++++++--+-+-----++-+-+-+++,11.135396,526,841,1052
5375,+++++++++--+-+-----++-+-+-+-+,10.765204,462,841,924
5376,+--------+-+-+-------+-+-+-++,11.001579,622,841,1244
5377,++-------+-+-+-------+-+-+--+,11.000000,526,841,1052
5378,+-+------+-+-+-------+-+-++++,10.342770,502,841,1004
5379,+++------+-+-+-------+-+-++-+,9.947827,406,841,812
5380,+--+-----+-+-+-------+-+---++,11.000000,334,841,668
5381,++-+-----+-+-+-------+-+----+,11.000000,558,841,1116
5382,+-++-----+-+-+-------+-+--+++,8.216617,182,841,364
5383,++++-----+-+-+-------+-+--+-+,9.447830,406,841,812
5384,+---+----+-+-+-------+-+++-++,9.023949,310,841,620
5385,++--+----+-+-+-------+-+++--+,9.254279,310,841,620
5386,+-+-+----+-+-+-------+-++++++,10.105759,542,841,1084
5387,+++-+----+-+-+-------+-++++-+,10.817885,542,841,1084
5388,+--++----+-+-+-------+-++--++,8.489141,150,841,300
5389,++-++----+-+-+-------+-++---+,9.362734,278,841,556
5390,+-+++----+-+-+-------+-++-+++,9.154327,222,841,444
5391,+++++----+-+-+-------+-++-+-+,9.998595,478,841,956
5392,+----+---+-+-+-------+---+-++,11.000000,366,841,732
5393,++---+---+-+-+-------+---+--+,11.000000,462,841,924
5394,+-+--+---+-+-+-------+---++++,8.248057,182,841,364
5395,+++--+---+-+-+-------+---++-+,10.049876,278,841,556
5396,+--+-+---+-+-+-------+-----++,11.000000,366,841,732
5397,++-+-+---+-+-+-------+------+,11.107930,590,841,1180
5398,+-++-+---+-+-+-------+----+++,8.655761,214,841,428
5399,++++-+---+-+-+-------+----+-+,10.477593,438,841,876
5400,+---++---+-+-+-------+--++-++,9.219544,150,841,300
5401,++--++---+-+-+-------+--++--+,12.206556,406,841,812
5402,+-+-++---+-+-+-------+--+++++,9.239399,254,841,508
5403,+++-++---+-+-+-------+--+++-+,10.440307,382,841,764
5404,+--+++---+-+-+-------+--+--++,7.521591,150,841,300
5405,++-+++---+-+-+-------+--+---+,9.613305,342,841,684
5406,+-++++---+-+-+-------+--+-+++,9.987334,286,841,572
5407,++++++---+-+-+-------+--+-+-+,10.845472,478,841,956
5408,+-----+--+-+-+-------+++-+-++,8.807954,246,841,492
5409,++----+--+-+-+-------+++-+--+,9.351013,246,841,492
5410,+-+---+--+-+-+-------+++-++++,8.965562,254,841,508
5411,+++---+--+-+-+-------+++-++-+,9.238600,254,841,508
5412,+--+--+--+-+-+-------+++---++,7.361927,86,841,172
5413,++-+--+--+-+-+-------+++----+,9.608567,278,841,556
5414,+-++--+--+-+-+-------+++--+++,7.567508,62,841,124
5415,++++--+--+-+-+-------+++--+-+,9.326654,254,841,508
5416,+---+-+--+-+-+-------+++++-++,8.993299,222,841,444
5417,++--+-+--+-+-+-------+++++--+,9.071913,190,841,380
5418,+-+-+-+--+-+-+-------++++++++,10.277625,582,841,1164
5419,+++-+-+--+-+-+-------++++++-+,10.293793,550,841,1100
5420,+--++-+--+-+-+-------++++--++,8.024349,126,841,252
5421,++-++-+--+-+-+-------++++---+,9.474164,222,841,444
5422,+-+++-+--+-+-+-------++++-+++,10.340964,326,841,652
5423,+++++-+--+-+-+-------++++-+-+,10.297276,550,841,1100
5424,+----++--+-+-+-------++--+-++,8.286796,182,841,364
5425,++---++--+-+-+-------++--+--+,10.049876,182,841,364
5426,+-+--++--+-+-+-------++--++++,7.810250,190,841,380
5427,+++--++--+-+-+-------++--++-+,11.180340,318,841,636
5428,+--+-++--+-+-+-------++----++,8.959313,246,841,492
5429,++-+-++--+-+-+-------++-----+,8.903356,246,841,492
5430,+-++-++--+-+-+-------++---+++,8.547549,158,841,316
5431,++++-++--+-+-+-------++---+-+,9.685056,286,841,572
5432,+---+++--+-+-+-------++-++-++,7.674636,126,841,252
5433,++--+++--+-+-+-------++-++--+,10.440307,158,841,316
5434,+-+-+++--+-+-+-------++-+++++,10.742169,422,841,844
5435,+++-+++--+-+-+-------++-+++-+,10.534985,454,841,908
5436,+--++++--+-+-+-------++-+--++,8.668564,254,841,508
5437,++-++++--+-+-+-------++-+---+,8.742919,222,841,444
5438,+-+++++--+-+-+-------++-+-+++,11.140245,454,841,908
5439,+++++++--+-+-+-------++-+-+-+,11.167020,550,841,1100
5440,+------+-+-+-+---------+-+-++,11.000000,622,841,1244
5441,++-----+-+-+-+---------+-+--+,11.000000,398,841,796
5442,+-+----+-+-+-+---------+-++++,10.697770,502,841,1004
5443,+++----+-+-+-+---------+-++-+,9.079311,278,841,556
5444,+--+---+-+-+-+---------+---++,11.000000,398,841,796
5445,++-+---+-+-+-+---------+----+,11.002263,494,841,988
5446,+-++---+-+-+-+---------+--+++,8.539399,246,841,492
5447,++++---+-+-+-+---------+--+-+,10.211125,342,841,684
5448,+---+--+-+-+-+---------+++-++,9.761736,342,841,684
5449,++--+--+-+-+-+---------+++--+,7.620041,150,841,300
5450,+-+-+--+-+-+-+---------++++++,9.970276,574,841,1148
5451,+++-+--+-+-+-+---------++++-+,9.567588,382,841,764
5452,+--++--+-+-+-+---------++--++,9.343577,310,841,620
5453,++-++--+-+-+-+---------++---+,9.293648,246,841,492
5454,+-+++--+-+-+-+---------++-+++,10.157159,382,841,764
5455,+++++--+-+-+-+---------++-+-+,10.830073,446,841,892
5456,+----+-+-+-+-+-----------+-++,11.000000,526,841,1052
5457,++---+-+-+-+-+-----------+--+,11.000000,494,841,988
5458,+-+--+-+-+-+-+-----------++++,9.077173,406,841,812
5459,+++--+-+-+-+-+-----------++-+,10.228261,374,841,748
5460,+--+-+-+-+-+-+-------------++,11.000000,590,841,1180
5461,++-+-+-+-+-+-+--------------+,12.622711,1070,841,2140
5462,+-++-+-+-+-+-+------------+++,10.728556,502,841,1004
5463,++++-+-+-+-+-+------------+-+,12.995683,982,841,1964
5464,+---++-+-+-+-+----------++-++,8.994779,278,841,556
5465,++--++-+-+-+-+----------++--+,9.259397,342,841,684
5466,+-+-++-+-+-+-+----------+++++,10.928304,574,841,1148
5467,+++-++-+-+-+-+----------+++-+,11.247762,510,841,1020
5468,+--+++-+-+-+-+----------+--++,9.863813,406,841,812
5469,++-+++-+-+-+-+----------+---+,12.257294,790,841,1580
5470,+-++++-+-+-+-+----------+-+++,12.179907,734,841,1468
5471,++++++-+-+-+-+----------+-+-+,13.423893,1118,841,2236
5472,+-----++-+-+-+--------++-+-++,9.693012,278,841,556
5473,++----++-+-+-+--------++-+--+,8.673736,214,841,428
5474,+-+---++-+-+-+--------++-++++,9.691526,350,841,700
5475,+++---++-+-+-+--------++-++-+,8.054810,158,841,316
5476,+--+--++-+-+-+--------++---++,7.167084,118,841,236
5477,++-+--++-+-+-+--------++----+,8.529981,246,841,492
5478,+-++--++-+-+-+--------++--+++,8.775104,286,841,572
5479,++++--++-+-+-+--------++--+-+,9.597068,286,841,572
5480,+---+-++-+-+-+--------++++-++,10.175956,350,841,700
5481,++--+-++-+-+-+--------++++--+,8.635268,190,841,380
5482,+-+-+-++-+-+-+--------+++++++,11.351839,774,841,1548
5483,+++-+-++-+-+-+--------+++++-+,10.755068,486,841,972
5484,+--++-++-+-+-+--------+++--++,8.290522,190,841,380
5485,++-++-++-+-+-+--------+++---+,8.615782,158,841,316
5486,+-+++-++-+-+-+--------+++-+++,11.545723,582,841,1164
5487,+++++-++-+-+-+--------+++-+-+,11.388354,550,841,1100
5488,+----+++-+-+-+--------+--+-++,8.965510,246,841,492
5489,++---+++-+-+-+--------+--+--+,8.388841,182,841,364
5490,+-+--+++-+-+-+--------+--++++,9.939974,382,841,764
5491,+++--+++-+-+-+--------+--++-+,10.003714,318,841,636
5492,+--+-+++-+-+-+--------+----++,8.999719,310,841,620
5493,++-+-+++-+-+-+--------+-----+,11.614079,630,841,1260
5494,+-++-+++-+-+-+--------+---+++,11.036240,478,841,956
5495,++++-+++-+-+-+--------+---+-+,12.507367,798,841,1596
5496,+---++++-+-+-+--------+-++-++,10.163026,350,841,700
5497,++--++++-+-+-+--------+-++--+,9.116114,254,841,508
5498,+-+-++++-+-+-+--------+-+++++,12.602304,902,841,1804
5499,+++-++++-+-+-+--------+-+++-+,12.062787,678,841,1356
5500,+--+++++-+-+-+--------+-+--++,10.402840,414,841,828
5501,++-+++++-+-+-+--------+-+---+,11.785019,638,841,1276
5502,+-++++++-+-+-+--------+-+-+++,13.175377,998,841,1996
5503,++++++++-+-+-+--------+-+-+-+,13.496306,1222,841,2444
5504,+-------++-+-+------++-+-+-++,8.798918,278,841,556
5505,++------++-+-+------++-+-+--+,10.520990,470,841,940
5506,+-+-----++-+-+------++-+-++++,8.993850,222,841,444
5507,+++-----++-+-+------++-+-++-+,9.131336,286,841,572
5508,+--+----++-+-+------++-+---++,8.450240,150,841,300
5509,++-+----++-+-+------++-+----+,11.360436,534,841,1068
5510,+-++----++-+-+------++-+--+++,8.565389,190,841,380
5511,++++----++-+-+------++-+--+-+,10.683626,446,841,892
5512,+---+---++-+-+------++-+++-++,11.180340,382,841,764
5513,++--+---++-+-+------++-+++--+,12.529964,542,841,1084
5514,+-+-+---++-+-+------++-++++++,8.823553,294,841,588
5515,+++-+---++-+-+------++-++++-+,9.249527,326,841,652
5516,+--++---++-+-+------++-++--++,11.180340,254,841,508
5517,++-++---++-+-+------++-++---+,11.180340,414,841,828
5518,+-+++---++-+-+------++-++-+++,8.406635,134,841,268
5519,+++++---++-+-+------++-++-+-+,9.344817,294,841,588
5520,+----+--++-+-+------++---+-++,9.219544,150,841,300
5521,++---+--++-+-+------++---+--+,12.206556,406,841,812
5522,+-+--+--++-+-+------++---++++,7.379723,94,841,188
5523,+++--+--++-+-+------++---++-+,10.440307,222,841,444
5524,+--+-+--++-+-+------++-----++,7.280110,118,841,236
5525,++-+-+--++-+-+------++------+,9.496670,374,841,748
5526,+-++-+--++-+-+------++----+++,8.695138,222,841,444
5527,++++-+--++-+-+------++----+-+,9.637580,350,841,700
5528,+---++--++-+-+------++--++-++,12.529964,414,841,828
5529,++--++--++-+-+------++--++--+,14.866069,830,841,1660
5530,+-+-++--++-+-+------++--+++++,9.219544,262,841,524
5531,+++-++--++-+-+------++--+++-+,12.206556,422,841,844
5532,+--+++--++-+-+------++--+--++,11.180340,254,841,508
5533,++-+++--++-+-+------++--+---+,12.529964,478,841,956
5534,+-++++--++-+-+------++--+-+++,9.377074,262,841,524
5535,++++++--++-+-+------++--+-+-+,9.658423,358,841,716
5536,+-----+-++-+-+------++++-+-++,9.758988,382,841,764
5537,++----+-++-+-+------++++-+--+,11.032238,542,841,1084
5538,+-+---+-++-+-+------++++-++++,9.004004,262,841,524
5539,+++---+-++-+-+------++++-++-+,9.381738,294,841,588
5540,+--+--+-++-+-+------++++---++,8.187704,190,841,380
5541,++-+--+-++-+-+------++++----+,11.074647,542,841,1084
5542,+-++--+-++-+-+------++++--+++,8.434172,166,841,332
5543,++++--+-++-+-+------++++--+-+,10.089490,390,841,780
5544,+---+-+-++-+-+------++++++-++,10.284009,390,841,780
5545,++--+-+-++-+-+------++++++--+,9.849616,390,841,780
5546,+-+-+-+-++-+-+------+++++++++,10.592850,622,841,1244
5547,+++-+-+-++-+-+------+++++++-+,10.292389,494,841,988
5548,+--++-+-++-+-+------+++++--++,7.372088,134,841,268
5549,++-++-+-++-+-+------+++++---+,9.526841,262,841,524
5550,+-+++-+-++-+-+------+++++-+++,10.497820,334,841,668
5551,+++++-+-++-+-+------+++++-+-+,10.293420,462,841,924
5552,+----++-++-+-+------+++--+-++,9.701111,254,841,508
5553,++---++-++-+-+------+++--+--+,10.440307,286,841,572
5554,+-+--++-++-+-+------+++--++++,8.714984,198,841,396
5555,+++--++-++-+-+------+++--++-+,10.049876,230,841,460
5556,+--+-++-++-+-+------+++----++,9.693738,222,841,444
5557,++-+-++-++-+-+------+++-----+,8.701871,254,841,508
5558,+-++-++-++-+-+------+++---+++,8.046087,198,841,396
5559,++++-++-++-+-+------+++---+-+,8.438526,230,841,460
5560,+---+++-++-+-+------+++-++-++,9.219544,294,841,588
5561,++--+++-++-+-+------+++-++--+,12.206556,358,841,716
5562,+-+-+++-++-+-+------+++-+++++,11.220714,526,841,1052
5563,+++-+++-++-+-+------+++-+++-+,10.535745,462,841,924
5564,+--++++-++-+-+------+++-+--++,8.738648,198,841,396
5565,++-++++-++-+-+------+++-+---+,9.219544,198,841,396
5566,+-+++++-++-+-+------+++-+-+++,11.194974,462,841,924
5567,+++++++-++-+-+------+++-+-+-+,10.735183,462,841,924
5568,+------+++-+-+------+--+-+-++,9.739037,278,841,556
5569,++-----+++-+-+------+--+-+--+,8.214577,150,841,300
5570,+-+----+++-+-+------+--+-++++,9.763822,286,841,572
5571,+++----+++-+-+------+--+-++-+,7.979534,158,841,316
5572,+--+---+++-+-+------+--+---++,9.219544,150,841,300
5573,++-+---+++-+-+------+--+----+,8.637422,214,841,428
5574,+-++---+++-+-+------+--+--+++,7.418111,126,841,252
5575,++++---+++-+-+------+--+--+-+,8.567745,190,841,380
5576,+---+--+++-+-+------+--+++-++,11.180340,478,841,956
5577,++--+--+++-+-+------+--+++--+,11.180340,254,841,508
5578,+-+-+--+++-+-+------+--++++++,10.013195,454,841,908
5579,+++-+--+++-+-+------+--++++-+,8.907664,230,841,460
5580,+--++--+++-+-+------+--++--++,12.529964,542,841,1084
5581,++-++--+++-+-+------+--++---+,11.180340,318,841,636
5582,+-+++--+++-+-+------+--++-+++,9.824358,358,841,716
5583,+++++--+++-+-+------+--++-+-+,9.817081,262,841,524
5584,+----+-+++-+-+------+----+-++,9.019130,246,841,492
5585,++---+-+++-+-+------+----+--+,9.219544,182,841,364
5586,+-+--+-+++-+-+------+----++++,9.062974,318,841,636
5587,+++--+-+++-+-+------+----++-+,8.867529,254,841,508
5588,+--+-+-+++-+-+------+------++,8.373504,214,841,428
5589,++-+-+-+++-+-+------+-------+,11.129608,534,841,1068
5590,+-++-+-+++-+-+------+-----+++,9.911059,318,841,636
5591,++++-+-+++-+-+------+-----+-+,11.780703,638,841,1276
5592,+---++-+++-+-+------+---++-++,11.180340,414,841,828
5593,++--++-+++-+-+------+---++--+,12.529964,446,841,892
5594,+-+-++-+++-+-+------+---+++++,11.085669,518,841,1036
5595,+++-++-+++-+-+------+---+++-+,10.510515,422,841,844
5596,+--+++-+++-+-+------+---+--++,11.180340,446,841,892
5597,++-+++-+++-+-+------+---+---+,11.184450,670,841,1340
5598,+-++++-+++-+-+------+---+-+++,11.727924,582,841,1164
5599,++++++-+++-+-+------+---+-+-+,12.409807,806,841,1612
5600,+-----++++-+-+------+-++-+-++,10.185295,414,841,828
5601,++----++++-+-+------+-++-+--+,9.219869,318,841,636
5602,+-+---++++-+-+------+-++-++++,10.192354,422,841,844
5603,+++---++++-+-+------+-++-++-+,7.713262,198,841,396
5604,+--+--++++-+-+------+-++---++,8.179635,158,841,316
5605,++-+--++++-+-+------+-++----+,9.077151,254,841,508
5606,+-++--++++-+-+------+-++--+++,8.709428,262,841,524
5607,++++--++++-+-+------+-++--+-+,8.537222,230,841,460
5608,+---+-++++-+-+------+-++++-++,11.319837,582,841,1164
5609,++--+-++++-+-+------+-++++--+,8.695257,262,841,524
5610,+-+-+-++++-+-+------+-+++++++,12.298343,942,841,1884
5611,+++-+-++++-+-+------+-+++++-+,10.907998,494,841,988
5612,+--++-++++-+-+------+-+++--++,9.219544,326,841,652
5613,++-++-++++-+-+------+-+++---+,7.694091,134,841,268
5614,+-+++-++++-+-+------+-+++-+++,11.819688,654,841,1308
5615,+++++-++++-+-+------+-+++-+-+,11.097868,462,841,924
5616,+----+++++-+-+------+-+--+-++,9.419315,382,841,764
5617,++---+++++-+-+------+-+--+--+,8.239152,158,841,316
5618,+-+--+++++-+-+------+-+--++++,10.419800,518,841,1036
5619,+++--+++++-+-+------+-+--++-+,9.301523,294,841,588
5620,+--+-+++++-+-+------+-+----++,9.059830,286,841,572
5621,++-+-+++++-+-+------+-+-----+,10.702946,446,841,892
5622,+-++-+++++-+-+------+-+---+++,10.684637,454,841,908
5623,++++-+++++-+-+------+-+---+-+,11.549477,614,841,1228
5624,+---++++++-+-+------+-+-++-++,10.977463,518,841,1036
5625,++--++++++-+-+------+-+-++--+,9.219544,262,841,524
5626,+-+-++++++-+-+------+-+-+++++,13.120747,1070,841,2140
5627,+++-++++++-+-+------+-+-+++-+,11.936434,686,841,1372
5628,+--+++++++-+-+------+-+-+--++,10.336272,422,841,844
5629,++-+++++++-+-+------+-+-+---+,10.953429,486,841,972
5630,+-++++++++-+-+------+-+-+-+++,13.144092,1006,841,2012
5631,++++++++++-+-+------+-+-+-+-+,12.804422,1070,841,2140
5632,+---------++-+----++-+-+-+-++,8.925457,182,841,364
5633,++--------++-+----++-+-+-+--+,9.495343,246,841,492
5634,+-+-------++-+----++-+-+-++++,9.124149,318,841,636
5635,+++-------++-+----++-+-+-++-+,9.287000,254,841,508
5636,+--+------++-+----++-+-+---++,9.317475,246,841,492
5637,++-+------++-+----++-+-+----+,11.441082,502,841,1004
5638,+-++------++-+----++-+-+--+++,11.102507,478,841,956
5639,++++------++-+----++-+-+--+-+,11.744854,606,841,1212
5640,+---+-----++-+----++-+-+++-++,8.547249,190,841,380
5641,++--+-----++-+----++-+-+++--+,8.829702,222,841,444
5642,+-+-+-----++-+----++-+-++++++,9.344362,294,841,588
5643,+++-+-----++-+----++-+-++++-+,8.153433,198,841,396
5644,+--++-----++-+----++-+-++--++,9.484944,254,841,508
5645,++-++-----++-+----++-+-++---+,9.687914,286,841,572
5646,+-+++-----++-+----++-+-++-+++,10.050256,326,841,652
5647,+++++-----++-+----++-+-++-+-+,9.808850,358,841,716
5648,+----+----++-+----++-+---+-++,9.013125,214,841,428
5649,++---+----++-+----++-+---+--+,8.094915,150,841,300
5650,+-+--+----++-+----++-+---++++,9.952462,414,841,828
5651,+++--+----++-+----++-+---++-+,9.410900,222,841,444
5652,+--+-+----++-+----++-+-----++,10.349606,438,841,876
5653,++-+-+----++-+----++-+------+,10.468439,374,841,748
5654,+-++-+----++-+----++-+----+++,12.289571,798,841,1596
5655,++++-+----++-+----++-+----+-+,11.786945,606,841,1212
5656,+---++----++-+----++-+--++-++,9.755537,382,841,764
5657,++--++----++-+----++-+--++--+,10.040360,350,841,700
5658,+-+-++----++-+----++-+--+++++,10.844114,486,841,972
5659,+++-++----++-+----++-+--+++-+,8.193959,198,841,396
5660,+--+++----++-+----++-+--+--++,10.421135,478,841,956
5661,++-+++----++-+----++-+--+---+,8.896908,254,841,508
5662,+-++++----++-+----++-+--+-+++,12.166191,742,841,1484
5663,++++++----++-+----++-+--+-+-+,10.355703,390,841,780
5664,+-----+---++-+----++-+++-+-++,8.127063,126,841,252
5665,++----+---++-+----++-+++-+--+,9.288572,286,841,572
5666,+-+---+---++-+----++-+++-++++,9.219544,198,841,396
5667,+++---+---++-+----++-+++-++-+,9.219544,230,841,460
5668,+--+--+---++-+----++-+++---++,7.810250,190,841,380
5669,++-+--+---++-+----++-+++----+,10.615498,414,841,828
5670,+-++--+---++-+----++-+++--+++,10.816654,358,841,716
5671,++++--+---++-+----++-+++--+-+,10.376870,454,841,908
5672,+---+-+---++-+----++-+++++-++,8.207545,166,841,332
5673,++--+-+---++-+----++-+++++--+,9.600223,294,841,588
5674,+-+-+-+---++-+----++-++++++++,9.372182,206,841,412
5675,+++-+-+---++-+----++-++++++-+,9.308041,206,841,412
5676,+--++-+---++-+----++-++++--++,8.249150,166,841,332
5677,++-++-+---++-+----++-++++---+,9.357068,294,841,588
5678,+-+++-+---++-+----++-++++-+++,8.524772,174,841,348
5679,+++++-+---++-+----++-++++-+-+,9.310401,302,841,604
5680,+----++---++-+----++-++--+-++,9.317922,222,841,444
5681,++---++---++-+----++-++--+--+,8.136092,190,841,380
5682,+-+--++---++-+----++-++--++++,9.219544,294,841,588
5683,+++--++---++-+----++-++--++-+,10.816654,262,841,524
5684,+--+-++---++-+----++-++----++,10.116284,382,841,764
5685,++-+-++---++-+----++-++-----+,9.086572,222,841,444
5686,+-++-++---++-+----++-++---+++,10.348500,486,841,972
5687,++++-++---++-+----++-++---+-+,9.766834,326,841,652
5688,+---+++---++-+----++-++-++-++,9.011101,294,841,588
5689,++--+++---++-+----++-++-++--+,9.597507,294,841,588
5690,+-+-+++---++-+----++-++-+++++,9.374318,270,841,540
5691,+++-+++---++-+----++-++-+++-+,8.353635,142,841,284
5692,+--++++---++-+----++-++-+--++,10.020464,390,841,780
5693,++-++++---++-+----++-++-+---+,8.333910,198,841,396
5694,+-+++++---++-+----++-++-+-+++,10.410664,398,841,796
5695,+++++++---++-+----++-++-+-+-+,8.644063,206,841,412
5696,+------+--++-+----++---+-+-++,7.155950,86,841,172
5697,++-----+--++-+----++---+-+--+,9.871477,278,841,556
5698,+-+----+--++-+----++---+-++++,8.395674,158,841,316
5699,+++----+--++-+----++---+-++-+,8.897333,222,841,444
5700,+--+---+--++-+----++---+---++,10.049876,214,841,428
5701,++-+---+--++-+----++---+----+,8.561753,214,841,428
5702,+-++---+--++-+----++---+--+++,11.180340,382,841,764
5703,++++---+--++-+----++---+--+-+,9.276918,254,841,508
5704,+---+--+--++-+----++---+++-++,8.433368,190,841,380
5705,++--+--+--++-+----++---+++--+,10.546041,414,841,828
5706,+-+-+--+--++-+----++---++++++,7.255911,102,841,204
5707,+++-+--+--++-+----++---++++-+,9.022562,198,841,396
5708,+--++--+--++-+----++---++--++,10.440307,382,841,764
5709,++-++--+--++-+----++---++---+,8.422023,222,841,444
5710,+-+++--+--++-+----++---++-+++,10.049876,262,841,524
5711,+++++--+--++-+----++---++-+-+,7.342305,102,841,204
5712,+----+-+--++-+----++-----+-++,8.915184,214,841,428
5713,++---+-+--++-+----++-----+--+,9.613715,278,841,556
5714,+-+--+-+--++-+----++-----++++,8.918075,286,841,572
5715,+++--+-+--++-+----++-----++-+,8.956628,222,841,444
5716,+--+-+-+--++-+----++-------++,7.993567,118,841,236
5717,++-+-+-+--++-+----++--------+,8.620100,182,841,364
5718,+-++-+-+--++-+----++------+++,10.005582,350,841,700
5719,++++-+-+--++-+----++------+-+,9.507487,286,841,572
5720,+---++-+--++-+----++----++-++,10.161158,414,841,828
5721,++--++-+--++-+----++----++--+,10.919029,574,841,1148
5722,+-+-++-+--++-+----++----+++++,10.145369,390,841,780
5723,+++-++-+--++-+----++----+++-+,9.315874,294,841,588
5724,+--+++-+--++-+----++----+--++,8.735062,254,841,508
5725,++-+++-+--++-+----++----+---+,8.360050,222,841,444
5726,+-++++-+--++-+----++----+-+++,10.304498,390,841,780
5727,++++++-+--++-+----++----+-+-+,9.071621,230,841,460
5728,+-----++--++-+----++--++-+-++,8.842858,190,841,380
5729,++----++--++-+----++--++-+--+,11.463508,542,841,1084
5730,+-+---++--++-+----++--++-++++,10.816654,262,841,524
5731,+++---++--++-+----++--++-++-+,9.636916,358,841,716
5732,+--+--++--++-+----++--++---++,11.180340,382,841,764
5733,++-+--++--++-+----++--++----+,10.399494,414,841,828
5734,+-++--++--++-+----++--++--+++,13.453624,678,841,1356
5735,++++--++--++-+----++--++--+-+,10.816654,454,841,908
5736,+---+-++--++-+----++--++++-++,9.550957,262,841,524
5737,++--+-++--++-+----++--++++--+,11.983864,646,841,1292
5738,+-+-+-++--++-+----++--+++++++,8.262587,174,841,348
5739,+++-+-++--++-+----++--+++++-+,9.831858,302,841,604
5740,+--++-++--++-+----++--+++--++,10.049876,326,841,652
5741,++-++-++--++-+----++--+++---+,10.176876,326,841,652
5742,+-+++-++--++-+----++--+++-+++,11.180340,334,841,668
5743,+++++-++--++-+----++--+++-+-+,8.319330,206,841,412
5744,+----+++--++-+----++--+--+-++,8.987722,254,841,508
5745,++---+++--++-+----++--+--+--+,10.615196,414,841,828
5746,+-+--+++--++-+----++--+--++++,9.219544,262,841,524
5747,+++--+++--++-+----++--+--++-+,9.219544,294,841,588
5748,+--+-+++--++-+----++--+----++,8.263496,158,841,316
5749,++-+-+++--++-+----++--+-----+,9.012197,190,841,380
5750,+-++-+++--++-+----++--+---+++,10.816654,326,841,652
5751,++++-+++--++-+----++--+---+-+,9.219544,230,841,460
5752,+---++++--++-+----++--+-++-++,9.875070,422,841,844
5753,++--++++--++-+----++--+-++--+,11.815737,678,841,1356
5754,+-+-++++--++-+----++--+-+++++,9.262287,334,841,668
5755,+++-++++--++-+----++--+-+++-+,9.677414,334,841,668
5756,+--+++++--++-+----++--+-+--++,8.209267,198,841,396
5757,++-+++++--++-+----++--+-+---+,9.610964,262,841,524
5758,+-++++++--++-+----++--+-+-+++,9.295387,270,841,540
5759,++++++++--++-+----++--+-+-+-+,9.227501,206,841,412
5760,+-------+-++-+----++++-+-+-++,10.184594,382,841,764
5761,++------+-++-+----++++-+-+--+,12.008316,670,841,1340
5762,+-+-----+-++-+----++++-+-++++,10.608662,454,841,908
5763,+++-----+-++-+----++++-+-++-+,11.354218,614,841,1228
5764,+--+----+-++-+----++++-+---++,11.300485,606,841,1212
5765,++-+----+-++-+----++++-+----+,13.432896,1086,841,2172
5766,+-++----+-++-+----++++-+--+++,12.347525,774,841,1548
5767,++++----+-++-+----++++-+--+-+,13.436518,1126,841,2252
5768,+---+---+-++-+----++++-+++-++,8.337695,166,841,332
5769,++--+---+-++-+----++++-+++--+,9.285244,294,841,588
5770,+-+-+---+-++-+----++++-++++++,8.393003,206,841,412
5771,+++-+---+-++-+----++++-++++-+,8.362298,206,841,412
5772,+--++---+-++-+----++++-++--++,9.612285,390,841,780
5773,++-++---+-++-+----++++-++---+,10.913330,518,841,1036
5774,+-+++---+-++-+----++++-++-+++,10.562706,398,841,796
5775,+++++---+-++-+----++++-++-+-+,11.039012,526,841,1052
5776,+----+--+-++-+----++++---+-++,9.748109,414,841,828
5777,++---+--+-++-+----++++---+--+,10.722220,446,841,892
5778,+-+--+--+-++-+----++++---++++,10.696825,614,841,1228
5779,+++--+--+-++-+----++++---++-+,11.089334,518,841,1036
5780,+--+-+--+-++-+----++++-----++,10.731257,734,841,1468
5781,++-+-+--+-++-+----++++------+,12.266952,766,841,1532
5782,+-++-+--+-++-+----++++----+++,12.848289,1094,841,2188
5783,++++-+--+-++-+----++++----+-+,13.143065,998,841,1996
5784,+---++--+-++-+----++++--++-++,9.152106,294,841,588
5785,++--++--+-++-+----++++--++--+,10.170768,358,841,716
5786,+-+-++--+-++-+----++++--+++++,10.180457,398,841,796
5787,+++-++--+-++-+----++++--+++-+,8.673952,206,841,412
5788,+--+++--+-++-+----++++--+--++,10.350155,486,841,972
5789,++-+++--+-++-+----++++--+---+,9.818469,358,841,716
5790,+-++++--+-++-+----++++--+-+++,12.147085,750,841,1500
5791,++++++--+-++-+----++++--+-+-+,11.154599,494,841,988
5792,+-----+-+-++-+----++++++-+-++,9.847038,358,841,716
5793,++----+-+-++-+----++++++-+--+,11.838884,614,841,1228
5794,+-+---+-+-++-+----++++++-++++,8.074020,174,841,348
5795,+++---+-+-++-+----++++++-++-+,10.012205,302,841,604
5796,+--+--+-+-++-+----++++++---++,10.165291,390,841,780
5797,++-+--+-+-++-+----++++++----+,12.611406,838,841,1676
5798,+-++--+-+-++-+----++++++--+++,9.974722,302,841,604
5799,++++--+-+-++-+----++++++--+-+,11.932633,622,841,1244
5800,+---+-+-+-++-+----++++++++-++,8.273292,174,841,348
5801,++--+-+-+-++-+----++++++++--+,9.538385,270,841,540
5802,+-+-+-+-+-++-+----+++++++++++,9.000000,342,841,684
5803,+++-+-+-+-++-+----+++++++++-+,9.442822,310,841,620
5804,+--++-+-+-++-+----+++++++--++,7.825241,142,841,284
5805,++-++-+-+-++-+----+++++++---+,10.270076,366,841,732
5806,+-+++-+-+-++-+----+++++++-+++,9.000000,278,841,556
5807,+++++-+-+-++-+----+++++++-+-+,9.951189,502,841,1004
5808,+----++-+-++-+----+++++--+-++,10.013158,390,841,780
5809,++---++-+-++-+----+++++--+--+,10.011124,326,841,652
5810,+-+--++-+-++-+----+++++--++++,9.435902,270,841,540
5811,+++--++-+-++-+----+++++--++-+,8.798147,206,841,412
5812,+--+-++-+-++-+----+++++----++,10.276329,582,841,1164
5813,++-+-++-+-++-+----+++++-----+,10.921010,518,841,1036
5814,+-++-++-+-++-+----+++++---+++,10.486710,494,841,988
5815,++++-++-+-++-+----+++++---+-+,11.057749,430,841,860
5816,+---+++-+-++-+----+++++-++-++,9.098862,174,841,348
5817,++--+++-+-++-+----+++++-++--+,8.487794,142,841,284
5818,+-+-+++-+-++-+----+++++-+++++,9.019457,342,841,684
5819,+++-+++-+-++-+----+++++-+++-+,9.000000,182,841,364
5820,+--++++-+-++-+----+++++-+--++,10.065152,302,841,604
5821,++-++++-+-++-+----+++++-+---+,8.639555,206,841,412
5822,+-+++++-+-++-+----+++++-+-+++,10.349250,502,841,1004
5823,+++++++-+-++-+----+++++-+-+-+,9.265188,406,841,812
5824,+------++-++-+----+++--+-+-++,9.746751,222,841,444
5825,++-----++-++-+----+++--+-+--+,10.233885,446,841,892
5826,+-+----++-++-+----+++--+-++++,10.221868,294,841,588
5827,+++----++-++-+----+++--+-++-+,10.194844,518,841,1036
5828,+--+---++-++-+----+++--+---++,10.440307,446,841,892
5829,++-+---++-++-+----+++--+----+,11.127054,478,841,956
5830,+-++---++-++-+----+++--+--+++,10.614381,486,841,972
5831,++++---++-++-+----+++--+--+-+,11.192088,518,841,1036
5832,+---+--++-++-+----+++--+++-++,9.219544,166,841,332
5833,++--+--++-++-+----+++--+++--+,9.007478,294,841,588
5834,+-+-+--++-++-+----+++--++++++,7.577450,78,841,156
5835,+++-+--++-++-+----+++--++++-+,9.217634,206,841,412
5836,+--++--++-++-+----+++--++--++,12.206556,582,841,1164
5837,++-++--++-++-+----+++--++---+,9.219544,326,841,652
5838,+-+++--++-++-+----+++--++-+++,10.440307,334,841,668
5839,+++++--++-++-+----+++--++-+-+,8.373446,206,841,412
5840,+----+-++-++-+----+++----+-++,10.184479,414,841,828
5841,++---+-++-++-+----+++----+--+,9.738823,382,841,764
5842,+-+--+-++-++-+----+++----++++,10.253362,550,841,1100
5843,+++--+-++-++-+----+++----++-+,10.185286,518,841,1036
5844,+--+-+-++-++-+----+++------++,9.735819,350,841,700
5845,++-+-+-++-++-+----+++-------+,10.277194,318,841,636
5846,+-++-+-++-++-+----+++-----+++,10.776273,518,841,1036
5847,++++-+-++-++-+----+++-----+-+,11.075627,486,841,972
5848,+---++-++-++-+----+++---++-++,9.063318,262,841,524
5849,++--++-++-++-+----+++---++--+,9.484102,326,841,652
5850,+-+-++-++-++-+----+++---+++++,9.144185,302,841,604
5851,+++-++-++-++-+----+++---+++-+,9.067176,238,841,476
5852,+--+++-++-++-+----+++---+--++,9.219544,262,841,524
5853,++-+++-++-++-+----+++---+---+,8.306819,134,841,268
5854,+-++++-++-++-+----+++---+-+++,9.966701,334,841,668
5855,++++++-++-++-+----+++---+-+-+,8.805883,206,841,412
5856,+-----+++-++-+----+++-++-+-++,9.072293,230,841,460
5857,++----+++-++-+----+++-++-+--+,10.113092,486,841,972
5858,+-+---+++-++-+----+++-++-++++,7.810250,110,841,220
5859,+++---+++-++-+----+++-++-++-+,8.939162,238,841,476
5860,+--+--+++-++-+----+++-++---++,10.049876,326,841,652
5861,++-+--+++-++-+----+++-++----+,10.397751,390,841,780
5862,+-++--+++-++-+----+++-++--+++,11.180340,302,841,604
5863,++++--+++-++-+----+++-++--+-+,9.204733,238,841,476
5864,+---+-+++-++-+----+++-++++-++,8.464165,142,841,284
5865,++--+-+++-++-+----+++-++++--+,9.771073,302,841,604
5866,+-+-+-+++-++-+----+++-+++++++,9.190843,246,841,492
5867,+++-+-+++-++-+----+++-+++++-+,9.000000,278,841,556
5868,+--++-+++-++-+----+++-+++--++,10.440307,238,841,476
5869,++-++-+++-++-+----+++-+++---+,7.820985,142,841,284
5870,+-+++-+++-++-+----+++-+++-+++,10.049876,310,841,620
5871,+++++-+++-++-+----+++-+++-+-+,9.000000,214,841,428
5872,+----++++-++-+----+++-+--+-++,9.818140,422,841,844
5873,++---++++-++-+----+++-+--+--+,9.106964,358,841,716
5874,+-+--++++-++-+----+++-+--++++,9.842883,302,841,604
5875,+++--++++-++-+----+++-+--++-+,9.642860,238,841,476
5876,+--+-++++-++-+----+++-+----++,9.382581,294,841,588
5877,++-+-++++-++-+----+++-+-----+,9.241637,230,841,460
5878,+-++-++++-++-+----+++-+---+++,7.973448,206,841,412
5879,++++-++++-++-+----+++-+---+-+,8.541594,142,841,284
5880,+---+++++-++-+----+++-+-++-++,8.881062,238,841,476
5881,++--+++++-++-+----+++-+-++--+,9.647031,270,841,540
5882,+-+-+++++-++-+----+++-+-+++++,9.708160,406,841,812
5883,+++-+++++-++-+----+++-+-+++-+,9.000000,310,841,620
5884,+--++++++-++-+----+++-+-+--++,8.059767,110,841,220
5885,++-++++++-++-+----+++-+-+---+,7.355328,78,841,156
5886,+-+++++++-++-+----+++-+-+-+++,9.512432,310,841,620
5887,+++++++++-++-+----+++-+-+-+-+,9.000000,278,841,556
5888,+--------+++-+----+--+-+-+-++,9.266420,278,841,556
5889,++-------+++-+----+--+-+-+--+,9.936971,342,841,684
5890,+-+------+++-+----+--+-+-++++,9.942774,350,841,700
5891,+++------+++-+----+--+-+-++-+,9.251386,414,841,828
5892,+--+-----+++-+----+--+-+---++,8.708666,214,841,428
5893,++-+-----+++-+----+--+-+----+,11.275920,470,841,940
5894,+-++-----+++-+----+--+-+--+++,10.011445,254,841,508
5895,++++-----+++-+----+--+-+--+-+,11.046775,510,841,1020
5896,+---+----+++-+----+--+-+++-++,8.885802,222,841,444
5897,++--+----+++-+----+--+-+++--+,9.077334,254,841,508
5898,+-+-+----+++-+----+--+-++++++,9.549543,262,841,524
5899,+++-+----+++-+----+--+-++++-+,9.851458,294,841,588
5900,+--++----+++-+----+--+-++--++,10.120950,286,841,572
5901,++-++----+++-+----+--+-++---+,9.585302,318,841,636
5902,+-+++----+++-+----+--+-++-+++,8.416738,166,841,332
5903,+++++----+++-+----+--+-++-+-+,9.326622,326,841,652
5904,+----+---+++-+----+--+---+-++,7.747562,86,841,172
5905,++---+---+++-+----+--+---+--+,10.049876,214,841,428
5906,+-+--+---+++-+----+--+---++++,8.745199,222,841,444
5907,+++--+---+++-+----+--+---++-+,11.180340,350,841,700
5908,+--+-+---+++-+----+--+-----++,8.360226,182,841,364
5909,++-+-+---+++-+----+--+------+,9.842877,310,841,620
5910,+-++-+---+++-+----+--+----+++,10.639717,350,841,700
5911,++++-+---+++-+----+--+----+-+,10.737287,478,841,956
5912,+---++---+++-+----+--+--++-++,8.274554,126,841,252
5913,++--++---+++-+----+--+--++--+,10.440307,286,841,572
5914,+-+-++---+++-+----+--+--+++++,8.406358,166,841,332
5915,+++-++---+++-+----+--+--+++-+,10.049876,198,841,396
5916,+--+++---+++-+----+--+--+--++,8.975326,222,841,444
5917,++-+++---+++-+----+--+--+---+,8.290908,190,841,380
5918,+-++++---+++-+----+--+--+-+++,9.956123,294,841,588
5919,++++++---+++-+----+--+--+-+-+,8.829320,262,841,524
5920,+-----+--+++-+----+--+++-+-++,8.890046,254,841,508
5921,++----+--+++-+----+--+++-+--+,10.225083,414,841,828
5922,+-+---+--+++-+----+--+++-++++,9.219544,262,841,524
5923,+++---+--+++-+----+--+++-++-+,10.816654,422,841,844
5924,+--+--+--+++-+----+--+++---++,8.502042,190,841,380
5925,++-+--+--+++-+----+--+++----+,10.766318,414,841,828
5926,+-++--+--+++-+----+--+++--+++,9.219544,166,841,332
5927,++++--+--+++-+----+--+++--+-+,10.068755,390,841,780
5928,+---+-+--+++-+----+--+++++-++,9.144019,294,841,588
5929,++--+-+--+++-+----+--+++++--+,9.274409,294,841,588
5930,+-+-+-+--+++-+----+--++++++++,8.814606,270,841,540
5931,+++-+-+--+++-+----+--++++++-+,9.283648,270,841,540
5932,+--++-+--+++-+----+--++++--++,9.547072,294,841,588
5933,++-++-+--+++-+----+--++++---+,9.430762,294,841,588
5934,+-+++-+--+++-+----+--++++-+++,8.386686,110,841,220
5935,+++++-+--+++-+----+--++++-+-+,9.334361,238,841,476
5936,+----++--+++-+----+--++--+-++,8.746150,190,841,380
5937,++---++--+++-+----+--++--+--+,11.180340,350,841,700
5938,+-+--++--+++-+----+--++--++++,10.816654,326,841,652
5939,+++--++--+++-+----+--++--++-+,13.453624,614,841,1228
5940,+--+-++--+++-+----+--++----++,9.417827,222,841,444
5941,++-+-++--+++-+----+--++-----+,8.678871,254,841,508
5942,+-++-++--+++-+----+--++---+++,9.219544,262,841,524
5943,++++-++--+++-+----+--++---+-+,10.816654,422,841,844
5944,+---+++--+++-+----+--++-++-++,8.550521,198,841,396
5945,++--+++--+++-+----+--++-++--+,10.049876,262,841,524
5946,+-+-+++--+++-+----+--++-+++++,9.174024,238,841,476
5947,+++-+++--+++-+----+--++-+++-+,11.180340,302,841,604
5948,+--++++--+++-+----+--++-+--++,9.824248,294,841,588
5949,++-++++--+++-+----+--++-+---+,8.258086,166,841,332
5950,+-+++++--+++-+----+--++-+-+++,9.303491,238,841,476
5951,+++++++--+++-+----+--++-+-+-+,9.043786,238,841,476
5952,+------+-+++-+----+----+-+-++,10.422308,342,841,684
5953,++-----+-+++-+----+----+-+--+,7.359474,150,841,300
5954,+-+----+-+++-+----+----+-++++,10.544792,414,841,828
5955,+++----+-+++-+----+----+-++-+,8.765480,222,841,444
5956,+--+---+-+++-+----+----+---++,8.312128,150,841,300
5957,++-+---+-+++-+----+----+----+,8.447656,150,841,300
5958,+-++---+-+++-+----+----+--+++,8.545583,190,841,380
5959,++++---+-+++-+----+----+--+-+,8.709866,190,841,380
5960,+---+--+-+++-+----+----+++-++,9.748921,318,841,636
5961,++--+--+-+++-+----+----+++--+,8.344156,158,841,316
5962,+-+-+--+-+++-+----+----++++++,9.836184,358,841,716
5963,+++-+--+-+++-+----+----++++-+,8.505265,198,841,396
5964,+--++--+-+++-+----+----++--++,10.676237,318,841,636
5965,++-++--+-+++-+----+----++---+,8.717050,158,841,316
5966,+-+++--+-+++-+----+----++-+++,8.247903,198,841,396
5967,+++++--+-+++-+----+----++-+-+,8.634942,166,841,332
5968,+----+-+-+++-+----+------+-++,9.749855,246,841,492
5969,++---+-+-+++-+----+------+--+,7.373735,118,841,236
5970,+-+--+-+-+++-+----+------++++,9.189943,318,841,636
5971,+++--+-+-+++-+----+------++-+,8.480687,190,841,380
5972,+--+-+-+-+++-+----+--------++,8.364446,214,841,428
5973,++-+-+-+-+++-+----+---------+,10.809030,470,841,940
5974,+-++-+-+-+++-+----+-------+++,9.088223,318,841,636
5975,++++-+-+-+++-+----+-------+-+,11.304878,574,841,1148
5976,+---++-+-+++-+----+-----++-++,8.940916,254,841,508
5977,++--++-+-+++-+----+-----++--+,9.035775,222,841,444
5978,+-+-++-+-+++-+----+-----+++++,9.690072,358,841,716
5979,+++-++-+-+++-+----+-----+++-+,9.262837,198,841,396
5980,+--+++-+-+++-+----+-----+--++,9.200485,286,841,572
5981,++-+++-+-+++-+----+-----+---+,10.812490,446,841,892
5982,+-++++-+-+++-+----+-----+-+++,10.525352,422,841,844
5983,++++++-+-+++-+----+-----+-+-+,11.685857,582,841,1164
5984,+-----++-+++-+----+---++-+-++,9.694285,286,841,572
5985,++----++-+++-+----+---++-+--+,9.495402,254,841,508
5986,+-+---++-+++-+----+---++-++++,9.691730,358,841,716
5987,+++---++-+++-+----+---++-++-+,9.219544,198,841,396
5988,+--+--++-+++-+----+---++---++,7.810250,158,841,316
5989,++-+--++-+++-+----+---++----+,8.885610,190,841,380
5990,+-++--++-+++-+----+---++--+++,10.816654,326,841,652
5991,++++--++-+++-+----+---++--+-+,9.219544,230,841,460
5992,+---+-++-+++-+----+---++++-++,10.142926,422,841,844
5993,++--+-++-+++-+----+---++++--+,9.838550,294,841,588
5994,+-+-+-++-+++-+----+---+++++++,10.542857,462,841,924
5995,+++-+-++-+++-+----+---+++++-+,8.895721,206,841,412
5996,+--++-++-+++-+----+---+++--++,9.303556,294,841,588
5997,++-++-++-+++-+----+---+++---+,8.569772,166,841,332
5998,+-+++-++-+++-+----+---+++-+++,9.955135,302,841,604
5999,+++++-++-+++-+----+---+++-+-+,9.381189,174,841,348
6000,+----+++-+++-+----+---+--+-++,8.942305,190,841,380
6001,++---+++-+++-+----+---+--+--+,8.535432,158,841,316
6002,+-+--+++-+++-+----+---+--++++,9.295956,326,841,652
6003,+++--+++-+++-+----+---+--++-+,10.816654,294,841,588
6004,+--+-+++-+++-+----+---+----++,8.314013,158,841,316
6005,++-+-+++-+++-+----+---+-----+,10.448107,382,841,764
6006,+-++-+++-+++-+----+---+---+++,9.620365,326,841,652
6007,++++-+++-+++-+----+---+---+-+,11.015080,550,841,1100
6008,+---++++-+++-+----+---+-++-++,9.691203,358,841,716
6009,++--++++-+++-+----+---+-++--+,9.547495,294,841,588
6010,+-+-++++-+++-+----+---+-+++++,11.415067,526,841,1052
6011,+++-++++-+++-+----+---+-+++-+,10.276214,334,841,668
6012,+--+++++-+++-+----+---+-+--++,9.255634,326,841,652
6013,++-+++++-+++-+----+---+-+---+,10.571432,454,841,908
6014,+-++++++-+++-+----+---+-+-+++,11.625957,526,841,1052
6015,++++++++-+++-+----+---+-+-+-+,11.750548,654,841,1308
6016,+-------++++-+----+-++-+-+-++,10.226238,510,841,1020
6017,++------++++-+----+-++-+-+--+,12.330263,862,841,1724
6018,+-+-----++++-+----+-++-+-++++,10.317132,454,841,908
6019,+++-----++++-+----+-++-+-++-+,11.027530,678,841,1356
6020,+--+----++++-+----+-++-+---++,11.141857,542,841,1084
6021,++-+----++++-+----+-++-+----+,13.412656,1086,841,2172
6022,+-++----++++-+----+-++-+--+++,11.614572,582,841,1164
6023,++++----++++-+----+-++-+--+-+,12.931727,998,841,1996
6024,+---+---++++-+----+-++-+++-++,9.084394,294,841,588
6025,++--+---++++-+----+-++-+++--+,10.168143,486,841,972
6026,+-+-+---++++-+----+-++-++++++,8.797311,206,841,412
6027,+++-+---++++-+----+-++-++++-+,9.081407,270,841,540
6028,+--++---++++-+----+-++-++--++,10.055232,326,841,652
6029,++-++---++++-+----+-++-++---+,10.895086,518,841,1036
6030,+-+++---++++-+----+-++-++-+++,9.270621,206,841,412
6031,+++++---++++-+----+-++-++-+-+,10.403247,398,841,796
6032,+----+--++++-+----+-++---+-++,9.740210,254,841,508
6033,++---+--++++-+----+-++---+--+,10.729543,542,841,1084
6034,+-+--+--++++-+----+-++---++++,10.304028,326,841,652
6035,+++--+--++++-+----+-++---++-+,10.669848,486,841,972
6036,+--+-+--++++-+----+-++-----++,10.342152,382,841,764
6037,++-+-+--++++-+----+-++------+,11.995292,670,841,1340
6038,+-++-+--++++-+----+-++----+++,11.720526,614,841,1228
6039,++++-+--++++-+----+-++----+-+,12.391956,774,841,1548
6040,+---++--++++-+----+-++--++-++,9.219544,198,841,396
6041,++--++--++++-+----+-++--++--+,12.206556,518,841,1036
6042,+-+-++--++++-+----+-++--+++++,8.246107,174,841,348
6043,+++-++--++++-+----+-++--+++-+,10.440307,238,841,476
6044,+--+++--++++-+----+-++--+--++,8.717099,198,841,396
6045,++-+++--++++-+----+-++--+---+,9.219544,326,841,652
6046,+-++++--++++-+----+-++--+-+++,10.228444,334,841,668
6047,++++++--++++-+----+-++--+-+-+,9.965903,334,841,668
6048,+-----+-++++-+----+-++++-+-++,10.630805,582,841,1164
6049,++----+-++++-+----+-++++-+--+,12.592390,902,841,1804
6050,+-+---+-++++-+----+-++++-++++,9.168856,270,841,540
6051,+++---+-++++-+----+-++++-++-+,10.439494,462,841,924
6052,+--+--+-++++-+----+-++++---++,10.450699,422,841,844
6053,++-+--+-++++-+----+-++++----+,12.914525,934,841,1868
6054,+-++--+-++++-+----+-++++--+++,9.380381,206,841,412
6055,++++--+-++++-+----+-++++--+-+,11.735034,590,841,1180
6056,+---+-+-++++-+----+-++++++-++,10.628532,462,841,924
6057,++--+-+-++++-+----+-++++++--+,10.842494,494,841,988
6058,+-+-+-+-++++-+----+-+++++++++,10.038784,502,841,1004
6059,+++-+-+-++++-+----+-+++++++-+,9.285272,406,841,812
6060,+--++-+-++++-+----+-+++++--++,8.613092,238,841,476
6061,++-++-+-++++-+----+-+++++---+,10.610044,398,841,796
6062,+-+++-+-++++-+----+-+++++-+++,9.011796,246,841,492
6063,+++++-+-++++-+----+-+++++-+-+,9.797955,406,841,812
6064,+----++-++++-+----+-+++--+-++,9.139905,262,841,524
6065,++---++-++++-+----+-+++--+--+,10.384589,454,841,908
6066,+-+--++-++++-+----+-+++--++++,7.810250,142,841,284
6067,+++--++-++++-+----+-+++--++-+,11.180340,334,841,668
6068,+--+-++-++++-+----+-+++----++,9.259832,262,841,524
6069,++-+-++-++++-+----+-+++-----+,10.983686,454,841,908
6070,+-++-++-++++-+----+-+++---+++,9.044382,174,841,348
6071,++++-++-++++-+----+-+++---+-+,10.440456,366,841,732
6072,+---+++-++++-+----+-+++-++-++,8.826269,174,841,348
6073,++--+++-++++-+----+-+++-++--+,10.440307,270,841,540
6074,+-+-+++-++++-+----+-+++-+++++,10.108791,342,841,684
6075,+++-+++-++++-+----+-+++-+++-+,10.049876,310,841,620
6076,+--++++-++++-+----+-+++-+--++,7.337395,110,841,220
6077,++-++++-++++-+----+-+++-+---+,8.207480,142,841,284
6078,+-+++++-++++-+----+-+++-+-+++,9.669116,310,841,620
6079,+++++++-++++-+----+-+++-+-+-+,9.000000,342,841,684
6080,+------+++++-+----+-+--+-+-++,9.760272,510,841,1020
6081,++-----+++++-+----+-+--+-+--+,10.386336,414,841,828
6082,+-+----+++++-+----+-+--+-++++,10.426228,518,841,1036
6083,+++----+++++-+----+-+--+-++-+,10.215458,422,841,844
6084,+--+---+++++-+----+-+--+---++,9.846403,350,841,700
6085,++-+---+++++-+----+-+--+----+,11.152797,446,841,892
6086,+-++---+++++-+----+-+--+--+++,10.307346,326,841,652
6087,++++---+++++-+----+-+--+--+-+,10.797006,422,841,844
6088,+---+--+++++-+----+-+--+++-++,9.865734,390,841,780
6089,++--+--+++++-+----+-+--+++--+,8.310212,198,841,396
6090,+-+-+--+++++-+----+-+--++++++,9.896002,366,841,732
6091,+++-+--+++++-+----+-+--++++-+,8.311072,174,841,348
6092,+--++--+++++-+----+-+--++--++,10.890206,422,841,844
6093,++-++--+++++-+----+-+--++---+,9.078383,230,841,460
6094,+-+++--+++++-+----+-+--++-+++,8.378818,238,841,476
6095,+++++--+++++-+----+-+--++-+-+,7.860007,174,841,348
6096,+----+-+++++-+----+-+----+-++,10.201541,414,841,828
6097,++---+-+++++-+----+-+----+--+,9.735769,254,841,508
6098,+-+--+-+++++-+----+-+----++++,10.478561,486,841,972
6099,+++--+-+++++-+----+-+----++-+,10.212884,326,841,652
6100,+--+-+-+++++-+----+-+------++,9.735746,350,841,700
6101,++-+-+-+++++-+----+-+-------+,10.249814,574,841,1148
6102,+-++-+-+++++-+----+-+-----+++,10.310306,454,841,908
6103,++++-+-+++++-+----+-+-----+-+,10.629211,678,841,1356
6104,+---++-+++++-+----+-+---++-++,9.133584,262,841,524
6105,++--++-+++++-+----+-+---++--+,9.219544,198,841,396
6106,+-+-++-+++++-+----+-+---+++++,10.170550,366,841,732
6107,+++-++-+++++-+----+-+---+++-+,8.810686,174,841,348
6108,+--+++-+++++-+----+-+---+--++,9.161372,262,841,524
6109,++-+++-+++++-+----+-+---+---+,10.298891,390,841,780
6110,+-++++-+++++-+----+-+---+-+++,10.321772,398,841,796
6111,++++++-+++++-+----+-+---+-+-+,10.922464,526,841,1052
6112,+-----++++++-+----+-+-++-+-++,10.287455,550,841,1100
6113,++----++++++-+----+-+-++-+--+,10.807121,486,841,972
6114,+-+---++++++-+----+-+-++-++++,10.145887,366,841,732
6115,+++---++++++-+----+-+-++-++-+,8.078755,174,841,348
6116,+--+--++++++-+----+-+-++---++,9.265992,262,841,524
6117,++-+--++++++-+----+-+-++----+,10.763435,390,841,780
6118,+-++--++++++-+----+-+-++--+++,7.810250,174,841,348
6119,++++--++++++-+----+-+-++--+-+,9.052273,174,841,348
6120,+---+-++++++-+----+-+-++++-++,11.318462,590,841,1180
6121,++--+-++++++-+----+-+-++++--+,9.463513,302,841,604
6122,+-+-+-++++++-+----+-+-+++++++,11.725312,758,841,1516
6123,+++-+-++++++-+----+-+-+++++-+,9.489090,342,841,684
6124,+--++-++++++-+----+-+-+++--++,9.232166,302,841,604
6125,++-++-++++++-+----+-+-+++---+,8.063786,142,841,284
6126,+-+++-++++++-+----+-+-+++-+++,10.550975,438,841,876
6127,+++++-++++++-+----+-+-+++-+-+,9.377733,278,841,556
6128,+----+++++++-+----+-+-+--+-++,9.349262,390,841,780
6129,++---+++++++-+----+-+-+--+--+,9.250384,198,841,396
6130,+-+--+++++++-+----+-+-+--++++,9.842880,334,841,668
6131,+++--+++++++-+----+-+-+--++-+,7.810559,142,841,284
6132,+--+-+++++++-+----+-+-+----++,9.176630,262,841,524
6133,++-+-+++++++-+----+-+-+-----+,10.192602,454,841,908
6134,+-++-+++++++-+----+-+-+---+++,9.506470,238,841,476
6135,++++-+++++++-+----+-+-+---+-+,10.419371,430,841,860
6136,+---++++++++-+----+-+-+-++-++,10.535820,398,841,796
6137,++--++++++++-+----+-+-+-++--+,7.578337,174,841,348
6138,+-+-++++++++-+----+-+-+-+++++,12.150760,758,841,1516
6139,+++-++++++++-+----+-+-+-+++-+,10.412341,406,841,812
6140,+--+++++++++-+----+-+-+-+--++,9.340901,270,841,540
6141,++-+++++++++-+----+-+-+-+---+,10.210944,366,841,732
6142,+-++++++++++-+----+-+-+-+-+++,11.777401,662,841,1324
6143,++++++++++++-+----+-+-+-+-+-+,11.160286,758,841,1516
6144,+-----------++--++-+-+-+-+-++,10.094411,342,841,684
6145,++----------++--++-+-+-+-+--+,9.219544,278,841,556
6146,+-+---------++--++-+-+-+-++++,10.455244,350,841,700
6147,+++---------++--++-+-+-+-++-+,7.992813,158,841,316
6148,+--+--------++--++-+-+-+---++,7.640260,150,841,300
6149,++-+--------++--++-+-+-+----+,9.868310,278,841,556
6150,+-++--------++--++-+-+-+--+++,9.021467,254,841,508
6151,++++--------++--++-+-+-+--+-+,9.431076,254,841,508
6152,+---+-------++--++-+-+-+++-++,11.180340,446,841,892
6153,++--+-------++--++-+-+-+++--+,12.529964,478,841,956
6154,+-+-+-------++--++-+-+-++++++,10.669081,422,841,844
6155,+++-+-------++--++-+-+-++++-+,9.219544,326,841,652
6156,+--++-------++--++-+-+-++--++,11.180340,254,841,508
6157,++-++-------++--++-+-+-++---+,11.180340,286,841,572
6158,+-+++-------++--++-+-+-++-+++,8.319535,198,841,396
6159,+++++-------++--++-+-+-++-+-+,8.240613,230,841,460
6160,+----+------++--++-+-+---+-++,9.219544,182,841,364
6161,++---+------++--++-+-+---+--+,12.206556,438,841,876
6162,+-+--+------++--++-+-+---++++,8.128576,126,841,252
6163,+++--+------++--++-+-+---++-+,10.440307,254,841,508
6164,+--+-+------++--++-+-+-----++,8.055851,150,841,300
6165,++-+-+------++--++-+-+------+,10.536295,406,841,812
6166,+-++-+------++--++-+-+----+++,9.609907,254,841,508
6167,++++-+------++--++-+-+----+-+,10.938376,382,841,764
6168,+---++------++--++-+-+--++-++,12.529964,446,841,892
6169,++--++------++--++-+-+--++--+,14.866069,862,841,1724
6170,+-+-++------++--++-+-+--+++++,9.219544,294,841,588
6171,+++-++------++--++-+-+--+++-+,12.206556,454,841,908
6172,+--+++------++--++-+-+--+--++,11.180340,286,841,572
6173,++-+++------++--++-+-+--+---+,12.529964,510,841,1020
6174,+-++++------++--++-+-+--+-+++,9.784225,294,841,588
6175,++++++------++--++-+-+--+-+-+,9.993927,390,841,780
6176,+-----+-----++--++-+-+++-+-++,9.698966,382,841,764
6177,++----+-----++--++-+-+++-+--+,10.378452,350,841,700
6178,+-+---+-----++--++-+-+++-++++,10.100444,454,841,908
6179,+++---+-----++--++-+-+++-++-+,9.341910,294,841,588
6180,+--+--+-----++--++-+-+++---++,9.363527,318,841,636
6181,++-+--+-----++--++-+-+++----+,10.267984,350,841,700
6182,+-++--+-----++--++-+-+++--+++,10.915048,486,841,972
6183,++++--+-----++--++-+-+++--+-+,10.273538,390,841,780
6184,+---+-+-----++--++-+-+++++-++,9.742826,326,841,652
6185,++--+-+-----++--++-+-+++++--+,10.204623,390,841,780
6186,+-+-+-+-----++--++-+-++++++++,10.546060,366,841,732
6187,+++-+-+-----++--++-+-++++++-+,9.923651,302,841,604
6188,+--++-+-----++--++-+-++++--++,8.696197,198,841,396
6189,++-++-+-----++--++-+-++++---+,9.291743,262,841,524
6190,+-+++-+-----++--++-+-++++-+++,8.614813,206,841,412
6191,+++++-+-----++--++-+-++++-+-+,9.365516,270,841,540
6192,+----++-----++--++-+-++--+-++,9.334923,286,841,572
6193,++---++-----++--++-+-++--+--+,10.440307,382,841,764
6194,+-+--++-----++--++-+-++--++++,9.160773,230,841,460
6195,+++--++-----++--++-+-++--++-+,10.049876,326,841,652
6196,+--+-++-----++--++-+-++----++,9.367242,318,841,636
6197,++-+-++-----++--++-+-++-----+,9.334523,286,841,572
6198,+-++-++-----++--++-+-++---+++,9.131105,294,841,588
6199,++++-++-----++--++-+-++---+-+,9.060157,262,841,524
6200,+---+++-----++--++-+-++-++-++,9.219544,262,841,524
6201,++--+++-----++--++-+-++-++--+,12.206556,518,841,1036
6202,+-+-+++-----++--++-+-++-+++++,7.825464,110,841,220
6203,+++-+++-----++--++-+-++-+++-+,10.440307,238,841,476
6204,+--++++-----++--++-+-++-+--++,8.944246,230,841,460
6205,++-++++-----++--++-+-++-+---+,9.219544,294,841,588
6206,+-+++++-----++--++-+-++-+-+++,7.822957,110,841,220
6207,+++++++-----++--++-+-++-+-+-+,8.218359,174,841,348
6208,+------+----++--++-+---+-+-++,7.695638,150,841,300
6209,++-----+----++--++-+---+-+--+,10.714822,406,841,812
6210,+-+----+----++--++-+---+-++++,8.179869,158,841,316
6211,+++----+----++--++-+---+-++-+,9.529025,286,841,572
6212,+--+---+----++--++-+---+---++,9.447628,342,841,684
6213,++-+---+----++--++-+---+----+,10.042203,406,841,812
6214,+-++---+----++--++-+---+--+++,10.622437,446,841,892
6215,++++---+----++--++-+---+--+-+,9.810178,382,841,764
6216,+---+--+----++--++-+---+++-++,11.180340,286,841,572
6217,++--+--+----++--++-+---+++--+,11.180340,574,841,1148
6218,+-+-+--+----++--++-+---++++++,8.196440,134,841,268
6219,+++-+--+----++--++-+---++++-+,9.538457,294,841,588
6220,+--++--+----++--++-+---++--++,12.529964,542,841,1084
6221,++-++--+----++--++-+---++---+,11.180340,446,841,892
6222,+-+++--+----++--++-+---++-+++,9.341569,358,841,716
6223,+++++--+----++--++-+---++-+-+,8.840347,262,841,524
6224,+----+-+----++--++-+-----+-++,7.561606,150,841,300
6225,++---+-+----++--++-+-----+--+,9.616269,342,841,684
6226,+-+--+-+----++--++-+-----++++,8.217576,158,841,316
6227,+++--+-+----++--++-+-----++-+,8.711332,222,841,444
6228,+--+-+-+----++--++-+-------++,7.628016,118,841,236
6229,++-+-+-+----++--++-+--------+,9.512611,310,841,620
6230,+-++-+-+----++--++-+------+++,9.916763,286,841,572
6231,++++-+-+----++--++-+------+-+,10.650784,350,841,700
6232,+---++-+----++--++-+----++-++,11.180340,382,841,764
6233,++--++-+----++--++-+----++--+,12.529964,670,841,1340
6234,+-+-++-+----++--++-+----+++++,9.495263,294,841,588
6235,+++-++-+----++--++-+----+++-+,9.219544,326,841,652
6236,+--+++-+----++--++-+----+--++,11.180340,286,841,572
6237,++-+++-+----++--++-+----+---+,11.180340,382,841,764
6238,+-++++-+----++--++-+----+-+++,10.681550,358,841,716
6239,++++++-+----++--++-+----+-+-+,10.301386,326,841,652
6240,+-----++----++--++-+--++-+-++,10.696450,414,841,828
6241,++----++----++--++-+--++-+--+,12.798850,894,841,1788
6242,+-+---++----++--++-+--++-++++,10.599754,422,841,844
6243,+++---++----++--++-+--++-++-+,11.358517,646,841,1292
6244,+--+--++----++--++-+--++---++,11.228617,670,841,1340
6245,++-+--++----++--++-+--++----+,12.534777,830,841,1660
6246,+-++--++----++--++-+--++--+++,12.612883,902,841,1804
6247,++++--++----++--++-+--++--+-+,12.288283,806,841,1612
6248,+---+-++----++--++-+--++++-++,10.143580,326,841,652
6249,++--+-++----++--++-+--++++--+,12.699254,838,841,1676
6250,+-+-+-++----++--++-+--+++++++,8.072985,174,841,348
6251,+++-+-++----++--++-+--+++++-+,10.730438,430,841,860
6252,+--++-++----++--++-+--+++--++,9.357957,454,841,908
6253,++-++-++----++--++-+--+++---+,11.532632,582,841,1164
6254,+-+++-++----++--++-+--+++-+++,10.276889,398,841,796
6255,+++++-++----++--++-+--+++-+-+,10.453355,398,841,796
6256,+----+++----++--++-+--+--+-++,9.566908,350,841,700
6257,++---+++----++--++-+--+--+--+,11.384085,574,841,1148
6258,+-+--+++----++--++-+--+--++++,9.151146,294,841,588
6259,+++--+++----++--++-+--+--++-+,9.315332,390,841,780
6260,+--+-+++----++--++-+--+----++,9.530031,318,841,636
6261,++-+-+++----++--++-+--+-----+,10.732699,414,841,828
6262,+-++-+++----++--++-+--+---+++,10.166663,422,841,844
6263,++++-+++----++--++-+--+---+-+,10.020599,390,841,780
6264,+---++++----++--++-+--+-++-++,9.614335,358,841,716
6265,++--++++----++--++-+--+-++--+,11.932763,678,841,1356
6266,+-+-++++----++--++-+--+-+++++,8.868511,206,841,412
6267,+++-++++----++--++-+--+-+++-+,9.582224,270,841,540
6268,+--+++++----++--++-+--+-+--++,8.797845,198,841,396
6269,++-+++++----++--++-+--+-+---+,10.312312,326,841,652
6270,+-++++++----++--++-+--+-+-+++,9.290513,206,841,412
6271,++++++++----++--++-+--+-+-+-+,8.149785,206,841,412
6272,+-------+---++--++-+++-+-+-++,11.180340,446,841,892
6273,++------+---++--++-+++-+-+--+,12.529964,478,841,956
6274,+-+-----+---++--++-+++-+-++++,9.755682,262,841,524
6275,+++-----+---++--++-+++-+-++-+,9.219544,166,841,332
6276,+--+----+---++--++-+++-+---++,11.180340,286,841,572
6277,++-+----+---++--++-+++-+----+,11.180340,382,841,764
6278,+-++----+---++--++-+++-+--+++,8.951510,198,841,396
6279,++++----+---++--++-+++-+--+-+,7.921690,166,841,332
6280,+---+---+---++--++-+++-+++-++,15.132746,1158,841,2316
6281,++--+---+---++--++-+++-+++--+,16.155494,1286,841,2572
6282,+-+-+---+---++--++-+++-++++++,11.180340,558,841,1116
6283,+++-+---+---++--++-+++-++++-+,12.529964,558,841,1116
6284,+--++---+---++--++-+++-++--++,15.132746,998,841,1996
6285,++-++---+---++--++-+++-++---+,15.132746,998,841,1996
6286,+-+++---+---++--++-+++-++-+++,11.180340,366,841,732
6287,+++++---+---++--++-+++-++-+-+,11.180340,366,841,732
6288,+----+--+---++--++-+++---+-++,12.529964,542,841,1084
6289,++---+--+---++--++-+++---+--+,14.866069,894,841,1788
6290,+-+--+--+---++--++-+++---++++,9.219544,230,841,460
6291,+++--+--+---++--++-+++---++-+,12.206556,454,841,908
6292,+--+-+--+---++--++-+++-----++,11.180340,350,841,700
6293,++-+-+--+---++--++-+++------+,12.529964,574,841,1148
6294,+-++-+--+---++--++-+++----+++,7.722654,198,841,396
6295,++++-+--+---++--++-+++----+-+,9.219544,294,841,588
6296,+---++--+---++--++-+++--++-++,16.155494,1350,841,2700
6297,++--++--+---++--++-+++--++--+,18.027756,1990,841,3980
6298,+-+-++--+---++--++-+++--+++++,12.529964,558,841,1116
6299,+++-++--+---++--++-+++--+++-+,14.866069,942,841,1884
6300,+--+++--+---++--++-+++--+--++,15.132746,1030,841,2060
6301,++-+++--+---++--++-+++--+---+,16.155494,1350,841,2700
6302,+-++++--+---++--++-+++--+-+++,11.180340,398,841,796
6303,++++++--+---++--++-+++--+-+-+,12.529964,590,841,1180
6304,+-----+-+---++--++-+++++-+-++,9.549467,262,841,524
6305,++----+-+---++--++-+++++-+--+,9.219544,198,841,396
6306,+-+---+-+---++--++-+++++-++++,9.600215,334,841,668
6307,+++---+-+---++--++-+++++-++-+,7.971495,142,841,284
6308,+--+--+-+---++--++-+++++---++,8.148780,166,841,332
6309,++-+--+-+---++--++-+++++----+,7.638490,166,841,332
6310,+-++--+-+---++--++-+++++--+++,10.290649,334,841,668
6311,++++--+-+---++--++-+++++--+-+,8.600683,206,841,412
6312,+---+-+-+---++--++-+++++++-++,11.180340,430,841,860
6313,++--+-+-+---++--++-+++++++--+,12.529964,462,841,924
6314,+-+-+-+-+---++--++-++++++++++,9.866860,470,841,940
6315,+++-+-+-+---++--++-++++++++-+,9.884720,374,841,748
6316,+--++-+-+---++--++-++++++--++,11.180340,270,841,540
6317,++-++-+-+---++--++-++++++---+,11.180340,302,841,604
6318,+-+++-+-+---++--++-++++++-+++,9.000000,278,841,556
6319,+++++-+-+---++--++-++++++-+-+,9.916831,310,841,620
6320,+----++-+---++--++-++++--+-++,10.234506,358,841,716
6321,++---++-+---++--++-++++--+--+,12.206556,422,841,844
6322,+-+--++-+---++--++-++++--++++,9.438378,238,841,476
6323,+++--++-+---++--++-++++--++-+,10.440307,302,841,604
6324,+--+-++-+---++--++-++++----++,10.139503,294,841,588
6325,++-+-++-+---++--++-++++-----+,9.219544,230,841,460
6326,+-++-++-+---++--++-++++---+++,8.344482,206,841,412
6327,++++-++-+---++--++-++++---+-+,8.160784,142,841,284
6328,+---+++-+---++--++-++++-++-++,12.529964,494,841,988
6329,++--+++-+---++--++-++++-++--+,14.866069,846,841,1692
6330,+-+-+++-+---++--++-++++-+++++,9.219544,278,841,556
6331,+++-+++-+---++--++-++++-+++-+,12.206556,502,841,1004
6332,+--++++-+---++--++-++++-+--++,11.180340,366,841,732
6333,++-++++-+---++--++-++++-+---+,12.529964,526,841,1052
6334,+-+++++-+---++--++-++++-+-+++,9.000000,182,841,364
6335,+++++++-+---++--++-++++-+-+-+,9.219544,342,841,684
6336,+------++---++--++-++--+-+-++,11.180340,254,841,508
6337,++-----++---++--++-++--+-+--+,11.180340,414,841,828
6338,+-+----++---++--++-++--+-++++,7.328943,134,841,268
6339,+++----++---++--++-++--+-++-+,9.649569,294,841,588
6340,+--+---++---++--++-++--+---++,12.529964,542,841,1084
6341,++-+---++---++--++-++--+----+,11.180340,382,841,764
6342,+-++---++---++--++-++--+--+++,10.191524,390,841,780
6343,++++---++---++--++-++--+--+-+,8.807826,230,841,460
6344,+---+--++---++--++-++--+++-++,15.132746,934,841,1868
6345,++--+--++---++--++-++--+++--+,15.132746,1126,841,2252
6346,+-+-+--++---++--++-++--++++++,11.180340,270,841,540
6347,+++-+--++---++--++-++--++++-+,11.180340,462,841,924
6348,+--++--++---++--++-++--++--++,16.155494,1414,841,2828
6349,++-++--++---++--++-++--++---+,15.132746,1094,841,2188
6350,+-+++--++---++--++-++--++-+++,12.529964,590,841,1180
6351,+++++--++---++--++-++--++-+-+,11.180340,398,841,796
6352,+----+-++---++--++-++----+-++,11.180340,446,841,892
6353,++---+-++---++--++-++----+--+,12.529964,542,841,1084
6354,+-+--+-++---++--++-++----++++,9.187592,262,841,524
6355,+++--+-++---++--++-++----++-+,9.923883,358,841,716
6356,+--+-+-++---++--++-++------++,11.180340,318,841,636
6357,++-+-+-++---++--++-++-------+,11.180340,286,841,572
6358,+-++-+-++---++--++-++-----+++,7.495103,166,841,332
6359,++++-+-++---++--++-++-----+-+,8.376857,134,841,268
6360,+---++-++---++--++-++---++-++,15.132746,1030,841,2060
6361,++--++-++---++--++-++---++--+,16.155494,1350,841,2700
6362,+-+-++-++---++--++-++---+++++,11.180340,366,841,732
6363,+++-++-++---++--++-++---+++-+,12.529964,558,841,1116
6364,+--+++-++---++--++-++---+--++,15.132746,966,841,1932
6365,++-+++-++---++--++-++---+---+,15.132746,966,841,1932
6366,+-++++-++---++--++-++---+-+++,11.180340,334,841,668
6367,++++++-++---++--++-++---+-+-+,11.180340,334,841,668
6368,+-----+++---++--++-++-++-+-++,8.086922,166,841,332
6369,++----+++---++--++-++-++-+--+,10.546900,422,841,844
6370,+-+---+++---++--++-++-++-++++,9.071511,238,841,476
6371,+++---+++---++--++-++-++-++-+,9.476406,366,841,732
6372,+--+--+++---++--++-++-++---++,10.094094,454,841,908
6373,++-+--+++---++--++-++-++----+,10.464188,390,841,780
6374,+-++--+++---++--++-++-++--+++,11.745157,622,841,1244
6375,++++--+++---++--++-++-++--+-+,10.638199,430,841,860
6376,+---+-+++---++--++-++-++++-++,11.180340,238,841,476
6377,++--+-+++---++--++-++-++++--+,11.180340,526,841,1052
6378,+-+-+-+++---++--++-++-+++++++,9.000000,150,841,300
6379,+++-+-+++---++--++-++-+++++-+,9.406830,310,841,620
6380,+--++-+++---++--++-++-+++--++,12.529964,526,841,1052
6381,++-++-+++---++--++-++-+++---+,11.180340,430,841,860
6382,+-+++-+++---++--++-++-+++-+++,9.811300,406,841,812
6383,+++++-+++---++--++-++-+++-+-+,9.115545,310,841,620
6384,+----++++---++--++-++-+--+-++,9.990520,358,841,716
6385,++---++++---++--++-++-+--+--+,9.219544,358,841,716
6386,+-+--++++---++--++-++-+--++++,9.926139,302,841,604
6387,+++--++++---++--++-++-+--++-+,9.581814,302,841,604
6388,+--+-++++---++--++-++-+----++,9.372655,294,841,588
6389,++-+-++++---++--++-++-+-----+,7.985390,166,841,332
6390,+-++-++++---++--++-++-+---+++,9.145631,270,841,540
6391,++++-++++---++--++-++-+---+-+,8.024556,142,841,284
6392,+---+++++---++--++-++-+-++-++,11.180340,334,841,668
6393,++--+++++---++--++-++-+-++--+,12.529964,558,841,1116
6394,+-+-+++++---++--++-++-+-+++++,9.000000,182,841,364
6395,+++-+++++---++--++-++-+-+++-+,9.219544,278,841,556
6396,+--++++++---++--++-++-+-+--++,11.180340,270,841,540
6397,++-++++++---++--++-++-+-+---+,11.180340,302,841,604
6398,+-+++++++---++--++-++-+-+-+++,9.000000,150,841,300
6399,+++++++++---++--++-++-+-+-+-+,9.000000,182,841,364
6400,+--------+--++--++---+-+-+-++,9.219544,278,841,556
6401,++-------+--++--++---+-+-+--+,12.206556,406,841,812
6402,+-+------+--++--++---+-+-++++,9.355525,286,841,572
6403,+++------+--++--++---+-+-++-+,10.440307,286,841,572
6404,+--+-----+--++--++---+-+---++,8.837423,214,841,428
6405,++-+-----+--++--++---+-+----+,9.219544,150,841,300
6406,+-++-----+--++--++---+-+--+++,9.889284,318,841,636
6407,++++-----+--++--++---+-+--+-+,8.030438,126,841,252
6408,+---+----+--++--++---+-+++-++,12.529964,510,841,1020
6409,++--+----+--++--++---+-+++--+,14.866069,862,841,1724
6410,+-+-+----+--++--++---+-++++++,9.219544,358,841,716
6411,+++-+----+--++--++---+-++++-+,12.206556,582,841,1164
6412,+--++----+--++--++---+-++--++,11.180340,446,841,892
6413,++-++----+--++--++---+-++---+,12.529964,414,841,828
6414,+-+++----+--++--++---+-++-+++,8.952485,262,841,524
6415,+++++----+--++--++---+-++-+-+,9.219544,230,841,460
6416,+----+---+--++--++---+---+-++,12.206556,534,841,1068
6417,++---+---+--++--++---+---+--+,15.652476,1174,841,2348
6418,+-+--+---+--++--++---+---++++,10.440307,350,841,700
6419,+++--+---+--++--++---+---++-+,14.317821,862,841,1724
6420,+--+-+---+--++--++---+-----++,9.219544,246,841,492
6421,++-+-+---+--++--++---+------+,12.206556,502,841,1004
6422,+-++-+---+--++--++---+----+++,8.451181,222,841,444
6423,++++-+---+--++--++---+----+-+,10.440307,350,841,700
6424,+---++---+--++--++---+--++-++,14.866069,990,841,1980
6425,++--++---+--++--++---+--++--+,17.804494,1918,841,3836
6426,+-+-++---+--++--++---+--+++++,12.206556,582,841,1164
6427,+++-++---+--++--++---+--+++-+,15.652476,1254,841,2508
6428,+--+++---+--++--++---+--+--++,12.529964,574,841,1148
6429,++-+++---+--++--++---+--+---+,14.866069,926,841,1852
6430,+-++++---+--++--++---+--+-+++,9.219544,326,841,652
6431,++++++---+--++--++---+--+-+-+,12.206556,550,841,1100
6432,+-----+--+--++--++---+++-+-++,9.244919,222,841,444
6433,++----+--+--++--++---+++-+--+,10.440307,382,841,764
6434,+-+---+--+--++--++---+++-++++,9.171536,294,841,588
6435,+++---+--+--++--++---+++-++-+,10.049876,326,841,652
6436,+--+--+--+--++--++---+++---++,9.315062,414,841,828
6437,++-+--+--+--++--++---+++----+,9.526149,254,841,508
6438,+-++--+--+--++--++---+++--+++,11.093987,582,841,1164
6439,++++--+--+--++--++---+++--+-+,9.912584,294,841,588
6440,+---+-+--+--++--++---+++++-++,9.219544,230,841,460
6441,++--+-+--+--++--++---+++++--+,12.206556,486,841,972
6442,+-+-+-+--+--++--++---++++++++,7.888497,142,841,284
6443,+++-+-+--+--++--++---++++++-+,10.440307,270,841,540
6444,+--++-+--+--++--++---++++--++,9.671327,358,841,716
6445,++-++-+--+--++--++---++++---+,9.219544,230,841,460
6446,+-+++-+--+--++--++---++++-+++,9.280044,238,841,476
6447,+++++-+--+--++--++---++++-+-+,7.612157,110,841,220
6448,+----++--+--++--++---++--+-++,10.440307,478,841,956
6449,++---++--+--++--++---++--+--+,14.317821,958,841,1916
6450,+-+--++--+--++--++---++--++++,10.049876,422,841,844
6451,+++--++--+--++--++---++--++-+,14.035669,902,841,1804
6452,+--+-++--+--++--++---++----++,10.151471,382,841,764
6453,++-+-++--+--++--++---++-----+,10.440307,350,841,700
6454,+-++-++--+--++--++---++---+++,9.033058,358,841,716
6455,++++-++--+--++--++---++---+-+,10.049876,326,841,652
6456,+---+++--+--++--++---++-++-++,12.206556,582,841,1164
6457,++--+++--+--++--++---++-++--+,15.652476,1222,841,2444
6458,+-+-+++--+--++--++---++-+++++,10.440307,302,841,604
6459,+++-+++--+--++--++---++-+++-+,14.317821,814,841,1628
6460,+--++++--+--++--++---++-+--++,10.144110,422,841,844
6461,++-++++--+--++--++---++-+---+,12.206556,486,841,972
6462,+-+++++--+--++--++---++-+-+++,7.948059,174,841,348
6463,+++++++--+--++--++---++-+-+-+,10.440307,238,841,476
6464,+------+-+--++--++-----+-+-++,8.969581,182,841,364
6465,++-----+-+--++--++-----+-+--+,9.219544,246,841,492
6466,+-+----+-+--++--++-----+-++++,9.524111,254,841,508
6467,+++----+-+--++--++-----+-++-+,8.597689,190,841,380
6468,+--+---+-+--++--++-----+---++,9.791257,310,841,620
6469,++-+---+-+--++--++-----+----+,8.484786,182,841,364
6470,+-++---+-+--++--++-----+--+++,10.929376,478,841,956
6471,++++---+-+--++--++-----+--+-+,8.937093,222,841,444
6472,+---+--+-+--++--++-----+++-++,11.180340,254,841,508
6473,++--+--+-+--++--++-----+++--+,12.529964,478,841,956
6474,+-+-+--+-+--++--++-----++++++,8.755937,166,841,332
6475,+++-+--+-+--++--++-----++++-+,9.219544,262,841,524
6476,+--++--+-+--++--++-----++--++,11.180340,446,841,892
6477,++-++--+-+--++--++-----++---+,11.180340,286,841,572
6478,+-+++--+-+--++--++-----++-+++,9.812266,326,841,652
6479,+++++--+-+--++--++-----++-+-+,8.210740,166,841,332
6480,+----+-+-+--++--++-------+-++,9.219544,214,841,428
6481,++---+-+-+--++--++-------+--+,12.206556,406,841,812
6482,+-+--+-+-+--++--++-------++++,8.293187,158,841,316
6483,+++--+-+-+--++--++-------++-+,10.440307,222,841,444
6484,+--+-+-+-+--++--++---------++,7.280110,118,841,236
6485,++-+-+-+-+--++--++----------+,9.219544,310,841,620
6486,+-++-+-+-+--++--++--------+++,8.472183,222,841,444
6487,++++-+-+-+--++--++--------+-+,9.385737,286,841,572
6488,+---++-+-+--++--++------++-++,12.529964,446,841,892
6489,++--++-+-+--++--++------++--+,14.866069,862,841,1724
6490,+-+-++-+-+--++--++------+++++,9.219544,294,841,588
6491,+++-++-+-+--++--++------+++-+,12.206556,454,841,908
6492,+--+++-+-+--++--++------+--++,11.180340,286,841,572
6493,++-+++-+-+--++--++------+---+,12.529964,510,841,1020
6494,+-++++-+-+--++--++------+-+++,9.438674,294,841,588
6495,++++++-+-+--++--++------+-+-+,9.516626,390,841,780
6496,+-----++-+--++--++----++-+-++,9.788158,286,841,572
6497,++----++-+--++--++----++-+--+,11.216360,574,841,1148
6498,+-+---++-+--++--++----++-++++,10.240110,358,841,716
6499,+++---++-+--++--++----++-++-+,10.286407,390,841,780
6500,+--+--++-+--++--++----++---++,10.627661,606,841,1212
6501,++-+--++-+--++--++----++----+,11.291825,574,841,1148
6502,+-++--++-+--++--++----++--+++,12.540667,902,841,1804
6503,++++--++-+--++--++----++--+-+,11.582304,614,841,1228
6504,+---+-++-+--++--++----++++-++,8.964223,198,841,396
6505,++--+-++-+--++--++----++++--+,10.748889,518,841,1036
6506,+-+-+-++-+--++--++----+++++++,7.159217,110,841,220
6507,+++-+-++-+--++--++----+++++-+,8.668659,174,841,348
6508,+--++-++-+--++--++----+++--++,9.746091,390,841,780
6509,++-++-++-+--++--++----+++---+,9.938741,326,841,652
6510,+-+++-++-+--++--++----+++-+++,10.430195,398,841,796
6511,+++++-++-+--++--++----+++-+-+,9.194717,206,841,412
6512,+----+++-+--++--++----+--+-++,9.215561,190,841,380
6513,++---+++-+--++--++----+--+--+,10.440307,414,841,828
6514,+-+--+++-+--++--++----+--++++,9.040744,198,841,396
6515,+++--+++-+--++--++----+--++-+,10.049876,294,841,588
6516,+--+-+++-+--++--++----+----++,9.212605,222,841,444
6517,++-+-+++-+--++--++----+-----+,9.774458,318,841,636
6518,+-++-+++-+--++--++----+---+++,10.062684,390,841,780
6519,++++-+++-+--++--++----+---+-+,9.594387,358,841,716
6520,+---++++-+--++--++----+-++-++,9.219544,262,841,524
6521,++--++++-+--++--++----+-++--+,12.206556,582,841,1164
6522,+-+-++++-+--++--++----+-+++++,8.333090,174,841,348
6523,+++-++++-+--++--++----+-+++-+,10.440307,238,841,476
6524,+--+++++-+--++--++----+-+--++,8.762905,166,841,332
6525,++-+++++-+--++--++----+-+---+,9.219544,294,841,588
6526,+-++++++-+--++--++----+-+-+++,8.734283,238,841,476
6527,++++++++-+--++--++----+-+-+-+,9.331912,238,841,476
6528,+-------++--++--++--++-+-+-++,12.529964,542,841,1084
6529,++------++--++--++--++-+-+--+,14.866069,958,841,1916
6530,+-+-----++--++--++--++-+-++++,9.219544,294,841,588
6531,+++-----++--++--++--++-+-++-+,12.206556,454,841,908
6532,+--+----++--++--++--++-+---++,11.180340,446,841,892
6533,++-+----++--++--++--++-+----+,12.529964,542,841,1084
6534,+-++----++--++--++--++-+--+++,10.144472,422,841,844
6535,++++----++--++--++--++-+--+-+,9.219544,262,841,524
6536,+---+---++--++--++--++-+++-++,16.155494,1446,841,2892
6537,++--+---++--++--++--++-+++--+,18.027756,2086,841,4172
6538,+-+-+---++--++--++--++-++++++,12.529964,654,841,1308
6539,+++-+---++--++--++--++-++++-+,14.866069,1038,841,2076
6540,+--++---++--++--++--++-++--++,15.132746,1222,841,2444
6541,++-++---++--++--++--++-++---+,16.155494,1350,841,2700
6542,+-+++---++--++--++--++-++-+++,11.180340,526,841,1052
6543,+++++---++--++--++--++-++-+-+,12.529964,526,841,1052
6544,+----+--++--++--++--++---+-++,14.866069,1118,841,2236
6545,++---+--++--++--++--++---+--+,17.804494,2046,841,4092
6546,+-+--+--++--++--++--++---++++,12.206556,614,841,1228
6547,+++--+--++--++--++--++---++-+,15.652476,1286,841,2572
6548,+--+-+--++--++--++--++-----++,12.529964,606,841,1212
6549,++-+-+--++--++--++--++------+,14.866069,1022,841,2044
6550,+-++-+--++--++--++--++----+++,9.564109,390,841,780
6551,++++-+--++--++--++--++----+-+,12.206556,550,841,1100
6552,+---++--++--++--++--++--++-++,18.027756,2310,841,4620
6553,++--++--++--++--++--++--++--+,20.518285,3654,841,7308
6554,+-+-++--++--++--++--++--+++++,14.866069,1198,841,2396
6555,+++-++--++--++--++--++--+++-+,17.804494,2158,841,4316
6556,+--+++--++--++--++--++--+--++,16.155494,1542,841,3084
6557,++-+++--++--++--++--++--+---+,18.027756,2182,841,4364
6558,+-++++--++--++--++--++--+-+++,12.529964,718,841,1436
6559,++++++--++--++--++--++--+-+-+,14.866069,1102,841,2204
6560,+-----+-++--++--++--++++-+-++,9.219544,198,841,396
6561,++----+-++--++--++--++++-+--+,12.206556,518,841,1036
6562,+-+---+-++--++--++--++++-++++,8.259530,206,841,412
6563,+++---+-++--++--++--++++-++-+,10.440307,270,841,540
6564,+--+--+-++--++--++--++++---++,9.153797,294,841,588
6565,++-+--+-++--++--++--++++----+,9.219544,294,841,588
6566,+-++--+-++--++--++--++++--+++,10.945128,526,841,1052
6567,++++--+-++--++--++--++++--+-+,8.659342,270,841,540
6568,+---+-+-++--++--++--++++++-++,12.529964,494,841,988
6569,++--+-+-++--++--++--++++++--+,14.866069,910,841,1820
6570,+-+-+-+-++--++--++--+++++++++,9.219544,342,841,684
6571,+++-+-+-++--++--++--+++++++-+,12.206556,502,841,1004
6572,+--++-+-++--++--++--+++++--++,11.180340,398,841,796
6573,++-++-+-++--++--++--+++++---+,12.529964,430,841,860
6574,+-+++-+-++--++--++--+++++-+++,9.453009,342,841,684
6575,+++++-+-++--++--++--+++++-+-+,9.219544,246,841,492
6576,+----++-++--++--++--+++--+-++,12.206556,582,841,1164
6577,++---++-++--++--++--+++--+--+,15.652476,1222,841,2444
6578,+-+--++-++--++--++--+++--++++,10.440307,398,841,796
6579,+++--++-++--++--++--+++--++-+,14.317821,910,841,1820
6580,+--+-++-++--++--++--+++----++,9.219544,326,841,652
6581,++-+-++-++--++--++--+++-----+,12.206556,454,841,908
6582,+-++-++-++--++--++--+++---+++,9.258362,302,841,604
6583,++++-++-++--++--++--+++---+-+,10.440307,302,841,604
6584,+---+++-++--++--++--+++-++-++,14.866069,1038,841,2076
6585,++--+++-++--++--++--+++-++--+,17.804494,1966,841,3932
6586,+-+-+++-++--++--++--+++-+++++,12.206556,630,841,1260
6587,+++-+++-++--++--++--+++-+++-+,15.652476,1302,841,2604
6588,+--++++-++--++--++--+++-+--++,12.529964,590,841,1180
6589,++-++++-++--++--++--+++-+---+,14.866069,942,841,1884
6590,+-+++++-++--++--++--+++-+-+++,9.219544,342,841,684
6591,+++++++-++--++--++--+++-+-+-+,12.206556,566,841,1132
6592,+------+++--++--++--+--+-+-++,11.180340,318,841,636
6593,++-----+++--++--++--+--+-+--+,12.529964,478,841,956
6594,+-+----+++--++--++--+--+-++++,8.111125,198,841,396
6595,+++----+++--++--++--+--+-++-+,9.219544,230,841,460
6596,+--+---+++--++--++--+--+---++,11.180340,478,841,956
6597,++-+---+++--++--++--+--+----+,11.180340,318,841,636
6598,+-++---+++--++--++--+--+--+++,10.774211,454,841,908
6599,++++---+++--++--++--+--+--+-+,7.994981,166,841,332
6600,+---+--+++--++--++--+--+++-++,15.132746,998,841,1996
6601,++--+--+++--++--++--+--+++--+,16.155494,1318,841,2636
6602,+-+-+--+++--++--++--+--++++++,11.180340,334,841,668
6603,+++-+--+++--++--++--+--++++-+,12.529964,526,841,1052
6604,+--++--+++--++--++--+--++--++,15.132746,1222,841,2444
6605,++-++--+++--++--++--+--++---+,15.132746,1030,841,2060
6606,+-+++--+++--++--++--+--++-+++,11.180340,526,841,1052
6607,+++++--+++--++--++--+--++-+-+,11.180340,334,841,668
6608,+----+-+++--++--++--+----+-++,12.529964,606,841,1212
6609,++---+-+++--++--++--+----+--+,14.866069,894,841,1788
6610,+-+--+-+++--++--++--+----++++,9.219544,294,841,588
6611,+++--+-+++--++--++--+----++-+,12.206556,454,841,908
6612,+--+-+-+++--++--++--+------++,11.180340,350,841,700
6613,++-+-+-+++--++--++--+-------+,12.529964,510,841,1020
6614,+-++-+-+++--++--++--+-----+++,8.687305,198,841,396
6615,++++-+-+++--++--++--+-----+-+,9.219544,230,841,460
6616,+---++-+++--++--++--+---++-++,16.155494,1382,841,2764
6617,++--++-+++--++--++--+---++--+,18.027756,2022,841,4044
6618,+-+-++-+++--++--++--+---+++++,12.529964,590,841,1180
6619,+++-++-+++--++--++--+---+++-+,14.866069,974,841,1948
6620,+--+++-+++--++--++--+---+--++,15.132746,1062,841,2124
6621,++-+++-+++--++--++--+---+---+,16.155494,1382,841,2764
6622,+-++++-+++--++--++--+---+-+++,11.180340,430,841,860
6623,++++++-+++--++--++--+---+-+-+,12.529964,622,841,1244
6624,+-----++++--++--++--+-++-+-++,7.701268,134,841,268
6625,++----++++--++--++--+-++-+--+,9.690899,390,841,780
6626,+-+---++++--++--++--+-++-++++,9.108649,206,841,412
6627,+++---++++--++--++--+-++-++-+,8.169202,206,841,412
6628,+--+--++++--++--++--+-++---++,10.233812,422,841,844
6629,++-+--++++--++--++--+-++----+,9.556617,358,841,716
6630,+-++--++++--++--++--+-++--+++,12.009294,718,841,1436
6631,++++--++++--++--++--+-++--+-+,10.113163,398,841,796
6632,+---+-++++--++--++--+-++++-++,11.180340,270,841,540
6633,++--+-++++--++--++--+-++++--+,12.529964,558,841,1116
6634,+-+-+-++++--++--++--+-+++++++,9.000000,182,841,364
6635,+++-+-++++--++--++--+-+++++-+,9.219544,214,841,428
6636,+--++-++++--++--++--+-+++--++,11.180340,430,841,860
6637,++-++-++++--++--++--+-+++---+,11.180340,334,841,668
6638,+-+++-++++--++--++--+-+++-+++,10.262798,438,841,876
6639,+++++-++++--++--++--+-+++-+-+,9.000000,214,841,428
6640,+----+++++--++--++--+-+--+-++,9.219544,230,841,460
6641,++---+++++--++--++--+-+--+--+,12.206556,422,841,844
6642,+-+--+++++--++--++--+-+--++++,7.504354,174,841,348
6643,+++--+++++--++--++--+-+--++-+,10.440307,238,841,476
6644,+--+-+++++--++--++--+-+----++,7.735097,166,841,332
6645,++-+-+++++--++--++--+-+-----+,9.219544,230,841,460
6646,+-++-+++++--++--++--+-+---+++,9.592934,270,841,540
6647,++++-+++++--++--++--+-+---+-+,8.366929,206,841,412
6648,+---++++++--++--++--+-+-++-++,12.529964,462,841,924
6649,++--++++++--++--++--+-+-++--+,14.866069,878,841,1756
6650,+-+-++++++--++--++--+-+-+++++,9.219544,310,841,620
6651,+++-++++++--++--++--+-+-+++-+,12.206556,470,841,940
6652,+--+++++++--++--++--+-+-+--++,11.180340,270,841,540
6653,++-+++++++--++--++--+-+-+---+,12.529964,494,841,988
6654,+-++++++++--++--++--+-+-+-+++,9.000000,278,841,556
6655,++++++++++--++--++--+-+-+-+-+,9.219544,374,841,748
6656,+---------+-++--++++-+-+-+-++,9.545130,254,841,508
6657,++--------+-++--++++-+-+-+--+,9.001896,286,841,572
6658,+-+-------+-++--++++-+-+-++++,9.598524,262,841,524
6659,+++-------+-++--++++-+-+-++-+,7.916258,166,841,332
6660,+--+------+-++--++++-+-+---++,7.878126,158,841,316
6661,++-+------+-++--++++-+-+----+,10.294955,382,841,764
6662,+-++------+-++--++++-+-+--+++,8.926572,262,841,524
6663,++++------+-++--++++-+-+--+-+,9.411928,358,841,716
6664,+---+-----+-++--++++-+-+++-++,9.537078,294,841,588
6665,++--+-----+-++--++++-+-+++--+,9.539568,294,841,588
6666,+-+-+-----+-++--++++-+-++++++,9.651757,270,841,540
6667,+++-+-----+-++--++++-+-++++-+,7.876808,142,841,284
6668,+--++-----+-++--++++-+-++--++,8.943833,198,841,396
6669,++-++-----+-++--++++-+-++---+,8.218304,198,841,396
6670,+-+++-----+-++--++++-+-++-+++,8.194243,142,841,284
6671,+++++-----+-++--++++-+-++-+-+,7.675212,142,841,284
6672,+----+----+-++--++++-+---+-++,7.193574,94,841,188
6673,++---+----+-++--++++-+---+--+,10.440307,318,841,636
6674,+-+--+----+-++--++++-+---++++,8.197705,166,841,332
6675,+++--+----+-++--++++-+---++-+,10.049876,262,841,524
6676,+--+-+----+-++--++++-+-----++,8.063535,158,841,316
6677,++-+-+----+-++--++++-+------+,10.637158,382,841,764
6678,+-++-+----+-++--++++-+----+++,10.019759,390,841,780
6679,++++-+----+-++--++++-+----+-+,10.676438,486,841,972
6680,+---++----+-++--++++-+--++-++,9.219544,294,841,588
6681,++--++----+-++--++++-+--++--+,12.206556,550,841,1100
6682,+-+-++----+-++--++++-+--+++++,9.502958,270,841,540
6683,+++-++----+-++--++++-+--+++-+,10.440307,270,841,540
6684,+--+++----+-++--++++-+--+--++,8.204810,230,841,460
6685,++-+++----+-++--++++-+--+---+,9.219544,294,841,588
6686,+-++++----+-++--++++-+--+-+++,10.185744,366,841,732
6687,++++++----+-++--++++-+--+-+-+,9.472357,302,841,604
6688,+-----+---+-++--++++-+++-+-++,10.085441,454,841,908
6689,++----+---+-++--++++-+++-+--+,11.230114,518,841,1036
6690,+-+---+---+-++--++++-+++-++++,9.535659,334,841,668
6691,+++---+---+-++--++++-+++-++-+,9.365166,270,841,540
6692,+--+--+---+-++--++++-+++---++,10.000128,358,841,716
6693,++-+--+---+-++--++++-+++----+,10.823890,486,841,972
6694,+-++--+---+-++--++++-+++--+++,10.055460,334,841,668
6695,++++--+---+-++--++++-+++--+-+,9.986668,334,841,668
6696,+---+-+---+-++--++++-+++++-++,10.309875,526,841,1052
6697,++--+-+---+-++--++++-+++++--+,11.546251,558,841,1116
6698,+-+-+-+---+-++--++++-++++++++,9.545281,374,841,748
6699,+++-+-+---+-++--++++-++++++-+,9.000000,278,841,556
6700,+--++-+---+-++--++++-++++--++,10.290978,366,841,732
6701,++-++-+---+-++--++++-++++---+,10.558464,398,841,796
6702,+-+++-+---+-++--++++-++++-+++,9.000000,182,841,364
6703,+++++-+---+-++--++++-++++-+-+,9.000000,214,841,428
6704,+----++---+-++--++++-++--+-++,10.049633,294,841,588
6705,++---++---+-++--++++-++--+--+,10.441696,486,841,972
6706,+-+--++---+-++--++++-++--++++,8.868375,174,841,348
6707,+++--++---+-++--++++-++--++-+,11.180340,366,841,732
6708,+--+-++---+-++--++++-++----++,10.204129,294,841,588
6709,++-+-++---+-++--++++-++-----+,10.121306,358,841,716
6710,+-++-++---+-++--++++-++---+++,8.675026,206,841,412
6711,++++-++---+-++--++++-++---+-+,8.751929,270,841,540
6712,+---+++---+-++--++++-++-++-++,10.229441,398,841,796
6713,++--+++---+-++--++++-++-++--+,11.289286,622,841,1244
6714,+-+-+++---+-++--++++-++-+++++,9.000000,182,841,364
6715,+++-+++---+-++--++++-++-+++-+,10.049876,278,841,556
6716,+--++++---+-++--++++-++-+--++,10.424367,334,841,668
6717,++-++++---+-++--++++-++-+---+,10.343729,366,841,732
6718,+-+++++---+-++--++++-++-+-+++,9.000000,150,841,300
6719,+++++++---+-++--++++-++-+-+-+,9.000000,182,841,364
6720,+------+--+-++--++++---+-+-++,8.479256,190,841,380
6721,++-----+--+-++--++++---+-+--+,11.405897,542,841,1084
6722,+-+----+--+-++--++++---+-++++,8.769011,198,841,396
6723,+++----+--+-++--++++---+-++-+,9.875336,422,841,844
6724,+--+---+--+-++--++++---+---++,9.272131,286,841,572
6725,++-+---+--+-++--++++---+----+,10.362377,446,841,892
6726,+-++---+--+-++--++++---+--+++,10.065274,390,841,780
6727,++++---+--+-++--++++---+--+-+,9.788335,422,841,844
6728,+---+--+--+-++--++++---+++-++,9.586659,262,841,524
6729,++--+--+--+-++--++++---+++--+,11.911796,646,841,1292
6730,+-+-+--+--+-++--++++---++++++,7.143331,110,841,220
6731,+++-+--+--+-++--++++---++++-+,9.949415,366,841,732
6732,+--++--+--+-++--++++---++--++,10.109954,422,841,844
6733,++-++--+--+-++--++++---++---+,9.972092,422,841,844
6734,+-+++--+--+-++--++++---++-+++,9.265978,238,841,476
6735,+++++--+--+-++--++++---++-+-+,8.905836,238,841,476
6736,+----+-+--+-++--++++-----+-++,8.655709,254,841,508
6737,++---+-+--+-++--++++-----+--+,10.581364,414,841,828
6738,+-+--+-+--+-++--++++-----++++,8.701264,262,841,524
6739,+++--+-+--+-++--++++-----++-+,8.890018,294,841,588
6740,+--+-+-+--+-++--++++-------++,7.275342,126,841,252
6741,++-+-+-+--+-++--++++--------+,9.397091,286,841,572
6742,+-++-+-+--+-++--++++------+++,8.955095,294,841,588
6743,++++-+-+--+-++--++++------+-+,10.126879,326,841,652
6744,+---++-+--+-++--++++----++-++,10.304249,422,841,844
6745,++--++-+--+-++--++++----++--+,11.875109,678,841,1356
6746,+-+-++-+--+-++--++++----+++++,9.279007,334,841,668
6747,+++-++-+--+-++--++++----+++-+,9.639112,334,841,668
6748,+--+++-+--+-++--++++----+--++,8.349459,230,841,460
6749,++-+++-+--+-++--++++----+---+,9.539639,294,841,588
6750,+-++++-+--+-++--++++----+-+++,9.384177,302,841,604
6751,++++++-+--+-++--++++----+-+-+,9.432127,238,841,476
6752,+-----++--+-++--++++--++-+-++,11.346896,550,841,1100
6753,++----++--+-++--++++--++-+--+,13.547280,1126,841,2252
6754,+-+---++--+-++--++++--++-++++,10.304550,366,841,732
6755,+++---++--+-++--++++--++-++-+,11.747738,686,841,1372
6756,+--+--++--+-++--++++--++---++,11.243836,710,841,1420
6757,++-+--++--+-++--++++--++----+,12.949710,966,841,1932
6758,+-++--++--+-++--++++--++--+++,11.989943,750,841,1500
6759,++++--++--+-++--++++--++--+-+,12.205849,750,841,1500
6760,+---+-++--+-++--++++--++++-++,11.471398,590,841,1180
6761,++--+-++--+-++--++++--++++--+,13.741964,1198,841,2396
6762,+-+-+-++--+-++--++++--+++++++,9.000000,246,841,492
6763,+++-+-++--+-++--++++--+++++-+,11.386473,598,841,1196
6764,+--++-++--+-++--++++--+++--++,10.518465,622,841,1244
6765,++-++-++--+-++--++++--+++---+,12.343891,846,841,1692
6766,+-+++-++--+-++--++++--+++-+++,9.832898,374,841,748
6767,+++++-++--+-++--++++--+++-+-+,10.656026,470,841,940
6768,+----+++--+-++--++++--+--+-++,10.461988,486,841,972
6769,++---+++--+-++--++++--+--+--+,12.407009,806,841,1612
6770,+-+--+++--+-++--++++--+--++++,8.856395,238,841,476
6771,+++--+++--+-++--++++--+--++-+,9.960610,430,841,860
6772,+--+-+++--+-++--++++--+----++,10.187368,358,841,716
6773,++-+-+++--+-++--++++--+-----+,11.463903,550,841,1100
6774,+-++-+++--+-++--++++--+---+++,9.531470,270,841,540
6775,++++-+++--+-++--++++--+---+-+,9.975423,334,841,668
6776,+---++++--+-++--++++--+-++-++,11.269434,622,841,1244
6777,++--++++--+-++--++++--+-++--+,13.266489,1038,841,2076
6778,+-+-++++--+-++--++++--+-+++++,9.000000,278,841,556
6779,+++-++++--+-++--++++--+-+++-+,10.550099,438,841,876
6780,+--+++++--+-++--++++--+-+--++,10.318358,366,841,732
6781,++-+++++--+-++--++++--+-+---+,11.585701,590,841,1180
6782,+-++++++--+-++--++++--+-+-+++,9.000000,182,841,364
6783,++++++++--+-++--++++--+-+-+-+,9.000000,278,841,556
6784,+-------+-+-++--++++++-+-+-++,9.910770,358,841,716
6785,++------+-+-++--++++++-+-+--+,9.219544,358,841,716
6786,+-+-----+-+-++--++++++-+-++++,9.610774,366,841,732
6787,+++-----+-+-++--++++++-+-++-+,9.522055,238,841,476
6788,+--+----+-+-++--++++++-+---++,8.819737,230,841,460
6789,++-+----+-+-++--++++++-+----+,10.191130,422,841,844
6790,+-++----+-+-++--++++++-+--+++,10.188433,334,841,668
6791,++++----+-+-++--++++++-+--+-+,10.685755,398,841,796
6792,+---+---+-+-++--++++++-+++-++,11.180340,430,841,860
6793,++--+---+-+-++--++++++-+++--+,12.529964,398,841,796
6794,+-+-+---+-+-++--++++++-++++++,9.642547,406,841,812
6795,+++-+---+-+-++--++++++-++++-+,9.219544,246,841,492
6796,+--++---+-+-++--++++++-++--++,11.180340,302,841,604
6797,++-++---+-+-++--++++++-++---+,11.180340,270,841,540
6798,+-+++---+-+-++--++++++-++-+++,9.000000,246,841,492
6799,+++++---+-+-++--++++++-++-+-+,9.000000,214,841,428
6800,+----+--+-+-++--++++++---+-++,9.219544,262,841,524
6801,++---+--+-+-++--++++++---+--+,12.206556,454,841,908
6802,+-+--+--+-+-++--++++++---++++,9.491917,270,841,540
6803,+++--+--+-+-++--++++++---++-+,10.440307,334,841,668
6804,+--+-+--+-+-++--++++++-----++,8.546732,230,841,460
6805,++-+-+--+-+-++--++++++------+,9.412500,422,841,844
6806,+-++-+--+-+-++--++++++----+++,10.596800,398,841,796
6807,++++-+--+-+-++--++++++----+-+,10.687604,462,841,924
6808,+---++--+-+-++--++++++--++-++,12.529964,430,841,860
6809,++--++--+-+-++--++++++--++--+,14.866069,782,841,1564
6810,+-+-++--+-+-++--++++++--+++++,9.219544,342,841,684
6811,+++-++--+-+-++--++++++--+++-+,12.206556,438,841,876
6812,+--+++--+-+-++--++++++--+--++,11.180340,270,841,540
6813,++-+++--+-+-++--++++++--+---+,12.529964,430,841,860
6814,+-++++--+-+-++--++++++--+-+++,9.952198,342,841,684
6815,++++++--+-+-++--++++++--+-+-+,9.219544,374,841,748
6816,+-----+-+-+-++--++++++++-+-++,10.238066,334,841,668
6817,++----+-+-+-++--++++++++-+--+,8.368366,238,841,476
6818,+-+---+-+-+-++--++++++++-++++,9.977855,406,841,812
6819,+++---+-+-+-++--++++++++-++-+,9.000000,182,841,364
6820,+--+--+-+-+-++--++++++++---++,7.662605,142,841,284
6821,++-+--+-+-+-++--++++++++----+,9.086955,238,841,476
6822,+-++--+-+-+-++--++++++++--+++,9.247638,310,841,620
6823,++++--+-+-+-++--++++++++--+-+,9.000000,278,841,556
6824,+---+-+-+-+-++--++++++++++-++,10.441630,438,841,876
6825,++--+-+-+-+-++--++++++++++--+,9.219544,310,841,620
6826,+-+-+-+-+-+-++--+++++++++++++,13.000000,862,841,1724
6827,+++-+-+-+-+-++--+++++++++++-+,13.000000,606,841,1212
6828,+--++-+-+-+-++--+++++++++--++,9.000000,182,841,364
6829,++-++-+-+-+-++--+++++++++---+,9.000000,182,841,364
6830,+-+++-+-+-+-++--+++++++++-+++,13.000000,574,841,1148
6831,+++++-+-+-+-++--+++++++++-+-+,13.000000,574,841,1148
6832,+----++-+-+-++--+++++++--+-++,8.344117,174,841,348
6833,++---++-+-+-++--+++++++--+--+,10.440307,206,841,412
6834,+-+--++-+-+-++--+++++++--++++,9.000000,182,841,364
6835,+++--++-+-+-++--+++++++--++-+,10.049876,214,841,428
6836,+--+-++-+-+-++--+++++++----++,8.174215,142,841,284
6837,++-+-++-+-+-++--+++++++-----+,8.158378,174,841,348
6838,+-++-++-+-+-++--+++++++---+++,9.000000,182,841,364
6839,++++-++-+-+-++--+++++++---+-+,9.000000,214,841,428
6840,+---+++-+-+-++--+++++++-++-++,9.219544,246,841,492
6841,++--+++-+-+-++--+++++++-++--+,12.206556,438,841,876
6842,+-+-+++-+-+-++--+++++++-+++++,13.000000,542,841,1084
6843,+++-+++-+-+-++--+++++++-+++-+,13.000000,606,841,1212
6844,+--++++-+-+-++--+++++++-+--++,9.000000,150,841,300
6845,++-++++-+-+-++--+++++++-+---+,9.219544,278,841,556
6846,+-+++++-+-+-++--+++++++-+-+++,13.000000,478,841,956
6847,+++++++-+-+-++--+++++++-+-+-+,13.000000,606,841,1212
6848,+------++-+-++--+++++--+-+-++,9.759714,230,841,460
6849,++-----++-+-++--+++++--+-+--+,9.698725,358,841,716
6850,+-+----++-+-++--+++++--+-++++,10.448149,302,841,604
6851,+++----++-+-++--+++++--+-++-+,10.064371,430,841,860
6852,+--+---++-+-++--+++++--+---++,9.292667,358,841,716
6853,++-+---++-+-++--+++++--+----+,8.908964,294,841,588
6854,+-++---++-+-++--+++++--+--+++,9.673791,398,841,796
6855,++++---++-+-++--+++++--+--+-+,9.525085,334,841,668
6856,+---+--++-+-++--+++++--+++-++,11.180340,270,841,540
6857,++--+--++-+-++--+++++--+++--+,11.180340,430,841,860
6858,+-+-+--++-+-++--+++++--++++++,9.000000,182,841,364
6859,+++-+--++-+-++--+++++--++++-+,9.308073,342,841,684
6860,+--++--++-+-++--+++++--++--++,12.529964,590,841,1180
6861,++-++--++-+-++--+++++--++---+,11.180340,366,841,732
6862,+-+++--++-+-++--+++++--++-+++,9.341363,342,841,684
6863,+++++--++-+-++--+++++--++-+-+,9.000000,246,841,492
6864,+----+-++-+-++--+++++----+-++,10.915351,422,841,844
6865,++---+-++-+-++--+++++----+--+,9.219544,358,841,716
6866,+-+--+-++-+-++--+++++----++++,10.685488,430,841,860
6867,+++--+-++-+-++--+++++----++-+,9.949224,366,841,732
6868,+--+-+-++-+-++--+++++------++,9.779859,262,841,524
6869,++-+-+-++-+-++--+++++-------+,8.550249,198,841,396
6870,+-++-+-++-+-++--+++++-----+++,9.490833,302,841,604
6871,++++-+-++-+-++--+++++-----+-+,9.543658,238,841,476
6872,+---++-++-+-++--+++++---++-++,11.180340,366,841,732
6873,++--++-++-+-++--+++++---++--+,12.529964,526,841,1052
6874,+-+-++-++-+-++--+++++---+++++,9.000000,278,841,556
6875,+++-++-++-+-++--+++++---+++-+,9.219544,310,841,620
6876,+--+++-++-+-++--+++++---+--++,11.180340,270,841,540
6877,++-+++-++-+-++--+++++---+---+,11.180340,238,841,476
6878,+-++++-++-+-++--+++++---+-+++,9.000000,214,841,428
6879,++++++-++-+-++--+++++---+-+-+,9.000000,182,841,364
6880,+-----+++-+-++--+++++-++-+-++,8.592643,238,841,476
6881,++----+++-+-++--+++++-++-+--+,11.099803,462,841,924
6882,+-+---+++-+-++--+++++-++-++++,9.000000,310,841,620
6883,+++---+++-+-++--+++++-++-++-+,9.793644,406,841,812
6884,+--+--+++-+-++--+++++-++---++,9.692846,366,841,732
6885,++-+--+++-+-++--+++++-++----+,10.652158,398,841,796
6886,+-++--+++-+-++--+++++-++--+++,11.018345,534,841,1068
6887,++++--+++-+-++--+++++-++--+-+,10.441554,438,841,876
6888,+---+-+++-+-++--+++++-++++-++,9.000000,246,841,492
6889,++--+-+++-+-++--+++++-++++--+,11.169339,502,841,1004
6890,+-+-+-+++-+-++--+++++-+++++++,13.000000,542,841,1084
6891,+++-+-+++-+-++--+++++-+++++-+,13.000000,670,841,1340
6892,+--++-+++-+-++--+++++-+++--++,9.443641,374,841,748
6893,++-++-+++-+-++--+++++-+++---+,9.788629,374,841,748
6894,+-+++-+++-+-++--+++++-+++-+++,13.000000,638,841,1276
6895,+++++-+++-+-++--+++++-+++-+-+,13.000000,638,841,1276
6896,+----++++-+-++--+++++-+--+-++,10.300331,366,841,732
6897,++---++++-+-++--+++++-+--+--+,9.766762,334,841,668
6898,+-+--++++-+-++--+++++-+--++++,9.156987,310,841,620
6899,+++--++++-+-++--+++++-+--++-+,9.000000,278,841,556
6900,+--+-++++-+-++--+++++-+----++,9.877696,270,841,540
6901,++-+-++++-+-++--+++++-+-----+,8.500632,238,841,476
6902,+-++-++++-+-++--+++++-+---+++,9.000000,246,841,492
6903,++++-++++-+-++--+++++-+---+-+,9.000000,214,841,428
6904,+---+++++-+-++--+++++-+-++-++,9.000000,278,841,556
6905,++--+++++-+-++--+++++-+-++--+,10.545796,470,841,940
6906,+-+-+++++-+-++--+++++-+-+++++,13.000000,510,841,1020
6907,+++-+++++-+-++--+++++-+-+++-+,13.000000,574,841,1148
6908,+--++++++-+-++--+++++-+-+--++,9.000000,182,841,364
6909,++-++++++-+-++--+++++-+-+---+,9.000000,310,841,620
6910,+-+++++++-+-++--+++++-+-+-+++,13.000000,446,841,892
6911,+++++++++-+-++--+++++-+-+-+-+,13.000000,574,841,1148
6912,+--------++-++--+++--+-+-+-++,8.024412,126,841,252
6913,++-------++-++--+++--+-+-+--+,10.440307,222,841,444
6914,+-+------++-++--+++--+-+-++++,8.738125,198,841,396
6915,+++------++-++--+++--+-+-++-+,10.049876,294,841,588
6916,+--+-----++-++--+++--+-+---++,8.998420,222,841,444
6917,++-+-----++-++--+++--+-+----+,7.872231,126,841,252
6918,+-++-----++-++--+++--+-+--+++,9.094184,262,841,524
6919,++++-----++-++--+++--+-+--+-+,8.265560,166,841,332
6920,+---+----++-++--+++--+-+++-++,9.219544,230,841,460
6921,++--+----++-++--+++--+-+++--+,12.206556,422,841,844
6922,+-+-+----++-++--+++--+-++++++,8.016237,142,841,284
6923,+++-+----++-++--+++--+-++++-+,10.440307,334,841,668
6924,+--++----++-++--+++--+-++--++,9.990619,454,841,908
6925,++-++----++-++--+++--+-++---+,9.219544,262,841,524
6926,+-+++----++-++--+++--+-++-+++,8.856877,206,841,412
6927,+++++----++-++--+++--+-++-+-+,8.279855,142,841,284
6928,+----+---++-++--+++--+---+-++,10.440307,318,841,636
6929,++---+---++-++--+++--+---+--+,14.317821,798,841,1596
6930,+-+--+---++-++--+++--+---++++,10.049876,326,841,652
6931,+++--+---++-++--+++--+---++-+,14.035669,806,841,1612
6932,+--+-+---++-++--+++--+-----++,8.449665,190,841,380
6933,++-+-+---++-++--+++--+------+,10.440307,286,841,572
6934,+-++-+---++-++--+++--+----+++,8.666435,230,841,460
6935,++++-+---++-++--+++--+----+-+,10.049876,326,841,652
6936,+---++---++-++--+++--+--++-++,12.206556,518,841,1036
6937,++--++---++-++--+++--+--++--+,15.652476,1158,841,2316
6938,+-+-++---++-++--+++--+--+++++,10.440307,302,841,604
6939,+++-++---++-++--+++--+--+++-+,14.317821,814,841,1628
6940,+--+++---++-++--+++--+--+--++,9.539521,390,841,780
6941,++-+++---++-++--+++--+--+---+,12.206556,454,841,908
6942,+-++++---++-++--+++--+--+-+++,8.247565,206,841,412
6943,++++++---++-++--+++--+--+-+-+,10.440307,270,841,540
6944,+-----+--++-++--+++--+++-+-++,10.060506,294,841,588
6945,++----+--++-++--+++--+++-+--+,10.300245,422,841,844
6946,+-+---+--++-++--+++--+++-++++,8.698333,238,841,476
6947,+++---+--++-++--+++--+++-++-+,11.180340,366,841,732
6948,+--+--+--++-++--+++--+++---++,10.364421,518,841,1036
6949,++-+--+--++-++--+++--+++----+,10.127317,326,841,652
6950,+-++--+--++-++--+++--+++--+++,10.040699,430,841,860
6951,++++--+--++-++--+++--+++--+-+,9.432811,238,841,476
6952,+---+-+--++-++--+++--+++++-++,10.336926,366,841,732
6953,++--+-+--++-++--+++--+++++--+,10.440307,462,841,924
6954,+-+-+-+--++-++--+++--++++++++,9.000000,150,841,300
6955,+++-+-+--++-++--+++--++++++-+,10.049876,246,841,492
6956,+--++-+--++-++--+++--++++--++,11.287632,654,841,1308
6957,++-++-+--++-++--+++--++++---+,10.227147,366,841,732
6958,+-+++-+--++-++--+++--++++-+++,9.000000,278,841,556
6959,+++++-+--++-++--+++--++++-+-+,9.000000,118,841,236
6960,+----++--++-++--+++--++--+-++,10.618989,550,841,1100
6961,++---++--++-++--+++--++--+--+,14.035669,998,841,1996
6962,+-+--++--++-++--+++--++--++++,11.180340,494,841,988
6963,+++--++--++-++--+++--++--++-+,14.866069,1070,841,2140
6964,+--+-++--++-++--+++--++----++,11.085631,486,841,972
6965,++-+-++--++-++--+++--++-----+,10.049876,422,841,844
6966,+-++-++--++-++--+++--++---+++,8.946420,334,841,668
6967,++++-++--++-++--+++--++---+-+,11.180340,398,841,796
6968,+---+++--++-++--+++--++-++-++,10.533062,590,841,1180
6969,++--+++--++-++--+++--++-++--+,14.317821,1070,841,2140
6970,+-+-+++--++-++--+++--++-+++++,10.049876,310,841,620
6971,+++-+++--++-++--+++--++-+++-+,14.035669,790,841,1580
6972,+--++++--++-++--+++--++-+--++,11.524186,590,841,1180
6973,++-++++--++-++--+++--++-+---+,10.440307,494,841,988
6974,+-+++++--++-++--+++--++-+-+++,9.000000,214,841,428
6975,+++++++--++-++--+++--++-+-+-+,10.049876,246,841,492
6976,+------+-++-++--+++----+-+-++,9.117144,222,841,444
6977,++-----+-++-++--+++----+-+--+,9.233832,254,841,508
6978,+-+----+-++-++--+++----+-++++,9.671958,358,841,716
6979,+++----+-++-++--+++----+-++-+,10.163974,390,841,780
6980,+--+---+-++-++--+++----+---++,9.779137,318,841,636
6981,++-+---+-++-++--+++----+----+,8.668943,158,841,316
6982,+-++---+-++-++--+++----+--+++,10.275219,422,841,844
6983,++++---+-++-++--+++----+--+-+,8.638691,262,841,524
6984,+---+--+-++-++--+++----+++-++,8.234514,166,841,332
6985,++--+--+-++-++--+++----+++--+,9.654190,358,841,716
6986,+-+-+--+-++-++--+++----++++++,8.279368,142,841,284
6987,+++-+--+-++-++--+++----++++-+,10.024032,334,841,668
6988,+--++--+-++-++--+++----++--++,10.777255,454,841,908
6989,++-++--+-++-++--+++----++---+,8.207054,262,841,524
6990,+-+++--+-++-++--+++----++-+++,9.757526,270,841,540
6991,+++++--+-++-++--+++----++-+-+,8.953362,206,841,412
6992,+----+-+-++-++--+++------+-++,8.870257,254,841,508
6993,++---+-+-++-++--+++------+--+,10.440307,286,841,572
6994,+-+--+-+-++-++--+++------++++,9.435625,262,841,524
6995,+++--+-+-++-++--+++------++-+,10.049876,294,841,588
6996,+--+-+-+-++-++--+++--------++,7.739017,126,841,252
6997,++-+-+-+-++-++--+++---------+,8.337532,158,841,316
6998,+-++-+-+-++-++--+++-------+++,7.923599,166,841,332
6999,++++-+-+-++-++--+++-------+-+,8.403241,198,841,396
7000,+---++-+-++-++--+++-----++-++,9.219544,230,841,460
7001,++--++-+-++-++--+++-----++--+,12.206556,486,841,972
7002,+-+-++-+-++-++--+++-----+++++,7.279964,142,841,284
7003,+++-++-+-++-++--+++-----+++-+,10.440307,270,841,540
7004,+--+++-+-++-++--+++-----+--++,8.451950,166,841,332
7005,++-+++-+-++-++--+++-----+---+,9.219544,230,841,460
7006,+-++++-+-++-++--+++-----+-+++,7.875691,110,841,220
7007,++++++-+-++-++--+++-----+-+-+,8.412285,174,841,348
7008,+-----++-++-++--+++---++-+-++,10.403922,358,841,716
7009,++----++-++-++--+++---++-+--+,11.922031,614,841,1228
7010,+-+---++-++-++--+++---++-++++,9.704109,302,841,604
7011,+++---++-++-++--+++---++-++-+,10.375979,430,841,860
7012,+--+--++-++-++--+++---++---++,10.327866,646,841,1292
7013,++-+--++-++-++--+++---++----+,11.633004,582,841,1164
7014,+-++--++-++-++--+++---++--+++,11.738369,686,841,1372
7015,++++--++-++-++--+++---++--+-+,11.277826,494,841,988
7016,+---+-++-++-++--+++---++++-++,10.402572,334,841,668
7017,++--+-++-++-++--+++---++++--+,11.885190,622,841,1244
7018,+-+-+-++-++-++--+++---+++++++,9.000000,118,841,236
7019,+++-+-++-++-++--+++---+++++-+,9.285782,278,841,556
7020,+--++-++-++-++--+++---+++--++,10.241027,622,841,1244
7021,++-++-++-++-++--+++---+++---+,10.871814,526,841,1052
7022,+-+++-++-++-++--+++---+++-+++,9.944081,374,841,748
7023,+++++-++-++-++--+++---+++-+-+,9.188573,278,841,556
7024,+----+++-++-++--+++---+--+-++,9.999973,326,841,652
7025,++---+++-++-++--+++---+--+--+,10.881039,518,841,1036
7026,+-+--+++-++-++--+++---+--++++,8.683482,206,841,412
7027,+++--+++-++-++--+++---+--++-+,11.180340,398,841,796
7028,+--+-+++-++-++--+++---+----++,10.010294,326,841,652
7029,++-+-+++-++-++--+++---+-----+,10.461506,390,841,780
7030,+-++-+++-++-++--+++---+---+++,9.182342,238,841,476
7031,++++-+++-++-++--+++---+---+-+,9.307226,302,841,604
7032,+---++++-++-++--+++---+-++-++,10.275200,334,841,668
7033,++--++++-++-++--+++---+-++--+,11.421734,622,841,1244
7034,+-+-++++-++-++--+++---+-+++++,9.000000,118,841,236
7035,+++-++++-++-++--+++---+-+++-+,10.049876,278,841,556
7036,+--+++++-++-++--+++---+-+--++,10.328146,334,841,668
7037,++-+++++-++-++--+++---+-+---+,10.456564,430,841,860
7038,+-++++++-++-++--+++---+-+-+++,9.000000,150,841,300
7039,++++++++-++-++--+++---+-+-+-+,9.000000,246,841,492
7040,+-------+++-++--+++-++-+-+-++,9.219544,262,841,524
7041,++------+++-++--+++-++-+-+--+,12.206556,518,841,1036
7042,+-+-----+++-++--+++-++-+-++++,9.666669,270,841,540
7043,+++-----+++-++--+++-++-+-++-+,10.440307,398,841,796
7044,+--+----+++-++--+++-++-+---++,8.899778,262,841,524
7045,++-+----+++-++--+++-++-+----+,10.074997,326,841,652
7046,+-++----+++-++--+++-++-+--+++,9.728338,366,841,732
7047,++++----+++-++--+++-++-+--+-+,10.184514,302,841,604
7048,+---+---+++-++--+++-++-+++-++,12.529964,462,841,924
7049,++--+---+++-++--+++-++-+++--+,14.866069,814,841,1628
7050,+-+-+---+++-++--+++-++-++++++,9.219544,310,841,620
7051,+++-+---+++-++--+++-++-++++-+,12.206556,534,841,1068
7052,+--++---+++-++--+++-++-++--++,11.180340,462,841,924
7053,++-++---+++-++--+++-++-++---+,12.529964,430,841,860
7054,+-+++---+++-++--+++-++-++-+++,9.000000,278,841,556
7055,+++++---+++-++--+++-++-++-+-+,9.219544,246,841,492
7056,+----+--+++-++--+++-++---+-++,12.206556,582,841,1164
7057,++---+--+++-++--+++-++---+--+,15.652476,1222,841,2444
7058,+-+--+--+++-++--+++-++---++++,10.440307,462,841,924
7059,+++--+--+++-++--+++-++---++-+,14.317821,974,841,1948
7060,+--+-+--+++-++--+++-++-----++,9.219544,294,841,588
7061,++-+-+--+++-++--+++-++------+,12.206556,550,841,1100
7062,+-++-+--+++-++--+++-++----+++,9.834474,334,841,668
7063,++++-+--+++-++--+++-++----+-+,10.440307,462,841,924
7064,+---++--+++-++--+++-++--++-++,14.866069,942,841,1884
7065,++--++--+++-++--+++-++--++--+,17.804494,1870,841,3740
7066,+-+-++--+++-++--+++-++--+++++,12.206556,598,841,1196
7067,+++-++--+++-++--+++-++--+++-+,15.652476,1270,841,2540
7068,+--+++--+++-++--+++-++--+--++,12.529964,526,841,1052
7069,++-+++--+++-++--+++-++--+---+,14.866069,878,841,1756
7070,+-++++--+++-++--+++-++--+-+++,9.219544,342,841,684
7071,++++++--+++-++--+++-++--+-+-+,12.206556,566,841,1132
7072,+-----+-+++-++--+++-++++-+-++,7.822414,142,841,284
7073,++----+-+++-++--+++-++++-+--+,10.440307,302,841,604
7074,+-+---+-+++-++--+++-++++-++++,9.000000,214,841,428
7075,+++---+-+++-++--+++-++++-++-+,10.049876,246,841,492
7076,+--+--+-+++-++--+++-++++---++,8.820207,206,841,412
7077,++-+--+-+++-++--+++-++++----+,9.275792,174,841,348
7078,+-++--+-+++-++--+++-++++--+++,9.837205,374,841,748
7079,++++--+-+++-++--+++-++++--+-+,9.000000,214,841,428
7080,+---+-+-+++-++--+++-++++++-++,9.219544,310,841,620
7081,++--+-+-+++-++--+++-++++++--+,12.206556,438,841,876
7082,+-+-+-+-+++-++--+++-+++++++++,13.000000,606,841,1212
7083,+++-+-+-+++-++--+++-+++++++-+,13.000000,606,841,1212
7084,+--++-+-+++-++--+++-+++++--++,9.247618,310,841,620
7085,++-++-+-+++-++--+++-+++++---+,9.219544,182,841,364
7086,+-+++-+-+++-++--+++-+++++-+++,13.000000,574,841,1148
7087,+++++-+-+++-++--+++-+++++-+-+,13.000000,446,841,892
7088,+----++-+++-++--+++-+++--+-++,10.440307,334,841,668
7089,++---++-+++-++--+++-+++--+--+,14.317821,814,841,1628
7090,+-+--++-+++-++--+++-+++--++++,10.049876,342,841,684
7091,+++--++-+++-++--+++-+++--++-+,14.035669,822,841,1644
7092,+--+-++-+++-++--+++-+++----++,7.905906,174,841,348
7093,++-+-++-+++-++--+++-+++-----+,10.440307,270,841,540
7094,+-++-++-+++-++--+++-+++---+++,9.000000,214,841,428
7095,++++-++-+++-++--+++-+++---+-+,10.049876,310,841,620
7096,+---+++-+++-++--+++-+++-++-++,12.206556,534,841,1068
7097,++--+++-+++-++--+++-+++-++--+,15.652476,1174,841,2348
7098,+-+-+++-+++-++--+++-+++-+++++,13.000000,702,841,1404
7099,+++-+++-+++-++--+++-+++-+++-+,14.317821,1214,841,2428
7100,+--++++-+++-++--+++-+++-+--++,9.219544,310,841,620
7101,++-++++-+++-++--+++-+++-+---+,12.206556,502,841,1004
7102,+-+++++-+++-++--+++-+++-+-+++,13.000000,510,841,1020
7103,+++++++-+++-++--+++-+++-+-+-+,13.000000,702,841,1404
7104,+------++++-++--+++-+--+-+-++,10.012139,294,841,588
7105,++-----++++-++--+++-+--+-+--+,9.219544,294,841,588
7106,+-+----++++-++--+++-+--+-++++,11.094600,430,841,860
7107,+++----++++-++--+++-+--+-++-+,10.880860,430,841,860
7108,+--+---++++-++--+++-+--+---++,9.809604,358,841,716
7109,++-+---++++-++--+++-+--+----+,8.660301,166,841,332
7110,+-++---++++-++--+++-+--+--+++,10.125652,462,841,924
7111,++++---++++-++--+++-+--+--+-+,9.523271,270,841,540
7112,+---+--++++-++--+++-+--+++-++,11.180340,270,841,540
7113,++--+--++++-++--+++-+--+++--+,12.529964,430,841,860
7114,+-+-+--++++-++--+++-+--++++++,9.002722,246,841,492
7115,+++-+--++++-++--+++-+--++++-+,9.975919,406,841,812
7116,+--++--++++-++--+++-+--++--++,11.180340,526,841,1052
7117,++-++--++++-++--+++-+--++---+,11.180340,302,841,604
7118,+-+++--++++-++--+++-+--++-+++,9.786212,342,841,684
7119,+++++--++++-++--+++-+--++-+-+,9.000000,246,841,492
7120,+----+-++++-++--+++-+----+-++,10.985784,518,841,1036
7121,++---+-++++-++--+++-+----+--+,12.206556,518,841,1036
7122,+-+--+-++++-++--+++-+----++++,11.207858,462,841,924
7123,+++--+-++++-++--+++-+----++-+,10.497666,462,841,924
7124,+--+-+-++++-++--+++-+------++,9.623675,294,841,588
7125,++-+-+-++++-++--+++-+-------+,9.219544,294,841,588
7126,+-++-+-++++-++--+++-+-----+++,9.657319,270,841,540
7127,++++-+-++++-++--+++-+-----+-+,9.502420,270,841,540
7128,+---++-++++-++--+++-+---++-++,12.529964,462,841,924
7129,++--++-++++-++--+++-+---++--+,14.866069,814,841,1628
7130,+-+-++-++++-++--+++-+---+++++,9.219544,310,841,620
7131,+++-++-++++-++--+++-+---+++-+,12.206556,534,841,1068
7132,+--+++-++++-++--+++-+---+--++,11.180340,302,841,604
7133,++-+++-++++-++--+++-+---+---+,12.529964,462,841,924
7134,+-++++-++++-++--+++-+---+-+++,9.000000,182,841,364
7135,++++++-++++-++--+++-+---+-+-+,9.219544,342,841,684
7136,+-----+++++-++--+++-+-++-+-++,8.539565,142,841,284
7137,++----+++++-++--+++-+-++-+--+,9.111145,238,841,476
7138,+-+---+++++-++--+++-+-++-++++,9.000000,278,841,556
7139,+++---+++++-++--+++-+-++-++-+,9.000000,246,841,492
7140,+--+--+++++-++--+++-+-++---++,9.834893,334,841,668
7141,++-+--+++++-++--+++-+-++----+,9.200433,238,841,476
7142,+-++--+++++-++--+++-+-++--+++,11.142699,566,841,1132
7143,++++--+++++-++--+++-+-++--+-+,9.610043,342,841,684
7144,+---+-+++++-++--+++-+-++++-++,9.000000,150,841,300
7145,++--+-+++++-++--+++-+-++++--+,9.219544,278,841,556
7146,+-+-+-+++++-++--+++-+-+++++++,13.000000,510,841,1020
7147,+++-+-+++++-++--+++-+-+++++-+,13.000000,510,841,1020
7148,+--++-+++++-++--+++-+-+++--++,10.069729,342,841,684
7149,++-++-+++++-++--+++-+-+++---+,9.000000,214,841,428
7150,+-+++-+++++-++--+++-+-+++-+++,13.000000,670,841,1340
7151,+++++-+++++-++--+++-+-+++-+-+,13.000000,542,841,1084
7152,+----++++++-++--+++-+-+--+-++,10.046443,238,841,476
7153,++---++++++-++--+++-+-+--+--+,10.440307,270,841,540
7154,+-+--++++++-++--+++-+-+--++++,9.410993,246,841,492
7155,+++--++++++-++--+++-+-+--++-+,10.049876,278,841,556
7156,+--+-++++++-++--+++-+-+----++,9.240435,206,841,412
7157,++-+-++++++-++--+++-+-+-----+,9.170892,238,841,476
7158,+-++-++++++-++--+++-+-+---+++,9.000000,246,841,492
7159,++++-++++++-++--+++-+-+---+-+,9.214791,278,841,556
7160,+---+++++++-++--+++-+-+-++-++,9.219544,214,841,428
7161,++--+++++++-++--+++-+-+-++--+,12.206556,470,841,940
7162,+-+-+++++++-++--+++-+-+-+++++,13.000000,510,841,1020
7163,+++-+++++++-++--+++-+-+-+++-+,13.000000,638,841,1276
7164,+--++++++++-++--+++-+-+-+--++,9.000000,182,841,364
7165,++-++++++++-++--+++-+-+-+---+,9.686865,374,841,748
7166,+-+++++++++-++--+++-+-+-+-+++,13.000000,510,841,1020
7167,+++++++++++-++--+++-+-+-+-+-+,13.000000,702,841,1404
7168,+----------+++--+--+-+-+-+-++,8.738243,214,841,428
7169,++---------+++--+--+-+-+-+--+,7.663958,150,841,300
7170,+-+--------+++--+--+-+-+-++++,9.791234,286,841,572
7171,+++--------+++--+--+-+-+-++-+,9.444934,222,841,444
7172,+--+-------+++--+--+-+-+---++,9.219544,150,841,300
7173,++-+-------+++--+--+-+-+----+,9.545554,278,841,556
7174,+-++-------+++--+--+-+-+--+++,8.356666,190,841,380
7175,++++-------+++--+--+-+-+--+-+,9.516958,318,841,636
7176,+---+------+++--+--+-+-+++-++,11.180340,318,841,636
7177,++--+------+++--+--+-+-+++--+,11.180340,350,841,700
7178,+-+-+------+++--+--+-+-++++++,9.840052,358,841,716
7179,+++-+------+++--+--+-+-++++-+,10.640626,390,841,780
7180,+--++------+++--+--+-+-++--++,12.529964,382,841,764
7181,++-++------+++--+--+-+-++---+,11.180340,414,841,828
7182,+-+++------+++--+--+-+-++-+++,9.219544,262,841,524
7183,+++++------+++--+--+-+-++-+-+,10.021154,422,841,844
7184,+----+-----+++--+--+-+---+-++,9.308794,246,841,492
7185,++---+-----+++--+--+-+---+--+,9.219544,118,841,236
7186,+-+--+-----+++--+--+-+---++++,8.994890,254,841,508
7187,+++--+-----+++--+--+-+---++-+,8.044553,126,841,252
7188,+--+-+-----+++--+--+-+-----++,10.093980,342,841,684
7189,++-+-+-----+++--+--+-+------+,8.502270,214,841,428
7190,+-++-+-----+++--+--+-+----+++,10.344080,382,841,764
7191,++++-+-----+++--+--+-+----+-+,9.202182,254,841,508
7192,+---++-----+++--+--+-+--++-++,11.180340,382,841,764
7193,++--++-----+++--+--+-+--++--+,12.529964,414,841,828
7194,+-+-++-----+++--+--+-+--+++++,9.386363,294,841,588
7195,+++-++-----+++--+--+-+--+++-+,9.219544,198,841,396
7196,+--+++-----+++--+--+-+--+--++,11.180340,478,841,956
7197,++-+++-----+++--+--+-+--+---+,11.180340,318,841,636
7198,+-++++-----+++--+--+-+--+-+++,10.439454,422,841,844
7199,++++++-----+++--+--+-+--+-+-+,8.422024,262,841,524
7200,+-----+----+++--+--+-+++-+-++,9.219121,254,841,508
7201,++----+----+++--+--+-+++-+--+,9.978415,286,841,572
7202,+-+---+----+++--+--+-+++-++++,9.022018,262,841,524
7203,+++---+----+++--+--+-+++-++-+,9.015873,294,841,588
7204,+--+--+----+++--+--+-+++---++,9.215068,318,841,636
7205,++-+--+----+++--+--+-+++----+,9.808322,414,841,828
7206,+-++--+----+++--+--+-+++--+++,9.725540,294,841,588
7207,++++--+----+++--+--+-+++--+-+,9.522828,390,841,780
7208,+---+-+----+++--+--+-+++++-++,8.699625,198,841,396
7209,++--+-+----+++--+--+-+++++--+,9.987599,326,841,652
7210,+-+-+-+----+++--+--+-++++++++,8.704510,174,841,348
7211,+++-+-+----+++--+--+-++++++-+,9.683229,302,841,604
7212,+--++-+----+++--+--+-++++--++,9.219544,326,841,652
7213,++-++-+----+++--+--+-++++---+,9.948573,454,841,908
7214,+-+++-+----+++--+--+-++++-+++,7.517137,142,841,284
7215,+++++-+----+++--+--+-++++-+-+,10.280047,398,841,796
7216,+----++----+++--+--+-++--+-++,10.646120,542,841,1084
7217,++---++----+++--+--+-++--+--+,9.248086,318,841,636
7218,+-+--++----+++--+--+-++--++++,9.678275,422,841,844
7219,+++--++----+++--+--+-++--++-+,10.092559,326,841,652
7220,+--+-++----+++--+--+-++----++,11.439093,702,841,1404
7221,++-+-++----+++--+--+-++-----+,9.221421,350,841,700
7222,+-++-++----+++--+--+-++---+++,10.107848,486,841,972
7223,++++-++----+++--+--+-++---+-+,9.064654,262,841,524
7224,+---+++----+++--+--+-++-++-++,9.530864,390,841,780
7225,++--+++----+++--+--+-++-++--+,9.590863,326,841,652
7226,+-+-+++----+++--+--+-++-+++++,8.998051,174,841,348
7227,+++-+++----+++--+--+-++-+++-+,7.109631,110,841,220
7228,+--++++----+++--+--+-++-+--++,11.108289,614,841,1228
7229,++-++++----+++--+--+-++-+---+,9.535809,358,841,716
7230,+-+++++----+++--+--+-++-+-+++,10.014697,302,841,604
7231,+++++++----+++--+--+-++-+-+-+,8.694420,174,841,348
7232,+------+---+++--+--+---+-+-++,9.219544,278,841,556
7233,++-----+---+++--+--+---+-+--+,10.220879,342,841,684
7234,+-+----+---+++--+--+---+-++++,9.838804,222,841,444
7235,+++----+---+++--+--+---+-++-+,8.999735,286,841,572
7236,+--+---+---+++--+--+---+---++,12.206556,406,841,812
7237,++-+---+---+++--+--+---+----+,9.219544,278,841,556
7238,+-++---+---+++--+--+---+--+++,10.440307,318,841,636
7239,++++---+---+++--+--+---+--+-+,8.473706,190,841,380
7240,+---+--+---+++--+--+---+++-++,12.529964,478,841,956
7241,++--+--+---+++--+--+---+++--+,11.180340,574,841,1148
7242,+-+-+--+---+++--+--+---++++++,9.318923,262,841,524
7243,+++-+--+---+++--+--+---++++-+,9.546909,358,841,716
7244,+--++--+---+++--+--+---++--++,14.866069,798,841,1596
7245,++-++--+---+++--+--+---++---+,12.529964,510,841,1020
7246,+-+++--+---+++--+--+---++-+++,12.206556,422,841,844
7247,+++++--+---+++--+--+---++-+-+,9.219544,262,841,524
7248,+----+-+---+++--+--+-----+-++,9.050700,278,841,556
7249,++---+-+---+++--+--+-----+--+,9.540874,278,841,556
7250,+-+--+-+---+++--+--+-----++++,9.048834,222,841,444
7251,+++--+-+---+++--+--+-----++-+,9.017293,222,841,444
7252,+--+-+-+---+++--+--+-------++,9.219544,182,841,364
7253,++-+-+-+---+++--+--+--------+,8.432357,182,841,364
7254,+-++-+-+---+++--+--+------+++,8.154220,158,841,316
7255,++++-+-+---+++--+--+------+-+,8.581604,158,841,316
7256,+---++-+---+++--+--+----++-++,11.180340,446,841,892
7257,++--++-+---+++--+--+----++--+,11.180340,542,841,1084
7258,+-+-++-+---+++--+--+----+++++,9.149158,294,841,588
7259,+++-++-+---+++--+--+----+++-+,9.147073,262,841,524
7260,+--+++-+---+++--+--+----+--++,12.529964,414,841,828
7261,++-+++-+---+++--+--+----+---+,11.180340,318,841,636
7262,+-++++-+---+++--+--+----+-+++,9.219544,294,841,588
7263,++++++-+---+++--+--+----+-+-+,8.620360,198,841,396
7264,+-----++---+++--+--+--++-+-++,10.194683,350,841,700
7265,++----++---+++--+--+--++-+--+,12.245528,702,841,1404
7266,+-+---++---+++--+--+--++-++++,9.747954,294,841,588
7267,+++---++---+++--+--+--++-++-+,10.526552,518,841,1036
7268,+--+--++---+++--+--+--++---++,10.440307,542,841,1084
7269,++-+--++---+++--+--+--++----+,11.775424,574,841,1148
7270,+-++--++---+++--+--+--++--+++,11.191845,582,841,1164
7271,++++--++---+++--+--+--++--+-+,11.203109,486,841,972
7272,+---+-++---+++--+--+--++++-++,9.911440,326,841,652
7273,++--+-++---+++--+--+--++++--+,12.369116,710,841,1420
7274,+-+-+-++---+++--+--+--+++++++,7.300445,110,841,220
7275,+++-+-++---+++--+--+--+++++-+,10.194260,366,841,732
7276,+--++-++---+++--+--+--+++--++,12.206556,518,841,1036
7277,++-++-++---+++--+--+--+++---+,11.008778,518,841,1036
7278,+-+++-++---+++--+--+--+++-+++,10.440307,270,841,540
7279,+++++-++---+++--+--+--+++-+-+,9.420496,270,841,540
7280,+----+++---+++--+--+--+--+-++,9.974345,478,841,956
7281,++---+++---+++--+--+--+--+--+,11.018140,574,841,1148
7282,+-+--+++---+++--+--+--+--++++,9.608890,358,841,716
7283,+++--+++---+++--+--+--+--++-+,9.072134,454,841,908
7284,+--+-+++---+++--+--+--+----++,9.858181,382,841,764
7285,++-+-+++---+++--+--+--+-----+,10.257703,350,841,700
7286,+-++-+++---+++--+--+--+---+++,9.364965,294,841,588
7287,++++-+++---+++--+--+--+---+-+,9.363910,262,841,524
7288,+---++++---+++--+--+--+-++-++,9.543605,422,841,844
7289,++--++++---+++--+--+--+-++--+,11.820449,614,841,1228
7290,+-+-++++---+++--+--+--+-+++++,8.882457,206,841,412
7291,+++-++++---+++--+--+--+-+++-+,9.557088,270,841,540
7292,+--+++++---+++--+--+--+-+--++,9.219544,326,841,652
7293,++-+++++---+++--+--+--+-+---+,10.058418,326,841,652
7294,+-++++++---+++--+--+--+-+-+++,8.096209,142,841,284
7295,++++++++---+++--+--+--+-+-+-+,8.467655,142,841,284
7296,+-------+--+++--+--+++-+-+-++,11.180340,318,841,636
7297,++------+--+++--+--+++-+-+--+,11.180340,350,841,700
7298,+-+-----+--+++--+--+++-+-++++,7.954006,134,841,268
7299,+++-----+--+++--+--+++-+-++-+,7.960860,166,841,332
7300,+--+----+--+++--+--+++-+---++,12.529964,478,841,956
7301,++-+----+--+++--+--+++-+----+,11.180340,574,841,1148
7302,+-++----+--+++--+--+++-+--+++,9.219544,262,841,524
7303,++++----+--+++--+--+++-+--+-+,10.565765,358,841,716
7304,+---+---+--+++--+--+++-+++-++,15.132746,966,841,1932
7305,++--+---+--+++--+--+++-+++--+,15.132746,966,841,1932
7306,+-+-+---+--+++--+--+++-++++++,11.180340,366,841,732
7307,+++-+---+--+++--+--+++-++++-+,11.180340,366,841,732
7308,+--++---+--+++--+--+++-++--++,16.155494,1254,841,2508
7309,++-++---+--+++--+--+++-++---+,15.132746,1126,841,2252
7310,+-+++---+--+++--+--+++-++-+++,12.529964,494,841,988
7311,+++++---+--+++--+--+++-++-+-+,11.180340,494,841,988
7312,+----+--+--+++--+--+++---+-++,11.180340,478,841,956
7313,++---+--+--+++--+--+++---+--+,12.529964,446,841,892
7314,+-+--+--+--+++--+--+++---++++,9.527210,294,841,588
7315,+++--+--+--+++--+--+++---++-+,9.219544,262,841,524
7316,+--+-+--+--+++--+--+++-----++,11.180340,606,841,1212
7317,++-+-+--+--+++--+--+++------+,11.180340,446,841,892
7318,+-++-+--+--+++--+--+++----+++,10.396245,454,841,908
7319,++++-+--+--+++--+--+++----+-+,10.101391,294,841,588
7320,+---++--+--+++--+--+++--++-++,15.132746,1094,841,2188
7321,++--++--+--+++--+--+++--++--+,16.155494,1222,841,2444
7322,+-+-++--+--+++--+--+++--+++++,11.180340,430,841,860
7323,+++-++--+--+++--+--+++--+++-+,12.529964,430,841,860
7324,+--+++--+--+++--+--+++--+--++,15.132746,1222,841,2444
7325,++-+++--+--+++--+--+++--+---+,15.132746,1030,841,2060
7326,+-++++--+--+++--+--+++--+-+++,11.180340,590,841,1180
7327,++++++--+--+++--+--+++--+-+-+,11.180340,398,841,796
7328,+-----+-+--+++--+--+++++-+-++,9.000011,198,841,396
7329,++----+-+--+++--+--+++++-+--+,8.988455,198,841,396
7330,+-+---+-+--+++--+--+++++-++++,7.992552,142,841,284
7331,+++---+-+--+++--+--+++++-++-+,7.808982,142,841,284
7332,+--+--+-+--+++--+--+++++---++,9.219544,294,841,588
7333,++-+--+-+--+++--+--+++++----+,10.069030,358,841,716
7334,+-++--+-+--+++--+--+++++--+++,8.618673,206,841,412
7335,++++--+-+--+++--+--+++++--+-+,9.758596,270,841,540
7336,+---+-+-+--+++--+--+++++++-++,11.180340,302,841,604
7337,++--+-+-+--+++--+--+++++++--+,11.180340,270,841,540
7338,+-+-+-+-+--+++--+--++++++++++,9.000000,214,841,428
7339,+++-+-+-+--+++--+--++++++++-+,9.000000,182,841,364
7340,+--++-+-+--+++--+--++++++--++,12.529964,462,841,924
7341,++-++-+-+--+++--+--++++++---+,11.180340,430,841,860
7342,+-+++-+-+--+++--+--++++++-+++,9.219544,214,841,428
7343,+++++-+-+--+++--+--++++++-+-+,9.355119,310,841,620
7344,+----++-+--+++--+--++++--+-++,11.697993,550,841,1100
7345,++---++-+--+++--+--++++--+--+,9.219544,294,841,588
7346,+-+--++-+--+++--+--++++--++++,10.739116,430,841,860
7347,+++--++-+--+++--+--++++--++-+,9.204430,302,841,604
7348,+--+-++-+--+++--+--++++----++,11.918955,678,841,1356
7349,++-+-++-+--+++--+--++++-----+,9.041754,294,841,588
7350,+-++-++-+--+++--+--++++---+++,10.300085,462,841,924
7351,++++-++-+--+++--+--++++---+-+,8.748616,206,841,412
7352,+---+++-+--+++--+--++++-++-++,11.180340,494,841,988
7353,++--+++-+--+++--+--++++-++--+,12.529964,398,841,796
7354,+-+-+++-+--+++--+--++++-+++++,9.304924,278,841,556
7355,+++-+++-+--+++--+--++++-+++-+,9.219544,182,841,364
7356,+--++++-+--+++--+--++++-+--++,11.253551,686,841,1372
7357,++-++++-+--+++--+--++++-+---+,11.180340,398,841,796
7358,+-+++++-+--+++--+--++++-+-+++,10.057030,374,841,748
7359,+++++++-+--+++--+--++++-+-+-+,9.000000,214,841,428
7360,+------++--+++--+--++--+-+-++,12.529964,446,841,892
7361,++-----++--+++--+--++--+-+--+,11.180340,414,841,828
7362,+-+----++--+++--+--++--+-++++,9.219544,198,841,396
7363,+++----++--+++--+--++--+-++-+,9.539670,294,841,588
7364,+--+---++--+++--+--++--+---++,14.866069,862,841,1724
7365,++-+---++--+++--+--++--+----+,12.529964,510,841,1020
7366,+-++---++--+++--+--++--+--+++,12.206556,454,841,908
7367,++++---++--+++--+--++--+--+-+,9.219544,230,841,460
7368,+---+--++--+++--+--++--+++-++,16.155494,1254,841,2508
7369,++--+--++--+++--+--++--+++--+,15.132746,1126,841,2252
7370,+-+-+--++--+++--+--++--++++++,12.529964,462,841,924
7371,+++-+--++--+++--+--++--++++-+,11.180340,462,841,924
7372,+--++--++--+++--+--++--++--++,18.027756,1990,841,3980
7373,++-++--++--+++--+--++--++---+,16.155494,1350,841,2700
7374,+-+++--++--+++--+--++--++-+++,14.866069,910,841,1820
7375,+++++--++--+++--+--++--++-+-+,12.529964,526,841,1052
7376,+----+-++--+++--+--++----+-++,11.180340,510,841,1020
7377,++---+-++--+++--+--++----+--+,11.180340,414,841,828
7378,+-+--+-++--+++--+--++----++++,10.162239,326,841,652
7379,+++--+-++--+++--+--++----++-+,10.338769,358,841,716
7380,+--+-+-++--+++--+--++------++,12.529964,510,841,1020
7381,++-+-+-++--+++--+--++-------+,11.180340,286,841,572
7382,+-++-+-++--+++--+--++-----+++,9.219544,230,841,460
7383,++++-+-++--+++--+--++-----+-+,7.578317,134,841,268
7384,+---++-++--+++--+--++---++-++,15.132746,1094,841,2188
7385,++--++-++--+++--+--++---++--+,15.132746,1094,841,2188
7386,+-+-++-++--+++--+--++---+++++,11.180340,430,841,860
7387,+++-++-++--+++--+--++---+++-+,11.180340,430,841,860
7388,+--+++-++--+++--+--++---+--++,16.155494,1286,841,2572
7389,++-+++-++--+++--+--++---+---+,15.132746,966,841,1932
7390,+-++++-++--+++--+--++---+-+++,12.529964,526,841,1052
7391,++++++-++--+++--+--++---+-+-+,11.180340,334,841,668
7392,+-----+++--+++--+--++-++-+-++,9.219544,230,841,460
7393,++----+++--+++--+--++-++-+--+,9.897424,358,841,716
7394,+-+---+++--+++--+--++-++-++++,8.481696,174,841,348
7395,+++---+++--+++--+--++-++-++-+,8.898973,302,841,604
7396,+--+--+++--+++--+--++-++---++,12.206556,518,841,1036
7397,++-+--+++--+++--+--++-++----+,9.417974,326,841,652
7398,+-++--+++--+++--+--++-++--+++,10.440307,430,841,860
7399,++++--+++--+++--+--++-++--+-+,9.291339,238,841,476
7400,+---+-+++--+++--+--++-++++-++,12.529964,430,841,860
7401,++--+-+++--+++--+--++-++++--+,11.180340,462,841,924
7402,+-+-+-+++--+++--+--++-+++++++,9.219544,214,841,428
7403,+++-+-+++--+++--+--++-+++++-+,9.000000,246,841,492
7404,+--++-+++--+++--+--++-+++--++,14.866069,846,841,1692
7405,++-++-+++--+++--+--++-+++---+,12.529964,494,841,988
7406,+-+++-+++--+++--+--++-+++-+++,12.206556,470,841,940
7407,+++++-+++--+++--+--++-+++-+-+,9.219544,246,841,492
7408,+----++++--+++--+--++-+--+-++,11.302419,486,841,972
7409,++---++++--+++--+--++-+--+--+,9.153431,358,841,716
7410,+-+--++++--+++--+--++-+--++++,11.018202,430,841,860
7411,+++--++++--+++--+--++-+--++-+,10.222599,430,841,860
7412,+--+-++++--+++--+--++-+----++,10.792242,422,841,844
7413,++-+-++++--+++--+--++-+-----+,8.415924,166,841,332
7414,+-++-++++--+++--+--++-+---+++,9.414483,270,841,540
7415,++++-++++--+++--+--++-+---+-+,7.744280,142,841,284
7416,+---+++++--+++--+--++-+-++-++,11.180340,462,841,924
7417,++--+++++--+++--+--++-+-++--+,11.180340,430,841,860
7418,+-+-+++++--+++--+--++-+-+++++,9.259813,310,841,620
7419,+++-+++++--+++--+--++-+-+++-+,9.002148,278,841,556
7420,+--++++++--+++--+--++-+-+--++,12.529964,526,841,1052
7421,++-++++++--+++--+--++-+-+---+,11.180340,302,841,604
7422,+-+++++++--+++--+--++-+-+-+++,9.219544,278,841,556
7423,+++++++++--+++--+--++-+-+-+-+,9.000000,182,841,364
7424,+--------+-+++--+----+-+-+-++,10.748714,438,841,876
7425,++-------+-+++--+----+-+-+--+,9.238182,374,841,748
7426,+-+------+-+++--+----+-+-++++,11.862023,574,841,1148
7427,+++------+-+++--+----+-+-++-+,11.206979,510,841,1020
7428,+--+-----+-+++--+----+-+---++,8.018770,118,841,236
7429,++-+-----+-+++--+----+-+----+,9.483283,246,841,492
7430,+-++-----+-+++--+----+-+--+++,9.361217,222,841,444
7431,++++-----+-+++--+----+-+--+-+,9.330488,350,841,700
7432,+---+----+-+++--+----+-+++-++,11.180340,478,841,956
7433,++--+----+-+++--+----+-+++--+,12.529964,638,841,1276
7434,+-+-+----+-+++--+----+-++++++,11.556062,582,841,1164
7435,+++-+----+-+++--+----+-++++-+,12.056094,742,841,1484
7436,+--++----+-+++--+----+-++--++,11.180340,286,841,572
7437,++-++----+-+++--+----+-++---+,11.180340,446,841,892
7438,+-+++----+-+++--+----+-++-+++,9.584462,230,841,460
7439,+++++----+-+++--+----+-++-+-+,10.923317,518,841,1036
7440,+----+---+-+++--+----+---+-++,9.421544,310,841,620
7441,++---+---+-+++--+----+---+--+,12.206556,374,841,748
7442,+-+--+---+-+++--+----+---++++,9.913960,254,841,508
7443,+++--+---+-+++--+----+---++-+,10.440307,318,841,636
7444,+--+-+---+-+++--+----+-----++,7.839254,150,841,300
7445,++-+-+---+-+++--+----+------+,9.219544,214,841,428
7446,+-++-+---+-+++--+----+----+++,8.176679,126,841,252
7447,++++-+---+-+++--+----+----+-+,7.991343,190,841,380
7448,+---++---+-+++--+----+--++-++,12.529964,446,841,892
7449,++--++---+-+++--+----+--++--+,14.866069,798,841,1596
7450,+-+-++---+-+++--+----+--+++++,9.256432,294,841,588
7451,+++-++---+-+++--+----+--+++-+,12.206556,518,841,1036
7452,+--+++---+-+++--+----+--+--++,11.180340,286,841,572
7453,++-+++---+-+++--+----+--+---+,12.529964,446,841,892
7454,+-++++---+-+++--+----+--+-+++,8.263399,166,841,332
7455,++++++---+-+++--+----+--+-+-+,9.219544,326,841,652
7456,+-----+--+-+++--+----+++-+-++,9.397540,318,841,636
7457,++----+--+-+++--+----+++-+--+,9.306827,350,841,700
7458,+-+---+--+-+++--+----+++-++++,9.799953,390,841,780
7459,+++---+--+-+++--+----+++-++-+,9.851936,422,841,844
7460,+--+--+--+-+++--+----+++---++,9.550080,254,841,508
7461,++-+--+--+-+++--+----+++----+,9.367113,350,841,700
7462,+-++--+--+-+++--+----+++--+++,9.612539,294,841,588
7463,++++--+--+-+++--+----+++--+-+,9.383708,390,841,780
7464,+---+-+--+-+++--+----+++++-++,8.892391,262,841,524
7465,++--+-+--+-+++--+----+++++--+,9.326101,390,841,780
7466,+-+-+-+--+-+++--+----++++++++,9.674561,302,841,604
7467,+++-+-+--+-+++--+----++++++-+,10.922774,430,841,860
7468,+--++-+--+-+++--+----++++--++,9.793810,262,841,524
7469,++-++-+--+-+++--+----++++---+,9.805396,390,841,780
7470,+-+++-+--+-+++--+----++++-+++,7.906482,142,841,284
7471,+++++-+--+-+++--+----++++-+-+,10.682138,398,841,796
7472,+----++--+-+++--+----++--+-++,10.401241,382,841,764
7473,++---++--+-+++--+----++--+--+,10.440307,350,841,700
7474,+-+--++--+-+++--+----++--++++,10.099986,326,841,652
7475,+++--++--+-+++--+----++--++-+,10.265094,422,841,844
7476,+--+-++--+-+++--+----++----++,10.571747,414,841,828
7477,++-+-++--+-+++--+----++-----+,9.385874,254,841,508
7478,+-++-++--+-+++--+----++---+++,9.298450,262,841,524
7479,++++-++--+-+++--+----++---+-+,9.195887,230,841,460
7480,+---+++--+-+++--+----++-++-++,9.455318,294,841,588
7481,++--+++--+-+++--+----++-++--+,12.206556,422,841,844
7482,+-+-+++--+-+++--+----++-+++++,7.709424,142,841,284
7483,+++-+++--+-+++--+----++-+++-+,10.440307,270,841,540
7484,+--++++--+-+++--+----++-+--++,10.388356,390,841,780
7485,++-++++--+-+++--+----++-+---+,9.219544,326,841,652
7486,+-+++++--+-+++--+----++-+-+++,8.041601,142,841,284
7487,+++++++--+-+++--+----++-+-+-+,8.209088,206,841,412
7488,+------+-+-+++--+------+-+-++,11.754105,598,841,1196
7489,++-----+-+-+++--+------+-+--+,9.103457,278,841,556
7490,+-+----+-+-+++--+------+-++++,12.164152,670,841,1340
7491,+++----+-+-+++--+------+-++-+,10.702443,350,841,700
7492,+--+---+-+-+++--+------+---++,9.219544,278,841,556
7493,++-+---+-+-+++--+------+----+,7.477478,150,841,300
7494,+-++---+-+-+++--+------+--+++,9.437601,318,841,636
7495,++++---+-+-+++--+------+--+-+,8.662051,190,841,380
7496,+---+--+-+-+++--+------+++-++,11.180340,542,841,1084
7497,++--+--+-+-+++--+------+++--+,11.180340,382,841,764
7498,+-+-+--+-+-+++--+------++++++,11.276926,582,841,1164
7499,+++-+--+-+-+++--+------++++-+,10.943738,422,841,844
7500,+--++--+-+-+++--+------++--++,12.529964,414,841,828
7501,++-++--+-+-+++--+------++---+,11.180340,254,841,508
7502,+-+++--+-+-+++--+------++-+++,9.219544,294,841,588
7503,+++++--+-+-+++--+------++-+-+,9.439765,262,841,524
7504,+----+-+-+-+++--+--------+-++,10.968102,438,841,876
7505,++---+-+-+-+++--+--------+--+,9.219544,246,841,492
7506,+-+--+-+-+-+++--+--------++++,10.539147,382,841,764
7507,+++--+-+-+-+++--+--------++-+,8.892732,190,841,380
7508,+--+-+-+-+-+++--+----------++,9.126275,278,841,556
7509,++-+-+-+-+-+++--+-----------+,10.631709,470,841,940
7510,+-++-+-+-+-+++--+---------+++,8.642531,254,841,508
7511,++++-+-+-+-+++--+---------+-+,11.047322,446,841,892
7512,+---++-+-+-+++--+-------++-++,11.180340,414,841,828
7513,++--++-+-+-+++--+-------++--+,12.529964,446,841,892
7514,+-+-++-+-+-+++--+-------+++++,9.084904,390,841,780
7515,+++-++-+-+-+++--+-------+++-+,9.219544,294,841,588
7516,+--+++-+-+-+++--+-------+--++,11.180340,318,841,636
7517,++-+++-+-+-+++--+-------+---+,11.180340,542,841,1084
7518,+-++++-+-+-+++--+-------+-+++,9.811092,326,841,652
7519,++++++-+-+-+++--+-------+-+-+,11.308512,550,841,1100
7520,+-----++-+-+++--+-----++-+-++,10.045746,446,841,892
7521,++----++-+-+++--+-----++-+--+,10.690516,414,841,828
7522,+-+---++-+-+++--+-----++-++++,10.198407,518,841,1036
7523,+++---++-+-+++--+-----++-++-+,9.549248,358,841,716
7524,+--+--++-+-+++--+-----++---++,9.563395,318,841,636
7525,++-+--++-+-+++--+-----++----+,10.589454,350,841,700
7526,+-++--++-+-+++--+-----++--+++,10.957758,486,841,972
7527,++++--++-+-+++--+-----++--+-+,10.517593,390,841,780
7528,+---+-++-+-+++--+-----++++-++,9.691973,358,841,716
7529,++--+-++-+-+++--+-----++++--+,10.427783,358,841,716
7530,+-+-+-++-+-+++--+-----+++++++,9.692930,398,841,796
7531,+++-+-++-+-+++--+-----+++++-+,9.237876,270,841,540
7532,+--++-++-+-+++--+-----+++--++,9.219544,230,841,460
7533,++-++-++-+-+++--+-----+++---+,9.519958,230,841,460
7534,+-+++-++-+-+++--+-----+++-+++,8.685179,238,841,476
7535,+++++-++-+-+++--+-----+++-+-+,8.364287,238,841,476
7536,+----+++-+-+++--+-----+--+-++,9.279846,350,841,700
7537,++---+++-+-+++--+-----+--+--+,9.616537,254,841,508
7538,+-+--+++-+-+++--+-----+--++++,9.088216,358,841,716
7539,+++--+++-+-+++--+-----+--++-+,9.180099,262,841,524
7540,+--+-+++-+-+++--+-----+----++,9.267447,318,841,636
7541,++-+-+++-+-+++--+-----+-----+,10.328960,478,841,956
7542,+-++-+++-+-+++--+-----+---+++,9.199718,358,841,716
7543,++++-+++-+-+++--+-----+---+-+,10.753240,518,841,1036
7544,+---++++-+-+++--+-----+-++-++,9.059762,294,841,588
7545,++--++++-+-+++--+-----+-++--+,9.805783,294,841,588
7546,+-+-++++-+-+++--+-----+-+++++,10.260612,334,841,668
7547,+++-++++-+-+++--+-----+-+++-+,9.249196,206,841,412
7548,+--+++++-+-+++--+-----+-+--++,8.849057,262,841,524
7549,++-+++++-+-+++--+-----+-+---+,10.404371,454,841,908
7550,+-++++++-+-+++--+-----+-+-+++,10.675057,334,841,668
7551,++++++++-+-+++--+-----+-+-+-+,11.229908,526,841,1052
7552,+-------++-+++--+---++-+-+-++,11.180340,446,841,892
7553,++------++-+++--+---++-+-+--+,12.529964,670,841,1340
7554,+-+-----++-+++--+---++-+-++++,9.849900,262,841,524
7555,+++-----++-+++--+---++-+-++-+,9.231548,358,841,716
7556,+--+----++-+++--+---++-+---++,11.180340,286,841,572
7557,++-+----++-+++--+---++-+----+,11.180340,574,841,1148
7558,+-++----++-+++--+---++-+--+++,7.999322,198,841,396
7559,++++----++-+++--+---++-+--+-+,10.123150,358,841,716
7560,+---+---++-+++--+---++-+++-++,15.132746,1094,841,2188
7561,++--+---++-+++--+---++-+++--+,16.155494,1414,841,2828
7562,+-+-+---++-+++--+---++-++++++,11.180340,494,841,988
7563,+++-+---++-+++--+---++-++++-+,12.529964,686,841,1372
7564,+--++---++-+++--+---++-++--++,15.132746,934,841,1868
7565,++-++---++-+++--+---++-++---+,15.132746,1126,841,2252
7566,+-+++---++-+++--+---++-++-+++,11.180340,302,841,604
7567,+++++---++-+++--+---++-++-+-+,11.180340,494,841,988
7568,+----+--++-+++--+---++---+-++,12.529964,510,841,1020
7569,++---+--++-+++--+---++---+--+,14.866069,862,841,1724
7570,+-+--+--++-+++--+---++---++++,9.219544,198,841,396
7571,+++--+--++-+++--+---++---++-+,12.206556,422,841,844
7572,+--+-+--++-+++--+---++-----++,11.180340,318,841,636
7573,++-+-+--++-+++--+---++------+,12.529964,542,841,1084
7574,+-++-+--++-+++--+---++----+++,8.399055,166,841,332
7575,++++-+--++-+++--+---++----+-+,9.219544,262,841,524
7576,+---++--++-+++--+---++--++-++,16.155494,1318,841,2636
7577,++--++--++-+++--+---++--++--+,18.027756,1958,841,3916
7578,+-+-++--++-+++--+---++--+++++,12.529964,526,841,1052
7579,+++-++--++-+++--+---++--+++-+,14.866069,910,841,1820
7580,+--+++--++-+++--+---++--+--++,15.132746,998,841,1996
7581,++-+++--++-+++--+---++--+---+,16.155494,1318,841,2636
7582,+-++++--++-+++--+---++--+-+++,11.180340,366,841,732
7583,++++++--++-+++--+---++--+-+-+,12.529964,558,841,1116
7584,+-----+-++-+++--+---++++-+-++,8.928586,230,841,460
7585,++----+-++-+++--+---++++-+--+,10.100752,422,841,844
7586,+-+---+-++-+++--+---++++-++++,8.823756,174,841,348
7587,+++---+-++-+++--+---++++-++-+,9.078421,238,841,476
7588,+--+--+-++-+++--+---++++---++,7.569180,134,841,268
7589,++-+--+-++-+++--+---++++----+,10.346322,390,841,780
7590,+-++--+-++-+++--+---++++--+++,8.937434,174,841,348
7591,++++--+-++-+++--+---++++--+-+,9.659922,302,841,604
7592,+---+-+-++-+++--+---++++++-++,11.180340,398,841,796
7593,++--+-+-++-+++--+---++++++--+,12.529964,558,841,1116
7594,+-+-+-+-++-+++--+---+++++++++,9.000000,310,841,620
7595,+++-+-+-++-+++--+---+++++++-+,9.309617,342,841,684
7596,+--++-+-++-+++--+---+++++--++,11.180340,238,841,476
7597,++-++-+-++-+++--+---+++++---+,11.180340,398,841,796
7598,+-+++-+-++-+++--+---+++++-+++,9.000000,118,841,236
7599,+++++-+-++-+++--+---+++++-+-+,9.442011,278,841,556
7600,+----++-++-+++--+---+++--+-++,9.219544,294,841,588
7601,++---++-++-+++--+---+++--+--+,12.206556,422,841,844
7602,+-+--++-++-+++--+---+++--++++,8.143031,174,841,348
7603,+++--++-++-+++--+---+++--++-+,10.440307,302,841,604
7604,+--+-++-++-+++--+---+++----++,9.379019,230,841,460
7605,++-+-++-++-+++--+---+++-----+,9.219544,230,841,460
7606,+-++-++-++-+++--+---+++---+++,7.370135,142,841,284
7607,++++-++-++-+++--+---+++---+-+,7.836438,142,841,284
7608,+---+++-++-+++--+---+++-++-++,12.529964,494,841,988
7609,++--+++-++-+++--+---+++-++--+,14.866069,782,841,1564
7610,+-+-+++-++-+++--+---+++-+++++,9.219544,278,841,556
7611,+++-+++-++-+++--+---+++-+++-+,12.206556,438,841,876
7612,+--++++-++-+++--+---+++-+--++,11.180340,366,841,732
7613,++-++++-++-+++--+---+++-+---+,12.529964,462,841,924
7614,+-+++++-++-+++--+---+++-+-+++,9.000000,182,841,364
7615,+++++++-++-+++--+---+++-+-+-+,9.219544,278,841,556
7616,+------+++-+++--+---+--+-+-++,11.180340,542,841,1084
7617,++-----+++-+++--+---+--+-+--+,11.180340,318,841,636
7618,+-+----+++-+++--+---+--+-++++,10.506328,358,841,716
7619,+++----+++-+++--+---+--+-++-+,8.318209,134,841,268
7620,+--+---+++-+++--+---+--+---++,12.529964,446,841,892
7621,++-+---+++-+++--+---+--+----+,11.180340,286,841,572
7622,+-++---+++-+++--+---+--+--+++,9.219544,230,841,460
7623,++++---+++-+++--+---+--+--+-+,7.280110,70,841,140
7624,+---+--+++-+++--+---+--+++-++,15.132746,1158,841,2316
7625,++--+--+++-+++--+---+--+++--+,15.132746,966,841,1932
7626,+-+-+--+++-+++--+---+--++++++,11.180340,558,841,1116
7627,+++-+--+++-+++--+---+--++++-+,11.180340,366,841,732
7628,+--++--+++-+++--+---+--++--++,16.155494,1254,841,2508
7629,++-++--+++-+++--+---+--++---+,15.132746,934,841,1868
7630,+-+++--+++-+++--+---+--++-+++,12.529964,494,841,988
7631,+++++--+++-+++--+---+--++-+-+,11.180340,302,841,604
7632,+----+-+++-+++--+---+----+-++,11.180340,510,841,1020
7633,++---+-+++-+++--+---+----+--+,12.529964,414,841,828
7634,+-+--+-+++-+++--+---+----++++,9.258072,262,841,524
7635,+++--+-+++-+++--+---+----++-+,9.219544,166,841,332
7636,+--+-+-+++-+++--+---+------++,11.180340,382,841,764
7637,++-+-+-+++-+++--+---+-------+,11.180340,542,841,1084
7638,+-++-+-+++-+++--+---+-----+++,8.430542,166,841,332
7639,++++-+-+++-+++--+---+-----+-+,10.410061,326,841,652
7640,+---++-+++-+++--+---+---++-++,15.132746,1094,841,2188
7641,++--++-+++-+++--+---+---++--+,16.155494,1222,841,2444
7642,+-+-++-+++-+++--+---+---+++++,11.180340,494,841,988
7643,+++-++-+++-+++--+---+---+++-+,12.529964,494,841,988
7644,+--+++-+++-+++--+---+---+--++,15.132746,1030,841,2060
7645,++-+++-+++-+++--+---+---+---+,15.132746,1222,841,2444
7646,+-++++-+++-+++--+---+---+-+++,11.180340,462,841,924
7647,++++++-+++-+++--+---+---+-+-+,11.180340,654,841,1308
7648,+-----++++-+++--+---+-++-+-++,9.695026,294,841,588
7649,++----++++-+++--+---+-++-+--+,8.357697,230,841,460
7650,+-+---++++-+++--+---+-++-++++,9.691898,302,841,604
7651,+++---++++-+++--+---+-++-++-+,7.327876,110,841,220
7652,+--+--++++-+++--+---+-++---++,9.219544,198,841,396
7653,++-+--++++-+++--+---+-++----+,8.442685,198,841,396
7654,+-++--++++-+++--+---+-++--+++,10.071847,302,841,604
7655,++++--++++-+++--+---+-++--+-+,8.747316,174,841,348
7656,+---+-++++-+++--+---+-++++-++,11.180340,494,841,988
7657,++--+-++++-+++--+---+-++++--+,11.180340,334,841,668
7658,+-+-+-++++-+++--+---+-+++++++,10.370394,470,841,940
7659,+++-+-++++-+++--+---+-+++++-+,9.000000,182,841,364
7660,+--++-++++-+++--+---+-+++--++,12.529964,398,841,796
7661,++-++-++++-+++--+---+-+++---+,11.180340,238,841,476
7662,+-+++-++++-+++--+---+-+++-+++,9.219544,342,841,684
7663,+++++-++++-+++--+---+-+++-+-+,9.000000,182,841,364
7664,+----+++++-+++--+---+-+--+-++,8.961263,262,841,524
7665,++---+++++-+++--+---+-+--+--+,9.219544,134,841,268
7666,+-+--+++++-+++--+---+-+--++++,9.127858,270,841,540
7667,+++--+++++-+++--+---+-+--++-+,7.968355,142,841,284
7668,+--+-+++++-+++--+---+-+----++,8.538233,198,841,396
7669,++-+-+++++-+++--+---+-+-----+,10.204597,326,841,652
7670,+-++-+++++-+++--+---+-+---+++,8.887065,238,841,476
7671,++++-+++++-+++--+---+-+---+-+,10.278877,366,841,732
7672,+---++++++-+++--+---+-+-++-++,11.180340,430,841,860
7673,++--++++++-+++--+---+-+-++--+,12.529964,398,841,796
7674,+-+-++++++-+++--+---+-+-+++++,10.852412,470,841,940
7675,+++-++++++-+++--+---+-+-+++-+,9.219544,310,841,620
7676,+--+++++++-+++--+---+-+-+--++,11.180340,366,841,732
7677,++-+++++++-+++--+---+-+-+---+,11.180340,526,841,1052
7678,+-++++++++-+++--+---+-+-+-+++,10.679830,438,841,876
7679,++++++++++-+++--+---+-+-+-+-+,10.602748,598,841,1196
7680,+---------++++--+-++-+-+-+-++,8.020268,158,841,316
7681,++--------++++--+-++-+-+-+--+,8.683071,254,841,508
7682,+-+-------++++--+-++-+-+-++++,9.086686,294,841,588
7683,+++-------++++--+-++-+-+-++-+,8.670199,262,841,524
7684,+--+------++++--+-++-+-+---++,8.860955,190,841,380
7685,++-+------++++--+-++-+-+----+,10.848262,478,841,956
7686,+-++------++++--+-++-+-+--+++,10.792855,422,841,844
7687,++++------++++--+-++-+-+--+-+,11.227747,582,841,1164
7688,+---+-----++++--+-++-+-+++-++,8.418770,198,841,396
7689,++--+-----++++--+-++-+-+++--+,9.572892,262,841,524
7690,+-+-+-----++++--+-++-+-++++++,8.702874,302,841,604
7691,+++-+-----++++--+-++-+-++++-+,9.219747,238,841,476
7692,+--++-----++++--+-++-+-++--++,9.219544,230,841,460
7693,++-++-----++++--+-++-+-++---+,9.436248,294,841,588
7694,+-+++-----++++--+-++-+-++-+++,9.974930,302,841,604
7695,+++++-----++++--+-++-+-++-+-+,9.476778,366,841,732
7696,+----+----++++--+-++-+---+-++,9.088193,254,841,508
7697,++---+----++++--+-++-+---+--+,7.950675,158,841,316
7698,+-+--+----++++--+-++-+---++++,10.038768,454,841,908
7699,+++--+----++++--+-++-+---++-+,8.978254,230,841,460
7700,+--+-+----++++--+-++-+-----++,10.344090,446,841,892
7701,++-+-+----++++--+-++-+------+,9.994625,350,841,700
7702,+-++-+----++++--+-++-+----+++,12.200146,806,841,1612
7703,++++-+----++++--+-++-+----+-+,11.412230,582,841,1164
7704,+---++----++++--+-++-+--++-++,10.138237,454,841,908
7705,++--++----++++--+-++-+--++--+,10.051491,390,841,780
7706,+-+-++----++++--+-++-+--+++++,11.144668,558,841,1116
7707,+++-++----++++--+-++-+--+++-+,8.350150,238,841,476
7708,+--+++----++++--+-++-+--+--++,10.464696,518,841,1036
7709,++-+++----++++--+-++-+--+---+,8.698109,262,841,524
7710,+-++++----++++--+-++-+--+-+++,12.227635,782,841,1564
7711,++++++----++++--+-++-+--+-+-+,10.171023,398,841,796
7712,+-----+---++++--+-++-+++-+-++,10.004483,294,841,588
7713,++----+---++++--+-++-+++-+--+,10.913056,486,841,972
7714,+-+---+---++++--+-++-+++-++++,8.681529,174,841,348
7715,+++---+---++++--+-++-+++-++-+,8.885657,238,841,476
7716,+--+--+---++++--+-++-+++---++,10.004577,326,841,652
7717,++-+--+---++++--+-++-+++----+,10.491550,582,841,1164
7718,+-++--+---++++--+-++-+++--+++,9.064527,302,841,604
7719,++++--+---++++--+-++-+++--+-+,9.954096,430,841,860
7720,+---+-+---++++--+-++-+++++-++,10.276830,366,841,732
7721,++--+-+---++++--+-++-+++++--+,11.427150,526,841,1052
7722,+-+-+-+---++++--+-++-++++++++,9.000000,214,841,428
7723,+++-+-+---++++--+-++-++++++-+,9.000000,246,841,492
7724,+--++-+---++++--+-++-++++--++,10.325805,334,841,668
7725,++-++-+---++++--+-++-++++---+,10.462677,494,841,988
7726,+-+++-+---++++--+-++-++++-+++,9.000000,150,841,300
7727,+++++-+---++++--+-++-++++-+-+,9.331193,310,841,620
7728,+----++---++++--+-++-++--+-++,10.203651,454,841,908
7729,++---++---++++--+-++-++--+--+,10.247880,390,841,780
7730,+-+--++---++++--+-++-++--++++,9.345205,334,841,668
7731,+++--++---++++--+-++-++--++-+,9.289531,270,841,540
7732,+--+-++---++++--+-++-++----++,10.405187,582,841,1164
7733,++-+-++---++++--+-++-++-----+,10.020679,390,841,780
7734,+-++-++---++++--+-++-++---+++,10.344080,494,841,988
7735,++++-++---++++--+-++-++---+-+,9.439471,302,841,604
7736,+---+++---++++--+-++-++-++-++,10.212428,558,841,1116
7737,++--+++---++++--+-++-++-++--+,11.269409,526,841,1052
7738,+-+-+++---++++--+-++-++-+++++,9.588690,342,841,684
7739,+++-+++---++++--+-++-++-+++-+,9.000000,182,841,364
7740,+--++++---++++--+-++-++-+--++,10.497545,622,841,1244
7741,++-++++---++++--+-++-++-+---+,10.303945,398,841,796
7742,+-+++++---++++--+-++-++-+-+++,10.447489,438,841,876
7743,+++++++---++++--+-++-++-+-+-+,9.000000,214,841,428
7744,+------+--++++--+-++---+-+-++,9.002187,222,841,444
7745,++-----+--++++--+-++---+-+--+,11.021821,446,841,892
7746,+-+----+--++++--+-++---+-++++,9.373096,230,841,460
7747,+++----+--++++--+-++---+-++-+,9.326756,326,841,652
7748,+--+---+--++++--+-++---+---++,10.440307,254,841,508
7749,++-+---+--++++--+-++---+----+,9.631629,286,841,572
7750,+-++---+--++++--+-++---+--+++,10.049876,358,841,716
7751,++++---+--++++--+-++---+--+-+,8.715676,262,841,524
7752,+---+--+--++++--+-++---+++-++,9.715528,358,841,716
7753,++--+--+--++++--+-++---+++--+,11.807069,614,841,1228
7754,+-+-+--+--++++--+-++---++++++,8.397165,206,841,412
7755,+++-+--+--++++--+-++---++++-+,9.644274,334,841,668
7756,+--++--+--++++--+-++---++--++,12.206556,454,841,908
7757,++-++--+--++++--+-++---++---+,9.697300,326,841,652
7758,+-+++--+--++++--+-++---++-+++,10.440307,270,841,540
7759,+++++--+--++++--+-++---++-+-+,7.823603,142,841,284
7760,+----+-+--++++--+-++-----+-++,9.087937,350,841,700
7761,++---+-+--++++--+-++-----+--+,10.538113,382,841,764
7762,+-+--+-+--++++--+-++-----++++,9.087875,358,841,716
7763,+++--+-+--++++--+-++-----++-+,9.056232,262,841,524
7764,+--+-+-+--++++--+-++-------++,8.066073,158,841,316
7765,++-+-+-+--++++--+-++--------+,8.349054,190,841,380
7766,+-++-+-+--++++--+-++------+++,9.951908,326,841,652
7767,++++-+-+--++++--+-++------+-+,9.100511,230,841,460
7768,+---++-+--++++--+-++----++-++,10.917687,582,841,1164
7769,++--++-+--++++--+-++----++--+,12.045585,710,841,1420
7770,+-+-++-+--++++--+-++----+++++,10.613129,494,841,988
7771,+++-++-+--++++--+-++----+++-+,9.948727,366,841,732
7772,+--+++-+--++++--+-++----+--++,9.219544,326,841,652
7773,++-+++-+--++++--+-++----+---+,9.580395,262,841,524
7774,+-++++-+--++++--+-++----+-+++,10.504575,398,841,796
7775,++++++-+--++++--+-++----+-+-+,8.198836,206,841,412
7776,+-----++--++++--+-++--++-+-++,10.974500,454,841,908
7777,++----++--++++--+-++--++-+--+,13.096978,966,841,1932
7778,+-+---++--++++--+-++--++-++++,9.541837,270,841,540
7779,+++---++--++++--+-++--++-++-+,11.034100,526,841,1052
7780,+--+--++--++++--+-++--++---++,10.692676,550,841,1100
7781,++-+--++--++++--+-++--++----+,12.330057,742,841,1484
7782,+-++--++--++++--+-++--++--+++,11.180340,590,841,1180
7783,++++--++--++++--+-++--++--+-+,11.208727,526,841,1052
7784,+---+-++--++++--+-++--++++-++,11.362728,558,841,1116
7785,++--+-++--++++--+-++--++++--+,13.521187,1102,841,2204
7786,+-+-+-++--++++--+-++--+++++++,9.000000,214,841,428
7787,+++-+-++--++++--+-++--+++++-+,10.973214,502,841,1004
7788,+--++-++--++++--+-++--+++--++,10.440307,526,841,1052
7789,++-++-++--++++--+-++--+++---+,12.009451,686,841,1372
7790,+-+++-++--++++--+-++--+++-+++,10.049876,278,841,556
7791,+++++-++--++++--+-++--+++-+-+,9.805625,310,841,620
7792,+----+++--++++--+-++--+--+-++,10.259719,518,841,1036
7793,++---+++--++++--+-++--+--+--+,12.134633,774,841,1548
7794,+-+--+++--++++--+-++--+--++++,8.881572,270,841,540
7795,+++--+++--++++--+-++--+--++-+,9.585002,398,841,796
7796,+--+-+++--++++--+-++--+----++,10.050944,326,841,652
7797,++-+-+++--++++--+-++--+-----+,11.094358,454,841,908
7798,+-++-+++--++++--+-++--+---+++,8.916137,238,841,476
7799,++++-+++--++++--+-++--+---+-+,9.332834,238,841,476
7800,+---++++--++++--+-++--+-++-++,11.301190,718,841,1436
7801,++--++++--++++--+-++--+-++--+,13.228971,1070,841,2140
7802,+-+-++++--++++--+-++--+-+++++,9.630770,374,841,748
7803,+++-++++--++++--+-++--+-+++-+,10.565612,470,841,940
7804,+--+++++--++++--+-++--+-+--++,10.282861,398,841,796
7805,++-+++++--++++--+-++--+-+---+,11.449084,558,841,1116
7806,+-++++++--++++--+-++--+-+-+++,9.000000,214,841,428
7807,++++++++--++++--+-++--+-+-+-+,9.000000,246,841,492
7808,+-------+-++++--+-++++-+-+-++,9.046645,262,841,524
7809,++------+-++++--+-++++-+-+--+,10.964555,454,841,908
7810,+-+-----+-++++--+-++++-+-++++,9.980211,334,841,668
7811,+++-----+-++++--+-++++-+-++-+,10.575101,398,841,796
7812,+--+----+-++++--+-++++-+---++,10.479780,454,841,908
7813,++-+----+-++++--+-++++-+----+,12.627672,838,841,1676
7814,+-++----+-++++--+-++++-+--+++,11.863606,622,841,1244
7815,++++----+-++++--+-++++-+--+-+,12.798360,878,841,1756
7816,+---+---+-++++--+-++++-+++-++,11.180340,270,841,540
7817,++--+---+-++++--+-++++-+++--+,11.180340,302,841,604
7818,+-+-+---+-++++--+-++++-++++++,9.000000,310,841,620
7819,+++-+---+-++++--+-++++-++++-+,9.000000,214,841,428
7820,+--++---+-++++--+-++++-++--++,12.529964,462,841,924
7821,++-++---+-++++--+-++++-++---+,11.180340,494,841,988
7822,+-+++---+-++++--+-++++-++-+++,10.341913,470,841,940
7823,+++++---+-++++--+-++++-++-+-+,10.562554,502,841,1004
7824,+----+--+-++++--+-++++---+-++,9.009124,294,841,588
7825,++---+--+-++++--+-++++---+--+,9.681772,294,841,588
7826,+-+--+--+-++++--+-++++---++++,10.266428,494,841,988
7827,+++--+--+-++++--+-++++---++-+,10.445385,366,841,732
7828,+--+-+--+-++++--+-++++-----++,10.442340,582,841,1164
7829,++-+-+--+-++++--+-++++------+,11.542933,582,841,1164
7830,+-++-+--+-++++--+-++++----+++,12.602919,942,841,1884
7831,++++-+--+-++++--+-++++----+-+,12.629894,814,841,1628
7832,+---++--+-++++--+-++++--++-++,11.180340,398,841,796
7833,++--++--+-++++--+-++++--++--+,12.529964,430,841,860
7834,+-+-++--+-++++--+-++++--+++++,10.369694,502,841,1004
7835,+++-++--+-++++--+-++++--+++-+,9.219544,278,841,556
7836,+--+++--+-++++--+-++++--+--++,11.180340,558,841,1116
7837,++-+++--+-++++--+-++++--+---+,11.180340,398,841,796
7838,+-++++--+-++++--+-++++--+-+++,12.125238,822,841,1644
7839,++++++--+-++++--+-++++--+-+-+,10.842537,534,841,1068
7840,+-----+-+-++++--+-++++++-+-++,8.649566,238,841,476
7841,++----+-+-++++--+-++++++-+--+,10.683173,398,841,796
7842,+-+---+-+-++++--+-++++++-++++,9.018791,246,841,492
7843,+++---+-+-++++--+-++++++-++-+,9.140564,278,841,556
7844,+--+--+-+-++++--+-++++++---++,9.047047,238,841,476
7845,++-+--+-+-++++--+-++++++----+,11.745345,590,841,1180
7846,+-++--+-+-++++--+-++++++--+++,9.461509,342,841,684
7847,++++--+-+-++++--+-++++++--+-+,11.299327,566,841,1132
7848,+---+-+-+-++++--+-++++++++-++,9.395231,278,841,556
7849,++--+-+-+-++++--+-++++++++--+,9.000000,278,841,556
7850,+-+-+-+-+-++++--+-+++++++++++,13.000000,638,841,1276
7851,+++-+-+-+-++++--+-+++++++++-+,13.000000,510,841,1020
7852,+--++-+-+-++++--+-+++++++--++,9.219544,214,841,428
7853,++-++-+-+-++++--+-+++++++---+,9.787057,342,841,684
7854,+-+++-+-+-++++--+-+++++++-+++,13.000000,542,841,1084
7855,+++++-+-+-++++--+-+++++++-+-+,13.000000,670,841,1340
7856,+----++-+-++++--+-+++++--+-++,9.724688,270,841,540
7857,++---++-+-++++--+-+++++--+--+,8.723707,174,841,348
7858,+-+--++-+-++++--+-+++++--++++,9.188262,342,841,684
7859,+++--++-+-++++--+-+++++--++-+,9.000000,246,841,492
7860,+--+-++-+-++++--+-+++++----++,10.205317,430,841,860
7861,++-+-++-+-++++--+-+++++-----+,10.099465,334,841,668
7862,+-++-++-+-++++--+-+++++---+++,10.406039,534,841,1068
7863,++++-++-+-++++--+-+++++---+-+,10.542391,438,841,876
7864,+---+++-+-++++--+-+++++-++-++,9.018901,278,841,556
7865,++--+++-+-++++--+-+++++-++--+,9.219544,214,841,428
7866,+-+-+++-+-++++--+-+++++-+++++,13.000000,638,841,1276
7867,+++-+++-+-++++--+-+++++-+++-+,13.000000,446,841,892
7868,+--++++-+-++++--+-+++++-+--++,10.047073,374,841,748
7869,++-++++-+-++++--+-+++++-+---+,9.000000,246,841,492
7870,+-+++++-+-++++--+-+++++-+-+++,13.000000,766,841,1532
7871,+++++++-+-++++--+-+++++-+-+-+,13.000000,638,841,1276
7872,+------++-++++--+-+++--+-+-++,9.219544,198,841,396
7873,++-----++-++++--+-+++--+-+--+,9.247054,326,841,652
7874,+-+----++-++++--+-+++--+-++++,9.528218,206,841,412
7875,+++----++-++++--+-+++--+-++-+,9.493731,334,841,668
7876,+--+---++-++++--+-+++--+---++,12.206556,454,841,908
7877,++-+---++-++++--+-+++--+----+,10.108924,390,841,780
7878,+-++---++-++++--+-+++--+--+++,10.440307,430,841,860
7879,++++---++-++++--+-+++--+--+-+,10.475440,366,841,732
7880,+---+--++-++++--+-+++--+++-++,12.529964,366,841,732
7881,++--+--++-++++--+-+++--+++--+,11.180340,398,841,796
7882,+-+-+--++-++++--+-+++--++++++,9.219544,214,841,428
7883,+++-+--++-++++--+-+++--++++-+,9.000000,246,841,492
7884,+--++--++-++++--+-+++--++--++,14.866069,814,841,1628
7885,++-++--++-++++--+-+++--++---+,12.529964,462,841,924
7886,+-+++--++-++++--+-+++--++-+++,12.206556,502,841,1004
7887,+++++--++-++++--+-+++--++-+-+,9.219544,278,841,556
7888,+----+-++-++++--+-+++----+-++,9.035600,326,841,652
7889,++---+-++-++++--+-+++----+--+,9.036582,262,841,524
7890,+-+--+-++-++++--+-+++----++++,9.520349,398,841,796
7891,+++--+-++-++++--+-+++----++-+,9.500951,334,841,668
7892,+--+-+-++-++++--+-+++------++,9.219544,294,841,588
7893,++-+-+-++-++++--+-+++-------+,9.284422,230,841,460
7894,+-++-+-++-++++--+-+++-----+++,10.396317,398,841,796
7895,++++-+-++-++++--+-+++-----+-+,10.475673,334,841,668
7896,+---++-++-++++--+-+++---++-++,11.180340,398,841,796
7897,++--++-++-++++--+-+++---++--+,11.180340,430,841,860
7898,+-+-++-++-++++--+-+++---+++++,9.442689,374,841,748
7899,+++-++-++-++++--+-+++---+++-+,9.000000,278,841,556
7900,+--+++-++-++++--+-+++---+--++,12.529964,430,841,860
7901,++-+++-++-++++--+-+++---+---+,11.180340,270,841,540
7902,+-++++-++-++++--+-+++---+-+++,10.035314,438,841,876
7903,++++++-++-++++--+-+++---+-+-+,9.000000,278,841,556
7904,+-----+++-++++--+-+++-++-+-++,7.809571,142,841,284
7905,++----+++-++++--+-+++-++-+--+,10.544912,430,841,860
7906,+-+---+++-++++--+-+++-++-++++,9.000000,150,841,300
7907,+++---+++-++++--+-+++-++-++-+,9.091020,310,841,620
7908,+--+--+++-++++--+-+++-++---++,10.440307,270,841,540
7909,++-+--+++-++++--+-+++-++----+,9.749527,366,841,732
7910,+-++--+++-++++--+-+++-++--+++,10.049876,374,841,748
7911,++++--+++-++++--+-+++-++--+-+,9.167161,342,841,684
7912,+---+-+++-++++--+-+++-++++-++,9.219544,278,841,556
7913,++--+-+++-++++--+-+++-++++--+,10.855355,470,841,940
7914,+-+-+-+++-++++--+-+++-+++++++,13.000000,510,841,1020
7915,+++-+-+++-++++--+-+++-+++++-+,13.000000,574,841,1148
7916,+--++-+++-++++--+-+++-+++--++,12.206556,406,841,812
7917,++-++-+++-++++--+-+++-+++---+,9.219544,342,841,684
7918,+-+++-+++-++++--+-+++-+++-+++,13.000000,606,841,1212
7919,+++++-+++-++++--+-+++-+++-+-+,13.000000,542,841,1084
7920,+----++++-++++--+-+++-+--+-++,9.444385,270,841,540
7921,++---++++-++++--+-+++-+--+--+,9.562954,302,841,604
7922,+-+--++++-++++--+-+++-+--++++,9.406740,278,841,556
7923,+++--++++-++++--+-+++-+--++-+,9.115420,310,841,620
7924,+--+-++++-++++--+-+++-+----++,8.609051,174,841,348
7925,++-+-++++-++++--+-+++-+-----+,8.305148,206,841,412
7926,+-++-++++-++++--+-+++-+---+++,9.000000,214,841,428
7927,++++-++++-++++--+-+++-+---+-+,9.000000,246,841,492
7928,+---+++++-++++--+-+++-+-++-++,9.000000,310,841,620
7929,++--+++++-++++--+-+++-+-++--+,10.556534,438,841,876
7930,+-+-+++++-++++--+-+++-+-+++++,13.000000,606,841,1212
7931,+++-+++++-++++--+-+++-+-+++-+,13.000000,606,841,1212
7932,+--++++++-++++--+-+++-+-+--++,9.219544,214,841,428
7933,++-++++++-++++--+-+++-+-+---+,9.197398,278,841,556
7934,+-+++++++-++++--+-+++-+-+-+++,13.000000,542,841,1084
7935,+++++++++-++++--+-+++-+-+-+-+,13.000000,606,841,1212
7936,+--------+++++--+-+--+-+-+-++,10.580416,382,841,764
7937,++-------+++++--+-+--+-+-+--+,9.249101,350,841,700
7938,+-+------+++++--+-+--+-+-++++,11.369320,518,841,1036
7939,+++------+++++--+-+--+-+-++-+,10.290088,486,841,972
7940,+--+-----+++++--+-+--+-+---++,8.117300,222,841,444
7941,++-+-----+++++--+-+--+-+----+,10.618885,382,841,764
7942,+-++-----+++++--+-+--+-+--+++,9.575037,326,841,652
7943,++++-----+++++--+-+--+-+--+-+,10.454995,486,841,972
7944,+---+----+++++--+-+--+-+++-++,9.597669,294,841,588
7945,++--+----+++++--+-+--+-+++--+,9.222708,358,841,716
7946,+-+-+----+++++--+-+--+-++++++,10.796509,398,841,796
7947,+++-+----+++++--+-+--+-++++-+,10.882581,462,841,924
7948,+--++----+++++--+-+--+-++--++,9.649125,262,841,524
7949,++-++----+++++--+-+--+-++---+,9.359355,326,841,652
7950,+-+++----+++++--+-+--+-++-+++,8.285502,206,841,412
7951,+++++----+++++--+-+--+-++-+-+,9.564045,398,841,796
7952,+----+---+++++--+-+--+---+-++,9.603649,254,841,508
7953,++---+---+++++--+-+--+---+--+,10.440307,222,841,444
7954,+-+--+---+++++--+-+--+---++++,9.560551,326,841,652
7955,+++--+---+++++--+-+--+---++-+,10.049876,294,841,588
7956,+--+-+---+++++--+-+--+-----++,8.756000,254,841,508
7957,++-+-+---+++++--+-+--+------+,9.213790,222,841,444
7958,+-++-+---+++++--+-+--+----+++,10.402725,358,841,716
7959,++++-+---+++++--+-+--+----+-+,10.252792,326,841,652
7960,+---++---+++++--+-+--+--++-++,9.219544,262,841,524
7961,++--++---+++++--+-+--+--++--+,12.206556,390,841,780
7962,+-+-++---+++++--+-+--+--+++++,8.654529,238,841,476
7963,+++-++---+++++--+-+--+--+++-+,10.440307,238,841,476
7964,+--+++---+++++--+-+--+--+--++,9.562285,262,841,524
7965,++-+++---+++++--+-+--+--+---+,9.219544,198,841,396
7966,+-++++---+++++--+-+--+--+-+++,9.954653,270,841,540
7967,++++++---+++++--+-+--+--+-+-+,8.537441,206,841,412
7968,+-----+--+++++--+-+--+++-+-++,10.193309,422,841,844
7969,++----+--+++++--+-+--+++-+--+,10.129017,486,841,972
7970,+-+---+--+++++--+-+--+++-++++,9.454470,302,841,604
7971,+++---+--+++++--+-+--+++-++-+,9.219578,366,841,732
7972,+--+--+--+++++--+-+--+++---++,10.577496,390,841,780
7973,++-+--+--+++++--+-+--+++----+,10.152470,518,841,1036
7974,+-++--+--+++++--+-+--+++--+++,8.786777,238,841,476
7975,++++--+--+++++--+-+--+++--+-+,9.638927,366,841,732
7976,+---+-+--+++++--+-+--+++++-++,10.385429,430,841,860
7977,++--+-+--+++++--+-+--+++++--+,10.376833,462,841,924
7978,+-+-+-+--+++++--+-+--++++++++,9.168596,278,841,556
7979,+++-+-+--+++++--+-+--++++++-+,9.877882,310,841,620
7980,+--++-+--+++++--+-+--++++--++,11.336973,462,841,924
7981,++-++-+--+++++--+-+--++++---+,10.247837,494,841,988
7982,+-+++-+--+++++--+-+--++++-+++,9.000000,150,841,300
7983,+++++-+--+++++--+-+--++++-+-+,9.553876,310,841,620
7984,+----++--+++++--+-+--++--+-++,10.977865,422,841,844
7985,++---++--+++++--+-+--++--+--+,10.049876,422,841,844
7986,+-+--++--+++++--+-+--++--++++,9.952363,302,841,604
7987,+++--++--+++++--+-+--++--++-+,11.180340,430,841,860
7988,+--+-++--+++++--+-+--++----++,11.422232,486,841,972
7989,++-+-++--+++++--+-+--++-----+,10.147755,358,841,716
7990,+-++-++--+++++--+-+--++---+++,9.465768,270,841,540
7991,++++-++--+++++--+-+--++---+-+,8.870563,270,841,540
7992,+---+++--+++++--+-+--++-++-++,10.654208,398,841,796
7993,++--+++--+++++--+-+--++-++--+,10.440307,430,841,860
7994,+-+-+++--+++++--+-+--++-+++++,9.000000,182,841,364
7995,+++-+++--+++++--+-+--++-+++-+,10.049876,214,841,428
7996,+--++++--+++++--+-+--++-+--++,11.669430,526,841,1052
7997,++-++++--+++++--+-+--++-+---+,10.344748,366,841,732
7998,+-+++++--+++++--+-+--++-+-+++,9.000000,214,841,428
7999,+++++++--+++++--+-+--++-+-+-+,9.000000,182,841,364
8000,+------+-+++++--+-+----+-+-++,11.806371,606,841,1212
8001,++-----+-+++++--+-+----+-+--+,8.956375,318,841,636
8002,+-+----+-+++++--+-+----+-++++,11.923754,678,841,1356
8003,+++----+-+++++--+-+----+-++-+,9.988182,390,841,780
8004,+--+---+-+++++--+-+----+---++,9.449574,254,841,508
8005,++-+---+-+++++--+-+----+----+,7.944125,158,841,316
8006,+-++---+-+++++--+-+----+--+++,9.059012,294,841,588
8007,++++---+-+++++--+-+----+--+-+,8.105137,198,841,396
8008,+---+--+-+++++--+-+----+++-++,10.433182,422,841,844
8009,++--+--+-+++++--+-+----+++--+,9.563721,294,841,588
8010,+-+-+--+-+++++--+-+----++++++,10.860136,462,841,924
8011,+++-+--+-+++++--+-+----++++-+,9.858308,334,841,668
8012,+--++--+-+++++--+-+----++--++,9.219544,262,841,524
8013,++-++--+-+++++--+-+----++---+,8.185419,134,841,268
8014,+-+++--+-+++++--+-+----++-+++,7.912795,142,841,284
8015,+++++--+-+++++--+-+----++-+-+,7.897288,142,841,284
8016,+----+-+-+++++--+-+------+-++,11.334832,510,841,1020
8017,++---+-+-+++++--+-+------+--+,8.596853,222,841,444
8018,+-+--+-+-+++++--+-+------++++,10.560798,454,841,908
8019,+++--+-+-+++++--+-+------++-+,8.295718,166,841,332
8020,+--+-+-+-+++++--+-+--------++,9.902584,318,841,636
8021,++-+-+-+-+++++--+-+---------+,10.212219,414,841,828
8022,+-++-+-+-+++++--+-+-------+++,8.529750,294,841,588
8023,++++-+-+-+++++--+-+-------+-+,10.252398,390,841,780
8024,+---++-+-+++++--+-+-----++-++,9.496894,358,841,716
8025,++--++-+-+++++--+-+-----++--+,9.655527,294,841,588
8026,+-+-++-+-+++++--+-+-----+++++,9.055053,334,841,668
8027,+++-++-+-+++++--+-+-----+++-+,7.555687,142,841,284
8028,+--+++-+-+++++--+-+-----+--++,8.342319,230,841,460
8029,++-+++-+-+++++--+-+-----+---+,10.193212,358,841,716
8030,+-++++-+-+++++--+-+-----+-+++,8.770914,238,841,476
8031,++++++-+-+++++--+-+-----+-+-+,10.331701,366,841,732
8032,+-----++-+++++--+-+---++-+-++,10.186600,550,841,1100
8033,++----++-+++++--+-+---++-+--+,11.501487,550,841,1100
8034,+-+---++-+++++--+-+---++-++++,10.109778,430,841,860
8035,+++---++-+++++--+-+---++-++-+,9.675487,302,841,604
8036,+--+--++-+++++--+-+---++---++,10.059652,390,841,780
8037,++-+--++-+++++--+-+---++----+,11.098066,454,841,908
8038,+-++--++-+++++--+-+---++--+++,10.214505,366,841,732
8039,++++--++-+++++--+-+---++--+-+,10.297622,302,841,604
8040,+---+-++-+++++--+-+---++++-++,10.348352,526,841,1052
8041,++--+-++-+++++--+-+---++++--+,11.686082,558,841,1116
8042,+-+-+-++-+++++--+-+---+++++++,9.691603,374,841,748
8043,+++-+-++-+++++--+-+---+++++-+,9.000000,278,841,556
8044,+--++-++-+++++--+-+---+++--++,10.264453,366,841,732
8045,++-++-++-+++++--+-+---+++---+,10.674082,398,841,796
8046,+-+++-++-+++++--+-+---+++-+++,9.000000,182,841,364
8047,+++++-++-+++++--+-+---+++-+-+,9.000000,214,841,428
8048,+----+++-+++++--+-+---+--+-++,10.000966,454,841,908
8049,++---+++-+++++--+-+---+--+--+,10.619580,390,841,780
8050,+-+--+++-+++++--+-+---+--++++,9.010919,270,841,540
8051,+++--+++-+++++--+-+---+--++-+,8.675861,206,841,412
8052,+--+-+++-+++++--+-+---+----++,10.099451,390,841,780
8053,++-+-+++-+++++--+-+---+-----+,10.302728,582,841,1164
8054,+-++-+++-+++++--+-+---+---+++,8.703664,238,841,476
8055,++++-+++-+++++--+-+---+---+-+,10.193811,430,841,860
8056,+---++++-+++++--+-+---+-++-++,10.249204,462,841,924
8057,++--++++-+++++--+-+---+-++--+,11.339677,494,841,988
8058,+-+-++++-+++++--+-+---+-+++++,9.583964,310,841,620
8059,+++-++++-+++++--+-+---+-+++-+,9.000000,214,841,428
8060,+--+++++-+++++--+-+---+-+--++,10.372819,398,841,796
8061,++-+++++-+++++--+-+---+-+---+,10.390061,622,841,1244
8062,+-++++++-+++++--+-+---+-+-+++,9.506448,278,841,556
8063,++++++++-+++++--+-+---+-+-+-+,10.236764,502,841,1004
8064,+-------++++++--+-+-++-+-+-++,9.098858,390,841,780
8065,++------++++++--+-+-++-+-+--+,11.260843,646,841,1292
8066,+-+-----++++++--+-+-++-+-++++,9.624100,398,841,796
8067,+++-----++++++--+-+-++-+-++-+,10.161266,526,841,1052
8068,+--+----++++++--+-+-++-+---++,10.167433,326,841,652
8069,++-+----++++++--+-+-++-+----+,12.531455,774,841,1548
8070,+-++----++++++--+-+-++-+--+++,11.005358,430,841,860
8071,++++----++++++--+-+-++-+--+-+,12.212219,750,841,1500
8072,+---+---++++++--+-+-++-+++-++,11.180340,334,841,668
8073,++--+---++++++--+-+-++-+++--+,12.529964,558,841,1116
8074,+-+-+---++++++--+-+-++-++++++,9.143190,310,841,620
8075,+++-+---++++++--+-+-++-++++-+,9.222198,406,841,812
8076,+--++---++++++--+-+-++-++--++,11.180340,270,841,540
8077,++-++---++++++--+-+-++-++---+,11.180340,494,841,988
8078,+-+++---++++++--+-+-++-++-+++,9.000000,214,841,428
8079,+++++---++++++--+-+-++-++-+-+,9.879882,438,841,876
8080,+----+--++++++--+-+-++---+-++,9.219544,262,841,524
8081,++---+--++++++--+-+-++---+--+,12.206556,518,841,1036
8082,+-+--+--++++++--+-+-++---++++,9.678284,270,841,540
8083,+++--+--++++++--+-+-++---++-+,10.440307,398,841,796
8084,+--+-+--++++++--+-+-++-----++,9.465293,294,841,588
8085,++-+-+--++++++--+-+-++------+,11.136269,550,841,1100
8086,+-++-+--++++++--+-+-++----+++,11.285389,462,841,924
8087,++++-+--++++++--+-+-++----+-+,11.771421,590,841,1180
8088,+---++--++++++--+-+-++--++-++,12.529964,366,841,732
8089,++--++--++++++--+-+-++--++--+,14.866069,782,841,1564
8090,+-+-++--++++++--+-+-++--+++++,9.219544,278,841,556
8091,+++-++--++++++--+-+-++--+++-+,12.206556,438,841,876
8092,+--+++--++++++--+-+-++--+--++,11.180340,270,841,540
8093,++-+++--++++++--+-+-++--+---+,12.529964,494,841,988
8094,+-++++--++++++--+-+-++--+-+++,10.090871,342,841,684
8095,++++++--++++++--+-+-++--+-+-+,9.532541,438,841,876
8096,+-----+-++++++--+-+-++++-+-++,9.271093,334,841,668
8097,++----+-++++++--+-+-++++-+--+,11.444090,558,841,1116
8098,+-+---+-++++++--+-+-++++-++++,9.000000,278,841,556
8099,+++---+-++++++--+-+-++++-++-+,9.630179,374,841,748
8100,+--+--+-++++++--+-+-++++---++,9.207649,206,841,412
8101,++-+--+-++++++--+-+-++++----+,11.965630,622,841,1244
8102,+-++--+-++++++--+-+-++++--+++,9.000000,246,841,492
8103,++++--+-++++++--+-+-++++--+-+,11.027328,534,841,1068
8104,+---+-+-++++++--+-+-++++++-++,9.439994,374,841,748
8105,++--+-+-++++++--+-+-++++++--+,9.925335,438,841,876
8106,+-+-+-+-++++++--+-+-+++++++++,13.000000,670,841,1340
8107,+++-+-+-++++++--+-+-+++++++-+,13.000000,606,841,1212
8108,+--++-+-++++++--+-+-+++++--++,9.000000,182,841,364
8109,++-++-+-++++++--+-+-+++++---+,9.986363,374,841,748
8110,+-+++-+-++++++--+-+-+++++-+++,13.000000,446,841,892
8111,+++++-+-++++++--+-+-+++++-+-+,13.000000,638,841,1276
8112,+----++-++++++--+-+-+++--+-++,8.029766,142,841,284
8113,++---++-++++++--+-+-+++--+--+,10.440307,302,841,604
8114,+-+--++-++++++--+-+-+++--++++,9.000000,150,841,300
8115,+++--++-++++++--+-+-+++--++-+,10.049876,310,841,620
8116,+--+-++-++++++--+-+-+++----++,8.385048,174,841,348
8117,++-+-++-++++++--+-+-+++-----+,9.988523,334,841,668
8118,+-++-++-++++++--+-+-+++---+++,9.000000,214,841,428
8119,++++-++-++++++--+-+-+++---+-+,9.780697,374,841,748
8120,+---+++-++++++--+-+-+++-++-++,9.219544,214,841,428
8121,++--+++-++++++--+-+-+++-++--+,12.206556,406,841,812
8122,+-+-+++-++++++--+-+-+++-+++++,13.000000,510,841,1020
8123,+++-+++-++++++--+-+-+++-+++-+,13.000000,574,841,1148
8124,+--++++-++++++--+-+-+++-+--++,9.000000,182,841,364
8125,++-++++-++++++--+-+-+++-+---+,9.219544,310,841,620
8126,+-+++++-++++++--+-+-+++-+-+++,13.000000,510,841,1020
8127,+++++++-++++++--+-+-+++-+-+-+,13.000000,638,841,1276
8128,+------+++++++--+-+-+--+-+-++,10.508115,486,841,972
8129,++-----+++++++--+-+-+--+-+--+,9.112822,294,841,588
8130,+-+----+++++++--+-+-+--+-++++,10.438573,494,841,988
8131,+++----+++++++--+-+-+--+-++-+,9.612875,302,841,604
8132,+--+---+++++++--+-+-+--+---++,9.219544,294,841,588
8133,++-+---+++++++--+-+-+--+----+,10.064126,294,841,588
8134,+-++---+++++++--+-+-+--+--+++,9.634320,270,841,540
8135,++++---+++++++--+-+-+--+--+-+,10.014300,270,841,540
8136,+---+--+++++++--+-+-+--+++-++,11.180340,398,841,796
8137,++--+--+++++++--+-+-+--+++--+,11.180340,238,841,476
8138,+-+-+--+++++++--+-+-+--++++++,9.774398,374,841,748
8139,+++-+--+++++++--+-+-+--++++-+,9.000000,214,841,428
8140,+--++--+++++++--+-+-+--++--++,12.529964,398,841,796
8141,++-++--+++++++--+-+-+--++---+,11.180340,238,841,476
8142,+-+++--+++++++--+-+-+--++-+++,9.219544,214,841,428
8143,+++++--+++++++--+-+-+--++-+-+,9.000000,182,841,364
8144,+----+-+++++++--+-+-+----+-++,10.306712,454,841,908
8145,++---+-+++++++--+-+-+----+--+,9.219544,262,841,524
8146,+-+--+-+++++++--+-+-+----++++,9.751566,398,841,796
8147,+++--+-+++++++--+-+-+----++-+,9.547978,206,841,412
8148,+--+-+-+++++++--+-+-+------++,9.536511,358,841,716
8149,++-+-+-+++++++--+-+-+-------+,10.570013,550,841,1100
8150,+-++-+-+++++++--+-+-+-----+++,9.712261,334,841,668
8151,++++-+-+++++++--+-+-+-----+-+,10.248093,526,841,1052
8152,+---++-+++++++--+-+-+---++-++,11.180340,334,841,668
8153,++--++-+++++++--+-+-+---++--+,12.529964,366,841,732
8154,+-+-++-+++++++--+-+-+---+++++,9.022340,310,841,620
8155,+++-++-+++++++--+-+-+---+++-+,9.219544,214,841,428
8156,+--+++-+++++++--+-+-+---+--++,11.180340,302,841,604
8157,++-+++-+++++++--+-+-+---+---+,11.180340,526,841,1052
8158,+-++++-+++++++--+-+-+---+-+++,9.000000,310,841,620
8159,++++++-+++++++--+-+-+---+-+-+,10.230739,534,841,1068
8160,+-----++++++++--+-+-+-++-+-++,9.697766,334,841,668
8161,++----++++++++--+-+-+-++-+--+,9.412396,302,841,604
8162,+-+---++++++++--+-+-+-++-++++,9.692488,342,841,684
8163,+++---++++++++--+-+-+-++-++-+,9.000000,182,841,364
8164,+--+--++++++++--+-+-+-++---++,7.764120,142,841,284
8165,++-+--++++++++--+-+-+-++----+,9.518805,302,841,604
8166,+-++--++++++++--+-+-+-++--+++,9.133861,246,841,492
8167,++++--++++++++--+-+-+-++--+-+,9.000000,278,841,556
8168,+---+-++++++++--+-+-+-++++-++,10.160793,406,841,812
8169,++--+-++++++++--+-+-+-++++--+,9.000000,278,841,556
8170,+-+-+-++++++++--+-+-+-+++++++,13.000000,766,841,1532
8171,+++-+-++++++++--+-+-+-+++++-+,13.000000,510,841,1020
8172,+--++-++++++++--+-+-+-+++--++,9.219544,214,841,428
8173,++-++-++++++++--+-+-+-+++---+,9.000000,214,841,428
8174,+-+++-++++++++--+-+-+-+++-+++,13.000000,542,841,1084
8175,+++++-++++++++--+-+-+-+++-+-+,13.000000,542,841,1084
8176,+----+++++++++--+-+-+-+--+-++,9.062770,238,841,476
8177,++---+++++++++--+-+-+-+--+--+,7.715465,142,841,284
8178,+-+--+++++++++--+-+-+-+--++++,9.000000,246,841,492
8179,+++--+++++++++--+-+-+-+--++-+,9.000000,150,841,300
8180,+--+-+++++++++--+-+-+-+----++,8.744970,206,841,412
8181,++-+-+++++++++--+-+-+-+-----+,10.833690,494,841,988
8182,+-++-+++++++++--+-+-+-+---+++,9.000000,246,841,492
8183,++++-+++++++++--+-+-+-+---+-+,10.492598,534,841,1068
8184,+---++++++++++--+-+-+-+-++-++,9.278937,278,841,556
8185,++--++++++++++--+-+-+-+-++--+,9.219544,278,841,556
8186,+-+-++++++++++--+-+-+-+-+++++,13.000000,702,841,1404
8187,+++-++++++++++--+-+-+-+-+++-+,13.000000,574,841,1148
8188,+--+++++++++++--+-+-+-+-+--++,9.000000,246,841,492
8189,++-+++++++++++--+-+-+-+-+---+,10.913256,566,841,1132
8190,+-++++++++++++--+-+-+-+-+-+++,13.000000,702,841,1404
8191,++++++++++++++--+-+-+-+-+-+-+,13.000000,1022,841,2044
8192,+-------------++-+-+-+-+-+-++,11.422630,630,841,1260
8193,++------------++-+-+-+-+-+--+,9.000000,374,841,748
8194,+-+-----------++-+-+-+-+-++++,11.855801,622,841,1244
8195,+++-----------++-+-+-+-+-++-+,9.433475,302,841,604
8196,+--+----------++-+-+-+-+---++,9.000000,246,841,492
8197,++-+----------++-+-+-+-+----+,10.405062,438,841,876
8198,+-++----------++-+-+-+-+--+++,8.748156,270,841,540
8199,++++----------++-+-+-+-+--+-+,10.036868,398,841,796
8200,+---+---------++-+-+-+-+++-++,11.262673,526,841,1052
8201,++--+---------++-+-+-+-+++--+,9.121214,302,841,604
8202,+-+-+---------++-+-+-+-++++++,12.190718,742,841,1484
8203,+++-+---------++-+-+-+-++++-+,10.771894,454,841,908
8204,+--++---------++-+-+-+-++--++,9.011452,206,841,412
8205,++-++---------++-+-+-+-++---+,9.052184,238,841,476
8206,+-+++---------++-+-+-+-++-+++,9.690556,326,841,652
8207,+++++---------++-+-+-+-++-+-+,9.528328,422,841,844
8208,+----+--------++-+-+-+---+-++,9.091734,214,841,428
8209,++---+--------++-+-+-+---+--+,9.000000,278,841,556
8210,+-+--+--------++-+-+-+---++++,8.704830,206,841,412
8211,+++--+--------++-+-+-+---++-+,8.963144,206,841,412
8212,+--+-+--------++-+-+-+-----++,9.000000,246,841,492
8213,++-+-+--------++-+-+-+------+,11.309168,566,841,1132
8214,+-++-+--------++-+-+-+----+++,10.414044,334,841,668
8215,++++-+--------++-+-+-+----+-+,11.767335,590,841,1180
8216,+---++--------++-+-+-+--++-++,8.851633,206,841,412
8217,++--++--------++-+-+-+--++--+,10.765860,366,841,732
8218,+-+-++--------++-+-+-+--+++++,9.441334,358,841,716
8219,+++-++--------++-+-+-+--+++-+,8.796573,326,841,652
8220,+--+++--------++-+-+-+--+--++,8.430203,174,841,348
8221,++-+++--------++-+-+-+--+---+,10.228823,398,841,796
8222,+-++++--------++-+-+-+--+-+++,10.821675,422,841,844
8223,++++++--------++-+-+-+--+-+-+,10.973788,582,841,1164
8224,+-----+-------++-+-+-+++-+-++,10.781671,462,841,924
8225,++----+-------++-+-+-+++-+--+,9.438352,302,841,604
8226,+-+---+-------++-+-+-+++-++++,11.450102,518,841,1036
8227,+++---+-------++-+-+-+++-++-+,9.799250,294,841,588
8228,+--+--+-------++-+-+-+++---++,8.379182,142,841,284
8229,++-+--+-------++-+-+-+++----+,9.366943,302,841,604
8230,+-++--+-------++-+-+-+++--+++,9.219544,230,841,460
8231,++++--+-------++-+-+-+++--+-+,9.055497,326,841,652
8232,+---+-+-------++-+-+-+++++-++,10.908086,454,841,908
8233,++--+-+-------++-+-+-+++++--+,9.319615,326,841,652
8234,+-+-+-+-------++-+-+-++++++++,12.161305,734,841,1468
8235,+++-+-+-------++-+-+-++++++-+,11.684736,542,841,1084
8236,+--++-+-------++-+-+-++++--++,7.851552,134,841,268
8237,++-++-+-------++-+-+-++++---+,9.335840,262,841,524
8238,+-+++-+-------++-+-+-++++-+++,10.417812,318,841,636
8239,+++++-+-------++-+-+-++++-+-+,11.120249,510,841,1020
8240,+----++-------++-+-+-++--+-++,9.160258,174,841,348
8241,++---++-------++-+-+-++--+--+,8.388341,142,841,284
8242,+-+--++-------++-+-+-++--++++,8.142580,166,841,332
8243,+++--++-------++-+-+-++--++-+,9.219544,198,841,396
8244,+--+-++-------++-+-+-++----++,9.325402,206,841,412
8245,++-+-++-------++-+-+-++-----+,9.862719,302,841,604
8246,+-++-++-------++-+-+-++---+++,8.468042,166,841,332
8247,++++-++-------++-+-+-++---+-+,9.979100,326,841,652
8248,+---+++-------++-+-+-++-++-++,7.336030,134,841,268
8249,++--+++-------++-+-+-++-++--+,9.225748,198,841,396
8250,+-+-+++-------++-+-+-++-+++++,9.649543,286,841,572
8251,+++-+++-------++-+-+-++-+++-+,9.829092,286,841,572
8252,+--++++-------++-+-+-++-+--++,8.231878,166,841,332
8253,++-++++-------++-+-+-++-+---+,9.738849,294,841,588
8254,+-+++++-------++-+-+-++-+-+++,9.219745,286,841,572
8255,+++++++-------++-+-+-++-+-+-+,9.919524,478,841,956
8256,+------+------++-+-+---+-+-++,9.335762,246,841,492
8257,++-----+------++-+-+---+-+--+,9.000000,182,841,364
8258,+-+----+------++-+-+---+-++++,9.012468,238,841,476
8259,+++----+------++-+-+---+-++-+,7.703732,110,841,220
8260,+--+---+------++-+-+---+---++,10.049876,246,841,492
8261,++-+---+------++-+-+---+----+,9.000000,246,841,492
8262,+-++---+------++-+-+---+--+++,10.440307,270,841,540
8263,++++---+------++-+-+---+--+-+,9.449750,206,841,412
8264,+---+--+------++-+-+---+++-++,8.267009,238,841,476
8265,++--+--+------++-+-+---+++--+,8.761664,142,841,284
8266,+-+-+--+------++-+-+---++++++,9.270223,326,841,652
8267,+++-+--+------++-+-+---++++-+,8.199433,166,841,332
8268,+--++--+------++-+-+---++--++,11.180340,366,841,732
8269,++-++--+------++-+-+---++---+,8.292263,142,841,284
8270,+-+++--+------++-+-+---++-+++,10.049876,358,841,716
8271,+++++--+------++-+-+---++-+-+,8.998391,198,841,396
8272,+----+-+------++-+-+-----+-++,9.379460,310,841,620
8273,++---+-+------++-+-+-----+--+,9.000000,182,841,364
8274,+-+--+-+------++-+-+-----++++,9.425367,366,841,732
8275,+++--+-+------++-+-+-----++-+,8.990502,174,841,348
8276,+--+-+-+------++-+-+-------++,9.222513,342,841,684
8277,++-+-+-+------++-+-+--------+,10.364558,470,841,940
8278,+-++-+-+------++-+-+------+++,11.069469,494,841,988
8279,++++-+-+------++-+-+------+-+,11.530367,558,841,1116
8280,+---++-+------++-+-+----++-++,9.767294,334,841,668
8281,++--++-+------++-+-+----++--+,10.040437,238,841,476
8282,+-+-++-+------++-+-+----+++++,11.090998,550,841,1100
8283,+++-++-+------++-+-+----+++-+,9.484611,262,841,524
8284,+--+++-+------++-+-+----+--++,9.861328,366,841,732
8285,++-+++-+------++-+-+----+---+,9.680010,334,841,668
8286,+-++++-+------++-+-+----+-+++,12.041700,678,841,1356
8287,++++++-+------++-+-+----+-+-+,11.344080,582,841,1164
8288,+-----++------++-+-+--++-+-++,8.586890,238,841,476
8289,++----++------++-+-+--++-+--+,10.410111,334,841,668
8290,+-+---++------++-+-+--++-++++,9.219544,230,841,460
8291,+++---++------++-+-+--++-++-+,7.924485,134,841,268
8292,+--+--++------++-+-+--++---++,10.440307,238,841,476
8293,++-+--++------++-+-+--++----+,9.908590,270,841,540
8294,+-++--++------++-+-+--++--+++,12.206556,390,841,780
8295,++++--++------++-+-+--++--+-+,9.219544,230,841,460
8296,+---+-++------++-+-+--++++-++,9.018940,262,841,524
8297,++--+-++------++-+-+--++++--+,9.956165,326,841,652
8298,+-+-+-++------++-+-+--+++++++,9.420994,350,841,700
8299,+++-+-++------++-+-+--+++++-+,9.330647,222,841,444
8300,+--++-++------++-+-+--+++--++,10.049876,198,841,396
8301,++-++-++------++-+-+--+++---+,8.385275,134,841,268
8302,+-+++-++------++-+-+--+++-+++,10.440307,318,841,636
8303,+++++-++------++-+-+--+++-+-+,8.895073,190,841,380
8304,+----+++------++-+-+--+--+-++,9.323677,302,841,604
8305,++---+++------++-+-+--+--+--+,8.642057,142,841,284
8306,+-+--+++------++-+-+--+--++++,9.480110,294,841,588
8307,+++--+++------++-+-+--+--++-+,7.280110,70,841,140
8308,+--+-+++------++-+-+--+----++,9.071181,270,841,540
8309,++-+-+++------++-+-+--+-----+,8.934452,238,841,476
8310,+-++-+++------++-+-+--+---+++,9.849433,358,841,716
8311,++++-+++------++-+-+--+---+-+,9.595562,262,841,524
8312,+---++++------++-+-+--+-++-++,10.062663,358,841,716
8313,++--++++------++-+-+--+-++--+,8.767766,230,841,460
8314,+-+-++++------++-+-+--+-+++++,10.947033,510,841,1020
8315,+++-++++------++-+-+--+-+++-+,8.361577,190,841,380
8316,+--+++++------++-+-+--+-+--++,9.363494,262,841,524
8317,++-+++++------++-+-+--+-+---+,8.799727,198,841,396
8318,+-++++++------++-+-+--+-+-+++,10.997251,510,841,1020
8319,++++++++------++-+-+--+-+-+-+,9.533944,382,841,764
8320,+-------+-----++-+-+++-+-+-++,10.458135,366,841,732
8321,++------+-----++-+-+++-+-+--+,8.346275,206,841,412
8322,+-+-----+-----++-+-+++-+-++++,10.912620,550,841,1100
8323,+++-----+-----++-+-+++-+-++-+,9.059840,326,841,652
8324,+--+----+-----++-+-+++-+---++,8.026604,142,841,284
8325,++-+----+-----++-+-+++-+----+,9.494726,302,841,604
8326,+-++----+-----++-+-+++-+--+++,10.299694,358,841,716
8327,++++----+-----++-+-+++-+--+-+,9.914995,454,841,908
8328,+---+---+-----++-+-+++-+++-++,10.518669,486,841,972
8329,++--+---+-----++-+-+++-+++--+,9.366306,358,841,716
8330,+-+-+---+-----++-+-+++-++++++,11.307690,510,841,1020
8331,+++-+---+-----++-+-+++-++++-+,10.402634,318,841,636
8332,+--++---+-----++-+-+++-++--++,10.816654,326,841,652
8333,++-++---+-----++-+-+++-++---+,9.219544,326,841,652
8334,+-+++---+-----++-+-+++-++-+++,9.012272,254,841,508
8335,+++++---+-----++-+-+++-++-+-+,9.854154,318,841,636
8336,+----+--+-----++-+-+++---+-++,8.453648,142,841,284
8337,++---+--+-----++-+-+++---+--+,8.537157,174,841,348
8338,+-+--+--+-----++-+-+++---++++,9.203943,262,841,524
8339,+++--+--+-----++-+-+++---++-+,9.341080,230,841,460
8340,+--+-+--+-----++-+-+++-----++,7.840011,142,841,284
8341,++-+-+--+-----++-+-+++------+,10.144572,302,841,604
8342,+-++-+--+-----++-+-+++----+++,9.692458,358,841,716
8343,++++-+--+-----++-+-+++----+-+,10.235017,454,841,908
8344,+---++--+-----++-+-+++--++-++,9.608270,294,841,588
8345,++--++--+-----++-+-+++--++--+,11.162599,550,841,1100
8346,+-+-++--+-----++-+-+++--+++++,8.235981,190,841,380
8347,+++-++--+-----++-+-+++--+++-+,8.669111,254,841,508
8348,+--+++--+-----++-+-+++--+--++,9.219544,230,841,460
8349,++-+++--+-----++-+-+++--+---+,9.693948,422,841,844
8350,+-++++--+-----++-+-+++--+-+++,8.394449,222,841,444
8351,++++++--+-----++-+-+++--+-+-+,9.707052,350,841,700
8352,+-----+-+-----++-+-+++++-+-++,10.270268,550,841,1100
8353,++----+-+-----++-+-+++++-+--+,10.889182,486,841,972
8354,+-+---+-+-----++-+-+++++-++++,10.703054,606,841,1212
8355,+++---+-+-----++-+-+++++-++-+,9.882586,478,841,956
8356,+--+--+-+-----++-+-+++++---++,10.224052,326,841,652
8357,++-+--+-+-----++-+-+++++----+,11.194037,582,841,1164
8358,+-++--+-+-----++-+-+++++--+++,10.380751,414,841,828
8359,++++--+-+-----++-+-+++++--+-+,10.831370,606,841,1212
8360,+---+-+-+-----++-+-+++++++-++,10.355190,382,841,764
8361,++--+-+-+-----++-+-+++++++--+,9.257894,350,841,700
8362,+-+-+-+-+-----++-+-++++++++++,11.459040,662,841,1324
8363,+++-+-+-+-----++-+-++++++++-+,11.648596,566,841,1132
8364,+--++-+-+-----++-+-++++++--++,7.810250,158,841,316
8365,++-++-+-+-----++-+-++++++---+,9.948177,382,841,764
8366,+-+++-+-+-----++-+-++++++-+++,10.269453,342,841,684
8367,+++++-+-+-----++-+-++++++-+-+,11.666624,630,841,1260
8368,+----++-+-----++-+-++++--+-++,10.912865,390,841,780
8369,++---++-+-----++-+-++++--+--+,10.178739,326,841,652
8370,+-+--++-+-----++-+-++++--++++,10.251683,318,841,636
8371,+++--++-+-----++-+-++++--++-+,9.867414,318,841,636
8372,+--+-++-+-----++-+-++++----++,10.712040,454,841,908
8373,++-+-++-+-----++-+-++++-----+,10.193910,518,841,1036
8374,+-++-++-+-----++-+-++++---+++,9.713196,350,841,700
8375,++++-++-+-----++-+-++++---+-+,9.820759,478,841,956
8376,+---+++-+-----++-+-++++-++-++,8.318366,126,841,252
8377,++--+++-+-----++-+-++++-++--+,9.317260,286,841,572
8378,+-+-+++-+-----++-+-++++-+++++,9.296686,214,841,428
8379,+++-+++-+-----++-+-++++-+++-+,10.138378,310,841,620
8380,+--++++-+-----++-+-++++-+--++,8.734073,190,841,380
8381,++-++++-+-----++-+-++++-+---+,10.419909,414,841,828
8382,+-+++++-+-----++-+-++++-+-+++,9.051285,246,841,492
8383,+++++++-+-----++-+-++++-+-+-+,10.928769,534,841,1068
8384,+------++-----++-+-++--+-+-++,8.300999,174,841,348
8385,++-----++-----++-+-++--+-+--+,8.507366,142,841,284
8386,+-+----++-----++-+-++--+-++++,9.183717,294,841,588
8387,+++----++-----++-+-++--+-++-+,9.680043,326,841,652
8388,+--+---++-----++-+-++--+---++,11.180340,270,841,540
8389,++-+---++-----++-+-++--+----+,8.949722,174,841,348
8390,+-++---++-----++-+-++--+--+++,10.049876,294,841,588
8391,++++---++-----++-+-++--+--+-+,9.268930,262,841,524
8392,+---+--++-----++-+-++--+++-++,10.816654,326,841,652
8393,++--+--++-----++-+-++--+++--+,9.219544,262,841,524
8394,+-+-+--++-----++-+-++--++++++,8.118198,158,841,316
8395,+++-+--++-----++-+-++--++++-+,8.344686,158,841,316
8396,+--++--++-----++-+-++--++--++,13.453624,678,841,1356
8397,++-++--++-----++-+-++--++---+,10.816654,358,841,716
8398,+-+++--++-----++-+-++--++-+++,11.180340,286,841,572
8399,+++++--++-----++-+-++--++-+-+,7.810250,158,841,316
8400,+----+-++-----++-+-++----+-++,10.346905,366,841,732
8401,++---+-++-----++-+-++----+--+,7.834163,142,841,284
8402,+-+--+-++-----++-+-++----++++,9.811030,486,841,972
8403,+++--+-++-----++-+-++----++-+,10.255552,326,841,652
8404,+--+-+-++-----++-+-++------++,9.589631,302,841,604
8405,++-+-+-++-----++-+-++-------+,9.025192,206,841,412
8406,+-++-+-++-----++-+-++-----+++,9.221736,390,841,780
8407,++++-+-++-----++-+-++-----+-+,9.613415,358,841,716
8408,+---++-++-----++-+-++---++-++,9.334381,358,841,716
8409,++--++-++-----++-+-++---++--+,10.186282,294,841,588
8410,+-+-++-++-----++-+-++---+++++,9.456887,254,841,508
8411,+++-++-++-----++-+-++---+++-+,7.947563,126,841,252
8412,+--+++-++-----++-+-++---+--++,10.816654,422,841,844
8413,++-+++-++-----++-+-++---+---+,9.219544,294,841,588
8414,+-++++-++-----++-+-++---+-+++,9.858330,286,841,572
8415,++++++-++-----++-+-++---+-+-+,9.294045,222,841,444
8416,+-----+++-----++-+-++-++-+-++,10.199657,390,841,780
8417,++----+++-----++-+-++-++-+--+,11.360896,518,841,1036
8418,+-+---+++-----++-+-++-++-++++,9.760228,318,841,636
8419,+++---+++-----++-+-++-++-++-+,9.743607,382,841,764
8420,+--+--+++-----++-+-++-++---++,10.287127,422,841,844
8421,++-+--+++-----++-+-++-++----+,11.435406,486,841,972
8422,+-++--+++-----++-+-++-++--+++,10.440307,382,841,764
8423,++++--+++-----++-+-++-++--+-+,10.495139,382,841,764
8424,+---+-+++-----++-+-++-++++-++,8.187126,190,841,380
8425,++--+-+++-----++-+-++-++++--+,10.086850,286,841,572
8426,+-+-+-+++-----++-+-++-+++++++,8.880764,214,841,428
8427,+++-+-+++-----++-+-++-+++++-+,9.389587,246,841,492
8428,+--++-+++-----++-+-++-+++--++,11.180340,286,841,572
8429,++-++-+++-----++-+-++-+++---+,9.194711,254,841,508
8430,+-+++-+++-----++-+-++-+++-+++,10.049876,214,841,428
8431,+++++-+++-----++-+-++-+++-+-+,9.477533,246,841,492
8432,+----++++-----++-+-++-+--+-++,10.767386,646,841,1292
8433,++---++++-----++-+-++-+--+--+,10.184189,390,841,780
8434,+-+--++++-----++-+-++-+--++++,10.602571,510,841,1020
8435,+++--++++-----++-+-++-+--++-+,10.254695,318,841,636
8436,+--+-++++-----++-+-++-+----++,10.480868,582,841,1164
8437,++-+-++++-----++-+-++-+-----+,10.246183,454,841,908
8438,+-++-++++-----++-+-++-+---+++,9.785264,414,841,828
8439,++++-++++-----++-+-++-+---+-+,9.718200,350,841,700
8440,+---+++++-----++-+-++-+-++-++,9.321055,286,841,572
8441,++--+++++-----++-+-++-+-++--+,8.502434,190,841,380
8442,+-+-+++++-----++-+-++-+-+++++,9.562552,310,841,620
8443,+++-+++++-----++-+-++-+-+++-+,8.552677,150,841,300
8444,+--++++++-----++-+-++-+-+--++,9.240528,286,841,572
8445,++-++++++-----++-+-++-+-+---+,9.392788,254,841,508
8446,+-+++++++-----++-+-++-+-+-+++,9.339200,278,841,556
8447,+++++++++-----++-+-++-+-+-+-+,9.010214,310,841,620
8448,+--------+----++-+---+-+-+-++,9.715064,278,841,556
8449,++-------+----++-+---+-+-+--+,9.269221,278,841,556
8450,+-+------+----++-+---+-+-++++,9.570858,270,841,540
8451,+++------+----++-+---+-+-++-+,8.207906,206,841,412
8452,+--+-----+----++-+---+-+---++,9.041160,342,841,684
8453,++-+-----+----++-+---+-+----+,10.102864,406,841,812
8454,+-++-----+----++-+---+-+--+++,10.249539,366,841,732
8455,++++-----+----++-+---+-+--+-+,10.176681,366,841,732
8456,+---+----+----++-+---+-+++-++,8.871834,174,841,348
8457,++--+----+----++-+---+-+++--+,8.743465,206,841,412
8458,+-+-+----+----++-+---+-++++++,9.733928,262,841,524
8459,+++-+----+----++-+---+-++++-+,8.580285,230,841,460
8460,+--++----+----++-+---+-++--++,9.491181,302,841,604
8461,++-++----+----++-+---+-++---+,8.922801,206,841,412
8462,+-+++----+----++-+---+-++-+++,9.143235,294,841,588
8463,+++++----+----++-+---+-++-+-+,8.923148,262,841,524
8464,+----+---+----++-+---+---+-++,9.000000,150,841,300
8465,++---+---+----++-+---+---+--+,10.049876,278,841,556
8466,+-+--+---+----++-+---+---++++,7.551502,142,841,284
8467,+++--+---+----++-+---+---++-+,10.440307,206,841,412
8468,+--+-+---+----++-+---+-----++,9.000000,246,841,492
8469,++-+-+---+----++-+---+------+,9.000000,246,841,492
8470,+-++-+---+----++-+---+----+++,9.544654,334,841,668
8471,++++-+---+----++-+---+----+-+,9.398832,270,841,540
8472,+---++---+----++-+---+--++-++,8.630568,206,841,412
8473,++--++---+----++-+---+--++--+,11.180340,430,841,860
8474,+-+-++---+----++-+---+--+++++,8.560918,230,841,460
8475,+++-++---+----++-+---+--+++-+,10.049876,262,841,524
8476,+--+++---+----++-+---+--+--++,9.055062,238,841,476
8477,++-+++---+----++-+---+--+---+,8.471065,142,841,284
8478,+-++++---+----++-+---+--+-+++,9.471320,358,841,716
8479,++++++---+----++-+---+--+-+-+,9.064226,198,841,396
8480,+-----+--+----++-+---+++-+-++,9.229590,270,841,540
8481,++----+--+----++-+---+++-+--+,11.497864,494,841,988
8482,+-+---+--+----++-+---+++-++++,8.846992,198,841,396
8483,+++---+--+----++-+---+++-++-+,9.788588,358,841,716
8484,+--+--+--+----++-+---+++---++,9.387229,398,841,796
8485,++-+--+--+----++-+---+++----+,11.661669,558,841,1116
8486,+-++--+--+----++-+---+++--+++,10.139060,358,841,716
8487,++++--+--+----++-+---+++--+-+,11.122661,454,841,908
8488,+---+-+--+----++-+---+++++-++,8.202645,198,841,396
8489,++--+-+--+----++-+---+++++--+,10.282226,326,841,652
8490,+-+-+-+--+----++-+---++++++++,9.689354,222,841,444
8491,+++-+-+--+----++-+---++++++-+,9.397716,286,841,572
8492,+--++-+--+----++-+---++++--++,9.572475,326,841,652
8493,++-++-+--+----++-+---++++---+,9.737499,326,841,652
8494,+-+++-+--+----++-+---++++-+++,8.984693,254,841,508
8495,+++++-+--+----++-+---++++-+-+,9.325980,318,841,636
8496,+----++--+----++-+---++--+-++,8.662467,206,841,412
8497,++---++--+----++-+---++--+--+,10.440307,366,841,732
8498,+-+--++--+----++-+---++--++++,9.219544,198,841,396
8499,+++--++--+----++-+---++--++-+,12.206556,422,841,844
8500,+--+-++--+----++-+---++----++,9.650859,302,841,604
8501,++-+-++--+----++-+---++-----+,9.238317,206,841,412
8502,+-++-++--+----++-+---++---+++,8.912636,262,841,524
8503,++++-++--+----++-+---++---+-+,9.219544,230,841,460
8504,+---+++--+----++-+---++-++-++,8.124048,166,841,332
8505,++--+++--+----++-+---++-++--+,10.049876,294,841,588
8506,+-+-+++--+----++-+---++-+++++,8.328018,190,841,380
8507,+++-+++--+----++-+---++-+++-+,10.440307,254,841,508
8508,+--++++--+----++-+---++-+--++,9.908284,262,841,524
8509,++-++++--+----++-+---++-+---+,7.230804,70,841,140
8510,+-+++++--+----++-+---++-+-+++,8.902756,254,841,508
8511,+++++++--+----++-+---++-+-+-+,8.269745,126,841,252
8512,+------+-+----++-+-----+-+-++,9.000000,310,841,620
8513,++-----+-+----++-+-----+-+--+,10.715436,502,841,1004
8514,+-+----+-+----++-+-----+-++++,8.697045,238,841,476
8515,+++----+-+----++-+-----+-++-+,9.983727,366,841,732
8516,+--+---+-+----++-+-----+---++,9.000000,182,841,364
8517,++-+---+-+----++-+-----+----+,10.334902,438,841,876
8518,+-++---+-+----++-+-----+--+++,8.364723,142,841,284
8519,++++---+-+----++-+-----+--+-+,9.678646,334,841,668
8520,+---+--+-+----++-+-----+++-++,8.754492,238,841,476
8521,++--+--+-+----++-+-----+++--+,10.409895,398,841,796
8522,+-+-+--+-+----++-+-----++++++,8.350498,262,841,524
8523,+++-+--+-+----++-+-----++++-+,10.020767,358,841,716
8524,+--++--+-+----++-+-----++--++,10.075576,238,841,476
8525,++-++--+-+----++-+-----++---+,9.251082,270,841,540
8526,+-+++--+-+----++-+-----++-+++,8.544246,166,841,332
8527,+++++--+-+----++-+-----++-+-+,8.987319,262,841,524
8528,+----+-+-+----++-+-------+-++,9.385786,278,841,556
8529,++---+-+-+----++-+-------+--+,9.000000,214,841,428
8530,+-+--+-+-+----++-+-------++++,9.336558,270,841,540
8531,+++--+-+-+----++-+-------++-+,7.785972,142,841,284
8532,+--+-+-+-+----++-+---------++,9.000000,182,841,364
8533,++-+-+-+-+----++-+----------+,9.944229,374,841,748
8534,+-++-+-+-+----++-+--------+++,9.316911,270,841,540
8535,++++-+-+-+----++-+--------+-+,9.872522,398,841,796
8536,+---++-+-+----++-+------++-++,9.676993,302,841,604
8537,++--++-+-+----++-+------++--+,9.510490,270,841,540
8538,+-+-++-+-+----++-+------+++++,10.288386,454,841,908
8539,+++-++-+-+----++-+------+++-+,8.551551,230,841,460
8540,+--+++-+-+----++-+------+--++,8.718783,206,841,412
8541,++-+++-+-+----++-+------+---+,9.195410,238,841,476
8542,+-++++-+-+----++-+------+-+++,10.683879,454,841,908
8543,++++++-+-+----++-+------+-+-+,9.999980,422,841,844
8544,+-----++-+----++-+----++-+-++,10.102333,398,841,796
8545,++----++-+----++-+----++-+--+,12.737992,878,841,1756
8546,+-+---++-+----++-+----++-++++,8.365049,198,841,396
8547,+++---++-+----++-+----++-++-+,10.811330,486,841,972
8548,+--+--++-+----++-+----++---++,9.733244,270,841,540
8549,++-+--++-+----++-+----++----+,12.235835,686,841,1372
8550,+-++--++-+----++-+----++--+++,9.219544,230,841,460
8551,++++--++-+----++-+----++--+-+,11.000851,454,841,908
8552,+---+-++-+----++-+----++++-++,10.409806,422,841,844
8553,++--+-++-+----++-+----++++--+,12.165595,742,841,1484
8554,+-+-+-++-+----++-+----+++++++,9.147439,318,841,636
8555,+++-+-++-+----++-+----+++++-+,10.419901,446,841,892
8556,+--++-++-+----++-+----+++--++,8.537918,230,841,460
8557,++-++-++-+----++-+----+++---+,10.745765,422,841,844
8558,+-+++-++-+----++-+----+++-+++,8.388826,158,841,316
8559,+++++-++-+----++-+----+++-+-+,9.510591,286,841,572
8560,+----+++-+----++-+----+--+-++,9.306021,302,841,604
8561,++---+++-+----++-+----+--+--+,10.234191,334,841,668
8562,+-+--+++-+----++-+----+--++++,9.349138,230,841,460
8563,+++--+++-+----++-+----+--++-+,9.219544,198,841,396
8564,+--+-+++-+----++-+----+----++,8.433306,142,841,284
8565,++-+-+++-+----++-+----+-----+,9.734265,302,841,604
8566,+-++-+++-+----++-+----+---+++,8.250007,166,841,332
8567,++++-+++-+----++-+----+---+-+,9.157976,262,841,524
8568,+---++++-+----++-+----+-++-++,10.357609,422,841,844
8569,++--++++-+----++-+----+-++--+,10.054841,358,841,716
8570,+-+-++++-+----++-+----+-+++++,10.622598,510,841,1020
8571,+++-++++-+----++-+----+-+++-+,8.690428,254,841,508
8572,+--+++++-+----++-+----+-+--++,8.214048,198,841,396
8573,++-+++++-+----++-+----+-+---+,8.526611,198,841,396
8574,+-++++++-+----++-+----+-+-+++,9.853622,382,841,764
8575,++++++++-+----++-+----+-+-+-+,9.870194,318,841,636
8576,+-------++----++-+--++-+-+-++,8.528439,174,841,348
8577,++------++----++-+--++-+-+--+,10.410459,334,841,668
8578,+-+-----++----++-+--++-+-++++,10.229329,422,841,844
8579,+++-----++----++-+--++-+-++-+,10.090307,390,841,780
8580,+--+----++----++-+--++-+---++,10.617224,462,841,924
8581,++-+----++----++-+--++-+----+,11.642528,558,841,1116
8582,+-++----++----++-+--++-+--+++,12.623671,870,841,1740
8583,++++----++----++-+--++-+--+-+,12.210586,774,841,1548
8584,+---+---++----++-+--++-+++-++,9.219544,230,841,460
8585,++--+---++----++-+--++-+++--+,10.816654,422,841,844
8586,+-+-+---++----++-+--++-++++++,8.566608,190,841,380
8587,+++-+---++----++-+--++-++++-+,7.942189,190,841,380
8588,+--++---++----++-+--++-++--++,9.599679,454,841,908
8589,++-++---++----++-+--++-++---+,9.623492,390,841,780
8590,+-+++---++----++-+--++-++-+++,10.690372,446,841,892
8591,+++++---++----++-+--++-++-+-+,9.789756,318,841,636
8592,+----+--++----++-+--++---+-++,7.810250,174,841,348
8593,++---+--++----++-+--++---+--+,11.180340,334,841,668
8594,+-+--+--++----++-+--++---++++,9.607700,358,841,716
8595,+++--+--++----++-+--++---++-+,10.049876,326,841,652
8596,+--+-+--++----++-+--++-----++,9.547171,302,841,604
8597,++-+-+--++----++-+--++------+,9.160751,206,841,412
8598,+-++-+--++----++-+--++----+++,11.852120,710,841,1420
8599,++++-+--++----++-+--++----+-+,10.640050,422,841,844
8600,+---++--++----++-+--++--++-++,10.816654,454,841,908
8601,++--++--++----++-+--++--++--+,13.453624,838,841,1676
8602,+-+-++--++----++-+--++--+++++,9.441620,286,841,572
8603,+++-++--++----++-+--++--+++-+,11.180340,350,841,700
8604,+--+++--++----++-+--++--+--++,9.219544,390,841,780
8605,++-+++--++----++-+--++--+---+,10.816654,326,841,652
8606,+-++++--++----++-+--++--+-+++,10.745459,446,841,892
8607,++++++--++----++-+--++--+-+-+,7.972612,190,841,380
8608,+-----+-++----++-+--++++-+-++,10.876193,454,841,908
8609,++----+-++----++-+--++++-+--+,12.727763,838,841,1676
8610,+-+---+-++----++-+--++++-++++,10.594007,446,841,892
8611,+++---+-++----++-+--++++-++-+,11.526220,638,841,1276
8612,+--+--+-++----++-+--++++---++,11.509501,742,841,1484
8613,++-+--+-++----++-+--++++----+,13.302132,1062,841,2124
8614,+-++--+-++----++-+--++++--+++,12.526653,894,841,1788
8615,++++--+-++----++-+--++++--+-+,13.110196,1022,841,2044
8616,+---+-+-++----++-+--++++++-++,8.545218,158,841,316
8617,++--+-+-++----++-+--++++++--+,10.931710,446,841,892
8618,+-+-+-+-++----++-+--+++++++++,8.965300,246,841,492
8619,+++-+-+-++----++-+--+++++++-+,9.322039,342,841,684
8620,+--++-+-++----++-+--+++++--++,9.022591,318,841,636
8621,++-++-+-++----++-+--+++++---+,10.938308,478,841,956
8622,+-+++-+-++----++-+--+++++-+++,10.200907,438,841,876
8623,+++++-+-++----++-+--+++++-+-+,10.543276,534,841,1068
8624,+----++-++----++-+--+++--+-++,10.176700,326,841,652
8625,++---++-++----++-+--+++--+--+,10.792796,518,841,1036
8626,+-+--++-++----++-+--+++--++++,9.759792,318,841,636
8627,+++--++-++----++-+--+++--++-+,10.440307,446,841,892
8628,+--+-++-++----++-+--+++----++,10.206852,518,841,1036
8629,++-+-++-++----++-+--+++-----+,11.140573,454,841,908
8630,+-++-++-++----++-+--+++---+++,11.090022,606,841,1212
8631,++++-++-++----++-+--+++---+-+,11.145445,478,841,956
8632,+---+++-++----++-+--+++-++-++,7.810250,126,841,252
8633,++--+++-++----++-+--+++-++--+,11.180340,414,841,828
8634,+-+-+++-++----++-+--+++-+++++,8.290898,150,841,300
8635,+++-+++-++----++-+--+++-+++-+,10.049876,246,841,492
8636,+--++++-++----++-+--+++-+--++,8.893469,190,841,380
8637,++-++++-++----++-+--+++-+---+,8.341801,158,841,316
8638,+-+++++-++----++-+--+++-+-+++,9.566945,310,841,620
8639,+++++++-++----++-+--+++-+-+-+,8.507839,214,841,428
8640,+------+++----++-+--+--+-+-++,8.819465,270,841,540
8641,++-----+++----++-+--+--+-+--+,11.207153,558,841,1116
8642,+-+----+++----++-+--+--+-++++,9.422800,390,841,780
8643,+++----+++----++-+--+--+-++-+,9.974694,614,841,1228
8644,+--+---+++----++-+--+--+---++,9.609735,302,841,604
8645,++-+---+++----++-+--+--+----+,11.563396,526,841,1052
8646,+-++---+++----++-+--+--+--+++,11.068860,454,841,908
8647,++++---+++----++-+--+--+--+-+,11.325116,614,841,1228
8648,+---+--+++----++-+--+--+++-++,9.219544,294,841,588
8649,++--+--+++----++-+--+--+++--+,10.550365,550,841,1100
8650,+-+-+--+++----++-+--+--++++++,8.463450,126,841,252
8651,+++-+--+++----++-+--+--++++-+,9.995020,318,841,636
8652,+--++--+++----++-+--+--++--++,10.816654,454,841,908
8653,++-++--+++----++-+--+--++---+,9.856432,454,841,908
8654,+-+++--+++----++-+--+--++-+++,8.402427,190,841,380
8655,+++++--+++----++-+--+--++-+-+,9.275832,254,841,508
8656,+----+-+++----++-+--+----+-++,10.275735,302,841,604
8657,++---+-+++----++-+--+----+--+,8.315078,206,841,412
8658,+-+--+-+++----++-+--+----++++,10.104211,422,841,844
8659,+++--+-+++----++-+--+----++-+,9.087719,262,841,524
8660,+--+-+-+++----++-+--+------++,8.680500,174,841,348
8661,++-+-+-+++----++-+--+-------+,8.936044,206,841,412
8662,+-++-+-+++----++-+--+-----+++,10.094807,390,841,780
8663,++++-+-+++----++-+--+-----+-+,9.697833,358,841,716
8664,+---++-+++----++-+--+---++-++,9.304267,358,841,716
8665,++--++-+++----++-+--+---++--+,10.816654,422,841,844
8666,+-+-++-+++----++-+--+---+++++,9.301374,254,841,508
8667,+++-++-+++----++-+--+---+++-+,7.810250,126,841,252
8668,+--+++-+++----++-+--+---+--++,9.219544,230,841,460
8669,++-+++-+++----++-+--+---+---+,9.219544,230,841,460
8670,+-++++-+++----++-+--+---+-+++,8.298234,222,841,444
8671,++++++-+++----++-+--+---+-+-+,8.840782,158,841,316
8672,+-----++++----++-+--+-++-+-++,11.188484,646,841,1292
8673,++----++++----++-+--+-++-+--+,13.505734,1222,841,2444
8674,+-+---++++----++-+--+-++-++++,10.205673,446,841,892
8675,+++---++++----++-+--+-++-++-+,11.640625,830,841,1660
8676,+--+--++++----++-+--+-++---++,11.506643,614,841,1228
8677,++-+--++++----++-+--+-++----+,13.571705,1126,841,2252
8678,+-++--++++----++-+--+-++--+++,11.543470,574,841,1148
8679,++++--++++----++-+--+-++--+-+,12.691128,894,841,1788
8680,+---+-++++----++-+--+-++++-++,9.958061,382,841,764
8681,++--+-++++----++-+--+-++++--+,12.425930,798,841,1596
8682,+-+-+-++++----++-+--+-+++++++,8.514930,278,841,556
8683,+++-+-++++----++-+--+-+++++-+,10.590462,502,841,1004
8684,+--++-++++----++-+--+-+++--++,8.930792,286,841,572
8685,++-++-++++----++-+--+-+++---+,11.606668,574,841,1148
8686,+-+++-++++----++-+--+-+++-+++,8.484522,214,841,428
8687,+++++-++++----++-+--+-+++-+-+,10.386938,438,841,876
8688,+----+++++----++-+--+-+--+-++,10.185712,550,841,1100
8689,++---+++++----++-+--+-+--+--+,11.197935,550,841,1100
8690,+-+--+++++----++-+--+-+--++++,9.716371,414,841,828
8691,+++--+++++----++-+--+-+--++-+,9.813113,350,841,700
8692,+--+-+++++----++-+--+-+----++,10.259802,422,841,844
8693,++-+-+++++----++-+--+-+-----+,11.328742,550,841,1100
8694,+-++-+++++----++-+--+-+---+++,10.194994,382,841,764
8695,++++-+++++----++-+--+-+---+-+,10.662085,446,841,892
8696,+---++++++----++-+--+-+-++-++,9.421584,318,841,636
8697,++--++++++----++-+--+-+-++--+,9.981279,350,841,700
8698,+-+-++++++----++-+--+-+-+++++,9.488813,342,841,684
8699,+++-++++++----++-+--+-+-+++-+,8.538111,182,841,364
8700,+--+++++++----++-+--+-+-+--++,7.719629,126,841,252
8701,++-+++++++----++-+--+-+-+---+,9.004174,222,841,444
8702,+-++++++++----++-+--+-+-+-+++,9.301597,246,841,492
8703,++++++++++----++-+--+-+-+-+-+,9.053757,278,841,556
8704,+---------+---++-+++-+-+-+-++,10.282592,398,841,796
8705,++--------+---++-+++-+-+-+--+,9.152407,302,841,604
8706,+-+-------+---++-+++-+-+-++++,10.594048,390,841,780
8707,+++-------+---++-+++-+-+-++-+,8.388482,230,841,460
8708,+--+------+---++-+++-+-+---++,8.123159,174,841,348
8709,++-+------+---++-+++-+-+----+,10.715072,398,841,796
8710,+-++------+---++-+++-+-+--+++,9.219544,198,841,396
8711,++++------+---++-+++-+-+--+-+,10.053475,358,841,716
8712,+---+-----+---++-+++-+-+++-++,10.318044,550,841,1100
8713,++--+-----+---++-+++-+-+++--+,11.032154,486,841,972
8714,+-+-+-----+---++-+++-+-++++++,10.805911,382,841,764
8715,+++-+-----+---++-+++-+-++++-+,9.408166,254,841,508
8716,+--++-----+---++-+++-+-++--++,10.893725,390,841,780
8717,++-++-----+---++-+++-+-++---+,10.271219,454,841,908
8718,+-+++-----+---++-+++-+-++-+++,7.964182,126,841,252
8719,+++++-----+---++-+++-+-++-+-+,8.959044,254,841,508
8720,+----+----+---++-+++-+---+-++,7.695934,110,841,220
8721,++---+----+---++-+++-+---+--+,9.634214,334,841,668
8722,+-+--+----+---++-+++-+---++++,7.316058,102,841,204
8723,+++--+----+---++-+++-+---++-+,9.219544,262,841,524
8724,+--+-+----+---++-+++-+-----++,8.400215,174,841,348
8725,++-+-+----+---++-+++-+------+,11.323140,526,841,1052
8726,+-++-+----+---++-+++-+----+++,9.656209,262,841,524
8727,++++-+----+---++-+++-+----+-+,11.516000,550,841,1100
8728,+---++----+---++-+++-+--++-++,10.620548,358,841,716
8729,++--++----+---++-+++-+--++--+,12.273877,678,841,1356
8730,+-+-++----+---++-+++-+--+++++,7.826662,126,841,252
8731,+++-++----+---++-+++-+--+++-+,9.256538,254,841,508
8732,+--+++----+---++-+++-+--+--++,10.328396,358,841,716
8733,++-+++----+---++-+++-+--+---+,10.658047,614,841,1228
8734,+-++++----+---++-+++-+--+-+++,9.692020,222,841,444
8735,++++++----+---++-+++-+--+-+-+,10.558689,414,841,828
8736,+-----+---+---++-+++-+++-+-++,10.195638,390,841,780
8737,++----+---+---++-+++-+++-+--+,8.433193,262,841,524
8738,+-+---+---+---++-+++-+++-++++,11.180340,638,841,1276
8739,+++---+---+---++-+++-+++-++-+,11.180340,446,841,892
8740,+--+--+---+---++-+++-+++---++,9.219544,230,841,460
8741,++-+--+---+---++-+++-+++----+,9.197815,294,841,588
8742,+-++--+---+---++-+++-+++--+++,12.529964,510,841,1020
8743,++++--+---+---++-+++-+++--+-+,11.180340,510,841,1020
8744,+---+-+---+---++-+++-+++++-++,10.216934,446,841,892
8745,++--+-+---+---++-+++-+++++--+,9.907145,350,841,700
8746,+-+-+-+---+---++-+++-++++++++,10.730685,534,841,1068
8747,+++-+-+---+---++-+++-++++++-+,10.314709,374,841,748
8748,+--++-+---+---++-+++-++++--++,9.620344,286,841,572
8749,++-++-+---+---++-+++-++++---+,9.203504,318,841,636
8750,+-+++-+---+---++-+++-++++-+++,9.219544,278,841,556
8751,+++++-+---+---++-+++-++++-+-+,10.183587,374,841,748
8752,+----++---+---++-+++-++--+-++,8.161612,166,841,332
8753,++---++---+---++-+++-++--+--+,9.219544,294,841,588
8754,+-+--++---+---++-+++-++--++++,11.180340,350,841,700
8755,+++--++---+---++-+++-++--++-+,12.529964,542,841,1084
8756,+--+-++---+---++-+++-++----++,8.164772,230,841,460
8757,++-+-++---+---++-+++-++-----+,9.858237,358,841,716
8758,+-++-++---+---++-+++-++---+++,11.180340,382,841,764
8759,++++-++---+---++-+++-++---+-+,11.180340,574,841,1148
8760,+---+++---+---++-+++-++-++-++,9.268820,190,841,380
8761,++--+++---+---++-+++-++-++--+,10.840094,414,841,828
8762,+-+-+++---+---++-+++-++-+++++,7.750623,150,841,300
8763,+++-+++---+---++-+++-++-+++-+,9.219544,310,841,620
8764,+--++++---+---++-+++-++-+--++,9.261889,254,841,508
8765,++-++++---+---++-+++-++-+---+,9.739524,414,841,828
8766,+-+++++---+---++-+++-++-+-+++,8.169549,182,841,364
8767,+++++++---+---++-+++-++-+-+-+,9.762805,406,841,812
8768,+------+--+---++-+++---+-+-++,8.609066,206,841,412
8769,++-----+--+---++-+++---+-+--+,8.621316,174,841,348
8770,+-+----+--+---++-+++---+-++++,9.298914,326,841,652
8771,+++----+--+---++-+++---+-++-+,9.189091,230,841,460
8772,+--+---+--+---++-+++---+---++,10.440307,302,841,604
8773,++-+---+--+---++-+++---+----+,8.945129,206,841,412
8774,+-++---+--+---++-+++---+--+++,12.206556,454,841,908
8775,++++---+--+---++-+++---+--+-+,9.219544,294,841,588
8776,+---+--+--+---++-+++---+++-++,10.285549,326,841,652
8777,++--+--+--+---++-+++---+++--+,10.836505,390,841,780
8778,+-+-+--+--+---++-+++---++++++,7.634709,158,841,316
8779,+++-+--+--+---++-+++---++++-+,8.668506,158,841,316
8780,+--++--+--+---++-+++---++--++,11.257506,550,841,1100
8781,++-++--+--+---++-+++---++---+,10.272144,358,841,716
8782,+-+++--+--+---++-+++---++-+++,10.440307,286,841,572
8783,+++++--+--+---++-+++---++-+-+,8.031849,158,841,316
8784,+----+-+--+---++-+++-----+-++,10.262276,334,841,668
8785,++---+-+--+---++-+++-----+--+,9.379263,238,841,476
8786,+-+--+-+--+---++-+++-----++++,9.912923,390,841,780
8787,+++--+-+--+---++-+++-----++-+,8.413491,230,841,460
8788,+--+-+-+--+---++-+++-------++,9.172140,334,841,668
8789,++-+-+-+--+---++-+++--------+,10.159045,366,841,732
8790,+-++-+-+--+---++-+++------+++,10.138925,486,841,972
8791,++++-+-+--+---++-+++------+-+,11.018318,454,841,908
8792,+---++-+--+---++-+++----++-++,10.432916,486,841,972
8793,++--++-+--+---++-+++----++--+,11.810721,550,841,1100
8794,+-+-++-+--+---++-+++----+++++,9.705867,318,841,636
8795,+++-++-+--+---++-+++----+++-+,8.616865,190,841,380
8796,+--+++-+--+---++-+++----+--++,10.428011,486,841,972
8797,++-+++-+--+---++-+++----+---+,10.495225,486,841,972
8798,+-++++-+--+---++-+++----+-+++,10.841281,414,841,828
8799,++++++-+--+---++-+++----+-+-+,10.556638,350,841,700
8800,+-----++--+---++-+++--++-+-++,9.219544,294,841,588
8801,++----++--+---++-+++--++-+--+,9.062458,294,841,588
8802,+-+---++--+---++-+++--++-++++,12.529964,606,841,1212
8803,+++---++--+---++-+++--++-++-+,11.180340,414,841,828
8804,+--+--++--+---++-+++--++---++,12.206556,518,841,1036
8805,++-+--++--+---++-+++--++----+,9.319106,326,841,652
8806,+-++--++--+---++-+++--++--+++,14.866069,990,841,1980
8807,++++--++--+---++-+++--++--+-+,12.529964,606,841,1212
8808,+---+-++--+---++-+++--++++-++,9.159833,254,841,508
8809,++--+-++--+---++-+++--++++--+,10.025042,350,841,700
8810,+-+-+-++--+---++-+++--+++++++,9.219544,278,841,556
8811,+++-+-++--+---++-+++--+++++-+,8.006609,182,841,364
8812,+--++-++--+---++-+++--+++--++,10.440307,414,841,828
8813,++-++-++--+---++-+++--+++---+,9.273290,254,841,508
8814,+-+++-++--+---++-+++--+++-+++,12.206556,470,841,940
8815,+++++-++--+---++-+++--+++-+-+,9.219544,246,841,492
8816,+----+++--+---++-+++--+--+-++,9.916095,358,841,716
8817,++---+++--+---++-+++--+--+--+,9.026843,230,841,460
8818,+-+--+++--+---++-+++--+--++++,11.180340,542,841,1084
8819,+++--+++--+---++-+++--+--++-+,11.180340,350,841,700
8820,+--+-+++--+---++-+++--+----++,9.439910,422,841,844
8821,++-+-+++--+---++-+++--+-----+,8.840755,294,841,588
8822,+-++-+++--+---++-+++--+---+++,12.529964,702,841,1404
8823,++++-+++--+---++-+++--+---+-+,11.180340,510,841,1020
8824,+---++++--+---++-+++--+-++-++,9.335907,350,841,700
8825,++--++++--+---++-+++--+-++--+,10.701847,382,841,764
8826,+-+-++++--+---++-+++--+-+++++,9.701859,310,841,620
8827,+++-++++--+---++-+++--+-+++-+,7.970170,150,841,300
8828,+--+++++--+---++-+++--+-+--++,9.224335,350,841,700
8829,++-+++++--+---++-+++--+-+---+,9.525892,318,841,636
8830,+-++++++--+---++-+++--+-+-+++,9.908178,406,841,812
8831,++++++++--+---++-+++--+-+-+-+,9.038111,310,841,620
8832,+-------+-+---++-+++++-+-+-++,10.238820,390,841,780
8833,++------+-+---++-+++++-+-+--+,8.890448,262,841,524
8834,+-+-----+-+---++-+++++-+-++++,10.220021,382,841,764
8835,+++-----+-+---++-+++++-+-++-+,8.351265,190,841,380
8836,+--+----+-+---++-+++++-+---++,7.742406,134,841,268
8837,++-+----+-+---++-+++++-+----+,9.792415,326,841,652
8838,+-++----+-+---++-+++++-+--+++,8.224555,158,841,316
8839,++++----+-+---++-+++++-+--+-+,9.136513,286,841,572
8840,+---+---+-+---++-+++++-+++-++,10.294267,574,841,1148
8841,++--+---+-+---++-+++++-+++--+,11.002127,478,841,956
8842,+-+-+---+-+---++-+++++-++++++,10.299208,406,841,812
8843,+++-+---+-+---++-+++++-++++-+,9.261289,246,841,492
8844,+--++---+-+---++-+++++-++--++,10.942627,382,841,764
8845,++-++---+-+---++-+++++-++---+,10.291536,414,841,828
8846,+-+++---+-+---++-+++++-++-+++,7.562603,118,841,236
8847,+++++---+-+---++-+++++-++-+-+,9.302563,214,841,428
8848,+----+--+-+---++-+++++---+-++,9.475470,230,841,460
8849,++---+--+-+---++-+++++---+--+,9.636334,294,841,588
8850,+-+--+--+-+---++-+++++---++++,8.981846,158,841,316
8851,+++--+--+-+---++-+++++---++-+,8.339035,158,841,316
8852,+--+-+--+-+---++-+++++-----++,8.667915,198,841,396
8853,++-+-+--+-+---++-+++++------+,10.175755,390,841,780
8854,+-++-+--+-+---++-+++++----+++,8.232322,222,841,444
8855,++++-+--+-+---++-+++++----+-+,10.172558,350,841,700
8856,+---++--+-+---++-+++++--++-++,10.917572,446,841,892
8857,++--++--+-+---++-+++++--++--+,12.478714,734,841,1468
8858,+-+-++--+-+---++-+++++--+++++,8.211994,150,841,300
8859,+++-++--+-+---++-+++++--+++-+,9.585956,246,841,492
8860,+--+++--+-+---++-+++++--+--++,10.306140,350,841,700
8861,++-+++--+-+---++-+++++--+---+,10.736480,574,841,1148
8862,+-++++--+-+---++-+++++--+-+++,7.695057,150,841,300
8863,++++++--+-+---++-+++++--+-+-+,9.699157,310,841,620
8864,+-----+-+-+---++-+++++++-+-++,10.363325,350,841,700
8865,++----+-+-+---++-+++++++-+--+,8.368530,190,841,380
8866,+-+---+-+-+---++-+++++++-++++,10.194194,406,841,812
8867,+++---+-+-+---++-+++++++-++-+,8.687679,182,841,364
8868,+--+--+-+-+---++-+++++++---++,7.310279,94,841,188
8869,++-+--+-+-+---++-+++++++----+,8.946394,254,841,508
8870,+-++--+-+-+---++-+++++++--+++,9.219544,182,841,364
8871,++++--+-+-+---++-+++++++--+-+,9.172631,278,841,556
8872,+---+-+-+-+---++-+++++++++-++,10.336583,438,841,876
8873,++--+-+-+-+---++-+++++++++--+,9.263129,310,841,620
8874,+-+-+-+-+-+---++-++++++++++++,11.000000,718,841,1436
8875,+++-+-+-+-+---++-++++++++++-+,11.000000,526,841,1052
8876,+--++-+-+-+---++-++++++++--++,9.075615,182,841,364
8877,++-++-+-+-+---++-++++++++---+,9.624631,310,841,620
8878,+-+++-+-+-+---++-++++++++-+++,11.000000,366,841,732
8879,+++++-+-+-+---++-++++++++-+-+,11.000000,558,841,1116
8880,+----++-+-+---++-++++++--+-++,9.144416,190,841,380
8881,++---++-+-+---++-++++++--+--+,8.322306,158,841,316
8882,+-+--++-+-+---++-++++++--++++,7.544376,118,841,236
8883,+++--++-+-+---++-++++++--++-+,9.219544,150,841,300
8884,+--+-++-+-+---++-++++++----++,9.296181,222,841,444
8885,++-+-++-+-+---++-++++++-----+,9.768231,318,841,636
8886,+-++-++-+-+---++-++++++---+++,7.369650,118,841,236
8887,++++-++-+-+---++-++++++---+-+,9.739123,278,841,556
8888,+---+++-+-+---++-++++++-++-++,8.723129,182,841,364
8889,++--+++-+-+---++-++++++-++--+,10.669913,374,841,748
8890,+-+-+++-+-+---++-++++++-+++++,11.000000,270,841,540
8891,+++-+++-+-+---++-++++++-+++-+,11.000000,398,841,796
8892,+--++++-+-+---++-++++++-+--++,8.429836,214,841,428
8893,++-++++-+-+---++-++++++-+---+,10.426339,470,841,940
8894,+-+++++-+-+---++-++++++-+-+++,11.000000,270,841,540
8895,+++++++-+-+---++-++++++-+-+-+,11.000000,590,841,1180
8896,+------++-+---++-++++--+-+-++,10.452171,326,841,652
8897,++-----++-+---++-++++--+-+--+,8.545228,198,841,396
8898,+-+----++-+---++-++++--+-++++,10.816819,382,841,764
8899,+++----++-+---++-++++--+-++-+,10.077790,318,841,636
8900,+--+---++-+---++-++++--+---++,10.049876,326,841,652
8901,++-+---++-+---++-++++--+----+,7.747198,134,841,268
8902,+-++---++-+---++-++++--+--+++,10.440307,286,841,572
8903,++++---++-+---++-++++--+--+-+,8.338345,158,841,316
8904,+---+--++-+---++-++++--+++-++,10.358212,414,841,828
8905,++--+--++-+---++-++++--+++--+,10.624878,382,841,764
8906,+-+-+--++-+---++-++++--++++++,8.629915,182,841,364
8907,+++-+--++-+---++-++++--++++-+,8.874515,214,841,428
8908,+--++--++-+---++-++++--++--++,11.544893,670,841,1340
8909,++-++--++-+---++-++++--++---+,10.436738,382,841,764
8910,+-+++--++-+---++-++++--++-+++,10.049876,214,841,428
8911,+++++--++-+---++-++++--++-+-+,7.661470,118,841,236
8912,+----+-++-+---++-++++----+-++,12.049239,646,841,1292
8913,++---+-++-+---++-++++----+--+,9.450709,326,841,652
8914,+-+--+-++-+---++-++++----++++,11.524250,574,841,1148
8915,+++--+-++-+---++-++++----++-+,9.909534,318,841,636
8916,+--+-+-++-+---++-++++------++,10.942425,486,841,972
8917,++-+-+-++-+---++-++++-------+,8.912932,294,841,588
8918,+-++-+-++-+---++-++++-----+++,9.448205,382,841,764
8919,++++-+-++-+---++-++++-----+-+,9.351078,254,841,508
8920,+---++-++-+---++-++++---++-++,10.486835,574,841,1148
8921,++--++-++-+---++-++++---++--+,11.753604,542,841,1084
8922,+-+-++-++-+---++-++++---+++++,9.563646,278,841,556
8923,+++-++-++-+---++-++++---+++-+,8.497443,182,841,364
8924,+--+++-++-+---++-++++---+--++,10.476833,542,841,1084
8925,++-+++-++-+---++-++++---+---+,10.426146,446,841,892
8926,+-++++-++-+---++-++++---+-+++,9.228383,214,841,428
8927,++++++-++-+---++-++++---+-+-+,9.013817,182,841,364
8928,+-----+++-+---++-++++-++-+-++,9.469926,254,841,508
8929,++----+++-+---++-++++-++-+--+,8.283274,158,841,316
8930,+-+---+++-+---++-++++-++-++++,9.219544,310,841,620
8931,+++---+++-+---++-++++-++-++-+,7.666314,150,841,300
8932,+--+--+++-+---++-++++-++---++,10.440307,318,841,636
8933,++-+--+++-+---++-++++-++----+,8.272799,158,841,316
8934,+-++--+++-+---++-++++-++--+++,12.206556,406,841,812
8935,++++--+++-+---++-++++-++--+-+,9.219544,182,841,364
8936,+---+-+++-+---++-++++-++++-++,8.352942,182,841,364
8937,++--+-+++-+---++-++++-++++--+,9.106684,182,841,364
8938,+-+-+-+++-+---++-++++-+++++++,11.000000,334,841,668
8939,+++-+-+++-+---++-++++-+++++-+,11.000000,270,841,540
8940,+--++-+++-+---++-++++-+++--++,10.049876,310,841,620
8941,++-++-+++-+---++-++++-+++---+,8.338116,182,841,364
8942,+-+++-+++-+---++-++++-+++-+++,11.000000,366,841,732
8943,+++++-+++-+---++-++++-+++-+-+,11.000000,302,841,604
8944,+----++++-+---++-++++-+--+-++,11.611241,574,841,1148
8945,++---++++-+---++-++++-+--+--+,8.776044,222,841,444
8946,+-+--++++-+---++-++++-+--++++,10.614519,438,841,876
8947,+++--++++-+---++-++++-+--++-+,7.864354,150,841,300
8948,+--+-++++-+---++-++++-+----++,11.271904,542,841,1084
8949,++-+-++++-+---++-++++-+-----+,9.400227,318,841,636
8950,+-++-++++-+---++-++++-+---+++,9.511863,374,841,748
8951,++++-++++-+---++-++++-+---+-+,8.815496,214,841,428
8952,+---+++++-+---++-++++-+-++-++,9.790722,342,841,684
8953,++--+++++-+---++-++++-+-++--+,10.174752,278,841,556
8954,+-+-+++++-+---++-++++-+-+++++,11.000000,366,841,732
8955,+++-+++++-+---++-++++-+-+++-+,11.000000,238,841,476
8956,+--++++++-+---++-++++-+-+--++,9.886388,374,841,748
8957,++-++++++-+---++-++++-+-+---+,9.648350,374,841,748
8958,+-+++++++-+---++-++++-+-+-+++,11.000000,366,841,732
8959,+++++++++-+---++-++++-+-+-+-+,11.000000,430,841,860
8960,+--------++---++-++--+-+-+-++,7.834898,110,841,220
8961,++-------++---++-++--+-+-+--+,7.935444,142,841,284
8962,+-+------++---++-++--+-+-++++,7.873556,166,841,332
8963,+++------++---++-++--+-+-++-+,9.219544,262,841,524
8964,+--+-----++---++-++--+-+---++,9.056350,270,841,540
8965,++-+-----++---++-++--+-+----+,8.965062,238,841,476
8966,+-++-----++---++-++--+-+--+++,9.273262,230,841,460
8967,++++-----++---++-++--+-+--+-+,8.995772,262,841,524
8968,+---+----++---++-++--+-+++-++,10.340520,326,841,652
8969,++--+----++---++-++--+-+++--+,10.644444,390,841,780
8970,+-+-+----++---++-++--+-++++++,7.954363,94,841,188
8971,+++-+----++---++-++--+-++++-+,9.123754,222,841,444
8972,+--++----++---++-++--+-++--++,11.377174,678,841,1356
8973,++-++----++---++-++--+-++---+,10.305808,486,841,972
8974,+-+++----++---++-++--+-++-+++,8.962601,222,841,444
8975,+++++----++---++-++--+-++-+-+,9.301166,222,841,444
8976,+----+---++---++-++--+---+-++,7.650535,174,841,348
8977,++---+---++---++-++--+---+--+,10.440307,334,841,668
8978,+-+--+---++---++-++--+---++++,9.219544,230,841,460
8979,+++--+---++---++-++--+---++-+,12.206556,454,841,908
8980,+--+-+---++---++-++--+-----++,9.176554,238,841,476
8981,++-+-+---++---++-++--+------+,8.365204,142,841,284
8982,+-++-+---++---++-++--+----+++,9.019022,262,841,524
8983,++++-+---++---++-++--+----+-+,9.219544,230,841,460
8984,+---++---++---++-++--+--++-++,10.378707,422,841,844
8985,++--++---++---++-++--+--++--+,11.773780,678,841,1356
8986,+-+-++---++---++-++--+--+++++,7.704785,126,841,252
8987,+++-++---++---++-++--+--+++-+,10.440307,318,841,636
8988,+--+++---++---++-++--+--+--++,10.578303,550,841,1100
8989,++-+++---++---++-++--+--+---+,10.397815,358,841,716
8990,+-++++---++---++-++--+--+-+++,8.895723,222,841,444
8991,++++++---++---++-++--+--+-+-+,8.066394,94,841,188
8992,+-----+--++---++-++--+++-+-++,8.497779,198,841,396
8993,++----+--++---++-++--+++-+--+,9.219544,326,841,652
8994,+-+---+--++---++-++--+++-++++,11.180340,382,841,764
8995,+++---+--++---++-++--+++-++-+,12.529964,574,841,1148
8996,+--+--+--++---++-++--+++---++,9.541803,422,841,844
8997,++-+--+--++---++-++--+++----+,9.588283,358,841,716
8998,+-++--+--++---++-++--+++--+++,11.180340,510,841,1020
8999,++++--+--++---++-++--+++--+-+,11.180340,510,841,1020
9000,+---+-+--++---++-++--+++++-++,9.360316,254,841,508
9001,++--+-+--++---++-++--+++++--+,9.354711,286,841,572
9002,+-+-+-+--++---++-++--++++++++,7.789202,150,841,300
9003,+++-+-+--++---++-++--++++++-+,9.219544,246,841,492
9004,+--++-+--++---++-++--++++--++,10.588592,606,841,1212
9005,++-++-+--++---++-++--++++---+,9.205885,382,841,764
9006,+-+++-+--++---++-++--++++-+++,9.098863,278,841,556
9007,+++++-+--++---++-++--++++-+-+,8.901944,246,841,492
9008,+----++--++---++-++--++--+-++,9.261861,390,841,780
9009,++---++--++---++-++--++--+--+,12.206556,582,841,1164
9010,+-+--++--++---++-++--++--++++,12.529964,638,841,1276
9011,+++--++--++---++-++--++--++-+,14.866069,1022,841,2044
9012,+--+-++--++---++-++--++----++,10.292537,454,841,908
9013,++-+-++--++---++-++--++-----+,9.219544,262,841,524
9014,+-++-++--++---++-++--++---+++,11.180340,542,841,1084
9015,++++-++--++---++-++--++---+-+,12.529964,542,841,1084
9016,+---+++--++---++-++--++-++-++,9.181148,350,841,700
9017,++--+++--++---++-++--++-++--+,10.440307,510,841,1020
9018,+-+-+++--++---++-++--++-+++++,9.219544,246,841,492
9019,+++-+++--++---++-++--++-+++-+,12.206556,470,841,940
9020,+--++++--++---++-++--++-+--++,10.741804,542,841,1084
9021,++-++++--++---++-++--++-+---+,9.160561,254,841,508
9022,+-+++++--++---++-++--++-+-+++,9.153807,278,841,556
9023,+++++++--++---++-++--++-+-+-+,9.219544,182,841,364
9024,+------+-++---++-++----+-+-++,9.363870,270,841,540
9025,++-----+-++---++-++----+-+--+,9.985607,366,841,732
9026,+-+----+-++---++-++----+-++++,10.463849,390,841,780
9027,+++----+-++---++-++----+-++-+,11.156133,550,841,1100
9028,+--+---+-++---++-++----+---++,9.042753,174,841,348
9029,++-+---+-++---++-++----+----+,9.085943,206,841,412
9030,+-++---+-++---++-++----+--+++,9.219544,198,841,396
9031,++++---+-++---++-++----+--+-+,9.055231,294,841,588
9032,+---+--+-++---++-++----+++-++,10.440676,390,841,780
9033,++--+--+-++---++-++----+++--+,10.473758,582,841,1164
9034,+-+-+--+-++---++-++----++++++,9.229870,222,841,444
9035,+++-+--+-++---++-++----++++-+,11.140952,478,841,956
9036,+--++--+-++---++-++----++--++,11.734610,550,841,1100
9037,++-++--+-++---++-++----++---+,10.400740,486,841,972
9038,+-+++--+-++---++-++----++-+++,8.484126,158,841,316
9039,+++++--+-++---++-++----++-+-+,9.828141,286,841,572
9040,+----+-+-++---++-++------+-++,10.401333,366,841,732
9041,++---+-+-++---++-++------+--+,8.489695,206,841,412
9042,+-+--+-+-++---++-++------++++,10.537203,422,841,844
9043,+++--+-+-++---++-++------++-+,9.687772,326,841,652
9044,+--+-+-+-++---++-++--------++,8.356735,174,841,348
9045,++-+-+-+-++---++-++---------+,8.045722,142,841,284
9046,+-++-+-+-++---++-++-------+++,8.157376,198,841,396
9047,++++-+-+-++---++-++-------+-+,8.682441,230,841,460
9048,+---++-+-++---++-++-----++-++,10.282938,454,841,908
9049,++--++-+-++---++-++-----++--+,11.265249,454,841,908
9050,+-+-++-+-++---++-++-----+++++,9.298815,286,841,572
9051,+++-++-+-++---++-++-----+++-+,8.795813,222,841,444
9052,+--+++-+-++---++-++-----+--++,10.724393,390,841,780
9053,++-+++-+-++---++-++-----+---+,10.302677,326,841,652
9054,+-++++-+-++---++-++-----+-+++,9.230820,190,841,380
9055,++++++-+-++---++-++-----+-+-+,8.476024,190,841,380
9056,+-----++-++---++-++---++-+-++,8.412679,262,841,524
9057,++----++-++---++-++---++-+--+,10.677448,518,841,1036
9058,+-+---++-++---++-++---++-++++,11.180340,446,841,892
9059,+++---++-++---++-++---++-++-+,11.180340,638,841,1276
9060,+--+--++-++---++-++---++---++,9.219544,294,841,588
9061,++-+--++-++---++-++---++----+,10.037628,358,841,716
9062,+-++--++-++---++-++---++--+++,12.529964,510,841,1020
9063,++++--++-++---++-++---++--+-+,11.180340,510,841,1020
9064,+---+-++-++---++-++---++++-++,9.294271,286,841,572
9065,++--+-++-++---++-++---++++--+,10.405035,510,841,1020
9066,+-+-+-++-++---++-++---+++++++,8.335682,182,841,364
9067,+++-+-++-++---++-++---+++++-+,10.022739,342,841,684
9068,+--++-++-++---++-++---+++--++,10.367349,382,841,764
9069,++-++-++-++---++-++---+++---+,9.178406,350,841,700
9070,+-+++-++-++---++-++---+++-+++,9.219544,182,841,364
9071,+++++-++-++---++-++---+++-+-+,9.011753,214,841,428
9072,+----+++-++---++-++---+--+-++,9.795320,358,841,716
9073,++---+++-++---++-++---+--+--+,9.219544,294,841,588
9074,+-+--+++-++---++-++---+--++++,11.180340,542,841,1084
9075,+++--+++-++---++-++---+--++-+,12.529964,542,841,1084
9076,+--+-+++-++---++-++---+----++,8.317776,230,841,460
9077,++-+-+++-++---++-++---+-----+,8.146665,166,841,332
9078,+-++-+++-++---++-++---+---+++,11.180340,382,841,764
9079,++++-+++-++---++-++---+---+-+,11.180340,382,841,764
9080,+---++++-++---++-++---+-++-++,9.349662,350,841,700
9081,++--++++-++---++-++---+-++--+,9.912900,318,841,636
9082,+-+-++++-++---++-++---+-+++++,9.452015,310,841,620
9083,+++-++++-++---++-++---+-+++-+,9.219544,214,841,428
9084,+--+++++-++---++-++---+-+--++,9.648758,286,841,572
9085,++-+++++-++---++-++---+-+---+,9.177934,190,841,380
9086,+-++++++-++---++-++---+-+-+++,8.487681,214,841,428
9087,++++++++-++---++-++---+-+-+-+,8.060246,182,841,364
9088,+-------+++---++-++-++-+-+-++,8.428862,134,841,268
9089,++------+++---++-++-++-+-+--+,8.316912,198,841,396
9090,+-+-----+++---++-++-++-+-++++,9.273576,254,841,508
9091,+++-----+++---++-++-++-+-++-+,9.024130,254,841,508
9092,+--+----+++---++-++-++-+---++,9.360468,326,841,652
9093,++-+----+++---++-++-++-+----+,9.768548,326,841,652
9094,+-++----+++---++-++-++-+--+++,10.980349,478,841,956
9095,++++----+++---++-++-++-+--+-+,10.207149,414,841,828
9096,+---+---+++---++-++-++-+++-++,10.303405,318,841,636
9097,++--+---+++---++-++-++-+++--+,10.753181,414,841,828
9098,+-+-+---+++---++-++-++-++++++,7.343828,150,841,300
9099,+++-+---+++---++-++-++-++++-+,8.765984,182,841,364
9100,+--++---+++---++-++-++-++--++,11.265862,574,841,1148
9101,++-++---+++---++-++-++-++---+,10.327342,414,841,828
9102,+-+++---+++---++-++-++-++-+++,9.626002,310,841,620
9103,+++++---+++---++-++-++-++-+-+,8.885008,214,841,428
9104,+----+--+++---++-++-++---+-++,9.431838,262,841,524
9105,++---+--+++---++-++-++---+--+,10.049876,326,841,652
9106,+-+--+--+++---++-++-++---++++,9.429143,318,841,636
9107,+++--+--+++---++-++-++---++-+,10.440307,318,841,636
9108,+--+-+--+++---++-++-++-----++,9.037560,294,841,588
9109,++-+-+--+++---++-++-++------+,7.755902,102,841,204
9110,+-++-+--+++---++-++-++----+++,10.548737,446,841,892
9111,++++-+--+++---++-++-++----+-+,8.441639,190,841,380
9112,+---++--+++---++-++-++--++-++,10.776890,542,841,1084
9113,++--++--+++---++-++-++--++--+,12.166959,830,841,1660
9114,+-+-++--+++---++-++-++--+++++,9.195872,246,841,492
9115,+++-++--+++---++-++-++--+++-+,10.049876,342,841,684
9116,+--+++--+++---++-++-++--+--++,10.394602,510,841,1020
9117,++-+++--+++---++-++-++--+---+,10.563580,350,841,700
9118,+-++++--+++---++-++-++--+-+++,9.956749,310,841,620
9119,++++++--+++---++-++-++--+-+-+,7.240242,86,841,172
9120,+-----+-+++---++-++-++++-+-++,7.618624,126,841,252
9121,++----+-+++---++-++-++++-+--+,9.976334,286,841,572
9122,+-+---+-+++---++-++-++++-++++,7.854128,182,841,364
9123,+++---+-+++---++-++-++++-++-+,9.219544,278,841,556
9124,+--+--+-+++---++-++-++++---++,9.238900,318,841,636
9125,++-+--+-+++---++-++-++++----+,10.847574,414,841,828
9126,+-++--+-+++---++-++-++++--+++,10.626906,406,841,812
9127,++++--+-+++---++-++-++++--+-+,10.879375,438,841,876
9128,+---+-+-+++---++-++-++++++-++,8.457713,150,841,300
9129,++--+-+-+++---++-++-++++++--+,8.769838,214,841,428
9130,+-+-+-+-+++---++-++-+++++++++,11.000000,302,841,604
9131,+++-+-+-+++---++-++-+++++++-+,11.000000,302,841,604
9132,+--++-+-+++---++-++-+++++--++,9.686220,342,841,684
9133,++-++-+-+++---++-++-+++++---+,9.199466,278,841,556
9134,+-+++-+-+++---++-++-+++++-+++,11.000000,398,841,796
9135,+++++-+-+++---++-++-+++++-+-+,11.000000,398,841,796
9136,+----++-+++---++-++-+++--+-++,8.726227,190,841,380
9137,++---++-+++---++-++-+++--+--+,10.440307,286,841,572
9138,+-+--++-+++---++-++-+++--++++,9.219544,246,841,492
9139,+++--++-+++---++-++-+++--++-+,12.206556,406,841,812
9140,+--+-++-+++---++-++-+++----++,8.952195,286,841,572
9141,++-+-++-+++---++-++-+++-----+,8.034654,126,841,252
9142,+-++-++-+++---++-++-+++---+++,9.553890,310,841,620
9143,++++-++-+++---++-++-+++---+-+,9.219544,214,841,428
9144,+---+++-+++---++-++-+++-++-++,8.428091,182,841,364
9145,++--+++-+++---++-++-+++-++--+,10.099435,374,841,748
9146,+-+-+++-+++---++-++-+++-+++++,11.000000,270,841,540
9147,+++-+++-+++---++-++-+++-+++-+,11.000000,398,841,796
9148,+--++++-+++---++-++-+++-+--++,9.120245,278,841,556
9149,++-++++-+++---++-++-+++-+---+,8.468988,150,841,300
9150,+-+++++-+++---++-++-+++-+-+++,11.000000,334,841,668
9151,+++++++-+++---++-++-+++-+-+-+,11.000000,270,841,540
9152,+------++++---++-++-+--+-+-++,10.808213,422,841,844
9153,++-----++++---++-++-+--+-+--+,9.974994,486,841,972
9154,+-+----++++---++-++-+--+-++++,11.664357,542,841,1084
9155,+++----++++---++-++-+--+-++-+,11.492077,670,841,1340
9156,+--+---++++---++-++-+--+---++,8.950803,294,841,588
9157,++-+---++++---++-++-+--+----+,9.643411,294,841,588
9158,+-++---++++---++-++-+--+--+++,9.288906,318,841,636
9159,++++---++++---++-++-+--+--+-+,9.295290,382,841,764
9160,+---+--++++---++-++-+--+++-++,10.466916,446,841,892
9161,++--+--++++---++-++-+--+++--+,10.433593,606,841,1212
9162,+-+-+--++++---++-++-+--++++++,9.923024,278,841,556
9163,+++-+--++++---++-++-+--++++-+,11.093249,502,841,1004
9164,+--++--++++---++-++-+--++--++,11.857808,574,841,1148
9165,++-++--++++---++-++-+--++---+,10.560078,478,841,956
9166,+-+++--++++---++-++-+--++-+++,8.698140,182,841,364
9167,+++++--++++---++-++-+--++-+-+,9.278490,278,841,556
9168,+----+-++++---++-++-+----+-++,12.067628,646,841,1292
9169,++---+-++++---++-++-+----+--+,9.676846,326,841,652
9170,+-+--+-++++---++-++-+----++++,12.029775,638,841,1276
9171,+++--+-++++---++-++-+----++-+,10.771331,382,841,764
9172,+--+-+-++++---++-++-+------++,10.490745,358,841,716
9173,++-+-+-++++---++-++-+-------+,8.301371,166,841,332
9174,+-++-+-++++---++-++-+-----+++,9.680237,318,841,636
9175,++++-+-++++---++-++-+-----+-+,8.709689,190,841,380
9176,+---++-++++---++-++-+---++-++,10.374282,574,841,1148
9177,++--++-++++---++-++-+---++--+,11.382315,542,841,1084
9178,+-+-++-++++---++-++-+---+++++,10.005212,342,841,684
9179,+++-++-++++---++-++-+---+++-+,9.234488,246,841,492
9180,+--+++-++++---++-++-+---+--++,10.657775,414,841,828
9181,++-+++-++++---++-++-+---+---+,10.328612,318,841,636
9182,+-++++-++++---++-++-+---+-+++,7.654899,150,841,300
9183,++++++-++++---++-++-+---+-+-+,7.732671,118,841,236
9184,+-----+++++---++-++-+-++-+-++,9.519023,318,841,636
9185,++----+++++---++-++-+-++-+--+,11.075642,542,841,1084
9186,+-+---+++++---++-++-+-++-++++,9.833735,310,841,620
9187,+++---+++++---++-++-+-++-++-+,9.974721,470,841,940
9188,+--+--+++++---++-++-+-++---++,8.522617,254,841,508
9189,++-+--+++++---++-++-+-++----+,11.045617,414,841,828
9190,+-++--+++++---++-++-+-++--+++,9.219544,278,841,556
9191,++++--+++++---++-++-+-++--+-+,10.364485,374,841,748
9192,+---+-+++++---++-++-+-++++-++,8.547322,246,841,492
9193,++--+-+++++---++-++-+-++++--+,10.532673,438,841,876
9194,+-+-+-+++++---++-++-+-+++++++,11.000000,334,841,668
9195,+++-+-+++++---++-++-+-+++++-+,11.000000,462,841,924
9196,+--++-+++++---++-++-+-+++--++,10.051787,246,841,492
9197,++-++-+++++---++-++-+-+++---+,9.628242,310,841,620
9198,+-+++-+++++---++-++-+-+++-+++,11.000000,238,841,476
9199,+++++-+++++---++-++-+-+++-+-+,11.000000,366,841,732
9200,+----++++++---++-++-+-+--+-++,11.315726,478,841,956
9201,++---++++++---++-++-+-+--+--+,8.480456,254,841,508
9202,+-+--++++++---++-++-+-+--++++,10.788246,406,841,812
9203,+++--++++++---++-++-+-+--++-+,9.219544,246,841,492
9204,+--+-++++++---++-++-+-+----++,10.390753,318,841,636
9205,++-+-++++++---++-++-+-+-----+,8.142912,222,841,444
9206,+-++-++++++---++-++-+-+---+++,8.753039,214,841,428
9207,++++-++++++---++-++-+-+---+-+,7.899474,182,841,364
9208,+---+++++++---++-++-+-+-++-++,9.560882,310,841,620
9209,++--+++++++---++-++-+-+-++--+,9.504117,246,841,492
9210,+-+-+++++++---++-++-+-+-+++++,11.000000,398,841,796
9211,+++-+++++++---++-++-+-+-+++-+,11.000000,270,841,540
9212,+--++++++++---++-++-+-+-+--++,8.909389,214,841,428
9213,++-++++++++---++-++-+-+-+---+,8.382630,214,841,428
9214,+-+++++++++---++-++-+-+-+-+++,11.000000,270,841,540
9215,+++++++++++---++-++-+-+-+-+-+,11.000000,334,841,668
9216,+----------+--++---+-+-+-+-++,10.256046,374,841,748
9217,++---------+--++---+-+-+-+--+,9.000000,246,841,492
9218,+-+--------+--++---+-+-+-++++,10.346353,366,841,732
9219,+++--------+--++---+-+-+-++-+,8.208313,174,841,348
9220,+--+-------+--++---+-+-+---++,10.049876,246,841,492
9221,++-+-------+--++---+-+-+----+,9.000000,182,841,364
9222,+-++-------+--++---+-+-+--+++,10.440307,270,841,540
9223,++++-------+--++---+-+-+--+-+,7.726042,142,841,284
9224,+---+------+--++---+-+-+++-++,9.688271,334,841,668
9225,++--+------+--++---+-+-+++--+,10.696666,366,841,732
9226,+-+-+------+--++---+-+-++++++,10.534745,422,841,844
9227,+++-+------+--++---+-+-++++-+,9.439926,390,841,780
9228,+--++------+--++---+-+-++--++,11.180340,270,841,540
9229,++-++------+--++---+-+-++---+,8.743076,174,841,348
9230,+-+++------+--++---+-+-++-+++,10.049876,262,841,524
9231,+++++------+--++---+-+-++-+-+,8.738134,230,841,460
9232,+----+-----+--++---+-+---+-++,9.000000,278,841,556
9233,++---+-----+--++---+-+---+--+,10.758746,470,841,940
9234,+-+--+-----+--++---+-+---++++,7.582428,142,841,284
9235,+++--+-----+--++---+-+---++-+,9.751618,270,841,540
9236,+--+-+-----+--++---+-+-----++,9.000000,182,841,364
9237,++-+-+-----+--++---+-+------+,9.000000,246,841,492
9238,+-++-+-----+--++---+-+----+++,8.201988,142,841,284
9239,++++-+-----+--++---+-+----+-+,9.035029,142,841,284
9240,+---++-----+--++---+-+--++-++,10.229353,334,841,668
9241,++--++-----+--++---+-+--++--+,12.713548,750,841,1500
9242,+-+-++-----+--++---+-+--+++++,8.103369,230,841,460
9243,+++-++-----+--++---+-+--+++-+,10.609159,454,841,908
9244,+--+++-----+--++---+-+--+--++,8.443103,174,841,348
9245,++-+++-----+--++---+-+--+---+,10.040374,270,841,540
9246,+-++++-----+--++---+-+--+-+++,8.682374,166,841,332
9247,++++++-----+--++---+-+--+-+-+,8.468617,198,841,396
9248,+-----+----+--++---+-+++-+-++,9.161250,270,841,540
9249,++----+----+--++---+-+++-+--+,8.627194,174,841,348
9250,+-+---+----+--++---+-+++-++++,9.720462,326,841,652
9251,+++---+----+--++---+-+++-++-+,7.867688,166,841,332
9252,+--+--+----+--++---+-+++---++,10.440307,334,841,668
9253,++-+--+----+--++---+-+++----+,8.601087,174,841,348
9254,+-++--+----+--++---+-+++--+++,12.206556,422,841,844
9255,++++--+----+--++---+-+++--+-+,9.219544,198,841,396
9256,+---+-+----+--++---+-+++++-++,9.112257,198,841,396
9257,++--+-+----+--++---+-+++++--+,9.658730,262,841,524
9258,+-+-+-+----+--++---+-++++++++,10.425889,350,841,700
9259,+++-+-+----+--++---+-++++++-+,9.957392,350,841,700
9260,+--++-+----+--++---+-++++--++,10.049876,262,841,524
9261,++-++-+----+--++---+-++++---+,8.263828,198,841,396
9262,+-+++-+----+--++---+-++++-+++,10.440307,318,841,636
9263,+++++-+----+--++---+-++++-+-+,9.306441,318,841,636
9264,+----++----+--++---+-++--+-++,10.238304,366,841,732
9265,++---++----+--++---+-++--+--+,10.041024,398,841,796
9266,+-+--++----+--++---+-++--++++,8.692712,230,841,460
9267,+++--++----+--++---+-++--++-+,9.975976,326,841,652
9268,+--+-++----+--++---+-++----++,10.650641,398,841,796
9269,++-+-++----+--++---+-++-----+,8.718463,174,841,348
9270,+-++-++----+--++---+-++---+++,9.219544,230,841,460
9271,++++-++----+--++---+-++---+-+,7.280110,70,841,140
9272,+---+++----+--++---+-++-++-++,8.587719,262,841,524
9273,++--+++----+--++---+-++-++--+,11.485857,518,841,1036
9274,+-+-+++----+--++---+-++-+++++,8.556880,158,841,316
9275,+++-+++----+--++---+-++-+++-+,9.924378,350,841,700
9276,+--++++----+--++---+-++-+--++,9.966114,294,841,588
9277,++-++++----+--++---+-++-+---+,8.729327,230,841,460
9278,+-+++++----+--++---+-++-+-+++,8.277598,158,841,316
9279,+++++++----+--++---+-++-+-+-+,8.342224,158,841,316
9280,+------+---+--++---+---+-+-++,10.049876,374,841,748
9281,++-----+---+--++---+---+-+--+,9.000000,246,841,492
9282,+-+----+---+--++---+---+-++++,10.440307,366,841,732
9283,+++----+---+--++---+---+-++-+,7.983786,174,841,348
9284,+--+---+---+--++---+---+---++,14.035669,822,841,1644
9285,++-+---+---+--++---+---+----+,10.049876,374,841,748
9286,+-++---+---+--++---+---+--+++,14.317821,846,841,1692
9287,++++---+---+--++---+---+--+-+,10.440307,334,841,668
9288,+---+--+---+--++---+---+++-++,11.180340,366,841,732
9289,++--+--+---+--++---+---+++--+,10.322862,334,841,668
9290,+-+-+--+---+--++---+---++++++,10.049876,326,841,652
9291,+++-+--+---+--++---+---++++-+,8.607987,230,841,460
9292,+--++--+---+--++---+---++--++,14.866069,942,841,1884
9293,++-++--+---+--++---+---++---+,11.180340,398,841,796
9294,+-+++--+---+--++---+---++-+++,14.035669,806,841,1612
9295,+++++--+---+--++---+---++-+-+,10.049876,326,841,652
9296,+----+-+---+--++---+-----+-++,9.000000,182,841,364
9297,++---+-+---+--++---+-----+--+,10.137370,374,841,748
9298,+-+--+-+---+--++---+-----++++,7.576869,110,841,220
9299,+++--+-+---+--++---+-----++-+,8.899882,238,841,476
9300,+--+-+-+---+--++---+-------++,10.049876,278,841,556
9301,++-+-+-+---+--++---+--------+,9.481198,342,841,684
9302,+-++-+-+---+--++---+------+++,10.440307,302,841,604
9303,++++-+-+---+--++---+------+-+,9.132196,302,841,604
9304,+---++-+---+--++---+----++-++,9.478920,206,841,412
9305,++--++-+---+--++---+----++--+,11.943054,558,841,1116
9306,+-+-++-+---+--++---+----+++++,8.587731,166,841,332
9307,+++-++-+---+--++---+----+++-+,9.714441,326,841,652
9308,+--+++-+---+--++---+----+--++,11.180340,302,841,604
9309,++-+++-+---+--++---+----+---+,9.563137,334,841,668
9310,+-++++-+---+--++---+----+-+++,10.049876,358,841,716
9311,++++++-+---+--++---+----+-+-+,9.234022,326,841,652
9312,+-----++---+--++---+--++-+-++,10.440307,366,841,732
9313,++----++---+--++---+--++-+--+,9.118583,334,841,668
9314,+-+---++---+--++---+--++-++++,12.206556,486,841,972
9315,+++---++---+--++---+--++-++-+,9.219544,262,841,524
9316,+--+--++---+--++---+--++---++,14.317821,942,841,1884
9317,++-+--++---+--++---+--++----+,10.440307,462,841,924
9318,+-++--++---+--++---+--++--+++,15.652476,1222,841,2444
9319,++++--++---+--++---+--++--+-+,12.206556,550,841,1100
9320,+---+-++---+--++---+--++++-++,10.049876,262,841,524
9321,++--+-++---+--++---+--++++--+,9.785211,326,841,652
9322,+-+-+-++---+--++---+--+++++++,10.440307,350,841,700
9323,+++-+-++---+--++---+--+++++-+,8.451616,222,841,444
9324,+--++-++---+--++---+--+++--++,14.035669,774,841,1548
9325,++-++-++---+--++---+--+++---+,10.049876,326,841,652
9326,+-+++-++---+--++---+--+++-+++,14.317821,894,841,1788
9327,+++++-++---+--++---+--+++-+-+,10.440307,382,841,764
9328,+----+++---+--++---+--+--+-++,9.702272,238,841,476
9329,++---+++---+--++---+--+--+--+,9.691095,334,841,668
9330,+-+--+++---+--++---+--+--++++,9.219544,230,841,460
9331,+++--+++---+--++---+--+--++-+,8.821203,262,841,524
9332,+--+-+++---+--++---+--+----++,10.440307,398,841,796
9333,++-+-+++---+--++---+--+-----+,8.423734,238,841,476
9334,+-++-+++---+--++---+--+---+++,12.206556,486,841,972
9335,++++-+++---+--++---+--+---+-+,9.219544,262,841,524
9336,+---++++---+--++---+--+-++-++,8.201689,166,841,332
9337,++--++++---+--++---+--+-++--+,11.012438,422,841,844
9338,+-+-++++---+--++---+--+-+++++,8.519902,190,841,380
9339,+++-++++---+--++---+--+-+++-+,9.266337,254,841,508
9340,+--+++++---+--++---+--+-+--++,10.049876,262,841,524
9341,++-+++++---+--++---+--+-+---+,8.751265,198,841,396
9342,+-++++++---+--++---+--+-+-+++,10.440307,382,841,764
9343,++++++++---+--++---+--+-+-+-+,9.198186,254,841,508
9344,+-------+--+--++---+++-+-+-++,8.795247,174,841,348
9345,++------+--+--++---+++-+-+--+,8.358961,142,841,284
9346,+-+-----+--+--++---+++-+-++++,9.148737,294,841,588
9347,+++-----+--+--++---+++-+-++-+,9.107009,198,841,396
9348,+--+----+--+--++---+++-+---++,11.180340,270,841,540
9349,++-+----+--+--++---+++-+----+,8.252613,174,841,348
9350,+-++----+--+--++---+++-+--+++,10.050022,422,841,844
9351,++++----+--+--++---+++-+--+-+,9.579411,262,841,524
9352,+---+---+--+--++---+++-+++-++,10.816654,422,841,844
9353,++--+---+--+--++---+++-+++--+,10.738892,422,841,844
9354,+-+-+---+--+--++---+++-++++++,9.453439,254,841,508
9355,+++-+---+--+--++---+++-++++-+,8.449237,190,841,380
9356,+--++---+--+--++---+++-++--++,13.453624,582,841,1164
9357,++-++---+--+--++---+++-++---+,10.816654,326,841,652
9358,+-+++---+--+--++---+++-++-+++,11.180340,318,841,636
9359,+++++---+--+--++---+++-++-+-+,7.810250,126,841,252
9360,+----+--+--+--++---+++---+-++,9.393079,270,841,540
9361,++---+--+--+--++---+++---+--+,10.847992,430,841,860
9362,+-+--+--+--+--++---+++---++++,9.504838,326,841,652
9363,+++--+--+--+--++---+++---++-+,9.775554,422,841,844
9364,+--+-+--+--+--++---+++-----++,8.901344,206,841,412
9365,++-+-+--+--+--++---+++------+,7.556596,110,841,220
9366,+-++-+--+--+--++---+++----+++,9.576158,358,841,716
9367,++++-+--+--+--++---+++----+-+,9.107384,198,841,396
9368,+---++--+--+--++---+++--++-++,10.916753,550,841,1100
9369,++--++--+--+--++---+++--++--+,12.966197,934,841,1868
9370,+-+-++--+--+--++---+++--+++++,9.251262,254,841,508
9371,+++-++--+--+--++---+++--+++-+,10.817695,446,841,892
9372,+--+++--+--+--++---+++--+--++,10.816654,422,841,844
9373,++-+++--+--+--++---+++--+---+,10.319823,358,841,716
9374,+-++++--+--+--++---+++--+-+++,8.857787,222,841,444
9375,++++++--+--+--++---+++--+-+-+,7.542506,94,841,188
9376,+-----+-+--+--++---+++++-+-++,10.352804,358,841,716
9377,++----+-+--+--++---+++++-+--+,10.334974,358,841,716
9378,+-+---+-+--+--++---+++++-++++,9.776375,350,841,700
9379,+++---+-+--+--++---+++++-++-+,9.719790,286,841,572
9380,+--+--+-+--+--++---+++++---++,10.249905,454,841,908
9381,++-+--+-+--+--++---+++++----+,10.540014,390,841,780
9382,+-++--+-+--+--++---+++++--+++,10.440307,478,841,956
9383,++++--+-+--+--++---+++++--+-+,10.316856,350,841,700
9384,+---+-+-+--+--++---+++++++-++,8.442167,190,841,380
9385,++--+-+-+--+--++---+++++++--+,9.299565,222,841,444
9386,+-+-+-+-+--+--++---++++++++++,9.620644,278,841,556
9387,+++-+-+-+--+--++---++++++++-+,9.833135,246,841,492
9388,+--++-+-+--+--++---++++++--++,11.180340,286,841,572
9389,++-++-+-+--+--++---++++++---+,7.810250,190,841,380
9390,+-+++-+-+--+--++---++++++-+++,10.049876,278,841,556
9391,+++++-+-+--+--++---++++++-+-+,9.672667,246,841,492
9392,+----++-+--+--++---++++--+-++,11.768477,582,841,1164
9393,++---++-+--+--++---++++--+--+,10.418546,582,841,1164
9394,+-+--++-+--+--++---++++--++++,10.846355,446,841,892
9395,+++--++-+--+--++---++++--++-+,10.161351,510,841,1020
9396,+--+-++-+--+--++---++++----++,11.653124,582,841,1164
9397,++-+-++-+--+--++---++++-----+,10.276783,326,841,652
9398,+-++-++-+--+--++---++++---+++,9.922652,414,841,828
9399,++++-++-+--+--++---++++---+-+,9.714613,222,841,444
9400,+---+++-+--+--++---++++-++-++,9.510220,318,841,636
9401,++--+++-+--+--++---++++-++--+,11.512634,542,841,1084
9402,+-+-+++-+--+--++---++++-+++++,8.366375,214,841,428
9403,+++-+++-+--+--++---++++-+++-+,9.977434,374,841,748
9404,+--++++-+--+--++---++++-+--++,10.255909,318,841,636
9405,++-++++-+--+--++---++++-+---+,8.484947,222,841,444
9406,+-+++++-+--+--++---++++-+-+++,8.313662,182,841,364
9407,+++++++-+--+--++---++++-+-+-+,8.822754,150,841,300
9408,+------++--+--++---++--+-+-++,11.180340,302,841,604
9409,++-----++--+--++---++--+-+--+,8.191093,206,841,412
9410,+-+----++--+--++---++--+-++++,10.049876,358,841,716
9411,+++----++--+--++---++--+-++-+,9.834527,326,841,652
9412,+--+---++--+--++---++--+---++,14.866069,910,841,1820
9413,++-+---++--+--++---++--+----+,11.180340,366,841,732
9414,+-++---++--+--++---++--+--+++,14.035669,870,841,1740
9415,++++---++--+--++---++--+--+-+,10.049876,390,841,780
9416,+---+--++--+--++---++--+++-++,13.453624,646,841,1292
9417,++--+--++--+--++---++--+++--+,10.816654,518,841,1036
9418,+-+-+--++--+--++---++--++++++,11.180340,286,841,572
9419,+++-+--++--+--++---++--++++-+,8.086471,222,841,444
9420,+--++--++--+--++---++--++--++,16.643317,1510,841,3020
9421,++-++--++--+--++---++--++---+,13.453624,742,841,1484
9422,+-+++--++--+--++---++--++-+++,14.866069,926,841,1852
9423,+++++--++--+--++---++--++-+-+,11.180340,350,841,700
9424,+----+-++--+--++---++----+-++,9.455552,238,841,476
9425,++---+-++--+--++---++----+--+,9.910355,334,841,668
9426,+-+--+-++--+--++---++----++++,10.230951,294,841,588
9427,+++--+-++--+--++---++----++-+,10.545243,454,841,908
9428,+--+-+-++--+--++---++------++,11.180340,302,841,604
9429,++-+-+-++--+--++---++-------+,7.810250,142,841,284
9430,+-++-+-++--+--++---++-----+++,10.049876,326,841,652
9431,++++-+-++--+--++---++-----+-+,9.162443,230,841,460
9432,+---++-++--+--++---++---++-++,10.816654,422,841,844
9433,++--++-++--+--++---++---++--+,11.919686,678,841,1356
9434,+-+-++-++--+--++---++---+++++,7.810250,126,841,252
9435,+++-++-++--+--++---++---+++-+,9.597269,318,841,636
9436,+--+++-++--+--++---++---+--++,13.453624,614,841,1228
9437,++-+++-++--+--++---++---+---+,10.816654,422,841,844
9438,+-++++-++--+--++---++---+-+++,11.180340,286,841,572
9439,++++++-++--+--++---++---+-+-+,7.986314,158,841,316
9440,+-----+++--+--++---++-++-+-++,10.264531,454,841,908
9441,++----+++--+--++---++-++-+--+,10.514074,454,841,908
9442,+-+---+++--+--++---++-++-++++,10.440307,446,841,892
9443,+++---+++--+--++---++-++-++-+,9.769579,382,841,764
9444,+--+--+++--+--++---++-++---++,14.035669,998,841,1996
9445,++-+--+++--+--++---++-++----+,10.676082,550,841,1100
9446,+-++--+++--+--++---++-++--+++,14.317821,1022,841,2044
9447,++++--+++--+--++---++-++--+-+,10.440307,510,841,1020
9448,+---+-+++--+--++---++-++++-++,11.180340,318,841,636
9449,++--+-+++--+--++---++-++++--+,9.059018,286,841,572
9450,+-+-+-+++--+--++---++-+++++++,10.049876,278,841,556
9451,+++-+-+++--+--++---++-+++++-+,8.418974,182,841,364
9452,+--++-+++--+--++---++-+++--++,14.866069,926,841,1852
9453,++-++-+++--+--++---++-+++---+,11.180340,382,841,764
9454,+-+++-+++--+--++---++-+++-+++,14.035669,790,841,1580
9455,+++++-+++--+--++---++-+++-+-+,10.049876,310,841,620
9456,+----++++--+--++---++-+--+-++,11.527281,518,841,1036
9457,++---++++--+--++---++-+--+--+,10.336025,518,841,1036
9458,+-+--++++--+--++---++-+--++++,11.202726,446,841,892
9459,+++--++++--+--++---++-+--++-+,10.676821,510,841,1020
9460,+--+-++++--+--++---++-+----++,11.149967,582,841,1164
9461,++-+-++++--+--++---++-+-----+,10.204375,326,841,652
9462,+-++-++++--+--++---++-+---+++,10.440307,478,841,956
9463,++++-++++--+--++---++-+---+-+,9.762064,286,841,572
9464,+---+++++--+--++---++-+-++-++,8.836544,222,841,444
9465,++--+++++--+--++---++-+-++--+,10.716443,382,841,764
9466,+-+-+++++--+--++---++-+-+++++,8.766901,182,841,364
9467,+++-+++++--+--++---++-+-+++-+,9.082896,278,841,556
9468,+--++++++--+--++---++-+-+--++,11.180340,350,841,700
9469,++-++++++--+--++---++-+-+---+,8.053515,190,841,380
9470,+-+++++++--+--++---++-+-+-+++,10.049876,278,841,556
9471,+++++++++--+--++---++-+-+-+-+,8.541722,182,841,364
9472,+--------+-+--++-----+-+-+-++,9.157877,310,841,620
9473,++-------+-+--++-----+-+-+--+,9.000000,246,841,492
9474,+-+------+-+--++-----+-+-++++,10.273304,366,841,732
9475,+++------+-+--++-----+-+-++-+,9.706193,238,841,476
9476,+--+-----+-+--++-----+-+---++,9.000000,246,841,492
9477,++-+-----+-+--++-----+-+----+,9.000000,246,841,492
9478,+-++-----+-+--++-----+-+--+++,9.847066,334,841,668
9479,++++-----+-+--++-----+-+--+-+,9.150046,270,841,540
9480,+---+----+-+--++-----+-+++-++,8.452273,206,841,412
9481,++--+----+-+--++-----+-+++--+,10.050915,302,841,604
9482,+-+-+----+-+--++-----+-++++++,10.071422,358,841,716
9483,+++-+----+-+--++-----+-++++-+,10.640869,390,841,780
9484,+--++----+-+--++-----+-++--++,8.927054,206,841,412
9485,++-++----+-+--++-----+-++---+,8.421561,174,841,348
9486,+-+++----+-+--++-----+-++-+++,8.917744,262,841,524
9487,+++++----+-+--++-----+-++-+-+,9.605207,294,841,588
9488,+----+---+-+--++-----+---+-++,9.000000,310,841,620
9489,++---+---+-+--++-----+---+--+,10.053141,374,841,748
9490,+-+--+---+-+--++-----+---++++,8.638367,238,841,476
9491,+++--+---+-+--++-----+---++-+,9.264660,238,841,476
9492,+--+-+---+-+--++-----+-----++,9.348474,278,841,556
9493,++-+-+---+-+--++-----+------+,9.176870,214,841,428
9494,+-++-+---+-+--++-----+----+++,9.715022,302,841,604
9495,++++-+---+-+--++-----+----+-+,8.595151,174,841,348
9496,+---++---+-+--++-----+--++-++,9.994883,366,841,732
9497,++--++---+-+--++-----+--++--+,12.163417,654,841,1308
9498,+-+-++---+-+--++-----+--+++++,9.112937,326,841,652
9499,+++-++---+-+--++-----+--+++-+,10.129787,422,841,844
9500,+--+++---+-+--++-----+--+--++,9.400586,270,841,540
9501,++-+++---+-+--++-----+--+---+,9.563073,238,841,476
9502,+-++++---+-+--++-----+--+-+++,9.552882,326,841,652
9503,++++++---+-+--++-----+--+-+-+,8.793959,230,841,460
9504,+-----+--+-+--++-----+++-+-++,8.537043,174,841,348
9505,++----+--+-+--++-----+++-+--+,10.095483,270,841,540
9506,+-+---+--+-+--++-----+++-++++,8.035539,166,841,332
9507,+++---+--+-+--++-----+++-++-+,8.467123,198,841,396
9508,+--+--+--+-+--++-----+++---++,8.941999,302,841,604
9509,++-+--+--+-+--++-----+++----+,10.353777,334,841,668
9510,+-++--+--+-+--++-----+++--+++,9.488131,326,841,652
9511,++++--+--+-+--++-----+++--+-+,9.986713,294,841,588
9512,+---+-+--+-+--++-----+++++-++,7.141514,102,841,204
9513,++--+-+--+-+--++-----+++++--+,8.621037,230,841,460
9514,+-+-+-+--+-+--++-----++++++++,8.495881,190,841,380
9515,+++-+-+--+-+--++-----++++++-+,9.365265,254,841,508
9516,+--++-+--+-+--++-----++++--++,9.548330,230,841,460
9517,++-++-+--+-+--++-----++++---+,8.103487,230,841,460
9518,+-+++-+--+-+--++-----++++-+++,8.703916,222,841,444
9519,+++++-+--+-+--++-----++++-+-+,9.153399,286,841,572
9520,+----++--+-+--++-----++--+-++,9.663818,302,841,604
9521,++---++--+-+--++-----++--+--+,9.294162,334,841,668
9522,+-+--++--+-+--++-----++--++++,9.419581,230,841,460
9523,+++--++--+-+--++-----++--++-+,9.791426,326,841,652
9524,+--+-++--+-+--++-----++----++,10.216773,398,841,796
9525,++-+-++--+-+--++-----++-----+,8.529745,174,841,348
9526,+-++-++--+-+--++-----++---+++,9.330709,294,841,588
9527,++++-++--+-+--++-----++---+-+,7.764496,134,841,268
9528,+---+++--+-+--++-----++-++-++,8.964883,262,841,524
9529,++--+++--+-+--++-----++-++--+,10.676881,390,841,780
9530,+-+-+++--+-+--++-----++-+++++,8.704783,222,841,444
9531,+++-+++--+-+--++-----++-+++-+,9.330098,286,841,572
9532,+--++++--+-+--++-----++-+--++,10.275001,358,841,716
9533,++-++++--+-+--++-----++-+---+,7.869374,166,841,332
9534,+-+++++--+-+--++-----++-+-+++,9.344325,286,841,572
9535,+++++++--+-+--++-----++-+-+-+,8.977732,158,841,316
9536,+------+-+-+--++-------+-+-++,10.024899,342,841,684
9537,++-----+-+-+--++-------+-+--+,9.000000,278,841,556
9538,+-+----+-+-+--++-------+-++++,10.496151,334,841,668
9539,+++----+-+-+--++-------+-++-+,9.263781,206,841,412
9540,+--+---+-+-+--++-------+---++,10.049876,278,841,556
9541,++-+---+-+-+--++-------+----+,9.016361,278,841,556
9542,+-++---+-+-+--++-------+--+++,10.440307,302,841,604
9543,++++---+-+-+--++-------+--+-+,8.291629,238,841,476
9544,+---+--+-+-+--++-------+++-++,8.749924,206,841,412
9545,++--+--+-+-+--++-------+++--+,9.521091,238,841,476
9546,+-+-+--+-+-+--++-------++++++,9.666438,294,841,588
9547,+++-+--+-+-+--++-------++++-+,9.641799,262,841,524
9548,+--++--+-+-+--++-------++--++,11.180340,270,841,540
9549,++-++--+-+-+--++-------++---+,8.245600,174,841,348
9550,+-+++--+-+-+--++-------++-+++,10.049876,262,841,524
9551,+++++--+-+-+--++-------++-+-+,8.740989,230,841,460
9552,+----+-+-+-+--++---------+-++,9.236174,246,841,492
9553,++---+-+-+-+--++---------+--+,9.000000,310,841,620
9554,+-+--+-+-+-+--++---------++++,8.871939,174,841,348
9555,+++--+-+-+-+--++---------++-+,8.280003,174,841,348
9556,+--+-+-+-+-+--++-----------++,9.000000,214,841,428
9557,++-+-+-+-+-+--++------------+,10.985685,534,841,1068
9558,+-++-+-+-+-+--++----------+++,8.812235,238,841,476
9559,++++-+-+-+-+--++----------+-+,11.314393,494,841,988
9560,+---++-+-+-+--++--------++-++,9.061645,206,841,412
9561,++--++-+-+-+--++--------++--+,11.177770,430,841,860
9562,+-+-++-+-+-+--++--------+++++,8.756386,294,841,588
9563,+++-++-+-+-+--++--------+++-+,9.150585,326,841,652
9564,+--+++-+-+-+--++--------+--++,8.201518,174,841,348
9565,++-+++-+-+-+--++--------+---+,10.698336,462,841,924
9566,+-++++-+-+-+--++--------+-+++,10.116731,358,841,716
9567,++++++-+-+-+--++--------+-+-+,11.594741,582,841,1164
9568,+-----++-+-+--++------++-+-++,8.919135,238,841,476
9569,++----++-+-+--++------++-+--+,10.992756,398,841,796
9570,+-+---++-+-+--++------++-++++,9.219544,230,841,460
9571,+++---++-+-+--++------++-++-+,8.876127,198,841,396
9572,+--+--++-+-+--++------++---++,10.440307,302,841,604
9573,++-+--++-+-+--++------++----+,10.782136,398,841,796
9574,+-++--++-+-+--++------++--+++,12.206556,454,841,908
9575,++++--++-+-+--++------++--+-+,9.649746,358,841,716
9576,+---+-++-+-+--++------++++-++,8.294053,198,841,396
9577,++--+-++-+-+--++------++++--+,10.062424,326,841,652
9578,+-+-+-++-+-+--++------+++++++,9.046195,286,841,572
9579,+++-+-++-+-+--++------+++++-+,8.554023,222,841,444
9580,+--++-++-+-+--++------+++--++,10.049876,198,841,396
9581,++-++-++-+-+--++------+++---+,8.955272,198,841,396
9582,+-+++-++-+-+--++------+++-+++,10.440307,318,841,636
9583,+++++-++-+-+--++------+++-+-+,9.186596,254,841,508
9584,+----+++-+-+--++------+--+-++,8.439594,142,841,284
9585,++---+++-+-+--++------+--+--+,8.984968,238,841,476
9586,+-+--+++-+-+--++------+--++++,7.918226,134,841,268
9587,+++--+++-+-+--++------+--++-+,7.988621,166,841,332
9588,+--+-+++-+-+--++------+----++,8.481661,174,841,348
9589,++-+-+++-+-+--++------+-----+,10.200914,398,841,796
9590,+-++-+++-+-+--++------+---+++,9.219544,262,841,524
9591,++++-+++-+-+--++------+---+-+,10.832336,422,841,844
9592,+---++++-+-+--++------+-++-++,8.145856,198,841,396
9593,++--++++-+-+--++------+-++--+,9.893347,326,841,652
9594,+-+-++++-+-+--++------+-+++++,10.358221,350,841,700
9595,+++-++++-+-+--++------+-+++-+,9.861520,286,841,572
9596,+--+++++-+-+--++------+-+--++,8.484509,166,841,332
9597,++-+++++-+-+--++------+-+---+,10.269133,358,841,716
9598,+-++++++-+-+--++------+-+-+++,11.009893,414,841,828
9599,++++++++-+-+--++------+-+-+-+,11.525946,542,841,1084
9600,+-------++-+--++----++-+-+-++,7.929405,142,841,284
9601,++------++-+--++----++-+-+--+,9.183644,238,841,476
9602,+-+-----++-+--++----++-+-++++,9.966381,390,841,780
9603,+++-----++-+--++----++-+-++-+,9.624355,294,841,588
9604,+--+----++-+--++----++-+---++,10.021107,366,841,732
9605,++-+----++-+--++----++-+----+,10.538796,398,841,796
9606,+-++----++-+--++----++-+--+++,12.278007,774,841,1548
9607,++++----++-+--++----++-+--+-+,11.536374,614,841,1228
9608,+---+---++-+--++----++-+++-++,9.219544,262,841,524
9609,++--+---++-+--++----++-+++--+,10.356319,390,841,780
9610,+-+-+---++-+--++----++-++++++,8.258961,222,841,444
9611,+++-+---++-+--++----++-++++-+,8.062490,158,841,316
9612,+--++---++-+--++----++-++--++,10.816654,422,841,844
9613,++-++---++-+--++----++-++---+,9.219544,294,841,588
9614,+-+++---++-+--++----++-++-+++,10.547495,414,841,828
9615,+++++---++-+--++----++-++-+-+,8.869679,222,841,444
9616,+----+--++-+--++----++---+-++,9.113002,270,841,540
9617,++---+--++-+--++----++---+--+,10.361038,366,841,732
9618,+-+--+--++-+--++----++---++++,9.591996,454,841,908
9619,+++--+--++-+--++----++---++-+,9.332441,358,841,716
9620,+--+-+--++-+--++----++-----++,9.774845,334,841,668
9621,++-+-+--++-+--++----++------+,8.420788,174,841,348
9622,+-++-+--++-+--++----++----+++,11.789830,742,841,1484
9623,++++-+--++-+--++----++----+-+,10.287293,390,841,780
9624,+---++--++-+--++----++--++-++,11.031003,614,841,1228
9625,++--++--++-+--++----++--++--+,12.641957,934,841,1868
9626,+-+-++--++-+--++----++--+++++,10.438607,446,841,892
9627,+++-++--++-+--++----++--+++-+,10.615340,446,841,892
9628,+--+++--++-+--++----++--+--++,9.693610,486,841,972
9629,++-+++--++-+--++----++--+---+,10.114915,358,841,716
9630,+-++++--++-+--++----++--+-+++,11.089801,542,841,1084
9631,++++++--++-+--++----++--+-+-+,8.056323,222,841,444
9632,+-----+-++-+--++----++++-+-++,10.350118,358,841,716
9633,++----+-++-+--++----++++-+--+,11.608537,614,841,1228
9634,+-+---+-++-+--++----++++-++++,10.172400,350,841,700
9635,+++---+-++-+--++----++++-++-+,10.731667,414,841,828
9636,+--+--+-++-+--++----++++---++,10.738488,582,841,1164
9637,++-+--+-++-+--++----++++----+,12.213094,774,841,1548
9638,+-++--+-++-+--++----++++--+++,11.959842,734,841,1468
9639,++++--+-++-+--++----++++--+-+,12.257503,734,841,1468
9640,+---+-+-++-+--++----++++++-++,7.875868,126,841,252
9641,++--+-+-++-+--++----++++++--+,9.384315,286,841,572
9642,+-+-+-+-++-+--++----+++++++++,8.333082,214,841,428
9643,+++-+-+-++-+--++----+++++++-+,8.393042,182,841,364
9644,+--++-+-++-+--++----+++++--++,8.705285,222,841,444
9645,++-++-+-++-+--++----+++++---+,9.535637,254,841,508
9646,+-+++-+-++-+--++----+++++-+++,9.789285,342,841,684
9647,+++++-+-++-+--++----+++++-+-+,9.412275,310,841,620
9648,+----++-++-+--++----+++--+-++,10.397797,422,841,844
9649,++---++-++-+--++----+++--+--+,10.296790,486,841,972
9650,+-+--++-++-+--++----+++--++++,9.723334,414,841,828
9651,+++--++-++-+--++----+++--++-+,9.767605,414,841,828
9652,+--+-++-++-+--++----+++----++,10.294617,550,841,1100
9653,++-+-++-++-+--++----+++-----+,10.504867,358,841,716
9654,+-++-++-++-+--++----+++---+++,10.727202,638,841,1276
9655,++++-++-++-+--++----+++---+-+,10.610024,382,841,764
9656,+---+++-++-+--++----+++-++-++,8.845258,286,841,572
9657,++--+++-++-+--++----+++-++--+,10.920538,446,841,892
9658,+-+-+++-++-+--++----+++-+++++,8.912654,310,841,620
9659,+++-+++-++-+--++----+++-+++-+,9.489106,278,841,556
9660,+--++++-++-+--++----+++-+--++,9.313076,286,841,572
9661,++-++++-++-+--++----+++-+---+,7.898559,126,841,252
9662,+-+++++-++-+--++----+++-+-+++,9.803148,406,841,812
9663,+++++++-++-+--++----+++-+-+-+,8.517148,182,841,364
9664,+------+++-+--++----+--+-+-++,8.718258,174,841,348
9665,++-----+++-+--++----+--+-+--+,9.512269,206,841,412
9666,+-+----+++-+--++----+--+-++++,9.209360,294,841,588
9667,+++----+++-+--++----+--+-++-+,9.111194,262,841,524
9668,+--+---+++-+--++----+--+---++,11.180340,334,841,668
9669,++-+---+++-+--++----+--+----+,10.275064,302,841,604
9670,+-++---+++-+--++----+--+--+++,10.664390,486,841,972
9671,++++---+++-+--++----+--+--+-+,10.541422,390,841,780
9672,+---+--+++-+--++----+--+++-++,10.816654,326,841,652
9673,++--+--+++-+--++----+--+++--+,9.563378,326,841,652
9674,+-+-+--+++-+--++----+--++++++,8.158207,158,841,316
9675,+++-+--+++-+--++----+--++++-+,7.340877,94,841,188
9676,+--++--+++-+--++----+--++--++,13.453624,614,841,1228
9677,++-++--+++-+--++----+--++---+,10.816654,358,841,716
9678,+-+++--+++-+--++----+--++-+++,11.180340,350,841,700
9679,+++++--+++-+--++----+--++-+-+,7.810250,158,841,316
9680,+----+-+++-+--++----+----+-++,8.236496,142,841,284
9681,++---+-+++-+--++----+----+--+,8.966664,174,841,348
9682,+-+--+-+++-+--++----+----++++,9.071971,262,841,524
9683,+++--+-+++-+--++----+----++-+,9.174432,230,841,460
9684,+--+-+-+++-+--++----+------++,7.810250,142,841,284
9685,++-+-+-+++-+--++----+-------+,9.861880,302,841,604
9686,+-++-+-+++-+--++----+-----+++,9.877008,358,841,716
9687,++++-+-+++-+--++----+-----+-+,10.285748,454,841,908
9688,+---++-+++-+--++----+---++-++,9.643355,326,841,652
9689,++--++-+++-+--++----+---++--+,11.396115,518,841,1036
9690,+-+-++-+++-+--++----+---+++++,8.916605,222,841,444
9691,+++-++-+++-+--++----+---+++-+,8.862592,222,841,444
9692,+--+++-+++-+--++----+---+--++,10.816654,326,841,652
9693,++-+++-+++-+--++----+---+---+,9.876023,454,841,908
9694,+-++++-+++-+--++----+---+-+++,9.651628,318,841,636
9695,++++++-+++-+--++----+---+-+-+,10.642879,382,841,764
9696,+-----++++-+--++----+-++-+-++,10.481594,422,841,844
9697,++----++++-+--++----+-++-+--+,12.093893,678,841,1356
9698,+-+---++++-+--++----+-++-++++,9.876445,350,841,700
9699,+++---++++-+--++----+-++-++-+,10.532264,414,841,828
9700,+--+--++++-+--++----+-++---++,10.753134,518,841,1036
9701,++-+--++++-+--++----+-++----+,12.365751,710,841,1420
9702,+-++--++++-+--++----+-++--+++,10.954362,606,841,1212
9703,++++--++++-+--++----+-++--+-+,11.730365,606,841,1212
9704,+---+-++++-+--++----+-++++-++,9.041465,286,841,572
9705,++--+-++++-+--++----+-++++--+,10.515963,382,841,764
9706,+-+-+-++++-+--++----+-+++++++,9.952500,310,841,620
9707,+++-+-++++-+--++----+-+++++-+,8.658877,214,841,428
9708,+--++-++++-+--++----+-+++--++,11.180340,318,841,636
9709,++-++-++++-+--++----+-+++---+,10.032619,286,841,572
9710,+-+++-++++-+--++----+-+++-+++,10.049876,374,841,748
9711,+++++-++++-+--++----+-+++-+-+,8.927379,278,841,556
9712,+----+++++-+--++----+-+--+-++,10.291866,326,841,652
9713,++---+++++-+--++----+-+--+--+,10.439872,390,841,780
9714,+-+--+++++-+--++----+-+--++++,9.835813,318,841,636
9715,+++--+++++-+--++----+-+--++-+,9.713917,318,841,636
9716,+--+-+++++-+--++----+-+----++,10.200127,326,841,652
9717,++-+-+++++-+--++----+-+-----+,10.615903,518,841,1036
9718,+-++-+++++-+--++----+-+---+++,9.888811,414,841,828
9719,++++-+++++-+--++----+-+---+-+,10.176635,542,841,1084
9720,+---++++++-+--++----+-+-++-++,8.791147,222,841,444
9721,++--++++++-+--++----+-+-++--+,9.798624,318,841,636
9722,+-+-++++++-+--++----+-+-+++++,10.835976,374,841,748
9723,+++-++++++-+--++----+-+-+++-+,9.679229,278,841,556
9724,+--+++++++-+--++----+-+-+--++,8.341968,158,841,316
9725,++-+++++++-+--++----+-+-+---+,9.676759,318,841,636
9726,+-++++++++-+--++----+-+-+-+++,10.927829,406,841,812
9727,++++++++++-+--++----+-+-+-+-+,10.774374,502,841,1004
9728,+---------++--++--++-+-+-+-++,8.573656,238,841,476
9729,++--------++--++--++-+-+-+--+,10.283720,334,841,668
9730,+-+-------++--++--++-+-+-++++,9.219544,294,841,588
9731,+++-------++--++--++-+-+-++-+,8.210657,198,841,396
9732,+--+------++--++--++-+-+---++,10.440307,270,841,540
9733,++-+------++--++--++-+-+----+,8.789138,302,841,604
9734,+-++------++--++--++-+-+--+++,12.206556,486,841,972
9735,++++------++--++--++-+-+--+-+,9.219544,326,841,652
9736,+---+-----++--++--++-+-+++-++,10.693146,454,841,908
9737,++--+-----++--++--++-+-+++--+,12.420811,710,841,1420
9738,+-+-+-----++--++--++-+-++++++,8.917857,222,841,444
9739,+++-+-----++--++--++-+-++++-+,9.506248,286,841,572
9740,+--++-----++--++--++-+-++--++,10.289272,422,841,844
9741,++-++-----++--++--++-+-++---+,10.815435,422,841,844
9742,+-+++-----++--++--++-+-++-+++,10.440307,222,841,444
9743,+++++-----++--++--++-+-++-+-+,7.711806,158,841,316
9744,+----+----++--++--++-+---+-++,8.974991,206,841,412
9745,++---+----++--++--++-+---+--+,11.821819,622,841,1244
9746,+-+--+----++--++--++-+---++++,7.288355,134,841,268
9747,+++--+----++--++--++-+---++-+,10.041356,358,841,716
9748,+--+-+----++--++--++-+-----++,7.788540,142,841,284
9749,++-+-+----++--++--++-+------+,9.379521,302,841,604
9750,+-++-+----++--++--++-+----+++,9.219544,294,841,588
9751,++++-+----++--++--++-+----+-+,8.631549,262,841,524
9752,+---++----++--++--++-+--++-++,11.731856,646,841,1292
9753,++--++----++--++--++-+--++--+,14.045147,1286,841,2572
9754,+-+-++----++--++--++-+--+++++,8.660394,222,841,444
9755,+++-++----++--++--++-+--+++-+,11.482103,542,841,1084
9756,+--+++----++--++--++-+--+--++,10.423153,390,841,780
9757,++-+++----++--++--++-+--+---+,11.782640,582,841,1164
9758,+-++++----++--++--++-+--+-+++,8.681627,190,841,380
9759,++++++----++--++--++-+--+-+-+,8.572749,190,841,380
9760,+-----+---++--++--++-+++-+-++,9.315986,358,841,716
9761,++----+---++--++--++-+++-+--+,10.142498,358,841,716
9762,+-+---+---++--++--++-+++-++++,12.529964,670,841,1340
9763,+++---+---++--++--++-+++-++-+,11.180340,478,841,956
9764,+--+--+---++--++--++-+++---++,12.206556,582,841,1164
9765,++-+--+---++--++--++-+++----+,9.802112,390,841,780
9766,+-++--+---++--++--++-+++--+++,14.866069,1054,841,2108
9767,++++--+---++--++--++-+++--+-+,12.529964,670,841,1340
9768,+---+-+---++--++--++-+++++-++,9.712614,350,841,700
9769,++--+-+---++--++--++-+++++--+,11.508307,510,841,1020
9770,+-+-+-+---++--++--++-++++++++,9.219544,374,841,748
9771,+++-+-+---++--++--++-++++++-+,9.176555,342,841,684
9772,+--++-+---++--++--++-++++--++,10.440307,446,841,892
9773,++-++-+---++--++--++-++++---+,10.116949,350,841,700
9774,+-+++-+---++--++--++-++++-+++,12.206556,502,841,1004
9775,+++++-+---++--++--++-++++-+-+,9.239633,342,841,684
9776,+----++---++--++--++-++--+-++,8.781930,326,841,652
9777,++---++---++--++--++-++--+--+,10.992757,582,841,1164
9778,+-+--++---++--++--++-++--++++,11.180340,446,841,892
9779,+++--++---++--++--++-++--++-+,11.180340,638,841,1276
9780,+--+-++---++--++--++-++----++,9.219544,390,841,780
9781,++-+-++---++--++--++-++-----+,9.337840,262,841,524
9782,+-++-++---++--++--++-++---+++,12.529964,606,841,1212
9783,++++-++---++--++--++-++---+-+,11.180340,414,841,828
9784,+---+++---++--++--++-++-++-++,10.326551,414,841,828
9785,++--+++---++--++--++-++-++--+,12.817274,894,841,1788
9786,+-+-+++---++--++--++-++-+++++,7.659977,182,841,364
9787,+++-+++---++--++--++-++-+++-+,10.557608,470,841,940
9788,+--++++---++--++--++-++-+--++,9.327834,350,841,700
9789,++-++++---++--++--++-++-+---+,10.707635,382,841,764
9790,+-+++++---++--++--++-++-+-+++,9.219544,214,841,428
9791,+++++++---++--++--++-++-+-+-+,8.256335,182,841,364
9792,+------+--++--++--++---+-+-++,10.440307,430,841,860
9793,++-----+--++--++--++---+-+--+,10.635524,398,841,796
9794,+-+----+--++--++--++---+-++++,12.206556,614,841,1228
9795,+++----+--++--++--++---+-++-+,9.604202,390,841,780
9796,+--+---+--++--++--++---+---++,14.317821,974,841,1948
9797,++-+---+--++--++--++---+----+,10.440307,494,841,988
9798,+-++---+--++--++--++---+--+++,15.652476,1318,841,2636
9799,++++---+--++--++--++---+--+-+,12.206556,646,841,1292
9800,+---+--+--++--++--++---+++-++,10.549737,550,841,1100
9801,++--+--+--++--++--++---+++--+,12.222041,742,841,1484
9802,+-+-+--+--++--++--++---++++++,10.440307,318,841,636
9803,+++-+--+--++--++--++---++++-+,9.758591,318,841,636
9804,+--++--+--++--++--++---++--++,14.035669,1094,841,2188
9805,++-++--+--++--++--++---++---+,10.725141,646,841,1292
9806,+-+++--+--++--++--++---++-+++,14.317821,894,841,1788
9807,+++++--+--++--++--++---++-+-+,10.440307,382,841,764
9808,+----+-+--++--++--++-----+-++,9.027735,238,841,476
9809,++---+-+--++--++--++-----+--+,11.530146,526,841,1052
9810,+-+--+-+--++--++--++-----++++,9.219544,230,841,460
9811,+++--+-+--++--++--++-----++-+,9.607175,326,841,652
9812,+--+-+-+--++--++--++-------++,10.440307,302,841,604
9813,++-+-+-+--++--++--++--------+,9.669850,334,841,668
9814,+-++-+-+--++--++--++------+++,12.206556,518,841,1036
9815,++++-+-+--++--++--++------+-+,9.219544,358,841,716
9816,+---++-+--++--++--++----++-++,11.329753,518,841,1036
9817,++--++-+--++--++--++----++--+,13.515025,1094,841,2188
9818,+-+-++-+--++--++--++----+++++,8.027032,158,841,316
9819,+++-++-+--++--++--++----+++-+,10.881826,414,841,828
9820,+--+++-+--++--++--++----+--++,10.327116,454,841,908
9821,++-+++-+--++--++--++----+---+,11.527513,582,841,1164
9822,+-++++-+--++--++--++----+-+++,10.440307,318,841,636
9823,++++++-+--++--++--++----+-+-+,8.696075,254,841,508
9824,+-----++--++--++--++--++-+-++,12.206556,710,841,1420
9825,++----++--++--++--++--++-+--+,11.122307,646,841,1292
9826,+-+---++--++--++--++--++-++++,14.866069,1214,841,2428
9827,+++---++--++--++--++--++-++-+,12.529964,830,841,1660
9828,+--+--++--++--++--++--++---++,15.652476,1510,841,3020
9829,++-+--++--++--++--++--++----+,12.206556,870,841,1740
9830,+-++--++--++--++--++--++--+++,17.804494,2302,841,4604
9831,++++--++--++--++--++--++--+-+,14.866069,1342,841,2684
9832,+---+-++--++--++--++--++++-++,10.440307,542,841,1084
9833,++--+-++--++--++--++--++++--+,11.766980,702,841,1404
9834,+-+-+-++--++--++--++--+++++++,12.206556,630,841,1260
9835,+++-+-++--++--++--++--+++++-+,10.277084,470,841,940
9836,+--++-++--++--++--++--+++--++,14.317821,1150,841,2300
9837,++-++-++--++--++--++--+++---+,10.704411,670,841,1340
9838,+-+++-++--++--++--++--+++-+++,15.652476,1398,841,2796
9839,+++++-++--++--++--++--+++-+-+,12.206556,726,841,1452
9840,+----+++--++--++--++--+--+-++,9.717244,390,841,780
9841,++---+++--++--++--++--+--+--+,11.196827,582,841,1164
9842,+-+--+++--++--++--++--+--++++,12.529964,638,841,1276
9843,+++--+++--++--++--++--+--++-+,11.180340,638,841,1276
9844,+--+-+++--++--++--++--+----++,12.206556,646,841,1292
9845,++-+-+++--++--++--++--+-----+,10.351318,454,841,908
9846,+-++-+++--++--++--++--+---+++,14.866069,1118,841,2236
9847,++++-+++--++--++--++--+---+-+,12.529964,734,841,1468
9848,+---++++--++--++--++--+-++-++,10.384283,382,841,764
9849,++--++++--++--++--++--+-++--+,12.631669,862,841,1724
9850,+-+-++++--++--++--++--+-+++++,9.219544,278,841,556
9851,+++-++++--++--++--++--+-+++-+,10.409092,438,841,876
9852,+--+++++--++--++--++--+-+--++,10.440307,446,841,892
9853,++-+++++--++--++--++--+-+---+,10.907198,478,841,956
9854,+-++++++--++--++--++--+-+-+++,12.206556,566,841,1132
9855,++++++++--++--++--++--+-+-+-+,9.559733,406,841,812
9856,+-------+-++--++--++++-+-+-++,8.364719,166,841,332
9857,++------+-++--++--++++-+-+--+,9.749878,358,841,716
9858,+-+-----+-++--++--++++-+-++++,8.350623,158,841,316
9859,+++-----+-++--++--++++-+-++-+,8.498773,158,841,316
9860,+--+----+-++--++--++++-+---++,10.049876,230,841,460
9861,++-+----+-++--++--++++-+----+,10.351712,358,841,716
9862,+-++----+-++--++--++++-+--+++,10.440307,382,841,764
9863,++++----+-++--++--++++-+--+-+,10.294899,318,841,636
9864,+---+---+-++--++--++++-+++-++,10.709624,478,841,956
9865,++--+---+-++--++--++++-+++--+,12.276176,702,841,1404
9866,+-+-+---+-++--++--++++-++++++,8.353587,182,841,364
9867,+++-+---+-++--++--++++-++++-+,9.226761,214,841,428
9868,+--++---+-++--++--++++-++--++,11.180340,478,841,956
9869,++-++---+-++--++--++++-++---+,10.635902,446,841,892
9870,+-+++---+-++--++--++++-++-+++,10.049876,214,841,428
9871,+++++---+-++--++--++++-++-+-+,7.835610,118,841,236
9872,+----+--+-++--++--++++---+-++,9.027739,262,841,524
9873,++---+--+-++--++--++++---+--+,11.786717,646,841,1292
9874,+-+--+--+-++--++--++++---++++,8.182836,190,841,380
9875,+++--+--+-++--++--++++---++-+,10.090530,382,841,764
9876,+--+-+--+-++--++--++++-----++,7.820432,166,841,332
9877,++-+-+--+-++--++--++++------+,9.196391,294,841,588
9878,+-++-+--+-++--++--++++----+++,9.593293,318,841,636
9879,++++-+--+-++--++--++++----+-+,9.996253,254,841,508
9880,+---++--+-++--++--++++--++-++,12.073999,734,841,1468
9881,++--++--+-++--++--++++--++--+,14.168537,1342,841,2684
9882,+-+-++--+-++--++--++++--+++++,9.602566,310,841,620
9883,+++-++--+-++--++--++++--+++-+,11.641860,598,841,1196
9884,+--+++--+-++--++--++++--+--++,10.525309,446,841,892
9885,++-+++--+-++--++--++++--+---+,11.795219,606,841,1212
9886,+-++++--+-++--++--++++--+-+++,8.705633,246,841,492
9887,++++++--+-++--++--++++--+-+-+,8.589412,214,841,428
9888,+-----+-+-++--++--++++++-+-++,8.570654,190,841,380
9889,++----+-+-++--++--++++++-+--+,9.100329,286,841,572
9890,+-+---+-+-++--++--++++++-++++,9.219544,246,841,492
9891,+++---+-+-++--++--++++++-++-+,7.437075,150,841,300
9892,+--+--+-+-++--++--++++++---++,10.440307,254,841,508
9893,++-+--+-+-++--++--++++++----+,9.568866,286,841,572
9894,+-++--+-+-++--++--++++++--+++,12.206556,470,841,940
9895,++++--+-+-++--++--++++++--+-+,9.219544,310,841,620
9896,+---+-+-+-++--++--++++++++-++,8.869401,278,841,556
9897,++--+-+-+-++--++--++++++++--+,10.904681,406,841,812
9898,+-+-+-+-+-++--++--+++++++++++,11.000000,430,841,860
9899,+++-+-+-+-++--++--+++++++++-+,11.000000,366,841,732
9900,+--++-+-+-++--++--+++++++--++,10.049876,214,841,428
9901,++-++-+-+-++--++--+++++++---+,9.092935,214,841,428
9902,+-+++-+-+-++--++--+++++++-+++,11.000000,398,841,796
9903,+++++-+-+-++--++--+++++++-+-+,11.000000,334,841,668
9904,+----++-+-++--++--+++++--+-++,8.733522,222,841,444
9905,++---++-+-++--++--+++++--+--+,10.777964,446,841,892
9906,+-+--++-+-++--++--+++++--++++,7.977198,150,841,300
9907,+++--++-+-++--++--+++++--++-+,9.742420,310,841,620
9908,+--+-++-+-++--++--+++++----++,8.649470,190,841,380
9909,++-+-++-+-++--++--+++++-----+,8.058969,158,841,316
9910,+-++-++-+-++--++--+++++---+++,9.219544,214,841,428
9911,++++-++-+-++--++--+++++---+-+,7.855467,118,841,236
9912,+---+++-+-++--++--+++++-++-++,10.041398,342,841,684
9913,++--+++-+-++--++--+++++-++--+,12.668829,790,841,1580
9914,+-+-+++-+-++--++--+++++-+++++,11.000000,302,841,604
9915,+++-+++-+-++--++--+++++-+++-+,11.000000,558,841,1116
9916,+--++++-+-++--++--+++++-+--++,8.522380,182,841,364
9917,++-++++-+-++--++--+++++-+---+,10.137515,310,841,620
9918,+-+++++-+-++--++--+++++-+-+++,11.000000,238,841,476
9919,+++++++-+-++--++--+++++-+-+-+,11.000000,302,841,604
9920,+------++-++--++--+++--+-+-++,10.049876,294,841,588
9921,++-----++-++--++--+++--+-+--+,9.688958,294,841,588
9922,+-+----++-++--++--+++--+-++++,10.440307,350,841,700
9923,+++----++-++--++--+++--+-++-+,8.477312,286,841,572
9924,+--+---++-++--++--+++--+---++,14.035669,806,841,1612
9925,++-+---++-++--++--+++--+----+,10.049876,358,841,716
9926,+-++---++-++--++--+++--+--+++,14.317821,894,841,1788
9927,++++---++-++--++--+++--+--+-+,10.440307,382,841,764
9928,+---+--++-++--++--+++--+++-++,11.180340,574,841,1148
9929,++--+--++-++--++--+++--+++--+,11.780327,670,841,1340
9930,+-+-+--++-++--++--+++--++++++,10.049876,214,841,428
9931,+++-+--++-++--++--+++--++++-+,8.935777,246,841,492
9932,+--++--++-++--++--+++--++--++,14.866069,1214,841,2428
9933,++-++--++-++--++--+++--++---+,11.180340,670,841,1340
9934,+-+++--++-++--++--+++--++-+++,14.035669,758,841,1516
9935,+++++--++-++--++--+++--++-+-+,10.049876,278,841,556
9936,+----+-++-++--++--+++----+-++,9.429791,294,841,588
9937,++---+-++-++--++--+++----+--+,11.109177,486,841,972
9938,+-+--+-++-++--++--+++----++++,9.166578,222,841,444
9939,+++--+-++-++--++--+++----++-+,9.290357,350,841,700
9940,+--+-+-++-++--++--+++------++,10.049876,262,841,524
9941,++-+-+-++-++--++--+++-------+,8.683728,198,841,396
9942,+-++-+-++-++--++--+++-----+++,10.440307,286,841,572
9943,++++-+-++-++--++--+++-----+-+,8.371288,158,841,316
9944,+---++-++-++--++--+++---++-++,11.320996,542,841,1084
9945,++--++-++-++--++--+++---++--+,13.354321,1022,841,2044
9946,+-+-++-++-++--++--+++---+++++,7.954177,118,841,236
9947,+++-++-++-++--++--+++---+++-+,10.642010,406,841,812
9948,+--+++-++-++--++--+++---+--++,11.180340,510,841,1020
9949,++-+++-++-++--++--+++---+---+,11.252602,542,841,1084
9950,+-++++-++-++--++--+++---+-+++,10.049876,182,841,364
9951,++++++-++-++--++--+++---+-+-+,7.894000,150,841,300
9952,+-----+++-++--++--+++-++-+-++,10.440307,350,841,700
9953,++----+++-++--++--+++-++-+--+,9.689245,318,841,636
9954,+-+---+++-++--++--+++-++-++++,12.206556,534,841,1068
9955,+++---+++-++--++--+++-++-++-+,9.241023,310,841,620
9956,+--+--+++-++--++--+++-++---++,14.317821,926,841,1852
9957,++-+--+++-++--++--+++-++----+,10.440307,446,841,892
9958,+-++--+++-++--++--+++-++--+++,15.652476,1270,841,2540
9959,++++--+++-++--++--+++-++--+-+,12.206556,598,841,1196
9960,+---+-+++-++--++--+++-++++-++,10.049876,342,841,684
9961,++--+-+++-++--++--+++-++++--+,10.818988,406,841,812
9962,+-+-+-+++-++--++--+++-+++++++,11.000000,494,841,988
9963,+++-+-+++-++--++--+++-+++++-+,11.000000,366,841,732
9964,+--++-+++-++--++--+++-+++--++,14.035669,854,841,1708
9965,++-++-+++-++--++--+++-+++---+,10.049876,406,841,812
9966,+-+++-+++-++--++--+++-+++-+++,14.317821,1038,841,2076
9967,+++++-+++-++--++--+++-+++-+-+,11.000000,526,841,1052
9968,+----++++-++--++--+++-+--+-++,8.819286,286,841,572
9969,++---++++-++--++--+++-+--+--+,10.464052,382,841,764
9970,+-+--++++-++--++--+++-+--++++,9.219544,278,841,556
9971,+++--++++-++--++--+++-+--++-+,9.013413,310,841,620
9972,+--+-++++-++--++--+++-+----++,10.440307,382,841,764
9973,++-+-++++-++--++--+++-+-----+,8.641409,222,841,444
9974,+-++-++++-++--++--+++-+---+++,12.206556,470,841,940
9975,++++-++++-++--++--+++-+---+-+,9.219544,246,841,492
9976,+---+++++-++--++--+++-+-++-++,9.627860,246,841,492
9977,++--+++++-++--++--+++-+-++--+,12.133617,630,841,1260
9978,+-+-+++++-++--++--+++-+-+++++,11.000000,270,841,540
9979,+++-+++++-++--++--+++-+-+++-+,11.000000,462,841,924
9980,+--++++++-++--++--+++-+-+--++,10.049876,278,841,556
9981,++-++++++-++--++--+++-+-+---+,9.956699,342,841,684
9982,+-+++++++-++--++--+++-+-+-+++,11.000000,398,841,796
9983,+++++++++-++--++--+++-+-+-+-+,11.000000,398,841,796
9984,+--------+++--++--+--+-+-+-++,8.872091,174,841,348
9985,++-------+++--++--+--+-+-+--+,9.193049,206,841,412
9986,+-+------+++--++--+--+-+-++++,9.718955,230,841,460
9987,+++------+++--++--+--+-+-++-+,8.700308,198,841,396
9988,+--+-----+++--++--+--+-+---++,8.894587,206,841,412
9989,++-+-----+++--++--+--+-+----+,8.211188,174,841,348
9990,+-++-----+++--++--+--+-+--+++,9.219544,294,841,588
9991,++++-----+++--++--+--+-+--+-+,7.871169,198,841,396
9992,+---+----+++--++--+--+-+++-++,10.412348,390,841,780
9993,++--+----+++--++--+--+-+++--+,11.754954,582,841,1164
9994,+-+-+----+++--++--+--+-++++++,9.156564,158,841,316
9995,+++-+----+++--++--+--+-++++-+,9.304239,286,841,572
9996,+--++----+++--++--+--+-++--++,10.451326,486,841,972
9997,++-++----+++--++--+--+-++---+,10.461517,422,841,844
9998,+-+++----+++--++--+--+-++-+++,8.701187,158,841,316
9999,+++++----+++--++--+--+-++-+-+,7.911156,158,841,316
10000,+----+---+++--++--+--+---+-++,8.641136,302,841,604
10001,++---+---+++--++--+--+---+--+,10.955360,462,841,924
10002,+-+--+---+++--++--+--+---++++,8.632809,230,841,460
10003,+++--+---+++--++--+--+---++-+,9.396949,326,841,652
10004,+--+-+---+++--++--+--+-----++,9.582723,238,841,476
10005,++-+-+---+++--++--+--+------+,8.464959,142,841,284
10006,+-++-+---+++--++--+--+----+++,9.376395,262,841,524
10007,++++-+---+++--++--+--+----+-+,7.578018,102,841,204
10008,+---++---+++--++--+--+--++-++,11.308164,678,841,1356
10009,++--++---+++--++--+--+--++--+,13.411175,1062,841,2124
10010,+-+-++---+++--++--+--+--+++++,9.147060,254,841,508
10011,+++-++---+++--++--+--+--+++-+,10.852235,446,841,892
10012,+--+++---+++--++--+--+--+--++,10.279733,550,841,1100
10013,++-+++---+++--++--+--+--+---+,11.255207,486,841,972
10014,+-++++---+++--++--+--+--+-+++,9.338140,222,841,444
10015,++++++---+++--++--+--+--+-+-+,7.824178,94,841,188
10016,+-----+--+++--++--+--+++-+-++,8.231146,198,841,396
10017,++----+--+++--++--+--+++-+--+,8.791840,262,841,524
10018,+-+---+--+++--++--+--+++-++++,11.180340,382,841,764
10019,+++---+--+++--++--+--+++-++-+,11.180340,382,841,764
10020,+--+--+--+++--++--+--+++---++,9.662991,422,841,844
10021,++-+--+--+++--++--+--+++----+,8.470387,294,841,588
10022,+-++--+--+++--++--+--+++--+++,12.529964,638,841,1276
10023,++++--+--+++--++--+--+++--+-+,11.180340,446,841,892
10024,+---+-+--+++--++--+--+++++-++,9.242512,254,841,508
10025,++--+-+--+++--++--+--+++++--+,10.530458,350,841,700
10026,+-+-+-+--+++--++--+--++++++++,7.355065,150,841,300
10027,+++-+-+--+++--++--+--++++++-+,8.087888,182,841,364
10028,+--++-+--+++--++--+--++++--++,10.535617,478,841,956
10029,++-++-+--+++--++--+--++++---+,9.419025,318,841,636
10030,+-+++-+--+++--++--+--++++-+++,9.219544,278,841,556
10031,+++++-+--+++--++--+--++++-+-+,7.607753,182,841,364
10032,+----++--+++--++--+--++--+-++,9.915384,390,841,780
10033,++---++--+++--++--+--++--+--+,9.841646,518,841,1036
10034,+-+--++--+++--++--+--++--++++,11.180340,510,841,1020
10035,+++--++--+++--++--+--++--++-+,12.529964,702,841,1404
10036,+--+-++--+++--++--+--++----++,10.774980,454,841,908
10037,++-+-++--+++--++--+--++-----+,8.295259,198,841,396
10038,+-++-++--+++--++--+--++---+++,11.180340,542,841,1084
10039,++++-++--+++--++--+--++---+-+,11.180340,350,841,700
10040,+---+++--+++--++--+--++-++-++,9.646763,478,841,956
10041,++--+++--+++--++--+--++-++--+,11.911773,702,841,1404
10042,+-+-+++--+++--++--+--++-+++++,8.741108,246,841,492
10043,+++-+++--+++--++--+--++-+++-+,9.695959,406,841,812
10044,+--++++--+++--++--+--++-+--++,10.997779,542,841,1084
10045,++-++++--+++--++--+--++-+---+,9.901649,318,841,636
10046,+-+++++--+++--++--+--++-+-+++,9.569890,278,841,556
10047,+++++++--+++--++--+--++-+-+-+,7.280110,118,841,236
10048,+------+-+++--++--+----+-+-++,10.077394,334,841,668
10049,++-----+-+++--++--+----+-+--+,9.255942,238,841,476
10050,+-+----+-+++--++--+----+-++++,10.216222,454,841,908
10051,+++----+-+++--++--+----+-++-+,8.718412,294,841,588
10052,+--+---+-+++--++--+----+---++,10.440307,302,841,604
10053,++-+---+-+++--++--+----+----+,8.155749,142,841,284
10054,+-++---+-+++--++--+----+--+++,12.206556,454,841,908
10055,++++---+-+++--++--+----+--+-+,9.219544,230,841,460
10056,+---+--+-+++--++--+----+++-++,10.316713,390,841,780
10057,++--+--+-+++--++--+----+++--+,11.448497,518,841,1036
10058,+-+-+--+-+++--++--+----++++++,9.127017,222,841,444
10059,+++-+--+-+++--++--+----++++-+,8.811095,286,841,572
10060,+--++--+-+++--++--+----++--++,10.631414,486,841,972
10061,++-++--+-+++--++--+----++---+,10.361286,358,841,716
10062,+-+++--+-+++--++--+----++-+++,10.440307,222,841,444
10063,+++++--+-+++--++--+----++-+-+,7.925487,158,841,316
10064,+----+-+-+++--++--+------+-++,9.601583,302,841,604
10065,++---+-+-+++--++--+------+--+,10.355599,334,841,668
10066,+-+--+-+-+++--++--+------++++,8.839485,230,841,460
10067,+++--+-+-+++--++--+------++-+,8.126663,198,841,396
10068,+--+-+-+-+++--++--+--------++,8.169031,174,841,348
10069,++-+-+-+-+++--++--+---------+,9.668966,334,841,668
10070,+-++-+-+-+++--++--+-------+++,9.219544,198,841,396
10071,++++-+-+-+++--++--+-------+-+,9.963216,294,841,588
10072,+---++-+-+++--++--+-----++-++,10.869184,454,841,908
10073,++--++-+-+++--++--+-----++--+,12.732901,774,841,1548
10074,+-+-++-+-+++--++--+-----+++++,7.749126,158,841,316
10075,+++-++-+-+++--++--+-----+++-+,9.812440,286,841,572
10076,+--+++-+-+++--++--+-----+--++,10.266219,326,841,652
10077,++-+++-+-+++--++--+-----+---+,10.952803,582,841,1164
10078,+-++++-+-+++--++--+-----+-+++,8.596771,126,841,252
10079,++++++-+-+++--++--+-----+-+-+,10.135341,318,841,636
10080,+-----++-+++--++--+---++-+-++,9.219544,326,841,652
10081,++----++-+++--++--+---++-+--+,9.438567,326,841,652
10082,+-+---++-+++--++--+---++-++++,12.529964,638,841,1276
10083,+++---++-+++--++--+---++-++-+,11.180340,446,841,892
10084,+--+--++-+++--++--+---++---++,12.206556,550,841,1100
10085,++-+--++-+++--++--+---++----+,9.478544,358,841,716
10086,+-++--++-+++--++--+---++--+++,14.866069,1022,841,2044
10087,++++--++-+++--++--+---++--+-+,12.529964,638,841,1276
10088,+---+-++-+++--++--+---++++-++,9.302460,286,841,572
10089,++--+-++-+++--++--+---++++--+,10.591498,382,841,764
10090,+-+-+-++-+++--++--+---+++++++,9.219544,310,841,620
10091,+++-+-++-+++--++--+---+++++-+,8.377465,214,841,428
10092,+--++-++-+++--++--+---+++--++,10.440307,446,841,892
10093,++-++-++-+++--++--+---+++---+,9.561151,286,841,572
10094,+-+++-++-+++--++--+---+++-+++,12.206556,502,841,1004
10095,+++++-++-+++--++--+---+++-+-+,9.219544,278,841,556
10096,+----+++-+++--++--+---+--+-++,8.451280,230,841,460
10097,++---+++-+++--++--+---+--+--+,9.707008,294,841,588
10098,+-+--+++-+++--++--+---+--++++,11.180340,414,841,828
10099,+++--+++-+++--++--+---+--++-+,11.180340,414,841,828
10100,+--+-+++-+++--++--+---+----++,9.219544,294,841,588
10101,++-+-+++-+++--++--+---+-----+,9.541736,358,841,716
10102,+-++-+++-+++--++--+---+---+++,12.529964,574,841,1148
10103,++++-+++-+++--++--+---+---+-+,11.180340,574,841,1148
10104,+---++++-+++--++--+---+-++-++,9.631133,286,841,572
10105,++--++++-+++--++--+---+-++--+,11.538365,510,841,1020
10106,+-+-++++-+++--++--+---+-+++++,9.219004,246,841,492
10107,+++-++++-+++--++--+---+-+++-+,8.926088,278,841,556
10108,+--+++++-+++--++--+---+-+--++,9.154098,286,841,572
10109,++-+++++-+++--++--+---+-+---+,9.947233,446,841,892
10110,+-++++++-+++--++--+---+-+-+++,9.515354,342,841,684
10111,++++++++-+++--++--+---+-+-+-+,10.016468,438,841,876
10112,+-------++++--++--+-++-+-+-++,7.742555,134,841,268
10113,++------++++--++--+-++-+-+--+,9.354199,326,841,652
10114,+-+-----++++--++--+-++-+-++++,8.223236,190,841,380
10115,+++-----++++--++--+-++-+-++-+,8.240881,190,841,380
10116,+--+----++++--++--+-++-+---++,8.997399,262,841,524
10117,++-+----++++--++--+-++-+----+,10.360374,390,841,780
10118,+-++----++++--++--+-++-+--+++,10.707470,478,841,956
10119,++++----++++--++--+-++-+--+-+,9.822527,414,841,828
10120,+---+---++++--++--+-++-+++-++,10.539110,382,841,764
10121,++--+---++++--++--+-++-+++--+,11.819938,606,841,1212
10122,+-+-+---++++--++--+-++-++++++,7.655727,150,841,300
10123,+++-+---++++--++--+-++-++++-+,8.633224,182,841,364
10124,+--++---++++--++--+-++-++--++,10.444729,446,841,892
10125,++-++---++++--++--+-++-++---+,10.453645,414,841,828
10126,+-+++---++++--++--+-++-++-+++,9.540074,246,841,492
10127,+++++---++++--++--+-++-++-+-+,7.595527,150,841,300
10128,+----+--++++--++--+-++---+-++,9.178759,326,841,652
10129,++---+--++++--++--+-++---+--+,11.167873,518,841,1036
10130,+-+--+--++++--++--+-++---++++,9.252681,318,841,636
10131,+++--+--++++--++--+-++---++-+,9.594922,318,841,636
10132,+--+-+--++++--++--+-++-----++,9.429692,294,841,588
10133,++-+-+--++++--++--+-++------+,8.999210,230,841,460
10134,+-++-+--++++--++--+-++----+++,10.695806,510,841,1020
10135,++++-+--++++--++--+-++----+-+,9.345643,254,841,508
10136,+---++--++++--++--+-++--++-++,11.912883,798,841,1596
10137,++--++--++++--++--+-++--++--+,13.741376,1214,841,2428
10138,+-+-++--++++--++--+-++--+++++,10.401480,438,841,876
10139,+++-++--++++--++--+-++--+++-+,11.303961,534,841,1068
10140,+--+++--++++--++--+-++--+--++,10.408136,574,841,1148
10141,++-+++--++++--++--+-++--+---+,11.471948,542,841,1084
10142,+-++++--++++--++--+-++--+-+++,10.442640,438,841,876
10143,++++++--++++--++--+-++--+-+-+,8.467145,214,841,428
10144,+-----+-++++--++--+-++++-+-++,7.829212,126,841,252
10145,++----+-++++--++--+-++++-+--+,9.672861,350,841,700
10146,+-+---+-++++--++--+-++++-++++,7.355365,118,841,236
10147,+++---+-++++--++--+-++++-++-+,7.822618,150,841,300
10148,+--+--+-++++--++--+-++++---++,8.727801,254,841,508
10149,++-+--+-++++--++--+-++++----+,9.906724,414,841,828
10150,+-++--+-++++--++--+-++++--+++,10.121685,406,841,812
10151,++++--+-++++--++--+-++++--+-+,9.889989,374,841,748
10152,+---+-+-++++--++--+-++++++-++,8.499326,214,841,428
10153,++--+-+-++++--++--+-++++++--+,10.087853,342,841,684
10154,+-+-+-+-++++--++--+-+++++++++,11.000000,302,841,604
10155,+++-+-+-++++--++--+-+++++++-+,11.000000,238,841,476
10156,+--++-+-++++--++--+-+++++--++,8.901978,214,841,428
10157,++-++-+-++++--++--+-+++++---+,8.589486,214,841,428
10158,+-+++-+-++++--++--+-+++++-+++,11.000000,334,841,668
10159,+++++-+-++++--++--+-+++++-+-+,11.000000,270,841,540
10160,+----++-++++--++--+-+++--+-++,8.743954,190,841,380
10161,++---++-++++--++--+-+++--+--+,9.914450,350,841,700
10162,+-+--++-++++--++--+-+++--++++,8.672788,182,841,364
10163,+++--++-++++--++--+-+++--++-+,9.282014,278,841,556
10164,+--+-++-++++--++--+-+++----++,9.431104,222,841,444
10165,++-+-++-++++--++--+-+++-----+,8.039912,126,841,252
10166,+-++-++-++++--++--+-+++---+++,9.614668,310,841,620
10167,++++-++-++++--++--+-+++---+-+,7.927952,150,841,300
10168,+---+++-++++--++--+-+++-++-++,9.574212,374,841,748
10169,++--+++-++++--++--+-+++-++--+,11.969272,630,841,1260
10170,+-+-+++-++++--++--+-+++-+++++,11.000000,398,841,796
10171,+++-+++-++++--++--+-+++-+++-+,11.000000,462,841,924
10172,+--++++-++++--++--+-+++-+--++,9.491001,278,841,556
10173,++-++++-++++--++--+-+++-+---+,9.486159,214,841,428
10174,+-+++++-++++--++--+-+++-+-+++,11.000000,398,841,796
10175,+++++++-++++--++--+-+++-+-+-+,11.000000,270,841,540
10176,+------+++++--++--+-+--+-+-++,8.791403,230,841,460
10177,++-----+++++--++--+-+--+-+--+,8.500372,230,841,460
10178,+-+----+++++--++--+-+--+-++++,9.509010,286,841,572
10179,+++----+++++--++--+-+--+-++-+,9.257210,222,841,444
10180,+--+---+++++--++--+-+--+---++,10.049876,230,841,460
10181,++-+---+++++--++--+-+--+----+,8.321402,166,841,332
10182,+-++---+++++--++--+-+--+--+++,10.440307,318,841,636
10183,++++---+++++--++--+-+--+--+-+,8.211642,190,841,380
10184,+---+--+++++--++--+-+--+++-++,10.321213,382,841,764
10185,++--+--+++++--++--+-+--+++--+,11.255296,478,841,956
10186,+-+-+--+++++--++--+-+--++++++,8.158288,150,841,300
10187,+++-+--+++++--++--+-+--++++-+,8.661252,182,841,364
10188,+--++--+++++--++--+-+--++--++,11.180340,510,841,1020
10189,++-++--+++++--++--+-+--++---+,10.299942,350,841,700
10190,+-+++--+++++--++--+-+--++-+++,10.049876,182,841,364
10191,+++++--+++++--++--+-+--++-+-+,7.201258,86,841,172
10192,+----+-+++++--++--+-+----+-++,9.477005,326,841,652
10193,++---+-+++++--++--+-+----+--+,10.147782,326,841,652
10194,+-+--+-+++++--++--+-+----++++,9.655147,254,841,508
10195,+++--+-+++++--++--+-+----++-+,8.906668,190,841,380
10196,+--+-+-+++++--++--+-+------++,8.322769,166,841,332
10197,++-+-+-+++++--++--+-+-------+,9.574764,294,841,588
10198,+-++-+-+++++--++--+-+-----+++,8.256506,190,841,380
10199,++++-+-+++++--++--+-+-----+-+,9.558414,254,841,508
10200,+---++-+++++--++--+-+---++-++,11.050590,510,841,1020
10201,++--++-+++++--++--+-+---++--+,12.778183,798,841,1596
10202,+-+-++-+++++--++--+-+---+++++,8.146003,214,841,428
10203,+++-++-+++++--++--+-+---+++-+,9.877735,310,841,620
10204,+--+++-+++++--++--+-+---+--++,10.290782,350,841,700
10205,++-+++-+++++--++--+-+---+---+,10.904299,574,841,1148
10206,+-++++-+++++--++--+-+---+-+++,8.375905,150,841,300
10207,++++++-+++++--++--+-+---+-+-+,9.605586,310,841,620
10208,+-----++++++--++--+-+-++-+-++,8.224228,190,841,380
10209,++----++++++--++--+-+-++-+--+,9.186639,286,841,572
10210,+-+---++++++--++--+-+-++-++++,9.219544,246,841,492
10211,+++---++++++--++--+-+-++-++-+,7.684119,150,841,300
10212,+--+--++++++--++--+-+-++---++,10.440307,254,841,508
10213,++-+--++++++--++--+-+-++----+,9.560931,286,841,572
10214,+-++--++++++--++--+-+-++--+++,12.206556,470,841,940
10215,++++--++++++--++--+-+-++--+-+,9.219544,310,841,620
10216,+---+-++++++--++--+-+-++++-++,9.010380,246,841,492
10217,++--+-++++++--++--+-+-++++--+,9.809211,310,841,620
10218,+-+-+-++++++--++--+-+-+++++++,11.000000,398,841,796
10219,+++-+-++++++--++--+-+-+++++-+,11.000000,270,841,540
10220,+--++-++++++--++--+-+-+++--++,10.049876,246,841,492
10221,++-++-++++++--++--+-+-+++---+,8.510444,182,841,364
10222,+-+++-++++++--++--+-+-+++-+++,11.000000,430,841,860
10223,+++++-++++++--++--+-+-+++-+-+,11.000000,302,841,604
10224,+----+++++++--++--+-+-+--+-++,8.549221,158,841,316
10225,++---+++++++--++--+-+-+--+--+,9.127142,190,841,380
10226,+-+--+++++++--++--+-+-+--++++,7.917045,150,841,300
10227,+++--+++++++--++--+-+-+--++-+,7.623991,118,841,236
10228,+--+-+++++++--++--+-+-+----++,7.959997,126,841,252
10229,++-+-+++++++--++--+-+-+-----+,9.726419,286,841,572
10230,+-++-+++++++--++--+-+-+---+++,9.219544,214,841,428
10231,++++-+++++++--++--+-+-+---+-+,9.551053,310,841,620
10232,+---++++++++--++--+-+-+-++-++,9.036560,246,841,492
10233,++--++++++++--++--+-+-+-++--+,11.208603,438,841,876
10234,+-+-++++++++--++--+-+-+-+++++,11.000000,398,841,796
10235,+++-++++++++--++--+-+-+-+++-+,11.000000,398,841,796
10236,+--+++++++++--++--+-+-+-+--++,8.339287,150,841,300
10237,++-+++++++++--++--+-+-+-+---+,9.747840,406,841,812
10238,+-++++++++++--++--+-+-+-+-+++,11.000000,398,841,796
10239,++++++++++++--++--+-+-+-+-+-+,11.000000,590,841,1180
10240,+-----------+-++++-+-+-+-+-++,10.214162,494,841,988
10241,++----------+-++++-+-+-+-+--+,10.491000,462,841,924
10242,+-+---------+-++++-+-+-+-++++,10.438889,550,841,1100
10243,+++---------+-++++-+-+-+-++-+,10.169155,454,841,908
10244,+--+--------+-++++-+-+-+---++,9.821985,334,841,668
10245,++-+--------+-++++-+-+-+----+,12.261162,750,841,1500
10246,+-++--------+-++++-+-+-+--+++,10.723701,422,841,844
10247,++++--------+-++++-+-+-+--+-+,11.981367,774,841,1548
10248,+---+-------+-++++-+-+-+++-++,10.238261,358,841,716
10249,++--+-------+-++++-+-+-+++--+,9.219544,230,841,460
10250,+-+-+-------+-++++-+-+-++++++,10.572761,638,841,1276
10251,+++-+-------+-++++-+-+-++++-+,10.204591,446,841,892
10252,+--++-------+-++++-+-+-++--++,10.816654,262,841,524
10253,++-++-------+-++++-+-+-++---+,10.146071,390,841,780
10254,+-+++-------+-++++-+-+-++-+++,10.733485,446,841,892
10255,+++++-------+-++++-+-+-++-+-+,10.741843,638,841,1276
10256,+----+------+-++++-+-+---+-++,8.966127,206,841,412
10257,++---+------+-++++-+-+---+--+,10.641519,430,841,860
10258,+-+--+------+-++++-+-+---++++,10.524201,390,841,780
10259,+++--+------+-++++-+-+---++-+,11.161630,550,841,1100
10260,+--+-+------+-++++-+-+-----++,10.608005,462,841,924
10261,++-+-+------+-++++-+-+------+,12.992470,942,841,1884
10262,+-++-+------+-++++-+-+----+++,12.262590,742,841,1484
10263,++++-+------+-++++-+-+----+-+,13.520049,1158,841,2316
10264,+---++------+-++++-+-+--++-++,9.219544,166,841,332
10265,++--++------+-++++-+-+--++--+,10.816654,358,841,716
10266,+-+-++------+-++++-+-+--+++++,11.201617,510,841,1020
10267,+++-++------+-++++-+-+--+++-+,10.839499,510,841,1020
10268,+--+++------+-++++-+-+--+--++,9.794502,358,841,716
10269,++-+++------+-++++-+-+--+---+,11.444383,614,841,1228
10270,+-++++------+-++++-+-+--+-+++,12.510891,798,841,1596
10271,++++++------+-++++-+-+--+-+-+,12.657044,990,841,1980
10272,+-----+-----+-++++-+-+++-+-++,10.198485,390,841,780
10273,++----+-----+-++++-+-+++-+--+,9.074338,326,841,652
10274,+-+---+-----+-++++-+-+++-++++,10.283725,318,841,636
10275,+++---+-----+-++++-+-+++-++-+,8.411497,190,841,380
10276,+--+--+-----+-++++-+-+++---++,7.922697,166,841,332
10277,++-+--+-----+-++++-+-+++----+,10.011596,422,841,844
10278,+-++--+-----+-++++-+-+++--+++,7.557288,126,841,252
10279,++++--+-----+-++++-+-+++--+-+,9.429410,318,841,636
10280,+---+-+-----+-++++-+-+++++-++,10.191878,350,841,700
10281,++--+-+-----+-++++-+-+++++--+,8.298800,190,841,380
10282,+-+-+-+-----+-++++-+-++++++++,10.445251,502,841,1004
10283,+++-+-+-----+-++++-+-++++++-+,9.534950,278,841,556
10284,+--++-+-----+-++++-+-++++--++,8.127244,126,841,252
10285,++-++-+-----+-++++-+-++++---+,8.964111,222,841,444
10286,+-+++-+-----+-++++-+-++++-+++,8.559761,182,841,364
10287,+++++-+-----+-++++-+-++++-+-+,9.292306,342,841,684
10288,+----++-----+-++++-+-++--+-++,8.917591,230,841,460
10289,++---++-----+-++++-+-++--+--+,7.937674,230,841,460
10290,+-+--++-----+-++++-+-++--++++,8.870396,222,841,444
10291,+++--++-----+-++++-+-++--++-+,9.457993,286,841,572
10292,+--+-++-----+-++++-+-++----++,9.043656,358,841,716
10293,++-+-++-----+-++++-+-++-----+,10.748345,486,841,972
10294,+-++-++-----+-++++-+-++---+++,9.821510,318,841,636
10295,++++-++-----+-++++-+-++---+-+,11.074460,510,841,1020
10296,+---+++-----+-++++-+-++-++-++,7.807099,158,841,316
10297,++--+++-----+-++++-+-++-++--+,7.810250,126,841,252
10298,+-+-+++-----+-++++-+-++-+++++,9.787733,310,841,620
10299,+++-+++-----+-++++-+-++-+++-+,8.547661,214,841,428
10300,+--++++-----+-++++-+-++-+--++,8.840189,286,841,572
10301,++-++++-----+-++++-+-++-+---+,9.894148,318,841,636
10302,+-+++++-----+-++++-+-++-+-+++,10.634261,406,841,812
10303,+++++++-----+-++++-+-++-+-+-+,10.342567,502,841,1004
10304,+------+----+-++++-+---+-+-++,8.706230,206,841,412
10305,++-----+----+-++++-+---+-+--+,9.257254,238,841,476
10306,+-+----+----+-++++-+---+-++++,9.991253,326,841,652
10307,+++----+----+-++++-+---+-++-+,10.138332,294,841,588
10308,+--+---+----+-++++-+---+---++,11.180340,366,841,732
10309,++-+---+----+-++++-+---+----+,10.930006,462,841,924
10310,+-++---+----+-++++-+---+--+++,10.773261,518,841,1036
10311,++++---+----+-++++-+---+--+-+,11.559936,550,841,1100
10312,+---+--+----+-++++-+---+++-++,10.816654,294,841,588
10313,++--+--+----+-++++-+---+++--+,9.219544,166,841,332
10314,+-+-+--+----+-++++-+---++++++,10.450719,510,841,1020
10315,+++-+--+----+-++++-+---++++-+,10.250201,318,841,636
10316,+--++--+----+-++++-+---++--++,13.453624,582,841,1164
10317,++-++--+----+-++++-+---++---+,10.816654,326,841,652
10318,+-+++--+----+-++++-+---++-+++,11.269895,702,841,1404
10319,+++++--+----+-++++-+---++-+-+,11.027332,510,841,1020
10320,+----+-+----+-++++-+-----+-++,9.324161,334,841,668
10321,++---+-+----+-++++-+-----+--+,9.739607,238,841,476
10322,+-+--+-+----+-++++-+-----++++,10.790884,646,841,1292
10323,+++--+-+----+-++++-+-----++-+,11.117047,486,841,972
10324,+--+-+-+----+-++++-+-------++,10.282332,526,841,1052
10325,++-+-+-+----+-++++-+--------+,12.050530,686,841,1372
10326,+-++-+-+----+-++++-+------+++,12.637467,934,841,1868
10327,++++-+-+----+-++++-+------+-+,13.289893,1030,841,2060
10328,+---++-+----+-++++-+----++-++,10.296197,454,841,908
10329,++--++-+----+-++++-+----++--+,9.219544,262,841,524
10330,+-+-++-+----+-++++-+----+++++,12.343751,926,841,1852
10331,+++-++-+----+-++++-+----+++-+,11.342167,542,841,1084
10332,+--+++-+----+-++++-+----+--++,10.822278,646,841,1292
10333,++-+++-+----+-++++-+----+---+,10.978007,518,841,1036
10334,+-++++-+----+-++++-+----+-+++,13.481592,1214,841,2428
10335,++++++-+----+-++++-+----+-+-+,13.014864,1022,841,2044
10336,+-----++----+-++++-+--++-+-++,8.287297,198,841,396
10337,++----++----+-++++-+--++-+--+,10.220099,390,841,780
10338,+-+---++----+-++++-+--++-++++,7.417032,126,841,252
10339,+++---++----+-++++-+--++-++-+,7.785537,126,841,252
10340,+--+--++----+-++++-+--++---++,10.049876,230,841,460
10341,++-+--++----+-++++-+--++----+,9.493606,358,841,716
10342,+-++--++----+-++++-+--++--+++,10.440307,318,841,636
10343,++++--++----+-++++-+--++--+-+,8.560969,254,841,508
10344,+---+-++----+-++++-+--++++-++,9.461444,318,841,636
10345,++--+-++----+-++++-+--++++--+,10.002721,350,841,700
10346,+-+-+-++----+-++++-+--+++++++,9.538683,342,841,684
10347,+++-+-++----+-++++-+--+++++-+,8.164183,182,841,364
10348,+--++-++----+-++++-+--+++--++,11.180340,286,841,572
10349,++-++-++----+-++++-+--+++---+,8.242464,190,841,380
10350,+-+++-++----+-++++-+--+++-+++,10.049876,342,841,684
10351,+++++-++----+-++++-+--+++-+-+,8.556680,182,841,364
10352,+----+++----+-++++-+--+--+-++,9.378211,326,841,652
10353,++---+++----+-++++-+--+--+--+,8.365828,198,841,396
10354,+-+--+++----+-++++-+--+--++++,9.910086,382,841,764
10355,+++--+++----+-++++-+--+--++-+,8.244830,190,841,380
10356,+--+-+++----+-++++-+--+----++,9.231321,326,841,652
10357,++-+-+++----+-++++-+--+-----+,9.757205,326,841,652
10358,+-++-+++----+-++++-+--+---+++,10.847599,478,841,956
10359,++++-+++----+-++++-+--+---+-+,10.854443,414,841,828
10360,+---++++----+-++++-+--+-++-++,10.617233,478,841,956
10361,++--++++----+-++++-+--+-++--+,8.712325,254,841,508
10362,+-+-++++----+-++++-+--+-+++++,11.842643,694,841,1388
10363,+++-++++----+-++++-+--+-+++-+,9.532039,278,841,556
10364,+--+++++----+-++++-+--+-+--++,9.993250,414,841,828
10365,++-+++++----+-++++-+--+-+---+,9.261910,254,841,508
10366,+-++++++----+-++++-+--+-+-+++,12.151809,726,841,1452
10367,++++++++----+-++++-+--+-+-+-+,10.882252,502,841,1004
10368,+-------+---+-++++-+++-+-+-++,10.330995,454,841,908
10369,++------+---+-++++-+++-+-+--+,9.693455,390,841,780
10370,+-+-----+---+-++++-+++-+-++++,10.192287,318,841,636
10371,+++-----+---+-++++-+++-+-++-+,8.279259,190,841,380
10372,+--+----+---+-++++-+++-+---++,10.816654,326,841,652
10373,++-+----+---+-++++-+++-+----+,10.927222,582,841,1164
10374,+-++----+---+-++++-+++-+--+++,8.899147,222,841,444
10375,++++----+---+-++++-+++-+--+-+,10.104288,414,841,828
10376,+---+---+---+-++++-+++-+++-++,13.152946,734,841,1468
10377,++--+---+---+-++++-+++-+++--+,13.152946,574,841,1148
10378,+-+-+---+---+-++++-+++-++++++,10.210345,438,841,876
10379,+++-+---+---+-++++-+++-++++-+,9.219544,214,841,428
10380,+--++---+---+-++++-+++-++--++,14.317821,670,841,1340
10381,++-++---+---+-++++-+++-++---+,13.152946,638,841,1276
10382,+-+++---+---+-++++-+++-++-+++,10.816654,278,841,556
10383,+++++---+---+-++++-+++-++-+-+,9.219544,310,841,620
10384,+----+--+---+-++++-+++---+-++,9.219544,166,841,332
10385,++---+--+---+-++++-+++---+--+,10.816654,358,841,716
10386,+-+--+--+---+-++++-+++---++++,7.870983,94,841,188
10387,+++--+--+---+-++++-+++---++-+,8.430322,222,841,444
10388,+--+-+--+---+-++++-+++-----++,9.219544,262,841,524
10389,++-+-+--+---+-++++-+++------+,11.354841,582,841,1164
10390,+-++-+--+---+-++++-+++----+++,9.505536,286,841,572
10391,++++-+--+---+-++++-+++----+-+,11.452895,542,841,1084
10392,+---++--+---+-++++-+++--++-++,13.152946,478,841,956
10393,++--++--+---+-++++-+++--++--+,14.317821,766,841,1532
10394,+-+-++--+---+-++++-+++--+++++,9.219544,182,841,364
10395,+++-++--+---+-++++-+++--+++-+,10.816654,278,841,556
10396,+--+++--+---+-++++-+++--+--++,13.152946,510,841,1020
10397,++-+++--+---+-++++-+++--+---+,13.152946,734,841,1468
10398,+-++++--+---+-++++-+++--+-+++,9.580680,310,841,620
10399,++++++--+---+-++++-+++--+-+-+,10.475313,470,841,940
10400,+-----+-+---+-++++-+++++-+-++,10.496594,510,841,1020
10401,++----+-+---+-++++-+++++-+--+,10.328601,414,841,828
10402,+-+---+-+---+-++++-+++++-++++,10.235597,438,841,876
10403,+++---+-+---+-++++-+++++-++-+,8.849745,278,841,556
10404,+--+--+-+---+-++++-+++++---++,9.509835,254,841,508
10405,++-+--+-+---+-++++-+++++----+,10.511827,478,841,956
10406,+-++--+-+---+-++++-+++++--+++,9.169699,214,841,428
10407,++++--+-+---+-++++-+++++--+-+,9.836781,374,841,748
10408,+---+-+-+---+-++++-+++++++-++,10.460873,502,841,1004
10409,++--+-+-+---+-++++-+++++++--+,9.219544,310,841,620
10410,+-+-+-+-+---+-++++-++++++++++,11.000000,654,841,1308
10411,+++-+-+-+---+-++++-++++++++-+,11.000000,398,841,796
10412,+--++-+-+---+-++++-++++++--++,10.816654,246,841,492
10413,++-++-+-+---+-++++-++++++---+,9.219544,310,841,620
10414,+-+++-+-+---+-++++-++++++-+++,11.000000,302,841,604
10415,+++++-+-+---+-++++-++++++-+-+,11.000000,430,841,860
10416,+----++-+---+-++++-++++--+-++,10.257286,286,841,572
10417,++---++-+---+-++++-++++--+--+,9.490284,254,841,508
10418,+-+--++-+---+-++++-++++--++++,9.244848,214,841,428
10419,+++--++-+---+-++++-++++--++-+,8.760449,246,841,492
10420,+--+-++-+---+-++++-++++----++,10.171282,318,841,636
10421,++-+-++-+---+-++++-++++-----+,9.860000,414,841,828
10422,+-++-++-+---+-++++-++++---+++,8.580554,214,841,428
10423,++++-++-+---+-++++-++++---+-+,9.898015,374,841,748
10424,+---+++-+---+-++++-++++-++-++,9.219544,182,841,364
10425,++--+++-+---+-++++-++++-++--+,10.816654,246,841,492
10426,+-+-+++-+---+-++++-++++-+++++,11.000000,270,841,540
10427,+++-+++-+---+-++++-++++-+++-+,11.000000,270,841,540
10428,+--++++-+---+-++++-++++-+--++,9.219544,214,841,428
10429,++-++++-+---+-++++-++++-+---+,9.740892,342,841,684
10430,+-+++++-+---+-++++-++++-+-+++,11.000000,270,841,540
10431,+++++++-+---+-++++-++++-+-+-+,11.000000,462,841,924
10432,+------++---+-++++-++--+-+-++,10.816654,294,841,588
10433,++-----++---+-++++-++--+-+--+,9.219544,230,841,460
10434,+-+----++---+-++++-++--+-++++,8.022880,158,841,316
10435,+++----++---+-++++-++--+-++-+,8.091860,158,841,316
10436,+--+---++---+-++++-++--+---++,13.453624,550,841,1100
10437,++-+---++---+-++++-++--+----+,10.816654,422,841,844
10438,+-++---++---+-++++-++--+--+++,11.180340,318,841,636
10439,++++---++---+-++++-++--+--+-+,8.965485,254,841,508
10440,+---+--++---+-++++-++--+++-++,14.317821,734,841,1468
10441,++--+--++---+-++++-++--+++--+,13.152946,510,841,1020
10442,+-+-+--++---+-++++-++--++++++,10.816654,310,841,620
10443,+++-+--++---+-++++-++--++++-+,9.219544,150,841,300
10444,+--++--++---+-++++-++--++--++,16.401219,1246,841,2492
10445,++-++--++---+-++++-++--++---+,14.317821,766,841,1532
10446,+-+++--++---+-++++-++--++-+++,13.453624,598,841,1196
10447,+++++--++---+-++++-++--++-+-+,10.816654,310,841,620
10448,+----+-++---+-++++-++----+-++,9.840246,358,841,716
10449,++---+-++---+-++++-++----+--+,9.219544,166,841,332
10450,+-+--+-++---+-++++-++----++++,9.447524,350,841,700
10451,+++--+-++---+-++++-++----++-+,8.835095,222,841,444
10452,+--+-+-++---+-++++-++------++,10.816654,454,841,908
10453,++-+-+-++---+-++++-++-------+,10.105343,390,841,780
10454,+-++-+-++---+-++++-++-----+++,10.048515,414,841,828
10455,++++-+-++---+-++++-++-----+-+,10.897488,414,841,828
10456,+---++-++---+-++++-++---++-++,13.152946,638,841,1276
10457,++--++-++---+-++++-++---++--+,13.152946,478,841,956
10458,+-+-++-++---+-++++-++---+++++,9.922652,406,841,812
10459,+++-++-++---+-++++-++---+++-+,9.219544,182,841,364
10460,+--+++-++---+-++++-++---+--++,14.317821,862,841,1724
10461,++-+++-++---+-++++-++---+---+,13.152946,638,841,1276
10462,+-++++-++---+-++++-++---+-+++,10.820437,598,841,1196
10463,++++++-++---+-++++-++---+-+-+,10.428571,438,841,876
10464,+-----+++---+-++++-++-++-+-++,9.550299,318,841,636
10465,++----+++---+-++++-++-++-+--+,10.968384,414,841,828
10466,+-+---+++---+-++++-++-++-++++,8.579062,182,841,364
10467,+++---+++---+-++++-++-++-++-+,8.787054,214,841,428
10468,+--+--+++---+-++++-++-++---++,11.180340,382,841,764
10469,++-+--+++---+-++++-++-++----+,10.857520,414,841,828
10470,+-++--+++---+-++++-++-++--+++,10.049876,278,841,556
10471,++++--+++---+-++++-++-++--+-+,9.583384,246,841,492
10472,+---+-+++---+-++++-++-++++-++,10.816654,406,841,812
10473,++--+-+++---+-++++-++-++++--+,9.997430,342,841,684
10474,+-+-+-+++---+-++++-++-+++++++,11.000000,366,841,732
10475,+++-+-+++---+-++++-++-+++++-+,11.000000,238,841,476
10476,+--++-+++---+-++++-++-+++--++,13.453624,534,841,1068
10477,++-++-+++---+-++++-++-+++---+,10.816654,342,841,684
10478,+-+++-+++---+-++++-++-+++-+++,11.180340,398,841,796
10479,+++++-+++---+-++++-++-+++-+-+,11.000000,270,841,540
10480,+----++++---+-++++-++-+--+-++,10.032989,446,841,892
10481,++---++++---+-++++-++-+--+--+,9.544887,222,841,444
10482,+-+--++++---+-++++-++-+--++++,9.543718,374,841,748
10483,+++--++++---+-++++-++-+--++-+,9.012666,214,841,428
10484,+--+-++++---+-++++-++-+----++,9.836318,414,841,828
10485,++-+-++++---+-++++-++-+-----+,9.575784,318,841,636
10486,+-++-++++---+-++++-++-+---+++,9.229373,310,841,620
10487,++++-++++---+-++++-++-+---+-+,9.206069,278,841,556
10488,+---+++++---+-++++-++-+-++-++,9.464234,374,841,748
10489,++--+++++---+-++++-++-+-++--+,9.219544,182,841,364
10490,+-+-+++++---+-++++-++-+-+++++,11.000000,462,841,924
10491,+++-+++++---+-++++-++-+-+++-+,11.000000,206,841,412
10492,+--++++++---+-++++-++-+-+--++,10.816654,406,841,812
10493,++-++++++---+-++++-++-+-+---+,9.219544,278,841,556
10494,+-+++++++---+-++++-++-+-+-+++,11.000000,462,841,924
10495,+++++++++---+-++++-++-+-+-+-+,11.000000,398,841,796
10496,+--------+--+-++++---+-+-+-++,9.142050,206,841,412
10497,++-------+--+-++++---+-+-+--+,9.001164,302,841,604
10498,+-+------+--+-++++---+-+-++++,10.467507,326,841,652
10499,+++------+--+-++++---+-+-++-+,10.117312,358,841,716
10500,+--+-----+--+-++++---+-+---++,8.990543,302,841,604
10501,++-+-----+--+-++++---+-+----+,9.886500,462,841,924
10502,+-++-----+--+-++++---+-+--+++,10.021338,454,841,908
10503,++++-----+--+-++++---+-+--+-+,10.353882,550,841,1100
10504,+---+----+--+-++++---+-+++-++,9.219544,134,841,268
10505,++--+----+--+-++++---+-+++--+,10.816654,262,841,524
10506,+-+-+----+--+-++++---+-++++++,10.386206,350,841,700
10507,+++-+----+--+-++++---+-++++-+,10.573460,414,841,828
10508,+--++----+--+-++++---+-++--++,9.697168,294,841,588
10509,++-++----+--+-++++---+-++---+,9.219544,294,841,588
10510,+-+++----+--+-++++---+-++-+++,10.240021,414,841,828
10511,+++++----+--+-++++---+-++-+-+,10.196266,478,841,956
10512,+----+---+--+-++++---+---+-++,8.803594,206,841,412
10513,++---+---+--+-++++---+---+--+,11.180340,366,841,732
10514,+-+--+---+--+-++++---+---++++,9.991439,326,841,652
10515,+++--+---+--+-++++---+---++-+,10.137565,422,841,844
10516,+--+-+---+--+-++++---+-----++,9.371999,334,841,668
10517,++-+-+---+--+-++++---+------+,10.530297,366,841,732
10518,+-++-+---+--+-++++---+----+++,10.802365,550,841,1100
10519,++++-+---+--+-++++---+----+-+,11.509917,518,841,1036
10520,+---++---+--+-++++---+--++-++,10.816654,294,841,588
10521,++--++---+--+-++++---+--++--+,13.453624,550,841,1100
10522,+-+-++---+--+-++++---+--+++++,10.462953,446,841,892
10523,+++-++---+--+-++++---+--+++-+,11.180340,510,841,1020
10524,+--+++---+--+-++++---+--+--++,9.711057,358,841,716
10525,++-+++---+--+-++++---+--+---+,10.816654,294,841,588
10526,+-++++---+--+-++++---+--+-+++,11.308404,606,841,1212
10527,++++++---+--+-++++---+--+-+-+,11.081323,478,841,956
10528,+-----+--+--+-++++---+++-+-++,8.827640,262,841,524
10529,++----+--+--+-++++---+++-+--+,11.172913,454,841,908
10530,+-+---+--+--+-++++---+++-++++,7.491778,126,841,252
10531,+++---+--+--+-++++---+++-++-+,9.382567,254,841,508
10532,+--+--+--+--+-++++---+++---++,9.682411,422,841,844
10533,++-+--+--+--+-++++---+++----+,11.166356,550,841,1100
10534,+-++--+--+--+-++++---+++--+++,9.404389,318,841,636
10535,++++--+--+--+-++++---+++--+-+,10.540327,382,841,764
10536,+---+-+--+--+-++++---+++++-++,8.403322,222,841,444
10537,++--+-+--+--+-++++---+++++--+,10.138257,318,841,636
10538,+-+-+-+--+--+-++++---++++++++,8.097932,182,841,364
10539,+++-+-+--+--+-++++---++++++-+,8.633928,214,841,428
10540,+--++-+--+--+-++++---++++--++,10.538498,382,841,764
10541,++-++-+--+--+-++++---++++---+,9.393255,350,841,700
10542,+-+++-+--+--+-++++---++++-+++,9.018048,246,841,492
10543,+++++-+--+--+-++++---++++-+-+,9.066927,278,841,556
10544,+----++--+--+-++++---++--+-++,10.286988,326,841,652
10545,++---++--+--+-++++---++--+--+,10.049876,390,841,780
10546,+-+--++--+--+-++++---++--++++,9.717767,254,841,508
10547,+++--++--+--+-++++---++--++-+,10.440307,382,841,764
10548,+--+-++--+--+-++++---++----++,10.892947,454,841,908
10549,++-+-++--+--+-++++---++-----+,8.687580,262,841,524
10550,+-++-++--+--+-++++---++---+++,9.322050,350,841,700
10551,++++-++--+--+-++++---++---+-+,8.519366,222,841,444
10552,+---+++--+--+-++++---++-++-++,9.555087,318,841,636
10553,++--+++--+--+-++++---++-++--+,11.180340,350,841,700
10554,+-+-+++--+--+-++++---++-+++++,9.115766,278,841,556
10555,+++-+++--+--+-++++---++-+++-+,10.049876,246,841,492
10556,+--++++--+--+-++++---++-+--++,11.067433,446,841,892
10557,++-++++--+--+-++++---++-+---+,8.230448,158,841,316
10558,+-+++++--+--+-++++---++-+-+++,9.499627,374,841,748
10559,+++++++--+--+-++++---++-+-+-+,8.583989,150,841,300
10560,+------+-+--+-++++-----+-+-++,9.766268,334,841,668
10561,++-----+-+--+-++++-----+-+--+,10.621139,494,841,988
10562,+-+----+-+--+-++++-----+-++++,10.528657,454,841,908
10563,+++----+-+--+-++++-----+-++-+,10.090061,550,841,1100
10564,+--+---+-+--+-++++-----+---++,8.729507,174,841,348
10565,++-+---+-+--+-++++-----+----+,10.018325,398,841,796
10566,+-++---+-+--+-++++-----+--+++,10.032375,326,841,652
10567,++++---+-+--+-++++-----+--+-+,10.299944,486,841,972
10568,+---+--+-+--+-++++-----+++-++,9.219544,294,841,588
10569,++--+--+-+--+-++++-----+++--+,10.382291,422,841,844
10570,+-+-+--+-+--+-++++-----++++++,10.210513,510,841,1020
10571,+++-+--+-+--+-++++-----++++-+,10.283050,574,841,1148
10572,+--++--+-+--+-++++-----++--++,10.816654,262,841,524
10573,++-++--+-+--+-++++-----++---+,9.219544,262,841,524
10574,+-+++--+-+--+-++++-----++-+++,10.500851,382,841,764
10575,+++++--+-+--+-++++-----++-+-+,10.306126,446,841,892
10576,+----+-+-+--+-++++-------+-++,9.361501,366,841,732
10577,++---+-+-+--+-++++-------+--+,8.698478,206,841,412
10578,+-+--+-+-+--+-++++-------++++,9.993910,550,841,1100
10579,+++--+-+-+--+-++++-------++-+,10.153160,326,841,652
10580,+--+-+-+-+--+-++++---------++,8.690750,238,841,476
10581,++-+-+-+-+--+-++++----------+,9.851702,334,841,668
10582,+-++-+-+-+--+-++++--------+++,11.092547,518,841,1036
10583,++++-+-+-+--+-++++--------+-+,11.481269,550,841,1100
10584,+---++-+-+--+-++++------++-++,10.068492,422,841,844
10585,++--++-+-+--+-++++------++--+,10.816654,294,841,588
10586,+-+-++-+-+--+-++++------+++++,11.405921,766,841,1532
10587,+++-++-+-+--+-++++------+++-+,10.533518,446,841,892
10588,+--+++-+-+--+-++++------+--++,9.310364,294,841,588
10589,++-+++-+-+--+-++++------+---+,9.219544,230,841,460
10590,+-++++-+-+--+-++++------+-+++,12.206858,734,841,1468
10591,++++++-+-+--+-++++------+-+-+,11.553765,606,841,1212
10592,+-----++-+--+-++++----++-+-++,9.970885,422,841,844
10593,++----++-+--+-++++----++-+--+,12.562108,870,841,1740
10594,+-+---++-+--+-++++----++-++++,8.443985,222,841,444
10595,+++---++-+--+-++++----++-++-+,10.680826,478,841,956
10596,+--+--++-+--+-++++----++---++,9.251664,262,841,524
10597,++-+--++-+--+-++++----++----+,11.857687,646,841,1292
10598,+-++--++-+--+-++++----++--+++,8.449916,222,841,444
10599,++++--++-+--+-++++----++--+-+,10.555094,414,841,828
10600,+---+-++-+--+-++++----++++-++,10.680240,478,841,956
10601,++--+-++-+--+-++++----++++--+,12.132074,766,841,1532
10602,+-+-+-++-+--+-++++----+++++++,9.581575,374,841,748
10603,+++-+-++-+--+-++++----+++++-+,10.388070,470,841,940
10604,+--++-++-+--+-++++----+++--++,8.224477,254,841,508
10605,++-++-++-+--+-++++----+++---+,10.517856,414,841,828
10606,+-+++-++-+--+-++++----+++-+++,8.860301,182,841,364
10607,+++++-++-+--+-++++----+++-+-+,9.316649,278,841,556
10608,+----+++-+--+-++++----+--+-++,9.428920,390,841,780
10609,++---+++-+--+-++++----+--+--+,10.073121,326,841,652
10610,+-+--+++-+--+-++++----+--++++,9.559690,318,841,636
10611,+++--+++-+--+-++++----+--++-+,7.958606,190,841,380
10612,+--+-+++-+--+-++++----+----++,8.207221,198,841,396
10613,++-+-+++-+--+-++++----+-----+,9.307973,262,841,524
10614,+-++-+++-+--+-++++----+---+++,9.234974,222,841,444
10615,++++-+++-+--+-++++----+---+-+,8.692272,222,841,444
10616,+---++++-+--+-++++----+-++-++,10.848969,542,841,1084
10617,++--++++-+--+-++++----+-++--+,10.188880,382,841,764
10618,+-+-++++-+--+-++++----+-+++++,11.365008,630,841,1260
10619,+++-++++-+--+-++++----+-+++-+,8.832816,278,841,556
10620,+--+++++-+--+-++++----+-+--++,8.917156,286,841,572
10621,++-+++++-+--+-++++----+-+---+,8.187281,190,841,380
10622,+-++++++-+--+-++++----+-+-+++,11.037562,470,841,940
10623,++++++++-+--+-++++----+-+-+-+,9.435450,310,841,620
10624,+-------++--+-++++--++-+-+-++,9.219544,198,841,396
10625,++------++--+-++++--++-+-+--+,10.816654,454,841,908
10626,+-+-----++--+-++++--++-+-++++,8.854850,190,841,380
10627,+++-----++--+-++++--++-+-++-+,9.152024,254,841,508
10628,+--+----++--+-++++--++-+---++,9.791731,390,841,780
10629,++-+----++--+-++++--++-+----+,11.023043,582,841,1164
10630,+-++----++--+-++++--++-+--+++,11.502150,542,841,1084
10631,++++----++--+-++++--++-+--+-+,11.326076,542,841,1084
10632,+---+---++--+-++++--++-+++-++,13.152946,478,841,956
10633,++--+---++--+-++++--++-+++--+,14.317821,766,841,1532
10634,+-+-+---++--+-++++--++-++++++,9.219544,182,841,364
10635,+++-+---++--+-++++--++-++++-+,10.816654,278,841,556
10636,+--++---++--+-++++--++-++--++,13.152946,606,841,1212
10637,++-++---++--+-++++--++-++---+,13.152946,638,841,1276
10638,+-+++---++--+-++++--++-++-+++,9.812862,342,841,684
10639,+++++---++--+-++++--++-++-+-+,9.321602,310,841,620
10640,+----+--++--+-++++--++---+-++,10.816654,262,841,524
10641,++---+--++--+-++++--++---+--+,13.453624,582,841,1164
10642,+-+--+--++--+-++++--++---++++,8.012223,190,841,380
10643,+++--+--++--+-++++--++---++-+,11.180340,318,841,636
10644,+--+-+--++--+-++++--++-----++,9.219544,294,841,588
10645,++-+-+--++--+-++++--++------+,10.816654,358,841,716
10646,+-++-+--++--+-++++--++----+++,10.589337,446,841,892
10647,++++-+--++--+-++++--++----+-+,9.391397,318,841,636
10648,+---++--++--+-++++--++--++-++,14.317821,766,841,1532
10649,++--++--++--+-++++--++--++--+,16.401219,1310,841,2620
10650,+-+-++--++--+-++++--++--+++++,10.816654,342,841,684
10651,+++-++--++--+-++++--++--+++-+,13.453624,566,841,1132
10652,+--+++--++--+-++++--++--+--++,13.152946,606,841,1212
10653,++-+++--++--+-++++--++--+---+,14.317821,702,841,1404
10654,+-++++--++--+-++++--++--+-+++,9.694062,406,841,812
10655,++++++--++--+-++++--++--+-+-+,10.816654,310,841,620
10656,+-----+-++--+-++++--++++-+-++,10.236642,350,841,700
10657,++----+-++--+-++++--++++-+--+,12.258032,702,841,1404
10658,+-+---+-++--+-++++--++++-++++,9.490918,278,841,556
10659,+++---+-++--+-++++--++++-++-+,10.807464,438,841,876
10660,+--+--+-++--+-++++--++++---++,10.705181,542,841,1084
10661,++-+--+-++--+-++++--++++----+,12.685904,830,841,1660
10662,+-++--+-++--+-++++--++++--+++,11.491290,630,841,1260
10663,++++--+-++--+-++++--++++--+-+,12.310257,726,841,1452
10664,+---+-+-++--+-++++--++++++-++,9.219544,278,841,556
10665,++--+-+-++--+-++++--++++++--+,10.816654,534,841,1068
10666,+-+-+-+-++--+-++++--+++++++++,11.000000,302,841,604
10667,+++-+-+-++--+-++++--+++++++-+,11.000000,366,841,732
10668,+--++-+-++--+-++++--+++++--++,9.219544,342,841,684
10669,++-++-+-++--+-++++--+++++---+,10.483624,470,841,940
10670,+-+++-+-++--+-++++--+++++-+++,11.000000,398,841,796
10671,+++++-+-++--+-++++--+++++-+-+,11.000000,462,841,924
10672,+----++-++--+-++++--+++--+-++,9.491564,286,841,572
10673,++---++-++--+-++++--+++--+--+,11.180340,510,841,1020
10674,+-+--++-++--+-++++--+++--++++,8.568299,214,841,428
10675,+++--++-++--+-++++--+++--++-+,10.049876,374,841,748
10676,+--+-++-++--+-++++--+++----++,9.495491,382,841,764
10677,++-+-++-++--+-++++--+++-----+,10.426866,350,841,700
10678,+-++-++-++--+-++++--+++---+++,9.878618,406,841,812
10679,++++-++-++--+-++++--+++---+-+,10.099677,310,841,620
10680,+---+++-++--+-++++--+++-++-++,10.816654,310,841,620
10681,++--+++-++--+-++++--+++-++--+,13.453624,630,841,1260
10682,+-+-+++-++--+-++++--+++-+++++,11.000000,270,841,540
10683,+++-+++-++--+-++++--+++-+++-+,11.180340,398,841,796
10684,+--++++-++--+-++++--+++-+--++,9.269914,278,841,556
10685,++-++++-++--+-++++--+++-+---+,10.816654,278,841,556
10686,+-+++++-++--+-++++--+++-+-+++,11.000000,334,841,668
10687,+++++++-++--+-++++--+++-+-+-+,11.000000,270,841,540
10688,+------+++--+-++++--+--+-+-++,9.219544,326,841,652
10689,++-----+++--+-++++--+--+-+--+,10.994444,582,841,1164
10690,+-+----+++--+-++++--+--+-++++,9.120829,254,841,508
10691,+++----+++--+-++++--+--+-++-+,9.976151,446,841,892
10692,+--+---+++--+-++++--+--+---++,10.816654,326,841,652
10693,++-+---+++--+-++++--+--+----+,11.075174,518,841,1036
10694,+-++---+++--+-++++--+--+--+++,9.883559,286,841,572
10695,++++---+++--+-++++--+--+--+-+,10.583209,414,841,828
10696,+---+--+++--+-++++--+--+++-++,13.152946,574,841,1148
10697,++--+--+++--+-++++--+--+++--+,13.152946,798,841,1596
10698,+-+-+--+++--+-++++--+--++++++,9.219544,214,841,428
10699,+++-+--+++--+-++++--+--++++-+,10.002193,374,841,748
10700,+--++--+++--+-++++--+--++--++,14.317821,702,841,1404
10701,++-++--+++--+-++++--+--++---+,13.152946,670,841,1340
10702,+-+++--+++--+-++++--+--++-+++,10.816654,246,841,492
10703,+++++--+++--+-++++--+--++-+-+,9.219544,278,841,556
10704,+----+-+++--+-++++--+----+-++,9.831849,358,841,716
10705,++---+-+++--+-++++--+----+--+,10.816654,294,841,588
10706,+-+--+-+++--+-++++--+----++++,9.734284,286,841,572
10707,+++--+-+++--+-++++--+----++-+,8.047903,158,841,316
10708,+--+-+-+++--+-++++--+------++,9.219544,198,841,396
10709,++-+-+-+++--+-++++--+-------+,9.219544,262,841,524
10710,+-++-+-+++--+-++++--+-----+++,8.646885,222,841,444
10711,++++-+-+++--+-++++--+-----+-+,8.517842,222,841,444
10712,+---++-+++--+-++++--+---++-++,13.152946,638,841,1276
10713,++--++-+++--+-++++--+---++--+,14.317821,734,841,1468
10714,+-+-++-+++--+-++++--+---+++++,9.447923,342,841,684
10715,+++-++-+++--+-++++--+---+++-+,10.816654,246,841,492
10716,+--+++-+++--+-++++--+---+--++,13.152946,478,841,956
10717,++-+++-+++--+-++++--+---+---+,13.152946,510,841,1020
10718,+-++++-+++--+-++++--+---+-+++,9.273905,278,841,556
10719,++++++-+++--+-++++--+---+-+-+,9.219544,246,841,492
10720,+-----++++--+-++++--+-++-+-++,10.712009,510,841,1020
10721,++----++++--+-++++--+-++-+--+,13.200622,1054,841,2108
10722,+-+---++++--+-++++--+-++-++++,9.180244,310,841,620
10723,+++---++++--+-++++--+-++-++-+,11.249887,662,841,1324
10724,+--+--++++--+-++++--+-++---++,10.830826,446,841,892
10725,++-+--++++--+-++++--+-++----+,13.069060,926,841,1852
10726,+-++--++++--+-++++--+-++--+++,10.525326,406,841,812
10727,++++--++++--+-++++--+-++--+-+,12.011127,694,841,1388
10728,+---+-++++--+-++++--+-++++-++,10.042705,470,841,940
10729,++--+-++++--+-++++--+-++++--+,12.311039,854,841,1708
10730,+-+-+-++++--+-++++--+-+++++++,11.000000,366,841,732
10731,+++-+-++++--+-++++--+-+++++-+,11.000000,558,841,1116
10732,+--++-++++--+-++++--+-+++--++,10.816654,342,841,684
10733,++-++-++++--+-++++--+-+++---+,11.280541,598,841,1196
10734,+-+++-++++--+-++++--+-+++-+++,11.000000,270,841,540
10735,+++++-++++--+-++++--+-+++-+-+,11.000000,462,841,924
10736,+----+++++--+-++++--+-+--+-++,9.519520,414,841,828
10737,++---+++++--+-++++--+-+--+--+,10.784990,446,841,892
10738,+-+--+++++--+-++++--+-+--++++,9.346178,278,841,556
10739,+++--+++++--+-++++--+-+--++-+,8.797425,246,841,492
10740,+--+-+++++--+-++++--+-+----++,9.559922,254,841,508
10741,++-+-+++++--+-++++--+-+-----+,10.721998,414,841,828
10742,+-++-+++++--+-++++--+-+---+++,8.987766,214,841,428
10743,++++-+++++--+-++++--+-+---+-+,9.688571,310,841,620
10744,+---++++++--+-++++--+-+-++-++,9.678956,406,841,812
10745,++--++++++--+-++++--+-+-++--+,10.816654,470,841,940
10746,+-+-++++++--+-++++--+-+-+++++,11.000000,430,841,860
10747,+++-++++++--+-++++--+-+-+++-+,11.000000,302,841,604
10748,+--+++++++--+-++++--+-+-+--++,9.219544,182,841,364
10749,++-+++++++--+-++++--+-+-+---+,9.219544,310,841,620
10750,+-++++++++--+-++++--+-+-+-+++,11.000000,302,841,604
10751,++++++++++--+-++++--+-+-+-+-+,11.000000,366,841,732
10752,+---------+-+-++++++-+-+-+-++,10.602458,614,841,1228
10753,++--------+-+-++++++-+-+-+--+,11.296844,614,841,1228
10754,+-+-------+-+-++++++-+-+-++++,10.230295,478,841,956
10755,+++-------+-+-++++++-+-+-++-+,9.748675,414,841,828
10756,+--+------+-+-++++++-+-+---++,10.280072,422,841,844
10757,++-+------+-+-++++++-+-+----+,12.666088,870,841,1740
10758,+-++------+-+-++++++-+-+--+++,10.079681,318,841,636
10759,++++------+-+-++++++-+-+--+-+,11.895103,702,841,1404
10760,+---+-----+-+-++++++-+-+++-++,10.420352,350,841,700
10761,++--+-----+-+-++++++-+-+++--+,8.900216,254,841,508
10762,+-+-+-----+-+-++++++-+-++++++,10.206470,438,841,876
10763,+++-+-----+-+-++++++-+-++++-+,8.654372,278,841,556
10764,+--++-----+-+-++++++-+-++--++,8.054081,222,841,444
10765,++-++-----+-+-++++++-+-++---+,10.373879,382,841,764
10766,+-+++-----+-+-++++++-+-++-+++,9.360215,214,841,428
10767,+++++-----+-+-++++++-+-++-+-+,10.120177,438,841,876
10768,+----+----+-+-++++++-+---+-++,9.310741,262,841,524
10769,++---+----+-+-++++++-+---+--+,11.014170,518,841,1036
10770,+-+--+----+-+-++++++-+---++++,9.643505,254,841,508
10771,+++--+----+-+-++++++-+---++-+,10.696772,446,841,892
10772,+--+-+----+-+-++++++-+-----++,10.548122,486,841,972
10773,++-+-+----+-+-++++++-+------+,13.070585,998,841,1996
10774,+-++-+----+-+-++++++-+----+++,11.501001,574,841,1148
10775,++++-+----+-+-++++++-+----+-+,13.209742,1022,841,2044
10776,+---++----+-+-++++++-+--++-++,7.391307,94,841,188
10777,++--++----+-+-++++++-+--++--+,9.626452,318,841,636
10778,+-+-++----+-+-++++++-+--+++++,9.609652,246,841,492
10779,+++-++----+-+-++++++-+--+++-+,9.622056,278,841,556
10780,+--+++----+-+-++++++-+--+--++,9.063409,254,841,508
10781,++-+++----+-+-++++++-+--+---+,11.329260,542,841,1084
10782,+-++++----+-+-++++++-+--+-+++,11.303943,502,841,1004
10783,++++++----+-+-++++++-+--+-+-+,12.043547,726,841,1452
10784,+-----+---+-+-++++++-+++-+-++,10.782816,478,841,956
10785,++----+---+-+-++++++-+++-+--+,9.520794,318,841,636
10786,+-+---+---+-+-++++++-+++-++++,10.379137,406,841,812
10787,+++---+---+-+-++++++-+++-++-+,8.286523,182,841,364
10788,+--+--+---+-+-++++++-+++---++,8.801387,222,841,444
10789,++-+--+---+-+-++++++-+++----+,10.374212,382,841,764
10790,+-++--+---+-+-++++++-+++--+++,9.219544,182,841,364
10791,++++--+---+-+-++++++-+++--+-+,9.564208,278,841,556
10792,+---+-+---+-+-++++++-+++++-++,10.709008,502,841,1004
10793,++--+-+---+-+-++++++-+++++--+,8.414906,246,841,492
10794,+-+-+-+---+-+-++++++-++++++++,11.000000,654,841,1308
10795,+++-+-+---+-+-++++++-++++++-+,11.000000,334,841,668
10796,+--++-+---+-+-++++++-++++--++,9.591011,246,841,492
10797,++-++-+---+-+-++++++-++++---+,9.053198,246,841,492
10798,+-+++-+---+-+-++++++-++++-+++,11.000000,302,841,604
10799,+++++-+---+-+-++++++-++++-+-+,11.000000,366,841,732
10800,+----++---+-+-++++++-++--+-++,9.358589,190,841,380
10801,++---++---+-+-++++++-++--+--+,8.257243,222,841,444
10802,+-+--++---+-+-++++++-++--++++,8.679965,182,841,364
10803,+++--++---+-+-++++++-++--++-+,9.219544,278,841,556
10804,+--+-++---+-+-++++++-++----++,9.819587,286,841,572
10805,++-+-++---+-+-++++++-++-----+,10.778698,446,841,892
10806,+-++-++---+-+-++++++-++---+++,9.012197,246,841,492
10807,++++-++---+-+-++++++-++---+-+,10.881284,470,841,940
10808,+---+++---+-+-++++++-++-++-++,8.818829,182,841,364
10809,++--+++---+-+-++++++-++-++--+,8.319342,182,841,364
10810,+-+-+++---+-+-++++++-++-+++++,11.000000,334,841,668
10811,+++-+++---+-+-++++++-++-+++-+,11.000000,270,841,540
10812,+--++++---+-+-++++++-++-+--++,9.993664,278,841,556
10813,++-++++---+-+-++++++-++-+---+,9.868841,342,841,684
10814,+-+++++---+-+-++++++-++-+-+++,11.000000,398,841,796
10815,+++++++---+-+-++++++-++-+-+-+,11.000000,526,841,1052
10816,+------+--+-+-++++++---+-+-++,9.018745,262,841,524
10817,++-----+--+-+-++++++---+-+--+,9.751643,326,841,652
10818,+-+----+--+-+-++++++---+-++++,9.221063,318,841,636
10819,+++----+--+-+-++++++---+-++-+,9.458466,318,841,636
10820,+--+---+--+-+-++++++---+---++,10.049876,326,841,652
10821,++-+---+--+-+-++++++---+----+,11.142112,454,841,908
10822,+-++---+--+-+-++++++---+--+++,10.440307,414,841,828
10823,++++---+--+-+-++++++---+--+-+,11.128086,478,841,956
10824,+---+--+--+-+-++++++---+++-++,7.810250,94,841,188
10825,++--+--+--+-+-++++++---+++--+,7.997767,126,841,252
10826,+-+-+--+--+-+-++++++---++++++,8.756193,246,841,492
10827,+++-+--+--+-+-++++++---++++-+,8.734996,214,841,428
10828,+--++--+--+-+-++++++---++--++,11.180340,286,841,572
10829,++-++--+--+-+-++++++---++---+,8.825937,190,841,380
10830,+-+++--+--+-+-++++++---++-+++,10.049876,342,841,684
10831,+++++--+--+-+-++++++---++-+-+,9.975370,310,841,620
10832,+----+-+--+-+-++++++-----+-++,9.786427,390,841,780
10833,++---+-+--+-+-++++++-----+--+,9.884999,326,841,652
10834,+-+--+-+--+-+-++++++-----++++,9.638212,510,841,1020
10835,+++--+-+--+-+-++++++-----++-+,10.385031,382,841,764
10836,+--+-+-+--+-+-++++++-------++,9.767487,486,841,972
10837,++-+-+-+--+-+-++++++--------+,11.906540,678,841,1356
10838,+-++-+-+--+-+-++++++------+++,11.650316,702,841,1404
10839,++++-+-+--+-+-++++++------+-+,12.731570,830,841,1660
10840,+---++-+--+-+-++++++----++-++,9.403745,254,841,508
10841,++--++-+--+-+-++++++----++--+,8.932934,222,841,444
10842,+-+-++-+--+-+-++++++----+++++,10.692875,534,841,1068
10843,+++-++-+--+-+-++++++----+++-+,9.962049,310,841,620
10844,+--+++-+--+-+-++++++----+--++,9.874231,350,841,700
10845,++-+++-+--+-+-++++++----+---+,10.562255,382,841,764
10846,+-++++-+--+-+-++++++----+-+++,12.165146,726,841,1452
10847,++++++-+--+-+-++++++----+-+-+,12.104460,694,841,1388
10848,+-----++--+-+-++++++--++-+-++,8.186192,158,841,316
10849,++----++--+-+-++++++--++-+--+,9.730394,254,841,508
10850,+-+---++--+-+-++++++--++-++++,9.219544,214,841,428
10851,+++---++--+-+-++++++--++-++-+,7.791327,118,841,236
10852,+--+--++--+-+-++++++--++---++,10.440307,222,841,444
10853,++-+--++--+-+-++++++--++----+,9.206140,254,841,508
10854,+-++--++--+-+-++++++--++--+++,12.206556,438,841,876
10855,++++--++--+-+-++++++--++--+-+,9.219544,278,841,556
10856,+---+-++--+-+-++++++--++++-++,8.380279,214,841,428
10857,++--+-++--+-+-++++++--++++--+,9.972702,278,841,556
10858,+-+-+-++--+-+-++++++--+++++++,11.000000,366,841,732
10859,+++-+-++--+-+-++++++--+++++-+,11.000000,238,841,476
10860,+--++-++--+-+-++++++--+++--++,10.049876,214,841,428
10861,++-++-++--+-+-++++++--+++---+,8.787710,150,841,300
10862,+-+++-++--+-+-++++++--+++-+++,11.000000,398,841,796
10863,+++++-++--+-+-++++++--+++-+-+,11.000000,270,841,540
10864,+----+++--+-+-++++++--+--+-++,9.536827,222,841,444
10865,++---+++--+-+-++++++--+--+--+,8.757056,126,841,252
10866,+-+--+++--+-+-++++++--+--++++,9.319112,278,841,556
10867,+++--+++--+-+-++++++--+--++-+,7.344761,118,841,236
10868,+--+-+++--+-+-++++++--+----++,9.090306,254,841,508
10869,++-+-+++--+-+-++++++--+-----+,9.561698,286,841,572
10870,+-++-+++--+-+-++++++--+---+++,9.904471,406,841,812
10871,++++-+++--+-+-++++++--+---+-+,10.358375,374,841,748
10872,+---++++--+-+-++++++--+-++-++,9.514915,310,841,620
10873,++--++++--+-+-++++++--+-++--+,9.588611,246,841,492
10874,+-+-++++--+-+-++++++--+-+++++,11.000000,526,841,1052
10875,+++-++++--+-+-++++++--+-+++-+,11.000000,270,841,540
10876,+--+++++--+-+-++++++--+-+--++,9.274849,278,841,556
10877,++-+++++--+-+-++++++--+-+---+,9.039440,278,841,556
10878,+-++++++--+-+-++++++--+-+-+++,11.000000,590,841,1180
10879,++++++++--+-+-++++++--+-+-+-+,11.000000,526,841,1052
10880,+-------+-+-+-++++++++-+-+-++,11.292633,638,841,1276
10881,++------+-+-+-++++++++-+-+--+,10.712250,478,841,956
10882,+-+-----+-+-+-++++++++-+-++++,10.667902,502,841,1004
10883,+++-----+-+-+-++++++++-+-++-+,8.692374,278,841,556
10884,+--+----+-+-+-++++++++-+---++,9.189396,286,841,572
10885,++-+----+-+-+-++++++++-+----+,11.441222,574,841,1148
10886,+-++----+-+-+-++++++++-+--+++,7.563962,182,841,364
10887,++++----+-+-+-++++++++-+--+-+,10.293202,406,841,812
10888,+---+---+-+-+-++++++++-+++-++,11.111119,598,841,1196
10889,++--+---+-+-+-++++++++-+++--+,9.219544,342,841,684
10890,+-+-+---+-+-+-++++++++-++++++,11.016001,686,841,1372
10891,+++-+---+-+-+-++++++++-++++-+,11.000000,366,841,732
10892,+--++---+-+-+-++++++++-++--++,10.816654,310,841,620
10893,++-++---+-+-+-++++++++-++---+,9.508547,310,841,620
10894,+-+++---+-+-+-++++++++-++-+++,11.000000,302,841,604
10895,+++++---+-+-+-++++++++-++-+-+,11.000000,366,841,732
10896,+----+--+-+-+-++++++++---+-++,8.460260,222,841,444
10897,++---+--+-+-+-++++++++---+--+,9.588826,318,841,636
10898,+-+--+--+-+-+-++++++++---++++,8.200073,150,841,300
10899,+++--+--+-+-+-++++++++---++-+,8.368562,182,841,364
10900,+--+-+--+-+-+-++++++++-----++,8.583859,222,841,444
10901,++-+-+--+-+-+-++++++++------+,11.500560,574,841,1148
10902,+-++-+--+-+-+-++++++++----+++,8.939977,246,841,492
10903,++++-+--+-+-+-++++++++----+-+,11.337685,534,841,1068
10904,+---++--+-+-+-++++++++--++-++,9.219544,214,841,428
10905,++--++--+-+-+-++++++++--++--+,10.816654,406,841,812
10906,+-+-++--+-+-+-++++++++--+++++,11.000000,302,841,604
10907,+++-++--+-+-+-++++++++--+++-+,11.000000,302,841,604
10908,+--+++--+-+-+-++++++++--+--++,9.219544,150,841,300
10909,++-+++--+-+-+-++++++++--+---+,10.141132,406,841,812
10910,+-++++--+-+-+-++++++++--+-+++,11.000000,334,841,668
10911,++++++--+-+-+-++++++++--+-+-+,11.000000,526,841,1052
10912,+-----+-+-+-+-++++++++++-+-++,11.671200,662,841,1324
10913,++----+-+-+-+-++++++++++-+--+,9.603039,342,841,684
10914,+-+---+-+-+-+-++++++++++-++++,11.434570,782,841,1564
10915,+++---+-+-+-+-++++++++++-++-+,11.000000,398,841,796
10916,+--+--+-+-+-+-++++++++++---++,8.495821,182,841,364
10917,++-+--+-+-+-+-++++++++++----+,9.630813,310,841,620
10918,+-++--+-+-+-+-++++++++++--+++,11.000000,334,841,668
10919,++++--+-+-+-+-++++++++++--+-+,11.000000,398,841,796
10920,+---+-+-+-+-+-++++++++++++-++,11.990825,910,841,1820
10921,++--+-+-+-+-+-++++++++++++--+,11.000000,494,841,988
10922,+-+-+-+-+-+-+-+++++++++++++++,15.000000,1638,841,3276
10923,+++-+-+-+-+-+-+++++++++++++-+,15.000000,1158,841,2316
10924,+--++-+-+-+-+-+++++++++++--++,11.000000,430,841,860
10925,++-++-+-+-+-+-+++++++++++---+,11.000000,398,841,796
10926,+-+++-+-+-+-+-+++++++++++-+++,15.000000,1062,841,2124
10927,+++++-+-+-+-+-+++++++++++-+-+,15.000000,1094,841,2188
10928,+----++-+-+-+-+++++++++--+-++,8.499948,246,841,492
10929,++---++-+-+-+-+++++++++--+--+,7.419671,118,841,236
10930,+-+--++-+-+-+-+++++++++--++++,11.000000,366,841,732
10931,+++--++-+-+-+-+++++++++--++-+,11.000000,302,841,604
10932,+--+-++-+-+-+-+++++++++----++,8.100933,182,841,364
10933,++-+-++-+-+-+-+++++++++-----+,9.875583,310,841,620
10934,+-++-++-+-+-+-+++++++++---+++,11.000000,270,841,540
10935,++++-++-+-+-+-+++++++++---+-+,11.000000,462,841,924
10936,+---+++-+-+-+-+++++++++-++-++,11.000000,398,841,796
10937,++--+++-+-+-+-+++++++++-++--+,11.000000,366,841,732
10938,+-+-+++-+-+-+-+++++++++-+++++,15.000000,1062,841,2124
10939,+++-+++-+-+-+-+++++++++-+++-+,15.000000,966,841,1932
10940,+--++++-+-+-+-+++++++++-+--++,11.000000,334,841,668
10941,++-++++-+-+-+-+++++++++-+---+,11.000000,494,841,988
10942,+-+++++-+-+-+-+++++++++-+-+++,15.000000,966,841,1932
10943,+++++++-+-+-+-+++++++++-+-+-+,15.000000,1190,841,2380
10944,+------++-+-+-+++++++--+-+-++,9.693172,350,841,700
10945,++-----++-+-+-+++++++--+-+--+,8.403376,190,841,380
10946,+-+----++-+-+-+++++++--+-++++,10.241227,342,841,684
10947,+++----++-+-+-+++++++--+-++-+,9.710469,246,841,492
10948,+--+---++-+-+-+++++++--+---++,11.180340,318,841,636
10949,++-+---++-+-+-+++++++--+----+,9.443851,222,841,444
10950,+-++---++-+-+-+++++++--+--+++,10.049876,214,841,428
10951,++++---++-+-+-+++++++--+--+-+,8.831498,182,841,364
10952,+---+--++-+-+-+++++++--+++-++,10.816654,342,841,684
10953,++--+--++-+-+-+++++++--+++--+,9.219544,150,841,300
10954,+-+-+--++-+-+-+++++++--++++++,11.000000,430,841,860
10955,+++-+--++-+-+-+++++++--++++-+,11.000000,302,841,604
10956,+--++--++-+-+-+++++++--++--++,13.453624,566,841,1132
10957,++-++--++-+-+-+++++++--++---+,10.816654,246,841,492
10958,+-+++--++-+-+-+++++++--++-+++,11.180340,430,841,860
10959,+++++--++-+-+-+++++++--++-+-+,11.000000,302,841,604
10960,+----+-++-+-+-+++++++----+-++,11.279824,478,841,956
10961,++---+-++-+-+-+++++++----+--+,8.557245,190,841,380
10962,+-+--+-++-+-+-+++++++----++++,10.877028,470,841,940
10963,+++--+-++-+-+-+++++++----++-+,9.336604,246,841,492
10964,+--+-+-++-+-+-+++++++------++,10.027362,414,841,828
10965,++-+-+-++-+-+-+++++++-------+,10.026013,382,841,764
10966,+-++-+-++-+-+-+++++++-----+++,9.308356,374,841,748
10967,++++-+-++-+-+-+++++++-----+-+,10.535785,406,841,812
10968,+---++-++-+-+-+++++++---++-++,9.599614,310,841,620
10969,++--++-++-+-+-+++++++---++--+,9.219544,182,841,364
10970,+-+-++-++-+-+-+++++++---+++++,11.000000,462,841,924
10971,+++-++-++-+-+-+++++++---+++-+,11.000000,270,841,540
10972,+--+++-++-+-+-+++++++---+--++,10.816654,374,841,748
10973,++-+++-++-+-+-+++++++---+---+,9.219544,310,841,620
10974,+-++++-++-+-+-+++++++---+-+++,11.000000,494,841,988
10975,++++++-++-+-+-+++++++---+-+-+,11.000000,494,841,988
10976,+-----+++-+-+-+++++++-++-+-++,8.858525,278,841,556
10977,++----+++-+-+-+++++++-++-+--+,8.061340,150,841,300
10978,+-+---+++-+-+-+++++++-++-++++,11.000000,462,841,924
10979,+++---+++-+-+-+++++++-++-++-+,11.000000,270,841,540
10980,+--+--+++-+-+-+++++++-++---++,10.049876,182,841,364
10981,++-+--+++-+-+-+++++++-++----+,7.761192,118,841,236
10982,+-++--+++-+-+-+++++++-++--+++,11.000000,398,841,796
10983,++++--+++-+-+-+++++++-++--+-+,11.000000,270,841,540
10984,+---+-+++-+-+-+++++++-++++-++,11.000000,494,841,988
10985,++--+-+++-+-+-+++++++-++++--+,11.000000,334,841,668
10986,+-+-+-+++-+-+-+++++++-+++++++,15.000000,1158,841,2316
10987,+++-+-+++-+-+-+++++++-+++++-+,15.000000,934,841,1868
10988,+--++-+++-+-+-+++++++-+++--++,11.180340,462,841,924
10989,++-++-+++-+-+-+++++++-+++---+,11.000000,302,841,604
10990,+-+++-+++-+-+-+++++++-+++-+++,15.000000,1030,841,2060
10991,+++++-+++-+-+-+++++++-+++-+-+,15.000000,934,841,1868
10992,+----++++-+-+-+++++++-+--+-++,10.820928,406,841,812
10993,++---++++-+-+-+++++++-+--+--+,7.658774,86,841,172
10994,+-+--++++-+-+-+++++++-+--++++,11.000000,526,841,1052
10995,+++--++++-+-+-+++++++-+--++-+,11.000000,270,841,540
10996,+--+-++++-+-+-+++++++-+----++,10.304661,342,841,684
10997,++-+-++++-+-+-+++++++-+-----+,8.796861,278,841,556
10998,+-++-++++-+-+-+++++++-+---+++,11.000000,430,841,860
10999,++++-++++-+-+-+++++++-+---+-+,11.000000,430,841,860
11000,+---+++++-+-+-+++++++-+-++-++,11.000000,462,841,924
11001,++--+++++-+-+-+++++++-+-++--+,11.000000,302,841,604
11002,+-+-+++++-+-+-+++++++-+-+++++,15.000000,1126,841,2252
11003,+++-+++++-+-+-+++++++-+-+++-+,15.000000,902,841,1804
11004,+--++++++-+-+-+++++++-+-+--++,11.000000,462,841,924
11005,++-++++++-+-+-+++++++-+-+---+,11.000000,494,841,988
11006,+-+++++++-+-+-+++++++-+-+-+++,15.000000,1094,841,2188
11007,+++++++++-+-+-+++++++-+-+-+-+,15.000000,1190,841,2380
11008,+--------++-+-+++++--+-+-+-++,9.269020,262,841,524
11009,++-------++-+-+++++--+-+-+--+,9.319635,262,841,524
11010,+-+------++-+-+++++--+-+-++++,9.772073,254,841,508
11011,+++------++-+-+++++--+-+-++-+,9.251916,318,841,636
11012,+--+-----++-+-+++++--+-+---++,9.578464,390,841,780
11013,++-+-----++-+-+++++--+-+----+,10.289167,454,841,908
11014,+-++-----++-+-+++++--+-+--+++,9.240947,286,841,572
11015,++++-----++-+-+++++--+-+--+-+,9.879758,414,841,828
11016,+---+----++-+-+++++--+-+++-++,7.967001,126,841,252
11017,++--+----++-+-+++++--+-+++--+,8.083317,158,841,316
11018,+-+-+----++-+-+++++--+-++++++,9.019249,214,841,428
11019,+++-+----++-+-+++++--+-++++-+,9.297989,310,841,620
11020,+--++----++-+-+++++--+-++--++,10.807243,446,841,892
11021,++-++----++-+-+++++--+-++---+,9.793146,350,841,700
11022,+-+++----++-+-+++++--+-++-+++,9.245226,310,841,620
11023,+++++----++-+-+++++--+-++-+-+,9.639152,406,841,812
11024,+----+---++-+-+++++--+---+-++,9.146897,262,841,524
11025,++---+---++-+-+++++--+---+--+,10.049876,326,841,652
11026,+-+--+---++-+-+++++--+---++++,9.230212,254,841,508
11027,+++--+---++-+-+++++--+---++-+,10.440307,382,841,764
11028,+--+-+---++-+-+++++--+-----++,9.964076,422,841,844
11029,++-+-+---++-+-+++++--+------+,10.607060,358,841,716
11030,+-++-+---++-+-+++++--+----+++,9.902416,382,841,764
11031,++++-+---++-+-+++++--+----+-+,10.981916,382,841,764
11032,+---++---++-+-+++++--+--++-++,8.279101,158,841,316
11033,++--++---++-+-+++++--+--++--+,11.180340,318,841,636
11034,+-+-++---++-+-+++++--+--+++++,8.780447,182,841,364
11035,+++-++---++-+-+++++--+--+++-+,10.049876,278,841,556
11036,+--+++---++-+-+++++--+--+--++,10.574094,382,841,764
11037,++-+++---++-+-+++++--+--+---+,8.477498,222,841,444
11038,+-++++---++-+-+++++--+--+-+++,9.839871,374,841,748
11039,++++++---++-+-+++++--+--+-+-+,10.007304,278,841,556
11040,+-----+--++-+-+++++--+++-+-++,9.341081,222,841,444
11041,++----+--++-+-+++++--+++-+--+,8.848058,190,841,380
11042,+-+---+--++-+-+++++--+++-++++,7.912358,150,841,300
11043,+++---+--++-+-+++++--+++-++-+,9.219544,182,841,364
11044,+--+--+--++-+-+++++--+++---++,10.699052,414,841,828
11045,++-+--+--++-+-+++++--+++----+,9.262643,318,841,636
11046,+-++--+--++-+-+++++--+++--+++,8.968487,246,841,492
11047,++++--+--++-+-+++++--+++--+-+,9.147635,214,841,428
11048,+---+-+--++-+-+++++--+++++-++,9.710751,310,841,620
11049,++--+-+--++-+-+++++--+++++--+,8.304537,182,841,364
11050,+-+-+-+--++-+-+++++--++++++++,11.000000,334,841,668
11051,+++-+-+--++-+-+++++--++++++-+,11.000000,270,841,540
11052,+--++-+--++-+-+++++--++++--++,11.792492,630,841,1260
11053,++-++-+--++-+-+++++--++++---+,9.677959,374,841,748
11054,+-+++-+--++-+-+++++--++++-+++,11.000000,430,841,860
11055,+++++-+--++-+-+++++--++++-+-+,11.000000,366,841,732
11056,+----++--++-+-+++++--++--+-++,10.778994,350,841,700
11057,++---++--++-+-+++++--++--+--+,10.440307,318,841,636
11058,+-+--++--++-+-+++++--++--++++,9.763406,342,841,684
11059,+++--++--++-+-+++++--++--++-+,12.206556,502,841,1004
11060,+--+-++--++-+-+++++--++----++,11.672995,510,841,1020
11061,++-+-++--++-+-+++++--++-----+,9.194030,222,841,444
11062,+-++-++--++-+-+++++--++---+++,9.823116,342,841,684
11063,++++-++--++-+-+++++--++---+-+,9.219544,246,841,492
11064,+---+++--++-+-+++++--++-++-++,10.405823,342,841,684
11065,++--+++--++-+-+++++--++-++--+,10.049876,278,841,556
11066,+-+-+++--++-+-+++++--++-+++++,11.000000,366,841,732
11067,+++-+++--++-+-+++++--++-+++-+,11.000000,366,841,732
11068,+--++++--++-+-+++++--++-+--++,12.084816,630,841,1260
11069,++-++++--++-+-+++++--++-+---+,9.612327,246,841,492
11070,+-+++++--++-+-+++++--++-+-+++,11.000000,494,841,988
11071,+++++++--++-+-+++++--++-+-+-+,11.000000,302,841,604
11072,+------+-++-+-+++++----+-+-++,10.004134,390,841,780
11073,++-----+-++-+-+++++----+-+--+,9.991208,454,841,908
11074,+-+----+-++-+-+++++----+-++++,10.139026,510,841,1020
11075,+++----+-++-+-+++++----+-++-+,11.113322,638,841,1276
11076,+--+---+-++-+-+++++----+---++,9.123013,198,841,396
11077,++-+---+-++-+-+++++----+----+,9.392452,326,841,652
11078,+-++---+-++-+-+++++----+--+++,9.215659,222,841,444
11079,++++---+-++-+-+++++----+--+-+,9.618715,414,841,828
11080,+---+--+-++-+-+++++----+++-++,8.346985,158,841,316
11081,++--+--+-++-+-+++++----+++--+,10.040373,318,841,636
11082,+-+-+--+-++-+-+++++----++++++,9.054740,374,841,748
11083,+++-+--+-++-+-+++++----++++-+,11.190312,598,841,1196
11084,+--++--+-++-+-+++++----++--++,8.885570,222,841,444
11085,++-++--+-++-+-+++++----++---+,9.332457,254,841,508
11086,+-+++--+-++-+-+++++----++-+++,8.868573,214,841,428
11087,+++++--+-++-+-+++++----++-+-+,10.074332,438,841,876
11088,+----+-+-++-+-+++++------+-++,9.959330,486,841,972
11089,++---+-+-++-+-+++++------+--+,9.010643,230,841,460
11090,+-+--+-+-++-+-+++++------++++,10.103826,542,841,1084
11091,+++--+-+-++-+-+++++------++-+,9.427247,350,841,700
11092,+--+-+-+-++-+-+++++--------++,9.123686,326,841,652
11093,++-+-+-+-++-+-+++++---------+,9.741607,326,841,652
11094,+-++-+-+-++-+-+++++-------+++,9.970729,350,841,700
11095,++++-+-+-++-+-+++++-------+-+,10.737191,414,841,828
11096,+---++-+-++-+-+++++-----++-++,9.309069,222,841,444
11097,++--++-+-++-+-+++++-----++--+,8.245366,126,841,252
11098,+-+-++-+-++-+-+++++-----+++++,9.601458,438,841,876
11099,+++-++-+-++-+-+++++-----+++-+,8.956712,278,841,556
11100,+--+++-+-++-+-+++++-----+--++,8.142275,190,841,380
11101,++-+++-+-++-+-+++++-----+---+,8.039723,158,841,316
11102,+-++++-+-++-+-+++++-----+-+++,10.658369,374,841,748
11103,++++++-+-++-+-+++++-----+-+-+,10.309306,406,841,812
11104,+-----++-++-+-+++++---++-+-++,8.336855,190,841,380
11105,++----++-++-+-+++++---++-+--+,10.595806,414,841,828
11106,+-+---++-++-+-+++++---++-++++,8.681510,182,841,364
11107,+++---++-++-+-+++++---++-++-+,9.989748,342,841,684
11108,+--+--++-++-+-+++++---++---++,8.362577,126,841,252
11109,++-+--++-++-+-+++++---++----+,9.776536,286,841,572
11110,+-++--++-++-+-+++++---++--+++,9.219544,150,841,300
11111,++++--++-++-+-+++++---++--+-+,9.153175,246,841,492
11112,+---+-++-++-+-+++++---++++-++,8.776850,246,841,492
11113,++--+-++-++-+-+++++---++++--+,10.379481,438,841,876
11114,+-+-+-++-++-+-+++++---+++++++,11.000000,334,841,668
11115,+++-+-++-++-+-+++++---+++++-+,11.000000,462,841,924
11116,+--++-++-++-+-+++++---+++--++,9.547612,246,841,492
11117,++-++-++-++-+-+++++---+++---+,9.037541,310,841,620
11118,+-+++-++-++-+-+++++---+++-+++,11.000000,238,841,476
11119,+++++-++-++-+-+++++---+++-+-+,11.000000,366,841,732
11120,+----+++-++-+-+++++---+--+-++,9.487434,286,841,572
11121,++---+++-++-+-+++++---+--+--+,8.008640,126,841,252
11122,+-+--+++-++-+-+++++---+--++++,9.402983,278,841,556
11123,+++--+++-++-+-+++++---+--++-+,9.219544,182,841,364
11124,+--+-+++-++-+-+++++---+----++,9.138551,190,841,380
11125,++-+-+++-++-+-+++++---+-----+,8.430396,158,841,316
11126,+-++-+++-++-+-+++++---+---+++,8.081343,150,841,300
11127,++++-+++-++-+-+++++---+---+-+,8.249703,182,841,364
11128,+---++++-++-+-+++++---+-++-++,9.533276,310,841,620
11129,++--++++-++-+-+++++---+-++--+,8.357313,182,841,364
11130,+-+-++++-++-+-+++++---+-+++++,11.000000,462,841,924
11131,+++-++++-++-+-+++++---+-+++-+,11.000000,270,841,540
11132,+--+++++-++-+-+++++---+-+--++,9.686148,278,841,556
11133,++-+++++-++-+-+++++---+-+---+,8.706139,214,841,428
11134,+-++++++-++-+-+++++---+-+-+++,11.000000,398,841,796
11135,++++++++-++-+-+++++---+-+-+-+,11.000000,398,841,796
11136,+-------+++-+-+++++-++-+-+-++,8.631999,190,841,380
11137,++------+++-+-+++++-++-+-+--+,8.159909,222,841,444
11138,+-+-----+++-+-+++++-++-+-++++,8.706104,246,841,492
11139,+++-----+++-+-+++++-++-+-++-+,8.784159,214,841,428
11140,+--+----+++-+-+++++-++-+---++,8.992539,222,841,444
11141,++-+----+++-+-+++++-++-+----+,9.381138,318,841,636
11142,+-++----+++-+-+++++-++-+--+++,10.067542,310,841,620
11143,++++----+++-+-+++++-++-+--+-+,9.582933,342,841,684
11144,+---+---+++-+-+++++-++-+++-++,9.219544,214,841,428
11145,++--+---+++-+-+++++-++-+++--+,10.816654,278,841,556
11146,+-+-+---+++-+-+++++-++-++++++,11.000000,366,841,732
11147,+++-+---+++-+-+++++-++-++++-+,11.000000,366,841,732
11148,+--++---+++-+-+++++-++-++--++,9.219544,310,841,620
11149,++-++---+++-+-+++++-++-++---+,9.219544,246,841,492
11150,+-+++---+++-+-+++++-++-++-+++,11.000000,366,841,732
11151,+++++---+++-+-+++++-++-++-+-+,11.000000,366,841,732
11152,+----+--+++-+-+++++-++---+-++,8.487382,190,841,380
11153,++---+--+++-+-+++++-++---+--+,11.180340,286,841,572
11154,+-+--+--+++-+-+++++-++---++++,8.731786,182,841,364
11155,+++--+--+++-+-+++++-++---++-+,10.049876,214,841,428
11156,+--+-+--+++-+-+++++-++-----++,8.898926,190,841,380
11157,++-+-+--+++-+-+++++-++------+,8.638936,158,841,316
11158,+-++-+--+++-+-+++++-++----+++,9.561940,278,841,556
11159,++++-+--+++-+-+++++-++----+-+,8.489047,182,841,364
11160,+---++--+++-+-+++++-++--++-++,10.816654,310,841,620
11161,++--++--+++-+-+++++-++--++--+,13.453624,630,841,1260
11162,+-+-++--+++-+-+++++-++--+++++,11.000000,334,841,668
11163,+++-++--+++-+-+++++-++--+++-+,11.180340,462,841,924
11164,+--+++--+++-+-+++++-++--+--++,9.219544,246,841,492
11165,++-+++--+++-+-+++++-++--+---+,10.816654,246,841,492
11166,+-++++--+++-+-+++++-++--+-+++,11.000000,366,841,732
11167,++++++--+++-+-+++++-++--+-+-+,11.000000,302,841,604
11168,+-----+-+++-+-+++++-++++-+-++,9.420639,246,841,492
11169,++----+-+++-+-+++++-++++-+--+,9.615289,246,841,492
11170,+-+---+-+++-+-+++++-++++-++++,11.000000,430,841,860
11171,+++---+-+++-+-+++++-++++-++-+,11.000000,366,841,732
11172,+--+--+-+++-+-+++++-++++---++,8.958811,278,841,556
11173,++-+--+-+++-+-+++++-++++----+,10.342423,342,841,684
11174,+-++--+-+++-+-+++++-++++--+++,11.000000,494,841,988
11175,++++--+-+++-+-+++++-++++--+-+,11.000000,494,841,988
11176,+---+-+-+++-+-+++++-++++++-++,11.001158,494,841,988
11177,++--+-+-+++-+-+++++-++++++--+,11.000000,398,841,796
11178,+-+-+-+-+++-+-+++++-+++++++++,15.000000,1158,841,2316
11179,+++-+-+-+++-+-+++++-+++++++-+,15.000000,998,841,1996
11180,+--++-+-+++-+-+++++-+++++--++,11.000000,526,841,1052
11181,++-++-+-+++-+-+++++-+++++---+,11.000000,430,841,860
11182,+-+++-+-+++-+-+++++-+++++-+++,15.000000,1094,841,2188
11183,+++++-+-+++-+-+++++-+++++-+-+,15.000000,1062,841,2124
11184,+----++-+++-+-+++++-+++--+-++,8.565056,182,841,364
11185,++---++-+++-+-+++++-+++--+--+,10.049876,182,841,364
11186,+-+--++-+++-+-+++++-+++--++++,11.000000,366,841,732
11187,+++--++-+++-+-+++++-+++--++-+,11.000000,430,841,860
11188,+--+-++-+++-+-+++++-+++----++,9.566339,246,841,492
11189,++-+-++-+++-+-+++++-+++-----+,7.617347,118,841,236
11190,+-++-++-+++-+-+++++-+++---+++,11.000000,398,841,796
11191,++++-++-+++-+-+++++-+++---+-+,11.000000,334,841,668
11192,+---+++-+++-+-+++++-+++-++-++,11.000000,398,841,796
11193,++--+++-+++-+-+++++-+++-++--+,11.180340,494,841,988
11194,+-+-+++-+++-+-+++++-+++-+++++,15.000000,998,841,1996
11195,+++-+++-+++-+-+++++-+++-+++-+,15.000000,1030,841,2060
11196,+--++++-+++-+-+++++-+++-+--++,11.000000,462,841,924
11197,++-++++-+++-+-+++++-+++-+---+,11.000000,366,841,732
11198,+-+++++-+++-+-+++++-+++-+-+++,15.000000,1030,841,2060
11199,+++++++-+++-+-+++++-+++-+-+-+,15.000000,998,841,1996
11200,+------++++-+-+++++-+--+-+-++,10.203951,382,841,764
11201,++-----++++-+-+++++-+--+-+--+,9.977299,414,841,828
11202,+-+----++++-+-+++++-+--+-++++,11.205051,502,841,1004
11203,+++----++++-+-+++++-+--+-++-+,11.334935,598,841,1196
11204,+--+---++++-+-+++++-+--+---++,7.972276,158,841,316
11205,++-+---++++-+-+++++-+--+----+,9.383642,254,841,508
11206,+-++---++++-+-+++++-+--+--+++,8.669501,182,841,364
11207,++++---++++-+-+++++-+--+--+-+,9.031193,342,841,684
11208,+---+--++++-+-+++++-+--+++-++,9.219544,246,841,492
11209,++--+--++++-+-+++++-+--+++--+,10.005591,374,841,748
11210,+-+-+--++++-+-+++++-+--++++++,11.000000,462,841,924
11211,+++-+--++++-+-+++++-+--++++-+,11.092301,654,841,1308
11212,+--++--++++-+-+++++-+--++--++,10.816654,278,841,556
11213,++-++--++++-+-+++++-+--++---+,9.219544,278,841,556
11214,+-+++--++++-+-+++++-+--++-+++,11.000000,270,841,540
11215,+++++--++++-+-+++++-+--++-+-+,11.000000,462,841,924
11216,+----+-++++-+-+++++-+----+-++,11.370082,542,841,1084
11217,++---+-++++-+-+++++-+----+--+,8.983804,254,841,508
11218,+-+--+-++++-+-+++++-+----++++,11.452625,534,841,1068
11219,+++--+-++++-+-+++++-+----++-+,10.343979,310,841,620
11220,+--+-+-++++-+-+++++-+------++,9.550116,286,841,572
11221,++-+-+-++++-+-+++++-+-------+,8.953066,254,841,508
11222,+-++-+-++++-+-+++++-+-----+++,8.920322,246,841,492
11223,++++-+-++++-+-+++++-+-----+-+,8.602236,278,841,556
11224,+---++-++++-+-+++++-+---++-++,9.651420,310,841,620
11225,++--++-++++-+-+++++-+---++--+,10.816654,310,841,620
11226,+-+-++-++++-+-+++++-+---+++++,11.000000,462,841,924
11227,+++-++-++++-+-+++++-+---+++-+,11.000000,398,841,796
11228,+--+++-++++-+-+++++-+---+--++,9.219544,182,841,364
11229,++-+++-++++-+-+++++-+---+---+,9.219544,246,841,492
11230,+-++++-++++-+-+++++-+---+-+++,11.000000,302,841,604
11231,++++++-++++-+-+++++-+---+-+-+,11.000000,430,841,860
11232,+-----+++++-+-+++++-+-++-+-++,8.941395,278,841,556
11233,++----+++++-+-+++++-+-++-+--+,10.908745,470,841,940
11234,+-+---+++++-+-+++++-+-++-++++,11.000000,462,841,924
11235,+++---+++++-+-+++++-+-++-++-+,11.000000,590,841,1180
11236,+--+--+++++-+-+++++-+-++---++,7.871765,118,841,236
11237,++-+--+++++-+-+++++-+-++----+,10.650409,374,841,748
11238,+-++--+++++-+-+++++-+-++--+++,11.000000,334,841,668
11239,++++--+++++-+-+++++-+-++--+-+,11.000000,526,841,1052
11240,+---+-+++++-+-+++++-+-++++-++,11.000000,430,841,860
11241,++--+-+++++-+-+++++-+-++++--+,11.000000,590,841,1180
11242,+-+-+-+++++-+-+++++-+-+++++++,15.000000,1094,841,2188
11243,+++-+-+++++-+-+++++-+-+++++-+,15.000000,1190,841,2380
11244,+--++-+++++-+-+++++-+-+++--++,11.000000,334,841,668
11245,++-++-+++++-+-+++++-+-+++---+,11.000000,494,841,988
11246,+-+++-+++++-+-+++++-+-+++-+++,15.000000,902,841,1804
11247,+++++-+++++-+-+++++-+-+++-+-+,15.000000,1126,841,2252
11248,+----++++++-+-+++++-+-+--+-++,10.616357,374,841,748
11249,++---++++++-+-+++++-+-+--+--+,7.826360,182,841,364
11250,+-+--++++++-+-+++++-+-+--++++,11.000000,494,841,988
11251,+++--++++++-+-+++++-+-+--++-+,11.000000,366,841,732
11252,+--+-++++++-+-+++++-+-+----++,9.387883,246,841,492
11253,++-+-++++++-+-+++++-+-+-----+,9.723469,310,841,620
11254,+-++-++++++-+-+++++-+-+---+++,11.000000,334,841,668
11255,++++-++++++-+-+++++-+-+---+-+,11.000000,462,841,924
11256,+---+++++++-+-+++++-+-+-++-++,11.000000,430,841,860
11257,++--+++++++-+-+++++-+-+-++--+,11.000000,398,841,796
11258,+-+-+++++++-+-+++++-+-+-+++++,15.000000,1094,841,2188
11259,+++-+++++++-+-+++++-+-+-+++-+,15.000000,998,841,1996
11260,+--++++++++-+-+++++-+-+-+--++,11.000000,366,841,732
11261,++-++++++++-+-+++++-+-+-+---+,11.054224,526,841,1052
11262,+-+++++++++-+-+++++-+-+-+-+++,15.000000,998,841,1996
11263,+++++++++++-+-+++++-+-+-+-+-+,15.000000,1222,841,2444
11264,+----------++-+++--+-+-+-+-++,9.166778,302,841,604
11265,++---------++-+++--+-+-+-+--+,8.823343,206,841,412
11266,+-+--------++-+++--+-+-+-++++,10.727107,422,841,844
11267,+++--------++-+++--+-+-+-++-+,10.348341,390,841,780
11268,+--+-------++-+++--+-+-+---++,11.180340,334,841,668
11269,++-+-------++-+++--+-+-+----+,10.024521,302,841,604
11270,+-++-------++-+++--+-+-+--+++,10.049876,358,841,716
11271,++++-------++-+++--+-+-+--+-+,10.198983,390,841,780
11272,+---+------++-+++--+-+-+++-++,10.816654,294,841,588
11273,++--+------++-+++--+-+-+++--+,9.219544,230,841,460
11274,+-+-+------++-+++--+-+-++++++,10.785320,510,841,1020
11275,+++-+------++-+++--+-+-++++-+,11.198353,510,841,1020
11276,+--++------++-+++--+-+-++--++,13.453624,518,841,1036
11277,++-++------++-+++--+-+-++---+,10.816654,326,841,652
11278,+-+++------++-+++--+-+-++-+++,11.180340,510,841,1020
11279,+++++------++-+++--+-+-++-+-+,10.441151,510,841,1020
11280,+----+-----++-+++--+-+---+-++,8.786456,206,841,412
11281,++---+-----++-+++--+-+---+--+,9.795349,366,841,732
11282,+-+--+-----++-+++--+-+---++++,10.018010,326,841,652
11283,+++--+-----++-+++--+-+---++-+,10.174048,550,841,1100
11284,+--+-+-----++-+++--+-+-----++,8.956182,270,841,540
11285,++-+-+-----++-+++--+-+------+,10.542624,302,841,604
11286,+-++-+-----++-+++--+-+----+++,10.481499,358,841,716
11287,++++-+-----++-+++--+-+----+-+,11.224326,454,841,908
11288,+---++-----++-+++--+-+--++-++,9.219544,166,841,332
11289,++--++-----++-+++--+-+--++--+,10.834580,422,841,844
11290,+-+-++-----++-+++--+-+--+++++,10.207613,318,841,636
11291,+++-++-----++-+++--+-+--+++-+,10.207402,510,841,1020
11292,+--+++-----++-+++--+-+--+--++,10.816654,294,841,588
11293,++-+++-----++-+++--+-+--+---+,9.219544,230,841,460
11294,+-++++-----++-+++--+-+--+-+++,10.703263,414,841,828
11295,++++++-----++-+++--+-+--+-+-+,10.601982,414,841,828
11296,+-----+----++-+++--+-+++-+-++,8.338148,198,841,396
11297,++----+----++-+++--+-+++-+--+,8.179653,134,841,268
11298,+-+---+----++-+++--+-+++-++++,8.402757,190,841,380
11299,+++---+----++-+++--+-+++-++-+,8.504028,190,841,380
11300,+--+--+----++-+++--+-+++---++,10.049876,294,841,588
11301,++-+--+----++-+++--+-+++----+,8.055657,166,841,332
11302,+-++--+----++-+++--+-+++--+++,10.440307,190,841,380
11303,++++--+----++-+++--+-+++--+-+,7.339226,126,841,252
11304,+---+-+----++-+++--+-+++++-++,8.340846,158,841,316
11305,++--+-+----++-+++--+-+++++--+,7.668315,126,841,252
11306,+-+-+-+----++-+++--+-++++++++,8.547017,246,841,492
11307,+++-+-+----++-+++--+-++++++-+,9.719228,278,841,556
11308,+--++-+----++-+++--+-++++--++,11.180340,382,841,764
11309,++-++-+----++-+++--+-++++---+,8.866202,222,841,444
11310,+-+++-+----++-+++--+-++++-+++,10.049876,246,841,492
11311,+++++-+----++-+++--+-++++-+-+,9.718839,278,841,556
11312,+----++----++-+++--+-++--+-++,9.809694,422,841,844
11313,++---++----++-+++--+-++--+--+,9.880366,422,841,844
11314,+-+--++----++-+++--+-++--++++,10.104949,350,841,700
11315,+++--++----++-+++--+-++--++-+,11.324115,542,841,1084
11316,+--+-++----++-+++--+-++----++,10.425568,486,841,972
11317,++-+-++----++-+++--+-++-----+,8.405495,230,841,460
11318,+-++-++----++-+++--+-++---+++,8.665066,254,841,508
11319,++++-++----++-+++--+-++---+-+,8.558312,190,841,380
11320,+---+++----++-+++--+-++-++-++,8.408354,222,841,444
11321,++--+++----++-+++--+-++-++--+,10.051358,318,841,636
11322,+-+-+++----++-+++--+-++-+++++,8.213597,182,841,364
11323,+++-+++----++-+++--+-++-+++-+,9.878122,342,841,684
11324,+--++++----++-+++--+-++-+--++,9.950114,414,841,828
11325,++-++++----++-+++--+-++-+---+,8.801492,190,841,380
11326,+-+++++----++-+++--+-++-+-+++,8.557484,214,841,428
11327,+++++++----++-+++--+-++-+-+-+,8.092149,182,841,364
11328,+------+---++-+++--+---+-+-++,11.180340,462,841,924
11329,++-----+---++-+++--+---+-+--+,8.695936,238,841,476
11330,+-+----+---++-+++--+---+-++++,10.751331,518,841,1036
11331,+++----+---++-+++--+---+-++-+,10.248058,358,841,716
11332,+--+---+---++-+++--+---+---++,14.866069,1006,841,2012
11333,++-+---+---++-+++--+---+----+,11.180340,462,841,924
11334,+-++---+---++-+++--+---+--+++,14.035669,966,841,1932
11335,++++---+---++-+++--+---+--+-+,10.144337,486,841,972
11336,+---+--+---++-+++--+---+++-++,13.453624,614,841,1228
11337,++--+--+---++-+++--+---+++--+,10.816654,358,841,716
11338,+-+-+--+---++-+++--+---++++++,11.180340,638,841,1276
11339,+++-+--+---++-+++--+---++++-+,10.614335,446,841,892
11340,+--++--+---++-+++--+---++--++,16.643317,1414,841,2828
11341,++-++--+---++-+++--+---++---+,13.453624,646,841,1292
11342,+-+++--+---++-+++--+---++-+++,14.866069,1214,841,2428
11343,+++++--+---++-+++--+---++-+-+,11.180340,638,841,1276
11344,+----+-+---++-+++--+-----+-++,9.263863,206,841,412
11345,++---+-+---++-+++--+-----+--+,8.935665,238,841,476
11346,+-+--+-+---++-+++--+-----++++,10.019590,326,841,652
11347,+++--+-+---++-+++--+-----++-+,10.037449,422,841,844
11348,+--+-+-+---++-+++--+-------++,11.180340,398,841,796
11349,++-+-+-+---++-+++--+--------+,9.768412,302,841,604
11350,+-++-+-+---++-+++--+------+++,10.589538,486,841,972
11351,++++-+-+---++-+++--+------+-+,11.110660,454,841,908
11352,+---++-+---++-+++--+----++-++,10.816654,262,841,524
11353,++--++-+---++-+++--+----++--+,9.898802,326,841,652
11354,+-+-++-+---++-+++--+----+++++,10.449319,414,841,828
11355,+++-++-+---++-+++--+----+++-+,10.242869,414,841,828
11356,+--+++-+---++-+++--+----+--++,13.453624,582,841,1164
11357,++-+++-+---++-+++--+----+---+,10.816654,326,841,652
11358,+-++++-+---++-+++--+----+-+++,11.257363,702,841,1404
11359,++++++-+---++-+++--+----+-+-+,10.941043,510,841,1020
11360,+-----++---++-+++--+--++-+-++,10.049876,262,841,524
11361,++----++---++-+++--+--++-+--+,8.797147,262,841,524
11362,+-+---++---++-+++--+--++-++++,10.440307,254,841,508
11363,+++---++---++-+++--+--++-++-+,7.729213,190,841,380
11364,+--+--++---++-+++--+--++---++,14.035669,806,841,1612
11365,++-+--++---++-+++--+--++----+,10.049876,358,841,716
11366,+-++--++---++-+++--+--++--+++,14.317821,830,841,1660
11367,++++--++---++-+++--+--++--+-+,10.440307,318,841,636
11368,+---+-++---++-+++--+--++++-++,11.180340,318,841,636
11369,++--+-++---++-+++--+--++++--+,8.507487,286,841,572
11370,+-+-+-++---++-+++--+--+++++++,10.049876,278,841,556
11371,+++-+-++---++-+++--+--+++++-+,8.603523,182,841,364
11372,+--++-++---++-+++--+--+++--++,14.866069,926,841,1852
11373,++-++-++---++-+++--+--+++---+,11.180340,382,841,764
11374,+-+++-++---++-+++--+--+++-+++,14.035669,790,841,1580
11375,+++++-++---++-+++--+--+++-+-+,10.049876,310,841,620
11376,+----+++---++-+++--+--+--+-++,9.157152,198,841,396
11377,++---+++---++-+++--+--+--+--+,8.820744,262,841,524
11378,+-+--+++---++-+++--+--+--++++,8.147344,190,841,380
11379,+++--+++---++-+++--+--+--++-+,9.866473,318,841,636
11380,+--+-+++---++-+++--+--+----++,10.049876,326,841,652
11381,++-+-+++---++-+++--+--+-----+,7.967909,134,841,268
11382,+-++-+++---++-+++--+--+---+++,10.440307,286,841,572
11383,++++-+++---++-+++--+--+---+-+,8.062302,158,841,316
11384,+---++++---++-+++--+--+-++-++,7.810250,158,841,316
11385,++--++++---++-+++--+--+-++--+,9.324109,254,841,508
11386,+-+-++++---++-+++--+--+-+++++,9.215806,182,841,364
11387,+++-++++---++-+++--+--+-+++-+,8.858397,214,841,428
11388,+--+++++---++-+++--+--+-+--++,11.180340,350,841,700
11389,++-+++++---++-+++--+--+-+---+,7.810250,126,841,252
11390,+-++++++---++-+++--+--+-+-+++,10.049876,342,841,684
11391,++++++++---++-+++--+--+-+-+-+,8.553747,182,841,364
11392,+-------+--++-+++--+++-+-+-++,10.816654,326,841,652
11393,++------+--++-+++--+++-+-+--+,9.219544,198,841,396
11394,+-+-----+--++-+++--+++-+-++++,8.337900,190,841,380
11395,+++-----+--++-+++--+++-+-++-+,7.679554,126,841,252
11396,+--+----+--++-+++--+++-+---++,13.453624,582,841,1164
11397,++-+----+--++-+++--+++-+----+,10.816654,390,841,780
11398,+-++----+--++-+++--+++-+--+++,11.180340,350,841,700
11399,++++----+--++-+++--+++-+--+-+,8.226221,222,841,444
11400,+---+---+--++-+++--+++-+++-++,14.317821,798,841,1596
11401,++--+---+--++-+++--+++-+++--+,13.152946,574,841,1148
11402,+-+-+---+--++-+++--+++-++++++,10.816654,374,841,748
11403,+++-+---+--++-+++--+++-++++-+,9.219544,214,841,428
11404,+--++---+--++-+++--+++-++--++,16.401219,1246,841,2492
11405,++-++---+--++-+++--+++-++---+,14.317821,766,841,1532
11406,+-+++---+--++-+++--+++-++-+++,13.453624,598,841,1196
11407,+++++---+--++-+++--+++-++-+-+,10.816654,310,841,620
11408,+----+--+--++-+++--+++---+-++,9.219544,230,841,460
11409,++---+--+--++-+++--+++---+--+,9.835662,358,841,716
11410,+-+--+--+--++-+++--+++---++++,8.400842,158,841,316
11411,+++--+--+--++-+++--+++---++-+,10.077273,350,841,700
11412,+--+-+--+--++-+++--+++-----++,10.816654,326,841,652
11413,++-+-+--+--++-+++--+++------+,9.219544,198,841,396
11414,+-++-+--+--++-+++--+++----+++,7.959965,222,841,444
11415,++++-+--+--++-+++--+++----+-+,8.536904,158,841,316
11416,+---++--+--++-+++--+++--++-++,13.152946,606,841,1212
11417,++--++--+--++-+++--+++--++--+,13.152946,830,841,1660
11418,+-+-++--+--++-+++--+++--+++++,9.219544,182,841,364
11419,+++-++--+--++-+++--+++--+++-+,9.814915,342,841,684
11420,+--+++--+--++-+++--+++--+--++,14.317821,766,841,1532
11421,++-+++--+--++-+++--+++--+---+,13.152946,542,841,1084
11422,+-++++--+--++-+++--+++--+-+++,10.816654,310,841,620
11423,++++++--+--++-+++--+++--+-+-+,9.219544,150,841,300
11424,+-----+-+--++-+++--+++++-+-++,9.686798,318,841,636
11425,++----+-+--++-+++--+++++-+--+,9.683931,222,841,444
11426,+-+---+-+--++-+++--+++++-++++,8.645788,246,841,492
11427,+++---+-+--++-+++--+++++-++-+,8.571002,214,841,428
11428,+--+--+-+--++-+++--+++++---++,11.180340,446,841,892
11429,++-+--+-+--++-+++--+++++----+,9.813164,286,841,572
11430,+-++--+-+--++-+++--+++++--+++,10.049876,278,841,556
11431,++++--+-+--++-+++--+++++--+-+,9.220436,182,841,364
11432,+---+-+-+--++-+++--+++++++-++,10.816654,374,841,748
11433,++--+-+-+--++-+++--+++++++--+,9.219544,182,841,364
11434,+-+-+-+-+--++-+++--++++++++++,11.000000,398,841,796
11435,+++-+-+-+--++-+++--++++++++-+,11.000000,270,841,540
11436,+--++-+-+--++-+++--++++++--++,13.453624,630,841,1260
11437,++-++-+-+--++-+++--++++++---+,10.816654,310,841,620
11438,+-+++-+-+--++-+++--++++++-+++,11.180340,430,841,860
11439,+++++-+-+--++-+++--++++++-+-+,11.000000,302,841,604
11440,+----++-+--++-+++--++++--+-++,11.193300,478,841,956
11441,++---++-+--++-+++--++++--+--+,9.796234,446,841,892
11442,+-+--++-+--++-+++--++++--++++,9.987873,406,841,812
11443,+++--++-+--++-+++--++++--++-+,10.952144,566,841,1132
11444,+--+-++-+--++-+++--++++----++,11.252401,510,841,1020
11445,++-+-++-+--++-+++--++++-----+,9.651253,222,841,444
11446,+-++-++-+--++-+++--++++---+++,9.133638,278,841,556
11447,++++-++-+--++-+++--++++---+-+,8.545051,182,841,364
11448,+---+++-+--++-+++--++++-++-++,9.219544,310,841,620
11449,++--+++-+--++-+++--++++-++--+,10.108678,374,841,748
11450,+-+-+++-+--++-+++--++++-+++++,11.000000,270,841,540
11451,+++-+++-+--++-+++--++++-+++-+,11.000000,398,841,796
11452,+--++++-+--++-+++--++++-+--++,10.816654,470,841,940
11453,++-++++-+--++-+++--++++-+---+,9.219544,214,841,428
11454,+-+++++-+--++-+++--++++-+-+++,11.000000,270,841,540
11455,+++++++-+--++-+++--++++-+-+-+,11.000000,206,841,412
11456,+------++--++-+++--++--+-+-++,13.453624,678,841,1356
11457,++-----++--++-+++--++--+-+--+,10.816654,358,841,716
11458,+-+----++--++-+++--++--+-++++,11.180340,414,841,828
11459,+++----++--++-+++--++--+-++-+,8.490364,286,841,572
11460,+--+---++--++-+++--++--+---++,16.643317,1510,841,3020
11461,++-+---++--++-+++--++--+----+,13.453624,742,841,1484
11462,+-++---++--++-+++--++--+--+++,14.866069,1022,841,2044
11463,++++---++--++-+++--++--+--+-+,11.180340,446,841,892
11464,+---+--++--++-+++--++--+++-++,16.401219,1374,841,2748
11465,++--+--++--++-+++--++--+++--+,14.317821,894,841,1788
11466,+-+-+--++--++-+++--++--++++++,13.453624,694,841,1388
11467,+++-+--++--++-+++--++--++++-+,10.816654,406,841,812
11468,+--++--++--++-+++--++--++--++,19.104973,2590,841,5180
11469,++-++--++--++-+++--++--++---+,16.401219,1470,841,2940
11470,+-+++--++--++-+++--++--++-+++,16.643317,1558,841,3116
11471,+++++--++--++-+++--++--++-+-+,13.453624,758,841,1516
11472,+----+-++--++-+++--++----+-++,10.816654,358,841,716
11473,++---+-++--++-+++--++----+--+,9.219544,294,841,588
11474,+-+--+-++--++-+++--++----++++,9.099603,222,841,444
11475,+++--+-++--++-+++--++----++-+,9.314844,350,841,700
11476,+--+-+-++--++-+++--++------++,13.453624,646,841,1292
11477,++-+-+-++--++-+++--++-------+,10.816654,326,841,652
11478,+-++-+-++--++-+++--++-----+++,11.180340,350,841,700
11479,++++-+-++--++-+++--++-----+-+,8.106848,222,841,444
11480,+---++-++--++-+++--++---++-++,14.317821,766,841,1532
11481,++--++-++--++-+++--++---++--+,13.152946,734,841,1468
11482,+-+-++-++--++-+++--++---+++++,10.816654,278,841,556
11483,+++-++-++--++-+++--++---+++-+,9.219544,310,841,620
11484,+--+++-++--++-+++--++---+--++,16.401219,1310,841,2620
11485,++-+++-++--++-+++--++---+---+,14.317821,830,841,1660
11486,+-++++-++--++-+++--++---+-+++,13.453624,662,841,1324
11487,++++++-++--++-+++--++---+-+-+,10.816654,374,841,748
11488,+-----+++--++-+++--++-++-+-++,11.180340,446,841,892
11489,++----+++--++-+++--++-++-+--+,9.961566,350,841,700
11490,+-+---+++--++-+++--++-++-++++,10.049876,310,841,620
11491,+++---+++--++-+++--++-++-++-+,8.550679,278,841,556
11492,+--+--+++--++-+++--++-++---++,14.866069,1086,841,2172
11493,++-+--+++--++-+++--++-++----+,11.180340,542,841,1084
11494,+-++--+++--++-+++--++-++--+++,14.035669,854,841,1708
11495,++++--+++--++-+++--++-++--+-+,10.049876,374,841,748
11496,+---+-+++--++-+++--++-++++-++,13.453624,662,841,1324
11497,++--+-+++--++-+++--++-++++--+,10.816654,406,841,812
11498,+-+-+-+++--++-+++--++-+++++++,11.180340,494,841,988
11499,+++-+-+++--++-+++--++-+++++-+,11.000000,302,841,604
11500,+--++-+++--++-+++--++-+++--++,16.643317,1494,841,2988
11501,++-++-+++--++-+++--++-+++---+,13.453624,726,841,1452
11502,+-+++-+++--++-+++--++-+++-+++,14.866069,1102,841,2204
11503,+++++-+++--++-+++--++-+++-+-+,11.180340,526,841,1052
11504,+----++++--++-+++--++-+--+-++,10.847622,382,841,764
11505,++---++++--++-+++--++-+--+--+,9.590372,350,841,700
11506,+-+--++++--++-+++--++-+--++++,10.252793,310,841,620
11507,+++--++++--++-+++--++-+--++-+,9.866062,470,841,940
11508,+--+-++++--++-+++--++-+----++,11.180340,542,841,1084
11509,++-+-++++--++-+++--++-+-----+,9.522952,254,841,508
11510,+-++-++++--++-+++--++-+---+++,10.049876,310,841,620
11511,++++-++++--++-+++--++-+---+-+,8.592603,214,841,428
11512,+---+++++--++-+++--++-+-++-++,10.816654,310,841,620
11513,++--+++++--++-+++--++-+-++--+,9.219544,310,841,620
11514,+-+-+++++--++-+++--++-+-+++++,11.000000,270,841,540
11515,+++-+++++--++-+++--++-+-+++-+,11.000000,334,841,668
11516,+--++++++--++-+++--++-+-+--++,13.453624,662,841,1324
11517,++-++++++--++-+++--++-+-+---+,10.816654,342,841,684
11518,+-+++++++--++-+++--++-+-+-+++,11.180340,462,841,924
11519,+++++++++--++-+++--++-+-+-+-+,11.000000,334,841,668
11520,+--------+-++-+++----+-+-+-++,10.979261,430,841,860
11521,++-------+-++-+++----+-+-+--+,9.278892,270,841,540
11522,+-+------+-++-+++----+-+-++++,12.219707,678,841,1356
11523,+++------+-++-+++----+-+-++-+,11.546410,582,841,1164
11524,+--+-----+-++-+++----+-+---++,9.142319,334,841,668
11525,++-+-----+-++-+++----+-+----+,8.734746,238,841,476
11526,+-++-----+-++-+++----+-+--+++,10.468785,486,841,972
11527,++++-----+-++-+++----+-+--+-+,10.152601,454,841,908
11528,+---+----+-++-+++----+-+++-++,9.659458,294,841,588
11529,++--+----+-++-+++----+-+++--+,9.274552,294,841,588
11530,+-+-+----+-++-+++----+-++++++,11.919925,638,841,1276
11531,+++-+----+-++-+++----+-++++-+,12.275704,702,841,1404
11532,+--++----+-++-+++----+-++--++,10.816654,390,841,780
11533,++-++----+-++-+++----+-++---+,9.219544,262,841,524
11534,+-+++----+-++-+++----+-++-+++,10.641626,510,841,1020
11535,+++++----+-++-+++----+-++-+-+,11.192822,574,841,1148
11536,+----+---+-++-+++----+---+-++,10.090478,430,841,860
11537,++---+---+-++-+++----+---+--+,9.269949,334,841,668
11538,+-+--+---+-++-+++----+---++++,10.782088,550,841,1100
11539,+++--+---+-++-+++----+---++-+,10.237413,518,841,1036
11540,+--+-+---+-++-+++----+-----++,9.867034,366,841,732
11541,++-+-+---+-++-+++----+------+,8.962817,142,841,284
11542,+-++-+---+-++-+++----+----+++,9.991109,454,841,908
11543,++++-+---+-++-+++----+----+-+,10.140048,294,841,588
11544,+---++---+-++-+++----+--++-++,9.219544,326,841,652
11545,++--++---+-++-+++----+--++--+,10.816654,454,841,908
11546,+-+-++---+-++-+++----+--+++++,10.418488,478,841,956
11547,+++-++---+-++-+++----+--+++-+,10.586471,542,841,1084
11548,+--+++---+-++-+++----+--+--++,10.006950,326,841,652
11549,++-+++---+-++-+++----+--+---+,9.219544,134,841,268
11550,+-++++---+-++-+++----+--+-+++,10.233979,446,841,892
11551,++++++---+-++-+++----+--+-+-+,10.196390,318,841,636
11552,+-----+--+-++-+++----+++-+-++,9.078430,294,841,588
11553,++----+--+-++-+++----+++-+--+,9.680982,294,841,588
11554,+-+---+--+-++-+++----+++-++++,9.502209,286,841,572
11555,+++---+--+-++-+++----+++-++-+,9.329003,350,841,700
11556,+--+--+--+-++-+++----+++---++,10.004337,390,841,780
11557,++-+--+--+-++-+++----+++----+,9.780343,326,841,652
11558,+-++--+--+-++-+++----+++--+++,8.803000,286,841,572
11559,++++--+--+-++-+++----+++--+-+,9.289586,286,841,572
11560,+---+-+--+-++-+++----+++++-++,8.704450,190,841,380
11561,++--+-+--+-++-+++----+++++--+,8.347236,222,841,444
11562,+-+-+-+--+-++-+++----++++++++,9.588567,278,841,556
11563,+++-+-+--+-++-+++----++++++-+,10.707747,374,841,748
11564,+--++-+--+-++-+++----++++--++,10.619660,414,841,828
11565,++-++-+--+-++-+++----++++---+,8.650893,318,841,636
11566,+-+++-+--+-++-+++----++++-+++,8.888225,278,841,556
11567,+++++-+--+-++-+++----++++-+-+,10.274379,374,841,748
11568,+----++--+-++-+++----++--+-++,11.157634,550,841,1100
11569,++---++--+-++-+++----++--+--+,9.973705,422,841,844
11570,+-+--++--+-++-+++----++--++++,10.930639,478,841,956
11571,+++--++--+-++-+++----++--++-+,11.320120,542,841,1084
11572,+--+-++--+-++-+++----++----++,11.480855,614,841,1228
11573,++-+-++--+-++-+++----++-----+,9.032076,230,841,460
11574,+-++-++--+-++-+++----++---+++,10.134403,382,841,764
11575,++++-++--+-++-+++----++---+-+,8.961765,190,841,380
11576,+---+++--+-++-+++----++-++-++,10.209087,350,841,700
11577,++--+++--+-++-+++----++-++--+,9.383166,318,841,636
11578,+-+-+++--+-++-+++----++-+++++,9.469266,310,841,620
11579,+++-+++--+-++-+++----++-+++-+,9.558286,342,841,684
11580,+--++++--+-++-+++----++-+--++,11.431528,542,841,1084
11581,++-++++--+-++-+++----++-+---+,8.503146,190,841,380
11582,+-+++++--+-++-+++----++-+-+++,9.867340,342,841,684
11583,+++++++--+-++-+++----++-+-+-+,8.400315,182,841,364
11584,+------+-+-++-+++------+-+-++,11.903849,622,841,1244
11585,++-----+-+-++-+++------+-+--+,9.756725,334,841,668
11586,+-+----+-+-++-+++------+-++++,12.429864,742,841,1484
11587,+++----+-+-++-+++------+-++-+,11.325727,518,841,1036
11588,+--+---+-+-++-+++------+---++,11.180340,462,841,924
11589,++-+---+-+-++-+++------+----+,8.708452,238,841,476
11590,+-++---+-+-++-+++------+--+++,10.493162,486,841,972
11591,++++---+-+-++-+++------+--+-+,10.099870,326,841,652
11592,+---+--+-+-++-+++------+++-++,10.816654,454,841,908
11593,++--+--+-+-++-+++------+++--+,9.219544,262,841,524
11594,+-+-+--+-+-++-+++------++++++,11.564504,670,841,1340
11595,+++-+--+-+-++-+++------++++-+,11.509623,542,841,1084
11596,+--++--+-+-++-+++------++--++,13.453624,550,841,1100
11597,++-++--+-+-++-+++------++---+,10.816654,230,841,460
11598,+-+++--+-+-++-+++------++-+++,11.180340,542,841,1084
11599,+++++--+-+-++-+++------++-+-+,10.525349,414,841,828
11600,+----+-+-+-++-+++--------+-++,11.284761,462,841,924
11601,++---+-+-+-++-+++--------+--+,9.217190,238,841,476
11602,+-+--+-+-+-++-+++--------++++,11.056641,518,841,1036
11603,+++--+-+-+-++-+++--------++-+,10.219998,358,841,716
11604,+--+-+-+-+-++-+++----------++,9.689323,334,841,668
11605,++-+-+-+-+-++-+++-----------+,9.584589,366,841,732
11606,+-++-+-+-+-++-+++---------+++,9.992254,358,841,716
11607,++++-+-+-+-++-+++---------+-+,10.142005,454,841,908
11608,+---++-+-+-++-+++-------++-++,9.219544,262,841,524
11609,++--++-+-+-++-+++-------++--+,9.219544,198,841,396
11610,+-+-++-+-+-++-+++-------+++++,10.221016,478,841,956
11611,+++-++-+-+-++-+++-------+++-+,10.294798,350,841,700
11612,+--+++-+-+-++-+++-------+--++,10.816654,262,841,524
11613,++-+++-+-+-++-+++-------+---+,9.590513,262,841,524
11614,+-++++-+-+-++-+++-------+-+++,10.495163,446,841,892
11615,++++++-+-+-++-+++-------+-+-+,10.292563,510,841,1020
11616,+-----++-+-++-+++-----++-+-++,9.399507,326,841,652
11617,++----++-+-++-+++-----++-+--+,10.723026,390,841,780
11618,+-+---++-+-++-+++-----++-++++,9.712112,254,841,508
11619,+++---++-+-++-+++-----++-++-+,8.564509,254,841,508
11620,+--+--++-+-++-+++-----++---++,10.049876,294,841,588
11621,++-+--++-+-++-+++-----++----+,10.321835,294,841,588
11622,+-++--++-+-++-+++-----++--+++,10.440307,254,841,508
11623,++++--++-+-++-+++-----++--+-+,9.060788,190,841,380
11624,+---+-++-+-++-+++-----++++-++,8.498574,254,841,508
11625,++--+-++-+-++-+++-----++++--+,9.987603,286,841,572
11626,+-+-+-++-+-++-+++-----+++++++,8.953766,278,841,556
11627,+++-+-++-+-++-+++-----+++++-+,9.435133,246,841,492
11628,+--++-++-+-++-+++-----+++--++,11.180340,286,841,572
11629,++-++-++-+-++-+++-----+++---+,8.670340,190,841,380
11630,+-+++-++-+-++-+++-----+++-+++,10.049876,214,841,428
11631,+++++-++-+-++-+++-----+++-+-+,8.762594,182,841,364
11632,+----+++-+-++-+++-----+--+-++,8.814927,294,841,588
11633,++---+++-+-++-+++-----+--+--+,8.662763,230,841,460
11634,+-+--+++-+-++-+++-----+--++++,8.574257,222,841,444
11635,+++--+++-+-++-+++-----+--++-+,9.470868,222,841,444
11636,+--+-+++-+-++-+++-----+----++,8.675257,230,841,460
11637,++-+-+++-+-++-+++-----+-----+,9.539518,294,841,588
11638,+-++-+++-+-++-+++-----+---+++,7.483614,126,841,252
11639,++++-+++-+-++-+++-----+---+-+,9.618334,254,841,508
11640,+---++++-+-++-+++-----+-++-++,8.070568,190,841,380
11641,++--++++-+-++-+++-----+-++--+,8.282736,158,841,316
11642,+-+-++++-+-++-+++-----+-+++++,8.734809,278,841,556
11643,+++-++++-+-++-+++-----+-+++-+,8.118689,182,841,364
11644,+--+++++-+-++-+++-----+-+--++,8.576231,190,841,380
11645,++-+++++-+-++-+++-----+-+---+,9.535751,222,841,444
11646,+-++++++-+-++-+++-----+-+-+++,8.804032,246,841,492
11647,++++++++-+-++-+++-----+-+-+-+,9.739384,342,841,684
11648,+-------++-++-+++---++-+-+-++,9.219544,230,841,460
11649,++------++-++-+++---++-+-+--+,9.219544,230,841,460
11650,+-+-----++-++-+++---++-+-++++,9.586392,286,841,572
11651,+++-----++-++-+++---++-+-++-+,8.557744,222,841,444
11652,+--+----++-++-+++---++-+---++,10.816654,422,841,844
11653,++-+----++-++-+++---++-+----+,9.806300,358,841,716
11654,+-++----++-++-+++---++-+--+++,11.089753,510,841,1020
11655,++++----++-++-+++---++-+--+-+,10.499987,382,841,764
11656,+---+---++-++-+++---++-+++-++,13.152946,510,841,1020
11657,++--+---++-++-+++---++-+++--+,13.152946,542,841,1084
11658,+-+-+---++-++-+++---++-++++++,9.219544,278,841,556
11659,+++-+---++-++-+++---++-++++-+,9.254146,246,841,492
11660,+--++---++-++-+++---++-++--++,14.317821,766,841,1532
11661,++-++---++-++-+++---++-++---+,13.152946,542,841,1084
11662,+-+++---++-++-+++---++-++-+++,10.816654,438,841,876
11663,+++++---++-++-+++---++-++-+-+,9.219544,278,841,556
11664,+----+--++-++-+++---++---+-++,9.219544,294,841,588
11665,++---+--++-++-+++---++---+--+,10.816654,358,841,716
11666,+-+--+--++-++-+++---++---++++,8.661698,286,841,572
11667,+++--+--++-++-+++---++---++-+,9.524347,286,841,572
11668,+--+-+--++-++-+++---++-----++,9.323559,326,841,652
11669,++-+-+--++-++-+++---++------+,9.219544,134,841,268
11670,+-++-+--++-++-+++---++----+++,10.540256,414,841,828
11671,++++-+--++-++-+++---++----+-+,8.928790,158,841,316
11672,+---++--++-++-+++---++--++-++,13.152946,670,841,1340
11673,++--++--++-++-+++---++--++--+,14.317821,958,841,1916
11674,+-+-++--++-++-+++---++--+++++,9.219544,310,841,620
11675,+++-++--++-++-+++---++--+++-+,10.816654,406,841,812
11676,+--+++--++-++-+++---++--+--++,13.152946,638,841,1276
11677,++-+++--++-++-+++---++--+---+,13.152946,478,841,956
11678,+-++++--++-++-+++---++--+-+++,10.032189,374,841,748
11679,++++++--++-++-+++---++--+-+-+,9.219544,150,841,300
11680,+-----+-++-++-+++---++++-+-++,9.657102,254,841,508
11681,++----+-++-++-+++---++++-+--+,11.036248,414,841,828
11682,+-+---+-++-++-+++---++++-++++,8.993116,246,841,492
11683,+++---+-++-++-+++---++++-++-+,9.822717,342,841,684
11684,+--+--+-++-++-+++---++++---++,9.901558,446,841,892
11685,++-+--+-++-++-+++---++++----+,11.517544,542,841,1084
11686,+-++--+-++-++-+++---++++--+++,10.852349,470,841,940
11687,++++--+-++-++-+++---++++--+-+,11.343828,502,841,1004
11688,+---+-+-++-++-+++---++++++-++,9.219544,182,841,364
11689,++--+-+-++-++-+++---++++++--+,9.219544,246,841,492
11690,+-+-+-+-++-++-+++---+++++++++,11.000000,270,841,540
11691,+++-+-+-++-++-+++---+++++++-+,11.000000,270,841,540
11692,+--++-+-++-++-+++---+++++--++,10.816654,374,841,748
11693,++-++-+-++-++-+++---+++++---+,9.219544,310,841,620
11694,+-+++-+-++-++-+++---+++++-+++,11.000000,366,841,732
11695,+++++-+-++-++-+++---+++++-+-+,11.000000,366,841,732
11696,+----++-++-++-+++---+++--+-++,9.747880,382,841,764
11697,++---++-++-++-+++---+++--+--+,9.630570,414,841,828
11698,+-+--++-++-++-+++---+++--++++,9.526240,374,841,748
11699,+++--++-++-++-+++---+++--++-+,10.632645,470,841,940
11700,+--+-++-++-++-+++---+++----++,9.726178,478,841,956
11701,++-+-++-++-++-+++---+++-----+,9.758565,254,841,508
11702,+-++-++-++-++-+++---+++---+++,9.546195,438,841,876
11703,++++-++-++-++-+++---+++---+-+,9.472460,278,841,556
11704,+---+++-++-++-+++---+++-++-++,9.219544,278,841,556
11705,++--+++-++-++-+++---+++-++--+,10.816654,406,841,812
11706,+-+-+++-++-++-+++---+++-+++++,11.000000,302,841,604
11707,+++-+++-++-++-+++---+++-+++-+,11.000000,366,841,732
11708,+--++++-++-++-+++---+++-+--++,9.708506,374,841,748
11709,++-++++-++-++-+++---+++-+---+,9.219544,182,841,364
11710,+-+++++-++-++-+++---+++-+-+++,11.000000,366,841,732
11711,+++++++-++-++-+++---+++-+-+-+,11.000000,238,841,476
11712,+------+++-++-+++---+--+-+-++,10.816654,486,841,972
11713,++-----+++-++-+++---+--+-+--+,9.219544,294,841,588
11714,+-+----+++-++-+++---+--+-++++,10.148812,350,841,700
11715,+++----+++-++-+++---+--+-++-+,8.292142,222,841,444
11716,+--+---+++-++-+++---+--+---++,13.453624,678,841,1356
11717,++-+---+++-++-+++---+--+----+,10.816654,422,841,844
11718,+-++---+++-++-+++---+--+--+++,11.180340,446,841,892
11719,++++---+++-++-+++---+--+--+-+,9.562075,254,841,508
11720,+---+--+++-++-+++---+--+++-++,14.317821,798,841,1596
11721,++--+--+++-++-+++---+--+++--+,13.152946,574,841,1148
11722,+-+-+--+++-++-+++---+--++++++,10.816654,374,841,748
11723,+++-+--+++-++-+++---+--++++-+,9.219544,214,841,428
11724,+--++--+++-++-+++---+--++--++,16.401219,1246,841,2492
11725,++-++--+++-++-+++---+--++---+,14.317821,766,841,1532
11726,+-+++--+++-++-+++---+--++-+++,13.453624,598,841,1196
11727,+++++--+++-++-+++---+--++-+-+,10.816654,310,841,620
11728,+----+-+++-++-+++---+----+-++,9.856364,326,841,652
11729,++---+-+++-++-+++---+----+--+,9.219544,198,841,396
11730,+-+--+-+++-++-+++---+----++++,8.889933,190,841,380
11731,+++--+-+++-++-+++---+----++-+,8.065974,126,841,252
11732,+--+-+-+++-++-+++---+------++,10.816654,358,841,716
11733,++-+-+-+++-++-+++---+-------+,9.658331,358,841,716
11734,+-++-+-+++-++-+++---+-----+++,8.360223,190,841,380
11735,++++-+-+++-++-+++---+-----+-+,9.535686,254,841,508
11736,+---++-+++-++-+++---+---++-++,13.152946,542,841,1084
11737,++--++-+++-++-+++---+---++--+,13.152946,574,841,1148
11738,+-+-++-+++-++-+++---+---+++++,9.219544,182,841,364
11739,+++-++-+++-++-+++---+---+++-+,9.219544,150,841,300
11740,+--+++-+++-++-+++---+---+--++,14.317821,702,841,1404
11741,++-+++-+++-++-+++---+---+---+,13.152946,670,841,1340
11742,+-++++-+++-++-+++---+---+-+++,10.816654,310,841,620
11743,++++++-+++-++-+++---+---+-+-+,9.540697,342,841,684
11744,+-----++++-++-+++---+-++-+-++,9.863803,350,841,700
11745,++----++++-++-+++---+-++-+--+,11.664873,510,841,1020
11746,+-+---++++-++-+++---+-++-++++,8.745480,214,841,428
11747,+++---++++-++-+++---+-++-++-+,9.806068,310,841,620
11748,+--+--++++-++-+++---+-++---++,11.180340,478,841,956
11749,++-+--++++-++-+++---+-++----+,11.772984,574,841,1148
11750,+-++--++++-++-+++---+-++--+++,10.049876,374,841,748
11751,++++--++++-++-+++---+-++--+-+,10.901412,406,841,812
11752,+---+-++++-++-+++---+-++++-++,10.816654,374,841,748
11753,++--+-++++-++-+++---+-++++--+,10.324467,374,841,748
11754,+-+-+-++++-++-+++---+-+++++++,11.000000,334,841,668
11755,+++-+-++++-++-+++---+-+++++-+,11.000000,270,841,540
11756,+--++-++++-++-+++---+-+++--++,13.453624,566,841,1132
11757,++-++-++++-++-+++---+-+++---+,10.816654,438,841,876
11758,+-+++-++++-++-+++---+-+++-+++,11.180340,430,841,860
11759,+++++-++++-++-+++---+-+++-+-+,11.000000,366,841,732
11760,+----+++++-++-+++---+-+--+-++,9.591779,254,841,508
11761,++---+++++-++-+++---+-+--+--+,9.860190,286,841,572
11762,+-+--+++++-++-+++---+-+--++++,8.705826,182,841,364
11763,+++--+++++-++-+++---+-+--++-+,9.045596,278,841,556
11764,+--+-+++++-++-+++---+-+----++,9.538694,286,841,572
11765,++-+-+++++-++-+++---+-+-----+,9.937197,446,841,892
11766,+-++-+++++-++-+++---+-+---+++,8.656274,182,841,364
11767,++++-+++++-++-+++---+-+---+-+,9.613669,406,841,812
11768,+---++++++-++-+++---+-+-++-++,9.219544,182,841,364
11769,++--++++++-++-+++---+-+-++--+,9.219544,246,841,492
11770,+-+-++++++-++-+++---+-+-+++++,11.000000,270,841,540
11771,+++-++++++-++-+++---+-+-+++-+,11.000000,270,841,540
11772,+--+++++++-++-+++---+-+-+--++,10.816654,278,841,556
11773,++-+++++++-++-+++---+-+-+---+,9.884846,406,841,812
11774,+-++++++++-++-+++---+-+-+-+++,11.000000,334,841,668
11775,++++++++++-++-+++---+-+-+-+-+,11.000000,526,841,1052
11776,+---------+++-+++-++-+-+-+-++,9.214150,326,841,652
11777,++--------+++-+++-++-+-+-+--+,9.520865,326,841,652
11778,+-+-------+++-+++-++-+-+-++++,9.967644,318,841,636
11779,+++-------+++-+++-++-+-+-++-+,9.353998,254,841,508
11780,+--+------+++-+++-++-+-+---++,10.049876,326,841,652
11781,++-+------+++-+++-++-+-+----+,10.515838,390,841,780
11782,+-++------+++-+++-++-+-+--+++,10.440307,350,841,700
11783,++++------+++-+++-++-+-+--+-+,9.793638,350,841,700
11784,+---+-----+++-+++-++-+-+++-++,8.615710,190,841,380
11785,++--+-----+++-+++-++-+-+++--+,9.713065,222,841,444
11786,+-+-+-----+++-+++-++-+-++++++,9.432708,278,841,556
11787,+++-+-----+++-+++-++-+-++++-+,9.576401,246,841,492
11788,+--++-----+++-+++-++-+-++--++,11.180340,254,841,508
11789,++-++-----+++-+++-++-+-++---+,7.810250,158,841,316
11790,+-+++-----+++-+++-++-+-++-+++,10.049876,246,841,492
11791,+++++-----+++-+++-++-+-++-+-+,8.672171,214,841,428
11792,+----+----+++-+++-++-+---+-++,9.090926,230,841,460
11793,++---+----+++-+++-++-+---+--+,10.198649,486,841,972
11794,+-+--+----+++-+++-++-+---++++,9.275680,222,841,444
11795,+++--+----+++-+++-++-+---++-+,9.810301,414,841,828
11796,+--+-+----+++-+++-++-+-----++,9.175616,262,841,524
11797,++-+-+----+++-+++-++-+------+,10.720465,390,841,780
11798,+-++-+----+++-+++-++-+----+++,9.675645,350,841,700
11799,++++-+----+++-+++-++-+----+-+,10.786522,414,841,828
11800,+---++----+++-+++-++-+--++-++,8.969581,190,841,380
11801,++--++----+++-+++-++-+--++--+,11.784468,542,841,1084
11802,+-+-++----+++-+++-++-+--+++++,8.648873,214,841,428
11803,+++-++----+++-+++-++-+--+++-+,10.084563,374,841,748
11804,+--+++----+++-+++-++-+--+--++,8.166051,158,841,316
11805,++-+++----+++-+++-++-+--+---+,8.902840,190,841,380
11806,+-++++----+++-+++-++-+--+-+++,9.259775,278,841,556
11807,++++++----+++-+++-++-+--+-+-+,9.547945,246,841,492
11808,+-----+---+++-+++-++-+++-+-++,9.003534,254,841,508
11809,++----+---+++-+++-++-+++-+--+,8.015973,158,841,316
11810,+-+---+---+++-+++-++-+++-++++,9.219544,310,841,620
11811,+++---+---+++-+++-++-+++-++-+,7.542603,150,841,300
11812,+--+--+---+++-+++-++-+++---++,10.440307,318,841,636
11813,++-+--+---+++-+++-++-+++----+,8.002296,158,841,316
11814,+-++--+---+++-+++-++-+++--+++,12.206556,406,841,812
11815,++++--+---+++-+++-++-+++--+-+,9.219544,182,841,364
11816,+---+-+---+++-+++-++-+++++-++,9.162021,278,841,556
11817,++--+-+---+++-+++-++-+++++--+,8.919864,214,841,428
11818,+-+-+-+---+++-+++-++-++++++++,11.000000,430,841,860
11819,+++-+-+---+++-+++-++-++++++-+,11.000000,302,841,604
11820,+--++-+---+++-+++-++-++++--++,10.049876,342,841,684
11821,++-++-+---+++-+++-++-++++---+,8.295714,150,841,300
11822,+-+++-+---+++-+++-++-++++-+++,11.000000,398,841,796
11823,+++++-+---+++-+++-++-++++-+-+,11.000000,270,841,540
11824,+----++---+++-+++-++-++--+-++,10.023800,286,841,572
11825,++---++---+++-+++-++-++--+--+,9.756579,382,841,764
11826,+-+--++---+++-+++-++-++--++++,9.828186,278,841,556
11827,+++--++---+++-+++-++-++--++-+,10.627800,438,841,876
11828,+--+-++---+++-+++-++-++----++,10.304185,318,841,636
11829,++-+-++---+++-+++-++-++-----+,8.507472,158,841,316
11830,+-++-++---+++-+++-++-++---+++,9.219544,278,841,556
11831,++++-++---+++-+++-++-++---+-+,7.997163,182,841,364
11832,+---+++---+++-+++-++-++-++-++,9.111572,278,841,556
11833,++--+++---+++-+++-++-++-++--+,10.774177,470,841,940
11834,+-+-+++---+++-+++-++-++-+++++,11.000000,302,841,604
11835,+++-+++---+++-+++-++-++-+++-+,11.000000,430,841,860
11836,+--++++---+++-+++-++-++-+--++,10.238618,310,841,620
11837,++-++++---+++-+++-++-++-+---+,8.453168,182,841,364
11838,+-+++++---+++-+++-++-++-+-+++,11.000000,302,841,604
11839,+++++++---+++-+++-++-++-+-+-+,11.000000,238,841,476
11840,+------+--+++-+++-++---+-+-++,10.049876,422,841,844
11841,++-----+--+++-+++-++---+-+--+,9.011145,294,841,588
11842,+-+----+--+++-+++-++---+-++++,10.440307,478,841,956
11843,+++----+--+++-+++-++---+-++-+,9.394894,286,841,572
11844,+--+---+--+++-+++-++---+---++,14.035669,870,841,1740
11845,++-+---+--+++-+++-++---+----+,10.049876,422,841,844
11846,+-++---+--+++-+++-++---+--+++,14.317821,958,841,1916
11847,++++---+--+++-+++-++---+--+-+,10.440307,446,841,892
11848,+---+--+--+++-+++-++---+++-++,11.180340,318,841,636
11849,++--+--+--+++-+++-++---+++--+,9.494145,286,841,572
11850,+-+-+--+--+++-+++-++---++++++,10.049876,342,841,684
11851,+++-+--+--+++-+++-++---++++-+,9.087474,246,841,492
11852,+--++--+--+++-+++-++---++--++,14.866069,894,841,1788
11853,++-++--+--+++-+++-++---++---+,11.180340,350,841,700
11854,+-+++--+--+++-+++-++---++-+++,14.035669,822,841,1644
11855,+++++--+--+++-+++-++---++-+-+,10.049876,342,841,684
11856,+----+-+--+++-+++-++-----+-++,9.694483,230,841,460
11857,++---+-+--+++-+++-++-----+--+,9.605453,358,841,716
11858,+-+--+-+--+++-+++-++-----++++,9.381159,222,841,444
11859,+++--+-+--+++-+++-++-----++-+,9.259086,286,841,572
11860,+--+-+-+--+++-+++-++-------++,10.049876,326,841,652
11861,++-+-+-+--+++-+++-++--------+,9.778725,326,841,652
11862,+-++-+-+--+++-+++-++------+++,10.440307,414,841,828
11863,++++-+-+--+++-+++-++------+-+,10.449925,350,841,700
11864,+---++-+--+++-+++-++----++-++,8.282583,158,841,316
11865,++--++-+--+++-+++-++----++--+,11.077998,446,841,892
11866,+-+-++-+--+++-+++-++----+++++,8.733202,182,841,364
11867,+++-++-+--+++-+++-++----+++-+,9.257329,278,841,556
11868,+--+++-+--+++-+++-++----+--++,11.180340,254,841,508
11869,++-+++-+--+++-+++-++----+---+,8.546228,222,841,444
11870,+-++++-+--+++-+++-++----+-+++,10.049876,374,841,748
11871,++++++-+--+++-+++-++----+-+-+,9.722429,278,841,556
11872,+-----++--+++-+++-++--++-+-++,10.440307,318,841,636
11873,++----++--+++-+++-++--++-+--+,9.344130,286,841,572
11874,+-+---++--+++-+++-++--++-++++,12.206556,502,841,1004
11875,+++---++--+++-+++-++--++-++-+,9.219544,278,841,556
11876,+--+--++--+++-+++-++--++---++,14.317821,894,841,1788
11877,++-+--++--+++-+++-++--++----+,10.440307,414,841,828
11878,+-++--++--+++-+++-++--++--+++,15.652476,1238,841,2476
11879,++++--++--+++-+++-++--++--+-+,12.206556,566,841,1132
11880,+---+-++--+++-+++-++--++++-++,10.049876,310,841,620
11881,++--+-++--+++-+++-++--++++--+,9.799088,374,841,748
11882,+-+-+-++--+++-+++-++--+++++++,11.000000,462,841,924
11883,+++-+-++--+++-+++-++--+++++-+,11.000000,334,841,668
11884,+--++-++--+++-+++-++--+++--++,14.035669,822,841,1644
11885,++-++-++--+++-+++-++--+++---+,10.049876,374,841,748
11886,+-+++-++--+++-+++-++--+++-+++,14.317821,1006,841,2012
11887,+++++-++--+++-+++-++--+++-+-+,11.000000,494,841,988
11888,+----+++--+++-+++-++--+--+-++,8.170103,126,841,252
11889,++---+++--+++-+++-++--+--+--+,9.274526,286,841,572
11890,+-+--+++--+++-+++-++--+--++++,9.219544,182,841,364
11891,+++--+++--+++-+++-++--+--++-+,9.048016,278,841,556
11892,+--+-+++--+++-+++-++--+----++,10.440307,286,841,572
11893,++-+-+++--+++-+++-++--+-----+,8.078546,190,841,380
11894,+-++-+++--+++-+++-++--+---+++,12.206556,438,841,876
11895,++++-+++--+++-+++-++--+---+-+,9.219544,278,841,556
11896,+---++++--+++-+++-++--+-++-++,8.238609,150,841,300
11897,++--++++--+++-+++-++--+-++--+,10.351632,470,841,940
11898,+-+-++++--+++-+++-++--+-+++++,11.000000,238,841,476
11899,+++-++++--+++-+++-++--+-+++-+,11.000000,366,841,732
11900,+--+++++--+++-+++-++--+-+--++,10.049876,246,841,492
11901,++-+++++--+++-+++-++--+-+---+,8.370734,246,841,492
11902,+-++++++--+++-+++-++--+-+-+++,11.000000,430,841,860
11903,++++++++--+++-+++-++--+-+-+-+,11.000000,366,841,732
11904,+-------+-+++-+++-++++-+-+-++,9.524456,286,841,572
11905,++------+-+++-+++-++++-+-+--+,8.681491,254,841,508
11906,+-+-----+-+++-+++-++++-+-++++,9.074598,214,841,428
11907,+++-----+-+++-+++-++++-+-++-+,7.720699,118,841,236
11908,+--+----+-+++-+++-++++-+---++,11.180340,318,841,636
11909,++-+----+-+++-+++-++++-+----+,9.513930,350,841,700
11910,+-++----+-+++-+++-++++-+--+++,10.049876,278,841,556
11911,++++----+-+++-+++-++++-+--+-+,9.626430,246,841,492
11912,+---+---+-+++-+++-++++-+++-++,10.816654,438,841,876
11913,++--+---+-+++-+++-++++-+++--+,9.591754,310,841,620
11914,+-+-+---+-+++-+++-++++-++++++,11.000000,462,841,924
11915,+++-+---+-+++-+++-++++-++++-+,11.000000,270,841,540
11916,+--++---+-+++-+++-++++-++--++,13.453624,534,841,1068
11917,++-++---+-+++-+++-++++-++---+,10.816654,278,841,556
11918,+-+++---+-+++-+++-++++-++-+++,11.180340,462,841,924
11919,+++++---+-+++-+++-++++-++-+-+,11.000000,270,841,540
11920,+----+--+-+++-+++-++++---+-++,7.400976,126,841,252
11921,++---+--+-+++-+++-++++---+--+,10.247183,350,841,700
11922,+-+--+--+-+++-+++-++++---++++,7.535961,118,841,236
11923,+++--+--+-+++-+++-++++---++-+,9.769467,278,841,556
11924,+--+-+--+-+++-+++-++++-----++,7.810250,126,841,252
11925,++-+-+--+-+++-+++-++++------+,8.878114,222,841,444
11926,+-++-+--+-+++-+++-++++----+++,9.282371,214,841,428
11927,++++-+--+-+++-+++-++++----+-+,9.441053,246,841,492
11928,+---++--+-+++-+++-++++--++-++,9.476564,310,841,620
11929,++--++--+-+++-+++-++++--++--+,11.930814,630,841,1260
11930,+-+-++--+-+++-+++-++++--+++++,11.000000,334,841,668
11931,+++-++--+-+++-+++-++++--+++-+,11.000000,462,841,924
11932,+--+++--+-+++-+++-++++--+--++,10.816654,246,841,492
11933,++-+++--+-+++-+++-++++--+---+,9.219544,246,841,492
11934,+-++++--+-+++-+++-++++--+-+++,11.000000,366,841,732
11935,++++++--+-+++-+++-++++--+-+-+,11.000000,302,841,604
11936,+-----+-+-+++-+++-++++++-+-++,10.178009,310,841,620
11937,++----+-+-+++-+++-++++++-+--+,7.707458,182,841,364
11938,+-+---+-+-+++-+++-++++++-++++,11.000000,494,841,988
11939,+++---+-+-+++-+++-++++++-++-+,11.000000,302,841,604
11940,+--+--+-+-+++-+++-++++++---++,10.049876,214,841,428
11941,++-+--+-+-+++-+++-++++++----+,8.678111,150,841,300
11942,+-++--+-+-+++-+++-++++++--+++,11.000000,430,841,860
11943,++++--+-+-+++-+++-++++++--+-+,11.000000,302,841,604
11944,+---+-+-+-+++-+++-++++++++-++,11.185695,622,841,1244
11945,++--+-+-+-+++-+++-++++++++--+,11.000000,398,841,796
11946,+-+-+-+-+-+++-+++-+++++++++++,15.000000,1286,841,2572
11947,+++-+-+-+-+++-+++-+++++++++-+,15.000000,998,841,1996
11948,+--++-+-+-+++-+++-+++++++--++,11.180340,526,841,1052
11949,++-++-+-+-+++-+++-+++++++---+,11.000000,302,841,604
11950,+-+++-+-+-+++-+++-+++++++-+++,15.000000,1094,841,2188
11951,+++++-+-+-+++-+++-+++++++-+-+,15.000000,934,841,1868
11952,+----++-+-+++-+++-+++++--+-++,8.234049,214,841,428
11953,++---++-+-+++-+++-+++++--+--+,9.776088,278,841,556
11954,+-+--++-+-+++-+++-+++++--++++,11.000000,398,841,796
11955,+++--++-+-+++-+++-+++++--++-+,11.000000,526,841,1052
11956,+--+-++-+-+++-+++-+++++----++,8.393317,150,841,300
11957,++-+-++-+-+++-+++-+++++-----+,7.262601,86,841,172
11958,+-++-++-+-+++-+++-+++++---+++,11.000000,302,841,604
11959,++++-++-+-+++-+++-+++++---+-+,11.000000,302,841,604
11960,+---+++-+-+++-+++-+++++-++-++,11.000000,430,841,860
11961,++--+++-+-+++-+++-+++++-++--+,11.000000,590,841,1180
11962,+-+-+++-+-+++-+++-+++++-+++++,15.000000,1030,841,2060
11963,+++-+++-+-+++-+++-+++++-+++-+,15.000000,1126,841,2252
11964,+--++++-+-+++-+++-+++++-+--++,11.000000,366,841,732
11965,++-++++-+-+++-+++-+++++-+---+,11.000000,334,841,668
11966,+-+++++-+-+++-+++-+++++-+-+++,15.000000,934,841,1868
11967,+++++++-+-+++-+++-+++++-+-+-+,15.000000,966,841,1932
11968,+------++-+++-+++-+++--+-+-++,11.180340,382,841,764
11969,++-----++-+++-+++-+++--+-+--+,7.854128,158,841,316
11970,+-+----++-+++-+++-+++--+-++++,10.049876,310,841,620
11971,+++----++-+++-+++-+++--+-++-+,7.942954,150,841,300
11972,+--+---++-+++-+++-+++--+---++,14.866069,926,841,1852
11973,++-+---++-+++-+++-+++--+----+,11.180340,382,841,764
11974,+-++---++-+++-+++-+++--+--+++,14.035669,758,841,1516
11975,++++---++-+++-+++-+++--+--+-+,10.049876,278,841,556
11976,+---+--++-+++-+++-+++--+++-++,13.453624,630,841,1260
11977,++--+--++-+++-+++-+++--+++--+,10.816654,374,841,748
11978,+-+-+--++-+++-+++-+++--++++++,11.180340,526,841,1052
11979,+++-+--++-+++-+++-+++--++++-+,11.000000,334,841,668
11980,+--++--++-+++-+++-+++--++--++,16.643317,1430,841,2860
11981,++-++--++-+++-+++-+++--++---+,13.453624,662,841,1324
11982,+-+++--++-+++-+++-+++--++-+++,14.866069,1102,841,2204
11983,+++++--++-+++-+++-+++--++-+-+,11.180340,526,841,1052
11984,+----+-++-+++-+++-+++----+-++,8.453590,190,841,380
11985,++---+-++-+++-+++-+++----+--+,9.383861,222,841,444
11986,+-+--+-++-+++-+++-+++----++++,8.407628,118,841,236
11987,+++--+-++-+++-+++-+++----++-+,8.843348,214,841,428
11988,+--+-+-++-+++-+++-+++------++,11.180340,318,841,636
11989,++-+-+-++-+++-+++-+++-------+,8.087219,222,841,444
11990,+-++-+-++-+++-+++-+++-----+++,10.049876,214,841,428
11991,++++-+-++-+++-+++-+++-----+-+,7.873131,182,841,364
11992,+---++-++-+++-+++-+++---++-++,10.816654,278,841,556
11993,++--++-++-+++-+++-+++---++--+,10.943238,470,841,940
11994,+-+-++-++-+++-+++-+++---+++++,11.000000,238,841,476
11995,+++-++-++-+++-+++-+++---+++-+,11.000000,366,841,732
11996,+--+++-++-+++-+++-+++---+--++,13.453624,534,841,1068
11997,++-+++-++-+++-+++-+++---+---+,10.816654,406,841,812
11998,+-++++-++-+++-+++-+++---+-+++,11.180340,462,841,924
11999,++++++-++-+++-+++-+++---+-+-+,11.000000,398,841,796
12000,+-----+++-+++-+++-+++-++-+-++,10.049876,246,841,492
12001,++----+++-+++-+++-+++-++-+--+,7.948689,118,841,236
12002,+-+---+++-+++-+++-+++-++-++++,11.000000,494,841,988
12003,+++---+++-+++-+++-+++-++-++-+,11.000000,302,841,604
12004,+--+--+++-+++-+++-+++-++---++,14.035669,726,841,1452
12005,++-+--+++-+++-+++-+++-++----+,10.049876,278,841,556
12006,+-++--+++-+++-+++-+++-++--+++,14.317821,1006,841,2012
12007,++++--+++-+++-+++-+++-++--+-+,11.000000,494,841,988
12008,+---+-+++-+++-+++-+++-++++-++,11.180340,590,841,1180
12009,++--+-+++-+++-+++-+++-++++--+,11.000000,430,841,860
12010,+-+-+-+++-+++-+++-+++-+++++++,15.000000,1190,841,2380
12011,+++-+-+++-+++-+++-+++-+++++-+,15.000000,966,841,1932
12012,+--++-+++-+++-+++-+++-+++--++,14.866069,1134,841,2268
12013,++-++-+++-+++-+++-+++-+++---+,11.180340,590,841,1180
12014,+-+++-+++-+++-+++-+++-+++-+++,15.000000,1638,841,3276
12015,+++++-+++-+++-+++-+++-+++-+-+,15.000000,1158,841,2316
12016,+----++++-+++-+++-+++-+--+-++,7.891792,118,841,236
12017,++---++++-+++-+++-+++-+--+--+,9.031509,182,841,364
12018,+-+--++++-+++-+++-+++-+--++++,11.000000,302,841,604
12019,+++--++++-+++-+++-+++-+--++-+,11.000000,430,841,860
12020,+--+-++++-+++-+++-+++-+----++,10.049876,246,841,492
12021,++-+-++++-+++-+++-+++-+-----+,9.012978,182,841,364
12022,+-++-++++-+++-+++-+++-+---+++,11.000000,398,841,796
12023,++++-++++-+++-+++-+++-+---+-+,11.000000,398,841,796
12024,+---+++++-+++-+++-+++-+-++-++,11.000000,302,841,604
12025,++--+++++-+++-+++-+++-+-++--+,11.000000,526,841,1052
12026,+-+-+++++-+++-+++-+++-+-+++++,15.000000,902,841,1804
12027,+++-+++++-+++-+++-+++-+-+++-+,15.000000,1062,841,2124
12028,+--++++++-+++-+++-+++-+-+--++,11.180340,494,841,988
12029,++-++++++-+++-+++-+++-+-+---+,11.000000,526,841,1052
12030,+-+++++++-+++-+++-+++-+-+-+++,15.000000,1062,841,2124
12031,+++++++++-+++-+++-+++-+-+-+-+,15.000000,1158,841,2316
12032,+--------++++-+++-+--+-+-+-++,10.902721,454,841,908
12033,++-------++++-+++-+--+-+-+--+,9.182827,262,841,524
12034,+-+------++++-+++-+--+-+-++++,11.636141,510,841,1020
12035,+++------++++-+++-+--+-+-++-+,10.561060,382,841,764
12036,+--+-----++++-+++-+--+-+---++,9.549936,390,841,780
12037,++-+-----++++-+++-+--+-+----+,9.127184,262,841,524
12038,+-++-----++++-+++-+--+-+--+++,9.723348,350,841,700
12039,++++-----++++-+++-+--+-+--+-+,9.240419,286,841,572
12040,+---+----++++-+++-+--+-+++-++,9.226523,254,841,508
12041,++--+----++++-+++-+--+-+++--+,8.885850,222,841,444
12042,+-+-+----++++-+++-+--+-++++++,10.904823,406,841,812
12043,+++-+----++++-+++-+--+-++++-+,10.866727,438,841,876
12044,+--++----++++-+++-+--+-++--++,10.614720,382,841,764
12045,++-++----++++-+++-+--+-++---+,8.943361,222,841,444
12046,+-+++----++++-+++-+--+-++-+++,9.183357,310,841,620
12047,+++++----++++-+++-+--+-++-+-+,9.447064,342,841,684
12048,+----+---++++-+++-+--+---+-++,10.361809,518,841,1036
12049,++---+---++++-+++-+--+---+--+,9.477006,390,841,780
12050,+-+--+---++++-+++-+--+---++++,10.287974,446,841,892
12051,+++--+---++++-+++-+--+---++-+,9.450523,382,841,764
12052,+--+-+---++++-+++-+--+-----++,10.376888,486,841,972
12053,++-+-+---++++-+++-+--+------+,9.201341,230,841,460
12054,+-++-+---++++-+++-+--+----+++,9.378407,382,841,764
12055,++++-+---++++-+++-+--+----+-+,9.451458,190,841,380
12056,+---++---++++-+++-+--+--++-++,8.820135,350,841,700
12057,++--++---++++-+++-+--+--++--+,11.123714,446,841,892
12058,+-+-++---++++-+++-+--+--+++++,9.158338,310,841,620
12059,+++-++---++++-+++-+--+--+++-+,9.530046,342,841,684
12060,+--+++---++++-+++-+--+--+--++,10.731106,382,841,764
12061,++-+++---++++-+++-+--+--+---+,8.260958,158,841,316
12062,+-++++---++++-+++-+--+--+-+++,9.421512,310,841,620
12063,++++++---++++-+++-+--+--+-+-+,8.681934,150,841,300
12064,+-----+--++++-+++-+--+++-+-++,9.770779,286,841,572
12065,++----+--++++-+++-+--+++-+--+,8.237897,126,841,252
12066,+-+---+--++++-+++-+--+++-++++,8.954584,278,841,556
12067,+++---+--++++-+++-+--+++-++-+,8.259881,182,841,364
12068,+--+--+--++++-+++-+--+++---++,10.952182,414,841,828
12069,++-+--+--++++-+++-+--+++----+,8.589168,190,841,380
12070,+-++--+--++++-+++-+--+++--+++,9.219544,310,841,620
12071,++++--+--++++-+++-+--+++--+-+,7.763775,150,841,300
12072,+---+-+--++++-+++-+--+++++-++,9.874381,310,841,620
12073,++--+-+--++++-+++-+--+++++--+,8.347681,182,841,364
12074,+-+-+-+--++++-+++-+--++++++++,11.000000,398,841,796
12075,+++-+-+--++++-+++-+--++++++-+,11.000000,334,841,668
12076,+--++-+--++++-+++-+--++++--++,11.812858,566,841,1132
12077,++-++-+--++++-+++-+--++++---+,9.551528,310,841,620
12078,+-+++-+--++++-+++-+--++++-+++,11.000000,430,841,860
12079,+++++-+--++++-+++-+--++++-+-+,11.000000,366,841,732
12080,+----++--++++-+++-+--++--+-++,11.500958,542,841,1084
12081,++---++--++++-+++-+--++--+--+,9.720477,382,841,764
12082,+-+--++--++++-+++-+--++--++++,10.880021,470,841,940
12083,+++--++--++++-+++-+--++--++-+,10.752505,502,841,1004
12084,+--+-++--++++-+++-+--++----++,12.158805,638,841,1276
12085,++-+-++--++++-+++-+--++-----+,9.633031,222,841,444
12086,+-++-++--++++-+++-+--++---+++,10.536125,406,841,812
12087,++++-++--++++-+++-+--++---+-+,8.688475,182,841,364
12088,+---+++--++++-+++-+--++-++-++,10.839889,470,841,940
12089,++--+++--++++-+++-+--++-++--+,9.899360,406,841,812
12090,+-+-+++--++++-+++-+--++-+++++,11.000000,430,841,860
12091,+++-+++--++++-+++-+--++-+++-+,11.000000,430,841,860
12092,+--++++--++++-+++-+--++-+--++,12.337447,694,841,1388
12093,++-++++--++++-+++-+--++-+---+,9.737229,310,841,620
12094,+-+++++--++++-+++-+--++-+-+++,11.000000,494,841,988
12095,+++++++--++++-+++-+--++-+-+-+,11.000000,302,841,604
12096,+------+-++++-+++-+----+-+-++,12.034073,646,841,1292
12097,++-----+-++++-+++-+----+-+--+,9.834315,326,841,652
12098,+-+----+-++++-+++-+----+-++++,12.093486,702,841,1404
12099,+++----+-++++-+++-+----+-++-+,10.555682,446,841,892
12100,+--+---+-++++-+++-+----+---++,10.279639,454,841,908
12101,++-+---+-++++-+++-+----+----+,9.059316,198,841,396
12102,+-++---+-++++-+++-+----+--+++,10.440307,414,841,828
12103,++++---+-++++-+++-+----+--+-+,9.279528,222,841,444
12104,+---+--+-++++-+++-+----+++-++,10.032685,286,841,572
12105,++--+--+-++++-+++-+----+++--+,8.431451,190,841,380
12106,+-+-+--+-++++-+++-+----++++++,10.823458,438,841,876
12107,+++-+--+-++++-+++-+----++++-+,10.207990,406,841,812
12108,+--++--+-++++-+++-+----++--++,11.180340,350,841,700
12109,++-++--+-++++-+++-+----++---+,7.810250,126,841,252
12110,+-+++--+-++++-+++-+----++-+++,10.049876,278,841,556
12111,+++++--+-++++-+++-+----++-+-+,8.923916,246,841,492
12112,+----+-+-++++-+++-+------+-++,11.742290,614,841,1228
12113,++---+-+-++++-+++-+------+--+,9.688926,358,841,716
12114,+-+--+-+-++++-+++-+------++++,10.901779,478,841,956
12115,+++--+-+-++++-+++-+------++-+,9.524599,286,841,572
12116,+--+-+-+-++++-+++-+--------++,10.521919,454,841,908
12117,++-+-+-+-++++-+++-+---------+,9.911603,454,841,908
12118,+-++-+-+-++++-+++-+-------+++,9.280938,286,841,572
12119,++++-+-+-++++-+++-+-------+-+,9.578489,350,841,700
12120,+---++-+-++++-+++-+-----++-++,9.205425,222,841,444
12121,++--++-+-++++-+++-+-----++--+,10.147062,254,841,508
12122,+-+-++-+-++++-+++-+-----+++++,9.099681,246,841,492
12123,+++-++-+-++++-+++-+-----+++-+,8.817725,214,841,428
12124,+--+++-+-++++-+++-+-----+--++,7.939906,190,841,380
12125,++-+++-+-++++-+++-+-----+---+,9.778809,286,841,572
12126,+-++++-+-++++-+++-+-----+-+++,8.837523,182,841,364
12127,++++++-+-++++-+++-+-----+-+-+,9.569697,342,841,684
12128,+-----++-++++-+++-+---++-+-++,9.478050,254,841,508
12129,++----++-++++-+++-+---++-+--+,8.277867,158,841,316
12130,+-+---++-++++-+++-+---++-++++,9.499123,310,841,620
12131,+++---++-++++-+++-+---++-++-+,7.664479,150,841,300
12132,+--+--++-++++-+++-+---++---++,10.440307,318,841,636
12133,++-+--++-++++-+++-+---++----+,8.065757,158,841,316
12134,+-++--++-++++-+++-+---++--+++,12.206556,406,841,812
12135,++++--++-++++-+++-+---++--+-+,9.219544,182,841,364
12136,+---+-++-++++-+++-+---++++-++,8.379021,182,841,364
12137,++--+-++-++++-+++-+---++++--+,8.479295,182,841,364
12138,+-+-+-++-++++-+++-+---+++++++,11.000000,334,841,668
12139,+++-+-++-++++-+++-+---+++++-+,11.000000,270,841,540
12140,+--++-++-++++-+++-+---+++--++,10.049876,310,841,620
12141,++-++-++-++++-+++-+---+++---+,8.241013,182,841,364
12142,+-+++-++-++++-+++-+---+++-+++,11.000000,366,841,732
12143,+++++-++-++++-+++-+---+++-+-+,11.000000,302,841,604
12144,+----+++-++++-+++-+---+--+-++,9.258783,286,841,572
12145,++---+++-++++-+++-+---+--+--+,8.003521,190,841,380
12146,+-+--+++-++++-+++-+---+--++++,8.309158,214,841,428
12147,+++--+++-++++-+++-+---+--++-+,8.647427,182,841,364
12148,+--+-+++-++++-+++-+---+----++,9.503885,318,841,636
12149,++-+-+++-++++-+++-+---+-----+,10.148406,350,841,700
12150,+-++-+++-++++-+++-+---+---+++,9.219544,214,841,428
12151,++++-+++-++++-+++-+---+---+-+,9.780875,310,841,620
12152,+---++++-++++-+++-+---+-++-++,8.659421,182,841,364
12153,++--++++-++++-+++-+---+-++--+,9.087673,246,841,492
12154,+-+-++++-++++-+++-+---+-+++++,11.000000,270,841,540
12155,+++-++++-++++-+++-+---+-+++-+,11.000000,270,841,540
12156,+--+++++-++++-+++-+---+-+--++,9.825488,278,841,556
12157,++-+++++-++++-+++-+---+-+---+,10.146260,406,841,812
12158,+-++++++-++++-+++-+---+-+-+++,11.000000,334,841,668
12159,++++++++-++++-+++-+---+-+-+-+,11.000000,526,841,1052
12160,+-------+++++-+++-+-++-+-+-++,8.859759,190,841,380
12161,++------+++++-+++-+-++-+-+--+,8.260146,158,841,316
12162,+-+-----+++++-+++-+-++-+-++++,9.212356,246,841,492
12163,+++-----+++++-+++-+-++-+-++-+,7.715897,150,841,300
12164,+--+----+++++-+++-+-++-+---++,8.704309,222,841,444
12165,++-+----+++++-+++-+-++-+----+,9.452219,254,841,508
12166,+-++----+++++-+++-+-++-+--+++,9.738652,310,841,620
12167,++++----+++++-+++-+-++-+--+-+,9.072292,278,841,556
12168,+---+---+++++-+++-+-++-+++-++,9.219544,214,841,428
12169,++--+---+++++-+++-+-++-+++--+,9.219544,214,841,428
12170,+-+-+---+++++-+++-+-++-++++++,11.000000,366,841,732
12171,+++-+---+++++-+++-+-++-++++-+,11.000000,302,841,604
12172,+--++---+++++-+++-+-++-++--++,10.816654,310,841,620
12173,++-++---+++++-+++-+-++-++---+,9.219544,182,841,364
12174,+-+++---+++++-+++-+-++-++-+++,11.000000,366,841,732
12175,+++++---+++++-+++-+-++-++-+-+,11.000000,302,841,604
12176,+----+--+++++-+++-+-++---+-++,8.631458,254,841,508
12177,++---+--+++++-+++-+-++---+--+,9.676525,286,841,572
12178,+-+--+--+++++-+++-+-++---++++,8.642059,246,841,492
12179,+++--+--+++++-+++-+-++---++-+,9.297327,214,841,428
12180,+--+-+--+++++-+++-+-++-----++,9.329862,254,841,508
12181,++-+-+--+++++-+++-+-++------+,8.069058,158,841,316
12182,+-++-+--+++++-+++-+-++----+++,9.763529,342,841,684
12183,++++-+--+++++-+++-+-++----+-+,8.683018,182,841,364
12184,+---++--+++++-+++-+-++--++-++,9.537137,374,841,748
12185,++--++--+++++-+++-+-++--++--+,11.480648,630,841,1260
12186,+-+-++--+++++-+++-+-++--+++++,11.000000,398,841,796
12187,+++-++--+++++-+++-+-++--+++-+,11.000000,462,841,924
12188,+--+++--+++++-+++-+-++--+--++,9.373740,310,841,620
12189,++-+++--+++++-+++-+-++--+---+,9.219544,246,841,492
12190,+-++++--+++++-+++-+-++--+-+++,11.000000,430,841,860
12191,++++++--+++++-+++-+-++--+-+-+,11.000000,302,841,604
12192,+-----+-+++++-+++-+-++++-+-++,8.325266,182,841,364
12193,++----+-+++++-+++-+-++++-+--+,8.526599,182,841,364
12194,+-+---+-+++++-+++-+-++++-++++,11.000000,366,841,732
12195,+++---+-+++++-+++-+-++++-++-+,11.000000,302,841,604
12196,+--+--+-+++++-+++-+-++++---++,8.916383,214,841,428
12197,++-+--+-+++++-+++-+-++++----+,8.945891,278,841,556
12198,+-++--+-+++++-+++-+-++++--+++,11.000000,430,841,860
12199,++++--+-+++++-+++-+-++++--+-+,11.000000,430,841,860
12200,+---+-+-+++++-+++-+-++++++-++,11.000000,430,841,860
12201,++--+-+-+++++-+++-+-++++++--+,11.000000,334,841,668
12202,+-+-+-+-+++++-+++-+-+++++++++,15.000000,1094,841,2188
12203,+++-+-+-+++++-+++-+-+++++++-+,15.000000,934,841,1868
12204,+--++-+-+++++-+++-+-+++++--++,11.000000,462,841,924
12205,++-++-+-+++++-+++-+-+++++---+,11.000000,366,841,732
12206,+-+++-+-+++++-+++-+-+++++-+++,15.000000,1030,841,2060
12207,+++++-+-+++++-+++-+-+++++-+-+,15.000000,998,841,1996
12208,+----++-+++++-+++-+-+++--+-++,9.602048,246,841,492
12209,++---++-+++++-+++-+-+++--+--+,9.273242,246,841,492
12210,+-+--++-+++++-+++-+-+++--++++,11.000000,430,841,860
12211,+++--++-+++++-+++-+-+++--++-+,11.000000,494,841,988
12212,+--+-++-+++++-+++-+-+++----++,10.123546,310,841,620
12213,++-+-++-+++++-+++-+-+++-----+,8.481586,182,841,364
12214,+-++-++-+++++-+++-+-+++---+++,11.000000,462,841,924
12215,++++-++-+++++-+++-+-+++---+-+,11.000000,398,841,796
12216,+---+++-+++++-+++-+-+++-++-++,11.000000,462,841,924
12217,++--+++-+++++-+++-+-+++-++--+,11.000000,558,841,1116
12218,+-+-+++-+++++-+++-+-+++-+++++,15.000000,1062,841,2124
12219,+++-+++-+++++-+++-+-+++-+++-+,15.000000,1094,841,2188
12220,+--++++-+++++-+++-+-+++-+--++,11.000000,526,841,1052
12221,++-++++-+++++-+++-+-+++-+---+,11.000000,430,841,860
12222,+-+++++-+++++-+++-+-+++-+-+++,15.000000,1094,841,2188
12223,+++++++-+++++-+++-+-+++-+-+-+,15.000000,1062,841,2124
12224,+------++++++-+++-+-+--+-+-++,10.363263,382,841,764
12225,++-----++++++-+++-+-+--+-+--+,7.902954,158,841,316
12226,+-+----++++++-+++-+-+--+-++++,10.039553,374,841,748
12227,+++----++++++-+++-+-+--+-++-+,8.989913,214,841,428
12228,+--+---++++++-+++-+-+--+---++,11.180340,350,841,700
12229,++-+---++++++-+++-+-+--+----+,7.810250,190,841,380
12230,+-++---++++++-+++-+-+--+--+++,10.049876,246,841,492
12231,++++---++++++-+++-+-+--+--+-+,7.492673,150,841,300
12232,+---+--++++++-+++-+-+--+++-++,10.816654,310,841,620
12233,++--+--++++++-+++-+-+--+++--+,9.219544,182,841,364
12234,+-+-+--++++++-+++-+-+--++++++,11.000000,398,841,796
12235,+++-+--++++++-+++-+-+--++++-+,11.000000,334,841,668
12236,+--++--++++++-+++-+-+--++--++,13.453624,534,841,1068
12237,++-++--++++++-+++-+-+--++---+,10.816654,278,841,556
12238,+-+++--++++++-+++-+-+--++-+++,11.180340,398,841,796
12239,+++++--++++++-+++-+-+--++-+-+,11.000000,334,841,668
12240,+----+-++++++-+++-+-+----+-++,10.465175,414,841,828
12241,++---+-++++++-+++-+-+----+--+,8.514151,254,841,508
12242,+-+--+-++++++-+++-+-+----++++,9.107259,278,841,556
12243,+++--+-++++++-+++-+-+----++-+,8.366801,182,841,364
12244,+--+-+-++++++-+++-+-+------++,9.906128,350,841,700
12245,++-+-+-++++++-+++-+-+-------+,10.659075,446,841,892
12246,+-++-+-++++++-+++-+-+-----+++,7.712782,182,841,364
12247,++++-+-++++++-+++-+-+-----+-+,10.089327,342,841,684
12248,+---++-++++++-+++-+-+---++-++,9.219544,246,841,492
12249,++--++-++++++-+++-+-+---++--+,10.231122,374,841,748
12250,+-+-++-++++++-+++-+-+---+++++,11.000000,270,841,540
12251,+++-++-++++++-+++-+-+---+++-+,11.000000,334,841,668
12252,+--+++-++++++-+++-+-+---+--++,10.816654,310,841,620
12253,++-+++-++++++-+++-+-+---+---+,10.559117,502,841,1004
12254,+-++++-++++++-+++-+-+---+-+++,11.000000,302,841,604
12255,++++++-++++++-+++-+-+---+-+-+,11.000000,558,841,1116
12256,+-----+++++++-+++-+-+-++-+-++,8.435037,150,841,300
12257,++----+++++++-+++-+-+-++-+--+,8.881432,150,841,300
12258,+-+---+++++++-+++-+-+-++-++++,11.000000,334,841,668
12259,+++---+++++++-+++-+-+-++-++-+,11.000000,270,841,540
12260,+--+--+++++++-+++-+-+-++---++,10.049876,182,841,364
12261,++-+--+++++++-+++-+-+-++----+,9.054666,246,841,492
12262,+-++--+++++++-+++-+-+-++--+++,11.000000,398,841,796
12263,++++--+++++++-+++-+-+-++--+-+,11.000000,398,841,796
12264,+---+-+++++++-+++-+-+-++++-++,11.000000,366,841,732
12265,++--+-+++++++-+++-+-+-++++--+,11.000000,334,841,668
12266,+-+-+-+++++++-+++-+-+-+++++++,15.000000,1030,841,2060
12267,+++-+-+++++++-+++-+-+-+++++-+,15.000000,934,841,1868
12268,+--++-+++++++-+++-+-+-+++--++,11.180340,462,841,924
12269,++-++-+++++++-+++-+-+-+++---+,11.000000,430,841,860
12270,+-+++-+++++++-+++-+-+-+++-+++,15.000000,1030,841,2060
12271,+++++-+++++++-+++-+-+-+++-+-+,15.000000,1062,841,2124
12272,+----++++++++-+++-+-+-+--+-++,8.480850,182,841,364
12273,++---++++++++-+++-+-+-+--+--+,8.012308,182,841,364
12274,+-+--++++++++-+++-+-+-+--++++,11.000000,302,841,604
12275,+++--++++++++-+++-+-+-+--++-+,11.000000,366,841,732
12276,+--+-++++++++-+++-+-+-+----++,8.829210,246,841,492
12277,++-+-++++++++-+++-+-+-+-----+,11.130766,502,841,1004
12278,+-++-++++++++-+++-+-+-+---+++,11.000000,334,841,668
12279,++++-++++++++-+++-+-+-+---+-+,11.149024,654,841,1308
12280,+---+++++++++-+++-+-+-+-++-++,11.000000,302,841,604
12281,++--+++++++++-+++-+-+-+-++--+,11.000000,462,841,924
12282,+-+-+++++++++-+++-+-+-+-+++++,15.000000,966,841,1932
12283,+++-+++++++++-+++-+-+-+-+++-+,15.000000,1062,841,2124
12284,+--++++++++++-+++-+-+-+-+--++,11.000000,430,841,860
12285,++-++++++++++-+++-+-+-+-+---+,11.654638,782,841,1564
12286,+-+++++++++++-+++-+-+-+-+-+++,15.000000,1062,841,2124
12287,+++++++++++++-+++-+-+-+-+-+-+,15.000000,1478,841,2956
12288,+------------++--+-+-+-+-+-++,10.985685,534,841,1068
12289,++-----------++--+-+-+-+-+--+,9.000000,214,841,428
12290,+-+----------++--+-+-+-+-++++,11.314393,494,841,988
12291,+++----------++--+-+-+-+-++-+,8.812235,238,841,476
12292,+--+---------++--+-+-+-+---++,9.000000,310,841,620
12293,++-+---------++--+-+-+-+----+,9.236174,246,841,492
12294,+-++---------++--+-+-+-+--+++,8.280003,174,841,348
12295,++++---------++--+-+-+-+--+-+,8.871939,174,841,348
12296,+---+--------++--+-+-+-+++-++,10.698336,462,841,924
12297,++--+--------++--+-+-+-+++--+,8.201518,174,841,348
12298,+-+-+--------++--+-+-+-++++++,11.594741,582,841,1164
12299,+++-+--------++--+-+-+-++++-+,10.116731,358,841,716
12300,+--++--------++--+-+-+-++--++,11.177770,430,841,860
12301,++-++--------++--+-+-+-++---+,9.061645,206,841,412
12302,+-+++--------++--+-+-+-++-+++,9.150585,326,841,652
12303,+++++--------++--+-+-+-++-+-+,8.756386,294,841,588
12304,+----+-------++--+-+-+---+-++,9.016361,278,841,556
12305,++---+-------++--+-+-+---+--+,10.049876,278,841,556
12306,+-+--+-------++--+-+-+---++++,8.291629,238,841,476
12307,+++--+-------++--+-+-+---++-+,10.440307,302,841,604
12308,+--+-+-------++--+-+-+-----++,9.000000,278,841,556
12309,++-+-+-------++--+-+-+------+,10.024899,342,841,684
12310,+-++-+-------++--+-+-+----+++,9.263781,206,841,412
12311,++++-+-------++--+-+-+----+-+,10.496151,334,841,668
12312,+---++-------++--+-+-+--++-++,8.245600,174,841,348
12313,++--++-------++--+-+-+--++--+,11.180340,270,841,540
12314,+-+-++-------++--+-+-+--+++++,8.740989,230,841,460
12315,+++-++-------++--+-+-+--+++-+,10.049876,262,841,524
12316,+--+++-------++--+-+-+--+--++,9.521091,238,841,476
12317,++-+++-------++--+-+-+--+---+,8.749924,206,841,412
12318,+-++++-------++--+-+-+--+-+++,9.641799,262,841,524
12319,++++++-------++--+-+-+--+-+-+,9.666438,294,841,588
12320,+-----+------++--+-+-+++-+-++,10.200914,398,841,796
12321,++----+------++--+-+-+++-+--+,8.481661,174,841,348
12322,+-+---+------++--+-+-+++-++++,10.832336,422,841,844
12323,+++---+------++--+-+-+++-++-+,9.219544,262,841,524
12324,+--+--+------++--+-+-+++---++,8.984968,238,841,476
12325,++-+--+------++--+-+-+++----+,8.439594,142,841,284
12326,+-++--+------++--+-+-+++--+++,7.988621,166,841,332
12327,++++--+------++--+-+-+++--+-+,7.918226,134,841,268
12328,+---+-+------++--+-+-+++++-++,10.269133,358,841,716
12329,++--+-+------++--+-+-+++++--+,8.484509,166,841,332
12330,+-+-+-+------++--+-+-++++++++,11.525946,542,841,1084
12331,+++-+-+------++--+-+-++++++-+,11.009893,414,841,828
12332,+--++-+------++--+-+-++++--++,9.893347,326,841,652
12333,++-++-+------++--+-+-++++---+,8.145856,198,841,396
12334,+-+++-+------++--+-+-++++-+++,9.861520,286,841,572
12335,+++++-+------++--+-+-++++-+-+,10.358221,350,841,700
12336,+----++------++--+-+-++--+-++,10.782136,398,841,796
12337,++---++------++--+-+-++--+--+,10.440307,302,841,604
12338,+-+--++------++--+-+-++--++++,9.649746,358,841,716
12339,+++--++------++--+-+-++--++-+,12.206556,454,841,908
12340,+--+-++------++--+-+-++----++,10.992756,398,841,796
12341,++-+-++------++--+-+-++-----+,8.919135,238,841,476
12342,+-++-++------++--+-+-++---+++,8.876127,198,841,396
12343,++++-++------++--+-+-++---+-+,9.219544,230,841,460
12344,+---+++------++--+-+-++-++-++,8.955272,198,841,396
12345,++--+++------++--+-+-++-++--+,10.049876,198,841,396
12346,+-+-+++------++--+-+-++-+++++,9.186596,254,841,508
12347,+++-+++------++--+-+-++-+++-+,10.440307,318,841,636
12348,+--++++------++--+-+-++-+--++,10.062424,326,841,652
12349,++-++++------++--+-+-++-+---+,8.294053,198,841,396
12350,+-+++++------++--+-+-++-+-+++,8.554023,222,841,444
12351,+++++++------++--+-+-++-+-+-+,9.046195,286,841,572
12352,+------+-----++--+-+---+-+-++,9.176870,214,841,428
12353,++-----+-----++--+-+---+-+--+,9.348474,278,841,556
12354,+-+----+-----++--+-+---+-++++,8.595151,174,841,348
12355,+++----+-----++--+-+---+-++-+,9.715022,302,841,604
12356,+--+---+-----++--+-+---+---++,10.053141,374,841,748
12357,++-+---+-----++--+-+---+----+,9.000000,310,841,620
12358,+-++---+-----++--+-+---+--+++,9.264660,238,841,476
12359,++++---+-----++--+-+---+--+-+,8.638367,238,841,476
12360,+---+--+-----++--+-+---+++-++,9.563073,238,841,476
12361,++--+--+-----++--+-+---+++--+,9.400586,270,841,540
12362,+-+-+--+-----++--+-+---++++++,8.793959,230,841,460
12363,+++-+--+-----++--+-+---++++-+,9.552882,326,841,652
12364,+--++--+-----++--+-+---++--++,12.163417,654,841,1308
12365,++-++--+-----++--+-+---++---+,9.994883,366,841,732
12366,+-+++--+-----++--+-+---++-+++,10.129787,422,841,844
12367,+++++--+-----++--+-+---++-+-+,9.112937,326,841,652
12368,+----+-+-----++--+-+-----+-++,9.000000,246,841,492
12369,++---+-+-----++--+-+-----+--+,9.000000,246,841,492
12370,+-+--+-+-----++--+-+-----++++,9.150046,270,841,540
12371,+++--+-+-----++--+-+-----++-+,9.847066,334,841,668
12372,+--+-+-+-----++--+-+-------++,9.000000,246,841,492
12373,++-+-+-+-----++--+-+--------+,9.157877,310,841,620
12374,+-++-+-+-----++--+-+------+++,9.706193,238,841,476
12375,++++-+-+-----++--+-+------+-+,10.273304,366,841,732
12376,+---++-+-----++--+-+----++-++,8.421561,174,841,348
12377,++--++-+-----++--+-+----++--+,8.927054,206,841,412
12378,+-+-++-+-----++--+-+----+++++,9.605207,294,841,588
12379,+++-++-+-----++--+-+----+++-+,8.917744,262,841,524
12380,+--+++-+-----++--+-+----+--++,10.050915,302,841,604
12381,++-+++-+-----++--+-+----+---+,8.452273,206,841,412
12382,+-++++-+-----++--+-+----+-+++,10.640869,390,841,780
12383,++++++-+-----++--+-+----+-+-+,10.071422,358,841,716
12384,+-----++-----++--+-+--++-+-++,8.529745,174,841,348
12385,++----++-----++--+-+--++-+--+,10.216773,398,841,796
12386,+-+---++-----++--+-+--++-++++,7.764496,134,841,268
12387,+++---++-----++--+-+--++-++-+,9.330709,294,841,588
12388,+--+--++-----++--+-+--++---++,9.294162,334,841,668
12389,++-+--++-----++--+-+--++----+,9.663818,302,841,604
12390,+-++--++-----++--+-+--++--+++,9.791426,326,841,652
12391,++++--++-----++--+-+--++--+-+,9.419581,230,841,460
12392,+---+-++-----++--+-+--++++-++,7.869374,166,841,332
12393,++--+-++-----++--+-+--++++--+,10.275001,358,841,716
12394,+-+-+-++-----++--+-+--+++++++,8.977732,158,841,316
12395,+++-+-++-----++--+-+--+++++-+,9.344325,286,841,572
12396,+--++-++-----++--+-+--+++--++,10.676881,390,841,780
12397,++-++-++-----++--+-+--+++---+,8.964883,262,841,524
12398,+-+++-++-----++--+-+--+++-+++,9.330098,286,841,572
12399,+++++-++-----++--+-+--+++-+-+,8.704783,222,841,444
12400,+----+++-----++--+-+--+--+-++,10.353777,334,841,668
12401,++---+++-----++--+-+--+--+--+,8.941999,302,841,604
12402,+-+--+++-----++--+-+--+--++++,9.986713,294,841,588
12403,+++--+++-----++--+-+--+--++-+,9.488131,326,841,652
12404,+--+-+++-----++--+-+--+----++,10.095483,270,841,540
12405,++-+-+++-----++--+-+--+-----+,8.537043,174,841,348
12406,+-++-+++-----++--+-+--+---+++,8.467123,198,841,396
12407,++++-+++-----++--+-+--+---+-+,8.035539,166,841,332
12408,+---++++-----++--+-+--+-++-++,8.103487,230,841,460
12409,++--++++-----++--+-+--+-++--+,9.548330,230,841,460
12410,+-+-++++-----++--+-+--+-+++++,9.153399,286,841,572
12411,+++-++++-----++--+-+--+-+++-+,8.703916,222,841,444
12412,+--+++++-----++--+-+--+-+--++,8.621037,230,841,460
12413,++-+++++-----++--+-+--+-+---+,7.141514,102,841,204
12414,+-++++++-----++--+-+--+-+-+++,9.365265,254,841,508
12415,++++++++-----++--+-+--+-+-+-+,8.495881,190,841,380
12416,+-------+----++--+-+++-+-+-++,9.861880,302,841,604
12417,++------+----++--+-+++-+-+--+,7.810250,142,841,284
12418,+-+-----+----++--+-+++-+-++++,10.285748,454,841,908
12419,+++-----+----++--+-+++-+-++-+,9.877008,358,841,716
12420,+--+----+----++--+-+++-+---++,8.966664,174,841,348
12421,++-+----+----++--+-+++-+----+,8.236496,142,841,284
12422,+-++----+----++--+-+++-+--+++,9.174432,230,841,460
12423,++++----+----++--+-+++-+--+-+,9.071971,262,841,524
12424,+---+---+----++--+-+++-+++-++,9.876023,454,841,908
12425,++--+---+----++--+-+++-+++--+,10.816654,326,841,652
12426,+-+-+---+----++--+-+++-++++++,10.642879,382,841,764
12427,+++-+---+----++--+-+++-++++-+,9.651628,318,841,636
12428,+--++---+----++--+-+++-++--++,11.396115,518,841,1036
12429,++-++---+----++--+-+++-++---+,9.643355,326,841,652
12430,+-+++---+----++--+-+++-++-+++,8.862592,222,841,444
12431,+++++---+----++--+-+++-++-+-+,8.916605,222,841,444
12432,+----+--+----++--+-+++---+-++,10.275064,302,841,604
12433,++---+--+----++--+-+++---+--+,11.180340,334,841,668
12434,+-+--+--+----++--+-+++---++++,10.541422,390,841,780
12435,+++--+--+----++--+-+++---++-+,10.664390,486,841,972
12436,+--+-+--+----++--+-+++-----++,9.512269,206,841,412
12437,++-+-+--+----++--+-+++------+,8.718258,174,841,348
12438,+-++-+--+----++--+-+++----+++,9.111194,262,841,524
12439,++++-+--+----++--+-+++----+-+,9.209360,294,841,588
12440,+---++--+----++--+-+++--++-++,10.816654,358,841,716
12441,++--++--+----++--+-+++--++--+,13.453624,614,841,1228
12442,+-+-++--+----++--+-+++--+++++,7.810250,158,841,316
12443,+++-++--+----++--+-+++--+++-+,11.180340,350,841,700
12444,+--+++--+----++--+-+++--+--++,9.563378,326,841,652
12445,++-+++--+----++--+-+++--+---+,10.816654,326,841,652
12446,+-++++--+----++--+-+++--+-+++,7.340877,94,841,188
12447,++++++--+----++--+-+++--+-+-+,8.158207,158,841,316
12448,+-----+-+----++--+-+++++-+-++,10.615903,518,841,1036
12449,++----+-+----++--+-+++++-+--+,10.200127,326,841,652
12450,+-+---+-+----++--+-+++++-++++,10.176635,542,841,1084
12451,+++---+-+----++--+-+++++-++-+,9.888811,414,841,828
12452,+--+--+-+----++--+-+++++---++,10.439872,390,841,780
12453,++-+--+-+----++--+-+++++----+,10.291866,326,841,652
12454,+-++--+-+----++--+-+++++--+++,9.713917,318,841,636
12455,++++--+-+----++--+-+++++--+-+,9.835813,318,841,636
12456,+---+-+-+----++--+-+++++++-++,9.676759,318,841,636
12457,++--+-+-+----++--+-+++++++--+,8.341968,158,841,316
12458,+-+-+-+-+----++--+-++++++++++,10.774374,502,841,1004
12459,+++-+-+-+----++--+-++++++++-+,10.927829,406,841,812
12460,+--++-+-+----++--+-++++++--++,9.798624,318,841,636
12461,++-++-+-+----++--+-++++++---+,8.791147,222,841,444
12462,+-+++-+-+----++--+-++++++-+++,9.679229,278,841,556
12463,+++++-+-+----++--+-++++++-+-+,10.835976,374,841,748
12464,+----++-+----++--+-++++--+-++,12.365751,710,841,1420
12465,++---++-+----++--+-++++--+--+,10.753134,518,841,1036
12466,+-+--++-+----++--+-++++--++++,11.730365,606,841,1212
12467,+++--++-+----++--+-++++--++-+,10.954362,606,841,1212
12468,+--+-++-+----++--+-++++----++,12.093893,678,841,1356
12469,++-+-++-+----++--+-++++-----+,10.481594,422,841,844
12470,+-++-++-+----++--+-++++---+++,10.532264,414,841,828
12471,++++-++-+----++--+-++++---+-+,9.876445,350,841,700
12472,+---+++-+----++--+-++++-++-++,10.032619,286,841,572
12473,++--+++-+----++--+-++++-++--+,11.180340,318,841,636
12474,+-+-+++-+----++--+-++++-+++++,8.927379,278,841,556
12475,+++-+++-+----++--+-++++-+++-+,10.049876,374,841,748
12476,+--++++-+----++--+-++++-+--++,10.515963,382,841,764
12477,++-++++-+----++--+-++++-+---+,9.041465,286,841,572
12478,+-+++++-+----++--+-++++-+-+++,8.658877,214,841,428
12479,+++++++-+----++--+-++++-+-+-+,9.952500,310,841,620
12480,+------++----++--+-++--+-+-++,8.420788,174,841,348
12481,++-----++----++--+-++--+-+--+,9.774845,334,841,668
12482,+-+----++----++--+-++--+-++++,10.287293,390,841,780
12483,+++----++----++--+-++--+-++-+,11.789830,742,841,1484
12484,+--+---++----++--+-++--+---++,10.361038,366,841,732
12485,++-+---++----++--+-++--+----+,9.113002,270,841,540
12486,+-++---++----++--+-++--+--+++,9.332441,358,841,716
12487,++++---++----++--+-++--+--+-+,9.591996,454,841,908
12488,+---+--++----++--+-++--+++-++,10.114915,358,841,716
12489,++--+--++----++--+-++--+++--+,9.693610,486,841,972
12490,+-+-+--++----++--+-++--++++++,8.056323,222,841,444
12491,+++-+--++----++--+-++--++++-+,11.089801,542,841,1084
12492,+--++--++----++--+-++--++--++,12.641957,934,841,1868
12493,++-++--++----++--+-++--++---+,11.031003,614,841,1228
12494,+-+++--++----++--+-++--++-+++,10.615340,446,841,892
12495,+++++--++----++--+-++--++-+-+,10.438607,446,841,892
12496,+----+-++----++--+-++----+-++,10.538796,398,841,796
12497,++---+-++----++--+-++----+--+,10.021107,366,841,732
12498,+-+--+-++----++--+-++----++++,11.536374,614,841,1228
12499,+++--+-++----++--+-++----++-+,12.278007,774,841,1548
12500,+--+-+-++----++--+-++------++,9.183644,238,841,476
12501,++-+-+-++----++--+-++-------+,7.929405,142,841,284
12502,+-++-+-++----++--+-++-----+++,9.624355,294,841,588
12503,++++-+-++----++--+-++-----+-+,9.966381,390,841,780
12504,+---++-++----++--+-++---++-++,9.219544,294,841,588
12505,++--++-++----++--+-++---++--+,10.816654,422,841,844
12506,+-+-++-++----++--+-++---+++++,8.869679,222,841,444
12507,+++-++-++----++--+-++---+++-+,10.547495,414,841,828
12508,+--+++-++----++--+-++---+--++,10.356319,390,841,780
12509,++-+++-++----++--+-++---+---+,9.219544,262,841,524
12510,+-++++-++----++--+-++---+-+++,8.062490,158,841,316
12511,++++++-++----++--+-++---+-+-+,8.258961,222,841,444
12512,+-----+++----++--+-++-++-+-++,10.504867,358,841,716
12513,++----+++----++--+-++-++-+--+,10.294617,550,841,1100
12514,+-+---+++----++--+-++-++-++++,10.610024,382,841,764
12515,+++---+++----++--+-++-++-++-+,10.727202,638,841,1276
12516,+--+--+++----++--+-++-++---++,10.296790,486,841,972
12517,++-+--+++----++--+-++-++----+,10.397797,422,841,844
12518,+-++--+++----++--+-++-++--+++,9.767605,414,841,828
12519,++++--+++----++--+-++-++--+-+,9.723334,414,841,828
12520,+---+-+++----++--+-++-++++-++,7.898559,126,841,252
12521,++--+-+++----++--+-++-++++--+,9.313076,286,841,572
12522,+-+-+-+++----++--+-++-+++++++,8.517148,182,841,364
12523,+++-+-+++----++--+-++-+++++-+,9.803148,406,841,812
12524,+--++-+++----++--+-++-+++--++,10.920538,446,841,892
12525,++-++-+++----++--+-++-+++---+,8.845258,286,841,572
12526,+-+++-+++----++--+-++-+++-+++,9.489106,278,841,556
12527,+++++-+++----++--+-++-+++-+-+,8.912654,310,841,620
12528,+----++++----++--+-++-+--+-++,12.213094,774,841,1548
12529,++---++++----++--+-++-+--+--+,10.738488,582,841,1164
12530,+-+--++++----++--+-++-+--++++,12.257503,734,841,1468
12531,+++--++++----++--+-++-+--++-+,11.959842,734,841,1468
12532,+--+-++++----++--+-++-+----++,11.608537,614,841,1228
12533,++-+-++++----++--+-++-+-----+,10.350118,358,841,716
12534,+-++-++++----++--+-++-+---+++,10.731667,414,841,828
12535,++++-++++----++--+-++-+---+-+,10.172400,350,841,700
12536,+---+++++----++--+-++-+-++-++,9.535637,254,841,508
12537,++--+++++----++--+-++-+-++--+,8.705285,222,841,444
12538,+-+-+++++----++--+-++-+-+++++,9.412275,310,841,620
12539,+++-+++++----++--+-++-+-+++-+,9.789285,342,841,684
12540,+--++++++----++--+-++-+-+--++,9.384315,286,841,572
12541,++-++++++----++--+-++-+-+---+,7.875868,126,841,252
12542,+-+++++++----++--+-++-+-+-+++,8.393042,182,841,364
12543,+++++++++----++--+-++-+-+-+-+,8.333082,214,841,428
12544,+--------+---++--+---+-+-+-++,9.481198,342,841,684
12545,++-------+---++--+---+-+-+--+,10.049876,278,841,556
12546,+-+------+---++--+---+-+-++++,9.132196,302,841,604
12547,+++------+---++--+---+-+-++-+,10.440307,302,841,604
12548,+--+-----+---++--+---+-+---++,10.137370,374,841,748
12549,++-+-----+---++--+---+-+----+,9.000000,182,841,364
12550,+-++-----+---++--+---+-+--+++,8.899882,238,841,476
12551,++++-----+---++--+---+-+--+-+,7.576869,110,841,220
12552,+---+----+---++--+---+-+++-++,9.563137,334,841,668
12553,++--+----+---++--+---+-+++--+,11.180340,302,841,604
12554,+-+-+----+---++--+---+-++++++,9.234022,326,841,652
12555,+++-+----+---++--+---+-++++-+,10.049876,358,841,716
12556,+--++----+---++--+---+-++--++,11.943054,558,841,1116
12557,++-++----+---++--+---+-++---+,9.478920,206,841,412
12558,+-+++----+---++--+---+-++-+++,9.714441,326,841,652
12559,+++++----+---++--+---+-++-+-+,8.587731,166,841,332
12560,+----+---+---++--+---+---+-++,10.049876,374,841,748
12561,++---+---+---++--+---+---+--+,14.035669,822,841,1644
12562,+-+--+---+---++--+---+---++++,10.440307,334,841,668
12563,+++--+---+---++--+---+---++-+,14.317821,846,841,1692
12564,+--+-+---+---++--+---+-----++,9.000000,246,841,492
12565,++-+-+---+---++--+---+------+,10.049876,374,841,748
12566,+-++-+---+---++--+---+----+++,7.983786,174,841,348
12567,++++-+---+---++--+---+----+-+,10.440307,366,841,732
12568,+---++---+---++--+---+--++-++,11.180340,398,841,796
12569,++--++---+---++--+---+--++--+,14.866069,942,841,1884
12570,+-+-++---+---++--+---+--+++++,10.049876,326,841,652
12571,+++-++---+---++--+---+--+++-+,14.035669,806,841,1612
12572,+--+++---+---++--+---+--+--++,10.322862,334,841,668
12573,++-+++---+---++--+---+--+---+,11.180340,366,841,732
12574,+-++++---+---++--+---+--+-+++,8.607987,230,841,460
12575,++++++---+---++--+---+--+-+-+,10.049876,326,841,652
12576,+-----+--+---++--+---+++-+-++,8.423734,238,841,476
12577,++----+--+---++--+---+++-+--+,10.440307,398,841,796
12578,+-+---+--+---++--+---+++-++++,9.219544,262,841,524
12579,+++---+--+---++--+---+++-++-+,12.206556,486,841,972
12580,+--+--+--+---++--+---+++---++,9.691095,334,841,668
12581,++-+--+--+---++--+---+++----+,9.702272,238,841,476
12582,+-++--+--+---++--+---+++--+++,8.821203,262,841,524
12583,++++--+--+---++--+---+++--+-+,9.219544,230,841,460
12584,+---+-+--+---++--+---+++++-++,8.751265,198,841,396
12585,++--+-+--+---++--+---+++++--+,10.049876,262,841,524
12586,+-+-+-+--+---++--+---++++++++,9.198186,254,841,508
12587,+++-+-+--+---++--+---++++++-+,10.440307,382,841,764
12588,+--++-+--+---++--+---++++--++,11.012438,422,841,844
12589,++-++-+--+---++--+---++++---+,8.201689,166,841,332
12590,+-+++-+--+---++--+---++++-+++,9.266337,254,841,508
12591,+++++-+--+---++--+---++++-+-+,8.519902,190,841,380
12592,+----++--+---++--+---++--+-++,10.440307,462,841,924
12593,++---++--+---++--+---++--+--+,14.317821,942,841,1884
12594,+-+--++--+---++--+---++--++++,12.206556,550,841,1100
12595,+++--++--+---++--+---++--++-+,15.652476,1222,841,2444
12596,+--+-++--+---++--+---++----++,9.118583,334,841,668
12597,++-+-++--+---++--+---++-----+,10.440307,366,841,732
12598,+-++-++--+---++--+---++---+++,9.219544,262,841,524
12599,++++-++--+---++--+---++---+-+,12.206556,486,841,972
12600,+---+++--+---++--+---++-++-++,10.049876,326,841,652
12601,++--+++--+---++--+---++-++--+,14.035669,774,841,1548
12602,+-+-+++--+---++--+---++-+++++,10.440307,382,841,764
12603,+++-+++--+---++--+---++-+++-+,14.317821,894,841,1788
12604,+--++++--+---++--+---++-+--++,9.785211,326,841,652
12605,++-++++--+---++--+---++-+---+,10.049876,262,841,524
12606,+-+++++--+---++--+---++-+-+++,8.451616,222,841,444
12607,+++++++--+---++--+---++-+-+-+,10.440307,350,841,700
12608,+------+-+---++--+-----+-+-++,9.000000,246,841,492
12609,++-----+-+---++--+-----+-+--+,9.000000,182,841,364
12610,+-+----+-+---++--+-----+-++++,9.035029,142,841,284
12611,+++----+-+---++--+-----+-++-+,8.201988,142,841,284
12612,+--+---+-+---++--+-----+---++,10.758746,470,841,940
12613,++-+---+-+---++--+-----+----+,9.000000,278,841,556
12614,+-++---+-+---++--+-----+--+++,9.751618,270,841,540
12615,++++---+-+---++--+-----+--+-+,7.582428,142,841,284
12616,+---+--+-+---++--+-----+++-++,10.040374,270,841,540
12617,++--+--+-+---++--+-----+++--+,8.443103,174,841,348
12618,+-+-+--+-+---++--+-----++++++,8.468617,198,841,396
12619,+++-+--+-+---++--+-----++++-+,8.682374,166,841,332
12620,+--++--+-+---++--+-----++--++,12.713548,750,841,1500
12621,++-++--+-+---++--+-----++---+,10.229353,334,841,668
12622,+-+++--+-+---++--+-----++-+++,10.609159,454,841,908
12623,+++++--+-+---++--+-----++-+-+,8.103369,230,841,460
12624,+----+-+-+---++--+-------+-++,9.000000,182,841,364
12625,++---+-+-+---++--+-------+--+,10.049876,246,841,492
12626,+-+--+-+-+---++--+-------++++,7.726042,142,841,284
12627,+++--+-+-+---++--+-------++-+,10.440307,270,841,540
12628,+--+-+-+-+---++--+---------++,9.000000,246,841,492
12629,++-+-+-+-+---++--+----------+,10.256046,374,841,748
12630,+-++-+-+-+---++--+--------+++,8.208313,174,841,348
12631,++++-+-+-+---++--+--------+-+,10.346353,366,841,732
12632,+---++-+-+---++--+------++-++,8.743076,174,841,348
12633,++--++-+-+---++--+------++--+,11.180340,270,841,540
12634,+-+-++-+-+---++--+------+++++,8.738134,230,841,460
12635,+++-++-+-+---++--+------+++-+,10.049876,262,841,524
12636,+--+++-+-+---++--+------+--++,10.696666,366,841,732
12637,++-+++-+-+---++--+------+---+,9.688271,334,841,668
12638,+-++++-+-+---++--+------+-+++,9.439926,390,841,780
12639,++++++-+-+---++--+------+-+-+,10.534745,422,841,844
12640,+-----++-+---++--+----++-+-++,8.718463,174,841,348
12641,++----++-+---++--+----++-+--+,10.650641,398,841,796
12642,+-+---++-+---++--+----++-++++,7.280110,70,841,140
12643,+++---++-+---++--+----++-++-+,9.219544,230,841,460
12644,+--+--++-+---++--+----++---++,10.041024,398,841,796
12645,++-+--++-+---++--+----++----+,10.238304,366,841,732
12646,+-++--++-+---++--+----++--+++,9.975976,326,841,652
12647,++++--++-+---++--+----++--+-+,8.692712,230,841,460
12648,+---+-++-+---++--+----++++-++,8.729327,230,841,460
12649,++--+-++-+---++--+----++++--+,9.966114,294,841,588
12650,+-+-+-++-+---++--+----+++++++,8.342224,158,841,316
12651,+++-+-++-+---++--+----+++++-+,8.277598,158,841,316
12652,+--++-++-+---++--+----+++--++,11.485857,518,841,1036
12653,++-++-++-+---++--+----+++---+,8.587719,262,841,524
12654,+-+++-++-+---++--+----+++-+++,9.924378,350,841,700
12655,+++++-++-+---++--+----+++-+-+,8.556880,158,841,316
12656,+----+++-+---++--+----+--+-++,8.601087,174,841,348
12657,++---+++-+---++--+----+--+--+,10.440307,334,841,668
12658,+-+--+++-+---++--+----+--++++,9.219544,198,841,396
12659,+++--+++-+---++--+----+--++-+,12.206556,422,841,844
12660,+--+-+++-+---++--+----+----++,8.627194,174,841,348
12661,++-+-+++-+---++--+----+-----+,9.161250,270,841,540
12662,+-++-+++-+---++--+----+---+++,7.867688,166,841,332
12663,++++-+++-+---++--+----+---+-+,9.720462,326,841,652
12664,+---++++-+---++--+----+-++-++,8.263828,198,841,396
12665,++--++++-+---++--+----+-++--+,10.049876,262,841,524
12666,+-+-++++-+---++--+----+-+++++,9.306441,318,841,636
12667,+++-++++-+---++--+----+-+++-+,10.440307,318,841,636
12668,+--+++++-+---++--+----+-+--++,9.658730,262,841,524
12669,++-+++++-+---++--+----+-+---+,9.112257,198,841,396
12670,+-++++++-+---++--+----+-+-+++,9.957392,350,841,700
12671,++++++++-+---++--+----+-+-+-+,10.425889,350,841,700
12672,+-------++---++--+--++-+-+-++,7.810250,142,841,284
12673,++------++---++--+--++-+-+--+,11.180340,302,841,604
12674,+-+-----++---++--+--++-+-++++,9.162443,230,841,460
12675,+++-----++---++--+--++-+-++-+,10.049876,326,841,652
12676,+--+----++---++--+--++-+---++,9.910355,334,841,668
12677,++-+----++---++--+--++-+----+,9.455552,238,841,476
12678,+-++----++---++--+--++-+--+++,10.545243,454,841,908
12679,++++----++---++--+--++-+--+-+,10.230951,294,841,588
12680,+---+---++---++--+--++-+++-++,10.816654,422,841,844
12681,++--+---++---++--+--++-+++--+,13.453624,614,841,1228
12682,+-+-+---++---++--+--++-++++++,7.986314,158,841,316
12683,+++-+---++---++--+--++-++++-+,11.180340,286,841,572
12684,+--++---++---++--+--++-++--++,11.919686,678,841,1356
12685,++-++---++---++--+--++-++---+,10.816654,422,841,844
12686,+-+++---++---++--+--++-++-+++,9.597269,318,841,636
12687,+++++---++---++--+--++-++-+-+,7.810250,126,841,252
12688,+----+--++---++--+--++---+-++,11.180340,366,841,732
12689,++---+--++---++--+--++---+--+,14.866069,910,841,1820
12690,+-+--+--++---++--+--++---++++,10.049876,390,841,780
12691,+++--+--++---++--+--++---++-+,14.035669,870,841,1740
12692,+--+-+--++---++--+--++-----++,8.191093,206,841,412
12693,++-+-+--++---++--+--++------+,11.180340,302,841,604
12694,+-++-+--++---++--+--++----+++,9.834527,326,841,652
12695,++++-+--++---++--+--++----+-+,10.049876,358,841,716
12696,+---++--++---++--+--++--++-++,13.453624,742,841,1484
12697,++--++--++---++--+--++--++--+,16.643317,1510,841,3020
12698,+-+-++--++---++--+--++--+++++,11.180340,350,841,700
12699,+++-++--++---++--+--++--+++-+,14.866069,926,841,1852
12700,+--+++--++---++--+--++--+--++,10.816654,518,841,1036
12701,++-+++--++---++--+--++--+---+,13.453624,646,841,1292
12702,+-++++--++---++--+--++--+-+++,8.086471,222,841,444
12703,++++++--++---++--+--++--+-+-+,11.180340,286,841,572
12704,+-----+-++---++--+--++++-+-++,10.204375,326,841,652
12705,++----+-++---++--+--++++-+--+,11.149967,582,841,1164
12706,+-+---+-++---++--+--++++-++++,9.762064,286,841,572
12707,+++---+-++---++--+--++++-++-+,10.440307,478,841,956
12708,+--+--+-++---++--+--++++---++,10.336025,518,841,1036
12709,++-+--+-++---++--+--++++----+,11.527281,518,841,1036
12710,+-++--+-++---++--+--++++--+++,10.676821,510,841,1020
12711,++++--+-++---++--+--++++--+-+,11.202726,446,841,892
12712,+---+-+-++---++--+--++++++-++,8.053515,190,841,380
12713,++--+-+-++---++--+--++++++--+,11.180340,350,841,700
12714,+-+-+-+-++---++--+--+++++++++,8.541722,182,841,364
12715,+++-+-+-++---++--+--+++++++-+,10.049876,278,841,556
12716,+--++-+-++---++--+--+++++--++,10.716443,382,841,764
12717,++-++-+-++---++--+--+++++---+,8.836544,222,841,444
12718,+-+++-+-++---++--+--+++++-+++,9.082896,278,841,556
12719,+++++-+-++---++--+--+++++-+-+,8.766901,182,841,364
12720,+----++-++---++--+--+++--+-++,10.676082,550,841,1100
12721,++---++-++---++--+--+++--+--+,14.035669,998,841,1996
12722,+-+--++-++---++--+--+++--++++,10.440307,510,841,1020
12723,+++--++-++---++--+--+++--++-+,14.317821,1022,841,2044
12724,+--+-++-++---++--+--+++----++,10.514074,454,841,908
12725,++-+-++-++---++--+--+++-----+,10.264531,454,841,908
12726,+-++-++-++---++--+--+++---+++,9.769579,382,841,764
12727,++++-++-++---++--+--+++---+-+,10.440307,446,841,892
12728,+---+++-++---++--+--+++-++-++,11.180340,382,841,764
12729,++--+++-++---++--+--+++-++--+,14.866069,926,841,1852
12730,+-+-+++-++---++--+--+++-+++++,10.049876,310,841,620
12731,+++-+++-++---++--+--+++-+++-+,14.035669,790,841,1580
12732,+--++++-++---++--+--+++-+--++,9.059018,286,841,572
12733,++-++++-++---++--+--+++-+---+,11.180340,318,841,636
12734,+-+++++-++---++--+--+++-+-+++,8.418974,182,841,364
12735,+++++++-++---++--+--+++-+-+-+,10.049876,278,841,556
12736,+------+++---++--+--+--+-+-++,7.556596,110,841,220
12737,++-----+++---++--+--+--+-+--+,8.901344,206,841,412
12738,+-+----+++---++--+--+--+-++++,9.107384,198,841,396
12739,+++----+++---++--+--+--+-++-+,9.576158,358,841,716
12740,+--+---+++---++--+--+--+---++,10.847992,430,841,860
12741,++-+---+++---++--+--+--+----+,9.393079,270,841,540
12742,+-++---+++---++--+--+--+--+++,9.775554,422,841,844
12743,++++---+++---++--+--+--+--+-+,9.504838,326,841,652
12744,+---+--+++---++--+--+--+++-++,10.319823,358,841,716
12745,++--+--+++---++--+--+--+++--+,10.816654,422,841,844
12746,+-+-+--+++---++--+--+--++++++,7.542506,94,841,188
12747,+++-+--+++---++--+--+--++++-+,8.857787,222,841,444
12748,+--++--+++---++--+--+--++--++,12.966197,934,841,1868
12749,++-++--+++---++--+--+--++---+,10.916753,550,841,1100
12750,+-+++--+++---++--+--+--++-+++,10.817695,446,841,892
12751,+++++--+++---++--+--+--++-+-+,9.251262,254,841,508
12752,+----+-+++---++--+--+----+-++,8.252613,174,841,348
12753,++---+-+++---++--+--+----+--+,11.180340,270,841,540
12754,+-+--+-+++---++--+--+----++++,9.579411,262,841,524
12755,+++--+-+++---++--+--+----++-+,10.050022,422,841,844
12756,+--+-+-+++---++--+--+------++,8.358961,142,841,284
12757,++-+-+-+++---++--+--+-------+,8.795247,174,841,348
12758,+-++-+-+++---++--+--+-----+++,9.107009,198,841,396
12759,++++-+-+++---++--+--+-----+-+,9.148737,294,841,588
12760,+---++-+++---++--+--+---++-++,10.816654,326,841,652
12761,++--++-+++---++--+--+---++--+,13.453624,582,841,1164
12762,+-+-++-+++---++--+--+---+++++,7.810250,126,841,252
12763,+++-++-+++---++--+--+---+++-+,11.180340,318,841,636
12764,+--+++-+++---++--+--+---+--++,10.738892,422,841,844
12765,++-+++-+++---++--+--+---+---+,10.816654,422,841,844
12766,+-++++-+++---++--+--+---+-+++,8.449237,190,841,380
12767,++++++-+++---++--+--+---+-+-+,9.453439,254,841,508
12768,+-----++++---++--+--+-++-+-++,10.276783,326,841,652
12769,++----++++---++--+--+-++-+--+,11.653124,582,841,1164
12770,+-+---++++---++--+--+-++-++++,9.714613,222,841,444
12771,+++---++++---++--+--+-++-++-+,9.922652,414,841,828
12772,+--+--++++---++--+--+-++---++,10.418546,582,841,1164
12773,++-+--++++---++--+--+-++----+,11.768477,582,841,1164
12774,+-++--++++---++--+--+-++--+++,10.161351,510,841,1020
12775,++++--++++---++--+--+-++--+-+,10.846355,446,841,892
12776,+---+-++++---++--+--+-++++-++,8.484947,222,841,444
12777,++--+-++++---++--+--+-++++--+,10.255909,318,841,636
12778,+-+-+-++++---++--+--+-+++++++,8.822754,150,841,300
12779,+++-+-++++---++--+--+-+++++-+,8.313662,182,841,364
12780,+--++-++++---++--+--+-+++--++,11.512634,542,841,1084
12781,++-++-++++---++--+--+-+++---+,9.510220,318,841,636
12782,+-+++-++++---++--+--+-+++-+++,9.977434,374,841,748
12783,+++++-++++---++--+--+-+++-+-+,8.366375,214,841,428
12784,+----+++++---++--+--+-+--+-++,10.540014,390,841,780
12785,++---+++++---++--+--+-+--+--+,10.249905,454,841,908
12786,+-+--+++++---++--+--+-+--++++,10.316856,350,841,700
12787,+++--+++++---++--+--+-+--++-+,10.440307,478,841,956
12788,+--+-+++++---++--+--+-+----++,10.334974,358,841,716
12789,++-+-+++++---++--+--+-+-----+,10.352804,358,841,716
12790,+-++-+++++---++--+--+-+---+++,9.719790,286,841,572
12791,++++-+++++---++--+--+-+---+-+,9.776375,350,841,700
12792,+---++++++---++--+--+-+-++-++,7.810250,190,841,380
12793,++--++++++---++--+--+-+-++--+,11.180340,286,841,572
12794,+-+-++++++---++--+--+-+-+++++,9.672667,246,841,492
12795,+++-++++++---++--+--+-+-+++-+,10.049876,278,841,556
12796,+--+++++++---++--+--+-+-+--++,9.299565,222,841,444
12797,++-+++++++---++--+--+-+-+---+,8.442167,190,841,380
12798,+-++++++++---++--+--+-+-+-+++,9.833135,246,841,492
12799,++++++++++---++--+--+-+-+-+-+,9.620644,278,841,556
12800,+---------+--++--+++-+-+-+-++,9.668966,334,841,668
12801,++--------+--++--+++-+-+-+--+,8.169031,174,841,348
12802,+-+-------+--++--+++-+-+-++++,9.963216,294,841,588
12803,+++-------+--++--+++-+-+-++-+,9.219544,198,841,396
12804,+--+------+--++--+++-+-+---++,10.355599,334,841,668
12805,++-+------+--++--+++-+-+----+,9.601583,302,841,604
12806,+-++------+--++--+++-+-+--+++,8.126663,198,841,396
12807,++++------+--++--+++-+-+--+-+,8.839485,230,841,460
12808,+---+-----+--++--+++-+-+++-++,10.952803,582,841,1164
12809,++--+-----+--++--+++-+-+++--+,10.266219,326,841,652
12810,+-+-+-----+--++--+++-+-++++++,10.135341,318,841,636
12811,+++-+-----+--++--+++-+-++++-+,8.596771,126,841,252
12812,+--++-----+--++--+++-+-++--++,12.732901,774,841,1548
12813,++-++-----+--++--+++-+-++---+,10.869184,454,841,908
12814,+-+++-----+--++--+++-+-++-+++,9.812440,286,841,572
12815,+++++-----+--++--+++-+-++-+-+,7.749126,158,841,316
12816,+----+----+--++--+++-+---+-++,8.155749,142,841,284
12817,++---+----+--++--+++-+---+--+,10.440307,302,841,604
12818,+-+--+----+--++--+++-+---++++,9.219544,230,841,460
12819,+++--+----+--++--+++-+---++-+,12.206556,454,841,908
12820,+--+-+----+--++--+++-+-----++,9.255942,238,841,476
12821,++-+-+----+--++--+++-+------+,10.077394,334,841,668
12822,+-++-+----+--++--+++-+----+++,8.718412,294,841,588
12823,++++-+----+--++--+++-+----+-+,10.216222,454,841,908
12824,+---++----+--++--+++-+--++-++,10.361286,358,841,716
12825,++--++----+--++--+++-+--++--+,10.631414,486,841,972
12826,+-+-++----+--++--+++-+--+++++,7.925487,158,841,316
12827,+++-++----+--++--+++-+--+++-+,10.440307,222,841,444
12828,+--+++----+--++--+++-+--+--++,11.448497,518,841,1036
12829,++-+++----+--++--+++-+--+---+,10.316713,390,841,780
12830,+-++++----+--++--+++-+--+-+++,8.811095,286,841,572
12831,++++++----+--++--+++-+--+-+-+,9.127017,222,841,444
12832,+-----+---+--++--+++-+++-+-++,9.541736,358,841,716
12833,++----+---+--++--+++-+++-+--+,9.219544,294,841,588
12834,+-+---+---+--++--+++-+++-++++,11.180340,574,841,1148
12835,+++---+---+--++--+++-+++-++-+,12.529964,574,841,1148
12836,+--+--+---+--++--+++-+++---++,9.707008,294,841,588
12837,++-+--+---+--++--+++-+++----+,8.451280,230,841,460
12838,+-++--+---+--++--+++-+++--+++,11.180340,414,841,828
12839,++++--+---+--++--+++-+++--+-+,11.180340,414,841,828
12840,+---+-+---+--++--+++-+++++-++,9.947233,446,841,892
12841,++--+-+---+--++--+++-+++++--+,9.154098,286,841,572
12842,+-+-+-+---+--++--+++-++++++++,10.016468,438,841,876
12843,+++-+-+---+--++--+++-++++++-+,9.515354,342,841,684
12844,+--++-+---+--++--+++-++++--++,11.538365,510,841,1020
12845,++-++-+---+--++--+++-++++---+,9.631133,286,841,572
12846,+-+++-+---+--++--+++-++++-+++,8.926088,278,841,556
12847,+++++-+---+--++--+++-++++-+-+,9.219004,246,841,492
12848,+----++---+--++--+++-++--+-++,9.478544,358,841,716
12849,++---++---+--++--+++-++--+--+,12.206556,550,841,1100
12850,+-+--++---+--++--+++-++--++++,12.529964,638,841,1276
12851,+++--++---+--++--+++-++--++-+,14.866069,1022,841,2044
12852,+--+-++---+--++--+++-++----++,9.438567,326,841,652
12853,++-+-++---+--++--+++-++-----+,9.219544,326,841,652
12854,+-++-++---+--++--+++-++---+++,11.180340,446,841,892
12855,++++-++---+--++--+++-++---+-+,12.529964,638,841,1276
12856,+---+++---+--++--+++-++-++-++,9.561151,286,841,572
12857,++--+++---+--++--+++-++-++--+,10.440307,446,841,892
12858,+-+-+++---+--++--+++-++-+++++,9.219544,278,841,556
12859,+++-+++---+--++--+++-++-+++-+,12.206556,502,841,1004
12860,+--++++---+--++--+++-++-+--++,10.591498,382,841,764
12861,++-++++---+--++--+++-++-+---+,9.302460,286,841,572
12862,+-+++++---+--++--+++-++-+-+++,8.377465,214,841,428
12863,+++++++---+--++--+++-++-+-+-+,9.219544,310,841,620
12864,+------+--+--++--+++---+-+-++,8.464959,142,841,284
12865,++-----+--+--++--+++---+-+--+,9.582723,238,841,476
12866,+-+----+--+--++--+++---+-++++,7.578018,102,841,204
12867,+++----+--+--++--+++---+-++-+,9.376395,262,841,524
12868,+--+---+--+--++--+++---+---++,10.955360,462,841,924
12869,++-+---+--+--++--+++---+----+,8.641136,302,841,604
12870,+-++---+--+--++--+++---+--+++,9.396949,326,841,652
12871,++++---+--+--++--+++---+--+-+,8.632809,230,841,460
12872,+---+--+--+--++--+++---+++-++,11.255207,486,841,972
12873,++--+--+--+--++--+++---+++--+,10.279733,550,841,1100
12874,+-+-+--+--+--++--+++---++++++,7.824178,94,841,188
12875,+++-+--+--+--++--+++---++++-+,9.338140,222,841,444
12876,+--++--+--+--++--+++---++--++,13.411175,1062,841,2124
12877,++-++--+--+--++--+++---++---+,11.308164,678,841,1356
12878,+-+++--+--+--++--+++---++-+++,10.852235,446,841,892
12879,+++++--+--+--++--+++---++-+-+,9.147060,254,841,508
12880,+----+-+--+--++--+++-----+-++,8.211188,174,841,348
12881,++---+-+--+--++--+++-----+--+,8.894587,206,841,412
12882,+-+--+-+--+--++--+++-----++++,7.871169,198,841,396
12883,+++--+-+--+--++--+++-----++-+,9.219544,294,841,588
12884,+--+-+-+--+--++--+++-------++,9.193049,206,841,412
12885,++-+-+-+--+--++--+++--------+,8.872091,174,841,348
12886,+-++-+-+--+--++--+++------+++,8.700308,198,841,396
12887,++++-+-+--+--++--+++------+-+,9.718955,230,841,460
12888,+---++-+--+--++--+++----++-++,10.461517,422,841,844
12889,++--++-+--+--++--+++----++--+,10.451326,486,841,972
12890,+-+-++-+--+--++--+++----+++++,7.911156,158,841,316
12891,+++-++-+--+--++--+++----+++-+,8.701187,158,841,316
12892,+--+++-+--+--++--+++----+--++,11.754954,582,841,1164
12893,++-+++-+--+--++--+++----+---+,10.412348,390,841,780
12894,+-++++-+--+--++--+++----+-+++,9.304239,286,841,572
12895,++++++-+--+--++--+++----+-+-+,9.156564,158,841,316
12896,+-----++--+--++--+++--++-+-++,8.295259,198,841,396
12897,++----++--+--++--+++--++-+--+,10.774980,454,841,908
12898,+-+---++--+--++--+++--++-++++,11.180340,350,841,700
12899,+++---++--+--++--+++--++-++-+,11.180340,542,841,1084
12900,+--+--++--+--++--+++--++---++,9.841646,518,841,1036
12901,++-+--++--+--++--+++--++----+,9.915384,390,841,780
12902,+-++--++--+--++--+++--++--+++,12.529964,702,841,1404
12903,++++--++--+--++--+++--++--+-+,11.180340,510,841,1020
12904,+---+-++--+--++--+++--++++-++,9.901649,318,841,636
12905,++--+-++--+--++--+++--++++--+,10.997779,542,841,1084
12906,+-+-+-++--+--++--+++--+++++++,7.280110,118,841,236
12907,+++-+-++--+--++--+++--+++++-+,9.569890,278,841,556
12908,+--++-++--+--++--+++--+++--++,11.911773,702,841,1404
12909,++-++-++--+--++--+++--+++---+,9.646763,478,841,956
12910,+-+++-++--+--++--+++--+++-+++,9.695959,406,841,812
12911,+++++-++--+--++--+++--+++-+-+,8.741108,246,841,492
12912,+----+++--+--++--+++--+--+-++,8.470387,294,841,588
12913,++---+++--+--++--+++--+--+--+,9.662991,422,841,844
12914,+-+--+++--+--++--+++--+--++++,11.180340,446,841,892
12915,+++--+++--+--++--+++--+--++-+,12.529964,638,841,1276
12916,+--+-+++--+--++--+++--+----++,8.791840,262,841,524
12917,++-+-+++--+--++--+++--+-----+,8.231146,198,841,396
12918,+-++-+++--+--++--+++--+---+++,11.180340,382,841,764
12919,++++-+++--+--++--+++--+---+-+,11.180340,382,841,764
12920,+---++++--+--++--+++--+-++-++,9.419025,318,841,636
12921,++--++++--+--++--+++--+-++--+,10.535617,478,841,956
12922,+-+-++++--+--++--+++--+-+++++,7.607753,182,841,364
12923,+++-++++--+--++--+++--+-+++-+,9.219544,278,841,556
12924,+--+++++--+--++--+++--+-+--++,10.530458,350,841,700
12925,++-+++++--+--++--+++--+-+---+,9.242512,254,841,508
12926,+-++++++--+--++--+++--+-+-+++,8.087888,182,841,364
12927,++++++++--+--++--+++--+-+-+-+,7.355065,150,841,300
12928,+-------+-+--++--+++++-+-+-++,9.574764,294,841,588
12929,++------+-+--++--+++++-+-+--+,8.322769,166,841,332
12930,+-+-----+-+--++--+++++-+-++++,9.558414,254,841,508
12931,+++-----+-+--++--+++++-+-++-+,8.256506,190,841,380
12932,+--+----+-+--++--+++++-+---++,10.147782,326,841,652
12933,++-+----+-+--++--+++++-+----+,9.477005,326,841,652
12934,+-++----+-+--++--+++++-+--+++,8.906668,190,841,380
12935,++++----+-+--++--+++++-+--+-+,9.655147,254,841,508
12936,+---+---+-+--++--+++++-+++-++,10.904299,574,841,1148
12937,++--+---+-+--++--+++++-+++--+,10.290782,350,841,700
12938,+-+-+---+-+--++--+++++-++++++,9.605586,310,841,620
12939,+++-+---+-+--++--+++++-++++-+,8.375905,150,841,300
12940,+--++---+-+--++--+++++-++--++,12.778183,798,841,1596
12941,++-++---+-+--++--+++++-++---+,11.050590,510,841,1020
12942,+-+++---+-+--++--+++++-++-+++,9.877735,310,841,620
12943,+++++---+-+--++--+++++-++-+-+,8.146003,214,841,428
12944,+----+--+-+--++--+++++---+-++,8.321402,166,841,332
12945,++---+--+-+--++--+++++---+--+,10.049876,230,841,460
12946,+-+--+--+-+--++--+++++---++++,8.211642,190,841,380
12947,+++--+--+-+--++--+++++---++-+,10.440307,318,841,636
12948,+--+-+--+-+--++--+++++-----++,8.500372,230,841,460
12949,++-+-+--+-+--++--+++++------+,8.791403,230,841,460
12950,+-++-+--+-+--++--+++++----+++,9.257210,222,841,444
12951,++++-+--+-+--++--+++++----+-+,9.509010,286,841,572
12952,+---++--+-+--++--+++++--++-++,10.299942,350,841,700
12953,++--++--+-+--++--+++++--++--+,11.180340,510,841,1020
12954,+-+-++--+-+--++--+++++--+++++,7.201258,86,841,172
12955,+++-++--+-+--++--+++++--+++-+,10.049876,182,841,364
12956,+--+++--+-+--++--+++++--+--++,11.255296,478,841,956
12957,++-+++--+-+--++--+++++--+---+,10.321213,382,841,764
12958,+-++++--+-+--++--+++++--+-+++,8.661252,182,841,364
12959,++++++--+-+--++--+++++--+-+-+,8.158288,150,841,300
12960,+-----+-+-+--++--+++++++-+-++,9.726419,286,841,572
12961,++----+-+-+--++--+++++++-+--+,7.959997,126,841,252
12962,+-+---+-+-+--++--+++++++-++++,9.551053,310,841,620
12963,+++---+-+-+--++--+++++++-++-+,9.219544,214,841,428
12964,+--+--+-+-+--++--+++++++---++,9.127142,190,841,380
12965,++-+--+-+-+--++--+++++++----+,8.549221,158,841,316
12966,+-++--+-+-+--++--+++++++--+++,7.623991,118,841,236
12967,++++--+-+-+--++--+++++++--+-+,7.917045,150,841,300
12968,+---+-+-+-+--++--+++++++++-++,9.747840,406,841,812
12969,++--+-+-+-+--++--+++++++++--+,8.339287,150,841,300
12970,+-+-+-+-+-+--++--++++++++++++,11.000000,590,841,1180
12971,+++-+-+-+-+--++--++++++++++-+,11.000000,398,841,796
12972,+--++-+-+-+--++--++++++++--++,11.208603,438,841,876
12973,++-++-+-+-+--++--++++++++---+,9.036560,246,841,492
12974,+-+++-+-+-+--++--++++++++-+++,11.000000,398,841,796
12975,+++++-+-+-+--++--++++++++-+-+,11.000000,398,841,796
12976,+----++-+-+--++--++++++--+-++,9.560931,286,841,572
12977,++---++-+-+--++--++++++--+--+,10.440307,254,841,508
12978,+-+--++-+-+--++--++++++--++++,9.219544,310,841,620
12979,+++--++-+-+--++--++++++--++-+,12.206556,470,841,940
12980,+--+-++-+-+--++--++++++----++,9.186639,286,841,572
12981,++-+-++-+-+--++--++++++-----+,8.224228,190,841,380
12982,+-++-++-+-+--++--++++++---+++,7.684119,150,841,300
12983,++++-++-+-+--++--++++++---+-+,9.219544,246,841,492
12984,+---+++-+-+--++--++++++-++-++,8.510444,182,841,364
12985,++--+++-+-+--++--++++++-++--+,10.049876,246,841,492
12986,+-+-+++-+-+--++--++++++-+++++,11.000000,302,841,604
12987,+++-+++-+-+--++--++++++-+++-+,11.000000,430,841,860
12988,+--++++-+-+--++--++++++-+--++,9.809211,310,841,620
12989,++-++++-+-+--++--++++++-+---+,9.010380,246,841,492
12990,+-+++++-+-+--++--++++++-+-+++,11.000000,270,841,540
12991,+++++++-+-+--++--++++++-+-+-+,11.000000,398,841,796
12992,+------++-+--++--++++--+-+-++,8.999210,230,841,460
12993,++-----++-+--++--++++--+-+--+,9.429692,294,841,588
12994,+-+----++-+--++--++++--+-++++,9.345643,254,841,508
12995,+++----++-+--++--++++--+-++-+,10.695806,510,841,1020
12996,+--+---++-+--++--++++--+---++,11.167873,518,841,1036
12997,++-+---++-+--++--++++--+----+,9.178759,326,841,652
12998,+-++---++-+--++--++++--+--+++,9.594922,318,841,636
12999,++++---++-+--++--++++--+--+-+,9.252681,318,841,636
13000,+---+--++-+--++--++++--+++-++,11.471948,542,841,1084
13001,++--+--++-+--++--++++--+++--+,10.408136,574,841,1148
13002,+-+-+--++-+--++--++++--++++++,8.467145,214,841,428
13003,+++-+--++-+--++--++++--++++-+,10.442640,438,841,876
13004,+--++--++-+--++--++++--++--++,13.741376,1214,841,2428
13005,++-++--++-+--++--++++--++---+,11.912883,798,841,1596
13006,+-+++--++-+--++--++++--++-+++,11.303961,534,841,1068
13007,+++++--++-+--++--++++--++-+-+,10.401480,438,841,876
13008,+----+-++-+--++--++++----+-++,10.360374,390,841,780
13009,++---+-++-+--++--++++----+--+,8.997399,262,841,524
13010,+-+--+-++-+--++--++++----++++,9.822527,414,841,828
13011,+++--+-++-+--++--++++----++-+,10.707470,478,841,956
13012,+--+-+-++-+--++--++++------++,9.354199,326,841,652
13013,++-+-+-++-+--++--++++-------+,7.742555,134,841,268
13014,+-++-+-++-+--++--++++-----+++,8.240881,190,841,380
13015,++++-+-++-+--++--++++-----+-+,8.223236,190,841,380
13016,+---++-++-+--++--++++---++-++,10.453645,414,841,828
13017,++--++-++-+--++--++++---++--+,10.444729,446,841,892
13018,+-+-++-++-+--++--++++---+++++,7.595527,150,841,300
13019,+++-++-++-+--++--++++---+++-+,9.540074,246,841,492
13020,+--+++-++-+--++--++++---+--++,11.819938,606,841,1212
13021,++-+++-++-+--++--++++---+---+,10.539110,382,841,764
13022,+-++++-++-+--++--++++---+-+++,8.633224,182,841,364
13023,++++++-++-+--++--++++---+-+-+,7.655727,150,841,300
13024,+-----+++-+--++--++++-++-+-++,8.039912,126,841,252
13025,++----+++-+--++--++++-++-+--+,9.431104,222,841,444
13026,+-+---+++-+--++--++++-++-++++,7.927952,150,841,300
13027,+++---+++-+--++--++++-++-++-+,9.614668,310,841,620
13028,+--+--+++-+--++--++++-++---++,9.914450,350,841,700
13029,++-+--+++-+--++--++++-++----+,8.743954,190,841,380
13030,+-++--+++-+--++--++++-++--+++,9.282014,278,841,556
13031,++++--+++-+--++--++++-++--+-+,8.672788,182,841,364
13032,+---+-+++-+--++--++++-++++-++,9.486159,214,841,428
13033,++--+-+++-+--++--++++-++++--+,9.491001,278,841,556
13034,+-+-+-+++-+--++--++++-+++++++,11.000000,270,841,540
13035,+++-+-+++-+--++--++++-+++++-+,11.000000,398,841,796
13036,+--++-+++-+--++--++++-+++--++,11.969272,630,841,1260
13037,++-++-+++-+--++--++++-+++---+,9.574212,374,841,748
13038,+-+++-+++-+--++--++++-+++-+++,11.000000,462,841,924
13039,+++++-+++-+--++--++++-+++-+-+,11.000000,398,841,796
13040,+----++++-+--++--++++-+--+-++,9.906724,414,841,828
13041,++---++++-+--++--++++-+--+--+,8.727801,254,841,508
13042,+-+--++++-+--++--++++-+--++++,9.889989,374,841,748
13043,+++--++++-+--++--++++-+--++-+,10.121685,406,841,812
13044,+--+-++++-+--++--++++-+----++,9.672861,350,841,700
13045,++-+-++++-+--++--++++-+-----+,7.829212,126,841,252
13046,+-++-++++-+--++--++++-+---+++,7.822618,150,841,300
13047,++++-++++-+--++--++++-+---+-+,7.355365,118,841,236
13048,+---+++++-+--++--++++-+-++-++,8.589486,214,841,428
13049,++--+++++-+--++--++++-+-++--+,8.901978,214,841,428
13050,+-+-+++++-+--++--++++-+-+++++,11.000000,270,841,540
13051,+++-+++++-+--++--++++-+-+++-+,11.000000,334,841,668
13052,+--++++++-+--++--++++-+-+--++,10.087853,342,841,684
13053,++-++++++-+--++--++++-+-+---+,8.499326,214,841,428
13054,+-+++++++-+--++--++++-+-+-+++,11.000000,238,841,476
13055,+++++++++-+--++--++++-+-+-+-+,11.000000,302,841,604
13056,+--------++--++--++--+-+-+-++,9.669850,334,841,668
13057,++-------++--++--++--+-+-+--+,10.440307,302,841,604
13058,+-+------++--++--++--+-+-++++,9.219544,358,841,716
13059,+++------++--++--++--+-+-++-+,12.206556,518,841,1036
13060,+--+-----++--++--++--+-+---++,11.530146,526,841,1052
13061,++-+-----++--++--++--+-+----+,9.027735,238,841,476
13062,+-++-----++--++--++--+-+--+++,9.607175,326,841,652
13063,++++-----++--++--++--+-+--+-+,9.219544,230,841,460
13064,+---+----++--++--++--+-+++-++,11.527513,582,841,1164
13065,++--+----++--++--++--+-+++--+,10.327116,454,841,908
13066,+-+-+----++--++--++--+-++++++,8.696075,254,841,508
13067,+++-+----++--++--++--+-++++-+,10.440307,318,841,636
13068,+--++----++--++--++--+-++--++,13.515025,1094,841,2188
13069,++-++----++--++--++--+-++---+,11.329753,518,841,1036
13070,+-+++----++--++--++--+-++-+++,10.881826,414,841,828
13071,+++++----++--++--++--+-++-+-+,8.027032,158,841,316
13072,+----+---++--++--++--+---+-++,10.440307,494,841,988
13073,++---+---++--++--++--+---+--+,14.317821,974,841,1948
13074,+-+--+---++--++--++--+---++++,12.206556,646,841,1292
13075,+++--+---++--++--++--+---++-+,15.652476,1318,841,2636
13076,+--+-+---++--++--++--+-----++,10.635524,398,841,796
13077,++-+-+---++--++--++--+------+,10.440307,430,841,860
13078,+-++-+---++--++--++--+----+++,9.604202,390,841,780
13079,++++-+---++--++--++--+----+-+,12.206556,614,841,1228
13080,+---++---++--++--++--+--++-++,10.725141,646,841,1292
13081,++--++---++--++--++--+--++--+,14.035669,1094,841,2188
13082,+-+-++---++--++--++--+--+++++,10.440307,382,841,764
13083,+++-++---++--++--++--+--+++-+,14.317821,894,841,1788
13084,+--+++---++--++--++--+--+--++,12.222041,742,841,1484
13085,++-+++---++--++--++--+--+---+,10.549737,550,841,1100
13086,+-++++---++--++--++--+--+-+++,9.758591,318,841,636
13087,++++++---++--++--++--+--+-+-+,10.440307,318,841,636
13088,+-----+--++--++--++--+++-+-++,10.351318,454,841,908
13089,++----+--++--++--++--+++-+--+,12.206556,646,841,1292
13090,+-+---+--++--++--++--+++-++++,12.529964,734,841,1468
13091,+++---+--++--++--++--+++-++-+,14.866069,1118,841,2236
13092,+--+--+--++--++--++--+++---++,11.196827,582,841,1164
13093,++-+--+--++--++--++--+++----+,9.717244,390,841,780
13094,+-++--+--++--++--++--+++--+++,11.180340,638,841,1276
13095,++++--+--++--++--++--+++--+-+,12.529964,638,841,1276
13096,+---+-+--++--++--++--+++++-++,10.907198,478,841,956
13097,++--+-+--++--++--++--+++++--+,10.440307,446,841,892
13098,+-+-+-+--++--++--++--++++++++,9.559733,406,841,812
13099,+++-+-+--++--++--++--++++++-+,12.206556,566,841,1132
13100,+--++-+--++--++--++--++++--++,12.631669,862,841,1724
13101,++-++-+--++--++--++--++++---+,10.384283,382,841,764
13102,+-+++-+--++--++--++--++++-+++,10.409092,438,841,876
13103,+++++-+--++--++--++--++++-+-+,9.219544,278,841,556
13104,+----++--++--++--++--++--+-++,12.206556,870,841,1740
13105,++---++--++--++--++--++--+--+,15.652476,1510,841,3020
13106,+-+--++--++--++--++--++--++++,14.866069,1342,841,2684
13107,+++--++--++--++--++--++--++-+,17.804494,2302,841,4604
13108,+--+-++--++--++--++--++----++,11.122307,646,841,1292
13109,++-+-++--++--++--++--++-----+,12.206556,710,841,1420
13110,+-++-++--++--++--++--++---+++,12.529964,830,841,1660
13111,++++-++--++--++--++--++---+-+,14.866069,1214,841,2428
13112,+---+++--++--++--++--++-++-++,10.704411,670,841,1340
13113,++--+++--++--++--++--++-++--+,14.317821,1150,841,2300
13114,+-+-+++--++--++--++--++-+++++,12.206556,726,841,1452
13115,+++-+++--++--++--++--++-+++-+,15.652476,1398,841,2796
13116,+--++++--++--++--++--++-+--++,11.766980,702,841,1404
13117,++-++++--++--++--++--++-+---+,10.440307,542,841,1084
13118,+-+++++--++--++--++--++-+-+++,10.277084,470,841,940
13119,+++++++--++--++--++--++-+-+-+,12.206556,630,841,1260
13120,+------+-++--++--++----+-+-++,9.379521,302,841,604
13121,++-----+-++--++--++----+-+--+,7.788540,142,841,284
13122,+-+----+-++--++--++----+-++++,8.631549,262,841,524
13123,+++----+-++--++--++----+-++-+,9.219544,294,841,588
13124,+--+---+-++--++--++----+---++,11.821819,622,841,1244
13125,++-+---+-++--++--++----+----+,8.974991,206,841,412
13126,+-++---+-++--++--++----+--+++,10.041356,358,841,716
13127,++++---+-++--++--++----+--+-+,7.288355,134,841,268
13128,+---+--+-++--++--++----+++-++,11.782640,582,841,1164
13129,++--+--+-++--++--++----+++--+,10.423153,390,841,780
13130,+-+-+--+-++--++--++----++++++,8.572749,190,841,380
13131,+++-+--+-++--++--++----++++-+,8.681627,190,841,380
13132,+--++--+-++--++--++----++--++,14.045147,1286,841,2572
13133,++-++--+-++--++--++----++---+,11.731856,646,841,1292
13134,+-+++--+-++--++--++----++-+++,11.482103,542,841,1084
13135,+++++--+-++--++--++----++-+-+,8.660394,222,841,444
13136,+----+-+-++--++--++------+-++,8.789138,302,841,604
13137,++---+-+-++--++--++------+--+,10.440307,270,841,540
13138,+-+--+-+-++--++--++------++++,9.219544,326,841,652
13139,+++--+-+-++--++--++------++-+,12.206556,486,841,972
13140,+--+-+-+-++--++--++--------++,10.283720,334,841,668
13141,++-+-+-+-++--++--++---------+,8.573656,238,841,476
13142,+-++-+-+-++--++--++-------+++,8.210657,198,841,396
13143,++++-+-+-++--++--++-------+-+,9.219544,294,841,588
13144,+---++-+-++--++--++-----++-++,10.815435,422,841,844
13145,++--++-+-++--++--++-----++--+,10.289272,422,841,844
13146,+-+-++-+-++--++--++-----+++++,7.711806,158,841,316
13147,+++-++-+-++--++--++-----+++-+,10.440307,222,841,444
13148,+--+++-+-++--++--++-----+--++,12.420811,710,841,1420
13149,++-+++-+-++--++--++-----+---+,10.693146,454,841,908
13150,+-++++-+-++--++--++-----+-+++,9.506248,286,841,572
13151,++++++-+-++--++--++-----+-+-+,8.917857,222,841,444
13152,+-----++-++--++--++---++-+-++,9.337840,262,841,524
13153,++----++-++--++--++---++-+--+,9.219544,390,841,780
13154,+-+---++-++--++--++---++-++++,11.180340,414,841,828
13155,+++---++-++--++--++---++-++-+,12.529964,606,841,1212
13156,+--+--++-++--++--++---++---++,10.992757,582,841,1164
13157,++-+--++-++--++--++---++----+,8.781930,326,841,652
13158,+-++--++-++--++--++---++--+++,11.180340,638,841,1276
13159,++++--++-++--++--++---++--+-+,11.180340,446,841,892
13160,+---+-++-++--++--++---++++-++,10.707635,382,841,764
13161,++--+-++-++--++--++---++++--+,9.327834,350,841,700
13162,+-+-+-++-++--++--++---+++++++,8.256335,182,841,364
13163,+++-+-++-++--++--++---+++++-+,9.219544,214,841,428
13164,+--++-++-++--++--++---+++--++,12.817274,894,841,1788
13165,++-++-++-++--++--++---+++---+,10.326551,414,841,828
13166,+-+++-++-++--++--++---+++-+++,10.557608,470,841,940
13167,+++++-++-++--++--++---+++-+-+,7.659977,182,841,364
13168,+----+++-++--++--++---+--+-++,9.802112,390,841,780
13169,++---+++-++--++--++---+--+--+,12.206556,582,841,1164
13170,+-+--+++-++--++--++---+--++++,12.529964,670,841,1340
13171,+++--+++-++--++--++---+--++-+,14.866069,1054,841,2108
13172,+--+-+++-++--++--++---+----++,10.142498,358,841,716
13173,++-+-+++-++--++--++---+-----+,9.315986,358,841,716
13174,+-++-+++-++--++--++---+---+++,11.180340,478,841,956
13175,++++-+++-++--++--++---+---+-+,12.529964,670,841,1340
13176,+---++++-++--++--++---+-++-++,10.116949,350,841,700
13177,++--++++-++--++--++---+-++--+,10.440307,446,841,892
13178,+-+-++++-++--++--++---+-+++++,9.239633,342,841,684
13179,+++-++++-++--++--++---+-+++-+,12.206556,502,841,1004
13180,+--+++++-++--++--++---+-+--++,11.508307,510,841,1020
13181,++-+++++-++--++--++---+-+---+,9.712614,350,841,700
13182,+-++++++-++--++--++---+-+-+++,9.176555,342,841,684
13183,++++++++-++--++--++---+-+-+-+,9.219544,374,841,748
13184,+-------+++--++--++-++-+-+-++,8.683728,198,841,396
13185,++------+++--++--++-++-+-+--+,10.049876,262,841,524
13186,+-+-----+++--++--++-++-+-++++,8.371288,158,841,316
13187,+++-----+++--++--++-++-+-++-+,10.440307,286,841,572
13188,+--+----+++--++--++-++-+---++,11.109177,486,841,972
13189,++-+----+++--++--++-++-+----+,9.429791,294,841,588
13190,+-++----+++--++--++-++-+--+++,9.290357,350,841,700
13191,++++----+++--++--++-++-+--+-+,9.166578,222,841,444
13192,+---+---+++--++--++-++-+++-++,11.252602,542,841,1084
13193,++--+---+++--++--++-++-+++--+,11.180340,510,841,1020
13194,+-+-+---+++--++--++-++-++++++,7.894000,150,841,300
13195,+++-+---+++--++--++-++-++++-+,10.049876,182,841,364
13196,+--++---+++--++--++-++-++--++,13.354321,1022,841,2044
13197,++-++---+++--++--++-++-++---+,11.320996,542,841,1084
13198,+-+++---+++--++--++-++-++-+++,10.642010,406,841,812
13199,+++++---+++--++--++-++-++-+-+,7.954177,118,841,236
13200,+----+--+++--++--++-++---+-++,10.049876,358,841,716
13201,++---+--+++--++--++-++---+--+,14.035669,806,841,1612
13202,+-+--+--+++--++--++-++---++++,10.440307,382,841,764
13203,+++--+--+++--++--++-++---++-+,14.317821,894,841,1788
13204,+--+-+--+++--++--++-++-----++,9.688958,294,841,588
13205,++-+-+--+++--++--++-++------+,10.049876,294,841,588
13206,+-++-+--+++--++--++-++----+++,8.477312,286,841,572
13207,++++-+--+++--++--++-++----+-+,10.440307,350,841,700
13208,+---++--+++--++--++-++--++-++,11.180340,670,841,1340
13209,++--++--+++--++--++-++--++--+,14.866069,1214,841,2428
13210,+-+-++--+++--++--++-++--+++++,10.049876,278,841,556
13211,+++-++--+++--++--++-++--+++-+,14.035669,758,841,1516
13212,+--+++--+++--++--++-++--+--++,11.780327,670,841,1340
13213,++-+++--+++--++--++-++--+---+,11.180340,574,841,1148
13214,+-++++--+++--++--++-++--+-+++,8.935777,246,841,492
13215,++++++--+++--++--++-++--+-+-+,10.049876,214,841,428
13216,+-----+-+++--++--++-++++-+-++,8.641409,222,841,444
13217,++----+-+++--++--++-++++-+--+,10.440307,382,841,764
13218,+-+---+-+++--++--++-++++-++++,9.219544,246,841,492
13219,+++---+-+++--++--++-++++-++-+,12.206556,470,841,940
13220,+--+--+-+++--++--++-++++---++,10.464052,382,841,764
13221,++-+--+-+++--++--++-++++----+,8.819286,286,841,572
13222,+-++--+-+++--++--++-++++--+++,9.013413,310,841,620
13223,++++--+-+++--++--++-++++--+-+,9.219544,278,841,556
13224,+---+-+-+++--++--++-++++++-++,9.956699,342,841,684
13225,++--+-+-+++--++--++-++++++--+,10.049876,278,841,556
13226,+-+-+-+-+++--++--++-+++++++++,11.000000,398,841,796
13227,+++-+-+-+++--++--++-+++++++-+,11.000000,398,841,796
13228,+--++-+-+++--++--++-+++++--++,12.133617,630,841,1260
13229,++-++-+-+++--++--++-+++++---+,9.627860,246,841,492
13230,+-+++-+-+++--++--++-+++++-+++,11.000000,462,841,924
13231,+++++-+-+++--++--++-+++++-+-+,11.000000,270,841,540
13232,+----++-+++--++--++-+++--+-++,10.440307,446,841,892
13233,++---++-+++--++--++-+++--+--+,14.317821,926,841,1852
13234,+-+--++-+++--++--++-+++--++++,12.206556,598,841,1196
13235,+++--++-+++--++--++-+++--++-+,15.652476,1270,841,2540
13236,+--+-++-+++--++--++-+++----++,9.689245,318,841,636
13237,++-+-++-+++--++--++-+++-----+,10.440307,350,841,700
13238,+-++-++-+++--++--++-+++---+++,9.241023,310,841,620
13239,++++-++-+++--++--++-+++---+-+,12.206556,534,841,1068
13240,+---+++-+++--++--++-+++-++-++,10.049876,406,841,812
13241,++--+++-+++--++--++-+++-++--+,14.035669,854,841,1708
13242,+-+-+++-+++--++--++-+++-+++++,11.000000,526,841,1052
13243,+++-+++-+++--++--++-+++-+++-+,14.317821,1038,841,2076
13244,+--++++-+++--++--++-+++-+--++,10.818988,406,841,812
13245,++-++++-+++--++--++-+++-+---+,10.049876,342,841,684
13246,+-+++++-+++--++--++-+++-+-+++,11.000000,366,841,732
13247,+++++++-+++--++--++-+++-+-+-+,11.000000,494,841,988
13248,+------++++--++--++-+--+-+-++,9.196391,294,841,588
13249,++-----++++--++--++-+--+-+--+,7.820432,166,841,332
13250,+-+----++++--++--++-+--+-++++,9.996253,254,841,508
13251,+++----++++--++--++-+--+-++-+,9.593293,318,841,636
13252,+--+---++++--++--++-+--+---++,11.786717,646,841,1292
13253,++-+---++++--++--++-+--+----+,9.027739,262,841,524
13254,+-++---++++--++--++-+--+--+++,10.090530,382,841,764
13255,++++---++++--++--++-+--+--+-+,8.182836,190,841,380
13256,+---+--++++--++--++-+--+++-++,11.795219,606,841,1212
13257,++--+--++++--++--++-+--+++--+,10.525309,446,841,892
13258,+-+-+--++++--++--++-+--++++++,8.589412,214,841,428
13259,+++-+--++++--++--++-+--++++-+,8.705633,246,841,492
13260,+--++--++++--++--++-+--++--++,14.168537,1342,841,2684
13261,++-++--++++--++--++-+--++---+,12.073999,734,841,1468
13262,+-+++--++++--++--++-+--++-+++,11.641860,598,841,1196
13263,+++++--++++--++--++-+--++-+-+,9.602566,310,841,620
13264,+----+-++++--++--++-+----+-++,10.351712,358,841,716
13265,++---+-++++--++--++-+----+--+,10.049876,230,841,460
13266,+-+--+-++++--++--++-+----++++,10.294899,318,841,636
13267,+++--+-++++--++--++-+----++-+,10.440307,382,841,764
13268,+--+-+-++++--++--++-+------++,9.749878,358,841,716
13269,++-+-+-++++--++--++-+-------+,8.364719,166,841,332
13270,+-++-+-++++--++--++-+-----+++,8.498773,158,841,316
13271,++++-+-++++--++--++-+-----+-+,8.350623,158,841,316
13272,+---++-++++--++--++-+---++-++,10.635902,446,841,892
13273,++--++-++++--++--++-+---++--+,11.180340,478,841,956
13274,+-+-++-++++--++--++-+---+++++,7.835610,118,841,236
13275,+++-++-++++--++--++-+---+++-+,10.049876,214,841,428
13276,+--+++-++++--++--++-+---+--++,12.276176,702,841,1404
13277,++-+++-++++--++--++-+---+---+,10.709624,478,841,956
13278,+-++++-++++--++--++-+---+-+++,9.226761,214,841,428
13279,++++++-++++--++--++-+---+-+-+,8.353587,182,841,364
13280,+-----+++++--++--++-+-++-+-++,8.058969,158,841,316
13281,++----+++++--++--++-+-++-+--+,8.649470,190,841,380
13282,+-+---+++++--++--++-+-++-++++,7.855467,118,841,236
13283,+++---+++++--++--++-+-++-++-+,9.219544,214,841,428
13284,+--+--+++++--++--++-+-++---++,10.777964,446,841,892
13285,++-+--+++++--++--++-+-++----+,8.733522,222,841,444
13286,+-++--+++++--++--++-+-++--+++,9.742420,310,841,620
13287,++++--+++++--++--++-+-++--+-+,7.977198,150,841,300
13288,+---+-+++++--++--++-+-++++-++,10.137515,310,841,620
13289,++--+-+++++--++--++-+-++++--+,8.522380,182,841,364
13290,+-+-+-+++++--++--++-+-+++++++,11.000000,302,841,604
13291,+++-+-+++++--++--++-+-+++++-+,11.000000,238,841,476
13292,+--++-+++++--++--++-+-+++--++,12.668829,790,841,1580
13293,++-++-+++++--++--++-+-+++---+,10.041398,342,841,684
13294,+-+++-+++++--++--++-+-+++-+++,11.000000,558,841,1116
13295,+++++-+++++--++--++-+-+++-+-+,11.000000,302,841,604
13296,+----++++++--++--++-+-+--+-++,9.568866,286,841,572
13297,++---++++++--++--++-+-+--+--+,10.440307,254,841,508
13298,+-+--++++++--++--++-+-+--++++,9.219544,310,841,620
13299,+++--++++++--++--++-+-+--++-+,12.206556,470,841,940
13300,+--+-++++++--++--++-+-+----++,9.100329,286,841,572
13301,++-+-++++++--++--++-+-+-----+,8.570654,190,841,380
13302,+-++-++++++--++--++-+-+---+++,7.437075,150,841,300
13303,++++-++++++--++--++-+-+---+-+,9.219544,246,841,492
13304,+---+++++++--++--++-+-+-++-++,9.092935,214,841,428
13305,++--+++++++--++--++-+-+-++--+,10.049876,214,841,428
13306,+-+-+++++++--++--++-+-+-+++++,11.000000,334,841,668
13307,+++-+++++++--++--++-+-+-+++-+,11.000000,398,841,796
13308,+--++++++++--++--++-+-+-+--++,10.904681,406,841,812
13309,++-++++++++--++--++-+-+-+---+,8.869401,278,841,556
13310,+-+++++++++--++--++-+-+-+-+++,11.000000,366,841,732
13311,+++++++++++--++--++-+-+-+-+-+,11.000000,430,841,860
13312,+----------+-++----+-+-+-+-++,9.944229,374,841,748
13313,++---------+-++----+-+-+-+--+,9.000000,182,841,364
13314,+-+--------+-++----+-+-+-++++,9.872522,398,841,796
13315,+++--------+-++----+-+-+-++-+,9.316911,270,841,540
13316,+--+-------+-++----+-+-+---++,9.000000,214,841,428
13317,++-+-------+-++----+-+-+----+,9.385786,278,841,556
13318,+-++-------+-++----+-+-+--+++,7.785972,142,841,284
13319,++++-------+-++----+-+-+--+-+,9.336558,270,841,540
13320,+---+------+-++----+-+-+++-++,9.195410,238,841,476
13321,++--+------+-++----+-+-+++--+,8.718783,206,841,412
13322,+-+-+------+-++----+-+-++++++,9.999980,422,841,844
13323,+++-+------+-++----+-+-++++-+,10.683879,454,841,908
13324,+--++------+-++----+-+-++--++,9.510490,270,841,540
13325,++-++------+-++----+-+-++---+,9.676993,302,841,604
13326,+-+++------+-++----+-+-++-+++,8.551551,230,841,460
13327,+++++------+-++----+-+-++-+-+,10.288386,454,841,908
13328,+----+-----+-++----+-+---+-++,10.334902,438,841,876
13329,++---+-----+-++----+-+---+--+,9.000000,182,841,364
13330,+-+--+-----+-++----+-+---++++,9.678646,334,841,668
13331,+++--+-----+-++----+-+---++-+,8.364723,142,841,284
13332,+--+-+-----+-++----+-+-----++,10.715436,502,841,1004
13333,++-+-+-----+-++----+-+------+,9.000000,310,841,620
13334,+-++-+-----+-++----+-+----+++,9.983727,366,841,732
13335,++++-+-----+-++----+-+----+-+,8.697045,238,841,476
13336,+---++-----+-++----+-+--++-++,9.251082,270,841,540
13337,++--++-----+-++----+-+--++--+,10.075576,238,841,476
13338,+-+-++-----+-++----+-+--+++++,8.987319,262,841,524
13339,+++-++-----+-++----+-+--+++-+,8.544246,166,841,332
13340,+--+++-----+-++----+-+--+--++,10.409895,398,841,796
13341,++-+++-----+-++----+-+--+---+,8.754492,238,841,476
13342,+-++++-----+-++----+-+--+-+++,10.020767,358,841,716
13343,++++++-----+-++----+-+--+-+-+,8.350498,262,841,524
13344,+-----+----+-++----+-+++-+-++,9.734265,302,841,604
13345,++----+----+-++----+-+++-+--+,8.433306,142,841,284
13346,+-+---+----+-++----+-+++-++++,9.157976,262,841,524
13347,+++---+----+-++----+-+++-++-+,8.250007,166,841,332
13348,+--+--+----+-++----+-+++---++,10.234191,334,841,668
13349,++-+--+----+-++----+-+++----+,9.306021,302,841,604
13350,+-++--+----+-++----+-+++--+++,9.219544,198,841,396
13351,++++--+----+-++----+-+++--+-+,9.349138,230,841,460
13352,+---+-+----+-++----+-+++++-++,8.526611,198,841,396
13353,++--+-+----+-++----+-+++++--+,8.214048,198,841,396
13354,+-+-+-+----+-++----+-++++++++,9.870194,318,841,636
13355,+++-+-+----+-++----+-++++++-+,9.853622,382,841,764
13356,+--++-+----+-++----+-++++--++,10.054841,358,841,716
13357,++-++-+----+-++----+-++++---+,10.357609,422,841,844
13358,+-+++-+----+-++----+-++++-+++,8.690428,254,841,508
13359,+++++-+----+-++----+-++++-+-+,10.622598,510,841,1020
13360,+----++----+-++----+-++--+-++,12.235835,686,841,1372
13361,++---++----+-++----+-++--+--+,9.733244,270,841,540
13362,+-+--++----+-++----+-++--++++,11.000851,454,841,908
13363,+++--++----+-++----+-++--++-+,9.219544,230,841,460
13364,+--+-++----+-++----+-++----++,12.737992,878,841,1756
13365,++-+-++----+-++----+-++-----+,10.102333,398,841,796
13366,+-++-++----+-++----+-++---+++,10.811330,486,841,972
13367,++++-++----+-++----+-++---+-+,8.365049,198,841,396
13368,+---+++----+-++----+-++-++-++,10.745765,422,841,844
13369,++--+++----+-++----+-++-++--+,8.537918,230,841,460
13370,+-+-+++----+-++----+-++-+++++,9.510591,286,841,572
13371,+++-+++----+-++----+-++-+++-+,8.388826,158,841,316
13372,+--++++----+-++----+-++-+--++,12.165595,742,841,1484
13373,++-++++----+-++----+-++-+---+,10.409806,422,841,844
13374,+-+++++----+-++----+-++-+-+++,10.419901,446,841,892
13375,+++++++----+-++----+-++-+-+-+,9.147439,318,841,636
13376,+------+---+-++----+---+-+-++,9.000000,246,841,492
13377,++-----+---+-++----+---+-+--+,9.000000,246,841,492
13378,+-+----+---+-++----+---+-++++,9.398832,270,841,540
13379,+++----+---+-++----+---+-++-+,9.544654,334,841,668
13380,+--+---+---+-++----+---+---++,10.049876,278,841,556
13381,++-+---+---+-++----+---+----+,9.000000,150,841,300
13382,+-++---+---+-++----+---+--+++,10.440307,206,841,412
13383,++++---+---+-++----+---+--+-+,7.551502,142,841,284
13384,+---+--+---+-++----+---+++-++,8.471065,142,841,284
13385,++--+--+---+-++----+---+++--+,9.055062,238,841,476
13386,+-+-+--+---+-++----+---++++++,9.064226,198,841,396
13387,+++-+--+---+-++----+---++++-+,9.471320,358,841,716
13388,+--++--+---+-++----+---++--++,11.180340,430,841,860
13389,++-++--+---+-++----+---++---+,8.630568,206,841,412
13390,+-+++--+---+-++----+---++-+++,10.049876,262,841,524
13391,+++++--+---+-++----+---++-+-+,8.560918,230,841,460
13392,+----+-+---+-++----+-----+-++,10.102864,406,841,812
13393,++---+-+---+-++----+-----+--+,9.041160,342,841,684
13394,+-+--+-+---+-++----+-----++++,10.176681,366,841,732
13395,+++--+-+---+-++----+-----++-+,10.249539,366,841,732
13396,+--+-+-+---+-++----+-------++,9.269221,278,841,556
13397,++-+-+-+---+-++----+--------+,9.715064,278,841,556
13398,+-++-+-+---+-++----+------+++,8.207906,206,841,412
13399,++++-+-+---+-++----+------+-+,9.570858,270,841,540
13400,+---++-+---+-++----+----++-++,8.922801,206,841,412
13401,++--++-+---+-++----+----++--+,9.491181,302,841,604
13402,+-+-++-+---+-++----+----+++++,8.923148,262,841,524
13403,+++-++-+---+-++----+----+++-+,9.143235,294,841,588
13404,+--+++-+---+-++----+----+--++,8.743465,206,841,412
13405,++-+++-+---+-++----+----+---+,8.871834,174,841,348
13406,+-++++-+---+-++----+----+-+++,8.580285,230,841,460
13407,++++++-+---+-++----+----+-+-+,9.733928,262,841,524
13408,+-----++---+-++----+--++-+-++,9.238317,206,841,412
13409,++----++---+-++----+--++-+--+,9.650859,302,841,604
13410,+-+---++---+-++----+--++-++++,9.219544,230,841,460
13411,+++---++---+-++----+--++-++-+,8.912636,262,841,524
13412,+--+--++---+-++----+--++---++,10.440307,366,841,732
13413,++-+--++---+-++----+--++----+,8.662467,206,841,412
13414,+-++--++---+-++----+--++--+++,12.206556,422,841,844
13415,++++--++---+-++----+--++--+-+,9.219544,198,841,396
13416,+---+-++---+-++----+--++++-++,7.230804,70,841,140
13417,++--+-++---+-++----+--++++--+,9.908284,262,841,524
13418,+-+-+-++---+-++----+--+++++++,8.269745,126,841,252
13419,+++-+-++---+-++----+--+++++-+,8.902756,254,841,508
13420,+--++-++---+-++----+--+++--++,10.049876,294,841,588
13421,++-++-++---+-++----+--+++---+,8.124048,166,841,332
13422,+-+++-++---+-++----+--+++-+++,10.440307,254,841,508
13423,+++++-++---+-++----+--+++-+-+,8.328018,190,841,380
13424,+----+++---+-++----+--+--+-++,11.661669,558,841,1116
13425,++---+++---+-++----+--+--+--+,9.387229,398,841,796
13426,+-+--+++---+-++----+--+--++++,11.122661,454,841,908
13427,+++--+++---+-++----+--+--++-+,10.139060,358,841,716
13428,+--+-+++---+-++----+--+----++,11.497864,494,841,988
13429,++-+-+++---+-++----+--+-----+,9.229590,270,841,540
13430,+-++-+++---+-++----+--+---+++,9.788588,358,841,716
13431,++++-+++---+-++----+--+---+-+,8.846992,198,841,396
13432,+---++++---+-++----+--+-++-++,9.737499,326,841,652
13433,++--++++---+-++----+--+-++--+,9.572475,326,841,652
13434,+-+-++++---+-++----+--+-+++++,9.325980,318,841,636
13435,+++-++++---+-++----+--+-+++-+,8.984693,254,841,508
13436,+--+++++---+-++----+--+-+--++,10.282226,326,841,652
13437,++-+++++---+-++----+--+-+---+,8.202645,198,841,396
13438,+-++++++---+-++----+--+-+-+++,9.397716,286,841,572
13439,++++++++---+-++----+--+-+-+-+,9.689354,222,841,444
13440,+-------+--+-++----+++-+-+-++,8.936044,206,841,412
13441,++------+--+-++----+++-+-+--+,8.680500,174,841,348
13442,+-+-----+--+-++----+++-+-++++,9.697833,358,841,716
13443,+++-----+--+-++----+++-+-++-+,10.094807,390,841,780
13444,+--+----+--+-++----+++-+---++,8.315078,206,841,412
13445,++-+----+--+-++----+++-+----+,10.275735,302,841,604
13446,+-++----+--+-++----+++-+--+++,9.087719,262,841,524
13447,++++----+--+-++----+++-+--+-+,10.104211,422,841,844
13448,+---+---+--+-++----+++-+++-++,9.219544,230,841,460
13449,++--+---+--+-++----+++-+++--+,9.219544,230,841,460
13450,+-+-+---+--+-++----+++-++++++,8.840782,158,841,316
13451,+++-+---+--+-++----+++-++++-+,8.298234,222,841,444
13452,+--++---+--+-++----+++-++--++,10.816654,422,841,844
13453,++-++---+--+-++----+++-++---+,9.304267,358,841,716
13454,+-+++---+--+-++----+++-++-+++,7.810250,126,841,252
13455,+++++---+--+-++----+++-++-+-+,9.301374,254,841,508
13456,+----+--+--+-++----+++---+-++,11.563396,526,841,1052
13457,++---+--+--+-++----+++---+--+,9.609735,302,841,604
13458,+-+--+--+--+-++----+++---++++,11.325116,614,841,1228
13459,+++--+--+--+-++----+++---++-+,11.068860,454,841,908
13460,+--+-+--+--+-++----+++-----++,11.207153,558,841,1116
13461,++-+-+--+--+-++----+++------+,8.819465,270,841,540
13462,+-++-+--+--+-++----+++----+++,9.974694,614,841,1228
13463,++++-+--+--+-++----+++----+-+,9.422800,390,841,780
13464,+---++--+--+-++----+++--++-++,9.856432,454,841,908
13465,++--++--+--+-++----+++--++--+,10.816654,454,841,908
13466,+-+-++--+--+-++----+++--+++++,9.275832,254,841,508
13467,+++-++--+--+-++----+++--+++-+,8.402427,190,841,380
13468,+--+++--+--+-++----+++--+--++,10.550365,550,841,1100
13469,++-+++--+--+-++----+++--+---+,9.219544,294,841,588
13470,+-++++--+--+-++----+++--+-+++,9.995020,318,841,636
13471,++++++--+--+-++----+++--+-+-+,8.463450,126,841,252
13472,+-----+-+--+-++----+++++-+-++,11.328742,550,841,1100
13473,++----+-+--+-++----+++++-+--+,10.259802,422,841,844
13474,+-+---+-+--+-++----+++++-++++,10.662085,446,841,892
13475,+++---+-+--+-++----+++++-++-+,10.194994,382,841,764
13476,+--+--+-+--+-++----+++++---++,11.197935,550,841,1100
13477,++-+--+-+--+-++----+++++----+,10.185712,550,841,1100
13478,+-++--+-+--+-++----+++++--+++,9.813113,350,841,700
13479,++++--+-+--+-++----+++++--+-+,9.716371,414,841,828
13480,+---+-+-+--+-++----+++++++-++,9.004174,222,841,444
13481,++--+-+-+--+-++----+++++++--+,7.719629,126,841,252
13482,+-+-+-+-+--+-++----++++++++++,9.053757,278,841,556
13483,+++-+-+-+--+-++----++++++++-+,9.301597,246,841,492
13484,+--++-+-+--+-++----++++++--++,9.981279,350,841,700
13485,++-++-+-+--+-++----++++++---+,9.421584,318,841,636
13486,+-+++-+-+--+-++----++++++-+++,8.538111,182,841,364
13487,+++++-+-+--+-++----++++++-+-+,9.488813,342,841,684
13488,+----++-+--+-++----++++--+-++,13.571705,1126,841,2252
13489,++---++-+--+-++----++++--+--+,11.506643,614,841,1228
13490,+-+--++-+--+-++----++++--++++,12.691128,894,841,1788
13491,+++--++-+--+-++----++++--++-+,11.543470,574,841,1148
13492,+--+-++-+--+-++----++++----++,13.505734,1222,841,2444
13493,++-+-++-+--+-++----++++-----+,11.188484,646,841,1292
13494,+-++-++-+--+-++----++++---+++,11.640625,830,841,1660
13495,++++-++-+--+-++----++++---+-+,10.205673,446,841,892
13496,+---+++-+--+-++----++++-++-++,11.606668,574,841,1148
13497,++--+++-+--+-++----++++-++--+,8.930792,286,841,572
13498,+-+-+++-+--+-++----++++-+++++,10.386938,438,841,876
13499,+++-+++-+--+-++----++++-+++-+,8.484522,214,841,428
13500,+--++++-+--+-++----++++-+--++,12.425930,798,841,1596
13501,++-++++-+--+-++----++++-+---+,9.958061,382,841,764
13502,+-+++++-+--+-++----++++-+-+++,10.590462,502,841,1004
13503,+++++++-+--+-++----++++-+-+-+,8.514930,278,841,556
13504,+------++--+-++----++--+-+-++,9.160751,206,841,412
13505,++-----++--+-++----++--+-+--+,9.547171,302,841,604
13506,+-+----++--+-++----++--+-++++,10.640050,422,841,844
13507,+++----++--+-++----++--+-++-+,11.852120,710,841,1420
13508,+--+---++--+-++----++--+---++,11.180340,334,841,668
13509,++-+---++--+-++----++--+----+,7.810250,174,841,348
13510,+-++---++--+-++----++--+--+++,10.049876,326,841,652
13511,++++---++--+-++----++--+--+-+,9.607700,358,841,716
13512,+---+--++--+-++----++--+++-++,10.816654,326,841,652
13513,++--+--++--+-++----++--+++--+,9.219544,390,841,780
13514,+-+-+--++--+-++----++--++++++,7.972612,190,841,380
13515,+++-+--++--+-++----++--++++-+,10.745459,446,841,892
13516,+--++--++--+-++----++--++--++,13.453624,838,841,1676
13517,++-++--++--+-++----++--++---+,10.816654,454,841,908
13518,+-+++--++--+-++----++--++-+++,11.180340,350,841,700
13519,+++++--++--+-++----++--++-+-+,9.441620,286,841,572
13520,+----+-++--+-++----++----+-++,11.642528,558,841,1116
13521,++---+-++--+-++----++----+--+,10.617224,462,841,924
13522,+-+--+-++--+-++----++----++++,12.210586,774,841,1548
13523,+++--+-++--+-++----++----++-+,12.623671,870,841,1740
13524,+--+-+-++--+-++----++------++,10.410459,334,841,668
13525,++-+-+-++--+-++----++-------+,8.528439,174,841,348
13526,+-++-+-++--+-++----++-----+++,10.090307,390,841,780
13527,++++-+-++--+-++----++-----+-+,10.229329,422,841,844
13528,+---++-++--+-++----++---++-++,9.623492,390,841,780
13529,++--++-++--+-++----++---++--+,9.599679,454,841,908
13530,+-+-++-++--+-++----++---+++++,9.789756,318,841,636
13531,+++-++-++--+-++----++---+++-+,10.690372,446,841,892
13532,+--+++-++--+-++----++---+--++,10.816654,422,841,844
13533,++-+++-++--+-++----++---+---+,9.219544,230,841,460
13534,+-++++-++--+-++----++---+-+++,7.942189,190,841,380
13535,++++++-++--+-++----++---+-+-+,8.566608,190,841,380
13536,+-----+++--+-++----++-++-+-++,11.140573,454,841,908
13537,++----+++--+-++----++-++-+--+,10.206852,518,841,1036
13538,+-+---+++--+-++----++-++-++++,11.145445,478,841,956
13539,+++---+++--+-++----++-++-++-+,11.090022,606,841,1212
13540,+--+--+++--+-++----++-++---++,10.792796,518,841,1036
13541,++-+--+++--+-++----++-++----+,10.176700,326,841,652
13542,+-++--+++--+-++----++-++--+++,10.440307,446,841,892
13543,++++--+++--+-++----++-++--+-+,9.759792,318,841,636
13544,+---+-+++--+-++----++-++++-++,8.341801,158,841,316
13545,++--+-+++--+-++----++-++++--+,8.893469,190,841,380
13546,+-+-+-+++--+-++----++-+++++++,8.507839,214,841,428
13547,+++-+-+++--+-++----++-+++++-+,9.566945,310,841,620
13548,+--++-+++--+-++----++-+++--++,11.180340,414,841,828
13549,++-++-+++--+-++----++-+++---+,7.810250,126,841,252
13550,+-+++-+++--+-++----++-+++-+++,10.049876,246,841,492
13551,+++++-+++--+-++----++-+++-+-+,8.290898,150,841,300
13552,+----++++--+-++----++-+--+-++,13.302132,1062,841,2124
13553,++---++++--+-++----++-+--+--+,11.509501,742,841,1484
13554,+-+--++++--+-++----++-+--++++,13.110196,1022,841,2044
13555,+++--++++--+-++----++-+--++-+,12.526653,894,841,1788
13556,+--+-++++--+-++----++-+----++,12.727763,838,841,1676
13557,++-+-++++--+-++----++-+-----+,10.876193,454,841,908
13558,+-++-++++--+-++----++-+---+++,11.526220,638,841,1276
13559,++++-++++--+-++----++-+---+-+,10.594007,446,841,892
13560,+---+++++--+-++----++-+-++-++,10.938308,478,841,956
13561,++--+++++--+-++----++-+-++--+,9.022591,318,841,636
13562,+-+-+++++--+-++----++-+-+++++,10.543276,534,841,1068
13563,+++-+++++--+-++----++-+-+++-+,10.200907,438,841,876
13564,+--++++++--+-++----++-+-+--++,10.931710,446,841,892
13565,++-++++++--+-++----++-+-+---+,8.545218,158,841,316
13566,+-+++++++--+-++----++-+-+-+++,9.322039,342,841,684
13567,+++++++++--+-++----++-+-+-+-+,8.965300,246,841,492
13568,+--------+-+-++------+-+-+-++,10.364558,470,841,940
13569,++-------+-+-++------+-+-+--+,9.222513,342,841,684
13570,+-+------+-+-++------+-+-++++,11.530367,558,841,1116
13571,+++------+-+-++------+-+-++-+,11.069469,494,841,988
13572,+--+-----+-+-++------+-+---++,9.000000,182,841,364
13573,++-+-----+-+-++------+-+----+,9.379460,310,841,620
13574,+-++-----+-+-++------+-+--+++,8.990502,174,841,348
13575,++++-----+-+-++------+-+--+-+,9.425367,366,841,732
13576,+---+----+-+-++------+-+++-++,9.680010,334,841,668
13577,++--+----+-+-++------+-+++--+,9.861328,366,841,732
13578,+-+-+----+-+-++------+-++++++,11.344080,582,841,1164
13579,+++-+----+-+-++------+-++++-+,12.041700,678,841,1356
13580,+--++----+-+-++------+-++--++,10.040437,238,841,476
13581,++-++----+-+-++------+-++---+,9.767294,334,841,668
13582,+-+++----+-+-++------+-++-+++,9.484611,262,841,524
13583,+++++----+-+-++------+-++-+-+,11.090998,550,841,1100
13584,+----+---+-+-++------+---+-++,9.000000,246,841,492
13585,++---+---+-+-++------+---+--+,10.049876,246,841,492
13586,+-+--+---+-+-++------+---++++,9.449750,206,841,412
13587,+++--+---+-+-++------+---++-+,10.440307,270,841,540
13588,+--+-+---+-+-++------+-----++,9.000000,182,841,364
13589,++-+-+---+-+-++------+------+,9.335762,246,841,492
13590,+-++-+---+-+-++------+----+++,7.703732,110,841,220
13591,++++-+---+-+-++------+----+-+,9.012468,238,841,476
13592,+---++---+-+-++------+--++-++,8.292263,142,841,284
13593,++--++---+-+-++------+--++--+,11.180340,366,841,732
13594,+-+-++---+-+-++------+--+++++,8.998391,198,841,396
13595,+++-++---+-+-++------+--+++-+,10.049876,358,841,716
13596,+--+++---+-+-++------+--+--++,8.761664,142,841,284
13597,++-+++---+-+-++------+--+---+,8.267009,238,841,476
13598,+-++++---+-+-++------+--+-+++,8.199433,166,841,332
13599,++++++---+-+-++------+--+-+-+,9.270223,326,841,652
13600,+-----+--+-+-++------+++-+-++,8.934452,238,841,476
13601,++----+--+-+-++------+++-+--+,9.071181,270,841,540
13602,+-+---+--+-+-++------+++-++++,9.595562,262,841,524
13603,+++---+--+-+-++------+++-++-+,9.849433,358,841,716
13604,+--+--+--+-+-++------+++---++,8.642057,142,841,284
13605,++-+--+--+-+-++------+++----+,9.323677,302,841,604
13606,+-++--+--+-+-++------+++--+++,7.280110,70,841,140
13607,++++--+--+-+-++------+++--+-+,9.480110,294,841,588
13608,+---+-+--+-+-++------+++++-++,8.799727,198,841,396
13609,++--+-+--+-+-++------+++++--+,9.363494,262,841,524
13610,+-+-+-+--+-+-++------++++++++,9.533944,382,841,764
13611,+++-+-+--+-+-++------++++++-+,10.997251,510,841,1020
13612,+--++-+--+-+-++------++++--++,8.767766,230,841,460
13613,++-++-+--+-+-++------++++---+,10.062663,358,841,716
13614,+-+++-+--+-+-++------++++-+++,8.361577,190,841,380
13615,+++++-+--+-+-++------++++-+-+,10.947033,510,841,1020
13616,+----++--+-+-++------++--+-++,9.908590,270,841,540
13617,++---++--+-+-++------++--+--+,10.440307,238,841,476
13618,+-+--++--+-+-++------++--++++,9.219544,230,841,460
13619,+++--++--+-+-++------++--++-+,12.206556,390,841,780
13620,+--+-++--+-+-++------++----++,10.410111,334,841,668
13621,++-+-++--+-+-++------++-----+,8.586890,238,841,476
13622,+-++-++--+-+-++------++---+++,7.924485,134,841,268
13623,++++-++--+-+-++------++---+-+,9.219544,230,841,460
13624,+---+++--+-+-++------++-++-++,8.385275,134,841,268
13625,++--+++--+-+-++------++-++--+,10.049876,198,841,396
13626,+-+-+++--+-+-++------++-+++++,8.895073,190,841,380
13627,+++-+++--+-+-++------++-+++-+,10.440307,318,841,636
13628,+--++++--+-+-++------++-+--++,9.956165,326,841,652
13629,++-++++--+-+-++------++-+---+,9.018940,262,841,524
13630,+-+++++--+-+-++------++-+-+++,9.330647,222,841,444
13631,+++++++--+-+-++------++-+-+-+,9.420994,350,841,700
13632,+------+-+-+-++--------+-+-++,11.309168,566,841,1132
13633,++-----+-+-+-++--------+-+--+,9.000000,246,841,492
13634,+-+----+-+-+-++--------+-++++,11.767335,590,841,1180
13635,+++----+-+-+-++--------+-++-+,10.414044,334,841,668
13636,+--+---+-+-+-++--------+---++,9.000000,278,841,556
13637,++-+---+-+-+-++--------+----+,9.091734,214,841,428
13638,+-++---+-+-+-++--------+--+++,8.963144,206,841,412
13639,++++---+-+-+-++--------+--+-+,8.704830,206,841,412
13640,+---+--+-+-+-++--------+++-++,10.228823,398,841,796
13641,++--+--+-+-+-++--------+++--+,8.430203,174,841,348
13642,+-+-+--+-+-+-++--------++++++,10.973788,582,841,1164
13643,+++-+--+-+-+-++--------++++-+,10.821675,422,841,844
13644,+--++--+-+-+-++--------++--++,10.765860,366,841,732
13645,++-++--+-+-+-++--------++---+,8.851633,206,841,412
13646,+-+++--+-+-+-++--------++-+++,8.796573,326,841,652
13647,+++++--+-+-+-++--------++-+-+,9.441334,358,841,716
13648,+----+-+-+-+-++----------+-++,10.405062,438,841,876
13649,++---+-+-+-+-++----------+--+,9.000000,246,841,492
13650,+-+--+-+-+-+-++----------++++,10.036868,398,841,796
13651,+++--+-+-+-+-++----------++-+,8.748156,270,841,540
13652,+--+-+-+-+-+-++------------++,9.000000,374,841,748
13653,++-+-+-+-+-+-++-------------+,11.422630,630,841,1260
13654,+-++-+-+-+-+-++-----------+++,9.433475,302,841,604
13655,++++-+-+-+-+-++-----------+-+,11.855801,622,841,1244
13656,+---++-+-+-+-++---------++-++,9.052184,238,841,476
13657,++--++-+-+-+-++---------++--+,9.011452,206,841,412
13658,+-+-++-+-+-+-++---------+++++,9.528328,422,841,844
13659,+++-++-+-+-+-++---------+++-+,9.690556,326,841,652
13660,+--+++-+-+-+-++---------+--++,9.121214,302,841,604
13661,++-+++-+-+-+-++---------+---+,11.262673,526,841,1052
13662,+-++++-+-+-+-++---------+-+++,10.771894,454,841,908
13663,++++++-+-+-+-++---------+-+-+,12.190718,742,841,1484
13664,+-----++-+-+-++-------++-+-++,9.862719,302,841,604
13665,++----++-+-+-++-------++-+--+,9.325402,206,841,412
13666,+-+---++-+-+-++-------++-++++,9.979100,326,841,652
13667,+++---++-+-+-++-------++-++-+,8.468042,166,841,332
13668,+--+--++-+-+-++-------++---++,8.388341,142,841,284
13669,++-+--++-+-+-++-------++----+,9.160258,174,841,348
13670,+-++--++-+-+-++-------++--+++,9.219544,198,841,396
13671,++++--++-+-+-++-------++--+-+,8.142580,166,841,332
13672,+---+-++-+-+-++-------++++-++,9.738849,294,841,588
13673,++--+-++-+-+-++-------++++--+,8.231878,166,841,332
13674,+-+-+-++-+-+-++-------+++++++,9.919524,478,841,956
13675,+++-+-++-+-+-++-------+++++-+,9.219745,286,841,572
13676,+--++-++-+-+-++-------+++--++,9.225748,198,841,396
13677,++-++-++-+-+-++-------+++---+,7.336030,134,841,268
13678,+-+++-++-+-+-++-------+++-+++,9.829092,286,841,572
13679,+++++-++-+-+-++-------+++-+-+,9.649543,286,841,572
13680,+----+++-+-+-++-------+--+-++,9.366943,302,841,604
13681,++---+++-+-+-++-------+--+--+,8.379182,142,841,284
13682,+-+--+++-+-+-++-------+--++++,9.055497,326,841,652
13683,+++--+++-+-+-++-------+--++-+,9.219544,230,841,460
13684,+--+-+++-+-+-++-------+----++,9.438352,302,841,604
13685,++-+-+++-+-+-++-------+-----+,10.781671,462,841,924
13686,+-++-+++-+-+-++-------+---+++,9.799250,294,841,588
13687,++++-+++-+-+-++-------+---+-+,11.450102,518,841,1036
13688,+---++++-+-+-++-------+-++-++,9.335840,262,841,524
13689,++--++++-+-+-++-------+-++--+,7.851552,134,841,268
13690,+-+-++++-+-+-++-------+-+++++,11.120249,510,841,1020
13691,+++-++++-+-+-++-------+-+++-+,10.417812,318,841,636
13692,+--+++++-+-+-++-------+-+--++,9.319615,326,841,652
13693,++-+++++-+-+-++-------+-+---+,10.908086,454,841,908
13694,+-++++++-+-+-++-------+-+-+++,11.684736,542,841,1084
13695,++++++++-+-+-++-------+-+-+-+,12.161305,734,841,1468
13696,+-------++-+-++-----++-+-+-++,9.025192,206,841,412
13697,++------++-+-++-----++-+-+--+,9.589631,302,841,604
13698,+-+-----++-+-++-----++-+-++++,9.613415,358,841,716
13699,+++-----++-+-++-----++-+-++-+,9.221736,390,841,780
13700,+--+----++-+-++-----++-+---++,7.834163,142,841,284
13701,++-+----++-+-++-----++-+----+,10.346905,366,841,732
13702,+-++----++-+-++-----++-+--+++,10.255552,326,841,652
13703,++++----++-+-++-----++-+--+-+,9.811030,486,841,972
13704,+---+---++-+-++-----++-+++-++,9.219544,294,841,588
13705,++--+---++-+-++-----++-+++--+,10.816654,422,841,844
13706,+-+-+---++-+-++-----++-++++++,9.294045,222,841,444
13707,+++-+---++-+-++-----++-++++-+,9.858330,286,841,572
13708,+--++---++-+-++-----++-++--++,10.186282,294,841,588
13709,++-++---++-+-++-----++-++---+,9.334381,358,841,716
13710,+-+++---++-+-++-----++-++-+++,7.947563,126,841,252
13711,+++++---++-+-++-----++-++-+-+,9.456887,254,841,508
13712,+----+--++-+-++-----++---+-++,8.949722,174,841,348
13713,++---+--++-+-++-----++---+--+,11.180340,270,841,540
13714,+-+--+--++-+-++-----++---++++,9.268930,262,841,524
13715,+++--+--++-+-++-----++---++-+,10.049876,294,841,588
13716,+--+-+--++-+-++-----++-----++,8.507366,142,841,284
13717,++-+-+--++-+-++-----++------+,8.300999,174,841,348
13718,+-++-+--++-+-++-----++----+++,9.680043,326,841,652
13719,++++-+--++-+-++-----++----+-+,9.183717,294,841,588
13720,+---++--++-+-++-----++--++-++,10.816654,358,841,716
13721,++--++--++-+-++-----++--++--+,13.453624,678,841,1356
13722,+-+-++--++-+-++-----++--+++++,7.810250,158,841,316
13723,+++-++--++-+-++-----++--+++-+,11.180340,286,841,572
13724,+--+++--++-+-++-----++--+--++,9.219544,262,841,524
13725,++-+++--++-+-++-----++--+---+,10.816654,326,841,652
13726,+-++++--++-+-++-----++--+-+++,8.344686,158,841,316
13727,++++++--++-+-++-----++--+-+-+,8.118198,158,841,316
13728,+-----+-++-+-++-----++++-+-++,10.246183,454,841,908
13729,++----+-++-+-++-----++++-+--+,10.480868,582,841,1164
13730,+-+---+-++-+-++-----++++-++++,9.718200,350,841,700
13731,+++---+-++-+-++-----++++-++-+,9.785264,414,841,828
13732,+--+--+-++-+-++-----++++---++,10.184189,390,841,780
13733,++-+--+-++-+-++-----++++----+,10.767386,646,841,1292
13734,+-++--+-++-+-++-----++++--+++,10.254695,318,841,636
13735,++++--+-++-+-++-----++++--+-+,10.602571,510,841,1020
13736,+---+-+-++-+-++-----++++++-++,9.392788,254,841,508
13737,++--+-+-++-+-++-----++++++--+,9.240528,286,841,572
13738,+-+-+-+-++-+-++-----+++++++++,9.010214,310,841,620
13739,+++-+-+-++-+-++-----+++++++-+,9.339200,278,841,556
13740,+--++-+-++-+-++-----+++++--++,8.502434,190,841,380
13741,++-++-+-++-+-++-----+++++---+,9.321055,286,841,572
13742,+-+++-+-++-+-++-----+++++-+++,8.552677,150,841,300
13743,+++++-+-++-+-++-----+++++-+-+,9.562552,310,841,620
13744,+----++-++-+-++-----+++--+-++,11.435406,486,841,972
13745,++---++-++-+-++-----+++--+--+,10.287127,422,841,844
13746,+-+--++-++-+-++-----+++--++++,10.495139,382,841,764
13747,+++--++-++-+-++-----+++--++-+,10.440307,382,841,764
13748,+--+-++-++-+-++-----+++----++,11.360896,518,841,1036
13749,++-+-++-++-+-++-----+++-----+,10.199657,390,841,780
13750,+-++-++-++-+-++-----+++---+++,9.743607,382,841,764
13751,++++-++-++-+-++-----+++---+-+,9.760228,318,841,636
13752,+---+++-++-+-++-----+++-++-++,9.194711,254,841,508
13753,++--+++-++-+-++-----+++-++--+,11.180340,286,841,572
13754,+-+-+++-++-+-++-----+++-+++++,9.477533,246,841,492
13755,+++-+++-++-+-++-----+++-+++-+,10.049876,214,841,428
13756,+--++++-++-+-++-----+++-+--++,10.086850,286,841,572
13757,++-++++-++-+-++-----+++-+---+,8.187126,190,841,380
13758,+-+++++-++-+-++-----+++-+-+++,9.389587,246,841,492
13759,+++++++-++-+-++-----+++-+-+-+,8.880764,214,841,428
13760,+------+++-+-++-----+--+-+-++,10.144572,302,841,604
13761,++-----+++-+-++-----+--+-+--+,7.840011,142,841,284
13762,+-+----+++-+-++-----+--+-++++,10.235017,454,841,908
13763,+++----+++-+-++-----+--+-++-+,9.692458,358,841,716
13764,+--+---+++-+-++-----+--+---++,8.537157,174,841,348
13765,++-+---+++-+-++-----+--+----+,8.453648,142,841,284
13766,+-++---+++-+-++-----+--+--+++,9.341080,230,841,460
13767,++++---+++-+-++-----+--+--+-+,9.203943,262,841,524
13768,+---+--+++-+-++-----+--+++-++,9.693948,422,841,844
13769,++--+--+++-+-++-----+--+++--+,9.219544,230,841,460
13770,+-+-+--+++-+-++-----+--++++++,9.707052,350,841,700
13771,+++-+--+++-+-++-----+--++++-+,8.394449,222,841,444
13772,+--++--+++-+-++-----+--++--++,11.162599,550,841,1100
13773,++-++--+++-+-++-----+--++---+,9.608270,294,841,588
13774,+-+++--+++-+-++-----+--++-+++,8.669111,254,841,508
13775,+++++--+++-+-++-----+--++-+-+,8.235981,190,841,380
13776,+----+-+++-+-++-----+----+-++,9.494726,302,841,604
13777,++---+-+++-+-++-----+----+--+,8.026604,142,841,284
13778,+-+--+-+++-+-++-----+----++++,9.914995,454,841,908
13779,+++--+-+++-+-++-----+----++-+,10.299694,358,841,716
13780,+--+-+-+++-+-++-----+------++,8.346275,206,841,412
13781,++-+-+-+++-+-++-----+-------+,10.458135,366,841,732
13782,+-++-+-+++-+-++-----+-----+++,9.059840,326,841,652
13783,++++-+-+++-+-++-----+-----+-+,10.912620,550,841,1100
13784,+---++-+++-+-++-----+---++-++,9.219544,326,841,652
13785,++--++-+++-+-++-----+---++--+,10.816654,326,841,652
13786,+-+-++-+++-+-++-----+---+++++,9.854154,318,841,636
13787,+++-++-+++-+-++-----+---+++-+,9.012272,254,841,508
13788,+--+++-+++-+-++-----+---+--++,9.366306,358,841,716
13789,++-+++-+++-+-++-----+---+---+,10.518669,486,841,972
13790,+-++++-+++-+-++-----+---+-+++,10.402634,318,841,636
13791,++++++-+++-+-++-----+---+-+-+,11.307690,510,841,1020
13792,+-----++++-+-++-----+-++-+-++,10.193910,518,841,1036
13793,++----++++-+-++-----+-++-+--+,10.712040,454,841,908
13794,+-+---++++-+-++-----+-++-++++,9.820759,478,841,956
13795,+++---++++-+-++-----+-++-++-+,9.713196,350,841,700
13796,+--+--++++-+-++-----+-++---++,10.178739,326,841,652
13797,++-+--++++-+-++-----+-++----+,10.912865,390,841,780
13798,+-++--++++-+-++-----+-++--+++,9.867414,318,841,636
13799,++++--++++-+-++-----+-++--+-+,10.251683,318,841,636
13800,+---+-++++-+-++-----+-++++-++,10.419909,414,841,828
13801,++--+-++++-+-++-----+-++++--+,8.734073,190,841,380
13802,+-+-+-++++-+-++-----+-+++++++,10.928769,534,841,1068
13803,+++-+-++++-+-++-----+-+++++-+,9.051285,246,841,492
13804,+--++-++++-+-++-----+-+++--++,9.317260,286,841,572
13805,++-++-++++-+-++-----+-+++---+,8.318366,126,841,252
13806,+-+++-++++-+-++-----+-+++-+++,10.138378,310,841,620
13807,+++++-++++-+-++-----+-+++-+-+,9.296686,214,841,428
13808,+----+++++-+-++-----+-+--+-++,11.194037,582,841,1164
13809,++---+++++-+-++-----+-+--+--+,10.224052,326,841,652
13810,+-+--+++++-+-++-----+-+--++++,10.831370,606,841,1212
13811,+++--+++++-+-++-----+-+--++-+,10.380751,414,841,828
13812,+--+-+++++-+-++-----+-+----++,10.889182,486,841,972
13813,++-+-+++++-+-++-----+-+-----+,10.270268,550,841,1100
13814,+-++-+++++-+-++-----+-+---+++,9.882586,478,841,956
13815,++++-+++++-+-++-----+-+---+-+,10.703054,606,841,1212
13816,+---++++++-+-++-----+-+-++-++,9.948177,382,841,764
13817,++--++++++-+-++-----+-+-++--+,7.810250,158,841,316
13818,+-+-++++++-+-++-----+-+-+++++,11.666624,630,841,1260
13819,+++-++++++-+-++-----+-+-+++-+,10.269453,342,841,684
13820,+--+++++++-+-++-----+-+-+--++,9.257894,350,841,700
13821,++-+++++++-+-++-----+-+-+---+,10.355190,382,841,764
13822,+-++++++++-+-++-----+-+-+-+++,11.648596,566,841,1132
13823,++++++++++-+-++-----+-+-+-+-+,11.459040,662,841,1324
13824,+---------++-++---++-+-+-+-++,8.045722,142,841,284
13825,++--------++-++---++-+-+-+--+,8.356735,174,841,348
13826,+-+-------++-++---++-+-+-++++,8.682441,230,841,460
13827,+++-------++-++---++-+-+-++-+,8.157376,198,841,396
13828,+--+------++-++---++-+-+---++,8.489695,206,841,412
13829,++-+------++-++---++-+-+----+,10.401333,366,841,732
13830,+-++------++-++---++-+-+--+++,9.687772,326,841,652
13831,++++------++-++---++-+-+--+-+,10.537203,422,841,844
13832,+---+-----++-++---++-+-+++-++,10.302677,326,841,652
13833,++--+-----++-++---++-+-+++--+,10.724393,390,841,780
13834,+-+-+-----++-++---++-+-++++++,8.476024,190,841,380
13835,+++-+-----++-++---++-+-++++-+,9.230820,190,841,380
13836,+--++-----++-++---++-+-++--++,11.265249,454,841,908
13837,++-++-----++-++---++-+-++---+,10.282938,454,841,908
13838,+-+++-----++-++---++-+-++-+++,8.795813,222,841,444
13839,+++++-----++-++---++-+-++-+-+,9.298815,286,841,572
13840,+----+----++-++---++-+---+-++,9.085943,206,841,412
13841,++---+----++-++---++-+---+--+,9.042753,174,841,348
13842,+-+--+----++-++---++-+---++++,9.055231,294,841,588
13843,+++--+----++-++---++-+---++-+,9.219544,198,841,396
13844,+--+-+----++-++---++-+-----++,9.985607,366,841,732
13845,++-+-+----++-++---++-+------+,9.363870,270,841,540
13846,+-++-+----++-++---++-+----+++,11.156133,550,841,1100
13847,++++-+----++-++---++-+----+-+,10.463849,390,841,780
13848,+---++----++-++---++-+--++-++,10.400740,486,841,972
13849,++--++----++-++---++-+--++--+,11.734610,550,841,1100
13850,+-+-++----++-++---++-+--+++++,9.828141,286,841,572
13851,+++-++----++-++---++-+--+++-+,8.484126,158,841,316
13852,+--+++----++-++---++-+--+--++,10.473758,582,841,1164
13853,++-+++----++-++---++-+--+---+,10.440676,390,841,780
13854,+-++++----++-++---++-+--+-+++,11.140952,478,841,956
13855,++++++----++-++---++-+--+-+-+,9.229870,222,841,444
13856,+-----+---++-++---++-+++-+-++,8.146665,166,841,332
13857,++----+---++-++---++-+++-+--+,8.317776,230,841,460
13858,+-+---+---++-++---++-+++-++++,11.180340,382,841,764
13859,+++---+---++-++---++-+++-++-+,11.180340,382,841,764
13860,+--+--+---++-++---++-+++---++,9.219544,294,841,588
13861,++-+--+---++-++---++-+++----+,9.795320,358,841,716
13862,+-++--+---++-++---++-+++--+++,12.529964,542,841,1084
13863,++++--+---++-++---++-+++--+-+,11.180340,542,841,1084
13864,+---+-+---++-++---++-+++++-++,9.177934,190,841,380
13865,++--+-+---++-++---++-+++++--+,9.648758,286,841,572
13866,+-+-+-+---++-++---++-++++++++,8.060246,182,841,364
13867,+++-+-+---++-++---++-++++++-+,8.487681,214,841,428
13868,+--++-+---++-++---++-++++--++,9.912900,318,841,636
13869,++-++-+---++-++---++-++++---+,9.349662,350,841,700
13870,+-+++-+---++-++---++-++++-+++,9.219544,214,841,428
13871,+++++-+---++-++---++-++++-+-+,9.452015,310,841,620
13872,+----++---++-++---++-++--+-++,10.037628,358,841,716
13873,++---++---++-++---++-++--+--+,9.219544,294,841,588
13874,+-+--++---++-++---++-++--++++,11.180340,510,841,1020
13875,+++--++---++-++---++-++--++-+,12.529964,510,841,1020
13876,+--+-++---++-++---++-++----++,10.677448,518,841,1036
13877,++-+-++---++-++---++-++-----+,8.412679,262,841,524
13878,+-++-++---++-++---++-++---+++,11.180340,638,841,1276
13879,++++-++---++-++---++-++---+-+,11.180340,446,841,892
13880,+---+++---++-++---++-++-++-++,9.178406,350,841,700
13881,++--+++---++-++---++-++-++--+,10.367349,382,841,764
13882,+-+-+++---++-++---++-++-+++++,9.011753,214,841,428
13883,+++-+++---++-++---++-++-+++-+,9.219544,182,841,364
13884,+--++++---++-++---++-++-+--++,10.405035,510,841,1020
13885,++-++++---++-++---++-++-+---+,9.294271,286,841,572
13886,+-+++++---++-++---++-++-+-+++,10.022739,342,841,684
13887,+++++++---++-++---++-++-+-+-+,8.335682,182,841,364
13888,+------+--++-++---++---+-+-++,8.365204,142,841,284
13889,++-----+--++-++---++---+-+--+,9.176554,238,841,476
13890,+-+----+--++-++---++---+-++++,9.219544,230,841,460
13891,+++----+--++-++---++---+-++-+,9.019022,262,841,524
13892,+--+---+--++-++---++---+---++,10.440307,334,841,668
13893,++-+---+--++-++---++---+----+,7.650535,174,841,348
13894,+-++---+--++-++---++---+--+++,12.206556,454,841,908
13895,++++---+--++-++---++---+--+-+,9.219544,230,841,460
13896,+---+--+--++-++---++---+++-++,10.397815,358,841,716
13897,++--+--+--++-++---++---+++--+,10.578303,550,841,1100
13898,+-+-+--+--++-++---++---++++++,8.066394,94,841,188
13899,+++-+--+--++-++---++---++++-+,8.895723,222,841,444
13900,+--++--+--++-++---++---++--++,11.773780,678,841,1356
13901,++-++--+--++-++---++---++---+,10.378707,422,841,844
13902,+-+++--+--++-++---++---++-+++,10.440307,318,841,636
13903,+++++--+--++-++---++---++-+-+,7.704785,126,841,252
13904,+----+-+--++-++---++-----+-++,8.965062,238,841,476
13905,++---+-+--++-++---++-----+--+,9.056350,270,841,540
13906,+-+--+-+--++-++---++-----++++,8.995772,262,841,524
13907,+++--+-+--++-++---++-----++-+,9.273262,230,841,460
13908,+--+-+-+--++-++---++-------++,7.935444,142,841,284
13909,++-+-+-+--++-++---++--------+,7.834898,110,841,220
13910,+-++-+-+--++-++---++------+++,9.219544,262,841,524
13911,++++-+-+--++-++---++------+-+,7.873556,166,841,332
13912,+---++-+--++-++---++----++-++,10.305808,486,841,972
13913,++--++-+--++-++---++----++--+,11.377174,678,841,1356
13914,+-+-++-+--++-++---++----+++++,9.301166,222,841,444
13915,+++-++-+--++-++---++----+++-+,8.962601,222,841,444
13916,+--+++-+--++-++---++----+--++,10.644444,390,841,780
13917,++-+++-+--++-++---++----+---+,10.340520,326,841,652
13918,+-++++-+--++-++---++----+-+++,9.123754,222,841,444
13919,++++++-+--++-++---++----+-+-+,7.954363,94,841,188
13920,+-----++--++-++---++--++-+-++,9.219544,262,841,524
13921,++----++--++-++---++--++-+--+,10.292537,454,841,908
13922,+-+---++--++-++---++--++-++++,12.529964,542,841,1084
13923,+++---++--++-++---++--++-++-+,11.180340,542,841,1084
13924,+--+--++--++-++---++--++---++,12.206556,582,841,1164
13925,++-+--++--++-++---++--++----+,9.261861,390,841,780
13926,+-++--++--++-++---++--++--+++,14.866069,1022,841,2044
13927,++++--++--++-++---++--++--+-+,12.529964,638,841,1276
13928,+---+-++--++-++---++--++++-++,9.160561,254,841,508
13929,++--+-++--++-++---++--++++--+,10.741804,542,841,1084
13930,+-+-+-++--++-++---++--+++++++,9.219544,182,841,364
13931,+++-+-++--++-++---++--+++++-+,9.153807,278,841,556
13932,+--++-++--++-++---++--+++--++,10.440307,510,841,1020
13933,++-++-++--++-++---++--+++---+,9.181148,350,841,700
13934,+-+++-++--++-++---++--+++-+++,12.206556,470,841,940
13935,+++++-++--++-++---++--+++-+-+,9.219544,246,841,492
13936,+----+++--++-++---++--+--+-++,9.588283,358,841,716
13937,++---+++--++-++---++--+--+--+,9.541803,422,841,844
13938,+-+--+++--++-++---++--+--++++,11.180340,510,841,1020
13939,+++--+++--++-++---++--+--++-+,11.180340,510,841,1020
13940,+--+-+++--++-++---++--+----++,9.219544,326,841,652
13941,++-+-+++--++-++---++--+-----+,8.497779,198,841,396
13942,+-++-+++--++-++---++--+---+++,12.529964,574,841,1148
13943,++++-+++--++-++---++--+---+-+,11.180340,382,841,764
13944,+---++++--++-++---++--+-++-++,9.205885,382,841,764
13945,++--++++--++-++---++--+-++--+,10.588592,606,841,1212
13946,+-+-++++--++-++---++--+-+++++,8.901944,246,841,492
13947,+++-++++--++-++---++--+-+++-+,9.098863,278,841,556
13948,+--+++++--++-++---++--+-+--++,9.354711,286,841,572
13949,++-+++++--++-++---++--+-+---+,9.360316,254,841,508
13950,+-++++++--++-++---++--+-+-+++,9.219544,246,841,492
13951,++++++++--++-++---++--+-+-+-+,7.789202,150,841,300
13952,+-------+-++-++---++++-+-+-++,8.301371,166,841,332
13953,++------+-++-++---++++-+-+--+,10.490745,358,841,716
13954,+-+-----+-++-++---++++-+-++++,8.709689,190,841,380
13955,+++-----+-++-++---++++-+-++-+,9.680237,318,841,636
13956,+--+----+-++-++---++++-+---++,9.676846,326,841,652
13957,++-+----+-++-++---++++-+----+,12.067628,646,841,1292
13958,+-++----+-++-++---++++-+--+++,10.771331,382,841,764
13959,++++----+-++-++---++++-+--+-+,12.029775,638,841,1276
13960,+---+---+-++-++---++++-+++-++,10.328612,318,841,636
13961,++--+---+-++-++---++++-+++--+,10.657775,414,841,828
13962,+-+-+---+-++-++---++++-++++++,7.732671,118,841,236
13963,+++-+---+-++-++---++++-++++-+,7.654899,150,841,300
13964,+--++---+-++-++---++++-++--++,11.382315,542,841,1084
13965,++-++---+-++-++---++++-++---+,10.374282,574,841,1148
13966,+-+++---+-++-++---++++-++-+++,9.234488,246,841,492
13967,+++++---+-++-++---++++-++-+-+,10.005212,342,841,684
13968,+----+--+-++-++---++++---+-++,9.643411,294,841,588
13969,++---+--+-++-++---++++---+--+,8.950803,294,841,588
13970,+-+--+--+-++-++---++++---++++,9.295290,382,841,764
13971,+++--+--+-++-++---++++---++-+,9.288906,318,841,636
13972,+--+-+--+-++-++---++++-----++,9.974994,486,841,972
13973,++-+-+--+-++-++---++++------+,10.808213,422,841,844
13974,+-++-+--+-++-++---++++----+++,11.492077,670,841,1340
13975,++++-+--+-++-++---++++----+-+,11.664357,542,841,1084
13976,+---++--+-++-++---++++--++-++,10.560078,478,841,956
13977,++--++--+-++-++---++++--++--+,11.857808,574,841,1148
13978,+-+-++--+-++-++---++++--+++++,9.278490,278,841,556
13979,+++-++--+-++-++---++++--+++-+,8.698140,182,841,364
13980,+--+++--+-++-++---++++--+--++,10.433593,606,841,1212
13981,++-+++--+-++-++---++++--+---+,10.466916,446,841,892
13982,+-++++--+-++-++---++++--+-+++,11.093249,502,841,1004
13983,++++++--+-++-++---++++--+-+-+,9.923024,278,841,556
13984,+-----+-+-++-++---++++++-+-++,8.142912,222,841,444
13985,++----+-+-++-++---++++++-+--+,10.390753,318,841,636
13986,+-+---+-+-++-++---++++++-++++,7.899474,182,841,364
13987,+++---+-+-++-++---++++++-++-+,8.753039,214,841,428
13988,+--+--+-+-++-++---++++++---++,8.480456,254,841,508
13989,++-+--+-+-++-++---++++++----+,11.315726,478,841,956
13990,+-++--+-+-++-++---++++++--+++,9.219544,246,841,492
13991,++++--+-+-++-++---++++++--+-+,10.788246,406,841,812
13992,+---+-+-+-++-++---++++++++-++,8.382630,214,841,428
13993,++--+-+-+-++-++---++++++++--+,8.909389,214,841,428
13994,+-+-+-+-+-++-++---+++++++++++,11.000000,334,841,668
13995,+++-+-+-+-++-++---+++++++++-+,11.000000,270,841,540
13996,+--++-+-+-++-++---+++++++--++,9.504117,246,841,492
13997,++-++-+-+-++-++---+++++++---+,9.560882,310,841,620
13998,+-+++-+-+-++-++---+++++++-+++,11.000000,270,841,540
13999,+++++-+-+-++-++---+++++++-+-+,11.000000,398,841,796
14000,+----++-+-++-++---+++++--+-++,11.045617,414,841,828
14001,++---++-+-++-++---+++++--+--+,8.522617,254,841,508
14002,+-+--++-+-++-++---+++++--++++,10.364485,374,841,748
14003,+++--++-+-++-++---+++++--++-+,9.219544,278,841,556
14004,+--+-++-+-++-++---+++++----++,11.075642,542,841,1084
14005,++-+-++-+-++-++---+++++-----+,9.519023,318,841,636
14006,+-++-++-+-++-++---+++++---+++,9.974721,470,841,940
14007,++++-++-+-++-++---+++++---+-+,9.833735,310,841,620
14008,+---+++-+-++-++---+++++-++-++,9.628242,310,841,620
14009,++--+++-+-++-++---+++++-++--+,10.051787,246,841,492
14010,+-+-+++-+-++-++---+++++-+++++,11.000000,366,841,732
14011,+++-+++-+-++-++---+++++-+++-+,11.000000,238,841,476
14012,+--++++-+-++-++---+++++-+--++,10.532673,438,841,876
14013,++-++++-+-++-++---+++++-+---+,8.547322,246,841,492
14014,+-+++++-+-++-++---+++++-+-+++,11.000000,462,841,924
14015,+++++++-+-++-++---+++++-+-+-+,11.000000,334,841,668
14016,+------++-++-++---+++--+-+-++,7.755902,102,841,204
14017,++-----++-++-++---+++--+-+--+,9.037560,294,841,588
14018,+-+----++-++-++---+++--+-++++,8.441639,190,841,380
14019,+++----++-++-++---+++--+-++-+,10.548737,446,841,892
14020,+--+---++-++-++---+++--+---++,10.049876,326,841,652
14021,++-+---++-++-++---+++--+----+,9.431838,262,841,524
14022,+-++---++-++-++---+++--+--+++,10.440307,318,841,636
14023,++++---++-++-++---+++--+--+-+,9.429143,318,841,636
14024,+---+--++-++-++---+++--+++-++,10.563580,350,841,700
14025,++--+--++-++-++---+++--+++--+,10.394602,510,841,1020
14026,+-+-+--++-++-++---+++--++++++,7.240242,86,841,172
14027,+++-+--++-++-++---+++--++++-+,9.956749,310,841,620
14028,+--++--++-++-++---+++--++--++,12.166959,830,841,1660
14029,++-++--++-++-++---+++--++---+,10.776890,542,841,1084
14030,+-+++--++-++-++---+++--++-+++,10.049876,342,841,684
14031,+++++--++-++-++---+++--++-+-+,9.195872,246,841,492
14032,+----+-++-++-++---+++----+-++,9.768548,326,841,652
14033,++---+-++-++-++---+++----+--+,9.360468,326,841,652
14034,+-+--+-++-++-++---+++----++++,10.207149,414,841,828
14035,+++--+-++-++-++---+++----++-+,10.980349,478,841,956
14036,+--+-+-++-++-++---+++------++,8.316912,198,841,396
14037,++-+-+-++-++-++---+++-------+,8.428862,134,841,268
14038,+-++-+-++-++-++---+++-----+++,9.024130,254,841,508
14039,++++-+-++-++-++---+++-----+-+,9.273576,254,841,508
14040,+---++-++-++-++---+++---++-++,10.327342,414,841,828
14041,++--++-++-++-++---+++---++--+,11.265862,574,841,1148
14042,+-+-++-++-++-++---+++---+++++,8.885008,214,841,428
14043,+++-++-++-++-++---+++---+++-+,9.626002,310,841,620
14044,+--+++-++-++-++---+++---+--++,10.753181,414,841,828
14045,++-+++-++-++-++---+++---+---+,10.303405,318,841,636
14046,+-++++-++-++-++---+++---+-+++,8.765984,182,841,364
14047,++++++-++-++-++---+++---+-+-+,7.343828,150,841,300
14048,+-----+++-++-++---+++-++-+-++,8.034654,126,841,252
14049,++----+++-++-++---+++-++-+--+,8.952195,286,841,572
14050,+-+---+++-++-++---+++-++-++++,9.219544,214,841,428
14051,+++---+++-++-++---+++-++-++-+,9.553890,310,841,620
14052,+--+--+++-++-++---+++-++---++,10.440307,286,841,572
14053,++-+--+++-++-++---+++-++----+,8.726227,190,841,380
14054,+-++--+++-++-++---+++-++--+++,12.206556,406,841,812
14055,++++--+++-++-++---+++-++--+-+,9.219544,246,841,492
14056,+---+-+++-++-++---+++-++++-++,8.468988,150,841,300
14057,++--+-+++-++-++---+++-++++--+,9.120245,278,841,556
14058,+-+-+-+++-++-++---+++-+++++++,11.000000,270,841,540
14059,+++-+-+++-++-++---+++-+++++-+,11.000000,334,841,668
14060,+--++-+++-++-++---+++-+++--++,10.099435,374,841,748
14061,++-++-+++-++-++---+++-+++---+,8.428091,182,841,364
14062,+-+++-+++-++-++---+++-+++-+++,11.000000,398,841,796
14063,+++++-+++-++-++---+++-+++-+-+,11.000000,270,841,540
14064,+----++++-++-++---+++-+--+-++,10.847574,414,841,828
14065,++---++++-++-++---+++-+--+--+,9.238900,318,841,636
14066,+-+--++++-++-++---+++-+--++++,10.879375,438,841,876
14067,+++--++++-++-++---+++-+--++-+,10.626906,406,841,812
14068,+--+-++++-++-++---+++-+----++,9.976334,286,841,572
14069,++-+-++++-++-++---+++-+-----+,7.618624,126,841,252
14070,+-++-++++-++-++---+++-+---+++,9.219544,278,841,556
14071,++++-++++-++-++---+++-+---+-+,7.854128,182,841,364
14072,+---+++++-++-++---+++-+-++-++,9.199466,278,841,556
14073,++--+++++-++-++---+++-+-++--+,9.686220,342,841,684
14074,+-+-+++++-++-++---+++-+-+++++,11.000000,398,841,796
14075,+++-+++++-++-++---+++-+-+++-+,11.000000,398,841,796
14076,+--++++++-++-++---+++-+-+--++,8.769838,214,841,428
14077,++-++++++-++-++---+++-+-+---+,8.457713,150,841,300
14078,+-+++++++-++-++---+++-+-+-+++,11.000000,302,841,604
14079,+++++++++-++-++---+++-+-+-+-+,11.000000,302,841,604
14080,+--------+++-++---+--+-+-+-++,10.159045,366,841,732
14081,++-------+++-++---+--+-+-+--+,9.172140,334,841,668
14082,+-+------+++-++---+--+-+-++++,11.018318,454,841,908
14083,+++------+++-++---+--+-+-++-+,10.138925,486,841,972
14084,+--+-----+++-++---+--+-+---++,9.379263,238,841,476
14085,++-+-----+++-++---+--+-+----+,10.262276,334,841,668
14086,+-++-----+++-++---+--+-+--+++,8.413491,230,841,460
14087,++++-----+++-++---+--+-+--+-+,9.912923,390,841,780
14088,+---+----+++-++---+--+-+++-++,10.495225,486,841,972
14089,++--+----+++-++---+--+-+++--+,10.428011,486,841,972
14090,+-+-+----+++-++---+--+-++++++,10.556638,350,841,700
14091,+++-+----+++-++---+--+-++++-+,10.841281,414,841,828
14092,+--++----+++-++---+--+-++--++,11.810721,550,841,1100
14093,++-++----+++-++---+--+-++---+,10.432916,486,841,972
14094,+-+++----+++-++---+--+-++-+++,8.616865,190,841,380
14095,+++++----+++-++---+--+-++-+-+,9.705867,318,841,636
14096,+----+---+++-++---+--+---+-++,8.945129,206,841,412
14097,++---+---+++-++---+--+---+--+,10.440307,302,841,604
14098,+-+--+---+++-++---+--+---++++,9.219544,294,841,588
14099,+++--+---+++-++---+--+---++-+,12.206556,454,841,908
14100,+--+-+---+++-++---+--+-----++,8.621316,174,841,348
14101,++-+-+---+++-++---+--+------+,8.609066,206,841,412
14102,+-++-+---+++-++---+--+----+++,9.189091,230,841,460
14103,++++-+---+++-++---+--+----+-+,9.298914,326,841,652
14104,+---++---+++-++---+--+--++-++,10.272144,358,841,716
14105,++--++---+++-++---+--+--++--+,11.257506,550,841,1100
14106,+-+-++---+++-++---+--+--+++++,8.031849,158,841,316
14107,+++-++---+++-++---+--+--+++-+,10.440307,286,841,572
14108,+--+++---+++-++---+--+--+--++,10.836505,390,841,780
14109,++-+++---+++-++---+--+--+---+,10.285549,326,841,652
14110,+-++++---+++-++---+--+--+-+++,8.668506,158,841,316
14111,++++++---+++-++---+--+--+-+-+,7.634709,158,841,316
14112,+-----+--+++-++---+--+++-+-++,8.840755,294,841,588
14113,++----+--+++-++---+--+++-+--+,9.439910,422,841,844
14114,+-+---+--+++-++---+--+++-++++,11.180340,510,841,1020
14115,+++---+--+++-++---+--+++-++-+,12.529964,702,841,1404
14116,+--+--+--+++-++---+--+++---++,9.026843,230,841,460
14117,++-+--+--+++-++---+--+++----+,9.916095,358,841,716
14118,+-++--+--+++-++---+--+++--+++,11.180340,350,841,700
14119,++++--+--+++-++---+--+++--+-+,11.180340,542,841,1084
14120,+---+-+--+++-++---+--+++++-++,9.525892,318,841,636
14121,++--+-+--+++-++---+--+++++--+,9.224335,350,841,700
14122,+-+-+-+--+++-++---+--++++++++,9.038111,310,841,620
14123,+++-+-+--+++-++---+--++++++-+,9.908178,406,841,812
14124,+--++-+--+++-++---+--++++--++,10.701847,382,841,764
14125,++-++-+--+++-++---+--++++---+,9.335907,350,841,700
14126,+-+++-+--+++-++---+--++++-+++,7.970170,150,841,300
14127,+++++-+--+++-++---+--++++-+-+,9.701859,310,841,620
14128,+----++--+++-++---+--++--+-++,9.319106,326,841,652
14129,++---++--+++-++---+--++--+--+,12.206556,518,841,1036
14130,+-+--++--+++-++---+--++--++++,12.529964,606,841,1212
14131,+++--++--+++-++---+--++--++-+,14.866069,990,841,1980
14132,+--+-++--+++-++---+--++----++,9.062458,294,841,588
14133,++-+-++--+++-++---+--++-----+,9.219544,294,841,588
14134,+-++-++--+++-++---+--++---+++,11.180340,414,841,828
14135,++++-++--+++-++---+--++---+-+,12.529964,606,841,1212
14136,+---+++--+++-++---+--++-++-++,9.273290,254,841,508
14137,++--+++--+++-++---+--++-++--+,10.440307,414,841,828
14138,+-+-+++--+++-++---+--++-+++++,9.219544,246,841,492
14139,+++-+++--+++-++---+--++-+++-+,12.206556,470,841,940
14140,+--++++--+++-++---+--++-+--++,10.025042,350,841,700
14141,++-++++--+++-++---+--++-+---+,9.159833,254,841,508
14142,+-+++++--+++-++---+--++-+-+++,8.006609,182,841,364
14143,+++++++--+++-++---+--++-+-+-+,9.219544,278,841,556
14144,+------+-+++-++---+----+-+-++,11.323140,526,841,1052
14145,++-----+-+++-++---+----+-+--+,8.400215,174,841,348
14146,+-+----+-+++-++---+----+-++++,11.516000,550,841,1100
14147,+++----+-+++-++---+----+-++-+,9.656209,262,841,524
14148,+--+---+-+++-++---+----+---++,9.634214,334,841,668
14149,++-+---+-+++-++---+----+----+,7.695934,110,841,220
14150,+-++---+-+++-++---+----+--+++,9.219544,262,841,524
14151,++++---+-+++-++---+----+--+-+,7.316058,102,841,204
14152,+---+--+-+++-++---+----+++-++,10.658047,614,841,1228
14153,++--+--+-+++-++---+----+++--+,10.328396,358,841,716
14154,+-+-+--+-+++-++---+----++++++,10.558689,414,841,828
14155,+++-+--+-+++-++---+----++++-+,9.692020,222,841,444
14156,+--++--+-+++-++---+----++--++,12.273877,678,841,1356
14157,++-++--+-+++-++---+----++---+,10.620548,358,841,716
14158,+-+++--+-+++-++---+----++-+++,9.256538,254,841,508
14159,+++++--+-+++-++---+----++-+-+,7.826662,126,841,252
14160,+----+-+-+++-++---+------+-++,10.715072,398,841,796
14161,++---+-+-+++-++---+------+--+,8.123159,174,841,348
14162,+-+--+-+-+++-++---+------++++,10.053475,358,841,716
14163,+++--+-+-+++-++---+------++-+,9.219544,198,841,396
14164,+--+-+-+-+++-++---+--------++,9.152407,302,841,604
14165,++-+-+-+-+++-++---+---------+,10.282592,398,841,796
14166,+-++-+-+-+++-++---+-------+++,8.388482,230,841,460
14167,++++-+-+-+++-++---+-------+-+,10.594048,390,841,780
14168,+---++-+-+++-++---+-----++-++,10.271219,454,841,908
14169,++--++-+-+++-++---+-----++--+,10.893725,390,841,780
14170,+-+-++-+-+++-++---+-----+++++,8.959044,254,841,508
14171,+++-++-+-+++-++---+-----+++-+,7.964182,126,841,252
14172,+--+++-+-+++-++---+-----+--++,11.032154,486,841,972
14173,++-+++-+-+++-++---+-----+---+,10.318044,550,841,1100
14174,+-++++-+-+++-++---+-----+-+++,9.408166,254,841,508
14175,++++++-+-+++-++---+-----+-+-+,10.805911,382,841,764
14176,+-----++-+++-++---+---++-+-++,9.858237,358,841,716
14177,++----++-+++-++---+---++-+--+,8.164772,230,841,460
14178,+-+---++-+++-++---+---++-++++,11.180340,574,841,1148
14179,+++---++-+++-++---+---++-++-+,11.180340,382,841,764
14180,+--+--++-+++-++---+---++---++,9.219544,294,841,588
14181,++-+--++-+++-++---+---++----+,8.161612,166,841,332
14182,+-++--++-+++-++---+---++--+++,12.529964,542,841,1084
14183,++++--++-+++-++---+---++--+-+,11.180340,350,841,700
14184,+---+-++-+++-++---+---++++-++,9.739524,414,841,828
14185,++--+-++-+++-++---+---++++--+,9.261889,254,841,508
14186,+-+-+-++-+++-++---+---+++++++,9.762805,406,841,812
14187,+++-+-++-+++-++---+---+++++-+,8.169549,182,841,364
14188,+--++-++-+++-++---+---+++--++,10.840094,414,841,828
14189,++-++-++-+++-++---+---+++---+,9.268820,190,841,380
14190,+-+++-++-+++-++---+---+++-+++,9.219544,310,841,620
14191,+++++-++-+++-++---+---+++-+-+,7.750623,150,841,300
14192,+----+++-+++-++---+---+--+-++,9.197815,294,841,588
14193,++---+++-+++-++---+---+--+--+,9.219544,230,841,460
14194,+-+--+++-+++-++---+---+--++++,11.180340,510,841,1020
14195,+++--+++-+++-++---+---+--++-+,12.529964,510,841,1020
14196,+--+-+++-+++-++---+---+----++,8.433193,262,841,524
14197,++-+-+++-+++-++---+---+-----+,10.195638,390,841,780
14198,+-++-+++-+++-++---+---+---+++,11.180340,446,841,892
14199,++++-+++-+++-++---+---+---+-+,11.180340,638,841,1276
14200,+---++++-+++-++---+---+-++-++,9.203504,318,841,636
14201,++--++++-+++-++---+---+-++--+,9.620344,286,841,572
14202,+-+-++++-+++-++---+---+-+++++,10.183587,374,841,748
14203,+++-++++-+++-++---+---+-+++-+,9.219544,278,841,556
14204,+--+++++-+++-++---+---+-+--++,9.907145,350,841,700
14205,++-+++++-+++-++---+---+-+---+,10.216934,446,841,892
14206,+-++++++-+++-++---+---+-+-+++,10.314709,374,841,748
14207,++++++++-+++-++---+---+-+-+-+,10.730685,534,841,1068
14208,+-------++++-++---+-++-+-+-++,8.912932,294,841,588
14209,++------++++-++---+-++-+-+--+,10.942425,486,841,972
14210,+-+-----++++-++---+-++-+-++++,9.351078,254,841,508
14211,+++-----++++-++---+-++-+-++-+,9.448205,382,841,764
14212,+--+----++++-++---+-++-+---++,9.450709,326,841,652
14213,++-+----++++-++---+-++-+----+,12.049239,646,841,1292
14214,+-++----++++-++---+-++-+--+++,9.909534,318,841,636
14215,++++----++++-++---+-++-+--+-+,11.524250,574,841,1148
14216,+---+---++++-++---+-++-+++-++,10.426146,446,841,892
14217,++--+---++++-++---+-++-+++--+,10.476833,542,841,1084
14218,+-+-+---++++-++---+-++-++++++,9.013817,182,841,364
14219,+++-+---++++-++---+-++-++++-+,9.228383,214,841,428
14220,+--++---++++-++---+-++-++--++,11.753604,542,841,1084
14221,++-++---++++-++---+-++-++---+,10.486835,574,841,1148
14222,+-+++---++++-++---+-++-++-+++,8.497443,182,841,364
14223,+++++---++++-++---+-++-++-+-+,9.563646,278,841,556
14224,+----+--++++-++---+-++---+-++,7.747198,134,841,268
14225,++---+--++++-++---+-++---+--+,10.049876,326,841,652
14226,+-+--+--++++-++---+-++---++++,8.338345,158,841,316
14227,+++--+--++++-++---+-++---++-+,10.440307,286,841,572
14228,+--+-+--++++-++---+-++-----++,8.545228,198,841,396
14229,++-+-+--++++-++---+-++------+,10.452171,326,841,652
14230,+-++-+--++++-++---+-++----+++,10.077790,318,841,636
14231,++++-+--++++-++---+-++----+-+,10.816819,382,841,764
14232,+---++--++++-++---+-++--++-++,10.436738,382,841,764
14233,++--++--++++-++---+-++--++--+,11.544893,670,841,1340
14234,+-+-++--++++-++---+-++--+++++,7.661470,118,841,236
14235,+++-++--++++-++---+-++--+++-+,10.049876,214,841,428
14236,+--+++--++++-++---+-++--+--++,10.624878,382,841,764
14237,++-+++--++++-++---+-++--+---+,10.358212,414,841,828
14238,+-++++--++++-++---+-++--+-+++,8.874515,214,841,428
14239,++++++--++++-++---+-++--+-+-+,8.629915,182,841,364
14240,+-----+-++++-++---+-++++-+-++,9.400227,318,841,636
14241,++----+-++++-++---+-++++-+--+,11.271904,542,841,1084
14242,+-+---+-++++-++---+-++++-++++,8.815496,214,841,428
14243,+++---+-++++-++---+-++++-++-+,9.511863,374,841,748
14244,+--+--+-++++-++---+-++++---++,8.776044,222,841,444
14245,++-+--+-++++-++---+-++++----+,11.611241,574,841,1148
14246,+-++--+-++++-++---+-++++--+++,7.864354,150,841,300
14247,++++--+-++++-++---+-++++--+-+,10.614519,438,841,876
14248,+---+-+-++++-++---+-++++++-++,9.648350,374,841,748
14249,++--+-+-++++-++---+-++++++--+,9.886388,374,841,748
14250,+-+-+-+-++++-++---+-+++++++++,11.000000,430,841,860
14251,+++-+-+-++++-++---+-+++++++-+,11.000000,366,841,732
14252,+--++-+-++++-++---+-+++++--++,10.174752,278,841,556
14253,++-++-+-++++-++---+-+++++---+,9.790722,342,841,684
14254,+-+++-+-++++-++---+-+++++-+++,11.000000,238,841,476
14255,+++++-+-++++-++---+-+++++-+-+,11.000000,366,841,732
14256,+----++-++++-++---+-+++--+-++,8.272799,158,841,316
14257,++---++-++++-++---+-+++--+--+,10.440307,318,841,636
14258,+-+--++-++++-++---+-+++--++++,9.219544,182,841,364
14259,+++--++-++++-++---+-+++--++-+,12.206556,406,841,812
14260,+--+-++-++++-++---+-+++----++,8.283274,158,841,316
14261,++-+-++-++++-++---+-+++-----+,9.469926,254,841,508
14262,+-++-++-++++-++---+-+++---+++,7.666314,150,841,300
14263,++++-++-++++-++---+-+++---+-+,9.219544,310,841,620
14264,+---+++-++++-++---+-+++-++-++,8.338116,182,841,364
14265,++--+++-++++-++---+-+++-++--+,10.049876,310,841,620
14266,+-+-+++-++++-++---+-+++-+++++,11.000000,302,841,604
14267,+++-+++-++++-++---+-+++-+++-+,11.000000,366,841,732
14268,+--++++-++++-++---+-+++-+--++,9.106684,182,841,364
14269,++-++++-++++-++---+-+++-+---+,8.352942,182,841,364
14270,+-+++++-++++-++---+-+++-+-+++,11.000000,270,841,540
14271,+++++++-++++-++---+-+++-+-+-+,11.000000,334,841,668
14272,+------+++++-++---+-+--+-+-++,10.175755,390,841,780
14273,++-----+++++-++---+-+--+-+--+,8.667915,198,841,396
14274,+-+----+++++-++---+-+--+-++++,10.172558,350,841,700
14275,+++----+++++-++---+-+--+-++-+,8.232322,222,841,444
14276,+--+---+++++-++---+-+--+---++,9.636334,294,841,588
14277,++-+---+++++-++---+-+--+----+,9.475470,230,841,460
14278,+-++---+++++-++---+-+--+--+++,8.339035,158,841,316
14279,++++---+++++-++---+-+--+--+-+,8.981846,158,841,316
14280,+---+--+++++-++---+-+--+++-++,10.736480,574,841,1148
14281,++--+--+++++-++---+-+--+++--+,10.306140,350,841,700
14282,+-+-+--+++++-++---+-+--++++++,9.699157,310,841,620
14283,+++-+--+++++-++---+-+--++++-+,7.695057,150,841,300
14284,+--++--+++++-++---+-+--++--++,12.478714,734,841,1468
14285,++-++--+++++-++---+-+--++---+,10.917572,446,841,892
14286,+-+++--+++++-++---+-+--++-+++,9.585956,246,841,492
14287,+++++--+++++-++---+-+--++-+-+,8.211994,150,841,300
14288,+----+-+++++-++---+-+----+-++,9.792415,326,841,652
14289,++---+-+++++-++---+-+----+--+,7.742406,134,841,268
14290,+-+--+-+++++-++---+-+----++++,9.136513,286,841,572
14291,+++--+-+++++-++---+-+----++-+,8.224555,158,841,316
14292,+--+-+-+++++-++---+-+------++,8.890448,262,841,524
14293,++-+-+-+++++-++---+-+-------+,10.238820,390,841,780
14294,+-++-+-+++++-++---+-+-----+++,8.351265,190,841,380
14295,++++-+-+++++-++---+-+-----+-+,10.220021,382,841,764
14296,+---++-+++++-++---+-+---++-++,10.291536,414,841,828
14297,++--++-+++++-++---+-+---++--+,10.942627,382,841,764
14298,+-+-++-+++++-++---+-+---+++++,9.302563,214,841,428
14299,+++-++-+++++-++---+-+---+++-+,7.562603,118,841,236
14300,+--+++-+++++-++---+-+---+--++,11.002127,478,841,956
14301,++-+++-+++++-++---+-+---+---+,10.294267,574,841,1148
14302,+-++++-+++++-++---+-+---+-+++,9.261289,246,841,492
14303,++++++-+++++-++---+-+---+-+-+,10.299208,406,841,812
14304,+-----++++++-++---+-+-++-+-++,9.768231,318,841,636
14305,++----++++++-++---+-+-++-+--+,9.296181,222,841,444
14306,+-+---++++++-++---+-+-++-++++,9.739123,278,841,556
14307,+++---++++++-++---+-+-++-++-+,7.369650,118,841,236
14308,+--+--++++++-++---+-+-++---++,8.322306,158,841,316
14309,++-+--++++++-++---+-+-++----+,9.144416,190,841,380
14310,+-++--++++++-++---+-+-++--+++,9.219544,150,841,300
14311,++++--++++++-++---+-+-++--+-+,7.544376,118,841,236
14312,+---+-++++++-++---+-+-++++-++,10.426339,470,841,940
14313,++--+-++++++-++---+-+-++++--+,8.429836,214,841,428
14314,+-+-+-++++++-++---+-+-+++++++,11.000000,590,841,1180
14315,+++-+-++++++-++---+-+-+++++-+,11.000000,270,841,540
14316,+--++-++++++-++---+-+-+++--++,10.669913,374,841,748
14317,++-++-++++++-++---+-+-+++---+,8.723129,182,841,364
14318,+-+++-++++++-++---+-+-+++-+++,11.000000,398,841,796
14319,+++++-++++++-++---+-+-+++-+-+,11.000000,270,841,540
14320,+----+++++++-++---+-+-+--+-++,8.946394,254,841,508
14321,++---+++++++-++---+-+-+--+--+,7.310279,94,841,188
14322,+-+--+++++++-++---+-+-+--++++,9.172631,278,841,556
14323,+++--+++++++-++---+-+-+--++-+,9.219544,182,841,364
14324,+--+-+++++++-++---+-+-+----++,8.368530,190,841,380
14325,++-+-+++++++-++---+-+-+-----+,10.363325,350,841,700
14326,+-++-+++++++-++---+-+-+---+++,8.687679,182,841,364
14327,++++-+++++++-++---+-+-+---+-+,10.194194,406,841,812
14328,+---++++++++-++---+-+-+-++-++,9.624631,310,841,620
14329,++--++++++++-++---+-+-+-++--+,9.075615,182,841,364
14330,+-+-++++++++-++---+-+-+-+++++,11.000000,558,841,1116
14331,+++-++++++++-++---+-+-+-+++-+,11.000000,366,841,732
14332,+--+++++++++-++---+-+-+-+--++,9.263129,310,841,620
14333,++-+++++++++-++---+-+-+-+---+,10.336583,438,841,876
14334,+-++++++++++-++---+-+-+-+-+++,11.000000,526,841,1052
14335,++++++++++++-++---+-+-+-+-+-+,11.000000,718,841,1436
14336,+-----------+++-++-+-+-+-+-++,9.584589,366,841,732
14337,++----------+++-++-+-+-+-+--+,9.689323,334,841,668
14338,+-+---------+++-++-+-+-+-++++,10.142005,454,841,908
14339,+++---------+++-++-+-+-+-++-+,9.992254,358,841,716
14340,+--+--------+++-++-+-+-+---++,9.217190,238,841,476
14341,++-+--------+++-++-+-+-+----+,11.284761,462,841,924
14342,+-++--------+++-++-+-+-+--+++,10.219998,358,841,716
14343,++++--------+++-++-+-+-+--+-+,11.056641,518,841,1036
14344,+---+-------+++-++-+-+-+++-++,9.590513,262,841,524
14345,++--+-------+++-++-+-+-+++--+,10.816654,262,841,524
14346,+-+-+-------+++-++-+-+-++++++,10.292563,510,841,1020
14347,+++-+-------+++-++-+-+-++++-+,10.495163,446,841,892
14348,+--++-------+++-++-+-+-++--++,9.219544,198,841,396
14349,++-++-------+++-++-+-+-++---+,9.219544,262,841,524
14350,+-+++-------+++-++-+-+-++-+++,10.294798,350,841,700
14351,+++++-------+++-++-+-+-++-+-+,10.221016,478,841,956
14352,+----+------+++-++-+-+---+-++,8.708452,238,841,476
14353,++---+------+++-++-+-+---+--+,11.180340,462,841,924
14354,+-+--+------+++-++-+-+---++++,10.099870,326,841,652
14355,+++--+------+++-++-+-+---++-+,10.493162,486,841,972
14356,+--+-+------+++-++-+-+-----++,9.756725,334,841,668
14357,++-+-+------+++-++-+-+------+,11.903849,622,841,1244
14358,+-++-+------+++-++-+-+----+++,11.325727,518,841,1036
14359,++++-+------+++-++-+-+----+-+,12.429864,742,841,1484
14360,+---++------+++-++-+-+--++-++,10.816654,230,841,460
14361,++--++------+++-++-+-+--++--+,13.453624,550,841,1100
14362,+-+-++------+++-++-+-+--+++++,10.525349,414,841,828
14363,+++-++------+++-++-+-+--+++-+,11.180340,542,841,1084
14364,+--+++------+++-++-+-+--+--++,9.219544,262,841,524
14365,++-+++------+++-++-+-+--+---+,10.816654,454,841,908
14366,+-++++------+++-++-+-+--+-+++,11.509623,542,841,1084
14367,++++++------+++-++-+-+--+-+-+,11.564504,670,841,1340
14368,+-----+-----+++-++-+-+++-+-++,9.539518,294,841,588
14369,++----+-----+++-++-+-+++-+--+,8.675257,230,841,460
14370,+-+---+-----+++-++-+-+++-++++,9.618334,254,841,508
14371,+++---+-----+++-++-+-+++-++-+,7.483614,126,841,252
14372,+--+--+-----+++-++-+-+++---++,8.662763,230,841,460
14373,++-+--+-----+++-++-+-+++----+,8.814927,294,841,588
14374,+-++--+-----+++-++-+-+++--+++,9.470868,222,841,444
14375,++++--+-----+++-++-+-+++--+-+,8.574257,222,841,444
14376,+---+-+-----+++-++-+-+++++-++,9.535751,222,841,444
14377,++--+-+-----+++-++-+-+++++--+,8.576231,190,841,380
14378,+-+-+-+-----+++-++-+-++++++++,9.739384,342,841,684
14379,+++-+-+-----+++-++-+-++++++-+,8.804032,246,841,492
14380,+--++-+-----+++-++-+-++++--++,8.282736,158,841,316
14381,++-++-+-----+++-++-+-++++---+,8.070568,190,841,380
14382,+-+++-+-----+++-++-+-++++-+++,8.118689,182,841,364
14383,+++++-+-----+++-++-+-++++-+-+,8.734809,278,841,556
14384,+----++-----+++-++-+-++--+-++,10.321835,294,841,588
14385,++---++-----+++-++-+-++--+--+,10.049876,294,841,588
14386,+-+--++-----+++-++-+-++--++++,9.060788,190,841,380
14387,+++--++-----+++-++-+-++--++-+,10.440307,254,841,508
14388,+--+-++-----+++-++-+-++----++,10.723026,390,841,780
14389,++-+-++-----+++-++-+-++-----+,9.399507,326,841,652
14390,+-++-++-----+++-++-+-++---+++,8.564509,254,841,508
14391,++++-++-----+++-++-+-++---+-+,9.712112,254,841,508
14392,+---+++-----+++-++-+-++-++-++,8.670340,190,841,380
14393,++--+++-----+++-++-+-++-++--+,11.180340,286,841,572
14394,+-+-+++-----+++-++-+-++-+++++,8.762594,182,841,364
14395,+++-+++-----+++-++-+-++-+++-+,10.049876,214,841,428
14396,+--++++-----+++-++-+-++-+--++,9.987603,286,841,572
14397,++-++++-----+++-++-+-++-+---+,8.498574,254,841,508
14398,+-+++++-----+++-++-+-++-+-+++,9.435133,246,841,492
14399,+++++++-----+++-++-+-++-+-+-+,8.953766,278,841,556
14400,+------+----+++-++-+---+-+-++,8.962817,142,841,284
14401,++-----+----+++-++-+---+-+--+,9.867034,366,841,732
14402,+-+----+----+++-++-+---+-++++,10.140048,294,841,588
14403,+++----+----+++-++-+---+-++-+,9.991109,454,841,908
14404,+--+---+----+++-++-+---+---++,9.269949,334,841,668
14405,++-+---+----+++-++-+---+----+,10.090478,430,841,860
14406,+-++---+----+++-++-+---+--+++,10.237413,518,841,1036
14407,++++---+----+++-++-+---+--+-+,10.782088,550,841,1100
14408,+---+--+----+++-++-+---+++-++,9.219544,134,841,268
14409,++--+--+----+++-++-+---+++--+,10.006950,326,841,652
14410,+-+-+--+----+++-++-+---++++++,10.196390,318,841,636
14411,+++-+--+----+++-++-+---++++-+,10.233979,446,841,892
14412,+--++--+----+++-++-+---++--++,10.816654,454,841,908
14413,++-++--+----+++-++-+---++---+,9.219544,326,841,652
14414,+-+++--+----+++-++-+---++-+++,10.586471,542,841,1084
14415,+++++--+----+++-++-+---++-+-+,10.418488,478,841,956
14416,+----+-+----+++-++-+-----+-++,8.734746,238,841,476
14417,++---+-+----+++-++-+-----+--+,9.142319,334,841,668
14418,+-+--+-+----+++-++-+-----++++,10.152601,454,841,908
14419,+++--+-+----+++-++-+-----++-+,10.468785,486,841,972
14420,+--+-+-+----+++-++-+-------++,9.278892,270,841,540
14421,++-+-+-+----+++-++-+--------+,10.979261,430,841,860
14422,+-++-+-+----+++-++-+------+++,11.546410,582,841,1164
14423,++++-+-+----+++-++-+------+-+,12.219707,678,841,1356
14424,+---++-+----+++-++-+----++-++,9.219544,262,841,524
14425,++--++-+----+++-++-+----++--+,10.816654,390,841,780
14426,+-+-++-+----+++-++-+----+++++,11.192822,574,841,1148
14427,+++-++-+----+++-++-+----+++-+,10.641626,510,841,1020
14428,+--+++-+----+++-++-+----+--++,9.274552,294,841,588
14429,++-+++-+----+++-++-+----+---+,9.659458,294,841,588
14430,+-++++-+----+++-++-+----+-+++,12.275704,702,841,1404
14431,++++++-+----+++-++-+----+-+-+,11.919925,638,841,1276
14432,+-----++----+++-++-+--++-+-++,9.032076,230,841,460
14433,++----++----+++-++-+--++-+--+,11.480855,614,841,1228
14434,+-+---++----+++-++-+--++-++++,8.961765,190,841,380
14435,+++---++----+++-++-+--++-++-+,10.134403,382,841,764
14436,+--+--++----+++-++-+--++---++,9.973705,422,841,844
14437,++-+--++----+++-++-+--++----+,11.157634,550,841,1100
14438,+-++--++----+++-++-+--++--+++,11.320120,542,841,1084
14439,++++--++----+++-++-+--++--+-+,10.930639,478,841,956
14440,+---+-++----+++-++-+--++++-++,8.503146,190,841,380
14441,++--+-++----+++-++-+--++++--+,11.431528,542,841,1084
14442,+-+-+-++----+++-++-+--+++++++,8.400315,182,841,364
14443,+++-+-++----+++-++-+--+++++-+,9.867340,342,841,684
14444,+--++-++----+++-++-+--+++--++,9.383166,318,841,636
14445,++-++-++----+++-++-+--+++---+,10.209087,350,841,700
14446,+-+++-++----+++-++-+--+++-+++,9.558286,342,841,684
14447,+++++-++----+++-++-+--+++-+-+,9.469266,310,841,620
14448,+----+++----+++-++-+--+--+-++,9.780343,326,841,652
14449,++---+++----+++-++-+--+--+--+,10.004337,390,841,780
14450,+-+--+++----+++-++-+--+--++++,9.289586,286,841,572
14451,+++--+++----+++-++-+--+--++-+,8.803000,286,841,572
14452,+--+-+++----+++-++-+--+----++,9.680982,294,841,588
14453,++-+-+++----+++-++-+--+-----+,9.078430,294,841,588
14454,+-++-+++----+++-++-+--+---+++,9.329003,350,841,700
14455,++++-+++----+++-++-+--+---+-+,9.502209,286,841,572
14456,+---++++----+++-++-+--+-++-++,8.650893,318,841,636
14457,++--++++----+++-++-+--+-++--+,10.619660,414,841,828
14458,+-+-++++----+++-++-+--+-+++++,10.274379,374,841,748
14459,+++-++++----+++-++-+--+-+++-+,8.888225,278,841,556
14460,+--+++++----+++-++-+--+-+--++,8.347236,222,841,444
14461,++-+++++----+++-++-+--+-+---+,8.704450,190,841,380
14462,+-++++++----+++-++-+--+-+-+++,10.707747,374,841,748
14463,++++++++----+++-++-+--+-+-+-+,9.588567,278,841,556
14464,+-------+---+++-++-+++-+-+-++,9.658331,358,841,716
14465,++------+---+++-++-+++-+-+--+,10.816654,358,841,716
14466,+-+-----+---+++-++-+++-+-++++,9.535686,254,841,508
14467,+++-----+---+++-++-+++-+-++-+,8.360223,190,841,380
14468,+--+----+---+++-++-+++-+---++,9.219544,198,841,396
14469,++-+----+---+++-++-+++-+----+,9.856364,326,841,652
14470,+-++----+---+++-++-+++-+--+++,8.065974,126,841,252
14471,++++----+---+++-++-+++-+--+-+,8.889933,190,841,380
14472,+---+---+---+++-++-+++-+++-++,13.152946,670,841,1340
14473,++--+---+---+++-++-+++-+++--+,14.317821,702,841,1404
14474,+-+-+---+---+++-++-+++-++++++,9.540697,342,841,684
14475,+++-+---+---+++-++-+++-++++-+,10.816654,310,841,620
14476,+--++---+---+++-++-+++-++--++,13.152946,574,841,1148
14477,++-++---+---+++-++-+++-++---+,13.152946,542,841,1084
14478,+-+++---+---+++-++-+++-++-+++,9.219544,150,841,300
14479,+++++---+---+++-++-+++-++-+-+,9.219544,182,841,364
14480,+----+--+---+++-++-+++---+-++,10.816654,422,841,844
14481,++---+--+---+++-++-+++---+--+,13.453624,678,841,1356
14482,+-+--+--+---+++-++-+++---++++,9.562075,254,841,508
14483,+++--+--+---+++-++-+++---++-+,11.180340,446,841,892
14484,+--+-+--+---+++-++-+++-----++,9.219544,294,841,588
14485,++-+-+--+---+++-++-+++------+,10.816654,486,841,972
14486,+-++-+--+---+++-++-+++----+++,8.292142,222,841,444
14487,++++-+--+---+++-++-+++----+-+,10.148812,350,841,700
14488,+---++--+---+++-++-+++--++-++,14.317821,766,841,1532
14489,++--++--+---+++-++-+++--++--+,16.401219,1246,841,2492
14490,+-+-++--+---+++-++-+++--+++++,10.816654,310,841,620
14491,+++-++--+---+++-++-+++--+++-+,13.453624,598,841,1196
14492,+--+++--+---+++-++-+++--+--++,13.152946,574,841,1148
14493,++-+++--+---+++-++-+++--+---+,14.317821,798,841,1596
14494,+-++++--+---+++-++-+++--+-+++,9.219544,214,841,428
14495,++++++--+---+++-++-+++--+-+-+,10.816654,374,841,748
14496,+-----+-+---+++-++-+++++-+-++,9.937197,446,841,892
14497,++----+-+---+++-++-+++++-+--+,9.538694,286,841,572
14498,+-+---+-+---+++-++-+++++-++++,9.613669,406,841,812
14499,+++---+-+---+++-++-+++++-++-+,8.656274,182,841,364
14500,+--+--+-+---+++-++-+++++---++,9.860190,286,841,572
14501,++-+--+-+---+++-++-+++++----+,9.591779,254,841,508
14502,+-++--+-+---+++-++-+++++--+++,9.045596,278,841,556
14503,++++--+-+---+++-++-+++++--+-+,8.705826,182,841,364
14504,+---+-+-+---+++-++-+++++++-++,9.884846,406,841,812
14505,++--+-+-+---+++-++-+++++++--+,10.816654,278,841,556
14506,+-+-+-+-+---+++-++-++++++++++,11.000000,526,841,1052
14507,+++-+-+-+---+++-++-++++++++-+,11.000000,334,841,668
14508,+--++-+-+---+++-++-++++++--++,9.219544,246,841,492
14509,++-++-+-+---+++-++-++++++---+,9.219544,182,841,364
14510,+-+++-+-+---+++-++-++++++-+++,11.000000,270,841,540
14511,+++++-+-+---+++-++-++++++-+-+,11.000000,270,841,540
14512,+----++-+---+++-++-++++--+-++,11.772984,574,841,1148
14513,++---++-+---+++-++-++++--+--+,11.180340,478,841,956
14514,+-+--++-+---+++-++-++++--++++,10.901412,406,841,812
14515,+++--++-+---+++-++-++++--++-+,10.049876,374,841,748
14516,+--+-++-+---+++-++-++++----++,11.664873,510,841,1020
14517,++-+-++-+---+++-++-++++-----+,9.863803,350,841,700
14518,+-++-++-+---+++-++-++++---+++,9.806068,310,841,620
14519,++++-++-+---+++-++-++++---+-+,8.745480,214,841,428
14520,+---+++-+---+++-++-++++-++-++,10.816654,438,841,876
14521,++--+++-+---+++-++-++++-++--+,13.453624,566,841,1132
14522,+-+-+++-+---+++-++-++++-+++++,11.000000,366,841,732
14523,+++-+++-+---+++-++-++++-+++-+,11.180340,430,841,860
14524,+--++++-+---+++-++-++++-+--++,10.324467,374,841,748
14525,++-++++-+---+++-++-++++-+---+,10.816654,374,841,748
14526,+-+++++-+---+++-++-++++-+-+++,11.000000,270,841,540
14527,+++++++-+---+++-++-++++-+-+-+,11.000000,334,841,668
14528,+------++---+++-++-++--+-+-++,9.219544,134,841,268
14529,++-----++---+++-++-++--+-+--+,9.323559,326,841,652
14530,+-+----++---+++-++-++--+-++++,8.928790,158,841,316
14531,+++----++---+++-++-++--+-++-+,10.540256,414,841,828
14532,+--+---++---+++-++-++--+---++,10.816654,358,841,716
14533,++-+---++---+++-++-++--+----+,9.219544,294,841,588
14534,+-++---++---+++-++-++--+--+++,9.524347,286,841,572
14535,++++---++---+++-++-++--+--+-+,8.661698,286,841,572
14536,+---+--++---+++-++-++--+++-++,13.152946,478,841,956
14537,++--+--++---+++-++-++--+++--+,13.152946,638,841,1276
14538,+-+-+--++---+++-++-++--++++++,9.219544,150,841,300
14539,+++-+--++---+++-++-++--++++-+,10.032189,374,841,748
14540,+--++--++---+++-++-++--++--++,14.317821,958,841,1916
14541,++-++--++---+++-++-++--++---+,13.152946,670,841,1340
14542,+-+++--++---+++-++-++--++-+++,10.816654,406,841,812
14543,+++++--++---+++-++-++--++-+-+,9.219544,310,841,620
14544,+----+-++---+++-++-++----+-++,9.806300,358,841,716
14545,++---+-++---+++-++-++----+--+,10.816654,422,841,844
14546,+-+--+-++---+++-++-++----++++,10.499987,382,841,764
14547,+++--+-++---+++-++-++----++-+,11.089753,510,841,1020
14548,+--+-+-++---+++-++-++------++,9.219544,230,841,460
14549,++-+-+-++---+++-++-++-------+,9.219544,230,841,460
14550,+-++-+-++---+++-++-++-----+++,8.557744,222,841,444
14551,++++-+-++---+++-++-++-----+-+,9.586392,286,841,572
14552,+---++-++---+++-++-++---++-++,13.152946,542,841,1084
14553,++--++-++---+++-++-++---++--+,14.317821,766,841,1532
14554,+-+-++-++---+++-++-++---+++++,9.219544,278,841,556
14555,+++-++-++---+++-++-++---+++-+,10.816654,438,841,876
14556,+--+++-++---+++-++-++---+--++,13.152946,542,841,1084
14557,++-+++-++---+++-++-++---+---+,13.152946,510,841,1020
14558,+-++++-++---+++-++-++---+-+++,9.254146,246,841,492
14559,++++++-++---+++-++-++---+-+-+,9.219544,278,841,556
14560,+-----+++---+++-++-++-++-+-++,9.758565,254,841,508
14561,++----+++---+++-++-++-++-+--+,9.726178,478,841,956
14562,+-+---+++---+++-++-++-++-++++,9.472460,278,841,556
14563,+++---+++---+++-++-++-++-++-+,9.546195,438,841,876
14564,+--+--+++---+++-++-++-++---++,9.630570,414,841,828
14565,++-+--+++---+++-++-++-++----+,9.747880,382,841,764
14566,+-++--+++---+++-++-++-++--+++,10.632645,470,841,940
14567,++++--+++---+++-++-++-++--+-+,9.526240,374,841,748
14568,+---+-+++---+++-++-++-++++-++,9.219544,182,841,364
14569,++--+-+++---+++-++-++-++++--+,9.708506,374,841,748
14570,+-+-+-+++---+++-++-++-+++++++,11.000000,238,841,476
14571,+++-+-+++---+++-++-++-+++++-+,11.000000,366,841,732
14572,+--++-+++---+++-++-++-+++--++,10.816654,406,841,812
14573,++-++-+++---+++-++-++-+++---+,9.219544,278,841,556
14574,+-+++-+++---+++-++-++-+++-+++,11.000000,366,841,732
14575,+++++-+++---+++-++-++-+++-+-+,11.000000,302,841,604
14576,+----++++---+++-++-++-+--+-++,11.517544,542,841,1084
14577,++---++++---+++-++-++-+--+--+,9.901558,446,841,892
14578,+-+--++++---+++-++-++-+--++++,11.343828,502,841,1004
14579,+++--++++---+++-++-++-+--++-+,10.852349,470,841,940
14580,+--+-++++---+++-++-++-+----++,11.036248,414,841,828
14581,++-+-++++---+++-++-++-+-----+,9.657102,254,841,508
14582,+-++-++++---+++-++-++-+---+++,9.822717,342,841,684
14583,++++-++++---+++-++-++-+---+-+,8.993116,246,841,492
14584,+---+++++---+++-++-++-+-++-++,9.219544,310,841,620
14585,++--+++++---+++-++-++-+-++--+,10.816654,374,841,748
14586,+-+-+++++---+++-++-++-+-+++++,11.000000,366,841,732
14587,+++-+++++---+++-++-++-+-+++-+,11.000000,366,841,732
14588,+--++++++---+++-++-++-+-+--++,9.219544,246,841,492
14589,++-++++++---+++-++-++-+-+---+,9.219544,182,841,364
14590,+-+++++++---+++-++-++-+-+-+++,11.000000,270,841,540
14591,+++++++++---+++-++-++-+-+-+-+,11.000000,270,841,540
14592,+--------+--+++-++---+-+-+-++,9.768412,302,841,604
14593,++-------+--+++-++---+-+-+--+,11.180340,398,841,796
14594,+-+------+--+++-++---+-+-++++,11.110660,454,841,908
14595,+++------+--+++-++---+-+-++-+,10.589538,486,841,972
14596,+--+-----+--+++-++---+-+---++,8.935665,238,841,476
14597,++-+-----+--+++-++---+-+----+,9.263863,206,841,412
14598,+-++-----+--+++-++---+-+--+++,10.037449,422,841,844
14599,++++-----+--+++-++---+-+--+-+,10.019590,326,841,652
14600,+---+----+--+++-++---+-+++-++,10.816654,326,841,652
14601,++--+----+--+++-++---+-+++--+,13.453624,582,841,1164
14602,+-+-+----+--+++-++---+-++++++,10.941043,510,841,1020
14603,+++-+----+--+++-++---+-++++-+,11.257363,702,841,1404
14604,+--++----+--+++-++---+-++--++,9.898802,326,841,652
14605,++-++----+--+++-++---+-++---+,10.816654,262,841,524
14606,+-+++----+--+++-++---+-++-+++,10.242869,414,841,828
14607,+++++----+--+++-++---+-++-+-+,10.449319,414,841,828
14608,+----+---+--+++-++---+---+-++,11.180340,462,841,924
14609,++---+---+--+++-++---+---+--+,14.866069,1006,841,2012
14610,+-+--+---+--+++-++---+---++++,10.144337,486,841,972
14611,+++--+---+--+++-++---+---++-+,14.035669,966,841,1932
14612,+--+-+---+--+++-++---+-----++,8.695936,238,841,476
14613,++-+-+---+--+++-++---+------+,11.180340,462,841,924
14614,+-++-+---+--+++-++---+----+++,10.248058,358,841,716
14615,++++-+---+--+++-++---+----+-+,10.751331,518,841,1036
14616,+---++---+--+++-++---+--++-++,13.453624,646,841,1292
14617,++--++---+--+++-++---+--++--+,16.643317,1414,841,2828
14618,+-+-++---+--+++-++---+--+++++,11.180340,638,841,1276
14619,+++-++---+--+++-++---+--+++-+,14.866069,1214,841,2428
14620,+--+++---+--+++-++---+--+--++,10.816654,358,841,716
14621,++-+++---+--+++-++---+--+---+,13.453624,614,841,1228
14622,+-++++---+--+++-++---+--+-+++,10.614335,446,841,892
14623,++++++---+--+++-++---+--+-+-+,11.180340,638,841,1276
14624,+-----+--+--+++-++---+++-+-++,7.967909,134,841,268
14625,++----+--+--+++-++---+++-+--+,10.049876,326,841,652
14626,+-+---+--+--+++-++---+++-++++,8.062302,158,841,316
14627,+++---+--+--+++-++---+++-++-+,10.440307,286,841,572
14628,+--+--+--+--+++-++---+++---++,8.820744,262,841,524
14629,++-+--+--+--+++-++---+++----+,9.157152,198,841,396
14630,+-++--+--+--+++-++---+++--+++,9.866473,318,841,636
14631,++++--+--+--+++-++---+++--+-+,8.147344,190,841,380
14632,+---+-+--+--+++-++---+++++-++,7.810250,126,841,252
14633,++--+-+--+--+++-++---+++++--+,11.180340,350,841,700
14634,+-+-+-+--+--+++-++---++++++++,8.553747,182,841,364
14635,+++-+-+--+--+++-++---++++++-+,10.049876,342,841,684
14636,+--++-+--+--+++-++---++++--++,9.324109,254,841,508
14637,++-++-+--+--+++-++---++++---+,7.810250,158,841,316
14638,+-+++-+--+--+++-++---++++-+++,8.858397,214,841,428
14639,+++++-+--+--+++-++---++++-+-+,9.215806,182,841,364
14640,+----++--+--+++-++---++--+-++,10.049876,358,841,716
14641,++---++--+--+++-++---++--+--+,14.035669,806,841,1612
14642,+-+--++--+--+++-++---++--++++,10.440307,318,841,636
14643,+++--++--+--+++-++---++--++-+,14.317821,830,841,1660
14644,+--+-++--+--+++-++---++----++,8.797147,262,841,524
14645,++-+-++--+--+++-++---++-----+,10.049876,262,841,524
14646,+-++-++--+--+++-++---++---+++,7.729213,190,841,380
14647,++++-++--+--+++-++---++---+-+,10.440307,254,841,508
14648,+---+++--+--+++-++---++-++-++,11.180340,382,841,764
14649,++--+++--+--+++-++---++-++--+,14.866069,926,841,1852
14650,+-+-+++--+--+++-++---++-+++++,10.049876,310,841,620
14651,+++-+++--+--+++-++---++-+++-+,14.035669,790,841,1580
14652,+--++++--+--+++-++---++-+--++,8.507487,286,841,572
14653,++-++++--+--+++-++---++-+---+,11.180340,318,841,636
14654,+-+++++--+--+++-++---++-+-+++,8.603523,182,841,364
14655,+++++++--+--+++-++---++-+-+-+,10.049876,278,841,556
14656,+------+-+--+++-++-----+-+-++,10.542624,302,841,604
14657,++-----+-+--+++-++-----+-+--+,8.956182,270,841,540
14658,+-+----+-+--+++-++-----+-++++,11.224326,454,841,908
14659,+++----+-+--+++-++-----+-++-+,10.481499,358,841,716
14660,+--+---+-+--+++-++-----+---++,9.795349,366,841,732
14661,++-+---+-+--+++-++-----+----+,8.786456,206,841,412
14662,+-++---+-+--+++-++-----+--+++,10.174048,550,841,1100
14663,++++---+-+--+++-++-----+--+-+,10.018010,326,841,652
14664,+---+--+-+--+++-++-----+++-++,9.219544,230,841,460
14665,++--+--+-+--+++-++-----+++--+,10.816654,294,841,588
14666,+-+-+--+-+--+++-++-----++++++,10.601982,414,841,828
14667,+++-+--+-+--+++-++-----++++-+,10.703263,414,841,828
14668,+--++--+-+--+++-++-----++--++,10.834580,422,841,844
14669,++-++--+-+--+++-++-----++---+,9.219544,166,841,332
14670,+-+++--+-+--+++-++-----++-+++,10.207402,510,841,1020
14671,+++++--+-+--+++-++-----++-+-+,10.207613,318,841,636
14672,+----+-+-+--+++-++-------+-++,10.024521,302,841,604
14673,++---+-+-+--+++-++-------+--+,11.180340,334,841,668
14674,+-+--+-+-+--+++-++-------++++,10.198983,390,841,780
14675,+++--+-+-+--+++-++-------++-+,10.049876,358,841,716
14676,+--+-+-+-+--+++-++---------++,8.823343,206,841,412
14677,++-+-+-+-+--+++-++----------+,9.166778,302,841,604
14678,+-++-+-+-+--+++-++--------+++,10.348341,390,841,780
14679,++++-+-+-+--+++-++--------+-+,10.727107,422,841,844
14680,+---++-+-+--+++-++------++-++,10.816654,326,841,652
14681,++--++-+-+--+++-++------++--+,13.453624,518,841,1036
14682,+-+-++-+-+--+++-++------+++++,10.441151,510,841,1020
14683,+++-++-+-+--+++-++------+++-+,11.180340,510,841,1020
14684,+--+++-+-+--+++-++------+--++,9.219544,230,841,460
14685,++-+++-+-+--+++-++------+---+,10.816654,294,841,588
14686,+-++++-+-+--+++-++------+-+++,11.198353,510,841,1020
14687,++++++-+-+--+++-++------+-+-+,10.785320,510,841,1020
14688,+-----++-+--+++-++----++-+-++,8.405495,230,841,460
14689,++----++-+--+++-++----++-+--+,10.425568,486,841,972
14690,+-+---++-+--+++-++----++-++++,8.558312,190,841,380
14691,+++---++-+--+++-++----++-++-+,8.665066,254,841,508
14692,+--+--++-+--+++-++----++---++,9.880366,422,841,844
14693,++-+--++-+--+++-++----++----+,9.809694,422,841,844
14694,+-++--++-+--+++-++----++--+++,11.324115,542,841,1084
14695,++++--++-+--+++-++----++--+-+,10.104949,350,841,700
14696,+---+-++-+--+++-++----++++-++,8.801492,190,841,380
14697,++--+-++-+--+++-++----++++--+,9.950114,414,841,828
14698,+-+-+-++-+--+++-++----+++++++,8.092149,182,841,364
14699,+++-+-++-+--+++-++----+++++-+,8.557484,214,841,428
14700,+--++-++-+--+++-++----+++--++,10.051358,318,841,636
14701,++-++-++-+--+++-++----+++---+,8.408354,222,841,444
14702,+-+++-++-+--+++-++----+++-+++,9.878122,342,841,684
14703,+++++-++-+--+++-++----+++-+-+,8.213597,182,841,364
14704,+----+++-+--+++-++----+--+-++,8.055657,166,841,332
14705,++---+++-+--+++-++----+--+--+,10.049876,294,841,588
14706,+-+--+++-+--+++-++----+--++++,7.339226,126,841,252
14707,+++--+++-+--+++-++----+--++-+,10.440307,190,841,380
14708,+--+-+++-+--+++-++----+----++,8.179653,134,841,268
14709,++-+-+++-+--+++-++----+-----+,8.338148,198,841,396
14710,+-++-+++-+--+++-++----+---+++,8.504028,190,841,380
14711,++++-+++-+--+++-++----+---+-+,8.402757,190,841,380
14712,+---++++-+--+++-++----+-++-++,8.866202,222,841,444
14713,++--++++-+--+++-++----+-++--+,11.180340,382,841,764
14714,+-+-++++-+--+++-++----+-+++++,9.718839,278,841,556
14715,+++-++++-+--+++-++----+-+++-+,10.049876,246,841,492
14716,+--+++++-+--+++-++----+-+--++,7.668315,126,841,252
14717,++-+++++-+--+++-++----+-+---+,8.340846,158,841,316
14718,+-++++++-+--+++-++----+-+-+++,9.719228,278,841,556
14719,++++++++-+--+++-++----+-+-+-+,8.547017,246,841,492
14720,+-------++--+++-++--++-+-+-++,10.816654,326,841,652
14721,++------++--+++-++--++-+-+--+,13.453624,646,841,1292
14722,+-+-----++--+++-++--++-+-++++,8.106848,222,841,444
14723,+++-----++--+++-++--++-+-++-+,11.180340,350,841,700
14724,+--+----++--+++-++--++-+---++,9.219544,294,841,588
14725,++-+----++--+++-++--++-+----+,10.816654,358,841,716
14726,+-++----++--+++-++--++-+--+++,9.314844,350,841,700
14727,++++----++--+++-++--++-+--+-+,9.099603,222,841,444
14728,+---+---++--+++-++--++-+++-++,14.317821,830,841,1660
14729,++--+---++--+++-++--++-+++--+,16.401219,1310,841,2620
14730,+-+-+---++--+++-++--++-++++++,10.816654,374,841,748
14731,+++-+---++--+++-++--++-++++-+,13.453624,662,841,1324
14732,+--++---++--+++-++--++-++--++,13.152946,734,841,1468
14733,++-++---++--+++-++--++-++---+,14.317821,766,841,1532
14734,+-+++---++--+++-++--++-++-+++,9.219544,310,841,620
14735,+++++---++--+++-++--++-++-+-+,10.816654,278,841,556
14736,+----+--++--+++-++--++---+-++,13.453624,742,841,1484
14737,++---+--++--+++-++--++---+--+,16.643317,1510,841,3020
14738,+-+--+--++--+++-++--++---++++,11.180340,446,841,892
14739,+++--+--++--+++-++--++---++-+,14.866069,1022,841,2044
14740,+--+-+--++--+++-++--++-----++,10.816654,358,841,716
14741,++-+-+--++--+++-++--++------+,13.453624,678,841,1356
14742,+-++-+--++--+++-++--++----+++,8.490364,286,841,572
14743,++++-+--++--+++-++--++----+-+,11.180340,414,841,828
14744,+---++--++--+++-++--++--++-++,16.401219,1470,841,2940
14745,++--++--++--+++-++--++--++--+,19.104973,2590,841,5180
14746,+-+-++--++--+++-++--++--+++++,13.453624,758,841,1516
14747,+++-++--++--+++-++--++--+++-+,16.643317,1558,841,3116
14748,+--+++--++--+++-++--++--+--++,14.317821,894,841,1788
14749,++-+++--++--+++-++--++--+---+,16.401219,1374,841,2748
14750,+-++++--++--+++-++--++--+-+++,10.816654,406,841,812
14751,++++++--++--+++-++--++--+-+-+,13.453624,694,841,1388
14752,+-----+-++--+++-++--++++-+-++,9.522952,254,841,508
14753,++----+-++--+++-++--++++-+--+,11.180340,542,841,1084
14754,+-+---+-++--+++-++--++++-++++,8.592603,214,841,428
14755,+++---+-++--+++-++--++++-++-+,10.049876,310,841,620
14756,+--+--+-++--+++-++--++++---++,9.590372,350,841,700
14757,++-+--+-++--+++-++--++++----+,10.847622,382,841,764
14758,+-++--+-++--+++-++--++++--+++,9.866062,470,841,940
14759,++++--+-++--+++-++--++++--+-+,10.252793,310,841,620
14760,+---+-+-++--+++-++--++++++-++,10.816654,342,841,684
14761,++--+-+-++--+++-++--++++++--+,13.453624,662,841,1324
14762,+-+-+-+-++--+++-++--+++++++++,11.000000,334,841,668
14763,+++-+-+-++--+++-++--+++++++-+,11.180340,462,841,924
14764,+--++-+-++--+++-++--+++++--++,9.219544,310,841,620
14765,++-++-+-++--+++-++--+++++---+,10.816654,310,841,620
14766,+-+++-+-++--+++-++--+++++-+++,11.000000,334,841,668
14767,+++++-+-++--+++-++--+++++-+-+,11.000000,270,841,540
14768,+----++-++--+++-++--+++--+-++,11.180340,542,841,1084
14769,++---++-++--+++-++--+++--+--+,14.866069,1086,841,2172
14770,+-+--++-++--+++-++--+++--++++,10.049876,374,841,748
14771,+++--++-++--+++-++--+++--++-+,14.035669,854,841,1708
14772,+--+-++-++--+++-++--+++----++,9.961566,350,841,700
14773,++-+-++-++--+++-++--+++-----+,11.180340,446,841,892
14774,+-++-++-++--+++-++--+++---+++,8.550679,278,841,556
14775,++++-++-++--+++-++--+++---+-+,10.049876,310,841,620
14776,+---+++-++--+++-++--+++-++-++,13.453624,726,841,1452
14777,++--+++-++--+++-++--+++-++--+,16.643317,1494,841,2988
14778,+-+-+++-++--+++-++--+++-+++++,11.180340,526,841,1052
14779,+++-+++-++--+++-++--+++-+++-+,14.866069,1102,841,2204
14780,+--++++-++--+++-++--+++-+--++,10.816654,406,841,812
14781,++-++++-++--+++-++--+++-+---+,13.453624,662,841,1324
14782,+-+++++-++--+++-++--+++-+-+++,11.000000,302,841,604
14783,+++++++-++--+++-++--+++-+-+-+,11.180340,494,841,988
14784,+------+++--+++-++--+--+-+-++,9.219544,198,841,396
14785,++-----+++--+++-++--+--+-+--+,10.816654,326,841,652
14786,+-+----+++--+++-++--+--+-++++,8.536904,158,841,316
14787,+++----+++--+++-++--+--+-++-+,7.959965,222,841,444
14788,+--+---+++--+++-++--+--+---++,9.835662,358,841,716
14789,++-+---+++--+++-++--+--+----+,9.219544,230,841,460
14790,+-++---+++--+++-++--+--+--+++,10.077273,350,841,700
14791,++++---+++--+++-++--+--+--+-+,8.400842,158,841,316
14792,+---+--+++--+++-++--+--+++-++,13.152946,542,841,1084
14793,++--+--+++--+++-++--+--+++--+,14.317821,766,841,1532
14794,+-+-+--+++--+++-++--+--++++++,9.219544,150,841,300
14795,+++-+--+++--+++-++--+--++++-+,10.816654,310,841,620
14796,+--++--+++--+++-++--+--++--++,13.152946,830,841,1660
14797,++-++--+++--+++-++--+--++---+,13.152946,606,841,1212
14798,+-+++--+++--+++-++--+--++-+++,9.814915,342,841,684
14799,+++++--+++--+++-++--+--++-+-+,9.219544,182,841,364
14800,+----+-+++--+++-++--+----+-++,10.816654,390,841,780
14801,++---+-+++--+++-++--+----+--+,13.453624,582,841,1164
14802,+-+--+-+++--+++-++--+----++++,8.226221,222,841,444
14803,+++--+-+++--+++-++--+----++-+,11.180340,350,841,700
14804,+--+-+-+++--+++-++--+------++,9.219544,198,841,396
14805,++-+-+-+++--+++-++--+-------+,10.816654,326,841,652
14806,+-++-+-+++--+++-++--+-----+++,7.679554,126,841,252
14807,++++-+-+++--+++-++--+-----+-+,8.337900,190,841,380
14808,+---++-+++--+++-++--+---++-++,14.317821,766,841,1532
14809,++--++-+++--+++-++--+---++--+,16.401219,1246,841,2492
14810,+-+-++-+++--+++-++--+---+++++,10.816654,310,841,620
14811,+++-++-+++--+++-++--+---+++-+,13.453624,598,841,1196
14812,+--+++-+++--+++-++--+---+--++,13.152946,574,841,1148
14813,++-+++-+++--+++-++--+---+---+,14.317821,798,841,1596
14814,+-++++-+++--+++-++--+---+-+++,9.219544,214,841,428
14815,++++++-+++--+++-++--+---+-+-+,10.816654,374,841,748
14816,+-----++++--+++-++--+-++-+-++,9.651253,222,841,444
14817,++----++++--+++-++--+-++-+--+,11.252401,510,841,1020
14818,+-+---++++--+++-++--+-++-++++,8.545051,182,841,364
14819,+++---++++--+++-++--+-++-++-+,9.133638,278,841,556
14820,+--+--++++--+++-++--+-++---++,9.796234,446,841,892
14821,++-+--++++--+++-++--+-++----+,11.193300,478,841,956
14822,+-++--++++--+++-++--+-++--+++,10.952144,566,841,1132
14823,++++--++++--+++-++--+-++--+-+,9.987873,406,841,812
14824,+---+-++++--+++-++--+-++++-++,9.219544,214,841,428
14825,++--+-++++--+++-++--+-++++--+,10.816654,470,841,940
14826,+-+-+-++++--+++-++--+-+++++++,11.000000,206,841,412
14827,+++-+-++++--+++-++--+-+++++-+,11.000000,270,841,540
14828,+--++-++++--+++-++--+-+++--++,10.108678,374,841,748
14829,++-++-++++--+++-++--+-+++---+,9.219544,310,841,620
14830,+-+++-++++--+++-++--+-+++-+++,11.000000,398,841,796
14831,+++++-++++--+++-++--+-+++-+-+,11.000000,270,841,540
14832,+----+++++--+++-++--+-+--+-++,9.813164,286,841,572
14833,++---+++++--+++-++--+-+--+--+,11.180340,446,841,892
14834,+-+--+++++--+++-++--+-+--++++,9.220436,182,841,364
14835,+++--+++++--+++-++--+-+--++-+,10.049876,278,841,556
14836,+--+-+++++--+++-++--+-+----++,9.683931,222,841,444
14837,++-+-+++++--+++-++--+-+-----+,9.686798,318,841,636
14838,+-++-+++++--+++-++--+-+---+++,8.571002,214,841,428
14839,++++-+++++--+++-++--+-+---+-+,8.645788,246,841,492
14840,+---++++++--+++-++--+-+-++-++,10.816654,310,841,620
14841,++--++++++--+++-++--+-+-++--+,13.453624,630,841,1260
14842,+-+-++++++--+++-++--+-+-+++++,11.000000,302,841,604
14843,+++-++++++--+++-++--+-+-+++-+,11.180340,430,841,860
14844,+--+++++++--+++-++--+-+-+--++,9.219544,182,841,364
14845,++-+++++++--+++-++--+-+-+---+,10.816654,374,841,748
14846,+-++++++++--+++-++--+-+-+-+++,11.000000,270,841,540
14847,++++++++++--+++-++--+-+-+-+-+,11.000000,398,841,796
14848,+---------+-+++-++++-+-+-+-++,9.911603,454,841,908
14849,++--------+-+++-++++-+-+-+--+,10.521919,454,841,908
14850,+-+-------+-+++-++++-+-+-++++,9.578489,350,841,700
14851,+++-------+-+++-++++-+-+-++-+,9.280938,286,841,572
14852,+--+------+-+++-++++-+-+---++,9.688926,358,841,716
14853,++-+------+-+++-++++-+-+----+,11.742290,614,841,1228
14854,+-++------+-+++-++++-+-+--+++,9.524599,286,841,572
14855,++++------+-+++-++++-+-+--+-+,10.901779,478,841,956
14856,+---+-----+-+++-++++-+-+++-++,9.778809,286,841,572
14857,++--+-----+-+++-++++-+-+++--+,7.939906,190,841,380
14858,+-+-+-----+-+++-++++-+-++++++,9.569697,342,841,684
14859,+++-+-----+-+++-++++-+-++++-+,8.837523,182,841,364
14860,+--++-----+-+++-++++-+-++--++,10.147062,254,841,508
14861,++-++-----+-+++-++++-+-++---+,9.205425,222,841,444
14862,+-+++-----+-+++-++++-+-++-+++,8.817725,214,841,428
14863,+++++-----+-+++-++++-+-++-+-+,9.099681,246,841,492
14864,+----+----+-+++-++++-+---+-++,9.059316,198,841,396
14865,++---+----+-+++-++++-+---+--+,10.279639,454,841,908
14866,+-+--+----+-+++-++++-+---++++,9.279528,222,841,444
14867,+++--+----+-+++-++++-+---++-+,10.440307,414,841,828
14868,+--+-+----+-+++-++++-+-----++,9.834315,326,841,652
14869,++-+-+----+-+++-++++-+------+,12.034073,646,841,1292
14870,+-++-+----+-+++-++++-+----+++,10.555682,446,841,892
14871,++++-+----+-+++-++++-+----+-+,12.093486,702,841,1404
14872,+---++----+-+++-++++-+--++-++,7.810250,126,841,252
14873,++--++----+-+++-++++-+--++--+,11.180340,350,841,700
14874,+-+-++----+-+++-++++-+--+++++,8.923916,246,841,492
14875,+++-++----+-+++-++++-+--+++-+,10.049876,278,841,556
14876,+--+++----+-+++-++++-+--+--++,8.431451,190,841,380
14877,++-+++----+-+++-++++-+--+---+,10.032685,286,841,572
14878,+-++++----+-+++-++++-+--+-+++,10.207990,406,841,812
14879,++++++----+-+++-++++-+--+-+-+,10.823458,438,841,876
14880,+-----+---+-+++-++++-+++-+-++,10.148406,350,841,700
14881,++----+---+-+++-++++-+++-+--+,9.503885,318,841,636
14882,+-+---+---+-+++-++++-+++-++++,9.780875,310,841,620
14883,+++---+---+-+++-++++-+++-++-+,9.219544,214,841,428
14884,+--+--+---+-+++-++++-+++---++,8.003521,190,841,380
14885,++-+--+---+-+++-++++-+++----+,9.258783,286,841,572
14886,+-++--+---+-+++-++++-+++--+++,8.647427,182,841,364
14887,++++--+---+-+++-++++-+++--+-+,8.309158,214,841,428
14888,+---+-+---+-+++-++++-+++++-++,10.146260,406,841,812
14889,++--+-+---+-+++-++++-+++++--+,9.825488,278,841,556
14890,+-+-+-+---+-+++-++++-++++++++,11.000000,526,841,1052
14891,+++-+-+---+-+++-++++-++++++-+,11.000000,334,841,668
14892,+--++-+---+-+++-++++-++++--++,9.087673,246,841,492
14893,++-++-+---+-+++-++++-++++---+,8.659421,182,841,364
14894,+-+++-+---+-+++-++++-++++-+++,11.000000,270,841,540
14895,+++++-+---+-+++-++++-++++-+-+,11.000000,270,841,540
14896,+----++---+-+++-++++-++--+-++,8.065757,158,841,316
14897,++---++---+-+++-++++-++--+--+,10.440307,318,841,636
14898,+-+--++---+-+++-++++-++--++++,9.219544,182,841,364
14899,+++--++---+-+++-++++-++--++-+,12.206556,406,841,812
14900,+--+-++---+-+++-++++-++----++,8.277867,158,841,316
14901,++-+-++---+-+++-++++-++-----+,9.478050,254,841,508
14902,+-++-++---+-+++-++++-++---+++,7.664479,150,841,300
14903,++++-++---+-+++-++++-++---+-+,9.499123,310,841,620
14904,+---+++---+-+++-++++-++-++-++,8.241013,182,841,364
14905,++--+++---+-+++-++++-++-++--+,10.049876,310,841,620
14906,+-+-+++---+-+++-++++-++-+++++,11.000000,302,841,604
14907,+++-+++---+-+++-++++-++-+++-+,11.000000,366,841,732
14908,+--++++---+-+++-++++-++-+--++,8.479295,182,841,364
14909,++-++++---+-+++-++++-++-+---+,8.379021,182,841,364
14910,+-+++++---+-+++-++++-++-+-+++,11.000000,270,841,540
14911,+++++++---+-+++-++++-++-+-+-+,11.000000,334,841,668
14912,+------+--+-+++-++++---+-+-++,9.201341,230,841,460
14913,++-----+--+-+++-++++---+-+--+,10.376888,486,841,972
14914,+-+----+--+-+++-++++---+-++++,9.451458,190,841,380
14915,+++----+--+-+++-++++---+-++-+,9.378407,382,841,764
14916,+--+---+--+-+++-++++---+---++,9.477006,390,841,780
14917,++-+---+--+-+++-++++---+----+,10.361809,518,841,1036
14918,+-++---+--+-+++-++++---+--+++,9.450523,382,841,764
14919,++++---+--+-+++-++++---+--+-+,10.287974,446,841,892
14920,+---+--+--+-+++-++++---+++-++,8.260958,158,841,316
14921,++--+--+--+-+++-++++---+++--+,10.731106,382,841,764
14922,+-+-+--+--+-+++-++++---++++++,8.681934,150,841,300
14923,+++-+--+--+-+++-++++---++++-+,9.421512,310,841,620
14924,+--++--+--+-+++-++++---++--++,11.123714,446,841,892
14925,++-++--+--+-+++-++++---++---+,8.820135,350,841,700
14926,+-+++--+--+-+++-++++---++-+++,9.530046,342,841,684
14927,+++++--+--+-+++-++++---++-+-+,9.158338,310,841,620
14928,+----+-+--+-+++-++++-----+-++,9.127184,262,841,524
14929,++---+-+--+-+++-++++-----+--+,9.549936,390,841,780
14930,+-+--+-+--+-+++-++++-----++++,9.240419,286,841,572
14931,+++--+-+--+-+++-++++-----++-+,9.723348,350,841,700
14932,+--+-+-+--+-+++-++++-------++,9.182827,262,841,524
14933,++-+-+-+--+-+++-++++--------+,10.902721,454,841,908
14934,+-++-+-+--+-+++-++++------+++,10.561060,382,841,764
14935,++++-+-+--+-+++-++++------+-+,11.636141,510,841,1020
14936,+---++-+--+-+++-++++----++-++,8.943361,222,841,444
14937,++--++-+--+-+++-++++----++--+,10.614720,382,841,764
14938,+-+-++-+--+-+++-++++----+++++,9.447064,342,841,684
14939,+++-++-+--+-+++-++++----+++-+,9.183357,310,841,620
14940,+--+++-+--+-+++-++++----+--++,8.885850,222,841,444
14941,++-+++-+--+-+++-++++----+---+,9.226523,254,841,508
14942,+-++++-+--+-+++-++++----+-+++,10.866727,438,841,876
14943,++++++-+--+-+++-++++----+-+-+,10.904823,406,841,812
14944,+-----++--+-+++-++++--++-+-++,9.633031,222,841,444
14945,++----++--+-+++-++++--++-+--+,12.158805,638,841,1276
14946,+-+---++--+-+++-++++--++-++++,8.688475,182,841,364
14947,+++---++--+-+++-++++--++-++-+,10.536125,406,841,812
14948,+--+--++--+-+++-++++--++---++,9.720477,382,841,764
14949,++-+--++--+-+++-++++--++----+,11.500958,542,841,1084
14950,+-++--++--+-+++-++++--++--+++,10.752505,502,841,1004
14951,++++--++--+-+++-++++--++--+-+,10.880021,470,841,940
14952,+---+-++--+-+++-++++--++++-++,9.737229,310,841,620
14953,++--+-++--+-+++-++++--++++--+,12.337447,694,841,1388
14954,+-+-+-++--+-+++-++++--+++++++,11.000000,302,841,604
14955,+++-+-++--+-+++-++++--+++++-+,11.000000,494,841,988
14956,+--++-++--+-+++-++++--+++--++,9.899360,406,841,812
14957,++-++-++--+-+++-++++--+++---+,10.839889,470,841,940
14958,+-+++-++--+-+++-++++--+++-+++,11.000000,430,841,860
14959,+++++-++--+-+++-++++--+++-+-+,11.000000,430,841,860
14960,+----+++--+-+++-++++--+--+-++,8.589168,190,841,380
14961,++---+++--+-+++-++++--+--+--+,10.952182,414,841,828
14962,+-+--+++--+-+++-++++--+--++++,7.763775,150,841,300
14963,+++--+++--+-+++-++++--+--++-+,9.219544,310,841,620
14964,+--+-+++--+-+++-++++--+----++,8.237897,126,841,252
14965,++-+-+++--+-+++-++++--+-----+,9.770779,286,841,572
14966,+-++-+++--+-+++-++++--+---+++,8.259881,182,841,364
14967,++++-+++--+-+++-++++--+---+-+,8.954584,278,841,556
14968,+---++++--+-+++-++++--+-++-++,9.551528,310,841,620
14969,++--++++--+-+++-++++--+-++--+,11.812858,566,841,1132
14970,+-+-++++--+-+++-++++--+-+++++,11.000000,366,841,732
14971,+++-++++--+-+++-++++--+-+++-+,11.000000,430,841,860
14972,+--+++++--+-+++-++++--+-+--++,8.347681,182,841,364
14973,++-+++++--+-+++-++++--+-+---+,9.874381,310,841,620
14974,+-++++++--+-+++-++++--+-+-+++,11.000000,334,841,668
14975,++++++++--+-+++-++++--+-+-+-+,11.000000,398,841,796
14976,+-------+-+-+++-++++++-+-+-++,10.659075,446,841,892
14977,++------+-+-+++-++++++-+-+--+,9.906128,350,841,700
14978,+-+-----+-+-+++-++++++-+-++++,10.089327,342,841,684
14979,+++-----+-+-+++-++++++-+-++-+,7.712782,182,841,364
14980,+--+----+-+-+++-++++++-+---++,8.514151,254,841,508
14981,++-+----+-+-+++-++++++-+----+,10.465175,414,841,828
14982,+-++----+-+-+++-++++++-+--+++,8.366801,182,841,364
14983,++++----+-+-+++-++++++-+--+-+,9.107259,278,841,556
14984,+---+---+-+-+++-++++++-+++-++,10.559117,502,841,1004
14985,++--+---+-+-+++-++++++-+++--+,10.816654,310,841,620
14986,+-+-+---+-+-+++-++++++-++++++,11.000000,558,841,1116
14987,+++-+---+-+-+++-++++++-++++-+,11.000000,302,841,604
14988,+--++---+-+-+++-++++++-++--++,10.231122,374,841,748
14989,++-++---+-+-+++-++++++-++---+,9.219544,246,841,492
14990,+-+++---+-+-+++-++++++-++-+++,11.000000,334,841,668
14991,+++++---+-+-+++-++++++-++-+-+,11.000000,270,841,540
14992,+----+--+-+-+++-++++++---+-++,7.810250,190,841,380
14993,++---+--+-+-+++-++++++---+--+,11.180340,350,841,700
14994,+-+--+--+-+-+++-++++++---++++,7.492673,150,841,300
14995,+++--+--+-+-+++-++++++---++-+,10.049876,246,841,492
14996,+--+-+--+-+-+++-++++++-----++,7.902954,158,841,316
14997,++-+-+--+-+-+++-++++++------+,10.363263,382,841,764
14998,+-++-+--+-+-+++-++++++----+++,8.989913,214,841,428
14999,++++-+--+-+-+++-++++++----+-+,10.039553,374,841,748
15000,+---++--+-+-+++-++++++--++-++,10.816654,278,841,556
15001,++--++--+-+-+++-++++++--++--+,13.453624,534,841,1068
15002,+-+-++--+-+-+++-++++++--+++++,11.000000,334,841,668
15003,+++-++--+-+-+++-++++++--+++-+,11.180340,398,841,796
15004,+--+++--+-+-+++-++++++--+--++,9.219544,182,841,364
15005,++-+++--+-+-+++-++++++--+---+,10.816654,310,841,620
15006,+-++++--+-+-+++-++++++--+-+++,11.000000,334,841,668
15007,++++++--+-+-+++-++++++--+-+-+,11.000000,398,841,796
15008,+-----+-+-+-+++-++++++++-+-++,11.130766,502,841,1004
15009,++----+-+-+-+++-++++++++-+--+,8.829210,246,841,492
15010,+-+---+-+-+-+++-++++++++-++++,11.149024,654,841,1308
15011,+++---+-+-+-+++-++++++++-++-+,11.000000,334,841,668
15012,+--+--+-+-+-+++-++++++++---++,8.012308,182,841,364
15013,++-+--+-+-+-+++-++++++++----+,8.480850,182,841,364
15014,+-++--+-+-+-+++-++++++++--+++,11.000000,366,841,732
15015,++++--+-+-+-+++-++++++++--+-+,11.000000,302,841,604
15016,+---+-+-+-+-+++-++++++++++-++,11.654638,782,841,1564
15017,++--+-+-+-+-+++-++++++++++--+,11.000000,430,841,860
15018,+-+-+-+-+-+-+++-+++++++++++++,15.000000,1478,841,2956
15019,+++-+-+-+-+-+++-+++++++++++-+,15.000000,1062,841,2124
15020,+--++-+-+-+-+++-+++++++++--++,11.000000,462,841,924
15021,++-++-+-+-+-+++-+++++++++---+,11.000000,302,841,604
15022,+-+++-+-+-+-+++-+++++++++-+++,15.000000,1062,841,2124
15023,+++++-+-+-+-+++-+++++++++-+-+,15.000000,966,841,1932
15024,+----++-+-+-+++-+++++++--+-++,9.054666,246,841,492
15025,++---++-+-+-+++-+++++++--+--+,10.049876,182,841,364
15026,+-+--++-+-+-+++-+++++++--++++,11.000000,398,841,796
15027,+++--++-+-+-+++-+++++++--++-+,11.000000,398,841,796
15028,+--+-++-+-+-+++-+++++++----++,8.881432,150,841,300
15029,++-+-++-+-+-+++-+++++++-----+,8.435037,150,841,300
15030,+-++-++-+-+-+++-+++++++---+++,11.000000,270,841,540
15031,++++-++-+-+-+++-+++++++---+-+,11.000000,334,841,668
15032,+---+++-+-+-+++-+++++++-++-++,11.000000,430,841,860
15033,++--+++-+-+-+++-+++++++-++--+,11.180340,462,841,924
15034,+-+-+++-+-+-+++-+++++++-+++++,15.000000,1062,841,2124
15035,+++-+++-+-+-+++-+++++++-+++-+,15.000000,1030,841,2060
15036,+--++++-+-+-+++-+++++++-+--++,11.000000,334,841,668
15037,++-++++-+-+-+++-+++++++-+---+,11.000000,366,841,732
15038,+-+++++-+-+-+++-+++++++-+-+++,15.000000,934,841,1868
15039,+++++++-+-+-+++-+++++++-+-+-+,15.000000,1030,841,2060
15040,+------++-+-+++-+++++--+-+-++,8.069058,158,841,316
15041,++-----++-+-+++-+++++--+-+--+,9.329862,254,841,508
15042,+-+----++-+-+++-+++++--+-++++,8.683018,182,841,364
15043,+++----++-+-+++-+++++--+-++-+,9.763529,342,841,684
15044,+--+---++-+-+++-+++++--+---++,9.676525,286,841,572
15045,++-+---++-+-+++-+++++--+----+,8.631458,254,841,508
15046,+-++---++-+-+++-+++++--+--+++,9.297327,214,841,428
15047,++++---++-+-+++-+++++--+--+-+,8.642059,246,841,492
15048,+---+--++-+-+++-+++++--+++-++,9.219544,246,841,492
15049,++--+--++-+-+++-+++++--+++--+,9.373740,310,841,620
15050,+-+-+--++-+-+++-+++++--++++++,11.000000,302,841,604
15051,+++-+--++-+-+++-+++++--++++-+,11.000000,430,841,860
15052,+--++--++-+-+++-+++++--++--++,11.480648,630,841,1260
15053,++-++--++-+-+++-+++++--++---+,9.537137,374,841,748
15054,+-+++--++-+-+++-+++++--++-+++,11.000000,462,841,924
15055,+++++--++-+-+++-+++++--++-+-+,11.000000,398,841,796
15056,+----+-++-+-+++-+++++----+-++,9.452219,254,841,508
15057,++---+-++-+-+++-+++++----+--+,8.704309,222,841,444
15058,+-+--+-++-+-+++-+++++----++++,9.072292,278,841,556
15059,+++--+-++-+-+++-+++++----++-+,9.738652,310,841,620
15060,+--+-+-++-+-+++-+++++------++,8.260146,158,841,316
15061,++-+-+-++-+-+++-+++++-------+,8.859759,190,841,380
15062,+-++-+-++-+-+++-+++++-----+++,7.715897,150,841,300
15063,++++-+-++-+-+++-+++++-----+-+,9.212356,246,841,492
15064,+---++-++-+-+++-+++++---++-++,9.219544,182,841,364
15065,++--++-++-+-+++-+++++---++--+,10.816654,310,841,620
15066,+-+-++-++-+-+++-+++++---+++++,11.000000,302,841,604
15067,+++-++-++-+-+++-+++++---+++-+,11.000000,366,841,732
15068,+--+++-++-+-+++-+++++---+--++,9.219544,214,841,428
15069,++-+++-++-+-+++-+++++---+---+,9.219544,214,841,428
15070,+-++++-++-+-+++-+++++---+-+++,11.000000,302,841,604
15071,++++++-++-+-+++-+++++---+-+-+,11.000000,366,841,732
15072,+-----+++-+-+++-+++++-++-+-++,8.481586,182,841,364
15073,++----+++-+-+++-+++++-++-+--+,10.123546,310,841,620
15074,+-+---+++-+-+++-+++++-++-++++,11.000000,398,841,796
15075,+++---+++-+-+++-+++++-++-++-+,11.000000,462,841,924
15076,+--+--+++-+-+++-+++++-++---++,9.273242,246,841,492
15077,++-+--+++-+-+++-+++++-++----+,9.602048,246,841,492
15078,+-++--+++-+-+++-+++++-++--+++,11.000000,494,841,988
15079,++++--+++-+-+++-+++++-++--+-+,11.000000,430,841,860
15080,+---+-+++-+-+++-+++++-++++-++,11.000000,430,841,860
15081,++--+-+++-+-+++-+++++-++++--+,11.000000,526,841,1052
15082,+-+-+-+++-+-+++-+++++-+++++++,15.000000,1062,841,2124
15083,+++-+-+++-+-+++-+++++-+++++-+,15.000000,1094,841,2188
15084,+--++-+++-+-+++-+++++-+++--++,11.000000,558,841,1116
15085,++-++-+++-+-+++-+++++-+++---+,11.000000,462,841,924
15086,+-+++-+++-+-+++-+++++-+++-+++,15.000000,1094,841,2188
15087,+++++-+++-+-+++-+++++-+++-+-+,15.000000,1062,841,2124
15088,+----++++-+-+++-+++++-+--+-++,8.945891,278,841,556
15089,++---++++-+-+++-+++++-+--+--+,8.916383,214,841,428
15090,+-+--++++-+-+++-+++++-+--++++,11.000000,430,841,860
15091,+++--++++-+-+++-+++++-+--++-+,11.000000,430,841,860
15092,+--+-++++-+-+++-+++++-+----++,8.526599,182,841,364
15093,++-+-++++-+-+++-+++++-+-----+,8.325266,182,841,364
15094,+-++-++++-+-+++-+++++-+---+++,11.000000,302,841,604
15095,++++-++++-+-+++-+++++-+---+-+,11.000000,366,841,732
15096,+---+++++-+-+++-+++++-+-++-++,11.000000,366,841,732
15097,++--+++++-+-+++-+++++-+-++--+,11.000000,462,841,924
15098,+-+-+++++-+-+++-+++++-+-+++++,15.000000,998,841,1996
15099,+++-+++++-+-+++-+++++-+-+++-+,15.000000,1030,841,2060
15100,+--++++++-+-+++-+++++-+-+--++,11.000000,334,841,668
15101,++-++++++-+-+++-+++++-+-+---+,11.000000,430,841,860
15102,+-+++++++-+-+++-+++++-+-+-+++,15.000000,934,841,1868
15103,+++++++++-+-+++-+++++-+-+-+-+,15.000000,1094,841,2188
15104,+--------++-+++-+++--+-+-+-++,9.778725,326,841,652
15105,++-------++-+++-+++--+-+-+--+,10.049876,326,841,652
15106,+-+------++-+++-+++--+-+-++++,10.449925,350,841,700
15107,+++------++-+++-+++--+-+-++-+,10.440307,414,841,828
15108,+--+-----++-+++-+++--+-+---++,9.605453,358,841,716
15109,++-+-----++-+++-+++--+-+----+,9.694483,230,841,460
15110,+-++-----++-+++-+++--+-+--+++,9.259086,286,841,572
15111,++++-----++-+++-+++--+-+--+-+,9.381159,222,841,444
15112,+---+----++-+++-+++--+-+++-++,8.546228,222,841,444
15113,++--+----++-+++-+++--+-+++--+,11.180340,254,841,508
15114,+-+-+----++-+++-+++--+-++++++,9.722429,278,841,556
15115,+++-+----++-+++-+++--+-++++-+,10.049876,374,841,748
15116,+--++----++-+++-+++--+-++--++,11.077998,446,841,892
15117,++-++----++-+++-+++--+-++---+,8.282583,158,841,316
15118,+-+++----++-+++-+++--+-++-+++,9.257329,278,841,556
15119,+++++----++-+++-+++--+-++-+-+,8.733202,182,841,364
15120,+----+---++-+++-+++--+---+-++,10.049876,422,841,844
15121,++---+---++-+++-+++--+---+--+,14.035669,870,841,1740
15122,+-+--+---++-+++-+++--+---++++,10.440307,446,841,892
15123,+++--+---++-+++-+++--+---++-+,14.317821,958,841,1916
15124,+--+-+---++-+++-+++--+-----++,9.011145,294,841,588
15125,++-+-+---++-+++-+++--+------+,10.049876,422,841,844
15126,+-++-+---++-+++-+++--+----+++,9.394894,286,841,572
15127,++++-+---++-+++-+++--+----+-+,10.440307,478,841,956
15128,+---++---++-+++-+++--+--++-++,11.180340,350,841,700
15129,++--++---++-+++-+++--+--++--+,14.866069,894,841,1788
15130,+-+-++---++-+++-+++--+--+++++,10.049876,342,841,684
15131,+++-++---++-+++-+++--+--+++-+,14.035669,822,841,1644
15132,+--+++---++-+++-+++--+--+--++,9.494145,286,841,572
15133,++-+++---++-+++-+++--+--+---+,11.180340,318,841,636
15134,+-++++---++-+++-+++--+--+-+++,9.087474,246,841,492
15135,++++++---++-+++-+++--+--+-+-+,10.049876,342,841,684
15136,+-----+--++-+++-+++--+++-+-++,8.078546,190,841,380
15137,++----+--++-+++-+++--+++-+--+,10.440307,286,841,572
15138,+-+---+--++-+++-+++--+++-++++,9.219544,278,841,556
15139,+++---+--++-+++-+++--+++-++-+,12.206556,438,841,876
15140,+--+--+--++-+++-+++--+++---++,9.274526,286,841,572
15141,++-+--+--++-+++-+++--+++----+,8.170103,126,841,252
15142,+-++--+--++-+++-+++--+++--+++,9.048016,278,841,556
15143,++++--+--++-+++-+++--+++--+-+,9.219544,182,841,364
15144,+---+-+--++-+++-+++--+++++-++,8.370734,246,841,492
15145,++--+-+--++-+++-+++--+++++--+,10.049876,246,841,492
15146,+-+-+-+--++-+++-+++--++++++++,11.000000,366,841,732
15147,+++-+-+--++-+++-+++--++++++-+,11.000000,430,841,860
15148,+--++-+--++-+++-+++--++++--++,10.351632,470,841,940
15149,++-++-+--++-+++-+++--++++---+,8.238609,150,841,300
15150,+-+++-+--++-+++-+++--++++-+++,11.000000,366,841,732
15151,+++++-+--++-+++-+++--++++-+-+,11.000000,238,841,476
15152,+----++--++-+++-+++--++--+-++,10.440307,414,841,828
15153,++---++--++-+++-+++--++--+--+,14.317821,894,841,1788
15154,+-+--++--++-+++-+++--++--++++,12.206556,566,841,1132
15155,+++--++--++-+++-+++--++--++-+,15.652476,1238,841,2476
15156,+--+-++--++-+++-+++--++----++,9.344130,286,841,572
15157,++-+-++--++-+++-+++--++-----+,10.440307,318,841,636
15158,+-++-++--++-+++-+++--++---+++,9.219544,278,841,556
15159,++++-++--++-+++-+++--++---+-+,12.206556,502,841,1004
15160,+---+++--++-+++-+++--++-++-++,10.049876,374,841,748
15161,++--+++--++-+++-+++--++-++--+,14.035669,822,841,1644
15162,+-+-+++--++-+++-+++--++-+++++,11.000000,494,841,988
15163,+++-+++--++-+++-+++--++-+++-+,14.317821,1006,841,2012
15164,+--++++--++-+++-+++--++-+--++,9.799088,374,841,748
15165,++-++++--++-+++-+++--++-+---+,10.049876,310,841,620
15166,+-+++++--++-+++-+++--++-+-+++,11.000000,334,841,668
15167,+++++++--++-+++-+++--++-+-+-+,11.000000,462,841,924
15168,+------+-++-+++-+++----+-+-++,10.720465,390,841,780
15169,++-----+-++-+++-+++----+-+--+,9.175616,262,841,524
15170,+-+----+-++-+++-+++----+-++++,10.786522,414,841,828
15171,+++----+-++-+++-+++----+-++-+,9.675645,350,841,700
15172,+--+---+-++-+++-+++----+---++,10.198649,486,841,972
15173,++-+---+-++-+++-+++----+----+,9.090926,230,841,460
15174,+-++---+-++-+++-+++----+--+++,9.810301,414,841,828
15175,++++---+-++-+++-+++----+--+-+,9.275680,222,841,444
15176,+---+--+-++-+++-+++----+++-++,8.902840,190,841,380
15177,++--+--+-++-+++-+++----+++--+,8.166051,158,841,316
15178,+-+-+--+-++-+++-+++----++++++,9.547945,246,841,492
15179,+++-+--+-++-+++-+++----++++-+,9.259775,278,841,556
15180,+--++--+-++-+++-+++----++--++,11.784468,542,841,1084
15181,++-++--+-++-+++-+++----++---+,8.969581,190,841,380
15182,+-+++--+-++-+++-+++----++-+++,10.084563,374,841,748
15183,+++++--+-++-+++-+++----++-+-+,8.648873,214,841,428
15184,+----+-+-++-+++-+++------+-++,10.515838,390,841,780
15185,++---+-+-++-+++-+++------+--+,10.049876,326,841,652
15186,+-+--+-+-++-+++-+++------++++,9.793638,350,841,700
15187,+++--+-+-++-+++-+++------++-+,10.440307,350,841,700
15188,+--+-+-+-++-+++-+++--------++,9.520865,326,841,652
15189,++-+-+-+-++-+++-+++---------+,9.214150,326,841,652
15190,+-++-+-+-++-+++-+++-------+++,9.353998,254,841,508
15191,++++-+-+-++-+++-+++-------+-+,9.967644,318,841,636
15192,+---++-+-++-+++-+++-----++-++,7.810250,158,841,316
15193,++--++-+-++-+++-+++-----++--+,11.180340,254,841,508
15194,+-+-++-+-++-+++-+++-----+++++,8.672171,214,841,428
15195,+++-++-+-++-+++-+++-----+++-+,10.049876,246,841,492
15196,+--+++-+-++-+++-+++-----+--++,9.713065,222,841,444
15197,++-+++-+-++-+++-+++-----+---+,8.615710,190,841,380
15198,+-++++-+-++-+++-+++-----+-+++,9.576401,246,841,492
15199,++++++-+-++-+++-+++-----+-+-+,9.432708,278,841,556
15200,+-----++-++-+++-+++---++-+-++,8.507472,158,841,316
15201,++----++-++-+++-+++---++-+--+,10.304185,318,841,636
15202,+-+---++-++-+++-+++---++-++++,7.997163,182,841,364
15203,+++---++-++-+++-+++---++-++-+,9.219544,278,841,556
15204,+--+--++-++-+++-+++---++---++,9.756579,382,841,764
15205,++-+--++-++-+++-+++---++----+,10.023800,286,841,572
15206,+-++--++-++-+++-+++---++--+++,10.627800,438,841,876
15207,++++--++-++-+++-+++---++--+-+,9.828186,278,841,556
15208,+---+-++-++-+++-+++---++++-++,8.453168,182,841,364
15209,++--+-++-++-+++-+++---++++--+,10.238618,310,841,620
15210,+-+-+-++-++-+++-+++---+++++++,11.000000,238,841,476
15211,+++-+-++-++-+++-+++---+++++-+,11.000000,302,841,604
15212,+--++-++-++-+++-+++---+++--++,10.774177,470,841,940
15213,++-++-++-++-+++-+++---+++---+,9.111572,278,841,556
15214,+-+++-++-++-+++-+++---+++-+++,11.000000,430,841,860
15215,+++++-++-++-+++-+++---+++-+-+,11.000000,302,841,604
15216,+----+++-++-+++-+++---+--+-++,8.002296,158,841,316
15217,++---+++-++-+++-+++---+--+--+,10.440307,318,841,636
15218,+-+--+++-++-+++-+++---+--++++,9.219544,182,841,364
15219,+++--+++-++-+++-+++---+--++-+,12.206556,406,841,812
15220,+--+-+++-++-+++-+++---+----++,8.015973,158,841,316
15221,++-+-+++-++-+++-+++---+-----+,9.003534,254,841,508
15222,+-++-+++-++-+++-+++---+---+++,7.542603,150,841,300
15223,++++-+++-++-+++-+++---+---+-+,9.219544,310,841,620
15224,+---++++-++-+++-+++---+-++-++,8.295714,150,841,300
15225,++--++++-++-+++-+++---+-++--+,10.049876,342,841,684
15226,+-+-++++-++-+++-+++---+-+++++,11.000000,270,841,540
15227,+++-++++-++-+++-+++---+-+++-+,11.000000,398,841,796
15228,+--+++++-++-+++-+++---+-+--++,8.919864,214,841,428
15229,++-+++++-++-+++-+++---+-+---+,9.162021,278,841,556
15230,+-++++++-++-+++-+++---+-+-+++,11.000000,302,841,604
15231,++++++++-++-+++-+++---+-+-+-+,11.000000,430,841,860
15232,+-------+++-+++-+++-++-+-+-++,8.087219,222,841,444
15233,++------+++-+++-+++-++-+-+--+,11.180340,318,841,636
15234,+-+-----+++-+++-+++-++-+-++++,7.873131,182,841,364
15235,+++-----+++-+++-+++-++-+-++-+,10.049876,214,841,428
15236,+--+----+++-+++-+++-++-+---++,9.383861,222,841,444
15237,++-+----+++-+++-+++-++-+----+,8.453590,190,841,380
15238,+-++----+++-+++-+++-++-+--+++,8.843348,214,841,428
15239,++++----+++-+++-+++-++-+--+-+,8.407628,118,841,236
15240,+---+---+++-+++-+++-++-+++-++,10.816654,406,841,812
15241,++--+---+++-+++-+++-++-+++--+,13.453624,534,841,1068
15242,+-+-+---+++-+++-+++-++-++++++,11.000000,398,841,796
15243,+++-+---+++-+++-+++-++-++++-+,11.180340,462,841,924
15244,+--++---+++-+++-+++-++-++--++,10.943238,470,841,940
15245,++-++---+++-+++-+++-++-++---+,10.816654,278,841,556
15246,+-+++---+++-+++-+++-++-++-+++,11.000000,366,841,732
15247,+++++---+++-+++-+++-++-++-+-+,11.000000,238,841,476
15248,+----+--+++-+++-+++-++---+-++,11.180340,382,841,764
15249,++---+--+++-+++-+++-++---+--+,14.866069,926,841,1852
15250,+-+--+--+++-+++-+++-++---++++,10.049876,278,841,556
15251,+++--+--+++-+++-+++-++---++-+,14.035669,758,841,1516
15252,+--+-+--+++-+++-+++-++-----++,7.854128,158,841,316
15253,++-+-+--+++-+++-+++-++------+,11.180340,382,841,764
15254,+-++-+--+++-+++-+++-++----+++,7.942954,150,841,300
15255,++++-+--+++-+++-+++-++----+-+,10.049876,310,841,620
15256,+---++--+++-+++-+++-++--++-++,13.453624,662,841,1324
15257,++--++--+++-+++-+++-++--++--+,16.643317,1430,841,2860
15258,+-+-++--+++-+++-+++-++--+++++,11.180340,526,841,1052
15259,+++-++--+++-+++-+++-++--+++-+,14.866069,1102,841,2204
15260,+--+++--+++-+++-+++-++--+--++,10.816654,374,841,748
15261,++-+++--+++-+++-+++-++--+---+,13.453624,630,841,1260
15262,+-++++--+++-+++-+++-++--+-+++,11.000000,334,841,668
15263,++++++--+++-+++-+++-++--+-+-+,11.180340,526,841,1052
15264,+-----+-+++-+++-+++-++++-+-++,9.012978,182,841,364
15265,++----+-+++-+++-+++-++++-+--+,10.049876,246,841,492
15266,+-+---+-+++-+++-+++-++++-++++,11.000000,398,841,796
15267,+++---+-+++-+++-+++-++++-++-+,11.000000,398,841,796
15268,+--+--+-+++-+++-+++-++++---++,9.031509,182,841,364
15269,++-+--+-+++-+++-+++-++++----+,7.891792,118,841,236
15270,+-++--+-+++-+++-+++-++++--+++,11.000000,430,841,860
15271,++++--+-+++-+++-+++-++++--+-+,11.000000,302,841,604
15272,+---+-+-+++-+++-+++-++++++-++,11.000000,526,841,1052
15273,++--+-+-+++-+++-+++-++++++--+,11.180340,494,841,988
15274,+-+-+-+-+++-+++-+++-+++++++++,15.000000,1158,841,2316
15275,+++-+-+-+++-+++-+++-+++++++-+,15.000000,1062,841,2124
15276,+--++-+-+++-+++-+++-+++++--++,11.000000,526,841,1052
15277,++-++-+-+++-+++-+++-+++++---+,11.000000,302,841,604
15278,+-+++-+-+++-+++-+++-+++++-+++,15.000000,1062,841,2124
15279,+++++-+-+++-+++-+++-+++++-+-+,15.000000,902,841,1804
15280,+----++-+++-+++-+++-+++--+-++,10.049876,278,841,556
15281,++---++-+++-+++-+++-+++--+--+,14.035669,726,841,1452
15282,+-+--++-+++-+++-+++-+++--++++,11.000000,494,841,988
15283,+++--++-+++-+++-+++-+++--++-+,14.317821,1006,841,2012
15284,+--+-++-+++-+++-+++-+++----++,7.948689,118,841,236
15285,++-+-++-+++-+++-+++-+++-----+,10.049876,246,841,492
15286,+-++-++-+++-+++-+++-+++---+++,11.000000,302,841,604
15287,++++-++-+++-+++-+++-+++---+-+,11.000000,494,841,988
15288,+---+++-+++-+++-+++-+++-++-++,11.180340,590,841,1180
15289,++--+++-+++-+++-+++-+++-++--+,14.866069,1134,841,2268
15290,+-+-+++-+++-+++-+++-+++-+++++,15.000000,1158,841,2316
15291,+++-+++-+++-+++-+++-+++-+++-+,15.000000,1638,841,3276
15292,+--++++-+++-+++-+++-+++-+--++,11.000000,430,841,860
15293,++-++++-+++-+++-+++-+++-+---+,11.180340,590,841,1180
15294,+-+++++-+++-+++-+++-+++-+-+++,15.000000,966,841,1932
15295,+++++++-+++-+++-+++-+++-+-+-+,15.000000,1190,841,2380
15296,+------++++-+++-+++-+--+-+-++,8.878114,222,841,444
15297,++-----++++-+++-+++-+--+-+--+,7.810250,126,841,252
15298,+-+----++++-+++-+++-+--+-++++,9.441053,246,841,492
15299,+++----++++-+++-+++-+--+-++-+,9.282371,214,841,428
15300,+--+---++++-+++-+++-+--+---++,10.247183,350,841,700
15301,++-+---++++-+++-+++-+--+----+,7.400976,126,841,252
15302,+-++---++++-+++-+++-+--+--+++,9.769467,278,841,556
15303,++++---++++-+++-+++-+--+--+-+,7.535961,118,841,236
15304,+---+--++++-+++-+++-+--+++-++,9.219544,246,841,492
15305,++--+--++++-+++-+++-+--+++--+,10.816654,246,841,492
15306,+-+-+--++++-+++-+++-+--++++++,11.000000,302,841,604
15307,+++-+--++++-+++-+++-+--++++-+,11.000000,366,841,732
15308,+--++--++++-+++-+++-+--++--++,11.930814,630,841,1260
15309,++-++--++++-+++-+++-+--++---+,9.476564,310,841,620
15310,+-+++--++++-+++-+++-+--++-+++,11.000000,462,841,924
15311,+++++--++++-+++-+++-+--++-+-+,11.000000,334,841,668
15312,+----+-++++-+++-+++-+----+-++,9.513930,350,841,700
15313,++---+-++++-+++-+++-+----+--+,11.180340,318,841,636
15314,+-+--+-++++-+++-+++-+----++++,9.626430,246,841,492
15315,+++--+-++++-+++-+++-+----++-+,10.049876,278,841,556
15316,+--+-+-++++-+++-+++-+------++,8.681491,254,841,508
15317,++-+-+-++++-+++-+++-+-------+,9.524456,286,841,572
15318,+-++-+-++++-+++-+++-+-----+++,7.720699,118,841,236
15319,++++-+-++++-+++-+++-+-----+-+,9.074598,214,841,428
15320,+---++-++++-+++-+++-+---++-++,10.816654,278,841,556
15321,++--++-++++-+++-+++-+---++--+,13.453624,534,841,1068
15322,+-+-++-++++-+++-+++-+---+++++,11.000000,270,841,540
15323,+++-++-++++-+++-+++-+---+++-+,11.180340,462,841,924
15324,+--+++-++++-+++-+++-+---+--++,9.591754,310,841,620
15325,++-+++-++++-+++-+++-+---+---+,10.816654,438,841,876
15326,+-++++-++++-+++-+++-+---+-+++,11.000000,270,841,540
15327,++++++-++++-+++-+++-+---+-+-+,11.000000,462,841,924
15328,+-----+++++-+++-+++-+-++-+-++,7.262601,86,841,172
15329,++----+++++-+++-+++-+-++-+--+,8.393317,150,841,300
15330,+-+---+++++-+++-+++-+-++-++++,11.000000,302,841,604
15331,+++---+++++-+++-+++-+-++-++-+,11.000000,302,841,604
15332,+--+--+++++-+++-+++-+-++---++,9.776088,278,841,556
15333,++-+--+++++-+++-+++-+-++----+,8.234049,214,841,428
15334,+-++--+++++-+++-+++-+-++--+++,11.000000,526,841,1052
15335,++++--+++++-+++-+++-+-++--+-+,11.000000,398,841,796
15336,+---+-+++++-+++-+++-+-++++-++,11.000000,334,841,668
15337,++--+-+++++-+++-+++-+-++++--+,11.000000,366,841,732
15338,+-+-+-+++++-+++-+++-+-+++++++,15.000000,966,841,1932
15339,+++-+-+++++-+++-+++-+-+++++-+,15.000000,934,841,1868
15340,+--++-+++++-+++-+++-+-+++--++,11.000000,590,841,1180
15341,++-++-+++++-+++-+++-+-+++---+,11.000000,430,841,860
15342,+-+++-+++++-+++-+++-+-+++-+++,15.000000,1126,841,2252
15343,+++++-+++++-+++-+++-+-+++-+-+,15.000000,1030,841,2060
15344,+----++++++-+++-+++-+-+--+-++,8.678111,150,841,300
15345,++---++++++-+++-+++-+-+--+--+,10.049876,214,841,428
15346,+-+--++++++-+++-+++-+-+--++++,11.000000,302,841,604
15347,+++--++++++-+++-+++-+-+--++-+,11.000000,430,841,860
15348,+--+-++++++-+++-+++-+-+----++,7.707458,182,841,364
15349,++-+-++++++-+++-+++-+-+-----+,10.178009,310,841,620
15350,+-++-++++++-+++-+++-+-+---+++,11.000000,302,841,604
15351,++++-++++++-+++-+++-+-+---+-+,11.000000,494,841,988
15352,+---+++++++-+++-+++-+-+-++-++,11.000000,302,841,604
15353,++--+++++++-+++-+++-+-+-++--+,11.180340,526,841,1052
15354,+-+-+++++++-+++-+++-+-+-+++++,15.000000,934,841,1868
15355,+++-+++++++-+++-+++-+-+-+++-+,15.000000,1094,841,2188
15356,+--++++++++-+++-+++-+-+-+--++,11.000000,398,841,796
15357,++-++++++++-+++-+++-+-+-+---+,11.185695,622,841,1244
15358,+-+++++++++-+++-+++-+-+-+-+++,15.000000,998,841,1996
15359,+++++++++++-+++-+++-+-+-+-+-+,15.000000,1286,841,2572
15360,+----------++++-+--+-+-+-+-++,9.851702,334,841,668
15361,++---------++++-+--+-+-+-+--+,8.690750,238,841,476
15362,+-+--------++++-+--+-+-+-++++,11.481269,550,841,1100
15363,+++--------++++-+--+-+-+-++-+,11.092547,518,841,1036
15364,+--+-------++++-+--+-+-+---++,8.698478,206,841,412
15365,++-+-------++++-+--+-+-+----+,9.361501,366,841,732
15366,+-++-------++++-+--+-+-+--+++,10.153160,326,841,652
15367,++++-------++++-+--+-+-+--+-+,9.993910,550,841,1100
15368,+---+------++++-+--+-+-+++-++,9.219544,230,841,460
15369,++--+------++++-+--+-+-+++--+,9.310364,294,841,588
15370,+-+-+------++++-+--+-+-++++++,11.553765,606,841,1212
15371,+++-+------++++-+--+-+-++++-+,12.206858,734,841,1468
15372,+--++------++++-+--+-+-++--++,10.816654,294,841,588
15373,++-++------++++-+--+-+-++---+,10.068492,422,841,844
15374,+-+++------++++-+--+-+-++-+++,10.533518,446,841,892
15375,+++++------++++-+--+-+-++-+-+,11.405921,766,841,1532
15376,+----+-----++++-+--+-+---+-++,10.018325,398,841,796
15377,++---+-----++++-+--+-+---+--+,8.729507,174,841,348
15378,+-+--+-----++++-+--+-+---++++,10.299944,486,841,972
15379,+++--+-----++++-+--+-+---++-+,10.032375,326,841,652
15380,+--+-+-----++++-+--+-+-----++,10.621139,494,841,988
15381,++-+-+-----++++-+--+-+------+,9.766268,334,841,668
15382,+-++-+-----++++-+--+-+----+++,10.090061,550,841,1100
15383,++++-+-----++++-+--+-+----+-+,10.528657,454,841,908
15384,+---++-----++++-+--+-+--++-++,9.219544,262,841,524
15385,++--++-----++++-+--+-+--++--+,10.816654,262,841,524
15386,+-+-++-----++++-+--+-+--+++++,10.306126,446,841,892
15387,+++-++-----++++-+--+-+--+++-+,10.500851,382,841,764
15388,+--+++-----++++-+--+-+--+--++,10.382291,422,841,844
15389,++-+++-----++++-+--+-+--+---+,9.219544,294,841,588
15390,+-++++-----++++-+--+-+--+-+++,10.283050,574,841,1148
15391,++++++-----++++-+--+-+--+-+-+,10.210513,510,841,1020
15392,+-----+----++++-+--+-+++-+-++,9.307973,262,841,524
15393,++----+----++++-+--+-+++-+--+,8.207221,198,841,396
15394,+-+---+----++++-+--+-+++-++++,8.692272,222,841,444
15395,+++---+----++++-+--+-+++-++-+,9.234974,222,841,444
15396,+--+--+----++++-+--+-+++---++,10.073121,326,841,652
15397,++-+--+----++++-+--+-+++----+,9.428920,390,841,780
15398,+-++--+----++++-+--+-+++--+++,7.958606,190,841,380
15399,++++--+----++++-+--+-+++--+-+,9.559690,318,841,636
15400,+---+-+----++++-+--+-+++++-++,8.187281,190,841,380
15401,++--+-+----++++-+--+-+++++--+,8.917156,286,841,572
15402,+-+-+-+----++++-+--+-++++++++,9.435450,310,841,620
15403,+++-+-+----++++-+--+-++++++-+,11.037562,470,841,940
15404,+--++-+----++++-+--+-++++--++,10.188880,382,841,764
15405,++-++-+----++++-+--+-++++---+,10.848969,542,841,1084
15406,+-+++-+----++++-+--+-++++-+++,8.832816,278,841,556
15407,+++++-+----++++-+--+-++++-+-+,11.365008,630,841,1260
15408,+----++----++++-+--+-++--+-++,11.857687,646,841,1292
15409,++---++----++++-+--+-++--+--+,9.251664,262,841,524
15410,+-+--++----++++-+--+-++--++++,10.555094,414,841,828
15411,+++--++----++++-+--+-++--++-+,8.449916,222,841,444
15412,+--+-++----++++-+--+-++----++,12.562108,870,841,1740
15413,++-+-++----++++-+--+-++-----+,9.970885,422,841,844
15414,+-++-++----++++-+--+-++---+++,10.680826,478,841,956
15415,++++-++----++++-+--+-++---+-+,8.443985,222,841,444
15416,+---+++----++++-+--+-++-++-++,10.517856,414,841,828
15417,++--+++----++++-+--+-++-++--+,8.224477,254,841,508
15418,+-+-+++----++++-+--+-++-+++++,9.316649,278,841,556
15419,+++-+++----++++-+--+-++-+++-+,8.860301,182,841,364
15420,+--++++----++++-+--+-++-+--++,12.132074,766,841,1532
15421,++-++++----++++-+--+-++-+---+,10.680240,478,841,956
15422,+-+++++----++++-+--+-++-+-+++,10.388070,470,841,940
15423,+++++++----++++-+--+-++-+-+-+,9.581575,374,841,748
15424,+------+---++++-+--+---+-+-++,10.530297,366,841,732
15425,++-----+---++++-+--+---+-+--+,9.371999,334,841,668
15426,+-+----+---++++-+--+---+-++++,11.509917,518,841,1036
15427,+++----+---++++-+--+---+-++-+,10.802365,550,841,1100
15428,+--+---+---++++-+--+---+---++,11.180340,366,841,732
15429,++-+---+---++++-+--+---+----+,8.803594,206,841,412
15430,+-++---+---++++-+--+---+--+++,10.137565,422,841,844
15431,++++---+---++++-+--+---+--+-+,9.991439,326,841,652
15432,+---+--+---++++-+--+---+++-++,10.816654,294,841,588
15433,++--+--+---++++-+--+---+++--+,9.711057,358,841,716
15434,+-+-+--+---++++-+--+---++++++,11.081323,478,841,956
15435,+++-+--+---++++-+--+---++++-+,11.308404,606,841,1212
15436,+--++--+---++++-+--+---++--++,13.453624,550,841,1100
15437,++-++--+---++++-+--+---++---+,10.816654,294,841,588
15438,+-+++--+---++++-+--+---++-+++,11.180340,510,841,1020
15439,+++++--+---++++-+--+---++-+-+,10.462953,446,841,892
15440,+----+-+---++++-+--+-----+-++,9.886500,462,841,924
15441,++---+-+---++++-+--+-----+--+,8.990543,302,841,604
15442,+-+--+-+---++++-+--+-----++++,10.353882,550,841,1100
15443,+++--+-+---++++-+--+-----++-+,10.021338,454,841,908
15444,+--+-+-+---++++-+--+-------++,9.001164,302,841,604
15445,++-+-+-+---++++-+--+--------+,9.142050,206,841,412
15446,+-++-+-+---++++-+--+------+++,10.117312,358,841,716
15447,++++-+-+---++++-+--+------+-+,10.467507,326,841,652
15448,+---++-+---++++-+--+----++-++,9.219544,294,841,588
15449,++--++-+---++++-+--+----++--+,9.697168,294,841,588
15450,+-+-++-+---++++-+--+----+++++,10.196266,478,841,956
15451,+++-++-+---++++-+--+----+++-+,10.240021,414,841,828
15452,+--+++-+---++++-+--+----+--++,10.816654,262,841,524
15453,++-+++-+---++++-+--+----+---+,9.219544,134,841,268
15454,+-++++-+---++++-+--+----+-+++,10.573460,414,841,828
15455,++++++-+---++++-+--+----+-+-+,10.386206,350,841,700
15456,+-----++---++++-+--+--++-+-++,8.687580,262,841,524
15457,++----++---++++-+--+--++-+--+,10.892947,454,841,908
15458,+-+---++---++++-+--+--++-++++,8.519366,222,841,444
15459,+++---++---++++-+--+--++-++-+,9.322050,350,841,700
15460,+--+--++---++++-+--+--++---++,10.049876,390,841,780
15461,++-+--++---++++-+--+--++----+,10.286988,326,841,652
15462,+-++--++---++++-+--+--++--+++,10.440307,382,841,764
15463,++++--++---++++-+--+--++--+-+,9.717767,254,841,508
15464,+---+-++---++++-+--+--++++-++,8.230448,158,841,316
15465,++--+-++---++++-+--+--++++--+,11.067433,446,841,892
15466,+-+-+-++---++++-+--+--+++++++,8.583989,150,841,300
15467,+++-+-++---++++-+--+--+++++-+,9.499627,374,841,748
15468,+--++-++---++++-+--+--+++--++,11.180340,350,841,700
15469,++-++-++---++++-+--+--+++---+,9.555087,318,841,636
15470,+-+++-++---++++-+--+--+++-+++,10.049876,246,841,492
15471,+++++-++---++++-+--+--+++-+-+,9.115766,278,841,556
15472,+----+++---++++-+--+--+--+-++,11.166356,550,841,1100
15473,++---+++---++++-+--+--+--+--+,9.682411,422,841,844
15474,+-+--+++---++++-+--+--+--++++,10.540327,382,841,764
15475,+++--+++---++++-+--+--+--++-+,9.404389,318,841,636
15476,+--+-+++---++++-+--+--+----++,11.172913,454,841,908
15477,++-+-+++---++++-+--+--+-----+,8.827640,262,841,524
15478,+-++-+++---++++-+--+--+---+++,9.382567,254,841,508
15479,++++-+++---++++-+--+--+---+-+,7.491778,126,841,252
15480,+---++++---++++-+--+--+-++-++,9.393255,350,841,700
15481,++--++++---++++-+--+--+-++--+,10.538498,382,841,764
15482,+-+-++++---++++-+--+--+-+++++,9.066927,278,841,556
15483,+++-++++---++++-+--+--+-+++-+,9.018048,246,841,492
15484,+--+++++---++++-+--+--+-+--++,10.138257,318,841,636
15485,++-+++++---++++-+--+--+-+---+,8.403322,222,841,444
15486,+-++++++---++++-+--+--+-+-+++,8.633928,214,841,428
15487,++++++++---++++-+--+--+-+-+-+,8.097932,182,841,364
15488,+-------+--++++-+--+++-+-+-++,9.219544,262,841,524
15489,++------+--++++-+--+++-+-+--+,9.219544,198,841,396
15490,+-+-----+--++++-+--+++-+-++++,8.517842,222,841,444
15491,+++-----+--++++-+--+++-+-++-+,8.646885,222,841,444
15492,+--+----+--++++-+--+++-+---++,10.816654,294,841,588
15493,++-+----+--++++-+--+++-+----+,9.831849,358,841,716
15494,+-++----+--++++-+--+++-+--+++,8.047903,158,841,316
15495,++++----+--++++-+--+++-+--+-+,9.734284,286,841,572
15496,+---+---+--++++-+--+++-+++-++,13.152946,510,841,1020
15497,++--+---+--++++-+--+++-+++--+,13.152946,478,841,956
15498,+-+-+---+--++++-+--+++-++++++,9.219544,246,841,492
15499,+++-+---+--++++-+--+++-++++-+,9.273905,278,841,556
15500,+--++---+--++++-+--+++-++--++,14.317821,734,841,1468
15501,++-++---+--++++-+--+++-++---+,13.152946,638,841,1276
15502,+-+++---+--++++-+--+++-++-+++,10.816654,246,841,492
15503,+++++---+--++++-+--+++-++-+-+,9.447923,342,841,684
15504,+----+--+--++++-+--+++---+-++,11.075174,518,841,1036
15505,++---+--+--++++-+--+++---+--+,10.816654,326,841,652
15506,+-+--+--+--++++-+--+++---++++,10.583209,414,841,828
15507,+++--+--+--++++-+--+++---++-+,9.883559,286,841,572
15508,+--+-+--+--++++-+--+++-----++,10.994444,582,841,1164
15509,++-+-+--+--++++-+--+++------+,9.219544,326,841,652
15510,+-++-+--+--++++-+--+++----+++,9.976151,446,841,892
15511,++++-+--+--++++-+--+++----+-+,9.120829,254,841,508
15512,+---++--+--++++-+--+++--++-++,13.152946,670,841,1340
15513,++--++--+--++++-+--+++--++--+,14.317821,702,841,1404
15514,+-+-++--+--++++-+--+++--+++++,9.219544,278,841,556
15515,+++-++--+--++++-+--+++--+++-+,10.816654,246,841,492
15516,+--+++--+--++++-+--+++--+--++,13.152946,798,841,1596
15517,++-+++--+--++++-+--+++--+---+,13.152946,574,841,1148
15518,+-++++--+--++++-+--+++--+-+++,10.002193,374,841,748
15519,++++++--+--++++-+--+++--+-+-+,9.219544,214,841,428
15520,+-----+-+--++++-+--+++++-+-++,10.721998,414,841,828
15521,++----+-+--++++-+--+++++-+--+,9.559922,254,841,508
15522,+-+---+-+--++++-+--+++++-++++,9.688571,310,841,620
15523,+++---+-+--++++-+--+++++-++-+,8.987766,214,841,428
15524,+--+--+-+--++++-+--+++++---++,10.784990,446,841,892
15525,++-+--+-+--++++-+--+++++----+,9.519520,414,841,828
15526,+-++--+-+--++++-+--+++++--+++,8.797425,246,841,492
15527,++++--+-+--++++-+--+++++--+-+,9.346178,278,841,556
15528,+---+-+-+--++++-+--+++++++-++,9.219544,310,841,620
15529,++--+-+-+--++++-+--+++++++--+,9.219544,182,841,364
15530,+-+-+-+-+--++++-+--++++++++++,11.000000,366,841,732
15531,+++-+-+-+--++++-+--++++++++-+,11.000000,302,841,604
15532,+--++-+-+--++++-+--++++++--++,10.816654,470,841,940
15533,++-++-+-+--++++-+--++++++---+,9.678956,406,841,812
15534,+-+++-+-+--++++-+--++++++-+++,11.000000,302,841,604
15535,+++++-+-+--++++-+--++++++-+-+,11.000000,430,841,860
15536,+----++-+--++++-+--++++--+-++,13.069060,926,841,1852
15537,++---++-+--++++-+--++++--+--+,10.830826,446,841,892
15538,+-+--++-+--++++-+--++++--++++,12.011127,694,841,1388
15539,+++--++-+--++++-+--++++--++-+,10.525326,406,841,812
15540,+--+-++-+--++++-+--++++----++,13.200622,1054,841,2108
15541,++-+-++-+--++++-+--++++-----+,10.712009,510,841,1020
15542,+-++-++-+--++++-+--++++---+++,11.249887,662,841,1324
15543,++++-++-+--++++-+--++++---+-+,9.180244,310,841,620
15544,+---+++-+--++++-+--++++-++-++,11.280541,598,841,1196
15545,++--+++-+--++++-+--++++-++--+,10.816654,342,841,684
15546,+-+-+++-+--++++-+--++++-+++++,11.000000,462,841,924
15547,+++-+++-+--++++-+--++++-+++-+,11.000000,270,841,540
15548,+--++++-+--++++-+--++++-+--++,12.311039,854,841,1708
15549,++-++++-+--++++-+--++++-+---+,10.042705,470,841,940
15550,+-+++++-+--++++-+--++++-+-+++,11.000000,558,841,1116
15551,+++++++-+--++++-+--++++-+-+-+,11.000000,366,841,732
15552,+------++--++++-+--++--+-+-++,10.816654,358,841,716
15553,++-----++--++++-+--++--+-+--+,9.219544,294,841,588
15554,+-+----++--++++-+--++--+-++++,9.391397,318,841,636
15555,+++----++--++++-+--++--+-++-+,10.589337,446,841,892
15556,+--+---++--++++-+--++--+---++,13.453624,582,841,1164
15557,++-+---++--++++-+--++--+----+,10.816654,262,841,524
15558,+-++---++--++++-+--++--+--+++,11.180340,318,841,636
15559,++++---++--++++-+--++--+--+-+,8.012223,190,841,380
15560,+---+--++--++++-+--++--+++-++,14.317821,702,841,1404
15561,++--+--++--++++-+--++--+++--+,13.152946,606,841,1212
15562,+-+-+--++--++++-+--++--++++++,10.816654,310,841,620
15563,+++-+--++--++++-+--++--++++-+,9.694062,406,841,812
15564,+--++--++--++++-+--++--++--++,16.401219,1310,841,2620
15565,++-++--++--++++-+--++--++---+,14.317821,766,841,1532
15566,+-+++--++--++++-+--++--++-+++,13.453624,566,841,1132
15567,+++++--++--++++-+--++--++-+-+,10.816654,342,841,684
15568,+----+-++--++++-+--++----+-++,11.023043,582,841,1164
15569,++---+-++--++++-+--++----+--+,9.791731,390,841,780
15570,+-+--+-++--++++-+--++----++++,11.326076,542,841,1084
15571,+++--+-++--++++-+--++----++-+,11.502150,542,841,1084
15572,+--+-+-++--++++-+--++------++,10.816654,454,841,908
15573,++-+-+-++--++++-+--++-------+,9.219544,198,841,396
15574,+-++-+-++--++++-+--++-----+++,9.152024,254,841,508
15575,++++-+-++--++++-+--++-----+-+,8.854850,190,841,380
15576,+---++-++--++++-+--++---++-++,13.152946,638,841,1276
15577,++--++-++--++++-+--++---++--+,13.152946,606,841,1212
15578,+-+-++-++--++++-+--++---+++++,9.321602,310,841,620
15579,+++-++-++--++++-+--++---+++-+,9.812862,342,841,684
15580,+--+++-++--++++-+--++---+--++,14.317821,766,841,1532
15581,++-+++-++--++++-+--++---+---+,13.152946,478,841,956
15582,+-++++-++--++++-+--++---+-+++,10.816654,278,841,556
15583,++++++-++--++++-+--++---+-+-+,9.219544,182,841,364
15584,+-----+++--++++-+--++-++-+-++,10.426866,350,841,700
15585,++----+++--++++-+--++-++-+--+,9.495491,382,841,764
15586,+-+---+++--++++-+--++-++-++++,10.099677,310,841,620
15587,+++---+++--++++-+--++-++-++-+,9.878618,406,841,812
15588,+--+--+++--++++-+--++-++---++,11.180340,510,841,1020
15589,++-+--+++--++++-+--++-++----+,9.491564,286,841,572
15590,+-++--+++--++++-+--++-++--+++,10.049876,374,841,748
15591,++++--+++--++++-+--++-++--+-+,8.568299,214,841,428
15592,+---+-+++--++++-+--++-++++-++,10.816654,278,841,556
15593,++--+-+++--++++-+--++-++++--+,9.269914,278,841,556
15594,+-+-+-+++--++++-+--++-+++++++,11.000000,270,841,540
15595,+++-+-+++--++++-+--++-+++++-+,11.000000,334,841,668
15596,+--++-+++--++++-+--++-+++--++,13.453624,630,841,1260
15597,++-++-+++--++++-+--++-+++---+,10.816654,310,841,620
15598,+-+++-+++--++++-+--++-+++-+++,11.180340,398,841,796
15599,+++++-+++--++++-+--++-+++-+-+,11.000000,270,841,540
15600,+----++++--++++-+--++-+--+-++,12.685904,830,841,1660
15601,++---++++--++++-+--++-+--+--+,10.705181,542,841,1084
15602,+-+--++++--++++-+--++-+--++++,12.310257,726,841,1452
15603,+++--++++--++++-+--++-+--++-+,11.491290,630,841,1260
15604,+--+-++++--++++-+--++-+----++,12.258032,702,841,1404
15605,++-+-++++--++++-+--++-+-----+,10.236642,350,841,700
15606,+-++-++++--++++-+--++-+---+++,10.807464,438,841,876
15607,++++-++++--++++-+--++-+---+-+,9.490918,278,841,556
15608,+---+++++--++++-+--++-+-++-++,10.483624,470,841,940
15609,++--+++++--++++-+--++-+-++--+,9.219544,342,841,684
15610,+-+-+++++--++++-+--++-+-+++++,11.000000,462,841,924
15611,+++-+++++--++++-+--++-+-+++-+,11.000000,398,841,796
15612,+--++++++--++++-+--++-+-+--++,10.816654,534,841,1068
15613,++-++++++--++++-+--++-+-+---+,9.219544,278,841,556
15614,+-+++++++--++++-+--++-+-+-+++,11.000000,366,841,732
15615,+++++++++--++++-+--++-+-+-+-+,11.000000,302,841,604
15616,+--------+-++++-+----+-+-+-++,12.050530,686,841,1372
15617,++-------+-++++-+----+-+-+--+,10.282332,526,841,1052
15618,+-+------+-++++-+----+-+-++++,13.289893,1030,841,2060
15619,+++------+-++++-+----+-+-++-+,12.637467,934,841,1868
15620,+--+-----+-++++-+----+-+---++,9.739607,238,841,476
15621,++-+-----+-++++-+----+-+----+,9.324161,334,841,668
15622,+-++-----+-++++-+----+-+--+++,11.117047,486,841,972
15623,++++-----+-++++-+----+-+--+-+,10.790884,646,841,1292
15624,+---+----+-++++-+----+-+++-++,10.978007,518,841,1036
15625,++--+----+-++++-+----+-+++--+,10.822278,646,841,1292
15626,+-+-+----+-++++-+----+-++++++,13.014864,1022,841,2044
15627,+++-+----+-++++-+----+-++++-+,13.481592,1214,841,2428
15628,+--++----+-++++-+----+-++--++,9.219544,262,841,524
15629,++-++----+-++++-+----+-++---+,10.296197,454,841,908
15630,+-+++----+-++++-+----+-++-+++,11.342167,542,841,1084
15631,+++++----+-++++-+----+-++-+-+,12.343751,926,841,1852
15632,+----+---+-++++-+----+---+-++,10.930006,462,841,924
15633,++---+---+-++++-+----+---+--+,11.180340,366,841,732
15634,+-+--+---+-++++-+----+---++++,11.559936,550,841,1100
15635,+++--+---+-++++-+----+---++-+,10.773261,518,841,1036
15636,+--+-+---+-++++-+----+-----++,9.257254,238,841,476
15637,++-+-+---+-++++-+----+------+,8.706230,206,841,412
15638,+-++-+---+-++++-+----+----+++,10.138332,294,841,588
15639,++++-+---+-++++-+----+----+-+,9.991253,326,841,652
15640,+---++---+-++++-+----+--++-++,10.816654,326,841,652
15641,++--++---+-++++-+----+--++--+,13.453624,582,841,1164
15642,+-+-++---+-++++-+----+--+++++,11.027332,510,841,1020
15643,+++-++---+-++++-+----+--+++-+,11.269895,702,841,1404
15644,+--+++---+-++++-+----+--+--++,9.219544,166,841,332
15645,++-+++---+-++++-+----+--+---+,10.816654,294,841,588
15646,+-++++---+-++++-+----+--+-+++,10.250201,318,841,636
15647,++++++---+-++++-+----+--+-+-+,10.450719,510,841,1020
15648,+-----+--+-++++-+----+++-+-++,9.757205,326,841,652
15649,++----+--+-++++-+----+++-+--+,9.231321,326,841,652
15650,+-+---+--+-++++-+----+++-++++,10.854443,414,841,828
15651,+++---+--+-++++-+----+++-++-+,10.847599,478,841,956
15652,+--+--+--+-++++-+----+++---++,8.365828,198,841,396
15653,++-+--+--+-++++-+----+++----+,9.378211,326,841,652
15654,+-++--+--+-++++-+----+++--+++,8.244830,190,841,380
15655,++++--+--+-++++-+----+++--+-+,9.910086,382,841,764
15656,+---+-+--+-++++-+----+++++-++,9.261910,254,841,508
15657,++--+-+--+-++++-+----+++++--+,9.993250,414,841,828
15658,+-+-+-+--+-++++-+----++++++++,10.882252,502,841,1004
15659,+++-+-+--+-++++-+----++++++-+,12.151809,726,841,1452
15660,+--++-+--+-++++-+----++++--++,8.712325,254,841,508
15661,++-++-+--+-++++-+----++++---+,10.617233,478,841,956
15662,+-+++-+--+-++++-+----++++-+++,9.532039,278,841,556
15663,+++++-+--+-++++-+----++++-+-+,11.842643,694,841,1388
15664,+----++--+-++++-+----++--+-++,9.493606,358,841,716
15665,++---++--+-++++-+----++--+--+,10.049876,230,841,460
15666,+-+--++--+-++++-+----++--++++,8.560969,254,841,508
15667,+++--++--+-++++-+----++--++-+,10.440307,318,841,636
15668,+--+-++--+-++++-+----++----++,10.220099,390,841,780
15669,++-+-++--+-++++-+----++-----+,8.287297,198,841,396
15670,+-++-++--+-++++-+----++---+++,7.785537,126,841,252
15671,++++-++--+-++++-+----++---+-+,7.417032,126,841,252
15672,+---+++--+-++++-+----++-++-++,8.242464,190,841,380
15673,++--+++--+-++++-+----++-++--+,11.180340,286,841,572
15674,+-+-+++--+-++++-+----++-+++++,8.556680,182,841,364
15675,+++-+++--+-++++-+----++-+++-+,10.049876,342,841,684
15676,+--++++--+-++++-+----++-+--++,10.002721,350,841,700
15677,++-++++--+-++++-+----++-+---+,9.461444,318,841,636
15678,+-+++++--+-++++-+----++-+-+++,8.164183,182,841,364
15679,+++++++--+-++++-+----++-+-+-+,9.538683,342,841,684
15680,+------+-+-++++-+------+-+-++,12.992470,942,841,1884
15681,++-----+-+-++++-+------+-+--+,10.608005,462,841,924
15682,+-+----+-+-++++-+------+-++++,13.520049,1158,841,2316
15683,+++----+-+-++++-+------+-++-+,12.262590,742,841,1484
15684,+--+---+-+-++++-+------+---++,10.641519,430,841,860
15685,++-+---+-+-++++-+------+----+,8.966127,206,841,412
15686,+-++---+-+-++++-+------+--+++,11.161630,550,841,1100
15687,++++---+-+-++++-+------+--+-+,10.524201,390,841,780
15688,+---+--+-+-++++-+------+++-++,11.444383,614,841,1228
15689,++--+--+-+-++++-+------+++--+,9.794502,358,841,716
15690,+-+-+--+-+-++++-+------++++++,12.657044,990,841,1980
15691,+++-+--+-+-++++-+------++++-+,12.510891,798,841,1596
15692,+--++--+-+-++++-+------++--++,10.816654,358,841,716
15693,++-++--+-+-++++-+------++---+,9.219544,166,841,332
15694,+-+++--+-+-++++-+------++-+++,10.839499,510,841,1020
15695,+++++--+-+-++++-+------++-+-+,11.201617,510,841,1020
15696,+----+-+-+-++++-+--------+-++,12.261162,750,841,1500
15697,++---+-+-+-++++-+--------+--+,9.821985,334,841,668
15698,+-+--+-+-+-++++-+--------++++,11.981367,774,841,1548
15699,+++--+-+-+-++++-+--------++-+,10.723701,422,841,844
15700,+--+-+-+-+-++++-+----------++,10.491000,462,841,924
15701,++-+-+-+-+-++++-+-----------+,10.214162,494,841,988
15702,+-++-+-+-+-++++-+---------+++,10.169155,454,841,908
15703,++++-+-+-+-++++-+---------+-+,10.438889,550,841,1100
15704,+---++-+-+-++++-+-------++-++,10.146071,390,841,780
15705,++--++-+-+-++++-+-------++--+,10.816654,262,841,524
15706,+-+-++-+-+-++++-+-------+++++,10.741843,638,841,1276
15707,+++-++-+-+-++++-+-------+++-+,10.733485,446,841,892
15708,+--+++-+-+-++++-+-------+--++,9.219544,230,841,460
15709,++-+++-+-+-++++-+-------+---+,10.238261,358,841,716
15710,+-++++-+-+-++++-+-------+-+++,10.204591,446,841,892
15711,++++++-+-+-++++-+-------+-+-+,10.572761,638,841,1276
15712,+-----++-+-++++-+-----++-+-++,10.748345,486,841,972
15713,++----++-+-++++-+-----++-+--+,9.043656,358,841,716
15714,+-+---++-+-++++-+-----++-++++,11.074460,510,841,1020
15715,+++---++-+-++++-+-----++-++-+,9.821510,318,841,636
15716,+--+--++-+-++++-+-----++---++,7.937674,230,841,460
15717,++-+--++-+-++++-+-----++----+,8.917591,230,841,460
15718,+-++--++-+-++++-+-----++--+++,9.457993,286,841,572
15719,++++--++-+-++++-+-----++--+-+,8.870396,222,841,444
15720,+---+-++-+-++++-+-----++++-++,9.894148,318,841,636
15721,++--+-++-+-++++-+-----++++--+,8.840189,286,841,572
15722,+-+-+-++-+-++++-+-----+++++++,10.342567,502,841,1004
15723,+++-+-++-+-++++-+-----+++++-+,10.634261,406,841,812
15724,+--++-++-+-++++-+-----+++--++,7.810250,126,841,252
15725,++-++-++-+-++++-+-----+++---+,7.807099,158,841,316
15726,+-+++-++-+-++++-+-----+++-+++,8.547661,214,841,428
15727,+++++-++-+-++++-+-----+++-+-+,9.787733,310,841,620
15728,+----+++-+-++++-+-----+--+-++,10.011596,422,841,844
15729,++---+++-+-++++-+-----+--+--+,7.922697,166,841,332
15730,+-+--+++-+-++++-+-----+--++++,9.429410,318,841,636
15731,+++--+++-+-++++-+-----+--++-+,7.557288,126,841,252
15732,+--+-+++-+-++++-+-----+----++,9.074338,326,841,652
15733,++-+-+++-+-++++-+-----+-----+,10.198485,390,841,780
15734,+-++-+++-+-++++-+-----+---+++,8.411497,190,841,380
15735,++++-+++-+-++++-+-----+---+-+,10.283725,318,841,636
15736,+---++++-+-++++-+-----+-++-++,8.964111,222,841,444
15737,++--++++-+-++++-+-----+-++--+,8.127244,126,841,252
15738,+-+-++++-+-++++-+-----+-+++++,9.292306,342,841,684
15739,+++-++++-+-++++-+-----+-+++-+,8.559761,182,841,364
15740,+--+++++-+-++++-+-----+-+--++,8.298800,190,841,380
15741,++-+++++-+-++++-+-----+-+---+,10.191878,350,841,700
15742,+-++++++-+-++++-+-----+-+-+++,9.534950,278,841,556
15743,++++++++-+-++++-+-----+-+-+-+,10.445251,502,841,1004
15744,+-------++-++++-+---++-+-+-++,10.105343,390,841,780
15745,++------++-++++-+---++-+-+--+,10.816654,454,841,908
15746,+-+-----++-++++-+---++-+-++++,10.897488,414,841,828
15747,+++-----++-++++-+---++-+-++-+,10.048515,414,841,828
15748,+--+----++-++++-+---++-+---++,9.219544,166,841,332
15749,++-+----++-++++-+---++-+----+,9.840246,358,841,716
15750,+-++----++-++++-+---++-+--+++,8.835095,222,841,444
15751,++++----++-++++-+---++-+--+-+,9.447524,350,841,700
15752,+---+---++-++++-+---++-+++-++,13.152946,638,841,1276
15753,++--+---++-++++-+---++-+++--+,14.317821,862,841,1724
15754,+-+-+---++-++++-+---++-++++++,10.428571,438,841,876
15755,+++-+---++-++++-+---++-++++-+,10.820437,598,841,1196
15756,+--++---++-++++-+---++-++--++,13.152946,478,841,956
15757,++-++---++-++++-+---++-++---+,13.152946,638,841,1276
15758,+-+++---++-++++-+---++-++-+++,9.219544,182,841,364
15759,+++++---++-++++-+---++-++-+-+,9.922652,406,841,812
15760,+----+--++-++++-+---++---+-++,10.816654,422,841,844
15761,++---+--++-++++-+---++---+--+,13.453624,550,841,1100
15762,+-+--+--++-++++-+---++---++++,8.965485,254,841,508
15763,+++--+--++-++++-+---++---++-+,11.180340,318,841,636
15764,+--+-+--++-++++-+---++-----++,9.219544,230,841,460
15765,++-+-+--++-++++-+---++------+,10.816654,294,841,588
15766,+-++-+--++-++++-+---++----+++,8.091860,158,841,316
15767,++++-+--++-++++-+---++----+-+,8.022880,158,841,316
15768,+---++--++-++++-+---++--++-++,14.317821,766,841,1532
15769,++--++--++-++++-+---++--++--+,16.401219,1246,841,2492
15770,+-+-++--++-++++-+---++--+++++,10.816654,310,841,620
15771,+++-++--++-++++-+---++--+++-+,13.453624,598,841,1196
15772,+--+++--++-++++-+---++--+--++,13.152946,510,841,1020
15773,++-+++--++-++++-+---++--+---+,14.317821,734,841,1468
15774,+-++++--++-++++-+---++--+-+++,9.219544,150,841,300
15775,++++++--++-++++-+---++--+-+-+,10.816654,310,841,620
15776,+-----+-++-++++-+---++++-+-++,9.575784,318,841,636
15777,++----+-++-++++-+---++++-+--+,9.836318,414,841,828
15778,+-+---+-++-++++-+---++++-++++,9.206069,278,841,556
15779,+++---+-++-++++-+---++++-++-+,9.229373,310,841,620
15780,+--+--+-++-++++-+---++++---++,9.544887,222,841,444
15781,++-+--+-++-++++-+---++++----+,10.032989,446,841,892
15782,+-++--+-++-++++-+---++++--+++,9.012666,214,841,428
15783,++++--+-++-++++-+---++++--+-+,9.543718,374,841,748
15784,+---+-+-++-++++-+---++++++-++,9.219544,278,841,556
15785,++--+-+-++-++++-+---++++++--+,10.816654,406,841,812
15786,+-+-+-+-++-++++-+---+++++++++,11.000000,398,841,796
15787,+++-+-+-++-++++-+---+++++++-+,11.000000,462,841,924
15788,+--++-+-++-++++-+---+++++--++,9.219544,182,841,364
15789,++-++-+-++-++++-+---+++++---+,9.464234,374,841,748
15790,+-+++-+-++-++++-+---+++++-+++,11.000000,206,841,412
15791,+++++-+-++-++++-+---+++++-+-+,11.000000,462,841,924
15792,+----++-++-++++-+---+++--+-++,10.857520,414,841,828
15793,++---++-++-++++-+---+++--+--+,11.180340,382,841,764
15794,+-+--++-++-++++-+---+++--++++,9.583384,246,841,492
15795,+++--++-++-++++-+---+++--++-+,10.049876,278,841,556
15796,+--+-++-++-++++-+---+++----++,10.968384,414,841,828
15797,++-+-++-++-++++-+---+++-----+,9.550299,318,841,636
15798,+-++-++-++-++++-+---+++---+++,8.787054,214,841,428
15799,++++-++-++-++++-+---+++---+-+,8.579062,182,841,364
15800,+---+++-++-++++-+---+++-++-++,10.816654,342,841,684
15801,++--+++-++-++++-+---+++-++--+,13.453624,534,841,1068
15802,+-+-+++-++-++++-+---+++-+++++,11.000000,270,841,540
15803,+++-+++-++-++++-+---+++-+++-+,11.180340,398,841,796
15804,+--++++-++-++++-+---+++-+--++,9.997430,342,841,684
15805,++-++++-++-++++-+---+++-+---+,10.816654,406,841,812
15806,+-+++++-++-++++-+---+++-+-+++,11.000000,238,841,476
15807,+++++++-++-++++-+---+++-+-+-+,11.000000,366,841,732
15808,+------+++-++++-+---+--+-+-++,11.354841,582,841,1164
15809,++-----+++-++++-+---+--+-+--+,9.219544,262,841,524
15810,+-+----+++-++++-+---+--+-++++,11.452895,542,841,1084
15811,+++----+++-++++-+---+--+-++-+,9.505536,286,841,572
15812,+--+---+++-++++-+---+--+---++,10.816654,358,841,716
15813,++-+---+++-++++-+---+--+----+,9.219544,166,841,332
15814,+-++---+++-++++-+---+--+--+++,8.430322,222,841,444
15815,++++---+++-++++-+---+--+--+-+,7.870983,94,841,188
15816,+---+--+++-++++-+---+--+++-++,13.152946,734,841,1468
15817,++--+--+++-++++-+---+--+++--+,13.152946,510,841,1020
15818,+-+-+--+++-++++-+---+--++++++,10.475313,470,841,940
15819,+++-+--+++-++++-+---+--++++-+,9.580680,310,841,620
15820,+--++--+++-++++-+---+--++--++,14.317821,766,841,1532
15821,++-++--+++-++++-+---+--++---+,13.152946,478,841,956
15822,+-+++--+++-++++-+---+--++-+++,10.816654,278,841,556
15823,+++++--+++-++++-+---+--++-+-+,9.219544,182,841,364
15824,+----+-+++-++++-+---+----+-++,10.927222,582,841,1164
15825,++---+-+++-++++-+---+----+--+,10.816654,326,841,652
15826,+-+--+-+++-++++-+---+----++++,10.104288,414,841,828
15827,+++--+-+++-++++-+---+----++-+,8.899147,222,841,444
15828,+--+-+-+++-++++-+---+------++,9.693455,390,841,780
15829,++-+-+-+++-++++-+---+-------+,10.330995,454,841,908
15830,+-++-+-+++-++++-+---+-----+++,8.279259,190,841,380
15831,++++-+-+++-++++-+---+-----+-+,10.192287,318,841,636
15832,+---++-+++-++++-+---+---++-++,13.152946,638,841,1276
15833,++--++-+++-++++-+---+---++--+,14.317821,670,841,1340
15834,+-+-++-+++-++++-+---+---+++++,9.219544,310,841,620
15835,+++-++-+++-++++-+---+---+++-+,10.816654,278,841,556
15836,+--+++-+++-++++-+---+---+--++,13.152946,574,841,1148
15837,++-+++-+++-++++-+---+---+---+,13.152946,734,841,1468
15838,+-++++-+++-++++-+---+---+-+++,9.219544,214,841,428
15839,++++++-+++-++++-+---+---+-+-+,10.210345,438,841,876
15840,+-----++++-++++-+---+-++-+-++,9.860000,414,841,828
15841,++----++++-++++-+---+-++-+--+,10.171282,318,841,636
15842,+-+---++++-++++-+---+-++-++++,9.898015,374,841,748
15843,+++---++++-++++-+---+-++-++-+,8.580554,214,841,428
15844,+--+--++++-++++-+---+-++---++,9.490284,254,841,508
15845,++-+--++++-++++-+---+-++----+,10.257286,286,841,572
15846,+-++--++++-++++-+---+-++--+++,8.760449,246,841,492
15847,++++--++++-++++-+---+-++--+-+,9.244848,214,841,428
15848,+---+-++++-++++-+---+-++++-++,9.740892,342,841,684
15849,++--+-++++-++++-+---+-++++--+,9.219544,214,841,428
15850,+-+-+-++++-++++-+---+-+++++++,11.000000,462,841,924
15851,+++-+-++++-++++-+---+-+++++-+,11.000000,270,841,540
15852,+--++-++++-++++-+---+-+++--++,10.816654,246,841,492
15853,++-++-++++-++++-+---+-+++---+,9.219544,182,841,364
15854,+-+++-++++-++++-+---+-+++-+++,11.000000,270,841,540
15855,+++++-++++-++++-+---+-+++-+-+,11.000000,270,841,540
15856,+----+++++-++++-+---+-+--+-++,10.511827,478,841,956
15857,++---+++++-++++-+---+-+--+--+,9.509835,254,841,508
15858,+-+--+++++-++++-+---+-+--++++,9.836781,374,841,748
15859,+++--+++++-++++-+---+-+--++-+,9.169699,214,841,428
15860,+--+-+++++-++++-+---+-+----++,10.328601,414,841,828
15861,++-+-+++++-++++-+---+-+-----+,10.496594,510,841,1020
15862,+-++-+++++-++++-+---+-+---+++,8.849745,278,841,556
15863,++++-+++++-++++-+---+-+---+-+,10.235597,438,841,876
15864,+---++++++-++++-+---+-+-++-++,9.219544,310,841,620
15865,++--++++++-++++-+---+-+-++--+,10.816654,246,841,492
15866,+-+-++++++-++++-+---+-+-+++++,11.000000,430,841,860
15867,+++-++++++-++++-+---+-+-+++-+,11.000000,302,841,604
15868,+--+++++++-++++-+---+-+-+--++,9.219544,310,841,620
15869,++-+++++++-++++-+---+-+-+---+,10.460873,502,841,1004
15870,+-++++++++-++++-+---+-+-+-+++,11.000000,398,841,796
15871,++++++++++-++++-+---+-+-+-+-+,11.000000,654,841,1308
15872,+---------+++++-+-++-+-+-+-++,9.741607,326,841,652
15873,++--------+++++-+-++-+-+-+--+,9.123686,326,841,652
15874,+-+-------+++++-+-++-+-+-++++,10.737191,414,841,828
15875,+++-------+++++-+-++-+-+-++-+,9.970729,350,841,700
15876,+--+------+++++-+-++-+-+---++,9.010643,230,841,460
15877,++-+------+++++-+-++-+-+----+,9.959330,486,841,972
15878,+-++------+++++-+-++-+-+--+++,9.427247,350,841,700
15879,++++------+++++-+-++-+-+--+-+,10.103826,542,841,1084
15880,+---+-----+++++-+-++-+-+++-++,8.039723,158,841,316
15881,++--+-----+++++-+-++-+-+++--+,8.142275,190,841,380
15882,+-+-+-----+++++-+-++-+-++++++,10.309306,406,841,812
15883,+++-+-----+++++-+-++-+-++++-+,10.658369,374,841,748
15884,+--++-----+++++-+-++-+-++--++,8.245366,126,841,252
15885,++-++-----+++++-+-++-+-++---+,9.309069,222,841,444
15886,+-+++-----+++++-+-++-+-++-+++,8.956712,278,841,556
15887,+++++-----+++++-+-++-+-++-+-+,9.601458,438,841,876
15888,+----+----+++++-+-++-+---+-++,9.392452,326,841,652
15889,++---+----+++++-+-++-+---+--+,9.123013,198,841,396
15890,+-+--+----+++++-+-++-+---++++,9.618715,414,841,828
15891,+++--+----+++++-+-++-+---++-+,9.215659,222,841,444
15892,+--+-+----+++++-+-++-+-----++,9.991208,454,841,908
15893,++-+-+----+++++-+-++-+------+,10.004134,390,841,780
15894,+-++-+----+++++-+-++-+----+++,11.113322,638,841,1276
15895,++++-+----+++++-+-++-+----+-+,10.139026,510,841,1020
15896,+---++----+++++-+-++-+--++-++,9.332457,254,841,508
15897,++--++----+++++-+-++-+--++--+,8.885570,222,841,444
15898,+-+-++----+++++-+-++-+--+++++,10.074332,438,841,876
15899,+++-++----+++++-+-++-+--+++-+,8.868573,214,841,428
15900,+--+++----+++++-+-++-+--+--++,10.040373,318,841,636
15901,++-+++----+++++-+-++-+--+---+,8.346985,158,841,316
15902,+-++++----+++++-+-++-+--+-+++,11.190312,598,841,1196
15903,++++++----+++++-+-++-+--+-+-+,9.054740,374,841,748
15904,+-----+---+++++-+-++-+++-+-++,8.430396,158,841,316
15905,++----+---+++++-+-++-+++-+--+,9.138551,190,841,380
15906,+-+---+---+++++-+-++-+++-++++,8.249703,182,841,364
15907,+++---+---+++++-+-++-+++-++-+,8.081343,150,841,300
15908,+--+--+---+++++-+-++-+++---++,8.008640,126,841,252
15909,++-+--+---+++++-+-++-+++----+,9.487434,286,841,572
15910,+-++--+---+++++-+-++-+++--+++,9.219544,182,841,364
15911,++++--+---+++++-+-++-+++--+-+,9.402983,278,841,556
15912,+---+-+---+++++-+-++-+++++-++,8.706139,214,841,428
15913,++--+-+---+++++-+-++-+++++--+,9.686148,278,841,556
15914,+-+-+-+---+++++-+-++-++++++++,11.000000,398,841,796
15915,+++-+-+---+++++-+-++-++++++-+,11.000000,398,841,796
15916,+--++-+---+++++-+-++-++++--++,8.357313,182,841,364
15917,++-++-+---+++++-+-++-++++---+,9.533276,310,841,620
15918,+-+++-+---+++++-+-++-++++-+++,11.000000,270,841,540
15919,+++++-+---+++++-+-++-++++-+-+,11.000000,462,841,924
15920,+----++---+++++-+-++-++--+-++,9.776536,286,841,572
15921,++---++---+++++-+-++-++--+--+,8.362577,126,841,252
15922,+-+--++---+++++-+-++-++--++++,9.153175,246,841,492
15923,+++--++---+++++-+-++-++--++-+,9.219544,150,841,300
15924,+--+-++---+++++-+-++-++----++,10.595806,414,841,828
15925,++-+-++---+++++-+-++-++-----+,8.336855,190,841,380
15926,+-++-++---+++++-+-++-++---+++,9.989748,342,841,684
15927,++++-++---+++++-+-++-++---+-+,8.681510,182,841,364
15928,+---+++---+++++-+-++-++-++-++,9.037541,310,841,620
15929,++--+++---+++++-+-++-++-++--+,9.547612,246,841,492
15930,+-+-+++---+++++-+-++-++-+++++,11.000000,366,841,732
15931,+++-+++---+++++-+-++-++-+++-+,11.000000,238,841,476
15932,+--++++---+++++-+-++-++-+--++,10.379481,438,841,876
15933,++-++++---+++++-+-++-++-+---+,8.776850,246,841,492
15934,+-+++++---+++++-+-++-++-+-+++,11.000000,462,841,924
15935,+++++++---+++++-+-++-++-+-+-+,11.000000,334,841,668
15936,+------+--+++++-+-++---+-+-++,10.607060,358,841,716
15937,++-----+--+++++-+-++---+-+--+,9.964076,422,841,844
15938,+-+----+--+++++-+-++---+-++++,10.981916,382,841,764
15939,+++----+--+++++-+-++---+-++-+,9.902416,382,841,764
15940,+--+---+--+++++-+-++---+---++,10.049876,326,841,652
15941,++-+---+--+++++-+-++---+----+,9.146897,262,841,524
15942,+-++---+--+++++-+-++---+--+++,10.440307,382,841,764
15943,++++---+--+++++-+-++---+--+-+,9.230212,254,841,508
15944,+---+--+--+++++-+-++---+++-++,8.477498,222,841,444
15945,++--+--+--+++++-+-++---+++--+,10.574094,382,841,764
15946,+-+-+--+--+++++-+-++---++++++,10.007304,278,841,556
15947,+++-+--+--+++++-+-++---++++-+,9.839871,374,841,748
15948,+--++--+--+++++-+-++---++--++,11.180340,318,841,636
15949,++-++--+--+++++-+-++---++---+,8.279101,158,841,316
15950,+-+++--+--+++++-+-++---++-+++,10.049876,278,841,556
15951,+++++--+--+++++-+-++---++-+-+,8.780447,182,841,364
15952,+----+-+--+++++-+-++-----+-++,10.289167,454,841,908
15953,++---+-+--+++++-+-++-----+--+,9.578464,390,841,780
15954,+-+--+-+--+++++-+-++-----++++,9.879758,414,841,828
15955,+++--+-+--+++++-+-++-----++-+,9.240947,286,841,572
15956,+--+-+-+--+++++-+-++-------++,9.319635,262,841,524
15957,++-+-+-+--+++++-+-++--------+,9.269020,262,841,524
15958,+-++-+-+--+++++-+-++------+++,9.251916,318,841,636
15959,++++-+-+--+++++-+-++------+-+,9.772073,254,841,508
15960,+---++-+--+++++-+-++----++-++,9.793146,350,841,700
15961,++--++-+--+++++-+-++----++--+,10.807243,446,841,892
15962,+-+-++-+--+++++-+-++----+++++,9.639152,406,841,812
15963,+++-++-+--+++++-+-++----+++-+,9.245226,310,841,620
15964,+--+++-+--+++++-+-++----+--++,8.083317,158,841,316
15965,++-+++-+--+++++-+-++----+---+,7.967001,126,841,252
15966,+-++++-+--+++++-+-++----+-+++,9.297989,310,841,620
15967,++++++-+--+++++-+-++----+-+-+,9.019249,214,841,428
15968,+-----++--+++++-+-++--++-+-++,9.194030,222,841,444
15969,++----++--+++++-+-++--++-+--+,11.672995,510,841,1020
15970,+-+---++--+++++-+-++--++-++++,9.219544,246,841,492
15971,+++---++--+++++-+-++--++-++-+,9.823116,342,841,684
15972,+--+--++--+++++-+-++--++---++,10.440307,318,841,636
15973,++-+--++--+++++-+-++--++----+,10.778994,350,841,700
15974,+-++--++--+++++-+-++--++--+++,12.206556,502,841,1004
15975,++++--++--+++++-+-++--++--+-+,9.763406,342,841,684
15976,+---+-++--+++++-+-++--++++-++,9.612327,246,841,492
15977,++--+-++--+++++-+-++--++++--+,12.084816,630,841,1260
15978,+-+-+-++--+++++-+-++--+++++++,11.000000,302,841,604
15979,+++-+-++--+++++-+-++--+++++-+,11.000000,494,841,988
15980,+--++-++--+++++-+-++--+++--++,10.049876,278,841,556
15981,++-++-++--+++++-+-++--+++---+,10.405823,342,841,684
15982,+-+++-++--+++++-+-++--+++-+++,11.000000,366,841,732
15983,+++++-++--+++++-+-++--+++-+-+,11.000000,366,841,732
15984,+----+++--+++++-+-++--+--+-++,9.262643,318,841,636
15985,++---+++--+++++-+-++--+--+--+,10.699052,414,841,828
15986,+-+--+++--+++++-+-++--+--++++,9.147635,214,841,428
15987,+++--+++--+++++-+-++--+--++-+,8.968487,246,841,492
15988,+--+-+++--+++++-+-++--+----++,8.848058,190,841,380
15989,++-+-+++--+++++-+-++--+-----+,9.341081,222,841,444
15990,+-++-+++--+++++-+-++--+---+++,9.219544,182,841,364
15991,++++-+++--+++++-+-++--+---+-+,7.912358,150,841,300
15992,+---++++--+++++-+-++--+-++-++,9.677959,374,841,748
15993,++--++++--+++++-+-++--+-++--+,11.792492,630,841,1260
15994,+-+-++++--+++++-+-++--+-+++++,11.000000,366,841,732
15995,+++-++++--+++++-+-++--+-+++-+,11.000000,430,841,860
15996,+--+++++--+++++-+-++--+-+--++,8.304537,182,841,364
15997,++-+++++--+++++-+-++--+-+---+,9.710751,310,841,620
15998,+-++++++--+++++-+-++--+-+-+++,11.000000,270,841,540
15999,++++++++--+++++-+-++--+-+-+-+,11.000000,334,841,668
16000,+-------+-+++++-+-++++-+-+-++,8.953066,254,841,508
16001,++------+-+++++-+-++++-+-+--+,9.550116,286,841,572
16002,+-+-----+-+++++-+-++++-+-++++,8.602236,278,841,556
16003,+++-----+-+++++-+-++++-+-++-+,8.920322,246,841,492
16004,+--+----+-+++++-+-++++-+---++,8.983804,254,841,508
16005,++-+----+-+++++-+-++++-+----+,11.370082,542,841,1084
16006,+-++----+-+++++-+-++++-+--+++,10.343979,310,841,620
16007,++++----+-+++++-+-++++-+--+-+,11.452625,534,841,1068
16008,+---+---+-+++++-+-++++-+++-++,9.219544,246,841,492
16009,++--+---+-+++++-+-++++-+++--+,9.219544,182,841,364
16010,+-+-+---+-+++++-+-++++-++++++,11.000000,430,841,860
16011,+++-+---+-+++++-+-++++-++++-+,11.000000,302,841,604
16012,+--++---+-+++++-+-++++-++--++,10.816654,310,841,620
16013,++-++---+-+++++-+-++++-++---+,9.651420,310,841,620
16014,+-+++---+-+++++-+-++++-++-+++,11.000000,398,841,796
16015,+++++---+-+++++-+-++++-++-+-+,11.000000,462,841,924
16016,+----+--+-+++++-+-++++---+-++,9.383642,254,841,508
16017,++---+--+-+++++-+-++++---+--+,7.972276,158,841,316
16018,+-+--+--+-+++++-+-++++---++++,9.031193,342,841,684
16019,+++--+--+-+++++-+-++++---++-+,8.669501,182,841,364
16020,+--+-+--+-+++++-+-++++-----++,9.977299,414,841,828
16021,++-+-+--+-+++++-+-++++------+,10.203951,382,841,764
16022,+-++-+--+-+++++-+-++++----+++,11.334935,598,841,1196
16023,++++-+--+-+++++-+-++++----+-+,11.205051,502,841,1004
16024,+---++--+-+++++-+-++++--++-++,9.219544,278,841,556
16025,++--++--+-+++++-+-++++--++--+,10.816654,278,841,556
16026,+-+-++--+-+++++-+-++++--+++++,11.000000,462,841,924
16027,+++-++--+-+++++-+-++++--+++-+,11.000000,270,841,540
16028,+--+++--+-+++++-+-++++--+--++,10.005591,374,841,748
16029,++-+++--+-+++++-+-++++--+---+,9.219544,246,841,492
16030,+-++++--+-+++++-+-++++--+-+++,11.092301,654,841,1308
16031,++++++--+-+++++-+-++++--+-+-+,11.000000,462,841,924
16032,+-----+-+-+++++-+-++++++-+-++,9.723469,310,841,620
16033,++----+-+-+++++-+-++++++-+--+,9.387883,246,841,492
16034,+-+---+-+-+++++-+-++++++-++++,11.000000,462,841,924
16035,+++---+-+-+++++-+-++++++-++-+,11.000000,334,841,668
16036,+--+--+-+-+++++-+-++++++---++,7.826360,182,841,364
16037,++-+--+-+-+++++-+-++++++----+,10.616357,374,841,748
16038,+-++--+-+-+++++-+-++++++--+++,11.000000,366,841,732
16039,++++--+-+-+++++-+-++++++--+-+,11.000000,494,841,988
16040,+---+-+-+-+++++-+-++++++++-++,11.054224,526,841,1052
16041,++--+-+-+-+++++-+-++++++++--+,11.000000,366,841,732
16042,+-+-+-+-+-+++++-+-+++++++++++,15.000000,1222,841,2444
16043,+++-+-+-+-+++++-+-+++++++++-+,15.000000,998,841,1996
16044,+--++-+-+-+++++-+-+++++++--++,11.000000,398,841,796
16045,++-++-+-+-+++++-+-+++++++---+,11.000000,430,841,860
16046,+-+++-+-+-+++++-+-+++++++-+++,15.000000,998,841,1996
16047,+++++-+-+-+++++-+-+++++++-+-+,15.000000,1094,841,2188
16048,+----++-+-+++++-+-+++++--+-++,10.650409,374,841,748
16049,++---++-+-+++++-+-+++++--+--+,7.871765,118,841,236
16050,+-+--++-+-+++++-+-+++++--++++,11.000000,526,841,1052
16051,+++--++-+-+++++-+-+++++--++-+,11.000000,334,841,668
16052,+--+-++-+-+++++-+-+++++----++,10.908745,470,841,940
16053,++-+-++-+-+++++-+-+++++-----+,8.941395,278,841,556
16054,+-++-++-+-+++++-+-+++++---+++,11.000000,590,841,1180
16055,++++-++-+-+++++-+-+++++---+-+,11.000000,462,841,924
16056,+---+++-+-+++++-+-+++++-++-++,11.000000,494,841,988
16057,++--+++-+-+++++-+-+++++-++--+,11.000000,334,841,668
16058,+-+-+++-+-+++++-+-+++++-+++++,15.000000,1126,841,2252
16059,+++-+++-+-+++++-+-+++++-+++-+,15.000000,902,841,1804
16060,+--++++-+-+++++-+-+++++-+--++,11.000000,590,841,1180
16061,++-++++-+-+++++-+-+++++-+---+,11.000000,430,841,860
16062,+-+++++-+-+++++-+-+++++-+-+++,15.000000,1190,841,2380
16063,+++++++-+-+++++-+-+++++-+-+-+,15.000000,1094,841,2188
16064,+------++-+++++-+-+++--+-+-++,8.638936,158,841,316
16065,++-----++-+++++-+-+++--+-+--+,8.898926,190,841,380
16066,+-+----++-+++++-+-+++--+-++++,8.489047,182,841,364
16067,+++----++-+++++-+-+++--+-++-+,9.561940,278,841,556
16068,+--+---++-+++++-+-+++--+---++,11.180340,286,841,572
16069,++-+---++-+++++-+-+++--+----+,8.487382,190,841,380
16070,+-++---++-+++++-+-+++--+--+++,10.049876,214,841,428
16071,++++---++-+++++-+-+++--+--+-+,8.731786,182,841,364
16072,+---+--++-+++++-+-+++--+++-++,10.816654,246,841,492
16073,++--+--++-+++++-+-+++--+++--+,9.219544,246,841,492
16074,+-+-+--++-+++++-+-+++--++++++,11.000000,302,841,604
16075,+++-+--++-+++++-+-+++--++++-+,11.000000,366,841,732
16076,+--++--++-+++++-+-+++--++--++,13.453624,630,841,1260
16077,++-++--++-+++++-+-+++--++---+,10.816654,310,841,620
16078,+-+++--++-+++++-+-+++--++-+++,11.180340,462,841,924
16079,+++++--++-+++++-+-+++--++-+-+,11.000000,334,841,668
16080,+----+-++-+++++-+-+++----+-++,9.381138,318,841,636
16081,++---+-++-+++++-+-+++----+--+,8.992539,222,841,444
16082,+-+--+-++-+++++-+-+++----++++,9.582933,342,841,684
16083,+++--+-++-+++++-+-+++----++-+,10.067542,310,841,620
16084,+--+-+-++-+++++-+-+++------++,8.159909,222,841,444
16085,++-+-+-++-+++++-+-+++-------+,8.631999,190,841,380
16086,+-++-+-++-+++++-+-+++-----+++,8.784159,214,841,428
16087,++++-+-++-+++++-+-+++-----+-+,8.706104,246,841,492
16088,+---++-++-+++++-+-+++---++-++,9.219544,246,841,492
16089,++--++-++-+++++-+-+++---++--+,9.219544,310,841,620
16090,+-+-++-++-+++++-+-+++---+++++,11.000000,366,841,732
16091,+++-++-++-+++++-+-+++---+++-+,11.000000,366,841,732
16092,+--+++-++-+++++-+-+++---+--++,10.816654,278,841,556
16093,++-+++-++-+++++-+-+++---+---+,9.219544,214,841,428
16094,+-++++-++-+++++-+-+++---+-+++,11.000000,366,841,732
16095,++++++-++-+++++-+-+++---+-+-+,11.000000,366,841,732
16096,+-----+++-+++++-+-+++-++-+-++,7.617347,118,841,236
16097,++----+++-+++++-+-+++-++-+--+,9.566339,246,841,492
16098,+-+---+++-+++++-+-+++-++-++++,11.000000,334,841,668
16099,+++---+++-+++++-+-+++-++-++-+,11.000000,398,841,796
16100,+--+--+++-+++++-+-+++-++---++,10.049876,182,841,364
16101,++-+--+++-+++++-+-+++-++----+,8.565056,182,841,364
16102,+-++--+++-+++++-+-+++-++--+++,11.000000,430,841,860
16103,++++--+++-+++++-+-+++-++--+-+,11.000000,366,841,732
16104,+---+-+++-+++++-+-+++-++++-++,11.000000,366,841,732
16105,++--+-+++-+++++-+-+++-++++--+,11.000000,462,841,924
16106,+-+-+-+++-+++++-+-+++-+++++++,15.000000,998,841,1996
16107,+++-+-+++-+++++-+-+++-+++++-+,15.000000,1030,841,2060
16108,+--++-+++-+++++-+-+++-+++--++,11.180340,494,841,988
16109,++-++-+++-+++++-+-+++-+++---+,11.000000,398,841,796
16110,+-+++-+++-+++++-+-+++-+++-+++,15.000000,1030,841,2060
16111,+++++-+++-+++++-+-+++-+++-+-+,15.000000,998,841,1996
16112,+----++++-+++++-+-+++-+--+-++,10.342423,342,841,684
16113,++---++++-+++++-+-+++-+--+--+,8.958811,278,841,556
16114,+-+--++++-+++++-+-+++-+--++++,11.000000,494,841,988
16115,+++--++++-+++++-+-+++-+--++-+,11.000000,494,841,988
16116,+--+-++++-+++++-+-+++-+----++,9.615289,246,841,492
16117,++-+-++++-+++++-+-+++-+-----+,9.420639,246,841,492
16118,+-++-++++-+++++-+-+++-+---+++,11.000000,366,841,732
16119,++++-++++-+++++-+-+++-+---+-+,11.000000,430,841,860
16120,+---+++++-+++++-+-+++-+-++-++,11.000000,430,841,860
16121,++--+++++-+++++-+-+++-+-++--+,11.000000,526,841,1052
16122,+-+-+++++-+++++-+-+++-+-+++++,15.000000,1062,841,2124
16123,+++-+++++-+++++-+-+++-+-+++-+,15.000000,1094,841,2188
16124,+--++++++-+++++-+-+++-+-+--++,11.000000,398,841,796
16125,++-++++++-+++++-+-+++-+-+---+,11.001158,494,841,988
16126,+-+++++++-+++++-+-+++-+-+-+++,15.000000,998,841,1996
16127,+++++++++-+++++-+-+++-+-+-+-+,15.000000,1158,841,2316
16128,+--------++++++-+-+--+-+-+-++,11.906540,678,841,1356
16129,++-------++++++-+-+--+-+-+--+,9.767487,486,841,972
16130,+-+------++++++-+-+--+-+-++++,12.731570,830,841,1660
16131,+++------++++++-+-+--+-+-++-+,11.650316,702,841,1404
16132,+--+-----++++++-+-+--+-+---++,9.884999,326,841,652
16133,++-+-----++++++-+-+--+-+----+,9.786427,390,841,780
16134,+-++-----++++++-+-+--+-+--+++,10.385031,382,841,764
16135,++++-----++++++-+-+--+-+--+-+,9.638212,510,841,1020
16136,+---+----++++++-+-+--+-+++-++,10.562255,382,841,764
16137,++--+----++++++-+-+--+-+++--+,9.874231,350,841,700
16138,+-+-+----++++++-+-+--+-++++++,12.104460,694,841,1388
16139,+++-+----++++++-+-+--+-++++-+,12.165146,726,841,1452
16140,+--++----++++++-+-+--+-++--++,8.932934,222,841,444
16141,++-++----++++++-+-+--+-++---+,9.403745,254,841,508
16142,+-+++----++++++-+-+--+-++-+++,9.962049,310,841,620
16143,+++++----++++++-+-+--+-++-+-+,10.692875,534,841,1068
16144,+----+---++++++-+-+--+---+-++,11.142112,454,841,908
16145,++---+---++++++-+-+--+---+--+,10.049876,326,841,652
16146,+-+--+---++++++-+-+--+---++++,11.128086,478,841,956
16147,+++--+---++++++-+-+--+---++-+,10.440307,414,841,828
16148,+--+-+---++++++-+-+--+-----++,9.751643,326,841,652
16149,++-+-+---++++++-+-+--+------+,9.018745,262,841,524
16150,+-++-+---++++++-+-+--+----+++,9.458466,318,841,636
16151,++++-+---++++++-+-+--+----+-+,9.221063,318,841,636
16152,+---++---++++++-+-+--+--++-++,8.825937,190,841,380
16153,++--++---++++++-+-+--+--++--+,11.180340,286,841,572
16154,+-+-++---++++++-+-+--+--+++++,9.975370,310,841,620
16155,+++-++---++++++-+-+--+--+++-+,10.049876,342,841,684
16156,+--+++---++++++-+-+--+--+--++,7.997767,126,841,252
16157,++-+++---++++++-+-+--+--+---+,7.810250,94,841,188
16158,+-++++---++++++-+-+--+--+-+++,8.734996,214,841,428
16159,++++++---++++++-+-+--+--+-+-+,8.756193,246,841,492
16160,+-----+--++++++-+-+--+++-+-++,9.561698,286,841,572
16161,++----+--++++++-+-+--+++-+--+,9.090306,254,841,508
16162,+-+---+--++++++-+-+--+++-++++,10.358375,374,841,748
16163,+++---+--++++++-+-+--+++-++-+,9.904471,406,841,812
16164,+--+--+--++++++-+-+--+++---++,8.757056,126,841,252
16165,++-+--+--++++++-+-+--+++----+,9.536827,222,841,444
16166,+-++--+--++++++-+-+--+++--+++,7.344761,118,841,236
16167,++++--+--++++++-+-+--+++--+-+,9.319112,278,841,556
16168,+---+-+--++++++-+-+--+++++-++,9.039440,278,841,556
16169,++--+-+--++++++-+-+--+++++--+,9.274849,278,841,556
16170,+-+-+-+--++++++-+-+--++++++++,11.000000,526,841,1052
16171,+++-+-+--++++++-+-+--++++++-+,11.000000,590,841,1180
16172,+--++-+--++++++-+-+--++++--++,9.588611,246,841,492
16173,++-++-+--++++++-+-+--++++---+,9.514915,310,841,620
16174,+-+++-+--++++++-+-+--++++-+++,11.000000,270,841,540
16175,+++++-+--++++++-+-+--++++-+-+,11.000000,526,841,1052
16176,+----++--++++++-+-+--++--+-++,9.206140,254,841,508
16177,++---++--++++++-+-+--++--+--+,10.440307,222,841,444
16178,+-+--++--++++++-+-+--++--++++,9.219544,278,841,556
16179,+++--++--++++++-+-+--++--++-+,12.206556,438,841,876
16180,+--+-++--++++++-+-+--++----++,9.730394,254,841,508
16181,++-+-++--++++++-+-+--++-----+,8.186192,158,841,316
16182,+-++-++--++++++-+-+--++---+++,7.791327,118,841,236
16183,++++-++--++++++-+-+--++---+-+,9.219544,214,841,428
16184,+---+++--++++++-+-+--++-++-++,8.787710,150,841,300
16185,++--+++--++++++-+-+--++-++--+,10.049876,214,841,428
16186,+-+-+++--++++++-+-+--++-+++++,11.000000,270,841,540
16187,+++-+++--++++++-+-+--++-+++-+,11.000000,398,841,796
16188,+--++++--++++++-+-+--++-+--++,9.972702,278,841,556
16189,++-++++--++++++-+-+--++-+---+,8.380279,214,841,428
16190,+-+++++--++++++-+-+--++-+-+++,11.000000,238,841,476
16191,+++++++--++++++-+-+--++-+-+-+,11.000000,366,841,732
16192,+------+-++++++-+-+----+-+-++,13.070585,998,841,1996
16193,++-----+-++++++-+-+----+-+--+,10.548122,486,841,972
16194,+-+----+-++++++-+-+----+-++++,13.209742,1022,841,2044
16195,+++----+-++++++-+-+----+-++-+,11.501001,574,841,1148
16196,+--+---+-++++++-+-+----+---++,11.014170,518,841,1036
16197,++-+---+-++++++-+-+----+----+,9.310741,262,841,524
16198,+-++---+-++++++-+-+----+--+++,10.696772,446,841,892
16199,++++---+-++++++-+-+----+--+-+,9.643505,254,841,508
16200,+---+--+-++++++-+-+----+++-++,11.329260,542,841,1084
16201,++--+--+-++++++-+-+----+++--+,9.063409,254,841,508
16202,+-+-+--+-++++++-+-+----++++++,12.043547,726,841,1452
16203,+++-+--+-++++++-+-+----++++-+,11.303943,502,841,1004
16204,+--++--+-++++++-+-+----++--++,9.626452,318,841,636
16205,++-++--+-++++++-+-+----++---+,7.391307,94,841,188
16206,+-+++--+-++++++-+-+----++-+++,9.622056,278,841,556
16207,+++++--+-++++++-+-+----++-+-+,9.609652,246,841,492
16208,+----+-+-++++++-+-+------+-++,12.666088,870,841,1740
16209,++---+-+-++++++-+-+------+--+,10.280072,422,841,844
16210,+-+--+-+-++++++-+-+------++++,11.895103,702,841,1404
16211,+++--+-+-++++++-+-+------++-+,10.079681,318,841,636
16212,+--+-+-+-++++++-+-+--------++,11.296844,614,841,1228
16213,++-+-+-+-++++++-+-+---------+,10.602458,614,841,1228
16214,+-++-+-+-++++++-+-+-------+++,9.748675,414,841,828
16215,++++-+-+-++++++-+-+-------+-+,10.230295,478,841,956
16216,+---++-+-++++++-+-+-----++-++,10.373879,382,841,764
16217,++--++-+-++++++-+-+-----++--+,8.054081,222,841,444
16218,+-+-++-+-++++++-+-+-----+++++,10.120177,438,841,876
16219,+++-++-+-++++++-+-+-----+++-+,9.360215,214,841,428
16220,+--+++-+-++++++-+-+-----+--++,8.900216,254,841,508
16221,++-+++-+-++++++-+-+-----+---+,10.420352,350,841,700
16222,+-++++-+-++++++-+-+-----+-+++,8.654372,278,841,556
16223,++++++-+-++++++-+-+-----+-+-+,10.206470,438,841,876
16224,+-----++-++++++-+-+---++-+-++,10.778698,446,841,892
16225,++----++-++++++-+-+---++-+--+,9.819587,286,841,572
16226,+-+---++-++++++-+-+---++-++++,10.881284,470,841,940
16227,+++---++-++++++-+-+---++-++-+,9.012197,246,841,492
16228,+--+--++-++++++-+-+---++---++,8.257243,222,841,444
16229,++-+--++-++++++-+-+---++----+,9.358589,190,841,380
16230,+-++--++-++++++-+-+---++--+++,9.219544,278,841,556
16231,++++--++-++++++-+-+---++--+-+,8.679965,182,841,364
16232,+---+-++-++++++-+-+---++++-++,9.868841,342,841,684
16233,++--+-++-++++++-+-+---++++--+,9.993664,278,841,556
16234,+-+-+-++-++++++-+-+---+++++++,11.000000,526,841,1052
16235,+++-+-++-++++++-+-+---+++++-+,11.000000,398,841,796
16236,+--++-++-++++++-+-+---+++--++,8.319342,182,841,364
16237,++-++-++-++++++-+-+---+++---+,8.818829,182,841,364
16238,+-+++-++-++++++-+-+---+++-+++,11.000000,270,841,540
16239,+++++-++-++++++-+-+---+++-+-+,11.000000,334,841,668
16240,+----+++-++++++-+-+---+--+-++,10.374212,382,841,764
16241,++---+++-++++++-+-+---+--+--+,8.801387,222,841,444
16242,+-+--+++-++++++-+-+---+--++++,9.564208,278,841,556
16243,+++--+++-++++++-+-+---+--++-+,9.219544,182,841,364
16244,+--+-+++-++++++-+-+---+----++,9.520794,318,841,636
16245,++-+-+++-++++++-+-+---+-----+,10.782816,478,841,956
16246,+-++-+++-++++++-+-+---+---+++,8.286523,182,841,364
16247,++++-+++-++++++-+-+---+---+-+,10.379137,406,841,812
16248,+---++++-++++++-+-+---+-++-++,9.053198,246,841,492
16249,++--++++-++++++-+-+---+-++--+,9.591011,246,841,492
16250,+-+-++++-++++++-+-+---+-+++++,11.000000,366,841,732
16251,+++-++++-++++++-+-+---+-+++-+,11.000000,302,841,604
16252,+--+++++-++++++-+-+---+-+--++,8.414906,246,841,492
16253,++-+++++-++++++-+-+---+-+---+,10.709008,502,841,1004
16254,+-++++++-++++++-+-+---+-+-+++,11.000000,334,841,668
16255,++++++++-++++++-+-+---+-+-+-+,11.000000,654,841,1308
16256,+-------+++++++-+-+-++-+-+-++,10.026013,382,841,764
16257,++------+++++++-+-+-++-+-+--+,10.027362,414,841,828
16258,+-+-----+++++++-+-+-++-+-++++,10.535785,406,841,812
16259,+++-----+++++++-+-+-++-+-++-+,9.308356,374,841,748
16260,+--+----+++++++-+-+-++-+---++,8.557245,190,841,380
16261,++-+----+++++++-+-+-++-+----+,11.279824,478,841,956
16262,+-++----+++++++-+-+-++-+--+++,9.336604,246,841,492
16263,++++----+++++++-+-+-++-+--+-+,10.877028,470,841,940
16264,+---+---+++++++-+-+-++-+++-++,9.219544,310,841,620
16265,++--+---+++++++-+-+-++-+++--+,10.816654,374,841,748
16266,+-+-+---+++++++-+-+-++-++++++,11.000000,494,841,988
16267,+++-+---+++++++-+-+-++-++++-+,11.000000,494,841,988
16268,+--++---+++++++-+-+-++-++--++,9.219544,182,841,364
16269,++-++---+++++++-+-+-++-++---+,9.599614,310,841,620
16270,+-+++---+++++++-+-+-++-++-+++,11.000000,270,841,540
16271,+++++---+++++++-+-+-++-++-+-+,11.000000,462,841,924
16272,+----+--+++++++-+-+-++---+-++,9.443851,222,841,444
16273,++---+--+++++++-+-+-++---+--+,11.180340,318,841,636
16274,+-+--+--+++++++-+-+-++---++++,8.831498,182,841,364
16275,+++--+--+++++++-+-+-++---++-+,10.049876,214,841,428
16276,+--+-+--+++++++-+-+-++-----++,8.403376,190,841,380
16277,++-+-+--+++++++-+-+-++------+,9.693172,350,841,700
16278,+-++-+--+++++++-+-+-++----+++,9.710469,246,841,492
16279,++++-+--+++++++-+-+-++----+-+,10.241227,342,841,684
16280,+---++--+++++++-+-+-++--++-++,10.816654,246,841,492
16281,++--++--+++++++-+-+-++--++--+,13.453624,566,841,1132
16282,+-+-++--+++++++-+-+-++--+++++,11.000000,302,841,604
16283,+++-++--+++++++-+-+-++--+++-+,11.180340,430,841,860
16284,+--+++--+++++++-+-+-++--+--++,9.219544,150,841,300
16285,++-+++--+++++++-+-+-++--+---+,10.816654,342,841,684
16286,+-++++--+++++++-+-+-++--+-+++,11.000000,302,841,604
16287,++++++--+++++++-+-+-++--+-+-+,11.000000,430,841,860
16288,+-----+-+++++++-+-+-++++-+-++,8.796861,278,841,556
16289,++----+-+++++++-+-+-++++-+--+,10.304661,342,841,684
16290,+-+---+-+++++++-+-+-++++-++++,11.000000,430,841,860
16291,+++---+-+++++++-+-+-++++-++-+,11.000000,430,841,860
16292,+--+--+-+++++++-+-+-++++---++,7.658774,86,841,172
16293,++-+--+-+++++++-+-+-++++----+,10.820928,406,841,812
16294,+-++--+-+++++++-+-+-++++--+++,11.000000,270,841,540
16295,++++--+-+++++++-+-+-++++--+-+,11.000000,526,841,1052
16296,+---+-+-+++++++-+-+-++++++-++,11.000000,494,841,988
16297,++--+-+-+++++++-+-+-++++++--+,11.000000,462,841,924
16298,+-+-+-+-+++++++-+-+-+++++++++,15.000000,1190,841,2380
16299,+++-+-+-+++++++-+-+-+++++++-+,15.000000,1094,841,2188
16300,+--++-+-+++++++-+-+-+++++--++,11.000000,302,841,604
16301,++-++-+-+++++++-+-+-+++++---+,11.000000,462,841,924
16302,+-+++-+-+++++++-+-+-+++++-+++,15.000000,902,841,1804
16303,+++++-+-+++++++-+-+-+++++-+-+,15.000000,1126,841,2252
16304,+----++-+++++++-+-+-+++--+-++,7.761192,118,841,236
16305,++---++-+++++++-+-+-+++--+--+,10.049876,182,841,364
16306,+-+--++-+++++++-+-+-+++--++++,11.000000,270,841,540
16307,+++--++-+++++++-+-+-+++--++-+,11.000000,398,841,796
16308,+--+-++-+++++++-+-+-+++----++,8.061340,150,841,300
16309,++-+-++-+++++++-+-+-+++-----+,8.858525,278,841,556
16310,+-++-++-+++++++-+-+-+++---+++,11.000000,270,841,540
16311,++++-++-+++++++-+-+-+++---+-+,11.000000,462,841,924
16312,+---+++-+++++++-+-+-+++-++-++,11.000000,302,841,604
16313,++--+++-+++++++-+-+-+++-++--+,11.180340,462,841,924
16314,+-+-+++-+++++++-+-+-+++-+++++,15.000000,934,841,1868
16315,+++-+++-+++++++-+-+-+++-+++-+,15.000000,1030,841,2060
16316,+--++++-+++++++-+-+-+++-+--++,11.000000,334,841,668
16317,++-++++-+++++++-+-+-+++-+---+,11.000000,494,841,988
16318,+-+++++-+++++++-+-+-+++-+-+++,15.000000,934,841,1868
16319,+++++++-+++++++-+-+-+++-+-+-+,15.000000,1158,841,2316
16320,+------++++++++-+-+-+--+-+-++,11.500560,574,841,1148
16321,++-----++++++++-+-+-+--+-+--+,8.583859,222,841,444
16322,+-+----++++++++-+-+-+--+-++++,11.337685,534,841,1068
16323,+++----++++++++-+-+-+--+-++-+,8.939977,246,841,492
16324,+--+---++++++++-+-+-+--+---++,9.588826,318,841,636
16325,++-+---++++++++-+-+-+--+----+,8.460260,222,841,444
16326,+-++---++++++++-+-+-+--+--+++,8.368562,182,841,364
16327,++++---++++++++-+-+-+--+--+-+,8.200073,150,841,300
16328,+---+--++++++++-+-+-+--+++-++,10.141132,406,841,812
16329,++--+--++++++++-+-+-+--+++--+,9.219544,150,841,300
16330,+-+-+--++++++++-+-+-+--++++++,11.000000,526,841,1052
16331,+++-+--++++++++-+-+-+--++++-+,11.000000,334,841,668
16332,+--++--++++++++-+-+-+--++--++,10.816654,406,841,812
16333,++-++--++++++++-+-+-+--++---+,9.219544,214,841,428
16334,+-+++--++++++++-+-+-+--++-+++,11.000000,302,841,604
16335,+++++--++++++++-+-+-+--++-+-+,11.000000,302,841,604
16336,+----+-++++++++-+-+-+----+-++,11.441222,574,841,1148
16337,++---+-++++++++-+-+-+----+--+,9.189396,286,841,572
16338,+-+--+-++++++++-+-+-+----++++,10.293202,406,841,812
16339,+++--+-++++++++-+-+-+----++-+,7.563962,182,841,364
16340,+--+-+-++++++++-+-+-+------++,10.712250,478,841,956
16341,++-+-+-++++++++-+-+-+-------+,11.292633,638,841,1276
16342,+-++-+-++++++++-+-+-+-----+++,8.692374,278,841,556
16343,++++-+-++++++++-+-+-+-----+-+,10.667902,502,841,1004
16344,+---++-++++++++-+-+-+---++-++,9.508547,310,841,620
16345,++--++-++++++++-+-+-+---++--+,10.816654,310,841,620
16346,+-+-++-++++++++-+-+-+---+++++,11.000000,366,841,732
16347,+++-++-++++++++-+-+-+---+++-+,11.000000,302,841,604
16348,+--+++-++++++++-+-+-+---+--++,9.219544,342,841,684
16349,++-+++-++++++++-+-+-+---+---+,11.111119,598,841,1196
16350,+-++++-++++++++-+-+-+---+-+++,11.000000,366,841,732
16351,++++++-++++++++-+-+-+---+-+-+,11.016001,686,841,1372
16352,+-----+++++++++-+-+-+-++-+-++,9.875583,310,841,620
16353,++----+++++++++-+-+-+-++-+--+,8.100933,182,841,364
16354,+-+---+++++++++-+-+-+-++-++++,11.000000,462,841,924
16355,+++---+++++++++-+-+-+-++-++-+,11.000000,270,841,540
16356,+--+--+++++++++-+-+-+-++---++,7.419671,118,841,236
16357,++-+--+++++++++-+-+-+-++----+,8.499948,246,841,492
16358,+-++--+++++++++-+-+-+-++--+++,11.000000,302,841,604
16359,++++--+++++++++-+-+-+-++--+-+,11.000000,366,841,732
16360,+---+-+++++++++-+-+-+-++++-++,11.000000,494,841,988
16361,++--+-+++++++++-+-+-+-++++--+,11.000000,334,841,668
16362,+-+-+-+++++++++-+-+-+-+++++++,15.000000,1190,841,2380
16363,+++-+-+++++++++-+-+-+-+++++-+,15.000000,966,841,1932
16364,+--++-+++++++++-+-+-+-+++--++,11.000000,366,841,732
16365,++-++-+++++++++-+-+-+-+++---+,11.000000,398,841,796
16366,+-+++-+++++++++-+-+-+-+++-+++,15.000000,966,841,1932
16367,+++++-+++++++++-+-+-+-+++-+-+,15.000000,1062,841,2124
16368,+----++++++++++-+-+-+-+--+-++,9.630813,310,841,620
16369,++---++++++++++-+-+-+-+--+--+,8.495821,182,841,364
16370,+-+--++++++++++-+-+-+-+--++++,11.000000,398,841,796
16371,+++--++++++++++-+-+-+-+--++-+,11.000000,334,841,668
16372,+--+-++++++++++-+-+-+-+----++,9.603039,342,841,684
16373,++-+-++++++++++-+-+-+-+-----+,11.671200,662,841,1324
16374,+-++-++++++++++-+-+-+-+---+++,11.000000,398,841,796
16375,++++-++++++++++-+-+-+-+---+-+,11.434570,782,841,1564
16376,+---+++++++++++-+-+-+-+-++-++,11.000000,398,841,796
16377,++--+++++++++++-+-+-+-+-++--+,11.000000,430,841,860
16378,+-+-+++++++++++-+-+-+-+-+++++,15.000000,1094,841,2188
16379,+++-+++++++++++-+-+-+-+-+++-+,15.000000,1062,841,2124
16380,+--++++++++++++-+-+-+-+-+--++,11.000000,494,841,988
16381,++-++++++++++++-+-+-+-+-+---+,11.990825,910,841,1820
16382,+-+++++++++++++-+-+-+-+-+-+++,15.000000,1158,841,2316
16383,+++++++++++++++-+-+-+-+-+-+-+,15.000000,1638,841,3276
