node_id,flat25,neighbors_ids,neighbors_mutations
0,0;-1;-1;-1;0;1;0;0;0;-1;1;0;0;0;0;1;0;0;0;0;0;1;0;0;0,1;2;3;4;5,0;1;2;3;4
1,0;1;1;1;0;-1;0;0;0;-1;-1;0;0;0;0;-1;0;0;0;0;0;1;0;0;0,0;6;7;8;9,0;1;2;3;4
2,0;1;-1;-1;-1;-1;0;0;0;1;1;0;0;0;0;1;0;0;0;0;1;-1;0;0;0,10;0;11;12;13,0;1;2;3;4
3,0;-1;1;-1;0;1;0;0;0;-1;-1;0;0;0;0;1;0;0;0;0;0;1;0;0;0,14;11;0;15;16,0;1;2;3;4
4,0;-1;-1;1;0;1;0;0;0;-1;1;0;0;0;0;-1;0;0;0;0;0;1;0;0;0,17;12;15;0;18,0;1;2;3;4
5,0;-1;-1;-1;0;1;0;0;0;1;1;0;0;0;0;1;0;0;0;0;0;-1;0;0;0,9;19;16;18;0,0;1;2;3;4
6,0;-1;1;1;0;1;0;0;0;1;-1;0;0;0;0;-1;0;0;0;0;0;-1;0;0;0,20;1;18;16;15,0;1;2;3;4
7,0;1;-1;1;0;-1;0;0;0;-1;1;0;0;0;0;-1;0;0;0;0;0;1;0;0;0,21;18;1;19;22,0;1;2;3;4
8,0;1;1;-1;0;-1;0;0;0;-1;-1;0;0;0;0;1;0;0;0;0;0;1;0;0;0,23;16;19;1;24,0;1;2;3;4
9,0;1;1;1;0;-1;0;0;0;1;-1;0;0;0;0;-1;0;0;0;0;0;-1;0;0;0,5;25;22;24;1,0;1;2;3;4
10,0;-1;1;1;1;1;0;-1;-1;0;-1;1;0;0;0;-1;1;0;0;0;-1;0;0;0;0,2;26;27;28;29,0;1;2;3;4
11,0;1;1;-1;-1;-1;0;0;0;1;-1;0;0;0;0;1;0;0;0;0;1;-1;0;0;0,30;3;2;31;32,0;1;2;3;4
12,0;1;-1;1;-1;-1;0;0;0;1;1;0;0;0;0;-1;0;0;0;0;1;-1;0;0;0,33;4;31;2;34,0;1;2;3;4
13,0;0;-1;-1;1;0;0;0;0;-1;1;0;0;0;0;1;0;0;0;0;-1;1;0;0;0,35;36;32;34;2,0;1;2;3;4
14,0;1;-1;1;0;-1;0;1;0;-1;1;-1;0;-1;0;-1;0;1;0;0;0;1;0;0;0,3;37;38;39;40,0;1;2;3;4
15,0;-1;1;1;0;1;0;0;0;-1;-1;0;0;0;0;-1;0;0;0;0;0;1;0;0;0,41;31;4;3;6,0;1;2;3;4
16,0;-1;1;-1;0;1;0;0;0;1;-1;0;0;0;0;1;0;0;0;0;0;-1;0;0;0,40;8;5;6;3,0;1;2;3;4
17,0;1;1;-1;0;-1;0;0;1;-1;-1;0;0;1;0;1;-1;-1;0;0;0;1;0;0;0,4;42;43;44;45,0;1;2;3;4
18,0;-1;-1;1;0;1;0;0;0;1;1;0;0;0;0;-1;0;0;0;0;0;-1;0;0;0,45;7;6;5;4,0;1;2;3;4
19,0;1;-1;-1;0;-1;0;0;0;-1;1;0;0;0;0;1;0;0;0;0;0;1;0;0;0,46;5;8;7;47,0;1;2;3;4
20,0;1;-1;-1;0;-1;0;1;1;1;1;-1;0;0;0;1;-1;0;0;0;0;-1;0;0;0,6;48;49;50;41,0;1;2;3;4
21,0;-1;1;-1;0;1;0;-1;0;-1;-1;1;0;1;0;1;0;-1;0;0;0;1;0;0;0,7;51;52;53;54,0;1;2;3;4
22,0;1;-1;1;0;-1;0;0;0;1;1;0;0;0;0;-1;0;0;0;0;0;-1;0;0;0,54;55;9;47;7,0;1;2;3;4
23,0;-1;-1;1;0;1;0;0;-1;-1;1;0;0;-1;0;-1;1;1;0;0;0;1;0;0;0,8;56;57;58;59,0;1;2;3;4
24,0;1;1;-1;0;-1;0;0;0;1;-1;0;0;0;0;1;0;0;0;0;0;-1;0;0;0,59;60;47;9;8,0;1;2;3;4
25,0;-1;1;1;1;1;0;0;0;-1;-1;0;0;0;0;-1;0;0;0;0;-1;1;0;0;0,61;9;55;60;62,0;1;2;3;4
26,0;1;0;0;1;-1;0;1;1;0;0;-1;0;0;0;0;-1;0;0;0;-1;0;0;0;0,63;10;64;65;66,0;1;2;3;4
27,0;0;-1;1;1;0;0;1;-1;0;1;-1;0;0;0;-1;1;0;0;0;-1;0;0;0;0,67;68;10;69;70,0;1;2;3;4
28,0;0;1;-1;1;0;0;-1;1;0;-1;1;0;0;0;1;-1;0;0;0;-1;0;0;0;0,71;72;69;10;73,0;1;2;3;4
29,0;-1;1;1;-1;1;0;-1;-1;0;-1;1;0;0;0;-1;1;0;0;0;1;0;0;0;0,74;66;70;73;10,0;1;2;3;4
30,0;-1;-1;1;1;1;0;0;-1;0;1;0;0;-1;-1;-1;1;1;0;0;-1;0;1;0;0,11;75;76;77;78,0;1;2;3;4
31,0;1;1;1;-1;-1;0;0;0;1;-1;0;0;0;0;-1;0;0;0;0;1;-1;0;0;0,79;15;12;11;80,0;1;2;3;4
32,0;0;1;-1;1;0;0;0;0;-1;-1;0;0;0;0;1;0;0;0;0;-1;1;0;0;0,81;82;13;80;11,0;1;2;3;4
33,0;-1;1;-1;1;1;0;-1;0;0;-1;1;0;1;0;1;0;-1;0;-1;-1;0;0;1;0,12;83;84;85;86,0;1;2;3;4
34,0;0;-1;1;1;0;0;0;0;-1;1;0;0;0;0;-1;0;0;0;0;-1;1;0;0;0,87;88;80;13;12,0;1;2;3;4
35,0;0;1;1;-1;0;0;0;0;-1;-1;0;0;0;1;-1;0;0;0;1;1;1;-1;-1;0,13;89;90;91;92,0;1;2;3;4
36,0;0;-1;-1;1;0;0;0;0;1;1;0;0;0;0;1;0;0;0;0;-1;-1;0;0;0,89;13;82;88;93,0;1;2;3;4
37,0;-1;0;1;0;1;0;-1;0;1;0;1;0;-1;-1;-1;0;1;0;0;0;-1;1;0;0,94;14;95;96;97,0;1;2;3;4
38,0;0;1;0;0;0;0;-1;0;-1;-1;1;0;1;0;0;0;-1;0;0;0;1;0;0;0,98;99;14;100;101,0;1;2;3;4
39,0;1;0;-1;0;-1;0;1;0;-1;0;-1;0;1;0;1;0;-1;0;0;0;1;0;0;0,102;96;103;14;104,0;1;2;3;4
40,0;1;-1;1;0;-1;0;1;0;1;1;-1;0;-1;0;-1;0;1;0;0;0;-1;0;0;0,16;105;101;104;14,0;1;2;3;4
41,0;1;-1;-1;0;-1;0;1;1;-1;1;-1;0;0;0;1;-1;0;0;0;0;1;0;0;0,15;106;107;108;20,0;1;2;3;4
42,0;-1;1;0;0;1;0;0;-1;1;-1;0;0;1;0;0;1;-1;0;-1;0;-1;0;1;0,109;17;110;111;112,0;1;2;3;4
43,0;1;-1;0;0;-1;0;0;1;-1;1;0;0;-1;0;0;-1;1;0;0;0;1;0;0;0,113;110;17;114;115,0;1;2;3;4
44,0;0;0;1;0;0;0;0;-1;-1;0;0;0;-1;0;-1;1;1;0;0;0;1;0;0;0,116;117;118;17;119,0;1;2;3;4
45,0;1;1;-1;0;-1;0;0;1;1;-1;0;0;1;0;1;-1;-1;0;0;0;-1;0;0;0,18;120;115;119;17,0;1;2;3;4
46,0;-1;1;1;0;1;0;-1;-1;-1;-1;1;0;0;0;-1;1;0;0;0;0;1;0;0;0,19;121;108;107;122,0;1;2;3;4
47,0;1;-1;-1;0;-1;0;0;0;1;1;0;0;0;0;1;0;0;0;0;0;-1;0;0;0,122;123;24;22;19,0;1;2;3;4
48,0;-1;0;0;1;1;0;-1;-1;-1;0;1;0;0;0;0;1;0;0;0;-1;1;0;0;0,124;20;125;126;127,0;1;2;3;4
49,0;0;1;-1;0;0;0;-1;1;1;-1;1;0;0;0;1;-1;0;0;0;0;-1;0;0;0,128;129;20;122;107,0;1;2;3;4
50,0;0;-1;1;0;0;0;1;-1;1;1;-1;0;0;0;-1;1;0;0;0;0;-1;0;0;0,130;131;122;20;108,0;1;2;3;4
51,0;1;0;-1;-1;-1;0;1;0;1;0;-1;0;1;0;1;0;-1;0;0;1;-1;0;0;0,132;21;133;134;135,0;1;2;3;4
52,0;0;-1;0;0;0;0;1;0;-1;1;-1;0;-1;0;0;0;1;0;0;0;1;0;0;0,136;137;21;138;139,0;1;2;3;4
53,0;-1;0;1;0;1;0;-1;0;-1;0;1;0;-1;0;-1;0;1;0;0;0;1;0;0;0,103;134;102;21;140,0;1;2;3;4
54,0;-1;1;-1;0;1;0;-1;0;1;-1;1;0;1;0;1;0;-1;0;0;0;-1;0;0;0,22;141;139;140;21,0;1;2;3;4
55,0;-1;-1;1;1;1;0;0;0;-1;1;0;0;0;0;-1;0;0;0;0;-1;1;0;0;0,142;22;25;123;143,0;1;2;3;4
56,0;1;-1;0;-1;-1;0;0;1;1;1;0;0;-1;0;0;-1;1;0;0;1;-1;0;0;0,144;23;145;146;147,0;1;2;3;4
57,0;-1;1;0;0;1;0;0;-1;-1;-1;0;0;1;0;0;1;-1;0;0;0;1;0;0;0,114;145;23;113;148,0;1;2;3;4
58,0;0;0;-1;0;0;0;0;1;-1;0;0;0;1;0;1;-1;-1;0;0;0;1;0;0;0,149;150;151;23;152,0;1;2;3;4
59,0;-1;-1;1;0;1;0;0;-1;1;1;0;0;-1;0;-1;1;1;0;0;0;-1;0;0;0,24;153;148;152;23,0;1;2;3;4
60,0;-1;1;-1;1;1;0;0;0;-1;-1;0;0;0;0;1;0;0;0;0;-1;1;0;0;0,154;24;123;25;155,0;1;2;3;4
61,0;1;-1;-1;-1;-1;0;1;1;0;1;-1;0;0;0;1;-1;0;0;0;1;0;0;0;0,25;156;73;70;69,0;1;2;3;4
62,0;0;1;1;-1;0;0;0;0;1;-1;0;0;0;0;-1;0;0;0;0;1;-1;0;0;0,157;158;143;155;25,0;1;2;3;4
63,0;-1;0;0;-1;1;0;1;1;0;0;-1;0;0;0;0;-1;0;0;0;1;0;0;0;0,26;124;159;160;161,0;1;2;3;4
64,0;1;0;0;1;-1;0;-1;1;0;0;1;0;0;0;0;-1;0;0;0;-1;0;0;0;0,159;132;26;162;163,0;1;2;3;4
65,0;1;0;0;1;-1;0;1;-1;0;0;-1;0;0;0;0;1;0;0;0;-1;0;0;0;0,160;144;162;26;164,0;1;2;3;4
66,0;1;0;0;-1;-1;0;1;1;0;0;-1;0;0;0;0;-1;0;0;0;1;0;0;0;0,165;29;163;164;26,0;1;2;3;4
67,0;0;1;-1;-1;0;0;1;-1;0;-1;-1;0;1;1;1;1;-1;0;0;1;0;-1;0;0,27;166;137;167;168,0;1;2;3;4
68,0;0;-1;1;1;0;0;-1;1;0;1;1;0;-1;0;-1;-1;1;0;0;-1;0;0;0;0,166;27;169;170;171,0;1;2;3;4
69,0;1;-1;-1;1;-1;0;1;1;0;1;-1;0;0;0;1;-1;0;0;0;-1;0;0;0;0,172;173;28;27;61,0;1;2;3;4
70,0;0;-1;1;-1;0;0;1;-1;0;1;-1;0;0;0;-1;1;0;0;0;1;0;0;0;0,174;171;29;61;27,0;1;2;3;4
71,0;0;-1;1;-1;0;0;-1;1;0;1;1;0;-1;0;-1;-1;1;0;1;1;0;0;-1;0,28;175;176;150;177,0;1;2;3;4
72,0;0;1;-1;1;0;0;1;-1;0;-1;-1;0;1;0;1;1;-1;0;0;-1;0;0;0;0,175;28;178;179;180,0;1;2;3;4
73,0;0;1;-1;-1;0;0;-1;1;0;-1;1;0;0;0;1;-1;0;0;0;1;0;0;0;0,181;180;61;29;28,0;1;2;3;4
74,0;1;-1;-1;1;-1;0;0;0;0;1;0;0;0;-1;1;0;0;0;-1;-1;0;1;1;0,29;79;182;183;184,0;1;2;3;4
75,0;1;-1;0;1;-1;0;0;1;0;1;0;0;-1;-1;0;-1;1;0;0;-1;0;1;0;0,185;30;186;187;188,0;1;2;3;4
76,0;-1;1;0;0;1;0;0;-1;0;-1;0;0;1;1;0;1;-1;0;0;0;0;-1;0;0,189;186;30;190;191,0;1;2;3;4
77,0;0;0;-1;1;0;0;0;1;0;0;0;0;1;-1;1;-1;-1;0;0;-1;0;1;0;0,192;193;194;30;195,0;1;2;3;4
78,0;-1;0;1;-1;1;0;0;-1;0;0;0;0;-1;1;-1;1;1;0;0;1;0;-1;0;0,196;188;197;195;30,0;1;2;3;4
79,0;-1;-1;-1;1;1;0;0;0;0;1;0;0;0;-1;1;0;0;0;-1;-1;0;1;1;0,31;74;198;199;200,0;1;2;3;4
80,0;0;1;1;1;0;0;0;0;-1;-1;0;0;0;0;-1;0;0;0;0;-1;1;0;0;0,93;201;34;32;31,0;1;2;3;4
81,0;0;-1;1;-1;0;0;0;0;-1;1;0;0;-1;0;-1;0;1;0;1;1;1;0;-1;0,32;202;203;204;205,0;1;2;3;4
82,0;0;1;-1;1;0;0;0;0;1;-1;0;0;0;0;1;0;0;0;0;-1;-1;0;0;0,202;32;36;201;206,0;1;2;3;4
83,0;1;0;-1;1;-1;0;1;0;0;0;-1;0;1;0;1;0;-1;0;-1;-1;0;0;1;0,207;33;208;209;210,0;1;2;3;4
84,0;0;-1;0;1;0;0;1;0;0;1;-1;0;-1;0;0;0;1;0;-1;-1;0;0;1;0,211;212;33;213;214,0;1;2;3;4
85,0;-1;0;1;0;1;0;-1;0;0;0;1;0;-1;0;-1;0;1;0;1;0;0;0;-1;0,215;209;216;33;217,0;1;2;3;4
86,0;-1;1;0;-1;1;0;-1;0;0;-1;1;0;1;0;0;0;-1;0;1;1;0;0;-1;0,218;210;214;219;33,0;1;2;3;4
87,0;0;1;-1;-1;0;0;0;0;-1;-1;0;0;1;1;1;0;-1;0;0;1;1;-1;0;0,34;220;221;222;223,0;1;2;3;4
88,0;0;-1;1;1;0;0;0;0;1;1;0;0;0;0;-1;0;0;0;0;-1;-1;0;0;0,220;34;201;36;224,0;1;2;3;4
89,0;0;1;1;-1;0;0;0;0;1;-1;0;0;0;1;-1;0;0;0;1;1;-1;-1;-1;0,36;35;225;226;227,0;1;2;3;4
90,0;0;-1;1;0;0;0;0;0;-1;1;0;0;0;-1;-1;0;0;0;1;0;1;1;-1;0,228;225;35;229;230,0;1;2;3;4
91,0;0;1;-1;0;0;0;0;0;-1;-1;0;0;0;1;1;0;0;0;-1;0;1;-1;1;0,231;226;229;35;232,0;1;2;3;4
92,0;0;0;0;1;0;0;-1;-1;1;0;1;0;0;-1;0;1;0;0;-1;-1;-1;1;1;0,233;234;235;236;35,0;1;2;3;4
93,0;0;-1;-1;-1;0;0;0;0;-1;1;0;0;0;0;1;0;0;0;0;1;1;0;0;0,80;237;206;224;36,0;1;2;3;4
94,0;1;0;-1;0;-1;0;-1;1;1;0;1;0;-1;-1;1;-1;1;0;0;0;-1;1;0;0,37;125;238;239;240,0;1;2;3;4
95,0;-1;0;1;0;1;0;1;-1;0;0;-1;0;1;1;-1;1;-1;0;0;0;0;-1;0;0,238;241;37;242;243,0;1;2;3;4
96,0;-1;1;-1;0;1;0;-1;0;1;-1;1;0;1;-1;1;0;-1;0;0;0;-1;1;0;0,244;39;245;37;246,0;1;2;3;4
97,0;-1;0;1;0;1;0;0;0;-1;0;0;0;-1;1;-1;0;1;0;0;0;1;-1;0;0,240;247;248;246;37,0;1;2;3;4
98,0;0;-1;0;0;0;0;-1;0;-1;1;1;0;1;0;0;0;-1;0;0;0;1;0;0;0,38;249;136;250;251,0;1;2;3;4
99,0;0;1;0;0;0;0;1;0;1;-1;-1;0;1;0;0;0;-1;0;0;0;-1;0;0;0,249;38;128;252;253,0;1;2;3;4
100,0;0;1;0;0;0;0;-1;0;-1;-1;1;0;-1;0;0;0;1;0;0;0;1;0;0;0,250;252;114;38;254,0;1;2;3;4
101,0;0;1;0;0;0;0;-1;0;1;-1;1;0;1;0;0;0;-1;0;0;0;-1;0;0;0,251;255;40;254;38,0;1;2;3;4
102,0;-1;0;1;0;1;0;1;-1;-1;0;-1;0;1;0;-1;1;-1;0;0;0;1;0;0;0,39;256;53;151;257,0;1;2;3;4
103,0;1;0;-1;0;-1;0;-1;1;-1;0;1;0;-1;0;1;-1;1;0;0;0;1;0;0;0,53;258;39;118;259,0;1;2;3;4
104,0;1;0;-1;0;-1;0;1;0;1;0;-1;0;1;0;1;0;-1;0;0;0;-1;0;0;0,257;260;259;40;39,0;1;2;3;4
105,0;-1;0;1;1;1;0;-1;0;-1;0;1;0;-1;0;-1;0;1;0;0;-1;1;0;0;0,261;40;262;260;263,0;1;2;3;4
106,0;-1;0;0;0;1;0;-1;-1;1;0;1;0;0;-1;0;1;0;0;-1;0;-1;1;1;0,264;41;265;266;267,0;1;2;3;4
107,0;0;1;-1;0;0;0;-1;1;-1;-1;1;0;0;0;1;-1;0;0;0;0;1;0;0;0,268;269;41;46;49,0;1;2;3;4
108,0;0;-1;1;0;0;0;1;-1;-1;1;-1;0;0;0;-1;1;0;0;0;0;1;0;0;0,270;271;46;41;50,0;1;2;3;4
109,0;1;-1;0;0;-1;0;1;-1;1;1;-1;0;1;0;0;1;-1;0;-1;0;-1;0;1;0,42;126;272;273;274,0;1;2;3;4
110,0;-1;-1;1;0;1;0;0;-1;1;1;0;0;-1;0;-1;1;1;0;-1;0;-1;0;1;0,275;43;42;276;277,0;1;2;3;4
111,0;-1;1;0;0;1;0;-1;1;0;-1;1;0;-1;0;0;-1;1;0;1;0;0;0;-1;0,273;278;279;42;280,0;1;2;3;4
112,0;-1;1;0;0;1;0;0;0;-1;-1;0;0;1;0;0;0;-1;0;1;0;1;0;-1;0,274;281;277;282;42,0;1;2;3;4
113,0;-1;1;0;0;1;0;-1;1;-1;-1;1;0;-1;0;0;-1;1;0;0;0;1;0;0;0,43;283;138;57;284,0;1;2;3;4
114,0;1;-1;0;0;-1;0;1;-1;-1;1;-1;0;1;0;0;1;-1;0;0;0;1;0;0;0,57;285;100;43;286,0;1;2;3;4
115,0;1;-1;0;0;-1;0;0;1;1;1;0;0;-1;0;0;-1;1;0;0;0;-1;0;0;0,284;287;45;286;43,0;1;2;3;4
116,0;0;0;-1;0;0;0;0;-1;-1;0;0;0;-1;0;1;1;1;0;0;0;1;0;0;0,44;288;289;149;290,0;1;2;3;4
117,0;0;0;1;0;0;0;0;1;1;0;0;0;-1;0;-1;-1;1;0;0;0;-1;0;0;0,288;44;291;130;292,0;1;2;3;4
118,0;0;0;1;0;0;0;0;-1;-1;0;0;0;1;0;-1;1;-1;0;0;0;1;0;0;0,289;291;44;103;293,0;1;2;3;4
119,0;0;0;1;0;0;0;0;-1;1;0;0;0;-1;0;-1;1;1;0;0;0;-1;0;0;0,290;294;293;45;44,0;1;2;3;4
120,0;-1;1;0;1;1;0;0;-1;-1;-1;0;0;1;0;0;1;-1;0;0;-1;1;0;0;0,295;45;287;296;297,0;1;2;3;4
121,0;1;0;0;-1;-1;0;1;1;1;0;-1;0;0;0;0;-1;0;0;0;1;-1;0;0;0,161;46;298;299;234,0;1;2;3;4
122,0;-1;1;1;0;1;0;-1;-1;1;-1;1;0;0;0;-1;1;0;0;0;0;-1;0;0;0,47;300;50;49;46,0;1;2;3;4
123,0;-1;-1;-1;1;1;0;0;0;-1;1;0;0;0;0;1;0;0;0;0;-1;1;0;0;0,301;47;60;55;237,0;1;2;3;4
124,0;1;0;0;-1;-1;0;-1;-1;0;0;1;0;0;0;0;1;0;0;0;1;0;0;0;0,48;63;164;163;162,0;1;2;3;4
125,0;-1;0;0;1;1;0;1;-1;-1;0;-1;0;0;0;0;1;0;0;0;-1;1;0;0;0,164;94;48;165;302,0;1;2;3;4
126,0;-1;0;0;1;1;0;-1;1;-1;0;1;0;0;0;0;-1;0;0;0;-1;1;0;0;0,163;109;165;48;303,0;1;2;3;4
127,0;0;0;0;-1;0;0;-1;-1;1;0;1;0;0;0;0;1;0;0;0;1;-1;0;0;0,304;305;302;303;48,0;1;2;3;4
128,0;0;-1;1;0;0;0;-1;1;1;1;1;0;-1;0;-1;-1;1;0;0;0;-1;0;0;0,49;306;99;307;268,0;1;2;3;4
129,0;0;1;-1;0;0;0;1;-1;-1;-1;-1;0;1;1;1;1;-1;0;0;0;1;-1;0;0,306;49;308;309;310,0;1;2;3;4
130,0;0;1;-1;0;0;0;1;-1;1;-1;-1;0;1;0;1;1;-1;0;0;0;-1;0;0;0,50;311;312;117;270,0;1;2;3;4
131,0;0;-1;1;0;0;0;-1;1;-1;1;1;0;-1;0;-1;-1;1;0;1;0;1;0;-1;0,311;50;313;314;315,0;1;2;3;4
132,0;-1;0;1;1;1;0;1;-1;0;0;-1;0;1;0;-1;1;-1;0;0;-1;0;0;0;0,51;64;316;317;207,0;1;2;3;4
133,0;1;0;-1;-1;-1;0;-1;1;1;0;1;0;-1;0;1;-1;1;0;0;1;-1;0;0;0,316;318;51;319;320,0;1;2;3;4
134,0;1;-1;1;-1;-1;0;1;0;1;1;-1;0;-1;0;-1;0;1;0;0;1;-1;0;0;0,321;53;322;51;323,0;1;2;3;4
135,0;0;0;-1;1;0;0;1;0;-1;0;-1;0;1;0;1;0;-1;0;0;-1;1;0;0;0,324;223;320;323;51,0;1;2;3;4
136,0;0;1;0;0;0;0;1;0;-1;-1;-1;0;-1;0;0;0;1;0;0;0;1;0;0;0,52;325;98;253;252,0;1;2;3;4
137,0;0;-1;0;0;0;0;-1;0;1;1;1;0;-1;-1;0;0;1;0;0;0;-1;1;0;0,325;52;67;326;327,0;1;2;3;4
138,0;0;-1;0;0;0;0;1;0;-1;1;-1;0;1;0;0;0;-1;0;0;0;1;0;0;0,253;326;113;52;249,0;1;2;3;4
139,0;0;-1;0;0;0;0;1;0;1;1;-1;0;-1;0;0;0;1;0;0;0;-1;0;0;0,252;250;54;249;52,0;1;2;3;4
140,0;-1;0;1;0;1;0;-1;0;1;0;1;0;-1;0;-1;0;1;0;0;0;-1;0;0;0,259;328;257;54;53,0;1;2;3;4
141,0;1;0;-1;0;-1;0;1;0;-1;0;-1;0;1;1;1;0;-1;0;0;0;1;-1;0;0,329;54;330;328;331,0;1;2;3;4
142,0;1;1;-1;-1;-1;0;0;1;0;-1;0;0;1;1;1;-1;-1;0;0;1;0;-1;0;0,55;332;333;334;335,0;1;2;3;4
143,0;0;-1;1;-1;0;0;0;0;1;1;0;0;0;0;-1;0;0;0;0;1;-1;0;0;0,336;224;62;237;55,0;1;2;3;4
144,0;-1;1;0;1;1;0;-1;1;0;-1;1;0;-1;0;0;-1;1;0;0;-1;0;0;0;0,56;65;337;338;185,0;1;2;3;4
145,0;1;1;-1;-1;-1;0;0;1;1;-1;0;0;1;0;1;-1;-1;0;0;1;-1;0;0;0,339;57;56;340;341,0;1;2;3;4
146,0;1;-1;0;-1;-1;0;1;-1;1;1;-1;0;1;0;0;1;-1;0;0;1;-1;0;0;0,338;342;343;56;344,0;1;2;3;4
147,0;0;-1;0;1;0;0;0;1;-1;1;0;0;-1;0;0;-1;1;0;0;-1;1;0;0;0,345;205;341;344;56,0;1;2;3;4
148,0;-1;1;0;0;1;0;0;-1;1;-1;0;0;1;0;0;1;-1;0;0;0;-1;0;0;0,286;346;59;284;57,0;1;2;3;4
149,0;0;0;1;0;0;0;0;1;-1;0;0;0;1;0;-1;-1;-1;0;0;0;1;0;0;0,58;347;292;116;291,0;1;2;3;4
150,0;0;0;-1;0;0;0;0;-1;1;0;0;0;1;0;1;1;-1;0;-1;0;-1;0;1;0,347;58;348;71;349,0;1;2;3;4
151,0;0;0;-1;0;0;0;0;1;-1;0;0;0;-1;0;1;-1;1;0;0;0;1;0;0;0,292;348;58;102;288,0;1;2;3;4
152,0;0;0;-1;0;0;0;0;1;1;0;0;0;1;0;1;-1;-1;0;0;0;-1;0;0;0,291;289;288;59;58,0;1;2;3;4
153,0;1;-1;0;0;-1;0;0;1;-1;1;0;0;-1;0;0;-1;1;0;1;0;1;0;-1;0,350;59;346;351;352,0;1;2;3;4
154,0;1;-1;1;-1;-1;0;1;0;0;1;-1;0;-1;0;-1;0;1;0;1;1;0;0;-1;0,60;353;354;355;356,0;1;2;3;4
155,0;0;1;-1;-1;0;0;0;0;1;-1;0;0;0;0;1;0;0;0;0;1;-1;0;0;0,357;206;237;62;60,0;1;2;3;4
156,0;-1;0;0;-1;1;0;-1;-1;0;0;1;0;0;0;0;1;0;0;0;1;0;0;0;0,162;61;160;159;173,0;1;2;3;4
157,0;0;-1;-1;1;0;0;0;0;1;1;0;0;0;-1;1;0;0;0;-1;-1;-1;1;1;0,62;229;226;225;305,0;1;2;3;4
158,0;0;1;1;-1;0;0;0;0;-1;-1;0;0;0;0;-1;0;0;0;0;1;1;0;0;0,229;62;224;206;201,0;1;2;3;4
159,0;-1;0;0;-1;1;0;-1;1;0;0;1;0;0;0;0;-1;0;0;0;1;0;0;0;0,64;295;63;156;358,0;1;2;3;4
160,0;-1;0;0;-1;1;0;1;-1;0;0;-1;0;0;0;0;1;0;0;0;1;0;0;0;0,65;261;156;63;359,0;1;2;3;4
161,0;-1;0;0;1;1;0;1;1;0;0;-1;0;0;0;0;-1;0;0;0;-1;0;0;0;0,121;162;358;359;63,0;1;2;3;4
162,0;1;0;0;1;-1;0;-1;-1;0;0;1;0;0;0;0;1;0;0;0;-1;0;0;0;0,156;161;65;64;124,0;1;2;3;4
163,0;1;0;0;-1;-1;0;-1;1;0;0;1;0;0;0;0;-1;0;0;0;1;0;0;0;0,126;207;66;124;64,0;1;2;3;4
164,0;1;0;0;-1;-1;0;1;-1;0;0;-1;0;0;0;0;1;0;0;0;1;0;0;0;0,125;185;124;66;65,0;1;2;3;4
165,0;-1;0;0;1;1;0;1;1;-1;0;-1;0;0;0;0;-1;0;0;0;-1;1;0;0;0,66;264;126;125;360,0;1;2;3;4
166,0;0;1;-1;-1;0;0;-1;1;0;-1;1;0;0;1;1;-1;0;0;0;1;0;-1;0;0,68;67;361;362;363,0;1;2;3;4
167,0;0;0;1;-1;0;0;0;1;0;0;0;0;-1;1;-1;-1;1;0;0;1;0;-1;0;0,194;334;192;67;364,0;1;2;3;4
168,0;0;0;-1;1;0;0;1;-1;0;0;-1;0;1;-1;1;1;-1;0;0;-1;0;1;0;0,365;363;366;364;67,0;1;2;3;4
169,0;0;1;0;1;0;0;1;0;0;-1;-1;0;1;0;0;0;-1;0;0;-1;0;0;0;0,367;368;68;369;370,0;1;2;3;4
170,0;0;0;-1;1;0;0;0;-1;0;0;0;0;1;0;1;1;-1;0;0;-1;0;0;0;0,371;372;373;68;374,0;1;2;3;4
171,0;0;-1;1;-1;0;0;-1;1;0;1;1;0;-1;0;-1;-1;1;0;0;1;0;0;0;0,375;70;370;374;68,0;1;2;3;4
172,0;-1;1;1;-1;1;0;0;0;0;-1;0;0;0;1;-1;0;0;0;1;1;0;-1;-1;0,69;301;199;198;376,0;1;2;3;4
173,0;-1;0;0;1;1;0;-1;-1;0;0;1;0;0;0;0;1;0;0;0;-1;0;0;0;0,377;69;359;358;156,0;1;2;3;4
174,0;0;1;-1;1;0;0;1;-1;0;-1;-1;0;1;0;1;1;-1;0;-1;-1;0;0;1;0,70;375;212;294;378,0;1;2;3;4
175,0;0;-1;1;-1;0;0;1;-1;0;1;-1;0;0;0;-1;1;0;0;1;1;0;0;-1;0,72;71;379;380;381,0;1;2;3;4
176,0;0;1;0;-1;0;0;1;0;0;-1;-1;0;1;0;0;0;-1;0;1;1;0;0;-1;0,213;354;71;211;382,0;1;2;3;4
177,0;0;-1;0;1;0;0;-1;1;0;1;1;0;-1;0;0;-1;1;0;-1;-1;0;0;1;0,383;381;382;384;71,0;1;2;3;4
178,0;0;-1;0;1;0;0;-1;0;0;1;1;0;-1;0;0;0;1;0;0;-1;0;0;0;0,385;386;72;387;388,0;1;2;3;4
179,0;0;0;1;1;0;0;0;1;0;0;0;0;-1;0;-1;-1;1;0;0;-1;0;0;0;0,389;390;391;72;392,0;1;2;3;4
180,0;0;1;-1;-1;0;0;1;-1;0;-1;-1;0;1;0;1;1;-1;0;0;1;0;0;0;0,393;73;388;392;72,0;1;2;3;4
181,0;0;-1;1;1;0;0;-1;1;0;1;1;0;-1;-1;-1;-1;1;0;0;-1;0;1;0;0,73;393;255;193;394,0;1;2;3;4
182,0;1;1;-1;0;-1;0;0;0;0;-1;0;0;0;1;1;0;0;0;-1;0;0;-1;1;0,395;198;74;301;396,0;1;2;3;4
183,0;1;-1;1;0;-1;0;0;0;0;1;0;0;0;-1;-1;0;0;0;1;0;0;1;-1;0,397;199;301;74;398,0;1;2;3;4
184,0;1;0;0;-1;-1;0;0;0;0;0;0;0;0;1;0;0;0;0;1;1;0;-1;-1;0,399;200;400;401;74,0;1;2;3;4
185,0;-1;1;0;-1;1;0;-1;1;0;-1;1;0;-1;0;0;-1;1;0;0;1;0;0;0;0,75;164;367;402;144,0;1;2;3;4
186,0;1;1;-1;0;-1;0;0;1;0;-1;0;0;1;1;1;-1;-1;0;0;0;0;-1;0;0,403;76;75;404;405,0;1;2;3;4
187,0;1;-1;0;1;-1;0;1;-1;0;1;-1;0;1;-1;0;1;-1;0;0;-1;0;1;0;0,402;406;407;75;408,0;1;2;3;4
188,0;1;0;0;-1;-1;0;0;1;0;0;0;0;-1;1;0;-1;1;0;0;1;0;-1;0;0,409;78;410;408;75,0;1;2;3;4
189,0;1;-1;0;0;-1;0;1;-1;0;1;-1;0;1;1;0;1;-1;0;0;0;0;-1;0;0,76;411;325;412;413,0;1;2;3;4
190,0;-1;1;0;0;1;0;-1;1;0;-1;1;0;-1;1;0;-1;1;0;0;0;0;-1;0;0,412;414;213;76;415,0;1;2;3;4
191,0;-1;1;0;0;1;0;0;-1;0;-1;0;0;1;-1;0;1;-1;0;0;0;0;1;0;0,413;405;395;415;76,0;1;2;3;4
192,0;0;0;1;-1;0;0;0;1;0;0;0;0;1;-1;-1;-1;-1;0;1;1;0;1;-1;0,77;416;167;348;417,0;1;2;3;4
193,0;0;0;-1;1;0;0;0;-1;0;0;0;0;1;-1;1;1;-1;0;0;-1;0;1;0;0,416;77;418;181;419,0;1;2;3;4
194,0;0;0;-1;1;0;0;0;1;0;0;0;0;-1;1;1;-1;1;0;-1;-1;0;-1;1;0,167;418;77;216;420,0;1;2;3;4
195,0;0;1;-1;-1;0;0;0;1;0;-1;0;0;1;1;1;-1;-1;0;0;1;0;-1;0;0,421;419;422;78;77,0;1;2;3;4
196,0;1;0;-1;1;-1;0;0;0;0;0;0;0;-1;1;1;0;1;0;-1;-1;0;-1;1;0,78;423;424;425;400,0;1;2;3;4
197,0;-1;0;1;-1;1;0;0;-1;0;0;0;0;1;-1;-1;1;-1;0;1;1;0;1;-1;0,424;410;78;426;427,0;1;2;3;4
198,0;-1;1;-1;0;1;0;0;0;0;-1;0;0;0;1;1;0;0;0;-1;0;0;-1;1;0,428;182;79;172;429,0;1;2;3;4
199,0;-1;-1;1;0;1;0;0;0;0;1;0;0;0;-1;-1;0;0;0;1;0;0;1;-1;0,430;183;172;79;431,0;1;2;3;4
200,0;-1;0;0;-1;1;0;0;0;0;0;0;0;0;1;0;0;0;0;1;1;0;-1;-1;0,432;184;433;434;79,0;1;2;3;4
201,0;0;1;1;1;0;0;0;0;1;-1;0;0;0;0;-1;0;0;0;0;-1;-1;0;0;0,237;80;88;82;158,0;1;2;3;4
202,0;0;-1;1;-1;0;0;0;0;1;1;0;0;-1;0;-1;0;1;0;1;1;-1;0;-1;0,82;81;435;436;437,0;1;2;3;4
203,0;0;1;0;-1;0;0;0;0;-1;-1;0;0;1;0;0;0;-1;0;1;1;1;0;-1;0,438;435;81;439;440,0;1;2;3;4
204,0;0;0;-1;0;0;0;0;0;-1;0;0;0;1;0;1;0;-1;0;-1;0;1;0;1;0,441;436;442;81;443,0;1;2;3;4
205,0;0;-1;0;1;0;0;0;-1;1;1;0;0;-1;0;0;1;1;0;-1;-1;-1;0;1;0,444;147;440;445;81,0;1;2;3;4
206,0;0;1;-1;-1;0;0;0;0;-1;-1;0;0;0;0;1;0;0;0;0;1;1;0;0;0,446;155;93;158;82,0;1;2;3;4
207,0;-1;0;1;-1;1;0;1;-1;0;0;-1;0;1;0;-1;1;-1;0;0;1;0;0;0;0,83;163;447;389;132,0;1;2;3;4
208,0;1;0;-1;1;-1;0;-1;1;0;0;1;0;-1;0;1;-1;1;0;-1;-1;0;0;1;0,447;448;83;449;450,0;1;2;3;4
209,0;1;-1;1;0;-1;0;1;0;0;1;-1;0;-1;0;-1;0;1;0;1;0;0;0;-1;0,451;85;452;83;453,0;1;2;3;4
210,0;1;0;0;-1;-1;0;1;0;0;0;-1;0;1;0;0;0;-1;0;1;1;0;0;-1;0,454;86;450;455;83,0;1;2;3;4
211,0;0;1;0;-1;0;0;1;0;0;-1;-1;0;-1;1;0;0;1;0;-1;1;0;-1;1;0,84;456;326;176;457,0;1;2;3;4
212,0;0;-1;0;1;0;0;-1;0;0;1;1;0;-1;0;0;0;1;0;-1;-1;0;0;1;0,456;84;174;458;459,0;1;2;3;4
213,0;0;-1;0;1;0;0;1;0;0;1;-1;0;1;-1;0;0;-1;0;1;-1;0;1;-1;0,176;458;190;84;460,0;1;2;3;4
214,0;0;-1;1;-1;0;0;1;0;0;1;-1;0;-1;0;-1;0;1;0;1;1;0;0;-1;0,461;459;86;462;84,0;1;2;3;4
215,0;1;0;-1;0;-1;0;-1;1;0;0;1;0;-1;0;1;-1;1;0;1;0;0;0;-1;0,85;463;464;347;465,0;1;2;3;4
216,0;-1;0;1;0;1;0;1;-1;0;0;-1;0;1;0;-1;1;-1;0;1;0;0;0;-1;0,464;466;85;194;467,0;1;2;3;4
217,0;-1;0;1;0;1;0;-1;0;0;0;1;0;-1;0;-1;0;1;0;-1;0;0;0;1;0,465;453;467;397;85,0;1;2;3;4
218,0;1;-1;0;1;-1;0;0;0;0;1;0;0;1;-1;0;0;-1;0;1;-1;0;1;-1;0,86;468;469;470;401,0;1;2;3;4
219,0;-1;1;0;-1;1;0;-1;0;0;-1;1;0;-1;1;0;0;1;0;-1;1;0;-1;1;0,470;455;471;86;472,0;1;2;3;4
220,0;0;1;-1;-1;0;0;0;0;1;-1;0;0;1;1;1;0;-1;0;0;1;-1;-1;0;0,88;87;473;474;475,0;1;2;3;4
221,0;0;-1;0;0;0;0;0;0;-1;1;0;0;-1;-1;0;0;1;0;0;0;1;1;0;0,476;473;87;477;478,0;1;2;3;4
222,0;0;0;1;-1;0;0;0;0;-1;0;0;0;-1;1;-1;0;1;0;0;1;1;-1;0;0,479;474;480;87;481,0;1;2;3;4
223,0;0;0;-1;1;0;0;-1;0;1;0;1;0;1;-1;1;0;-1;0;0;-1;-1;1;0;0,482;135;483;481;87,0;1;2;3;4
224,0;0;-1;1;-1;0;0;0;0;-1;1;0;0;0;0;-1;0;0;0;0;1;1;0;0;0,484;143;158;93;88,0;1;2;3;4
225,0;0;-1;1;0;0;0;0;0;1;1;0;0;0;-1;-1;0;0;0;1;0;-1;1;-1;0,485;90;89;157;486,0;1;2;3;4
226,0;0;1;-1;0;0;0;0;0;1;-1;0;0;0;1;1;0;0;0;-1;0;-1;-1;1;0,487;91;157;89;488,0;1;2;3;4
227,0;-1;0;0;1;1;0;0;0;-1;0;0;0;0;-1;0;0;0;0;-1;-1;1;1;1;0,489;490;491;492;89,0;1;2;3;4
228,0;0;1;-1;0;0;0;0;0;-1;-1;0;0;1;-1;1;0;-1;0;1;0;1;1;-1;0,90;485;327;493;494,0;1;2;3;4
229,0;0;-1;-1;1;0;0;0;0;-1;1;0;0;0;-1;1;0;0;0;-1;-1;1;1;1;0,158;157;91;90;495,0;1;2;3;4
230,0;0;-1;1;0;0;0;0;-1;1;1;0;0;-1;1;-1;1;1;0;-1;0;-1;-1;1;0,494;496;497;498;90,0;1;2;3;4
231,0;0;-1;1;0;0;0;0;0;-1;1;0;0;-1;1;-1;0;1;0;-1;0;1;-1;1;0,91;487;499;349;500,0;1;2;3;4
232,0;0;1;-1;0;0;0;-1;0;1;-1;1;0;1;-1;1;0;-1;0;1;0;-1;1;-1;0,500;501;502;503;91,0;1;2;3;4
233,0;0;0;0;-1;0;0;-1;-1;1;0;1;0;0;-1;0;1;0;0;-1;1;-1;1;1;0,92;504;505;506;399,0;1;2;3;4
234,0;0;0;0;1;0;0;1;1;-1;0;-1;0;0;0;0;-1;0;0;0;-1;1;0;0;0,504;92;507;508;121,0;1;2;3;4
235,0;0;0;0;1;0;0;1;-1;0;0;-1;0;0;1;0;1;0;0;-1;-1;0;-1;1;0,505;509;92;510;365,0;1;2;3;4
236,0;0;0;0;1;0;0;-1;1;0;0;1;0;0;-1;0;-1;0;0;1;-1;0;1;-1;0,506;511;510;92;383,0;1;2;3;4
237,0;0;-1;-1;-1;0;0;0;0;1;1;0;0;0;0;1;0;0;0;0;1;-1;0;0;0,201;93;155;143;123,0;1;2;3;4
238,0;1;0;-1;0;-1;0;1;0;0;0;-1;0;1;1;1;0;-1;0;0;0;0;-1;0;0,95;512;94;513;514,0;1;2;3;4
239,0;0;0;1;0;0;0;0;-1;1;0;0;0;1;-1;-1;1;-1;0;0;0;-1;1;0;0,515;516;517;94;518,0;1;2;3;4
240,0;1;0;-1;0;-1;0;0;1;-1;0;0;0;-1;1;1;-1;1;0;0;0;1;-1;0;0,97;519;520;518;94,0;1;2;3;4
241,0;1;0;0;0;-1;0;-1;1;0;0;1;0;0;1;0;-1;0;0;0;0;0;-1;0;0,411;95;521;522;523,0;1;2;3;4
242,0;0;0;-1;0;0;0;0;1;0;0;0;0;-1;1;1;-1;1;0;0;0;0;-1;0;0,524;525;276;95;526,0;1;2;3;4
243,0;-1;0;1;0;1;0;1;-1;0;0;-1;0;1;-1;-1;1;-1;0;0;0;0;1;0;0,514;523;527;526;95,0;1;2;3;4
244,0;1;-1;1;0;-1;0;0;0;1;1;0;0;0;-1;-1;0;0;0;0;0;-1;1;0;0,96;528;529;530;531,0;1;2;3;4
245,0;0;-1;0;0;0;0;1;0;0;1;-1;0;-1;1;0;0;1;0;-1;0;0;-1;1;0,532;533;96;279;534,0;1;2;3;4
246,0;-1;1;-1;0;1;0;0;0;-1;-1;0;0;1;1;1;0;-1;0;0;0;1;-1;0;0,531;535;536;97;96,0;1;2;3;4
247,0;1;0;1;-1;-1;0;0;0;1;0;0;0;-1;1;-1;0;1;0;0;1;-1;-1;0;0,423;97;537;535;446,0;1;2;3;4
248,0;-1;0;1;0;1;0;0;0;-1;0;0;0;1;-1;-1;0;-1;0;1;0;1;1;-1;0,520;537;97;538;539,0;1;2;3;4
249,0;0;-1;0;0;0;0;1;0;1;1;-1;0;1;0;0;0;-1;0;0;0;-1;0;0;0,99;98;284;139;138,0;1;2;3;4
250,0;0;-1;0;0;0;0;-1;0;-1;1;1;0;-1;0;0;0;1;0;0;0;1;0;0;0,100;139;270;98;312,0;1;2;3;4
251,0;0;-1;0;0;0;0;-1;0;1;1;1;0;1;0;0;0;-1;0;0;0;-1;0;0;0,101;540;252;312;98,0;1;2;3;4
252,0;0;1;0;0;0;0;1;0;1;-1;-1;0;-1;0;0;0;1;0;0;0;-1;0;0;0,139;100;251;99;136,0;1;2;3;4
253,0;0;1;0;0;0;0;1;0;-1;-1;-1;0;1;0;0;0;-1;0;0;0;1;0;0;0,138;541;268;136;99,0;1;2;3;4
254,0;0;1;0;0;0;0;-1;0;1;-1;1;0;-1;0;0;0;1;0;0;0;-1;0;0;0,312;542;286;101;100,0;1;2;3;4
255,0;0;1;0;0;0;0;1;0;-1;-1;-1;0;1;1;0;0;-1;0;0;0;1;-1;0;0,540;101;181;542;543,0;1;2;3;4
256,0;1;0;0;-1;-1;0;-1;1;1;0;1;0;0;-1;0;-1;0;0;0;1;-1;1;0;0,406;102;544;545;546,0;1;2;3;4
257,0;-1;0;1;0;1;0;1;-1;1;0;-1;0;1;0;-1;1;-1;0;0;0;-1;0;0;0,104;547;140;288;102,0;1;2;3;4
258,0;-1;0;0;0;1;0;1;-1;1;0;-1;0;0;0;0;1;0;0;-1;0;-1;0;1;0,548;103;549;550;551,0;1;2;3;4
259,0;1;0;-1;0;-1;0;-1;1;1;0;1;0;-1;0;1;-1;1;0;0;0;-1;0;0;0,140;552;104;293;103,0;1;2;3;4
260,0;-1;1;-1;1;1;0;-1;0;-1;-1;1;0;1;0;1;0;-1;0;0;-1;1;0;0;0,553;104;554;105;555,0;1;2;3;4
261,0;1;0;-1;-1;-1;0;-1;1;0;0;1;0;-1;0;1;-1;1;0;0;1;0;0;0;0,105;160;556;557;558,0;1;2;3;4
262,0;-1;0;1;1;1;0;1;-1;-1;0;-1;0;1;0;-1;1;-1;0;0;-1;1;0;0;0,556;559;105;560;561,0;1;2;3;4
263,0;0;0;1;-1;0;0;-1;0;1;0;1;0;-1;0;-1;0;1;0;0;1;-1;0;0;0,562;563;561;555;105,0;1;2;3;4
264,0;1;0;0;0;-1;0;-1;-1;1;0;1;0;0;-1;0;1;0;0;-1;0;-1;1;1;0,106;165;564;565;566,0;1;2;3;4
265,0;-1;0;0;0;1;0;1;-1;0;0;-1;0;0;1;0;1;0;0;-1;0;0;-1;1;0,564;567;106;568;569,0;1;2;3;4
266,0;-1;0;0;0;1;0;-1;1;0;0;1;0;0;-1;0;-1;0;0;1;0;0;1;-1;0,565;570;568;106;571,0;1;2;3;4
267,0;-1;0;0;0;1;0;0;0;-1;0;0;0;0;1;0;0;0;0;1;0;1;-1;-1;0,566;495;572;573;106,0;1;2;3;4
268,0;0;-1;1;0;0;0;-1;1;-1;1;1;0;-1;0;-1;-1;1;0;0;0;1;0;0;0,107;574;253;289;128,0;1;2;3;4
269,0;0;1;-1;0;0;0;1;-1;1;-1;-1;0;1;0;1;1;-1;0;-1;0;-1;0;1;0,574;107;575;576;501,0;1;2;3;4
270,0;0;1;-1;0;0;0;1;-1;-1;-1;-1;0;1;0;1;1;-1;0;0;0;1;0;0;0,108;577;250;292;130,0;1;2;3;4
271,0;0;-1;1;0;0;0;-1;1;1;1;1;0;-1;-1;-1;-1;1;0;0;0;-1;1;0;0,577;108;578;515;496,0;1;2;3;4
272,0;0;1;0;0;0;0;-1;0;1;-1;1;0;-1;0;0;0;1;0;-1;0;-1;0;1;0,575;579;109;580;581,0;1;2;3;4
273,0;1;-1;0;0;-1;0;0;1;0;1;0;0;-1;0;0;-1;1;0;1;0;0;0;-1;0,111;582;583;109;584,0;1;2;3;4
274,0;1;-1;0;0;-1;0;1;0;-1;1;-1;0;1;0;0;0;-1;0;1;0;1;0;-1;0,112;585;581;586;109,0;1;2;3;4
275,0;1;1;-1;0;-1;0;0;0;1;-1;0;0;0;0;1;0;0;0;-1;0;-1;0;1;0,110;587;588;589;590,0;1;2;3;4
276,0;0;0;-1;0;0;0;0;1;0;0;0;0;1;-1;1;-1;-1;0;1;0;0;1;-1;0,591;592;242;110;593,0;1;2;3;4
277,0;-1;-1;1;0;1;0;0;0;-1;1;0;0;-1;0;-1;0;1;0;1;0;1;0;-1;0,590;594;112;595;110,0;1;2;3;4
278,0;1;0;0;0;-1;0;1;-1;0;0;-1;0;0;0;0;1;0;0;1;0;0;0;-1;0,463;111;596;597;598,0;1;2;3;4
279,0;0;-1;0;0;0;0;1;0;0;1;-1;0;1;0;0;0;-1;0;1;0;0;0;-1;0,599;600;111;245;601,0;1;2;3;4
280,0;-1;1;0;0;1;0;-1;1;0;-1;1;0;-1;0;0;-1;1;0;-1;0;0;0;1;0,584;598;601;602;111,0;1;2;3;4
281,0;1;1;0;-1;-1;0;0;0;1;-1;0;0;1;0;0;0;-1;0;1;1;-1;0;-1;0,468;112;594;603;484,0;1;2;3;4
282,0;-1;1;0;0;1;0;0;0;-1;-1;0;0;-1;1;0;0;1;0;-1;0;1;-1;1;0,586;603;604;112;605,0;1;2;3;4
283,0;1;0;0;-1;-1;0;1;-1;1;0;-1;0;0;0;0;1;0;0;-1;1;-1;0;1;0,448;113;606;607;608,0;1;2;3;4
284,0;-1;1;0;0;1;0;-1;1;1;-1;1;0;-1;0;0;-1;1;0;0;0;-1;0;0;0,115;609;249;148;113,0;1;2;3;4
285,0;-1;0;0;0;1;0;-1;1;1;0;1;0;0;-1;0;-1;0;0;0;0;-1;1;0;0,559;114;610;611;612,0;1;2;3;4
286,0;1;-1;0;0;-1;0;1;-1;1;1;-1;0;1;0;0;1;-1;0;0;0;-1;0;0;0,148;613;254;115;114,0;1;2;3;4
287,0;-1;-1;1;1;1;0;0;-1;-1;1;0;0;-1;0;-1;1;1;0;0;-1;1;0;0;0,614;115;120;615;616,0;1;2;3;4
288,0;0;0;-1;0;0;0;0;1;1;0;0;0;-1;0;1;-1;1;0;0;0;-1;0;0;0,117;116;152;257;151,0;1;2;3;4
289,0;0;0;-1;0;0;0;0;-1;-1;0;0;0;1;0;1;1;-1;0;0;0;1;0;0;0,118;152;116;268;307,0;1;2;3;4
290,0;0;0;-1;0;0;0;0;-1;1;0;0;0;-1;0;1;1;1;0;0;0;-1;0;0;0,119;617;307;291;116,0;1;2;3;4
291,0;0;0;1;0;0;0;0;1;1;0;0;0;1;0;-1;-1;-1;0;0;0;-1;0;0;0,152;118;117;290;149,0;1;2;3;4
292,0;0;0;1;0;0;0;0;1;-1;0;0;0;-1;0;-1;-1;1;0;0;0;1;0;0;0,151;618;149;270;117,0;1;2;3;4
293,0;0;0;1;0;0;0;0;-1;1;0;0;0;1;0;-1;1;-1;0;0;0;-1;0;0;0,307;619;119;259;118,0;1;2;3;4
294,0;0;0;1;0;0;0;0;1;-1;0;0;0;-1;0;-1;-1;1;0;1;0;1;0;-1;0,617;119;619;174;620,0;1;2;3;4
295,0;1;-1;0;-1;-1;0;1;-1;0;1;-1;0;1;0;0;1;-1;0;0;1;0;0;0;0,120;159;621;622;623,0;1;2;3;4
296,0;-1;1;0;1;1;0;-1;1;-1;-1;1;0;-1;0;0;-1;1;0;0;-1;1;0;0;0,622;548;624;120;625,0;1;2;3;4
297,0;0;1;0;-1;0;0;0;-1;1;-1;0;0;1;0;0;1;-1;0;0;1;-1;0;0;0,626;627;616;625;120,0;1;2;3;4
298,0;1;0;0;-1;-1;0;-1;1;1;0;1;0;0;0;0;-1;0;0;0;1;-1;0;0;0,358;329;121;377;507,0;1;2;3;4
299,0;1;0;0;-1;-1;0;1;-1;1;0;-1;0;0;0;0;1;0;0;0;1;-1;0;0;0,359;350;377;121;508,0;1;2;3;4
300,0;1;0;0;0;-1;0;1;1;-1;0;-1;0;0;1;0;-1;0;0;1;0;1;-1;-1;0,568;122;565;564;490,0;1;2;3;4
301,0;1;1;1;-1;-1;0;0;0;0;-1;0;0;0;1;-1;0;0;0;1;1;0;-1;-1;0,123;172;183;182;628,0;1;2;3;4
302,0;0;0;0;-1;0;0;1;-1;1;0;-1;0;0;0;0;1;0;0;0;1;-1;0;0;0,629;630;127;360;125,0;1;2;3;4
303,0;0;0;0;-1;0;0;-1;1;1;0;1;0;0;0;0;-1;0;0;0;1;-1;0;0;0,631;632;360;127;126,0;1;2;3;4
304,0;0;0;0;1;0;0;-1;-1;1;0;1;0;0;0;0;1;0;0;0;-1;-1;0;0;0,127;510;629;631;633,0;1;2;3;4
305,0;0;0;0;-1;0;0;1;1;-1;0;-1;0;0;1;0;-1;0;0;1;1;1;-1;-1;0,510;127;506;505;157,0;1;2;3;4
306,0;0;-1;1;0;0;0;1;-1;-1;1;-1;0;0;1;-1;1;0;0;0;0;1;-1;0;0,129;128;634;635;636,0;1;2;3;4
307,0;0;0;-1;0;0;0;0;-1;1;0;0;0;1;0;1;1;-1;0;0;0;-1;0;0;0,293;637;290;128;289,0;1;2;3;4
308,0;0;-1;0;1;0;0;-1;0;0;1;1;0;-1;-1;0;0;1;0;0;-1;0;1;0;0,621;638;129;639;640,0;1;2;3;4
309,0;0;0;1;0;0;0;0;1;-1;0;0;0;-1;1;-1;-1;1;0;0;0;1;-1;0;0,641;517;516;129;642,0;1;2;3;4
310,0;0;1;-1;0;0;0;0;-1;1;-1;0;0;1;-1;1;1;-1;0;0;0;-1;1;0;0,636;488;643;642;129,0;1;2;3;4
311,0;0;1;-1;0;0;0;-1;1;-1;-1;1;0;0;0;1;-1;0;0;1;0;1;0;-1;0,131;130;644;645;646,0;1;2;3;4
312,0;0;-1;0;0;0;0;-1;0;1;1;1;0;-1;0;0;0;1;0;0;0;-1;0;0;0,254;647;130;251;250,0;1;2;3;4
313,0;0;1;0;0;0;0;1;0;-1;-1;-1;0;1;0;0;0;-1;0;1;0;1;0;-1;0,648;580;131;579;649,0;1;2;3;4
314,0;0;0;-1;1;0;0;0;-1;0;0;0;0;1;0;1;1;-1;0;-1;-1;0;0;1;0,557;650;651;131;652,0;1;2;3;4
315,0;0;-1;1;0;0;0;-1;0;1;1;1;0;-1;0;-1;0;1;0;-1;0;-1;0;1;0,646;486;649;653;131,0;1;2;3;4
316,0;-1;0;1;1;1;0;-1;0;0;0;1;0;-1;0;-1;0;1;0;0;-1;0;0;0;0,133;654;132;655;447,0;1;2;3;4
317,0;0;0;-1;1;0;0;0;1;0;0;0;0;-1;0;1;-1;1;0;0;-1;0;0;0;0,576;373;372;132;389,0;1;2;3;4
318,0;-1;0;0;0;1;0;1;-1;-1;0;-1;0;0;1;0;1;0;0;0;0;1;-1;0;0,609;133;656;657;658,0;1;2;3;4
319,0;0;0;1;-1;0;0;0;-1;1;0;0;0;1;0;-1;1;-1;0;0;1;-1;0;0;0,659;660;340;133;661,0;1;2;3;4
320,0;0;0;-1;1;0;0;-1;1;-1;0;1;0;-1;0;1;-1;1;0;0;-1;1;0;0;0,662;663;135;661;133,0;1;2;3;4
321,0;-1;1;-1;1;1;0;0;0;0;-1;0;0;0;0;1;0;0;0;-1;-1;0;0;1;0,134;664;665;666;667,0;1;2;3;4
322,0;0;1;0;-1;0;0;-1;0;1;-1;1;0;1;0;0;0;-1;0;0;1;-1;0;0;0,668;669;134;343;670,0;1;2;3;4
323,0;0;-1;1;1;0;0;1;0;-1;1;-1;0;-1;0;-1;0;1;0;0;-1;1;0;0;0,671;481;670;135;134,0;1;2;3;4
324,0;0;0;1;-1;0;0;1;0;-1;0;-1;0;1;0;-1;0;-1;0;1;1;1;0;-1;0,135;482;662;672;673,0;1;2;3;4
325,0;0;1;0;0;0;0;-1;0;1;-1;1;0;-1;-1;0;0;1;0;0;0;-1;1;0;0,137;136;189;541;674,0;1;2;3;4
326,0;0;-1;0;0;0;0;-1;0;1;1;1;0;1;-1;0;0;-1;0;0;0;-1;1;0;0,541;138;211;137;675,0;1;2;3;4
327,0;0;-1;0;0;0;0;0;0;-1;1;0;0;-1;1;0;0;1;0;0;0;1;-1;0;0,674;478;228;675;137,0;1;2;3;4
328,0;1;-1;1;0;-1;0;1;0;-1;1;-1;0;-1;1;-1;0;1;0;0;0;1;-1;0;0,676;140;677;141;678,0;1;2;3;4
329,0;-1;0;1;0;1;0;1;-1;-1;0;-1;0;1;1;-1;1;-1;0;0;0;1;-1;0;0,141;298;679;641;680,0;1;2;3;4
330,0;1;0;-1;0;-1;0;-1;1;0;0;1;0;-1;-1;1;-1;1;0;0;0;0;1;0;0,679;681;141;682;683,0;1;2;3;4
331,0;1;0;-1;0;-1;0;0;0;1;0;0;0;1;-1;1;0;-1;0;0;0;-1;1;0;0,680;475;684;678;141,0;1;2;3;4
332,0;-1;1;0;-1;1;0;0;-1;0;-1;0;0;1;1;0;1;-1;0;0;1;0;-1;0;0,623;142;685;686;687,0;1;2;3;4
333,0;1;-1;0;0;-1;0;0;1;0;1;0;0;-1;-1;0;-1;1;0;0;0;0;1;0;0,415;685;142;413;412,0;1;2;3;4
334,0;0;0;1;-1;0;0;0;-1;0;0;0;0;-1;1;-1;1;1;0;0;1;0;-1;0;0,418;167;416;142;688,0;1;2;3;4
335,0;1;0;-1;1;-1;0;0;1;0;0;0;0;1;-1;1;-1;-1;0;0;-1;0;1;0;0,689;687;690;688;142,0;1;2;3;4
336,0;0;1;-1;1;0;0;0;0;1;-1;0;0;1;0;1;0;-1;0;-1;-1;-1;0;1;0,143;484;691;692;627,0;1;2;3;4
337,0;0;-1;0;1;0;0;1;0;0;1;-1;0;1;0;0;0;-1;0;0;-1;0;0;0;0,578;387;144;386;367,0;1;2;3;4
338,0;-1;1;0;1;1;0;0;-1;0;-1;0;0;1;0;0;1;-1;0;0;-1;0;0;0;0,146;693;694;144;402,0;1;2;3;4
339,0;-1;-1;1;1;1;0;0;0;0;1;0;0;0;-1;-1;0;0;0;0;-1;0;1;0;0,145;695;696;697;698,0;1;2;3;4
340,0;0;0;1;-1;0;0;0;-1;1;0;0;0;-1;0;-1;1;1;0;0;1;-1;0;0;0,699;700;319;145;701,0;1;2;3;4
341,0;0;1;-1;1;0;0;0;1;-1;-1;0;0;1;0;1;-1;-1;0;0;-1;1;0;0;0,702;440;147;701;145,0;1;2;3;4
342,0;-1;0;0;0;1;0;-1;1;-1;0;1;0;0;0;0;-1;0;0;1;0;1;0;-1;0,547;146;703;704;705,0;1;2;3;4
343,0;0;1;0;-1;0;0;-1;0;1;-1;1;0;-1;0;0;0;1;0;0;1;-1;0;0;0,706;707;146;322;708,0;1;2;3;4
344,0;0;-1;0;1;0;0;1;-1;-1;1;-1;0;1;0;0;1;-1;0;0;-1;1;0;0;0,709;710;708;147;146,0;1;2;3;4
345,0;0;1;0;-1;0;0;0;1;-1;-1;0;0;-1;1;0;-1;1;0;0;1;1;-1;0;0,147;444;711;709;712,0;1;2;3;4
346,0;1;1;-1;0;-1;0;0;1;-1;-1;0;0;1;0;1;-1;-1;0;1;0;1;0;-1;0,713;148;153;714;715,0;1;2;3;4
347,0;0;0;1;0;0;0;0;-1;1;0;0;0;1;0;-1;1;-1;0;-1;0;-1;0;1;0,150;149;618;215;716,0;1;2;3;4
348,0;0;0;-1;0;0;0;0;-1;1;0;0;0;-1;0;1;1;1;0;-1;0;-1;0;1;0,618;151;150;192;717,0;1;2;3;4
349,0;0;0;-1;0;0;0;0;0;-1;0;0;0;1;0;1;0;-1;0;1;0;1;0;-1;0,716;443;717;231;150,0;1;2;3;4
350,0;-1;1;0;0;1;0;-1;1;-1;-1;1;0;-1;0;0;-1;1;0;1;0;1;0;-1;0,153;299;648;718;719,0;1;2;3;4
351,0;1;-1;0;0;-1;0;1;-1;0;1;-1;0;1;0;0;1;-1;0;-1;0;0;0;1;0,718;720;721;153;722,0;1;2;3;4
352,0;1;-1;0;0;-1;0;0;0;1;1;0;0;-1;0;0;0;1;0;-1;0;-1;0;1;0,719;437;715;723;153,0;1;2;3;4
353,0;-1;0;1;-1;1;0;-1;0;0;0;1;0;-1;0;-1;0;1;0;1;1;0;0;-1;0,558;154;724;725;726,0;1;2;3;4
354,0;0;1;0;-1;0;0;-1;0;0;-1;1;0;1;0;0;0;-1;0;1;1;0;0;-1;0,458;176;154;456;727,0;1;2;3;4
355,0;1;0;-1;0;-1;0;1;0;0;0;-1;0;1;0;1;0;-1;0;-1;0;0;0;1;0,467;725;465;154;464,0;1;2;3;4
356,0;1;-1;0;1;-1;0;1;0;0;1;-1;0;-1;0;0;0;1;0;-1;-1;0;0;1;0,728;726;727;729;154,0;1;2;3;4
357,0;0;-1;1;1;0;0;0;0;1;1;0;0;-1;-1;-1;0;1;0;0;-1;-1;1;0;0,155;446;730;731;563,0;1;2;3;4
358,0;-1;0;0;1;1;0;-1;1;0;0;1;0;0;0;0;-1;0;0;0;-1;0;0;0;0,298;623;161;173;159,0;1;2;3;4
359,0;-1;0;0;1;1;0;1;-1;0;0;-1;0;0;0;0;1;0;0;0;-1;0;0;0;0,299;558;173;161;160,0;1;2;3;4
360,0;0;0;0;-1;0;0;1;1;1;0;-1;0;0;0;0;-1;0;0;0;1;-1;0;0;0,732;633;303;302;165,0;1;2;3;4
361,0;1;-1;-1;0;-1;0;1;1;0;1;-1;0;0;-1;1;-1;0;0;0;0;0;1;0;0,733;656;166;734;735,0;1;2;3;4
362,0;-1;1;1;-1;1;0;-1;-1;0;-1;1;0;0;1;-1;1;0;0;0;1;0;-1;0;0,736;544;734;166;737,0;1;2;3;4
363,0;0;0;-1;1;0;0;-1;1;0;0;1;0;0;-1;1;-1;0;0;0;-1;0;1;0;0,738;168;739;737;166,0;1;2;3;4
364,0;0;-1;1;1;0;0;0;1;0;1;0;0;-1;-1;-1;-1;1;0;0;-1;0;1;0;0,740;688;741;168;167,0;1;2;3;4
365,0;0;0;1;-1;0;0;1;-1;0;0;-1;0;1;-1;-1;1;-1;0;1;1;0;1;-1;0,168;738;742;743;235,0;1;2;3;4
366,0;0;0;-1;1;0;0;-1;0;0;0;1;0;-1;1;1;0;1;0;-1;-1;0;-1;1;0,742;483;168;744;745,0;1;2;3;4
367,0;0;-1;0;-1;0;0;1;0;0;1;-1;0;1;0;0;0;-1;0;0;1;0;0;0;0,169;746;185;747;337,0;1;2;3;4
368,0;0;1;0;1;0;0;-1;0;0;-1;1;0;1;0;0;0;-1;0;0;-1;0;0;0;0,746;169;654;748;749,0;1;2;3;4
369,0;0;1;0;1;0;0;1;0;0;-1;-1;0;-1;0;0;0;1;0;0;-1;0;0;0;0,747;748;387;169;750,0;1;2;3;4
370,0;0;1;0;-1;0;0;1;0;0;-1;-1;0;1;0;0;0;-1;0;0;1;0;0;0;0,751;749;171;750;169,0;1;2;3;4
371,0;0;0;1;-1;0;0;0;-1;0;0;0;0;1;0;-1;1;-1;0;1;1;0;0;-1;0,170;752;753;567;754,0;1;2;3;4
372,0;0;0;-1;1;0;0;0;1;0;0;0;0;1;0;1;-1;-1;0;0;-1;0;0;0;0,752;170;317;694;755,0;1;2;3;4
373,0;0;0;-1;1;0;0;0;-1;0;0;0;0;-1;0;1;1;1;0;0;-1;0;0;0;0,753;317;170;391;756,0;1;2;3;4
374,0;0;0;-1;-1;0;0;0;-1;0;0;0;0;1;0;1;1;-1;0;0;1;0;0;0;0,757;755;756;171;170,0;1;2;3;4
375,0;0;1;-1;1;0;0;-1;1;0;-1;1;0;0;0;1;-1;0;0;-1;-1;0;0;1;0,171;174;758;759;760,0;1;2;3;4
376,0;-1;0;0;1;1;0;0;0;0;0;0;0;0;-1;0;0;0;0;-1;-1;0;1;1;0,761;628;762;763;172,0;1;2;3;4
377,0;1;0;0;-1;-1;0;-1;-1;1;0;1;0;0;0;0;1;0;0;0;1;-1;0;0;0,173;568;299;298;764,0;1;2;3;4
378,0;0;1;0;-1;0;0;1;-1;0;-1;-1;0;1;0;0;1;-1;0;1;1;0;0;-1;0,765;760;459;766;174,0;1;2;3;4
379,0;-1;1;1;-1;1;0;-1;-1;0;-1;1;0;0;0;-1;1;0;0;1;1;0;0;-1;0,767;607;175;768;769,0;1;2;3;4
380,0;1;-1;-1;0;-1;0;1;1;0;1;-1;0;0;0;1;-1;0;0;-1;0;0;0;1;0,770;704;768;175;771,0;1;2;3;4
381,0;0;-1;0;1;0;0;1;-1;0;1;-1;0;0;0;0;1;0;0;-1;-1;0;0;1;0,772;177;769;773;175,0;1;2;3;4
382,0;0;1;-1;1;0;0;1;0;0;-1;-1;0;1;0;1;0;-1;0;-1;-1;0;0;1;0,774;727;177;775;176,0;1;2;3;4
383,0;0;1;0;-1;0;0;-1;1;0;-1;1;0;-1;1;0;-1;1;0;-1;1;0;-1;1;0,177;772;776;777;236,0;1;2;3;4
384,0;0;-1;0;1;0;0;0;-1;0;1;0;0;1;-1;0;1;-1;0;1;-1;0;1;-1;0,777;445;778;177;779,0;1;2;3;4
385,0;0;1;0;-1;0;0;-1;0;0;-1;1;0;-1;1;0;0;1;0;0;1;0;-1;0;0,178;780;570;781;782,0;1;2;3;4
386,0;0;-1;0;1;0;0;1;0;0;1;-1;0;-1;0;0;0;1;0;0;-1;0;0;0;0,780;178;655;337;747,0;1;2;3;4
387,0;0;-1;0;1;0;0;-1;0;0;1;1;0;1;0;0;0;-1;0;0;-1;0;0;0;0,781;337;369;178;746,0;1;2;3;4
388,0;0;-1;0;-1;0;0;-1;0;0;1;1;0;-1;0;0;0;1;0;0;1;0;0;0;0,748;747;180;746;178,0;1;2;3;4
389,0;0;0;-1;-1;0;0;0;1;0;0;0;0;-1;0;1;-1;1;0;0;1;0;0;0;0,179;756;755;207;317,0;1;2;3;4
390,0;0;0;1;1;0;0;0;-1;0;0;0;0;-1;0;-1;1;1;0;0;-1;0;0;0;0,756;179;757;693;783,0;1;2;3;4
391,0;0;0;1;1;0;0;0;1;0;0;0;0;1;0;-1;-1;-1;0;0;-1;0;0;0;0,755;757;179;373;784,0;1;2;3;4
392,0;0;0;1;-1;0;0;0;1;0;0;0;0;-1;0;-1;-1;1;0;0;1;0;0;0;0,785;783;784;180;179,0;1;2;3;4
393,0;0;-1;1;1;0;0;1;-1;0;1;-1;0;0;-1;-1;1;0;0;0;-1;0;1;0;0,180;181;786;787;788,0;1;2;3;4
394,0;0;0;1;-1;0;0;-1;1;0;0;1;0;-1;1;-1;-1;1;0;0;1;0;-1;0;0,789;788;790;419;181,0;1;2;3;4
395,0;-1;-1;1;0;1;0;0;-1;0;1;0;0;-1;1;-1;1;1;0;-1;0;0;-1;1;0,182;791;191;637;792,0;1;2;3;4
396,0;1;1;-1;0;-1;0;0;0;0;-1;0;0;1;-1;1;0;-1;0;1;0;0;1;-1;0,792;429;793;794;182,0;1;2;3;4
397,0;-1;1;-1;0;1;0;-1;0;0;-1;1;0;1;-1;1;0;-1;0;1;0;0;1;-1;0,183;795;647;217;796,0;1;2;3;4
398,0;1;-1;1;0;-1;0;0;0;0;1;0;0;-1;1;-1;0;1;0;-1;0;0;-1;1;0,796;431;797;798;183,0;1;2;3;4
399,0;-1;0;0;1;1;0;0;0;-1;0;0;0;0;1;0;0;0;0;1;-1;1;-1;-1;0,184;799;492;491;233,0;1;2;3;4
400,0;1;0;0;-1;-1;0;0;0;0;0;0;0;0;-1;0;0;0;0;1;1;0;1;-1;0,492;433;184;489;196,0;1;2;3;4
401,0;1;0;0;-1;-1;0;0;0;0;0;0;0;0;1;0;0;0;0;-1;1;0;-1;1;0,491;434;489;184;218,0;1;2;3;4
402,0;-1;1;0;-1;1;0;0;-1;0;-1;0;0;1;0;0;1;-1;0;0;1;0;0;0;0,187;800;801;185;338,0;1;2;3;4
403,0;-1;-1;1;0;1;0;0;0;0;1;0;0;0;1;-1;0;0;0;0;0;0;-1;0;0,186;802;733;803;804,0;1;2;3;4
404,0;0;0;1;0;0;0;0;-1;0;0;0;0;-1;1;-1;1;1;0;0;0;0;-1;0;0,525;524;449;186;805,0;1;2;3;4
405,0;1;1;-1;0;-1;0;0;1;0;-1;0;0;1;-1;1;-1;-1;0;0;0;0;1;0;0,804;191;791;805;186,0;1;2;3;4
406,0;-1;0;0;1;1;0;-1;1;0;0;1;0;0;-1;0;-1;0;0;0;-1;0;1;0;0,256;187;806;807;808,0;1;2;3;4
407,0;0;1;0;0;0;0;-1;0;0;-1;1;0;-1;1;0;0;1;0;-1;0;0;-1;1;0,533;532;187;452;809,0;1;2;3;4
408,0;1;0;0;-1;-1;0;1;-1;0;0;-1;0;1;1;0;1;-1;0;0;1;0;-1;0;0,810;808;811;188;187,0;1;2;3;4
409,0;-1;0;0;1;1;0;0;1;-1;0;0;0;-1;1;0;-1;1;0;0;-1;1;-1;0;0,188;812;813;810;814,0;1;2;3;4
410,0;1;0;0;-1;-1;0;0;1;0;0;0;0;1;-1;0;-1;-1;0;1;1;0;1;-1;0,813;197;188;815;816,0;1;2;3;4
411,0;-1;0;0;0;1;0;-1;1;0;0;1;0;0;1;0;-1;0;0;0;0;0;-1;0;0,241;189;817;818;819,0;1;2;3;4
412,0;1;-1;0;0;-1;0;0;1;0;1;0;0;-1;1;0;-1;1;0;0;0;0;-1;0;0,190;820;430;189;333,0;1;2;3;4
413,0;1;-1;0;0;-1;0;1;-1;0;1;-1;0;1;-1;0;1;-1;0;0;0;0;1;0;0,191;819;456;333;189,0;1;2;3;4
414,0;1;0;0;0;-1;0;1;-1;0;0;-1;0;0;1;0;1;0;0;0;0;0;-1;0;0,821;190;822;823;824,0;1;2;3;4
415,0;-1;1;0;0;1;0;-1;1;0;-1;1;0;-1;-1;0;-1;1;0;0;0;0;1;0;0,333;824;540;191;190,0;1;2;3;4
416,0;0;0;1;-1;0;0;0;-1;0;0;0;0;1;-1;-1;1;-1;0;1;1;0;1;-1;0,193;192;334;465;825,0;1;2;3;4
417,0;0;0;0;1;0;0;0;1;0;0;0;0;0;1;0;-1;0;0;-1;-1;0;-1;1;0,826;825;827;828;192,0;1;2;3;4
418,0;0;0;-1;1;0;0;0;-1;0;0;0;0;-1;1;1;1;1;0;-1;-1;0;-1;1;0,334;194;193;619;829,0;1;2;3;4
419,0;0;1;-1;-1;0;0;0;-1;0;-1;0;0;1;1;1;1;-1;0;0;1;0;-1;0;0,830;195;831;394;193,0;1;2;3;4
420,0;0;0;0;-1;0;0;0;1;0;0;0;0;0;-1;0;-1;0;0;1;1;0;1;-1;0,832;829;833;834;194,0;1;2;3;4
421,0;0;-1;1;1;0;0;0;1;0;1;0;0;0;0;-1;-1;0;0;0;-1;0;0;0;0,195;830;835;836;837,0;1;2;3;4
422,0;0;-1;0;0;0;0;0;1;0;1;0;0;-1;-1;0;-1;1;0;0;0;0;1;0;0,838;831;195;471;839,0;1;2;3;4
423,0;-1;0;-1;1;1;0;0;0;0;0;0;0;-1;1;1;0;1;0;-1;-1;0;-1;1;0,247;196;840;841;433,0;1;2;3;4
424,0;1;0;-1;1;-1;0;0;0;0;0;0;0;1;-1;1;0;-1;0;0;-1;0;1;0;0,197;840;196;842;843,0;1;2;3;4
425,0;1;0;1;0;-1;0;0;0;0;0;0;0;1;0;-1;0;-1;0;1;0;0;0;-1;0,844;841;845;196;846,0;1;2;3;4
426,0;0;0;-1;0;0;0;-1;1;0;0;1;0;-1;0;1;-1;1;0;-1;0;0;0;1;0,847;848;462;197;849,0;1;2;3;4
427,0;-1;0;0;1;1;0;0;-1;0;0;0;0;0;1;0;1;0;0;-1;-1;0;-1;1;0,850;816;851;852;197,0;1;2;3;4
428,0;1;-1;1;0;-1;0;1;0;0;1;-1;0;-1;1;-1;0;1;0;-1;0;0;-1;1;0,198;527;541;464;853,0;1;2;3;4
429,0;-1;1;-1;0;1;0;0;0;0;-1;0;0;1;-1;1;0;-1;0;1;0;0;1;-1;0,853;396;854;855;198,0;1;2;3;4
430,0;1;1;-1;0;-1;0;0;1;0;-1;0;0;1;-1;1;-1;-1;0;1;0;0;1;-1;0,199;602;412;618;856,0;1;2;3;4
431,0;-1;-1;1;0;1;0;0;0;0;1;0;0;-1;1;-1;0;1;0;-1;0;0;-1;1;0,856;398;857;844;199,0;1;2;3;4
432,0;1;0;0;1;-1;0;0;0;0;0;0;0;0;1;0;0;0;0;1;-1;0;-1;-1;0,200;858;859;860;489,0;1;2;3;4
433,0;-1;0;0;-1;1;0;0;0;0;0;0;0;0;-1;0;0;0;0;1;1;0;1;-1;0,859;400;200;861;423,0;1;2;3;4
434,0;-1;0;0;-1;1;0;0;0;0;0;0;0;0;1;0;0;0;0;-1;1;0;-1;1;0,860;401;861;200;468,0;1;2;3;4
435,0;0;1;0;-1;0;0;0;0;1;-1;0;0;1;0;0;0;-1;0;1;1;-1;0;-1;0,862;203;202;863;864,0;1;2;3;4
436,0;0;0;-1;0;0;0;0;0;1;0;0;0;1;0;1;0;-1;0;-1;0;-1;0;1;0,865;204;866;202;637,0;1;2;3;4
437,0;-1;-1;0;1;1;0;0;0;-1;1;0;0;-1;0;0;0;1;0;-1;-1;1;0;1;0,867;352;864;868;202,0;1;2;3;4
438,0;0;-1;0;1;0;0;0;0;-1;1;0;0;1;-1;0;0;-1;0;1;-1;1;1;-1;0,203;862;674;869;850,0;1;2;3;4
439,0;0;1;0;-1;0;0;0;0;-1;-1;0;0;-1;1;0;0;1;0;-1;1;1;-1;1;0,869;863;477;203;870,0;1;2;3;4
440,0;0;1;-1;1;0;0;0;-1;1;-1;0;0;1;0;1;1;-1;0;-1;-1;-1;0;1;0,871;341;205;872;203,0;1;2;3;4
441,0;0;0;1;0;0;0;0;0;-1;0;0;0;1;0;-1;0;-1;0;-1;0;1;0;1;0,204;865;493;717;873,0;1;2;3;4
442,0;0;0;-1;0;0;0;0;0;-1;0;0;0;-1;0;1;0;1;0;-1;0;1;0;1;0,493;866;204;480;874,0;1;2;3;4
443,0;0;0;-1;0;0;0;0;0;1;0;0;0;1;0;1;0;-1;0;1;0;-1;0;-1;0,873;349;874;487;204,0;1;2;3;4
444,0;0;1;0;-1;0;0;0;-1;1;-1;0;0;-1;1;0;1;1;0;-1;1;-1;-1;1;0,205;345;875;876;492,0;1;2;3;4
445,0;0;-1;0;1;0;0;0;1;0;1;0;0;1;-1;0;-1;-1;0;1;-1;0;1;-1;0,876;384;877;205;826,0;1;2;3;4
446,0;0;-1;1;1;0;0;0;0;-1;1;0;0;-1;-1;-1;0;1;0;0;-1;1;1;0;0,206;357;878;879;247,0;1;2;3;4
447,0;-1;0;1;-1;1;0;-1;0;0;0;1;0;-1;0;-1;0;1;0;0;1;0;0;0;0,208;880;207;881;316,0;1;2;3;4
448,0;-1;0;0;1;1;0;1;-1;0;0;-1;0;0;0;0;1;0;0;-1;-1;0;0;1;0,283;208;882;883;884,0;1;2;3;4
449,0;0;0;1;0;0;0;0;-1;0;0;0;0;1;-1;-1;1;-1;0;1;0;0;1;-1;0,592;591;404;208;885,0;1;2;3;4
450,0;1;0;0;-1;-1;0;-1;1;0;0;1;0;-1;0;0;-1;1;0;1;1;0;0;-1;0,886;884;210;887;208,0;1;2;3;4
451,0;-1;1;-1;0;1;0;0;0;0;-1;0;0;0;0;1;0;0;0;1;0;0;0;-1;0,209;888;889;770;890,0;1;2;3;4
452,0;0;1;0;0;0;0;-1;0;0;-1;1;0;1;0;0;0;-1;0;1;0;0;0;-1;0,600;599;209;407;891,0;1;2;3;4
453,0;1;-1;1;0;-1;0;1;0;0;1;-1;0;-1;0;-1;0;1;0;-1;0;0;0;1;0,890;217;891;795;209,0;1;2;3;4
454,0;-1;0;0;1;1;0;1;0;-1;0;-1;0;1;0;0;0;-1;0;1;-1;1;0;-1;0,210;892;886;893;894,0;1;2;3;4
455,0;1;0;0;-1;-1;0;1;0;0;0;-1;0;-1;1;0;0;1;0;-1;1;0;-1;1;0,893;219;895;210;896,0;1;2;3;4
456,0;0;1;0;-1;0;0;-1;0;0;-1;1;0;-1;1;0;0;1;0;-1;1;0;-1;1;0,212;211;413;354;897,0;1;2;3;4
457,0;0;0;0;1;0;0;1;0;0;0;-1;0;0;-1;0;0;0;0;1;-1;0;1;-1;0,898;897;899;900;211,0;1;2;3;4
458,0;0;-1;0;1;0;0;-1;0;0;1;1;0;1;-1;0;0;-1;0;1;-1;0;1;-1;0,354;213;542;212;901,0;1;2;3;4
459,0;0;-1;1;-1;0;0;-1;0;0;1;1;0;-1;0;-1;0;1;0;1;1;0;0;-1;0,902;214;378;903;212,0;1;2;3;4
460,0;0;0;0;-1;0;0;1;0;0;0;-1;0;0;1;0;0;0;0;-1;1;0;-1;1;0,904;901;905;906;213,0;1;2;3;4
461,0;0;1;-1;1;0;0;1;0;0;-1;-1;0;0;0;1;0;0;0;0;-1;0;0;0;0,214;902;907;908;909,0;1;2;3;4
462,0;0;0;-1;0;0;0;1;0;0;0;-1;0;1;0;1;0;-1;0;-1;0;0;0;1;0,910;903;426;214;911,0;1;2;3;4
463,0;-1;0;0;0;1;0;1;-1;0;0;-1;0;0;0;0;1;0;0;1;0;0;0;-1;0,278;215;912;913;914,0;1;2;3;4
464,0;1;0;-1;0;-1;0;1;0;0;0;-1;0;1;0;1;0;-1;0;1;0;0;0;-1;0,216;915;215;428;355,0;1;2;3;4
465,0;1;0;-1;0;-1;0;-1;1;0;0;1;0;-1;0;1;-1;1;0;-1;0;0;0;1;0,217;914;355;416;215,0;1;2;3;4
466,0;1;0;0;0;-1;0;-1;1;0;0;1;0;0;0;0;-1;0;0;1;0;0;0;-1;0,916;216;917;918;919,0;1;2;3;4
467,0;-1;0;1;0;1;0;1;-1;0;0;-1;0;1;0;-1;1;-1;0;-1;0;0;0;1;0,355;919;217;617;216,0;1;2;3;4
468,0;-1;-1;0;1;1;0;0;0;0;1;0;0;1;-1;0;0;-1;0;1;-1;0;1;-1;0,281;218;920;921;434,0;1;2;3;4
469,0;1;1;0;0;-1;0;0;0;0;-1;0;0;-1;1;0;0;1;0;0;0;0;-1;0;0,854;920;218;922;923,0;1;2;3;4
470,0;1;-1;0;1;-1;0;0;0;0;1;0;0;-1;0;0;0;1;0;-1;-1;0;0;1;0,219;921;924;218;925,0;1;2;3;4
471,0;0;-1;0;0;0;0;1;-1;0;1;-1;0;1;-1;0;1;-1;0;0;0;0;1;0;0,926;927;219;422;928,0;1;2;3;4
472,0;-1;0;0;1;1;0;-1;0;0;0;1;0;0;-1;0;0;0;0;1;-1;0;1;-1;0,929;896;930;931;219,0;1;2;3;4
473,0;0;-1;0;0;0;0;0;0;1;1;0;0;-1;-1;0;0;1;0;0;0;-1;1;0;0,932;221;220;933;647,0;1;2;3;4
474,0;0;0;1;-1;0;0;0;0;1;0;0;0;-1;1;-1;0;1;0;0;1;-1;-1;0;0,934;222;935;220;936,0;1;2;3;4
475,0;-1;0;-1;1;1;0;0;0;-1;0;0;0;1;-1;1;0;-1;0;0;-1;1;1;0;0,937;331;938;936;220,0;1;2;3;4
476,0;0;1;0;0;0;0;0;0;-1;-1;0;0;-1;-1;0;0;1;0;0;0;1;1;0;0,221;932;675;499;939,0;1;2;3;4
477,0;0;-1;0;0;0;0;0;0;-1;1;0;0;1;-1;0;0;-1;0;0;0;1;1;0;0,499;933;439;221;940,0;1;2;3;4
478,0;0;-1;0;0;0;0;0;0;1;1;0;0;-1;1;0;0;1;0;0;0;-1;-1;0;0,939;327;485;940;221,0;1;2;3;4
479,0;0;0;-1;1;0;0;0;0;-1;0;0;0;-1;1;1;0;1;0;-1;-1;1;-1;1;0,222;934;879;716;929,0;1;2;3;4
480,0;0;0;1;-1;0;0;0;0;-1;0;0;0;1;-1;-1;0;-1;0;1;1;1;1;-1;0,879;935;222;442;941,0;1;2;3;4
481,0;0;-1;1;1;0;0;-1;0;1;1;1;0;-1;-1;-1;0;1;0;0;-1;-1;1;0;0,942;323;943;223;222,0;1;2;3;4
482,0;0;0;1;-1;0;0;-1;0;1;0;1;0;1;-1;-1;0;-1;0;1;1;-1;1;-1;0,223;324;944;945;491,0;1;2;3;4
483,0;0;0;-1;1;0;0;1;0;0;0;-1;0;-1;1;1;0;1;0;-1;-1;0;-1;1;0,944;366;223;946;898,0;1;2;3;4
484,0;0;1;-1;1;0;0;0;0;-1;-1;0;0;1;0;1;0;-1;0;-1;-1;1;0;1;0,224;336;869;947;281,0;1;2;3;4
485,0;0;1;-1;0;0;0;0;0;1;-1;0;0;1;-1;1;0;-1;0;1;0;-1;1;-1;0,225;228;478;620;948,0;1;2;3;4
486,0;0;-1;1;0;0;0;1;0;-1;1;-1;0;-1;1;-1;0;1;0;-1;0;1;-1;1;0,948;315;949;950;225,0;1;2;3;4
487,0;0;-1;1;0;0;0;0;0;1;1;0;0;-1;1;-1;0;1;0;-1;0;-1;-1;1;0,226;231;543;443;951,0;1;2;3;4
488,0;0;1;-1;0;0;0;0;1;-1;-1;0;0;1;-1;1;-1;-1;0;1;0;1;1;-1;0,951;310;952;953;226,0;1;2;3;4
489,0;1;0;0;-1;-1;0;0;0;0;0;0;0;0;-1;0;0;0;0;-1;1;0;1;1;0,227;861;401;400;432,0;1;2;3;4
490,0;1;0;0;0;-1;0;0;0;1;0;0;0;0;-1;0;0;0;0;-1;0;-1;1;1;0,954;227;955;956;300,0;1;2;3;4
491,0;-1;0;0;1;1;0;0;0;-1;0;0;0;0;1;0;0;0;0;-1;-1;1;-1;1;0,401;955;227;399;482,0;1;2;3;4
492,0;-1;0;0;1;1;0;0;0;-1;0;0;0;0;-1;0;0;0;0;1;-1;1;1;-1;0,400;956;399;227;444,0;1;2;3;4
493,0;0;0;1;0;0;0;0;0;-1;0;0;0;-1;0;-1;0;1;0;-1;0;1;0;1;0,442;620;441;228;692,0;1;2;3;4
494,0;0;1;-1;0;0;0;0;-1;1;-1;0;0;0;1;1;1;0;0;-1;0;-1;-1;1;0,230;957;958;959;228,0;1;2;3;4
495,0;1;0;0;-1;-1;0;0;0;1;0;0;0;0;1;0;0;0;0;1;1;-1;-1;-1;0,858;267;960;961;229,0;1;2;3;4
496,0;0;-1;1;0;0;0;0;1;-1;1;0;0;-1;1;-1;-1;1;0;0;0;1;-1;0;0,957;230;962;963;271,0;1;2;3;4
497,0;0;1;0;0;0;0;0;-1;1;-1;0;0;1;-1;0;1;-1;0;0;0;-1;1;0;0,875;962;230;964;965,0;1;2;3;4
498,0;1;0;-1;0;-1;0;0;1;0;0;0;0;1;0;1;-1;-1;0;1;0;0;0;-1;0,841;966;967;230;968,0;1;2;3;4
499,0;0;1;0;0;0;0;0;0;-1;-1;0;0;1;-1;0;0;-1;0;0;0;1;1;0;0,477;543;231;476;730,0;1;2;3;4
500,0;0;-1;1;0;0;0;-1;0;1;1;1;0;0;-1;-1;0;0;0;1;0;-1;1;-1;0,232;969;970;971;231,0;1;2;3;4
501,0;0;1;-1;0;0;0;1;0;-1;-1;-1;0;1;0;1;0;-1;0;1;0;1;0;-1;0,969;232;972;973;269,0;1;2;3;4
502,0;1;-1;0;0;-1;0;1;0;0;1;-1;0;-1;1;0;0;1;0;0;0;0;-1;0;0,920;974;232;975;976,0;1;2;3;4
503,0;0;0;1;0;0;0;-1;0;1;0;1;0;-1;0;-1;0;1;0;-1;0;-1;0;1;0,945;973;977;232;978,0;1;2;3;4
504,0;0;0;0;-1;0;0;1;1;-1;0;-1;0;0;0;0;-1;0;0;0;1;1;0;0;0,234;233;979;980;732,0;1;2;3;4
505,0;0;0;0;-1;0;0;1;-1;0;0;-1;0;0;1;0;1;0;0;-1;1;0;-1;1;0,235;981;233;305;765,0;1;2;3;4
506,0;0;0;0;-1;0;0;-1;1;0;0;1;0;0;-1;0;-1;0;0;1;1;0;1;-1;0,236;982;305;233;789,0;1;2;3;4
507,0;0;0;0;1;0;0;-1;1;-1;0;1;0;0;0;0;-1;0;0;0;-1;1;0;0;0,979;673;234;764;298,0;1;2;3;4
508,0;0;0;0;1;0;0;1;-1;-1;0;-1;0;0;0;0;1;0;0;0;-1;1;0;0;0,980;712;764;234;299,0;1;2;3;4
509,0;0;0;0;1;0;0;-1;1;0;0;1;0;-1;1;0;-1;1;0;-1;-1;0;-1;1;0,981;235;983;984;738,0;1;2;3;4
510,0;0;0;0;1;0;0;1;1;-1;0;-1;0;0;1;0;-1;0;0;1;-1;1;-1;-1;0,305;304;236;235;761,0;1;2;3;4
511,0;0;0;0;1;0;0;1;-1;0;0;-1;0;1;-1;0;1;-1;0;1;-1;0;1;-1;0,982;236;985;986;772,0;1;2;3;4
512,0;-1;1;-1;0;1;0;-1;0;0;-1;1;0;1;1;1;0;-1;0;0;0;0;-1;0;0,802;238;638;987;988,0;1;2;3;4
513,0;1;-1;1;0;-1;0;1;0;0;1;-1;0;-1;1;-1;0;1;0;0;0;0;-1;0;0,989;987;580;238;990,0;1;2;3;4
514,0;1;0;-1;0;-1;0;1;0;0;0;-1;0;1;-1;1;0;-1;0;0;0;0;1;0;0,243;988;567;990;238,0;1;2;3;4
515,0;0;0;-1;0;0;0;0;-1;1;0;0;0;1;-1;1;1;-1;0;0;0;-1;1;0;0,239;991;992;271;963,0;1;2;3;4
516,0;0;0;1;0;0;0;0;1;-1;0;0;0;1;-1;-1;-1;-1;0;1;0;1;1;-1;0,991;239;309;651;993,0;1;2;3;4
517,0;0;0;1;0;0;0;0;-1;1;0;0;0;-1;1;-1;1;1;0;-1;0;-1;-1;1;0,992;309;239;583;994,0;1;2;3;4
518,0;0;0;1;0;0;0;1;-1;-1;0;-1;0;1;1;-1;1;-1;0;0;0;1;-1;0;0,963;995;996;240;239,0;1;2;3;4
519,0;-1;0;0;0;1;0;0;-1;1;0;0;0;-1;1;0;1;1;0;-1;0;-1;-1;1;0,812;240;997;998;572,0;1;2;3;4
520,0;1;0;-1;0;-1;0;0;1;-1;0;0;0;1;-1;1;-1;-1;0;1;0;1;1;-1;0,248;997;240;999;1000,0;1;2;3;4
521,0;1;0;0;0;-1;0;1;1;0;0;-1;0;0;-1;0;-1;0;0;0;0;0;1;0;0,817;634;241;824;823,0;1;2;3;4
522,0;1;0;0;0;-1;0;-1;-1;0;0;1;0;0;1;0;1;0;0;0;0;0;-1;0;0,818;610;824;241;1001,0;1;2;3;4
523,0;1;0;0;0;-1;0;-1;1;0;0;1;0;0;-1;0;-1;0;0;0;0;0;1;0;0,819;243;1002;1001;241,0;1;2;3;4
524,0;0;0;1;0;0;0;0;1;0;0;0;0;-1;1;-1;-1;1;0;0;0;0;-1;0;0,242;404;591;1003;1004,0;1;2;3;4
525,0;0;0;-1;0;0;0;0;-1;0;0;0;0;-1;1;1;1;1;0;0;0;0;-1;0;0,404;242;592;1005;1006,0;1;2;3;4
526,0;0;0;-1;0;0;0;0;1;0;0;0;0;-1;-1;1;-1;1;0;0;0;0;1;0;0,1004;1006;1007;243;242,0;1;2;3;4
527,0;-1;0;1;0;1;0;-1;0;0;0;1;0;-1;1;-1;0;1;0;-1;0;0;-1;1;0,567;428;243;915;1008,0;1;2;3;4
528,0;-1;-1;1;1;1;0;0;0;-1;1;0;0;0;-1;-1;0;0;0;0;-1;1;1;0;0,800;244;1009;1010;1011,0;1;2;3;4
529,0;1;1;1;-1;-1;0;0;0;1;-1;0;0;0;1;-1;0;0;0;0;1;-1;-1;0;0,665;1009;244;1012;1013,0;1;2;3;4
530,0;1;-1;-1;0;-1;0;0;0;1;1;0;0;0;-1;1;0;0;0;0;0;-1;1;0;0,1014;1010;1012;244;1015,0;1;2;3;4
531,0;1;-1;1;0;-1;0;1;0;-1;1;-1;0;0;1;-1;0;0;0;0;0;1;-1;0;0,246;1016;1017;1015;244,0;1;2;3;4
532,0;0;1;0;0;0;0;1;0;0;-1;-1;0;-1;1;0;0;1;0;-1;0;0;-1;1;0,245;407;668;599;1018,0;1;2;3;4
533,0;0;-1;0;0;0;0;-1;0;0;1;1;0;-1;1;0;0;1;0;-1;0;0;-1;1;0,407;245;1019;600;1020,0;1;2;3;4
534,0;0;-1;0;0;0;0;1;0;0;1;-1;0;0;-1;0;0;0;0;1;0;0;1;-1;0,1018;1020;1021;1022;245,0;1;2;3;4
535,0;1;1;-1;-1;-1;0;0;0;1;-1;0;0;1;1;1;0;-1;0;0;1;-1;-1;0;0,1023;246;1024;247;879,0;1;2;3;4
536,0;-1;-1;0;1;1;0;0;0;-1;1;0;0;-1;-1;0;0;1;0;0;-1;1;1;0;0,1025;1024;246;604;1026,0;1;2;3;4
537,0;1;0;1;-1;-1;0;0;0;1;0;0;0;1;-1;-1;0;-1;0;1;1;-1;1;-1;0,840;248;247;1027;1028,0;1;2;3;4
538,0;-1;0;-1;1;1;0;0;0;-1;0;0;0;-1;0;1;0;1;0;-1;-1;1;0;1;0,1029;1027;595;248;1030,0;1;2;3;4
539,0;-1;0;1;0;1;0;0;-1;1;0;0;0;0;1;-1;1;0;0;-1;0;-1;-1;1;0,1000;1031;1032;1033;248,0;1;2;3;4
540,0;0;-1;0;0;0;0;1;0;-1;1;-1;0;1;1;0;0;-1;0;0;0;1;-1;0;0,255;251;415;647;933,0;1;2;3;4
541,0;0;1;0;0;0;0;-1;0;1;-1;1;0;1;-1;0;0;-1;0;0;0;-1;1;0;0,326;253;428;325;878,0;1;2;3;4
542,0;0;1;0;0;0;0;1;0;-1;-1;-1;0;-1;1;0;0;1;0;0;0;1;-1;0;0,647;254;458;255;932,0;1;2;3;4
543,0;0;1;0;0;0;0;0;0;1;-1;0;0;1;-1;0;0;-1;0;0;0;-1;1;0;0,933;499;487;932;255,0;1;2;3;4
544,0;1;0;0;-1;-1;0;1;1;0;0;-1;0;0;1;0;-1;0;0;0;1;0;-1;0;0,806;362;256;1034;1035,0;1;2;3;4
545,0;1;0;0;-1;-1;0;-1;-1;1;0;1;0;0;-1;0;1;0;0;0;1;-1;1;0;0,807;703;1034;256;1036,0;1;2;3;4
546,0;0;0;0;1;0;0;0;1;-1;0;0;0;0;1;0;-1;0;0;0;-1;1;-1;0;0,1037;941;1038;1036;256,0;1;2;3;4
547,0;1;0;0;0;-1;0;-1;1;-1;0;1;0;0;0;0;-1;0;0;1;0;1;0;-1;0,342;257;1039;1040;1041,0;1;2;3;4
548,0;1;0;0;0;-1;0;1;-1;1;0;-1;0;0;0;0;1;0;0;-1;0;-1;0;1;0,258;296;918;917;1042,0;1;2;3;4
549,0;-1;0;0;0;1;0;-1;-1;1;0;1;0;0;0;0;1;0;0;-1;0;-1;0;1;0,918;635;258;916;1043,0;1;2;3;4
550,0;-1;0;0;0;1;0;1;1;0;0;-1;0;0;0;0;-1;0;0;1;0;0;0;-1;0,917;596;916;258;913,0;1;2;3;4
551,0;-1;0;0;0;1;0;1;0;-1;0;-1;0;0;0;0;0;0;0;1;0;1;0;-1;0,1042;929;1043;1044;258,0;1;2;3;4
552,0;-1;0;0;1;1;0;1;-1;-1;0;-1;0;0;1;0;1;0;0;0;-1;1;-1;0;0,1034;259;807;806;1045,0;1;2;3;4
553,0;1;-1;1;-1;-1;0;0;0;0;1;0;0;0;0;-1;0;0;0;1;1;0;0;-1;0,260;1046;1047;1048;1049,0;1;2;3;4
554,0;0;-1;0;1;0;0;1;0;-1;1;-1;0;-1;0;0;0;1;0;0;-1;1;0;0;0,707;706;260;624;1050,0;1;2;3;4
555,0;0;1;-1;-1;0;0;-1;0;1;-1;1;0;1;0;1;0;-1;0;0;1;-1;0;0;0,1051;1052;1050;263;260,0;1;2;3;4
556,0;1;0;-1;-1;-1;0;1;0;0;0;-1;0;1;0;1;0;-1;0;0;1;0;0;0;0,262;881;261;880;1053,0;1;2;3;4
557,0;0;0;1;-1;0;0;0;-1;0;0;0;0;1;0;-1;1;-1;0;0;1;0;0;0;0,314;784;783;261;757,0;1;2;3;4
558,0;1;0;-1;1;-1;0;-1;1;0;0;1;0;-1;0;1;-1;1;0;0;-1;0;0;0;0,353;359;1053;757;261,0;1;2;3;4
559,0;1;0;0;0;-1;0;-1;1;1;0;1;0;0;-1;0;-1;0;0;0;0;-1;1;0;0,285;262;823;822;1031,0;1;2;3;4
560,0;0;0;-1;1;0;0;0;1;-1;0;0;0;-1;0;1;-1;1;0;0;-1;1;0;0;0,700;699;615;262;1054,0;1;2;3;4
561,0;0;0;1;-1;0;0;1;-1;1;0;-1;0;1;0;-1;1;-1;0;0;1;-1;0;0;0,1055;1056;263;1054;262,0;1;2;3;4
562,0;0;0;-1;1;0;0;-1;0;1;0;1;0;-1;0;1;0;1;0;-1;-1;-1;0;1;0,263;1057;1055;1058;630,0;1;2;3;4
563,0;0;0;1;-1;0;0;1;0;-1;0;-1;0;-1;1;-1;0;1;0;0;1;1;-1;0;0,1057;263;1059;1052;357,0;1;2;3;4
564,0;1;0;0;0;-1;0;1;-1;0;0;-1;0;0;1;0;1;0;0;-1;0;0;-1;1;0,265;1060;264;300;1061,0;1;2;3;4
565,0;1;0;0;0;-1;0;-1;1;0;0;1;0;0;-1;0;-1;0;0;1;0;0;1;-1;0,266;1062;300;264;1063,0;1;2;3;4
566,0;1;0;0;0;-1;0;0;0;-1;0;0;0;0;1;0;0;0;0;1;0;1;-1;-1;0,267;1064;1065;1066;264,0;1;2;3;4
567,0;1;0;-1;0;-1;0;-1;1;0;0;1;0;-1;1;1;-1;1;0;-1;0;0;-1;1;0,527;265;514;371;1067,0;1;2;3;4
568,0;-1;0;0;0;1;0;1;1;-1;0;-1;0;0;1;0;-1;0;0;1;0;1;-1;-1;0,300;377;266;265;954,0;1;2;3;4
569,0;-1;0;0;0;1;0;1;-1;0;0;-1;0;1;-1;0;1;-1;0;1;0;0;1;-1;0,1061;1067;974;1068;265,0;1;2;3;4
570,0;1;-1;0;0;-1;0;1;-1;0;1;-1;0;1;-1;0;1;-1;0;1;0;0;1;-1;0,602;266;385;584;1069,0;1;2;3;4
571,0;-1;0;0;0;1;0;-1;1;0;0;1;0;-1;1;0;-1;1;0;-1;0;0;-1;1;0,1063;1069;1070;966;266,0;1;2;3;4
572,0;-1;0;0;0;1;0;0;0;-1;0;0;0;0;-1;0;0;0;0;1;0;1;1;-1;0,1065;960;267;1071;519,0;1;2;3;4
573,0;-1;0;0;0;1;0;0;0;-1;0;0;0;0;1;0;0;0;0;-1;0;1;-1;1;0,1066;961;1071;267;585,0;1;2;3;4
574,0;0;-1;1;0;0;0;1;-1;1;1;-1;0;0;0;-1;1;0;0;-1;0;-1;0;1;0,269;268;1072;771;969,0;1;2;3;4
575,0;0;-1;0;0;0;0;-1;0;1;1;1;0;-1;0;0;0;1;0;-1;0;-1;0;1;0,272;1073;269;1074;972,0;1;2;3;4
576,0;0;0;1;-1;0;0;0;1;0;0;0;0;-1;0;-1;-1;1;0;1;1;0;0;-1;0,317;753;752;269;986,0;1;2;3;4
577,0;0;1;-1;0;0;0;-1;1;1;-1;1;0;0;-1;1;-1;0;0;0;0;-1;1;0;0,271;270;735;1014;957,0;1;2;3;4
578,0;0;1;0;-1;0;0;1;0;0;-1;-1;0;1;1;0;0;-1;0;0;1;0;-1;0;0,337;781;271;780;983,0;1;2;3;4
579,0;0;1;0;0;0;0;1;0;-1;-1;-1;0;-1;1;0;0;1;0;-1;0;1;-1;1;0,1073;272;639;313;1075,0;1;2;3;4
580,0;0;1;0;0;0;0;-1;0;1;-1;1;0;1;-1;0;0;-1;0;1;0;-1;1;-1;0,1074;313;513;272;1076,0;1;2;3;4
581,0;0;1;0;0;0;0;-1;1;-1;-1;1;0;-1;0;0;-1;1;0;1;0;1;0;-1;0,972;1077;274;1078;272,0;1;2;3;4
582,0;-1;-1;1;0;1;0;0;-1;0;1;0;0;-1;0;-1;1;1;0;1;0;0;0;-1;0,888;273;1079;650;1080,0;1;2;3;4
583,0;1;1;-1;0;-1;0;0;1;0;-1;0;0;1;0;1;-1;-1;0;1;0;0;0;-1;0,1081;1079;273;517;1082,0;1;2;3;4
584,0;1;-1;0;0;-1;0;0;1;0;1;0;0;-1;0;0;-1;1;0;-1;0;0;0;1;0,280;1080;1082;570;273,0;1;2;3;4
585,0;-1;0;0;0;1;0;-1;0;1;0;1;0;1;-1;0;0;-1;0;1;0;-1;1;-1;0,892;274;1083;1084;573,0;1;2;3;4
586,0;1;-1;0;0;-1;0;1;0;-1;1;-1;0;-1;1;0;0;1;0;-1;0;1;-1;1;0,282;1084;1085;274;1086,0;1;2;3;4
587,0;-1;1;-1;1;1;0;0;0;-1;-1;0;0;0;0;1;0;0;0;-1;-1;1;0;1;0,880;275;1087;1088;1089,0;1;2;3;4
588,0;1;-1;-1;0;-1;0;0;0;1;1;0;0;0;0;1;0;0;0;-1;0;-1;0;1;0,1072;1087;275;1090;1091,0;1;2;3;4
589,0;1;1;1;-1;-1;0;0;0;1;-1;0;0;0;0;-1;0;0;0;1;1;-1;0;-1;0,697;1088;1090;275;1092,0;1;2;3;4
590,0;1;1;-1;0;-1;0;0;1;-1;-1;0;0;0;0;1;-1;0;0;1;0;1;0;-1;0,277;1093;1091;1094;275,0;1;2;3;4
591,0;0;0;1;0;0;0;0;1;0;0;0;0;1;-1;-1;-1;-1;0;1;0;0;1;-1;0,276;449;524;699;1095,0;1;2;3;4
592,0;0;0;-1;0;0;0;0;-1;0;0;0;0;1;-1;1;1;-1;0;1;0;0;1;-1;0,449;276;525;1096;1097,0;1;2;3;4
593,0;0;0;-1;0;0;0;0;1;0;0;0;0;0;1;1;-1;0;0;-1;0;0;-1;1;0,1095;1097;1098;1099;276,0;1;2;3;4
594,0;1;-1;1;-1;-1;0;0;0;1;1;0;0;-1;0;-1;0;1;0;1;1;-1;0;-1;0,1100;277;281;1101;869,0;1;2;3;4
595,0;-1;0;-1;1;1;0;0;0;-1;0;0;0;1;0;1;0;-1;0;-1;-1;1;0;1;0,1102;1101;538;277;1103,0;1;2;3;4
596,0;1;0;0;0;-1;0;-1;-1;0;0;1;0;0;0;0;1;0;0;1;0;0;0;-1;0,912;550;278;919;1040,0;1;2;3;4
597,0;1;0;0;0;-1;0;1;1;0;0;-1;0;0;0;0;-1;0;0;-1;0;0;0;1;0,913;645;919;278;917,0;1;2;3;4
598,0;1;0;0;0;-1;0;1;-1;0;0;-1;0;0;0;0;1;0;0;-1;0;0;0;1;0,914;280;1040;1039;278,0;1;2;3;4
599,0;0;1;0;0;0;0;1;0;0;-1;-1;0;1;0;0;0;-1;0;1;0;0;0;-1;0,279;452;1104;532;1105,0;1;2;3;4
600,0;0;-1;0;0;0;0;-1;0;0;1;1;0;1;0;0;0;-1;0;1;0;0;0;-1;0,452;279;1106;533;1107,0;1;2;3;4
601,0;0;-1;0;0;0;0;1;0;0;1;-1;0;1;0;0;0;-1;0;-1;0;0;0;1;0,1105;1107;280;1108;279,0;1;2;3;4
602,0;-1;1;0;0;1;0;0;-1;0;-1;0;0;1;-1;0;1;-1;0;1;0;0;1;-1;0,570;430;820;280;1109,0;1;2;3;4
603,0;1;1;0;-1;-1;0;0;0;1;-1;0;0;-1;1;0;0;1;0;-1;1;-1;-1;1;0,921;282;1110;281;1111,0;1;2;3;4
604,0;-1;-1;0;1;1;0;0;0;-1;1;0;0;1;-1;0;0;-1;0;0;-1;1;1;0;0,1112;1110;282;536;1113,0;1;2;3;4
605,0;-1;1;0;0;1;0;-1;0;1;-1;1;0;0;-1;0;0;0;0;1;0;-1;1;-1;0,1086;1042;1114;1115;282,0;1;2;3;4
606,0;1;0;0;-1;-1;0;-1;-1;1;0;1;0;0;0;0;1;0;0;-1;1;-1;0;1;0,882;657;283;1116;1117,0;1;2;3;4
607,0;1;0;0;-1;-1;0;1;1;0;0;-1;0;0;0;0;-1;0;0;1;1;0;0;-1;0,883;379;1116;283;1118,0;1;2;3;4
608,0;0;0;0;1;0;0;1;0;-1;0;-1;0;0;0;0;0;0;0;1;-1;1;0;-1;0,1119;870;1117;1120;283,0;1;2;3;4
609,0;1;0;0;0;-1;0;1;-1;-1;0;-1;0;0;1;0;1;0;0;0;0;1;-1;0;0,318;284;1001;1002;1121,0;1;2;3;4
610,0;-1;0;0;0;1;0;1;1;0;0;-1;0;0;1;0;-1;0;0;0;0;0;-1;0;0,823;522;285;821;817,0;1;2;3;4
611,0;-1;0;0;0;1;0;-1;-1;1;0;1;0;0;-1;0;1;0;0;0;0;-1;1;0;0,822;644;821;285;1122,0;1;2;3;4
612,0;-1;0;0;0;1;0;0;1;-1;0;0;0;0;1;0;-1;0;0;0;0;1;-1;0;0,1031;850;1123;1122;285,0;1;2;3;4
613,0;-1;0;0;1;1;0;-1;1;-1;0;1;0;0;0;0;-1;0;0;1;-1;1;0;-1;0,1116;286;883;882;1124,0;1;2;3;4
614,0;1;1;-1;-1;-1;0;0;0;0;-1;0;0;0;1;1;0;0;0;0;1;0;-1;0;0,287;1125;1126;1127;1128,0;1;2;3;4
615,0;0;0;-1;1;0;0;0;1;-1;0;0;0;1;0;1;-1;-1;0;0;-1;1;0;0;0,660;659;560;287;1129,0;1;2;3;4
616,0;0;-1;1;-1;0;0;0;-1;1;1;0;0;-1;0;-1;1;1;0;0;1;-1;0;0;0,1130;1131;297;1129;287,0;1;2;3;4
617,0;0;0;-1;0;0;0;0;1;-1;0;0;0;-1;0;1;-1;1;0;1;0;1;0;-1;0,294;290;637;467;866,0;1;2;3;4
618,0;0;0;1;0;0;0;0;-1;1;0;0;0;-1;0;-1;1;1;0;-1;0;-1;0;1;0,348;292;347;430;947,0;1;2;3;4
619,0;0;0;1;0;0;0;0;1;-1;0;0;0;1;0;-1;-1;-1;0;1;0;1;0;-1;0,637;293;294;418;865,0;1;2;3;4
620,0;0;0;1;0;0;0;0;0;1;0;0;0;-1;0;-1;0;1;0;-1;0;-1;0;1;0,866;493;865;485;294,0;1;2;3;4
621,0;0;1;0;-1;0;0;-1;0;0;-1;1;0;-1;0;0;0;1;0;0;1;0;0;0;0,308;750;295;749;748,0;1;2;3;4
622,0;1;-1;0;-1;-1;0;0;1;0;1;0;0;-1;0;0;-1;1;0;0;1;0;0;0;0,296;801;800;295;1132,0;1;2;3;4
623,0;1;-1;0;1;-1;0;1;-1;0;1;-1;0;1;0;0;1;-1;0;0;-1;0;0;0;0,332;358;748;1132;295,0;1;2;3;4
624,0;0;-1;0;1;0;0;1;0;-1;1;-1;0;1;0;0;0;-1;0;0;-1;1;0;0;0,669;668;296;554;1133,0;1;2;3;4
625,0;0;1;0;-1;0;0;-1;1;1;-1;1;0;-1;0;0;-1;1;0;0;1;-1;0;0;0,1134;1135;1133;297;296,0;1;2;3;4
626,0;0;-1;0;1;0;0;0;-1;1;1;0;0;1;-1;0;1;-1;0;0;-1;-1;1;0;0,297;1136;1137;1134;632,0;1;2;3;4
627,0;0;1;0;-1;0;0;0;1;-1;-1;0;0;1;0;0;-1;-1;0;1;1;1;0;-1;0,1136;297;1131;1138;336,0;1;2;3;4
628,0;1;0;0;1;-1;0;0;0;0;0;0;0;0;-1;0;0;0;0;-1;-1;0;1;1;0,861;376;860;859;301,0;1;2;3;4
629,0;0;0;0;1;0;0;1;-1;1;0;-1;0;0;0;0;1;0;0;0;-1;-1;0;0;0,302;1139;304;732;980,0;1;2;3;4
630,0;0;0;0;-1;0;0;-1;1;-1;0;1;0;-1;0;0;-1;1;0;1;1;1;0;-1;0,1139;302;1140;1141;562,0;1;2;3;4
631,0;0;0;0;1;0;0;-1;1;1;0;1;0;0;0;0;-1;0;0;0;-1;-1;0;0;0,303;1142;732;304;979,0;1;2;3;4
632,0;0;0;0;-1;0;0;1;-1;-1;0;-1;0;1;1;0;1;-1;0;0;1;1;-1;0;0,1142;303;1143;1144;626,0;1;2;3;4
633,0;0;0;0;-1;0;0;-1;-1;-1;0;1;0;0;0;0;1;0;0;0;1;1;0;0;0,764;360;980;979;304,0;1;2;3;4
634,0;-1;1;1;0;1;0;-1;-1;0;-1;1;0;0;-1;-1;1;0;0;0;0;0;1;0;0,1126;521;306;1145;786,0;1;2;3;4
635,0;1;-1;-1;0;-1;0;1;1;-1;1;-1;0;0;1;1;-1;0;0;0;0;1;-1;0;0,1009;549;1145;306;1146,0;1;2;3;4
636,0;0;-1;1;0;0;0;0;-1;1;1;0;0;0;-1;-1;1;0;0;0;0;-1;1;0;0,310;951;1147;1146;306,0;1;2;3;4
637,0;0;0;-1;0;0;0;0;1;-1;0;0;0;1;0;1;-1;-1;0;1;0;1;0;-1;0,619;307;617;395;436,0;1;2;3;4
638,0;0;-1;0;1;0;0;1;0;0;1;-1;0;-1;-1;0;0;1;0;0;-1;0;1;0;0,750;308;512;751;1148,0;1;2;3;4
639,0;0;-1;0;1;0;0;-1;0;0;1;1;0;1;-1;0;0;-1;0;0;-1;0;1;0;0,749;751;579;308;1149,0;1;2;3;4
640,0;0;0;0;-1;0;0;-1;0;0;0;1;0;-1;1;0;0;1;0;0;1;0;-1;0;0,985;1148;982;1149;308,0;1;2;3;4
641,0;0;0;-1;0;0;0;0;1;-1;0;0;0;-1;1;1;-1;1;0;0;0;1;-1;0;0,309;992;991;329;1150,0;1;2;3;4
642,0;0;0;1;0;0;0;-1;1;1;0;1;0;-1;-1;-1;-1;1;0;0;0;-1;1;0;0,1150;1151;1152;310;309,0;1;2;3;4
643,0;0;-1;0;0;0;0;0;-1;1;1;0;0;-1;1;0;1;1;0;-1;0;-1;-1;1;0,1137;952;310;1153;1154,0;1;2;3;4
644,0;1;-1;-1;0;-1;0;1;1;-1;1;-1;0;0;0;1;-1;0;0;1;0;1;0;-1;0,1088;611;311;1155;1156,0;1;2;3;4
645,0;-1;1;1;0;1;0;-1;-1;0;-1;1;0;0;0;-1;1;0;0;-1;0;0;0;1;0,1048;597;1155;311;759,0;1;2;3;4
646,0;0;1;-1;0;0;0;-1;0;1;-1;1;0;0;0;1;0;0;0;-1;0;-1;0;1;0,315;948;1156;1157;311,0;1;2;3;4
647,0;0;-1;0;0;0;0;1;0;-1;1;-1;0;-1;1;0;0;1;0;0;0;1;-1;0;0,542;312;397;540;473,0;1;2;3;4
648,0;0;-1;0;0;0;0;1;0;-1;1;-1;0;1;0;0;0;-1;0;1;0;1;0;-1;0,313;1074;350;1073;1158,0;1;2;3;4
649,0;0;1;0;0;0;0;1;-1;1;-1;-1;0;1;0;0;1;-1;0;-1;0;-1;0;1;0,1158;1159;315;1160;313,0;1;2;3;4
650,0;0;0;-1;1;0;0;0;1;0;0;0;0;1;0;1;-1;-1;0;-1;-1;0;0;1;0,784;314;785;582;1161,0;1;2;3;4
651,0;0;0;-1;1;0;0;0;-1;0;0;0;0;-1;0;1;1;1;0;-1;-1;0;0;1;0,783;785;314;516;1162,0;1;2;3;4
652,0;0;0;0;-1;0;0;0;-1;0;0;0;0;1;0;0;1;-1;0;1;1;0;0;-1;0,984;1161;1162;981;314,0;1;2;3;4
653,0;0;0;-1;0;0;0;-1;0;1;0;1;0;1;-1;1;0;-1;0;1;0;-1;1;-1;0,1058;950;1163;315;1164,0;1;2;3;4
654,0;1;-1;1;1;-1;0;1;0;0;1;-1;0;-1;0;-1;0;1;0;0;-1;0;0;0;0,1125;316;368;1053;880,0;1;2;3;4
655,0;-1;1;-1;1;1;0;-1;0;0;-1;1;0;1;0;1;0;-1;0;0;-1;0;0;0;0,1090;1053;386;316;881,0;1;2;3;4
656,0;-1;0;0;0;1;0;-1;-1;0;0;1;0;0;-1;0;1;0;0;0;0;0;1;0;0,1001;361;318;819;818,0;1;2;3;4
657,0;-1;0;0;0;1;0;1;1;-1;0;-1;0;0;1;0;-1;0;0;0;0;1;-1;0;0,1002;606;819;318;1165,0;1;2;3;4
658,0;-1;0;0;0;1;0;0;-1;1;0;0;0;0;-1;0;1;0;0;0;0;-1;1;0;0,1121;1166;1167;1165;318,0;1;2;3;4
659,0;0;0;-1;1;0;0;0;-1;1;0;0;0;1;0;1;1;-1;0;-1;-1;-1;0;1;0,319;615;699;1104;1168,0;1;2;3;4
660,0;0;0;1;-1;0;0;0;1;-1;0;0;0;1;0;-1;-1;-1;0;1;1;1;0;-1;0,615;319;700;1169;1170,0;1;2;3;4
661,0;-1;0;1;1;1;0;0;-1;-1;0;0;0;1;0;-1;1;-1;0;0;-1;1;0;0;0,1171;1172;701;320;319,0;1;2;3;4
662,0;0;0;1;-1;0;0;-1;1;-1;0;1;0;-1;0;-1;-1;1;0;1;1;1;0;-1;0,320;1173;324;1174;1175,0;1;2;3;4
663,0;0;0;-1;1;0;0;1;-1;1;0;-1;0;0;0;1;1;0;0;-1;-1;-1;0;1;0,1173;320;1176;1177;1119,0;1;2;3;4
664,0;1;1;-1;1;-1;0;0;0;0;-1;0;0;0;0;1;0;0;0;-1;-1;0;0;1;0,801;321;736;1178;1179,0;1;2;3;4
665,0;-1;-1;-1;1;1;0;0;0;0;1;0;0;0;0;1;0;0;0;-1;-1;0;0;1;0,529;736;321;1081;1180,0;1;2;3;4
666,0;-1;1;1;0;1;0;0;0;0;-1;0;0;0;0;-1;0;0;0;1;0;0;0;-1;0,771;1178;1081;321;770,0;1;2;3;4
667,0;-1;1;0;-1;1;0;0;0;0;-1;0;0;0;0;0;0;0;0;1;1;0;0;-1;0,896;1179;1180;1181;321,0;1;2;3;4
668,0;0;-1;0;1;0;0;-1;0;1;1;1;0;1;-1;0;0;-1;0;0;-1;-1;1;0;0,322;624;532;706;1182,0;1;2;3;4
669,0;0;1;0;-1;0;0;1;0;-1;-1;-1;0;1;1;0;0;-1;0;0;1;1;-1;0;0,624;322;1183;707;1184,0;1;2;3;4
670,0;-1;1;0;1;1;0;-1;0;-1;-1;1;0;1;0;0;0;-1;0;0;-1;1;0;0;0,1185;1186;323;708;322,0;1;2;3;4
671,0;0;1;-1;-1;0;0;1;0;-1;-1;-1;0;0;1;1;0;0;0;0;1;1;-1;0;0,323;942;1187;1188;1189,0;1;2;3;4
672,0;0;0;-1;0;0;0;1;0;-1;0;-1;0;-1;1;1;0;1;0;-1;0;1;-1;1;0,973;945;1190;324;1191,0;1;2;3;4
673,0;0;0;0;1;0;0;1;-1;1;0;-1;0;1;0;0;1;-1;0;-1;-1;-1;0;1;0,894;507;1175;1192;324,0;1;2;3;4
674,0;0;1;0;0;0;0;0;0;-1;-1;0;0;-1;1;0;0;1;0;0;0;1;-1;0;0,327;939;438;878;325,0;1;2;3;4
675,0;0;-1;0;0;0;0;0;0;-1;1;0;0;1;1;0;0;-1;0;0;0;1;-1;0;0,878;940;476;327;326,0;1;2;3;4
676,0;-1;1;-1;0;1;0;0;0;-1;-1;0;0;0;1;1;0;0;0;0;0;1;-1;0;0,328;1012;1010;1009;1193,0;1;2;3;4
677,0;0;1;0;0;0;0;-1;0;0;-1;1;0;1;-1;0;0;-1;0;1;0;0;1;-1;0,1194;1195;328;721;1196,0;1;2;3;4
678,0;1;-1;1;0;-1;0;0;0;1;1;0;0;-1;-1;-1;0;1;0;0;0;-1;1;0;0,1193;936;1197;331;328,0;1;2;3;4
679,0;-1;0;1;0;1;0;-1;0;0;0;1;0;-1;-1;-1;0;1;0;0;0;0;1;0;0,330;990;329;988;987,0;1;2;3;4
680,0;-1;0;1;0;1;0;0;-1;1;0;0;0;1;-1;-1;1;-1;0;0;0;-1;1;0;0,331;1198;1199;1150;329,0;1;2;3;4
681,0;-1;0;0;0;1;0;1;-1;0;0;-1;0;0;-1;0;1;0;0;0;0;0;1;0;0,824;330;818;817;821,0;1;2;3;4
682,0;0;0;1;0;0;0;0;-1;0;0;0;0;1;-1;-1;1;-1;0;0;0;0;1;0;0,1200;1201;714;330;1202,0;1;2;3;4
683,0;1;0;-1;0;-1;0;-1;1;0;0;1;0;-1;1;1;-1;1;0;0;0;0;-1;0;0,987;821;795;1202;330,0;1;2;3;4
684,0;1;0;-1;0;-1;0;0;0;1;0;0;0;-1;1;1;0;1;0;-1;0;-1;-1;1;0,1199;938;331;1203;1166,0;1;2;3;4
685,0;-1;-1;1;0;1;0;0;-1;0;1;0;0;-1;-1;-1;1;1;0;0;0;0;1;0;0,1204;333;332;1205;820,0;1;2;3;4
686,0;-1;1;0;-1;1;0;-1;1;0;-1;1;0;-1;1;0;-1;1;0;0;1;0;-1;0;0,1132;1034;1206;332;1207,0;1;2;3;4
687,0;-1;0;0;1;1;0;0;-1;0;0;0;0;1;-1;0;1;-1;0;0;-1;0;1;0;0,1208;335;1209;1207;332,0;1;2;3;4
688,0;0;-1;1;1;0;0;0;-1;0;1;0;0;-1;-1;-1;1;1;0;0;-1;0;1;0;0,1210;364;1211;335;334,0;1;2;3;4
689,0;-1;0;1;-1;1;0;0;0;0;0;0;0;1;-1;-1;0;-1;0;1;1;0;1;-1;0,335;937;1212;1213;762,0;1;2;3;4
690,0;1;0;-1;1;-1;0;0;1;0;0;0;0;-1;1;1;-1;1;0;-1;-1;0;-1;1;0,1212;1209;335;1214;1215,0;1;2;3;4
691,0;0;-1;0;1;0;0;0;0;1;1;0;0;-1;0;0;0;1;0;-1;-1;-1;0;1;0,863;869;336;862;1131,0;1;2;3;4
692,0;0;0;1;0;0;0;0;0;1;0;0;0;-1;0;-1;0;1;0;1;0;-1;0;-1;0,874;947;873;336;493,0;1;2;3;4
693,0;1;1;-1;1;-1;0;0;1;0;-1;0;0;1;0;1;-1;-1;0;0;-1;0;0;0;0,1046;338;1132;390;800,0;1;2;3;4
694,0;-1;-1;1;1;1;0;0;-1;0;1;0;0;-1;0;-1;1;1;0;0;-1;0;0;0;0,1012;1132;338;372;801,0;1;2;3;4
695,0;1;-1;1;1;-1;0;0;0;0;1;0;0;0;-1;-1;0;0;0;0;-1;0;1;0;0,881;339;1216;767;1217,0;1;2;3;4
696,0;-1;1;1;0;1;0;0;0;0;-1;0;0;0;1;-1;0;0;0;0;0;0;-1;0;0,735;1216;339;989;733,0;1;2;3;4
697,0;-1;-1;-1;1;1;0;0;0;0;1;0;0;0;-1;1;0;0;0;0;-1;0;1;0;0,589;767;989;339;1218,0;1;2;3;4
698,0;-1;0;1;-1;1;0;0;0;0;0;0;0;0;1;-1;0;0;0;0;1;0;-1;0;0,816;1217;1219;1218;339,0;1;2;3;4
699,0;0;0;-1;1;0;0;0;-1;1;0;0;0;-1;0;1;1;1;0;-1;-1;-1;0;1;0,340;560;659;591;1220,0;1;2;3;4
700,0;0;0;1;-1;0;0;0;1;-1;0;0;0;-1;0;-1;-1;1;0;1;1;1;0;-1;0,560;340;660;1221;1222,0;1;2;3;4
701,0;-1;0;1;1;1;0;0;-1;-1;0;0;0;-1;0;-1;1;1;0;0;-1;1;0;0;0,1223;1224;661;341;340,0;1;2;3;4
702,0;0;-1;1;-1;0;0;0;1;-1;1;0;0;0;0;-1;-1;0;0;1;1;1;0;-1;0,341;871;1225;1226;1227,0;1;2;3;4
703,0;-1;0;0;0;1;0;1;1;-1;0;-1;0;0;0;0;-1;0;0;1;0;1;0;-1;0,1039;545;342;914;1228,0;1;2;3;4
704,0;-1;0;0;0;1;0;-1;-1;0;0;1;0;0;0;0;1;0;0;-1;0;0;0;1;0,1040;380;914;342;912,0;1;2;3;4
705,0;-1;0;0;0;1;0;-1;0;1;0;1;0;0;0;0;0;0;0;-1;0;-1;0;1;0,1041;1229;1228;1230;342,0;1;2;3;4
706,0;0;-1;0;1;0;0;-1;0;1;1;1;0;-1;-1;0;0;1;0;0;-1;-1;1;0;0,343;554;1003;668;1231,0;1;2;3;4
707,0;0;1;0;-1;0;0;1;0;-1;-1;-1;0;-1;1;0;0;1;0;0;1;1;-1;0;0,554;343;1194;669;1232,0;1;2;3;4
708,0;-1;1;0;1;1;0;-1;0;-1;-1;1;0;-1;0;0;0;1;0;0;-1;1;0;0;0,1233;1234;344;670;343,0;1;2;3;4
709,0;0;1;0;-1;0;0;1;-1;-1;-1;-1;0;1;1;0;1;-1;0;0;1;1;-1;0;0,344;1235;1236;345;1237,0;1;2;3;4
710,0;0;-1;0;1;0;0;-1;1;1;1;1;0;0;-1;0;-1;0;0;0;-1;-1;1;0;0,1235;344;1238;1239;1037,0;1;2;3;4
711,0;0;-1;0;0;0;0;0;1;-1;1;0;0;1;-1;0;-1;-1;0;1;0;1;1;-1;0,962;875;345;1240;1241,0;1;2;3;4
712,0;0;0;0;1;0;0;-1;1;1;0;1;0;-1;-1;0;-1;1;0;0;-1;-1;1;0;0,814;508;1242;1237;345,0;1;2;3;4
713,0;-1;-1;1;0;1;0;0;0;-1;1;0;0;0;0;-1;0;0;0;1;0;1;0;-1;0,346;1090;1088;1087;1243,0;1;2;3;4
714,0;0;0;1;0;0;0;0;-1;0;0;0;0;-1;1;-1;1;1;0;-1;0;0;-1;1;0,1169;1244;682;346;1245,0;1;2;3;4
715,0;1;1;-1;0;-1;0;0;0;1;-1;0;0;1;0;1;0;-1;0;-1;0;-1;0;1;0,1243;864;352;1246;346,0;1;2;3;4
716,0;0;0;1;0;0;0;0;0;-1;0;0;0;1;0;-1;0;-1;0;1;0;1;0;-1;0,349;873;947;479;347,0;1;2;3;4
717,0;0;0;-1;0;0;0;0;0;-1;0;0;0;-1;0;1;0;1;0;1;0;1;0;-1;0,947;874;349;441;348,0;1;2;3;4
718,0;-1;1;0;0;1;0;0;-1;0;-1;0;0;1;0;0;1;-1;0;-1;0;0;0;1;0,351;1082;1080;350;1079,0;1;2;3;4
719,0;-1;1;0;0;1;0;-1;0;1;-1;1;0;-1;0;0;0;1;0;-1;0;-1;0;1;0,352;1247;1158;1248;350,0;1;2;3;4
720,0;-1;0;0;0;1;0;-1;1;0;0;1;0;0;0;0;-1;0;0;-1;0;0;0;1;0,919;351;913;912;916,0;1;2;3;4
721,0;0;1;0;0;0;0;-1;0;0;-1;1;0;-1;0;0;0;1;0;-1;0;0;0;1;0,1249;1250;351;677;1251,0;1;2;3;4
722,0;1;-1;0;0;-1;0;1;-1;0;1;-1;0;1;0;0;1;-1;0;1;0;0;0;-1;0,1079;916;1251;791;351,0;1;2;3;4
723,0;1;-1;0;0;-1;0;0;0;1;1;0;0;1;-1;0;0;-1;0;1;0;-1;1;-1;0,1248;868;1252;352;1229,0;1;2;3;4
724,0;-1;0;1;-1;1;0;1;-1;0;0;-1;0;1;0;-1;1;-1;0;1;1;0;0;-1;0,1053;1116;353;1253;1254,0;1;2;3;4
725,0;-1;1;-1;0;1;0;-1;0;0;-1;1;0;1;0;1;0;-1;0;-1;0;0;0;1;0,1255;355;1256;353;915,0;1;2;3;4
726,0;-1;0;0;1;1;0;-1;0;0;0;1;0;-1;0;0;0;1;0;-1;-1;0;0;1;0,1257;356;1254;1258;353,0;1;2;3;4
727,0;0;1;-1;1;0;0;-1;0;0;-1;1;0;1;0;1;0;-1;0;-1;-1;0;0;1;0,1259;382;356;1260;354,0;1;2;3;4
728,0;-1;1;0;-1;1;0;0;0;0;-1;0;0;-1;1;0;0;1;0;-1;1;0;-1;1;0,356;867;1261;1262;763,0;1;2;3;4
729,0;1;-1;0;1;-1;0;1;0;0;1;-1;0;1;-1;0;0;-1;0;1;-1;0;1;-1;0,1262;1258;1263;356;1264,0;1;2;3;4
730,0;0;1;0;0;0;0;0;0;1;-1;0;0;1;1;0;0;-1;0;0;0;-1;-1;0;0,940;878;357;939;499,0;1;2;3;4
731,0;0;0;-1;1;0;0;0;0;1;0;0;0;1;-1;1;0;-1;0;0;-1;-1;1;0;0,935;879;934;357;1052,0;1;2;3;4
732,0;0;0;0;1;0;0;1;1;1;0;-1;0;0;0;0;-1;0;0;0;-1;-1;0;0;0,360;764;631;629;504,0;1;2;3;4
733,0;-1;1;1;0;1;0;0;0;0;-1;0;0;0;-1;-1;0;0;0;0;0;0;1;0;0,361;1265;403;1266;696,0;1;2;3;4
734,0;0;-1;1;0;0;0;1;-1;0;1;-1;0;0;-1;-1;1;0;0;0;0;0;1;0;0,1019;1183;362;361;1267,0;1;2;3;4
735,0;1;-1;-1;0;-1;0;1;1;0;1;-1;0;0;1;1;-1;0;0;0;0;0;-1;0;0,696;818;577;1267;361,0;1;2;3;4
736,0;1;-1;-1;1;-1;0;0;0;0;1;0;0;0;0;1;0;0;0;-1;-1;0;0;1;0,362;665;664;1268;1269,0;1;2;3;4
737,0;-1;0;1;1;1;0;-1;-1;0;0;1;0;0;-1;-1;1;0;0;0;-1;0;1;0;0,1270;1035;1271;363;362,0;1;2;3;4
738,0;0;0;1;-1;0;0;-1;1;0;0;1;0;0;-1;-1;-1;0;0;1;1;0;1;-1;0,363;365;1272;1273;509,0;1;2;3;4
739,0;0;0;-1;1;0;0;1;1;-1;0;-1;0;0;1;1;-1;0;0;0;-1;1;-1;0;0,1272;1176;363;1271;1274,0;1;2;3;4
740,0;0;1;-1;-1;0;0;0;1;0;-1;0;0;0;0;1;-1;0;0;0;1;0;0;0;0,364;1210;1275;1276;1277,0;1;2;3;4
741,0;0;1;0;0;0;0;0;1;0;-1;0;0;1;1;0;-1;-1;0;0;0;0;-1;0;0,1278;1211;364;778;1279,0;1;2;3;4
742,0;0;0;1;-1;0;0;-1;0;0;0;1;0;-1;1;-1;0;1;0;0;1;0;-1;0;0,366;944;365;1280;1281,0;1;2;3;4
743,0;1;0;-1;0;-1;0;0;1;0;0;0;0;-1;0;1;-1;1;0;-1;0;0;0;1;0,855;1282;968;365;967,0;1;2;3;4
744,0;0;0;1;0;0;0;-1;0;0;0;1;0;1;0;-1;0;-1;0;1;0;0;0;-1;0,1283;946;775;366;1284,0;1;2;3;4
745,0;0;0;0;-1;0;0;-1;0;0;0;1;0;0;-1;0;0;0;0;1;1;0;1;-1;0,897;898;1285;1286;366,0;1;2;3;4
746,0;0;-1;0;-1;0;0;-1;0;0;1;1;0;1;0;0;0;-1;0;0;1;0;0;0;0,368;367;750;388;387,0;1;2;3;4
747,0;0;-1;0;-1;0;0;1;0;0;1;-1;0;-1;0;0;0;1;0;0;1;0;0;0;0,369;388;881;367;386,0;1;2;3;4
748,0;0;1;0;1;0;0;-1;0;0;-1;1;0;-1;0;0;0;1;0;0;-1;0;0;0;0,388;369;623;368;621,0;1;2;3;4
749,0;0;1;0;-1;0;0;-1;0;0;-1;1;0;1;0;0;0;-1;0;0;1;0;0;0;0,639;370;880;621;368,0;1;2;3;4
750,0;0;1;0;-1;0;0;1;0;0;-1;-1;0;-1;0;0;0;1;0;0;1;0;0;0;0,638;621;746;370;369,0;1;2;3;4
751,0;0;-1;0;1;0;0;1;0;0;1;-1;0;1;-1;0;0;-1;0;0;-1;0;1;0;0,370;639;1060;638;1287,0;1;2;3;4
752,0;0;0;1;-1;0;0;0;1;0;0;0;0;1;0;-1;-1;-1;0;1;1;0;0;-1;0,372;371;576;992;1288,0;1;2;3;4
753,0;0;0;1;-1;0;0;0;-1;0;0;0;0;-1;0;-1;1;1;0;1;1;0;0;-1;0,373;576;371;1082;1289,0;1;2;3;4
754,0;0;0;0;1;0;0;0;-1;0;0;0;0;1;0;0;1;-1;0;-1;-1;0;0;1;0,1141;1288;1289;1139;371,0;1;2;3;4
755,0;0;0;-1;-1;0;0;0;1;0;0;0;0;1;0;1;-1;-1;0;0;1;0;0;0;0,391;374;389;801;372,0;1;2;3;4
756,0;0;0;-1;-1;0;0;0;-1;0;0;0;0;-1;0;1;1;1;0;0;1;0;0;0;0,390;389;374;784;373,0;1;2;3;4
757,0;0;0;1;1;0;0;0;-1;0;0;0;0;1;0;-1;1;-1;0;0;-1;0;0;0;0,374;391;390;558;557,0;1;2;3;4
758,0;1;-1;-1;1;-1;0;1;1;0;1;-1;0;0;0;1;-1;0;0;-1;-1;0;0;1;0,1290;882;375;1291;1292,0;1;2;3;4
759,0;-1;1;1;0;1;0;-1;-1;0;-1;1;0;0;0;-1;1;0;0;1;0;0;0;-1;0,1293;917;1291;375;645,0;1;2;3;4
760,0;0;1;0;-1;0;0;-1;1;0;-1;1;0;0;0;0;-1;0;0;1;1;0;0;-1;0,1294;378;1292;1295;375,0;1;2;3;4
761,0;1;0;0;-1;-1;0;0;0;1;0;0;0;0;-1;0;0;0;0;-1;1;-1;1;1;0,376;1071;961;960;510,0;1;2;3;4
762,0;-1;0;0;1;1;0;0;0;0;0;0;0;0;1;0;0;0;0;-1;-1;0;-1;1;0,961;860;376;858;689,0;1;2;3;4
763,0;-1;0;0;1;1;0;0;0;0;0;0;0;0;-1;0;0;0;0;1;-1;0;1;-1;0,960;859;858;376;728,0;1;2;3;4
764,0;0;0;0;1;0;0;-1;-1;-1;0;1;0;0;0;0;1;0;0;0;-1;1;0;0;0,633;732;508;507;377,0;1;2;3;4
765,0;0;-1;0;1;0;0;1;-1;0;1;-1;0;1;-1;0;1;-1;0;1;-1;0;1;-1;0,378;1294;1296;1297;505,0;1;2;3;4
766,0;0;1;0;-1;0;0;0;1;0;-1;0;0;-1;1;0;-1;1;0;-1;1;0;-1;1;0,1297;1138;1298;378;832,0;1;2;3;4
767,0;1;-1;-1;1;-1;0;0;0;0;1;0;0;0;-1;1;0;0;0;0;-1;0;1;0;0,379;697;1299;695;1300,0;1;2;3;4
768,0;0;1;-1;0;0;0;-1;1;0;-1;1;0;0;0;1;-1;0;0;-1;0;0;0;1;0,1096;1221;380;379;1301,0;1;2;3;4
769,0;-1;1;0;1;1;0;-1;-1;0;-1;1;0;0;0;0;1;0;0;-1;-1;0;0;1;0,1302;1118;381;1303;379,0;1;2;3;4
770,0;-1;1;1;0;1;0;0;0;0;-1;0;0;0;0;-1;0;0;0;-1;0;0;0;1;0,380;1304;1305;451;666,0;1;2;3;4
771,0;1;-1;-1;0;-1;0;1;1;0;1;-1;0;0;0;1;-1;0;0;1;0;0;0;-1;0,666;912;1301;574;380,0;1;2;3;4
772,0;0;1;0;-1;0;0;1;-1;0;-1;-1;0;0;1;0;1;0;0;-1;1;0;-1;1;0,381;383;1306;1307;511,0;1;2;3;4
773,0;0;-1;0;1;0;0;1;1;-1;1;-1;0;0;0;0;-1;0;0;1;-1;1;0;-1;0,1307;1239;1303;381;1308,0;1;2;3;4
774,0;0;-1;1;-1;0;0;1;0;0;1;-1;0;0;0;-1;0;0;0;0;1;0;0;0;0,382;1259;1309;1310;1311,0;1;2;3;4
775,0;0;0;1;0;0;0;1;0;0;0;-1;0;-1;0;-1;0;1;0;1;0;0;0;-1;0,1312;1260;744;382;1313,0;1;2;3;4
776,0;1;-1;0;0;-1;0;1;0;0;1;-1;0;1;-1;0;0;-1;0;0;0;0;1;0;0,857;1314;383;976;975,0;1;2;3;4
777,0;0;1;0;-1;0;0;0;-1;0;-1;0;0;1;0;0;1;-1;0;1;1;0;0;-1;0,384;876;1315;383;1316,0;1;2;3;4
778,0;0;1;0;0;0;0;0;-1;0;-1;0;0;-1;1;0;1;1;0;0;0;0;-1;0;0,1317;877;384;741;1318,0;1;2;3;4
779,0;0;0;0;-1;0;0;0;-1;0;0;0;0;0;1;0;1;0;0;-1;1;0;-1;1;0,825;826;1319;1320;384,0;1;2;3;4
780,0;0;1;0;-1;0;0;1;0;0;-1;-1;0;-1;1;0;0;1;0;0;1;0;-1;0;0,386;385;1074;578;1321,0;1;2;3;4
781,0;0;1;0;-1;0;0;-1;0;0;-1;1;0;1;1;0;0;-1;0;0;1;0;-1;0;0,387;578;990;385;1322,0;1;2;3;4
782,0;0;0;0;1;0;0;-1;0;0;0;1;0;-1;-1;0;0;1;0;0;-1;0;1;0;0,1143;1321;1142;1322;385,0;1;2;3;4
783,0;0;0;1;-1;0;0;0;-1;0;0;0;0;-1;0;-1;1;1;0;0;1;0;0;0;0,651;392;557;800;390,0;1;2;3;4
784,0;0;0;1;-1;0;0;0;1;0;0;0;0;1;0;-1;-1;-1;0;0;1;0;0;0;0,650;557;392;756;391,0;1;2;3;4
785,0;0;0;-1;1;0;0;0;1;0;0;0;0;-1;0;1;-1;1;0;-1;-1;0;0;1;0,392;651;650;1062;1323,0;1;2;3;4
786,0;-1;1;1;0;1;0;-1;-1;0;-1;1;0;0;1;-1;1;0;0;0;0;0;-1;0;0,1324;823;393;1325;634,0;1;2;3;4
787,0;1;-1;-1;1;-1;0;1;1;0;1;-1;0;0;-1;1;-1;0;0;0;-1;0;1;0;0,1326;807;1325;393;1327,0;1;2;3;4
788,0;0;0;1;-1;0;0;1;-1;0;0;-1;0;0;1;-1;1;0;0;0;1;0;-1;0;0,1328;394;1329;1327;393,0;1;2;3;4
789,0;0;0;-1;1;0;0;-1;1;0;0;1;0;-1;1;1;-1;1;0;-1;-1;0;-1;1;0,394;1328;1330;1331;506,0;1;2;3;4
790,0;0;0;1;-1;0;0;1;0;0;0;-1;0;1;-1;-1;0;-1;0;1;1;0;1;-1;0,1330;1059;394;1332;904,0;1;2;3;4
791,0;1;-1;0;0;-1;0;0;1;0;1;0;0;-1;1;0;-1;1;0;-1;0;0;-1;1;0,1060;395;405;722;1333,0;1;2;3;4
792,0;-1;-1;1;0;1;0;0;-1;0;1;0;0;0;-1;-1;1;0;0;1;0;0;1;-1;0,396;1333;1334;1335;395,0;1;2;3;4
793,0;1;-1;0;0;-1;0;0;0;0;1;0;0;-1;1;0;0;1;0;0;0;0;-1;0;0,1296;854;396;1336;1337,0;1;2;3;4
794,0;1;0;1;0;-1;0;0;0;0;0;0;0;-1;0;-1;0;1;0;-1;0;0;0;1;0,1213;855;846;396;845,0;1;2;3;4
795,0;1;0;-1;0;-1;0;1;0;0;0;-1;0;1;-1;1;0;-1;0;1;0;0;1;-1;0,1062;397;683;453;1338,0;1;2;3;4
796,0;-1;1;-1;0;1;0;-1;0;0;-1;1;0;0;1;1;0;0;0;-1;0;0;-1;1;0,398;1338;1339;1340;397,0;1;2;3;4
797,0;1;1;0;0;-1;0;0;0;0;-1;0;0;1;-1;0;0;-1;0;0;0;0;1;0;0,1261;857;398;923;922,0;1;2;3;4
798,0;1;0;-1;0;-1;0;0;0;0;0;0;0;1;0;1;0;-1;0;1;0;0;0;-1;0,1331;844;1341;398;1342,0;1;2;3;4
799,0;1;0;0;0;-1;0;0;0;1;0;0;0;0;1;0;0;0;0;1;0;-1;-1;-1;0,1064;399;956;955;1343,0;1;2;3;4
800,0;1;1;-1;-1;-1;0;0;1;0;-1;0;0;1;0;1;-1;-1;0;0;1;0;0;0;0,528;402;622;783;693,0;1;2;3;4
801,0;-1;-1;1;-1;1;0;0;-1;0;1;0;0;-1;0;-1;1;1;0;0;1;0;0;0;0,664;622;402;755;694,0;1;2;3;4
802,0;1;-1;1;0;-1;0;0;0;0;1;0;0;0;1;-1;0;0;0;0;0;0;-1;0;0,512;403;1265;1324;1344,0;1;2;3;4
803,0;-1;-1;-1;0;1;0;0;0;0;1;0;0;0;1;1;0;0;0;0;0;0;-1;0;0,1216;1324;1266;403;1345,0;1;2;3;4
804,0;-1;-1;1;0;1;0;0;0;0;1;0;0;0;-1;-1;0;0;0;0;0;0;1;0;0,405;1344;1290;1345;403,0;1;2;3;4
805,0;0;0;1;0;0;0;0;-1;0;0;0;0;-1;-1;-1;1;1;0;0;0;0;1;0;0,1006;1004;1202;405;404,0;1;2;3;4
806,0;-1;0;0;1;1;0;1;1;-1;0;-1;0;0;1;0;-1;0;0;0;-1;1;-1;0;0,544;918;406;552;1346,0;1;2;3;4
807,0;-1;0;0;1;1;0;-1;-1;0;0;1;0;0;-1;0;1;0;0;0;-1;0;1;0;0,545;787;552;406;1347,0;1;2;3;4
808,0;-1;1;0;-1;1;0;-1;1;0;-1;1;0;0;1;0;-1;0;0;0;1;0;-1;0;0,1348;408;1349;1347;406,0;1;2;3;4
809,0;0;1;0;0;0;0;-1;0;0;-1;1;0;0;-1;0;0;0;0;1;0;0;1;-1;0,1020;1018;1350;1351;407,0;1;2;3;4
810,0;-1;0;0;1;1;0;1;-1;-1;0;-1;0;1;1;0;1;-1;0;0;-1;1;-1;0;0,408;1352;1353;409;1354,0;1;2;3;4
811,0;1;0;0;-1;-1;0;-1;0;1;0;1;0;-1;-1;0;0;1;0;0;1;-1;1;0;0,1353;1355;408;895;1356,0;1;2;3;4
812,0;1;0;0;0;-1;0;0;-1;1;0;0;0;-1;1;0;1;1;0;-1;0;-1;-1;1;0,519;409;1357;1358;1065,0;1;2;3;4
813,0;-1;0;0;1;1;0;0;1;-1;0;0;0;1;-1;0;-1;-1;0;1;-1;1;1;-1;0,410;1357;409;1359;1360,0;1;2;3;4
814,0;0;0;0;-1;0;0;-1;1;1;0;1;0;-1;-1;0;-1;1;0;0;1;-1;1;0;0,712;980;1287;1354;409,0;1;2;3;4
815,0;1;0;0;-1;-1;0;0;-1;1;0;0;0;-1;0;0;1;1;0;-1;1;-1;0;1;0,1359;1361;887;410;1362,0;1;2;3;4
816,0;1;0;-1;1;-1;0;0;1;0;0;0;0;0;1;1;-1;0;0;-1;-1;0;-1;1;0,698;427;1363;1364;410,0;1;2;3;4
817,0;-1;0;0;0;1;0;1;1;0;0;-1;0;0;-1;0;-1;0;0;0;0;0;1;0;0,521;1001;411;681;610,0;1;2;3;4
818,0;-1;0;0;0;1;0;-1;-1;0;0;1;0;0;1;0;1;0;0;0;0;0;-1;0;0,522;735;681;411;656,0;1;2;3;4
819,0;-1;0;0;0;1;0;-1;1;0;0;1;0;0;-1;0;-1;0;0;0;0;0;1;0;0,523;413;657;656;411,0;1;2;3;4
820,0;-1;-1;1;0;1;0;0;-1;0;1;0;0;-1;1;-1;1;1;0;0;0;0;-1;0;0,1299;412;602;1007;685,0;1;2;3;4
821,0;-1;0;0;0;1;0;1;-1;0;0;-1;0;0;1;0;1;0;0;0;0;0;-1;0;0,414;683;611;610;681,0;1;2;3;4
822,0;1;0;0;0;-1;0;-1;-1;1;0;1;0;0;-1;0;1;0;0;0;0;-1;1;0;0,611;883;414;559;1365,0;1;2;3;4
823,0;1;0;0;0;-1;0;1;1;0;0;-1;0;0;1;0;-1;0;0;0;0;0;-1;0;0,610;786;559;414;521,0;1;2;3;4
824,0;1;0;0;0;-1;0;1;-1;0;0;-1;0;0;-1;0;1;0;0;0;0;0;1;0;0,681;415;522;521;414,0;1;2;3;4
825,0;0;0;0;1;0;0;0;-1;0;0;0;0;0;1;0;1;0;0;-1;-1;0;-1;1;0,779;417;1366;1367;416,0;1;2;3;4
826,0;0;0;0;-1;0;0;0;1;0;0;0;0;0;1;0;-1;0;0;-1;1;0;-1;1;0,417;779;1368;1369;445,0;1;2;3;4
827,0;0;0;0;1;0;0;0;1;0;0;0;0;0;-1;0;-1;0;0;-1;-1;0;1;1;0,1368;1366;417;1370;959,0;1;2;3;4
828,0;0;0;0;1;0;0;0;-1;0;0;0;0;0;1;0;1;0;0;1;-1;0;-1;-1;0,1369;1371;1370;417;1319,0;1;2;3;4
829,0;0;0;0;-1;0;0;0;-1;0;0;0;0;0;-1;0;1;0;0;1;1;0;1;-1;0,1370;420;1369;1368;418,0;1;2;3;4
830,0;0;-1;1;1;0;0;0;-1;0;1;0;0;0;0;-1;1;0;0;0;-1;0;0;0;0,419;421;1372;1373;1374,0;1;2;3;4
831,0;0;-1;0;0;0;0;0;-1;0;1;0;0;-1;-1;0;1;1;0;0;0;0;1;0;0,1318;422;419;1298;1317,0;1;2;3;4
832,0;0;0;0;1;0;0;0;1;0;0;0;0;0;-1;0;-1;0;0;1;-1;0;1;-1;0,420;1370;1371;1375;766,0;1;2;3;4
833,0;0;0;0;-1;0;0;0;1;0;0;0;0;0;1;0;-1;0;0;1;1;0;-1;-1;0,1371;1369;420;1376;1335,0;1;2;3;4
834,0;0;0;0;-1;0;0;0;-1;1;0;0;0;0;-1;0;1;0;0;-1;1;-1;1;1;0,1375;1377;1376;420;930,0;1;2;3;4
835,0;0;1;1;1;0;0;0;1;0;-1;0;0;0;0;-1;-1;0;0;0;-1;0;0;0;0,1275;1372;421;1378;1379,0;1;2;3;4
836,0;0;-1;-1;1;0;0;0;-1;0;1;0;0;0;0;1;1;0;0;0;-1;0;0;0;0,1380;1381;1378;421;1382,0;1;2;3;4
837,0;0;-1;1;-1;0;0;0;1;0;1;0;0;0;0;-1;-1;0;0;0;1;0;0;0;0,1383;1374;1379;1382;421,0;1;2;3;4
838,0;0;1;0;0;0;0;0;1;0;-1;0;0;-1;-1;0;-1;1;0;0;0;0;1;0;0,422;1318;1278;926;877,0;1;2;3;4
839,0;0;-1;0;0;0;0;0;1;0;1;0;0;-1;1;0;-1;1;0;0;0;0;-1;0;0,877;1317;1384;928;422,0;1;2;3;4
840,0;-1;0;-1;1;1;0;0;0;0;0;0;0;1;-1;1;0;-1;0;0;-1;0;1;0;0,537;424;423;1385;1386,0;1;2;3;4
841,0;-1;0;1;0;1;0;0;0;0;0;0;0;1;0;-1;0;-1;0;1;0;0;0;-1;0,498;425;1387;423;1388,0;1;2;3;4
842,0;1;-1;1;1;-1;0;0;0;0;1;0;0;-1;-1;-1;0;1;0;0;-1;0;1;0;0,1389;1385;922;424;1390,0;1;2;3;4
843,0;1;1;-1;-1;-1;0;0;0;0;-1;0;0;1;1;1;0;-1;0;0;1;0;-1;0;0,1391;1386;1337;1390;424,0;1;2;3;4
844,0;-1;0;-1;0;1;0;0;0;0;0;0;0;1;0;1;0;-1;0;1;0;0;0;-1;0,425;798;1392;431;1393,0;1;2;3;4
845,0;1;0;1;0;-1;0;0;0;0;0;0;0;-1;0;-1;0;1;0;1;0;0;0;-1;0,1392;1387;425;924;794,0;1;2;3;4
846,0;1;0;1;0;-1;0;0;0;0;0;0;0;1;0;-1;0;-1;0;-1;0;0;0;1;0,1393;1388;794;1341;425,0;1;2;3;4
847,0;0;0;1;0;0;0;-1;1;0;0;1;0;-1;0;-1;-1;1;0;-1;0;0;0;1;0,426;1394;910;1395;872,0;1;2;3;4
848,0;0;0;-1;0;0;0;1;-1;0;0;-1;0;0;0;1;1;0;0;-1;0;0;0;1;0,1394;426;1396;1397;1398,0;1;2;3;4
849,0;0;0;-1;0;0;0;-1;1;0;0;1;0;-1;0;1;-1;1;0;1;0;0;0;-1;0,872;1398;911;1399;426,0;1;2;3;4
850,0;1;0;0;-1;-1;0;0;-1;1;0;0;0;0;1;0;1;0;0;-1;1;-1;-1;1;0,427;612;1400;1401;438,0;1;2;3;4
851,0;-1;0;0;1;1;0;0;-1;0;0;0;0;0;-1;0;1;0;0;-1;-1;0;1;1;0,1400;1363;427;1402;1334,0;1;2;3;4
852,0;-1;0;0;1;1;0;0;1;-1;0;0;0;0;1;0;-1;0;0;1;-1;1;-1;-1;0,1401;1403;1402;427;905,0;1;2;3;4
853,0;1;-1;1;0;-1;0;1;0;0;1;-1;0;0;-1;-1;0;0;0;1;0;0;1;-1;0,429;1008;1404;1405;428,0;1;2;3;4
854,0;-1;-1;0;0;1;0;0;0;0;1;0;0;-1;1;0;0;1;0;0;0;0;-1;0;0,469;793;429;1406;1407,0;1;2;3;4
855,0;-1;0;1;0;1;0;0;0;0;0;0;0;-1;0;-1;0;1;0;-1;0;0;0;1;0,743;794;1388;429;1387,0;1;2;3;4
856,0;1;1;-1;0;-1;0;0;1;0;-1;0;0;0;1;1;-1;0;0;-1;0;0;-1;1;0,431;1109;1408;1380;430,0;1;2;3;4
857,0;-1;1;0;0;1;0;0;0;0;-1;0;0;1;-1;0;0;-1;0;0;0;0;1;0;0,776;797;431;1409;1410,0;1;2;3;4
858,0;-1;0;0;1;1;0;0;0;0;0;0;0;0;1;0;0;0;0;1;-1;0;-1;-1;0,495;432;763;762;861,0;1;2;3;4
859,0;1;0;0;1;-1;0;0;0;0;0;0;0;0;-1;0;0;0;0;1;-1;0;1;-1;0,433;763;432;628;867,0;1;2;3;4
860,0;1;0;0;1;-1;0;0;0;0;0;0;0;0;1;0;0;0;0;-1;-1;0;-1;1;0,434;762;628;432;937,0;1;2;3;4
861,0;-1;0;0;-1;1;0;0;0;0;0;0;0;0;-1;0;0;0;0;-1;1;0;1;1;0,628;489;434;433;858,0;1;2;3;4
862,0;0;-1;0;1;0;0;0;0;1;1;0;0;1;-1;0;0;-1;0;1;-1;-1;1;-1;0,435;438;939;691;1411,0;1;2;3;4
863,0;0;1;0;-1;0;0;0;0;1;-1;0;0;-1;1;0;0;1;0;-1;1;-1;-1;1;0,691;439;933;435;1402,0;1;2;3;4
864,0;-1;1;-1;1;1;0;0;0;-1;-1;0;0;1;0;1;0;-1;0;-1;-1;1;0;1;0,1412;715;437;1413;435,0;1;2;3;4
865,0;0;0;1;0;0;0;0;0;1;0;0;0;1;0;-1;0;-1;0;-1;0;-1;0;1;0,436;441;620;874;619,0;1;2;3;4
866,0;0;0;-1;0;0;0;0;0;1;0;0;0;-1;0;1;0;1;0;-1;0;-1;0;1;0,620;442;436;935;617,0;1;2;3;4
867,0;1;1;0;-1;-1;0;0;0;0;-1;0;0;-1;1;0;0;1;0;-1;1;0;-1;1;0,437;728;1414;1415;859,0;1;2;3;4
868,0;-1;-1;0;1;1;0;0;0;-1;1;0;0;1;-1;0;0;-1;0;1;-1;1;1;-1;0,1415;723;1416;437;1376,0;1;2;3;4
869,0;0;-1;0;1;0;0;0;0;-1;1;0;0;-1;0;0;0;1;0;-1;-1;1;0;1;0,439;691;484;438;594,0;1;2;3;4
870,0;0;0;0;1;0;0;-1;0;1;0;1;0;0;-1;0;0;0;0;1;-1;-1;1;-1;0,1417;608;1418;1419;439,0;1;2;3;4
871,0;0;-1;1;-1;0;0;0;-1;1;1;0;0;0;0;-1;1;0;0;0;1;-1;0;0;0,440;702;1420;1421;1391,0;1;2;3;4
872,0;0;0;1;0;0;0;-1;1;0;0;1;0;-1;0;-1;-1;1;0;1;0;0;0;-1;0,849;1422;946;440;847,0;1;2;3;4
873,0;0;0;1;0;0;0;0;0;1;0;0;0;1;0;-1;0;-1;0;1;0;-1;0;-1;0,443;716;692;934;441,0;1;2;3;4
874,0;0;0;-1;0;0;0;0;0;1;0;0;0;-1;0;1;0;1;0;1;0;-1;0;-1;0,692;717;443;865;442,0;1;2;3;4
875,0;0;-1;0;0;0;0;0;-1;1;1;0;0;1;-1;0;1;-1;0;0;0;-1;1;0;0,497;711;444;1423;1424,0;1;2;3;4
876,0;0;1;0;-1;0;0;0;1;0;-1;0;0;1;0;0;-1;-1;0;1;1;0;0;-1;0,445;777;1425;444;1383,0;1;2;3;4
877,0;0;1;0;0;0;0;0;1;0;-1;0;0;-1;1;0;-1;1;0;0;0;0;-1;0;0,839;778;445;943;838,0;1;2;3;4
878,0;0;1;0;0;0;0;0;0;-1;-1;0;0;1;1;0;0;-1;0;0;0;1;-1;0;0,675;730;446;674;541,0;1;2;3;4
879,0;0;0;-1;1;0;0;0;0;-1;0;0;0;1;-1;1;0;-1;0;0;-1;1;1;0;0,480;731;479;446;535,0;1;2;3;4
880,0;1;-1;1;-1;-1;0;1;0;0;1;-1;0;-1;0;-1;0;1;0;0;1;0;0;0;0,587;447;749;556;654,0;1;2;3;4
881,0;-1;1;-1;-1;1;0;-1;0;0;-1;1;0;1;0;1;0;-1;0;0;1;0;0;0;0,695;556;747;447;655,0;1;2;3;4
882,0;-1;0;0;1;1;0;-1;-1;0;0;1;0;0;0;0;1;0;0;-1;-1;0;0;1;0,606;758;448;613;1426,0;1;2;3;4
883,0;-1;0;0;1;1;0;1;1;-1;0;-1;0;0;0;0;-1;0;0;1;-1;1;0;-1;0,607;822;613;448;1427,0;1;2;3;4
884,0;-1;0;1;-1;1;0;1;-1;0;0;-1;0;0;0;-1;1;0;0;1;1;0;0;-1;0,1428;450;1426;1429;448,0;1;2;3;4
885,0;0;0;1;0;0;0;0;-1;0;0;0;0;0;1;-1;1;0;0;-1;0;0;-1;1;0,1097;1095;1430;1431;449,0;1;2;3;4
886,0;-1;0;0;1;1;0;-1;1;-1;0;1;0;-1;0;0;-1;1;0;1;-1;1;0;-1;0,450;1432;454;1433;1434,0;1;2;3;4
887,0;1;0;0;-1;-1;0;0;-1;1;0;0;0;1;0;0;1;-1;0;-1;1;-1;0;1;0,1433;1435;815;450;1436,0;1;2;3;4
888,0;1;1;-1;0;-1;0;0;0;0;-1;0;0;0;0;1;0;0;0;1;0;0;0;-1;0,582;451;1293;1304;1437,0;1;2;3;4
889,0;-1;-1;-1;0;1;0;0;0;0;1;0;0;0;0;1;0;0;0;1;0;0;0;-1;0,1178;1293;451;1305;1438,0;1;2;3;4
890,0;-1;1;-1;0;1;0;0;0;0;-1;0;0;0;0;1;0;0;0;-1;0;0;0;1;0,453;1437;1438;1326;451,0;1;2;3;4
891,0;0;1;0;0;0;0;-1;0;0;-1;1;0;1;0;0;0;-1;0;-1;0;0;0;1;0,1107;1105;453;1251;452,0;1;2;3;4
892,0;1;0;0;0;-1;0;-1;0;1;0;1;0;1;-1;0;0;-1;0;1;0;-1;1;-1;0,585;454;1439;1440;1066,0;1;2;3;4
893,0;-1;0;0;1;1;0;1;0;-1;0;-1;0;-1;1;0;0;1;0;-1;-1;1;-1;1;0,455;1440;1441;454;1442,0;1;2;3;4
894,0;0;0;0;-1;0;0;1;-1;1;0;-1;0;1;0;0;1;-1;0;-1;1;-1;0;1;0,673;979;1434;1323;454,0;1;2;3;4
895,0;1;0;0;-1;-1;0;-1;0;1;0;1;0;1;-1;0;0;-1;0;0;1;-1;1;0;0,1441;1443;455;811;1444,0;1;2;3;4
896,0;1;-1;0;1;-1;0;1;0;0;1;-1;0;0;-1;0;0;0;0;1;-1;0;1;-1;0,667;472;1445;1446;455,0;1;2;3;4
897,0;0;0;0;1;0;0;-1;0;0;0;1;0;0;-1;0;0;0;0;1;-1;0;1;-1;0,745;457;1447;1448;456,0;1;2;3;4
898,0;0;0;0;-1;0;0;1;0;0;0;-1;0;0;-1;0;0;0;0;1;1;0;1;-1;0,457;745;1449;1450;483,0;1;2;3;4
899,0;0;0;0;1;0;0;-1;0;0;0;1;0;0;1;0;0;0;0;1;-1;0;-1;-1;0,1449;1418;457;1451;1286,0;1;2;3;4
900,0;0;0;0;1;0;0;1;0;0;0;-1;0;0;-1;0;0;0;0;-1;-1;0;1;1;0,1450;1448;1451;457;970,0;1;2;3;4
901,0;0;0;0;-1;0;0;-1;0;0;0;1;0;0;1;0;0;0;0;-1;1;0;-1;1;0,1451;460;1450;1449;458,0;1;2;3;4
902,0;0;1;-1;1;0;0;-1;0;0;-1;1;0;0;0;1;0;0;0;0;-1;0;0;0;0,459;461;1452;1453;1454,0;1;2;3;4
903,0;0;0;-1;0;0;0;-1;0;0;0;1;0;1;0;1;0;-1;0;-1;0;0;0;1;0,1284;462;1332;459;1283,0;1;2;3;4
904,0;0;0;0;1;0;0;1;0;0;0;-1;0;0;1;0;0;0;0;-1;-1;0;-1;1;0,460;1451;1419;1418;790,0;1;2;3;4
905,0;0;0;0;-1;0;0;-1;0;1;0;1;0;0;-1;0;0;0;0;-1;1;-1;1;1;0,1419;1455;460;1417;852,0;1;2;3;4
906,0;0;0;0;-1;0;0;1;0;0;0;-1;0;0;1;0;0;0;0;1;1;0;-1;-1;0,1418;1449;1417;460;1339,0;1;2;3;4
907,0;0;-1;-1;1;0;0;-1;0;0;1;1;0;0;0;1;0;0;0;0;-1;0;0;0;0,1404;1456;461;1457;1458,0;1;2;3;4
908,0;0;1;1;1;0;0;1;0;0;-1;-1;0;0;0;-1;0;0;0;0;-1;0;0;0;0,1310;1453;1457;461;1459,0;1;2;3;4
909,0;0;1;-1;-1;0;0;1;0;0;-1;-1;0;0;0;1;0;0;0;0;1;0;0;0;0,1460;1454;1458;1459;461,0;1;2;3;4
910,0;0;0;1;0;0;0;1;0;0;0;-1;0;1;0;-1;0;-1;0;-1;0;0;0;1;0,462;1284;847;1312;946,0;1;2;3;4
911,0;0;0;-1;0;0;0;1;0;0;0;-1;0;1;0;1;0;-1;0;1;0;0;0;-1;0,946;1283;849;1461;462,0;1;2;3;4
912,0;-1;0;0;0;1;0;-1;-1;0;0;1;0;0;0;0;1;0;0;1;0;0;0;-1;0,596;771;463;720;704,0;1;2;3;4
913,0;-1;0;0;0;1;0;1;1;0;0;-1;0;0;0;0;-1;0;0;-1;0;0;0;1;0,597;1040;720;463;550,0;1;2;3;4
914,0;-1;0;0;0;1;0;1;-1;0;0;-1;0;0;0;0;1;0;0;-1;0;0;0;1;0,598;465;704;703;463,0;1;2;3;4
915,0;-1;1;-1;0;1;0;-1;0;0;-1;1;0;1;0;1;0;-1;0;1;0;0;0;-1;0,1268;464;1108;527;725,0;1;2;3;4
916,0;-1;0;0;0;1;0;-1;1;0;0;1;0;0;0;0;-1;0;0;1;0;0;0;-1;0,466;722;550;549;720,0;1;2;3;4
917,0;1;0;0;0;-1;0;1;1;0;0;-1;0;0;0;0;-1;0;0;1;0;0;0;-1;0,550;759;466;548;597,0;1;2;3;4
918,0;1;0;0;0;-1;0;-1;-1;1;0;1;0;0;0;0;1;0;0;-1;0;-1;0;1;0,549;806;548;466;1462,0;1;2;3;4
919,0;1;0;0;0;-1;0;-1;1;0;0;1;0;0;0;0;-1;0;0;-1;0;0;0;1;0,720;467;597;596;466,0;1;2;3;4
920,0;-1;1;0;0;1;0;0;0;0;-1;0;0;-1;1;0;0;1;0;0;0;0;-1;0;0,502;469;468;1410;1409,0;1;2;3;4
921,0;-1;-1;0;1;1;0;0;0;0;1;0;0;-1;0;0;0;1;0;-1;-1;0;0;1;0,603;470;1463;468;1464,0;1;2;3;4
922,0;1;1;0;0;-1;0;0;0;0;-1;0;0;1;1;0;0;-1;0;0;0;0;-1;0;0,1406;1410;842;469;797,0;1;2;3;4
923,0;1;1;0;0;-1;0;0;0;0;-1;0;0;-1;-1;0;0;1;0;0;0;0;1;0;0,1407;1409;1336;797;469,0;1;2;3;4
924,0;1;1;-1;1;-1;0;0;0;0;-1;0;0;1;0;1;0;-1;0;-1;-1;0;0;1;0,1465;1463;470;845;1415,0;1;2;3;4
925,0;1;-1;1;-1;-1;0;0;0;0;1;0;0;-1;0;-1;0;1;0;1;1;0;0;-1;0,1466;1464;1415;1342;470,0;1;2;3;4
926,0;0;1;0;0;0;0;1;-1;0;-1;-1;0;1;-1;0;1;-1;0;0;0;0;1;0;0,471;1467;1468;838;943,0;1;2;3;4
927,0;0;-1;0;0;0;0;-1;1;0;1;1;0;0;-1;0;-1;0;0;0;0;0;1;0;0,1467;471;1469;1470;1471,0;1;2;3;4
928,0;0;-1;0;0;0;0;1;-1;0;1;-1;0;1;1;0;1;-1;0;0;0;0;-1;0;0,943;1471;1472;839;471,0;1;2;3;4
929,0;1;0;0;-1;-1;0;-1;0;1;0;1;0;0;-1;0;0;0;0;1;1;-1;1;-1;0,472;551;1473;1474;479,0;1;2;3;4
930,0;-1;0;0;1;1;0;1;0;-1;0;-1;0;0;1;0;0;0;0;1;-1;1;-1;-1;0,1473;1475;472;1476;834,0;1;2;3;4
931,0;-1;0;0;1;1;0;-1;0;0;0;1;0;0;-1;0;0;0;0;-1;-1;0;1;1;0,1474;1446;1476;472;1340,0;1;2;3;4
932,0;0;1;0;0;0;0;0;0;1;-1;0;0;-1;-1;0;0;1;0;0;0;-1;1;0;0,473;476;940;543;542,0;1;2;3;4
933,0;0;-1;0;0;0;0;0;0;1;1;0;0;1;-1;0;0;-1;0;0;0;-1;1;0;0,543;477;863;473;540,0;1;2;3;4
934,0;0;0;-1;1;0;0;0;0;1;0;0;0;-1;1;1;0;1;0;-1;-1;-1;-1;1;0,474;479;731;873;1477,0;1;2;3;4
935,0;0;0;1;-1;0;0;0;0;1;0;0;0;1;-1;-1;0;-1;0;1;1;-1;1;-1;0,731;480;474;866;1476,0;1;2;3;4
936,0;-1;-1;1;1;1;0;0;0;-1;1;0;0;-1;-1;-1;0;1;0;0;-1;1;1;0;0,1478;678;1479;475;474,0;1;2;3;4
937,0;1;0;1;-1;-1;0;0;0;0;0;0;0;1;-1;-1;0;-1;0;1;1;0;1;-1;0,475;689;1390;1480;860,0;1;2;3;4
938,0;-1;0;-1;1;1;0;0;0;-1;0;0;0;-1;1;1;0;1;0;-1;-1;1;-1;1;0,1390;684;475;1481;1417,0;1;2;3;4
939,0;0;1;0;0;0;0;0;0;1;-1;0;0;-1;1;0;0;1;0;0;0;-1;-1;0;0,478;674;862;730;476,0;1;2;3;4
940,0;0;-1;0;0;0;0;0;0;1;1;0;0;1;1;0;0;-1;0;0;0;-1;-1;0;0,730;675;932;478;477,0;1;2;3;4
941,0;0;0;0;1;0;0;0;-1;1;0;0;0;0;1;0;1;0;0;-1;-1;-1;-1;1;0,1376;546;1375;1371;480,0;1;2;3;4
942,0;0;1;-1;-1;0;0;-1;0;1;-1;1;0;0;0;1;0;0;0;0;1;-1;0;0;0,481;671;1482;1483;1466,0;1;2;3;4
943,0;0;1;0;0;0;0;1;-1;0;-1;-1;0;1;1;0;1;-1;0;0;0;0;-1;0;0,928;1484;481;877;926,0;1;2;3;4
944,0;0;0;1;-1;0;0;1;0;0;0;-1;0;-1;1;-1;0;1;0;0;1;0;-1;0;0,483;742;482;1485;1460,0;1;2;3;4
945,0;0;0;-1;0;0;0;-1;0;1;0;1;0;-1;0;1;0;1;0;-1;0;-1;0;1;0,503;672;1486;482;1487,0;1;2;3;4
946,0;0;0;1;0;0;0;1;0;0;0;-1;0;1;0;-1;0;-1;0;1;0;0;0;-1;0,911;744;872;483;910,0;1;2;3;4
947,0;0;0;1;0;0;0;0;0;-1;0;0;0;-1;0;-1;0;1;0;1;0;1;0;-1;0,717;692;716;484;618,0;1;2;3;4
948,0;0;1;-1;0;0;0;1;0;-1;-1;-1;0;0;1;1;0;0;0;-1;0;1;-1;1;0,486;646;1488;1489;485,0;1;2;3;4
949,0;-1;1;0;0;1;0;-1;0;0;-1;1;0;1;-1;0;0;-1;0;0;0;0;1;0;0,1414;1490;486;1491;1492,0;1;2;3;4
950,0;0;0;-1;0;0;0;1;0;-1;0;-1;0;1;0;1;0;-1;0;1;0;1;0;-1;0,1493;653;1487;486;1486,0;1;2;3;4
951,0;0;-1;1;0;0;0;0;1;-1;1;0;0;0;-1;-1;-1;0;0;1;0;1;1;-1;0,488;636;1494;1495;487,0;1;2;3;4
952,0;0;-1;0;0;0;0;0;1;-1;1;0;0;-1;1;0;-1;1;0;0;0;1;-1;0;0,1496;643;488;1424;1423,0;1;2;3;4
953,0;-1;0;1;0;1;0;0;-1;0;0;0;0;-1;0;-1;1;1;0;-1;0;0;0;1;0,1480;1497;1498;488;1499,0;1;2;3;4
954,0;-1;0;0;0;1;0;0;0;1;0;0;0;0;-1;0;0;0;0;-1;0;-1;1;1;0,490;1343;1500;1501;568,0;1;2;3;4
955,0;1;0;0;0;-1;0;0;0;1;0;0;0;0;1;0;0;0;0;-1;0;-1;-1;1;0,1500;491;490;799;1198,0;1;2;3;4
956,0;1;0;0;0;-1;0;0;0;1;0;0;0;0;-1;0;0;0;0;1;0;-1;1;-1;0,1501;492;799;490;1247,0;1;2;3;4
957,0;0;1;-1;0;0;0;0;1;-1;-1;0;0;0;1;1;-1;0;0;0;0;1;-1;0;0,496;494;1502;1503;577,0;1;2;3;4
958,0;0;-1;-1;1;0;0;0;-1;1;1;0;0;0;-1;1;1;0;0;-1;-1;-1;1;1;0,1420;1502;494;1504;1285,0;1;2;3;4
959,0;0;1;1;-1;0;0;0;1;0;-1;0;0;0;1;-1;-1;0;0;1;1;0;-1;-1;0,1381;1380;1504;494;827,0;1;2;3;4
960,0;1;0;0;-1;-1;0;0;0;1;0;0;0;0;-1;0;0;0;0;1;1;-1;1;-1;0,763;572;495;761;1057,0;1;2;3;4
961,0;1;0;0;-1;-1;0;0;0;1;0;0;0;0;1;0;0;0;0;-1;1;-1;-1;1;0,762;573;761;495;1136,0;1;2;3;4
962,0;0;1;0;0;0;0;0;1;-1;-1;0;0;1;-1;0;-1;-1;0;1;0;1;1;-1;0,711;497;496;1505;1506,0;1;2;3;4
963,0;0;0;-1;0;0;0;1;-1;-1;0;-1;0;1;1;1;1;-1;0;0;0;1;-1;0;0,518;1507;1508;496;515,0;1;2;3;4
964,0;0;1;0;0;0;0;-1;1;1;-1;1;0;-1;-1;0;-1;1;0;0;0;-1;1;0;0,1423;1509;975;497;1496,0;1;2;3;4
965,0;0;1;0;0;0;0;1;-1;-1;-1;-1;0;1;1;0;1;-1;0;0;0;1;-1;0;0,1424;1510;1281;1496;497,0;1;2;3;4
966,0;-1;0;0;0;1;0;0;-1;0;0;0;0;1;0;0;1;-1;0;1;0;0;0;-1;0,1511;498;1512;571;1513,0;1;2;3;4
967,0;1;0;-1;0;-1;0;0;1;0;0;0;0;-1;0;1;-1;1;0;1;0;0;0;-1;0,1387;1512;498;977;743,0;1;2;3;4
968,0;1;0;-1;0;-1;0;0;1;0;0;0;0;1;0;1;-1;-1;0;-1;0;0;0;1;0,1388;1513;743;1315;498,0;1;2;3;4
969,0;0;-1;1;0;0;0;1;0;-1;1;-1;0;0;0;-1;0;0;0;1;0;1;0;-1;0,501;500;1514;1515;574,0;1;2;3;4
970,0;0;1;1;-1;0;0;1;0;0;-1;-1;0;0;1;-1;0;0;0;1;1;0;-1;-1;0,1456;1404;500;1516;900,0;1;2;3;4
971,0;0;-1;-1;1;0;0;-1;0;1;1;1;0;0;-1;1;0;0;0;-1;-1;-1;1;1;0,1483;1515;1516;500;1320,0;1;2;3;4
972,0;0;-1;0;0;0;0;-1;1;-1;1;1;0;-1;0;0;-1;1;0;1;0;1;0;-1;0,581;1517;501;1518;575,0;1;2;3;4
973,0;0;0;1;0;0;0;1;0;-1;0;-1;0;-1;1;-1;0;1;0;-1;0;1;-1;1;0,672;503;1519;501;1520,0;1;2;3;4
974,0;-1;0;0;0;1;0;-1;0;0;0;1;0;-1;1;0;0;1;0;0;0;0;-1;0;0,1521;502;569;1522;1523,0;1;2;3;4
975,0;1;-1;0;0;-1;0;1;0;0;1;-1;0;1;1;0;0;-1;0;0;0;0;-1;0;0,1410;1522;964;502;776,0;1;2;3;4
976,0;1;-1;0;0;-1;0;1;0;0;1;-1;0;-1;-1;0;0;1;0;0;0;0;1;0;0,1409;1523;1280;776;502,0;1;2;3;4
977,0;0;0;1;0;0;0;1;-1;1;0;-1;0;1;0;-1;1;-1;0;-1;0;-1;0;1;0,1486;1524;503;967;1493,0;1;2;3;4
978,0;0;0;1;0;0;0;-1;1;-1;0;1;0;-1;0;-1;-1;1;0;1;0;1;0;-1;0,1487;1525;1493;1316;503,0;1;2;3;4
979,0;0;0;0;-1;0;0;-1;1;-1;0;1;0;0;0;0;-1;0;0;0;1;1;0;0;0,507;894;504;633;631,0;1;2;3;4
980,0;0;0;0;-1;0;0;1;-1;-1;0;-1;0;0;0;0;1;0;0;0;1;1;0;0;0,508;814;633;504;629,0;1;2;3;4
981,0;0;0;0;-1;0;0;-1;1;0;0;1;0;-1;1;0;-1;1;0;-1;1;0;-1;1;0,509;505;1526;652;1294,0;1;2;3;4
982,0;0;0;0;-1;0;0;1;-1;0;0;-1;0;1;-1;0;1;-1;0;1;1;0;1;-1;0,511;506;640;1527;1328,0;1;2;3;4
983,0;0;0;0;1;0;0;1;0;0;0;-1;0;1;-1;0;0;-1;0;0;-1;0;1;0;0,1526;1322;509;1321;578,0;1;2;3;4
984,0;0;0;0;1;0;0;0;-1;0;0;0;0;1;0;0;1;-1;0;1;-1;0;0;-1;0,652;1528;1529;509;1141,0;1;2;3;4
985,0;0;0;0;1;0;0;-1;0;0;0;1;0;-1;1;0;0;1;0;0;-1;0;-1;0;0,640;1530;511;1531;1143,0;1;2;3;4
986,0;0;0;0;1;0;0;0;1;0;0;0;0;-1;0;0;-1;1;0;-1;-1;0;0;1;0,1527;1289;1288;511;576,0;1;2;3;4
987,0;-1;0;1;0;1;0;-1;0;0;0;1;0;-1;1;-1;0;1;0;0;0;0;-1;0;0,683;513;1062;512;679,0;1;2;3;4
988,0;-1;1;-1;0;1;0;-1;0;0;-1;1;0;1;-1;1;0;-1;0;0;0;0;1;0;0,1344;514;1073;679;512,0;1;2;3;4
989,0;-1;1;-1;0;1;0;0;0;0;-1;0;0;0;1;1;0;0;0;0;0;0;-1;0;0,513;1299;697;696;1266,0;1;2;3;4
990,0;1;-1;1;0;-1;0;1;0;0;1;-1;0;-1;-1;-1;0;1;0;0;0;0;1;0;0,1266;679;781;514;513,0;1;2;3;4
991,0;0;0;-1;0;0;0;0;1;-1;0;0;0;1;-1;1;-1;-1;0;1;0;1;1;-1;0,516;515;641;1080;1532,0;1;2;3;4
992,0;0;0;-1;0;0;0;0;-1;1;0;0;0;-1;1;1;1;1;0;-1;0;-1;-1;1;0,517;641;515;752;1533,0;1;2;3;4
993,0;0;0;1;0;0;0;0;0;1;0;0;0;0;1;-1;0;0;0;-1;0;-1;-1;1;0,1532;1534;1535;1536;516,0;1;2;3;4
994,0;0;0;1;0;0;0;0;0;-1;0;0;0;0;-1;-1;0;0;0;1;0;1;1;-1;0,1533;1520;1537;1538;517,0;1;2;3;4
995,0;0;0;1;0;0;0;-1;1;1;0;1;0;0;0;-1;-1;0;0;0;0;-1;0;0;0,1507;518;1539;1540;1524,0;1;2;3;4
996,0;0;0;1;0;0;0;-1;0;0;0;1;0;-1;-1;-1;0;1;0;0;0;0;1;0;0,1508;1541;518;1085;1542,0;1;2;3;4
997,0;-1;0;0;0;1;0;0;-1;1;0;0;0;1;-1;0;1;-1;0;0;0;-1;1;0;0,1357;520;519;1543;1544,0;1;2;3;4
998,0;-1;0;0;0;1;0;0;1;0;0;0;0;1;0;0;-1;-1;0;1;0;0;0;-1;0,1358;1511;1545;519;1546,0;1;2;3;4
999,0;0;-1;1;0;0;0;0;-1;0;1;0;0;-1;0;-1;1;1;0;-1;0;0;0;1;0,1547;1548;1078;520;1549,0;1;2;3;4
1000,0;1;0;-1;0;-1;0;0;0;1;0;0;0;0;1;1;0;0;0;-1;0;-1;-1;1;0,539;1550;1551;1552;520,0;1;2;3;4
1001,0;1;0;0;0;-1;0;-1;-1;0;0;1;0;0;-1;0;1;0;0;0;0;0;1;0;0,656;817;609;523;522,0;1;2;3;4
1002,0;1;0;0;0;-1;0;1;1;-1;0;-1;0;0;1;0;-1;0;0;0;0;1;-1;0;0,657;1072;523;609;1553,0;1;2;3;4
1003,0;0;1;-1;0;0;0;1;-1;0;-1;-1;0;1;1;1;1;-1;0;0;0;0;-1;0;0,1267;1325;706;524;1019,0;1;2;3;4
1004,0;0;0;1;0;0;0;0;1;0;0;0;0;-1;-1;-1;-1;1;0;0;0;0;1;0;0,526;805;1005;1019;524,0;1;2;3;4
1005,0;0;0;1;0;0;0;0;1;0;0;0;0;1;1;-1;-1;-1;0;0;0;0;-1;0;0,1007;1202;1004;525;1201,0;1;2;3;4
1006,0;0;0;-1;0;0;0;0;-1;0;0;0;0;-1;-1;1;1;1;0;0;0;0;1;0;0,805;526;1554;1201;525,0;1;2;3;4
1007,0;0;0;-1;0;0;0;0;1;0;0;0;0;1;1;1;-1;-1;0;0;0;0;-1;0;0,1005;1554;526;820;1205,0;1;2;3;4
1008,0;-1;0;1;0;1;0;-1;0;0;0;1;0;0;-1;-1;0;0;0;1;0;0;1;-1;0,1067;853;1555;1556;527,0;1;2;3;4
1009,0;-1;1;1;0;1;0;0;0;-1;-1;0;0;0;1;-1;0;0;0;0;0;1;-1;0;0,635;529;528;676;1557,0;1;2;3;4
1010,0;-1;-1;-1;1;1;0;0;0;-1;1;0;0;0;-1;1;0;0;0;0;-1;1;1;0;0,1047;530;676;528;1558,0;1;2;3;4
1011,0;0;0;1;-1;0;0;0;0;1;0;0;0;0;1;-1;0;0;0;0;1;-1;-1;0;0,1559;1560;1561;1558;528,0;1;2;3;4
1012,0;1;1;-1;-1;-1;0;0;0;1;-1;0;0;0;1;1;0;0;0;0;1;-1;-1;0;0,694;676;530;529;1562,0;1;2;3;4
1013,0;0;0;1;1;0;0;0;0;-1;0;0;0;0;-1;-1;0;0;0;0;-1;1;1;0;0,1563;1564;1565;1562;529,0;1;2;3;4
1014,0;-1;1;1;0;1;0;-1;-1;1;-1;1;0;0;-1;-1;1;0;0;0;0;-1;1;0;0,530;1039;1267;577;1503,0;1;2;3;4
1015,0;1;-1;-1;0;-1;0;1;0;-1;1;-1;0;0;1;1;0;0;0;0;0;1;-1;0;0,1503;1566;1567;531;530,0;1;2;3;4
1016,0;-1;0;1;0;1;0;-1;0;1;0;1;0;0;0;-1;0;0;0;0;0;-1;0;0;0,1352;531;1568;1566;1569,0;1;2;3;4
1017,0;0;1;1;0;0;0;-1;0;0;-1;1;0;0;-1;-1;0;0;0;0;0;0;1;0;0,1187;1570;531;1567;1571,0;1;2;3;4
1018,0;0;1;0;0;0;0;1;0;0;-1;-1;0;0;-1;0;0;0;0;1;0;0;1;-1;0,534;809;1572;1573;532,0;1;2;3;4
1019,0;0;1;-1;0;0;0;1;-1;0;-1;-1;0;1;-1;1;1;-1;0;0;0;0;1;0;0,734;1145;533;1004;1003,0;1;2;3;4
1020,0;0;-1;0;0;0;0;-1;0;0;1;1;0;0;-1;0;0;0;0;1;0;0;1;-1;0,809;534;1574;1575;533,0;1;2;3;4
1021,0;-1;1;0;-1;1;0;-1;0;0;-1;1;0;0;1;0;0;0;0;1;1;0;-1;-1;0,1576;1473;534;1577;1556,0;1;2;3;4
1022,0;0;-1;0;0;0;0;1;0;0;1;-1;0;0;-1;0;0;0;0;-1;0;0;1;1;0,1573;1575;1577;534;1114,0;1;2;3;4
1023,0;-1;-1;1;1;1;0;0;-1;0;1;0;0;0;0;-1;1;0;0;0;-1;0;0;0;0,535;1348;1578;1381;1465,0;1;2;3;4
1024,0;1;-1;0;0;-1;0;0;0;1;1;0;0;-1;-1;0;0;1;0;0;0;-1;1;0;0,1472;536;535;1110;1579,0;1;2;3;4
1025,0;1;1;0;-1;-1;0;0;0;0;-1;0;0;-1;0;0;0;1;0;0;1;0;0;0;0,536;1580;1185;1112;1581,0;1;2;3;4
1026,0;0;0;0;-1;0;0;0;0;1;0;0;0;-1;1;0;0;1;0;0;1;-1;-1;0;0,1582;1231;1583;1113;536,0;1;2;3;4
1027,0;1;0;-1;0;-1;0;0;0;1;0;0;0;-1;0;1;0;1;0;-1;0;-1;0;1;0,1584;538;1101;537;1585,0;1;2;3;4
1028,0;0;0;0;1;0;0;1;0;-1;0;-1;0;0;1;0;0;0;0;-1;-1;1;-1;1;0,1411;1586;1448;1447;537,0;1;2;3;4
1029,0;1;0;1;-1;-1;0;0;0;0;0;0;0;-1;0;-1;0;1;0;0;1;0;0;0;0,538;1587;1102;1588;1589,0;1;2;3;4
1030,0;0;0;0;-1;0;0;0;0;1;0;0;0;-1;0;0;0;1;0;1;1;-1;0;-1;0,1590;1220;1103;1591;538,0;1;2;3;4
1031,0;1;0;0;0;-1;0;0;1;-1;0;0;0;0;1;0;-1;0;0;0;0;1;-1;0;0,612;539;1592;1365;559,0;1;2;3;4
1032,0;-1;0;1;0;1;0;0;-1;1;0;0;0;0;-1;-1;1;0;0;-1;0;-1;1;1;0,1551;1592;539;1593;1555,0;1;2;3;4
1033,0;0;0;-1;0;0;0;0;1;0;0;0;0;0;1;1;-1;0;0;1;0;0;-1;-1;0,1594;1595;1593;539;1098,0;1;2;3;4
1034,0;1;0;0;-1;-1;0;1;-1;0;0;-1;0;0;1;0;1;0;0;0;1;0;-1;0;0,552;686;545;544;1596,0;1;2;3;4
1035,0;1;-1;0;1;-1;0;1;1;0;1;-1;0;0;-1;0;-1;0;0;0;-1;0;1;0;0,1597;737;1484;1596;544,0;1;2;3;4
1036,0;0;0;0;1;0;0;0;-1;-1;0;0;0;0;1;0;1;0;0;0;-1;1;-1;0;0,1598;1599;1600;546;545,0;1;2;3;4
1037,0;0;0;0;-1;0;0;0;1;-1;0;0;0;0;1;0;-1;0;0;0;1;1;-1;0;0,546;1376;1377;1598;710,0;1;2;3;4
1038,0;0;0;0;1;0;0;0;1;-1;0;0;0;0;-1;0;-1;0;0;0;-1;1;1;0;0,1377;1375;546;1600;1601,0;1;2;3;4
1039,0;1;0;0;0;-1;0;1;1;-1;0;-1;0;0;0;0;-1;0;0;1;0;1;0;-1;0,703;1014;547;598;1602,0;1;2;3;4
1040,0;1;0;0;0;-1;0;-1;-1;0;0;1;0;0;0;0;1;0;0;-1;0;0;0;1;0,704;913;598;547;596,0;1;2;3;4
1041,0;1;0;0;0;-1;0;-1;0;1;0;1;0;0;0;0;0;0;0;-1;0;-1;0;1;0,705;1476;1602;1475;547,0;1;2;3;4
1042,0;1;0;0;0;-1;0;1;0;-1;0;-1;0;0;0;0;0;0;0;1;0;1;0;-1;0,551;605;1462;1603;548,0;1;2;3;4
1043,0;-1;0;0;0;1;0;-1;0;-1;0;1;0;0;0;0;0;0;0;1;0;1;0;-1;0,1462;1604;551;1605;549,0;1;2;3;4
1044,0;-1;0;0;0;1;0;1;0;-1;0;-1;0;0;0;0;0;0;0;-1;0;1;0;1;0,1603;1474;1605;551;1606,0;1;2;3;4
1045,0;0;0;0;-1;0;0;0;-1;1;0;0;0;0;-1;0;1;0;0;0;1;-1;1;0;0,1607;1477;1608;1346;552,0;1;2;3;4
1046,0;-1;-1;1;-1;1;0;0;0;0;1;0;0;0;0;-1;0;0;0;1;1;0;0;-1;0,693;553;1326;1438;1609,0;1;2;3;4
1047,0;1;1;1;-1;-1;0;0;0;0;-1;0;0;0;0;-1;0;0;0;1;1;0;0;-1;0,1010;1326;553;1437;1610,0;1;2;3;4
1048,0;1;-1;-1;0;-1;0;0;0;0;1;0;0;0;0;1;0;0;0;-1;0;0;0;1;0,645;1438;1437;553;1293,0;1;2;3;4
1049,0;1;-1;0;1;-1;0;0;0;0;1;0;0;0;0;0;0;0;0;-1;-1;0;0;1;0,1577;1609;1610;1576;553,0;1;2;3;4
1050,0;1;-1;0;-1;-1;0;1;0;1;1;-1;0;-1;0;0;0;1;0;0;1;-1;0;0;0,1611;1612;555;1133;554,0;1;2;3;4
1051,0;0;-1;1;1;0;0;-1;0;1;1;1;0;0;-1;-1;0;0;0;0;-1;-1;1;0;0,555;1613;1614;1615;1560,0;1;2;3;4
1052,0;0;1;-1;-1;0;0;1;0;-1;-1;-1;0;1;1;1;0;-1;0;0;1;1;-1;0;0,1613;555;1616;563;731,0;1;2;3;4
1053,0;1;0;-1;1;-1;0;1;0;0;0;-1;0;1;0;1;0;-1;0;0;-1;0;0;0;0,724;655;558;654;556,0;1;2;3;4
1054,0;1;0;-1;-1;-1;0;0;1;1;0;0;0;-1;0;1;-1;1;0;0;1;-1;0;0;0,1617;1618;1129;561;560,0;1;2;3;4
1055,0;0;0;-1;1;0;0;1;-1;1;0;-1;0;1;0;1;1;-1;0;-1;-1;-1;0;1;0,561;1619;562;1620;1140,0;1;2;3;4
1056,0;0;0;1;-1;0;0;-1;1;-1;0;1;0;0;0;-1;-1;0;0;1;1;1;0;-1;0,1619;561;1397;1396;1586,0;1;2;3;4
1057,0;0;0;-1;1;0;0;1;0;-1;0;-1;0;-1;1;1;0;1;0;-1;-1;1;-1;1;0,563;562;1621;1493;960,0;1;2;3;4
1058,0;0;0;1;0;0;0;-1;0;1;0;1;0;1;-1;-1;0;-1;0;1;0;-1;1;-1;0,653;1493;1622;562;1534,0;1;2;3;4
1059,0;0;0;1;-1;0;0;-1;0;0;0;1;0;1;-1;-1;0;-1;0;1;1;0;1;-1;0,1621;790;563;1623;1451,0;1;2;3;4
1060,0;-1;1;0;0;1;0;-1;1;0;-1;1;0;-1;1;0;-1;1;0;-1;0;0;-1;1;0,791;564;751;1079;1624,0;1;2;3;4
1061,0;1;0;0;0;-1;0;1;-1;0;0;-1;0;1;-1;0;1;-1;0;1;0;0;1;-1;0,569;1624;1521;1497;564,0;1;2;3;4
1062,0;-1;0;1;0;1;0;1;-1;0;0;-1;0;1;-1;-1;1;-1;0;1;0;0;1;-1;0,795;565;987;785;1625,0;1;2;3;4
1063,0;1;0;0;0;-1;0;-1;1;0;0;1;0;-1;1;0;-1;1;0;-1;0;0;-1;1;0,571;1625;1490;1511;565,0;1;2;3;4
1064,0;-1;0;0;0;1;0;0;0;1;0;0;0;0;1;0;0;0;0;1;0;-1;-1;-1;0,799;566;1501;1500;1071,0;1;2;3;4
1065,0;1;0;0;0;-1;0;0;0;-1;0;0;0;0;-1;0;0;0;0;1;0;1;1;-1;0,572;1501;566;1343;812,0;1;2;3;4
1066,0;1;0;0;0;-1;0;0;0;-1;0;0;0;0;1;0;0;0;0;-1;0;1;-1;1;0,573;1500;1343;566;892,0;1;2;3;4
1067,0;1;0;-1;0;-1;0;-1;1;0;0;1;0;0;-1;1;-1;0;0;1;0;0;1;-1;0,1008;569;1626;1627;567,0;1;2;3;4
1068,0;-1;0;0;0;1;0;0;1;0;0;0;0;-1;0;0;-1;1;0;-1;0;0;0;1;0,1497;1628;1546;569;1545,0;1;2;3;4
1069,0;1;-1;0;0;-1;0;1;-1;0;1;-1;0;0;1;0;1;0;0;-1;0;0;-1;1;0,1109;571;1629;1630;570,0;1;2;3;4
1070,0;-1;0;0;0;1;0;1;0;0;0;-1;0;1;-1;0;0;-1;0;0;0;0;1;0;0,1490;1631;571;1632;1633,0;1;2;3;4
1071,0;-1;0;0;0;1;0;0;0;-1;0;0;0;0;-1;0;0;0;0;-1;0;1;1;1;0,1343;761;573;572;1064,0;1;2;3;4
1072,0;-1;1;1;0;1;0;-1;-1;1;-1;1;0;0;0;-1;1;0;0;-1;0;-1;0;1;0,588;1002;574;1301;1514,0;1;2;3;4
1073,0;0;-1;0;0;0;0;1;0;-1;1;-1;0;-1;1;0;0;1;0;-1;0;1;-1;1;0,579;575;988;648;1634,0;1;2;3;4
1074,0;0;-1;0;0;0;0;-1;0;1;1;1;0;1;-1;0;0;-1;0;1;0;-1;1;-1;0,580;648;780;575;1635,0;1;2;3;4
1075,0;0;1;0;0;0;0;0;0;1;-1;0;0;0;-1;0;0;0;0;1;0;-1;1;-1;0,1634;1636;1637;1638;579,0;1;2;3;4
1076,0;0;1;0;0;0;0;0;0;-1;-1;0;0;0;1;0;0;0;0;-1;0;1;-1;1;0,1635;1506;1639;1640;580,0;1;2;3;4
1077,0;0;1;0;0;0;0;1;-1;1;-1;-1;0;0;0;0;1;0;0;0;0;-1;0;0;0,1517;581;1641;1642;1509,0;1;2;3;4
1078,0;0;1;0;0;0;0;0;-1;0;-1;0;0;1;0;0;1;-1;0;-1;0;0;0;1;0,1518;1643;999;581;1644,0;1;2;3;4
1079,0;-1;1;0;0;1;0;0;-1;0;-1;0;0;1;0;0;1;-1;0;1;0;0;0;-1;0,722;583;582;1060;718,0;1;2;3;4
1080,0;-1;-1;1;0;1;0;0;-1;0;1;0;0;-1;0;-1;1;1;0;-1;0;0;0;1;0,1437;584;718;991;582,0;1;2;3;4
1081,0;-1;-1;1;0;1;0;0;0;0;1;0;0;0;0;-1;0;0;0;1;0;0;0;-1;0,583;1268;666;665;1305,0;1;2;3;4
1082,0;1;1;-1;0;-1;0;0;1;0;-1;0;0;1;0;1;-1;-1;0;-1;0;0;0;1;0,1305;718;584;753;583,0;1;2;3;4
1083,0;-1;0;0;0;1;0;1;0;0;0;-1;0;-1;1;0;0;1;0;0;0;0;-1;0;0,1439;1521;585;1633;1632,0;1;2;3;4
1084,0;-1;0;0;0;1;0;-1;0;1;0;1;0;-1;0;0;0;1;0;-1;0;-1;0;1;0,1440;586;1645;585;1646,0;1;2;3;4
1085,0;0;1;-1;0;0;0;-1;0;0;-1;1;0;1;-1;1;0;-1;0;0;0;0;1;0;0,1647;1648;586;996;1649,0;1;2;3;4
1086,0;1;-1;0;0;-1;0;0;0;1;1;0;0;0;-1;0;0;0;0;1;0;-1;1;-1;0,605;1650;1651;1652;586,0;1;2;3;4
1087,0;-1;-1;-1;1;1;0;0;0;-1;1;0;0;0;0;1;0;0;0;-1;-1;1;0;1;0,1127;588;587;713;1653,0;1;2;3;4
1088,0;-1;1;1;0;1;0;0;0;-1;-1;0;0;0;0;-1;0;0;0;1;0;1;0;-1;0,644;589;713;587;1654,0;1;2;3;4
1089,0;0;1;0;-1;0;0;0;0;1;-1;0;0;0;0;0;0;0;0;1;1;-1;0;-1;0,1655;1656;1653;1657;587,0;1;2;3;4
1090,0;1;-1;1;-1;-1;0;0;0;1;1;0;0;0;0;-1;0;0;0;1;1;-1;0;-1;0,655;713;589;588;1658,0;1;2;3;4
1091,0;1;-1;-1;0;-1;0;0;1;-1;1;0;0;0;0;1;-1;0;0;1;0;1;0;-1;0,1514;1659;590;1660;588,0;1;2;3;4
1092,0;0;1;0;1;0;0;0;0;-1;-1;0;0;0;0;0;0;0;0;-1;-1;1;0;1;0,1661;1662;1658;1663;589,0;1;2;3;4
1093,0;-1;1;0;0;1;0;0;-1;1;-1;0;0;0;0;0;1;0;0;0;0;-1;0;0;0,1432;590;1659;1664;1665,0;1;2;3;4
1094,0;0;1;1;0;0;0;0;-1;0;-1;0;0;0;0;-1;1;0;0;-1;0;0;0;1;0,1226;1666;1660;590;1667,0;1;2;3;4
1095,0;0;0;1;0;0;0;0;1;0;0;0;0;0;1;-1;-1;0;0;-1;0;0;-1;1;0,593;885;1668;1595;591,0;1;2;3;4
1096,0;0;-1;1;0;0;0;-1;1;0;1;1;0;-1;0;-1;-1;1;0;-1;0;0;0;1;0,768;1155;1105;592;1104,0;1;2;3;4
1097,0;0;0;-1;0;0;0;0;-1;0;0;0;0;0;1;1;1;0;0;-1;0;0;-1;1;0,885;593;1669;1670;592,0;1;2;3;4
1098,0;0;0;-1;0;0;0;0;1;0;0;0;0;0;-1;1;-1;0;0;-1;0;0;1;1;0,1668;1669;593;1671;1033,0;1;2;3;4
1099,0;-1;0;1;-1;1;0;0;-1;0;0;0;0;0;1;-1;1;0;0;1;1;0;-1;-1;0,1672;1401;1671;593;1673,0;1;2;3;4
1100,0;-1;1;-1;1;1;0;-1;0;0;-1;1;0;0;0;1;0;0;0;0;-1;0;0;0;0,594;1428;1456;1674;1389,0;1;2;3;4
1101,0;1;0;-1;0;-1;0;0;0;1;0;0;0;1;0;1;0;-1;0;-1;0;-1;0;1;0,1399;595;1027;594;1675,0;1;2;3;4
1102,0;1;0;1;-1;-1;0;0;0;0;0;0;0;1;0;-1;0;-1;0;0;1;0;0;0;0,595;1676;1029;1223;1677,0;1;2;3;4
1103,0;0;0;0;-1;0;0;0;0;1;0;0;0;1;0;0;0;-1;0;1;1;-1;0;-1;0,1678;1168;1030;1679;595,0;1;2;3;4
1104,0;0;-1;1;0;0;0;-1;1;0;1;1;0;-1;0;-1;-1;1;0;1;0;0;0;-1;0,1301;1291;599;659;1096,0;1;2;3;4
1105,0;0;1;0;0;0;0;1;0;0;-1;-1;0;1;0;0;0;-1;0;-1;0;0;0;1;0,601;891;1096;1106;599,0;1;2;3;4
1106,0;0;1;0;0;0;0;1;0;0;-1;-1;0;-1;0;0;0;1;0;1;0;0;0;-1;0,1108;1251;600;1105;1250,0;1;2;3;4
1107,0;0;-1;0;0;0;0;-1;0;0;1;1;0;1;0;0;0;-1;0;-1;0;0;0;1;0,891;601;1250;1680;600,0;1;2;3;4
1108,0;0;-1;0;0;0;0;1;0;0;1;-1;0;-1;0;0;0;1;0;1;0;0;0;-1;0,1106;1680;915;601;1256,0;1;2;3;4
1109,0;-1;1;0;0;1;0;0;-1;0;-1;0;0;0;1;0;1;0;0;-1;0;0;-1;1;0,1069;856;1673;1681;602,0;1;2;3;4
1110,0;1;-1;0;0;-1;0;0;0;1;1;0;0;1;-1;0;0;-1;0;0;0;-1;1;0;0,1682;604;603;1024;1683,0;1;2;3;4
1111,0;0;0;0;1;0;0;0;1;-1;0;0;0;0;-1;0;-1;0;0;1;-1;1;1;-1;0,1477;1607;1367;1366;603,0;1;2;3;4
1112,0;1;1;0;-1;-1;0;0;0;0;-1;0;0;1;0;0;0;-1;0;0;1;0;0;0;0,604;1684;1685;1025;1686,0;1;2;3;4
1113,0;0;0;0;-1;0;0;0;0;1;0;0;0;1;1;0;0;-1;0;0;1;-1;-1;0;0,1687;1182;1688;1026;604,0;1;2;3;4
1114,0;0;-1;0;0;0;0;1;0;0;1;-1;0;0;1;0;0;0;0;1;0;0;-1;-1;0,1689;1572;605;1690;1022,0;1;2;3;4
1115,0;-1;1;0;0;1;0;-1;0;1;-1;1;0;0;-1;0;0;0;0;-1;0;-1;1;1;0,1652;1603;1690;605;1681,0;1;2;3;4
1116,0;1;0;0;-1;-1;0;-1;1;0;0;1;0;0;0;0;-1;0;0;1;1;0;0;-1;0,613;724;607;606;1691,0;1;2;3;4
1117,0;0;0;0;1;0;0;-1;0;-1;0;1;0;0;0;0;0;0;0;1;-1;1;0;-1;0,1692;1693;608;1694;606,0;1;2;3;4
1118,0;1;0;-1;1;-1;0;1;1;0;0;-1;0;0;0;1;-1;0;0;-1;-1;0;0;1;0,1695;769;1691;1422;607,0;1;2;3;4
1119,0;0;0;0;-1;0;0;1;0;-1;0;-1;0;0;0;0;0;0;0;1;1;1;0;-1;0,608;1417;1692;1455;663,0;1;2;3;4
1120,0;0;0;0;1;0;0;1;0;-1;0;-1;0;0;0;0;0;0;0;-1;-1;1;0;1;0,1455;1419;1694;608;1696,0;1;2;3;4
1121,0;1;0;0;0;-1;0;0;-1;1;0;0;0;0;-1;0;1;0;0;0;0;-1;1;0;0,658;1402;1403;1553;609,0;1;2;3;4
1122,0;-1;0;0;0;1;0;0;-1;-1;0;0;0;0;1;0;1;0;0;0;0;1;-1;0;0,1365;1697;1698;612;611,0;1;2;3;4
1123,0;-1;0;0;0;1;0;0;1;-1;0;0;0;0;-1;0;-1;0;0;0;0;1;1;0;0,1592;1400;612;1698;1699,0;1;2;3;4
1124,0;0;0;0;-1;0;0;-1;0;1;0;1;0;0;0;0;0;0;0;-1;1;-1;0;1;0,1586;1411;1427;1700;613,0;1;2;3;4
1125,0;-1;1;-1;-1;1;0;0;0;0;-1;0;0;0;1;1;0;0;0;0;1;0;-1;0;0,654;614;1345;1290;1701,0;1;2;3;4
1126,0;1;-1;-1;0;-1;0;0;0;0;1;0;0;0;-1;1;0;0;0;0;0;0;1;0;0,634;1345;614;1344;1324,0;1;2;3;4
1127,0;1;1;1;-1;-1;0;0;0;0;-1;0;0;0;1;-1;0;0;0;0;1;0;-1;0;0,1087;1290;1344;614;1702,0;1;2;3;4
1128,0;1;0;-1;1;-1;0;0;0;0;0;0;0;0;-1;1;0;0;0;0;-1;0;1;0;0,1671;1701;1672;1702;614,0;1;2;3;4
1129,0;1;0;-1;-1;-1;0;0;1;1;0;0;0;1;0;1;-1;-1;0;0;1;-1;0;0;0,1703;1704;1054;616;615,0;1;2;3;4
1130,0;0;1;-1;1;0;0;0;-1;1;-1;0;0;0;0;1;1;0;0;-1;-1;-1;0;1;0,616;1705;1706;1707;1656,0;1;2;3;4
1131,0;0;-1;1;-1;0;0;0;1;-1;1;0;0;-1;0;-1;-1;1;0;1;1;1;0;-1;0,1705;616;627;1708;691,0;1;2;3;4
1132,0;1;-1;0;1;-1;0;0;1;0;1;0;0;-1;0;0;-1;1;0;0;-1;0;0;0;0,686;694;693;623;622,0;1;2;3;4
1133,0;1;-1;0;-1;-1;0;1;0;1;1;-1;0;1;0;0;0;-1;0;0;1;-1;0;0;0,1709;1710;625;1050;624,0;1;2;3;4
1134,0;0;-1;0;1;0;0;-1;1;1;1;1;0;-1;-1;0;-1;1;0;0;-1;-1;1;0;0,625;1711;1712;626;1144,0;1;2;3;4
1135,0;0;1;0;-1;0;0;1;-1;-1;-1;-1;0;0;1;0;1;0;0;0;1;1;-1;0;0,1711;625;1470;1469;1607,0;1;2;3;4
1136,0;0;-1;0;1;0;0;0;1;-1;1;0;0;1;-1;0;-1;-1;0;1;-1;1;1;-1;0,627;626;1496;1713;961,0;1;2;3;4
1137,0;0;1;0;0;0;0;0;-1;1;-1;0;0;-1;1;0;1;1;0;-1;0;-1;-1;1;0,643;1496;626;1714;1636,0;1;2;3;4
1138,0;0;1;0;-1;0;0;0;-1;0;-1;0;0;-1;1;0;1;1;0;-1;1;0;-1;1;0,1713;766;1715;627;1370,0;1;2;3;4
1139,0;0;0;0;1;0;0;-1;1;-1;0;1;0;-1;0;0;-1;1;0;1;-1;1;0;-1;0,630;629;1716;754;1257,0;1;2;3;4
1140,0;0;0;0;-1;0;0;1;0;-1;0;-1;0;1;0;0;0;-1;0;1;1;1;0;-1;0,1716;1717;630;1718;1055,0;1;2;3;4
1141,0;0;0;0;-1;0;0;0;-1;0;0;0;0;1;0;0;1;-1;0;-1;1;0;0;1;0,754;1719;1720;630;984,0;1;2;3;4
1142,0;0;0;0;1;0;0;1;-1;-1;0;-1;0;1;1;0;1;-1;0;0;-1;1;-1;0;0,632;631;782;1721;1208,0;1;2;3;4
1143,0;0;0;0;-1;0;0;-1;0;0;0;1;0;-1;-1;0;0;1;0;0;1;0;1;0;0,782;1722;632;1723;985,0;1;2;3;4
1144,0;0;0;0;-1;0;0;0;1;-1;0;0;0;-1;1;0;-1;1;0;0;1;1;-1;0;0,1721;1724;1725;632;1134,0;1;2;3;4
1145,0;0;1;-1;0;0;0;-1;1;0;-1;1;0;0;-1;1;-1;0;0;0;0;0;1;0;0,1183;1019;635;634;1325,0;1;2;3;4
1146,0;1;-1;-1;0;-1;0;0;1;1;1;0;0;0;-1;1;-1;0;0;0;0;-1;1;0;0,1557;1726;1727;636;635,0;1;2;3;4
1147,0;0;1;1;-1;0;0;0;-1;1;-1;0;0;0;1;-1;1;0;0;0;1;-1;-1;0;0,1706;1494;636;1727;1728,0;1;2;3;4
1148,0;0;0;0;-1;0;0;1;0;0;0;-1;0;-1;1;0;0;1;0;0;1;0;-1;0;0,1530;640;1717;1287;638,0;1;2;3;4
1149,0;0;0;0;-1;0;0;-1;0;0;0;1;0;1;1;0;0;-1;0;0;1;0;-1;0;0,1531;1287;1722;640;639,0;1;2;3;4
1150,0;0;0;-1;0;0;0;-1;1;1;0;1;0;-1;-1;1;-1;1;0;0;0;-1;1;0;0,642;1729;1730;680;641,0;1;2;3;4
1151,0;0;0;1;0;0;0;1;-1;-1;0;-1;0;0;0;-1;1;0;0;0;0;1;0;0;0,1729;642;1731;1732;1525,0;1;2;3;4
1152,0;0;0;1;0;0;0;1;0;0;0;-1;0;1;1;-1;0;-1;0;0;0;0;-1;0;0,1730;1733;642;1163;1734,0;1;2;3;4
1153,0;0;-1;0;0;0;0;0;1;0;1;0;0;1;0;0;-1;-1;0;1;0;0;0;-1;0,1714;1735;1160;643;1736,0;1;2;3;4
1154,0;0;-1;0;0;0;0;0;0;-1;1;0;0;0;-1;0;0;0;0;1;0;1;1;-1;0,1636;1634;1737;1738;643,0;1;2;3;4
1155,0;0;-1;1;0;0;0;1;-1;0;1;-1;0;0;0;-1;1;0;0;-1;0;0;0;1;0,1221;1096;645;644;1291,0;1;2;3;4
1156,0;1;-1;-1;0;-1;0;1;0;1;1;-1;0;0;0;1;0;0;0;-1;0;-1;0;1;0,1654;1739;646;1740;644,0;1;2;3;4
1157,0;0;1;1;-1;0;0;-1;0;1;-1;1;0;0;0;-1;0;0;0;1;1;-1;0;-1;0,1615;1489;1740;646;1741,0;1;2;3;4
1158,0;0;-1;0;0;0;0;1;-1;1;1;-1;0;1;0;0;1;-1;0;-1;0;-1;0;1;0,649;1742;719;1743;648,0;1;2;3;4
1159,0;0;1;0;0;0;0;-1;1;-1;-1;1;0;0;0;0;-1;0;0;0;0;1;0;0;0,1742;649;1744;1745;1510,0;1;2;3;4
1160,0;0;1;0;0;0;0;0;1;0;-1;0;0;-1;0;0;-1;1;0;1;0;0;0;-1;0,1743;1746;1153;649;1747,0;1;2;3;4
1161,0;0;0;0;-1;0;0;0;1;0;0;0;0;1;0;0;-1;-1;0;1;1;0;0;-1;0,1528;652;1323;1724;650,0;1;2;3;4
1162,0;0;0;0;-1;0;0;0;-1;0;0;0;0;-1;0;0;1;1;0;1;1;0;0;-1;0,1529;1323;652;1719;651,0;1;2;3;4
1163,0;0;0;-1;0;0;0;1;0;0;0;-1;0;-1;1;1;0;1;0;0;0;0;-1;0;0,1622;1748;653;1152;1749,0;1;2;3;4
1164,0;0;0;-1;0;0;0;0;0;-1;0;0;0;0;1;1;0;0;0;-1;0;1;-1;1;0,1534;1532;1750;1751;653,0;1;2;3;4
1165,0;-1;0;0;0;1;0;0;1;1;0;0;0;0;-1;0;-1;0;0;0;0;-1;1;0;0,1553;1752;1699;658;657,0;1;2;3;4
1166,0;1;0;-1;0;-1;0;0;1;-1;0;0;0;0;-1;1;-1;0;0;1;0;1;1;-1;0,1753;658;1431;1430;684,0;1;2;3;4
1167,0;-1;0;0;0;1;0;0;-1;1;0;0;0;0;1;0;1;0;0;0;0;-1;-1;0;0,1403;1431;658;1699;1698,0;1;2;3;4
1168,0;0;0;0;-1;0;0;0;0;-1;0;0;0;1;0;0;0;-1;0;1;1;1;0;-1;0,1436;1103;1220;1754;659,0;1;2;3;4
1169,0;0;0;-1;0;0;0;0;-1;0;0;0;0;-1;1;1;1;1;0;-1;0;0;-1;1;0,714;1253;1200;660;1755,0;1;2;3;4
1170,0;0;0;0;1;0;0;0;0;1;0;0;0;1;0;0;0;-1;0;-1;-1;-1;0;1;0,1591;1756;1222;1590;660,0;1;2;3;4
1171,0;1;0;-1;-1;-1;0;0;0;0;0;0;0;1;0;1;0;-1;0;0;1;0;0;0;0,661;1757;1223;1685;1758,0;1;2;3;4
1172,0;1;0;0;0;-1;0;0;1;1;0;0;0;1;0;0;-1;-1;0;0;0;-1;0;0;0,1759;661;1224;1760;1761,0;1;2;3;4
1173,0;0;0;1;-1;0;0;1;-1;1;0;-1;0;0;0;-1;1;0;0;0;1;-1;0;0;0,663;662;1762;1763;1764,0;1;2;3;4
1174,0;0;1;-1;0;0;0;0;-1;0;-1;0;0;1;0;1;1;-1;0;-1;0;0;0;1;0,1660;1765;1240;662;1766,0;1;2;3;4
1175,0;0;0;0;1;0;0;-1;0;1;0;1;0;-1;0;0;0;1;0;-1;-1;-1;0;1;0,1434;1767;673;1768;662,0;1;2;3;4
1176,0;0;0;-1;1;0;0;-1;-1;1;0;1;0;0;0;1;1;0;0;-1;-1;-1;0;1;0,1762;739;663;1769;1692,0;1;2;3;4
1177,0;0;0;1;0;0;0;1;1;0;0;-1;0;0;0;-1;-1;0;0;1;0;0;0;-1;0,1770;1771;1769;663;1772,0;1;2;3;4
1178,0;1;1;1;0;-1;0;0;0;0;-1;0;0;0;0;-1;0;0;0;1;0;0;0;-1;0,889;666;1268;664;1304,0;1;2;3;4
1179,0;1;1;0;-1;-1;0;0;0;0;-1;0;0;0;0;0;0;0;0;1;1;0;0;-1;0,1650;667;1269;1773;664,0;1;2;3;4
1180,0;-1;-1;0;-1;1;0;0;0;0;1;0;0;0;0;0;0;0;0;1;1;0;0;-1;0,1774;1269;667;1775;665,0;1;2;3;4
1181,0;-1;1;0;-1;1;0;0;0;0;-1;0;0;0;0;0;0;0;0;-1;1;0;0;1;0,1446;1773;1775;667;1776,0;1;2;3;4
1182,0;0;0;0;-1;0;0;0;0;-1;0;0;0;1;1;0;0;-1;0;0;1;1;-1;0;0,1444;1113;1777;1231;668,0;1;2;3;4
1183,0;0;-1;1;0;0;0;-1;1;0;1;1;0;-1;-1;-1;-1;1;0;0;0;0;1;0;0,1145;734;669;1200;1778,0;1;2;3;4
1184,0;0;0;0;1;0;0;0;0;1;0;0;0;1;-1;0;0;-1;0;0;-1;-1;1;0;0,1779;1780;1781;1232;669,0;1;2;3;4
1185,0;1;-1;0;-1;-1;0;0;0;0;1;0;0;1;0;0;0;-1;0;0;1;0;0;0;0,670;1782;1025;1233;1783,0;1;2;3;4
1186,0;1;0;0;0;-1;0;1;0;1;0;-1;0;1;0;0;0;-1;0;0;0;-1;0;0;0,1784;670;1785;1234;1786,0;1;2;3;4
1187,0;0;-1;-1;0;0;0;-1;0;0;1;1;0;0;-1;1;0;0;0;0;0;0;1;0;0,1017;1787;671;1647;1788,0;1;2;3;4
1188,0;0;1;1;-1;0;0;1;0;-1;-1;-1;0;0;1;-1;0;0;0;0;1;1;-1;0;0,1515;1483;1647;671;1564,0;1;2;3;4
1189,0;0;0;-1;1;0;0;0;0;1;0;0;0;0;-1;1;0;0;0;0;-1;-1;1;0;0,1442;1562;1789;1564;671,0;1;2;3;4
1190,0;0;0;-1;0;0;0;-1;0;0;0;1;0;1;-1;1;0;-1;0;0;0;0;1;0;0,1519;1790;672;1236;1791,0;1;2;3;4
1191,0;0;0;-1;0;0;0;0;0;1;0;0;0;0;-1;1;0;0;0;1;0;-1;1;-1;0,1520;1533;1536;1535;672,0;1;2;3;4
1192,0;0;0;0;1;0;0;0;1;0;0;0;0;-1;0;0;-1;1;0;1;-1;0;0;-1;0,1323;1529;1528;673;1527,0;1;2;3;4
1193,0;-1;1;-1;0;1;0;-1;0;1;-1;1;0;0;-1;1;0;0;0;0;0;-1;1;0;0,678;1792;1793;1557;676,0;1;2;3;4
1194,0;0;-1;0;0;0;0;-1;0;0;1;1;0;1;-1;0;0;-1;0;1;0;0;1;-1;0,677;1206;707;1249;1794,0;1;2;3;4
1195,0;0;1;0;0;0;0;1;0;0;-1;-1;0;1;-1;0;0;-1;0;1;0;0;1;-1;0,1206;677;1778;1250;1795,0;1;2;3;4
1196,0;0;1;0;0;0;0;-1;0;0;-1;1;0;0;1;0;0;0;0;-1;0;0;-1;1;0,1794;1795;1446;1445;677,0;1;2;3;4
1197,0;1;1;0;-1;-1;0;0;0;1;-1;0;0;1;1;0;0;-1;0;0;1;-1;-1;0;0,1796;1479;678;1252;1780,0;1;2;3;4
1198,0;1;0;0;0;-1;0;0;1;-1;0;0;0;1;-1;0;-1;-1;0;1;0;1;1;-1;0,1797;680;1798;1628;955,0;1;2;3;4
1199,0;-1;0;1;0;1;0;0;-1;1;0;0;0;-1;1;-1;1;1;0;-1;0;-1;-1;1;0,684;1798;680;1799;1753,0;1;2;3;4
1200,0;0;0;-1;0;0;0;0;-1;0;0;0;0;1;-1;1;1;-1;0;0;0;0;1;0;0,682;1205;1169;1183;1554,0;1;2;3;4
1201,0;0;0;1;0;0;0;0;1;0;0;0;0;1;-1;-1;-1;-1;0;0;0;0;1;0;0,1205;682;1244;1006;1005,0;1;2;3;4
1202,0;0;0;1;0;0;0;0;-1;0;0;0;0;1;1;-1;1;-1;0;0;0;0;-1;0;0,1554;1005;805;683;682,0;1;2;3;4
1203,0;1;0;1;-1;-1;0;0;0;1;0;0;0;1;0;-1;0;-1;0;1;1;-1;0;-1;0,1800;1481;1246;684;1756,0;1;2;3;4
1204,0;1;1;-1;0;-1;0;0;0;0;-1;0;0;0;-1;1;0;0;0;0;0;0;1;0;0,685;1266;1324;1265;1299,0;1;2;3;4
1205,0;0;0;-1;0;0;0;0;1;0;0;0;0;1;-1;1;-1;-1;0;0;0;0;1;0;0,1201;1200;1253;685;1007,0;1;2;3;4
1206,0;0;-1;0;0;0;0;1;0;0;1;-1;0;1;-1;0;0;-1;0;1;0;0;1;-1;0,1195;1194;686;1256;1690,0;1;2;3;4
1207,0;-1;0;0;1;1;0;-1;1;0;0;1;0;-1;-1;0;-1;1;0;0;-1;0;1;0;0,1801;1596;1802;687;686,0;1;2;3;4
1208,0;1;0;0;-1;-1;0;0;-1;1;0;0;0;1;-1;0;1;-1;0;0;1;-1;1;0;0,687;1797;1803;1801;1142,0;1;2;3;4
1209,0;-1;0;0;1;1;0;0;-1;0;0;0;0;-1;1;0;1;1;0;-1;-1;0;-1;1;0,1803;690;687;1804;1671,0;1;2;3;4
1210,0;0;1;-1;-1;0;0;0;-1;0;-1;0;0;0;0;1;1;0;0;0;1;0;0;0;0,688;740;1382;1379;1378,0;1;2;3;4
1211,0;0;1;0;0;0;0;0;-1;0;-1;0;0;1;1;0;1;-1;0;0;0;0;-1;0;0,1805;741;688;1263;1806,0;1;2;3;4
1212,0;-1;0;1;-1;1;0;0;0;0;0;0;0;-1;1;-1;0;1;0;0;1;0;-1;0;0,690;1390;689;1386;1385,0;1;2;3;4
1213,0;-1;0;-1;0;1;0;0;0;0;0;0;0;-1;0;1;0;1;0;-1;0;0;0;1;0,794;1480;1393;689;1392,0;1;2;3;4
1214,0;0;0;1;0;0;0;1;-1;0;0;-1;0;1;0;-1;1;-1;0;1;0;0;0;-1;0,1807;1769;1260;690;1808,0;1;2;3;4
1215,0;1;0;0;-1;-1;0;0;1;0;0;0;0;0;-1;0;-1;0;0;1;1;0;1;-1;0,1402;1671;1401;1400;690,0;1;2;3;4
1216,0;1;1;1;0;-1;0;0;0;0;-1;0;0;0;1;-1;0;0;0;0;0;0;-1;0;0,803;696;695;1299;1265,0;1;2;3;4
1217,0;1;0;1;-1;-1;0;0;0;0;0;0;0;0;1;-1;0;0;0;0;1;0;-1;0;0,1550;698;1809;1300;695,0;1;2;3;4
1218,0;-1;0;-1;-1;1;0;0;0;0;0;0;0;0;1;1;0;0;0;0;1;0;-1;0;0,1810;1300;1811;698;697,0;1;2;3;4
1219,0;-1;0;1;-1;1;0;0;0;0;0;0;0;0;-1;-1;0;0;0;0;1;0;1;0;0,1363;1809;698;1811;1812,0;1;2;3;4
1220,0;0;0;0;-1;0;0;0;0;-1;0;0;0;-1;0;0;0;1;0;1;1;1;0;-1;0,1362;1030;1168;1813;699,0;1;2;3;4
1221,0;0;1;-1;0;0;0;1;-1;0;-1;-1;0;1;0;1;1;-1;0;-1;0;0;0;1;0,1155;768;1249;700;1814,0;1;2;3;4
1222,0;0;0;0;1;0;0;0;0;1;0;0;0;-1;0;0;0;1;0;-1;-1;-1;0;1;0,1815;1816;1170;1817;700,0;1;2;3;4
1223,0;1;0;-1;-1;-1;0;0;0;0;0;0;0;-1;0;1;0;1;0;0;1;0;0;0;0,701;1818;1171;1102;1819,0;1;2;3;4
1224,0;1;0;0;0;-1;0;0;1;1;0;0;0;-1;0;0;-1;1;0;0;0;-1;0;0;0,1820;701;1172;1821;1822,0;1;2;3;4
1225,0;0;1;1;-1;0;0;0;1;-1;-1;0;0;0;0;-1;-1;0;0;1;1;1;0;-1;0,1502;1420;702;1547;1662,0;1;2;3;4
1226,0;0;-1;-1;0;0;0;0;-1;0;1;0;0;0;0;1;1;0;0;-1;0;0;0;1;0,1094;1823;1547;702;1824,0;1;2;3;4
1227,0;0;-1;0;1;0;0;0;0;1;1;0;0;0;0;0;0;0;0;-1;-1;-1;0;1;0,1360;1658;1662;1825;702,0;1;2;3;4
1228,0;-1;0;0;0;1;0;1;0;1;0;-1;0;0;0;0;0;0;0;-1;0;-1;0;1;0,1602;1826;705;1606;703,0;1;2;3;4
1229,0;1;-1;0;0;-1;0;1;0;-1;1;-1;0;0;1;0;0;0;0;-1;0;1;-1;1;0,1827;705;1351;1350;723,0;1;2;3;4
1230,0;-1;0;0;0;1;0;-1;0;1;0;1;0;0;0;0;0;0;0;1;0;-1;0;-1;0,1475;1350;1606;705;1605,0;1;2;3;4
1231,0;0;0;0;-1;0;0;0;0;-1;0;0;0;-1;1;0;0;1;0;0;1;1;-1;0;0,1356;1026;1828;1182;706,0;1;2;3;4
1232,0;0;0;0;1;0;0;0;0;1;0;0;0;-1;-1;0;0;1;0;0;-1;-1;1;0;0,1688;1829;1687;1184;707,0;1;2;3;4
1233,0;1;-1;0;-1;-1;0;0;0;0;1;0;0;-1;0;0;0;1;0;0;1;0;0;0;0,708;1830;1588;1185;1831,0;1;2;3;4
1234,0;1;0;0;0;-1;0;1;0;1;0;-1;0;-1;0;0;0;1;0;0;0;-1;0;0;0,1832;708;1833;1186;1834,0;1;2;3;4
1235,0;0;1;0;-1;0;0;-1;1;1;-1;1;0;0;0;0;-1;0;0;0;1;-1;0;0;0,710;709;1835;1836;1837,0;1;2;3;4
1236,0;0;-1;1;0;0;0;-1;0;0;1;1;0;-1;-1;-1;0;1;0;0;0;0;1;0;0,1567;1838;709;1190;1839,0;1;2;3;4
1237,0;0;0;0;1;0;0;0;-1;1;0;0;0;1;-1;0;1;-1;0;0;-1;-1;1;0;0,1354;1840;1841;712;709,0;1;2;3;4
1238,0;0;1;0;0;0;0;1;1;0;-1;-1;0;0;1;0;-1;0;0;0;0;0;-1;0;0,1842;1843;710;1844;1845,0;1;2;3;4
1239,0;0;-1;0;1;0;0;-1;-1;1;1;1;0;0;-1;0;1;0;0;0;-1;-1;1;0;0,1836;773;1844;710;1598,0;1;2;3;4
1240,0;0;-1;0;0;0;0;0;-1;0;1;0;0;-1;0;0;1;1;0;-1;0;0;0;1;0,1505;1846;1174;711;1847,0;1;2;3;4
1241,0;0;-1;0;0;0;0;0;0;1;1;0;0;0;1;0;0;0;0;-1;0;-1;-1;1;0,1506;1635;1638;1637;711,0;1;2;3;4
1242,0;0;0;0;1;0;0;1;0;0;0;-1;0;1;1;0;0;-1;0;0;-1;0;-1;0;0,1287;1531;712;1530;1526,0;1;2;3;4
1243,0;-1;-1;1;0;1;0;0;-1;1;1;0;0;0;0;-1;1;0;0;-1;0;-1;0;1;0,715;1848;1654;1849;713,0;1;2;3;4
1244,0;0;0;1;0;0;0;0;1;0;0;0;0;-1;1;-1;-1;1;0;-1;0;0;-1;1;0,1253;714;1201;1814;1850,0;1;2;3;4
1245,0;0;0;1;0;0;0;0;-1;0;0;0;0;0;-1;-1;1;0;0;1;0;0;1;-1;0,1755;1850;1364;1363;714,0;1;2;3;4
1246,0;1;0;1;-1;-1;0;0;0;1;0;0;0;-1;0;-1;0;1;0;1;1;-1;0;-1;0,1851;1413;1203;715;1816,0;1;2;3;4
1247,0;1;0;0;0;-1;0;1;0;-1;0;-1;0;-1;1;0;0;1;0;-1;0;1;-1;1;0,1852;719;1631;1853;956,0;1;2;3;4
1248,0;-1;1;0;0;1;0;-1;0;1;-1;1;0;1;-1;0;0;-1;0;1;0;-1;1;-1;0,723;1853;1854;719;1827,0;1;2;3;4
1249,0;0;-1;0;0;0;0;-1;0;0;1;1;0;-1;0;0;0;1;0;-1;0;0;0;1;0,721;1256;1221;1194;1680,0;1;2;3;4
1250,0;0;1;0;0;0;0;1;0;0;-1;-1;0;-1;0;0;0;1;0;-1;0;0;0;1;0,1256;721;1107;1195;1106,0;1;2;3;4
1251,0;0;1;0;0;0;0;-1;0;0;-1;1;0;-1;0;0;0;1;0;1;0;0;0;-1;0,1680;1106;722;891;721,0;1;2;3;4
1252,0;1;1;0;-1;-1;0;0;0;1;-1;0;0;-1;1;0;0;1;0;0;1;-1;-1;0;0,1855;1416;723;1197;1829,0;1;2;3;4
1253,0;0;0;-1;0;0;0;0;1;0;0;0;0;-1;1;1;-1;1;0;-1;0;0;-1;1;0,1244;1169;1205;724;1593,0;1;2;3;4
1254,0;-1;0;0;1;1;0;1;-1;0;0;-1;0;1;0;0;1;-1;0;-1;-1;0;0;1;0,1856;1691;726;1857;724,0;1;2;3;4
1255,0;1;-1;1;0;-1;0;0;0;0;1;0;0;0;0;-1;0;0;0;-1;0;0;0;1;0,725;1305;1304;1293;1268,0;1;2;3;4
1256,0;0;-1;0;0;0;0;1;0;0;1;-1;0;-1;0;0;0;1;0;-1;0;0;0;1;0,1250;1249;725;1206;1108,0;1;2;3;4
1257,0;1;0;0;-1;-1;0;-1;0;1;0;1;0;-1;0;0;0;1;0;-1;1;-1;0;1;0,726;1852;1856;1858;1139,0;1;2;3;4
1258,0;-1;0;0;1;1;0;-1;0;0;0;1;0;1;-1;0;0;-1;0;1;-1;0;1;-1;0,1858;729;1859;726;1577,0;1;2;3;4
1259,0;0;-1;1;-1;0;0;-1;0;0;1;1;0;0;0;-1;0;0;0;0;1;0;0;0;0,727;774;1459;1458;1457,0;1;2;3;4
1260,0;0;0;1;0;0;0;-1;0;0;0;1;0;-1;0;-1;0;1;0;1;0;0;0;-1;0,1860;775;1214;727;1861,0;1;2;3;4
1261,0;-1;-1;0;0;1;0;0;0;0;1;0;0;1;-1;0;0;-1;0;0;0;0;1;0;0,797;1414;728;1407;1406,0;1;2;3;4
1262,0;-1;1;0;-1;1;0;0;0;0;-1;0;0;1;0;0;0;-1;0;1;1;0;0;-1;0,729;1415;1464;728;1463,0;1;2;3;4
1263,0;0;1;0;0;0;0;-1;1;0;-1;1;0;-1;1;0;-1;1;0;0;0;0;-1;0;0,1862;1844;729;1211;1863,0;1;2;3;4
1264,0;1;0;0;-1;-1;0;1;0;0;0;-1;0;0;1;0;0;0;0;-1;1;0;-1;1;0,1476;1577;1474;1473;729,0;1;2;3;4
1265,0;1;1;1;0;-1;0;0;0;0;-1;0;0;0;-1;-1;0;0;0;0;0;0;1;0;0,1345;733;802;1204;1216,0;1;2;3;4
1266,0;-1;1;-1;0;1;0;0;0;0;-1;0;0;0;-1;1;0;0;0;0;0;0;1;0;0,990;1204;803;733;989,0;1;2;3;4
1267,0;0;-1;1;0;0;0;1;-1;0;1;-1;0;0;1;-1;1;0;0;0;0;0;-1;0;0,1003;1778;1014;735;734,0;1;2;3;4
1268,0;1;-1;1;0;-1;0;0;0;0;1;0;0;0;0;-1;0;0;0;1;0;0;0;-1;0,915;1081;1178;736;1255,0;1;2;3;4
1269,0;1;-1;0;-1;-1;0;0;0;0;1;0;0;0;0;0;0;0;0;1;1;0;0;-1;0,1864;1180;1179;1865;736,0;1;2;3;4
1270,0;1;0;-1;-1;-1;0;-1;0;1;0;1;0;0;-1;1;0;0;0;0;1;-1;1;0;0,737;1866;1867;1868;1869,0;1;2;3;4
1271,0;-1;0;1;1;1;0;1;-1;-1;0;-1;0;0;1;-1;1;0;0;0;-1;1;-1;0;0,1867;1785;737;739;1870,0;1;2;3;4
1272,0;0;0;1;-1;0;0;1;1;-1;0;-1;0;0;1;-1;-1;0;0;1;1;1;-1;-1;0,739;1762;738;1871;1872,0;1;2;3;4
1273,0;0;0;-1;0;0;0;-1;-1;1;0;1;0;0;-1;1;1;0;0;-1;0;-1;1;1;0,1627;1873;1871;738;1874,0;1;2;3;4
1274,0;1;0;-1;-1;-1;0;0;1;1;0;0;0;0;-1;1;-1;0;0;0;1;-1;1;0;0,1875;1698;1697;1870;739,0;1;2;3;4
1275,0;0;-1;-1;-1;0;0;0;1;0;1;0;0;0;0;1;-1;0;0;0;1;0;0;0;0,835;1382;740;1465;1381,0;1;2;3;4
1276,0;-1;1;1;-1;1;0;0;-1;0;-1;0;0;0;0;-1;1;0;0;0;1;0;0;0;0,1405;1876;1465;740;1578,0;1;2;3;4
1277,0;0;1;-1;1;0;0;0;1;0;-1;0;0;0;0;1;-1;0;0;0;-1;0;0;0;0,1425;1378;1381;1578;740,0;1;2;3;4
1278,0;0;-1;0;0;0;0;0;1;0;1;0;0;1;1;0;-1;-1;0;0;0;0;-1;0;0,741;1805;838;1317;1298,0;1;2;3;4
1279,0;0;1;0;0;0;0;0;1;0;-1;0;0;1;-1;0;-1;-1;0;0;0;0;1;0;0,1298;1806;1877;1318;741,0;1;2;3;4
1280,0;0;1;-1;-1;0;0;-1;0;0;-1;1;0;1;1;1;0;-1;0;0;1;0;-1;0;0,1457;1485;976;742;1621,0;1;2;3;4
1281,0;0;-1;1;1;0;0;-1;0;0;1;1;0;-1;-1;-1;0;1;0;0;-1;0;1;0;0,1454;1460;965;1621;742,0;1;2;3;4
1282,0;-1;0;0;0;1;0;0;-1;0;0;0;0;-1;0;0;1;1;0;-1;0;0;0;1;0,1628;743;1513;1797;1512,0;1;2;3;4
1283,0;0;0;-1;0;0;0;-1;0;0;0;1;0;1;0;1;0;-1;0;1;0;0;0;-1;0,744;911;1312;1468;903,0;1;2;3;4
1284,0;0;0;1;0;0;0;-1;0;0;0;1;0;1;0;-1;0;-1;0;-1;0;0;0;1;0,903;910;1313;1860;744,0;1;2;3;4
1285,0;0;0;0;-1;0;0;1;0;-1;0;-1;0;0;1;0;0;0;0;1;1;1;-1;-1;0,1447;1700;745;1411;958,0;1;2;3;4
1286,0;0;0;0;-1;0;0;-1;0;0;0;1;0;0;-1;0;0;0;0;-1;1;0;1;1;0,1448;1450;1411;745;899,0;1;2;3;4
1287,0;0;0;0;-1;0;0;1;0;0;0;-1;0;1;1;0;0;-1;0;0;1;0;-1;0;0,1242;1149;814;1148;751,0;1;2;3;4
1288,0;0;0;0;1;0;0;0;1;0;0;0;0;1;0;0;-1;-1;0;-1;-1;0;0;1;0,1719;754;986;1529;752,0;1;2;3;4
1289,0;0;0;0;1;0;0;0;-1;0;0;0;0;-1;0;0;1;1;0;-1;-1;0;0;1;0,1720;986;754;1840;753,0;1;2;3;4
1290,0;-1;1;1;-1;1;0;0;0;0;-1;0;0;0;1;-1;0;0;0;0;1;0;-1;0;0,758;1127;804;1125;1875,0;1;2;3;4
1291,0;0;-1;1;0;0;0;1;-1;0;1;-1;0;0;0;-1;1;0;0;1;0;0;0;-1;0,1814;1104;759;758;1155,0;1;2;3;4
1292,0;1;-1;0;-1;-1;0;1;1;0;1;-1;0;0;0;0;-1;0;0;1;1;0;0;-1;0,1878;1426;760;1879;758,0;1;2;3;4
1293,0;1;-1;-1;0;-1;0;0;0;0;1;0;0;0;0;1;0;0;0;1;0;0;0;-1;0,759;889;888;1255;1048,0;1;2;3;4
1294,0;0;-1;0;1;0;0;-1;1;0;1;1;0;0;-1;0;-1;0;0;1;-1;0;1;-1;0,760;765;1880;1881;981,0;1;2;3;4
1295,0;0;1;0;-1;0;0;-1;-1;1;-1;1;0;0;0;0;1;0;0;-1;1;-1;0;1;0,1881;1469;1879;760;1864,0;1;2;3;4
1296,0;-1;1;0;0;1;0;-1;0;0;-1;1;0;-1;1;0;0;1;0;0;0;0;-1;0;0,793;1439;765;1492;1491,0;1;2;3;4
1297,0;0;-1;0;1;0;0;0;1;0;1;0;0;-1;0;0;-1;1;0;-1;-1;0;0;1;0,766;1713;1383;765;1425,0;1;2;3;4
1298,0;0;-1;0;0;0;0;0;1;0;1;0;0;1;-1;0;-1;-1;0;0;0;0;1;0;0,1279;1715;766;831;1278,0;1;2;3;4
1299,0;1;1;-1;0;-1;0;0;0;0;-1;0;0;0;1;1;0;0;0;0;0;0;-1;0;0,820;989;767;1216;1204,0;1;2;3;4
1300,0;1;0;-1;-1;-1;0;0;0;0;0;0;0;0;1;1;0;0;0;0;1;0;-1;0;0,1882;1218;1883;1217;767,0;1;2;3;4
1301,0;0;1;-1;0;0;0;-1;1;0;-1;1;0;0;0;1;-1;0;0;1;0;0;0;-1;0,1104;1814;771;1072;768,0;1;2;3;4
1302,0;1;-1;0;-1;-1;0;0;-1;1;1;0;0;0;0;0;1;0;0;-1;1;-1;0;1;0,769;1884;1885;1886;1887,0;1;2;3;4
1303,0;-1;1;0;1;1;0;-1;1;-1;-1;1;0;0;0;0;-1;0;0;1;-1;1;0;-1;0,1886;1821;773;769;1888,0;1;2;3;4
1304,0;1;1;1;0;-1;0;0;0;0;-1;0;0;0;0;-1;0;0;0;-1;0;0;0;1;0,1438;770;1255;888;1178,0;1;2;3;4
1305,0;-1;-1;1;0;1;0;0;0;0;1;0;0;0;0;-1;0;0;0;-1;0;0;0;1;0,1082;1255;770;889;1081,0;1;2;3;4
1306,0;0;-1;0;0;0;0;-1;-1;1;1;1;0;0;-1;0;1;0;0;-1;0;-1;1;1;0,1629;1889;772;1890;1891,0;1;2;3;4
1307,0;0;1;0;-1;0;0;1;1;-1;-1;-1;0;0;1;0;-1;0;0;1;1;1;-1;-1;0,773;1836;1890;772;1892,0;1;2;3;4
1308,0;1;-1;0;-1;-1;0;1;0;1;1;-1;0;0;0;0;0;0;0;-1;1;-1;0;1;0,1893;1605;1888;1604;773,0;1;2;3;4
1309,0;-1;1;1;-1;1;0;-1;0;0;-1;1;0;0;0;-1;0;0;0;0;1;0;0;0;0,1408;1894;774;1389;1674,0;1;2;3;4
1310,0;0;-1;-1;-1;0;0;1;0;0;1;-1;0;0;0;1;0;0;0;0;1;0;0;0;0,908;1458;1389;774;1456,0;1;2;3;4
1311,0;0;-1;1;1;0;0;1;0;0;1;-1;0;0;0;-1;0;0;0;0;-1;0;0;0;0,1485;1457;1674;1456;774,0;1;2;3;4
1312,0;0;0;-1;0;0;0;1;0;0;0;-1;0;-1;0;1;0;1;0;1;0;0;0;-1;0,775;1860;1283;910;1332,0;1;2;3;4
1313,0;0;0;1;0;0;0;1;0;0;0;-1;0;-1;0;-1;0;1;0;-1;0;0;0;1;0,1332;1861;1284;1895;775,0;1;2;3;4
1314,0;-1;0;0;0;1;0;-1;0;0;0;1;0;1;-1;0;0;-1;0;0;0;0;1;0;0,1631;776;1852;1523;1522,0;1;2;3;4
1315,0;0;-1;1;-1;0;0;0;-1;0;1;0;0;-1;0;-1;1;1;0;1;1;0;0;-1;0,1378;1425;777;968;1713,0;1;2;3;4
1316,0;0;1;-1;1;0;0;0;-1;0;-1;0;0;1;0;1;1;-1;0;-1;-1;0;0;1;0,1374;1383;1713;978;777,0;1;2;3;4
1317,0;0;-1;0;0;0;0;0;-1;0;1;0;0;-1;1;0;1;1;0;0;0;0;-1;0;0,778;839;1395;1278;831,0;1;2;3;4
1318,0;0;1;0;0;0;0;0;-1;0;-1;0;0;-1;-1;0;1;1;0;0;0;0;1;0;0,831;838;1805;1279;778,0;1;2;3;4
1319,0;0;0;0;-1;0;0;0;-1;0;0;0;0;0;-1;0;1;0;0;-1;1;0;1;1;0,1366;1368;779;1477;828,0;1;2;3;4
1320,0;0;0;0;-1;0;0;0;1;-1;0;0;0;0;1;0;-1;0;0;1;1;1;-1;-1;0,1367;1608;1477;779;971,0;1;2;3;4
1321,0;0;0;0;1;0;0;1;0;0;0;-1;0;-1;-1;0;0;1;0;0;-1;0;1;0;0,1722;782;1531;983;780,0;1;2;3;4
1322,0;0;0;0;1;0;0;-1;0;0;0;1;0;1;-1;0;0;-1;0;0;-1;0;1;0;0,1723;983;1767;782;781,0;1;2;3;4
1323,0;0;0;0;-1;0;0;0;1;0;0;0;0;-1;0;0;-1;1;0;1;1;0;0;-1;0,1192;1162;1161;894;785,0;1;2;3;4
1324,0;1;-1;-1;0;-1;0;0;0;0;1;0;0;0;1;1;0;0;0;0;0;0;-1;0;0,786;803;1204;802;1126,0;1;2;3;4
1325,0;0;1;-1;0;0;0;-1;1;0;-1;1;0;0;1;1;-1;0;0;0;0;0;-1;0;0,1778;1003;787;786;1145,0;1;2;3;4
1326,0;-1;1;1;-1;1;0;0;0;0;-1;0;0;0;0;-1;0;0;0;1;1;0;0;-1;0,787;1047;1046;890;1893,0;1;2;3;4
1327,0;1;0;-1;-1;-1;0;1;1;0;0;-1;0;0;1;1;-1;0;0;0;1;0;-1;0;0,1896;1347;1897;788;787,0;1;2;3;4
1328,0;0;0;-1;1;0;0;1;-1;0;0;-1;0;0;1;1;1;0;0;-1;-1;0;-1;1;0,788;789;1898;1899;982,0;1;2;3;4
1329,0;0;0;1;-1;0;0;-1;-1;1;0;1;0;0;-1;-1;1;0;0;0;1;-1;1;0;0,1898;1397;788;1897;1882,0;1;2;3;4
1330,0;0;0;-1;1;0;0;1;0;0;0;-1;0;1;-1;1;0;-1;0;0;-1;0;1;0;0,790;1621;789;1460;1485,0;1;2;3;4
1331,0;-1;0;1;0;1;0;0;-1;0;0;0;0;1;0;-1;1;-1;0;1;0;0;0;-1;0,798;1358;1499;789;1498,0;1;2;3;4
1332,0;0;0;-1;0;0;0;1;0;0;0;-1;0;-1;0;1;0;1;0;-1;0;0;0;1;0,1313;1623;903;790;1312,0;1;2;3;4
1333,0;1;-1;0;0;-1;0;0;1;0;1;0;0;0;-1;0;-1;0;0;1;0;0;1;-1;0,1624;792;1900;1901;791,0;1;2;3;4
1334,0;-1;1;1;-1;1;0;0;-1;0;-1;0;0;0;1;-1;1;0;0;1;1;0;-1;-1;0,1452;1900;792;1902;851,0;1;2;3;4
1335,0;0;-1;-1;1;0;0;0;1;0;1;0;0;0;-1;1;-1;0;0;-1;-1;0;1;1;0,1379;1495;1902;792;833,0;1;2;3;4
1336,0;1;-1;0;0;-1;0;0;0;0;1;0;0;1;1;0;0;-1;0;0;0;0;-1;0;0,1492;1406;923;793;1414,0;1;2;3;4
1337,0;1;-1;0;0;-1;0;0;0;0;1;0;0;-1;-1;0;0;1;0;0;0;0;1;0;0,1491;1407;843;1414;793,0;1;2;3;4
1338,0;1;0;-1;0;-1;0;1;0;0;0;-1;0;0;1;1;0;0;0;-1;0;0;-1;1;0,1625;796;1903;1904;795,0;1;2;3;4
1339,0;0;-1;-1;1;0;0;1;0;0;1;-1;0;0;-1;1;0;0;0;-1;-1;0;1;1;0,1459;1488;796;1905;906,0;1;2;3;4
1340,0;-1;1;1;-1;1;0;-1;0;0;-1;1;0;0;1;-1;0;0;0;1;1;0;-1;-1;0,1373;1904;1905;796;931,0;1;2;3;4
1341,0;1;0;-1;0;-1;0;0;0;0;0;0;0;-1;0;1;0;1;0;1;0;0;0;-1;0,1499;1392;798;846;1480,0;1;2;3;4
1342,0;1;0;-1;0;-1;0;0;0;0;0;0;0;1;0;1;0;-1;0;-1;0;0;0;1;0,1498;1393;1480;925;798,0;1;2;3;4
1343,0;1;0;0;0;-1;0;0;0;-1;0;0;0;0;-1;0;0;0;0;-1;0;1;1;1;0,1071;954;1066;1065;799,0;1;2;3;4
1344,0;1;-1;1;0;-1;0;0;0;0;1;0;0;0;-1;-1;0;0;0;0;0;0;1;0;0,988;804;1127;1126;802,0;1;2;3;4
1345,0;-1;-1;-1;0;1;0;0;0;0;1;0;0;0;-1;1;0;0;0;0;0;0;1;0;0,1265;1126;1125;804;803,0;1;2;3;4
1346,0;0;0;0;-1;0;0;0;1;1;0;0;0;0;-1;0;-1;0;0;0;1;-1;1;0;0,1906;1907;1908;1045;806,0;1;2;3;4
1347,0;-1;1;0;-1;1;0;-1;-1;0;-1;1;0;0;1;0;1;0;0;0;1;0;-1;0;0,1909;1327;1910;808;807,0;1;2;3;4
1348,0;1;-1;0;1;-1;0;0;1;0;1;0;0;0;0;0;-1;0;0;0;-1;0;0;0;0,808;1023;1911;1909;1912,0;1;2;3;4
1349,0;0;-1;0;0;0;0;1;1;0;1;-1;0;0;-1;0;-1;0;0;0;0;0;1;0;0,1845;1470;808;1910;1842,0;1;2;3;4
1350,0;1;-1;0;0;-1;0;1;0;-1;1;-1;0;0;1;0;0;0;0;1;0;1;-1;-1;0,1913;1230;809;1229;1901,0;1;2;3;4
1351,0;0;1;0;0;0;0;-1;0;0;-1;1;0;0;-1;0;0;0;0;-1;0;0;1;1;0,1575;1573;1229;809;1445,0;1;2;3;4
1352,0;1;0;-1;0;-1;0;-1;1;1;0;1;0;0;0;1;-1;0;0;0;0;-1;0;0;0,1016;810;1914;1915;1916,0;1;2;3;4
1353,0;-1;0;0;1;1;0;-1;0;0;0;1;0;-1;-1;0;0;1;0;0;-1;0;1;0;0,811;1917;810;1441;1918,0;1;2;3;4
1354,0;0;0;0;-1;0;0;0;-1;1;0;0;0;1;-1;0;1;-1;0;0;1;-1;1;0;0,1237;1725;1724;814;810,0;1;2;3;4
1355,0;-1;0;0;0;1;0;1;0;-1;0;-1;0;-1;0;0;0;1;0;0;0;1;0;0;0,1834;811;1710;1443;1832,0;1;2;3;4
1356,0;0;0;0;1;0;0;0;0;-1;0;0;0;-1;1;0;0;1;0;0;-1;1;-1;0;0,1231;1582;1919;1444;811,0;1;2;3;4
1357,0;1;0;0;0;-1;0;0;-1;1;0;0;0;1;-1;0;1;-1;0;0;0;-1;1;0;0,997;813;812;1920;1921,0;1;2;3;4
1358,0;1;0;0;0;-1;0;0;1;0;0;0;0;1;0;0;-1;-1;0;1;0;0;0;-1;0,998;1331;1922;812;1923,0;1;2;3;4
1359,0;-1;0;0;1;1;0;0;-1;0;0;0;0;-1;0;0;1;1;0;-1;-1;0;0;1;0,815;1924;1433;813;1925,0;1;2;3;4
1360,0;0;1;0;-1;0;0;0;0;1;-1;0;0;0;1;0;0;0;0;-1;1;-1;-1;1;0,1227;1926;1927;1928;813,0;1;2;3;4
1361,0;-1;0;0;0;1;0;0;1;-1;0;0;0;-1;0;0;-1;1;0;0;0;1;0;0;0,1822;815;1435;1929;1820,0;1;2;3;4
1362,0;0;0;0;1;0;0;0;0;-1;0;0;0;-1;0;0;0;1;0;1;-1;1;0;-1;0,1220;1590;1436;1756;815,0;1;2;3;4
1363,0;1;0;-1;1;-1;0;0;1;0;0;0;0;0;-1;1;-1;0;0;-1;-1;0;1;1;0,1219;851;816;1245;1900,0;1;2;3;4
1364,0;0;0;1;0;0;0;0;-1;0;0;0;0;0;1;-1;1;0;0;1;0;0;-1;-1;0,1595;1594;1245;816;1430,0;1;2;3;4
1365,0;1;0;0;0;-1;0;0;-1;-1;0;0;0;0;1;0;1;0;0;0;0;1;-1;0;0,1122;1699;1752;1031;822,0;1;2;3;4
1366,0;0;0;0;1;0;0;0;-1;0;0;0;0;0;-1;0;1;0;0;-1;-1;0;1;1;0,1319;827;825;1111;1380,0;1;2;3;4
1367,0;0;0;0;1;0;0;0;1;-1;0;0;0;0;1;0;-1;0;0;1;-1;1;-1;-1;0,1320;1930;1111;825;1474,0;1;2;3;4
1368,0;0;0;0;-1;0;0;0;1;0;0;0;0;0;-1;0;-1;0;0;-1;1;0;1;1;0,827;1319;826;829;1371,0;1;2;3;4
1369,0;0;0;0;-1;0;0;0;-1;0;0;0;0;0;1;0;1;0;0;1;1;0;-1;-1;0,828;833;829;826;1495,0;1;2;3;4
1370,0;0;0;0;1;0;0;0;-1;0;0;0;0;0;-1;0;1;0;0;1;-1;0;1;-1;0,829;832;828;827;1138,0;1;2;3;4
1371,0;0;0;0;1;0;0;0;1;0;0;0;0;0;1;0;-1;0;0;1;-1;0;-1;-1;0,833;828;832;941;1368,0;1;2;3;4
1372,0;0;1;1;1;0;0;0;-1;0;-1;0;0;0;0;-1;1;0;0;0;-1;0;0;0;0,1382;835;830;1931;1932,0;1;2;3;4
1373,0;1;-1;-1;1;-1;0;0;1;0;1;0;0;0;0;1;-1;0;0;0;-1;0;0;0;0,1340;1933;1931;830;1934,0;1;2;3;4
1374,0;0;-1;1;-1;0;0;0;-1;0;1;0;0;0;0;-1;1;0;0;0;1;0;0;0;0,1316;837;1932;1934;830,0;1;2;3;4
1375,0;0;0;0;1;0;0;0;-1;1;0;0;0;0;-1;0;1;0;0;-1;-1;-1;1;1;0,834;1038;941;832;1489,0;1;2;3;4
1376,0;0;0;0;-1;0;0;0;-1;1;0;0;0;0;1;0;1;0;0;-1;1;-1;-1;1;0,941;1037;834;833;868,0;1;2;3;4
1377,0;0;0;0;-1;0;0;0;1;-1;0;0;0;0;-1;0;-1;0;0;0;1;1;1;0;0,1038;834;1037;1907;1599,0;1;2;3;4
1378,0;0;1;-1;1;0;0;0;-1;0;-1;0;0;0;0;1;1;0;0;0;-1;0;0;0;0,1315;1277;836;835;1210,0;1;2;3;4
1379,0;0;1;1;-1;0;0;0;1;0;-1;0;0;0;0;-1;-1;0;0;0;1;0;0;0;0,1335;1932;837;1210;835,0;1;2;3;4
1380,0;0;1;1;-1;0;0;0;-1;0;-1;0;0;0;1;-1;1;0;0;1;1;0;-1;-1;0,836;959;1935;856;1366,0;1;2;3;4
1381,0;0;-1;-1;1;0;0;0;1;0;1;0;0;0;0;1;-1;0;0;0;-1;0;0;0;0,959;836;1277;1023;1275,0;1;2;3;4
1382,0;0;-1;-1;-1;0;0;0;-1;0;1;0;0;0;0;1;1;0;0;0;1;0;0;0;0,1372;1275;1210;837;836,0;1;2;3;4
1383,0;0;1;-1;1;0;0;0;1;0;-1;0;0;1;0;1;-1;-1;0;-1;-1;0;0;1;0,837;1316;1297;1499;876,0;1;2;3;4
1384,0;0;1;-1;0;0;0;0;1;0;-1;0;0;1;-1;1;-1;-1;0;1;0;0;1;-1;0,1504;1395;839;1584;1902,0;1;2;3;4
1385,0;-1;-1;1;1;1;0;0;0;0;1;0;0;-1;-1;-1;0;1;0;0;-1;0;1;0;0,1936;842;1410;840;1212,0;1;2;3;4
1386,0;-1;1;-1;-1;1;0;0;0;0;-1;0;0;1;1;1;0;-1;0;0;1;0;-1;0;0,1937;843;1407;1212;840,0;1;2;3;4
1387,0;-1;0;1;0;1;0;0;0;0;0;0;0;-1;0;-1;0;1;0;1;0;0;0;-1;0,967;845;841;1463;855,0;1;2;3;4
1388,0;-1;0;1;0;1;0;0;0;0;0;0;0;1;0;-1;0;-1;0;-1;0;0;0;1;0,968;846;855;1392;841,0;1;2;3;4
1389,0;-1;1;-1;-1;1;0;-1;0;0;-1;1;0;0;0;1;0;0;0;0;1;0;0;0;0,842;1938;1310;1309;1100,0;1;2;3;4
1390,0;1;0;1;-1;-1;0;0;0;0;0;0;0;-1;1;-1;0;1;0;0;1;0;-1;0;0,938;1212;937;843;842,0;1;2;3;4
1391,0;-1;-1;1;1;1;0;0;-1;-1;1;0;0;0;0;-1;1;0;0;0;-1;1;0;0;0,843;1939;1940;1941;871,0;1;2;3;4
1392,0;-1;0;-1;0;1;0;0;0;0;0;0;0;-1;0;1;0;1;0;1;0;0;0;-1;0,845;1341;844;1388;1213,0;1;2;3;4
1393,0;-1;0;-1;0;1;0;0;0;0;0;0;0;1;0;1;0;-1;0;-1;0;0;0;1;0,846;1342;1213;1464;844,0;1;2;3;4
1394,0;0;0;1;0;0;0;1;-1;0;0;-1;0;0;0;-1;1;0;0;-1;0;0;0;1;0,848;847;1942;1943;1422,0;1;2;3;4
1395,0;0;1;-1;0;0;0;0;-1;0;-1;0;0;1;-1;1;1;-1;0;1;0;0;1;-1;0,1935;1384;1317;847;1944,0;1;2;3;4
1396,0;0;0;-1;0;0;0;-1;-1;0;0;1;0;0;0;1;1;0;0;-1;0;0;0;1;0,1942;1429;848;1056;1945,0;1;2;3;4
1397,0;0;0;1;-1;0;0;1;1;-1;0;-1;0;0;0;-1;-1;0;0;1;1;1;0;-1;0,1946;1329;1056;848;1947,0;1;2;3;4
1398,0;0;0;-1;0;0;0;1;-1;0;0;-1;0;0;0;1;1;0;0;1;0;0;0;-1;0,1422;849;1945;1772;848,0;1;2;3;4
1399,0;-1;0;1;0;1;0;0;-1;1;0;0;0;1;0;-1;1;-1;0;-1;0;-1;0;1;0,1101;1761;1584;849;1481,0;1;2;3;4
1400,0;1;0;0;-1;-1;0;0;-1;1;0;0;0;0;-1;0;1;0;0;-1;1;-1;1;1;0,851;1123;850;1215;1447,0;1;2;3;4
1401,0;1;0;0;-1;-1;0;0;1;0;0;0;0;0;1;0;-1;0;0;1;1;0;-1;-1;0,852;1099;1215;850;1408,0;1;2;3;4
1402,0;-1;0;0;1;1;0;0;1;-1;0;0;0;0;-1;0;-1;0;0;1;-1;1;1;-1;0,1215;1121;852;851;863,0;1;2;3;4
1403,0;1;0;0;0;-1;0;0;-1;1;0;0;0;0;1;0;1;0;0;0;0;-1;-1;0;0,1167;852;1121;1948;1752,0;1;2;3;4
1404,0;0;1;1;-1;0;0;-1;0;0;-1;1;0;0;1;-1;0;0;0;1;1;0;-1;-1;0,907;970;853;1949;1448,0;1;2;3;4
1405,0;1;-1;-1;1;-1;0;1;0;0;1;-1;0;0;-1;1;0;0;0;-1;-1;0;1;1;0,1276;1556;1949;853;1473,0;1;2;3;4
1406,0;-1;-1;0;0;1;0;0;0;0;1;0;0;1;1;0;0;-1;0;0;0;0;-1;0;0,922;1336;1409;854;1261,0;1;2;3;4
1407,0;-1;-1;0;0;1;0;0;0;0;1;0;0;-1;-1;0;0;1;0;0;0;0;1;0;0,923;1337;1386;1261;854,0;1;2;3;4
1408,0;1;-1;-1;1;-1;0;0;1;0;1;0;0;0;-1;1;-1;0;0;-1;-1;0;1;1;0,1309;1673;856;1935;1401,0;1;2;3;4
1409,0;-1;1;0;0;1;0;0;0;0;-1;0;0;-1;-1;0;0;1;0;0;0;0;1;0;0,976;923;1406;857;920,0;1;2;3;4
1410,0;-1;1;0;0;1;0;0;0;0;-1;0;0;1;1;0;0;-1;0;0;0;0;-1;0;0,975;922;1385;920;857,0;1;2;3;4
1411,0;0;0;0;-1;0;0;1;0;-1;0;-1;0;0;1;0;0;0;0;-1;1;1;-1;1;0,1028;1124;1286;1285;862,0;1;2;3;4
1412,0;1;-1;1;-1;-1;0;1;0;0;1;-1;0;0;0;-1;0;0;0;0;1;0;0;0;0,864;1950;1951;1952;1937,0;1;2;3;4
1413,0;-1;0;1;0;1;0;0;0;-1;0;0;0;-1;0;-1;0;1;0;1;0;1;0;-1;0,1585;1246;1481;864;1584,0;1;2;3;4
1414,0;1;-1;0;0;-1;0;0;0;0;1;0;0;1;-1;0;0;-1;0;0;0;0;1;0;0,949;1261;867;1337;1336,0;1;2;3;4
1415,0;1;1;0;-1;-1;0;0;0;0;-1;0;0;1;0;0;0;-1;0;1;1;0;0;-1;0,868;1262;925;867;924,0;1;2;3;4
1416,0;-1;1;0;0;1;0;0;0;-1;-1;0;0;-1;1;0;0;1;0;0;0;1;-1;0;0,1579;1252;868;1479;1472,0;1;2;3;4
1417,0;0;0;0;-1;0;0;-1;0;1;0;1;0;0;-1;0;0;0;0;1;1;-1;1;-1;0,870;1119;906;905;938,0;1;2;3;4
1418,0;0;0;0;1;0;0;1;0;0;0;-1;0;0;1;0;0;0;0;1;-1;0;-1;-1;0,906;899;870;904;1450,0;1;2;3;4
1419,0;0;0;0;1;0;0;-1;0;1;0;1;0;0;-1;0;0;0;0;-1;-1;-1;1;1;0,905;1120;904;870;1494,0;1;2;3;4
1420,0;0;1;1;-1;0;0;0;-1;1;-1;0;0;0;0;-1;1;0;0;0;1;-1;0;0;0,958;1225;871;1936;1940,0;1;2;3;4
1421,0;1;-1;-1;-1;-1;0;0;1;1;1;0;0;0;0;1;-1;0;0;0;1;-1;0;0;0,1674;1953;1936;871;1941,0;1;2;3;4
1422,0;0;0;1;0;0;0;1;-1;0;0;-1;0;0;0;-1;1;0;0;1;0;0;0;-1;0,1398;872;1771;1118;1394,0;1;2;3;4
1423,0;0;-1;0;0;0;0;-1;1;1;1;1;0;-1;-1;0;-1;1;0;0;0;-1;1;0;0,964;1954;1485;875;952,0;1;2;3;4
1424,0;0;-1;0;0;0;0;1;-1;-1;1;-1;0;1;1;0;1;-1;0;0;0;1;-1;0;0,965;1955;1491;952;875,0;1;2;3;4
1425,0;0;-1;1;-1;0;0;0;1;0;1;0;0;-1;0;-1;-1;1;0;1;1;0;0;-1;0,1277;1315;876;1486;1297,0;1;2;3;4
1426,0;-1;0;1;-1;1;0;-1;-1;0;0;1;0;0;0;-1;1;0;0;1;1;0;0;-1;0,1956;1292;884;1957;882,0;1;2;3;4
1427,0;0;0;0;-1;0;0;1;0;1;0;-1;0;0;0;0;0;0;0;-1;1;-1;0;1;0,1947;1958;1124;1959;883,0;1;2;3;4
1428,0;1;0;-1;1;-1;0;1;0;0;0;-1;0;0;0;1;0;0;0;0;-1;0;0;0;0,884;1100;1956;1960;1938,0;1;2;3;4
1429,0;0;0;-1;0;0;0;1;1;0;0;-1;0;0;0;1;-1;0;0;-1;0;0;0;1;0,1772;1396;1957;884;1770,0;1;2;3;4
1430,0;0;0;1;0;0;0;0;-1;0;0;0;0;0;-1;-1;1;0;0;-1;0;0;1;1;0,1669;1668;885;1166;1364,0;1;2;3;4
1431,0;1;0;-1;0;-1;0;0;1;-1;0;0;0;0;1;1;-1;0;0;1;0;1;-1;-1;0,1961;1167;1166;885;1903,0;1;2;3;4
1432,0;1;-1;0;0;-1;0;1;-1;1;1;-1;0;0;0;0;1;0;0;0;0;-1;0;0;0,1093;886;1962;1963;1964,0;1;2;3;4
1433,0;-1;0;0;1;1;0;0;-1;0;0;0;0;1;0;0;1;-1;0;-1;-1;0;0;1;0,887;1965;1359;886;1966,0;1;2;3;4
1434,0;0;0;0;-1;0;0;-1;0;1;0;1;0;-1;0;0;0;1;0;-1;1;-1;0;1;0,1175;1718;894;1717;886,0;1;2;3;4
1435,0;-1;0;0;0;1;0;0;1;-1;0;0;0;1;0;0;-1;-1;0;0;0;1;0;0;0,1761;887;1361;1618;1759,0;1;2;3;4
1436,0;0;0;0;1;0;0;0;0;-1;0;0;0;1;0;0;0;-1;0;1;-1;1;0;-1;0,1168;1678;1362;1967;887,0;1;2;3;4
1437,0;1;1;-1;0;-1;0;0;0;0;-1;0;0;0;0;1;0;0;0;-1;0;0;0;1;0,1080;890;1048;1047;888,0;1;2;3;4
1438,0;-1;-1;-1;0;1;0;0;0;0;1;0;0;0;0;1;0;0;0;-1;0;0;0;1;0,1304;1048;890;1046;889,0;1;2;3;4
1439,0;1;0;0;0;-1;0;1;0;0;0;-1;0;-1;1;0;0;1;0;0;0;0;-1;0;0,1083;1296;892;1968;1969,0;1;2;3;4
1440,0;1;0;0;0;-1;0;-1;0;1;0;1;0;-1;0;0;0;1;0;-1;0;-1;0;1;0,1084;893;1970;892;1971,0;1;2;3;4
1441,0;-1;0;0;1;1;0;-1;0;0;0;1;0;1;-1;0;0;-1;0;0;-1;0;1;0;0,895;1972;893;1353;1973,0;1;2;3;4
1442,0;0;0;1;-1;0;0;0;0;1;0;0;0;0;-1;-1;0;0;0;1;1;-1;1;-1;0,1189;1974;1975;1976;893,0;1;2;3;4
1443,0;-1;0;0;0;1;0;1;0;-1;0;-1;0;1;0;0;0;-1;0;0;0;1;0;0;0,1786;895;1977;1355;1784,0;1;2;3;4
1444,0;0;0;0;1;0;0;0;0;-1;0;0;0;1;1;0;0;-1;0;0;-1;1;-1;0;0,1182;1687;1829;1356;895,0;1;2;3;4
1445,0;0;1;0;0;0;0;-1;0;0;-1;1;0;0;1;0;0;0;0;1;0;0;-1;-1;0,1572;1689;896;1196;1351,0;1;2;3;4
1446,0;1;-1;0;1;-1;0;1;0;0;1;-1;0;0;-1;0;0;0;0;-1;-1;0;1;1;0,1181;931;1196;896;1904,0;1;2;3;4
1447,0;0;0;0;1;0;0;1;0;-1;0;-1;0;0;1;0;0;0;0;1;-1;1;-1;-1;0,1285;1978;897;1028;1400,0;1;2;3;4
1448,0;0;0;0;1;0;0;-1;0;0;0;1;0;0;-1;0;0;0;0;-1;-1;0;1;1;0,1286;900;1028;897;1404,0;1;2;3;4
1449,0;0;0;0;-1;0;0;-1;0;0;0;1;0;0;1;0;0;0;0;1;1;0;-1;-1;0,899;906;898;901;1488,0;1;2;3;4
1450,0;0;0;0;-1;0;0;1;0;0;0;-1;0;0;-1;0;0;0;0;-1;1;0;1;1;0,900;1286;901;898;1418,0;1;2;3;4
1451,0;0;0;0;1;0;0;-1;0;0;0;1;0;0;1;0;0;0;0;-1;-1;0;-1;1;0,901;904;900;899;1059,0;1;2;3;4
1452,0;1;-1;-1;1;-1;0;1;0;0;1;-1;0;0;0;1;0;0;0;0;-1;0;0;0;0,1334;1979;902;1937;1952,0;1;2;3;4
1453,0;0;1;1;1;0;0;-1;0;0;-1;1;0;0;0;-1;0;0;0;0;-1;0;0;0;0,1458;908;1937;902;1951,0;1;2;3;4
1454,0;0;1;-1;-1;0;0;-1;0;0;-1;1;0;0;0;1;0;0;0;0;1;0;0;0;0,1281;909;1952;1951;902,0;1;2;3;4
1455,0;0;0;0;-1;0;0;1;0;-1;0;-1;0;0;0;0;0;0;0;-1;1;1;0;1;0,1120;905;1958;1119;1693,0;1;2;3;4
1456,0;0;-1;-1;1;0;0;1;0;0;1;-1;0;0;0;1;0;0;0;0;-1;0;0;0;0,970;907;1100;1311;1310,0;1;2;3;4
1457,0;0;-1;1;1;0;0;-1;0;0;1;1;0;0;0;-1;0;0;0;0;-1;0;0;0;0,1280;1311;908;907;1259,0;1;2;3;4
1458,0;0;-1;-1;-1;0;0;-1;0;0;1;1;0;0;0;1;0;0;0;0;1;0;0;0;0,1453;1310;909;1259;907,0;1;2;3;4
1459,0;0;1;1;-1;0;0;1;0;0;-1;-1;0;0;0;-1;0;0;0;0;1;0;0;0;0,1339;1951;1259;909;908,0;1;2;3;4
1460,0;0;-1;1;1;0;0;1;0;0;1;-1;0;-1;-1;-1;0;1;0;0;-1;0;1;0;0,909;1281;1492;1330;944,0;1;2;3;4
1461,0;0;-1;1;0;0;0;1;0;0;1;-1;0;-1;1;-1;0;1;0;-1;0;0;-1;1;0,1516;1468;1682;911;1905,0;1;2;3;4
1462,0;1;0;0;0;-1;0;-1;0;-1;0;1;0;0;0;0;0;0;0;1;0;1;0;-1;0,1043;1606;1042;1826;918,0;1;2;3;4
1463,0;-1;1;-1;1;1;0;0;0;0;-1;0;0;1;0;1;0;-1;0;-1;-1;0;0;1;0,1980;924;921;1387;1262,0;1;2;3;4
1464,0;-1;-1;1;-1;1;0;0;0;0;1;0;0;-1;0;-1;0;1;0;1;1;0;0;-1;0,1931;925;1262;1393;921,0;1;2;3;4
1465,0;-1;-1;1;-1;1;0;0;-1;0;1;0;0;0;0;-1;1;0;0;0;1;0;0;0;0,924;1912;1276;1275;1023,0;1;2;3;4
1466,0;-1;1;-1;1;1;0;-1;0;-1;-1;1;0;0;0;1;0;0;0;0;-1;1;0;0;0,925;1981;1982;1983;942,0;1;2;3;4
1467,0;0;1;0;0;0;0;-1;1;0;-1;1;0;0;-1;0;-1;0;0;0;0;0;1;0;0,927;926;1984;1985;1484,0;1;2;3;4
1468,0;0;-1;1;0;0;0;-1;0;0;1;1;0;-1;1;-1;0;1;0;-1;0;0;-1;1;0,1949;1461;926;1283;1986,0;1;2;3;4
1469,0;0;1;0;-1;0;0;1;1;-1;-1;-1;0;0;1;0;-1;0;0;0;1;1;-1;0;0,1987;1295;927;1135;1906,0;1;2;3;4
1470,0;0;-1;0;0;0;0;-1;-1;0;1;1;0;0;-1;0;1;0;0;0;0;0;1;0;0,1985;1349;1135;927;1988,0;1;2;3;4
1471,0;0;-1;0;0;0;0;-1;1;0;1;1;0;0;1;0;-1;0;0;0;0;0;-1;0;0,1484;928;1845;1988;927,0;1;2;3;4
1472,0;-1;1;0;0;1;0;-1;0;1;-1;1;0;-1;-1;0;0;1;0;0;0;-1;1;0;0,1024;1834;928;1682;1416,0;1;2;3;4
1473,0;1;0;0;-1;-1;0;1;0;0;0;-1;0;0;1;0;0;0;0;1;1;0;-1;-1;0,930;1021;929;1264;1405,0;1;2;3;4
1474,0;1;0;0;-1;-1;0;-1;0;1;0;1;0;0;-1;0;0;0;0;-1;1;-1;1;1;0,931;1044;1264;929;1367,0;1;2;3;4
1475,0;1;0;0;0;-1;0;-1;0;1;0;1;0;0;0;0;0;0;0;1;0;-1;0;-1;0,1230;930;1989;1041;1826,0;1;2;3;4
1476,0;-1;0;0;1;1;0;1;0;-1;0;-1;0;0;1;0;0;0;0;-1;-1;1;-1;1;0,1264;1041;931;930;935,0;1;2;3;4
1477,0;0;0;0;-1;0;0;0;1;-1;0;0;0;0;-1;0;-1;0;0;1;1;1;1;-1;0,1111;1045;1320;1319;934,0;1;2;3;4
1478,0;1;1;-1;-1;-1;0;0;1;0;-1;0;0;0;0;1;-1;0;0;0;1;0;0;0;0,936;1990;1934;1932;1931,0;1;2;3;4
1479,0;-1;1;0;0;1;0;0;0;-1;-1;0;0;1;1;0;0;-1;0;0;0;1;-1;0;0,1683;1197;936;1416;1682,0;1;2;3;4
1480,0;1;0;-1;0;-1;0;0;0;0;0;0;0;-1;0;1;0;1;0;-1;0;0;0;1;0,953;1213;1342;937;1341,0;1;2;3;4
1481,0;-1;0;1;0;1;0;0;0;-1;0;0;0;1;0;-1;0;-1;0;1;0;1;0;-1;0,1675;1203;1413;938;1399,0;1;2;3;4
1482,0;1;-1;-1;-1;-1;0;1;0;1;1;-1;0;0;0;1;0;0;0;0;1;-1;0;0;0,1578;1991;942;1980;1982,0;1;2;3;4
1483,0;0;1;1;-1;0;0;-1;0;1;-1;1;0;0;0;-1;0;0;0;0;1;-1;0;0;0,971;1188;1980;942;1983,0;1;2;3;4
1484,0;0;1;0;0;0;0;-1;1;0;-1;1;0;0;1;0;-1;0;0;0;0;0;-1;0;0,1471;943;1035;1843;1467,0;1;2;3;4
1485,0;0;1;-1;-1;0;0;1;0;0;-1;-1;0;1;1;1;0;-1;0;0;1;0;-1;0;0,1311;1280;1423;944;1330,0;1;2;3;4
1486,0;0;0;-1;0;0;0;1;-1;1;0;-1;0;1;0;1;1;-1;0;-1;0;-1;0;1;0,977;1992;945;1425;950,0;1;2;3;4
1487,0;0;0;-1;0;0;0;-1;1;-1;0;1;0;-1;0;1;-1;1;0;1;0;1;0;-1;0,978;1993;950;1498;945,0;1;2;3;4
1488,0;0;-1;-1;1;0;0;-1;0;0;1;1;0;0;-1;1;0;0;0;-1;-1;0;1;1;0,1951;1339;948;1986;1449,0;1;2;3;4
1489,0;0;1;1;-1;0;0;1;0;-1;-1;-1;0;0;1;-1;0;0;0;1;1;1;-1;-1;0,1982;1157;1986;948;1375,0;1;2;3;4
1490,0;1;0;0;0;-1;0;1;0;0;0;-1;0;1;-1;0;0;-1;0;0;0;0;1;0;0,1070;949;1063;1969;1968,0;1;2;3;4
1491,0;-1;1;0;0;1;0;-1;0;0;-1;1;0;-1;-1;0;0;1;0;0;0;0;1;0;0,1337;1969;1424;949;1296,0;1;2;3;4
1492,0;-1;1;0;0;1;0;-1;0;0;-1;1;0;1;1;0;0;-1;0;0;0;0;-1;0;0,1336;1968;1460;1296;949,0;1;2;3;4
1493,0;0;0;1;0;0;0;1;0;-1;0;-1;0;1;0;-1;0;-1;0;1;0;1;0;-1;0,950;1058;978;1057;977,0;1;2;3;4
1494,0;0;1;1;-1;0;0;0;1;-1;-1;0;0;0;1;-1;-1;0;0;1;1;1;-1;-1;0,1941;1147;951;1944;1419,0;1;2;3;4
1495,0;0;-1;-1;1;0;0;0;-1;0;1;0;0;0;-1;1;1;0;0;-1;-1;0;1;1;0,1932;1335;1944;951;1369,0;1;2;3;4
1496,0;0;1;0;0;0;0;0;1;-1;-1;0;0;-1;1;0;-1;1;0;0;0;1;-1;0;0,952;1137;1136;965;964,0;1;2;3;4
1497,0;1;0;0;0;-1;0;0;1;0;0;0;0;-1;0;0;-1;1;0;-1;0;0;0;1;0,1068;953;1923;1061;1922,0;1;2;3;4
1498,0;-1;0;1;0;1;0;0;-1;0;0;0;0;1;0;-1;1;-1;0;-1;0;0;0;1;0,1342;1923;953;1487;1331,0;1;2;3;4
1499,0;-1;0;1;0;1;0;0;-1;0;0;0;0;-1;0;-1;1;1;0;1;0;0;0;-1;0,1341;1922;1331;1383;953,0;1;2;3;4
1500,0;-1;0;0;0;1;0;0;0;1;0;0;0;0;1;0;0;0;0;-1;0;-1;-1;1;0,955;1066;954;1064;1797,0;1;2;3;4
1501,0;-1;0;0;0;1;0;0;0;1;0;0;0;0;-1;0;0;0;0;1;0;-1;1;-1;0,956;1065;1064;954;1852,0;1;2;3;4
1502,0;0;-1;-1;1;0;0;0;1;-1;1;0;0;0;-1;1;-1;0;0;0;-1;1;1;0;0,1225;958;957;1994;1697,0;1;2;3;4
1503,0;-1;1;1;0;1;0;0;-1;-1;-1;0;0;0;1;-1;1;0;0;0;0;1;-1;0;0,1015;1601;1994;957;1014,0;1;2;3;4
1504,0;0;-1;1;0;0;0;0;1;0;1;0;0;0;-1;-1;-1;0;0;1;0;0;1;-1;0,1384;1935;959;958;1877,0;1;2;3;4
1505,0;0;1;0;0;0;0;0;-1;0;-1;0;0;-1;0;0;1;1;0;-1;0;0;0;1;0,1240;1747;1518;962;1746,0;1;2;3;4
1506,0;0;1;0;0;0;0;0;0;1;-1;0;0;0;1;0;0;0;0;-1;0;-1;-1;1;0,1241;1076;1872;1995;962,0;1;2;3;4
1507,0;0;0;-1;0;0;0;-1;1;1;0;1;0;0;0;1;-1;0;0;0;0;-1;0;0;0,995;963;1996;1997;1992,0;1;2;3;4
1508,0;0;0;-1;0;0;0;-1;0;0;0;1;0;-1;-1;1;0;1;0;0;0;0;1;0;0,996;1749;963;1519;1748,0;1;2;3;4
1509,0;0;1;0;0;0;0;1;-1;-1;-1;-1;0;0;0;0;1;0;0;0;0;1;0;0;0,1954;964;1998;1999;1077,0;1;2;3;4
1510,0;0;1;0;0;0;0;-1;1;1;-1;1;0;0;0;0;-1;0;0;0;0;-1;0;0;0,1955;965;1963;1962;1159,0;1;2;3;4
1511,0;1;0;0;0;-1;0;0;-1;0;0;0;0;1;0;0;1;-1;0;1;0;0;0;-1;0,966;998;2000;1063;2001,0;1;2;3;4
1512,0;-1;0;0;0;1;0;0;-1;0;0;0;0;-1;0;0;1;1;0;1;0;0;0;-1;0,2000;967;966;1546;1282,0;1;2;3;4
1513,0;-1;0;0;0;1;0;0;-1;0;0;0;0;1;0;0;1;-1;0;-1;0;0;0;1;0,2001;968;1282;1646;966,0;1;2;3;4
1514,0;-1;1;1;0;1;0;-1;0;-1;-1;1;0;0;0;-1;0;0;0;1;0;1;0;-1;0,1091;1696;969;2002;1072,0;1;2;3;4
1515,0;0;-1;-1;1;0;0;1;0;-1;1;-1;0;0;0;1;0;0;0;-1;-1;1;0;1;0,1188;971;2002;969;1604,0;1;2;3;4
1516,0;0;1;-1;0;0;0;1;0;0;-1;-1;0;0;1;1;0;0;0;-1;0;0;-1;1;0,1461;1949;971;970;1895,0;1;2;3;4
1517,0;0;-1;0;0;0;0;1;-1;1;1;-1;0;0;0;0;1;0;0;0;0;-1;0;0;0,1077;972;2003;2004;1954,0;1;2;3;4
1518,0;0;-1;0;0;0;0;0;-1;0;1;0;0;1;0;0;1;-1;0;-1;0;0;0;1;0,1078;1736;1505;972;1735,0;1;2;3;4
1519,0;0;0;1;0;0;0;-1;0;0;0;1;0;1;-1;-1;0;-1;0;0;0;0;1;0;0,1190;1734;973;1508;1733,0;1;2;3;4
1520,0;0;0;1;0;0;0;0;0;1;0;0;0;0;-1;-1;0;0;0;1;0;-1;1;-1;0,1191;994;2005;1892;973,0;1;2;3;4
1521,0;1;0;0;0;-1;0;-1;0;0;0;1;0;-1;1;0;0;1;0;0;0;0;-1;0;0,974;1083;1061;2006;2007,0;1;2;3;4
1522,0;-1;0;0;0;1;0;-1;0;0;0;1;0;1;1;0;0;-1;0;0;0;0;-1;0;0,2006;975;1632;974;1314,0;1;2;3;4
1523,0;-1;0;0;0;1;0;-1;0;0;0;1;0;-1;-1;0;0;1;0;0;0;0;1;0;0,2007;976;1544;1314;974,0;1;2;3;4
1524,0;0;0;1;0;0;0;-1;1;-1;0;1;0;0;0;-1;-1;0;0;0;0;1;0;0;0,1992;977;2008;2009;995,0;1;2;3;4
1525,0;0;0;1;0;0;0;1;-1;1;0;-1;0;0;0;-1;1;0;0;0;0;-1;0;0;0,1993;978;1915;1914;1151,0;1;2;3;4
1526,0;0;0;0;-1;0;0;1;0;0;0;-1;0;1;-1;0;0;-1;0;0;1;0;1;0;0,983;1723;981;1722;1242,0;1;2;3;4
1527,0;0;0;0;-1;0;0;0;1;0;0;0;0;-1;0;0;-1;1;0;-1;1;0;0;1;0,986;1720;1719;982;1192,0;1;2;3;4
1528,0;0;0;0;1;0;0;0;1;0;0;0;0;1;0;0;-1;-1;0;1;-1;0;0;-1;0,1161;984;1192;1841;1719,0;1;2;3;4
1529,0;0;0;0;1;0;0;0;-1;0;0;0;0;-1;0;0;1;1;0;1;-1;0;0;-1;0,1162;1192;984;1288;1720,0;1;2;3;4
1530,0;0;0;0;1;0;0;1;0;0;0;-1;0;-1;1;0;0;1;0;0;-1;0;-1;0;0,1148;985;1768;1242;1722,0;1;2;3;4
1531,0;0;0;0;1;0;0;-1;0;0;0;1;0;1;1;0;0;-1;0;0;-1;0;-1;0;0,1149;1242;1321;985;1723,0;1;2;3;4
1532,0;0;0;-1;0;0;0;0;0;1;0;0;0;0;1;1;0;0;0;-1;0;-1;-1;1;0,993;1164;1976;1975;991,0;1;2;3;4
1533,0;0;0;-1;0;0;0;0;0;-1;0;0;0;0;-1;1;0;0;0;1;0;1;1;-1;0,994;1191;1874;2010;992,0;1;2;3;4
1534,0;0;0;1;0;0;0;0;0;-1;0;0;0;0;1;-1;0;0;0;-1;0;1;-1;1;0,1164;993;2010;1874;1058,0;1;2;3;4
1535,0;0;0;1;0;0;0;0;0;1;0;0;0;0;-1;-1;0;0;0;-1;0;-1;1;1;0,1976;2010;993;1191;1899,0;1;2;3;4
1536,0;0;0;-1;0;0;0;0;0;1;0;0;0;0;1;1;0;0;0;1;0;-1;-1;-1;0,2005;1874;1191;993;1750,0;1;2;3;4
1537,0;0;0;1;0;0;0;0;0;-1;0;0;0;0;1;-1;0;0;0;1;0;1;-1;-1;0,1874;2005;994;2011;1627,0;1;2;3;4
1538,0;0;0;-1;1;0;0;0;0;-1;0;0;0;0;-1;1;0;0;0;-1;-1;1;1;1;0,2012;1892;2011;994;1651,0;1;2;3;4
1539,0;0;0;1;0;0;0;1;1;1;0;-1;0;0;0;-1;-1;0;0;0;0;-1;0;0;0,1996;1731;995;1993;2008,0;1;2;3;4
1540,0;0;0;-1;0;0;0;-1;-1;1;0;1;0;0;0;1;1;0;0;0;0;-1;0;0;0,1915;2013;1993;995;2009,0;1;2;3;4
1541,0;0;0;1;0;0;0;1;0;0;0;-1;0;-1;-1;-1;0;1;0;0;0;0;1;0;0,1749;996;1733;1648;1622,0;1;2;3;4
1542,0;0;0;1;0;0;0;-1;0;0;0;1;0;-1;1;-1;0;1;0;0;0;0;-1;0;0,1748;1622;2014;1649;996,0;1;2;3;4
1543,0;-1;0;0;0;1;0;-1;1;1;0;1;0;-1;-1;0;-1;1;0;0;0;-1;1;0;0,1920;1964;1633;997;2015,0;1;2;3;4
1544,0;-1;0;0;0;1;0;1;-1;-1;0;-1;0;1;1;0;1;-1;0;0;0;1;-1;0;0,1921;2016;1523;2015;997,0;1;2;3;4
1545,0;-1;0;0;0;1;0;0;1;0;0;0;0;-1;0;0;-1;1;0;1;0;0;0;-1;0,1922;2000;998;1645;1068,0;1;2;3;4
1546,0;-1;0;0;0;1;0;0;1;0;0;0;0;1;0;0;-1;-1;0;-1;0;0;0;1;0,1923;2001;1068;1512;998,0;1;2;3;4
1547,0;0;1;-1;0;0;0;0;-1;0;-1;0;0;0;0;1;1;0;0;-1;0;0;0;1;0,999;2017;1226;1225;2018,0;1;2;3;4
1548,0;0;-1;1;0;0;0;0;1;0;1;0;0;-1;0;-1;-1;1;0;-1;0;0;0;1;0,2017;999;1643;2019;1620,0;1;2;3;4
1549,0;0;-1;1;0;0;0;0;-1;0;1;0;0;-1;0;-1;1;1;0;1;0;0;0;-1;0,2018;1620;1644;1965;999,0;1;2;3;4
1550,0;-1;0;-1;1;1;0;0;0;-1;0;0;0;0;1;1;0;0;0;-1;-1;1;-1;1;0,1217;1000;2020;1961;1717,0;1;2;3;4
1551,0;1;0;-1;0;-1;0;0;0;1;0;0;0;0;-1;1;0;0;0;-1;0;-1;1;1;0,1032;2020;1000;2021;1626,0;1;2;3;4
1552,0;1;0;1;-1;-1;0;0;0;1;0;0;0;0;1;-1;0;0;0;1;1;-1;-1;-1;0,2022;1961;2021;1000;1639,0;1;2;3;4
1553,0;1;0;0;0;-1;0;0;1;1;0;0;0;0;-1;0;-1;0;0;0;0;-1;1;0;0,1165;1728;1948;1121;1002,0;1;2;3;4
1554,0;0;0;-1;0;0;0;0;-1;0;0;0;0;1;1;1;1;-1;0;0;0;0;-1;0;0,1202;1007;1006;1778;1200,0;1;2;3;4
1555,0;-1;0;1;0;1;0;1;0;-1;0;-1;0;0;1;-1;0;0;0;1;0;1;-1;-1;0,1626;2023;1008;2024;1032,0;1;2;3;4
1556,0;-1;0;-1;1;1;0;-1;0;0;0;1;0;0;-1;1;0;0;0;-1;-1;0;1;1;0,1868;1405;2024;1008;1021,0;1;2;3;4
1557,0;-1;1;1;0;1;0;-1;0;1;-1;1;0;0;-1;-1;0;0;0;0;0;-1;1;0;0,1146;2025;2026;1193;1009,0;1;2;3;4
1558,0;0;0;-1;-1;0;0;0;0;1;0;0;0;0;1;1;0;0;0;0;1;-1;-1;0;0,2027;2028;2029;1011;1010,0;1;2;3;4
1559,0;0;0;-1;1;0;0;0;0;1;0;0;0;0;1;1;0;0;0;-1;-1;-1;-1;1;0,1011;2011;1892;2005;1725,0;1;2;3;4
1560,0;0;0;1;-1;0;0;0;0;-1;0;0;0;0;1;-1;0;0;0;0;1;1;-1;0;0,2011;1011;2012;2028;1051,0;1;2;3;4
1561,0;0;0;1;-1;0;0;0;0;1;0;0;0;0;-1;-1;0;0;0;0;1;-1;1;0;0,1892;2012;1011;2029;1896,0;1;2;3;4
1562,0;0;0;-1;1;0;0;0;0;-1;0;0;0;0;-1;1;0;0;0;0;-1;1;1;0;0,1974;1189;1869;1013;1012,0;1;2;3;4
1563,0;0;0;-1;-1;0;0;0;0;-1;0;0;0;0;-1;1;0;0;0;0;1;1;1;0;0,1013;2029;2028;2012;1789,0;1;2;3;4
1564,0;0;0;1;1;0;0;0;0;1;0;0;0;0;-1;-1;0;0;0;0;-1;-1;1;0;0,2029;1013;2027;1189;1188,0;1;2;3;4
1565,0;0;0;1;1;0;0;0;0;-1;0;0;0;0;1;-1;0;0;0;0;-1;1;-1;0;0,2028;2027;1013;1869;1868,0;1;2;3;4
1566,0;-1;0;-1;0;1;0;-1;0;1;0;1;0;0;0;1;0;0;0;0;0;-1;0;0;0,2030;1015;2031;1016;1991,0;1;2;3;4
1567,0;0;1;-1;0;0;0;-1;0;0;-1;1;0;0;-1;1;0;0;0;0;0;0;1;0;0,1236;2032;1015;1017;2033,0;1;2;3;4
1568,0;-1;0;1;0;1;0;1;0;1;0;-1;0;0;0;-1;0;0;0;0;0;-1;0;0;0,1914;2034;1016;2031;2035,0;1;2;3;4
1569,0;-1;0;1;0;1;0;-1;0;-1;0;1;0;0;0;-1;0;0;0;0;0;1;0;0;0,1916;1980;2035;1991;1016,0;1;2;3;4
1570,0;0;1;1;0;0;0;1;0;0;-1;-1;0;0;-1;-1;0;0;0;0;0;0;1;0;0,1787;1017;2036;2032;1614,0;1;2;3;4
1571,0;0;1;1;0;0;0;-1;0;0;-1;1;0;0;1;-1;0;0;0;0;0;0;-1;0;0,1788;1614;2037;2033;1017,0;1;2;3;4
1572,0;0;-1;0;0;0;0;-1;0;0;1;1;0;0;1;0;0;0;0;1;0;0;-1;-1;0,1445;1114;1018;1794;1575,0;1;2;3;4
1573,0;0;1;0;0;0;0;1;0;0;-1;-1;0;0;-1;0;0;0;0;-1;0;0;1;1;0,1022;1351;1794;1018;1689,0;1;2;3;4
1574,0;0;1;0;-1;0;0;1;0;-1;-1;-1;0;0;1;0;0;0;0;1;1;1;-1;-1;0,2038;2039;1020;2040;2041,0;1;2;3;4
1575,0;0;-1;0;0;0;0;-1;0;0;1;1;0;0;-1;0;0;0;0;-1;0;0;1;1;0,1351;1022;2040;1020;1572,0;1;2;3;4
1576,0;1;-1;0;1;-1;0;0;0;0;1;0;0;0;0;0;0;0;0;1;-1;0;0;-1;0,1021;2042;1774;1049;1865,0;1;2;3;4
1577,0;-1;1;0;-1;1;0;-1;0;0;-1;1;0;0;1;0;0;0;0;-1;1;0;-1;1;0,1049;1264;1022;1021;1258,0;1;2;3;4
1578,0;-1;1;1;1;1;0;0;-1;0;-1;0;0;0;0;-1;1;0;0;0;-1;0;0;0;0,1482;1911;1023;1277;1276,0;1;2;3;4
1579,0;1;-1;0;0;-1;0;1;0;-1;1;-1;0;-1;1;0;0;1;0;0;0;1;-1;0;0,1416;2043;2044;1683;1024,0;1;2;3;4
1580,0;-1;1;0;-1;1;0;0;0;0;-1;0;0;-1;0;0;0;1;0;0;1;0;0;0;0,1917;1025;1782;1684;1611,0;1;2;3;4
1581,0;1;1;0;1;-1;0;0;0;0;-1;0;0;-1;0;0;0;1;0;0;-1;0;0;0;0,1830;1611;1783;1686;1025,0;1;2;3;4
1582,0;0;0;0;1;0;0;0;0;1;0;0;0;-1;1;0;0;1;0;0;-1;-1;-1;0;0,1026;1356;1817;1687;1777,0;1;2;3;4
1583,0;0;0;0;-1;0;0;0;0;1;0;0;0;1;-1;0;0;-1;0;1;1;-1;1;-1;0,1817;1828;1026;1815;2024,0;1;2;3;4
1584,0;-1;0;1;0;1;0;0;-1;1;0;0;0;-1;0;-1;1;1;0;-1;0;-1;0;1;0,1027;1822;1399;1384;1413,0;1;2;3;4
1585,0;1;0;-1;0;-1;0;0;1;-1;0;0;0;-1;0;1;-1;1;0;1;0;1;0;-1;0,1413;2045;1675;1808;1027,0;1;2;3;4
1586,0;0;0;0;1;0;0;-1;0;1;0;1;0;0;0;0;0;0;0;-1;-1;-1;0;1;0,1124;1028;1947;1978;1056,0;1;2;3;4
1587,0;-1;0;1;-1;1;0;0;0;0;0;0;0;-1;0;-1;0;1;0;0;1;0;0;0;0,1924;1029;1676;2046;1617,0;1;2;3;4
1588,0;1;1;-1;-1;-1;0;0;0;0;-1;0;0;1;0;1;0;-1;0;0;1;0;0;0;0,1994;2046;1233;1029;2047,0;1;2;3;4
1589,0;1;0;1;1;-1;0;0;0;0;0;0;0;-1;0;-1;0;1;0;0;-1;0;0;0;0,1818;1617;1677;2047;1029,0;1;2;3;4
1590,0;0;0;0;1;0;0;0;0;1;0;0;0;-1;0;0;0;1;0;1;-1;-1;0;-1;0,1030;1362;1678;1170;2048,0;1;2;3;4
1591,0;0;0;0;-1;0;0;0;0;1;0;0;0;1;0;0;0;-1;0;-1;1;-1;0;1;0,1170;1813;1815;1030;1804,0;1;2;3;4
1592,0;1;0;0;0;-1;0;0;1;-1;0;0;0;0;-1;0;-1;0;0;0;0;1;1;0;0,1123;1032;1031;1752;1948,0;1;2;3;4
1593,0;0;0;-1;0;0;0;0;1;0;0;0;0;0;-1;1;-1;0;0;1;0;0;1;-1;0,1850;1755;1033;1032;1253,0;1;2;3;4
1594,0;0;0;1;0;0;0;0;1;0;0;0;0;0;1;-1;-1;0;0;1;0;0;-1;-1;0,1033;1364;1850;2049;1668,0;1;2;3;4
1595,0;0;0;-1;0;0;0;0;-1;0;0;0;0;0;1;1;1;0;0;1;0;0;-1;-1;0,1364;1033;1755;1095;1669,0;1;2;3;4
1596,0;1;-1;0;1;-1;0;1;-1;0;1;-1;0;0;-1;0;1;0;0;0;-1;0;1;0;0,1990;1207;1843;1035;1034,0;1;2;3;4
1597,0;-1;1;0;-1;1;0;0;1;0;-1;0;0;0;0;0;-1;0;0;0;1;0;0;0;0,1035;2050;2051;1990;2052,0;1;2;3;4
1598,0;0;0;0;-1;0;0;0;-1;-1;0;0;0;0;1;0;1;0;0;0;1;1;-1;0;0,1036;1908;1907;1037;1239,0;1;2;3;4
1599,0;0;0;0;1;0;0;0;1;1;0;0;0;0;1;0;-1;0;0;0;-1;-1;-1;0;0,1908;1036;1906;1930;1377,0;1;2;3;4
1600,0;0;0;0;1;0;0;0;-1;-1;0;0;0;0;-1;0;1;0;0;0;-1;1;1;0;0,1907;1906;1036;1038;2053,0;1;2;3;4
1601,0;1;1;0;-1;-1;0;0;1;1;-1;0;0;0;1;0;-1;0;0;0;1;-1;-1;0;0,2054;1503;2055;2053;1038,0;1;2;3;4
1602,0;1;0;0;0;-1;0;1;0;1;0;-1;0;0;0;0;0;0;0;-1;0;-1;0;1;0,1228;1741;1041;1989;1039,0;1;2;3;4
1603,0;1;0;0;0;-1;0;1;0;-1;0;-1;0;0;0;0;0;0;0;-1;0;1;0;1;0,1044;1115;1826;1042;1989,0;1;2;3;4
1604,0;1;-1;0;-1;-1;0;1;0;1;1;-1;0;0;0;0;0;0;0;1;1;-1;0;-1;0,1776;1043;2039;1308;1515,0;1;2;3;4
1605,0;-1;0;0;0;1;0;-1;0;-1;0;1;0;0;0;0;0;0;0;-1;0;1;0;1;0,1826;1308;1044;1043;1230,0;1;2;3;4
1606,0;-1;0;0;0;1;0;1;0;1;0;-1;0;0;0;0;0;0;0;1;0;-1;0;-1;0,1989;1462;1230;1228;1044,0;1;2;3;4
1607,0;0;0;0;1;0;0;0;-1;1;0;0;0;0;-1;0;1;0;0;0;-1;-1;1;0;0,1045;1111;1930;1906;1135,0;1;2;3;4
1608,0;0;0;0;-1;0;0;0;-1;1;0;0;0;0;1;0;1;0;0;0;1;-1;-1;0;0,1930;1320;1045;1908;1726,0;1;2;3;4
1609,0;-1;-1;0;1;1;0;0;0;0;1;0;0;0;0;0;0;0;0;-1;-1;0;0;1;0,2056;1049;1893;2042;1046,0;1;2;3;4
1610,0;1;1;0;1;-1;0;0;0;0;-1;0;0;0;0;0;0;0;0;-1;-1;0;0;1;0,1775;1893;1049;1774;1047,0;1;2;3;4
1611,0;-1;1;0;1;1;0;0;0;0;-1;0;0;-1;0;0;0;1;0;0;-1;0;0;0;0,1050;1581;1796;1709;1580,0;1;2;3;4
1612,0;-1;0;0;0;1;0;-1;0;-1;0;1;0;-1;0;0;0;1;0;0;0;1;0;0;0,2057;1050;1929;1710;2043,0;1;2;3;4
1613,0;0;-1;1;1;0;0;1;0;-1;1;-1;0;0;0;-1;0;0;0;0;-1;1;0;0;0,1052;1051;1983;1982;1980,0;1;2;3;4
1614,0;0;1;1;0;0;0;1;0;0;-1;-1;0;0;1;-1;0;0;0;0;0;0;-1;0;0,1793;1571;1051;2058;1570,0;1;2;3;4
1615,0;0;-1;-1;1;0;0;-1;0;1;1;1;0;0;-1;1;0;0;0;0;-1;-1;1;0;0,1157;1982;2058;1051;2028,0;1;2;3;4
1616,0;0;-1;0;0;0;0;-1;1;0;1;1;0;-1;-1;0;-1;1;0;0;0;0;1;0;0,1863;1910;1052;1715;1862,0;1;2;3;4
1617,0;-1;0;1;1;1;0;0;0;0;0;0;0;-1;0;-1;0;1;0;0;-1;0;0;0;0,1054;1589;1703;2059;1587,0;1;2;3;4
1618,0;-1;0;0;0;1;0;0;-1;-1;0;0;0;-1;0;0;1;1;0;0;0;1;0;0;0,2060;1054;1704;1435;2045,0;1;2;3;4
1619,0;0;0;-1;1;0;0;-1;1;-1;0;1;0;0;0;1;-1;0;0;0;-1;1;0;0;0,1056;1055;1946;2061;2016,0;1;2;3;4
1620,0;0;-1;1;0;0;0;0;1;0;1;0;0;-1;0;-1;-1;1;0;1;0;0;0;-1;0,2062;1549;1714;1055;1548,0;1;2;3;4
1621,0;0;0;-1;1;0;0;-1;0;0;0;1;0;1;-1;1;0;-1;0;0;-1;0;1;0;0,1059;1330;1057;1281;1280,0;1;2;3;4
1622,0;0;0;1;0;0;0;1;0;0;0;-1;0;-1;1;-1;0;1;0;0;0;0;-1;0;0,1163;1542;1058;1712;1541,0;1;2;3;4
1623,0;0;0;-1;0;0;0;-1;0;0;0;1;0;-1;0;1;0;1;0;-1;0;0;0;1;0,1861;1332;1708;1059;1860,0;1;2;3;4
1624,0;-1;1;0;0;1;0;-1;1;0;-1;1;0;0;-1;0;-1;0;0;1;0;0;1;-1;0,1333;1061;2063;2064;1060,0;1;2;3;4
1625,0;-1;0;1;0;1;0;1;-1;0;0;-1;0;0;1;-1;1;0;0;-1;0;0;-1;1;0,1338;1063;2065;2013;1062,0;1;2;3;4
1626,0;1;0;-1;0;-1;0;1;1;-1;0;-1;0;0;1;1;-1;0;0;1;0;1;-1;-1;0,1555;2003;1067;2066;1551,0;1;2;3;4
1627,0;0;0;1;0;0;0;-1;-1;1;0;1;0;0;-1;-1;1;0;0;-1;0;-1;1;1;0,1273;2008;2066;1067;1537,0;1;2;3;4
1628,0;1;0;0;0;-1;0;0;-1;0;0;0;0;-1;0;0;1;1;0;-1;0;0;0;1;0,1282;1068;2001;1198;2000,0;1;2;3;4
1629,0;0;1;0;0;0;0;-1;-1;1;-1;1;0;0;-1;0;1;0;0;-1;0;-1;1;1;0,1306;1999;1069;2067;1640,0;1;2;3;4
1630,0;1;-1;0;0;-1;0;1;1;-1;1;-1;0;0;1;0;-1;0;0;1;0;1;-1;-1;0,1681;1997;2067;1069;1652,0;1;2;3;4
1631,0;1;0;0;0;-1;0;-1;0;0;0;1;0;1;-1;0;0;-1;0;0;0;0;1;0;0,1314;1070;1247;2007;2006,0;1;2;3;4
1632,0;-1;0;0;0;1;0;1;0;0;0;-1;0;-1;-1;0;0;1;0;0;0;0;1;0;0,1969;2007;1522;1070;1083,0;1;2;3;4
1633,0;-1;0;0;0;1;0;1;0;0;0;-1;0;1;1;0;0;-1;0;0;0;0;-1;0;0,1968;2006;1543;1083;1070,0;1;2;3;4
1634,0;0;-1;0;0;0;0;0;0;1;1;0;0;0;-1;0;0;0;0;1;0;-1;1;-1;0,1075;1154;1928;1927;1073,0;1;2;3;4
1635,0;0;-1;0;0;0;0;0;0;-1;1;0;0;0;1;0;0;0;0;-1;0;1;-1;1;0,1076;1241;2068;1891;1074,0;1;2;3;4
1636,0;0;1;0;0;0;0;0;0;-1;-1;0;0;0;-1;0;0;0;0;1;0;1;1;-1;0,1154;1075;1891;2068;1137,0;1;2;3;4
1637,0;0;-1;0;0;0;0;0;0;1;1;0;0;0;1;0;0;0;0;1;0;-1;-1;-1;0,1995;1891;1075;1241;1738,0;1;2;3;4
1638,0;0;1;0;0;0;0;0;0;1;-1;0;0;0;-1;0;0;0;0;-1;0;-1;1;1;0,1927;2068;1241;1075;1880,0;1;2;3;4
1639,0;0;-1;0;1;0;0;0;0;-1;1;0;0;0;-1;0;0;0;0;-1;-1;1;1;1;0,2069;1872;1076;2070;1552,0;1;2;3;4
1640,0;0;1;0;0;0;0;0;0;-1;-1;0;0;0;1;0;0;0;0;1;0;1;-1;-1;0,1891;1995;2070;1076;1629,0;1;2;3;4
1641,0;0;-1;0;0;0;0;-1;-1;1;1;1;0;0;0;0;1;0;0;0;0;-1;0;0;0,1962;2063;1077;1955;1998,0;1;2;3;4
1642,0;0;1;0;0;0;0;1;1;1;-1;-1;0;0;0;0;-1;0;0;0;0;-1;0;0;0,2004;1745;1955;1077;1999,0;1;2;3;4
1643,0;0;1;0;0;0;0;0;1;0;-1;0;0;1;0;0;-1;-1;0;-1;0;0;0;1;0,1736;1078;1548;1746;1714,0;1;2;3;4
1644,0;0;1;0;0;0;0;0;-1;0;-1;0;0;1;0;0;1;-1;0;1;0;0;0;-1;0,1735;1714;1549;2071;1078,0;1;2;3;4
1645,0;-1;0;0;0;1;0;1;-1;1;0;-1;0;1;0;0;1;-1;0;-1;0;-1;0;1;0,1970;1916;1084;1545;2072,0;1;2;3;4
1646,0;-1;0;0;0;1;0;-1;1;-1;0;1;0;-1;0;0;-1;1;0;1;0;1;0;-1;0,1971;2073;2072;1513;1084,0;1;2;3;4
1647,0;0;-1;1;0;0;0;-1;0;0;1;1;0;0;-1;-1;0;0;0;0;0;0;1;0;0,1085;2074;1188;1187;2036,0;1;2;3;4
1648,0;0;1;-1;0;0;0;1;0;0;-1;-1;0;1;-1;1;0;-1;0;0;0;0;1;0;0,2074;1085;2075;1541;1712,0;1;2;3;4
1649,0;0;1;-1;0;0;0;-1;0;0;-1;1;0;1;1;1;0;-1;0;0;0;0;-1;0;0,2036;1712;1917;1542;1085,0;1;2;3;4
1650,0;-1;-1;0;1;1;0;0;0;-1;1;0;0;0;-1;0;0;0;0;1;-1;1;1;-1;0,1179;1086;1913;2076;1724,0;1;2;3;4
1651,0;1;1;0;-1;-1;0;0;0;1;-1;0;0;0;1;0;0;0;0;1;1;-1;-1;-1;0,2042;1913;1086;2056;1538,0;1;2;3;4
1652,0;1;-1;0;0;-1;0;0;0;1;1;0;0;0;-1;0;0;0;0;-1;0;-1;1;1;0,1115;2076;2056;1086;1630,0;1;2;3;4
1653,0;0;-1;0;-1;0;0;0;0;1;1;0;0;0;0;0;0;0;0;1;1;-1;0;-1;0,2077;2078;1089;2079;1087,0;1;2;3;4
1654,0;-1;1;1;0;1;0;0;-1;1;-1;0;0;0;0;-1;1;0;0;-1;0;-1;0;1;0,1156;2080;1243;2062;1088,0;1;2;3;4
1655,0;0;-1;0;1;0;0;0;0;1;1;0;0;0;-1;0;0;0;0;1;-1;-1;1;-1;0,1089;2070;1995;1872;1718,0;1;2;3;4
1656,0;0;1;0;-1;0;0;0;0;-1;-1;0;0;0;0;0;0;0;0;1;1;1;0;-1;0,2070;1089;2078;2069;1130,0;1;2;3;4
1657,0;0;1;0;-1;0;0;0;0;1;-1;0;0;0;0;0;0;0;0;-1;1;-1;0;1;0,1872;2069;2079;1089;1878,0;1;2;3;4
1658,0;0;-1;0;1;0;0;0;0;-1;1;0;0;0;0;0;0;0;0;-1;-1;1;0;1;0,1926;1227;1092;1887;1090,0;1;2;3;4
1659,0;-1;-1;0;0;1;0;0;-1;1;1;0;0;0;0;0;1;0;0;0;0;-1;0;0;0,2081;1091;1093;2082;1953,0;1;2;3;4
1660,0;0;-1;1;0;0;0;0;-1;0;1;0;0;0;0;-1;1;0;0;-1;0;0;0;1;0,1174;2083;1094;1091;2084,0;1;2;3;4
1661,0;0;-1;0;-1;0;0;0;0;-1;1;0;0;0;0;0;0;0;0;-1;1;1;0;1;0,1092;2079;2069;2078;1825,0;1;2;3;4
1662,0;0;1;0;1;0;0;0;0;1;-1;0;0;0;0;0;0;0;0;-1;-1;-1;0;1;0,2079;1092;1227;2077;1225,0;1;2;3;4
1663,0;0;1;0;1;0;0;0;0;-1;-1;0;0;0;0;0;0;0;0;1;-1;1;0;-1;0,2078;2077;1887;1092;1885,0;1;2;3;4
1664,0;-1;1;0;0;1;0;0;1;1;-1;0;0;0;0;0;-1;0;0;0;0;-1;0;0;0,1963;2085;2082;1093;2086,0;1;2;3;4
1665,0;-1;1;0;0;1;0;0;-1;-1;-1;0;0;0;0;0;1;0;0;0;0;1;0;0;0,1964;1936;1953;2086;1093,0;1;2;3;4
1666,0;0;1;1;0;0;0;0;1;0;-1;0;0;0;0;-1;-1;0;0;-1;0;0;0;1;0,1823;1094;2083;2018;1707,0;1;2;3;4
1667,0;0;1;1;0;0;0;0;-1;0;-1;0;0;0;0;-1;1;0;0;1;0;0;0;-1;0,1824;1707;2084;2087;1094,0;1;2;3;4
1668,0;0;0;1;0;0;0;0;1;0;0;0;0;0;-1;-1;-1;0;0;-1;0;0;1;1;0,1098;1430;1095;1755;1594,0;1;2;3;4
1669,0;0;0;-1;0;0;0;0;-1;0;0;0;0;0;-1;1;1;0;0;-1;0;0;1;1;0,1430;1098;1097;2088;1595,0;1;2;3;4
1670,0;0;0;1;-1;0;0;0;1;-1;0;0;0;0;1;-1;-1;0;0;1;1;1;-1;-1;0,2089;2090;2088;1097;2091,0;1;2;3;4
1671,0;-1;0;1;-1;1;0;0;-1;0;0;0;0;0;-1;-1;1;0;0;1;1;0;1;-1;0,1128;1215;1099;1098;1209,0;1;2;3;4
1672,0;1;0;-1;1;-1;0;0;0;0;0;0;0;0;1;1;0;0;0;0;-1;0;-1;0;0,1099;2022;1128;1810;1883,0;1;2;3;4
1673,0;-1;-1;0;1;1;0;0;-1;0;1;0;0;0;-1;0;1;0;0;-1;-1;0;1;1;0,1885;1408;1109;2092;1099,0;1;2;3;4
1674,0;-1;1;1;1;1;0;-1;0;0;-1;1;0;0;0;-1;0;0;0;0;-1;0;0;0;0,1421;1960;1311;1100;1309,0;1;2;3;4
1675,0;1;0;-1;0;-1;0;0;1;-1;0;0;0;1;0;1;-1;-1;0;1;0;1;0;-1;0,1481;2093;1585;2094;1101,0;1;2;3;4
1676,0;-1;0;1;-1;1;0;0;0;0;0;0;0;1;0;-1;0;-1;0;0;1;0;0;0;0,1965;1102;1587;1818;1703,0;1;2;3;4
1677,0;1;0;1;1;-1;0;0;0;0;0;0;0;1;0;-1;0;-1;0;0;-1;0;0;0;0,1757;1703;1589;1819;1102,0;1;2;3;4
1678,0;0;0;0;1;0;0;0;0;1;0;0;0;1;0;0;0;-1;0;1;-1;-1;0;-1;0,1103;1436;1590;1781;1813,0;1;2;3;4
1679,0;0;0;0;-1;0;0;0;0;1;0;0;0;-1;1;0;0;1;0;-1;1;-1;-1;1;0,1781;1754;1779;1103;2092,0;1;2;3;4
1680,0;0;-1;0;0;0;0;-1;0;0;1;1;0;-1;0;0;0;1;0;1;0;0;0;-1;0,1251;1108;1814;1107;1249,0;1;2;3;4
1681,0;-1;1;0;0;1;0;0;1;-1;-1;0;0;0;1;0;-1;0;0;1;0;1;-1;-1;0,1630;2053;2092;1109;1115,0;1;2;3;4
1682,0;-1;1;0;0;1;0;-1;0;1;-1;1;0;1;-1;0;0;-1;0;0;0;-1;1;0;0,1110;1786;1461;1472;1479,0;1;2;3;4
1683,0;1;-1;0;0;-1;0;1;0;-1;1;-1;0;1;1;0;0;-1;0;0;0;1;-1;0;0,1479;2095;1863;1579;1110,0;1;2;3;4
1684,0;-1;1;0;-1;1;0;0;0;0;-1;0;0;1;0;0;0;-1;0;0;1;0;0;0;0,1972;1112;2096;1580;1709,0;1;2;3;4
1685,0;1;-1;1;-1;-1;0;0;0;0;1;0;0;-1;0;-1;0;1;0;0;1;0;0;0;0,2002;2096;1112;1171;2097,0;1;2;3;4
1686,0;1;1;0;1;-1;0;0;0;0;-1;0;0;1;0;0;0;-1;0;0;-1;0;0;0;0,1782;1709;2097;1581;1112,0;1;2;3;4
1687,0;0;0;0;1;0;0;0;0;1;0;0;0;1;1;0;0;-1;0;0;-1;-1;-1;0;0,1113;1444;1232;1582;2098,0;1;2;3;4
1688,0;0;0;0;-1;0;0;0;0;1;0;0;0;-1;-1;0;0;1;0;0;1;-1;1;0;0,1232;1777;1113;1779;1859,0;1;2;3;4
1689,0;0;1;0;0;0;0;1;0;0;-1;-1;0;0;1;0;0;0;0;1;0;0;-1;-1;0,1114;1445;2099;1795;1573,0;1;2;3;4
1690,0;0;-1;0;0;0;0;1;0;0;1;-1;0;0;1;0;0;0;0;-1;0;0;-1;1;0,1795;1794;1115;1114;1206,0;1;2;3;4
1691,0;1;0;-1;1;-1;0;-1;1;0;0;1;0;0;0;1;-1;0;0;-1;-1;0;0;1;0,1950;1254;1118;1771;1116,0;1;2;3;4
1692,0;0;0;0;-1;0;0;-1;0;-1;0;1;0;0;0;0;0;0;0;1;1;1;0;-1;0,1117;1959;1119;1958;1176,0;1;2;3;4
1693,0;0;0;0;1;0;0;1;0;1;0;-1;0;0;0;0;0;0;0;1;-1;-1;0;-1;0,1959;1117;1978;1947;1455,0;1;2;3;4
1694,0;0;0;0;1;0;0;-1;0;-1;0;1;0;0;0;0;0;0;0;-1;-1;1;0;1;0,1958;1947;1120;1117;2023,0;1;2;3;4
1695,0;-1;0;1;-1;1;0;1;0;0;0;-1;0;0;0;-1;0;0;0;0;1;0;0;0;0,1118;2100;1950;2101;2102,0;1;2;3;4
1696,0;1;0;1;-1;-1;0;1;0;1;0;-1;0;0;0;-1;0;0;0;1;1;-1;0;-1;0,2103;1514;2023;2104;1120,0;1;2;3;4
1697,0;1;0;-1;-1;-1;0;0;1;1;0;0;0;0;1;1;-1;0;0;0;1;-1;-1;0;0,1812;1122;1274;2090;1502,0;1;2;3;4
1698,0;-1;0;0;0;1;0;0;-1;-1;0;0;0;0;-1;0;1;0;0;0;0;1;1;0;0,1752;1274;1122;1123;1167,0;1;2;3;4
1699,0;-1;0;0;0;1;0;0;1;1;0;0;0;0;1;0;-1;0;0;0;0;-1;-1;0;0,1948;1365;1165;1167;1123,0;1;2;3;4
1700,0;0;0;0;-1;0;0;-1;0;1;0;1;0;0;0;0;0;0;0;1;1;-1;0;-1;0,1978;1285;1959;1124;1739,0;1;2;3;4
1701,0;-1;0;-1;1;1;0;0;0;0;0;0;0;0;-1;1;0;0;0;0;-1;0;1;0;0,2021;1128;2022;1875;1125,0;1;2;3;4
1702,0;1;0;1;1;-1;0;0;0;0;0;0;0;0;-1;-1;0;0;0;0;-1;0;1;0;0,1811;1875;1810;1128;1127,0;1;2;3;4
1703,0;-1;0;1;1;1;0;0;0;0;0;0;0;1;0;-1;0;-1;0;0;-1;0;0;0;0,1129;1677;1617;1851;1676,0;1;2;3;4
1704,0;-1;0;0;0;1;0;0;-1;-1;0;0;0;1;0;0;1;-1;0;0;0;1;0;0;0,2105;1129;1618;1977;2093,0;1;2;3;4
1705,0;0;1;-1;1;0;0;0;1;-1;-1;0;0;0;0;1;-1;0;0;0;-1;1;0;0;0,1131;1130;1941;1940;1936,0;1;2;3;4
1706,0;0;-1;-1;1;0;0;0;-1;1;1;0;0;0;0;1;1;0;0;-1;-1;-1;0;1;0,1147;1941;1130;2106;2078,0;1;2;3;4
1707,0;0;1;1;0;0;0;0;1;0;-1;0;0;0;0;-1;-1;0;0;1;0;0;0;-1;0,1849;1667;2106;1130;1666,0;1;2;3;4
1708,0;0;0;-1;0;0;0;1;-1;0;0;-1;0;1;0;1;1;-1;0;-1;0;0;0;1;0,1808;1957;1623;1131;1807,0;1;2;3;4
1709,0;-1;1;0;1;1;0;0;0;0;-1;0;0;1;0;0;0;-1;0;0;-1;0;0;0;0,1133;1686;2107;1611;1684,0;1;2;3;4
1710,0;-1;0;0;0;1;0;-1;0;-1;0;1;0;1;0;0;0;-1;0;0;0;1;0;0;0,2108;1133;1355;1612;2095,0;1;2;3;4
1711,0;0;-1;0;1;0;0;1;-1;-1;1;-1;0;0;0;0;1;0;0;0;-1;1;0;0;0,1135;1134;2109;1987;2073,0;1;2;3;4
1712,0;0;1;-1;0;0;0;1;0;0;-1;-1;0;1;1;1;0;-1;0;0;0;0;-1;0;0,2026;1649;1134;1622;1648,0;1;2;3;4
1713,0;0;-1;0;1;0;0;0;-1;0;1;0;0;-1;0;0;1;1;0;-1;-1;0;0;1;0,1138;1297;1316;1136;1315,0;1;2;3;4
1714,0;0;1;0;0;0;0;0;1;0;-1;0;0;1;0;0;-1;-1;0;1;0;0;0;-1;0,1153;1644;1620;1137;1643,0;1;2;3;4
1715,0;0;-1;0;0;0;0;0;-1;0;1;0;0;1;-1;0;1;-1;0;0;0;0;1;0;0,1806;1298;1138;1616;1805,0;1;2;3;4
1716,0;0;0;0;1;0;0;1;0;-1;0;-1;0;1;0;0;0;-1;0;1;-1;1;0;-1;0,1140;1768;1139;1767;1856,0;1;2;3;4
1717,0;0;0;0;-1;0;0;-1;0;1;0;1;0;1;-1;0;0;-1;0;1;1;-1;1;-1;0,1768;1140;1148;1434;1550,0;1;2;3;4
1718,0;0;0;0;-1;0;0;1;0;-1;0;-1;0;-1;1;0;0;1;0;-1;1;1;-1;1;0,1767;1434;1723;1140;1655,0;1;2;3;4
1719,0;0;0;0;-1;0;0;0;1;0;0;0;0;1;0;0;-1;-1;0;-1;1;0;0;1;0,1288;1141;1527;1162;1528,0;1;2;3;4
1720,0;0;0;0;-1;0;0;0;-1;0;0;0;0;-1;0;0;1;1;0;-1;1;0;0;1;0,1289;1527;1141;1725;1529,0;1;2;3;4
1721,0;0;0;0;1;0;0;0;1;-1;0;0;0;-1;1;0;-1;1;0;0;-1;1;-1;0;0,1144;1841;1840;1142;1801,0;1;2;3;4
1722,0;0;0;0;-1;0;0;1;0;0;0;-1;0;-1;-1;0;0;1;0;0;1;0;1;0;0,1321;1143;1149;1526;1530,0;1;2;3;4
1723,0;0;0;0;-1;0;0;-1;0;0;0;1;0;1;-1;0;0;-1;0;0;1;0;1;0;0,1322;1526;1718;1143;1531,0;1;2;3;4
1724,0;0;0;0;-1;0;0;0;-1;1;0;0;0;-1;1;0;1;1;0;-1;1;-1;-1;1;0,1841;1144;1354;1161;1650,0;1;2;3;4
1725,0;0;0;0;-1;0;0;0;1;-1;0;0;0;1;-1;0;-1;-1;0;1;1;1;1;-1;0,1840;1354;1144;1720;1559,0;1;2;3;4
1726,0;-1;-1;0;1;1;0;0;-1;-1;1;0;0;0;-1;0;1;0;0;0;-1;1;1;0;0,2050;1146;2110;2111;1608,0;1;2;3;4
1727,0;1;1;-1;-1;-1;0;0;1;1;-1;0;0;0;1;1;-1;0;0;0;1;-1;-1;0;0,2107;2110;1146;1147;2112,0;1;2;3;4
1728,0;-1;0;1;1;1;0;0;-1;-1;0;0;0;0;-1;-1;1;0;0;0;-1;1;1;0;0,1883;1553;1882;2112;1147,0;1;2;3;4
1729,0;0;0;-1;0;0;0;1;-1;-1;0;-1;0;0;0;1;1;0;0;0;0;1;0;0;0,1151;1150;2009;2008;1993,0;1;2;3;4
1730,0;0;0;-1;0;0;0;1;0;0;0;-1;0;1;1;1;0;-1;0;0;0;0;-1;0;0,1152;1791;1150;1854;1790,0;1;2;3;4
1731,0;0;0;1;0;0;0;-1;-1;-1;0;1;0;0;0;-1;1;0;0;0;0;1;0;0;0,2009;1539;1151;1916;1915,0;1;2;3;4
1732,0;1;0;-1;0;-1;0;1;1;-1;0;-1;0;0;0;1;-1;0;0;0;0;1;0;0;0,2035;2064;1916;1151;1914,0;1;2;3;4
1733,0;0;0;1;0;0;0;-1;0;0;0;1;0;1;1;-1;0;-1;0;0;0;0;-1;0;0,1791;1152;1541;1748;1519,0;1;2;3;4
1734,0;0;0;1;0;0;0;1;0;0;0;-1;0;1;-1;-1;0;-1;0;0;0;0;1;0;0,1790;1519;2113;1749;1152,0;1;2;3;4
1735,0;0;-1;0;0;0;0;0;-1;0;1;0;0;1;0;0;1;-1;0;1;0;0;0;-1;0,1644;1153;1746;2075;1518,0;1;2;3;4
1736,0;0;-1;0;0;0;0;0;1;0;1;0;0;1;0;0;-1;-1;0;-1;0;0;0;1;0,1643;1518;1747;1847;1153,0;1;2;3;4
1737,0;0;1;0;-1;0;0;0;0;-1;-1;0;0;0;1;0;0;0;0;1;1;1;-1;-1;0,1887;1928;1154;1926;1898,0;1;2;3;4
1738,0;0;-1;0;0;0;0;0;0;-1;1;0;0;0;-1;0;0;0;0;-1;0;1;1;1;0,2068;1927;1926;1154;1637,0;1;2;3;4
1739,0;-1;0;-1;1;1;0;-1;0;-1;0;1;0;0;0;1;0;0;0;-1;-1;1;0;1;0,2100;1156;2114;2115;1700,0;1;2;3;4
1740,0;1;-1;1;-1;-1;0;1;0;1;1;-1;0;0;0;-1;0;0;0;1;1;-1;0;-1;0,2059;2115;1157;1156;2116,0;1;2;3;4
1741,0;-1;1;0;1;1;0;-1;0;-1;-1;1;0;0;0;0;0;0;0;-1;-1;1;0;1;0,1865;1602;2116;1864;1157,0;1;2;3;4
1742,0;0;-1;0;0;0;0;-1;1;-1;1;1;0;0;0;0;-1;0;0;0;0;1;0;0;0,1159;1158;1999;1998;1955,0;1;2;3;4
1743,0;0;-1;0;0;0;0;0;1;0;1;0;0;-1;0;0;-1;1;0;1;0;0;0;-1;0,1160;1847;1799;1158;1846,0;1;2;3;4
1744,0;1;-1;0;0;-1;0;1;1;-1;1;-1;0;0;0;0;-1;0;0;0;0;1;0;0;0,2086;2065;1159;1964;1963,0;1;2;3;4
1745,0;0;1;0;0;0;0;-1;-1;-1;-1;1;0;0;0;0;1;0;0;0;0;1;0;0;0,1998;1642;1964;1159;1962,0;1;2;3;4
1746,0;0;1;0;0;0;0;0;-1;0;-1;0;0;-1;0;0;1;1;0;1;0;0;0;-1;0,1847;1160;1735;1643;1505,0;1;2;3;4
1747,0;0;1;0;0;0;0;0;1;0;-1;0;0;-1;0;0;-1;1;0;-1;0;0;0;1;0,1846;1505;1736;2117;1160,0;1;2;3;4
1748,0;0;0;-1;0;0;0;-1;0;0;0;1;0;-1;1;1;0;1;0;0;0;0;-1;0;0,1542;1163;2019;1733;1508,0;1;2;3;4
1749,0;0;0;-1;0;0;0;1;0;0;0;-1;0;-1;-1;1;0;1;0;0;0;0;1;0;0,1541;1508;1791;1734;1163,0;1;2;3;4
1750,0;0;0;-1;0;0;0;0;0;-1;0;0;0;0;-1;1;0;0;0;-1;0;1;1;1;0,2010;1976;1164;1974;1536,0;1;2;3;4
1751,0;0;0;1;-1;0;0;0;0;-1;0;0;0;0;1;-1;0;0;0;1;1;1;-1;-1;0,1869;1975;1974;1164;1881,0;1;2;3;4
1752,0;1;0;0;0;-1;0;0;-1;-1;0;0;0;0;-1;0;1;0;0;0;0;1;1;0;0,1698;1165;1365;1592;1403,0;1;2;3;4
1753,0;-1;0;1;0;1;0;0;0;-1;0;0;0;0;-1;-1;0;0;0;1;0;1;1;-1;0,1166;2021;1961;2020;1199,0;1;2;3;4
1754,0;0;0;0;-1;0;0;0;0;-1;0;0;0;-1;1;0;0;1;0;-1;1;1;-1;1;0,1967;1679;2098;1168;2099,0;1;2;3;4
1755,0;0;0;-1;0;0;0;0;-1;0;0;0;0;0;-1;1;1;0;0;1;0;0;1;-1;0,1245;1593;1595;1668;1169,0;1;2;3;4
1756,0;0;0;0;1;0;0;0;0;-1;0;0;0;1;0;0;0;-1;0;-1;-1;1;0;1;0,1813;1170;1816;1362;1203,0;1;2;3;4
1757,0;-1;0;-1;-1;1;0;0;0;0;0;0;0;1;0;1;0;-1;0;0;1;0;0;0;0,1677;1171;1818;2096;1800,0;1;2;3;4
1758,0;1;0;-1;1;-1;0;0;0;0;0;0;0;1;0;1;0;-1;0;0;-1;0;0;0;0,1966;1800;1819;2097;1171,0;1;2;3;4
1759,0;-1;0;0;0;1;0;0;1;1;0;0;0;1;0;0;-1;-1;0;0;0;-1;0;0;0,1172;2105;1820;2045;1435,0;1;2;3;4
1760,0;1;0;0;0;-1;0;0;-1;1;0;0;0;-1;0;0;1;1;0;0;0;-1;0;0;0,2045;1857;2118;1172;2060,0;1;2;3;4
1761,0;1;0;0;0;-1;0;0;1;-1;0;0;0;1;0;0;-1;-1;0;0;0;1;0;0;0,1435;1399;1822;2060;1172,0;1;2;3;4
1762,0;0;0;1;-1;0;0;-1;-1;1;0;1;0;0;0;-1;1;0;0;0;1;-1;0;0;0,1176;1272;1173;2016;2061,0;1;2;3;4
1763,0;1;0;-1;-1;-1;0;1;1;1;0;-1;0;0;0;1;-1;0;0;0;1;-1;0;0;0,2102;2119;2016;1173;1946,0;1;2;3;4
1764,0;-1;0;1;1;1;0;1;-1;-1;0;-1;0;0;0;-1;1;0;0;0;-1;1;0;0;0,1938;1920;2061;1946;1173,0;1;2;3;4
1765,0;0;1;-1;0;0;0;0;1;0;-1;0;0;1;0;1;-1;-1;0;-1;0;0;0;1;0,2083;1174;1846;1925;1799,0;1;2;3;4
1766,0;0;1;-1;0;0;0;0;-1;0;-1;0;0;1;0;1;1;-1;0;1;0;0;0;-1;0,2084;1799;1847;2113;1174,0;1;2;3;4
1767,0;0;0;0;1;0;0;1;0;-1;0;-1;0;-1;1;0;0;1;0;-1;-1;1;-1;1;0,1718;1175;1322;1716;2021,0;1;2;3;4
1768,0;0;0;0;1;0;0;-1;0;1;0;1;0;1;-1;0;0;-1;0;1;-1;-1;1;-1;0,1717;1716;1530;1175;1926,0;1;2;3;4
1769,0;0;0;1;0;0;0;-1;1;0;0;1;0;0;0;-1;-1;0;0;1;0;0;0;-1;0,2120;1214;1177;1176;2121,0;1;2;3;4
1770,0;0;0;-1;0;0;0;1;1;0;0;-1;0;0;0;1;-1;0;0;1;0;0;0;-1;0,1177;1945;2120;2122;1429,0;1;2;3;4
1771,0;0;0;1;0;0;0;-1;-1;0;0;1;0;0;0;-1;1;0;0;1;0;0;0;-1;0,1945;1177;1422;1691;1942,0;1;2;3;4
1772,0;0;0;1;0;0;0;1;1;0;0;-1;0;0;0;-1;-1;0;0;-1;0;0;0;1;0,1429;1942;2121;1398;1177,0;1;2;3;4
1773,0;1;1;0;-1;-1;0;0;0;0;-1;0;0;0;0;0;0;0;0;-1;1;0;0;1;0,2076;1181;1865;1179;1774,0;1;2;3;4
1774,0;1;1;0;1;-1;0;0;0;0;-1;0;0;0;0;0;0;0;0;1;-1;0;0;-1;0,1180;1776;1576;1610;1773,0;1;2;3;4
1775,0;-1;-1;0;-1;1;0;0;0;0;1;0;0;0;0;0;0;0;0;-1;1;0;0;1;0,1610;1865;1181;1180;2042,0;1;2;3;4
1776,0;-1;1;0;1;1;0;0;0;0;-1;0;0;0;0;0;0;0;0;1;-1;0;0;-1;0,1604;1774;2042;1893;1181,0;1;2;3;4
1777,0;0;0;0;-1;0;0;0;0;-1;0;0;0;-1;-1;0;0;1;0;0;1;1;1;0;0,1829;1688;1182;2098;1582,0;1;2;3;4
1778,0;0;-1;1;0;0;0;-1;1;0;1;1;0;-1;1;-1;-1;1;0;0;0;0;-1;0;0,1325;1267;1195;1554;1183,0;1;2;3;4
1779,0;0;0;0;-1;0;0;0;0;1;0;0;0;1;-1;0;0;-1;0;0;1;-1;1;0;0,1184;2098;1679;1688;1802,0;1;2;3;4
1780,0;0;0;0;1;0;0;0;0;-1;0;0;0;1;-1;0;0;-1;0;0;-1;1;1;0;0,2098;1184;1967;1829;1197,0;1;2;3;4
1781,0;0;0;0;1;0;0;0;0;1;0;0;0;-1;1;0;0;1;0;-1;-1;-1;-1;1;0,1679;1967;1184;1678;2088,0;1;2;3;4
1782,0;-1;-1;0;-1;1;0;0;0;0;1;0;0;1;0;0;0;-1;0;0;1;0;0;0;0,1686;1185;1580;1830;1796,0;1;2;3;4
1783,0;1;-1;0;1;-1;0;0;0;0;1;0;0;1;0;0;0;-1;0;0;-1;0;0;0;0,1973;1796;1581;1831;1185,0;1;2;3;4
1784,0;-1;0;0;0;1;0;1;0;1;0;-1;0;1;0;0;0;-1;0;0;0;-1;0;0;0,1186;2108;2123;1832;1443,0;1;2;3;4
1785,0;1;0;0;0;-1;0;-1;1;1;0;1;0;-1;0;0;-1;1;0;0;0;-1;0;0;0,2123;1271;1186;2118;2124,0;1;2;3;4
1786,0;1;0;0;0;-1;0;1;0;-1;0;-1;0;1;0;0;0;-1;0;0;0;1;0;0;0,1443;1682;2124;1834;1186,0;1;2;3;4
1787,0;0;-1;-1;0;0;0;1;0;0;1;-1;0;0;-1;1;0;0;0;0;0;0;1;0;0,1570;1187;2125;2074;1793,0;1;2;3;4
1788,0;0;-1;-1;0;0;0;-1;0;0;1;1;0;0;1;1;0;0;0;0;0;0;-1;0;0,1571;1793;2032;2036;1187,0;1;2;3;4
1789,0;0;0;-1;1;0;0;0;0;1;0;0;0;0;1;1;0;0;0;0;-1;-1;-1;0;0,1975;1869;1189;2027;1563,0;1;2;3;4
1790,0;0;0;-1;0;0;0;1;0;0;0;-1;0;1;-1;1;0;-1;0;0;0;0;1;0;0,1734;1190;2126;1838;1730,0;1;2;3;4
1791,0;0;0;-1;0;0;0;-1;0;0;0;1;0;1;1;1;0;-1;0;0;0;0;-1;0;0,1733;1730;1749;1839;1190,0;1;2;3;4
1792,0;1;0;-1;0;-1;0;1;0;-1;0;-1;0;0;0;1;0;0;0;0;0;1;0;0;0,2127;1193;2128;2025;1981,0;1;2;3;4
1793,0;0;-1;-1;0;0;0;1;0;0;1;-1;0;0;1;1;0;0;0;0;0;0;-1;0;0,1614;1788;1193;2026;1787,0;1;2;3;4
1794,0;0;-1;0;0;0;0;-1;0;0;1;1;0;0;1;0;0;0;0;-1;0;0;-1;1;0,1196;1690;1573;1572;1194,0;1;2;3;4
1795,0;0;1;0;0;0;0;1;0;0;-1;-1;0;0;1;0;0;0;0;-1;0;0;-1;1;0,1690;1196;2091;1689;1195,0;1;2;3;4
1796,0;-1;-1;0;1;1;0;0;0;0;1;0;0;1;0;0;0;-1;0;0;-1;0;0;0;0,1197;1783;1611;1855;1782,0;1;2;3;4
1797,0;-1;0;0;0;1;0;0;1;-1;0;0;0;1;-1;0;-1;-1;0;1;0;1;1;-1;0,1198;1208;2015;1282;1500,0;1;2;3;4
1798,0;1;0;0;0;-1;0;0;1;-1;0;0;0;-1;1;0;-1;1;0;0;0;1;-1;0;0,2015;1199;1198;1921;1920,0;1;2;3;4
1799,0;0;1;-1;0;0;0;0;1;0;-1;0;0;1;0;1;-1;-1;0;1;0;0;0;-1;0,2106;1766;1743;1199;1765,0;1;2;3;4
1800,0;-1;0;-1;1;1;0;0;0;0;0;0;0;1;0;1;0;-1;0;0;-1;0;0;0;0,1203;1758;1851;2107;1757,0;1;2;3;4
1801,0;1;0;0;-1;-1;0;-1;1;1;0;1;0;-1;-1;0;-1;1;0;0;1;-1;1;0;0,1207;2127;2129;1208;1721,0;1;2;3;4
1802,0;-1;0;0;1;1;0;1;0;-1;0;-1;0;1;1;0;0;-1;0;0;-1;1;-1;0;0,2129;1833;1207;1859;1779,0;1;2;3;4
1803,0;1;0;0;-1;-1;0;0;-1;1;0;0;0;-1;1;0;1;1;0;-1;1;-1;-1;1;0,1209;2015;1208;2130;2070,0;1;2;3;4
1804,0;-1;0;0;1;1;0;0;1;-1;0;0;0;1;0;0;-1;-1;0;1;-1;1;0;-1;0,2130;2118;1857;1209;1591,0;1;2;3;4
1805,0;0;-1;0;0;0;0;0;-1;0;1;0;0;1;1;0;1;-1;0;0;0;0;-1;0;0,1211;1278;1318;1862;1715,0;1;2;3;4
1806,0;0;1;0;0;0;0;0;-1;0;-1;0;0;1;-1;0;1;-1;0;0;0;0;1;0;0,1715;1279;2094;1863;1211,0;1;2;3;4
1807,0;0;0;-1;0;0;0;1;-1;0;0;-1;0;1;0;1;1;-1;0;1;0;0;0;-1;0,1214;2120;1860;1877;1708,0;1;2;3;4
1808,0;0;0;1;0;0;0;1;-1;0;0;-1;0;1;0;-1;1;-1;0;-1;0;0;0;1;0,1708;2121;1861;1585;1214,0;1;2;3;4
1809,0;1;0;1;-1;-1;0;0;0;0;0;0;0;0;-1;-1;0;0;0;0;1;0;1;0;0,2020;1219;1217;1883;1810,0;1;2;3;4
1810,0;1;0;1;1;-1;0;0;0;0;0;0;0;0;1;-1;0;0;0;0;-1;0;-1;0;0,1218;1812;1702;1672;1809,0;1;2;3;4
1811,0;-1;0;-1;-1;1;0;0;0;0;0;0;0;0;-1;1;0;0;0;0;1;0;1;0;0,1702;1883;1218;1219;2022,0;1;2;3;4
1812,0;-1;0;1;1;1;0;0;0;0;0;0;0;0;1;-1;0;0;0;0;-1;0;-1;0;0,1697;1810;1875;2022;1219,0;1;2;3;4
1813,0;0;0;0;-1;0;0;0;0;-1;0;0;0;1;0;0;0;-1;0;-1;1;1;0;1;0,1756;1591;2048;1220;1678,0;1;2;3;4
1814,0;0;1;-1;0;0;0;1;-1;0;-1;-1;0;1;0;1;1;-1;0;1;0;0;0;-1;0,1291;1301;1680;1244;1221,0;1;2;3;4
1815,0;0;0;0;-1;0;0;0;0;1;0;0;0;-1;0;0;0;1;0;-1;1;-1;0;1;0,1222;2048;1591;1583;1857,0;1;2;3;4
1816,0;0;0;0;1;0;0;0;0;-1;0;0;0;-1;0;0;0;1;0;-1;-1;1;0;1;0,2048;1222;1756;1919;1246,0;1;2;3;4
1817,0;0;0;0;1;0;0;0;0;1;0;0;0;1;-1;0;0;-1;0;1;-1;-1;1;-1;0,1583;1919;1582;1222;2040,0;1;2;3;4
1818,0;-1;0;-1;-1;1;0;0;0;0;0;0;0;-1;0;1;0;1;0;0;1;0;0;0;0,1589;1223;1757;1676;1851,0;1;2;3;4
1819,0;1;0;-1;1;-1;0;0;0;0;0;0;0;-1;0;1;0;1;0;0;-1;0;0;0;0,1925;1851;1758;1677;1223,0;1;2;3;4
1820,0;-1;0;0;0;1;0;0;1;1;0;0;0;-1;0;0;-1;1;0;0;0;-1;0;0;0,1224;2060;1759;2131;1361,0;1;2;3;4
1821,0;1;0;0;0;-1;0;1;-1;1;0;-1;0;1;0;0;1;-1;0;0;0;-1;0;0;0,2131;1303;2132;1224;2133,0;1;2;3;4
1822,0;1;0;0;0;-1;0;0;1;-1;0;0;0;-1;0;0;-1;1;0;0;0;1;0;0;0,1361;1584;1761;2133;1224,0;1;2;3;4
1823,0;0;-1;-1;0;0;0;0;1;0;1;0;0;0;0;1;-1;0;0;-1;0;0;0;1;0,1666;1226;2017;2134;1849,0;1;2;3;4
1824,0;0;-1;-1;0;0;0;0;-1;0;1;0;0;0;0;1;1;0;0;1;0;0;0;-1;0,1667;1849;2018;2083;1226,0;1;2;3;4
1825,0;0;-1;0;1;0;0;0;0;1;1;0;0;0;0;0;0;0;0;1;-1;-1;0;-1;0,1928;1887;2077;1227;1661,0;1;2;3;4
1826,0;1;0;0;0;-1;0;-1;0;-1;0;1;0;0;0;0;0;0;0;-1;0;1;0;1;0,1605;1228;1603;1462;1475,0;1;2;3;4
1827,0;-1;1;0;0;1;0;0;0;-1;-1;0;0;0;1;0;0;0;0;-1;0;1;-1;1;0,1229;2056;2076;1913;1248,0;1;2;3;4
1828,0;0;0;0;-1;0;0;0;0;-1;0;0;0;1;-1;0;0;-1;0;1;1;1;1;-1;0,1919;1583;1231;2048;2049,0;1;2;3;4
1829,0;0;0;0;1;0;0;0;0;-1;0;0;0;-1;-1;0;0;1;0;0;-1;1;1;0;0,1777;1232;1444;1780;1252,0;1;2;3;4
1830,0;-1;-1;0;-1;1;0;0;0;0;1;0;0;-1;0;0;0;1;0;0;1;0;0;0;0,1581;1233;2046;1782;1855,0;1;2;3;4
1831,0;1;-1;0;1;-1;0;0;0;0;1;0;0;-1;0;0;0;1;0;0;-1;0;0;0;0,1918;1855;2047;1783;1233,0;1;2;3;4
1832,0;-1;0;0;0;1;0;1;0;1;0;-1;0;-1;0;0;0;1;0;0;0;-1;0;0;0,1234;2057;2095;1784;1355,0;1;2;3;4
1833,0;1;0;0;0;-1;0;-1;0;1;0;1;0;1;0;0;0;-1;0;0;0;-1;0;0;0,2095;1802;1234;2132;2108,0;1;2;3;4
1834,0;1;0;0;0;-1;0;1;0;-1;0;-1;0;-1;0;0;0;1;0;0;0;1;0;0;0,1355;1472;2108;1786;1234,0;1;2;3;4
1835,0;1;-1;0;-1;-1;0;1;1;1;1;-1;0;0;0;0;-1;0;0;0;1;-1;0;0;0,2052;2135;1235;2073;1987,0;1;2;3;4
1836,0;0;1;0;-1;0;0;-1;-1;1;-1;1;0;0;0;0;1;0;0;0;1;-1;0;0;0,1239;1307;2073;1235;2109,0;1;2;3;4
1837,0;-1;1;0;1;1;0;-1;1;-1;-1;1;0;0;0;0;-1;0;0;0;-1;1;0;0;0,1912;1970;1987;2109;1235,0;1;2;3;4
1838,0;0;-1;1;0;0;0;1;0;0;1;-1;0;-1;-1;-1;0;1;0;0;0;0;1;0;0,2032;1236;1973;1790;1854,0;1;2;3;4
1839,0;0;-1;1;0;0;0;-1;0;0;1;1;0;-1;1;-1;0;1;0;0;0;0;-1;0;0,2033;1854;2117;1791;1236,0;1;2;3;4
1840,0;0;0;0;1;0;0;0;1;-1;0;0;0;1;-1;0;-1;-1;0;1;-1;1;1;-1;0,1725;1237;1721;1289;2056,0;1;2;3;4
1841,0;0;0;0;1;0;0;0;-1;1;0;0;0;-1;1;0;1;1;0;-1;-1;-1;-1;1;0,1724;1721;1237;1528;1974,0;1;2;3;4
1842,0;0;-1;0;0;0;0;1;1;0;1;-1;0;0;1;0;-1;0;0;0;0;0;-1;0;0,1238;1988;2136;2137;1349,0;1;2;3;4
1843,0;0;1;0;0;0;0;-1;-1;0;-1;1;0;0;1;0;1;0;0;0;0;0;-1;0;0,1988;1238;1596;1484;1985,0;1;2;3;4
1844,0;0;1;0;0;0;0;1;-1;0;-1;-1;0;0;1;0;1;0;0;0;0;0;-1;0;0,2137;1263;1239;1238;2138,0;1;2;3;4
1845,0;0;1;0;0;0;0;1;1;0;-1;-1;0;0;-1;0;-1;0;0;0;0;0;1;0;0,1349;1985;1471;2138;1238,0;1;2;3;4
1846,0;0;-1;0;0;0;0;0;1;0;1;0;0;-1;0;0;-1;1;0;-1;0;0;0;1;0,1747;1240;1765;2139;1743,0;1;2;3;4
1847,0;0;-1;0;0;0;0;0;-1;0;1;0;0;-1;0;0;1;1;0;1;0;0;0;-1;0,1746;1743;1766;1736;1240,0;1;2;3;4
1848,0;1;-1;0;0;-1;0;0;1;-1;1;0;0;0;0;0;-1;0;0;0;0;1;0;0;0,2140;1243;2080;2141;1939,0;1;2;3;4
1849,0;0;-1;-1;0;0;0;0;1;0;1;0;0;0;0;1;-1;0;0;1;0;0;0;-1;0,1707;1824;2062;1243;1823,0;1;2;3;4
1850,0;0;0;1;0;0;0;0;1;0;0;0;0;0;-1;-1;-1;0;0;1;0;0;1;-1;0,1593;1245;1594;2041;1244,0;1;2;3;4
1851,0;-1;0;-1;1;1;0;0;0;0;0;0;0;-1;0;1;0;1;0;0;-1;0;0;0;0,1246;1819;1800;1703;1818,0;1;2;3;4
1852,0;-1;0;0;0;1;0;1;0;-1;0;-1;0;-1;1;0;0;1;0;-1;0;1;-1;1;0,1247;1257;1314;2072;1501,0;1;2;3;4
1853,0;1;0;0;0;-1;0;1;0;-1;0;-1;0;1;0;0;0;-1;0;1;0;1;0;-1;0,2072;1248;1971;1247;1970,0;1;2;3;4
1854,0;0;-1;1;0;0;0;1;0;0;1;-1;0;-1;1;-1;0;1;0;0;0;0;-1;0;0,2058;1839;1248;1730;1838,0;1;2;3;4
1855,0;-1;-1;0;1;1;0;0;0;0;1;0;0;-1;0;0;0;1;0;0;-1;0;0;0;0,1252;1831;2059;1796;1830,0;1;2;3;4
1856,0;1;0;0;-1;-1;0;1;-1;1;0;-1;0;1;0;0;1;-1;0;-1;1;-1;0;1;0,1254;2140;1257;2142;1716,0;1;2;3;4
1857,0;-1;0;0;1;1;0;0;1;-1;0;0;0;-1;0;0;-1;1;0;1;-1;1;0;-1;0,2142;1760;1804;1254;1815,0;1;2;3;4
1858,0;1;0;0;-1;-1;0;-1;0;1;0;1;0;1;-1;0;0;-1;0;1;1;-1;1;-1;0,1258;2072;2143;1257;2011,0;1;2;3;4
1859,0;-1;0;0;1;1;0;1;0;-1;0;-1;0;-1;1;0;0;1;0;0;-1;1;-1;0;0,2143;2132;1258;1802;1688,0;1;2;3;4
1860,0;0;0;-1;0;0;0;-1;0;0;0;1;0;-1;0;1;0;1;0;1;0;0;0;-1;0,1260;1312;1807;1284;1623,0;1;2;3;4
1861,0;0;0;1;0;0;0;-1;0;0;0;1;0;-1;0;-1;0;1;0;-1;0;0;0;1;0,1623;1313;1808;2044;1260,0;1;2;3;4
1862,0;0;-1;0;0;0;0;-1;1;0;1;1;0;-1;1;0;-1;1;0;0;0;0;-1;0;0,1263;2137;1895;1805;1616,0;1;2;3;4
1863,0;0;1;0;0;0;0;-1;1;0;-1;1;0;-1;-1;0;-1;1;0;0;0;0;1;0;0,1616;2138;1683;1806;1263,0;1;2;3;4
1864,0;-1;1;0;1;1;0;-1;0;-1;-1;1;0;0;0;0;0;0;0;1;-1;1;0;-1;0,1269;1989;2038;1741;1295,0;1;2;3;4
1865,0;1;-1;0;-1;-1;0;0;0;0;1;0;0;0;0;0;0;0;0;-1;1;0;0;1;0,1741;1775;1773;1269;1576,0;1;2;3;4
1866,0;-1;0;-1;0;1;0;1;0;-1;0;-1;0;0;0;1;0;0;0;0;0;1;0;0;0,2025;1270;1991;2035;2031,0;1;2;3;4
1867,0;1;0;-1;-1;-1;0;1;0;0;0;-1;0;0;1;1;0;0;0;0;1;0;-1;0;0,1271;2125;1270;2144;2145,0;1;2;3;4
1868,0;1;0;1;-1;-1;0;-1;0;1;0;1;0;0;-1;-1;0;0;0;0;1;-1;1;0;0,1556;2035;2144;1270;1565,0;1;2;3;4
1869,0;0;0;-1;1;0;0;0;0;-1;0;0;0;0;1;1;0;0;0;0;-1;1;-1;0;0,1751;1789;1562;1565;1270,0;1;2;3;4
1870,0;0;0;1;-1;0;0;0;-1;1;0;0;0;0;-1;-1;1;0;0;0;1;-1;1;0;0,2041;2088;2090;1274;1271,0;1;2;3;4
1871,0;0;0;-1;0;0;0;1;-1;0;0;-1;0;0;1;1;1;0;0;-1;0;0;-1;1;0,2066;2126;1273;1272;2019,0;1;2;3;4
1872,0;0;-1;0;1;0;0;0;0;1;1;0;0;0;-1;0;0;0;0;-1;-1;-1;1;1;0,1657;1639;1506;1655;1272,0;1;2;3;4
1873,0;0;0;-1;0;0;0;1;1;-1;0;-1;0;0;0;1;-1;0;0;0;0;1;0;0;0,2008;1273;1992;2127;1996,0;1;2;3;4
1874,0;0;0;-1;0;0;0;0;0;-1;0;0;0;0;1;1;0;0;0;1;0;1;-1;-1;0,1537;1536;1533;1534;1273,0;1;2;3;4
1875,0;-1;0;1;1;1;0;0;0;0;0;0;0;0;-1;-1;0;0;0;0;-1;0;1;0;0,1274;1702;1812;1701;1290,0;1;2;3;4
1876,0;1;1;0;-1;-1;0;0;1;0;-1;0;0;0;0;0;-1;0;0;0;1;0;0;0;0,2111;1276;1912;2050;1911,0;1;2;3;4
1877,0;0;-1;1;0;0;0;0;1;0;1;0;0;-1;1;-1;-1;1;0;-1;0;0;-1;1;0,1902;2094;1279;1807;1504,0;1;2;3;4
1878,0;-1;1;0;1;1;0;0;1;-1;-1;0;0;0;0;0;-1;0;0;1;-1;1;0;-1;0,1292;2081;2146;2147;1657,0;1;2;3;4
1879,0;1;-1;0;-1;-1;0;1;-1;1;1;-1;0;0;0;0;1;0;0;-1;1;-1;0;1;0,2147;1977;1295;1292;2038,0;1;2;3;4
1880,0;0;1;0;0;0;0;1;1;-1;-1;-1;0;0;1;0;-1;0;0;1;0;1;-1;-1;0,2063;1962;1294;2148;1638,0;1;2;3;4
1881,0;0;-1;0;1;0;0;-1;-1;1;1;1;0;0;-1;0;1;0;0;-1;-1;-1;1;1;0,1295;1987;2148;1294;1751,0;1;2;3;4
1882,0;-1;0;1;1;1;0;0;-1;-1;0;0;0;0;1;-1;1;0;0;0;-1;1;-1;0;0,1300;1948;1728;2089;1329,0;1;2;3;4
1883,0;1;0;-1;-1;-1;0;0;0;0;0;0;0;0;-1;1;0;0;0;0;1;0;1;0;0,1728;1811;1300;1809;1672,0;1;2;3;4
1884,0;-1;-1;0;0;1;0;0;1;-1;1;0;0;0;0;0;-1;0;0;0;0;1;0;0;0,2080;1302;2086;1953;2082,0;1;2;3;4
1885,0;1;1;0;-1;-1;0;0;-1;1;-1;0;0;0;0;0;1;0;0;-1;1;-1;0;1;0,1673;2086;1302;2149;1663,0;1;2;3;4
1886,0;1;-1;0;-1;-1;0;0;1;0;1;0;0;0;0;0;-1;0;0;1;1;0;0;-1;0,1303;2134;2149;1302;2150,0;1;2;3;4
1887,0;0;-1;0;1;0;0;0;0;-1;1;0;0;0;0;0;0;0;0;1;-1;1;0;-1;0,1737;1825;1663;1658;1302,0;1;2;3;4
1888,0;0;1;0;-1;0;0;-1;0;1;-1;1;0;0;0;0;0;0;0;-1;1;-1;0;1;0,2091;2040;1308;2039;1303,0;1;2;3;4
1889,0;0;-1;0;0;0;0;1;1;-1;1;-1;0;0;0;0;-1;0;0;0;0;1;0;0;0,1999;1306;2140;1954;2004,0;1;2;3;4
1890,0;0;-1;0;0;0;0;-1;1;0;1;1;0;0;-1;0;-1;0;0;1;0;0;1;-1;0,2067;2139;1307;1306;2075,0;1;2;3;4
1891,0;0;-1;0;0;0;0;0;0;-1;1;0;0;0;1;0;0;0;0;1;0;1;-1;-1;0,1640;1637;1636;1635;1306,0;1;2;3;4
1892,0;0;0;-1;1;0;0;0;0;1;0;0;0;0;-1;1;0;0;0;-1;-1;-1;1;1;0,1561;1538;1559;1520;1307,0;1;2;3;4
1893,0;-1;1;0;1;1;0;0;0;0;-1;0;0;0;0;0;0;0;0;-1;-1;0;0;1;0,1308;1610;1609;1776;1326,0;1;2;3;4
1894,0;1;0;1;-1;-1;0;1;0;0;0;-1;0;0;0;-1;0;0;0;0;1;0;0;0;0,2114;1309;2100;1938;1960,0;1;2;3;4
1895,0;0;1;-1;0;0;0;1;0;0;-1;-1;0;1;-1;1;0;-1;0;1;0;0;1;-1;0,1905;2044;1862;1313;1516,0;1;2;3;4
1896,0;-1;0;1;1;1;0;1;0;-1;0;-1;0;0;1;-1;0;0;0;0;-1;1;-1;0;0,1327;2030;2151;2152;1561,0;1;2;3;4
1897,0;1;0;-1;-1;-1;0;-1;1;1;0;1;0;0;-1;1;-1;0;0;0;1;-1;1;0;0,2151;1929;1327;1329;2089,0;1;2;3;4
1898,0;0;0;-1;1;0;0;-1;-1;1;0;1;0;0;-1;1;1;0;0;-1;-1;-1;1;1;0,1329;1946;1328;2153;1737,0;1;2;3;4
1899,0;0;0;1;0;0;0;1;1;-1;0;-1;0;0;1;-1;-1;0;0;1;0;1;-1;-1;0,2013;1915;2153;1328;1535,0;1;2;3;4
1900,0;1;1;0;-1;-1;0;0;1;0;-1;0;0;0;1;0;-1;0;0;1;1;0;-1;-1;0,2146;1334;1333;2154;1363,0;1;2;3;4
1901,0;1;-1;0;0;-1;0;0;-1;1;1;0;0;0;-1;0;1;0;0;-1;0;-1;1;1;0,2064;2111;2154;1333;1350,0;1;2;3;4
1902,0;0;1;-1;0;0;0;0;1;0;-1;0;0;0;1;1;-1;0;0;-1;0;0;-1;1;0,1877;1944;1335;1334;1384,0;1;2;3;4
1903,0;1;0;-1;0;-1;0;-1;0;1;0;1;0;0;-1;1;0;0;0;-1;0;-1;1;1;0,2065;2114;1338;2155;1431,0;1;2;3;4
1904,0;1;0;1;-1;-1;0;1;0;0;0;-1;0;0;1;-1;0;0;0;1;1;0;-1;-1;0,2152;1340;2155;1338;1446,0;1;2;3;4
1905,0;0;-1;1;0;0;0;1;0;0;1;-1;0;0;-1;-1;0;0;0;1;0;0;1;-1;0,1895;1986;1340;1339;1461,0;1;2;3;4
1906,0;0;0;0;1;0;0;0;1;1;0;0;0;0;-1;0;-1;0;0;0;-1;-1;1;0;0,1346;1600;1599;1607;1469,0;1;2;3;4
1907,0;0;0;0;-1;0;0;0;-1;-1;0;0;0;0;-1;0;1;0;0;0;1;1;1;0;0,1600;1346;1598;1377;1930,0;1;2;3;4
1908,0;0;0;0;-1;0;0;0;1;1;0;0;0;0;1;0;-1;0;0;0;1;-1;-1;0;0,1599;1598;1346;1608;2111,0;1;2;3;4
1909,0;1;-1;0;1;-1;0;0;-1;0;1;0;0;0;0;0;1;0;0;0;-1;0;0;0;0,1347;2054;2156;1348;2157,0;1;2;3;4
1910,0;0;-1;0;0;0;0;1;-1;0;1;-1;0;0;-1;0;1;0;0;0;0;0;1;0;0,2138;1616;1347;1349;2137,0;1;2;3;4
1911,0;1;1;0;1;-1;0;0;1;0;-1;0;0;0;0;0;-1;0;0;0;-1;0;0;0;0,2051;1578;1348;2156;1876,0;1;2;3;4
1912,0;1;-1;0;-1;-1;0;0;1;0;1;0;0;0;0;0;-1;0;0;0;1;0;0;0;0,1837;1465;1876;2157;1348,0;1;2;3;4
1913,0;-1;1;0;0;1;0;0;0;-1;-1;0;0;0;1;0;0;0;0;1;0;1;-1;-1;0,1350;1651;1650;1827;2064,0;1;2;3;4
1914,0;1;0;-1;0;-1;0;1;1;1;0;-1;0;0;0;1;-1;0;0;0;0;-1;0;0;0,1568;2109;1352;1525;1732,0;1;2;3;4
1915,0;0;0;1;0;0;0;-1;-1;1;0;1;0;0;0;-1;1;0;0;0;0;-1;0;0;0,1540;1899;1525;1352;1731,0;1;2;3;4
1916,0;1;0;-1;0;-1;0;-1;1;-1;0;1;0;0;0;1;-1;0;0;0;0;1;0;0;0,1569;1645;1732;1731;1352,0;1;2;3;4
1917,0;1;-1;0;1;-1;0;1;0;0;1;-1;0;-1;-1;0;0;1;0;0;-1;0;1;0;0,1580;1353;1649;1972;2143,0;1;2;3;4
1918,0;-1;1;0;-1;1;0;-1;0;0;-1;1;0;-1;1;0;0;1;0;0;1;0;-1;0;0,1831;2143;2139;1973;1353,0;1;2;3;4
1919,0;0;0;0;1;0;0;0;0;-1;0;0;0;1;-1;0;0;-1;0;1;-1;1;1;-1;0,1828;1817;1356;1816;2154,0;1;2;3;4
1920,0;1;0;0;0;-1;0;-1;1;1;0;1;0;-1;-1;0;-1;1;0;0;0;-1;1;0;0,1543;1764;1968;1357;1798,0;1;2;3;4
1921,0;1;0;0;0;-1;0;1;-1;-1;0;-1;0;1;1;0;1;-1;0;0;0;1;-1;0;0,1544;2158;2007;1798;1357,0;1;2;3;4
1922,0;1;0;0;0;-1;0;0;1;0;0;0;0;-1;0;0;-1;1;0;1;0;0;0;-1;0,1545;1499;1358;1970;1497,0;1;2;3;4
1923,0;1;0;0;0;-1;0;0;1;0;0;0;0;1;0;0;-1;-1;0;-1;0;0;0;1;0,1546;1498;1497;2000;1358,0;1;2;3;4
1924,0;1;0;-1;1;-1;0;0;1;0;0;0;0;-1;0;1;-1;1;0;-1;-1;0;0;1;0,1587;1359;1965;2014;2142,0;1;2;3;4
1925,0;-1;0;1;-1;1;0;0;-1;0;0;0;0;-1;0;-1;1;1;0;1;1;0;0;-1;0,1819;2142;1966;1765;1359,0;1;2;3;4
1926,0;0;1;0;-1;0;0;0;0;-1;-1;0;0;0;1;0;0;0;0;-1;1;1;-1;1;0,1658;1360;1738;1737;1768,0;1;2;3;4
1927,0;0;-1;0;0;0;0;0;0;1;1;0;0;0;-1;0;0;0;0;-1;0;-1;1;1;0,1638;1738;1360;1634;2063,0;1;2;3;4
1928,0;0;1;0;-1;0;0;0;0;1;-1;0;0;0;1;0;0;0;0;1;1;-1;-1;-1;0,1825;1737;1634;1360;2020,0;1;2;3;4
1929,0;-1;0;0;0;1;0;1;-1;-1;0;-1;0;1;0;0;1;-1;0;0;0;1;0;0;0,2133;1897;1612;1361;2131,0;1;2;3;4
1930,0;0;0;0;1;0;0;0;-1;1;0;0;0;0;1;0;1;0;0;0;-1;-1;-1;0;0,1608;1367;1607;1599;1907,0;1;2;3;4
1931,0;1;1;-1;1;-1;0;0;1;0;-1;0;0;0;0;1;-1;0;0;0;-1;0;0;0;0,1464;2159;1373;1372;1478,0;1;2;3;4
1932,0;0;1;1;-1;0;0;0;-1;0;-1;0;0;0;0;-1;1;0;0;0;1;0;0;0;0,1495;1379;1374;1478;1372,0;1;2;3;4
1933,0;-1;-1;0;1;1;0;0;-1;0;1;0;0;0;0;0;1;0;0;0;-1;0;0;0;0,2053;1373;2159;2054;2160,0;1;2;3;4
1934,0;1;-1;-1;-1;-1;0;0;1;0;1;0;0;0;0;1;-1;0;0;0;1;0;0;0;0,1983;2160;1478;1374;1373,0;1;2;3;4
1935,0;0;-1;1;0;0;0;0;-1;0;1;0;0;0;-1;-1;1;0;0;1;0;0;1;-1;0,1395;1504;1380;1408;2094,0;1;2;3;4
1936,0;1;1;-1;-1;-1;0;0;1;1;-1;0;0;0;0;1;-1;0;0;0;1;-1;0;0;0,1385;1665;1421;1420;1705,0;1;2;3;4
1937,0;1;-1;1;1;-1;0;1;0;0;1;-1;0;0;0;-1;0;0;0;0;-1;0;0;0;0,1386;2161;1453;1452;1412,0;1;2;3;4
1938,0;1;0;-1;-1;-1;0;1;0;0;0;-1;0;0;0;1;0;0;0;0;1;0;0;0;0,1764;1389;2162;1894;1428,0;1;2;3;4
1939,0;1;-1;0;0;-1;0;0;1;1;1;0;0;0;0;0;-1;0;0;0;0;-1;0;0;0,2158;1391;2163;2164;1848,0;1;2;3;4
1940,0;-1;1;1;1;1;0;0;-1;-1;-1;0;0;0;0;-1;1;0;0;0;-1;1;0;0;0,1952;2163;1391;1705;1420,0;1;2;3;4
1941,0;0;-1;-1;1;0;0;0;1;-1;1;0;0;0;0;1;-1;0;0;0;-1;1;0;0;0,1494;1706;1705;1391;1421,0;1;2;3;4
1942,0;0;0;1;0;0;0;-1;-1;0;0;1;0;0;0;-1;1;0;0;-1;0;0;0;1;0,1396;1772;1394;2165;1771,0;1;2;3;4
1943,0;1;0;-1;0;-1;0;1;1;-1;0;-1;0;0;0;1;-1;0;0;1;0;1;0;-1;0,2166;2167;2165;1394;2104,0;1;2;3;4
1944,0;0;1;-1;0;0;0;0;-1;0;-1;0;0;0;1;1;1;0;0;-1;0;0;-1;1;0,2094;1902;1495;1494;1395,0;1;2;3;4
1945,0;0;0;-1;0;0;0;-1;-1;0;0;1;0;0;0;1;1;0;0;1;0;0;0;-1;0,1771;1770;1398;2121;1396,0;1;2;3;4
1946,0;0;0;-1;1;0;0;1;1;-1;0;-1;0;0;0;1;-1;0;0;0;-1;1;0;0;0,1397;1898;1619;1764;1763,0;1;2;3;4
1947,0;0;0;0;1;0;0;1;0;1;0;-1;0;0;0;0;0;0;0;-1;-1;-1;0;1;0,1427;1694;1586;1693;1397,0;1;2;3;4
1948,0;1;0;0;0;-1;0;0;1;1;0;0;0;0;1;0;-1;0;0;0;0;-1;-1;0;0,1699;1882;1553;1403;1592,0;1;2;3;4
1949,0;0;1;-1;0;0;0;-1;0;0;-1;1;0;0;1;1;0;0;0;-1;0;0;-1;1;0,1468;1516;1405;1404;2044,0;1;2;3;4
1950,0;-1;0;1;-1;1;0;-1;0;0;0;1;0;0;0;-1;0;0;0;0;1;0;0;0;0,1691;1412;1695;2168;2161,0;1;2;3;4
1951,0;0;1;1;-1;0;0;-1;0;0;-1;1;0;0;0;-1;0;0;0;0;1;0;0;0;0,1488;1459;1412;1454;1453,0;1;2;3;4
1952,0;1;-1;-1;-1;-1;0;1;0;0;1;-1;0;0;0;1;0;0;0;0;1;0;0;0;0,1940;2168;1454;1412;1452,0;1;2;3;4
1953,0;-1;-1;0;0;1;0;0;-1;-1;1;0;0;0;0;0;1;0;0;0;0;1;0;0;0,2085;1421;1665;1884;1659,0;1;2;3;4
1954,0;0;-1;0;0;0;0;1;-1;-1;1;-1;0;0;0;0;1;0;0;0;0;1;0;0;0,1509;1423;2119;1889;1517,0;1;2;3;4
1955,0;0;-1;0;0;0;0;-1;1;1;1;1;0;0;0;0;-1;0;0;0;0;-1;0;0;0,1510;1424;1642;1641;1742,0;1;2;3;4
1956,0;1;0;-1;1;-1;0;-1;0;0;0;1;0;0;0;1;0;0;0;0;-1;0;0;0;0,1426;2103;1428;2169;2162,0;1;2;3;4
1957,0;0;0;-1;0;0;0;-1;1;0;0;1;0;0;0;1;-1;0;0;-1;0;0;0;1;0,2121;1708;1429;1426;2120,0;1;2;3;4
1958,0;0;0;0;-1;0;0;-1;0;-1;0;1;0;0;0;0;0;0;0;-1;1;1;0;1;0,1694;1427;1455;1692;1978,0;1;2;3;4
1959,0;0;0;0;-1;0;0;1;0;1;0;-1;0;0;0;0;0;0;0;1;1;-1;0;-1;0,1693;1692;1700;1427;2114,0;1;2;3;4
1960,0;1;0;1;1;-1;0;1;0;0;0;-1;0;0;0;-1;0;0;0;0;-1;0;0;0;0,2101;1674;2169;1428;1894,0;1;2;3;4
1961,0;-1;0;1;0;1;0;0;0;-1;0;0;0;0;1;-1;0;0;0;1;0;1;-1;-1;0,1431;1552;1753;1550;2065,0;1;2;3;4
1962,0;0;1;0;0;0;0;-1;-1;1;-1;1;0;0;0;0;1;0;0;0;0;-1;0;0;0,1641;1880;1432;1510;1745,0;1;2;3;4
1963,0;1;-1;0;0;-1;0;1;1;1;1;-1;0;0;0;0;-1;0;0;0;0;-1;0;0;0,1664;2061;1510;1432;1744,0;1;2;3;4
1964,0;1;-1;0;0;-1;0;1;-1;-1;1;-1;0;0;0;0;1;0;0;0;0;1;0;0;0,1665;1543;1745;1744;1432,0;1;2;3;4
1965,0;1;0;-1;1;-1;0;0;1;0;0;0;0;1;0;1;-1;-1;0;-1;-1;0;0;1;0,1676;1433;1924;1549;2130,0;1;2;3;4
1966,0;-1;0;1;-1;1;0;0;-1;0;0;0;0;1;0;-1;1;-1;0;1;1;0;0;-1;0,1758;2130;1925;2126;1433,0;1;2;3;4
1967,0;0;0;0;1;0;0;0;0;-1;0;0;0;-1;1;0;0;1;0;-1;-1;1;-1;1;0,1754;1781;1780;1436;2155,0;1;2;3;4
1968,0;1;0;0;0;-1;0;1;0;0;0;-1;0;1;1;0;0;-1;0;0;0;0;-1;0;0,1633;1492;1920;1439;1490,0;1;2;3;4
1969,0;1;0;0;0;-1;0;1;0;0;0;-1;0;-1;-1;0;0;1;0;0;0;0;1;0;0,1632;1491;2006;1490;1439,0;1;2;3;4
1970,0;1;0;0;0;-1;0;1;-1;1;0;-1;0;1;0;0;1;-1;0;-1;0;-1;0;1;0,1645;1837;1440;1922;1853,0;1;2;3;4
1971,0;1;0;0;0;-1;0;-1;1;-1;0;1;0;-1;0;0;-1;1;0;1;0;1;0;-1;0,1646;2170;1853;2001;1440,0;1;2;3;4
1972,0;1;-1;0;1;-1;0;1;0;0;1;-1;0;1;-1;0;0;-1;0;0;-1;0;1;0;0,1684;1441;2071;1917;2129,0;1;2;3;4
1973,0;-1;1;0;-1;1;0;-1;0;0;-1;1;0;1;1;0;0;-1;0;0;1;0;-1;0;0,1783;2129;1838;1918;1441,0;1;2;3;4
1974,0;0;0;1;-1;0;0;0;0;-1;0;0;0;0;-1;-1;0;0;0;1;1;1;1;-1;0,1562;1442;1751;1750;1841,0;1;2;3;4
1975,0;0;0;1;-1;0;0;0;0;1;0;0;0;0;1;-1;0;0;0;1;1;-1;-1;-1;0,1789;1751;1442;1532;2076,0;1;2;3;4
1976,0;0;0;-1;0;0;0;0;0;1;0;0;0;0;-1;1;0;0;0;-1;0;-1;1;1;0,1535;1750;1532;1442;2013,0;1;2;3;4
1977,0;-1;0;0;0;1;0;-1;1;-1;0;1;0;-1;0;0;-1;1;0;0;0;1;0;0;0,2124;1879;1443;1704;2123,0;1;2;3;4
1978,0;0;0;0;1;0;0;-1;0;1;0;1;0;0;0;0;0;0;0;1;-1;-1;0;-1;0,1700;1447;1693;1586;1958,0;1;2;3;4
1979,0;-1;0;-1;1;1;0;-1;0;0;0;1;0;0;0;1;0;0;0;0;-1;0;0;0;0,2023;1452;2103;2161;2168,0;1;2;3;4
1980,0;1;-1;1;-1;-1;0;1;0;1;1;-1;0;0;0;-1;0;0;0;0;1;-1;0;0;0,1463;1569;1483;1482;1613,0;1;2;3;4
1981,0;1;0;-1;0;-1;0;1;0;1;0;-1;0;0;0;1;0;0;0;0;0;-1;0;0;0,2170;1466;2171;2172;1792,0;1;2;3;4
1982,0;0;-1;-1;1;0;0;1;0;-1;1;-1;0;0;0;1;0;0;0;0;-1;1;0;0;0,1489;1615;1466;1613;1482,0;1;2;3;4
1983,0;-1;1;1;1;1;0;-1;0;-1;-1;1;0;0;0;-1;0;0;0;0;-1;1;0;0;0,1934;2172;1613;1466;1483,0;1;2;3;4
1984,0;1;-1;0;0;-1;0;1;1;-1;1;-1;0;0;1;0;-1;0;0;0;0;1;-1;0;0,2173;2174;1467;2175;2055,0;1;2;3;4
1985,0;0;1;0;0;0;0;-1;-1;0;-1;1;0;0;-1;0;1;0;0;0;0;0;1;0;0,1470;1845;2175;1467;1843,0;1;2;3;4
1986,0;0;-1;1;0;0;0;-1;0;0;1;1;0;0;-1;-1;0;0;0;1;0;0;1;-1;0,2044;1905;1489;1488;1468,0;1;2;3;4
1987,0;0;-1;0;1;0;0;1;1;-1;1;-1;0;0;0;0;-1;0;0;0;-1;1;0;0;0,1469;1881;1837;1711;1835,0;1;2;3;4
1988,0;0;-1;0;0;0;0;-1;-1;0;1;1;0;0;1;0;1;0;0;0;0;0;-1;0;0,1843;1842;2138;1471;1470,0;1;2;3;4
1989,0;1;0;0;0;-1;0;1;0;1;0;-1;0;0;0;0;0;0;0;1;0;-1;0;-1;0,1606;1864;1475;1602;1603,0;1;2;3;4
1990,0;-1;1;0;-1;1;0;0;-1;0;-1;0;0;0;0;0;1;0;0;0;1;0;0;0;0,1596;1478;2160;1597;2159,0;1;2;3;4
1991,0;-1;0;-1;0;1;0;-1;0;-1;0;1;0;0;0;1;0;0;0;0;0;1;0;0;0,2034;1482;1866;1569;1566,0;1;2;3;4
1992,0;0;0;-1;0;0;0;-1;1;-1;0;1;0;0;0;1;-1;0;0;0;0;1;0;0;0,1524;1486;1873;2135;1507,0;1;2;3;4
1993,0;0;0;-1;0;0;0;1;-1;1;0;-1;0;0;0;1;1;0;0;0;0;-1;0;0;0,1525;1487;1540;1539;1729,0;1;2;3;4
1994,0;-1;-1;1;1;1;0;0;-1;-1;1;0;0;0;-1;-1;1;0;0;0;-1;1;1;0;0,1588;2055;1503;1502;2090,0;1;2;3;4
1995,0;0;1;0;0;0;0;0;0;1;-1;0;0;0;1;0;0;0;0;1;0;-1;-1;-1;0,1637;1640;1655;1506;2068,0;1;2;3;4
1996,0;0;0;-1;0;0;0;1;1;1;0;-1;0;0;0;1;-1;0;0;0;0;-1;0;0;0,1539;2009;1507;2170;1873,0;1;2;3;4
1997,0;-1;0;1;0;1;0;-1;-1;1;0;1;0;0;0;-1;1;0;0;0;0;-1;0;0;0,2171;1630;2170;1507;2135,0;1;2;3;4
1998,0;0;-1;0;0;0;0;-1;-1;-1;1;1;0;0;0;0;1;0;0;0;0;1;0;0;0,1745;2004;1509;1742;1641,0;1;2;3;4
1999,0;0;1;0;0;0;0;1;1;-1;-1;-1;0;0;0;0;-1;0;0;0;0;1;0;0;0,1889;1629;1742;1509;1642,0;1;2;3;4
2000,0;1;0;0;0;-1;0;0;-1;0;0;0;0;-1;0;0;1;1;0;1;0;0;0;-1;0,1512;1545;1511;1923;1628,0;1;2;3;4
2001,0;1;0;0;0;-1;0;0;-1;0;0;0;0;1;0;0;1;-1;0;-1;0;0;0;1;0,1513;1546;1628;1971;1511,0;1;2;3;4
2002,0;-1;1;-1;1;1;0;-1;0;-1;-1;1;0;0;0;1;0;0;0;-1;-1;1;0;1;0,1685;2104;1515;1514;2039,0;1;2;3;4
2003,0;-1;1;0;0;1;0;-1;-1;1;-1;1;0;0;0;0;1;0;0;0;0;-1;0;0;0,2164;1626;1517;2158;2119,0;1;2;3;4
2004,0;0;-1;0;0;0;0;1;1;1;1;-1;0;0;0;0;-1;0;0;0;0;-1;0;0;0,1642;1998;2158;1517;1889,0;1;2;3;4
2005,0;0;0;1;0;0;0;0;0;1;0;0;0;0;1;-1;0;0;0;1;0;-1;-1;-1;0,1536;1537;1520;1559;2010,0;1;2;3;4
2006,0;1;0;0;0;-1;0;-1;0;0;0;1;0;1;1;0;0;-1;0;0;0;0;-1;0;0,1522;1633;1969;1521;1631,0;1;2;3;4
2007,0;1;0;0;0;-1;0;-1;0;0;0;1;0;-1;-1;0;0;1;0;0;0;0;1;0;0,1523;1632;1921;1631;1521,0;1;2;3;4
2008,0;0;0;1;0;0;0;1;1;-1;0;-1;0;0;0;-1;-1;0;0;0;0;1;0;0;0,1873;1627;1524;1729;1539,0;1;2;3;4
2009,0;0;0;-1;0;0;0;-1;-1;-1;0;1;0;0;0;1;1;0;0;0;0;1;0;0;0,1731;1996;1729;1524;1540,0;1;2;3;4
2010,0;0;0;1;0;0;0;0;0;-1;0;0;0;0;-1;-1;0;0;0;-1;0;1;1;1;0,1750;1535;1534;1533;2005,0;1;2;3;4
2011,0;0;0;-1;1;0;0;0;0;-1;0;0;0;0;1;1;0;0;0;-1;-1;1;-1;1;0,1560;1559;1538;1537;1858,0;1;2;3;4
2012,0;0;0;1;-1;0;0;0;0;-1;0;0;0;0;-1;-1;0;0;0;0;1;1;1;0;0,1538;1561;1560;1563;2027,0;1;2;3;4
2013,0;0;0;-1;0;0;0;1;1;-1;0;-1;0;0;1;1;-1;0;0;1;0;1;-1;-1;0,1899;1540;2176;1625;1976,0;1;2;3;4
2014,0;0;0;1;0;0;0;1;-1;0;0;-1;0;1;-1;-1;1;-1;0;1;0;0;1;-1;0,2019;2153;1542;1924;2066,0;1;2;3;4
2015,0;-1;0;0;0;1;0;0;1;-1;0;0;0;-1;1;0;-1;1;0;0;0;1;-1;0;0,1798;1803;1797;1544;1543,0;1;2;3;4
2016,0;1;0;-1;-1;-1;0;-1;1;1;0;1;0;0;0;1;-1;0;0;0;1;-1;0;0;0,2161;1544;1763;1762;1619,0;1;2;3;4
2017,0;0;1;-1;0;0;0;0;1;0;-1;0;0;0;0;1;-1;0;0;-1;0;0;0;1;0,1548;1547;1823;2177;2062,0;1;2;3;4
2018,0;0;1;-1;0;0;0;0;-1;0;-1;0;0;0;0;1;1;0;0;1;0;0;0;-1;0,1549;2062;1824;1666;1547,0;1;2;3;4
2019,0;0;0;-1;0;0;0;1;-1;0;0;-1;0;1;-1;1;1;-1;0;1;0;0;1;-1;0,2014;2176;1748;1548;1871,0;1;2;3;4
2020,0;-1;0;-1;1;1;0;0;0;-1;0;0;0;0;-1;1;0;0;0;-1;-1;1;1;1;0,1809;1551;1550;1753;1928,0;1;2;3;4
2021,0;1;0;1;-1;-1;0;0;0;1;0;0;0;0;-1;-1;0;0;0;1;1;-1;1;-1;0,1701;1753;1552;1551;1767,0;1;2;3;4
2022,0;-1;0;-1;1;1;0;0;0;0;0;0;0;0;1;1;0;0;0;0;-1;0;-1;0;0,1552;1672;1701;1812;1811,0;1;2;3;4
2023,0;1;0;1;-1;-1;0;-1;0;1;0;1;0;0;0;-1;0;0;0;1;1;-1;0;-1;0,1979;1555;1696;2178;1694,0;1;2;3;4
2024,0;-1;0;-1;1;1;0;1;0;-1;0;-1;0;0;1;1;0;0;0;-1;-1;1;-1;1;0,2144;2178;1556;1555;1583,0;1;2;3;4
2025,0;1;0;1;0;-1;0;1;0;-1;0;-1;0;0;0;-1;0;0;0;0;0;1;0;0;0,1866;1557;2034;1792;2172,0;1;2;3;4
2026,0;0;-1;1;0;0;0;1;0;0;1;-1;0;0;1;-1;0;0;0;0;0;0;-1;0;0,1712;2036;1557;1793;2074,0;1;2;3;4
2027,0;0;0;1;1;0;0;0;0;1;0;0;0;0;1;-1;0;0;0;0;-1;-1;-1;0;0,1558;1565;1564;1789;2012,0;1;2;3;4
2028,0;0;0;-1;-1;0;0;0;0;-1;0;0;0;0;1;1;0;0;0;0;1;1;-1;0;0,1565;1558;1563;1560;1615,0;1;2;3;4
2029,0;0;0;-1;-1;0;0;0;0;1;0;0;0;0;-1;1;0;0;0;0;1;-1;1;0;0,1564;1563;1558;1561;2152,0;1;2;3;4
2030,0;1;0;1;0;-1;0;-1;0;1;0;1;0;0;0;-1;0;0;0;0;0;-1;0;0;0,1566;1896;2172;2171;2034,0;1;2;3;4
2031,0;-1;0;-1;0;1;0;1;0;1;0;-1;0;0;0;1;0;0;0;0;0;-1;0;0;0,2172;2128;1566;1568;1866,0;1;2;3;4
2032,0;0;1;-1;0;0;0;1;0;0;-1;-1;0;0;-1;1;0;0;0;0;0;0;1;0;0,1838;1567;1788;1570;2058,0;1;2;3;4
2033,0;0;1;-1;0;0;0;-1;0;0;-1;1;0;0;1;1;0;0;0;0;0;0;-1;0;0,1839;2058;2145;1571;1567,0;1;2;3;4
2034,0;1;0;1;0;-1;0;-1;0;-1;0;1;0;0;0;-1;0;0;0;0;0;1;0;0;0,1991;1568;2025;2128;2030,0;1;2;3;4
2035,0;-1;0;1;0;1;0;1;0;-1;0;-1;0;0;0;-1;0;0;0;0;0;1;0;0;0,1732;1868;1569;1866;1568,0;1;2;3;4
2036,0;0;-1;1;0;0;0;-1;0;0;1;1;0;0;1;-1;0;0;0;0;0;0;-1;0;0,1649;2026;1570;1788;1647,0;1;2;3;4
2037,0;1;-1;1;1;-1;0;1;0;0;1;-1;0;0;-1;-1;0;0;0;0;-1;0;1;0;0,2046;2151;1571;2145;2144,0;1;2;3;4
2038,0;0;-1;0;1;0;0;1;0;-1;1;-1;0;0;0;0;0;0;0;1;-1;1;0;-1;0,1574;2099;1864;2116;1879,0;1;2;3;4
2039,0;0;1;0;-1;0;0;-1;0;1;-1;1;0;0;0;0;0;0;0;1;1;-1;0;-1;0,2099;1574;1604;1888;2002,0;1;2;3;4
2040,0;0;1;0;-1;0;0;1;0;-1;-1;-1;0;0;1;0;0;0;0;-1;1;1;-1;1;0,2116;1888;1575;1574;1817,0;1;2;3;4
2041,0;0;0;-1;1;0;0;0;-1;1;0;0;0;0;-1;1;1;0;0;-1;-1;-1;1;1;0,1870;2112;2049;1850;1574,0;1;2;3;4
2042,0;-1;-1;0;1;1;0;0;0;0;1;0;0;0;0;0;0;0;0;1;-1;0;0;-1;0,1651;1576;1776;1609;1775,0;1;2;3;4
2043,0;-1;0;0;0;1;0;-1;0;1;0;1;0;-1;0;0;0;1;0;0;0;-1;0;0;0,2132;1579;2131;2095;1612,0;1;2;3;4
2044,0;0;1;-1;0;0;0;-1;0;0;-1;1;0;1;-1;1;0;-1;0;1;0;0;1;-1;0,1986;1895;1579;1861;1949,0;1;2;3;4
2045,0;-1;0;0;0;1;0;0;-1;1;0;0;0;-1;0;0;1;1;0;0;0;-1;0;0;0,1760;1585;2093;1759;1618,0;1;2;3;4
2046,0;-1;1;-1;-1;1;0;0;0;0;-1;0;0;1;0;1;0;-1;0;0;1;0;0;0;0,2037;1588;1830;1587;2059,0;1;2;3;4
2047,0;1;1;-1;1;-1;0;0;0;0;-1;0;0;1;0;1;0;-1;0;0;-1;0;0;0;0,2134;2059;1831;1589;1588,0;1;2;3;4
2048,0;0;0;0;-1;0;0;0;0;-1;0;0;0;-1;0;0;0;1;0;-1;1;1;0;1;0,1816;1815;1813;1828;1590,0;1;2;3;4
2049,0;0;0;-1;1;0;0;0;-1;1;0;0;0;0;1;1;1;0;0;-1;-1;-1;-1;1;0,2090;2089;2041;1594;1828,0;1;2;3;4
2050,0;1;1;0;-1;-1;0;0;-1;0;-1;0;0;0;0;0;1;0;0;0;1;0;0;0;0,1726;1597;2157;1876;2156,0;1;2;3;4
2051,0;-1;-1;0;-1;1;0;0;1;0;1;0;0;0;0;0;-1;0;0;0;1;0;0;0;0,1911;2157;1597;2160;2054,0;1;2;3;4
2052,0;-1;1;0;1;1;0;0;1;0;-1;0;0;0;0;0;-1;0;0;0;-1;0;0;0;0,1835;2156;2054;2159;1597,0;1;2;3;4
2053,0;1;1;0;-1;-1;0;0;-1;1;-1;0;0;0;1;0;1;0;0;0;1;-1;-1;0;0,1933;1681;2179;1601;1600,0;1;2;3;4
2054,0;-1;-1;0;1;1;0;0;1;0;1;0;0;0;0;0;-1;0;0;0;-1;0;0;0;0,1601;1909;2052;1933;2051,0;1;2;3;4
2055,0;1;-1;0;0;-1;0;0;1;1;1;0;0;0;-1;0;-1;0;0;0;0;-1;1;0;0,2136;1994;1601;2179;1984,0;1;2;3;4
2056,0;1;1;0;-1;-1;0;0;0;1;-1;0;0;0;1;0;0;0;0;-1;1;-1;-1;1;0,1609;1827;1652;1651;1840,0;1;2;3;4
2057,0;1;0;0;0;-1;0;-1;0;-1;0;1;0;-1;0;0;0;1;0;0;0;1;0;0;0,1612;1832;2133;2108;2132,0;1;2;3;4
2058,0;0;1;-1;0;0;0;1;0;0;-1;-1;0;0;1;1;0;0;0;0;0;0;-1;0;0,1854;2033;1615;1614;2032,0;1;2;3;4
2059,0;-1;1;-1;1;1;0;0;0;0;-1;0;0;1;0;1;0;-1;0;0;-1;0;0;0;0,1740;2047;1855;1617;2046,0;1;2;3;4
2060,0;1;0;0;0;-1;0;0;-1;-1;0;0;0;-1;0;0;1;1;0;0;0;1;0;0;0,1618;1820;2105;1761;1760,0;1;2;3;4
2061,0;-1;0;1;1;1;0;-1;-1;-1;0;1;0;0;0;-1;1;0;0;0;-1;1;0;0;0,2162;1963;1764;1619;1762,0;1;2;3;4
2062,0;0;1;-1;0;0;0;0;1;0;-1;0;0;0;0;1;-1;0;0;1;0;0;0;-1;0,1620;2018;1849;1654;2017,0;1;2;3;4
2063,0;0;-1;0;0;0;0;1;1;-1;1;-1;0;0;1;0;-1;0;0;1;0;1;-1;-1;0,1880;1641;1624;2180;1927,0;1;2;3;4
2064,0;-1;1;0;0;1;0;-1;-1;1;-1;1;0;0;-1;0;1;0;0;-1;0;-1;1;1;0,1901;1732;2180;1624;1913,0;1;2;3;4
2065,0;-1;0;1;0;1;0;-1;-1;1;0;1;0;0;-1;-1;1;0;0;-1;0;-1;1;1;0,1903;1744;1625;2176;1961,0;1;2;3;4
2066,0;0;0;1;0;0;0;1;-1;0;0;-1;0;0;1;-1;1;0;0;-1;0;0;-1;1;0,1871;2113;1627;1626;2014,0;1;2;3;4
2067,0;0;1;0;0;0;0;-1;1;0;-1;1;0;0;-1;0;-1;0;0;1;0;0;1;-1;0,1890;2117;1630;1629;2071,0;1;2;3;4
2068,0;0;1;0;0;0;0;0;0;-1;-1;0;0;0;-1;0;0;0;0;-1;0;1;1;1;0,1738;1638;1635;1636;1995,0;1;2;3;4
2069,0;0;1;0;-1;0;0;0;0;-1;-1;0;0;0;0;0;0;0;0;-1;1;1;0;1;0,1639;1657;1661;1656;2077,0;1;2;3;4
2070,0;0;-1;0;1;0;0;0;0;-1;1;0;0;0;-1;0;0;0;0;1;-1;1;1;-1;0,1656;1655;1640;1639;1803,0;1;2;3;4
2071,0;0;1;0;0;0;0;-1;1;0;-1;1;0;-1;1;0;-1;1;0;-1;0;0;-1;1;0,2075;2148;1972;1644;2067,0;1;2;3;4
2072,0;-1;0;0;0;1;0;1;0;-1;0;-1;0;1;0;0;0;-1;0;1;0;1;0;-1;0,1853;1858;1646;1852;1645,0;1;2;3;4
2073,0;1;-1;0;-1;-1;0;1;-1;1;1;-1;0;0;0;0;1;0;0;0;1;-1;0;0;0,2159;1646;1836;1835;1711,0;1;2;3;4
2074,0;0;-1;1;0;0;0;1;0;0;1;-1;0;0;-1;-1;0;0;0;0;0;0;1;0;0,1648;1647;2181;1787;2026,0;1;2;3;4
2075,0;0;-1;0;0;0;0;-1;1;0;1;1;0;-1;1;0;-1;1;0;-1;0;0;-1;1;0,2071;2180;1648;1735;1890,0;1;2;3;4
2076,0;-1;-1;0;1;1;0;0;0;-1;1;0;0;0;-1;0;0;0;0;-1;-1;1;1;1;0,1773;1652;1827;1650;1975,0;1;2;3;4
2077,0;0;1;0;1;0;0;0;0;1;-1;0;0;0;0;0;0;0;0;1;-1;-1;0;-1;0,1653;1663;1825;1662;2069,0;1;2;3;4
2078,0;0;-1;0;-1;0;0;0;0;-1;1;0;0;0;0;0;0;0;0;1;1;1;0;-1;0,1663;1653;1656;1661;1706,0;1;2;3;4
2079,0;0;-1;0;-1;0;0;0;0;1;1;0;0;0;0;0;0;0;0;-1;1;-1;0;1;0,1662;1661;1657;1653;2146,0;1;2;3;4
2080,0;1;1;0;0;-1;0;0;1;-1;-1;0;0;0;0;0;-1;0;0;0;0;1;0;0;0,1884;1654;1848;2085;2163,0;1;2;3;4
2081,0;1;1;0;0;-1;0;0;-1;1;-1;0;0;0;0;0;1;0;0;0;0;-1;0;0;0,1659;1878;2164;2163;2085,0;1;2;3;4
2082,0;-1;-1;0;0;1;0;0;1;1;1;0;0;0;0;0;-1;0;0;0;0;-1;0;0;0,2163;2141;1664;1659;1884,0;1;2;3;4
2083,0;0;-1;1;0;0;0;0;1;0;1;0;0;0;0;-1;-1;0;0;-1;0;0;0;1;0,1765;1660;1666;1824;2106,0;1;2;3;4
2084,0;0;-1;1;0;0;0;0;-1;0;1;0;0;0;0;-1;1;0;0;1;0;0;0;-1;0,1766;2106;1667;2150;1660,0;1;2;3;4
2085,0;1;1;0;0;-1;0;0;-1;-1;-1;0;0;0;0;0;1;0;0;0;0;1;0;0;0,1953;1664;2141;2080;2081,0;1;2;3;4
2086,0;-1;1;0;0;1;0;0;1;-1;-1;0;0;0;0;0;-1;0;0;0;0;1;0;0;0,1744;1885;1884;1665;1664,0;1;2;3;4
2087,0;1;1;-1;1;-1;0;0;1;0;-1;0;0;0;0;1;-1;0;0;-1;-1;0;0;1;0,2096;2147;2150;1667;2149,0;1;2;3;4
2088,0;0;0;1;-1;0;0;0;1;-1;0;0;0;0;-1;-1;-1;0;0;1;1;1;1;-1;0,2112;1870;1670;1669;1781,0;1;2;3;4
2089,0;0;0;-1;1;0;0;0;1;-1;0;0;0;0;1;1;-1;0;0;0;-1;1;-1;0;0,1670;2049;2112;1882;1897,0;1;2;3;4
2090,0;0;0;1;-1;0;0;0;-1;1;0;0;0;0;1;-1;1;0;0;0;1;-1;-1;0;0,2049;1670;1870;1697;1994,0;1;2;3;4
2091,0;0;-1;0;1;0;0;-1;0;1;1;1;0;0;-1;0;0;0;0;-1;-1;-1;1;1;0,1888;2116;1795;2099;1670,0;1;2;3;4
2092,0;-1;-1;0;1;1;0;0;1;-1;1;0;0;0;-1;0;-1;0;0;1;-1;1;1;-1;0,2149;2179;1681;1673;1679,0;1;2;3;4
2093,0;-1;0;0;0;1;0;0;-1;1;0;0;0;1;0;0;1;-1;0;0;0;-1;0;0;0,2118;1675;2045;2123;1704,0;1;2;3;4
2094,0;0;-1;1;0;0;0;0;-1;0;1;0;0;-1;1;-1;1;1;0;-1;0;0;-1;1;0,1944;1877;1806;1675;1935,0;1;2;3;4
2095,0;-1;0;0;0;1;0;-1;0;1;0;1;0;1;0;0;0;-1;0;0;0;-1;0;0;0,1833;1683;1832;2043;1710,0;1;2;3;4
2096,0;-1;-1;1;-1;1;0;0;0;0;1;0;0;-1;0;-1;0;1;0;0;1;0;0;0;0,2087;1685;1684;1757;2107,0;1;2;3;4
2097,0;1;-1;1;1;-1;0;0;0;0;1;0;0;-1;0;-1;0;1;0;0;-1;0;0;0;0,2125;2107;1686;1758;1685,0;1;2;3;4
2098,0;0;0;0;-1;0;0;0;0;-1;0;0;0;1;-1;0;0;-1;0;0;1;1;1;0;0,1780;1779;1754;1777;1687,0;1;2;3;4
2099,0;0;-1;0;1;0;0;-1;0;1;1;1;0;0;-1;0;0;0;0;1;-1;-1;1;-1;0,2039;2038;1689;2091;1754,0;1;2;3;4
2100,0;1;0;1;-1;-1;0;-1;0;0;0;1;0;0;0;-1;0;0;0;0;1;0;0;0;0,1739;1695;1894;2162;2169,0;1;2;3;4
2101,0;-1;0;-1;-1;1;0;1;0;0;0;-1;0;0;0;1;0;0;0;0;1;0;0;0;0,1960;2162;2168;1695;2103,0;1;2;3;4
2102,0;-1;0;1;1;1;0;1;0;0;0;-1;0;0;0;-1;0;0;0;0;-1;0;0;0;0,1763;2169;2161;2103;1695,0;1;2;3;4
2103,0;-1;0;-1;1;1;0;1;0;0;0;-1;0;0;0;1;0;0;0;0;-1;0;0;0;0,1696;1956;1979;2102;2101,0;1;2;3;4
2104,0;1;0;-1;0;-1;0;1;0;1;0;-1;0;0;0;1;0;0;0;-1;0;-1;0;1;0,2122;2002;2178;1696;1943,0;1;2;3;4
2105,0;1;0;0;0;-1;0;0;-1;-1;0;0;0;1;0;0;1;-1;0;0;0;1;0;0;0,1704;1759;2060;2124;2118,0;1;2;3;4
2106,0;0;-1;1;0;0;0;0;1;0;1;0;0;0;0;-1;-1;0;0;1;0;0;0;-1;0,1799;2084;1707;1706;2083,0;1;2;3;4
2107,0;-1;-1;1;1;1;0;0;0;0;1;0;0;-1;0;-1;0;1;0;0;-1;0;0;0;0,1727;2097;1709;1800;2096,0;1;2;3;4
2108,0;1;0;0;0;-1;0;-1;0;-1;0;1;0;1;0;0;0;-1;0;0;0;1;0;0;0,1710;1784;1834;2057;1833,0;1;2;3;4
2109,0;-1;1;0;1;1;0;-1;-1;-1;-1;1;0;0;0;0;1;0;0;0;-1;1;0;0;0,2157;1914;1711;1837;1836,0;1;2;3;4
2110,0;-1;1;0;0;1;0;0;-1;-1;-1;0;0;0;1;0;1;0;0;0;0;1;-1;0;0,2175;1727;1726;2173;2167,0;1;2;3;4
2111,0;-1;-1;0;1;1;0;0;1;-1;1;0;0;0;-1;0;-1;0;0;0;-1;1;1;0;0,1876;1901;2173;1726;1908,0;1;2;3;4
2112,0;0;0;-1;1;0;0;0;1;-1;0;0;0;0;-1;1;-1;0;0;0;-1;1;1;0;0,2088;2041;2089;1728;1727,0;1;2;3;4
2113,0;0;0;1;0;0;0;-1;1;0;0;1;0;-1;1;-1;-1;1;0;-1;0;0;-1;1;0,2126;2066;1734;1766;2153,0;1;2;3;4
2114,0;-1;0;-1;1;1;0;1;0;-1;0;-1;0;0;0;1;0;0;0;-1;-1;1;0;1;0,1894;1903;1739;2166;1959,0;1;2;3;4
2115,0;-1;0;1;0;1;0;-1;0;-1;0;1;0;0;0;-1;0;0;0;1;0;1;0;-1;0,2165;1740;2166;1739;2174,0;1;2;3;4
2116,0;0;-1;0;1;0;0;1;0;-1;1;-1;0;0;0;0;0;0;0;-1;-1;1;0;1;0,2040;2091;1741;2038;1740,0;1;2;3;4
2117,0;0;1;0;0;0;0;1;-1;0;-1;-1;0;1;-1;0;1;-1;0;1;0;0;1;-1;0,2139;2067;1839;1747;2148,0;1;2;3;4
2118,0;1;0;0;0;-1;0;0;-1;1;0;0;0;1;0;0;1;-1;0;0;0;-1;0;0;0,2093;1804;1760;1785;2105,0;1;2;3;4
2119,0;-1;1;0;0;1;0;-1;-1;-1;-1;1;0;0;0;0;1;0;0;0;0;1;0;0;0,2141;1763;1954;2140;2003,0;1;2;3;4
2120,0;0;0;-1;0;0;0;-1;1;0;0;1;0;0;0;1;-1;0;0;1;0;0;0;-1;0,1769;1807;1770;2174;1957,0;1;2;3;4
2121,0;0;0;1;0;0;0;-1;1;0;0;1;0;0;0;-1;-1;0;0;-1;0;0;0;1;0,1957;1808;1772;1945;1769,0;1;2;3;4
2122,0;-1;0;1;0;1;0;1;-1;1;0;-1;0;0;0;-1;1;0;0;-1;0;-1;0;1;0,2104;2124;2174;1770;2166,0;1;2;3;4
2123,0;-1;0;0;0;1;0;-1;1;1;0;1;0;-1;0;0;-1;1;0;0;0;-1;0;0;0,1785;2175;1784;2093;1977,0;1;2;3;4
2124,0;1;0;0;0;-1;0;-1;1;-1;0;1;0;-1;0;0;-1;1;0;0;0;1;0;0;0,1977;2122;1786;2105;1785,0;1;2;3;4
2125,0;-1;1;-1;-1;1;0;-1;0;0;-1;1;0;0;1;1;0;0;0;0;1;0;-1;0;0,2097;1867;1787;2181;2182,0;1;2;3;4
2126,0;0;0;-1;0;0;0;-1;1;0;0;1;0;-1;1;1;-1;1;0;-1;0;0;-1;1;0,2113;1871;1790;1966;2176,0;1;2;3;4
2127,0;-1;0;1;0;1;0;1;-1;-1;0;-1;0;0;0;-1;1;0;0;0;0;1;0;0;0,1792;1801;2135;1873;2170,0;1;2;3;4
2128,0;1;0;-1;0;-1;0;-1;0;-1;0;1;0;0;0;1;0;0;0;0;0;1;0;0;0,2135;2031;1792;2034;2171,0;1;2;3;4
2129,0;1;0;0;-1;-1;0;1;0;0;0;-1;0;1;1;0;0;-1;0;0;1;0;-1;0;0,1802;1973;1801;2143;1972,0;1;2;3;4
2130,0;1;0;0;-1;-1;0;0;1;0;0;0;0;1;0;0;-1;-1;0;1;1;0;0;-1;0,1804;1966;2142;1803;1965,0;1;2;3;4
2131,0;-1;0;0;0;1;0;1;-1;1;0;-1;0;1;0;0;1;-1;0;0;0;-1;0;0;0,1821;2165;2043;1820;1929,0;1;2;3;4
2132,0;1;0;0;0;-1;0;-1;0;1;0;1;0;-1;0;0;0;1;0;0;0;-1;0;0;0,2043;1859;1821;1833;2057,0;1;2;3;4
2133,0;1;0;0;0;-1;0;1;-1;-1;0;-1;0;1;0;0;1;-1;0;0;0;1;0;0;0,1929;2136;2057;1822;1821,0;1;2;3;4
2134,0;-1;-1;1;-1;1;0;0;-1;0;1;0;0;0;0;-1;1;0;0;1;1;0;0;-1;0,2047;1886;2177;1823;2183,0;1;2;3;4
2135,0;-1;0;1;0;1;0;-1;-1;-1;0;1;0;0;0;-1;1;0;0;0;0;1;0;0;0,2128;1835;2127;1992;1997,0;1;2;3;4
2136,0;-1;1;0;0;1;0;-1;1;1;-1;1;0;0;-1;0;-1;0;0;0;0;-1;1;0;0,2055;2133;1842;2167;2173,0;1;2;3;4
2137,0;0;-1;0;0;0;0;1;-1;0;1;-1;0;0;1;0;1;0;0;0;0;0;-1;0;0,1844;1862;2167;1842;1910,0;1;2;3;4
2138,0;0;1;0;0;0;0;1;-1;0;-1;-1;0;0;-1;0;1;0;0;0;0;0;1;0;0,1910;1863;1988;1845;1844,0;1;2;3;4
2139,0;0;-1;0;0;0;0;1;-1;0;1;-1;0;1;-1;0;1;-1;0;1;0;0;1;-1;0,2117;1890;1918;1846;2180,0;1;2;3;4
2140,0;-1;1;0;0;1;0;-1;1;-1;-1;1;0;0;0;0;-1;0;0;0;0;1;0;0;0,1848;1856;1889;2119;2158,0;1;2;3;4
2141,0;1;-1;0;0;-1;0;0;-1;-1;1;0;0;0;0;0;1;0;0;0;0;1;0;0;0,2119;2082;2085;1848;2164,0;1;2;3;4
2142,0;1;0;0;-1;-1;0;0;1;0;0;0;0;-1;0;0;-1;1;0;1;1;0;0;-1;0,1857;1925;2130;1856;1924,0;1;2;3;4
2143,0;1;0;0;-1;-1;0;1;0;0;0;-1;0;-1;1;0;0;1;0;0;1;0;-1;0;0,1859;1918;1858;2129;1917,0;1;2;3;4
2144,0;1;0;1;-1;-1;0;1;0;0;0;-1;0;0;1;-1;0;0;0;0;1;0;-1;0;0,2024;2181;1868;1867;2037,0;1;2;3;4
2145,0;1;-1;-1;1;-1;0;1;0;0;1;-1;0;0;-1;1;0;0;0;0;-1;0;1;0;0,2177;2182;2033;2037;1867,0;1;2;3;4
2146,0;-1;-1;0;1;1;0;0;1;-1;1;0;0;0;0;0;-1;0;0;1;-1;1;0;-1;0,1900;2164;1878;2183;2079,0;1;2;3;4
2147,0;-1;1;0;1;1;0;0;-1;0;-1;0;0;0;0;0;1;0;0;-1;-1;0;0;1;0,1879;2087;2183;1878;2177,0;1;2;3;4
2148,0;0;1;0;0;0;0;1;-1;0;-1;-1;0;0;1;0;1;0;0;-1;0;0;-1;1;0,2180;2071;1881;1880;2117,0;1;2;3;4
2149,0;1;1;0;-1;-1;0;0;1;0;-1;0;0;0;0;0;-1;0;0;1;1;0;0;-1;0,2092;2177;1886;1885;2087,0;1;2;3;4
2150,0;1;-1;-1;1;-1;0;0;1;0;1;0;0;0;0;1;-1;0;0;-1;-1;0;0;1;0,2181;2183;2087;2084;1886,0;1;2;3;4
2151,0;-1;0;1;1;1;0;-1;0;0;0;1;0;0;-1;-1;0;0;0;0;-1;0;1;0;0,1897;2037;1896;2182;2181,0;1;2;3;4
2152,0;-1;0;-1;1;1;0;1;0;-1;0;-1;0;0;1;1;0;0;0;0;-1;1;-1;0;0,1904;2171;2182;1896;2029,0;1;2;3;4
2153,0;0;0;1;0;0;0;-1;1;0;0;1;0;0;-1;-1;-1;0;0;1;0;0;1;-1;0,2176;2014;1899;1898;2113,0;1;2;3;4
2154,0;1;1;0;-1;-1;0;0;-1;1;-1;0;0;0;1;0;1;0;0;-1;1;-1;-1;1;0,2183;2173;1901;1900;1919,0;1;2;3;4
2155,0;1;0;1;-1;-1;0;-1;0;1;0;1;0;0;-1;-1;0;0;0;1;1;-1;1;-1;0,2182;2166;1904;1903;1967,0;1;2;3;4
2156,0;1;1;0;1;-1;0;0;-1;0;-1;0;0;0;0;0;1;0;0;0;-1;0;0;0;0,2160;2052;1909;1911;2050,0;1;2;3;4
2157,0;1;-1;0;-1;-1;0;0;-1;0;1;0;0;0;0;0;1;0;0;0;1;0;0;0;0,2109;2051;2050;1912;1909,0;1;2;3;4
2158,0;-1;1;0;0;1;0;-1;1;1;-1;1;0;0;0;0;-1;0;0;0;0;-1;0;0;0,1939;1921;2004;2003;2140,0;1;2;3;4
2159,0;-1;1;0;1;1;0;0;-1;0;-1;0;0;0;0;0;1;0;0;0;-1;0;0;0;0,2073;1931;1933;2052;1990,0;1;2;3;4
2160,0;-1;-1;0;-1;1;0;0;-1;0;1;0;0;0;0;0;1;0;0;0;1;0;0;0;0,2156;1934;1990;2051;1933,0;1;2;3;4
2161,0;-1;0;1;1;1;0;-1;0;0;0;1;0;0;0;-1;0;0;0;0;-1;0;0;0;0,2016;1937;2102;1979;1950,0;1;2;3;4
2162,0;1;0;-1;-1;-1;0;-1;0;0;0;1;0;0;0;1;0;0;0;0;1;0;0;0;0,2061;2101;1938;2100;1956,0;1;2;3;4
2163,0;1;1;0;0;-1;0;0;1;1;-1;0;0;0;0;0;-1;0;0;0;0;-1;0;0;0,2082;1940;1939;2081;2080,0;1;2;3;4
2164,0;1;-1;0;0;-1;0;0;-1;1;1;0;0;0;0;0;1;0;0;0;0;-1;0;0;0,2003;2146;2081;1939;2141,0;1;2;3;4
2165,0;1;0;-1;0;-1;0;-1;1;-1;0;1;0;0;0;1;-1;0;0;1;0;1;0;-1;0,2115;2131;1943;1942;2178,0;1;2;3;4
2166,0;-1;0;1;0;1;0;1;0;-1;0;-1;0;0;0;-1;0;0;0;1;0;1;0;-1;0,1943;2155;2115;2114;2122,0;1;2;3;4
2167,0;-1;1;0;0;1;0;-1;-1;1;-1;1;0;0;-1;0;1;0;0;0;0;-1;1;0;0,2179;1943;2137;2136;2110,0;1;2;3;4
2168,0;-1;0;-1;-1;1;0;-1;0;0;0;1;0;0;0;1;0;0;0;0;1;0;0;0;0,2169;1952;2101;1950;1979,0;1;2;3;4
2169,0;1;0;1;1;-1;0;-1;0;0;0;1;0;0;0;-1;0;0;0;0;-1;0;0;0;0,2168;2102;1960;1956;2100,0;1;2;3;4
2170,0;-1;0;1;0;1;0;1;-1;1;0;-1;0;0;0;-1;1;0;0;0;0;-1;0;0;0,1981;1971;1997;1996;2127,0;1;2;3;4
2171,0;1;0;-1;0;-1;0;-1;0;1;0;1;0;0;0;1;0;0;0;0;0;-1;0;0;0,1997;2152;1981;2030;2128,0;1;2;3;4
2172,0;1;0;1;0;-1;0;1;0;1;0;-1;0;0;0;-1;0;0;0;0;0;-1;0;0;0,2031;1983;2030;1981;2025,0;1;2;3;4
2173,0;-1;1;0;0;1;0;0;1;-1;-1;0;0;0;1;0;-1;0;0;0;0;1;-1;0;0,1984;2154;2111;2110;2136,0;1;2;3;4
2174,0;-1;0;1;0;1;0;-1;-1;1;0;1;0;0;0;-1;1;0;0;-1;0;-1;0;1;0,2178;1984;2122;2120;2115,0;1;2;3;4
2175,0;1;-1;0;0;-1;0;1;-1;-1;1;-1;0;0;1;0;1;0;0;0;0;1;-1;0;0,2110;2123;1985;1984;2179,0;1;2;3;4
2176,0;0;0;-1;0;0;0;-1;1;0;0;1;0;0;-1;1;-1;0;0;1;0;0;1;-1;0,2153;2019;2013;2065;2126,0;1;2;3;4
2177,0;-1;1;1;-1;1;0;0;-1;0;-1;0;0;0;0;-1;1;0;0;1;1;0;0;-1;0,2145;2149;2134;2017;2147,0;1;2;3;4
2178,0;1;0;-1;0;-1;0;-1;0;1;0;1;0;0;0;1;0;0;0;-1;0;-1;0;1;0,2174;2024;2104;2023;2165,0;1;2;3;4
2179,0;1;-1;0;0;-1;0;0;-1;1;1;0;0;0;-1;0;1;0;0;0;0;-1;1;0;0,2167;2092;2053;2055;2175,0;1;2;3;4
2180,0;0;-1;0;0;0;0;1;-1;0;1;-1;0;0;1;0;1;0;0;-1;0;0;-1;1;0,2148;2075;2064;2063;2139,0;1;2;3;4
2181,0;-1;1;1;-1;1;0;-1;0;0;-1;1;0;0;1;-1;0;0;0;0;1;0;-1;0;0,2150;2144;2074;2125;2151,0;1;2;3;4
2182,0;-1;0;-1;1;1;0;-1;0;0;0;1;0;0;-1;1;0;0;0;0;-1;0;1;0;0,2155;2145;2152;2151;2125,0;1;2;3;4
2183,0;-1;-1;0;1;1;0;0;-1;0;1;0;0;0;0;0;1;0;0;-1;-1;0;0;1;0,2154;2150;2147;2146;2134,0;1;2;3;4
