node_id,flat25,dist_from_rep,path_mutations
0,0;-1;-1;-1;0;1;0;0;0;-1;1;0;0;0;0;1;0;0;0;0;0;1;0;0;0,0,
1,0;1;1;1;0;-1;0;0;0;-1;-1;0;0;0;0;-1;0;0;0;0;0;1;0;0;0,1,0
2,0;1;-1;-1;-1;-1;0;0;0;1;1;0;0;0;0;1;0;0;0;0;1;-1;0;0;0,1,1
3,0;-1;1;-1;0;1;0;0;0;-1;-1;0;0;0;0;1;0;0;0;0;0;1;0;0;0,1,2
4,0;-1;-1;1;0;1;0;0;0;-1;1;0;0;0;0;-1;0;0;0;0;0;1;0;0;0,1,3
5,0;-1;-1;-1;0;1;0;0;0;1;1;0;0;0;0;1;0;0;0;0;0;-1;0;0;0,1,4
6,0;-1;1;1;0;1;0;0;0;1;-1;0;0;0;0;-1;0;0;0;0;0;-1;0;0;0,2,"0,1"
7,0;1;-1;1;0;-1;0;0;0;-1;1;0;0;0;0;-1;0;0;0;0;0;1;0;0;0,2,"0,2"
8,0;1;1;-1;0;-1;0;0;0;-1;-1;0;0;0;0;1;0;0;0;0;0;1;0;0;0,2,"0,3"
9,0;1;1;1;0;-1;0;0;0;1;-1;0;0;0;0;-1;0;0;0;0;0;-1;0;0;0,2,"0,4"
10,0;-1;1;1;1;1;0;-1;-1;0;-1;1;0;0;0;-1;1;0;0;0;-1;0;0;0;0,2,"1,0"
11,0;1;1;-1;-1;-1;0;0;0;1;-1;0;0;0;0;1;0;0;0;0;1;-1;0;0;0,2,"1,2"
12,0;1;-1;1;-1;-1;0;0;0;1;1;0;0;0;0;-1;0;0;0;0;1;-1;0;0;0,2,"1,3"
13,0;0;-1;-1;1;0;0;0;0;-1;1;0;0;0;0;1;0;0;0;0;-1;1;0;0;0,2,"1,4"
14,0;1;-1;1;0;-1;0;1;0;-1;1;-1;0;-1;0;-1;0;1;0;0;0;1;0;0;0,2,"2,0"
15,0;-1;1;1;0;1;0;0;0;-1;-1;0;0;0;0;-1;0;0;0;0;0;1;0;0;0,2,"2,3"
16,0;-1;1;-1;0;1;0;0;0;1;-1;0;0;0;0;1;0;0;0;0;0;-1;0;0;0,2,"2,4"
17,0;1;1;-1;0;-1;0;0;1;-1;-1;0;0;1;0;1;-1;-1;0;0;0;1;0;0;0,2,"3,0"
18,0;-1;-1;1;0;1;0;0;0;1;1;0;0;0;0;-1;0;0;0;0;0;-1;0;0;0,2,"3,4"
19,0;1;-1;-1;0;-1;0;0;0;-1;1;0;0;0;0;1;0;0;0;0;0;1;0;0;0,2,"4,1"
20,0;1;-1;-1;0;-1;0;1;1;1;1;-1;0;0;0;1;-1;0;0;0;0;-1;0;0;0,3,"0,1,0"
21,0;-1;1;-1;0;1;0;-1;0;-1;-1;1;0;1;0;1;0;-1;0;0;0;1;0;0;0,3,"0,2,0"
22,0;1;-1;1;0;-1;0;0;0;1;1;0;0;0;0;-1;0;0;0;0;0;-1;0;0;0,3,"0,2,4"
23,0;-1;-1;1;0;1;0;0;-1;-1;1;0;0;-1;0;-1;1;1;0;0;0;1;0;0;0,3,"0,3,0"
24,0;1;1;-1;0;-1;0;0;0;1;-1;0;0;0;0;1;0;0;0;0;0;-1;0;0;0,3,"0,3,4"
25,0;-1;1;1;1;1;0;0;0;-1;-1;0;0;0;0;-1;0;0;0;0;-1;1;0;0;0,3,"0,4,1"
26,0;1;0;0;1;-1;0;1;1;0;0;-1;0;0;0;0;-1;0;0;0;-1;0;0;0;0,3,"1,0,1"
27,0;0;-1;1;1;0;0;1;-1;0;1;-1;0;0;0;-1;1;0;0;0;-1;0;0;0;0,3,"1,0,2"
28,0;0;1;-1;1;0;0;-1;1;0;-1;1;0;0;0;1;-1;0;0;0;-1;0;0;0;0,3,"1,0,3"
29,0;-1;1;1;-1;1;0;-1;-1;0;-1;1;0;0;0;-1;1;0;0;0;1;0;0;0;0,3,"1,0,4"
30,0;-1;-1;1;1;1;0;0;-1;0;1;0;0;-1;-1;-1;1;1;0;0;-1;0;1;0;0,3,"1,2,0"
31,0;1;1;1;-1;-1;0;0;0;1;-1;0;0;0;0;-1;0;0;0;0;1;-1;0;0;0,3,"1,2,3"
32,0;0;1;-1;1;0;0;0;0;-1;-1;0;0;0;0;1;0;0;0;0;-1;1;0;0;0,3,"1,2,4"
33,0;-1;1;-1;1;1;0;-1;0;0;-1;1;0;1;0;1;0;-1;0;-1;-1;0;0;1;0,3,"1,3,0"
34,0;0;-1;1;1;0;0;0;0;-1;1;0;0;0;0;-1;0;0;0;0;-1;1;0;0;0,3,"1,3,4"
35,0;0;1;1;-1;0;0;0;0;-1;-1;0;0;0;1;-1;0;0;0;1;1;1;-1;-1;0,3,"1,4,0"
36,0;0;-1;-1;1;0;0;0;0;1;1;0;0;0;0;1;0;0;0;0;-1;-1;0;0;0,3,"1,4,1"
37,0;-1;0;1;0;1;0;-1;0;1;0;1;0;-1;-1;-1;0;1;0;0;0;-1;1;0;0,3,"2,0,1"
38,0;0;1;0;0;0;0;-1;0;-1;-1;1;0;1;0;0;0;-1;0;0;0;1;0;0;0,3,"2,0,2"
39,0;1;0;-1;0;-1;0;1;0;-1;0;-1;0;1;0;1;0;-1;0;0;0;1;0;0;0,3,"2,0,3"
40,0;1;-1;1;0;-1;0;1;0;1;1;-1;0;-1;0;-1;0;1;0;0;0;-1;0;0;0,3,"2,0,4"
41,0;1;-1;-1;0;-1;0;1;1;-1;1;-1;0;0;0;1;-1;0;0;0;0;1;0;0;0,3,"2,3,0"
42,0;-1;1;0;0;1;0;0;-1;1;-1;0;0;1;0;0;1;-1;0;-1;0;-1;0;1;0,3,"3,0,1"
43,0;1;-1;0;0;-1;0;0;1;-1;1;0;0;-1;0;0;-1;1;0;0;0;1;0;0;0,3,"3,0,2"
44,0;0;0;1;0;0;0;0;-1;-1;0;0;0;-1;0;-1;1;1;0;0;0;1;0;0;0,3,"3,0,3"
45,0;1;1;-1;0;-1;0;0;1;1;-1;0;0;1;0;1;-1;-1;0;0;0;-1;0;0;0,3,"3,0,4"
46,0;-1;1;1;0;1;0;-1;-1;-1;-1;1;0;0;0;-1;1;0;0;0;0;1;0;0;0,3,"4,1,0"
47,0;1;-1;-1;0;-1;0;0;0;1;1;0;0;0;0;1;0;0;0;0;0;-1;0;0;0,3,"4,1,4"
48,0;-1;0;0;1;1;0;-1;-1;-1;0;1;0;0;0;0;1;0;0;0;-1;1;0;0;0,4,"0,1,0,1"
49,0;0;1;-1;0;0;0;-1;1;1;-1;1;0;0;0;1;-1;0;0;0;0;-1;0;0;0,4,"0,1,0,2"
50,0;0;-1;1;0;0;0;1;-1;1;1;-1;0;0;0;-1;1;0;0;0;0;-1;0;0;0,4,"0,1,0,3"
51,0;1;0;-1;-1;-1;0;1;0;1;0;-1;0;1;0;1;0;-1;0;0;1;-1;0;0;0,4,"0,2,0,1"
52,0;0;-1;0;0;0;0;1;0;-1;1;-1;0;-1;0;0;0;1;0;0;0;1;0;0;0,4,"0,2,0,2"
53,0;-1;0;1;0;1;0;-1;0;-1;0;1;0;-1;0;-1;0;1;0;0;0;1;0;0;0,4,"0,2,0,3"
54,0;-1;1;-1;0;1;0;-1;0;1;-1;1;0;1;0;1;0;-1;0;0;0;-1;0;0;0,4,"0,2,0,4"
55,0;-1;-1;1;1;1;0;0;0;-1;1;0;0;0;0;-1;0;0;0;0;-1;1;0;0;0,4,"0,2,4,1"
56,0;1;-1;0;-1;-1;0;0;1;1;1;0;0;-1;0;0;-1;1;0;0;1;-1;0;0;0,4,"0,3,0,1"
57,0;-1;1;0;0;1;0;0;-1;-1;-1;0;0;1;0;0;1;-1;0;0;0;1;0;0;0,4,"0,3,0,2"
58,0;0;0;-1;0;0;0;0;1;-1;0;0;0;1;0;1;-1;-1;0;0;0;1;0;0;0,4,"0,3,0,3"
59,0;-1;-1;1;0;1;0;0;-1;1;1;0;0;-1;0;-1;1;1;0;0;0;-1;0;0;0,4,"0,3,0,4"
60,0;-1;1;-1;1;1;0;0;0;-1;-1;0;0;0;0;1;0;0;0;0;-1;1;0;0;0,4,"0,3,4,1"
61,0;1;-1;-1;-1;-1;0;1;1;0;1;-1;0;0;0;1;-1;0;0;0;1;0;0;0;0,4,"0,4,1,0"
62,0;0;1;1;-1;0;0;0;0;1;-1;0;0;0;0;-1;0;0;0;0;1;-1;0;0;0,4,"0,4,1,4"
63,0;-1;0;0;-1;1;0;1;1;0;0;-1;0;0;0;0;-1;0;0;0;1;0;0;0;0,4,"1,0,1,0"
64,0;1;0;0;1;-1;0;-1;1;0;0;1;0;0;0;0;-1;0;0;0;-1;0;0;0;0,4,"1,0,1,2"
65,0;1;0;0;1;-1;0;1;-1;0;0;-1;0;0;0;0;1;0;0;0;-1;0;0;0;0,4,"1,0,1,3"
66,0;1;0;0;-1;-1;0;1;1;0;0;-1;0;0;0;0;-1;0;0;0;1;0;0;0;0,4,"1,0,1,4"
67,0;0;1;-1;-1;0;0;1;-1;0;-1;-1;0;1;1;1;1;-1;0;0;1;0;-1;0;0,4,"1,0,2,0"
68,0;0;-1;1;1;0;0;-1;1;0;1;1;0;-1;0;-1;-1;1;0;0;-1;0;0;0;0,4,"1,0,2,1"
69,0;1;-1;-1;1;-1;0;1;1;0;1;-1;0;0;0;1;-1;0;0;0;-1;0;0;0;0,4,"1,0,2,3"
70,0;0;-1;1;-1;0;0;1;-1;0;1;-1;0;0;0;-1;1;0;0;0;1;0;0;0;0,4,"1,0,2,4"
71,0;0;-1;1;-1;0;0;-1;1;0;1;1;0;-1;0;-1;-1;1;0;1;1;0;0;-1;0,4,"1,0,3,0"
72,0;0;1;-1;1;0;0;1;-1;0;-1;-1;0;1;0;1;1;-1;0;0;-1;0;0;0;0,4,"1,0,3,1"
73,0;0;1;-1;-1;0;0;-1;1;0;-1;1;0;0;0;1;-1;0;0;0;1;0;0;0;0,4,"1,0,3,4"
74,0;1;-1;-1;1;-1;0;0;0;0;1;0;0;0;-1;1;0;0;0;-1;-1;0;1;1;0,4,"1,0,4,0"
75,0;1;-1;0;1;-1;0;0;1;0;1;0;0;-1;-1;0;-1;1;0;0;-1;0;1;0;0,4,"1,2,0,1"
76,0;-1;1;0;0;1;0;0;-1;0;-1;0;0;1;1;0;1;-1;0;0;0;0;-1;0;0,4,"1,2,0,2"
77,0;0;0;-1;1;0;0;0;1;0;0;0;0;1;-1;1;-1;-1;0;0;-1;0;1;0;0,4,"1,2,0,3"
78,0;-1;0;1;-1;1;0;0;-1;0;0;0;0;-1;1;-1;1;1;0;0;1;0;-1;0;0,4,"1,2,0,4"
79,0;-1;-1;-1;1;1;0;0;0;0;1;0;0;0;-1;1;0;0;0;-1;-1;0;1;1;0,4,"1,2,3,0"
80,0;0;1;1;1;0;0;0;0;-1;-1;0;0;0;0;-1;0;0;0;0;-1;1;0;0;0,4,"1,2,3,4"
81,0;0;-1;1;-1;0;0;0;0;-1;1;0;0;-1;0;-1;0;1;0;1;1;1;0;-1;0,4,"1,2,4,0"
82,0;0;1;-1;1;0;0;0;0;1;-1;0;0;0;0;1;0;0;0;0;-1;-1;0;0;0,4,"1,2,4,1"
83,0;1;0;-1;1;-1;0;1;0;0;0;-1;0;1;0;1;0;-1;0;-1;-1;0;0;1;0,4,"1,3,0,1"
84,0;0;-1;0;1;0;0;1;0;0;1;-1;0;-1;0;0;0;1;0;-1;-1;0;0;1;0,4,"1,3,0,2"
85,0;-1;0;1;0;1;0;-1;0;0;0;1;0;-1;0;-1;0;1;0;1;0;0;0;-1;0,4,"1,3,0,3"
86,0;-1;1;0;-1;1;0;-1;0;0;-1;1;0;1;0;0;0;-1;0;1;1;0;0;-1;0,4,"1,3,0,4"
87,0;0;1;-1;-1;0;0;0;0;-1;-1;0;0;1;1;1;0;-1;0;0;1;1;-1;0;0,4,"1,3,4,0"
88,0;0;-1;1;1;0;0;0;0;1;1;0;0;0;0;-1;0;0;0;0;-1;-1;0;0;0,4,"1,3,4,1"
89,0;0;1;1;-1;0;0;0;0;1;-1;0;0;0;1;-1;0;0;0;1;1;-1;-1;-1;0,4,"1,4,0,1"
90,0;0;-1;1;0;0;0;0;0;-1;1;0;0;0;-1;-1;0;0;0;1;0;1;1;-1;0,4,"1,4,0,2"
91,0;0;1;-1;0;0;0;0;0;-1;-1;0;0;0;1;1;0;0;0;-1;0;1;-1;1;0,4,"1,4,0,3"
92,0;0;0;0;1;0;0;-1;-1;1;0;1;0;0;-1;0;1;0;0;-1;-1;-1;1;1;0,4,"1,4,0,4"
93,0;0;-1;-1;-1;0;0;0;0;-1;1;0;0;0;0;1;0;0;0;0;1;1;0;0;0,4,"1,4,1,4"
94,0;1;0;-1;0;-1;0;-1;1;1;0;1;0;-1;-1;1;-1;1;0;0;0;-1;1;0;0,4,"2,0,1,0"
95,0;-1;0;1;0;1;0;1;-1;0;0;-1;0;1;1;-1;1;-1;0;0;0;0;-1;0;0,4,"2,0,1,2"
96,0;-1;1;-1;0;1;0;-1;0;1;-1;1;0;1;-1;1;0;-1;0;0;0;-1;1;0;0,4,"2,0,1,3"
97,0;-1;0;1;0;1;0;0;0;-1;0;0;0;-1;1;-1;0;1;0;0;0;1;-1;0;0,4,"2,0,1,4"
98,0;0;-1;0;0;0;0;-1;0;-1;1;1;0;1;0;0;0;-1;0;0;0;1;0;0;0,4,"2,0,2,0"
99,0;0;1;0;0;0;0;1;0;1;-1;-1;0;1;0;0;0;-1;0;0;0;-1;0;0;0,4,"2,0,2,1"
100,0;0;1;0;0;0;0;-1;0;-1;-1;1;0;-1;0;0;0;1;0;0;0;1;0;0;0,4,"2,0,2,3"
101,0;0;1;0;0;0;0;-1;0;1;-1;1;0;1;0;0;0;-1;0;0;0;-1;0;0;0,4,"2,0,2,4"
102,0;-1;0;1;0;1;0;1;-1;-1;0;-1;0;1;0;-1;1;-1;0;0;0;1;0;0;0,4,"2,0,3,0"
103,0;1;0;-1;0;-1;0;-1;1;-1;0;1;0;-1;0;1;-1;1;0;0;0;1;0;0;0,4,"2,0,3,2"
104,0;1;0;-1;0;-1;0;1;0;1;0;-1;0;1;0;1;0;-1;0;0;0;-1;0;0;0,4,"2,0,3,4"
105,0;-1;0;1;1;1;0;-1;0;-1;0;1;0;-1;0;-1;0;1;0;0;-1;1;0;0;0,4,"2,0,4,1"
106,0;-1;0;0;0;1;0;-1;-1;1;0;1;0;0;-1;0;1;0;0;-1;0;-1;1;1;0,4,"2,3,0,1"
107,0;0;1;-1;0;0;0;-1;1;-1;-1;1;0;0;0;1;-1;0;0;0;0;1;0;0;0,4,"2,3,0,2"
108,0;0;-1;1;0;0;0;1;-1;-1;1;-1;0;0;0;-1;1;0;0;0;0;1;0;0;0,4,"2,3,0,3"
109,0;1;-1;0;0;-1;0;1;-1;1;1;-1;0;1;0;0;1;-1;0;-1;0;-1;0;1;0,4,"3,0,1,0"
110,0;-1;-1;1;0;1;0;0;-1;1;1;0;0;-1;0;-1;1;1;0;-1;0;-1;0;1;0,4,"3,0,1,2"
111,0;-1;1;0;0;1;0;-1;1;0;-1;1;0;-1;0;0;-1;1;0;1;0;0;0;-1;0,4,"3,0,1,3"
112,0;-1;1;0;0;1;0;0;0;-1;-1;0;0;1;0;0;0;-1;0;1;0;1;0;-1;0,4,"3,0,1,4"
113,0;-1;1;0;0;1;0;-1;1;-1;-1;1;0;-1;0;0;-1;1;0;0;0;1;0;0;0,4,"3,0,2,0"
114,0;1;-1;0;0;-1;0;1;-1;-1;1;-1;0;1;0;0;1;-1;0;0;0;1;0;0;0,4,"3,0,2,3"
115,0;1;-1;0;0;-1;0;0;1;1;1;0;0;-1;0;0;-1;1;0;0;0;-1;0;0;0,4,"3,0,2,4"
116,0;0;0;-1;0;0;0;0;-1;-1;0;0;0;-1;0;1;1;1;0;0;0;1;0;0;0,4,"3,0,3,0"
117,0;0;0;1;0;0;0;0;1;1;0;0;0;-1;0;-1;-1;1;0;0;0;-1;0;0;0,4,"3,0,3,1"
118,0;0;0;1;0;0;0;0;-1;-1;0;0;0;1;0;-1;1;-1;0;0;0;1;0;0;0,4,"3,0,3,2"
119,0;0;0;1;0;0;0;0;-1;1;0;0;0;-1;0;-1;1;1;0;0;0;-1;0;0;0,4,"3,0,3,4"
120,0;-1;1;0;1;1;0;0;-1;-1;-1;0;0;1;0;0;1;-1;0;0;-1;1;0;0;0,4,"3,0,4,1"
121,0;1;0;0;-1;-1;0;1;1;1;0;-1;0;0;0;0;-1;0;0;0;1;-1;0;0;0,4,"4,1,0,1"
122,0;-1;1;1;0;1;0;-1;-1;1;-1;1;0;0;0;-1;1;0;0;0;0;-1;0;0;0,4,"4,1,0,4"
123,0;-1;-1;-1;1;1;0;0;0;-1;1;0;0;0;0;1;0;0;0;0;-1;1;0;0;0,4,"4,1,4,1"
124,0;1;0;0;-1;-1;0;-1;-1;0;0;1;0;0;0;0;1;0;0;0;1;0;0;0;0,5,"0,1,0,1,0"
125,0;-1;0;0;1;1;0;1;-1;-1;0;-1;0;0;0;0;1;0;0;0;-1;1;0;0;0,5,"0,1,0,1,2"
126,0;-1;0;0;1;1;0;-1;1;-1;0;1;0;0;0;0;-1;0;0;0;-1;1;0;0;0,5,"0,1,0,1,3"
127,0;0;0;0;-1;0;0;-1;-1;1;0;1;0;0;0;0;1;0;0;0;1;-1;0;0;0,5,"0,1,0,1,4"
128,0;0;-1;1;0;0;0;-1;1;1;1;1;0;-1;0;-1;-1;1;0;0;0;-1;0;0;0,5,"0,1,0,2,0"
129,0;0;1;-1;0;0;0;1;-1;-1;-1;-1;0;1;1;1;1;-1;0;0;0;1;-1;0;0,5,"0,1,0,2,1"
130,0;0;1;-1;0;0;0;1;-1;1;-1;-1;0;1;0;1;1;-1;0;0;0;-1;0;0;0,5,"0,1,0,3,0"
131,0;0;-1;1;0;0;0;-1;1;-1;1;1;0;-1;0;-1;-1;1;0;1;0;1;0;-1;0,5,"0,1,0,3,1"
132,0;-1;0;1;1;1;0;1;-1;0;0;-1;0;1;0;-1;1;-1;0;0;-1;0;0;0;0,5,"0,2,0,1,0"
133,0;1;0;-1;-1;-1;0;-1;1;1;0;1;0;-1;0;1;-1;1;0;0;1;-1;0;0;0,5,"0,2,0,1,2"
134,0;1;-1;1;-1;-1;0;1;0;1;1;-1;0;-1;0;-1;0;1;0;0;1;-1;0;0;0,5,"0,2,0,1,3"
135,0;0;0;-1;1;0;0;1;0;-1;0;-1;0;1;0;1;0;-1;0;0;-1;1;0;0;0,5,"0,2,0,1,4"
136,0;0;1;0;0;0;0;1;0;-1;-1;-1;0;-1;0;0;0;1;0;0;0;1;0;0;0,5,"0,2,0,2,0"
137,0;0;-1;0;0;0;0;-1;0;1;1;1;0;-1;-1;0;0;1;0;0;0;-1;1;0;0,5,"0,2,0,2,1"
138,0;0;-1;0;0;0;0;1;0;-1;1;-1;0;1;0;0;0;-1;0;0;0;1;0;0;0,5,"0,2,0,2,3"
139,0;0;-1;0;0;0;0;1;0;1;1;-1;0;-1;0;0;0;1;0;0;0;-1;0;0;0,5,"0,2,0,2,4"
140,0;-1;0;1;0;1;0;-1;0;1;0;1;0;-1;0;-1;0;1;0;0;0;-1;0;0;0,5,"0,2,0,3,4"
141,0;1;0;-1;0;-1;0;1;0;-1;0;-1;0;1;1;1;0;-1;0;0;0;1;-1;0;0,5,"0,2,0,4,1"
142,0;1;1;-1;-1;-1;0;0;1;0;-1;0;0;1;1;1;-1;-1;0;0;1;0;-1;0;0,5,"0,2,4,1,0"
143,0;0;-1;1;-1;0;0;0;0;1;1;0;0;0;0;-1;0;0;0;0;1;-1;0;0;0,5,"0,2,4,1,4"
144,0;-1;1;0;1;1;0;-1;1;0;-1;1;0;-1;0;0;-1;1;0;0;-1;0;0;0;0,5,"0,3,0,1,0"
145,0;1;1;-1;-1;-1;0;0;1;1;-1;0;0;1;0;1;-1;-1;0;0;1;-1;0;0;0,5,"0,3,0,1,2"
146,0;1;-1;0;-1;-1;0;1;-1;1;1;-1;0;1;0;0;1;-1;0;0;1;-1;0;0;0,5,"0,3,0,1,3"
147,0;0;-1;0;1;0;0;0;1;-1;1;0;0;-1;0;0;-1;1;0;0;-1;1;0;0;0,5,"0,3,0,1,4"
148,0;-1;1;0;0;1;0;0;-1;1;-1;0;0;1;0;0;1;-1;0;0;0;-1;0;0;0,5,"0,3,0,2,4"
149,0;0;0;1;0;0;0;0;1;-1;0;0;0;1;0;-1;-1;-1;0;0;0;1;0;0;0,5,"0,3,0,3,0"
150,0;0;0;-1;0;0;0;0;-1;1;0;0;0;1;0;1;1;-1;0;-1;0;-1;0;1;0,5,"0,3,0,3,1"
151,0;0;0;-1;0;0;0;0;1;-1;0;0;0;-1;0;1;-1;1;0;0;0;1;0;0;0,5,"0,3,0,3,2"
152,0;0;0;-1;0;0;0;0;1;1;0;0;0;1;0;1;-1;-1;0;0;0;-1;0;0;0,5,"0,3,0,3,4"
153,0;1;-1;0;0;-1;0;0;1;-1;1;0;0;-1;0;0;-1;1;0;1;0;1;0;-1;0,5,"0,3,0,4,1"
154,0;1;-1;1;-1;-1;0;1;0;0;1;-1;0;-1;0;-1;0;1;0;1;1;0;0;-1;0,5,"0,3,4,1,0"
155,0;0;1;-1;-1;0;0;0;0;1;-1;0;0;0;0;1;0;0;0;0;1;-1;0;0;0,5,"0,3,4,1,4"
156,0;-1;0;0;-1;1;0;-1;-1;0;0;1;0;0;0;0;1;0;0;0;1;0;0;0;0,5,"0,4,1,0,1"
157,0;0;-1;-1;1;0;0;0;0;1;1;0;0;0;-1;1;0;0;0;-1;-1;-1;1;1;0,5,"0,4,1,4,0"
158,0;0;1;1;-1;0;0;0;0;-1;-1;0;0;0;0;-1;0;0;0;0;1;1;0;0;0,5,"0,4,1,4,1"
159,0;-1;0;0;-1;1;0;-1;1;0;0;1;0;0;0;0;-1;0;0;0;1;0;0;0;0,5,"1,0,1,0,2"
160,0;-1;0;0;-1;1;0;1;-1;0;0;-1;0;0;0;0;1;0;0;0;1;0;0;0;0,5,"1,0,1,0,3"
161,0;-1;0;0;1;1;0;1;1;0;0;-1;0;0;0;0;-1;0;0;0;-1;0;0;0;0,5,"1,0,1,0,4"
162,0;1;0;0;1;-1;0;-1;-1;0;0;1;0;0;0;0;1;0;0;0;-1;0;0;0;0,5,"1,0,1,2,3"
163,0;1;0;0;-1;-1;0;-1;1;0;0;1;0;0;0;0;-1;0;0;0;1;0;0;0;0,5,"1,0,1,2,4"
164,0;1;0;0;-1;-1;0;1;-1;0;0;-1;0;0;0;0;1;0;0;0;1;0;0;0;0,5,"1,0,1,3,4"
165,0;-1;0;0;1;1;0;1;1;-1;0;-1;0;0;0;0;-1;0;0;0;-1;1;0;0;0,5,"1,0,1,4,0"
166,0;0;1;-1;-1;0;0;-1;1;0;-1;1;0;0;1;1;-1;0;0;0;1;0;-1;0;0,5,"1,0,2,0,1"
167,0;0;0;1;-1;0;0;0;1;0;0;0;0;-1;1;-1;-1;1;0;0;1;0;-1;0;0,5,"1,0,2,0,3"
168,0;0;0;-1;1;0;0;1;-1;0;0;-1;0;1;-1;1;1;-1;0;0;-1;0;1;0;0,5,"1,0,2,0,4"
169,0;0;1;0;1;0;0;1;0;0;-1;-1;0;1;0;0;0;-1;0;0;-1;0;0;0;0,5,"1,0,2,1,2"
170,0;0;0;-1;1;0;0;0;-1;0;0;0;0;1;0;1;1;-1;0;0;-1;0;0;0;0,5,"1,0,2,1,3"
171,0;0;-1;1;-1;0;0;-1;1;0;1;1;0;-1;0;-1;-1;1;0;0;1;0;0;0;0,5,"1,0,2,1,4"
172,0;-1;1;1;-1;1;0;0;0;0;-1;0;0;0;1;-1;0;0;0;1;1;0;-1;-1;0,5,"1,0,2,3,0"
173,0;-1;0;0;1;1;0;-1;-1;0;0;1;0;0;0;0;1;0;0;0;-1;0;0;0;0,5,"1,0,2,3,1"
174,0;0;1;-1;1;0;0;1;-1;0;-1;-1;0;1;0;1;1;-1;0;-1;-1;0;0;1;0,5,"1,0,2,4,0"
175,0;0;-1;1;-1;0;0;1;-1;0;1;-1;0;0;0;-1;1;0;0;1;1;0;0;-1;0,5,"1,0,3,0,1"
176,0;0;1;0;-1;0;0;1;0;0;-1;-1;0;1;0;0;0;-1;0;1;1;0;0;-1;0,5,"1,0,3,0,2"
177,0;0;-1;0;1;0;0;-1;1;0;1;1;0;-1;0;0;-1;1;0;-1;-1;0;0;1;0,5,"1,0,3,0,4"
178,0;0;-1;0;1;0;0;-1;0;0;1;1;0;-1;0;0;0;1;0;0;-1;0;0;0;0,5,"1,0,3,1,2"
179,0;0;0;1;1;0;0;0;1;0;0;0;0;-1;0;-1;-1;1;0;0;-1;0;0;0;0,5,"1,0,3,1,3"
180,0;0;1;-1;-1;0;0;1;-1;0;-1;-1;0;1;0;1;1;-1;0;0;1;0;0;0;0,5,"1,0,3,1,4"
181,0;0;-1;1;1;0;0;-1;1;0;1;1;0;-1;-1;-1;-1;1;0;0;-1;0;1;0;0,5,"1,0,3,4,0"
182,0;1;1;-1;0;-1;0;0;0;0;-1;0;0;0;1;1;0;0;0;-1;0;0;-1;1;0,5,"1,0,4,0,2"
183,0;1;-1;1;0;-1;0;0;0;0;1;0;0;0;-1;-1;0;0;0;1;0;0;1;-1;0,5,"1,0,4,0,3"
184,0;1;0;0;-1;-1;0;0;0;0;0;0;0;0;1;0;0;0;0;1;1;0;-1;-1;0,5,"1,0,4,0,4"
185,0;-1;1;0;-1;1;0;-1;1;0;-1;1;0;-1;0;0;-1;1;0;0;1;0;0;0;0,5,"1,2,0,1,0"
186,0;1;1;-1;0;-1;0;0;1;0;-1;0;0;1;1;1;-1;-1;0;0;0;0;-1;0;0,5,"1,2,0,1,2"
187,0;1;-1;0;1;-1;0;1;-1;0;1;-1;0;1;-1;0;1;-1;0;0;-1;0;1;0;0,5,"1,2,0,1,3"
188,0;1;0;0;-1;-1;0;0;1;0;0;0;0;-1;1;0;-1;1;0;0;1;0;-1;0;0,5,"1,2,0,1,4"
189,0;1;-1;0;0;-1;0;1;-1;0;1;-1;0;1;1;0;1;-1;0;0;0;0;-1;0;0,5,"1,2,0,2,0"
190,0;-1;1;0;0;1;0;-1;1;0;-1;1;0;-1;1;0;-1;1;0;0;0;0;-1;0;0,5,"1,2,0,2,3"
191,0;-1;1;0;0;1;0;0;-1;0;-1;0;0;1;-1;0;1;-1;0;0;0;0;1;0;0,5,"1,2,0,2,4"
192,0;0;0;1;-1;0;0;0;1;0;0;0;0;1;-1;-1;-1;-1;0;1;1;0;1;-1;0,5,"1,2,0,3,0"
193,0;0;0;-1;1;0;0;0;-1;0;0;0;0;1;-1;1;1;-1;0;0;-1;0;1;0;0,5,"1,2,0,3,1"
194,0;0;0;-1;1;0;0;0;1;0;0;0;0;-1;1;1;-1;1;0;-1;-1;0;-1;1;0,5,"1,2,0,3,2"
195,0;0;1;-1;-1;0;0;0;1;0;-1;0;0;1;1;1;-1;-1;0;0;1;0;-1;0;0,5,"1,2,0,3,4"
196,0;1;0;-1;1;-1;0;0;0;0;0;0;0;-1;1;1;0;1;0;-1;-1;0;-1;1;0,5,"1,2,0,4,0"
197,0;-1;0;1;-1;1;0;0;-1;0;0;0;0;1;-1;-1;1;-1;0;1;1;0;1;-1;0,5,"1,2,0,4,2"
198,0;-1;1;-1;0;1;0;0;0;0;-1;0;0;0;1;1;0;0;0;-1;0;0;-1;1;0,5,"1,2,3,0,2"
199,0;-1;-1;1;0;1;0;0;0;0;1;0;0;0;-1;-1;0;0;0;1;0;0;1;-1;0,5,"1,2,3,0,3"
200,0;-1;0;0;-1;1;0;0;0;0;0;0;0;0;1;0;0;0;0;1;1;0;-1;-1;0,5,"1,2,3,0,4"
201,0;0;1;1;1;0;0;0;0;1;-1;0;0;0;0;-1;0;0;0;0;-1;-1;0;0;0,5,"1,2,3,4,1"
202,0;0;-1;1;-1;0;0;0;0;1;1;0;0;-1;0;-1;0;1;0;1;1;-1;0;-1;0,5,"1,2,4,0,1"
203,0;0;1;0;-1;0;0;0;0;-1;-1;0;0;1;0;0;0;-1;0;1;1;1;0;-1;0,5,"1,2,4,0,2"
204,0;0;0;-1;0;0;0;0;0;-1;0;0;0;1;0;1;0;-1;0;-1;0;1;0;1;0,5,"1,2,4,0,3"
205,0;0;-1;0;1;0;0;0;-1;1;1;0;0;-1;0;0;1;1;0;-1;-1;-1;0;1;0,5,"1,2,4,0,4"
206,0;0;1;-1;-1;0;0;0;0;-1;-1;0;0;0;0;1;0;0;0;0;1;1;0;0;0,5,"1,2,4,1,4"
207,0;-1;0;1;-1;1;0;1;-1;0;0;-1;0;1;0;-1;1;-1;0;0;1;0;0;0;0,5,"1,3,0,1,0"
208,0;1;0;-1;1;-1;0;-1;1;0;0;1;0;-1;0;1;-1;1;0;-1;-1;0;0;1;0,5,"1,3,0,1,2"
209,0;1;-1;1;0;-1;0;1;0;0;1;-1;0;-1;0;-1;0;1;0;1;0;0;0;-1;0,5,"1,3,0,1,3"
210,0;1;0;0;-1;-1;0;1;0;0;0;-1;0;1;0;0;0;-1;0;1;1;0;0;-1;0,5,"1,3,0,1,4"
211,0;0;1;0;-1;0;0;1;0;0;-1;-1;0;-1;1;0;0;1;0;-1;1;0;-1;1;0,5,"1,3,0,2,0"
212,0;0;-1;0;1;0;0;-1;0;0;1;1;0;-1;0;0;0;1;0;-1;-1;0;0;1;0,5,"1,3,0,2,1"
213,0;0;-1;0;1;0;0;1;0;0;1;-1;0;1;-1;0;0;-1;0;1;-1;0;1;-1;0,5,"1,3,0,2,3"
214,0;0;-1;1;-1;0;0;1;0;0;1;-1;0;-1;0;-1;0;1;0;1;1;0;0;-1;0,5,"1,3,0,2,4"
215,0;1;0;-1;0;-1;0;-1;1;0;0;1;0;-1;0;1;-1;1;0;1;0;0;0;-1;0,5,"1,3,0,3,0"
216,0;-1;0;1;0;1;0;1;-1;0;0;-1;0;1;0;-1;1;-1;0;1;0;0;0;-1;0,5,"1,3,0,3,2"
217,0;-1;0;1;0;1;0;-1;0;0;0;1;0;-1;0;-1;0;1;0;-1;0;0;0;1;0,5,"1,3,0,3,4"
218,0;1;-1;0;1;-1;0;0;0;0;1;0;0;1;-1;0;0;-1;0;1;-1;0;1;-1;0,5,"1,3,0,4,0"
219,0;-1;1;0;-1;1;0;-1;0;0;-1;1;0;-1;1;0;0;1;0;-1;1;0;-1;1;0,5,"1,3,0,4,3"
220,0;0;1;-1;-1;0;0;0;0;1;-1;0;0;1;1;1;0;-1;0;0;1;-1;-1;0;0,5,"1,3,4,0,1"
221,0;0;-1;0;0;0;0;0;0;-1;1;0;0;-1;-1;0;0;1;0;0;0;1;1;0;0,5,"1,3,4,0,2"
222,0;0;0;1;-1;0;0;0;0;-1;0;0;0;-1;1;-1;0;1;0;0;1;1;-1;0;0,5,"1,3,4,0,3"
223,0;0;0;-1;1;0;0;-1;0;1;0;1;0;1;-1;1;0;-1;0;0;-1;-1;1;0;0,5,"1,3,4,0,4"
224,0;0;-1;1;-1;0;0;0;0;-1;1;0;0;0;0;-1;0;0;0;0;1;1;0;0;0,5,"1,3,4,1,4"
225,0;0;-1;1;0;0;0;0;0;1;1;0;0;0;-1;-1;0;0;0;1;0;-1;1;-1;0,5,"1,4,0,1,2"
226,0;0;1;-1;0;0;0;0;0;1;-1;0;0;0;1;1;0;0;0;-1;0;-1;-1;1;0,5,"1,4,0,1,3"
227,0;-1;0;0;1;1;0;0;0;-1;0;0;0;0;-1;0;0;0;0;-1;-1;1;1;1;0,5,"1,4,0,1,4"
228,0;0;1;-1;0;0;0;0;0;-1;-1;0;0;1;-1;1;0;-1;0;1;0;1;1;-1;0,5,"1,4,0,2,0"
229,0;0;-1;-1;1;0;0;0;0;-1;1;0;0;0;-1;1;0;0;0;-1;-1;1;1;1;0,5,"1,4,0,2,3"
230,0;0;-1;1;0;0;0;0;-1;1;1;0;0;-1;1;-1;1;1;0;-1;0;-1;-1;1;0,5,"1,4,0,2,4"
231,0;0;-1;1;0;0;0;0;0;-1;1;0;0;-1;1;-1;0;1;0;-1;0;1;-1;1;0,5,"1,4,0,3,0"
232,0;0;1;-1;0;0;0;-1;0;1;-1;1;0;1;-1;1;0;-1;0;1;0;-1;1;-1;0,5,"1,4,0,3,4"
233,0;0;0;0;-1;0;0;-1;-1;1;0;1;0;0;-1;0;1;0;0;-1;1;-1;1;1;0,5,"1,4,0,4,0"
234,0;0;0;0;1;0;0;1;1;-1;0;-1;0;0;0;0;-1;0;0;0;-1;1;0;0;0,5,"1,4,0,4,1"
235,0;0;0;0;1;0;0;1;-1;0;0;-1;0;0;1;0;1;0;0;-1;-1;0;-1;1;0,5,"1,4,0,4,2"
236,0;0;0;0;1;0;0;-1;1;0;0;1;0;0;-1;0;-1;0;0;1;-1;0;1;-1;0,5,"1,4,0,4,3"
237,0;0;-1;-1;-1;0;0;0;0;1;1;0;0;0;0;1;0;0;0;0;1;-1;0;0;0,5,"1,4,1,4,1"
238,0;1;0;-1;0;-1;0;1;0;0;0;-1;0;1;1;1;0;-1;0;0;0;0;-1;0;0,5,"2,0,1,0,2"
239,0;0;0;1;0;0;0;0;-1;1;0;0;0;1;-1;-1;1;-1;0;0;0;-1;1;0;0,5,"2,0,1,0,3"
240,0;1;0;-1;0;-1;0;0;1;-1;0;0;0;-1;1;1;-1;1;0;0;0;1;-1;0;0,5,"2,0,1,0,4"
241,0;1;0;0;0;-1;0;-1;1;0;0;1;0;0;1;0;-1;0;0;0;0;0;-1;0;0,5,"2,0,1,2,1"
242,0;0;0;-1;0;0;0;0;1;0;0;0;0;-1;1;1;-1;1;0;0;0;0;-1;0;0,5,"2,0,1,2,3"
243,0;-1;0;1;0;1;0;1;-1;0;0;-1;0;1;-1;-1;1;-1;0;0;0;0;1;0;0,5,"2,0,1,2,4"
244,0;1;-1;1;0;-1;0;0;0;1;1;0;0;0;-1;-1;0;0;0;0;0;-1;1;0;0,5,"2,0,1,3,0"
245,0;0;-1;0;0;0;0;1;0;0;1;-1;0;-1;1;0;0;1;0;-1;0;0;-1;1;0,5,"2,0,1,3,2"
246,0;-1;1;-1;0;1;0;0;0;-1;-1;0;0;1;1;1;0;-1;0;0;0;1;-1;0;0,5,"2,0,1,3,4"
247,0;1;0;1;-1;-1;0;0;0;1;0;0;0;-1;1;-1;0;1;0;0;1;-1;-1;0;0,5,"2,0,1,4,1"
248,0;-1;0;1;0;1;0;0;0;-1;0;0;0;1;-1;-1;0;-1;0;1;0;1;1;-1;0,5,"2,0,1,4,2"
249,0;0;-1;0;0;0;0;1;0;1;1;-1;0;1;0;0;0;-1;0;0;0;-1;0;0;0,5,"2,0,2,0,1"
250,0;0;-1;0;0;0;0;-1;0;-1;1;1;0;-1;0;0;0;1;0;0;0;1;0;0;0,5,"2,0,2,0,3"
251,0;0;-1;0;0;0;0;-1;0;1;1;1;0;1;0;0;0;-1;0;0;0;-1;0;0;0,5,"2,0,2,0,4"
252,0;0;1;0;0;0;0;1;0;1;-1;-1;0;-1;0;0;0;1;0;0;0;-1;0;0;0,5,"2,0,2,1,3"
253,0;0;1;0;0;0;0;1;0;-1;-1;-1;0;1;0;0;0;-1;0;0;0;1;0;0;0,5,"2,0,2,1,4"
254,0;0;1;0;0;0;0;-1;0;1;-1;1;0;-1;0;0;0;1;0;0;0;-1;0;0;0,5,"2,0,2,3,4"
255,0;0;1;0;0;0;0;1;0;-1;-1;-1;0;1;1;0;0;-1;0;0;0;1;-1;0;0,5,"2,0,2,4,1"
256,0;1;0;0;-1;-1;0;-1;1;1;0;1;0;0;-1;0;-1;0;0;0;1;-1;1;0;0,5,"2,0,3,0,1"
257,0;-1;0;1;0;1;0;1;-1;1;0;-1;0;1;0;-1;1;-1;0;0;0;-1;0;0;0,5,"2,0,3,0,4"
258,0;-1;0;0;0;1;0;1;-1;1;0;-1;0;0;0;0;1;0;0;-1;0;-1;0;1;0,5,"2,0,3,2,1"
259,0;1;0;-1;0;-1;0;-1;1;1;0;1;0;-1;0;1;-1;1;0;0;0;-1;0;0;0,5,"2,0,3,2,4"
260,0;-1;1;-1;1;1;0;-1;0;-1;-1;1;0;1;0;1;0;-1;0;0;-1;1;0;0;0,5,"2,0,3,4,1"
261,0;1;0;-1;-1;-1;0;-1;1;0;0;1;0;-1;0;1;-1;1;0;0;1;0;0;0;0,5,"2,0,4,1,0"
262,0;-1;0;1;1;1;0;1;-1;-1;0;-1;0;1;0;-1;1;-1;0;0;-1;1;0;0;0,5,"2,0,4,1,2"
263,0;0;0;1;-1;0;0;-1;0;1;0;1;0;-1;0;-1;0;1;0;0;1;-1;0;0;0,5,"2,0,4,1,4"
264,0;1;0;0;0;-1;0;-1;-1;1;0;1;0;0;-1;0;1;0;0;-1;0;-1;1;1;0,5,"2,3,0,1,0"
265,0;-1;0;0;0;1;0;1;-1;0;0;-1;0;0;1;0;1;0;0;-1;0;0;-1;1;0,5,"2,3,0,1,2"
266,0;-1;0;0;0;1;0;-1;1;0;0;1;0;0;-1;0;-1;0;0;1;0;0;1;-1;0,5,"2,3,0,1,3"
267,0;-1;0;0;0;1;0;0;0;-1;0;0;0;0;1;0;0;0;0;1;0;1;-1;-1;0,5,"2,3,0,1,4"
268,0;0;-1;1;0;0;0;-1;1;-1;1;1;0;-1;0;-1;-1;1;0;0;0;1;0;0;0,5,"2,3,0,2,0"
269,0;0;1;-1;0;0;0;1;-1;1;-1;-1;0;1;0;1;1;-1;0;-1;0;-1;0;1;0,5,"2,3,0,2,1"
270,0;0;1;-1;0;0;0;1;-1;-1;-1;-1;0;1;0;1;1;-1;0;0;0;1;0;0;0,5,"2,3,0,3,0"
271,0;0;-1;1;0;0;0;-1;1;1;1;1;0;-1;-1;-1;-1;1;0;0;0;-1;1;0;0,5,"2,3,0,3,1"
272,0;0;1;0;0;0;0;-1;0;1;-1;1;0;-1;0;0;0;1;0;-1;0;-1;0;1;0,5,"3,0,1,0,2"
273,0;1;-1;0;0;-1;0;0;1;0;1;0;0;-1;0;0;-1;1;0;1;0;0;0;-1;0,5,"3,0,1,0,3"
274,0;1;-1;0;0;-1;0;1;0;-1;1;-1;0;1;0;0;0;-1;0;1;0;1;0;-1;0,5,"3,0,1,0,4"
275,0;1;1;-1;0;-1;0;0;0;1;-1;0;0;0;0;1;0;0;0;-1;0;-1;0;1;0,5,"3,0,1,2,0"
276,0;0;0;-1;0;0;0;0;1;0;0;0;0;1;-1;1;-1;-1;0;1;0;0;1;-1;0,5,"3,0,1,2,3"
277,0;-1;-1;1;0;1;0;0;0;-1;1;0;0;-1;0;-1;0;1;0;1;0;1;0;-1;0,5,"3,0,1,2,4"
278,0;1;0;0;0;-1;0;1;-1;0;0;-1;0;0;0;0;1;0;0;1;0;0;0;-1;0,5,"3,0,1,3,1"
279,0;0;-1;0;0;0;0;1;0;0;1;-1;0;1;0;0;0;-1;0;1;0;0;0;-1;0,5,"3,0,1,3,2"
280,0;-1;1;0;0;1;0;-1;1;0;-1;1;0;-1;0;0;-1;1;0;-1;0;0;0;1;0,5,"3,0,1,3,4"
281,0;1;1;0;-1;-1;0;0;0;1;-1;0;0;1;0;0;0;-1;0;1;1;-1;0;-1;0,5,"3,0,1,4,1"
282,0;-1;1;0;0;1;0;0;0;-1;-1;0;0;-1;1;0;0;1;0;-1;0;1;-1;1;0,5,"3,0,1,4,3"
283,0;1;0;0;-1;-1;0;1;-1;1;0;-1;0;0;0;0;1;0;0;-1;1;-1;0;1;0,5,"3,0,2,0,1"
284,0;-1;1;0;0;1;0;-1;1;1;-1;1;0;-1;0;0;-1;1;0;0;0;-1;0;0;0,5,"3,0,2,0,4"
285,0;-1;0;0;0;1;0;-1;1;1;0;1;0;0;-1;0;-1;0;0;0;0;-1;1;0;0,5,"3,0,2,3,1"
286,0;1;-1;0;0;-1;0;1;-1;1;1;-1;0;1;0;0;1;-1;0;0;0;-1;0;0;0,5,"3,0,2,3,4"
287,0;-1;-1;1;1;1;0;0;-1;-1;1;0;0;-1;0;-1;1;1;0;0;-1;1;0;0;0,5,"3,0,2,4,1"
288,0;0;0;-1;0;0;0;0;1;1;0;0;0;-1;0;1;-1;1;0;0;0;-1;0;0;0,5,"3,0,3,0,1"
289,0;0;0;-1;0;0;0;0;-1;-1;0;0;0;1;0;1;1;-1;0;0;0;1;0;0;0,5,"3,0,3,0,2"
290,0;0;0;-1;0;0;0;0;-1;1;0;0;0;-1;0;1;1;1;0;0;0;-1;0;0;0,5,"3,0,3,0,4"
291,0;0;0;1;0;0;0;0;1;1;0;0;0;1;0;-1;-1;-1;0;0;0;-1;0;0;0,5,"3,0,3,1,2"
292,0;0;0;1;0;0;0;0;1;-1;0;0;0;-1;0;-1;-1;1;0;0;0;1;0;0;0,5,"3,0,3,1,4"
293,0;0;0;1;0;0;0;0;-1;1;0;0;0;1;0;-1;1;-1;0;0;0;-1;0;0;0,5,"3,0,3,2,4"
294,0;0;0;1;0;0;0;0;1;-1;0;0;0;-1;0;-1;-1;1;0;1;0;1;0;-1;0,5,"3,0,3,4,1"
295,0;1;-1;0;-1;-1;0;1;-1;0;1;-1;0;1;0;0;1;-1;0;0;1;0;0;0;0,5,"3,0,4,1,0"
296,0;-1;1;0;1;1;0;-1;1;-1;-1;1;0;-1;0;0;-1;1;0;0;-1;1;0;0;0,5,"3,0,4,1,3"
297,0;0;1;0;-1;0;0;0;-1;1;-1;0;0;1;0;0;1;-1;0;0;1;-1;0;0;0,5,"3,0,4,1,4"
298,0;1;0;0;-1;-1;0;-1;1;1;0;1;0;0;0;0;-1;0;0;0;1;-1;0;0;0,5,"4,1,0,1,2"
299,0;1;0;0;-1;-1;0;1;-1;1;0;-1;0;0;0;0;1;0;0;0;1;-1;0;0;0,5,"4,1,0,1,3"
300,0;1;0;0;0;-1;0;1;1;-1;0;-1;0;0;1;0;-1;0;0;1;0;1;-1;-1;0,5,"4,1,0,4,1"
301,0;1;1;1;-1;-1;0;0;0;0;-1;0;0;0;1;-1;0;0;0;1;1;0;-1;-1;0,5,"4,1,4,1,0"
302,0;0;0;0;-1;0;0;1;-1;1;0;-1;0;0;0;0;1;0;0;0;1;-1;0;0;0,6,"0,1,0,1,2,4"
303,0;0;0;0;-1;0;0;-1;1;1;0;1;0;0;0;0;-1;0;0;0;1;-1;0;0;0,6,"0,1,0,1,3,4"
304,0;0;0;0;1;0;0;-1;-1;1;0;1;0;0;0;0;1;0;0;0;-1;-1;0;0;0,6,"0,1,0,1,4,0"
305,0;0;0;0;-1;0;0;1;1;-1;0;-1;0;0;1;0;-1;0;0;1;1;1;-1;-1;0,6,"0,1,0,1,4,1"
306,0;0;-1;1;0;0;0;1;-1;-1;1;-1;0;0;1;-1;1;0;0;0;0;1;-1;0;0,6,"0,1,0,2,0,1"
307,0;0;0;-1;0;0;0;0;-1;1;0;0;0;1;0;1;1;-1;0;0;0;-1;0;0;0,6,"0,1,0,2,0,3"
308,0;0;-1;0;1;0;0;-1;0;0;1;1;0;-1;-1;0;0;1;0;0;-1;0;1;0;0,6,"0,1,0,2,1,2"
309,0;0;0;1;0;0;0;0;1;-1;0;0;0;-1;1;-1;-1;1;0;0;0;1;-1;0;0,6,"0,1,0,2,1,3"
310,0;0;1;-1;0;0;0;0;-1;1;-1;0;0;1;-1;1;1;-1;0;0;0;-1;1;0;0,6,"0,1,0,2,1,4"
311,0;0;1;-1;0;0;0;-1;1;-1;-1;1;0;0;0;1;-1;0;0;1;0;1;0;-1;0,6,"0,1,0,3,0,1"
312,0;0;-1;0;0;0;0;-1;0;1;1;1;0;-1;0;0;0;1;0;0;0;-1;0;0;0,6,"0,1,0,3,0,2"
313,0;0;1;0;0;0;0;1;0;-1;-1;-1;0;1;0;0;0;-1;0;1;0;1;0;-1;0,6,"0,1,0,3,1,2"
314,0;0;0;-1;1;0;0;0;-1;0;0;0;0;1;0;1;1;-1;0;-1;-1;0;0;1;0,6,"0,1,0,3,1,3"
315,0;0;-1;1;0;0;0;-1;0;1;1;1;0;-1;0;-1;0;1;0;-1;0;-1;0;1;0,6,"0,1,0,3,1,4"
316,0;-1;0;1;1;1;0;-1;0;0;0;1;0;-1;0;-1;0;1;0;0;-1;0;0;0;0,6,"0,2,0,1,0,2"
317,0;0;0;-1;1;0;0;0;1;0;0;0;0;-1;0;1;-1;1;0;0;-1;0;0;0;0,6,"0,2,0,1,0,3"
318,0;-1;0;0;0;1;0;1;-1;-1;0;-1;0;0;1;0;1;0;0;0;0;1;-1;0;0,6,"0,2,0,1,2,1"
319,0;0;0;1;-1;0;0;0;-1;1;0;0;0;1;0;-1;1;-1;0;0;1;-1;0;0;0,6,"0,2,0,1,2,3"
320,0;0;0;-1;1;0;0;-1;1;-1;0;1;0;-1;0;1;-1;1;0;0;-1;1;0;0;0,6,"0,2,0,1,2,4"
321,0;-1;1;-1;1;1;0;0;0;0;-1;0;0;0;0;1;0;0;0;-1;-1;0;0;1;0,6,"0,2,0,1,3,0"
322,0;0;1;0;-1;0;0;-1;0;1;-1;1;0;1;0;0;0;-1;0;0;1;-1;0;0;0,6,"0,2,0,1,3,2"
323,0;0;-1;1;1;0;0;1;0;-1;1;-1;0;-1;0;-1;0;1;0;0;-1;1;0;0;0,6,"0,2,0,1,3,4"
324,0;0;0;1;-1;0;0;1;0;-1;0;-1;0;1;0;-1;0;-1;0;1;1;1;0;-1;0,6,"0,2,0,1,4,0"
325,0;0;1;0;0;0;0;-1;0;1;-1;1;0;-1;-1;0;0;1;0;0;0;-1;1;0;0,6,"0,2,0,2,0,1"
326,0;0;-1;0;0;0;0;-1;0;1;1;1;0;1;-1;0;0;-1;0;0;0;-1;1;0;0,6,"0,2,0,2,1,3"
327,0;0;-1;0;0;0;0;0;0;-1;1;0;0;-1;1;0;0;1;0;0;0;1;-1;0;0,6,"0,2,0,2,1,4"
328,0;1;-1;1;0;-1;0;1;0;-1;1;-1;0;-1;1;-1;0;1;0;0;0;1;-1;0;0,6,"0,2,0,3,4,1"
329,0;-1;0;1;0;1;0;1;-1;-1;0;-1;0;1;1;-1;1;-1;0;0;0;1;-1;0;0,6,"0,2,0,4,1,0"
330,0;1;0;-1;0;-1;0;-1;1;0;0;1;0;-1;-1;1;-1;1;0;0;0;0;1;0;0,6,"0,2,0,4,1,2"
331,0;1;0;-1;0;-1;0;0;0;1;0;0;0;1;-1;1;0;-1;0;0;0;-1;1;0;0,6,"0,2,0,4,1,4"
332,0;-1;1;0;-1;1;0;0;-1;0;-1;0;0;1;1;0;1;-1;0;0;1;0;-1;0;0,6,"0,2,4,1,0,1"
333,0;1;-1;0;0;-1;0;0;1;0;1;0;0;-1;-1;0;-1;1;0;0;0;0;1;0;0,6,"0,2,4,1,0,2"
334,0;0;0;1;-1;0;0;0;-1;0;0;0;0;-1;1;-1;1;1;0;0;1;0;-1;0;0,6,"0,2,4,1,0,3"
335,0;1;0;-1;1;-1;0;0;1;0;0;0;0;1;-1;1;-1;-1;0;0;-1;0;1;0;0,6,"0,2,4,1,0,4"
336,0;0;1;-1;1;0;0;0;0;1;-1;0;0;1;0;1;0;-1;0;-1;-1;-1;0;1;0,6,"0,2,4,1,4,0"
337,0;0;-1;0;1;0;0;1;0;0;1;-1;0;1;0;0;0;-1;0;0;-1;0;0;0;0,6,"0,3,0,1,0,2"
338,0;-1;1;0;1;1;0;0;-1;0;-1;0;0;1;0;0;1;-1;0;0;-1;0;0;0;0,6,"0,3,0,1,0,3"
339,0;-1;-1;1;1;1;0;0;0;0;1;0;0;0;-1;-1;0;0;0;0;-1;0;1;0;0,6,"0,3,0,1,2,0"
340,0;0;0;1;-1;0;0;0;-1;1;0;0;0;-1;0;-1;1;1;0;0;1;-1;0;0;0,6,"0,3,0,1,2,3"
341,0;0;1;-1;1;0;0;0;1;-1;-1;0;0;1;0;1;-1;-1;0;0;-1;1;0;0;0,6,"0,3,0,1,2,4"
342,0;-1;0;0;0;1;0;-1;1;-1;0;1;0;0;0;0;-1;0;0;1;0;1;0;-1;0,6,"0,3,0,1,3,1"
343,0;0;1;0;-1;0;0;-1;0;1;-1;1;0;-1;0;0;0;1;0;0;1;-1;0;0;0,6,"0,3,0,1,3,2"
344,0;0;-1;0;1;0;0;1;-1;-1;1;-1;0;1;0;0;1;-1;0;0;-1;1;0;0;0,6,"0,3,0,1,3,4"
345,0;0;1;0;-1;0;0;0;1;-1;-1;0;0;-1;1;0;-1;1;0;0;1;1;-1;0;0,6,"0,3,0,1,4,0"
346,0;1;1;-1;0;-1;0;0;1;-1;-1;0;0;1;0;1;-1;-1;0;1;0;1;0;-1;0,6,"0,3,0,2,4,1"
347,0;0;0;1;0;0;0;0;-1;1;0;0;0;1;0;-1;1;-1;0;-1;0;-1;0;1;0,6,"0,3,0,3,0,1"
348,0;0;0;-1;0;0;0;0;-1;1;0;0;0;-1;0;1;1;1;0;-1;0;-1;0;1;0,6,"0,3,0,3,1,2"
349,0;0;0;-1;0;0;0;0;0;-1;0;0;0;1;0;1;0;-1;0;1;0;1;0;-1;0,6,"0,3,0,3,1,4"
350,0;-1;1;0;0;1;0;-1;1;-1;-1;1;0;-1;0;0;-1;1;0;1;0;1;0;-1;0,6,"0,3,0,4,1,0"
351,0;1;-1;0;0;-1;0;1;-1;0;1;-1;0;1;0;0;1;-1;0;-1;0;0;0;1;0,6,"0,3,0,4,1,3"
352,0;1;-1;0;0;-1;0;0;0;1;1;0;0;-1;0;0;0;1;0;-1;0;-1;0;1;0,6,"0,3,0,4,1,4"
353,0;-1;0;1;-1;1;0;-1;0;0;0;1;0;-1;0;-1;0;1;0;1;1;0;0;-1;0,6,"0,3,4,1,0,1"
354,0;0;1;0;-1;0;0;-1;0;0;-1;1;0;1;0;0;0;-1;0;1;1;0;0;-1;0,6,"0,3,4,1,0,2"
355,0;1;0;-1;0;-1;0;1;0;0;0;-1;0;1;0;1;0;-1;0;-1;0;0;0;1;0,6,"0,3,4,1,0,3"
356,0;1;-1;0;1;-1;0;1;0;0;1;-1;0;-1;0;0;0;1;0;-1;-1;0;0;1;0,6,"0,3,4,1,0,4"
357,0;0;-1;1;1;0;0;0;0;1;1;0;0;-1;-1;-1;0;1;0;0;-1;-1;1;0;0,6,"0,3,4,1,4,0"
358,0;-1;0;0;1;1;0;-1;1;0;0;1;0;0;0;0;-1;0;0;0;-1;0;0;0;0,6,"1,0,1,0,2,4"
359,0;-1;0;0;1;1;0;1;-1;0;0;-1;0;0;0;0;1;0;0;0;-1;0;0;0;0,6,"1,0,1,0,3,4"
360,0;0;0;0;-1;0;0;1;1;1;0;-1;0;0;0;0;-1;0;0;0;1;-1;0;0;0,6,"1,0,1,4,0,4"
361,0;1;-1;-1;0;-1;0;1;1;0;1;-1;0;0;-1;1;-1;0;0;0;0;0;1;0;0,6,"1,0,2,0,1,2"
362,0;-1;1;1;-1;1;0;-1;-1;0;-1;1;0;0;1;-1;1;0;0;0;1;0;-1;0;0,6,"1,0,2,0,1,3"
363,0;0;0;-1;1;0;0;-1;1;0;0;1;0;0;-1;1;-1;0;0;0;-1;0;1;0;0,6,"1,0,2,0,1,4"
364,0;0;-1;1;1;0;0;0;1;0;1;0;0;-1;-1;-1;-1;1;0;0;-1;0;1;0;0,6,"1,0,2,0,3,4"
365,0;0;0;1;-1;0;0;1;-1;0;0;-1;0;1;-1;-1;1;-1;0;1;1;0;1;-1;0,6,"1,0,2,0,4,0"
366,0;0;0;-1;1;0;0;-1;0;0;0;1;0;-1;1;1;0;1;0;-1;-1;0;-1;1;0,6,"1,0,2,0,4,2"
367,0;0;-1;0;-1;0;0;1;0;0;1;-1;0;1;0;0;0;-1;0;0;1;0;0;0;0,6,"1,0,2,1,2,0"
368,0;0;1;0;1;0;0;-1;0;0;-1;1;0;1;0;0;0;-1;0;0;-1;0;0;0;0,6,"1,0,2,1,2,1"
369,0;0;1;0;1;0;0;1;0;0;-1;-1;0;-1;0;0;0;1;0;0;-1;0;0;0;0,6,"1,0,2,1,2,3"
370,0;0;1;0;-1;0;0;1;0;0;-1;-1;0;1;0;0;0;-1;0;0;1;0;0;0;0,6,"1,0,2,1,2,4"
371,0;0;0;1;-1;0;0;0;-1;0;0;0;0;1;0;-1;1;-1;0;1;1;0;0;-1;0,6,"1,0,2,1,3,0"
372,0;0;0;-1;1;0;0;0;1;0;0;0;0;1;0;1;-1;-1;0;0;-1;0;0;0;0,6,"1,0,2,1,3,1"
373,0;0;0;-1;1;0;0;0;-1;0;0;0;0;-1;0;1;1;1;0;0;-1;0;0;0;0,6,"1,0,2,1,3,2"
374,0;0;0;-1;-1;0;0;0;-1;0;0;0;0;1;0;1;1;-1;0;0;1;0;0;0;0,6,"1,0,2,1,3,4"
375,0;0;1;-1;1;0;0;-1;1;0;-1;1;0;0;0;1;-1;0;0;-1;-1;0;0;1;0,6,"1,0,2,1,4,0"
376,0;-1;0;0;1;1;0;0;0;0;0;0;0;0;-1;0;0;0;0;-1;-1;0;1;1;0,6,"1,0,2,3,0,4"
377,0;1;0;0;-1;-1;0;-1;-1;1;0;1;0;0;0;0;1;0;0;0;1;-1;0;0;0,6,"1,0,2,3,1,0"
378,0;0;1;0;-1;0;0;1;-1;0;-1;-1;0;1;0;0;1;-1;0;1;1;0;0;-1;0,6,"1,0,2,4,0,4"
379,0;-1;1;1;-1;1;0;-1;-1;0;-1;1;0;0;0;-1;1;0;0;1;1;0;0;-1;0,6,"1,0,3,0,1,2"
380,0;1;-1;-1;0;-1;0;1;1;0;1;-1;0;0;0;1;-1;0;0;-1;0;0;0;1;0,6,"1,0,3,0,1,3"
381,0;0;-1;0;1;0;0;1;-1;0;1;-1;0;0;0;0;1;0;0;-1;-1;0;0;1;0,6,"1,0,3,0,1,4"
382,0;0;1;-1;1;0;0;1;0;0;-1;-1;0;1;0;1;0;-1;0;-1;-1;0;0;1;0,6,"1,0,3,0,2,4"
383,0;0;1;0;-1;0;0;-1;1;0;-1;1;0;-1;1;0;-1;1;0;-1;1;0;-1;1;0,6,"1,0,3,0,4,0"
384,0;0;-1;0;1;0;0;0;-1;0;1;0;0;1;-1;0;1;-1;0;1;-1;0;1;-1;0,6,"1,0,3,0,4,3"
385,0;0;1;0;-1;0;0;-1;0;0;-1;1;0;-1;1;0;0;1;0;0;1;0;-1;0;0,6,"1,0,3,1,2,0"
386,0;0;-1;0;1;0;0;1;0;0;1;-1;0;-1;0;0;0;1;0;0;-1;0;0;0;0,6,"1,0,3,1,2,1"
387,0;0;-1;0;1;0;0;-1;0;0;1;1;0;1;0;0;0;-1;0;0;-1;0;0;0;0,6,"1,0,3,1,2,3"
388,0;0;-1;0;-1;0;0;-1;0;0;1;1;0;-1;0;0;0;1;0;0;1;0;0;0;0,6,"1,0,3,1,2,4"
389,0;0;0;-1;-1;0;0;0;1;0;0;0;0;-1;0;1;-1;1;0;0;1;0;0;0;0,6,"1,0,3,1,3,0"
390,0;0;0;1;1;0;0;0;-1;0;0;0;0;-1;0;-1;1;1;0;0;-1;0;0;0;0,6,"1,0,3,1,3,1"
391,0;0;0;1;1;0;0;0;1;0;0;0;0;1;0;-1;-1;-1;0;0;-1;0;0;0;0,6,"1,0,3,1,3,2"
392,0;0;0;1;-1;0;0;0;1;0;0;0;0;-1;0;-1;-1;1;0;0;1;0;0;0;0,6,"1,0,3,1,3,4"
393,0;0;-1;1;1;0;0;1;-1;0;1;-1;0;0;-1;-1;1;0;0;0;-1;0;1;0;0,6,"1,0,3,1,4,0"
394,0;0;0;1;-1;0;0;-1;1;0;0;1;0;-1;1;-1;-1;1;0;0;1;0;-1;0;0,6,"1,0,3,4,0,4"
395,0;-1;-1;1;0;1;0;0;-1;0;1;0;0;-1;1;-1;1;1;0;-1;0;0;-1;1;0,6,"1,0,4,0,2,0"
396,0;1;1;-1;0;-1;0;0;0;0;-1;0;0;1;-1;1;0;-1;0;1;0;0;1;-1;0,6,"1,0,4,0,2,4"
397,0;-1;1;-1;0;1;0;-1;0;0;-1;1;0;1;-1;1;0;-1;0;1;0;0;1;-1;0,6,"1,0,4,0,3,0"
398,0;1;-1;1;0;-1;0;0;0;0;1;0;0;-1;1;-1;0;1;0;-1;0;0;-1;1;0,6,"1,0,4,0,3,4"
399,0;-1;0;0;1;1;0;0;0;-1;0;0;0;0;1;0;0;0;0;1;-1;1;-1;-1;0,6,"1,0,4,0,4,0"
400,0;1;0;0;-1;-1;0;0;0;0;0;0;0;0;-1;0;0;0;0;1;1;0;1;-1;0,6,"1,0,4,0,4,2"
401,0;1;0;0;-1;-1;0;0;0;0;0;0;0;0;1;0;0;0;0;-1;1;0;-1;1;0,6,"1,0,4,0,4,3"
402,0;-1;1;0;-1;1;0;0;-1;0;-1;0;0;1;0;0;1;-1;0;0;1;0;0;0;0,6,"1,2,0,1,0,3"
403,0;-1;-1;1;0;1;0;0;0;0;1;0;0;0;1;-1;0;0;0;0;0;0;-1;0;0,6,"1,2,0,1,2,0"
404,0;0;0;1;0;0;0;0;-1;0;0;0;0;-1;1;-1;1;1;0;0;0;0;-1;0;0,6,"1,2,0,1,2,3"
405,0;1;1;-1;0;-1;0;0;1;0;-1;0;0;1;-1;1;-1;-1;0;0;0;0;1;0;0,6,"1,2,0,1,2,4"
406,0;-1;0;0;1;1;0;-1;1;0;0;1;0;0;-1;0;-1;0;0;0;-1;0;1;0;0,6,"1,2,0,1,3,1"
407,0;0;1;0;0;0;0;-1;0;0;-1;1;0;-1;1;0;0;1;0;-1;0;0;-1;1;0,6,"1,2,0,1,3,2"
408,0;1;0;0;-1;-1;0;1;-1;0;0;-1;0;1;1;0;1;-1;0;0;1;0;-1;0;0,6,"1,2,0,1,3,4"
409,0;-1;0;0;1;1;0;0;1;-1;0;0;0;-1;1;0;-1;1;0;0;-1;1;-1;0;0,6,"1,2,0,1,4,0"
410,0;1;0;0;-1;-1;0;0;1;0;0;0;0;1;-1;0;-1;-1;0;1;1;0;1;-1;0,6,"1,2,0,1,4,2"
411,0;-1;0;0;0;1;0;-1;1;0;0;1;0;0;1;0;-1;0;0;0;0;0;-1;0;0,6,"1,2,0,2,0,1"
412,0;1;-1;0;0;-1;0;0;1;0;1;0;0;-1;1;0;-1;1;0;0;0;0;-1;0;0,6,"1,2,0,2,0,3"
413,0;1;-1;0;0;-1;0;1;-1;0;1;-1;0;1;-1;0;1;-1;0;0;0;0;1;0;0,6,"1,2,0,2,0,4"
414,0;1;0;0;0;-1;0;1;-1;0;0;-1;0;0;1;0;1;0;0;0;0;0;-1;0;0,6,"1,2,0,2,3,1"
415,0;-1;1;0;0;1;0;-1;1;0;-1;1;0;-1;-1;0;-1;1;0;0;0;0;1;0;0,6,"1,2,0,2,3,4"
416,0;0;0;1;-1;0;0;0;-1;0;0;0;0;1;-1;-1;1;-1;0;1;1;0;1;-1;0,6,"1,2,0,3,0,1"
417,0;0;0;0;1;0;0;0;1;0;0;0;0;0;1;0;-1;0;0;-1;-1;0;-1;1;0,6,"1,2,0,3,0,4"
418,0;0;0;-1;1;0;0;0;-1;0;0;0;0;-1;1;1;1;1;0;-1;-1;0;-1;1;0,6,"1,2,0,3,1,2"
419,0;0;1;-1;-1;0;0;0;-1;0;-1;0;0;1;1;1;1;-1;0;0;1;0;-1;0;0,6,"1,2,0,3,1,4"
420,0;0;0;0;-1;0;0;0;1;0;0;0;0;0;-1;0;-1;0;0;1;1;0;1;-1;0,6,"1,2,0,3,2,4"
421,0;0;-1;1;1;0;0;0;1;0;1;0;0;0;0;-1;-1;0;0;0;-1;0;0;0;0,6,"1,2,0,3,4,0"
422,0;0;-1;0;0;0;0;0;1;0;1;0;0;-1;-1;0;-1;1;0;0;0;0;1;0;0,6,"1,2,0,3,4,2"
423,0;-1;0;-1;1;1;0;0;0;0;0;0;0;-1;1;1;0;1;0;-1;-1;0;-1;1;0,6,"1,2,0,4,0,1"
424,0;1;0;-1;1;-1;0;0;0;0;0;0;0;1;-1;1;0;-1;0;0;-1;0;1;0;0,6,"1,2,0,4,0,2"
425,0;1;0;1;0;-1;0;0;0;0;0;0;0;1;0;-1;0;-1;0;1;0;0;0;-1;0,6,"1,2,0,4,0,3"
426,0;0;0;-1;0;0;0;-1;1;0;0;1;0;-1;0;1;-1;1;0;-1;0;0;0;1;0,6,"1,2,0,4,2,3"
427,0;-1;0;0;1;1;0;0;-1;0;0;0;0;0;1;0;1;0;0;-1;-1;0;-1;1;0,6,"1,2,0,4,2,4"
428,0;1;-1;1;0;-1;0;1;0;0;1;-1;0;-1;1;-1;0;1;0;-1;0;0;-1;1;0,6,"1,2,3,0,2,0"
429,0;-1;1;-1;0;1;0;0;0;0;-1;0;0;1;-1;1;0;-1;0;1;0;0;1;-1;0,6,"1,2,3,0,2,4"
430,0;1;1;-1;0;-1;0;0;1;0;-1;0;0;1;-1;1;-1;-1;0;1;0;0;1;-1;0,6,"1,2,3,0,3,0"
431,0;-1;-1;1;0;1;0;0;0;0;1;0;0;-1;1;-1;0;1;0;-1;0;0;-1;1;0,6,"1,2,3,0,3,4"
432,0;1;0;0;1;-1;0;0;0;0;0;0;0;0;1;0;0;0;0;1;-1;0;-1;-1;0,6,"1,2,3,0,4,0"
433,0;-1;0;0;-1;1;0;0;0;0;0;0;0;0;-1;0;0;0;0;1;1;0;1;-1;0,6,"1,2,3,0,4,2"
434,0;-1;0;0;-1;1;0;0;0;0;0;0;0;0;1;0;0;0;0;-1;1;0;-1;1;0,6,"1,2,3,0,4,3"
435,0;0;1;0;-1;0;0;0;0;1;-1;0;0;1;0;0;0;-1;0;1;1;-1;0;-1;0,6,"1,2,4,0,1,2"
436,0;0;0;-1;0;0;0;0;0;1;0;0;0;1;0;1;0;-1;0;-1;0;-1;0;1;0,6,"1,2,4,0,1,3"
437,0;-1;-1;0;1;1;0;0;0;-1;1;0;0;-1;0;0;0;1;0;-1;-1;1;0;1;0,6,"1,2,4,0,1,4"
438,0;0;-1;0;1;0;0;0;0;-1;1;0;0;1;-1;0;0;-1;0;1;-1;1;1;-1;0,6,"1,2,4,0,2,0"
439,0;0;1;0;-1;0;0;0;0;-1;-1;0;0;-1;1;0;0;1;0;-1;1;1;-1;1;0,6,"1,2,4,0,2,3"
440,0;0;1;-1;1;0;0;0;-1;1;-1;0;0;1;0;1;1;-1;0;-1;-1;-1;0;1;0,6,"1,2,4,0,2,4"
441,0;0;0;1;0;0;0;0;0;-1;0;0;0;1;0;-1;0;-1;0;-1;0;1;0;1;0,6,"1,2,4,0,3,0"
442,0;0;0;-1;0;0;0;0;0;-1;0;0;0;-1;0;1;0;1;0;-1;0;1;0;1;0,6,"1,2,4,0,3,2"
443,0;0;0;-1;0;0;0;0;0;1;0;0;0;1;0;1;0;-1;0;1;0;-1;0;-1;0,6,"1,2,4,0,3,4"
444,0;0;1;0;-1;0;0;0;-1;1;-1;0;0;-1;1;0;1;1;0;-1;1;-1;-1;1;0,6,"1,2,4,0,4,0"
445,0;0;-1;0;1;0;0;0;1;0;1;0;0;1;-1;0;-1;-1;0;1;-1;0;1;-1;0,6,"1,2,4,0,4,3"
446,0;0;-1;1;1;0;0;0;0;-1;1;0;0;-1;-1;-1;0;1;0;0;-1;1;1;0;0,6,"1,2,4,1,4,0"
447,0;-1;0;1;-1;1;0;-1;0;0;0;1;0;-1;0;-1;0;1;0;0;1;0;0;0;0,6,"1,3,0,1,0,2"
448,0;-1;0;0;1;1;0;1;-1;0;0;-1;0;0;0;0;1;0;0;-1;-1;0;0;1;0,6,"1,3,0,1,2,1"
449,0;0;0;1;0;0;0;0;-1;0;0;0;0;1;-1;-1;1;-1;0;1;0;0;1;-1;0,6,"1,3,0,1,2,3"
450,0;1;0;0;-1;-1;0;-1;1;0;0;1;0;-1;0;0;-1;1;0;1;1;0;0;-1;0,6,"1,3,0,1,2,4"
451,0;-1;1;-1;0;1;0;0;0;0;-1;0;0;0;0;1;0;0;0;1;0;0;0;-1;0,6,"1,3,0,1,3,0"
452,0;0;1;0;0;0;0;-1;0;0;-1;1;0;1;0;0;0;-1;0;1;0;0;0;-1;0,6,"1,3,0,1,3,2"
453,0;1;-1;1;0;-1;0;1;0;0;1;-1;0;-1;0;-1;0;1;0;-1;0;0;0;1;0,6,"1,3,0,1,3,4"
454,0;-1;0;0;1;1;0;1;0;-1;0;-1;0;1;0;0;0;-1;0;1;-1;1;0;-1;0,6,"1,3,0,1,4,0"
455,0;1;0;0;-1;-1;0;1;0;0;0;-1;0;-1;1;0;0;1;0;-1;1;0;-1;1;0,6,"1,3,0,1,4,3"
456,0;0;1;0;-1;0;0;-1;0;0;-1;1;0;-1;1;0;0;1;0;-1;1;0;-1;1;0,6,"1,3,0,2,0,1"
457,0;0;0;0;1;0;0;1;0;0;0;-1;0;0;-1;0;0;0;0;1;-1;0;1;-1;0,6,"1,3,0,2,0,4"
458,0;0;-1;0;1;0;0;-1;0;0;1;1;0;1;-1;0;0;-1;0;1;-1;0;1;-1;0,6,"1,3,0,2,1,3"
459,0;0;-1;1;-1;0;0;-1;0;0;1;1;0;-1;0;-1;0;1;0;1;1;0;0;-1;0,6,"1,3,0,2,1,4"
460,0;0;0;0;-1;0;0;1;0;0;0;-1;0;0;1;0;0;0;0;-1;1;0;-1;1;0,6,"1,3,0,2,3,4"
461,0;0;1;-1;1;0;0;1;0;0;-1;-1;0;0;0;1;0;0;0;0;-1;0;0;0;0,6,"1,3,0,2,4,0"
462,0;0;0;-1;0;0;0;1;0;0;0;-1;0;1;0;1;0;-1;0;-1;0;0;0;1;0,6,"1,3,0,2,4,3"
463,0;-1;0;0;0;1;0;1;-1;0;0;-1;0;0;0;0;1;0;0;1;0;0;0;-1;0,6,"1,3,0,3,0,1"
464,0;1;0;-1;0;-1;0;1;0;0;0;-1;0;1;0;1;0;-1;0;1;0;0;0;-1;0,6,"1,3,0,3,0,2"
465,0;1;0;-1;0;-1;0;-1;1;0;0;1;0;-1;0;1;-1;1;0;-1;0;0;0;1;0,6,"1,3,0,3,0,4"
466,0;1;0;0;0;-1;0;-1;1;0;0;1;0;0;0;0;-1;0;0;1;0;0;0;-1;0,6,"1,3,0,3,2,1"
467,0;-1;0;1;0;1;0;1;-1;0;0;-1;0;1;0;-1;1;-1;0;-1;0;0;0;1;0,6,"1,3,0,3,2,4"
468,0;-1;-1;0;1;1;0;0;0;0;1;0;0;1;-1;0;0;-1;0;1;-1;0;1;-1;0,6,"1,3,0,4,0,1"
469,0;1;1;0;0;-1;0;0;0;0;-1;0;0;-1;1;0;0;1;0;0;0;0;-1;0;0,6,"1,3,0,4,0,2"
470,0;1;-1;0;1;-1;0;0;0;0;1;0;0;-1;0;0;0;1;0;-1;-1;0;0;1;0,6,"1,3,0,4,0,3"
471,0;0;-1;0;0;0;0;1;-1;0;1;-1;0;1;-1;0;1;-1;0;0;0;0;1;0;0,6,"1,3,0,4,3,2"
472,0;-1;0;0;1;1;0;-1;0;0;0;1;0;0;-1;0;0;0;0;1;-1;0;1;-1;0,6,"1,3,0,4,3,4"
473,0;0;-1;0;0;0;0;0;0;1;1;0;0;-1;-1;0;0;1;0;0;0;-1;1;0;0,6,"1,3,4,0,1,2"
474,0;0;0;1;-1;0;0;0;0;1;0;0;0;-1;1;-1;0;1;0;0;1;-1;-1;0;0,6,"1,3,4,0,1,3"
475,0;-1;0;-1;1;1;0;0;0;-1;0;0;0;1;-1;1;0;-1;0;0;-1;1;1;0;0,6,"1,3,4,0,1,4"
476,0;0;1;0;0;0;0;0;0;-1;-1;0;0;-1;-1;0;0;1;0;0;0;1;1;0;0,6,"1,3,4,0,2,0"
477,0;0;-1;0;0;0;0;0;0;-1;1;0;0;1;-1;0;0;-1;0;0;0;1;1;0;0,6,"1,3,4,0,2,3"
478,0;0;-1;0;0;0;0;0;0;1;1;0;0;-1;1;0;0;1;0;0;0;-1;-1;0;0,6,"1,3,4,0,2,4"
479,0;0;0;-1;1;0;0;0;0;-1;0;0;0;-1;1;1;0;1;0;-1;-1;1;-1;1;0,6,"1,3,4,0,3,0"
480,0;0;0;1;-1;0;0;0;0;-1;0;0;0;1;-1;-1;0;-1;0;1;1;1;1;-1;0,6,"1,3,4,0,3,2"
481,0;0;-1;1;1;0;0;-1;0;1;1;1;0;-1;-1;-1;0;1;0;0;-1;-1;1;0;0,6,"1,3,4,0,3,4"
482,0;0;0;1;-1;0;0;-1;0;1;0;1;0;1;-1;-1;0;-1;0;1;1;-1;1;-1;0,6,"1,3,4,0,4,0"
483,0;0;0;-1;1;0;0;1;0;0;0;-1;0;-1;1;1;0;1;0;-1;-1;0;-1;1;0,6,"1,3,4,0,4,2"
484,0;0;1;-1;1;0;0;0;0;-1;-1;0;0;1;0;1;0;-1;0;-1;-1;1;0;1;0,6,"1,3,4,1,4,0"
485,0;0;1;-1;0;0;0;0;0;1;-1;0;0;1;-1;1;0;-1;0;1;0;-1;1;-1;0,6,"1,4,0,1,2,0"
486,0;0;-1;1;0;0;0;1;0;-1;1;-1;0;-1;1;-1;0;1;0;-1;0;1;-1;1;0,6,"1,4,0,1,2,4"
487,0;0;-1;1;0;0;0;0;0;1;1;0;0;-1;1;-1;0;1;0;-1;0;-1;-1;1;0,6,"1,4,0,1,3,0"
488,0;0;1;-1;0;0;0;0;1;-1;-1;0;0;1;-1;1;-1;-1;0;1;0;1;1;-1;0,6,"1,4,0,1,3,4"
489,0;1;0;0;-1;-1;0;0;0;0;0;0;0;0;-1;0;0;0;0;-1;1;0;1;1;0,6,"1,4,0,1,4,0"
490,0;1;0;0;0;-1;0;0;0;1;0;0;0;0;-1;0;0;0;0;-1;0;-1;1;1;0,6,"1,4,0,1,4,1"
491,0;-1;0;0;1;1;0;0;0;-1;0;0;0;0;1;0;0;0;0;-1;-1;1;-1;1;0,6,"1,4,0,1,4,2"
492,0;-1;0;0;1;1;0;0;0;-1;0;0;0;0;-1;0;0;0;0;1;-1;1;1;-1;0,6,"1,4,0,1,4,3"
493,0;0;0;1;0;0;0;0;0;-1;0;0;0;-1;0;-1;0;1;0;-1;0;1;0;1;0,6,"1,4,0,2,0,3"
494,0;0;1;-1;0;0;0;0;-1;1;-1;0;0;0;1;1;1;0;0;-1;0;-1;-1;1;0,6,"1,4,0,2,0,4"
495,0;1;0;0;-1;-1;0;0;0;1;0;0;0;0;1;0;0;0;0;1;1;-1;-1;-1;0,6,"1,4,0,2,3,4"
496,0;0;-1;1;0;0;0;0;1;-1;1;0;0;-1;1;-1;-1;1;0;0;0;1;-1;0;0,6,"1,4,0,2,4,1"
497,0;0;1;0;0;0;0;0;-1;1;-1;0;0;1;-1;0;1;-1;0;0;0;-1;1;0;0,6,"1,4,0,2,4,2"
498,0;1;0;-1;0;-1;0;0;1;0;0;0;0;1;0;1;-1;-1;0;1;0;0;0;-1;0,6,"1,4,0,2,4,3"
499,0;0;1;0;0;0;0;0;0;-1;-1;0;0;1;-1;0;0;-1;0;0;0;1;1;0;0,6,"1,4,0,3,0,2"
500,0;0;-1;1;0;0;0;-1;0;1;1;1;0;0;-1;-1;0;0;0;1;0;-1;1;-1;0,6,"1,4,0,3,0,4"
501,0;0;1;-1;0;0;0;1;0;-1;-1;-1;0;1;0;1;0;-1;0;1;0;1;0;-1;0,6,"1,4,0,3,4,1"
502,0;1;-1;0;0;-1;0;1;0;0;1;-1;0;-1;1;0;0;1;0;0;0;0;-1;0;0,6,"1,4,0,3,4,2"
503,0;0;0;1;0;0;0;-1;0;1;0;1;0;-1;0;-1;0;1;0;-1;0;-1;0;1;0,6,"1,4,0,3,4,3"
504,0;0;0;0;-1;0;0;1;1;-1;0;-1;0;0;0;0;-1;0;0;0;1;1;0;0;0,6,"1,4,0,4,0,1"
505,0;0;0;0;-1;0;0;1;-1;0;0;-1;0;0;1;0;1;0;0;-1;1;0;-1;1;0,6,"1,4,0,4,0,2"
506,0;0;0;0;-1;0;0;-1;1;0;0;1;0;0;-1;0;-1;0;0;1;1;0;1;-1;0,6,"1,4,0,4,0,3"
507,0;0;0;0;1;0;0;-1;1;-1;0;1;0;0;0;0;-1;0;0;0;-1;1;0;0;0,6,"1,4,0,4,1,2"
508,0;0;0;0;1;0;0;1;-1;-1;0;-1;0;0;0;0;1;0;0;0;-1;1;0;0;0,6,"1,4,0,4,1,3"
509,0;0;0;0;1;0;0;-1;1;0;0;1;0;-1;1;0;-1;1;0;-1;-1;0;-1;1;0,6,"1,4,0,4,2,1"
510,0;0;0;0;1;0;0;1;1;-1;0;-1;0;0;1;0;-1;0;0;1;-1;1;-1;-1;0,6,"1,4,0,4,2,3"
511,0;0;0;0;1;0;0;1;-1;0;0;-1;0;1;-1;0;1;-1;0;1;-1;0;1;-1;0,6,"1,4,0,4,3,1"
512,0;-1;1;-1;0;1;0;-1;0;0;-1;1;0;1;1;1;0;-1;0;0;0;0;-1;0;0,6,"2,0,1,0,2,1"
513,0;1;-1;1;0;-1;0;1;0;0;1;-1;0;-1;1;-1;0;1;0;0;0;0;-1;0;0,6,"2,0,1,0,2,3"
514,0;1;0;-1;0;-1;0;1;0;0;0;-1;0;1;-1;1;0;-1;0;0;0;0;1;0;0,6,"2,0,1,0,2,4"
515,0;0;0;-1;0;0;0;0;-1;1;0;0;0;1;-1;1;1;-1;0;0;0;-1;1;0;0,6,"2,0,1,0,3,0"
516,0;0;0;1;0;0;0;0;1;-1;0;0;0;1;-1;-1;-1;-1;0;1;0;1;1;-1;0,6,"2,0,1,0,3,1"
517,0;0;0;1;0;0;0;0;-1;1;0;0;0;-1;1;-1;1;1;0;-1;0;-1;-1;1;0,6,"2,0,1,0,3,2"
518,0;0;0;1;0;0;0;1;-1;-1;0;-1;0;1;1;-1;1;-1;0;0;0;1;-1;0;0,6,"2,0,1,0,3,4"
519,0;-1;0;0;0;1;0;0;-1;1;0;0;0;-1;1;0;1;1;0;-1;0;-1;-1;1;0,6,"2,0,1,0,4,1"
520,0;1;0;-1;0;-1;0;0;1;-1;0;0;0;1;-1;1;-1;-1;0;1;0;1;1;-1;0,6,"2,0,1,0,4,2"
521,0;1;0;0;0;-1;0;1;1;0;0;-1;0;0;-1;0;-1;0;0;0;0;0;1;0;0,6,"2,0,1,2,1,2"
522,0;1;0;0;0;-1;0;-1;-1;0;0;1;0;0;1;0;1;0;0;0;0;0;-1;0;0,6,"2,0,1,2,1,3"
523,0;1;0;0;0;-1;0;-1;1;0;0;1;0;0;-1;0;-1;0;0;0;0;0;1;0;0,6,"2,0,1,2,1,4"
524,0;0;0;1;0;0;0;0;1;0;0;0;0;-1;1;-1;-1;1;0;0;0;0;-1;0;0,6,"2,0,1,2,3,0"
525,0;0;0;-1;0;0;0;0;-1;0;0;0;0;-1;1;1;1;1;0;0;0;0;-1;0;0,6,"2,0,1,2,3,1"
526,0;0;0;-1;0;0;0;0;1;0;0;0;0;-1;-1;1;-1;1;0;0;0;0;1;0;0,6,"2,0,1,2,3,4"
527,0;-1;0;1;0;1;0;-1;0;0;0;1;0;-1;1;-1;0;1;0;-1;0;0;-1;1;0,6,"2,0,1,2,4,2"
528,0;-1;-1;1;1;1;0;0;0;-1;1;0;0;0;-1;-1;0;0;0;0;-1;1;1;0;0,6,"2,0,1,3,0,1"
529,0;1;1;1;-1;-1;0;0;0;1;-1;0;0;0;1;-1;0;0;0;0;1;-1;-1;0;0,6,"2,0,1,3,0,2"
530,0;1;-1;-1;0;-1;0;0;0;1;1;0;0;0;-1;1;0;0;0;0;0;-1;1;0;0,6,"2,0,1,3,0,3"
531,0;1;-1;1;0;-1;0;1;0;-1;1;-1;0;0;1;-1;0;0;0;0;0;1;-1;0;0,6,"2,0,1,3,0,4"
532,0;0;1;0;0;0;0;1;0;0;-1;-1;0;-1;1;0;0;1;0;-1;0;0;-1;1;0,6,"2,0,1,3,2,0"
533,0;0;-1;0;0;0;0;-1;0;0;1;1;0;-1;1;0;0;1;0;-1;0;0;-1;1;0,6,"2,0,1,3,2,1"
534,0;0;-1;0;0;0;0;1;0;0;1;-1;0;0;-1;0;0;0;0;1;0;0;1;-1;0,6,"2,0,1,3,2,4"
535,0;1;1;-1;-1;-1;0;0;0;1;-1;0;0;1;1;1;0;-1;0;0;1;-1;-1;0;0,6,"2,0,1,3,4,1"
536,0;-1;-1;0;1;1;0;0;0;-1;1;0;0;-1;-1;0;0;1;0;0;-1;1;1;0;0,6,"2,0,1,3,4,2"
537,0;1;0;1;-1;-1;0;0;0;1;0;0;0;1;-1;-1;0;-1;0;1;1;-1;1;-1;0,6,"2,0,1,4,1,2"
538,0;-1;0;-1;1;1;0;0;0;-1;0;0;0;-1;0;1;0;1;0;-1;-1;1;0;1;0,6,"2,0,1,4,2,3"
539,0;-1;0;1;0;1;0;0;-1;1;0;0;0;0;1;-1;1;0;0;-1;0;-1;-1;1;0,6,"2,0,1,4,2,4"
540,0;0;-1;0;0;0;0;1;0;-1;1;-1;0;1;1;0;0;-1;0;0;0;1;-1;0;0,6,"2,0,2,0,4,1"
541,0;0;1;0;0;0;0;-1;0;1;-1;1;0;1;-1;0;0;-1;0;0;0;-1;1;0;0,6,"2,0,2,1,4,1"
542,0;0;1;0;0;0;0;1;0;-1;-1;-1;0;-1;1;0;0;1;0;0;0;1;-1;0;0,6,"2,0,2,3,4,1"
543,0;0;1;0;0;0;0;0;0;1;-1;0;0;1;-1;0;0;-1;0;0;0;-1;1;0;0,6,"2,0,2,4,1,4"
544,0;1;0;0;-1;-1;0;1;1;0;0;-1;0;0;1;0;-1;0;0;0;1;0;-1;0;0,6,"2,0,3,0,1,2"
545,0;1;0;0;-1;-1;0;-1;-1;1;0;1;0;0;-1;0;1;0;0;0;1;-1;1;0;0,6,"2,0,3,0,1,3"
546,0;0;0;0;1;0;0;0;1;-1;0;0;0;0;1;0;-1;0;0;0;-1;1;-1;0;0,6,"2,0,3,0,1,4"
547,0;1;0;0;0;-1;0;-1;1;-1;0;1;0;0;0;0;-1;0;0;1;0;1;0;-1;0,6,"2,0,3,0,4,1"
548,0;1;0;0;0;-1;0;1;-1;1;0;-1;0;0;0;0;1;0;0;-1;0;-1;0;1;0,6,"2,0,3,2,1,0"
549,0;-1;0;0;0;1;0;-1;-1;1;0;1;0;0;0;0;1;0;0;-1;0;-1;0;1;0,6,"2,0,3,2,1,2"
550,0;-1;0;0;0;1;0;1;1;0;0;-1;0;0;0;0;-1;0;0;1;0;0;0;-1;0,6,"2,0,3,2,1,3"
551,0;-1;0;0;0;1;0;1;0;-1;0;-1;0;0;0;0;0;0;0;1;0;1;0;-1;0,6,"2,0,3,2,1,4"
552,0;-1;0;0;1;1;0;1;-1;-1;0;-1;0;0;1;0;1;0;0;0;-1;1;-1;0;0,6,"2,0,3,2,4,1"
553,0;1;-1;1;-1;-1;0;0;0;0;1;0;0;0;0;-1;0;0;0;1;1;0;0;-1;0,6,"2,0,3,4,1,0"
554,0;0;-1;0;1;0;0;1;0;-1;1;-1;0;-1;0;0;0;1;0;0;-1;1;0;0;0,6,"2,0,3,4,1,2"
555,0;0;1;-1;-1;0;0;-1;0;1;-1;1;0;1;0;1;0;-1;0;0;1;-1;0;0;0,6,"2,0,3,4,1,4"
556,0;1;0;-1;-1;-1;0;1;0;0;0;-1;0;1;0;1;0;-1;0;0;1;0;0;0;0,6,"2,0,4,1,0,2"
557,0;0;0;1;-1;0;0;0;-1;0;0;0;0;1;0;-1;1;-1;0;0;1;0;0;0;0,6,"2,0,4,1,0,3"
558,0;1;0;-1;1;-1;0;-1;1;0;0;1;0;-1;0;1;-1;1;0;0;-1;0;0;0;0,6,"2,0,4,1,0,4"
559,0;1;0;0;0;-1;0;-1;1;1;0;1;0;0;-1;0;-1;0;0;0;0;-1;1;0;0,6,"2,0,4,1,2,1"
560,0;0;0;-1;1;0;0;0;1;-1;0;0;0;-1;0;1;-1;1;0;0;-1;1;0;0;0,6,"2,0,4,1,2,3"
561,0;0;0;1;-1;0;0;1;-1;1;0;-1;0;1;0;-1;1;-1;0;0;1;-1;0;0;0,6,"2,0,4,1,2,4"
562,0;0;0;-1;1;0;0;-1;0;1;0;1;0;-1;0;1;0;1;0;-1;-1;-1;0;1;0,6,"2,0,4,1,4,0"
563,0;0;0;1;-1;0;0;1;0;-1;0;-1;0;-1;1;-1;0;1;0;0;1;1;-1;0;0,6,"2,0,4,1,4,1"
564,0;1;0;0;0;-1;0;1;-1;0;0;-1;0;0;1;0;1;0;0;-1;0;0;-1;1;0,6,"2,3,0,1,0,2"
565,0;1;0;0;0;-1;0;-1;1;0;0;1;0;0;-1;0;-1;0;0;1;0;0;1;-1;0,6,"2,3,0,1,0,3"
566,0;1;0;0;0;-1;0;0;0;-1;0;0;0;0;1;0;0;0;0;1;0;1;-1;-1;0,6,"2,3,0,1,0,4"
567,0;1;0;-1;0;-1;0;-1;1;0;0;1;0;-1;1;1;-1;1;0;-1;0;0;-1;1;0,6,"2,3,0,1,2,1"
568,0;-1;0;0;0;1;0;1;1;-1;0;-1;0;0;1;0;-1;0;0;1;0;1;-1;-1;0,6,"2,3,0,1,2,3"
569,0;-1;0;0;0;1;0;1;-1;0;0;-1;0;1;-1;0;1;-1;0;1;0;0;1;-1;0,6,"2,3,0,1,2,4"
570,0;1;-1;0;0;-1;0;1;-1;0;1;-1;0;1;-1;0;1;-1;0;1;0;0;1;-1;0,6,"2,3,0,1,3,1"
571,0;-1;0;0;0;1;0;-1;1;0;0;1;0;-1;1;0;-1;1;0;-1;0;0;-1;1;0,6,"2,3,0,1,3,4"
572,0;-1;0;0;0;1;0;0;0;-1;0;0;0;0;-1;0;0;0;0;1;0;1;1;-1;0,6,"2,3,0,1,4,2"
573,0;-1;0;0;0;1;0;0;0;-1;0;0;0;0;1;0;0;0;0;-1;0;1;-1;1;0,6,"2,3,0,1,4,3"
574,0;0;-1;1;0;0;0;1;-1;1;1;-1;0;0;0;-1;1;0;0;-1;0;-1;0;1;0,6,"2,3,0,2,0,1"
575,0;0;-1;0;0;0;0;-1;0;1;1;1;0;-1;0;0;0;1;0;-1;0;-1;0;1;0,6,"2,3,0,2,1,2"
576,0;0;0;1;-1;0;0;0;1;0;0;0;0;-1;0;-1;-1;1;0;1;1;0;0;-1;0,6,"2,3,0,2,1,3"
577,0;0;1;-1;0;0;0;-1;1;1;-1;1;0;0;-1;1;-1;0;0;0;0;-1;1;0;0,6,"2,3,0,3,0,1"
578,0;0;1;0;-1;0;0;1;0;0;-1;-1;0;1;1;0;0;-1;0;0;1;0;-1;0;0,6,"2,3,0,3,1,2"
579,0;0;1;0;0;0;0;1;0;-1;-1;-1;0;-1;1;0;0;1;0;-1;0;1;-1;1;0,6,"3,0,1,0,2,1"
580,0;0;1;0;0;0;0;-1;0;1;-1;1;0;1;-1;0;0;-1;0;1;0;-1;1;-1;0,6,"3,0,1,0,2,3"
581,0;0;1;0;0;0;0;-1;1;-1;-1;1;0;-1;0;0;-1;1;0;1;0;1;0;-1;0,6,"3,0,1,0,2,4"
582,0;-1;-1;1;0;1;0;0;-1;0;1;0;0;-1;0;-1;1;1;0;1;0;0;0;-1;0,6,"3,0,1,0,3,1"
583,0;1;1;-1;0;-1;0;0;1;0;-1;0;0;1;0;1;-1;-1;0;1;0;0;0;-1;0,6,"3,0,1,0,3,2"
584,0;1;-1;0;0;-1;0;0;1;0;1;0;0;-1;0;0;-1;1;0;-1;0;0;0;1;0,6,"3,0,1,0,3,4"
585,0;-1;0;0;0;1;0;-1;0;1;0;1;0;1;-1;0;0;-1;0;1;0;-1;1;-1;0,6,"3,0,1,0,4,1"
586,0;1;-1;0;0;-1;0;1;0;-1;1;-1;0;-1;1;0;0;1;0;-1;0;1;-1;1;0,6,"3,0,1,0,4,3"
587,0;-1;1;-1;1;1;0;0;0;-1;-1;0;0;0;0;1;0;0;0;-1;-1;1;0;1;0,6,"3,0,1,2,0,1"
588,0;1;-1;-1;0;-1;0;0;0;1;1;0;0;0;0;1;0;0;0;-1;0;-1;0;1;0,6,"3,0,1,2,0,2"
589,0;1;1;1;-1;-1;0;0;0;1;-1;0;0;0;0;-1;0;0;0;1;1;-1;0;-1;0,6,"3,0,1,2,0,3"
590,0;1;1;-1;0;-1;0;0;1;-1;-1;0;0;0;0;1;-1;0;0;1;0;1;0;-1;0,6,"3,0,1,2,0,4"
591,0;0;0;1;0;0;0;0;1;0;0;0;0;1;-1;-1;-1;-1;0;1;0;0;1;-1;0,6,"3,0,1,2,3,0"
592,0;0;0;-1;0;0;0;0;-1;0;0;0;0;1;-1;1;1;-1;0;1;0;0;1;-1;0,6,"3,0,1,2,3,1"
593,0;0;0;-1;0;0;0;0;1;0;0;0;0;0;1;1;-1;0;0;-1;0;0;-1;1;0,6,"3,0,1,2,3,4"
594,0;1;-1;1;-1;-1;0;0;0;1;1;0;0;-1;0;-1;0;1;0;1;1;-1;0;-1;0,6,"3,0,1,2,4,1"
595,0;-1;0;-1;1;1;0;0;0;-1;0;0;0;1;0;1;0;-1;0;-1;-1;1;0;1;0,6,"3,0,1,2,4,3"
596,0;1;0;0;0;-1;0;-1;-1;0;0;1;0;0;0;0;1;0;0;1;0;0;0;-1;0,6,"3,0,1,3,1,2"
597,0;1;0;0;0;-1;0;1;1;0;0;-1;0;0;0;0;-1;0;0;-1;0;0;0;1;0,6,"3,0,1,3,1,3"
598,0;1;0;0;0;-1;0;1;-1;0;0;-1;0;0;0;0;1;0;0;-1;0;0;0;1;0,6,"3,0,1,3,1,4"
599,0;0;1;0;0;0;0;1;0;0;-1;-1;0;1;0;0;0;-1;0;1;0;0;0;-1;0,6,"3,0,1,3,2,0"
600,0;0;-1;0;0;0;0;-1;0;0;1;1;0;1;0;0;0;-1;0;1;0;0;0;-1;0,6,"3,0,1,3,2,1"
601,0;0;-1;0;0;0;0;1;0;0;1;-1;0;1;0;0;0;-1;0;-1;0;0;0;1;0,6,"3,0,1,3,2,4"
602,0;-1;1;0;0;1;0;0;-1;0;-1;0;0;1;-1;0;1;-1;0;1;0;0;1;-1;0,6,"3,0,1,3,4,3"
603,0;1;1;0;-1;-1;0;0;0;1;-1;0;0;-1;1;0;0;1;0;-1;1;-1;-1;1;0,6,"3,0,1,4,1,3"
604,0;-1;-1;0;1;1;0;0;0;-1;1;0;0;1;-1;0;0;-1;0;0;-1;1;1;0;0,6,"3,0,1,4,3,2"
605,0;-1;1;0;0;1;0;-1;0;1;-1;1;0;0;-1;0;0;0;0;1;0;-1;1;-1;0,6,"3,0,1,4,3,4"
606,0;1;0;0;-1;-1;0;-1;-1;1;0;1;0;0;0;0;1;0;0;-1;1;-1;0;1;0,6,"3,0,2,0,1,2"
607,0;1;0;0;-1;-1;0;1;1;0;0;-1;0;0;0;0;-1;0;0;1;1;0;0;-1;0,6,"3,0,2,0,1,3"
608,0;0;0;0;1;0;0;1;0;-1;0;-1;0;0;0;0;0;0;0;1;-1;1;0;-1;0,6,"3,0,2,0,1,4"
609,0;1;0;0;0;-1;0;1;-1;-1;0;-1;0;0;1;0;1;0;0;0;0;1;-1;0;0,6,"3,0,2,0,4,1"
610,0;-1;0;0;0;1;0;1;1;0;0;-1;0;0;1;0;-1;0;0;0;0;0;-1;0;0,6,"3,0,2,3,1,2"
611,0;-1;0;0;0;1;0;-1;-1;1;0;1;0;0;-1;0;1;0;0;0;0;-1;1;0;0,6,"3,0,2,3,1,3"
612,0;-1;0;0;0;1;0;0;1;-1;0;0;0;0;1;0;-1;0;0;0;0;1;-1;0;0,6,"3,0,2,3,1,4"
613,0;-1;0;0;1;1;0;-1;1;-1;0;1;0;0;0;0;-1;0;0;1;-1;1;0;-1;0,6,"3,0,2,3,4,1"
614,0;1;1;-1;-1;-1;0;0;0;0;-1;0;0;0;1;1;0;0;0;0;1;0;-1;0;0,6,"3,0,2,4,1,0"
615,0;0;0;-1;1;0;0;0;1;-1;0;0;0;1;0;1;-1;-1;0;0;-1;1;0;0;0,6,"3,0,2,4,1,3"
616,0;0;-1;1;-1;0;0;0;-1;1;1;0;0;-1;0;-1;1;1;0;0;1;-1;0;0;0,6,"3,0,2,4,1,4"
617,0;0;0;-1;0;0;0;0;1;-1;0;0;0;-1;0;1;-1;1;0;1;0;1;0;-1;0,6,"3,0,3,0,4,1"
618,0;0;0;1;0;0;0;0;-1;1;0;0;0;-1;0;-1;1;1;0;-1;0;-1;0;1;0,6,"3,0,3,1,4,1"
619,0;0;0;1;0;0;0;0;1;-1;0;0;0;1;0;-1;-1;-1;0;1;0;1;0;-1;0,6,"3,0,3,2,4,1"
620,0;0;0;1;0;0;0;0;0;1;0;0;0;-1;0;-1;0;1;0;-1;0;-1;0;1;0,6,"3,0,3,4,1,4"
621,0;0;1;0;-1;0;0;-1;0;0;-1;1;0;-1;0;0;0;1;0;0;1;0;0;0;0,6,"3,0,4,1,0,2"
622,0;1;-1;0;-1;-1;0;0;1;0;1;0;0;-1;0;0;-1;1;0;0;1;0;0;0;0,6,"3,0,4,1,0,3"
623,0;1;-1;0;1;-1;0;1;-1;0;1;-1;0;1;0;0;1;-1;0;0;-1;0;0;0;0,6,"3,0,4,1,0,4"
624,0;0;-1;0;1;0;0;1;0;-1;1;-1;0;1;0;0;0;-1;0;0;-1;1;0;0;0,6,"3,0,4,1,3,2"
625,0;0;1;0;-1;0;0;-1;1;1;-1;1;0;-1;0;0;-1;1;0;0;1;-1;0;0;0,6,"3,0,4,1,3,4"
626,0;0;-1;0;1;0;0;0;-1;1;1;0;0;1;-1;0;1;-1;0;0;-1;-1;1;0;0,6,"3,0,4,1,4,0"
627,0;0;1;0;-1;0;0;0;1;-1;-1;0;0;1;0;0;-1;-1;0;1;1;1;0;-1;0,6,"3,0,4,1,4,1"
628,0;1;0;0;1;-1;0;0;0;0;0;0;0;0;-1;0;0;0;0;-1;-1;0;1;1;0,6,"4,1,4,1,0,4"
629,0;0;0;0;1;0;0;1;-1;1;0;-1;0;0;0;0;1;0;0;0;-1;-1;0;0;0,7,"0,1,0,1,2,4,0"
630,0;0;0;0;-1;0;0;-1;1;-1;0;1;0;-1;0;0;-1;1;0;1;1;1;0;-1;0,7,"0,1,0,1,2,4,1"
631,0;0;0;0;1;0;0;-1;1;1;0;1;0;0;0;0;-1;0;0;0;-1;-1;0;0;0,7,"0,1,0,1,3,4,0"
632,0;0;0;0;-1;0;0;1;-1;-1;0;-1;0;1;1;0;1;-1;0;0;1;1;-1;0;0,7,"0,1,0,1,3,4,1"
633,0;0;0;0;-1;0;0;-1;-1;-1;0;1;0;0;0;0;1;0;0;0;1;1;0;0;0,7,"0,1,0,1,4,0,4"
634,0;-1;1;1;0;1;0;-1;-1;0;-1;1;0;0;-1;-1;1;0;0;0;0;0;1;0;0,7,"0,1,0,2,0,1,2"
635,0;1;-1;-1;0;-1;0;1;1;-1;1;-1;0;0;1;1;-1;0;0;0;0;1;-1;0;0,7,"0,1,0,2,0,1,3"
636,0;0;-1;1;0;0;0;0;-1;1;1;0;0;0;-1;-1;1;0;0;0;0;-1;1;0;0,7,"0,1,0,2,0,1,4"
637,0;0;0;-1;0;0;0;0;1;-1;0;0;0;1;0;1;-1;-1;0;1;0;1;0;-1;0,7,"0,1,0,2,0,3,1"
638,0;0;-1;0;1;0;0;1;0;0;1;-1;0;-1;-1;0;0;1;0;0;-1;0;1;0;0,7,"0,1,0,2,1,2,1"
639,0;0;-1;0;1;0;0;-1;0;0;1;1;0;1;-1;0;0;-1;0;0;-1;0;1;0;0,7,"0,1,0,2,1,2,3"
640,0;0;0;0;-1;0;0;-1;0;0;0;1;0;-1;1;0;0;1;0;0;1;0;-1;0;0,7,"0,1,0,2,1,2,4"
641,0;0;0;-1;0;0;0;0;1;-1;0;0;0;-1;1;1;-1;1;0;0;0;1;-1;0;0,7,"0,1,0,2,1,3,0"
642,0;0;0;1;0;0;0;-1;1;1;0;1;0;-1;-1;-1;-1;1;0;0;0;-1;1;0;0,7,"0,1,0,2,1,3,4"
643,0;0;-1;0;0;0;0;0;-1;1;1;0;0;-1;1;0;1;1;0;-1;0;-1;-1;1;0,7,"0,1,0,2,1,4,2"
644,0;1;-1;-1;0;-1;0;1;1;-1;1;-1;0;0;0;1;-1;0;0;1;0;1;0;-1;0,7,"0,1,0,3,0,1,2"
645,0;-1;1;1;0;1;0;-1;-1;0;-1;1;0;0;0;-1;1;0;0;-1;0;0;0;1;0,7,"0,1,0,3,0,1,3"
646,0;0;1;-1;0;0;0;-1;0;1;-1;1;0;0;0;1;0;0;0;-1;0;-1;0;1;0,7,"0,1,0,3,0,1,4"
647,0;0;-1;0;0;0;0;1;0;-1;1;-1;0;-1;1;0;0;1;0;0;0;1;-1;0;0,7,"0,1,0,3,0,2,1"
648,0;0;-1;0;0;0;0;1;0;-1;1;-1;0;1;0;0;0;-1;0;1;0;1;0;-1;0,7,"0,1,0,3,1,2,0"
649,0;0;1;0;0;0;0;1;-1;1;-1;-1;0;1;0;0;1;-1;0;-1;0;-1;0;1;0,7,"0,1,0,3,1,2,4"
650,0;0;0;-1;1;0;0;0;1;0;0;0;0;1;0;1;-1;-1;0;-1;-1;0;0;1;0,7,"0,1,0,3,1,3,1"
651,0;0;0;-1;1;0;0;0;-1;0;0;0;0;-1;0;1;1;1;0;-1;-1;0;0;1;0,7,"0,1,0,3,1,3,2"
652,0;0;0;0;-1;0;0;0;-1;0;0;0;0;1;0;0;1;-1;0;1;1;0;0;-1;0,7,"0,1,0,3,1,3,4"
653,0;0;0;-1;0;0;0;-1;0;1;0;1;0;1;-1;1;0;-1;0;1;0;-1;1;-1;0,7,"0,1,0,3,1,4,3"
654,0;1;-1;1;1;-1;0;1;0;0;1;-1;0;-1;0;-1;0;1;0;0;-1;0;0;0;0,7,"0,2,0,1,0,2,1"
655,0;-1;1;-1;1;1;0;-1;0;0;-1;1;0;1;0;1;0;-1;0;0;-1;0;0;0;0,7,"0,2,0,1,0,2,3"
656,0;-1;0;0;0;1;0;-1;-1;0;0;1;0;0;-1;0;1;0;0;0;0;0;1;0;0,7,"0,2,0,1,2,1,2"
657,0;-1;0;0;0;1;0;1;1;-1;0;-1;0;0;1;0;-1;0;0;0;0;1;-1;0;0,7,"0,2,0,1,2,1,3"
658,0;-1;0;0;0;1;0;0;-1;1;0;0;0;0;-1;0;1;0;0;0;0;-1;1;0;0,7,"0,2,0,1,2,1,4"
659,0;0;0;-1;1;0;0;0;-1;1;0;0;0;1;0;1;1;-1;0;-1;-1;-1;0;1;0,7,"0,2,0,1,2,3,0"
660,0;0;0;1;-1;0;0;0;1;-1;0;0;0;1;0;-1;-1;-1;0;1;1;1;0;-1;0,7,"0,2,0,1,2,3,1"
661,0;-1;0;1;1;1;0;0;-1;-1;0;0;0;1;0;-1;1;-1;0;0;-1;1;0;0;0,7,"0,2,0,1,2,3,4"
662,0;0;0;1;-1;0;0;-1;1;-1;0;1;0;-1;0;-1;-1;1;0;1;1;1;0;-1;0,7,"0,2,0,1,2,4,0"
663,0;0;0;-1;1;0;0;1;-1;1;0;-1;0;0;0;1;1;0;0;-1;-1;-1;0;1;0,7,"0,2,0,1,2,4,1"
664,0;1;1;-1;1;-1;0;0;0;0;-1;0;0;0;0;1;0;0;0;-1;-1;0;0;1;0,7,"0,2,0,1,3,0,1"
665,0;-1;-1;-1;1;1;0;0;0;0;1;0;0;0;0;1;0;0;0;-1;-1;0;0;1;0,7,"0,2,0,1,3,0,2"
666,0;-1;1;1;0;1;0;0;0;0;-1;0;0;0;0;-1;0;0;0;1;0;0;0;-1;0,7,"0,2,0,1,3,0,3"
667,0;-1;1;0;-1;1;0;0;0;0;-1;0;0;0;0;0;0;0;0;1;1;0;0;-1;0,7,"0,2,0,1,3,0,4"
668,0;0;-1;0;1;0;0;-1;0;1;1;1;0;1;-1;0;0;-1;0;0;-1;-1;1;0;0,7,"0,2,0,1,3,2,0"
669,0;0;1;0;-1;0;0;1;0;-1;-1;-1;0;1;1;0;0;-1;0;0;1;1;-1;0;0,7,"0,2,0,1,3,2,1"
670,0;-1;1;0;1;1;0;-1;0;-1;-1;1;0;1;0;0;0;-1;0;0;-1;1;0;0;0,7,"0,2,0,1,3,2,4"
671,0;0;1;-1;-1;0;0;1;0;-1;-1;-1;0;0;1;1;0;0;0;0;1;1;-1;0;0,7,"0,2,0,1,3,4,0"
672,0;0;0;-1;0;0;0;1;0;-1;0;-1;0;-1;1;1;0;1;0;-1;0;1;-1;1;0,7,"0,2,0,1,4,0,3"
673,0;0;0;0;1;0;0;1;-1;1;0;-1;0;1;0;0;1;-1;0;-1;-1;-1;0;1;0,7,"0,2,0,1,4,0,4"
674,0;0;1;0;0;0;0;0;0;-1;-1;0;0;-1;1;0;0;1;0;0;0;1;-1;0;0,7,"0,2,0,2,0,1,4"
675,0;0;-1;0;0;0;0;0;0;-1;1;0;0;1;1;0;0;-1;0;0;0;1;-1;0;0,7,"0,2,0,2,1,3,4"
676,0;-1;1;-1;0;1;0;0;0;-1;-1;0;0;0;1;1;0;0;0;0;0;1;-1;0;0,7,"0,2,0,3,4,1,0"
677,0;0;1;0;0;0;0;-1;0;0;-1;1;0;1;-1;0;0;-1;0;1;0;0;1;-1;0,7,"0,2,0,3,4,1,2"
678,0;1;-1;1;0;-1;0;0;0;1;1;0;0;-1;-1;-1;0;1;0;0;0;-1;1;0;0,7,"0,2,0,3,4,1,4"
679,0;-1;0;1;0;1;0;-1;0;0;0;1;0;-1;-1;-1;0;1;0;0;0;0;1;0;0,7,"0,2,0,4,1,0,2"
680,0;-1;0;1;0;1;0;0;-1;1;0;0;0;1;-1;-1;1;-1;0;0;0;-1;1;0;0,7,"0,2,0,4,1,0,4"
681,0;-1;0;0;0;1;0;1;-1;0;0;-1;0;0;-1;0;1;0;0;0;0;0;1;0;0,7,"0,2,0,4,1,2,1"
682,0;0;0;1;0;0;0;0;-1;0;0;0;0;1;-1;-1;1;-1;0;0;0;0;1;0;0,7,"0,2,0,4,1,2,3"
683,0;1;0;-1;0;-1;0;-1;1;0;0;1;0;-1;1;1;-1;1;0;0;0;0;-1;0;0,7,"0,2,0,4,1,2,4"
684,0;1;0;-1;0;-1;0;0;0;1;0;0;0;-1;1;1;0;1;0;-1;0;-1;-1;1;0,7,"0,2,0,4,1,4,2"
685,0;-1;-1;1;0;1;0;0;-1;0;1;0;0;-1;-1;-1;1;1;0;0;0;0;1;0;0,7,"0,2,4,1,0,1,2"
686,0;-1;1;0;-1;1;0;-1;1;0;-1;1;0;-1;1;0;-1;1;0;0;1;0;-1;0;0,7,"0,2,4,1,0,1,3"
687,0;-1;0;0;1;1;0;0;-1;0;0;0;0;1;-1;0;1;-1;0;0;-1;0;1;0;0,7,"0,2,4,1,0,1,4"
688,0;0;-1;1;1;0;0;0;-1;0;1;0;0;-1;-1;-1;1;1;0;0;-1;0;1;0;0,7,"0,2,4,1,0,3,4"
689,0;-1;0;1;-1;1;0;0;0;0;0;0;0;1;-1;-1;0;-1;0;1;1;0;1;-1;0,7,"0,2,4,1,0,4,0"
690,0;1;0;-1;1;-1;0;0;1;0;0;0;0;-1;1;1;-1;1;0;-1;-1;0;-1;1;0,7,"0,2,4,1,0,4,2"
691,0;0;-1;0;1;0;0;0;0;1;1;0;0;-1;0;0;0;1;0;-1;-1;-1;0;1;0,7,"0,2,4,1,4,0,2"
692,0;0;0;1;0;0;0;0;0;1;0;0;0;-1;0;-1;0;1;0;1;0;-1;0;-1;0,7,"0,2,4,1,4,0,3"
693,0;1;1;-1;1;-1;0;0;1;0;-1;0;0;1;0;1;-1;-1;0;0;-1;0;0;0;0,7,"0,3,0,1,0,3,1"
694,0;-1;-1;1;1;1;0;0;-1;0;1;0;0;-1;0;-1;1;1;0;0;-1;0;0;0;0,7,"0,3,0,1,0,3,2"
695,0;1;-1;1;1;-1;0;0;0;0;1;0;0;0;-1;-1;0;0;0;0;-1;0;1;0;0,7,"0,3,0,1,2,0,1"
696,0;-1;1;1;0;1;0;0;0;0;-1;0;0;0;1;-1;0;0;0;0;0;0;-1;0;0,7,"0,3,0,1,2,0,2"
697,0;-1;-1;-1;1;1;0;0;0;0;1;0;0;0;-1;1;0;0;0;0;-1;0;1;0;0,7,"0,3,0,1,2,0,3"
698,0;-1;0;1;-1;1;0;0;0;0;0;0;0;0;1;-1;0;0;0;0;1;0;-1;0;0,7,"0,3,0,1,2,0,4"
699,0;0;0;-1;1;0;0;0;-1;1;0;0;0;-1;0;1;1;1;0;-1;-1;-1;0;1;0,7,"0,3,0,1,2,3,0"
700,0;0;0;1;-1;0;0;0;1;-1;0;0;0;-1;0;-1;-1;1;0;1;1;1;0;-1;0,7,"0,3,0,1,2,3,1"
701,0;-1;0;1;1;1;0;0;-1;-1;0;0;0;-1;0;-1;1;1;0;0;-1;1;0;0;0,7,"0,3,0,1,2,3,4"
702,0;0;-1;1;-1;0;0;0;1;-1;1;0;0;0;0;-1;-1;0;0;1;1;1;0;-1;0,7,"0,3,0,1,2,4,0"
703,0;-1;0;0;0;1;0;1;1;-1;0;-1;0;0;0;0;-1;0;0;1;0;1;0;-1;0,7,"0,3,0,1,3,1,2"
704,0;-1;0;0;0;1;0;-1;-1;0;0;1;0;0;0;0;1;0;0;-1;0;0;0;1;0,7,"0,3,0,1,3,1,3"
705,0;-1;0;0;0;1;0;-1;0;1;0;1;0;0;0;0;0;0;0;-1;0;-1;0;1;0,7,"0,3,0,1,3,1,4"
706,0;0;-1;0;1;0;0;-1;0;1;1;1;0;-1;-1;0;0;1;0;0;-1;-1;1;0;0,7,"0,3,0,1,3,2,0"
707,0;0;1;0;-1;0;0;1;0;-1;-1;-1;0;-1;1;0;0;1;0;0;1;1;-1;0;0,7,"0,3,0,1,3,2,1"
708,0;-1;1;0;1;1;0;-1;0;-1;-1;1;0;-1;0;0;0;1;0;0;-1;1;0;0;0,7,"0,3,0,1,3,2,4"
709,0;0;1;0;-1;0;0;1;-1;-1;-1;-1;0;1;1;0;1;-1;0;0;1;1;-1;0;0,7,"0,3,0,1,3,4,0"
710,0;0;-1;0;1;0;0;-1;1;1;1;1;0;0;-1;0;-1;0;0;0;-1;-1;1;0;0,7,"0,3,0,1,3,4,1"
711,0;0;-1;0;0;0;0;0;1;-1;1;0;0;1;-1;0;-1;-1;0;1;0;1;1;-1;0,7,"0,3,0,1,4,0,2"
712,0;0;0;0;1;0;0;-1;1;1;0;1;0;-1;-1;0;-1;1;0;0;-1;-1;1;0;0,7,"0,3,0,1,4,0,4"
713,0;-1;-1;1;0;1;0;0;0;-1;1;0;0;0;0;-1;0;0;0;1;0;1;0;-1;0,7,"0,3,0,2,4,1,0"
714,0;0;0;1;0;0;0;0;-1;0;0;0;0;-1;1;-1;1;1;0;-1;0;0;-1;1;0,7,"0,3,0,2,4,1,3"
715,0;1;1;-1;0;-1;0;0;0;1;-1;0;0;1;0;1;0;-1;0;-1;0;-1;0;1;0,7,"0,3,0,2,4,1,4"
716,0;0;0;1;0;0;0;0;0;-1;0;0;0;1;0;-1;0;-1;0;1;0;1;0;-1;0,7,"0,3,0,3,0,1,4"
717,0;0;0;-1;0;0;0;0;0;-1;0;0;0;-1;0;1;0;1;0;1;0;1;0;-1;0,7,"0,3,0,3,1,2,4"
718,0;-1;1;0;0;1;0;0;-1;0;-1;0;0;1;0;0;1;-1;0;-1;0;0;0;1;0,7,"0,3,0,4,1,0,3"
719,0;-1;1;0;0;1;0;-1;0;1;-1;1;0;-1;0;0;0;1;0;-1;0;-1;0;1;0,7,"0,3,0,4,1,0,4"
720,0;-1;0;0;0;1;0;-1;1;0;0;1;0;0;0;0;-1;0;0;-1;0;0;0;1;0,7,"0,3,0,4,1,3,1"
721,0;0;1;0;0;0;0;-1;0;0;-1;1;0;-1;0;0;0;1;0;-1;0;0;0;1;0,7,"0,3,0,4,1,3,2"
722,0;1;-1;0;0;-1;0;1;-1;0;1;-1;0;1;0;0;1;-1;0;1;0;0;0;-1;0,7,"0,3,0,4,1,3,4"
723,0;1;-1;0;0;-1;0;0;0;1;1;0;0;1;-1;0;0;-1;0;1;0;-1;1;-1;0,7,"0,3,0,4,1,4,3"
724,0;-1;0;1;-1;1;0;1;-1;0;0;-1;0;1;0;-1;1;-1;0;1;1;0;0;-1;0,7,"0,3,4,1,0,1,2"
725,0;-1;1;-1;0;1;0;-1;0;0;-1;1;0;1;0;1;0;-1;0;-1;0;0;0;1;0,7,"0,3,4,1,0,1,3"
726,0;-1;0;0;1;1;0;-1;0;0;0;1;0;-1;0;0;0;1;0;-1;-1;0;0;1;0,7,"0,3,4,1,0,1,4"
727,0;0;1;-1;1;0;0;-1;0;0;-1;1;0;1;0;1;0;-1;0;-1;-1;0;0;1;0,7,"0,3,4,1,0,2,4"
728,0;-1;1;0;-1;1;0;0;0;0;-1;0;0;-1;1;0;0;1;0;-1;1;0;-1;1;0,7,"0,3,4,1,0,4,0"
729,0;1;-1;0;1;-1;0;1;0;0;1;-1;0;1;-1;0;0;-1;0;1;-1;0;1;-1;0,7,"0,3,4,1,0,4,3"
730,0;0;1;0;0;0;0;0;0;1;-1;0;0;1;1;0;0;-1;0;0;0;-1;-1;0;0,7,"0,3,4,1,4,0,2"
731,0;0;0;-1;1;0;0;0;0;1;0;0;0;1;-1;1;0;-1;0;0;-1;-1;1;0;0,7,"0,3,4,1,4,0,3"
732,0;0;0;0;1;0;0;1;1;1;0;-1;0;0;0;0;-1;0;0;0;-1;-1;0;0;0,7,"1,0,1,4,0,4,0"
733,0;-1;1;1;0;1;0;0;0;0;-1;0;0;0;-1;-1;0;0;0;0;0;0;1;0;0,7,"1,0,2,0,1,2,0"
734,0;0;-1;1;0;0;0;1;-1;0;1;-1;0;0;-1;-1;1;0;0;0;0;0;1;0;0,7,"1,0,2,0,1,2,3"
735,0;1;-1;-1;0;-1;0;1;1;0;1;-1;0;0;1;1;-1;0;0;0;0;0;-1;0;0,7,"1,0,2,0,1,2,4"
736,0;1;-1;-1;1;-1;0;0;0;0;1;0;0;0;0;1;0;0;0;-1;-1;0;0;1;0,7,"1,0,2,0,1,3,0"
737,0;-1;0;1;1;1;0;-1;-1;0;0;1;0;0;-1;-1;1;0;0;0;-1;0;1;0;0,7,"1,0,2,0,1,3,4"
738,0;0;0;1;-1;0;0;-1;1;0;0;1;0;0;-1;-1;-1;0;0;1;1;0;1;-1;0,7,"1,0,2,0,1,4,0"
739,0;0;0;-1;1;0;0;1;1;-1;0;-1;0;0;1;1;-1;0;0;0;-1;1;-1;0;0,7,"1,0,2,0,1,4,2"
740,0;0;1;-1;-1;0;0;0;1;0;-1;0;0;0;0;1;-1;0;0;0;1;0;0;0;0,7,"1,0,2,0,3,4,0"
741,0;0;1;0;0;0;0;0;1;0;-1;0;0;1;1;0;-1;-1;0;0;0;0;-1;0;0,7,"1,0,2,0,3,4,2"
742,0;0;0;1;-1;0;0;-1;0;0;0;1;0;-1;1;-1;0;1;0;0;1;0;-1;0;0,7,"1,0,2,0,4,0,2"
743,0;1;0;-1;0;-1;0;0;1;0;0;0;0;-1;0;1;-1;1;0;-1;0;0;0;1;0,7,"1,0,2,0,4,0,3"
744,0;0;0;1;0;0;0;-1;0;0;0;1;0;1;0;-1;0;-1;0;1;0;0;0;-1;0,7,"1,0,2,0,4,2,3"
745,0;0;0;0;-1;0;0;-1;0;0;0;1;0;0;-1;0;0;0;0;1;1;0;1;-1;0,7,"1,0,2,0,4,2,4"
746,0;0;-1;0;-1;0;0;-1;0;0;1;1;0;1;0;0;0;-1;0;0;1;0;0;0;0,7,"1,0,2,1,2,0,1"
747,0;0;-1;0;-1;0;0;1;0;0;1;-1;0;-1;0;0;0;1;0;0;1;0;0;0;0,7,"1,0,2,1,2,0,3"
748,0;0;1;0;1;0;0;-1;0;0;-1;1;0;-1;0;0;0;1;0;0;-1;0;0;0;0,7,"1,0,2,1,2,1,3"
749,0;0;1;0;-1;0;0;-1;0;0;-1;1;0;1;0;0;0;-1;0;0;1;0;0;0;0,7,"1,0,2,1,2,1,4"
750,0;0;1;0;-1;0;0;1;0;0;-1;-1;0;-1;0;0;0;1;0;0;1;0;0;0;0,7,"1,0,2,1,2,3,4"
751,0;0;-1;0;1;0;0;1;0;0;1;-1;0;1;-1;0;0;-1;0;0;-1;0;1;0;0,7,"1,0,2,1,2,4,0"
752,0;0;0;1;-1;0;0;0;1;0;0;0;0;1;0;-1;-1;-1;0;1;1;0;0;-1;0,7,"1,0,2,1,3,0,1"
753,0;0;0;1;-1;0;0;0;-1;0;0;0;0;-1;0;-1;1;1;0;1;1;0;0;-1;0,7,"1,0,2,1,3,0,2"
754,0;0;0;0;1;0;0;0;-1;0;0;0;0;1;0;0;1;-1;0;-1;-1;0;0;1;0,7,"1,0,2,1,3,0,4"
755,0;0;0;-1;-1;0;0;0;1;0;0;0;0;1;0;1;-1;-1;0;0;1;0;0;0;0,7,"1,0,2,1,3,1,4"
756,0;0;0;-1;-1;0;0;0;-1;0;0;0;0;-1;0;1;1;1;0;0;1;0;0;0;0,7,"1,0,2,1,3,2,4"
757,0;0;0;1;1;0;0;0;-1;0;0;0;0;1;0;-1;1;-1;0;0;-1;0;0;0;0,7,"1,0,2,1,3,4,0"
758,0;1;-1;-1;1;-1;0;1;1;0;1;-1;0;0;0;1;-1;0;0;-1;-1;0;0;1;0,7,"1,0,2,1,4,0,2"
759,0;-1;1;1;0;1;0;-1;-1;0;-1;1;0;0;0;-1;1;0;0;1;0;0;0;-1;0,7,"1,0,2,1,4,0,3"
760,0;0;1;0;-1;0;0;-1;1;0;-1;1;0;0;0;0;-1;0;0;1;1;0;0;-1;0,7,"1,0,2,1,4,0,4"
761,0;1;0;0;-1;-1;0;0;0;1;0;0;0;0;-1;0;0;0;0;-1;1;-1;1;1;0,7,"1,0,2,3,0,4,0"
762,0;-1;0;0;1;1;0;0;0;0;0;0;0;0;1;0;0;0;0;-1;-1;0;-1;1;0,7,"1,0,2,3,0,4,2"
763,0;-1;0;0;1;1;0;0;0;0;0;0;0;0;-1;0;0;0;0;1;-1;0;1;-1;0,7,"1,0,2,3,0,4,3"
764,0;0;0;0;1;0;0;-1;-1;-1;0;1;0;0;0;0;1;0;0;0;-1;1;0;0;0,7,"1,0,2,3,1,0,4"
765,0;0;-1;0;1;0;0;1;-1;0;1;-1;0;1;-1;0;1;-1;0;1;-1;0;1;-1;0,7,"1,0,2,4,0,4,0"
766,0;0;1;0;-1;0;0;0;1;0;-1;0;0;-1;1;0;-1;1;0;-1;1;0;-1;1;0,7,"1,0,2,4,0,4,3"
767,0;1;-1;-1;1;-1;0;0;0;0;1;0;0;0;-1;1;0;0;0;0;-1;0;1;0;0,7,"1,0,3,0,1,2,0"
768,0;0;1;-1;0;0;0;-1;1;0;-1;1;0;0;0;1;-1;0;0;-1;0;0;0;1;0,7,"1,0,3,0,1,2,3"
769,0;-1;1;0;1;1;0;-1;-1;0;-1;1;0;0;0;0;1;0;0;-1;-1;0;0;1;0,7,"1,0,3,0,1,2,4"
770,0;-1;1;1;0;1;0;0;0;0;-1;0;0;0;0;-1;0;0;0;-1;0;0;0;1;0,7,"1,0,3,0,1,3,0"
771,0;1;-1;-1;0;-1;0;1;1;0;1;-1;0;0;0;1;-1;0;0;1;0;0;0;-1;0,7,"1,0,3,0,1,3,4"
772,0;0;1;0;-1;0;0;1;-1;0;-1;-1;0;0;1;0;1;0;0;-1;1;0;-1;1;0,7,"1,0,3,0,1,4,0"
773,0;0;-1;0;1;0;0;1;1;-1;1;-1;0;0;0;0;-1;0;0;1;-1;1;0;-1;0,7,"1,0,3,0,1,4,3"
774,0;0;-1;1;-1;0;0;1;0;0;1;-1;0;0;0;-1;0;0;0;0;1;0;0;0;0,7,"1,0,3,0,2,4,0"
775,0;0;0;1;0;0;0;1;0;0;0;-1;0;-1;0;-1;0;1;0;1;0;0;0;-1;0,7,"1,0,3,0,2,4,3"
776,0;1;-1;0;0;-1;0;1;0;0;1;-1;0;1;-1;0;0;-1;0;0;0;0;1;0;0,7,"1,0,3,0,4,0,2"
777,0;0;1;0;-1;0;0;0;-1;0;-1;0;0;1;0;0;1;-1;0;1;1;0;0;-1;0,7,"1,0,3,0,4,0,3"
778,0;0;1;0;0;0;0;0;-1;0;-1;0;0;-1;1;0;1;1;0;0;0;0;-1;0;0,7,"1,0,3,0,4,3,2"
779,0;0;0;0;-1;0;0;0;-1;0;0;0;0;0;1;0;1;0;0;-1;1;0;-1;1;0,7,"1,0,3,0,4,3,4"
780,0;0;1;0;-1;0;0;1;0;0;-1;-1;0;-1;1;0;0;1;0;0;1;0;-1;0;0,7,"1,0,3,1,2,0,1"
781,0;0;1;0;-1;0;0;-1;0;0;-1;1;0;1;1;0;0;-1;0;0;1;0;-1;0;0,7,"1,0,3,1,2,0,3"
782,0;0;0;0;1;0;0;-1;0;0;0;1;0;-1;-1;0;0;1;0;0;-1;0;1;0;0,7,"1,0,3,1,2,0,4"
783,0;0;0;1;-1;0;0;0;-1;0;0;0;0;-1;0;-1;1;1;0;0;1;0;0;0;0,7,"1,0,3,1,3,1,4"
784,0;0;0;1;-1;0;0;0;1;0;0;0;0;1;0;-1;-1;-1;0;0;1;0;0;0;0,7,"1,0,3,1,3,2,4"
785,0;0;0;-1;1;0;0;0;1;0;0;0;0;-1;0;1;-1;1;0;-1;-1;0;0;1;0,7,"1,0,3,1,3,4,0"
786,0;-1;1;1;0;1;0;-1;-1;0;-1;1;0;0;1;-1;1;0;0;0;0;0;-1;0;0,7,"1,0,3,1,4,0,2"
787,0;1;-1;-1;1;-1;0;1;1;0;1;-1;0;0;-1;1;-1;0;0;0;-1;0;1;0;0,7,"1,0,3,1,4,0,3"
788,0;0;0;1;-1;0;0;1;-1;0;0;-1;0;0;1;-1;1;0;0;0;1;0;-1;0;0,7,"1,0,3,1,4,0,4"
789,0;0;0;-1;1;0;0;-1;1;0;0;1;0;-1;1;1;-1;1;0;-1;-1;0;-1;1;0,7,"1,0,3,4,0,4,0"
790,0;0;0;1;-1;0;0;1;0;0;0;-1;0;1;-1;-1;0;-1;0;1;1;0;1;-1;0,7,"1,0,3,4,0,4,2"
791,0;1;-1;0;0;-1;0;0;1;0;1;0;0;-1;1;0;-1;1;0;-1;0;0;-1;1;0,7,"1,0,4,0,2,0,1"
792,0;-1;-1;1;0;1;0;0;-1;0;1;0;0;0;-1;-1;1;0;0;1;0;0;1;-1;0,7,"1,0,4,0,2,0,4"
793,0;1;-1;0;0;-1;0;0;0;0;1;0;0;-1;1;0;0;1;0;0;0;0;-1;0;0,7,"1,0,4,0,2,4,2"
794,0;1;0;1;0;-1;0;0;0;0;0;0;0;-1;0;-1;0;1;0;-1;0;0;0;1;0,7,"1,0,4,0,2,4,3"
795,0;1;0;-1;0;-1;0;1;0;0;0;-1;0;1;-1;1;0;-1;0;1;0;0;1;-1;0,7,"1,0,4,0,3,0,1"
796,0;-1;1;-1;0;1;0;-1;0;0;-1;1;0;0;1;1;0;0;0;-1;0;0;-1;1;0,7,"1,0,4,0,3,0,4"
797,0;1;1;0;0;-1;0;0;0;0;-1;0;0;1;-1;0;0;-1;0;0;0;0;1;0;0,7,"1,0,4,0,3,4,2"
798,0;1;0;-1;0;-1;0;0;0;0;0;0;0;1;0;1;0;-1;0;1;0;0;0;-1;0,7,"1,0,4,0,3,4,3"
799,0;1;0;0;0;-1;0;0;0;1;0;0;0;0;1;0;0;0;0;1;0;-1;-1;-1;0,7,"1,0,4,0,4,0,1"
800,0;1;1;-1;-1;-1;0;0;1;0;-1;0;0;1;0;1;-1;-1;0;0;1;0;0;0;0,7,"1,2,0,1,0,3,1"
801,0;-1;-1;1;-1;1;0;0;-1;0;1;0;0;-1;0;-1;1;1;0;0;1;0;0;0;0,7,"1,2,0,1,0,3,2"
802,0;1;-1;1;0;-1;0;0;0;0;1;0;0;0;1;-1;0;0;0;0;0;0;-1;0;0,7,"1,2,0,1,2,0,1"
803,0;-1;-1;-1;0;1;0;0;0;0;1;0;0;0;1;1;0;0;0;0;0;0;-1;0;0,7,"1,2,0,1,2,0,3"
804,0;-1;-1;1;0;1;0;0;0;0;1;0;0;0;-1;-1;0;0;0;0;0;0;1;0;0,7,"1,2,0,1,2,0,4"
805,0;0;0;1;0;0;0;0;-1;0;0;0;0;-1;-1;-1;1;1;0;0;0;0;1;0;0,7,"1,2,0,1,2,3,4"
806,0;-1;0;0;1;1;0;1;1;-1;0;-1;0;0;1;0;-1;0;0;0;-1;1;-1;0;0,7,"1,2,0,1,3,1,2"
807,0;-1;0;0;1;1;0;-1;-1;0;0;1;0;0;-1;0;1;0;0;0;-1;0;1;0;0,7,"1,2,0,1,3,1,3"
808,0;-1;1;0;-1;1;0;-1;1;0;-1;1;0;0;1;0;-1;0;0;0;1;0;-1;0;0,7,"1,2,0,1,3,1,4"
809,0;0;1;0;0;0;0;-1;0;0;-1;1;0;0;-1;0;0;0;0;1;0;0;1;-1;0,7,"1,2,0,1,3,2,4"
810,0;-1;0;0;1;1;0;1;-1;-1;0;-1;0;1;1;0;1;-1;0;0;-1;1;-1;0;0,7,"1,2,0,1,3,4,0"
811,0;1;0;0;-1;-1;0;-1;0;1;0;1;0;-1;-1;0;0;1;0;0;1;-1;1;0;0,7,"1,2,0,1,3,4,2"
812,0;1;0;0;0;-1;0;0;-1;1;0;0;0;-1;1;0;1;1;0;-1;0;-1;-1;1;0,7,"1,2,0,1,4,0,1"
813,0;-1;0;0;1;1;0;0;1;-1;0;0;0;1;-1;0;-1;-1;0;1;-1;1;1;-1;0,7,"1,2,0,1,4,0,2"
814,0;0;0;0;-1;0;0;-1;1;1;0;1;0;-1;-1;0;-1;1;0;0;1;-1;1;0;0,7,"1,2,0,1,4,0,4"
815,0;1;0;0;-1;-1;0;0;-1;1;0;0;0;-1;0;0;1;1;0;-1;1;-1;0;1;0,7,"1,2,0,1,4,2,3"
816,0;1;0;-1;1;-1;0;0;1;0;0;0;0;0;1;1;-1;0;0;-1;-1;0;-1;1;0,7,"1,2,0,1,4,2,4"
817,0;-1;0;0;0;1;0;1;1;0;0;-1;0;0;-1;0;-1;0;0;0;0;0;1;0;0,7,"1,2,0,2,0,1,2"
818,0;-1;0;0;0;1;0;-1;-1;0;0;1;0;0;1;0;1;0;0;0;0;0;-1;0;0,7,"1,2,0,2,0,1,3"
819,0;-1;0;0;0;1;0;-1;1;0;0;1;0;0;-1;0;-1;0;0;0;0;0;1;0;0,7,"1,2,0,2,0,1,4"
820,0;-1;-1;1;0;1;0;0;-1;0;1;0;0;-1;1;-1;1;1;0;0;0;0;-1;0;0,7,"1,2,0,2,0,3,1"
821,0;-1;0;0;0;1;0;1;-1;0;0;-1;0;0;1;0;1;0;0;0;0;0;-1;0;0,7,"1,2,0,2,3,1,0"
822,0;1;0;0;0;-1;0;-1;-1;1;0;1;0;0;-1;0;1;0;0;0;0;-1;1;0;0,7,"1,2,0,2,3,1,2"
823,0;1;0;0;0;-1;0;1;1;0;0;-1;0;0;1;0;-1;0;0;0;0;0;-1;0;0,7,"1,2,0,2,3,1,3"
824,0;1;0;0;0;-1;0;1;-1;0;0;-1;0;0;-1;0;1;0;0;0;0;0;1;0;0,7,"1,2,0,2,3,1,4"
825,0;0;0;0;1;0;0;0;-1;0;0;0;0;0;1;0;1;0;0;-1;-1;0;-1;1;0,7,"1,2,0,3,0,1,4"
826,0;0;0;0;-1;0;0;0;1;0;0;0;0;0;1;0;-1;0;0;-1;1;0;-1;1;0,7,"1,2,0,3,0,4,0"
827,0;0;0;0;1;0;0;0;1;0;0;0;0;0;-1;0;-1;0;0;-1;-1;0;1;1;0,7,"1,2,0,3,0,4,2"
828,0;0;0;0;1;0;0;0;-1;0;0;0;0;0;1;0;1;0;0;1;-1;0;-1;-1;0,7,"1,2,0,3,0,4,3"
829,0;0;0;0;-1;0;0;0;-1;0;0;0;0;0;-1;0;1;0;0;1;1;0;1;-1;0,7,"1,2,0,3,1,2,4"
830,0;0;-1;1;1;0;0;0;-1;0;1;0;0;0;0;-1;1;0;0;0;-1;0;0;0;0,7,"1,2,0,3,1,4,0"
831,0;0;-1;0;0;0;0;0;-1;0;1;0;0;-1;-1;0;1;1;0;0;0;0;1;0;0,7,"1,2,0,3,1,4,2"
832,0;0;0;0;1;0;0;0;1;0;0;0;0;0;-1;0;-1;0;0;1;-1;0;1;-1;0,7,"1,2,0,3,2,4,0"
833,0;0;0;0;-1;0;0;0;1;0;0;0;0;0;1;0;-1;0;0;1;1;0;-1;-1;0,7,"1,2,0,3,2,4,2"
834,0;0;0;0;-1;0;0;0;-1;1;0;0;0;0;-1;0;1;0;0;-1;1;-1;1;1;0,7,"1,2,0,3,2,4,3"
835,0;0;1;1;1;0;0;0;1;0;-1;0;0;0;0;-1;-1;0;0;0;-1;0;0;0;0,7,"1,2,0,3,4,0,2"
836,0;0;-1;-1;1;0;0;0;-1;0;1;0;0;0;0;1;1;0;0;0;-1;0;0;0;0,7,"1,2,0,3,4,0,3"
837,0;0;-1;1;-1;0;0;0;1;0;1;0;0;0;0;-1;-1;0;0;0;1;0;0;0;0,7,"1,2,0,3,4,0,4"
838,0;0;1;0;0;0;0;0;1;0;-1;0;0;-1;-1;0;-1;1;0;0;0;0;1;0;0,7,"1,2,0,3,4,2,0"
839,0;0;-1;0;0;0;0;0;1;0;1;0;0;-1;1;0;-1;1;0;0;0;0;-1;0;0,7,"1,2,0,3,4,2,4"
840,0;-1;0;-1;1;1;0;0;0;0;0;0;0;1;-1;1;0;-1;0;0;-1;0;1;0;0,7,"1,2,0,4,0,1,2"
841,0;-1;0;1;0;1;0;0;0;0;0;0;0;1;0;-1;0;-1;0;1;0;0;0;-1;0,7,"1,2,0,4,0,1,3"
842,0;1;-1;1;1;-1;0;0;0;0;1;0;0;-1;-1;-1;0;1;0;0;-1;0;1;0;0,7,"1,2,0,4,0,2,3"
843,0;1;1;-1;-1;-1;0;0;0;0;-1;0;0;1;1;1;0;-1;0;0;1;0;-1;0;0,7,"1,2,0,4,0,2,4"
844,0;-1;0;-1;0;1;0;0;0;0;0;0;0;1;0;1;0;-1;0;1;0;0;0;-1;0,7,"1,2,0,4,0,3,0"
845,0;1;0;1;0;-1;0;0;0;0;0;0;0;-1;0;-1;0;1;0;1;0;0;0;-1;0,7,"1,2,0,4,0,3,2"
846,0;1;0;1;0;-1;0;0;0;0;0;0;0;1;0;-1;0;-1;0;-1;0;0;0;1;0,7,"1,2,0,4,0,3,4"
847,0;0;0;1;0;0;0;-1;1;0;0;1;0;-1;0;-1;-1;1;0;-1;0;0;0;1;0,7,"1,2,0,4,2,3,0"
848,0;0;0;-1;0;0;0;1;-1;0;0;-1;0;0;0;1;1;0;0;-1;0;0;0;1;0,7,"1,2,0,4,2,3,1"
849,0;0;0;-1;0;0;0;-1;1;0;0;1;0;-1;0;1;-1;1;0;1;0;0;0;-1;0,7,"1,2,0,4,2,3,4"
850,0;1;0;0;-1;-1;0;0;-1;1;0;0;0;0;1;0;1;0;0;-1;1;-1;-1;1;0,7,"1,2,0,4,2,4,0"
851,0;-1;0;0;1;1;0;0;-1;0;0;0;0;0;-1;0;1;0;0;-1;-1;0;1;1;0,7,"1,2,0,4,2,4,2"
852,0;-1;0;0;1;1;0;0;1;-1;0;0;0;0;1;0;-1;0;0;1;-1;1;-1;-1;0,7,"1,2,0,4,2,4,3"
853,0;1;-1;1;0;-1;0;1;0;0;1;-1;0;0;-1;-1;0;0;0;1;0;0;1;-1;0,7,"1,2,3,0,2,0,4"
854,0;-1;-1;0;0;1;0;0;0;0;1;0;0;-1;1;0;0;1;0;0;0;0;-1;0;0,7,"1,2,3,0,2,4,2"
855,0;-1;0;1;0;1;0;0;0;0;0;0;0;-1;0;-1;0;1;0;-1;0;0;0;1;0,7,"1,2,3,0,2,4,3"
856,0;1;1;-1;0;-1;0;0;1;0;-1;0;0;0;1;1;-1;0;0;-1;0;0;-1;1;0,7,"1,2,3,0,3,0,4"
857,0;-1;1;0;0;1;0;0;0;0;-1;0;0;1;-1;0;0;-1;0;0;0;0;1;0;0,7,"1,2,3,0,3,4,2"
858,0;-1;0;0;1;1;0;0;0;0;0;0;0;0;1;0;0;0;0;1;-1;0;-1;-1;0,7,"1,2,3,0,4,0,1"
859,0;1;0;0;1;-1;0;0;0;0;0;0;0;0;-1;0;0;0;0;1;-1;0;1;-1;0,7,"1,2,3,0,4,0,2"
860,0;1;0;0;1;-1;0;0;0;0;0;0;0;0;1;0;0;0;0;-1;-1;0;-1;1;0,7,"1,2,3,0,4,0,3"
861,0;-1;0;0;-1;1;0;0;0;0;0;0;0;0;-1;0;0;0;0;-1;1;0;1;1;0,7,"1,2,3,0,4,2,3"
862,0;0;-1;0;1;0;0;0;0;1;1;0;0;1;-1;0;0;-1;0;1;-1;-1;1;-1;0,7,"1,2,4,0,1,2,0"
863,0;0;1;0;-1;0;0;0;0;1;-1;0;0;-1;1;0;0;1;0;-1;1;-1;-1;1;0,7,"1,2,4,0,1,2,3"
864,0;-1;1;-1;1;1;0;0;0;-1;-1;0;0;1;0;1;0;-1;0;-1;-1;1;0;1;0,7,"1,2,4,0,1,2,4"
865,0;0;0;1;0;0;0;0;0;1;0;0;0;1;0;-1;0;-1;0;-1;0;-1;0;1;0,7,"1,2,4,0,1,3,0"
866,0;0;0;-1;0;0;0;0;0;1;0;0;0;-1;0;1;0;1;0;-1;0;-1;0;1;0,7,"1,2,4,0,1,3,2"
867,0;1;1;0;-1;-1;0;0;0;0;-1;0;0;-1;1;0;0;1;0;-1;1;0;-1;1;0,7,"1,2,4,0,1,4,0"
868,0;-1;-1;0;1;1;0;0;0;-1;1;0;0;1;-1;0;0;-1;0;1;-1;1;1;-1;0,7,"1,2,4,0,1,4,3"
869,0;0;-1;0;1;0;0;0;0;-1;1;0;0;-1;0;0;0;1;0;-1;-1;1;0;1;0,7,"1,2,4,0,2,0,3"
870,0;0;0;0;1;0;0;-1;0;1;0;1;0;0;-1;0;0;0;0;1;-1;-1;1;-1;0,7,"1,2,4,0,2,3,4"
871,0;0;-1;1;-1;0;0;0;-1;1;1;0;0;0;0;-1;1;0;0;0;1;-1;0;0;0,7,"1,2,4,0,2,4,0"
872,0;0;0;1;0;0;0;-1;1;0;0;1;0;-1;0;-1;-1;1;0;1;0;0;0;-1;0,7,"1,2,4,0,2,4,3"
873,0;0;0;1;0;0;0;0;0;1;0;0;0;1;0;-1;0;-1;0;1;0;-1;0;-1;0,7,"1,2,4,0,3,0,4"
874,0;0;0;-1;0;0;0;0;0;1;0;0;0;-1;0;1;0;1;0;1;0;-1;0;-1;0,7,"1,2,4,0,3,2,4"
875,0;0;-1;0;0;0;0;0;-1;1;1;0;0;1;-1;0;1;-1;0;0;0;-1;1;0;0,7,"1,2,4,0,4,0,2"
876,0;0;1;0;-1;0;0;0;1;0;-1;0;0;1;0;0;-1;-1;0;1;1;0;0;-1;0,7,"1,2,4,0,4,0,3"
877,0;0;1;0;0;0;0;0;1;0;-1;0;0;-1;1;0;-1;1;0;0;0;0;-1;0;0,7,"1,2,4,0,4,3,2"
878,0;0;1;0;0;0;0;0;0;-1;-1;0;0;1;1;0;0;-1;0;0;0;1;-1;0;0,7,"1,2,4,1,4,0,2"
879,0;0;0;-1;1;0;0;0;0;-1;0;0;0;1;-1;1;0;-1;0;0;-1;1;1;0;0,7,"1,2,4,1,4,0,3"
880,0;1;-1;1;-1;-1;0;1;0;0;1;-1;0;-1;0;-1;0;1;0;0;1;0;0;0;0,7,"1,3,0,1,0,2,1"
881,0;-1;1;-1;-1;1;0;-1;0;0;-1;1;0;1;0;1;0;-1;0;0;1;0;0;0;0,7,"1,3,0,1,0,2,3"
882,0;-1;0;0;1;1;0;-1;-1;0;0;1;0;0;0;0;1;0;0;-1;-1;0;0;1;0,7,"1,3,0,1,2,1,2"
883,0;-1;0;0;1;1;0;1;1;-1;0;-1;0;0;0;0;-1;0;0;1;-1;1;0;-1;0,7,"1,3,0,1,2,1,3"
884,0;-1;0;1;-1;1;0;1;-1;0;0;-1;0;0;0;-1;1;0;0;1;1;0;0;-1;0,7,"1,3,0,1,2,1,4"
885,0;0;0;1;0;0;0;0;-1;0;0;0;0;0;1;-1;1;0;0;-1;0;0;-1;1;0,7,"1,3,0,1,2,3,4"
886,0;-1;0;0;1;1;0;-1;1;-1;0;1;0;-1;0;0;-1;1;0;1;-1;1;0;-1;0,7,"1,3,0,1,2,4,0"
887,0;1;0;0;-1;-1;0;0;-1;1;0;0;0;1;0;0;1;-1;0;-1;1;-1;0;1;0,7,"1,3,0,1,2,4,3"
888,0;1;1;-1;0;-1;0;0;0;0;-1;0;0;0;0;1;0;0;0;1;0;0;0;-1;0,7,"1,3,0,1,3,0,1"
889,0;-1;-1;-1;0;1;0;0;0;0;1;0;0;0;0;1;0;0;0;1;0;0;0;-1;0,7,"1,3,0,1,3,0,2"
890,0;-1;1;-1;0;1;0;0;0;0;-1;0;0;0;0;1;0;0;0;-1;0;0;0;1;0,7,"1,3,0,1,3,0,4"
891,0;0;1;0;0;0;0;-1;0;0;-1;1;0;1;0;0;0;-1;0;-1;0;0;0;1;0,7,"1,3,0,1,3,2,4"
892,0;1;0;0;0;-1;0;-1;0;1;0;1;0;1;-1;0;0;-1;0;1;0;-1;1;-1;0,7,"1,3,0,1,4,0,1"
893,0;-1;0;0;1;1;0;1;0;-1;0;-1;0;-1;1;0;0;1;0;-1;-1;1;-1;1;0,7,"1,3,0,1,4,0,3"
894,0;0;0;0;-1;0;0;1;-1;1;0;-1;0;1;0;0;1;-1;0;-1;1;-1;0;1;0,7,"1,3,0,1,4,0,4"
895,0;1;0;0;-1;-1;0;-1;0;1;0;1;0;1;-1;0;0;-1;0;0;1;-1;1;0;0,7,"1,3,0,1,4,3,2"
896,0;1;-1;0;1;-1;0;1;0;0;1;-1;0;0;-1;0;0;0;0;1;-1;0;1;-1;0,7,"1,3,0,1,4,3,4"
897,0;0;0;0;1;0;0;-1;0;0;0;1;0;0;-1;0;0;0;0;1;-1;0;1;-1;0,7,"1,3,0,2,0,1,4"
898,0;0;0;0;-1;0;0;1;0;0;0;-1;0;0;-1;0;0;0;0;1;1;0;1;-1;0,7,"1,3,0,2,0,4,0"
899,0;0;0;0;1;0;0;-1;0;0;0;1;0;0;1;0;0;0;0;1;-1;0;-1;-1;0,7,"1,3,0,2,0,4,2"
900,0;0;0;0;1;0;0;1;0;0;0;-1;0;0;-1;0;0;0;0;-1;-1;0;1;1;0,7,"1,3,0,2,0,4,3"
901,0;0;0;0;-1;0;0;-1;0;0;0;1;0;0;1;0;0;0;0;-1;1;0;-1;1;0,7,"1,3,0,2,1,3,4"
902,0;0;1;-1;1;0;0;-1;0;0;-1;1;0;0;0;1;0;0;0;0;-1;0;0;0;0,7,"1,3,0,2,1,4,0"
903,0;0;0;-1;0;0;0;-1;0;0;0;1;0;1;0;1;0;-1;0;-1;0;0;0;1;0,7,"1,3,0,2,1,4,3"
904,0;0;0;0;1;0;0;1;0;0;0;-1;0;0;1;0;0;0;0;-1;-1;0;-1;1;0,7,"1,3,0,2,3,4,0"
905,0;0;0;0;-1;0;0;-1;0;1;0;1;0;0;-1;0;0;0;0;-1;1;-1;1;1;0,7,"1,3,0,2,3,4,2"
906,0;0;0;0;-1;0;0;1;0;0;0;-1;0;0;1;0;0;0;0;1;1;0;-1;-1;0,7,"1,3,0,2,3,4,3"
907,0;0;-1;-1;1;0;0;-1;0;0;1;1;0;0;0;1;0;0;0;0;-1;0;0;0;0,7,"1,3,0,2,4,0,2"
908,0;0;1;1;1;0;0;1;0;0;-1;-1;0;0;0;-1;0;0;0;0;-1;0;0;0;0,7,"1,3,0,2,4,0,3"
909,0;0;1;-1;-1;0;0;1;0;0;-1;-1;0;0;0;1;0;0;0;0;1;0;0;0;0,7,"1,3,0,2,4,0,4"
910,0;0;0;1;0;0;0;1;0;0;0;-1;0;1;0;-1;0;-1;0;-1;0;0;0;1;0,7,"1,3,0,2,4,3,0"
911,0;0;0;-1;0;0;0;1;0;0;0;-1;0;1;0;1;0;-1;0;1;0;0;0;-1;0,7,"1,3,0,2,4,3,4"
912,0;-1;0;0;0;1;0;-1;-1;0;0;1;0;0;0;0;1;0;0;1;0;0;0;-1;0,7,"1,3,0,3,0,1,2"
913,0;-1;0;0;0;1;0;1;1;0;0;-1;0;0;0;0;-1;0;0;-1;0;0;0;1;0,7,"1,3,0,3,0,1,3"
914,0;-1;0;0;0;1;0;1;-1;0;0;-1;0;0;0;0;1;0;0;-1;0;0;0;1;0,7,"1,3,0,3,0,1,4"
915,0;-1;1;-1;0;1;0;-1;0;0;-1;1;0;1;0;1;0;-1;0;1;0;0;0;-1;0,7,"1,3,0,3,0,2,1"
916,0;-1;0;0;0;1;0;-1;1;0;0;1;0;0;0;0;-1;0;0;1;0;0;0;-1;0,7,"1,3,0,3,2,1,0"
917,0;1;0;0;0;-1;0;1;1;0;0;-1;0;0;0;0;-1;0;0;1;0;0;0;-1;0,7,"1,3,0,3,2,1,2"
918,0;1;0;0;0;-1;0;-1;-1;1;0;1;0;0;0;0;1;0;0;-1;0;-1;0;1;0,7,"1,3,0,3,2,1,3"
919,0;1;0;0;0;-1;0;-1;1;0;0;1;0;0;0;0;-1;0;0;-1;0;0;0;1;0,7,"1,3,0,3,2,1,4"
920,0;-1;1;0;0;1;0;0;0;0;-1;0;0;-1;1;0;0;1;0;0;0;0;-1;0;0,7,"1,3,0,4,0,1,2"
921,0;-1;-1;0;1;1;0;0;0;0;1;0;0;-1;0;0;0;1;0;-1;-1;0;0;1;0,7,"1,3,0,4,0,1,3"
922,0;1;1;0;0;-1;0;0;0;0;-1;0;0;1;1;0;0;-1;0;0;0;0;-1;0;0,7,"1,3,0,4,0,2,3"
923,0;1;1;0;0;-1;0;0;0;0;-1;0;0;-1;-1;0;0;1;0;0;0;0;1;0;0,7,"1,3,0,4,0,2,4"
924,0;1;1;-1;1;-1;0;0;0;0;-1;0;0;1;0;1;0;-1;0;-1;-1;0;0;1;0,7,"1,3,0,4,0,3,2"
925,0;1;-1;1;-1;-1;0;0;0;0;1;0;0;-1;0;-1;0;1;0;1;1;0;0;-1;0,7,"1,3,0,4,0,3,4"
926,0;0;1;0;0;0;0;1;-1;0;-1;-1;0;1;-1;0;1;-1;0;0;0;0;1;0;0,7,"1,3,0,4,3,2,0"
927,0;0;-1;0;0;0;0;-1;1;0;1;1;0;0;-1;0;-1;0;0;0;0;0;1;0;0,7,"1,3,0,4,3,2,1"
928,0;0;-1;0;0;0;0;1;-1;0;1;-1;0;1;1;0;1;-1;0;0;0;0;-1;0;0,7,"1,3,0,4,3,2,4"
929,0;1;0;0;-1;-1;0;-1;0;1;0;1;0;0;-1;0;0;0;0;1;1;-1;1;-1;0,7,"1,3,0,4,3,4,0"
930,0;-1;0;0;1;1;0;1;0;-1;0;-1;0;0;1;0;0;0;0;1;-1;1;-1;-1;0,7,"1,3,0,4,3,4,2"
931,0;-1;0;0;1;1;0;-1;0;0;0;1;0;0;-1;0;0;0;0;-1;-1;0;1;1;0,7,"1,3,0,4,3,4,3"
932,0;0;1;0;0;0;0;0;0;1;-1;0;0;-1;-1;0;0;1;0;0;0;-1;1;0;0,7,"1,3,4,0,1,2,0"
933,0;0;-1;0;0;0;0;0;0;1;1;0;0;1;-1;0;0;-1;0;0;0;-1;1;0;0,7,"1,3,4,0,1,2,3"
934,0;0;0;-1;1;0;0;0;0;1;0;0;0;-1;1;1;0;1;0;-1;-1;-1;-1;1;0,7,"1,3,4,0,1,3,0"
935,0;0;0;1;-1;0;0;0;0;1;0;0;0;1;-1;-1;0;-1;0;1;1;-1;1;-1;0,7,"1,3,4,0,1,3,2"
936,0;-1;-1;1;1;1;0;0;0;-1;1;0;0;-1;-1;-1;0;1;0;0;-1;1;1;0;0,7,"1,3,4,0,1,3,4"
937,0;1;0;1;-1;-1;0;0;0;0;0;0;0;1;-1;-1;0;-1;0;1;1;0;1;-1;0,7,"1,3,4,0,1,4,0"
938,0;-1;0;-1;1;1;0;0;0;-1;0;0;0;-1;1;1;0;1;0;-1;-1;1;-1;1;0,7,"1,3,4,0,1,4,2"
939,0;0;1;0;0;0;0;0;0;1;-1;0;0;-1;1;0;0;1;0;0;0;-1;-1;0;0,7,"1,3,4,0,2,0,4"
940,0;0;-1;0;0;0;0;0;0;1;1;0;0;1;1;0;0;-1;0;0;0;-1;-1;0;0,7,"1,3,4,0,2,3,4"
941,0;0;0;0;1;0;0;0;-1;1;0;0;0;0;1;0;1;0;0;-1;-1;-1;-1;1;0,7,"1,3,4,0,3,2,4"
942,0;0;1;-1;-1;0;0;-1;0;1;-1;1;0;0;0;1;0;0;0;0;1;-1;0;0;0,7,"1,3,4,0,3,4,0"
943,0;0;1;0;0;0;0;1;-1;0;-1;-1;0;1;1;0;1;-1;0;0;0;0;-1;0;0,7,"1,3,4,0,3,4,2"
944,0;0;0;1;-1;0;0;1;0;0;0;-1;0;-1;1;-1;0;1;0;0;1;0;-1;0;0,7,"1,3,4,0,4,0,2"
945,0;0;0;-1;0;0;0;-1;0;1;0;1;0;-1;0;1;0;1;0;-1;0;-1;0;1;0,7,"1,3,4,0,4,0,3"
946,0;0;0;1;0;0;0;1;0;0;0;-1;0;1;0;-1;0;-1;0;1;0;0;0;-1;0,7,"1,3,4,0,4,2,3"
947,0;0;0;1;0;0;0;0;0;-1;0;0;0;-1;0;-1;0;1;0;1;0;1;0;-1;0,7,"1,3,4,1,4,0,3"
948,0;0;1;-1;0;0;0;1;0;-1;-1;-1;0;0;1;1;0;0;0;-1;0;1;-1;1;0,7,"1,4,0,1,2,0,4"
949,0;-1;1;0;0;1;0;-1;0;0;-1;1;0;1;-1;0;0;-1;0;0;0;0;1;0;0,7,"1,4,0,1,2,4,2"
950,0;0;0;-1;0;0;0;1;0;-1;0;-1;0;1;0;1;0;-1;0;1;0;1;0;-1;0,7,"1,4,0,1,2,4,3"
951,0;0;-1;1;0;0;0;0;1;-1;1;0;0;0;-1;-1;-1;0;0;1;0;1;1;-1;0,7,"1,4,0,1,3,0,4"
952,0;0;-1;0;0;0;0;0;1;-1;1;0;0;-1;1;0;-1;1;0;0;0;1;-1;0;0,7,"1,4,0,1,3,4,2"
953,0;-1;0;1;0;1;0;0;-1;0;0;0;0;-1;0;-1;1;1;0;-1;0;0;0;1;0,7,"1,4,0,1,3,4,3"
954,0;-1;0;0;0;1;0;0;0;1;0;0;0;0;-1;0;0;0;0;-1;0;-1;1;1;0,7,"1,4,0,1,4,1,0"
955,0;1;0;0;0;-1;0;0;0;1;0;0;0;0;1;0;0;0;0;-1;0;-1;-1;1;0,7,"1,4,0,1,4,1,2"
956,0;1;0;0;0;-1;0;0;0;1;0;0;0;0;-1;0;0;0;0;1;0;-1;1;-1;0,7,"1,4,0,1,4,1,3"
957,0;0;1;-1;0;0;0;0;1;-1;-1;0;0;0;1;1;-1;0;0;0;0;1;-1;0;0,7,"1,4,0,2,0,4,1"
958,0;0;-1;-1;1;0;0;0;-1;1;1;0;0;0;-1;1;1;0;0;-1;-1;-1;1;1;0,7,"1,4,0,2,0,4,2"
959,0;0;1;1;-1;0;0;0;1;0;-1;0;0;0;1;-1;-1;0;0;1;1;0;-1;-1;0,7,"1,4,0,2,0,4,3"
960,0;1;0;0;-1;-1;0;0;0;1;0;0;0;0;-1;0;0;0;0;1;1;-1;1;-1;0,7,"1,4,0,2,3,4,2"
961,0;1;0;0;-1;-1;0;0;0;1;0;0;0;0;1;0;0;0;0;-1;1;-1;-1;1;0,7,"1,4,0,2,3,4,3"
962,0;0;1;0;0;0;0;0;1;-1;-1;0;0;1;-1;0;-1;-1;0;1;0;1;1;-1;0,7,"1,4,0,2,4,1,2"
963,0;0;0;-1;0;0;0;1;-1;-1;0;-1;0;1;1;1;1;-1;0;0;0;1;-1;0;0,7,"1,4,0,2,4,1,3"
964,0;0;1;0;0;0;0;-1;1;1;-1;1;0;-1;-1;0;-1;1;0;0;0;-1;1;0;0,7,"1,4,0,2,4,2,3"
965,0;0;1;0;0;0;0;1;-1;-1;-1;-1;0;1;1;0;1;-1;0;0;0;1;-1;0;0,7,"1,4,0,2,4,2,4"
966,0;-1;0;0;0;1;0;0;-1;0;0;0;0;1;0;0;1;-1;0;1;0;0;0;-1;0,7,"1,4,0,2,4,3,1"
967,0;1;0;-1;0;-1;0;0;1;0;0;0;0;-1;0;1;-1;1;0;1;0;0;0;-1;0,7,"1,4,0,2,4,3,2"
968,0;1;0;-1;0;-1;0;0;1;0;0;0;0;1;0;1;-1;-1;0;-1;0;0;0;1;0,7,"1,4,0,2,4,3,4"
969,0;0;-1;1;0;0;0;1;0;-1;1;-1;0;0;0;-1;0;0;0;1;0;1;0;-1;0,7,"1,4,0,3,0,4,1"
970,0;0;1;1;-1;0;0;1;0;0;-1;-1;0;0;1;-1;0;0;0;1;1;0;-1;-1;0,7,"1,4,0,3,0,4,2"
971,0;0;-1;-1;1;0;0;-1;0;1;1;1;0;0;-1;1;0;0;0;-1;-1;-1;1;1;0,7,"1,4,0,3,0,4,3"
972,0;0;-1;0;0;0;0;-1;1;-1;1;1;0;-1;0;0;-1;1;0;1;0;1;0;-1;0,7,"1,4,0,3,4,1,2"
973,0;0;0;1;0;0;0;1;0;-1;0;-1;0;-1;1;-1;0;1;0;-1;0;1;-1;1;0,7,"1,4,0,3,4,1,3"
974,0;-1;0;0;0;1;0;-1;0;0;0;1;0;-1;1;0;0;1;0;0;0;0;-1;0;0,7,"1,4,0,3,4,2,1"
975,0;1;-1;0;0;-1;0;1;0;0;1;-1;0;1;1;0;0;-1;0;0;0;0;-1;0;0,7,"1,4,0,3,4,2,3"
976,0;1;-1;0;0;-1;0;1;0;0;1;-1;0;-1;-1;0;0;1;0;0;0;0;1;0;0,7,"1,4,0,3,4,2,4"
977,0;0;0;1;0;0;0;1;-1;1;0;-1;0;1;0;-1;1;-1;0;-1;0;-1;0;1;0,7,"1,4,0,3,4,3,2"
978,0;0;0;1;0;0;0;-1;1;-1;0;1;0;-1;0;-1;-1;1;0;1;0;1;0;-1;0,7,"1,4,0,3,4,3,4"
979,0;0;0;0;-1;0;0;-1;1;-1;0;1;0;0;0;0;-1;0;0;0;1;1;0;0;0,7,"1,4,0,4,0,1,2"
980,0;0;0;0;-1;0;0;1;-1;-1;0;-1;0;0;0;0;1;0;0;0;1;1;0;0;0,7,"1,4,0,4,0,1,3"
981,0;0;0;0;-1;0;0;-1;1;0;0;1;0;-1;1;0;-1;1;0;-1;1;0;-1;1;0,7,"1,4,0,4,0,2,1"
982,0;0;0;0;-1;0;0;1;-1;0;0;-1;0;1;-1;0;1;-1;0;1;1;0;1;-1;0,7,"1,4,0,4,0,3,1"
983,0;0;0;0;1;0;0;1;0;0;0;-1;0;1;-1;0;0;-1;0;0;-1;0;1;0;0,7,"1,4,0,4,2,1,2"
984,0;0;0;0;1;0;0;0;-1;0;0;0;0;1;0;0;1;-1;0;1;-1;0;0;-1;0,7,"1,4,0,4,2,1,3"
985,0;0;0;0;1;0;0;-1;0;0;0;1;0;-1;1;0;0;1;0;0;-1;0;-1;0;0,7,"1,4,0,4,3,1,2"
986,0;0;0;0;1;0;0;0;1;0;0;0;0;-1;0;0;-1;1;0;-1;-1;0;0;1;0,7,"1,4,0,4,3,1,3"
987,0;-1;0;1;0;1;0;-1;0;0;0;1;0;-1;1;-1;0;1;0;0;0;0;-1;0;0,7,"2,0,1,0,2,1,3"
988,0;-1;1;-1;0;1;0;-1;0;0;-1;1;0;1;-1;1;0;-1;0;0;0;0;1;0;0,7,"2,0,1,0,2,1,4"
989,0;-1;1;-1;0;1;0;0;0;0;-1;0;0;0;1;1;0;0;0;0;0;0;-1;0;0,7,"2,0,1,0,2,3,0"
990,0;1;-1;1;0;-1;0;1;0;0;1;-1;0;-1;-1;-1;0;1;0;0;0;0;1;0;0,7,"2,0,1,0,2,3,4"
991,0;0;0;-1;0;0;0;0;1;-1;0;0;0;1;-1;1;-1;-1;0;1;0;1;1;-1;0,7,"2,0,1,0,3,0,1"
992,0;0;0;-1;0;0;0;0;-1;1;0;0;0;-1;1;1;1;1;0;-1;0;-1;-1;1;0,7,"2,0,1,0,3,0,2"
993,0;0;0;1;0;0;0;0;0;1;0;0;0;0;1;-1;0;0;0;-1;0;-1;-1;1;0,7,"2,0,1,0,3,1,4"
994,0;0;0;1;0;0;0;0;0;-1;0;0;0;0;-1;-1;0;0;0;1;0;1;1;-1;0,7,"2,0,1,0,3,2,4"
995,0;0;0;1;0;0;0;-1;1;1;0;1;0;0;0;-1;-1;0;0;0;0;-1;0;0;0,7,"2,0,1,0,3,4,1"
996,0;0;0;1;0;0;0;-1;0;0;0;1;0;-1;-1;-1;0;1;0;0;0;0;1;0;0,7,"2,0,1,0,3,4,2"
997,0;-1;0;0;0;1;0;0;-1;1;0;0;0;1;-1;0;1;-1;0;0;0;-1;1;0;0,7,"2,0,1,0,4,1,2"
998,0;-1;0;0;0;1;0;0;1;0;0;0;0;1;0;0;-1;-1;0;1;0;0;0;-1;0,7,"2,0,1,0,4,1,3"
999,0;0;-1;1;0;0;0;0;-1;0;1;0;0;-1;0;-1;1;1;0;-1;0;0;0;1;0,7,"2,0,1,0,4,2,3"
1000,0;1;0;-1;0;-1;0;0;0;1;0;0;0;0;1;1;0;0;0;-1;0;-1;-1;1;0,7,"2,0,1,0,4,2,4"
1001,0;1;0;0;0;-1;0;-1;-1;0;0;1;0;0;-1;0;1;0;0;0;0;0;1;0;0,7,"2,0,1,2,1,3,4"
1002,0;1;0;0;0;-1;0;1;1;-1;0;-1;0;0;1;0;-1;0;0;0;0;1;-1;0;0,7,"2,0,1,2,1,4,2"
1003,0;0;1;-1;0;0;0;1;-1;0;-1;-1;0;1;1;1;1;-1;0;0;0;0;-1;0;0,7,"2,0,1,2,3,0,3"
1004,0;0;0;1;0;0;0;0;1;0;0;0;0;-1;-1;-1;-1;1;0;0;0;0;1;0;0,7,"2,0,1,2,3,0,4"
1005,0;0;0;1;0;0;0;0;1;0;0;0;0;1;1;-1;-1;-1;0;0;0;0;-1;0;0,7,"2,0,1,2,3,1,3"
1006,0;0;0;-1;0;0;0;0;-1;0;0;0;0;-1;-1;1;1;1;0;0;0;0;1;0;0,7,"2,0,1,2,3,1,4"
1007,0;0;0;-1;0;0;0;0;1;0;0;0;0;1;1;1;-1;-1;0;0;0;0;-1;0;0,7,"2,0,1,2,3,4,2"
1008,0;-1;0;1;0;1;0;-1;0;0;0;1;0;0;-1;-1;0;0;0;1;0;0;1;-1;0,7,"2,0,1,2,4,2,4"
1009,0;-1;1;1;0;1;0;0;0;-1;-1;0;0;0;1;-1;0;0;0;0;0;1;-1;0;0,7,"2,0,1,3,0,1,2"
1010,0;-1;-1;-1;1;1;0;0;0;-1;1;0;0;0;-1;1;0;0;0;0;-1;1;1;0;0,7,"2,0,1,3,0,1,3"
1011,0;0;0;1;-1;0;0;0;0;1;0;0;0;0;1;-1;0;0;0;0;1;-1;-1;0;0,7,"2,0,1,3,0,1,4"
1012,0;1;1;-1;-1;-1;0;0;0;1;-1;0;0;0;1;1;0;0;0;0;1;-1;-1;0;0,7,"2,0,1,3,0,2,3"
1013,0;0;0;1;1;0;0;0;0;-1;0;0;0;0;-1;-1;0;0;0;0;-1;1;1;0;0,7,"2,0,1,3,0,2,4"
1014,0;-1;1;1;0;1;0;-1;-1;1;-1;1;0;0;-1;-1;1;0;0;0;0;-1;1;0;0,7,"2,0,1,3,0,3,0"
1015,0;1;-1;-1;0;-1;0;1;0;-1;1;-1;0;0;1;1;0;0;0;0;0;1;-1;0;0,7,"2,0,1,3,0,3,4"
1016,0;-1;0;1;0;1;0;-1;0;1;0;1;0;0;0;-1;0;0;0;0;0;-1;0;0;0,7,"2,0,1,3,0,4,1"
1017,0;0;1;1;0;0;0;-1;0;0;-1;1;0;0;-1;-1;0;0;0;0;0;0;1;0;0,7,"2,0,1,3,0,4,2"
1018,0;0;1;0;0;0;0;1;0;0;-1;-1;0;0;-1;0;0;0;0;1;0;0;1;-1;0,7,"2,0,1,3,2,0,4"
1019,0;0;1;-1;0;0;0;1;-1;0;-1;-1;0;1;-1;1;1;-1;0;0;0;0;1;0;0,7,"2,0,1,3,2,1,2"
1020,0;0;-1;0;0;0;0;-1;0;0;1;1;0;0;-1;0;0;0;0;1;0;0;1;-1;0,7,"2,0,1,3,2,1,4"
1021,0;-1;1;0;-1;1;0;-1;0;0;-1;1;0;0;1;0;0;0;0;1;1;0;-1;-1;0,7,"2,0,1,3,2,4,2"
1022,0;0;-1;0;0;0;0;1;0;0;1;-1;0;0;-1;0;0;0;0;-1;0;0;1;1;0,7,"2,0,1,3,2,4,3"
1023,0;-1;-1;1;1;1;0;0;-1;0;1;0;0;0;0;-1;1;0;0;0;-1;0;0;0;0,7,"2,0,1,3,4,1,0"
1024,0;1;-1;0;0;-1;0;0;0;1;1;0;0;-1;-1;0;0;1;0;0;0;-1;1;0;0,7,"2,0,1,3,4,1,2"
1025,0;1;1;0;-1;-1;0;0;0;0;-1;0;0;-1;0;0;0;1;0;0;1;0;0;0;0,7,"2,0,1,3,4,2,0"
1026,0;0;0;0;-1;0;0;0;0;1;0;0;0;-1;1;0;0;1;0;0;1;-1;-1;0;0,7,"2,0,1,3,4,2,4"
1027,0;1;0;-1;0;-1;0;0;0;1;0;0;0;-1;0;1;0;1;0;-1;0;-1;0;1;0,7,"2,0,1,4,1,2,3"
1028,0;0;0;0;1;0;0;1;0;-1;0;-1;0;0;1;0;0;0;0;-1;-1;1;-1;1;0,7,"2,0,1,4,1,2,4"
1029,0;1;0;1;-1;-1;0;0;0;0;0;0;0;-1;0;-1;0;1;0;0;1;0;0;0;0,7,"2,0,1,4,2,3,0"
1030,0;0;0;0;-1;0;0;0;0;1;0;0;0;-1;0;0;0;1;0;1;1;-1;0;-1;0,7,"2,0,1,4,2,3,4"
1031,0;1;0;0;0;-1;0;0;1;-1;0;0;0;0;1;0;-1;0;0;0;0;1;-1;0;0,7,"2,0,1,4,2,4,1"
1032,0;-1;0;1;0;1;0;0;-1;1;0;0;0;0;-1;-1;1;0;0;-1;0;-1;1;1;0,7,"2,0,1,4,2,4,2"
1033,0;0;0;-1;0;0;0;0;1;0;0;0;0;0;1;1;-1;0;0;1;0;0;-1;-1;0,7,"2,0,1,4,2,4,3"
1034,0;1;0;0;-1;-1;0;1;-1;0;0;-1;0;0;1;0;1;0;0;0;1;0;-1;0;0,7,"2,0,3,0,1,2,3"
1035,0;1;-1;0;1;-1;0;1;1;0;1;-1;0;0;-1;0;-1;0;0;0;-1;0;1;0;0,7,"2,0,3,0,1,2,4"
1036,0;0;0;0;1;0;0;0;-1;-1;0;0;0;0;1;0;1;0;0;0;-1;1;-1;0;0,7,"2,0,3,0,1,3,4"
1037,0;0;0;0;-1;0;0;0;1;-1;0;0;0;0;1;0;-1;0;0;0;1;1;-1;0;0,7,"2,0,3,0,1,4,0"
1038,0;0;0;0;1;0;0;0;1;-1;0;0;0;0;-1;0;-1;0;0;0;-1;1;1;0;0,7,"2,0,3,0,1,4,2"
1039,0;1;0;0;0;-1;0;1;1;-1;0;-1;0;0;0;0;-1;0;0;1;0;1;0;-1;0,7,"2,0,3,0,4,1,2"
1040,0;1;0;0;0;-1;0;-1;-1;0;0;1;0;0;0;0;1;0;0;-1;0;0;0;1;0,7,"2,0,3,0,4,1,3"
1041,0;1;0;0;0;-1;0;-1;0;1;0;1;0;0;0;0;0;0;0;-1;0;-1;0;1;0,7,"2,0,3,0,4,1,4"
1042,0;1;0;0;0;-1;0;1;0;-1;0;-1;0;0;0;0;0;0;0;1;0;1;0;-1;0,7,"2,0,3,2,1,0,4"
1043,0;-1;0;0;0;1;0;-1;0;-1;0;1;0;0;0;0;0;0;0;1;0;1;0;-1;0,7,"2,0,3,2,1,2,4"
1044,0;-1;0;0;0;1;0;1;0;-1;0;-1;0;0;0;0;0;0;0;-1;0;1;0;1;0,7,"2,0,3,2,1,4,3"
1045,0;0;0;0;-1;0;0;0;-1;1;0;0;0;0;-1;0;1;0;0;0;1;-1;1;0;0,7,"2,0,3,2,4,1,4"
1046,0;-1;-1;1;-1;1;0;0;0;0;1;0;0;0;0;-1;0;0;0;1;1;0;0;-1;0,7,"2,0,3,4,1,0,1"
1047,0;1;1;1;-1;-1;0;0;0;0;-1;0;0;0;0;-1;0;0;0;1;1;0;0;-1;0,7,"2,0,3,4,1,0,2"
1048,0;1;-1;-1;0;-1;0;0;0;0;1;0;0;0;0;1;0;0;0;-1;0;0;0;1;0,7,"2,0,3,4,1,0,3"
1049,0;1;-1;0;1;-1;0;0;0;0;1;0;0;0;0;0;0;0;0;-1;-1;0;0;1;0,7,"2,0,3,4,1,0,4"
1050,0;1;-1;0;-1;-1;0;1;0;1;1;-1;0;-1;0;0;0;1;0;0;1;-1;0;0;0,7,"2,0,3,4,1,2,4"
1051,0;0;-1;1;1;0;0;-1;0;1;1;1;0;0;-1;-1;0;0;0;0;-1;-1;1;0;0,7,"2,0,3,4,1,4,0"
1052,0;0;1;-1;-1;0;0;1;0;-1;-1;-1;0;1;1;1;0;-1;0;0;1;1;-1;0;0,7,"2,0,3,4,1,4,1"
1053,0;1;0;-1;1;-1;0;1;0;0;0;-1;0;1;0;1;0;-1;0;0;-1;0;0;0;0,7,"2,0,4,1,0,2,4"
1054,0;1;0;-1;-1;-1;0;0;1;1;0;0;0;-1;0;1;-1;1;0;0;1;-1;0;0;0,7,"2,0,4,1,2,3,4"
1055,0;0;0;-1;1;0;0;1;-1;1;0;-1;0;1;0;1;1;-1;0;-1;-1;-1;0;1;0,7,"2,0,4,1,2,4,0"
1056,0;0;0;1;-1;0;0;-1;1;-1;0;1;0;0;0;-1;-1;0;0;1;1;1;0;-1;0,7,"2,0,4,1,2,4,1"
1057,0;0;0;-1;1;0;0;1;0;-1;0;-1;0;-1;1;1;0;1;0;-1;-1;1;-1;1;0,7,"2,0,4,1,4,0,1"
1058,0;0;0;1;0;0;0;-1;0;1;0;1;0;1;-1;-1;0;-1;0;1;0;-1;1;-1;0,7,"2,0,4,1,4,0,3"
1059,0;0;0;1;-1;0;0;-1;0;0;0;1;0;1;-1;-1;0;-1;0;1;1;0;1;-1;0,7,"2,0,4,1,4,1,2"
1060,0;-1;1;0;0;1;0;-1;1;0;-1;1;0;-1;1;0;-1;1;0;-1;0;0;-1;1;0,7,"2,3,0,1,0,2,1"
1061,0;1;0;0;0;-1;0;1;-1;0;0;-1;0;1;-1;0;1;-1;0;1;0;0;1;-1;0,7,"2,3,0,1,0,2,4"
1062,0;-1;0;1;0;1;0;1;-1;0;0;-1;0;1;-1;-1;1;-1;0;1;0;0;1;-1;0,7,"2,3,0,1,0,3,1"
1063,0;1;0;0;0;-1;0;-1;1;0;0;1;0;-1;1;0;-1;1;0;-1;0;0;-1;1;0,7,"2,3,0,1,0,3,4"
1064,0;-1;0;0;0;1;0;0;0;1;0;0;0;0;1;0;0;0;0;1;0;-1;-1;-1;0,7,"2,3,0,1,0,4,1"
1065,0;1;0;0;0;-1;0;0;0;-1;0;0;0;0;-1;0;0;0;0;1;0;1;1;-1;0,7,"2,3,0,1,0,4,2"
1066,0;1;0;0;0;-1;0;0;0;-1;0;0;0;0;1;0;0;0;0;-1;0;1;-1;1;0,7,"2,3,0,1,0,4,3"
1067,0;1;0;-1;0;-1;0;-1;1;0;0;1;0;0;-1;1;-1;0;0;1;0;0;1;-1;0,7,"2,3,0,1,2,1,4"
1068,0;-1;0;0;0;1;0;0;1;0;0;0;0;-1;0;0;-1;1;0;-1;0;0;0;1;0,7,"2,3,0,1,2,4,3"
1069,0;1;-1;0;0;-1;0;1;-1;0;1;-1;0;0;1;0;1;0;0;-1;0;0;-1;1;0,7,"2,3,0,1,3,1,4"
1070,0;-1;0;0;0;1;0;1;0;0;0;-1;0;1;-1;0;0;-1;0;0;0;0;1;0;0,7,"2,3,0,1,3,4,2"
1071,0;-1;0;0;0;1;0;0;0;-1;0;0;0;0;-1;0;0;0;0;-1;0;1;1;1;0,7,"2,3,0,1,4,2,3"
1072,0;-1;1;1;0;1;0;-1;-1;1;-1;1;0;0;0;-1;1;0;0;-1;0;-1;0;1;0,7,"2,3,0,2,0,1,2"
1073,0;0;-1;0;0;0;0;1;0;-1;1;-1;0;-1;1;0;0;1;0;-1;0;1;-1;1;0,7,"2,3,0,2,1,2,1"
1074,0;0;-1;0;0;0;0;-1;0;1;1;1;0;1;-1;0;0;-1;0;1;0;-1;1;-1;0,7,"2,3,0,2,1,2,3"
1075,0;0;1;0;0;0;0;0;0;1;-1;0;0;0;-1;0;0;0;0;1;0;-1;1;-1;0,7,"3,0,1,0,2,1,4"
1076,0;0;1;0;0;0;0;0;0;-1;-1;0;0;0;1;0;0;0;0;-1;0;1;-1;1;0,7,"3,0,1,0,2,3,4"
1077,0;0;1;0;0;0;0;1;-1;1;-1;-1;0;0;0;0;1;0;0;0;0;-1;0;0;0,7,"3,0,1,0,2,4,1"
1078,0;0;1;0;0;0;0;0;-1;0;-1;0;0;1;0;0;1;-1;0;-1;0;0;0;1;0,7,"3,0,1,0,2,4,3"
1079,0;-1;1;0;0;1;0;0;-1;0;-1;0;0;1;0;0;1;-1;0;1;0;0;0;-1;0,7,"3,0,1,0,3,1,2"
1080,0;-1;-1;1;0;1;0;0;-1;0;1;0;0;-1;0;-1;1;1;0;-1;0;0;0;1;0,7,"3,0,1,0,3,1,4"
1081,0;-1;-1;1;0;1;0;0;0;0;1;0;0;0;0;-1;0;0;0;1;0;0;0;-1;0,7,"3,0,1,0,3,2,0"
1082,0;1;1;-1;0;-1;0;0;1;0;-1;0;0;1;0;1;-1;-1;0;-1;0;0;0;1;0,7,"3,0,1,0,3,2,4"
1083,0;-1;0;0;0;1;0;1;0;0;0;-1;0;-1;1;0;0;1;0;0;0;0;-1;0;0,7,"3,0,1,0,4,1,2"
1084,0;-1;0;0;0;1;0;-1;0;1;0;1;0;-1;0;0;0;1;0;-1;0;-1;0;1;0,7,"3,0,1,0,4,1,3"
1085,0;0;1;-1;0;0;0;-1;0;0;-1;1;0;1;-1;1;0;-1;0;0;0;0;1;0;0,7,"3,0,1,0,4,3,2"
1086,0;1;-1;0;0;-1;0;0;0;1;1;0;0;0;-1;0;0;0;0;1;0;-1;1;-1;0,7,"3,0,1,0,4,3,4"
1087,0;-1;-1;-1;1;1;0;0;0;-1;1;0;0;0;0;1;0;0;0;-1;-1;1;0;1;0,7,"3,0,1,2,0,1,2"
1088,0;-1;1;1;0;1;0;0;0;-1;-1;0;0;0;0;-1;0;0;0;1;0;1;0;-1;0,7,"3,0,1,2,0,1,3"
1089,0;0;1;0;-1;0;0;0;0;1;-1;0;0;0;0;0;0;0;0;1;1;-1;0;-1;0,7,"3,0,1,2,0,1,4"
1090,0;1;-1;1;-1;-1;0;0;0;1;1;0;0;0;0;-1;0;0;0;1;1;-1;0;-1;0,7,"3,0,1,2,0,2,3"
1091,0;1;-1;-1;0;-1;0;0;1;-1;1;0;0;0;0;1;-1;0;0;1;0;1;0;-1;0,7,"3,0,1,2,0,2,4"
1092,0;0;1;0;1;0;0;0;0;-1;-1;0;0;0;0;0;0;0;0;-1;-1;1;0;1;0,7,"3,0,1,2,0,3,4"
1093,0;-1;1;0;0;1;0;0;-1;1;-1;0;0;0;0;0;1;0;0;0;0;-1;0;0;0,7,"3,0,1,2,0,4,1"
1094,0;0;1;1;0;0;0;0;-1;0;-1;0;0;0;0;-1;1;0;0;-1;0;0;0;1;0,7,"3,0,1,2,0,4,3"
1095,0;0;0;1;0;0;0;0;1;0;0;0;0;0;1;-1;-1;0;0;-1;0;0;-1;1;0,7,"3,0,1,2,3,0,4"
1096,0;0;-1;1;0;0;0;-1;1;0;1;1;0;-1;0;-1;-1;1;0;-1;0;0;0;1;0,7,"3,0,1,2,3,1,3"
1097,0;0;0;-1;0;0;0;0;-1;0;0;0;0;0;1;1;1;0;0;-1;0;0;-1;1;0,7,"3,0,1,2,3,1,4"
1098,0;0;0;-1;0;0;0;0;1;0;0;0;0;0;-1;1;-1;0;0;-1;0;0;1;1;0,7,"3,0,1,2,3,4,2"
1099,0;-1;0;1;-1;1;0;0;-1;0;0;0;0;0;1;-1;1;0;0;1;1;0;-1;-1;0,7,"3,0,1,2,3,4,3"
1100,0;-1;1;-1;1;1;0;-1;0;0;-1;1;0;0;0;1;0;0;0;0;-1;0;0;0;0,7,"3,0,1,2,4,1,0"
1101,0;1;0;-1;0;-1;0;0;0;1;0;0;0;1;0;1;0;-1;0;-1;0;-1;0;1;0,7,"3,0,1,2,4,1,3"
1102,0;1;0;1;-1;-1;0;0;0;0;0;0;0;1;0;-1;0;-1;0;0;1;0;0;0;0,7,"3,0,1,2,4,3,0"
1103,0;0;0;0;-1;0;0;0;0;1;0;0;0;1;0;0;0;-1;0;1;1;-1;0;-1;0,7,"3,0,1,2,4,3,4"
1104,0;0;-1;1;0;0;0;-1;1;0;1;1;0;-1;0;-1;-1;1;0;1;0;0;0;-1;0,7,"3,0,1,3,2,0,2"
1105,0;0;1;0;0;0;0;1;0;0;-1;-1;0;1;0;0;0;-1;0;-1;0;0;0;1;0,7,"3,0,1,3,2,0,4"
1106,0;0;1;0;0;0;0;1;0;0;-1;-1;0;-1;0;0;0;1;0;1;0;0;0;-1;0,7,"3,0,1,3,2,1,2"
1107,0;0;-1;0;0;0;0;-1;0;0;1;1;0;1;0;0;0;-1;0;-1;0;0;0;1;0,7,"3,0,1,3,2,1,4"
1108,0;0;-1;0;0;0;0;1;0;0;1;-1;0;-1;0;0;0;1;0;1;0;0;0;-1;0,7,"3,0,1,3,2,4,3"
1109,0;-1;1;0;0;1;0;0;-1;0;-1;0;0;0;1;0;1;0;0;-1;0;0;-1;1;0,7,"3,0,1,3,4,3,4"
1110,0;1;-1;0;0;-1;0;0;0;1;1;0;0;1;-1;0;0;-1;0;0;0;-1;1;0;0,7,"3,0,1,4,1,3,2"
1111,0;0;0;0;1;0;0;0;1;-1;0;0;0;0;-1;0;-1;0;0;1;-1;1;1;-1;0,7,"3,0,1,4,1,3,4"
1112,0;1;1;0;-1;-1;0;0;0;0;-1;0;0;1;0;0;0;-1;0;0;1;0;0;0;0,7,"3,0,1,4,3,2,0"
1113,0;0;0;0;-1;0;0;0;0;1;0;0;0;1;1;0;0;-1;0;0;1;-1;-1;0;0,7,"3,0,1,4,3,2,4"
1114,0;0;-1;0;0;0;0;1;0;0;1;-1;0;0;1;0;0;0;0;1;0;0;-1;-1;0,7,"3,0,1,4,3,4,2"
1115,0;-1;1;0;0;1;0;-1;0;1;-1;1;0;0;-1;0;0;0;0;-1;0;-1;1;1;0,7,"3,0,1,4,3,4,3"
1116,0;1;0;0;-1;-1;0;-1;1;0;0;1;0;0;0;0;-1;0;0;1;1;0;0;-1;0,7,"3,0,2,0,1,2,3"
1117,0;0;0;0;1;0;0;-1;0;-1;0;1;0;0;0;0;0;0;0;1;-1;1;0;-1;0,7,"3,0,2,0,1,2,4"
1118,0;1;0;-1;1;-1;0;1;1;0;0;-1;0;0;0;1;-1;0;0;-1;-1;0;0;1;0,7,"3,0,2,0,1,3,4"
1119,0;0;0;0;-1;0;0;1;0;-1;0;-1;0;0;0;0;0;0;0;1;1;1;0;-1;0,7,"3,0,2,0,1,4,0"
1120,0;0;0;0;1;0;0;1;0;-1;0;-1;0;0;0;0;0;0;0;-1;-1;1;0;1;0,7,"3,0,2,0,1,4,3"
1121,0;1;0;0;0;-1;0;0;-1;1;0;0;0;0;-1;0;1;0;0;0;0;-1;1;0;0,7,"3,0,2,0,4,1,4"
1122,0;-1;0;0;0;1;0;0;-1;-1;0;0;0;0;1;0;1;0;0;0;0;1;-1;0;0,7,"3,0,2,3,1,3,4"
1123,0;-1;0;0;0;1;0;0;1;-1;0;0;0;0;-1;0;-1;0;0;0;0;1;1;0;0,7,"3,0,2,3,1,4,2"
1124,0;0;0;0;-1;0;0;-1;0;1;0;1;0;0;0;0;0;0;0;-1;1;-1;0;1;0,7,"3,0,2,3,4,1,4"
1125,0;-1;1;-1;-1;1;0;0;0;0;-1;0;0;0;1;1;0;0;0;0;1;0;-1;0;0,7,"3,0,2,4,1,0,1"
1126,0;1;-1;-1;0;-1;0;0;0;0;1;0;0;0;-1;1;0;0;0;0;0;0;1;0;0,7,"3,0,2,4,1,0,2"
1127,0;1;1;1;-1;-1;0;0;0;0;-1;0;0;0;1;-1;0;0;0;0;1;0;-1;0;0,7,"3,0,2,4,1,0,3"
1128,0;1;0;-1;1;-1;0;0;0;0;0;0;0;0;-1;1;0;0;0;0;-1;0;1;0;0,7,"3,0,2,4,1,0,4"
1129,0;1;0;-1;-1;-1;0;0;1;1;0;0;0;1;0;1;-1;-1;0;0;1;-1;0;0;0,7,"3,0,2,4,1,3,4"
1130,0;0;1;-1;1;0;0;0;-1;1;-1;0;0;0;0;1;1;0;0;-1;-1;-1;0;1;0,7,"3,0,2,4,1,4,0"
1131,0;0;-1;1;-1;0;0;0;1;-1;1;0;0;-1;0;-1;-1;1;0;1;1;1;0;-1;0,7,"3,0,2,4,1,4,1"
1132,0;1;-1;0;1;-1;0;0;1;0;1;0;0;-1;0;0;-1;1;0;0;-1;0;0;0;0,7,"3,0,4,1,0,3,4"
1133,0;1;-1;0;-1;-1;0;1;0;1;1;-1;0;1;0;0;0;-1;0;0;1;-1;0;0;0,7,"3,0,4,1,3,2,4"
1134,0;0;-1;0;1;0;0;-1;1;1;1;1;0;-1;-1;0;-1;1;0;0;-1;-1;1;0;0,7,"3,0,4,1,3,4,0"
1135,0;0;1;0;-1;0;0;1;-1;-1;-1;-1;0;0;1;0;1;0;0;0;1;1;-1;0;0,7,"3,0,4,1,3,4,1"
1136,0;0;-1;0;1;0;0;0;1;-1;1;0;0;1;-1;0;-1;-1;0;1;-1;1;1;-1;0,7,"3,0,4,1,4,0,1"
1137,0;0;1;0;0;0;0;0;-1;1;-1;0;0;-1;1;0;1;1;0;-1;0;-1;-1;1;0,7,"3,0,4,1,4,0,2"
1138,0;0;1;0;-1;0;0;0;-1;0;-1;0;0;-1;1;0;1;1;0;-1;1;0;-1;1;0,7,"3,0,4,1,4,1,3"
1139,0;0;0;0;1;0;0;-1;1;-1;0;1;0;-1;0;0;-1;1;0;1;-1;1;0;-1;0,8,"0,1,0,1,2,4,0,1"
1140,0;0;0;0;-1;0;0;1;0;-1;0;-1;0;1;0;0;0;-1;0;1;1;1;0;-1;0,8,"0,1,0,1,2,4,1,2"
1141,0;0;0;0;-1;0;0;0;-1;0;0;0;0;1;0;0;1;-1;0;-1;1;0;0;1;0,8,"0,1,0,1,2,4,1,3"
1142,0;0;0;0;1;0;0;1;-1;-1;0;-1;0;1;1;0;1;-1;0;0;-1;1;-1;0;0,8,"0,1,0,1,3,4,0,1"
1143,0;0;0;0;-1;0;0;-1;0;0;0;1;0;-1;-1;0;0;1;0;0;1;0;1;0;0,8,"0,1,0,1,3,4,1,2"
1144,0;0;0;0;-1;0;0;0;1;-1;0;0;0;-1;1;0;-1;1;0;0;1;1;-1;0;0,8,"0,1,0,1,3,4,1,3"
1145,0;0;1;-1;0;0;0;-1;1;0;-1;1;0;0;-1;1;-1;0;0;0;0;0;1;0;0,8,"0,1,0,2,0,1,2,3"
1146,0;1;-1;-1;0;-1;0;0;1;1;1;0;0;0;-1;1;-1;0;0;0;0;-1;1;0;0,8,"0,1,0,2,0,1,3,4"
1147,0;0;1;1;-1;0;0;0;-1;1;-1;0;0;0;1;-1;1;0;0;0;1;-1;-1;0;0,8,"0,1,0,2,0,1,4,2"
1148,0;0;0;0;-1;0;0;1;0;0;0;-1;0;-1;1;0;0;1;0;0;1;0;-1;0;0,8,"0,1,0,2,1,2,1,4"
1149,0;0;0;0;-1;0;0;-1;0;0;0;1;0;1;1;0;0;-1;0;0;1;0;-1;0;0,8,"0,1,0,2,1,2,3,4"
1150,0;0;0;-1;0;0;0;-1;1;1;0;1;0;-1;-1;1;-1;1;0;0;0;-1;1;0;0,8,"0,1,0,2,1,3,0,4"
1151,0;0;0;1;0;0;0;1;-1;-1;0;-1;0;0;0;-1;1;0;0;0;0;1;0;0;0,8,"0,1,0,2,1,3,4,1"
1152,0;0;0;1;0;0;0;1;0;0;0;-1;0;1;1;-1;0;-1;0;0;0;0;-1;0;0,8,"0,1,0,2,1,3,4,2"
1153,0;0;-1;0;0;0;0;0;1;0;1;0;0;1;0;0;-1;-1;0;1;0;0;0;-1;0,8,"0,1,0,2,1,4,2,3"
1154,0;0;-1;0;0;0;0;0;0;-1;1;0;0;0;-1;0;0;0;0;1;0;1;1;-1;0,8,"0,1,0,2,1,4,2,4"
1155,0;0;-1;1;0;0;0;1;-1;0;1;-1;0;0;0;-1;1;0;0;-1;0;0;0;1;0,8,"0,1,0,3,0,1,2,3"
1156,0;1;-1;-1;0;-1;0;1;0;1;1;-1;0;0;0;1;0;0;0;-1;0;-1;0;1;0,8,"0,1,0,3,0,1,2,4"
1157,0;0;1;1;-1;0;0;-1;0;1;-1;1;0;0;0;-1;0;0;0;1;1;-1;0;-1;0,8,"0,1,0,3,0,1,4,3"
1158,0;0;-1;0;0;0;0;1;-1;1;1;-1;0;1;0;0;1;-1;0;-1;0;-1;0;1;0,8,"0,1,0,3,1,2,0,4"
1159,0;0;1;0;0;0;0;-1;1;-1;-1;1;0;0;0;0;-1;0;0;0;0;1;0;0;0,8,"0,1,0,3,1,2,4,1"
1160,0;0;1;0;0;0;0;0;1;0;-1;0;0;-1;0;0;-1;1;0;1;0;0;0;-1;0,8,"0,1,0,3,1,2,4,3"
1161,0;0;0;0;-1;0;0;0;1;0;0;0;0;1;0;0;-1;-1;0;1;1;0;0;-1;0,8,"0,1,0,3,1,3,1,4"
1162,0;0;0;0;-1;0;0;0;-1;0;0;0;0;-1;0;0;1;1;0;1;1;0;0;-1;0,8,"0,1,0,3,1,3,2,4"
1163,0;0;0;-1;0;0;0;1;0;0;0;-1;0;-1;1;1;0;1;0;0;0;0;-1;0;0,8,"0,1,0,3,1,4,3,2"
1164,0;0;0;-1;0;0;0;0;0;-1;0;0;0;0;1;1;0;0;0;-1;0;1;-1;1;0,8,"0,1,0,3,1,4,3,4"
1165,0;-1;0;0;0;1;0;0;1;1;0;0;0;0;-1;0;-1;0;0;0;0;-1;1;0;0,8,"0,2,0,1,2,1,3,4"
1166,0;1;0;-1;0;-1;0;0;1;-1;0;0;0;0;-1;1;-1;0;0;1;0;1;1;-1;0,8,"0,2,0,1,2,1,4,1"
1167,0;-1;0;0;0;1;0;0;-1;1;0;0;0;0;1;0;1;0;0;0;0;-1;-1;0;0,8,"0,2,0,1,2,1,4,2"
1168,0;0;0;0;-1;0;0;0;0;-1;0;0;0;1;0;0;0;-1;0;1;1;1;0;-1;0,8,"0,2,0,1,2,3,0,4"
1169,0;0;0;-1;0;0;0;0;-1;0;0;0;0;-1;1;1;1;1;0;-1;0;0;-1;1;0,8,"0,2,0,1,2,3,1,3"
1170,0;0;0;0;1;0;0;0;0;1;0;0;0;1;0;0;0;-1;0;-1;-1;-1;0;1;0,8,"0,2,0,1,2,3,1,4"
1171,0;1;0;-1;-1;-1;0;0;0;0;0;0;0;1;0;1;0;-1;0;0;1;0;0;0;0,8,"0,2,0,1,2,3,4,0"
1172,0;1;0;0;0;-1;0;0;1;1;0;0;0;1;0;0;-1;-1;0;0;0;-1;0;0;0,8,"0,2,0,1,2,3,4,1"
1173,0;0;0;1;-1;0;0;1;-1;1;0;-1;0;0;0;-1;1;0;0;0;1;-1;0;0;0,8,"0,2,0,1,2,4,0,1"
1174,0;0;1;-1;0;0;0;0;-1;0;-1;0;0;1;0;1;1;-1;0;-1;0;0;0;1;0,8,"0,2,0,1,2,4,0,3"
1175,0;0;0;0;1;0;0;-1;0;1;0;1;0;-1;0;0;0;1;0;-1;-1;-1;0;1;0,8,"0,2,0,1,2,4,0,4"
1176,0;0;0;-1;1;0;0;-1;-1;1;0;1;0;0;0;1;1;0;0;-1;-1;-1;0;1;0,8,"0,2,0,1,2,4,1,2"
1177,0;0;0;1;0;0;0;1;1;0;0;-1;0;0;0;-1;-1;0;0;1;0;0;0;-1;0,8,"0,2,0,1,2,4,1,3"
1178,0;1;1;1;0;-1;0;0;0;0;-1;0;0;0;0;-1;0;0;0;1;0;0;0;-1;0,8,"0,2,0,1,3,0,1,3"
1179,0;1;1;0;-1;-1;0;0;0;0;-1;0;0;0;0;0;0;0;0;1;1;0;0;-1;0,8,"0,2,0,1,3,0,1,4"
1180,0;-1;-1;0;-1;1;0;0;0;0;1;0;0;0;0;0;0;0;0;1;1;0;0;-1;0,8,"0,2,0,1,3,0,2,4"
1181,0;-1;1;0;-1;1;0;0;0;0;-1;0;0;0;0;0;0;0;0;-1;1;0;0;1;0,8,"0,2,0,1,3,0,4,3"
1182,0;0;0;0;-1;0;0;0;0;-1;0;0;0;1;1;0;0;-1;0;0;1;1;-1;0;0,8,"0,2,0,1,3,2,0,4"
1183,0;0;-1;1;0;0;0;-1;1;0;1;1;0;-1;-1;-1;-1;1;0;0;0;0;1;0;0,8,"0,2,0,1,3,2,1,2"
1184,0;0;0;0;1;0;0;0;0;1;0;0;0;1;-1;0;0;-1;0;0;-1;-1;1;0;0,8,"0,2,0,1,3,2,1,4"
1185,0;1;-1;0;-1;-1;0;0;0;0;1;0;0;1;0;0;0;-1;0;0;1;0;0;0;0,8,"0,2,0,1,3,2,4,0"
1186,0;1;0;0;0;-1;0;1;0;1;0;-1;0;1;0;0;0;-1;0;0;0;-1;0;0;0,8,"0,2,0,1,3,2,4,1"
1187,0;0;-1;-1;0;0;0;-1;0;0;1;1;0;0;-1;1;0;0;0;0;0;0;1;0;0,8,"0,2,0,1,3,4,0,2"
1188,0;0;1;1;-1;0;0;1;0;-1;-1;-1;0;0;1;-1;0;0;0;0;1;1;-1;0;0,8,"0,2,0,1,3,4,0,3"
1189,0;0;0;-1;1;0;0;0;0;1;0;0;0;0;-1;1;0;0;0;0;-1;-1;1;0;0,8,"0,2,0,1,3,4,0,4"
1190,0;0;0;-1;0;0;0;-1;0;0;0;1;0;1;-1;1;0;-1;0;0;0;0;1;0;0,8,"0,2,0,1,4,0,3,2"
1191,0;0;0;-1;0;0;0;0;0;1;0;0;0;0;-1;1;0;0;0;1;0;-1;1;-1;0,8,"0,2,0,1,4,0,3,4"
1192,0;0;0;0;1;0;0;0;1;0;0;0;0;-1;0;0;-1;1;0;1;-1;0;0;-1;0,8,"0,2,0,1,4,0,4,3"
1193,0;-1;1;-1;0;1;0;-1;0;1;-1;1;0;0;-1;1;0;0;0;0;0;-1;1;0;0,8,"0,2,0,3,4,1,0,4"
1194,0;0;-1;0;0;0;0;-1;0;0;1;1;0;1;-1;0;0;-1;0;1;0;0;1;-1;0,8,"0,2,0,3,4,1,2,0"
1195,0;0;1;0;0;0;0;1;0;0;-1;-1;0;1;-1;0;0;-1;0;1;0;0;1;-1;0,8,"0,2,0,3,4,1,2,1"
1196,0;0;1;0;0;0;0;-1;0;0;-1;1;0;0;1;0;0;0;0;-1;0;0;-1;1;0,8,"0,2,0,3,4,1,2,4"
1197,0;1;1;0;-1;-1;0;0;0;1;-1;0;0;1;1;0;0;-1;0;0;1;-1;-1;0;0,8,"0,2,0,3,4,1,4,2"
1198,0;1;0;0;0;-1;0;0;1;-1;0;0;0;1;-1;0;-1;-1;0;1;0;1;1;-1;0,8,"0,2,0,4,1,0,4,1"
1199,0;-1;0;1;0;1;0;0;-1;1;0;0;0;-1;1;-1;1;1;0;-1;0;-1;-1;1;0,8,"0,2,0,4,1,0,4,2"
1200,0;0;0;-1;0;0;0;0;-1;0;0;0;0;1;-1;1;1;-1;0;0;0;0;1;0;0,8,"0,2,0,4,1,2,3,0"
1201,0;0;0;1;0;0;0;0;1;0;0;0;0;1;-1;-1;-1;-1;0;0;0;0;1;0;0,8,"0,2,0,4,1,2,3,1"
1202,0;0;0;1;0;0;0;0;-1;0;0;0;0;1;1;-1;1;-1;0;0;0;0;-1;0;0,8,"0,2,0,4,1,2,3,4"
1203,0;1;0;1;-1;-1;0;0;0;1;0;0;0;1;0;-1;0;-1;0;1;1;-1;0;-1;0,8,"0,2,0,4,1,4,2,3"
1204,0;1;1;-1;0;-1;0;0;0;0;-1;0;0;0;-1;1;0;0;0;0;0;0;1;0;0,8,"0,2,4,1,0,1,2,0"
1205,0;0;0;-1;0;0;0;0;1;0;0;0;0;1;-1;1;-1;-1;0;0;0;0;1;0;0,8,"0,2,4,1,0,1,2,3"
1206,0;0;-1;0;0;0;0;1;0;0;1;-1;0;1;-1;0;0;-1;0;1;0;0;1;-1;0,8,"0,2,4,1,0,1,3,2"
1207,0;-1;0;0;1;1;0;-1;1;0;0;1;0;-1;-1;0;-1;1;0;0;-1;0;1;0;0,8,"0,2,4,1,0,1,3,4"
1208,0;1;0;0;-1;-1;0;0;-1;1;0;0;0;1;-1;0;1;-1;0;0;1;-1;1;0;0,8,"0,2,4,1,0,1,4,0"
1209,0;-1;0;0;1;1;0;0;-1;0;0;0;0;-1;1;0;1;1;0;-1;-1;0;-1;1;0,8,"0,2,4,1,0,1,4,2"
1210,0;0;1;-1;-1;0;0;0;-1;0;-1;0;0;0;0;1;1;0;0;0;1;0;0;0;0,8,"0,2,4,1,0,3,4,0"
1211,0;0;1;0;0;0;0;0;-1;0;-1;0;0;1;1;0;1;-1;0;0;0;0;-1;0;0,8,"0,2,4,1,0,3,4,2"
1212,0;-1;0;1;-1;1;0;0;0;0;0;0;0;-1;1;-1;0;1;0;0;1;0;-1;0;0,8,"0,2,4,1,0,4,0,2"
1213,0;-1;0;-1;0;1;0;0;0;0;0;0;0;-1;0;1;0;1;0;-1;0;0;0;1;0,8,"0,2,4,1,0,4,0,3"
1214,0;0;0;1;0;0;0;1;-1;0;0;-1;0;1;0;-1;1;-1;0;1;0;0;0;-1;0,8,"0,2,4,1,0,4,2,3"
1215,0;1;0;0;-1;-1;0;0;1;0;0;0;0;0;-1;0;-1;0;0;1;1;0;1;-1;0,8,"0,2,4,1,0,4,2,4"
1216,0;1;1;1;0;-1;0;0;0;0;-1;0;0;0;1;-1;0;0;0;0;0;0;-1;0;0,8,"0,3,0,1,2,0,1,2"
1217,0;1;0;1;-1;-1;0;0;0;0;0;0;0;0;1;-1;0;0;0;0;1;0;-1;0;0,8,"0,3,0,1,2,0,1,4"
1218,0;-1;0;-1;-1;1;0;0;0;0;0;0;0;0;1;1;0;0;0;0;1;0;-1;0;0,8,"0,3,0,1,2,0,3,4"
1219,0;-1;0;1;-1;1;0;0;0;0;0;0;0;0;-1;-1;0;0;0;0;1;0;1;0;0,8,"0,3,0,1,2,0,4,2"
1220,0;0;0;0;-1;0;0;0;0;-1;0;0;0;-1;0;0;0;1;0;1;1;1;0;-1;0,8,"0,3,0,1,2,3,0,4"
1221,0;0;1;-1;0;0;0;1;-1;0;-1;-1;0;1;0;1;1;-1;0;-1;0;0;0;1;0,8,"0,3,0,1,2,3,1,3"
1222,0;0;0;0;1;0;0;0;0;1;0;0;0;-1;0;0;0;1;0;-1;-1;-1;0;1;0,8,"0,3,0,1,2,3,1,4"
1223,0;1;0;-1;-1;-1;0;0;0;0;0;0;0;-1;0;1;0;1;0;0;1;0;0;0;0,8,"0,3,0,1,2,3,4,0"
1224,0;1;0;0;0;-1;0;0;1;1;0;0;0;-1;0;0;-1;1;0;0;0;-1;0;0;0,8,"0,3,0,1,2,3,4,1"
1225,0;0;1;1;-1;0;0;0;1;-1;-1;0;0;0;0;-1;-1;0;0;1;1;1;0;-1;0,8,"0,3,0,1,2,4,0,2"
1226,0;0;-1;-1;0;0;0;0;-1;0;1;0;0;0;0;1;1;0;0;-1;0;0;0;1;0,8,"0,3,0,1,2,4,0,3"
1227,0;0;-1;0;1;0;0;0;0;1;1;0;0;0;0;0;0;0;0;-1;-1;-1;0;1;0,8,"0,3,0,1,2,4,0,4"
1228,0;-1;0;0;0;1;0;1;0;1;0;-1;0;0;0;0;0;0;0;-1;0;-1;0;1;0,8,"0,3,0,1,3,1,2,4"
1229,0;1;-1;0;0;-1;0;1;0;-1;1;-1;0;0;1;0;0;0;0;-1;0;1;-1;1;0,8,"0,3,0,1,3,1,4,1"
1230,0;-1;0;0;0;1;0;-1;0;1;0;1;0;0;0;0;0;0;0;1;0;-1;0;-1;0,8,"0,3,0,1,3,1,4,3"
1231,0;0;0;0;-1;0;0;0;0;-1;0;0;0;-1;1;0;0;1;0;0;1;1;-1;0;0,8,"0,3,0,1,3,2,0,4"
1232,0;0;0;0;1;0;0;0;0;1;0;0;0;-1;-1;0;0;1;0;0;-1;-1;1;0;0,8,"0,3,0,1,3,2,1,4"
1233,0;1;-1;0;-1;-1;0;0;0;0;1;0;0;-1;0;0;0;1;0;0;1;0;0;0;0,8,"0,3,0,1,3,2,4,0"
1234,0;1;0;0;0;-1;0;1;0;1;0;-1;0;-1;0;0;0;1;0;0;0;-1;0;0;0,8,"0,3,0,1,3,2,4,1"
1235,0;0;1;0;-1;0;0;-1;1;1;-1;1;0;0;0;0;-1;0;0;0;1;-1;0;0;0,8,"0,3,0,1,3,4,0,1"
1236,0;0;-1;1;0;0;0;-1;0;0;1;1;0;-1;-1;-1;0;1;0;0;0;0;1;0;0,8,"0,3,0,1,3,4,0,2"
1237,0;0;0;0;1;0;0;0;-1;1;0;0;0;1;-1;0;1;-1;0;0;-1;-1;1;0;0,8,"0,3,0,1,3,4,0,4"
1238,0;0;1;0;0;0;0;1;1;0;-1;-1;0;0;1;0;-1;0;0;0;0;0;-1;0;0,8,"0,3,0,1,3,4,1,2"
1239,0;0;-1;0;1;0;0;-1;-1;1;1;1;0;0;-1;0;1;0;0;0;-1;-1;1;0;0,8,"0,3,0,1,3,4,1,3"
1240,0;0;-1;0;0;0;0;0;-1;0;1;0;0;-1;0;0;1;1;0;-1;0;0;0;1;0,8,"0,3,0,1,4,0,2,3"
1241,0;0;-1;0;0;0;0;0;0;1;1;0;0;0;1;0;0;0;0;-1;0;-1;-1;1;0,8,"0,3,0,1,4,0,2,4"
1242,0;0;0;0;1;0;0;1;0;0;0;-1;0;1;1;0;0;-1;0;0;-1;0;-1;0;0,8,"0,3,0,1,4,0,4,2"
1243,0;-1;-1;1;0;1;0;0;-1;1;1;0;0;0;0;-1;1;0;0;-1;0;-1;0;1;0,8,"0,3,0,2,4,1,0,4"
1244,0;0;0;1;0;0;0;0;1;0;0;0;0;-1;1;-1;-1;1;0;-1;0;0;-1;1;0,8,"0,3,0,2,4,1,3,1"
1245,0;0;0;1;0;0;0;0;-1;0;0;0;0;0;-1;-1;1;0;0;1;0;0;1;-1;0,8,"0,3,0,2,4,1,3,4"
1246,0;1;0;1;-1;-1;0;0;0;1;0;0;0;-1;0;-1;0;1;0;1;1;-1;0;-1;0,8,"0,3,0,2,4,1,4,3"
1247,0;1;0;0;0;-1;0;1;0;-1;0;-1;0;-1;1;0;0;1;0;-1;0;1;-1;1;0,8,"0,3,0,4,1,0,4,1"
1248,0;-1;1;0;0;1;0;-1;0;1;-1;1;0;1;-1;0;0;-1;0;1;0;-1;1;-1;0,8,"0,3,0,4,1,0,4,3"
1249,0;0;-1;0;0;0;0;-1;0;0;1;1;0;-1;0;0;0;1;0;-1;0;0;0;1;0,8,"0,3,0,4,1,3,2,0"
1250,0;0;1;0;0;0;0;1;0;0;-1;-1;0;-1;0;0;0;1;0;-1;0;0;0;1;0,8,"0,3,0,4,1,3,2,1"
1251,0;0;1;0;0;0;0;-1;0;0;-1;1;0;-1;0;0;0;1;0;1;0;0;0;-1;0,8,"0,3,0,4,1,3,2,4"
1252,0;1;1;0;-1;-1;0;0;0;1;-1;0;0;-1;1;0;0;1;0;0;1;-1;-1;0;0,8,"0,3,0,4,1,4,3,2"
1253,0;0;0;-1;0;0;0;0;1;0;0;0;0;-1;1;1;-1;1;0;-1;0;0;-1;1;0,8,"0,3,4,1,0,1,2,3"
1254,0;-1;0;0;1;1;0;1;-1;0;0;-1;0;1;0;0;1;-1;0;-1;-1;0;0;1;0,8,"0,3,4,1,0,1,2,4"
1255,0;1;-1;1;0;-1;0;0;0;0;1;0;0;0;0;-1;0;0;0;-1;0;0;0;1;0,8,"0,3,4,1,0,1,3,0"
1256,0;0;-1;0;0;0;0;1;0;0;1;-1;0;-1;0;0;0;1;0;-1;0;0;0;1;0,8,"0,3,4,1,0,1,3,2"
1257,0;1;0;0;-1;-1;0;-1;0;1;0;1;0;-1;0;0;0;1;0;-1;1;-1;0;1;0,8,"0,3,4,1,0,1,4,0"
1258,0;-1;0;0;1;1;0;-1;0;0;0;1;0;1;-1;0;0;-1;0;1;-1;0;1;-1;0,8,"0,3,4,1,0,1,4,3"
1259,0;0;-1;1;-1;0;0;-1;0;0;1;1;0;0;0;-1;0;0;0;0;1;0;0;0;0,8,"0,3,4,1,0,2,4,0"
1260,0;0;0;1;0;0;0;-1;0;0;0;1;0;-1;0;-1;0;1;0;1;0;0;0;-1;0,8,"0,3,4,1,0,2,4,3"
1261,0;-1;-1;0;0;1;0;0;0;0;1;0;0;1;-1;0;0;-1;0;0;0;0;1;0;0,8,"0,3,4,1,0,4,0,2"
1262,0;-1;1;0;-1;1;0;0;0;0;-1;0;0;1;0;0;0;-1;0;1;1;0;0;-1;0,8,"0,3,4,1,0,4,0,3"
1263,0;0;1;0;0;0;0;-1;1;0;-1;1;0;-1;1;0;-1;1;0;0;0;0;-1;0;0,8,"0,3,4,1,0,4,3,2"
1264,0;1;0;0;-1;-1;0;1;0;0;0;-1;0;0;1;0;0;0;0;-1;1;0;-1;1;0,8,"0,3,4,1,0,4,3,4"
1265,0;1;1;1;0;-1;0;0;0;0;-1;0;0;0;-1;-1;0;0;0;0;0;0;1;0;0,8,"1,0,2,0,1,2,0,1"
1266,0;-1;1;-1;0;1;0;0;0;0;-1;0;0;0;-1;1;0;0;0;0;0;0;1;0;0,8,"1,0,2,0,1,2,0,3"
1267,0;0;-1;1;0;0;0;1;-1;0;1;-1;0;0;1;-1;1;0;0;0;0;0;-1;0;0,8,"1,0,2,0,1,2,3,4"
1268,0;1;-1;1;0;-1;0;0;0;0;1;0;0;0;0;-1;0;0;0;1;0;0;0;-1;0,8,"1,0,2,0,1,3,0,3"
1269,0;1;-1;0;-1;-1;0;0;0;0;1;0;0;0;0;0;0;0;0;1;1;0;0;-1;0,8,"1,0,2,0,1,3,0,4"
1270,0;1;0;-1;-1;-1;0;-1;0;1;0;1;0;0;-1;1;0;0;0;0;1;-1;1;0;0,8,"1,0,2,0,1,3,4,0"
1271,0;-1;0;1;1;1;0;1;-1;-1;0;-1;0;0;1;-1;1;0;0;0;-1;1;-1;0;0,8,"1,0,2,0,1,3,4,2"
1272,0;0;0;1;-1;0;0;1;1;-1;0;-1;0;0;1;-1;-1;0;0;1;1;1;-1;-1;0,8,"1,0,2,0,1,4,0,2"
1273,0;0;0;-1;0;0;0;-1;-1;1;0;1;0;0;-1;1;1;0;0;-1;0;-1;1;1;0,8,"1,0,2,0,1,4,0,3"
1274,0;1;0;-1;-1;-1;0;0;1;1;0;0;0;0;-1;1;-1;0;0;0;1;-1;1;0;0,8,"1,0,2,0,1,4,2,4"
1275,0;0;-1;-1;-1;0;0;0;1;0;1;0;0;0;0;1;-1;0;0;0;1;0;0;0;0,8,"1,0,2,0,3,4,0,2"
1276,0;-1;1;1;-1;1;0;0;-1;0;-1;0;0;0;0;-1;1;0;0;0;1;0;0;0;0,8,"1,0,2,0,3,4,0,3"
1277,0;0;1;-1;1;0;0;0;1;0;-1;0;0;0;0;1;-1;0;0;0;-1;0;0;0;0,8,"1,0,2,0,3,4,0,4"
1278,0;0;-1;0;0;0;0;0;1;0;1;0;0;1;1;0;-1;-1;0;0;0;0;-1;0;0,8,"1,0,2,0,3,4,2,0"
1279,0;0;1;0;0;0;0;0;1;0;-1;0;0;1;-1;0;-1;-1;0;0;0;0;1;0;0,8,"1,0,2,0,3,4,2,4"
1280,0;0;1;-1;-1;0;0;-1;0;0;-1;1;0;1;1;1;0;-1;0;0;1;0;-1;0;0,8,"1,0,2,0,4,0,2,3"
1281,0;0;-1;1;1;0;0;-1;0;0;1;1;0;-1;-1;-1;0;1;0;0;-1;0;1;0;0,8,"1,0,2,0,4,0,2,4"
1282,0;-1;0;0;0;1;0;0;-1;0;0;0;0;-1;0;0;1;1;0;-1;0;0;0;1;0,8,"1,0,2,0,4,0,3,1"
1283,0;0;0;-1;0;0;0;-1;0;0;0;1;0;1;0;1;0;-1;0;1;0;0;0;-1;0,8,"1,0,2,0,4,2,3,0"
1284,0;0;0;1;0;0;0;-1;0;0;0;1;0;1;0;-1;0;-1;0;-1;0;0;0;1;0,8,"1,0,2,0,4,2,3,4"
1285,0;0;0;0;-1;0;0;1;0;-1;0;-1;0;0;1;0;0;0;0;1;1;1;-1;-1;0,8,"1,0,2,0,4,2,4,2"
1286,0;0;0;0;-1;0;0;-1;0;0;0;1;0;0;-1;0;0;0;0;-1;1;0;1;1;0,8,"1,0,2,0,4,2,4,3"
1287,0;0;0;0;-1;0;0;1;0;0;0;-1;0;1;1;0;0;-1;0;0;1;0;-1;0;0,8,"1,0,2,1,2,4,0,4"
1288,0;0;0;0;1;0;0;0;1;0;0;0;0;1;0;0;-1;-1;0;-1;-1;0;0;1;0,8,"1,0,2,1,3,0,1,4"
1289,0;0;0;0;1;0;0;0;-1;0;0;0;0;-1;0;0;1;1;0;-1;-1;0;0;1;0,8,"1,0,2,1,3,0,2,4"
1290,0;-1;1;1;-1;1;0;0;0;0;-1;0;0;0;1;-1;0;0;0;0;1;0;-1;0;0,8,"1,0,2,1,4,0,2,0"
1291,0;0;-1;1;0;0;0;1;-1;0;1;-1;0;0;0;-1;1;0;0;1;0;0;0;-1;0,8,"1,0,2,1,4,0,2,3"
1292,0;1;-1;0;-1;-1;0;1;1;0;1;-1;0;0;0;0;-1;0;0;1;1;0;0;-1;0,8,"1,0,2,1,4,0,2,4"
1293,0;1;-1;-1;0;-1;0;0;0;0;1;0;0;0;0;1;0;0;0;1;0;0;0;-1;0,8,"1,0,2,1,4,0,3,0"
1294,0;0;-1;0;1;0;0;-1;1;0;1;1;0;0;-1;0;-1;0;0;1;-1;0;1;-1;0,8,"1,0,2,1,4,0,4,0"
1295,0;0;1;0;-1;0;0;-1;-1;1;-1;1;0;0;0;0;1;0;0;-1;1;-1;0;1;0,8,"1,0,2,1,4,0,4,3"
1296,0;-1;1;0;0;1;0;-1;0;0;-1;1;0;-1;1;0;0;1;0;0;0;0;-1;0;0,8,"1,0,2,4,0,4,0,2"
1297,0;0;-1;0;1;0;0;0;1;0;1;0;0;-1;0;0;-1;1;0;-1;-1;0;0;1;0,8,"1,0,2,4,0,4,0,3"
1298,0;0;-1;0;0;0;0;0;1;0;1;0;0;1;-1;0;-1;-1;0;0;0;0;1;0;0,8,"1,0,2,4,0,4,3,2"
1299,0;1;1;-1;0;-1;0;0;0;0;-1;0;0;0;1;1;0;0;0;0;0;0;-1;0;0,8,"1,0,3,0,1,2,0,2"
1300,0;1;0;-1;-1;-1;0;0;0;0;0;0;0;0;1;1;0;0;0;0;1;0;-1;0;0,8,"1,0,3,0,1,2,0,4"
1301,0;0;1;-1;0;0;0;-1;1;0;-1;1;0;0;0;1;-1;0;0;1;0;0;0;-1;0,8,"1,0,3,0,1,2,3,4"
1302,0;1;-1;0;-1;-1;0;0;-1;1;1;0;0;0;0;0;1;0;0;-1;1;-1;0;1;0,8,"1,0,3,0,1,2,4,0"
1303,0;-1;1;0;1;1;0;-1;1;-1;-1;1;0;0;0;0;-1;0;0;1;-1;1;0;-1;0,8,"1,0,3,0,1,2,4,3"
1304,0;1;1;1;0;-1;0;0;0;0;-1;0;0;0;0;-1;0;0;0;-1;0;0;0;1;0,8,"1,0,3,0,1,3,0,1"
1305,0;-1;-1;1;0;1;0;0;0;0;1;0;0;0;0;-1;0;0;0;-1;0;0;0;1;0,8,"1,0,3,0,1,3,0,2"
1306,0;0;-1;0;0;0;0;-1;-1;1;1;1;0;0;-1;0;1;0;0;-1;0;-1;1;1;0,8,"1,0,3,0,1,4,0,2"
1307,0;0;1;0;-1;0;0;1;1;-1;-1;-1;0;0;1;0;-1;0;0;1;1;1;-1;-1;0,8,"1,0,3,0,1,4,0,3"
1308,0;1;-1;0;-1;-1;0;1;0;1;1;-1;0;0;0;0;0;0;0;-1;1;-1;0;1;0,8,"1,0,3,0,1,4,3,4"
1309,0;-1;1;1;-1;1;0;-1;0;0;-1;1;0;0;0;-1;0;0;0;0;1;0;0;0;0,8,"1,0,3,0,2,4,0,2"
1310,0;0;-1;-1;-1;0;0;1;0;0;1;-1;0;0;0;1;0;0;0;0;1;0;0;0;0,8,"1,0,3,0,2,4,0,3"
1311,0;0;-1;1;1;0;0;1;0;0;1;-1;0;0;0;-1;0;0;0;0;-1;0;0;0;0,8,"1,0,3,0,2,4,0,4"
1312,0;0;0;-1;0;0;0;1;0;0;0;-1;0;-1;0;1;0;1;0;1;0;0;0;-1;0,8,"1,0,3,0,2,4,3,0"
1313,0;0;0;1;0;0;0;1;0;0;0;-1;0;-1;0;-1;0;1;0;-1;0;0;0;1;0,8,"1,0,3,0,2,4,3,4"
1314,0;-1;0;0;0;1;0;-1;0;0;0;1;0;1;-1;0;0;-1;0;0;0;0;1;0;0,8,"1,0,3,0,4,0,2,1"
1315,0;0;-1;1;-1;0;0;0;-1;0;1;0;0;-1;0;-1;1;1;0;1;1;0;0;-1;0,8,"1,0,3,0,4,0,3,2"
1316,0;0;1;-1;1;0;0;0;-1;0;-1;0;0;1;0;1;1;-1;0;-1;-1;0;0;1;0,8,"1,0,3,0,4,0,3,4"
1317,0;0;-1;0;0;0;0;0;-1;0;1;0;0;-1;1;0;1;1;0;0;0;0;-1;0;0,8,"1,0,3,0,4,3,2,0"
1318,0;0;1;0;0;0;0;0;-1;0;-1;0;0;-1;-1;0;1;1;0;0;0;0;1;0;0,8,"1,0,3,0,4,3,2,4"
1319,0;0;0;0;-1;0;0;0;-1;0;0;0;0;0;-1;0;1;0;0;-1;1;0;1;1;0,8,"1,0,3,0,4,3,4,2"
1320,0;0;0;0;-1;0;0;0;1;-1;0;0;0;0;1;0;-1;0;0;1;1;1;-1;-1;0,8,"1,0,3,0,4,3,4,3"
1321,0;0;0;0;1;0;0;1;0;0;0;-1;0;-1;-1;0;0;1;0;0;-1;0;1;0;0,8,"1,0,3,1,2,0,1,4"
1322,0;0;0;0;1;0;0;-1;0;0;0;1;0;1;-1;0;0;-1;0;0;-1;0;1;0;0,8,"1,0,3,1,2,0,3,4"
1323,0;0;0;0;-1;0;0;0;1;0;0;0;0;-1;0;0;-1;1;0;1;1;0;0;-1;0,8,"1,0,3,1,3,4,0,4"
1324,0;1;-1;-1;0;-1;0;0;0;0;1;0;0;0;1;1;0;0;0;0;0;0;-1;0;0,8,"1,0,3,1,4,0,2,0"
1325,0;0;1;-1;0;0;0;-1;1;0;-1;1;0;0;1;1;-1;0;0;0;0;0;-1;0;0,8,"1,0,3,1,4,0,2,3"
1326,0;-1;1;1;-1;1;0;0;0;0;-1;0;0;0;0;-1;0;0;0;1;1;0;0;-1;0,8,"1,0,3,1,4,0,3,0"
1327,0;1;0;-1;-1;-1;0;1;1;0;0;-1;0;0;1;1;-1;0;0;0;1;0;-1;0;0,8,"1,0,3,1,4,0,3,4"
1328,0;0;0;-1;1;0;0;1;-1;0;0;-1;0;0;1;1;1;0;0;-1;-1;0;-1;1;0,8,"1,0,3,1,4,0,4,0"
1329,0;0;0;1;-1;0;0;-1;-1;1;0;1;0;0;-1;-1;1;0;0;0;1;-1;1;0;0,8,"1,0,3,1,4,0,4,2"
1330,0;0;0;-1;1;0;0;1;0;0;0;-1;0;1;-1;1;0;-1;0;0;-1;0;1;0;0,8,"1,0,3,4,0,4,0,2"
1331,0;-1;0;1;0;1;0;0;-1;0;0;0;0;1;0;-1;1;-1;0;1;0;0;0;-1;0,8,"1,0,3,4,0,4,0,3"
1332,0;0;0;-1;0;0;0;1;0;0;0;-1;0;-1;0;1;0;1;0;-1;0;0;0;1;0,8,"1,0,3,4,0,4,2,3"
1333,0;1;-1;0;0;-1;0;0;1;0;1;0;0;0;-1;0;-1;0;0;1;0;0;1;-1;0,8,"1,0,4,0,2,0,1,4"
1334,0;-1;1;1;-1;1;0;0;-1;0;-1;0;0;0;1;-1;1;0;0;1;1;0;-1;-1;0,8,"1,0,4,0,2,0,4,2"
1335,0;0;-1;-1;1;0;0;0;1;0;1;0;0;0;-1;1;-1;0;0;-1;-1;0;1;1;0,8,"1,0,4,0,2,0,4,3"
1336,0;1;-1;0;0;-1;0;0;0;0;1;0;0;1;1;0;0;-1;0;0;0;0;-1;0;0,8,"1,0,4,0,2,4,2,3"
1337,0;1;-1;0;0;-1;0;0;0;0;1;0;0;-1;-1;0;0;1;0;0;0;0;1;0;0,8,"1,0,4,0,2,4,2,4"
1338,0;1;0;-1;0;-1;0;1;0;0;0;-1;0;0;1;1;0;0;0;-1;0;0;-1;1;0,8,"1,0,4,0,3,0,1,4"
1339,0;0;-1;-1;1;0;0;1;0;0;1;-1;0;0;-1;1;0;0;0;-1;-1;0;1;1;0,8,"1,0,4,0,3,0,4,2"
1340,0;-1;1;1;-1;1;0;-1;0;0;-1;1;0;0;1;-1;0;0;0;1;1;0;-1;-1;0,8,"1,0,4,0,3,0,4,3"
1341,0;1;0;-1;0;-1;0;0;0;0;0;0;0;-1;0;1;0;1;0;1;0;0;0;-1;0,8,"1,0,4,0,3,4,3,2"
1342,0;1;0;-1;0;-1;0;0;0;0;0;0;0;1;0;1;0;-1;0;-1;0;0;0;1;0,8,"1,0,4,0,3,4,3,4"
1343,0;1;0;0;0;-1;0;0;0;-1;0;0;0;0;-1;0;0;0;0;-1;0;1;1;1;0,8,"1,0,4,0,4,0,1,4"
1344,0;1;-1;1;0;-1;0;0;0;0;1;0;0;0;-1;-1;0;0;0;0;0;0;1;0;0,8,"1,2,0,1,2,0,1,4"
1345,0;-1;-1;-1;0;1;0;0;0;0;1;0;0;0;-1;1;0;0;0;0;0;0;1;0;0,8,"1,2,0,1,2,0,3,4"
1346,0;0;0;0;-1;0;0;0;1;1;0;0;0;0;-1;0;-1;0;0;0;1;-1;1;0;0,8,"1,2,0,1,3,1,2,4"
1347,0;-1;1;0;-1;1;0;-1;-1;0;-1;1;0;0;1;0;1;0;0;0;1;0;-1;0;0,8,"1,2,0,1,3,1,3,4"
1348,0;1;-1;0;1;-1;0;0;1;0;1;0;0;0;0;0;-1;0;0;0;-1;0;0;0;0,8,"1,2,0,1,3,1,4,0"
1349,0;0;-1;0;0;0;0;1;1;0;1;-1;0;0;-1;0;-1;0;0;0;0;0;1;0;0,8,"1,2,0,1,3,1,4,2"
1350,0;1;-1;0;0;-1;0;1;0;-1;1;-1;0;0;1;0;0;0;0;1;0;1;-1;-1;0,8,"1,2,0,1,3,2,4,2"
1351,0;0;1;0;0;0;0;-1;0;0;-1;1;0;0;-1;0;0;0;0;-1;0;0;1;1;0,8,"1,2,0,1,3,2,4,3"
1352,0;1;0;-1;0;-1;0;-1;1;1;0;1;0;0;0;1;-1;0;0;0;0;-1;0;0;0,8,"1,2,0,1,3,4,0,1"
1353,0;-1;0;0;1;1;0;-1;0;0;0;1;0;-1;-1;0;0;1;0;0;-1;0;1;0;0,8,"1,2,0,1,3,4,0,2"
1354,0;0;0;0;-1;0;0;0;-1;1;0;0;0;1;-1;0;1;-1;0;0;1;-1;1;0;0,8,"1,2,0,1,3,4,0,4"
1355,0;-1;0;0;0;1;0;1;0;-1;0;-1;0;-1;0;0;0;1;0;0;0;1;0;0;0,8,"1,2,0,1,3,4,2,1"
1356,0;0;0;0;1;0;0;0;0;-1;0;0;0;-1;1;0;0;1;0;0;-1;1;-1;0;0,8,"1,2,0,1,3,4,2,4"
1357,0;1;0;0;0;-1;0;0;-1;1;0;0;0;1;-1;0;1;-1;0;0;0;-1;1;0;0,8,"1,2,0,1,4,0,1,2"
1358,0;1;0;0;0;-1;0;0;1;0;0;0;0;1;0;0;-1;-1;0;1;0;0;0;-1;0,8,"1,2,0,1,4,0,1,3"
1359,0;-1;0;0;1;1;0;0;-1;0;0;0;0;-1;0;0;1;1;0;-1;-1;0;0;1;0,8,"1,2,0,1,4,0,2,3"
1360,0;0;1;0;-1;0;0;0;0;1;-1;0;0;0;1;0;0;0;0;-1;1;-1;-1;1;0,8,"1,2,0,1,4,0,2,4"
1361,0;-1;0;0;0;1;0;0;1;-1;0;0;0;-1;0;0;-1;1;0;0;0;1;0;0;0,8,"1,2,0,1,4,2,3,1"
1362,0;0;0;0;1;0;0;0;0;-1;0;0;0;-1;0;0;0;1;0;1;-1;1;0;-1;0,8,"1,2,0,1,4,2,3,4"
1363,0;1;0;-1;1;-1;0;0;1;0;0;0;0;0;-1;1;-1;0;0;-1;-1;0;1;1;0,8,"1,2,0,1,4,2,4,2"
1364,0;0;0;1;0;0;0;0;-1;0;0;0;0;0;1;-1;1;0;0;1;0;0;-1;-1;0,8,"1,2,0,1,4,2,4,3"
1365,0;1;0;0;0;-1;0;0;-1;-1;0;0;0;0;1;0;1;0;0;0;0;1;-1;0;0,8,"1,2,0,2,3,1,2,4"
1366,0;0;0;0;1;0;0;0;-1;0;0;0;0;0;-1;0;1;0;0;-1;-1;0;1;1;0,8,"1,2,0,3,0,1,4,2"
1367,0;0;0;0;1;0;0;0;1;-1;0;0;0;0;1;0;-1;0;0;1;-1;1;-1;-1;0,8,"1,2,0,3,0,1,4,3"
1368,0;0;0;0;-1;0;0;0;1;0;0;0;0;0;-1;0;-1;0;0;-1;1;0;1;1;0,8,"1,2,0,3,0,4,0,2"
1369,0;0;0;0;-1;0;0;0;-1;0;0;0;0;0;1;0;1;0;0;1;1;0;-1;-1;0,8,"1,2,0,3,0,4,0,3"
1370,0;0;0;0;1;0;0;0;-1;0;0;0;0;0;-1;0;1;0;0;1;-1;0;1;-1;0,8,"1,2,0,3,0,4,2,3"
1371,0;0;0;0;1;0;0;0;1;0;0;0;0;0;1;0;-1;0;0;1;-1;0;-1;-1;0,8,"1,2,0,3,0,4,3,1"
1372,0;0;1;1;1;0;0;0;-1;0;-1;0;0;0;0;-1;1;0;0;0;-1;0;0;0;0,8,"1,2,0,3,1,4,0,2"
1373,0;1;-1;-1;1;-1;0;0;1;0;1;0;0;0;0;1;-1;0;0;0;-1;0;0;0;0,8,"1,2,0,3,1,4,0,3"
1374,0;0;-1;1;-1;0;0;0;-1;0;1;0;0;0;0;-1;1;0;0;0;1;0;0;0;0,8,"1,2,0,3,1,4,0,4"
1375,0;0;0;0;1;0;0;0;-1;1;0;0;0;0;-1;0;1;0;0;-1;-1;-1;1;1;0,8,"1,2,0,3,2,4,0,3"
1376,0;0;0;0;-1;0;0;0;-1;1;0;0;0;0;1;0;1;0;0;-1;1;-1;-1;1;0,8,"1,2,0,3,2,4,2,3"
1377,0;0;0;0;-1;0;0;0;1;-1;0;0;0;0;-1;0;-1;0;0;0;1;1;1;0;0,8,"1,2,0,3,2,4,3,1"
1378,0;0;1;-1;1;0;0;0;-1;0;-1;0;0;0;0;1;1;0;0;0;-1;0;0;0;0,8,"1,2,0,3,4,0,2,3"
1379,0;0;1;1;-1;0;0;0;1;0;-1;0;0;0;0;-1;-1;0;0;0;1;0;0;0;0,8,"1,2,0,3,4,0,2,4"
1380,0;0;1;1;-1;0;0;0;-1;0;-1;0;0;0;1;-1;1;0;0;1;1;0;-1;-1;0,8,"1,2,0,3,4,0,3,0"
1381,0;0;-1;-1;1;0;0;0;1;0;1;0;0;0;0;1;-1;0;0;0;-1;0;0;0;0,8,"1,2,0,3,4,0,3,1"
1382,0;0;-1;-1;-1;0;0;0;-1;0;1;0;0;0;0;1;1;0;0;0;1;0;0;0;0,8,"1,2,0,3,4,0,3,4"
1383,0;0;1;-1;1;0;0;0;1;0;-1;0;0;1;0;1;-1;-1;0;-1;-1;0;0;1;0,8,"1,2,0,3,4,0,4,0"
1384,0;0;1;-1;0;0;0;0;1;0;-1;0;0;1;-1;1;-1;-1;0;1;0;0;1;-1;0,8,"1,2,0,3,4,2,4,2"
1385,0;-1;-1;1;1;1;0;0;0;0;1;0;0;-1;-1;-1;0;1;0;0;-1;0;1;0;0,8,"1,2,0,4,0,1,2,3"
1386,0;-1;1;-1;-1;1;0;0;0;0;-1;0;0;1;1;1;0;-1;0;0;1;0;-1;0;0,8,"1,2,0,4,0,1,2,4"
1387,0;-1;0;1;0;1;0;0;0;0;0;0;0;-1;0;-1;0;1;0;1;0;0;0;-1;0,8,"1,2,0,4,0,1,3,2"
1388,0;-1;0;1;0;1;0;0;0;0;0;0;0;1;0;-1;0;-1;0;-1;0;0;0;1;0,8,"1,2,0,4,0,1,3,4"
1389,0;-1;1;-1;-1;1;0;-1;0;0;-1;1;0;0;0;1;0;0;0;0;1;0;0;0;0,8,"1,2,0,4,0,2,3,0"
1390,0;1;0;1;-1;-1;0;0;0;0;0;0;0;-1;1;-1;0;1;0;0;1;0;-1;0;0,8,"1,2,0,4,0,2,3,4"
1391,0;-1;-1;1;1;1;0;0;-1;-1;1;0;0;0;0;-1;1;0;0;0;-1;1;0;0;0,8,"1,2,0,4,0,2,4,0"
1392,0;-1;0;-1;0;1;0;0;0;0;0;0;0;-1;0;1;0;1;0;1;0;0;0;-1;0,8,"1,2,0,4,0,3,0,2"
1393,0;-1;0;-1;0;1;0;0;0;0;0;0;0;1;0;1;0;-1;0;-1;0;0;0;1;0,8,"1,2,0,4,0,3,0,4"
1394,0;0;0;1;0;0;0;1;-1;0;0;-1;0;0;0;-1;1;0;0;-1;0;0;0;1;0,8,"1,2,0,4,2,3,0,1"
1395,0;0;1;-1;0;0;0;0;-1;0;-1;0;0;1;-1;1;1;-1;0;1;0;0;1;-1;0,8,"1,2,0,4,2,3,0,3"
1396,0;0;0;-1;0;0;0;-1;-1;0;0;1;0;0;0;1;1;0;0;-1;0;0;0;1;0,8,"1,2,0,4,2,3,1,2"
1397,0;0;0;1;-1;0;0;1;1;-1;0;-1;0;0;0;-1;-1;0;0;1;1;1;0;-1;0,8,"1,2,0,4,2,3,1,3"
1398,0;0;0;-1;0;0;0;1;-1;0;0;-1;0;0;0;1;1;0;0;1;0;0;0;-1;0,8,"1,2,0,4,2,3,1,4"
1399,0;-1;0;1;0;1;0;0;-1;1;0;0;0;1;0;-1;1;-1;0;-1;0;-1;0;1;0,8,"1,2,0,4,2,3,4,3"
1400,0;1;0;0;-1;-1;0;0;-1;1;0;0;0;0;-1;0;1;0;0;-1;1;-1;1;1;0,8,"1,2,0,4,2,4,0,2"
1401,0;1;0;0;-1;-1;0;0;1;0;0;0;0;0;1;0;-1;0;0;1;1;0;-1;-1;0,8,"1,2,0,4,2,4,0,3"
1402,0;-1;0;0;1;1;0;0;1;-1;0;0;0;0;-1;0;-1;0;0;1;-1;1;1;-1;0,8,"1,2,0,4,2,4,2,3"
1403,0;1;0;0;0;-1;0;0;-1;1;0;0;0;0;1;0;1;0;0;0;0;-1;-1;0;0,8,"1,2,0,4,2,4,3,1"
1404,0;0;1;1;-1;0;0;-1;0;0;-1;1;0;0;1;-1;0;0;0;1;1;0;-1;-1;0,8,"1,2,3,0,2,0,4,2"
1405,0;1;-1;-1;1;-1;0;1;0;0;1;-1;0;0;-1;1;0;0;0;-1;-1;0;1;1;0,8,"1,2,3,0,2,0,4,3"
1406,0;-1;-1;0;0;1;0;0;0;0;1;0;0;1;1;0;0;-1;0;0;0;0;-1;0;0,8,"1,2,3,0,2,4,2,3"
1407,0;-1;-1;0;0;1;0;0;0;0;1;0;0;-1;-1;0;0;1;0;0;0;0;1;0;0,8,"1,2,3,0,2,4,2,4"
1408,0;1;-1;-1;1;-1;0;0;1;0;1;0;0;0;-1;1;-1;0;0;-1;-1;0;1;1;0,8,"1,2,3,0,3,0,4,2"
1409,0;-1;1;0;0;1;0;0;0;0;-1;0;0;-1;-1;0;0;1;0;0;0;0;1;0;0,8,"1,2,3,0,3,4,2,3"
1410,0;-1;1;0;0;1;0;0;0;0;-1;0;0;1;1;0;0;-1;0;0;0;0;-1;0;0,8,"1,2,3,0,3,4,2,4"
1411,0;0;0;0;-1;0;0;1;0;-1;0;-1;0;0;1;0;0;0;0;-1;1;1;-1;1;0,8,"1,2,4,0,1,2,0,4"
1412,0;1;-1;1;-1;-1;0;1;0;0;1;-1;0;0;0;-1;0;0;0;0;1;0;0;0;0,8,"1,2,4,0,1,2,4,0"
1413,0;-1;0;1;0;1;0;0;0;-1;0;0;0;-1;0;-1;0;1;0;1;0;1;0;-1;0,8,"1,2,4,0,1,2,4,3"
1414,0;1;-1;0;0;-1;0;0;0;0;1;0;0;1;-1;0;0;-1;0;0;0;0;1;0;0,8,"1,2,4,0,1,4,0,2"
1415,0;1;1;0;-1;-1;0;0;0;0;-1;0;0;1;0;0;0;-1;0;1;1;0;0;-1;0,8,"1,2,4,0,1,4,0,3"
1416,0;-1;1;0;0;1;0;0;0;-1;-1;0;0;-1;1;0;0;1;0;0;0;1;-1;0;0,8,"1,2,4,0,1,4,3,2"
1417,0;0;0;0;-1;0;0;-1;0;1;0;1;0;0;-1;0;0;0;0;1;1;-1;1;-1;0,8,"1,2,4,0,2,3,4,0"
1418,0;0;0;0;1;0;0;1;0;0;0;-1;0;0;1;0;0;0;0;1;-1;0;-1;-1;0,8,"1,2,4,0,2,3,4,2"
1419,0;0;0;0;1;0;0;-1;0;1;0;1;0;0;-1;0;0;0;0;-1;-1;-1;1;1;0,8,"1,2,4,0,2,3,4,3"
1420,0;0;1;1;-1;0;0;0;-1;1;-1;0;0;0;0;-1;1;0;0;0;1;-1;0;0;0,8,"1,2,4,0,2,4,0,2"
1421,0;1;-1;-1;-1;-1;0;0;1;1;1;0;0;0;0;1;-1;0;0;0;1;-1;0;0;0,8,"1,2,4,0,2,4,0,3"
1422,0;0;0;1;0;0;0;1;-1;0;0;-1;0;0;0;-1;1;0;0;1;0;0;0;-1;0,8,"1,2,4,0,2,4,3,1"
1423,0;0;-1;0;0;0;0;-1;1;1;1;1;0;-1;-1;0;-1;1;0;0;0;-1;1;0;0,8,"1,2,4,0,4,0,2,3"
1424,0;0;-1;0;0;0;0;1;-1;-1;1;-1;0;1;1;0;1;-1;0;0;0;1;-1;0;0,8,"1,2,4,0,4,0,2,4"
1425,0;0;-1;1;-1;0;0;0;1;0;1;0;0;-1;0;-1;-1;1;0;1;1;0;0;-1;0,8,"1,2,4,0,4,0,3,2"
1426,0;-1;0;1;-1;1;0;-1;-1;0;0;1;0;0;0;-1;1;0;0;1;1;0;0;-1;0,8,"1,3,0,1,2,1,2,4"
1427,0;0;0;0;-1;0;0;1;0;1;0;-1;0;0;0;0;0;0;0;-1;1;-1;0;1;0,8,"1,3,0,1,2,1,3,4"
1428,0;1;0;-1;1;-1;0;1;0;0;0;-1;0;0;0;1;0;0;0;0;-1;0;0;0;0,8,"1,3,0,1,2,1,4,0"
1429,0;0;0;-1;0;0;0;1;1;0;0;-1;0;0;0;1;-1;0;0;-1;0;0;0;1;0,8,"1,3,0,1,2,1,4,3"
1430,0;0;0;1;0;0;0;0;-1;0;0;0;0;0;-1;-1;1;0;0;-1;0;0;1;1;0,8,"1,3,0,1,2,3,4,2"
1431,0;1;0;-1;0;-1;0;0;1;-1;0;0;0;0;1;1;-1;0;0;1;0;1;-1;-1;0,8,"1,3,0,1,2,3,4,3"
1432,0;1;-1;0;0;-1;0;1;-1;1;1;-1;0;0;0;0;1;0;0;0;0;-1;0;0;0,8,"1,3,0,1,2,4,0,1"
1433,0;-1;0;0;1;1;0;0;-1;0;0;0;0;1;0;0;1;-1;0;-1;-1;0;0;1;0,8,"1,3,0,1,2,4,0,3"
1434,0;0;0;0;-1;0;0;-1;0;1;0;1;0;-1;0;0;0;1;0;-1;1;-1;0;1;0,8,"1,3,0,1,2,4,0,4"
1435,0;-1;0;0;0;1;0;0;1;-1;0;0;0;1;0;0;-1;-1;0;0;0;1;0;0;0,8,"1,3,0,1,2,4,3,1"
1436,0;0;0;0;1;0;0;0;0;-1;0;0;0;1;0;0;0;-1;0;1;-1;1;0;-1;0,8,"1,3,0,1,2,4,3,4"
1437,0;1;1;-1;0;-1;0;0;0;0;-1;0;0;0;0;1;0;0;0;-1;0;0;0;1;0,8,"1,3,0,1,3,0,1,4"
1438,0;-1;-1;-1;0;1;0;0;0;0;1;0;0;0;0;1;0;0;0;-1;0;0;0;1;0,8,"1,3,0,1,3,0,2,4"
1439,0;1;0;0;0;-1;0;1;0;0;0;-1;0;-1;1;0;0;1;0;0;0;0;-1;0;0,8,"1,3,0,1,4,0,1,2"
1440,0;1;0;0;0;-1;0;-1;0;1;0;1;0;-1;0;0;0;1;0;-1;0;-1;0;1;0,8,"1,3,0,1,4,0,1,3"
1441,0;-1;0;0;1;1;0;-1;0;0;0;1;0;1;-1;0;0;-1;0;0;-1;0;1;0;0,8,"1,3,0,1,4,0,3,2"
1442,0;0;0;1;-1;0;0;0;0;1;0;0;0;0;-1;-1;0;0;0;1;1;-1;1;-1;0,8,"1,3,0,1,4,0,3,4"
1443,0;-1;0;0;0;1;0;1;0;-1;0;-1;0;1;0;0;0;-1;0;0;0;1;0;0;0,8,"1,3,0,1,4,3,2,1"
1444,0;0;0;0;1;0;0;0;0;-1;0;0;0;1;1;0;0;-1;0;0;-1;1;-1;0;0,8,"1,3,0,1,4,3,2,4"
1445,0;0;1;0;0;0;0;-1;0;0;-1;1;0;0;1;0;0;0;0;1;0;0;-1;-1;0,8,"1,3,0,1,4,3,4,2"
1446,0;1;-1;0;1;-1;0;1;0;0;1;-1;0;0;-1;0;0;0;0;-1;-1;0;1;1;0,8,"1,3,0,1,4,3,4,3"
1447,0;0;0;0;1;0;0;1;0;-1;0;-1;0;0;1;0;0;0;0;1;-1;1;-1;-1;0,8,"1,3,0,2,0,1,4,2"
1448,0;0;0;0;1;0;0;-1;0;0;0;1;0;0;-1;0;0;0;0;-1;-1;0;1;1;0,8,"1,3,0,2,0,1,4,3"
1449,0;0;0;0;-1;0;0;-1;0;0;0;1;0;0;1;0;0;0;0;1;1;0;-1;-1;0,8,"1,3,0,2,0,4,0,2"
1450,0;0;0;0;-1;0;0;1;0;0;0;-1;0;0;-1;0;0;0;0;-1;1;0;1;1;0,8,"1,3,0,2,0,4,0,3"
1451,0;0;0;0;1;0;0;-1;0;0;0;1;0;0;1;0;0;0;0;-1;-1;0;-1;1;0,8,"1,3,0,2,0,4,2,3"
1452,0;1;-1;-1;1;-1;0;1;0;0;1;-1;0;0;0;1;0;0;0;0;-1;0;0;0;0,8,"1,3,0,2,1,4,0,2"
1453,0;0;1;1;1;0;0;-1;0;0;-1;1;0;0;0;-1;0;0;0;0;-1;0;0;0;0,8,"1,3,0,2,1,4,0,3"
1454,0;0;1;-1;-1;0;0;-1;0;0;-1;1;0;0;0;1;0;0;0;0;1;0;0;0;0,8,"1,3,0,2,1,4,0,4"
1455,0;0;0;0;-1;0;0;1;0;-1;0;-1;0;0;0;0;0;0;0;-1;1;1;0;1;0,8,"1,3,0,2,3,4,2,1"
1456,0;0;-1;-1;1;0;0;1;0;0;1;-1;0;0;0;1;0;0;0;0;-1;0;0;0;0,8,"1,3,0,2,4,0,2,1"
1457,0;0;-1;1;1;0;0;-1;0;0;1;1;0;0;0;-1;0;0;0;0;-1;0;0;0;0,8,"1,3,0,2,4,0,2,3"
1458,0;0;-1;-1;-1;0;0;-1;0;0;1;1;0;0;0;1;0;0;0;0;1;0;0;0;0,8,"1,3,0,2,4,0,2,4"
1459,0;0;1;1;-1;0;0;1;0;0;-1;-1;0;0;0;-1;0;0;0;0;1;0;0;0;0,8,"1,3,0,2,4,0,3,4"
1460,0;0;-1;1;1;0;0;1;0;0;1;-1;0;-1;-1;-1;0;1;0;0;-1;0;1;0;0,8,"1,3,0,2,4,0,4,0"
1461,0;0;-1;1;0;0;0;1;0;0;1;-1;0;-1;1;-1;0;1;0;-1;0;0;-1;1;0,8,"1,3,0,2,4,3,4,3"
1462,0;1;0;0;0;-1;0;-1;0;-1;0;1;0;0;0;0;0;0;0;1;0;1;0;-1;0,8,"1,3,0,3,2,1,3,4"
1463,0;-1;1;-1;1;1;0;0;0;0;-1;0;0;1;0;1;0;-1;0;-1;-1;0;0;1;0,8,"1,3,0,4,0,1,3,2"
1464,0;-1;-1;1;-1;1;0;0;0;0;1;0;0;-1;0;-1;0;1;0;1;1;0;0;-1;0,8,"1,3,0,4,0,1,3,4"
1465,0;-1;-1;1;-1;1;0;0;-1;0;1;0;0;0;0;-1;1;0;0;0;1;0;0;0;0,8,"1,3,0,4,0,3,2,0"
1466,0;-1;1;-1;1;1;0;-1;0;-1;-1;1;0;0;0;1;0;0;0;0;-1;1;0;0;0,8,"1,3,0,4,0,3,4,0"
1467,0;0;1;0;0;0;0;-1;1;0;-1;1;0;0;-1;0;-1;0;0;0;0;0;1;0;0,8,"1,3,0,4,3,2,0,1"
1468,0;0;-1;1;0;0;0;-1;0;0;1;1;0;-1;1;-1;0;1;0;-1;0;0;-1;1;0,8,"1,3,0,4,3,2,0,2"
1469,0;0;1;0;-1;0;0;1;1;-1;-1;-1;0;0;1;0;-1;0;0;0;1;1;-1;0;0,8,"1,3,0,4,3,2,1,2"
1470,0;0;-1;0;0;0;0;-1;-1;0;1;1;0;0;-1;0;1;0;0;0;0;0;1;0;0,8,"1,3,0,4,3,2,1,3"
1471,0;0;-1;0;0;0;0;-1;1;0;1;1;0;0;1;0;-1;0;0;0;0;0;-1;0;0,8,"1,3,0,4,3,2,1,4"
1472,0;-1;1;0;0;1;0;-1;0;1;-1;1;0;-1;-1;0;0;1;0;0;0;-1;1;0;0,8,"1,3,0,4,3,2,4,2"
1473,0;1;0;0;-1;-1;0;1;0;0;0;-1;0;0;1;0;0;0;0;1;1;0;-1;-1;0,8,"1,3,0,4,3,4,0,2"
1474,0;1;0;0;-1;-1;0;-1;0;1;0;1;0;0;-1;0;0;0;0;-1;1;-1;1;1;0,8,"1,3,0,4,3,4,0,3"
1475,0;1;0;0;0;-1;0;-1;0;1;0;1;0;0;0;0;0;0;0;1;0;-1;0;-1;0,8,"1,3,0,4,3,4,2,1"
1476,0;-1;0;0;1;1;0;1;0;-1;0;-1;0;0;1;0;0;0;0;-1;-1;1;-1;1;0,8,"1,3,0,4,3,4,2,3"
1477,0;0;0;0;-1;0;0;0;1;-1;0;0;0;0;-1;0;-1;0;0;1;1;1;1;-1;0,8,"1,3,4,0,1,3,0,4"
1478,0;1;1;-1;-1;-1;0;0;1;0;-1;0;0;0;0;1;-1;0;0;0;1;0;0;0;0,8,"1,3,4,0,1,3,4,0"
1479,0;-1;1;0;0;1;0;0;0;-1;-1;0;0;1;1;0;0;-1;0;0;0;1;-1;0;0,8,"1,3,4,0,1,3,4,2"
1480,0;1;0;-1;0;-1;0;0;0;0;0;0;0;-1;0;1;0;1;0;-1;0;0;0;1;0,8,"1,3,4,0,1,4,0,3"
1481,0;-1;0;1;0;1;0;0;0;-1;0;0;0;1;0;-1;0;-1;0;1;0;1;0;-1;0,8,"1,3,4,0,1,4,2,3"
1482,0;1;-1;-1;-1;-1;0;1;0;1;1;-1;0;0;0;1;0;0;0;0;1;-1;0;0;0,8,"1,3,4,0,3,4,0,2"
1483,0;0;1;1;-1;0;0;-1;0;1;-1;1;0;0;0;-1;0;0;0;0;1;-1;0;0;0,8,"1,3,4,0,3,4,0,3"
1484,0;0;1;0;0;0;0;-1;1;0;-1;1;0;0;1;0;-1;0;0;0;0;0;-1;0;0,8,"1,3,4,0,3,4,2,1"
1485,0;0;1;-1;-1;0;0;1;0;0;-1;-1;0;1;1;1;0;-1;0;0;1;0;-1;0;0,8,"1,3,4,0,4,0,2,3"
1486,0;0;0;-1;0;0;0;1;-1;1;0;-1;0;1;0;1;1;-1;0;-1;0;-1;0;1;0,8,"1,3,4,0,4,0,3,2"
1487,0;0;0;-1;0;0;0;-1;1;-1;0;1;0;-1;0;1;-1;1;0;1;0;1;0;-1;0,8,"1,3,4,0,4,0,3,4"
1488,0;0;-1;-1;1;0;0;-1;0;0;1;1;0;0;-1;1;0;0;0;-1;-1;0;1;1;0,8,"1,4,0,1,2,0,4,2"
1489,0;0;1;1;-1;0;0;1;0;-1;-1;-1;0;0;1;-1;0;0;0;1;1;1;-1;-1;0,8,"1,4,0,1,2,0,4,3"
1490,0;1;0;0;0;-1;0;1;0;0;0;-1;0;1;-1;0;0;-1;0;0;0;0;1;0;0,8,"1,4,0,1,2,4,2,1"
1491,0;-1;1;0;0;1;0;-1;0;0;-1;1;0;-1;-1;0;0;1;0;0;0;0;1;0;0,8,"1,4,0,1,2,4,2,3"
1492,0;-1;1;0;0;1;0;-1;0;0;-1;1;0;1;1;0;0;-1;0;0;0;0;-1;0;0,8,"1,4,0,1,2,4,2,4"
1493,0;0;0;1;0;0;0;1;0;-1;0;-1;0;1;0;-1;0;-1;0;1;0;1;0;-1;0,8,"1,4,0,1,2,4,3,0"
1494,0;0;1;1;-1;0;0;0;1;-1;-1;0;0;0;1;-1;-1;0;0;1;1;1;-1;-1;0,8,"1,4,0,1,3,0,4,2"
1495,0;0;-1;-1;1;0;0;0;-1;0;1;0;0;0;-1;1;1;0;0;-1;-1;0;1;1;0,8,"1,4,0,1,3,0,4,3"
1496,0;0;1;0;0;0;0;0;1;-1;-1;0;0;-1;1;0;-1;1;0;0;0;1;-1;0;0,8,"1,4,0,1,3,4,2,0"
1497,0;1;0;0;0;-1;0;0;1;0;0;0;0;-1;0;0;-1;1;0;-1;0;0;0;1;0,8,"1,4,0,1,3,4,3,1"
1498,0;-1;0;1;0;1;0;0;-1;0;0;0;0;1;0;-1;1;-1;0;-1;0;0;0;1;0,8,"1,4,0,1,3,4,3,2"
1499,0;-1;0;1;0;1;0;0;-1;0;0;0;0;-1;0;-1;1;1;0;1;0;0;0;-1;0,8,"1,4,0,1,3,4,3,4"
1500,0;-1;0;0;0;1;0;0;0;1;0;0;0;0;1;0;0;0;0;-1;0;-1;-1;1;0,8,"1,4,0,1,4,1,0,2"
1501,0;-1;0;0;0;1;0;0;0;1;0;0;0;0;-1;0;0;0;0;1;0;-1;1;-1;0,8,"1,4,0,1,4,1,0,3"
1502,0;0;-1;-1;1;0;0;0;1;-1;1;0;0;0;-1;1;-1;0;0;0;-1;1;1;0;0,8,"1,4,0,2,0,4,1,2"
1503,0;-1;1;1;0;1;0;0;-1;-1;-1;0;0;0;1;-1;1;0;0;0;0;1;-1;0;0,8,"1,4,0,2,0,4,1,3"
1504,0;0;-1;1;0;0;0;0;1;0;1;0;0;0;-1;-1;-1;0;0;1;0;0;1;-1;0,8,"1,4,0,2,0,4,2,3"
1505,0;0;1;0;0;0;0;0;-1;0;-1;0;0;-1;0;0;1;1;0;-1;0;0;0;1;0,8,"1,4,0,2,4,1,2,3"
1506,0;0;1;0;0;0;0;0;0;1;-1;0;0;0;1;0;0;0;0;-1;0;-1;-1;1;0,8,"1,4,0,2,4,1,2,4"
1507,0;0;0;-1;0;0;0;-1;1;1;0;1;0;0;0;1;-1;0;0;0;0;-1;0;0;0,8,"1,4,0,2,4,1,3,1"
1508,0;0;0;-1;0;0;0;-1;0;0;0;1;0;-1;-1;1;0;1;0;0;0;0;1;0;0,8,"1,4,0,2,4,1,3,2"
1509,0;0;1;0;0;0;0;1;-1;-1;-1;-1;0;0;0;0;1;0;0;0;0;1;0;0;0,8,"1,4,0,2,4,2,3,1"
1510,0;0;1;0;0;0;0;-1;1;1;-1;1;0;0;0;0;-1;0;0;0;0;-1;0;0;0,8,"1,4,0,2,4,2,4,1"
1511,0;1;0;0;0;-1;0;0;-1;0;0;0;0;1;0;0;1;-1;0;1;0;0;0;-1;0,8,"1,4,0,2,4,3,1,0"
1512,0;-1;0;0;0;1;0;0;-1;0;0;0;0;-1;0;0;1;1;0;1;0;0;0;-1;0,8,"1,4,0,2,4,3,1,2"
1513,0;-1;0;0;0;1;0;0;-1;0;0;0;0;1;0;0;1;-1;0;-1;0;0;0;1;0,8,"1,4,0,2,4,3,1,4"
1514,0;-1;1;1;0;1;0;-1;0;-1;-1;1;0;0;0;-1;0;0;0;1;0;1;0;-1;0,8,"1,4,0,3,0,4,1,2"
1515,0;0;-1;-1;1;0;0;1;0;-1;1;-1;0;0;0;1;0;0;0;-1;-1;1;0;1;0,8,"1,4,0,3,0,4,1,3"
1516,0;0;1;-1;0;0;0;1;0;0;-1;-1;0;0;1;1;0;0;0;-1;0;0;-1;1;0,8,"1,4,0,3,0,4,2,3"
1517,0;0;-1;0;0;0;0;1;-1;1;1;-1;0;0;0;0;1;0;0;0;0;-1;0;0;0,8,"1,4,0,3,4,1,2,1"
1518,0;0;-1;0;0;0;0;0;-1;0;1;0;0;1;0;0;1;-1;0;-1;0;0;0;1;0,8,"1,4,0,3,4,1,2,3"
1519,0;0;0;1;0;0;0;-1;0;0;0;1;0;1;-1;-1;0;-1;0;0;0;0;1;0;0,8,"1,4,0,3,4,1,3,2"
1520,0;0;0;1;0;0;0;0;0;1;0;0;0;0;-1;-1;0;0;0;1;0;-1;1;-1;0,8,"1,4,0,3,4,1,3,4"
1521,0;1;0;0;0;-1;0;-1;0;0;0;1;0;-1;1;0;0;1;0;0;0;0;-1;0;0,8,"1,4,0,3,4,2,1,0"
1522,0;-1;0;0;0;1;0;-1;0;0;0;1;0;1;1;0;0;-1;0;0;0;0;-1;0;0,8,"1,4,0,3,4,2,1,3"
1523,0;-1;0;0;0;1;0;-1;0;0;0;1;0;-1;-1;0;0;1;0;0;0;0;1;0;0,8,"1,4,0,3,4,2,1,4"
1524,0;0;0;1;0;0;0;-1;1;-1;0;1;0;0;0;-1;-1;0;0;0;0;1;0;0;0,8,"1,4,0,3,4,3,2,1"
1525,0;0;0;1;0;0;0;1;-1;1;0;-1;0;0;0;-1;1;0;0;0;0;-1;0;0;0,8,"1,4,0,3,4,3,4,1"
1526,0;0;0;0;-1;0;0;1;0;0;0;-1;0;1;-1;0;0;-1;0;0;1;0;1;0;0,8,"1,4,0,4,0,2,1,2"
1527,0;0;0;0;-1;0;0;0;1;0;0;0;0;-1;0;0;-1;1;0;-1;1;0;0;1;0,8,"1,4,0,4,0,3,1,3"
1528,0;0;0;0;1;0;0;0;1;0;0;0;0;1;0;0;-1;-1;0;1;-1;0;0;-1;0,8,"1,4,0,4,2,1,3,1"
1529,0;0;0;0;1;0;0;0;-1;0;0;0;0;-1;0;0;1;1;0;1;-1;0;0;-1;0,8,"1,4,0,4,2,1,3,2"
1530,0;0;0;0;1;0;0;1;0;0;0;-1;0;-1;1;0;0;1;0;0;-1;0;-1;0;0,8,"1,4,0,4,3,1,2,1"
1531,0;0;0;0;1;0;0;-1;0;0;0;1;0;1;1;0;0;-1;0;0;-1;0;-1;0;0,8,"1,4,0,4,3,1,2,3"
1532,0;0;0;-1;0;0;0;0;0;1;0;0;0;0;1;1;0;0;0;-1;0;-1;-1;1;0,8,"2,0,1,0,3,0,1,4"
1533,0;0;0;-1;0;0;0;0;0;-1;0;0;0;0;-1;1;0;0;0;1;0;1;1;-1;0,8,"2,0,1,0,3,0,2,4"
1534,0;0;0;1;0;0;0;0;0;-1;0;0;0;0;1;-1;0;0;0;-1;0;1;-1;1;0,8,"2,0,1,0,3,1,4,1"
1535,0;0;0;1;0;0;0;0;0;1;0;0;0;0;-1;-1;0;0;0;-1;0;-1;1;1;0,8,"2,0,1,0,3,1,4,2"
1536,0;0;0;-1;0;0;0;0;0;1;0;0;0;0;1;1;0;0;0;1;0;-1;-1;-1;0,8,"2,0,1,0,3,1,4,3"
1537,0;0;0;1;0;0;0;0;0;-1;0;0;0;0;1;-1;0;0;0;1;0;1;-1;-1;0,8,"2,0,1,0,3,2,4,2"
1538,0;0;0;-1;1;0;0;0;0;-1;0;0;0;0;-1;1;0;0;0;-1;-1;1;1;1;0,8,"2,0,1,0,3,2,4,3"
1539,0;0;0;1;0;0;0;1;1;1;0;-1;0;0;0;-1;-1;0;0;0;0;-1;0;0;0,8,"2,0,1,0,3,4,1,2"
1540,0;0;0;-1;0;0;0;-1;-1;1;0;1;0;0;0;1;1;0;0;0;0;-1;0;0;0,8,"2,0,1,0,3,4,1,3"
1541,0;0;0;1;0;0;0;1;0;0;0;-1;0;-1;-1;-1;0;1;0;0;0;0;1;0;0,8,"2,0,1,0,3,4,2,1"
1542,0;0;0;1;0;0;0;-1;0;0;0;1;0;-1;1;-1;0;1;0;0;0;0;-1;0;0,8,"2,0,1,0,3,4,2,4"
1543,0;-1;0;0;0;1;0;-1;1;1;0;1;0;-1;-1;0;-1;1;0;0;0;-1;1;0;0,8,"2,0,1,0,4,1,2,3"
1544,0;-1;0;0;0;1;0;1;-1;-1;0;-1;0;1;1;0;1;-1;0;0;0;1;-1;0;0,8,"2,0,1,0,4,1,2,4"
1545,0;-1;0;0;0;1;0;0;1;0;0;0;0;-1;0;0;-1;1;0;1;0;0;0;-1;0,8,"2,0,1,0,4,1,3,2"
1546,0;-1;0;0;0;1;0;0;1;0;0;0;0;1;0;0;-1;-1;0;-1;0;0;0;1;0,8,"2,0,1,0,4,1,3,4"
1547,0;0;1;-1;0;0;0;0;-1;0;-1;0;0;0;0;1;1;0;0;-1;0;0;0;1;0,8,"2,0,1,0,4,2,3,0"
1548,0;0;-1;1;0;0;0;0;1;0;1;0;0;-1;0;-1;-1;1;0;-1;0;0;0;1;0,8,"2,0,1,0,4,2,3,1"
1549,0;0;-1;1;0;0;0;0;-1;0;1;0;0;-1;0;-1;1;1;0;1;0;0;0;-1;0,8,"2,0,1,0,4,2,3,4"
1550,0;-1;0;-1;1;1;0;0;0;-1;0;0;0;0;1;1;0;0;0;-1;-1;1;-1;1;0,8,"2,0,1,0,4,2,4,1"
1551,0;1;0;-1;0;-1;0;0;0;1;0;0;0;0;-1;1;0;0;0;-1;0;-1;1;1;0,8,"2,0,1,0,4,2,4,2"
1552,0;1;0;1;-1;-1;0;0;0;1;0;0;0;0;1;-1;0;0;0;1;1;-1;-1;-1;0,8,"2,0,1,0,4,2,4,3"
1553,0;1;0;0;0;-1;0;0;1;1;0;0;0;0;-1;0;-1;0;0;0;0;-1;1;0;0,8,"2,0,1,2,1,4,2,4"
1554,0;0;0;-1;0;0;0;0;-1;0;0;0;0;1;1;1;1;-1;0;0;0;0;-1;0;0,8,"2,0,1,2,3,1,4,2"
1555,0;-1;0;1;0;1;0;1;0;-1;0;-1;0;0;1;-1;0;0;0;1;0;1;-1;-1;0,8,"2,0,1,2,4,2,4,2"
1556,0;-1;0;-1;1;1;0;-1;0;0;0;1;0;0;-1;1;0;0;0;-1;-1;0;1;1;0,8,"2,0,1,2,4,2,4,3"
1557,0;-1;1;1;0;1;0;-1;0;1;-1;1;0;0;-1;-1;0;0;0;0;0;-1;1;0;0,8,"2,0,1,3,0,1,2,4"
1558,0;0;0;-1;-1;0;0;0;0;1;0;0;0;0;1;1;0;0;0;0;1;-1;-1;0;0,8,"2,0,1,3,0,1,3,4"
1559,0;0;0;-1;1;0;0;0;0;1;0;0;0;0;1;1;0;0;0;-1;-1;-1;-1;1;0,8,"2,0,1,3,0,1,4,0"
1560,0;0;0;1;-1;0;0;0;0;-1;0;0;0;0;1;-1;0;0;0;0;1;1;-1;0;0,8,"2,0,1,3,0,1,4,1"
1561,0;0;0;1;-1;0;0;0;0;1;0;0;0;0;-1;-1;0;0;0;0;1;-1;1;0;0,8,"2,0,1,3,0,1,4,2"
1562,0;0;0;-1;1;0;0;0;0;-1;0;0;0;0;-1;1;0;0;0;0;-1;1;1;0;0,8,"2,0,1,3,0,2,3,4"
1563,0;0;0;-1;-1;0;0;0;0;-1;0;0;0;0;-1;1;0;0;0;0;1;1;1;0;0,8,"2,0,1,3,0,2,4,0"
1564,0;0;0;1;1;0;0;0;0;1;0;0;0;0;-1;-1;0;0;0;0;-1;-1;1;0;0,8,"2,0,1,3,0,2,4,1"
1565,0;0;0;1;1;0;0;0;0;-1;0;0;0;0;1;-1;0;0;0;0;-1;1;-1;0;0,8,"2,0,1,3,0,2,4,2"
1566,0;-1;0;-1;0;1;0;-1;0;1;0;1;0;0;0;1;0;0;0;0;0;-1;0;0;0,8,"2,0,1,3,0,3,4,1"
1567,0;0;1;-1;0;0;0;-1;0;0;-1;1;0;0;-1;1;0;0;0;0;0;0;1;0;0,8,"2,0,1,3,0,3,4,2"
1568,0;-1;0;1;0;1;0;1;0;1;0;-1;0;0;0;-1;0;0;0;0;0;-1;0;0;0,8,"2,0,1,3,0,4,1,2"
1569,0;-1;0;1;0;1;0;-1;0;-1;0;1;0;0;0;-1;0;0;0;0;0;1;0;0;0,8,"2,0,1,3,0,4,1,4"
1570,0;0;1;1;0;0;0;1;0;0;-1;-1;0;0;-1;-1;0;0;0;0;0;0;1;0;0,8,"2,0,1,3,0,4,2,1"
1571,0;0;1;1;0;0;0;-1;0;0;-1;1;0;0;1;-1;0;0;0;0;0;0;-1;0;0,8,"2,0,1,3,0,4,2,4"
1572,0;0;-1;0;0;0;0;-1;0;0;1;1;0;0;1;0;0;0;0;1;0;0;-1;-1;0,8,"2,0,1,3,2,0,4,2"
1573,0;0;1;0;0;0;0;1;0;0;-1;-1;0;0;-1;0;0;0;0;-1;0;0;1;1;0,8,"2,0,1,3,2,0,4,3"
1574,0;0;1;0;-1;0;0;1;0;-1;-1;-1;0;0;1;0;0;0;0;1;1;1;-1;-1;0,8,"2,0,1,3,2,1,4,2"
1575,0;0;-1;0;0;0;0;-1;0;0;1;1;0;0;-1;0;0;0;0;-1;0;0;1;1;0,8,"2,0,1,3,2,1,4,3"
1576,0;1;-1;0;1;-1;0;0;0;0;1;0;0;0;0;0;0;0;0;1;-1;0;0;-1;0,8,"2,0,1,3,2,4,2,0"
1577,0;-1;1;0;-1;1;0;-1;0;0;-1;1;0;0;1;0;0;0;0;-1;1;0;-1;1;0,8,"2,0,1,3,2,4,2,3"
1578,0;-1;1;1;1;1;0;0;-1;0;-1;0;0;0;0;-1;1;0;0;0;-1;0;0;0;0,8,"2,0,1,3,4,1,0,2"
1579,0;1;-1;0;0;-1;0;1;0;-1;1;-1;0;-1;1;0;0;1;0;0;0;1;-1;0;0,8,"2,0,1,3,4,1,2,4"
1580,0;-1;1;0;-1;1;0;0;0;0;-1;0;0;-1;0;0;0;1;0;0;1;0;0;0;0,8,"2,0,1,3,4,2,0,1"
1581,0;1;1;0;1;-1;0;0;0;0;-1;0;0;-1;0;0;0;1;0;0;-1;0;0;0;0,8,"2,0,1,3,4,2,0,4"
1582,0;0;0;0;1;0;0;0;0;1;0;0;0;-1;1;0;0;1;0;0;-1;-1;-1;0;0,8,"2,0,1,3,4,2,4,0"
1583,0;0;0;0;-1;0;0;0;0;1;0;0;0;1;-1;0;0;-1;0;1;1;-1;1;-1;0,8,"2,0,1,3,4,2,4,2"
1584,0;-1;0;1;0;1;0;0;-1;1;0;0;0;-1;0;-1;1;1;0;-1;0;-1;0;1;0,8,"2,0,1,4,1,2,3,0"
1585,0;1;0;-1;0;-1;0;0;1;-1;0;0;0;-1;0;1;-1;1;0;1;0;1;0;-1;0,8,"2,0,1,4,1,2,3,4"
1586,0;0;0;0;1;0;0;-1;0;1;0;1;0;0;0;0;0;0;0;-1;-1;-1;0;1;0,8,"2,0,1,4,1,2,4,1"
1587,0;-1;0;1;-1;1;0;0;0;0;0;0;0;-1;0;-1;0;1;0;0;1;0;0;0;0,8,"2,0,1,4,2,3,0,1"
1588,0;1;1;-1;-1;-1;0;0;0;0;-1;0;0;1;0;1;0;-1;0;0;1;0;0;0;0,8,"2,0,1,4,2,3,0,3"
1589,0;1;0;1;1;-1;0;0;0;0;0;0;0;-1;0;-1;0;1;0;0;-1;0;0;0;0,8,"2,0,1,4,2,3,0,4"
1590,0;0;0;0;1;0;0;0;0;1;0;0;0;-1;0;0;0;1;0;1;-1;-1;0;-1;0,8,"2,0,1,4,2,3,4,0"
1591,0;0;0;0;-1;0;0;0;0;1;0;0;0;1;0;0;0;-1;0;-1;1;-1;0;1;0,8,"2,0,1,4,2,3,4,3"
1592,0;1;0;0;0;-1;0;0;1;-1;0;0;0;0;-1;0;-1;0;0;0;0;1;1;0;0,8,"2,0,1,4,2,4,1,2"
1593,0;0;0;-1;0;0;0;0;1;0;0;0;0;0;-1;1;-1;0;0;1;0;0;1;-1;0,8,"2,0,1,4,2,4,2,3"
1594,0;0;0;1;0;0;0;0;1;0;0;0;0;0;1;-1;-1;0;0;1;0;0;-1;-1;0,8,"2,0,1,4,2,4,3,0"
1595,0;0;0;-1;0;0;0;0;-1;0;0;0;0;0;1;1;1;0;0;1;0;0;-1;-1;0,8,"2,0,1,4,2,4,3,1"
1596,0;1;-1;0;1;-1;0;1;-1;0;1;-1;0;0;-1;0;1;0;0;0;-1;0;1;0;0,8,"2,0,3,0,1,2,3,4"
1597,0;-1;1;0;-1;1;0;0;1;0;-1;0;0;0;0;0;-1;0;0;0;1;0;0;0;0,8,"2,0,3,0,1,2,4,0"
1598,0;0;0;0;-1;0;0;0;-1;-1;0;0;0;0;1;0;1;0;0;0;1;1;-1;0;0,8,"2,0,3,0,1,3,4,0"
1599,0;0;0;0;1;0;0;0;1;1;0;0;0;0;1;0;-1;0;0;0;-1;-1;-1;0;0,8,"2,0,3,0,1,3,4,1"
1600,0;0;0;0;1;0;0;0;-1;-1;0;0;0;0;-1;0;1;0;0;0;-1;1;1;0;0,8,"2,0,3,0,1,3,4,2"
1601,0;1;1;0;-1;-1;0;0;1;1;-1;0;0;0;1;0;-1;0;0;0;1;-1;-1;0;0,8,"2,0,3,0,1,4,2,4"
1602,0;1;0;0;0;-1;0;1;0;1;0;-1;0;0;0;0;0;0;0;-1;0;-1;0;1;0,8,"2,0,3,0,4,1,2,4"
1603,0;1;0;0;0;-1;0;1;0;-1;0;-1;0;0;0;0;0;0;0;-1;0;1;0;1;0,8,"2,0,3,2,1,0,4,3"
1604,0;1;-1;0;-1;-1;0;1;0;1;1;-1;0;0;0;0;0;0;0;1;1;-1;0;-1;0,8,"2,0,3,2,1,2,4,1"
1605,0;-1;0;0;0;1;0;-1;0;-1;0;1;0;0;0;0;0;0;0;-1;0;1;0;1;0,8,"2,0,3,2,1,2,4,3"
1606,0;-1;0;0;0;1;0;1;0;1;0;-1;0;0;0;0;0;0;0;1;0;-1;0;-1;0,8,"2,0,3,2,1,4,3,4"
1607,0;0;0;0;1;0;0;0;-1;1;0;0;0;0;-1;0;1;0;0;0;-1;-1;1;0;0,8,"2,0,3,2,4,1,4,0"
1608,0;0;0;0;-1;0;0;0;-1;1;0;0;0;0;1;0;1;0;0;0;1;-1;-1;0;0,8,"2,0,3,2,4,1,4,2"
1609,0;-1;-1;0;1;1;0;0;0;0;1;0;0;0;0;0;0;0;0;-1;-1;0;0;1;0,8,"2,0,3,4,1,0,1,4"
1610,0;1;1;0;1;-1;0;0;0;0;-1;0;0;0;0;0;0;0;0;-1;-1;0;0;1;0,8,"2,0,3,4,1,0,2,4"
1611,0;-1;1;0;1;1;0;0;0;0;-1;0;0;-1;0;0;0;1;0;0;-1;0;0;0;0,8,"2,0,3,4,1,2,4,0"
1612,0;-1;0;0;0;1;0;-1;0;-1;0;1;0;-1;0;0;0;1;0;0;0;1;0;0;0,8,"2,0,3,4,1,2,4,1"
1613,0;0;-1;1;1;0;0;1;0;-1;1;-1;0;0;0;-1;0;0;0;0;-1;1;0;0;0,8,"2,0,3,4,1,4,0,1"
1614,0;0;1;1;0;0;0;1;0;0;-1;-1;0;0;1;-1;0;0;0;0;0;0;-1;0;0,8,"2,0,3,4,1,4,0,2"
1615,0;0;-1;-1;1;0;0;-1;0;1;1;1;0;0;-1;1;0;0;0;0;-1;-1;1;0;0,8,"2,0,3,4,1,4,0,3"
1616,0;0;-1;0;0;0;0;-1;1;0;1;1;0;-1;-1;0;-1;1;0;0;0;0;1;0;0,8,"2,0,3,4,1,4,1,2"
1617,0;-1;0;1;1;1;0;0;0;0;0;0;0;-1;0;-1;0;1;0;0;-1;0;0;0;0,8,"2,0,4,1,2,3,4,0"
1618,0;-1;0;0;0;1;0;0;-1;-1;0;0;0;-1;0;0;1;1;0;0;0;1;0;0;0,8,"2,0,4,1,2,3,4,1"
1619,0;0;0;-1;1;0;0;-1;1;-1;0;1;0;0;0;1;-1;0;0;0;-1;1;0;0;0,8,"2,0,4,1,2,4,0,1"
1620,0;0;-1;1;0;0;0;0;1;0;1;0;0;-1;0;-1;-1;1;0;1;0;0;0;-1;0,8,"2,0,4,1,2,4,0,3"
1621,0;0;0;-1;1;0;0;-1;0;0;0;1;0;1;-1;1;0;-1;0;0;-1;0;1;0;0,8,"2,0,4,1,4,0,1,2"
1622,0;0;0;1;0;0;0;1;0;0;0;-1;0;-1;1;-1;0;1;0;0;0;0;-1;0;0,8,"2,0,4,1,4,0,3,2"
1623,0;0;0;-1;0;0;0;-1;0;0;0;1;0;-1;0;1;0;1;0;-1;0;0;0;1;0,8,"2,0,4,1,4,1,2,3"
1624,0;-1;1;0;0;1;0;-1;1;0;-1;1;0;0;-1;0;-1;0;0;1;0;0;1;-1;0,8,"2,3,0,1,0,2,1,4"
1625,0;-1;0;1;0;1;0;1;-1;0;0;-1;0;0;1;-1;1;0;0;-1;0;0;-1;1;0,8,"2,3,0,1,0,3,1,4"
1626,0;1;0;-1;0;-1;0;1;1;-1;0;-1;0;0;1;1;-1;0;0;1;0;1;-1;-1;0,8,"2,3,0,1,2,1,4,2"
1627,0;0;0;1;0;0;0;-1;-1;1;0;1;0;0;-1;-1;1;0;0;-1;0;-1;1;1;0,8,"2,3,0,1,2,1,4,3"
1628,0;1;0;0;0;-1;0;0;-1;0;0;0;0;-1;0;0;1;1;0;-1;0;0;0;1;0,8,"2,3,0,1,2,4,3,1"
1629,0;0;1;0;0;0;0;-1;-1;1;-1;1;0;0;-1;0;1;0;0;-1;0;-1;1;1;0,8,"2,3,0,1,3,1,4,2"
1630,0;1;-1;0;0;-1;0;1;1;-1;1;-1;0;0;1;0;-1;0;0;1;0;1;-1;-1;0,8,"2,3,0,1,3,1,4,3"
1631,0;1;0;0;0;-1;0;-1;0;0;0;1;0;1;-1;0;0;-1;0;0;0;0;1;0;0,8,"2,3,0,1,3,4,2,1"
1632,0;-1;0;0;0;1;0;1;0;0;0;-1;0;-1;-1;0;0;1;0;0;0;0;1;0;0,8,"2,3,0,1,3,4,2,3"
1633,0;-1;0;0;0;1;0;1;0;0;0;-1;0;1;1;0;0;-1;0;0;0;0;-1;0;0,8,"2,3,0,1,3,4,2,4"
1634,0;0;-1;0;0;0;0;0;0;1;1;0;0;0;-1;0;0;0;0;1;0;-1;1;-1;0,8,"2,3,0,2,1,2,1,4"
1635,0;0;-1;0;0;0;0;0;0;-1;1;0;0;0;1;0;0;0;0;-1;0;1;-1;1;0,8,"2,3,0,2,1,2,3,4"
1636,0;0;1;0;0;0;0;0;0;-1;-1;0;0;0;-1;0;0;0;0;1;0;1;1;-1;0,8,"3,0,1,0,2,1,4,1"
1637,0;0;-1;0;0;0;0;0;0;1;1;0;0;0;1;0;0;0;0;1;0;-1;-1;-1;0,8,"3,0,1,0,2,1,4,2"
1638,0;0;1;0;0;0;0;0;0;1;-1;0;0;0;-1;0;0;0;0;-1;0;-1;1;1;0,8,"3,0,1,0,2,1,4,3"
1639,0;0;-1;0;1;0;0;0;0;-1;1;0;0;0;-1;0;0;0;0;-1;-1;1;1;1;0,8,"3,0,1,0,2,3,4,2"
1640,0;0;1;0;0;0;0;0;0;-1;-1;0;0;0;1;0;0;0;0;1;0;1;-1;-1;0,8,"3,0,1,0,2,3,4,3"
1641,0;0;-1;0;0;0;0;-1;-1;1;1;1;0;0;0;0;1;0;0;0;0;-1;0;0;0,8,"3,0,1,0,2,4,1,2"
1642,0;0;1;0;0;0;0;1;1;1;-1;-1;0;0;0;0;-1;0;0;0;0;-1;0;0;0,8,"3,0,1,0,2,4,1,3"
1643,0;0;1;0;0;0;0;0;1;0;-1;0;0;1;0;0;-1;-1;0;-1;0;0;0;1;0,8,"3,0,1,0,2,4,3,1"
1644,0;0;1;0;0;0;0;0;-1;0;-1;0;0;1;0;0;1;-1;0;1;0;0;0;-1;0,8,"3,0,1,0,2,4,3,4"
1645,0;-1;0;0;0;1;0;1;-1;1;0;-1;0;1;0;0;1;-1;0;-1;0;-1;0;1;0,8,"3,0,1,0,4,1,3,2"
1646,0;-1;0;0;0;1;0;-1;1;-1;0;1;0;-1;0;0;-1;1;0;1;0;1;0;-1;0,8,"3,0,1,0,4,1,3,4"
1647,0;0;-1;1;0;0;0;-1;0;0;1;1;0;0;-1;-1;0;0;0;0;0;0;1;0;0,8,"3,0,1,0,4,3,2,0"
1648,0;0;1;-1;0;0;0;1;0;0;-1;-1;0;1;-1;1;0;-1;0;0;0;0;1;0;0,8,"3,0,1,0,4,3,2,1"
1649,0;0;1;-1;0;0;0;-1;0;0;-1;1;0;1;1;1;0;-1;0;0;0;0;-1;0;0,8,"3,0,1,0,4,3,2,4"
1650,0;-1;-1;0;1;1;0;0;0;-1;1;0;0;0;-1;0;0;0;0;1;-1;1;1;-1;0,8,"3,0,1,0,4,3,4,1"
1651,0;1;1;0;-1;-1;0;0;0;1;-1;0;0;0;1;0;0;0;0;1;1;-1;-1;-1;0,8,"3,0,1,0,4,3,4,2"
1652,0;1;-1;0;0;-1;0;0;0;1;1;0;0;0;-1;0;0;0;0;-1;0;-1;1;1;0,8,"3,0,1,0,4,3,4,3"
1653,0;0;-1;0;-1;0;0;0;0;1;1;0;0;0;0;0;0;0;0;1;1;-1;0;-1;0,8,"3,0,1,2,0,1,2,4"
1654,0;-1;1;1;0;1;0;0;-1;1;-1;0;0;0;0;-1;1;0;0;-1;0;-1;0;1;0,8,"3,0,1,2,0,1,3,4"
1655,0;0;-1;0;1;0;0;0;0;1;1;0;0;0;-1;0;0;0;0;1;-1;-1;1;-1;0,8,"3,0,1,2,0,1,4,0"
1656,0;0;1;0;-1;0;0;0;0;-1;-1;0;0;0;0;0;0;0;0;1;1;1;0;-1;0,8,"3,0,1,2,0,1,4,1"
1657,0;0;1;0;-1;0;0;0;0;1;-1;0;0;0;0;0;0;0;0;-1;1;-1;0;1;0,8,"3,0,1,2,0,1,4,3"
1658,0;0;-1;0;1;0;0;0;0;-1;1;0;0;0;0;0;0;0;0;-1;-1;1;0;1;0,8,"3,0,1,2,0,2,3,4"
1659,0;-1;-1;0;0;1;0;0;-1;1;1;0;0;0;0;0;1;0;0;0;0;-1;0;0;0,8,"3,0,1,2,0,2,4,1"
1660,0;0;-1;1;0;0;0;0;-1;0;1;0;0;0;0;-1;1;0;0;-1;0;0;0;1;0,8,"3,0,1,2,0,2,4,3"
1661,0;0;-1;0;-1;0;0;0;0;-1;1;0;0;0;0;0;0;0;0;-1;1;1;0;1;0,8,"3,0,1,2,0,3,4,0"
1662,0;0;1;0;1;0;0;0;0;1;-1;0;0;0;0;0;0;0;0;-1;-1;-1;0;1;0,8,"3,0,1,2,0,3,4,1"
1663,0;0;1;0;1;0;0;0;0;-1;-1;0;0;0;0;0;0;0;0;1;-1;1;0;-1;0,8,"3,0,1,2,0,3,4,3"
1664,0;-1;1;0;0;1;0;0;1;1;-1;0;0;0;0;0;-1;0;0;0;0;-1;0;0;0,8,"3,0,1,2,0,4,1,3"
1665,0;-1;1;0;0;1;0;0;-1;-1;-1;0;0;0;0;0;1;0;0;0;0;1;0;0;0,8,"3,0,1,2,0,4,1,4"
1666,0;0;1;1;0;0;0;0;1;0;-1;0;0;0;0;-1;-1;0;0;-1;0;0;0;1;0,8,"3,0,1,2,0,4,3,1"
1667,0;0;1;1;0;0;0;0;-1;0;-1;0;0;0;0;-1;1;0;0;1;0;0;0;-1;0,8,"3,0,1,2,0,4,3,4"
1668,0;0;0;1;0;0;0;0;1;0;0;0;0;0;-1;-1;-1;0;0;-1;0;0;1;1;0,8,"3,0,1,2,3,0,4,2"
1669,0;0;0;-1;0;0;0;0;-1;0;0;0;0;0;-1;1;1;0;0;-1;0;0;1;1;0,8,"3,0,1,2,3,1,4,2"
1670,0;0;0;1;-1;0;0;0;1;-1;0;0;0;0;1;-1;-1;0;0;1;1;1;-1;-1;0,8,"3,0,1,2,3,1,4,3"
1671,0;-1;0;1;-1;1;0;0;-1;0;0;0;0;0;-1;-1;1;0;0;1;1;0;1;-1;0,8,"3,0,1,2,3,4,2,3"
1672,0;1;0;-1;1;-1;0;0;0;0;0;0;0;0;1;1;0;0;0;0;-1;0;-1;0;0,8,"3,0,1,2,3,4,3,0"
1673,0;-1;-1;0;1;1;0;0;-1;0;1;0;0;0;-1;0;1;0;0;-1;-1;0;1;1;0,8,"3,0,1,2,3,4,3,4"
1674,0;-1;1;1;1;1;0;-1;0;0;-1;1;0;0;0;-1;0;0;0;0;-1;0;0;0;0,8,"3,0,1,2,4,1,0,3"
1675,0;1;0;-1;0;-1;0;0;1;-1;0;0;0;1;0;1;-1;-1;0;1;0;1;0;-1;0,8,"3,0,1,2,4,1,3,4"
1676,0;-1;0;1;-1;1;0;0;0;0;0;0;0;1;0;-1;0;-1;0;0;1;0;0;0;0,8,"3,0,1,2,4,3,0,1"
1677,0;1;0;1;1;-1;0;0;0;0;0;0;0;1;0;-1;0;-1;0;0;-1;0;0;0;0,8,"3,0,1,2,4,3,0,4"
1678,0;0;0;0;1;0;0;0;0;1;0;0;0;1;0;0;0;-1;0;1;-1;-1;0;-1;0,8,"3,0,1,2,4,3,4,0"
1679,0;0;0;0;-1;0;0;0;0;1;0;0;0;-1;1;0;0;1;0;-1;1;-1;-1;1;0,8,"3,0,1,2,4,3,4,3"
1680,0;0;-1;0;0;0;0;-1;0;0;1;1;0;-1;0;0;0;1;0;1;0;0;0;-1;0,8,"3,0,1,3,2,1,4,3"
1681,0;-1;1;0;0;1;0;0;1;-1;-1;0;0;0;1;0;-1;0;0;1;0;1;-1;-1;0,8,"3,0,1,3,4,3,4,3"
1682,0;-1;1;0;0;1;0;-1;0;1;-1;1;0;1;-1;0;0;-1;0;0;0;-1;1;0;0,8,"3,0,1,4,1,3,2,0"
1683,0;1;-1;0;0;-1;0;1;0;-1;1;-1;0;1;1;0;0;-1;0;0;0;1;-1;0;0,8,"3,0,1,4,1,3,2,4"
1684,0;-1;1;0;-1;1;0;0;0;0;-1;0;0;1;0;0;0;-1;0;0;1;0;0;0;0,8,"3,0,1,4,3,2,0,1"
1685,0;1;-1;1;-1;-1;0;0;0;0;1;0;0;-1;0;-1;0;1;0;0;1;0;0;0;0,8,"3,0,1,4,3,2,0,2"
1686,0;1;1;0;1;-1;0;0;0;0;-1;0;0;1;0;0;0;-1;0;0;-1;0;0;0;0,8,"3,0,1,4,3,2,0,4"
1687,0;0;0;0;1;0;0;0;0;1;0;0;0;1;1;0;0;-1;0;0;-1;-1;-1;0;0,8,"3,0,1,4,3,2,4,0"
1688,0;0;0;0;-1;0;0;0;0;1;0;0;0;-1;-1;0;0;1;0;0;1;-1;1;0;0,8,"3,0,1,4,3,2,4,2"
1689,0;0;1;0;0;0;0;1;0;0;-1;-1;0;0;1;0;0;0;0;1;0;0;-1;-1;0,8,"3,0,1,4,3,4,2,0"
1690,0;0;-1;0;0;0;0;1;0;0;1;-1;0;0;1;0;0;0;0;-1;0;0;-1;1;0,8,"3,0,1,4,3,4,2,3"
1691,0;1;0;-1;1;-1;0;-1;1;0;0;1;0;0;0;1;-1;0;0;-1;-1;0;0;1;0,8,"3,0,2,0,1,2,3,4"
1692,0;0;0;0;-1;0;0;-1;0;-1;0;1;0;0;0;0;0;0;0;1;1;1;0;-1;0,8,"3,0,2,0,1,2,4,0"
1693,0;0;0;0;1;0;0;1;0;1;0;-1;0;0;0;0;0;0;0;1;-1;-1;0;-1;0,8,"3,0,2,0,1,2,4,1"
1694,0;0;0;0;1;0;0;-1;0;-1;0;1;0;0;0;0;0;0;0;-1;-1;1;0;1;0,8,"3,0,2,0,1,2,4,3"
1695,0;-1;0;1;-1;1;0;1;0;0;0;-1;0;0;0;-1;0;0;0;0;1;0;0;0;0,8,"3,0,2,0,1,3,4,0"
1696,0;1;0;1;-1;-1;0;1;0;1;0;-1;0;0;0;-1;0;0;0;1;1;-1;0;-1;0,8,"3,0,2,0,1,4,3,4"
1697,0;1;0;-1;-1;-1;0;0;1;1;0;0;0;0;1;1;-1;0;0;0;1;-1;-1;0;0,8,"3,0,2,3,1,3,4,1"
1698,0;-1;0;0;0;1;0;0;-1;-1;0;0;0;0;-1;0;1;0;0;0;0;1;1;0;0,8,"3,0,2,3,1,3,4,2"
1699,0;-1;0;0;0;1;0;0;1;1;0;0;0;0;1;0;-1;0;0;0;0;-1;-1;0;0,8,"3,0,2,3,1,4,2,4"
1700,0;0;0;0;-1;0;0;-1;0;1;0;1;0;0;0;0;0;0;0;1;1;-1;0;-1;0,8,"3,0,2,3,4,1,4,3"
1701,0;-1;0;-1;1;1;0;0;0;0;0;0;0;0;-1;1;0;0;0;0;-1;0;1;0;0,8,"3,0,2,4,1,0,1,4"
1702,0;1;0;1;1;-1;0;0;0;0;0;0;0;0;-1;-1;0;0;0;0;-1;0;1;0;0,8,"3,0,2,4,1,0,3,4"
1703,0;-1;0;1;1;1;0;0;0;0;0;0;0;1;0;-1;0;-1;0;0;-1;0;0;0;0,8,"3,0,2,4,1,3,4,0"
1704,0;-1;0;0;0;1;0;0;-1;-1;0;0;0;1;0;0;1;-1;0;0;0;1;0;0;0,8,"3,0,2,4,1,3,4,1"
1705,0;0;1;-1;1;0;0;0;1;-1;-1;0;0;0;0;1;-1;0;0;0;-1;1;0;0;0,8,"3,0,2,4,1,4,0,1"
1706,0;0;-1;-1;1;0;0;0;-1;1;1;0;0;0;0;1;1;0;0;-1;-1;-1;0;1;0,8,"3,0,2,4,1,4,0,2"
1707,0;0;1;1;0;0;0;0;1;0;-1;0;0;0;0;-1;-1;0;0;1;0;0;0;-1;0,8,"3,0,2,4,1,4,0,3"
1708,0;0;0;-1;0;0;0;1;-1;0;0;-1;0;1;0;1;1;-1;0;-1;0;0;0;1;0,8,"3,0,2,4,1,4,1,3"
1709,0;-1;1;0;1;1;0;0;0;0;-1;0;0;1;0;0;0;-1;0;0;-1;0;0;0;0,8,"3,0,4,1,3,2,4,0"
1710,0;-1;0;0;0;1;0;-1;0;-1;0;1;0;1;0;0;0;-1;0;0;0;1;0;0;0,8,"3,0,4,1,3,2,4,1"
1711,0;0;-1;0;1;0;0;1;-1;-1;1;-1;0;0;0;0;1;0;0;0;-1;1;0;0;0,8,"3,0,4,1,3,4,0,1"
1712,0;0;1;-1;0;0;0;1;0;0;-1;-1;0;1;1;1;0;-1;0;0;0;0;-1;0;0,8,"3,0,4,1,3,4,0,2"
1713,0;0;-1;0;1;0;0;0;-1;0;1;0;0;-1;0;0;1;1;0;-1;-1;0;0;1;0,8,"3,0,4,1,4,0,1,3"
1714,0;0;1;0;0;0;0;0;1;0;-1;0;0;1;0;0;-1;-1;0;1;0;0;0;-1;0,8,"3,0,4,1,4,0,2,3"
1715,0;0;-1;0;0;0;0;0;-1;0;1;0;0;1;-1;0;1;-1;0;0;0;0;1;0;0,8,"3,0,4,1,4,1,3,2"
1716,0;0;0;0;1;0;0;1;0;-1;0;-1;0;1;0;0;0;-1;0;1;-1;1;0;-1;0,9,"0,1,0,1,2,4,0,1,2"
1717,0;0;0;0;-1;0;0;-1;0;1;0;1;0;1;-1;0;0;-1;0;1;1;-1;1;-1;0,9,"0,1,0,1,2,4,1,2,1"
1718,0;0;0;0;-1;0;0;1;0;-1;0;-1;0;-1;1;0;0;1;0;-1;1;1;-1;1;0,9,"0,1,0,1,2,4,1,2,3"
1719,0;0;0;0;-1;0;0;0;1;0;0;0;0;1;0;0;-1;-1;0;-1;1;0;0;1;0,9,"0,1,0,1,2,4,1,3,1"
1720,0;0;0;0;-1;0;0;0;-1;0;0;0;0;-1;0;0;1;1;0;-1;1;0;0;1;0,9,"0,1,0,1,2,4,1,3,2"
1721,0;0;0;0;1;0;0;0;1;-1;0;0;0;-1;1;0;-1;1;0;0;-1;1;-1;0;0,9,"0,1,0,1,3,4,0,1,3"
1722,0;0;0;0;-1;0;0;1;0;0;0;-1;0;-1;-1;0;0;1;0;0;1;0;1;0;0,9,"0,1,0,1,3,4,1,2,1"
1723,0;0;0;0;-1;0;0;-1;0;0;0;1;0;1;-1;0;0;-1;0;0;1;0;1;0;0,9,"0,1,0,1,3,4,1,2,3"
1724,0;0;0;0;-1;0;0;0;-1;1;0;0;0;-1;1;0;1;1;0;-1;1;-1;-1;1;0,9,"0,1,0,1,3,4,1,3,1"
1725,0;0;0;0;-1;0;0;0;1;-1;0;0;0;1;-1;0;-1;-1;0;1;1;1;1;-1;0,9,"0,1,0,1,3,4,1,3,2"
1726,0;-1;-1;0;1;1;0;0;-1;-1;1;0;0;0;-1;0;1;0;0;0;-1;1;1;0;0,9,"0,1,0,2,0,1,3,4,1"
1727,0;1;1;-1;-1;-1;0;0;1;1;-1;0;0;0;1;1;-1;0;0;0;1;-1;-1;0;0,9,"0,1,0,2,0,1,3,4,2"
1728,0;-1;0;1;1;1;0;0;-1;-1;0;0;0;0;-1;-1;1;0;0;0;-1;1;1;0;0,9,"0,1,0,2,0,1,4,2,4"
1729,0;0;0;-1;0;0;0;1;-1;-1;0;-1;0;0;0;1;1;0;0;0;0;1;0;0;0,9,"0,1,0,2,1,3,0,4,1"
1730,0;0;0;-1;0;0;0;1;0;0;0;-1;0;1;1;1;0;-1;0;0;0;0;-1;0;0,9,"0,1,0,2,1,3,0,4,2"
1731,0;0;0;1;0;0;0;-1;-1;-1;0;1;0;0;0;-1;1;0;0;0;0;1;0;0;0,9,"0,1,0,2,1,3,4,1,2"
1732,0;1;0;-1;0;-1;0;1;1;-1;0;-1;0;0;0;1;-1;0;0;0;0;1;0;0;0,9,"0,1,0,2,1,3,4,1,3"
1733,0;0;0;1;0;0;0;-1;0;0;0;1;0;1;1;-1;0;-1;0;0;0;0;-1;0;0,9,"0,1,0,2,1,3,4,2,1"
1734,0;0;0;1;0;0;0;1;0;0;0;-1;0;1;-1;-1;0;-1;0;0;0;0;1;0;0,9,"0,1,0,2,1,3,4,2,4"
1735,0;0;-1;0;0;0;0;0;-1;0;1;0;0;1;0;0;1;-1;0;1;0;0;0;-1;0,9,"0,1,0,2,1,4,2,3,1"
1736,0;0;-1;0;0;0;0;0;1;0;1;0;0;1;0;0;-1;-1;0;-1;0;0;0;1;0,9,"0,1,0,2,1,4,2,3,4"
1737,0;0;1;0;-1;0;0;0;0;-1;-1;0;0;0;1;0;0;0;0;1;1;1;-1;-1;0,9,"0,1,0,2,1,4,2,4,2"
1738,0;0;-1;0;0;0;0;0;0;-1;1;0;0;0;-1;0;0;0;0;-1;0;1;1;1;0,9,"0,1,0,2,1,4,2,4,3"
1739,0;-1;0;-1;1;1;0;-1;0;-1;0;1;0;0;0;1;0;0;0;-1;-1;1;0;1;0,9,"0,1,0,3,0,1,2,4,1"
1740,0;1;-1;1;-1;-1;0;1;0;1;1;-1;0;0;0;-1;0;0;0;1;1;-1;0;-1;0,9,"0,1,0,3,0,1,2,4,3"
1741,0;-1;1;0;1;1;0;-1;0;-1;-1;1;0;0;0;0;0;0;0;-1;-1;1;0;1;0,9,"0,1,0,3,0,1,4,3,4"
1742,0;0;-1;0;0;0;0;-1;1;-1;1;1;0;0;0;0;-1;0;0;0;0;1;0;0;0,9,"0,1,0,3,1,2,0,4,1"
1743,0;0;-1;0;0;0;0;0;1;0;1;0;0;-1;0;0;-1;1;0;1;0;0;0;-1;0,9,"0,1,0,3,1,2,0,4,3"
1744,0;1;-1;0;0;-1;0;1;1;-1;1;-1;0;0;0;0;-1;0;0;0;0;1;0;0;0,9,"0,1,0,3,1,2,4,1,2"
1745,0;0;1;0;0;0;0;-1;-1;-1;-1;1;0;0;0;0;1;0;0;0;0;1;0;0;0,9,"0,1,0,3,1,2,4,1,3"
1746,0;0;1;0;0;0;0;0;-1;0;-1;0;0;-1;0;0;1;1;0;1;0;0;0;-1;0,9,"0,1,0,3,1,2,4,3,1"
1747,0;0;1;0;0;0;0;0;1;0;-1;0;0;-1;0;0;-1;1;0;-1;0;0;0;1;0,9,"0,1,0,3,1,2,4,3,4"
1748,0;0;0;-1;0;0;0;-1;0;0;0;1;0;-1;1;1;0;1;0;0;0;0;-1;0;0,9,"0,1,0,3,1,4,3,2,1"
1749,0;0;0;-1;0;0;0;1;0;0;0;-1;0;-1;-1;1;0;1;0;0;0;0;1;0;0,9,"0,1,0,3,1,4,3,2,4"
1750,0;0;0;-1;0;0;0;0;0;-1;0;0;0;0;-1;1;0;0;0;-1;0;1;1;1;0,9,"0,1,0,3,1,4,3,4,2"
1751,0;0;0;1;-1;0;0;0;0;-1;0;0;0;0;1;-1;0;0;0;1;1;1;-1;-1;0,9,"0,1,0,3,1,4,3,4,3"
1752,0;1;0;0;0;-1;0;0;-1;-1;0;0;0;0;-1;0;1;0;0;0;0;1;1;0;0,9,"0,2,0,1,2,1,3,4,1"
1753,0;-1;0;1;0;1;0;0;0;-1;0;0;0;0;-1;-1;0;0;0;1;0;1;1;-1;0,9,"0,2,0,1,2,1,4,1,0"
1754,0;0;0;0;-1;0;0;0;0;-1;0;0;0;-1;1;0;0;1;0;-1;1;1;-1;1;0,9,"0,2,0,1,2,3,0,4,3"
1755,0;0;0;-1;0;0;0;0;-1;0;0;0;0;0;-1;1;1;0;0;1;0;0;1;-1;0,9,"0,2,0,1,2,3,1,3,4"
1756,0;0;0;0;1;0;0;0;0;-1;0;0;0;1;0;0;0;-1;0;-1;-1;1;0;1;0,9,"0,2,0,1,2,3,1,4,1"
1757,0;-1;0;-1;-1;1;0;0;0;0;0;0;0;1;0;1;0;-1;0;0;1;0;0;0;0,9,"0,2,0,1,2,3,4,0,1"
1758,0;1;0;-1;1;-1;0;0;0;0;0;0;0;1;0;1;0;-1;0;0;-1;0;0;0;0,9,"0,2,0,1,2,3,4,0,4"
1759,0;-1;0;0;0;1;0;0;1;1;0;0;0;1;0;0;-1;-1;0;0;0;-1;0;0;0,9,"0,2,0,1,2,3,4,1,0"
1760,0;1;0;0;0;-1;0;0;-1;1;0;0;0;-1;0;0;1;1;0;0;0;-1;0;0;0,9,"0,2,0,1,2,3,4,1,3"
1761,0;1;0;0;0;-1;0;0;1;-1;0;0;0;1;0;0;-1;-1;0;0;0;1;0;0;0,9,"0,2,0,1,2,3,4,1,4"
1762,0;0;0;1;-1;0;0;-1;-1;1;0;1;0;0;0;-1;1;0;0;0;1;-1;0;0;0,9,"0,2,0,1,2,4,0,1,2"
1763,0;1;0;-1;-1;-1;0;1;1;1;0;-1;0;0;0;1;-1;0;0;0;1;-1;0;0;0,9,"0,2,0,1,2,4,0,1,3"
1764,0;-1;0;1;1;1;0;1;-1;-1;0;-1;0;0;0;-1;1;0;0;0;-1;1;0;0;0,9,"0,2,0,1,2,4,0,1,4"
1765,0;0;1;-1;0;0;0;0;1;0;-1;0;0;1;0;1;-1;-1;0;-1;0;0;0;1;0,9,"0,2,0,1,2,4,0,3,1"
1766,0;0;1;-1;0;0;0;0;-1;0;-1;0;0;1;0;1;1;-1;0;1;0;0;0;-1;0,9,"0,2,0,1,2,4,0,3,4"
1767,0;0;0;0;1;0;0;1;0;-1;0;-1;0;-1;1;0;0;1;0;-1;-1;1;-1;1;0,9,"0,2,0,1,2,4,0,4,1"
1768,0;0;0;0;1;0;0;-1;0;1;0;1;0;1;-1;0;0;-1;0;1;-1;-1;1;-1;0,9,"0,2,0,1,2,4,0,4,3"
1769,0;0;0;1;0;0;0;-1;1;0;0;1;0;0;0;-1;-1;0;0;1;0;0;0;-1;0,9,"0,2,0,1,2,4,1,2,3"
1770,0;0;0;-1;0;0;0;1;1;0;0;-1;0;0;0;1;-1;0;0;1;0;0;0;-1;0,9,"0,2,0,1,2,4,1,3,0"
1771,0;0;0;1;0;0;0;-1;-1;0;0;1;0;0;0;-1;1;0;0;1;0;0;0;-1;0,9,"0,2,0,1,2,4,1,3,1"
1772,0;0;0;1;0;0;0;1;1;0;0;-1;0;0;0;-1;-1;0;0;-1;0;0;0;1;0,9,"0,2,0,1,2,4,1,3,4"
1773,0;1;1;0;-1;-1;0;0;0;0;-1;0;0;0;0;0;0;0;0;-1;1;0;0;1;0,9,"0,2,0,1,3,0,1,4,3"
1774,0;1;1;0;1;-1;0;0;0;0;-1;0;0;0;0;0;0;0;0;1;-1;0;0;-1;0,9,"0,2,0,1,3,0,2,4,0"
1775,0;-1;-1;0;-1;1;0;0;0;0;1;0;0;0;0;0;0;0;0;-1;1;0;0;1;0,9,"0,2,0,1,3,0,2,4,3"
1776,0;-1;1;0;1;1;0;0;0;0;-1;0;0;0;0;0;0;0;0;1;-1;0;0;-1;0,9,"0,2,0,1,3,0,4,3,4"
1777,0;0;0;0;-1;0;0;0;0;-1;0;0;0;-1;-1;0;0;1;0;0;1;1;1;0;0,9,"0,2,0,1,3,2,0,4,2"
1778,0;0;-1;1;0;0;0;-1;1;0;1;1;0;-1;1;-1;-1;1;0;0;0;0;-1;0;0,9,"0,2,0,1,3,2,1,2,4"
1779,0;0;0;0;-1;0;0;0;0;1;0;0;0;1;-1;0;0;-1;0;0;1;-1;1;0;0,9,"0,2,0,1,3,2,1,4,0"
1780,0;0;0;0;1;0;0;0;0;-1;0;0;0;1;-1;0;0;-1;0;0;-1;1;1;0;0,9,"0,2,0,1,3,2,1,4,1"
1781,0;0;0;0;1;0;0;0;0;1;0;0;0;-1;1;0;0;1;0;-1;-1;-1;-1;1;0,9,"0,2,0,1,3,2,1,4,2"
1782,0;-1;-1;0;-1;1;0;0;0;0;1;0;0;1;0;0;0;-1;0;0;1;0;0;0;0,9,"0,2,0,1,3,2,4,0,1"
1783,0;1;-1;0;1;-1;0;0;0;0;1;0;0;1;0;0;0;-1;0;0;-1;0;0;0;0,9,"0,2,0,1,3,2,4,0,4"
1784,0;-1;0;0;0;1;0;1;0;1;0;-1;0;1;0;0;0;-1;0;0;0;-1;0;0;0,9,"0,2,0,1,3,2,4,1,0"
1785,0;1;0;0;0;-1;0;-1;1;1;0;1;0;-1;0;0;-1;1;0;0;0;-1;0;0;0,9,"0,2,0,1,3,2,4,1,2"
1786,0;1;0;0;0;-1;0;1;0;-1;0;-1;0;1;0;0;0;-1;0;0;0;1;0;0;0,9,"0,2,0,1,3,2,4,1,4"
1787,0;0;-1;-1;0;0;0;1;0;0;1;-1;0;0;-1;1;0;0;0;0;0;0;1;0;0,9,"0,2,0,1,3,4,0,2,1"
1788,0;0;-1;-1;0;0;0;-1;0;0;1;1;0;0;1;1;0;0;0;0;0;0;-1;0;0,9,"0,2,0,1,3,4,0,2,4"
1789,0;0;0;-1;1;0;0;0;0;1;0;0;0;0;1;1;0;0;0;0;-1;-1;-1;0;0,9,"0,2,0,1,3,4,0,4,2"
1790,0;0;0;-1;0;0;0;1;0;0;0;-1;0;1;-1;1;0;-1;0;0;0;0;1;0;0,9,"0,2,0,1,4,0,3,2,1"
1791,0;0;0;-1;0;0;0;-1;0;0;0;1;0;1;1;1;0;-1;0;0;0;0;-1;0;0,9,"0,2,0,1,4,0,3,2,4"
1792,0;1;0;-1;0;-1;0;1;0;-1;0;-1;0;0;0;1;0;0;0;0;0;1;0;0;0,9,"0,2,0,3,4,1,0,4,1"
1793,0;0;-1;-1;0;0;0;1;0;0;1;-1;0;0;1;1;0;0;0;0;0;0;-1;0;0,9,"0,2,0,3,4,1,0,4,2"
1794,0;0;-1;0;0;0;0;-1;0;0;1;1;0;0;1;0;0;0;0;-1;0;0;-1;1;0,9,"0,2,0,3,4,1,2,0,4"
1795,0;0;1;0;0;0;0;1;0;0;-1;-1;0;0;1;0;0;0;0;-1;0;0;-1;1;0,9,"0,2,0,3,4,1,2,1,4"
1796,0;-1;-1;0;1;1;0;0;0;0;1;0;0;1;0;0;0;-1;0;0;-1;0;0;0;0,9,"0,2,0,3,4,1,4,2,0"
1797,0;-1;0;0;0;1;0;0;1;-1;0;0;0;1;-1;0;-1;-1;0;1;0;1;1;-1;0,9,"0,2,0,4,1,0,4,1,0"
1798,0;1;0;0;0;-1;0;0;1;-1;0;0;0;-1;1;0;-1;1;0;0;0;1;-1;0;0,9,"0,2,0,4,1,0,4,1,2"
1799,0;0;1;-1;0;0;0;0;1;0;-1;0;0;1;0;1;-1;-1;0;1;0;0;0;-1;0,9,"0,2,0,4,1,0,4,2,3"
1800,0;-1;0;-1;1;1;0;0;0;0;0;0;0;1;0;1;0;-1;0;0;-1;0;0;0;0,9,"0,2,0,4,1,4,2,3,0"
1801,0;1;0;0;-1;-1;0;-1;1;1;0;1;0;-1;-1;0;-1;1;0;0;1;-1;1;0;0,9,"0,2,4,1,0,1,3,4,0"
1802,0;-1;0;0;1;1;0;1;0;-1;0;-1;0;1;1;0;0;-1;0;0;-1;1;-1;0;0,9,"0,2,4,1,0,1,3,4,2"
1803,0;1;0;0;-1;-1;0;0;-1;1;0;0;0;-1;1;0;1;1;0;-1;1;-1;-1;1;0,9,"0,2,4,1,0,1,4,0,2"
1804,0;-1;0;0;1;1;0;0;1;-1;0;0;0;1;0;0;-1;-1;0;1;-1;1;0;-1;0,9,"0,2,4,1,0,1,4,2,3"
1805,0;0;-1;0;0;0;0;0;-1;0;1;0;0;1;1;0;1;-1;0;0;0;0;-1;0;0,9,"0,2,4,1,0,3,4,2,0"
1806,0;0;1;0;0;0;0;0;-1;0;-1;0;0;1;-1;0;1;-1;0;0;0;0;1;0;0,9,"0,2,4,1,0,3,4,2,4"
1807,0;0;0;-1;0;0;0;1;-1;0;0;-1;0;1;0;1;1;-1;0;1;0;0;0;-1;0,9,"0,2,4,1,0,4,2,3,0"
1808,0;0;0;1;0;0;0;1;-1;0;0;-1;0;1;0;-1;1;-1;0;-1;0;0;0;1;0,9,"0,2,4,1,0,4,2,3,4"
1809,0;1;0;1;-1;-1;0;0;0;0;0;0;0;0;-1;-1;0;0;0;0;1;0;1;0;0,9,"0,3,0,1,2,0,1,4,2"
1810,0;1;0;1;1;-1;0;0;0;0;0;0;0;0;1;-1;0;0;0;0;-1;0;-1;0;0,9,"0,3,0,1,2,0,3,4,0"
1811,0;-1;0;-1;-1;1;0;0;0;0;0;0;0;0;-1;1;0;0;0;0;1;0;1;0;0,9,"0,3,0,1,2,0,3,4,2"
1812,0;-1;0;1;1;1;0;0;0;0;0;0;0;0;1;-1;0;0;0;0;-1;0;-1;0;0,9,"0,3,0,1,2,0,4,2,4"
1813,0;0;0;0;-1;0;0;0;0;-1;0;0;0;1;0;0;0;-1;0;-1;1;1;0;1;0,9,"0,3,0,1,2,3,0,4,3"
1814,0;0;1;-1;0;0;0;1;-1;0;-1;-1;0;1;0;1;1;-1;0;1;0;0;0;-1;0,9,"0,3,0,1,2,3,1,3,4"
1815,0;0;0;0;-1;0;0;0;0;1;0;0;0;-1;0;0;0;1;0;-1;1;-1;0;1;0,9,"0,3,0,1,2,3,1,4,0"
1816,0;0;0;0;1;0;0;0;0;-1;0;0;0;-1;0;0;0;1;0;-1;-1;1;0;1;0,9,"0,3,0,1,2,3,1,4,1"
1817,0;0;0;0;1;0;0;0;0;1;0;0;0;1;-1;0;0;-1;0;1;-1;-1;1;-1;0,9,"0,3,0,1,2,3,1,4,3"
1818,0;-1;0;-1;-1;1;0;0;0;0;0;0;0;-1;0;1;0;1;0;0;1;0;0;0;0,9,"0,3,0,1,2,3,4,0,1"
1819,0;1;0;-1;1;-1;0;0;0;0;0;0;0;-1;0;1;0;1;0;0;-1;0;0;0;0,9,"0,3,0,1,2,3,4,0,4"
1820,0;-1;0;0;0;1;0;0;1;1;0;0;0;-1;0;0;-1;1;0;0;0;-1;0;0;0,9,"0,3,0,1,2,3,4,1,0"
1821,0;1;0;0;0;-1;0;1;-1;1;0;-1;0;1;0;0;1;-1;0;0;0;-1;0;0;0,9,"0,3,0,1,2,3,4,1,3"
1822,0;1;0;0;0;-1;0;0;1;-1;0;0;0;-1;0;0;-1;1;0;0;0;1;0;0;0,9,"0,3,0,1,2,3,4,1,4"
1823,0;0;-1;-1;0;0;0;0;1;0;1;0;0;0;0;1;-1;0;0;-1;0;0;0;1;0,9,"0,3,0,1,2,4,0,3,1"
1824,0;0;-1;-1;0;0;0;0;-1;0;1;0;0;0;0;1;1;0;0;1;0;0;0;-1;0,9,"0,3,0,1,2,4,0,3,4"
1825,0;0;-1;0;1;0;0;0;0;1;1;0;0;0;0;0;0;0;0;1;-1;-1;0;-1;0,9,"0,3,0,1,2,4,0,4,3"
1826,0;1;0;0;0;-1;0;-1;0;-1;0;1;0;0;0;0;0;0;0;-1;0;1;0;1;0,9,"0,3,0,1,3,1,2,4,1"
1827,0;-1;1;0;0;1;0;0;0;-1;-1;0;0;0;1;0;0;0;0;-1;0;1;-1;1;0,9,"0,3,0,1,3,1,4,1,0"
1828,0;0;0;0;-1;0;0;0;0;-1;0;0;0;1;-1;0;0;-1;0;1;1;1;1;-1;0,9,"0,3,0,1,3,2,0,4,2"
1829,0;0;0;0;1;0;0;0;0;-1;0;0;0;-1;-1;0;0;1;0;0;-1;1;1;0;0,9,"0,3,0,1,3,2,1,4,1"
1830,0;-1;-1;0;-1;1;0;0;0;0;1;0;0;-1;0;0;0;1;0;0;1;0;0;0;0,9,"0,3,0,1,3,2,4,0,1"
1831,0;1;-1;0;1;-1;0;0;0;0;1;0;0;-1;0;0;0;1;0;0;-1;0;0;0;0,9,"0,3,0,1,3,2,4,0,4"
1832,0;-1;0;0;0;1;0;1;0;1;0;-1;0;-1;0;0;0;1;0;0;0;-1;0;0;0,9,"0,3,0,1,3,2,4,1,0"
1833,0;1;0;0;0;-1;0;-1;0;1;0;1;0;1;0;0;0;-1;0;0;0;-1;0;0;0,9,"0,3,0,1,3,2,4,1,2"
1834,0;1;0;0;0;-1;0;1;0;-1;0;-1;0;-1;0;0;0;1;0;0;0;1;0;0;0,9,"0,3,0,1,3,2,4,1,4"
1835,0;1;-1;0;-1;-1;0;1;1;1;1;-1;0;0;0;0;-1;0;0;0;1;-1;0;0;0,9,"0,3,0,1,3,4,0,1,2"
1836,0;0;1;0;-1;0;0;-1;-1;1;-1;1;0;0;0;0;1;0;0;0;1;-1;0;0;0,9,"0,3,0,1,3,4,0,1,3"
1837,0;-1;1;0;1;1;0;-1;1;-1;-1;1;0;0;0;0;-1;0;0;0;-1;1;0;0;0,9,"0,3,0,1,3,4,0,1,4"
1838,0;0;-1;1;0;0;0;1;0;0;1;-1;0;-1;-1;-1;0;1;0;0;0;0;1;0;0,9,"0,3,0,1,3,4,0,2,1"
1839,0;0;-1;1;0;0;0;-1;0;0;1;1;0;-1;1;-1;0;1;0;0;0;0;-1;0;0,9,"0,3,0,1,3,4,0,2,4"
1840,0;0;0;0;1;0;0;0;1;-1;0;0;0;1;-1;0;-1;-1;0;1;-1;1;1;-1;0,9,"0,3,0,1,3,4,0,4,1"
1841,0;0;0;0;1;0;0;0;-1;1;0;0;0;-1;1;0;1;1;0;-1;-1;-1;-1;1;0,9,"0,3,0,1,3,4,0,4,2"
1842,0;0;-1;0;0;0;0;1;1;0;1;-1;0;0;1;0;-1;0;0;0;0;0;-1;0;0,9,"0,3,0,1,3,4,1,2,0"
1843,0;0;1;0;0;0;0;-1;-1;0;-1;1;0;0;1;0;1;0;0;0;0;0;-1;0;0,9,"0,3,0,1,3,4,1,2,1"
1844,0;0;1;0;0;0;0;1;-1;0;-1;-1;0;0;1;0;1;0;0;0;0;0;-1;0;0,9,"0,3,0,1,3,4,1,2,3"
1845,0;0;1;0;0;0;0;1;1;0;-1;-1;0;0;-1;0;-1;0;0;0;0;0;1;0;0,9,"0,3,0,1,3,4,1,2,4"
1846,0;0;-1;0;0;0;0;0;1;0;1;0;0;-1;0;0;-1;1;0;-1;0;0;0;1;0,9,"0,3,0,1,4,0,2,3,1"
1847,0;0;-1;0;0;0;0;0;-1;0;1;0;0;-1;0;0;1;1;0;1;0;0;0;-1;0,9,"0,3,0,1,4,0,2,3,4"
1848,0;1;-1;0;0;-1;0;0;1;-1;1;0;0;0;0;0;-1;0;0;0;0;1;0;0;0,9,"0,3,0,2,4,1,0,4,1"
1849,0;0;-1;-1;0;0;0;0;1;0;1;0;0;0;0;1;-1;0;0;1;0;0;0;-1;0,9,"0,3,0,2,4,1,0,4,3"
1850,0;0;0;1;0;0;0;0;1;0;0;0;0;0;-1;-1;-1;0;0;1;0;0;1;-1;0,9,"0,3,0,2,4,1,3,1,4"
1851,0;-1;0;-1;1;1;0;0;0;0;0;0;0;-1;0;1;0;1;0;0;-1;0;0;0;0,9,"0,3,0,2,4,1,4,3,0"
1852,0;-1;0;0;0;1;0;1;0;-1;0;-1;0;-1;1;0;0;1;0;-1;0;1;-1;1;0,9,"0,3,0,4,1,0,4,1,0"
1853,0;1;0;0;0;-1;0;1;0;-1;0;-1;0;1;0;0;0;-1;0;1;0;1;0;-1;0,9,"0,3,0,4,1,0,4,1,3"
1854,0;0;-1;1;0;0;0;1;0;0;1;-1;0;-1;1;-1;0;1;0;0;0;0;-1;0;0,9,"0,3,0,4,1,0,4,3,2"
1855,0;-1;-1;0;1;1;0;0;0;0;1;0;0;-1;0;0;0;1;0;0;-1;0;0;0;0,9,"0,3,0,4,1,4,3,2,0"
1856,0;1;0;0;-1;-1;0;1;-1;1;0;-1;0;1;0;0;1;-1;0;-1;1;-1;0;1;0,9,"0,3,4,1,0,1,2,4,0"
1857,0;-1;0;0;1;1;0;0;1;-1;0;0;0;-1;0;0;-1;1;0;1;-1;1;0;-1;0,9,"0,3,4,1,0,1,2,4,3"
1858,0;1;0;0;-1;-1;0;-1;0;1;0;1;0;1;-1;0;0;-1;0;1;1;-1;1;-1;0,9,"0,3,4,1,0,1,4,0,3"
1859,0;-1;0;0;1;1;0;1;0;-1;0;-1;0;-1;1;0;0;1;0;0;-1;1;-1;0;0,9,"0,3,4,1,0,1,4,3,2"
1860,0;0;0;-1;0;0;0;-1;0;0;0;1;0;-1;0;1;0;1;0;1;0;0;0;-1;0,9,"0,3,4,1,0,2,4,3,0"
1861,0;0;0;1;0;0;0;-1;0;0;0;1;0;-1;0;-1;0;1;0;-1;0;0;0;1;0,9,"0,3,4,1,0,2,4,3,4"
1862,0;0;-1;0;0;0;0;-1;1;0;1;1;0;-1;1;0;-1;1;0;0;0;0;-1;0;0,9,"0,3,4,1,0,4,3,2,0"
1863,0;0;1;0;0;0;0;-1;1;0;-1;1;0;-1;-1;0;-1;1;0;0;0;0;1;0;0,9,"0,3,4,1,0,4,3,2,4"
1864,0;-1;1;0;1;1;0;-1;0;-1;-1;1;0;0;0;0;0;0;0;1;-1;1;0;-1;0,9,"1,0,2,0,1,3,0,4,0"
1865,0;1;-1;0;-1;-1;0;0;0;0;1;0;0;0;0;0;0;0;0;-1;1;0;0;1;0,9,"1,0,2,0,1,3,0,4,3"
1866,0;-1;0;-1;0;1;0;1;0;-1;0;-1;0;0;0;1;0;0;0;0;0;1;0;0;0,9,"1,0,2,0,1,3,4,0,1"
1867,0;1;0;-1;-1;-1;0;1;0;0;0;-1;0;0;1;1;0;0;0;0;1;0;-1;0;0,9,"1,0,2,0,1,3,4,0,2"
1868,0;1;0;1;-1;-1;0;-1;0;1;0;1;0;0;-1;-1;0;0;0;0;1;-1;1;0;0,9,"1,0,2,0,1,3,4,0,3"
1869,0;0;0;-1;1;0;0;0;0;-1;0;0;0;0;1;1;0;0;0;0;-1;1;-1;0;0,9,"1,0,2,0,1,3,4,0,4"
1870,0;0;0;1;-1;0;0;0;-1;1;0;0;0;0;-1;-1;1;0;0;0;1;-1;1;0;0,9,"1,0,2,0,1,3,4,2,4"
1871,0;0;0;-1;0;0;0;1;-1;0;0;-1;0;0;1;1;1;0;0;-1;0;0;-1;1;0,9,"1,0,2,0,1,4,0,2,3"
1872,0;0;-1;0;1;0;0;0;0;1;1;0;0;0;-1;0;0;0;0;-1;-1;-1;1;1;0,9,"1,0,2,0,1,4,0,2,4"
1873,0;0;0;-1;0;0;0;1;1;-1;0;-1;0;0;0;1;-1;0;0;0;0;1;0;0;0,9,"1,0,2,0,1,4,0,3,1"
1874,0;0;0;-1;0;0;0;0;0;-1;0;0;0;0;1;1;0;0;0;1;0;1;-1;-1;0,9,"1,0,2,0,1,4,0,3,4"
1875,0;-1;0;1;1;1;0;0;0;0;0;0;0;0;-1;-1;0;0;0;0;-1;0;1;0;0,9,"1,0,2,0,1,4,2,4,0"
1876,0;1;1;0;-1;-1;0;0;1;0;-1;0;0;0;0;0;-1;0;0;0;1;0;0;0;0,9,"1,0,2,0,3,4,0,3,1"
1877,0;0;-1;1;0;0;0;0;1;0;1;0;0;-1;1;-1;-1;1;0;-1;0;0;-1;1;0,9,"1,0,2,0,3,4,2,4,2"
1878,0;-1;1;0;1;1;0;0;1;-1;-1;0;0;0;0;0;-1;0;0;1;-1;1;0;-1;0,9,"1,0,2,1,4,0,2,4,0"
1879,0;1;-1;0;-1;-1;0;1;-1;1;1;-1;0;0;0;0;1;0;0;-1;1;-1;0;1;0,9,"1,0,2,1,4,0,2,4,3"
1880,0;0;1;0;0;0;0;1;1;-1;-1;-1;0;0;1;0;-1;0;0;1;0;1;-1;-1;0,9,"1,0,2,1,4,0,4,0,2"
1881,0;0;-1;0;1;0;0;-1;-1;1;1;1;0;0;-1;0;1;0;0;-1;-1;-1;1;1;0,9,"1,0,2,1,4,0,4,0,3"
1882,0;-1;0;1;1;1;0;0;-1;-1;0;0;0;0;1;-1;1;0;0;0;-1;1;-1;0;0,9,"1,0,3,0,1,2,0,4,0"
1883,0;1;0;-1;-1;-1;0;0;0;0;0;0;0;0;-1;1;0;0;0;0;1;0;1;0;0,9,"1,0,3,0,1,2,0,4,2"
1884,0;-1;-1;0;0;1;0;0;1;-1;1;0;0;0;0;0;-1;0;0;0;0;1;0;0;0,9,"1,0,3,0,1,2,4,0,1"
1885,0;1;1;0;-1;-1;0;0;-1;1;-1;0;0;0;0;0;1;0;0;-1;1;-1;0;1;0,9,"1,0,3,0,1,2,4,0,2"
1886,0;1;-1;0;-1;-1;0;0;1;0;1;0;0;0;0;0;-1;0;0;1;1;0;0;-1;0,9,"1,0,3,0,1,2,4,0,3"
1887,0;0;-1;0;1;0;0;0;0;-1;1;0;0;0;0;0;0;0;0;1;-1;1;0;-1;0,9,"1,0,3,0,1,2,4,0,4"
1888,0;0;1;0;-1;0;0;-1;0;1;-1;1;0;0;0;0;0;0;0;-1;1;-1;0;1;0,9,"1,0,3,0,1,2,4,3,4"
1889,0;0;-1;0;0;0;0;1;1;-1;1;-1;0;0;0;0;-1;0;0;0;0;1;0;0;0,9,"1,0,3,0,1,4,0,2,1"
1890,0;0;-1;0;0;0;0;-1;1;0;1;1;0;0;-1;0;-1;0;0;1;0;0;1;-1;0,9,"1,0,3,0,1,4,0,2,3"
1891,0;0;-1;0;0;0;0;0;0;-1;1;0;0;0;1;0;0;0;0;1;0;1;-1;-1;0,9,"1,0,3,0,1,4,0,2,4"
1892,0;0;0;-1;1;0;0;0;0;1;0;0;0;0;-1;1;0;0;0;-1;-1;-1;1;1;0,9,"1,0,3,0,1,4,0,3,4"
1893,0;-1;1;0;1;1;0;0;0;0;-1;0;0;0;0;0;0;0;0;-1;-1;0;0;1;0,9,"1,0,3,0,1,4,3,4,0"
1894,0;1;0;1;-1;-1;0;1;0;0;0;-1;0;0;0;-1;0;0;0;0;1;0;0;0;0,9,"1,0,3,0,2,4,0,2,1"
1895,0;0;1;-1;0;0;0;1;0;0;-1;-1;0;1;-1;1;0;-1;0;1;0;0;1;-1;0,9,"1,0,3,0,2,4,3,4,3"
1896,0;-1;0;1;1;1;0;1;0;-1;0;-1;0;0;1;-1;0;0;0;0;-1;1;-1;0;0,9,"1,0,3,1,4,0,3,4,0"
1897,0;1;0;-1;-1;-1;0;-1;1;1;0;1;0;0;-1;1;-1;0;0;0;1;-1;1;0;0,9,"1,0,3,1,4,0,3,4,2"
1898,0;0;0;-1;1;0;0;-1;-1;1;0;1;0;0;-1;1;1;0;0;-1;-1;-1;1;1;0,9,"1,0,3,1,4,0,4,0,2"
1899,0;0;0;1;0;0;0;1;1;-1;0;-1;0;0;1;-1;-1;0;0;1;0;1;-1;-1;0,9,"1,0,3,1,4,0,4,0,3"
1900,0;1;1;0;-1;-1;0;0;1;0;-1;0;0;0;1;0;-1;0;0;1;1;0;-1;-1;0,9,"1,0,4,0,2,0,1,4,2"
1901,0;1;-1;0;0;-1;0;0;-1;1;1;0;0;0;-1;0;1;0;0;-1;0;-1;1;1;0,9,"1,0,4,0,2,0,1,4,3"
1902,0;0;1;-1;0;0;0;0;1;0;-1;0;0;0;1;1;-1;0;0;-1;0;0;-1;1;0,9,"1,0,4,0,2,0,4,2,3"
1903,0;1;0;-1;0;-1;0;-1;0;1;0;1;0;0;-1;1;0;0;0;-1;0;-1;1;1;0,9,"1,0,4,0,3,0,1,4,2"
1904,0;1;0;1;-1;-1;0;1;0;0;0;-1;0;0;1;-1;0;0;0;1;1;0;-1;-1;0,9,"1,0,4,0,3,0,1,4,3"
1905,0;0;-1;1;0;0;0;1;0;0;1;-1;0;0;-1;-1;0;0;0;1;0;0;1;-1;0,9,"1,0,4,0,3,0,4,2,3"
1906,0;0;0;0;1;0;0;0;1;1;0;0;0;0;-1;0;-1;0;0;0;-1;-1;1;0;0,9,"1,2,0,1,3,1,2,4,0"
1907,0;0;0;0;-1;0;0;0;-1;-1;0;0;0;0;-1;0;1;0;0;0;1;1;1;0;0,9,"1,2,0,1,3,1,2,4,1"
1908,0;0;0;0;-1;0;0;0;1;1;0;0;0;0;1;0;-1;0;0;0;1;-1;-1;0;0,9,"1,2,0,1,3,1,2,4,2"
1909,0;1;-1;0;1;-1;0;0;-1;0;1;0;0;0;0;0;1;0;0;0;-1;0;0;0;0,9,"1,2,0,1,3,1,3,4,0"
1910,0;0;-1;0;0;0;0;1;-1;0;1;-1;0;0;-1;0;1;0;0;0;0;0;1;0;0,9,"1,2,0,1,3,1,3,4,2"
1911,0;1;1;0;1;-1;0;0;1;0;-1;0;0;0;0;0;-1;0;0;0;-1;0;0;0;0,9,"1,2,0,1,3,1,4,0,2"
1912,0;1;-1;0;-1;-1;0;0;1;0;1;0;0;0;0;0;-1;0;0;0;1;0;0;0;0,9,"1,2,0,1,3,1,4,0,4"
1913,0;-1;1;0;0;1;0;0;0;-1;-1;0;0;0;1;0;0;0;0;1;0;1;-1;-1;0,9,"1,2,0,1,3,2,4,2,0"
1914,0;1;0;-1;0;-1;0;1;1;1;0;-1;0;0;0;1;-1;0;0;0;0;-1;0;0;0,9,"1,2,0,1,3,4,0,1,2"
1915,0;0;0;1;0;0;0;-1;-1;1;0;1;0;0;0;-1;1;0;0;0;0;-1;0;0;0,9,"1,2,0,1,3,4,0,1,3"
1916,0;1;0;-1;0;-1;0;-1;1;-1;0;1;0;0;0;1;-1;0;0;0;0;1;0;0;0,9,"1,2,0,1,3,4,0,1,4"
1917,0;1;-1;0;1;-1;0;1;0;0;1;-1;0;-1;-1;0;0;1;0;0;-1;0;1;0;0,9,"1,2,0,1,3,4,0,2,1"
1918,0;-1;1;0;-1;1;0;-1;0;0;-1;1;0;-1;1;0;0;1;0;0;1;0;-1;0;0,9,"1,2,0,1,3,4,0,2,4"
1919,0;0;0;0;1;0;0;0;0;-1;0;0;0;1;-1;0;0;-1;0;1;-1;1;1;-1;0,9,"1,2,0,1,3,4,2,4,2"
1920,0;1;0;0;0;-1;0;-1;1;1;0;1;0;-1;-1;0;-1;1;0;0;0;-1;1;0;0,9,"1,2,0,1,4,0,1,2,3"
1921,0;1;0;0;0;-1;0;1;-1;-1;0;-1;0;1;1;0;1;-1;0;0;0;1;-1;0;0,9,"1,2,0,1,4,0,1,2,4"
1922,0;1;0;0;0;-1;0;0;1;0;0;0;0;-1;0;0;-1;1;0;1;0;0;0;-1;0,9,"1,2,0,1,4,0,1,3,2"
1923,0;1;0;0;0;-1;0;0;1;0;0;0;0;1;0;0;-1;-1;0;-1;0;0;0;1;0,9,"1,2,0,1,4,0,1,3,4"
1924,0;1;0;-1;1;-1;0;0;1;0;0;0;0;-1;0;1;-1;1;0;-1;-1;0;0;1;0,9,"1,2,0,1,4,0,2,3,1"
1925,0;-1;0;1;-1;1;0;0;-1;0;0;0;0;-1;0;-1;1;1;0;1;1;0;0;-1;0,9,"1,2,0,1,4,0,2,3,4"
1926,0;0;1;0;-1;0;0;0;0;-1;-1;0;0;0;1;0;0;0;0;-1;1;1;-1;1;0,9,"1,2,0,1,4,0,2,4,1"
1927,0;0;-1;0;0;0;0;0;0;1;1;0;0;0;-1;0;0;0;0;-1;0;-1;1;1;0,9,"1,2,0,1,4,0,2,4,2"
1928,0;0;1;0;-1;0;0;0;0;1;-1;0;0;0;1;0;0;0;0;1;1;-1;-1;-1;0,9,"1,2,0,1,4,0,2,4,3"
1929,0;-1;0;0;0;1;0;1;-1;-1;0;-1;0;1;0;0;1;-1;0;0;0;1;0;0;0,9,"1,2,0,1,4,2,3,1,3"
1930,0;0;0;0;1;0;0;0;-1;1;0;0;0;0;1;0;1;0;0;0;-1;-1;-1;0;0,9,"1,2,0,3,0,1,4,3,1"
1931,0;1;1;-1;1;-1;0;0;1;0;-1;0;0;0;0;1;-1;0;0;0;-1;0;0;0;0,9,"1,2,0,3,1,4,0,2,3"
1932,0;0;1;1;-1;0;0;0;-1;0;-1;0;0;0;0;-1;1;0;0;0;1;0;0;0;0,9,"1,2,0,3,1,4,0,2,4"
1933,0;-1;-1;0;1;1;0;0;-1;0;1;0;0;0;0;0;1;0;0;0;-1;0;0;0;0,9,"1,2,0,3,1,4,0,3,1"
1934,0;1;-1;-1;-1;-1;0;0;1;0;1;0;0;0;0;1;-1;0;0;0;1;0;0;0;0,9,"1,2,0,3,1,4,0,3,4"
1935,0;0;-1;1;0;0;0;0;-1;0;1;0;0;0;-1;-1;1;0;0;1;0;0;1;-1;0,9,"1,2,0,3,4,0,3,0,2"
1936,0;1;1;-1;-1;-1;0;0;1;1;-1;0;0;0;0;1;-1;0;0;0;1;-1;0;0;0,9,"1,2,0,4,0,1,2,3,0"
1937,0;1;-1;1;1;-1;0;1;0;0;1;-1;0;0;0;-1;0;0;0;0;-1;0;0;0;0,9,"1,2,0,4,0,1,2,4,0"
1938,0;1;0;-1;-1;-1;0;1;0;0;0;-1;0;0;0;1;0;0;0;0;1;0;0;0;0,9,"1,2,0,4,0,2,3,0,1"
1939,0;1;-1;0;0;-1;0;0;1;1;1;0;0;0;0;0;-1;0;0;0;0;-1;0;0;0,9,"1,2,0,4,0,2,4,0,1"
1940,0;-1;1;1;1;1;0;0;-1;-1;-1;0;0;0;0;-1;1;0;0;0;-1;1;0;0;0,9,"1,2,0,4,0,2,4,0,2"
1941,0;0;-1;-1;1;0;0;0;1;-1;1;0;0;0;0;1;-1;0;0;0;-1;1;0;0;0,9,"1,2,0,4,0,2,4,0,3"
1942,0;0;0;1;0;0;0;-1;-1;0;0;1;0;0;0;-1;1;0;0;-1;0;0;0;1;0,9,"1,2,0,4,2,3,0,1,2"
1943,0;1;0;-1;0;-1;0;1;1;-1;0;-1;0;0;0;1;-1;0;0;1;0;1;0;-1;0,9,"1,2,0,4,2,3,0,1,3"
1944,0;0;1;-1;0;0;0;0;-1;0;-1;0;0;0;1;1;1;0;0;-1;0;0;-1;1;0,9,"1,2,0,4,2,3,0,3,4"
1945,0;0;0;-1;0;0;0;-1;-1;0;0;1;0;0;0;1;1;0;0;1;0;0;0;-1;0,9,"1,2,0,4,2,3,1,2,4"
1946,0;0;0;-1;1;0;0;1;1;-1;0;-1;0;0;0;1;-1;0;0;0;-1;1;0;0;0,9,"1,2,0,4,2,3,1,3,0"
1947,0;0;0;0;1;0;0;1;0;1;0;-1;0;0;0;0;0;0;0;-1;-1;-1;0;1;0,9,"1,2,0,4,2,3,1,3,4"
1948,0;1;0;0;0;-1;0;0;1;1;0;0;0;0;1;0;-1;0;0;0;0;-1;-1;0;0,9,"1,2,0,4,2,4,3,1,3"
1949,0;0;1;-1;0;0;0;-1;0;0;-1;1;0;0;1;1;0;0;0;-1;0;0;-1;1;0,9,"1,2,3,0,2,0,4,2,3"
1950,0;-1;0;1;-1;1;0;-1;0;0;0;1;0;0;0;-1;0;0;0;0;1;0;0;0;0,9,"1,2,4,0,1,2,4,0,1"
1951,0;0;1;1;-1;0;0;-1;0;0;-1;1;0;0;0;-1;0;0;0;0;1;0;0;0;0,9,"1,2,4,0,1,2,4,0,2"
1952,0;1;-1;-1;-1;-1;0;1;0;0;1;-1;0;0;0;1;0;0;0;0;1;0;0;0;0,9,"1,2,4,0,1,2,4,0,3"
1953,0;-1;-1;0;0;1;0;0;-1;-1;1;0;0;0;0;0;1;0;0;0;0;1;0;0;0,9,"1,2,4,0,2,4,0,3,1"
1954,0;0;-1;0;0;0;0;1;-1;-1;1;-1;0;0;0;0;1;0;0;0;0;1;0;0;0,9,"1,2,4,0,4,0,2,3,1"
1955,0;0;-1;0;0;0;0;-1;1;1;1;1;0;0;0;0;-1;0;0;0;0;-1;0;0;0,9,"1,2,4,0,4,0,2,4,1"
1956,0;1;0;-1;1;-1;0;-1;0;0;0;1;0;0;0;1;0;0;0;0;-1;0;0;0;0,9,"1,3,0,1,2,1,2,4,0"
1957,0;0;0;-1;0;0;0;-1;1;0;0;1;0;0;0;1;-1;0;0;-1;0;0;0;1;0,9,"1,3,0,1,2,1,2,4,3"
1958,0;0;0;0;-1;0;0;-1;0;-1;0;1;0;0;0;0;0;0;0;-1;1;1;0;1;0,9,"1,3,0,1,2,1,3,4,1"
1959,0;0;0;0;-1;0;0;1;0;1;0;-1;0;0;0;0;0;0;0;1;1;-1;0;-1;0,9,"1,3,0,1,2,1,3,4,3"
1960,0;1;0;1;1;-1;0;1;0;0;0;-1;0;0;0;-1;0;0;0;0;-1;0;0;0;0,9,"1,3,0,1,2,1,4,0,3"
1961,0;-1;0;1;0;1;0;0;0;-1;0;0;0;0;1;-1;0;0;0;1;0;1;-1;-1;0,9,"1,3,0,1,2,3,4,3,0"
1962,0;0;1;0;0;0;0;-1;-1;1;-1;1;0;0;0;0;1;0;0;0;0;-1;0;0;0,9,"1,3,0,1,2,4,0,1,2"
1963,0;1;-1;0;0;-1;0;1;1;1;1;-1;0;0;0;0;-1;0;0;0;0;-1;0;0;0,9,"1,3,0,1,2,4,0,1,3"
1964,0;1;-1;0;0;-1;0;1;-1;-1;1;-1;0;0;0;0;1;0;0;0;0;1;0;0;0,9,"1,3,0,1,2,4,0,1,4"
1965,0;1;0;-1;1;-1;0;0;1;0;0;0;0;1;0;1;-1;-1;0;-1;-1;0;0;1;0,9,"1,3,0,1,2,4,0,3,1"
1966,0;-1;0;1;-1;1;0;0;-1;0;0;0;0;1;0;-1;1;-1;0;1;1;0;0;-1;0,9,"1,3,0,1,2,4,0,3,4"
1967,0;0;0;0;1;0;0;0;0;-1;0;0;0;-1;1;0;0;1;0;-1;-1;1;-1;1;0,9,"1,3,0,1,2,4,3,4,3"
1968,0;1;0;0;0;-1;0;1;0;0;0;-1;0;1;1;0;0;-1;0;0;0;0;-1;0;0,9,"1,3,0,1,4,0,1,2,3"
1969,0;1;0;0;0;-1;0;1;0;0;0;-1;0;-1;-1;0;0;1;0;0;0;0;1;0;0,9,"1,3,0,1,4,0,1,2,4"
1970,0;1;0;0;0;-1;0;1;-1;1;0;-1;0;1;0;0;1;-1;0;-1;0;-1;0;1;0,9,"1,3,0,1,4,0,1,3,2"
1971,0;1;0;0;0;-1;0;-1;1;-1;0;1;0;-1;0;0;-1;1;0;1;0;1;0;-1;0,9,"1,3,0,1,4,0,1,3,4"
1972,0;1;-1;0;1;-1;0;1;0;0;1;-1;0;1;-1;0;0;-1;0;0;-1;0;1;0;0,9,"1,3,0,1,4,0,3,2,1"
1973,0;-1;1;0;-1;1;0;-1;0;0;-1;1;0;1;1;0;0;-1;0;0;1;0;-1;0;0,9,"1,3,0,1,4,0,3,2,4"
1974,0;0;0;1;-1;0;0;0;0;-1;0;0;0;0;-1;-1;0;0;0;1;1;1;1;-1;0,9,"1,3,0,1,4,0,3,4,1"
1975,0;0;0;1;-1;0;0;0;0;1;0;0;0;0;1;-1;0;0;0;1;1;-1;-1;-1;0,9,"1,3,0,1,4,0,3,4,2"
1976,0;0;0;-1;0;0;0;0;0;1;0;0;0;0;-1;1;0;0;0;-1;0;-1;1;1;0,9,"1,3,0,1,4,0,3,4,3"
1977,0;-1;0;0;0;1;0;-1;1;-1;0;1;0;-1;0;0;-1;1;0;0;0;1;0;0;0,9,"1,3,0,1,4,3,2,1,2"
1978,0;0;0;0;1;0;0;-1;0;1;0;1;0;0;0;0;0;0;0;1;-1;-1;0;-1;0,9,"1,3,0,2,0,1,4,2,1"
1979,0;-1;0;-1;1;1;0;-1;0;0;0;1;0;0;0;1;0;0;0;0;-1;0;0;0;0,9,"1,3,0,2,1,4,0,2,1"
1980,0;1;-1;1;-1;-1;0;1;0;1;1;-1;0;0;0;-1;0;0;0;0;1;-1;0;0;0,9,"1,3,0,4,0,1,3,2,0"
1981,0;1;0;-1;0;-1;0;1;0;1;0;-1;0;0;0;1;0;0;0;0;0;-1;0;0;0,9,"1,3,0,4,0,3,4,0,1"
1982,0;0;-1;-1;1;0;0;1;0;-1;1;-1;0;0;0;1;0;0;0;0;-1;1;0;0;0,9,"1,3,0,4,0,3,4,0,2"
1983,0;-1;1;1;1;1;0;-1;0;-1;-1;1;0;0;0;-1;0;0;0;0;-1;1;0;0;0,9,"1,3,0,4,0,3,4,0,3"
1984,0;1;-1;0;0;-1;0;1;1;-1;1;-1;0;0;1;0;-1;0;0;0;0;1;-1;0;0,9,"1,3,0,4,3,2,0,1,2"
1985,0;0;1;0;0;0;0;-1;-1;0;-1;1;0;0;-1;0;1;0;0;0;0;0;1;0;0,9,"1,3,0,4,3,2,0,1,3"
1986,0;0;-1;1;0;0;0;-1;0;0;1;1;0;0;-1;-1;0;0;0;1;0;0;1;-1;0,9,"1,3,0,4,3,2,0,2,4"
1987,0;0;-1;0;1;0;0;1;1;-1;1;-1;0;0;0;0;-1;0;0;0;-1;1;0;0;0,9,"1,3,0,4,3,2,1,2,0"
1988,0;0;-1;0;0;0;0;-1;-1;0;1;1;0;0;1;0;1;0;0;0;0;0;-1;0;0,9,"1,3,0,4,3,2,1,3,4"
1989,0;1;0;0;0;-1;0;1;0;1;0;-1;0;0;0;0;0;0;0;1;0;-1;0;-1;0,9,"1,3,0,4,3,4,2,1,2"
1990,0;-1;1;0;-1;1;0;0;-1;0;-1;0;0;0;0;0;1;0;0;0;1;0;0;0;0,9,"1,3,4,0,1,3,4,0,1"
1991,0;-1;0;-1;0;1;0;-1;0;-1;0;1;0;0;0;1;0;0;0;0;0;1;0;0;0,9,"1,3,4,0,3,4,0,2,1"
1992,0;0;0;-1;0;0;0;-1;1;-1;0;1;0;0;0;1;-1;0;0;0;0;1;0;0;0,9,"1,3,4,0,4,0,3,2,1"
1993,0;0;0;-1;0;0;0;1;-1;1;0;-1;0;0;0;1;1;0;0;0;0;-1;0;0;0,9,"1,3,4,0,4,0,3,4,1"
1994,0;-1;-1;1;1;1;0;0;-1;-1;1;0;0;0;-1;-1;1;0;0;0;-1;1;1;0;0,9,"1,4,0,2,0,4,1,2,3"
1995,0;0;1;0;0;0;0;0;0;1;-1;0;0;0;1;0;0;0;0;1;0;-1;-1;-1;0,9,"1,4,0,2,4,1,2,4,3"
1996,0;0;0;-1;0;0;0;1;1;1;0;-1;0;0;0;1;-1;0;0;0;0;-1;0;0;0,9,"1,4,0,2,4,1,3,1,2"
1997,0;-1;0;1;0;1;0;-1;-1;1;0;1;0;0;0;-1;1;0;0;0;0;-1;0;0;0,9,"1,4,0,2,4,1,3,1,3"
1998,0;0;-1;0;0;0;0;-1;-1;-1;1;1;0;0;0;0;1;0;0;0;0;1;0;0;0,9,"1,4,0,2,4,2,3,1,2"
1999,0;0;1;0;0;0;0;1;1;-1;-1;-1;0;0;0;0;-1;0;0;0;0;1;0;0;0,9,"1,4,0,2,4,2,3,1,3"
2000,0;1;0;0;0;-1;0;0;-1;0;0;0;0;-1;0;0;1;1;0;1;0;0;0;-1;0,9,"1,4,0,2,4,3,1,0,2"
2001,0;1;0;0;0;-1;0;0;-1;0;0;0;0;1;0;0;1;-1;0;-1;0;0;0;1;0,9,"1,4,0,2,4,3,1,0,4"
2002,0;-1;1;-1;1;1;0;-1;0;-1;-1;1;0;0;0;1;0;0;0;-1;-1;1;0;1;0,9,"1,4,0,3,0,4,1,2,3"
2003,0;-1;1;0;0;1;0;-1;-1;1;-1;1;0;0;0;0;1;0;0;0;0;-1;0;0;0,9,"1,4,0,3,4,1,2,1,2"
2004,0;0;-1;0;0;0;0;1;1;1;1;-1;0;0;0;0;-1;0;0;0;0;-1;0;0;0,9,"1,4,0,3,4,1,2,1,3"
2005,0;0;0;1;0;0;0;0;0;1;0;0;0;0;1;-1;0;0;0;1;0;-1;-1;-1;0,9,"1,4,0,3,4,1,3,4,2"
2006,0;1;0;0;0;-1;0;-1;0;0;0;1;0;1;1;0;0;-1;0;0;0;0;-1;0;0,9,"1,4,0,3,4,2,1,0,3"
2007,0;1;0;0;0;-1;0;-1;0;0;0;1;0;-1;-1;0;0;1;0;0;0;0;1;0;0,9,"1,4,0,3,4,2,1,0,4"
2008,0;0;0;1;0;0;0;1;1;-1;0;-1;0;0;0;-1;-1;0;0;0;0;1;0;0;0,9,"1,4,0,3,4,3,2,1,2"
2009,0;0;0;-1;0;0;0;-1;-1;-1;0;1;0;0;0;1;1;0;0;0;0;1;0;0;0,9,"1,4,0,3,4,3,2,1,3"
2010,0;0;0;1;0;0;0;0;0;-1;0;0;0;0;-1;-1;0;0;0;-1;0;1;1;1;0,9,"2,0,1,0,3,0,2,4,3"
2011,0;0;0;-1;1;0;0;0;0;-1;0;0;0;0;1;1;0;0;0;-1;-1;1;-1;1;0,9,"2,0,1,0,3,2,4,2,3"
2012,0;0;0;1;-1;0;0;0;0;-1;0;0;0;0;-1;-1;0;0;0;0;1;1;1;0;0,9,"2,0,1,0,3,2,4,3,0"
2013,0;0;0;-1;0;0;0;1;1;-1;0;-1;0;0;1;1;-1;0;0;1;0;1;-1;-1;0,9,"2,0,1,0,3,4,1,3,1"
2014,0;0;0;1;0;0;0;1;-1;0;0;-1;0;1;-1;-1;1;-1;0;1;0;0;1;-1;0,9,"2,0,1,0,3,4,2,4,2"
2015,0;-1;0;0;0;1;0;0;1;-1;0;0;0;-1;1;0;-1;1;0;0;0;1;-1;0;0,9,"2,0,1,0,4,1,2,3,4"
2016,0;1;0;-1;-1;-1;0;-1;1;1;0;1;0;0;0;1;-1;0;0;0;1;-1;0;0;0,9,"2,0,1,0,4,1,2,4,1"
2017,0;0;1;-1;0;0;0;0;1;0;-1;0;0;0;0;1;-1;0;0;-1;0;0;0;1;0,9,"2,0,1,0,4,2,3,0,1"
2018,0;0;1;-1;0;0;0;0;-1;0;-1;0;0;0;0;1;1;0;0;1;0;0;0;-1;0,9,"2,0,1,0,4,2,3,0,4"
2019,0;0;0;-1;0;0;0;1;-1;0;0;-1;0;1;-1;1;1;-1;0;1;0;0;1;-1;0,9,"2,0,1,0,4,2,3,1,3"
2020,0;-1;0;-1;1;1;0;0;0;-1;0;0;0;0;-1;1;0;0;0;-1;-1;1;1;1;0,9,"2,0,1,0,4,2,4,1,2"
2021,0;1;0;1;-1;-1;0;0;0;1;0;0;0;0;-1;-1;0;0;0;1;1;-1;1;-1;0,9,"2,0,1,0,4,2,4,2,3"
2022,0;-1;0;-1;1;1;0;0;0;0;0;0;0;0;1;1;0;0;0;0;-1;0;-1;0;0,9,"2,0,1,0,4,2,4,3,0"
2023,0;1;0;1;-1;-1;0;-1;0;1;0;1;0;0;0;-1;0;0;0;1;1;-1;0;-1;0,9,"2,0,1,2,4,2,4,2,1"
2024,0;-1;0;-1;1;1;0;1;0;-1;0;-1;0;0;1;1;0;0;0;-1;-1;1;-1;1;0,9,"2,0,1,2,4,2,4,2,3"
2025,0;1;0;1;0;-1;0;1;0;-1;0;-1;0;0;0;-1;0;0;0;0;0;1;0;0;0,9,"2,0,1,3,0,1,2,4,1"
2026,0;0;-1;1;0;0;0;1;0;0;1;-1;0;0;1;-1;0;0;0;0;0;0;-1;0;0,9,"2,0,1,3,0,1,2,4,2"
2027,0;0;0;1;1;0;0;0;0;1;0;0;0;0;1;-1;0;0;0;0;-1;-1;-1;0;0,9,"2,0,1,3,0,1,3,4,0"
2028,0;0;0;-1;-1;0;0;0;0;-1;0;0;0;0;1;1;0;0;0;0;1;1;-1;0;0,9,"2,0,1,3,0,1,3,4,1"
2029,0;0;0;-1;-1;0;0;0;0;1;0;0;0;0;-1;1;0;0;0;0;1;-1;1;0;0,9,"2,0,1,3,0,1,3,4,2"
2030,0;1;0;1;0;-1;0;-1;0;1;0;1;0;0;0;-1;0;0;0;0;0;-1;0;0;0,9,"2,0,1,3,0,3,4,1,0"
2031,0;-1;0;-1;0;1;0;1;0;1;0;-1;0;0;0;1;0;0;0;0;0;-1;0;0;0,9,"2,0,1,3,0,3,4,1,2"
2032,0;0;1;-1;0;0;0;1;0;0;-1;-1;0;0;-1;1;0;0;0;0;0;0;1;0;0,9,"2,0,1,3,0,3,4,2,1"
2033,0;0;1;-1;0;0;0;-1;0;0;-1;1;0;0;1;1;0;0;0;0;0;0;-1;0;0,9,"2,0,1,3,0,3,4,2,4"
2034,0;1;0;1;0;-1;0;-1;0;-1;0;1;0;0;0;-1;0;0;0;0;0;1;0;0;0,9,"2,0,1,3,0,4,1,2,1"
2035,0;-1;0;1;0;1;0;1;0;-1;0;-1;0;0;0;-1;0;0;0;0;0;1;0;0;0,9,"2,0,1,3,0,4,1,2,4"
2036,0;0;-1;1;0;0;0;-1;0;0;1;1;0;0;1;-1;0;0;0;0;0;0;-1;0;0,9,"2,0,1,3,0,4,2,1,2"
2037,0;1;-1;1;1;-1;0;1;0;0;1;-1;0;0;-1;-1;0;0;0;0;-1;0;1;0;0,9,"2,0,1,3,0,4,2,4,2"
2038,0;0;-1;0;1;0;0;1;0;-1;1;-1;0;0;0;0;0;0;0;1;-1;1;0;-1;0,9,"2,0,1,3,2,1,4,2,0"
2039,0;0;1;0;-1;0;0;-1;0;1;-1;1;0;0;0;0;0;0;0;1;1;-1;0;-1;0,9,"2,0,1,3,2,1,4,2,1"
2040,0;0;1;0;-1;0;0;1;0;-1;-1;-1;0;0;1;0;0;0;0;-1;1;1;-1;1;0,9,"2,0,1,3,2,1,4,2,3"
2041,0;0;0;-1;1;0;0;0;-1;1;0;0;0;0;-1;1;1;0;0;-1;-1;-1;1;1;0,9,"2,0,1,3,2,1,4,2,4"
2042,0;-1;-1;0;1;1;0;0;0;0;1;0;0;0;0;0;0;0;0;1;-1;0;0;-1;0,9,"2,0,1,3,2,4,2,0,1"
2043,0;-1;0;0;0;1;0;-1;0;1;0;1;0;-1;0;0;0;1;0;0;0;-1;0;0;0,9,"2,0,1,3,4,1,2,4,1"
2044,0;0;1;-1;0;0;0;-1;0;0;-1;1;0;1;-1;1;0;-1;0;1;0;0;1;-1;0,9,"2,0,1,3,4,1,2,4,2"
2045,0;-1;0;0;0;1;0;0;-1;1;0;0;0;-1;0;0;1;1;0;0;0;-1;0;0;0,9,"2,0,1,4,1,2,3,4,1"
2046,0;-1;1;-1;-1;1;0;0;0;0;-1;0;0;1;0;1;0;-1;0;0;1;0;0;0;0,9,"2,0,1,4,2,3,0,1,3"
2047,0;1;1;-1;1;-1;0;0;0;0;-1;0;0;1;0;1;0;-1;0;0;-1;0;0;0;0,9,"2,0,1,4,2,3,0,3,4"
2048,0;0;0;0;-1;0;0;0;0;-1;0;0;0;-1;0;0;0;1;0;-1;1;1;0;1;0,9,"2,0,1,4,2,3,4,0,4"
2049,0;0;0;-1;1;0;0;0;-1;1;0;0;0;0;1;1;1;0;0;-1;-1;-1;-1;1;0,9,"2,0,1,4,2,4,3,0,3"
2050,0;1;1;0;-1;-1;0;0;-1;0;-1;0;0;0;0;0;1;0;0;0;1;0;0;0;0,9,"2,0,3,0,1,2,4,0,1"
2051,0;-1;-1;0;-1;1;0;0;1;0;1;0;0;0;0;0;-1;0;0;0;1;0;0;0;0,9,"2,0,3,0,1,2,4,0,2"
2052,0;-1;1;0;1;1;0;0;1;0;-1;0;0;0;0;0;-1;0;0;0;-1;0;0;0;0,9,"2,0,3,0,1,2,4,0,4"
2053,0;1;1;0;-1;-1;0;0;-1;1;-1;0;0;0;1;0;1;0;0;0;1;-1;-1;0;0,9,"2,0,3,0,1,3,4,2,4"
2054,0;-1;-1;0;1;1;0;0;1;0;1;0;0;0;0;0;-1;0;0;0;-1;0;0;0;0,9,"2,0,3,0,1,4,2,4,0"
2055,0;1;-1;0;0;-1;0;0;1;1;1;0;0;0;-1;0;-1;0;0;0;0;-1;1;0;0,9,"2,0,3,0,1,4,2,4,2"
2056,0;1;1;0;-1;-1;0;0;0;1;-1;0;0;0;1;0;0;0;0;-1;1;-1;-1;1;0,9,"2,0,3,4,1,0,1,4,0"
2057,0;1;0;0;0;-1;0;-1;0;-1;0;1;0;-1;0;0;0;1;0;0;0;1;0;0;0,9,"2,0,3,4,1,2,4,1,0"
2058,0;0;1;-1;0;0;0;1;0;0;-1;-1;0;0;1;1;0;0;0;0;0;0;-1;0;0,9,"2,0,3,4,1,4,0,2,3"
2059,0;-1;1;-1;1;1;0;0;0;0;-1;0;0;1;0;1;0;-1;0;0;-1;0;0;0;0,9,"2,0,4,1,2,3,4,0,3"
2060,0;1;0;0;0;-1;0;0;-1;-1;0;0;0;-1;0;0;1;1;0;0;0;1;0;0;0,9,"2,0,4,1,2,3,4,1,0"
2061,0;-1;0;1;1;1;0;-1;-1;-1;0;1;0;0;0;-1;1;0;0;0;-1;1;0;0;0,9,"2,0,4,1,2,4,0,1,3"
2062,0;0;1;-1;0;0;0;0;1;0;-1;0;0;0;0;1;-1;0;0;1;0;0;0;-1;0,9,"2,0,4,1,2,4,0,3,0"
2063,0;0;-1;0;0;0;0;1;1;-1;1;-1;0;0;1;0;-1;0;0;1;0;1;-1;-1;0,9,"2,3,0,1,0,2,1,4,2"
2064,0;-1;1;0;0;1;0;-1;-1;1;-1;1;0;0;-1;0;1;0;0;-1;0;-1;1;1;0,9,"2,3,0,1,0,2,1,4,3"
2065,0;-1;0;1;0;1;0;-1;-1;1;0;1;0;0;-1;-1;1;0;0;-1;0;-1;1;1;0,9,"2,3,0,1,0,3,1,4,2"
2066,0;0;0;1;0;0;0;1;-1;0;0;-1;0;0;1;-1;1;0;0;-1;0;0;-1;1;0,9,"2,3,0,1,2,1,4,2,3"
2067,0;0;1;0;0;0;0;-1;1;0;-1;1;0;0;-1;0;-1;0;0;1;0;0;1;-1;0,9,"2,3,0,1,3,1,4,2,3"
2068,0;0;1;0;0;0;0;0;0;-1;-1;0;0;0;-1;0;0;0;0;-1;0;1;1;1;0,9,"2,3,0,2,1,2,3,4,2"
2069,0;0;1;0;-1;0;0;0;0;-1;-1;0;0;0;0;0;0;0;0;-1;1;1;0;1;0,9,"3,0,1,0,2,3,4,2,0"
2070,0;0;-1;0;1;0;0;0;0;-1;1;0;0;0;-1;0;0;0;0;1;-1;1;1;-1;0,9,"3,0,1,0,2,3,4,2,3"
2071,0;0;1;0;0;0;0;-1;1;0;-1;1;0;-1;1;0;-1;1;0;-1;0;0;-1;1;0,9,"3,0,1,0,2,4,3,4,3"
2072,0;-1;0;0;0;1;0;1;0;-1;0;-1;0;1;0;0;0;-1;0;1;0;1;0;-1;0,9,"3,0,1,0,4,1,3,2,4"
2073,0;1;-1;0;-1;-1;0;1;-1;1;1;-1;0;0;0;0;1;0;0;0;1;-1;0;0;0,9,"3,0,1,0,4,1,3,4,1"
2074,0;0;-1;1;0;0;0;1;0;0;1;-1;0;0;-1;-1;0;0;0;0;0;0;1;0;0,9,"3,0,1,0,4,3,2,0,1"
2075,0;0;-1;0;0;0;0;-1;1;0;1;1;0;-1;1;0;-1;1;0;-1;0;0;-1;1;0,9,"3,0,1,0,4,3,2,1,2"
2076,0;-1;-1;0;1;1;0;0;0;-1;1;0;0;0;-1;0;0;0;0;-1;-1;1;1;1;0,9,"3,0,1,0,4,3,4,1,3"
2077,0;0;1;0;1;0;0;0;0;1;-1;0;0;0;0;0;0;0;0;1;-1;-1;0;-1;0,9,"3,0,1,2,0,1,2,4,0"
2078,0;0;-1;0;-1;0;0;0;0;-1;1;0;0;0;0;0;0;0;0;1;1;1;0;-1;0,9,"3,0,1,2,0,1,2,4,1"
2079,0;0;-1;0;-1;0;0;0;0;1;1;0;0;0;0;0;0;0;0;-1;1;-1;0;1;0,9,"3,0,1,2,0,1,2,4,3"
2080,0;1;1;0;0;-1;0;0;1;-1;-1;0;0;0;0;0;-1;0;0;0;0;1;0;0;0,9,"3,0,1,2,0,1,3,4,1"
2081,0;1;1;0;0;-1;0;0;-1;1;-1;0;0;0;0;0;1;0;0;0;0;-1;0;0;0,9,"3,0,1,2,0,2,4,1,0"
2082,0;-1;-1;0;0;1;0;0;1;1;1;0;0;0;0;0;-1;0;0;0;0;-1;0;0;0,9,"3,0,1,2,0,2,4,1,3"
2083,0;0;-1;1;0;0;0;0;1;0;1;0;0;0;0;-1;-1;0;0;-1;0;0;0;1;0,9,"3,0,1,2,0,2,4,3,1"
2084,0;0;-1;1;0;0;0;0;-1;0;1;0;0;0;0;-1;1;0;0;1;0;0;0;-1;0,9,"3,0,1,2,0,2,4,3,4"
2085,0;1;1;0;0;-1;0;0;-1;-1;-1;0;0;0;0;0;1;0;0;0;0;1;0;0;0,9,"3,0,1,2,0,4,1,3,1"
2086,0;-1;1;0;0;1;0;0;1;-1;-1;0;0;0;0;0;-1;0;0;0;0;1;0;0;0,9,"3,0,1,2,0,4,1,3,4"
2087,0;1;1;-1;1;-1;0;0;1;0;-1;0;0;0;0;1;-1;0;0;-1;-1;0;0;1;0,9,"3,0,1,2,0,4,3,4,3"
2088,0;0;0;1;-1;0;0;0;1;-1;0;0;0;0;-1;-1;-1;0;0;1;1;1;1;-1;0,9,"3,0,1,2,3,1,4,2,3"
2089,0;0;0;-1;1;0;0;0;1;-1;0;0;0;0;1;1;-1;0;0;0;-1;1;-1;0;0,9,"3,0,1,2,3,1,4,3,0"
2090,0;0;0;1;-1;0;0;0;-1;1;0;0;0;0;1;-1;1;0;0;0;1;-1;-1;0;0,9,"3,0,1,2,3,1,4,3,1"
2091,0;0;-1;0;1;0;0;-1;0;1;1;1;0;0;-1;0;0;0;0;-1;-1;-1;1;1;0,9,"3,0,1,2,3,1,4,3,4"
2092,0;-1;-1;0;1;1;0;0;1;-1;1;0;0;0;-1;0;-1;0;0;1;-1;1;1;-1;0,9,"3,0,1,2,3,4,3,4,3"
2093,0;-1;0;0;0;1;0;0;-1;1;0;0;0;1;0;0;1;-1;0;0;0;-1;0;0;0,9,"3,0,1,2,4,1,3,4,1"
2094,0;0;-1;1;0;0;0;0;-1;0;1;0;0;-1;1;-1;1;1;0;-1;0;0;-1;1;0,9,"3,0,1,2,4,1,3,4,3"
2095,0;-1;0;0;0;1;0;-1;0;1;0;1;0;1;0;0;0;-1;0;0;0;-1;0;0;0,9,"3,0,1,4,1,3,2,4,1"
2096,0;-1;-1;1;-1;1;0;0;0;0;1;0;0;-1;0;-1;0;1;0;0;1;0;0;0;0,9,"3,0,1,4,3,2,0,1,2"
2097,0;1;-1;1;1;-1;0;0;0;0;1;0;0;-1;0;-1;0;1;0;0;-1;0;0;0;0,9,"3,0,1,4,3,2,0,2,4"
2098,0;0;0;0;-1;0;0;0;0;-1;0;0;0;1;-1;0;0;-1;0;0;1;1;1;0;0,9,"3,0,1,4,3,2,4,0,4"
2099,0;0;-1;0;1;0;0;-1;0;1;1;1;0;0;-1;0;0;0;0;1;-1;-1;1;-1;0,9,"3,0,1,4,3,4,2,0,2"
2100,0;1;0;1;-1;-1;0;-1;0;0;0;1;0;0;0;-1;0;0;0;0;1;0;0;0;0,9,"3,0,2,0,1,3,4,0,1"
2101,0;-1;0;-1;-1;1;0;1;0;0;0;-1;0;0;0;1;0;0;0;0;1;0;0;0;0,9,"3,0,2,0,1,3,4,0,3"
2102,0;-1;0;1;1;1;0;1;0;0;0;-1;0;0;0;-1;0;0;0;0;-1;0;0;0;0,9,"3,0,2,0,1,3,4,0,4"
2103,0;-1;0;-1;1;1;0;1;0;0;0;-1;0;0;0;1;0;0;0;0;-1;0;0;0;0,9,"3,0,2,0,1,4,3,4,0"
2104,0;1;0;-1;0;-1;0;1;0;1;0;-1;0;0;0;1;0;0;0;-1;0;-1;0;1;0,9,"3,0,2,0,1,4,3,4,3"
2105,0;1;0;0;0;-1;0;0;-1;-1;0;0;0;1;0;0;1;-1;0;0;0;1;0;0;0,9,"3,0,2,4,1,3,4,1,0"
2106,0;0;-1;1;0;0;0;0;1;0;1;0;0;0;0;-1;-1;0;0;1;0;0;0;-1;0,9,"3,0,2,4,1,4,0,2,3"
2107,0;-1;-1;1;1;1;0;0;0;0;1;0;0;-1;0;-1;0;1;0;0;-1;0;0;0;0,9,"3,0,4,1,3,2,4,0,2"
2108,0;1;0;0;0;-1;0;-1;0;-1;0;1;0;1;0;0;0;-1;0;0;0;1;0;0;0,9,"3,0,4,1,3,2,4,1,0"
2109,0;-1;1;0;1;1;0;-1;-1;-1;-1;1;0;0;0;0;1;0;0;0;-1;1;0;0;0,9,"3,0,4,1,3,4,0,1,2"
2110,0;-1;1;0;0;1;0;0;-1;-1;-1;0;0;0;1;0;1;0;0;0;0;1;-1;0;0,10,"0,1,0,2,0,1,3,4,1,2"
2111,0;-1;-1;0;1;1;0;0;1;-1;1;0;0;0;-1;0;-1;0;0;0;-1;1;1;0;0,10,"0,1,0,2,0,1,3,4,1,3"
2112,0;0;0;-1;1;0;0;0;1;-1;0;0;0;0;-1;1;-1;0;0;0;-1;1;1;0;0,10,"0,1,0,2,0,1,3,4,2,4"
2113,0;0;0;1;0;0;0;-1;1;0;0;1;0;-1;1;-1;-1;1;0;-1;0;0;-1;1;0,10,"0,1,0,2,1,3,4,2,4,2"
2114,0;-1;0;-1;1;1;0;1;0;-1;0;-1;0;0;0;1;0;0;0;-1;-1;1;0;1;0,10,"0,1,0,3,0,1,2,4,1,2"
2115,0;-1;0;1;0;1;0;-1;0;-1;0;1;0;0;0;-1;0;0;0;1;0;1;0;-1;0,10,"0,1,0,3,0,1,2,4,1,3"
2116,0;0;-1;0;1;0;0;1;0;-1;1;-1;0;0;0;0;0;0;0;-1;-1;1;0;1;0,10,"0,1,0,3,0,1,2,4,3,4"
2117,0;0;1;0;0;0;0;1;-1;0;-1;-1;0;1;-1;0;1;-1;0;1;0;0;1;-1;0,10,"0,1,0,3,1,2,4,3,4,3"
2118,0;1;0;0;0;-1;0;0;-1;1;0;0;0;1;0;0;1;-1;0;0;0;-1;0;0;0,10,"0,2,0,1,2,3,4,1,3,2"
2119,0;-1;1;0;0;1;0;-1;-1;-1;-1;1;0;0;0;0;1;0;0;0;0;1;0;0;0,10,"0,2,0,1,2,4,0,1,3,1"
2120,0;0;0;-1;0;0;0;-1;1;0;0;1;0;0;0;1;-1;0;0;1;0;0;0;-1;0,10,"0,2,0,1,2,4,1,2,3,0"
2121,0;0;0;1;0;0;0;-1;1;0;0;1;0;0;0;-1;-1;0;0;-1;0;0;0;1;0,10,"0,2,0,1,2,4,1,2,3,4"
2122,0;-1;0;1;0;1;0;1;-1;1;0;-1;0;0;0;-1;1;0;0;-1;0;-1;0;1;0,10,"0,2,0,1,2,4,1,3,0,3"
2123,0;-1;0;0;0;1;0;-1;1;1;0;1;0;-1;0;0;-1;1;0;0;0;-1;0;0;0,10,"0,2,0,1,3,2,4,1,0,2"
2124,0;1;0;0;0;-1;0;-1;1;-1;0;1;0;-1;0;0;-1;1;0;0;0;1;0;0;0,10,"0,2,0,1,3,2,4,1,2,4"
2125,0;-1;1;-1;-1;1;0;-1;0;0;-1;1;0;0;1;1;0;0;0;0;1;0;-1;0;0,10,"0,2,0,1,3,4,0,2,1,2"
2126,0;0;0;-1;0;0;0;-1;1;0;0;1;0;-1;1;1;-1;1;0;-1;0;0;-1;1;0,10,"0,2,0,1,4,0,3,2,1,2"
2127,0;-1;0;1;0;1;0;1;-1;-1;0;-1;0;0;0;-1;1;0;0;0;0;1;0;0;0,10,"0,2,0,3,4,1,0,4,1,0"
2128,0;1;0;-1;0;-1;0;-1;0;-1;0;1;0;0;0;1;0;0;0;0;0;1;0;0;0,10,"0,2,0,3,4,1,0,4,1,2"
2129,0;1;0;0;-1;-1;0;1;0;0;0;-1;0;1;1;0;0;-1;0;0;1;0;-1;0;0,10,"0,2,4,1,0,1,3,4,0,2"
2130,0;1;0;0;-1;-1;0;0;1;0;0;0;0;1;0;0;-1;-1;0;1;1;0;0;-1;0,10,"0,2,4,1,0,1,4,0,2,3"
2131,0;-1;0;0;0;1;0;1;-1;1;0;-1;0;1;0;0;1;-1;0;0;0;-1;0;0;0,10,"0,3,0,1,2,3,4,1,0,3"
2132,0;1;0;0;0;-1;0;-1;0;1;0;1;0;-1;0;0;0;1;0;0;0;-1;0;0;0,10,"0,3,0,1,2,3,4,1,3,2"
2133,0;1;0;0;0;-1;0;1;-1;-1;0;-1;0;1;0;0;1;-1;0;0;0;1;0;0;0,10,"0,3,0,1,2,3,4,1,3,4"
2134,0;-1;-1;1;-1;1;0;0;-1;0;1;0;0;0;0;-1;1;0;0;1;1;0;0;-1;0,10,"0,3,0,1,2,4,0,3,1,3"
2135,0;-1;0;1;0;1;0;-1;-1;-1;0;1;0;0;0;-1;1;0;0;0;0;1;0;0;0,10,"0,3,0,1,3,4,0,1,2,1"
2136,0;-1;1;0;0;1;0;-1;1;1;-1;1;0;0;-1;0;-1;0;0;0;0;-1;1;0;0,10,"0,3,0,1,3,4,1,2,0,2"
2137,0;0;-1;0;0;0;0;1;-1;0;1;-1;0;0;1;0;1;0;0;0;0;0;-1;0;0,10,"0,3,0,1,3,4,1,2,0,3"
2138,0;0;1;0;0;0;0;1;-1;0;-1;-1;0;0;-1;0;1;0;0;0;0;0;1;0;0,10,"0,3,0,1,3,4,1,2,3,4"
2139,0;0;-1;0;0;0;0;1;-1;0;1;-1;0;1;-1;0;1;-1;0;1;0;0;1;-1;0,10,"0,3,0,1,4,0,2,3,1,3"
2140,0;-1;1;0;0;1;0;-1;1;-1;-1;1;0;0;0;0;-1;0;0;0;0;1;0;0;0,10,"0,3,0,2,4,1,0,4,1,0"
2141,0;1;-1;0;0;-1;0;0;-1;-1;1;0;0;0;0;0;1;0;0;0;0;1;0;0;0,10,"0,3,0,2,4,1,0,4,1,3"
2142,0;1;0;0;-1;-1;0;0;1;0;0;0;0;-1;0;0;-1;1;0;1;1;0;0;-1;0,10,"0,3,4,1,0,1,2,4,0,3"
2143,0;1;0;0;-1;-1;0;1;0;0;0;-1;0;-1;1;0;0;1;0;0;1;0;-1;0;0,10,"0,3,4,1,0,1,4,0,3,2"
2144,0;1;0;1;-1;-1;0;1;0;0;0;-1;0;0;1;-1;0;0;0;0;1;0;-1;0;0,10,"1,0,2,0,1,3,4,0,2,3"
2145,0;1;-1;-1;1;-1;0;1;0;0;1;-1;0;0;-1;1;0;0;0;0;-1;0;1;0;0,10,"1,0,2,0,1,3,4,0,2,4"
2146,0;-1;-1;0;1;1;0;0;1;-1;1;0;0;0;0;0;-1;0;0;1;-1;1;0;-1;0,10,"1,0,2,1,4,0,2,4,0,2"
2147,0;-1;1;0;1;1;0;0;-1;0;-1;0;0;0;0;0;1;0;0;-1;-1;0;0;1;0,10,"1,0,2,1,4,0,2,4,0,3"
2148,0;0;1;0;0;0;0;1;-1;0;-1;-1;0;0;1;0;1;0;0;-1;0;0;-1;1;0,10,"1,0,2,1,4,0,4,0,2,3"
2149,0;1;1;0;-1;-1;0;0;1;0;-1;0;0;0;0;0;-1;0;0;1;1;0;0;-1;0,10,"1,0,3,0,1,2,4,0,2,3"
2150,0;1;-1;-1;1;-1;0;0;1;0;1;0;0;0;0;1;-1;0;0;-1;-1;0;0;1;0,10,"1,0,3,0,1,2,4,0,3,4"
2151,0;-1;0;1;1;1;0;-1;0;0;0;1;0;0;-1;-1;0;0;0;0;-1;0;1;0;0,10,"1,0,3,1,4,0,3,4,0,2"
2152,0;-1;0;-1;1;1;0;1;0;-1;0;-1;0;0;1;1;0;0;0;0;-1;1;-1;0;0,10,"1,0,3,1,4,0,3,4,0,3"
2153,0;0;0;1;0;0;0;-1;1;0;0;1;0;0;-1;-1;-1;0;0;1;0;0;1;-1;0,10,"1,0,3,1,4,0,4,0,2,3"
2154,0;1;1;0;-1;-1;0;0;-1;1;-1;0;0;0;1;0;1;0;0;-1;1;-1;-1;1;0,10,"1,0,4,0,2,0,1,4,2,3"
2155,0;1;0;1;-1;-1;0;-1;0;1;0;1;0;0;-1;-1;0;0;0;1;1;-1;1;-1;0,10,"1,0,4,0,3,0,1,4,2,3"
2156,0;1;1;0;1;-1;0;0;-1;0;-1;0;0;0;0;0;1;0;0;0;-1;0;0;0;0,10,"1,2,0,1,3,1,3,4,0,2"
2157,0;1;-1;0;-1;-1;0;0;-1;0;1;0;0;0;0;0;1;0;0;0;1;0;0;0;0,10,"1,2,0,1,3,1,3,4,0,4"
2158,0;-1;1;0;0;1;0;-1;1;1;-1;1;0;0;0;0;-1;0;0;0;0;-1;0;0;0,10,"1,2,0,1,4,0,1,2,4,1"
2159,0;-1;1;0;1;1;0;0;-1;0;-1;0;0;0;0;0;1;0;0;0;-1;0;0;0;0,10,"1,2,0,3,1,4,0,2,3,1"
2160,0;-1;-1;0;-1;1;0;0;-1;0;1;0;0;0;0;0;1;0;0;0;1;0;0;0;0,10,"1,2,0,3,1,4,0,3,1,4"
2161,0;-1;0;1;1;1;0;-1;0;0;0;1;0;0;0;-1;0;0;0;0;-1;0;0;0;0,10,"1,2,0,4,0,1,2,4,0,1"
2162,0;1;0;-1;-1;-1;0;-1;0;0;0;1;0;0;0;1;0;0;0;0;1;0;0;0;0,10,"1,2,0,4,0,2,3,0,1,2"
2163,0;1;1;0;0;-1;0;0;1;1;-1;0;0;0;0;0;-1;0;0;0;0;-1;0;0;0,10,"1,2,0,4,0,2,4,0,1,2"
2164,0;1;-1;0;0;-1;0;0;-1;1;1;0;0;0;0;0;1;0;0;0;0;-1;0;0;0,10,"1,2,0,4,0,2,4,0,1,3"
2165,0;1;0;-1;0;-1;0;-1;1;-1;0;1;0;0;0;1;-1;0;0;1;0;1;0;-1;0,10,"1,2,0,4,2,3,0,1,2,3"
2166,0;-1;0;1;0;1;0;1;0;-1;0;-1;0;0;0;-1;0;0;0;1;0;1;0;-1;0,10,"1,2,0,4,2,3,0,1,3,0"
2167,0;-1;1;0;0;1;0;-1;-1;1;-1;1;0;0;-1;0;1;0;0;0;0;-1;1;0;0,10,"1,2,0,4,2,3,0,1,3,1"
2168,0;-1;0;-1;-1;1;0;-1;0;0;0;1;0;0;0;1;0;0;0;0;1;0;0;0;0,10,"1,2,4,0,1,2,4,0,1,3"
2169,0;1;0;1;1;-1;0;-1;0;0;0;1;0;0;0;-1;0;0;0;0;-1;0;0;0;0,10,"1,3,0,1,2,1,2,4,0,3"
2170,0;-1;0;1;0;1;0;1;-1;1;0;-1;0;0;0;-1;1;0;0;0;0;-1;0;0;0,10,"1,3,0,1,4,0,1,3,4,1"
2171,0;1;0;-1;0;-1;0;-1;0;1;0;1;0;0;0;1;0;0;0;0;0;-1;0;0;0,10,"1,3,0,4,0,3,4,0,1,2"
2172,0;1;0;1;0;-1;0;1;0;1;0;-1;0;0;0;-1;0;0;0;0;0;-1;0;0;0,10,"1,3,0,4,0,3,4,0,1,3"
2173,0;-1;1;0;0;1;0;0;1;-1;-1;0;0;0;1;0;-1;0;0;0;0;1;-1;0;0,10,"1,3,0,4,3,2,0,1,2,0"
2174,0;-1;0;1;0;1;0;-1;-1;1;0;1;0;0;0;-1;1;0;0;-1;0;-1;0;1;0,10,"1,3,0,4,3,2,0,1,2,1"
2175,0;1;-1;0;0;-1;0;1;-1;-1;1;-1;0;0;1;0;1;0;0;0;0;1;-1;0;0,10,"1,3,0,4,3,2,0,1,2,3"
2176,0;0;0;-1;0;0;0;-1;1;0;0;1;0;0;-1;1;-1;0;0;1;0;0;1;-1;0,10,"2,0,1,0,3,4,1,3,1,2"
2177,0;-1;1;1;-1;1;0;0;-1;0;-1;0;0;0;0;-1;1;0;0;1;1;0;0;-1;0,10,"2,0,1,0,4,2,3,0,1,3"
2178,0;1;0;-1;0;-1;0;-1;0;1;0;1;0;0;0;1;0;0;0;-1;0;-1;0;1;0,10,"2,0,1,2,4,2,4,2,1,3"
2179,0;1;-1;0;0;-1;0;0;-1;1;1;0;0;0;-1;0;1;0;0;0;0;-1;1;0;0,10,"2,0,3,0,1,3,4,2,4,2"
2180,0;0;-1;0;0;0;0;1;-1;0;1;-1;0;0;1;0;1;0;0;-1;0;0;-1;1;0,10,"2,3,0,1,0,2,1,4,2,3"
2181,0;-1;1;1;-1;1;0;-1;0;0;-1;1;0;0;1;-1;0;0;0;0;1;0;-1;0;0,10,"3,0,1,0,4,3,2,0,1,2"
2182,0;-1;0;-1;1;1;0;-1;0;0;0;1;0;0;-1;1;0;0;0;0;-1;0;1;0;0,11,"0,2,0,1,3,4,0,2,1,2,4"
2183,0;-1;-1;0;1;1;0;0;-1;0;1;0;0;0;0;0;1;0;0;-1;-1;0;0;1;0,11,"0,3,0,1,2,4,0,3,1,3,4"
