q,p,n,g_n,g_np
0,1,2,0,1
0,2,1,0,1
0,3,0,0,1
0,4,0,0,1
0,5,0,0,1
0,6,0,0,2
0,7,0,0,2
0,8,1,0,3
0,9,0,0,3
0,10,0,0,3
0,11,0,0,1
0,12,0,0,1
0,13,0,0,1
0,14,1,0,4
0,15,0,0,4
0,16,0,0,3
0,17,0,0,3
0,18,0,0,3
0,19,0,0,2
0,20,0,0,2
0,21,0,0,2
0,22,0,0,4
0,23,0,0,4
0,24,1,0,5
0,25,0,0,5
0,26,0,0,5
0,27,0,0,2
0,28,0,0,2
0,29,0,0,2
0,30,0,0,3
0,31,0,0,3
0,32,1,0,5
0,33,0,0,5
0,34,1,0,1
0,35,0,0,1
0,36,0,0,1
0,37,0,0,1
0,38,0,0,3
0,39,0,0,3
0,40,0,0,3
0,41,0,0,5
0,42,0,0,6
0,43,0,0,4
0,44,0,0,4
0,45,0,0,1
0,46,1,0,5
0,47,0,0,5
0,48,0,0,5
0,49,0,0,6
0,50,0,0,6
0,51,0,0,2
0,52,0,0,7
0,53,0,0,7
0,54,0,0,7
0,55,0,0,8
0,56,1,0,1
0,57,0,0,1
0,58,0,0,9
0,59,0,0,2
0,60,0,0,7
0,61,0,0,2
0,62,0,0,3
0,63,0,0,3
0,64,0,0,3
0,65,0,0,9
0,66,1,0,5
0,67,0,0,5
0,68,0,0,4
0,69,0,0,4
0,70,0,0,8
0,71,0,0,6
0,72,0,0,6
0,73,0,0,2
0,74,0,0,7
0,75,0,0,1
0,76,0,0,1
0,77,0,0,1
0,78,1,0,5
0,79,0,0,5
0,80,0,0,5
0,81,0,0,9
0,82,0,0,3
0,83,0,0,1
0,84,0,0,8
0,85,0,0,2
0,86,0,0,8
0,87,0,0,5
0,88,1,0,1
0,89,0,0,1
0,90,0,0,1
0,91,0,0,12
0,92,0,0,2
0,93,0,0,2
0,94,0,0,7
0,95,0,0,3
0,96,0,0,3
0,97,0,0,9
0,98,0,0,4
0,99,0,0,4
0,100,1,0,11
1,1,2,0,1
1,2,1,0,1
1,3,1,0,1
1,4,1,0,1
1,5,1,0,2
1,6,1,0,2
1,7,2,0,3
1,8,1,0,3
1,9,1,0,3
1,10,1,0,1
1,11,1,0,1
1,12,1,0,1
1,13,2,0,4
1,14,1,0,4
1,15,1,0,3
1,16,1,0,3
1,17,1,0,3
1,18,1,0,2
1,19,1,0,2
1,20,1,0,2
1,21,1,0,4
1,22,1,0,4
1,23,2,0,5
1,24,1,0,5
1,25,1,0,5
1,26,1,0,2
1,27,1,0,2
1,28,1,0,2
1,29,1,0,3
1,30,1,0,3
1,31,2,0,5
1,32,1,0,5
1,33,2,0,1
1,34,1,0,1
1,35,1,0,1
1,36,1,0,1
1,37,1,0,3
1,38,1,0,3
1,39,1,0,3
1,40,1,0,5
1,41,1,0,6
1,42,1,0,4
1,43,1,0,4
1,44,1,0,1
1,45,2,0,5
1,46,1,0,5
1,47,1,0,5
1,48,1,0,6
1,49,1,0,6
1,50,1,0,2
1,51,1,0,7
1,52,1,0,7
1,53,1,0,7
1,54,1,0,8
1,55,2,0,1
1,56,1,0,1
1,57,1,0,9
1,58,1,0,2
1,59,1,0,7
1,60,1,0,2
1,61,1,0,3
1,62,1,0,3
1,63,1,0,3
1,64,1,0,9
1,65,2,0,5
1,66,1,0,5
1,67,1,0,4
1,68,1,0,4
1,69,1,0,8
1,70,1,0,6
1,71,1,0,6
1,72,1,0,2
1,73,1,0,7
1,74,1,0,1
1,75,1,0,1
1,76,1,0,1
1,77,2,0,5
1,78,1,0,5
1,79,1,0,5
1,80,1,0,9
1,81,1,0,3
1,82,1,0,1
1,83,1,0,8
1,84,1,0,2
1,85,1,0,8
1,86,1,0,5
1,87,2,0,1
1,88,1,0,1
1,89,1,0,1
1,90,1,0,12
1,91,1,0,2
1,92,1,0,2
1,93,1,0,7
1,94,1,0,3
1,95,1,0,3
1,96,1,0,9
1,97,1,0,4
1,98,1,0,4
1,99,2,0,11
1,100,1,0,11
2,1,2,0,1
2,2,2,0,1
2,3,2,0,1
2,4,2,0,2
2,5,2,0,2
2,6,3,1,3
2,7,2,0,3
2,8,2,0,3
2,9,2,0,1
2,10,2,0,1
2,11,2,0,1
2,12,3,1,4
2,13,2,0,4
2,14,2,0,3
2,15,2,0,3
2,16,2,0,3
2,17,2,0,2
2,18,2,0,2
2,19,2,0,2
2,20,2,0,4
2,21,2,0,4
2,22,3,1,5
2,23,2,0,5
2,24,2,0,5
2,25,2,0,2
2,26,2,0,2
2,27,2,0,2
2,28,2,0,3
2,29,2,0,3
2,30,3,1,5
2,31,2,0,5
2,32,6,2,3
2,33,2,0,1
2,34,2,0,1
2,35,2,0,1
2,36,2,0,3
2,37,2,0,3
2,38,2,0,3
2,39,2,0,5
2,40,2,0,6
2,41,2,0,4
2,42,2,0,4
2,43,2,0,1
2,44,3,1,5
2,45,2,0,5
2,46,2,0,5
2,47,2,0,6
2,48,2,0,6
2,49,2,0,2
2,50,2,0,7
2,51,2,0,7
2,52,2,0,7
2,53,2,0,8
2,54,4,1,9
2,55,2,0,1
2,56,2,0,9
2,57,2,0,2
2,58,2,0,7
2,59,2,0,2
2,60,2,0,3
2,61,2,0,3
2,62,2,0,3
2,63,2,0,9
2,64,3,1,5
2,65,2,0,5
2,66,2,0,4
2,67,2,0,4
2,68,2,0,8
2,69,2,0,6
2,70,2,0,6
2,71,2,0,2
2,72,2,0,7
2,73,2,0,1
2,74,2,0,1
2,75,2,0,1
2,76,3,1,5
2,77,2,0,5
2,78,2,0,5
2,79,2,0,9
2,80,2,0,3
2,81,2,0,1
2,82,2,0,8
2,83,2,0,2
2,84,2,0,8
2,85,2,0,5
2,86,5,1,12
2,87,2,0,1
2,88,2,0,1
2,89,2,0,12
2,90,2,0,2
2,91,2,0,2
2,92,2,0,7
2,93,2,0,3
2,94,2,0,3
2,95,2,0,9
2,96,2,0,4
2,97,2,0,4
2,98,3,1,11
2,99,2,0,11
2,100,2,0,3
3,1,5,1,2
3,2,4,1,2
3,3,3,1,2
3,4,3,1,2
3,5,3,1,0
3,6,3,1,3
3,7,3,1,3
3,8,6,2,0
3,9,5,1,0
3,10,4,1,0
3,11,3,1,0
3,12,3,1,4
3,13,3,1,3
3,14,3,1,3
3,15,3,1,3
3,16,3,1,2
3,17,3,1,2
3,18,3,1,2
3,19,3,1,4
3,20,3,1,4
3,21,3,1,0
3,22,3,1,5
3,23,3,1,5
3,24,3,1,2
3,25,3,1,2
3,26,3,1,2
3,27,3,1,3
3,28,3,1,3
3,29,3,1,0
3,30,3,1,5
3,31,3,1,0
3,32,6,2,3
3,33,5,1,3
3,34,4,1,3
3,35,3,1,3
3,36,3,1,3
3,37,3,1,3
3,38,3,1,5
3,39,3,1,6
3,40,3,1,4
3,41,3,1,4
3,42,4,1,0
3,43,3,1,0
3,44,3,1,5
3,45,3,1,5
3,46,3,1,6
3,47,3,1,6
3,48,3,1,2
3,49,3,1,7
3,50,3,1,7
3,51,3,1,7
3,52,3,1,8
3,53,3,1,0
3,54,4,1,9
3,55,3,1,9
3,56,3,1,2
3,57,3,1,7
3,58,3,1,2
3,59,3,1,3
3,60,3,1,3
3,61,3,1,3
3,62,3,1,9
3,63,3,1,0
3,64,3,1,5
3,65,3,1,4
3,66,3,1,4
3,67,3,1,8
3,68,3,1,6
3,69,3,1,6
3,70,3,1,2
3,71,3,1,7
3,72,6,2,0
3,73,5,1,0
3,74,4,1,0
3,75,3,1,0
3,76,3,1,5
3,77,3,1,5
3,78,3,1,9
3,79,3,1,3
3,80,4,1,8
3,81,3,1,8
3,82,3,1,2
3,83,3,1,8
3,84,3,1,5
3,85,3,1,0
3,86,5,1,12
3,87,4,1,12
3,88,3,1,12
3,89,3,1,2
3,90,3,1,2
3,91,3,1,7
3,92,3,1,3
3,93,3,1,3
3,94,3,1,9
3,95,3,1,4
3,96,3,1,4
3,97,3,1,0
3,98,3,1,11
3,99,3,1,3
3,100,3,1,3
4,1,5,1,2
4,2,4,1,2
4,3,4,1,2
4,4,4,1,0
4,5,4,1,3
4,6,4,1,3
4,7,6,2,1
4,8,6,2,0
4,9,5,1,0
4,10,4,1,0
4,11,4,1,4
4,12,4,1,3
4,13,4,1,3
4,14,4,1,3
4,15,4,1,2
4,16,4,1,2
4,17,4,1,2
4,18,4,1,4
4,19,4,1,4
4,20,4,1,0
4,21,4,1,5
4,22,4,1,5
4,23,4,1,2
4,24,4,1,2
4,25,4,1,2
4,26,4,1,3
4,27,4,1,3
4,28,4,1,0
4,29,4,1,5
4,30,4,1,0
4,31,6,2,1
4,32,6,2,3
4,33,5,1,3
4,34,4,1,3
4,35,4,1,3
4,36,4,1,3
4,37,4,1,5
4,38,4,1,6
4,39,4,1,4
4,40,4,1,4
4,41,5,1,0
4,42,4,1,0
4,43,4,1,5
4,44,4,1,5
4,45,4,1,6
4,46,4,1,6
4,47,4,1,2
4,48,4,1,7
4,49,4,1,7
4,50,4,1,7
4,51,4,1,8
4,52,4,1,0
4,53,5,1,9
4,54,4,1,9
4,55,4,1,2
4,56,4,1,7
4,57,4,1,2
4,58,4,1,3
4,59,4,1,3
4,60,4,1,3
4,61,4,1,9
4,62,4,1,0
4,63,4,1,5
4,64,4,1,4
4,65,4,1,4
4,66,4,1,8
4,67,4,1,6
4,68,4,1,6
4,69,4,1,2
4,70,4,1,7
4,71,6,2,1
4,72,6,2,0
4,73,5,1,0
4,74,4,1,0
4,75,4,1,5
4,76,4,1,5
4,77,4,1,9
4,78,4,1,3
4,79,5,1,8
4,80,4,1,8
4,81,4,1,2
4,82,4,1,8
4,83,4,1,5
4,84,4,1,0
4,85,6,2,12
4,86,5,1,12
4,87,4,1,12
4,88,4,1,2
4,89,4,1,2
4,90,4,1,7
4,91,4,1,3
4,92,4,1,3
4,93,4,1,9
4,94,4,1,4
4,95,4,1,4
4,96,4,1,0
4,97,4,1,11
4,98,4,1,3
4,99,4,1,3
4,100,4,1,3
5,1,5,1,2
5,2,5,1,2
5,3,5,1,0
5,4,5,1,3
5,5,5,1,3
5,6,6,2,1
5,7,6,2,1
5,8,6,2,0
5,9,5,1,0
5,10,5,1,4
5,11,5,1,3
5,12,5,1,3
5,13,5,1,3
5,14,5,1,2
5,15,5,1,2
5,16,5,1,2
5,17,5,1,4
5,18,5,1,4
5,19,5,1,0
5,20,5,1,5
5,21,5,1,5
5,22,5,1,2
5,23,5,1,2
5,24,5,1,2
5,25,5,1,3
5,26,5,1,3
5,27,5,1,0
5,28,5,1,5
5,29,5,1,0
5,30,6,2,1
5,31,6,2,1
5,32,6,2,3
5,33,5,1,3
5,34,5,1,3
5,35,5,1,3
5,36,5,1,5
5,37,5,1,6
5,38,5,1,4
5,39,5,1,4
5,40,6,2,0
5,41,5,1,0
5,42,5,1,5
5,43,5,1,5
5,44,5,1,6
5,45,5,1,6
5,46,5,1,2
5,47,5,1,7
5,48,5,1,7
5,49,5,1,7
5,50,5,1,8
5,51,5,1,0
5,52,6,2,9
5,53,5,1,9
5,54,5,1,2
5,55,5,1,7
5,56,5,1,2
5,57,5,1,3
5,58,5,1,3
5,59,5,1,3
5,60,5,1,9
5,61,5,1,0
5,62,5,1,5
5,63,5,1,4
5,64,5,1,4
5,65,5,1,8
5,66,5,1,6
5,67,5,1,6
5,68,5,1,2
5,69,5,1,7
5,70,6,2,1
5,71,6,2,1
5,72,6,2,0
5,73,5,1,0
5,74,5,1,5
5,75,5,1,5
5,76,5,1,9
5,77,5,1,3
5,78,6,2,8
5,79,5,1,8
5,80,5,1,2
5,81,5,1,8
5,82,5,1,5
5,83,5,1,0
5,84,6,2,1
5,85,6,2,12
5,86,5,1,12
5,87,5,1,2
5,88,5,1,2
5,89,5,1,7
5,90,5,1,3
5,91,5,1,3
5,92,5,1,9
5,93,5,1,4
5,94,5,1,4
5,95,5,1,0
5,96,5,1,11
5,97,5,1,3
5,98,5,1,3
5,99,5,1,3
5,100,5,1,9
6,1,7,2,0
6,2,6,2,0
6,3,6,2,3
6,4,6,2,3
6,5,6,2,1
6,6,6,2,1
6,7,6,2,1
6,8,6,2,0
6,9,6,2,4
6,10,6,2,3
6,11,6,2,3
6,12,6,2,3
6,13,8,0,2
6,14,8,0,4
6,15,7,2,4
6,16,6,2,4
6,17,6,2,4
6,18,6,2,0
6,19,6,2,5
6,20,6,2,5
6,21,8,0,2
6,22,8,0,3
6,23,7,2,3
6,24,6,2,3
6,25,6,2,3
6,26,6,2,0
6,27,6,2,5
6,28,6,2,0
6,29,6,2,1
6,30,6,2,1
6,31,6,2,1
6,32,6,2,3
6,33,6,2,3
6,34,6,2,3
6,35,6,2,5
6,36,6,2,6
6,37,6,2,4
6,38,6,2,4
6,39,6,2,1
6,40,6,2,0
6,41,6,2,5
6,42,6,2,5
6,43,6,2,6
6,44,6,2,6
6,45,7,2,7
6,46,6,2,7
6,47,6,2,7
6,48,6,2,7
6,49,6,2,8
6,50,6,2,0
6,51,6,2,1
6,52,6,2,9
6,53,7,2,7
6,54,6,2,7
6,55,7,2,3
6,56,6,2,3
6,57,6,2,3
6,58,6,2,3
6,59,6,2,9
6,60,6,2,0
6,61,6,2,5
6,62,6,2,4
6,63,6,2,4
6,64,6,2,8
6,65,6,2,6
6,66,6,2,6
6,67,7,2,7
6,68,6,2,7
6,69,6,2,1
6,70,6,2,1
6,71,6,2,1
6,72,6,2,0
6,73,6,2,5
6,74,6,2,5
6,75,6,2,9
6,76,6,2,3
6,77,6,2,1
6,78,6,2,8
6,79,7,2,8
6,80,6,2,8
6,81,6,2,5
6,82,6,2,0
6,83,6,2,1
6,84,6,2,1
6,85,6,2,12
6,86,8,0,7
6,87,7,2,7
6,88,6,2,7
6,89,6,2,3
6,90,6,2,3
6,91,6,2,9
6,92,6,2,4
6,93,6,2,4
6,94,6,2,0
6,95,6,2,11
6,96,6,2,3
6,97,6,2,3
6,98,6,2,3
6,99,6,2,9
6,100,8,0,8
7,1,7,2,0
7,2,7,2,3
7,3,7,2,3
7,4,7,2,1
7,5,7,2,1
7,6,7,2,1
7,7,7,2,0
7,8,7,2,4
7,9,7,2,3
7,10,7,2,3
7,11,7,2,3
7,12,8,0,2
7,13,8,0,2
7,14,8,0,4
7,15,7,2,4
7,16,7,2,4
7,17,7,2,0
7,18,7,2,5
7,19,7,2,5
7,20,8,0,2
7,21,8,0,2
7,22,8,0,3
7,23,7,2,3
7,24,7,2,3
7,25,7,2,0
7,26,7,2,5
7,27,7,2,0
7,28,7,2,1
7,29,7,2,1
7,30,7,2,1
7,31,7,2,3
7,32,7,2,3
7,33,7,2,3
7,34,7,2,5
7,35,7,2,6
7,36,7,2,4
7,37,7,2,4
7,38,7,2,1
7,39,7,2,0
7,40,7,2,5
7,41,7,2,5
7,42,7,2,6
7,43,7,2,6
7,44,8,0,7
7,45,7,2,7
7,46,7,2,7
7,47,7,2,7
7,48,7,2,8
7,49,7,2,0
7,50,7,2,1
7,51,7,2,9
7,52,8,0,7
7,53,7,2,7
7,54,8,0,3
7,55,7,2,3
7,56,7,2,3
7,57,7,2,3
7,58,7,2,9
7,59,7,2,0
7,60,7,2,5
7,61,7,2,4
7,62,7,2,4
7,63,7,2,8
7,64,7,2,6
7,65,7,2,6
7,66,8,0,7
7,67,7,2,7
7,68,7,2,1
7,69,7,2,1
7,70,7,2,1
7,71,7,2,0
7,72,7,2,5
7,73,7,2,5
7,74,7,2,9
7,75,7,2,3
7,76,7,2,1
7,77,7,2,8
7,78,8,0,8
7,79,7,2,8
7,80,7,2,5
7,81,7,2,0
7,82,7,2,1
7,83,7,2,1
7,84,7,2,12
7,85,8,0,2
7,86,8,0,7
7,87,7,2,7
7,88,7,2,3
7,89,7,2,3
7,90,7,2,9
7,91,7,2,4
7,92,7,2,4
7,93,7,2,0
7,94,7,2,11
7,95,7,2,3
7,96,7,2,3
7,97,7,2,3
7,98,7,2,9
7,99,8,0,2
7,100,8,0,8
8,1,8,0,3
8,2,8,0,3
8,3,8,0,1
8,4,8,0,1
8,5,8,0,1
8,6,9,3,4
8,7,8,0,4
8,8,8,0,3
8,9,8,0,3
8,10,8,0,3
8,11,8,0,2
8,12,8,0,2
8,13,8,0,2
8,14,8,0,4
8,15,8,0,4
8,16,9,3,5
8,17,8,0,5
8,18,8,0,5
8,19,8,0,2
8,20,8,0,2
8,21,8,0,2
8,22,8,0,3
8,23,8,0,3
8,24,9,3,5
8,25,8,0,5
8,26,9,3,1
8,27,8,0,1
8,28,8,0,1
8,29,8,0,1
8,30,8,0,3
8,31,8,0,3
8,32,8,0,3
8,33,8,0,5
8,34,8,0,6
8,35,8,0,4
8,36,8,0,4
8,37,8,0,1
8,38,9,3,5
8,39,8,0,5
8,40,8,0,5
8,41,8,0,6
8,42,8,0,6
8,43,8,0,2
8,44,8,0,7
8,45,8,0,7
8,46,8,0,7
8,47,8,0,8
8,48,9,3,1
8,49,8,0,1
8,50,8,0,9
8,51,8,0,2
8,52,8,0,7
8,53,8,0,2
8,54,8,0,3
8,55,8,0,3
8,56,8,0,3
8,57,8,0,9
8,58,9,3,5
8,59,8,0,5
8,60,8,0,4
8,61,8,0,4
8,62,8,0,8
8,63,8,0,6
8,64,8,0,6
8,65,8,0,2
8,66,8,0,7
8,67,8,0,1
8,68,8,0,1
8,69,8,0,1
8,70,9,3,5
8,71,8,0,5
8,72,8,0,5
8,73,8,0,9
8,74,8,0,3
8,75,8,0,1
8,76,8,0,8
8,77,8,0,2
8,78,8,0,8
8,79,8,0,5
8,80,9,3,1
8,81,8,0,1
8,82,8,0,1
8,83,8,0,12
8,84,8,0,2
8,85,8,0,2
8,86,8,0,7
8,87,8,0,3
8,88,8,0,3
8,89,8,0,9
8,90,8,0,4
8,91,8,0,4
8,92,9,3,11
8,93,8,0,11
8,94,8,0,3
8,95,8,0,3
8,96,8,0,3
8,97,8,0,9
8,98,8,0,2
8,99,8,0,2
8,100,8,0,8
9,1,10,3,1
9,2,9,3,1
9,3,9,3,1
9,4,9,3,1
9,5,9,3,0
9,6,9,3,4
9,7,11,1,3
9,8,11,1,2
9,9,10,3,2
9,10,9,3,2
9,11,9,3,2
9,12,9,3,2
9,13,9,3,4
9,14,9,3,4
9,15,9,3,0
9,16,9,3,5
9,17,9,3,5
9,18,9,3,2
9,19,9,3,2
9,20,9,3,2
9,21,11,1,0
9,22,10,3,0
9,23,9,3,0
9,24,9,3,5
9,25,9,3,0
9,26,9,3,1
9,27,9,3,1
9,28,9,3,1
9,29,11,1,3
9,30,11,1,5
9,31,10,3,5
9,32,9,3,5
9,33,9,3,6
9,34,9,3,4
9,35,9,3,4
9,36,9,3,1
9,37,9,3,0
9,38,9,3,5
9,39,9,3,5
9,40,9,3,6
9,41,9,3,6
9,42,9,3,2
9,43,9,3,7
9,44,9,3,7
9,45,9,3,7
9,46,9,3,8
9,47,9,3,0
9,48,9,3,1
9,49,9,3,9
9,50,9,3,2
9,51,9,3,7
9,52,9,3,2
9,53,11,1,3
9,54,11,1,9
9,55,10,3,9
9,56,9,3,9
9,57,9,3,0
9,58,9,3,5
9,59,9,3,4
9,60,9,3,4
9,61,9,3,8
9,62,9,3,6
9,63,9,3,6
9,64,9,3,2
9,65,9,3,7
9,66,9,3,1
9,67,9,3,1
9,68,9,3,1
9,69,9,3,0
9,70,9,3,5
9,71,9,3,5
9,72,9,3,9
9,73,10,3,1
9,74,9,3,1
9,75,9,3,8
9,76,9,3,2
9,77,9,3,8
9,78,9,3,5
9,79,9,3,0
9,80,9,3,1
9,81,9,3,1
9,82,9,3,12
9,83,9,3,2
9,84,9,3,2
9,85,9,3,7
9,86,11,1,9
9,87,10,3,9
9,88,9,3,9
9,89,9,3,4
9,90,9,3,4
9,91,9,3,0
9,92,9,3,11
9,93,11,1,3
9,94,11,1,9
9,95,10,3,9
9,96,9,3,9
9,97,9,3,2
9,98,9,3,2
9,99,9,3,8
9,100,9,3,1
10,1,10,3,1
10,2,10,3,1
10,3,10,3,1
10,4,10,3,0
10,5,10,3,4
10,6,11,1,3
10,7,11,1,3
10,8,11,1,2
10,9,10,3,2
10,10,10,3,2
10,11,10,3,2
10,12,10,3,4
10,13,10,3,4
10,14,10,3,0
10,15,10,3,5
10,16,10,3,5
10,17,10,3,2
10,18,10,3,2
10,19,10,3,2
10,20,11,1,3
10,21,11,1,0
10,22,10,3,0
10,23,10,3,5
10,24,10,3,0
10,25,10,3,1
10,26,10,3,1
10,27,10,3,1
10,28,11,1,3
10,29,11,1,3
10,30,11,1,5
10,31,10,3,5
10,32,10,3,6
10,33,10,3,4
10,34,10,3,4
10,35,10,3,1
10,36,10,3,0
10,37,10,3,5
10,38,10,3,5
10,39,10,3,6
10,40,10,3,6
10,41,10,3,2
10,42,10,3,7
10,43,10,3,7
10,44,10,3,7
10,45,10,3,8
10,46,10,3,0
10,47,10,3,1
10,48,10,3,9
10,49,10,3,2
10,50,10,3,7
10,51,10,3,2
10,52,11,1,3
10,53,11,1,3
10,54,11,1,9
10,55,10,3,9
10,56,10,3,0
10,57,10,3,5
10,58,10,3,4
10,59,10,3,4
10,60,10,3,8
10,61,10,3,6
10,62,10,3,6
10,63,10,3,2
10,64,10,3,7
10,65,10,3,1
10,66,10,3,1
10,67,10,3,1
10,68,10,3,0
10,69,10,3,5
10,70,10,3,5
10,71,10,3,9
10,72,12,1,8
10,73,10,3,1
10,74,10,3,8
10,75,10,3,2
10,76,10,3,8
10,77,10,3,5
10,78,10,3,0
10,79,10,3,1
10,80,10,3,1
10,81,10,3,12
10,82,10,3,2
10,83,10,3,2
10,84,10,3,7
10,85,11,1,3
10,86,11,1,9
10,87,10,3,9
10,88,10,3,4
10,89,10,3,4
10,90,10,3,0
10,91,10,3,11
10,92,11,1,3
10,93,11,1,3
10,94,11,1,9
10,95,10,3,9
10,96,10,3,2
10,97,10,3,2
10,98,10,3,8
10,99,10,3,1
10,100,11,1,5
11,1,13,1,0
11,2,12,1,0
11,3,11,1,0
11,4,11,1,4
11,5,11,1,3
11,6,11,1,3
11,7,11,1,3
11,8,11,1,2
11,9,11,1,2
11,10,11,1,2
11,11,11,1,4
11,12,11,1,4
11,13,11,1,0
11,14,11,1,5
11,15,11,1,5
11,16,11,1,2
11,17,11,1,2
11,18,11,1,2
11,19,11,1,3
11,20,11,1,3
11,21,11,1,0
11,22,11,1,5
11,23,11,1,0
11,24,14,0,3
11,25,13,1,3
11,26,12,1,3
11,27,11,1,3
11,28,11,1,3
11,29,11,1,3
11,30,11,1,5
11,31,11,1,6
11,32,11,1,4
11,33,11,1,4
11,34,12,1,0
11,35,11,1,0
11,36,11,1,5
11,37,11,1,5
11,38,11,1,6
11,39,11,1,6
11,40,11,1,2
11,41,11,1,7
11,42,11,1,7
11,43,11,1,7
11,44,11,1,8
11,45,11,1,0
11,46,12,1,9
11,47,11,1,9
11,48,11,1,2
11,49,11,1,7
11,50,11,1,2
11,51,11,1,3
11,52,11,1,3
11,53,11,1,3
11,54,11,1,9
11,55,11,1,0
11,56,11,1,5
11,57,11,1,4
11,58,11,1,4
11,59,11,1,8
11,60,11,1,6
11,61,11,1,6
11,62,11,1,2
11,63,11,1,7
11,64,15,4,5
11,65,13,1,0
11,66,12,1,0
11,67,11,1,0
11,68,11,1,5
11,69,11,1,5
11,70,11,1,9
11,71,11,1,3
11,72,12,1,8
11,73,11,1,8
11,74,11,1,2
11,75,11,1,8
11,76,11,1,5
11,77,11,1,0
11,78,13,1,12
11,79,12,1,12
11,80,11,1,12
11,81,11,1,2
11,82,11,1,2
11,83,11,1,7
11,84,11,1,3
11,85,11,1,3
11,86,11,1,9
11,87,11,1,4
11,88,11,1,4
11,89,11,1,0
11,90,11,1,11
11,91,11,1,3
11,92,11,1,3
11,93,11,1,3
11,94,11,1,9
11,95,11,1,2
11,96,11,1,2
11,97,11,1,8
11,98,12,1,3
11,99,11,1,3
11,100,11,1,5
12,1,13,1,0
12,2,12,1,0
12,3,12,1,4
12,4,12,1,3
12,5,12,1,3
12,6,12,1,3
12,7,12,1,2
12,8,12,1,2
12,9,12,1,2
12,10,12,1,4
12,11,12,1,4
12,12,12,1,0
12,13,12,1,5
12,14,12,1,5
12,15,12,1,2
12,16,12,1,2
12,17,12,1,2
12,18,12,1,3
12,19,12,1,3
12,20,12,1,0
12,21,12,1,5
12,22,12,1,0
12,23,14,0,1
12,24,14,0,3
12,25,13,1,3
12,26,12,1,3
12,27,12,1,3
12,28,12,1,3
12,29,12,1,5
12,30,12,1,6
12,31,12,1,4
12,32,12,1,4
12,33,13,1,0
12,34,12,1,0
12,35,12,1,5
12,36,12,1,5
12,37,12,1,6
12,38,12,1,6
12,39,12,1,2
12,40,12,1,7
12,41,12,1,7
12,42,12,1,7
12,43,12,1,8
12,44,12,1,0
12,45,13,1,9
12,46,12,1,9
12,47,12,1,2
12,48,12,1,7
12,49,12,1,2
12,50,12,1,3
12,51,12,1,3
12,52,12,1,3
12,53,12,1,9
12,54,12,1,0
12,55,12,1,5
12,56,12,1,4
12,57,12,1,4
12,58,12,1,8
12,59,12,1,6
12,60,12,1,6
12,61,12,1,2
12,62,12,1,7
12,63,14,0,1
12,64,15,4,5
12,65,13,1,0
12,66,12,1,0
12,67,12,1,5
12,68,12,1,5
12,69,12,1,9
12,70,12,1,3
12,71,13,1,8
12,72,12,1,8
12,73,12,1,2
12,74,12,1,8
12,75,12,1,5
12,76,12,1,0
12,77,14,0,12
12,78,13,1,12
12,79,12,1,12
12,80,12,1,2
12,81,12,1,2
12,82,12,1,7
12,83,12,1,3
12,84,12,1,3
12,85,12,1,9
12,86,12,1,4
12,87,12,1,4
12,88,12,1,0
12,89,12,1,11
12,90,12,1,3
12,91,12,1,3
12,92,12,1,3
12,93,12,1,9
12,94,12,1,2
12,95,12,1,2
12,96,12,1,8
12,97,13,1,3
12,98,12,1,3
12,99,12,1,5
12,100,12,1,0
13,1,13,1,0
13,2,13,1,4
13,3,13,1,3
13,4,13,1,3
13,5,13,1,3
13,6,13,1,2
13,7,13,1,2
13,8,13,1,2
13,9,13,1,4
13,10,13,1,4
13,11,13,1,0
13,12,13,1,5
13,13,13,1,5
13,14,13,1,2
13,15,13,1,2
13,16,13,1,2
13,17,13,1,3
13,18,13,1,3
13,19,13,1,0
13,20,13,1,5
13,21,13,1,0
13,22,14,0,1
13,23,14,0,1
13,24,14,0,3
13,25,13,1,3
13,26,13,1,3
13,27,13,1,3
13,28,13,1,5
13,29,13,1,6
13,30,13,1,4
13,31,13,1,4
13,32,15,4,5
13,33,13,1,0
13,34,13,1,5
13,35,13,1,5
13,36,13,1,6
13,37,13,1,6
13,38,13,1,2
13,39,13,1,7
13,40,13,1,7
13,41,13,1,7
13,42,13,1,8
13,43,13,1,0
13,44,14,0,9
13,45,13,1,9
13,46,13,1,2
13,47,13,1,7
13,48,13,1,2
13,49,13,1,3
13,50,13,1,3
13,51,13,1,3
13,52,13,1,9
13,53,13,1,0
13,54,13,1,5
13,55,13,1,4
13,56,13,1,4
13,57,13,1,8
13,58,13,1,6
13,59,13,1,6
13,60,13,1,2
13,61,13,1,7
13,62,14,0,1
13,63,14,0,1
13,64,15,4,5
13,65,13,1,0
13,66,13,1,5
13,67,13,1,5
13,68,13,1,9
13,69,13,1,3
13,70,14,0,8
13,71,13,1,8
13,72,13,1,2
13,73,13,1,8
13,74,13,1,5
13,75,13,1,0
13,76,14,0,1
13,77,14,0,12
13,78,13,1,12
13,79,13,1,2
13,80,13,1,2
13,81,13,1,7
13,82,13,1,3
13,83,13,1,3
13,84,13,1,9
13,85,13,1,4
13,86,13,1,4
13,87,13,1,0
13,88,13,1,11
13,89,13,1,3
13,90,13,1,3
13,91,13,1,3
13,92,13,1,9
13,93,13,1,2
13,94,13,1,2
13,95,13,1,8
13,96,14,0,3
13,97,13,1,3
13,98,13,1,5
13,99,13,1,0
13,100,13,1,9
14,1,14,0,4
14,2,14,0,3
14,3,14,0,3
14,4,14,0,3
14,5,14,0,2
14,6,14,0,2
14,7,14,0,2
14,8,14,0,4
14,9,14,0,4
14,10,15,4,5
14,11,14,0,5
14,12,14,0,5
14,13,14,0,2
14,14,14,0,2
14,15,14,0,2
14,16,14,0,3
14,17,14,0,3
14,18,15,4,5
14,19,14,0,5
14,20,15,4,1
14,21,14,0,1
14,22,14,0,1
14,23,14,0,1
14,24,14,0,3
14,25,14,0,3
14,26,14,0,3
14,27,14,0,5
14,28,14,0,6
14,29,14,0,4
14,30,14,0,4
14,31,14,0,1
14,32,15,4,5
14,33,14,0,5
14,34,14,0,5
14,35,14,0,6
14,36,14,0,6
14,37,14,0,2
14,38,14,0,7
14,39,14,0,7
14,40,14,0,7
14,41,14,0,8
14,42,15,4,1
14,43,14,0,1
14,44,14,0,9
14,45,14,0,2
14,46,14,0,7
14,47,14,0,2
14,48,14,0,3
14,49,14,0,3
14,50,14,0,3
14,51,14,0,9
14,52,15,4,5
14,53,14,0,5
14,54,14,0,4
14,55,14,0,4
14,56,14,0,8
14,57,14,0,6
14,58,14,0,6
14,59,14,0,2
14,60,14,0,7
14,61,14,0,1
14,62,14,0,1
14,63,14,0,1
14,64,15,4,5
14,65,14,0,5
14,66,14,0,5
14,67,14,0,9
14,68,14,0,3
14,69,14,0,1
14,70,14,0,8
14,71,14,0,2
14,72,14,0,8
14,73,14,0,5
14,74,15,4,1
14,75,14,0,1
14,76,14,0,1
14,77,14,0,12
14,78,14,0,2
14,79,14,0,2
14,80,14,0,7
14,81,14,0,3
14,82,14,0,3
14,83,14,0,9
14,84,14,0,4
14,85,14,0,4
14,86,15,4,11
14,87,14,0,11
14,88,14,0,3
14,89,14,0,3
14,90,14,0,3
14,91,14,0,9
14,92,14,0,2
14,93,14,0,2
14,94,14,0,8
14,95,14,0,1
14,96,14,0,3
14,97,14,0,5
14,98,15,4,9
14,99,14,0,9
14,100,14,0,12
15,1,15,4,3
15,2,15,4,3
15,3,15,4,3
15,4,15,4,2
15,5,15,4,2
15,6,15,4,2
15,7,16,3,4
15,8,16,3,0
15,9,15,4,0
15,10,15,4,5
15,11,15,4,5
15,12,15,4,2
15,13,15,4,2
15,14,15,4,2
15,15,15,4,3
15,16,15,4,3
15,17,15,4,0
15,18,15,4,5
15,19,15,4,0
15,20,15,4,1
15,21,15,4,1
15,22,15,4,1
15,23,15,4,3
15,24,15,4,3
15,25,15,4,3
15,26,15,4,5
15,27,15,4,6
15,28,16,3,4
15,29,16,3,1
15,30,15,4,1
15,31,15,4,0
15,32,15,4,5
15,33,15,4,5
15,34,15,4,6
15,35,15,4,6
15,36,15,4,2
15,37,15,4,7
15,38,15,4,7
15,39,15,4,7
15,40,15,4,8
15,41,15,4,0
15,42,15,4,1
15,43,15,4,9
15,44,15,4,2
15,45,15,4,7
15,46,15,4,2
15,47,15,4,3
15,48,15,4,3
15,49,15,4,3
15,50,15,4,9
15,51,15,4,0
15,52,15,4,5
15,53,16,3,4
15,54,16,3,8
15,55,15,4,8
15,56,15,4,6
15,57,15,4,6
15,58,15,4,2
15,59,15,4,7
15,60,15,4,1
15,61,15,4,1
15,62,15,4,1
15,63,15,4,0
15,64,15,4,5
15,65,15,4,5
15,66,15,4,9
15,67,15,4,3
15,68,15,4,1
15,69,15,4,8
15,70,15,4,2
15,71,15,4,8
15,72,15,4,5
15,73,15,4,0
15,74,15,4,1
15,75,15,4,1
15,76,15,4,12
15,77,15,4,2
15,78,15,4,2
15,79,15,4,7
15,80,15,4,3
15,81,15,4,3
15,82,15,4,9
15,83,16,3,4
15,84,16,3,0
15,85,15,4,0
15,86,15,4,11
15,87,15,4,3
15,88,15,4,3
15,89,15,4,3
15,90,15,4,9
15,91,15,4,2
15,92,15,4,2
15,93,15,4,8
15,94,15,4,1
15,95,15,4,3
15,96,15,4,5
15,97,15,4,0
15,98,15,4,9
15,99,15,4,12
15,100,15,4,2
16,1,18,3,2
16,2,17,3,2
16,3,16,3,2
16,4,16,3,2
16,5,16,3,2
16,6,16,3,4
16,7,16,3,4
16,8,16,3,0
16,9,16,3,5
16,10,16,3,5
16,11,16,3,2
16,12,16,3,2
16,13,16,3,2
16,14,18,3,0
16,15,17,3,0
16,16,16,3,0
16,17,16,3,5
16,18,16,3,0
16,19,16,3,1
16,20,16,3,1
16,21,16,3,1
16,22,19,2,5
16,23,18,3,5
16,24,17,3,5
16,25,16,3,5
16,26,16,3,6
16,27,16,3,4
16,28,16,3,4
16,29,16,3,1
16,30,16,3,0
16,31,16,3,5
16,32,16,3,5
16,33,16,3,6
16,34,16,3,6
16,35,16,3,2
16,36,16,3,7
16,37,16,3,7
16,38,16,3,7
16,39,16,3,8
16,40,16,3,0
16,41,16,3,1
16,42,16,3,9
16,43,16,3,2
16,44,16,3,7
16,45,16,3,2
16,46,19,2,9
16,47,18,3,9
16,48,17,3,9
16,49,16,3,9
16,50,16,3,0
16,51,16,3,5
16,52,16,3,4
16,53,16,3,4
16,54,16,3,8
16,55,16,3,6
16,56,16,3,6
16,57,16,3,2
16,58,16,3,7
16,59,16,3,1
16,60,16,3,1
16,61,16,3,1
16,62,16,3,0
16,63,16,3,5
16,64,16,3,5
16,65,16,3,9
16,66,17,3,1
16,67,16,3,1
16,68,16,3,8
16,69,16,3,2
16,70,16,3,8
16,71,16,3,5
16,72,16,3,0
16,73,16,3,1
16,74,16,3,1
16,75,16,3,12
16,76,16,3,2
16,77,16,3,2
16,78,16,3,7
16,79,18,3,9
16,80,17,3,9
16,81,16,3,9
16,82,16,3,4
16,83,16,3,4
16,84,16,3,0
16,85,16,3,11
16,86,19,2,9
16,87,18,3,9
16,88,17,3,9
16,89,16,3,9
16,90,16,3,2
16,91,16,3,2
16,92,16,3,8
16,93,16,3,1
16,94,17,3,5
16,95,16,3,5
16,96,16,3,0
16,97,16,3,9
16,98,16,3,12
16,99,16,3,2
16,100,16,3,6
17,1,18,3,2
17,2,17,3,2
17,3,17,3,2
17,4,17,3,2
17,5,17,3,4
17,6,17,3,4
17,7,17,3,0
17,8,17,3,5
17,9,17,3,5
17,10,17,3,2
17,11,17,3,2
17,12,17,3,2
17,13,19,2,0
17,14,18,3,0
17,15,17,3,0
17,16,17,3,5
17,17,17,3,0
17,18,17,3,1
17,19,17,3,1
17,20,17,3,1
17,21,19,2,3
17,22,19,2,5
17,23,18,3,5
17,24,17,3,5
17,25,17,3,6
17,26,17,3,4
17,27,17,3,4
17,28,17,3,1
17,29,17,3,0
17,30,17,3,5
17,31,17,3,5
17,32,17,3,6
17,33,17,3,6
17,34,17,3,2
17,35,17,3,7
17,36,17,3,7
17,37,17,3,7
17,38,17,3,8
17,39,17,3,0
17,40,17,3,1
17,41,17,3,9
17,42,17,3,2
17,43,17,3,7
17,44,17,3,2
17,45,19,2,3
17,46,19,2,9
17,47,18,3,9
17,48,17,3,9
17,49,17,3,0
17,50,17,3,5
17,51,17,3,4
17,52,17,3,4
17,53,17,3,8
17,54,17,3,6
17,55,17,3,6
17,56,17,3,2
17,57,17,3,7
17,58,17,3,1
17,59,17,3,1
17,60,17,3,1
17,61,17,3,0
17,62,17,3,5
17,63,17,3,5
17,64,17,3,9
17,65,18,3,1
17,66,17,3,1
17,67,17,3,8
17,68,17,3,2
17,69,17,3,8
17,70,17,3,5
17,71,17,3,0
17,72,17,3,1
17,73,17,3,1
17,74,17,3,12
17,75,17,3,2
17,76,17,3,2
17,77,17,3,7
17,78,19,2,9
17,79,18,3,9
17,80,17,3,9
17,81,17,3,4
17,82,17,3,4
17,83,17,3,0
17,84,17,3,11
17,85,19,2,3
17,86,19,2,9
17,87,18,3,9
17,88,17,3,9
17,89,17,3,2
17,90,17,3,2
17,91,17,3,8
17,92,17,3,1
17,93,18,3,5
17,94,17,3,5
17,95,17,3,0
17,96,17,3,9
17,97,17,3,12
17,98,17,3,2
17,99,17,3,6
17,100,17,3,13
18,1,18,3,2
18,2,18,3,2
18,3,18,3,2
18,4,18,3,4
18,5,18,3,4
18,6,18,3,0
18,7,18,3,5
18,8,18,3,5
18,9,18,3,2
18,10,18,3,2
18,11,18,3,2
18,12,19,2,3
18,13,19,2,0
18,14,18,3,0
18,15,18,3,5
18,16,18,3,0
18,17,18,3,1
18,18,18,3,1
18,19,18,3,1
18,20,19,2,3
18,21,19,2,3
18,22,19,2,5
18,23,18,3,5
18,24,18,3,6
18,25,18,3,4
18,26,18,3,4
18,27,18,3,1
18,28,18,3,0
18,29,18,3,5
18,30,18,3,5
18,31,18,3,6
18,32,18,3,6
18,33,18,3,2
18,34,18,3,7
18,35,18,3,7
18,36,18,3,7
18,37,18,3,8
18,38,18,3,0
18,39,18,3,1
18,40,18,3,9
18,41,18,3,2
18,42,18,3,7
18,43,18,3,2
18,44,19,2,3
18,45,19,2,3
18,46,19,2,9
18,47,18,3,9
18,48,18,3,0
18,49,18,3,5
18,50,18,3,4
18,51,18,3,4
18,52,18,3,8
18,53,18,3,6
18,54,18,3,6
18,55,18,3,2
18,56,18,3,7
18,57,18,3,1
18,58,18,3,1
18,59,18,3,1
18,60,18,3,0
18,61,18,3,5
18,62,18,3,5
18,63,18,3,9
18,64,19,2,1
18,65,18,3,1
18,66,18,3,8
18,67,18,3,2
18,68,18,3,8
18,69,18,3,5
18,70,18,3,0
18,71,18,3,1
18,72,18,3,1
18,73,18,3,12
18,74,18,3,2
18,75,18,3,2
18,76,18,3,7
18,77,19,2,3
18,78,19,2,9
18,79,18,3,9
18,80,18,3,4
18,81,18,3,4
18,82,18,3,0
18,83,18,3,11
18,84,19,2,3
18,85,19,2,3
18,86,19,2,9
18,87,18,3,9
18,88,18,3,2
18,89,18,3,2
18,90,18,3,8
18,91,18,3,1
18,92,19,2,5
18,93,18,3,5
18,94,18,3,0
18,95,18,3,9
18,96,18,3,12
18,97,18,3,2
18,98,18,3,6
18,99,18,3,13
18,100,18,3,13
19,1,21,2,4
19,2,20,2,4
19,3,19,2,4
19,4,19,2,4
19,5,19,2,0
19,6,19,2,5
19,7,19,2,5
19,8,22,4,3
19,9,21,2,3
19,10,20,2,3
19,11,19,2,3
19,12,19,2,3
19,13,19,2,0
19,14,19,2,5
19,15,19,2,0
19,16,19,2,1
19,17,19,2,1
19,18,19,2,1
19,19,19,2,3
19,20,19,2,3
19,21,19,2,3
19,22,19,2,5
19,23,19,2,6
19,24,19,2,4
19,25,19,2,4
19,26,19,2,1
19,27,19,2,0
19,28,19,2,5
19,29,19,2,5
19,30,19,2,6
19,31,19,2,6
19,32,20,2,7
19,33,19,2,7
19,34,19,2,7
19,35,19,2,7
19,36,19,2,8
19,37,19,2,0
19,38,19,2,1
19,39,19,2,9
19,40,20,2,7
19,41,19,2,7
19,42,20,2,3
19,43,19,2,3
19,44,19,2,3
19,45,19,2,3
19,46,19,2,9
19,47,19,2,0
19,48,19,2,5
19,49,19,2,4
19,50,19,2,4
19,51,19,2,8
19,52,19,2,6
19,53,19,2,6
19,54,20,2,7
19,55,19,2,7
19,56,19,2,1
19,57,19,2,1
19,58,19,2,1
19,59,19,2,0
19,60,19,2,5
19,61,19,2,5
19,62,19,2,9
19,63,19,2,3
19,64,19,2,1
19,65,19,2,8
19,66,20,2,8
19,67,19,2,8
19,68,19,2,5
19,69,19,2,0
19,70,19,2,1
19,71,19,2,1
19,72,19,2,12
19,73,21,2,7
19,74,20,2,7
19,75,19,2,7
19,76,19,2,3
19,77,19,2,3
19,78,19,2,9
19,79,19,2,4
19,80,19,2,4
19,81,19,2,0
19,82,19,2,11
19,83,19,2,3
19,84,19,2,3
19,85,19,2,3
19,86,19,2,9
19,87,21,2,8
19,88,20,2,8
19,89,19,2,8
19,90,19,2,1
19,91,19,2,3
19,92,19,2,5
19,93,19,2,0
19,94,19,2,9
19,95,19,2,12
19,96,20,2,6
19,97,19,2,6
19,98,19,2,13
19,99,19,2,13
19,100,19,2,5
20,1,21,2,4
20,2,20,2,4
20,3,20,2,4
20,4,20,2,0
20,5,20,2,5
20,6,20,2,5
20,7,22,4,2
20,8,22,4,3
20,9,21,2,3
20,10,20,2,3
20,11,20,2,3
20,12,20,2,0
20,13,20,2,5
20,14,20,2,0
20,15,20,2,1
20,16,20,2,1
20,17,20,2,1
20,18,20,2,3
20,19,20,2,3
20,20,20,2,3
20,21,20,2,5
20,22,20,2,6
20,23,20,2,4
20,24,20,2,4
20,25,20,2,1
20,26,20,2,0
20,27,20,2,5
20,28,20,2,5
20,29,20,2,6
20,30,20,2,6
20,31,21,2,7
20,32,20,2,7
20,33,20,2,7
20,34,20,2,7
20,35,20,2,8
20,36,20,2,0
20,37,20,2,1
20,38,20,2,9
20,39,21,2,7
20,40,20,2,7
20,41,21,2,3
20,42,20,2,3
20,43,20,2,3
20,44,20,2,3
20,45,20,2,9
20,46,20,2,0
20,47,20,2,5
20,48,20,2,4
20,49,20,2,4
20,50,20,2,8
20,51,20,2,6
20,52,20,2,6
20,53,21,2,7
20,54,20,2,7
20,55,20,2,1
20,56,20,2,1
20,57,20,2,1
20,58,20,2,0
20,59,20,2,5
20,60,20,2,5
20,61,20,2,9
20,62,20,2,3
20,63,20,2,1
20,64,20,2,8
20,65,21,2,8
20,66,20,2,8
20,67,20,2,5
20,68,20,2,0
20,69,20,2,1
20,70,20,2,1
20,71,20,2,12
20,72,22,4,7
20,73,21,2,7
20,74,20,2,7
20,75,20,2,3
20,76,20,2,3
20,77,20,2,9
20,78,20,2,4
20,79,20,2,4
20,80,20,2,0
20,81,20,2,11
20,82,20,2,3
20,83,20,2,3
20,84,20,2,3
20,85,20,2,9
20,86,22,4,8
20,87,21,2,8
20,88,20,2,8
20,89,20,2,1
20,90,20,2,3
20,91,20,2,5
20,92,20,2,0
20,93,20,2,9
20,94,20,2,12
20,95,21,2,6
20,96,20,2,6
20,97,20,2,13
20,98,20,2,13
20,99,20,2,5
20,100,20,2,0
21,1,21,2,4
21,2,21,2,4
21,3,21,2,0
21,4,21,2,5
21,5,21,2,5
21,6,22,4,2
21,7,22,4,2
21,8,22,4,3
21,9,21,2,3
21,10,21,2,3
21,11,21,2,0
21,12,21,2,5
21,13,21,2,0
21,14,21,2,1
21,15,21,2,1
21,16,21,2,1
21,17,21,2,3
21,18,21,2,3
21,19,21,2,3
21,20,21,2,5
21,21,21,2,6
21,22,21,2,4
21,23,21,2,4
21,24,21,2,1
21,25,21,2,0
21,26,21,2,5
21,27,21,2,5
21,28,21,2,6
21,29,21,2,6
21,30,22,4,7
21,31,21,2,7
21,32,21,2,7
21,33,21,2,7
21,34,21,2,8
21,35,21,2,0
21,36,21,2,1
21,37,21,2,9
21,38,22,4,7
21,39,21,2,7
21,40,22,4,3
21,41,21,2,3
21,42,21,2,3
21,43,21,2,3
21,44,21,2,9
21,45,21,2,0
21,46,21,2,5
21,47,21,2,4
21,48,21,2,4
21,49,21,2,8
21,50,21,2,6
21,51,21,2,6
21,52,22,4,7
21,53,21,2,7
21,54,21,2,1
21,55,21,2,1
21,56,21,2,1
21,57,21,2,0
21,58,21,2,5
21,59,21,2,5
21,60,21,2,9
21,61,21,2,3
21,62,21,2,1
21,63,21,2,8
21,64,22,4,8
21,65,21,2,8
21,66,21,2,5
21,67,21,2,0
21,68,21,2,1
21,69,21,2,1
21,70,21,2,12
21,71,22,4,2
21,72,22,4,7
21,73,21,2,7
21,74,21,2,3
21,75,21,2,3
21,76,21,2,9
21,77,21,2,4
21,78,21,2,4
21,79,21,2,0
21,80,21,2,11
21,81,21,2,3
21,82,21,2,3
21,83,21,2,3
21,84,21,2,9
21,85,22,4,2
21,86,22,4,8
21,87,21,2,8
21,88,21,2,1
21,89,21,2,3
21,90,21,2,5
21,91,21,2,0
21,92,21,2,9
21,93,21,2,12
21,94,22,4,6
21,95,21,2,6
21,96,21,2,13
21,97,21,2,13
21,98,21,2,5
21,99,21,2,0
21,100,21,2,1
22,1,23,4,0
22,2,22,4,0
22,3,22,4,5
22,4,22,4,5
22,5,22,4,2
22,6,22,4,2
22,7,22,4,2
22,8,22,4,3
22,9,22,4,3
22,10,22,4,0
22,11,22,4,5
22,12,22,4,0
22,13,22,4,1
22,14,22,4,1
22,15,22,4,1
22,16,22,4,3
22,17,22,4,3
22,18,22,4,3
22,19,22,4,5
22,20,22,4,6
22,21,24,0,1
22,22,23,4,1
22,23,22,4,1
22,24,22,4,0
22,25,22,4,5
22,26,22,4,5
22,27,22,4,6
22,28,22,4,6
22,29,22,4,2
22,30,22,4,7
22,31,22,4,7
22,32,22,4,7
22,33,22,4,8
22,34,22,4,0
22,35,22,4,1
22,36,22,4,9
22,37,22,4,2
22,38,22,4,7
22,39,22,4,2
22,40,22,4,3
22,41,22,4,3
22,42,22,4,3
22,43,22,4,9
22,44,22,4,0
22,45,22,4,5
22,46,24,0,8
22,47,23,4,8
22,48,22,4,8
22,49,22,4,6
22,50,22,4,6
22,51,22,4,2
22,52,22,4,7
22,53,22,4,1
22,54,22,4,1
22,55,22,4,1
22,56,22,4,0
22,57,22,4,5
22,58,22,4,5
22,59,22,4,9
22,60,22,4,3
22,61,22,4,1
22,62,22,4,8
22,63,22,4,2
22,64,22,4,8
22,65,22,4,5
22,66,22,4,0
22,67,22,4,1
22,68,22,4,1
22,69,22,4,12
22,70,22,4,2
22,71,22,4,2
22,72,22,4,7
22,73,22,4,3
22,74,22,4,3
22,75,22,4,9
22,76,25,5,11
22,77,23,4,0
22,78,22,4,0
22,79,22,4,11
22,80,22,4,3
22,81,22,4,3
22,82,22,4,3
22,83,22,4,9
22,84,22,4,2
22,85,22,4,2
22,86,22,4,8
22,87,22,4,1
22,88,22,4,3
22,89,22,4,5
22,90,22,4,0
22,91,22,4,9
22,92,22,4,12
22,93,22,4,2
22,94,22,4,6
22,95,22,4,13
22,96,22,4,13
22,97,22,4,5
22,98,22,4,0
22,99,22,4,1
22,100,22,4,1
23,1,23,4,0
23,2,23,4,5
23,3,23,4,5
23,4,23,4,2
23,5,23,4,2
23,6,23,4,2
23,7,23,4,3
23,8,23,4,3
23,9,23,4,0
23,10,23,4,5
23,11,23,4,0
23,12,23,4,1
23,13,23,4,1
23,14,23,4,1
23,15,23,4,3
23,16,23,4,3
23,17,23,4,3
23,18,23,4,5
23,19,23,4,6
23,20,24,0,4
23,21,24,0,1
23,22,23,4,1
23,23,23,4,0
23,24,23,4,5
23,25,23,4,5
23,26,23,4,6
23,27,23,4,6
23,28,23,4,2
23,29,23,4,7
23,30,23,4,7
23,31,23,4,7
23,32,23,4,8
23,33,23,4,0
23,34,23,4,1
23,35,23,4,9
23,36,23,4,2
23,37,23,4,7
23,38,23,4,2
23,39,23,4,3
23,40,23,4,3
23,41,23,4,3
23,42,23,4,9
23,43,23,4,0
23,44,23,4,5
23,45,24,0,4
23,46,24,0,8
23,47,23,4,8
23,48,23,4,6
23,49,23,4,6
23,50,23,4,2
23,51,23,4,7
23,52,23,4,1
23,53,23,4,1
23,54,23,4,1
23,55,23,4,0
23,56,23,4,5
23,57,23,4,5
23,58,23,4,9
23,59,23,4,3
23,60,23,4,1
23,61,23,4,8
23,62,23,4,2
23,63,23,4,8
23,64,23,4,5
23,65,23,4,0
23,66,23,4,1
23,67,23,4,1
23,68,23,4,12
23,69,23,4,2
23,70,23,4,2
23,71,23,4,7
23,72,23,4,3
23,73,23,4,3
23,74,23,4,9
23,75,24,0,4
23,76,25,5,11
23,77,23,4,0
23,78,23,4,11
23,79,23,4,3
23,80,23,4,3
23,81,23,4,3
23,82,23,4,9
23,83,23,4,2
23,84,23,4,2
23,85,23,4,8
23,86,23,4,1
23,87,23,4,3
23,88,23,4,5
23,89,23,4,0
23,90,23,4,9
23,91,23,4,12
23,92,23,4,2
23,93,23,4,6
23,94,23,4,13
23,95,23,4,13
23,96,23,4,5
23,97,23,4,0
23,98,23,4,1
23,99,23,4,1
23,100,24,0,11
24,1,24,0,5
24,2,24,0,5
24,3,24,0,2
24,4,24,0,2
24,5,24,0,2
24,6,24,0,3
24,7,24,0,3
24,8,26,5,0
24,9,24,0,5
24,10,25,5,1
24,11,24,0,1
24,12,24,0,1
24,13,24,0,1
24,14,24,0,3
24,15,24,0,3
24,16,24,0,3
24,17,24,0,5
24,18,24,0,6
24,19,24,0,4
24,20,24,0,4
24,21,24,0,1
24,22,27,2,6
24,23,24,0,5
24,24,24,0,5
24,25,24,0,6
24,26,24,0,6
24,27,24,0,2
24,28,24,0,7
24,29,24,0,7
24,30,24,0,7
24,31,24,0,8
24,32,25,5,1
24,33,24,0,1
24,34,24,0,9
24,35,24,0,2
24,36,24,0,7
24,37,24,0,2
24,38,24,0,3
24,39,24,0,3
24,40,24,0,3
24,41,24,0,9
24,42,26,5,4
24,43,24,0,5
24,44,24,0,4
24,45,24,0,4
24,46,24,0,8
24,47,24,0,6
24,48,24,0,6
24,49,24,0,2
24,50,24,0,7
24,51,24,0,1
24,52,24,0,1
24,53,24,0,1
24,54,27,2,9
24,55,24,0,5
24,56,24,0,5
24,57,24,0,9
24,58,24,0,3
24,59,24,0,1
24,60,24,0,8
24,61,24,0,2
24,62,24,0,8
24,63,24,0,5
24,64,25,5,1
24,65,24,0,1
24,66,24,0,1
24,67,24,0,12
24,68,24,0,2
24,69,24,0,2
24,70,24,0,7
24,71,24,0,3
24,72,24,0,3
24,73,24,0,9
24,74,24,0,4
24,75,24,0,4
24,76,25,5,11
24,77,24,0,11
24,78,24,0,3
24,79,24,0,3
24,80,24,0,3
24,81,24,0,9
24,82,24,0,2
24,83,24,0,2
24,84,24,0,8
24,85,24,0,1
24,86,24,0,3
24,87,24,0,5
24,88,25,5,9
24,89,24,0,9
24,90,24,0,12
24,91,24,0,2
24,92,24,0,6
24,93,24,0,13
24,94,24,0,13
24,95,24,0,5
24,96,25,5,1
24,97,24,0,1
24,98,24,0,1
24,99,24,0,4
24,100,24,0,11
25,1,26,5,2
25,2,25,5,2
25,3,25,5,2
25,4,25,5,2
25,5,25,5,3
25,6,25,5,3
25,7,25,5,0
25,8,26,5,0
25,9,25,5,0
25,10,25,5,1
25,11,25,5,1
25,12,25,5,1
25,13,25,5,3
25,14,25,5,3
25,15,25,5,3
25,16,26,5,6
25,17,25,5,6
25,18,25,5,4
25,19,25,5,4
25,20,25,5,1
25,21,25,5,0
25,22,27,2,6
25,23,26,5,6
25,24,25,5,6
25,25,25,5,6
25,26,25,5,2
25,27,25,5,7
25,28,25,5,7
25,29,25,5,7
25,30,25,5,8
25,31,25,5,0
25,32,25,5,1
25,33,25,5,9
25,34,25,5,2
25,35,25,5,7
25,36,25,5,2
25,37,25,5,3
25,38,25,5,3
25,39,25,5,3
25,40,25,5,9
25,41,25,5,0
25,42,26,5,4
25,43,25,5,4
25,44,25,5,4
25,45,25,5,8
25,46,25,5,6
25,47,25,5,6
25,48,25,5,2
25,49,25,5,7
25,50,25,5,1
25,51,25,5,1
25,52,25,5,1
25,53,25,5,0
25,54,27,2,9
25,55,26,5,9
25,56,25,5,9
25,57,25,5,3
25,58,25,5,1
25,59,25,5,8
25,60,25,5,2
25,61,25,5,8
25,62,26,5,0
25,63,25,5,0
25,64,25,5,1
25,65,25,5,1
25,66,25,5,12
25,67,25,5,2
25,68,25,5,2
25,69,25,5,7
25,70,25,5,3
25,71,25,5,3
25,72,25,5,9
25,73,25,5,4
25,74,25,5,4
25,75,25,5,0
25,76,25,5,11
25,77,25,5,3
25,78,25,5,3
25,79,25,5,3
25,80,25,5,9
25,81,25,5,2
25,82,25,5,2
25,83,25,5,8
25,84,25,5,1
25,85,25,5,3
25,86,26,5,0
25,87,25,5,0
25,88,25,5,9
25,89,25,5,12
25,90,25,5,2
25,91,25,5,6
25,92,25,5,13
25,93,25,5,13
25,94,26,5,0
25,95,25,5,0
25,96,25,5,1
25,97,25,5,1
25,98,25,5,4
25,99,25,5,11
25,100,25,5,7
26,1,26,5,2
26,2,26,5,2
26,3,26,5,2
26,4,26,5,3
26,5,26,5,3
26,6,26,5,0
26,7,27,2,0
26,8,26,5,0
26,9,26,5,1
26,10,26,5,1
26,11,26,5,1
26,12,26,5,3
26,13,26,5,3
26,14,26,5,3
26,15,27,2,6
26,16,26,5,6
26,17,26,5,4
26,18,26,5,4
26,19,26,5,1
26,20,26,5,0
26,21,27,2,5
26,22,27,2,6
26,23,26,5,6
26,24,26,5,6
26,25,26,5,2
26,26,26,5,7
26,27,26,5,7
26,28,26,5,7
26,29,26,5,8
26,30,26,5,0
26,31,26,5,1
26,32,26,5,9
26,33,26,5,2
26,34,26,5,7
26,35,26,5,2
26,36,26,5,3
26,37,26,5,3
26,38,26,5,3
26,39,26,5,9
26,40,26,5,0
26,41,27,2,4
26,42,26,5,4
26,43,26,5,4
26,44,26,5,8
26,45,26,5,6
26,46,26,5,6
26,47,26,5,2
26,48,26,5,7
26,49,26,5,1
26,50,26,5,1
26,51,26,5,1
26,52,26,5,0
26,53,27,2,5
26,54,27,2,9
26,55,26,5,9
26,56,26,5,3
26,57,26,5,1
26,58,26,5,8
26,59,26,5,2
26,60,26,5,8
26,61,27,2,0
26,62,26,5,0
26,63,26,5,1
26,64,26,5,1
26,65,26,5,12
26,66,26,5,2
26,67,26,5,2
26,68,26,5,7
26,69,26,5,3
26,70,26,5,3
26,71,26,5,9
26,72,26,5,4
26,73,26,5,4
26,74,26,5,0
26,75,26,5,11
26,76,26,5,3
26,77,26,5,3
26,78,26,5,3
26,79,26,5,9
26,80,26,5,2
26,81,26,5,2
26,82,26,5,8
26,83,26,5,1
26,84,26,5,3
26,85,27,2,0
26,86,26,5,0
26,87,26,5,9
26,88,26,5,12
26,89,26,5,2
26,90,26,5,6
26,91,26,5,13
26,92,26,5,13
26,93,27,2,0
26,94,26,5,0
26,95,26,5,1
26,96,26,5,1
26,97,26,5,4
26,98,26,5,11
26,99,26,5,7
26,100,26,5,7
27,1,29,2,3
27,2,28,2,3
27,3,27,2,3
27,4,27,2,3
27,5,27,2,0
27,6,27,2,5
27,7,27,2,0
27,8,27,2,1
27,9,27,2,1
27,10,27,2,1
27,11,27,2,3
27,12,27,2,3
27,13,27,2,3
27,14,27,2,5
27,15,27,2,6
27,16,27,2,4
27,17,27,2,4
27,18,27,2,1
27,19,27,2,0
27,20,27,2,5
27,21,27,2,5
27,22,27,2,6
27,23,27,2,6
27,24,28,2,7
27,25,27,2,7
27,26,27,2,7
27,27,27,2,7
27,28,27,2,8
27,29,27,2,0
27,30,27,2,1
27,31,27,2,9
27,32,28,2,7
27,33,27,2,7
27,34,28,2,3
27,35,27,2,3
27,36,27,2,3
27,37,27,2,3
27,38,27,2,9
27,39,27,2,0
27,40,27,2,5
27,41,27,2,4
27,42,27,2,4
27,43,27,2,8
27,44,27,2,6
27,45,27,2,6
27,46,28,2,7
27,47,27,2,7
27,48,27,2,1
27,49,27,2,1
27,50,27,2,1
27,51,27,2,0
27,52,27,2,5
27,53,27,2,5
27,54,27,2,9
27,55,27,2,3
27,56,27,2,1
27,57,27,2,8
27,58,28,2,8
27,59,27,2,8
27,60,27,2,5
27,61,27,2,0
27,62,27,2,1
27,63,27,2,1
27,64,27,2,12
27,65,29,2,7
27,66,28,2,7
27,67,27,2,7
27,68,27,2,3
27,69,27,2,3
27,70,27,2,9
27,71,27,2,4
27,72,27,2,4
27,73,27,2,0
27,74,27,2,11
27,75,27,2,3
27,76,27,2,3
27,77,27,2,3
27,78,27,2,9
27,79,29,2,8
27,80,28,2,8
27,81,27,2,8
27,82,27,2,1
27,83,27,2,3
27,84,27,2,5
27,85,27,2,0
27,86,27,2,9
27,87,27,2,12
27,88,28,2,6
27,89,27,2,6
27,90,27,2,13
27,91,27,2,13
27,92,27,2,5
27,93,27,2,0
27,94,27,2,1
27,95,27,2,1
27,96,27,2,4
27,97,27,2,11
27,98,27,2,7
27,99,27,2,7
27,100,27,2,10
28,1,29,2,3
28,2,28,2,3
28,3,28,2,3
28,4,28,2,0
28,5,28,2,5
28,6,28,2,0
28,7,28,2,1
28,8,28,2,1
28,9,28,2,1
28,10,28,2,3
28,11,28,2,3
28,12,28,2,3
28,13,28,2,5
28,14,28,2,6
28,15,28,2,4
28,16,28,2,4
28,17,28,2,1
28,18,28,2,0
28,19,28,2,5
28,20,28,2,5
28,21,28,2,6
28,22,28,2,6
28,23,29,2,7
28,24,28,2,7
28,25,28,2,7
28,26,28,2,7
28,27,28,2,8
28,28,28,2,0
28,29,28,2,1
28,30,28,2,9
28,31,29,2,7
28,32,28,2,7
28,33,29,2,3
28,34,28,2,3
28,35,28,2,3
28,36,28,2,3
28,37,28,2,9
28,38,28,2,0
28,39,28,2,5
28,40,28,2,4
28,41,28,2,4
28,42,28,2,8
28,43,28,2,6
28,44,28,2,6
28,45,29,2,7
28,46,28,2,7
28,47,28,2,1
28,48,28,2,1
28,49,28,2,1
28,50,28,2,0
28,51,28,2,5
28,52,28,2,5
28,53,28,2,9
28,54,28,2,3
28,55,28,2,1
28,56,28,2,8
28,57,29,2,8
28,58,28,2,8
28,59,28,2,5
28,60,28,2,0
28,61,28,2,1
28,62,28,2,1
28,63,28,2,12
28,64,30,3,7
28,65,29,2,7
28,66,28,2,7
28,67,28,2,3
28,68,28,2,3
28,69,28,2,9
28,70,28,2,4
28,71,28,2,4
28,72,28,2,0
28,73,28,2,11
28,74,28,2,3
28,75,28,2,3
28,76,28,2,3
28,77,28,2,9
28,78,30,3,8
28,79,29,2,8
28,80,28,2,8
28,81,28,2,1
28,82,28,2,3
28,83,28,2,5
28,84,28,2,0
28,85,28,2,9
28,86,28,2,12
28,87,29,2,6
28,88,28,2,6
28,89,28,2,13
28,90,28,2,13
28,91,28,2,5
28,92,28,2,0
28,93,28,2,1
28,94,28,2,1
28,95,28,2,4
28,96,28,2,11
28,97,28,2,7
28,98,28,2,7
28,99,28,2,10
28,100,28,2,3
29,1,29,2,3
29,2,29,2,3
29,3,29,2,0
29,4,29,2,5
29,5,29,2,0
29,6,29,2,1
29,7,29,2,1
29,8,29,2,1
29,9,29,2,3
29,10,29,2,3
29,11,29,2,3
29,12,29,2,5
29,13,29,2,6
29,14,29,2,4
29,15,29,2,4
29,16,29,2,1
29,17,29,2,0
29,18,29,2,5
29,19,29,2,5
29,20,29,2,6
29,21,29,2,6
29,22,30,3,7
29,23,29,2,7
29,24,29,2,7
29,25,29,2,7
29,26,29,2,8
29,27,29,2,0
29,28,29,2,1
29,29,29,2,9
29,30,30,3,7
29,31,29,2,7
29,32,32,0,3
29,33,29,2,3
29,34,29,2,3
29,35,29,2,3
29,36,29,2,9
29,37,29,2,0
29,38,29,2,5
29,39,29,2,4
29,40,29,2,4
29,41,29,2,8
29,42,29,2,6
29,43,29,2,6
29,44,30,3,7
29,45,29,2,7
29,46,29,2,1
29,47,29,2,1
29,48,29,2,1
29,49,29,2,0
29,50,29,2,5
29,51,29,2,5
29,52,29,2,9
29,53,29,2,3
29,54,29,2,1
29,55,29,2,8
29,56,30,3,8
29,57,29,2,8
29,58,29,2,5
29,59,29,2,0
29,60,29,2,1
29,61,29,2,1
29,62,29,2,12
29,63,30,3,2
29,64,30,3,7
29,65,29,2,7
29,66,29,2,3
29,67,29,2,3
29,68,29,2,9
29,69,29,2,4
29,70,29,2,4
29,71,29,2,0
29,72,29,2,11
29,73,29,2,3
29,74,29,2,3
29,75,29,2,3
29,76,29,2,9
29,77,30,3,2
29,78,30,3,8
29,79,29,2,8
29,80,29,2,1
29,81,29,2,3
29,82,29,2,5
29,83,29,2,0
29,84,29,2,9
29,85,29,2,12
29,86,30,3,6
29,87,29,2,6
29,88,29,2,13
29,89,29,2,13
29,90,29,2,5
29,91,29,2,0
29,92,29,2,1
29,93,29,2,1
29,94,29,2,4
29,95,29,2,11
29,96,29,2,7
29,97,29,2,7
29,98,29,2,10
29,99,29,2,3
29,100,29,2,4
30,1,31,3,0
30,2,30,3,0
30,3,30,3,5
30,4,30,3,0
30,5,30,3,1
30,6,30,3,1
30,7,30,3,1
30,8,32,0,3
30,9,32,0,5
30,10,31,3,5
30,11,30,3,5
30,12,30,3,6
30,13,30,3,4
30,14,30,3,4
30,15,30,3,1
30,16,30,3,0
30,17,30,3,5
30,18,30,3,5
30,19,30,3,6
30,20,30,3,6
30,21,30,3,2
30,22,30,3,7
30,23,30,3,7
30,24,30,3,7
30,25,30,3,8
30,26,30,3,0
30,27,30,3,1
30,28,30,3,9
30,29,30,3,2
30,30,30,3,7
30,31,30,3,2
30,32,32,0,3
30,33,32,0,9
30,34,31,3,9
30,35,30,3,9
30,36,30,3,0
30,37,30,3,5
30,38,30,3,4
30,39,30,3,4
30,40,30,3,8
30,41,30,3,6
30,42,30,3,6
30,43,30,3,2
30,44,30,3,7
30,45,30,3,1
30,46,30,3,1
30,47,30,3,1
30,48,30,3,0
30,49,30,3,5
30,50,30,3,5
30,51,30,3,9
30,52,31,3,1
30,53,30,3,1
30,54,30,3,8
30,55,30,3,2
30,56,30,3,8
30,57,30,3,5
30,58,30,3,0
30,59,30,3,1
30,60,30,3,1
30,61,30,3,12
30,62,30,3,2
30,63,30,3,2
30,64,30,3,7
30,65,32,0,9
30,66,31,3,9
30,67,30,3,9
30,68,30,3,4
30,69,30,3,4
30,70,30,3,0
30,71,30,3,11
30,72,32,0,3
30,73,32,0,9
30,74,31,3,9
30,75,30,3,9
30,76,30,3,2
30,77,30,3,2
30,78,30,3,8
30,79,30,3,1
30,80,31,3,5
30,81,30,3,5
30,82,30,3,0
30,83,30,3,9
30,84,30,3,12
30,85,30,3,2
30,86,30,3,6
30,87,30,3,13
30,88,30,3,13
30,89,30,3,5
30,90,30,3,0
30,91,30,3,1
30,92,30,3,1
30,93,30,3,4
30,94,30,3,11
30,95,30,3,7
30,96,30,3,7
30,97,30,3,10
30,98,31,3,4
30,99,30,3,4
30,100,30,3,1
31,1,31,3,0
31,2,31,3,5
31,3,31,3,0
31,4,31,3,1
31,5,31,3,1
31,6,31,3,1
31,7,32,0,3
31,8,32,0,3
31,9,32,0,5
31,10,31,3,5
31,11,31,3,6
31,12,31,3,4
31,13,31,3,4
31,14,31,3,1
31,15,31,3,0
31,16,31,3,5
31,17,31,3,5
31,18,31,3,6
31,19,31,3,6
31,20,31,3,2
31,21,31,3,7
31,22,31,3,7
31,23,31,3,7
31,24,31,3,8
31,25,31,3,0
31,26,31,3,1
31,27,31,3,9
31,28,31,3,2
31,29,31,3,7
31,30,31,3,2
31,31,32,0,3
31,32,32,0,3
31,33,32,0,9
31,34,31,3,9
31,35,31,3,0
31,36,31,3,5
31,37,31,3,4
31,38,31,3,4
31,39,31,3,8
31,40,31,3,6
31,41,31,3,6
31,42,31,3,2
31,43,31,3,7
31,44,31,3,1
31,45,31,3,1
31,46,31,3,1
31,47,31,3,0
31,48,31,3,5
31,49,31,3,5
31,50,31,3,9
31,51,32,0,1
31,52,31,3,1
31,53,31,3,8
31,54,31,3,2
31,55,31,3,8
31,56,31,3,5
31,57,31,3,0
31,58,31,3,1
31,59,31,3,1
31,60,31,3,12
31,61,31,3,2
31,62,31,3,2
31,63,31,3,7
31,64,32,0,3
31,65,32,0,9
31,66,31,3,9
31,67,31,3,4
31,68,31,3,4
31,69,31,3,0
31,70,31,3,11
31,71,32,0,3
31,72,32,0,3
31,73,32,0,9
31,74,31,3,9
31,75,31,3,2
31,76,31,3,2
31,77,31,3,8
31,78,31,3,1
31,79,32,0,5
31,80,31,3,5
31,81,31,3,0
31,82,31,3,9
31,83,31,3,12
31,84,31,3,2
31,85,31,3,6
31,86,31,3,13
31,87,31,3,13
31,88,31,3,5
31,89,31,3,0
31,90,31,3,1
31,91,31,3,1
31,92,31,3,4
31,93,31,3,11
31,94,31,3,7
31,95,31,3,7
31,96,31,3,10
31,97,32,0,4
31,98,31,3,4
31,99,31,3,1
31,100,31,3,4
32,1,32,0,5
32,2,33,5,1
32,3,32,0,1
32,4,32,0,1
32,5,32,0,1
32,6,32,0,3
32,7,32,0,3
32,8,32,0,3
32,9,32,0,5
32,10,32,0,6
32,11,32,0,4
32,12,32,0,4
32,13,32,0,1
32,14,34,0,5
32,15,32,0,5
32,16,32,0,5
32,17,32,0,6
32,18,32,0,6
32,19,32,0,2
32,20,32,0,7
32,21,32,0,7
32,22,32,0,7
32,23,32,0,8
32,24,33,5,1
32,25,32,0,1
32,26,32,0,9
32,27,32,0,2
32,28,32,0,7
32,29,32,0,2
32,30,32,0,3
32,31,32,0,3
32,32,32,0,3
32,33,32,0,9
32,34,34,0,4
32,35,32,0,5
32,36,32,0,4
32,37,32,0,4
32,38,32,0,8
32,39,32,0,6
32,40,32,0,6
32,41,32,0,2
32,42,32,0,7
32,43,32,0,1
32,44,32,0,1
32,45,32,0,1
32,46,34,0,5
32,47,32,0,5
32,48,32,0,5
32,49,32,0,9
32,50,32,0,3
32,51,32,0,1
32,52,32,0,8
32,53,32,0,2
32,54,32,0,8
32,55,32,0,5
32,56,33,5,1
32,57,32,0,1
32,58,32,0,1
32,59,32,0,12
32,60,32,0,2
32,61,32,0,2
32,62,32,0,7
32,63,32,0,3
32,64,32,0,3
32,65,32,0,9
32,66,32,0,4
32,67,32,0,4
32,68,33,5,11
32,69,32,0,11
32,70,32,0,3
32,71,32,0,3
32,72,32,0,3
32,73,32,0,9
32,74,32,0,2
32,75,32,0,2
32,76,32,0,8
32,77,32,0,1
32,78,32,0,3
32,79,32,0,5
32,80,33,5,9
32,81,32,0,9
32,82,32,0,12
32,83,32,0,2
32,84,32,0,6
32,85,32,0,13
32,86,32,0,13
32,87,32,0,5
32,88,33,5,1
32,89,32,0,1
32,90,32,0,1
32,91,32,0,4
32,92,32,0,11
32,93,32,0,7
32,94,32,0,7
32,95,32,0,10
32,96,32,0,3
32,97,32,0,4
32,98,32,0,1
32,99,32,0,4
32,100,35,1,3
33,1,33,5,0
33,2,33,5,1
33,3,33,5,1
33,4,33,5,1
33,5,33,5,3
33,6,33,5,3
33,7,33,5,3
33,8,34,0,6
33,9,33,5,6
33,10,33,5,4
33,11,33,5,4
33,12,33,5,1
33,13,33,5,0
33,14,34,0,5
33,15,34,0,6
33,16,33,5,6
33,17,33,5,6
33,18,33,5,2
33,19,33,5,7
33,20,33,5,7
33,21,33,5,7
33,22,33,5,8
33,23,33,5,0
33,24,33,5,1
33,25,33,5,9
33,26,33,5,2
33,27,33,5,7
33,28,33,5,2
33,29,33,5,3
33,30,33,5,3
33,31,33,5,3
33,32,33,5,9
33,33,33,5,0
33,34,34,0,4
33,35,33,5,4
33,36,33,5,4
33,37,33,5,8
33,38,33,5,6
33,39,33,5,6
33,40,33,5,2
33,41,33,5,7
33,42,33,5,1
33,43,33,5,1
33,44,33,5,1
33,45,33,5,0
33,46,34,0,5
33,47,34,0,9
33,48,33,5,9
33,49,33,5,3
33,50,33,5,1
33,51,33,5,8
33,52,33,5,2
33,53,33,5,8
33,54,37,1,12
33,55,33,5,0
33,56,33,5,1
33,57,33,5,1
33,58,33,5,12
33,59,33,5,2
33,60,33,5,2
33,61,33,5,7
33,62,33,5,3
33,63,33,5,3
33,64,33,5,9
33,65,33,5,4
33,66,33,5,4
33,67,33,5,0
33,68,33,5,11
33,69,33,5,3
33,70,33,5,3
33,71,33,5,3
33,72,33,5,9
33,73,33,5,2
33,74,33,5,2
33,75,33,5,8
33,76,33,5,1
33,77,33,5,3
33,78,35,1,9
33,79,33,5,0
33,80,33,5,9
33,81,33,5,12
33,82,33,5,2
33,83,33,5,6
33,84,33,5,13
33,85,33,5,13
33,86,37,1,4
33,87,33,5,0
33,88,33,5,1
33,89,33,5,1
33,90,33,5,4
33,91,33,5,11
33,92,33,5,7
33,93,33,5,7
33,94,33,5,10
33,95,33,5,3
33,96,33,5,4
33,97,33,5,1
33,98,33,5,4
33,99,33,5,0
33,100,35,1,3
34,1,34,0,1
34,2,34,0,1
34,3,34,0,1
34,4,34,0,3
34,5,34,0,3
34,6,34,0,3
34,7,34,0,5
34,8,34,0,6
34,9,34,0,4
34,10,34,0,4
34,11,34,0,1
34,12,35,1,5
34,13,34,0,5
34,14,34,0,5
34,15,34,0,6
34,16,34,0,6
34,17,34,0,2
34,18,34,0,7
34,19,34,0,7
34,20,34,0,7
34,21,34,0,8
34,22,36,1,9
34,23,34,0,1
34,24,34,0,9
34,25,34,0,2
34,26,34,0,7
34,27,34,0,2
34,28,34,0,3
34,29,34,0,3
34,30,34,0,3
34,31,34,0,9
34,32,35,1,5
34,33,34,0,5
34,34,34,0,4
34,35,34,0,4
34,36,34,0,8
34,37,34,0,6
34,38,34,0,6
34,39,34,0,2
34,40,34,0,7
34,41,34,0,1
34,42,34,0,1
34,43,34,0,1
34,44,35,1,5
34,45,34,0,5
34,46,34,0,5
34,47,34,0,9
34,48,34,0,3
34,49,34,0,1
34,50,34,0,8
34,51,34,0,2
34,52,34,0,8
34,53,34,0,5
34,54,37,1,12
34,55,34,0,1
34,56,34,0,1
34,57,34,0,12
34,58,34,0,2
34,59,34,0,2
34,60,34,0,7
34,61,34,0,3
34,62,34,0,3
34,63,34,0,9
34,64,34,0,4
34,65,34,0,4
34,66,35,1,11
34,67,34,0,11
34,68,34,0,3
34,69,34,0,3
34,70,34,0,3
34,71,34,0,9
34,72,34,0,2
34,73,34,0,2
34,74,34,0,8
34,75,34,0,1
34,76,34,0,3
34,77,34,0,5
34,78,35,1,9
34,79,34,0,9
34,80,34,0,12
34,81,34,0,2
34,82,34,0,6
34,83,34,0,13
34,84,34,0,13
34,85,34,0,5
34,86,37,1,4
34,87,34,0,1
34,88,34,0,1
34,89,34,0,4
34,90,34,0,11
34,91,34,0,7
34,92,34,0,7
34,93,34,0,10
34,94,34,0,3
34,95,34,0,4
34,96,34,0,1
34,97,34,0,4
34,98,35,1,5
34,99,34,0,5
34,100,35,1,3
35,1,37,1,3
35,2,36,1,3
35,3,35,1,3
35,4,35,1,3
35,5,35,1,3
35,6,35,1,5
35,7,35,1,6
35,8,35,1,4
35,9,35,1,4
35,10,36,1,0
35,11,35,1,0
35,12,35,1,5
35,13,35,1,5
35,14,35,1,6
35,15,35,1,6
35,16,35,1,2
35,17,35,1,7
35,18,35,1,7
35,19,35,1,7
35,20,35,1,8
35,21,35,1,0
35,22,36,1,9
35,23,35,1,9
35,24,35,1,2
35,25,35,1,7
35,26,35,1,2
35,27,35,1,3
35,28,35,1,3
35,29,35,1,3
35,30,35,1,9
35,31,35,1,0
35,32,35,1,5
35,33,35,1,4
35,34,35,1,4
35,35,35,1,8
35,36,35,1,6
35,37,35,1,6
35,38,35,1,2
35,39,35,1,7
35,40,38,3,0
35,41,37,1,0
35,42,36,1,0
35,43,35,1,0
35,44,35,1,5
35,45,35,1,5
35,46,35,1,9
35,47,35,1,3
35,48,36,1,8
35,49,35,1,8
35,50,35,1,2
35,51,35,1,8
35,52,35,1,5
35,53,35,1,0
35,54,37,1,12
35,55,36,1,12
35,56,35,1,12
35,57,35,1,2
35,58,35,1,2
35,59,35,1,7
35,60,35,1,3
35,61,35,1,3
35,62,35,1,9
35,63,35,1,4
35,64,35,1,4
35,65,35,1,0
35,66,35,1,11
35,67,35,1,3
35,68,35,1,3
35,69,35,1,3
35,70,35,1,9
35,71,35,1,2
35,72,35,1,2
35,73,35,1,8
35,74,36,1,3
35,75,35,1,3
35,76,35,1,5
35,77,35,1,0
35,78,35,1,9
35,79,35,1,12
35,80,35,1,2
35,81,35,1,6
35,82,35,1,13
35,83,35,1,13
35,84,35,1,5
35,85,35,1,0
35,86,37,1,4
35,87,36,1,4
35,88,35,1,4
35,89,35,1,11
35,90,35,1,7
35,91,35,1,7
35,92,35,1,10
35,93,35,1,3
35,94,35,1,4
35,95,36,1,4
35,96,35,1,4
35,97,35,1,0
35,98,35,1,5
35,99,35,1,0
35,100,35,1,3
36,1,37,1,3
36,2,36,1,3
36,3,36,1,3
36,4,36,1,3
36,5,36,1,5
36,6,36,1,6
36,7,36,1,4
36,8,36,1,4
36,9,37,1,0
36,10,36,1,0
36,11,36,1,5
36,12,36,1,5
36,13,36,1,6
36,14,36,1,6
36,15,36,1,2
36,16,36,1,7
36,17,36,1,7
36,18,36,1,7
36,19,36,1,8
36,20,36,1,0
36,21,37,1,9
36,22,36,1,9
36,23,36,1,2
36,24,36,1,7
36,25,36,1,2
36,26,36,1,3
36,27,36,1,3
36,28,36,1,3
36,29,36,1,9
36,30,36,1,0
36,31,36,1,5
36,32,36,1,4
36,33,36,1,4
36,34,36,1,8
36,35,36,1,6
36,36,36,1,6
36,37,36,1,2
36,38,36,1,7
36,39,38,3,1
36,40,38,3,0
36,41,37,1,0
36,42,36,1,0
36,43,36,1,5
36,44,36,1,5
36,45,36,1,9
36,46,36,1,3
36,47,37,1,8
36,48,36,1,8
36,49,36,1,2
36,50,36,1,8
36,51,36,1,5
36,52,36,1,0
36,53,38,3,12
36,54,37,1,12
36,55,36,1,12
36,56,36,1,2
36,57,36,1,2
36,58,36,1,7
36,59,36,1,3
36,60,36,1,3
36,61,36,1,9
36,62,36,1,4
36,63,36,1,4
36,64,36,1,0
36,65,36,1,11
36,66,36,1,3
36,67,36,1,3
36,68,36,1,3
36,69,36,1,9
36,70,36,1,2
36,71,36,1,2
36,72,36,1,8
36,73,37,1,3
36,74,36,1,3
36,75,36,1,5
36,76,36,1,0
36,77,36,1,9
36,78,36,1,12
36,79,36,1,2
36,80,36,1,6
36,81,36,1,13
36,82,36,1,13
36,83,36,1,5
36,84,36,1,0
36,85,38,3,4
36,86,37,1,4
36,87,36,1,4
36,88,36,1,11
36,89,36,1,7
36,90,36,1,7
36,91,36,1,10
36,92,36,1,3
36,93,36,1,4
36,94,37,1,4
36,95,36,1,4
36,96,36,1,0
36,97,36,1,5
36,98,36,1,0
36,99,36,1,3
36,100,36,1,3
37,1,37,1,3
37,2,37,1,3
37,3,37,1,3
37,4,37,1,5
37,5,37,1,6
37,6,37,1,4
37,7,37,1,4
37,8,38,3,0
37,9,37,1,0
37,10,37,1,5
37,11,37,1,5
37,12,37,1,6
37,13,37,1,6
37,14,37,1,2
37,15,37,1,7
37,16,37,1,7
37,17,37,1,7
37,18,37,1,8
37,19,37,1,0
37,20,38,3,9
37,21,37,1,9
37,22,37,1,2
37,23,37,1,7
37,24,37,1,2
37,25,37,1,3
37,26,37,1,3
37,27,37,1,3
37,28,37,1,9
37,29,37,1,0
37,30,37,1,5
37,31,37,1,4
37,32,37,1,4
37,33,37,1,8
37,34,37,1,6
37,35,37,1,6
37,36,37,1,2
37,37,37,1,7
37,38,38,3,1
37,39,38,3,1
37,40,38,3,0
37,41,37,1,0
37,42,37,1,5
37,43,37,1,5
37,44,37,1,9
37,45,37,1,3
37,46,38,3,8
37,47,37,1,8
37,48,37,1,2
37,49,37,1,8
37,50,37,1,5
37,51,37,1,0
37,52,38,3,1
37,53,38,3,12
37,54,37,1,12
37,55,37,1,2
37,56,37,1,2
37,57,37,1,7
37,58,37,1,3
37,59,37,1,3
37,60,37,1,9
37,61,37,1,4
37,62,37,1,4
37,63,37,1,0
37,64,37,1,11
37,65,37,1,3
37,66,37,1,3
37,67,37,1,3
37,68,37,1,9
37,69,37,1,2
37,70,37,1,2
37,71,37,1,8
37,72,39,3,5
37,73,37,1,3
37,74,37,1,5
37,75,37,1,0
37,76,37,1,9
37,77,37,1,12
37,78,37,1,2
37,79,37,1,6
37,80,37,1,13
37,81,37,1,13
37,82,37,1,5
37,83,37,1,0
37,84,38,3,1
37,85,38,3,4
37,86,37,1,4
37,87,37,1,11
37,88,37,1,7
37,89,37,1,7
37,90,37,1,10
37,91,37,1,3
37,92,37,1,4
37,93,38,3,4
37,94,37,1,4
37,95,37,1,0
37,96,37,1,5
37,97,37,1,0
37,98,37,1,3
37,99,37,1,3
37,100,37,1,6
38,1,40,3,5
38,2,39,3,5
38,3,38,3,5
38,4,38,3,6
38,5,38,3,4
38,6,38,3,4
38,7,38,3,1
38,8,38,3,0
38,9,38,3,5
38,10,38,3,5
38,11,38,3,6
38,12,38,3,6
38,13,38,3,2
38,14,38,3,7
38,15,38,3,7
38,16,38,3,7
38,17,38,3,8
38,18,38,3,0
38,19,38,3,1
38,20,38,3,9
38,21,38,3,2
38,22,38,3,7
38,23,38,3,2
38,24,41,5,9
38,25,40,3,9
38,26,39,3,9
38,27,38,3,9
38,28,38,3,0
38,29,38,3,5
38,30,38,3,4
38,31,38,3,4
38,32,38,3,8
38,33,38,3,6
38,34,38,3,6
38,35,38,3,2
38,36,38,3,7
38,37,38,3,1
38,38,38,3,1
38,39,38,3,1
38,40,38,3,0
38,41,38,3,5
38,42,38,3,5
38,43,38,3,9
38,44,39,3,1
38,45,38,3,1
38,46,38,3,8
38,47,38,3,2
38,48,38,3,8
38,49,38,3,5
38,50,38,3,0
38,51,38,3,1
38,52,38,3,1
38,53,38,3,12
38,54,38,3,2
38,55,38,3,2
38,56,38,3,7
38,57,40,3,9
38,58,39,3,9
38,59,38,3,9
38,60,38,3,4
38,61,38,3,4
38,62,38,3,0
38,63,38,3,11
38,64,41,5,9
38,65,40,3,9
38,66,39,3,9
38,67,38,3,9
38,68,38,3,2
38,69,38,3,2
38,70,38,3,8
38,71,38,3,1
38,72,39,3,5
38,73,38,3,5
38,74,38,3,0
38,75,38,3,9
38,76,38,3,12
38,77,38,3,2
38,78,38,3,6
38,79,38,3,13
38,80,38,3,13
38,81,38,3,5
38,82,38,3,0
38,83,38,3,1
38,84,38,3,1
38,85,38,3,4
38,86,38,3,11
38,87,38,3,7
38,88,38,3,7
38,89,38,3,10
38,90,39,3,4
38,91,38,3,4
38,92,38,3,1
38,93,38,3,4
38,94,38,3,0
38,95,38,3,5
38,96,38,3,0
38,97,40,3,6
38,98,39,3,6
38,99,38,3,6
38,100,38,3,7
39,1,40,3,5
39,2,39,3,5
39,3,39,3,6
39,4,39,3,4
39,5,39,3,4
39,6,39,3,1
39,7,39,3,0
39,8,39,3,5
39,9,39,3,5
39,10,39,3,6
39,11,39,3,6
39,12,39,3,2
39,13,39,3,7
39,14,39,3,7
39,15,39,3,7
39,16,39,3,8
39,17,39,3,0
39,18,39,3,1
39,19,39,3,9
39,20,39,3,2
39,21,39,3,7
39,22,39,3,2
39,23,41,5,3
39,24,41,5,9
39,25,40,3,9
39,26,39,3,9
39,27,39,3,0
39,28,39,3,5
39,29,39,3,4
39,30,39,3,4
39,31,39,3,8
39,32,39,3,6
39,33,39,3,6
39,34,39,3,2
39,35,39,3,7
39,36,39,3,1
39,37,39,3,1
39,38,39,3,1
39,39,39,3,0
39,40,39,3,5
39,41,39,3,5
39,42,39,3,9
39,43,40,3,1
39,44,39,3,1
39,45,39,3,8
39,46,39,3,2
39,47,39,3,8
39,48,39,3,5
39,49,39,3,0
39,50,39,3,1
39,51,39,3,1
39,52,39,3,12
39,53,39,3,2
39,54,39,3,2
39,55,39,3,7
39,56,41,5,9
39,57,40,3,9
39,58,39,3,9
39,59,39,3,4
39,60,39,3,4
39,61,39,3,0
39,62,39,3,11
39,63,41,5,3
39,64,41,5,9
39,65,40,3,9
39,66,39,3,9
39,67,39,3,2
39,68,39,3,2
39,69,39,3,8
39,70,39,3,1
39,71,40,3,5
39,72,39,3,5
39,73,39,3,0
39,74,39,3,9
39,75,39,3,12
39,76,39,3,2
39,77,39,3,6
39,78,39,3,13
39,79,39,3,13
39,80,39,3,5
39,81,39,3,0
39,82,39,3,1
39,83,39,3,1
39,84,39,3,4
39,85,39,3,11
39,86,39,3,7
39,87,39,3,7
39,88,39,3,10
39,89,40,3,4
39,90,39,3,4
39,91,39,3,1
39,92,39,3,4
39,93,39,3,0
39,94,39,3,5
39,95,39,3,0
39,96,41,5,6
39,97,40,3,6
39,98,39,3,6
39,99,39,3,7
39,100,39,3,2
40,1,40,3,5
40,2,40,3,6
40,3,40,3,4
40,4,40,3,4
40,5,40,3,1
40,6,40,3,0
40,7,40,3,5
40,8,40,3,5
40,9,40,3,6
40,10,40,3,6
40,11,40,3,2
40,12,40,3,7
40,13,40,3,7
40,14,40,3,7
40,15,40,3,8
40,16,40,3,0
40,17,40,3,1
40,18,40,3,9
40,19,40,3,2
40,20,40,3,7
40,21,40,3,2
40,22,41,5,3
40,23,41,5,3
40,24,41,5,9
40,25,40,3,9
40,26,40,3,0
40,27,40,3,5
40,28,40,3,4
40,29,40,3,4
40,30,40,3,8
40,31,40,3,6
40,32,40,3,6
40,33,40,3,2
40,34,40,3,7
40,35,40,3,1
40,36,40,3,1
40,37,40,3,1
40,38,40,3,0
40,39,40,3,5
40,40,40,3,5
40,41,40,3,9
40,42,41,5,1
40,43,40,3,1
40,44,40,3,8
40,45,40,3,2
40,46,40,3,8
40,47,40,3,5
40,48,40,3,0
40,49,40,3,1
40,50,40,3,1
40,51,40,3,12
40,52,40,3,2
40,53,40,3,2
40,54,40,3,7
40,55,41,5,3
40,56,41,5,9
40,57,40,3,9
40,58,40,3,4
40,59,40,3,4
40,60,40,3,0
40,61,40,3,11
40,62,41,5,3
40,63,41,5,3
40,64,41,5,9
40,65,40,3,9
40,66,40,3,2
40,67,40,3,2
40,68,40,3,8
40,69,40,3,1
40,70,42,6,0
40,71,40,3,5
40,72,40,3,0
40,73,40,3,9
40,74,40,3,12
40,75,40,3,2
40,76,40,3,6
40,77,40,3,13
40,78,40,3,13
40,79,40,3,5
40,80,40,3,0
40,81,40,3,1
40,82,40,3,1
40,83,40,3,4
40,84,40,3,11
40,85,40,3,7
40,86,40,3,7
40,87,40,3,10
40,88,41,5,4
40,89,40,3,4
40,90,40,3,1
40,91,40,3,4
40,92,40,3,0
40,93,40,3,5
40,94,40,3,0
40,95,41,5,3
40,96,41,5,6
40,97,40,3,6
40,98,40,3,7
40,99,40,3,2
40,100,40,3,14
41,1,41,5,6
41,2,41,5,4
41,3,41,5,4
41,4,41,5,1
41,5,41,5,0
41,6,42,6,5
41,7,43,4,6
41,8,41,5,6
41,9,41,5,6
41,10,41,5,2
41,11,41,5,7
41,12,41,5,7
41,13,41,5,7
41,14,41,5,8
41,15,41,5,0
41,16,41,5,1
41,17,41,5,9
41,18,41,5,2
41,19,41,5,7
41,20,41,5,2
41,21,41,5,3
41,22,41,5,3
41,23,41,5,3
41,24,41,5,9
41,25,41,5,0
41,26,42,6,4
41,27,41,5,4
41,28,41,5,4
41,29,41,5,8
41,30,41,5,6
41,31,41,5,6
41,32,41,5,2
41,33,41,5,7
41,34,41,5,1
41,35,41,5,1
41,36,41,5,1
41,37,41,5,0
41,38,42,6,5
41,39,42,6,9
41,40,41,5,9
41,41,41,5,3
41,42,41,5,1
41,43,41,5,8
41,44,41,5,2
41,45,41,5,8
41,46,42,6,0
41,47,41,5,0
41,48,41,5,1
41,49,41,5,1
41,50,41,5,12
41,51,41,5,2
41,52,41,5,2
41,53,41,5,7
41,54,41,5,3
41,55,41,5,3
41,56,41,5,9
41,57,41,5,4
41,58,41,5,4
41,59,41,5,0
41,60,41,5,11
41,61,41,5,3
41,62,41,5,3
41,63,41,5,3
41,64,41,5,9
41,65,41,5,2
41,66,41,5,2
41,67,41,5,8
41,68,41,5,1
41,69,41,5,3
41,70,42,6,0
41,71,41,5,0
41,72,41,5,9
41,73,41,5,12
41,74,41,5,2
41,75,41,5,6
41,76,41,5,13
41,77,41,5,13
41,78,42,6,0
41,79,41,5,0
41,80,41,5,1
41,81,41,5,1
41,82,41,5,4
41,83,41,5,11
41,84,41,5,7
41,85,41,5,7
41,86,41,5,10
41,87,41,5,3
41,88,41,5,4
41,89,41,5,1
41,90,41,5,4
41,91,41,5,0
41,92,42,6,0
41,93,41,5,0
41,94,41,5,3
41,95,41,5,3
41,96,41,5,6
41,97,41,5,7
41,98,41,5,2
41,99,41,5,14
41,100,41,5,13
42,1,42,6,4
42,2,42,6,4
42,3,42,6,1
42,4,42,6,0
42,5,42,6,5
42,6,42,6,5
42,7,43,4,6
42,8,43,4,2
42,9,42,6,2
42,10,42,6,7
42,11,42,6,7
42,12,42,6,7
42,13,42,6,8
42,14,42,6,0
42,15,42,6,1
42,16,42,6,9
42,17,42,6,2
42,18,42,6,7
42,19,42,6,2
42,20,42,6,3
42,21,42,6,3
42,22,42,6,3
42,23,42,6,9
42,24,42,6,0
42,25,42,6,5
42,26,42,6,4
42,27,42,6,4
42,28,42,6,8
42,29,43,4,6
42,30,43,4,2
42,31,42,6,2
42,32,42,6,7
42,33,42,6,1
42,34,42,6,1
42,35,42,6,1
42,36,42,6,0
42,37,42,6,5
42,38,42,6,5
42,39,42,6,9
42,40,42,6,3
42,41,42,6,1
42,42,42,6,8
42,43,42,6,2
42,44,42,6,8
42,45,42,6,5
42,46,42,6,0
42,47,42,6,1
42,48,42,6,1
42,49,42,6,12
42,50,42,6,2
42,51,42,6,2
42,52,42,6,7
42,53,42,6,3
42,54,42,6,3
42,55,42,6,9
42,56,42,6,4
42,57,42,6,4
42,58,42,6,0
42,59,42,6,11
42,60,42,6,3
42,61,42,6,3
42,62,42,6,3
42,63,42,6,9
42,64,42,6,2
42,65,42,6,2
42,66,42,6,8
42,67,42,6,1
42,68,42,6,3
42,69,42,6,5
42,70,42,6,0
42,71,42,6,9
42,72,42,6,12
42,73,42,6,2
42,74,43,4,13
42,75,42,6,13
42,76,42,6,13
42,77,42,6,5
42,78,42,6,0
42,79,42,6,1
42,80,42,6,1
42,81,42,6,4
42,82,42,6,11
42,83,42,6,7
42,84,42,6,7
42,85,42,6,10
42,86,42,6,3
42,87,42,6,4
42,88,42,6,1
42,89,42,6,4
42,90,42,6,0
42,91,42,6,5
42,92,42,6,0
42,93,42,6,3
42,94,42,6,3
42,95,43,4,7
42,96,42,6,7
42,97,42,6,2
42,98,42,6,14
42,99,42,6,13
42,100,42,6,10
43,1,44,4,1
43,2,43,4,1
43,3,43,4,0
43,4,43,4,5
43,5,43,4,5
43,6,43,4,6
43,7,43,4,6
43,8,43,4,2
43,9,43,4,7
43,10,43,4,7
43,11,43,4,7
43,12,43,4,8
43,13,43,4,0
43,14,43,4,1
43,15,43,4,9
43,16,43,4,2
43,17,43,4,7
43,18,43,4,2
43,19,43,4,3
43,20,43,4,3
43,21,43,4,3
43,22,43,4,9
43,23,43,4,0
43,24,43,4,5
43,25,45,1,8
43,26,44,4,8
43,27,43,4,8
43,28,43,4,6
43,29,43,4,6
43,30,43,4,2
43,31,43,4,7
43,32,43,4,1
43,33,43,4,1
43,34,43,4,1
43,35,43,4,0
43,36,43,4,5
43,37,43,4,5
43,38,43,4,9
43,39,43,4,3
43,40,43,4,1
43,41,43,4,8
43,42,43,4,2
43,43,43,4,8
43,44,43,4,5
43,45,43,4,0
43,46,43,4,1
43,47,43,4,1
43,48,43,4,12
43,49,43,4,2
43,50,43,4,2
43,51,43,4,7
43,52,43,4,3
43,53,43,4,3
43,54,43,4,9
43,55,45,1,0
43,56,44,4,0
43,57,43,4,0
43,58,43,4,11
43,59,43,4,3
43,60,43,4,3
43,61,43,4,3
43,62,43,4,9
43,63,43,4,2
43,64,43,4,2
43,65,43,4,8
43,66,43,4,1
43,67,43,4,3
43,68,43,4,5
43,69,43,4,0
43,70,43,4,9
43,71,43,4,12
43,72,43,4,2
43,73,43,4,6
43,74,43,4,13
43,75,43,4,13
43,76,43,4,5
43,77,43,4,0
43,78,43,4,1
43,79,43,4,1
43,80,44,4,11
43,81,43,4,11
43,82,43,4,7
43,83,43,4,7
43,84,43,4,10
43,85,43,4,3
43,86,44,4,1
43,87,43,4,1
43,88,44,4,0
43,89,43,4,0
43,90,43,4,5
43,91,43,4,0
43,92,43,4,3
43,93,43,4,3
43,94,43,4,6
43,95,43,4,7
43,96,43,4,2
43,97,43,4,14
43,98,43,4,13
43,99,43,4,10
43,100,44,4,12
44,1,44,4,1
44,2,44,4,0
44,3,44,4,5
44,4,44,4,5
44,5,44,4,6
44,6,44,4,6
44,7,44,4,2
44,8,44,4,7
44,9,44,4,7
44,10,44,4,7
44,11,44,4,8
44,12,44,4,0
44,13,44,4,1
44,14,44,4,9
44,15,44,4,2
44,16,44,4,7
44,17,44,4,2
44,18,44,4,3
44,19,44,4,3
44,20,44,4,3
44,21,44,4,9
44,22,44,4,0
44,23,44,4,5
44,24,45,1,4
44,25,45,1,8
44,26,44,4,8
44,27,44,4,6
44,28,44,4,6
44,29,44,4,2
44,30,44,4,7
44,31,44,4,1
44,32,44,4,1
44,33,44,4,1
44,34,44,4,0
44,35,44,4,5
44,36,44,4,5
44,37,44,4,9
44,38,44,4,3
44,39,44,4,1
44,40,44,4,8
44,41,44,4,2
44,42,44,4,8
44,43,44,4,5
44,44,44,4,0
44,45,44,4,1
44,46,44,4,1
44,47,44,4,12
44,48,44,4,2
44,49,44,4,2
44,50,44,4,7
44,51,44,4,3
44,52,44,4,3
44,53,44,4,9
44,54,45,1,4
44,55,45,1,0
44,56,44,4,0
44,57,44,4,11
44,58,44,4,3
44,59,44,4,3
44,60,44,4,3
44,61,44,4,9
44,62,44,4,2
44,63,44,4,2
44,64,44,4,8
44,65,44,4,1
44,66,44,4,3
44,67,44,4,5
44,68,44,4,0
44,69,44,4,9
44,70,44,4,12
44,71,44,4,2
44,72,44,4,6
44,73,44,4,13
44,74,44,4,13
44,75,44,4,5
44,76,44,4,0
44,77,44,4,1
44,78,44,4,1
44,79,45,1,11
44,80,44,4,11
44,81,44,4,7
44,82,44,4,7
44,83,44,4,10
44,84,44,4,3
44,85,46,0,4
44,86,44,4,1
44,87,45,1,0
44,88,44,4,0
44,89,44,4,5
44,90,44,4,0
44,91,44,4,3
44,92,44,4,3
44,93,44,4,6
44,94,44,4,7
44,95,44,4,2
44,96,44,4,14
44,97,44,4,13
44,98,44,4,10
44,99,45,1,12
44,100,44,4,12
45,1,45,1,0
45,2,45,1,5
45,3,45,1,5
45,4,45,1,6
45,5,45,1,6
45,6,45,1,2
45,7,45,1,7
45,8,45,1,7
45,9,45,1,7
45,10,45,1,8
45,11,45,1,0
45,12,46,0,9
45,13,45,1,9
45,14,45,1,2
45,15,45,1,7
45,16,45,1,2
45,17,45,1,3
45,18,45,1,3
45,19,45,1,3
45,20,45,1,9
45,21,45,1,0
45,22,45,1,5
45,23,45,1,4
45,24,45,1,4
45,25,45,1,8
45,26,45,1,6
45,27,45,1,6
45,28,45,1,2
45,29,45,1,7
45,30,46,0,1
45,31,46,0,1
45,32,49,6,9
45,33,45,1,0
45,34,45,1,5
45,35,45,1,5
45,36,45,1,9
45,37,45,1,3
45,38,46,0,8
45,39,45,1,8
45,40,45,1,2
45,41,45,1,8
45,42,45,1,5
45,43,45,1,0
45,44,46,0,1
45,45,46,0,12
45,46,45,1,12
45,47,45,1,2
45,48,45,1,2
45,49,45,1,7
45,50,45,1,3
45,51,45,1,3
45,52,45,1,9
45,53,45,1,4
45,54,45,1,4
45,55,45,1,0
45,56,45,1,11
45,57,45,1,3
45,58,45,1,3
45,59,45,1,3
45,60,45,1,9
45,61,45,1,2
45,62,45,1,2
45,63,45,1,8
45,64,46,0,3
45,65,45,1,3
45,66,45,1,5
45,67,45,1,0
45,68,45,1,9
45,69,45,1,12
45,70,45,1,2
45,71,45,1,6
45,72,45,1,13
45,73,45,1,13
45,74,45,1,5
45,75,45,1,0
45,76,46,0,1
45,77,46,0,4
45,78,45,1,4
45,79,45,1,11
45,80,45,1,7
45,81,45,1,7
45,82,45,1,10
45,83,45,1,3
45,84,45,1,4
45,85,46,0,4
45,86,45,1,4
45,87,45,1,0
45,88,45,1,5
45,89,45,1,0
45,90,45,1,3
45,91,45,1,3
45,92,45,1,6
45,93,45,1,7
45,94,45,1,2
45,95,45,1,14
45,96,45,1,13
45,97,45,1,10
45,98,45,1,4
45,99,45,1,12
45,100,45,1,9
46,1,46,0,5
46,2,46,0,5
46,3,46,0,6
46,4,46,0,6
46,5,46,0,2
46,6,46,0,7
46,7,46,0,7
46,8,46,0,7
46,9,46,0,8
46,10,47,5,1
46,11,46,0,1
46,12,46,0,9
46,13,46,0,2
46,14,46,0,7
46,15,46,0,2
46,16,46,0,3
46,17,46,0,3
46,18,46,0,3
46,19,46,0,9
46,20,48,5,4
46,21,46,0,5
46,22,46,0,4
46,23,46,0,4
46,24,46,0,8
46,25,46,0,6
46,26,46,0,6
46,27,46,0,2
46,28,46,0,7
46,29,46,0,1
46,30,46,0,1
46,31,46,0,1
46,32,49,6,9
46,33,46,0,5
46,34,46,0,5
46,35,46,0,9
46,36,46,0,3
46,37,46,0,1
46,38,46,0,8
46,39,46,0,2
46,40,46,0,8
46,41,46,0,5
46,42,47,5,1
46,43,46,0,1
46,44,46,0,1
46,45,46,0,12
46,46,46,0,2
46,47,46,0,2
46,48,46,0,7
46,49,46,0,3
46,50,46,0,3
46,51,46,0,9
46,52,46,0,4
46,53,46,0,4
46,54,47,5,11
46,55,46,0,11
46,56,46,0,3
46,57,46,0,3
46,58,46,0,3
46,59,46,0,9
46,60,46,0,2
46,61,46,0,2
46,62,46,0,8
46,63,46,0,1
46,64,46,0,3
46,65,46,0,5
46,66,47,5,9
46,67,46,0,9
46,68,46,0,12
46,69,46,0,2
46,70,46,0,6
46,71,46,0,13
46,72,46,0,13
46,73,46,0,5
46,74,47,5,1
46,75,46,0,1
46,76,46,0,1
46,77,46,0,4
46,78,46,0,11
46,79,46,0,7
46,80,46,0,7
46,81,46,0,10
46,82,46,0,3
46,83,46,0,4
46,84,46,0,1
46,85,46,0,4
46,86,48,5,0
46,87,46,0,5
46,88,47,5,3
46,89,46,0,3
46,90,46,0,3
46,91,46,0,6
46,92,46,0,7
46,93,46,0,2
46,94,46,0,14
46,95,46,0,13
46,96,46,0,10
46,97,46,0,4
46,98,46,0,12
46,99,46,0,9
46,100,46,0,2
47,1,48,5,6
47,2,47,5,6
47,3,47,5,6
47,4,47,5,2
47,5,47,5,7
47,6,47,5,7
47,7,47,5,7
47,8,47,5,8
47,9,47,5,0
47,10,47,5,1
47,11,47,5,9
47,12,47,5,2
47,13,47,5,7
47,14,47,5,2
47,15,47,5,3
47,16,47,5,3
47,17,47,5,3
47,18,47,5,9
47,19,47,5,0
47,20,48,5,4
47,21,47,5,4
47,22,47,5,4
47,23,47,5,8
47,24,47,5,6
47,25,47,5,6
47,26,47,5,2
47,27,47,5,7
47,28,47,5,1
47,29,47,5,1
47,30,47,5,1
47,31,47,5,0
47,32,49,6,9
47,33,48,5,9
47,34,47,5,9
47,35,47,5,3
47,36,47,5,1
47,37,47,5,8
47,38,47,5,2
47,39,47,5,8
47,40,48,5,0
47,41,47,5,0
47,42,47,5,1
47,43,47,5,1
47,44,47,5,12
47,45,47,5,2
47,46,47,5,2
47,47,47,5,7
47,48,47,5,3
47,49,47,5,3
47,50,47,5,9
47,51,47,5,4
47,52,47,5,4
47,53,47,5,0
47,54,47,5,11
47,55,47,5,3
47,56,47,5,3
47,57,47,5,3
47,58,47,5,9
47,59,47,5,2
47,60,47,5,2
47,61,47,5,8
47,62,47,5,1
47,63,47,5,3
47,64,48,5,0
47,65,47,5,0
47,66,47,5,9
47,67,47,5,12
47,68,47,5,2
47,69,47,5,6
47,70,47,5,13
47,71,47,5,13
47,72,48,5,0
47,73,47,5,0
47,74,47,5,1
47,75,47,5,1
47,76,47,5,4
47,77,47,5,11
47,78,47,5,7
47,79,47,5,7
47,80,47,5,10
47,81,47,5,3
47,82,47,5,4
47,83,47,5,1
47,84,47,5,4
47,85,47,5,0
47,86,48,5,0
47,87,47,5,0
47,88,47,5,3
47,89,47,5,3
47,90,47,5,6
47,91,47,5,7
47,92,47,5,2
47,93,47,5,14
47,94,47,5,13
47,95,47,5,10
47,96,47,5,4
47,97,47,5,12
47,98,47,5,9
47,99,47,5,2
47,100,47,5,2
48,1,48,5,6
48,2,48,5,6
48,3,48,5,2
48,4,48,5,7
48,5,48,5,7
48,6,48,5,7
48,7,48,5,8
48,8,48,5,0
48,9,48,5,1
48,10,48,5,9
48,11,48,5,2
48,12,48,5,7
48,13,48,5,2
48,14,48,5,3
48,15,48,5,3
48,16,48,5,3
48,17,48,5,9
48,18,48,5,0
48,19,49,6,4
48,20,48,5,4
48,21,48,5,4
48,22,48,5,8
48,23,48,5,6
48,24,48,5,6
48,25,48,5,2
48,26,48,5,7
48,27,48,5,1
48,28,48,5,1
48,29,48,5,1
48,30,48,5,0
48,31,49,6,5
48,32,49,6,9
48,33,48,5,9
48,34,48,5,3
48,35,48,5,1
48,36,48,5,8
48,37,48,5,2
48,38,48,5,8
48,39,49,6,0
48,40,48,5,0
48,41,48,5,1
48,42,48,5,1
48,43,48,5,12
48,44,48,5,2
48,45,48,5,2
48,46,48,5,7
48,47,48,5,3
48,48,48,5,3
48,49,48,5,9
48,50,48,5,4
48,51,48,5,4
48,52,48,5,0
48,53,48,5,11
48,54,48,5,3
48,55,48,5,3
48,56,48,5,3
48,57,48,5,9
48,58,48,5,2
48,59,48,5,2
48,60,48,5,8
48,61,48,5,1
48,62,48,5,3
48,63,49,6,0
48,64,48,5,0
48,65,48,5,9
48,66,48,5,12
48,67,48,5,2
48,68,48,5,6
48,69,48,5,13
48,70,48,5,13
48,71,49,6,0
48,72,48,5,0
48,73,48,5,1
48,74,48,5,1
48,75,48,5,4
48,76,48,5,11
48,77,48,5,7
48,78,48,5,7
48,79,48,5,10
48,80,48,5,3
48,81,48,5,4
48,82,48,5,1
48,83,48,5,4
48,84,48,5,0
48,85,49,6,0
48,86,48,5,0
48,87,48,5,3
48,88,48,5,3
48,89,48,5,6
48,90,48,5,7
48,91,48,5,2
48,92,48,5,14
48,93,48,5,13
48,94,48,5,10
48,95,48,5,4
48,96,48,5,12
48,97,48,5,9
48,98,48,5,2
48,99,48,5,2
48,100,48,5,3
49,1,50,6,2
49,2,49,6,2
49,3,49,6,7
49,4,49,6,7
49,5,49,6,7
49,6,49,6,8
49,7,49,6,0
49,8,49,6,1
49,9,49,6,9
49,10,49,6,2
49,11,49,6,7
49,12,49,6,2
49,13,49,6,3
49,14,49,6,3
49,15,49,6,3
49,16,49,6,9
49,17,49,6,0
49,18,49,6,5
49,19,49,6,4
49,20,49,6,4
49,21,49,6,8
49,22,53,7,1
49,23,50,6,2
49,24,49,6,2
49,25,49,6,7
49,26,49,6,1
49,27,49,6,1
49,28,49,6,1
49,29,49,6,0
49,30,49,6,5
49,31,49,6,5
49,32,49,6,9
49,33,49,6,3
49,34,49,6,1
49,35,49,6,8
49,36,49,6,2
49,37,49,6,8
49,38,49,6,5
49,39,49,6,0
49,40,49,6,1
49,41,49,6,1
49,42,49,6,12
49,43,49,6,2
49,44,49,6,2
49,45,49,6,7
49,46,49,6,3
49,47,49,6,3
49,48,49,6,9
49,49,49,6,4
49,50,49,6,4
49,51,49,6,0
49,52,49,6,11
49,53,49,6,3
49,54,49,6,3
49,55,49,6,3
49,56,49,6,9
49,57,49,6,2
49,58,49,6,2
49,59,49,6,8
49,60,49,6,1
49,61,49,6,3
49,62,49,6,5
49,63,49,6,0
49,64,49,6,9
49,65,49,6,12
49,66,49,6,2
49,67,50,6,13
49,68,49,6,13
49,69,49,6,13
49,70,49,6,5
49,71,49,6,0
49,72,49,6,1
49,73,49,6,1
49,74,49,6,4
49,75,49,6,11
49,76,49,6,7
49,77,49,6,7
49,78,49,6,10
49,79,49,6,3
49,80,49,6,4
49,81,49,6,1
49,82,49,6,4
49,83,49,6,0
49,84,49,6,5
49,85,49,6,0
49,86,49,6,3
49,87,49,6,3
49,88,50,6,7
49,89,49,6,7
49,90,49,6,2
49,91,49,6,14
49,92,49,6,13
49,93,49,6,10
49,94,49,6,4
49,95,49,6,12
49,96,49,6,9
49,97,49,6,2
49,98,49,6,2
49,99,49,6,3
49,100,49,6,3
50,1,50,6,2
50,2,50,6,7
50,3,50,6,7
50,4,50,6,7
50,5,50,6,8
50,6,50,6,0
50,7,50,6,1
50,8,50,6,9
50,9,50,6,2
50,10,50,6,7
50,11,50,6,2
50,12,50,6,3
50,13,50,6,3
50,14,50,6,3
50,15,50,6,9
50,16,50,6,0
50,17,50,6,5
50,18,50,6,4
50,19,50,6,4
50,20,50,6,8
50,21,51,2,6
50,22,53,7,1
50,23,50,6,2
50,24,50,6,7
50,25,50,6,1
50,26,50,6,1
50,27,50,6,1
50,28,50,6,0
50,29,50,6,5
50,30,50,6,5
50,31,50,6,9
50,32,50,6,3
50,33,50,6,1
50,34,50,6,8
50,35,50,6,2
50,36,50,6,8
50,37,50,6,5
50,38,50,6,0
50,39,50,6,1
50,40,50,6,1
50,41,50,6,12
50,42,50,6,2
50,43,50,6,2
50,44,50,6,7
50,45,50,6,3
50,46,50,6,3
50,47,50,6,9
50,48,50,6,4
50,49,50,6,4
50,50,50,6,0
50,51,50,6,11
50,52,50,6,3
50,53,50,6,3
50,54,50,6,3
50,55,50,6,9
50,56,50,6,2
50,57,50,6,2
50,58,50,6,8
50,59,50,6,1
50,60,50,6,3
50,61,50,6,5
50,62,50,6,0
50,63,50,6,9
50,64,50,6,12
50,65,50,6,2
50,66,51,2,13
50,67,50,6,13
50,68,50,6,13
50,69,50,6,5
50,70,50,6,0
50,71,50,6,1
50,72,50,6,1
50,73,50,6,4
50,74,50,6,11
50,75,50,6,7
50,76,50,6,7
50,77,50,6,10
50,78,50,6,3
50,79,50,6,4
50,80,50,6,1
50,81,50,6,4
50,82,50,6,0
50,83,50,6,5
50,84,50,6,0
50,85,50,6,3
50,86,50,6,3
50,87,51,2,7
50,88,50,6,7
50,89,50,6,2
50,90,50,6,14
50,91,50,6,13
50,92,50,6,10
50,93,50,6,4
50,94,50,6,12
50,95,50,6,9
50,96,50,6,2
50,97,50,6,2
50,98,50,6,3
50,99,50,6,3
50,100,51,2,9
51,1,51,2,7
51,2,51,2,7
51,3,51,2,7
51,4,51,2,8
51,5,51,2,0
51,6,51,2,1
51,7,51,2,9
51,8,53,7,2
51,9,51,2,7
51,10,52,7,3
51,11,51,2,3
51,12,51,2,3
51,13,51,2,3
51,14,51,2,9
51,15,51,2,0
51,16,51,2,5
51,17,51,2,4
51,18,51,2,4
51,19,51,2,8
51,20,51,2,6
51,21,51,2,6
51,22,53,7,1
51,23,51,2,7
51,24,51,2,1
51,25,51,2,1
51,26,51,2,1
51,27,51,2,0
51,28,51,2,5
51,29,51,2,5
51,30,51,2,9
51,31,51,2,3
51,32,51,2,1
51,33,51,2,8
51,34,52,7,8
51,35,51,2,8
51,36,51,2,5
51,37,51,2,0
51,38,51,2,1
51,39,51,2,1
51,40,51,2,12
51,41,52,7,2
51,42,53,7,3
51,43,51,2,7
51,44,51,2,3
51,45,51,2,3
51,46,51,2,9
51,47,51,2,4
51,48,51,2,4
51,49,51,2,0
51,50,51,2,11
51,51,51,2,3
51,52,51,2,3
51,53,51,2,3
51,54,51,2,9
51,55,52,7,2
51,56,52,7,8
51,57,51,2,8
51,58,51,2,1
51,59,51,2,3
51,60,51,2,5
51,61,51,2,0
51,62,51,2,9
51,63,51,2,12
51,64,52,7,6
51,65,51,2,6
51,66,51,2,13
51,67,51,2,13
51,68,51,2,5
51,69,51,2,0
51,70,51,2,1
51,71,51,2,1
51,72,51,2,4
51,73,51,2,11
51,74,51,2,7
51,75,51,2,7
51,76,51,2,10
51,77,51,2,3
51,78,51,2,4
51,79,51,2,1
51,80,51,2,4
51,81,51,2,0
51,82,51,2,5
51,83,51,2,0
51,84,51,2,3
51,85,51,2,3
51,86,51,2,6
51,87,51,2,7
51,88,52,7,14
51,89,51,2,14
51,90,51,2,13
51,91,51,2,10
51,92,51,2,4
51,93,51,2,12
51,94,51,2,9
51,95,52,7,2
51,96,52,7,3
51,97,51,2,3
51,98,51,2,3
51,99,51,2,6
51,100,51,2,9
52,1,54,7,8
52,2,53,7,8
52,3,52,7,8
52,4,52,7,0
52,5,52,7,1
52,6,52,7,9
52,7,52,7,2
52,8,53,7,2
52,9,52,7,2
52,10,52,7,3
52,11,52,7,3
52,12,52,7,3
52,13,52,7,9
52,14,52,7,0
52,15,52,7,5
52,16,52,7,4
52,17,52,7,4
52,18,52,7,8
52,19,52,7,6
52,20,52,7,6
52,21,52,7,2
52,22,53,7,1
52,23,52,7,1
52,24,52,7,1
52,25,52,7,1
52,26,52,7,0
52,27,52,7,5
52,28,52,7,5
52,29,52,7,9
52,30,52,7,3
52,31,52,7,1
52,32,52,7,8
52,33,52,7,2
52,34,52,7,8
52,35,52,7,5
52,36,52,7,0
52,37,52,7,1
52,38,52,7,1
52,39,52,7,12
52,40,52,7,2
52,41,52,7,2
52,42,53,7,3
52,43,52,7,3
52,44,52,7,3
52,45,52,7,9
52,46,52,7,4
52,47,52,7,4
52,48,52,7,0
52,49,52,7,11
52,50,52,7,3
52,51,52,7,3
52,52,52,7,3
52,53,52,7,9
52,54,52,7,2
52,55,52,7,2
52,56,52,7,8
52,57,52,7,1
52,58,52,7,3
52,59,52,7,5
52,60,52,7,0
52,61,52,7,9
52,62,52,7,12
52,63,52,7,2
52,64,52,7,6
52,65,52,7,13
52,66,52,7,13
52,67,52,7,5
52,68,52,7,0
52,69,52,7,1
52,70,52,7,1
52,71,52,7,4
52,72,52,7,11
52,73,54,7,10
52,74,53,7,10
52,75,52,7,10
52,76,52,7,3
52,77,52,7,4
52,78,52,7,1
52,79,52,7,4
52,80,52,7,0
52,81,52,7,5
52,82,52,7,0
52,83,52,7,3
52,84,52,7,3
52,85,52,7,6
52,86,53,7,2
52,87,52,7,2
52,88,52,7,14
52,89,52,7,13
52,90,52,7,10
52,91,52,7,4
52,92,52,7,12
52,93,52,7,9
52,94,52,7,2
52,95,52,7,2
52,96,52,7,3
52,97,52,7,3
52,98,52,7,6
52,99,52,7,9
52,100,52,7,9
53,1,54,7,8
53,2,53,7,8
53,3,53,7,0
53,4,53,7,1
53,5,53,7,9
53,6,53,7,2
53,7,54,7,2
53,8,53,7,2
53,9,53,7,3
53,10,53,7,3
53,11,53,7,3
53,12,53,7,9
53,13,53,7,0
53,14,53,7,5
53,15,53,7,4
53,16,53,7,4
53,17,53,7,8
53,18,53,7,6
53,19,53,7,6
53,20,53,7,2
53,21,54,7,1
53,22,53,7,1
53,23,53,7,1
53,24,53,7,1
53,25,53,7,0
53,26,53,7,5
53,27,53,7,5
53,28,53,7,9
53,29,53,7,3
53,30,53,7,1
53,31,53,7,8
53,32,53,7,2
53,33,53,7,8
53,34,53,7,5
53,35,53,7,0
53,36,53,7,1
53,37,53,7,1
53,38,53,7,12
53,39,53,7,2
53,40,53,7,2
53,41,54,7,3
53,42,53,7,3
53,43,53,7,3
53,44,53,7,9
53,45,53,7,4
53,46,53,7,4
53,47,53,7,0
53,48,53,7,11
53,49,53,7,3
53,50,53,7,3
53,51,53,7,3
53,52,53,7,9
53,53,53,7,2
53,54,53,7,2
53,55,53,7,8
53,56,53,7,1
53,57,53,7,3
53,58,53,7,5
53,59,53,7,0
53,60,53,7,9
53,61,53,7,12
53,62,53,7,2
53,63,53,7,6
53,64,53,7,13
53,65,53,7,13
53,66,53,7,5
53,67,53,7,0
53,68,53,7,1
53,69,53,7,1
53,70,53,7,4
53,71,53,7,11
53,72,55,8,10
53,73,54,7,10
53,74,53,7,10
53,75,53,7,3
53,76,53,7,4
53,77,53,7,1
53,78,53,7,4
53,79,53,7,0
53,80,53,7,5
53,81,53,7,0
53,82,53,7,3
53,83,53,7,3
53,84,53,7,6
53,85,54,7,2
53,86,53,7,2
53,87,53,7,14
53,88,53,7,13
53,89,53,7,10
53,90,53,7,4
53,91,53,7,12
53,92,53,7,9
53,93,53,7,2
53,94,53,7,2
53,95,53,7,3
53,96,53,7,3
53,97,53,7,6
53,98,53,7,9
53,99,53,7,9
53,100,53,7,1
54,1,54,7,8
54,2,54,7,0
54,3,54,7,1
54,4,54,7,9
54,5,54,7,2
54,6,55,8,2
54,7,54,7,2
54,8,54,7,3
54,9,54,7,3
54,10,54,7,3
54,11,54,7,9
54,12,54,7,0
54,13,54,7,5
54,14,54,7,4
54,15,54,7,4
54,16,54,7,8
54,17,54,7,6
54,18,54,7,6
54,19,54,7,2
54,20,55,8,1
54,21,54,7,1
54,22,54,7,1
54,23,54,7,1
54,24,54,7,0
54,25,54,7,5
54,26,54,7,5
54,27,54,7,9
54,28,54,7,3
54,29,54,7,1
54,30,54,7,8
54,31,54,7,2
54,32,54,7,8
54,33,54,7,5
54,34,54,7,0
54,35,54,7,1
54,36,54,7,1
54,37,54,7,12
54,38,54,7,2
54,39,54,7,2
54,40,55,8,3
54,41,54,7,3
54,42,54,7,3
54,43,54,7,9
54,44,54,7,4
54,45,54,7,4
54,46,54,7,0
54,47,54,7,11
54,48,54,7,3
54,49,54,7,3
54,50,54,7,3
54,51,54,7,9
54,52,54,7,2
54,53,54,7,2
54,54,54,7,8
54,55,54,7,1
54,56,54,7,3
54,57,54,7,5
54,58,54,7,0
54,59,54,7,9
54,60,54,7,12
54,61,54,7,2
54,62,54,7,6
54,63,54,7,13
54,64,54,7,13
54,65,54,7,5
54,66,54,7,0
54,67,54,7,1
54,68,54,7,1
54,69,54,7,4
54,70,54,7,11
54,71,55,8,7
54,72,55,8,10
54,73,54,7,10
54,74,54,7,3
54,75,54,7,4
54,76,54,7,1
54,77,54,7,4
54,78,54,7,0
54,79,54,7,5
54,80,54,7,0
54,81,54,7,3
54,82,54,7,3
54,83,54,7,6
54,84,55,8,2
54,85,54,7,2
54,86,54,7,14
54,87,54,7,13
54,88,54,7,10
54,89,54,7,4
54,90,54,7,12
54,91,54,7,9
54,92,54,7,2
54,93,54,7,2
54,94,54,7,3
54,95,54,7,3
54,96,54,7,6
54,97,54,7,9
54,98,54,7,9
54,99,54,7,1
54,100,54,7,16
55,1,55,8,0
55,2,55,8,1
55,3,55,8,9
55,4,55,8,2
55,5,55,8,7
55,6,55,8,2
55,7,55,8,3
55,8,55,8,3
55,9,55,8,3
55,10,55,8,9
55,11,55,8,0
55,12,55,8,5
55,13,55,8,4
55,14,55,8,4
55,15,56,0,6
55,16,55,8,6
55,17,55,8,6
55,18,55,8,2
55,19,55,8,7
55,20,55,8,1
55,21,55,8,1
55,22,55,8,1
55,23,55,8,0
55,24,55,8,5
55,25,55,8,5
55,26,55,8,9
55,27,55,8,3
55,28,55,8,1
55,29,56,0,2
55,30,55,8,2
55,31,56,0,5
55,32,55,8,5
55,33,55,8,0
55,34,55,8,1
55,35,55,8,1
55,36,55,8,12
55,37,55,8,2
55,38,55,8,2
55,39,55,8,7
55,40,55,8,3
55,41,55,8,3
55,42,55,8,9
55,43,55,8,4
55,44,55,8,4
55,45,55,8,0
55,46,55,8,11
55,47,55,8,3
55,48,55,8,3
55,49,55,8,3
55,50,55,8,9
55,51,55,8,2
55,52,55,8,2
55,53,56,0,1
55,54,55,8,1
55,55,55,8,3
55,56,55,8,5
55,57,55,8,0
55,58,55,8,9
55,59,55,8,12
55,60,55,8,2
55,61,55,8,6
55,62,55,8,13
55,63,55,8,13
55,64,55,8,5
55,65,55,8,0
55,66,55,8,1
55,67,55,8,1
55,68,55,8,4
55,69,55,8,11
55,70,55,8,7
55,71,55,8,7
55,72,55,8,10
55,73,55,8,3
55,74,55,8,4
55,75,55,8,1
55,76,55,8,4
55,77,55,8,0
55,78,55,8,5
55,79,55,8,0
55,80,55,8,3
55,81,55,8,3
55,82,55,8,6
55,83,55,8,7
55,84,55,8,2
55,85,55,8,14
55,86,55,8,13
55,87,55,8,10
55,88,55,8,4
55,89,55,8,12
55,90,55,8,9
55,91,55,8,2
55,92,55,8,2
55,93,55,8,3
55,94,55,8,3
55,95,55,8,6
55,96,55,8,9
55,97,55,8,9
55,98,55,8,1
55,99,55,8,16
55,100,55,8,4
56,1,56,0,1
56,2,56,0,9
56,3,56,0,2
56,4,56,0,7
56,5,56,0,2
56,6,56,0,3
56,7,56,0,3
56,8,56,0,3
56,9,56,0,9
56,10,57,1,5
56,11,56,0,5
56,12,56,0,4
56,13,56,0,4
56,14,56,0,8
56,15,56,0,6
56,16,56,0,6
56,17,56,0,2
56,18,56,0,7
56,19,56,0,1
56,20,56,0,1
56,21,56,0,1
56,22,57,1,5
56,23,56,0,5
56,24,56,0,5
56,25,56,0,9
56,26,56,0,3
56,27,56,0,1
56,28,56,0,8
56,29,56,0,2
56,30,56,0,8
56,31,56,0,5
56,32,58,9,1
56,33,56,0,1
56,34,56,0,1
56,35,56,0,12
56,36,56,0,2
56,37,56,0,2
56,38,56,0,7
56,39,56,0,3
56,40,56,0,3
56,41,56,0,9
56,42,56,0,4
56,43,56,0,4
56,44,57,1,11
56,45,56,0,11
56,46,56,0,3
56,47,56,0,3
56,48,56,0,3
56,49,56,0,9
56,50,56,0,2
56,51,56,0,2
56,52,56,0,8
56,53,56,0,1
56,54,56,0,3
56,55,56,0,5
56,56,57,1,9
56,57,56,0,9
56,58,56,0,12
56,59,56,0,2
56,60,56,0,6
56,61,56,0,13
56,62,56,0,13
56,63,56,0,5
56,64,58,9,1
56,65,56,0,1
56,66,56,0,1
56,67,56,0,4
56,68,56,0,11
56,69,56,0,7
56,70,56,0,7
56,71,56,0,10
56,72,56,0,3
56,73,56,0,4
56,74,56,0,1
56,75,56,0,4
56,76,57,1,5
56,77,56,0,5
56,78,57,1,3
56,79,56,0,3
56,80,56,0,3
56,81,56,0,6
56,82,56,0,7
56,83,56,0,2
56,84,56,0,14
56,85,56,0,13
56,86,56,0,10
56,87,56,0,4
56,88,56,0,12
56,89,56,0,9
56,90,56,0,2
56,91,56,0,2
56,92,56,0,3
56,93,56,0,3
56,94,56,0,6
56,95,56,0,9
56,96,56,0,9
56,97,56,0,1
56,98,56,0,16
56,99,56,0,4
56,100,56,0,8
57,1,57,1,9
57,2,57,1,2
57,3,57,1,7
57,4,57,1,2
57,5,57,1,3
57,6,57,1,3
57,7,57,1,3
57,8,57,1,9
57,9,57,1,0
57,10,57,1,5
57,11,57,1,4
57,12,57,1,4
57,13,57,1,8
57,14,57,1,6
57,15,57,1,6
57,16,57,1,2
57,17,57,1,7
57,18,58,9,1
57,19,58,9,1
57,20,58,9,0
57,21,57,1,0
57,22,57,1,5
57,23,57,1,5
57,24,57,1,9
57,25,57,1,3
57,26,58,9,8
57,27,57,1,8
57,28,57,1,2
57,29,57,1,8
57,30,57,1,5
57,31,57,1,0
57,32,58,9,1
57,33,58,9,12
57,34,57,1,12
57,35,57,1,2
57,36,57,1,2
57,37,57,1,7
57,38,57,1,3
57,39,57,1,3
57,40,57,1,9
57,41,57,1,4
57,42,57,1,4
57,43,57,1,0
57,44,57,1,11
57,45,57,1,3
57,46,57,1,3
57,47,57,1,3
57,48,57,1,9
57,49,57,1,2
57,50,57,1,2
57,51,57,1,8
57,52,58,9,3
57,53,57,1,3
57,54,57,1,5
57,55,57,1,0
57,56,57,1,9
57,57,57,1,12
57,58,57,1,2
57,59,57,1,6
57,60,57,1,13
57,61,57,1,13
57,62,57,1,5
57,63,57,1,0
57,64,58,9,1
57,65,58,9,4
57,66,57,1,4
57,67,57,1,11
57,68,57,1,7
57,69,57,1,7
57,70,57,1,10
57,71,57,1,3
57,72,57,1,4
57,73,58,9,4
57,74,57,1,4
57,75,57,1,0
57,76,57,1,5
57,77,57,1,0
57,78,57,1,3
57,79,57,1,3
57,80,57,1,6
57,81,57,1,7
57,82,57,1,2
57,83,57,1,14
57,84,57,1,13
57,85,57,1,10
57,86,57,1,4
57,87,57,1,12
57,88,57,1,9
57,89,57,1,2
57,90,57,1,2
57,91,57,1,3
57,92,57,1,3
57,93,57,1,6
57,94,57,1,9
57,95,57,1,9
57,96,58,9,16
57,97,57,1,16
57,98,57,1,4
57,99,57,1,8
57,100,57,1,3
58,1,58,9,2
58,2,58,9,7
58,3,58,9,2
58,4,58,9,3
58,5,58,9,3
58,6,58,9,3
58,7,59,2,0
58,8,58,9,0
58,9,58,9,5
58,10,58,9,4
58,11,58,9,4
58,12,58,9,8
58,13,58,9,6
58,14,58,9,6
58,15,58,9,2
58,16,58,9,7
58,17,58,9,1
58,18,58,9,1
58,19,58,9,1
58,20,58,9,0
58,21,58,9,5
58,22,58,9,5
58,23,59,2,3
58,24,58,9,3
58,25,58,9,1
58,26,58,9,8
58,27,58,9,2
58,28,58,9,8
58,29,58,9,5
58,30,58,9,0
58,31,58,9,1
58,32,58,9,1
58,33,58,9,12
58,34,58,9,2
58,35,58,9,2
58,36,58,9,7
58,37,58,9,3
58,38,58,9,3
58,39,59,2,4
58,40,58,9,4
58,41,58,9,4
58,42,58,9,0
58,43,58,9,11
58,44,58,9,3
58,45,58,9,3
58,46,58,9,3
58,47,60,7,2
58,48,58,9,2
58,49,58,9,2
58,50,58,9,8
58,51,58,9,1
58,52,58,9,3
58,53,58,9,5
58,54,58,9,0
58,55,59,2,12
58,56,58,9,12
58,57,58,9,2
58,58,58,9,6
58,59,58,9,13
58,60,58,9,13
58,61,58,9,5
58,62,58,9,0
58,63,58,9,1
58,64,58,9,1
58,65,58,9,4
58,66,58,9,11
58,67,58,9,7
58,68,58,9,7
58,69,58,9,10
58,70,58,9,3
58,71,58,9,4
58,72,58,9,1
58,73,58,9,4
58,74,58,9,0
58,75,58,9,5
58,76,58,9,0
58,77,58,9,3
58,78,58,9,3
58,79,58,9,6
58,80,58,9,7
58,81,58,9,2
58,82,58,9,14
58,83,58,9,13
58,84,58,9,10
58,85,58,9,4
58,86,58,9,12
58,87,60,7,2
58,88,58,9,2
58,89,58,9,2
58,90,58,9,3
58,91,58,9,3
58,92,58,9,6
58,93,59,2,9
58,94,59,2,1
58,95,58,9,1
58,96,58,9,16
58,97,58,9,4
58,98,58,9,8
58,99,58,9,3
58,100,58,9,3
59,1,59,2,7
59,2,60,7,3
59,3,59,2,3
59,4,59,2,3
59,5,59,2,3
59,6,59,2,9
59,7,59,2,0
59,8,59,2,5
59,9,59,2,4
59,10,59,2,4
59,11,59,2,8
59,12,59,2,6
59,13,59,2,6
59,14,61,2,1
59,15,59,2,7
59,16,59,2,1
59,17,59,2,1
59,18,59,2,1
59,19,59,2,0
59,20,59,2,5
59,21,59,2,5
59,22,59,2,9
59,23,59,2,3
59,24,59,2,1
59,25,59,2,8
59,26,60,7,8
59,27,59,2,8
59,28,59,2,5
59,29,59,2,0
59,30,59,2,1
59,31,59,2,1
59,32,59,2,12
59,33,60,7,2
59,34,61,2,3
59,35,59,2,7
59,36,59,2,3
59,37,59,2,3
59,38,59,2,9
59,39,59,2,4
59,40,59,2,4
59,41,59,2,0
59,42,59,2,11
59,43,59,2,3
59,44,59,2,3
59,45,59,2,3
59,46,59,2,9
59,47,60,7,2
59,48,60,7,8
59,49,59,2,8
59,50,59,2,1
59,51,59,2,3
59,52,59,2,5
59,53,59,2,0
59,54,59,2,9
59,55,59,2,12
59,56,60,7,6
59,57,59,2,6
59,58,59,2,13
59,59,59,2,13
59,60,59,2,5
59,61,59,2,0
59,62,59,2,1
59,63,59,2,1
59,64,59,2,4
59,65,59,2,11
59,66,59,2,7
59,67,59,2,7
59,68,59,2,10
59,69,59,2,3
59,70,59,2,4
59,71,59,2,1
59,72,59,2,4
59,73,59,2,0
59,74,59,2,5
59,75,59,2,0
59,76,59,2,3
59,77,59,2,3
59,78,59,2,6
59,79,59,2,7
59,80,60,7,14
59,81,59,2,14
59,82,59,2,13
59,83,59,2,10
59,84,59,2,4
59,85,59,2,12
59,86,59,2,9
59,87,60,7,2
59,88,60,7,3
59,89,59,2,3
59,90,59,2,3
59,91,59,2,6
59,92,59,2,9
59,93,59,2,9
59,94,59,2,1
59,95,59,2,16
59,96,59,2,4
59,97,59,2,8
59,98,59,2,3
59,99,59,2,3
59,100,60,7,15
60,1,60,7,2
60,2,60,7,3
60,3,60,7,3
60,4,60,7,3
60,5,60,7,9
60,6,60,7,0
60,7,60,7,5
60,8,60,7,4
60,9,60,7,4
60,10,60,7,8
60,11,60,7,6
60,12,60,7,6
60,13,60,7,2
60,14,61,2,1
60,15,60,7,1
60,16,60,7,1
60,17,60,7,1
60,18,60,7,0
60,19,60,7,5
60,20,60,7,5
60,21,60,7,9
60,22,60,7,3
60,23,60,7,1
60,24,60,7,8
60,25,60,7,2
60,26,60,7,8
60,27,60,7,5
60,28,60,7,0
60,29,60,7,1
60,30,60,7,1
60,31,60,7,12
60,32,60,7,2
60,33,60,7,2
60,34,61,2,3
60,35,60,7,3
60,36,60,7,3
60,37,60,7,9
60,38,60,7,4
60,39,60,7,4
60,40,60,7,0
60,41,60,7,11
60,42,60,7,3
60,43,60,7,3
60,44,60,7,3
60,45,60,7,9
60,46,60,7,2
60,47,60,7,2
60,48,60,7,8
60,49,60,7,1
60,50,60,7,3
60,51,60,7,5
60,52,60,7,0
60,53,60,7,9
60,54,60,7,12
60,55,60,7,2
60,56,60,7,6
60,57,60,7,13
60,58,60,7,13
60,59,60,7,5
60,60,60,7,0
60,61,60,7,1
60,62,60,7,1
60,63,60,7,4
60,64,60,7,11
60,65,61,2,7
60,66,61,2,10
60,67,60,7,10
60,68,60,7,3
60,69,60,7,4
60,70,60,7,1
60,71,60,7,4
60,72,60,7,0
60,73,60,7,5
60,74,60,7,0
60,75,60,7,3
60,76,60,7,3
60,77,60,7,6
60,78,62,3,14
60,79,60,7,2
60,80,60,7,14
60,81,60,7,13
60,82,60,7,10
60,83,60,7,4
60,84,60,7,12
60,85,60,7,9
60,86,60,7,2
60,87,60,7,2
60,88,60,7,3
60,89,60,7,3
60,90,60,7,6
60,91,60,7,9
60,92,60,7,9
60,93,60,7,1
60,94,60,7,16
60,95,60,7,4
60,96,60,7,8
60,97,60,7,3
60,98,60,7,3
60,99,60,7,2
60,100,60,7,15
61,1,61,2,3
61,2,61,2,3
61,3,61,2,3
61,4,61,2,9
61,5,61,2,0
61,6,61,2,5
61,7,61,2,4
61,8,61,2,4
61,9,61,2,8
61,10,61,2,6
61,11,61,2,6
61,12,62,3,7
61,13,61,2,7
61,14,61,2,1
61,15,61,2,1
61,16,61,2,1
61,17,61,2,0
61,18,61,2,5
61,19,61,2,5
61,20,61,2,9
61,21,61,2,3
61,22,61,2,1
61,23,61,2,8
61,24,62,3,8
61,25,61,2,8
61,26,61,2,5
61,27,61,2,0
61,28,61,2,1
61,29,61,2,1
61,30,61,2,12
61,31,62,3,2
61,32,62,3,7
61,33,61,2,7
61,34,61,2,3
61,35,61,2,3
61,36,61,2,9
61,37,61,2,4
61,38,61,2,4
61,39,61,2,0
61,40,61,2,11
61,41,61,2,3
61,42,61,2,3
61,43,61,2,3
61,44,61,2,9
61,45,62,3,2
61,46,62,3,8
61,47,61,2,8
61,48,61,2,1
61,49,61,2,3
61,50,61,2,5
61,51,61,2,0
61,52,61,2,9
61,53,61,2,12
61,54,62,3,6
61,55,61,2,6
61,56,61,2,13
61,57,61,2,13
61,58,61,2,5
61,59,61,2,0
61,60,61,2,1
61,61,61,2,1
61,62,61,2,4
61,63,61,2,11
61,64,61,2,7
61,65,61,2,7
61,66,61,2,10
61,67,61,2,3
61,68,61,2,4
61,69,61,2,1
61,70,61,2,4
61,71,61,2,0
61,72,61,2,5
61,73,61,2,0
61,74,61,2,3
61,75,61,2,3
61,76,61,2,6
61,77,61,2,7
61,78,62,3,14
61,79,61,2,14
61,80,61,2,13
61,81,61,2,10
61,82,61,2,4
61,83,61,2,12
61,84,61,2,9
61,85,62,3,2
61,86,64,3,6
61,87,61,2,3
61,88,61,2,3
61,89,61,2,6
61,90,61,2,9
61,91,61,2,9
61,92,61,2,1
61,93,61,2,16
61,94,61,2,4
61,95,61,2,8
61,96,61,2,3
61,97,61,2,3
61,98,62,3,15
61,99,61,2,15
61,100,61,2,1
62,1,64,3,9
62,2,63,3,9
62,3,62,3,9
62,4,62,3,0
62,5,62,3,5
62,6,62,3,4
62,7,62,3,4
62,8,62,3,8
62,9,62,3,6
62,10,62,3,6
62,11,62,3,2
62,12,62,3,7
62,13,62,3,1
62,14,62,3,1
62,15,62,3,1
62,16,62,3,0
62,17,62,3,5
62,18,62,3,5
62,19,62,3,9
62,20,63,3,1
62,21,62,3,1
62,22,62,3,8
62,23,62,3,2
62,24,62,3,8
62,25,62,3,5
62,26,62,3,0
62,27,62,3,1
62,28,62,3,1
62,29,62,3,12
62,30,62,3,2
62,31,62,3,2
62,32,62,3,7
62,33,64,3,9
62,34,63,3,9
62,35,62,3,9
62,36,62,3,4
62,37,62,3,4
62,38,62,3,0
62,39,62,3,11
62,40,66,0,2
62,41,64,3,9
62,42,63,3,9
62,43,62,3,9
62,44,62,3,2
62,45,62,3,2
62,46,62,3,8
62,47,62,3,1
62,48,63,3,5
62,49,62,3,5
62,50,62,3,0
62,51,62,3,9
62,52,62,3,12
62,53,62,3,2
62,54,62,3,6
62,55,62,3,13
62,56,62,3,13
62,57,62,3,5
62,58,62,3,0
62,59,62,3,1
62,60,62,3,1
62,61,62,3,4
62,62,62,3,11
62,63,62,3,7
62,64,62,3,7
62,65,62,3,10
62,66,63,3,4
62,67,62,3,4
62,68,62,3,1
62,69,62,3,4
62,70,62,3,0
62,71,62,3,5
62,72,62,3,0
62,73,64,3,6
62,74,63,3,6
62,75,62,3,6
62,76,62,3,7
62,77,62,3,2
62,78,62,3,14
62,79,62,3,13
62,80,62,3,10
62,81,62,3,4
62,82,62,3,12
62,83,62,3,9
62,84,62,3,2
62,85,62,3,2
62,86,64,3,6
62,87,63,3,6
62,88,62,3,6
62,89,62,3,9
62,90,62,3,9
62,91,62,3,1
62,92,62,3,16
62,93,62,3,4
62,94,62,3,8
62,95,64,3,2
62,96,63,3,2
62,97,62,3,2
62,98,62,3,15
62,99,62,3,1
62,100,62,3,1
63,1,64,3,9
63,2,63,3,9
63,3,63,3,0
63,4,63,3,5
63,5,63,3,4
63,6,63,3,4
63,7,63,3,8
63,8,63,3,6
63,9,63,3,6
63,10,63,3,2
63,11,63,3,7
63,12,63,3,1
63,13,63,3,1
63,14,63,3,1
63,15,63,3,0
63,16,63,3,5
63,17,63,3,5
63,18,63,3,9
63,19,64,3,1
63,20,63,3,1
63,21,63,3,8
63,22,63,3,2
63,23,63,3,8
63,24,63,3,5
63,25,63,3,0
63,26,63,3,1
63,27,63,3,1
63,28,63,3,12
63,29,63,3,2
63,30,63,3,2
63,31,63,3,7
63,32,66,0,4
63,33,64,3,9
63,34,63,3,9
63,35,63,3,4
63,36,63,3,4
63,37,63,3,0
63,38,63,3,11
63,39,65,9,3
63,40,66,0,2
63,41,64,3,9
63,42,63,3,9
63,43,63,3,2
63,44,63,3,2
63,45,63,3,8
63,46,63,3,1
63,47,64,3,5
63,48,63,3,5
63,49,63,3,0
63,50,63,3,9
63,51,63,3,12
63,52,63,3,2
63,53,63,3,6
63,54,63,3,13
63,55,63,3,13
63,56,63,3,5
63,57,63,3,0
63,58,63,3,1
63,59,63,3,1
63,60,63,3,4
63,61,63,3,11
63,62,63,3,7
63,63,63,3,7
63,64,63,3,10
63,65,64,3,4
63,66,63,3,4
63,67,63,3,1
63,68,63,3,4
63,69,63,3,0
63,70,63,3,5
63,71,63,3,0
63,72,65,9,6
63,73,64,3,6
63,74,63,3,6
63,75,63,3,7
63,76,63,3,2
63,77,63,3,14
63,78,63,3,13
63,79,63,3,10
63,80,63,3,4
63,81,63,3,12
63,82,63,3,9
63,83,63,3,2
63,84,63,3,2
63,85,65,9,6
63,86,64,3,6
63,87,63,3,6
63,88,63,3,9
63,89,63,3,9
63,90,63,3,1
63,91,63,3,16
63,92,63,3,4
63,93,63,3,8
63,94,65,9,2
63,95,64,3,2
63,96,63,3,2
63,97,63,3,15
63,98,63,3,1
63,99,63,3,1
63,100,63,3,4
64,1,64,3,9
64,2,64,3,0
64,3,64,3,5
64,4,64,3,4
64,5,64,3,4
64,6,64,3,8
64,7,64,3,6
64,8,64,3,6
64,9,64,3,2
64,10,64,3,7
64,11,64,3,1
64,12,64,3,1
64,13,64,3,1
64,14,64,3,0
64,15,64,3,5
64,16,64,3,5
64,17,64,3,9
64,18,65,9,1
64,19,64,3,1
64,20,64,3,8
64,21,64,3,2
64,22,64,3,8
64,23,64,3,5
64,24,64,3,0
64,25,64,3,1
64,26,64,3,1
64,27,64,3,12
64,28,64,3,2
64,29,64,3,2
64,30,64,3,7
64,31,65,9,3
64,32,66,0,4
64,33,64,3,9
64,34,64,3,4
64,35,64,3,4
64,36,64,3,0
64,37,64,3,11
64,38,65,9,3
64,39,65,9,3
64,40,66,0,2
64,41,64,3,9
64,42,64,3,2
64,43,64,3,2
64,44,64,3,8
64,45,64,3,1
64,46,65,9,5
64,47,64,3,5
64,48,64,3,0
64,49,64,3,9
64,50,64,3,12
64,51,64,3,2
64,52,64,3,6
64,53,64,3,13
64,54,64,3,13
64,55,64,3,5
64,56,64,3,0
64,57,64,3,1
64,58,64,3,1
64,59,64,3,4
64,60,64,3,11
64,61,64,3,7
64,62,64,3,7
64,63,64,3,10
64,64,65,9,4
64,65,64,3,4
64,66,64,3,1
64,67,64,3,4
64,68,64,3,0
64,69,64,3,5
64,70,64,3,0
64,71,65,9,3
64,72,65,9,6
64,73,64,3,6
64,74,64,3,7
64,75,64,3,2
64,76,64,3,14
64,77,64,3,13
64,78,64,3,10
64,79,64,3,4
64,80,64,3,12
64,81,64,3,9
64,82,64,3,2
64,83,64,3,2
64,84,65,9,3
64,85,65,9,6
64,86,64,3,6
64,87,64,3,9
64,88,64,3,9
64,89,64,3,1
64,90,64,3,16
64,91,64,3,4
64,92,64,3,8
64,93,65,9,3
64,94,65,9,2
64,95,64,3,2
64,96,64,3,15
64,97,64,3,1
64,98,64,3,1
64,99,64,3,4
64,100,64,3,0
65,1,65,9,0
65,2,65,9,5
65,3,65,9,4
65,4,65,9,4
65,5,65,9,8
65,6,65,9,6
65,7,65,9,6
65,8,65,9,2
65,9,65,9,7
65,10,65,9,1
65,11,65,9,1
65,12,65,9,1
65,13,65,9,0
65,14,65,9,5
65,15,65,9,5
65,16,66,0,3
65,17,65,9,3
65,18,65,9,1
65,19,65,9,8
65,20,65,9,2
65,21,65,9,8
65,22,65,9,5
65,23,65,9,0
65,24,65,9,1
65,25,65,9,1
65,26,65,9,12
65,27,65,9,2
65,28,65,9,2
65,29,65,9,7
65,30,65,9,3
65,31,65,9,3
65,32,66,0,4
65,33,65,9,4
65,34,65,9,4
65,35,65,9,0
65,36,65,9,11
65,37,65,9,3
65,38,65,9,3
65,39,65,9,3
65,40,66,0,2
65,41,65,9,2
65,42,65,9,2
65,43,65,9,8
65,44,65,9,1
65,45,65,9,3
65,46,65,9,5
65,47,65,9,0
65,48,66,0,12
65,49,65,9,12
65,50,65,9,2
65,51,65,9,6
65,52,65,9,13
65,53,65,9,13
65,54,65,9,5
65,55,65,9,0
65,56,65,9,1
65,57,65,9,1
65,58,65,9,4
65,59,65,9,11
65,60,65,9,7
65,61,65,9,7
65,62,65,9,10
65,63,65,9,3
65,64,65,9,4
65,65,65,9,1
65,66,65,9,4
65,67,65,9,0
65,68,65,9,5
65,69,65,9,0
65,70,65,9,3
65,71,65,9,3
65,72,65,9,6
65,73,65,9,7
65,74,65,9,2
65,75,65,9,14
65,76,65,9,13
65,77,65,9,10
65,78,65,9,4
65,79,65,9,12
65,80,66,0,2
65,81,65,9,2
65,82,65,9,2
65,83,65,9,3
65,84,65,9,3
65,85,65,9,6
65,86,66,0,9
65,87,66,0,1
65,88,65,9,1
65,89,65,9,16
65,90,65,9,4
65,91,65,9,8
65,92,65,9,3
65,93,65,9,3
65,94,65,9,2
65,95,65,9,15
65,96,65,9,1
65,97,65,9,1
65,98,65,9,4
65,99,65,9,0
65,100,65,9,5
66,1,66,0,5
66,2,66,0,4
66,3,66,0,4
66,4,66,0,8
66,5,66,0,6
66,6,66,0,6
66,7,66,0,2
66,8,66,0,7
66,9,66,0,1
66,10,66,0,1
66,11,66,0,1
66,12,68,4,5
66,13,66,0,5
66,14,66,0,5
66,15,66,0,9
66,16,66,0,3
66,17,66,0,1
66,18,66,0,8
66,19,66,0,2
66,20,66,0,8
66,21,66,0,5
66,22,67,5,1
66,23,66,0,1
66,24,66,0,1
66,25,66,0,12
66,26,66,0,2
66,27,66,0,2
66,28,66,0,7
66,29,66,0,3
66,30,66,0,3
66,31,66,0,9
66,32,66,0,4
66,33,66,0,4
66,34,67,5,11
66,35,66,0,11
66,36,66,0,3
66,37,66,0,3
66,38,66,0,3
66,39,66,0,9
66,40,66,0,2
66,41,66,0,2
66,42,66,0,8
66,43,66,0,1
66,44,66,0,3
66,45,66,0,5
66,46,67,5,9
66,47,66,0,9
66,48,66,0,12
66,49,66,0,2
66,50,66,0,6
66,51,66,0,13
66,52,66,0,13
66,53,66,0,5
66,54,67,5,1
66,55,66,0,1
66,56,66,0,1
66,57,66,0,4
66,58,66,0,11
66,59,66,0,7
66,60,66,0,7
66,61,66,0,10
66,62,66,0,3
66,63,66,0,4
66,64,66,0,1
66,65,66,0,4
66,66,68,4,0
66,67,66,0,5
66,68,67,5,3
66,69,66,0,3
66,70,66,0,3
66,71,66,0,6
66,72,66,0,7
66,73,66,0,2
66,74,66,0,14
66,75,66,0,13
66,76,66,0,10
66,77,66,0,4
66,78,66,0,12
66,79,66,0,9
66,80,66,0,2
66,81,66,0,2
66,82,66,0,3
66,83,66,0,3
66,84,66,0,6
66,85,66,0,9
66,86,66,0,9
66,87,66,0,1
66,88,66,0,16
66,89,66,0,4
66,90,66,0,8
66,91,66,0,3
66,92,66,0,3
66,93,66,0,2
66,94,66,0,15
66,95,66,0,1
66,96,66,0,1
66,97,66,0,4
66,98,68,4,5
66,99,66,0,5
66,100,66,0,5
67,1,67,5,4
67,2,67,5,4
67,3,67,5,8
67,4,67,5,6
67,5,67,5,6
67,6,67,5,2
67,7,67,5,7
67,8,67,5,1
67,9,67,5,1
67,10,67,5,1
67,11,67,5,0
67,12,68,4,5
67,13,68,4,9
67,14,67,5,9
67,15,67,5,3
67,16,67,5,1
67,17,67,5,8
67,18,67,5,2
67,19,67,5,8
67,20,68,4,0
67,21,67,5,0
67,22,67,5,1
67,23,67,5,1
67,24,67,5,12
67,25,67,5,2
67,26,67,5,2
67,27,67,5,7
67,28,67,5,3
67,29,67,5,3
67,30,67,5,9
67,31,67,5,4
67,32,67,5,4
67,33,67,5,0
67,34,67,5,11
67,35,67,5,3
67,36,67,5,3
67,37,67,5,3
67,38,67,5,9
67,39,67,5,2
67,40,67,5,2
67,41,67,5,8
67,42,67,5,1
67,43,67,5,3
67,44,68,4,0
67,45,67,5,0
67,46,67,5,9
67,47,67,5,12
67,48,67,5,2
67,49,67,5,6
67,50,67,5,13
67,51,67,5,13
67,52,68,4,0
67,53,67,5,0
67,54,67,5,1
67,55,67,5,1
67,56,67,5,4
67,57,67,5,11
67,58,67,5,7
67,59,67,5,7
67,60,67,5,10
67,61,67,5,3
67,62,67,5,4
67,63,67,5,1
67,64,67,5,4
67,65,67,5,0
67,66,68,4,0
67,67,67,5,0
67,68,67,5,3
67,69,67,5,3
67,70,67,5,6
67,71,67,5,7
67,72,67,5,2
67,73,67,5,14
67,74,67,5,13
67,75,67,5,10
67,76,67,5,4
67,77,67,5,12
67,78,67,5,9
67,79,67,5,2
67,80,67,5,2
67,81,67,5,3
67,82,67,5,3
67,83,67,5,6
67,84,67,5,9
67,85,67,5,9
67,86,67,5,1
67,87,67,5,16
67,88,67,5,4
67,89,67,5,8
67,90,67,5,3
67,91,67,5,3
67,92,67,5,2
67,93,67,5,15
67,94,67,5,1
67,95,67,5,1
67,96,67,5,4
67,97,67,5,0
67,98,68,4,5
67,99,68,4,16
67,100,67,5,16
68,1,69,4,8
68,2,68,4,8
68,3,68,4,6
68,4,68,4,6
68,5,68,4,2
68,6,68,4,7
68,7,68,4,1
68,8,68,4,1
68,9,68,4,1
68,10,68,4,0
68,11,68,4,5
68,12,68,4,5
68,13,68,4,9
68,14,68,4,3
68,15,68,4,1
68,16,68,4,8
68,17,68,4,2
68,18,68,4,8
68,19,68,4,5
68,20,68,4,0
68,21,68,4,1
68,22,68,4,1
68,23,68,4,12
68,24,68,4,2
68,25,68,4,2
68,26,68,4,7
68,27,68,4,3
68,28,68,4,3
68,29,68,4,9
68,30,70,8,0
68,31,69,4,0
68,32,68,4,0
68,33,68,4,11
68,34,68,4,3
68,35,68,4,3
68,36,68,4,3
68,37,68,4,9
68,38,68,4,2
68,39,68,4,2
68,40,68,4,8
68,41,68,4,1
68,42,68,4,3
68,43,68,4,5
68,44,68,4,0
68,45,68,4,9
68,46,68,4,12
68,47,68,4,2
68,48,68,4,6
68,49,68,4,13
68,50,68,4,13
68,51,68,4,5
68,52,68,4,0
68,53,68,4,1
68,54,68,4,1
68,55,69,4,11
68,56,68,4,11
68,57,68,4,7
68,58,68,4,7
68,59,68,4,10
68,60,68,4,3
68,61,69,4,1
68,62,68,4,1
68,63,69,4,0
68,64,68,4,0
68,65,68,4,5
68,66,68,4,0
68,67,68,4,3
68,68,68,4,3
68,69,68,4,6
68,70,68,4,7
68,71,68,4,2
68,72,68,4,14
68,73,68,4,13
68,74,68,4,10
68,75,69,4,12
68,76,68,4,12
68,77,68,4,9
68,78,68,4,2
68,79,68,4,2
68,80,68,4,3
68,81,68,4,3
68,82,68,4,6
68,83,68,4,9
68,84,68,4,9
68,85,68,4,1
68,86,68,4,16
68,87,69,4,8
68,88,68,4,8
68,89,68,4,3
68,90,68,4,3
68,91,68,4,2
68,92,68,4,15
68,93,68,4,1
68,94,68,4,1
68,95,69,4,0
68,96,68,4,0
68,97,68,4,5
68,98,68,4,5
68,99,68,4,16
68,100,68,4,6
69,1,69,4,8
69,2,69,4,6
69,3,69,4,6
69,4,69,4,2
69,5,69,4,7
69,6,69,4,1
69,7,69,4,1
69,8,69,4,1
69,9,69,4,0
69,10,69,4,5
69,11,69,4,5
69,12,69,4,9
69,13,69,4,3
69,14,69,4,1
69,15,69,4,8
69,16,69,4,2
69,17,69,4,8
69,18,69,4,5
69,19,69,4,0
69,20,69,4,1
69,21,69,4,1
69,22,69,4,12
69,23,69,4,2
69,24,69,4,2
69,25,69,4,7
69,26,69,4,3
69,27,69,4,3
69,28,69,4,9
69,29,70,8,4
69,30,70,8,0
69,31,69,4,0
69,32,69,4,11
69,33,69,4,3
69,34,69,4,3
69,35,69,4,3
69,36,69,4,9
69,37,69,4,2
69,38,69,4,2
69,39,69,4,8
69,40,69,4,1
69,41,69,4,3
69,42,69,4,5
69,43,69,4,0
69,44,69,4,9
69,45,69,4,12
69,46,69,4,2
69,47,69,4,6
69,48,69,4,13
69,49,69,4,13
69,50,69,4,5
69,51,69,4,0
69,52,69,4,1
69,53,69,4,1
69,54,70,8,11
69,55,69,4,11
69,56,69,4,7
69,57,69,4,7
69,58,69,4,10
69,59,69,4,3
69,60,70,8,1
69,61,69,4,1
69,62,70,8,0
69,63,69,4,0
69,64,69,4,5
69,65,69,4,0
69,66,69,4,3
69,67,69,4,3
69,68,69,4,6
69,69,69,4,7
69,70,69,4,2
69,71,69,4,14
69,72,69,4,13
69,73,69,4,10
69,74,70,8,12
69,75,69,4,12
69,76,69,4,9
69,77,69,4,2
69,78,69,4,2
69,79,69,4,3
69,80,69,4,3
69,81,69,4,6
69,82,69,4,9
69,83,69,4,9
69,84,69,4,1
69,85,69,4,16
69,86,71,6,3
69,87,69,4,8
69,88,69,4,3
69,89,69,4,3
69,90,69,4,2
69,91,69,4,15
69,92,69,4,1
69,93,69,4,1
69,94,70,8,0
69,95,69,4,0
69,96,69,4,5
69,97,69,4,5
69,98,69,4,16
69,99,69,4,6
69,100,69,4,6
70,1,70,8,6
70,2,70,8,6
70,3,70,8,2
70,4,70,8,7
70,5,70,8,1
70,6,70,8,1
70,7,70,8,1
70,8,70,8,0
70,9,70,8,5
70,10,70,8,5
70,11,70,8,9
70,12,70,8,3
70,13,70,8,1
70,14,71,6,2
70,15,70,8,2
70,16,71,6,5
70,17,70,8,5
70,18,70,8,0
70,19,70,8,1
70,20,70,8,1
70,21,70,8,12
70,22,70,8,2
70,23,70,8,2
70,24,70,8,7
70,25,70,8,3
70,26,70,8,3
70,27,70,8,9
70,28,70,8,4
70,29,70,8,4
70,30,70,8,0
70,31,70,8,11
70,32,70,8,3
70,33,70,8,3
70,34,70,8,3
70,35,70,8,9
70,36,70,8,2
70,37,70,8,2
70,38,71,6,1
70,39,70,8,1
70,40,70,8,3
70,41,70,8,5
70,42,70,8,0
70,43,70,8,9
70,44,70,8,12
70,45,70,8,2
70,46,70,8,6
70,47,70,8,13
70,48,70,8,13
70,49,70,8,5
70,50,70,8,0
70,51,70,8,1
70,52,70,8,1
70,53,70,8,4
70,54,70,8,11
70,55,70,8,7
70,56,70,8,7
70,57,70,8,10
70,58,70,8,3
70,59,70,8,4
70,60,70,8,1
70,61,70,8,4
70,62,70,8,0
70,63,70,8,5
70,64,70,8,0
70,65,70,8,3
70,66,70,8,3
70,67,70,8,6
70,68,70,8,7
70,69,70,8,2
70,70,70,8,14
70,71,70,8,13
70,72,70,8,10
70,73,70,8,4
70,74,70,8,12
70,75,70,8,9
70,76,70,8,2
70,77,70,8,2
70,78,70,8,3
70,79,70,8,3
70,80,70,8,6
70,81,70,8,9
70,82,70,8,9
70,83,70,8,1
70,84,70,8,16
70,85,70,8,4
70,86,71,6,3
70,87,70,8,3
70,88,70,8,3
70,89,70,8,2
70,90,70,8,15
70,91,70,8,1
70,92,70,8,1
70,93,70,8,4
70,94,70,8,0
70,95,70,8,5
70,96,70,8,5
70,97,70,8,16
70,98,70,8,6
70,99,70,8,6
70,100,70,8,6
71,1,72,6,2
71,2,71,6,2
71,3,71,6,7
71,4,71,6,1
71,5,71,6,1
71,6,71,6,1
71,7,71,6,0
71,8,71,6,5
71,9,71,6,5
71,10,71,6,9
71,11,71,6,3
71,12,71,6,1
71,13,71,6,8
71,14,71,6,2
71,15,71,6,8
71,16,71,6,5
71,17,71,6,0
71,18,71,6,1
71,19,71,6,1
71,20,71,6,12
71,21,71,6,2
71,22,71,6,2
71,23,71,6,7
71,24,71,6,3
71,25,71,6,3
71,26,71,6,9
71,27,71,6,4
71,28,71,6,4
71,29,71,6,0
71,30,71,6,11
71,31,71,6,3
71,32,71,6,3
71,33,71,6,3
71,34,71,6,9
71,35,71,6,2
71,36,71,6,2
71,37,71,6,8
71,38,71,6,1
71,39,71,6,3
71,40,71,6,5
71,41,71,6,0
71,42,71,6,9
71,43,71,6,12
71,44,71,6,2
71,45,72,6,13
71,46,71,6,13
71,47,71,6,13
71,48,71,6,5
71,49,71,6,0
71,50,71,6,1
71,51,71,6,1
71,52,71,6,4
71,53,71,6,11
71,54,71,6,7
71,55,71,6,7
71,56,71,6,10
71,57,71,6,3
71,58,71,6,4
71,59,71,6,1
71,60,71,6,4
71,61,71,6,0
71,62,71,6,5
71,63,71,6,0
71,64,71,6,3
71,65,71,6,3
71,66,72,6,7
71,67,71,6,7
71,68,71,6,2
71,69,71,6,14
71,70,71,6,13
71,71,71,6,10
71,72,71,6,4
71,73,71,6,12
71,74,71,6,9
71,75,71,6,2
71,76,71,6,2
71,77,71,6,3
71,78,71,6,3
71,79,72,6,9
71,80,71,6,9
71,81,71,6,9
71,82,71,6,1
71,83,71,6,16
71,84,71,6,4
71,85,71,6,8
71,86,71,6,3
71,87,71,6,3
71,88,71,6,2
71,89,71,6,15
71,90,71,6,1
71,91,71,6,1
71,92,71,6,4
71,93,71,6,0
71,94,71,6,5
71,95,71,6,5
71,96,71,6,16
71,97,73,2,6
71,98,73,2,8
71,99,72,6,8
71,100,71,6,8
72,1,72,6,2
72,2,72,6,7
72,3,72,6,1
72,4,72,6,1
72,5,72,6,1
72,6,72,6,0
72,7,72,6,5
72,8,72,6,5
72,9,72,6,9
72,10,72,6,3
72,11,72,6,1
72,12,72,6,8
72,13,72,6,2
72,14,72,6,8
72,15,72,6,5
72,16,72,6,0
72,17,72,6,1
72,18,72,6,1
72,19,72,6,12
72,20,72,6,2
72,21,72,6,2
72,22,72,6,7
72,23,72,6,3
72,24,72,6,3
72,25,72,6,9
72,26,72,6,4
72,27,72,6,4
72,28,72,6,0
72,29,72,6,11
72,30,72,6,3
72,31,72,6,3
72,32,72,6,3
72,33,72,6,9
72,34,72,6,2
72,35,72,6,2
72,36,72,6,8
72,37,72,6,1
72,38,72,6,3
72,39,72,6,5
72,40,72,6,0
72,41,72,6,9
72,42,72,6,12
72,43,72,6,2
72,44,73,2,13
72,45,72,6,13
72,46,72,6,13
72,47,72,6,5
72,48,72,6,0
72,49,72,6,1
72,50,72,6,1
72,51,72,6,4
72,52,72,6,11
72,53,72,6,7
72,54,72,6,7
72,55,72,6,10
72,56,72,6,3
72,57,72,6,4
72,58,72,6,1
72,59,72,6,4
72,60,72,6,0
72,61,72,6,5
72,62,72,6,0
72,63,72,6,3
72,64,72,6,3
72,65,73,2,7
72,66,72,6,7
72,67,72,6,2
72,68,72,6,14
72,69,72,6,13
72,70,72,6,10
72,71,72,6,4
72,72,72,6,12
72,73,72,6,9
72,74,72,6,2
72,75,72,6,2
72,76,72,6,3
72,77,72,6,3
72,78,73,2,9
72,79,72,6,9
72,80,72,6,9
72,81,72,6,1
72,82,72,6,16
72,83,72,6,4
72,84,72,6,8
72,85,72,6,3
72,86,72,6,3
72,87,72,6,2
72,88,72,6,15
72,89,72,6,1
72,90,72,6,1
72,91,72,6,4
72,92,72,6,0
72,93,72,6,5
72,94,72,6,5
72,95,72,6,16
72,96,73,2,6
72,97,73,2,6
72,98,73,2,8
72,99,72,6,8
72,100,72,6,0
73,1,73,2,7
73,2,73,2,1
73,3,73,2,1
73,4,73,2,1
73,5,73,2,0
73,6,73,2,5
73,7,73,2,5
73,8,73,2,9
73,9,73,2,3
73,10,73,2,1
73,11,73,2,8
73,12,74,7,8
73,13,73,2,8
73,14,73,2,5
73,15,73,2,0
73,16,73,2,1
73,17,73,2,1
73,18,73,2,12
73,19,74,7,2
73,20,75,1,3
73,21,73,2,7
73,22,73,2,3
73,23,73,2,3
73,24,73,2,9
73,25,73,2,4
73,26,73,2,4
73,27,73,2,0
73,28,73,2,11
73,29,73,2,3
73,30,73,2,3
73,31,73,2,3
73,32,73,2,9
73,33,74,7,2
73,34,74,7,8
73,35,73,2,8
73,36,73,2,1
73,37,73,2,3
73,38,73,2,5
73,39,73,2,0
73,40,73,2,9
73,41,73,2,12
73,42,74,7,6
73,43,73,2,6
73,44,73,2,13
73,45,73,2,13
73,46,73,2,5
73,47,73,2,0
73,48,73,2,1
73,49,73,2,1
73,50,73,2,4
73,51,73,2,11
73,52,73,2,7
73,53,73,2,7
73,54,73,2,10
73,55,73,2,3
73,56,73,2,4
73,57,73,2,1
73,58,73,2,4
73,59,73,2,0
73,60,73,2,5
73,61,73,2,0
73,62,73,2,3
73,63,73,2,3
73,64,73,2,6
73,65,73,2,7
73,66,74,7,14
73,67,73,2,14
73,68,73,2,13
73,69,73,2,10
73,70,73,2,4
73,71,73,2,12
73,72,73,2,9
73,73,74,7,2
73,74,74,7,3
73,75,73,2,3
73,76,73,2,3
73,77,73,2,6
73,78,73,2,9
73,79,73,2,9
73,80,73,2,1
73,81,73,2,16
73,82,73,2,4
73,83,73,2,8
73,84,73,2,3
73,85,73,2,3
73,86,74,7,15
73,87,73,2,15
73,88,73,2,1
73,89,73,2,1
73,90,73,2,4
73,91,73,2,0
73,92,73,2,5
73,93,73,2,5
73,94,73,2,16
73,95,73,2,6
73,96,73,2,6
73,97,73,2,6
73,98,73,2,8
73,99,73,2,0
73,100,73,2,16
74,1,74,7,1
74,2,74,7,1
74,3,74,7,1
74,4,74,7,0
74,5,74,7,5
74,6,74,7,5
74,7,74,7,9
74,8,74,7,3
74,9,74,7,1
74,10,74,7,8
74,11,74,7,2
74,12,74,7,8
74,13,74,7,5
74,14,74,7,0
74,15,74,7,1
74,16,74,7,1
74,17,74,7,12
74,18,74,7,2
74,19,74,7,2
74,20,75,1,3
74,21,74,7,3
74,22,74,7,3
74,23,74,7,9
74,24,74,7,4
74,25,74,7,4
74,26,74,7,0
74,27,74,7,11
74,28,74,7,3
74,29,74,7,3
74,30,74,7,3
74,31,74,7,9
74,32,74,7,2
74,33,74,7,2
74,34,74,7,8
74,35,74,7,1
74,36,74,7,3
74,37,74,7,5
74,38,74,7,0
74,39,74,7,9
74,40,74,7,12
74,41,74,7,2
74,42,74,7,6
74,43,74,7,13
74,44,74,7,13
74,45,74,7,5
74,46,74,7,0
74,47,74,7,1
74,48,74,7,1
74,49,74,7,4
74,50,74,7,11
74,51,75,1,7
74,52,75,1,10
74,53,74,7,10
74,54,74,7,3
74,55,74,7,4
74,56,74,7,1
74,57,74,7,4
74,58,74,7,0
74,59,74,7,5
74,60,74,7,0
74,61,74,7,3
74,62,74,7,3
74,63,74,7,6
74,64,75,1,2
74,65,74,7,2
74,66,74,7,14
74,67,74,7,13
74,68,74,7,10
74,69,74,7,4
74,70,74,7,12
74,71,74,7,9
74,72,74,7,2
74,73,74,7,2
74,74,74,7,3
74,75,74,7,3
74,76,74,7,6
74,77,74,7,9
74,78,74,7,9
74,79,74,7,1
74,80,74,7,16
74,81,74,7,4
74,82,74,7,8
74,83,74,7,3
74,84,74,7,3
74,85,74,7,2
74,86,74,7,15
74,87,74,7,1
74,88,74,7,1
74,89,74,7,4
74,90,74,7,0
74,91,74,7,5
74,92,74,7,5
74,93,74,7,16
74,94,74,7,6
74,95,74,7,6
74,96,74,7,6
74,97,74,7,8
74,98,74,7,0
74,99,74,7,16
74,100,74,7,5
75,1,77,1,0
75,2,76,1,0
75,3,75,1,0
75,4,75,1,5
75,5,75,1,5
75,6,75,1,9
75,7,75,1,3
75,8,76,1,8
75,9,75,1,8
75,10,75,1,2
75,11,75,1,8
75,12,75,1,5
75,13,75,1,0
75,14,77,1,12
75,15,76,1,12
75,16,75,1,12
75,17,75,1,2
75,18,75,1,2
75,19,75,1,7
75,20,75,1,3
75,21,75,1,3
75,22,75,1,9
75,23,75,1,4
75,24,75,1,4
75,25,75,1,0
75,26,75,1,11
75,27,75,1,3
75,28,75,1,3
75,29,75,1,3
75,30,75,1,9
75,31,75,1,2
75,32,75,1,2
75,33,75,1,8
75,34,76,1,3
75,35,75,1,3
75,36,75,1,5
75,37,75,1,0
75,38,75,1,9
75,39,75,1,12
75,40,75,1,2
75,41,75,1,6
75,42,75,1,13
75,43,75,1,13
75,44,75,1,5
75,45,75,1,0
75,46,77,1,4
75,47,76,1,4
75,48,75,1,4
75,49,75,1,11
75,50,75,1,7
75,51,75,1,7
75,52,75,1,10
75,53,75,1,3
75,54,75,1,4
75,55,76,1,4
75,56,75,1,4
75,57,75,1,0
75,58,75,1,5
75,59,75,1,0
75,60,75,1,3
75,61,75,1,3
75,62,75,1,6
75,63,75,1,7
75,64,75,1,2
75,65,75,1,14
75,66,75,1,13
75,67,75,1,10
75,68,75,1,4
75,69,75,1,12
75,70,75,1,9
75,71,75,1,2
75,72,75,1,2
75,73,75,1,3
75,74,75,1,3
75,75,75,1,6
75,76,75,1,9
75,77,75,1,9
75,78,76,1,16
75,79,75,1,16
75,80,75,1,4
75,81,75,1,8
75,82,75,1,3
75,83,75,1,3
75,84,75,1,2
75,85,75,1,15
75,86,77,1,4
75,87,76,1,4
75,88,75,1,4
75,89,75,1,0
75,90,75,1,5
75,91,75,1,5
75,92,75,1,16
75,93,75,1,6
75,94,75,1,6
75,95,75,1,6
75,96,75,1,8
75,97,75,1,0
75,98,75,1,16
75,99,75,1,5
75,100,75,1,4
76,1,77,1,0
76,2,76,1,0
76,3,76,1,5
76,4,76,1,5
76,5,76,1,9
76,6,76,1,3
76,7,77,1,8
76,8,76,1,8
76,9,76,1,2
76,10,76,1,8
76,11,76,1,5
76,12,76,1,0
76,13,78,0,12
76,14,77,1,12
76,15,76,1,12
76,16,76,1,2
76,17,76,1,2
76,18,76,1,7
76,19,76,1,3
76,20,76,1,3
76,21,76,1,9
76,22,76,1,4
76,23,76,1,4
76,24,76,1,0
76,25,76,1,11
76,26,76,1,3
76,27,76,1,3
76,28,76,1,3
76,29,76,1,9
76,30,76,1,2
76,31,76,1,2
76,32,76,1,8
76,33,77,1,3
76,34,76,1,3
76,35,76,1,5
76,36,76,1,0
76,37,76,1,9
76,38,76,1,12
76,39,76,1,2
76,40,76,1,6
76,41,76,1,13
76,42,76,1,13
76,43,76,1,5
76,44,76,1,0
76,45,78,0,4
76,46,77,1,4
76,47,76,1,4
76,48,76,1,11
76,49,76,1,7
76,50,76,1,7
76,51,76,1,10
76,52,76,1,3
76,53,76,1,4
76,54,77,1,4
76,55,76,1,4
76,56,76,1,0
76,57,76,1,5
76,58,76,1,0
76,59,76,1,3
76,60,76,1,3
76,61,76,1,6
76,62,76,1,7
76,63,76,1,2
76,64,76,1,14
76,65,76,1,13
76,66,76,1,10
76,67,76,1,4
76,68,76,1,12
76,69,76,1,9
76,70,76,1,2
76,71,76,1,2
76,72,76,1,3
76,73,76,1,3
76,74,76,1,6
76,75,76,1,9
76,76,76,1,9
76,77,77,1,16
76,78,76,1,16
76,79,76,1,4
76,80,76,1,8
76,81,76,1,3
76,82,76,1,3
76,83,76,1,2
76,84,76,1,15
76,85,78,0,4
76,86,77,1,4
76,87,76,1,4
76,88,76,1,0
76,89,76,1,5
76,90,76,1,5
76,91,76,1,16
76,92,76,1,6
76,93,76,1,6
76,94,76,1,6
76,95,76,1,8
76,96,76,1,0
76,97,76,1,16
76,98,76,1,5
76,99,76,1,4
76,100,76,1,4
77,1,77,1,0
77,2,77,1,5
77,3,77,1,5
77,4,77,1,9
77,5,77,1,3
77,6,78,0,8
77,7,77,1,8
77,8,77,1,2
77,9,77,1,8
77,10,77,1,5
77,11,77,1,0
77,12,78,0,1
77,13,78,0,12
77,14,77,1,12
77,15,77,1,2
77,16,77,1,2
77,17,77,1,7
77,18,77,1,3
77,19,77,1,3
77,20,77,1,9
77,21,77,1,4
77,22,77,1,4
77,23,77,1,0
77,24,77,1,11
77,25,77,1,3
77,26,77,1,3
77,27,77,1,3
77,28,77,1,9
77,29,77,1,2
77,30,77,1,2
77,31,77,1,8
77,32,78,0,3
77,33,77,1,3
77,34,77,1,5
77,35,77,1,0
77,36,77,1,9
77,37,77,1,12
77,38,77,1,2
77,39,77,1,6
77,40,77,1,13
77,41,77,1,13
77,42,77,1,5
77,43,77,1,0
77,44,78,0,1
77,45,78,0,4
77,46,77,1,4
77,47,77,1,11
77,48,77,1,7
77,49,77,1,7
77,50,77,1,10
77,51,77,1,3
77,52,77,1,4
77,53,78,0,4
77,54,77,1,4
77,55,77,1,0
77,56,77,1,5
77,57,77,1,0
77,58,77,1,3
77,59,77,1,3
77,60,77,1,6
77,61,77,1,7
77,62,77,1,2
77,63,77,1,14
77,64,77,1,13
77,65,77,1,10
77,66,77,1,4
77,67,77,1,12
77,68,77,1,9
77,69,77,1,2
77,70,77,1,2
77,71,77,1,3
77,72,77,1,3
77,73,77,1,6
77,74,77,1,9
77,75,77,1,9
77,76,78,0,16
77,77,77,1,16
77,78,77,1,4
77,79,77,1,8
77,80,77,1,3
77,81,77,1,3
77,82,77,1,2
77,83,77,1,15
77,84,78,0,1
77,85,78,0,4
77,86,77,1,4
77,87,77,1,0
77,88,77,1,5
77,89,77,1,5
77,90,77,1,16
77,91,77,1,6
77,92,77,1,6
77,93,77,1,6
77,94,77,1,8
77,95,77,1,0
77,96,77,1,16
77,97,77,1,5
77,98,77,1,4
77,99,77,1,4
77,100,77,1,17
78,1,78,0,5
78,2,78,0,5
78,3,78,0,9
78,4,78,0,3
78,5,78,0,1
78,6,78,0,8
78,7,78,0,2
78,8,78,0,8
78,9,78,0,5
78,10,79,5,1
78,11,78,0,1
78,12,78,0,1
78,13,78,0,12
78,14,78,0,2
78,15,78,0,2
78,16,78,0,7
78,17,78,0,3
78,18,78,0,3
78,19,78,0,9
78,20,78,0,4
78,21,78,0,4
78,22,79,5,11
78,23,78,0,11
78,24,78,0,3
78,25,78,0,3
78,26,78,0,3
78,27,78,0,9
78,28,78,0,2
78,29,78,0,2
78,30,78,0,8
78,31,78,0,1
78,32,78,0,3
78,33,78,0,5
78,34,79,5,9
78,35,78,0,9
78,36,78,0,12
78,37,78,0,2
78,38,78,0,6
78,39,78,0,13
78,40,78,0,13
78,41,78,0,5
78,42,79,5,1
78,43,78,0,1
78,44,78,0,1
78,45,78,0,4
78,46,78,0,11
78,47,78,0,7
78,48,78,0,7
78,49,78,0,10
78,50,78,0,3
78,51,78,0,4
78,52,78,0,1
78,53,78,0,4
78,54,80,5,0
78,55,78,0,5
78,56,79,5,3
78,57,78,0,3
78,58,78,0,3
78,59,78,0,6
78,60,78,0,7
78,61,78,0,2
78,62,78,0,14
78,63,78,0,13
78,64,78,0,10
78,65,78,0,4
78,66,78,0,12
78,67,78,0,9
78,68,78,0,2
78,69,78,0,2
78,70,78,0,3
78,71,78,0,3
78,72,78,0,6
78,73,78,0,9
78,74,78,0,9
78,75,78,0,1
78,76,78,0,16
78,77,78,0,4
78,78,78,0,8
78,79,78,0,3
78,80,78,0,3
78,81,78,0,2
78,82,78,0,15
78,83,78,0,1
78,84,78,0,1
78,85,78,0,4
78,86,81,9,16
78,87,78,0,5
78,88,78,0,5
78,89,78,0,16
78,90,78,0,6
78,91,78,0,6
78,92,78,0,6
78,93,78,0,8
78,94,79,5,16
78,95,78,0,16
78,96,78,0,5
78,97,78,0,4
78,98,78,0,4
78,99,78,0,17
78,100,78,0,2
79,1,80,5,9
79,2,79,5,9
79,3,79,5,3
79,4,79,5,1
79,5,79,5,8
79,6,79,5,2
79,7,79,5,8
79,8,80,5,0
79,9,79,5,0
79,10,79,5,1
79,11,79,5,1
79,12,79,5,12
79,13,79,5,2
79,14,79,5,2
79,15,79,5,7
79,16,79,5,3
79,17,79,5,3
79,18,79,5,9
79,19,79,5,4
79,20,79,5,4
79,21,79,5,0
79,22,79,5,11
79,23,79,5,3
79,24,79,5,3
79,25,79,5,3
79,26,79,5,9
79,27,79,5,2
79,28,79,5,2
79,29,79,5,8
79,30,79,5,1
79,31,79,5,3
79,32,80,5,0
79,33,79,5,0
79,34,79,5,9
79,35,79,5,12
79,36,79,5,2
79,37,79,5,6
79,38,79,5,13
79,39,79,5,13
79,40,80,5,0
79,41,79,5,0
79,42,79,5,1
79,43,79,5,1
79,44,79,5,4
79,45,79,5,11
79,46,79,5,7
79,47,79,5,7
79,48,79,5,10
79,49,79,5,3
79,50,79,5,4
79,51,79,5,1
79,52,79,5,4
79,53,79,5,0
79,54,80,5,0
79,55,79,5,0
79,56,79,5,3
79,57,79,5,3
79,58,79,5,6
79,59,79,5,7
79,60,79,5,2
79,61,79,5,14
79,62,79,5,13
79,63,79,5,10
79,64,79,5,4
79,65,79,5,12
79,66,79,5,9
79,67,79,5,2
79,68,79,5,2
79,69,79,5,3
79,70,79,5,3
79,71,79,5,6
79,72,79,5,9
79,73,79,5,9
79,74,79,5,1
79,75,79,5,16
79,76,79,5,4
79,77,79,5,8
79,78,79,5,3
79,79,79,5,3
79,80,79,5,2
79,81,79,5,15
79,82,79,5,1
79,83,79,5,1
79,84,79,5,4
79,85,79,5,0
79,86,81,9,16
79,87,80,5,16
79,88,79,5,16
79,89,79,5,6
79,90,79,5,6
79,91,79,5,6
79,92,79,5,8
79,93,79,5,0
79,94,79,5,16
79,95,80,5,4
79,96,79,5,4
79,97,79,5,4
79,98,79,5,17
79,99,79,5,2
79,100,79,5,2
80,1,80,5,9
80,2,80,5,3
80,3,80,5,1
80,4,80,5,8
80,5,80,5,2
80,6,80,5,8
80,7,81,9,0
80,8,80,5,0
80,9,80,5,1
80,10,80,5,1
80,11,80,5,12
80,12,80,5,2
80,13,80,5,2
80,14,80,5,7
80,15,80,5,3
80,16,80,5,3
80,17,80,5,9
80,18,80,5,4
80,19,80,5,4
80,20,80,5,0
80,21,80,5,11
80,22,80,5,3
80,23,80,5,3
80,24,80,5,3
80,25,80,5,9
80,26,80,5,2
80,27,80,5,2
80,28,80,5,8
80,29,80,5,1
80,30,80,5,3
80,31,81,9,0
80,32,80,5,0
80,33,80,5,9
80,34,80,5,12
80,35,80,5,2
80,36,80,5,6
80,37,80,5,13
80,38,80,5,13
80,39,81,9,0
80,40,80,5,0
80,41,80,5,1
80,42,80,5,1
80,43,80,5,4
80,44,80,5,11
80,45,80,5,7
80,46,80,5,7
80,47,80,5,10
80,48,80,5,3
80,49,80,5,4
80,50,80,5,1
80,51,80,5,4
80,52,80,5,0
80,53,81,9,0
80,54,80,5,0
80,55,80,5,3
80,56,80,5,3
80,57,80,5,6
80,58,80,5,7
80,59,80,5,2
80,60,80,5,14
80,61,80,5,13
80,62,80,5,10
80,63,80,5,4
80,64,80,5,12
80,65,80,5,9
80,66,80,5,2
80,67,80,5,2
80,68,80,5,3
80,69,80,5,3
80,70,80,5,6
80,71,80,5,9
80,72,80,5,9
80,73,80,5,1
80,74,80,5,16
80,75,80,5,4
80,76,80,5,8
80,77,80,5,3
80,78,80,5,3
80,79,80,5,2
80,80,80,5,15
80,81,80,5,1
80,82,80,5,1
80,83,80,5,4
80,84,80,5,0
80,85,81,9,5
80,86,81,9,16
80,87,80,5,16
80,88,80,5,6
80,89,80,5,6
80,90,80,5,6
80,91,80,5,8
80,92,80,5,0
80,93,80,5,16
80,94,81,9,4
80,95,80,5,4
80,96,80,5,4
80,97,80,5,17
80,98,80,5,2
80,99,80,5,2
80,100,80,5,7
81,1,81,9,3
81,2,81,9,1
81,3,81,9,8
81,4,81,9,2
81,5,81,9,8
81,6,81,9,5
81,7,81,9,0
81,8,81,9,1
81,9,81,9,1
81,10,81,9,12
81,11,81,9,2
81,12,81,9,2
81,13,81,9,7
81,14,81,9,3
81,15,81,9,3
81,16,82,3,4
81,17,81,9,4
81,18,81,9,4
81,19,81,9,0
81,20,81,9,11
81,21,81,9,3
81,22,81,9,3
81,23,81,9,3
81,24,82,3,2
81,25,81,9,2
81,26,81,9,2
81,27,81,9,8
81,28,81,9,1
81,29,81,9,3
81,30,81,9,5
81,31,81,9,0
81,32,82,3,12
81,33,81,9,12
81,34,81,9,2
81,35,81,9,6
81,36,81,9,13
81,37,81,9,13
81,38,81,9,5
81,39,81,9,0
81,40,81,9,1
81,41,81,9,1
81,42,81,9,4
81,43,81,9,11
81,44,81,9,7
81,45,81,9,7
81,46,81,9,10
81,47,81,9,3
81,48,81,9,4
81,49,81,9,1
81,50,81,9,4
81,51,81,9,0
81,52,81,9,5
81,53,81,9,0
81,54,81,9,3
81,55,81,9,3
81,56,81,9,6
81,57,81,9,7
81,58,81,9,2
81,59,81,9,14
81,60,81,9,13
81,61,81,9,10
81,62,81,9,4
81,63,81,9,12
81,64,82,3,2
81,65,81,9,2
81,66,81,9,2
81,67,81,9,3
81,68,81,9,3
81,69,81,9,6
81,70,82,3,9
81,71,82,3,1
81,72,81,9,1
81,73,81,9,16
81,74,81,9,4
81,75,81,9,8
81,76,81,9,3
81,77,81,9,3
81,78,81,9,2
81,79,81,9,15
81,80,81,9,1
81,81,81,9,1
81,82,81,9,4
81,83,81,9,0
81,84,81,9,5
81,85,81,9,5
81,86,81,9,16
81,87,81,9,6
81,88,81,9,6
81,89,81,9,6
81,90,81,9,8
81,91,81,9,0
81,92,81,9,16
81,93,81,9,5
81,94,81,9,4
81,95,81,9,4
81,96,81,9,17
81,97,81,9,2
81,98,81,9,2
81,99,81,9,7
81,100,81,9,14
82,1,82,3,1
82,2,82,3,8
82,3,82,3,2
82,4,82,3,8
82,5,82,3,5
82,6,82,3,0
82,7,82,3,1
82,8,82,3,1
82,9,82,3,12
82,10,82,3,2
82,11,82,3,2
82,12,82,3,7
82,13,83,1,3
82,14,83,1,9
82,15,82,3,9
82,16,82,3,4
82,17,82,3,4
82,18,82,3,0
82,19,82,3,11
82,20,83,1,3
82,21,83,1,3
82,22,83,1,9
82,23,82,3,9
82,24,82,3,2
82,25,82,3,2
82,26,82,3,8
82,27,82,3,1
82,28,83,1,5
82,29,82,3,5
82,30,82,3,0
82,31,82,3,9
82,32,82,3,12
82,33,82,3,2
82,34,82,3,6
82,35,82,3,13
82,36,82,3,13
82,37,82,3,5
82,38,82,3,0
82,39,82,3,1
82,40,82,3,1
82,41,82,3,4
82,42,82,3,11
82,43,82,3,7
82,44,82,3,7
82,45,82,3,10
82,46,83,1,4
82,47,82,3,4
82,48,82,3,1
82,49,82,3,4
82,50,82,3,0
82,51,82,3,5
82,52,82,3,0
82,53,83,1,3
82,54,83,1,6
82,55,82,3,6
82,56,82,3,7
82,57,82,3,2
82,58,82,3,14
82,59,82,3,13
82,60,82,3,10
82,61,82,3,4
82,62,82,3,12
82,63,82,3,9
82,64,82,3,2
82,65,82,3,2
82,66,83,1,3
82,67,83,1,6
82,68,82,3,6
82,69,82,3,9
82,70,82,3,9
82,71,82,3,1
82,72,82,3,16
82,73,82,3,4
82,74,82,3,8
82,75,83,1,3
82,76,83,1,2
82,77,82,3,2
82,78,82,3,15
82,79,82,3,1
82,80,82,3,1
82,81,82,3,4
82,82,82,3,0
82,83,82,3,5
82,84,82,3,5
82,85,82,3,16
82,86,82,3,6
82,87,82,3,6
82,88,82,3,6
82,89,82,3,8
82,90,82,3,0
82,91,82,3,16
82,92,82,3,5
82,93,82,3,4
82,94,82,3,4
82,95,82,3,17
82,96,82,3,2
82,97,82,3,2
82,98,82,3,7
82,99,82,3,14
82,100,82,3,6
83,1,83,1,8
83,2,83,1,2
83,3,83,1,8
83,4,83,1,5
83,5,83,1,0
83,6,84,8,1
83,7,84,8,12
83,8,83,1,12
83,9,83,1,2
83,10,83,1,2
83,11,83,1,7
83,12,83,1,3
83,13,83,1,3
83,14,83,1,9
83,15,83,1,4
83,16,83,1,4
83,17,83,1,0
83,18,83,1,11
83,19,83,1,3
83,20,83,1,3
83,21,83,1,3
83,22,83,1,9
83,23,83,1,2
83,24,83,1,2
83,25,83,1,8
83,26,84,8,3
83,27,83,1,3
83,28,83,1,5
83,29,83,1,0
83,30,83,1,9
83,31,83,1,12
83,32,83,1,2
83,33,83,1,6
83,34,83,1,13
83,35,83,1,13
83,36,83,1,5
83,37,83,1,0
83,38,84,8,1
83,39,84,8,4
83,40,83,1,4
83,41,83,1,11
83,42,83,1,7
83,43,83,1,7
83,44,83,1,10
83,45,83,1,3
83,46,83,1,4
83,47,84,8,4
83,48,83,1,4
83,49,83,1,0
83,50,83,1,5
83,51,83,1,0
83,52,83,1,3
83,53,83,1,3
83,54,83,1,6
83,55,83,1,7
83,56,83,1,2
83,57,83,1,14
83,58,83,1,13
83,59,83,1,10
83,60,83,1,4
83,61,83,1,12
83,62,83,1,9
83,63,83,1,2
83,64,83,1,2
83,65,83,1,3
83,66,83,1,3
83,67,83,1,6
83,68,83,1,9
83,69,83,1,9
83,70,84,8,16
83,71,83,1,16
83,72,83,1,4
83,73,83,1,8
83,74,83,1,3
83,75,83,1,3
83,76,83,1,2
83,77,83,1,15
83,78,84,8,1
83,79,84,8,4
83,80,83,1,4
83,81,83,1,0
83,82,83,1,5
83,83,83,1,5
83,84,83,1,16
83,85,83,1,6
83,86,83,1,6
83,87,83,1,6
83,88,83,1,8
83,89,83,1,0
83,90,83,1,16
83,91,83,1,5
83,92,83,1,4
83,93,83,1,4
83,94,83,1,17
83,95,83,1,2
83,96,83,1,2
83,97,83,1,7
83,98,83,1,14
83,99,83,1,6
83,100,83,1,10
84,1,84,8,2
84,2,85,2,5
84,3,84,8,5
84,4,84,8,0
84,5,84,8,1
84,6,84,8,1
84,7,84,8,12
84,8,84,8,2
84,9,84,8,2
84,10,84,8,7
84,11,84,8,3
84,12,84,8,3
84,13,84,8,9
84,14,84,8,4
84,15,84,8,4
84,16,84,8,0
84,17,84,8,11
84,18,84,8,3
84,19,84,8,3
84,20,84,8,3
84,21,84,8,9
84,22,84,8,2
84,23,84,8,2
84,24,85,2,1
84,25,84,8,1
84,26,84,8,3
84,27,84,8,5
84,28,84,8,0
84,29,84,8,9
84,30,84,8,12
84,31,84,8,2
84,32,84,8,6
84,33,84,8,13
84,34,84,8,13
84,35,84,8,5
84,36,84,8,0
84,37,84,8,1
84,38,84,8,1
84,39,84,8,4
84,40,84,8,11
84,41,84,8,7
84,42,84,8,7
84,43,84,8,10
84,44,84,8,3
84,45,84,8,4
84,46,84,8,1
84,47,84,8,4
84,48,84,8,0
84,49,84,8,5
84,50,84,8,0
84,51,84,8,3
84,52,84,8,3
84,53,84,8,6
84,54,84,8,7
84,55,84,8,2
84,56,84,8,14
84,57,84,8,13
84,58,84,8,10
84,59,84,8,4
84,60,84,8,12
84,61,84,8,9
84,62,84,8,2
84,63,84,8,2
84,64,84,8,3
84,65,84,8,3
84,66,84,8,6
84,67,84,8,9
84,68,84,8,9
84,69,84,8,1
84,70,84,8,16
84,71,84,8,4
84,72,85,2,3
84,73,84,8,3
84,74,84,8,3
84,75,84,8,2
84,76,84,8,15
84,77,84,8,1
84,78,84,8,1
84,79,84,8,4
84,80,84,8,0
84,81,84,8,5
84,82,84,8,5
84,83,84,8,16
84,84,84,8,6
84,85,84,8,6
84,86,84,8,6
84,87,85,2,0
84,88,84,8,0
84,89,84,8,16
84,90,84,8,5
84,91,84,8,4
84,92,84,8,4
84,93,84,8,17
84,94,84,8,2
84,95,84,8,2
84,96,84,8,7
84,97,84,8,14
84,98,84,8,6
84,99,84,8,10
84,100,84,8,12
85,1,85,2,8
85,2,85,2,5
85,3,85,2,0
85,4,85,2,1
85,5,85,2,1
85,6,85,2,12
85,7,86,8,2
85,8,86,8,7
85,9,85,2,7
85,10,85,2,3
85,11,85,2,3
85,12,85,2,9
85,13,85,2,4
85,14,85,2,4
85,15,85,2,0
85,16,85,2,11
85,17,85,2,3
85,18,85,2,3
85,19,85,2,3
85,20,85,2,9
85,21,86,8,2
85,22,87,5,1
85,23,85,2,8
85,24,85,2,1
85,25,85,2,3
85,26,85,2,5
85,27,85,2,0
85,28,85,2,9
85,29,85,2,12
85,30,86,8,6
85,31,85,2,6
85,32,85,2,13
85,33,85,2,13
85,34,85,2,5
85,35,85,2,0
85,36,85,2,1
85,37,85,2,1
85,38,85,2,4
85,39,85,2,11
85,40,85,2,7
85,41,85,2,7
85,42,85,2,10
85,43,85,2,3
85,44,85,2,4
85,45,85,2,1
85,46,85,2,4
85,47,85,2,0
85,48,85,2,5
85,49,85,2,0
85,50,85,2,3
85,51,85,2,3
85,52,85,2,6
85,53,85,2,7
85,54,86,8,14
85,55,85,2,14
85,56,85,2,13
85,57,85,2,10
85,58,85,2,4
85,59,85,2,12
85,60,85,2,9
85,61,86,8,2
85,62,86,8,3
85,63,85,2,3
85,64,85,2,3
85,65,85,2,6
85,66,85,2,9
85,67,85,2,9
85,68,85,2,1
85,69,85,2,16
85,70,85,2,4
85,71,85,2,8
85,72,85,2,3
85,73,85,2,3
85,74,86,8,15
85,75,85,2,15
85,76,85,2,1
85,77,85,2,1
85,78,85,2,4
85,79,85,2,0
85,80,85,2,5
85,81,85,2,5
85,82,85,2,16
85,83,85,2,6
85,84,85,2,6
85,85,85,2,6
85,86,85,2,8
85,87,85,2,0
85,88,85,2,16
85,89,85,2,5
85,90,85,2,4
85,91,85,2,4
85,92,85,2,17
85,93,86,8,2
85,94,86,8,7
85,95,85,2,7
85,96,85,2,14
85,97,85,2,6
85,98,85,2,10
85,99,85,2,12
85,100,85,2,1
86,1,86,8,5
86,2,86,8,0
86,3,86,8,1
86,4,86,8,1
86,5,86,8,12
86,6,86,8,2
86,7,86,8,2
86,8,86,8,7
86,9,86,8,3
86,10,86,8,3
86,11,86,8,9
86,12,86,8,4
86,13,86,8,4
86,14,86,8,0
86,15,86,8,11
86,16,86,8,3
86,17,86,8,3
86,18,86,8,3
86,19,86,8,9
86,20,86,8,2
86,21,86,8,2
86,22,87,5,1
86,23,86,8,1
86,24,86,8,3
86,25,86,8,5
86,26,86,8,0
86,27,86,8,9
86,28,86,8,12
86,29,86,8,2
86,30,86,8,6
86,31,86,8,13
86,32,86,8,13
86,33,86,8,5
86,34,86,8,0
86,35,86,8,1
86,36,86,8,1
86,37,86,8,4
86,38,86,8,11
86,39,86,8,7
86,40,86,8,7
86,41,86,8,10
86,42,86,8,3
86,43,86,8,4
86,44,86,8,1
86,45,86,8,4
86,46,86,8,0
86,47,86,8,5
86,48,86,8,0
86,49,86,8,3
86,50,86,8,3
86,51,86,8,6
86,52,86,8,7
86,53,86,8,2
86,54,86,8,14
86,55,86,8,13
86,56,86,8,10
86,57,86,8,4
86,58,86,8,12
86,59,86,8,9
86,60,86,8,2
86,61,86,8,2
86,62,86,8,3
86,63,86,8,3
86,64,86,8,6
86,65,86,8,9
86,66,86,8,9
86,67,86,8,1
86,68,86,8,16
86,69,86,8,4
86,70,87,5,3
86,71,86,8,3
86,72,86,8,3
86,73,86,8,2
86,74,86,8,15
86,75,86,8,1
86,76,86,8,1
86,77,86,8,4
86,78,86,8,0
86,79,86,8,5
86,80,86,8,5
86,81,86,8,16
86,82,86,8,6
86,83,86,8,6
86,84,86,8,6
86,85,87,5,0
86,86,86,8,0
86,87,86,8,16
86,88,86,8,5
86,89,86,8,4
86,90,86,8,4
86,91,86,8,17
86,92,86,8,2
86,93,86,8,2
86,94,86,8,7
86,95,86,8,14
86,96,86,8,6
86,97,86,8,10
86,98,86,8,12
86,99,86,8,1
86,100,86,8,0
87,1,87,5,0
87,2,87,5,1
87,3,87,5,1
87,4,87,5,12
87,5,87,5,2
87,6,87,5,2
87,7,87,5,7
87,8,87,5,3
87,9,87,5,3
87,10,87,5,9
87,11,87,5,4
87,12,87,5,4
87,13,87,5,0
87,14,87,5,11
87,15,87,5,3
87,16,87,5,3
87,17,87,5,3
87,18,87,5,9
87,19,87,5,2
87,20,87,5,2
87,21,87,5,8
87,22,87,5,1
87,23,87,5,3
87,24,89,1,9
87,25,87,5,0
87,26,87,5,9
87,27,87,5,12
87,28,87,5,2
87,29,87,5,6
87,30,87,5,13
87,31,87,5,13
87,32,91,12,4
87,33,87,5,0
87,34,87,5,1
87,35,87,5,1
87,36,87,5,4
87,37,87,5,11
87,38,87,5,7
87,39,87,5,7
87,40,87,5,10
87,41,87,5,3
87,42,87,5,4
87,43,87,5,1
87,44,87,5,4
87,45,87,5,0
87,46,89,1,3
87,47,87,5,0
87,48,87,5,3
87,49,87,5,3
87,50,87,5,6
87,51,87,5,7
87,52,87,5,2
87,53,87,5,14
87,54,87,5,13
87,55,87,5,10
87,56,87,5,4
87,57,87,5,12
87,58,87,5,9
87,59,87,5,2
87,60,87,5,2
87,61,87,5,3
87,62,87,5,3
87,63,87,5,6
87,64,87,5,9
87,65,87,5,9
87,66,87,5,1
87,67,87,5,16
87,68,87,5,4
87,69,87,5,8
87,70,87,5,3
87,71,87,5,3
87,72,87,5,2
87,73,87,5,15
87,74,87,5,1
87,75,87,5,1
87,76,87,5,4
87,77,87,5,0
87,78,88,0,5
87,79,88,0,16
87,80,87,5,16
87,81,87,5,6
87,82,87,5,6
87,83,87,5,6
87,84,87,5,8
87,85,87,5,0
87,86,87,5,16
87,87,88,0,4
87,88,87,5,4
87,89,87,5,4
87,90,87,5,17
87,91,87,5,2
87,92,87,5,2
87,93,87,5,7
87,94,87,5,14
87,95,87,5,6
87,96,87,5,10
87,97,87,5,12
87,98,87,5,1
87,99,87,5,0
87,100,87,5,16
88,1,88,0,1
88,2,88,0,1
88,3,88,0,12
88,4,88,0,2
88,5,88,0,2
88,6,88,0,7
88,7,88,0,3
88,8,88,0,3
88,9,88,0,9
88,10,88,0,4
88,11,88,0,4
88,12,89,1,11
88,13,88,0,11
88,14,88,0,3
88,15,88,0,3
88,16,88,0,3
88,17,88,0,9
88,18,88,0,2
88,19,88,0,2
88,20,88,0,8
88,21,88,0,1
88,22,88,0,3
88,23,88,0,5
88,24,89,1,9
88,25,88,0,9
88,26,88,0,12
88,27,88,0,2
88,28,88,0,6
88,29,88,0,13
88,30,88,0,13
88,31,88,0,5
88,32,91,12,4
88,33,88,0,1
88,34,88,0,1
88,35,88,0,4
88,36,88,0,11
88,37,88,0,7
88,38,88,0,7
88,39,88,0,10
88,40,88,0,3
88,41,88,0,4
88,42,88,0,1
88,43,88,0,4
88,44,89,1,5
88,45,88,0,5
88,46,89,1,3
88,47,88,0,3
88,48,88,0,3
88,49,88,0,6
88,50,88,0,7
88,51,88,0,2
88,52,88,0,14
88,53,88,0,13
88,54,88,0,10
88,55,88,0,4
88,56,88,0,12
88,57,88,0,9
88,58,88,0,2
88,59,88,0,2
88,60,88,0,3
88,61,88,0,3
88,62,88,0,6
88,63,88,0,9
88,64,88,0,9
88,65,88,0,1
88,66,88,0,16
88,67,88,0,4
88,68,88,0,8
88,69,88,0,3
88,70,88,0,3
88,71,88,0,2
88,72,88,0,15
88,73,88,0,1
88,74,88,0,1
88,75,88,0,4
88,76,89,1,5
88,77,88,0,5
88,78,88,0,5
88,79,88,0,16
88,80,88,0,6
88,81,88,0,6
88,82,88,0,6
88,83,88,0,8
88,84,89,1,16
88,85,88,0,16
88,86,88,0,5
88,87,88,0,4
88,88,88,0,4
88,89,88,0,17
88,90,88,0,2
88,91,88,0,2
88,92,88,0,7
88,93,88,0,14
88,94,88,0,6
88,95,88,0,10
88,96,88,0,12
88,97,88,0,1
88,98,89,1,16
88,99,88,0,16
88,100,88,0,13
89,1,90,1,12
89,2,89,1,12
89,3,89,1,2
89,4,89,1,2
89,5,89,1,7
89,6,89,1,3
89,7,89,1,3
89,8,89,1,9
89,9,89,1,4
89,10,89,1,4
89,11,89,1,0
89,12,89,1,11
89,13,89,1,3
89,14,89,1,3
89,15,89,1,3
89,16,89,1,9
89,17,89,1,2
89,18,89,1,2
89,19,89,1,8
89,20,90,1,3
89,21,89,1,3
89,22,89,1,5
89,23,89,1,0
89,24,89,1,9
89,25,89,1,12
89,26,89,1,2
89,27,89,1,6
89,28,89,1,13
89,29,89,1,13
89,30,89,1,5
89,31,89,1,0
89,32,91,12,4
89,33,90,1,4
89,34,89,1,4
89,35,89,1,11
89,36,89,1,7
89,37,89,1,7
89,38,89,1,10
89,39,89,1,3
89,40,89,1,4
89,41,90,1,4
89,42,89,1,4
89,43,89,1,0
89,44,89,1,5
89,45,89,1,0
89,46,89,1,3
89,47,89,1,3
89,48,89,1,6
89,49,89,1,7
89,50,89,1,2
89,51,89,1,14
89,52,89,1,13
89,53,89,1,10
89,54,89,1,4
89,55,89,1,12
89,56,89,1,9
89,57,89,1,2
89,58,89,1,2
89,59,89,1,3
89,60,89,1,3
89,61,89,1,6
89,62,89,1,9
89,63,89,1,9
89,64,90,1,16
89,65,89,1,16
89,66,89,1,4
89,67,89,1,8
89,68,89,1,3
89,69,89,1,3
89,70,89,1,2
89,71,89,1,15
89,72,91,12,4
89,73,90,1,4
89,74,89,1,4
89,75,89,1,0
89,76,89,1,5
89,77,89,1,5
89,78,89,1,16
89,79,89,1,6
89,80,89,1,6
89,81,89,1,6
89,82,89,1,8
89,83,89,1,0
89,84,89,1,16
89,85,89,1,5
89,86,89,1,4
89,87,89,1,4
89,88,89,1,17
89,89,89,1,2
89,90,89,1,2
89,91,89,1,7
89,92,89,1,14
89,93,89,1,6
89,94,89,1,10
89,95,89,1,12
89,96,90,1,0
89,97,89,1,0
89,98,89,1,16
89,99,89,1,13
89,100,89,1,3
90,1,90,1,12
90,2,90,1,2
90,3,90,1,2
90,4,90,1,7
90,5,90,1,3
90,6,90,1,3
90,7,90,1,9
90,8,90,1,4
90,9,90,1,4
90,10,90,1,0
90,11,90,1,11
90,12,90,1,3
90,13,90,1,3
90,14,90,1,3
90,15,90,1,9
90,16,90,1,2
90,17,90,1,2
90,18,90,1,8
90,19,91,12,3
90,20,90,1,3
90,21,90,1,5
90,22,90,1,0
90,23,90,1,9
90,24,90,1,12
90,25,90,1,2
90,26,90,1,6
90,27,90,1,13
90,28,90,1,13
90,29,90,1,5
90,30,90,1,0
90,31,91,12,1
90,32,91,12,4
90,33,90,1,4
90,34,90,1,11
90,35,90,1,7
90,36,90,1,7
90,37,90,1,10
90,38,90,1,3
90,39,90,1,4
90,40,91,12,4
90,41,90,1,4
90,42,90,1,0
90,43,90,1,5
90,44,90,1,0
90,45,90,1,3
90,46,90,1,3
90,47,90,1,6
90,48,90,1,7
90,49,90,1,2
90,50,90,1,14
90,51,90,1,13
90,52,90,1,10
90,53,90,1,4
90,54,90,1,12
90,55,90,1,9
90,56,90,1,2
90,57,90,1,2
90,58,90,1,3
90,59,90,1,3
90,60,90,1,6
90,61,90,1,9
90,62,90,1,9
90,63,91,12,16
90,64,90,1,16
90,65,90,1,4
90,66,90,1,8
90,67,90,1,3
90,68,90,1,3
90,69,90,1,2
90,70,90,1,15
90,71,91,12,1
90,72,91,12,4
90,73,90,1,4
90,74,90,1,0
90,75,90,1,5
90,76,90,1,5
90,77,90,1,16
90,78,90,1,6
90,79,90,1,6
90,80,90,1,6
90,81,90,1,8
90,82,90,1,0
90,83,90,1,16
90,84,90,1,5
90,85,90,1,4
90,86,90,1,4
90,87,90,1,17
90,88,90,1,2
90,89,90,1,2
90,90,90,1,7
90,91,90,1,14
90,92,90,1,6
90,93,90,1,10
90,94,90,1,12
90,95,91,12,0
90,96,90,1,0
90,97,90,1,16
90,98,90,1,13
90,99,90,1,3
90,100,90,1,6
91,1,91,12,2
91,2,91,12,2
91,3,91,12,7
91,4,91,12,3
91,5,91,12,3
91,6,91,12,9
91,7,91,12,4
91,8,91,12,4
91,9,91,12,0
91,10,91,12,11
91,11,91,12,3
91,12,91,12,3
91,13,91,12,3
91,14,91,12,9
91,15,91,12,2
91,16,91,12,2
91,17,91,12,8
91,18,91,12,1
91,19,91,12,3
91,20,91,12,5
91,21,91,12,0
91,22,91,12,9
91,23,93,2,6
91,24,91,12,2
91,25,91,12,6
91,26,91,12,13
91,27,91,12,13
91,28,91,12,5
91,29,91,12,0
91,30,91,12,1
91,31,91,12,1
91,32,91,12,4
91,33,91,12,11
91,34,91,12,7
91,35,91,12,7
91,36,91,12,10
91,37,91,12,3
91,38,91,12,4
91,39,91,12,1
91,40,91,12,4
91,41,91,12,0
91,42,91,12,5
91,43,91,12,0
91,44,91,12,3
91,45,91,12,3
91,46,91,12,6
91,47,91,12,7
91,48,91,12,2
91,49,91,12,14
91,50,91,12,13
91,51,91,12,10
91,52,91,12,4
91,53,92,2,9
91,54,91,12,9
91,55,91,12,2
91,56,91,12,2
91,57,91,12,3
91,58,91,12,3
91,59,91,12,6
91,60,91,12,9
91,61,91,12,9
91,62,91,12,1
91,63,91,12,16
91,64,91,12,4
91,65,91,12,8
91,66,91,12,3
91,67,91,12,3
91,68,91,12,2
91,69,91,12,15
91,70,91,12,1
91,71,91,12,1
91,72,91,12,4
91,73,91,12,0
91,74,91,12,5
91,75,91,12,5
91,76,91,12,16
91,77,91,12,6
91,78,91,12,6
91,79,91,12,6
91,80,91,12,8
91,81,91,12,0
91,82,91,12,16
91,83,91,12,5
91,84,91,12,4
91,85,91,12,4
91,86,91,12,17
91,87,91,12,2
91,88,91,12,2
91,89,91,12,7
91,90,91,12,14
91,91,91,12,6
91,92,91,12,10
91,93,92,2,1
91,94,91,12,1
91,95,91,12,0
91,96,91,12,16
91,97,91,12,13
91,98,91,12,3
91,99,91,12,6
91,100,91,12,2
92,1,93,2,7
92,2,92,2,7
92,3,92,2,3
92,4,92,2,3
92,5,92,2,9
92,6,92,2,4
92,7,92,2,4
92,8,92,2,0
92,9,92,2,11
92,10,92,2,3
92,11,92,2,3
92,12,92,2,3
92,13,92,2,9
92,14,94,7,8
92,15,93,2,8
92,16,92,2,8
92,17,92,2,1
92,18,92,2,3
92,19,92,2,5
92,20,92,2,0
92,21,92,2,9
92,22,92,2,12
92,23,93,2,6
92,24,92,2,6
92,25,92,2,13
92,26,92,2,13
92,27,92,2,5
92,28,92,2,0
92,29,92,2,1
92,30,92,2,1
92,31,92,2,4
92,32,92,2,11
92,33,92,2,7
92,34,92,2,7
92,35,92,2,10
92,36,92,2,3
92,37,92,2,4
92,38,92,2,1
92,39,92,2,4
92,40,92,2,0
92,41,92,2,5
92,42,92,2,0
92,43,92,2,3
92,44,92,2,3
92,45,92,2,6
92,46,92,2,7
92,47,93,2,14
92,48,92,2,14
92,49,92,2,13
92,50,92,2,10
92,51,92,2,4
92,52,92,2,12
92,53,92,2,9
92,54,94,7,3
92,55,93,2,3
92,56,92,2,3
92,57,92,2,3
92,58,92,2,6
92,59,92,2,9
92,60,92,2,9
92,61,92,2,1
92,62,92,2,16
92,63,92,2,4
92,64,92,2,8
92,65,92,2,3
92,66,92,2,3
92,67,93,2,15
92,68,92,2,15
92,69,92,2,1
92,70,92,2,1
92,71,92,2,4
92,72,92,2,0
92,73,92,2,5
92,74,92,2,5
92,75,92,2,16
92,76,92,2,6
92,77,92,2,6
92,78,92,2,6
92,79,92,2,8
92,80,92,2,0
92,81,92,2,16
92,82,92,2,5
92,83,92,2,4
92,84,92,2,4
92,85,92,2,17
92,86,95,3,14
92,87,93,2,7
92,88,92,2,7
92,89,92,2,14
92,90,92,2,6
92,91,92,2,10
92,92,92,2,12
92,93,92,2,1
92,94,92,2,0
92,95,92,2,16
92,96,92,2,13
92,97,92,2,3
92,98,92,2,6
92,99,93,2,7
92,100,92,2,7
93,1,93,2,7
93,2,93,2,3
93,3,93,2,3
93,4,93,2,9
93,5,93,2,4
93,6,93,2,4
93,7,93,2,0
93,8,93,2,11
93,9,93,2,3
93,10,93,2,3
93,11,93,2,3
93,12,93,2,9
93,13,94,7,2
93,14,94,7,8
93,15,93,2,8
93,16,93,2,1
93,17,93,2,3
93,18,93,2,5
93,19,93,2,0
93,20,93,2,9
93,21,93,2,12
93,22,94,7,6
93,23,93,2,6
93,24,93,2,13
93,25,93,2,13
93,26,93,2,5
93,27,93,2,0
93,28,93,2,1
93,29,93,2,1
93,30,93,2,4
93,31,93,2,11
93,32,93,2,7
93,33,93,2,7
93,34,93,2,10
93,35,93,2,3
93,36,93,2,4
93,37,93,2,1
93,38,93,2,4
93,39,93,2,0
93,40,93,2,5
93,41,93,2,0
93,42,93,2,3
93,43,93,2,3
93,44,93,2,6
93,45,93,2,7
93,46,94,7,14
93,47,93,2,14
93,48,93,2,13
93,49,93,2,10
93,50,93,2,4
93,51,93,2,12
93,52,93,2,9
93,53,94,7,2
93,54,94,7,3
93,55,93,2,3
93,56,93,2,3
93,57,93,2,6
93,58,93,2,9
93,59,93,2,9
93,60,93,2,1
93,61,93,2,16
93,62,93,2,4
93,63,93,2,8
93,64,93,2,3
93,65,93,2,3
93,66,94,7,15
93,67,93,2,15
93,68,93,2,1
93,69,93,2,1
93,70,93,2,4
93,71,93,2,0
93,72,93,2,5
93,73,93,2,5
93,74,93,2,16
93,75,93,2,6
93,76,93,2,6
93,77,93,2,6
93,78,93,2,8
93,79,93,2,0
93,80,93,2,16
93,81,93,2,5
93,82,93,2,4
93,83,93,2,4
93,84,93,2,17
93,85,94,7,2
93,86,95,3,14
93,87,93,2,7
93,88,93,2,14
93,89,93,2,6
93,90,93,2,10
93,91,93,2,12
93,92,93,2,1
93,93,93,2,0
93,94,93,2,16
93,95,93,2,13
93,96,93,2,3
93,97,93,2,6
93,98,95,3,7
93,99,93,2,7
93,100,93,2,7
94,1,94,7,3
94,2,94,7,3
94,3,94,7,9
94,4,94,7,4
94,5,94,7,4
94,6,94,7,0
94,7,94,7,11
94,8,94,7,3
94,9,94,7,3
94,10,94,7,3
94,11,94,7,9
94,12,94,7,2
94,13,94,7,2
94,14,94,7,8
94,15,94,7,1
94,16,94,7,3
94,17,94,7,5
94,18,94,7,0
94,19,94,7,9
94,20,94,7,12
94,21,94,7,2
94,22,94,7,6
94,23,94,7,13
94,24,94,7,13
94,25,94,7,5
94,26,94,7,0
94,27,94,7,1
94,28,94,7,1
94,29,94,7,4
94,30,94,7,11
94,31,95,3,7
94,32,95,3,10
94,33,94,7,10
94,34,94,7,3
94,35,94,7,4
94,36,94,7,1
94,37,94,7,4
94,38,94,7,0
94,39,94,7,5
94,40,94,7,0
94,41,94,7,3
94,42,94,7,3
94,43,94,7,6
94,44,95,3,2
94,45,94,7,2
94,46,94,7,14
94,47,94,7,13
94,48,94,7,10
94,49,94,7,4
94,50,94,7,12
94,51,94,7,9
94,52,94,7,2
94,53,94,7,2
94,54,94,7,3
94,55,94,7,3
94,56,94,7,6
94,57,94,7,9
94,58,94,7,9
94,59,94,7,1
94,60,94,7,16
94,61,94,7,4
94,62,94,7,8
94,63,94,7,3
94,64,94,7,3
94,65,94,7,2
94,66,94,7,15
94,67,94,7,1
94,68,94,7,1
94,69,94,7,4
94,70,94,7,0
94,71,94,7,5
94,72,94,7,5
94,73,94,7,16
94,74,94,7,6
94,75,94,7,6
94,76,94,7,6
94,77,94,7,8
94,78,94,7,0
94,79,94,7,16
94,80,94,7,5
94,81,94,7,4
94,82,94,7,4
94,83,94,7,17
94,84,94,7,2
94,85,94,7,2
94,86,95,3,14
94,87,94,7,14
94,88,94,7,6
94,89,94,7,10
94,90,94,7,12
94,91,94,7,1
94,92,94,7,0
94,93,94,7,16
94,94,94,7,13
94,95,94,7,3
94,96,94,7,6
94,97,94,7,2
94,98,95,3,7
94,99,95,3,8
94,100,94,7,8
95,1,96,3,9
95,2,95,3,9
95,3,95,3,4
95,4,95,3,4
95,5,95,3,0
95,6,95,3,11
95,7,97,9,3
95,8,98,4,2
95,9,96,3,9
95,10,95,3,9
95,11,95,3,2
95,12,95,3,2
95,13,95,3,8
95,14,95,3,1
95,15,96,3,5
95,16,95,3,5
95,17,95,3,0
95,18,95,3,9
95,19,95,3,12
95,20,95,3,2
95,21,95,3,6
95,22,95,3,13
95,23,95,3,13
95,24,95,3,5
95,25,95,3,0
95,26,95,3,1
95,27,95,3,1
95,28,95,3,4
95,29,95,3,11
95,30,95,3,7
95,31,95,3,7
95,32,95,3,10
95,33,96,3,4
95,34,95,3,4
95,35,95,3,1
95,36,95,3,4
95,37,95,3,0
95,38,95,3,5
95,39,95,3,0
95,40,97,9,6
95,41,96,3,6
95,42,95,3,6
95,43,95,3,7
95,44,95,3,2
95,45,95,3,14
95,46,95,3,13
95,47,95,3,10
95,48,95,3,4
95,49,95,3,12
95,50,95,3,9
95,51,95,3,2
95,52,95,3,2
95,53,97,9,6
95,54,96,3,6
95,55,95,3,6
95,56,95,3,9
95,57,95,3,9
95,58,95,3,1
95,59,95,3,16
95,60,95,3,4
95,61,95,3,8
95,62,97,9,2
95,63,96,3,2
95,64,95,3,2
95,65,95,3,15
95,66,95,3,1
95,67,95,3,1
95,68,95,3,4
95,69,95,3,0
95,70,95,3,5
95,71,95,3,5
95,72,95,3,16
95,73,95,3,6
95,74,95,3,6
95,75,95,3,6
95,76,95,3,8
95,77,95,3,0
95,78,95,3,16
95,79,95,3,5
95,80,95,3,4
95,81,95,3,4
95,82,95,3,17
95,83,95,3,2
95,84,95,3,2
95,85,95,3,7
95,86,95,3,14
95,87,95,3,6
95,88,95,3,10
95,89,95,3,12
95,90,95,3,1
95,91,95,3,0
95,92,95,3,16
95,93,95,3,13
95,94,96,3,6
95,95,95,3,6
95,96,95,3,2
95,97,95,3,7
95,98,95,3,7
95,99,95,3,8
95,100,95,3,1
96,1,96,3,9
96,2,96,3,4
96,3,96,3,4
96,4,96,3,0
96,5,96,3,11
96,6,97,9,3
96,7,97,9,3
96,8,98,4,2
96,9,96,3,9
96,10,96,3,2
96,11,96,3,2
96,12,96,3,8
96,13,96,3,1
96,14,97,9,5
96,15,96,3,5
96,16,96,3,0
96,17,96,3,9
96,18,96,3,12
96,19,96,3,2
96,20,96,3,6
96,21,96,3,13
96,22,96,3,13
96,23,96,3,5
96,24,96,3,0
96,25,96,3,1
96,26,96,3,1
96,27,96,3,4
96,28,96,3,11
96,29,96,3,7
96,30,96,3,7
96,31,96,3,10
96,32,97,9,4
96,33,96,3,4
96,34,96,3,1
96,35,96,3,4
96,36,96,3,0
96,37,96,3,5
96,38,96,3,0
96,39,97,9,3
96,40,97,9,6
96,41,96,3,6
96,42,96,3,7
96,43,96,3,2
96,44,96,3,14
96,45,96,3,13
96,46,96,3,10
96,47,96,3,4
96,48,96,3,12
96,49,96,3,9
96,50,96,3,2
96,51,96,3,2
96,52,97,9,3
96,53,97,9,6
96,54,96,3,6
96,55,96,3,9
96,56,96,3,9
96,57,96,3,1
96,58,96,3,16
96,59,96,3,4
96,60,96,3,8
96,61,97,9,3
96,62,97,9,2
96,63,96,3,2
96,64,96,3,15
96,65,96,3,1
96,66,96,3,1
96,67,96,3,4
96,68,96,3,0
96,69,96,3,5
96,70,96,3,5
96,71,96,3,16
96,72,96,3,6
96,73,96,3,6
96,74,96,3,6
96,75,96,3,8
96,76,96,3,0
96,77,96,3,16
96,78,96,3,5
96,79,96,3,4
96,80,96,3,4
96,81,96,3,17
96,82,96,3,2
96,83,96,3,2
96,84,96,3,7
96,85,96,3,14
96,86,96,3,6
96,87,96,3,10
96,88,96,3,12
96,89,96,3,1
96,90,96,3,0
96,91,96,3,16
96,92,96,3,13
96,93,97,9,6
96,94,96,3,6
96,95,96,3,2
96,96,96,3,7
96,97,96,3,7
96,98,96,3,8
96,99,96,3,1
96,100,96,3,0
97,1,97,9,4
97,2,97,9,4
97,3,97,9,0
97,4,97,9,11
97,5,97,9,3
97,6,97,9,3
97,7,97,9,3
97,8,98,4,2
97,9,97,9,2
97,10,97,9,2
97,11,97,9,8
97,12,97,9,1
97,13,97,9,3
97,14,97,9,5
97,15,97,9,0
97,16,98,4,12
97,17,97,9,12
97,18,97,9,2
97,19,97,9,6
97,20,97,9,13
97,21,97,9,13
97,22,97,9,5
97,23,97,9,0
97,24,97,9,1
97,25,97,9,1
97,26,97,9,4
97,27,97,9,11
97,28,97,9,7
97,29,97,9,7
97,30,97,9,10
97,31,97,9,3
97,32,97,9,4
97,33,97,9,1
97,34,97,9,4
97,35,97,9,0
97,36,97,9,5
97,37,97,9,0
97,38,97,9,3
97,39,97,9,3
97,40,97,9,6
97,41,97,9,7
97,42,97,9,2
97,43,97,9,14
97,44,97,9,13
97,45,97,9,10
97,46,97,9,4
97,47,97,9,12
97,48,98,4,2
97,49,97,9,2
97,50,97,9,2
97,51,97,9,3
97,52,97,9,3
97,53,97,9,6
97,54,98,4,9
97,55,98,4,1
97,56,97,9,1
97,57,97,9,16
97,58,97,9,4
97,59,97,9,8
97,60,97,9,3
97,61,97,9,3
97,62,97,9,2
97,63,97,9,15
97,64,97,9,1
97,65,97,9,1
97,66,97,9,4
97,67,97,9,0
97,68,97,9,5
97,69,97,9,5
97,70,97,9,16
97,71,97,9,6
97,72,97,9,6
97,73,97,9,6
97,74,97,9,8
97,75,97,9,0
97,76,97,9,16
97,77,97,9,5
97,78,97,9,4
97,79,97,9,4
97,80,97,9,17
97,81,97,9,2
97,82,97,9,2
97,83,97,9,7
97,84,97,9,14
97,85,97,9,6
97,86,97,9,10
97,87,97,9,12
97,88,97,9,1
97,89,97,9,0
97,90,97,9,16
97,91,97,9,13
97,92,97,9,3
97,93,97,9,6
97,94,97,9,2
97,95,97,9,7
97,96,97,9,7
97,97,97,9,8
97,98,97,9,1
97,99,97,9,0
97,100,97,9,5
98,1,99,4,0
98,2,98,4,0
98,3,98,4,11
98,4,98,4,3
98,5,98,4,3
98,6,98,4,3
98,7,98,4,9
98,8,98,4,2
98,9,98,4,2
98,10,98,4,8
98,11,98,4,1
98,12,98,4,3
98,13,98,4,5
98,14,98,4,0
98,15,98,4,9
98,16,98,4,12
98,17,98,4,2
98,18,98,4,6
98,19,98,4,13
98,20,98,4,13
98,21,98,4,5
98,22,98,4,0
98,23,98,4,1
98,24,98,4,1
98,25,99,4,11
98,26,98,4,11
98,27,98,4,7
98,28,98,4,7
98,29,98,4,10
98,30,98,4,3
98,31,99,4,1
98,32,98,4,1
98,33,99,4,0
98,34,98,4,0
98,35,98,4,5
98,36,98,4,0
98,37,98,4,3
98,38,98,4,3
98,39,98,4,6
98,40,98,4,7
98,41,98,4,2
98,42,98,4,14
98,43,98,4,13
98,44,98,4,10
98,45,99,4,12
98,46,98,4,12
98,47,98,4,9
98,48,98,4,2
98,49,98,4,2
98,50,98,4,3
98,51,98,4,3
98,52,98,4,6
98,53,98,4,9
98,54,98,4,9
98,55,98,4,1
98,56,98,4,16
98,57,99,4,8
98,58,98,4,8
98,59,98,4,3
98,60,98,4,3
98,61,98,4,2
98,62,98,4,15
98,63,98,4,1
98,64,98,4,1
98,65,99,4,0
98,66,98,4,0
98,67,98,4,5
98,68,98,4,5
98,69,98,4,16
98,70,98,4,6
98,71,98,4,6
98,72,98,4,6
98,73,98,4,8
98,74,98,4,0
98,75,98,4,16
98,76,98,4,5
98,77,100,0,17
98,78,99,4,17
98,79,98,4,17
98,80,98,4,2
98,81,98,4,2
98,82,98,4,7
98,83,98,4,14
98,84,98,4,6
98,85,98,4,10
98,86,98,4,12
98,87,98,4,1
98,88,98,4,0
98,89,98,4,16
98,90,98,4,13
98,91,98,4,3
98,92,98,4,6
98,93,98,4,2
98,94,98,4,7
98,95,98,4,7
98,96,98,4,8
98,97,98,4,1
98,98,98,4,0
98,99,98,4,5
98,100,98,4,17
99,1,99,4,0
99,2,99,4,11
99,3,99,4,3
99,4,99,4,3
99,5,99,4,3
99,6,99,4,9
99,7,99,4,2
99,8,99,4,2
99,9,99,4,8
99,10,99,4,1
99,11,99,4,3
99,12,99,4,5
99,13,99,4,0
99,14,99,4,9
99,15,99,4,12
99,16,99,4,2
99,17,99,4,6
99,18,99,4,13
99,19,99,4,13
99,20,99,4,5
99,21,99,4,0
99,22,99,4,1
99,23,99,4,1
99,24,100,0,11
99,25,99,4,11
99,26,99,4,7
99,27,99,4,7
99,28,99,4,10
99,29,99,4,3
99,30,100,0,1
99,31,99,4,1
99,32,101,11,5
99,33,99,4,0
99,34,99,4,5
99,35,99,4,0
99,36,99,4,3
99,37,99,4,3
99,38,99,4,6
99,39,99,4,7
99,40,99,4,2
99,41,99,4,14
99,42,99,4,13
99,43,99,4,10
99,44,100,0,12
99,45,99,4,12
99,46,99,4,9
99,47,99,4,2
99,48,99,4,2
99,49,99,4,3
99,50,99,4,3
99,51,99,4,6
99,52,99,4,9
99,53,99,4,9
99,54,99,4,1
99,55,99,4,16
99,56,100,0,8
99,57,99,4,8
99,58,99,4,3
99,59,99,4,3
99,60,99,4,2
99,61,99,4,15
99,62,99,4,1
99,63,99,4,1
99,64,101,11,5
99,65,99,4,0
99,66,99,4,5
99,67,99,4,5
99,68,99,4,16
99,69,99,4,6
99,70,99,4,6
99,71,99,4,6
99,72,99,4,8
99,73,99,4,0
99,74,99,4,16
99,75,99,4,5
99,76,100,0,4
99,77,100,0,17
99,78,99,4,17
99,79,99,4,2
99,80,99,4,2
99,81,99,4,7
99,82,99,4,14
99,83,99,4,6
99,84,99,4,10
99,85,99,4,12
99,86,99,4,1
99,87,99,4,0
99,88,99,4,16
99,89,99,4,13
99,90,99,4,3
99,91,99,4,6
99,92,99,4,2
99,93,99,4,7
99,94,99,4,7
99,95,99,4,8
99,96,99,4,1
99,97,99,4,0
99,98,99,4,5
99,99,99,4,17
99,100,99,4,2
100,1,100,0,11
100,2,100,0,3
100,3,100,0,3
100,4,100,0,3
100,5,100,0,9
100,6,100,0,2
100,7,100,0,2
100,8,100,0,8
100,9,100,0,1
100,10,100,0,3
100,11,100,0,5
100,12,101,11,9
100,13,100,0,9
100,14,100,0,12
100,15,100,0,2
100,16,100,0,6
100,17,100,0,13
100,18,100,0,13
100,19,100,0,5
100,20,101,11,1
100,21,100,0,1
100,22,100,0,1
100,23,100,0,4
100,24,100,0,11
100,25,100,0,7
100,26,100,0,7
100,27,100,0,10
100,28,100,0,3
100,29,100,0,4
100,30,100,0,1
100,31,100,0,4
100,32,101,11,5
100,33,100,0,5
100,34,101,11,3
100,35,100,0,3
100,36,100,0,3
100,37,100,0,6
100,38,100,0,7
100,39,100,0,2
100,40,100,0,14
100,41,100,0,13
100,42,100,0,10
100,43,100,0,4
100,44,100,0,12
100,45,100,0,9
100,46,100,0,2
100,47,100,0,2
100,48,100,0,3
100,49,100,0,3
100,50,100,0,6
100,51,100,0,9
100,52,100,0,9
100,53,100,0,1
100,54,100,0,16
100,55,100,0,4
100,56,100,0,8
100,57,100,0,3
100,58,100,0,3
100,59,100,0,2
100,60,100,0,15
100,61,100,0,1
100,62,100,0,1
100,63,100,0,4
100,64,101,11,5
100,65,100,0,5
100,66,100,0,5
100,67,100,0,16
100,68,100,0,6
100,69,100,0,6
100,70,100,0,6
100,71,100,0,8
100,72,101,11,16
100,73,100,0,16
100,74,100,0,5
100,75,100,0,4
100,76,100,0,4
100,77,100,0,17
100,78,100,0,2
100,79,100,0,2
100,80,100,0,7
100,81,100,0,14
100,82,100,0,6
100,83,100,0,10
100,84,100,0,12
100,85,100,0,1
100,86,101,11,16
100,87,100,0,16
100,88,100,0,13
100,89,100,0,3
100,90,100,0,6
100,91,100,0,2
100,92,100,0,7
100,93,100,0,7
100,94,100,0,8
100,95,100,0,1
100,96,101,11,5
100,97,100,0,5
100,98,100,0,17
100,99,100,0,2
100,100,100,0,12
