cap,i,j,eta1,eta2,dirx,diry,dirz,radius,half_len,origin_dist
1,0,0,-0.01513672,-0.01513672,0.03024573,0.03024573,0.99908478,32,512,0
1,0,1,-0.01513672,-0.01416016,0.03024746,0.02829601,0.99914185,32,512,0
1,0,2,-0.01513672,-0.01318359,0.03024907,0.02634597,0.99919512,32,512,0
1,0,3,-0.01513672,-0.01220703,0.03025057,0.02439562,0.99924459,32,512,0
1,0,4,-0.01513672,-0.01123047,0.03025195,0.02244500,0.99929027,32,512,0
1,0,5,-0.01513672,-0.01025391,0.03025322,0.02049412,0.99933214,32,512,0
1,0,6,-0.01513672,-0.00927734,0.03025437,0.01854300,0.99937022,32,512,0
1,0,7,-0.01513672,-0.00830078,0.03025541,0.01659168,0.99940449,32,512,0
1,0,8,-0.01513672,-0.00732422,0.03025633,0.01464016,0.99943495,32,512,0
1,0,9,-0.01513672,-0.00634766,0.03025714,0.01268848,0.99946161,32,512,0
1,0,10,-0.01513672,-0.00537109,0.03025783,0.01073665,0.99948446,32,512,0
1,0,11,-0.01513672,-0.00439453,0.03025841,0.00878470,0.99950351,32,512,0
1,0,12,-0.01513672,-0.00341797,0.03025887,0.00683265,0.99951874,32,512,0
1,0,13,-0.01513672,-0.00244141,0.03025921,0.00488052,0.99953017,32,512,0
1,0,14,-0.01513672,-0.00146484,0.03025944,0.00292833,0.99953779,32,512,0
1,0,15,-0.01513672,-0.00048828,0.03025956,0.00097611,0.99954160,32,512,0
1,0,16,-0.01513672,0.00048828,0.03025956,-0.00097611,0.99954160,32,512,0
1,0,17,-0.01513672,0.00146484,0.03025944,-0.00292833,0.99953779,32,512,0
1,0,18,-0.01513672,0.00244141,0.03025921,-0.00488052,0.99953017,32,512,0
1,0,19,-0.01513672,0.00341797,0.03025887,-0.00683265,0.99951874,32,512,0
1,0,20,-0.01513672,0.00439453,0.03025841,-0.00878470,0.99950351,32,512,0
1,0,21,-0.01513672,0.00537109,0.03025783,-0.01073665,0.99948446,32,512,0
1,0,22,-0.01513672,0.00634766,0.03025714,-0.01268848,0.99946161,32,512,0
1,0,23,-0.01513672,0.00732422,0.03025633,-0.01464016,0.99943495,32,512,0
1,0,24,-0.01513672,0.00830078,0.03025541,-0.01659168,0.99940449,32,512,0
1,0,25,-0.01513672,0.00927734,0.03025437,-0.01854300,0.99937022,32,512,0
1,0,26,-0.01513672,0.01025391,0.03025322,-0.02049412,0.99933214,32,512,0
1,0,27,-0.01513672,0.01123047,0.03025195,-0.02244500,0.99929027,32,512,0
1,0,28,-0.01513672,0.01220703,0.03025057,-0.02439562,0.99924459,32,512,0
1,0,29,-0.01513672,0.01318359,0.03024907,-0.02634597,0.99919512,32,512,0
1,0,30,-0.01513672,0.01416016,0.03024746,-0.02829601,0.99914185,32,512,0
1,0,31,-0.01513672,0.01513672,0.03024573,-0.03024573,0.99908478,32,512,0
1,1,0,-0.01416016,-0.01513672,0.02829601,0.03024746,0.99914185,32,512,0
1,1,1,-0.01416016,-0.01416016,0.02829763,0.02829763,0.99919892,32,512,0
1,1,2,-0.01416016,-0.01318359,0.02829913,0.02634747,0.99925221,32,512,0
1,1,3,-0.01416016,-0.01220703,0.02830054,0.02439701,0.99930169,32,512,0
1,1,4,-0.01416016,-0.01123047,0.02830183,0.02244628,0.99934737,32,512,0
1,1,5,-0.01416016,-0.01025391,0.02830302,0.02049529,0.99938925,32,512,0
1,1,6,-0.01416016,-0.00927734,0.02830409,0.01854406,0.99942733,32,512,0
1,1,7,-0.01416016,-0.00830078,0.02830507,0.01659262,0.99946161,32,512,0
1,1,8,-0.01416016,-0.00732422,0.02830593,0.01464100,0.99949208,32,512,0
1,1,9,-0.01416016,-0.00634766,0.02830668,0.01268920,0.99951874,32,512,0
1,1,10,-0.01416016,-0.00537109,0.02830733,0.01073726,0.99954160,32,512,0
1,1,11,-0.01416016,-0.00439453,0.02830787,0.00878520,0.99956065,32,512,0
1,1,12,-0.01416016,-0.00341797,0.02830830,0.00683304,0.99957588,32,512,0
1,1,13,-0.01416016,-0.00244141,0.02830863,0.00488080,0.99958731,32,512,0
1,1,14,-0.01416016,-0.00146484,0.02830884,0.00292850,0.99959493,32,512,0
1,1,15,-0.01416016,-0.00048828,0.02830895,0.00097617,0.99959874,32,512,0
1,1,16,-0.01416016,0.00048828,0.02830895,-0.00097617,0.99959874,32,512,0
1,1,17,-0.01416016,0.00146484,0.02830884,-0.00292850,0.99959493,32,512,0
1,1,18,-0.01416016,0.00244141,0.02830863,-0.00488080,0.99958731,32,512,0
1,1,19,-0.01416016,0.00341797,0.02830830,-0.00683304,0.99957588,32,512,0
1,1,20,-0.01416016,0.00439453,0.02830787,-0.00878520,0.99956065,32,512,0
1,1,21,-0.01416016,0.00537109,0.02830733,-0.01073726,0.99954160,32,512,0
1,1,22,-0.01416016,0.00634766,0.02830668,-0.01268920,0.99951874,32,512,0
1,1,23,-0.01416016,0.00732422,0.02830593,-0.01464100,0.99949208,32,512,0
1,1,24,-0.01416016,0.00830078,0.02830507,-0.01659262,0.99946161,32,512,0
1,1,25,-0.01416016,0.00927734,0.02830409,-0.01854406,0.99942733,32,512,0
1,1,26,-0.01416016,0.01025391,0.02830302,-0.02049529,0.99938925,32,512,0
1,1,27,-0.01416016,0.01123047,0.02830183,-0.02244628,0.99934737,32,512,0
1,1,28,-0.01416016,0.01220703,0.02830054,-0.02439701,0.99930169,32,512,0
1,1,29,-0.01416016,0.01318359,0.02829913,-0.02634747,0.99925221,32,512,0
1,1,30,-0.01416016,0.01416016,0.02829763,-0.02829763,0.99919892,32,512,0
1,1,31,-0.01416016,0.01513672,0.02829601,-0.03024746,0.99914185,32,512,0
1,2,0,-0.01318359,-0.01513672,0.02634597,0.03024907,0.99919512,32,512,0
1,2,1,-0.01318359,-0.01416016,0.02634747,0.02829913,0.99925221,32,512,0
1,2,2,-0.01318359,-0.01318359,0.02634888,0.02634888,0.99930550,32,512,0
1,2,3,-0.01318359,-0.01220703,0.02635018,0.02439832,0.99935499,32,512,0
1,2,4,-0.01318359,-0.01123047,0.02635139,0.02244748,0.99940068,32,512,0
1,2,5,-0.01318359,-0.01025391,0.02635249,0.02049638,0.99944257,32,512,0
1,2,6,-0.01318359,-0.00927734,0.02635349,0.01854505,0.99948065,32,512,0
1,2,7,-0.01318359,-0.00830078,0.02635440,0.01659351,0.99951493,32,512,0
1,2,8,-0.01318359,-0.00732422,0.02635520,0.01464178,0.99954541,32,512,0
1,2,9,-0.01318359,-0.00634766,0.02635590,0.01268988,0.99957208,32,512,0
1,2,10,-0.01318359,-0.00537109,0.02635651,0.01073784,0.99959493,32,512,0
1,2,11,-0.01318359,-0.00439453,0.02635701,0.00878567,0.99961399,32,512,0
1,2,12,-0.01318359,-0.00341797,0.02635741,0.00683340,0.99962923,32,512,0
1,2,13,-0.01318359,-0.00244141,0.02635771,0.00488106,0.99964066,32,512,0
1,2,14,-0.01318359,-0.00146484,0.02635791,0.00292866,0.99964828,32,512,0
1,2,15,-0.01318359,-0.00048828,0.02635801,0.00097622,0.99965209,32,512,0
1,2,16,-0.01318359,0.00048828,0.02635801,-0.00097622,0.99965209,32,512,0
1,2,17,-0.01318359,0.00146484,0.02635791,-0.00292866,0.99964828,32,512,0
1,2,18,-0.01318359,0.00244141,0.02635771,-0.00488106,0.99964066,32,512,0
1,2,19,-0.01318359,0.00341797,0.02635741,-0.00683340,0.99962923,32,512,0
1,2,20,-0.01318359,0.00439453,0.02635701,-0.00878567,0.99961399,32,512,0
1,2,21,-0.01318359,0.00537109,0.02635651,-0.01073784,0.99959493,32,512,0
1,2,22,-0.01318359,0.00634766,0.02635590,-0.01268988,0.99957208,32,512,0
1,2,23,-0.01318359,0.00732422,0.02635520,-0.01464178,0.99954541,32,512,0
1,2,24,-0.01318359,0.00830078,0.02635440,-0.01659351,0.99951493,32,512,0
1,2,25,-0.01318359,0.00927734,0.02635349,-0.01854505,0.99948065,32,512,0
1,2,26,-0.01318359,0.01025391,0.02635249,-0.02049638,0.99944257,32,512,0
1,2,27,-0.01318359,0.01123047,0.02635139,-0.02244748,0.99940068,32,512,0
1,2,28,-0.01318359,0.01220703,0.02635018,-0.02439832,0.99935499,32,512,0
1,2,29,-0.01318359,0.01318359,0.02634888,-0.02634888,0.99930550,32,512,0
1,2,30,-0.01318359,0.01416016,0.02634747,-0.02829913,0.99925221,32,512,0
1,2,31,-0.01318359,0.01513672,0.02634597,-0.03024907,0.99919512,32,512,0
1,3,0,-0.01220703,-0.01513672,0.02439562,0.03025057,0.99924459,32,512,0
1,3,1,-0.01220703,-0.01416016,0.02439701,0.02830054,0.99930169,32,512,0
1,3,2,-0.01220703,-0.01318359,0.02439832,0.02635018,0.99935499,32,512,0
1,3,3,-0.01220703,-0.01220703,0.02439952,0.02439952,0.99940449,32,512,0
1,3,4,-0.01220703,-0.01123047,0.02440064,0.02244859,0.99945018,32,512,0
1,3,5,-0.01220703,-0.01025391,0.02440166,0.02049740,0.99949208,32,512,0
1,3,6,-0.01220703,-0.00927734,0.02440259,0.01854597,0.99953017,32,512,0
1,3,7,-0.01220703,-0.00830078,0.02440343,0.01659433,0.99956446,32,512,0
1,3,8,-0.01220703,-0.00732422,0.02440417,0.01464250,0.99959493,32,512,0
1,3,9,-0.01220703,-0.00634766,0.02440482,0.01269051,0.99962161,32,512,0
1,3,10,-0.01220703,-0.00537109,0.02440538,0.01073837,0.99964447,32,512,0
1,3,11,-0.01220703,-0.00439453,0.02440585,0.00878611,0.99966352,32,512,0
1,3,12,-0.01220703,-0.00341797,0.02440622,0.00683374,0.99967877,32,512,0
1,3,13,-0.01220703,-0.00244141,0.02440650,0.00488130,0.99969020,32,512,0
1,3,14,-0.01220703,-0.00146484,0.02440669,0.00292880,0.99969782,32,512,0
1,3,15,-0.01220703,-0.00048828,0.02440678,0.00097627,0.99970163,32,512,0
1,3,16,-0.01220703,0.00048828,0.02440678,-0.00097627,0.99970163,32,512,0
1,3,17,-0.01220703,0.00146484,0.02440669,-0.00292880,0.99969782,32,512,0
1,3,18,-0.01220703,0.00244141,0.02440650,-0.00488130,0.99969020,32,512,0
1,3,19,-0.01220703,0.00341797,0.02440622,-0.00683374,0.99967877,32,512,0
1,3,20,-0.01220703,0.00439453,0.02440585,-0.00878611,0.99966352,32,512,0
1,3,21,-0.01220703,0.00537109,0.02440538,-0.01073837,0.99964447,32,512,0
1,3,22,-0.01220703,0.00634766,0.02440482,-0.01269051,0.99962161,32,512,0
1,3,23,-0.01220703,0.00732422,0.02440417,-0.01464250,0.99959493,32,512,0
1,3,24,-0.01220703,0.00830078,0.02440343,-0.01659433,0.99956446,32,512,0
1,3,25,-0.01220703,0.00927734,0.02440259,-0.01854597,0.99953017,32,512,0
1,3,26,-0.01220703,0.01025391,0.02440166,-0.02049740,0.99949208,32,512,0
1,3,27,-0.01220703,0.01123047,0.02440064,-0.02244859,0.99945018,32,512,0
1,3,28,-0.01220703,0.01220703,0.02439952,-0.02439952,0.99940449,32,512,0
1,3,29,-0.01220703,0.01318359,0.02439832,-0.02635018,0.99935499,32,512,0
1,3,30,-0.01220703,0.01416016,0.02439701,-0.02830054,0.99930169,32,512,0
1,3,31,-0.01220703,0.01513672,0.02439562,-0.03025057,0.99924459,32,512,0
1,4,0,-0.01123047,-0.01513672,0.02244500,0.03025195,0.99929027,32,512,0
1,4,1,-0.01123047,-0.01416016,0.02244628,0.02830183,0.99934737,32,512,0
1,4,2,-0.01123047,-0.01318359,0.02244748,0.02635139,0.99940068,32,512,0
1,4,3,-0.01123047,-0.01220703,0.02244859,0.02440064,0.99945018,32,512,0
1,4,4,-0.01123047,-0.01123047,0.02244961,0.02244961,0.99949589,32,512,0
1,4,5,-0.01123047,-0.01025391,0.02245056,0.02049833,0.99953779,32,512,0
1,4,6,-0.01123047,-0.00927734,0.02245141,0.01854682,0.99957588,32,512,0
1,4,7,-0.01123047,-0.00830078,0.02245218,0.01659509,0.99961018,32,512,0
1,4,8,-0.01123047,-0.00732422,0.02245287,0.01464317,0.99964066,32,512,0
1,4,9,-0.01123047,-0.00634766,0.02245347,0.01269109,0.99966733,32,512,0
1,4,10,-0.01123047,-0.00537109,0.02245398,0.01073886,0.99969020,32,512,0
1,4,11,-0.01123047,-0.00439453,0.02245441,0.00878651,0.99970926,32,512,0
1,4,12,-0.01123047,-0.00341797,0.02245475,0.00683405,0.99972450,32,512,0
1,4,13,-0.01123047,-0.00244141,0.02245501,0.00488152,0.99973594,32,512,0
1,4,14,-0.01123047,-0.00146484,0.02245518,0.00292894,0.99974356,32,512,0
1,4,15,-0.01123047,-0.00048828,0.02245526,0.00097632,0.99974737,32,512,0
1,4,16,-0.01123047,0.00048828,0.02245526,-0.00097632,0.99974737,32,512,0
1,4,17,-0.01123047,0.00146484,0.02245518,-0.00292894,0.99974356,32,512,0
1,4,18,-0.01123047,0.00244141,0.02245501,-0.00488152,0.99973594,32,512,0
1,4,19,-0.01123047,0.00341797,0.02245475,-0.00683405,0.99972450,32,512,0
1,4,20,-0.01123047,0.00439453,0.02245441,-0.00878651,0.99970926,32,512,0
1,4,21,-0.01123047,0.00537109,0.02245398,-0.01073886,0.99969020,32,512,0
1,4,22,-0.01123047,0.00634766,0.02245347,-0.01269109,0.99966733,32,512,0
1,4,23,-0.01123047,0.00732422,0.02245287,-0.01464317,0.99964066,32,512,0
1,4,24,-0.01123047,0.00830078,0.02245218,-0.01659509,0.99961018,32,512,0
1,4,25,-0.01123047,0.00927734,0.02245141,-0.01854682,0.99957588,32,512,0
1,4,26,-0.01123047,0.01025391,0.02245056,-0.02049833,0.99953779,32,512,0
1,4,27,-0.01123047,0.01123047,0.02244961,-0.02244961,0.99949589,32,512,0
1,4,28,-0.01123047,0.01220703,0.02244859,-0.02440064,0.99945018,32,512,0
1,4,29,-0.01123047,0.01318359,0.02244748,-0.02635139,0.99940068,32,512,0
1,4,30,-0.01123047,0.01416016,0.02244628,-0.02830183,0.99934737,32,512,0
1,4,31,-0.01123047,0.01513672,0.02244500,-0.03025195,0.99929027,32,512,0
1,5,0,-0.01025391,-0.01513672,0.02049412,0.03025322,0.99933214,32,512,0
1,5,1,-0.01025391,-0.01416016,0.02049529,0.02830302,0.99938925,32,512,0
1,5,2,-0.01025391,-0.01318359,0.02049638,0.02635249,0.99944257,32,512,0
1,5,3,-0.01025391,-0.01220703,0.02049740,0.02440166,0.99949208,32,512,0
1,5,4,-0.01025391,-0.01123047,0.02049833,0.02245056,0.99953779,32,512,0
1,5,5,-0.01025391,-0.01025391,0.02049919,0.02049919,0.99957969,32,512,0
1,5,6,-0.01025391,-0.00927734,0.02049997,0.01854760,0.99961780,32,512,0
1,5,7,-0.01025391,-0.00830078,0.02050068,0.01659579,0.99965209,32,512,0
1,5,8,-0.01025391,-0.00732422,0.02050130,0.01464379,0.99968258,32,512,0
1,5,9,-0.01025391,-0.00634766,0.02050185,0.01269162,0.99970926,32,512,0
1,5,10,-0.01025391,-0.00537109,0.02050232,0.01073931,0.99973213,32,512,0
1,5,11,-0.01025391,-0.00439453,0.02050271,0.00878688,0.99975118,32,512,0
1,5,12,-0.01025391,-0.00341797,0.02050302,0.00683434,0.99976643,32,512,0
1,5,13,-0.01025391,-0.00244141,0.02050326,0.00488173,0.99977787,32,512,0
1,5,14,-0.01025391,-0.00146484,0.02050341,0.00292906,0.99978549,32,512,0
1,5,15,-0.01025391,-0.00048828,0.02050349,0.00097636,0.99978930,32,512,0
1,5,16,-0.01025391,0.00048828,0.02050349,-0.00097636,0.99978930,32,512,0
1,5,17,-0.01025391,0.00146484,0.02050341,-0.00292906,0.99978549,32,512,0
1,5,18,-0.01025391,0.00244141,0.02050326,-0.00488173,0.99977787,32,512,0
1,5,19,-0.01025391,0.00341797,0.02050302,-0.00683434,0.99976643,32,512,0
1,5,20,-0.01025391,0.00439453,0.02050271,-0.00878688,0.99975118,32,512,0
1,5,21,-0.01025391,0.00537109,0.02050232,-0.01073931,0.99973213,32,512,0
1,5,22,-0.01025391,0.00634766,0.02050185,-0.01269162,0.99970926,32,512,0
1,5,23,-0.01025391,0.00732422,0.02050130,-0.01464379,0.99968258,32,512,0
1,5,24,-0.01025391,0.00830078,0.02050068,-0.01659579,0.99965209,32,512,0
1,5,25,-0.01025391,0.00927734,0.02049997,-0.01854760,0.99961780,32,512,0
1,5,26,-0.01025391,0.01025391,0.02049919,-0.02049919,0.99957969,32,512,0
1,5,27,-0.01025391,0.01123047,0.02049833,-0.02245056,0.99953779,32,512,0
1,5,28,-0.01025391,0.01220703,0.02049740,-0.02440166,0.99949208,32,512,0
1,5,29,-0.01025391,0.01318359,0.02049638,-0.02635249,0.99944257,32,512,0
1,5,30,-0.01025391,0.01416016,0.02049529,-0.02830302,0.99938925,32,512,0
1,5,31,-0.01025391,0.01513672,0.02049412,-0.03025322,0.99933214,32,512,0
1,6,0,-0.00927734,-0.01513672,0.01854300,0.03025437,0.99937022,32,512,0
1,6,1,-0.00927734,-0.01416016,0.01854406,0.02830409,0.99942733,32,512,0
1,6,2,-0.00927734,-0.01318359,0.01854505,0.02635349,0.99948065,32,512,0
1,6,3,-0.00927734,-0.01220703,0.01854597,0.02440259,0.99953017,32,512,0
1,6,4,-0.00927734,-0.01123047,0.01854682,0.02245141,0.99957588,32,512,0
1,6,5,-0.00927734,-0.01025391,0.01854760,0.02049997,0.99961780,32,512,0
1,6,6,-0.00927734,-0.00927734,0.01854830,0.01854830,0.99965590,32,512,0
1,6,7,-0.00927734,-0.00830078,0.01854894,0.01659642,0.99969020,32,512,0
1,6,8,-0.00927734,-0.00732422,0.01854950,0.01464435,0.99972069,32,512,0
1,6,9,-0.00927734,-0.00634766,0.01855000,0.01269211,0.99974737,32,512,0
1,6,10,-0.00927734,-0.00537109,0.01855042,0.01073972,0.99977024,32,512,0
1,6,11,-0.00927734,-0.00439453,0.01855078,0.00878721,0.99978930,32,512,0
1,6,12,-0.00927734,-0.00341797,0.01855106,0.00683460,0.99980455,32,512,0
1,6,13,-0.00927734,-0.00244141,0.01855127,0.00488191,0.99981599,32,512,0
1,6,14,-0.00927734,-0.00146484,0.01855141,0.00292917,0.99982362,32,512,0
1,6,15,-0.00927734,-0.00048828,0.01855149,0.00097639,0.99982743,32,512,0
1,6,16,-0.00927734,0.00048828,0.01855149,-0.00097639,0.99982743,32,512,0
1,6,17,-0.00927734,0.00146484,0.01855141,-0.00292917,0.99982362,32,512,0
1,6,18,-0.00927734,0.00244141,0.01855127,-0.00488191,0.99981599,32,512,0
1,6,19,-0.00927734,0.00341797,0.01855106,-0.00683460,0.99980455,32,512,0
1,6,20,-0.00927734,0.00439453,0.01855078,-0.00878721,0.99978930,32,512,0
1,6,21,-0.00927734,0.00537109,0.01855042,-0.01073972,0.99977024,32,512,0
1,6,22,-0.00927734,0.00634766,0.01855000,-0.01269211,0.99974737,32,512,0
1,6,23,-0.00927734,0.00732422,0.01854950,-0.01464435,0.99972069,32,512,0
1,6,24,-0.00927734,0.00830078,0.01854894,-0.01659642,0.99969020,32,512,0
1,6,25,-0.00927734,0.00927734,0.01854830,-0.01854830,0.99965590,32,512,0
1,6,26,-0.00927734,0.01025391,0.01854760,-0.02049997,0.99961780,32,512,0
1,6,27,-0.00927734,0.01123047,0.01854682,-0.02245141,0.99957588,32,512,0
1,6,28,-0.00927734,0.01220703,0.01854597,-0.02440259,0.99953017,32,512,0
1,6,29,-0.00927734,0.01318359,0.01854505,-0.02635349,0.99948065,32,512,0
1,6,30,-0.00927734,0.01416016,0.01854406,-0.02830409,0.99942733,32,512,0
1,6,31,-0.00927734,0.01513672,0.01854300,-0.03025437,0.99937022,32,512,0
1,7,0,-0.00830078,-0.01513672,0.01659168,0.03025541,0.99940449,32,512,0
1,7,1,-0.00830078,-0.01416016,0.01659262,0.02830507,0.99946161,32,512,0
1,7,2,-0.00830078,-0.01318359,0.01659351,0.02635440,0.99951493,32,512,0
1,7,3,-0.00830078,-0.01220703,0.01659433,0.02440343,0.99956446,32,512,0
1,7,4,-0.00830078,-0.01123047,0.01659509,0.02245218,0.99961018,32,512,0
1,7,5,-0.00830078,-0.01025391,0.01659579,0.02050068,0.99965209,32,512,0
1,7,6,-0.00830078,-0.00927734,0.01659642,0.01854894,0.99969020,32,512,0
1,7,7,-0.00830078,-0.00830078,0.01659699,0.01659699,0.99972450,32,512,0
1,7,8,-0.00830078,-0.00732422,0.01659750,0.01464485,0.99975500,32,512,0
1,7,9,-0.00830078,-0.00634766,0.01659794,0.01269254,0.99978168,32,512,0
1,7,10,-0.00830078,-0.00537109,0.01659832,0.01074009,0.99980455,32,512,0
1,7,11,-0.00830078,-0.00439453,0.01659863,0.00878751,0.99982362,32,512,0
1,7,12,-0.00830078,-0.00341797,0.01659889,0.00683484,0.99983887,32,512,0
1,7,13,-0.00830078,-0.00244141,0.01659908,0.00488208,0.99985031,32,512,0
1,7,14,-0.00830078,-0.00146484,0.01659920,0.00292927,0.99985793,32,512,0
1,7,15,-0.00830078,-0.00048828,0.01659927,0.00097643,0.99986175,32,512,0
1,7,16,-0.00830078,0.00048828,0.01659927,-0.00097643,0.99986175,32,512,0
1,7,17,-0.00830078,0.00146484,0.01659920,-0.00292927,0.99985793,32,512,0
1,7,18,-0.00830078,0.00244141,0.01659908,-0.00488208,0.99985031,32,512,0
1,7,19,-0.00830078,0.00341797,0.01659889,-0.00683484,0.99983887,32,512,0
1,7,20,-0.00830078,0.00439453,0.01659863,-0.00878751,0.99982362,32,512,0
1,7,21,-0.00830078,0.00537109,0.01659832,-0.01074009,0.99980455,32,512,0
1,7,22,-0.00830078,0.00634766,0.01659794,-0.01269254,0.99978168,32,512,0
1,7,23,-0.00830078,0.00732422,0.01659750,-0.01464485,0.99975500,32,512,0
1,7,24,-0.00830078,0.00830078,0.01659699,-0.01659699,0.99972450,32,512,0
1,7,25,-0.00830078,0.00927734,0.01659642,-0.01854894,0.99969020,32,512,0
1,7,26,-0.00830078,0.01025391,0.01659579,-0.02050068,0.99965209,32,512,0
1,7,27,-0.00830078,0.01123047,0.01659509,-0.02245218,0.99961018,32,512,0
1,7,28,-0.00830078,0.01220703,0.01659433,-0.02440343,0.99956446,32,512,0
1,7,29,-0.00830078,0.01318359,0.01659351,-0.02635440,0.99951493,32,512,0
1,7,30,-0.00830078,0.01416016,0.01659262,-0.02830507,0.99946161,32,512,0
1,7,31,-0.00830078,0.01513672,0.01659168,-0.03025541,0.99940449,32,512,0
1,8,0,-0.00732422,-0.01513672,0.01464016,0.03025633,0.99943495,32,512,0
1,8,1,-0.00732422,-0.01416016,0.01464100,0.02830593,0.99949208,32,512,0
1,8,2,-0.00732422,-0.01318359,0.01464178,0.02635520,0.99954541,32,512,0
1,8,3,-0.00732422,-0.01220703,0.01464250,0.02440417,0.99959493,32,512,0
1,8,4,-0.00732422,-0.01123047,0.01464317,0.02245287,0.99964066,32,512,0
1,8,5,-0.00732422,-0.01025391,0.01464379,0.02050130,0.99968258,32,512,0
1,8,6,-0.00732422,-0.00927734,0.01464435,0.01854950,0.99972069,32,512,0
1,8,7,-0.00732422,-0.00830078,0.01464485,0.01659750,0.99975500,32,512,0
1,8,8,-0.00732422,-0.00732422,0.01464530,0.01464530,0.99978549,32,512,0
1,8,9,-0.00732422,-0.00634766,0.01464569,0.01269293,0.99981218,32,512,0
1,8,10,-0.00732422,-0.00537109,0.01464602,0.01074042,0.99983506,32,512,0
1,8,11,-0.00732422,-0.00439453,0.01464630,0.00878778,0.99985412,32,512,0
1,8,12,-0.00732422,-0.00341797,0.01464652,0.00683504,0.99986937,32,512,0
1,8,13,-0.00732422,-0.00244141,0.01464669,0.00488223,0.99988081,32,512,0
1,8,14,-0.00732422,-0.00146484,0.01464680,0.00292936,0.99988844,32,512,0
1,8,15,-0.00732422,-0.00048828,0.01464686,0.00097646,0.99989225,32,512,0
1,8,16,-0.00732422,0.00048828,0.01464686,-0.00097646,0.99989225,32,512,0
1,8,17,-0.00732422,0.00146484,0.01464680,-0.00292936,0.99988844,32,512,0
1,8,18,-0.00732422,0.00244141,0.01464669,-0.00488223,0.99988081,32,512,0
1,8,19,-0.00732422,0.00341797,0.01464652,-0.00683504,0.99986937,32,512,0
1,8,20,-0.00732422,0.00439453,0.01464630,-0.00878778,0.99985412,32,512,0
1,8,21,-0.00732422,0.00537109,0.01464602,-0.01074042,0.99983506,32,512,0
1,8,22,-0.00732422,0.00634766,0.01464569,-0.01269293,0.99981218,32,512,0
1,8,23,-0.00732422,0.00732422,0.01464530,-0.01464530,0.99978549,32,512,0
1,8,24,-0.00732422,0.00830078,0.01464485,-0.01659750,0.99975500,32,512,0
1,8,25,-0.00732422,0.00927734,0.01464435,-0.01854950,0.99972069,32,512,0
1,8,26,-0.00732422,0.01025391,0.01464379,-0.02050130,0.99968258,32,512,0
1,8,27,-0.00732422,0.01123047,0.01464317,-0.02245287,0.99964066,32,512,0
1,8,28,-0.00732422,0.01220703,0.01464250,-0.02440417,0.99959493,32,512,0
1,8,29,-0.00732422,0.01318359,0.01464178,-0.02635520,0.99954541,32,512,0
1,8,30,-0.00732422,0.01416016,0.01464100,-0.02830593,0.99949208,32,512,0
1,8,31,-0.00732422,0.01513672,0.01464016,-0.03025633,0.99943495,32,512,0
1,9,0,-0.00634766,-0.01513672,0.01268848,0.03025714,0.99946161,32,512,0
1,9,1,-0.00634766,-0.01416016,0.01268920,0.02830668,0.99951874,32,512,0
1,9,2,-0.00634766,-0.01318359,0.01268988,0.02635590,0.99957208,32,512,0
1,9,3,-0.00634766,-0.01220703,0.01269051,0.02440482,0.99962161,32,512,0
1,9,4,-0.00634766,-0.01123047,0.01269109,0.02245347,0.99966733,32,512,0
1,9,5,-0.00634766,-0.01025391,0.01269162,0.02050185,0.99970926,32,512,0
1,9,6,-0.00634766,-0.00927734,0.01269211,0.01855000,0.99974737,32,512,0
1,9,7,-0.00634766,-0.00830078,0.01269254,0.01659794,0.99978168,32,512,0
1,9,8,-0.00634766,-0.00732422,0.01269293,0.01464569,0.99981218,32,512,0
1,9,9,-0.00634766,-0.00634766,0.01269327,0.01269327,0.99983887,32,512,0
1,9,10,-0.00634766,-0.00537109,0.01269356,0.01074070,0.99986175,32,512,0
1,9,11,-0.00634766,-0.00439453,0.01269380,0.00878801,0.99988081,32,512,0
1,9,12,-0.00634766,-0.00341797,0.01269399,0.00683523,0.99989607,32,512,0
1,9,13,-0.00634766,-0.00244141,0.01269414,0.00488236,0.99990751,32,512,0
1,9,14,-0.00634766,-0.00146484,0.01269424,0.00292944,0.99991513,32,512,0
1,9,15,-0.00634766,-0.00048828,0.01269428,0.00097648,0.99991895,32,512,0
1,9,16,-0.00634766,0.00048828,0.01269428,-0.00097648,0.99991895,32,512,0
1,9,17,-0.00634766,0.00146484,0.01269424,-0.00292944,0.99991513,32,512,0
1,9,18,-0.00634766,0.00244141,0.01269414,-0.00488236,0.99990751,32,512,0
1,9,19,-0.00634766,0.00341797,0.01269399,-0.00683523,0.99989607,32,512,0
1,9,20,-0.00634766,0.00439453,0.01269380,-0.00878801,0.99988081,32,512,0
1,9,21,-0.00634766,0.00537109,0.01269356,-0.01074070,0.99986175,32,512,0
1,9,22,-0.00634766,0.00634766,0.01269327,-0.01269327,0.99983887,32,512,0
1,9,23,-0.00634766,0.00732422,0.01269293,-0.01464569,0.99981218,32,512,0
1,9,24,-0.00634766,0.00830078,0.01269254,-0.01659794,0.99978168,32,512,0
1,9,25,-0.00634766,0.00927734,0.01269211,-0.01855000,0.99974737,32,512,0
1,9,26,-0.00634766,0.01025391,0.01269162,-0.02050185,0.99970926,32,512,0
1,9,27,-0.00634766,0.01123047,0.01269109,-0.02245347,0.99966733,32,512,0
1,9,28,-0.00634766,0.01220703,0.01269051,-0.02440482,0.99962161,32,512,0
1,9,29,-0.00634766,0.01318359,0.01268988,-0.02635590,0.99957208,32,512,0
1,9,30,-0.00634766,0.01416016,0.01268920,-0.02830668,0.99951874,32,512,0
1,9,31,-0.00634766,0.01513672,0.01268848,-0.03025714,0.99946161,32,512,0
1,10,0,-0.00537109,-0.01513672,0.01073665,0.03025783,0.99948446,32,512,0
1,10,1,-0.00537109,-0.01416016,0.01073726,0.02830733,0.99954160,32,512,0
1,10,2,-0.00537109,-0.01318359,0.01073784,0.02635651,0.99959493,32,512,0
1,10,3,-0.00537109,-0.01220703,0.01073837,0.02440538,0.99964447,32,512,0
1,10,4,-0.00537109,-0.01123047,0.01073886,0.02245398,0.99969020,32,512,0
1,10,5,-0.00537109,-0.01025391,0.01073931,0.02050232,0.99973213,32,512,0
1,10,6,-0.00537109,-0.00927734,0.01073972,0.01855042,0.99977024,32,512,0
1,10,7,-0.00537109,-0.00830078,0.01074009,0.01659832,0.99980455,32,512,0
1,10,8,-0.00537109,-0.00732422,0.01074042,0.01464602,0.99983506,32,512,0
1,10,9,-0.00537109,-0.00634766,0.01074070,0.01269356,0.99986175,32,512,0
1,10,10,-0.00537109,-0.00537109,0.01074095,0.01074095,0.99988463,32,512,0
1,10,11,-0.00537109,-0.00439453,0.01074115,0.00878822,0.99990369,32,512,0
1,10,12,-0.00537109,-0.00341797,0.01074132,0.00683538,0.99991895,32,512,0
1,10,13,-0.00537109,-0.00244141,0.01074144,0.00488247,0.99993039,32,512,0
1,10,14,-0.00537109,-0.00146484,0.01074152,0.00292951,0.99993802,32,512,0
1,10,15,-0.00537109,-0.00048828,0.01074156,0.00097651,0.99994183,32,512,0
1,10,16,-0.00537109,0.00048828,0.01074156,-0.00097651,0.99994183,32,512,0
1,10,17,-0.00537109,0.00146484,0.01074152,-0.00292951,0.99993802,32,512,0
1,10,18,-0.00537109,0.00244141,0.01074144,-0.00488247,0.99993039,32,512,0
1,10,19,-0.00537109,0.00341797,0.01074132,-0.00683538,0.99991895,32,512,0
1,10,20,-0.00537109,0.00439453,0.01074115,-0.00878822,0.99990369,32,512,0
1,10,21,-0.00537109,0.00537109,0.01074095,-0.01074095,0.99988463,32,512,0
1,10,22,-0.00537109,0.00634766,0.01074070,-0.01269356,0.99986175,32,512,0
1,10,23,-0.00537109,0.00732422,0.01074042,-0.01464602,0.99983506,32,512,0
1,10,24,-0.00537109,0.00830078,0.01074009,-0.01659832,0.99980455,32,512,0
1,10,25,-0.00537109,0.00927734,0.01073972,-0.01855042,0.99977024,32,512,0
1,10,26,-0.00537109,0.01025391,0.01073931,-0.02050232,0.99973213,32,512,0
1,10,27,-0.00537109,0.01123047,0.01073886,-0.02245398,0.99969020,32,512,0
1,10,28,-0.00537109,0.01220703,0.01073837,-0.02440538,0.99964447,32,512,0
1,10,29,-0.00537109,0.01318359,0.01073784,-0.02635651,0.99959493,32,512,0
1,10,30,-0.00537109,0.01416016,0.01073726,-0.02830733,0.99954160,32,512,0
1,10,31,-0.00537109,0.01513672,0.01073665,-0.03025783,0.99948446,32,512,0
1,11,0,-0.00439453,-0.01513672,0.00878470,0.03025841,0.99950351,32,512,0
1,11,1,-0.00439453,-0.01416016,0.00878520,0.02830787,0.99956065,32,512,0
1,11,2,-0.00439453,-0.01318359,0.00878567,0.02635701,0.99961399,32,512,0
1,11,3,-0.00439453,-0.01220703,0.00878611,0.02440585,0.99966352,32,512,0
1,11,4,-0.00439453,-0.01123047,0.00878651,0.02245441,0.99970926,32,512,0
1,11,5,-0.00439453,-0.01025391,0.00878688,0.02050271,0.99975118,32,512,0
1,11,6,-0.00439453,-0.00927734,0.00878721,0.01855078,0.99978930,32,512,0
1,11,7,-0.00439453,-0.00830078,0.00878751,0.01659863,0.99982362,32,512,0
1,11,8,-0.00439453,-0.00732422,0.00878778,0.01464630,0.99985412,32,512,0
1,11,9,-0.00439453,-0.00634766,0.00878801,0.01269380,0.99988081,32,512,0
1,11,10,-0.00439453,-0.00537109,0.00878822,0.01074115,0.99990369,32,512,0
1,11,11,-0.00439453,-0.00439453,0.00878838,0.00878838,0.99992276,32,512,0
1,11,12,-0.00439453,-0.00341797,0.00878852,0.00683551,0.99993802,32,512,0
1,11,13,-0.00439453,-0.00244141,0.00878862,0.00488257,0.99994946,32,512,0
1,11,14,-0.00439453,-0.00146484,0.00878869,0.00292956,0.99995709,32,512,0
1,11,15,-0.00439453,-0.00048828,0.00878872,0.00097652,0.99996090,32,512,0
1,11,16,-0.00439453,0.00048828,0.00878872,-0.00097652,0.99996090,32,512,0
1,11,17,-0.00439453,0.00146484,0.00878869,-0.00292956,0.99995709,32,512,0
1,11,18,-0.00439453,0.00244141,0.00878862,-0.00488257,0.99994946,32,512,0
1,11,19,-0.00439453,0.00341797,0.00878852,-0.00683551,0.99993802,32,512,0
1,11,20,-0.00439453,0.00439453,0.00878838,-0.00878838,0.99992276,32,512,0
1,11,21,-0.00439453,0.00537109,0.00878822,-0.01074115,0.99990369,32,512,0
1,11,22,-0.00439453,0.00634766,0.00878801,-0.01269380,0.99988081,32,512,0
1,11,23,-0.00439453,0.00732422,0.00878778,-0.01464630,0.99985412,32,512,0
1,11,24,-0.00439453,0.00830078,0.00878751,-0.01659863,0.99982362,32,512,0
1,11,25,-0.00439453,0.00927734,0.00878721,-0.01855078,0.99978930,32,512,0
1,11,26,-0.00439453,0.01025391,0.00878688,-0.02050271,0.99975118,32,512,0
1,11,27,-0.00439453,0.01123047,0.00878651,-0.02245441,0.99970926,32,512,0
1,11,28,-0.00439453,0.01220703,0.00878611,-0.02440585,0.99966352,32,512,0
1,11,29,-0.00439453,0.01318359,0.00878567,-0.02635701,0.99961399,32,512,0
1,11,30,-0.00439453,0.01416016,0.00878520,-0.02830787,0.99956065,32,512,0
1,11,31,-0.00439453,0.01513672,0.00878470,-0.03025841,0.99950351,32,512,0
1,12,0,-0.00341797,-0.01513672,0.00683265,0.03025887,0.99951874,32,512,0
1,12,1,-0.00341797,-0.01416016,0.00683304,0.02830830,0.99957588,32,512,0
1,12,2,-0.00341797,-0.01318359,0.00683340,0.02635741,0.99962923,32,512,0
1,12,3,-0.00341797,-0.01220703,0.00683374,0.02440622,0.99967877,32,512,0
1,12,4,-0.00341797,-0.01123047,0.00683405,0.02245475,0.99972450,32,512,0
1,12,5,-0.00341797,-0.01025391,0.00683434,0.02050302,0.99976643,32,512,0
1,12,6,-0.00341797,-0.00927734,0.00683460,0.01855106,0.99980455,32,512,0
1,12,7,-0.00341797,-0.00830078,0.00683484,0.01659889,0.99983887,32,512,0
1,12,8,-0.00341797,-0.00732422,0.00683504,0.01464652,0.99986937,32,512,0
1,12,9,-0.00341797,-0.00634766,0.00683523,0.01269399,0.99989607,32,512,0
1,12,10,-0.00341797,-0.00537109,0.00683538,0.01074132,0.99991895,32,512,0
1,12,11,-0.00341797,-0.00439453,0.00683551,0.00878852,0.99993802,32,512,0
1,12,12,-0.00341797,-0.00341797,0.00683562,0.00683562,0.99995327,32,512,0
1,12,13,-0.00341797,-0.00244141,0.00683570,0.00488264,0.99996472,32,512,0
1,12,14,-0.00341797,-0.00146484,0.00683575,0.00292961,0.99997234,32,512,0
1,12,15,-0.00341797,-0.00048828,0.00683577,0.00097654,0.99997616,32,512,0
1,12,16,-0.00341797,0.00048828,0.00683577,-0.00097654,0.99997616,32,512,0
1,12,17,-0.00341797,0.00146484,0.00683575,-0.00292961,0.99997234,32,512,0
1,12,18,-0.00341797,0.00244141,0.00683570,-0.00488264,0.99996472,32,512,0
1,12,19,-0.00341797,0.00341797,0.00683562,-0.00683562,0.99995327,32,512,0
1,12,20,-0.00341797,0.00439453,0.00683551,-0.00878852,0.99993802,32,512,0
1,12,21,-0.00341797,0.00537109,0.00683538,-0.01074132,0.99991895,32,512,0
1,12,22,-0.00341797,0.00634766,0.00683523,-0.01269399,0.99989607,32,512,0
1,12,23,-0.00341797,0.00732422,0.00683504,-0.01464652,0.99986937,32,512,0
1,12,24,-0.00341797,0.00830078,0.00683484,-0.01659889,0.99983887,32,512,0
1,12,25,-0.00341797,0.00927734,0.00683460,-0.01855106,0.99980455,32,512,0
1,12,26,-0.00341797,0.01025391,0.00683434,-0.02050302,0.99976643,32,512,0
1,12,27,-0.00341797,0.01123047,0.00683405,-0.02245475,0.99972450,32,512,0
1,12,28,-0.00341797,0.01220703,0.00683374,-0.02440622,0.99967877,32,512,0
1,12,29,-0.00341797,0.01318359,0.00683340,-0.02635741,0.99962923,32,512,0
1,12,30,-0.00341797,0.01416016,0.00683304,-0.02830830,0.99957588,32,512,0
1,12,31,-0.00341797,0.01513672,0.00683265,-0.03025887,0.99951874,32,512,0
1,13,0,-0.00244141,-0.01513672,0.00488052,0.03025921,0.99953017,32,512,0
1,13,1,-0.00244141,-0.01416016,0.00488080,0.02830863,0.99958731,32,512,0
1,13,2,-0.00244141,-0.01318359,0.00488106,0.02635771,0.99964066,32,512,0
1,13,3,-0.00244141,-0.01220703,0.00488130,0.02440650,0.99969020,32,512,0
1,13,4,-0.00244141,-0.01123047,0.00488152,0.02245501,0.99973594,32,512,0
1,13,5,-0.00244141,-0.01025391,0.00488173,0.02050326,0.99977787,32,512,0
1,13,6,-0.00244141,-0.00927734,0.00488191,0.01855127,0.99981599,32,512,0
1,13,7,-0.00244141,-0.00830078,0.00488208,0.01659908,0.99985031,32,512,0
1,13,8,-0.00244141,-0.00732422,0.00488223,0.01464669,0.99988081,32,512,0
1,13,9,-0.00244141,-0.00634766,0.00488236,0.01269414,0.99990751,32,512,0
1,13,10,-0.00244141,-0.00537109,0.00488247,0.01074144,0.99993039,32,512,0
1,13,11,-0.00244141,-0.00439453,0.00488257,0.00878862,0.99994946,32,512,0
1,13,12,-0.00244141,-0.00341797,0.00488264,0.00683570,0.99996472,32,512,0
1,13,13,-0.00244141,-0.00244141,0.00488270,0.00488270,0.99997616,32,512,0
1,13,14,-0.00244141,-0.00146484,0.00488273,0.00292964,0.99998379,32,512,0
1,13,15,-0.00244141,-0.00048828,0.00488275,0.00097655,0.99998760,32,512,0
1,13,16,-0.00244141,0.00048828,0.00488275,-0.00097655,0.99998760,32,512,0
1,13,17,-0.00244141,0.00146484,0.00488273,-0.00292964,0.99998379,32,512,0
1,13,18,-0.00244141,0.00244141,0.00488270,-0.00488270,0.99997616,32,512,0
1,13,19,-0.00244141,0.00341797,0.00488264,-0.00683570,0.99996472,32,512,0
1,13,20,-0.00244141,0.00439453,0.00488257,-0.00878862,0.99994946,32,512,0
1,13,21,-0.00244141,0.00537109,0.00488247,-0.01074144,0.99993039,32,512,0
1,13,22,-0.00244141,0.00634766,0.00488236,-0.01269414,0.99990751,32,512,0
1,13,23,-0.00244141,0.00732422,0.00488223,-0.01464669,0.99988081,32,512,0
1,13,24,-0.00244141,0.00830078,0.00488208,-0.01659908,0.99985031,32,512,0
1,13,25,-0.00244141,0.00927734,0.00488191,-0.01855127,0.99981599,32,512,0
1,13,26,-0.00244141,0.01025391,0.00488173,-0.02050326,0.99977787,32,512,0
1,13,27,-0.00244141,0.01123047,0.00488152,-0.02245501,0.99973594,32,512,0
1,13,28,-0.00244141,0.01220703,0.00488130,-0.02440650,0.99969020,32,512,0
1,13,29,-0.00244141,0.01318359,0.00488106,-0.02635771,0.99964066,32,512,0
1,13,30,-0.00244141,0.01416016,0.00488080,-0.02830863,0.99958731,32,512,0
1,13,31,-0.00244141,0.01513672,0.00488052,-0.03025921,0.99953017,32,512,0
1,14,0,-0.00146484,-0.01513672,0.00292833,0.03025944,0.99953779,32,512,0
1,14,1,-0.00146484,-0.01416016,0.00292850,0.02830884,0.99959493,32,512,0
1,14,2,-0.00146484,-0.01318359,0.00292866,0.02635791,0.99964828,32,512,0
1,14,3,-0.00146484,-0.01220703,0.00292880,0.02440669,0.99969782,32,512,0
1,14,4,-0.00146484,-0.01123047,0.00292894,0.02245518,0.99974356,32,512,0
1,14,5,-0.00146484,-0.01025391,0.00292906,0.02050341,0.99978549,32,512,0
1,14,6,-0.00146484,-0.00927734,0.00292917,0.01855141,0.99982362,32,512,0
1,14,7,-0.00146484,-0.00830078,0.00292927,0.01659920,0.99985793,32,512,0
1,14,8,-0.00146484,-0.00732422,0.00292936,0.01464680,0.99988844,32,512,0
1,14,9,-0.00146484,-0.00634766,0.00292944,0.01269424,0.99991513,32,512,0
1,14,10,-0.00146484,-0.00537109,0.00292951,0.01074152,0.99993802,32,512,0
1,14,11,-0.00146484,-0.00439453,0.00292956,0.00878869,0.99995709,32,512,0
1,14,12,-0.00146484,-0.00341797,0.00292961,0.00683575,0.99997234,32,512,0
1,14,13,-0.00146484,-0.00244141,0.00292964,0.00488273,0.99998379,32,512,0
1,14,14,-0.00146484,-0.00146484,0.00292966,0.00292966,0.99999142,32,512,0
1,14,15,-0.00146484,-0.00048828,0.00292967,0.00097656,0.99999523,32,512,0
1,14,16,-0.00146484,0.00048828,0.00292967,-0.00097656,0.99999523,32,512,0
1,14,17,-0.00146484,0.00146484,0.00292966,-0.00292966,0.99999142,32,512,0
1,14,18,-0.00146484,0.00244141,0.00292964,-0.00488273,0.99998379,32,512,0
1,14,19,-0.00146484,0.00341797,0.00292961,-0.00683575,0.99997234,32,512,0
1,14,20,-0.00146484,0.00439453,0.00292956,-0.00878869,0.99995709,32,512,0
1,14,21,-0.00146484,0.00537109,0.00292951,-0.01074152,0.99993802,32,512,0
1,14,22,-0.00146484,0.00634766,0.00292944,-0.01269424,0.99991513,32,512,0
1,14,23,-0.00146484,0.00732422,0.00292936,-0.01464680,0.99988844,32,512,0
1,14,24,-0.00146484,0.00830078,0.00292927,-0.01659920,0.99985793,32,512,0
1,14,25,-0.00146484,0.00927734,0.00292917,-0.01855141,0.99982362,32,512,0
1,14,26,-0.00146484,0.01025391,0.00292906,-0.02050341,0.99978549,32,512,0
1,14,27,-0.00146484,0.01123047,0.00292894,-0.02245518,0.99974356,32,512,0
1,14,28,-0.00146484,0.01220703,0.00292880,-0.02440669,0.99969782,32,512,0
1,14,29,-0.00146484,0.01318359,0.00292866,-0.02635791,0.99964828,32,512,0
1,14,30,-0.00146484,0.01416016,0.00292850,-0.02830884,0.99959493,32,512,0
1,14,31,-0.00146484,0.01513672,0.00292833,-0.03025944,0.99953779,32,512,0
1,15,0,-0.00048828,-0.01513672,0.00097611,0.03025956,0.99954160,32,512,0
1,15,1,-0.00048828,-0.01416016,0.00097617,0.02830895,0.99959874,32,512,0
1,15,2,-0.00048828,-0.01318359,0.00097622,0.02635801,0.99965209,32,512,0
1,15,3,-0.00048828,-0.01220703,0.00097627,0.02440678,0.99970163,32,512,0
1,15,4,-0.00048828,-0.01123047,0.00097632,0.02245526,0.99974737,32,512,0
1,15,5,-0.00048828,-0.01025391,0.00097636,0.02050349,0.99978930,32,512,0
1,15,6,-0.00048828,-0.00927734,0.00097639,0.01855149,0.99982743,32,512,0
1,15,7,-0.00048828,-0.00830078,0.00097643,0.01659927,0.99986175,32,512,0
1,15,8,-0.00048828,-0.00732422,0.00097646,0.01464686,0.99989225,32,512,0
1,15,9,-0.00048828,-0.00634766,0.00097648,0.01269428,0.99991895,32,512,0
1,15,10,-0.00048828,-0.00537109,0.00097651,0.01074156,0.99994183,32,512,0
1,15,11,-0.00048828,-0.00439453,0.00097652,0.00878872,0.99996090,32,512,0
1,15,12,-0.00048828,-0.00341797,0.00097654,0.00683577,0.99997616,32,512,0
1,15,13,-0.00048828,-0.00244141,0.00097655,0.00488275,0.99998760,32,512,0
1,15,14,-0.00048828,-0.00146484,0.00097656,0.00292967,0.99999523,32,512,0
1,15,15,-0.00048828,-0.00048828,0.00097656,0.00097656,0.99999905,32,512,0
1,15,16,-0.00048828,0.00048828,0.00097656,-0.00097656,0.99999905,32,512,0
1,15,17,-0.00048828,0.00146484,0.00097656,-0.00292967,0.99999523,32,512,0
1,15,18,-0.00048828,0.00244141,0.00097655,-0.00488275,0.99998760,32,512,0
1,15,19,-0.00048828,0.00341797,0.00097654,-0.00683577,0.99997616,32,512,0
1,15,20,-0.00048828,0.00439453,0.00097652,-0.00878872,0.99996090,32,512,0
1,15,21,-0.00048828,0.00537109,0.00097651,-0.01074156,0.99994183,32,512,0
1,15,22,-0.00048828,0.00634766,0.00097648,-0.01269428,0.99991895,32,512,0
1,15,23,-0.00048828,0.00732422,0.00097646,-0.01464686,0.99989225,32,512,0
1,15,24,-0.00048828,0.00830078,0.00097643,-0.01659927,0.99986175,32,512,0
1,15,25,-0.00048828,0.00927734,0.00097639,-0.01855149,0.99982743,32,512,0
1,15,26,-0.00048828,0.01025391,0.00097636,-0.02050349,0.99978930,32,512,0
1,15,27,-0.00048828,0.01123047,0.00097632,-0.02245526,0.99974737,32,512,0
1,15,28,-0.00048828,0.01220703,0.00097627,-0.02440678,0.99970163,32,512,0
1,15,29,-0.00048828,0.01318359,0.00097622,-0.02635801,0.99965209,32,512,0
1,15,30,-0.00048828,0.01416016,0.00097617,-0.02830895,0.99959874,32,512,0
1,15,31,-0.00048828,0.01513672,0.00097611,-0.03025956,0.99954160,32,512,0
1,16,0,0.00048828,-0.01513672,-0.00097611,0.03025956,0.99954160,32,512,0
1,16,1,0.00048828,-0.01416016,-0.00097617,0.02830895,0.99959874,32,512,0
1,16,2,0.00048828,-0.01318359,-0.00097622,0.02635801,0.99965209,32,512,0
1,16,3,0.00048828,-0.01220703,-0.00097627,0.02440678,0.99970163,32,512,0
1,16,4,0.00048828,-0.01123047,-0.00097632,0.02245526,0.99974737,32,512,0
1,16,5,0.00048828,-0.01025391,-0.00097636,0.02050349,0.99978930,32,512,0
1,16,6,0.00048828,-0.00927734,-0.00097639,0.01855149,0.99982743,32,512,0
1,16,7,0.00048828,-0.00830078,-0.00097643,0.01659927,0.99986175,32,512,0
1,16,8,0.00048828,-0.00732422,-0.00097646,0.01464686,0.99989225,32,512,0
1,16,9,0.00048828,-0.00634766,-0.00097648,0.01269428,0.99991895,32,512,0
1,16,10,0.00048828,-0.00537109,-0.00097651,0.01074156,0.99994183,32,512,0
1,16,11,0.00048828,-0.00439453,-0.00097652,0.00878872,0.99996090,32,512,0
1,16,12,0.00048828,-0.00341797,-0.00097654,0.00683577,0.99997616,32,512,0
1,16,13,0.00048828,-0.00244141,-0.00097655,0.00488275,0.99998760,32,512,0
1,16,14,0.00048828,-0.00146484,-0.00097656,0.00292967,0.99999523,32,512,0
1,16,15,0.00048828,-0.00048828,-0.00097656,0.00097656,0.99999905,32,512,0
1,16,16,0.00048828,0.00048828,-0.00097656,-0.00097656,0.99999905,32,512,0
1,16,17,0.00048828,0.00146484,-0.00097656,-0.00292967,0.99999523,32,512,0
1,16,18,0.00048828,0.00244141,-0.00097655,-0.00488275,0.99998760,32,512,0
1,16,19,0.00048828,0.00341797,-0.00097654,-0.00683577,0.99997616,32,512,0
1,16,20,0.00048828,0.00439453,-0.00097652,-0.00878872,0.99996090,32,512,0
1,16,21,0.00048828,0.00537109,-0.00097651,-0.01074156,0.99994183,32,512,0
1,16,22,0.00048828,0.00634766,-0.00097648,-0.01269428,0.99991895,32,512,0
1,16,23,0.00048828,0.00732422,-0.00097646,-0.01464686,0.99989225,32,512,0
1,16,24,0.00048828,0.00830078,-0.00097643,-0.01659927,0.99986175,32,512,0
1,16,25,0.00048828,0.00927734,-0.00097639,-0.01855149,0.99982743,32,512,0
1,16,26,0.00048828,0.01025391,-0.00097636,-0.02050349,0.99978930,32,512,0
1,16,27,0.00048828,0.01123047,-0.00097632,-0.02245526,0.99974737,32,512,0
1,16,28,0.00048828,0.01220703,-0.00097627,-0.02440678,0.99970163,32,512,0
1,16,29,0.00048828,0.01318359,-0.00097622,-0.02635801,0.99965209,32,512,0
1,16,30,0.00048828,0.01416016,-0.00097617,-0.02830895,0.99959874,32,512,0
1,16,31,0.00048828,0.01513672,-0.00097611,-0.03025956,0.99954160,32,512,0
1,17,0,0.00146484,-0.01513672,-0.00292833,0.03025944,0.99953779,32,512,0
1,17,1,0.00146484,-0.01416016,-0.00292850,0.02830884,0.99959493,32,512,0
1,17,2,0.00146484,-0.01318359,-0.00292866,0.02635791,0.99964828,32,512,0
1,17,3,0.00146484,-0.01220703,-0.00292880,0.02440669,0.99969782,32,512,0
1,17,4,0.00146484,-0.01123047,-0.00292894,0.02245518,0.99974356,32,512,0
1,17,5,0.00146484,-0.01025391,-0.00292906,0.02050341,0.99978549,32,512,0
1,17,6,0.00146484,-0.00927734,-0.00292917,0.01855141,0.99982362,32,512,0
1,17,7,0.00146484,-0.00830078,-0.00292927,0.01659920,0.99985793,32,512,0
1,17,8,0.00146484,-0.00732422,-0.00292936,0.01464680,0.99988844,32,512,0
1,17,9,0.00146484,-0.00634766,-0.00292944,0.01269424,0.99991513,32,512,0
1,17,10,0.00146484,-0.00537109,-0.00292951,0.01074152,0.99993802,32,512,0
1,17,11,0.00146484,-0.00439453,-0.00292956,0.00878869,0.99995709,32,512,0
1,17,12,0.00146484,-0.00341797,-0.00292961,0.00683575,0.99997234,32,512,0
1,17,13,0.00146484,-0.00244141,-0.00292964,0.00488273,0.99998379,32,512,0
1,17,14,0.00146484,-0.00146484,-0.00292966,0.00292966,0.99999142,32,512,0
1,17,15,0.00146484,-0.00048828,-0.00292967,0.00097656,0.99999523,32,512,0
1,17,16,0.00146484,0.00048828,-0.00292967,-0.00097656,0.99999523,32,512,0
1,17,17,0.00146484,0.00146484,-0.00292966,-0.00292966,0.99999142,32,512,0
1,17,18,0.00146484,0.00244141,-0.00292964,-0.00488273,0.99998379,32,512,0
1,17,19,0.00146484,0.00341797,-0.00292961,-0.00683575,0.99997234,32,512,0
1,17,20,0.00146484,0.00439453,-0.00292956,-0.00878869,0.99995709,32,512,0
1,17,21,0.00146484,0.00537109,-0.00292951,-0.01074152,0.99993802,32,512,0
1,17,22,0.00146484,0.00634766,-0.00292944,-0.01269424,0.99991513,32,512,0
1,17,23,0.00146484,0.00732422,-0.00292936,-0.01464680,0.99988844,32,512,0
1,17,24,0.00146484,0.00830078,-0.00292927,-0.01659920,0.99985793,32,512,0
1,17,25,0.00146484,0.00927734,-0.00292917,-0.01855141,0.99982362,32,512,0
1,17,26,0.00146484,0.01025391,-0.00292906,-0.02050341,0.99978549,32,512,0
1,17,27,0.00146484,0.01123047,-0.00292894,-0.02245518,0.99974356,32,512,0
1,17,28,0.00146484,0.01220703,-0.00292880,-0.02440669,0.99969782,32,512,0
1,17,29,0.00146484,0.01318359,-0.00292866,-0.02635791,0.99964828,32,512,0
1,17,30,0.00146484,0.01416016,-0.00292850,-0.02830884,0.99959493,32,512,0
1,17,31,0.00146484,0.01513672,-0.00292833,-0.03025944,0.99953779,32,512,0
1,18,0,0.00244141,-0.01513672,-0.00488052,0.03025921,0.99953017,32,512,0
1,18,1,0.00244141,-0.01416016,-0.00488080,0.02830863,0.99958731,32,512,0
1,18,2,0.00244141,-0.01318359,-0.00488106,0.02635771,0.99964066,32,512,0
1,18,3,0.00244141,-0.01220703,-0.00488130,0.02440650,0.99969020,32,512,0
1,18,4,0.00244141,-0.01123047,-0.00488152,0.02245501,0.99973594,32,512,0
1,18,5,0.00244141,-0.01025391,-0.00488173,0.02050326,0.99977787,32,512,0
1,18,6,0.00244141,-0.00927734,-0.00488191,0.01855127,0.99981599,32,512,0
1,18,7,0.00244141,-0.00830078,-0.00488208,0.01659908,0.99985031,32,512,0
1,18,8,0.00244141,-0.00732422,-0.00488223,0.01464669,0.99988081,32,512,0
1,18,9,0.00244141,-0.00634766,-0.00488236,0.01269414,0.99990751,32,512,0
1,18,10,0.00244141,-0.00537109,-0.00488247,0.01074144,0.99993039,32,512,0
1,18,11,0.00244141,-0.00439453,-0.00488257,0.00878862,0.99994946,32,512,0
1,18,12,0.00244141,-0.00341797,-0.00488264,0.00683570,0.99996472,32,512,0
1,18,13,0.00244141,-0.00244141,-0.00488270,0.00488270,0.99997616,32,512,0
1,18,14,0.00244141,-0.00146484,-0.00488273,0.00292964,0.99998379,32,512,0
1,18,15,0.00244141,-0.00048828,-0.00488275,0.00097655,0.99998760,32,512,0
1,18,16,0.00244141,0.00048828,-0.00488275,-0.00097655,0.99998760,32,512,0
1,18,17,0.00244141,0.00146484,-0.00488273,-0.00292964,0.99998379,32,512,0
1,18,18,0.00244141,0.00244141,-0.00488270,-0.00488270,0.99997616,32,512,0
1,18,19,0.00244141,0.00341797,-0.00488264,-0.00683570,0.99996472,32,512,0
1,18,20,0.00244141,0.00439453,-0.00488257,-0.00878862,0.99994946,32,512,0
1,18,21,0.00244141,0.00537109,-0.00488247,-0.01074144,0.99993039,32,512,0
1,18,22,0.00244141,0.00634766,-0.00488236,-0.01269414,0.99990751,32,512,0
1,18,23,0.00244141,0.00732422,-0.00488223,-0.01464669,0.99988081,32,512,0
1,18,24,0.00244141,0.00830078,-0.00488208,-0.01659908,0.99985031,32,512,0
1,18,25,0.00244141,0.00927734,-0.00488191,-0.01855127,0.99981599,32,512,0
1,18,26,0.00244141,0.01025391,-0.00488173,-0.02050326,0.99977787,32,512,0
1,18,27,0.00244141,0.01123047,-0.00488152,-0.02245501,0.99973594,32,512,0
1,18,28,0.00244141,0.01220703,-0.00488130,-0.02440650,0.99969020,32,512,0
1,18,29,0.00244141,0.01318359,-0.00488106,-0.02635771,0.99964066,32,512,0
1,18,30,0.00244141,0.01416016,-0.00488080,-0.02830863,0.99958731,32,512,0
1,18,31,0.00244141,0.01513672,-0.00488052,-0.03025921,0.99953017,32,512,0
1,19,0,0.00341797,-0.01513672,-0.00683265,0.03025887,0.99951874,32,512,0
1,19,1,0.00341797,-0.01416016,-0.00683304,0.02830830,0.99957588,32,512,0
1,19,2,0.00341797,-0.01318359,-0.00683340,0.02635741,0.99962923,32,512,0
1,19,3,0.00341797,-0.01220703,-0.00683374,0.02440622,0.99967877,32,512,0
1,19,4,0.00341797,-0.01123047,-0.00683405,0.02245475,0.99972450,32,512,0
1,19,5,0.00341797,-0.01025391,-0.00683434,0.02050302,0.99976643,32,512,0
1,19,6,0.00341797,-0.00927734,-0.00683460,0.01855106,0.99980455,32,512,0
1,19,7,0.00341797,-0.00830078,-0.00683484,0.01659889,0.99983887,32,512,0
1,19,8,0.00341797,-0.00732422,-0.00683504,0.01464652,0.99986937,32,512,0
1,19,9,0.00341797,-0.00634766,-0.00683523,0.01269399,0.99989607,32,512,0
1,19,10,0.00341797,-0.00537109,-0.00683538,0.01074132,0.99991895,32,512,0
1,19,11,0.00341797,-0.00439453,-0.00683551,0.00878852,0.99993802,32,512,0
1,19,12,0.00341797,-0.00341797,-0.00683562,0.00683562,0.99995327,32,512,0
1,19,13,0.00341797,-0.00244141,-0.00683570,0.00488264,0.99996472,32,512,0
1,19,14,0.00341797,-0.00146484,-0.00683575,0.00292961,0.99997234,32,512,0
1,19,15,0.00341797,-0.00048828,-0.00683577,0.00097654,0.99997616,32,512,0
1,19,16,0.00341797,0.00048828,-0.00683577,-0.00097654,0.99997616,32,512,0
1,19,17,0.00341797,0.00146484,-0.00683575,-0.00292961,0.99997234,32,512,0
1,19,18,0.00341797,0.00244141,-0.00683570,-0.00488264,0.99996472,32,512,0
1,19,19,0.00341797,0.00341797,-0.00683562,-0.00683562,0.99995327,32,512,0
1,19,20,0.00341797,0.00439453,-0.00683551,-0.00878852,0.99993802,32,512,0
1,19,21,0.00341797,0.00537109,-0.00683538,-0.01074132,0.99991895,32,512,0
1,19,22,0.00341797,0.00634766,-0.00683523,-0.01269399,0.99989607,32,512,0
1,19,23,0.00341797,0.00732422,-0.00683504,-0.01464652,0.99986937,32,512,0
1,19,24,0.00341797,0.00830078,-0.00683484,-0.01659889,0.99983887,32,512,0
1,19,25,0.00341797,0.00927734,-0.00683460,-0.01855106,0.99980455,32,512,0
1,19,26,0.00341797,0.01025391,-0.00683434,-0.02050302,0.99976643,32,512,0
1,19,27,0.00341797,0.01123047,-0.00683405,-0.02245475,0.99972450,32,512,0
1,19,28,0.00341797,0.01220703,-0.00683374,-0.02440622,0.99967877,32,512,0
1,19,29,0.00341797,0.01318359,-0.00683340,-0.02635741,0.99962923,32,512,0
1,19,30,0.00341797,0.01416016,-0.00683304,-0.02830830,0.99957588,32,512,0
1,19,31,0.00341797,0.01513672,-0.00683265,-0.03025887,0.99951874,32,512,0
1,20,0,0.00439453,-0.01513672,-0.00878470,0.03025841,0.99950351,32,512,0
1,20,1,0.00439453,-0.01416016,-0.00878520,0.02830787,0.99956065,32,512,0
1,20,2,0.00439453,-0.01318359,-0.00878567,0.02635701,0.99961399,32,512,0
1,20,3,0.00439453,-0.01220703,-0.00878611,0.02440585,0.99966352,32,512,0
1,20,4,0.00439453,-0.01123047,-0.00878651,0.02245441,0.99970926,32,512,0
1,20,5,0.00439453,-0.01025391,-0.00878688,0.02050271,0.99975118,32,512,0
1,20,6,0.00439453,-0.00927734,-0.00878721,0.01855078,0.99978930,32,512,0
1,20,7,0.00439453,-0.00830078,-0.00878751,0.01659863,0.99982362,32,512,0
1,20,8,0.00439453,-0.00732422,-0.00878778,0.01464630,0.99985412,32,512,0
1,20,9,0.00439453,-0.00634766,-0.00878801,0.01269380,0.99988081,32,512,0
1,20,10,0.00439453,-0.00537109,-0.00878822,0.01074115,0.99990369,32,512,0
1,20,11,0.00439453,-0.00439453,-0.00878838,0.00878838,0.99992276,32,512,0
1,20,12,0.00439453,-0.00341797,-0.00878852,0.00683551,0.99993802,32,512,0
1,20,13,0.00439453,-0.00244141,-0.00878862,0.00488257,0.99994946,32,512,0
1,20,14,0.00439453,-0.00146484,-0.00878869,0.00292956,0.99995709,32,512,0
1,20,15,0.00439453,-0.00048828,-0.00878872,0.00097652,0.99996090,32,512,0
1,20,16,0.00439453,0.00048828,-0.00878872,-0.00097652,0.99996090,32,512,0
1,20,17,0.00439453,0.00146484,-0.00878869,-0.00292956,0.99995709,32,512,0
1,20,18,0.00439453,0.00244141,-0.00878862,-0.00488257,0.99994946,32,512,0
1,20,19,0.00439453,0.00341797,-0.00878852,-0.00683551,0.99993802,32,512,0
1,20,20,0.00439453,0.00439453,-0.00878838,-0.00878838,0.99992276,32,512,0
1,20,21,0.00439453,0.00537109,-0.00878822,-0.01074115,0.99990369,32,512,0
1,20,22,0.00439453,0.00634766,-0.00878801,-0.01269380,0.99988081,32,512,0
1,20,23,0.00439453,0.00732422,-0.00878778,-0.01464630,0.99985412,32,512,0
1,20,24,0.00439453,0.00830078,-0.00878751,-0.01659863,0.99982362,32,512,0
1,20,25,0.00439453,0.00927734,-0.00878721,-0.01855078,0.99978930,32,512,0
1,20,26,0.00439453,0.01025391,-0.00878688,-0.02050271,0.99975118,32,512,0
1,20,27,0.00439453,0.01123047,-0.00878651,-0.02245441,0.99970926,32,512,0
1,20,28,0.00439453,0.01220703,-0.00878611,-0.02440585,0.99966352,32,512,0
1,20,29,0.00439453,0.01318359,-0.00878567,-0.02635701,0.99961399,32,512,0
1,20,30,0.00439453,0.01416016,-0.00878520,-0.02830787,0.99956065,32,512,0
1,20,31,0.00439453,0.01513672,-0.00878470,-0.03025841,0.99950351,32,512,0
1,21,0,0.00537109,-0.01513672,-0.01073665,0.03025783,0.99948446,32,512,0
1,21,1,0.00537109,-0.01416016,-0.01073726,0.02830733,0.99954160,32,512,0
1,21,2,0.00537109,-0.01318359,-0.01073784,0.02635651,0.99959493,32,512,0
1,21,3,0.00537109,-0.01220703,-0.01073837,0.02440538,0.99964447,32,512,0
1,21,4,0.00537109,-0.01123047,-0.01073886,0.02245398,0.99969020,32,512,0
1,21,5,0.00537109,-0.01025391,-0.01073931,0.02050232,0.99973213,32,512,0
1,21,6,0.00537109,-0.00927734,-0.01073972,0.01855042,0.99977024,32,512,0
1,21,7,0.00537109,-0.00830078,-0.01074009,0.01659832,0.99980455,32,512,0
1,21,8,0.00537109,-0.00732422,-0.01074042,0.01464602,0.99983506,32,512,0
1,21,9,0.00537109,-0.00634766,-0.01074070,0.01269356,0.99986175,32,512,0
1,21,10,0.00537109,-0.00537109,-0.01074095,0.01074095,0.99988463,32,512,0
1,21,11,0.00537109,-0.00439453,-0.01074115,0.00878822,0.99990369,32,512,0
1,21,12,0.00537109,-0.00341797,-0.01074132,0.00683538,0.99991895,32,512,0
1,21,13,0.00537109,-0.00244141,-0.01074144,0.00488247,0.99993039,32,512,0
1,21,14,0.00537109,-0.00146484,-0.01074152,0.00292951,0.99993802,32,512,0
1,21,15,0.00537109,-0.00048828,-0.01074156,0.00097651,0.99994183,32,512,0
1,21,16,0.00537109,0.00048828,-0.01074156,-0.00097651,0.99994183,32,512,0
1,21,17,0.00537109,0.00146484,-0.01074152,-0.00292951,0.99993802,32,512,0
1,21,18,0.00537109,0.00244141,-0.01074144,-0.00488247,0.99993039,32,512,0
1,21,19,0.00537109,0.00341797,-0.01074132,-0.00683538,0.99991895,32,512,0
1,21,20,0.00537109,0.00439453,-0.01074115,-0.00878822,0.99990369,32,512,0
1,21,21,0.00537109,0.00537109,-0.01074095,-0.01074095,0.99988463,32,512,0
1,21,22,0.00537109,0.00634766,-0.01074070,-0.01269356,0.99986175,32,512,0
1,21,23,0.00537109,0.00732422,-0.01074042,-0.01464602,0.99983506,32,512,0
1,21,24,0.00537109,0.00830078,-0.01074009,-0.01659832,0.99980455,32,512,0
1,21,25,0.00537109,0.00927734,-0.01073972,-0.01855042,0.99977024,32,512,0
1,21,26,0.00537109,0.01025391,-0.01073931,-0.02050232,0.99973213,32,512,0
1,21,27,0.00537109,0.01123047,-0.01073886,-0.02245398,0.99969020,32,512,0
1,21,28,0.00537109,0.01220703,-0.01073837,-0.02440538,0.99964447,32,512,0
1,21,29,0.00537109,0.01318359,-0.01073784,-0.02635651,0.99959493,32,512,0
1,21,30,0.00537109,0.01416016,-0.01073726,-0.02830733,0.99954160,32,512,0
1,21,31,0.00537109,0.01513672,-0.01073665,-0.03025783,0.99948446,32,512,0
1,22,0,0.00634766,-0.01513672,-0.01268848,0.03025714,0.99946161,32,512,0
1,22,1,0.00634766,-0.01416016,-0.01268920,0.02830668,0.99951874,32,512,0
1,22,2,0.00634766,-0.01318359,-0.01268988,0.02635590,0.99957208,32,512,0
1,22,3,0.00634766,-0.01220703,-0.01269051,0.02440482,0.99962161,32,512,0
1,22,4,0.00634766,-0.01123047,-0.01269109,0.02245347,0.99966733,32,512,0
1,22,5,0.00634766,-0.01025391,-0.01269162,0.02050185,0.99970926,32,512,0
1,22,6,0.00634766,-0.00927734,-0.01269211,0.01855000,0.99974737,32,512,0
1,22,7,0.00634766,-0.00830078,-0.01269254,0.01659794,0.99978168,32,512,0
1,22,8,0.00634766,-0.00732422,-0.01269293,0.01464569,0.99981218,32,512,0
1,22,9,0.00634766,-0.00634766,-0.01269327,0.01269327,0.99983887,32,512,0
1,22,10,0.00634766,-0.00537109,-0.01269356,0.01074070,0.99986175,32,512,0
1,22,11,0.00634766,-0.00439453,-0.01269380,0.00878801,0.99988081,32,512,0
1,22,12,0.00634766,-0.00341797,-0.01269399,0.00683523,0.99989607,32,512,0
1,22,13,0.00634766,-0.00244141,-0.01269414,0.00488236,0.99990751,32,512,0
1,22,14,0.00634766,-0.00146484,-0.01269424,0.00292944,0.99991513,32,512,0
1,22,15,0.00634766,-0.00048828,-0.01269428,0.00097648,0.99991895,32,512,0
1,22,16,0.00634766,0.00048828,-0.01269428,-0.00097648,0.99991895,32,512,0
1,22,17,0.00634766,0.00146484,-0.01269424,-0.00292944,0.99991513,32,512,0
1,22,18,0.00634766,0.00244141,-0.01269414,-0.00488236,0.99990751,32,512,0
1,22,19,0.00634766,0.00341797,-0.01269399,-0.00683523,0.99989607,32,512,0
1,22,20,0.00634766,0.00439453,-0.01269380,-0.00878801,0.99988081,32,512,0
1,22,21,0.00634766,0.00537109,-0.01269356,-0.01074070,0.99986175,32,512,0
1,22,22,0.00634766,0.00634766,-0.01269327,-0.01269327,0.99983887,32,512,0
1,22,23,0.00634766,0.00732422,-0.01269293,-0.01464569,0.99981218,32,512,0
1,22,24,0.00634766,0.00830078,-0.01269254,-0.01659794,0.99978168,32,512,0
1,22,25,0.00634766,0.00927734,-0.01269211,-0.01855000,0.99974737,32,512,0
1,22,26,0.00634766,0.01025391,-0.01269162,-0.02050185,0.99970926,32,512,0
1,22,27,0.00634766,0.01123047,-0.01269109,-0.02245347,0.99966733,32,512,0
1,22,28,0.00634766,0.01220703,-0.01269051,-0.02440482,0.99962161,32,512,0
1,22,29,0.00634766,0.01318359,-0.01268988,-0.02635590,0.99957208,32,512,0
1,22,30,0.00634766,0.01416016,-0.01268920,-0.02830668,0.99951874,32,512,0
1,22,31,0.00634766,0.01513672,-0.01268848,-0.03025714,0.99946161,32,512,0
1,23,0,0.00732422,-0.01513672,-0.01464016,0.03025633,0.99943495,32,512,0
1,23,1,0.00732422,-0.01416016,-0.01464100,0.02830593,0.99949208,32,512,0
1,23,2,0.00732422,-0.01318359,-0.01464178,0.02635520,0.99954541,32,512,0
1,23,3,0.00732422,-0.01220703,-0.01464250,0.02440417,0.99959493,32,512,0
1,23,4,0.00732422,-0.01123047,-0.01464317,0.02245287,0.99964066,32,512,0
1,23,5,0.00732422,-0.01025391,-0.01464379,0.02050130,0.99968258,32,512,0
1,23,6,0.00732422,-0.00927734,-0.01464435,0.01854950,0.99972069,32,512,0
1,23,7,0.00732422,-0.00830078,-0.01464485,0.01659750,0.99975500,32,512,0
1,23,8,0.00732422,-0.00732422,-0.01464530,0.01464530,0.99978549,32,512,0
1,23,9,0.00732422,-0.00634766,-0.01464569,0.01269293,0.99981218,32,512,0
1,23,10,0.00732422,-0.00537109,-0.01464602,0.01074042,0.99983506,32,512,0
1,23,11,0.00732422,-0.00439453,-0.01464630,0.00878778,0.99985412,32,512,0
1,23,12,0.00732422,-0.00341797,-0.01464652,0.00683504,0.99986937,32,512,0
1,23,13,0.00732422,-0.00244141,-0.01464669,0.00488223,0.99988081,32,512,0
1,23,14,0.00732422,-0.00146484,-0.01464680,0.00292936,0.99988844,32,512,0
1,23,15,0.00732422,-0.00048828,-0.01464686,0.00097646,0.99989225,32,512,0
1,23,16,0.00732422,0.00048828,-0.01464686,-0.00097646,0.99989225,32,512,0
1,23,17,0.00732422,0.00146484,-0.01464680,-0.00292936,0.99988844,32,512,0
1,23,18,0.00732422,0.00244141,-0.01464669,-0.00488223,0.99988081,32,512,0
1,23,19,0.00732422,0.00341797,-0.01464652,-0.00683504,0.99986937,32,512,0
1,23,20,0.00732422,0.00439453,-0.01464630,-0.00878778,0.99985412,32,512,0
1,23,21,0.00732422,0.00537109,-0.01464602,-0.01074042,0.99983506,32,512,0
1,23,22,0.00732422,0.00634766,-0.01464569,-0.01269293,0.99981218,32,512,0
1,23,23,0.00732422,0.00732422,-0.01464530,-0.01464530,0.99978549,32,512,0
1,23,24,0.00732422,0.00830078,-0.01464485,-0.01659750,0.99975500,32,512,0
1,23,25,0.00732422,0.00927734,-0.01464435,-0.01854950,0.99972069,32,512,0
1,23,26,0.00732422,0.01025391,-0.01464379,-0.02050130,0.99968258,32,512,0
1,23,27,0.00732422,0.01123047,-0.01464317,-0.02245287,0.99964066,32,512,0
1,23,28,0.00732422,0.01220703,-0.01464250,-0.02440417,0.99959493,32,512,0
1,23,29,0.00732422,0.01318359,-0.01464178,-0.02635520,0.99954541,32,512,0
1,23,30,0.00732422,0.01416016,-0.01464100,-0.02830593,0.99949208,32,512,0
1,23,31,0.00732422,0.01513672,-0.01464016,-0.03025633,0.99943495,32,512,0
1,24,0,0.00830078,-0.01513672,-0.01659168,0.03025541,0.99940449,32,512,0
1,24,1,0.00830078,-0.01416016,-0.01659262,0.02830507,0.99946161,32,512,0
1,24,2,0.00830078,-0.01318359,-0.01659351,0.02635440,0.99951493,32,512,0
1,24,3,0.00830078,-0.01220703,-0.01659433,0.02440343,0.99956446,32,512,0
1,24,4,0.00830078,-0.01123047,-0.01659509,0.02245218,0.99961018,32,512,0
1,24,5,0.00830078,-0.01025391,-0.01659579,0.02050068,0.99965209,32,512,0
1,24,6,0.00830078,-0.00927734,-0.01659642,0.01854894,0.99969020,32,512,0
1,24,7,0.00830078,-0.00830078,-0.01659699,0.01659699,0.99972450,32,512,0
1,24,8,0.00830078,-0.00732422,-0.01659750,0.01464485,0.99975500,32,512,0
1,24,9,0.00830078,-0.00634766,-0.01659794,0.01269254,0.99978168,32,512,0
1,24,10,0.00830078,-0.00537109,-0.01659832,0.01074009,0.99980455,32,512,0
1,24,11,0.00830078,-0.00439453,-0.01659863,0.00878751,0.99982362,32,512,0
1,24,12,0.00830078,-0.00341797,-0.01659889,0.00683484,0.99983887,32,512,0
1,24,13,0.00830078,-0.00244141,-0.01659908,0.00488208,0.99985031,32,512,0
1,24,14,0.00830078,-0.00146484,-0.01659920,0.00292927,0.99985793,32,512,0
1,24,15,0.00830078,-0.00048828,-0.01659927,0.00097643,0.99986175,32,512,0
1,24,16,0.00830078,0.00048828,-0.01659927,-0.00097643,0.99986175,32,512,0
1,24,17,0.00830078,0.00146484,-0.01659920,-0.00292927,0.99985793,32,512,0
1,24,18,0.00830078,0.00244141,-0.01659908,-0.00488208,0.99985031,32,512,0
1,24,19,0.00830078,0.00341797,-0.01659889,-0.00683484,0.99983887,32,512,0
1,24,20,0.00830078,0.00439453,-0.01659863,-0.00878751,0.99982362,32,512,0
1,24,21,0.00830078,0.00537109,-0.01659832,-0.01074009,0.99980455,32,512,0
1,24,22,0.00830078,0.00634766,-0.01659794,-0.01269254,0.99978168,32,512,0
1,24,23,0.00830078,0.00732422,-0.01659750,-0.01464485,0.99975500,32,512,0
1,24,24,0.00830078,0.00830078,-0.01659699,-0.01659699,0.99972450,32,512,0
1,24,25,0.00830078,0.00927734,-0.01659642,-0.01854894,0.99969020,32,512,0
1,24,26,0.00830078,0.01025391,-0.01659579,-0.02050068,0.99965209,32,512,0
1,24,27,0.00830078,0.01123047,-0.01659509,-0.02245218,0.99961018,32,512,0
1,24,28,0.00830078,0.01220703,-0.01659433,-0.02440343,0.99956446,32,512,0
1,24,29,0.00830078,0.01318359,-0.01659351,-0.02635440,0.99951493,32,512,0
1,24,30,0.00830078,0.01416016,-0.01659262,-0.02830507,0.99946161,32,512,0
1,24,31,0.00830078,0.01513672,-0.01659168,-0.03025541,0.99940449,32,512,0
1,25,0,0.00927734,-0.01513672,-0.01854300,0.03025437,0.99937022,32,512,0
1,25,1,0.00927734,-0.01416016,-0.01854406,0.02830409,0.99942733,32,512,0
1,25,2,0.00927734,-0.01318359,-0.01854505,0.02635349,0.99948065,32,512,0
1,25,3,0.00927734,-0.01220703,-0.01854597,0.02440259,0.99953017,32,512,0
1,25,4,0.00927734,-0.01123047,-0.01854682,0.02245141,0.99957588,32,512,0
1,25,5,0.00927734,-0.01025391,-0.01854760,0.02049997,0.99961780,32,512,0
1,25,6,0.00927734,-0.00927734,-0.01854830,0.01854830,0.99965590,32,512,0
1,25,7,0.00927734,-0.00830078,-0.01854894,0.01659642,0.99969020,32,512,0
1,25,8,0.00927734,-0.00732422,-0.01854950,0.01464435,0.99972069,32,512,0
1,25,9,0.00927734,-0.00634766,-0.01855000,0.01269211,0.99974737,32,512,0
1,25,10,0.00927734,-0.00537109,-0.01855042,0.01073972,0.99977024,32,512,0
1,25,11,0.00927734,-0.00439453,-0.01855078,0.00878721,0.99978930,32,512,0
1,25,12,0.00927734,-0.00341797,-0.01855106,0.00683460,0.99980455,32,512,0
1,25,13,0.00927734,-0.00244141,-0.01855127,0.00488191,0.99981599,32,512,0
1,25,14,0.00927734,-0.00146484,-0.01855141,0.00292917,0.99982362,32,512,0
1,25,15,0.00927734,-0.00048828,-0.01855149,0.00097639,0.99982743,32,512,0
1,25,16,0.00927734,0.00048828,-0.01855149,-0.00097639,0.99982743,32,512,0
1,25,17,0.00927734,0.00146484,-0.01855141,-0.00292917,0.99982362,32,512,0
1,25,18,0.00927734,0.00244141,-0.01855127,-0.00488191,0.99981599,32,512,0
1,25,19,0.00927734,0.00341797,-0.01855106,-0.00683460,0.99980455,32,512,0
1,25,20,0.00927734,0.00439453,-0.01855078,-0.00878721,0.99978930,32,512,0
1,25,21,0.00927734,0.00537109,-0.01855042,-0.01073972,0.99977024,32,512,0
1,25,22,0.00927734,0.00634766,-0.01855000,-0.01269211,0.99974737,32,512,0
1,25,23,0.00927734,0.00732422,-0.01854950,-0.01464435,0.99972069,32,512,0
1,25,24,0.00927734,0.00830078,-0.01854894,-0.01659642,0.99969020,32,512,0
1,25,25,0.00927734,0.00927734,-0.01854830,-0.01854830,0.99965590,32,512,0
1,25,26,0.00927734,0.01025391,-0.01854760,-0.02049997,0.99961780,32,512,0
1,25,27,0.00927734,0.01123047,-0.01854682,-0.02245141,0.99957588,32,512,0
1,25,28,0.00927734,0.01220703,-0.01854597,-0.02440259,0.99953017,32,512,0
1,25,29,0.00927734,0.01318359,-0.01854505,-0.02635349,0.99948065,32,512,0
1,25,30,0.00927734,0.01416016,-0.01854406,-0.02830409,0.99942733,32,512,0
1,25,31,0.00927734,0.01513672,-0.01854300,-0.03025437,0.99937022,32,512,0
1,26,0,0.01025391,-0.01513672,-0.02049412,0.03025322,0.99933214,32,512,0
1,26,1,0.01025391,-0.01416016,-0.02049529,0.02830302,0.99938925,32,512,0
1,26,2,0.01025391,-0.01318359,-0.02049638,0.02635249,0.99944257,32,512,0
1,26,3,0.01025391,-0.01220703,-0.02049740,0.02440166,0.99949208,32,512,0
1,26,4,0.01025391,-0.01123047,-0.02049833,0.02245056,0.99953779,32,512,0
1,26,5,0.01025391,-0.01025391,-0.02049919,0.02049919,0.99957969,32,512,0
1,26,6,0.01025391,-0.00927734,-0.02049997,0.01854760,0.99961780,32,512,0
1,26,7,0.01025391,-0.00830078,-0.02050068,0.01659579,0.99965209,32,512,0
1,26,8,0.01025391,-0.00732422,-0.02050130,0.01464379,0.99968258,32,512,0
1,26,9,0.01025391,-0.00634766,-0.02050185,0.01269162,0.99970926,32,512,0
1,26,10,0.01025391,-0.00537109,-0.02050232,0.01073931,0.99973213,32,512,0
1,26,11,0.01025391,-0.00439453,-0.02050271,0.00878688,0.99975118,32,512,0
1,26,12,0.01025391,-0.00341797,-0.02050302,0.00683434,0.99976643,32,512,0
1,26,13,0.01025391,-0.00244141,-0.02050326,0.00488173,0.99977787,32,512,0
1,26,14,0.01025391,-0.00146484,-0.02050341,0.00292906,0.99978549,32,512,0
1,26,15,0.01025391,-0.00048828,-0.02050349,0.00097636,0.99978930,32,512,0
1,26,16,0.01025391,0.00048828,-0.02050349,-0.00097636,0.99978930,32,512,0
1,26,17,0.01025391,0.00146484,-0.02050341,-0.00292906,0.99978549,32,512,0
1,26,18,0.01025391,0.00244141,-0.02050326,-0.00488173,0.99977787,32,512,0
1,26,19,0.01025391,0.00341797,-0.02050302,-0.00683434,0.99976643,32,512,0
1,26,20,0.01025391,0.00439453,-0.02050271,-0.00878688,0.99975118,32,512,0
1,26,21,0.01025391,0.00537109,-0.02050232,-0.01073931,0.99973213,32,512,0
1,26,22,0.01025391,0.00634766,-0.02050185,-0.01269162,0.99970926,32,512,0
1,26,23,0.01025391,0.00732422,-0.02050130,-0.01464379,0.99968258,32,512,0
1,26,24,0.01025391,0.00830078,-0.02050068,-0.01659579,0.99965209,32,512,0
1,26,25,0.01025391,0.00927734,-0.02049997,-0.01854760,0.99961780,32,512,0
1,26,26,0.01025391,0.01025391,-0.02049919,-0.02049919,0.99957969,32,512,0
1,26,27,0.01025391,0.01123047,-0.02049833,-0.02245056,0.99953779,32,512,0
1,26,28,0.01025391,0.01220703,-0.02049740,-0.02440166,0.99949208,32,512,0
1,26,29,0.01025391,0.01318359,-0.02049638,-0.02635249,0.99944257,32,512,0
1,26,30,0.01025391,0.01416016,-0.02049529,-0.02830302,0.99938925,32,512,0
1,26,31,0.01025391,0.01513672,-0.02049412,-0.03025322,0.99933214,32,512,0
1,27,0,0.01123047,-0.01513672,-0.02244500,0.03025195,0.99929027,32,512,0
1,27,1,0.01123047,-0.01416016,-0.02244628,0.02830183,0.99934737,32,512,0
1,27,2,0.01123047,-0.01318359,-0.02244748,0.02635139,0.99940068,32,512,0
1,27,3,0.01123047,-0.01220703,-0.02244859,0.02440064,0.99945018,32,512,0
1,27,4,0.01123047,-0.01123047,-0.02244961,0.02244961,0.99949589,32,512,0
1,27,5,0.01123047,-0.01025391,-0.02245056,0.02049833,0.99953779,32,512,0
1,27,6,0.01123047,-0.00927734,-0.02245141,0.01854682,0.99957588,32,512,0
1,27,7,0.01123047,-0.00830078,-0.02245218,0.01659509,0.99961018,32,512,0
1,27,8,0.01123047,-0.00732422,-0.02245287,0.01464317,0.99964066,32,512,0
1,27,9,0.01123047,-0.00634766,-0.02245347,0.01269109,0.99966733,32,512,0
1,27,10,0.01123047,-0.00537109,-0.02245398,0.01073886,0.99969020,32,512,0
1,27,11,0.01123047,-0.00439453,-0.02245441,0.00878651,0.99970926,32,512,0
1,27,12,0.01123047,-0.00341797,-0.02245475,0.00683405,0.99972450,32,512,0
1,27,13,0.01123047,-0.00244141,-0.02245501,0.00488152,0.99973594,32,512,0
1,27,14,0.01123047,-0.00146484,-0.02245518,0.00292894,0.99974356,32,512,0
1,27,15,0.01123047,-0.00048828,-0.02245526,0.00097632,0.99974737,32,512,0
1,27,16,0.01123047,0.00048828,-0.02245526,-0.00097632,0.99974737,32,512,0
1,27,17,0.01123047,0.00146484,-0.02245518,-0.00292894,0.99974356,32,512,0
1,27,18,0.01123047,0.00244141,-0.02245501,-0.00488152,0.99973594,32,512,0
1,27,19,0.01123047,0.00341797,-0.02245475,-0.00683405,0.99972450,32,512,0
1,27,20,0.01123047,0.00439453,-0.02245441,-0.00878651,0.99970926,32,512,0
1,27,21,0.01123047,0.00537109,-0.02245398,-0.01073886,0.99969020,32,512,0
1,27,22,0.01123047,0.00634766,-0.02245347,-0.01269109,0.99966733,32,512,0
1,27,23,0.01123047,0.00732422,-0.02245287,-0.01464317,0.99964066,32,512,0
1,27,24,0.01123047,0.00830078,-0.02245218,-0.01659509,0.99961018,32,512,0
1,27,25,0.01123047,0.00927734,-0.02245141,-0.01854682,0.99957588,32,512,0
1,27,26,0.01123047,0.01025391,-0.02245056,-0.02049833,0.99953779,32,512,0
1,27,27,0.01123047,0.01123047,-0.02244961,-0.02244961,0.99949589,32,512,0
1,27,28,0.01123047,0.01220703,-0.02244859,-0.02440064,0.99945018,32,512,0
1,27,29,0.01123047,0.01318359,-0.02244748,-0.02635139,0.99940068,32,512,0
1,27,30,0.01123047,0.01416016,-0.02244628,-0.02830183,0.99934737,32,512,0
1,27,31,0.01123047,0.01513672,-0.02244500,-0.03025195,0.99929027,32,512,0
1,28,0,0.01220703,-0.01513672,-0.02439562,0.03025057,0.99924459,32,512,0
1,28,1,0.01220703,-0.01416016,-0.02439701,0.02830054,0.99930169,32,512,0
1,28,2,0.01220703,-0.01318359,-0.02439832,0.02635018,0.99935499,32,512,0
1,28,3,0.01220703,-0.01220703,-0.02439952,0.02439952,0.99940449,32,512,0
1,28,4,0.01220703,-0.01123047,-0.02440064,0.02244859,0.99945018,32,512,0
1,28,5,0.01220703,-0.01025391,-0.02440166,0.02049740,0.99949208,32,512,0
1,28,6,0.01220703,-0.00927734,-0.02440259,0.01854597,0.99953017,32,512,0
1,28,7,0.01220703,-0.00830078,-0.02440343,0.01659433,0.99956446,32,512,0
1,28,8,0.01220703,-0.00732422,-0.02440417,0.01464250,0.99959493,32,512,0
1,28,9,0.01220703,-0.00634766,-0.02440482,0.01269051,0.99962161,32,512,0
1,28,10,0.01220703,-0.00537109,-0.02440538,0.01073837,0.99964447,32,512,0
1,28,11,0.01220703,-0.00439453,-0.02440585,0.00878611,0.99966352,32,512,0
1,28,12,0.01220703,-0.00341797,-0.02440622,0.00683374,0.99967877,32,512,0
1,28,13,0.01220703,-0.00244141,-0.02440650,0.00488130,0.99969020,32,512,0
1,28,14,0.01220703,-0.00146484,-0.02440669,0.00292880,0.99969782,32,512,0
1,28,15,0.01220703,-0.00048828,-0.02440678,0.00097627,0.99970163,32,512,0
1,28,16,0.01220703,0.00048828,-0.02440678,-0.00097627,0.99970163,32,512,0
1,28,17,0.01220703,0.00146484,-0.02440669,-0.00292880,0.99969782,32,512,0
1,28,18,0.01220703,0.00244141,-0.02440650,-0.00488130,0.99969020,32,512,0
1,28,19,0.01220703,0.00341797,-0.02440622,-0.00683374,0.99967877,32,512,0
1,28,20,0.01220703,0.00439453,-0.02440585,-0.00878611,0.99966352,32,512,0
1,28,21,0.01220703,0.00537109,-0.02440538,-0.01073837,0.99964447,32,512,0
1,28,22,0.01220703,0.00634766,-0.02440482,-0.01269051,0.99962161,32,512,0
1,28,23,0.01220703,0.00732422,-0.02440417,-0.01464250,0.99959493,32,512,0
1,28,24,0.01220703,0.00830078,-0.02440343,-0.01659433,0.99956446,32,512,0
1,28,25,0.01220703,0.00927734,-0.02440259,-0.01854597,0.99953017,32,512,0
1,28,26,0.01220703,0.01025391,-0.02440166,-0.02049740,0.99949208,32,512,0
1,28,27,0.01220703,0.01123047,-0.02440064,-0.02244859,0.99945018,32,512,0
1,28,28,0.01220703,0.01220703,-0.02439952,-0.02439952,0.99940449,32,512,0
1,28,29,0.01220703,0.01318359,-0.02439832,-0.02635018,0.99935499,32,512,0
1,28,30,0.01220703,0.01416016,-0.02439701,-0.02830054,0.99930169,32,512,0
1,28,31,0.01220703,0.01513672,-0.02439562,-0.03025057,0.99924459,32,512,0
1,29,0,0.01318359,-0.01513672,-0.02634597,0.03024907,0.99919512,32,512,0
1,29,1,0.01318359,-0.01416016,-0.02634747,0.02829913,0.99925221,32,512,0
1,29,2,0.01318359,-0.01318359,-0.02634888,0.02634888,0.99930550,32,512,0
1,29,3,0.01318359,-0.01220703,-0.02635018,0.02439832,0.99935499,32,512,0
1,29,4,0.01318359,-0.01123047,-0.02635139,0.02244748,0.99940068,32,512,0
1,29,5,0.01318359,-0.01025391,-0.02635249,0.02049638,0.99944257,32,512,0
1,29,6,0.01318359,-0.00927734,-0.02635349,0.01854505,0.99948065,32,512,0
1,29,7,0.01318359,-0.00830078,-0.02635440,0.01659351,0.99951493,32,512,0
1,29,8,0.01318359,-0.00732422,-0.02635520,0.01464178,0.99954541,32,512,0
1,29,9,0.01318359,-0.00634766,-0.02635590,0.01268988,0.99957208,32,512,0
1,29,10,0.01318359,-0.00537109,-0.02635651,0.01073784,0.99959493,32,512,0
1,29,11,0.01318359,-0.00439453,-0.02635701,0.00878567,0.99961399,32,512,0
1,29,12,0.01318359,-0.00341797,-0.02635741,0.00683340,0.99962923,32,512,0
1,29,13,0.01318359,-0.00244141,-0.02635771,0.00488106,0.99964066,32,512,0
1,29,14,0.01318359,-0.00146484,-0.02635791,0.00292866,0.99964828,32,512,0
1,29,15,0.01318359,-0.00048828,-0.02635801,0.00097622,0.99965209,32,512,0
1,29,16,0.01318359,0.00048828,-0.02635801,-0.00097622,0.99965209,32,512,0
1,29,17,0.01318359,0.00146484,-0.02635791,-0.00292866,0.99964828,32,512,0
1,29,18,0.01318359,0.00244141,-0.02635771,-0.00488106,0.99964066,32,512,0
1,29,19,0.01318359,0.00341797,-0.02635741,-0.00683340,0.99962923,32,512,0
1,29,20,0.01318359,0.00439453,-0.02635701,-0.00878567,0.99961399,32,512,0
1,29,21,0.01318359,0.00537109,-0.02635651,-0.01073784,0.99959493,32,512,0
1,29,22,0.01318359,0.00634766,-0.02635590,-0.01268988,0.99957208,32,512,0
1,29,23,0.01318359,0.00732422,-0.02635520,-0.01464178,0.99954541,32,512,0
1,29,24,0.01318359,0.00830078,-0.02635440,-0.01659351,0.99951493,32,512,0
1,29,25,0.01318359,0.00927734,-0.02635349,-0.01854505,0.99948065,32,512,0
1,29,26,0.01318359,0.01025391,-0.02635249,-0.02049638,0.99944257,32,512,0
1,29,27,0.01318359,0.01123047,-0.02635139,-0.02244748,0.99940068,32,512,0
1,29,28,0.01318359,0.01220703,-0.02635018,-0.02439832,0.99935499,32,512,0
1,29,29,0.01318359,0.01318359,-0.02634888,-0.02634888,0.99930550,32,512,0
1,29,30,0.01318359,0.01416016,-0.02634747,-0.02829913,0.99925221,32,512,0
1,29,31,0.01318359,0.01513672,-0.02634597,-0.03024907,0.99919512,32,512,0
1,30,0,0.01416016,-0.01513672,-0.02829601,0.03024746,0.99914185,32,512,0
1,30,1,0.01416016,-0.01416016,-0.02829763,0.02829763,0.99919892,32,512,0
1,30,2,0.01416016,-0.01318359,-0.02829913,0.02634747,0.99925221,32,512,0
1,30,3,0.01416016,-0.01220703,-0.02830054,0.02439701,0.99930169,32,512,0
1,30,4,0.01416016,-0.01123047,-0.02830183,0.02244628,0.99934737,32,512,0
1,30,5,0.01416016,-0.01025391,-0.02830302,0.02049529,0.99938925,32,512,0
1,30,6,0.01416016,-0.00927734,-0.02830409,0.01854406,0.99942733,32,512,0
1,30,7,0.01416016,-0.00830078,-0.02830507,0.01659262,0.99946161,32,512,0
1,30,8,0.01416016,-0.00732422,-0.02830593,0.01464100,0.99949208,32,512,0
1,30,9,0.01416016,-0.00634766,-0.02830668,0.01268920,0.99951874,32,512,0
1,30,10,0.01416016,-0.00537109,-0.02830733,0.01073726,0.99954160,32,512,0
1,30,11,0.01416016,-0.00439453,-0.02830787,0.00878520,0.99956065,32,512,0
1,30,12,0.01416016,-0.00341797,-0.02830830,0.00683304,0.99957588,32,512,0
1,30,13,0.01416016,-0.00244141,-0.02830863,0.00488080,0.99958731,32,512,0
1,30,14,0.01416016,-0.00146484,-0.02830884,0.00292850,0.99959493,32,512,0
1,30,15,0.01416016,-0.00048828,-0.02830895,0.00097617,0.99959874,32,512,0
1,30,16,0.01416016,0.00048828,-0.02830895,-0.00097617,0.99959874,32,512,0
1,30,17,0.01416016,0.00146484,-0.02830884,-0.00292850,0.99959493,32,512,0
1,30,18,0.01416016,0.00244141,-0.02830863,-0.00488080,0.99958731,32,512,0
1,30,19,0.01416016,0.00341797,-0.02830830,-0.00683304,0.99957588,32,512,0
1,30,20,0.01416016,0.00439453,-0.02830787,-0.00878520,0.99956065,32,512,0
1,30,21,0.01416016,0.00537109,-0.02830733,-0.01073726,0.99954160,32,512,0
1,30,22,0.01416016,0.00634766,-0.02830668,-0.01268920,0.99951874,32,512,0
1,30,23,0.01416016,0.00732422,-0.02830593,-0.01464100,0.99949208,32,512,0
1,30,24,0.01416016,0.00830078,-0.02830507,-0.01659262,0.99946161,32,512,0
1,30,25,0.01416016,0.00927734,-0.02830409,-0.01854406,0.99942733,32,512,0
1,30,26,0.01416016,0.01025391,-0.02830302,-0.02049529,0.99938925,32,512,0
1,30,27,0.01416016,0.01123047,-0.02830183,-0.02244628,0.99934737,32,512,0
1,30,28,0.01416016,0.01220703,-0.02830054,-0.02439701,0.99930169,32,512,0
1,30,29,0.01416016,0.01318359,-0.02829913,-0.02634747,0.99925221,32,512,0
1,30,30,0.01416016,0.01416016,-0.02829763,-0.02829763,0.99919892,32,512,0
1,30,31,0.01416016,0.01513672,-0.02829601,-0.03024746,0.99914185,32,512,0
1,31,0,0.01513672,-0.01513672,-0.03024573,0.03024573,0.99908478,32,512,0
1,31,1,0.01513672,-0.01416016,-0.03024746,0.02829601,0.99914185,32,512,0
1,31,2,0.01513672,-0.01318359,-0.03024907,0.02634597,0.99919512,32,512,0
1,31,3,0.01513672,-0.01220703,-0.03025057,0.02439562,0.99924459,32,512,0
1,31,4,0.01513672,-0.01123047,-0.03025195,0.02244500,0.99929027,32,512,0
1,31,5,0.01513672,-0.01025391,-0.03025322,0.02049412,0.99933214,32,512,0
1,31,6,0.01513672,-0.00927734,-0.03025437,0.01854300,0.99937022,32,512,0
1,31,7,0.01513672,-0.00830078,-0.03025541,0.01659168,0.99940449,32,512,0
1,31,8,0.01513672,-0.00732422,-0.03025633,0.01464016,0.99943495,32,512,0
1,31,9,0.01513672,-0.00634766,-0.03025714,0.01268848,0.99946161,32,512,0
1,31,10,0.01513672,-0.00537109,-0.03025783,0.01073665,0.99948446,32,512,0
1,31,11,0.01513672,-0.00439453,-0.03025841,0.00878470,0.99950351,32,512,0
1,31,12,0.01513672,-0.00341797,-0.03025887,0.00683265,0.99951874,32,512,0
1,31,13,0.01513672,-0.00244141,-0.03025921,0.00488052,0.99953017,32,512,0
1,31,14,0.01513672,-0.00146484,-0.03025944,0.00292833,0.99953779,32,512,0
1,31,15,0.01513672,-0.00048828,-0.03025956,0.00097611,0.99954160,32,512,0
1,31,16,0.01513672,0.00048828,-0.03025956,-0.00097611,0.99954160,32,512,0
1,31,17,0.01513672,0.00146484,-0.03025944,-0.00292833,0.99953779,32,512,0
1,31,18,0.01513672,0.00244141,-0.03025921,-0.00488052,0.99953017,32,512,0
1,31,19,0.01513672,0.00341797,-0.03025887,-0.00683265,0.99951874,32,512,0
1,31,20,0.01513672,0.00439453,-0.03025841,-0.00878470,0.99950351,32,512,0
1,31,21,0.01513672,0.00537109,-0.03025783,-0.01073665,0.99948446,32,512,0
1,31,22,0.01513672,0.00634766,-0.03025714,-0.01268848,0.99946161,32,512,0
1,31,23,0.01513672,0.00732422,-0.03025633,-0.01464016,0.99943495,32,512,0
1,31,24,0.01513672,0.00830078,-0.03025541,-0.01659168,0.99940449,32,512,0
1,31,25,0.01513672,0.00927734,-0.03025437,-0.01854300,0.99937022,32,512,0
1,31,26,0.01513672,0.01025391,-0.03025322,-0.02049412,0.99933214,32,512,0
1,31,27,0.01513672,0.01123047,-0.03025195,-0.02244500,0.99929027,32,512,0
1,31,28,0.01513672,0.01220703,-0.03025057,-0.02439562,0.99924459,32,512,0
1,31,29,0.01513672,0.01318359,-0.03024907,-0.02634597,0.99919512,32,512,0
1,31,30,0.01513672,0.01416016,-0.03024746,-0.02829601,0.99914185,32,512,0
1,31,31,0.01513672,0.01513672,-0.03024573,-0.03024573,0.99908478,32,512,0
2,0,0,0.48486328,-0.01513672,-0.69599244,0.02172786,0.71772030,32,512,0
2,0,1,0.48486328,-0.01416016,-0.69601295,0.02032666,0.71774145,32,512,0
2,0,2,0.48486328,-0.01318359,-0.69603210,0.01892534,0.71776120,32,512,0
2,0,3,0.48486328,-0.01220703,-0.69604989,0.01752391,0.71777954,32,512,0
2,0,4,0.48486328,-0.01123047,-0.69606630,0.01612238,0.71779647,32,512,0
2,0,5,0.48486328,-0.01025391,-0.69608135,0.01472075,0.71781199,32,512,0
2,0,6,0.48486328,-0.00927734,-0.69609503,0.01331904,0.71782610,32,512,0
2,0,7,0.48486328,-0.00830078,-0.69610735,0.01191725,0.71783880,32,512,0
2,0,8,0.48486328,-0.00732422,-0.69611830,0.01051538,0.71785009,32,512,0
2,0,9,0.48486328,-0.00634766,-0.69612787,0.00911346,0.71785996,32,512,0
2,0,10,0.48486328,-0.00537109,-0.69613609,0.00771148,0.71786843,32,512,0
2,0,11,0.48486328,-0.00439453,-0.69614293,0.00630945,0.71787549,32,512,0
2,0,12,0.48486328,-0.00341797,-0.69614840,0.00490739,0.71788113,32,512,0
2,0,13,0.48486328,-0.00244141,-0.69615251,0.00350530,0.71788537,32,512,0
2,0,14,0.48486328,-0.00146484,-0.69615525,0.00210319,0.71788819,32,512,0
2,0,15,0.48486328,-0.00048828,-0.69615661,0.00070106,0.71788960,32,512,0
2,0,16,0.48486328,0.00048828,-0.69615661,-0.00070106,0.71788960,32,512,0
2,0,17,0.48486328,0.00146484,-0.69615525,-0.00210319,0.71788819,32,512,0
2,0,18,0.48486328,0.00244141,-0.69615251,-0.00350530,0.71788537,32,512,0
2,0,19,0.48486328,0.00341797,-0.69614840,-0.00490739,0.71788113,32,512,0
2,0,20,0.48486328,0.00439453,-0.69614293,-0.00630945,0.71787549,32,512,0
2,0,21,0.48486328,0.00537109,-0.69613609,-0.00771148,0.71786843,32,512,0
2,0,22,0.48486328,0.00634766,-0.69612787,-0.00911346,0.71785996,32,512,0
2,0,23,0.48486328,0.00732422,-0.69611830,-0.01051538,0.71785009,32,512,0
2,0,24,0.48486328,0.00830078,-0.69610735,-0.01191725,0.71783880,32,512,0
2,0,25,0.48486328,0.00927734,-0.69609503,-0.01331904,0.71782610,32,512,0
2,0,26,0.48486328,0.01025391,-0.69608135,-0.01472075,0.71781199,32,512,0
2,0,27,0.48486328,0.01123047,-0.69606630,-0.01612238,0.71779647,32,512,0
2,0,28,0.48486328,0.01220703,-0.69604989,-0.01752391,0.71777954,32,512,0
2,0,29,0.48486328,0.01318359,-0.69603210,-0.01892534,0.71776120,32,512,0
2,0,30,0.48486328,0.01416016,-0.69601295,-0.02032666,0.71774145,32,512,0
2,0,31,0.48486328,0.01513672,-0.69599244,-0.02172786,0.71772030,32,512,0
2,1,0,0.48583984,-0.01513672,-0.69671414,0.02170667,0.71702038,32,512,0
2,1,1,0.48583984,-0.01416016,-0.69673464,0.02030684,0.71704148,32,512,0
2,1,2,0.48583984,-0.01318359,-0.69675377,0.01890689,0.71706117,32,512,0
2,1,3,0.48583984,-0.01220703,-0.69677154,0.01750682,0.71707945,32,512,0
2,1,4,0.48583984,-0.01123047,-0.69678794,0.01610666,0.71709633,32,512,0
2,1,5,0.48583984,-0.01025391,-0.69680297,0.01470639,0.71711180,32,512,0
2,1,6,0.48583984,-0.00927734,-0.69681664,0.01330605,0.71712587,32,512,0
2,1,7,0.48583984,-0.00830078,-0.69682895,0.01190562,0.71713853,32,512,0
2,1,8,0.48583984,-0.00732422,-0.69683988,0.01050512,0.71714979,32,512,0
2,1,9,0.48583984,-0.00634766,-0.69684945,0.00910457,0.71715964,32,512,0
2,1,10,0.48583984,-0.00537109,-0.69685766,0.00770395,0.71716808,32,512,0
2,1,11,0.48583984,-0.00439453,-0.69686449,0.00630330,0.71717512,32,512,0
2,1,12,0.48583984,-0.00341797,-0.69686996,0.00490260,0.71718074,32,512,0
2,1,13,0.48583984,-0.00244141,-0.69687406,0.00350188,0.71718497,32,512,0
2,1,14,0.48583984,-0.00146484,-0.69687680,0.00210114,0.71718778,32,512,0
2,1,15,0.48583984,-0.00048828,-0.69687817,0.00070038,0.71718919,32,512,0
2,1,16,0.48583984,0.00048828,-0.69687817,-0.00070038,0.71718919,32,512,0
2,1,17,0.48583984,0.00146484,-0.69687680,-0.00210114,0.71718778,32,512,0
2,1,18,0.48583984,0.00244141,-0.69687406,-0.00350188,0.71718497,32,512,0
2,1,19,0.48583984,0.00341797,-0.69686996,-0.00490260,0.71718074,32,512,0
2,1,20,0.48583984,0.00439453,-0.69686449,-0.00630330,0.71717512,32,512,0
2,1,21,0.48583984,0.00537109,-0.69685766,-0.00770395,0.71716808,32,512,0
2,1,22,0.48583984,0.00634766,-0.69684945,-0.00910457,0.71715964,32,512,0
2,1,23,0.48583984,0.00732422,-0.69683988,-0.01050512,0.71714979,32,512,0
2,1,24,0.48583984,0.00830078,-0.69682895,-0.01190562,0.71713853,32,512,0
2,1,25,0.48583984,0.00927734,-0.69681664,-0.01330605,0.71712587,32,512,0
2,1,26,0.48583984,0.01025391,-0.69680297,-0.01470639,0.71711180,32,512,0
2,1,27,0.48583984,0.01123047,-0.69678794,-0.01610666,0.71709633,32,512,0
2,1,28,0.48583984,0.01220703,-0.69677154,-0.01750682,0.71707945,32,512,0
2,1,29,0.48583984,0.01318359,-0.69675377,-0.01890689,0.71706117,32,512,0
2,1,30,0.48583984,0.01416016,-0.69673464,-0.02030684,0.71704148,32,512,0
2,1,31,0.48583984,0.01513672,-0.69671414,-0.02170667,0.71702038,32,512,0
2,2,0,0.48681641,-0.01513672,-0.69743373,0.02168550,0.71632111,32,512,0
2,2,1,0.48681641,-0.01416016,-0.69745421,0.02028703,0.71634214,32,512,0
2,2,2,0.48681641,-0.01318359,-0.69747333,0.01888845,0.71636177,32,512,0
2,2,3,0.48681641,-0.01220703,-0.69749108,0.01748975,0.71638000,32,512,0
2,2,4,0.48681641,-0.01123047,-0.69750746,0.01609094,0.71639683,32,512,0
2,2,5,0.48681641,-0.01025391,-0.69752248,0.01469205,0.71641226,32,512,0
2,2,6,0.48681641,-0.00927734,-0.69753614,0.01329307,0.71642629,32,512,0
2,2,7,0.48681641,-0.00830078,-0.69754843,0.01189401,0.71643891,32,512,0
2,2,8,0.48681641,-0.00732422,-0.69755936,0.01049488,0.71645014,32,512,0
2,2,9,0.48681641,-0.00634766,-0.69756892,0.00909568,0.71645996,32,512,0
2,2,10,0.48681641,-0.00537109,-0.69757712,0.00769644,0.71646837,32,512,0
2,2,11,0.48681641,-0.00439453,-0.69758395,0.00629715,0.71647539,32,512,0
2,2,12,0.48681641,-0.00341797,-0.69758941,0.00489782,0.71648100,32,512,0
2,2,13,0.48681641,-0.00244141,-0.69759351,0.00349846,0.71648521,32,512,0
2,2,14,0.48681641,-0.00146484,-0.69759624,0.00209909,0.71648802,32,512,0
2,2,15,0.48681641,-0.00048828,-0.69759761,0.00069970,0.71648942,32,512,0
2,2,16,0.48681641,0.00048828,-0.69759761,-0.00069970,0.71648942,32,512,0
2,2,17,0.48681641,0.00146484,-0.69759624,-0.00209909,0.71648802,32,512,0
2,2,18,0.48681641,0.00244141,-0.69759351,-0.00349846,0.71648521,32,512,0
2,2,19,0.48681641,0.00341797,-0.69758941,-0.00489782,0.71648100,32,512,0
2,2,20,0.48681641,0.00439453,-0.69758395,-0.00629715,0.71647539,32,512,0
2,2,21,0.48681641,0.00537109,-0.69757712,-0.00769644,0.71646837,32,512,0
2,2,22,0.48681641,0.00634766,-0.69756892,-0.00909568,0.71645996,32,512,0
2,2,23,0.48681641,0.00732422,-0.69755936,-0.01049488,0.71645014,32,512,0
2,2,24,0.48681641,0.00830078,-0.69754843,-0.01189401,0.71643891,32,512,0
2,2,25,0.48681641,0.00927734,-0.69753614,-0.01329307,0.71642629,32,512,0
2,2,26,0.48681641,0.01025391,-0.69752248,-0.01469205,0.71641226,32,512,0
2,2,27,0.48681641,0.01123047,-0.69750746,-0.01609094,0.71639683,32,512,0
2,2,28,0.48681641,0.01220703,-0.69749108,-0.01748975,0.71638000,32,512,0
2,2,29,0.48681641,0.01318359,-0.69747333,-0.01888845,0.71636177,32,512,0
2,2,30,0.48681641,0.01416016,-0.69745421,-0.02028703,0.71634214,32,512,0
2,2,31,0.48681641,0.01513672,-0.69743373,-0.02168550,0.71632111,32,512,0
2,3,0,0.48779297,-0.01513672,-0.69815122,0.02166435,0.71562247,32,512,0
2,3,1,0.48779297,-0.01416016,-0.69817168,0.02026725,0.71564345,32,512,0
2,3,2,0.48779297,-0.01318359,-0.69819078,0.01887002,0.71566302,32,512,0
2,3,3,0.48779297,-0.01220703,-0.69820851,0.01747269,0.71568120,32,512,0
2,3,4,0.48779297,-0.01123047,-0.69822488,0.01607525,0.71569798,32,512,0
2,3,5,0.48779297,-0.01025391,-0.69823989,0.01467772,0.71571336,32,512,0
2,3,6,0.48779297,-0.00927734,-0.69825354,0.01328010,0.71572735,32,512,0
2,3,7,0.48779297,-0.00830078,-0.69826582,0.01188240,0.71573994,32,512,0
2,3,8,0.48779297,-0.00732422,-0.69827673,0.01048464,0.71575113,32,512,0
2,3,9,0.48779297,-0.00634766,-0.69828629,0.00908681,0.71576092,32,512,0
2,3,10,0.48779297,-0.00537109,-0.69829447,0.00768893,0.71576931,32,512,0
2,3,11,0.48779297,-0.00439453,-0.69830130,0.00629100,0.71577631,32,512,0
2,3,12,0.48779297,-0.00341797,-0.69830676,0.00489304,0.71578190,32,512,0
2,3,13,0.48779297,-0.00244141,-0.69831085,0.00349505,0.71578610,32,512,0
2,3,14,0.48779297,-0.00146484,-0.69831358,0.00209704,0.71578890,32,512,0
2,3,15,0.48779297,-0.00048828,-0.69831495,0.00069901,0.71579030,32,512,0
2,3,16,0.48779297,0.00048828,-0.69831495,-0.00069901,0.71579030,32,512,0
2,3,17,0.48779297,0.00146484,-0.69831358,-0.00209704,0.71578890,32,512,0
2,3,18,0.48779297,0.00244141,-0.69831085,-0.00349505,0.71578610,32,512,0
2,3,19,0.48779297,0.00341797,-0.69830676,-0.00489304,0.71578190,32,512,0
2,3,20,0.48779297,0.00439453,-0.69830130,-0.00629100,0.71577631,32,512,0
2,3,21,0.48779297,0.00537109,-0.69829447,-0.00768893,0.71576931,32,512,0
2,3,22,0.48779297,0.00634766,-0.69828629,-0.00908681,0.71576092,32,512,0
2,3,23,0.48779297,0.00732422,-0.69827673,-0.01048464,0.71575113,32,512,0
2,3,24,0.48779297,0.00830078,-0.69826582,-0.01188240,0.71573994,32,512,0
2,3,25,0.48779297,0.00927734,-0.69825354,-0.01328010,0.71572735,32,512,0
2,3,26,0.48779297,0.01025391,-0.69823989,-0.01467772,0.71571336,32,512,0
2,3,27,0.48779297,0.01123047,-0.69822488,-0.01607525,0.71569798,32,512,0
2,3,28,0.48779297,0.01220703,-0.69820851,-0.01747269,0.71568120,32,512,0
2,3,29,0.48779297,0.01318359,-0.69819078,-0.01887002,0.71566302,32,512,0
2,3,30,0.48779297,0.01416016,-0.69817168,-0.02026725,0.71564345,32,512,0
2,3,31,0.48779297,0.01513672,-0.69815122,-0.02166435,0.71562247,32,512,0
2,4,0,0.48876953,-0.01513672,-0.69886662,0.02164322,0.71492449,32,512,0
2,4,1,0.48876953,-0.01416016,-0.69888706,0.02024748,0.71494540,32,512,0
2,4,2,0.48876953,-0.01318359,-0.69890613,0.01885161,0.71496492,32,512,0
2,4,3,0.48876953,-0.01220703,-0.69892385,0.01745564,0.71498304,32,512,0
2,4,4,0.48876953,-0.01123047,-0.69894021,0.01605957,0.71499977,32,512,0
2,4,5,0.48876953,-0.01025391,-0.69895520,0.01466340,0.71501511,32,512,0
2,4,6,0.48876953,-0.00927734,-0.69896883,0.01326714,0.71502906,32,512,0
2,4,7,0.48876953,-0.00830078,-0.69898110,0.01187081,0.71504161,32,512,0
2,4,8,0.48876953,-0.00732422,-0.69899201,0.01047441,0.71505277,32,512,0
2,4,9,0.48876953,-0.00634766,-0.69900155,0.00907794,0.71506253,32,512,0
2,4,10,0.48876953,-0.00537109,-0.69900973,0.00768143,0.71507090,32,512,0
2,4,11,0.48876953,-0.00439453,-0.69901655,0.00628486,0.71507787,32,512,0
2,4,12,0.48876953,-0.00341797,-0.69902201,0.00488827,0.71508345,32,512,0
2,4,13,0.48876953,-0.00244141,-0.69902610,0.00349164,0.71508763,32,512,0
2,4,14,0.48876953,-0.00146484,-0.69902882,0.00209499,0.71509042,32,512,0
2,4,15,0.48876953,-0.00048828,-0.69903019,0.00069833,0.71509182,32,512,0
2,4,16,0.48876953,0.00048828,-0.69903019,-0.00069833,0.71509182,32,512,0
2,4,17,0.48876953,0.00146484,-0.69902882,-0.00209499,0.71509042,32,512,0
2,4,18,0.48876953,0.00244141,-0.69902610,-0.00349164,0.71508763,32,512,0
2,4,19,0.48876953,0.00341797,-0.69902201,-0.00488827,0.71508345,32,512,0
2,4,20,0.48876953,0.00439453,-0.69901655,-0.00628486,0.71507787,32,512,0
2,4,21,0.48876953,0.00537109,-0.69900973,-0.00768143,0.71507090,32,512,0
2,4,22,0.48876953,0.00634766,-0.69900155,-0.00907794,0.71506253,32,512,0
2,4,23,0.48876953,0.00732422,-0.69899201,-0.01047441,0.71505277,32,512,0
2,4,24,0.48876953,0.00830078,-0.69898110,-0.01187081,0.71504161,32,512,0
2,4,25,0.48876953,0.00927734,-0.69896883,-0.01326714,0.71502906,32,512,0
2,4,26,0.48876953,0.01025391,-0.69895520,-0.01466340,0.71501511,32,512,0
2,4,27,0.48876953,0.01123047,-0.69894021,-0.01605957,0.71499977,32,512,0
2,4,28,0.48876953,0.01220703,-0.69892385,-0.01745564,0.71498304,32,512,0
2,4,29,0.48876953,0.01318359,-0.69890613,-0.01885161,0.71496492,32,512,0
2,4,30,0.48876953,0.01416016,-0.69888706,-0.02024748,0.71494540,32,512,0
2,4,31,0.48876953,0.01513672,-0.69886662,-0.02164322,0.71492449,32,512,0
2,5,0,0.48974609,-0.01513672,-0.69957992,0.02162211,0.71422715,32,512,0
2,5,1,0.48974609,-0.01416016,-0.69960034,0.02022773,0.71424800,32,512,0
2,5,2,0.48974609,-0.01318359,-0.69961940,0.01883322,0.71426746,32,512,0
2,5,3,0.48974609,-0.01220703,-0.69963710,0.01743861,0.71428553,32,512,0
2,5,4,0.48974609,-0.01123047,-0.69965344,0.01604390,0.71430222,32,512,0
2,5,5,0.48974609,-0.01025391,-0.69966842,0.01464909,0.71431751,32,512,0
2,5,6,0.48974609,-0.00927734,-0.69968204,0.01325420,0.71433141,32,512,0
2,5,7,0.48974609,-0.00830078,-0.69969430,0.01185923,0.71434393,32,512,0
2,5,8,0.48974609,-0.00732422,-0.69970519,0.01046419,0.71435505,32,512,0
2,5,9,0.48974609,-0.00634766,-0.69971473,0.00906908,0.71436479,32,512,0
2,5,10,0.48974609,-0.00537109,-0.69972290,0.00767393,0.71437313,32,512,0
2,5,11,0.48974609,-0.00439453,-0.69972971,0.00627873,0.71438009,32,512,0
2,5,12,0.48974609,-0.00341797,-0.69973516,0.00488350,0.71438565,32,512,0
2,5,13,0.48974609,-0.00244141,-0.69973925,0.00348823,0.71438982,32,512,0
2,5,14,0.48974609,-0.00146484,-0.69974197,0.00209295,0.71439260,32,512,0
2,5,15,0.48974609,-0.00048828,-0.69974334,0.00069765,0.71439399,32,512,0
2,5,16,0.48974609,0.00048828,-0.69974334,-0.00069765,0.71439399,32,512,0
2,5,17,0.48974609,0.00146484,-0.69974197,-0.00209295,0.71439260,32,512,0
2,5,18,0.48974609,0.00244141,-0.69973925,-0.00348823,0.71438982,32,512,0
2,5,19,0.48974609,0.00341797,-0.69973516,-0.00488350,0.71438565,32,512,0
2,5,20,0.48974609,0.00439453,-0.69972971,-0.00627873,0.71438009,32,512,0
2,5,21,0.48974609,0.00537109,-0.69972290,-0.00767393,0.71437313,32,512,0
2,5,22,0.48974609,0.00634766,-0.69971473,-0.00906908,0.71436479,32,512,0
2,5,23,0.48974609,0.00732422,-0.69970519,-0.01046419,0.71435505,32,512,0
2,5,24,0.48974609,0.00830078,-0.69969430,-0.01185923,0.71434393,32,512,0
2,5,25,0.48974609,0.00927734,-0.69968204,-0.01325420,0.71433141,32,512,0
2,5,26,0.48974609,0.01025391,-0.69966842,-0.01464909,0.71431751,32,512,0
2,5,27,0.48974609,0.01123047,-0.69965344,-0.01604390,0.71430222,32,512,0
2,5,28,0.48974609,0.01220703,-0.69963710,-0.01743861,0.71428553,32,512,0
2,5,29,0.48974609,0.01318359,-0.69961940,-0.01883322,0.71426746,32,512,0
2,5,30,0.48974609,0.01416016,-0.69960034,-0.02022773,0.71424800,32,512,0
2,5,31,0.48974609,0.01513672,-0.69957992,-0.02162211,0.71422715,32,512,0
2,6,0,0.49072266,-0.01513672,-0.70029113,0.02160102,0.71353047,32,512,0
2,6,1,0.49072266,-0.01416016,-0.70031153,0.02020799,0.71355125,32,512,0
2,6,2,0.49072266,-0.01318359,-0.70033058,0.01881485,0.71357066,32,512,0
2,6,3,0.49072266,-0.01220703,-0.70034826,0.01742160,0.71358868,32,512,0
2,6,4,0.49072266,-0.01123047,-0.70036459,0.01602824,0.71360531,32,512,0
2,6,5,0.49072266,-0.01025391,-0.70037955,0.01463480,0.71362056,32,512,0
2,6,6,0.49072266,-0.00927734,-0.70039316,0.01324126,0.71363442,32,512,0
2,6,7,0.49072266,-0.00830078,-0.70040541,0.01184765,0.71364690,32,512,0
2,6,8,0.49072266,-0.00732422,-0.70041629,0.01045397,0.71365799,32,512,0
2,6,9,0.49072266,-0.00634766,-0.70042582,0.00906023,0.71366770,32,512,0
2,6,10,0.49072266,-0.00537109,-0.70043398,0.00766644,0.71367602,32,512,0
2,6,11,0.49072266,-0.00439453,-0.70044079,0.00627260,0.71368295,32,512,0
2,6,12,0.49072266,-0.00341797,-0.70044623,0.00487873,0.71368850,32,512,0
2,6,13,0.49072266,-0.00244141,-0.70045032,0.00348483,0.71369266,32,512,0
2,6,14,0.49072266,-0.00146484,-0.70045304,0.00209090,0.71369543,32,512,0
2,6,15,0.49072266,-0.00048828,-0.70045440,0.00069697,0.71369682,32,512,0
2,6,16,0.49072266,0.00048828,-0.70045440,-0.00069697,0.71369682,32,512,0
2,6,17,0.49072266,0.00146484,-0.70045304,-0.00209090,0.71369543,32,512,0
2,6,18,0.49072266,0.00244141,-0.70045032,-0.00348483,0.71369266,32,512,0
2,6,19,0.49072266,0.00341797,-0.70044623,-0.00487873,0.71368850,32,512,0
2,6,20,0.49072266,0.00439453,-0.70044079,-0.00627260,0.71368295,32,512,0
2,6,21,0.49072266,0.00537109,-0.70043398,-0.00766644,0.71367602,32,512,0
2,6,22,0.49072266,0.00634766,-0.70042582,-0.00906023,0.71366770,32,512,0
2,6,23,0.49072266,0.00732422,-0.70041629,-0.01045397,0.71365799,32,512,0
2,6,24,0.49072266,0.00830078,-0.70040541,-0.01184765,0.71364690,32,512,0
2,6,25,0.49072266,0.00927734,-0.70039316,-0.01324126,0.71363442,32,512,0
2,6,26,0.49072266,0.01025391,-0.70037955,-0.01463480,0.71362056,32,512,0
2,6,27,0.49072266,0.01123047,-0.70036459,-0.01602824,0.71360531,32,512,0
2,6,28,0.49072266,0.01220703,-0.70034826,-0.01742160,0.71358868,32,512,0
2,6,29,0.49072266,0.01318359,-0.70033058,-0.01881485,0.71357066,32,512,0
2,6,30,0.49072266,0.01416016,-0.70031153,-0.02020799,0.71355125,32,512,0
2,6,31,0.49072266,0.01513672,-0.70029113,-0.02160102,0.71353047,32,512,0
2,7,0,0.49169922,-0.01513672,-0.70100027,0.02157995,0.71283443,32,512,0
2,7,1,0.49169922,-0.01416016,-0.70102065,0.02018828,0.71285516,32,512,0
2,7,2,0.49169922,-0.01318359,-0.70103968,0.01879650,0.71287451,32,512,0
2,7,3,0.49169922,-0.01220703,-0.70105734,0.01740460,0.71289247,32,512,0
2,7,4,0.49169922,-0.01123047,-0.70107365,0.01601261,0.71290906,32,512,0
2,7,5,0.49169922,-0.01025391,-0.70108861,0.01462052,0.71292426,32,512,0
2,7,6,0.49169922,-0.00927734,-0.70110220,0.01322834,0.71293809,32,512,0
2,7,7,0.49169922,-0.00830078,-0.70111444,0.01183609,0.71295053,32,512,0
2,7,8,0.49169922,-0.00732422,-0.70112531,0.01044377,0.71296159,32,512,0
2,7,9,0.49169922,-0.00634766,-0.70113483,0.00905139,0.71297127,32,512,0
2,7,10,0.49169922,-0.00537109,-0.70114299,0.00765896,0.71297956,32,512,0
2,7,11,0.49169922,-0.00439453,-0.70114978,0.00626648,0.71298647,32,512,0
2,7,12,0.49169922,-0.00341797,-0.70115522,0.00487397,0.71299200,32,512,0
2,7,13,0.49169922,-0.00244141,-0.70115930,0.00348143,0.71299615,32,512,0
2,7,14,0.49169922,-0.00146484,-0.70116202,0.00208886,0.71299892,32,512,0
2,7,15,0.49169922,-0.00048828,-0.70116338,0.00069629,0.71300030,32,512,0
2,7,16,0.49169922,0.00048828,-0.70116338,-0.00069629,0.71300030,32,512,0
2,7,17,0.49169922,0.00146484,-0.70116202,-0.00208886,0.71299892,32,512,0
2,7,18,0.49169922,0.00244141,-0.70115930,-0.00348143,0.71299615,32,512,0
2,7,19,0.49169922,0.00341797,-0.70115522,-0.00487397,0.71299200,32,512,0
2,7,20,0.49169922,0.00439453,-0.70114978,-0.00626648,0.71298647,32,512,0
2,7,21,0.49169922,0.00537109,-0.70114299,-0.00765896,0.71297956,32,512,0
2,7,22,0.49169922,0.00634766,-0.70113483,-0.00905139,0.71297127,32,512,0
2,7,23,0.49169922,0.00732422,-0.70112531,-0.01044377,0.71296159,32,512,0
2,7,24,0.49169922,0.00830078,-0.70111444,-0.01183609,0.71295053,32,512,0
2,7,25,0.49169922,0.00927734,-0.70110220,-0.01322834,0.71293809,32,512,0
2,7,26,0.49169922,0.01025391,-0.70108861,-0.01462052,0.71292426,32,512,0
2,7,27,0.49169922,0.01123047,-0.70107365,-0.01601261,0.71290906,32,512,0
2,7,28,0.49169922,0.01220703,-0.70105734,-0.01740460,0.71289247,32,512,0
2,7,29,0.49169922,0.01318359,-0.70103968,-0.01879650,0.71287451,32,512,0
2,7,30,0.49169922,0.01416016,-0.70102065,-0.02018828,0.71285516,32,512,0
2,7,31,0.49169922,0.01513672,-0.70100027,-0.02157995,0.71283443,32,512,0
2,8,0,0.49267578,-0.01513672,-0.70170733,0.02155890,0.71213906,32,512,0
2,8,1,0.49267578,-0.01416016,-0.70172770,0.02016859,0.71215972,32,512,0
2,8,2,0.49267578,-0.01318359,-0.70174670,0.01877816,0.71217901,32,512,0
2,8,3,0.49267578,-0.01220703,-0.70176435,0.01738762,0.71219693,32,512,0
2,8,4,0.49267578,-0.01123047,-0.70178065,0.01599698,0.71221346,32,512,0
2,8,5,0.49267578,-0.01025391,-0.70179559,0.01460625,0.71222862,32,512,0
2,8,6,0.49267578,-0.00927734,-0.70180917,0.01321544,0.71224241,32,512,0
2,8,7,0.49267578,-0.00830078,-0.70182139,0.01182454,0.71225481,32,512,0
2,8,8,0.49267578,-0.00732422,-0.70183226,0.01043358,0.71226584,32,512,0
2,8,9,0.49267578,-0.00634766,-0.70184176,0.00904256,0.71227549,32,512,0
2,8,10,0.49267578,-0.00537109,-0.70184991,0.00765149,0.71228376,32,512,0
2,8,11,0.49267578,-0.00439453,-0.70185671,0.00626037,0.71229065,32,512,0
2,8,12,0.49267578,-0.00341797,-0.70186214,0.00486921,0.71229617,32,512,0
2,8,13,0.49267578,-0.00244141,-0.70186622,0.00347803,0.71230030,32,512,0
2,8,14,0.49267578,-0.00146484,-0.70186893,0.00208683,0.71230306,32,512,0
2,8,15,0.49267578,-0.00048828,-0.70187029,0.00069561,0.71230444,32,512,0
2,8,16,0.49267578,0.00048828,-0.70187029,-0.00069561,0.71230444,32,512,0
2,8,17,0.49267578,0.00146484,-0.70186893,-0.00208683,0.71230306,32,512,0
2,8,18,0.49267578,0.00244141,-0.70186622,-0.00347803,0.71230030,32,512,0
2,8,19,0.49267578,0.00341797,-0.70186214,-0.00486921,0.71229617,32,512,0
2,8,20,0.49267578,0.00439453,-0.70185671,-0.00626037,0.71229065,32,512,0
2,8,21,0.49267578,0.00537109,-0.70184991,-0.00765149,0.71228376,32,512,0
2,8,22,0.49267578,0.00634766,-0.70184176,-0.00904256,0.71227549,32,512,0
2,8,23,0.49267578,0.00732422,-0.70183226,-0.01043358,0.71226584,32,512,0
2,8,24,0.49267578,0.00830078,-0.70182139,-0.01182454,0.71225481,32,512,0
2,8,25,0.49267578,0.00927734,-0.70180917,-0.01321544,0.71224241,32,512,0
2,8,26,0.49267578,0.01025391,-0.70179559,-0.01460625,0.71222862,32,512,0
2,8,27,0.49267578,0.01123047,-0.70178065,-0.01599698,0.71221346,32,512,0
2,8,28,0.49267578,0.01220703,-0.70176435,-0.01738762,0.71219693,32,512,0
2,8,29,0.49267578,0.01318359,-0.70174670,-0.01877816,0.71217901,32,512,0
2,8,30,0.49267578,0.01416016,-0.70172770,-0.02016859,0.71215972,32,512,0
2,8,31,0.49267578,0.01513672,-0.70170733,-0.02155890,0.71213906,32,512,0
2,9,0,0.49365234,-0.01513672,-0.70241233,0.02153787,0.71144434,32,512,0
2,9,1,0.49365234,-0.01416016,-0.70243267,0.02014891,0.71146494,32,512,0
2,9,2,0.49365234,-0.01318359,-0.70245166,0.01875984,0.71148418,32,512,0
2,9,3,0.49365234,-0.01220703,-0.70246930,0.01737066,0.71150204,32,512,0
2,9,4,0.49365234,-0.01123047,-0.70248558,0.01598137,0.71151853,32,512,0
2,9,5,0.49365234,-0.01025391,-0.70250050,0.01459200,0.71153364,32,512,0
2,9,6,0.49365234,-0.00927734,-0.70251407,0.01320254,0.71154738,32,512,0
2,9,7,0.49365234,-0.00830078,-0.70252628,0.01181300,0.71155975,32,512,0
2,9,8,0.49365234,-0.00732422,-0.70253713,0.01042340,0.71157075,32,512,0
2,9,9,0.49365234,-0.00634766,-0.70254663,0.00903374,0.71158037,32,512,0
2,9,10,0.49365234,-0.00537109,-0.70255478,0.00764402,0.71158861,32,512,0
2,9,11,0.49365234,-0.00439453,-0.70256156,0.00625426,0.71159549,32,512,0
2,9,12,0.49365234,-0.00341797,-0.70256699,0.00486446,0.71160099,32,512,0
2,9,13,0.49365234,-0.00244141,-0.70257106,0.00347463,0.71160511,32,512,0
2,9,14,0.49365234,-0.00146484,-0.70257377,0.00208479,0.71160786,32,512,0
2,9,15,0.49365234,-0.00048828,-0.70257513,0.00069493,0.71160923,32,512,0
2,9,16,0.49365234,0.00048828,-0.70257513,-0.00069493,0.71160923,32,512,0
2,9,17,0.49365234,0.00146484,-0.70257377,-0.00208479,0.71160786,32,512,0
2,9,18,0.49365234,0.00244141,-0.70257106,-0.00347463,0.71160511,32,512,0
2,9,19,0.49365234,0.00341797,-0.70256699,-0.00486446,0.71160099,32,512,0
2,9,20,0.49365234,0.00439453,-0.70256156,-0.00625426,0.71159549,32,512,0
2,9,21,0.49365234,0.00537109,-0.70255478,-0.00764402,0.71158861,32,512,0
2,9,22,0.49365234,0.00634766,-0.70254663,-0.00903374,0.71158037,32,512,0
2,9,23,0.49365234,0.00732422,-0.70253713,-0.01042340,0.71157075,32,512,0
2,9,24,0.49365234,0.00830078,-0.70252628,-0.01181300,0.71155975,32,512,0
2,9,25,0.49365234,0.00927734,-0.70251407,-0.01320254,0.71154738,32,512,0
2,9,26,0.49365234,0.01025391,-0.70250050,-0.01459200,0.71153364,32,512,0
2,9,27,0.49365234,0.01123047,-0.70248558,-0.01598137,0.71151853,32,512,0
2,9,28,0.49365234,0.01220703,-0.70246930,-0.01737066,0.71150204,32,512,0
2,9,29,0.49365234,0.01318359,-0.70245166,-0.01875984,0.71148418,32,512,0
2,9,30,0.49365234,0.01416016,-0.70243267,-0.02014891,0.71146494,32,512,0
2,9,31,0.49365234,0.01513672,-0.70241233,-0.02153787,0.71144434,32,512,0
2,10,0,0.49462891,-0.01513672,-0.70311526,0.02151685,0.71075027,32,512,0
2,10,1,0.49462891,-0.01416016,-0.70313559,0.02012925,0.71077082,32,512,0
2,10,2,0.49462891,-0.01318359,-0.70315456,0.01874153,0.71079000,32,512,0
2,10,3,0.49462891,-0.01220703,-0.70317218,0.01735371,0.71080781,32,512,0
2,10,4,0.49462891,-0.01123047,-0.70318844,0.01596578,0.71082425,32,512,0
2,10,5,0.49462891,-0.01025391,-0.70320335,0.01457776,0.71083932,32,512,0
2,10,6,0.49462891,-0.00927734,-0.70321690,0.01318966,0.71085302,32,512,0
2,10,7,0.49462891,-0.00830078,-0.70322910,0.01180148,0.71086535,32,512,0
2,10,8,0.49462891,-0.00732422,-0.70323995,0.01041323,0.71087632,32,512,0
2,10,9,0.49462891,-0.00634766,-0.70324944,0.00902492,0.71088591,32,512,0
2,10,10,0.49462891,-0.00537109,-0.70325757,0.00763656,0.71089413,32,512,0
2,10,11,0.49462891,-0.00439453,-0.70326435,0.00624815,0.71090098,32,512,0
2,10,12,0.49462891,-0.00341797,-0.70326978,0.00485971,0.71090647,32,512,0
2,10,13,0.49462891,-0.00244141,-0.70327384,0.00347124,0.71091058,32,512,0
2,10,14,0.49462891,-0.00146484,-0.70327656,0.00208275,0.71091332,32,512,0
2,10,15,0.49462891,-0.00048828,-0.70327791,0.00069425,0.71091469,32,512,0
2,10,16,0.49462891,0.00048828,-0.70327791,-0.00069425,0.71091469,32,512,0
2,10,17,0.49462891,0.00146484,-0.70327656,-0.00208275,0.71091332,32,512,0
2,10,18,0.49462891,0.00244141,-0.70327384,-0.00347124,0.71091058,32,512,0
2,10,19,0.49462891,0.00341797,-0.70326978,-0.00485971,0.71090647,32,512,0
2,10,20,0.49462891,0.00439453,-0.70326435,-0.00624815,0.71090098,32,512,0
2,10,21,0.49462891,0.00537109,-0.70325757,-0.00763656,0.71089413,32,512,0
2,10,22,0.49462891,0.00634766,-0.70324944,-0.00902492,0.71088591,32,512,0
2,10,23,0.49462891,0.00732422,-0.70323995,-0.01041323,0.71087632,32,512,0
2,10,24,0.49462891,0.00830078,-0.70322910,-0.01180148,0.71086535,32,512,0
2,10,25,0.49462891,0.00927734,-0.70321690,-0.01318966,0.71085302,32,512,0
2,10,26,0.49462891,0.01025391,-0.70320335,-0.01457776,0.71083932,32,512,0
2,10,27,0.49462891,0.01123047,-0.70318844,-0.01596578,0.71082425,32,512,0
2,10,28,0.49462891,0.01220703,-0.70317218,-0.01735371,0.71080781,32,512,0
2,10,29,0.49462891,0.01318359,-0.70315456,-0.01874153,0.71079000,32,512,0
2,10,30,0.49462891,0.01416016,-0.70313559,-0.02012925,0.71077082,32,512,0
2,10,31,0.49462891,0.01513672,-0.70311526,-0.02151685,0.71075027,32,512,0
2,11,0,0.49560547,-0.01513672,-0.70381614,0.02149586,0.71005688,32,512,0
2,11,1,0.49560547,-0.01416016,-0.70383645,0.02010961,0.71007736,32,512,0
2,11,2,0.49560547,-0.01318359,-0.70385540,0.01872325,0.71009648,32,512,0
2,11,3,0.49560547,-0.01220703,-0.70387300,0.01733677,0.71011424,32,512,0
2,11,4,0.49560547,-0.01123047,-0.70388925,0.01595020,0.71013063,32,512,0
2,11,5,0.49560547,-0.01025391,-0.70390415,0.01456353,0.71014566,32,512,0
2,11,6,0.49560547,-0.00927734,-0.70391769,0.01317678,0.71015932,32,512,0
2,11,7,0.49560547,-0.00830078,-0.70392988,0.01178996,0.71017162,32,512,0
2,11,8,0.49560547,-0.00732422,-0.70394071,0.01040306,0.71018255,32,512,0
2,11,9,0.49560547,-0.00634766,-0.70395019,0.00901611,0.71019211,32,512,0
2,11,10,0.49560547,-0.00537109,-0.70395832,0.00762910,0.71020031,32,512,0
2,11,11,0.49560547,-0.00439453,-0.70396509,0.00624205,0.71020714,32,512,0
2,11,12,0.49560547,-0.00341797,-0.70397051,0.00485497,0.71021261,32,512,0
2,11,13,0.49560547,-0.00244141,-0.70397457,0.00346786,0.71021671,32,512,0
2,11,14,0.49560547,-0.00146484,-0.70397728,0.00208072,0.71021944,32,512,0
2,11,15,0.49560547,-0.00048828,-0.70397864,0.00069358,0.71022081,32,512,0
2,11,16,0.49560547,0.00048828,-0.70397864,-0.00069358,0.71022081,32,512,0
2,11,17,0.49560547,0.00146484,-0.70397728,-0.00208072,0.71021944,32,512,0
2,11,18,0.49560547,0.00244141,-0.70397457,-0.00346786,0.71021671,32,512,0
2,11,19,0.49560547,0.00341797,-0.70397051,-0.00485497,0.71021261,32,512,0
2,11,20,0.49560547,0.00439453,-0.70396509,-0.00624205,0.71020714,32,512,0
2,11,21,0.49560547,0.00537109,-0.70395832,-0.00762910,0.71020031,32,512,0
2,11,22,0.49560547,0.00634766,-0.70395019,-0.00901611,0.71019211,32,512,0
2,11,23,0.49560547,0.00732422,-0.70394071,-0.01040306,0.71018255,32,512,0
2,11,24,0.49560547,0.00830078,-0.70392988,-0.01178996,0.71017162,32,512,0
2,11,25,0.49560547,0.00927734,-0.70391769,-0.01317678,0.71015932,32,512,0
2,11,26,0.49560547,0.01025391,-0.70390415,-0.01456353,0.71014566,32,512,0
2,11,27,0.49560547,0.01123047,-0.70388925,-0.01595020,0.71013063,32,512,0
2,11,28,0.49560547,0.01220703,-0.70387300,-0.01733677,0.71011424,32,512,0
2,11,29,0.49560547,0.01318359,-0.70385540,-0.01872325,0.71009648,32,512,0
2,11,30,0.49560547,0.01416016,-0.70383645,-0.02010961,0.71007736,32,512,0
2,11,31,0.49560547,0.01513672,-0.70381614,-0.02149586,0.71005688,32,512,0
2,12,0,0.49658203,-0.01513672,-0.70451497,0.02147489,0.70936414,32,512,0
2,12,1,0.49658203,-0.01416016,-0.70453526,0.02008999,0.70938457,32,512,0
2,12,2,0.49658203,-0.01318359,-0.70455419,0.01870498,0.70940363,32,512,0
2,12,3,0.49658203,-0.01220703,-0.70457178,0.01731986,0.70942134,32,512,0
2,12,4,0.49658203,-0.01123047,-0.70458801,0.01593464,0.70943768,32,512,0
2,12,5,0.49658203,-0.01025391,-0.70460289,0.01454932,0.70945266,32,512,0
2,12,6,0.49658203,-0.00927734,-0.70461642,0.01316393,0.70946629,32,512,0
2,12,7,0.49658203,-0.00830078,-0.70462860,0.01177845,0.70947855,32,512,0
2,12,8,0.49658203,-0.00732422,-0.70463942,0.01039291,0.70948945,32,512,0
2,12,9,0.49658203,-0.00634766,-0.70464889,0.00900731,0.70949898,32,512,0
2,12,10,0.49658203,-0.00537109,-0.70465701,0.00762166,0.70950716,32,512,0
2,12,11,0.49658203,-0.00439453,-0.70466378,0.00623596,0.70951397,32,512,0
2,12,12,0.49658203,-0.00341797,-0.70466919,0.00485023,0.70951942,32,512,0
2,12,13,0.49658203,-0.00244141,-0.70467325,0.00346447,0.70952351,32,512,0
2,12,14,0.49658203,-0.00146484,-0.70467596,0.00207869,0.70952623,32,512,0
2,12,15,0.49658203,-0.00048828,-0.70467731,0.00069290,0.70952760,32,512,0
2,12,16,0.49658203,0.00048828,-0.70467731,-0.00069290,0.70952760,32,512,0
2,12,17,0.49658203,0.00146484,-0.70467596,-0.00207869,0.70952623,32,512,0
2,12,18,0.49658203,0.00244141,-0.70467325,-0.00346447,0.70952351,32,512,0
2,12,19,0.49658203,0.00341797,-0.70466919,-0.00485023,0.70951942,32,512,0
2,12,20,0.49658203,0.00439453,-0.70466378,-0.00623596,0.70951397,32,512,0
2,12,21,0.49658203,0.00537109,-0.70465701,-0.00762166,0.70950716,32,512,0
2,12,22,0.49658203,0.00634766,-0.70464889,-0.00900731,0.70949898,32,512,0
2,12,23,0.49658203,0.00732422,-0.70463942,-0.01039291,0.70948945,32,512,0
2,12,24,0.49658203,0.00830078,-0.70462860,-0.01177845,0.70947855,32,512,0
2,12,25,0.49658203,0.00927734,-0.70461642,-0.01316393,0.70946629,32,512,0
2,12,26,0.49658203,0.01025391,-0.70460289,-0.01454932,0.70945266,32,512,0
2,12,27,0.49658203,0.01123047,-0.70458801,-0.01593464,0.70943768,32,512,0
2,12,28,0.49658203,0.01220703,-0.70457178,-0.01731986,0.70942134,32,512,0
2,12,29,0.49658203,0.01318359,-0.70455419,-0.01870498,0.70940363,32,512,0
2,12,30,0.49658203,0.01416016,-0.70453526,-0.02008999,0.70938457,32,512,0
2,12,31,0.49658203,0.01513672,-0.70451497,-0.02147489,0.70936414,32,512,0
2,13,0,0.49755859,-0.01513672,-0.70521176,0.02145394,0.70867207,32,512,0
2,13,1,0.49755859,-0.01416016,-0.70523202,0.02007039,0.70869244,32,512,0
2,13,2,0.49755859,-0.01318359,-0.70525094,0.01868673,0.70871145,32,512,0
2,13,3,0.49755859,-0.01220703,-0.70526851,0.01730296,0.70872910,32,512,0
2,13,4,0.49755859,-0.01123047,-0.70528473,0.01591909,0.70874540,32,512,0
2,13,5,0.49755859,-0.01025391,-0.70529959,0.01453512,0.70876034,32,512,0
2,13,6,0.49755859,-0.00927734,-0.70531311,0.01315108,0.70877392,32,512,0
2,13,7,0.49755859,-0.00830078,-0.70532527,0.01176696,0.70878614,32,512,0
2,13,8,0.49755859,-0.00732422,-0.70533609,0.01038277,0.70879701,32,512,0
2,13,9,0.49755859,-0.00634766,-0.70534555,0.00899852,0.70880652,32,512,0
2,13,10,0.49755859,-0.00537109,-0.70535366,0.00761422,0.70881467,32,512,0
2,13,11,0.49755859,-0.00439453,-0.70536042,0.00622988,0.70882146,32,512,0
2,13,12,0.49755859,-0.00341797,-0.70536583,0.00484550,0.70882690,32,512,0
2,13,13,0.49755859,-0.00244141,-0.70536988,0.00346109,0.70883097,32,512,0
2,13,14,0.49755859,-0.00146484,-0.70537259,0.00207666,0.70883369,32,512,0
2,13,15,0.49755859,-0.00048828,-0.70537394,0.00069222,0.70883505,32,512,0
2,13,16,0.49755859,0.00048828,-0.70537394,-0.00069222,0.70883505,32,512,0
2,13,17,0.49755859,0.00146484,-0.70537259,-0.00207666,0.70883369,32,512,0
2,13,18,0.49755859,0.00244141,-0.70536988,-0.00346109,0.70883097,32,512,0
2,13,19,0.49755859,0.00341797,-0.70536583,-0.00484550,0.70882690,32,512,0
2,13,20,0.49755859,0.00439453,-0.70536042,-0.00622988,0.70882146,32,512,0
2,13,21,0.49755859,0.00537109,-0.70535366,-0.00761422,0.70881467,32,512,0
2,13,22,0.49755859,0.00634766,-0.70534555,-0.00899852,0.70880652,32,512,0
2,13,23,0.49755859,0.00732422,-0.70533609,-0.01038277,0.70879701,32,512,0
2,13,24,0.49755859,0.00830078,-0.70532527,-0.01176696,0.70878614,32,512,0
2,13,25,0.49755859,0.00927734,-0.70531311,-0.01315108,0.70877392,32,512,0
2,13,26,0.49755859,0.01025391,-0.70529959,-0.01453512,0.70876034,32,512,0
2,13,27,0.49755859,0.01123047,-0.70528473,-0.01591909,0.70874540,32,512,0
2,13,28,0.49755859,0.01220703,-0.70526851,-0.01730296,0.70872910,32,512,0
2,13,29,0.49755859,0.01318359,-0.70525094,-0.01868673,0.70871145,32,512,0
2,13,30,0.49755859,0.01416016,-0.70523202,-0.02007039,0.70869244,32,512,0
2,13,31,0.49755859,0.01513672,-0.70521176,-0.02145394,0.70867207,32,512,0
2,14,0,0.49853516,-0.01513672,-0.70590651,0.02143301,0.70798067,32,512,0
2,14,1,0.49853516,-0.01416016,-0.70592675,0.02005081,0.70800098,32,512,0
2,14,2,0.49853516,-0.01318359,-0.70594565,0.01866849,0.70801993,32,512,0
2,14,3,0.49853516,-0.01220703,-0.70596320,0.01728607,0.70803753,32,512,0
2,14,4,0.49853516,-0.01123047,-0.70597940,0.01590355,0.70805378,32,512,0
2,14,5,0.49853516,-0.01025391,-0.70599426,0.01452094,0.70806868,32,512,0
2,14,6,0.49853516,-0.00927734,-0.70600776,0.01313824,0.70808222,32,512,0
2,14,7,0.49853516,-0.00830078,-0.70601991,0.01175547,0.70809441,32,512,0
2,14,8,0.49853516,-0.00732422,-0.70603072,0.01037264,0.70810524,32,512,0
2,14,9,0.49853516,-0.00634766,-0.70604017,0.00898974,0.70811472,32,512,0
2,14,10,0.49853516,-0.00537109,-0.70604827,0.00760679,0.70812285,32,512,0
2,14,11,0.49853516,-0.00439453,-0.70605503,0.00622380,0.70812962,32,512,0
2,14,12,0.49853516,-0.00341797,-0.70606043,0.00484077,0.70813504,32,512,0
2,14,13,0.49853516,-0.00244141,-0.70606448,0.00345771,0.70813911,32,512,0
2,14,14,0.49853516,-0.00146484,-0.70606718,0.00207463,0.70814182,32,512,0
2,14,15,0.49853516,-0.00048828,-0.70606853,0.00069155,0.70814317,32,512,0
2,14,16,0.49853516,0.00048828,-0.70606853,-0.00069155,0.70814317,32,512,0
2,14,17,0.49853516,0.00146484,-0.70606718,-0.00207463,0.70814182,32,512,0
2,14,18,0.49853516,0.00244141,-0.70606448,-0.00345771,0.70813911,32,512,0
2,14,19,0.49853516,0.00341797,-0.70606043,-0.00484077,0.70813504,32,512,0
2,14,20,0.49853516,0.00439453,-0.70605503,-0.00622380,0.70812962,32,512,0
2,14,21,0.49853516,0.00537109,-0.70604827,-0.00760679,0.70812285,32,512,0
2,14,22,0.49853516,0.00634766,-0.70604017,-0.00898974,0.70811472,32,512,0
2,14,23,0.49853516,0.00732422,-0.70603072,-0.01037264,0.70810524,32,512,0
2,14,24,0.49853516,0.00830078,-0.70601991,-0.01175547,0.70809441,32,512,0
2,14,25,0.49853516,0.00927734,-0.70600776,-0.01313824,0.70808222,32,512,0
2,14,26,0.49853516,0.01025391,-0.70599426,-0.01452094,0.70806868,32,512,0
2,14,27,0.49853516,0.01123047,-0.70597940,-0.01590355,0.70805378,32,512,0
2,14,28,0.49853516,0.01220703,-0.70596320,-0.01728607,0.70803753,32,512,0
2,14,29,0.49853516,0.01318359,-0.70594565,-0.01866849,0.70801993,32,512,0
2,14,30,0.49853516,0.01416016,-0.70592675,-0.02005081,0.70800098,32,512,0
2,14,31,0.49853516,0.01513672,-0.70590651,-0.02143301,0.70798067,32,512,0
2,15,0,0.49951172,-0.01513672,-0.70659923,0.02141210,0.70728994,32,512,0
2,15,1,0.49951172,-0.01416016,-0.70661945,0.02003125,0.70731019,32,512,0
2,15,2,0.49951172,-0.01318359,-0.70663833,0.01865028,0.70732908,32,512,0
2,15,3,0.49951172,-0.01220703,-0.70665587,0.01726920,0.70734663,32,512,0
2,15,4,0.49951172,-0.01123047,-0.70667205,0.01588803,0.70736284,32,512,0
2,15,5,0.49951172,-0.01025391,-0.70668689,0.01450677,0.70737769,32,512,0
2,15,6,0.49951172,-0.00927734,-0.70670038,0.01312542,0.70739119,32,512,0
2,15,7,0.49951172,-0.00830078,-0.70671252,0.01174400,0.70740334,32,512,0
2,15,8,0.49951172,-0.00732422,-0.70672331,0.01036251,0.70741415,32,512,0
2,15,9,0.49951172,-0.00634766,-0.70673276,0.00898096,0.70742360,32,512,0
2,15,10,0.49951172,-0.00537109,-0.70674085,0.00759936,0.70743170,32,512,0
2,15,11,0.49951172,-0.00439453,-0.70674760,0.00621772,0.70743846,32,512,0
2,15,12,0.49951172,-0.00341797,-0.70675300,0.00483604,0.70744386,32,512,0
2,15,13,0.49951172,-0.00244141,-0.70675704,0.00345434,0.70744791,32,512,0
2,15,14,0.49951172,-0.00146484,-0.70675974,0.00207261,0.70745061,32,512,0
2,15,15,0.49951172,-0.00048828,-0.70676109,0.00069087,0.70745196,32,512,0
2,15,16,0.49951172,0.00048828,-0.70676109,-0.00069087,0.70745196,32,512,0
2,15,17,0.49951172,0.00146484,-0.70675974,-0.00207261,0.70745061,32,512,0
2,15,18,0.49951172,0.00244141,-0.70675704,-0.00345434,0.70744791,32,512,0
2,15,19,0.49951172,0.00341797,-0.70675300,-0.00483604,0.70744386,32,512,0
2,15,20,0.49951172,0.00439453,-0.70674760,-0.00621772,0.70743846,32,512,0
2,15,21,0.49951172,0.00537109,-0.70674085,-0.00759936,0.70743170,32,512,0
2,15,22,0.49951172,0.00634766,-0.70673276,-0.00898096,0.70742360,32,512,0
2,15,23,0.49951172,0.00732422,-0.70672331,-0.01036251,0.70741415,32,512,0
2,15,24,0.49951172,0.00830078,-0.70671252,-0.01174400,0.70740334,32,512,0
2,15,25,0.49951172,0.00927734,-0.70670038,-0.01312542,0.70739119,32,512,0
2,15,26,0.49951172,0.01025391,-0.70668689,-0.01450677,0.70737769,32,512,0
2,15,27,0.49951172,0.01123047,-0.70667205,-0.01588803,0.70736284,32,512,0
2,15,28,0.49951172,0.01220703,-0.70665587,-0.01726920,0.70734663,32,512,0
2,15,29,0.49951172,0.01318359,-0.70663833,-0.01865028,0.70732908,32,512,0
2,15,30,0.49951172,0.01416016,-0.70661945,-0.02003125,0.70731019,32,512,0
2,15,31,0.49951172,0.01513672,-0.70659923,-0.02141210,0.70728994,32,512,0
2,16,0,0.50048828,-0.01513672,-0.70728992,0.02139121,0.70659988,32,512,0
2,16,1,0.50048828,-0.01416016,-0.70731013,0.02001170,0.70662007,32,512,0
2,16,2,0.50048828,-0.01318359,-0.70732899,0.01863208,0.70663891,32,512,0
2,16,3,0.50048828,-0.01220703,-0.70734650,0.01725235,0.70665641,32,512,0
2,16,4,0.50048828,-0.01123047,-0.70736267,0.01587253,0.70667256,32,512,0
2,16,5,0.50048828,-0.01025391,-0.70737750,0.01449261,0.70668737,32,512,0
2,16,6,0.50048828,-0.00927734,-0.70739097,0.01311261,0.70670084,32,512,0
2,16,7,0.50048828,-0.00830078,-0.70740310,0.01173254,0.70671295,32,512,0
2,16,8,0.50048828,-0.00732422,-0.70741388,0.01035240,0.70672372,32,512,0
2,16,9,0.50048828,-0.00634766,-0.70742332,0.00897220,0.70673315,32,512,0
2,16,10,0.50048828,-0.00537109,-0.70743141,0.00759195,0.70674123,32,512,0
2,16,11,0.50048828,-0.00439453,-0.70743815,0.00621165,0.70674796,32,512,0
2,16,12,0.50048828,-0.00341797,-0.70744354,0.00483132,0.70675335,32,512,0
2,16,13,0.50048828,-0.00244141,-0.70744758,0.00345096,0.70675739,32,512,0
2,16,14,0.50048828,-0.00146484,-0.70745028,0.00207059,0.70676008,32,512,0
2,16,15,0.50048828,-0.00048828,-0.70745163,0.00069020,0.70676143,32,512,0
2,16,16,0.50048828,0.00048828,-0.70745163,-0.00069020,0.70676143,32,512,0
2,16,17,0.50048828,0.00146484,-0.70745028,-0.00207059,0.70676008,32,512,0
2,16,18,0.50048828,0.00244141,-0.70744758,-0.00345096,0.70675739,32,512,0
2,16,19,0.50048828,0.00341797,-0.70744354,-0.00483132,0.70675335,32,512,0
2,16,20,0.50048828,0.00439453,-0.70743815,-0.00621165,0.70674796,32,512,0
2,16,21,0.50048828,0.00537109,-0.70743141,-0.00759195,0.70674123,32,512,0
2,16,22,0.50048828,0.00634766,-0.70742332,-0.00897220,0.70673315,32,512,0
2,16,23,0.50048828,0.00732422,-0.70741388,-0.01035240,0.70672372,32,512,0
2,16,24,0.50048828,0.00830078,-0.70740310,-0.01173254,0.70671295,32,512,0
2,16,25,0.50048828,0.00927734,-0.70739097,-0.01311261,0.70670084,32,512,0
2,16,26,0.50048828,0.01025391,-0.70737750,-0.01449261,0.70668737,32,512,0
2,16,27,0.50048828,0.01123047,-0.70736267,-0.01587253,0.70667256,32,512,0
2,16,28,0.50048828,0.01220703,-0.70734650,-0.01725235,0.70665641,32,512,0
2,16,29,0.50048828,0.01318359,-0.70732899,-0.01863208,0.70663891,32,512,0
2,16,30,0.50048828,0.01416016,-0.70731013,-0.02001170,0.70662007,32,512,0
2,16,31,0.50048828,0.01513672,-0.70728992,-0.02139121,0.70659988,32,512,0
2,17,0,0.50146484,-0.01513672,-0.70797859,0.02137034,0.70591049,32,512,0
2,17,1,0.50146484,-0.01416016,-0.70799878,0.01999218,0.70593062,32,512,0
2,17,2,0.50146484,-0.01318359,-0.70801762,0.01861390,0.70594941,32,512,0
2,17,3,0.50146484,-0.01220703,-0.70803512,0.01723552,0.70596686,32,512,0
2,17,4,0.50146484,-0.01123047,-0.70805127,0.01585704,0.70598297,32,512,0
2,17,5,0.50146484,-0.01025391,-0.70806608,0.01447847,0.70599773,32,512,0
2,17,6,0.50146484,-0.00927734,-0.70807955,0.01309982,0.70601115,32,512,0
2,17,7,0.50146484,-0.00830078,-0.70809166,0.01172109,0.70602324,32,512,0
2,17,8,0.50146484,-0.00732422,-0.70810244,0.01034229,0.70603398,32,512,0
2,17,9,0.50146484,-0.00634766,-0.70811186,0.00896344,0.70604338,32,512,0
2,17,10,0.50146484,-0.00537109,-0.70811994,0.00758454,0.70605143,32,512,0
2,17,11,0.50146484,-0.00439453,-0.70812667,0.00620559,0.70605814,32,512,0
2,17,12,0.50146484,-0.00341797,-0.70813206,0.00482661,0.70606352,32,512,0
2,17,13,0.50146484,-0.00244141,-0.70813610,0.00344760,0.70606754,32,512,0
2,17,14,0.50146484,-0.00146484,-0.70813879,0.00206857,0.70607023,32,512,0
2,17,15,0.50146484,-0.00048828,-0.70814014,0.00068952,0.70607157,32,512,0
2,17,16,0.50146484,0.00048828,-0.70814014,-0.00068952,0.70607157,32,512,0
2,17,17,0.50146484,0.00146484,-0.70813879,-0.00206857,0.70607023,32,512,0
2,17,18,0.50146484,0.00244141,-0.70813610,-0.00344760,0.70606754,32,512,0
2,17,19,0.50146484,0.00341797,-0.70813206,-0.00482661,0.70606352,32,512,0
2,17,20,0.50146484,0.00439453,-0.70812667,-0.00620559,0.70605814,32,512,0
2,17,21,0.50146484,0.00537109,-0.70811994,-0.00758454,0.70605143,32,512,0
2,17,22,0.50146484,0.00634766,-0.70811186,-0.00896344,0.70604338,32,512,0
2,17,23,0.50146484,0.00732422,-0.70810244,-0.01034229,0.70603398,32,512,0
2,17,24,0.50146484,0.00830078,-0.70809166,-0.01172109,0.70602324,32,512,0
2,17,25,0.50146484,0.00927734,-0.70807955,-0.01309982,0.70601115,32,512,0
2,17,26,0.50146484,0.01025391,-0.70806608,-0.01447847,0.70599773,32,512,0
2,17,27,0.50146484,0.01123047,-0.70805127,-0.01585704,0.70598297,32,512,0
2,17,28,0.50146484,0.01220703,-0.70803512,-0.01723552,0.70596686,32,512,0
2,17,29,0.50146484,0.01318359,-0.70801762,-0.01861390,0.70594941,32,512,0
2,17,30,0.50146484,0.01416016,-0.70799878,-0.01999218,0.70593062,32,512,0
2,17,31,0.50146484,0.01513672,-0.70797859,-0.02137034,0.70591049,32,512,0
2,18,0,0.50244141,-0.01513672,-0.70866525,0.02134949,0.70522178,32,512,0
2,18,1,0.50244141,-0.01416016,-0.70868542,0.01997267,0.70524185,32,512,0
2,18,2,0.50244141,-0.01318359,-0.70870424,0.01859574,0.70526059,32,512,0
2,18,3,0.50244141,-0.01220703,-0.70872172,0.01721870,0.70527798,32,512,0
2,18,4,0.50244141,-0.01123047,-0.70873786,0.01584157,0.70529404,32,512,0
2,18,5,0.50244141,-0.01025391,-0.70875266,0.01446434,0.70530877,32,512,0
2,18,6,0.50244141,-0.00927734,-0.70876611,0.01308703,0.70532215,32,512,0
2,18,7,0.50244141,-0.00830078,-0.70877821,0.01170965,0.70533420,32,512,0
2,18,8,0.50244141,-0.00732422,-0.70878897,0.01033220,0.70534491,32,512,0
2,18,9,0.50244141,-0.00634766,-0.70879839,0.00895469,0.70535428,32,512,0
2,18,10,0.50244141,-0.00537109,-0.70880646,0.00757713,0.70536231,32,512,0
2,18,11,0.50244141,-0.00439453,-0.70881319,0.00619953,0.70536900,32,512,0
2,18,12,0.50244141,-0.00341797,-0.70881857,0.00482190,0.70537436,32,512,0
2,18,13,0.50244141,-0.00244141,-0.70882261,0.00344423,0.70537837,32,512,0
2,18,14,0.50244141,-0.00146484,-0.70882530,0.00206655,0.70538105,32,512,0
2,18,15,0.50244141,-0.00048828,-0.70882664,0.00068885,0.70538239,32,512,0
2,18,16,0.50244141,0.00048828,-0.70882664,-0.00068885,0.70538239,32,512,0
2,18,17,0.50244141,0.00146484,-0.70882530,-0.00206655,0.70538105,32,512,0
2,18,18,0.50244141,0.00244141,-0.70882261,-0.00344423,0.70537837,32,512,0
2,18,19,0.50244141,0.00341797,-0.70881857,-0.00482190,0.70537436,32,512,0
2,18,20,0.50244141,0.00439453,-0.70881319,-0.00619953,0.70536900,32,512,0
2,18,21,0.50244141,0.00537109,-0.70880646,-0.00757713,0.70536231,32,512,0
2,18,22,0.50244141,0.00634766,-0.70879839,-0.00895469,0.70535428,32,512,0
2,18,23,0.50244141,0.00732422,-0.70878897,-0.01033220,0.70534491,32,512,0
2,18,24,0.50244141,0.00830078,-0.70877821,-0.01170965,0.70533420,32,512,0
2,18,25,0.50244141,0.00927734,-0.70876611,-0.01308703,0.70532215,32,512,0
2,18,26,0.50244141,0.01025391,-0.70875266,-0.01446434,0.70530877,32,512,0
2,18,27,0.50244141,0.01123047,-0.70873786,-0.01584157,0.70529404,32,512,0
2,18,28,0.50244141,0.01220703,-0.70872172,-0.01721870,0.70527798,32,512,0
2,18,29,0.50244141,0.01318359,-0.70870424,-0.01859574,0.70526059,32,512,0
2,18,30,0.50244141,0.01416016,-0.70868542,-0.01997267,0.70524185,32,512,0
2,18,31,0.50244141,0.01513672,-0.70866525,-0.02134949,0.70522178,32,512,0
2,19,0,0.50341797,-0.01513672,-0.70934990,0.02132866,0.70453375,32,512,0
2,19,1,0.50341797,-0.01416016,-0.70937005,0.01995318,0.70455376,32,512,0
2,19,2,0.50341797,-0.01318359,-0.70938885,0.01857759,0.70457244,32,512,0
2,19,3,0.50341797,-0.01220703,-0.70940632,0.01720190,0.70458979,32,512,0
2,19,4,0.50341797,-0.01123047,-0.70942244,0.01582611,0.70460580,32,512,0
2,19,5,0.50341797,-0.01025391,-0.70943722,0.01445022,0.70462048,32,512,0
2,19,6,0.50341797,-0.00927734,-0.70945066,0.01307426,0.70463383,32,512,0
2,19,7,0.50341797,-0.00830078,-0.70946275,0.01169822,0.70464584,32,512,0
2,19,8,0.50341797,-0.00732422,-0.70947350,0.01032212,0.70465651,32,512,0
2,19,9,0.50341797,-0.00634766,-0.70948291,0.00894595,0.70466586,32,512,0
2,19,10,0.50341797,-0.00537109,-0.70949097,0.00756974,0.70467387,32,512,0
2,19,11,0.50341797,-0.00439453,-0.70949769,0.00619348,0.70468054,32,512,0
2,19,12,0.50341797,-0.00341797,-0.70950307,0.00481719,0.70468588,32,512,0
2,19,13,0.50341797,-0.00244141,-0.70950710,0.00344087,0.70468989,32,512,0
2,19,14,0.50341797,-0.00146484,-0.70950979,0.00206453,0.70469255,32,512,0
2,19,15,0.50341797,-0.00048828,-0.70951113,0.00068818,0.70469389,32,512,0
2,19,16,0.50341797,0.00048828,-0.70951113,-0.00068818,0.70469389,32,512,0
2,19,17,0.50341797,0.00146484,-0.70950979,-0.00206453,0.70469255,32,512,0
2,19,18,0.50341797,0.00244141,-0.70950710,-0.00344087,0.70468989,32,512,0
2,19,19,0.50341797,0.00341797,-0.70950307,-0.00481719,0.70468588,32,512,0
2,19,20,0.50341797,0.00439453,-0.70949769,-0.00619348,0.70468054,32,512,0
2,19,21,0.50341797,0.00537109,-0.70949097,-0.00756974,0.70467387,32,512,0
2,19,22,0.50341797,0.00634766,-0.70948291,-0.00894595,0.70466586,32,512,0
2,19,23,0.50341797,0.00732422,-0.70947350,-0.01032212,0.70465651,32,512,0
2,19,24,0.50341797,0.00830078,-0.70946275,-0.01169822,0.70464584,32,512,0
2,19,25,0.50341797,0.00927734,-0.70945066,-0.01307426,0.70463383,32,512,0
2,19,26,0.50341797,0.01025391,-0.70943722,-0.01445022,0.70462048,32,512,0
2,19,27,0.50341797,0.01123047,-0.70942244,-0.01582611,0.70460580,32,512,0
2,19,28,0.50341797,0.01220703,-0.70940632,-0.01720190,0.70458979,32,512,0
2,19,29,0.50341797,0.01318359,-0.70938885,-0.01857759,0.70457244,32,512,0
2,19,30,0.50341797,0.01416016,-0.70937005,-0.01995318,0.70455376,32,512,0
2,19,31,0.50341797,0.01513672,-0.70934990,-0.02132866,0.70453375,32,512,0
2,20,0,0.50439453,-0.01513672,-0.71003255,0.02130785,0.70384640,32,512,0
2,20,1,0.50439453,-0.01416016,-0.71005268,0.01993372,0.70386635,32,512,0
2,20,2,0.50439453,-0.01318359,-0.71007147,0.01855947,0.70388498,32,512,0
2,20,3,0.50439453,-0.01220703,-0.71008891,0.01718511,0.70390227,32,512,0
2,20,4,0.50439453,-0.01123047,-0.71010502,0.01581066,0.70391824,32,512,0
2,20,5,0.50439453,-0.01025391,-0.71011978,0.01443612,0.70393287,32,512,0
2,20,6,0.50439453,-0.00927734,-0.71013321,0.01306150,0.70394618,32,512,0
2,20,7,0.50439453,-0.00830078,-0.71014529,0.01168681,0.70395816,32,512,0
2,20,8,0.50439453,-0.00732422,-0.71015603,0.01031204,0.70396880,32,512,0
2,20,9,0.50439453,-0.00634766,-0.71016543,0.00893722,0.70397812,32,512,0
2,20,10,0.50439453,-0.00537109,-0.71017348,0.00756235,0.70398610,32,512,0
2,20,11,0.50439453,-0.00439453,-0.71018020,0.00618744,0.70399276,32,512,0
2,20,12,0.50439453,-0.00341797,-0.71018557,0.00481249,0.70399808,32,512,0
2,20,13,0.50439453,-0.00244141,-0.71018959,0.00343751,0.70400208,32,512,0
2,20,14,0.50439453,-0.00146484,-0.71019228,0.00206251,0.70400474,32,512,0
2,20,15,0.50439453,-0.00048828,-0.71019362,0.00068751,0.70400607,32,512,0
2,20,16,0.50439453,0.00048828,-0.71019362,-0.00068751,0.70400607,32,512,0
2,20,17,0.50439453,0.00146484,-0.71019228,-0.00206251,0.70400474,32,512,0
2,20,18,0.50439453,0.00244141,-0.71018959,-0.00343751,0.70400208,32,512,0
2,20,19,0.50439453,0.00341797,-0.71018557,-0.00481249,0.70399808,32,512,0
2,20,20,0.50439453,0.00439453,-0.71018020,-0.00618744,0.70399276,32,512,0
2,20,21,0.50439453,0.00537109,-0.71017348,-0.00756235,0.70398610,32,512,0
2,20,22,0.50439453,0.00634766,-0.71016543,-0.00893722,0.70397812,32,512,0
2,20,23,0.50439453,0.00732422,-0.71015603,-0.01031204,0.70396880,32,512,0
2,20,24,0.50439453,0.00830078,-0.71014529,-0.01168681,0.70395816,32,512,0
2,20,25,0.50439453,0.00927734,-0.71013321,-0.01306150,0.70394618,32,512,0
2,20,26,0.50439453,0.01025391,-0.71011978,-0.01443612,0.70393287,32,512,0
2,20,27,0.50439453,0.01123047,-0.71010502,-0.01581066,0.70391824,32,512,0
2,20,28,0.50439453,0.01220703,-0.71008891,-0.01718511,0.70390227,32,512,0
2,20,29,0.50439453,0.01318359,-0.71007147,-0.01855947,0.70388498,32,512,0
2,20,30,0.50439453,0.01416016,-0.71005268,-0.01993372,0.70386635,32,512,0
2,20,31,0.50439453,0.01513672,-0.71003255,-0.02130785,0.70384640,32,512,0
2,21,0,0.50537109,-0.01513672,-0.71071320,0.02128706,0.70315973,32,512,0
2,21,1,0.50537109,-0.01416016,-0.71073331,0.01991427,0.70317962,32,512,0
2,21,2,0.50537109,-0.01318359,-0.71075208,0.01854136,0.70319819,32,512,0
2,21,3,0.50537109,-0.01220703,-0.71076951,0.01716835,0.70321544,32,512,0
2,21,4,0.50537109,-0.01123047,-0.71078560,0.01579524,0.70323136,32,512,0
2,21,5,0.50537109,-0.01025391,-0.71080035,0.01442204,0.70324595,32,512,0
2,21,6,0.50537109,-0.00927734,-0.71081376,0.01304876,0.70325922,32,512,0
2,21,7,0.50537109,-0.00830078,-0.71082583,0.01167540,0.70327116,32,512,0
2,21,8,0.50537109,-0.00732422,-0.71083656,0.01030198,0.70328177,32,512,0
2,21,9,0.50537109,-0.00634766,-0.71084595,0.00892850,0.70329106,32,512,0
2,21,10,0.50537109,-0.00537109,-0.71085400,0.00755497,0.70329903,32,512,0
2,21,11,0.50537109,-0.00439453,-0.71086070,0.00618140,0.70330566,32,512,0
2,21,12,0.50537109,-0.00341797,-0.71086607,0.00480779,0.70331097,32,512,0
2,21,13,0.50537109,-0.00244141,-0.71087009,0.00343416,0.70331495,32,512,0
2,21,14,0.50537109,-0.00146484,-0.71087277,0.00206050,0.70331760,32,512,0
2,21,15,0.50537109,-0.00048828,-0.71087412,0.00068683,0.70331893,32,512,0
2,21,16,0.50537109,0.00048828,-0.71087412,-0.00068683,0.70331893,32,512,0
2,21,17,0.50537109,0.00146484,-0.71087277,-0.00206050,0.70331760,32,512,0
2,21,18,0.50537109,0.00244141,-0.71087009,-0.00343416,0.70331495,32,512,0
2,21,19,0.50537109,0.00341797,-0.71086607,-0.00480779,0.70331097,32,512,0
2,21,20,0.50537109,0.00439453,-0.71086070,-0.00618140,0.70330566,32,512,0
2,21,21,0.50537109,0.00537109,-0.71085400,-0.00755497,0.70329903,32,512,0
2,21,22,0.50537109,0.00634766,-0.71084595,-0.00892850,0.70329106,32,512,0
2,21,23,0.50537109,0.00732422,-0.71083656,-0.01030198,0.70328177,32,512,0
2,21,24,0.50537109,0.00830078,-0.71082583,-0.01167540,0.70327116,32,512,0
2,21,25,0.50537109,0.00927734,-0.71081376,-0.01304876,0.70325922,32,512,0
2,21,26,0.50537109,0.01025391,-0.71080035,-0.01442204,0.70324595,32,512,0
2,21,27,0.50537109,0.01123047,-0.71078560,-0.01579524,0.70323136,32,512,0
2,21,28,0.50537109,0.01220703,-0.71076951,-0.01716835,0.70321544,32,512,0
2,21,29,0.50537109,0.01318359,-0.71075208,-0.01854136,0.70319819,32,512,0
2,21,30,0.50537109,0.01416016,-0.71073331,-0.01991427,0.70317962,32,512,0
2,21,31,0.50537109,0.01513672,-0.71071320,-0.02128706,0.70315973,32,512,0
2,22,0,0.50634766,-0.01513672,-0.71139187,0.02126629,0.70247374,32,512,0
2,22,1,0.50634766,-0.01416016,-0.71141195,0.01989484,0.70249358,32,512,0
2,22,2,0.50634766,-0.01318359,-0.71143070,0.01852327,0.70251209,32,512,0
2,22,3,0.50634766,-0.01220703,-0.71144812,0.01715159,0.70252929,32,512,0
2,22,4,0.50634766,-0.01123047,-0.71146419,0.01577982,0.70254516,32,512,0
2,22,5,0.50634766,-0.01025391,-0.71147893,0.01440796,0.70255971,32,512,0
2,22,6,0.50634766,-0.00927734,-0.71149232,0.01303602,0.70257294,32,512,0
2,22,7,0.50634766,-0.00830078,-0.71150438,0.01166401,0.70258485,32,512,0
2,22,8,0.50634766,-0.00732422,-0.71151510,0.01029193,0.70259543,32,512,0
2,22,9,0.50634766,-0.00634766,-0.71152448,0.00891979,0.70260469,32,512,0
2,22,10,0.50634766,-0.00537109,-0.71153252,0.00754760,0.70261263,32,512,0
2,22,11,0.50634766,-0.00439453,-0.71153922,0.00617536,0.70261925,32,512,0
2,22,12,0.50634766,-0.00341797,-0.71154458,0.00480310,0.70262454,32,512,0
2,22,13,0.50634766,-0.00244141,-0.71154860,0.00343080,0.70262851,32,512,0
2,22,14,0.50634766,-0.00146484,-0.71155128,0.00205849,0.70263116,32,512,0
2,22,15,0.50634766,-0.00048828,-0.71155262,0.00068616,0.70263248,32,512,0
2,22,16,0.50634766,0.00048828,-0.71155262,-0.00068616,0.70263248,32,512,0
2,22,17,0.50634766,0.00146484,-0.71155128,-0.00205849,0.70263116,32,512,0
2,22,18,0.50634766,0.00244141,-0.71154860,-0.00343080,0.70262851,32,512,0
2,22,19,0.50634766,0.00341797,-0.71154458,-0.00480310,0.70262454,32,512,0
2,22,20,0.50634766,0.00439453,-0.71153922,-0.00617536,0.70261925,32,512,0
2,22,21,0.50634766,0.00537109,-0.71153252,-0.00754760,0.70261263,32,512,0
2,22,22,0.50634766,0.00634766,-0.71152448,-0.00891979,0.70260469,32,512,0
2,22,23,0.50634766,0.00732422,-0.71151510,-0.01029193,0.70259543,32,512,0
2,22,24,0.50634766,0.00830078,-0.71150438,-0.01166401,0.70258485,32,512,0
2,22,25,0.50634766,0.00927734,-0.71149232,-0.01303602,0.70257294,32,512,0
2,22,26,0.50634766,0.01025391,-0.71147893,-0.01440796,0.70255971,32,512,0
2,22,27,0.50634766,0.01123047,-0.71146419,-0.01577982,0.70254516,32,512,0
2,22,28,0.50634766,0.01220703,-0.71144812,-0.01715159,0.70252929,32,512,0
2,22,29,0.50634766,0.01318359,-0.71143070,-0.01852327,0.70251209,32,512,0
2,22,30,0.50634766,0.01416016,-0.71141195,-0.01989484,0.70249358,32,512,0
2,22,31,0.50634766,0.01513672,-0.71139187,-0.02126629,0.70247374,32,512,0
2,23,0,0.50732422,-0.01513672,-0.71206854,0.02124555,0.70178844,32,512,0
2,23,1,0.50732422,-0.01416016,-0.71208861,0.01987543,0.70180822,32,512,0
2,23,2,0.50732422,-0.01318359,-0.71210734,0.01850520,0.70182668,32,512,0
2,23,3,0.50732422,-0.01220703,-0.71212474,0.01713486,0.70184382,32,512,0
2,23,4,0.50732422,-0.01123047,-0.71214080,0.01576443,0.70185965,32,512,0
2,23,5,0.50732422,-0.01025391,-0.71215552,0.01439390,0.70187416,32,512,0
2,23,6,0.50732422,-0.00927734,-0.71216890,0.01302330,0.70188735,32,512,0
2,23,7,0.50732422,-0.00830078,-0.71218095,0.01165262,0.70189922,32,512,0
2,23,8,0.50732422,-0.00732422,-0.71219165,0.01028188,0.70190977,32,512,0
2,23,9,0.50732422,-0.00634766,-0.71220102,0.00891108,0.70191901,32,512,0
2,23,10,0.50732422,-0.00537109,-0.71220906,0.00754023,0.70192692,32,512,0
2,23,11,0.50732422,-0.00439453,-0.71221575,0.00616934,0.70193352,32,512,0
2,23,12,0.50732422,-0.00341797,-0.71222110,0.00479841,0.70193880,32,512,0
2,23,13,0.50732422,-0.00244141,-0.71222512,0.00342745,0.70194276,32,512,0
2,23,14,0.50732422,-0.00146484,-0.71222780,0.00205648,0.70194539,32,512,0
2,23,15,0.50732422,-0.00048828,-0.71222914,0.00068549,0.70194671,32,512,0
2,23,16,0.50732422,0.00048828,-0.71222914,-0.00068549,0.70194671,32,512,0
2,23,17,0.50732422,0.00146484,-0.71222780,-0.00205648,0.70194539,32,512,0
2,23,18,0.50732422,0.00244141,-0.71222512,-0.00342745,0.70194276,32,512,0
2,23,19,0.50732422,0.00341797,-0.71222110,-0.00479841,0.70193880,32,512,0
2,23,20,0.50732422,0.00439453,-0.71221575,-0.00616934,0.70193352,32,512,0
2,23,21,0.50732422,0.00537109,-0.71220906,-0.00754023,0.70192692,32,512,0
2,23,22,0.50732422,0.00634766,-0.71220102,-0.00891108,0.70191901,32,512,0
2,23,23,0.50732422,0.00732422,-0.71219165,-0.01028188,0.70190977,32,512,0
2,23,24,0.50732422,0.00830078,-0.71218095,-0.01165262,0.70189922,32,512,0
2,23,25,0.50732422,0.00927734,-0.71216890,-0.01302330,0.70188735,32,512,0
2,23,26,0.50732422,0.01025391,-0.71215552,-0.01439390,0.70187416,32,512,0
2,23,27,0.50732422,0.01123047,-0.71214080,-0.01576443,0.70185965,32,512,0
2,23,28,0.50732422,0.01220703,-0.71212474,-0.01713486,0.70184382,32,512,0
2,23,29,0.50732422,0.01318359,-0.71210734,-0.01850520,0.70182668,32,512,0
2,23,30,0.50732422,0.01416016,-0.71208861,-0.01987543,0.70180822,32,512,0
2,23,31,0.50732422,0.01513672,-0.71206854,-0.02124555,0.70178844,32,512,0
2,24,0,0.50830078,-0.01513672,-0.71274324,0.02122482,0.70110383,32,512,0
2,24,1,0.50830078,-0.01416016,-0.71276329,0.01985604,0.70112355,32,512,0
2,24,2,0.50830078,-0.01318359,-0.71278201,0.01848714,0.70114195,32,512,0
2,24,3,0.50830078,-0.01220703,-0.71279938,0.01711814,0.70115905,32,512,0
2,24,4,0.50830078,-0.01123047,-0.71281542,0.01574904,0.70117483,32,512,0
2,24,5,0.50830078,-0.01025391,-0.71283013,0.01437986,0.70118929,32,512,0
2,24,6,0.50830078,-0.00927734,-0.71284350,0.01301059,0.70120244,32,512,0
2,24,7,0.50830078,-0.00830078,-0.71285553,0.01164125,0.70121428,32,512,0
2,24,8,0.50830078,-0.00732422,-0.71286623,0.01027185,0.70122480,32,512,0
2,24,9,0.50830078,-0.00634766,-0.71287559,0.00890238,0.70123401,32,512,0
2,24,10,0.50830078,-0.00537109,-0.71288361,0.00753287,0.70124190,32,512,0
2,24,11,0.50830078,-0.00439453,-0.71289030,0.00616332,0.70124848,32,512,0
2,24,12,0.50830078,-0.00341797,-0.71289565,0.00479373,0.70125374,32,512,0
2,24,13,0.50830078,-0.00244141,-0.71289966,0.00342411,0.70125769,32,512,0
2,24,14,0.50830078,-0.00146484,-0.71290234,0.00205447,0.70126032,32,512,0
2,24,15,0.50830078,-0.00048828,-0.71290367,0.00068483,0.70126164,32,512,0
2,24,16,0.50830078,0.00048828,-0.71290367,-0.00068483,0.70126164,32,512,0
2,24,17,0.50830078,0.00146484,-0.71290234,-0.00205447,0.70126032,32,512,0
2,24,18,0.50830078,0.00244141,-0.71289966,-0.00342411,0.70125769,32,512,0
2,24,19,0.50830078,0.00341797,-0.71289565,-0.00479373,0.70125374,32,512,0
2,24,20,0.50830078,0.00439453,-0.71289030,-0.00616332,0.70124848,32,512,0
2,24,21,0.50830078,0.00537109,-0.71288361,-0.00753287,0.70124190,32,512,0
2,24,22,0.50830078,0.00634766,-0.71287559,-0.00890238,0.70123401,32,512,0
2,24,23,0.50830078,0.00732422,-0.71286623,-0.01027185,0.70122480,32,512,0
2,24,24,0.50830078,0.00830078,-0.71285553,-0.01164125,0.70121428,32,512,0
2,24,25,0.50830078,0.00927734,-0.71284350,-0.01301059,0.70120244,32,512,0
2,24,26,0.50830078,0.01025391,-0.71283013,-0.01437986,0.70118929,32,512,0
2,24,27,0.50830078,0.01123047,-0.71281542,-0.01574904,0.70117483,32,512,0
2,24,28,0.50830078,0.01220703,-0.71279938,-0.01711814,0.70115905,32,512,0
2,24,29,0.50830078,0.01318359,-0.71278201,-0.01848714,0.70114195,32,512,0
2,24,30,0.50830078,0.01416016,-0.71276329,-0.01985604,0.70112355,32,512,0
2,24,31,0.50830078,0.01513672,-0.71274324,-0.02122482,0.70110383,32,512,0
2,25,0,0.50927734,-0.01513672,-0.71341597,0.02120412,0.70041990,32,512,0
2,25,1,0.50927734,-0.01416016,-0.71343600,0.01983667,0.70043956,32,512,0
2,25,2,0.50927734,-0.01318359,-0.71345469,0.01846911,0.70045792,32,512,0
2,25,3,0.50927734,-0.01220703,-0.71347205,0.01710144,0.70047496,32,512,0
2,25,4,0.50927734,-0.01123047,-0.71348808,0.01573368,0.70049069,32,512,0
2,25,5,0.50927734,-0.01025391,-0.71350277,0.01436583,0.70050512,32,512,0
2,25,6,0.50927734,-0.00927734,-0.71351613,0.01299790,0.70051823,32,512,0
2,25,7,0.50927734,-0.00830078,-0.71352815,0.01162989,0.70053003,32,512,0
2,25,8,0.50927734,-0.00732422,-0.71353883,0.01026182,0.70054052,32,512,0
2,25,9,0.50927734,-0.00634766,-0.71354819,0.00889370,0.70054970,32,512,0
2,25,10,0.50927734,-0.00537109,-0.71355620,0.00752552,0.70055757,32,512,0
2,25,11,0.50927734,-0.00439453,-0.71356288,0.00615730,0.70056413,32,512,0
2,25,12,0.50927734,-0.00341797,-0.71356822,0.00478905,0.70056938,32,512,0
2,25,13,0.50927734,-0.00244141,-0.71357223,0.00342077,0.70057331,32,512,0
2,25,14,0.50927734,-0.00146484,-0.71357490,0.00205247,0.70057594,32,512,0
2,25,15,0.50927734,-0.00048828,-0.71357624,0.00068416,0.70057725,32,512,0
2,25,16,0.50927734,0.00048828,-0.71357624,-0.00068416,0.70057725,32,512,0
2,25,17,0.50927734,0.00146484,-0.71357490,-0.00205247,0.70057594,32,512,0
2,25,18,0.50927734,0.00244141,-0.71357223,-0.00342077,0.70057331,32,512,0
2,25,19,0.50927734,0.00341797,-0.71356822,-0.00478905,0.70056938,32,512,0
2,25,20,0.50927734,0.00439453,-0.71356288,-0.00615730,0.70056413,32,512,0
2,25,21,0.50927734,0.00537109,-0.71355620,-0.00752552,0.70055757,32,512,0
2,25,22,0.50927734,0.00634766,-0.71354819,-0.00889370,0.70054970,32,512,0
2,25,23,0.50927734,0.00732422,-0.71353883,-0.01026182,0.70054052,32,512,0
2,25,24,0.50927734,0.00830078,-0.71352815,-0.01162989,0.70053003,32,512,0
2,25,25,0.50927734,0.00927734,-0.71351613,-0.01299790,0.70051823,32,512,0
2,25,26,0.50927734,0.01025391,-0.71350277,-0.01436583,0.70050512,32,512,0
2,25,27,0.50927734,0.01123047,-0.71348808,-0.01573368,0.70049069,32,512,0
2,25,28,0.50927734,0.01220703,-0.71347205,-0.01710144,0.70047496,32,512,0
2,25,29,0.50927734,0.01318359,-0.71345469,-0.01846911,0.70045792,32,512,0
2,25,30,0.50927734,0.01416016,-0.71343600,-0.01983667,0.70043956,32,512,0
2,25,31,0.50927734,0.01513672,-0.71341597,-0.02120412,0.70041990,32,512,0
2,26,0,0.51025391,-0.01513672,-0.71408673,0.02118343,0.69973666,32,512,0
2,26,1,0.51025391,-0.01416016,-0.71410674,0.01981732,0.69975627,32,512,0
2,26,2,0.51025391,-0.01318359,-0.71412542,0.01845109,0.69977457,32,512,0
2,26,3,0.51025391,-0.01220703,-0.71414276,0.01708475,0.69979156,32,512,0
2,26,4,0.51025391,-0.01123047,-0.71415877,0.01571833,0.69980725,32,512,0
2,26,5,0.51025391,-0.01025391,-0.71417344,0.01435181,0.69982163,32,512,0
2,26,6,0.51025391,-0.00927734,-0.71418679,0.01298521,0.69983471,32,512,0
2,26,7,0.51025391,-0.00830078,-0.71419880,0.01161855,0.69984648,32,512,0
2,26,8,0.51025391,-0.00732422,-0.71420947,0.01025181,0.69985694,32,512,0
2,26,9,0.51025391,-0.00634766,-0.71421881,0.00888502,0.69986609,32,512,0
2,26,10,0.51025391,-0.00537109,-0.71422682,0.00751818,0.69987394,32,512,0
2,26,11,0.51025391,-0.00439453,-0.71423349,0.00615129,0.69988048,32,512,0
2,26,12,0.51025391,-0.00341797,-0.71423883,0.00478437,0.69988571,32,512,0
2,26,13,0.51025391,-0.00244141,-0.71424284,0.00341743,0.69988963,32,512,0
2,26,14,0.51025391,-0.00146484,-0.71424550,0.00205047,0.69989225,32,512,0
2,26,15,0.51025391,-0.00048828,-0.71424684,0.00068349,0.69989355,32,512,0
2,26,16,0.51025391,0.00048828,-0.71424684,-0.00068349,0.69989355,32,512,0
2,26,17,0.51025391,0.00146484,-0.71424550,-0.00205047,0.69989225,32,512,0
2,26,18,0.51025391,0.00244141,-0.71424284,-0.00341743,0.69988963,32,512,0
2,26,19,0.51025391,0.00341797,-0.71423883,-0.00478437,0.69988571,32,512,0
2,26,20,0.51025391,0.00439453,-0.71423349,-0.00615129,0.69988048,32,512,0
2,26,21,0.51025391,0.00537109,-0.71422682,-0.00751818,0.69987394,32,512,0
2,26,22,0.51025391,0.00634766,-0.71421881,-0.00888502,0.69986609,32,512,0
2,26,23,0.51025391,0.00732422,-0.71420947,-0.01025181,0.69985694,32,512,0
2,26,24,0.51025391,0.00830078,-0.71419880,-0.01161855,0.69984648,32,512,0
2,26,25,0.51025391,0.00927734,-0.71418679,-0.01298521,0.69983471,32,512,0
2,26,26,0.51025391,0.01025391,-0.71417344,-0.01435181,0.69982163,32,512,0
2,26,27,0.51025391,0.01123047,-0.71415877,-0.01571833,0.69980725,32,512,0
2,26,28,0.51025391,0.01220703,-0.71414276,-0.01708475,0.69979156,32,512,0
2,26,29,0.51025391,0.01318359,-0.71412542,-0.01845109,0.69977457,32,512,0
2,26,30,0.51025391,0.01416016,-0.71410674,-0.01981732,0.69975627,32,512,0
2,26,31,0.51025391,0.01513672,-0.71408673,-0.02118343,0.69973666,32,512,0
2,27,0,0.51123047,-0.01513672,-0.71475553,0.02116277,0.69905412,32,512,0
2,27,1,0.51123047,-0.01416016,-0.71477552,0.01979798,0.69907367,32,512,0
2,27,2,0.51123047,-0.01318359,-0.71479418,0.01843309,0.69909192,32,512,0
2,27,3,0.51123047,-0.01220703,-0.71481150,0.01706809,0.69910886,32,512,0
2,27,4,0.51123047,-0.01123047,-0.71482749,0.01570299,0.69912450,32,512,0
2,27,5,0.51123047,-0.01025391,-0.71484216,0.01433781,0.69913884,32,512,0
2,27,6,0.51123047,-0.00927734,-0.71485548,0.01297254,0.69915188,32,512,0
2,27,7,0.51123047,-0.00830078,-0.71486748,0.01160721,0.69916361,32,512,0
2,27,8,0.51123047,-0.00732422,-0.71487815,0.01024181,0.69917404,32,512,0
2,27,9,0.51123047,-0.00634766,-0.71488748,0.00887635,0.69918317,32,512,0
2,27,10,0.51123047,-0.00537109,-0.71489548,0.00751084,0.69919099,32,512,0
2,27,11,0.51123047,-0.00439453,-0.71490214,0.00614529,0.69919751,32,512,0
2,27,12,0.51123047,-0.00341797,-0.71490748,0.00477971,0.69920273,32,512,0
2,27,13,0.51123047,-0.00244141,-0.71491148,0.00341409,0.69920664,32,512,0
2,27,14,0.51123047,-0.00146484,-0.71491414,0.00204846,0.69920925,32,512,0
2,27,15,0.51123047,-0.00048828,-0.71491548,0.00068282,0.69921055,32,512,0
2,27,16,0.51123047,0.00048828,-0.71491548,-0.00068282,0.69921055,32,512,0
2,27,17,0.51123047,0.00146484,-0.71491414,-0.00204846,0.69920925,32,512,0
2,27,18,0.51123047,0.00244141,-0.71491148,-0.00341409,0.69920664,32,512,0
2,27,19,0.51123047,0.00341797,-0.71490748,-0.00477971,0.69920273,32,512,0
2,27,20,0.51123047,0.00439453,-0.71490214,-0.00614529,0.69919751,32,512,0
2,27,21,0.51123047,0.00537109,-0.71489548,-0.00751084,0.69919099,32,512,0
2,27,22,0.51123047,0.00634766,-0.71488748,-0.00887635,0.69918317,32,512,0
2,27,23,0.51123047,0.00732422,-0.71487815,-0.01024181,0.69917404,32,512,0
2,27,24,0.51123047,0.00830078,-0.71486748,-0.01160721,0.69916361,32,512,0
2,27,25,0.51123047,0.00927734,-0.71485548,-0.01297254,0.69915188,32,512,0
2,27,26,0.51123047,0.01025391,-0.71484216,-0.01433781,0.69913884,32,512,0
2,27,27,0.51123047,0.01123047,-0.71482749,-0.01570299,0.69912450,32,512,0
2,27,28,0.51123047,0.01220703,-0.71481150,-0.01706809,0.69910886,32,512,0
2,27,29,0.51123047,0.01318359,-0.71479418,-0.01843309,0.69909192,32,512,0
2,27,30,0.51123047,0.01416016,-0.71477552,-0.01979798,0.69907367,32,512,0
2,27,31,0.51123047,0.01513672,-0.71475553,-0.02116277,0.69905412,32,512,0
2,28,0,0.51220703,-0.01513672,-0.71542238,0.02114213,0.69837227,32,512,0
2,28,1,0.51220703,-0.01416016,-0.71544234,0.01977867,0.69839176,32,512,0
2,28,2,0.51220703,-0.01318359,-0.71546098,0.01841511,0.69840996,32,512,0
2,28,3,0.51220703,-0.01220703,-0.71547829,0.01705144,0.69842685,32,512,0
2,28,4,0.51220703,-0.01123047,-0.71549427,0.01568767,0.69844245,32,512,0
2,28,5,0.51220703,-0.01025391,-0.71550891,0.01432382,0.69845675,32,512,0
2,28,6,0.51220703,-0.00927734,-0.71552223,0.01295989,0.69846974,32,512,0
2,28,7,0.51220703,-0.00830078,-0.71553421,0.01159588,0.69848144,32,512,0
2,28,8,0.51220703,-0.00732422,-0.71554487,0.01023181,0.69849184,32,512,0
2,28,9,0.51220703,-0.00634766,-0.71555419,0.00886769,0.69850094,32,512,0
2,28,10,0.51220703,-0.00537109,-0.71556218,0.00750351,0.69850874,32,512,0
2,28,11,0.51220703,-0.00439453,-0.71556884,0.00613929,0.69851524,32,512,0
2,28,12,0.51220703,-0.00341797,-0.71557417,0.00477504,0.69852044,32,512,0
2,28,13,0.51220703,-0.00244141,-0.71557816,0.00341076,0.69852435,32,512,0
2,28,14,0.51220703,-0.00146484,-0.71558083,0.00204647,0.69852695,32,512,0
2,28,15,0.51220703,-0.00048828,-0.71558216,0.00068216,0.69852825,32,512,0
2,28,16,0.51220703,0.00048828,-0.71558216,-0.00068216,0.69852825,32,512,0
2,28,17,0.51220703,0.00146484,-0.71558083,-0.00204647,0.69852695,32,512,0
2,28,18,0.51220703,0.00244141,-0.71557816,-0.00341076,0.69852435,32,512,0
2,28,19,0.51220703,0.00341797,-0.71557417,-0.00477504,0.69852044,32,512,0
2,28,20,0.51220703,0.00439453,-0.71556884,-0.00613929,0.69851524,32,512,0
2,28,21,0.51220703,0.00537109,-0.71556218,-0.00750351,0.69850874,32,512,0
2,28,22,0.51220703,0.00634766,-0.71555419,-0.00886769,0.69850094,32,512,0
2,28,23,0.51220703,0.00732422,-0.71554487,-0.01023181,0.69849184,32,512,0
2,28,24,0.51220703,0.00830078,-0.71553421,-0.01159588,0.69848144,32,512,0
2,28,25,0.51220703,0.00927734,-0.71552223,-0.01295989,0.69846974,32,512,0
2,28,26,0.51220703,0.01025391,-0.71550891,-0.01432382,0.69845675,32,512,0
2,28,27,0.51220703,0.01123047,-0.71549427,-0.01568767,0.69844245,32,512,0
2,28,28,0.51220703,0.01220703,-0.71547829,-0.01705144,0.69842685,32,512,0
2,28,29,0.51220703,0.01318359,-0.71546098,-0.01841511,0.69840996,32,512,0
2,28,30,0.51220703,0.01416016,-0.71544234,-0.01977867,0.69839176,32,512,0
2,28,31,0.51220703,0.01513672,-0.71542238,-0.02114213,0.69837227,32,512,0
2,29,0,0.51318359,-0.01513672,-0.71608727,0.02112151,0.69769112,32,512,0
2,29,1,0.51318359,-0.01416016,-0.71610722,0.01975938,0.69771055,32,512,0
2,29,2,0.51318359,-0.01318359,-0.71612584,0.01839714,0.69772869,32,512,0
2,29,3,0.51318359,-0.01220703,-0.71614313,0.01703480,0.69774554,32,512,0
2,29,4,0.51318359,-0.01123047,-0.71615909,0.01567237,0.69776109,32,512,0
2,29,5,0.51318359,-0.01025391,-0.71617372,0.01430985,0.69777535,32,512,0
2,29,6,0.51318359,-0.00927734,-0.71618702,0.01294724,0.69778831,32,512,0
2,29,7,0.51318359,-0.00830078,-0.71619899,0.01158457,0.69779997,32,512,0
2,29,8,0.51318359,-0.00732422,-0.71620964,0.01022183,0.69781034,32,512,0
2,29,9,0.51318359,-0.00634766,-0.71621895,0.00885904,0.69781941,32,512,0
2,29,10,0.51318359,-0.00537109,-0.71622693,0.00749619,0.69782719,32,512,0
2,29,11,0.51318359,-0.00439453,-0.71623358,0.00613330,0.69783367,32,512,0
2,29,12,0.51318359,-0.00341797,-0.71623891,0.00477038,0.69783886,32,512,0
2,29,13,0.51318359,-0.00244141,-0.71624290,0.00340744,0.69784275,32,512,0
2,29,14,0.51318359,-0.00146484,-0.71624556,0.00204447,0.69784534,32,512,0
2,29,15,0.51318359,-0.00048828,-0.71624689,0.00068149,0.69784664,32,512,0
2,29,16,0.51318359,0.00048828,-0.71624689,-0.00068149,0.69784664,32,512,0
2,29,17,0.51318359,0.00146484,-0.71624556,-0.00204447,0.69784534,32,512,0
2,29,18,0.51318359,0.00244141,-0.71624290,-0.00340744,0.69784275,32,512,0
2,29,19,0.51318359,0.00341797,-0.71623891,-0.00477038,0.69783886,32,512,0
2,29,20,0.51318359,0.00439453,-0.71623358,-0.00613330,0.69783367,32,512,0
2,29,21,0.51318359,0.00537109,-0.71622693,-0.00749619,0.69782719,32,512,0
2,29,22,0.51318359,0.00634766,-0.71621895,-0.00885904,0.69781941,32,512,0
2,29,23,0.51318359,0.00732422,-0.71620964,-0.01022183,0.69781034,32,512,0
2,29,24,0.51318359,0.00830078,-0.71619899,-0.01158457,0.69779997,32,512,0
2,29,25,0.51318359,0.00927734,-0.71618702,-0.01294724,0.69778831,32,512,0
2,29,26,0.51318359,0.01025391,-0.71617372,-0.01430985,0.69777535,32,512,0
2,29,27,0.51318359,0.01123047,-0.71615909,-0.01567237,0.69776109,32,512,0
2,29,28,0.51318359,0.01220703,-0.71614313,-0.01703480,0.69774554,32,512,0
2,29,29,0.51318359,0.01318359,-0.71612584,-0.01839714,0.69772869,32,512,0
2,29,30,0.51318359,0.01416016,-0.71610722,-0.01975938,0.69771055,32,512,0
2,29,31,0.51318359,0.01513672,-0.71608727,-0.02112151,0.69769112,32,512,0
2,30,0,0.51416016,-0.01513672,-0.71675022,0.02110091,0.69701066,32,512,0
2,30,1,0.51416016,-0.01416016,-0.71677015,0.01974011,0.69703004,32,512,0
2,30,2,0.51416016,-0.01318359,-0.71678875,0.01837920,0.69704813,32,512,0
2,30,3,0.51416016,-0.01220703,-0.71680602,0.01701819,0.69706492,32,512,0
2,30,4,0.51416016,-0.01123047,-0.71682197,0.01565708,0.69708043,32,512,0
2,30,5,0.51416016,-0.01025391,-0.71683658,0.01429589,0.69709464,32,512,0
2,30,6,0.51416016,-0.00927734,-0.71684987,0.01293461,0.69710757,32,512,0
2,30,7,0.51416016,-0.00830078,-0.71686183,0.01157327,0.69711920,32,512,0
2,30,8,0.51416016,-0.00732422,-0.71687246,0.01021186,0.69712954,32,512,0
2,30,9,0.51416016,-0.00634766,-0.71688177,0.00885039,0.69713858,32,512,0
2,30,10,0.51416016,-0.00537109,-0.71688974,0.00748888,0.69714634,32,512,0
2,30,11,0.51416016,-0.00439453,-0.71689639,0.00612732,0.69715280,32,512,0
2,30,12,0.51416016,-0.00341797,-0.71690170,0.00476573,0.69715797,32,512,0
2,30,13,0.51416016,-0.00244141,-0.71690569,0.00340411,0.69716185,32,512,0
2,30,14,0.51416016,-0.00146484,-0.71690835,0.00204247,0.69716443,32,512,0
2,30,15,0.51416016,-0.00048828,-0.71690968,0.00068083,0.69716573,32,512,0
2,30,16,0.51416016,0.00048828,-0.71690968,-0.00068083,0.69716573,32,512,0
2,30,17,0.51416016,0.00146484,-0.71690835,-0.00204247,0.69716443,32,512,0
2,30,18,0.51416016,0.00244141,-0.71690569,-0.00340411,0.69716185,32,512,0
2,30,19,0.51416016,0.00341797,-0.71690170,-0.00476573,0.69715797,32,512,0
2,30,20,0.51416016,0.00439453,-0.71689639,-0.00612732,0.69715280,32,512,0
2,30,21,0.51416016,0.00537109,-0.71688974,-0.00748888,0.69714634,32,512,0
2,30,22,0.51416016,0.00634766,-0.71688177,-0.00885039,0.69713858,32,512,0
2,30,23,0.51416016,0.00732422,-0.71687246,-0.01021186,0.69712954,32,512,0
2,30,24,0.51416016,0.00830078,-0.71686183,-0.01157327,0.69711920,32,512,0
2,30,25,0.51416016,0.00927734,-0.71684987,-0.01293461,0.69710757,32,512,0
2,30,26,0.51416016,0.01025391,-0.71683658,-0.01429589,0.69709464,32,512,0
2,30,27,0.51416016,0.01123047,-0.71682197,-0.01565708,0.69708043,32,512,0
2,30,28,0.51416016,0.01220703,-0.71680602,-0.01701819,0.69706492,32,512,0
2,30,29,0.51416016,0.01318359,-0.71678875,-0.01837920,0.69704813,32,512,0
2,30,30,0.51416016,0.01416016,-0.71677015,-0.01974011,0.69703004,32,512,0
2,30,31,0.51416016,0.01513672,-0.71675022,-0.02110091,0.69701066,32,512,0
2,31,0,0.51513672,-0.01513672,-0.71741124,0.02108033,0.69633091,32,512,0
2,31,1,0.51513672,-0.01416016,-0.71743114,0.01972086,0.69635023,32,512,0
2,31,2,0.51513672,-0.01318359,-0.71744972,0.01836127,0.69636826,32,512,0
2,31,3,0.51513672,-0.01220703,-0.71746698,0.01700159,0.69638501,32,512,0
2,31,4,0.51513672,-0.01123047,-0.71748291,0.01564181,0.69640047,32,512,0
2,31,5,0.51513672,-0.01025391,-0.71749751,0.01428194,0.69641464,32,512,0
2,31,6,0.51513672,-0.00927734,-0.71751078,0.01292200,0.69642753,32,512,0
2,31,7,0.51513672,-0.00830078,-0.71752273,0.01156198,0.69643912,32,512,0
2,31,8,0.51513672,-0.00732422,-0.71753335,0.01020190,0.69644943,32,512,0
2,31,9,0.51513672,-0.00634766,-0.71754264,0.00884176,0.69645845,32,512,0
2,31,10,0.51513672,-0.00537109,-0.71755061,0.00748157,0.69646619,32,512,0
2,31,11,0.51513672,-0.00439453,-0.71755725,0.00612134,0.69647263,32,512,0
2,31,12,0.51513672,-0.00341797,-0.71756256,0.00476108,0.69647778,32,512,0
2,31,13,0.51513672,-0.00244141,-0.71756654,0.00340079,0.69648165,32,512,0
2,31,14,0.51513672,-0.00146484,-0.71756920,0.00204048,0.69648423,32,512,0
2,31,15,0.51513672,-0.00048828,-0.71757053,0.00068016,0.69648552,32,512,0
2,31,16,0.51513672,0.00048828,-0.71757053,-0.00068016,0.69648552,32,512,0
2,31,17,0.51513672,0.00146484,-0.71756920,-0.00204048,0.69648423,32,512,0
2,31,18,0.51513672,0.00244141,-0.71756654,-0.00340079,0.69648165,32,512,0
2,31,19,0.51513672,0.00341797,-0.71756256,-0.00476108,0.69647778,32,512,0
2,31,20,0.51513672,0.00439453,-0.71755725,-0.00612134,0.69647263,32,512,0
2,31,21,0.51513672,0.00537109,-0.71755061,-0.00748157,0.69646619,32,512,0
2,31,22,0.51513672,0.00634766,-0.71754264,-0.00884176,0.69645845,32,512,0
2,31,23,0.51513672,0.00732422,-0.71753335,-0.01020190,0.69644943,32,512,0
2,31,24,0.51513672,0.00830078,-0.71752273,-0.01156198,0.69643912,32,512,0
2,31,25,0.51513672,0.00927734,-0.71751078,-0.01292200,0.69642753,32,512,0
2,31,26,0.51513672,0.01025391,-0.71749751,-0.01428194,0.69641464,32,512,0
2,31,27,0.51513672,0.01123047,-0.71748291,-0.01564181,0.69640047,32,512,0
2,31,28,0.51513672,0.01220703,-0.71746698,-0.01700159,0.69638501,32,512,0
2,31,29,0.51513672,0.01318359,-0.71744972,-0.01836127,0.69636826,32,512,0
2,31,30,0.51513672,0.01416016,-0.71743114,-0.01972086,0.69635023,32,512,0
2,31,31,0.51513672,0.01513672,-0.71741124,-0.02108033,0.69633091,32,512,0
3,0,0,-0.01513672,0.48486328,0.02172786,-0.69599244,0.71772030,32,512,0
3,0,1,-0.01513672,0.48583984,0.02170667,-0.69671414,0.71702038,32,512,0
3,0,2,-0.01513672,0.48681641,0.02168550,-0.69743373,0.71632111,32,512,0
3,0,3,-0.01513672,0.48779297,0.02166435,-0.69815122,0.71562247,32,512,0
3,0,4,-0.01513672,0.48876953,0.02164322,-0.69886662,0.71492449,32,512,0
3,0,5,-0.01513672,0.48974609,0.02162211,-0.69957992,0.71422715,32,512,0
3,0,6,-0.01513672,0.49072266,0.02160102,-0.70029113,0.71353047,32,512,0
3,0,7,-0.01513672,0.49169922,0.02157995,-0.70100027,0.71283443,32,512,0
3,0,8,-0.01513672,0.49267578,0.02155890,-0.70170733,0.71213906,32,512,0
3,0,9,-0.01513672,0.49365234,0.02153787,-0.70241233,0.71144434,32,512,0
3,0,10,-0.01513672,0.49462891,0.02151685,-0.70311526,0.71075027,32,512,0
3,0,11,-0.01513672,0.49560547,0.02149586,-0.70381614,0.71005688,32,512,0
3,0,12,-0.01513672,0.49658203,0.02147489,-0.70451497,0.70936414,32,512,0
3,0,13,-0.01513672,0.49755859,0.02145394,-0.70521176,0.70867207,32,512,0
3,0,14,-0.01513672,0.49853516,0.02143301,-0.70590651,0.70798067,32,512,0
3,0,15,-0.01513672,0.49951172,0.02141210,-0.70659923,0.70728994,32,512,0
3,0,16,-0.01513672,0.50048828,0.02139121,-0.70728992,0.70659988,32,512,0
3,0,17,-0.01513672,0.50146484,0.02137034,-0.70797859,0.70591049,32,512,0
3,0,18,-0.01513672,0.50244141,0.02134949,-0.70866525,0.70522178,32,512,0
3,0,19,-0.01513672,0.50341797,0.02132866,-0.70934990,0.70453375,32,512,0
3,0,20,-0.01513672,0.50439453,0.02130785,-0.71003255,0.70384640,32,512,0
3,0,21,-0.01513672,0.50537109,0.02128706,-0.71071320,0.70315973,32,512,0
3,0,22,-0.01513672,0.50634766,0.02126629,-0.71139187,0.70247374,32,512,0
3,0,23,-0.01513672,0.50732422,0.02124555,-0.71206854,0.70178844,32,512,0
3,0,24,-0.01513672,0.50830078,0.02122482,-0.71274324,0.70110383,32,512,0
3,0,25,-0.01513672,0.50927734,0.02120412,-0.71341597,0.70041990,32,512,0
3,0,26,-0.01513672,0.51025391,0.02118343,-0.71408673,0.69973666,32,512,0
3,0,27,-0.01513672,0.51123047,0.02116277,-0.71475553,0.69905412,32,512,0
3,0,28,-0.01513672,0.51220703,0.02114213,-0.71542238,0.69837227,32,512,0
3,0,29,-0.01513672,0.51318359,0.02112151,-0.71608727,0.69769112,32,512,0
3,0,30,-0.01513672,0.51416016,0.02110091,-0.71675022,0.69701066,32,512,0
3,0,31,-0.01513672,0.51513672,0.02108033,-0.71741124,0.69633091,32,512,0
3,1,0,-0.01416016,0.48486328,0.02032666,-0.69601295,0.71774145,32,512,0
3,1,1,-0.01416016,0.48583984,0.02030684,-0.69673464,0.71704148,32,512,0
3,1,2,-0.01416016,0.48681641,0.02028703,-0.69745421,0.71634214,32,512,0
3,1,3,-0.01416016,0.48779297,0.02026725,-0.69817168,0.71564345,32,512,0
3,1,4,-0.01416016,0.48876953,0.02024748,-0.69888706,0.71494540,32,512,0
3,1,5,-0.01416016,0.48974609,0.02022773,-0.69960034,0.71424800,32,512,0
3,1,6,-0.01416016,0.49072266,0.02020799,-0.70031153,0.71355125,32,512,0
3,1,7,-0.01416016,0.49169922,0.02018828,-0.70102065,0.71285516,32,512,0
3,1,8,-0.01416016,0.49267578,0.02016859,-0.70172770,0.71215972,32,512,0
3,1,9,-0.01416016,0.49365234,0.02014891,-0.70243267,0.71146494,32,512,0
3,1,10,-0.01416016,0.49462891,0.02012925,-0.70313559,0.71077082,32,512,0
3,1,11,-0.01416016,0.49560547,0.02010961,-0.70383645,0.71007736,32,512,0
3,1,12,-0.01416016,0.49658203,0.02008999,-0.70453526,0.70938457,32,512,0
3,1,13,-0.01416016,0.49755859,0.02007039,-0.70523202,0.70869244,32,512,0
3,1,14,-0.01416016,0.49853516,0.02005081,-0.70592675,0.70800098,32,512,0
3,1,15,-0.01416016,0.49951172,0.02003125,-0.70661945,0.70731019,32,512,0
3,1,16,-0.01416016,0.50048828,0.02001170,-0.70731013,0.70662007,32,512,0
3,1,17,-0.01416016,0.50146484,0.01999218,-0.70799878,0.70593062,32,512,0
3,1,18,-0.01416016,0.50244141,0.01997267,-0.70868542,0.70524185,32,512,0
3,1,19,-0.01416016,0.50341797,0.01995318,-0.70937005,0.70455376,32,512,0
3,1,20,-0.01416016,0.50439453,0.01993372,-0.71005268,0.70386635,32,512,0
3,1,21,-0.01416016,0.50537109,0.01991427,-0.71073331,0.70317962,32,512,0
3,1,22,-0.01416016,0.50634766,0.01989484,-0.71141195,0.70249358,32,512,0
3,1,23,-0.01416016,0.50732422,0.01987543,-0.71208861,0.70180822,32,512,0
3,1,24,-0.01416016,0.50830078,0.01985604,-0.71276329,0.70112355,32,512,0
3,1,25,-0.01416016,0.50927734,0.01983667,-0.71343600,0.70043956,32,512,0
3,1,26,-0.01416016,0.51025391,0.01981732,-0.71410674,0.69975627,32,512,0
3,1,27,-0.01416016,0.51123047,0.01979798,-0.71477552,0.69907367,32,512,0
3,1,28,-0.01416016,0.51220703,0.01977867,-0.71544234,0.69839176,32,512,0
3,1,29,-0.01416016,0.51318359,0.01975938,-0.71610722,0.69771055,32,512,0
3,1,30,-0.01416016,0.51416016,0.01974011,-0.71677015,0.69703004,32,512,0
3,1,31,-0.01416016,0.51513672,0.01972086,-0.71743114,0.69635023,32,512,0
3,2,0,-0.01318359,0.48486328,0.01892534,-0.69603210,0.71776120,32,512,0
3,2,1,-0.01318359,0.48583984,0.01890689,-0.69675377,0.71706117,32,512,0
3,2,2,-0.01318359,0.48681641,0.01888845,-0.69747333,0.71636177,32,512,0
3,2,3,-0.01318359,0.48779297,0.01887002,-0.69819078,0.71566302,32,512,0
3,2,4,-0.01318359,0.48876953,0.01885161,-0.69890613,0.71496492,32,512,0
3,2,5,-0.01318359,0.48974609,0.01883322,-0.69961940,0.71426746,32,512,0
3,2,6,-0.01318359,0.49072266,0.01881485,-0.70033058,0.71357066,32,512,0
3,2,7,-0.01318359,0.49169922,0.01879650,-0.70103968,0.71287451,32,512,0
3,2,8,-0.01318359,0.49267578,0.01877816,-0.70174670,0.71217901,32,512,0
3,2,9,-0.01318359,0.49365234,0.01875984,-0.70245166,0.71148418,32,512,0
3,2,10,-0.01318359,0.49462891,0.01874153,-0.70315456,0.71079000,32,512,0
3,2,11,-0.01318359,0.49560547,0.01872325,-0.70385540,0.71009648,32,512,0
3,2,12,-0.01318359,0.49658203,0.01870498,-0.70455419,0.70940363,32,512,0
3,2,13,-0.01318359,0.49755859,0.01868673,-0.70525094,0.70871145,32,512,0
3,2,14,-0.01318359,0.49853516,0.01866849,-0.70594565,0.70801993,32,512,0
3,2,15,-0.01318359,0.49951172,0.01865028,-0.70663833,0.70732908,32,512,0
3,2,16,-0.01318359,0.50048828,0.01863208,-0.70732899,0.70663891,32,512,0
3,2,17,-0.01318359,0.50146484,0.01861390,-0.70801762,0.70594941,32,512,0
3,2,18,-0.01318359,0.50244141,0.01859574,-0.70870424,0.70526059,32,512,0
3,2,19,-0.01318359,0.50341797,0.01857759,-0.70938885,0.70457244,32,512,0
3,2,20,-0.01318359,0.50439453,0.01855947,-0.71007147,0.70388498,32,512,0
3,2,21,-0.01318359,0.50537109,0.01854136,-0.71075208,0.70319819,32,512,0
3,2,22,-0.01318359,0.50634766,0.01852327,-0.71143070,0.70251209,32,512,0
3,2,23,-0.01318359,0.50732422,0.01850520,-0.71210734,0.70182668,32,512,0
3,2,24,-0.01318359,0.50830078,0.01848714,-0.71278201,0.70114195,32,512,0
3,2,25,-0.01318359,0.50927734,0.01846911,-0.71345469,0.70045792,32,512,0
3,2,26,-0.01318359,0.51025391,0.01845109,-0.71412542,0.69977457,32,512,0
3,2,27,-0.01318359,0.51123047,0.01843309,-0.71479418,0.69909192,32,512,0
3,2,28,-0.01318359,0.51220703,0.01841511,-0.71546098,0.69840996,32,512,0
3,2,29,-0.01318359,0.51318359,0.01839714,-0.71612584,0.69772869,32,512,0
3,2,30,-0.01318359,0.51416016,0.01837920,-0.71678875,0.69704813,32,512,0
3,2,31,-0.01318359,0.51513672,0.01836127,-0.71744972,0.69636826,32,512,0
3,3,0,-0.01220703,0.48486328,0.01752391,-0.69604989,0.71777954,32,512,0
3,3,1,-0.01220703,0.48583984,0.01750682,-0.69677154,0.71707945,32,512,0
3,3,2,-0.01220703,0.48681641,0.01748975,-0.69749108,0.71638000,32,512,0
3,3,3,-0.01220703,0.48779297,0.01747269,-0.69820851,0.71568120,32,512,0
3,3,4,-0.01220703,0.48876953,0.01745564,-0.69892385,0.71498304,32,512,0
3,3,5,-0.01220703,0.48974609,0.01743861,-0.69963710,0.71428553,32,512,0
3,3,6,-0.01220703,0.49072266,0.01742160,-0.70034826,0.71358868,32,512,0
3,3,7,-0.01220703,0.49169922,0.01740460,-0.70105734,0.71289247,32,512,0
3,3,8,-0.01220703,0.49267578,0.01738762,-0.70176435,0.71219693,32,512,0
3,3,9,-0.01220703,0.49365234,0.01737066,-0.70246930,0.71150204,32,512,0
3,3,10,-0.01220703,0.49462891,0.01735371,-0.70317218,0.71080781,32,512,0
3,3,11,-0.01220703,0.49560547,0.01733677,-0.70387300,0.71011424,32,512,0
3,3,12,-0.01220703,0.49658203,0.01731986,-0.70457178,0.70942134,32,512,0
3,3,13,-0.01220703,0.49755859,0.01730296,-0.70526851,0.70872910,32,512,0
3,3,14,-0.01220703,0.49853516,0.01728607,-0.70596320,0.70803753,32,512,0
3,3,15,-0.01220703,0.49951172,0.01726920,-0.70665587,0.70734663,32,512,0
3,3,16,-0.01220703,0.50048828,0.01725235,-0.70734650,0.70665641,32,512,0
3,3,17,-0.01220703,0.50146484,0.01723552,-0.70803512,0.70596686,32,512,0
3,3,18,-0.01220703,0.50244141,0.01721870,-0.70872172,0.70527798,32,512,0
3,3,19,-0.01220703,0.50341797,0.01720190,-0.70940632,0.70458979,32,512,0
3,3,20,-0.01220703,0.50439453,0.01718511,-0.71008891,0.70390227,32,512,0
3,3,21,-0.01220703,0.50537109,0.01716835,-0.71076951,0.70321544,32,512,0
3,3,22,-0.01220703,0.50634766,0.01715159,-0.71144812,0.70252929,32,512,0
3,3,23,-0.01220703,0.50732422,0.01713486,-0.71212474,0.70184382,32,512,0
3,3,24,-0.01220703,0.50830078,0.01711814,-0.71279938,0.70115905,32,512,0
3,3,25,-0.01220703,0.50927734,0.01710144,-0.71347205,0.70047496,32,512,0
3,3,26,-0.01220703,0.51025391,0.01708475,-0.71414276,0.69979156,32,512,0
3,3,27,-0.01220703,0.51123047,0.01706809,-0.71481150,0.69910886,32,512,0
3,3,28,-0.01220703,0.51220703,0.01705144,-0.71547829,0.69842685,32,512,0
3,3,29,-0.01220703,0.51318359,0.01703480,-0.71614313,0.69774554,32,512,0
3,3,30,-0.01220703,0.51416016,0.01701819,-0.71680602,0.69706492,32,512,0
3,3,31,-0.01220703,0.51513672,0.01700159,-0.71746698,0.69638501,32,512,0
3,4,0,-0.01123047,0.48486328,0.01612238,-0.69606630,0.71779647,32,512,0
3,4,1,-0.01123047,0.48583984,0.01610666,-0.69678794,0.71709633,32,512,0
3,4,2,-0.01123047,0.48681641,0.01609094,-0.69750746,0.71639683,32,512,0
3,4,3,-0.01123047,0.48779297,0.01607525,-0.69822488,0.71569798,32,512,0
3,4,4,-0.01123047,0.48876953,0.01605957,-0.69894021,0.71499977,32,512,0
3,4,5,-0.01123047,0.48974609,0.01604390,-0.69965344,0.71430222,32,512,0
3,4,6,-0.01123047,0.49072266,0.01602824,-0.70036459,0.71360531,32,512,0
3,4,7,-0.01123047,0.49169922,0.01601261,-0.70107365,0.71290906,32,512,0
3,4,8,-0.01123047,0.49267578,0.01599698,-0.70178065,0.71221346,32,512,0
3,4,9,-0.01123047,0.49365234,0.01598137,-0.70248558,0.71151853,32,512,0
3,4,10,-0.01123047,0.49462891,0.01596578,-0.70318844,0.71082425,32,512,0
3,4,11,-0.01123047,0.49560547,0.01595020,-0.70388925,0.71013063,32,512,0
3,4,12,-0.01123047,0.49658203,0.01593464,-0.70458801,0.70943768,32,512,0
3,4,13,-0.01123047,0.49755859,0.01591909,-0.70528473,0.70874540,32,512,0
3,4,14,-0.01123047,0.49853516,0.01590355,-0.70597940,0.70805378,32,512,0
3,4,15,-0.01123047,0.49951172,0.01588803,-0.70667205,0.70736284,32,512,0
3,4,16,-0.01123047,0.50048828,0.01587253,-0.70736267,0.70667256,32,512,0
3,4,17,-0.01123047,0.50146484,0.01585704,-0.70805127,0.70598297,32,512,0
3,4,18,-0.01123047,0.50244141,0.01584157,-0.70873786,0.70529404,32,512,0
3,4,19,-0.01123047,0.50341797,0.01582611,-0.70942244,0.70460580,32,512,0
3,4,20,-0.01123047,0.50439453,0.01581066,-0.71010502,0.70391824,32,512,0
3,4,21,-0.01123047,0.50537109,0.01579524,-0.71078560,0.70323136,32,512,0
3,4,22,-0.01123047,0.50634766,0.01577982,-0.71146419,0.70254516,32,512,0
3,4,23,-0.01123047,0.50732422,0.01576443,-0.71214080,0.70185965,32,512,0
3,4,24,-0.01123047,0.50830078,0.01574904,-0.71281542,0.70117483,32,512,0
3,4,25,-0.01123047,0.50927734,0.01573368,-0.71348808,0.70049069,32,512,0
3,4,26,-0.01123047,0.51025391,0.01571833,-0.71415877,0.69980725,32,512,0
3,4,27,-0.01123047,0.51123047,0.01570299,-0.71482749,0.69912450,32,512,0
3,4,28,-0.01123047,0.51220703,0.01568767,-0.71549427,0.69844245,32,512,0
3,4,29,-0.01123047,0.51318359,0.01567237,-0.71615909,0.69776109,32,512,0
3,4,30,-0.01123047,0.51416016,0.01565708,-0.71682197,0.69708043,32,512,0
3,4,31,-0.01123047,0.51513672,0.01564181,-0.71748291,0.69640047,32,512,0
3,5,0,-0.01025391,0.48486328,0.01472075,-0.69608135,0.71781199,32,512,0
3,5,1,-0.01025391,0.48583984,0.01470639,-0.69680297,0.71711180,32,512,0
3,5,2,-0.01025391,0.48681641,0.01469205,-0.69752248,0.71641226,32,512,0
3,5,3,-0.01025391,0.48779297,0.01467772,-0.69823989,0.71571336,32,512,0
3,5,4,-0.01025391,0.48876953,0.01466340,-0.69895520,0.71501511,32,512,0
3,5,5,-0.01025391,0.48974609,0.01464909,-0.69966842,0.71431751,32,512,0
3,5,6,-0.01025391,0.49072266,0.01463480,-0.70037955,0.71362056,32,512,0
3,5,7,-0.01025391,0.49169922,0.01462052,-0.70108861,0.71292426,32,512,0
3,5,8,-0.01025391,0.49267578,0.01460625,-0.70179559,0.71222862,32,512,0
3,5,9,-0.01025391,0.49365234,0.01459200,-0.70250050,0.71153364,32,512,0
3,5,10,-0.01025391,0.49462891,0.01457776,-0.70320335,0.71083932,32,512,0
3,5,11,-0.01025391,0.49560547,0.01456353,-0.70390415,0.71014566,32,512,0
3,5,12,-0.01025391,0.49658203,0.01454932,-0.70460289,0.70945266,32,512,0
3,5,13,-0.01025391,0.49755859,0.01453512,-0.70529959,0.70876034,32,512,0
3,5,14,-0.01025391,0.49853516,0.01452094,-0.70599426,0.70806868,32,512,0
3,5,15,-0.01025391,0.49951172,0.01450677,-0.70668689,0.70737769,32,512,0
3,5,16,-0.01025391,0.50048828,0.01449261,-0.70737750,0.70668737,32,512,0
3,5,17,-0.01025391,0.50146484,0.01447847,-0.70806608,0.70599773,32,512,0
3,5,18,-0.01025391,0.50244141,0.01446434,-0.70875266,0.70530877,32,512,0
3,5,19,-0.01025391,0.50341797,0.01445022,-0.70943722,0.70462048,32,512,0
3,5,20,-0.01025391,0.50439453,0.01443612,-0.71011978,0.70393287,32,512,0
3,5,21,-0.01025391,0.50537109,0.01442204,-0.71080035,0.70324595,32,512,0
3,5,22,-0.01025391,0.50634766,0.01440796,-0.71147893,0.70255971,32,512,0
3,5,23,-0.01025391,0.50732422,0.01439390,-0.71215552,0.70187416,32,512,0
3,5,24,-0.01025391,0.50830078,0.01437986,-0.71283013,0.70118929,32,512,0
3,5,25,-0.01025391,0.50927734,0.01436583,-0.71350277,0.70050512,32,512,0
3,5,26,-0.01025391,0.51025391,0.01435181,-0.71417344,0.69982163,32,512,0
3,5,27,-0.01025391,0.51123047,0.01433781,-0.71484216,0.69913884,32,512,0
3,5,28,-0.01025391,0.51220703,0.01432382,-0.71550891,0.69845675,32,512,0
3,5,29,-0.01025391,0.51318359,0.01430985,-0.71617372,0.69777535,32,512,0
3,5,30,-0.01025391,0.51416016,0.01429589,-0.71683658,0.69709464,32,512,0
3,5,31,-0.01025391,0.51513672,0.01428194,-0.71749751,0.69641464,32,512,0
3,6,0,-0.00927734,0.48486328,0.01331904,-0.69609503,0.71782610,32,512,0
3,6,1,-0.00927734,0.48583984,0.01330605,-0.69681664,0.71712587,32,512,0
3,6,2,-0.00927734,0.48681641,0.01329307,-0.69753614,0.71642629,32,512,0
3,6,3,-0.00927734,0.48779297,0.01328010,-0.69825354,0.71572735,32,512,0
3,6,4,-0.00927734,0.48876953,0.01326714,-0.69896883,0.71502906,32,512,0
3,6,5,-0.00927734,0.48974609,0.01325420,-0.69968204,0.71433141,32,512,0
3,6,6,-0.00927734,0.49072266,0.01324126,-0.70039316,0.71363442,32,512,0
3,6,7,-0.00927734,0.49169922,0.01322834,-0.70110220,0.71293809,32,512,0
3,6,8,-0.00927734,0.49267578,0.01321544,-0.70180917,0.71224241,32,512,0
3,6,9,-0.00927734,0.49365234,0.01320254,-0.70251407,0.71154738,32,512,0
3,6,10,-0.00927734,0.49462891,0.01318966,-0.70321690,0.71085302,32,512,0
3,6,11,-0.00927734,0.49560547,0.01317678,-0.70391769,0.71015932,32,512,0
3,6,12,-0.00927734,0.49658203,0.01316393,-0.70461642,0.70946629,32,512,0
3,6,13,-0.00927734,0.49755859,0.01315108,-0.70531311,0.70877392,32,512,0
3,6,14,-0.00927734,0.49853516,0.01313824,-0.70600776,0.70808222,32,512,0
3,6,15,-0.00927734,0.49951172,0.01312542,-0.70670038,0.70739119,32,512,0
3,6,16,-0.00927734,0.50048828,0.01311261,-0.70739097,0.70670084,32,512,0
3,6,17,-0.00927734,0.50146484,0.01309982,-0.70807955,0.70601115,32,512,0
3,6,18,-0.00927734,0.50244141,0.01308703,-0.70876611,0.70532215,32,512,0
3,6,19,-0.00927734,0.50341797,0.01307426,-0.70945066,0.70463383,32,512,0
3,6,20,-0.00927734,0.50439453,0.01306150,-0.71013321,0.70394618,32,512,0
3,6,21,-0.00927734,0.50537109,0.01304876,-0.71081376,0.70325922,32,512,0
3,6,22,-0.00927734,0.50634766,0.01303602,-0.71149232,0.70257294,32,512,0
3,6,23,-0.00927734,0.50732422,0.01302330,-0.71216890,0.70188735,32,512,0
3,6,24,-0.00927734,0.50830078,0.01301059,-0.71284350,0.70120244,32,512,0
3,6,25,-0.00927734,0.50927734,0.01299790,-0.71351613,0.70051823,32,512,0
3,6,26,-0.00927734,0.51025391,0.01298521,-0.71418679,0.69983471,32,512,0
3,6,27,-0.00927734,0.51123047,0.01297254,-0.71485548,0.69915188,32,512,0
3,6,28,-0.00927734,0.51220703,0.01295989,-0.71552223,0.69846974,32,512,0
3,6,29,-0.00927734,0.51318359,0.01294724,-0.71618702,0.69778831,32,512,0
3,6,30,-0.00927734,0.51416016,0.01293461,-0.71684987,0.69710757,32,512,0
3,6,31,-0.00927734,0.51513672,0.01292200,-0.71751078,0.69642753,32,512,0
3,7,0,-0.00830078,0.48486328,0.01191725,-0.69610735,0.71783880,32,512,0
3,7,1,-0.00830078,0.48583984,0.01190562,-0.69682895,0.71713853,32,512,0
3,7,2,-0.00830078,0.48681641,0.01189401,-0.69754843,0.71643891,32,512,0
3,7,3,-0.00830078,0.48779297,0.01188240,-0.69826582,0.71573994,32,512,0
3,7,4,-0.00830078,0.48876953,0.01187081,-0.69898110,0.71504161,32,512,0
3,7,5,-0.00830078,0.48974609,0.01185923,-0.69969430,0.71434393,32,512,0
3,7,6,-0.00830078,0.49072266,0.01184765,-0.70040541,0.71364690,32,512,0
3,7,7,-0.00830078,0.49169922,0.01183609,-0.70111444,0.71295053,32,512,0
3,7,8,-0.00830078,0.49267578,0.01182454,-0.70182139,0.71225481,32,512,0
3,7,9,-0.00830078,0.49365234,0.01181300,-0.70252628,0.71155975,32,512,0
3,7,10,-0.00830078,0.49462891,0.01180148,-0.70322910,0.71086535,32,512,0
3,7,11,-0.00830078,0.49560547,0.01178996,-0.70392988,0.71017162,32,512,0
3,7,12,-0.00830078,0.49658203,0.01177845,-0.70462860,0.70947855,32,512,0
3,7,13,-0.00830078,0.49755859,0.01176696,-0.70532527,0.70878614,32,512,0
3,7,14,-0.00830078,0.49853516,0.01175547,-0.70601991,0.70809441,32,512,0
3,7,15,-0.00830078,0.49951172,0.01174400,-0.70671252,0.70740334,32,512,0
3,7,16,-0.00830078,0.50048828,0.01173254,-0.70740310,0.70671295,32,512,0
3,7,17,-0.00830078,0.50146484,0.01172109,-0.70809166,0.70602324,32,512,0
3,7,18,-0.00830078,0.50244141,0.01170965,-0.70877821,0.70533420,32,512,0
3,7,19,-0.00830078,0.50341797,0.01169822,-0.70946275,0.70464584,32,512,0
3,7,20,-0.00830078,0.50439453,0.01168681,-0.71014529,0.70395816,32,512,0
3,7,21,-0.00830078,0.50537109,0.01167540,-0.71082583,0.70327116,32,512,0
3,7,22,-0.00830078,0.50634766,0.01166401,-0.71150438,0.70258485,32,512,0
3,7,23,-0.00830078,0.50732422,0.01165262,-0.71218095,0.70189922,32,512,0
3,7,24,-0.00830078,0.50830078,0.01164125,-0.71285553,0.70121428,32,512,0
3,7,25,-0.00830078,0.50927734,0.01162989,-0.71352815,0.70053003,32,512,0
3,7,26,-0.00830078,0.51025391,0.01161855,-0.71419880,0.69984648,32,512,0
3,7,27,-0.00830078,0.51123047,0.01160721,-0.71486748,0.69916361,32,512,0
3,7,28,-0.00830078,0.51220703,0.01159588,-0.71553421,0.69848144,32,512,0
3,7,29,-0.00830078,0.51318359,0.01158457,-0.71619899,0.69779997,32,512,0
3,7,30,-0.00830078,0.51416016,0.01157327,-0.71686183,0.69711920,32,512,0
3,7,31,-0.00830078,0.51513672,0.01156198,-0.71752273,0.69643912,32,512,0
3,8,0,-0.00732422,0.48486328,0.01051538,-0.69611830,0.71785009,32,512,0
3,8,1,-0.00732422,0.48583984,0.01050512,-0.69683988,0.71714979,32,512,0
3,8,2,-0.00732422,0.48681641,0.01049488,-0.69755936,0.71645014,32,512,0
3,8,3,-0.00732422,0.48779297,0.01048464,-0.69827673,0.71575113,32,512,0
3,8,4,-0.00732422,0.48876953,0.01047441,-0.69899201,0.71505277,32,512,0
3,8,5,-0.00732422,0.48974609,0.01046419,-0.69970519,0.71435505,32,512,0
3,8,6,-0.00732422,0.49072266,0.01045397,-0.70041629,0.71365799,32,512,0
3,8,7,-0.00732422,0.49169922,0.01044377,-0.70112531,0.71296159,32,512,0
3,8,8,-0.00732422,0.49267578,0.01043358,-0.70183226,0.71226584,32,512,0
3,8,9,-0.00732422,0.49365234,0.01042340,-0.70253713,0.71157075,32,512,0
3,8,10,-0.00732422,0.49462891,0.01041323,-0.70323995,0.71087632,32,512,0
3,8,11,-0.00732422,0.49560547,0.01040306,-0.70394071,0.71018255,32,512,0
3,8,12,-0.00732422,0.49658203,0.01039291,-0.70463942,0.70948945,32,512,0
3,8,13,-0.00732422,0.49755859,0.01038277,-0.70533609,0.70879701,32,512,0
3,8,14,-0.00732422,0.49853516,0.01037264,-0.70603072,0.70810524,32,512,0
3,8,15,-0.00732422,0.49951172,0.01036251,-0.70672331,0.70741415,32,512,0
3,8,16,-0.00732422,0.50048828,0.01035240,-0.70741388,0.70672372,32,512,0
3,8,17,-0.00732422,0.50146484,0.01034229,-0.70810244,0.70603398,32,512,0
3,8,18,-0.00732422,0.50244141,0.01033220,-0.70878897,0.70534491,32,512,0
3,8,19,-0.00732422,0.50341797,0.01032212,-0.70947350,0.70465651,32,512,0
3,8,20,-0.00732422,0.50439453,0.01031204,-0.71015603,0.70396880,32,512,0
3,8,21,-0.00732422,0.50537109,0.01030198,-0.71083656,0.70328177,32,512,0
3,8,22,-0.00732422,0.50634766,0.01029193,-0.71151510,0.70259543,32,512,0
3,8,23,-0.00732422,0.50732422,0.01028188,-0.71219165,0.70190977,32,512,0
3,8,24,-0.00732422,0.50830078,0.01027185,-0.71286623,0.70122480,32,512,0
3,8,25,-0.00732422,0.50927734,0.01026182,-0.71353883,0.70054052,32,512,0
3,8,26,-0.00732422,0.51025391,0.01025181,-0.71420947,0.69985694,32,512,0
3,8,27,-0.00732422,0.51123047,0.01024181,-0.71487815,0.69917404,32,512,0
3,8,28,-0.00732422,0.51220703,0.01023181,-0.71554487,0.69849184,32,512,0
3,8,29,-0.00732422,0.51318359,0.01022183,-0.71620964,0.69781034,32,512,0
3,8,30,-0.00732422,0.51416016,0.01021186,-0.71687246,0.69712954,32,512,0
3,8,31,-0.00732422,0.51513672,0.01020190,-0.71753335,0.69644943,32,512,0
3,9,0,-0.00634766,0.48486328,0.00911346,-0.69612787,0.71785996,32,512,0
3,9,1,-0.00634766,0.48583984,0.00910457,-0.69684945,0.71715964,32,512,0
3,9,2,-0.00634766,0.48681641,0.00909568,-0.69756892,0.71645996,32,512,0
3,9,3,-0.00634766,0.48779297,0.00908681,-0.69828629,0.71576092,32,512,0
3,9,4,-0.00634766,0.48876953,0.00907794,-0.69900155,0.71506253,32,512,0
3,9,5,-0.00634766,0.48974609,0.00906908,-0.69971473,0.71436479,32,512,0
3,9,6,-0.00634766,0.49072266,0.00906023,-0.70042582,0.71366770,32,512,0
3,9,7,-0.00634766,0.49169922,0.00905139,-0.70113483,0.71297127,32,512,0
3,9,8,-0.00634766,0.49267578,0.00904256,-0.70184176,0.71227549,32,512,0
3,9,9,-0.00634766,0.49365234,0.00903374,-0.70254663,0.71158037,32,512,0
3,9,10,-0.00634766,0.49462891,0.00902492,-0.70324944,0.71088591,32,512,0
3,9,11,-0.00634766,0.49560547,0.00901611,-0.70395019,0.71019211,32,512,0
3,9,12,-0.00634766,0.49658203,0.00900731,-0.70464889,0.70949898,32,512,0
3,9,13,-0.00634766,0.49755859,0.00899852,-0.70534555,0.70880652,32,512,0
3,9,14,-0.00634766,0.49853516,0.00898974,-0.70604017,0.70811472,32,512,0
3,9,15,-0.00634766,0.49951172,0.00898096,-0.70673276,0.70742360,32,512,0
3,9,16,-0.00634766,0.50048828,0.00897220,-0.70742332,0.70673315,32,512,0
3,9,17,-0.00634766,0.50146484,0.00896344,-0.70811186,0.70604338,32,512,0
3,9,18,-0.00634766,0.50244141,0.00895469,-0.70879839,0.70535428,32,512,0
3,9,19,-0.00634766,0.50341797,0.00894595,-0.70948291,0.70466586,32,512,0
3,9,20,-0.00634766,0.50439453,0.00893722,-0.71016543,0.70397812,32,512,0
3,9,21,-0.00634766,0.50537109,0.00892850,-0.71084595,0.70329106,32,512,0
3,9,22,-0.00634766,0.50634766,0.00891979,-0.71152448,0.70260469,32,512,0
3,9,23,-0.00634766,0.50732422,0.00891108,-0.71220102,0.70191901,32,512,0
3,9,24,-0.00634766,0.50830078,0.00890238,-0.71287559,0.70123401,32,512,0
3,9,25,-0.00634766,0.50927734,0.00889370,-0.71354819,0.70054970,32,512,0
3,9,26,-0.00634766,0.51025391,0.00888502,-0.71421881,0.69986609,32,512,0
3,9,27,-0.00634766,0.51123047,0.00887635,-0.71488748,0.69918317,32,512,0
3,9,28,-0.00634766,0.51220703,0.00886769,-0.71555419,0.69850094,32,512,0
3,9,29,-0.00634766,0.51318359,0.00885904,-0.71621895,0.69781941,32,512,0
3,9,30,-0.00634766,0.51416016,0.00885039,-0.71688177,0.69713858,32,512,0
3,9,31,-0.00634766,0.51513672,0.00884176,-0.71754264,0.69645845,32,512,0
3,10,0,-0.00537109,0.48486328,0.00771148,-0.69613609,0.71786843,32,512,0
3,10,1,-0.00537109,0.48583984,0.00770395,-0.69685766,0.71716808,32,512,0
3,10,2,-0.00537109,0.48681641,0.00769644,-0.69757712,0.71646837,32,512,0
3,10,3,-0.00537109,0.48779297,0.00768893,-0.69829447,0.71576931,32,512,0
3,10,4,-0.00537109,0.48876953,0.00768143,-0.69900973,0.71507090,32,512,0
3,10,5,-0.00537109,0.48974609,0.00767393,-0.69972290,0.71437313,32,512,0
3,10,6,-0.00537109,0.49072266,0.00766644,-0.70043398,0.71367602,32,512,0
3,10,7,-0.00537109,0.49169922,0.00765896,-0.70114299,0.71297956,32,512,0
3,10,8,-0.00537109,0.49267578,0.00765149,-0.70184991,0.71228376,32,512,0
3,10,9,-0.00537109,0.49365234,0.00764402,-0.70255478,0.71158861,32,512,0
3,10,10,-0.00537109,0.49462891,0.00763656,-0.70325757,0.71089413,32,512,0
3,10,11,-0.00537109,0.49560547,0.00762910,-0.70395832,0.71020031,32,512,0
3,10,12,-0.00537109,0.49658203,0.00762166,-0.70465701,0.70950716,32,512,0
3,10,13,-0.00537109,0.49755859,0.00761422,-0.70535366,0.70881467,32,512,0
3,10,14,-0.00537109,0.49853516,0.00760679,-0.70604827,0.70812285,32,512,0
3,10,15,-0.00537109,0.49951172,0.00759936,-0.70674085,0.70743170,32,512,0
3,10,16,-0.00537109,0.50048828,0.00759195,-0.70743141,0.70674123,32,512,0
3,10,17,-0.00537109,0.50146484,0.00758454,-0.70811994,0.70605143,32,512,0
3,10,18,-0.00537109,0.50244141,0.00757713,-0.70880646,0.70536231,32,512,0
3,10,19,-0.00537109,0.50341797,0.00756974,-0.70949097,0.70467387,32,512,0
3,10,20,-0.00537109,0.50439453,0.00756235,-0.71017348,0.70398610,32,512,0
3,10,21,-0.00537109,0.50537109,0.00755497,-0.71085400,0.70329903,32,512,0
3,10,22,-0.00537109,0.50634766,0.00754760,-0.71153252,0.70261263,32,512,0
3,10,23,-0.00537109,0.50732422,0.00754023,-0.71220906,0.70192692,32,512,0
3,10,24,-0.00537109,0.50830078,0.00753287,-0.71288361,0.70124190,32,512,0
3,10,25,-0.00537109,0.50927734,0.00752552,-0.71355620,0.70055757,32,512,0
3,10,26,-0.00537109,0.51025391,0.00751818,-0.71422682,0.69987394,32,512,0
3,10,27,-0.00537109,0.51123047,0.00751084,-0.71489548,0.69919099,32,512,0
3,10,28,-0.00537109,0.51220703,0.00750351,-0.71556218,0.69850874,32,512,0
3,10,29,-0.00537109,0.51318359,0.00749619,-0.71622693,0.69782719,32,512,0
3,10,30,-0.00537109,0.51416016,0.00748888,-0.71688974,0.69714634,32,512,0
3,10,31,-0.00537109,0.51513672,0.00748157,-0.71755061,0.69646619,32,512,0
3,11,0,-0.00439453,0.48486328,0.00630945,-0.69614293,0.71787549,32,512,0
3,11,1,-0.00439453,0.48583984,0.00630330,-0.69686449,0.71717512,32,512,0
3,11,2,-0.00439453,0.48681641,0.00629715,-0.69758395,0.71647539,32,512,0
3,11,3,-0.00439453,0.48779297,0.00629100,-0.69830130,0.71577631,32,512,0
3,11,4,-0.00439453,0.48876953,0.00628486,-0.69901655,0.71507787,32,512,0
3,11,5,-0.00439453,0.48974609,0.00627873,-0.69972971,0.71438009,32,512,0
3,11,6,-0.00439453,0.49072266,0.00627260,-0.70044079,0.71368295,32,512,0
3,11,7,-0.00439453,0.49169922,0.00626648,-0.70114978,0.71298647,32,512,0
3,11,8,-0.00439453,0.49267578,0.00626037,-0.70185671,0.71229065,32,512,0
3,11,9,-0.00439453,0.49365234,0.00625426,-0.70256156,0.71159549,32,512,0
3,11,10,-0.00439453,0.49462891,0.00624815,-0.70326435,0.71090098,32,512,0
3,11,11,-0.00439453,0.49560547,0.00624205,-0.70396509,0.71020714,32,512,0
3,11,12,-0.00439453,0.49658203,0.00623596,-0.70466378,0.70951397,32,512,0
3,11,13,-0.00439453,0.49755859,0.00622988,-0.70536042,0.70882146,32,512,0
3,11,14,-0.00439453,0.49853516,0.00622380,-0.70605503,0.70812962,32,512,0
3,11,15,-0.00439453,0.49951172,0.00621772,-0.70674760,0.70743846,32,512,0
3,11,16,-0.00439453,0.50048828,0.00621165,-0.70743815,0.70674796,32,512,0
3,11,17,-0.00439453,0.50146484,0.00620559,-0.70812667,0.70605814,32,512,0
3,11,18,-0.00439453,0.50244141,0.00619953,-0.70881319,0.70536900,32,512,0
3,11,19,-0.00439453,0.50341797,0.00619348,-0.70949769,0.70468054,32,512,0
3,11,20,-0.00439453,0.50439453,0.00618744,-0.71018020,0.70399276,32,512,0
3,11,21,-0.00439453,0.50537109,0.00618140,-0.71086070,0.70330566,32,512,0
3,11,22,-0.00439453,0.50634766,0.00617536,-0.71153922,0.70261925,32,512,0
3,11,23,-0.00439453,0.50732422,0.00616934,-0.71221575,0.70193352,32,512,0
3,11,24,-0.00439453,0.50830078,0.00616332,-0.71289030,0.70124848,32,512,0
3,11,25,-0.00439453,0.50927734,0.00615730,-0.71356288,0.70056413,32,512,0
3,11,26,-0.00439453,0.51025391,0.00615129,-0.71423349,0.69988048,32,512,0
3,11,27,-0.00439453,0.51123047,0.00614529,-0.71490214,0.69919751,32,512,0
3,11,28,-0.00439453,0.51220703,0.00613929,-0.71556884,0.69851524,32,512,0
3,11,29,-0.00439453,0.51318359,0.00613330,-0.71623358,0.69783367,32,512,0
3,11,30,-0.00439453,0.51416016,0.00612732,-0.71689639,0.69715280,32,512,0
3,11,31,-0.00439453,0.51513672,0.00612134,-0.71755725,0.69647263,32,512,0
3,12,0,-0.00341797,0.48486328,0.00490739,-0.69614840,0.71788113,32,512,0
3,12,1,-0.00341797,0.48583984,0.00490260,-0.69686996,0.71718074,32,512,0
3,12,2,-0.00341797,0.48681641,0.00489782,-0.69758941,0.71648100,32,512,0
3,12,3,-0.00341797,0.48779297,0.00489304,-0.69830676,0.71578190,32,512,0
3,12,4,-0.00341797,0.48876953,0.00488827,-0.69902201,0.71508345,32,512,0
3,12,5,-0.00341797,0.48974609,0.00488350,-0.69973516,0.71438565,32,512,0
3,12,6,-0.00341797,0.49072266,0.00487873,-0.70044623,0.71368850,32,512,0
3,12,7,-0.00341797,0.49169922,0.00487397,-0.70115522,0.71299200,32,512,0
3,12,8,-0.00341797,0.49267578,0.00486921,-0.70186214,0.71229617,32,512,0
3,12,9,-0.00341797,0.49365234,0.00486446,-0.70256699,0.71160099,32,512,0
3,12,10,-0.00341797,0.49462891,0.00485971,-0.70326978,0.71090647,32,512,0
3,12,11,-0.00341797,0.49560547,0.00485497,-0.70397051,0.71021261,32,512,0
3,12,12,-0.00341797,0.49658203,0.00485023,-0.70466919,0.70951942,32,512,0
3,12,13,-0.00341797,0.49755859,0.00484550,-0.70536583,0.70882690,32,512,0
3,12,14,-0.00341797,0.49853516,0.00484077,-0.70606043,0.70813504,32,512,0
3,12,15,-0.00341797,0.49951172,0.00483604,-0.70675300,0.70744386,32,512,0
3,12,16,-0.00341797,0.50048828,0.00483132,-0.70744354,0.70675335,32,512,0
3,12,17,-0.00341797,0.50146484,0.00482661,-0.70813206,0.70606352,32,512,0
3,12,18,-0.00341797,0.50244141,0.00482190,-0.70881857,0.70537436,32,512,0
3,12,19,-0.00341797,0.50341797,0.00481719,-0.70950307,0.70468588,32,512,0
3,12,20,-0.00341797,0.50439453,0.00481249,-0.71018557,0.70399808,32,512,0
3,12,21,-0.00341797,0.50537109,0.00480779,-0.71086607,0.70331097,32,512,0
3,12,22,-0.00341797,0.50634766,0.00480310,-0.71154458,0.70262454,32,512,0
3,12,23,-0.00341797,0.50732422,0.00479841,-0.71222110,0.70193880,32,512,0
3,12,24,-0.00341797,0.50830078,0.00479373,-0.71289565,0.70125374,32,512,0
3,12,25,-0.00341797,0.50927734,0.00478905,-0.71356822,0.70056938,32,512,0
3,12,26,-0.00341797,0.51025391,0.00478437,-0.71423883,0.69988571,32,512,0
3,12,27,-0.00341797,0.51123047,0.00477971,-0.71490748,0.69920273,32,512,0
3,12,28,-0.00341797,0.51220703,0.00477504,-0.71557417,0.69852044,32,512,0
3,12,29,-0.00341797,0.51318359,0.00477038,-0.71623891,0.69783886,32,512,0
3,12,30,-0.00341797,0.51416016,0.00476573,-0.71690170,0.69715797,32,512,0
3,12,31,-0.00341797,0.51513672,0.00476108,-0.71756256,0.69647778,32,512,0
3,13,0,-0.00244141,0.48486328,0.00350530,-0.69615251,0.71788537,32,512,0
3,13,1,-0.00244141,0.48583984,0.00350188,-0.69687406,0.71718497,32,512,0
3,13,2,-0.00244141,0.48681641,0.00349846,-0.69759351,0.71648521,32,512,0
3,13,3,-0.00244141,0.48779297,0.00349505,-0.69831085,0.71578610,32,512,0
3,13,4,-0.00244141,0.48876953,0.00349164,-0.69902610,0.71508763,32,512,0
3,13,5,-0.00244141,0.48974609,0.00348823,-0.69973925,0.71438982,32,512,0
3,13,6,-0.00244141,0.49072266,0.00348483,-0.70045032,0.71369266,32,512,0
3,13,7,-0.00244141,0.49169922,0.00348143,-0.70115930,0.71299615,32,512,0
3,13,8,-0.00244141,0.49267578,0.00347803,-0.70186622,0.71230030,32,512,0
3,13,9,-0.00244141,0.49365234,0.00347463,-0.70257106,0.71160511,32,512,0
3,13,10,-0.00244141,0.49462891,0.00347124,-0.70327384,0.71091058,32,512,0
3,13,11,-0.00244141,0.49560547,0.00346786,-0.70397457,0.71021671,32,512,0
3,13,12,-0.00244141,0.49658203,0.00346447,-0.70467325,0.70952351,32,512,0
3,13,13,-0.00244141,0.49755859,0.00346109,-0.70536988,0.70883097,32,512,0
3,13,14,-0.00244141,0.49853516,0.00345771,-0.70606448,0.70813911,32,512,0
3,13,15,-0.00244141,0.49951172,0.00345434,-0.70675704,0.70744791,32,512,0
3,13,16,-0.00244141,0.50048828,0.00345096,-0.70744758,0.70675739,32,512,0
3,13,17,-0.00244141,0.50146484,0.00344760,-0.70813610,0.70606754,32,512,0
3,13,18,-0.00244141,0.50244141,0.00344423,-0.70882261,0.70537837,32,512,0
3,13,19,-0.00244141,0.50341797,0.00344087,-0.70950710,0.70468989,32,512,0
3,13,20,-0.00244141,0.50439453,0.00343751,-0.71018959,0.70400208,32,512,0
3,13,21,-0.00244141,0.50537109,0.00343416,-0.71087009,0.70331495,32,512,0
3,13,22,-0.00244141,0.50634766,0.00343080,-0.71154860,0.70262851,32,512,0
3,13,23,-0.00244141,0.50732422,0.00342745,-0.71222512,0.70194276,32,512,0
3,13,24,-0.00244141,0.50830078,0.00342411,-0.71289966,0.70125769,32,512,0
3,13,25,-0.00244141,0.50927734,0.00342077,-0.71357223,0.70057331,32,512,0
3,13,26,-0.00244141,0.51025391,0.00341743,-0.71424284,0.69988963,32,512,0
3,13,27,-0.00244141,0.51123047,0.00341409,-0.71491148,0.69920664,32,512,0
3,13,28,-0.00244141,0.51220703,0.00341076,-0.71557816,0.69852435,32,512,0
3,13,29,-0.00244141,0.51318359,0.00340744,-0.71624290,0.69784275,32,512,0
3,13,30,-0.00244141,0.51416016,0.00340411,-0.71690569,0.69716185,32,512,0
3,13,31,-0.00244141,0.51513672,0.00340079,-0.71756654,0.69648165,32,512,0
3,14,0,-0.00146484,0.48486328,0.00210319,-0.69615525,0.71788819,32,512,0
3,14,1,-0.00146484,0.48583984,0.00210114,-0.69687680,0.71718778,32,512,0
3,14,2,-0.00146484,0.48681641,0.00209909,-0.69759624,0.71648802,32,512,0
3,14,3,-0.00146484,0.48779297,0.00209704,-0.69831358,0.71578890,32,512,0
3,14,4,-0.00146484,0.48876953,0.00209499,-0.69902882,0.71509042,32,512,0
3,14,5,-0.00146484,0.48974609,0.00209295,-0.69974197,0.71439260,32,512,0
3,14,6,-0.00146484,0.49072266,0.00209090,-0.70045304,0.71369543,32,512,0
3,14,7,-0.00146484,0.49169922,0.00208886,-0.70116202,0.71299892,32,512,0
3,14,8,-0.00146484,0.49267578,0.00208683,-0.70186893,0.71230306,32,512,0
3,14,9,-0.00146484,0.49365234,0.00208479,-0.70257377,0.71160786,32,512,0
3,14,10,-0.00146484,0.49462891,0.00208275,-0.70327656,0.71091332,32,512,0
3,14,11,-0.00146484,0.49560547,0.00208072,-0.70397728,0.71021944,32,512,0
3,14,12,-0.00146484,0.49658203,0.00207869,-0.70467596,0.70952623,32,512,0
3,14,13,-0.00146484,0.49755859,0.00207666,-0.70537259,0.70883369,32,512,0
3,14,14,-0.00146484,0.49853516,0.00207463,-0.70606718,0.70814182,32,512,0
3,14,15,-0.00146484,0.49951172,0.00207261,-0.70675974,0.70745061,32,512,0
3,14,16,-0.00146484,0.50048828,0.00207059,-0.70745028,0.70676008,32,512,0
3,14,17,-0.00146484,0.50146484,0.00206857,-0.70813879,0.70607023,32,512,0
3,14,18,-0.00146484,0.50244141,0.00206655,-0.70882530,0.70538105,32,512,0
3,14,19,-0.00146484,0.50341797,0.00206453,-0.70950979,0.70469255,32,512,0
3,14,20,-0.00146484,0.50439453,0.00206251,-0.71019228,0.70400474,32,512,0
3,14,21,-0.00146484,0.50537109,0.00206050,-0.71087277,0.70331760,32,512,0
3,14,22,-0.00146484,0.50634766,0.00205849,-0.71155128,0.70263116,32,512,0
3,14,23,-0.00146484,0.50732422,0.00205648,-0.71222780,0.70194539,32,512,0
3,14,24,-0.00146484,0.50830078,0.00205447,-0.71290234,0.70126032,32,512,0
3,14,25,-0.00146484,0.50927734,0.00205247,-0.71357490,0.70057594,32,512,0
3,14,26,-0.00146484,0.51025391,0.00205047,-0.71424550,0.69989225,32,512,0
3,14,27,-0.00146484,0.51123047,0.00204846,-0.71491414,0.69920925,32,512,0
3,14,28,-0.00146484,0.51220703,0.00204647,-0.71558083,0.69852695,32,512,0
3,14,29,-0.00146484,0.51318359,0.00204447,-0.71624556,0.69784534,32,512,0
3,14,30,-0.00146484,0.51416016,0.00204247,-0.71690835,0.69716443,32,512,0
3,14,31,-0.00146484,0.51513672,0.00204048,-0.71756920,0.69648423,32,512,0
3,15,0,-0.00048828,0.48486328,0.00070106,-0.69615661,0.71788960,32,512,0
3,15,1,-0.00048828,0.48583984,0.00070038,-0.69687817,0.71718919,32,512,0
3,15,2,-0.00048828,0.48681641,0.00069970,-0.69759761,0.71648942,32,512,0
3,15,3,-0.00048828,0.48779297,0.00069901,-0.69831495,0.71579030,32,512,0
3,15,4,-0.00048828,0.48876953,0.00069833,-0.69903019,0.71509182,32,512,0
3,15,5,-0.00048828,0.48974609,0.00069765,-0.69974334,0.71439399,32,512,0
3,15,6,-0.00048828,0.49072266,0.00069697,-0.70045440,0.71369682,32,512,0
3,15,7,-0.00048828,0.49169922,0.00069629,-0.70116338,0.71300030,32,512,0
3,15,8,-0.00048828,0.49267578,0.00069561,-0.70187029,0.71230444,32,512,0
3,15,9,-0.00048828,0.49365234,0.00069493,-0.70257513,0.71160923,32,512,0
3,15,10,-0.00048828,0.49462891,0.00069425,-0.70327791,0.71091469,32,512,0
3,15,11,-0.00048828,0.49560547,0.00069358,-0.70397864,0.71022081,32,512,0
3,15,12,-0.00048828,0.49658203,0.00069290,-0.70467731,0.70952760,32,512,0
3,15,13,-0.00048828,0.49755859,0.00069222,-0.70537394,0.70883505,32,512,0
3,15,14,-0.00048828,0.49853516,0.00069155,-0.70606853,0.70814317,32,512,0
3,15,15,-0.00048828,0.49951172,0.00069087,-0.70676109,0.70745196,32,512,0
3,15,16,-0.00048828,0.50048828,0.00069020,-0.70745163,0.70676143,32,512,0
3,15,17,-0.00048828,0.50146484,0.00068952,-0.70814014,0.70607157,32,512,0
3,15,18,-0.00048828,0.50244141,0.00068885,-0.70882664,0.70538239,32,512,0
3,15,19,-0.00048828,0.50341797,0.00068818,-0.70951113,0.70469389,32,512,0
3,15,20,-0.00048828,0.50439453,0.00068751,-0.71019362,0.70400607,32,512,0
3,15,21,-0.00048828,0.50537109,0.00068683,-0.71087412,0.70331893,32,512,0
3,15,22,-0.00048828,0.50634766,0.00068616,-0.71155262,0.70263248,32,512,0
3,15,23,-0.00048828,0.50732422,0.00068549,-0.71222914,0.70194671,32,512,0
3,15,24,-0.00048828,0.50830078,0.00068483,-0.71290367,0.70126164,32,512,0
3,15,25,-0.00048828,0.50927734,0.00068416,-0.71357624,0.70057725,32,512,0
3,15,26,-0.00048828,0.51025391,0.00068349,-0.71424684,0.69989355,32,512,0
3,15,27,-0.00048828,0.51123047,0.00068282,-0.71491548,0.69921055,32,512,0
3,15,28,-0.00048828,0.51220703,0.00068216,-0.71558216,0.69852825,32,512,0
3,15,29,-0.00048828,0.51318359,0.00068149,-0.71624689,0.69784664,32,512,0
3,15,30,-0.00048828,0.51416016,0.00068083,-0.71690968,0.69716573,32,512,0
3,15,31,-0.00048828,0.51513672,0.00068016,-0.71757053,0.69648552,32,512,0
3,16,0,0.00048828,0.48486328,-0.00070106,-0.69615661,0.71788960,32,512,0
3,16,1,0.00048828,0.48583984,-0.00070038,-0.69687817,0.71718919,32,512,0
3,16,2,0.00048828,0.48681641,-0.00069970,-0.69759761,0.71648942,32,512,0
3,16,3,0.00048828,0.48779297,-0.00069901,-0.69831495,0.71579030,32,512,0
3,16,4,0.00048828,0.48876953,-0.00069833,-0.69903019,0.71509182,32,512,0
3,16,5,0.00048828,0.48974609,-0.00069765,-0.69974334,0.71439399,32,512,0
3,16,6,0.00048828,0.49072266,-0.00069697,-0.70045440,0.71369682,32,512,0
3,16,7,0.00048828,0.49169922,-0.00069629,-0.70116338,0.71300030,32,512,0
3,16,8,0.00048828,0.49267578,-0.00069561,-0.70187029,0.71230444,32,512,0
3,16,9,0.00048828,0.49365234,-0.00069493,-0.70257513,0.71160923,32,512,0
3,16,10,0.00048828,0.49462891,-0.00069425,-0.70327791,0.71091469,32,512,0
3,16,11,0.00048828,0.49560547,-0.00069358,-0.70397864,0.71022081,32,512,0
3,16,12,0.00048828,0.49658203,-0.00069290,-0.70467731,0.70952760,32,512,0
3,16,13,0.00048828,0.49755859,-0.00069222,-0.70537394,0.70883505,32,512,0
3,16,14,0.00048828,0.49853516,-0.00069155,-0.70606853,0.70814317,32,512,0
3,16,15,0.00048828,0.49951172,-0.00069087,-0.70676109,0.70745196,32,512,0
3,16,16,0.00048828,0.50048828,-0.00069020,-0.70745163,0.70676143,32,512,0
3,16,17,0.00048828,0.50146484,-0.00068952,-0.70814014,0.70607157,32,512,0
3,16,18,0.00048828,0.50244141,-0.00068885,-0.70882664,0.70538239,32,512,0
3,16,19,0.00048828,0.50341797,-0.00068818,-0.70951113,0.70469389,32,512,0
3,16,20,0.00048828,0.50439453,-0.00068751,-0.71019362,0.70400607,32,512,0
3,16,21,0.00048828,0.50537109,-0.00068683,-0.71087412,0.70331893,32,512,0
3,16,22,0.00048828,0.50634766,-0.00068616,-0.71155262,0.70263248,32,512,0
3,16,23,0.00048828,0.50732422,-0.00068549,-0.71222914,0.70194671,32,512,0
3,16,24,0.00048828,0.50830078,-0.00068483,-0.71290367,0.70126164,32,512,0
3,16,25,0.00048828,0.50927734,-0.00068416,-0.71357624,0.70057725,32,512,0
3,16,26,0.00048828,0.51025391,-0.00068349,-0.71424684,0.69989355,32,512,0
3,16,27,0.00048828,0.51123047,-0.00068282,-0.71491548,0.69921055,32,512,0
3,16,28,0.00048828,0.51220703,-0.00068216,-0.71558216,0.69852825,32,512,0
3,16,29,0.00048828,0.51318359,-0.00068149,-0.71624689,0.69784664,32,512,0
3,16,30,0.00048828,0.51416016,-0.00068083,-0.71690968,0.69716573,32,512,0
3,16,31,0.00048828,0.51513672,-0.00068016,-0.71757053,0.69648552,32,512,0
3,17,0,0.00146484,0.48486328,-0.00210319,-0.69615525,0.71788819,32,512,0
3,17,1,0.00146484,0.48583984,-0.00210114,-0.69687680,0.71718778,32,512,0
3,17,2,0.00146484,0.48681641,-0.00209909,-0.69759624,0.71648802,32,512,0
3,17,3,0.00146484,0.48779297,-0.00209704,-0.69831358,0.71578890,32,512,0
3,17,4,0.00146484,0.48876953,-0.00209499,-0.69902882,0.71509042,32,512,0
3,17,5,0.00146484,0.48974609,-0.00209295,-0.69974197,0.71439260,32,512,0
3,17,6,0.00146484,0.49072266,-0.00209090,-0.70045304,0.71369543,32,512,0
3,17,7,0.00146484,0.49169922,-0.00208886,-0.70116202,0.71299892,32,512,0
3,17,8,0.00146484,0.49267578,-0.00208683,-0.70186893,0.71230306,32,512,0
3,17,9,0.00146484,0.49365234,-0.00208479,-0.70257377,0.71160786,32,512,0
3,17,10,0.00146484,0.49462891,-0.00208275,-0.70327656,0.71091332,32,512,0
3,17,11,0.00146484,0.49560547,-0.00208072,-0.70397728,0.71021944,32,512,0
3,17,12,0.00146484,0.49658203,-0.00207869,-0.70467596,0.70952623,32,512,0
3,17,13,0.00146484,0.49755859,-0.00207666,-0.70537259,0.70883369,32,512,0
3,17,14,0.00146484,0.49853516,-0.00207463,-0.70606718,0.70814182,32,512,0
3,17,15,0.00146484,0.49951172,-0.00207261,-0.70675974,0.70745061,32,512,0
3,17,16,0.00146484,0.50048828,-0.00207059,-0.70745028,0.70676008,32,512,0
3,17,17,0.00146484,0.50146484,-0.00206857,-0.70813879,0.70607023,32,512,0
3,17,18,0.00146484,0.50244141,-0.00206655,-0.70882530,0.70538105,32,512,0
3,17,19,0.00146484,0.50341797,-0.00206453,-0.70950979,0.70469255,32,512,0
3,17,20,0.00146484,0.50439453,-0.00206251,-0.71019228,0.70400474,32,512,0
3,17,21,0.00146484,0.50537109,-0.00206050,-0.71087277,0.70331760,32,512,0
3,17,22,0.00146484,0.50634766,-0.00205849,-0.71155128,0.70263116,32,512,0
3,17,23,0.00146484,0.50732422,-0.00205648,-0.71222780,0.70194539,32,512,0
3,17,24,0.00146484,0.50830078,-0.00205447,-0.71290234,0.70126032,32,512,0
3,17,25,0.00146484,0.50927734,-0.00205247,-0.71357490,0.70057594,32,512,0
3,17,26,0.00146484,0.51025391,-0.00205047,-0.71424550,0.69989225,32,512,0
3,17,27,0.00146484,0.51123047,-0.00204846,-0.71491414,0.69920925,32,512,0
3,17,28,0.00146484,0.51220703,-0.00204647,-0.71558083,0.69852695,32,512,0
3,17,29,0.00146484,0.51318359,-0.00204447,-0.71624556,0.69784534,32,512,0
3,17,30,0.00146484,0.51416016,-0.00204247,-0.71690835,0.69716443,32,512,0
3,17,31,0.00146484,0.51513672,-0.00204048,-0.71756920,0.69648423,32,512,0
3,18,0,0.00244141,0.48486328,-0.00350530,-0.69615251,0.71788537,32,512,0
3,18,1,0.00244141,0.48583984,-0.00350188,-0.69687406,0.71718497,32,512,0
3,18,2,0.00244141,0.48681641,-0.00349846,-0.69759351,0.71648521,32,512,0
3,18,3,0.00244141,0.48779297,-0.00349505,-0.69831085,0.71578610,32,512,0
3,18,4,0.00244141,0.48876953,-0.00349164,-0.69902610,0.71508763,32,512,0
3,18,5,0.00244141,0.48974609,-0.00348823,-0.69973925,0.71438982,32,512,0
3,18,6,0.00244141,0.49072266,-0.00348483,-0.70045032,0.71369266,32,512,0
3,18,7,0.00244141,0.49169922,-0.00348143,-0.70115930,0.71299615,32,512,0
3,18,8,0.00244141,0.49267578,-0.00347803,-0.70186622,0.71230030,32,512,0
3,18,9,0.00244141,0.49365234,-0.00347463,-0.70257106,0.71160511,32,512,0
3,18,10,0.00244141,0.49462891,-0.00347124,-0.70327384,0.71091058,32,512,0
3,18,11,0.00244141,0.49560547,-0.00346786,-0.70397457,0.71021671,32,512,0
3,18,12,0.00244141,0.49658203,-0.00346447,-0.70467325,0.70952351,32,512,0
3,18,13,0.00244141,0.49755859,-0.00346109,-0.70536988,0.70883097,32,512,0
3,18,14,0.00244141,0.49853516,-0.00345771,-0.70606448,0.70813911,32,512,0
3,18,15,0.00244141,0.49951172,-0.00345434,-0.70675704,0.70744791,32,512,0
3,18,16,0.00244141,0.50048828,-0.00345096,-0.70744758,0.70675739,32,512,0
3,18,17,0.00244141,0.50146484,-0.00344760,-0.70813610,0.70606754,32,512,0
3,18,18,0.00244141,0.50244141,-0.00344423,-0.70882261,0.70537837,32,512,0
3,18,19,0.00244141,0.50341797,-0.00344087,-0.70950710,0.70468989,32,512,0
3,18,20,0.00244141,0.50439453,-0.00343751,-0.71018959,0.70400208,32,512,0
3,18,21,0.00244141,0.50537109,-0.00343416,-0.71087009,0.70331495,32,512,0
3,18,22,0.00244141,0.50634766,-0.00343080,-0.71154860,0.70262851,32,512,0
3,18,23,0.00244141,0.50732422,-0.00342745,-0.71222512,0.70194276,32,512,0
3,18,24,0.00244141,0.50830078,-0.00342411,-0.71289966,0.70125769,32,512,0
3,18,25,0.00244141,0.50927734,-0.00342077,-0.71357223,0.70057331,32,512,0
3,18,26,0.00244141,0.51025391,-0.00341743,-0.71424284,0.69988963,32,512,0
3,18,27,0.00244141,0.51123047,-0.00341409,-0.71491148,0.69920664,32,512,0
3,18,28,0.00244141,0.51220703,-0.00341076,-0.71557816,0.69852435,32,512,0
3,18,29,0.00244141,0.51318359,-0.00340744,-0.71624290,0.69784275,32,512,0
3,18,30,0.00244141,0.51416016,-0.00340411,-0.71690569,0.69716185,32,512,0
3,18,31,0.00244141,0.51513672,-0.00340079,-0.71756654,0.69648165,32,512,0
3,19,0,0.00341797,0.48486328,-0.00490739,-0.69614840,0.71788113,32,512,0
3,19,1,0.00341797,0.48583984,-0.00490260,-0.69686996,0.71718074,32,512,0
3,19,2,0.00341797,0.48681641,-0.00489782,-0.69758941,0.71648100,32,512,0
3,19,3,0.00341797,0.48779297,-0.00489304,-0.69830676,0.71578190,32,512,0
3,19,4,0.00341797,0.48876953,-0.00488827,-0.69902201,0.71508345,32,512,0
3,19,5,0.00341797,0.48974609,-0.00488350,-0.69973516,0.71438565,32,512,0
3,19,6,0.00341797,0.49072266,-0.00487873,-0.70044623,0.71368850,32,512,0
3,19,7,0.00341797,0.49169922,-0.00487397,-0.70115522,0.71299200,32,512,0
3,19,8,0.00341797,0.49267578,-0.00486921,-0.70186214,0.71229617,32,512,0
3,19,9,0.00341797,0.49365234,-0.00486446,-0.70256699,0.71160099,32,512,0
3,19,10,0.00341797,0.49462891,-0.00485971,-0.70326978,0.71090647,32,512,0
3,19,11,0.00341797,0.49560547,-0.00485497,-0.70397051,0.71021261,32,512,0
3,19,12,0.00341797,0.49658203,-0.00485023,-0.70466919,0.70951942,32,512,0
3,19,13,0.00341797,0.49755859,-0.00484550,-0.70536583,0.70882690,32,512,0
3,19,14,0.00341797,0.49853516,-0.00484077,-0.70606043,0.70813504,32,512,0
3,19,15,0.00341797,0.49951172,-0.00483604,-0.70675300,0.70744386,32,512,0
3,19,16,0.00341797,0.50048828,-0.00483132,-0.70744354,0.70675335,32,512,0
3,19,17,0.00341797,0.50146484,-0.00482661,-0.70813206,0.70606352,32,512,0
3,19,18,0.00341797,0.50244141,-0.00482190,-0.70881857,0.70537436,32,512,0
3,19,19,0.00341797,0.50341797,-0.00481719,-0.70950307,0.70468588,32,512,0
3,19,20,0.00341797,0.50439453,-0.00481249,-0.71018557,0.70399808,32,512,0
3,19,21,0.00341797,0.50537109,-0.00480779,-0.71086607,0.70331097,32,512,0
3,19,22,0.00341797,0.50634766,-0.00480310,-0.71154458,0.70262454,32,512,0
3,19,23,0.00341797,0.50732422,-0.00479841,-0.71222110,0.70193880,32,512,0
3,19,24,0.00341797,0.50830078,-0.00479373,-0.71289565,0.70125374,32,512,0
3,19,25,0.00341797,0.50927734,-0.00478905,-0.71356822,0.70056938,32,512,0
3,19,26,0.00341797,0.51025391,-0.00478437,-0.71423883,0.69988571,32,512,0
3,19,27,0.00341797,0.51123047,-0.00477971,-0.71490748,0.69920273,32,512,0
3,19,28,0.00341797,0.51220703,-0.00477504,-0.71557417,0.69852044,32,512,0
3,19,29,0.00341797,0.51318359,-0.00477038,-0.71623891,0.69783886,32,512,0
3,19,30,0.00341797,0.51416016,-0.00476573,-0.71690170,0.69715797,32,512,0
3,19,31,0.00341797,0.51513672,-0.00476108,-0.71756256,0.69647778,32,512,0
3,20,0,0.00439453,0.48486328,-0.00630945,-0.69614293,0.71787549,32,512,0
3,20,1,0.00439453,0.48583984,-0.00630330,-0.69686449,0.71717512,32,512,0
3,20,2,0.00439453,0.48681641,-0.00629715,-0.69758395,0.71647539,32,512,0
3,20,3,0.00439453,0.48779297,-0.00629100,-0.69830130,0.71577631,32,512,0
3,20,4,0.00439453,0.48876953,-0.00628486,-0.69901655,0.71507787,32,512,0
3,20,5,0.00439453,0.48974609,-0.00627873,-0.69972971,0.71438009,32,512,0
3,20,6,0.00439453,0.49072266,-0.00627260,-0.70044079,0.71368295,32,512,0
3,20,7,0.00439453,0.49169922,-0.00626648,-0.70114978,0.71298647,32,512,0
3,20,8,0.00439453,0.49267578,-0.00626037,-0.70185671,0.71229065,32,512,0
3,20,9,0.00439453,0.49365234,-0.00625426,-0.70256156,0.71159549,32,512,0
3,20,10,0.00439453,0.49462891,-0.00624815,-0.70326435,0.71090098,32,512,0
3,20,11,0.00439453,0.49560547,-0.00624205,-0.70396509,0.71020714,32,512,0
3,20,12,0.00439453,0.49658203,-0.00623596,-0.70466378,0.70951397,32,512,0
3,20,13,0.00439453,0.49755859,-0.00622988,-0.70536042,0.70882146,32,512,0
3,20,14,0.00439453,0.49853516,-0.00622380,-0.70605503,0.70812962,32,512,0
3,20,15,0.00439453,0.49951172,-0.00621772,-0.70674760,0.70743846,32,512,0
3,20,16,0.00439453,0.50048828,-0.00621165,-0.70743815,0.70674796,32,512,0
3,20,17,0.00439453,0.50146484,-0.00620559,-0.70812667,0.70605814,32,512,0
3,20,18,0.00439453,0.50244141,-0.00619953,-0.70881319,0.70536900,32,512,0
3,20,19,0.00439453,0.50341797,-0.00619348,-0.70949769,0.70468054,32,512,0
3,20,20,0.00439453,0.50439453,-0.00618744,-0.71018020,0.70399276,32,512,0
3,20,21,0.00439453,0.50537109,-0.00618140,-0.71086070,0.70330566,32,512,0
3,20,22,0.00439453,0.50634766,-0.00617536,-0.71153922,0.70261925,32,512,0
3,20,23,0.00439453,0.50732422,-0.00616934,-0.71221575,0.70193352,32,512,0
3,20,24,0.00439453,0.50830078,-0.00616332,-0.71289030,0.70124848,32,512,0
3,20,25,0.00439453,0.50927734,-0.00615730,-0.71356288,0.70056413,32,512,0
3,20,26,0.00439453,0.51025391,-0.00615129,-0.71423349,0.69988048,32,512,0
3,20,27,0.00439453,0.51123047,-0.00614529,-0.71490214,0.69919751,32,512,0
3,20,28,0.00439453,0.51220703,-0.00613929,-0.71556884,0.69851524,32,512,0
3,20,29,0.00439453,0.51318359,-0.00613330,-0.71623358,0.69783367,32,512,0
3,20,30,0.00439453,0.51416016,-0.00612732,-0.71689639,0.69715280,32,512,0
3,20,31,0.00439453,0.51513672,-0.00612134,-0.71755725,0.69647263,32,512,0
3,21,0,0.00537109,0.48486328,-0.00771148,-0.69613609,0.71786843,32,512,0
3,21,1,0.00537109,0.48583984,-0.00770395,-0.69685766,0.71716808,32,512,0
3,21,2,0.00537109,0.48681641,-0.00769644,-0.69757712,0.71646837,32,512,0
3,21,3,0.00537109,0.48779297,-0.00768893,-0.69829447,0.71576931,32,512,0
3,21,4,0.00537109,0.48876953,-0.00768143,-0.69900973,0.71507090,32,512,0
3,21,5,0.00537109,0.48974609,-0.00767393,-0.69972290,0.71437313,32,512,0
3,21,6,0.00537109,0.49072266,-0.00766644,-0.70043398,0.71367602,32,512,0
3,21,7,0.00537109,0.49169922,-0.00765896,-0.70114299,0.71297956,32,512,0
3,21,8,0.00537109,0.49267578,-0.00765149,-0.70184991,0.71228376,32,512,0
3,21,9,0.00537109,0.49365234,-0.00764402,-0.70255478,0.71158861,32,512,0
3,21,10,0.00537109,0.49462891,-0.00763656,-0.70325757,0.71089413,32,512,0
3,21,11,0.00537109,0.49560547,-0.00762910,-0.70395832,0.71020031,32,512,0
3,21,12,0.00537109,0.49658203,-0.00762166,-0.70465701,0.70950716,32,512,0
3,21,13,0.00537109,0.49755859,-0.00761422,-0.70535366,0.70881467,32,512,0
3,21,14,0.00537109,0.49853516,-0.00760679,-0.70604827,0.70812285,32,512,0
3,21,15,0.00537109,0.49951172,-0.00759936,-0.70674085,0.70743170,32,512,0
3,21,16,0.00537109,0.50048828,-0.00759195,-0.70743141,0.70674123,32,512,0
3,21,17,0.00537109,0.50146484,-0.00758454,-0.70811994,0.70605143,32,512,0
3,21,18,0.00537109,0.50244141,-0.00757713,-0.70880646,0.70536231,32,512,0
3,21,19,0.00537109,0.50341797,-0.00756974,-0.70949097,0.70467387,32,512,0
3,21,20,0.00537109,0.50439453,-0.00756235,-0.71017348,0.70398610,32,512,0
3,21,21,0.00537109,0.50537109,-0.00755497,-0.71085400,0.70329903,32,512,0
3,21,22,0.00537109,0.50634766,-0.00754760,-0.71153252,0.70261263,32,512,0
3,21,23,0.00537109,0.50732422,-0.00754023,-0.71220906,0.70192692,32,512,0
3,21,24,0.00537109,0.50830078,-0.00753287,-0.71288361,0.70124190,32,512,0
3,21,25,0.00537109,0.50927734,-0.00752552,-0.71355620,0.70055757,32,512,0
3,21,26,0.00537109,0.51025391,-0.00751818,-0.71422682,0.69987394,32,512,0
3,21,27,0.00537109,0.51123047,-0.00751084,-0.71489548,0.69919099,32,512,0
3,21,28,0.00537109,0.51220703,-0.00750351,-0.71556218,0.69850874,32,512,0
3,21,29,0.00537109,0.51318359,-0.00749619,-0.71622693,0.69782719,32,512,0
3,21,30,0.00537109,0.51416016,-0.00748888,-0.71688974,0.69714634,32,512,0
3,21,31,0.00537109,0.51513672,-0.00748157,-0.71755061,0.69646619,32,512,0
3,22,0,0.00634766,0.48486328,-0.00911346,-0.69612787,0.71785996,32,512,0
3,22,1,0.00634766,0.48583984,-0.00910457,-0.69684945,0.71715964,32,512,0
3,22,2,0.00634766,0.48681641,-0.00909568,-0.69756892,0.71645996,32,512,0
3,22,3,0.00634766,0.48779297,-0.00908681,-0.69828629,0.71576092,32,512,0
3,22,4,0.00634766,0.48876953,-0.00907794,-0.69900155,0.71506253,32,512,0
3,22,5,0.00634766,0.48974609,-0.00906908,-0.69971473,0.71436479,32,512,0
3,22,6,0.00634766,0.49072266,-0.00906023,-0.70042582,0.71366770,32,512,0
3,22,7,0.00634766,0.49169922,-0.00905139,-0.70113483,0.71297127,32,512,0
3,22,8,0.00634766,0.49267578,-0.00904256,-0.70184176,0.71227549,32,512,0
3,22,9,0.00634766,0.49365234,-0.00903374,-0.70254663,0.71158037,32,512,0
3,22,10,0.00634766,0.49462891,-0.00902492,-0.70324944,0.71088591,32,512,0
3,22,11,0.00634766,0.49560547,-0.00901611,-0.70395019,0.71019211,32,512,0
3,22,12,0.00634766,0.49658203,-0.00900731,-0.70464889,0.70949898,32,512,0
3,22,13,0.00634766,0.49755859,-0.00899852,-0.70534555,0.70880652,32,512,0
3,22,14,0.00634766,0.49853516,-0.00898974,-0.70604017,0.70811472,32,512,0
3,22,15,0.00634766,0.49951172,-0.00898096,-0.70673276,0.70742360,32,512,0
3,22,16,0.00634766,0.50048828,-0.00897220,-0.70742332,0.70673315,32,512,0
3,22,17,0.00634766,0.50146484,-0.00896344,-0.70811186,0.70604338,32,512,0
3,22,18,0.00634766,0.50244141,-0.00895469,-0.70879839,0.70535428,32,512,0
3,22,19,0.00634766,0.50341797,-0.00894595,-0.70948291,0.70466586,32,512,0
3,22,20,0.00634766,0.50439453,-0.00893722,-0.71016543,0.70397812,32,512,0
3,22,21,0.00634766,0.50537109,-0.00892850,-0.71084595,0.70329106,32,512,0
3,22,22,0.00634766,0.50634766,-0.00891979,-0.71152448,0.70260469,32,512,0
3,22,23,0.00634766,0.50732422,-0.00891108,-0.71220102,0.70191901,32,512,0
3,22,24,0.00634766,0.50830078,-0.00890238,-0.71287559,0.70123401,32,512,0
3,22,25,0.00634766,0.50927734,-0.00889370,-0.71354819,0.70054970,32,512,0
3,22,26,0.00634766,0.51025391,-0.00888502,-0.71421881,0.69986609,32,512,0
3,22,27,0.00634766,0.51123047,-0.00887635,-0.71488748,0.69918317,32,512,0
3,22,28,0.00634766,0.51220703,-0.00886769,-0.71555419,0.69850094,32,512,0
3,22,29,0.00634766,0.51318359,-0.00885904,-0.71621895,0.69781941,32,512,0
3,22,30,0.00634766,0.51416016,-0.00885039,-0.71688177,0.69713858,32,512,0
3,22,31,0.00634766,0.51513672,-0.00884176,-0.71754264,0.69645845,32,512,0
3,23,0,0.00732422,0.48486328,-0.01051538,-0.69611830,0.71785009,32,512,0
3,23,1,0.00732422,0.48583984,-0.01050512,-0.69683988,0.71714979,32,512,0
3,23,2,0.00732422,0.48681641,-0.01049488,-0.69755936,0.71645014,32,512,0
3,23,3,0.00732422,0.48779297,-0.01048464,-0.69827673,0.71575113,32,512,0
3,23,4,0.00732422,0.48876953,-0.01047441,-0.69899201,0.71505277,32,512,0
3,23,5,0.00732422,0.48974609,-0.01046419,-0.69970519,0.71435505,32,512,0
3,23,6,0.00732422,0.49072266,-0.01045397,-0.70041629,0.71365799,32,512,0
3,23,7,0.00732422,0.49169922,-0.01044377,-0.70112531,0.71296159,32,512,0
3,23,8,0.00732422,0.49267578,-0.01043358,-0.70183226,0.71226584,32,512,0
3,23,9,0.00732422,0.49365234,-0.01042340,-0.70253713,0.71157075,32,512,0
3,23,10,0.00732422,0.49462891,-0.01041323,-0.70323995,0.71087632,32,512,0
3,23,11,0.00732422,0.49560547,-0.01040306,-0.70394071,0.71018255,32,512,0
3,23,12,0.00732422,0.49658203,-0.01039291,-0.70463942,0.70948945,32,512,0
3,23,13,0.00732422,0.49755859,-0.01038277,-0.70533609,0.70879701,32,512,0
3,23,14,0.00732422,0.49853516,-0.01037264,-0.70603072,0.70810524,32,512,0
3,23,15,0.00732422,0.49951172,-0.01036251,-0.70672331,0.70741415,32,512,0
3,23,16,0.00732422,0.50048828,-0.01035240,-0.70741388,0.70672372,32,512,0
3,23,17,0.00732422,0.50146484,-0.01034229,-0.70810244,0.70603398,32,512,0
3,23,18,0.00732422,0.50244141,-0.01033220,-0.70878897,0.70534491,32,512,0
3,23,19,0.00732422,0.50341797,-0.01032212,-0.70947350,0.70465651,32,512,0
3,23,20,0.00732422,0.50439453,-0.01031204,-0.71015603,0.70396880,32,512,0
3,23,21,0.00732422,0.50537109,-0.01030198,-0.71083656,0.70328177,32,512,0
3,23,22,0.00732422,0.50634766,-0.01029193,-0.71151510,0.70259543,32,512,0
3,23,23,0.00732422,0.50732422,-0.01028188,-0.71219165,0.70190977,32,512,0
3,23,24,0.00732422,0.50830078,-0.01027185,-0.71286623,0.70122480,32,512,0
3,23,25,0.00732422,0.50927734,-0.01026182,-0.71353883,0.70054052,32,512,0
3,23,26,0.00732422,0.51025391,-0.01025181,-0.71420947,0.69985694,32,512,0
3,23,27,0.00732422,0.51123047,-0.01024181,-0.71487815,0.69917404,32,512,0
3,23,28,0.00732422,0.51220703,-0.01023181,-0.71554487,0.69849184,32,512,0
3,23,29,0.00732422,0.51318359,-0.01022183,-0.71620964,0.69781034,32,512,0
3,23,30,0.00732422,0.51416016,-0.01021186,-0.71687246,0.69712954,32,512,0
3,23,31,0.00732422,0.51513672,-0.01020190,-0.71753335,0.69644943,32,512,0
3,24,0,0.00830078,0.48486328,-0.01191725,-0.69610735,0.71783880,32,512,0
3,24,1,0.00830078,0.48583984,-0.01190562,-0.69682895,0.71713853,32,512,0
3,24,2,0.00830078,0.48681641,-0.01189401,-0.69754843,0.71643891,32,512,0
3,24,3,0.00830078,0.48779297,-0.01188240,-0.69826582,0.71573994,32,512,0
3,24,4,0.00830078,0.48876953,-0.01187081,-0.69898110,0.71504161,32,512,0
3,24,5,0.00830078,0.48974609,-0.01185923,-0.69969430,0.71434393,32,512,0
3,24,6,0.00830078,0.49072266,-0.01184765,-0.70040541,0.71364690,32,512,0
3,24,7,0.00830078,0.49169922,-0.01183609,-0.70111444,0.71295053,32,512,0
3,24,8,0.00830078,0.49267578,-0.01182454,-0.70182139,0.71225481,32,512,0
3,24,9,0.00830078,0.49365234,-0.01181300,-0.70252628,0.71155975,32,512,0
3,24,10,0.00830078,0.49462891,-0.01180148,-0.70322910,0.71086535,32,512,0
3,24,11,0.00830078,0.49560547,-0.01178996,-0.70392988,0.71017162,32,512,0
3,24,12,0.00830078,0.49658203,-0.01177845,-0.70462860,0.70947855,32,512,0
3,24,13,0.00830078,0.49755859,-0.01176696,-0.70532527,0.70878614,32,512,0
3,24,14,0.00830078,0.49853516,-0.01175547,-0.70601991,0.70809441,32,512,0
3,24,15,0.00830078,0.49951172,-0.01174400,-0.70671252,0.70740334,32,512,0
3,24,16,0.00830078,0.50048828,-0.01173254,-0.70740310,0.70671295,32,512,0
3,24,17,0.00830078,0.50146484,-0.01172109,-0.70809166,0.70602324,32,512,0
3,24,18,0.00830078,0.50244141,-0.01170965,-0.70877821,0.70533420,32,512,0
3,24,19,0.00830078,0.50341797,-0.01169822,-0.70946275,0.70464584,32,512,0
3,24,20,0.00830078,0.50439453,-0.01168681,-0.71014529,0.70395816,32,512,0
3,24,21,0.00830078,0.50537109,-0.01167540,-0.71082583,0.70327116,32,512,0
3,24,22,0.00830078,0.50634766,-0.01166401,-0.71150438,0.70258485,32,512,0
3,24,23,0.00830078,0.50732422,-0.01165262,-0.71218095,0.70189922,32,512,0
3,24,24,0.00830078,0.50830078,-0.01164125,-0.71285553,0.70121428,32,512,0
3,24,25,0.00830078,0.50927734,-0.01162989,-0.71352815,0.70053003,32,512,0
3,24,26,0.00830078,0.51025391,-0.01161855,-0.71419880,0.69984648,32,512,0
3,24,27,0.00830078,0.51123047,-0.01160721,-0.71486748,0.69916361,32,512,0
3,24,28,0.00830078,0.51220703,-0.01159588,-0.71553421,0.69848144,32,512,0
3,24,29,0.00830078,0.51318359,-0.01158457,-0.71619899,0.69779997,32,512,0
3,24,30,0.00830078,0.51416016,-0.01157327,-0.71686183,0.69711920,32,512,0
3,24,31,0.00830078,0.51513672,-0.01156198,-0.71752273,0.69643912,32,512,0
3,25,0,0.00927734,0.48486328,-0.01331904,-0.69609503,0.71782610,32,512,0
3,25,1,0.00927734,0.48583984,-0.01330605,-0.69681664,0.71712587,32,512,0
3,25,2,0.00927734,0.48681641,-0.01329307,-0.69753614,0.71642629,32,512,0
3,25,3,0.00927734,0.48779297,-0.01328010,-0.69825354,0.71572735,32,512,0
3,25,4,0.00927734,0.48876953,-0.01326714,-0.69896883,0.71502906,32,512,0
3,25,5,0.00927734,0.48974609,-0.01325420,-0.69968204,0.71433141,32,512,0
3,25,6,0.00927734,0.49072266,-0.01324126,-0.70039316,0.71363442,32,512,0
3,25,7,0.00927734,0.49169922,-0.01322834,-0.70110220,0.71293809,32,512,0
3,25,8,0.00927734,0.49267578,-0.01321544,-0.70180917,0.71224241,32,512,0
3,25,9,0.00927734,0.49365234,-0.01320254,-0.70251407,0.71154738,32,512,0
3,25,10,0.00927734,0.49462891,-0.01318966,-0.70321690,0.71085302,32,512,0
3,25,11,0.00927734,0.49560547,-0.01317678,-0.70391769,0.71015932,32,512,0
3,25,12,0.00927734,0.49658203,-0.01316393,-0.70461642,0.70946629,32,512,0
3,25,13,0.00927734,0.49755859,-0.01315108,-0.70531311,0.70877392,32,512,0
3,25,14,0.00927734,0.49853516,-0.01313824,-0.70600776,0.70808222,32,512,0
3,25,15,0.00927734,0.49951172,-0.01312542,-0.70670038,0.70739119,32,512,0
3,25,16,0.00927734,0.50048828,-0.01311261,-0.70739097,0.70670084,32,512,0
3,25,17,0.00927734,0.50146484,-0.01309982,-0.70807955,0.70601115,32,512,0
3,25,18,0.00927734,0.50244141,-0.01308703,-0.70876611,0.70532215,32,512,0
3,25,19,0.00927734,0.50341797,-0.01307426,-0.70945066,0.70463383,32,512,0
3,25,20,0.00927734,0.50439453,-0.01306150,-0.71013321,0.70394618,32,512,0
3,25,21,0.00927734,0.50537109,-0.01304876,-0.71081376,0.70325922,32,512,0
3,25,22,0.00927734,0.50634766,-0.01303602,-0.71149232,0.70257294,32,512,0
3,25,23,0.00927734,0.50732422,-0.01302330,-0.71216890,0.70188735,32,512,0
3,25,24,0.00927734,0.50830078,-0.01301059,-0.71284350,0.70120244,32,512,0
3,25,25,0.00927734,0.50927734,-0.01299790,-0.71351613,0.70051823,32,512,0
3,25,26,0.00927734,0.51025391,-0.01298521,-0.71418679,0.69983471,32,512,0
3,25,27,0.00927734,0.51123047,-0.01297254,-0.71485548,0.69915188,32,512,0
3,25,28,0.00927734,0.51220703,-0.01295989,-0.71552223,0.69846974,32,512,0
3,25,29,0.00927734,0.51318359,-0.01294724,-0.71618702,0.69778831,32,512,0
3,25,30,0.00927734,0.51416016,-0.01293461,-0.71684987,0.69710757,32,512,0
3,25,31,0.00927734,0.51513672,-0.01292200,-0.71751078,0.69642753,32,512,0
3,26,0,0.01025391,0.48486328,-0.01472075,-0.69608135,0.71781199,32,512,0
3,26,1,0.01025391,0.48583984,-0.01470639,-0.69680297,0.71711180,32,512,0
3,26,2,0.01025391,0.48681641,-0.01469205,-0.69752248,0.71641226,32,512,0
3,26,3,0.01025391,0.48779297,-0.01467772,-0.69823989,0.71571336,32,512,0
3,26,4,0.01025391,0.48876953,-0.01466340,-0.69895520,0.71501511,32,512,0
3,26,5,0.01025391,0.48974609,-0.01464909,-0.69966842,0.71431751,32,512,0
3,26,6,0.01025391,0.49072266,-0.01463480,-0.70037955,0.71362056,32,512,0
3,26,7,0.01025391,0.49169922,-0.01462052,-0.70108861,0.71292426,32,512,0
3,26,8,0.01025391,0.49267578,-0.01460625,-0.70179559,0.71222862,32,512,0
3,26,9,0.01025391,0.49365234,-0.01459200,-0.70250050,0.71153364,32,512,0
3,26,10,0.01025391,0.49462891,-0.01457776,-0.70320335,0.71083932,32,512,0
3,26,11,0.01025391,0.49560547,-0.01456353,-0.70390415,0.71014566,32,512,0
3,26,12,0.01025391,0.49658203,-0.01454932,-0.70460289,0.70945266,32,512,0
3,26,13,0.01025391,0.49755859,-0.01453512,-0.70529959,0.70876034,32,512,0
3,26,14,0.01025391,0.49853516,-0.01452094,-0.70599426,0.70806868,32,512,0
3,26,15,0.01025391,0.49951172,-0.01450677,-0.70668689,0.70737769,32,512,0
3,26,16,0.01025391,0.50048828,-0.01449261,-0.70737750,0.70668737,32,512,0
3,26,17,0.01025391,0.50146484,-0.01447847,-0.70806608,0.70599773,32,512,0
3,26,18,0.01025391,0.50244141,-0.01446434,-0.70875266,0.70530877,32,512,0
3,26,19,0.01025391,0.50341797,-0.01445022,-0.70943722,0.70462048,32,512,0
3,26,20,0.01025391,0.50439453,-0.01443612,-0.71011978,0.70393287,32,512,0
3,26,21,0.01025391,0.50537109,-0.01442204,-0.71080035,0.70324595,32,512,0
3,26,22,0.01025391,0.50634766,-0.01440796,-0.71147893,0.70255971,32,512,0
3,26,23,0.01025391,0.50732422,-0.01439390,-0.71215552,0.70187416,32,512,0
3,26,24,0.01025391,0.50830078,-0.01437986,-0.71283013,0.70118929,32,512,0
3,26,25,0.01025391,0.50927734,-0.01436583,-0.71350277,0.70050512,32,512,0
3,26,26,0.01025391,0.51025391,-0.01435181,-0.71417344,0.69982163,32,512,0
3,26,27,0.01025391,0.51123047,-0.01433781,-0.71484216,0.69913884,32,512,0
3,26,28,0.01025391,0.51220703,-0.01432382,-0.71550891,0.69845675,32,512,0
3,26,29,0.01025391,0.51318359,-0.01430985,-0.71617372,0.69777535,32,512,0
3,26,30,0.01025391,0.51416016,-0.01429589,-0.71683658,0.69709464,32,512,0
3,26,31,0.01025391,0.51513672,-0.01428194,-0.71749751,0.69641464,32,512,0
3,27,0,0.01123047,0.48486328,-0.01612238,-0.69606630,0.71779647,32,512,0
3,27,1,0.01123047,0.48583984,-0.01610666,-0.69678794,0.71709633,32,512,0
3,27,2,0.01123047,0.48681641,-0.01609094,-0.69750746,0.71639683,32,512,0
3,27,3,0.01123047,0.48779297,-0.01607525,-0.69822488,0.71569798,32,512,0
3,27,4,0.01123047,0.48876953,-0.01605957,-0.69894021,0.71499977,32,512,0
3,27,5,0.01123047,0.48974609,-0.01604390,-0.69965344,0.71430222,32,512,0
3,27,6,0.01123047,0.49072266,-0.01602824,-0.70036459,0.71360531,32,512,0
3,27,7,0.01123047,0.49169922,-0.01601261,-0.70107365,0.71290906,32,512,0
3,27,8,0.01123047,0.49267578,-0.01599698,-0.70178065,0.71221346,32,512,0
3,27,9,0.01123047,0.49365234,-0.01598137,-0.70248558,0.71151853,32,512,0
3,27,10,0.01123047,0.49462891,-0.01596578,-0.70318844,0.71082425,32,512,0
3,27,11,0.01123047,0.49560547,-0.01595020,-0.70388925,0.71013063,32,512,0
3,27,12,0.01123047,0.49658203,-0.01593464,-0.70458801,0.70943768,32,512,0
3,27,13,0.01123047,0.49755859,-0.01591909,-0.70528473,0.70874540,32,512,0
3,27,14,0.01123047,0.49853516,-0.01590355,-0.70597940,0.70805378,32,512,0
3,27,15,0.01123047,0.49951172,-0.01588803,-0.70667205,0.70736284,32,512,0
3,27,16,0.01123047,0.50048828,-0.01587253,-0.70736267,0.70667256,32,512,0
3,27,17,0.01123047,0.50146484,-0.01585704,-0.70805127,0.70598297,32,512,0
3,27,18,0.01123047,0.50244141,-0.01584157,-0.70873786,0.70529404,32,512,0
3,27,19,0.01123047,0.50341797,-0.01582611,-0.70942244,0.70460580,32,512,0
3,27,20,0.01123047,0.50439453,-0.01581066,-0.71010502,0.70391824,32,512,0
3,27,21,0.01123047,0.50537109,-0.01579524,-0.71078560,0.70323136,32,512,0
3,27,22,0.01123047,0.50634766,-0.01577982,-0.71146419,0.70254516,32,512,0
3,27,23,0.01123047,0.50732422,-0.01576443,-0.71214080,0.70185965,32,512,0
3,27,24,0.01123047,0.50830078,-0.01574904,-0.71281542,0.70117483,32,512,0
3,27,25,0.01123047,0.50927734,-0.01573368,-0.71348808,0.70049069,32,512,0
3,27,26,0.01123047,0.51025391,-0.01571833,-0.71415877,0.69980725,32,512,0
3,27,27,0.01123047,0.51123047,-0.01570299,-0.71482749,0.69912450,32,512,0
3,27,28,0.01123047,0.51220703,-0.01568767,-0.71549427,0.69844245,32,512,0
3,27,29,0.01123047,0.51318359,-0.01567237,-0.71615909,0.69776109,32,512,0
3,27,30,0.01123047,0.51416016,-0.01565708,-0.71682197,0.69708043,32,512,0
3,27,31,0.01123047,0.51513672,-0.01564181,-0.71748291,0.69640047,32,512,0
3,28,0,0.01220703,0.48486328,-0.01752391,-0.69604989,0.71777954,32,512,0
3,28,1,0.01220703,0.48583984,-0.01750682,-0.69677154,0.71707945,32,512,0
3,28,2,0.01220703,0.48681641,-0.01748975,-0.69749108,0.71638000,32,512,0
3,28,3,0.01220703,0.48779297,-0.01747269,-0.69820851,0.71568120,32,512,0
3,28,4,0.01220703,0.48876953,-0.01745564,-0.69892385,0.71498304,32,512,0
3,28,5,0.01220703,0.48974609,-0.01743861,-0.69963710,0.71428553,32,512,0
3,28,6,0.01220703,0.49072266,-0.01742160,-0.70034826,0.71358868,32,512,0
3,28,7,0.01220703,0.49169922,-0.01740460,-0.70105734,0.71289247,32,512,0
3,28,8,0.01220703,0.49267578,-0.01738762,-0.70176435,0.71219693,32,512,0
3,28,9,0.01220703,0.49365234,-0.01737066,-0.70246930,0.71150204,32,512,0
3,28,10,0.01220703,0.49462891,-0.01735371,-0.70317218,0.71080781,32,512,0
3,28,11,0.01220703,0.49560547,-0.01733677,-0.70387300,0.71011424,32,512,0
3,28,12,0.01220703,0.49658203,-0.01731986,-0.70457178,0.70942134,32,512,0
3,28,13,0.01220703,0.49755859,-0.01730296,-0.70526851,0.70872910,32,512,0
3,28,14,0.01220703,0.49853516,-0.01728607,-0.70596320,0.70803753,32,512,0
3,28,15,0.01220703,0.49951172,-0.01726920,-0.70665587,0.70734663,32,512,0
3,28,16,0.01220703,0.50048828,-0.01725235,-0.70734650,0.70665641,32,512,0
3,28,17,0.01220703,0.50146484,-0.01723552,-0.70803512,0.70596686,32,512,0
3,28,18,0.01220703,0.50244141,-0.01721870,-0.70872172,0.70527798,32,512,0
3,28,19,0.01220703,0.50341797,-0.01720190,-0.70940632,0.70458979,32,512,0
3,28,20,0.01220703,0.50439453,-0.01718511,-0.71008891,0.70390227,32,512,0
3,28,21,0.01220703,0.50537109,-0.01716835,-0.71076951,0.70321544,32,512,0
3,28,22,0.01220703,0.50634766,-0.01715159,-0.71144812,0.70252929,32,512,0
3,28,23,0.01220703,0.50732422,-0.01713486,-0.71212474,0.70184382,32,512,0
3,28,24,0.01220703,0.50830078,-0.01711814,-0.71279938,0.70115905,32,512,0
3,28,25,0.01220703,0.50927734,-0.01710144,-0.71347205,0.70047496,32,512,0
3,28,26,0.01220703,0.51025391,-0.01708475,-0.71414276,0.69979156,32,512,0
3,28,27,0.01220703,0.51123047,-0.01706809,-0.71481150,0.69910886,32,512,0
3,28,28,0.01220703,0.51220703,-0.01705144,-0.71547829,0.69842685,32,512,0
3,28,29,0.01220703,0.51318359,-0.01703480,-0.71614313,0.69774554,32,512,0
3,28,30,0.01220703,0.51416016,-0.01701819,-0.71680602,0.69706492,32,512,0
3,28,31,0.01220703,0.51513672,-0.01700159,-0.71746698,0.69638501,32,512,0
3,29,0,0.01318359,0.48486328,-0.01892534,-0.69603210,0.71776120,32,512,0
3,29,1,0.01318359,0.48583984,-0.01890689,-0.69675377,0.71706117,32,512,0
3,29,2,0.01318359,0.48681641,-0.01888845,-0.69747333,0.71636177,32,512,0
3,29,3,0.01318359,0.48779297,-0.01887002,-0.69819078,0.71566302,32,512,0
3,29,4,0.01318359,0.48876953,-0.01885161,-0.69890613,0.71496492,32,512,0
3,29,5,0.01318359,0.48974609,-0.01883322,-0.69961940,0.71426746,32,512,0
3,29,6,0.01318359,0.49072266,-0.01881485,-0.70033058,0.71357066,32,512,0
3,29,7,0.01318359,0.49169922,-0.01879650,-0.70103968,0.71287451,32,512,0
3,29,8,0.01318359,0.49267578,-0.01877816,-0.70174670,0.71217901,32,512,0
3,29,9,0.01318359,0.49365234,-0.01875984,-0.70245166,0.71148418,32,512,0
3,29,10,0.01318359,0.49462891,-0.01874153,-0.70315456,0.71079000,32,512,0
3,29,11,0.01318359,0.49560547,-0.01872325,-0.70385540,0.71009648,32,512,0
3,29,12,0.01318359,0.49658203,-0.01870498,-0.70455419,0.70940363,32,512,0
3,29,13,0.01318359,0.49755859,-0.01868673,-0.70525094,0.70871145,32,512,0
3,29,14,0.01318359,0.49853516,-0.01866849,-0.70594565,0.70801993,32,512,0
3,29,15,0.01318359,0.49951172,-0.01865028,-0.70663833,0.70732908,32,512,0
3,29,16,0.01318359,0.50048828,-0.01863208,-0.70732899,0.70663891,32,512,0
3,29,17,0.01318359,0.50146484,-0.01861390,-0.70801762,0.70594941,32,512,0
3,29,18,0.01318359,0.50244141,-0.01859574,-0.70870424,0.70526059,32,512,0
3,29,19,0.01318359,0.50341797,-0.01857759,-0.70938885,0.70457244,32,512,0
3,29,20,0.01318359,0.50439453,-0.01855947,-0.71007147,0.70388498,32,512,0
3,29,21,0.01318359,0.50537109,-0.01854136,-0.71075208,0.70319819,32,512,0
3,29,22,0.01318359,0.50634766,-0.01852327,-0.71143070,0.70251209,32,512,0
3,29,23,0.01318359,0.50732422,-0.01850520,-0.71210734,0.70182668,32,512,0
3,29,24,0.01318359,0.50830078,-0.01848714,-0.71278201,0.70114195,32,512,0
3,29,25,0.01318359,0.50927734,-0.01846911,-0.71345469,0.70045792,32,512,0
3,29,26,0.01318359,0.51025391,-0.01845109,-0.71412542,0.69977457,32,512,0
3,29,27,0.01318359,0.51123047,-0.01843309,-0.71479418,0.69909192,32,512,0
3,29,28,0.01318359,0.51220703,-0.01841511,-0.71546098,0.69840996,32,512,0
3,29,29,0.01318359,0.51318359,-0.01839714,-0.71612584,0.69772869,32,512,0
3,29,30,0.01318359,0.51416016,-0.01837920,-0.71678875,0.69704813,32,512,0
3,29,31,0.01318359,0.51513672,-0.01836127,-0.71744972,0.69636826,32,512,0
3,30,0,0.01416016,0.48486328,-0.02032666,-0.69601295,0.71774145,32,512,0
3,30,1,0.01416016,0.48583984,-0.02030684,-0.69673464,0.71704148,32,512,0
3,30,2,0.01416016,0.48681641,-0.02028703,-0.69745421,0.71634214,32,512,0
3,30,3,0.01416016,0.48779297,-0.02026725,-0.69817168,0.71564345,32,512,0
3,30,4,0.01416016,0.48876953,-0.02024748,-0.69888706,0.71494540,32,512,0
3,30,5,0.01416016,0.48974609,-0.02022773,-0.69960034,0.71424800,32,512,0
3,30,6,0.01416016,0.49072266,-0.02020799,-0.70031153,0.71355125,32,512,0
3,30,7,0.01416016,0.49169922,-0.02018828,-0.70102065,0.71285516,32,512,0
3,30,8,0.01416016,0.49267578,-0.02016859,-0.70172770,0.71215972,32,512,0
3,30,9,0.01416016,0.49365234,-0.02014891,-0.70243267,0.71146494,32,512,0
3,30,10,0.01416016,0.49462891,-0.02012925,-0.70313559,0.71077082,32,512,0
3,30,11,0.01416016,0.49560547,-0.02010961,-0.70383645,0.71007736,32,512,0
3,30,12,0.01416016,0.49658203,-0.02008999,-0.70453526,0.70938457,32,512,0
3,30,13,0.01416016,0.49755859,-0.02007039,-0.70523202,0.70869244,32,512,0
3,30,14,0.01416016,0.49853516,-0.02005081,-0.70592675,0.70800098,32,512,0
3,30,15,0.01416016,0.49951172,-0.02003125,-0.70661945,0.70731019,32,512,0
3,30,16,0.01416016,0.50048828,-0.02001170,-0.70731013,0.70662007,32,512,0
3,30,17,0.01416016,0.50146484,-0.01999218,-0.70799878,0.70593062,32,512,0
3,30,18,0.01416016,0.50244141,-0.01997267,-0.70868542,0.70524185,32,512,0
3,30,19,0.01416016,0.50341797,-0.01995318,-0.70937005,0.70455376,32,512,0
3,30,20,0.01416016,0.50439453,-0.01993372,-0.71005268,0.70386635,32,512,0
3,30,21,0.01416016,0.50537109,-0.01991427,-0.71073331,0.70317962,32,512,0
3,30,22,0.01416016,0.50634766,-0.01989484,-0.71141195,0.70249358,32,512,0
3,30,23,0.01416016,0.50732422,-0.01987543,-0.71208861,0.70180822,32,512,0
3,30,24,0.01416016,0.50830078,-0.01985604,-0.71276329,0.70112355,32,512,0
3,30,25,0.01416016,0.50927734,-0.01983667,-0.71343600,0.70043956,32,512,0
3,30,26,0.01416016,0.51025391,-0.01981732,-0.71410674,0.69975627,32,512,0
3,30,27,0.01416016,0.51123047,-0.01979798,-0.71477552,0.69907367,32,512,0
3,30,28,0.01416016,0.51220703,-0.01977867,-0.71544234,0.69839176,32,512,0
3,30,29,0.01416016,0.51318359,-0.01975938,-0.71610722,0.69771055,32,512,0
3,30,30,0.01416016,0.51416016,-0.01974011,-0.71677015,0.69703004,32,512,0
3,30,31,0.01416016,0.51513672,-0.01972086,-0.71743114,0.69635023,32,512,0
3,31,0,0.01513672,0.48486328,-0.02172786,-0.69599244,0.71772030,32,512,0
3,31,1,0.01513672,0.48583984,-0.02170667,-0.69671414,0.71702038,32,512,0
3,31,2,0.01513672,0.48681641,-0.02168550,-0.69743373,0.71632111,32,512,0
3,31,3,0.01513672,0.48779297,-0.02166435,-0.69815122,0.71562247,32,512,0
3,31,4,0.01513672,0.48876953,-0.02164322,-0.69886662,0.71492449,32,512,0
3,31,5,0.01513672,0.48974609,-0.02162211,-0.69957992,0.71422715,32,512,0
3,31,6,0.01513672,0.49072266,-0.02160102,-0.70029113,0.71353047,32,512,0
3,31,7,0.01513672,0.49169922,-0.02157995,-0.70100027,0.71283443,32,512,0
3,31,8,0.01513672,0.49267578,-0.02155890,-0.70170733,0.71213906,32,512,0
3,31,9,0.01513672,0.49365234,-0.02153787,-0.70241233,0.71144434,32,512,0
3,31,10,0.01513672,0.49462891,-0.02151685,-0.70311526,0.71075027,32,512,0
3,31,11,0.01513672,0.49560547,-0.02149586,-0.70381614,0.71005688,32,512,0
3,31,12,0.01513672,0.49658203,-0.02147489,-0.70451497,0.70936414,32,512,0
3,31,13,0.01513672,0.49755859,-0.02145394,-0.70521176,0.70867207,32,512,0
3,31,14,0.01513672,0.49853516,-0.02143301,-0.70590651,0.70798067,32,512,0
3,31,15,0.01513672,0.49951172,-0.02141210,-0.70659923,0.70728994,32,512,0
3,31,16,0.01513672,0.50048828,-0.02139121,-0.70728992,0.70659988,32,512,0
3,31,17,0.01513672,0.50146484,-0.02137034,-0.70797859,0.70591049,32,512,0
3,31,18,0.01513672,0.50244141,-0.02134949,-0.70866525,0.70522178,32,512,0
3,31,19,0.01513672,0.50341797,-0.02132866,-0.70934990,0.70453375,32,512,0
3,31,20,0.01513672,0.50439453,-0.02130785,-0.71003255,0.70384640,32,512,0
3,31,21,0.01513672,0.50537109,-0.02128706,-0.71071320,0.70315973,32,512,0
3,31,22,0.01513672,0.50634766,-0.02126629,-0.71139187,0.70247374,32,512,0
3,31,23,0.01513672,0.50732422,-0.02124555,-0.71206854,0.70178844,32,512,0
3,31,24,0.01513672,0.50830078,-0.02122482,-0.71274324,0.70110383,32,512,0
3,31,25,0.01513672,0.50927734,-0.02120412,-0.71341597,0.70041990,32,512,0
3,31,26,0.01513672,0.51025391,-0.02118343,-0.71408673,0.69973666,32,512,0
3,31,27,0.01513672,0.51123047,-0.02116277,-0.71475553,0.69905412,32,512,0
3,31,28,0.01513672,0.51220703,-0.02114213,-0.71542238,0.69837227,32,512,0
3,31,29,0.01513672,0.51318359,-0.02112151,-0.71608727,0.69769112,32,512,0
3,31,30,0.01513672,0.51416016,-0.02110091,-0.71675022,0.69701066,32,512,0
3,31,31,0.01513672,0.51513672,-0.02108033,-0.71741124,0.69633091,32,512,0
