1,407
2,550504
3,162617
4,385929
5,104469
6,276905
7,69468
8,240983
9,61180
10,105985
11,25667
12,188513
13,44791
14,63067
15,54459
16,92054
17,44870
18,78075
19,24224
20,66431
21,34106
22,24921
23,10935
24,100709
25,33309
26,33271
27,12980
28,35777
29,10922
30,53188
31,14013
32,31165
33,17892
34,15954
35,18908
36,38561
37,18251
38,15296
39,16186
40,35359
41,12507
42,32092
43,11917
44,15284
45,14259
46,9712
47,4847
48,34745
49,14640
50,15579
51,12415
52,19654
53,7635
54,13327
55,9754
56,20070
57,9349
58,6890
59,4622
60,26562
61,10553
62,7741
63,12098
64,8866
65,10379
66,10658
67,5165
68,7093
69,5120
70,10318
71,4994
72,18674
73,7456
74,7657
75,6586
76,7425
77,5719
78,9240
79,5456
80,13920
81,5479
82,7273
83,3124
84,13575
85,8166
86,6462
87,4379
88,7891
89,3714
90,9758
91,7575
92,4979
93,5378
94,2217
95,3894
96,8159
97,6892
98,4809
99,5054
100,4946
101,4078
102,5743
103,3173
104,6887
105,7853
106,3417
107,2752
108,5562
109,4027
110,5033
111,4173
112,6499
113,3731
114,5577
115,3161
116,2960
117,4890
118,2236
119,2487
120,11422
121,5735
122,3527
123,4665
124,3102
125,2624
126,6785
127,4806
128,3341
129,3819
130,5228
131,2608
132,4441
133,4123
134,2322
135,2504
136,4498
137,2143
138,2794
139,1742
140,4843
141,2060
142,2302
143,2426
144,4687
145,4140
146,2824
147,2741
148,2890
149,2200
150,3062
151,2547
152,3754
153,2472
154,2536
155,2137
156,3876
157,3271
158,2797
159,1830
160,3424
161,2916
162,2518
163,2182
164,2424
165,3217
166,1533
167,1399
168,5976
169,2881
170,3638
171,2715
172,2392
173,2001
174,1885
175,1901
176,2186
177,1944
178,1891
179,1020
180,3581
181,2507
182,3838
183,1818
184,2509
185,2069
186,2508
187,1634
188,1355
189,1588
190,1967
191,1193
192,2046
193,1834
194,1779
195,3266
196,1668
197,1429
198,1999
199,1306
200,2240
201,1578
202,1409
203,1453
204,2203
205,1867
206,1260
207,1171
208,2162
209,1380
210,3233
211,1852
212,1532
213,1634
214,1054
215,1503
216,1795
217,2342
218,1212
219,1566
220,1614
221,1847
222,1615
223,1427
224,1646
225,1635
226,1170
227,1649
228,1897
229,1402
230,1302
231,1594
232,1477
233,907
234,2317
235,1084
236,1088
237,1097
238,1434
239,669
240,3530
241,1706
242,2059
243,1433
244,1500
245,1018
246,1709
247,1428
248,1723
249,756
250,731
251,958
252,2521
253,1714
254,1432
255,2141
256,1290
257,1070
258,1339
259,1469
260,2193
261,1105
262,1036
263,857
264,2198
265,1033
266,1688
267,1148
268,1031
269,756
270,1197
271,1001
272,1674
273,2278
274,1068
275,1200
276,1101
277,1034
278,728
279,1102
280,2375
281,916
282,902
283,621
284,853
285,1123
286,955
287,792
288,1088
289,892
290,1235
291,951
292,1315
293,727
294,886
295,879
296,1166
297,964
298,706
299,657
300,1094
301,1055
302,740
303,989
304,1082
305,910
306,876
307,732
308,1121
309,637
310,889
311,539
312,1910
313,728
314,842
315,1872
316,934
317,860
318,825
319,671
320,1011
321,622
322,805
323,877
324,665
325,888
326,759
327,673
328,866
329,800
330,1058
331,894
332,803
333,967
334,563
335,655
336,1413
337,744
338,880
339,902
340,1299
341,1218
342,1130
343,713
344,1072
345,954
346,677
347,753
348,903
349,486
350,683
351,841
352,739
353,559
354,670
355,677
356,588
357,816
358,479
359,419
360,1486
361,711
362,750
363,764
364,1445
365,847
366,730
367,515
368,644
369,731
370,1066
371,531
372,801
373,585
374,597
375,528
376,569
377,628
378,843
379,458
380,790
381,686
382,650
383,540
384,642
385,722
386,550
387,813
388,656
389,506
390,1374
391,584
392,664
393,563
394,501
395,528
396,741
397,530
398,465
399,890
400,780
401,543
402,601
403,615
404,454
405,448
406,543
407,452
408,875
409,720
410,705
411,510
412,637
413,439
414,544
415,404
416,654
417,369
418,442
419,445
420,1218
421,577
422,595
423,549
424,625
425,474
426,546
427,688
428,412
429,568
430,542
431,466
432,586
433,413
434,694
435,689
436,584
437,400
438,519
439,447
440,748
441,530
442,625
443,542
444,660
445,413
446,545
447,455
448,496
449,395
450,541
451,536
452,453
453,385
454,402
455,1053
456,928
457,502
458,397
459,465
460,442
461,405
462,665
463,379
464,514
465,515
466,356
467,358
468,934
469,529
470,367
471,391
472,501
473,432
474,398
475,424
476,608
477,440
478,355
479,272
480,815
481,576
482,394
483,464
484,424
485,631
486,434
487,441
488,580
489,393
490,463
491,350
492,466
493,464
494,594
495,434
496,413
497,401
498,372
499,303
500,351
501,298
502,344
503,277
504,1275
505,479
506,416
507,520
508,467
509,415
510,715
511,565
512,459
513,623
514,315
515,404
516,454
517,367
518,510
519,323
520,957
521,432
522,409
523,348
524,306
525,432
526,284
527,356
528,572
529,343
530,347
531,327
532,568
533,399
534,336
535,344
536,423
537,321
538,287
539,249
540,381
541,277
542,349
543,394
544,520
545,375
546,927
547,425
548,387
549,451
550,503
551,316
552,490
553,387
554,342
555,534
556,315
557,276
558,462
559,364
560,786
561,443
562,311
563,313
564,326
565,351
566,268
567,306
568,316
569,260
570,473
571,261
572,394
573,269
574,316
575,290
576,361
577,313
578,265
579,323
580,418
581,284
582,301
583,247
584,297
585,710
586,325
587,256
588,320
589,299
590,262
591,243
592,386
593,249
594,234
595,375
596,266
597,229
598,226
599,202
600,424
601,271
602,362
603,312
604,314
605,225
606,346
607,272
608,316
609,279
610,333
611,216
612,315
613,210
614,255
615,324
616,457
617,308
618,272
619,241
620,327
621,221
622,207
623,189
624,575
625,279
626,230
627,253
628,250
629,241
630,680
631,325
632,342
633,296
634,295
635,301
636,352
637,271
638,260
639,234
640,316
641,274
642,273
643,210
644,240
645,260
646,307
647,273
648,317
649,187
650,304
651,343
652,238
653,244
654,241
655,184
656,261
657,269
658,204
659,326
660,389
661,217
662,218
663,311
664,263
665,348
666,375
667,262
668,195
669,175
670,249
671,271
672,373
673,181
674,213
675,201
676,247
677,214
678,200
679,244
680,423
681,275
682,453
683,306
684,440
685,244
686,207
687,220
688,289
689,241
690,259
691,295
692,216
693,340
694,251
695,231
696,306
697,296
698,211
699,166
700,230
701,194
702,301
703,298
704,238
705,227
706,184
707,173
708,190
709,175
710,209
711,236
712,219
713,225
714,282
715,278
716,217
717,199
718,135
719,136
720,454
721,256
722,240
723,219
724,232
725,177
726,211
727,208
728,548
729,284
730,276
731,215
732,266
733,196
734,167
735,203
736,176
737,180
738,206
739,211
740,301
741,316
742,207
743,157
744,327
745,208
746,193
747,186
748,186
749,164
750,178
751,129
752,174
753,168
754,224
755,172
756,283
757,197
758,170
759,177
760,271
761,247
762,213
763,225
764,171
765,264
766,212
767,187
768,205
769,204
770,258
771,180
772,180
773,162
774,229
775,236
776,211
777,277
778,172
779,262
780,429
781,257
782,230
783,200
784,183
785,190
786,176
787,185
788,175
789,166
790,158
791,160
792,272
793,293
794,212
795,184
796,197
797,162
798,292
799,187
800,233
801,178
802,201
803,181
804,183
805,181
806,203
807,188
808,154
809,131
810,170
811,146
812,167
813,181
814,145
815,165
816,273
817,217
818,194
819,463
820,283
821,223
822,160
823,162
824,233
825,293
826,202
827,166
828,186
829,158
830,129
831,165
832,205
833,155
834,169
835,115
836,142
837,145
838,133
839,114
840,406
841,258
842,187
843,167
844,161
845,215
846,179
847,155
848,171
849,149
850,189
851,134
852,189
853,144
854,204
855,249
856,194
857,129
858,204
859,149
860,152
861,169
862,138
863,162
864,199
865,138
866,129
867,137
868,195
869,162
870,178
871,172
872,152
873,167
874,141
875,157
876,150
877,151
878,163
879,135
880,224
881,148
882,173
883,134
884,179
885,161
886,163
887,162
888,247
889,190
890,169
891,135
892,159
893,163
894,152
895,152
896,132
897,115
898,115
899,123
900,160
901,135
902,185
903,182
904,152
905,157
906,136
907,134
908,100
909,122
910,335
911,220
912,211
913,147
914,157
915,168
916,135
917,137
918,148
919,105
920,149
921,106
922,130
923,152
924,188
925,153
926,136
927,143
928,151
929,111
930,150
931,138
932,124
933,135
934,107
935,148
936,327
937,204
938,205
939,162
940,154
941,118
942,155
943,124
944,138
945,188
946,152
947,130
948,145
949,146
950,148
951,125
952,161
953,156
954,134
955,128
956,142
957,131
958,139
959,98
960,209
961,115
962,193
963,149
964,120
965,114
966,143
967,127
968,161
969,113
970,141
971,155
972,127
973,112
974,108
975,141
976,178
977,125
978,130
979,97
980,113
981,142
982,118
983,95
984,130
985,130
986,111
987,154
988,186
989,123
990,157
991,113
992,103
993,97
994,128
995,124
996,130
997,123
998,102
999,156
1000,133
1001,129
1002,102
1003,103
1004,118
1005,115
1006,89
1007,108
1008,245
1009,122
1010,132
1011,116
1012,112
1013,103
1014,122
1015,117
1016,126
1017,135
1018,113
1019,174
1020,201
1021,156
1022,166
1023,180
1024,171
1025,167
1026,217
1027,167
1028,113
1029,104
1030,122
1031,116
1032,145
1033,120
1034,144
1035,133
1036,164
1037,139
1038,114
1039,97
1040,252
1041,171
1042,129
1043,119
1044,114
1045,113
1046,127
1047,112
1048,99
1049,99
1050,130
1051,111
1052,76
1053,95
1054,117
1055,100
1056,145
1057,126
1058,116
1059,113
1060,121
1061,87
1062,100
1063,89
1064,190
1065,137
1066,140
1067,132
1068,138
1069,93
1070,90
1071,131
1072,117
1073,102
1074,117
1075,83
1076,110
1077,96
1078,93
1079,69
1080,115
1081,105
1082,106
1083,62
1084,83
1085,106
1086,111
1087,112
1088,169
1089,105
1090,104
1091,146
1092,263
1093,152
1094,120
1095,125
1096,117
1097,100
1098,115
1099,125
1100,154
1101,105
1102,109
1103,110
1104,110
1105,132
1106,118
1107,101
1108,95
1109,87
1110,160
1111,139
1112,137
1113,122
1114,87
1115,92
1116,140
1117,99
1118,105
1119,105
1120,160
1121,129
1122,107
1123,126
1124,101
1125,102
1126,82
1127,67
1128,129
1129,94
1130,96
1131,105
1132,111
1133,90
1134,123
1135,107
1136,103
1137,85
1138,96
1139,125
1140,115
1141,133
1142,90
1143,84
1144,117
1145,118
1146,88
1147,109
1148,115
1149,99
1150,87
1151,80
1152,91
1153,87
1154,95
1155,122
1156,79
1157,79
1158,104
1159,85
1160,132
1161,128
1162,86
1163,121
1164,90
1165,75
1166,94
1167,88
1168,88
1169,77
1170,222
1171,162
1172,103
1173,101
1174,113
1175,95
1176,104
1177,109
1178,97
1179,102
1180,89
1181,71
1182,97
1183,79
1184,89
1185,88
1186,92
1187,88
1188,71
1189,75
1190,102
1191,92
1192,109
1193,82
1194,65
1195,62
1196,77
1197,152
1198,97
1199,71
1200,126
1201,110
1202,95
1203,97
1204,123
1205,87
1206,99
1207,98
1208,91
1209,105
1210,93
1211,90
1212,84
1213,75
1214,76
1215,86
1216,83
1217,85
1218,70
1219,86
1220,106
1221,81
1222,75
1223,75
1224,108
1225,81
1226,61
1227,78
1228,59
1229,101
1230,94
1231,73
1232,103
1233,87
1234,83
1235,115
1236,117
1237,72
1238,88
1239,88
1240,81
1241,99
1242,81
1243,77
1244,84
1245,66
1246,69
1247,73
1248,115
1249,89
1250,65
1251,82
1252,103
1253,65
1254,62
1255,70
1256,65
1257,61
1258,72
1259,59
1260,164
1261,135
1262,105
1263,94
1264,93
1265,87
1266,84
1267,77
1268,96
1269,82
1270,79
1271,74
1272,112
1273,97
1274,96
1275,71
1276,95
1277,69
1278,82
1279,86
1280,91
1281,91
1282,83
1283,89
1284,97
1285,78
1286,65
1287,85
1288,96
1289,90
1290,81
1291,81
1292,77
1293,77
1294,76
1295,104
1296,116
1297,81
1298,79
1299,57
1300,82
1301,95
1302,98
1303,81
1304,77
1305,73
1306,82
1307,82
1308,101
1309,61
1310,64
1311,60
1312,83
1313,76
1314,87
1315,65
1316,56
1317,59
1318,54
1319,57
1320,101
1321,98
1322,76
1323,75
1324,69
1325,75
1326,88
1327,78
1328,66
1329,76
1330,108
1331,75
1332,98
1333,99
1334,98
1335,82
1336,82
1337,56
1338,76
1339,58
1340,62
1341,58
1342,86
1343,71
1344,80
1345,82
1346,55
1347,64
1348,68
1349,54
1350,56
1351,63
1352,72
1353,85
1354,73
1355,67
1356,56
1357,58
1358,67
1359,66
1360,98
1361,84
1362,74
1363,81
1364,128
1365,169
1366,137
1367,104
1368,146
1369,116
1370,97
1371,72
1372,85
1373,62
1374,69
1375,74
1376,76
1377,74
1378,60
1379,80
1380,73
1381,64
1382,73
1383,65
1384,52
1385,74
1386,94
1387,82
1388,89
1389,60
1390,68
1391,67
1392,79
1393,81
1394,56
1395,95
1396,72
1397,67
1398,56
1399,81
1400,78
1401,60
1402,66
1403,54
1404,97
1405,76
1406,82
1407,93
1408,87
1409,72
1410,75
1411,62
1412,41
1413,80
1414,48
1415,51
1416,62
1417,54
1418,59
1419,54
1420,49
1421,57
1422,72
1423,65
1424,68
1425,60
1426,62
1427,94
1428,63
1429,70
1430,63
1431,75
1432,87
1433,59
1434,74
1435,64
1436,53
1437,59
1438,45
1439,54
1440,85
1441,69
1442,65
1443,81
1444,79
1445,61
1446,71
1447,64
1448,63
1449,66
1450,75
1451,50
1452,59
1453,45
1454,65
1455,50
1456,119
1457,116
1458,83
1459,84
1460,67
1461,63
1462,55
1463,74
1464,73
1465,74
1466,59
1467,68
1468,54
1469,65
1470,67
1471,52
1472,58
1473,71
1474,55
1475,50
1476,44
1477,55
1478,65
1479,51
1480,81
1481,75
1482,90
1483,96
1484,59
1485,60
1486,64
1487,46
1488,57
1489,58
1490,57
1491,58
1492,49
1493,45
1494,59
1495,51
1496,75
1497,51
1498,64
1499,34
1500,49
1501,61
1502,59
1503,42
1504,50
1505,52
1506,48
1507,48
1508,47
1509,54
1510,49
1511,67
1512,95
1513,71
1514,70
1515,64
1516,52
1517,57
1518,48
1519,58
1520,65
1521,65
1522,69
1523,58
1524,49
1525,69
1526,66
1527,54
1528,62
1529,46
1530,66
1531,58
1532,48
1533,66
1534,65
1535,43
1536,49
1537,60
1538,51
1539,80
1540,66
1541,83
1542,60
1543,47
1544,50
1545,61
1546,56
1547,61
1548,65
1549,62
1550,53
1551,67
1552,63
1553,66
1554,66
1555,77
1556,52
1557,45
1558,66
1559,40
1560,90
1561,114
1562,97
1563,86
1564,57
1565,66
1566,62
1567,67
1568,53
1569,55
1570,53
1571,64
1572,53
1573,53
1574,52
1575,62
1576,50
1577,52
1578,49
1579,56
1580,44
1581,52
1582,47
1583,43
1584,50
1585,44
1586,63
1587,60
1588,63
1589,48
1590,59
1591,51
1592,51
1593,55
1594,46
1595,96
1596,69
1597,60
1598,62
1599,46
1600,53
1601,65
1602,47
1603,42
1604,50
1605,53
1606,47
1607,48
1608,46
1609,56
1610,65
1611,61
1612,52
1613,51
1614,59
1615,53
1616,42
1617,49
1618,45
1619,39
1620,49
1621,40
1622,38
1623,40
1624,36
1625,53
1626,52
1627,58
1628,54
1629,49
1630,81
1631,41
1632,60
1633,59
1634,69
1635,45
1636,52
1637,43
1638,85
1639,100
1640,86
1641,65
1642,75
1643,57
1644,41
1645,65
1646,91
1647,41
1648,55
1649,49
1650,81
1651,82
1652,68
1653,64
1654,41
1655,56
1656,54
1657,61
1658,40
1659,57
1660,41
1661,53
1662,54
1663,47
1664,43
1665,66
1666,66
1667,56
1668,56
1669,45
1670,42
1671,42
1672,57
1673,51
1674,47
1675,47
1676,38
1677,47
1678,45
1679,35
1680,82
1681,99
1682,67
1683,49
1684,68
1685,55
1686,49
1687,35
1688,52
1689,54
1690,56
1691,64
1692,45
1693,40
1694,44
1695,54
1696,49
1697,36
1698,50
1699,50
1700,41
1701,51
1702,41
1703,41
1704,56
1705,39
1706,47
1707,59
1708,39
1709,55
1710,61
1711,71
1712,65
1713,48
1714,48
1715,60
1716,40
1717,49
1718,43
1719,36
1720,50
1721,56
1722,51
1723,38
1724,36
1725,44
1726,50
1727,52
1728,48
1729,53
1730,45
1731,63
1732,42
1733,53
1734,34
1735,39
1736,59
1737,55
1738,51
1739,67
1740,52
1741,53
1742,52
1743,36
1744,56
1745,55
1746,49
1747,46
1748,52
1749,43
1750,41
1751,41
1752,35
1753,43
1754,26
1755,69
1756,41
1757,46
1758,39
1759,46
1760,47
1761,39
1762,44
1763,40
1764,49
1765,38
1766,44
1767,37
1768,53
1769,43
1770,33
1771,38
1772,44
1773,40
1774,31
1775,40
1776,42
1777,64
1778,62
1779,57
1780,46
1781,40
1782,36
1783,37
1784,54
1785,45
1786,50
1787,37
1788,36
1789,39
1790,45
1791,41
1792,44
1793,42
1794,34
1795,37
1796,39
1797,31
1798,30
1799,34
1800,38
1801,33
1802,40
1803,58
1804,39
1805,53
1806,50
1807,46
1808,46
1809,41
1810,50
1811,50
1812,38
1813,38
1814,44
1815,41
1816,29
1817,34
1818,26
1819,73
1820,58
1821,73
1822,68
1823,43
1824,54
1825,40
1826,47
1827,40
1828,44
1829,50
1830,44
1831,52
1832,36
1833,33
1834,43
1835,38
1836,41
1837,42
1838,31
1839,33
1840,34
1841,29
1842,25
1843,29
1844,31
1845,40
1846,40
1847,34
1848,47
1849,50
1850,48
1851,31
1852,55
1853,48
1854,40
1855,34
1856,45
1857,51
1858,37
1859,48
1860,45
1861,43
1862,42
1863,30
1864,41
1865,30
1866,46
1867,30
1868,25
1869,40
1870,43
1871,37
1872,54
1873,76
1874,59
1875,34
1876,49
1877,53
1878,50
1879,35
1880,40
1881,43
1882,44
1883,48
1884,48
1885,36
1886,41
1887,34
1888,34
1889,37
1890,36
1891,50
1892,60
1893,55
1894,37
1895,34
1896,40
1897,48
1898,42
1899,51
1900,34
1901,37
1902,45
1903,53
1904,41
1905,36
1906,34
1907,39
1908,39
1909,52
1910,39
1911,43
1912,36
1913,48
1914,45
1915,35
1916,45
1917,31
1918,25
1919,28
1920,39
1921,52
1922,31
1923,53
1924,44
1925,49
1926,44
1927,51
1928,40
1929,36
1930,43
1931,38
1932,33
1933,41
1934,32
1935,41
1936,35
1937,42
1938,34
1939,37
1940,40
1941,31
1942,39
1943,31
1944,51
1945,36
1946,34
1947,34
1948,30
1949,23
1950,38
1951,41
1952,37
1953,52
1954,45
1955,47
1956,44
1957,40
1958,36
1959,37
1960,35
1961,38
1962,30
1963,36
1964,30
1965,38
1966,28
1967,28
1968,21
1969,40
1970,29
1971,42
1972,42
1973,31
1974,26
1975,40
1976,43
1977,41
1978,37
1979,36
1980,33
1981,39
1982,36
1983,27
1984,33
1985,36
1986,30
1987,33
1988,36
1989,35
1990,41
1991,33
1992,29
1993,34
1994,51
1995,36
1996,35
1997,33
1998,40
1999,37
2000,40
2001,42
2002,30
2003,42
2004,32
2005,33
2006,36
2007,30
2008,31
2009,31
2010,28
2011,27
2012,25
2013,33
2014,39
2015,44
2016,50
2017,43
2018,39
2019,37
2020,38
2021,37
2022,36
2023,31
2024,30
2025,37
2026,36
2027,21
2028,23
2029,40
2030,31
2031,22
2032,38
2033,24
2034,24
2035,30
2036,27
2037,29
2038,37
2039,26
2040,30
2041,54
2042,41
2043,51
2044,47
2045,41
2046,37
2047,56
2048,38
2049,42
2050,49
2051,42
2052,46
2053,58
2054,47
2055,48
2056,42
2057,44
2058,33
2059,34
2060,30
2061,27
2062,54
2063,37
2064,28
2065,37
2066,32
2067,24
2068,45
2069,27
2070,37
2071,21
2072,32
2073,50
2074,44
2075,47
2076,27
2077,35
2078,41
2079,35
2080,46
2081,46
2082,39
2083,37
2084,40
2085,34
2086,34
2087,39
2088,30
2089,30
2090,32
2091,32
2092,44
2093,26
2094,27
2095,34
2096,34
2097,28
2098,29
2099,23
2100,28
2101,35
2102,27
2103,35
2104,26
2105,15
2106,25
2107,40
2108,54
2109,36
2110,40
2111,41
2112,37
2113,34
2114,26
2115,34
2116,33
2117,34
2118,27
2119,33
2120,31
2121,34
2122,26
2123,32
2124,23
2125,32
2126,25
2127,21
2128,29
2129,35
2130,34
2131,30
2132,28
2133,35
2134,30
2135,28
2136,35
2137,41
2138,32
2139,32
2140,28
2141,29
2142,29
2143,31
2144,30
2145,28
2146,34
2147,38
2148,34
2149,36
2150,29
2151,30
2152,36
2153,37
2154,23
2155,18
2156,27
2157,28
2158,13
2159,24
2160,17
2161,44
2162,32
2163,30
2164,31
2165,21
2166,28
2167,22
2168,24
2169,27
2170,22
2171,37
2172,24
2173,36
2174,31
2175,33
2176,20
2177,33
2178,25
2179,37
2180,24
2181,30
2182,31
2183,18
2184,35
2185,68
2186,49
2187,59
2188,42
2189,43
2190,29
2191,40
2192,40
2193,33
2194,30
2195,27
2196,27
2197,34
2198,36
2199,33
2200,19
2201,45
2202,34
2203,32
2204,36
2205,28
2206,41
2207,32
2208,31
2209,31
2210,31
2211,50
2212,28
2213,34
2214,29
2215,28
2216,25
2217,31
2218,23
2219,52
2220,26
2221,38
2222,25
2223,40
2224,37
2225,45
2226,36
2227,30
2228,28
2229,28
2230,24
2231,41
2232,30
2233,53
2234,34
2235,32
2236,31
2237,34
2238,35
2239,21
2240,34
2241,32
2242,27
2243,43
2244,26
2245,35
2246,31
2247,21
2248,32
2249,22
2250,24
2251,28
2252,25
2253,33
2254,24
2255,17
2256,40
2257,29
2258,27
2259,25
2260,28
2261,21
2262,38
2263,29
2264,39
2265,24
2266,28
2267,19
2268,31
2269,31
2270,26
2271,19
2272,25
2273,42
2274,19
2275,23
2276,33
2277,26
2278,26
2279,31
2280,22
2281,30
2282,23
2283,45
2284,28
2285,33
2286,22
2287,22
2288,30
2289,31
2290,27
2291,28
2292,27
2293,31
2294,27
2295,22
2296,32
2297,31
2298,28
2299,22
2300,32
2301,24
2302,23
2303,25
2304,16
2305,39
2306,18
2307,22
2308,19
2309,28
2310,24
2311,33
2312,29
2313,27
2314,21
2315,33
2316,18
2317,29
2318,23
2319,28
2320,39
2321,33
2322,31
2323,24
2324,15
2325,32
2326,39
2327,26
2328,28
2329,22
2330,28
2331,29
2332,29
2333,36
2334,39
2335,24
2336,21
2337,27
2338,22
2339,19
2340,22
2341,50
2342,47
2343,44
2344,17
2345,37
2346,42
2347,18
2348,32
2349,32
2350,35
2351,34
2352,31
2353,22
2354,26
2355,34
2356,24
2357,25
2358,31
2359,18
2360,31
2361,26
2362,26
2363,23
2364,28
2365,18
2366,23
2367,25
2368,18
2369,27
2370,20
2371,23
2372,32
2373,22
2374,24
2375,22
2376,21
2377,17
2378,30
2379,32
2380,22
2381,27
2382,28
2383,30
2384,29
2385,27
2386,24
2387,21
2388,31
2389,28
2390,19
2391,28
2392,21
2393,17
2394,24
2395,49
2396,32
2397,27
2398,25
2399,26
2400,22
2401,27
2402,45
2403,19
2404,32
2405,29
2406,25
2407,17
2408,32
2409,30
2410,24
2411,31
2412,21
2413,25
2414,27
2415,25
2416,27
2417,33
2418,26
2419,26
2420,26
2421,29
2422,28
2423,21
2424,26
2425,24
2426,20
2427,27
2428,22
2429,10
2430,26
2431,21
2432,19
2433,23
2434,21
2435,36
2436,13
2437,20
2438,29
2439,22
2440,18
2441,27
2442,30
2443,25
2444,28
2445,18
2446,28
2447,27
2448,23
2449,33
2450,20
2451,21
2452,21
2453,23
2454,26
2455,22
2456,16
2457,22
2458,36
2459,43
2460,23
2461,31
2462,19
2463,30
2464,22
2465,20
2466,16
2467,25
2468,15
2469,23
2470,34
2471,24
2472,27
2473,41
2474,26
2475,19
2476,31
2477,17
2478,31
2479,23
2480,25
2481,21
2482,26
2483,33
2484,18
2485,25
2486,22
2487,21
2488,34
2489,18
2490,21
2491,22
2492,20
2493,23
2494,17
2495,25
2496,28
2497,23
2498,25
2499,20
2500,14
2501,17
2502,23
2503,18
2504,31
2505,23
2506,19
2507,26
2508,10
2509,13
2510,24
2511,19
2512,22
2513,25
2514,19
2515,17
2516,21
2517,23
2518,27
2519,14
2520,17
2521,45
2522,33
2523,37
2524,22
2525,39
2526,28
2527,32
2528,19
2529,24
2530,10
2531,27
2532,17
2533,22
2534,13
2535,22
2536,24
2537,18
2538,34
2539,19
2540,9
2541,23
2542,13
2543,18
2544,26
2545,22
2546,25
2547,19
2548,27
2549,20
2550,11
2551,14
2552,29
2553,20
2554,26
2555,14
2556,19
2557,25
2558,30
2559,18
2560,26
2561,24
2562,20
2563,23
2564,19
2565,12
2566,26
2567,21
2568,25
2569,28
2570,27
2571,22
2572,18
2573,14
2574,20
2575,29
2576,15
2577,24
2578,26
2579,30
2580,14
2581,21
2582,21
2583,16
2584,20
2585,25
2586,20
2587,20
2588,21
2589,17
2590,20
2591,22
2592,20
2593,30
2594,30
2595,14
2596,22
2597,24
2598,12
2599,15
2600,27
2601,23
2602,12
2603,37
2604,17
2605,23
2606,23
2607,23
2608,20
2609,23
2610,19
2611,10
2612,26
2613,27
2614,23
2615,18
2616,24
2617,22
2618,14
2619,22
2620,14
2621,12
2622,22
2623,16
2624,16
2625,16
2626,22
2627,19
2628,17
2629,16
2630,25
2631,16
2632,21
2633,16
2634,17
2635,18
2636,23
2637,21
2638,10
2639,14
2640,14
2641,34
2642,29
2643,27
2644,13
2645,25
2646,14
2647,13
2648,22
2649,21
2650,12
2651,44
2652,11
2653,17
2654,20
2655,20
2656,20
2657,18
2658,14
2659,39
2660,12
2661,22
2662,21
2663,19
2664,23
2665,21
2666,42
2667,25
2668,20
2669,25
2670,24
2671,27
2672,20
2673,22
2674,18
2675,15
2676,21
2677,22
2678,16
2679,22
2680,17
2681,16
2682,14
2683,27
2684,13
2685,21
2686,28
2687,18
2688,19
2689,19
2690,21
2691,17
2692,12
2693,18
2694,15
2695,13
2696,20
2697,13
2698,19
2699,8
2700,16
2701,17
2702,17
2703,22
2704,27
2705,25
2706,15
2707,22
2708,19
2709,18
2710,23
2711,22
2712,17
2713,21
2714,20
2715,21
2716,20
2717,19
2718,23
2719,16
2720,26
2721,27
2722,29
2723,21
2724,20
2725,15
2726,21
2727,17
2728,15
2729,46
2730,23
2731,40
2732,32
2733,46
2734,35
2735,23
2736,26
2737,22
2738,26
2739,20
2740,27
2741,26
2742,26
2743,19
2744,17
2745,21
2746,23
2747,25
2748,20
2749,15
2750,27
2751,23
2752,23
2753,22
2754,23
2755,22
2756,19
2757,15
2758,27
2759,14
2760,11
2761,25
2762,13
2763,20
2764,20
2765,9
2766,21
2767,21
2768,22
2769,13
2770,15
2771,14
2772,13
2773,23
2774,19
2775,19
2776,27
2777,18
2778,13
2779,22
2780,20
2781,22
2782,23
2783,14
2784,14
2785,15
2786,25
2787,16
2788,14
2789,13
2790,27
2791,19
2792,18
2793,25
2794,22
2795,11
2796,17
2797,13
2798,24
2799,19
2800,12
2801,23
2802,16
2803,13
2804,21
2805,20
2806,20
2807,18
2808,19
2809,17
2810,21
2811,27
2812,15
2813,13
2814,18
2815,34
2816,19
2817,23
2818,26
2819,21
2820,20
2821,15
2822,22
2823,17
2824,14
2825,18
2826,23
2827,26
2828,15
2829,11
2830,24
2831,23
2832,20
2833,18
2834,13
2835,14
2836,16
2837,16
2838,16
2839,14
2840,23
2841,18
2842,6
2843,17
2844,15
2845,19
2846,34
2847,17
2848,21
2849,23
2850,12
2851,17
2852,22
2853,21
2854,25
2855,11
2856,17
2857,8
2858,16
2859,24
2860,12
2861,21
2862,24
2863,17
2864,25
2865,18
2866,13
2867,17
2868,21
2869,18
2870,14
2871,18
2872,20
2873,17
2874,15
2875,18
2876,15
2877,16
2878,15
2879,20
2880,10
2881,19
2882,17
2883,11
2884,18
2885,21
2886,20
2887,17
2888,25
2889,15
2890,13
2891,27
2892,21
2893,12
2894,20
2895,16
2896,20
2897,14
2898,14
2899,19
2900,28
2901,20
2902,14
2903,14
2904,17
2905,17
2906,13
2907,19
2908,17
2909,20
2910,11
2911,10
2912,23
2913,12
2914,24
2915,10
2916,19
2917,15
2918,23
2919,18
2920,15
2921,20
2922,27
2923,12
2924,15
2925,18
2926,16
2927,22
2928,21
2929,21
2930,18
2931,12
2932,13
2933,19
2934,19
2935,15
2936,20
2937,14
2938,17
2939,16
2940,12
2941,24
2942,13
2943,12
2944,20
2945,13
2946,14
2947,19
2948,22
2949,7
2950,19
2951,11
2952,19
2953,15
2954,12
2955,14
2956,12
2957,22
2958,9
2959,9
2960,11
2961,16
2962,18
2963,36
2964,19
2965,25
2966,21
2967,19
2968,15
2969,10
2970,21
2971,15
2972,17
2973,22
2974,13
2975,5
2976,16
2977,9
2978,10
2979,14
2980,11
2981,12
2982,19
2983,14
2984,20
2985,14
2986,12
2987,20
2988,6
2989,12
2990,11
2991,12
2992,12
2993,11
2994,14
2995,13
2996,12
2997,13
2998,14
2999,13
3000,13
3001,13
3002,17
3003,15
3004,15
3005,16
3006,12
3007,17
3008,14
3009,16
3010,14
3011,12
3012,18
3013,8
3014,13
3015,10
3016,15
3017,16
3018,16
3019,17
3020,10
3021,13
3022,21
3023,23
3024,24
3025,8
3026,17
3027,15
3028,14
3029,24
3030,15
3031,13
3032,14
3033,15
3034,11
3035,16
3036,9
3037,13
3038,10
3039,17
3040,17
3041,17
3042,12
3043,10
3044,20
3045,14
3046,13
3047,7
3048,11
3049,15
3050,18
3051,23
3052,23
3053,17
3054,12
3055,22
3056,10
3057,15
3058,8
3059,21
3060,18
3061,12
3062,26
3063,12
3064,16
3065,19
3066,23
3067,13
3068,14
3069,17
3070,10
3071,23
3072,14
3073,17
3074,14
3075,18
3076,17
3077,9
3078,18
3079,16
3080,18
3081,18
3082,22
3083,22
3084,19
3085,20
3086,16
3087,19
3088,11
3089,22
3090,10
3091,23
3092,16
3093,17
3094,18
3095,9
3096,14
3097,14
3098,22
3099,15
3100,20
3101,10
3102,17
3103,20
3104,20
3105,17
3106,14
3107,25
3108,12
3109,17
3110,23
3111,16
3112,20
3113,16
3114,9
3115,14
3116,15
3117,14
3118,16
3119,7
3120,18
3121,14
3122,27
3123,21
3124,19
3125,18
3126,20
3127,18
3128,22
3129,10
3130,11
3131,23
3132,12
3133,15
3134,7
3135,17
3136,15
3137,13
3138,14
3139,17
3140,15
3141,16
3142,22
3143,10
3144,11
3145,10
3146,10
3147,26
3148,19
3149,13
3150,12
3151,18
3152,14
3153,14
3154,13
3155,17
3156,6
3157,10
3158,6
3159,15
3160,7
3161,12
3162,15
3163,17
3164,19
3165,10
3166,11
3167,18
3168,13
3169,9
3170,14
3171,13
3172,14
3173,12
3174,14
3175,11
3176,12
3177,16
3178,14
3179,21
3180,8
3181,11
3182,20
3183,16
3184,13
3185,13
3186,9
3187,13
3188,14
3189,13
3190,15
3191,10
3192,16
3193,9
3194,16
3195,15
3196,16
3197,20
3198,18
3199,14
3200,22
3201,11
3202,21
3203,15
3204,9
3205,12
3206,21
3207,14
3208,10
3209,12
3210,11
3211,19
3212,8
3213,14
3214,14
3215,16
3216,7
3217,13
3218,11
3219,11
3220,15
3221,9
3222,14
3223,14
3224,13
3225,14
3226,7
3227,11
3228,13
3229,18
3230,8
3231,21
3232,17
3233,5
3234,8
3235,13
3236,16
3237,11
3238,13
3239,8
3240,18
3241,11
3242,10
3243,10
3244,9
3245,15
3246,9
3247,12
3248,7
3249,13
3250,9
3251,16
3252,13
3253,9
3254,12
3255,11
3256,8
3257,16
3258,6
3259,14
3260,16
3261,10
3262,15
3263,10
3264,13
3265,13
3266,16
3267,16
3268,17
3269,18
3270,8
3271,17
3272,14
3273,15
3274,7
3275,7
3276,11
3277,15
3278,26
3279,14
3280,25
3281,16
3282,15
3283,19
3284,14
3285,19
3286,19
3287,13
3288,14
3289,7
3290,26
3291,9
3292,15
3293,25
3294,17
3295,9
3296,11
3297,13
3298,19
3299,8
3300,11
3301,13
3302,23
3303,14
3304,16
3305,16
3306,15
3307,17
3308,8
3309,11
3310,22
3311,12
3312,11
3313,17
3314,22
3315,12
3316,7
3317,28
3318,7
3319,12
3320,15
3321,15
3322,12
3323,6
3324,18
3325,16
3326,11
3327,15
3328,11
3329,7
3330,14
3331,5
3332,23
3333,14
3334,9
3335,23
3336,18
3337,18
3338,16
3339,20
3340,15
3341,9
3342,12
3343,23
3344,7
3345,14
3346,9
3347,16
3348,14
3349,8
3350,9
3351,14
3352,14
3353,10
3354,13
3355,6
3356,7
3357,11
3358,13
3359,5
3360,22
3361,11
3362,16
3363,10
3364,16
3365,13
3366,12
3367,15
3368,13
3369,9
3370,15
3371,19
3372,22
3373,11
3374,9
3375,12
3376,16
3377,12
3378,9
3379,5
3380,14
3381,12
3382,15
3383,10
3384,15
3385,15
3386,6
3387,11
3388,18
3389,11
3390,13
3391,13
3392,7
3393,12
3394,10
3395,6
3396,18
3397,22
3398,17
3399,14
3400,14
3401,15
3402,13
3403,16
3404,8
3405,13
3406,16
3407,13
3408,16
3409,18
3410,9
3411,4
3412,19
3413,7
3414,10
3415,10
3416,14
3417,5
3418,20
3419,6
3420,12
3421,11
3422,17
3423,10
3424,9
3425,14
3426,13
3427,17
3428,17
3429,6
3430,11
3431,13
3432,11
3433,10
3434,11
3435,10
3436,13
3437,15
3438,17
3439,6
3440,13
3441,9
3442,19
3443,17
3444,16
3445,5
3446,11
3447,13
3448,16
3449,9
3450,15
3451,10
3452,8
3453,9
3454,10
3455,13
3456,12
3457,10
3458,16
3459,10
3460,10
3461,16
3462,9
3463,19
3464,9
3465,10
3466,14
3467,18
3468,8
3469,5
3470,11
3471,8
3472,6
3473,15
3474,11
3475,11
3476,15
3477,12
3478,14
3479,14
3480,12
3481,13
3482,12
3483,11
3484,18
3485,13
3486,7
3487,17
3488,16
3489,11
3490,14
3491,14
3492,11
3493,11
3494,10
3495,7
3496,11
3497,16
3498,11
3499,12
3500,6
3501,12
3502,10
3503,12
3504,14
3505,8
3506,18
3507,14
3508,6
3509,8
3510,14
3511,26
3512,9
3513,16
3514,15
3515,8
3516,10
3517,12
3518,25
3519,10
3520,13
3521,7
3522,16
3523,11
3524,16
3525,12
3526,11
3527,13
3528,9
3529,24
3530,4
3531,12
3532,8
3533,18
3534,12
3535,16
3536,12
3537,16
3538,15
3539,8
3540,13
3541,9
3542,15
3543,11
3544,13
3545,8
3546,19
3547,9
3548,12
3549,8
3550,13
3551,7
3552,5
3553,10
3554,17
3555,20
3556,7
3557,10
3558,17
3559,11
3560,10
3561,14
3562,19
3563,10
3564,9
3565,7
3566,12
3567,8
3568,14
3569,19
3570,11
3571,10
3572,11
3573,9
3574,8
3575,11
3576,8
3577,20
3578,10
3579,5
3580,18
3581,8
3582,9
3583,11
3584,5
3585,10
3586,11
3587,10
3588,11
3589,7
3590,5
3591,10
3592,14
3593,11
3594,19
3595,15
3596,11
3597,9
3598,13
3599,7
3600,8
3601,16
3602,10
3603,8
3604,11
3605,16
3606,10
3607,14
3608,18
3609,9
3610,14
3611,21
3612,12
3613,14
3614,19
3615,15
3616,12
3617,13
3618,5
3619,19
3620,6
3621,11
3622,15
3623,8
3624,14
3625,7
3626,10
3627,11
3628,7
3629,9
3630,11
3631,11
3632,10
3633,13
3634,14
3635,14
3636,14
3637,9
3638,9
3639,6
3640,17
3641,7
3642,12
3643,19
3644,17
3645,11
3646,14
3647,15
3648,11
3649,11
3650,9
3651,15
3652,9
3653,17
3654,8
3655,7
3656,14
3657,12
3658,16
3659,24
3660,14
3661,10
3662,16
3663,13
3664,10
3665,9
3666,14
3667,4
3668,9
3669,8
3670,10
3671,11
3672,5
3673,17
3674,14
3675,10
3676,4
3677,16
3678,6
3679,6
3680,8
3681,8
3682,8
3683,5
3684,8
3685,6
3686,12
3687,12
3688,6
3689,7
3690,20
3691,7
3692,13
3693,10
3694,8
3695,15
3696,9
3697,7
3698,11
3699,6
3700,8
3701,11
3702,6
3703,9
3704,17
3705,10
3706,7
3707,8
3708,10
3709,14
3710,6
3711,8
3712,14
3713,13
3714,12
3715,7
3716,9
3717,14
3718,5
3719,7
3720,12
3721,14
3722,8
3723,6
3724,8
3725,10
3726,15
3727,9
3728,12
3729,8
3730,11
3731,7
3732,12
3733,14
3734,14
3735,5
3736,4
3737,11
3738,5
3739,14
3740,9
3741,12
3742,7
3743,13
3744,12
3745,8
3746,12
3747,15
3748,8
3749,10
3750,10
3751,4
3752,10
3753,17
3754,7
3755,14
3756,11
3757,25
3758,7
3759,6
3760,16
3761,20
3762,10
3763,7
3764,7
3765,14
3766,4
3767,5
3768,13
3769,6
3770,9
3771,11
3772,5
3773,21
3774,10
3775,9
3776,9
3777,10
3778,9
3779,10
3780,5
3781,6
3782,11
3783,7
3784,10
3785,11
3786,10
3787,14
3788,13
3789,9
3790,8
3791,10
3792,5
3793,13
3794,15
3795,16
3796,7
3797,9
3798,13
3799,13
3800,8
3801,7
3802,9
3803,9
3804,4
3805,14
3806,4
3807,18
3808,11
3809,9
3810,3
3811,13
3812,11
3813,8
3814,17
3815,9
3816,14
3817,8
3818,5
3819,11
3820,8
3821,13
3822,10
3823,13
3824,5
3825,8
3826,8
3827,12
3828,11
3829,5
3830,8
3831,7
3832,14
3833,8
3834,10
3835,6
3836,9
3837,9
3838,11
3839,10
3840,13
3841,9
3842,23
3843,10
3844,5
3845,8
3846,12
3847,8
3848,8
3849,10
3850,5
3851,17
3852,10
3853,8
3854,15
3855,14
3856,15
3857,9
3858,9
3859,19
3860,11
3861,14
3862,12
3863,10
3864,17
3865,7
3866,7
3867,18
3868,16
3869,8
3870,6
3871,8
3872,11
3873,14
3874,7
3875,18
3876,10
3877,9
3878,9
3879,10
3880,6
3881,9
3882,12
3883,13
3884,14
3885,11
3886,6
3887,12
3888,15
3889,7
3890,6
3891,16
3892,10
3893,7
3894,8
3895,7
3896,14
3897,15
3898,2
3899,4
3900,6
3901,6
3902,8
3903,10
3904,9
3905,6
3906,12
3907,8
3908,4
3909,19
3910,15
3911,12
3912,9
3913,11
3914,15
3915,11
3916,10
3917,7
3918,13
3919,8
3920,14
3921,14
3922,16
3923,13
3924,6
3925,8
3926,14
3927,7
3928,6
3929,9
3930,4
3931,12
3932,7
3933,7
3934,10
3935,2
3936,11
3937,4
3938,10
3939,11
3940,8
3941,4
3942,11
3943,17
3944,10
3945,8
3946,14
3947,9
3948,10
3949,9
3950,6
3951,7
3952,13
3953,10
3954,7
3955,15
3956,7
3957,5
3958,14
3959,8
3960,4
3961,10
3962,4
3963,13
3964,12
3965,9
3966,9
3967,6
3968,11
3969,5
3970,2
3971,9
3972,9
3973,7
3974,12
3975,1
3976,11
3977,10
3978,10
3979,9
3980,6
3981,9
3982,5
3983,6
3984,3
3985,8
3986,7
3987,6
3988,11
3989,16
3990,10
3991,3
3992,11
3993,9
3994,7
3995,8
3996,9
3997,11
3998,9
3999,8
4000,11
4001,5
4002,7
4003,18
4004,8
4005,9
4006,16
4007,7
4008,4
4009,9
4010,9
4011,4
4012,4
4013,4
4014,8
4015,7
4016,15
4017,5
4018,12
4019,10
4020,5
4021,5
4022,7
4023,6
4024,4
4025,14
4026,7
4027,6
4028,6
4029,11
4030,3
4031,14
4032,8
4033,8
4034,3
4035,9
4036,7
4037,11
4038,7
4039,1
4040,9
4041,9
4042,7
4043,12
4044,8
4045,7
4046,9
4047,3
4048,9
4049,3
4050,9
4051,10
4052,10
4053,6
4054,7
4055,6
4056,12
4057,6
4058,3
4059,15
4060,6
4061,15
4062,5
4063,3
4064,9
4065,11
4066,10
4067,4
4068,8
4069,6
4070,11
4071,4
4072,6
4073,5
4074,5
4075,9
4076,5
4077,6
4078,4
4079,4
4080,8
4081,6
4082,3
4083,9
4084,7
4085,7
4086,12
4087,9
4088,6
4089,11
4090,8
4091,19
4092,8
4093,9
4094,3
4095,15
4096,6
4097,14
4098,16
4099,12
4100,18
4101,10
4102,11
4103,11
4104,12
4105,8
4106,14
4107,22
4108,17
4109,14
4110,10
4111,11
4112,12
4113,9
4114,11
4115,9
4116,11
4117,15
4118,4
4119,9
4120,13
4121,13
4122,7
4123,4
4124,12
4125,8
4126,13
4127,12
4128,7
4129,9
4130,8
4131,5
4132,13
4133,7
4134,5
4135,8
4136,11
4137,19
4138,8
4139,7
4140,7
4141,12
4142,4
4143,2
4144,8
4145,4
4146,3
4147,14
4148,8
4149,7
4150,12
4151,12
4152,7
4153,5
4154,7
4155,7
4156,12
4157,12
4158,11
4159,5
4160,12
4161,8
4162,6
4163,10
4164,6
4165,13
4166,13
4167,8
4168,8
4169,7
4170,6
4171,13
4172,6
4173,5
4174,5
4175,3
4176,3
4177,9
4178,5
4179,8
4180,5
4181,11
4182,10
4183,3
4184,3
4185,14
4186,6
4187,4
4188,5
4189,5
4190,6
4191,6
4192,10
4193,8
4194,5
4195,5
4196,6
4197,8
4198,7
4199,4
4200,8
4201,4
4202,10
4203,7
4204,4
4205,5
4206,6
4207,6
4208,12
4209,10
4210,6
4211,3
4212,6
4213,6
4214,8
4215,8
4216,3
4217,11
4218,8
4219,9
4220,7
4221,7
4222,6
4223,15
4224,11
4225,18
4226,8
4227,8
4228,4
4229,6
4230,12
4231,12
4232,9
4233,10
4234,2
4235,7
4236,6
4237,6
4238,5
4239,8
4240,5
4241,7
4242,2
4243,4
4244,7
4245,11
4246,8
4247,6
4248,7
4249,5
4250,8
4251,9
4252,2
4253,4
4254,2
4255,5
4256,5
4257,4
4258,1
4259,10
4260,11
4261,5
4262,3
4263,5
4264,3
4265,8
4266,4
4267,10
4268,8
4269,10
4270,4
4271,8
4272,5
4273,6
4274,7
4275,5
4276,5
4277,11
4278,7
4279,4
4280,4
4281,8
4282,7
4283,4
4284,11
4285,9
4286,5
4287,4
4288,3
4289,10
4290,7
4291,8
4292,9
4293,5
4294,4
4295,4
4296,9
4297,9
4298,8
4299,5
4300,8
4301,8
4302,6
4303,7
4304,9
4305,9
4306,5
4307,4
4308,7
4309,5
4310,7
4311,2
4312,8
4313,3
4314,3
4315,15
4316,2
4317,3
4318,6
4319,4
4320,3
4321,3
4322,13
4323,10
4324,9
4325,5
4326,2
4327,6
4328,7
4329,5
4330,8
4331,5
4332,11
4333,6
4334,6
4335,4
4336,8
4337,5
4338,4
4339,15
4340,5
4341,8
4342,5
4343,6
4344,11
4345,5
4346,7
4347,7
4348,6
4349,5
4350,6
4351,8
4352,5
4353,5
4354,5
4355,5
4356,7
4357,8
4358,5
4359,5
4360,9
4361,10
4362,7
4363,3
4364,8
4365,6
4366,4
4367,3
4368,12
4369,8
4370,4
4371,9
4372,15
4373,10
4374,13
4375,4
4376,12
4377,9
4378,10
4379,17
4380,10
4381,6
4382,7
4383,9
4384,7
4385,7
4386,5
4387,15
4388,8
4389,4
4390,5
4391,6
4392,11
4393,4
4394,9
4395,10
4396,5
4397,8
4398,11
4399,5
4400,8
4401,4
4402,8
4403,2
4404,8
4405,8
4406,13
4407,7
4408,14
4409,11
4410,10
4411,4
4412,13
4413,8
4414,9
4415,10
4416,6
4417,13
4418,5
4419,17
4420,9
4421,12
4422,4
4423,8
4424,7
4425,6
4426,8
4427,5
4428,15
4429,5
4430,7
4431,4
4432,11
4433,3
4434,2
4435,3
4436,8
4437,6
4438,4
4439,3
4440,10
4441,9
4442,5
4443,14
4444,5
4445,2
4446,6
4447,8
4448,10
4449,9
4450,8
4451,18
4452,10
4453,3
4454,7
4455,4
4456,14
4457,9
4458,9
4459,5
4460,9
4461,4
4462,9
4463,6
4464,7
4465,5
4466,5
4467,4
4468,9
4469,9
4470,6
4471,5
4472,6
4473,13
4474,6
4475,6
4476,6
4477,13
4478,4
4479,3
4480,7
4481,13
4482,5
4483,6
4484,10
4485,5
4486,8
4487,9
4488,5
4489,17
4490,4
4491,1
4492,6
4493,5
4494,10
4495,4
4496,12
4497,7
4498,4
4499,2
4500,6
4501,4
4502,6
4503,4
4504,5
4505,7
4506,8
4507,18
4508,3
4509,10
4510,2
4511,6
4512,10
4513,6
4514,6
4515,6
4516,5
4517,5
4518,10
4519,6
4520,8
4521,6
4522,8
4523,14
4524,4
4525,9
4526,14
4527,2
4528,9
4529,10
4530,8
4531,4
4532,4
4533,7
4534,8
4535,12
4536,7
4537,9
4538,14
4539,5
4540,6
4541,5
4542,8
4543,7
4544,8
4545,10
4546,3
4547,8
4548,3
4549,1
4550,6
4551,7
4552,12
4553,1
4554,5
4555,10
4556,6
4557,6
4558,5
4559,7
4560,4
4561,4
4562,9
4563,6
4564,9
4565,3
4566,5
4567,12
4568,5
4569,10
4570,6
4571,6
4572,5
4573,7
4574,7
4575,7
4576,7
4577,13
4578,6
4579,6
4580,3
4581,7
4582,3
4583,6
4584,8
4585,7
4586,5
4587,6
4588,7
4589,5
4590,7
4591,3
4592,6
4593,9
4594,6
4595,2
4596,9
4597,4
4598,4
4599,5
4600,12
4601,4
4602,11
4603,5
4604,4
4605,6
4606,5
4607,6
4608,4
4609,1
4610,5
4611,7
4612,4
4613,5
4614,7
4615,6
4616,2
4617,4
4618,4
4619,19
4620,3
4621,5
4622,6
4623,6
4624,4
4625,10
4626,7
4627,7
4628,5
4629,9
4630,5
4631,6
4632,2
4633,4
4634,6
4635,7
4636,6
4637,10
4638,6
4639,9
4640,12
4641,11
4642,4
4643,3
4644,5
4645,5
4646,7
4647,9
4648,5
4649,6
4650,7
4651,7
4652,3
4653,7
4654,12
4655,7
4656,6
4657,4
4658,6
4659,4
4660,2
4661,7
4662,4
4663,6
4664,5
4665,7
4666,8
4667,3
4668,11
4669,8
4670,5
4671,5
4672,6
4673,5
4674,6
4675,11
4676,10
4677,2
4678,3
4679,6
4680,9
4681,5
4682,9
4683,5
4684,8
4685,11
4686,20
4687,7
4688,8
4689,9
4690,13
4691,11
4692,6
4693,13
4694,5
4695,4
4696,13
4697,5
4698,2
4699,12
4700,11
4701,11
4702,8
4703,6
4704,11
4705,12
4706,3
4707,5
4708,10
4709,6
4710,9
4711,8
4712,4
4713,9
4714,7
4715,2
4716,5
4717,10
4718,4
4719,6
4720,11
4721,4
4722,6
4723,5
4724,4
4725,10
4726,5
4727,6
4728,7
4729,6
4730,6
4731,2
4732,3
4733,11
4734,3
4735,4
4736,1
4737,6
4738,3
4739,12
4740,4
4741,5
4742,3
4743,6
4744,5
4745,9
4746,6
4747,4
4748,7
4749,2
4750,11
4751,5
4752,3
4753,6
4754,3
4755,7
4756,3
4757,9
4758,2
4759,4
4760,10
4761,4
4762,6
4763,3
4764,10
4765,3
4766,7
4767,6
4768,9
4769,5
4770,3
4771,4
4772,6
4773,4
4774,4
4775,6
4776,3
4777,7
4778,9
4779,8
4780,5
4781,5
4782,6
4783,5
4784,7
4785,7
4786,3
4787,5
4788,9
4789,4
4790,6
4791,17
4792,5
4793,7
4794,6
4795,8
4796,8
4797,9
4798,7
4799,4
4800,9
4801,1
4802,7
4803,5
4804,7
4805,9
4806,4
4807,4
4808,4
4809,10
4810,4
4811,11
4812,4
4813,2
4814,6
4815,4
4816,5
4817,8
4818,7
4819,12
4820,5
4821,8
4822,9
4823,5
4824,2
4825,5
4826,4
4827,8
4828,3
4829,7
4830,7
4831,7
4832,5
4833,3
4834,8
4835,16
4836,8
4837,5
4838,8
4839,3
4840,9
4841,2
4842,6
4843,2
4844,11
4845,4
4846,3
4847,2
4848,6
4849,8
4850,2
4851,4
4852,1
4853,9
4854,10
4855,1
4856,6
4857,3
4858,3
4859,5
4860,8
4861,3
4862,5
4863,4
4864,5
4865,2
4866,6
4867,4
4868,2
4869,5
4870,5
4871,6
4872,2
4873,4
4874,5
4875,1
4876,9
4877,3
4878,5
4879,3
4880,3
4881,3
4882,6
4883,10
4884,10
4885,4
4886,4
4887,5
4888,4
4889,11
4890,1
4891,6
4892,4
4893,6
4894,3
4895,4
4896,7
4897,10
4898,5
4899,3
4900,5
4901,3
4902,4
4903,7
4904,6
4905,7
4906,4
4907,9
4908,6
4909,4
4910,7
4911,7
4912,6
4913,1
4914,5
4915,7
4916,9
4917,4
4918,4
4919,4
4920,6
4921,4
4922,6
4923,8
4924,3
4925,9
4926,6
4927,3
4928,8
4929,10
4930,5
4931,2
4932,5
4933,4
4934,3
4935,9
4936,3
4937,4
4938,4
4939,16
4940,9
4941,11
4942,4
4943,5
4944,5
4945,9
4946,8
4947,9
4948,8
4949,5
4950,4
4951,6
4952,8
4953,7
4954,5
4955,7
4956,10
4957,8
4958,5
4959,6
4960,5
4961,4
4962,1
4963,5
4964,3
4965,5
4966,10
4967,6
4968,3
4969,6
4970,9
4971,3
4972,10
4973,7
4974,9
4975,3
4976,3
4977,5
4978,2
4979,5
4980,4
4981,3
4982,10
4983,4
4984,9
4985,4
4986,4
4987,8
4988,3
4989,6
4990,8
4991,7
4992,7
4993,8
4994,2
4995,6
4996,3
4997,2
4998,7
4999,3
5000,4
5001,4
5002,2
5003,6
5004,8
5005,4
5006,5
5007,3
5008,8
5009,8
5010,3
5011,8
5012,2
5013,7
5014,5
5015,9
5016,2
5017,3
5018,1
5019,4
5020,7
5021,6
5022,9
5023,3
5024,7
5025,4
5026,3
5027,7
5028,6
5029,4
5031,4
5032,11
5033,1
5034,13
5035,3
5036,3
5037,5
5038,4
5039,4
5040,7
5041,6
5042,2
5043,10
5044,4
5045,6
5046,9
5047,7
5048,3
5049,4
5050,8
5051,8
5052,10
5053,3
5054,9
5055,6
5056,5
5057,5
5058,6
5059,11
5060,5
5061,1
5062,11
5063,5
5064,5
5065,4
5066,6
5067,6
5068,3
5069,3
5070,5
5071,10
5072,9
5073,1
5074,4
5075,3
5076,6
5077,13
5078,3
5080,1
5081,3
5082,3
5083,6
5084,2
5085,5
5086,9
5087,7
5088,6
5089,5
5090,4
5091,2
5092,9
5093,7
5094,5
5095,3
5096,2
5097,6
5098,4
5099,3
5100,4
5101,4
5102,5
5103,2
5104,8
5105,5
5106,4
5107,8
5108,5
5109,5
5110,4
5111,4
5112,4
5113,3
5114,12
5115,5
5116,5
5117,3
5118,7
5119,1
5120,3
5121,7
5122,4
5123,13
5124,6
5125,2
5126,3
5127,5
5128,2
5129,3
5130,5
5131,4
5132,3
5133,6
5134,6
5135,4
5136,13
5137,2
5138,6
5139,8
5140,5
5141,6
5142,8
5143,6
5144,4
5145,5
5146,3
5147,4
5148,6
5149,5
5150,4
5151,3
5152,4
5153,2
5154,5
5155,5
5156,10
5157,4
5158,6
5159,2
5160,3
5161,3
5162,2
5163,6
5164,3
5165,1
5166,6
5167,7
5168,5
5169,2
5170,8
5171,8
5172,6
5173,1
5174,5
5175,7
5176,7
5177,4
5178,2
5179,12
5180,5
5181,2
5182,3
5183,6
5184,5
5185,2
5186,12
5187,7
5188,4
5189,8
5190,2
5191,4
5192,4
5193,7
5194,5
5195,7
5196,6
5197,2
5198,2
5199,4
5200,8
5201,8
5202,4
5203,2
5204,1
5205,3
5206,9
5207,3
5208,6
5209,4
5210,3
5211,3
5212,4
5213,6
5214,7
5215,8
5216,3
5217,8
5218,5
5219,6
5220,5
5221,4
5222,2
5223,4
5224,6
5225,3
5226,2
5227,11
5228,9
5229,2
5230,1
5231,5
5232,7
5233,13
5234,2
5235,8
5236,4
5237,3
5238,6
5239,4
5241,5
5242,7
5243,2
5244,5
5245,3
5246,6
5247,2
5248,6
5250,3
5251,5
5252,5
5253,1
5254,5
5255,4
5256,4
5257,6
5258,7
5259,4
5260,5
5261,7
5262,2
5263,2
5264,2
5265,6
5266,1
5267,2
5268,2
5269,3
5270,5
5271,3
5272,9
5273,4
5274,5
5275,1
5277,7
5278,4
5279,4
5280,7
5281,2
5282,7
5283,6
5284,6
5285,6
5286,14
5287,3
5288,7
5289,4
5290,4
5291,6
5292,5
5293,4
5294,2
5296,4
5297,6
5298,5
5299,8
5300,5
5301,4
5302,5
5303,3
5304,3
5305,4
5306,4
5307,4
5308,4
5309,3
5310,9
5311,7
5312,3
5313,7
5314,6
5315,2
5316,3
5317,1
5318,2
5319,10
5320,5
5321,1
5323,4
5324,6
5325,5
5326,5
5327,6
5328,2
5329,7
5330,2
5331,10
5332,4
5333,6
5334,5
5335,2
5336,4
5337,7
5338,5
5339,9
5340,6
5341,3
5342,7
5343,5
5344,9
5346,4
5347,5
5348,4
5349,3
5350,3
5351,4
5352,7
5353,8
5354,2
5355,9
5356,3
5357,10
5358,3
5359,8
5361,1
5362,9
5363,2
5364,7
5365,2
5366,4
5367,1
5368,4
5369,4
5370,2
5371,2
5372,6
5373,6
5374,2
5375,6
5376,4
5377,10
5378,3
5379,2
5380,2
5381,3
5382,5
5383,4
5384,5
5385,4
5386,1
5387,4
5388,6
5389,4
5390,2
5391,3
5392,6
5393,11
5394,3
5395,3
5396,3
5397,4
5398,4
5399,3
5400,5
5401,3
5402,3
5403,9
5404,4
5405,4
5406,6
5407,3
5408,5
5409,5
5410,7
5411,14
5412,1
5413,4
5414,4
5415,4
5416,5
5417,2
5418,5
5419,3
5420,6
5421,4
5422,5
5423,6
5424,4
5425,6
5426,2
5427,3
5428,1
5429,8
5430,5
5431,8
5432,4
5433,6
5434,7
5435,5
5436,5
5437,3
5438,1
5439,4
5440,7
5441,6
5442,3
5443,4
5444,11
5445,2
5446,5
5447,2
5448,6
5449,5
5450,5
5451,4
5452,6
5453,7
5454,3
5455,6
5456,4
5457,1
5458,2
5459,44
5460,6
5461,4
5462,5
5463,3
5464,2
5465,3
5466,10
5467,12
5468,9
5469,3
5470,3
5471,7
5472,5
5473,6
5474,7
5475,7
5476,3
5477,4
5478,3
5479,6
5480,10
5481,3
5482,4
5483,6
5484,7
5485,1
5486,10
5487,5
5488,8
5489,3
5490,4
5491,3
5492,3
5493,6
5494,3
5495,3
5496,7
5497,4
5498,1
5499,3
5500,7
5501,1
5502,2
5503,4
5505,4
5506,2
5507,4
5508,4
5509,4
5510,6
5511,5
5512,9
5513,3
5514,3
5515,5
5516,5
5517,3
5518,5
5520,4
5521,1
5522,6
5523,3
5524,4
5525,1
5526,7
5527,2
5528,7
5529,7
5530,3
5531,2
5533,7
5534,1
5535,7
5536,3
5537,4
5538,6
5539,3
5540,3
5541,5
5542,3
5543,3
5544,1
5545,4
5546,7
5547,7
5548,4
5549,1
5550,5
5551,4
5552,4
5553,5
5554,8
5555,3
5556,3
5557,5
5558,3
5559,4
5560,12
5561,6
5562,5
5564,9
5565,4
5566,3
5567,5
5568,4
5569,2
5570,6
5571,6
5572,4
5573,2
5574,3
5575,3
5576,3
5577,2
5578,5
5579,2
5580,9
5581,1
5582,14
5583,1
5584,4
5585,2
5586,7
5587,1
5588,4
5589,5
5590,3
5591,2
5592,4
5593,3
5594,2
5595,3
5596,6
5597,3
5598,6
5599,2
5600,4
5601,2
5602,2
5603,5
5604,2
5605,3
5606,4
5607,5
5608,3
5609,10
5610,4
5611,9
5612,5
5613,1
5614,3
5615,5
5616,3
5617,8
5618,2
5619,3
5620,3
5621,4
5622,2
5623,3
5624,1
5625,6
5626,4
5627,4
5628,3
5629,2
5630,7
5631,5
5632,2
5633,10
5634,9
5635,4
5636,10
5637,1
5638,5
5639,3
5640,4
5641,7
5642,5
5643,1
5644,4
5645,2
5646,2
5647,9
5648,3
5649,3
5650,6
5651,3
5652,11
5653,4
5654,6
5655,4
5656,4
5657,4
5658,2
5659,1
5660,6
5662,5
5663,5
5664,5
5665,6
5666,5
5667,8
5668,8
5669,2
5670,5
5671,4
5672,5
5673,2
5674,3
5675,6
5676,5
5677,2
5678,3
5679,2
5680,5
5681,4
5682,3
5683,6
5684,3
5685,2
5686,2
5687,4
5688,8
5689,5
5690,5
5691,6
5692,4
5693,9
5694,3
5695,4
5696,4
5697,3
5698,8
5699,3
5700,4
5701,2
5702,2
5703,4
5704,6
5705,5
5706,3
5707,2
5708,7
5709,6
5710,3
5711,2
5712,6
5713,3
5714,2
5715,1
5716,2
5717,2
5718,2
5719,6
5720,2
5721,8
5722,11
5723,2
5724,2
5725,6
5726,1
5727,3
5728,21
5729,6
5730,5
5731,5
5732,3
5733,6
5734,4
5735,4
5736,4
5737,6
5738,1
5739,8
5740,3
5741,5
5742,2
5743,3
5744,1
5745,5
5746,8
5747,3
5748,3
5749,2
5750,7
5751,5
5753,5
5754,1
5755,4
5756,2
5757,7
5758,7
5759,3
5760,2
5761,4
5762,2
5763,8
5764,8
5765,3
5766,2
5767,4
5768,3
5769,5
5770,3
5771,17
5772,1
5773,1
5774,5
5775,3
5776,2
5777,4
5778,4
5779,3
5780,2
5781,2
5782,9
5783,4
5784,5
5785,7
5786,3
5787,4
5788,6
5789,4
5790,2
5791,2
5792,6
5793,5
5794,4
5795,3
5796,6
5797,3
5798,3
5799,7
5800,6
5801,12
5802,6
5803,3
5804,2
5805,4
5806,1
5807,7
5808,5
5809,3
5810,3
5811,4
5812,4
5813,4
5814,5
5815,5
5816,3
5817,3
5818,2
5819,16
5820,2
5821,4
5822,1
5823,2
5824,5
5825,4
5827,5
5828,3
5829,3
5830,2
5831,2
5832,6
5833,1
5834,4
5835,4
5836,6
5837,7
5838,4
5840,4
5841,4
5842,6
5843,3
5844,5
5845,4
5846,6
5848,3
5849,4
5850,4
5851,8
5852,1
5853,2
5854,5
5855,1
5856,8
5857,2
5858,4
5859,5
5860,2
5861,2
5862,2
5863,3
5864,1
5865,3
5866,3
5867,5
5868,2
5869,6
5870,5
5871,8
5872,4
5873,5
5874,6
5875,7
5876,4
5877,5
5878,4
5879,4
5880,6
5881,1
5882,8
5883,7
5884,5
5885,4
5887,4
5888,4
5889,3
5890,3
5891,5
5892,2
5893,4
5894,6
5895,4
5896,2
5897,7
5898,3
5899,2
5900,5
5901,2
5902,4
5903,2
5904,3
5905,1
5906,3
5907,5
5908,2
5909,4
5910,7
5911,2
5912,1
5913,4
5914,3
5915,8
5916,4
5917,2
5918,2
5919,5
5920,2
5921,2
5922,5
5923,2
5924,3
5926,4
5927,2
5928,2
5929,3
5930,5
5931,8
5932,3
5933,6
5935,3
5936,4
5937,5
5938,3
5939,2
5940,3
5941,6
5942,2
5943,3
5944,5
5945,1
5946,4
5947,7
5948,1
5949,7
5950,2
5952,6
5953,3
5955,4
5956,1
5957,2
5958,4
5960,4
5961,3
5962,3
5963,2
5964,6
5965,4
5966,4
5967,8
5968,3
5969,4
5970,3
5971,2
5972,5
5973,2
5974,5
5975,6
5976,3
5977,3
5978,4
5979,1
5980,2
5981,2
5982,3
5983,1
5984,3
5985,3
5986,3
5987,3
5988,3
5989,4
5990,5
5991,1
5992,5
5993,4
5994,4
5995,6
5996,6
5997,2
5998,5
6000,4
6001,1
6002,11
6003,1
6004,3
6005,9
6006,4
6007,5
6008,5
6009,4
6010,3
6011,1
6012,1
6013,2
6014,2
6015,3
6016,3
6017,7
6018,1
6019,9
6020,3
6021,4
6022,3
6023,4
6024,4
6025,2
6026,1
6027,4
6028,6
6029,1
6030,2
6031,2
6032,3
6033,1
6034,5
6035,2
6036,2
6037,9
6038,1
6039,6
6040,5
6041,2
6042,1
6043,3
6044,7
6045,2
6046,3
6047,6
6048,5
6049,7
6050,3
6052,3
6053,3
6054,3
6055,3
6056,3
6057,2
6058,5
6059,10
6060,2
6061,5
6062,2
6063,4
6064,4
6065,2
6066,2
6067,7
6068,6
6069,4
6070,6
6071,1
6072,3
6073,2
6074,2
6075,6
6076,2
6077,2
6078,3
6079,3
6080,1
6081,1
6082,4
6083,2
6084,3
6085,4
6086,3
6087,1
6088,1
6089,9
6090,5
6091,3
6092,6
6093,2
6094,3
6096,1
6097,1
6098,2
6099,2
6100,3
6101,3
6102,2
6103,5
6104,7
6105,3
6106,6
6107,3
6108,1
6109,2
6110,2
6111,4
6112,2
6113,2
6114,3
6115,4
6116,2
6118,6
6119,4
6120,5
6121,5
6122,6
6123,2
6124,3
6125,6
6126,1
6127,6
6128,1
6129,5
6130,3
6131,10
6132,5
6133,7
6134,1
6135,3
6136,2
6137,1
6138,3
6139,4
6140,3
6141,2
6142,5
6143,3
6144,2
6145,5
6146,6
6147,3
6148,5
6149,3
6150,2
6151,6
6152,4
6153,5
6154,1
6156,5
6157,2
6158,5
6159,3
6160,4
6161,7
6162,4
6163,7
6164,3
6165,2
6166,3
6167,4
6168,2
6169,5
6170,4
6171,3
6172,5
6173,4
6174,3
6175,2
6176,4
6177,2
6178,5
6179,4
6180,4
6181,1
6182,4
6183,4
6184,7
6185,3
6186,5
6187,11
6188,6
6189,3
6190,3
6191,5
6193,3
6194,5
6195,4
6196,4
6197,6
6198,3
6199,5
6200,5
6201,5
6202,2
6204,2
6205,1
6206,9
6207,3
6209,4
6210,4
6211,4
6212,9
6213,1
6214,1
6215,2
6216,3
6217,6
6218,5
6219,4
6220,5
6221,7
6222,2
6223,2
6224,5
6225,4
6226,3
6227,4
6228,2
6229,3
6230,5
6231,2
6232,4
6233,1
6234,8
6236,3
6237,4
6238,1
6239,3
6240,8
6241,5
6242,1
6243,4
6244,3
6245,5
6246,1
6247,5
6248,3
6249,5
6250,5
6251,6
6252,7
6253,2
6254,3
6255,3
6256,3
6257,4
6258,3
6259,3
6260,3
6261,3
6262,9
6263,3
6264,4
6265,5
6266,5
6267,2
6268,1
6269,3
6270,3
6272,5
6273,5
6274,2
6275,2
6276,3
6277,5
6278,2
6279,2
6280,7
6281,3
6283,1
6284,3
6285,3
6286,3
6287,1
6288,2
6289,4
6290,2
6291,2
6292,3
6293,2
6294,5
6295,4
6296,3
6298,4
6299,5
6300,6
6301,3
6302,3
6303,5
6304,5
6306,1
6307,3
6308,3
6309,3
6310,9
6311,4
6312,1
6313,6
6314,4
6315,3
6316,3
6318,1
6319,3
6320,2
6321,3
6322,2
6323,5
6324,4
6325,3
6326,8
6327,5
6328,4
6329,4
6330,3
6331,6
6332,2
6333,2
6334,4
6335,5
6336,2
6337,7
6338,4
6339,2
6340,2
6341,2
6342,2
6343,1
6344,1
6345,2
6346,3
6347,3
6348,2
6349,3
6350,5
6351,2
6352,3
6353,5
6354,6
6355,3
6356,3
6357,1
6358,2
6359,5
6360,6
6361,2
6362,4
6363,3
6364,1
6365,1
6366,3
6367,5
6368,1
6369,4
6370,2
6371,4
6372,3
6373,3
6374,3
6377,7
6378,3
6379,4
6380,3
6381,4
6382,1
6383,2
6384,3
6385,3
6386,4
6387,2
6388,2
6389,3
6390,5
6391,1
6392,4
6393,4
6394,3
6395,8
6396,2
6397,3
6398,3
6400,5
6401,4
6402,3
6403,2
6404,6
6405,3
6406,1
6407,4
6408,7
6409,2
6410,3
6411,6
6414,5
6415,3
6416,1
6417,1
6418,3
6419,5
6420,4
6421,1
6422,6
6423,3
6424,3
6425,1
6426,5
6427,2
6428,5
6429,1
6430,6
6431,2
6432,3
6434,2
6435,1
6436,3
6437,5
6438,2
6439,2
6440,4
6441,4
6442,1
6443,5
6444,2
6445,4
6446,3
6447,3
6448,1
6449,3
6450,4
6452,1
6454,2
6455,3
6456,5
6457,4
6458,2
6459,9
6460,2
6461,5
6462,1
6463,2
6464,1
6465,3
6466,1
6469,2
6470,2
6471,3
6472,7
6473,2
6474,3
6475,1
6476,2
6477,4
6478,4
6479,2
6480,4
6482,3
6483,15
6484,2
6485,1
6486,4
6488,2
6489,3
6490,4
6491,2
6493,3
6494,2
6495,5
6496,2
6497,1
6498,4
6499,3
6500,1
6501,2
6502,5
6504,2
6505,8
6506,2
6507,1
6508,2
6509,6
6510,5
6512,3
6513,1
6514,3
6515,4
6516,1
6517,2
6518,3
6519,2
6520,7
6521,3
6522,3
6523,1
6524,3
6525,1
6526,4
6527,3
6528,3
6529,1
6530,1
6531,5
6532,1
6533,1
6534,2
6535,2
6536,1
6537,9
6538,2
6539,8
6540,4
6542,8
6543,3
6544,2
6545,3
6546,9
6547,2
6548,4
6549,2
6550,3
6551,2
6552,3
6553,5
6554,2
6555,5
6556,3
6557,2
6560,4
6561,14
6562,4
6563,3
6564,3
6565,4
6566,3
6567,4
6568,6
6569,4
6570,6
6571,4
6572,5
6573,5
6575,5
6576,3
6577,3
6578,2
6579,3
6580,6
6581,5
6582,1
6583,3
6584,1
6585,2
6586,5
6587,5
6588,6
6589,2
6590,1
6591,2
6592,5
6593,2
6594,1
6595,7
6596,1
6597,5
6598,1
6599,3
6600,2
6601,2
6602,2
6603,4
6604,3
6605,1
6606,2
6607,2
6608,3
6609,3
6610,3
6611,4
6612,7
6613,3
6614,3
6615,6
6616,4
6618,4
6619,1
6620,8
6621,3
6622,2
6623,3
6624,5
6625,1
6626,5
6627,6
6628,3
6629,9
6630,3
6631,1
6632,4
6633,1
6634,4
6635,5
6636,3
6637,1
6638,4
6639,3
6640,1
6641,3
6642,3
6643,4
6644,1
6645,2
6646,1
6647,2
6648,2
6649,8
6650,3
6651,8
6652,1
6653,3
6654,7
6655,2
6657,3
6658,3
6660,1
6661,6
6662,4
6664,5
6665,4
6666,1
6667,1
6669,1
6670,3
6671,2
6672,4
6673,10
6674,4
6675,3
6676,2
6677,4
6678,3
6679,3
6680,3
6681,3
6682,2
6683,2
6684,4
6685,2
6686,2
6687,5
6688,1
6689,3
6690,2
6691,2
6692,1
6693,4
6694,6
6695,2
6696,9
6697,1
6698,1
6699,4
6700,1
6701,2
6702,3
6703,2
6704,2
6705,3
6706,5
6707,6
6708,3
6709,5
6710,4
6711,1
6712,2
6713,3
6714,4
6715,1
6716,3
6717,3
6718,1
6719,2
6720,6
6721,5
6722,4
6723,2
6724,1
6725,3
6726,2
6727,1
6728,2
6729,3
6730,6
6731,2
6732,2
6733,5
6734,1
6735,3
6736,3
6737,2
6738,1
6739,3
6740,2
6741,1
6742,2
6743,1
6744,3
6745,4
6746,2
6747,4
6749,1
6750,3
6751,2
6752,3
6753,4
6754,4
6755,1
6756,2
6757,3
6758,2
6759,1
6760,6
6761,6
6762,2
6763,4
6764,6
6766,1
6767,2
6768,3
6769,6
6770,12
6771,1
6772,1
6773,2
6774,1
6775,2
6776,3
6777,4
6778,1
6779,6
6780,4
6781,2
6782,2
6783,3
6784,1
6785,3
6786,2
6787,3
6788,1
6789,5
6790,2
6792,4
6793,2
6794,3
6795,5
6796,5
6797,1
6798,1
6799,2
6800,4
6801,2
6802,3
6803,3
6804,3
6805,5
6806,5
6807,1
6808,1
6809,1
6810,5
6811,3
6812,2
6814,3
6815,2
6816,2
6817,5
6818,4
6819,8
6820,2
6821,2
6822,2
6824,2
6825,4
6826,2
6827,2
6828,1
6829,3
6830,1
6831,2
6832,4
6833,4
6834,2
6835,2
6836,4
6837,6
6838,1
6839,1
6840,5
6841,3
6842,4
6843,1
6844,4
6845,5
6846,5
6848,3
6850,3
6851,2
6852,2
6853,3
6854,7
6855,4
6856,1
6857,3
6858,3
6859,2
6860,2
6861,1
6862,2
6863,5
6864,3
6865,4
6866,1
6867,1
6868,2
6869,5
6870,2
6871,1
6872,1
6874,2
6875,3
6876,3
6877,5
6878,2
6879,2
6880,2
6881,2
6882,3
6883,5
6884,3
6885,2
6887,1
6888,2
6889,2
6890,2
6891,2
6892,2
6893,3
6894,5
6895,3
6896,2
6899,2
6900,6
6901,2
6902,6
6903,5
6904,1
6905,1
6906,2
6907,2
6908,3
6909,2
6910,3
6911,4
6912,2
6913,3
6914,1
6915,10
6916,3
6917,1
6918,1
6919,2
6920,3
6922,5
6923,3
6924,1
6926,3
6927,4
6928,3
6929,1
6930,1
6931,2
6932,5
6933,4
6934,4
6935,2
6936,2
6937,1
6938,4
6939,1
6940,2
6941,5
6942,2
6943,1
6945,1
6946,3
6947,3
6948,1
6949,1
6950,4
6951,4
6952,2
6953,3
6954,1
6955,3
6956,4
6957,1
6958,4
6959,2
6960,2
6961,1
6962,3
6963,2
6964,2
6965,2
6966,1
6968,1
6969,5
6970,2
6971,3
6972,1
6973,2
6974,4
6975,3
6976,4
6977,2
6978,9
6979,2
6980,3
6981,1
6982,2
6983,3
6984,2
6985,2
6986,3
6987,2
6988,1
6989,1
6990,2
6991,2
6992,2
6993,1
6994,4
6995,6
6996,3
6998,2
6999,2
7000,1
7002,4
7003,2
7004,4
7005,3
7006,2
7007,1
7008,1
7009,4
7010,3
7011,2
7012,3
7013,3
7014,1
7015,1
7016,1
7018,3
7019,1
7020,5
7021,3
7022,4
7023,1
7024,1
7025,2
7026,1
7027,1
7028,3
7029,5
7031,4
7032,5
7034,2
7035,2
7036,3
7037,4
7039,2
7040,4
7041,1
7042,3
7043,3
7044,3
7045,9
7046,3
7047,2
7048,3
7049,3
7050,3
7051,1
7052,5
7053,1
7054,3
7055,2
7056,3
7057,1
7058,3
7059,2
7060,2
7062,3
7063,4
7065,2
7066,5
7067,3
7069,3
7070,1
7071,2
7072,3
7073,3
7075,5
7076,1
7077,1
7078,3
7079,3
7080,2
7081,3
7082,3
7083,1
7084,4
7085,2
7086,3
7087,5
7088,2
7089,1
7090,5
7091,4
7092,2
7093,2
7094,6
7095,5
7098,2
7099,2
7100,5
7101,3
7103,1
7105,1
7107,3
7108,7
7109,2
7110,3
7111,2
7112,1
7113,2
7114,1
7115,2
7116,2
7117,9
7118,1
7119,1
7120,3
7121,2
7122,1
7123,2
7124,1
7125,1
7126,1
7127,4
7128,2
7129,4
7130,3
7131,1
7132,1
7133,3
7135,1
7136,1
7137,1
7138,1
7139,13
7140,6
7141,4
7143,1
7144,2
7145,2
7146,2
7147,2
7148,3
7150,5
7151,1
7152,3
7153,5
7154,3
7155,3
7156,1
7157,1
7158,2
7159,2
7160,6
7161,4
7162,2
7163,2
7164,1
7165,1
7166,3
7167,2
7168,2
7169,1
7170,4
7171,3
7172,3
7173,3
7174,1
7176,2
7177,4
7178,1
7179,2
7181,1
7182,3
7183,2
7184,3
7185,3
7186,3
7187,5
7188,1
7189,2
7190,2
7191,3
7193,6
7194,2
7195,4
7196,2
7197,5
7198,3
7199,1
7200,4
7202,2
7203,2
7204,1
7205,3
7206,2
7207,1
7208,2
7209,2
7210,1
7211,3
7212,2
7213,2
7214,10
7215,1
7216,4
7217,1
7218,5
7219,1
7220,2
7221,5
7222,1
7224,1
7226,3
7227,5
7228,3
7229,2
7230,1
7231,4
7232,1
7233,3
7234,4
7235,5
7236,1
7237,1
7238,4
7239,2
7240,2
7241,3
7242,1
7243,1
7244,4
7245,2
7246,5
7248,6
7250,1
7251,2
7252,3
7253,3
7254,3
7255,4
7256,1
7257,2
7258,4
7259,2
7260,3
7261,2
7262,2
7263,4
7264,2
7266,3
7267,3
7269,6
7270,2
7271,1
7272,4
7273,3
7274,4
7275,2
7276,1
7277,2
7280,5
7281,12
7282,1
7283,1
7284,5
7285,3
7286,1
7288,4
7289,4
7290,2
7291,3
7292,3
7293,3
7294,4
7295,3
7296,1
7297,3
7298,1
7299,2
7300,2
7301,1
7302,1
7303,1
7305,2
7306,4
7307,4
7308,1
7309,2
7310,1
7311,3
7313,1
7314,1
7315,3
7316,4
7317,2
7318,2
7320,7
7321,1
7322,2
7323,2
7324,3
7325,1
7326,4
7327,4
7328,3
7329,3
7330,1
7331,3
7332,1
7333,5
7334,2
7335,1
7336,4
7337,1
7338,1
7339,2
7340,3
7342,5
7343,1
7344,3
7345,1
7346,2
7347,6
7348,2
7349,2
7350,1
7352,2
7353,2
7354,6
7355,5
7356,1
7357,1
7358,1
7359,1
7360,2
7361,2
7362,1
7363,2
7364,1
7365,2
7366,3
7367,2
7368,4
7369,1
7371,3
7372,1
7373,2
7374,4
7375,1
7376,1
7377,2
7378,3
7380,3
7381,11
7382,2
7384,5
7385,3
7386,2
7387,1
7388,6
7389,1
7391,1
7392,3
7393,2
7394,1
7395,1
7396,1
7398,1
7400,1
7401,6
7402,2
7403,2
7404,1
7405,1
7406,2
7407,1
7408,2
7409,7
7410,2
7411,3
7413,1
7414,5
7415,1
7416,5
7417,1
7418,1
7419,4
7420,1
7421,3
7422,3
7423,2
7424,3
7426,2
7427,4
7428,2
7429,3
7430,1
7431,1
7433,1
7434,2
7435,1
7436,2
7437,1
7438,1
7439,2
7440,5
7441,1
7442,1
7443,2
7444,1
7445,3
7446,1
7447,1
7448,4
7451,3
7452,2
7453,2
7454,2
7455,5
7456,2
7457,2
7458,1
7459,2
7461,4
7462,1
7463,1
7464,3
7466,2
7467,3
7468,3
7469,2
7470,1
7472,2
7473,2
7474,3
7475,3
7476,2
7477,1
7478,2
7480,1
7481,4
7482,12
7483,2
7484,2
7486,5
7487,3
7488,1
7490,2
7491,2
7492,1
7493,3
7494,2
7497,3
7498,1
7499,1
7500,4
7502,2
7503,1
7504,2
7505,1
7506,1
7507,10
7508,2
7510,3
7511,2
7512,2
7513,2
7514,3
7515,3
7517,2
7518,1
7519,4
7520,3
7521,2
7522,2
7523,2
7524,4
7526,2
7527,2
7529,1
7530,1
7533,1
7534,1
7535,2
7536,3
7537,3
7538,1
7539,5
7540,2
7541,1
7542,2
7543,2
7544,2
7546,1
7547,4
7548,2
7549,1
7550,2
7551,2
7552,3
7553,2
7554,3
7557,4
7558,1
7559,2
7560,3
7561,2
7562,3
7563,4
7564,1
7565,5
7570,3
7571,1
7572,1
7573,3
7574,1
7575,3
7576,6
7577,1
7578,3
7579,3
7581,3
7582,2
7584,3
7585,1
7586,5
7587,3
7588,2
7589,2
7592,1
7593,3
7595,2
7597,2
7598,3
7599,2
7600,1
7601,2
7602,1
7604,1
7605,3
7606,5
7607,3
7608,4
7609,1
7611,1
7613,1
7614,5
7615,5
7616,1
7617,2
7619,3
7625,6
7626,2
7627,2
7628,1
7629,5
7630,2
7631,2
7632,1
7633,1
7634,3
7635,1
7636,1
7637,1
7638,4
7639,1
7640,1
7642,4
7644,2
7646,5
7647,4
7648,1
7649,3
7650,1
7652,3
7653,2
7655,2
7656,2
7657,2
7658,1
7659,1
7661,2
7662,2
7664,5
7665,3
7666,2
7667,1
7668,2
7669,2
7670,1
7671,2
7672,2
7674,2
7675,3
7676,3
7677,2
7678,4
7679,1
7680,6
7681,1
7682,3
7683,3
7685,1
7686,4
7688,1
7689,2
7690,3
7691,2
7692,3
7694,2
7695,1
7697,1
7698,2
7699,1
7700,2
7701,2
7702,3
7703,1
7704,3
7705,2
7706,1
7707,1
7708,1
7709,6
7710,2
7711,3
7712,4
7713,4
7714,3
7715,1
7717,2
7718,3
7719,2
7720,1
7721,1
7722,1
7723,3
7724,2
7725,1
7726,2
7727,1
7728,2
7729,3
7731,3
7732,2
7733,1
7734,5
7735,3
7736,3
7737,1
7738,3
7740,1
7741,1
7742,2
7743,2
7744,3
7745,1
7746,2
7747,4
7748,1
7749,1
7750,1
7751,1
7752,1
7753,2
7755,3
7756,1
7757,3
7758,2
7759,1
7761,1
7762,1
7763,3
7764,4
7765,5
7766,4
7767,4
7769,7
7771,1
7772,1
7773,1
7774,3
7775,6
7776,4
7777,1
7779,1
7780,1
7781,1
7782,2
7783,2
7784,3
7787,2
7789,3
7791,1
7792,5
7793,2
7794,1
7795,1
7797,1
7798,1
7800,1
7801,2
7802,1
7804,2
7805,1
7806,1
7808,1
7809,3
7810,1
7812,2
7813,1
7814,1
7815,3
7817,4
7818,3
7819,2
7821,1
7822,3
7823,2
7824,3
7825,4
7826,1
7827,2
7828,7
7829,1
7830,1
7831,1
7832,3
7833,1
7834,2
7835,1
7836,2
7837,3
7838,1
7840,3
7841,2
7842,3
7843,2
7844,3
7845,1
7846,2
7847,2
7848,1
7849,3
7850,4
7851,2
7852,2
7853,2
7855,2
7856,2
7857,1
7858,1
7859,1
7860,1
7861,1
7862,2
7863,4
7864,2
7865,2
7866,5
7867,1
7868,1
7869,2
7873,2
7875,1
7876,1
7877,5
7878,1
7879,3
7880,1
7882,1
7883,1
7884,2
7885,1
7886,3
7887,3
7888,3
7889,1
7891,3
7892,3
7893,1
7894,1
7895,2
7896,1
7897,2
7898,2
7899,1
7900,1
7902,2
7904,3
7905,2
7906,2
7908,1
7909,2
7910,1
7911,4
7916,4
7917,2
7919,3
7920,1
7922,3
7924,2
7926,1
7927,3
7928,4
7929,3
7930,1
7932,2
7933,2
7934,4
7935,2
7936,3
7937,2
7938,3
7940,3
7941,1
7942,5
7943,1
7944,2
7945,2
7946,4
7948,1
7949,2
7952,1
7953,4
7954,2
7956,5
7957,1
7958,3
7959,1
7962,1
7963,3
7964,2
7965,3
7967,2
7968,2
7969,1
7970,3
7971,2
7973,1
7974,2
7975,3
7978,2
7979,16
7980,1
7981,2
7982,1
7984,3
7985,2
7986,1
7987,3
7989,1
7990,1
7991,1
7992,1
7993,5
7994,4
7995,2
7996,1
7997,5
7998,2
8000,2
8001,2
8002,1
8003,2
8005,2
8006,4
8008,2
8009,3
8010,1
8011,2
8012,3
8013,4
8015,1
8016,1
8017,1
8018,2
8019,1
8020,1
8021,3
8022,2
8024,3
8025,1
8026,1
8027,3
8028,2
8029,3
8030,1
8031,2
8032,2
8033,1
8035,1
8036,6
8037,4
8038,3
8039,3
8040,1
8041,2
8043,4
8046,1
8047,2
8048,2
8049,1
8050,2
8051,8
8052,2
8053,4
8055,2
8056,1
8058,3
8059,6
8060,2
8061,2
8062,1
8063,4
8065,3
8066,2
8067,1
8070,1
8071,1
8073,2
8074,3
8076,2
8077,1
8078,1
8079,1
8080,2
8081,2
8082,2
8084,2
8085,1
8086,3
8088,3
8089,1
8090,5
8091,1
8093,4
8095,2
8096,1
8098,3
8099,1
8100,2
8101,1
8102,3
8103,2
8104,2
8105,4
8106,3
8107,2
8109,1
8110,2
8111,2
8112,3
8113,2
8114,3
8115,2
8117,1
8118,1
8119,3
8120,1
8121,1
8122,1
8123,2
8124,1
8125,1
8126,1
8127,1
8128,2
8129,2
8130,1
8131,5
8132,1
8133,1
8134,1
8135,1
8136,1
8137,1
8139,3
8140,2
8141,3
8143,2
8144,4
8145,3
8147,5
8148,3
8150,4
8151,1
8155,2
8157,1
8158,2
8159,1
8160,2
8161,1
8162,2
8163,5
8164,1
8166,1
8167,3
8169,3
8170,1
8171,1
8172,2
8173,2
8174,1
8175,2
8176,2
8178,3
8179,1
8180,2
8181,2
8182,1
8183,2
8184,3
8185,1
8187,2
8188,1
8189,1
8190,4
8191,5
8192,2
8193,1
8194,2
8195,2
8196,1
8197,1
8198,2
8199,1
8200,3
8201,5
8202,2
8203,2
8204,1
8205,2
8206,1
8207,1
8208,3
8209,1
8210,2
8211,2
8212,1
8213,3
8214,6
8215,2
8216,1
8217,1
8218,2
8219,6
8220,3
8221,5
8222,3
8223,2
8224,2
8225,4
8226,3
8227,1
8228,2
8229,3
8230,3
8231,1
8232,6
8234,2
8235,2
8238,4
8239,2
8240,3
8242,3
8243,1
8244,4
8245,2
8246,1
8247,1
8248,1
8249,1
8250,2
8251,3
8252,4
8253,7
8254,3
8255,4
8258,1
8259,2
8260,2
8261,3
8262,2
8263,2
8264,2
8265,5
8266,1
8267,3
8268,1
8269,1
8270,2
8273,4
8274,5
8275,5
8276,2
8277,1
8279,2
8280,5
8281,1
8282,1
8283,8
8286,1
8287,2
8289,1
8290,1
8291,1
8293,2
8294,3
8295,2
8297,1
8298,1
8299,2
8300,5
8302,2
8303,4
8304,2
8305,2
8306,2
8307,2
8309,1
8311,2
8312,2
8313,5
8314,3
8315,3
8316,4
8317,3
8318,1
8320,2
8321,4
8322,3
8324,1
8325,1
8326,6
8329,1
8330,4
8331,2
8332,3
8333,2
8334,2
8335,2
8336,2
8338,1
8339,1
8340,1
8341,1
8342,1
8343,1
8344,1
8345,1
8346,2
8347,2
8348,1
8349,1
8351,2
8352,1
8354,2
8355,2
8356,1
8357,1
8358,1
8359,2
8360,1
8362,2
8363,6
8365,2
8366,1
8368,1
8369,1
8370,2
8371,1
8373,4
8374,2
8375,2
8376,1
8377,1
8378,1
8379,2
8380,1
8381,1
8382,2
8383,1
8384,4
8385,1
8387,1
8388,4
8389,1
8390,3
8392,3
8393,2
8395,2
8396,1
8397,2
8398,1
8399,2
8400,2
8401,1
8403,5
8404,2
8405,4
8406,6
8407,1
8408,2
8409,1
8411,2
8412,2
8413,1
8414,1
8415,1
8416,3
8417,6
8418,2
8419,2
8422,2
8424,2
8425,2
8427,3
8430,1
8431,1
8432,2
8434,1
8435,10
8436,1
8437,1
8438,2
8439,3
8441,1
8443,4
8444,1
8445,2
8446,3
8447,3
8448,2
8450,3
8451,3
8452,3
8453,2
8454,3
8455,2
8456,1
8457,1
8459,1
8460,5
8461,1
8462,4
8463,3
8464,1
8467,5
8468,1
8469,1
8470,1
8473,3
8474,1
8475,4
8476,2
8478,6
8479,1
8482,2
8483,3
8484,2
8485,1
8486,2
8488,1
8490,3
8491,1
8492,1
8494,4
8495,1
8496,1
8497,1
8498,2
8499,1
8501,3
8502,2
8503,3
8504,1
8505,2
8507,3
8508,1
8510,2
8514,2
8517,1
8518,1
8519,2
8520,2
8521,4
8522,2
8523,1
8524,1
8525,1
8526,1
8528,1
8530,1
8531,2
8532,1
8533,1
8534,1
8535,1
8539,6
8540,3
8541,2
8542,1
8543,1
8544,1
8545,3
8546,3
8547,1
8548,1
8549,2
8550,3
8551,3
8552,2
8553,2
8554,2
8555,4
8556,2
8557,2
8560,5
8562,1
8563,3
8564,1
8565,2
8566,2
8567,1
8568,2
8569,1
8570,2
8571,4
8572,4
8574,1
8575,2
8576,1
8577,1
8578,3
8579,9
8580,2
8581,3
8582,1
8583,2
8584,2
8585,1
8587,2
8588,1
8591,1
8592,1
8593,2
8594,1
8595,1
8596,2
8597,1
8598,1
8599,1
8600,2
8602,3
8603,1
8604,3
8606,2
8608,2
8609,4
8610,1
8611,1
8612,2
8613,1
8614,1
8615,2
8616,2
8617,3
8619,2
8620,3
8621,2
8625,1
8626,1
8627,2
8628,1
8629,3
8631,1
8634,1
8636,1
8637,1
8638,3
8639,1
8640,1
8642,1
8643,1
8644,5
8645,2
8646,3
8647,2
8650,2
8652,3
8654,1
8655,1
8656,1
8657,3
8658,2
8659,2
8660,1
8661,3
8662,2
8664,2
8665,3
8666,1
8667,3
8669,2
8670,3
8672,2
8673,2
8674,3
8677,2
8678,2
8679,1
8680,1
8682,2
8683,1
8684,5
8686,1
8688,2
8689,1
8690,1
8692,2
8693,2
8694,1
8695,2
8696,2
8697,1
8698,2
8699,2
8700,2
8701,1
8702,1
8703,5
8704,1
8705,1
8706,2
8707,1
8708,2
8710,1
8711,2
8712,3
8713,2
8714,1
8715,2
8716,1
8717,1
8720,4
8721,2
8722,2
8723,1
8724,1
8725,2
8726,3
8727,1
8728,2
8729,1
8731,2
8732,1
8733,1
8735,1
8736,3
8737,4
8738,4
8739,1
8740,1
8741,2
8743,3
8744,1
8748,1
8749,2
8753,3
8754,2
8755,4
8756,2
8757,2
8758,1
8759,1
8760,2
8761,2
8762,1
8763,1
8764,3
8765,4
8766,2
8767,1
8768,2
8770,2
8771,2
8772,1
8774,1
8775,2
8777,4
8778,1
8779,1
8780,1
8781,2
8782,1
8783,1
8784,2
8785,1
8788,4
8789,2
8791,1
8792,1
8794,3
8796,2
8797,2
8798,2
8799,1
8800,4
8801,2
8802,3
8803,2
8804,1
8805,1
8806,1
8807,2
8808,2
8810,3
8811,1
8812,1
8813,2
8815,1
8816,1
8818,1
8819,1
8820,5
8821,1
8823,2
8824,5
8825,2
8826,3
8829,1
8831,4
8832,3
8833,1
8834,2
8835,2
8836,3
8838,1
8839,1
8840,3
8841,1
8842,3
8843,1
8844,2
8845,3
8846,1
8847,2
8849,2
8850,3
8851,2
8853,3
8854,1
8857,6
8858,1
8859,1
8860,1
8861,3
8863,1
8864,1
8865,2
8866,2
8867,1
8868,1
8870,1
8872,3
8873,1
8874,1
8875,2
8876,2
8882,1
8883,2
8884,1
8885,4
8886,3
8887,3
8889,1
8896,3
8897,1
8898,1
8899,1
8900,2
8902,2
8904,3
8905,2
8908,2
8909,1
8910,1
8912,4
8913,1
8914,2
8915,1
8916,3
8918,1
8920,1
8921,2
8922,1
8923,1
8924,2
8925,1
8926,2
8928,1
8929,2
8930,2
8931,1
8932,3
8933,2
8934,1
8935,2
8936,2
8937,1
8938,1
8940,1
8941,2
8942,1
8944,1
8945,1
8946,4
8947,1
8948,2
8949,1
8950,2
8951,5
8953,2
8954,5
8955,3
8956,1
8957,1
8958,1
8959,1
8961,1
8962,8
8963,3
8964,1
8965,3
8967,2
8968,1
8970,1
8971,2
8972,1
8973,1
8974,3
8977,1
8978,1
8980,2
8982,1
8984,1
8985,2
8986,1
8987,2
8988,2
8989,3
8991,1
8992,5
8996,1
8997,2
8998,1
9002,1
9003,2
9004,1
9005,1
9006,3
9009,1
9010,1
9011,1
9013,4
9014,3
9015,2
9018,2
9019,8
9020,2
9021,1
9022,1
9023,1
9024,1
9025,2
9026,1
9027,2
9028,1
9029,4
9030,2
9032,2
9033,1
9034,1
9035,2
9036,2
9037,2
9038,1
9040,2
9042,2
9043,2
9044,2
9045,1
9046,3
9047,1
9048,2
9050,2
9051,3
9052,1
9055,2
9056,2
9057,1
9058,1
9059,3
9060,5
9061,1
9063,1
9064,1
9065,2
9066,2
9067,2
9068,1
9069,3
9070,4
9071,2
9072,3
9073,1
9074,2
9077,1
9078,2
9080,2
9083,1
9085,2
9087,2
9088,2
9089,1
9090,1
9091,1
9092,3
9093,2
9094,1
9095,1
9097,2
9098,2
9101,3
9102,2
9103,2
9105,1
9107,1
9110,4
9111,2
9112,3
9113,1
9114,1
9116,2
9118,1
9119,3
9121,3
9122,1
9123,1
9125,2
9127,2
9128,3
9132,1
9133,1
9134,3
9135,2
9136,1
9137,1
9138,4
9139,1
9141,1
9143,1
9144,2
9145,1
9146,1
9148,2
9150,2
9151,1
9152,2
9153,1
9154,2
9155,9
9156,1
9157,1
9158,1
9159,4
9160,3
9162,4
9165,1
9166,1
9168,1
9169,1
9170,1
9171,2
9172,2
9173,1
9177,3
9178,1
9179,1
9180,3
9182,1
9183,1
9184,1
9185,2
9188,3
9189,2
9190,3
9191,2
9192,3
9193,2
9195,1
9196,1
9197,3
9198,2
9200,4
9201,2
9202,2
9203,1
9204,1
9206,1
9207,2
9209,2
9210,1
9211,2
9212,2
9213,1
9214,1
9215,1
9217,1
9219,1
9220,1
9222,2
9223,3
9224,2
9226,1
9227,1
9228,1
9229,2
9230,2
9231,1
9234,1
9239,1
9241,3
9243,1
9244,1
9246,5
9247,1
9249,1
9251,4
9252,2
9253,1
9256,1
9257,1
9258,2
9259,1
9260,1
9261,2
9263,4
9264,1
9265,1
9266,2
9267,1
9268,2
9269,1
9270,3
9272,1
9273,1
9274,2
9275,1
9276,1
9277,3
9278,2
9279,2
9280,4
9281,4
9283,4
9284,1
9286,1
9287,1
9290,2
9291,2
9292,3
9293,1
9295,1
9296,1
9299,1
9300,1
9301,1
9302,2
9303,3
9306,1
9307,3
9309,6
9310,1
9311,2
9312,1
9314,1
9315,1
9316,2
9317,1
9320,2
9322,2
9323,1
9324,1
9327,1
9328,1
9330,2
9331,2
9332,1
9334,1
9336,1
9337,1
9338,1
9342,2
9344,2
9345,2
9346,1
9347,2
9349,1
9350,1
9351,3
9352,3
9353,1
9355,1
9356,1
9358,2
9360,1
9361,5
9362,3
9363,1
9364,1
9367,2
9368,2
9370,1
9371,4
9373,1
9375,4
9376,1
9377,1
9378,3
9379,1
9380,1
9381,2
9382,2
9383,4
9385,1
9386,2
9387,2
9388,2
9389,1
9391,2
9392,2
9393,4
9394,1
9395,1
9396,2
9397,2
9398,2
9399,1
9400,2
9401,2
9403,4
9405,2
9408,2
9410,3
9411,3
9416,3
9417,1
9418,1
9419,3
9420,2
9421,1
9422,1
9426,1
9427,1
9429,2
9430,1
9432,1
9433,2
9434,2
9435,1
9436,2
9437,1
9438,1
9439,1
9441,2
9443,3
9446,4
9447,1
9449,1
9450,1
9451,1
9453,3
9454,2
9455,1
9456,3
9457,4
9458,1
9459,1
9462,1
9464,1
9465,2
9466,2
9469,1
9470,3
9476,3
9477,2
9478,1
9479,1
9480,2
9482,2
9484,1
9486,3
9487,1
9489,2
9490,1
9491,3
9493,2
9494,2
9496,2
9497,1
9499,1
9500,1
9502,2
9503,1
9504,1
9505,2
9506,1
9507,1
9509,1
9510,2
9511,2
9514,1
9515,7
9517,1
9518,1
9519,1
9520,2
9521,1
9522,2
9523,1
9524,2
9525,1
9528,2
9529,1
9530,1
9531,2
9532,2
9533,1
9535,2
9536,1
9537,2
9538,2
9539,1
9540,1
9541,1
9542,2
9544,1
9545,2
9547,5
9548,1
9549,2
9550,2
9553,2
9554,3
9555,1
9557,1
9559,2
9561,4
9565,2
9566,1
9568,1
9569,3
9570,2
9571,1
9572,1
9574,1
9576,3
9577,2
9579,1
9581,2
9582,1
9583,4
9584,1
9585,3
9586,2
9587,2
9588,1
9590,1
9591,1
9592,2
9593,1
9594,1
9595,3
9596,2
9598,1
9600,2
9601,5
9602,2
9604,2
9607,2
9608,2
9611,5
9613,2
9615,2
9617,1
9619,9
9621,2
9624,2
9626,1
9628,2
9629,1
9630,1
9633,2
9634,1
9635,4
9636,1
9637,1
9638,1
9639,2
9640,1
9641,1
9642,2
9643,2
9644,2
9645,2
9647,3
9648,1
9651,4
9652,1
9653,1
9654,1
9656,1
9659,1
9660,1
9661,2
9662,2
9664,2
9666,1
9668,1
9669,2
9671,1
9672,1
9673,1
9675,1
9676,3
9677,1
9678,3
9679,2
9680,2
9681,1
9684,3
9685,2
9689,4
9691,3
9693,1
9694,1
9695,1
9696,1
9698,3
9706,2
9707,3
9708,4
9709,2
9710,1
9712,2
9715,1
9717,2
9718,2
9719,1
9720,2
9721,4
9723,2
9725,2
9727,1
9728,2
9729,1
9731,1
9733,1
9734,1
9735,1
9736,1
9737,1
9739,1
9740,1
9742,1
9743,3
9746,1
9748,1
9753,7
9755,1
9756,1
9757,1
9762,1
9763,1
9764,1
9765,3
9767,2
9768,2
9769,2
9771,1
9772,2
9775,2
9778,1
9779,2
9780,1
9782,2
9784,2
9786,2
9788,1
9789,1
9790,1
9791,2
9792,1
9793,2
9796,1
9797,3
9798,2
9799,1
9800,1
9803,4
9804,1
9805,2
9806,2
9808,1
9810,2
9811,2
9813,1
9814,3
9817,1
9818,1
9819,1
9821,1
9822,1
9823,1
9824,1
9825,1
9826,1
9828,1
9829,3
9830,2
9832,3
9833,2
9836,1
9841,2
9842,2
9843,1
9845,1
9846,1
9847,1
9849,1
9850,1
9852,2
9855,1
9859,2
9860,3
9861,1
9864,2
9866,2
9867,1
9868,1
9870,3
9871,1
9872,1
9875,1
9876,3
9877,2
9878,1
9879,1
9880,1
9881,1
9882,3
9886,2
9888,3
9889,1
9891,1
9892,1
9893,2
9894,1
9895,5
9896,4
9899,2
9900,1
9901,1
9902,3
9903,2
9904,1
9905,3
9906,1
9909,1
9912,2
9913,4
9914,1
9915,2
9917,1
9918,1
9920,3
9922,2
9923,2
9927,4
9929,1
9930,2
9932,1
9933,1
9934,1
9935,2
9936,1
9938,2
9939,1
9940,3
9941,4
9942,1
9943,1
9944,1
9945,1
9946,1
9947,1
9948,1
9949,1
9950,1
9951,2
9952,1
9954,1
9956,1
9957,1
9958,2
9959,2
9960,1
9961,4
9963,2
9964,2
9965,1
9966,1
9967,1
9968,2
9969,1
9971,1
9974,1
9976,1
9978,2
9980,3
9981,2
9982,1
9983,1
9985,1
9986,1
9987,1
9991,2
9996,2
9997,2
9998,1
9999,1
10003,3
10005,1
10006,2
10009,3
10012,2
10013,1
10014,2
10015,1
10017,6
10019,2
10023,2
10024,1
10025,1
10029,1
10030,2
10031,2
10032,1
10033,1
10034,1
10035,2
10036,1
10037,1
10040,1
10044,2
10045,4
10048,4
10051,3
10052,1
10053,1
10054,1
10055,1
10056,1
10057,2
10058,2
10059,1
10062,2
10064,3
10065,4
10067,2
10068,1
10069,2
10070,1
10073,1
10074,1
10076,2
10078,2
10081,1
10082,1
10083,2
10085,2
10087,4
10088,2
10091,1
10093,3
10094,1
10095,1
10096,1
10098,2
10100,5
10102,1
10103,1
10104,1
10105,1
10106,2
10108,2
10109,2
10110,2
10112,2
10113,1
10114,1
10115,1
10116,1
10118,1
10120,1
10121,1
10122,1
10124,2
10125,1
10126,2
10128,3
10130,3
10132,2
10134,1
10140,2
10141,3
10142,3
10143,1
10144,2
10149,1
10151,1
10152,3
10154,4
10157,2
10163,2
10164,1
10165,2
10167,1
10168,1
10169,1
10170,2
10171,1
10172,1
10174,1
10175,1
10176,3
10177,1
10181,3
10183,1
10184,4
10186,1
10188,1
10189,2
10191,1
10193,1
10194,2
10198,1
10199,3
10200,1
10201,1
10203,2
10204,2
10206,1
10207,1
10208,1
10209,3
10210,2
10216,1
10218,1
10219,4
10221,1
10222,1
10223,1
10224,2
10225,1
10226,1
10227,1
10228,1
10229,4
10230,1
10231,1
10232,1
10233,2
10234,1
10235,2
10237,2
10238,1
10240,1
10241,1
10242,4
10243,1
10244,1
10248,2
10253,1
10254,2
10256,1
10259,1
10260,1
10261,1
10263,1
10264,3
10267,1
10268,2
10269,2
10271,1
10272,2
10273,1
10274,1
10275,1
10276,2
10277,1
10278,1
10281,1
10282,2
10283,1
10285,1
10286,2
10287,1
10288,1
10289,1
10290,1
10294,1
10295,2
10296,2
10298,1
10301,1
10302,1
10304,2
10305,1
10307,1
10308,1
10309,1
10310,2
10311,1
10313,9
10314,2
10315,2
10316,5
10319,2
10320,1
10322,1
10323,1
10325,2
10326,3
10327,2
10329,2
10330,1
10331,1
10332,1
10334,2
10335,1
10336,1
10337,1
10338,1
10340,2
10341,2
10343,2
10344,3
10345,1
10349,2
10350,2
10351,1
10352,2
10353,3
10354,2
10359,1
10362,1
10363,1
10364,2
10366,1
10367,1
10368,2
10369,2
10372,2
10373,5
10374,1
10375,2
10376,1
10378,1
10379,1
10380,1
10382,1
10383,4
10386,1
10389,1
10390,2
10394,2
10397,1
10398,2
10400,2
10401,1
10402,3
10403,1
10405,1
10408,1
10412,2
10413,1
10416,1
10417,1
10418,1
10422,1
10423,2
10424,1
10425,1
10426,2
10429,1
10431,1
10436,2
10437,1
10438,2
10440,2
10442,1
10443,2
10445,2
10447,2
10450,2
10452,1
10454,3
10455,1
10456,1
10457,1
10459,1
10460,1
10461,2
10464,2
10466,2
10467,4
10469,1
10470,1
10471,1
10473,3
10475,1
10476,1
10478,1
10479,2
10481,1
10482,2
10485,2
10486,1
10488,4
10489,1
10490,1
10491,3
10492,1
10495,1
10496,1
10497,1
10498,2
10503,2
10504,3
10506,1
10508,2
10510,1
10514,2
10515,2
10516,2
10517,2
10518,1
10520,1
10522,1
10523,1
10525,1
10527,1
10530,1
10531,1
10532,1
10533,2
10536,1
10538,1
10539,2
10540,3
10541,2
10544,4
10546,1
10549,1
10554,2
10555,4
10559,3
10560,4
10566,2
10568,1
10569,3
10570,2
10571,2
10573,1
10574,3
10575,2
10578,4
10581,2
10583,3
10585,1
10586,1
10587,1
10589,4
10594,2
10595,1
10598,1
10599,1
10602,1
10603,2
10604,1
10605,1
10606,2
10609,2
10610,1
10611,1
10612,2
10613,1
10614,1
10616,1
10618,2
10620,1
10621,1
10622,1
10623,1
10624,1
10627,2
10628,1
10629,2
10632,1
10633,1
10635,1
10638,1
10639,8
10640,1
10641,2
10642,1
10643,1
10646,3
10648,2
10650,3
10652,1
10654,2
10658,1
10659,2
10660,2
10661,1
10662,3
10663,1
10664,2
10666,1
10667,3
10672,1
10675,2
10676,2
10677,1
10679,2
10680,2
10681,3
10683,1
10685,1
10687,1
10688,6
10689,1
10691,2
10693,2
10694,1
10696,1
10699,3
10700,2
10702,1
10704,2
10705,3
10706,2
10708,1
10710,1
10711,1
10712,1
10713,1
10714,2
10715,2
10716,1
10718,1
10719,3
10720,1
10724,1
10725,1
10728,1
10729,1
10731,1
10732,3
10733,1
10734,2
10736,1
10738,4
10741,1
10742,1
10744,1
10746,1
10749,1
10750,2
10754,1
10755,1
10758,1
10760,1
10761,1
10765,2
10766,2
10768,3
10769,2
10773,1
10776,2
10777,1
10778,1
10780,1
10781,1
10783,1
10784,2
10786,1
10787,3
10789,1
10790,1
10791,1
10793,1
10795,3
10796,2
10797,1
10798,1
10801,1
10803,4
10805,1
10807,1
10808,2
10809,2
10810,1
10812,1
10813,1
10814,1
10815,1
10816,2
10817,2
10818,1
10819,1
10821,3
10822,1
10823,1
10824,1
10826,1
10827,1
10829,2
10830,2
10831,1
10832,1
10837,1
10839,2
10841,5
10843,1
10845,1
10846,1
10849,1
10851,1
10854,1
10858,1
10859,2
10861,2
10862,1
10864,2
10866,1
10867,3
10868,2
10869,2
10872,3
10873,1
10875,1
10877,1
10878,1
10879,1
10880,1
10881,1
10883,1
10884,1
10885,1
10887,1
10888,1
10889,1
10892,1
10894,1
10895,1
10896,1
10900,1
10901,1
10902,2
10903,3
10904,2
10905,1
10907,1
10908,1
10909,1
10910,2
10911,2
10916,2
10920,1
10921,2
10922,3
10923,1
10925,1
10927,2
10928,1
10932,1
10933,1
10934,1
10935,7
10936,1
10941,2
10942,2
10943,1
10944,2
10945,2
10946,2
10947,1
10949,1
10950,2
10951,1
10952,1
10954,1
10956,1
10957,1
10958,1
10959,2
10960,2
10961,1
10964,2
10965,1
10966,1
10967,2
10969,2
10971,1
10972,2
10973,1
10974,1
10975,1
10976,2
10978,2
10980,2
10983,1
10984,1
10985,1
10986,4
10987,1
10989,1
10990,1
10992,1
10993,6
10997,2
10998,1
10999,1
11000,2
11002,1
11004,2
11006,2
11007,1
11010,1
11014,1
11015,1
11016,2
11017,2
11018,1
11019,2
11021,1
11022,2
11024,1
11025,2
11027,3
11029,1
11030,3
11031,2
11032,2
11033,1
11034,2
11036,1
11037,1
11040,1
11041,1
11044,2
11048,1
11049,1
11050,1
11051,1
11053,1
11057,3
11059,3
11062,1
11063,1
11066,1
11067,1
11068,1
11071,3
11073,1
11074,1
11075,1
11077,2
11080,1
11082,2
11085,3
11086,1
11087,1
11090,1
11094,2
11095,1
11096,1
11101,2
11102,1
11106,1
11107,1
11108,1
11109,2
11111,1
11113,1
11114,1
11116,1
11117,1
11118,1
11119,1
11121,3
11124,2
11128,2
11129,1
11130,2
11131,1
11132,1
11134,1
11135,1
11136,1
11137,1
11139,1
11140,1
11141,1
11142,1
11143,2
11146,2
11148,1
11149,2
11152,1
11154,1
11156,1
11157,3
11160,4
11161,1
11163,1
11164,2
11165,8
11169,1
11171,1
11172,1
11176,2
11177,1
11179,5
11181,1
11183,2
11184,3
11186,2
11188,1
11191,1
11192,2
11194,3
11197,1
11198,2
11201,2
11203,1
11204,2
11205,1
11206,2
11208,1
11210,1
11211,2
11213,3
11215,1
11216,1
11217,1
11218,1
11219,5
11221,1
11223,4
11225,1
11228,1
11230,3
11233,1
11234,2
11235,1
11239,1
11240,1
11241,2
11246,1
11248,1
11249,1
11251,1
11252,1
11255,1
11256,2
11257,1
11258,1
11260,2
11263,1
11266,2
11267,1
11268,1
11269,3
11272,8
11274,1
11276,2
11279,1
11280,1
11282,1
11283,5
11284,2
11285,1
11287,1
11289,1
11290,1
11291,1
11295,1
11298,1
11300,1
11303,1
11304,3
11309,3
11310,4
11312,3
11313,1
11314,1
11315,2
11317,1
11320,1
11321,1
11324,1
11326,2
11327,1
11331,2
11332,1
11336,1
11337,4
11338,1
11339,1
11340,3
11341,1
11343,3
11344,1
11345,2
11346,2
11347,1
11348,3
11351,1
11352,3
11355,1
11356,1
11359,1
11362,1
11363,1
11365,1
11366,2
11371,1
11373,2
11377,2
11378,1
11379,3
11383,1
11387,6
11390,1
11393,2
11395,3
11396,1
11398,1
11399,1
11400,2
11401,1
11404,1
11405,1
11406,3
11408,1
11409,3
11410,3
11411,1
11412,1
11414,1
11416,3
11418,1
11419,1
11421,1
11422,2
11423,2
11424,1
11425,2
11426,1
11429,1
11430,1
11432,1
11435,2
11436,1
11437,1
11438,1
11439,1
11440,2
11441,1
11442,1
11444,2
11445,1
11446,1
11448,3
11449,1
11450,2
11451,1
11454,1
11457,1
11458,1
11459,2
11462,2
11463,1
11465,1
11467,1
11468,1
11469,2
11471,3
11472,2
11478,1
11479,1
11480,1
11482,1
11483,1
11485,2
11486,1
11487,1
11488,1
11490,2
11493,2
11495,1
11498,1
11500,4
11502,1
11503,5
11506,1
11508,1
11511,1
11513,1
11514,3
11515,2
11516,1
11518,1
11520,1
11523,1
11525,1
11526,7
11527,1
11528,2
11529,2
11530,1
11533,1
11534,2
11536,1
11537,1
11538,2
11541,1
11542,1
11543,1
11546,1
11552,1
11553,1
11554,2
11555,1
11556,1
11560,1
11561,1
11564,1
11566,1
11567,1
11569,1
11570,2
11573,1
11577,2
11579,4
11582,2
11585,1
11589,1
11592,1
11593,2
11594,1
11597,3
11598,2
11599,1
11602,5
11603,2
11604,2
11606,1
11608,1
11611,1
11613,1
11614,1
11615,4
11616,2
11619,1
11620,1
11621,1
11624,1
11626,1
11627,2
11628,1
11629,3
11630,3
11631,1
11632,1
11635,1
11638,3
11639,1
11641,1
11642,1
11644,1
11646,1
11649,1
11650,4
11654,1
11661,1
11662,2
11663,1
11664,1
11665,1
11671,1
11672,1
11675,1
11680,1
11684,2
11685,1
11686,1
11689,2
11691,1
11692,1
11698,1
11700,1
11701,2
11702,2
11703,2
11704,1
11708,1
11709,1
11713,1
11714,2
11717,1
11718,3
11719,1
11725,1
11726,1
11727,1
11728,1
11730,3
11733,1
11736,1
11738,2
11739,1
11741,1
11742,6
11743,1
11745,1
11746,1
11747,2
11748,1
11749,3
11750,1
11751,1
11755,2
11756,2
11757,3
11760,1
11761,1
11762,1
11763,2
11764,1
11766,1
11767,6
11769,4
11770,1
11772,1
11773,1
11774,1
11775,1
11776,1
11777,1
11779,2
11780,1
11783,1
11786,1
11787,2
11789,1
11791,1
11793,1
11794,2
11795,1
11796,1
11798,2
11800,1
11801,2
11804,2
11806,1
11814,1
11816,2
11817,1
11818,1
11820,1
11824,1
11826,1
11828,1
11830,1
11831,1
11832,2
11838,2
11843,1
11844,2
11845,2
11846,1
11847,1
11848,1
11849,1
11853,2
11857,1
11858,1
11859,1
11862,2
11863,2
11864,1
11865,1
11866,2
11867,2
11878,2
11879,1
11880,1
11881,2
11883,1
11884,1
11885,1
11886,1
11887,1
11888,2
11891,1
11892,2
11894,3
11895,1
11899,2
11900,2
11905,1
11910,2
11911,1
11921,3
11924,1
11928,3
11929,2
11932,2
11934,2
11935,1
11937,2
11938,1
11939,1
11940,1
11943,1
11944,2
11945,1
11949,1
11950,1
11956,1
11961,1
11963,1
11965,2
11969,1
11970,1
11971,1
11974,2
11976,1
11977,1
11978,1
11979,1
11981,1
11984,2
11986,1
11989,1
11990,1
11996,2
11997,1
12000,1
12001,1
12009,1
12011,6
12013,1
12014,1
12016,1
12017,1
12020,2
12027,1
12029,2
12030,1
12031,1
12035,1
12036,1
12038,1
12043,2
12044,1
12046,1
12050,1
12051,1
12053,2
12054,2
12055,1
12057,1
12059,2
12060,1
12061,1
12062,1
12064,1
12065,1
12068,1
12074,1
12075,2
12078,1
12080,2
12081,1
12089,3
12090,1
12091,1
12092,1
12094,6
12095,1
12098,3
12099,2
12100,1
12105,1
12107,1
12111,1
12113,1
12116,2
12117,1
12120,1
12128,1
12132,1
12133,2
12135,1
12136,2
12138,1
12140,1
12141,3
12145,2
12147,1
12150,1
12151,1
12152,1
12154,1
12157,1
12158,3
12159,1
12163,1
12169,1
12170,1
12171,2
12173,2
12178,1
12179,4
12184,1
12185,4
12189,1
12192,2
12197,1
12199,1
12200,1
12203,1
12205,2
12206,1
12208,1
12209,2
12210,1
12212,2
12216,1
12221,1
12222,2
12224,1
12225,1
12233,1
12244,1
12245,2
12247,1
12250,1
12254,2
12255,1
12257,1
12259,1
12264,1
12265,1
12266,2
12267,2
12270,3
12275,1
12276,2
12277,1
12279,1
12281,1
12285,2
12286,1
12288,1
12290,1
12291,1
12296,1
12297,1
12302,4
12303,1
12304,1
12307,1
12308,1
12312,3
12313,1
12316,2
12321,3
12323,2
12325,2
12327,1
12329,1
12330,1
12332,2
12334,1
12338,1
12343,1
12344,2
12345,1
12346,1
12347,1
12351,1
12352,1
12353,1
12357,4
12359,1
12360,1
12363,1
12364,1
12365,1
12366,1
12367,2
12368,2
12369,1
12371,2
12373,1
12374,1
12377,2
12378,1
12379,1
12381,2
12382,1
12387,2
12388,1
12390,2
12391,2
12392,2
12394,1
12398,2
12400,2
12402,1
12404,1
12409,2
12412,2
12413,1
12414,1
12418,1
12420,1
12421,2
12422,1
12425,5
12426,1
12427,1
12435,1
12436,1
12437,1
12440,1
12441,1
12442,1
12443,1
12446,1
12451,2
12454,1
12455,3
12457,2
12458,1
12463,1
12468,4
12469,1
12472,1
12475,2
12478,1
12480,3
12481,1
12482,1
12486,1
12488,1
12489,1
12491,1
12495,2
12496,1
12499,1
12501,2
12502,1
12504,2
12507,1
12515,2
12517,1
12518,1
12520,1
12523,1
12526,1
12531,1
12532,1
12533,1
12535,1
12539,3
12540,3
12544,2
12547,4
12551,1
12552,1
12555,2
12557,1
12559,1
12560,2
12561,1
12568,2
12570,1
12574,1
12575,1
12579,2
12581,1
12582,1
12584,1
12589,1
12591,2
12595,2
12596,1
12598,3
12600,1
12601,1
12604,2
12606,5
12607,1
12609,2
12613,1
12616,1
12619,1
12620,1
12621,1
12626,5
12627,2
12634,1
12637,1
12638,1
12639,2
12641,1
12648,1
12650,1
12652,1
12653,1
12654,3
12658,1
12669,1
12670,1
12671,1
12672,1
12675,2
12677,1
12678,2
12679,2
12680,3
12683,1
12685,1
12687,1
12691,1
12692,1
12693,1
12694,1
12698,3
12700,2
12702,1
12708,1
12709,2
12711,1
12712,1
12713,1
12714,1
12719,1
12724,1
12726,1
12728,1
12732,2
12735,1
12738,1
12740,1
12742,2
12748,2
12754,3
12755,1
12757,1
12758,2
12760,1
12761,1
12762,2
12771,2
12777,1
12779,1
12780,1
12783,1
12785,2
12788,1
12792,2
12801,2
12803,1
12805,1
12806,1
12809,3
12810,2
12814,2
12816,1
12817,1
12819,1
12822,1
12827,2
12829,2
12831,1
12838,1
12841,1
12845,3
12852,1
12853,2
12856,2
12857,1
12858,1
12863,2
12864,2
12872,2
12874,2
12875,1
12877,1
12881,1
12882,1
12886,1
12888,1
12890,2
12895,1
12896,1
12899,1
12900,1
12919,2
12921,1
12923,2
12924,1
12926,1
12929,2
12930,1
12932,2
12938,1
12941,2
12942,2
12944,1
12945,3
12946,1
12949,1
12955,2
12957,1
12960,1
12961,1
12964,1
12967,5
12968,1
12969,1
12974,1
12975,1
12978,2
12986,1
12987,1
12996,1
12997,1
13005,2
13019,6
13020,1
13021,1
13024,1
13026,1
13029,1
13030,2
13040,2
13043,1
13047,1
13048,2
13054,1
13059,1
13062,1
13063,3
13067,2
13068,1
13070,1
13074,1
13075,2
13080,2
13084,2
13086,1
13087,1
13089,1
13090,1
13092,1
13093,2
13094,1
13099,1
13101,1
13103,1
13106,2
13107,2
13113,1
13120,1
13123,2
13125,1
13129,1
13130,2
13137,1
13139,1
13141,1
13142,1
13144,1
13145,1
13147,2
13150,1
13151,1
13158,1
13159,1
13160,1
13161,2
13162,1
13165,1
13167,2
13169,1
13171,1
13172,1
13173,1
13174,1
13176,2
13182,1
13185,1
13187,2
13188,1
13194,1
13197,2
13199,1
13200,1
13204,1
13207,1
13208,1
13210,1
13212,1
13213,2
13215,1
13217,1
13218,2
13222,1
13225,2
13227,1
13229,1
13230,1
13234,1
13236,1
13240,3
13247,2
13249,2
13254,1
13255,1
13257,1
13259,7
13260,3
13261,1
13265,1
13268,2
13273,3
13276,2
13278,1
13281,1
13284,1
13285,1
13286,1
13289,1
13292,1
13298,2
13299,2
13306,1
13307,1
13308,1
13310,2
13312,1
13314,1
13315,1
13317,1
13322,5
13325,2
13328,1
13329,2
13331,3
13334,1
13341,1
13345,2
13346,1
13348,1
13349,2
13354,1
13357,1
13358,1
13359,1
13366,1
13367,1
13369,1
13372,1
13373,1
13375,1
13376,1
13378,1
13380,1
13381,1
13386,1
13387,1
13392,1
13393,2
13394,1
13398,2
13399,2
13401,1
13402,1
13403,1
13409,1
13412,1
13416,1
13417,1
13419,5
13420,4
13424,1
13425,1
13431,1
13433,2
13435,1
13436,1
13441,1
13443,2
13444,1
13446,1
13450,1
13455,1
13458,1
13461,1
13466,2
13467,5
13475,1
13480,2
13483,1
13487,1
13490,1
13494,1
13502,1
13504,3
13507,2
13509,3
13520,2
13521,1
13522,1
13523,2
13526,1
13527,1
13529,4
13532,1
13535,2
13537,1
13538,1
13541,1
13542,1
13543,1
13544,1
13547,1
13551,1
13554,1
13558,1
13560,3
13561,1
13563,1
13565,1
13567,2
13574,1
13575,1
13577,1
13578,1
13579,2
13580,1
13584,1
13585,2
13586,1
13591,2
13592,1
13600,1
13604,1
13605,3
13606,4
13607,1
13608,1
13610,1
13612,1
13613,1
13617,1
13618,1
13628,1
13630,1
13631,2
13632,1
13637,1
13640,1
13645,1
13650,1
13652,2
13653,1
13655,1
13656,1
13658,1
13660,1
13665,1
13668,1
13679,1
13680,1
13685,1
13688,1
13691,2
13692,2
13696,1
13701,1
13705,1
13706,1
13707,1
13708,5
13710,1
13715,1
13716,1
13717,1
13720,1
13723,1
13725,1
13727,1
13728,2
13730,2
13733,1
13736,1
13740,1
13743,2
13754,1
13755,3
13759,1
13763,2
13767,1
13768,1
13769,1
13770,1
13773,1
13776,1
13779,2
13782,1
13785,1
13786,1
13788,1
13792,1
13793,1
13800,1
13801,1
13803,1
13804,3
13806,2
13811,2
13816,1
13817,1
13818,2
13820,1
13822,1
13824,1
13829,1
13831,1
13833,2
13840,1
13842,1
13845,2
13847,1
13852,1
13853,1
13858,1
13859,1
13864,1
13865,1
13867,1
13868,1
13869,2
13873,1
13877,2
13878,1
13880,1
13882,1
13895,2
13907,1
13908,1
13911,1
13912,1
13914,1
13916,1
13917,2
13921,1
13924,2
13927,1
13928,1
13930,1
13936,1
13939,4
13941,1
13942,1
13945,1
13948,1
13952,1
13956,1
13957,1
13960,1
13961,1
13962,1
13964,1
13969,1
13970,1
13972,1
13973,1
13976,1
13980,2
13981,1
13982,1
13985,1
13991,1
13993,1
13995,1
13996,1
13998,2
14005,2
14006,1
14008,1
14013,1
14014,1
14018,1
14019,1
14024,1
14027,1
14034,1
14037,1
14039,1
14040,1
14042,1
14044,3
14059,6
14062,1
14063,1
14064,1
14068,2
14071,2
14072,1
14075,1
14083,1
14090,2
14094,1
14096,1
14099,1
14104,2
14111,1
14115,1
14116,1
14117,1
14124,1
14126,1
14130,1
14132,1
14138,1
14139,1
14142,1
14146,1
14149,1
14151,1
14153,1
14155,1
14161,2
14163,1
14165,2
14169,2
14171,1
14172,2
14175,1
14180,3
14182,3
14183,2
14184,1
14186,1
14188,1
14190,1
14199,1
14200,2
14202,2
14206,1
14210,1
14214,2
14216,2
14217,1
14221,1
14229,1
14231,1
14234,3
14241,1
14244,1
14246,1
14250,1
14252,1
14254,1
14255,1
14257,1
14258,2
14264,1
14265,1
14270,1
14277,1
14280,1
14281,1
14286,1
14291,1
14293,1
14294,1
14297,1
14309,1
14311,2
14318,1
14321,2
14322,2
14324,1
14325,1
14331,1
14332,1
14333,1
14334,1
14336,1
14339,1
14340,1
14344,1
14349,1
14350,1
14353,1
14354,1
14355,1
14359,1
14365,1
14366,1
14369,1
14371,1
14375,4
14377,1
14379,1
14381,1
14383,1
14387,1
14390,1
14394,1
14395,1
14397,1
14401,1
14404,1
14407,1
14409,1
14410,2
14417,2
14424,1
14428,1
14429,4
14432,1
14434,1
14436,1
14439,1
14442,1
14443,2
14446,1
14452,1
14457,1
14459,1
14463,1
14465,1
14468,1
14470,1
14471,1
14477,1
14478,1
14482,1
14483,1
14490,1
14492,2
14496,2
14508,1
14510,1
14515,2
14517,1
14519,1
14526,1
14528,1
14533,1
14535,1
14538,2
14539,1
14544,1
14545,1
14546,1
14548,1
14555,1
14560,1
14561,1
14562,1
14563,3
14567,1
14568,1
14576,1
14578,1
14579,1
14580,1
14583,1
14585,1
14586,1
14588,1
14589,1
14600,1
14603,1
14604,1
14606,2
14611,1
14619,2
14620,2
14629,2
14630,1
14635,1
14636,1
14640,1
14646,1
14647,2
14648,1
14654,1
14657,1
14659,1
14663,1
14667,1
14670,1
14673,2
14676,1
14678,1
14680,1
14683,1
14686,1
14687,1
14689,1
14696,1
14697,1
14698,1
14700,1
14709,1
14711,2
14717,1
14719,1
14721,1
14722,1
14723,1
14725,1
14731,1
14732,2
14733,2
14734,1
14736,1
14749,2
14750,1
14755,1
14762,7
14763,1
14770,2
14773,1
14776,2
14786,1
14789,1
14805,1
14806,1
14814,1
14817,1
14819,8
14821,1
14822,1
14828,1
14829,2
14832,1
14834,1
14845,2
14849,1
14854,2
14858,1
14872,1
14873,1
14878,2
14880,2
14882,1
14887,1
14888,1
14891,2
14896,1
14899,1
14900,1
14901,1
14902,1
14910,1
14911,1
14912,1
14916,1
14918,1
14919,1
14922,1
14923,2
14924,1
14932,1
14935,1
14937,1
14938,1
14941,1
14945,1
14948,1
14950,2
14957,1
14963,3
14968,1
14970,2
14971,1
14974,1
14986,2
14993,1
14995,1
15001,1
15005,1
15009,1
15014,3
15018,1
15021,1
15022,1
15025,1
15030,2
15036,1
15046,1
15047,1
15049,1
15053,1
15066,1
15068,1
15072,1
15073,2
15074,1
15077,2
15079,1
15082,1
15098,1
15101,1
15103,1
15104,1
15114,1
15115,1
15117,1
15120,1
15123,2
15124,2
15131,4
15140,1
15141,1
15146,1
15150,1
15153,1
15159,1
15165,1
15172,2
15178,1
15179,1
15191,1
15195,1
15198,1
15199,1
15203,1
15209,1
15210,1
15212,2
15213,1
15215,1
15217,1
15228,1
15230,1
15231,2
15234,1
15245,1
15250,1
15251,2
15253,1
15255,1
15258,1
15259,2
15265,1
15271,1
15279,1
15290,1
15298,1
15305,1
15307,1
15311,1
15312,1
15313,1
15315,1
15318,1
15324,1
15329,2
15331,1
15333,1
15342,1
15349,1
15351,1
15353,1
15354,1
15363,1
15366,1
15369,1
15379,1
15390,4
15397,1
15399,1
15402,1
15404,1
15408,1
15409,1
15419,1
15421,1
15427,1
15430,1
15432,1
15436,1
15439,2
15446,1
15447,2
15454,1
15457,1
15461,1
15464,1
15465,2
15469,2
15471,1
15474,1
15480,1
15485,2
15489,1
15498,1
15502,1
15503,1
15505,1
15506,1
15512,1
15515,1
15528,1
15529,1
15532,1
15534,1
15539,8
15548,1
15549,3
15550,2
15551,1
15552,1
15553,1
15554,1
15569,1
15585,1
15589,1
15594,1
15600,3
15602,1
15603,1
15605,3
15618,1
15619,1
15624,1
15626,1
15631,2
15637,1
15647,1
15651,2
15654,1
15656,3
15657,1
15663,1
15664,1
15665,1
15671,1
15672,1
15675,1
15681,1
15683,1
15684,2
15685,1
15686,1
15689,1
15698,1
15700,1
15701,2
15705,1
15707,2
15710,1
15719,1
15723,2
15727,1
15728,2
15735,1
15739,1
15746,1
15755,3
15759,1
15762,1
15771,1
15773,1
15775,1
15776,1
15777,1
15784,2
15795,1
15798,1
15809,1
15811,1
15813,1
15817,1
15820,1
15833,2
15845,1
15849,2
15850,1
15854,1
15856,2
15859,4
15861,1
15872,1
15875,1
15883,1
15884,2
15886,1
15899,1
15905,1
15909,1
15913,5
15915,1
15916,1
15917,1
15926,1
15927,1
15931,1
15934,2
15935,1
15936,1
15943,2
15948,1
15953,1
15959,1
15961,2
15965,1
15968,1
15969,1
15970,1
15972,1
15978,1
15981,1
15985,1
15989,1
15991,1
15993,2
15994,1
16006,1
16013,1
16018,1
16022,1
16036,1
16048,2
16056,1
16057,2
16072,3
16073,1
16076,1
16077,2
16079,1
16082,1
16086,2
16094,1
16100,2
16104,1
16107,1
16119,1
16121,1
16126,1
16127,1
16131,2
16132,1
16137,1
16147,1
16152,1
16171,1
16176,1
16177,2
16181,1
16183,1
16187,1
16193,1
16194,2
16197,1
16205,3
16206,1
16209,1
16210,1
16211,2
16222,1
16224,1
16225,1
16227,1
16231,1
16239,1
16256,1
16262,1
16263,1
16265,1
16273,1
16281,1
16282,3
16288,1
16300,1
16301,2
16303,1
16311,1
16316,1
16321,1
16325,1
16329,1
16339,2
16342,1
16344,1
16350,1
16353,1
16356,1
16365,1
16370,1
16374,1
16377,1
16380,1
16382,1
16383,2
16385,1
16387,1
16388,1
16392,1
16402,1
16403,3
16404,1
16416,1
16436,1
16437,1
16439,1
16442,1
16443,1
16446,1
16448,1
16451,1
16458,2
16460,1
16465,3
16468,1
16469,1
16470,1
16475,1
16478,1
16479,1
16484,1
16489,2
16491,1
16498,1
16506,1
16509,1
16511,1
16521,2
16522,2
16524,1
16529,1
16530,1
16531,2
16537,1
16540,1
16546,2
16550,2
16551,1
16552,1
16553,1
16561,1
16563,1
16567,1
16573,1
16574,1
16575,1
16581,1
16582,1
16583,1
16589,1
16591,1
16607,1
16609,1
16611,1
16623,3
16624,1
16628,1
16635,1
16640,3
16641,1
16643,4
16644,1
16652,2
16661,3
16664,2
16673,2
16676,1
16681,1
16691,1
16693,1
16696,1
16705,1
16713,1
16719,1
16722,1
16724,1
16726,1
16740,1
16741,1
16742,1
16745,1
16747,1
16748,1
16754,1
16761,1
16766,1
16769,2
16771,1
16777,1
16788,1
16793,1
16795,2
16797,1
16798,2
16802,1
16804,1
16812,1
16817,1
16822,1
16827,1
16832,1
16834,3
16838,1
16844,1
16845,1
16851,1
16855,1
16868,1
16869,1
16877,1
16890,1
16900,1
16903,1
16907,1
16909,1
16913,1
16923,1
16925,2
16927,1
16928,1
16934,2
16936,1
16947,1
16948,1
16950,1
16957,1
16965,1
16968,2
16969,1
16970,1
16981,1
16989,4
16990,1
16991,1
16996,1
16997,2
16998,1
17003,2
17005,1
17006,1
17010,1
17015,1
17016,1
17020,1
17028,1
17029,1
17042,1
17047,1
17068,1
17069,1
17081,1
17087,1
17089,1
17093,1
17096,1
17099,1
17100,2
17103,1
17106,1
17109,1
17110,1
17111,1
17113,1
17115,1
17121,1
17127,2
17144,1
17151,1
17153,1
17154,1
17156,1
17169,1
17174,1
17184,1
17187,1
17188,1
17193,1
17194,2
17201,1
17204,1
17207,1
17208,1
17218,1
17219,2
17225,1
17231,2
17235,1
17240,1
17255,1
17259,1
17262,1
17273,1
17284,1
17285,1
17289,3
17291,1
17293,1
17300,2
17313,1
17314,2
17334,1
17335,1
17349,1
17360,1
17368,2
17373,1
17378,1
17384,1
17386,1
17390,1
17393,1
17396,1
17397,1
17412,2
17421,2
17427,1
17428,1
17432,1
17434,1
17436,1
17442,1
17445,1
17450,1
17453,1
17456,1
17457,1
17462,1
17463,1
17467,1
17474,1
17475,2
17476,2
17481,1
17491,1
17494,1
17497,1
17506,1
17518,1
17528,1
17530,1
17538,1
17542,1
17544,1
17550,1
17554,1
17555,2
17556,1
17562,1
17565,1
17577,1
17578,1
17579,1
17584,1
17588,1
17593,2
17595,1
17596,1
17604,1
17611,1
17613,2
17617,1
17621,2
17624,1
17633,1
17636,1
17641,1
17642,1
17647,1
17648,2
17649,3
17653,2
17662,1
17663,1
17669,1
17672,1
17673,1
17680,1
17682,1
17684,1
17691,1
17693,1
17701,1
17715,1
17719,1
17728,1
17731,3
17745,1
17748,1
17753,1
17768,1
17769,1
17770,3
17772,1
17779,1
17793,1
17805,1
17825,1
17830,1
17842,1
17848,1
17856,1
17858,1
17864,1
17866,1
17867,1
17868,1
17882,2
17887,1
17889,1
17893,1
17902,2
17907,1
17912,1
17922,1
17924,1
17925,2
17926,1
17930,2
17942,1
17948,1
17964,1
17972,1
17974,1
17977,1
17983,1
18005,1
18006,2
18026,1
18027,1
18028,2
18030,1
18043,1
18049,1
18054,1
18059,3
18080,1
18086,1
18090,1
18093,1
18097,1
18113,1
18115,1
18118,1
18121,2
18141,1
18143,2
18147,1
18156,1
18160,1
18164,1
18171,1
18175,2
18182,1
18197,2
18203,1
18204,2
18207,1
18210,1
18211,1
18217,1
18220,1
18224,1
18232,1
18235,1
18256,1
18273,1
18275,1
18277,1
18296,1
18298,1
18301,1
18314,1
18318,2
18333,1
18339,1
18340,1
18344,1
18370,1
18376,2
18379,1
18400,3
18401,1
18405,1
18414,1
18415,1
18416,1
18423,1
18424,1
18427,1
18437,2
18444,2
18446,1
18447,1
18453,5
18482,1
18488,1
18498,1
18503,1
18516,1
18518,1
18521,1
18526,1
18528,1
18531,1
18536,1
18556,1
18559,1
18561,1
18563,4
18566,1
18581,1
18582,2
18585,1
18586,1
18590,1
18598,1
18601,1
18604,1
18614,1
18618,2
18619,1
18620,1
18627,1
18632,1
18638,1
18641,3
18645,1
18647,1
18654,1
18657,1
18660,1
18677,1
18688,1
18702,1
18703,1
18704,2
18713,1
18717,1
18720,1
18726,1
18732,1
18743,1
18750,1
18751,1
18752,1
18757,2
18767,1
18777,2
18787,3
18795,1
18797,1
18806,3
18817,1
18820,1
18821,1
18833,2
18840,1
18853,1
18866,1
18869,1
18873,1
18887,1
18892,1
18897,2
18906,2
18909,1
18912,1
18914,2
18925,1
18926,1
18928,1
18930,1
18941,1
18958,1
18965,1
18979,2
18981,1
18988,1
18993,1
19004,1
19011,1
19013,1
19015,1
19018,1
19020,1
19028,1
19041,1
19049,1
19051,1
19053,1
19059,1
19063,1
19064,1
19079,1
19081,1
19082,1
19086,1
19091,1
19111,1
19113,1
19119,1
19122,1
19123,1
19124,1
19131,1
19132,1
19135,1
19137,1
19139,1
19142,1
19144,1
19154,1
19155,1
19156,1
19157,1
19167,1
19175,1
19182,1
19186,1
19202,2
19223,1
19224,1
19238,1
19243,1
19244,2
19257,1
19258,1
19261,1
19267,1
19269,1
19276,1
19284,1
19288,1
19291,1
19295,1
19304,1
19309,1
19321,1
19323,1
19324,1
19329,2
19332,1
19335,2
19346,1
19368,1
19379,1
19382,1
19392,1
19412,1
19413,1
19414,1
19415,1
19416,1
19417,1
19418,1
19420,1
19424,1
19435,1
19436,1
19438,1
19451,1
19467,1
19471,1
19486,1
19496,1
19507,2
19515,1
19529,1
19532,1
19539,1
19543,1
19544,1
19547,1
19556,1
19560,1
19564,1
19573,1
19595,1
19597,2
19601,1
19611,1
19612,1
19626,1
19634,1
19638,1
19644,1
19649,1
19652,1
19659,1
19666,3
19683,4
19685,1
19698,1
19716,1
19720,1
19744,1
19748,1
19760,1
19761,1
19763,2
19765,1
19772,1
19773,1
19782,1
19787,2
19792,2
19793,1
19806,1
19811,1
19820,2
19827,1
19829,1
19831,1
19837,1
19840,1
19841,2
19855,2
19861,1
19866,1
19869,1
19881,1
19882,1
19891,1
19892,1
19896,1
19903,1
19907,1
19909,1
19918,1
19928,2
19934,1
19935,1
19942,2
19957,1
19960,2
19962,1
19972,1
19976,1
19982,1
19993,1
20012,1
20019,3
20034,1
20035,1
20060,1
20072,1
20088,1
20089,1
20090,1
20091,2
20096,1
20097,1
20103,1
20105,1
20113,1
20125,1
20129,2
20131,1
20149,1
20156,1
20164,1
20166,2
20192,1
20201,2
20212,1
20213,1
20221,1
20233,1
20241,1
20243,1
20256,1
20257,2
20261,1
20263,1
20264,1
20281,1
20282,1
20289,1
20308,4
20314,1
20320,1
20340,1
20353,1
20369,1
20377,1
20379,1
20388,1
20389,1
20407,1
20409,1
20420,2
20425,1
20442,1
20445,1
20459,4
20463,1
20476,1
20482,1
20484,1
20485,1
20520,1
20528,1
20538,1
20539,1
20545,1
20552,1
20560,1
20573,1
20576,1
20581,1
20588,1
20609,1
20614,1
20627,1
20629,1
20631,1
20633,2
20638,1
20653,1
20669,1
20671,1
20674,2
20677,1
20687,1
20689,1
20704,1
20706,1
20709,1
20726,1
20727,1
20729,1
20739,1
20747,5
20750,1
20758,1
20760,1
20764,1
20796,1
20800,1
20802,1
20804,2
20816,2
20826,1
20835,1
20862,1
20863,1
20875,1
20887,1
20905,1
20909,1
20911,2
20914,1
20916,1
20934,1
20935,3
20940,1
20958,1
20965,1
20971,1
20973,1
20977,1
20990,1
20994,1
20997,1
21007,1
21008,1
21016,1
21028,1
21036,1
21041,1
21046,1
21056,1
21065,1
21069,1
21089,3
21093,1
21132,1
21157,2
21163,1
21173,1
21174,1
21187,1
21204,1
21207,1
21247,1
21248,1
21254,1
21281,1
21285,1
21286,1
21308,1
21321,2
21324,1
21326,1
21352,1
21367,1
21378,1
21382,1
21430,1
21436,1
21439,1
21441,1
21464,1
21468,1
21472,1
21510,1
21516,1
21529,1
21531,1
21548,1
21550,1
21557,1
21566,1
21569,1
21575,2
21578,1
21585,1
21596,1
21602,1
21614,2
21626,1
21643,1
21652,1
21675,1
21678,1
21679,1
21682,1
21705,1
21717,1
21745,1
21765,1
21767,1
21775,1
21792,1
21807,1
21808,1
21820,1
21822,1
21841,3
21843,1
21845,1
21854,1
21856,1
21864,1
21869,1
21873,1
21882,1
21883,1
21914,1
21944,1
21945,1
21953,1
21956,1
21961,1
21972,1
21979,1
21981,1
21986,1
22005,1
22008,1
22014,1
22030,1
22035,1
22042,2
22044,1
22061,1
22066,1
22067,1
22079,1
22081,1
22083,1
22098,1
22100,1
22105,1
22143,1
22156,1
22164,1
22203,2
22219,2
22222,1
22234,1
22242,1
22259,1
22261,1
22288,1
22310,1
22320,1
22323,1
22327,1
22332,1
22339,1
22353,1
22355,1
22366,1
22385,1
22394,1
22397,1
22402,1
22408,1
22435,1
22443,1
22446,4
22460,1
22521,1
22534,1
22538,1
22545,1
22554,1
22569,1
22596,1
22600,1
22609,1
22613,1
22619,2
22657,1
22676,1
22679,1
22691,3
22693,1
22695,1
22697,1
22719,1
22759,1
22775,1
22780,1
22808,2
22816,1
22818,1
22820,1
22822,1
22847,2
22875,1
22882,1
22889,1
22918,1
22924,1
22925,1
22926,1
22939,1
22944,1
22958,1
22966,1
22970,1
22986,1
23000,1
23019,1
23029,1
23057,1
23067,1
23085,1
23098,1
23132,1
23158,1
23171,1
23179,1
23186,1
23194,1
23198,1
23204,2
23206,1
23216,1
23228,1
23238,1
23259,1
23273,2
23287,1
23301,2
23308,1
23322,1
23325,1
23327,1
23342,1
23353,1
23396,1
23401,1
23408,1
23417,1
23437,1
23439,1
23446,1
23451,1
23456,1
23472,1
23477,1
23484,1
23508,1
23525,1
23527,1
23529,1
23538,1
23551,1
23566,1
23578,1
23585,1
23609,1
23615,1
23633,1
23677,1
23690,1
23698,1
23717,1
23726,1
23773,1
23789,2
23798,1
23811,1
23821,1
23823,1
23842,1
23849,1
23859,1
23869,1
23875,1
23891,1
23901,1
23922,1
23952,1
23963,1
23972,1
24002,1
24041,2
24058,1
24072,2
24086,1
24096,1
24114,1
24137,1
24157,1
24161,1
24179,3
24183,1
24197,1
24199,1
24214,1
24220,1
24233,2
24266,1
24267,1
24269,1
24272,1
24290,1
24296,1
24314,1
24316,1
24338,1
24384,1
24419,1
24424,2
24450,1
24466,1
24474,1
24488,1
24491,1
24494,1
24530,1
24533,1
24535,1
24555,1
24571,1
24582,1
24588,1
24595,1
24603,1
24604,2
24607,1
24624,1
24688,1
24691,1
24706,1
24715,1
24719,1
24734,1
24737,1
24741,1
24776,1
24784,1
24789,1
24797,1
24805,1
24819,1
24824,2
24826,1
24832,1
24837,1
24842,1
24845,1
24851,2
24860,1
24863,1
24871,1
24873,1
24875,1
24880,1
24911,1
24939,2
24946,1
24961,3
24962,1
24964,1
25009,2
25015,1
25044,1
25089,1
25095,1
25102,1
25111,1
25113,1
25121,1
25132,1
25150,1
25164,1
25183,1
25193,1
25196,1
25197,1
25209,2
25219,3
25233,1
25252,3
25265,1
25268,1
25283,1
25336,1
25339,1
25351,1
25358,1
25374,1
25419,1
25425,1
25439,1
25442,1
25448,1
25484,1
25496,1
25497,1
25509,1
25514,1
25523,1
25530,1
25542,1
25543,1
25619,3
25639,1
25650,1
25654,1
25659,1
25676,1
25717,1
25729,1
25762,1
25776,1
25781,1
25783,1
25792,1
25812,2
25843,1
25859,1
25882,1
25893,1
25915,1
25934,3
25948,1
26001,1
26010,1
26043,1
26059,1
26060,1
26068,1
26079,1
26086,2
26094,1
26097,1
26118,1
26142,1
26151,1
26168,2
26175,1
26184,1
26186,1
26198,1
26203,1
26206,1
26214,2
26260,1
26295,1
26314,1
26331,1
26334,1
26347,1
26367,1
26389,1
26417,1
26454,1
26473,1
26480,2
26495,1
26498,1
26557,1
26571,2
26597,2
26601,1
26621,1
26635,1
26652,1
26655,2
26682,1
26690,1
26714,1
26745,1
26747,1
26763,1
26772,1
26784,1
26787,1
26796,1
26799,1
26807,1
26823,1
26824,1
26873,1
26883,1
26886,1
26888,1
26895,1
26922,1
26946,1
26958,1
26989,1
27009,1
27018,1
27041,1
27043,2
27046,1
27054,1
27059,4
27065,1
27083,1
27085,1
27094,1
27131,1
27135,1
27169,1
27177,1
27185,1
27209,1
27211,1
27215,1
27234,1
27241,1
27256,1
27262,1
27310,1
27317,1
27320,1
27336,1
27360,1
27384,1
27416,2
27431,1
27451,1
27486,1
27508,1
27510,1
27538,1
27555,1
27569,1
27585,1
27602,1
27622,1
27670,1
27680,1
27734,2
27736,1
27739,2
27754,1
27777,1
27790,2
27797,1
27885,1
27913,1
27920,1
27961,1
27982,1
27993,1
28048,1
28088,1
28136,1
28181,1
28209,1
28230,1
28232,1
28339,1
28360,1
28364,1
28369,1
28380,1
28428,1
28432,3
28448,1
28469,1
28510,1
28573,1
28582,1
28619,1
28622,1
28643,2
28680,1
28698,1
28751,1
28755,1
28834,1
28857,1
28859,4
28886,1
28905,1
28915,1
28937,1
28940,1
28955,1
28956,1
28993,1
29016,1
29074,1
29076,1
29096,1
29121,1
29123,1
29126,1
29127,1
29130,1
29178,1
29260,1
29308,1
29314,1
29347,1
29353,1
29360,1
29392,1
29419,1
29423,1
29473,1
29496,1
29499,1
29525,2
29553,2
29645,1
29656,1
29756,1
29799,1
29801,1
29803,1
29844,1
29870,1
29877,1
29914,1
29936,1
30011,1
30029,1
30051,1
30209,1
30247,1
30249,1
30292,2
30345,1
30463,1
30530,1
30583,1
30611,1
30614,1
30659,2
30663,1
30667,2
30723,1
30728,1
30780,1
30809,1
30842,1
30939,2
30947,1
30980,1
31007,1
31012,1
31030,1
31064,1
31201,1
31203,1
31262,1
31313,2
31367,1
31369,1
31371,1
31402,1
31410,1
31438,1
31492,1
31511,1
31548,1
31554,1
31569,1
31667,1
31751,1
31768,2
31799,1
31806,1
31833,1
31870,1
31927,1
31929,1
31979,1
31986,1
32074,1
32096,1
32155,1
32215,1
32265,1
32304,1
32355,1
32363,1
32367,1
32411,2
32421,1
32512,1
32576,1
32622,1
32658,1
32707,1
32711,1
32733,1
32765,1
32777,2
32806,3
32825,1
32832,1
32979,1
33013,1
33022,1
33045,1
33063,1
33092,1
33101,1
33162,1
33214,1
33247,1
33256,1
33305,1
33329,1
33363,1
33481,1
33539,1
33554,1
33596,1
33653,1
33669,1
33781,1
33808,1
33851,2
33914,1
33981,1
34056,1
34058,1
34137,1
34138,1
34200,1
34212,1
34271,2
34313,1
34386,1
34388,1
34416,1
34437,1
34525,1
34579,3
34586,1
34628,1
34668,1
34698,1
34737,1
34891,2
34900,1
34915,1
34952,2
35013,1
35060,1
35112,1
35177,1
35227,1
35288,1
35307,1
35450,1
35535,1
35540,1
35587,1
35728,1
35764,1
35804,1
35897,1
36055,1
36061,1
36181,1
36242,1
36282,1
36350,1
36401,1
36408,1
36423,1
36555,2
36636,1
36681,1
36700,1
36874,1
36894,1
36907,2
37006,2
37063,1
37196,1
37237,1
37309,1
37409,1
37514,2
37641,1
37813,1
37819,2
37825,1
37829,1
37865,1
37883,1
37931,1
38129,1
38226,1
38313,1
38334,1
38476,1
38489,1
38515,1
38553,1
38765,1
38788,1
38828,2
38835,1
38836,1
39014,1
39015,1
39086,1
39129,1
39146,1
39321,1
39584,1
39655,1
39675,1
39710,1
39732,1
39792,1
39857,1
39914,1
40068,1
40120,1
40194,1
40259,2
40329,1
40384,1
40403,3
40514,1
40527,1
40561,1
40641,1
40703,1
40707,1
40739,1
40777,1
40778,1
40965,1
40971,1
41040,1
41266,1
41307,1
41374,2
41419,1
41601,1
41609,1
41632,1
41819,1
41880,1
42015,1
42072,1
42179,3
42314,1
42346,1
42509,1
42570,1
42648,1
42765,1
42873,1
43020,1
43286,1
43490,1
43614,1
43644,1
43682,1
43690,1
43891,1
44123,1
44134,1
44286,1
44329,1
44699,1
44871,1
44904,1
45068,1
45077,1
45694,1
45779,1
45795,1
45888,1
46001,1
46118,1
46171,1
46317,1
46329,1
46409,1
46546,1
46817,1
46893,1
46955,1
46969,1
47267,1
47282,1
47331,1
47579,1
47739,1
47979,1
48535,1
48544,1
48632,1
48848,1
49165,1
49209,1
49469,1
49638,1
49822,1
49893,1
49922,1
50019,1
50504,1
50884,1
51206,1
51318,1
51624,1
51718,1
51869,1
52002,1
52337,1
52373,1
52590,1
52669,1
52779,1
52947,1
53195,1
53310,1
54019,1
54036,1
54082,1
54092,1
54423,1
54620,1
54833,1
55509,1
55595,1
56096,1
56363,1
56419,1
56720,1
56729,1
56738,1
56939,1
57021,1
57360,1
57502,1
58153,1
58193,1
58242,1
58253,1
58521,1
58694,1
58999,1
59051,2
59872,1
60059,1
60103,1
60669,1
60926,2
61060,1
61447,1
61457,1
62061,1
62402,1
63023,1
63096,1
63108,1
63972,1
64148,1
64726,1
64861,1
65422,1
65836,1
66184,1
66429,1
66494,1
66611,1
67339,2
67603,1
67616,1
68275,1
68425,1
68542,1
68832,1
69336,1
70454,1
71081,1
71609,1
71700,1
72110,1
72803,1
73273,1
73748,1
73814,1
74474,1
76326,1
77577,1
78003,1
79421,1
79966,1
81123,1
81414,1
81943,1
83203,1
83264,1
85297,1
91389,1
92819,1
95959,1
98419,1
101009,1
103739,1
106621,1
109667,1
127945,1
137084,1
