# x u_b(x) 3L-ring even bright BJT N=1 beta=1/4
-6.469546942498929809e+00 5.004382921353665026e-01
-6.467967463264921335e+00 5.020190185819447537e-01
-6.466387984030912861e+00 5.036022358198432025e-01
-6.464808504796904387e+00 5.051879398431031731e-01
-6.463229025562895913e+00 5.067761266018655508e-01
-6.461649546328887439e+00 5.083667920022052478e-01
-6.460070067094878965e+00 5.099599319059548996e-01
-6.458490587860870491e+00 5.115555421305592043e-01
-6.456911108626862017e+00 5.131536184488912911e-01
-6.455331629392852655e+00 5.147541565890967341e-01
-6.453752150158844181e+00 5.163571522344210241e-01
-6.452172670924835707e+00 5.179626010230520272e-01
-6.450593191690827233e+00 5.195704985479494553e-01
-6.449013712456818759e+00 5.211808403566797754e-01
-6.447434233222810285e+00 5.227936219512562266e-01
-6.445854753988801811e+00 5.244088387879729529e-01
-6.444275274754793337e+00 5.260264862772439098e-01
-6.442695795520784863e+00 5.276465597834303356e-01
-6.441116316286776389e+00 5.292690546246845429e-01
-6.439536837052767915e+00 5.308939660727967080e-01
-6.437957357818759441e+00 5.325212893530061331e-01
-6.436377878584750967e+00 5.341510196438684632e-01
-6.434798399350742493e+00 5.357831520770762745e-01
-6.433218920116734019e+00 5.374176817372954273e-01
-6.431639440882725545e+00 5.390546036620225134e-01
-6.430059961648716182e+00 5.406939128414007811e-01
-6.428480482414707708e+00 5.423356042180813574e-01
-6.426901003180699234e+00 5.439796726870400612e-01
-6.425321523946690760e+00 5.456261130954465077e-01
-6.423742044712682286e+00 5.472749202424802561e-01
-6.422162565478673812e+00 5.489260888791791526e-01
-6.420583086244665338e+00 5.505796137082903385e-01
-6.419003607010656864e+00 5.522354893841003864e-01
-6.417424127776648390e+00 5.538937105122813120e-01
-6.415844648542639916e+00 5.555542716497354760e-01
-6.414265169308631442e+00 5.572171673044431506e-01
-6.412685690074622968e+00 5.588823919352960967e-01
-6.411106210840614494e+00 5.605499399519496828e-01
-6.409526731606606020e+00 5.622198057146626793e-01
-6.407947252372597546e+00 5.638919835341479336e-01
-6.406367773138589072e+00 5.655664676714137196e-01
-6.404788293904580598e+00 5.672432523376130797e-01
-6.403208814670571236e+00 5.689223316938919472e-01
-6.401629335436562762e+00 5.706036998512229452e-01
-6.400049856202554288e+00 5.722873508702762679e-01
-6.398470376968545814e+00 5.739732787612543685e-01
-6.396890897734537340e+00 5.756614774837340853e-01
-6.395311418500528866e+00 5.773519409465329710e-01
-6.393731939266520392e+00 5.790446630075450907e-01
-6.392152460032511918e+00 5.807396374736055744e-01
-6.390572980798503444e+00 5.824368581003229739e-01
-6.388993501564494970e+00 5.841363185919494772e-01
-6.387414022330486496e+00 5.858380126012256994e-01
-6.385834543096478022e+00 5.875419337292282496e-01
-6.384255063862469548e+00 5.892480755252312852e-01
-6.382675584628461074e+00 5.909564314865636270e-01
-6.381096105394452600e+00 5.926669950584471103e-01
-6.379516626160444126e+00 5.943797596338744604e-01
-6.377937146926434764e+00 5.960947185534498649e-01
-6.376357667692426290e+00 5.978118651052459764e-01
-6.374778188458417816e+00 5.995311925246717966e-01
-6.373198709224409342e+00 6.012526939943237947e-01
-6.371619229990400868e+00 6.029763626438425783e-01
-6.370039750756392394e+00 6.047021915497818867e-01
-6.368460271522383920e+00 6.064301737354580446e-01
-6.366880792288375446e+00 6.081603021708125167e-01
-6.365301313054366972e+00 6.098925697722877848e-01
-6.363721833820358498e+00 6.116269694026713610e-01
-6.362142354586350024e+00 6.133634938709687789e-01
-6.360562875352341550e+00 6.151021359322609294e-01
-6.358983396118333076e+00 6.168428882875836017e-01
-6.357403916884324602e+00 6.185857435837757157e-01
-6.355824437650316128e+00 6.203306944133549772e-01
-6.354244958416307654e+00 6.220777333143836518e-01
-6.352665479182299180e+00 6.238268527703327848e-01
-6.351085999948289817e+00 6.255780452099617417e-01
-6.349506520714281343e+00 6.273313030071758778e-01
-6.347927041480272869e+00 6.290866184808986405e-01
-6.346347562246264395e+00 6.308439838949491119e-01
-6.344768083012255921e+00 6.326033914579142214e-01
-6.343188603778247447e+00 6.343648333230125225e-01
-6.341609124544238973e+00 6.361283015879792835e-01
-6.340029645310230499e+00 6.378937882949315963e-01
-6.338450166076222025e+00 6.396612854302566875e-01
-6.336870686842213551e+00 6.414307849244715865e-01
-6.335291207608205077e+00 6.432022786521154334e-01
-6.333711728374196603e+00 6.449757584316184733e-01
-6.332132249140188129e+00 6.467512160251919218e-01
-6.330552769906179655e+00 6.485286431386940720e-01
-6.328973290672171181e+00 6.503080314215272661e-01
-6.327393811438162707e+00 6.520893724665048907e-01
-6.325814332204153345e+00 6.538726578097540099e-01
-6.324234852970144871e+00 6.556578789305707033e-01
-6.322655373736136397e+00 6.574450272513401305e-01
-6.321075894502127923e+00 6.592340941373961982e-01
-6.319496415268119449e+00 6.610250708969200861e-01
-6.317916936034110975e+00 6.628179487808301129e-01
-6.316337456800102501e+00 6.646127189826589454e-01
-6.314757977566094027e+00 6.664093726384685556e-01
-6.313178498332085553e+00 6.682079008267107767e-01
-6.311599019098077079e+00 6.700082945681486990e-01
-6.310019539864068605e+00 6.718105448257276624e-01
-6.308440060630060131e+00 6.736146425044905461e-01
-6.306860581396051657e+00 6.754205784514490940e-01
-6.305281102162043183e+00 6.772283434555093073e-01
-6.303701622928034709e+00 6.790379282473494316e-01
-6.302122143694026235e+00 6.808493234993228116e-01
-6.300542664460017761e+00 6.826625198253688520e-01
-6.298963185226008399e+00 6.844775077809041042e-01
-6.297383705991999925e+00 6.862942778627230123e-01
-6.295804226757991451e+00 6.881128205089147576e-01
-6.294224747523982977e+00 6.899331260987595638e-01
-6.292645268289974503e+00 6.917551849526329955e-01
-6.291065789055966029e+00 6.935789873319209153e-01
-6.289486309821957555e+00 6.954045234389244490e-01
-6.287906830587949081e+00 6.972317834167729433e-01
-6.286327351353940607e+00 6.990607573493297089e-01
-6.284747872119932133e+00 7.008914352611125276e-01
-6.283168392885923659e+00 7.027238071172017264e-01
-6.281588913651915185e+00 7.045578628231571328e-01
-6.280009434417906711e+00 7.063935922249350297e-01
-6.278429955183898237e+00 7.082309851088085528e-01
-6.276850475949889763e+00 7.100700312012799831e-01
-6.275270996715881289e+00 7.119107201690109132e-01
-6.273691517481871927e+00 7.137530416187387594e-01
-6.272112038247863453e+00 7.155969850971981572e-01
-6.270532559013854979e+00 7.174425400910446893e-01
-6.268953079779846504e+00 7.192896960267960438e-01
-6.267373600545838030e+00 7.211384422707369790e-01
-6.265794121311829556e+00 7.229887681288618140e-01
-6.264214642077821082e+00 7.248406628468078150e-01
-6.262635162843812608e+00 7.266941156097723731e-01
-6.261055683609804134e+00 7.285491155424564935e-01
-6.259476204375795660e+00 7.304056517090038447e-01
-6.257896725141787186e+00 7.322637131129257071e-01
-6.256317245907778712e+00 7.341232886970421312e-01
-6.254737766673770238e+00 7.359843673434252054e-01
-6.253158287439761764e+00 7.378469378733373274e-01
-6.251578808205753290e+00 7.397109890471680327e-01
-6.249999328971744816e+00 7.415765095643838123e-01
-6.248419849737736342e+00 7.434434880634774867e-01
-6.246840370503726980e+00 7.453119131219019255e-01
-6.245260891269718506e+00 7.471817732560201986e-01
-6.243681412035710032e+00 7.490530569210726020e-01
-6.242101932801701558e+00 7.509257525111050491e-01
-6.240522453567693084e+00 7.527998483589348755e-01
-6.238942974333684610e+00 7.546753327361075403e-01
-6.237363495099676136e+00 7.565521938528414481e-01
-6.235784015865667662e+00 7.584304198579878697e-01
-6.234204536631659188e+00 7.603099988390085162e-01
-6.232625057397650714e+00 7.621909188219109232e-01
-6.231045578163642240e+00 7.640731677712206960e-01
-6.229466098929633766e+00 7.659567335899577500e-01
-6.227886619695625292e+00 7.678416041195839092e-01
-6.226307140461616818e+00 7.697277671399799237e-01
-6.224727661227608344e+00 7.716152103694111641e-01
-6.223148181993599870e+00 7.735039214645049732e-01
-6.221568702759590508e+00 7.753938880202192463e-01
-6.219989223525582034e+00 7.772850975698124554e-01
-6.218409744291573560e+00 7.791775375848306595e-01
-6.216830265057565086e+00 7.810711954750702013e-01
-6.215250785823556612e+00 7.829660585885762636e-01
-6.213671306589548138e+00 7.848621142116066762e-01
-6.212091827355539664e+00 7.867593495686280303e-01
-6.210512348121531190e+00 7.886577518222926964e-01
-6.208932868887522716e+00 7.905573080734290548e-01
-6.207353389653514242e+00 7.924580053610346120e-01
-6.205773910419505768e+00 7.943598306622513538e-01
-6.204194431185497294e+00 7.962627708923816217e-01
-6.202614951951488820e+00 7.981668129048589133e-01
-6.201035472717480346e+00 8.000719434912619832e-01
-6.199455993483471872e+00 8.019781493812967454e-01
-6.197876514249463398e+00 8.038854172428153699e-01
-6.196297035015454924e+00 8.057937336817987406e-01
-6.194717555781445562e+00 8.077030852423727758e-01
-6.193138076547437088e+00 8.096134584068086504e-01
-6.191558597313428614e+00 8.115248395955338978e-01
-6.189979118079420140e+00 8.134372151671329654e-01
-6.188399638845411665e+00 8.153505714183775233e-01
-6.186820159611403191e+00 8.172648945842175827e-01
-6.185240680377394717e+00 8.191801708378096958e-01
-6.183661201143386243e+00 8.210963862905336086e-01
-6.182081721909377769e+00 8.230135269920046959e-01
-6.180502242675369295e+00 8.249315789301077118e-01
-6.178922763441360821e+00 8.268505280310064487e-01
-6.177343284207352347e+00 8.287703601591791536e-01
-6.175763804973343873e+00 8.306910611174387338e-01
-6.174184325739335399e+00 8.326126166469673962e-01
-6.172604846505326925e+00 8.345350124273476222e-01
-6.171025367271318451e+00 8.364582340765919222e-01
-6.169445888037309089e+00 8.383822671511829139e-01
-6.167866408803300615e+00 8.403070971461112926e-01
-6.166286929569292141e+00 8.422327094949062509e-01
-6.164707450335283667e+00 8.441590895696914343e-01
-6.163127971101275193e+00 8.460862226812255749e-01
-6.161548491867266719e+00 8.480140940789357984e-01
-6.159969012633258245e+00 8.499426889509857919e-01
-6.158389533399249771e+00 8.518719924243087771e-01
-6.156810054165241297e+00 8.538019895646752344e-01
-6.155230574931232823e+00 8.557326653767329816e-01
-6.153651095697224349e+00 8.576640048040784503e-01
-6.152071616463215875e+00 8.595959927293018721e-01
-6.150492137229207401e+00 8.615286139740632176e-01
-6.148912657995198927e+00 8.634618532991436002e-01
-6.147333178761190453e+00 8.653956954045174399e-01
-6.145753699527181979e+00 8.673301249294209647e-01
-6.144174220293173505e+00 8.692651264524214882e-01
-6.142594741059164143e+00 8.712006844914836901e-01
-6.141015261825155669e+00 8.731367835040557690e-01
-6.139435782591147195e+00 8.750734078871387212e-01
-6.137856303357138721e+00 8.770105419773647215e-01
-6.136276824123130247e+00 8.789481700510908269e-01
-6.134697344889121773e+00 8.808862763244624805e-01
-6.133117865655113299e+00 8.828248449535243125e-01
-6.131538386421104825e+00 8.847638600342837556e-01
-6.129958907187096351e+00 8.867033056028204019e-01
-6.128379427953087877e+00 8.886431656353785957e-01
-6.126799948719079403e+00 8.905834240484402642e-01
-6.125220469485070929e+00 8.925240646988573667e-01
-6.123640990251062455e+00 8.944650713839255030e-01
-6.122061511017053981e+00 8.964064278414960452e-01
-6.120482031783045507e+00 8.983481177500880488e-01
-6.118902552549037033e+00 9.002901247289780695e-01
-6.117323073315027671e+00 9.022324323383327238e-01
-6.115743594081019197e+00 9.041750240792987281e-01
-6.114164114847010723e+00 9.061178833941292421e-01
-6.112584635613002249e+00 9.080609936663051052e-01
-6.111005156378993775e+00 9.100043382206403075e-01
-6.109425677144985301e+00 9.119479003234198800e-01
-6.107846197910976827e+00 9.138916631825128034e-01
-6.106266718676968352e+00 9.158356099475040146e-01
-6.104687239442959878e+00 9.177797237098178629e-01
-6.103107760208951404e+00 9.197239875028635492e-01
-6.101528280974942930e+00 9.216683843021490352e-01
-6.099948801740934456e+00 9.236128970254364745e-01
-6.098369322506925982e+00 9.255575085328697771e-01
-6.096789843272917508e+00 9.275022016271212699e-01
-6.095210364038909034e+00 9.294469590535352488e-01
-6.093630884804900560e+00 9.313917635002758599e-01
-6.092051405570892086e+00 9.333365975984753149e-01
-6.090471926336883612e+00 9.352814439223797738e-01
-6.088892447102874250e+00 9.372262849895178771e-01
-6.087312967868865776e+00 9.391711032608367482e-01
-6.085733488634857302e+00 9.411158811408851799e-01
-6.084154009400848828e+00 9.430606009779589627e-01
-6.082574530166840354e+00 9.450052450642696389e-01
-6.080995050932831880e+00 9.469497956361104807e-01
-6.079415571698823406e+00 9.488942348740334598e-01
-6.077836092464814932e+00 9.508385449030136716e-01
-6.076256613230806458e+00 9.527827077926236399e-01
-6.074677133996797984e+00 9.547267055572151717e-01
-6.073097654762789510e+00 9.566705201561034322e-01
-6.071518175528781036e+00 9.586141334937329228e-01
-6.069938696294772562e+00 9.605575274198816516e-01
-6.068359217060764088e+00 9.625006837298402118e-01
-6.066779737826755614e+00 9.644435841645970786e-01
-6.065200258592746252e+00 9.663862104110496620e-01
-6.063620779358737778e+00 9.683285441021731721e-01
-6.062041300124729304e+00 9.702705668172427744e-01
-6.060461820890720830e+00 9.722122600820295446e-01
-6.058882341656712356e+00 9.741536053689904273e-01
-6.057302862422703882e+00 9.760945840974906140e-01
-6.055723383188695408e+00 9.780351776340059367e-01
-6.054143903954686934e+00 9.799753672923302572e-01
-6.052564424720678460e+00 9.819151343337996218e-01
-6.050984945486669986e+00 9.838544599675070890e-01
-6.049405466252661512e+00 9.857933253505091198e-01
-6.047825987018653038e+00 9.877317115880674958e-01
-6.046246507784644564e+00 9.896695997338622597e-01
-6.044667028550636090e+00 9.916069707902188668e-01
-6.043087549316627616e+00 9.935438057083463281e-01
-6.041508070082619142e+00 9.954800853885634737e-01
-6.039928590848610668e+00 9.974157906805404261e-01
-6.038349111614602194e+00 9.993509023835263072e-01
-6.036769632380592832e+00 1.001285401246608808e+00
-6.035190153146584358e+00 1.003219267968940898e+00
-6.033610673912575884e+00 1.005152483199993174e+00
-6.032031194678567410e+00 1.007085027539806443e+00
-6.030451715444558936e+00 1.009016881539244626e+00
-6.028872236210550462e+00 1.010948025700240338e+00
-6.027292756976541988e+00 1.012878440476055797e+00
-6.025713277742533514e+00 1.014808106271555488e+00
-6.024133798508525039e+00 1.016737003443455523e+00
-6.022554319274516565e+00 1.018665112300589648e+00
-6.020974840040508091e+00 1.020592413104185026e+00
-6.019395360806499617e+00 1.022518886068125354e+00
-6.017815881572491143e+00 1.024444511359237531e+00
-6.016236402338482669e+00 1.026369269097547665e+00
-6.014656923104474195e+00 1.028293139356583286e+00
-6.013077443870464833e+00 1.030216102163639347e+00
-6.011497964636456359e+00 1.032138137500069552e+00
-6.009918485402447885e+00 1.034059225301575680e+00
-6.008339006168439411e+00 1.035979345458487577e+00
-6.006759526934430937e+00 1.037898477816078024e+00
-6.005180047700422463e+00 1.039816602174829629e+00
-6.003600568466413989e+00 1.041733698290754795e+00
-6.002021089232405515e+00 1.043649745875694590e+00
-6.000441609998397041e+00 1.045564724597612294e+00
-5.998862130764388567e+00 1.047478614080909587e+00
-5.997282651530380093e+00 1.049391393906732750e+00
-5.995703172296371619e+00 1.051303043613289079e+00
-5.994123693062363145e+00 1.053213542696153970e+00
-5.992544213828354671e+00 1.055122870608595109e+00
-5.990964734594346197e+00 1.057031006761891989e+00
-5.989385255360337723e+00 1.058937930525655879e+00
-5.987805776126329249e+00 1.060843621228159783e+00
-5.986226296892320775e+00 1.062748058156672171e+00
-5.984646817658311413e+00 1.064651220557772060e+00
-5.983067338424302939e+00 1.066553087637699182e+00
-5.981487859190294465e+00 1.068453638562681940e+00
-5.979908379956285991e+00 1.070352852459286019e+00
-5.978328900722277517e+00 1.072250708414748344e+00
-5.976749421488269043e+00 1.074147185477323463e+00
-5.975169942254260569e+00 1.076042262656634829e+00
-5.973590463020252095e+00 1.077935918924024072e+00
-5.972010983786243621e+00 1.079828133212905383e+00
-5.970431504552235147e+00 1.081718884419119675e+00
-5.968852025318226673e+00 1.083608151401292075e+00
-5.967272546084218199e+00 1.085495912981198519e+00
-5.965693066850209725e+00 1.087382147944124133e+00
-5.964113587616201251e+00 1.089266835039235604e+00
-5.962534108382192777e+00 1.091149952979948656e+00
-5.960954629148183415e+00 1.093031480444295322e+00
-5.959375149914174941e+00 1.094911396075307630e+00
-5.957795670680166467e+00 1.096789678481391750e+00
-5.956216191446157993e+00 1.098666306236701917e+00
-5.954636712212149519e+00 1.100541257881540114e+00
-5.953057232978141045e+00 1.102414511922717111e+00
-5.951477753744132571e+00 1.104286046833970802e+00
-5.949898274510124097e+00 1.106155841056323919e+00
-5.948318795276115623e+00 1.108023872998515458e+00
-5.946739316042107149e+00 1.109890121037358401e+00
-5.945159836808098675e+00 1.111754563518167593e+00
-5.943580357574090201e+00 1.113617178755147652e+00
-5.942000878340081726e+00 1.115477945031800644e+00
-5.940421399106073252e+00 1.117336840601332426e+00
-5.938841919872064778e+00 1.119193843687065648e+00
-5.937262440638056304e+00 1.121048932482846094e+00
-5.935682961404047830e+00 1.122902085153462348e+00
-5.934103482170039356e+00 1.124753279835060127e+00
-5.932524002936029994e+00 1.126602494635565943e+00
-5.930944523702021520e+00 1.128449707635101440e+00
-5.929365044468013046e+00 1.130294896886421485e+00
-5.927785565234004572e+00 1.132138040415327840e+00
-5.926206085999996098e+00 1.133979116221110139e+00
-5.924626606765987624e+00 1.135818102276974662e+00
-5.923047127531979150e+00 1.137654976530480866e+00
-5.921467648297970676e+00 1.139489716903975491e+00
-5.919888169063962202e+00 1.141322301295038866e+00
-5.918308689829953728e+00 1.143152707576923000e+00
-5.916729210595945254e+00 1.144980913599000338e+00
-5.915149731361936780e+00 1.146806897187205632e+00
-5.913570252127928306e+00 1.148630636144501338e+00
-5.911990772893919832e+00 1.150452108251308836e+00
-5.910411293659911358e+00 1.152271291265984487e+00
-5.908831814425901996e+00 1.154088162925265504e+00
-5.907252335191893522e+00 1.155902700944731354e+00
-5.905672855957885048e+00 1.157714883019268948e+00
-5.904093376723876574e+00 1.159524686823540485e+00
-5.902513897489868100e+00 1.161332090012447082e+00
-5.900934418255859626e+00 1.163137070221599512e+00
-5.899354939021851152e+00 1.164939605067788708e+00
-5.897775459787842678e+00 1.166739672149467388e+00
-5.896195980553834204e+00 1.168537249047222781e+00
-5.894616501319825730e+00 1.170332313324249585e+00
-5.893037022085817256e+00 1.172124842526850674e+00
-5.891457542851808782e+00 1.173914814184900068e+00
-5.889878063617800308e+00 1.175702205812340306e+00
-5.888298584383791834e+00 1.177486994907671836e+00
-5.886719105149783360e+00 1.179269158954441732e+00
-5.885139625915774886e+00 1.181048675421741523e+00
-5.883560146681766412e+00 1.182825521764691690e+00
-5.881980667447757938e+00 1.184599675424957255e+00
-5.880401188213748576e+00 1.186371113831233615e+00
-5.878821708979740102e+00 1.188139814399750138e+00
-5.877242229745731628e+00 1.189905754534785309e+00
-5.875662750511723154e+00 1.191668911629164107e+00
-5.874083271277714680e+00 1.193429263064770485e+00
-5.872503792043706206e+00 1.195186786213062069e+00
-5.870924312809697732e+00 1.196941458435574646e+00
-5.869344833575689258e+00 1.198693257084447072e+00
-5.867765354341680784e+00 1.200442159502938200e+00
-5.866185875107672310e+00 1.202188143025935574e+00
-5.864606395873663836e+00 1.203931184980497227e+00
-5.863026916639655362e+00 1.205671262686355050e+00
-5.861447437405646887e+00 1.207408353456456584e+00
-5.859867958171638413e+00 1.209142434597483717e+00
-5.858288478937629939e+00 1.210873483410392026e+00
-5.856708999703620577e+00 1.212601477190935251e+00
-5.855129520469612103e+00 1.214326393230196643e+00
-5.853550041235603629e+00 1.216048208815144083e+00
-5.851970562001595155e+00 1.217766901229144327e+00
-5.850391082767586681e+00 1.219482447752516130e+00
-5.848811603533578207e+00 1.221194825663078687e+00
-5.847232124299569733e+00 1.222904012236675442e+00
-5.845652645065561259e+00 1.224609984747742519e+00
-5.844073165831552785e+00 1.226312720469842077e+00
-5.842493686597544311e+00 1.228012196676219858e+00
-5.840914207363535837e+00 1.229708390640354088e+00
-5.839334728129527363e+00 1.231401279636502810e+00
-5.837755248895518889e+00 1.233090840940273214e+00
-5.836175769661510415e+00 1.234777051829166084e+00
-5.834596290427501941e+00 1.236459889583140459e+00
-5.833016811193493467e+00 1.238139331485177852e+00
-5.831437331959484993e+00 1.239815354821831361e+00
-5.829857852725476519e+00 1.241487936883806320e+00
-5.828278373491467157e+00 1.243157054966514519e+00
-5.826698894257458683e+00 1.244822686370645304e+00
-5.825119415023450209e+00 1.246484808402740452e+00
-5.823539935789441735e+00 1.248143398375749502e+00
-5.821960456555433261e+00 1.249798433609627057e+00
-5.820380977321424787e+00 1.251449891431880790e+00
-5.818801498087416313e+00 1.253097749178158082e+00
-5.817222018853407839e+00 1.254741984192830229e+00
-5.815642539619399365e+00 1.256382573829560645e+00
-5.814063060385390891e+00 1.258019495451890624e+00
-5.812483581151382417e+00 1.259652726433817538e+00
-5.810904101917373943e+00 1.261282244160381039e+00
-5.809324622683365469e+00 1.262908026028246589e+00
-5.807745143449356995e+00 1.264530049446288551e+00
-5.806165664215348521e+00 1.266148291836188822e+00
-5.804586184981339159e+00 1.267762730633009038e+00
-5.803006705747330685e+00 1.269373343285789879e+00
-5.801427226513322211e+00 1.270980107258145253e+00
-5.799847747279313737e+00 1.272583000028854938e+00
-5.798268268045305263e+00 1.274181999092449225e+00
-5.796688788811296789e+00 1.275777081959809323e+00
-5.795109309577288315e+00 1.277368226158778874e+00
-5.793529830343279841e+00 1.278955409234733276e+00
-5.791950351109271367e+00 1.280538608751204954e+00
-5.790370871875262893e+00 1.282117802290463349e+00
-5.788791392641254419e+00 1.283692967454134859e+00
-5.787211913407245945e+00 1.285264081863789265e+00
-5.785632434173237471e+00 1.286831123161554125e+00
-5.784052954939228997e+00 1.288394069010719845e+00
-5.782473475705220523e+00 1.289952897096335205e+00
-5.780893996471212049e+00 1.291507585125820867e+00
-5.779314517237203574e+00 1.293058110829578222e+00
-5.777735038003195100e+00 1.294604451961598457e+00
-5.776155558769185738e+00 1.296146586300068071e+00
-5.774576079535177264e+00 1.297684491647981719e+00
-5.772996600301168790e+00 1.299218145833758609e+00
-5.771417121067160316e+00 1.300747526711848900e+00
-5.769837641833151842e+00 1.302272612163345222e+00
-5.768258162599143368e+00 1.303793380096604615e+00
-5.766678683365134894e+00 1.305309808447856046e+00
-5.765099204131126420e+00 1.306821875181820580e+00
-5.763519724897117946e+00 1.308329558292324002e+00
-5.761940245663109472e+00 1.309832835802922757e+00
-5.760360766429100998e+00 1.311331685767512578e+00
-5.758781287195092524e+00 1.312826086270945103e+00
-5.757201807961084050e+00 1.314316015429657369e+00
-5.755622328727075576e+00 1.315801451392286214e+00
-5.754042849493067102e+00 1.317282372340283558e+00
-5.752463370259057740e+00 1.318758756488547901e+00
-5.750883891025049266e+00 1.320230582086039384e+00
-5.749304411791040792e+00 1.321697827416399740e+00
-5.747724932557032318e+00 1.323160470798578459e+00
-5.746145453323023844e+00 1.324618490587457398e+00
-5.744565974089015370e+00 1.326071865174463182e+00
-5.742986494855006896e+00 1.327520572988213576e+00
-5.741407015620998422e+00 1.328964592495111674e+00
-5.739827536386989948e+00 1.330403902200000044e+00
-5.738248057152981474e+00 1.331838480646758249e+00
-5.736668577918973000e+00 1.333268306418943006e+00
-5.735089098684964526e+00 1.334693358140422781e+00
-5.733509619450956052e+00 1.336113614475978206e+00
-5.731930140216947578e+00 1.337529054131943340e+00
-5.730350660982939104e+00 1.338939655856832944e+00
-5.728771181748930630e+00 1.340345398441958658e+00
-5.727191702514922156e+00 1.341746260722071149e+00
-5.725612223280913682e+00 1.343142221575964745e+00
-5.724032744046904320e+00 1.344533259927118252e+00
-5.722453264812895846e+00 1.345919354744321117e+00
-5.720873785578887372e+00 1.347300485042284723e+00
-5.719294306344878898e+00 1.348676629882296973e+00
-5.717714827110870424e+00 1.350047768372816481e+00
-5.716135347876861950e+00 1.351413879670119167e+00
-5.714555868642853476e+00 1.352774942978913764e+00
-5.712976389408845002e+00 1.354130937552976643e+00
-5.711396910174836528e+00 1.355481842695771988e+00
-5.709817430940828054e+00 1.356827637761068850e+00
-5.708237951706819580e+00 1.358168302153582196e+00
-5.706658472472811106e+00 1.359503815329581755e+00
-5.705078993238802632e+00 1.360834156797535277e+00
-5.703499514004794158e+00 1.362159306118710500e+00
-5.701920034770785684e+00 1.363479242907818190e+00
-5.700340555536776321e+00 1.364793946833615212e+00
-5.698761076302767847e+00 1.366103397619550908e+00
-5.697181597068759373e+00 1.367407575044368606e+00
-5.695602117834750899e+00 1.368706458942742898e+00
-5.694022638600742425e+00 1.370000029205883374e+00
-5.692443159366733951e+00 1.371288265782175664e+00
-5.690863680132725477e+00 1.372571148677785624e+00
-5.689284200898717003e+00 1.373848657957288166e+00
-5.687704721664708529e+00 1.375120773744282099e+00
-5.686125242430700055e+00 1.376387476222006523e+00
-5.684545763196691581e+00 1.377648745633964555e+00
-5.682966283962683107e+00 1.378904562284527957e+00
-5.681386804728674633e+00 1.380154906539565296e+00
-5.679807325494666159e+00 1.381399758827056790e+00
-5.678227846260657685e+00 1.382639099637697822e+00
-5.676648367026649211e+00 1.383872909525521333e+00
-5.675068887792640737e+00 1.385101169108504227e+00
-5.673489408558632263e+00 1.386323859069188202e+00
-5.671909929324622901e+00 1.387540960155279945e+00
-5.670330450090614427e+00 1.388752453180261082e+00
-5.668750970856605953e+00 1.389958319024010347e+00
-5.667171491622597479e+00 1.391158538633390451e+00
-5.665592012388589005e+00 1.392353093022870691e+00
-5.664012533154580531e+00 1.393541963275119366e+00
-5.662433053920572057e+00 1.394725130541626834e+00
-5.660853574686563583e+00 1.395902576043288157e+00
-5.659274095452555109e+00 1.397074281071008173e+00
-5.657694616218546635e+00 1.398240226986315893e+00
-5.656115136984538161e+00 1.399400395221950255e+00
-5.654535657750529687e+00 1.400554767282453650e+00
-5.652956178516521213e+00 1.401703324744788093e+00
-5.651376699282512739e+00 1.402846049258912320e+00
-5.649797220048504265e+00 1.403982922548374201e+00
-5.648217740814494903e+00 1.405113926410926695e+00
-5.646638261580486429e+00 1.406239042719086285e+00
-5.645058782346477955e+00 1.407358253420739169e+00
-5.643479303112469481e+00 1.408471540539736555e+00
-5.641899823878461007e+00 1.409578886176463097e+00
-5.640320344644452533e+00 1.410680272508424871e+00
-5.638740865410444059e+00 1.411775681790848891e+00
-5.637161386176435585e+00 1.412865096357241335e+00
-5.635581906942427111e+00 1.413948498619980398e+00
-5.634002427708418637e+00 1.415025871070893837e+00
-5.632422948474410163e+00 1.416097196281829174e+00
-5.630843469240401689e+00 1.417162456905226575e+00
-5.629263990006393215e+00 1.418221635674704384e+00
-5.627684510772384741e+00 1.419274715405612008e+00
-5.626105031538376267e+00 1.420321678995603243e+00
-5.624525552304367793e+00 1.421362509425220466e+00
-5.622946073070359319e+00 1.422397189758428215e+00
-5.621366593836350845e+00 1.423425703143208931e+00
-5.619787114602341482e+00 1.424448032812092535e+00
-5.618207635368333008e+00 1.425464162082732633e+00
-5.616628156134324534e+00 1.426474074358468958e+00
-5.615048676900316060e+00 1.427477753128859828e+00
-5.613469197666307586e+00 1.428475181970260799e+00
-5.611889718432299112e+00 1.429466344546351797e+00
-5.610310239198290638e+00 1.430451224608690008e+00
-5.608730759964282164e+00 1.431429805997275206e+00
-5.607151280730273690e+00 1.432402072641065338e+00
-5.605571801496265216e+00 1.433368008558534301e+00
-5.603992322262256742e+00 1.434327597858207071e+00
-5.602412843028248268e+00 1.435280824739190386e+00
-5.600833363794239794e+00 1.436227673491722090e+00
-5.599253884560231320e+00 1.437168128497679387e+00
-5.597674405326222846e+00 1.438102174231134178e+00
-5.596094926092213484e+00 1.439029795258853994e+00
-5.594515446858205010e+00 1.439950976240848668e+00
-5.592935967624196536e+00 1.440865701930877263e+00
-5.591356488390188062e+00 1.441773957176973431e+00
-5.589777009156179588e+00 1.442675726921959001e+00
-5.588197529922171114e+00 1.443570996203963119e+00
-5.586618050688162640e+00 1.444459750156918965e+00
-5.585038571454154166e+00 1.445341974011098429e+00
-5.583459092220145692e+00 1.446217653093592403e+00
-5.581879612986137218e+00 1.447086772828816592e+00
-5.580300133752128744e+00 1.447949318739037761e+00
-5.578720654518120270e+00 1.448805276444834700e+00
-5.577141175284111796e+00 1.449654631665623139e+00
-5.575561696050103322e+00 1.450497370220120041e+00
-5.573982216816094848e+00 1.451333478026863633e+00
-5.572402737582086374e+00 1.452162941104675031e+00
-5.570823258348077900e+00 1.452985745573143417e+00
-5.569243779114069426e+00 1.453801877653123409e+00
-5.567664299880060064e+00 1.454611323667190703e+00
-5.566084820646051590e+00 1.455414070040133012e+00
-5.564505341412043116e+00 1.456210103299405034e+00
-5.562925862178034642e+00 1.456999410075615620e+00
-5.561346382944026168e+00 1.457781977102974302e+00
-5.559766903710017694e+00 1.458557791219766697e+00
-5.558187424476009220e+00 1.459326839368795259e+00
-5.556607945242000746e+00 1.460089108597861562e+00
-5.555028466007992272e+00 1.460844586060194850e+00
-5.553448986773983798e+00 1.461593259014906776e+00
-5.551869507539975324e+00 1.462335114827443050e+00
-5.550290028305966850e+00 1.463070140970017974e+00
-5.548710549071958376e+00 1.463798325022060975e+00
-5.547131069837949902e+00 1.464519654670648485e+00
-5.545551590603941428e+00 1.465234117710927819e+00
-5.543972111369932065e+00 1.465941702046564821e+00
-5.542392632135923591e+00 1.466642395690146428e+00
-5.540813152901915117e+00 1.467336186763622763e+00
-5.539233673667906643e+00 1.468023063498715031e+00
-5.537654194433898169e+00 1.468703014237330073e+00
-5.536074715199889695e+00 1.469376027431976706e+00
-5.534495235965881221e+00 1.470042091646167837e+00
-5.532915756731872747e+00 1.470701195554827034e+00
-5.531336277497864273e+00 1.471353327944691314e+00
-5.529756798263855799e+00 1.471998477714709708e+00
-5.528177319029847325e+00 1.472636633876425183e+00
-5.526597839795838851e+00 1.473267785554376541e+00
-5.525018360561830377e+00 1.473891921986483666e+00
-5.523438881327821903e+00 1.474509032524415231e+00
-5.521859402093813429e+00 1.475119106633990373e+00
-5.520279922859804955e+00 1.475722133895532640e+00
-5.518700443625796481e+00 1.476318104004252785e+00
-5.517120964391788007e+00 1.476907006770608266e+00
-5.515541485157778645e+00 1.477488832120676943e+00
-5.513962005923770171e+00 1.478063570096504353e+00
-5.512382526689761697e+00 1.478631210856466538e+00
-5.510803047455753223e+00 1.479191744675616871e+00
-5.509223568221744749e+00 1.479745161946042220e+00
-5.507644088987736275e+00 1.480291453177198679e+00
-5.506064609753727801e+00 1.480830608996250852e+00
-5.504485130519719327e+00 1.481362620148414022e+00
-5.502905651285710853e+00 1.481887477497279670e+00
-5.501326172051702379e+00 1.482405172025146989e+00
-5.499746692817693905e+00 1.482915694833348841e+00
-5.498167213583685431e+00 1.483419037142559294e+00
-5.496587734349676957e+00 1.483915190293121356e+00
-5.495008255115668483e+00 1.484404145745359838e+00
-5.493428775881660009e+00 1.484885895079878004e+00
-5.491849296647650647e+00 1.485360429997869325e+00
-5.490269817413642173e+00 1.485827742321404799e+00
-5.488690338179633699e+00 1.486287823993748480e+00
-5.487110858945625225e+00 1.486740667079625933e+00
-5.485531379711616751e+00 1.487186263765524430e+00
-5.483951900477608277e+00 1.487624606359974289e+00
-5.482372421243599803e+00 1.488055687293813989e+00
-5.480792942009591329e+00 1.488479499120479499e+00
-5.479213462775582855e+00 1.488896034516268507e+00
-5.477633983541574381e+00 1.489305286280602658e+00
-5.476054504307565907e+00 1.489707247336283791e+00
-5.474475025073557433e+00 1.490101910729762391e+00
-5.472895545839548959e+00 1.490489269631382063e+00
-5.471316066605540485e+00 1.490869317335626887e+00
-5.469736587371532011e+00 1.491242047261366999e+00
-5.468157108137523537e+00 1.491607452952093738e+00
-5.466577628903515063e+00 1.491965528076163672e+00
-5.464998149669506589e+00 1.492316266427010873e+00
-5.463418670435498115e+00 1.492659661923392056e+00
-5.461839191201488752e+00 1.492995708609597072e+00
-5.460259711967480278e+00 1.493324400655660078e+00
-5.458680232733471804e+00 1.493645732357587352e+00
-5.457100753499463330e+00 1.493959698137552472e+00
-5.455521274265454856e+00 1.494266292544102370e+00
-5.453941795031446382e+00 1.494565510252355622e+00
-5.452362315797437908e+00 1.494857346064201842e+00
-5.450782836563429434e+00 1.495141794908480648e+00
-5.449203357329420960e+00 1.495418851841175290e+00
-5.447623878095412486e+00 1.495688512045595164e+00
-5.446044398861404012e+00 1.495950770832539689e+00
-5.444464919627395538e+00 1.496205623640477267e+00
-5.442885440393387064e+00 1.496453066035713153e+00
-5.441305961159377702e+00 1.496693093712550660e+00
-5.439726481925369228e+00 1.496925702493440813e+00
-5.438147002691360754e+00 1.497150888329148444e+00
-5.436567523457352280e+00 1.497368647298886746e+00
-5.434988044223343806e+00 1.497578975610470930e+00
-5.433408564989335332e+00 1.497781869600453231e+00
-5.431829085755326858e+00 1.497977325734251686e+00
-5.430249606521318384e+00 1.498165340606289142e+00
-5.428670127287309910e+00 1.498345910940108716e+00
-5.427090648053301436e+00 1.498519033588503913e+00
-5.425511168819292962e+00 1.498684705533622541e+00
-5.423931689585284488e+00 1.498842923887084622e+00
-5.422352210351276014e+00 1.498993685890082528e+00
-5.420772731117267540e+00 1.499136988913494672e+00
-5.419193251883259066e+00 1.499272830457967665e+00
-5.417613772649250592e+00 1.499401208154005793e+00
-5.416034293415242118e+00 1.499522119762081829e+00
-5.414454814181233644e+00 1.499635563172689423e+00
-5.412875334947225170e+00 1.499741536406432374e+00
-5.411295855713216696e+00 1.499840037614113886e+00
-5.409716376479207334e+00 1.499931065076771652e+00
-5.408136897245198860e+00 1.500014617205764678e+00
-5.406557418011190386e+00 1.500090692542829895e+00
-5.404977938777181912e+00 1.500159289760123471e+00
-5.403398459543173438e+00 1.500220407660281641e+00
-5.401818980309164964e+00 1.500274045176458237e+00
-5.400239501075156490e+00 1.500320201372364215e+00
-5.398660021841148016e+00 1.500358875442307172e+00
-5.397080542607139542e+00 1.500390066711213777e+00
-5.395501063373131068e+00 1.500413774634659969e+00
-5.393921584139122594e+00 1.500429998798885389e+00
-5.392342104905114120e+00 1.500438738920817361e+00
-5.390762625671105646e+00 1.500439994848072445e+00
-5.389183146437096283e+00 1.500433766558967763e+00
-5.387603667203087809e+00 1.500420054162513672e+00
-5.386024187969079335e+00 1.500398857898425309e+00
-5.384444708735070861e+00 1.500370178137096167e+00
-5.382865229501062387e+00 1.500334015379598984e+00
-5.381285750267053913e+00 1.500290370257652661e+00
-5.379706271033045439e+00 1.500239243533613598e+00
-5.378126791799036965e+00 1.500180636100445053e+00
-5.376547312565028491e+00 1.500114548981668294e+00
-5.374967833331020017e+00 1.500040983331351052e+00
-5.373388354097011543e+00 1.499959940434042682e+00
-5.371808874863003069e+00 1.499871421704737751e+00
-5.370229395628994595e+00 1.499775428688826295e+00
-5.368649916394986121e+00 1.499671963062028990e+00
-5.367070437160977647e+00 1.499561026630343186e+00
-5.365490957926969173e+00 1.499442621329971637e+00
-5.363911478692960699e+00 1.499316749227249890e+00
-5.362331999458952225e+00 1.499183412518580116e+00
-5.360752520224943751e+00 1.499042613530343182e+00
-5.359173040990935277e+00 1.498894354718810273e+00
-5.357593561756926803e+00 1.498738638670059853e+00
-5.356014082522917441e+00 1.498575468099881292e+00
-5.354434603288908967e+00 1.498404845853675615e+00
-5.352855124054900493e+00 1.498226774906344261e+00
-5.351275644820892019e+00 1.498041258362192263e+00
-5.349696165586883545e+00 1.497848299454803023e+00
-5.348116686352875071e+00 1.497647901546931282e+00
-5.346537207118866597e+00 1.497440068130366342e+00
-5.344957727884858123e+00 1.497224802825814827e+00
-5.343378248650849649e+00 1.497002109382767898e+00
-5.341798769416841175e+00 1.496771991679360925e+00
-5.340219290182832701e+00 1.496534453722227376e+00
-5.338639810948824227e+00 1.496289499646361154e+00
-5.337060331714814865e+00 1.496037133714964495e+00
-5.335480852480806391e+00 1.495777360319284988e+00
-5.333901373246797917e+00 1.495510183978460361e+00
-5.332321894012789443e+00 1.495235609339350846e+00
-5.330742414778780969e+00 1.494953641176375747e+00
-5.329162935544772495e+00 1.494664284391330034e+00
-5.327583456310764021e+00 1.494367544013215809e+00
-5.326003977076755547e+00 1.494063425198046025e+00
-5.324424497842747073e+00 1.493751933228674389e+00
-5.322845018608738599e+00 1.493433073514582876e+00
-5.321265539374730125e+00 1.493106851591698536e+00
-5.319686060140721651e+00 1.492773273122187216e+00
-5.318106580906713177e+00 1.492432343894251279e+00
-5.316527101672704703e+00 1.492084069821908887e+00
-5.314947622438696229e+00 1.491728456944790837e+00
-5.313368143204687755e+00 1.491365511427916513e+00
-5.311788663970679281e+00 1.490995239561466068e+00
-5.310209184736670807e+00 1.490617647760552167e+00
-5.308629705502662333e+00 1.490232742565004154e+00
-5.307050226268653859e+00 1.489840530639099603e+00
-5.305470747034645385e+00 1.489441018771350489e+00
-5.303891267800636022e+00 1.489034213874241175e+00
-5.302311788566627548e+00 1.488620122983987937e+00
-5.300732309332619074e+00 1.488198753260272733e+00
-5.299152830098610600e+00 1.487770111985996291e+00
-5.297573350864602126e+00 1.487334206567005879e+00
-5.295993871630593652e+00 1.486891044531831074e+00
-5.294414392396585178e+00 1.486440633531409095e+00
-5.292834913162576704e+00 1.485982981338813680e+00
-5.291255433928568230e+00 1.485518095848968878e+00
-5.289675954694559756e+00 1.485045985078365050e+00
-5.288096475460551282e+00 1.484566657164770875e+00
-5.286516996226542808e+00 1.484080120366943811e+00
-5.284937516992533446e+00 1.483586383064328107e+00
-5.283358037758524972e+00 1.483085453756746386e+00
-5.281778558524516498e+00 1.482577341064109433e+00
-5.280199079290508024e+00 1.482062053726092454e+00
-5.278619600056499550e+00 1.481539600601830875e+00
-5.277040120822491076e+00 1.481009990669595489e+00
-5.275460641588482602e+00 1.480473233026469604e+00
-5.273881162354474128e+00 1.479929336888030855e+00
-5.272301683120465654e+00 1.479378311588010364e+00
-5.270722203886457180e+00 1.478820166577965445e+00
-5.269142724652448706e+00 1.478254911426938767e+00
-5.267563245418440232e+00 1.477682555821115962e+00
-5.265983766184431758e+00 1.477103109563478789e+00
-5.264404286950423284e+00 1.476516582573460745e+00
-5.262824807716414810e+00 1.475922984886580247e+00
-5.261245328482406336e+00 1.475322326654094685e+00
-5.259665849248397862e+00 1.474714618142632494e+00
-5.258086370014389388e+00 1.474099869733828783e+00
-5.256506890780380914e+00 1.473478091923958289e+00
-5.254927411546372440e+00 1.472849295323556573e+00
-5.253347932312363966e+00 1.472213490657047874e+00
-5.251768453078354604e+00 1.471570688762356527e+00
-5.250188973844346130e+00 1.470920900590538150e+00
-5.248609494610337656e+00 1.470264137205371302e+00
-5.247030015376329182e+00 1.469600409782981565e+00
-5.245450536142320708e+00 1.468929729611433199e+00
-5.243871056908312234e+00 1.468252108090340791e+00
-5.242291577674303760e+00 1.467567556730459355e+00
-5.240712098440295286e+00 1.466876087153277997e+00
-5.239132619206286812e+00 1.466177711090616231e+00
-5.237553139972278338e+00 1.465472440384205655e+00
-5.235973660738269864e+00 1.464760286985265392e+00
-5.234394181504261390e+00 1.464041262954094647e+00
-5.232814702270252027e+00 1.463315380459643933e+00
-5.231235223036243553e+00 1.462582651779082976e+00
-5.229655743802235079e+00 1.461843089297373055e+00
-5.228076264568226605e+00 1.461096705506832460e+00
-5.226496785334218131e+00 1.460343513006705063e+00
-5.224917306100209657e+00 1.459583524502701124e+00
-5.223337826866201183e+00 1.458816752806575634e+00
-5.221758347632192709e+00 1.458043210835662906e+00
-5.220178868398184235e+00 1.457262911612438039e+00
-5.218599389164175761e+00 1.456475868264052842e+00
-5.217019909930167287e+00 1.455682094021882866e+00
-5.215440430696158813e+00 1.454881602221070214e+00
-5.213860951462150339e+00 1.454074406300053024e+00
-5.212281472228141865e+00 1.453260519800103179e+00
-5.210701992994133391e+00 1.452439956364858897e+00
-5.209122513760124917e+00 1.451612729739843122e+00
-5.207543034526116443e+00 1.450778853771992338e+00
-5.205963555292107969e+00 1.449938342409180070e+00
-5.204384076058099495e+00 1.449091209699734595e+00
-5.202804596824091021e+00 1.448237469791946896e+00
-5.201225117590082547e+00 1.447377136933589936e+00
-5.199645638356073185e+00 1.446510225471426825e+00
-5.198066159122064711e+00 1.445636749850714331e+00
-5.196486679888056237e+00 1.444756724614710830e+00
-5.194907200654047763e+00 1.443870164404168710e+00
-5.193327721420039289e+00 1.442977083956844986e+00
-5.191748242186030815e+00 1.442077498106980826e+00
-5.190168762952022341e+00 1.441171421784809947e+00
-5.188589283718013867e+00 1.440258870016037029e+00
-5.187009804484005393e+00 1.439339857921329457e+00
-5.185430325249996919e+00 1.438414400715799513e+00
-5.183850846015988445e+00 1.437482513708488341e+00
-5.182271366781979971e+00 1.436544212301847034e+00
-5.180691887547970609e+00 1.435599511991203503e+00
-5.179112408313962135e+00 1.434648428364252659e+00
-5.177532929079953661e+00 1.433690977100512631e+00
-5.175953449845945187e+00 1.432727173970802959e+00
-5.174373970611936713e+00 1.431757034836707465e+00
-5.172794491377928239e+00 1.430780575650041797e+00
-5.171215012143919765e+00 1.429797812452316741e+00
-5.169635532909911291e+00 1.428808761374185776e+00
-5.168056053675902817e+00 1.427813438634920384e+00
-5.166476574441894343e+00 1.426811860541856269e+00
-5.164897095207885869e+00 1.425804043489840911e+00
-5.163317615973877395e+00 1.424790003960694218e+00
-5.161738136739868921e+00 1.423769758522650974e+00
-5.160158657505860447e+00 1.422743323829807505e+00
-5.158579178271851973e+00 1.421710716621572335e+00
-5.156999699037843499e+00 1.420671953722096426e+00
-5.155420219803835025e+00 1.419627052039724502e+00
-5.153840740569826551e+00 1.418576028566429947e+00
-5.152261261335818077e+00 1.417518900377243707e+00
-5.150681782101809603e+00 1.416455684629698286e+00
-5.149102302867801129e+00 1.415386398563254211e+00
-5.147522823633791766e+00 1.414311059498734480e+00
-5.145943344399783292e+00 1.413229684837746802e+00
-5.144363865165774818e+00 1.412142292062116056e+00
-5.142784385931766344e+00 1.411048898733307189e+00
-5.141204906697757870e+00 1.409949522491843465e+00
-5.139625427463749396e+00 1.408844181056736033e+00
-5.138045948229740922e+00 1.407732892224896393e+00
-5.136466468995732448e+00 1.406615673870561078e+00
-5.134886989761723974e+00 1.405492543944696582e+00
-5.133307510527715500e+00 1.404363520474430249e+00
-5.131728031293707026e+00 1.403228621562445655e+00
-5.130148552059698552e+00 1.402087865386410614e+00
-5.128569072825689190e+00 1.400941270198369004e+00
-5.126989593591680716e+00 1.399788854324172771e+00
-5.125410114357672242e+00 1.398630636162857099e+00
-5.123830635123663768e+00 1.397466634186081080e+00
-5.122251155889655294e+00 1.396296866937507541e+00
-5.120671676655646820e+00 1.395121353032210632e+00
-5.119092197421638346e+00 1.393940111156081851e+00
-5.117512718187629872e+00 1.392753160065231199e+00
-5.115933238953621398e+00 1.391560518585379214e+00
-5.114353759719612924e+00 1.390362205611257451e+00
-5.112774280485604450e+00 1.389158240106008302e+00
-5.111194801251595976e+00 1.387948641100575475e+00
-5.109615322017587502e+00 1.386733427693101151e+00
-5.108035842783579028e+00 1.385512619048321348e+00
-5.106456363549570554e+00 1.384286234396947979e+00
-5.104876884315562080e+00 1.383054293035069104e+00
-5.103297405081553606e+00 1.381816814323540310e+00
-5.101717925847545132e+00 1.380573817687360982e+00
-5.100138446613536658e+00 1.379325322615078786e+00
-5.098558967379528184e+00 1.378071348658162609e+00
-5.096979488145519710e+00 1.376811915430395050e+00
-5.095400008911510348e+00 1.375547042607258241e+00
-5.093820529677501874e+00 1.374276749925321006e+00
-5.092241050443493400e+00 1.373001057181613804e+00
-5.090661571209484926e+00 1.371719984233014777e+00
-5.089082091975476452e+00 1.370433550995634908e+00
-5.087502612741467978e+00 1.369141777444204511e+00
-5.085923133507459504e+00 1.367844683611440626e+00
-5.084343654273451030e+00 1.366542289587435288e+00
-5.082764175039442556e+00 1.365234615519032024e+00
-5.081184695805434082e+00 1.363921681609215453e+00
-5.079605216571425608e+00 1.362603508116470685e+00
-5.078025737337417134e+00 1.361280115354178477e+00
-5.076446258103407772e+00 1.359951523689978847e+00
-5.074866778869399297e+00 1.358617753545166007e+00
-5.073287299635390823e+00 1.357278825394040878e+00
-5.071707820401382349e+00 1.355934759763308239e+00
-5.070128341167373875e+00 1.354585577231443017e+00
-5.068548861933365401e+00 1.353231298428068330e+00
-5.066969382699356927e+00 1.351871944033327555e+00
-5.065389903465348453e+00 1.350507534777262375e+00
-5.063810424231339979e+00 1.349138091439184395e+00
-5.062230944997331505e+00 1.347763634847056746e+00
-5.060651465763323031e+00 1.346384185876857265e+00
-5.059071986529314557e+00 1.344999765451961204e+00
-5.057492507295306083e+00 1.343610394542516850e+00
-5.055913028061297609e+00 1.342216094164808471e+00
-5.054333548827289135e+00 1.340816885380641255e+00
-5.052754069593280661e+00 1.339412789296712258e+00
-5.051174590359272187e+00 1.338003827063978246e+00
-5.049595111125263713e+00 1.336590019877037960e+00
-5.048015631891255239e+00 1.335171388973502848e+00
-5.046436152657246765e+00 1.333747955633367344e+00
-5.044856673423238291e+00 1.332319741178393357e+00
-5.043277194189228929e+00 1.330886766971471680e+00
-5.041697714955220455e+00 1.329449054416007803e+00
-5.040118235721211981e+00 1.328006624955284876e+00
-5.038538756487203507e+00 1.326559500071852860e+00
-5.036959277253195033e+00 1.325107701286888373e+00
-5.035379798019186559e+00 1.323651250159584514e+00
-5.033800318785178085e+00 1.322190168286518475e+00
-5.032220839551169611e+00 1.320724477301028266e+00
-5.030641360317161137e+00 1.319254198872592099e+00
-5.029061881083152663e+00 1.317779354706205108e+00
-5.027482401849144189e+00 1.316299966541751632e+00
-5.025902922615135715e+00 1.314816056153390145e+00
-5.024323443381126353e+00 1.313327645348924433e+00
-5.022743964147117879e+00 1.311834755969194966e+00
-5.021164484913109405e+00 1.310337409887442739e+00
-5.019585005679100931e+00 1.308835629008700430e+00
-5.018005526445092457e+00 1.307329435269163564e+00
-5.016426047211083983e+00 1.305818850635584560e+00
-5.014846567977075509e+00 1.304303897104641230e+00
-5.013267088743067035e+00 1.302784596702333042e+00
-5.011687609509058561e+00 1.301260971483349405e+00
-5.010108130275050087e+00 1.299733043530466148e+00
-5.008528651041041613e+00 1.298200834953920690e+00
-5.006949171807033139e+00 1.296664367890809411e+00
-5.005369692573024665e+00 1.295123664504458372e+00
-5.003790213339016191e+00 1.293578746983830463e+00
-5.002210734105007717e+00 1.292029637542892129e+00
-5.000631254870999243e+00 1.290476358420016956e+00
-4.999051775636990769e+00 1.288918931877373275e+00
-4.997472296402982295e+00 1.287357380200308654e+00
-4.995892817168973821e+00 1.285791725696750154e+00
-4.994313337934965347e+00 1.284221990696586824e+00
-4.992733858700956873e+00 1.282648197551080615e+00
-4.991154379466947510e+00 1.281070368632238221e+00
-4.989574900232939036e+00 1.279488526332231535e+00
-4.987995420998930562e+00 1.277902693062771267e+00
-4.986415941764922088e+00 1.276312891254527404e+00
-4.984836462530913614e+00 1.274719143356508599e+00
-4.983256983296905140e+00 1.273121471835475305e+00
-4.981677504062896666e+00 1.271519899175340029e+00
-4.980098024828888192e+00 1.269914447876563601e+00
-4.978518545594879718e+00 1.268305140455568081e+00
-4.976939066360871244e+00 1.266691999444132577e+00
-4.975359587126862770e+00 1.265075047388816154e+00
-4.973780107892854296e+00 1.263454306850338771e+00
-4.972200628658844934e+00 1.261829800403019508e+00
-4.970621149424836460e+00 1.260201550634172829e+00
-4.969041670190827986e+00 1.258569580143517053e+00
-4.967462190956819512e+00 1.256933911542595039e+00
-4.965882711722811038e+00 1.255294567454193100e+00
-4.964303232488802564e+00 1.253651570511741475e+00
-4.962723753254794090e+00 1.252004943358750566e+00
-4.961144274020785616e+00 1.250354708648216295e+00
-4.959564794786777142e+00 1.248700889042048123e+00
-4.957985315552768668e+00 1.247043507210490176e+00
-4.956405836318760194e+00 1.245382585831544375e+00
-4.954826357084751720e+00 1.243718147590391343e+00
-4.953246877850743246e+00 1.242050215178831740e+00
-4.951667398616734772e+00 1.240378811294695627e+00
-4.950087919382726298e+00 1.238703958641287128e+00
-4.948508440148717824e+00 1.237025679926808674e+00
-4.946928960914709350e+00 1.235343997863801890e+00
-4.945349481680700876e+00 1.233658935168575166e+00
-4.943770002446692402e+00 1.231970514560643881e+00
-4.942190523212683928e+00 1.230278758762169522e+00
-4.940611043978675454e+00 1.228583690497402570e+00
-4.939031564744666092e+00 1.226885332492113179e+00
-4.937452085510657618e+00 1.225183707473059158e+00
-4.935872606276649144e+00 1.223478838167402660e+00
-4.934293127042640670e+00 1.221770747302181270e+00
-4.932713647808632196e+00 1.220059457603741571e+00
-4.931134168574623722e+00 1.218344991797200461e+00
-4.929554689340615248e+00 1.216627372605897150e+00
-4.927975210106606774e+00 1.214906622750843823e+00
-4.926395730872598300e+00 1.213182764950183845e+00
-4.924816251638589826e+00 1.211455821918658415e+00
-4.923236772404581352e+00 1.209725816367055673e+00
-4.921657293170572878e+00 1.207992771001679788e+00
-4.920077813936563516e+00 1.206256708523819832e+00
-4.918498334702555042e+00 1.204517651629207542e+00
-4.916918855468546568e+00 1.202775623007496630e+00
-4.915339376234538094e+00 1.201030645341725878e+00
-4.913759897000529620e+00 1.199282741307793110e+00
-4.912180417766521145e+00 1.197531933573932506e+00
-4.910600938532512671e+00 1.195778244800196788e+00
-4.909021459298504197e+00 1.194021697637921875e+00
-4.907441980064495723e+00 1.192262314729225059e+00
-4.905862500830487249e+00 1.190500118706478760e+00
-4.904283021596478775e+00 1.188735132191797383e+00
-4.902703542362470301e+00 1.186967377796529055e+00
-4.901124063128461827e+00 1.185196878120741371e+00
-4.899544583894453353e+00 1.183423655752714687e+00
-4.897965104660444879e+00 1.181647733268438083e+00
-4.896385625426436405e+00 1.179869133231108869e+00
-4.894806146192427931e+00 1.178087878190620996e+00
-4.893226666958419457e+00 1.176303990683075673e+00
-4.891647187724410983e+00 1.174517493230288423e+00
-4.890067708490402509e+00 1.172728408339279049e+00
-4.888488229256394035e+00 1.170936758501795794e+00
-4.886908750022384673e+00 1.169142566193814847e+00
-4.885329270788376199e+00 1.167345853875060957e+00
-4.883749791554367725e+00 1.165546643988516928e+00
-4.882170312320359251e+00 1.163744958959940234e+00
-4.880590833086350777e+00 1.161940821197387397e+00
-4.879011353852342303e+00 1.160134253090730816e+00
-4.877431874618333829e+00 1.158325277011192922e+00
-4.875852395384325355e+00 1.156513915310852791e+00
-4.874272916150316881e+00 1.154700190322202946e+00
-4.872693436916308407e+00 1.152884124357656193e+00
-4.871113957682299933e+00 1.151065739709093094e+00
-4.869534478448291459e+00 1.149245058647392348e+00
-4.867954999214282097e+00 1.147422103421975148e+00
-4.866375519980273623e+00 1.145596896260343112e+00
-4.864796040746265149e+00 1.143769459367619756e+00
-4.863216561512256675e+00 1.141939814926099306e+00
-4.861637082278248201e+00 1.140107985094799048e+00
-4.860057603044239727e+00 1.138273992009003477e+00
-4.858478123810231253e+00 1.136437857779824867e+00
-4.856898644576222779e+00 1.134599604493751190e+00
-4.855319165342214305e+00 1.132759254212210465e+00
-4.853739686108205831e+00 1.130916828971133992e+00
-4.852160206874197357e+00 1.129072350780512268e+00
-4.850580727640188883e+00 1.127225841623974656e+00
-4.849001248406180409e+00 1.125377323458340850e+00
-4.847421769172171935e+00 1.123526818213206990e+00
-4.845842289938163461e+00 1.121674347790510673e+00
-4.844262810704154987e+00 1.119819934064111067e+00
-4.842683331470146513e+00 1.117963598879371023e+00
-4.841103852236138039e+00 1.116105364052734084e+00
-4.839524373002129565e+00 1.114245251371308143e+00
-4.837944893768121091e+00 1.112383282592456890e+00
-4.836365414534112617e+00 1.110519479443386803e+00
-4.834785935300103255e+00 1.108653863620736812e+00
-4.833206456066094781e+00 1.106786456790185280e+00
-4.831626976832086307e+00 1.104917280586027672e+00
-4.830047497598077832e+00 1.103046356610793088e+00
-4.828468018364069358e+00 1.101173706434837252e+00
-4.826888539130060884e+00 1.099299351595953489e+00
-4.825309059896052410e+00 1.097423313598983485e+00
-4.823729580662043936e+00 1.095545613915414052e+00
-4.822150101428035462e+00 1.093666273983009418e+00
-4.820570622194026988e+00 1.091785315205414442e+00
-4.818991142960018514e+00 1.089902758951775574e+00
-4.817411663726010040e+00 1.088018626556363611e+00
-4.815832184492000678e+00 1.086132939318198432e+00
-4.814252705257992204e+00 1.084245718500674638e+00
-4.812673226023983730e+00 1.082356985331194510e+00
-4.811093746789975256e+00 1.080466761000793863e+00
-4.809514267555966782e+00 1.078575066663779003e+00
-4.807934788321958308e+00 1.076681923437369015e+00
-4.806355309087949834e+00 1.074787352401329166e+00
-4.804775829853941360e+00 1.072891374597621406e+00
-4.803196350619932886e+00 1.070994011030044657e+00
-4.801616871385924412e+00 1.069095282663882207e+00
-4.800037392151915938e+00 1.067195210425556651e+00
-4.798457912917907464e+00 1.065293815202283056e+00
-4.796878433683898990e+00 1.063391117841727018e+00
-4.795298954449890516e+00 1.061487139151656267e+00
-4.793719475215882042e+00 1.059581899899614488e+00
-4.792139995981873568e+00 1.057675420812580480e+00
-4.790560516747865094e+00 1.055767722576628875e+00
-4.788981037513856620e+00 1.053858825836613944e+00
-4.787401558279848146e+00 1.051948751195830312e+00
-4.785822079045839672e+00 1.050037519215700765e+00
-4.784242599811831198e+00 1.048125150415441631e+00
-4.782663120577821836e+00 1.046211665271751690e+00
-4.781083641343813362e+00 1.044297084218500204e+00
-4.779504162109804888e+00 1.042381427646402514e+00
-4.777924682875796414e+00 1.040464715902724713e+00
-4.776345203641787940e+00 1.038546969290950805e+00
-4.774765724407779466e+00 1.036628208070510704e+00
-4.773186245173770992e+00 1.034708452456450711e+00
-4.771606765939762518e+00 1.032787722619146198e+00
-4.770027286705754044e+00 1.030866038684007391e+00
-4.768447807471745570e+00 1.028943420731172287e+00
-4.766868328237737096e+00 1.027019888795237534e+00
-4.765288849003728622e+00 1.025095462864940909e+00
-4.763709369769719260e+00 1.023170162882898859e+00
-4.762129890535710786e+00 1.021244008745320730e+00
-4.760550411301702312e+00 1.019317020301714116e+00
-4.758970932067693838e+00 1.017389217354618847e+00
-4.757391452833685364e+00 1.015460619659334318e+00
-4.755811973599676890e+00 1.013531246923638163e+00
-4.754232494365668416e+00 1.011601118807525124e+00
-4.752653015131659942e+00 1.009670254922932831e+00
-4.751073535897651468e+00 1.007738674833486447e+00
-4.749494056663642993e+00 1.005806398054231110e+00
-4.747914577429634519e+00 1.003873444051377906e+00
-4.746335098195626045e+00 1.001939832242042083e+00
-4.744755618961617571e+00 1.000005581993996362e+00
-4.743176139727609097e+00 9.980707126254180217e-01
-4.741596660493600623e+00 9.961352434046417681e-01
-4.740017181259592149e+00 9.941991935499132627e-01
-4.738437702025583675e+00 9.922625822291508690e-01
-4.736858222791575201e+00 9.903254285597007378e-01
-4.735278743557566727e+00 9.883877516081069903e-01
-4.733699264323558253e+00 9.864495703898721324e-01
-4.732119785089549779e+00 9.845109038692261283e-01
-4.730540305855540417e+00 9.825717709588990267e-01
-4.728960826621531943e+00 9.806321905199015809e-01
-4.727381347387523469e+00 9.786921813612884380e-01
-4.725801868153514995e+00 9.767517622399490840e-01
-4.724222388919506521e+00 9.748109518603826906e-01
-4.722642909685498047e+00 9.728697688744885053e-01
-4.721063430451489573e+00 9.709282318813484691e-01
-4.719483951217481099e+00 9.689863594270251568e-01
-4.717904471983472625e+00 9.670441700043437283e-01
-4.716324992749464151e+00 9.651016820526941986e-01
-4.714745513515455677e+00 9.631589139578280445e-01
-4.713166034281447203e+00 9.612158840516600300e-01
-4.711586555047437841e+00 9.592726106120741392e-01
-4.710007075813429367e+00 9.573291118627190732e-01
-4.708427596579420893e+00 9.553854059728308368e-01
-4.706848117345412419e+00 9.534415110570308993e-01
-4.705268638111403945e+00 9.514974451751528894e-01
-4.703689158877395471e+00 9.495532263320496380e-01
-4.702109679643386997e+00 9.476088724774116567e-01
-4.700530200409378523e+00 9.456644015055986063e-01
-4.698950721175370049e+00 9.437198312554557766e-01
-4.697371241941361575e+00 9.417751795101447776e-01
-4.695791762707353101e+00 9.398304639969632390e-01
-4.694212283473344627e+00 9.378857023871951526e-01
-4.692632804239336153e+00 9.359409122959272409e-01
-4.691053325005327679e+00 9.339961112818988553e-01
-4.689473845771319205e+00 9.320513168473343324e-01
-4.687894366537310731e+00 9.301065464377923364e-01
-4.686314887303302257e+00 9.281618174419992151e-01
-4.684735408069293783e+00 9.262171471917071131e-01
-4.683155928835285309e+00 9.242725529615429814e-01
-4.681576449601276835e+00 9.223280519688550338e-01
-4.679996970367268361e+00 9.203836613735741912e-01
-4.678417491133258999e+00 9.184393982780598709e-01
-4.676838011899250525e+00 9.164952797269819706e-01
-4.675258532665242051e+00 9.145513227071624396e-01
-4.673679053431233577e+00 9.126075441474459371e-01
-4.672099574197225103e+00 9.106639609185706030e-01
-4.670520094963216629e+00 9.087205898330373843e-01
-4.668940615729208155e+00 9.067774476449829146e-01
-4.667361136495199680e+00 9.048345510500523936e-01
-4.665781657261191206e+00 9.028919166852744649e-01
-4.664202178027182732e+00 9.009495611289466410e-01
-4.662622698793174258e+00 8.990075009005120688e-01
-4.661043219559165784e+00 8.970657524604517263e-01
-4.659463740325156422e+00 8.951243322101567479e-01
-4.657884261091147948e+00 8.931832564918402717e-01
-4.656304781857139474e+00 8.912425415884093205e-01
-4.654725302623131000e+00 8.893022037233602184e-01
-4.653145823389122526e+00 8.873622590606929927e-01
-4.651566344155114052e+00 8.854227237047949117e-01
-4.649986864921105578e+00 8.834836137003359013e-01
-4.648407385687097104e+00 8.815449450321926061e-01
-4.646827906453088630e+00 8.796067336253385882e-01
-4.645248427219080156e+00 8.776689953447582848e-01
-4.643668947985071682e+00 8.757317459953510852e-01
-4.642089468751063208e+00 8.737950013218611645e-01
-4.640509989517054734e+00 8.718587770087737887e-01
-4.638930510283046260e+00 8.699230886802402640e-01
-4.637351031049037786e+00 8.679879519000009980e-01
-4.635771551815029312e+00 8.660533821713043423e-01
-4.634192072581020838e+00 8.641193949368315419e-01
-4.632612593347012364e+00 8.621860055786203514e-01
-4.631033114113003890e+00 8.602532294180013084e-01
-4.629453634878995416e+00 8.583210817155200179e-01
-4.627874155644986942e+00 8.563895776708814189e-01
-4.626294676410977580e+00 8.544587324228745118e-01
-4.624715197176969106e+00 8.525285610493165134e-01
-4.623135717942960632e+00 8.505990785669905740e-01
-4.621556238708952158e+00 8.486702999315891560e-01
-4.619976759474943684e+00 8.467422400376585223e-01
-4.618397280240935210e+00 8.448149137185417823e-01
-4.616817801006926736e+00 8.428883357463358150e-01
-4.615238321772918262e+00 8.409625208318320944e-01
-4.613658842538909788e+00 8.390374836244793855e-01
-4.612079363304901314e+00 8.371132387123328966e-01
-4.610499884070892840e+00 8.351898006220144222e-01
-4.608920404836884366e+00 8.332671838186664903e-01
-4.607340925602875004e+00 8.313454027059203888e-01
-4.605761446368866530e+00 8.294244716258598604e-01
-4.604181967134858056e+00 8.275044048589805801e-01
-4.602602487900849582e+00 8.255852166241621770e-01
-4.601023008666841108e+00 8.236669210786414785e-01
-4.599443529432832634e+00 8.217495323179763167e-01
-4.597864050198824160e+00 8.198330643760247671e-01
-4.596284570964815686e+00 8.179175312249244989e-01
-4.594705091730807212e+00 8.160029467750602450e-01
-4.593125612496798738e+00 8.140893248750517008e-01
-4.591546133262790264e+00 8.121766793117369820e-01
-4.589966654028781790e+00 8.102650238101514191e-01
-4.588387174794773316e+00 8.083543720335160110e-01
-4.586807695560764842e+00 8.064447375832241027e-01
-4.585228216326756367e+00 8.045361339988350569e-01
-4.583648737092747893e+00 8.026285747580594876e-01
-4.582069257858739419e+00 8.007220732767619253e-01
-4.580489778624730945e+00 7.988166429089453846e-01
-4.578910299390722471e+00 7.969122969467599127e-01
-4.577330820156713997e+00 7.950090486204948181e-01
-4.575751340922705523e+00 7.931069110985842219e-01
-4.574171861688696161e+00 7.912058974876040596e-01
-4.572592382454687687e+00 7.893060208322943971e-01
-4.571012903220679213e+00 7.874072941155374483e-01
-4.569433423986670739e+00 7.855097302583937680e-01
-4.567853944752662265e+00 7.836133421201005866e-01
-4.566274465518653791e+00 7.817181424980829130e-01
-4.564694986284645317e+00 7.798241441279711861e-01
-4.563115507050636843e+00 7.779313596836201494e-01
-4.561536027816628369e+00 7.760398017771219514e-01
-4.559956548582619895e+00 7.741494829588262405e-01
-4.558377069348611421e+00 7.722604157173675876e-01
-4.556797590114602947e+00 7.703726124796781427e-01
-4.555218110880593585e+00 7.684860856110216076e-01
-4.553638631646585111e+00 7.666008474150215468e-01
-4.552059152412576637e+00 7.647169101336743768e-01
-4.550479673178568163e+00 7.628342859474012139e-01
-4.548900193944559689e+00 7.609529869750650821e-01
-4.547320714710551215e+00 7.590730252740032213e-01
-4.545741235476542741e+00 7.571944128400784901e-01
-4.544161756242534267e+00 7.553171616076932438e-01
-4.542582277008525793e+00 7.534412834498469547e-01
-4.541002797774517319e+00 7.515667901781706295e-01
-4.539423318540508845e+00 7.496936935429625581e-01
-4.537843839306500371e+00 7.478220052332390511e-01
-4.536264360072491897e+00 7.459517368767738521e-01
-4.534684880838483423e+00 7.440829000401532056e-01
-4.533105401604474949e+00 7.422155062288158245e-01
-4.531525922370466475e+00 7.403495668871034052e-01
-4.529946443136458001e+00 7.384850933983203580e-01
-4.528366963902449527e+00 7.366220970847765503e-01
-4.526787484668441053e+00 7.347605892078445944e-01
-4.525208005434432579e+00 7.329005809680195771e-01
-4.523628526200424105e+00 7.310420835049776800e-01
-4.522049046966414743e+00 7.291851078976201439e-01
-4.520469567732406269e+00 7.273296651641620869e-01
-4.518890088498397795e+00 7.254757662621656999e-01
-4.517310609264389321e+00 7.236234220886181845e-01
-4.515731130030380847e+00 7.217726434799953683e-01
-4.514151650796372373e+00 7.199234412123298732e-01
-4.512572171562363899e+00 7.180758260012733984e-01
-4.510992692328355425e+00 7.162298085021703287e-01
-4.509413213094346951e+00 7.143853993101250133e-01
-4.507833733860338477e+00 7.125426089600761514e-01
-4.506254254626330003e+00 7.107014479268752849e-01
-4.504674775392321528e+00 7.088619266253475271e-01
-4.503095296158312166e+00 7.070240554103893738e-01
-4.501515816924303692e+00 7.051878445770168868e-01
-4.499936337690295218e+00 7.033533043604798252e-01
-4.498356858456286744e+00 7.015204449363094952e-01
-4.496777379222278270e+00 6.996892764204252213e-01
-4.495197899988269796e+00 6.978598088691940760e-01
-4.493618420754261322e+00 6.960320522795420128e-01
-4.492038941520252848e+00 6.942060165890158174e-01
-4.490459462286244374e+00 6.923817116758813617e-01
-4.488879983052235900e+00 6.905591473592109786e-01
-4.487300503818227426e+00 6.887383333989738343e-01
-4.485721024584218952e+00 6.869192794961160864e-01
-4.484141545350210478e+00 6.851019952926710177e-01
-4.482562066116202004e+00 6.832864903718369742e-01
-4.480982586882193530e+00 6.814727742580769521e-01
-4.479403107648185056e+00 6.796608564172127442e-01
-4.477823628414176582e+00 6.778507462565276365e-01
-4.476244149180168108e+00 6.760424531248535596e-01
-4.474664669946159634e+00 6.742359863126841102e-01
-4.473085190712151160e+00 6.724313550522567073e-01
-4.471505711478142686e+00 6.706285685176738287e-01
-4.469926232244133324e+00 6.688276358249898301e-01
-4.468346753010125738e+00 6.670285660323251875e-01
-4.466767273776116376e+00 6.652313681399593115e-01
-4.465187794542107902e+00 6.634360510904528940e-01
-4.463608315308099428e+00 6.616426237687395018e-01
-4.462028836074090954e+00 6.598510950022419275e-01
-4.460449356840082480e+00 6.580614735609814359e-01
-4.458869877606074006e+00 6.562737681576837900e-01
-4.457290398372065532e+00 6.544879874478931603e-01
-4.455710919138057058e+00 6.527041400300820362e-01
-4.454131439904047696e+00 6.509222344457687992e-01
-4.452551960670039222e+00 6.491422791796327418e-01
-4.450972481436030748e+00 6.473642826596189837e-01
-4.449393002202022274e+00 6.455882532570704768e-01
-4.447813522968013800e+00 6.438141992868295915e-01
-4.446234043734005326e+00 6.420421290073684562e-01
-4.444654564499996852e+00 6.402720506209044204e-01
-4.443075085265988378e+00 6.385039722735179613e-01
-4.441495606031979904e+00 6.367379020552771385e-01
-4.439916126797971430e+00 6.349738480003559449e-01
-4.438336647563962956e+00 6.332118180871635360e-01
-4.436757168329954482e+00 6.314518202384599155e-01
-4.435177689095946008e+00 6.296938623214876074e-01
-4.433598209861937534e+00 6.279379521480958903e-01
-4.432018730627929060e+00 6.261840974748689170e-01
-4.430439251393920586e+00 6.244323060032467287e-01
-4.428859772159912112e+00 6.226825853796611465e-01
-4.427280292925903638e+00 6.209349431956588949e-01
-4.425700813691895164e+00 6.191893869880393808e-01
-4.424121334457886690e+00 6.174459242389781499e-01
-4.422541855223878215e+00 6.157045623761628894e-01
-4.420962375989869741e+00 6.139653087729217695e-01
-4.419382896755861267e+00 6.122281707483657742e-01
-4.417803417521852793e+00 6.104931555675132682e-01
-4.416223938287844319e+00 6.087602704414294408e-01
-4.414644459053834957e+00 6.070295225273600881e-01
-4.413064979819826483e+00 6.053009189288729441e-01
-4.411485500585818009e+00 6.035744666959871330e-01
-4.409906021351809535e+00 6.018501728253171645e-01
-4.408326542117801061e+00 6.001280442602132670e-01
-4.406747062883792587e+00 5.984080878908920598e-01
-4.405167583649784113e+00 5.966903105545897645e-01
-4.403588104415775639e+00 5.949747190356862170e-01
-4.402008625181766277e+00 5.932613200658620745e-01
-4.400429145947757803e+00 5.915501203242381489e-01
-4.398849666713749329e+00 5.898411264375070795e-01
-4.397270187479740855e+00 5.881343449800912060e-01
-4.395690708245732381e+00 5.864297824742799037e-01
-4.394111229011723907e+00 5.847274453903719138e-01
-4.392531749777715433e+00 5.830273401468295535e-01
-4.390952270543706959e+00 5.813294731104149404e-01
-4.389372791309698485e+00 5.796338505963486432e-01
-4.387793312075690011e+00 5.779404788684449068e-01
-4.386213832841681537e+00 5.762493641392634203e-01
-4.384634353607673063e+00 5.745605125702661908e-01
-4.383054874373664589e+00 5.728739302719539905e-01
-4.381475395139656115e+00 5.711896233040274495e-01
-4.379895915905647641e+00 5.695075976755308300e-01
-4.378316436671639167e+00 5.678278593450026834e-01
-4.376736957437630693e+00 5.661504142206301715e-01
-4.375157478203622219e+00 5.644752681604014999e-01
-4.373577998969613745e+00 5.628024269722576856e-01
-4.371998519735605271e+00 5.611318964142434362e-01
-4.370419040501596797e+00 5.594636821946619154e-01
-4.368839561267588323e+00 5.577977899722303956e-01
-4.367260082033579849e+00 5.561342253562369109e-01
-4.365680602799571375e+00 5.544729939066891378e-01
-4.364101123565562901e+00 5.528141011344693823e-01
-4.362521644331553539e+00 5.511575525015035559e-01
-4.360942165097545065e+00 5.495033534209006199e-01
-4.359362685863536591e+00 5.478515092571221157e-01
-4.357783206629528117e+00 5.462020253261316016e-01
-4.356203727395519643e+00 5.445549068955588545e-01
-4.354624248161511169e+00 5.429101591848539687e-01
-4.353044768927502695e+00 5.412677873654460070e-01
-4.351465289693494221e+00 5.396277965609055371e-01
-4.349885810459484858e+00 5.379901918470973987e-01
-4.348306331225476384e+00 5.363549782523517884e-01
-4.346726851991467910e+00 5.347221607576116975e-01
-4.345147372757459436e+00 5.330917442966039976e-01
-4.343567893523450962e+00 5.314637337559922070e-01
-4.341988414289442488e+00 5.298381339755475761e-01
-4.340408935055434014e+00 5.282149497482990785e-01
-4.338829455821425540e+00 5.265941858207022763e-01
-4.337249976587417066e+00 5.249758468928071853e-01
-4.335670497353408592e+00 5.233599376184083773e-01
-4.334091018119400118e+00 5.217464626052162879e-01
-4.332511538885391644e+00 5.201354264150188644e-01
-4.330932059651383170e+00 5.185268335638475445e-01
-4.329352580417374696e+00 5.169206885221366843e-01
-4.327773101183366222e+00 5.153169957148906466e-01
-4.326193621949357748e+00 5.137157595218478923e-01
-4.324614142715349274e+00 5.121169842776481795e-01
-4.323034663481340800e+00 5.105206742719927693e-01
-4.321455184247332326e+00 5.089268337498134009e-01
-4.319875705013323852e+00 5.073354669114373827e-01
-4.318296225779315378e+00 5.057465779127530148e-01
-4.316716746545306904e+00 5.041601708653749014e-01
-4.315137267311298430e+00 5.025762498368153697e-01
-4.313557788077289956e+00 5.009948188506402333e-01
-4.311978308843281482e+00 4.994158818866491489e-01
-4.310398829609272120e+00 4.978394428810332117e-01
-4.308819350375263646e+00 4.962655057265434877e-01
-4.307239871141255172e+00 4.946940742726621543e-01
-4.305660391907246698e+00 4.931251523257664804e-01
-4.304080912673238224e+00 4.915587436493004114e-01
-4.302501433439229750e+00 4.899948519639370503e-01
-4.300921954205221276e+00 4.884334809477519079e-01
-4.299342474971212802e+00 4.868746342363885482e-01
-4.297762995737203440e+00 4.853183154232281193e-01
-4.296183516503194966e+00 4.837645280595582742e-01
-4.294604037269186492e+00 4.822132756547398147e-01
-4.293024558035178018e+00 4.806645616763808304e-01
-4.291445078801169544e+00 4.791183895504949053e-01
-4.289865599567161070e+00 4.775747626616859698e-01
-4.288286120333152596e+00 4.760336843533031770e-01
-4.286706641099144122e+00 4.744951579276189824e-01
-4.285127161865135648e+00 4.729591866459903482e-01
-4.283547682631127174e+00 4.714257737290450390e-01
-4.281968203397118700e+00 4.698949223568297251e-01
-4.280388724163110226e+00 4.683666356689929477e-01
-4.278809244929101752e+00 4.668409167649553715e-01
-4.277229765695093278e+00 4.653177687040720989e-01
-4.275650286461084804e+00 4.637971945058106948e-01
-4.274070807227076330e+00 4.622791971499141117e-01
-4.272491327993067856e+00 4.607637795765764377e-01
-4.270911848759059382e+00 4.592509446866101519e-01
-4.269332369525050908e+00 4.577406953416189861e-01
-4.267752890291042434e+00 4.562330343641628483e-01
-4.266173411057033960e+00 4.547279645379321833e-01
-4.264593931823025486e+00 4.532254886079217782e-01
-4.263014452589017012e+00 4.517256092805889134e-01
-4.261434973355008538e+00 4.502283292240415458e-01
-4.259855494121000064e+00 4.487336510681896873e-01
-4.258276014886990701e+00 4.472415774049287585e-01
-4.256696535652982227e+00 4.457521107883062883e-01
-4.255117056418973753e+00 4.442652537346901687e-01
-4.253537577184965279e+00 4.427810087229414604e-01
-4.251958097950956805e+00 4.412993781945853677e-01
-4.250378618716948331e+00 4.398203645539762174e-01
-4.248799139482939857e+00 4.383439701684760381e-01
-4.247219660248931383e+00 4.368701973686156537e-01
-4.245640181014922909e+00 4.353990484482734846e-01
-4.244060701780913547e+00 4.339305256648364750e-01
-4.242481222546905073e+00 4.324646312393819469e-01
-4.240901743312896599e+00 4.310013673568326431e-01
-4.239322264078888125e+00 4.295407361661453538e-01
-4.237742784844879651e+00 4.280827397804604084e-01
-4.236163305610871177e+00 4.266273802772853063e-01
-4.234583826376862703e+00 4.251746596986613058e-01
-4.233004347142854229e+00 4.237245800513297911e-01
-4.231424867908845755e+00 4.222771433069061331e-01
-4.229845388674837281e+00 4.208323514020474443e-01
-4.228265909440828807e+00 4.193902062386241081e-01
-4.226686430206820333e+00 4.179507096838780411e-01
-4.225106950972811859e+00 4.165138635706103210e-01
-4.223527471738803385e+00 4.150796696973342303e-01
-4.221947992504794911e+00 4.136481298284541142e-01
-4.220368513270786437e+00 4.122192456944301919e-01
-4.218789034036777963e+00 4.107930189919438702e-01
-4.217209554802769489e+00 4.093694513840716587e-01
-4.215630075568761015e+00 4.079485445004553679e-01
-4.214050596334752541e+00 4.065302999374628690e-01
-4.212471117100744067e+00 4.051147192583612888e-01
-4.210891637866735593e+00 4.037018039934833213e-01
-4.209312158632727119e+00 4.022915556403972026e-01
-4.207732679398718645e+00 4.008839756640728558e-01
-4.206153200164709283e+00 3.994790654970508670e-01
-4.204573720930700809e+00 3.980768265396009697e-01
-4.202994241696692335e+00 3.966772601599084513e-01
-4.201414762462683861e+00 3.952803676942193700e-01
-4.199835283228675387e+00 3.938861504470239083e-01
-4.198255803994666913e+00 3.924946096912144133e-01
-4.196676324760658439e+00 3.911057466682509864e-01
-4.195096845526649965e+00 3.897195625883363990e-01
-4.193517366292641491e+00 3.883360586305760753e-01
-4.191937887058632128e+00 3.869552359431379096e-01
-4.190358407824623654e+00 3.855770956434362295e-01
-4.188778928590615180e+00 3.842016388182754594e-01
-4.187199449356606706e+00 3.828288665240298649e-01
-4.185619970122598232e+00 3.814587797868067565e-01
-4.184040490888589758e+00 3.800913796026018088e-01
-4.182461011654581284e+00 3.787266669374823036e-01
-4.180881532420572810e+00 3.773646427277295157e-01
-4.179302053186564336e+00 3.760053078800183468e-01
-4.177722573952555862e+00 3.746486632715809728e-01
-4.176143094718547388e+00 3.732947097503584999e-01
-4.174563615484538914e+00 3.719434481351761024e-01
-4.172984136250530440e+00 3.705948792159038940e-01
-4.171404657016521966e+00 3.692490037536147462e-01
-4.169825177782513492e+00 3.679058224807569832e-01
-4.168245698548505018e+00 3.665653361013045952e-01
-4.166666219314496544e+00 3.652275452909270470e-01
-4.165086740080488070e+00 3.638924506971542017e-01
-4.163507260846479596e+00 3.625600529395301974e-01
-4.161927781612471122e+00 3.612303526097763173e-01
-4.160348302378462648e+00 3.599033502719625743e-01
-4.158768823144454174e+00 3.585790464626544827e-01
-4.157189343910445700e+00 3.572574416910825890e-01
-4.155609864676437226e+00 3.559385364392967377e-01
-4.154030385442427864e+00 3.546223311623345475e-01
-4.152450906208419390e+00 3.533088262883727904e-01
-4.150871426974410916e+00 3.519980222188959784e-01
-4.149291947740402442e+00 3.506899193288448013e-01
-4.147712468506393968e+00 3.493845179667822709e-01
-4.146132989272385494e+00 3.480818184550523164e-01
-4.144553510038377020e+00 3.467818210899382692e-01
-4.142974030804368546e+00 3.454845261418159064e-01
-4.141394551570360072e+00 3.441899338553174315e-01
-4.139815072336350710e+00 3.428980444494865720e-01
-4.138235593102342236e+00 3.416088581179348438e-01
-4.136656113868333762e+00 3.403223750290008121e-01
-4.135076634634325288e+00 3.390385953259022478e-01
-4.133497155400316814e+00 3.377575191269036603e-01
-4.131917676166308340e+00 3.364791465254516334e-01
-4.130338196932299866e+00 3.352034775903521835e-01
-4.128758717698291392e+00 3.339305123659157548e-01
-4.127179238464282918e+00 3.326602508721112073e-01
-4.125599759230274444e+00 3.313926931047260216e-01
-4.124020279996265970e+00 3.301278390355127934e-01
-4.122440800762257496e+00 3.288656886123535461e-01
-4.120861321528249022e+00 3.276062417594015064e-01
-4.119281842294240548e+00 3.263494983772464164e-01
-4.117702363060232074e+00 3.250954583430574196e-01
-4.116122883826223600e+00 3.238441215107461524e-01
-4.114543404592215126e+00 3.225954877111064656e-01
-4.112963925358206652e+00 3.213495567519786267e-01
-4.111384446124198178e+00 3.201063284183937041e-01
-4.109804966890189704e+00 3.188658024727245022e-01
-4.108225487656181230e+00 3.176279786548447670e-01
-4.106646008422172756e+00 3.163928566822689081e-01
-4.105066529188164282e+00 3.151604362503080958e-01
-4.103487049954155808e+00 3.139307170322221952e-01
-4.101907570720146445e+00 3.127036986793652051e-01
-4.100328091486137971e+00 3.114793808213315307e-01
-4.098748612252129497e+00 3.102577630661170205e-01
-4.097169133018121023e+00 3.090388450002545806e-01
-4.095589653784112549e+00 3.078226261889699944e-01
-4.094010174550104075e+00 3.066091061763251968e-01
-4.092430695316095601e+00 3.053982844853651013e-01
-4.090851216082087127e+00 3.041901606182746409e-01
-4.089271736848078653e+00 3.029847340565109959e-01
-4.087692257614069291e+00 3.017820042609603570e-01
-4.086112778380060817e+00 3.005819706720778139e-01
-4.084533299146052343e+00 2.993846327100391780e-01
-4.082953819912043869e+00 2.981899897748781503e-01
-4.081374340678035395e+00 2.969980412466388664e-01
-4.079794861444026921e+00 2.958087864855118987e-01
-4.078215382210018447e+00 2.946222248319905201e-01
-4.076635902976009973e+00 2.934383556069994903e-01
-4.075056423742001499e+00 2.922571781120526513e-01
-4.073476944507993025e+00 2.910786916293823801e-01
-4.071897465273984551e+00 2.899028954220955745e-01
-4.070317986039976077e+00 2.887297887343033276e-01
-4.068738506805967603e+00 2.875593707912712516e-01
-4.067159027571959129e+00 2.863916407995558133e-01
-4.065579548337950655e+00 2.852265979471503288e-01
-4.064000069103942181e+00 2.840642414036190222e-01
-4.062420589869933707e+00 2.829045703202424100e-01
-4.060841110635925233e+00 2.817475838301564117e-01
-4.059261631401916759e+00 2.805932810484892403e-01
-4.057682152167908285e+00 2.794416610725012351e-01
-4.056102672933899811e+00 2.782927229817249160e-01
-4.054523193699891337e+00 2.771464658381016521e-01
-4.052943714465882863e+00 2.760028886861194963e-01
-4.051364235231874389e+00 2.748619905529517959e-01
-4.049784755997865027e+00 2.737237704485946388e-01
-4.048205276763856553e+00 2.725882273660001909e-01
-4.046625797529848079e+00 2.714553602812137534e-01
-4.045046318295839605e+00 2.703251681535144835e-01
-4.043466839061831131e+00 2.691976499255441801e-01
-4.041887359827822657e+00 2.680728045234465062e-01
-4.040307880593814183e+00 2.669506308569967734e-01
-4.038728401359805709e+00 2.658311278197434402e-01
-4.037148922125797235e+00 2.647142942891341777e-01
-4.035569442891787872e+00 2.636001291266542590e-01
-4.033989963657779398e+00 2.624886311779578429e-01
-4.032410484423770924e+00 2.613797992730022557e-01
-4.030831005189762450e+00 2.602736322261732793e-01
-4.029251525955753976e+00 2.591701288364290923e-01
-4.027672046721745502e+00 2.580692878874160101e-01
-4.026092567487737028e+00 2.569711081476142578e-01
-4.024513088253728554e+00 2.558755883704582068e-01
-4.022933609019720080e+00 2.547827272944710453e-01
-4.021354129785711606e+00 2.536925236433913988e-01
-4.019774650551703132e+00 2.526049761263085003e-01
-4.018195171317694658e+00 2.515200834377822603e-01
-4.016615692083686184e+00 2.504378442579786590e-01
-4.015036212849677710e+00 2.493582572527949237e-01
-4.013456733615669236e+00 2.482813210739873155e-01
-4.011877254381660762e+00 2.472070343592958075e-01
-4.010297775147652288e+00 2.461353957325758679e-01
-4.008718295913643814e+00 2.450664038039205295e-01
-4.007138816679635340e+00 2.440000571697884535e-01
-4.005559337445626866e+00 2.429363544131276642e-01
-4.003979858211618392e+00 2.418752941035020587e-01
-4.002400378977609918e+00 2.408168747972169177e-01
-4.000820899743601444e+00 2.397610950374340910e-01
-3.999241420509592526e+00 2.387079533543128296e-01
-3.997661941275583608e+00 2.376574482651199749e-01
-3.996082462041575134e+00 2.366095782743500298e-01
-3.994502982807566660e+00 2.355643418738617156e-01
-3.992923503573558186e+00 2.345217375429888840e-01
-3.991344024339549712e+00 2.334817637486651942e-01
-3.989764545105541238e+00 2.324444189455445731e-01
-3.988185065871532764e+00 2.314097015761238385e-01
-3.986605586637524290e+00 2.303776100708644359e-01
-3.985026107403515816e+00 2.293481428483032936e-01
-3.983446628169506898e+00 2.283212983151843845e-01
-3.981867148935498424e+00 2.272970748665728014e-01
-3.980287669701489950e+00 2.262754708859661124e-01
-3.978708190467481476e+00 2.252564847454294750e-01
-3.977128711233473002e+00 2.242401148056971660e-01
-3.975549231999464528e+00 2.232263594162923748e-01
-3.973969752765456054e+00 2.222152169156560442e-01
-3.972390273531447580e+00 2.212066856312497887e-01
-3.970810794297438662e+00 2.202007638796825706e-01
-3.969231315063430188e+00 2.191974499668131182e-01
-3.967651835829421714e+00 2.181967421878824864e-01
-3.966072356595413240e+00 2.171986388276103130e-01
-3.964492877361404766e+00 2.162031381603289337e-01
-3.962913398127396292e+00 2.152102384500792498e-01
-3.961333918893387818e+00 2.142199379507334633e-01
-3.959754439659379344e+00 2.132322349061072653e-01
-3.958174960425370426e+00 2.122471275500757981e-01
-3.956595481191361952e+00 2.112646141066779615e-01
-3.955016001957353478e+00 2.102846927902303764e-01
-3.953436522723345004e+00 2.093073618054488994e-01
-3.951857043489336530e+00 2.083326193475422694e-01
-3.950277564255328056e+00 2.073604636023405612e-01
-3.948698085021319582e+00 2.063908927463916076e-01
-3.947118605787311107e+00 2.054239049470771294e-01
-3.945539126553302189e+00 2.044594983627218143e-01
-3.943959647319293715e+00 2.034976711427024521e-01
-3.942380168085285241e+00 2.025384214275521844e-01
-3.940800688851276767e+00 2.015817473490759681e-01
-3.939221209617268293e+00 2.006276470304488857e-01
-3.937641730383259819e+00 1.996761185863339394e-01
-3.936062251149251345e+00 1.987271601229805285e-01
-3.934482771915242871e+00 1.977807697383298646e-01
-3.932903292681234397e+00 1.968369455221322673e-01
-3.931323813447225479e+00 1.958956855560434751e-01
-3.929744334213217005e+00 1.949569879137266204e-01
-3.928164854979208531e+00 1.940208506609661376e-01
-3.926585375745200057e+00 1.930872718557656853e-01
-3.925005896511191583e+00 1.921562495484571143e-01
-3.923426417277183109e+00 1.912277817817966130e-01
-3.921846938043174635e+00 1.903018665910745644e-01
-3.920267458809166161e+00 1.893785020042157430e-01
-3.918687979575157243e+00 1.884576860418807343e-01
-3.917108500341148769e+00 1.875394167175683524e-01
-3.915529021107140295e+00 1.866236920377164488e-01
-3.913949541873131821e+00 1.857105100018061616e-01
-3.912370062639123347e+00 1.847998686024561188e-01
-3.910790583405114873e+00 1.838917658255273535e-01
-3.909211104171106399e+00 1.829861996502250010e-01
-3.907631624937097925e+00 1.820831680491890037e-01
-3.906052145703089007e+00 1.811826689886024688e-01
-3.904472666469080533e+00 1.802847004282855936e-01
-3.902893187235072059e+00 1.793892603217928650e-01
-3.901313708001063585e+00 1.784963466165156998e-01
-3.899734228767055111e+00 1.776059572537692643e-01
-3.898154749533046637e+00 1.767180901689058281e-01
-3.896575270299038163e+00 1.758327432913941446e-01
-3.894995791065029689e+00 1.749499145449254223e-01
-3.893416311831020771e+00 1.740696018475078044e-01
-3.891836832597012297e+00 1.731918031115561862e-01
-3.890257353363003823e+00 1.723165162439978526e-01
-3.888677874128995349e+00 1.714437391463546900e-01
-3.887098394894986875e+00 1.705734697148430512e-01
-3.885518915660978401e+00 1.697057058404709551e-01
-3.883939436426969927e+00 1.688404454091232965e-01
-3.882359957192961453e+00 1.679776863016589905e-01
-3.880780477958952979e+00 1.671174263940077842e-01
-3.879200998724944061e+00 1.662596635572510806e-01
-3.877621519490935587e+00 1.654043956577236352e-01
-3.876042040256927113e+00 1.645516205571022073e-01
-3.874462561022918639e+00 1.637013361124914357e-01
-3.872883081788910165e+00 1.628535401765205393e-01
-3.871303602554901691e+00 1.620082305974310799e-01
-3.869724123320893217e+00 1.611654052191660025e-01
-3.868144644086884743e+00 1.603250618814595074e-01
-3.866565164852875824e+00 1.594871984199242032e-01
-3.864985685618867350e+00 1.586518126661424777e-01
-3.863406206384858876e+00 1.578189024477507640e-01
-3.861826727150850402e+00 1.569884655885321889e-01
-3.860247247916841928e+00 1.561604999085001166e-01
-3.858667768682833454e+00 1.553350032239851908e-01
-3.857088289448824980e+00 1.545119733477240409e-01
-3.855508810214816506e+00 1.536914080889396073e-01
-3.853929330980807588e+00 1.528733052534372860e-01
-3.852349851746799114e+00 1.520576626436802581e-01
-3.850770372512790640e+00 1.512444780588788062e-01
-3.849190893278782166e+00 1.504337492950729716e-01
-3.847611414044773692e+00 1.496254741452204828e-01
-3.846031934810765218e+00 1.488196503992758046e-01
-3.844452455576756744e+00 1.480162758442786775e-01
-3.842872976342748270e+00 1.472153482644298350e-01
-3.841293497108739352e+00 1.464168654411820425e-01
-3.839714017874730878e+00 1.456208251533130937e-01
-3.838134538640722404e+00 1.448272251770214014e-01
-3.836555059406713930e+00 1.440360632859900014e-01
-3.834975580172705456e+00 1.432473372514792564e-01
-3.833396100938696982e+00 1.424610448424099562e-01
-3.831816621704688508e+00 1.416771838254313187e-01
-3.830237142470680034e+00 1.408957519650105850e-01
-3.828657663236671560e+00 1.401167470235136214e-01
-3.827078184002662642e+00 1.393401667612745309e-01
-3.825498704768654168e+00 1.385660089366893000e-01
-3.823919225534645694e+00 1.377942713062760283e-01
-3.822339746300637220e+00 1.370249516247677990e-01
-3.820760267066628746e+00 1.362580476451883960e-01
-3.819180787832620272e+00 1.354935571189221921e-01
-3.817601308598611798e+00 1.347314777957944743e-01
-3.816021829364603324e+00 1.339718074241545986e-01
-3.814442350130594406e+00 1.332145437509437702e-01
-3.812862870896585932e+00 1.324596845217705932e-01
-3.811283391662577458e+00 1.317072274810004440e-01
-3.809703912428568984e+00 1.309571703718077074e-01
-3.808124433194560510e+00 1.302095109362711445e-01
-3.806544953960552036e+00 1.294642469154392295e-01
-3.804965474726543562e+00 1.287213760494064219e-01
-3.803385995492535088e+00 1.279808960773822224e-01
-3.801806516258526170e+00 1.272428047377711091e-01
-3.800227037024517696e+00 1.265070997682430365e-01
-3.798647557790509222e+00 1.257737789058034350e-01
-3.797068078556500748e+00 1.250428398868720925e-01
-3.795488599322492274e+00 1.243142804473492680e-01
-3.793909120088483800e+00 1.235880983226862462e-01
-3.792329640854475326e+00 1.228642912479600557e-01
-3.790750161620466852e+00 1.221428569579512402e-01
-3.789170682386458378e+00 1.214237931871950948e-01
-3.787591203152449459e+00 1.207070976700729270e-01
-3.786011723918440985e+00 1.199927681408665681e-01
-3.784432244684432511e+00 1.192808023338409740e-01
-3.782852765450424037e+00 1.185711979833004026e-01
-3.781273286216415563e+00 1.178639528236640199e-01
-3.779693806982407089e+00 1.171590645895375093e-01
-3.778114327748398615e+00 1.164565310157749112e-01
-3.776534848514390141e+00 1.157563498375485667e-01
-3.774955369280381223e+00 1.150585187904170636e-01
-3.773375890046372749e+00 1.143630356103934043e-01
-3.771796410812364275e+00 1.136698980340102860e-01
-3.770216931578355801e+00 1.129791037983857160e-01
-3.768637452344347327e+00 1.122906506412938432e-01
-3.767057973110338853e+00 1.116045363012214686e-01
-3.765478493876330379e+00 1.109207585174452060e-01
-3.763899014642321905e+00 1.102393150300861047e-01
-3.762319535408312987e+00 1.095602035801840346e-01
-3.760740056174304513e+00 1.088834219097527534e-01
-3.759160576940296039e+00 1.082089677618492951e-01
-3.757581097706287565e+00 1.075368388806401398e-01
-3.756001618472279091e+00 1.068670330114549483e-01
-3.754422139238270617e+00 1.061995479008639442e-01
-3.752842660004262143e+00 1.055343812967274308e-01
-3.751263180770253669e+00 1.048715309482666225e-01
-3.749683701536244751e+00 1.042109946061202663e-01
-3.748104222302236277e+00 1.035527700224141423e-01
-3.746524743068227803e+00 1.028968549508132435e-01
-3.744945263834219329e+00 1.022432471465916093e-01
-3.743365784600210855e+00 1.015919443666827293e-01
-3.741786305366202381e+00 1.009429443697523743e-01
-3.740206826132193907e+00 1.002962449162521086e-01
-3.738627346898185433e+00 9.965184376848013059e-02
-3.737047867664176959e+00 9.900973869063689481e-02
-3.735468388430168041e+00 9.836992744889361262e-02
-3.733888909196159567e+00 9.773240781144731937e-02
-3.732309429962151093e+00 9.709717754856972416e-02
-3.730729950728142619e+00 9.646423443268059561e-02
-3.729150471494134145e+00 9.583357623840205175e-02
-3.727570992260125671e+00 9.520520074260918619e-02
-3.725991513026117197e+00 9.457910572449046427e-02
-3.724412033792108723e+00 9.395528896561256005e-02
-3.722832554558099805e+00 9.333374824996731878e-02
-3.721253075324091331e+00 9.271448136403381834e-02
-3.719673596090082857e+00 9.209748609683066078e-02
-3.718094116856074383e+00 9.148276023997770068e-02
-3.716514637622065909e+00 9.087030158774134225e-02
-3.714935158388057435e+00 9.026010793710781410e-02
-3.713355679154048961e+00 8.965217708781991757e-02
-3.711776199920040487e+00 8.904650684243897718e-02
-3.710196720686031568e+00 8.844309500639990773e-02
-3.708617241452023094e+00 8.784193938806816870e-02
-3.707037762218014620e+00 8.724303779878717080e-02
-3.705458282984006146e+00 8.664638805293511936e-02
-3.703878803749997672e+00 8.605198796798185779e-02
-3.702299324515989198e+00 8.545983536453194418e-02
-3.700719845281980724e+00 8.486992806638948839e-02
-3.699140366047972250e+00 8.428226390060100659e-02
-3.697560886813963332e+00 8.369684069751204269e-02
-3.695981407579954858e+00 8.311365629082279050e-02
-3.694401928345946384e+00 8.253270851762795068e-02
-3.692822449111937910e+00 8.195399521848145685e-02
-3.691242969877929436e+00 8.137751423743533330e-02
-3.689663490643920962e+00 8.080326342210186752e-02
-3.688084011409912488e+00 8.023124062369668685e-02
-3.686504532175904014e+00 7.966144369708749728e-02
-3.684925052941895540e+00 7.909387050085592286e-02
-3.683345573707886622e+00 7.852851889732470614e-02
-3.681766094473878148e+00 7.796538675263420259e-02
-3.680186615239869674e+00 7.740447193677202353e-02
-3.678607136005861200e+00 7.684577232362632682e-02
-3.677027656771852726e+00 7.628928579103788632e-02
-3.675448177537844252e+00 7.573501022084805356e-02
-3.673868698303835778e+00 7.518294349894161233e-02
-3.672289219069827304e+00 7.463308351530106854e-02
-3.670709739835818386e+00 7.408542816404561915e-02
-3.669130260601809912e+00 7.353997534349021592e-02
-3.667550781367801438e+00 7.299672295618098161e-02
-3.665971302133792964e+00 7.245566890894783452e-02
-3.664391822899784490e+00 7.191681111294989659e-02
-3.662812343665776016e+00 7.138014748372367713e-02
-3.661232864431767542e+00 7.084567594122270773e-02
-3.659653385197759068e+00 7.031339440986927869e-02
-3.658073905963750150e+00 6.978330081859451806e-02
-3.656494426729741676e+00 6.925539310089245948e-02
-3.654914947495733202e+00 6.872966919485301585e-02
-3.653335468261724728e+00 6.820612704321449282e-02
-3.651755989027716254e+00 6.768476459340833085e-02
-3.650176509793707780e+00 6.716557979759607555e-02
-3.648597030559699306e+00 6.664857061272100314e-02
-3.647017551325690832e+00 6.613373500054930965e-02
-3.645438072091681914e+00 6.562107092770541605e-02
-3.643858592857673440e+00 6.511057636573125418e-02
-3.642279113623664966e+00 6.460224929111213488e-02
-3.640699634389656492e+00 6.409608768533536782e-02
-3.639120155155648018e+00 6.359208953491612970e-02
-3.637540675921639544e+00 6.309025283144997776e-02
-3.635961196687631070e+00 6.259057557165326191e-02
-3.634381717453622596e+00 6.209305575740797778e-02
-3.632802238219614122e+00 6.159769139578752384e-02
-3.631222758985605203e+00 6.110448049912198254e-02
-3.629643279751596729e+00 6.061342108501632797e-02
-3.628063800517588255e+00 6.012451117640749132e-02
-3.626484321283579781e+00 5.963774880159078418e-02
-3.624904842049571307e+00 5.915313199427529867e-02
-3.623325362815562833e+00 5.867065879360899849e-02
-3.621745883581554359e+00 5.819032724422790182e-02
-3.620166404347545885e+00 5.771213539629260758e-02
-3.618586925113536967e+00 5.723608130552970685e-02
-3.617007445879528493e+00 5.676216303326275803e-02
-3.615427966645520019e+00 5.629037864646269096e-02
-3.613848487411511545e+00 5.582072621777933730e-02
-3.612269008177503071e+00 5.535320382557695762e-02
-3.610689528943494597e+00 5.488780955398275818e-02
-3.609110049709486123e+00 5.442454149290920640e-02
-3.607530570475477649e+00 5.396339773810554519e-02
-3.605951091241468731e+00 5.350437639119198785e-02
-3.604371612007460257e+00 5.304747555969269168e-02
-3.602792132773451783e+00 5.259269335707550397e-02
-3.601212653539443309e+00 5.214002790278693400e-02
-3.599633174305434835e+00 5.168947732228801328e-02
-3.598053695071426361e+00 5.124103974709570686e-02
-3.596474215837417887e+00 5.079471331481666407e-02
-3.594894736603409413e+00 5.035049616917686155e-02
-3.593315257369400495e+00 4.990838646006467982e-02
-3.591735778135392021e+00 4.946838234356409902e-02
-3.590156298901383547e+00 4.903048198199078112e-02
-3.588576819667375073e+00 4.859468354392304512e-02
-3.586997340433366599e+00 4.816098520424150209e-02
-3.585417861199358125e+00 4.772938514415747679e-02
-3.583838381965349651e+00 4.729988155125663951e-02
-3.582258902731341177e+00 4.687247261952465216e-02
-3.580679423497332703e+00 4.644715654938424976e-02
-3.579099944263323785e+00 4.602393154772932427e-02
-3.577520465029315311e+00 4.560279582795967457e-02
-3.575940985795306837e+00 4.518374761000476525e-02
-3.574361506561298363e+00 4.476678512037712832e-02
-3.572782027327289889e+00 4.435190659218157805e-02
-3.571202548093281415e+00 4.393911026516228446e-02
-3.569623068859272941e+00 4.352839438573652409e-02
-3.568043589625264467e+00 4.311975720701299863e-02
-3.566464110391255549e+00 4.271319698883924154e-02
-3.564884631157247075e+00 4.230871199782837433e-02
-3.563305151923238601e+00 4.190630050738319845e-02
-3.561725672689230127e+00 4.150596079774260261e-02
-3.560146193455221653e+00 4.110769115599732793e-02
-3.558566714221213179e+00 4.071148987613149028e-02
-3.556987234987204705e+00 4.031735525904878159e-02
-3.555407755753196231e+00 3.992528561260511033e-02
-3.553828276519187312e+00 3.953527925163657919e-02
-3.552248797285178838e+00 3.914733449799390197e-02
-3.550669318051170364e+00 3.876144968056938200e-02
-3.549089838817161890e+00 3.837762313532555591e-02
-3.547510359583153416e+00 3.799585320532983257e-02
-3.545930880349144942e+00 3.761613824077569834e-02
-3.544351401115136468e+00 3.723847659902490559e-02
-3.542771921881127994e+00 3.686286664462568030e-02
-3.541192442647119076e+00 3.648930674934203200e-02
-3.539612963413110602e+00 3.611779529219250051e-02
-3.538033484179102128e+00 3.574833065946037003e-02
-3.536454004945093654e+00 3.538091124474740390e-02
-3.534874525711085180e+00 3.501553544897850756e-02
-3.533295046477076706e+00 3.465220168044236271e-02
-3.531715567243068232e+00 3.429090835481785060e-02
-3.530136088009059758e+00 3.393165389519925412e-02
-3.528556608775051284e+00 3.357443673212212598e-02
-3.526977129541042366e+00 3.321925530359526313e-02
-3.525397650307033892e+00 3.286610805512701905e-02
-3.523818171073025418e+00 3.251499343975206013e-02
-3.522238691839016944e+00 3.216590991805190480e-02
-3.520659212605008470e+00 3.181885595819378132e-02
-3.519079733370999996e+00 3.147383003594184103e-02
-3.517500254136991522e+00 3.113083063470045708e-02
-3.515920774902983048e+00 3.078985624552477152e-02
-3.514341295668974130e+00 3.045090536715622243e-02
-3.512761816434965656e+00 3.011397650604574761e-02
-3.511182337200957182e+00 2.977906817638042991e-02
-3.509602857966948708e+00 2.944617890010003958e-02
-3.508023378732940234e+00 2.911530720694099905e-02
-3.506443899498931760e+00 2.878645163444415456e-02
-3.504864420264923286e+00 2.845961072798397495e-02
-3.503284941030914812e+00 2.813478304079786163e-02
-3.501705461796905894e+00 2.781196713400846399e-02
-3.500125982562897420e+00 2.749116157664932558e-02
-3.498546503328888946e+00 2.717236494568109340e-02
-3.496967024094880472e+00 2.685557582602404736e-02
-3.495387544860871998e+00 2.654079281058896456e-02
-3.493808065626863524e+00 2.622801450027933967e-02
-3.492228586392855050e+00 2.591723950403146404e-02
-3.490649107158846576e+00 2.560846643883984974e-02
-3.489069627924837658e+00 2.530169392976633347e-02
-3.487490148690829184e+00 2.499692060997649179e-02
-3.485910669456820710e+00 2.469414512075718271e-02
-3.484331190222812236e+00 2.439336611153508638e-02
-3.482751710988803762e+00 2.409458223990856851e-02
-3.481172231754795288e+00 2.379779217166921867e-02
-3.479592752520786814e+00 2.350299458080984394e-02
-3.478013273286778340e+00 2.321018814956943288e-02
-3.476433794052769866e+00 2.291937156843426582e-02
-3.474854314818760948e+00 2.263054353617044434e-02
-3.473274835584752473e+00 2.234370275985064769e-02
-3.471695356350743999e+00 2.205884795485768546e-02
-3.470115877116735525e+00 2.177597784492624200e-02
-3.468536397882727051e+00 2.149509116215464477e-02
-3.466956918648718577e+00 2.121618664702185075e-02
-3.465377439414710103e+00 2.093926304841131625e-02
-3.463797960180701629e+00 2.066431912364741219e-02
-3.462218480946692711e+00 2.039135363848620930e-02
-3.460639001712684237e+00 2.012036536715999802e-02
-3.459059522478675763e+00 1.985135309238861279e-02
-3.457480043244667289e+00 1.958431560540518923e-02
-3.455900564010658815e+00 1.931925170596227037e-02
-3.454321084776650341e+00 1.905616020236799990e-02
-3.452741605542641867e+00 1.879503991150466291e-02
-3.451162126308633393e+00 1.853588965883212758e-02
-3.449582647074624475e+00 1.827870827842303925e-02
-3.448003167840616001e+00 1.802349461298513589e-02
-3.446423688606607527e+00 1.777024751386213630e-02
-3.444844209372599053e+00 1.751896584106782395e-02
-3.443264730138590579e+00 1.726964846330680814e-02
-3.441685250904582105e+00 1.702229425797574525e-02
-3.440105771670573631e+00 1.677690211120552721e-02
-3.438526292436565157e+00 1.653347091786327994e-02
-3.436946813202556683e+00 1.629199958157523387e-02
-3.435367333968547765e+00 1.605248701474715212e-02
-3.433787854734539291e+00 1.581493213858120583e-02
-3.432208375500530817e+00 1.557933388309495903e-02
-3.430628896266522343e+00 1.534569118713269287e-02
-3.429049417032513869e+00 1.511400299839715800e-02
-3.427469937798505395e+00 1.488426827344857539e-02
-3.425890458564496921e+00 1.465648597774382722e-02
-3.424310979330488447e+00 1.443065508563057264e-02
-3.422731500096479529e+00 1.420677458039043550e-02
-3.421152020862471055e+00 1.398484345422790209e-02
-3.419572541628462581e+00 1.376486070830640340e-02
-3.417993062394454107e+00 1.354682535276630073e-02
-3.416413583160445633e+00 1.333073640672799431e-02
-3.414834103926437159e+00 1.311659289831679231e-02
-3.413254624692428685e+00 1.290439386468256178e-02
-3.411675145458420211e+00 1.269413835201216312e-02
-3.410095666224411293e+00 1.248582541554155156e-02
-3.408516186990402819e+00 1.227945411957653832e-02
-3.406936707756394345e+00 1.207502353751421786e-02
-3.405357228522385871e+00 1.187253275184863011e-02
-3.403777749288377397e+00 1.167198085419152154e-02
-3.402198270054368923e+00 1.147336694528455769e-02
-3.400618790820360449e+00 1.127669013502430317e-02
-3.399039311586351975e+00 1.108194954246277675e-02
-3.397459832352343057e+00 1.088914429583831556e-02
-3.395880353118334583e+00 1.069827353258245850e-02
-3.394300873884326109e+00 1.050933639932771779e-02
-3.392721394650317635e+00 1.032233205193855419e-02
-3.391141915416309160e+00 1.013725965551648400e-02
-3.389562436182300686e+00 9.954118384413623843e-03
-3.387982956948292212e+00 9.772907422256560395e-03
-3.386403477714283738e+00 9.593625961947016556e-03
-3.384823998480275264e+00 9.416273205689718040e-03
-3.383244519246266346e+00 9.240848364991283148e-03
-3.381665040012257872e+00 9.067350660696193998e-03
-3.380085560778249398e+00 8.895779322974362024e-03
-3.378506081544240924e+00 8.726133591360318853e-03
-3.376926602310232450e+00 8.558412714747332117e-03
-3.375347123076223976e+00 8.392615951413162634e-03
-3.373767643842215502e+00 8.228742569024838360e-03
-3.372188164608207028e+00 8.066791844663745437e-03
-3.370608685374198110e+00 7.906763064825295118e-03
-3.369029206140189636e+00 7.748655525440351077e-03
-3.367449726906181162e+00 7.592468531889884353e-03
-3.365870247672172688e+00 7.438201399008415038e-03
-3.364290768438164214e+00 7.285853451108104117e-03
-3.362711289204155740e+00 7.135424021982528231e-03
-3.361131809970147266e+00 6.986912454929994354e-03
-3.359552330736138792e+00 6.840318102748654816e-03
-3.357972851502129874e+00 6.695640327772478528e-03
-3.356393372268121400e+00 6.552878501858705462e-03
-3.354813893034112926e+00 6.412032006417045515e-03
-3.353234413800104452e+00 6.273100232421779943e-03
-3.351654934566095978e+00 6.136082580408430687e-03
-3.350075455332087504e+00 6.000978460501849021e-03
-3.348495976098079030e+00 5.867787292422543821e-03
-3.346916496864070556e+00 5.736508505497561750e-03
-3.345337017630061638e+00 5.607141538671145398e-03
-3.343757538396053164e+00 5.479685840517833917e-03
-3.342178059162044690e+00 5.354140869251122758e-03
-3.340598579928036216e+00 5.230506092742670532e-03
-3.339019100694027742e+00 5.108780988524741495e-03
-3.337439621460019268e+00 4.988965043799198362e-03
-3.335860142226010794e+00 4.871057755468033434e-03
-3.334280662992002320e+00 4.755058630111386186e-03
-3.332701183757993846e+00 4.640967184029398673e-03
-3.331121704523984928e+00 4.528782943236553393e-03
-3.329542225289976454e+00 4.418505443477216410e-03
-3.327962746055967980e+00 4.310134230228301888e-03
-3.326383266821959506e+00 4.203668858726916646e-03
-3.324803787587951032e+00 4.099108893960368150e-03
-3.323224308353942558e+00 3.996453910689368172e-03
-3.321644829119934084e+00 3.895703493455693334e-03
-3.320065349885925610e+00 3.796857236590178708e-03
-3.318485870651916692e+00 3.699914744217602802e-03
-3.316906391417908218e+00 3.604875630283110866e-03
-3.315326912183899744e+00 3.511739518541667771e-03
-3.313747432949891270e+00 3.420506042577708961e-03
-3.312167953715882796e+00 3.331174845821793795e-03
-3.310588474481874321e+00 3.243745581539503320e-03
-3.309008995247865847e+00 3.158217912861749355e-03
-3.307429516013857373e+00 3.074591512783553249e-03
-3.305850036779848455e+00 2.992866064173260732e-03
-3.304270557545839981e+00 2.913041259787751969e-03
-3.302691078311831507e+00 2.835116802269888048e-03
-3.301111599077823033e+00 2.759092404166940682e-03
-3.299532119843814559e+00 2.684967787939696038e-03
-3.297952640609806085e+00 2.612742685963453937e-03
-3.296373161375797611e+00 2.542416840544792223e-03
-3.294793682141789137e+00 2.473990003921788805e-03
-3.293214202907780219e+00 2.407461938282895453e-03
-3.291634723673771745e+00 2.342832415759610321e-03
-3.290055244439763271e+00 2.280101218457564194e-03
-3.288475765205754797e+00 2.219268138434316029e-03
-3.286896285971746323e+00 2.160332977742984717e-03
-3.285316806737737849e+00 2.103295548402273063e-03
-3.283737327503729375e+00 2.048155672436657859e-03
-3.282157848269720901e+00 1.994913181868507301e-03
-3.280578369035712427e+00 1.943567918721633703e-03
-3.278998889801703509e+00 1.894119735038057861e-03
-3.277419410567695035e+00 1.846568492886002666e-03
-3.275839931333686561e+00 1.800914064360337186e-03
-3.274260452099678087e+00 1.757156331592346632e-03
-3.272680972865669613e+00 1.715295186758392099e-03
-3.271101493631661139e+00 1.675330532087127011e-03
-3.269522014397652665e+00 1.637262279864715175e-03
-3.267942535163644191e+00 1.601090352439382691e-03
-3.266363055929635273e+00 1.566814682240513790e-03
-3.264783576695626799e+00 1.534435211765994289e-03
-3.263204097461618325e+00 1.503951893600419254e-03
-3.261624618227609851e+00 1.475364690426639314e-03
-3.260045138993601377e+00 1.448673575022207949e-03
-3.258465659759592903e+00 1.423878530266931008e-03
-3.256886180525584429e+00 1.400979549155190185e-03
-3.255306701291575955e+00 1.379976634797164259e-03
-3.253727222057567037e+00 1.360869800424047149e-03
-3.252147742823558563e+00 1.343659069395930494e-03
-3.250568263589550089e+00 1.328344475215903486e-03
-3.248988784355541615e+00 1.314926061518839617e-03
-3.247409305121533141e+00 1.303403882089826382e-03
-3.245829825887524667e+00 1.293778000865275501e-03
-3.244250346653516193e+00 1.286048491941804706e-03
-3.242670867419507719e+00 1.280215439576459779e-03
-3.241091388185498801e+00 1.276278938197483726e-03
-3.239511908951490327e+00 1.274239092405315965e-03
-3.237932429717481853e+00 1.274096016982584345e-03
-3.236352950483473379e+00 1.275849836893883094e-03
-3.234773471249464905e+00 1.279500687293211314e-03
-3.233193992015456431e+00 1.285048713530079212e-03
-3.231614512781447957e+00 1.292494071153393875e-03
-3.230035033547439483e+00 1.301836925914234833e-03
-3.228455554313431008e+00 1.313077453780842063e-03
-3.226876075079422090e+00 1.326215840923405942e-03
-3.225296595845413616e+00 1.341252283735050455e-03
-3.223717116611405142e+00 1.358186988836163067e-03
-3.222137637377396668e+00 1.377020173069620768e-03
-3.220558158143388194e+00 1.397752063510449005e-03
-3.218978678909379720e+00 1.420382897466598848e-03
-3.217399199675371246e+00 1.444912922489938190e-03
-3.215819720441362772e+00 1.471342396372921080e-03
-3.214240241207353854e+00 1.499671587159245867e-03
-3.212660761973345380e+00 1.529900773142633952e-03
-3.211081282739336906e+00 1.562030242872047836e-03
-3.209501803505328432e+00 1.596060295152246233e-03
-3.207922324271319958e+00 1.631991239053443010e-03
-3.206342845037311484e+00 1.669823393918301591e-03
-3.204763365803303010e+00 1.709557089345614678e-03
-3.203183886569294536e+00 1.751192665224277079e-03
-3.201604407335285618e+00 1.794730471703975816e-03
-3.200024928101277144e+00 1.840170869224833083e-03
-3.198445448867268670e+00 1.887514228503306413e-03
-3.196865969633260196e+00 1.936760930544623172e-03
-3.195286490399251722e+00 1.987911366641892386e-03
-3.193707011165243248e+00 2.040965938386540834e-03
-3.192127531931234774e+00 2.095925057649661305e-03
-3.190548052697226300e+00 2.152789146616429505e-03
-3.188968573463217382e+00 2.211558637760902002e-03
-3.187389094229208908e+00 2.272233973862447520e-03
-3.185809614995200434e+00 2.334815608005302856e-03
-3.184230135761191960e+00 2.399304003589564083e-03
-3.182650656527183486e+00 2.465699634307427779e-03
-3.181071177293175012e+00 2.534002984178940210e-03
-3.179491698059166538e+00 2.604214547527905488e-03
-3.177912218825158064e+00 2.676334829005644345e-03
-3.176332739591149590e+00 2.750364343569677850e-03
-3.174753260357140672e+00 2.826303616502490179e-03
-3.173173781123132198e+00 2.904153183409530214e-03
-3.171594301889123724e+00 2.983913590216658029e-03
-3.170014822655115250e+00 3.065585393181580187e-03
-3.168435343421106776e+00 3.149169158881415242e-03
-3.166855864187098302e+00 3.234665464225350284e-03
-3.165276384953089828e+00 3.322074896450422088e-03
-3.163696905719081354e+00 3.411398053127068231e-03
-3.162117426485072436e+00 3.502635542155796422e-03
-3.160537947251063962e+00 3.595787981772513575e-03
-3.158958468017055488e+00 3.690856000546749449e-03
-3.157378988783047014e+00 3.787840237381656650e-03
-3.155799509549038540e+00 3.886741341522781390e-03
-3.154220030315030066e+00 3.987559972542853437e-03
-3.152640551081021592e+00 4.090296800363768526e-03
-3.151061071847013118e+00 4.194952505238269680e-03
-3.149481592613004199e+00 4.301527777762603755e-03
-3.147902113378995725e+00 4.410023318867084541e-03
-3.146322634144987251e+00 4.520439839831302820e-03
-3.144743154910978777e+00 4.632778062264697461e-03
-3.143163675676970303e+00 4.747038718126206369e-03
-3.141584196442961829e+00 4.863222549715384702e-03
-3.140004717208953355e+00 4.981330309662301836e-03
-3.138425237974944881e+00 5.101362760951966280e-03
-3.136845758740935963e+00 5.223320676898790538e-03
-3.135266279506927489e+00 5.347204841165908995e-03
-3.133686800272919015e+00 5.473016047751300128e-03
-3.132107321038910541e+00 5.600755100995113978e-03
-3.130527841804902067e+00 5.730422815581559526e-03
-3.128948362570893593e+00 5.862020016525137933e-03
-3.127368883336885119e+00 5.995547539185519526e-03
-3.125789404102876645e+00 6.131006229256441564e-03
-3.124209924868868171e+00 6.268396942773590830e-03
-3.122630445634859253e+00 6.407720546102946280e-03
-3.121050966400850779e+00 6.548977915953990703e-03
-3.119471487166842305e+00 6.692169939358394437e-03
-3.117892007932833831e+00 6.837297513693663120e-03
-3.116312528698825357e+00 6.984361546661266296e-03
-3.114733049464816883e+00 7.133362956294186930e-03
-3.113153570230808409e+00 7.284302670955478121e-03
-3.111574090996799935e+00 7.437181629340039457e-03
-3.109994611762791017e+00 7.592000780465180121e-03
-3.108415132528782543e+00 7.748761083674504668e-03
-3.106835653294774069e+00 7.907463508633805205e-03
-3.105256174060765595e+00 8.068109035325288225e-03
-3.103676694826757121e+00 8.230698654061674446e-03
-3.102097215592748647e+00 8.395233365467325015e-03
-3.100517736358740173e+00 8.561714180477131286e-03
-3.098938257124731699e+00 8.730142120346062740e-03
-3.097358777890722781e+00 8.900518216638286795e-03
-3.095779298656714307e+00 9.072843511222838941e-03
-3.094199819422705833e+00 9.247119056282504523e-03
-3.092620340188697359e+00 9.423345914297276416e-03
-3.091040860954688885e+00 9.601525158051571474e-03
-3.089461381720680411e+00 9.781657870624460571e-03
-3.087881902486671937e+00 9.963745145396551983e-03
-3.086302423252663463e+00 1.014778808603833404e-02
-3.084722944018654545e+00 1.033378780650962003e-02
-3.083143464784646071e+00 1.052174543105799387e-02
-3.081563985550637597e+00 1.071166209421525739e-02
-3.079984506316629123e+00 1.090353894079265640e-02
-3.078405027082620649e+00 1.109737712588176883e-02
-3.076825547848612175e+00 1.129317781484429073e-02
-3.075246068614603701e+00 1.149094218331325745e-02
-3.073666589380595227e+00 1.169067141718771463e-02
-3.072087110146586753e+00 1.189236671263793621e-02
-3.070507630912577834e+00 1.209602927608077749e-02
-3.068928151678569360e+00 1.230166032419788280e-02
-3.067348672444560886e+00 1.250926108392114156e-02
-3.065769193210552412e+00 1.271883279242780329e-02
-3.064189713976543938e+00 1.293037669713692495e-02
-3.062610234742535464e+00 1.314389405571581015e-02
-3.061030755508526990e+00 1.335938613605414105e-02
-3.059451276274518516e+00 1.357685421628340716e-02
-3.057871797040509598e+00 1.379629958475503404e-02
-3.056292317806501124e+00 1.401772354004182652e-02
-3.054712838572492650e+00 1.424112739094163249e-02
-3.053133359338484176e+00 1.446651245645214079e-02
-3.051553880104475702e+00 1.469388006578709049e-02
-3.049974400870467228e+00 1.492323155835317827e-02
-3.048394921636458754e+00 1.515456828377059750e-02
-3.046815442402450280e+00 1.538789160183751115e-02
-3.045235963168441362e+00 1.562320288254159806e-02
-3.043656483934432888e+00 1.586050350605350268e-02
-3.042077004700424414e+00 1.609979486272239413e-02
-3.040497525466415940e+00 1.634107835306286560e-02
-3.038918046232407466e+00 1.658435538775526741e-02
-3.037338566998398992e+00 1.682962738764692823e-02
-3.035759087764390518e+00 1.707689578372328931e-02
-3.034179608530382044e+00 1.732616201713255144e-02
-3.032600129296373126e+00 1.757742753915614298e-02
-3.031020650062364652e+00 1.783069381120705454e-02
-3.029441170828356178e+00 1.808596230483583422e-02
-3.027861691594347704e+00 1.834323450171548853e-02
-3.026282212360339230e+00 1.860251189362227553e-02
-3.024702733126330756e+00 1.886379598245879752e-02
-3.023123253892322282e+00 1.912708828021991714e-02
-3.021543774658313808e+00 1.939239030899952976e-02
-3.019964295424305334e+00 1.965970360097990532e-02
-3.018384816190296416e+00 1.992902969843302063e-02
-3.016805336956287942e+00 2.020037015369013922e-02
-3.015225857722279468e+00 2.047372652917145430e-02
-3.013646378488270994e+00 2.074910039733868228e-02
-3.012066899254262520e+00 2.102649334071926557e-02
-3.010487420020254046e+00 2.130590695188550043e-02
-3.008907940786245572e+00 2.158734283344265759e-02
-3.007328461552237098e+00 2.187080259803364513e-02
-3.005748982318228180e+00 2.215628786832035679e-02
-3.004169503084219706e+00 2.244380027698389402e-02
-3.002590023850211232e+00 2.273334146670547007e-02
-3.001010544616202758e+00 2.302491309017173915e-02
-2.999431065382194284e+00 2.331851681006125165e-02
-2.997851586148185810e+00 2.361415429902735674e-02
-2.996272106914177336e+00 2.391182723970786128e-02
-2.994692627680168862e+00 2.421153732469794040e-02
-2.993113148446159943e+00 2.451328625655657678e-02
-2.991533669212151469e+00 2.481707574778724279e-02
-2.989954189978142995e+00 2.512290752083357059e-02
-2.988374710744134521e+00 2.543078330806836096e-02
-2.986795231510126047e+00 2.574070485178914236e-02
-2.985215752276117573e+00 2.605267390420484830e-02
-2.983636273042109099e+00 2.636669222742638041e-02
-2.982056793808100625e+00 2.668276159346094634e-02
-2.980477314574092151e+00 2.700088378419529533e-02
-2.978897835340083233e+00 2.732106059139438603e-02
-2.977318356106074759e+00 2.764329381668306773e-02
-2.975738876872066285e+00 2.796758527155074336e-02
-2.974159397638057811e+00 2.829393677732205958e-02
-2.972579918404049337e+00 2.862235016516379016e-02
-2.971000439170040863e+00 2.895282727605597017e-02
-2.969420959936032389e+00 2.928536996081054777e-02
-2.967841480702023915e+00 2.961998008002697524e-02
-2.966262001468014997e+00 2.995665950411063871e-02
-2.964682522234006523e+00 3.029541011323555466e-02
-2.963103042999998049e+00 3.063623379736191144e-02
-2.961523563765989575e+00 3.097913245620498301e-02
-2.959944084531981101e+00 3.132410799922802358e-02
-2.958364605297972627e+00 3.167116234563194244e-02
-2.956785126063964153e+00 3.202029742435308357e-02
-2.955205646829955679e+00 3.237151517403535905e-02
-2.953626167595946761e+00 3.272481754303102619e-02
-2.952046688361938287e+00 3.308020648938947428e-02
-2.950467209127929813e+00 3.343768398083535320e-02
-2.948887729893921339e+00 3.379725199476313335e-02
-2.947308250659912865e+00 3.415891251822400498e-02
-2.945728771425904391e+00 3.452266754792399084e-02
-2.944149292191895917e+00 3.488851909019075048e-02
-2.942569812957887443e+00 3.525646916097280315e-02
-2.940990333723878525e+00 3.562651978583908363e-02
-2.939410854489870051e+00 3.599867299993864123e-02
-2.937831375255861577e+00 3.637293084801662690e-02
-2.936251896021853103e+00 3.674929538437932131e-02
-2.934672416787844629e+00 3.712776867289058202e-02
-2.933092937553836155e+00 3.750835278696607045e-02
-2.931513458319827681e+00 3.789104980954138835e-02
-2.929933979085819207e+00 3.827586183307707390e-02
-2.928354499851810733e+00 3.866279095953406575e-02
-2.926775020617801815e+00 3.905183930036515427e-02
-2.925195541383793341e+00 3.944300897649810622e-02
-2.923616062149784867e+00 3.983630211831912238e-02
-2.922036582915776393e+00 4.023172086567250449e-02
-2.920457103681767919e+00 4.062926736783034620e-02
-2.918877624447759445e+00 4.102894378348298510e-02
-2.917298145213750971e+00 4.143075228073034300e-02
-2.915718665979742497e+00 4.183469503706072068e-02
-2.914139186745733578e+00 4.224077423933825237e-02
-2.912559707511725104e+00 4.264899208379324680e-02
-2.910980228277716630e+00 4.305935077599587490e-02
-2.909400749043708156e+00 4.347185253084895340e-02
-2.907821269809699682e+00 4.388649957257562129e-02
-2.906241790575691208e+00 4.430329413469136224e-02
-2.904662311341682734e+00 4.472223846000866754e-02
-2.903082832107674260e+00 4.514333480059762316e-02
-2.901503352873665342e+00 4.556658541778701998e-02
-2.899923873639656868e+00 4.599199258214548003e-02
-2.898344394405648394e+00 4.641955857345625436e-02
-2.896764915171639920e+00 4.684928568071633492e-02
-2.895185435937631446e+00 4.728117620210536831e-02
-2.893605956703622972e+00 4.771523244497555272e-02
-2.892026477469614498e+00 4.815145672584109082e-02
-2.890446998235606024e+00 4.858985137034488311e-02
-2.888867519001597106e+00 4.903041871326208057e-02
-2.887288039767588632e+00 4.947316109846189303e-02
-2.885708560533580158e+00 4.991808087891402845e-02
-2.884129081299571684e+00 5.036518041664495016e-02
-2.882549602065563210e+00 5.081446208274209564e-02
-2.880970122831554736e+00 5.126592825732878556e-02
-2.879390643597546262e+00 5.171958132954035392e-02
-2.877811164363537788e+00 5.217542369751171361e-02
-2.876231685129529314e+00 5.263345776835681722e-02
-2.874652205895520396e+00 5.309368595816454928e-02
-2.873072726661511922e+00 5.355611069195198581e-02
-2.871493247427503448e+00 5.402073440366883528e-02
-2.869913768193494974e+00 5.448755953617268055e-02
-2.868334288959486500e+00 5.495658854121099335e-02
-2.866754809725478026e+00 5.542782387938882671e-02
-2.865175330491469552e+00 5.590126802017492125e-02
-2.863595851257461078e+00 5.637692344185951665e-02
-2.862016372023452160e+00 5.685479263154979979e-02
-2.860436892789443686e+00 5.733487808513249018e-02
-2.858857413555435212e+00 5.781718230728027930e-02
-2.857277934321426738e+00 5.830170781140808778e-02
-2.855698455087418264e+00 5.878845711965818843e-02
-2.854118975853409790e+00 5.927743276289587637e-02
-2.852539496619401316e+00 5.976863728066550419e-02
-2.850960017385392842e+00 6.026207322118515286e-02
-2.849380538151383924e+00 6.075774314132031950e-02
-2.847801058917375450e+00 6.125564960656915137e-02
-2.846221579683366976e+00 6.175579519102547543e-02
-2.844642100449358502e+00 6.225818247738124089e-02
-2.843062621215350028e+00 6.276281405688022286e-02
-2.841483141981341554e+00 6.326969252931680110e-02
-2.839903662747333080e+00 6.377882050300232031e-02
-2.838324183513324606e+00 6.429020059474566118e-02
-2.836744704279315688e+00 6.480383542983414458e-02
-2.835165225045307213e+00 6.531972764200777437e-02
-2.833585745811298739e+00 6.583787987343614478e-02
-2.832006266577290265e+00 6.635829477470012172e-02
-2.830426787343281791e+00 6.688097500476242185e-02
-2.828847308109273317e+00 6.740592323095606631e-02
-2.827267828875264843e+00 6.793314212894685511e-02
-2.825688349641256369e+00 6.846263438271760204e-02
-2.824108870407247895e+00 6.899440268454792857e-02
-2.822529391173238977e+00 6.952844973498428782e-02
-2.820949911939230503e+00 7.006477824281032163e-02
-2.819370432705222029e+00 7.060339092504919201e-02
-2.817790953471213555e+00 7.114429050690340706e-02
-2.816211474237205081e+00 7.168747972175559813e-02
-2.814631995003196607e+00 7.223296131113610130e-02
-2.813052515769188133e+00 7.278073802469420261e-02
-2.811473036535179659e+00 7.333081262018437130e-02
-2.809893557301170741e+00 7.388318786343017752e-02
-2.808314078067162267e+00 7.443786652830353123e-02
-2.806734598833153793e+00 7.499485139669648248e-02
-2.805155119599145319e+00 7.555414525849468710e-02
-2.803575640365136845e+00 7.611575091156475015e-02
-2.801996161131128371e+00 7.667967116170726349e-02
-2.800416681897119897e+00 7.724590882265014447e-02
-2.798837202663111423e+00 7.781446671600422693e-02
-2.797257723429102505e+00 7.838534767125227010e-02
-2.795678244195094031e+00 7.895855452571254318e-02
-2.794098764961085557e+00 7.953409012451184701e-02
-2.792519285727077083e+00 8.011195732057141417e-02
-2.790939806493068609e+00 8.069215897455794817e-02
-2.789360327259060135e+00 8.127469795487052284e-02
-2.787780848025051661e+00 8.185957713761227161e-02
-2.786201368791043187e+00 8.244679940655785799e-02
-2.784621889557034269e+00 8.303636765312949475e-02
-2.783042410323025795e+00 8.362828477636730096e-02
-2.781462931089017321e+00 8.422255368289166544e-02
-2.779883451855008847e+00 8.481917728688959102e-02
-2.778303972621000373e+00 8.541815851008038862e-02
-2.776724493386991899e+00 8.601950028167815177e-02
-2.775145014152983425e+00 8.662320553837843384e-02
-2.773565534918974951e+00 8.722927722431061959e-02
-2.771986055684966477e+00 8.783771829101927331e-02
-2.770406576450957559e+00 8.844853169743560617e-02
-2.768827097216949085e+00 8.906172040983706406e-02
-2.767247617982940611e+00 8.967728740183389391e-02
-2.765668138748932137e+00 9.029523565431707421e-02
-2.764088659514923663e+00 9.091556815544643566e-02
-2.762509180280915189e+00 9.153828790060680731e-02
-2.760929701046906715e+00 9.216339789238481295e-02
-2.759350221812898241e+00 9.279090114053523131e-02
-2.757770742578889323e+00 9.342080066194480281e-02
-2.756191263344880849e+00 9.405309948060958103e-02
-2.754611784110872374e+00 9.468780062759685201e-02
-2.753032304876863900e+00 9.532490714100683160e-02
-2.751452825642855426e+00 9.596442206595556801e-02
-2.749873346408846952e+00 9.660634845453075492e-02
-2.748293867174838478e+00 9.725068936575975709e-02
-2.746714387940830004e+00 9.789744786558163270e-02
-2.745134908706821086e+00 9.854662702681304953e-02
-2.743555429472812612e+00 9.919822992910354298e-02
-2.741975950238804138e+00 9.985225965892186029e-02
-2.740396471004795664e+00 1.005087193095075548e-01
-2.738816991770787190e+00 1.011676119808303520e-01
-2.737237512536778716e+00 1.018289407795819335e-01
-2.735658033302770242e+00 1.024927088191102120e-01
-2.734078554068761768e+00 1.031589192194084514e-01
-2.732499074834752850e+00 1.038275751070745212e-01
-2.730919595600744376e+00 1.044986796152547193e-01
-2.729340116366735902e+00 1.051722358836427729e-01
-2.727760637132727428e+00 1.058482470584228841e-01
-2.726181157898718954e+00 1.065267162922294286e-01
-2.724601678664710480e+00 1.072076467441308578e-01
-2.723022199430702006e+00 1.078910415795762967e-01
-2.721442720196693532e+00 1.085769039703579075e-01
-2.719863240962685058e+00 1.092652370945956797e-01
-2.718283761728676140e+00 1.099560441366631558e-01
-2.716704282494667666e+00 1.106493282871942041e-01
-2.715124803260659192e+00 1.113450927430085224e-01
-2.713545324026650718e+00 1.120433407070929865e-01
-2.711965844792642244e+00 1.127440753885601277e-01
-2.710386365558633770e+00 1.134473000026015033e-01
-2.708806886324625296e+00 1.141530177704671578e-01
-2.707227407090616822e+00 1.148612319194098896e-01
-2.705647927856607904e+00 1.155719456826517222e-01
-2.704068448622599430e+00 1.162851622993437140e-01
-2.702488969388590956e+00 1.170008850145377588e-01
-2.700909490154582482e+00 1.177191170791201946e-01
-2.699330010920574008e+00 1.184398617498094719e-01
-2.697750531686565534e+00 1.191631222890828790e-01
-2.696171052452557060e+00 1.198889019651445675e-01
-2.694591573218548586e+00 1.206172040518966870e-01
-2.693012093984539668e+00 1.213480318288934212e-01
-2.691432614750531194e+00 1.220813885812834787e-01
-2.689853135516522720e+00 1.228172775997991018e-01
-2.688273656282514246e+00 1.235557021806885647e-01
-2.686694177048505772e+00 1.242966656256784264e-01
-2.685114697814497298e+00 1.250401712419433875e-01
-2.683535218580488824e+00 1.257862223420555536e-01
-2.681955739346480350e+00 1.265348222439412473e-01
-2.680376260112471432e+00 1.272859742708434272e-01
-2.678796780878462958e+00 1.280396817512644558e-01
-2.677217301644454484e+00 1.287959480189479478e-01
-2.675637822410446010e+00 1.295547764128048840e-01
-2.674058343176437536e+00 1.303161702768947383e-01
-2.672478863942429061e+00 1.310801329603689114e-01
-2.670899384708420587e+00 1.318466678174319284e-01
-2.669319905474412113e+00 1.326157782072802660e-01
-2.667740426240403639e+00 1.333874674940889182e-01
-2.666160947006394721e+00 1.341617390469366788e-01
-2.664581467772386247e+00 1.349385962397735006e-01
-2.663001988538377773e+00 1.357180424513756978e-01
-2.661422509304369299e+00 1.365000810652929331e-01
-2.659843030070360825e+00 1.372847154698123018e-01
-2.658263550836352351e+00 1.380719490579025988e-01
-2.656684071602343877e+00 1.388617852271673558e-01
-2.655104592368335403e+00 1.396542273798062617e-01
-2.653525113134326485e+00 1.404492789225645355e-01
-2.651945633900318011e+00 1.412469432666748070e-01
-2.650366154666309537e+00 1.420472238278279176e-01
-2.648786675432301063e+00 1.428501240261050298e-01
-2.647207196198292589e+00 1.436556472859510936e-01
-2.645627716964284115e+00 1.444637970360965196e-01
-2.644048237730275641e+00 1.452745767095453555e-01
-2.642468758496267167e+00 1.460879897434950725e-01
-2.640889279262258249e+00 1.469040395793001497e-01
-2.639309800028249775e+00 1.477227296624218367e-01
-2.637730320794241301e+00 1.485440634423727535e-01
-2.636150841560232827e+00 1.493680443726753682e-01
-2.634571362326224353e+00 1.501946759108109264e-01
-2.632991883092215879e+00 1.510239615181505068e-01
-2.631412403858207405e+00 1.518559046599314843e-01
-2.629832924624198931e+00 1.526905088051876414e-01
-2.628253445390190457e+00 1.535277774266943784e-01
-2.626673966156181539e+00 1.543677140009398485e-01
-2.625094486922173065e+00 1.552103220080419121e-01
-2.623515007688164591e+00 1.560556049317206040e-01
-2.621935528454156117e+00 1.569035662592318525e-01
-2.620356049220147643e+00 1.577542094813223494e-01
-2.618776569986139169e+00 1.586075380921664335e-01
-2.617197090752130695e+00 1.594635555893160750e-01
-2.615617611518122221e+00 1.603222654736588537e-01
-2.614038132284113303e+00 1.611836712493427970e-01
-2.612458653050104829e+00 1.620477764237375773e-01
-2.610879173816096355e+00 1.629145845073763921e-01
-2.609299694582087881e+00 1.637840990138920150e-01
-2.607720215348079407e+00 1.646563234599778824e-01
-2.606140736114070933e+00 1.655312613653163178e-01
-2.604561256880062459e+00 1.664089162525273502e-01
-2.602981777646053985e+00 1.672892916471186986e-01
-2.601402298412045067e+00 1.681723910774287623e-01
-2.599822819178036593e+00 1.690582180745506813e-01
-2.598243339944028119e+00 1.699467761723055803e-01
-2.596663860710019645e+00 1.708380689071612446e-01
-2.595084381476011171e+00 1.717320998181842695e-01
-2.593504902242002697e+00 1.726288724469793312e-01
-2.591925423007994223e+00 1.735283903376383940e-01
-2.590345943773985748e+00 1.744306570366646603e-01
-2.588766464539976830e+00 1.753356760929348779e-01
-2.587186985305968356e+00 1.762434510576138535e-01
-2.585607506071959882e+00 1.771539854841346351e-01
-2.584028026837951408e+00 1.780672829280910419e-01
-2.582448547603942934e+00 1.789833469472158489e-01
-2.580869068369934460e+00 1.799021811012997407e-01
-2.579289589135925986e+00 1.808237889521338015e-01
-2.577710109901917512e+00 1.817481740634592779e-01
-2.576130630667909038e+00 1.826753400008894190e-01
-2.574551151433900120e+00 1.836052903318575180e-01
-2.572971672199891646e+00 1.845380286255605129e-01
-2.571392192965883172e+00 1.854735584528789394e-01
-2.569812713731874698e+00 1.864118833863369629e-01
-2.568233234497866224e+00 1.873530070000118952e-01
-2.566653755263857750e+00 1.882969328695006106e-01
-2.565074276029849276e+00 1.892436645718388322e-01
-2.563494796795840802e+00 1.901932056854358510e-01
-2.561915317561831884e+00 1.911455597900156844e-01
-2.560335838327823410e+00 1.921007304665558468e-01
-2.558756359093814936e+00 1.930587212972164068e-01
-2.557176879859806462e+00 1.940195358652722080e-01
-2.555597400625797988e+00 1.949831777550608547e-01
-2.554017921391789514e+00 1.959496505519033871e-01
-2.552438442157781040e+00 1.969189578420402209e-01
-2.550858962923772566e+00 1.978911032125754144e-01
-2.549279483689763648e+00 1.988660902513922912e-01
-2.547700004455755174e+00 1.998439225471056457e-01
-2.546120525221746700e+00 2.008246036889799191e-01
-2.544541045987738226e+00 2.018081372668681372e-01
-2.542961566753729752e+00 2.027945268711411342e-01
-2.541382087519721278e+00 2.037837760926249353e-01
-2.539802608285712804e+00 2.047758885225233749e-01
-2.538223129051704330e+00 2.057708677523537033e-01
-2.536643649817695412e+00 2.067687173738796957e-01
-2.535064170583686938e+00 2.077694409790372121e-01
-2.533484691349678464e+00 2.087730421598729125e-01
-2.531905212115669990e+00 2.097795245084594917e-01
-2.530325732881661516e+00 2.107888916168414450e-01
-2.528746253647653042e+00 2.118011470769476379e-01
-2.527166774413644568e+00 2.128162944805344625e-01
-2.525587295179636094e+00 2.138343374191151169e-01
-2.524007815945627620e+00 2.148552794838651803e-01
-2.522428336711618702e+00 2.158791242655805354e-01
-2.520848857477610228e+00 2.169058753545862195e-01
-2.519269378243601754e+00 2.179355363406668133e-01
-2.517689899009593280e+00 2.189681108129964970e-01
-2.516110419775584806e+00 2.200036023600657753e-01
-2.514530940541576332e+00 2.210420145696024852e-01
-2.512951461307567858e+00 2.220833510285026291e-01
-2.511371982073559384e+00 2.231276153227538250e-01
-2.509792502839550465e+00 2.241748110373629754e-01
-2.508213023605541991e+00 2.252249417562794398e-01
-2.506633544371533517e+00 2.262780110623160423e-01
-2.505054065137525043e+00 2.273340225370771295e-01
-2.503474585903516569e+00 2.283929797608831858e-01
-2.501895106669508095e+00 2.294548863126970040e-01
-2.500315627435499621e+00 2.305197457700350894e-01
-2.498736148201491147e+00 2.315875617089043770e-01
-2.497156668967482229e+00 2.326583377037209632e-01
-2.495577189733473755e+00 2.337320773272238417e-01
-2.493997710499465281e+00 2.348087841504066797e-01
-2.492418231265456807e+00 2.358884617424347740e-01
-2.490838752031448333e+00 2.369711136705703880e-01
-2.489259272797439859e+00 2.380567435000881527e-01
-2.487679793563431385e+00 2.391453547942012925e-01
-2.486100314329422911e+00 2.402369511139710867e-01
-2.484520835095413993e+00 2.413315360182468061e-01
-2.482941355861405519e+00 2.424291130635659042e-01
-2.481361876627397045e+00 2.435296858040802981e-01
-2.479782397393388571e+00 2.446332577914714923e-01
-2.478202918159380097e+00 2.457398325748843537e-01
-2.476623438925371623e+00 2.468494137008253042e-01
-2.475043959691363149e+00 2.479620047130864369e-01
-2.473464480457354675e+00 2.490776091526742952e-01
-2.471885001223346201e+00 2.501962305577130063e-01
-2.470305521989337283e+00 2.513178724633664540e-01
-2.468726042755329253e+00 2.524425384017533469e-01
-2.467146563521320779e+00 2.535702319018709461e-01
-2.465567084287312305e+00 2.547009564894964218e-01
-2.463987605053302943e+00 2.558347156871195738e-01
-2.462408125819294469e+00 2.569715130138436887e-01
-2.460828646585285995e+00 2.581113519853015514e-01
-2.459249167351277521e+00 2.592542361135858897e-01
-2.457669688117269047e+00 2.604001689071452352e-01
-2.456090208883260573e+00 2.615491538707011010e-01
-2.454510729649252099e+00 2.627011945051705988e-01
-2.452931250415243625e+00 2.638562943075751788e-01
-2.451351771181235151e+00 2.650144567709422083e-01
-2.449772291947226677e+00 2.661756853842415227e-01
-2.448192812713218203e+00 2.673399836322697398e-01
-2.446613333479209729e+00 2.685073549955850902e-01
-2.445033854245201255e+00 2.696778029504068308e-01
-2.443454375011192781e+00 2.708513309685225412e-01
-2.441874895777184307e+00 2.720279425172211774e-01
-2.440295416543175833e+00 2.732076410591689486e-01
-2.438715937309166470e+00 2.743904300523543616e-01
-2.437136458075157996e+00 2.755763129499700925e-01
-2.435556978841149522e+00 2.767652932003383803e-01
-2.433977499607141048e+00 2.779573742468191000e-01
-2.432398020373132574e+00 2.791525595277145610e-01
-2.430818541139124100e+00 2.803508524761729181e-01
-2.429239061905115626e+00 2.815522565201037386e-01
-2.427659582671107152e+00 2.827567750820920711e-01
-2.426080103437098678e+00 2.839644115792886447e-01
-2.424500624203090204e+00 2.851751694233337631e-01
-2.422921144969081730e+00 2.863890520202452272e-01
-2.421341665735073256e+00 2.876060627703509454e-01
-2.419762186501064782e+00 2.888262050681632553e-01
-2.418182707267056308e+00 2.900494823023184732e-01
-2.416603228033047834e+00 2.912758978554536027e-01
-2.415023748799039360e+00 2.925054551041254558e-01
-2.413444269565030886e+00 2.937381574187140632e-01
-2.411864790331021524e+00 2.949740081633283051e-01
-2.410285311097013050e+00 2.962130106956997189e-01
-2.408705831863004576e+00 2.974551683671028957e-01
-2.407126352628996102e+00 2.987004845222461791e-01
-2.405546873394987628e+00 2.999489624991764636e-01
-2.403967394160979154e+00 3.012006056291861578e-01
-2.402387914926970680e+00 3.024554172367183158e-01
-2.400808435692962206e+00 3.037134006392543384e-01
-2.399228956458953732e+00 3.049745591472279305e-01
-2.397649477224945258e+00 3.062388960639335078e-01
-2.396069997990936784e+00 3.075064146854020741e-01
-2.394490518756928310e+00 3.087771183003298336e-01
-2.392911039522919836e+00 3.100510101899542348e-01
-2.391331560288911362e+00 3.113280936279804179e-01
-2.389752081054902888e+00 3.126083718804529843e-01
-2.388172601820894414e+00 3.138918482056733961e-01
-2.386593122586885052e+00 3.151785258541047741e-01
-2.385013643352876578e+00 3.164684080682427236e-01
-2.383434164118868104e+00 3.177614980825441693e-01
-2.381854684884859630e+00 3.190577991233055632e-01
-2.380275205650851156e+00 3.203573144085682944e-01
-2.378695726416842682e+00 3.216600471480238199e-01
-2.377116247182834208e+00 3.229660005428982572e-01
-2.375536767948825734e+00 3.242751777858441931e-01
-2.373957288714817260e+00 3.255875820608618576e-01
-2.372377809480808786e+00 3.269032165431711712e-01
-2.370798330246800312e+00 3.282220843991150994e-01
-2.369218851012791838e+00 3.295441887860617869e-01
-2.367639371778783364e+00 3.308695328522900381e-01
-2.366059892544774890e+00 3.321981197368912841e-01
-2.364480413310766416e+00 3.335299525696676648e-01
-2.362900934076757942e+00 3.348650344710016324e-01
-2.361321454842749468e+00 3.362033685517869519e-01
-2.359741975608740105e+00 3.375449579132983602e-01
-2.358162496374731631e+00 3.388898056470840414e-01
-2.356583017140723157e+00 3.402379148348733118e-01
-2.355003537906714683e+00 3.415892885484530517e-01
-2.353424058672706209e+00 3.429439298495715049e-01
-2.351844579438697735e+00 3.443018417898314198e-01
-2.350265100204689261e+00 3.456630274105678136e-01
-2.348685620970680787e+00 3.470274897427577665e-01
-2.347106141736672313e+00 3.483952318068942455e-01
-2.345526662502663839e+00 3.497662566128911799e-01
-2.343947183268655365e+00 3.511405671599646117e-01
-2.342367704034646891e+00 3.525181664365277800e-01
-2.340788224800638417e+00 3.538990574200782668e-01
-2.339208745566629943e+00 3.552832430770880290e-01
-2.337629266332621469e+00 3.566707263628970948e-01
-2.336049787098612995e+00 3.580615102215981560e-01
-2.334470307864603633e+00 3.594555975859228258e-01
-2.332890828630595159e+00 3.608529913771360009e-01
-2.331311349396586685e+00 3.622536945049218970e-01
-2.329731870162578211e+00 3.636577098672686970e-01
-2.328152390928569737e+00 3.650650403503609698e-01
-2.326572911694561263e+00 3.664756888284640413e-01
-2.324993432460552789e+00 3.678896581638116392e-01
-2.323413953226544315e+00 3.693069512064892645e-01
-2.321834473992535841e+00 3.707275707943383791e-01
-2.320254994758527367e+00 3.721515197528031949e-01
-2.318675515524518893e+00 3.735788008948628391e-01
-2.317096036290510419e+00 3.750094170208843058e-01
-2.315516557056501945e+00 3.764433709185214250e-01
-2.313937077822493471e+00 3.778806653625995104e-01
-2.312357598588484997e+00 3.793213031149972880e-01
-2.310778119354476523e+00 3.807652869245240490e-01
-2.309198640120468049e+00 3.822126195268223947e-01
-2.307619160886458687e+00 3.836633036442343991e-01
-2.306039681652450213e+00 3.851173419856960267e-01
-2.304460202418441739e+00 3.865747372466077358e-01
-2.302880723184433265e+00 3.880354921087415532e-01
-2.301301243950424791e+00 3.894996092400923038e-01
-2.299721764716416317e+00 3.909670912947859067e-01
-2.298142285482407843e+00 3.924379409129524765e-01
-2.296562806248399369e+00 3.939121607205979814e-01
-2.294983327014390895e+00 3.953897533295099853e-01
-2.293403847780382421e+00 3.968707213371192033e-01
-2.291824368546373947e+00 3.983550673263794861e-01
-2.290244889312365473e+00 3.998427938656645142e-01
-2.288665410078356999e+00 4.013339035086391782e-01
-2.287085930844348525e+00 4.028283987941405631e-01
-2.285506451610340051e+00 4.043262822460527151e-01
-2.283926972376331577e+00 4.058275563731952862e-01
-2.282347493142322215e+00 4.073322236692077380e-01
-2.280768013908313741e+00 4.088402866124144497e-01
-2.279188534674305266e+00 4.103517476657071450e-01
-2.277609055440296792e+00 4.118666092764378117e-01
-2.276029576206288318e+00 4.133848738762768149e-01
-2.274450096972279844e+00 4.149065438811078144e-01
-2.272870617738271370e+00 4.164316216909081936e-01
-2.271291138504262896e+00 4.179601096895989576e-01
-2.269711659270254422e+00 4.194920102449594124e-01
-2.268132180036245948e+00 4.210273257084874432e-01
-2.266552700802237474e+00 4.225660584152679533e-01
-2.264973221568229000e+00 4.241082106838728327e-01
-2.263393742334220526e+00 4.256537848162090798e-01
-2.261814263100212052e+00 4.272027830974276519e-01
-2.260234783866203578e+00 4.287552077957738628e-01
-2.258655304632195104e+00 4.303110611624766380e-01
-2.257075825398186630e+00 4.318703454316199508e-01
-2.255496346164177268e+00 4.334330628200253055e-01
-2.253916866930168794e+00 4.349992155271221184e-01
-2.252337387696160320e+00 4.365688057348104945e-01
-2.250757908462151846e+00 4.381418356073715770e-01
-2.249178429228143372e+00 4.397183072913046775e-01
-2.247598949994134898e+00 4.412982229152280778e-01
-2.246019470760126424e+00 4.428815845897355330e-01
-2.244439991526117950e+00 4.444683944072875259e-01
-2.242860512292109476e+00 4.460586544420747646e-01
-2.241281033058101002e+00 4.476523667498931713e-01
-2.239701553824092528e+00 4.492495333680232017e-01
-2.238122074590084054e+00 4.508501563150967284e-01
-2.236542595356075580e+00 4.524542375909827996e-01
-2.234963116122067106e+00 4.540617791766425881e-01
-2.233383636888058632e+00 4.556727830340169261e-01
-2.231804157654050158e+00 4.572872511058995726e-01
-2.230224678420040796e+00 4.589051853158048200e-01
-2.228645199186032322e+00 4.605265875678345999e-01
-2.227065719952023848e+00 4.621514597465694596e-01
-2.225486240718015374e+00 4.637798037169209020e-01
-2.223906761484006900e+00 4.654116213240189204e-01
-2.222327282249998426e+00 4.670469143930759404e-01
-2.220747803015989952e+00 4.686856847292592554e-01
-2.219168323781981478e+00 4.703279341175666817e-01
-2.217588844547973004e+00 4.719736643227036565e-01
-2.216009365313964530e+00 4.736228770889366890e-01
-2.214429886079956056e+00 4.752755741399788958e-01
-2.212850406845947582e+00 4.769317571788673771e-01
-2.211270927611939108e+00 4.785914278878150019e-01
-2.209691448377930634e+00 4.802545879281010510e-01
-2.208111969143922160e+00 4.819212389399272212e-01
-2.206532489909913686e+00 4.835913825423044932e-01
-2.204953010675905212e+00 4.852650203329032519e-01
-2.203373531441895850e+00 4.869421538879440403e-01
-2.201794052207887376e+00 4.886227847620559506e-01
-2.200214572973878902e+00 4.903069144881532226e-01
-2.198635093739870427e+00 4.919945445773052928e-01
-2.197055614505861953e+00 4.936856765185966278e-01
-2.195476135271853479e+00 4.953803117790175348e-01
-2.193896656037845005e+00 4.970784518033133370e-01
-2.192317176803836531e+00 4.987800980138735740e-01
-2.190737697569828057e+00 5.004852518105801229e-01
-2.189158218335819583e+00 5.021939145707010610e-01
-2.187578739101811109e+00 5.039060876487406748e-01
-2.185999259867802635e+00 5.056217723763245520e-01
-2.184419780633794161e+00 5.073409700620518104e-01
-2.182840301399785687e+00 5.090636819913875177e-01
-2.181260822165777213e+00 5.107899094265170303e-01
-2.179681342931768739e+00 5.125196536062091024e-01
-2.178101863697759377e+00 5.142529157457135236e-01
-2.176522384463750903e+00 5.159896970365915880e-01
-2.174942905229742429e+00 5.177299986466232795e-01
-2.173363425995733955e+00 5.194738217196478436e-01
-2.171783946761725481e+00 5.212211673754597596e-01
-2.170204467527717007e+00 5.229720367096456490e-01
-2.168624988293708533e+00 5.247264307934865757e-01
-2.167045509059700059e+00 5.264843506738045020e-01
-2.165466029825691585e+00 5.282457973728419409e-01
-2.163886550591683111e+00 5.300107718881307273e-01
-2.162307071357674637e+00 5.317792751923579031e-01
-2.160727592123666163e+00 5.335513082332374868e-01
-2.159148112889657689e+00 5.353268719333797998e-01
-2.157568633655649215e+00 5.371059671901610155e-01
-2.155989154421640741e+00 5.388885948755860467e-01
-2.154409675187632267e+00 5.406747558361743033e-01
-2.152830195953623793e+00 5.424644508928128106e-01
-2.151250716719614431e+00 5.442576808406313083e-01
-2.149671237485605957e+00 5.460544464488684691e-01
-2.148091758251597483e+00 5.478547484607564355e-01
-2.146512279017589009e+00 5.496585875933683862e-01
-2.144932799783580535e+00 5.514659645375008523e-01
-2.143353320549572061e+00 5.532768799575473739e-01
-2.141773841315563587e+00 5.550913344913547265e-01
-2.140194362081555113e+00 5.569093287501070133e-01
-2.138614882847546639e+00 5.587308633181792272e-01
-2.137035403613538165e+00 5.605559387530282267e-01
-2.135455924379529691e+00 5.623845555850380817e-01
-2.133876445145521217e+00 5.642167143174194877e-01
-2.132296965911512743e+00 5.660524154260535568e-01
-2.130717486677504269e+00 5.678916593593696938e-01
-2.129138007443495795e+00 5.697344465382290224e-01
-2.127558528209487321e+00 5.715807773557736171e-01
-2.125979048975477959e+00 5.734306521773171461e-01
-2.124399569741469485e+00 5.752840713402036510e-01
-2.122820090507461011e+00 5.771410351536732097e-01
-2.121240611273452537e+00 5.790015438987555774e-01
-2.119661132039444063e+00 5.808655978281154209e-01
-2.118081652805435589e+00 5.827331971659391874e-01
-2.116502173571427114e+00 5.846043421077979918e-01
-2.114922694337418640e+00 5.864790328205262693e-01
-2.113343215103410166e+00 5.883572694420978744e-01
-2.111763735869401692e+00 5.902390520814724262e-01
-2.110184256635393218e+00 5.921243808184954993e-01
-2.108604777401384744e+00 5.940132557037628436e-01
-2.107025298167376270e+00 5.959056767584882675e-01
-2.105445818933367796e+00 5.978016439743756294e-01
-2.103866339699359322e+00 5.997011573134902740e-01
-2.102286860465350848e+00 6.016042167081460112e-01
-2.100707381231342374e+00 6.035108220607571239e-01
-2.099127901997333012e+00 6.054209732437291214e-01
-2.097548422763324538e+00 6.073346700993202951e-01
-2.095968943529316064e+00 6.092519124395268104e-01
-2.094389464295307590e+00 6.111727000459412640e-01
-2.092809985061299116e+00 6.130970326696445483e-01
-2.091230505827290642e+00 6.150249100310642980e-01
-2.089651026593282168e+00 6.169563318198554303e-01
-2.088071547359273694e+00 6.188912976947855693e-01
-2.086492068125265220e+00 6.208298072835864989e-01
-2.084912588891256746e+00 6.227718601828570177e-01
-2.083333109657248272e+00 6.247174559579211639e-01
-2.081753630423239798e+00 6.266665941426939890e-01
-2.080174151189231324e+00 6.286192742395908528e-01
-2.078594671955222850e+00 6.305754957193796528e-01
-2.077015192721214376e+00 6.325352580210468201e-01
-2.075435713487205902e+00 6.344985605517082794e-01
-2.073856234253196540e+00 6.364654026864658976e-01
-2.072276755019188066e+00 6.384357837682737014e-01
-2.070697275785179592e+00 6.404097031078438418e-01
-2.069117796551171118e+00 6.423871599835018209e-01
-2.067538317317162644e+00 6.443681536410781341e-01
-2.065958838083154170e+00 6.463526832937773747e-01
-2.064379358849145696e+00 6.483407481220665458e-01
-2.062799879615137222e+00 6.503323472735532684e-01
-2.061220400381128748e+00 6.523274798628486693e-01
-2.059640921147120274e+00 6.543261449714777855e-01
-2.058061441913111800e+00 6.563283416477415644e-01
-2.056481962679103326e+00 6.583340689065858564e-01
-2.054902483445094852e+00 6.603433257295165948e-01
-2.053323004211086378e+00 6.623561110644448080e-01
-2.051743524977077904e+00 6.643724238256021319e-01
-2.050164045743069430e+00 6.663922628933987014e-01
-2.048584566509060956e+00 6.684156271143083528e-01
-2.047005087275051594e+00 6.704425153007698146e-01
-2.045425608041043120e+00 6.724729262310497058e-01
-2.043846128807034646e+00 6.745068586491407281e-01
-2.042266649573026172e+00 6.765443112646372104e-01
-2.040687170339017698e+00 6.785852827526251962e-01
-2.039107691105009224e+00 6.806297717535672032e-01
-2.037528211871000750e+00 6.826777768731893126e-01
-2.035948732636992276e+00 6.847292966823652627e-01
-2.034369253402983801e+00 6.867843297169936578e-01
-2.032789774168975327e+00 6.888428744779094837e-01
-2.031210294934966853e+00 6.909049294307493261e-01
-2.029630815700958379e+00 6.929704930058518952e-01
-2.028051336466949905e+00 6.950395635981371223e-01
-2.026471857232941431e+00 6.971121395670099030e-01
-2.024892377998932957e+00 6.991882192362279813e-01
-2.023312898764924483e+00 7.012678008938153518e-01
-2.021733419530916009e+00 7.033508827919441320e-01
-2.020153940296906647e+00 7.054374631468122159e-01
-2.018574461062898173e+00 7.075275401385594520e-01
-2.016994981828889699e+00 7.096211119111437426e-01
-2.015415502594881225e+00 7.117181765722366826e-01
-2.013836023360872751e+00 7.138187321931190876e-01
-2.012256544126864277e+00 7.159227768085776322e-01
-2.010677064892855803e+00 7.180303084167878325e-01
-2.009097585658847329e+00 7.201413249792323334e-01
-2.007518106424838855e+00 7.222558244205676825e-01
-2.005938627190830381e+00 7.243738046285383980e-01
-2.004359147956821907e+00 7.264952634538740517e-01
-2.002779668722813433e+00 7.286201987101843525e-01
-2.001200189488804959e+00 7.307486081738507888e-01
-1.999620710254796485e+00 7.328804895839384770e-01
-1.998041231020788011e+00 7.350158406420792545e-01
-1.996461751786779537e+00 7.371546590123824183e-01
-1.994882272552770175e+00 7.392969423213475721e-01
-1.993302793318761701e+00 7.414426881577331763e-01
-1.991723314084753227e+00 7.435918940724843829e-01
-1.990143834850744753e+00 7.457445575786381120e-01
-1.988564355616736279e+00 7.479006761512048129e-01
-1.986984876382727805e+00 7.500602472270903043e-01
-1.985405397148719331e+00 7.522232682049987407e-01
-1.983825917914710857e+00 7.543897364453258092e-01
-1.982246438680702383e+00 7.565596492700861209e-01
-1.980666959446693909e+00 7.587330039627979694e-01
-1.979087480212685435e+00 7.609097977684116110e-01
-1.977508000978676961e+00 7.630900278931895819e-01
-1.975928521744668487e+00 7.652736915046551847e-01
-1.974349042510660013e+00 7.674607857314639237e-01
-1.972769563276651539e+00 7.696513076633355599e-01
-1.971190084042643065e+00 7.718452543509677355e-01
-1.969610604808634591e+00 7.740426228059293923e-01
-1.968031125574625229e+00 7.762434100005981552e-01
-1.966451646340616755e+00 7.784476128680481999e-01
-1.964872167106608281e+00 7.806552283019896343e-01
-1.963292687872599807e+00 7.828662531566665805e-01
-1.961713208638591333e+00 7.850806842467825675e-01
-1.960133729404582859e+00 7.872985183474059401e-01
-1.958554250170574385e+00 7.895197521939100183e-01
-1.956974770936565911e+00 7.917443824818644060e-01
-1.955395291702557437e+00 7.939724058669740403e-01
-1.953815812468548962e+00 7.962038189649958131e-01
-1.952236333234540488e+00 7.984386183516478663e-01
-1.950656854000532014e+00 8.006768005625539697e-01
-1.949077374766523540e+00 8.029183620931430454e-01
-1.947497895532515066e+00 8.051632993985858855e-01
-1.945918416298506592e+00 8.074116088937292046e-01
-1.944338937064498118e+00 8.096632869529905019e-01
-1.942759457830488756e+00 8.119183299103152063e-01
-1.941179978596480282e+00 8.141767340590965185e-01
-1.939600499362471808e+00 8.164384956520962522e-01
-1.938021020128463334e+00 8.187036109013725582e-01
-1.936441540894454860e+00 8.209720759782269672e-01
-1.934862061660446386e+00 8.232438870131137953e-01
-1.933282582426437912e+00 8.255190400955956243e-01
-1.931703103192429438e+00 8.277975312742575920e-01
-1.930123623958420964e+00 8.300793565566431109e-01
-1.928544144724412490e+00 8.323645119092060174e-01
-1.926964665490404016e+00 8.346529932572246402e-01
-1.925385186256395542e+00 8.369447964847587240e-01
-1.923805707022387068e+00 8.392399174345728241e-01
-1.922226227788378594e+00 8.415383519080772423e-01
-1.920646748554370120e+00 8.438400956652827301e-01
-1.919067269320361646e+00 8.461451444247209963e-01
-1.917487790086353172e+00 8.484534938634068491e-01
-1.915908310852343810e+00 8.507651396167608127e-01
-1.914328831618335336e+00 8.530800772785727126e-01
-1.912749352384326862e+00 8.553983024009413905e-01
-1.911169873150318388e+00 8.577198104942118650e-01
-1.909590393916309914e+00 8.600445970269345874e-01
-1.908010914682301440e+00 8.623726574258077093e-01
-1.906431435448292966e+00 8.647039870756358937e-01
-1.904851956214284492e+00 8.670385813192671431e-01
-1.903272476980276018e+00 8.693764354575551634e-01
-1.901692997746267544e+00 8.717175447493099583e-01
-1.900113518512259070e+00 8.740619044112550862e-01
-1.898534039278250596e+00 8.764095096179785882e-01
-1.896954560044242122e+00 8.787603555018923540e-01
-1.895375080810233648e+00 8.811144371531849373e-01
-1.893795601576225174e+00 8.834717496197913578e-01
-1.892216122342216700e+00 8.858322879073458056e-01
-1.890636643108207338e+00 8.881960469791473356e-01
-1.889057163874198864e+00 8.905630217561025797e-01
-1.887477684640190390e+00 8.929332071167277451e-01
-1.885898205406181916e+00 8.953065978970792260e-01
-1.884318726172173442e+00 8.976831888907437218e-01
-1.882739246938164968e+00 9.000629748487805060e-01
-1.881159767704156494e+00 9.024459504797202047e-01
-1.879580288470148020e+00 9.048321104495089529e-01
-1.878000809236139546e+00 9.072214493814954039e-01
-1.876421330002131072e+00 9.096139618563863216e-01
-1.874841850768122598e+00 9.120096424122543510e-01
-1.873262371534114124e+00 9.144084855444660764e-01
-1.871682892300105649e+00 9.168104857056996737e-01
-1.870103413066097175e+00 9.192156373058961716e-01
-1.868523933832088701e+00 9.216239347122557879e-01
-1.866944454598080227e+00 9.240353722492042898e-01
-1.865364975364071753e+00 9.264499441983820027e-01
-1.863785496130062391e+00 9.288676447986283780e-01
-1.862206016896053917e+00 9.312884682459606767e-01
-1.860626537662045443e+00 9.337124086935599809e-01
-1.859047058428036969e+00 9.361394602517645325e-01
-1.857467579194028495e+00 9.385696169880531903e-01
-1.855888099960020021e+00 9.410028729270329961e-01
-1.854308620726011547e+00 9.434392220504339566e-01
-1.852729141492003073e+00 9.458786582971043799e-01
-1.851149662257994599e+00 9.483211755629992190e-01
-1.849570183023986125e+00 9.507667677011708562e-01
-1.847990703789977651e+00 9.532154285217810941e-01
-1.846411224555969177e+00 9.556671517920836134e-01
-1.844831745321960703e+00 9.581219312364313012e-01
-1.843252266087952229e+00 9.605797605362766944e-01
-1.841672786853943755e+00 9.630406333301775312e-01
-1.840093307619935281e+00 9.655045432137876471e-01
-1.838513828385925919e+00 9.679714837398774030e-01
-1.836934349151917445e+00 9.704414484183316869e-01
-1.835354869917908971e+00 9.729144307161589067e-01
-1.833775390683900497e+00 9.753904240575099749e-01
-1.832195911449892023e+00 9.778694218236714253e-01
-1.830616432215883549e+00 9.803514173530996079e-01
-1.829036952981875075e+00 9.828364039414133613e-01
-1.827457473747866601e+00 9.853243748414248770e-01
-1.825877994513858127e+00 9.878153232631543545e-01
-1.824298515279849653e+00 9.903092423738417693e-01
-1.822719036045841179e+00 9.928061252979758500e-01
-1.821139556811832705e+00 9.953059651173110645e-01
-1.819560077577824231e+00 9.978087548708889365e-01
-1.817980598343815757e+00 1.000314487555070020e+00
-1.816401119109807283e+00 1.002823156123555881e+00
-1.814821639875798809e+00 1.005334753487412858e+00
-1.813242160641790335e+00 1.007849272515113803e+00
-1.811662681407780973e+00 1.010366706032554296e+00
-1.810083202173772499e+00 1.012887046823095716e+00
-1.808503722939764025e+00 1.015410287627601660e+00
-1.806924243705755551e+00 1.017936421144462367e+00
-1.805344764471747077e+00 1.020465440029640680e+00
-1.803765285237738603e+00 1.022997336896715570e+00
-1.802185806003730129e+00 1.025532104316906334e+00
-1.800606326769721655e+00 1.028069734819136771e+00
-1.799026847535713181e+00 1.030610220890061601e+00
-1.797447368301704707e+00 1.033153554974119537e+00
-1.795867889067696233e+00 1.035699729473586794e+00
-1.794288409833687759e+00 1.038248736748610401e+00
-1.792708930599679285e+00 1.040800569117271257e+00
-1.791129451365670811e+00 1.043355218855638533e+00
-1.789549972131662336e+00 1.045912678197813861e+00
-1.787970492897653862e+00 1.048472939335989951e+00
-1.786391013663644500e+00 1.051035994420512765e+00
-1.784811534429636026e+00 1.053601835559944577e+00
-1.783232055195627552e+00 1.056170454821105054e+00
-1.781652575961619078e+00 1.058741844229154294e+00
-1.780073096727610604e+00 1.061315995767651232e+00
-1.778493617493602130e+00 1.063892901378615585e+00
-1.776914138259593656e+00 1.066472552962597575e+00
-1.775334659025585182e+00 1.069054942378752093e+00
-1.773755179791576708e+00 1.071640061444902425e+00
-1.772175700557568234e+00 1.074227901937618856e+00
-1.770596221323559760e+00 1.076818455592286394e+00
-1.769016742089551286e+00 1.079411714103192033e+00
-1.767437262855542812e+00 1.082007669123598470e+00
-1.765857783621534338e+00 1.084606312265817607e+00
-1.764278304387525864e+00 1.087207635101295589e+00
-1.762698825153517390e+00 1.089811629160707174e+00
-1.761119345919508916e+00 1.092418285934023681e+00
-1.759539866685499554e+00 1.095027596870616016e+00
-1.757960387451491080e+00 1.097639553379326394e+00
-1.756380908217482606e+00 1.100254146828579804e+00
-1.754801428983474132e+00 1.102871368546456621e+00
-1.753221949749465658e+00 1.105491209820805176e+00
-1.751642470515457184e+00 1.108113661899319924e+00
-1.750062991281448710e+00 1.110738715989646241e+00
-1.748483512047440236e+00 1.113366363259500336e+00
-1.746904032813431762e+00 1.115996594836727418e+00
-1.745324553579423288e+00 1.118629401809452473e+00
-1.743745074345414814e+00 1.121264775226149979e+00
-1.742165595111406340e+00 1.123902706095767812e+00
-1.740586115877397866e+00 1.126543185387837820e+00
-1.739006636643389392e+00 1.129186204032578189e+00
-1.737427157409380918e+00 1.131831752921009127e+00
-1.735847678175372444e+00 1.134479822905066770e+00
-1.734268198941363082e+00 1.137130404797722427e+00
-1.732688719707354608e+00 1.139783489373104919e+00
-1.731109240473346134e+00 1.142439067366610495e+00
-1.729529761239337660e+00 1.145097129475027398e+00
-1.727950282005329186e+00 1.147757666356662654e+00
-1.726370802771320712e+00 1.150420668631475962e+00
-1.724791323537312238e+00 1.153086126881182949e+00
-1.723211844303303764e+00 1.155754031649415259e+00
-1.721632365069295290e+00 1.158424373441830468e+00
-1.720052885835286816e+00 1.161097142726247977e+00
-1.718473406601278342e+00 1.163772329932799110e+00
-1.716893927367269868e+00 1.166449925454043690e+00
-1.715314448133261394e+00 1.169129919645125693e+00
-1.713734968899252920e+00 1.171812302823900032e+00
-1.712155489665244446e+00 1.174497065271089546e+00
-1.710576010431235972e+00 1.177184197230427110e+00
-1.708996531197227498e+00 1.179873688908780860e+00
-1.707417051963218135e+00 1.182565530476342053e+00
-1.705837572729209661e+00 1.185259712066732973e+00
-1.704258093495201187e+00 1.187956223777200782e+00
-1.702678614261192713e+00 1.190655055668730533e+00
-1.701099135027184239e+00 1.193356197766239024e+00
-1.699519655793175765e+00 1.196059640058708462e+00
-1.697940176559167291e+00 1.198765372499356774e+00
-1.696360697325158817e+00 1.201473385005793926e+00
-1.694781218091150343e+00 1.204183667460190676e+00
-1.693201738857141869e+00 1.206896209709445111e+00
-1.691622259623133395e+00 1.209611001565347621e+00
-1.690042780389124921e+00 1.212328032804750766e+00
-1.688463301155116447e+00 1.215047293169740472e+00
-1.686883821921107973e+00 1.217768772367811003e+00
-1.685304342687099499e+00 1.220492460072048146e+00
-1.683724863453091025e+00 1.223218345921289085e+00
-1.682145384219081663e+00 1.225946419520318242e+00
-1.680565904985073189e+00 1.228676670440037810e+00
-1.678986425751064715e+00 1.231409088217660486e+00
-1.677406946517056241e+00 1.234143662356883553e+00
-1.675827467283047767e+00 1.236880382328092942e+00
-1.674247988049039293e+00 1.239619237568532650e+00
-1.672668508815030819e+00 1.242360217482515239e+00
-1.671089029581022345e+00 1.245103311441591920e+00
-1.669509550347013871e+00 1.247848508784768384e+00
-1.667930071113005397e+00 1.250595798818698423e+00
-1.666350591878996923e+00 1.253345170817868448e+00
-1.664771112644988449e+00 1.256096614024813762e+00
-1.663191633410979975e+00 1.258850117650314848e+00
-1.661612154176971501e+00 1.261605670873605645e+00
-1.660032674942963027e+00 1.264363262842574498e+00
-1.658453195708954553e+00 1.267122882673973328e+00
-1.656873716474946079e+00 1.269884519453637672e+00
-1.655294237240936717e+00 1.272648162236689640e+00
-1.653714758006928243e+00 1.275413800047745516e+00
-1.652135278772919769e+00 1.278181421881154023e+00
-1.650555799538911295e+00 1.280951016701196599e+00
-1.648976320304902821e+00 1.283722573442306336e+00
-1.647396841070894347e+00 1.286496081009309789e+00
-1.645817361836885873e+00 1.289271528277627699e+00
-1.644237882602877399e+00 1.292048904093506589e+00
-1.642658403368868925e+00 1.294828197274261461e+00
-1.641078924134860451e+00 1.297609396608488730e+00
-1.639499444900851977e+00 1.300392490856302263e+00
-1.637919965666843503e+00 1.303177468749568746e+00
-1.636340486432835029e+00 1.305964318992147488e+00
-1.634761007198826555e+00 1.308753030260114025e+00
-1.633181527964818081e+00 1.311543591202016135e+00
-1.631602048730809607e+00 1.314335990439102098e+00
-1.630022569496800244e+00 1.317130216565572720e+00
-1.628443090262791770e+00 1.319926258148810483e+00
-1.626863611028783296e+00 1.322724103729657763e+00
-1.625284131794774822e+00 1.325523741822622892e+00
-1.623704652560766348e+00 1.328325160916166148e+00
-1.622125173326757874e+00 1.331128349472940675e+00
-1.620545694092749400e+00 1.333933295930036289e+00
-1.618966214858740926e+00 1.336739988699248594e+00
-1.617386735624732452e+00 1.339548416167331890e+00
-1.615807256390723978e+00 1.342358566696262745e+00
-1.614227777156715504e+00 1.345170428623491787e+00
-1.612648297922707030e+00 1.347983990262218157e+00
-1.611068818688698556e+00 1.350799239901647297e+00
-1.609489339454690082e+00 1.353616165807264071e+00
-1.607909860220681608e+00 1.356434756221097881e+00
-1.606330380986673134e+00 1.359254999361989125e+00
-1.604750901752664660e+00 1.362076883425875407e+00
-1.603171422518655298e+00 1.364900396586053777e+00
-1.601591943284646824e+00 1.367725526993449181e+00
-1.600012464050638350e+00 1.370552262776920216e+00
-1.598432984816629876e+00 1.373380592043508930e+00
-1.596853505582621402e+00 1.376210502878744801e+00
-1.595274026348612928e+00 1.379041983346907863e+00
-1.593694547114604454e+00 1.381875021491334454e+00
-1.592115067880595980e+00 1.384709605334685456e+00
-1.590535588646587506e+00 1.387545722879246268e+00
-1.588956109412579032e+00 1.390383362107213472e+00
-1.587376630178570558e+00 1.393222510980986151e+00
-1.585797150944562084e+00 1.396063157443455660e+00
-1.584217671710553610e+00 1.398905289418316489e+00
-1.582638192476545136e+00 1.401748894810336932e+00
-1.581058713242536662e+00 1.404593961505689048e+00
-1.579479234008528188e+00 1.407440477372219334e+00
-1.577899754774518826e+00 1.410288430259773129e+00
-1.576320275540510352e+00 1.413137808000489937e+00
-1.574740796306501878e+00 1.415988598409098742e+00
-1.573161317072493404e+00 1.418840789283243087e+00
-1.571581837838484930e+00 1.421694368403783937e+00
-1.570002358604476456e+00 1.424549323535104772e+00
-1.568422879370467982e+00 1.427405642425420451e+00
-1.566843400136459508e+00 1.430263312807105613e+00
-1.565263920902451034e+00 1.433122322396997550e+00
-1.563684441668442560e+00 1.435982658896715058e+00
-1.562104962434434086e+00 1.438844309992980186e+00
-1.560525483200425612e+00 1.441707263357932867e+00
-1.558946003966417138e+00 1.444571506649461767e+00
-1.557366524732408664e+00 1.447437027511510266e+00
-1.555787045498400190e+00 1.450303813574424172e+00
-1.554207566264391716e+00 1.453171852455255930e+00
-1.552628087030383242e+00 1.456041131758101903e+00
-1.551048607796373879e+00 1.458911639074441657e+00
-1.549469128562365405e+00 1.461783361983440610e+00
-1.547889649328356931e+00 1.464656288052312849e+00
-1.546310170094348457e+00 1.467530404836635549e+00
-1.544730690860339983e+00 1.470405699880689809e+00
-1.543151211626331509e+00 1.473282160717799938e+00
-1.541571732392323035e+00 1.476159774870662078e+00
-1.539992253158314561e+00 1.479038529851689265e+00
-1.538412773924306087e+00 1.481918413163357151e+00
-1.536833294690297613e+00 1.484799412298537735e+00
-1.535253815456289139e+00 1.487681514740843536e+00
-1.533674336222280665e+00 1.490564707964975089e+00
-1.532094856988272191e+00 1.493448979437073110e+00
-1.530515377754263717e+00 1.496334316615049342e+00
-1.528935898520255243e+00 1.499220706948946935e+00
-1.527356419286246769e+00 1.502108137881291716e+00
-1.525776940052237407e+00 1.504996596847441914e+00
-1.524197460818228933e+00 1.507886071275931883e+00
-1.522617981584220459e+00 1.510776548588837587e+00
-1.521038502350211985e+00 1.513668016202126987e+00
-1.519459023116203511e+00 1.516560461526011760e+00
-1.517879543882195037e+00 1.519453871965318115e+00
-1.516300064648186563e+00 1.522348234919828069e+00
-1.514720585414178089e+00 1.525243537784654047e+00
-1.513141106180169615e+00 1.528139767950590366e+00
-1.511561626946161141e+00 1.531036912804476291e+00
-1.509982147712152667e+00 1.533934959729568170e+00
-1.508402668478144193e+00 1.536833896105897157e+00
-1.506823189244135719e+00 1.539733709310628473e+00
-1.505243710010127245e+00 1.542634386718437334e+00
-1.503664230776118771e+00 1.545535915701881535e+00
-1.502084751542110297e+00 1.548438283631753176e+00
-1.500505272308101823e+00 1.551341477877460129e+00
-1.498925793074092461e+00 1.554245485807394633e+00
-1.497346313840083987e+00 1.557150294789310330e+00
-1.495766834606075513e+00 1.560055892190681526e+00
-1.494187355372067039e+00 1.562962265379088000e+00
-1.492607876138058565e+00 1.565869401722587595e+00
-1.491028396904050091e+00 1.568777288590094798e+00
-1.489448917670041617e+00 1.571685913351739350e+00
-1.487869438436033143e+00 1.574595263379276133e+00
-1.486289959202024669e+00 1.577505326046432899e+00
-1.484710479968016195e+00 1.580416088729299062e+00
-1.483131000734007721e+00 1.583327538806720280e+00
-1.481551521499999247e+00 1.586239663660648169e+00
-1.479972042265990773e+00 1.589152450676565298e+00
-1.478392563031982299e+00 1.592065887243812039e+00
-1.476813083797973825e+00 1.594979960756029325e+00
-1.475233604563965351e+00 1.597894658611493934e+00
-1.473654125329955988e+00 1.600809968213528389e+00
-1.472074646095947514e+00 1.603725876970881536e+00
-1.470495166861939040e+00 1.606642372298109134e+00
-1.468915687627930566e+00 1.609559441615967756e+00
-1.467336208393922092e+00 1.612477072351792495e+00
-1.465756729159913618e+00 1.615395251939898413e+00
-1.464177249925905144e+00 1.618313967821953359e+00
-1.462597770691896670e+00 1.621233207447382085e+00
-1.461018291457888196e+00 1.624152958273742176e+00
-1.459438812223879722e+00 1.627073207767121055e+00
-1.457859332989871248e+00 1.629993943402521905e+00
-1.456279853755862774e+00 1.632915152664268010e+00
-1.454700374521854300e+00 1.635836823046372679e+00
-1.453120895287845826e+00 1.638758942052951806e+00
-1.451541416053837352e+00 1.641681497198599349e+00
-1.449961936819828878e+00 1.644604476008795446e+00
-1.448382457585820404e+00 1.647527866020282783e+00
-1.446802978351811042e+00 1.650451654781476929e+00
-1.445223499117802568e+00 1.653375829852847367e+00
-1.443644019883794094e+00 1.656300378807316509e+00
-1.442064540649785620e+00 1.659225289230653377e+00
-1.440485061415777146e+00 1.662150548721874177e+00
-1.438905582181768672e+00 1.665076144893617771e+00
-1.437326102947760198e+00 1.668002065372572229e+00
-1.435746623713751724e+00 1.670928297799834317e+00
-1.434167144479743250e+00 1.673854829831336932e+00
-1.432587665245734776e+00 1.676781649138220587e+00
-1.431008186011726302e+00 1.679708743407238192e+00
-1.429428706777717828e+00 1.682636100341161178e+00
-1.427849227543709354e+00 1.685563707659156085e+00
-1.426269748309700880e+00 1.688491553097189346e+00
-1.424690269075692406e+00 1.691419624408429190e+00
-1.423110789841683932e+00 1.694347909363631111e+00
-1.421531310607674570e+00 1.697276395751539990e+00
-1.419951831373666096e+00 1.700205071379277122e+00
-1.418372352139657622e+00 1.703133924072750327e+00
-1.416792872905649148e+00 1.706062941677039202e+00
-1.415213393671640674e+00 1.708992112056792134e+00
-1.413633914437632200e+00 1.711921423096625094e+00
-1.412054435203623726e+00 1.714850862701506884e+00
-1.410474955969615252e+00 1.717780418797172803e+00
-1.408895476735606778e+00 1.720710079330487474e+00
-1.407315997501598304e+00 1.723639832269880046e+00
-1.405736518267589830e+00 1.726569665605706350e+00
-1.404157039033581356e+00 1.729499567350652356e+00
-1.402577559799572882e+00 1.732429525540132742e+00
-1.400998080565564408e+00 1.735359528232678583e+00
-1.399418601331555934e+00 1.738289563510327262e+00
-1.397839122097547460e+00 1.741219619479023262e+00
-1.396259642863538986e+00 1.744149684269004741e+00
-1.394680163629529623e+00 1.747079746035191228e+00
-1.393100684395521149e+00 1.750009792957576860e+00
-1.391521205161512675e+00 1.752939813241627398e+00
-1.389941725927504201e+00 1.755869795118662813e+00
-1.388362246693495727e+00 1.758799726846239864e+00
-1.386782767459487253e+00 1.761729596708564882e+00
-1.385203288225478779e+00 1.764659393016849265e+00
-1.383623808991470305e+00 1.767589104109716036e+00
-1.382044329757461831e+00 1.770518718353587317e+00
-1.380464850523453357e+00 1.773448224143062024e+00
-1.378885371289444883e+00 1.776377609901304666e+00
-1.377305892055436409e+00 1.779306864080430817e+00
-1.375726412821427935e+00 1.782235975161882369e+00
-1.374146933587419461e+00 1.785164931656824550e+00
-1.372567454353410987e+00 1.788093722106514072e+00
-1.370987975119402513e+00 1.791022335082682826e+00
-1.369408495885393151e+00 1.793950759187929123e+00
-1.367829016651384677e+00 1.796878983056074741e+00
-1.366249537417376203e+00 1.799806995352563277e+00
-1.364670058183367729e+00 1.802734784774830512e+00
-1.363090578949359255e+00 1.805662340052673454e+00
-1.361511099715350781e+00 1.808589649948635580e+00
-1.359931620481342307e+00 1.811516703258368999e+00
-1.358352141247333833e+00 1.814443488811019023e+00
-1.356772662013325359e+00 1.817369995469590993e+00
-1.355193182779316885e+00 1.820296212131311542e+00
-1.353613703545308411e+00 1.823222127728012509e+00
-1.352034224311299937e+00 1.826147731226489768e+00
-1.350454745077291463e+00 1.829073011628875589e+00
-1.348875265843282989e+00 1.831997957972988367e+00
-1.347295786609274515e+00 1.834922559332718306e+00
-1.345716307375266041e+00 1.837846804818373592e+00
-1.344136828141257567e+00 1.840770683577053646e+00
-1.342557348907248205e+00 1.843694184792997071e+00
-1.340977869673239731e+00 1.846617297687945580e+00
-1.339398390439231257e+00 1.849540011521503047e+00
-1.337818911205222783e+00 1.852462315591484110e+00
-1.336239431971214309e+00 1.855384199234275000e+00
-1.334659952737205835e+00 1.858305651825182814e+00
-1.333080473503197361e+00 1.861226662778783902e+00
-1.331500994269188887e+00 1.864147221549274036e+00
-1.329921515035180413e+00 1.867067317630817458e+00
-1.328342035801171939e+00 1.869986940557892385e+00
-1.326762556567163465e+00 1.872906079905625631e+00
-1.325183077333154991e+00 1.875824725290154094e+00
-1.323603598099146517e+00 1.878742866368948050e+00
-1.322024118865138043e+00 1.881660492841148447e+00
-1.320444639631129569e+00 1.884577594447922166e+00
-1.318865160397121095e+00 1.887494160972774671e+00
-1.317285681163111732e+00 1.890410182241902604e+00
-1.315706201929103258e+00 1.893325648124499994e+00
-1.314126722695094784e+00 1.896240548533117520e+00
-1.312547243461086310e+00 1.899154873423965828e+00
-1.310967764227077836e+00 1.902068612797247926e+00
-1.309388284993069362e+00 1.904981756697492035e+00
-1.307808805759060888e+00 1.907894295213852454e+00
-1.306229326525052414e+00 1.910806218480443963e+00
-1.304649847291043940e+00 1.913717516676653352e+00
-1.303070368057035466e+00 1.916628180027452721e+00
-1.301490888823026992e+00 1.919538198803715012e+00
-1.299911409589018518e+00 1.922447563322517983e+00
-1.298331930355010044e+00 1.925356263947461732e+00
-1.296752451121001570e+00 1.928264291088957583e+00
-1.295172971886993096e+00 1.931171635204553150e+00
-1.293593492652984622e+00 1.934078286799218116e+00
-1.292014013418976148e+00 1.936984236425637551e+00
-1.290434534184966786e+00 1.939889474684529436e+00
-1.288855054950958312e+00 1.942793992224915334e+00
-1.287275575716949838e+00 1.945697779744422373e+00
-1.285696096482941364e+00 1.948600827989570572e+00
-1.284116617248932890e+00 1.951503127756065048e+00
-1.282537138014924416e+00 1.954404669889061807e+00
-1.280957658780915942e+00 1.957305445283466838e+00
-1.279378179546907468e+00 1.960205444884203674e+00
-1.277798700312898994e+00 1.963104659686494946e+00
-1.276219221078890520e+00 1.966003080736127728e+00
-1.274639741844882046e+00 1.968900699129735310e+00
-1.273060262610873572e+00 1.971797506015051660e+00
-1.271480783376865098e+00 1.974693492591180322e+00
-1.269901304142856624e+00 1.977588650108865309e+00
-1.268321824908848150e+00 1.980482969870737131e+00
-1.266742345674839676e+00 1.983376443231576580e+00
-1.265162866440830314e+00 1.986269061598565422e+00
-1.263583387206821840e+00 1.989160816431531753e+00
-1.262003907972813366e+00 1.992051699243208462e+00
-1.260424428738804892e+00 1.994941701599470374e+00
-1.258844949504796418e+00 1.997830815119578940e+00
-1.257265470270787944e+00 2.000719031476413612e+00
-1.255685991036779470e+00 2.003606342396714979e+00
-1.254106511802770996e+00 2.006492739661312807e+00
-1.252527032568762522e+00 2.009378215105356080e+00
-1.250947553334754048e+00 2.012262760618538593e+00
-1.249368074100745574e+00 2.015146368145327216e+00
-1.247788594866737100e+00 2.018029029685167508e+00
-1.246209115632728626e+00 2.020910737292714199e+00
-1.244629636398720152e+00 2.023791483078035025e+00
-1.243050157164711678e+00 2.026671259206831888e+00
-1.241470677930703204e+00 2.029550057900629589e+00
-1.239891198696694730e+00 2.032427871436996991e+00
-1.238311719462685367e+00 2.035304692149730865e+00
-1.236732240228676893e+00 2.038180512429066837e+00
-1.235152760994668419e+00 2.041055324721856135e+00
-1.233573281760659945e+00 2.043929121531775195e+00
-1.231993802526651471e+00 2.046801895419492645e+00
-1.230414323292642997e+00 2.049673639002860703e+00
-1.228834844058634523e+00 2.052544344957094147e+00
-1.227255364824626049e+00 2.055414006014943951e+00
-1.225675885590617575e+00 2.058282614966862933e+00
-1.224096406356609101e+00 2.061150164661193163e+00
-1.222516927122600627e+00 2.064016648004307175e+00
-1.220937447888592153e+00 2.066882057960778063e+00
-1.219357968654583679e+00 2.069746387553542455e+00
-1.217778489420575205e+00 2.072609629864044845e+00
-1.216199010186566731e+00 2.075471778032394354e+00
-1.214619530952558257e+00 2.078332825257505512e+00
-1.213040051718548895e+00 2.081192764797243022e+00
-1.211460572484540421e+00 2.084051589968553220e+00
-1.209881093250531947e+00 2.086909294147609728e+00
-1.208301614016523473e+00 2.089765870769938250e+00
-1.206722134782514999e+00 2.092621313330540911e+00
-1.205142655548506525e+00 2.095475615384023271e+00
-1.203563176314498051e+00 2.098328770544709343e+00
-1.201983697080489577e+00 2.101180772486753501e+00
-1.200404217846481103e+00 2.104031614944267048e+00
-1.198824738612472629e+00 2.106881291711399484e+00
-1.197245259378464155e+00 2.109729796642465516e+00
-1.195665780144455681e+00 2.112577123652028099e+00
-1.194086300910447207e+00 2.115423266715000139e+00
-1.192506821676438733e+00 2.118268219866731528e+00
-1.190927342442430259e+00 2.121111977203094856e+00
-1.189347863208421785e+00 2.123954532880571122e+00
-1.187768383974413311e+00 2.126795881116329223e+00
-1.186188904740403949e+00 2.129636016188291681e+00
-1.184609425506395475e+00 2.132474932435208803e+00
-1.183029946272387001e+00 2.135312624256721747e+00
-1.181450467038378527e+00 2.138149086113431352e+00
-1.179870987804370053e+00 2.140984312526945654e+00
-1.178291508570361579e+00 2.143818298079935403e+00
-1.176712029336353105e+00 2.146651037416179797e+00
-1.175132550102344631e+00 2.149482525240616670e+00
-1.173553070868336157e+00 2.152312756319375353e+00
-1.171973591634327683e+00 2.155141725479815307e+00
-1.170394112400319209e+00 2.157969427610551882e+00
-1.168814633166310735e+00 2.160795857661487851e+00
-1.167235153932302261e+00 2.163621010643832498e+00
-1.165655674698293787e+00 2.166444881630121611e+00
-1.164076195464285313e+00 2.169267465754221469e+00
-1.162496716230276839e+00 2.172088758211346615e+00
-1.160917236996268365e+00 2.174908754258059851e+00
-1.159337757762259002e+00 2.177727449212272681e+00
-1.157758278528250528e+00 2.180544838453231993e+00
-1.156178799294242054e+00 2.183360917421524050e+00
-1.154599320060233580e+00 2.186175681619044742e+00
-1.153019840826225106e+00 2.188989126608995139e+00
-1.151440361592216632e+00 2.191801248015846415e+00
-1.149860882358208158e+00 2.194612041525308754e+00
-1.148281403124199684e+00 2.197421502884312261e+00
-1.146701923890191210e+00 2.200229627900959439e+00
-1.145122444656182736e+00 2.203036412444480341e+00
-1.143542965422174262e+00 2.205841852445193485e+00
-1.141963486188165788e+00 2.208645943894440578e+00
-1.140384006954157314e+00 2.211448682844552316e+00
-1.138804527720148840e+00 2.214250065408752022e+00
-1.137225048486140366e+00 2.217050087761132549e+00
-1.135645569252131892e+00 2.219848746136543927e+00
-1.134066090018122530e+00 2.222646036830544070e+00
-1.132486610784114056e+00 2.225441956199312177e+00
-1.130907131550105582e+00 2.228236500659554586e+00
-1.129327652316097108e+00 2.231029666688420399e+00
-1.127748173082088634e+00 2.233821450823409549e+00
-1.126168693848080160e+00 2.236611849662268003e+00
-1.124589214614071686e+00 2.239400859862883841e+00
-1.123009735380063212e+00 2.242188478143177122e+00
-1.121430256146054738e+00 2.244974701280983975e+00
-1.119850776912046264e+00 2.247759526113938922e+00
-1.118271297678037790e+00 2.250542949539351856e+00
-1.116691818444029316e+00 2.253324968514073046e+00
-1.115112339210020842e+00 2.256105580054356352e+00
-1.113532859976012368e+00 2.258884781235738437e+00
-1.111953380742003894e+00 2.261662569192869121e+00
-1.110373901507995420e+00 2.264438941119375048e+00
-1.108794422273986946e+00 2.267213894267703811e+00
-1.107214943039977584e+00 2.269987425948972959e+00
-1.105635463805969110e+00 2.272759533532786591e+00
-1.104055984571960636e+00 2.275530214447074151e+00
-1.102476505337952162e+00 2.278299466177929666e+00
-1.100897026103943688e+00 2.281067286269414129e+00
-1.099317546869935214e+00 2.283833672323376529e+00
-1.097738067635926740e+00 2.286598621999267333e+00
-1.096158588401918266e+00 2.289362133013943534e+00
-1.094579109167909792e+00 2.292124203141465255e+00
-1.092999629933901318e+00 2.294884830212899463e+00
-1.091420150699892844e+00 2.297644012116092149e+00
-1.089840671465884370e+00 2.300401746795475599e+00
-1.088261192231875896e+00 2.303158032251841014e+00
-1.086681712997867422e+00 2.305912866542100481e+00
-1.085102233763858948e+00 2.308666247779080472e+00
-1.083522754529850474e+00 2.311418174131264713e+00
-1.081943275295841111e+00 2.314168643822572591e+00
-1.080363796061832637e+00 2.316917655132093135e+00
-1.078784316827824163e+00 2.319665206393856760e+00
-1.077204837593815689e+00 2.322411295996570146e+00
-1.075625358359807215e+00 2.325155922383352891e+00
-1.074045879125798741e+00 2.327899084051473277e+00
-1.072466399891790267e+00 2.330640779552080488e+00
-1.070886920657781793e+00 2.333381007489932379e+00
-1.069307441423773319e+00 2.336119766523104158e+00
-1.067727962189764845e+00 2.338857055362714377e+00
-1.066148482955756371e+00 2.341592872772625178e+00
-1.064569003721747897e+00 2.344327217569146971e+00
-1.062989524487739423e+00 2.347060088620745333e+00
-1.061410045253730949e+00 2.349791484847729706e+00
-1.059830566019722475e+00 2.352521405221938977e+00
-1.058251086785714001e+00 2.355249848766427068e+00
-1.056671607551705527e+00 2.357976814555152067e+00
-1.055092128317696165e+00 2.360702301712630735e+00
-1.053512649083687691e+00 2.363426309413619641e+00
-1.051933169849679217e+00 2.366148836882782991e+00
-1.050353690615670743e+00 2.368869883394337350e+00
-1.048774211381662269e+00 2.371589448271714584e+00
-1.047194732147653795e+00 2.374307530887208362e+00
-1.045615252913645321e+00 2.377024130661615775e+00
-1.044035773679636847e+00 2.379739247063884289e+00
-1.042456294445628373e+00 2.382452879610724494e+00
-1.040876815211619899e+00 2.385165027866265053e+00
-1.039297335977611425e+00 2.387875691441654791e+00
-1.037717856743602951e+00 2.390584869994696771e+00
-1.036138377509594477e+00 2.393292563229445946e+00
-1.034558898275586003e+00 2.395998770895827246e+00
-1.032979419041577529e+00 2.398703492789249658e+00
-1.031399939807569055e+00 2.401406728750175468e+00
-1.029820460573559693e+00 2.404108478663744108e+00
-1.028240981339551219e+00 2.406808742459338291e+00
-1.026661502105542745e+00 2.409507520110183432e+00
-1.025082022871534271e+00 2.412204811632920443e+00
-1.023502543637525797e+00 2.414900617087181178e+00
-1.021923064403517323e+00 2.417594936575147013e+00
-1.020343585169508849e+00 2.420287770241135838e+00
-1.018764105935500375e+00 2.422979118271134880e+00
-1.017184626701491901e+00 2.425668980892372595e+00
-1.015605147467483427e+00 2.428357358372867481e+00
-1.014025668233474953e+00 2.431044251020964886e+00
-1.012446188999466479e+00 2.433729659184880934e+00
-1.010866709765458005e+00 2.436413583252239334e+00
-1.009287230531449531e+00 2.439096023649602429e+00
-1.007707751297441057e+00 2.441776980841992462e+00
-1.006128272063432583e+00 2.444456455332419065e+00
-1.004548792829424109e+00 2.447134447661384549e+00
-1.002969313595414746e+00 2.449810958406414940e+00
-1.001389834361406272e+00 2.452485988181542176e+00
-9.998103551273977985e-01 2.455159537636827594e+00
-9.982308758933893245e-01 2.457831607457847678e+00
-9.966513966593808505e-01 2.460502198365194459e+00
-9.950719174253723764e-01 2.463171311113953266e+00
-9.934924381913639024e-01 2.465838946493198236e+00
-9.919129589573554284e-01 2.468505105325467852e+00
-9.903334797233469544e-01 2.471169788466235140e+00
-9.887540004893384804e-01 2.473832996803384088e+00
-9.871745212553300064e-01 2.476494731256667858e+00
-9.855950420213215324e-01 2.479154992777182986e+00
-9.840155627873130584e-01 2.481813782346812491e+00
-9.824360835533045844e-01 2.484471100977685420e+00
-9.808566043192961104e-01 2.487126949711622625e+00
-9.792771250852876364e-01 2.489781329619580319e+00
-9.776976458512782742e-01 2.492434241801095851e+00
-9.761181666172698002e-01 2.495085687383706397e+00
-9.745386873832613261e-01 2.497735667522401837e+00
-9.729592081492528521e-01 2.500384183399031901e+00
-9.713797289152443781e-01 2.503031236221736400e+00
-9.698002496812359041e-01 2.505676827224368353e+00
-9.682207704472274301e-01 2.508320957665893580e+00
-9.666412912132189561e-01 2.510963628829813388e+00
-9.650618119792104821e-01 2.513604842023569041e+00
-9.634823327452020081e-01 2.516244598577928926e+00
-9.619028535111935341e-01 2.518882899846406342e+00
-9.603233742771850601e-01 2.521519747204634676e+00
-9.587438950431765861e-01 2.524155142049766987e+00
-9.571644158091681120e-01 2.526789085799861390e+00
-9.555849365751596380e-01 2.529421579893252670e+00
-9.540054573411511640e-01 2.532052625787945654e+00
-9.524259781071426900e-01 2.534682224960969510e+00
-9.508464988731333278e-01 2.537310378907761343e+00
-9.492670196391248538e-01 2.539937089141524940e+00
-9.476875404051163798e-01 2.542562357192596600e+00
-9.461080611711079058e-01 2.545186184607802549e+00
-9.445285819370994318e-01 2.547808572949810113e+00
-9.429491027030909578e-01 2.550429523796484688e+00
-9.413696234690824838e-01 2.553049038740224042e+00
-9.397901442350740098e-01 2.555667119387321939e+00
-9.382106650010655358e-01 2.558283767357286465e+00
-9.366311857670570618e-01 2.560898984282189428e+00
-9.350517065330485877e-01 2.563512771805996238e+00
-9.334722272990401137e-01 2.566125131583897989e+00
-9.318927480650316397e-01 2.568736065281622682e+00
-9.303132688310231657e-01 2.571345574574784187e+00
-9.287337895970146917e-01 2.573953661148172145e+00
-9.271543103630062177e-01 2.576560326695089387e+00
-9.255748311289968555e-01 2.579165572916652938e+00
-9.239953518949883815e-01 2.581769401521107010e+00
-9.224158726609799075e-01 2.584371814223128894e+00
-9.208363934269714335e-01 2.586972812743127292e+00
-9.192569141929629595e-01 2.589572398806549103e+00
-9.176774349589544855e-01 2.592170574143174200e+00
-9.160979557249460115e-01 2.594767340486403562e+00
-9.145184764909375374e-01 2.597362699572552724e+00
-9.129389972569290634e-01 2.599956653140141682e+00
-9.113595180229205894e-01 2.602549202929179017e+00
-9.097800387889121154e-01 2.605140350680437145e+00
-9.082005595549036414e-01 2.607730098134738661e+00
-9.066210803208951674e-01 2.610318447032231592e+00
-9.050416010868866934e-01 2.612905399111657978e+00
-9.034621218528782194e-01 2.615490956109624676e+00
-9.018826426188697454e-01 2.618075119759878611e+00
-9.003031633848612714e-01 2.620657891792566030e+00
-8.987236841508519092e-01 2.623239273933494431e+00
-8.971442049168434352e-01 2.625819267903394039e+00
-8.955647256828349612e-01 2.628397875417177065e+00
-8.939852464488264872e-01 2.630975098183194305e+00
-8.924057672148180131e-01 2.633550937902480626e+00
-8.908262879808095391e-01 2.636125396268016452e+00
-8.892468087468010651e-01 2.638698474963961260e+00
-8.876673295127925911e-01 2.641270175664915953e+00
-8.860878502787841171e-01 2.643840500035158136e+00
-8.845083710447756431e-01 2.646409449727880503e+00
-8.829288918107671691e-01 2.648977026384437661e+00
-8.813494125767586951e-01 2.651543231633578301e+00
-8.797699333427502211e-01 2.654108067090685363e+00
-8.781904541087417471e-01 2.656671534357004649e+00
-8.766109748747332731e-01 2.659233635018880548e+00
-8.750314956407247990e-01 2.661794370646983765e+00
-8.734520164067154369e-01 2.664353742795536828e+00
-8.718725371727069628e-01 2.666911753001548924e+00
-8.702930579386984888e-01 2.669468402784029859e+00
-8.687135787046900148e-01 2.672023693643223563e+00
-8.671340994706815408e-01 2.674577627059815832e+00
-8.655546202366730668e-01 2.677130204494171384e+00
-8.639751410026645928e-01 2.679681427385535830e+00
-8.623956617686561188e-01 2.682231297151261629e+00
-8.608161825346476448e-01 2.684779815186024710e+00
-8.592367033006391708e-01 2.687326982861035329e+00
-8.576572240666306968e-01 2.689872801523249812e+00
-8.560777448326222228e-01 2.692417272494586289e+00
-8.544982655986137488e-01 2.694960397071129332e+00
-8.529187863646052747e-01 2.697502176522351025e+00
-8.513393071305968007e-01 2.700042612090302718e+00
-8.497598278965883267e-01 2.702581704988836986e+00
-8.481803486625798527e-01 2.705119456402811817e+00
-8.466008694285704905e-01 2.707655867487290813e+00
-8.450213901945620165e-01 2.710190939366744711e+00
-8.434419109605535425e-01 2.712724673134270681e+00
-8.418624317265450685e-01 2.715257069850784521e+00
-8.402829524925365945e-01 2.717788130544222192e+00
-8.387034732585281205e-01 2.720317856208754215e+00
-8.371239940245196465e-01 2.722846247803967223e+00
-8.355445147905111725e-01 2.725373306254087691e+00
-8.339650355565026985e-01 2.727899032447162586e+00
-8.323855563224942244e-01 2.730423427234282219e+00
-8.308060770884857504e-01 2.732946491428752012e+00
-8.292265978544772764e-01 2.735468225805326004e+00
-8.276471186204688024e-01 2.737988631099370629e+00
-8.260676393864603284e-01 2.740507708006099108e+00
-8.244881601524518544e-01 2.743025457179743221e+00
-8.229086809184433804e-01 2.745541879232771709e+00
-8.213292016844340182e-01 2.748056974735081592e+00
-8.197497224504255442e-01 2.750570744213198804e+00
-8.181702432164170702e-01 2.753083188149478833e+00
-8.165907639824085962e-01 2.755594306981312247e+00
-8.150112847484001222e-01 2.758104101100316452e+00
-8.134318055143916482e-01 2.760612570851543879e+00
-8.118523262803831742e-01 2.763119716532680403e+00
-8.102728470463747001e-01 2.765625538393247762e+00
-8.086933678123662261e-01 2.768130036633807300e+00
-8.071138885783577521e-01 2.770633211405165941e+00
-8.055344093443492781e-01 2.773135062807571494e+00
-8.039549301103408041e-01 2.775635590889926618e+00
-8.023754508763323301e-01 2.778134795648995237e+00
-8.007959716423238561e-01 2.780632677028593402e+00
-7.992164924083153821e-01 2.783129234918825468e+00
-7.976370131743069081e-01 2.785624469155258520e+00
-7.960575339402984341e-01 2.788118379518159884e+00
-7.944780547062890719e-01 2.790610965731702198e+00
-7.928985754722805979e-01 2.793102227463152953e+00
-7.913190962382721239e-01 2.795592164322119100e+00
-7.897396170042636498e-01 2.798080775859746794e+00
-7.881601377702551758e-01 2.800568061567939804e+00
-7.865806585362467018e-01 2.803054020878568586e+00
-7.850011793022382278e-01 2.805538653162708229e+00
-7.834217000682297538e-01 2.808021957729840423e+00
-7.818422208342212798e-01 2.810503933827084744e+00
-7.802627416002128058e-01 2.812984580638428600e+00
-7.786832623662043318e-01 2.815463897283934536e+00
-7.771037831321958578e-01 2.817941882818989718e+00
-7.755243038981873838e-01 2.820418536233523898e+00
-7.739448246641789098e-01 2.822893856451244243e+00
-7.723653454301704357e-01 2.825367842328861290e+00
-7.707858661961619617e-01 2.827840492655347315e+00
-7.692063869621525996e-01 2.830311806151147191e+00
-7.676269077281441255e-01 2.832781781467429649e+00
-7.660474284941356515e-01 2.835250417185345650e+00
-7.644679492601271775e-01 2.837717711815250343e+00
-7.628884700261187035e-01 2.840183663795962765e+00
-7.613089907921102295e-01 2.842648271494014001e+00
-7.597295115581017555e-01 2.845111533202896226e+00
-7.581500323240932815e-01 2.847573447142336178e+00
-7.565705530900848075e-01 2.850034011457529548e+00
-7.549910738560763335e-01 2.852493224218410894e+00
-7.534115946220678595e-01 2.854951083418925784e+00
-7.518321153880593855e-01 2.857407586976291824e+00
-7.502526361540509114e-01 2.859862732730265922e+00
-7.486731569200424374e-01 2.862316518442421742e+00
-7.470936776860339634e-01 2.864768941795425850e+00
-7.455141984520254894e-01 2.867220000392316503e+00
-7.439347192180170154e-01 2.869669691755784235e+00
-7.423552399840076532e-01 2.872118013327466635e+00
-7.407757607499991792e-01 2.874564962467223150e+00
-7.391962815159907052e-01 2.877010536452444978e+00
-7.376168022819822312e-01 2.879454732477339629e+00
-7.360373230479737572e-01 2.881897547652239933e+00
-7.344578438139652832e-01 2.884338979002901038e+00
-7.328783645799568092e-01 2.886779023469811634e+00
-7.312988853459483352e-01 2.889217677907506054e+00
-7.297194061119398611e-01 2.891654939083881271e+00
-7.281399268779313871e-01 2.894090803679512991e+00
-7.265604476439229131e-01 2.896525268286980204e+00
-7.249809684099144391e-01 2.898958329410199486e+00
-7.234014891759059651e-01 2.901389983463744215e+00
-7.218220099418974911e-01 2.903820226772193536e+00
-7.202425307078890171e-01 2.906249055569465334e+00
-7.186630514738805431e-01 2.908676465998162541e+00
-7.170835722398711809e-01 2.911102454108926985e+00
-7.155040930058627069e-01 2.913527015859787905e+00
-7.139246137718542329e-01 2.915950147115517144e+00
-7.123451345378457589e-01 2.918371843647009634e+00
-7.107656553038372849e-01 2.920792101130624818e+00
-7.091861760698288109e-01 2.923210915147584021e+00
-7.076066968358203368e-01 2.925628281183336732e+00
-7.060272176018118628e-01 2.928044194626937990e+00
-7.044477383678033888e-01 2.930458650770445761e+00
-7.028682591337949148e-01 2.932871644808310307e+00
-7.012887798997864408e-01 2.935283171836770233e+00
-6.997093006657779668e-01 2.937693226853252959e+00
-6.981298214317694928e-01 2.940101804755787640e+00
-6.965503421977610188e-01 2.942508900342420741e+00
-6.949708629637525448e-01 2.944914508310626733e+00
-6.933913837297440708e-01 2.947318623256730330e+00
-6.918119044957355968e-01 2.949721239675356266e+00
-6.902324252617262346e-01 2.952122351958839097e+00
-6.886529460277177606e-01 2.954521954396675198e+00
-6.870734667937092865e-01 2.956920041174977865e+00
-6.854939875597008125e-01 2.959316606375916425e+00
-6.839145083256923385e-01 2.961711643977175790e+00
-6.823350290916838645e-01 2.964105147851434197e+00
-6.807555498576753905e-01 2.966497111765810768e+00
-6.791760706236669165e-01 2.968887529381369017e+00
-6.775965913896584425e-01 2.971276394252569730e+00
-6.760171121556499685e-01 2.973663699826787354e+00
-6.744376329216414945e-01 2.976049439443778422e+00
-6.728581536876330205e-01 2.978433606335211259e+00
-6.712786744536245465e-01 2.980816193624139743e+00
-6.696991952196160724e-01 2.983197194324547663e+00
-6.681197159856075984e-01 2.985576601340850456e+00
-6.665402367515991244e-01 2.987954407467427576e+00
-6.649607575175897622e-01 2.990330605388155316e+00
-6.633812782835812882e-01 2.992705187675947620e+00
-6.618017990495728142e-01 2.995078146792300000e+00
-6.602223198155643402e-01 2.997449475086847670e+00
-6.586428405815558662e-01 2.999819164796922344e+00
-6.570633613475473922e-01 3.002187208047116584e+00
-6.554838821135389182e-01 3.004553596848865027e+00
-6.539044028795304442e-01 3.006918323100019830e+00
-6.523249236455219702e-01 3.009281378584442113e+00
-6.507454444115134962e-01 3.011642754971594282e+00
-6.491659651775050222e-01 3.014002443816143018e+00
-6.475864859434965481e-01 3.016360436557574687e+00
-6.460070067094880741e-01 3.018716724519802330e+00
-6.444275274754796001e-01 3.021071298910800618e+00
-6.428480482414711261e-01 3.023424150822231926e+00
-6.412685690074626521e-01 3.025775271229081298e+00
-6.396890897734541781e-01 3.028124650989310940e+00
-6.381096105394448159e-01 3.030472280843518273e+00
-6.365301313054363419e-01 3.032818151414582442e+00
-6.349506520714278679e-01 3.035162253207349892e+00
-6.333711728374193939e-01 3.037504576608306195e+00
-6.317916936034109199e-01 3.039845111885256301e+00
-6.302122143694024459e-01 3.042183849187023004e+00
-6.286327351353939719e-01 3.044520778543152506e+00
-6.270532559013854979e-01 3.046855889863615996e+00
-6.254737766673770238e-01 3.049189172938523207e+00
-6.238942974333685498e-01 3.051520617437863514e+00
-6.223148181993600758e-01 3.053850212911221274e+00
-6.207353389653516018e-01 3.056177948787532905e+00
-6.191558597313431278e-01 3.058503814374823548e+00
-6.175763804973346538e-01 3.060827798859971693e+00
-6.159969012633261798e-01 3.063149891308477368e+00
-6.144174220293177058e-01 3.065470080664232544e+00
-6.128379427953083436e-01 3.067788355749305307e+00
-6.112584635612998696e-01 3.070104705263731582e+00
-6.096789843272913956e-01 3.072419117785315290e+00
-6.080995050932829216e-01 3.074731581769445832e+00
-6.065200258592744476e-01 3.077042085548892913e+00
-6.049405466252659735e-01 3.079350617333657336e+00
-6.033610673912574995e-01 3.081657165210792026e+00
-6.017815881572490255e-01 3.083961717144249715e+00
-6.002021089232405515e-01 3.086264260974729279e+00
-5.986226296892320775e-01 3.088564784419550957e+00
-5.970431504552236035e-01 3.090863275072507133e+00
-5.954636712212151295e-01 3.093159720403759749e+00
-5.938841919872066555e-01 3.095454107759711970e+00
-5.923047127531981815e-01 3.097746424362917583e+00
-5.907252335191897075e-01 3.100036657311981525e+00
-5.891457542851812335e-01 3.102324793581474172e+00
-5.875662750511727594e-01 3.104610820021857176e+00
-5.859867958171633973e-01 3.106894723359418187e+00
-5.844073165831549233e-01 3.109176490196210008e+00
-5.828278373491464492e-01 3.111456107010002636e+00
-5.812483581151379752e-01 3.113733560154252178e+00
-5.796688788811295012e-01 3.116008835858055992e+00
-5.780893996471210272e-01 3.118281920226149584e+00
-5.765099204131125532e-01 3.120552799238883068e+00
-5.749304411791040792e-01 3.122821458752226054e+00
-5.733509619450956052e-01 3.125087884497771196e+00
-5.717714827110871312e-01 3.127352062082762618e+00
-5.701920034770786572e-01 3.129613976990105240e+00
-5.686125242430701832e-01 3.131873614578418064e+00
-5.670330450090617092e-01 3.134130960082073258e+00
-5.654535657750532351e-01 3.136385998611247228e+00
-5.638740865410447611e-01 3.138638715152002323e+00
-5.622946073070362871e-01 3.140889094566338802e+00
-5.607151280730269249e-01 3.143137121592301853e+00
-5.591356488390184509e-01 3.145382780844061976e+00
-5.575561696050099769e-01 3.147626056812027340e+00
-5.559766903710015029e-01 3.149866933862953911e+00
-5.543972111369930289e-01 3.152105396240072910e+00
-5.528177319029845549e-01 3.154341428063219599e+00
-5.512382526689760809e-01 3.156575013328983825e+00
-5.496587734349676069e-01 3.158806135910858348e+00
-5.480792942009591329e-01 3.161034779559405372e+00
-5.464998149669506589e-01 3.163260927902432407e+00
-5.449203357329421848e-01 3.165484564445171678e+00
-5.433408564989337108e-01 3.167705672570469311e+00
-5.417613772649252368e-01 3.169924235539004709e+00
-5.401818980309167628e-01 3.172140236489488174e+00
-5.386024187969082888e-01 3.174353658438895831e+00
-5.370229395628998148e-01 3.176564484282691669e+00
-5.354434603288913408e-01 3.178772696795089114e+00
-5.338639810948819786e-01 3.180978278629282840e+00
-5.322845018608735046e-01 3.183181212317730768e+00
-5.307050226268650306e-01 3.185381480272422294e+00
-5.291255433928565566e-01 3.187579064785162508e+00
-5.275460641588480826e-01 3.189773948027866624e+00
-5.259665849248396086e-01 3.191966112052861959e+00
-5.243871056908311346e-01 3.194155538793211679e+00
-5.228076264568226605e-01 3.196342210063033207e+00
-5.212281472228141865e-01 3.198526107557827736e+00
-5.196486679888057125e-01 3.200707212854841721e+00
-5.180691887547972385e-01 3.202885507413411492e+00
-5.164897095207887645e-01 3.205060972575327849e+00
-5.149102302867802905e-01 3.207233589565220644e+00
-5.133307510527718165e-01 3.209403339490941587e+00
-5.117512718187633425e-01 3.211570203343955487e+00
-5.101717925847548685e-01 3.213734161999756811e+00
-5.085923133507455063e-01 3.215895196218283125e+00
-5.070128341167370323e-01 3.218053286644338318e+00
-5.054333548827285583e-01 3.220208413808039349e+00
-5.038538756487200843e-01 3.222360558125251462e+00
-5.022743964147116102e-01 3.224509699898068682e+00
-5.006949171807031362e-01 3.226655819315254359e+00
-4.991154379466946622e-01 3.228798896452741651e+00
-4.975359587126861882e-01 3.230938911274113590e+00
-4.959564794786777142e-01 3.233075843631105784e+00
-4.943770002446692402e-01 3.235209673264114016e+00
-4.927975210106607662e-01 3.237340379802713386e+00
-4.912180417766522922e-01 3.239467942766195208e+00
-4.896385625426438182e-01 3.241592341564100810e+00
-4.880590833086353442e-01 3.243713555496771317e+00
-4.864796040746268702e-01 3.245831563755912086e+00
-4.849001248406183961e-01 3.247946345425167802e+00
-4.833206456066099221e-01 3.250057879480693135e+00
-4.817411663726005600e-01 3.252166144791758029e+00
-4.801616871385920859e-01 3.254271120121333016e+00
-4.785822079045836119e-01 3.256372784126717601e+00
-4.770027286705751379e-01 3.258471115360156212e+00
-4.754232494365666639e-01 3.260566092269457261e+00
-4.738437702025581899e-01 3.262657693198664610e+00
-4.722642909685497159e-01 3.264745896388676627e+00
-4.706848117345412419e-01 3.266830679977936747e+00
-4.691053325005327679e-01 3.268912022003090723e+00
-4.675258532665242939e-01 3.270989900399668748e+00
-4.659463740325158199e-01 3.273064293002788006e+00
-4.643668947985073459e-01 3.275135177547848553e+00
-4.627874155644988718e-01 3.277202531671246089e+00
-4.612079363304903978e-01 3.279266332911095372e+00
-4.596284570964819238e-01 3.281326558707962970e+00
-4.580489778624734498e-01 3.283383186405615994e+00
-4.564694986284640876e-01 3.285436193251758841e+00
-4.548900193944556136e-01 3.287485556398813014e+00
-4.533105401604471396e-01 3.289531252904677405e+00
-4.517310609264386656e-01 3.291573259733518775e+00
-4.501515816924301916e-01 3.293611553756551125e+00
-4.485721024584217176e-01 3.295646111752853269e+00
-4.469926232244132436e-01 3.297676910410167306e+00
-4.454131439904047696e-01 3.299703926325725067e+00
-4.438336647563962956e-01 3.301727136007077679e+00
-4.422541855223878215e-01 3.303746515872933109e+00
-4.406747062883793475e-01 3.305762042254011046e+00
-4.390952270543708735e-01 3.307773691393898652e+00
-4.375157478203623995e-01 3.309781439449916984e+00
-4.359362685863539255e-01 3.311785262494006510e+00
-4.343567893523454515e-01 3.313785136513606844e+00
-4.327773101183369775e-01 3.315781037412557364e+00
-4.311978308843285035e-01 3.317772941012004484e+00
-4.296183516503191413e-01 3.319760823051313370e+00
-4.280388724163106673e-01 3.321744659189001858e+00
-4.264593931823021933e-01 3.323724425003659722e+00
-4.248799139482937193e-01 3.325700095994907013e+00
-4.233004347142852453e-01 3.327671647584333314e+00
-4.217209554802767713e-01 3.329639055116475621e+00
-4.201414762462682972e-01 3.331602293859770469e+00
-4.185619970122598232e-01 3.333561339007544255e+00
-4.169825177782513492e-01 3.335516165678999556e+00
-4.154030385442428752e-01 3.337466748920212112e+00
-4.138235593102344012e-01 3.339413063705139351e+00
-4.122440800762259272e-01 3.341355084936629360e+00
-4.106646008422174532e-01 3.343292787447449843e+00
-4.090851216082089792e-01 3.345226146001318845e+00
-4.075056423742005052e-01 3.347155135293943484e+00
-4.059261631401920312e-01 3.349079729954075546e+00
-4.043466839061835572e-01 3.350999904544560870e+00
-4.027672046721741950e-01 3.352915633563411379e+00
-4.011877254381657210e-01 3.354826891444880221e+00
-3.996082462041572470e-01 3.356733652560544012e+00
-3.980287669701487729e-01 3.358635891220386416e+00
-3.964492877361402989e-01 3.360533581673916359e+00
-3.948698085021318249e-01 3.362426698111255607e+00
-3.932903292681233509e-01 3.364315214664262754e+00
-3.917108500341148769e-01 3.366199105407662540e+00
-3.901313708001064029e-01 3.368078344360169396e+00
-3.885518915660979289e-01 3.369952905485628758e+00
-3.869724123320894549e-01 3.371822762694168585e+00
-3.853929330980809809e-01 3.373687889843347332e+00
-3.838134538640725069e-01 3.375548260739329454e+00
-3.822339746300640329e-01 3.377403849138036485e+00
-3.806544953960555588e-01 3.379254628746343414e+00
-3.790750161620470848e-01 3.381100573223252415e+00
-3.774955369280377226e-01 3.382941656181096768e+00
-3.759160576940292486e-01 3.384777851186724806e+00
-3.743365784600207746e-01 3.386609131762721159e+00
-3.727570992260123006e-01 3.388435471388619113e+00
-3.711776199920038266e-01 3.390256843502112094e+00
-3.695981407579953526e-01 3.392073221500299773e+00
-3.680186615239868786e-01 3.393884578740907987e+00
-3.664391822899784046e-01 3.395690888543536179e+00
-3.648597030559699306e-01 3.397492124190908402e+00
-3.632802238219614566e-01 3.399288258930130979e+00
-3.617007445879529826e-01 3.401079265973949273e+00
-3.601212653539445085e-01 3.402865118502020447e+00
-3.585417861199360345e-01 3.404645789662185784e+00
-3.569623068859275605e-01 3.406421252571759428e+00
-3.553828276519190865e-01 3.408191480318807809e+00
-3.538033484179106125e-01 3.409956445963449934e+00
-3.522238691839021385e-01 3.411716122539157237e+00
-3.506443899498927763e-01 3.413470483054054760e+00
-3.490649107158843023e-01 3.415219500492240989e+00
-3.474854314818758283e-01 3.416963147815101909e+00
-3.459059522478673543e-01 3.418701397962635280e+00
-3.443264730138588803e-01 3.420434223854778022e+00
-3.427469937798504063e-01 3.422161598392750914e+00
-3.411675145458419323e-01 3.423883494460386867e+00
-3.395880353118334583e-01 3.425599884925484062e+00
-3.380085560778249842e-01 3.427310742641155539e+00
-3.364290768438165102e-01 3.429016040447187219e+00
-3.348495976098080362e-01 3.430715751171399042e+00
-3.332701183757995622e-01 3.432409847631010980e+00
-3.316906391417910882e-01 3.434098302634015720e+00
-3.301111599077826142e-01 3.435781088980552678e+00
-3.285316806737741402e-01 3.437458179464291774e+00
-3.269522014397656662e-01 3.439129546873818999e+00
-3.253727222057563040e-01 3.440795163994027295e+00
-3.237932429717478300e-01 3.442455003607509223e+00
-3.222137637377393560e-01 3.444109038495958508e+00
-3.206342845037308820e-01 3.445757241441568475e+00
-3.190548052697224080e-01 3.447399585228449581e+00
-3.174753260357139339e-01 3.449036042644031852e+00
-3.158958468017054599e-01 3.450666586480479747e+00
-3.143163675676969859e-01 3.452291189536119020e+00
-3.127368883336885119e-01 3.453909824616854696e+00
-3.111574090996800379e-01 3.455522464537597926e+00
-3.095779298656715639e-01 3.457129082123697739e+00
-3.079984506316630899e-01 3.458729650212373219e+00
-3.064189713976546159e-01 3.460324141654147923e+00
-3.048394921636461419e-01 3.461912529314298492e+00
-3.032600129296376679e-01 3.463494786074284182e+00
-3.016805336956291939e-01 3.465070884833206577e+00
-3.001010544616207198e-01 3.466640798509251109e+00
-2.985215752276113577e-01 3.468204500041137894e+00
-2.969420959936028837e-01 3.469761962389578791e+00
-2.953626167595944096e-01 3.471313158538735788e+00
-2.937831375255859356e-01 3.472858061497677618e+00
-2.922036582915774616e-01 3.474396644301839032e+00
-2.906241790575689876e-01 3.475928880014490296e+00
-2.890446998235605136e-01 3.477454741728198684e+00
-2.874652205895520396e-01 3.478974202566297969e+00
-2.858857413555435656e-01 3.480487235684361913e+00
-2.843062621215350916e-01 3.481993814271665766e+00
-2.827267828875266176e-01 3.483493911552667743e+00
-2.811473036535181436e-01 3.484987500788481185e+00
-2.795678244195096696e-01 3.486474555278352039e+00
-2.779883451855011955e-01 3.487955048361134125e+00
-2.764088659514927215e-01 3.489428953416765733e+00
-2.748293867174842475e-01 3.490896243867758209e+00
-2.732499074834748853e-01 3.492356893180662336e+00
-2.716704282494664113e-01 3.493810874867560923e+00
-2.700909490154579373e-01 3.495258162487548947e+00
-2.685114697814494633e-01 3.496698729648211046e+00
-2.669319905474409893e-01 3.498132550007109653e+00
-2.653525113134325153e-01 3.499559597273267819e+00
-2.637730320794240413e-01 3.500979845208649355e+00
-2.621935528454155673e-01 3.502393267629646534e+00
-2.606140736114070933e-01 3.503799838408563350e+00
-2.590345943773986193e-01 3.505199531475095664e+00
-2.574551151433901452e-01 3.506592320817821129e+00
-2.558756359093816712e-01 3.507978180485678443e+00
-2.542961566753731972e-01 3.509357084589442621e+00
-2.527166774413647232e-01 3.510729007303223792e+00
-2.511371982073562492e-01 3.512093922865930473e+00
-2.495577189733477752e-01 3.513451805582767484e+00
-2.479782397393393012e-01 3.514802629826699665e+00
-2.463987605053299390e-01 3.516146370039938684e+00
-2.448192812713214650e-01 3.517483000735419640e+00
-2.432398020373129910e-01 3.518812496498277209e+00
-2.416603228033045170e-01 3.520134831987312474e+00
-2.400808435692960430e-01 3.521449981936480178e+00
-2.385013643352875690e-01 3.522757921156344896e+00
-2.369218851012790950e-01 3.524058624535563400e+00
-2.353424058672706209e-01 3.525352067042340387e+00
-2.337629266332621469e-01 3.526638223725901078e+00
-2.321834473992536729e-01 3.527917069717950493e+00
-2.306039681652451989e-01 3.529188580234143835e+00
-2.290244889312367249e-01 3.530452730575526665e+00
-2.274450096972282509e-01 3.531709496130010173e+00
-2.258655304632197769e-01 3.532958852373808689e+00
-2.242860512292113029e-01 3.534200774872905626e+00
-2.227065719952028289e-01 3.535435239284484332e+00
-2.211270927611934667e-01 3.536662221358384262e+00
-2.195476135271849927e-01 3.537881696938537157e+00
-2.179681342931765187e-01 3.539093641964409898e+00
-2.163886550591680447e-01 3.540298032472432244e+00
-2.148091758251595706e-01 3.541494844597431690e+00
-2.132296965911510966e-01 3.542684054574066099e+00
-2.116502173571426226e-01 3.543865638738233681e+00
-2.100707381231341486e-01 3.545039573528507848e+00
-2.084912588891256746e-01 3.546205835487540980e+00
-2.069117796551172006e-01 3.547364401263485956e+00
-2.053323004211087266e-01 3.548515247611396806e+00
-2.037528211871002526e-01 3.549658351394633371e+00
-2.021733419530917786e-01 3.550793689586260182e+00
-2.005938627190833046e-01 3.551921239270441344e+00
-1.990143834850748306e-01 3.553040977643829201e+00
-1.974349042510663566e-01 3.554152882016945458e+00
-1.958554250170578825e-01 3.555256929815567180e+00
-1.942759457830485204e-01 3.556353098582093697e+00
-1.926964665490400463e-01 3.557441365976918402e+00
-1.911169873150315723e-01 3.558521709779795650e+00
-1.895375080810230983e-01 3.559594107891196568e+00
-1.879580288470146243e-01 3.560658538333655532e+00
-1.863785496130061503e-01 3.561714979253131741e+00
-1.847990703789976763e-01 3.562763408920331720e+00
-1.832195911449892023e-01 3.563803805732061125e+00
-1.816401119109807283e-01 3.564836148212542799e+00
-1.800606326769722543e-01 3.565860415014747709e+00
-1.784811534429637803e-01 3.566876584921706339e+00
-1.769016742089553063e-01 3.567884636847816093e+00
-1.753221949749468322e-01 3.568884549840155795e+00
-1.737427157409383582e-01 3.569876303079770441e+00
-1.721632365069298842e-01 3.570859875882970602e+00
-1.705837572729214102e-01 3.571835247702614513e+00
-1.690042780389120480e-01 3.572802398129377721e+00
-1.674247988049035740e-01 3.573761306893030287e+00
-1.658453195708951000e-01 3.574711953863698000e+00
-1.642658403368866260e-01 3.575654319053113372e+00
-1.626863611028781520e-01 3.576588382615864870e+00
-1.611068818688696780e-01 3.577514124850641686e+00
-1.595274026348612040e-01 3.578431526201455437e+00
-1.579479234008527300e-01 3.579340567258875172e+00
-1.563684441668442560e-01 3.580241228761240624e+00
-1.547889649328357820e-01 3.581133491595868357e+00
-1.532094856988273079e-01 3.582017336800255247e+00
-1.516300064648188339e-01 3.582892745563269088e+00
-1.500505272308103599e-01 3.583759699226332085e+00
-1.484710479968018859e-01 3.584618179284601691e+00
-1.468915687627934119e-01 3.585468167388135452e+00
-1.453120895287849379e-01 3.586309645343038977e+00
-1.437326102947764639e-01 3.587142595112633892e+00
-1.421531310607671017e-01 3.587966998818587605e+00
-1.405736518267586277e-01 3.588782838742049286e+00
-1.389941725927501537e-01 3.589590097324765861e+00
-1.374146933587416797e-01 3.590388757170205114e+00
-1.358352141247332057e-01 3.591178801044658364e+00
-1.342557348907247317e-01 3.591960211878330700e+00
-1.326762556567162576e-01 3.592732972766432109e+00
-1.310967764227077836e-01 3.593497066970246845e+00
-1.295172971886993096e-01 3.594252477918213895e+00
-1.279378179546908356e-01 3.594999189206969259e+00
-1.263583387206823616e-01 3.595737184602397996e+00
-1.247788594866738876e-01 3.596466448040673392e+00
-1.231993802526654136e-01 3.597186963629284584e+00
-1.216199010186569396e-01 3.597898715648048196e+00
-1.200404217846484656e-01 3.598601688550123079e+00
-1.184609425506399916e-01 3.599295866962999746e+00
-1.168814633166306294e-01 3.599981235689486692e+00
-1.153019840826221554e-01 3.600657779708694051e+00
-1.137225048486136814e-01 3.601325484176988390e+00
-1.121430256146052074e-01 3.601984334428952383e+00
-1.105635463805967333e-01 3.602634315978328949e+00
-1.089840671465882593e-01 3.603275414518952502e+00
-1.074045879125797853e-01 3.603907615925668217e+00
-1.058251086785713113e-01 3.604530906255249523e+00
-1.042456294445628373e-01 3.605145271747289382e+00
-1.026661502105543633e-01 3.605750698825095579e+00
-1.010866709765458893e-01 3.606347174096563801e+00
-9.950719174253741528e-02 3.606934684355045384e+00
-9.792771250852894127e-02 3.607513216580203963e+00
-9.634823327452046726e-02 3.608082757938850804e+00
-9.476875404051199325e-02 3.608643295785781913e+00
-9.318927480650351924e-02 3.609194817664603594e+00
-9.160979557249504523e-02 3.609737311308523378e+00
-9.003031633848568305e-02 3.610270764641166696e+00
-8.845083710447720904e-02 3.610795165777342053e+00
-8.687135787046873503e-02 3.611310503023823948e+00
-8.529187863646026102e-02 3.611816764880115382e+00
-8.371239940245178701e-02 3.612313940039188154e+00
-8.213292016844331300e-02 3.612802017388219600e+00
-8.055344093443483899e-02 3.613280986009324902e+00
-7.897396170042636498e-02 3.613750835180255194e+00
-7.739448246641789098e-02 3.614211554375108548e+00
-7.581500323240941697e-02 3.614663133265012096e+00
-7.423552399840094296e-02 3.615105561718789939e+00
-7.265604476439246895e-02 3.615538829803638610e+00
-7.107656553038399494e-02 3.615962927785755010e+00
-6.949708629637552093e-02 3.616377846130996332e+00
-6.791760706236704692e-02 3.616783575505485793e+00
-6.633812782835857291e-02 3.617180106776229032e+00
-6.475864859434921073e-02 3.617567431011714074e+00
-6.317916936034073672e-02 3.617945539482489092e+00
-6.159969012633226271e-02 3.618314423661744161e+00
-6.002021089232378870e-02 3.618674075225862374e+00
-5.844073165831531469e-02 3.619024486054961631e+00
-5.686125242430684068e-02 3.619365648233440425e+00
-5.528177319029836667e-02 3.619697554050484101e+00
-5.370229395628989266e-02 3.620020196000578672e+00
-5.212281472228141865e-02 3.620333566783998425e+00
-5.054333548827294464e-02 3.620637659307289535e+00
-4.896385625426447064e-02 3.620932466683730588e+00
-4.738437702025599663e-02 3.621217982233793542e+00
-4.580489778624752262e-02 3.621494199485573606e+00
-4.422541855223904861e-02 3.621761112175216013e+00
-4.264593931823057460e-02 3.622018714247337012e+00
-4.106646008422210059e-02 3.622266999855411118e+00
-3.948698085021362658e-02 3.622505963362161463e+00
-3.790750161620426439e-02 3.622735599339931056e+00
-3.632802238219579039e-02 3.622955902571037168e+00
-3.474854314818731638e-02 3.623166868048117717e+00
-3.316906391417884237e-02 3.623368490974456790e+00
-3.158958468017036836e-02 3.623560766764309271e+00
-3.001010544616189435e-02 3.623743691043192605e+00
-2.843062621215342034e-02 3.623917259648182565e+00
-2.685114697814494633e-02 3.624081468628181923e+00
-2.527166774413647232e-02 3.624236314244189572e+00
-2.369218851012799831e-02 3.624381792969537219e+00
-2.211270927611952430e-02 3.624517901490126537e+00
-2.053323004211105030e-02 3.624644636704651202e+00
-1.895375080810257629e-02 3.624761995724793184e+00
-1.737427157409410228e-02 3.624869975875422590e+00
-1.579479234008562827e-02 3.624968574694765966e+00
-1.421531310607715426e-02 3.625057789934573726e+00
-1.263583387206779207e-02 3.625137619560271585e+00
-1.105635463805931806e-02 3.625208061751080901e+00
-9.476875404050844054e-03 3.625269114900158574e+00
-7.897396170042370045e-03 3.625320777614686296e+00
-6.317916936033896036e-03 3.625363048715976699e+00
-4.738437702025422027e-03 3.625395927239532412e+00
-3.158958468016948018e-03 3.625419412435136213e+00
-1.579479234008474009e-03 3.625433503766871901e+00
0.000000000000000000e+00 3.625438200913179809e+00
1.579479234008474009e-03 3.625433503766871457e+00
3.158958468016948018e-03 3.625419412435135769e+00
4.738437702025422027e-03 3.625395927239532856e+00
6.317916936033896036e-03 3.625363048715976255e+00
7.897396170042370045e-03 3.625320777614686740e+00
9.476875404050844054e-03 3.625269114900158574e+00
1.105635463805931806e-02 3.625208061751080901e+00
1.263583387206779207e-02 3.625137619560271141e+00
1.421531310607715426e-02 3.625057789934573726e+00
1.579479234008562827e-02 3.624968574694765522e+00
1.737427157409410228e-02 3.624869975875422590e+00
1.895375080810257629e-02 3.624761995724792740e+00
2.053323004211105030e-02 3.624644636704651202e+00
2.211270927611952430e-02 3.624517901490126981e+00
2.369218851012799831e-02 3.624381792969536331e+00
2.527166774413647232e-02 3.624236314244189572e+00
2.685114697814494633e-02 3.624081468628182368e+00
2.843062621215342034e-02 3.623917259648182121e+00
3.001010544616189435e-02 3.623743691043192161e+00
3.158958468017036836e-02 3.623560766764308827e+00
3.316906391417884237e-02 3.623368490974456790e+00
3.474854314818731638e-02 3.623166868048118161e+00
3.632802238219579039e-02 3.622955902571037168e+00
3.790750161620426439e-02 3.622735599339930612e+00
3.948698085021362658e-02 3.622505963362161907e+00
4.106646008422210059e-02 3.622266999855411118e+00
4.264593931823057460e-02 3.622018714247337012e+00
4.422541855223904861e-02 3.621761112175215569e+00
4.580489778624752262e-02 3.621494199485573162e+00
4.738437702025599663e-02 3.621217982233793542e+00
4.896385625426447064e-02 3.620932466683730144e+00
5.054333548827294464e-02 3.620637659307289535e+00
5.212281472228141865e-02 3.620333566783997981e+00
5.370229395628989266e-02 3.620020196000579116e+00
5.528177319029836667e-02 3.619697554050483657e+00
5.686125242430684068e-02 3.619365648233440869e+00
5.844073165831531469e-02 3.619024486054962075e+00
6.002021089232378870e-02 3.618674075225862818e+00
6.159969012633226271e-02 3.618314423661744605e+00
6.317916936034073672e-02 3.617945539482489092e+00
6.475864859434921073e-02 3.617567431011714074e+00
6.633812782835857291e-02 3.617180106776229032e+00
6.791760706236704692e-02 3.616783575505486237e+00
6.949708629637552093e-02 3.616377846130996776e+00
7.107656553038399494e-02 3.615962927785755454e+00
7.265604476439246895e-02 3.615538829803638166e+00
7.423552399840094296e-02 3.615105561718789939e+00
7.581500323240941697e-02 3.614663133265012096e+00
7.739448246641789098e-02 3.614211554375108992e+00
7.897396170042636498e-02 3.613750835180255194e+00
8.055344093443483899e-02 3.613280986009324458e+00
8.213292016844331300e-02 3.612802017388220044e+00
8.371239940245178701e-02 3.612313940039188598e+00
8.529187863646026102e-02 3.611816764880115826e+00
8.687135787046873503e-02 3.611310503023824392e+00
8.845083710447720904e-02 3.610795165777342053e+00
9.003031633848568305e-02 3.610270764641166696e+00
9.160979557249504523e-02 3.609737311308523378e+00
9.318927480650351924e-02 3.609194817664603594e+00
9.476875404051199325e-02 3.608643295785781913e+00
9.634823327452046726e-02 3.608082757938849916e+00
9.792771250852894127e-02 3.607513216580203963e+00
9.950719174253741528e-02 3.606934684355045384e+00
1.010866709765458893e-01 3.606347174096564245e+00
1.026661502105543633e-01 3.605750698825095579e+00
1.042456294445628373e-01 3.605145271747289826e+00
1.058251086785713113e-01 3.604530906255249523e+00
1.074045879125797853e-01 3.603907615925669106e+00
1.089840671465882593e-01 3.603275414518952946e+00
1.105635463805967333e-01 3.602634315978328949e+00
1.121430256146052074e-01 3.601984334428952828e+00
1.137225048486136814e-01 3.601325484176988390e+00
1.153019840826221554e-01 3.600657779708693607e+00
1.168814633166306294e-01 3.599981235689486248e+00
1.184609425506399916e-01 3.599295866962999746e+00
1.200404217846484656e-01 3.598601688550123079e+00
1.216199010186569396e-01 3.597898715648048196e+00
1.231993802526654136e-01 3.597186963629285028e+00
1.247788594866738876e-01 3.596466448040673392e+00
1.263583387206823616e-01 3.595737184602397551e+00
1.279378179546908356e-01 3.594999189206968371e+00
1.295172971886993096e-01 3.594252477918214339e+00
1.310967764227077836e-01 3.593497066970247289e+00
1.326762556567162576e-01 3.592732972766431221e+00
1.342557348907247317e-01 3.591960211878330700e+00
1.358352141247332057e-01 3.591178801044658808e+00
1.374146933587416797e-01 3.590388757170206002e+00
1.389941725927501537e-01 3.589590097324765861e+00
1.405736518267586277e-01 3.588782838742049730e+00
1.421531310607671017e-01 3.587966998818587605e+00
1.437326102947764639e-01 3.587142595112633447e+00
1.453120895287849379e-01 3.586309645343039421e+00
1.468915687627934119e-01 3.585468167388134564e+00
1.484710479968018859e-01 3.584618179284602135e+00
1.500505272308103599e-01 3.583759699226332085e+00
1.516300064648188339e-01 3.582892745563269532e+00
1.532094856988273079e-01 3.582017336800255247e+00
1.547889649328357820e-01 3.581133491595868357e+00
1.563684441668442560e-01 3.580241228761240624e+00
1.579479234008527300e-01 3.579340567258875616e+00
1.595274026348612040e-01 3.578431526201456325e+00
1.611068818688696780e-01 3.577514124850641686e+00
1.626863611028781520e-01 3.576588382615865314e+00
1.642658403368866260e-01 3.575654319053113372e+00
1.658453195708951000e-01 3.574711953863698444e+00
1.674247988049035740e-01 3.573761306893030287e+00
1.690042780389120480e-01 3.572802398129378165e+00
1.705837572729214102e-01 3.571835247702614513e+00
1.721632365069298842e-01 3.570859875882971046e+00
1.737427157409383582e-01 3.569876303079770885e+00
1.753221949749468322e-01 3.568884549840155351e+00
1.769016742089553063e-01 3.567884636847815649e+00
1.784811534429637803e-01 3.566876584921706339e+00
1.800606326769722543e-01 3.565860415014748153e+00
1.816401119109807283e-01 3.564836148212542799e+00
1.832195911449892023e-01 3.563803805732061125e+00
1.847990703789976763e-01 3.562763408920331276e+00
1.863785496130061503e-01 3.561714979253131297e+00
1.879580288470146243e-01 3.560658538333655532e+00
1.895375080810230983e-01 3.559594107891196568e+00
1.911169873150315723e-01 3.558521709779796094e+00
1.926964665490400463e-01 3.557441365976918402e+00
1.942759457830485204e-01 3.556353098582093697e+00
1.958554250170578825e-01 3.555256929815567180e+00
1.974349042510663566e-01 3.554152882016945458e+00
1.990143834850748306e-01 3.553040977643829201e+00
2.005938627190833046e-01 3.551921239270441344e+00
2.021733419530917786e-01 3.550793689586260626e+00
2.037528211871002526e-01 3.549658351394633371e+00
2.053323004211087266e-01 3.548515247611397250e+00
2.069117796551172006e-01 3.547364401263485512e+00
2.084912588891256746e-01 3.546205835487540536e+00
2.100707381231341486e-01 3.545039573528507404e+00
2.116502173571426226e-01 3.543865638738233237e+00
2.132296965911510966e-01 3.542684054574066099e+00
2.148091758251595706e-01 3.541494844597432134e+00
2.163886550591680447e-01 3.540298032472431800e+00
2.179681342931765187e-01 3.539093641964409453e+00
2.195476135271849927e-01 3.537881696938537157e+00
2.211270927611934667e-01 3.536662221358384262e+00
2.227065719952028289e-01 3.535435239284483888e+00
2.242860512292113029e-01 3.534200774872905626e+00
2.258655304632197769e-01 3.532958852373809133e+00
2.274450096972282509e-01 3.531709496130009729e+00
2.290244889312367249e-01 3.530452730575526665e+00
2.306039681652451989e-01 3.529188580234143835e+00
2.321834473992536729e-01 3.527917069717950938e+00
2.337629266332621469e-01 3.526638223725901078e+00
2.353424058672706209e-01 3.525352067042339943e+00
2.369218851012790950e-01 3.524058624535563400e+00
2.385013643352875690e-01 3.522757921156344896e+00
2.400808435692960430e-01 3.521449981936480178e+00
2.416603228033045170e-01 3.520134831987312030e+00
2.432398020373129910e-01 3.518812496498277209e+00
2.448192812713214650e-01 3.517483000735420084e+00
2.463987605053299390e-01 3.516146370039939129e+00
2.479782397393393012e-01 3.514802629826698332e+00
2.495577189733477752e-01 3.513451805582767928e+00
2.511371982073562492e-01 3.512093922865930917e+00
2.527166774413647232e-01 3.510729007303223792e+00
2.542961566753731972e-01 3.509357084589443065e+00
2.558756359093816712e-01 3.507978180485678887e+00
2.574551151433901452e-01 3.506592320817822461e+00
2.590345943773986193e-01 3.505199531475096553e+00
2.606140736114070933e-01 3.503799838408563350e+00
2.621935528454155673e-01 3.502393267629646534e+00
2.637730320794240413e-01 3.500979845208649355e+00
2.653525113134325153e-01 3.499559597273267375e+00
2.669319905474409893e-01 3.498132550007110098e+00
2.685114697814494633e-01 3.496698729648211046e+00
2.700909490154579373e-01 3.495258162487548503e+00
2.716704282494664113e-01 3.493810874867560479e+00
2.732499074834748853e-01 3.492356893180662336e+00
2.748293867174842475e-01 3.490896243867758209e+00
2.764088659514927215e-01 3.489428953416765733e+00
2.779883451855011955e-01 3.487955048361133237e+00
2.795678244195096696e-01 3.486474555278351595e+00
2.811473036535181436e-01 3.484987500788481185e+00
2.827267828875266176e-01 3.483493911552667299e+00
2.843062621215350916e-01 3.481993814271665322e+00
2.858857413555435656e-01 3.480487235684362357e+00
2.874652205895520396e-01 3.478974202566298857e+00
2.890446998235605136e-01 3.477454741728198240e+00
2.906241790575689876e-01 3.475928880014489852e+00
2.922036582915774616e-01 3.474396644301839032e+00
2.937831375255859356e-01 3.472858061497676729e+00
2.953626167595944096e-01 3.471313158538736232e+00
2.969420959936028837e-01 3.469761962389579235e+00
2.985215752276113577e-01 3.468204500041138338e+00
3.001010544616207198e-01 3.466640798509251553e+00
3.016805336956291939e-01 3.465070884833206133e+00
3.032600129296376679e-01 3.463494786074284182e+00
3.048394921636461419e-01 3.461912529314298492e+00
3.064189713976546159e-01 3.460324141654148367e+00
3.079984506316630899e-01 3.458729650212373219e+00
3.095779298656715639e-01 3.457129082123698183e+00
3.111574090996800379e-01 3.455522464537597482e+00
3.127368883336885119e-01 3.453909824616854252e+00
3.143163675676969859e-01 3.452291189536119465e+00
3.158958468017054599e-01 3.450666586480478859e+00
3.174753260357139339e-01 3.449036042644031408e+00
3.190548052697224080e-01 3.447399585228450025e+00
3.206342845037308820e-01 3.445757241441568919e+00
3.222137637377393560e-01 3.444109038495958064e+00
3.237932429717478300e-01 3.442455003607510111e+00
3.253727222057563040e-01 3.440795163994027295e+00
3.269522014397656662e-01 3.439129546873819443e+00
3.285316806737741402e-01 3.437458179464292218e+00
3.301111599077826142e-01 3.435781088980552234e+00
3.316906391417910882e-01 3.434098302634016608e+00
3.332701183757995622e-01 3.432409847631011424e+00
3.348495976098080362e-01 3.430715751171399486e+00
3.364290768438165102e-01 3.429016040447187663e+00
3.380085560778249842e-01 3.427310742641155983e+00
3.395880353118334583e-01 3.425599884925483618e+00
3.411675145458419323e-01 3.423883494460385979e+00
3.427469937798504063e-01 3.422161598392750914e+00
3.443264730138588803e-01 3.420434223854778466e+00
3.459059522478673543e-01 3.418701397962634392e+00
3.474854314818758283e-01 3.416963147815101909e+00
3.490649107158843023e-01 3.415219500492240989e+00
3.506443899498927763e-01 3.413470483054054760e+00
3.522238691839021385e-01 3.411716122539156792e+00
3.538033484179106125e-01 3.409956445963450378e+00
3.553828276519190865e-01 3.408191480318807809e+00
3.569623068859275605e-01 3.406421252571759428e+00
3.585417861199360345e-01 3.404645789662186228e+00
3.601212653539445085e-01 3.402865118502019559e+00
3.617007445879529826e-01 3.401079265973949273e+00
3.632802238219614566e-01 3.399288258930130979e+00
3.648597030559699306e-01 3.397492124190909291e+00
3.664391822899784046e-01 3.395690888543536623e+00
3.680186615239868786e-01 3.393884578740907987e+00
3.695981407579953526e-01 3.392073221500299773e+00
3.711776199920038266e-01 3.390256843502112094e+00
3.727570992260123006e-01 3.388435471388619113e+00
3.743365784600207746e-01 3.386609131762722047e+00
3.759160576940292486e-01 3.384777851186725250e+00
3.774955369280377226e-01 3.382941656181096768e+00
3.790750161620470848e-01 3.381100573223253303e+00
3.806544953960555588e-01 3.379254628746342526e+00
3.822339746300640329e-01 3.377403849138036485e+00
3.838134538640725069e-01 3.375548260739329454e+00
3.853929330980809809e-01 3.373687889843348220e+00
3.869724123320894549e-01 3.371822762694167697e+00
3.885518915660979289e-01 3.369952905485628758e+00
3.901313708001064029e-01 3.368078344360168952e+00
3.917108500341148769e-01 3.366199105407662540e+00
3.932903292681233509e-01 3.364315214664262754e+00
3.948698085021318249e-01 3.362426698111255607e+00
3.964492877361402989e-01 3.360533581673917247e+00
3.980287669701487729e-01 3.358635891220387304e+00
3.996082462041572470e-01 3.356733652560543124e+00
4.011877254381657210e-01 3.354826891444880665e+00
4.027672046721741950e-01 3.352915633563411379e+00
4.043466839061835572e-01 3.350999904544559982e+00
4.059261631401920312e-01 3.349079729954075102e+00
4.075056423742005052e-01 3.347155135293943484e+00
4.090851216082089792e-01 3.345226146001318845e+00
4.106646008422174532e-01 3.343292787447449843e+00
4.122440800762259272e-01 3.341355084936629805e+00
4.138235593102344012e-01 3.339413063705139795e+00
4.154030385442428752e-01 3.337466748920213000e+00
4.169825177782513492e-01 3.335516165678999556e+00
4.185619970122598232e-01 3.333561339007543811e+00
4.201414762462682972e-01 3.331602293859769581e+00
4.217209554802767713e-01 3.329639055116476509e+00
4.233004347142852453e-01 3.327671647584333758e+00
4.248799139482937193e-01 3.325700095994906569e+00
4.264593931823021933e-01 3.323724425003659722e+00
4.280388724163106673e-01 3.321744659189001414e+00
4.296183516503191413e-01 3.319760823051313370e+00
4.311978308843285035e-01 3.317772941012004484e+00
4.327773101183369775e-01 3.315781037412557364e+00
4.343567893523454515e-01 3.313785136513606400e+00
4.359362685863539255e-01 3.311785262494006066e+00
4.375157478203623995e-01 3.309781439449916984e+00
4.390952270543708735e-01 3.307773691393898208e+00
4.406747062883793475e-01 3.305762042254011046e+00
4.422541855223878215e-01 3.303746515872933109e+00
4.438336647563962956e-01 3.301727136007077679e+00
4.454131439904047696e-01 3.299703926325725067e+00
4.469926232244132436e-01 3.297676910410166862e+00
4.485721024584217176e-01 3.295646111752853269e+00
4.501515816924301916e-01 3.293611553756551569e+00
4.517310609264386656e-01 3.291573259733518331e+00
4.533105401604471396e-01 3.289531252904677405e+00
4.548900193944556136e-01 3.287485556398812570e+00
4.564694986284640876e-01 3.285436193251759285e+00
4.580489778624734498e-01 3.283383186405615994e+00
4.596284570964819238e-01 3.281326558707963414e+00
4.612079363304903978e-01 3.279266332911095372e+00
4.627874155644988718e-01 3.277202531671245644e+00
4.643668947985073459e-01 3.275135177547848997e+00
4.659463740325158199e-01 3.273064293002788450e+00
4.675258532665242939e-01 3.270989900399667860e+00
4.691053325005327679e-01 3.268912022003090723e+00
4.706848117345412419e-01 3.266830679977937191e+00
4.722642909685497159e-01 3.264745896388676627e+00
4.738437702025581899e-01 3.262657693198663722e+00
4.754232494365666639e-01 3.260566092269458593e+00
4.770027286705751379e-01 3.258471115360155324e+00
4.785822079045836119e-01 3.256372784126718045e+00
4.801616871385920859e-01 3.254271120121333016e+00
4.817411663726005600e-01 3.252166144791758473e+00
4.833206456066099221e-01 3.250057879480692691e+00
4.849001248406183961e-01 3.247946345425166914e+00
4.864796040746268702e-01 3.245831563755912086e+00
4.880590833086353442e-01 3.243713555496771317e+00
4.896385625426438182e-01 3.241592341564100810e+00
4.912180417766522922e-01 3.239467942766196096e+00
4.927975210106607662e-01 3.237340379802713830e+00
4.943770002446692402e-01 3.235209673264113128e+00
4.959564794786777142e-01 3.233075843631105339e+00
4.975359587126861882e-01 3.230938911274113146e+00
4.991154379466946622e-01 3.228798896452741207e+00
5.006949171807031362e-01 3.226655819315254359e+00
5.022743964147116102e-01 3.224509699898068682e+00
5.038538756487200843e-01 3.222360558125252794e+00
5.054333548827285583e-01 3.220208413808038461e+00
5.070128341167370323e-01 3.218053286644338762e+00
5.085923133507455063e-01 3.215895196218283125e+00
5.101717925847548685e-01 3.213734161999756367e+00
5.117512718187633425e-01 3.211570203343954599e+00
5.133307510527718165e-01 3.209403339490940699e+00
5.149102302867802905e-01 3.207233589565220200e+00
5.164897095207887645e-01 3.205060972575327405e+00
5.180691887547972385e-01 3.202885507413411048e+00
5.196486679888057125e-01 3.200707212854841277e+00
5.212281472228141865e-01 3.198526107557826847e+00
5.228076264568226605e-01 3.196342210063032763e+00
5.243871056908311346e-01 3.194155538793213012e+00
5.259665849248396086e-01 3.191966112052862847e+00
5.275460641588480826e-01 3.189773948027866179e+00
5.291255433928565566e-01 3.187579064785162952e+00
5.307050226268650306e-01 3.185381480272422294e+00
5.322845018608735046e-01 3.183181212317729880e+00
5.338639810948819786e-01 3.180978278629281952e+00
5.354434603288913408e-01 3.178772696795087782e+00
5.370229395628998148e-01 3.176564484282692558e+00
5.386024187969082888e-01 3.174353658438895387e+00
5.401818980309167628e-01 3.172140236489488618e+00
5.417613772649252368e-01 3.169924235539004265e+00
5.433408564989337108e-01 3.167705672570468867e+00
5.449203357329421848e-01 3.165484564445170346e+00
5.464998149669506589e-01 3.163260927902433739e+00
5.480792942009591329e-01 3.161034779559404928e+00
5.496587734349676069e-01 3.158806135910858348e+00
5.512382526689760809e-01 3.156575013328982937e+00
5.528177319029845549e-01 3.154341428063219599e+00
5.543972111369930289e-01 3.152105396240072022e+00
5.559766903710015029e-01 3.149866933862953466e+00
5.575561696050099769e-01 3.147626056812026452e+00
5.591356488390184509e-01 3.145382780844061976e+00
5.607151280730269249e-01 3.143137121592301408e+00
5.622946073070362871e-01 3.140889094566337914e+00
5.638740865410447611e-01 3.138638715152001435e+00
5.654535657750532351e-01 3.136385998611248116e+00
5.670330450090617092e-01 3.134130960082072814e+00
5.686125242430701832e-01 3.131873614578418508e+00
5.701920034770786572e-01 3.129613976990105240e+00
5.717714827110871312e-01 3.127352062082761730e+00
5.733509619450956052e-01 3.125087884497771640e+00
5.749304411791040792e-01 3.122821458752225166e+00
5.765099204131125532e-01 3.120552799238883068e+00
5.780893996471210272e-01 3.118281920226149584e+00
5.796688788811295012e-01 3.116008835858056436e+00
5.812483581151379752e-01 3.113733560154253066e+00
5.828278373491464492e-01 3.111456107010003524e+00
5.844073165831549233e-01 3.109176490196209564e+00
5.859867958171633973e-01 3.106894723359418187e+00
5.875662750511727594e-01 3.104610820021857176e+00
5.891457542851812335e-01 3.102324793581473283e+00
5.907252335191897075e-01 3.100036657311981081e+00
5.923047127531981815e-01 3.097746424362917139e+00
5.938841919872066555e-01 3.095454107759711970e+00
5.954636712212151295e-01 3.093159720403760193e+00
5.970431504552236035e-01 3.090863275072508021e+00
5.986226296892320775e-01 3.088564784419551401e+00
6.002021089232405515e-01 3.086264260974730167e+00
6.017815881572490255e-01 3.083961717144248382e+00
6.033610673912574995e-01 3.081657165210792026e+00
6.049405466252659735e-01 3.079350617333658224e+00
6.065200258592744476e-01 3.077042085548892913e+00
6.080995050932829216e-01 3.074731581769445388e+00
6.096789843272913956e-01 3.072419117785316178e+00
6.112584635612998696e-01 3.070104705263731137e+00
6.128379427953083436e-01 3.067788355749304419e+00
6.144174220293177058e-01 3.065470080664232100e+00
6.159969012633261798e-01 3.063149891308476924e+00
6.175763804973346538e-01 3.060827798859972138e+00
6.191558597313431278e-01 3.058503814374822660e+00
6.207353389653516018e-01 3.056177948787532461e+00
6.223148181993600758e-01 3.053850212911221274e+00
6.238942974333685498e-01 3.051520617437862626e+00
6.254737766673770238e-01 3.049189172938522763e+00
6.270532559013854979e-01 3.046855889863615996e+00
6.286327351353939719e-01 3.044520778543152950e+00
6.302122143694024459e-01 3.042183849187023892e+00
6.317916936034109199e-01 3.039845111885255857e+00
6.333711728374193939e-01 3.037504576608306639e+00
6.349506520714278679e-01 3.035162253207349892e+00
6.365301313054363419e-01 3.032818151414582442e+00
6.381096105394448159e-01 3.030472280843517385e+00
6.396890897734541781e-01 3.028124650989311384e+00
6.412685690074626521e-01 3.025775271229079966e+00
6.428480482414711261e-01 3.023424150822231038e+00
6.444275274754796001e-01 3.021071298910801062e+00
6.460070067094880741e-01 3.018716724519803218e+00
6.475864859434965481e-01 3.016360436557574687e+00
6.491659651775050222e-01 3.014002443816143906e+00
6.507454444115134962e-01 3.011642754971594282e+00
6.523249236455219702e-01 3.009281378584442113e+00
6.539044028795304442e-01 3.006918323100020274e+00
6.554838821135389182e-01 3.004553596848865471e+00
6.570633613475473922e-01 3.002187208047117029e+00
6.586428405815558662e-01 2.999819164796921456e+00
6.602223198155643402e-01 2.997449475086847226e+00
6.618017990495728142e-01 2.995078146792299556e+00
6.633812782835812882e-01 2.992705187675947176e+00
6.649607575175897622e-01 2.990330605388154872e+00
6.665402367515991244e-01 2.987954407467427131e+00
6.681197159856075984e-01 2.985576601340850011e+00
6.696991952196160724e-01 2.983197194324548551e+00
6.712786744536245465e-01 2.980816193624140187e+00
6.728581536876330205e-01 2.978433606335211259e+00
6.744376329216414945e-01 2.976049439443780198e+00
6.760171121556499685e-01 2.973663699826787798e+00
6.775965913896584425e-01 2.971276394252569730e+00
6.791760706236669165e-01 2.968887529381369461e+00
6.807555498576753905e-01 2.966497111765811212e+00
6.823350290916838645e-01 2.964105147851432864e+00
6.839145083256923385e-01 2.961711643977176234e+00
6.854939875597008125e-01 2.959316606375915537e+00
6.870734667937092865e-01 2.956920041174977865e+00
6.886529460277177606e-01 2.954521954396676531e+00
6.902324252617262346e-01 2.952122351958838653e+00
6.918119044957355968e-01 2.949721239675356266e+00
6.933913837297440708e-01 2.947318623256731662e+00
6.949708629637525448e-01 2.944914508310626289e+00
6.965503421977610188e-01 2.942508900342421629e+00
6.981298214317694928e-01 2.940101804755788084e+00
6.997093006657779668e-01 2.937693226853252959e+00
7.012887798997864408e-01 2.935283171836769789e+00
7.028682591337949148e-01 2.932871644808310307e+00
7.044477383678033888e-01 2.930458650770445317e+00
7.060272176018118628e-01 2.928044194626937102e+00
7.076066968358203368e-01 2.925628281183336732e+00
7.091861760698288109e-01 2.923210915147584910e+00
7.107656553038372849e-01 2.920792101130624818e+00
7.123451345378457589e-01 2.918371843647009189e+00
7.139246137718542329e-01 2.915950147115518032e+00
7.155040930058627069e-01 2.913527015859787905e+00
7.170835722398711809e-01 2.911102454108927429e+00
7.186630514738805431e-01 2.908676465998162541e+00
7.202425307078890171e-01 2.906249055569465334e+00
7.218220099418974911e-01 2.903820226772193536e+00
7.234014891759059651e-01 2.901389983463744215e+00
7.249809684099144391e-01 2.898958329410198598e+00
7.265604476439229131e-01 2.896525268286981092e+00
7.281399268779313871e-01 2.894090803679512991e+00
7.297194061119398611e-01 2.891654939083880826e+00
7.312988853459483352e-01 2.889217677907506499e+00
7.328783645799568092e-01 2.886779023469810745e+00
7.344578438139652832e-01 2.884338979002901038e+00
7.360373230479737572e-01 2.881897547652240377e+00
7.376168022819822312e-01 2.879454732477340961e+00
7.391962815159907052e-01 2.877010536452444533e+00
7.407757607499991792e-01 2.874564962467223150e+00
7.423552399840076532e-01 2.872118013327466191e+00
7.439347192180170154e-01 2.869669691755784680e+00
7.455141984520254894e-01 2.867220000392315615e+00
7.470936776860339634e-01 2.864768941795425850e+00
7.486731569200424374e-01 2.862316518442421298e+00
7.502526361540509114e-01 2.859862732730265478e+00
7.518321153880593855e-01 2.857407586976291824e+00
7.534115946220678595e-01 2.854951083418926228e+00
7.549910738560763335e-01 2.852493224218410450e+00
7.565705530900848075e-01 2.850034011457528660e+00
7.581500323240932815e-01 2.847573447142336622e+00
7.597295115581017555e-01 2.845111533202897558e+00
7.613089907921102295e-01 2.842648271494012224e+00
7.628884700261187035e-01 2.840183663795961433e+00
7.644679492601271775e-01 2.837717711815250787e+00
7.660474284941356515e-01 2.835250417185346539e+00
7.676269077281441255e-01 2.832781781467430982e+00
7.692063869621525996e-01 2.830311806151145859e+00
7.707858661961619617e-01 2.827840492655347315e+00
7.723653454301704357e-01 2.825367842328863066e+00
7.739448246641789098e-01 2.822893856451243355e+00
7.755243038981873838e-01 2.820418536233524343e+00
7.771037831321958578e-01 2.817941882818990162e+00
7.786832623662043318e-01 2.815463897283933203e+00
7.802627416002128058e-01 2.812984580638427712e+00
7.818422208342212798e-01 2.810503933827085188e+00
7.834217000682297538e-01 2.808021957729840423e+00
7.850011793022382278e-01 2.805538653162708673e+00
7.865806585362467018e-01 2.803054020878569030e+00
7.881601377702551758e-01 2.800568061567938472e+00
7.897396170042636498e-01 2.798080775859746794e+00
7.913190962382721239e-01 2.795592164322118212e+00
7.928985754722805979e-01 2.793102227463151177e+00
7.944780547062890719e-01 2.790610965731701754e+00
7.960575339402984341e-01 2.788118379518161660e+00
7.976370131743069081e-01 2.785624469155258520e+00
7.992164924083153821e-01 2.783129234918825023e+00
8.007959716423238561e-01 2.780632677028594291e+00
8.023754508763323301e-01 2.778134795648993904e+00
8.039549301103408041e-01 2.775635590889927506e+00
8.055344093443492781e-01 2.773135062807571050e+00
8.071138885783577521e-01 2.770633211405165053e+00
8.086933678123662261e-01 2.768130036633807745e+00
8.102728470463747001e-01 2.765625538393247762e+00
8.118523262803831742e-01 2.763119716532680403e+00
8.134318055143916482e-01 2.760612570851545211e+00
8.150112847484001222e-01 2.758104101100316896e+00
8.165907639824085962e-01 2.755594306981313135e+00
8.181702432164170702e-01 2.753083188149479277e+00
8.197497224504255442e-01 2.750570744213198804e+00
8.213292016844340182e-01 2.748056974735082481e+00
8.229086809184433804e-01 2.745541879232771265e+00
8.244881601524518544e-01 2.743025457179742777e+00
8.260676393864603284e-01 2.740507708006098664e+00
8.276471186204688024e-01 2.737988631099371073e+00
8.292265978544772764e-01 2.735468225805324671e+00
8.308060770884857504e-01 2.732946491428753344e+00
8.323855563224942244e-01 2.730423427234282219e+00
8.339650355565026985e-01 2.727899032447163030e+00
8.355445147905111725e-01 2.725373306254086803e+00
8.371239940245196465e-01 2.722846247803966779e+00
8.387034732585281205e-01 2.720317856208753771e+00
8.402829524925365945e-01 2.717788130544222636e+00
8.418624317265450685e-01 2.715257069850783633e+00
8.434419109605535425e-01 2.712724673134270237e+00
8.450213901945620165e-01 2.710190939366744267e+00
8.466008694285704905e-01 2.707655867487289925e+00
8.481803486625798527e-01 2.705119456402812261e+00
8.497598278965883267e-01 2.702581704988836986e+00
8.513393071305968007e-01 2.700042612090302274e+00
8.529187863646052747e-01 2.697502176522349693e+00
8.544982655986137488e-01 2.694960397071129332e+00
8.560777448326222228e-01 2.692417272494585401e+00
8.576572240666306968e-01 2.689872801523250256e+00
8.592367033006391708e-01 2.687326982861034885e+00
8.608161825346476448e-01 2.684779815186025154e+00
8.623956617686561188e-01 2.682231297151260740e+00
8.639751410026645928e-01 2.679681427385534054e+00
8.655546202366730668e-01 2.677130204494171384e+00
8.671340994706815408e-01 2.674577627059816720e+00
8.687135787046900148e-01 2.672023693643223563e+00
8.702930579386984888e-01 2.669468402784031191e+00
8.718725371727069628e-01 2.666911753001550256e+00
8.734520164067154369e-01 2.664353742795536828e+00
8.750314956407247990e-01 2.661794370646982433e+00
8.766109748747332731e-01 2.659233635018880104e+00
8.781904541087417471e-01 2.656671534357004205e+00
8.797699333427502211e-01 2.654108067090685363e+00
8.813494125767586951e-01 2.651543231633578301e+00
8.829288918107671691e-01 2.648977026384438105e+00
8.845083710447756431e-01 2.646409449727880503e+00
8.860878502787841171e-01 2.643840500035157692e+00
8.876673295127925911e-01 2.641270175664917730e+00
8.892468087468010651e-01 2.638698474963961260e+00
8.908262879808095391e-01 2.636125396268015564e+00
8.924057672148180131e-01 2.633550937902481071e+00
8.939852464488264872e-01 2.630975098183194749e+00
8.955647256828349612e-01 2.628397875417177065e+00
8.971442049168434352e-01 2.625819267903393150e+00
8.987236841508519092e-01 2.623239273933493987e+00
9.003031633848612714e-01 2.620657891792565142e+00
9.018826426188697454e-01 2.618075119759878167e+00
9.034621218528782194e-01 2.615490956109623788e+00
9.050416010868866934e-01 2.612905399111656202e+00
9.066210803208951674e-01 2.610318447032232037e+00
9.082005595549036414e-01 2.607730098134739105e+00
9.097800387889121154e-01 2.605140350680437589e+00
9.113595180229205894e-01 2.602549202929178573e+00
9.129389972569290634e-01 2.599956653140142571e+00
9.145184764909375374e-01 2.597362699572552280e+00
9.160979557249460115e-01 2.594767340486403562e+00
9.176774349589544855e-01 2.592170574143174200e+00
9.192569141929629595e-01 2.589572398806549103e+00
9.208363934269714335e-01 2.586972812743126848e+00
9.224158726609799075e-01 2.584371814223128450e+00
9.239953518949883815e-01 2.581769401521107898e+00
9.255748311289968555e-01 2.579165572916653382e+00
9.271543103630062177e-01 2.576560326695089831e+00
9.287337895970146917e-01 2.573953661148173033e+00
9.303132688310231657e-01 2.571345574574783299e+00
9.318927480650316397e-01 2.568736065281624015e+00
9.334722272990401137e-01 2.566125131583896657e+00
9.350517065330485877e-01 2.563512771805996238e+00
9.366311857670570618e-01 2.560898984282189428e+00
9.382106650010655358e-01 2.558283767357286020e+00
9.397901442350740098e-01 2.555667119387322384e+00
9.413696234690824838e-01 2.553049038740224930e+00
9.429491027030909578e-01 2.550429523796484688e+00
9.445285819370994318e-01 2.547808572949811001e+00
9.461080611711079058e-01 2.545186184607802993e+00
9.476875404051163798e-01 2.542562357192596156e+00
9.492670196391248538e-01 2.539937089141524051e+00
9.508464988731333278e-01 2.537310378907761788e+00
9.524259781071426900e-01 2.534682224960969066e+00
9.540054573411511640e-01 2.532052625787945654e+00
9.555849365751596380e-01 2.529421579893254446e+00
9.571644158091681120e-01 2.526789085799861390e+00
9.587438950431765861e-01 2.524155142049767431e+00
9.603233742771850601e-01 2.521519747204634232e+00
9.619028535111935341e-01 2.518882899846406342e+00
9.634823327452020081e-01 2.516244598577930258e+00
9.650618119792104821e-01 2.513604842023569041e+00
9.666412912132189561e-01 2.510963628829814720e+00
9.682207704472274301e-01 2.508320957665893136e+00
9.698002496812359041e-01 2.505676827224367909e+00
9.713797289152443781e-01 2.503031236221736844e+00
9.729592081492528521e-01 2.500384183399031457e+00
9.745386873832613261e-01 2.497735667522401393e+00
9.761181666172698002e-01 2.495085687383707729e+00
9.776976458512782742e-01 2.492434241801095407e+00
9.792771250852876364e-01 2.489781329619579875e+00
9.808566043192961104e-01 2.487126949711621293e+00
9.824360835533045844e-01 2.484471100977684532e+00
9.840155627873130584e-01 2.481813782346812047e+00
9.855950420213215324e-01 2.479154992777182542e+00
9.871745212553300064e-01 2.476494731256666970e+00
9.887540004893384804e-01 2.473832996803382311e+00
9.903334797233469544e-01 2.471169788466233808e+00
9.919129589573554284e-01 2.468505105325466964e+00
9.934924381913639024e-01 2.465838946493197792e+00
9.950719174253723764e-01 2.463171311113952378e+00
9.966513966593808505e-01 2.460502198365193571e+00
9.982308758933893245e-01 2.457831607457849010e+00
9.998103551273977985e-01 2.455159537636827594e+00
1.001389834361406272e+00 2.452485988181542620e+00
1.002969313595414746e+00 2.449810958406415384e+00
1.004548792829424109e+00 2.447134447661384993e+00
1.006128272063432583e+00 2.444456455332417733e+00
1.007707751297441057e+00 2.441776980841992906e+00
1.009287230531449531e+00 2.439096023649601985e+00
1.010866709765458005e+00 2.436413583252238890e+00
1.012446188999466479e+00 2.433729659184880489e+00
1.014025668233474953e+00 2.431044251020964886e+00
1.015605147467483427e+00 2.428357358372867481e+00
1.017184626701491901e+00 2.425668980892373039e+00
1.018764105935500375e+00 2.422979118271133547e+00
1.020343585169508849e+00 2.420287770241134950e+00
1.021923064403517323e+00 2.417594936575148346e+00
1.023502543637525797e+00 2.414900617087180290e+00
1.025082022871534271e+00 2.412204811632920887e+00
1.026661502105542745e+00 2.409507520110182544e+00
1.028240981339551219e+00 2.406808742459336514e+00
1.029820460573559693e+00 2.404108478663742332e+00
1.031399939807569055e+00 2.401406728750174580e+00
1.032979419041577529e+00 2.398703492789249658e+00
1.034558898275586003e+00 2.395998770895829466e+00
1.036138377509594477e+00 2.393292563229445502e+00
1.037717856743602951e+00 2.390584869994696771e+00
1.039297335977611425e+00 2.387875691441656123e+00
1.040876815211619899e+00 2.385165027866265053e+00
1.042456294445628373e+00 2.382452879610724938e+00
1.044035773679636847e+00 2.379739247063883845e+00
1.045615252913645321e+00 2.377024130661617107e+00
1.047194732147653795e+00 2.374307530887207918e+00
1.048774211381662269e+00 2.371589448271713696e+00
1.050353690615670743e+00 2.368869883394336906e+00
1.051933169849679217e+00 2.366148836882782991e+00
1.053512649083687691e+00 2.363426309413620530e+00
1.055092128317696165e+00 2.360702301712630735e+00
1.056671607551705527e+00 2.357976814555151179e+00
1.058251086785714001e+00 2.355249848766427512e+00
1.059830566019722475e+00 2.352521405221938533e+00
1.061410045253730949e+00 2.349791484847730150e+00
1.062989524487739423e+00 2.347060088620746221e+00
1.064569003721747897e+00 2.344327217569146082e+00
1.066148482955756371e+00 2.341592872772624290e+00
1.067727962189764845e+00 2.338857055362715265e+00
1.069307441423773319e+00 2.336119766523105490e+00
1.070886920657781793e+00 2.333381007489932379e+00
1.072466399891790267e+00 2.330640779552080932e+00
1.074045879125798741e+00 2.327899084051472833e+00
1.075625358359807215e+00 2.325155922383352891e+00
1.077204837593815689e+00 2.322411295996571035e+00
1.078784316827824163e+00 2.319665206393858092e+00
1.080363796061832637e+00 2.316917655132093579e+00
1.081943275295841111e+00 2.314168643822571259e+00
1.083522754529850474e+00 2.311418174131265602e+00
1.085102233763858948e+00 2.308666247779080916e+00
1.086681712997867422e+00 2.305912866542101813e+00
1.088261192231875896e+00 2.303158032251840126e+00
1.089840671465884370e+00 2.300401746795476488e+00
1.091420150699892844e+00 2.297644012116091705e+00
1.092999629933901318e+00 2.294884830212898574e+00
1.094579109167909792e+00 2.292124203141467031e+00
1.096158588401918266e+00 2.289362133013944423e+00
1.097738067635926740e+00 2.286598621999267777e+00
1.099317546869935214e+00 2.283833672323376085e+00
1.100897026103943688e+00 2.281067286269413241e+00
1.102476505337952162e+00 2.278299466177929666e+00
1.104055984571960636e+00 2.275530214447075039e+00
1.105635463805969110e+00 2.272759533532785703e+00
1.107214943039977584e+00 2.269987425948974735e+00
1.108794422273986946e+00 2.267213894267704699e+00
1.110373901507995420e+00 2.264438941119373716e+00
1.111953380742003894e+00 2.261662569192868233e+00
1.113532859976012368e+00 2.258884781235738437e+00
1.115112339210020842e+00 2.256105580054357240e+00
1.116691818444029316e+00 2.253324968514071269e+00
1.118271297678037790e+00 2.250542949539351856e+00
1.119850776912046264e+00 2.247759526113939366e+00
1.121430256146054738e+00 2.244974701280983531e+00
1.123009735380063212e+00 2.242188478143176233e+00
1.124589214614071686e+00 2.239400859862883841e+00
1.126168693848080160e+00 2.236611849662267559e+00
1.127748173082088634e+00 2.233821450823408661e+00
1.129327652316097108e+00 2.231029666688419510e+00
1.130907131550105582e+00 2.228236500659553698e+00
1.132486610784114056e+00 2.225441956199313065e+00
1.134066090018122530e+00 2.222646036830545402e+00
1.135645569252131892e+00 2.219848746136543483e+00
1.137225048486140366e+00 2.217050087761131660e+00
1.138804527720148840e+00 2.214250065408752910e+00
1.140384006954157314e+00 2.211448682844550540e+00
1.141963486188165788e+00 2.208645943894441910e+00
1.143542965422174262e+00 2.205841852445193041e+00
1.145122444656182736e+00 2.203036412444481673e+00
1.146701923890191210e+00 2.200229627900959883e+00
1.148281403124199684e+00 2.197421502884313149e+00
1.149860882358208158e+00 2.194612041525308754e+00
1.151440361592216632e+00 2.191801248015845083e+00
1.153019840826225106e+00 2.188989126608996472e+00
1.154599320060233580e+00 2.186175681619046074e+00
1.156178799294242054e+00 2.183360917421524050e+00
1.157758278528250528e+00 2.180544838453232881e+00
1.159337757762259002e+00 2.177727449212273569e+00
1.160917236996268365e+00 2.174908754258059851e+00
1.162496716230276839e+00 2.172088758211346615e+00
1.164076195464285313e+00 2.169267465754221025e+00
1.165655674698293787e+00 2.166444881630121166e+00
1.167235153932302261e+00 2.163621010643833387e+00
1.168814633166310735e+00 2.160795857661488295e+00
1.170394112400319209e+00 2.157969427610551438e+00
1.171973591634327683e+00 2.155141725479814863e+00
1.173553070868336157e+00 2.152312756319375353e+00
1.175132550102344631e+00 2.149482525240616670e+00
1.176712029336353105e+00 2.146651037416179797e+00
1.178291508570361579e+00 2.143818298079934515e+00
1.179870987804370053e+00 2.140984312526946098e+00
1.181450467038378527e+00 2.138149086113432240e+00
1.183029946272387001e+00 2.135312624256722636e+00
1.184609425506395475e+00 2.132474932435208803e+00
1.186188904740403949e+00 2.129636016188292569e+00
1.187768383974413311e+00 2.126795881116329667e+00
1.189347863208421785e+00 2.123954532880572010e+00
1.190927342442430259e+00 2.121111977203093524e+00
1.192506821676438733e+00 2.118268219866730195e+00
1.194086300910447207e+00 2.115423266714999695e+00
1.195665780144455681e+00 2.112577123652028988e+00
1.197245259378464155e+00 2.109729796642465960e+00
1.198824738612472629e+00 2.106881291711399484e+00
1.200404217846481103e+00 2.104031614944266160e+00
1.201983697080489577e+00 2.101180772486754833e+00
1.203563176314498051e+00 2.098328770544708455e+00
1.205142655548506525e+00 2.095475615384023271e+00
1.206722134782514999e+00 2.092621313330541799e+00
1.208301614016523473e+00 2.089765870769938694e+00
1.209881093250531947e+00 2.086909294147610172e+00
1.211460572484540421e+00 2.084051589968553220e+00
1.213040051718548895e+00 2.081192764797242578e+00
1.214619530952558257e+00 2.078332825257506400e+00
1.216199010186566731e+00 2.075471778032395687e+00
1.217778489420575205e+00 2.072609629864046177e+00
1.219357968654583679e+00 2.069746387553542011e+00
1.220937447888592153e+00 2.066882057960777619e+00
1.222516927122600627e+00 2.064016648004307619e+00
1.224096406356609101e+00 2.061150164661194495e+00
1.225675885590617575e+00 2.058282614966864266e+00
1.227255364824626049e+00 2.055414006014942618e+00
1.228834844058634523e+00 2.052544344957094147e+00
1.230414323292642997e+00 2.049673639002860703e+00
1.231993802526651471e+00 2.046801895419491757e+00
1.233573281760659945e+00 2.043929121531775195e+00
1.235152760994668419e+00 2.041055324721855690e+00
1.236732240228676893e+00 2.038180512429065061e+00
1.238311719462685367e+00 2.035304692149730865e+00
1.239891198696694730e+00 2.032427871436995659e+00
1.241470677930703204e+00 2.029550057900630033e+00
1.243050157164711678e+00 2.026671259206830999e+00
1.244629636398720152e+00 2.023791483078035025e+00
1.246209115632728626e+00 2.020910737292712867e+00
1.247788594866737100e+00 2.018029029685166620e+00
1.249368074100745574e+00 2.015146368145326772e+00
1.250947553334754048e+00 2.012262760618539481e+00
1.252527032568762522e+00 2.009378215105355636e+00
1.254106511802770996e+00 2.006492739661312363e+00
1.255685991036779470e+00 2.003606342396714979e+00
1.257265470270787944e+00 2.000719031476414056e+00
1.258844949504796418e+00 1.997830815119579828e+00
1.260424428738804892e+00 1.994941701599471706e+00
1.262003907972813366e+00 1.992051699243208684e+00
1.263583387206821840e+00 1.989160816431530865e+00
1.265162866440830314e+00 1.986269061598563868e+00
1.266742345674839676e+00 1.983376443231576802e+00
1.268321824908848150e+00 1.980482969870737797e+00
1.269901304142856624e+00 1.977588650108865753e+00
1.271480783376865098e+00 1.974693492591180100e+00
1.273060262610873572e+00 1.971797506015050327e+00
1.274639741844882046e+00 1.968900699129735532e+00
1.276219221078890520e+00 1.966003080736128616e+00
1.277798700312898994e+00 1.963104659686494724e+00
1.279378179546907468e+00 1.960205444884204340e+00
1.280957658780915942e+00 1.957305445283466838e+00
1.282537138014924416e+00 1.954404669889062252e+00
1.284116617248932890e+00 1.951503127756064826e+00
1.285696096482941364e+00 1.948600827989571904e+00
1.287275575716949838e+00 1.945697779744421929e+00
1.288855054950958312e+00 1.942793992224914668e+00
1.290434534184966786e+00 1.939889474684530324e+00
1.292014013418976148e+00 1.936984236425637995e+00
1.293593492652984622e+00 1.934078286799216784e+00
1.295172971886993096e+00 1.931171635204553816e+00
1.296752451121001570e+00 1.928264291088957583e+00
1.298331930355010044e+00 1.925356263947460400e+00
1.299911409589018518e+00 1.922447563322518649e+00
1.301490888823026992e+00 1.919538198803715456e+00
1.303070368057035466e+00 1.916628180027453610e+00
1.304649847291043940e+00 1.913717516676653796e+00
1.306229326525052414e+00 1.910806218480444851e+00
1.307808805759060888e+00 1.907894295213853120e+00
1.309388284993069362e+00 1.904981756697492479e+00
1.310967764227077836e+00 1.902068612797249259e+00
1.312547243461086310e+00 1.899154873423964496e+00
1.314126722695094784e+00 1.896240548533117298e+00
1.315706201929103258e+00 1.893325648124499994e+00
1.317285681163111732e+00 1.890410182241901271e+00
1.318865160397121095e+00 1.887494160972775337e+00
1.320444639631129569e+00 1.884577594447922166e+00
1.322024118865138043e+00 1.881660492841148891e+00
1.323603598099146517e+00 1.878742866368946496e+00
1.325183077333154991e+00 1.875824725290155204e+00
1.326762556567163465e+00 1.872906079905626520e+00
1.328342035801171939e+00 1.869986940557890609e+00
1.329921515035180413e+00 1.867067317630817680e+00
1.331500994269188887e+00 1.864147221549274036e+00
1.333080473503197361e+00 1.861226662778783680e+00
1.334659952737205835e+00 1.858305651825182814e+00
1.336239431971214309e+00 1.855384199234274778e+00
1.337818911205222783e+00 1.852462315591482778e+00
1.339398390439231257e+00 1.849540011521502381e+00
1.340977869673239731e+00 1.846617297687945358e+00
1.342557348907248205e+00 1.843694184792997515e+00
1.344136828141257567e+00 1.840770683577053424e+00
1.345716307375266041e+00 1.837846804818373148e+00
1.347295786609274515e+00 1.834922559332716308e+00
1.348875265843282989e+00 1.831997957972986590e+00
1.350454745077291463e+00 1.829073011628874479e+00
1.352034224311299937e+00 1.826147731226491766e+00
1.353613703545308411e+00 1.823222127728012731e+00
1.355193182779316885e+00 1.820296212131310654e+00
1.356772662013325359e+00 1.817369995469589217e+00
1.358352141247333833e+00 1.814443488811019023e+00
1.359931620481342307e+00 1.811516703258367667e+00
1.361511099715350781e+00 1.808589649948633804e+00
1.363090578949359255e+00 1.805662340052673009e+00
1.364670058183367729e+00 1.802734784774830512e+00
1.366249537417376203e+00 1.799806995352563721e+00
1.367829016651384677e+00 1.796878983056073631e+00
1.369408495885393151e+00 1.793950759187928234e+00
1.370987975119402513e+00 1.791022335082683270e+00
1.372567454353410987e+00 1.788093722106513406e+00
1.374146933587419461e+00 1.785164931656825438e+00
1.375726412821427935e+00 1.782235975161883035e+00
1.377305892055436409e+00 1.779306864080430373e+00
1.378885371289444883e+00 1.776377609901305110e+00
1.380464850523453357e+00 1.773448224143061580e+00
1.382044329757461831e+00 1.770518718353586429e+00
1.383623808991470305e+00 1.767589104109714926e+00
1.385203288225478779e+00 1.764659393016847710e+00
1.386782767459487253e+00 1.761729596708564660e+00
1.388362246693495727e+00 1.758799726846241640e+00
1.389941725927504201e+00 1.755869795118661481e+00
1.391521205161512675e+00 1.752939813241628064e+00
1.393100684395521149e+00 1.750009792957576416e+00
1.394680163629529623e+00 1.747079746035190562e+00
1.396259642863538986e+00 1.744149684269004741e+00
1.397839122097547460e+00 1.741219619479024372e+00
1.399418601331555934e+00 1.738289563510327262e+00
1.400998080565564408e+00 1.735359528232677695e+00
1.402577559799572882e+00 1.732429525540132964e+00
1.404157039033581356e+00 1.729499567350651912e+00
1.405736518267589830e+00 1.726569665605705239e+00
1.407315997501598304e+00 1.723639832269879824e+00
1.408895476735606778e+00 1.720710079330487474e+00
1.410474955969615252e+00 1.717780418797170583e+00
1.412054435203623726e+00 1.714850862701508216e+00
1.413633914437632200e+00 1.711921423096625317e+00
1.415213393671640674e+00 1.708992112056792578e+00
1.416792872905649148e+00 1.706062941677039202e+00
1.418372352139657622e+00 1.703133924072749883e+00
1.419951831373666096e+00 1.700205071379275568e+00
1.421531310607674570e+00 1.697276395751537992e+00
1.423110789841683932e+00 1.694347909363631333e+00
1.424690269075692406e+00 1.691419624408430300e+00
1.426269748309700880e+00 1.688491553097190234e+00
1.427849227543709354e+00 1.685563707659155641e+00
1.429428706777717828e+00 1.682636100341161622e+00
1.431008186011726302e+00 1.679708743407239080e+00
1.432587665245734776e+00 1.676781649138218810e+00
1.434167144479743250e+00 1.673854829831336044e+00
1.435746623713751724e+00 1.670928297799835205e+00
1.437326102947760198e+00 1.668002065372571785e+00
1.438905582181768672e+00 1.665076144893618659e+00
1.440485061415777146e+00 1.662150548721872623e+00
1.442064540649785620e+00 1.659225289230654266e+00
1.443644019883794094e+00 1.656300378807316509e+00
1.445223499117802568e+00 1.653375829852846923e+00
1.446802978351811042e+00 1.650451654781477151e+00
1.448382457585820404e+00 1.647527866020282117e+00
1.449961936819828878e+00 1.644604476008793892e+00
1.451541416053837352e+00 1.641681497198598905e+00
1.453120895287845826e+00 1.638758942052950252e+00
1.454700374521854300e+00 1.635836823046372457e+00
1.456279853755862774e+00 1.632915152664266456e+00
1.457859332989871248e+00 1.629993943402521905e+00
1.459438812223879722e+00 1.627073207767119056e+00
1.461018291457888196e+00 1.624152958273741953e+00
1.462597770691896670e+00 1.621233207447383418e+00
1.464177249925905144e+00 1.618313967821954691e+00
1.465756729159913618e+00 1.615395251939897969e+00
1.467336208393922092e+00 1.612477072351792051e+00
1.468915687627930566e+00 1.609559441615966868e+00
1.470495166861939040e+00 1.606642372298109578e+00
1.472074646095947514e+00 1.603725876970881759e+00
1.473654125329955988e+00 1.600809968213529499e+00
1.475233604563965351e+00 1.597894658611494156e+00
1.476813083797973825e+00 1.594979960756029547e+00
1.478392563031982299e+00 1.592065887243813815e+00
1.479972042265990773e+00 1.589152450676563078e+00
1.481551521499999247e+00 1.586239663660650390e+00
1.483131000734007721e+00 1.583327538806718504e+00
1.484710479968016195e+00 1.580416088729300172e+00
1.486289959202024669e+00 1.577505326046432010e+00
1.487869438436033143e+00 1.574595263379277466e+00
1.489448917670041617e+00 1.571685913351741348e+00
1.491028396904050091e+00 1.568777288590093466e+00
1.492607876138058565e+00 1.565869401722588705e+00
1.494187355372067039e+00 1.562962265379087778e+00
1.495766834606075513e+00 1.560055892190681970e+00
1.497346313840083987e+00 1.557150294789310996e+00
1.498925793074092461e+00 1.554245485807396632e+00
1.500505272308101823e+00 1.551341477877459907e+00
1.502084751542110297e+00 1.548438283631752510e+00
1.503664230776118771e+00 1.545535915701882423e+00
1.505243710010127245e+00 1.542634386718439110e+00
1.506823189244135719e+00 1.539733709310628251e+00
1.508402668478144193e+00 1.536833896105897157e+00
1.509982147712152667e+00 1.533934959729569503e+00
1.511561626946161141e+00 1.531036912804476513e+00
1.513141106180169615e+00 1.528139767950589256e+00
1.514720585414178089e+00 1.525243537784654491e+00
1.516300064648186563e+00 1.522348234919828736e+00
1.517879543882195037e+00 1.519453871965318115e+00
1.519459023116203511e+00 1.516560461526012205e+00
1.521038502350211985e+00 1.513668016202126321e+00
1.522617981584220459e+00 1.510776548588838031e+00
1.524197460818228933e+00 1.507886071275932105e+00
1.525776940052237407e+00 1.504996596847442358e+00
1.527356419286246769e+00 1.502108137881292826e+00
1.528935898520255243e+00 1.499220706948946269e+00
1.530515377754262829e+00 1.496334316615049786e+00
1.532094856988271303e+00 1.493448979437074664e+00
1.533674336222279777e+00 1.490564707964977975e+00
1.535253815456288251e+00 1.487681514740844646e+00
1.536833294690296725e+00 1.484799412298538179e+00
1.538412773924305199e+00 1.481918413163358483e+00
1.539992253158315449e+00 1.479038529851687045e+00
1.541571732392323923e+00 1.476159774870659191e+00
1.543151211626332397e+00 1.473282160717797717e+00
1.544730690860340871e+00 1.470405699880689587e+00
1.546310170094349346e+00 1.467530404836634439e+00
1.547889649328357820e+00 1.464656288052310407e+00
1.549469128562366294e+00 1.461783361983437945e+00
1.551048607796374768e+00 1.458911639074438327e+00
1.552628087030383242e+00 1.456041131758102347e+00
1.554207566264391716e+00 1.453171852455254154e+00
1.555787045498400190e+00 1.450303813574423284e+00
1.557366524732408664e+00 1.447437027511510932e+00
1.558946003966417138e+00 1.444571506649461323e+00
1.560525483200425612e+00 1.441707263357934199e+00
1.562104962434434086e+00 1.438844309992980852e+00
1.563684441668442560e+00 1.435982658896715947e+00
1.565263920902451034e+00 1.433122322396998438e+00
1.566843400136459508e+00 1.430263312807106946e+00
1.568422879370467982e+00 1.427405642425420673e+00
1.570002358604476456e+00 1.424549323535104106e+00
1.571581837838484930e+00 1.421694368403785047e+00
1.573161317072493404e+00 1.418840789283244197e+00
1.574740796306501878e+00 1.415988598409098076e+00
1.576320275540510352e+00 1.413137808000488604e+00
1.577899754774518826e+00 1.410288430259775128e+00
1.579479234008527300e+00 1.407440477372220888e+00
1.581058713242535774e+00 1.404593961505690602e+00
1.582638192476544248e+00 1.401748894810339374e+00
1.584217671710552722e+00 1.398905289418316933e+00
1.585797150944561196e+00 1.396063157443458103e+00
1.587376630178569670e+00 1.393222510980987039e+00
1.588956109412578144e+00 1.390383362107215914e+00
1.590535588646586618e+00 1.387545722879249155e+00
1.592115067880596868e+00 1.384709605334684568e+00
1.593694547114605342e+00 1.381875021491333344e+00
1.595274026348613816e+00 1.379041983346907196e+00
1.596853505582622290e+00 1.376210502878743025e+00
1.598432984816630764e+00 1.373380592043508264e+00
1.600012464050639238e+00 1.370552262776917329e+00
1.601591943284647712e+00 1.367725526993447405e+00
1.603171422518656186e+00 1.364900396586050446e+00
1.604750901752664660e+00 1.362076883425876295e+00
1.606330380986673134e+00 1.359254999361989569e+00
1.607909860220681608e+00 1.356434756221096327e+00
1.609489339454690082e+00 1.353616165807263183e+00
1.611068818688698556e+00 1.350799239901646631e+00
1.612648297922707030e+00 1.347983990262216825e+00
1.614227777156715504e+00 1.345170428623491121e+00
1.615807256390723978e+00 1.342358566696262745e+00
1.617386735624732452e+00 1.339548416167333222e+00
1.618966214858740926e+00 1.336739988699249260e+00
1.620545694092749400e+00 1.333933295930036067e+00
1.622125173326757874e+00 1.331128349472940675e+00
1.623704652560766348e+00 1.328325160916166814e+00
1.625284131794774822e+00 1.325523741822622004e+00
1.626863611028783296e+00 1.322724103729655987e+00
1.628443090262791770e+00 1.319926258148811815e+00
1.630022569496800244e+00 1.317130216565570722e+00
1.631602048730808718e+00 1.314335990439102320e+00
1.633181527964817192e+00 1.311543591202017245e+00
1.634761007198825666e+00 1.308753030260114691e+00
1.636340486432834140e+00 1.305964318992147266e+00
1.637919965666842614e+00 1.303177468749569856e+00
1.639499444900851088e+00 1.300392490856302707e+00
1.641078924134859562e+00 1.297609396608489618e+00
1.642658403368868036e+00 1.294828197274263681e+00
1.644237882602878287e+00 1.292048904093505479e+00
1.645817361836886761e+00 1.289271528277625478e+00
1.647396841070895235e+00 1.286496081009309567e+00
1.648976320304903709e+00 1.283722573442307446e+00
1.650555799538912183e+00 1.280951016701194600e+00
1.652135278772920657e+00 1.278181421881152691e+00
1.653714758006929131e+00 1.275413800047743962e+00
1.655294237240937605e+00 1.272648162236686753e+00
1.656873716474946079e+00 1.269884519453638561e+00
1.658453195708954553e+00 1.267122882673973772e+00
1.660032674942963027e+00 1.264363262842573610e+00
1.661612154176971501e+00 1.261605670873605645e+00
1.663191633410979975e+00 1.258850117650315070e+00
1.664771112644988449e+00 1.256096614024812874e+00
1.666350591878996923e+00 1.253345170817867338e+00
1.667930071113005397e+00 1.250595798818697979e+00
1.669509550347013871e+00 1.247848508784769050e+00
1.671089029581022345e+00 1.245103311441591476e+00
1.672668508815030819e+00 1.242360217482514795e+00
1.674247988049039293e+00 1.239619237568534871e+00
1.675827467283047767e+00 1.236880382328093386e+00
1.677406946517056241e+00 1.234143662356883997e+00
1.678986425751064715e+00 1.231409088217658709e+00
1.680565904985073189e+00 1.228676670440037366e+00
1.682145384219081663e+00 1.225946419520317798e+00
1.683724863453090137e+00 1.223218345921290640e+00
1.685304342687098611e+00 1.220492460072051255e+00
1.686883821921107085e+00 1.217768772367815222e+00
1.688463301155115559e+00 1.215047293169741582e+00
1.690042780389124033e+00 1.212328032804752098e+00
1.691622259623132507e+00 1.209611001565350286e+00
1.693201738857140981e+00 1.206896209709448220e+00
1.694781218091149455e+00 1.204183667460192897e+00
1.696360697325159705e+00 1.201473385005791927e+00
1.697940176559168179e+00 1.198765372499355220e+00
1.699519655793176653e+00 1.196059640058708018e+00
1.701099135027185127e+00 1.193356197766238580e+00
1.702678614261193601e+00 1.190655055668729201e+00
1.704258093495202075e+00 1.187956223777197229e+00
1.705837572729210549e+00 1.185259712066731863e+00
1.707417051963219023e+00 1.182565530476338944e+00
1.708996531197227498e+00 1.179873688908781304e+00
1.710576010431235972e+00 1.177184197230425555e+00
1.712155489665244446e+00 1.174497065271090879e+00
1.713734968899252920e+00 1.171812302823899588e+00
1.715314448133261394e+00 1.169129919645124138e+00
1.716893927367269868e+00 1.166449925454043690e+00
1.718473406601278342e+00 1.163772329932798000e+00
1.720052885835286816e+00 1.161097142726247755e+00
1.721632365069295290e+00 1.158424373441828914e+00
1.723211844303303764e+00 1.155754031649415481e+00
1.724791323537312238e+00 1.153086126881183393e+00
1.726370802771320712e+00 1.150420668631474186e+00
1.727950282005329186e+00 1.147757666356663764e+00
1.729529761239337660e+00 1.145097129475027620e+00
1.731109240473346134e+00 1.142439067366610939e+00
1.732688719707354608e+00 1.139783489373106473e+00
1.734268198941363082e+00 1.137130404797723759e+00
1.735847678175371556e+00 1.134479822905066992e+00
1.737427157409380030e+00 1.131831752921009127e+00
1.739006636643388504e+00 1.129186204032579965e+00
1.740586115877396978e+00 1.126543185387841373e+00
1.742165595111405452e+00 1.123902706095771364e+00
1.743745074345413926e+00 1.121264775226151311e+00
1.745324553579422400e+00 1.118629401809454027e+00
1.746904032813430874e+00 1.115996594836730083e+00
1.748483512047441124e+00 1.113366363259497449e+00
1.750062991281449598e+00 1.110738715989645797e+00
1.751642470515458072e+00 1.108113661899315705e+00
1.753221949749466546e+00 1.105491209820804066e+00
1.754801428983475020e+00 1.102871368546456843e+00
1.756380908217483494e+00 1.100254146828579138e+00
1.757960387451491968e+00 1.097639553379326394e+00
1.759539866685500442e+00 1.095027596870615128e+00
1.761119345919508916e+00 1.092418285934025235e+00
1.762698825153517390e+00 1.089811629160707840e+00
1.764278304387525864e+00 1.087207635101296699e+00
1.765857783621534338e+00 1.084606312265817163e+00
1.767437262855542812e+00 1.082007669123599136e+00
1.769016742089551286e+00 1.079411714103193365e+00
1.770596221323559760e+00 1.076818455592285728e+00
1.772175700557568234e+00 1.074227901937617080e+00
1.773755179791576708e+00 1.071640061444901537e+00
1.775334659025585182e+00 1.069054942378751871e+00
1.776914138259593656e+00 1.066472552962597575e+00
1.778493617493602130e+00 1.063892901378614475e+00
1.780073096727610604e+00 1.061315995767650566e+00
1.781652575961619078e+00 1.058741844229154294e+00
1.783232055195627552e+00 1.056170454821104610e+00
1.784811534429636026e+00 1.053601835559945021e+00
1.786391013663644500e+00 1.051035994420514985e+00
1.787970492897652974e+00 1.048472939335991061e+00
1.789549972131661448e+00 1.045912678197814527e+00
1.791129451365669922e+00 1.043355218855640310e+00
1.792708930599678396e+00 1.040800569117272811e+00
1.794288409833686870e+00 1.038248736748610401e+00
1.795867889067695344e+00 1.035699729473587460e+00
1.797447368301703818e+00 1.033153554974121757e+00
1.799026847535712292e+00 1.030610220890061601e+00
1.800606326769722543e+00 1.028069734819134329e+00
1.802185806003731017e+00 1.025532104316904558e+00
1.803765285237739491e+00 1.022997336896712683e+00
1.805344764471747965e+00 1.020465440029639792e+00
1.806924243705756439e+00 1.017936421144460368e+00
1.808503722939764913e+00 1.015410287627600106e+00
1.810083202173773387e+00 1.012887046823094384e+00
1.811662681407781861e+00 1.010366706032551631e+00
1.813242160641790335e+00 1.007849272515112693e+00
1.814821639875798809e+00 1.005334753487413302e+00
1.816401119109807283e+00 1.002823156123554771e+00
1.817980598343815757e+00 1.000314487555070242e+00
1.819560077577824231e+00 9.978087548708888255e-01
1.821139556811832705e+00 9.953059651173105093e-01
1.822719036045841179e+00 9.928061252979755169e-01
1.824298515279849653e+00 9.903092423738415473e-01
1.825877994513858127e+00 9.878153232631539105e-01
1.827457473747866601e+00 9.853243748414253211e-01
1.829036952981875075e+00 9.828364039414132503e-01
1.830616432215883549e+00 9.803514173530993858e-01
1.832195911449892023e+00 9.778694218236729796e-01
1.833775390683900497e+00 9.753904240575107520e-01
1.835354869917908971e+00 9.729144307161599059e-01
1.836934349151917445e+00 9.704414484183307987e-01
1.838513828385925919e+00 9.679714837398772920e-01
1.840093307619934393e+00 9.655045432137886463e-01
1.841672786853942867e+00 9.630406333301790855e-01
1.843252266087951341e+00 9.605797605362800251e-01
1.844831745321959815e+00 9.581219312364330776e-01
1.846411224555968289e+00 9.556671517920846126e-01
1.847990703789976763e+00 9.532154285217819822e-01
1.849570183023985237e+00 9.507667677011728546e-01
1.851149662257993711e+00 9.483211755630001072e-01
1.852729141492003961e+00 9.458786582971042689e-01
1.854308620726012435e+00 9.434392220504324023e-01
1.855888099960020909e+00 9.410028729270295544e-01
1.857467579194029383e+00 9.385696169880506368e-01
1.859047058428037857e+00 9.361394602517620900e-01
1.860626537662046331e+00 9.337124086935575384e-01
1.862206016896054805e+00 9.312884682459582342e-01
1.863785496130063279e+00 9.288676447986277118e-01
1.865364975364071753e+00 9.264499441983822248e-01
1.866944454598080227e+00 9.240353722492040678e-01
1.868523933832088701e+00 9.216239347122561210e-01
1.870103413066097175e+00 9.192156373058970598e-01
1.871682892300105649e+00 9.168104857056987855e-01
1.873262371534114124e+00 9.144084855444660764e-01
1.874841850768122598e+00 9.120096424122534629e-01
1.876421330002131072e+00 9.096139618563886531e-01
1.878000809236139546e+00 9.072214493814936276e-01
1.879580288470148020e+00 9.048321104495100631e-01
1.881159767704156494e+00 9.024459504797216480e-01
1.882739246938164968e+00 9.000629748487826154e-01
1.884318726172173442e+00 8.976831888907432777e-01
1.885898205406181916e+00 8.953065978970805583e-01
1.887477684640190390e+00 8.929332071167269680e-01
1.889057163874198864e+00 8.905630217561022466e-01
1.890636643108207338e+00 8.881960469791445600e-01
1.892216122342215812e+00 8.858322879073492473e-01
1.893795601576224286e+00 8.834717496197946884e-01
1.895375080810232760e+00 8.811144371531869357e-01
1.896954560044241234e+00 8.787603555018921320e-01
1.898534039278249708e+00 8.764095096179798094e-01
1.900113518512258182e+00 8.740619044112567515e-01
1.901692997746266656e+00 8.717175447493111795e-01
1.903272476980275130e+00 8.693764354575547193e-01
1.904851956214285380e+00 8.670385813192645896e-01
1.906431435448293854e+00 8.647039870756345614e-01
1.908010914682302328e+00 8.623726574258077093e-01
1.909590393916310802e+00 8.600445970269332552e-01
1.911169873150319276e+00 8.577198104942111989e-01
1.912749352384327750e+00 8.553983024009412794e-01
1.914328831618336224e+00 8.530800772785731567e-01
1.915908310852344698e+00 8.507651396167597024e-01
1.917487790086353172e+00 8.484534938634060719e-01
1.919067269320361646e+00 8.461451444247225506e-01
1.920646748554370120e+00 8.438400956652827301e-01
1.922226227788378594e+00 8.415383519080782415e-01
1.923805707022387068e+00 8.392399174345724910e-01
1.925385186256395542e+00 8.369447964847602783e-01
1.926964665490404016e+00 8.346529932572259725e-01
1.928544144724412490e+00 8.323645119092055733e-01
1.930123623958420964e+00 8.300793565566435550e-01
1.931703103192429438e+00 8.277975312742564817e-01
1.933282582426437912e+00 8.255190400955960683e-01
1.934862061660446386e+00 8.232438870131142394e-01
1.936441540894454860e+00 8.209720759782253019e-01
1.938021020128463334e+00 8.187036109013730023e-01
1.939600499362471808e+00 8.164384956520953640e-01
1.941179978596480282e+00 8.141767340590981838e-01
1.942759457830488756e+00 8.119183299103169826e-01
1.944338937064497230e+00 8.096632869529903909e-01
1.945918416298505704e+00 8.074116088937295377e-01
1.947497895532514178e+00 8.051632993985901043e-01
1.949077374766522652e+00 8.029183620931445997e-01
1.950656854000531126e+00 8.006768005625558571e-01
1.952236333234539600e+00 7.984386183516503088e-01
1.953815812468548074e+00 7.962038189649963682e-01
1.955395291702556548e+00 7.939724058669761497e-01
1.956974770936566799e+00 7.917443824818630738e-01
1.958554250170575273e+00 7.895197521939079088e-01
1.960133729404583747e+00 7.872985183474052739e-01
1.961713208638592221e+00 7.850806842467804580e-01
1.963292687872600695e+00 7.828662531566656924e-01
1.964872167106609169e+00 7.806552283019887462e-01
1.966451646340617643e+00 7.784476128680475338e-01
1.968031125574626117e+00 7.762434100005963789e-01
1.969610604808634591e+00 7.740426228059301694e-01
1.971190084042643065e+00 7.718452543509672914e-01
1.972769563276651539e+00 7.696513076633366701e-01
1.974349042510660013e+00 7.674607857314632575e-01
1.975928521744668487e+00 7.652736915046546295e-01
1.977508000978676961e+00 7.630900278931910252e-01
1.979087480212685435e+00 7.609097977684102787e-01
1.980666959446693909e+00 7.587330039628000788e-01
1.982246438680702383e+00 7.565596492700861209e-01
1.983825917914710857e+00 7.543897364453259202e-01
1.985405397148719331e+00 7.522232682049966312e-01
1.986984876382727805e+00 7.500602472270898602e-01
1.988564355616736279e+00 7.479006761512040358e-01
1.990143834850744753e+00 7.457445575786381120e-01
1.991723314084753227e+00 7.435918940724861592e-01
1.993302793318761701e+00 7.414426881577326212e-01
1.994882272552770175e+00 7.392969423213471281e-01
1.996461751786778649e+00 7.371546590123854159e-01
1.998041231020787123e+00 7.350158406420785884e-01
1.999620710254795597e+00 7.328804895839384770e-01
2.001200189488804071e+00 7.307486081738524542e-01
2.002779668722812545e+00 7.286201987101852406e-01
2.004359147956821019e+00 7.264952634538757170e-01
2.005938627190829493e+00 7.243738046285390642e-01
2.007518106424837967e+00 7.222558244205672384e-01
2.009097585658848217e+00 7.201413249792313342e-01
2.010677064892856691e+00 7.180303084167890537e-01
2.012256544126865165e+00 7.159227768085760779e-01
2.013836023360873639e+00 7.138187321931186435e-01
2.015415502594882113e+00 7.117181765722355724e-01
2.016994981828890587e+00 7.096211119111428545e-01
2.018574461062899061e+00 7.075275401385585639e-01
2.020153940296907535e+00 7.054374631468109946e-01
2.021733419530916009e+00 7.033508827919430217e-01
2.023312898764924483e+00 7.012678008938169061e-01
2.024892377998932957e+00 6.991882192362277593e-01
2.026471857232941431e+00 6.971121395670090148e-01
2.028051336466949905e+00 6.950395635981391207e-01
2.029630815700958379e+00 6.929704930058528944e-01
2.031210294934966853e+00 6.909049294307504363e-01
2.032789774168975327e+00 6.888428744779098167e-01
2.034369253402983801e+00 6.867843297169938799e-01
2.035948732636992276e+00 6.847292966823637084e-01
2.037528211871000750e+00 6.826777768731902007e-01
2.039107691105009224e+00 6.806297717535679803e-01
2.040687170339017698e+00 6.785852827526245301e-01
2.042266649573026172e+00 6.765443112646366552e-01
2.043846128807034646e+00 6.745068586491400620e-01
2.045425608041043120e+00 6.724729262310502609e-01
2.047005087275051594e+00 6.704425153007708138e-01
2.048584566509060068e+00 6.684156271143105732e-01
2.050164045743068542e+00 6.663922628934002557e-01
2.051743524977077016e+00 6.643724238256061287e-01
2.053323004211085490e+00 6.623561110644484717e-01
2.054902483445093964e+00 6.603433257295165948e-01
2.056481962679102438e+00 6.583340689065866336e-01
2.058061441913110912e+00 6.563283416477402321e-01
2.059640921147119386e+00 6.543261449714800060e-01
2.061220400381129636e+00 6.523274798628467819e-01
2.062799879615138110e+00 6.503323472735494937e-01
2.064379358849146584e+00 6.483407481220663238e-01
2.065958838083155058e+00 6.463526832937773747e-01
2.067538317317163532e+00 6.443681536410770239e-01
2.069117796551172006e+00 6.423871599835017099e-01
2.070697275785180480e+00 6.404097031078436197e-01
2.072276755019188954e+00 6.384357837682740344e-01
2.073856234253197428e+00 6.364654026864651204e-01
2.075435713487205902e+00 6.344985605517103888e-01
2.077015192721214376e+00 6.325352580210469311e-01
2.078594671955222850e+00 6.305754957193776544e-01
2.080174151189231324e+00 6.286192742395926292e-01
2.081753630423239798e+00 6.266665941426948772e-01
2.083333109657248272e+00 6.247174559579196096e-01
2.084912588891256746e+00 6.227718601828596823e-01
2.086492068125265220e+00 6.208298072835880532e-01
2.088071547359273694e+00 6.188912976947846811e-01
2.089651026593282168e+00 6.169563318198562074e-01
2.091230505827290642e+00 6.150249100310634098e-01
2.092809985061299116e+00 6.130970326696452144e-01
2.094389464295307590e+00 6.111727000459433734e-01
2.095968943529316064e+00 6.092519124395278096e-01
2.097548422763324538e+00 6.073346700993221825e-01
2.099127901997333012e+00 6.054209732437286773e-01
2.100707381231341486e+00 6.035108220607573459e-01
2.102286860465349960e+00 6.016042167081457892e-01
2.103866339699358434e+00 5.997011573134906071e-01
2.105445818933366908e+00 5.978016439743747412e-01
2.107025298167375382e+00 5.959056767584895997e-01
2.108604777401383856e+00 5.940132557037651750e-01
2.110184256635392330e+00 5.921243808184968316e-01
2.111763735869400804e+00 5.902390520814712049e-01
2.113343215103411055e+00 5.883572694420953209e-01
2.114922694337419529e+00 5.864790328205277126e-01
2.116502173571428003e+00 5.846043421077969926e-01
2.118081652805436477e+00 5.827331971659374110e-01
2.119661132039444951e+00 5.808655978281148657e-01
2.121240611273453425e+00 5.790015438987552443e-01
2.122820090507461899e+00 5.771410351536729877e-01
2.124399569741470373e+00 5.752840713402017636e-01
2.125979048975478847e+00 5.734306521773175902e-01
2.127558528209487321e+00 5.715807773557739502e-01
2.129138007443495795e+00 5.697344465382275791e-01
2.130717486677504269e+00 5.678916593593695827e-01
2.132296965911512743e+00 5.660524154260523355e-01
2.133876445145521217e+00 5.642167143174203758e-01
2.135455924379529691e+00 5.623845555850387479e-01
2.137035403613538165e+00 5.605559387530257842e-01
2.138614882847546639e+00 5.587308633181791162e-01
2.140194362081555113e+00 5.569093287501064582e-01
2.141773841315563587e+00 5.550913344913562808e-01
2.143353320549572061e+00 5.532768799575485952e-01
2.144932799783580535e+00 5.514659645375026287e-01
2.146512279017589009e+00 5.496585875933690524e-01
2.148091758251597483e+00 5.478547484607568796e-01
2.149671237485605957e+00 5.460544464488696903e-01
2.151250716719614431e+00 5.442576808406301980e-01
2.152830195953622905e+00 5.424644508928133657e-01
2.154409675187631379e+00 5.406747558361759687e-01
2.155989154421639853e+00 5.388885948755874900e-01
2.157568633655648327e+00 5.371059671901605714e-01
2.159148112889656801e+00 5.353268719333810211e-01
2.160727592123665275e+00 5.335513082332385970e-01
2.162307071357673749e+00 5.317792751923590133e-01
2.163886550591682223e+00 5.300107718881320595e-01
2.165466029825692473e+00 5.282457973728404976e-01
2.167045509059700947e+00 5.264843506738030587e-01
2.168624988293709421e+00 5.247264307934853544e-01
2.170204467527717895e+00 5.229720367096450939e-01
2.171783946761726369e+00 5.212211673754574282e-01
2.173363425995734843e+00 5.194738217196481767e-01
2.174942905229743317e+00 5.177299986466208370e-01
2.176522384463751791e+00 5.159896970365902558e-01
2.178101863697760265e+00 5.142529157457105260e-01
2.179681342931768739e+00 5.125196536062096575e-01
2.181260822165777213e+00 5.107899094265160311e-01
2.182840301399785687e+00 5.090636819913888500e-01
2.184419780633794161e+00 5.073409700620520324e-01
2.185999259867802635e+00 5.056217723763229976e-01
2.187578739101811109e+00 5.039060876487414520e-01
2.189158218335819583e+00 5.021939145707015051e-01
2.190737697569828057e+00 5.004852518105807890e-01
2.192317176803836531e+00 4.987800980138729634e-01
2.193896656037845005e+00 4.970784518033146138e-01
2.195476135271853479e+00 4.953803117790177568e-01
2.197055614505861953e+00 4.936856765185967388e-01
2.198635093739870427e+00 4.919945445773042381e-01
2.200214572973878902e+00 4.903069144881545549e-01
2.201794052207887376e+00 4.886227847620568943e-01
2.203373531441895850e+00 4.869421538879440958e-01
2.204953010675904324e+00 4.852650203329036405e-01
2.206532489909912798e+00 4.835913825423046597e-01
2.208111969143921272e+00 4.819212389399294416e-01
2.209691448377929746e+00 4.802545879281014951e-01
2.211270927611938220e+00 4.785914278878156125e-01
2.212850406845946694e+00 4.769317571788670440e-01
2.214429886079955168e+00 4.752755741399797840e-01
2.216009365313963642e+00 4.736228770889353568e-01
2.217588844547973892e+00 4.719736643227017692e-01
2.219168323781982366e+00 4.703279341175676254e-01
2.220747803015990840e+00 4.686856847292574235e-01
2.222327282249999314e+00 4.670469143930739420e-01
2.223906761484007788e+00 4.654116213240181432e-01
2.225486240718016262e+00 4.637798037169206244e-01
2.227065719952024736e+00 4.621514597465683494e-01
2.228645199186033210e+00 4.605265875678344889e-01
2.230224678420041684e+00 4.589051853158034322e-01
2.231804157654050158e+00 4.572872511059000167e-01
2.233383636888058632e+00 4.556727830340167040e-01
2.234963116122067106e+00 4.540617791766408118e-01
2.236542595356075580e+00 4.524542375909815228e-01
2.238122074590084054e+00 4.508501563150973390e-01
2.239701553824092528e+00 4.492495333680218694e-01
2.241281033058101002e+00 4.476523667498926162e-01
2.242860512292109476e+00 4.460586544420744870e-01
2.244439991526117950e+00 4.444683944072881365e-01
2.246019470760126424e+00 4.428815845897362546e-01
2.247598949994134898e+00 4.412982229152279667e-01
2.249178429228143372e+00 4.397183072913061208e-01
2.250757908462151846e+00 4.381418356073721876e-01
2.252337387696160320e+00 4.365688057348112716e-01
2.253916866930168794e+00 4.349992155271198424e-01
2.255496346164177268e+00 4.334330628200269153e-01
2.257075825398185742e+00 4.318703454316216717e-01
2.258655304632194216e+00 4.303110611624765269e-01
2.260234783866202690e+00 4.287552077957746954e-01
2.261814263100211164e+00 4.272027830974289841e-01
2.263393742334219638e+00 4.256537848162111892e-01
2.264973221568228112e+00 4.241082106838725552e-01
2.266552700802236586e+00 4.225660584152705068e-01
2.268132180036245060e+00 4.210273257084886089e-01
2.269711659270255311e+00 4.194920102449595234e-01
2.271291138504263785e+00 4.179601096895976253e-01
2.272870617738272259e+00 4.164316216909055290e-01
2.274450096972280733e+00 4.149065438811088691e-01
2.276029576206289207e+00 4.133848738762746500e-01
2.277609055440297681e+00 4.118666092764349251e-01
2.279188534674306155e+00 4.103517476657062013e-01
2.280768013908314629e+00 4.088402866124127288e-01
2.282347493142323103e+00 4.073322236692075160e-01
2.283926972376331577e+00 4.058275563731950641e-01
2.285506451610340051e+00 4.043262822460504391e-01
2.287085930844348525e+00 4.028283987941386757e-01
2.288665410078356999e+00 4.013339035086391782e-01
2.290244889312365473e+00 3.998427938656644587e-01
2.291824368546373947e+00 3.983550673263781539e-01
2.293403847780382421e+00 3.968707213371174269e-01
2.294983327014390895e+00 3.953897533295104294e-01
2.296562806248399369e+00 3.939121607205979259e-01
2.298142285482407843e+00 3.924379409129504226e-01
2.299721764716416317e+00 3.909670912947853516e-01
2.301301243950424791e+00 3.894996092400914711e-01
2.302880723184433265e+00 3.880354921087404985e-01
2.304460202418441739e+00 3.865747372466092346e-01
2.306039681652450213e+00 3.851173419856951385e-01
2.307619160886458687e+00 3.836633036442351763e-01
2.309198640120467161e+00 3.822126195268232274e-01
2.310778119354475635e+00 3.807652869245251592e-01
2.312357598588484109e+00 3.793213031149971770e-01
2.313937077822492583e+00 3.778806653626016754e-01
2.315516557056501057e+00 3.764433709185232013e-01
2.317096036290509531e+00 3.750094170208848610e-01
2.318675515524518005e+00 3.735788008948632277e-01
2.320254994758526479e+00 3.721515197528037500e-01
2.321834473992536729e+00 3.707275707943358811e-01
2.323413953226545203e+00 3.693069512064917626e-01
2.324993432460553677e+00 3.678896581638101959e-01
2.326572911694562151e+00 3.664756888284627645e-01
2.328152390928570625e+00 3.650650403503598596e-01
2.329731870162579099e+00 3.636577098672678643e-01
2.331311349396587573e+00 3.622536945049209534e-01
2.332890828630596047e+00 3.608529913771361120e-01
2.334470307864604521e+00 3.594555975859229369e-01
2.336049787098612995e+00 3.580615102215981560e-01
2.337629266332621469e+00 3.566707263628978719e-01
2.339208745566629943e+00 3.552832430770879180e-01
2.340788224800638417e+00 3.538990574200769901e-01
2.342367704034646891e+00 3.525181664365268919e-01
2.343947183268655365e+00 3.511405671599641676e-01
2.345526662502663839e+00 3.497662566128911799e-01
2.347106141736672313e+00 3.483952318068946896e-01
2.348685620970680787e+00 3.470274897427577665e-01
2.350265100204689261e+00 3.456630274105688128e-01
2.351844579438697735e+00 3.443018417898311423e-01
2.353424058672706209e+00 3.429439298495721711e-01
2.355003537906714683e+00 3.415892885484521635e-01
2.356583017140723157e+00 3.402379148348721460e-01
2.358162496374731631e+00 3.388898056470851516e-01
2.359741975608740105e+00 3.375449579132994149e-01
2.361321454842748579e+00 3.362033685517900050e-01
2.362900934076757054e+00 3.348650344710033533e-01
2.364480413310765528e+00 3.335299525696678313e-01
2.366059892544774002e+00 3.321981197368949479e-01
2.367639371778782476e+00 3.308695328522909818e-01
2.369218851012790950e+00 3.295441887860612873e-01
2.370798330246799424e+00 3.282220843991146553e-01
2.372377809480807898e+00 3.269032165431703385e-01
2.373957288714818148e+00 3.255875820608608029e-01
2.375536767948826622e+00 3.242751777858441375e-01
2.377116247182835096e+00 3.229660005428964253e-01
2.378695726416843570e+00 3.216600471480246526e-01
2.380275205650852044e+00 3.203573144085680724e-01
2.381854684884860518e+00 3.190577991233024546e-01
2.383434164118868992e+00 3.177614980825419488e-01
2.385013643352877466e+00 3.164684080682424461e-01
2.386593122586885940e+00 3.151785258541042190e-01
2.388172601820894414e+00 3.138918482056757830e-01
2.389752081054902888e+00 3.126083718804518741e-01
2.391331560288911362e+00 3.113280936279791966e-01
2.392911039522919836e+00 3.100510101899541793e-01
2.394490518756928310e+00 3.087771183003278908e-01
2.396069997990936784e+00 3.075064146854025182e-01
2.397649477224945258e+00 3.062388960639335633e-01
2.399228956458953732e+00 3.049745591472297068e-01
2.400808435692962206e+00 3.037134006392532837e-01
2.402387914926970680e+00 3.024554172367182048e-01
2.403967394160979154e+00 3.012006056291871570e-01
2.405546873394987628e+00 2.999489624991756309e-01
2.407126352628996102e+00 2.987004845222449578e-01
2.408705831863004576e+00 2.974551683671026736e-01
2.410285311097013050e+00 2.962130106956998854e-01
2.411864790331021524e+00 2.949740081633273059e-01
2.413444269565029998e+00 2.937381574187150624e-01
2.415023748799038472e+00 2.925054551041261219e-01
2.416603228033046946e+00 2.912758978554544909e-01
2.418182707267055420e+00 2.900494823023202495e-01
2.419762186501063894e+00 2.888262050681656423e-01
2.421341665735072368e+00 2.876060627703506678e-01
2.422921144969080842e+00 2.863890520202470036e-01
2.424500624203089316e+00 2.851751694233332635e-01
2.426080103437097790e+00 2.839644115792904766e-01
2.427659582671108041e+00 2.827567750820916270e-01
2.429239061905116515e+00 2.815522565201034055e-01
2.430818541139124989e+00 2.803508524761705312e-01
2.432398020373133463e+00 2.791525595277132288e-01
2.433977499607141937e+00 2.779573742468202102e-01
2.435556978841150411e+00 2.767652932003385469e-01
2.437136458075158885e+00 2.755763129499688713e-01
2.438715937309167359e+00 2.743904300523536399e-01
2.440295416543175833e+00 2.732076410591699478e-01
2.441874895777184307e+00 2.720279425172205667e-01
2.443454375011192781e+00 2.708513309685241510e-01
2.445033854245201255e+00 2.696778029504054430e-01
2.446613333479209729e+00 2.685073549955854233e-01
2.448192812713218203e+00 2.673399836322697953e-01
2.449772291947226677e+00 2.661756853842411341e-01
2.451351771181235151e+00 2.650144567709437626e-01
2.452931250415243625e+00 2.638562943075748457e-01
2.454510729649252099e+00 2.627011945051722641e-01
2.456090208883260573e+00 2.615491538707018226e-01
2.457669688117269047e+00 2.604001689071452352e-01
2.459249167351277521e+00 2.592542361135876106e-01
2.460828646585285995e+00 2.581113519853028837e-01
2.462408125819294469e+00 2.569715130138429116e-01
2.463987605053302943e+00 2.558347156871209060e-01
2.465567084287311417e+00 2.547009564894984757e-01
2.467146563521319891e+00 2.535702319018711126e-01
2.468726042755328365e+00 2.524425384017547902e-01
2.470305521989336839e+00 2.513178724633667871e-01
2.471885001223345313e+00 2.501962305577135615e-01
2.473464480457353787e+00 2.490776091526755720e-01
2.475043959691362261e+00 2.479620047130877136e-01
2.476623438925370735e+00 2.468494137008250822e-01
2.478202918159379209e+00 2.457398325748860191e-01
2.479782397393389459e+00 2.446332577914725470e-01
2.481361876627397933e+00 2.435296858040791879e-01
2.482941355861406407e+00 2.424291130635663483e-01
2.484520835095414881e+00 2.413315360182477498e-01
2.486100314329423355e+00 2.402369511139715308e-01
2.487679793563431829e+00 2.391453547941989610e-01
2.489259272797440303e+00 2.380567435000872090e-01
2.490838752031448777e+00 2.369711136705690002e-01
2.492418231265457251e+00 2.358884617424342189e-01
2.493997710499465725e+00 2.348087841504057915e-01
2.495577189733474199e+00 2.337320773272236196e-01
2.497156668967482673e+00 2.326583377037219624e-01
2.498736148201491147e+00 2.315875617089066529e-01
2.500315627435499621e+00 2.305197457700359220e-01
2.501895106669508095e+00 2.294548863126968374e-01
2.503474585903516569e+00 2.283929797608836854e-01
2.505054065137525043e+00 2.273340225370762413e-01
2.506633544371533517e+00 2.262780110623154872e-01
2.508213023605541991e+00 2.252249417562796063e-01
2.509792502839550465e+00 2.241748110373643077e-01
2.511371982073558939e+00 2.231276153227543246e-01
2.512951461307567413e+00 2.220833510285019075e-01
2.514530940541575887e+00 2.210420145696014860e-01
2.516110419775584361e+00 2.200036023600645541e-01
2.517689899009592835e+00 2.189681108129961640e-01
2.519269378243601309e+00 2.179355363406659252e-01
2.520848857477609783e+00 2.169058753545854978e-01
2.522428336711618257e+00 2.158791242655810350e-01
2.524007815945626731e+00 2.148552794838655688e-01
2.525587295179635205e+00 2.138343374191145063e-01
2.527166774413643680e+00 2.128162944805369050e-01
2.528746253647652154e+00 2.118011470769471938e-01
2.530325732881660628e+00 2.107888916168405014e-01
2.531905212115670878e+00 2.097795245084591587e-01
2.533484691349679352e+00 2.087730421598721353e-01
2.535064170583687826e+00 2.077694409790371566e-01
2.536643649817696300e+00 2.067687173738779749e-01
2.538223129051704774e+00 2.057708677523520380e-01
2.539802608285713248e+00 2.047758885225216541e-01
2.541382087519721722e+00 2.037837760926245467e-01
2.542961566753730196e+00 2.027945268711415783e-01
2.544541045987738670e+00 2.018081372668676376e-01
2.546120525221747144e+00 2.008246036889793085e-01
2.547700004455755618e+00 1.998439225471050906e-01
2.549279483689764092e+00 1.988660902513917916e-01
2.550858962923772566e+00 1.978911032125736380e-01
2.552438442157781040e+00 1.969189578420398878e-01
2.554017921391789514e+00 1.959496505519022769e-01
2.555597400625797988e+00 1.949831777550608547e-01
2.557176879859806462e+00 1.940195358652723745e-01
2.558756359093814936e+00 1.930587212972150746e-01
2.560335838327823410e+00 1.921007304665560134e-01
2.561915317561831884e+00 1.911455597900160175e-01
2.563494796795840358e+00 1.901932056854352959e-01
2.565074276029848832e+00 1.892436645718389987e-01
2.566653755263857306e+00 1.882969328695018874e-01
2.568233234497865780e+00 1.873530070000118952e-01
2.569812713731874254e+00 1.864118833863352420e-01
2.571392192965882728e+00 1.854735584528799941e-01
2.572971672199891202e+00 1.845380286255607349e-01
2.574551151433899676e+00 1.836052903318589058e-01
2.576130630667908150e+00 1.826753400008885864e-01
2.577710109901916624e+00 1.817481740634587228e-01
2.579289589135925098e+00 1.808237889521343011e-01
2.580869068369933572e+00 1.799021811012987970e-01
2.582448547603942046e+00 1.789833469472160155e-01
2.584028026837952297e+00 1.780672829280908753e-01
2.585607506071960771e+00 1.771539854841335804e-01
2.587186985305969245e+00 1.762434510576153524e-01
2.588766464539977719e+00 1.753356760929323799e-01
2.590345943773986193e+00 1.744306570366654929e-01
2.591925423007994667e+00 1.735283903376391157e-01
2.593504902242003141e+00 1.726288724469816072e-01
2.595084381476011615e+00 1.717320998181842140e-01
2.596663860710020089e+00 1.708380689071610781e-01
2.598243339944028563e+00 1.699467761723055248e-01
2.599822819178037037e+00 1.690582180745504592e-01
2.601402298412045511e+00 1.681723910774269859e-01
2.602981777646053985e+00 1.672892916471200864e-01
2.604561256880062459e+00 1.664089162525269616e-01
2.606140736114070933e+00 1.655312613653150966e-01
2.607720215348079407e+00 1.646563234599777159e-01
2.609299694582087881e+00 1.637840990138927366e-01
2.610879173816096355e+00 1.629145845073756149e-01
2.612458653050104829e+00 1.620477764237375218e-01
2.614038132284113303e+00 1.611836712493417423e-01
2.615617611518121777e+00 1.603222654736577435e-01
2.617197090752130251e+00 1.594635555893160750e-01
2.618776569986138725e+00 1.586075380921648237e-01
2.620356049220147199e+00 1.577542094813221274e-01
2.621935528454155673e+00 1.569035662592329627e-01
2.623515007688164147e+00 1.560556049317204930e-01
2.625094486922172621e+00 1.552103220080410795e-01
2.626673966156181095e+00 1.543677140009384607e-01
2.628253445390189569e+00 1.535277774266951556e-01
2.629832924624198043e+00 1.526905088051864756e-01
2.631412403858206517e+00 1.518559046599322060e-01
2.632991883092214991e+00 1.510239615181515616e-01
2.634571362326223465e+00 1.501946759108104823e-01
2.636150841560233715e+00 1.493680443726763674e-01
2.637730320794242189e+00 1.485440634423718098e-01
2.639309800028250663e+00 1.477227296624202268e-01
2.640889279262259137e+00 1.469040395793002052e-01
2.642468758496267611e+00 1.460879897434959052e-01
2.644048237730276085e+00 1.452745767095465768e-01
2.645627716964284559e+00 1.444637970360976298e-01
2.647207196198293033e+00 1.436556472859487066e-01
2.648786675432301507e+00 1.428501240261057514e-01
2.650366154666309981e+00 1.420472238278273069e-01
2.651945633900318455e+00 1.412469432666755287e-01
2.653525113134326929e+00 1.404492789225640914e-01
2.655104592368335403e+00 1.396542273798074274e-01
2.656684071602343877e+00 1.388617852271669117e-01
2.658263550836352351e+00 1.380719490579014330e-01
2.659843030070360825e+00 1.372847154698126904e-01
2.661422509304369299e+00 1.365000810652934327e-01
2.663001988538377773e+00 1.357180424513751427e-01
2.664581467772386247e+00 1.349385962397740002e-01
2.666160947006394721e+00 1.341617390469372340e-01
2.667740426240403195e+00 1.333874674940896954e-01
2.669319905474411669e+00 1.326157782072815983e-01
2.670899384708420143e+00 1.318466678174309292e-01
2.672478863942428617e+00 1.310801329603709653e-01
2.674058343176437091e+00 1.303161702768962926e-01
2.675637822410445565e+00 1.295547764128053281e-01
2.677217301644454039e+00 1.287959480189476702e-01
2.678796780878462513e+00 1.280396817512663987e-01
2.680376260112470987e+00 1.272859742708430941e-01
2.681955739346479461e+00 1.265348222439430237e-01
2.683535218580487935e+00 1.257862223420561643e-01
2.685114697814496409e+00 1.250401712419434985e-01
2.686694177048504883e+00 1.242966656256776492e-01
2.688273656282515134e+00 1.235557021806868994e-01
2.689853135516523608e+00 1.228172775998001010e-01
2.691432614750532082e+00 1.220813885812842559e-01
2.693012093984540556e+00 1.213480318288914228e-01
2.694591573218549030e+00 1.206172040518965760e-01
2.696171052452557504e+00 1.198889019651430132e-01
2.697750531686565978e+00 1.191631222890812136e-01
2.699330010920574452e+00 1.184398617498105821e-01
2.700909490154582926e+00 1.177191170791224151e-01
2.702488969388591400e+00 1.170008850145360935e-01
2.704068448622599874e+00 1.162851622993441580e-01
2.705647927856608348e+00 1.155719456826505009e-01
2.707227407090616822e+00 1.148612319194095566e-01
2.708806886324625296e+00 1.141530177704680460e-01
2.710386365558633770e+00 1.134473000026021694e-01
2.711965844792642244e+00 1.127440753885584623e-01
2.713545324026650718e+00 1.120433407070930976e-01
2.715124803260659192e+00 1.113450927430091886e-01
2.716704282494667666e+00 1.106493282871943151e-01
2.718283761728676140e+00 1.099560441366640440e-01
2.719863240962684614e+00 1.092652370945934592e-01
2.721442720196693088e+00 1.085769039703592398e-01
2.723022199430701562e+00 1.078910415795757416e-01
2.724601678664710036e+00 1.072076467441320791e-01
2.726181157898718510e+00 1.065267162922306499e-01
2.727760637132726984e+00 1.058482470584222179e-01
2.729340116366735458e+00 1.051722358836439941e-01
2.730919595600743932e+00 1.044986796152548303e-01
2.732499074834752406e+00 1.038275751070730779e-01
2.734078554068760880e+00 1.031589192194107829e-01
2.735658033302769354e+00 1.024927088191103230e-01
2.737237512536777828e+00 1.018289407795806012e-01
2.738816991770786302e+00 1.011676119808306851e-01
2.740396471004796553e+00 1.005087193095055564e-01
2.741975950238805027e+00 9.985225965892297051e-02
2.743555429472813501e+00 9.919822992910443116e-02
2.745134908706821975e+00 9.854662702681193931e-02
2.746714387940830449e+00 9.789744786558207679e-02
2.748293867174838923e+00 9.725068936575864686e-02
2.749873346408847397e+00 9.660634845452920061e-02
2.751452825642855871e+00 9.596442206595490187e-02
2.753032304876864345e+00 9.532490714100627649e-02
2.754611784110872819e+00 9.468780062759585281e-02
2.756191263344881293e+00 9.405309948061102432e-02
2.757770742578889767e+00 9.342080066194580201e-02
2.759350221812898241e+00 9.279090114053500926e-02
2.760929701046906715e+00 9.216339789238503499e-02
2.762509180280915189e+00 9.153828790060669629e-02
2.764088659514923663e+00 9.091556815544610259e-02
2.765668138748932137e+00 9.029523565431740728e-02
2.767247617982940611e+00 8.967728740183378289e-02
2.768827097216949085e+00 8.906172040983795224e-02
2.770406576450957559e+00 8.844853169743438492e-02
2.771986055684966033e+00 8.783771829101849615e-02
2.773565534918974507e+00 8.722927722430984243e-02
2.775145014152982981e+00 8.662320553837876691e-02
2.776724493386991455e+00 8.601950028168003914e-02
2.778303972620999929e+00 8.541815851008083271e-02
2.779883451855008403e+00 8.481917728689003511e-02
2.781462931089016877e+00 8.422255368289122135e-02
2.783042410323025351e+00 8.362828477636674585e-02
2.784621889557033825e+00 8.303636765313104906e-02
2.786201368791042299e+00 8.244679940655852413e-02
2.787780848025050773e+00 8.185957713761149446e-02
2.789360327259059247e+00 8.127469795486930160e-02
2.790939806493067721e+00 8.069215897455672692e-02
2.792519285727077971e+00 8.011195732057097008e-02
2.794098764961086445e+00 7.953409012451340132e-02
2.795678244195094919e+00 7.895855452571143296e-02
2.797257723429103393e+00 7.838534767125193703e-02
2.798837202663111867e+00 7.781446671600433795e-02
2.800416681897120341e+00 7.724590882264992242e-02
2.801996161131128815e+00 7.667967116170815167e-02
2.803575640365137289e+00 7.611575091156397299e-02
2.805155119599145763e+00 7.555414525849457608e-02
2.806734598833154237e+00 7.499485139669448408e-02
2.808314078067162711e+00 7.443786652830397532e-02
2.809893557301171185e+00 7.388318786343206490e-02
2.811473036535179659e+00 7.333081262018625868e-02
2.813052515769188133e+00 7.278073802469497977e-02
2.814631995003196607e+00 7.223296131113454699e-02
2.816211474237205081e+00 7.168747972175459893e-02
2.817790953471213555e+00 7.114429050690240786e-02
2.819370432705222029e+00 7.060339092504874792e-02
2.820949911939230503e+00 7.006477824281143185e-02
2.822529391173238977e+00 6.952844973498228942e-02
2.824108870407247451e+00 6.899440268454859471e-02
2.825688349641255925e+00 6.846263438271871227e-02
2.827267828875264399e+00 6.793314212894718818e-02
2.828847308109272873e+00 6.740592323095695448e-02
2.830426787343281347e+00 6.688097500476375412e-02
2.832006266577289821e+00 6.635829477469956661e-02
2.833585745811298295e+00 6.583787987343603376e-02
2.835165225045306769e+00 6.531972764200766335e-02
2.836744704279315243e+00 6.480383542983458867e-02
2.838324183513323717e+00 6.429020059474632731e-02
2.839903662747332191e+00 6.377882050300176520e-02
2.841483141981340665e+00 6.326969252931624599e-02
2.843062621215349139e+00 6.276281405687955672e-02
2.844642100449359390e+00 6.225818247737935351e-02
2.846221579683367864e+00 6.175579519102536441e-02
2.847801058917376338e+00 6.125564960656793012e-02
2.849380538151384812e+00 6.075774314132120768e-02
2.850960017385393286e+00 6.026207322118504184e-02
2.852539496619401760e+00 5.976863728066494907e-02
2.854118975853410234e+00 5.927743276289554331e-02
2.855698455087418708e+00 5.878845711965874354e-02
2.857277934321427182e+00 5.830170781140653347e-02
2.858857413555435656e+00 5.781718230728039032e-02
2.860436892789444130e+00 5.733487808513337836e-02
2.862016372023452604e+00 5.685479263154835650e-02
2.863595851257461078e+00 5.637692344186029381e-02
2.865175330491469552e+00 5.590126802017503227e-02
2.866754809725478026e+00 5.542782387938871569e-02
2.868334288959486500e+00 5.495658854120910597e-02
2.869913768193494974e+00 5.448755953617334669e-02
2.871493247427503448e+00 5.402073440366872425e-02
2.873072726661511922e+00 5.355611069195120866e-02
2.874652205895520396e+00 5.309368595816443825e-02
2.876231685129528870e+00 5.263345776835859358e-02
2.877811164363537344e+00 5.217542369751049236e-02
2.879390643597545818e+00 5.171958132954024290e-02
2.880970122831554292e+00 5.126592825733011782e-02
2.882549602065562766e+00 5.081446208274420506e-02
2.884129081299571240e+00 5.036518041664528322e-02
2.885708560533579714e+00 4.991808087891336232e-02
2.887288039767588188e+00 4.947316109846278120e-02
2.888867519001596662e+00 4.903041871326063728e-02
2.890446998235605136e+00 4.858985137034521617e-02
2.892026477469613610e+00 4.815145672584053571e-02
2.893605956703622084e+00 4.771523244497666294e-02
2.895185435937630558e+00 4.728117620210503524e-02
2.896764915171640808e+00 4.684928568071622390e-02
2.898344394405649282e+00 4.641955857345680947e-02
2.899923873639657756e+00 4.599199258214448083e-02
2.901503352873666230e+00 4.556658541778701998e-02
2.903082832107674705e+00 4.514333480059695702e-02
2.904662311341683179e+00 4.472223846000822345e-02
2.906241790575691653e+00 4.430329413469247246e-02
2.907821269809700127e+00 4.388649957257395595e-02
2.909400749043708601e+00 4.347185253084873136e-02
2.910980228277717075e+00 4.305935077599520877e-02
2.912559707511725549e+00 4.264899208379291373e-02
2.914139186745734023e+00 4.224077423933936259e-02
2.915718665979742497e+00 4.183469503706049863e-02
2.917298145213750971e+00 4.143075228073023197e-02
2.918877624447759445e+00 4.102894378348320714e-02
2.920457103681767919e+00 4.062926736783034620e-02
2.922036582915776393e+00 4.023172086567372574e-02
2.923616062149784867e+00 3.983630211832023260e-02
2.925195541383793341e+00 3.944300897649688498e-02
2.926775020617801815e+00 3.905183930036548734e-02
2.928354499851810289e+00 3.866279095953473188e-02
2.929933979085818763e+00 3.827586183307774004e-02
2.931513458319827237e+00 3.789104980954183244e-02
2.933092937553835711e+00 3.750835278696584840e-02
2.934672416787844185e+00 3.712776867289191429e-02
2.936251896021852659e+00 3.674929538437921028e-02
2.937831375255861133e+00 3.637293084801740406e-02
2.939410854489869607e+00 3.599867299994075065e-02
2.940990333723878081e+00 3.562651978583952772e-02
2.942569812957886555e+00 3.525646916097491257e-02
2.944149292191895029e+00 3.488851909019030639e-02
2.945728771425903503e+00 3.452266754792510106e-02
2.947308250659911977e+00 3.415891251822655850e-02
2.948887729893922227e+00 3.379725199476257824e-02
2.950467209127930701e+00 3.343768398083513116e-02
2.952046688361939175e+00 3.308020648939058450e-02
2.953626167595947649e+00 3.272481754303246948e-02
2.955205646829956123e+00 3.237151517403447087e-02
2.956785126063964597e+00 3.202029742435164028e-02
2.958364605297973071e+00 3.167116234563127630e-02
2.959944084531981545e+00 3.132410799922602518e-02
2.961523563765990019e+00 3.097913245620453893e-02
2.963103042999998493e+00 3.063623379736291064e-02
2.964682522234006967e+00 3.029541011323610977e-02
2.966262001468015441e+00 2.995665950410919542e-02
2.967841480702023915e+00 2.961998008002797445e-02
2.969420959936032389e+00 2.928536996081032573e-02
2.971000439170040863e+00 2.895282727605730244e-02
2.972579918404049337e+00 2.862235016516190278e-02
2.974159397638057811e+00 2.829393677732239265e-02
2.975738876872066285e+00 2.796758527155063234e-02
2.977318356106074759e+00 2.764329381668362284e-02
2.978897835340083233e+00 2.732106059139294274e-02
2.980477314574091707e+00 2.700088378419485124e-02
2.982056793808100181e+00 2.668276159346094634e-02
2.983636273042108655e+00 2.636669222742771268e-02
2.985215752276117129e+00 2.605267390420573648e-02
2.986795231510125603e+00 2.574070485178936440e-02
2.988374710744134077e+00 2.543078330806758380e-02
2.989954189978142551e+00 2.512290752083234935e-02
2.991533669212151025e+00 2.481707574778690972e-02
2.993113148446159499e+00 2.451328625655690985e-02
2.994692627680167973e+00 2.421153732469849551e-02
2.996272106914176447e+00 2.391182723970752821e-02
2.997851586148184921e+00 2.361415429902768981e-02
2.999431065382193395e+00 2.331851681006069654e-02
3.001010544616203646e+00 2.302491309017296039e-02
3.002590023850212120e+00 2.273334146670613620e-02
3.004169503084220594e+00 2.244380027698422708e-02
3.005748982318229068e+00 2.215628786832246622e-02
3.007328461552237542e+00 2.187080259803531046e-02
3.008907940786246016e+00 2.158734283344365679e-02
3.010487420020254490e+00 2.130590695188527839e-02
3.012066899254262964e+00 2.102649334071926557e-02
3.013646378488271438e+00 2.074910039733757205e-02
3.015225857722279912e+00 2.047372652916978897e-02
3.016805336956288386e+00 2.020037015369080535e-02
3.018384816190296860e+00 1.992902969843146632e-02
3.019964295424305334e+00 1.965970360098123759e-02
3.021543774658313808e+00 1.939239030899941874e-02
3.023123253892322282e+00 1.912708828022002816e-02
3.024702733126330756e+00 1.886379598245924161e-02
3.026282212360339230e+00 1.860251189362338575e-02
3.027861691594347704e+00 1.834323450171460035e-02
3.029441170828356178e+00 1.808596230483761058e-02
3.031020650062364652e+00 1.783069381120749863e-02
3.032600129296373126e+00 1.757742753915458866e-02
3.034179608530381600e+00 1.732616201713288451e-02
3.035759087764390074e+00 1.707689578372417749e-02
3.037338566998398548e+00 1.682962738764592903e-02
3.038918046232407022e+00 1.658435538775659968e-02
3.040497525466415496e+00 1.634107835306219947e-02
3.042077004700423970e+00 1.609979486272228311e-02
3.043656483934432444e+00 1.586050350605427983e-02
3.045235963168440918e+00 1.562320288254148704e-02
3.046815442402449392e+00 1.538789160183784421e-02
3.048394921636457866e+00 1.515456828377170773e-02
3.049974400870466340e+00 1.492323155835517667e-02
3.051553880104474814e+00 1.469388006578531414e-02
3.053133359338485064e+00 1.446651245645136363e-02
3.054712838572493538e+00 1.424112739094107738e-02
3.056292317806502012e+00 1.401772354004326981e-02
3.057871797040510486e+00 1.379629958475425688e-02
3.059451276274518960e+00 1.357685421628240796e-02
3.061030755508527434e+00 1.335938613605336389e-02
3.062610234742535908e+00 1.314389405571392277e-02
3.064189713976544382e+00 1.293037669713714699e-02
3.065769193210552856e+00 1.271883279242669307e-02
3.067348672444561331e+00 1.250926108392125258e-02
3.068928151678569805e+00 1.230166032419899302e-02
3.070507630912578279e+00 1.209602927608133260e-02
3.072087110146586753e+00 1.189236671263771417e-02
3.073666589380595227e+00 1.169067141718937997e-02
3.075246068614603701e+00 1.149094218331281336e-02
3.076825547848612175e+00 1.129317781484362460e-02
3.078405027082620649e+00 1.109737712588210190e-02
3.079984506316629123e+00 1.090353894079354458e-02
3.081563985550637597e+00 1.071166209421536841e-02
3.083143464784646071e+00 1.052174543105777182e-02
3.084722944018654545e+00 1.033378780650906492e-02
3.086302423252663019e+00 1.014778808603777893e-02
3.087881902486671493e+00 9.963745145395996872e-03
3.089461381720679967e+00 9.781657870623572393e-03
3.091040860954688441e+00 9.601525158049684094e-03
3.092620340188696915e+00 9.423345914296499259e-03
3.094199819422705389e+00 9.247119056282171456e-03
3.095779298656713863e+00 9.072843511223172008e-03
3.097358777890722337e+00 8.900518216637398616e-03
3.098938257124730811e+00 8.730142120346062740e-03
3.100517736358739285e+00 8.561714180477131286e-03
3.102097215592747759e+00 8.395233365467102971e-03
3.103676694826756233e+00 8.230698654063339781e-03
3.105256174060766483e+00 8.068109035326176404e-03
3.106835653294774957e+00 7.907463508632139870e-03
3.108415132528783431e+00 7.748761083674393646e-03
3.109994611762791905e+00 7.592000780465735232e-03
3.111574090996800379e+00 7.437181629340483546e-03
3.113153570230808853e+00 7.284302670955367098e-03
3.114733049464817327e+00 7.133362956292410573e-03
3.116312528698825801e+00 6.984361546659600961e-03
3.117892007932834275e+00 6.837297513693663120e-03
3.119471487166842749e+00 6.692169939359615682e-03
3.121050966400851223e+00 6.548977915953990703e-03
3.122630445634859697e+00 6.407720546104833659e-03
3.124209924868868171e+00 6.268396942773812874e-03
3.125789404102876645e+00 6.131006229256996676e-03
3.127368883336885119e+00 5.995547539184409302e-03
3.128948362570893593e+00 5.862020016524138732e-03
3.130527841804902067e+00 5.730422815580449303e-03
3.132107321038910541e+00 5.600755100995780111e-03
3.133686800272919015e+00 5.473016047750745017e-03
3.135266279506927489e+00 5.347204841165020817e-03
3.136845758740935963e+00 5.223320676898790538e-03
3.138425237974944437e+00 5.101362760951522191e-03
3.140004717208952911e+00 4.981330309662967970e-03
3.141584196442961385e+00 4.863222549714829590e-03
3.143163675676969859e+00 4.747038718127760681e-03
3.144743154910978333e+00 4.632778062265141550e-03
3.146322634144986807e+00 4.520439839830081574e-03
3.147902113378995281e+00 4.410023318867084541e-03
3.149481592613003755e+00 4.301527777761382509e-03
3.151061071847012229e+00 4.194952505238269680e-03
3.152640551081020703e+00 4.090296800363990570e-03
3.154220030315029177e+00 3.987559972543630593e-03
3.155799509549037651e+00 3.886741341522115256e-03
3.157378988783047902e+00 3.787840237382544828e-03
3.158958468017056376e+00 3.690856000546305360e-03
3.160537947251064850e+00 3.595787981772402553e-03
3.162117426485073324e+00 3.502635542155241311e-03
3.163696905719081798e+00 3.411398053126180052e-03
3.165276384953090272e+00 3.322074896449422887e-03
3.166855864187098746e+00 3.234665464224240061e-03
3.168435343421107220e+00 3.149169158880638086e-03
3.170014822655115694e+00 3.065585393181247120e-03
3.171594301889124168e+00 2.983913590217213141e-03
3.173173781123132642e+00 2.904153183408308969e-03
3.174753260357141116e+00 2.826303616501824045e-03
3.176332739591149590e+00 2.750364343569344783e-03
3.177912218825158064e+00 2.676334829006310478e-03
3.179491698059166538e+00 2.604214547530236956e-03
3.181071177293175012e+00 2.534002984178718165e-03
3.182650656527183486e+00 2.465699634307649823e-03
3.184230135761191960e+00 2.399304003588564882e-03
3.185809614995200434e+00 2.334815608007301257e-03
3.187389094229208908e+00 2.272233973861559342e-03
3.188968573463217382e+00 2.211558637759569734e-03
3.190548052697225856e+00 2.152789146615319282e-03
3.192127531931234330e+00 2.095925057649883350e-03
3.193707011165242804e+00 2.040965938384764478e-03
3.195286490399251278e+00 1.987911366642780564e-03
3.196865969633259752e+00 1.936760930543734993e-03
3.198445448867268226e+00 1.887514228502529257e-03
3.200024928101276700e+00 1.840170869224277972e-03
3.201604407335285174e+00 1.794730471704641950e-03
3.203183886569293648e+00 1.751192665224166056e-03
3.204763365803302122e+00 1.709557089347280012e-03
3.206342845037310596e+00 1.669823393917191368e-03
3.207922324271319070e+00 1.631991239053998122e-03
3.209501803505329320e+00 1.596060295150802943e-03
3.211081282739337794e+00 1.562030242870826591e-03
3.212660761973346268e+00 1.529900773143300086e-03
3.214240241207354742e+00 1.499671587160689157e-03
3.215819720441363216e+00 1.471342396373698236e-03
3.217399199675371690e+00 1.444912922489383078e-03
3.218978678909380164e+00 1.420382897466154759e-03
3.220558158143388638e+00 1.397752063509782872e-03
3.222137637377397112e+00 1.377020173070730991e-03
3.223717116611405586e+00 1.358186988837606357e-03
3.225296595845414060e+00 1.341252283736049655e-03
3.226876075079422534e+00 1.326215840922184697e-03
3.228455554313431008e+00 1.313077453780064907e-03
3.230035033547439483e+00 1.301836925915123011e-03
3.231614512781447957e+00 1.292494071152394675e-03
3.233193992015456431e+00 1.285048713528968989e-03
3.234773471249464905e+00 1.279500687292434158e-03
3.236352950483473379e+00 1.275849836893550027e-03
3.237932429717481853e+00 1.274096016983139457e-03
3.239511908951490327e+00 1.274239092406093121e-03
3.241091388185498801e+00 1.276278938197483726e-03
3.242670867419507275e+00 1.280215439576348757e-03
3.244250346653515749e+00 1.286048491941471639e-03
3.245829825887524223e+00 1.293778000865275501e-03
3.247409305121532697e+00 1.303403882089493315e-03
3.248988784355541171e+00 1.314926061518617573e-03
3.250568263589549645e+00 1.328344475216236553e-03
3.252147742823558119e+00 1.343659069396929695e-03
3.253727222057566593e+00 1.360869800422825904e-03
3.255306701291575067e+00 1.379976634796387103e-03
3.256886180525583541e+00 1.400979549155523252e-03
3.258465659759592015e+00 1.423878530267486120e-03
3.260045138993600489e+00 1.448673575022318971e-03
3.261624618227610739e+00 1.475364690427194425e-03
3.263204097461619213e+00 1.503951893600197209e-03
3.264783576695627687e+00 1.534435211764217932e-03
3.266363055929636161e+00 1.566814682240180723e-03
3.267942535163644635e+00 1.601090352440825981e-03
3.269522014397653109e+00 1.637262279864493131e-03
3.271101493631661583e+00 1.675330532087349056e-03
3.272680972865670057e+00 1.715295186758836188e-03
3.274260452099678531e+00 1.757156331592457654e-03
3.275839931333687005e+00 1.800914064360559230e-03
3.277419410567695479e+00 1.846568492886779822e-03
3.278998889801703953e+00 1.894119735038279906e-03
3.280578369035712427e+00 1.943567918720745524e-03
3.282157848269720901e+00 1.994913181867730145e-03
3.283737327503729375e+00 2.048155672437879105e-03
3.285316806737737849e+00 2.103295548402273063e-03
3.286896285971746323e+00 2.160332977741541427e-03
3.288475765205754797e+00 2.219268138435426252e-03
3.290055244439763271e+00 2.280101218456120904e-03
3.291634723673771745e+00 2.342832415760609521e-03
3.293214202907780219e+00 2.407461938282007274e-03
3.294793682141788693e+00 2.473990003922232894e-03
3.296373161375797167e+00 2.542416840544348133e-03
3.297952640609805641e+00 2.612742685963675981e-03
3.299532119843814115e+00 2.684967787939251949e-03
3.301111599077822589e+00 2.759092404166607615e-03
3.302691078311831063e+00 2.835116802268777825e-03
3.304270557545839537e+00 2.913041259787196857e-03
3.305850036779848011e+00 2.992866064174037888e-03
3.307429516013856485e+00 3.074591512783220182e-03
3.309008995247864959e+00 3.158217912861083221e-03
3.310588474481873433e+00 3.243745581538393097e-03
3.312167953715881907e+00 3.331174845820461528e-03
3.313747432949892158e+00 3.420506042578819184e-03
3.315326912183900632e+00 3.511739518541334704e-03
3.316906391417909106e+00 3.604875630283665977e-03
3.318485870651917580e+00 3.699914744219157114e-03
3.320065349885926054e+00 3.796857236589512574e-03
3.321644829119934528e+00 3.895703493456359467e-03
3.323224308353943002e+00 3.996453910689923283e-03
3.324803787587951476e+00 4.099108893960035083e-03
3.326383266821959950e+00 4.203668858726250512e-03
3.327962746055968424e+00 4.310134230228745977e-03
3.329542225289976898e+00 4.418505443475662098e-03
3.331121704523985372e+00 4.528782943236664416e-03
3.332701183757993846e+00 4.640967184029509696e-03
3.334280662992002320e+00 4.755058630110831075e-03
3.335860142226010794e+00 4.871057755467256278e-03
3.337439621460019268e+00 4.988965043800974719e-03
3.339019100694027742e+00 5.108780988523853317e-03
3.340598579928036216e+00 5.230506092742781554e-03
3.342178059162044690e+00 5.354140869250900714e-03
3.343757538396053164e+00 5.479685840516612672e-03
3.345337017630061638e+00 5.607141538670479264e-03
3.346916496864070112e+00 5.736508505497450727e-03
3.348495976098078586e+00 5.867787292422654843e-03
3.350075455332087060e+00 6.000978460501404932e-03
3.351654934566095534e+00 6.136082580407209441e-03
3.353234413800104008e+00 6.273100232421113809e-03
3.354813893034112482e+00 6.412032006418599828e-03
3.356393372268120956e+00 6.552878501858705462e-03
3.357972851502129430e+00 6.695640327772700573e-03
3.359552330736137904e+00 6.840318102750542195e-03
3.361131809970146378e+00 6.986912454929550265e-03
3.362711289204154852e+00 7.135424021983305387e-03
3.364290768438163326e+00 7.285853451107215939e-03
3.365870247672173576e+00 7.438201399007859926e-03
3.367449726906182050e+00 7.592468531889218220e-03
3.369029206140190524e+00 7.748655525440684144e-03
3.370608685374198998e+00 7.906763064825073073e-03
3.372188164608207472e+00 8.066791844663856459e-03
3.373767643842215946e+00 8.228742569025171427e-03
3.375347123076224420e+00 8.392615951412163433e-03
3.376926602310232894e+00 8.558412714747110073e-03
3.378506081544241368e+00 8.726133591360096808e-03
3.380085560778249842e+00 8.895779322974806114e-03
3.381665040012258316e+00 9.067350660695194797e-03
3.383244519246266790e+00 9.240848364992171327e-03
3.384823998480275264e+00 9.416273205688940884e-03
3.386403477714283738e+00 9.593625961947793712e-03
3.387982956948292212e+00 9.772907422257004484e-03
3.389562436182300686e+00 9.954118384414067933e-03
3.391141915416309160e+00 1.013725965551526276e-02
3.392721394650317635e+00 1.032233205193733294e-02
3.394300873884326109e+00 1.050933639932649655e-02
3.395880353118334583e+00 1.069827353258145930e-02
3.397459832352343057e+00 1.088914429583964782e-02
3.399039311586351531e+00 1.108194954246377595e-02
3.400618790820360005e+00 1.127669013502408113e-02
3.402198270054368479e+00 1.147336694528544587e-02
3.403777749288376953e+00 1.167198085419152154e-02
3.405357228522385427e+00 1.187253275184974033e-02
3.406936707756393901e+00 1.207502353751543911e-02
3.408516186990402375e+00 1.227945411957731547e-02
3.410095666224410849e+00 1.248582541554044134e-02
3.411675145458419323e+00 1.269413835201160801e-02
3.413254624692427797e+00 1.290439386468311689e-02
3.414834103926436271e+00 1.311659289831645925e-02
3.416413583160444745e+00 1.333073640672655102e-02
3.417993062394454995e+00 1.354682535276596766e-02
3.419572541628463469e+00 1.376486070830684749e-02
3.421152020862471943e+00 1.398484345422656983e-02
3.422731500096480417e+00 1.420677458038999141e-02
3.424310979330488891e+00 1.443065508563190491e-02
3.425890458564497365e+00 1.465648597774305006e-02
3.427469937798505839e+00 1.488426827344868641e-02
3.429049417032514313e+00 1.511400299839593675e-02
3.430628896266522787e+00 1.534569118713324798e-02
3.432208375500531261e+00 1.557933388309473699e-02
3.433787854734539735e+00 1.581493213858276015e-02
3.435367333968548209e+00 1.605248701474815132e-02
3.436946813202556683e+00 1.629199958157556694e-02
3.438526292436565157e+00 1.653347091786339096e-02
3.440105771670573631e+00 1.677690211120586028e-02
3.441685250904582105e+00 1.702229425797574525e-02
3.443264730138590579e+00 1.726964846330547587e-02
3.444844209372599053e+00 1.751896584106849009e-02
3.446423688606607527e+00 1.777024751386158119e-02
3.448003167840616001e+00 1.802349461298491384e-02
3.449582647074624475e+00 1.827870827842403845e-02
3.451162126308632949e+00 1.853588965883079531e-02
3.452741605542641423e+00 1.879503991150333064e-02
3.454321084776649897e+00 1.905616020236877706e-02
3.455900564010658371e+00 1.931925170596082708e-02
3.457480043244666845e+00 1.958431560540374594e-02
3.459059522478675319e+00 1.985135309238950096e-02
3.460639001712683793e+00 2.012036536715999802e-02
3.462218480946692267e+00 2.039135363848587623e-02
3.463797960180700741e+00 2.066431912364707912e-02
3.465377439414709215e+00 2.093926304841275954e-02
3.466956918648717689e+00 2.121618664702007440e-02
3.468536397882726163e+00 2.149509116215408966e-02
3.470115877116736414e+00 2.177597784492724120e-02
3.471695356350744888e+00 2.205884795485768546e-02
3.473274835584753362e+00 2.234370275984975951e-02
3.474854314818761836e+00 2.263054353617155456e-02
3.476433794052770310e+00 2.291937156843393275e-02
3.478013273286778784e+00 2.321018814956976595e-02
3.479592752520787258e+00 2.350299458081150927e-02
3.481172231754795732e+00 2.379779217166921867e-02
3.482751710988804206e+00 2.409458223990967873e-02
3.484331190222812680e+00 2.439336611153430923e-02
3.485910669456821154e+00 2.469414512075551738e-02
3.487490148690829628e+00 2.499692060997626974e-02
3.489069627924838102e+00 2.530169392976633347e-02
3.490649107158846576e+00 2.560846643883918361e-02
3.492228586392855050e+00 2.591723950403157506e-02
3.493808065626863524e+00 2.622801450027789638e-02
3.495387544860871998e+00 2.654079281058829842e-02
3.496967024094880472e+00 2.685557582602515758e-02
3.498546503328888946e+00 2.717236494567965011e-02
3.500125982562897420e+00 2.749116157664832638e-02
3.501705461796905894e+00 2.781196713400924114e-02
3.503284941030914368e+00 2.813478304079819470e-02
3.504864420264922842e+00 2.845961072798364189e-02
3.506443899498931316e+00 2.878645163444382149e-02
3.508023378732939790e+00 2.911530720694166519e-02
3.509602857966948264e+00 2.944617890010070571e-02
3.511182337200956738e+00 2.977906817637898662e-02
3.512761816434965212e+00 3.011397650604608067e-02
3.514341295668973686e+00 3.045090536715622243e-02
3.515920774902982160e+00 3.078985624552443845e-02
3.517500254136990634e+00 3.113083063470023504e-02
3.519079733370999108e+00 3.147383003594228512e-02
3.520659212605007582e+00 3.181885595819322621e-02
3.522238691839017832e+00 3.216590991805290400e-02
3.523818171073026306e+00 3.251499343975228218e-02
3.525397650307034780e+00 3.286610805512812927e-02
3.526977129541043254e+00 3.321925530359526313e-02
3.528556608775051728e+00 3.357443673212112678e-02
3.530136088009060202e+00 3.393165389519869901e-02
3.531715567243068676e+00 3.429090835481840571e-02
3.533295046477077150e+00 3.465220168044313986e-02
3.534874525711085624e+00 3.501553544897884063e-02
3.536454004945094098e+00 3.538091124474718185e-02
3.538033484179102572e+00 3.574833065946103616e-02
3.539612963413111046e+00 3.611779529219116824e-02
3.541192442647119520e+00 3.648930674934280916e-02
3.542771921881127994e+00 3.686286664462579132e-02
3.544351401115136468e+00 3.723847659902568275e-02
3.545930880349144942e+00 3.761613824077580936e-02
3.547510359583153416e+00 3.799585320532827826e-02
3.549089838817161890e+00 3.837762313532500080e-02
3.550669318051170364e+00 3.876144968056904894e-02
3.552248797285178838e+00 3.914733449799445708e-02
3.553828276519187312e+00 3.953527925163657919e-02
3.555407755753195786e+00 3.992528561260455522e-02
3.556987234987204261e+00 4.031735525904855955e-02
3.558566714221212735e+00 4.071148987613149028e-02
3.560146193455221209e+00 4.110769115599754997e-02
3.561725672689229683e+00 4.150596079774249159e-02
3.563305151923238157e+00 4.190630050738364254e-02
3.564884631157246631e+00 4.230871199782726411e-02
3.566464110391255105e+00 4.271319698883901950e-02
3.568043589625263579e+00 4.311975720701188841e-02
3.569623068859272053e+00 4.352839438573563591e-02
3.571202548093280527e+00 4.393911026516328366e-02
3.572782027327289001e+00 4.435190659218135600e-02
3.574361506561299251e+00 4.476678512037723934e-02
3.575940985795307725e+00 4.518374761000576445e-02
3.577520465029316199e+00 4.560279582795845332e-02
3.579099944263324673e+00 4.602393154772954631e-02
3.580679423497333147e+00 4.644715654938402771e-02
3.582258902731341621e+00 4.687247261952409705e-02
3.583838381965350095e+00 4.729988155125597338e-02
3.585417861199358569e+00 4.772938514415703271e-02
3.586997340433367043e+00 4.816098520424039187e-02
3.588576819667375517e+00 4.859468354392337819e-02
3.590156298901383991e+00 4.903048198199133623e-02
3.591735778135392465e+00 4.946838234356509822e-02
3.593315257369400939e+00 4.990838646006501289e-02
3.594894736603409413e+00 5.035049616917675053e-02
3.596474215837417887e+00 5.079471331481699714e-02
3.598053695071426361e+00 5.124103974709659504e-02
3.599633174305434835e+00 5.168947732228801328e-02
3.601212653539443309e+00 5.214002790278648991e-02
3.602792132773451783e+00 5.259269335707594806e-02
3.604371612007460257e+00 5.304747555969380191e-02
3.605951091241468731e+00 5.350437639119254296e-02
3.607530570475477205e+00 5.396339773810554519e-02
3.609110049709485679e+00 5.442454149290765208e-02
3.610689528943494153e+00 5.488780955398153694e-02
3.612269008177502627e+00 5.535320382557806784e-02
3.613848487411511101e+00 5.582072621777955934e-02
3.615427966645519575e+00 5.629037864646380118e-02
3.617007445879528049e+00 5.676216303326275803e-02
3.618586925113536523e+00 5.723608130552870765e-02
3.620166404347544997e+00 5.771213539629238554e-02
3.621745883581553471e+00 5.819032724422668057e-02
3.623325362815561945e+00 5.867065879360733316e-02
3.624904842049570419e+00 5.915313199427418844e-02
3.626484321283580670e+00 5.963774880159111724e-02
3.628063800517589144e+00 6.012451117640715825e-02
3.629643279751597618e+00 6.061342108501743819e-02
3.631222758985606092e+00 6.110448049912231561e-02
3.632802238219614566e+00 6.159769139578841202e-02
3.634381717453623040e+00 6.209305575740731165e-02
3.635961196687631514e+00 6.259057557165415009e-02
3.637540675921639988e+00 6.309025283144931162e-02
3.639120155155648462e+00 6.359208953491501948e-02
3.640699634389656936e+00 6.409608768533514578e-02
3.642279113623665410e+00 6.460224929111335612e-02
3.643858592857673884e+00 6.511057636573103213e-02
3.645438072091682358e+00 6.562107092770574912e-02
3.647017551325690832e+00 6.613373500054864351e-02
3.648597030559699306e+00 6.664857061272244643e-02
3.650176509793707780e+00 6.716557979759718577e-02
3.651755989027716254e+00 6.768476459340888596e-02
3.653335468261724728e+00 6.820612704321515896e-02
3.654914947495733202e+00 6.872966919485279380e-02
3.656494426729741676e+00 6.925539310089212641e-02
3.658073905963750150e+00 6.978330081859474010e-02
3.659653385197758624e+00 7.031339440986861256e-02
3.661232864431767098e+00 7.084567594122281875e-02
3.662812343665775572e+00 7.138014748372467633e-02
3.664391822899784046e+00 7.191681111295133988e-02
3.665971302133792520e+00 7.245566890894794554e-02
3.667550781367800994e+00 7.299672295618053752e-02
3.669130260601809468e+00 7.353997534348966081e-02
3.670709739835817942e+00 7.408542816404517506e-02
3.672289219069826416e+00 7.463308351529962525e-02
3.673868698303834890e+00 7.518294349894127926e-02
3.675448177537843364e+00 7.573501022084749845e-02
3.677027656771851838e+00 7.628928579103733121e-02
3.678607136005862088e+00 7.684577232362543864e-02
3.680186615239870562e+00 7.740447193677091331e-02
3.681766094473879036e+00 7.796538675263420259e-02
3.683345573707887510e+00 7.852851889732492818e-02
3.684925052941895984e+00 7.909387050085459059e-02
3.686504532175904458e+00 7.966144369708871853e-02
3.688084011409912932e+00 8.023124062369668685e-02
3.689663490643921406e+00 8.080326342210264468e-02
3.691242969877929880e+00 8.137751423743577739e-02
3.692822449111938354e+00 8.195399521848112379e-02
3.694401928345946828e+00 8.253270851762828375e-02
3.695981407579955302e+00 8.311365629082290152e-02
3.697560886813963776e+00 8.369684069751304190e-02
3.699140366047972250e+00 8.428226390060056250e-02
3.700719845281980724e+00 8.486992806638882225e-02
3.702299324515989198e+00 8.545983536453183316e-02
3.703878803749997672e+00 8.605198796798185779e-02
3.705458282984006146e+00 8.664638805293611856e-02
3.707037762218014620e+00 8.724303779878750387e-02
3.708617241452023094e+00 8.784193938806827973e-02
3.710196720686031568e+00 8.844309500640012978e-02
3.711776199920040042e+00 8.904650684243842207e-02
3.713355679154048516e+00 8.965217708781991757e-02
3.714935158388056990e+00 9.026010793710848024e-02
3.716514637622065464e+00 9.087030158774178634e-02
3.718094116856073938e+00 9.148276023997559125e-02
3.719673596090082413e+00 9.209748609682977261e-02
3.721253075324090887e+00 9.271448136403326323e-02
3.722832554558099361e+00 9.333374824996742980e-02
3.724412033792107835e+00 9.395528896561222698e-02
3.725991513026116309e+00 9.457910572448979813e-02
3.727570992260124783e+00 9.520520074260752086e-02
3.729150471494133257e+00 9.583357623840160766e-02
3.730729950728143507e+00 9.646423443268070663e-02
3.732309429962151981e+00 9.709717754856872496e-02
3.733888909196160455e+00 9.773240781144632017e-02
3.735468388430168929e+00 9.836992744889483387e-02
3.737047867664177403e+00 9.900973869063733890e-02
3.738627346898185877e+00 9.965184376848001957e-02
3.740206826132194351e+00 1.002962449162528857e-01
3.741786305366202825e+00 1.009429443697527073e-01
3.743365784600211299e+00 1.015919443666821742e-01
3.744945263834219773e+00 1.022432471465904991e-01
3.746524743068228247e+00 1.028968549508140207e-01
3.748104222302236721e+00 1.035527700224145864e-01
3.749683701536245195e+00 1.042109946061207104e-01
3.751263180770253669e+00 1.048715309482659563e-01
3.752842660004262143e+00 1.055343812967274308e-01
3.754422139238270617e+00 1.061995479008638332e-01
3.756001618472279091e+00 1.068670330114552813e-01
3.757581097706287565e+00 1.075368388806393627e-01
3.759160576940296039e+00 1.082089677618499612e-01
3.760740056174304513e+00 1.088834219097529754e-01
3.762319535408312987e+00 1.095602035801841456e-01
3.763899014642321461e+00 1.102393150300865488e-01
3.765478493876329935e+00 1.109207585174443178e-01
3.767057973110338409e+00 1.116045363012209135e-01
3.768637452344346883e+00 1.122906506412926220e-01
3.770216931578355357e+00 1.129791037983851609e-01
3.771796410812363831e+00 1.136698980340093978e-01
3.773375890046372305e+00 1.143630356103926271e-01
3.774955369280380779e+00 1.150585187904161755e-01
3.776534848514389253e+00 1.157563498375476785e-01
3.778114327748397727e+00 1.164565310157744671e-01
3.779693806982406201e+00 1.171590645895373983e-01
3.781273286216414675e+00 1.178639528236634648e-01
3.782852765450424926e+00 1.185711979832992924e-01
3.784432244684433400e+00 1.192808023338405299e-01
3.786011723918441874e+00 1.199927681408667901e-01
3.787591203152450348e+00 1.207070976700721499e-01
3.789170682386458822e+00 1.214237931871947618e-01
3.790750161620467296e+00 1.221428569579505741e-01
3.792329640854475770e+00 1.228642912479612770e-01
3.793909120088484244e+00 1.235880983226859131e-01
3.795488599322492718e+00 1.243142804473496010e-01
3.797068078556501192e+00 1.250428398868735358e-01
3.798647557790509666e+00 1.257737789058045452e-01
3.800227037024518140e+00 1.265070997682427589e-01
3.801806516258526614e+00 1.272428047377711091e-01
3.803385995492535088e+00 1.279808960773817228e-01
3.804965474726543562e+00 1.287213760494061443e-01
3.806544953960552036e+00 1.294642469154396736e-01
3.808124433194560510e+00 1.302095109362709779e-01
3.809703912428568984e+00 1.309571703718068747e-01
3.811283391662577458e+00 1.317072274809992227e-01
3.812862870896585932e+00 1.324596845217714258e-01
3.814442350130594406e+00 1.332145437509428820e-01
3.816021829364602880e+00 1.339718074241547652e-01
3.817601308598611354e+00 1.347314777957945853e-01
3.819180787832619828e+00 1.354935571189213039e-01
3.820760267066628302e+00 1.362580476451881739e-01
3.822339746300636776e+00 1.370249516247674104e-01
3.823919225534645250e+00 1.377942713062741409e-01
3.825498704768653724e+00 1.385660089366875791e-01
3.827078184002662198e+00 1.393401667612746975e-01
3.828657663236670672e+00 1.401167470235124557e-01
3.830237142470679146e+00 1.408957519650103074e-01
3.831816621704687620e+00 1.416771838254303750e-01
3.833396100938696094e+00 1.424610448424099007e-01
3.834975580172706344e+00 1.432473372514802556e-01
3.836555059406714818e+00 1.440360632859898904e-01
3.838134538640723292e+00 1.448272251770212904e-01
3.839714017874731766e+00 1.456208251533137599e-01
3.841293497108740240e+00 1.464168654411807657e-01
3.842872976342748714e+00 1.472153482644294464e-01
3.844452455576757188e+00 1.480162758442780668e-01
3.846031934810765662e+00 1.488196503992758046e-01
3.847611414044774136e+00 1.496254741452195947e-01
3.849190893278782610e+00 1.504337492950725275e-01
3.850770372512791084e+00 1.512444780588780846e-01
3.852349851746799558e+00 1.520576626436800360e-01
3.853929330980808032e+00 1.528733052534375081e-01
3.855508810214816506e+00 1.536914080889399958e-01
3.857088289448824980e+00 1.545119733477237078e-01
3.858667768682833454e+00 1.553350032239856904e-01
3.860247247916841928e+00 1.561604999085005607e-01
3.861826727150850402e+00 1.569884655885324110e-01
3.863406206384858876e+00 1.578189024477508196e-01
3.864985685618867350e+00 1.586518126661420891e-01
3.866565164852875824e+00 1.594871984199244253e-01
3.868144644086884298e+00 1.603250618814601181e-01
3.869724123320892772e+00 1.611654052191669462e-01
3.871303602554901246e+00 1.620082305974321346e-01
3.872883081788909720e+00 1.628535401765212609e-01
3.874462561022918194e+00 1.637013361124911581e-01
3.876042040256926668e+00 1.645516205571017632e-01
3.877621519490935142e+00 1.654043956577239682e-01
3.879200998724943616e+00 1.662596635572506920e-01
3.880780477958952090e+00 1.671174263940068405e-01
3.882359957192960564e+00 1.679776863016589905e-01
3.883939436426969039e+00 1.688404454091219642e-01
3.885518915660977513e+00 1.697057058404697893e-01
3.887098394894987763e+00 1.705734697148428292e-01
3.888677874128996237e+00 1.714437391463537463e-01
3.890257353363004711e+00 1.723165162439974085e-01
3.891836832597013185e+00 1.731918031115565193e-01
3.893416311831021659e+00 1.740696018475069162e-01
3.894995791065030133e+00 1.749499145449250892e-01
3.896575270299038607e+00 1.758327432913937560e-01
3.898154749533047081e+00 1.767180901689059391e-01
3.899734228767055555e+00 1.776059572537697084e-01
3.901313708001064029e+00 1.784963466165145896e-01
3.902893187235072503e+00 1.793892603217926984e-01
3.904472666469080977e+00 1.802847004282847054e-01
3.906052145703089451e+00 1.811826689886020803e-01
3.907631624937097925e+00 1.820831680491885041e-01
3.909211104171106399e+00 1.829861996502244459e-01
3.910790583405114873e+00 1.838917658255277976e-01
3.912370062639123347e+00 1.847998686024563963e-01
3.913949541873131821e+00 1.857105100018067723e-01
3.915529021107140295e+00 1.866236920377175035e-01
3.917108500341148769e+00 1.875394167175685745e-01
3.918687979575157243e+00 1.884576860418810673e-01
3.920267458809165717e+00 1.893785020042159650e-01
3.921846938043174191e+00 1.903018665910744533e-01
3.923426417277182665e+00 1.912277817817960024e-01
3.925005896511191139e+00 1.921562495484564481e-01
3.926585375745199613e+00 1.930872718557654077e-01
3.928164854979208087e+00 1.940208506609648609e-01
3.929744334213216561e+00 1.949569879137259543e-01
3.931323813447225035e+00 1.958956855560429755e-01
3.932903292681233509e+00 1.968369455221326558e-01
3.934482771915241983e+00 1.977807697383291985e-01
3.936062251149250457e+00 1.987271601229784190e-01
3.937641730383258931e+00 1.996761185863336063e-01
3.939221209617269182e+00 2.006276470304494408e-01
3.940800688851277656e+00 2.015817473490761347e-01
3.942380168085286130e+00 2.025384214275531281e-01
3.943959647319294604e+00 2.034976711427025631e-01
3.945539126553303078e+00 2.044594983627219809e-01
3.947118605787311552e+00 2.054239049470769629e-01
3.948698085021320026e+00 2.063908927463911636e-01
3.950277564255328500e+00 2.073604636023404502e-01
3.951857043489336974e+00 2.083326193475424915e-01
3.953436522723345448e+00 2.093073618054483442e-01
3.955016001957353922e+00 2.102846927902310981e-01
3.956595481191362396e+00 2.112646141066775174e-01
3.958174960425370870e+00 2.122471275500763532e-01
3.959754439659379344e+00 2.132322349061080424e-01
3.961333918893387818e+00 2.142199379507330748e-01
3.962913398127396292e+00 2.152102384500786947e-01
3.964492877361404766e+00 2.162031381603288227e-01
3.966072356595413240e+00 2.171986388276108126e-01
3.967651835829421714e+00 2.181967421878814872e-01
3.969231315063430188e+00 2.191974499668131182e-01
3.970810794297438662e+00 2.202007638796814049e-01
3.972390273531447136e+00 2.212066856312499552e-01
3.973969752765455610e+00 2.222152169156553225e-01
3.975549231999464084e+00 2.232263594162919862e-01
3.977128711233472558e+00 2.242401148056959448e-01
3.978708190467481032e+00 2.252564847454299191e-01
3.980287669701489506e+00 2.262754708859670560e-01
3.981867148935497980e+00 2.272970748665716356e-01
3.983446628169506454e+00 2.283212983151841069e-01
3.985026107403514928e+00 2.293481428483025719e-01
3.986605586637523402e+00 2.303776100708631036e-01
3.988185065871531876e+00 2.314097015761238385e-01
3.989764545105540350e+00 2.324444189455435184e-01
3.991344024339550600e+00 2.334817637486646391e-01
3.992923503573559074e+00 2.345217375429884954e-01
3.994502982807567548e+00 2.355643418738614381e-01
3.996082462041576022e+00 2.366095782743499187e-01
3.997661941275584496e+00 2.376574482651189202e-01
3.999241420509592970e+00 2.387079533543137178e-01
4.000820899743601444e+00 2.397610950374344796e-01
4.002400378977609918e+00 2.408168747972160295e-01
4.003979858211618392e+00 2.418752941035026693e-01
4.005559337445626866e+00 2.429363544131278863e-01
4.007138816679635340e+00 2.440000571697881204e-01
4.008718295913643814e+00 2.450664038039197523e-01
4.010297775147652288e+00 2.461353957325751463e-01
4.011877254381660762e+00 2.472070343592951414e-01
4.013456733615669236e+00 2.482813210739865939e-01
4.015036212849677710e+00 2.493582572527949792e-01
4.016615692083686184e+00 2.504378442579791031e-01
4.018195171317694658e+00 2.515200834377822603e-01
4.019774650551703132e+00 2.526049761263081672e-01
4.021354129785711606e+00 2.536925236433913988e-01
4.022933609019720080e+00 2.547827272944706012e-01
4.024513088253728554e+00 2.558755883704583733e-01
4.026092567487737028e+00 2.569711081476147019e-01
4.027672046721745502e+00 2.580692878874166762e-01
4.029251525955753976e+00 2.591701288364293143e-01
4.030831005189762450e+00 2.602736322261742785e-01
4.032410484423770924e+00 2.613797992730019781e-01
4.033989963657779398e+00 2.624886311779582315e-01
4.035569442891787872e+00 2.636001291266535373e-01
4.037148922125796346e+00 2.647142942891327899e-01
4.038728401359804820e+00 2.658311278197418859e-01
4.040307880593813294e+00 2.669506308569955522e-01
4.041887359827821768e+00 2.680728045234454515e-01
4.043466839061832019e+00 2.691976499255443467e-01
4.045046318295840493e+00 2.703251681535148165e-01
4.046625797529848967e+00 2.714553602812136979e-01
4.048205276763857441e+00 2.725882273659991362e-01
4.049784755997865915e+00 2.737237704485940837e-01
4.051364235231874389e+00 2.748619905529519625e-01
4.052943714465882863e+00 2.760028886861191633e-01
4.054523193699891337e+00 2.771464658381010415e-01
4.056102672933899811e+00 2.782927229817248049e-01
4.057682152167908285e+00 2.794416610725017902e-01
4.059261631401916759e+00 2.805932810484899620e-01
4.060841110635925233e+00 2.817475838301572444e-01
4.062420589869933707e+00 2.829045703202429096e-01
4.064000069103942181e+00 2.840642414036184116e-01
4.065579548337950655e+00 2.852265979471497737e-01
4.067159027571959129e+00 2.863916407995555358e-01
4.068738506805967603e+00 2.875593707912701968e-01
4.070317986039976077e+00 2.887297887343027170e-01
4.071897465273984551e+00 2.899028954220952969e-01
4.073476944507993025e+00 2.910786916293826021e-01
4.075056423742001499e+00 2.922571781120515966e-01
4.076635902976009973e+00 2.934383556069991017e-01
4.078215382210018447e+00 2.946222248319896875e-01
4.079794861444026921e+00 2.958087864855118432e-01
4.081374340678035395e+00 2.969980412466377007e-01
4.082953819912043869e+00 2.981899897748775952e-01
4.084533299146052343e+00 2.993846327100385674e-01
4.086112778380060817e+00 3.005819706720777584e-01
4.087692257614069291e+00 3.017820042609596354e-01
4.089271736848077765e+00 3.029847340565109404e-01
4.090851216082086239e+00 3.041901606182742523e-01
4.092430695316094713e+00 3.053982844853650458e-01
4.094010174550103187e+00 3.066091061763234205e-01
4.095589653784111661e+00 3.078226261889694393e-01
4.097169133018121912e+00 3.090388450002552467e-01
4.098748612252130386e+00 3.102577630661171315e-01
4.100328091486138860e+00 3.114793808213316417e-01
4.101907570720147334e+00 3.127036986793639284e-01
4.103487049954155808e+00 3.139307170322222507e-01
4.105066529188164282e+00 3.151604362503083734e-01
4.106646008422172756e+00 3.163928566822687971e-01
4.108225487656181230e+00 3.176279786548449335e-01
4.109804966890189704e+00 3.188658024727248352e-01
4.111384446124198178e+00 3.201063284183927604e-01
4.112963925358206652e+00 3.213495567519785712e-01
4.114543404592215126e+00 3.225954877111063546e-01
4.116122883826223600e+00 3.238441215107455418e-01
4.117702363060232074e+00 3.250954583430574751e-01
4.119281842294240548e+00 3.263494983772454727e-01
4.120861321528249022e+00 3.276062417594013954e-01
4.122440800762257496e+00 3.288656886123532130e-01
4.124020279996265970e+00 3.301278390355136816e-01
4.125599759230274444e+00 3.313926931047261881e-01
4.127179238464282918e+00 3.326602508721123730e-01
4.128758717698291392e+00 3.339305123659160324e-01
4.130338196932299866e+00 3.352034775903522390e-01
4.131917676166308340e+00 3.364791465254506897e-01
4.133497155400316814e+00 3.377575191269024391e-01
4.135076634634325288e+00 3.390385953259029694e-01
4.136656113868333762e+00 3.403223750290000904e-01
4.138235593102342236e+00 3.416088581179348438e-01
4.139815072336350710e+00 3.428980444494863500e-01
4.141394551570359184e+00 3.441899338553170984e-01
4.142974030804367658e+00 3.454845261418150182e-01
4.144553510038376132e+00 3.467818210899372144e-01
4.146132989272384606e+00 3.480818184550520389e-01
4.147712468506393080e+00 3.493845179667809386e-01
4.149291947740403330e+00 3.506899193288439687e-01
4.150871426974411804e+00 3.519980222188958119e-01
4.152450906208420278e+00 3.533088262883734565e-01
4.154030385442428752e+00 3.546223311623339369e-01
4.155609864676437226e+00 3.559385364392966822e-01
4.157189343910445700e+00 3.572574416910819783e-01
4.158768823144454174e+00 3.585790464626549268e-01
4.160348302378462648e+00 3.599033502719630739e-01
4.161927781612471122e+00 3.612303526097770945e-01
4.163507260846479596e+00 3.625600529395289207e-01
4.165086740080488070e+00 3.638924506971537021e-01
4.166666219314496544e+00 3.652275452909269360e-01
4.168245698548505018e+00 3.665653361013037070e-01
4.169825177782513492e+00 3.679058224807569832e-01
4.171404657016521966e+00 3.692490037536156899e-01
4.172984136250530440e+00 3.705948792159034499e-01
4.174563615484538914e+00 3.719434481351759358e-01
4.176143094718547388e+00 3.732947097503581668e-01
4.177722573952555862e+00 3.746486632715807508e-01
4.179302053186564336e+00 3.760053078800192905e-01
4.180881532420572810e+00 3.773646427277286275e-01
4.182461011654581284e+00 3.787266669374820260e-01
4.184040490888589758e+00 3.800913796026029190e-01
4.185619970122598232e+00 3.814587797868061458e-01
4.187199449356606706e+00 3.828288665240302535e-01
4.188778928590615180e+00 3.842016388182754039e-01
4.190358407824623654e+00 3.855770956434363406e-01
4.191937887058632128e+00 3.869552359431389088e-01
4.193517366292640602e+00 3.883360586305752982e-01
4.195096845526649076e+00 3.897195625883364545e-01
4.196676324760657550e+00 3.911057466682500428e-01
4.198255803994666024e+00 3.924946096912121929e-01
4.199835283228674498e+00 3.938861504470227426e-01
4.201414762462684749e+00 3.952803676942193700e-01
4.202994241696693223e+00 3.966772601599078962e-01
4.204573720930701697e+00 3.980768265396017469e-01
4.206153200164710171e+00 3.994790654970499233e-01
4.207732679398718645e+00 4.008839756640735219e-01
4.209312158632727119e+00 4.022915556403975357e-01
4.210891637866735593e+00 4.037018039934833213e-01
4.212471117100744067e+00 4.051147192583607337e-01
4.214050596334752541e+00 4.065302999374628135e-01
4.215630075568761015e+00 4.079485445004556454e-01
4.217209554802769489e+00 4.093694513840726024e-01
4.218789034036777963e+00 4.107930189919435371e-01
4.220368513270786437e+00 4.122192456944300254e-01
4.221947992504794911e+00 4.136481298284548913e-01
4.223527471738803385e+00 4.150796696973343969e-01
4.225106950972811859e+00 4.165138635706100434e-01
4.226686430206820333e+00 4.179507096838778746e-01
4.228265909440828807e+00 4.193902062386229979e-01
4.229845388674837281e+00 4.208323514020483325e-01
4.231424867908845755e+00 4.222771433069067992e-01
4.233004347142854229e+00 4.237245800513296246e-01
4.234583826376862703e+00 4.251746596986608617e-01
4.236163305610871177e+00 4.266273802772855284e-01
4.237742784844879651e+00 4.280827397804606860e-01
4.239322264078888125e+00 4.295407361661455203e-01
4.240901743312896599e+00 4.310013673568338088e-01
4.242481222546905073e+00 4.324646312393813918e-01
4.244060701780913547e+00 4.339305256648362530e-01
4.245640181014922021e+00 4.353990484482719303e-01
4.247219660248930495e+00 4.368701973686146545e-01
4.248799139482938969e+00 4.383439701684751499e-01
4.250378618716947443e+00 4.398203645539757733e-01
4.251958097950955917e+00 4.412993781945840910e-01
4.253537577184966167e+00 4.427810087229417935e-01
4.255117056418974641e+00 4.442652537346899466e-01
4.256696535652983115e+00 4.457521107883057887e-01
4.258276014886991589e+00 4.472415774049284254e-01
4.259855494121000064e+00 4.487336510681896318e-01
4.261434973355008538e+00 4.502283292240416568e-01
4.263014452589017012e+00 4.517256092805900236e-01
4.264593931823025486e+00 4.532254886079210010e-01
4.266173411057033960e+00 4.547279645379327939e-01
4.267752890291042434e+00 4.562330343641622377e-01
4.269332369525050908e+00 4.577406953416185420e-01
4.270911848759059382e+00 4.592509446866101519e-01
4.272491327993067856e+00 4.607637795765757716e-01
4.274070807227076330e+00 4.622791971499137786e-01
4.275650286461084804e+00 4.637971945058103618e-01
4.277229765695093278e+00 4.653177687040723209e-01
4.278809244929101752e+00 4.668409167649552050e-01
4.280388724163110226e+00 4.683666356689936139e-01
4.281968203397118700e+00 4.698949223568294475e-01
4.283547682631127174e+00 4.714257737290450390e-01
4.285127161865135648e+00 4.729591866459911254e-01
4.286706641099144122e+00 4.744951579276178721e-01
4.288286120333152596e+00 4.760336843533032880e-01
4.289865599567161070e+00 4.775747626616863584e-01
4.291445078801169544e+00 4.791183895504951273e-01
4.293024558035178018e+00 4.806645616763799422e-01
4.294604037269186492e+00 4.822132756547401478e-01
4.296183516503194966e+00 4.837645280595576636e-01
4.297762995737203440e+00 4.853183154232280083e-01
4.299342474971211914e+00 4.868746342363878821e-01
4.300921954205220388e+00 4.884334809477510753e-01
4.302501433439228862e+00 4.899948519639361066e-01
4.304080912673237336e+00 4.915587436492994122e-01
4.305660391907247586e+00 4.931251523257670355e-01
4.307239871141256060e+00 4.946940742726618767e-01
4.308819350375264534e+00 4.962655057265437097e-01
4.310398829609273008e+00 4.978394428810331562e-01
4.311978308843281482e+00 4.994158818866495930e-01
4.313557788077289956e+00 5.009948188506403444e-01
4.315137267311298430e+00 5.025762498368151476e-01
4.316716746545306904e+00 5.041601708653755676e-01
4.318296225779315378e+00 5.057465779127527927e-01
4.319875705013323852e+00 5.073354669114371607e-01
4.321455184247332326e+00 5.089268337498138450e-01
4.323034663481340800e+00 5.105206742719931023e-01
4.324614142715349274e+00 5.121169842776484016e-01
4.326193621949357748e+00 5.137157595218481143e-01
4.327773101183366222e+00 5.153169957148898694e-01
4.329352580417374696e+00 5.169206885221361292e-01
4.330932059651383170e+00 5.185268335638471005e-01
4.332511538885391644e+00 5.201354264150185314e-01
4.334091018119400118e+00 5.217464626052152887e-01
4.335670497353408592e+00 5.233599376184083773e-01
4.337249976587417066e+00 5.249758468928066302e-01
4.338829455821425540e+00 5.265941858207022763e-01
4.340408935055434014e+00 5.282149497482981904e-01
4.341988414289442488e+00 5.298381339755473540e-01
4.343567893523450962e+00 5.314637337559928731e-01
4.345147372757459436e+00 5.330917442966033315e-01
4.346726851991467910e+00 5.347221607576119196e-01
4.348306331225476384e+00 5.363549782523513443e-01
4.349885810459484858e+00 5.379901918470972877e-01
4.351465289693493332e+00 5.396277965609040939e-01
4.353044768927501806e+00 5.412677873654460070e-01
4.354624248161510280e+00 5.429101591848537467e-01
4.356203727395518754e+00 5.445549068955586325e-01
4.357783206629529005e+00 5.462020253261328229e-01
4.359362685863537479e+00 5.478515092571231149e-01
4.360942165097545953e+00 5.495033534209006199e-01
4.362521644331554427e+00 5.511575525015030008e-01
4.364101123565562901e+00 5.528141011344699374e-01
4.365680602799571375e+00 5.544729939066883606e-01
4.367260082033579849e+00 5.561342253562375770e-01
4.368839561267588323e+00 5.577977899722311728e-01
4.370419040501596797e+00 5.594636821946619154e-01
4.371998519735605271e+00 5.611318964142429921e-01
4.373577998969613745e+00 5.628024269722577966e-01
4.375157478203622219e+00 5.644752681604017219e-01
4.376736957437630693e+00 5.661504142206303936e-01
4.378316436671639167e+00 5.678278593450023504e-01
4.379895915905647641e+00 5.695075976755310521e-01
4.381475395139656115e+00 5.711896233040285598e-01
4.383054874373664589e+00 5.728739302719546567e-01
4.384634353607673063e+00 5.745605125702666349e-01
4.386213832841681537e+00 5.762493641392643084e-01
4.387793312075690011e+00 5.779404788684449068e-01
4.389372791309698485e+00 5.796338505963491983e-01
4.390952270543706959e+00 5.813294731104159396e-01
4.392531749777715433e+00 5.830273401468286654e-01
4.394111229011723907e+00 5.847274453903710256e-01
4.395690708245732381e+00 5.864297824742791265e-01
4.397270187479740855e+00 5.881343449800913170e-01
4.398849666713749329e+00 5.898411264375067464e-01
4.400429145947757803e+00 5.915501203242372608e-01
4.402008625181766277e+00 5.932613200658626296e-01
4.403588104415774751e+00 5.949747190356848847e-01
4.405167583649783225e+00 5.966903105545878772e-01
4.406747062883791699e+00 5.984080878908918377e-01
4.408326542117800173e+00 6.001280442602117127e-01
4.409906021351810423e+00 6.018501728253186078e-01
4.411485500585818897e+00 6.035744666959874660e-01
4.413064979819827371e+00 6.053009189288727221e-01
4.414644459053835845e+00 6.070295225273606432e-01
4.416223938287844319e+00 6.087602704414295518e-01
4.417803417521852793e+00 6.104931555675137123e-01
4.419382896755861267e+00 6.122281707483659963e-01
4.420962375989869741e+00 6.139653087729214365e-01
4.422541855223878215e+00 6.157045623761623343e-01
4.424121334457886690e+00 6.174459242389782609e-01
4.425700813691895164e+00 6.191893869880396029e-01
4.427280292925903638e+00 6.209349431956593390e-01
4.428859772159912112e+00 6.226825853796608135e-01
4.430439251393920586e+00 6.244323060032470618e-01
4.432018730627929060e+00 6.261840974748693611e-01
4.433598209861937534e+00 6.279379521480965565e-01
4.435177689095946008e+00 6.296938623214868302e-01
4.436757168329954482e+00 6.314518202384596934e-01
4.438336647563962956e+00 6.332118180871637581e-01
4.439916126797971430e+00 6.349738480003560559e-01
4.441495606031979904e+00 6.367379020552770275e-01
4.443075085265988378e+00 6.385039722735185164e-01
4.444654564499996852e+00 6.402720506209046425e-01
4.446234043734005326e+00 6.420421290073682341e-01
4.447813522968013800e+00 6.438141992868297026e-01
4.449393002202022274e+00 6.455882532570702548e-01
4.450972481436030748e+00 6.473642826596196498e-01
4.452551960670039222e+00 6.491422791796322977e-01
4.454131439904047696e+00 6.509222344457689102e-01
4.455710919138056170e+00 6.527041400300804819e-01
4.457290398372064644e+00 6.544879874478909398e-01
4.458869877606073118e+00 6.562737681576823467e-01
4.460449356840081592e+00 6.580614735609803256e-01
4.462028836074091842e+00 6.598510950022434818e-01
4.463608315308100316e+00 6.616426237687401679e-01
4.465187794542108790e+00 6.634360510904533381e-01
4.466767273776117264e+00 6.652313681399603107e-01
4.468346753010125738e+00 6.670285660323250765e-01
4.469926232244134212e+00 6.688276358249913844e-01
4.471505711478142686e+00 6.706285685176746059e-01
4.473085190712151160e+00 6.724313550522572625e-01
4.474664669946159634e+00 6.742359863126830000e-01
4.476244149180168108e+00 6.760424531248535596e-01
4.477823628414176582e+00 6.778507462565273034e-01
4.479403107648185056e+00 6.796608564172127442e-01
4.480982586882193530e+00 6.814727742580759529e-01
4.482562066116202004e+00 6.832864903718368632e-01
4.484141545350210478e+00 6.851019952926713508e-01
4.485721024584218952e+00 6.869192794961164195e-01
4.487300503818227426e+00 6.887383333989727241e-01
4.488879983052235900e+00 6.905591473592115337e-01
4.490459462286244374e+00 6.923817116758812507e-01
4.492038941520252848e+00 6.942060165890153733e-01
4.493618420754261322e+00 6.960320522795421239e-01
4.495197899988269796e+00 6.978598088691949641e-01
4.496777379222278270e+00 6.996892764204242221e-01
4.498356858456286744e+00 7.015204449363108274e-01
4.499936337690295218e+00 7.033533043604799362e-01
4.501515816924303692e+00 7.051878445770175530e-01
4.503095296158312166e+00 7.070240554103883746e-01
4.504674775392320640e+00 7.088619266253485263e-01
4.506254254626329114e+00 7.107014479268737306e-01
4.507833733860337588e+00 7.125426089600752633e-01
4.509413213094346062e+00 7.143853993101226818e-01
4.510992692328354536e+00 7.162298085021682192e-01
4.512572171562363010e+00 7.180758260012722882e-01
4.514151650796373261e+00 7.199234412123316496e-01
4.515731130030381735e+00 7.217726434799970336e-01
4.517310609264390209e+00 7.236234220886171853e-01
4.518890088498398683e+00 7.254757662621648118e-01
4.520469567732407157e+00 7.273296651641636412e-01
4.522049046966415631e+00 7.291851078976222533e-01
4.523628526200424105e+00 7.310420835049766808e-01
4.525208005434432579e+00 7.329005809680202432e-01
4.526787484668441053e+00 7.347605892078440393e-01
4.528366963902449527e+00 7.366220970847756622e-01
4.529946443136458001e+00 7.384850933983202470e-01
4.531525922370466475e+00 7.403495668871031832e-01
4.533105401604474949e+00 7.422155062288154914e-01
4.534684880838483423e+00 7.440829000401532056e-01
4.536264360072491897e+00 7.459517368767737411e-01
4.537843839306500371e+00 7.478220052332380519e-01
4.539423318540508845e+00 7.496936935429625581e-01
4.541002797774517319e+00 7.515667901781710736e-01
4.542582277008525793e+00 7.534412834498480649e-01
4.544161756242534267e+00 7.553171616076927997e-01
4.545741235476542741e+00 7.571944128400774909e-01
4.547320714710551215e+00 7.590730252740038875e-01
4.548900193944559689e+00 7.609529869750641939e-01
4.550479673178568163e+00 7.628342859474017690e-01
4.552059152412576637e+00 7.647169101336748209e-01
4.553638631646585111e+00 7.666008474150205476e-01
4.555218110880593585e+00 7.684860856110222738e-01
4.556797590114602059e+00 7.703726124796770325e-01
4.558377069348610533e+00 7.722604157173675876e-01
4.559956548582619007e+00 7.741494829588266846e-01
4.561536027816627481e+00 7.760398017771210633e-01
4.563115507050635955e+00 7.779313596836192612e-01
4.564694986284644429e+00 7.798241441279698538e-01
4.566274465518654679e+00 7.817181424980838012e-01
4.567853944752663153e+00 7.836133421201022520e-01
4.569433423986671627e+00 7.855097302583948782e-01
4.571012903220680101e+00 7.874072941155377814e-01
4.572592382454688575e+00 7.893060208322938420e-01
4.574171861688697049e+00 7.912058974876052808e-01
4.575751340922705523e+00 7.931069110985836668e-01
4.577330820156713997e+00 7.950090486204943740e-01
4.578910299390722471e+00 7.969122969467592466e-01
4.580489778624730945e+00 7.988166429089450515e-01
4.582069257858739419e+00 8.007220732767612592e-01
4.583648737092747893e+00 8.026285747580598207e-01
4.585228216326756367e+00 8.045361339988345017e-01
4.586807695560764842e+00 8.064447375832237697e-01
4.588387174794773316e+00 8.083543720335163441e-01
4.589966654028781790e+00 8.102650238101516411e-01
4.591546133262790264e+00 8.121766793117372041e-01
4.593125612496798738e+00 8.140893248750517008e-01
4.594705091730807212e+00 8.160029467750595789e-01
4.596284570964815686e+00 8.179175312249232777e-01
4.597864050198824160e+00 8.198330643760247671e-01
4.599443529432832634e+00 8.217495323179766498e-01
4.601023008666841108e+00 8.236669210786417006e-01
4.602602487900849582e+00 8.255852166241627321e-01
4.604181967134858056e+00 8.275044048589800250e-01
4.605761446368866530e+00 8.294244716258595274e-01
4.607340925602875004e+00 8.313454027059203888e-01
4.608920404836883478e+00 8.332671838186656021e-01
4.610499884070891952e+00 8.351898006220134230e-01
4.612079363304900426e+00 8.371132387123325636e-01
4.613658842538908900e+00 8.390374836244794965e-01
4.615238321772917374e+00 8.409625208318309841e-01
4.616817801006925848e+00 8.428883357463334836e-01
4.618397280240936098e+00 8.448149137185414492e-01
4.619976759474944572e+00 8.467422400376595215e-01
4.621556238708953046e+00 8.486702999315902662e-01
4.623135717942961520e+00 8.505990785669920173e-01
4.624715197176969994e+00 8.525285610493181787e-01
4.626294676410978468e+00 8.544587324228760661e-01
4.627874155644986942e+00 8.563895776708820851e-01
4.629453634878995416e+00 8.583210817155200179e-01
4.631033114113003890e+00 8.602532294180007533e-01
4.632612593347012364e+00 8.621860055786200183e-01
4.634192072581020838e+00 8.641193949368309868e-01
4.635771551815029312e+00 8.660533821713047864e-01
4.637351031049037786e+00 8.679879519000013310e-01
4.638930510283046260e+00 8.699230886802401530e-01
4.640509989517054734e+00 8.718587770087732336e-01
4.642089468751063208e+00 8.737950013218612755e-01
4.643668947985071682e+00 8.757317459953510852e-01
4.645248427219080156e+00 8.776689953447572856e-01
4.646827906453088630e+00 8.796067336253392543e-01
4.648407385687097104e+00 8.815449450321923841e-01
4.649986864921105578e+00 8.834836137003356793e-01
4.651566344155114052e+00 8.854227237047938015e-01
4.653145823389122526e+00 8.873622590606942140e-01
4.654725302623131000e+00 8.893022037233602184e-01
4.656304781857139474e+00 8.912425415884082103e-01
4.657884261091147948e+00 8.931832564918408268e-01
4.659463740325156422e+00 8.951243322101569699e-01
4.661043219559164896e+00 8.970657524604492838e-01
4.662622698793173370e+00 8.990075009005109585e-01
4.664202178027181844e+00 9.009495611289446426e-01
4.665781657261190318e+00 9.028919166852730216e-01
4.667361136495198792e+00 9.048345510500508393e-01
4.668940615729207266e+00 9.067774476449834697e-01
4.670520094963217517e+00 9.087205898330384946e-01
4.672099574197225991e+00 9.106639609185703810e-01
4.673679053431234465e+00 9.126075441474454930e-01
4.675258532665242939e+00 9.145513227071632167e-01
4.676838011899251413e+00 9.164952797269841911e-01
4.678417491133259887e+00 9.184393982780618693e-01
4.679996970367268361e+00 9.203836613735731920e-01
4.681576449601276835e+00 9.223280519688554779e-01
4.683155928835285309e+00 9.242725529615429814e-01
4.684735408069293783e+00 9.262171471917066690e-01
4.686314887303302257e+00 9.281618174419989931e-01
4.687894366537310731e+00 9.301065464377922254e-01
4.689473845771319205e+00 9.320513168473355536e-01
4.691053325005327679e+00 9.339961112818990774e-01
4.692632804239336153e+00 9.359409122959270189e-01
4.694212283473344627e+00 9.378857023871942644e-01
4.695791762707353101e+00 9.398304639969632390e-01
4.697371241941361575e+00 9.417751795101438894e-01
4.698950721175370049e+00 9.437198312554566648e-01
4.700530200409378523e+00 9.456644015055990504e-01
4.702109679643386997e+00 9.476088724774112126e-01
4.703689158877395471e+00 9.495532263320485278e-01
4.705268638111403945e+00 9.514974451751534446e-01
4.706848117345412419e+00 9.534415110570315655e-01
4.708427596579420893e+00 9.553854059728303927e-01
4.710007075813429367e+00 9.573291118627192953e-01
4.711586555047437841e+00 9.592726106120746943e-01
4.713166034281446315e+00 9.612158840516606961e-01
4.714745513515454789e+00 9.631589139578266012e-01
4.716324992749463263e+00 9.651016820526919782e-01
4.717904471983471737e+00 9.670441700043417299e-01
4.719483951217480211e+00 9.689863594270239355e-01
4.721063430451488685e+00 9.709282318813479140e-01
4.722642909685498935e+00 9.728697688744893934e-01
4.724222388919507409e+00 9.748109518603838008e-01
4.725801868153515883e+00 9.767517622399490840e-01
4.727381347387524357e+00 9.786921813612907695e-01
4.728960826621532831e+00 9.806321905199035793e-01
4.730540305855541305e+00 9.825717709589012472e-01
4.732119785089549779e+00 9.845109038692262393e-01
4.733699264323558253e+00 9.864495703898722434e-01
4.735278743557566727e+00 9.883877516081076564e-01
4.736858222791575201e+00 9.903254285597011819e-01
4.738437702025583675e+00 9.922625822291502029e-01
4.740017181259592149e+00 9.941991935499128186e-01
4.741596660493600623e+00 9.961352434046422122e-01
4.743176139727609097e+00 9.980707126254187989e-01
4.744755618961617571e+00 1.000005581993996806e+00
4.746335098195626045e+00 1.001939832242042527e+00
4.747914577429634519e+00 1.003873444051377906e+00
4.749494056663642993e+00 1.005806398054231998e+00
4.751073535897651468e+00 1.007738674833486670e+00
4.752653015131659942e+00 1.009670254922932386e+00
4.754232494365668416e+00 1.011601118807524458e+00
4.755811973599676890e+00 1.013531246923638385e+00
4.757391452833685364e+00 1.015460619659334318e+00
4.758970932067693838e+00 1.017389217354619291e+00
4.760550411301702312e+00 1.019317020301713228e+00
4.762129890535710786e+00 1.021244008745320508e+00
4.763709369769719260e+00 1.023170162882899525e+00
4.765288849003727734e+00 1.025095462864938911e+00
4.766868328237736208e+00 1.027019888795236424e+00
4.768447807471744682e+00 1.028943420731173175e+00
4.770027286705753156e+00 1.030866038684005837e+00
4.771606765939761630e+00 1.032787722619145532e+00
4.773186245173770104e+00 1.034708452456448935e+00
4.774765724407780354e+00 1.036628208070512480e+00
4.776345203641788828e+00 1.038546969290952138e+00
4.777924682875797302e+00 1.040464715902724269e+00
4.779504162109805776e+00 1.042381427646404735e+00
4.781083641343814250e+00 1.044297084218500427e+00
4.782663120577822724e+00 1.046211665271751468e+00
4.784242599811831198e+00 1.048125150415440965e+00
4.785822079045839672e+00 1.050037519215700543e+00
4.787401558279848146e+00 1.051948751195831200e+00
4.788981037513856620e+00 1.053858825836613500e+00
4.790560516747865094e+00 1.055767722576628875e+00
4.792139995981873568e+00 1.057675420812580036e+00
4.793719475215882042e+00 1.059581899899615154e+00
4.795298954449890516e+00 1.061487139151655601e+00
4.796878433683898990e+00 1.063391117841726574e+00
4.798457912917907464e+00 1.065293815202283501e+00
4.800037392151915938e+00 1.067195210425556651e+00
4.801616871385924412e+00 1.069095282663882207e+00
4.803196350619932886e+00 1.070994011030045323e+00
4.804775829853941360e+00 1.072891374597621628e+00
4.806355309087949834e+00 1.074787352401328944e+00
4.807934788321958308e+00 1.076681923437369015e+00
4.809514267555966782e+00 1.078575066663779003e+00
4.811093746789975256e+00 1.080466761000793641e+00
4.812673226023983730e+00 1.082356985331195176e+00
4.814252705257992204e+00 1.084245718500675082e+00
4.815832184492000678e+00 1.086132939318197543e+00
4.817411663726009152e+00 1.088018626556362278e+00
4.818991142960017626e+00 1.089902758951774242e+00
4.820570622194026100e+00 1.091785315205413553e+00
4.822150101428034574e+00 1.093666273983010306e+00
4.823729580662043048e+00 1.095545613915414274e+00
4.825309059896051522e+00 1.097423313598981931e+00
4.826888539130061773e+00 1.099299351595954599e+00
4.828468018364070247e+00 1.101173706434837252e+00
4.830047497598078721e+00 1.103046356610793088e+00
4.831626976832087195e+00 1.104917280586029005e+00
4.833206456066095669e+00 1.106786456790186612e+00
4.834785935300104143e+00 1.108653863620738811e+00
4.836365414534112617e+00 1.110519479443385915e+00
4.837944893768121091e+00 1.112383282592456002e+00
4.839524373002129565e+00 1.114245251371308587e+00
4.841103852236138039e+00 1.116105364052734750e+00
4.842683331470146513e+00 1.117963598879372356e+00
4.844262810704154987e+00 1.119819934064111955e+00
4.845842289938163461e+00 1.121674347790510229e+00
4.847421769172171935e+00 1.123526818213206768e+00
4.849001248406180409e+00 1.125377323458341294e+00
4.850580727640188883e+00 1.127225841623974656e+00
4.852160206874197357e+00 1.129072350780512934e+00
4.853739686108205831e+00 1.130916828971133992e+00
4.855319165342214305e+00 1.132759254212210687e+00
4.856898644576222779e+00 1.134599604493749858e+00
4.858478123810231253e+00 1.136437857779824867e+00
4.860057603044239727e+00 1.138273992009004143e+00
4.861637082278248201e+00 1.140107985094798604e+00
4.863216561512256675e+00 1.141939814926099306e+00
4.864796040746265149e+00 1.143769459367618424e+00
4.866375519980273623e+00 1.145596896260342223e+00
4.867954999214282097e+00 1.147422103421974704e+00
4.869534478448290571e+00 1.149245058647391682e+00
4.871113957682299045e+00 1.151065739709091762e+00
4.872693436916307519e+00 1.152884124357655526e+00
4.874272916150315993e+00 1.154700190322202502e+00
4.875852395384324467e+00 1.156513915310852347e+00
4.877431874618332941e+00 1.158325277011191368e+00
4.879011353852343191e+00 1.160134253090732592e+00
4.880590833086351665e+00 1.161940821197387397e+00
4.882170312320360139e+00 1.163744958959940679e+00
4.883749791554368613e+00 1.165546643988517816e+00
4.885329270788377087e+00 1.167345853875062733e+00
4.886908750022385561e+00 1.169142566193816180e+00
4.888488229256394035e+00 1.170936758501796238e+00
4.890067708490402509e+00 1.172728408339279937e+00
4.891647187724410983e+00 1.174517493230288201e+00
4.893226666958419457e+00 1.176303990683075895e+00
4.894806146192427931e+00 1.178087878190620552e+00
4.896385625426436405e+00 1.179869133231108425e+00
4.897965104660444879e+00 1.181647733268438749e+00
4.899544583894453353e+00 1.183423655752714243e+00
4.901124063128461827e+00 1.185196878120740704e+00
4.902703542362470301e+00 1.186967377796528833e+00
4.904283021596478775e+00 1.188735132191797605e+00
4.905862500830487249e+00 1.190500118706478538e+00
4.907441980064495723e+00 1.192262314729225281e+00
4.909021459298504197e+00 1.194021697637922319e+00
4.910600938532512671e+00 1.195778244800196788e+00
4.912180417766521145e+00 1.197531933573933838e+00
4.913759897000529620e+00 1.199282741307793110e+00
4.915339376234538094e+00 1.201030645341726100e+00
4.916918855468546568e+00 1.202775623007497074e+00
4.918498334702555042e+00 1.204517651629207320e+00
4.920077813936563516e+00 1.206256708523818943e+00
4.921657293170571990e+00 1.207992771001678456e+00
4.923236772404580464e+00 1.209725816367053675e+00
4.924816251638588938e+00 1.211455821918656639e+00
4.926395730872597412e+00 1.213182764950182957e+00
4.927975210106605886e+00 1.214906622750841603e+00
4.929554689340614360e+00 1.216627372605895374e+00
4.931134168574624610e+00 1.218344991797201793e+00
4.932713647808633084e+00 1.220059457603740682e+00
4.934293127042641558e+00 1.221770747302180604e+00
4.935872606276650032e+00 1.223478838167404881e+00
4.937452085510658506e+00 1.225183707473060490e+00
4.939031564744666980e+00 1.226885332492115399e+00
4.940611043978675454e+00 1.228583690497401903e+00
4.942190523212683928e+00 1.230278758762170410e+00
4.943770002446692402e+00 1.231970514560644325e+00
4.945349481680700876e+00 1.233658935168575610e+00
4.946928960914709350e+00 1.235343997863802556e+00
4.948508440148717824e+00 1.237025679926808674e+00
4.950087919382726298e+00 1.238703958641286906e+00
4.951667398616734772e+00 1.240378811294695627e+00
4.953246877850743246e+00 1.242050215178831518e+00
4.954826357084751720e+00 1.243718147590392009e+00
4.956405836318760194e+00 1.245382585831543043e+00
4.957985315552768668e+00 1.247043507210489954e+00
4.959564794786777142e+00 1.248700889042047901e+00
4.961144274020785616e+00 1.250354708648216295e+00
4.962723753254794090e+00 1.252004943358750566e+00
4.964303232488802564e+00 1.253651570511741919e+00
4.965882711722811038e+00 1.255294567454192878e+00
4.967462190956819512e+00 1.256933911542596150e+00
4.969041670190827986e+00 1.258569580143516387e+00
4.970621149424836460e+00 1.260201550634172385e+00
4.972200628658844934e+00 1.261829800403019730e+00
4.973780107892853408e+00 1.263454306850337883e+00
4.975359587126861882e+00 1.265075047388815044e+00
4.976939066360870356e+00 1.266691999444134131e+00
4.978518545594878830e+00 1.268305140455567193e+00
4.980098024828887304e+00 1.269914447876562935e+00
4.981677504062895778e+00 1.271519899175338919e+00
4.983256983296906029e+00 1.273121471835477525e+00
4.984836462530914503e+00 1.274719143356508599e+00
4.986415941764922977e+00 1.276312891254527626e+00
4.987995420998931451e+00 1.277902693062772599e+00
4.989574900232939925e+00 1.279488526332230425e+00
4.991154379466948399e+00 1.281070368632239553e+00
4.992733858700956873e+00 1.282648197551079949e+00
4.994313337934965347e+00 1.284221990696587490e+00
4.995892817168973821e+00 1.285791725696748600e+00
4.997472296402982295e+00 1.287357380200308654e+00
4.999051775636990769e+00 1.288918931877373275e+00
5.000631254870999243e+00 1.290476358420017622e+00
5.002210734105007717e+00 1.292029637542891685e+00
5.003790213339016191e+00 1.293578746983830019e+00
5.005369692573024665e+00 1.295123664504459482e+00
5.006949171807033139e+00 1.296664367890808522e+00
5.008528651041041613e+00 1.298200834953920690e+00
5.010108130275050087e+00 1.299733043530465260e+00
5.011687609509058561e+00 1.301260971483349849e+00
5.013267088743067035e+00 1.302784596702332376e+00
5.014846567977075509e+00 1.304303897104641674e+00
5.016426047211083983e+00 1.305818850635584560e+00
5.018005526445092457e+00 1.307329435269163787e+00
5.019585005679100931e+00 1.308835629008699986e+00
5.021164484913109405e+00 1.310337409887443627e+00
5.022743964147117879e+00 1.311834755969195854e+00
5.024323443381126353e+00 1.313327645348925099e+00
5.025902922615134827e+00 1.314816056153388368e+00
5.027482401849143301e+00 1.316299966541750521e+00
5.029061881083151775e+00 1.317779354706204220e+00
5.030641360317160249e+00 1.319254198872593431e+00
5.032220839551168723e+00 1.320724477301028932e+00
5.033800318785177197e+00 1.322190168286518475e+00
5.035379798019187447e+00 1.323651250159585402e+00
5.036959277253195921e+00 1.325107701286888595e+00
5.038538756487204395e+00 1.326559500071852638e+00
5.040118235721212869e+00 1.328006624955286430e+00
5.041697714955221343e+00 1.329449054416008913e+00
5.043277194189229817e+00 1.330886766971473456e+00
5.044856673423238291e+00 1.332319741178394246e+00
5.046436152657246765e+00 1.333747955633367788e+00
5.048015631891255239e+00 1.335171388973502182e+00
5.049595111125263713e+00 1.336590019877037516e+00
5.051174590359272187e+00 1.338003827063977802e+00
5.052754069593280661e+00 1.339412789296711814e+00
5.054333548827289135e+00 1.340816885380642365e+00
5.055913028061297609e+00 1.342216094164809137e+00
5.057492507295306083e+00 1.343610394542516850e+00
5.059071986529314557e+00 1.344999765451961871e+00
5.060651465763323031e+00 1.346384185876857487e+00
5.062230944997331505e+00 1.347763634847056524e+00
5.063810424231339979e+00 1.349138091439185505e+00
5.065389903465348453e+00 1.350507534777261487e+00
5.066969382699356927e+00 1.351871944033327111e+00
5.068548861933365401e+00 1.353231298428068330e+00
5.070128341167373875e+00 1.354585577231443017e+00
5.071707820401382349e+00 1.355934759763308239e+00
5.073287299635390823e+00 1.357278825394040211e+00
5.074866778869399297e+00 1.358617753545164897e+00
5.076446258103407772e+00 1.359951523689979958e+00
5.078025737337416246e+00 1.361280115354177589e+00
5.079605216571424720e+00 1.362603508116470685e+00
5.081184695805433194e+00 1.363921681609215009e+00
5.082764175039441668e+00 1.365234615519032246e+00
5.084343654273450142e+00 1.366542289587433068e+00
5.085923133507458616e+00 1.367844683611440182e+00
5.087502612741468866e+00 1.369141777444205843e+00
5.089082091975477340e+00 1.370433550995636240e+00
5.090661571209485814e+00 1.371719984233013889e+00
5.092241050443494288e+00 1.373001057181613360e+00
5.093820529677502762e+00 1.374276749925322116e+00
5.095400008911511236e+00 1.375547042607260018e+00
5.096979488145519710e+00 1.376811915430394606e+00
5.098558967379528184e+00 1.378071348658161499e+00
5.100138446613536658e+00 1.379325322615078342e+00
5.101717925847545132e+00 1.380573817687361426e+00
5.103297405081553606e+00 1.381816814323540310e+00
5.104876884315562080e+00 1.383054293035069993e+00
5.106456363549570554e+00 1.384286234396947091e+00
5.108035842783579028e+00 1.385512619048320904e+00
5.109615322017587502e+00 1.386733427693101595e+00
5.111194801251595976e+00 1.387948641100574587e+00
5.112774280485604450e+00 1.389158240106006970e+00
5.114353759719612924e+00 1.390362205611256563e+00
5.115933238953621398e+00 1.391560518585378325e+00
5.117512718187629872e+00 1.392753160065231199e+00
5.119092197421638346e+00 1.393940111156082740e+00
5.120671676655646820e+00 1.395121353032210187e+00
5.122251155889655294e+00 1.396296866937507097e+00
5.123830635123663768e+00 1.397466634186081968e+00
5.125410114357672242e+00 1.398630636162857543e+00
5.126989593591680716e+00 1.399788854324171439e+00
5.128569072825689190e+00 1.400941270198370336e+00
5.130148552059697664e+00 1.402087865386409948e+00
5.131728031293706138e+00 1.403228621562445433e+00
5.133307510527714612e+00 1.404363520474428917e+00
5.134886989761723086e+00 1.405492543944695694e+00
5.136466468995731560e+00 1.406615673870558636e+00
5.138045948229740034e+00 1.407732892224895282e+00
5.139625427463750285e+00 1.408844181056736256e+00
5.141204906697758759e+00 1.409949522491843465e+00
5.142784385931767233e+00 1.411048898733307189e+00
5.144363865165775707e+00 1.412142292062118276e+00
5.145943344399784181e+00 1.413229684837748357e+00
5.147522823633792655e+00 1.414311059498735590e+00
5.149102302867801129e+00 1.415386398563255321e+00
5.150681782101809603e+00 1.416455684629698286e+00
5.152261261335818077e+00 1.417518900377243485e+00
5.153840740569826551e+00 1.418576028566429947e+00
5.155420219803835025e+00 1.419627052039725390e+00
5.156999699037843499e+00 1.420671953722095981e+00
5.158579178271851973e+00 1.421710716621571891e+00
5.160158657505860447e+00 1.422743323829807505e+00
5.161738136739868921e+00 1.423769758522650086e+00
5.163317615973877395e+00 1.424790003960693552e+00
5.164897095207885869e+00 1.425804043489840911e+00
5.166476574441894343e+00 1.426811860541856491e+00
5.168056053675902817e+00 1.427813438634921273e+00
5.169635532909911291e+00 1.428808761374185998e+00
5.171215012143919765e+00 1.429797812452315853e+00
5.172794491377928239e+00 1.430780575650043129e+00
5.174373970611936713e+00 1.431757034836707909e+00
5.175953449845945187e+00 1.432727173970802959e+00
5.177532929079953661e+00 1.433690977100513297e+00
5.179112408313962135e+00 1.434648428364253547e+00
5.180691887547970609e+00 1.435599511991204613e+00
5.182271366781979083e+00 1.436544212301846590e+00
5.183850846015987557e+00 1.437482513708489229e+00
5.185430325249996031e+00 1.438414400715799069e+00
5.187009804484004505e+00 1.439339857921328791e+00
5.188589283718012979e+00 1.440258870016036585e+00
5.190168762952021453e+00 1.441171421784809503e+00
5.191748242186031703e+00 1.442077498106981270e+00
5.193327721420040177e+00 1.442977083956843654e+00
5.194907200654048651e+00 1.443870164404168932e+00
5.196486679888057125e+00 1.444756724614710386e+00
5.198066159122065599e+00 1.445636749850715219e+00
5.199645638356074073e+00 1.446510225471427713e+00
5.201225117590082547e+00 1.447377136933590602e+00
5.202804596824091021e+00 1.448237469791946896e+00
5.204384076058099495e+00 1.449091209699734817e+00
5.205963555292107969e+00 1.449938342409180958e+00
5.207543034526116443e+00 1.450778853771992560e+00
5.209122513760124917e+00 1.451612729739842900e+00
5.210701992994133391e+00 1.452439956364859786e+00
5.212281472228141865e+00 1.453260519800104511e+00
5.213860951462150339e+00 1.454074406300053024e+00
5.215440430696158813e+00 1.454881602221069770e+00
5.217019909930167287e+00 1.455682094021882644e+00
5.218599389164175761e+00 1.456475868264051954e+00
5.220178868398184235e+00 1.457262911612437817e+00
5.221758347632192709e+00 1.458043210835662684e+00
5.223337826866201183e+00 1.458816752806574524e+00
5.224917306100209657e+00 1.459583524502700680e+00
5.226496785334218131e+00 1.460343513006704175e+00
5.228076264568226605e+00 1.461096705506833571e+00
5.229655743802235079e+00 1.461843089297372611e+00
5.231235223036243553e+00 1.462582651779082532e+00
5.232814702270252027e+00 1.463315380459643933e+00
5.234394181504260501e+00 1.464041262954095091e+00
5.235973660738268975e+00 1.464760286985264726e+00
5.237553139972277449e+00 1.465472440384204544e+00
5.239132619206285923e+00 1.466177711090617120e+00
5.240712098440294398e+00 1.466876087153277997e+00
5.242291577674302872e+00 1.467567556730457801e+00
5.243871056908313122e+00 1.468252108090340347e+00
5.245450536142321596e+00 1.468929729611432977e+00
5.247030015376330070e+00 1.469600409782981565e+00
5.248609494610338544e+00 1.470264137205372634e+00
5.250188973844347018e+00 1.470920900590539038e+00
5.251768453078355492e+00 1.471570688762357859e+00
5.253347932312363966e+00 1.472213490657046986e+00
5.254927411546372440e+00 1.472849295323556795e+00
5.256506890780380914e+00 1.473478091923958511e+00
5.258086370014389388e+00 1.474099869733829005e+00
5.259665849248397862e+00 1.474714618142631384e+00
5.261245328482406336e+00 1.475322326654093352e+00
5.262824807716414810e+00 1.475922984886579581e+00
5.264404286950423284e+00 1.476516582573460523e+00
5.265983766184431758e+00 1.477103109563480121e+00
5.267563245418440232e+00 1.477682555821115962e+00
5.269142724652448706e+00 1.478254911426938989e+00
5.270722203886457180e+00 1.478820166577965889e+00
5.272301683120465654e+00 1.479378311588011474e+00
5.273881162354474128e+00 1.479929336888031521e+00
5.275460641588482602e+00 1.480473233026470936e+00
5.277040120822491076e+00 1.481009990669595711e+00
5.278619600056499550e+00 1.481539600601831541e+00
5.280199079290508024e+00 1.482062053726093120e+00
5.281778558524516498e+00 1.482577341064108545e+00
5.283358037758524972e+00 1.483085453756745942e+00
5.284937516992533446e+00 1.483586383064327663e+00
5.286516996226541920e+00 1.484080120366944922e+00
5.288096475460550394e+00 1.484566657164771097e+00
5.289675954694558868e+00 1.485045985078363717e+00
5.291255433928567342e+00 1.485518095848967546e+00
5.292834913162575816e+00 1.485982981338812792e+00
5.294414392396584290e+00 1.486440633531409317e+00
5.295993871630594541e+00 1.486891044531830630e+00
5.297573350864603015e+00 1.487334206567006323e+00
5.299152830098611489e+00 1.487770111985996735e+00
5.300732309332619963e+00 1.488198753260273399e+00
5.302311788566628437e+00 1.488620122983987493e+00
5.303891267800636911e+00 1.489034213874242063e+00
5.305470747034645385e+00 1.489441018771350045e+00
5.307050226268653859e+00 1.489840530639099381e+00
5.308629705502662333e+00 1.490232742565003488e+00
5.310209184736670807e+00 1.490617647760553499e+00
5.311788663970679281e+00 1.490995239561464736e+00
5.313368143204687755e+00 1.491365511427916068e+00
5.314947622438696229e+00 1.491728456944791725e+00
5.316527101672704703e+00 1.492084069821908887e+00
5.318106580906713177e+00 1.492432343894250835e+00
5.319686060140721651e+00 1.492773273122187883e+00
5.321265539374730125e+00 1.493106851591698092e+00
5.322845018608738599e+00 1.493433073514581988e+00
5.324424497842747073e+00 1.493751933228673945e+00
5.326003977076755547e+00 1.494063425198046691e+00
5.327583456310764021e+00 1.494367544013214255e+00
5.329162935544772495e+00 1.494664284391329367e+00
5.330742414778780969e+00 1.494953641176374859e+00
5.332321894012789443e+00 1.495235609339351068e+00
5.333901373246797917e+00 1.495510183978460139e+00
5.335480852480806391e+00 1.495777360319286320e+00
5.337060331714814865e+00 1.496037133714966050e+00
5.338639810948823339e+00 1.496289499646362486e+00
5.340219290182831813e+00 1.496534453722226488e+00
5.341798769416840287e+00 1.496771991679359370e+00
5.343378248650848761e+00 1.497002109382767454e+00
5.344957727884857235e+00 1.497224802825813939e+00
5.346537207118865709e+00 1.497440068130365010e+00
5.348116686352875959e+00 1.497647901546931504e+00
5.349696165586884433e+00 1.497848299454804799e+00
5.351275644820892907e+00 1.498041258362192929e+00
5.352855124054901381e+00 1.498226774906345593e+00
5.354434603288909855e+00 1.498404845853676282e+00
5.356014082522918329e+00 1.498575468099882624e+00
5.357593561756926803e+00 1.498738638670059853e+00
5.359173040990935277e+00 1.498894354718809607e+00
5.360752520224943751e+00 1.499042613530342294e+00
5.362331999458952225e+00 1.499183412518580560e+00
5.363911478692960699e+00 1.499316749227249890e+00
5.365490957926969173e+00 1.499442621329970970e+00
5.367070437160977647e+00 1.499561026630343630e+00
5.368649916394986121e+00 1.499671963062029878e+00
5.370229395628994595e+00 1.499775428688826517e+00
5.371808874863003069e+00 1.499871421704737973e+00
5.373388354097011543e+00 1.499959940434041794e+00
5.374967833331020017e+00 1.500040983331350830e+00
5.376547312565028491e+00 1.500114548981668960e+00
5.378126791799036965e+00 1.500180636100444165e+00
5.379706271033045439e+00 1.500239243533615152e+00
5.381285750267053913e+00 1.500290370257652217e+00
5.382865229501062387e+00 1.500334015379597652e+00
5.384444708735070861e+00 1.500370178137096611e+00
5.386024187969079335e+00 1.500398857898425309e+00
5.387603667203087809e+00 1.500420054162513672e+00
5.389183146437096283e+00 1.500433766558966875e+00
5.390762625671104757e+00 1.500439994848072889e+00
5.392342104905113231e+00 1.500438738920817805e+00
5.393921584139121705e+00 1.500429998798885833e+00
5.395501063373130179e+00 1.500413774634659081e+00
5.397080542607138653e+00 1.500390066711213999e+00
5.398660021841147127e+00 1.500358875442307172e+00
5.400239501075157378e+00 1.500320201372364437e+00
5.401818980309165852e+00 1.500274045176457793e+00
5.403398459543174326e+00 1.500220407660281641e+00
5.404977938777182800e+00 1.500159289760123471e+00
5.406557418011191274e+00 1.500090692542829895e+00
5.408136897245199748e+00 1.500014617205765344e+00
5.409716376479208222e+00 1.499931065076771208e+00
5.411295855713216696e+00 1.499840037614113886e+00
5.412875334947225170e+00 1.499741536406434372e+00
5.414454814181233644e+00 1.499635563172688313e+00
5.416034293415242118e+00 1.499522119762081829e+00
5.417613772649250592e+00 1.499401208154007348e+00
5.419193251883259066e+00 1.499272830457966332e+00
5.420772731117267540e+00 1.499136988913495339e+00
5.422352210351276014e+00 1.498993685890082972e+00
5.423931689585284488e+00 1.498842923887083067e+00
5.425511168819292962e+00 1.498684705533622319e+00
5.427090648053301436e+00 1.498519033588504357e+00
5.428670127287309910e+00 1.498345910940109604e+00
5.430249606521318384e+00 1.498165340606289142e+00
5.431829085755326858e+00 1.497977325734251686e+00
5.433408564989335332e+00 1.497781869600452787e+00
5.434988044223343806e+00 1.497578975610471375e+00
5.436567523457352280e+00 1.497368647298886746e+00
5.438147002691360754e+00 1.497150888329147556e+00
5.439726481925369228e+00 1.496925702493440591e+00
5.441305961159377702e+00 1.496693093712549771e+00
5.442885440393386176e+00 1.496453066035714041e+00
5.444464919627394650e+00 1.496205623640477711e+00
5.446044398861403124e+00 1.495950770832539911e+00
5.447623878095411598e+00 1.495688512045596053e+00
5.449203357329420072e+00 1.495418851841177066e+00
5.450782836563428546e+00 1.495141794908479760e+00
5.452362315797438796e+00 1.494857346064200065e+00
5.453941795031447271e+00 1.494565510252355178e+00
5.455521274265455745e+00 1.494266292544101482e+00
5.457100753499464219e+00 1.493959698137552472e+00
5.458680232733472693e+00 1.493645732357587574e+00
5.460259711967481167e+00 1.493324400655660078e+00
5.461839191201489641e+00 1.492995708609596406e+00
5.463418670435498115e+00 1.492659661923392722e+00
5.464998149669506589e+00 1.492316266427010429e+00
5.466577628903515063e+00 1.491965528076162784e+00
5.468157108137523537e+00 1.491607452952094182e+00
5.469736587371532011e+00 1.491242047261366110e+00
5.471316066605540485e+00 1.490869317335626443e+00
5.472895545839548959e+00 1.490489269631381397e+00
5.474475025073557433e+00 1.490101910729762169e+00
5.476054504307565907e+00 1.489707247336283569e+00
5.477633983541574381e+00 1.489305286280602214e+00
5.479213462775582855e+00 1.488896034516270284e+00
5.480792942009591329e+00 1.488479499120480831e+00
5.482372421243599803e+00 1.488055687293813989e+00
5.483951900477608277e+00 1.487624606359973845e+00
5.485531379711616751e+00 1.487186263765525318e+00
5.487110858945625225e+00 1.486740667079625489e+00
5.488690338179633699e+00 1.486287823993747370e+00
5.490269817413642173e+00 1.485827742321404354e+00
5.491849296647650647e+00 1.485360429997867548e+00
5.493428775881659121e+00 1.484885895079878892e+00
5.495008255115667595e+00 1.484404145745360726e+00
5.496587734349676069e+00 1.483915190293122022e+00
5.498167213583684543e+00 1.483419037142558405e+00
5.499746692817693017e+00 1.482915694833349063e+00
5.501326172051701491e+00 1.482405172025149209e+00
5.502905651285709965e+00 1.481887477497280781e+00
5.504485130519720215e+00 1.481362620148414244e+00
5.506064609753728689e+00 1.480830608996251296e+00
5.507644088987737163e+00 1.480291453177198679e+00
5.509223568221745637e+00 1.479745161946042664e+00
5.510803047455754111e+00 1.479191744675616427e+00
5.512382526689762585e+00 1.478631210856464762e+00
5.513962005923771059e+00 1.478063570096503465e+00
5.515541485157779533e+00 1.477488832120676943e+00
5.517120964391788007e+00 1.476907006770608710e+00
5.518700443625796481e+00 1.476318104004251675e+00
5.520279922859804955e+00 1.475722133895532195e+00
5.521859402093813429e+00 1.475119106633990151e+00
5.523438881327821903e+00 1.474509032524415675e+00
5.525018360561830377e+00 1.473891921986482778e+00
5.526597839795838851e+00 1.473267785554377429e+00
5.528177319029847325e+00 1.472636633876425183e+00
5.529756798263855799e+00 1.471998477714710152e+00
5.531336277497864273e+00 1.471353327944692646e+00
5.532915756731872747e+00 1.470701195554826368e+00
5.534495235965881221e+00 1.470042091646167393e+00
5.536074715199889695e+00 1.469376027431977150e+00
5.537654194433898169e+00 1.468703014237330962e+00
5.539233673667906643e+00 1.468023063498715253e+00
5.540813152901915117e+00 1.467336186763623207e+00
5.542392632135923591e+00 1.466642395690145984e+00
5.543972111369932065e+00 1.465941702046563488e+00
5.545551590603940539e+00 1.465234117710928263e+00
5.547131069837949013e+00 1.464519654670648263e+00
5.548710549071957487e+00 1.463798325022062752e+00
5.550290028305965961e+00 1.463070140970018862e+00
5.551869507539974435e+00 1.462335114827442606e+00
5.553448986773982909e+00 1.461593259014907220e+00
5.555028466007991383e+00 1.460844586060195294e+00
5.556607945242001634e+00 1.460089108597862007e+00
5.558187424476010108e+00 1.459326839368795703e+00
5.559766903710018582e+00 1.458557791219764699e+00
5.561346382944027056e+00 1.457781977102974302e+00
5.562925862178035530e+00 1.456999410075615176e+00
5.564505341412044004e+00 1.456210103299405256e+00
5.566084820646052478e+00 1.455414070040131680e+00
5.567664299880060952e+00 1.454611323667191591e+00
5.569243779114069426e+00 1.453801877653123853e+00
5.570823258348077900e+00 1.452985745573144971e+00
5.572402737582086374e+00 1.452162941104675031e+00
5.573982216816094848e+00 1.451333478026865853e+00
5.575561696050103322e+00 1.450497370220121152e+00
5.577141175284111796e+00 1.449654631665621141e+00
5.578720654518120270e+00 1.448805276444835144e+00
5.580300133752128744e+00 1.447949318739037095e+00
5.581879612986137218e+00 1.447086772828817480e+00
5.583459092220145692e+00 1.446217653093589961e+00
5.585038571454154166e+00 1.445341974011099317e+00
5.586618050688162640e+00 1.444459750156920741e+00
5.588197529922171114e+00 1.443570996203962231e+00
5.589777009156179588e+00 1.442675726921960333e+00
5.591356488390188062e+00 1.441773957176974097e+00
5.592935967624196536e+00 1.440865701930877707e+00
5.594515446858205010e+00 1.439950976240848890e+00
5.596094926092213484e+00 1.439029795258853994e+00
5.597674405326221958e+00 1.438102174231133734e+00
5.599253884560230432e+00 1.437168128497680053e+00
5.600833363794238906e+00 1.436227673491721424e+00
5.602412843028247380e+00 1.435280824739191718e+00
5.603992322262255854e+00 1.434327597858206627e+00
5.605571801496264328e+00 1.433368008558535189e+00
5.607151280730272802e+00 1.432402072641066226e+00
5.608730759964283052e+00 1.431429805997274318e+00
5.610310239198291526e+00 1.430451224608690453e+00
5.611889718432300000e+00 1.429466344546349355e+00
5.613469197666308474e+00 1.428475181970260799e+00
5.615048676900316948e+00 1.427477753128861160e+00
5.616628156134325422e+00 1.426474074358467181e+00
5.618207635368333897e+00 1.425464162082731967e+00
5.619787114602342371e+00 1.424448032812090315e+00
5.621366593836350845e+00 1.423425703143208265e+00
5.622946073070359319e+00 1.422397189758429992e+00
5.624525552304367793e+00 1.421362509425220022e+00
5.626105031538376267e+00 1.420321678995603909e+00
5.627684510772384741e+00 1.419274715405610010e+00
5.629263990006393215e+00 1.418221635674704828e+00
5.630843469240401689e+00 1.417162456905227685e+00
5.632422948474410163e+00 1.416097196281828730e+00
5.634002427708418637e+00 1.415025871070894503e+00
5.635581906942427111e+00 1.413948498619981287e+00
5.637161386176435585e+00 1.412865096357240891e+00
5.638740865410444059e+00 1.411775681790849113e+00
5.640320344644452533e+00 1.410680272508426203e+00
5.641899823878461007e+00 1.409578886176461765e+00
5.643479303112469481e+00 1.408471540539737443e+00
5.645058782346477955e+00 1.407358253420741168e+00
5.646638261580486429e+00 1.406239042719085841e+00
5.648217740814494903e+00 1.405113926410927583e+00
5.649797220048503377e+00 1.403982922548376422e+00
5.651376699282511851e+00 1.402846049258911432e+00
5.652956178516520325e+00 1.401703324744789425e+00
5.654535657750528799e+00 1.400554767282454538e+00
5.656115136984537273e+00 1.399400395221949811e+00
5.657694616218545747e+00 1.398240226986318113e+00
5.659274095452554221e+00 1.397074281071009727e+00
5.660853574686562695e+00 1.395902576043288157e+00
5.662433053920572945e+00 1.394725130541627500e+00
5.664012533154581419e+00 1.393541963275119588e+00
5.665592012388589893e+00 1.392353093022867805e+00
5.667171491622598367e+00 1.391158538633388897e+00
5.668750970856606841e+00 1.389958319024009681e+00
5.670330450090615315e+00 1.388752453180262414e+00
5.671909929324623789e+00 1.387540960155278835e+00
5.673489408558632263e+00 1.386323859069188646e+00
5.675068887792640737e+00 1.385101169108504893e+00
5.676648367026649211e+00 1.383872909525520445e+00
5.678227846260657685e+00 1.382639099637697377e+00
5.679807325494666159e+00 1.381399758827056345e+00
5.681386804728674633e+00 1.380154906539565518e+00
5.682966283962683107e+00 1.378904562284526403e+00
5.684545763196691581e+00 1.377648745633963445e+00
5.686125242430700055e+00 1.376387476222006967e+00
5.687704721664708529e+00 1.375120773744282321e+00
5.689284200898717003e+00 1.373848657957288388e+00
5.690863680132725477e+00 1.372571148677786068e+00
5.692443159366733951e+00 1.371288265782175220e+00
5.694022638600742425e+00 1.370000029205883152e+00
5.695602117834750899e+00 1.368706458942742454e+00
5.697181597068759373e+00 1.367407575044369716e+00
5.698761076302767847e+00 1.366103397619551796e+00
5.700340555536776321e+00 1.364793946833616545e+00
5.701920034770784795e+00 1.363479242907817746e+00
5.703499514004793269e+00 1.362159306118712276e+00
5.705078993238801743e+00 1.360834156797536387e+00
5.706658472472810217e+00 1.359503815329583531e+00
5.708237951706818691e+00 1.358168302153581086e+00
5.709817430940827165e+00 1.356827637761069294e+00
5.711396910174835639e+00 1.355481842695771988e+00
5.712976389408844113e+00 1.354130937552978864e+00
5.714555868642854364e+00 1.352774942978913764e+00
5.716135347876862838e+00 1.351413879670117613e+00
5.717714827110871312e+00 1.350047768372815149e+00
5.719294306344879786e+00 1.348676629882295863e+00
5.720873785578888260e+00 1.347300485042284723e+00
5.722453264812896734e+00 1.345919354744318230e+00
5.724032744046905208e+00 1.344533259927118252e+00
5.725612223280913682e+00 1.343142221575964967e+00
5.727191702514922156e+00 1.341746260722071149e+00
5.728771181748930630e+00 1.340345398441959990e+00
5.730350660982939104e+00 1.338939655856832056e+00
5.731930140216947578e+00 1.337529054131942674e+00
5.733509619450956052e+00 1.336113614475977318e+00
5.735089098684964526e+00 1.334693358140423225e+00
5.736668577918973000e+00 1.333268306418944782e+00
5.738248057152981474e+00 1.331838480646756695e+00
5.739827536386989948e+00 1.330403902199999377e+00
5.741407015620998422e+00 1.328964592495112118e+00
5.742986494855006896e+00 1.327520572988213132e+00
5.744565974089015370e+00 1.326071865174463849e+00
5.746145453323023844e+00 1.324618490587455177e+00
5.747724932557032318e+00 1.323160470798578459e+00
5.749304411791040792e+00 1.321697827416400184e+00
5.750883891025049266e+00 1.320230582086040716e+00
5.752463370259057740e+00 1.318758756488549011e+00
5.754042849493066214e+00 1.317282372340284002e+00
5.755622328727074688e+00 1.315801451392285770e+00
5.757201807961083162e+00 1.314316015429658258e+00
5.758781287195091636e+00 1.312826086270945769e+00
5.760360766429100110e+00 1.311331685767513244e+00
5.761940245663108584e+00 1.309832835802925199e+00
5.763519724897117058e+00 1.308329558292325778e+00
5.765099204131125532e+00 1.306821875181820136e+00
5.766678683365135782e+00 1.305309808447855380e+00
5.768258162599144256e+00 1.303793380096604615e+00
5.769837641833152730e+00 1.302272612163345222e+00
5.771417121067161204e+00 1.300747526711848456e+00
5.772996600301169678e+00 1.299218145833758831e+00
5.774576079535178152e+00 1.297684491647981275e+00
5.776155558769186626e+00 1.296146586300066073e+00
5.777735038003195100e+00 1.294604451961597125e+00
5.779314517237203574e+00 1.293058110829577778e+00
5.780893996471212049e+00 1.291507585125820867e+00
5.782473475705220523e+00 1.289952897096335427e+00
5.784052954939228997e+00 1.288394069010721399e+00
5.785632434173237471e+00 1.286831123161556345e+00
5.787211913407245945e+00 1.285264081863789265e+00
5.788791392641254419e+00 1.283692967454133749e+00
5.790370871875262893e+00 1.282117802290462905e+00
5.791950351109271367e+00 1.280538608751203844e+00
5.793529830343279841e+00 1.278955409234734386e+00
5.795109309577288315e+00 1.277368226158779319e+00
5.796688788811296789e+00 1.275777081959811099e+00
5.798268268045305263e+00 1.274181999092447448e+00
5.799847747279313737e+00 1.272583000028854272e+00
5.801427226513322211e+00 1.270980107258145919e+00
5.803006705747330685e+00 1.269373343285789435e+00
5.804586184981339159e+00 1.267762730633008372e+00
5.806165664215347633e+00 1.266148291836189932e+00
5.807745143449356107e+00 1.264530049446290327e+00
5.809324622683364581e+00 1.262908026028246589e+00
5.810904101917373055e+00 1.261282244160381705e+00
5.812483581151381529e+00 1.259652726433818426e+00
5.814063060385390003e+00 1.258019495451891956e+00
5.815642539619398477e+00 1.256382573829562199e+00
5.817222018853406951e+00 1.254741984192831339e+00
5.818801498087417201e+00 1.253097749178157638e+00
5.820380977321425675e+00 1.251449891431879680e+00
5.821960456555434149e+00 1.249798433609627724e+00
5.823539935789442623e+00 1.248143398375751278e+00
5.825119415023451097e+00 1.246484808402738231e+00
5.826698894257459571e+00 1.244822686370644416e+00
5.828278373491468045e+00 1.243157054966512742e+00
5.829857852725476519e+00 1.241487936883805432e+00
5.831437331959484993e+00 1.239815354821831583e+00
5.833016811193493467e+00 1.238139331485177852e+00
5.834596290427501941e+00 1.236459889583142235e+00
5.836175769661510415e+00 1.234777051829166528e+00
5.837755248895518889e+00 1.233090840940273214e+00
5.839334728129527363e+00 1.231401279636501478e+00
5.840914207363535837e+00 1.229708390640352533e+00
5.842493686597544311e+00 1.228012196676220080e+00
5.844073165831552785e+00 1.226312720469841855e+00
5.845652645065561259e+00 1.224609984747741631e+00
5.847232124299569733e+00 1.222904012236675886e+00
5.848811603533578207e+00 1.221194825663077577e+00
5.850391082767586681e+00 1.219482447752517684e+00
5.851970562001595155e+00 1.217766901229144327e+00
5.853550041235603629e+00 1.216048208815145193e+00
5.855129520469612103e+00 1.214326393230198642e+00
5.856708999703620577e+00 1.212601477190934807e+00
5.858288478937629051e+00 1.210873483410392915e+00
5.859867958171637525e+00 1.209142434597485050e+00
5.861447437405645999e+00 1.207408353456456807e+00
5.863026916639654473e+00 1.205671262686355050e+00
5.864606395873662947e+00 1.203931184980497449e+00
5.866185875107671421e+00 1.202188143025937350e+00
5.867765354341679895e+00 1.200442159502938644e+00
5.869344833575688369e+00 1.198693257084449293e+00
5.870924312809698620e+00 1.196941458435574646e+00
5.872503792043707094e+00 1.195186786213061625e+00
5.874083271277715568e+00 1.193429263064770263e+00
5.875662750511724042e+00 1.191668911629162775e+00
5.877242229745732516e+00 1.189905754534783977e+00
5.878821708979740990e+00 1.188139814399749472e+00
5.880401188213749464e+00 1.186371113831231394e+00
5.881980667447757938e+00 1.184599675424957255e+00
5.883560146681766412e+00 1.182825521764692134e+00
5.885139625915774886e+00 1.181048675421740413e+00
5.886719105149783360e+00 1.179269158954442176e+00
5.888298584383791834e+00 1.177486994907671614e+00
5.889878063617800308e+00 1.175702205812339862e+00
5.891457542851808782e+00 1.173914814184900512e+00
5.893037022085817256e+00 1.172124842526852451e+00
5.894616501319825730e+00 1.170332313324250695e+00
5.896195980553834204e+00 1.168537249047221005e+00
5.897775459787842678e+00 1.166739672149466500e+00
5.899354939021851152e+00 1.164939605067788264e+00
5.900934418255859626e+00 1.163137070221597957e+00
5.902513897489868100e+00 1.161332090012446860e+00
5.904093376723876574e+00 1.159524686823540485e+00
5.905672855957885048e+00 1.157714883019267837e+00
5.907252335191893522e+00 1.155902700944730244e+00
5.908831814425901996e+00 1.154088162925265948e+00
5.910411293659910470e+00 1.152271291265986708e+00
5.911990772893918944e+00 1.150452108251311278e+00
5.913570252127927418e+00 1.148630636144503114e+00
5.915149731361935892e+00 1.146806897187208740e+00
5.916729210595944366e+00 1.144980913599001671e+00
5.918308689829952840e+00 1.143152707576924332e+00
5.919888169063961314e+00 1.141322301295040198e+00
5.921467648297969788e+00 1.139489716903976824e+00
5.923047127531980038e+00 1.137654976530479978e+00
5.924626606765988512e+00 1.135818102276973551e+00
5.926206085999996986e+00 1.133979116221107919e+00
5.927785565234005460e+00 1.132138040415325175e+00
5.929365044468013934e+00 1.130294896886419043e+00
5.930944523702022408e+00 1.128449707635100552e+00
5.932524002936030882e+00 1.126602494635565055e+00
5.934103482170039356e+00 1.124753279835061015e+00
5.935682961404047830e+00 1.122902085153461904e+00
5.937262440638056304e+00 1.121048932482845872e+00
5.938841919872064778e+00 1.119193843687064982e+00
5.940421399106073252e+00 1.117336840601332204e+00
5.942000878340081726e+00 1.115477945031800200e+00
5.943580357574090201e+00 1.113617178755147874e+00
5.945159836808098675e+00 1.111754563518168482e+00
5.946739316042107149e+00 1.109890121037359734e+00
5.948318795276115623e+00 1.108023872998516346e+00
5.949898274510124097e+00 1.106155841056326361e+00
5.951477753744132571e+00 1.104286046833969470e+00
5.953057232978141045e+00 1.102414511922717111e+00
5.954636712212149519e+00 1.100541257881538115e+00
5.956216191446157993e+00 1.098666306236702139e+00
5.957795670680166467e+00 1.096789678481390640e+00
5.959375149914174941e+00 1.094911396075308296e+00
5.960954629148183415e+00 1.093031480444294656e+00
5.962534108382191889e+00 1.091149952979948434e+00
5.964113587616200363e+00 1.089266835039236936e+00
5.965693066850208837e+00 1.087382147944125466e+00
5.967272546084217311e+00 1.085495912981199407e+00
5.968852025318225785e+00 1.083608151401293629e+00
5.970431504552234259e+00 1.081718884419121007e+00
5.972010983786242733e+00 1.079828133212907604e+00
5.973590463020251207e+00 1.077935918924026071e+00
5.975169942254261457e+00 1.076042262656634607e+00
5.976749421488269931e+00 1.074147185477321464e+00
5.978328900722278405e+00 1.072250708414747233e+00
5.979908379956286879e+00 1.070352852459285797e+00
5.981487859190295353e+00 1.068453638562681718e+00
5.983067338424303827e+00 1.066553087637697628e+00
5.984646817658312301e+00 1.064651220557771616e+00
5.986226296892320775e+00 1.062748058156672393e+00
5.987805776126329249e+00 1.060843621228161560e+00
5.989385255360337723e+00 1.058937930525655435e+00
5.990964734594346197e+00 1.057031006761889769e+00
5.992544213828354671e+00 1.055122870608593777e+00
5.994123693062363145e+00 1.053213542696153082e+00
5.995703172296371619e+00 1.051303043613288635e+00
5.997282651530380093e+00 1.049391393906732972e+00
5.998862130764388567e+00 1.047478614080908477e+00
6.000441609998397041e+00 1.045564724597611184e+00
6.002021089232405515e+00 1.043649745875693702e+00
6.003600568466413989e+00 1.041733698290754795e+00
6.005180047700422463e+00 1.039816602174828297e+00
6.006759526934430937e+00 1.037898477816077136e+00
6.008339006168439411e+00 1.035979345458488687e+00
6.009918485402447885e+00 1.034059225301574791e+00
6.011497964636456359e+00 1.032138137500069774e+00
6.013077443870464833e+00 1.030216102163639791e+00
6.014656923104473307e+00 1.028293139356584174e+00
6.016236402338481781e+00 1.026369269097547887e+00
6.017815881572490255e+00 1.024444511359237087e+00
6.019395360806498729e+00 1.022518886068127575e+00
6.020974840040507203e+00 1.020592413104186136e+00
6.022554319274515677e+00 1.018665112300591868e+00
6.024133798508524151e+00 1.016737003443457521e+00
6.025713277742532625e+00 1.014808106271558374e+00
6.027292756976542876e+00 1.012878440476055797e+00
6.028872236210551350e+00 1.010948025700238784e+00
6.030451715444559824e+00 1.009016881539245070e+00
6.032031194678568298e+00 1.007085027539808664e+00
6.033610673912576772e+00 1.005152483199992730e+00
6.035190153146585246e+00 1.003219267968939787e+00
6.036769632380593720e+00 1.001285401246608364e+00
6.038349111614602194e+00 9.993509023835260852e-01
6.039928590848610668e+00 9.974157906805383167e-01
6.041508070082619142e+00 9.954800853885632517e-01
6.043087549316627616e+00 9.935438057083461061e-01
6.044667028550636090e+00 9.916069707902188668e-01
6.046246507784644564e+00 9.896695997338607054e-01
6.047825987018653038e+00 9.877317115880674958e-01
6.049405466252661512e+00 9.857933253505087867e-01
6.050984945486669986e+00 9.838544599675056457e-01
6.052564424720678460e+00 9.819151343337993998e-01
6.054143903954686934e+00 9.799753672923295911e-01
6.055723383188695408e+00 9.780351776340042713e-01
6.057302862422703882e+00 9.760945840974890597e-01
6.058882341656712356e+00 9.741536053689894281e-01
6.060461820890720830e+00 9.722122600820287674e-01
6.062041300124729304e+00 9.702705668172435516e-01
6.063620779358737778e+00 9.683285441021722839e-01
6.065200258592746252e+00 9.663862104110485518e-01
6.066779737826754726e+00 9.644435841645990770e-01
6.068359217060763200e+00 9.625006837298406559e-01
6.069938696294771674e+00 9.605575274198838720e-01
6.071518175528780148e+00 9.586141334937337000e-01
6.073097654762788622e+00 9.566705201561039873e-01
6.074677133996797096e+00 9.547267055572177252e-01
6.076256613230805570e+00 9.527827077926245281e-01
6.077836092464814044e+00 9.508385449030143377e-01
6.079415571698824294e+00 9.488942348740333488e-01
6.080995050932832768e+00 9.469497956361099256e-01
6.082574530166841242e+00 9.450052450642681956e-01
6.084154009400849716e+00 9.430606009779587406e-01
6.085733488634858190e+00 9.411158811408862901e-01
6.087312967868866664e+00 9.391711032608381915e-01
6.088892447102875138e+00 9.372262849895169889e-01
6.090471926336883612e+00 9.352814439223815501e-01
6.092051405570892086e+00 9.333365975984764251e-01
6.093630884804900560e+00 9.313917635002778583e-01
6.095210364038909034e+00 9.294469590535362480e-01
6.096789843272917508e+00 9.275022016271210479e-01
6.098369322506925982e+00 9.255575085328695550e-01
6.099948801740934456e+00 9.236128970254369186e-01
6.101528280974942930e+00 9.216683843021507005e-01
6.103107760208951404e+00 9.197239875028641043e-01
6.104687239442959878e+00 9.177797237098201943e-01
6.106266718676968352e+00 9.158356099475059020e-01
6.107846197910976827e+00 9.138916631825151349e-01
6.109425677144985301e+00 9.119479003234214343e-01
6.111005156378993775e+00 9.100043382206408626e-01
6.112584635613002249e+00 9.080609936663025517e-01
6.114164114847010723e+00 9.061178833941279098e-01
6.115743594081019197e+00 9.041750240792967297e-01
6.117323073315027671e+00 9.022324323383323907e-01
6.118902552549036145e+00 9.002901247289794018e-01
6.120482031783044619e+00 8.983481177500876047e-01
6.122061511017053093e+00 8.964064278414967113e-01
6.123640990251061567e+00 8.944650713839248368e-01
6.125220469485070041e+00 8.925240646988574778e-01
6.126799948719078515e+00 8.905834240484398201e-01
6.128379427953086989e+00 8.886431656353769304e-01
6.129958907187095463e+00 8.867033056028224003e-01
6.131538386421105713e+00 8.847638600342824233e-01
6.133117865655114187e+00 8.828248449535220921e-01
6.134697344889122661e+00 8.808862763244613703e-01
6.136276824123131135e+00 8.789481700510878293e-01
6.137856303357139609e+00 8.770105419773632782e-01
6.139435782591148083e+00 8.750734078871360566e-01
6.141015261825156557e+00 8.731367835040546588e-01
6.142594741059165031e+00 8.712006844914836901e-01
6.144174220293173505e+00 8.692651264524204890e-01
6.145753699527181979e+00 8.673301249294216309e-01
6.147333178761190453e+00 8.653956954045174399e-01
6.148912657995198927e+00 8.634618532991427120e-01
6.150492137229207401e+00 8.615286139740621074e-01
6.152071616463215875e+00 8.595959927293012059e-01
6.153651095697224349e+00 8.576640048040771180e-01
6.155230574931232823e+00 8.557326653767328706e-01
6.156810054165241297e+00 8.538019895646746793e-01
6.158389533399249771e+00 8.518719924243092212e-01
6.159969012633258245e+00 8.499426889509849037e-01
6.161548491867266719e+00 8.480140940789355763e-01
6.163127971101275193e+00 8.460862226812243536e-01
6.164707450335283667e+00 8.441590895696919894e-01
6.166286929569292141e+00 8.422327094949053627e-01
6.167866408803300615e+00 8.403070971461106264e-01
6.169445888037309089e+00 8.383822671511835800e-01
6.171025367271317563e+00 8.364582340765930324e-01
6.172604846505326037e+00 8.345350124273490655e-01
6.174184325739334511e+00 8.326126166469696166e-01
6.175763804973342985e+00 8.306910611174408432e-01
6.177343284207351459e+00 8.287703601591814850e-01
6.178922763441359933e+00 8.268505280310094463e-01
6.180502242675368407e+00 8.249315789301099322e-01
6.182081721909376881e+00 8.230135269920054730e-01
6.183661201143387132e+00 8.210963862905327204e-01
6.185240680377395606e+00 8.191801708378081415e-01
6.186820159611404080e+00 8.172648945842160284e-01
6.188399638845412554e+00 8.153505714183766351e-01
6.189979118079421028e+00 8.134372151671329654e-01
6.191558597313429502e+00 8.115248395955316774e-01
6.193138076547437976e+00 8.096134584068082063e-01
6.194717555781446450e+00 8.077030852423727758e-01
6.196297035015454924e+00 8.057937336817996288e-01
6.197876514249463398e+00 8.038854172428168132e-01
6.199455993483471872e+00 8.019781493812978557e-01
6.201035472717480346e+00 8.000719434912618722e-01
6.202614951951488820e+00 7.981668129048603566e-01
6.204194431185497294e+00 7.962627708923825098e-01
6.205773910419505768e+00 7.943598306622531302e-01
6.207353389653514242e+00 7.924580053610345010e-01
6.208932868887522716e+00 7.905573080734306091e-01
6.210512348121531190e+00 7.886577518222931404e-01
6.212091827355539664e+00 7.867593495686284744e-01
6.213671306589548138e+00 7.848621142116073424e-01
6.215250785823556612e+00 7.829660585885764856e-01
6.216830265057565086e+00 7.810711954750713115e-01
6.218409744291573560e+00 7.791775375848307705e-01
6.219989223525582034e+00 7.772850975698142317e-01
6.221568702759590508e+00 7.753938880202205786e-01
6.223148181993598982e+00 7.735039214645069716e-01
6.224727661227607456e+00 7.716152103694111641e-01
6.226307140461615930e+00 7.697277671399795906e-01
6.227886619695624404e+00 7.678416041195854636e-01
6.229466098929632878e+00 7.659567335899606366e-01
6.231045578163641352e+00 7.640731677712240266e-01
6.232625057397649826e+00 7.621909188219121445e-01
6.234204536631658300e+00 7.603099988390111807e-01
6.235784015865668550e+00 7.584304198579896461e-01
6.237363495099677024e+00 7.565521938528401158e-01
6.238942974333685498e+00 7.546753327361082064e-01
6.240522453567693972e+00 7.527998483589353196e-01
6.242101932801702446e+00 7.509257525111039389e-01
6.243681412035710920e+00 7.490530569210716028e-01
6.245260891269719394e+00 7.471817732560201986e-01
6.246840370503727868e+00 7.453119131219005933e-01
6.248419849737736342e+00 7.434434880634788190e-01
6.249999328971744816e+00 7.415765095643862548e-01
6.251578808205753290e+00 7.397109890471682547e-01
6.253158287439761764e+00 7.378469378733376605e-01
6.254737766673770238e+00 7.359843673434255384e-01
6.256317245907778712e+00 7.341232886970422422e-01
6.257896725141787186e+00 7.322637131129259291e-01
6.259476204375795660e+00 7.304056517090052880e-01
6.261055683609804134e+00 7.285491155424581589e-01
6.262635162843812608e+00 7.266941156097739274e-01
6.264214642077821082e+00 7.248406628468102575e-01
6.265794121311829556e+00 7.229887681288642565e-01
6.267373600545838030e+00 7.211384422707374231e-01
6.268953079779846504e+00 7.192896960267962658e-01
6.270532559013854979e+00 7.174425400910453554e-01
6.272112038247863453e+00 7.155969850971962698e-01
6.273691517481871927e+00 7.137530416187385374e-01
6.275270996715880401e+00 7.119107201690118014e-01
6.276850475949888875e+00 7.100700312012805382e-01
6.278429955183897349e+00 7.082309851088085528e-01
6.280009434417905823e+00 7.063935922249348076e-01
6.281588913651914297e+00 7.045578628231571328e-01
6.283168392885922771e+00 7.027238071172022815e-01
6.284747872119931245e+00 7.008914352611136378e-01
6.286327351353939719e+00 6.990607573493305971e-01
6.287906830587949969e+00 6.972317834167713890e-01
6.289486309821958443e+00 6.954045234389230057e-01
6.291065789055966917e+00 6.935789873319186949e-01
6.292645268289975391e+00 6.917551849526306640e-01
6.294224747523983865e+00 6.899331260987578984e-01
6.295804226757992339e+00 6.881128205089146466e-01
6.297383705992000813e+00 6.862942778627215690e-01
6.298963185226009287e+00 6.844775077809023278e-01
6.300542664460017761e+00 6.826625198253689630e-01
6.302122143694026235e+00 6.808493234993225895e-01
6.303701622928034709e+00 6.790379282473475442e-01
6.305281102162043183e+00 6.772283434555083081e-01
6.306860581396051657e+00 6.754205784514480948e-01
6.308440060630060131e+00 6.736146425044882147e-01
6.310019539864068605e+00 6.718105448257267742e-01
6.311599019098077079e+00 6.700082945681465896e-01
6.313178498332085553e+00 6.682079008267095555e-01
6.314757977566094027e+00 6.664093726384671124e-01
6.316337456800102501e+00 6.646127189826591675e-01
6.317916936034110975e+00 6.628179487808281145e-01
6.319496415268119449e+00 6.610250708969203082e-01
6.321075894502127923e+00 6.592340941373949770e-01
6.322655373736136397e+00 6.574450272513395754e-01
6.324234852970144871e+00 6.556578789305707033e-01
6.325814332204153345e+00 6.538726578097523445e-01
6.327393811438161819e+00 6.520893724665064450e-01
6.328973290672170293e+00 6.503080314215271551e-01
6.330552769906178767e+00 6.485286431386948491e-01
6.332132249140187241e+00 6.467512160251919218e-01
6.333711728374195715e+00 6.449757584316196946e-01
6.335291207608204189e+00 6.432022786521144342e-01
6.336870686842212663e+00 6.414307849244716975e-01
6.338450166076221137e+00 6.396612854302571316e-01
6.340029645310231388e+00 6.378937882949318183e-01
6.341609124544239862e+00 6.361283015879777292e-01
6.343188603778248336e+00 6.343648333230109682e-01
6.344768083012256810e+00 6.326033914579118900e-01
6.346347562246265284e+00 6.308439838949475575e-01
6.347927041480273758e+00 6.290866184808960870e-01
6.349506520714282232e+00 6.273313030071739904e-01
6.351085999948290706e+00 6.255780452099620748e-01
6.352665479182299180e+00 6.238268527703322297e-01
6.354244958416307654e+00 6.220777333143816534e-01
6.355824437650316128e+00 6.203306944133539780e-01
6.357403916884324602e+00 6.185857435837751606e-01
6.358983396118333076e+00 6.168428882875834907e-01
6.360562875352341550e+00 6.151021359322610405e-01
6.362142354586350024e+00 6.133634938709670026e-01
6.363721833820358498e+00 6.116269694026712500e-01
6.365301313054366972e+00 6.098925697722882289e-01
6.366880792288375446e+00 6.081603021708129608e-01
6.368460271522383920e+00 6.064301737354561572e-01
6.370039750756392394e+00 6.047021915497814426e-01
6.371619229990400868e+00 6.029763626438429114e-01
6.373198709224409342e+00 6.012526939943230175e-01
6.374778188458417816e+00 5.995311925246715745e-01
6.376357667692426290e+00 5.978118651052442001e-01
6.377937146926434764e+00 5.960947185534481996e-01
6.379516626160443238e+00 5.943797596338749045e-01
6.381096105394451712e+00 5.926669950584478874e-01
6.382675584628460186e+00 5.909564314865630719e-01
6.384255063862468660e+00 5.892480755252327285e-01
6.385834543096477134e+00 5.875419337292284716e-01
6.387414022330485608e+00 5.858380126012261435e-01
6.388993501564494082e+00 5.841363185919511425e-01
6.390572980798502556e+00 5.824368581003223078e-01
6.392152460032512806e+00 5.807396374736040201e-01
6.393731939266521280e+00 5.790446630075437584e-01
6.395311418500529754e+00 5.773519409465299734e-01
6.396890897734538228e+00 5.756614774837315318e-01
6.398470376968546702e+00 5.739732787612515930e-01
6.400049856202555176e+00 5.722873508702756018e-01
6.401629335436563650e+00 5.706036998512212799e-01
6.403208814670572124e+00 5.689223316938891717e-01
6.404788293904580598e+00 5.672432523376135238e-01
6.406367773138589072e+00 5.655664676714140526e-01
6.407947252372597546e+00 5.638919835341467124e-01
6.409526731606606020e+00 5.622198057146619021e-01
6.411106210840614494e+00 5.605499399519491277e-01
6.412685690074622968e+00 5.588823919352964298e-01
6.414265169308631442e+00 5.572171673044434836e-01
6.415844648542639916e+00 5.555542716497356981e-01
6.417424127776648390e+00 5.538937105122797577e-01
6.419003607010656864e+00 5.522354893840991652e-01
6.420583086244665338e+00 5.505796137082903385e-01
6.422162565478673812e+00 5.489260888791798187e-01
6.423742044712682286e+00 5.472749202424798121e-01
6.425321523946690760e+00 5.456261130954473959e-01
6.426901003180699234e+00 5.439796726870408383e-01
6.428480482414707708e+00 5.423356042180795811e-01
6.430059961648716182e+00 5.406939128414014473e-01
6.431639440882724656e+00 5.390546036620228465e-01
6.433218920116733130e+00 5.374176817372960935e-01
6.434798399350741605e+00 5.357831520770758305e-01
6.436377878584750079e+00 5.341510196438703506e-01
6.437957357818758553e+00 5.325212893530079095e-01
6.439536837052767027e+00 5.308939660727968191e-01
6.441116316286775501e+00 5.292690546246866523e-01
6.442695795520783975e+00 5.276465597834298915e-01
6.444275274754794225e+00 5.260264862772426886e-01
6.445854753988802699e+00 5.244088387879729529e-01
6.447434233222811173e+00 5.227936219512551164e-01
6.449013712456819647e+00 5.211808403566768888e-01
6.450593191690828121e+00 5.195704985479471238e-01
6.452172670924836595e+00 5.179626010230511390e-01
6.453752150158845069e+00 5.163571522344203579e-01
6.455331629392853543e+00 5.147541565890954018e-01
6.456911108626862017e+00 5.131536184488904029e-01
6.458490587860870491e+00 5.115555421305577610e-01
6.460070067094878965e+00 5.099599319059537894e-01
6.461649546328887439e+00 5.083667920022035824e-01
6.463229025562895913e+00 5.067761266018657729e-01
6.464808504796904387e+00 5.051879398431035062e-01
6.466387984030912861e+00 5.036022358198426474e-01
6.467967463264921335e+00 5.020190185819433104e-01
6.469546942498929809e+00 5.004382921353653924e-01
