i,j,status,n_lex_xy,n_lex_yx,n_grevlex,shape_xy,shape_yx,elim_deg_y,elim_deg_x,res_y_deg,res_x_deg,quot_dim,n_distinct,n_mult,both_fail,res_div_ok
0,1,INC,1,-1,-1,0,0,-1,-1,-1,-1,-1,-1,-1,0,1
0,2,INC,1,-1,-1,0,0,-1,-1,-1,-1,-1,-1,-1,0,1
0,3,INC,1,-1,-1,0,0,-1,-1,-1,-1,-1,-1,-1,0,1
0,4,INC,1,-1,-1,0,0,-1,-1,-1,-1,-1,-1,-1,0,1
0,5,INC,1,-1,-1,0,0,-1,-1,-1,-1,-1,-1,-1,0,1
0,6,INC,1,-1,-1,0,0,-1,-1,-1,-1,-1,-1,-1,0,1
0,7,POS,1,1,1,0,0,0,0,0,0,-1,-1,-1,0,1
0,8,ZD,2,2,2,1,0,0,-1,2,2,2,2,2,0,0
0,9,ZD,2,2,2,1,0,0,-1,2,2,2,2,2,0,0
0,10,ZD,2,2,2,1,0,0,-1,2,2,2,2,2,0,0
0,11,ZD,2,2,2,1,0,0,-1,2,2,2,2,2,0,0
0,12,ZD,2,2,2,1,0,0,-1,2,2,2,2,2,0,0
0,13,ZD,2,2,2,1,0,0,-1,2,2,2,2,2,0,0
0,14,ZD,2,2,2,1,0,0,-1,2,2,2,2,2,0,0
0,15,ZD,2,2,2,1,0,0,-1,2,2,2,2,2,0,0
0,16,ZD,2,2,2,0,0,0,-1,4,4,4,4,4,1,0
0,17,ZD,2,2,2,0,0,0,-1,4,4,4,4,4,1,0
0,18,ZD,2,2,2,0,0,0,-1,4,4,4,4,4,1,0
0,19,ZD,2,2,2,0,0,0,-1,4,4,4,4,4,1,0
0,20,ZD,2,2,2,0,0,0,-1,4,4,4,4,4,1,0
0,21,ZD,2,2,2,0,0,0,-1,4,4,4,4,4,1,0
0,22,ZD,2,2,2,0,0,0,-1,4,4,4,4,4,1,0
0,23,ZD,2,2,2,0,0,0,-1,4,4,4,4,4,1,0
0,24,INC,1,-1,-1,0,0,-1,-1,-1,-1,-1,-1,-1,0,1
0,25,INC,1,-1,-1,0,0,-1,-1,-1,-1,-1,-1,-1,0,1
0,26,INC,1,-1,-1,0,0,-1,-1,-1,-1,-1,-1,-1,0,1
0,27,INC,1,-1,-1,0,0,-1,-1,-1,-1,-1,-1,-1,0,1
0,28,ZD,2,2,2,1,0,0,-1,2,2,2,2,2,0,0
0,29,ZD,2,2,2,1,0,0,-1,2,2,2,2,2,0,0
0,30,ZD,2,2,2,1,0,0,-1,2,2,2,2,2,0,0
0,31,ZD,2,2,2,1,0,0,-1,2,2,2,2,2,0,0
0,32,ZD,2,2,2,1,0,0,-1,2,2,2,2,2,0,0
0,33,ZD,2,2,2,1,0,0,-1,2,2,2,2,2,0,0
0,34,ZD,2,2,2,1,0,0,-1,2,2,2,2,2,0,0
0,35,ZD,2,2,2,1,0,0,-1,2,2,2,2,2,0,0
0,36,ZD,2,2,2,1,0,0,0,2,2,2,2,2,0,0
0,37,ZD,2,2,2,1,0,0,0,2,2,2,2,2,0,0
0,38,ZD,2,2,2,1,0,0,-1,2,2,2,2,2,0,0
0,39,ZD,2,2,2,1,0,0,-1,2,2,2,2,2,0,0
0,40,ZD,2,2,2,1,0,0,-1,2,2,2,2,2,0,0
0,41,ZD,2,2,2,1,0,0,-1,2,2,2,2,2,0,0
0,42,ZD,2,2,2,1,0,0,0,2,2,2,2,2,0,0
0,43,ZD,2,2,2,1,0,0,0,2,2,2,2,2,0,0
0,44,ZD,2,2,2,0,0,0,-1,4,4,4,4,4,1,0
0,45,ZD,2,2,2,0,0,0,-1,4,4,4,4,4,1,0
0,46,ZD,2,2,2,0,0,0,-1,4,4,4,4,4,1,0
0,47,ZD,2,2,2,0,0,0,-1,4,4,4,4,4,1,0
0,48,ZD,2,2,2,0,0,0,-1,4,4,4,4,4,1,0
0,49,ZD,2,2,2,0,0,0,-1,4,4,4,4,4,1,0
0,50,ZD,2,2,2,0,0,0,-1,4,4,4,4,4,1,0
0,51,ZD,2,2,2,0,0,0,-1,4,4,4,4,4,1,0
0,52,ZD,2,2,2,1,0,0,-1,2,2,2,2,2,0,0
0,53,ZD,2,2,2,1,0,0,-1,2,2,2,2,2,0,0
0,54,ZD,2,2,2,1,0,0,-1,2,2,2,2,2,0,0
0,55,ZD,2,2,2,1,0,0,-1,2,2,2,2,2,0,0
0,56,ZD,2,2,2,1,0,0,-1,2,2,2,2,2,0,0
0,57,ZD,2,2,2,1,0,0,-1,2,2,2,2,2,0,0
0,58,ZD,2,2,2,1,0,0,-1,2,2,2,2,2,0,0
0,59,ZD,2,2,2,1,0,0,-1,2,2,2,2,2,0,0
0,60,ZD,2,2,2,0,0,0,0,4,4,4,4,4,1,0
0,61,ZD,2,2,2,0,0,0,0,4,4,4,4,4,1,0
0,62,ZD,2,2,2,0,0,0,0,4,4,4,4,4,1,0
0,63,ZD,2,2,2,0,0,0,0,4,4,4,4,4,1,0
0,64,ZD,2,2,2,0,0,0,0,4,4,4,4,4,1,0
0,65,ZD,2,2,2,0,0,0,0,4,4,4,4,4,1,0
0,66,ZD,2,2,2,0,0,0,0,4,4,4,4,4,1,0
0,67,ZD,2,2,2,0,0,0,0,4,4,4,4,4,1,0
0,68,ZD,2,2,2,1,0,0,-1,2,2,2,2,2,0,0
0,69,ZD,2,2,2,1,0,0,-1,2,2,2,2,2,0,0
0,70,ZD,2,2,2,1,0,0,-1,2,2,2,2,2,0,0
0,71,ZD,2,2,2,1,0,0,-1,2,2,2,2,2,0,0
0,72,ZD,2,2,2,0,0,0,-1,4,4,4,4,4,1,0
0,73,ZD,2,2,2,0,0,0,-1,4,4,4,4,4,1,0
0,74,ZD,2,2,2,0,0,0,-1,4,4,4,4,4,1,0
0,75,ZD,2,2,2,0,0,0,-1,4,4,4,4,4,1,0
0,76,ZD,2,2,2,0,0,0,-1,4,4,4,4,4,1,0
0,77,ZD,2,2,2,0,0,0,-1,4,4,4,4,4,1,0
0,78,ZD,2,2,2,0,0,0,-1,4,4,4,4,4,1,0
0,79,ZD,2,2,2,0,0,0,-1,4,4,4,4,4,1,0
0,80,ZD,2,2,2,0,0,0,0,4,4,4,4,4,1,0
0,81,ZD,2,2,2,0,0,0,0,4,4,4,4,4,1,0
0,82,ZD,2,2,2,0,0,0,0,4,4,4,4,4,1,0
0,83,ZD,2,2,2,0,0,0,0,4,4,4,4,4,1,0
0,84,INC,1,-1,-1,0,0,-1,-1,-1,-1,-1,-1,-1,0,1
0,85,INC,1,-1,-1,0,0,-1,-1,-1,-1,-1,-1,-1,0,1
0,86,INC,1,-1,-1,0,0,-1,-1,-1,-1,-1,-1,-1,0,1
0,87,INC,1,-1,-1,0,0,-1,-1,-1,-1,-1,-1,-1,0,1
0,88,ZD,2,2,2,1,0,0,0,2,2,2,2,2,0,0
0,89,ZD,2,2,2,1,0,0,0,2,2,2,2,2,0,0
0,90,ZD,2,2,2,1,0,0,-1,2,2,2,2,2,0,0
0,91,ZD,2,2,2,1,0,0,-1,2,2,2,2,2,0,0
0,92,ZD,2,2,2,1,0,0,-1,2,2,2,2,2,0,0
0,93,ZD,2,2,2,1,0,0,-1,2,2,2,2,2,0,0
0,94,ZD,2,2,2,1,0,0,0,2,2,2,2,2,0,0
0,95,ZD,2,2,2,1,0,0,0,2,2,2,2,2,0,0
0,96,ZD,2,2,2,1,0,0,-1,2,2,2,2,2,0,0
0,97,ZD,2,2,2,1,0,0,-1,2,2,2,2,2,0,0
0,98,ZD,2,2,2,1,0,0,-1,2,2,2,2,2,0,0
0,99,ZD,2,2,2,1,0,0,-1,2,2,2,2,2,0,0
0,100,ZD,2,2,2,1,0,0,-1,2,2,2,2,2,0,0
0,101,ZD,2,2,2,1,0,0,-1,2,2,2,2,2,0,0
0,102,ZD,2,2,2,1,0,0,-1,2,2,2,2,2,0,0
0,103,ZD,2,2,2,1,0,0,-1,2,2,2,2,2,0,0
0,104,ZD,2,2,2,0,0,0,0,4,4,4,4,4,1,0
0,105,ZD,2,2,2,0,0,0,0,4,4,4,4,4,1,0
0,106,ZD,2,2,2,0,0,0,-1,4,4,4,4,4,1,0
0,107,ZD,2,2,2,0,0,0,-1,4,4,4,4,4,1,0
0,108,ZD,2,2,2,0,0,0,-1,4,4,4,4,4,1,0
0,109,ZD,2,2,2,0,0,0,-1,4,4,4,4,4,1,0
0,110,ZD,2,2,2,0,0,0,0,4,4,4,4,4,1,0
0,111,ZD,2,2,2,0,0,0,0,4,4,4,4,4,1,0
0,112,ZD,2,2,2,1,0,0,-1,2,2,2,2,2,0,0
0,113,ZD,2,2,2,1,0,0,-1,2,2,2,2,2,0,0
0,114,ZD,2,2,2,1,0,0,-1,2,2,2,2,2,0,0
0,115,ZD,2,2,2,1,0,0,-1,2,2,2,2,2,0,0
0,116,ZD,2,2,2,1,0,0,-1,2,2,2,2,2,0,0
0,117,ZD,2,2,2,1,0,0,-1,2,2,2,2,2,0,0
0,118,ZD,2,2,2,1,0,0,-1,2,2,2,2,2,0,0
0,119,ZD,2,2,2,1,0,0,-1,2,2,2,2,2,0,0
0,120,ZD,2,2,2,0,0,0,-1,4,4,4,4,4,1,0
0,121,ZD,2,2,2,0,0,0,-1,4,4,4,4,4,1,0
0,122,ZD,2,2,2,0,0,0,-1,4,4,4,4,4,1,0
0,123,ZD,2,2,2,0,0,0,-1,4,4,4,4,4,1,0
0,124,ZD,2,2,2,0,0,0,-1,4,4,4,4,4,1,0
0,125,ZD,2,2,2,0,0,0,-1,4,4,4,4,4,1,0
0,126,ZD,2,2,2,0,0,0,-1,4,4,4,4,4,1,0
0,127,ZD,2,2,2,0,0,0,-1,4,4,4,4,4,1,0
0,128,ZD,2,2,2,1,0,0,0,2,2,2,2,2,0,0
0,129,ZD,2,2,2,1,0,0,0,2,2,2,2,2,0,0
0,130,ZD,2,2,2,1,0,0,0,2,2,2,2,2,0,0
0,131,ZD,2,2,2,1,0,0,0,2,2,2,2,2,0,0
0,132,ZD,2,2,2,0,0,0,-1,4,4,4,4,4,1,0
0,133,ZD,2,2,2,0,0,0,-1,4,4,4,4,4,1,0
0,134,ZD,2,2,2,0,0,0,-1,4,4,4,4,4,1,0
0,135,ZD,2,2,2,0,0,0,-1,4,4,4,4,4,1,0
0,136,ZD,2,2,2,0,0,0,-1,4,4,4,4,4,1,0
0,137,ZD,2,2,2,0,0,0,-1,4,4,4,4,4,1,0
0,138,ZD,2,2,2,0,0,0,-1,4,4,4,4,4,1,0
0,139,ZD,2,2,2,0,0,0,-1,4,4,4,4,4,1,0
0,140,ZD,2,2,2,0,0,0,-1,4,4,4,4,4,1,0
0,141,ZD,2,2,2,0,0,0,-1,4,4,4,4,4,1,0
0,142,ZD,2,2,2,0,0,0,-1,4,4,4,4,4,1,0
0,143,ZD,2,2,2,0,0,0,-1,4,4,4,4,4,1,0
0,144,ZD,2,2,2,1,0,0,-1,2,2,2,2,2,0,0
0,145,ZD,2,2,2,1,0,0,-1,2,2,2,2,2,0,0
0,146,ZD,2,2,2,1,0,0,-1,2,2,2,2,2,0,0
0,147,ZD,2,2,2,1,0,0,-1,2,2,2,2,2,0,0
0,148,ZD,2,2,2,1,0,0,0,2,2,2,2,2,0,0
0,149,ZD,2,2,2,1,0,0,-1,2,2,2,2,2,0,0
0,150,ZD,2,2,2,1,0,0,-1,2,2,2,2,2,0,0
0,151,ZD,2,2,2,1,0,0,0,2,2,2,2,2,0,0
0,152,ZD,2,2,2,1,0,0,0,2,2,2,2,2,0,0
0,153,ZD,2,2,2,1,0,0,-1,2,2,2,2,2,0,0
0,154,ZD,2,2,2,1,0,0,-1,2,2,2,2,2,0,0
0,155,ZD,2,2,2,1,0,0,0,2,2,2,2,2,0,0
0,156,ZD,2,2,2,0,0,0,-1,4,4,4,4,4,1,0
0,157,ZD,2,2,2,0,0,0,-1,4,4,4,4,4,1,0
0,158,ZD,2,2,2,0,0,0,-1,4,4,4,4,4,1,0
0,159,ZD,2,2,2,0,0,0,-1,4,4,4,4,4,1,0
0,160,ZD,2,2,2,0,0,0,-1,4,4,4,4,4,1,0
0,161,ZD,2,2,2,0,0,0,-1,4,4,4,4,4,1,0
0,162,ZD,2,2,2,0,0,0,-1,4,4,4,4,4,1,0
0,163,ZD,2,2,2,0,0,0,-1,4,4,4,4,4,1,0
0,164,ZD,2,2,2,1,0,0,-1,2,2,2,2,2,0,0
0,165,ZD,2,2,2,1,0,0,-1,2,2,2,2,2,0,0
0,166,ZD,2,2,2,1,0,0,-1,2,2,2,2,2,0,0
0,167,ZD,2,2,2,1,0,0,-1,2,2,2,2,2,0,0
0,168,ZD,2,3,2,0,0,0,0,4,4,4,4,4,1,0
0,169,ZD,2,2,2,0,0,0,-1,4,4,4,4,4,1,0
0,170,ZD,2,3,2,0,0,0,0,4,4,4,4,4,1,0
0,171,ZD,2,2,2,0,0,0,-1,4,4,4,4,4,1,0
0,172,ZD,2,2,2,0,0,0,-1,4,4,4,4,4,1,0
0,173,ZD,2,3,2,0,0,0,0,4,4,4,4,4,1,0
0,174,ZD,2,2,2,0,0,0,-1,4,4,4,4,4,1,0
0,175,ZD,2,3,2,0,0,0,0,4,4,4,4,4,1,0
0,176,ZD,2,2,2,0,0,0,-1,4,4,4,4,4,1,0
0,177,ZD,2,2,2,0,0,0,-1,4,4,4,4,4,1,0
0,178,ZD,2,2,2,0,0,0,-1,4,4,4,4,4,1,0
0,179,ZD,2,2,2,0,0,0,-1,4,4,4,4,4,1,0
0,180,ZD,2,2,2,1,0,0,0,2,2,2,2,2,0,0
0,181,ZD,2,2,2,1,0,0,0,2,2,2,2,2,0,0
0,182,ZD,2,2,2,1,0,0,0,2,2,2,2,2,0,0
0,183,ZD,2,2,2,1,0,0,0,2,2,2,2,2,0,0
0,184,ZD,2,3,2,0,0,0,0,4,4,4,4,4,1,0
0,185,ZD,2,3,2,0,0,0,0,4,4,4,4,4,1,0
0,186,ZD,2,3,2,0,0,0,0,4,4,4,4,4,1,0
0,187,ZD,2,3,2,0,0,0,0,4,4,4,4,4,1,0
0,188,ZD,2,3,2,0,0,0,0,4,4,4,4,4,1,0
0,189,ZD,2,3,2,0,0,0,0,4,4,4,4,4,1,0
0,190,ZD,2,3,2,0,0,0,0,4,4,4,4,4,1,0
0,191,ZD,2,3,2,0,0,0,0,4,4,4,4,4,1,0
0,192,ZD,2,2,2,0,0,0,0,4,4,4,4,4,1,0
0,193,ZD,2,2,2,0,0,0,0,4,4,4,4,4,1,0
0,194,ZD,2,2,2,0,0,0,0,4,4,4,4,4,1,0
0,195,ZD,2,2,2,0,0,0,0,4,4,4,4,4,1,0
0,196,ZD,2,3,2,0,0,0,0,4,4,4,4,4,1,0
0,197,ZD,2,3,2,0,0,0,0,4,4,4,4,4,1,0
0,198,ZD,2,3,2,0,0,0,0,4,4,4,4,4,1,0
0,199,ZD,2,3,2,0,0,0,0,4,4,4,4,4,1,0
1,2,INC,1,-1,-1,0,0,-1,-1,-1,-1,-1,-1,-1,0,1
1,3,INC,1,-1,-1,0,0,-1,-1,-1,-1,-1,-1,-1,0,1
1,4,INC,1,-1,-1,0,0,-1,-1,-1,-1,-1,-1,-1,0,1
1,5,INC,1,-1,-1,0,0,-1,-1,-1,-1,-1,-1,-1,0,1
1,6,POS,1,1,1,0,0,0,0,0,0,-1,-1,-1,0,1
1,7,INC,1,-1,-1,0,0,-1,-1,-1,-1,-1,-1,-1,0,1
1,8,ZD,2,2,2,1,0,0,-1,2,2,2,2,2,0,0
1,9,ZD,2,2,2,1,0,0,-1,2,2,2,2,2,0,0
1,10,ZD,2,2,2,1,0,0,-1,2,2,2,2,2,0,0
1,11,ZD,2,2,2,1,0,0,-1,2,2,2,2,2,0,0
1,12,ZD,2,2,2,1,0,0,-1,2,2,2,2,2,0,0
1,13,ZD,2,2,2,1,0,0,-1,2,2,2,2,2,0,0
1,14,ZD,2,2,2,1,0,0,-1,2,2,2,2,2,0,0
1,15,ZD,2,2,2,1,0,0,-1,2,2,2,2,2,0,0
1,16,ZD,2,2,2,0,0,0,-1,4,4,4,4,4,1,0
1,17,ZD,2,2,2,0,0,0,-1,4,4,4,4,4,1,0
1,18,ZD,2,2,2,0,0,0,-1,4,4,4,4,4,1,0
1,19,ZD,2,2,2,0,0,0,-1,4,4,4,4,4,1,0
1,20,ZD,2,2,2,0,0,0,-1,4,4,4,4,4,1,0
1,21,ZD,2,2,2,0,0,0,-1,4,4,4,4,4,1,0
1,22,ZD,2,2,2,0,0,0,-1,4,4,4,4,4,1,0
1,23,ZD,2,2,2,0,0,0,-1,4,4,4,4,4,1,0
1,24,INC,1,-1,-1,0,0,-1,-1,-1,-1,-1,-1,-1,0,1
1,25,INC,1,-1,-1,0,0,-1,-1,-1,-1,-1,-1,-1,0,1
1,26,INC,1,-1,-1,0,0,-1,-1,-1,-1,-1,-1,-1,0,1
1,27,INC,1,-1,-1,0,0,-1,-1,-1,-1,-1,-1,-1,0,1
1,28,ZD,2,2,2,1,0,0,-1,2,2,2,2,2,0,0
1,29,ZD,2,2,2,1,0,0,-1,2,2,2,2,2,0,0
1,30,ZD,2,2,2,1,0,0,-1,2,2,2,2,2,0,0
1,31,ZD,2,2,2,1,0,0,-1,2,2,2,2,2,0,0
1,32,ZD,2,2,2,1,0,0,-1,2,2,2,2,2,0,0
1,33,ZD,2,2,2,1,0,0,-1,2,2,2,2,2,0,0
1,34,ZD,2,2,2,1,0,0,-1,2,2,2,2,2,0,0
1,35,ZD,2,2,2,1,0,0,-1,2,2,2,2,2,0,0
1,36,ZD,2,2,2,1,0,0,-1,2,2,2,2,2,0,0
1,37,ZD,2,2,2,1,0,0,-1,2,2,2,2,2,0,0
1,38,ZD,2,2,2,1,0,0,0,2,2,2,2,2,0,0
1,39,ZD,2,2,2,1,0,0,0,2,2,2,2,2,0,0
1,40,ZD,2,2,2,1,0,0,0,2,2,2,2,2,0,0
1,41,ZD,2,2,2,1,0,0,0,2,2,2,2,2,0,0
1,42,ZD,2,2,2,1,0,0,-1,2,2,2,2,2,0,0
1,43,ZD,2,2,2,1,0,0,-1,2,2,2,2,2,0,0
1,44,ZD,2,2,2,0,0,0,-1,4,4,4,4,4,1,0
1,45,ZD,2,2,2,0,0,0,-1,4,4,4,4,4,1,0
1,46,ZD,2,2,2,0,0,0,-1,4,4,4,4,4,1,0
1,47,ZD,2,2,2,0,0,0,-1,4,4,4,4,4,1,0
1,48,ZD,2,2,2,0,0,0,-1,4,4,4,4,4,1,0
1,49,ZD,2,2,2,0,0,0,-1,4,4,4,4,4,1,0
1,50,ZD,2,2,2,0,0,0,-1,4,4,4,4,4,1,0
1,51,ZD,2,2,2,0,0,0,-1,4,4,4,4,4,1,0
1,52,ZD,2,2,2,1,0,0,-1,2,2,2,2,2,0,0
1,53,ZD,2,2,2,1,0,0,-1,2,2,2,2,2,0,0
1,54,ZD,2,2,2,1,0,0,-1,2,2,2,2,2,0,0
1,55,ZD,2,2,2,1,0,0,-1,2,2,2,2,2,0,0
1,56,ZD,2,2,2,1,0,0,-1,2,2,2,2,2,0,0
1,57,ZD,2,2,2,1,0,0,-1,2,2,2,2,2,0,0
1,58,ZD,2,2,2,1,0,0,-1,2,2,2,2,2,0,0
1,59,ZD,2,2,2,1,0,0,-1,2,2,2,2,2,0,0
1,60,ZD,2,2,2,0,0,0,0,4,4,4,4,4,1,0
1,61,ZD,2,2,2,0,0,0,0,4,4,4,4,4,1,0
1,62,ZD,2,2,2,0,0,0,0,4,4,4,4,4,1,0
1,63,ZD,2,2,2,0,0,0,0,4,4,4,4,4,1,0
1,64,ZD,2,2,2,0,0,0,0,4,4,4,4,4,1,0
1,65,ZD,2,2,2,0,0,0,0,4,4,4,4,4,1,0
1,66,ZD,2,2,2,0,0,0,0,4,4,4,4,4,1,0
1,67,ZD,2,2,2,0,0,0,0,4,4,4,4,4,1,0
1,68,ZD,2,2,2,1,0,0,-1,2,2,2,2,2,0,0
1,69,ZD,2,2,2,1,0,0,-1,2,2,2,2,2,0,0
1,70,ZD,2,2,2,1,0,0,-1,2,2,2,2,2,0,0
1,71,ZD,2,2,2,1,0,0,-1,2,2,2,2,2,0,0
1,72,ZD,2,2,2,0,0,0,-1,4,4,4,4,4,1,0
1,73,ZD,2,2,2,0,0,0,-1,4,4,4,4,4,1,0
1,74,ZD,2,2,2,0,0,0,-1,4,4,4,4,4,1,0
1,75,ZD,2,2,2,0,0,0,-1,4,4,4,4,4,1,0
1,76,ZD,2,2,2,0,0,0,-1,4,4,4,4,4,1,0
1,77,ZD,2,2,2,0,0,0,-1,4,4,4,4,4,1,0
1,78,ZD,2,2,2,0,0,0,-1,4,4,4,4,4,1,0
1,79,ZD,2,2,2,0,0,0,-1,4,4,4,4,4,1,0
1,80,ZD,2,2,2,0,0,0,0,4,4,4,4,4,1,0
1,81,ZD,2,2,2,0,0,0,0,4,4,4,4,4,1,0
1,82,ZD,2,2,2,0,0,0,0,4,4,4,4,4,1,0
1,83,ZD,2,2,2,0,0,0,0,4,4,4,4,4,1,0
1,84,INC,1,-1,-1,0,0,-1,-1,-1,-1,-1,-1,-1,0,1
1,85,INC,1,-1,-1,0,0,-1,-1,-1,-1,-1,-1,-1,0,1
1,86,INC,1,-1,-1,0,0,-1,-1,-1,-1,-1,-1,-1,0,1
1,87,INC,1,-1,-1,0,0,-1,-1,-1,-1,-1,-1,-1,0,1
1,88,ZD,2,2,2,1,0,0,-1,2,2,2,2,2,0,0
1,89,ZD,2,2,2,1,0,0,-1,2,2,2,2,2,0,0
1,90,ZD,2,2,2,1,0,0,0,2,2,2,2,2,0,0
1,91,ZD,2,2,2,1,0,0,0,2,2,2,2,2,0,0
1,92,ZD,2,2,2,1,0,0,0,2,2,2,2,2,0,0
1,93,ZD,2,2,2,1,0,0,0,2,2,2,2,2,0,0
1,94,ZD,2,2,2,1,0,0,-1,2,2,2,2,2,0,0
1,95,ZD,2,2,2,1,0,0,-1,2,2,2,2,2,0,0
1,96,ZD,2,2,2,1,0,0,-1,2,2,2,2,2,0,0
1,97,ZD,2,2,2,1,0,0,-1,2,2,2,2,2,0,0
1,98,ZD,2,2,2,1,0,0,-1,2,2,2,2,2,0,0
1,99,ZD,2,2,2,1,0,0,-1,2,2,2,2,2,0,0
1,100,ZD,2,2,2,1,0,0,-1,2,2,2,2,2,0,0
1,101,ZD,2,2,2,1,0,0,-1,2,2,2,2,2,0,0
1,102,ZD,2,2,2,1,0,0,-1,2,2,2,2,2,0,0
1,103,ZD,2,2,2,1,0,0,-1,2,2,2,2,2,0,0
1,104,ZD,2,2,2,0,0,0,-1,4,4,4,4,4,1,0
1,105,ZD,2,2,2,0,0,0,-1,4,4,4,4,4,1,0
1,106,ZD,2,2,2,0,0,0,0,4,4,4,4,4,1,0
1,107,ZD,2,2,2,0,0,0,0,4,4,4,4,4,1,0
1,108,ZD,2,2,2,0,0,0,0,4,4,4,4,4,1,0
1,109,ZD,2,2,2,0,0,0,0,4,4,4,4,4,1,0
1,110,ZD,2,2,2,0,0,0,-1,4,4,4,4,4,1,0
1,111,ZD,2,2,2,0,0,0,-1,4,4,4,4,4,1,0
1,112,ZD,2,2,2,1,0,0,-1,2,2,2,2,2,0,0
1,113,ZD,2,2,2,1,0,0,-1,2,2,2,2,2,0,0
1,114,ZD,2,2,2,1,0,0,-1,2,2,2,2,2,0,0
1,115,ZD,2,2,2,1,0,0,-1,2,2,2,2,2,0,0
1,116,ZD,2,2,2,1,0,0,-1,2,2,2,2,2,0,0
1,117,ZD,2,2,2,1,0,0,-1,2,2,2,2,2,0,0
1,118,ZD,2,2,2,1,0,0,-1,2,2,2,2,2,0,0
1,119,ZD,2,2,2,1,0,0,-1,2,2,2,2,2,0,0
1,120,ZD,2,2,2,0,0,0,-1,4,4,4,4,4,1,0
1,121,ZD,2,2,2,0,0,0,-1,4,4,4,4,4,1,0
1,122,ZD,2,2,2,0,0,0,-1,4,4,4,4,4,1,0
1,123,ZD,2,2,2,0,0,0,-1,4,4,4,4,4,1,0
1,124,ZD,2,2,2,0,0,0,-1,4,4,4,4,4,1,0
1,125,ZD,2,2,2,0,0,0,-1,4,4,4,4,4,1,0
1,126,ZD,2,2,2,0,0,0,-1,4,4,4,4,4,1,0
1,127,ZD,2,2,2,0,0,0,-1,4,4,4,4,4,1,0
1,128,ZD,2,2,2,1,0,0,0,2,2,2,2,2,0,0
1,129,ZD,2,2,2,1,0,0,0,2,2,2,2,2,0,0
1,130,ZD,2,2,2,1,0,0,0,2,2,2,2,2,0,0
1,131,ZD,2,2,2,1,0,0,0,2,2,2,2,2,0,0
1,132,ZD,2,2,2,0,0,0,-1,4,4,4,4,4,1,0
1,133,ZD,2,2,2,0,0,0,-1,4,4,4,4,4,1,0
1,134,ZD,2,2,2,0,0,0,-1,4,4,4,4,4,1,0
1,135,ZD,2,2,2,0,0,0,-1,4,4,4,4,4,1,0
1,136,ZD,2,2,2,0,0,0,-1,4,4,4,4,4,1,0
1,137,ZD,2,2,2,0,0,0,-1,4,4,4,4,4,1,0
1,138,ZD,2,2,2,0,0,0,-1,4,4,4,4,4,1,0
1,139,ZD,2,2,2,0,0,0,-1,4,4,4,4,4,1,0
1,140,ZD,2,2,2,0,0,0,-1,4,4,4,4,4,1,0
1,141,ZD,2,2,2,0,0,0,-1,4,4,4,4,4,1,0
1,142,ZD,2,2,2,0,0,0,-1,4,4,4,4,4,1,0
1,143,ZD,2,2,2,0,0,0,-1,4,4,4,4,4,1,0
1,144,ZD,2,2,2,1,0,0,-1,2,2,2,2,2,0,0
1,145,ZD,2,2,2,1,0,0,-1,2,2,2,2,2,0,0
1,146,ZD,2,2,2,1,0,0,-1,2,2,2,2,2,0,0
1,147,ZD,2,2,2,1,0,0,-1,2,2,2,2,2,0,0
1,148,ZD,2,2,2,1,0,0,0,2,2,2,2,2,0,0
1,149,ZD,2,2,2,1,0,0,-1,2,2,2,2,2,0,0
1,150,ZD,2,2,2,1,0,0,-1,2,2,2,2,2,0,0
1,151,ZD,2,2,2,1,0,0,0,2,2,2,2,2,0,0
1,152,ZD,2,2,2,1,0,0,0,2,2,2,2,2,0,0
1,153,ZD,2,2,2,1,0,0,-1,2,2,2,2,2,0,0
1,154,ZD,2,2,2,1,0,0,-1,2,2,2,2,2,0,0
1,155,ZD,2,2,2,1,0,0,0,2,2,2,2,2,0,0
1,156,ZD,2,2,2,0,0,0,-1,4,4,4,4,4,1,0
1,157,ZD,2,2,2,0,0,0,-1,4,4,4,4,4,1,0
1,158,ZD,2,2,2,0,0,0,-1,4,4,4,4,4,1,0
1,159,ZD,2,2,2,0,0,0,-1,4,4,4,4,4,1,0
1,160,ZD,2,2,2,0,0,0,-1,4,4,4,4,4,1,0
1,161,ZD,2,2,2,0,0,0,-1,4,4,4,4,4,1,0
1,162,ZD,2,2,2,0,0,0,-1,4,4,4,4,4,1,0
1,163,ZD,2,2,2,0,0,0,-1,4,4,4,4,4,1,0
1,164,ZD,2,2,2,1,0,0,-1,2,2,2,2,2,0,0
1,165,ZD,2,2,2,1,0,0,-1,2,2,2,2,2,0,0
1,166,ZD,2,2,2,1,0,0,-1,2,2,2,2,2,0,0
1,167,ZD,2,2,2,1,0,0,-1,2,2,2,2,2,0,0
1,168,ZD,2,2,2,0,0,0,-1,4,4,4,4,4,1,0
1,169,ZD,2,3,2,0,0,0,0,4,4,4,4,4,1,0
1,170,ZD,2,2,2,0,0,0,-1,4,4,4,4,4,1,0
1,171,ZD,2,3,2,0,0,0,0,4,4,4,4,4,1,0
1,172,ZD,2,3,2,0,0,0,0,4,4,4,4,4,1,0
1,173,ZD,2,2,2,0,0,0,-1,4,4,4,4,4,1,0
1,174,ZD,2,3,2,0,0,0,0,4,4,4,4,4,1,0
1,175,ZD,2,2,2,0,0,0,-1,4,4,4,4,4,1,0
1,176,ZD,2,2,2,0,0,0,-1,4,4,4,4,4,1,0
1,177,ZD,2,2,2,0,0,0,-1,4,4,4,4,4,1,0
1,178,ZD,2,2,2,0,0,0,-1,4,4,4,4,4,1,0
1,179,ZD,2,2,2,0,0,0,-1,4,4,4,4,4,1,0
1,180,ZD,2,2,2,1,0,0,0,2,2,2,2,2,0,0
1,181,ZD,2,2,2,1,0,0,0,2,2,2,2,2,0,0
1,182,ZD,2,2,2,1,0,0,0,2,2,2,2,2,0,0
1,183,ZD,2,2,2,1,0,0,0,2,2,2,2,2,0,0
1,184,ZD,2,3,2,0,0,0,0,4,4,4,4,4,1,0
1,185,ZD,2,3,2,0,0,0,0,4,4,4,4,4,1,0
1,186,ZD,2,3,2,0,0,0,0,4,4,4,4,4,1,0
1,187,ZD,2,3,2,0,0,0,0,4,4,4,4,4,1,0
1,188,ZD,2,3,2,0,0,0,0,4,4,4,4,4,1,0
1,189,ZD,2,3,2,0,0,0,0,4,4,4,4,4,1,0
1,190,ZD,2,3,2,0,0,0,0,4,4,4,4,4,1,0
1,191,ZD,2,3,2,0,0,0,0,4,4,4,4,4,1,0
1,192,ZD,2,2,2,0,0,0,0,4,4,4,4,4,1,0
1,193,ZD,2,2,2,0,0,0,0,4,4,4,4,4,1,0
1,194,ZD,2,2,2,0,0,0,0,4,4,4,4,4,1,0
1,195,ZD,2,2,2,0,0,0,0,4,4,4,4,4,1,0
1,196,ZD,2,3,2,0,0,0,0,4,4,4,4,4,1,0
1,197,ZD,2,3,2,0,0,0,0,4,4,4,4,4,1,0
1,198,ZD,2,3,2,0,0,0,0,4,4,4,4,4,1,0
1,199,ZD,2,3,2,0,0,0,0,4,4,4,4,4,1,0
2,3,INC,1,-1,-1,0,0,-1,-1,-1,-1,-1,-1,-1,0,1
2,4,INC,1,-1,-1,0,0,-1,-1,-1,-1,-1,-1,-1,0,1
2,5,POS,1,1,1,0,0,0,0,0,0,-1,-1,-1,0,1
2,6,INC,1,-1,-1,0,0,-1,-1,-1,-1,-1,-1,-1,0,1
2,7,INC,1,-1,-1,0,0,-1,-1,-1,-1,-1,-1,-1,0,1
2,8,ZD,2,2,2,1,0,0,-1,2,2,2,2,2,0,0
2,9,ZD,2,2,2,1,0,0,-1,2,2,2,2,2,0,0
2,10,ZD,2,2,2,1,0,0,-1,2,2,2,2,2,0,0
2,11,ZD,2,2,2,1,0,0,-1,2,2,2,2,2,0,0
2,12,ZD,2,2,2,1,0,0,-1,2,2,2,2,2,0,0
2,13,ZD,2,2,2,1,0,0,-1,2,2,2,2,2,0,0
2,14,ZD,2,2,2,1,0,0,-1,2,2,2,2,2,0,0
2,15,ZD,2,2,2,1,0,0,-1,2,2,2,2,2,0,0
2,16,ZD,2,2,2,0,0,0,-1,4,4,4,4,4,1,0
2,17,ZD,2,2,2,0,0,0,-1,4,4,4,4,4,1,0
2,18,ZD,2,2,2,0,0,0,-1,4,4,4,4,4,1,0
2,19,ZD,2,2,2,0,0,0,-1,4,4,4,4,4,1,0
2,20,ZD,2,2,2,0,0,0,-1,4,4,4,4,4,1,0
2,21,ZD,2,2,2,0,0,0,-1,4,4,4,4,4,1,0
2,22,ZD,2,2,2,0,0,0,-1,4,4,4,4,4,1,0
2,23,ZD,2,2,2,0,0,0,-1,4,4,4,4,4,1,0
2,24,INC,1,-1,-1,0,0,-1,-1,-1,-1,-1,-1,-1,0,1
2,25,INC,1,-1,-1,0,0,-1,-1,-1,-1,-1,-1,-1,0,1
2,26,INC,1,-1,-1,0,0,-1,-1,-1,-1,-1,-1,-1,0,1
2,27,INC,1,-1,-1,0,0,-1,-1,-1,-1,-1,-1,-1,0,1
2,28,ZD,2,2,2,1,0,0,-1,2,2,2,2,2,0,0
2,29,ZD,2,2,2,1,0,0,-1,2,2,2,2,2,0,0
2,30,ZD,2,2,2,1,0,0,-1,2,2,2,2,2,0,0
2,31,ZD,2,2,2,1,0,0,-1,2,2,2,2,2,0,0
2,32,ZD,2,2,2,1,0,0,-1,2,2,2,2,2,0,0
2,33,ZD,2,2,2,1,0,0,-1,2,2,2,2,2,0,0
2,34,ZD,2,2,2,1,0,0,-1,2,2,2,2,2,0,0
2,35,ZD,2,2,2,1,0,0,-1,2,2,2,2,2,0,0
2,36,ZD,2,2,2,1,0,0,0,2,2,2,2,2,0,0
2,37,ZD,2,2,2,1,0,0,0,2,2,2,2,2,0,0
2,38,ZD,2,2,2,1,0,0,-1,2,2,2,2,2,0,0
2,39,ZD,2,2,2,1,0,0,-1,2,2,2,2,2,0,0
2,40,ZD,2,2,2,1,0,0,-1,2,2,2,2,2,0,0
2,41,ZD,2,2,2,1,0,0,-1,2,2,2,2,2,0,0
2,42,ZD,2,2,2,1,0,0,0,2,2,2,2,2,0,0
2,43,ZD,2,2,2,1,0,0,0,2,2,2,2,2,0,0
2,44,ZD,2,2,2,0,0,0,-1,4,4,4,4,4,1,0
2,45,ZD,2,2,2,0,0,0,-1,4,4,4,4,4,1,0
2,46,ZD,2,2,2,0,0,0,-1,4,4,4,4,4,1,0
2,47,ZD,2,2,2,0,0,0,-1,4,4,4,4,4,1,0
2,48,ZD,2,2,2,0,0,0,-1,4,4,4,4,4,1,0
2,49,ZD,2,2,2,0,0,0,-1,4,4,4,4,4,1,0
2,50,ZD,2,2,2,0,0,0,-1,4,4,4,4,4,1,0
2,51,ZD,2,2,2,0,0,0,-1,4,4,4,4,4,1,0
2,52,ZD,2,2,2,1,0,0,-1,2,2,2,2,2,0,0
2,53,ZD,2,2,2,1,0,0,-1,2,2,2,2,2,0,0
2,54,ZD,2,2,2,1,0,0,-1,2,2,2,2,2,0,0
2,55,ZD,2,2,2,1,0,0,-1,2,2,2,2,2,0,0
2,56,ZD,2,2,2,1,0,0,-1,2,2,2,2,2,0,0
2,57,ZD,2,2,2,1,0,0,-1,2,2,2,2,2,0,0
2,58,ZD,2,2,2,1,0,0,-1,2,2,2,2,2,0,0
2,59,ZD,2,2,2,1,0,0,-1,2,2,2,2,2,0,0
2,60,ZD,2,2,2,0,0,0,0,4,4,4,4,4,1,0
2,61,ZD,2,2,2,0,0,0,0,4,4,4,4,4,1,0
2,62,ZD,2,2,2,0,0,0,0,4,4,4,4,4,1,0
2,63,ZD,2,2,2,0,0,0,0,4,4,4,4,4,1,0
2,64,ZD,2,2,2,0,0,0,0,4,4,4,4,4,1,0
2,65,ZD,2,2,2,0,0,0,0,4,4,4,4,4,1,0
2,66,ZD,2,2,2,0,0,0,0,4,4,4,4,4,1,0
2,67,ZD,2,2,2,0,0,0,0,4,4,4,4,4,1,0
2,68,ZD,2,2,2,1,0,0,-1,2,2,2,2,2,0,0
2,69,ZD,2,2,2,1,0,0,-1,2,2,2,2,2,0,0
2,70,ZD,2,2,2,1,0,0,-1,2,2,2,2,2,0,0
2,71,ZD,2,2,2,1,0,0,-1,2,2,2,2,2,0,0
2,72,ZD,2,2,2,0,0,0,-1,4,4,4,4,4,1,0
2,73,ZD,2,2,2,0,0,0,-1,4,4,4,4,4,1,0
2,74,ZD,2,2,2,0,0,0,-1,4,4,4,4,4,1,0
2,75,ZD,2,2,2,0,0,0,-1,4,4,4,4,4,1,0
2,76,ZD,2,2,2,0,0,0,-1,4,4,4,4,4,1,0
2,77,ZD,2,2,2,0,0,0,-1,4,4,4,4,4,1,0
2,78,ZD,2,2,2,0,0,0,-1,4,4,4,4,4,1,0
2,79,ZD,2,2,2,0,0,0,-1,4,4,4,4,4,1,0
2,80,ZD,2,2,2,0,0,0,0,4,4,4,4,4,1,0
2,81,ZD,2,2,2,0,0,0,0,4,4,4,4,4,1,0
2,82,ZD,2,2,2,0,0,0,0,4,4,4,4,4,1,0
2,83,ZD,2,2,2,0,0,0,0,4,4,4,4,4,1,0
2,84,INC,1,-1,-1,0,0,-1,-1,-1,-1,-1,-1,-1,0,1
2,85,INC,1,-1,-1,0,0,-1,-1,-1,-1,-1,-1,-1,0,1
2,86,INC,1,-1,-1,0,0,-1,-1,-1,-1,-1,-1,-1,0,1
2,87,INC,1,-1,-1,0,0,-1,-1,-1,-1,-1,-1,-1,0,1
2,88,ZD,2,2,2,1,0,0,-1,2,2,2,2,2,0,0
2,89,ZD,2,2,2,1,0,0,-1,2,2,2,2,2,0,0
2,90,ZD,2,2,2,1,0,0,0,2,2,2,2,2,0,0
2,91,ZD,2,2,2,1,0,0,0,2,2,2,2,2,0,0
2,92,ZD,2,2,2,1,0,0,0,2,2,2,2,2,0,0
2,93,ZD,2,2,2,1,0,0,0,2,2,2,2,2,0,0
2,94,ZD,2,2,2,1,0,0,-1,2,2,2,2,2,0,0
2,95,ZD,2,2,2,1,0,0,-1,2,2,2,2,2,0,0
2,96,ZD,2,2,2,1,0,0,-1,2,2,2,2,2,0,0
2,97,ZD,2,2,2,1,0,0,-1,2,2,2,2,2,0,0
2,98,ZD,2,2,2,1,0,0,-1,2,2,2,2,2,0,0
2,99,ZD,2,2,2,1,0,0,-1,2,2,2,2,2,0,0
2,100,ZD,2,2,2,1,0,0,-1,2,2,2,2,2,0,0
2,101,ZD,2,2,2,1,0,0,-1,2,2,2,2,2,0,0
2,102,ZD,2,2,2,1,0,0,-1,2,2,2,2,2,0,0
2,103,ZD,2,2,2,1,0,0,-1,2,2,2,2,2,0,0
2,104,ZD,2,2,2,0,0,0,-1,4,4,4,4,4,1,0
2,105,ZD,2,2,2,0,0,0,-1,4,4,4,4,4,1,0
2,106,ZD,2,2,2,0,0,0,0,4,4,4,4,4,1,0
2,107,ZD,2,2,2,0,0,0,0,4,4,4,4,4,1,0
2,108,ZD,2,2,2,0,0,0,0,4,4,4,4,4,1,0
2,109,ZD,2,2,2,0,0,0,0,4,4,4,4,4,1,0
2,110,ZD,2,2,2,0,0,0,-1,4,4,4,4,4,1,0
2,111,ZD,2,2,2,0,0,0,-1,4,4,4,4,4,1,0
2,112,ZD,2,2,2,1,0,0,-1,2,2,2,2,2,0,0
2,113,ZD,2,2,2,1,0,0,-1,2,2,2,2,2,0,0
2,114,ZD,2,2,2,1,0,0,-1,2,2,2,2,2,0,0
2,115,ZD,2,2,2,1,0,0,-1,2,2,2,2,2,0,0
2,116,ZD,2,2,2,1,0,0,-1,2,2,2,2,2,0,0
2,117,ZD,2,2,2,1,0,0,-1,2,2,2,2,2,0,0
2,118,ZD,2,2,2,1,0,0,-1,2,2,2,2,2,0,0
2,119,ZD,2,2,2,1,0,0,-1,2,2,2,2,2,0,0
2,120,ZD,2,2,2,0,0,0,-1,4,4,4,4,4,1,0
2,121,ZD,2,2,2,0,0,0,-1,4,4,4,4,4,1,0
2,122,ZD,2,2,2,0,0,0,-1,4,4,4,4,4,1,0
2,123,ZD,2,2,2,0,0,0,-1,4,4,4,4,4,1,0
2,124,ZD,2,2,2,0,0,0,-1,4,4,4,4,4,1,0
2,125,ZD,2,2,2,0,0,0,-1,4,4,4,4,4,1,0
2,126,ZD,2,2,2,0,0,0,-1,4,4,4,4,4,1,0
2,127,ZD,2,2,2,0,0,0,-1,4,4,4,4,4,1,0
2,128,ZD,2,2,2,1,0,0,0,2,2,2,2,2,0,0
2,129,ZD,2,2,2,1,0,0,0,2,2,2,2,2,0,0
2,130,ZD,2,2,2,1,0,0,0,2,2,2,2,2,0,0
2,131,ZD,2,2,2,1,0,0,0,2,2,2,2,2,0,0
2,132,ZD,2,2,2,0,0,0,-1,4,4,4,4,4,1,0
2,133,ZD,2,2,2,0,0,0,-1,4,4,4,4,4,1,0
2,134,ZD,2,2,2,0,0,0,-1,4,4,4,4,4,1,0
2,135,ZD,2,2,2,0,0,0,-1,4,4,4,4,4,1,0
2,136,ZD,2,2,2,0,0,0,-1,4,4,4,4,4,1,0
2,137,ZD,2,2,2,0,0,0,-1,4,4,4,4,4,1,0
2,138,ZD,2,2,2,0,0,0,-1,4,4,4,4,4,1,0
2,139,ZD,2,2,2,0,0,0,-1,4,4,4,4,4,1,0
2,140,ZD,2,2,2,0,0,0,-1,4,4,4,4,4,1,0
2,141,ZD,2,2,2,0,0,0,-1,4,4,4,4,4,1,0
2,142,ZD,2,2,2,0,0,0,-1,4,4,4,4,4,1,0
2,143,ZD,2,2,2,0,0,0,-1,4,4,4,4,4,1,0
2,144,ZD,2,2,2,1,0,0,-1,2,2,2,2,2,0,0
2,145,ZD,2,2,2,1,0,0,-1,2,2,2,2,2,0,0
2,146,ZD,2,2,2,1,0,0,-1,2,2,2,2,2,0,0
2,147,ZD,2,2,2,1,0,0,-1,2,2,2,2,2,0,0
2,148,ZD,2,2,2,1,0,0,-1,2,2,2,2,2,0,0
2,149,ZD,2,2,2,1,0,0,0,2,2,2,2,2,0,0
2,150,ZD,2,2,2,1,0,0,0,2,2,2,2,2,0,0
2,151,ZD,2,2,2,1,0,0,-1,2,2,2,2,2,0,0
2,152,ZD,2,2,2,1,0,0,-1,2,2,2,2,2,0,0
2,153,ZD,2,2,2,1,0,0,0,2,2,2,2,2,0,0
2,154,ZD,2,2,2,1,0,0,0,2,2,2,2,2,0,0
2,155,ZD,2,2,2,1,0,0,-1,2,2,2,2,2,0,0
2,156,ZD,2,2,2,0,0,0,-1,4,4,4,4,4,1,0
2,157,ZD,2,2,2,0,0,0,-1,4,4,4,4,4,1,0
2,158,ZD,2,2,2,0,0,0,-1,4,4,4,4,4,1,0
2,159,ZD,2,2,2,0,0,0,-1,4,4,4,4,4,1,0
2,160,ZD,2,2,2,0,0,0,-1,4,4,4,4,4,1,0
2,161,ZD,2,2,2,0,0,0,-1,4,4,4,4,4,1,0
2,162,ZD,2,2,2,0,0,0,-1,4,4,4,4,4,1,0
2,163,ZD,2,2,2,0,0,0,-1,4,4,4,4,4,1,0
2,164,ZD,2,2,2,1,0,0,-1,2,2,2,2,2,0,0
2,165,ZD,2,2,2,1,0,0,-1,2,2,2,2,2,0,0
2,166,ZD,2,2,2,1,0,0,-1,2,2,2,2,2,0,0
2,167,ZD,2,2,2,1,0,0,-1,2,2,2,2,2,0,0
2,168,ZD,2,3,2,0,0,0,0,4,4,4,4,4,1,0
2,169,ZD,2,2,2,0,0,0,-1,4,4,4,4,4,1,0
2,170,ZD,2,3,2,0,0,0,0,4,4,4,4,4,1,0
2,171,ZD,2,2,2,0,0,0,-1,4,4,4,4,4,1,0
2,172,ZD,2,2,2,0,0,0,-1,4,4,4,4,4,1,0
2,173,ZD,2,3,2,0,0,0,0,4,4,4,4,4,1,0
2,174,ZD,2,2,2,0,0,0,-1,4,4,4,4,4,1,0
2,175,ZD,2,3,2,0,0,0,0,4,4,4,4,4,1,0
2,176,ZD,2,2,2,0,0,0,-1,4,4,4,4,4,1,0
2,177,ZD,2,2,2,0,0,0,-1,4,4,4,4,4,1,0
2,178,ZD,2,2,2,0,0,0,-1,4,4,4,4,4,1,0
2,179,ZD,2,2,2,0,0,0,-1,4,4,4,4,4,1,0
2,180,ZD,2,2,2,1,0,0,0,2,2,2,2,2,0,0
2,181,ZD,2,2,2,1,0,0,0,2,2,2,2,2,0,0
2,182,ZD,2,2,2,1,0,0,0,2,2,2,2,2,0,0
2,183,ZD,2,2,2,1,0,0,0,2,2,2,2,2,0,0
2,184,ZD,2,3,2,0,0,0,0,4,4,4,4,4,1,0
2,185,ZD,2,3,2,0,0,0,0,4,4,4,4,4,1,0
2,186,ZD,2,3,2,0,0,0,0,4,4,4,4,4,1,0
2,187,ZD,2,3,2,0,0,0,0,4,4,4,4,4,1,0
2,188,ZD,2,3,2,0,0,0,0,4,4,4,4,4,1,0
2,189,ZD,2,3,2,0,0,0,0,4,4,4,4,4,1,0
2,190,ZD,2,3,2,0,0,0,0,4,4,4,4,4,1,0
2,191,ZD,2,3,2,0,0,0,0,4,4,4,4,4,1,0
2,192,ZD,2,2,2,0,0,0,0,4,4,4,4,4,1,0
2,193,ZD,2,2,2,0,0,0,0,4,4,4,4,4,1,0
2,194,ZD,2,2,2,0,0,0,0,4,4,4,4,4,1,0
2,195,ZD,2,2,2,0,0,0,0,4,4,4,4,4,1,0
2,196,ZD,2,3,2,0,0,0,0,4,4,4,4,4,1,0
2,197,ZD,2,3,2,0,0,0,0,4,4,4,4,4,1,0
2,198,ZD,2,3,2,0,0,0,0,4,4,4,4,4,1,0
2,199,ZD,2,3,2,0,0,0,0,4,4,4,4,4,1,0
3,4,POS,1,1,1,0,0,0,0,0,0,-1,-1,-1,0,1
3,5,INC,1,-1,-1,0,0,-1,-1,-1,-1,-1,-1,-1,0,1
3,6,INC,1,-1,-1,0,0,-1,-1,-1,-1,-1,-1,-1,0,1
3,7,INC,1,-1,-1,0,0,-1,-1,-1,-1,-1,-1,-1,0,1
3,8,ZD,2,2,2,1,0,0,-1,2,2,2,2,2,0,0
3,9,ZD,2,2,2,1,0,0,-1,2,2,2,2,2,0,0
3,10,ZD,2,2,2,1,0,0,-1,2,2,2,2,2,0,0
3,11,ZD,2,2,2,1,0,0,-1,2,2,2,2,2,0,0
3,12,ZD,2,2,2,1,0,0,-1,2,2,2,2,2,0,0
3,13,ZD,2,2,2,1,0,0,-1,2,2,2,2,2,0,0
3,14,ZD,2,2,2,1,0,0,-1,2,2,2,2,2,0,0
3,15,ZD,2,2,2,1,0,0,-1,2,2,2,2,2,0,0
3,16,ZD,2,2,2,0,0,0,-1,4,4,4,4,4,1,0
3,17,ZD,2,2,2,0,0,0,-1,4,4,4,4,4,1,0
3,18,ZD,2,2,2,0,0,0,-1,4,4,4,4,4,1,0
3,19,ZD,2,2,2,0,0,0,-1,4,4,4,4,4,1,0
3,20,ZD,2,2,2,0,0,0,-1,4,4,4,4,4,1,0
3,21,ZD,2,2,2,0,0,0,-1,4,4,4,4,4,1,0
3,22,ZD,2,2,2,0,0,0,-1,4,4,4,4,4,1,0
3,23,ZD,2,2,2,0,0,0,-1,4,4,4,4,4,1,0
3,24,INC,1,-1,-1,0,0,-1,-1,-1,-1,-1,-1,-1,0,1
3,25,INC,1,-1,-1,0,0,-1,-1,-1,-1,-1,-1,-1,0,1
3,26,INC,1,-1,-1,0,0,-1,-1,-1,-1,-1,-1,-1,0,1
3,27,INC,1,-1,-1,0,0,-1,-1,-1,-1,-1,-1,-1,0,1
3,28,ZD,2,2,2,1,0,0,-1,2,2,2,2,2,0,0
3,29,ZD,2,2,2,1,0,0,-1,2,2,2,2,2,0,0
3,30,ZD,2,2,2,1,0,0,-1,2,2,2,2,2,0,0
3,31,ZD,2,2,2,1,0,0,-1,2,2,2,2,2,0,0
3,32,ZD,2,2,2,1,0,0,-1,2,2,2,2,2,0,0
3,33,ZD,2,2,2,1,0,0,-1,2,2,2,2,2,0,0
3,34,ZD,2,2,2,1,0,0,-1,2,2,2,2,2,0,0
3,35,ZD,2,2,2,1,0,0,-1,2,2,2,2,2,0,0
3,36,ZD,2,2,2,1,0,0,-1,2,2,2,2,2,0,0
3,37,ZD,2,2,2,1,0,0,-1,2,2,2,2,2,0,0
3,38,ZD,2,2,2,1,0,0,0,2,2,2,2,2,0,0
3,39,ZD,2,2,2,1,0,0,0,2,2,2,2,2,0,0
3,40,ZD,2,2,2,1,0,0,0,2,2,2,2,2,0,0
3,41,ZD,2,2,2,1,0,0,0,2,2,2,2,2,0,0
3,42,ZD,2,2,2,1,0,0,-1,2,2,2,2,2,0,0
3,43,ZD,2,2,2,1,0,0,-1,2,2,2,2,2,0,0
3,44,ZD,2,2,2,0,0,0,-1,4,4,4,4,4,1,0
3,45,ZD,2,2,2,0,0,0,-1,4,4,4,4,4,1,0
3,46,ZD,2,2,2,0,0,0,-1,4,4,4,4,4,1,0
3,47,ZD,2,2,2,0,0,0,-1,4,4,4,4,4,1,0
3,48,ZD,2,2,2,0,0,0,-1,4,4,4,4,4,1,0
3,49,ZD,2,2,2,0,0,0,-1,4,4,4,4,4,1,0
3,50,ZD,2,2,2,0,0,0,-1,4,4,4,4,4,1,0
3,51,ZD,2,2,2,0,0,0,-1,4,4,4,4,4,1,0
3,52,ZD,2,2,2,1,0,0,-1,2,2,2,2,2,0,0
3,53,ZD,2,2,2,1,0,0,-1,2,2,2,2,2,0,0
3,54,ZD,2,2,2,1,0,0,-1,2,2,2,2,2,0,0
3,55,ZD,2,2,2,1,0,0,-1,2,2,2,2,2,0,0
3,56,ZD,2,2,2,1,0,0,-1,2,2,2,2,2,0,0
3,57,ZD,2,2,2,1,0,0,-1,2,2,2,2,2,0,0
3,58,ZD,2,2,2,1,0,0,-1,2,2,2,2,2,0,0
3,59,ZD,2,2,2,1,0,0,-1,2,2,2,2,2,0,0
3,60,ZD,2,2,2,0,0,0,0,4,4,4,4,4,1,0
3,61,ZD,2,2,2,0,0,0,0,4,4,4,4,4,1,0
3,62,ZD,2,2,2,0,0,0,0,4,4,4,4,4,1,0
3,63,ZD,2,2,2,0,0,0,0,4,4,4,4,4,1,0
3,64,ZD,2,2,2,0,0,0,0,4,4,4,4,4,1,0
3,65,ZD,2,2,2,0,0,0,0,4,4,4,4,4,1,0
3,66,ZD,2,2,2,0,0,0,0,4,4,4,4,4,1,0
3,67,ZD,2,2,2,0,0,0,0,4,4,4,4,4,1,0
3,68,ZD,2,2,2,1,0,0,-1,2,2,2,2,2,0,0
3,69,ZD,2,2,2,1,0,0,-1,2,2,2,2,2,0,0
3,70,ZD,2,2,2,1,0,0,-1,2,2,2,2,2,0,0
3,71,ZD,2,2,2,1,0,0,-1,2,2,2,2,2,0,0
3,72,ZD,2,2,2,0,0,0,-1,4,4,4,4,4,1,0
3,73,ZD,2,2,2,0,0,0,-1,4,4,4,4,4,1,0
3,74,ZD,2,2,2,0,0,0,-1,4,4,4,4,4,1,0
3,75,ZD,2,2,2,0,0,0,-1,4,4,4,4,4,1,0
3,76,ZD,2,2,2,0,0,0,-1,4,4,4,4,4,1,0
3,77,ZD,2,2,2,0,0,0,-1,4,4,4,4,4,1,0
3,78,ZD,2,2,2,0,0,0,-1,4,4,4,4,4,1,0
3,79,ZD,2,2,2,0,0,0,-1,4,4,4,4,4,1,0
3,80,ZD,2,2,2,0,0,0,0,4,4,4,4,4,1,0
3,81,ZD,2,2,2,0,0,0,0,4,4,4,4,4,1,0
3,82,ZD,2,2,2,0,0,0,0,4,4,4,4,4,1,0
3,83,ZD,2,2,2,0,0,0,0,4,4,4,4,4,1,0
3,84,INC,1,-1,-1,0,0,-1,-1,-1,-1,-1,-1,-1,0,1
3,85,INC,1,-1,-1,0,0,-1,-1,-1,-1,-1,-1,-1,0,1
3,86,INC,1,-1,-1,0,0,-1,-1,-1,-1,-1,-1,-1,0,1
3,87,INC,1,-1,-1,0,0,-1,-1,-1,-1,-1,-1,-1,0,1
3,88,ZD,2,2,2,1,0,0,0,2,2,2,2,2,0,0
3,89,ZD,2,2,2,1,0,0,0,2,2,2,2,2,0,0
3,90,ZD,2,2,2,1,0,0,-1,2,2,2,2,2,0,0
3,91,ZD,2,2,2,1,0,0,-1,2,2,2,2,2,0,0
3,92,ZD,2,2,2,1,0,0,-1,2,2,2,2,2,0,0
3,93,ZD,2,2,2,1,0,0,-1,2,2,2,2,2,0,0
3,94,ZD,2,2,2,1,0,0,0,2,2,2,2,2,0,0
3,95,ZD,2,2,2,1,0,0,0,2,2,2,2,2,0,0
3,96,ZD,2,2,2,1,0,0,-1,2,2,2,2,2,0,0
3,97,ZD,2,2,2,1,0,0,-1,2,2,2,2,2,0,0
3,98,ZD,2,2,2,1,0,0,-1,2,2,2,2,2,0,0
3,99,ZD,2,2,2,1,0,0,-1,2,2,2,2,2,0,0
3,100,ZD,2,2,2,1,0,0,-1,2,2,2,2,2,0,0
3,101,ZD,2,2,2,1,0,0,-1,2,2,2,2,2,0,0
3,102,ZD,2,2,2,1,0,0,-1,2,2,2,2,2,0,0
3,103,ZD,2,2,2,1,0,0,-1,2,2,2,2,2,0,0
3,104,ZD,2,2,2,0,0,0,0,4,4,4,4,4,1,0
3,105,ZD,2,2,2,0,0,0,0,4,4,4,4,4,1,0
3,106,ZD,2,2,2,0,0,0,-1,4,4,4,4,4,1,0
3,107,ZD,2,2,2,0,0,0,-1,4,4,4,4,4,1,0
3,108,ZD,2,2,2,0,0,0,-1,4,4,4,4,4,1,0
3,109,ZD,2,2,2,0,0,0,-1,4,4,4,4,4,1,0
3,110,ZD,2,2,2,0,0,0,0,4,4,4,4,4,1,0
3,111,ZD,2,2,2,0,0,0,0,4,4,4,4,4,1,0
3,112,ZD,2,2,2,1,0,0,-1,2,2,2,2,2,0,0
3,113,ZD,2,2,2,1,0,0,-1,2,2,2,2,2,0,0
3,114,ZD,2,2,2,1,0,0,-1,2,2,2,2,2,0,0
3,115,ZD,2,2,2,1,0,0,-1,2,2,2,2,2,0,0
3,116,ZD,2,2,2,1,0,0,-1,2,2,2,2,2,0,0
3,117,ZD,2,2,2,1,0,0,-1,2,2,2,2,2,0,0
3,118,ZD,2,2,2,1,0,0,-1,2,2,2,2,2,0,0
3,119,ZD,2,2,2,1,0,0,-1,2,2,2,2,2,0,0
3,120,ZD,2,2,2,0,0,0,-1,4,4,4,4,4,1,0
3,121,ZD,2,2,2,0,0,0,-1,4,4,4,4,4,1,0
3,122,ZD,2,2,2,0,0,0,-1,4,4,4,4,4,1,0
3,123,ZD,2,2,2,0,0,0,-1,4,4,4,4,4,1,0
3,124,ZD,2,2,2,0,0,0,-1,4,4,4,4,4,1,0
3,125,ZD,2,2,2,0,0,0,-1,4,4,4,4,4,1,0
3,126,ZD,2,2,2,0,0,0,-1,4,4,4,4,4,1,0
3,127,ZD,2,2,2,0,0,0,-1,4,4,4,4,4,1,0
3,128,ZD,2,2,2,1,0,0,0,2,2,2,2,2,0,0
3,129,ZD,2,2,2,1,0,0,0,2,2,2,2,2,0,0
3,130,ZD,2,2,2,1,0,0,0,2,2,2,2,2,0,0
3,131,ZD,2,2,2,1,0,0,0,2,2,2,2,2,0,0
3,132,ZD,2,2,2,0,0,0,-1,4,4,4,4,4,1,0
3,133,ZD,2,2,2,0,0,0,-1,4,4,4,4,4,1,0
3,134,ZD,2,2,2,0,0,0,-1,4,4,4,4,4,1,0
3,135,ZD,2,2,2,0,0,0,-1,4,4,4,4,4,1,0
3,136,ZD,2,2,2,0,0,0,-1,4,4,4,4,4,1,0
3,137,ZD,2,2,2,0,0,0,-1,4,4,4,4,4,1,0
3,138,ZD,2,2,2,0,0,0,-1,4,4,4,4,4,1,0
3,139,ZD,2,2,2,0,0,0,-1,4,4,4,4,4,1,0
3,140,ZD,2,2,2,0,0,0,-1,4,4,4,4,4,1,0
3,141,ZD,2,2,2,0,0,0,-1,4,4,4,4,4,1,0
3,142,ZD,2,2,2,0,0,0,-1,4,4,4,4,4,1,0
3,143,ZD,2,2,2,0,0,0,-1,4,4,4,4,4,1,0
3,144,ZD,2,2,2,1,0,0,-1,2,2,2,2,2,0,0
3,145,ZD,2,2,2,1,0,0,-1,2,2,2,2,2,0,0
3,146,ZD,2,2,2,1,0,0,-1,2,2,2,2,2,0,0
3,147,ZD,2,2,2,1,0,0,-1,2,2,2,2,2,0,0
3,148,ZD,2,2,2,1,0,0,-1,2,2,2,2,2,0,0
3,149,ZD,2,2,2,1,0,0,0,2,2,2,2,2,0,0
3,150,ZD,2,2,2,1,0,0,0,2,2,2,2,2,0,0
3,151,ZD,2,2,2,1,0,0,-1,2,2,2,2,2,0,0
3,152,ZD,2,2,2,1,0,0,-1,2,2,2,2,2,0,0
3,153,ZD,2,2,2,1,0,0,0,2,2,2,2,2,0,0
3,154,ZD,2,2,2,1,0,0,0,2,2,2,2,2,0,0
3,155,ZD,2,2,2,1,0,0,-1,2,2,2,2,2,0,0
3,156,ZD,2,2,2,0,0,0,-1,4,4,4,4,4,1,0
3,157,ZD,2,2,2,0,0,0,-1,4,4,4,4,4,1,0
3,158,ZD,2,2,2,0,0,0,-1,4,4,4,4,4,1,0
3,159,ZD,2,2,2,0,0,0,-1,4,4,4,4,4,1,0
3,160,ZD,2,2,2,0,0,0,-1,4,4,4,4,4,1,0
3,161,ZD,2,2,2,0,0,0,-1,4,4,4,4,4,1,0
3,162,ZD,2,2,2,0,0,0,-1,4,4,4,4,4,1,0
3,163,ZD,2,2,2,0,0,0,-1,4,4,4,4,4,1,0
3,164,ZD,2,2,2,1,0,0,-1,2,2,2,2,2,0,0
3,165,ZD,2,2,2,1,0,0,-1,2,2,2,2,2,0,0
3,166,ZD,2,2,2,1,0,0,-1,2,2,2,2,2,0,0
3,167,ZD,2,2,2,1,0,0,-1,2,2,2,2,2,0,0
3,168,ZD,2,2,2,0,0,0,-1,4,4,4,4,4,1,0
3,169,ZD,2,3,2,0,0,0,0,4,4,4,4,4,1,0
3,170,ZD,2,2,2,0,0,0,-1,4,4,4,4,4,1,0
3,171,ZD,2,3,2,0,0,0,0,4,4,4,4,4,1,0
3,172,ZD,2,3,2,0,0,0,0,4,4,4,4,4,1,0
3,173,ZD,2,2,2,0,0,0,-1,4,4,4,4,4,1,0
3,174,ZD,2,3,2,0,0,0,0,4,4,4,4,4,1,0
3,175,ZD,2,2,2,0,0,0,-1,4,4,4,4,4,1,0
3,176,ZD,2,2,2,0,0,0,-1,4,4,4,4,4,1,0
3,177,ZD,2,2,2,0,0,0,-1,4,4,4,4,4,1,0
3,178,ZD,2,2,2,0,0,0,-1,4,4,4,4,4,1,0
3,179,ZD,2,2,2,0,0,0,-1,4,4,4,4,4,1,0
3,180,ZD,2,2,2,1,0,0,0,2,2,2,2,2,0,0
3,181,ZD,2,2,2,1,0,0,0,2,2,2,2,2,0,0
3,182,ZD,2,2,2,1,0,0,0,2,2,2,2,2,0,0
3,183,ZD,2,2,2,1,0,0,0,2,2,2,2,2,0,0
3,184,ZD,2,3,2,0,0,0,0,4,4,4,4,4,1,0
3,185,ZD,2,3,2,0,0,0,0,4,4,4,4,4,1,0
3,186,ZD,2,3,2,0,0,0,0,4,4,4,4,4,1,0
3,187,ZD,2,3,2,0,0,0,0,4,4,4,4,4,1,0
3,188,ZD,2,3,2,0,0,0,0,4,4,4,4,4,1,0
3,189,ZD,2,3,2,0,0,0,0,4,4,4,4,4,1,0
3,190,ZD,2,3,2,0,0,0,0,4,4,4,4,4,1,0
3,191,ZD,2,3,2,0,0,0,0,4,4,4,4,4,1,0
3,192,ZD,2,2,2,0,0,0,0,4,4,4,4,4,1,0
3,193,ZD,2,2,2,0,0,0,0,4,4,4,4,4,1,0
3,194,ZD,2,2,2,0,0,0,0,4,4,4,4,4,1,0
3,195,ZD,2,2,2,0,0,0,0,4,4,4,4,4,1,0
3,196,ZD,2,3,2,0,0,0,0,4,4,4,4,4,1,0
3,197,ZD,2,3,2,0,0,0,0,4,4,4,4,4,1,0
3,198,ZD,2,3,2,0,0,0,0,4,4,4,4,4,1,0
3,199,ZD,2,3,2,0,0,0,0,4,4,4,4,4,1,0
4,5,INC,1,-1,-1,0,0,-1,-1,-1,-1,-1,-1,-1,0,1
4,6,INC,1,-1,-1,0,0,-1,-1,-1,-1,-1,-1,-1,0,1
4,7,INC,1,-1,-1,0,0,-1,-1,-1,-1,-1,-1,-1,0,1
4,8,ZD,2,2,2,1,0,0,-1,2,2,2,2,2,0,0
4,9,ZD,2,2,2,1,0,0,-1,2,2,2,2,2,0,0
4,10,ZD,2,2,2,1,0,0,-1,2,2,2,2,2,0,0
4,11,ZD,2,2,2,1,0,0,-1,2,2,2,2,2,0,0
4,12,ZD,2,2,2,1,0,0,-1,2,2,2,2,2,0,0
4,13,ZD,2,2,2,1,0,0,-1,2,2,2,2,2,0,0
4,14,ZD,2,2,2,1,0,0,-1,2,2,2,2,2,0,0
4,15,ZD,2,2,2,1,0,0,-1,2,2,2,2,2,0,0
4,16,ZD,2,2,2,0,0,0,-1,4,4,4,4,4,1,0
4,17,ZD,2,2,2,0,0,0,-1,4,4,4,4,4,1,0
4,18,ZD,2,2,2,0,0,0,-1,4,4,4,4,4,1,0
4,19,ZD,2,2,2,0,0,0,-1,4,4,4,4,4,1,0
4,20,ZD,2,2,2,0,0,0,-1,4,4,4,4,4,1,0
4,21,ZD,2,2,2,0,0,0,-1,4,4,4,4,4,1,0
4,22,ZD,2,2,2,0,0,0,-1,4,4,4,4,4,1,0
4,23,ZD,2,2,2,0,0,0,-1,4,4,4,4,4,1,0
4,24,INC,1,-1,-1,0,0,-1,-1,-1,-1,-1,-1,-1,0,1
4,25,INC,1,-1,-1,0,0,-1,-1,-1,-1,-1,-1,-1,0,1
4,26,INC,1,-1,-1,0,0,-1,-1,-1,-1,-1,-1,-1,0,1
4,27,INC,1,-1,-1,0,0,-1,-1,-1,-1,-1,-1,-1,0,1
4,28,ZD,2,2,2,1,0,0,-1,2,2,2,2,2,0,0
4,29,ZD,2,2,2,1,0,0,-1,2,2,2,2,2,0,0
4,30,ZD,2,2,2,1,0,0,-1,2,2,2,2,2,0,0
4,31,ZD,2,2,2,1,0,0,-1,2,2,2,2,2,0,0
4,32,ZD,2,2,2,1,0,0,-1,2,2,2,2,2,0,0
4,33,ZD,2,2,2,1,0,0,-1,2,2,2,2,2,0,0
4,34,ZD,2,2,2,1,0,0,-1,2,2,2,2,2,0,0
4,35,ZD,2,2,2,1,0,0,-1,2,2,2,2,2,0,0
4,36,ZD,2,2,2,1,0,0,-1,2,2,2,2,2,0,0
4,37,ZD,2,2,2,1,0,0,-1,2,2,2,2,2,0,0
4,38,ZD,2,2,2,1,0,0,0,2,2,2,2,2,0,0
4,39,ZD,2,2,2,1,0,0,0,2,2,2,2,2,0,0
4,40,ZD,2,2,2,1,0,0,0,2,2,2,2,2,0,0
4,41,ZD,2,2,2,1,0,0,0,2,2,2,2,2,0,0
4,42,ZD,2,2,2,1,0,0,-1,2,2,2,2,2,0,0
4,43,ZD,2,2,2,1,0,0,-1,2,2,2,2,2,0,0
4,44,ZD,2,2,2,0,0,0,-1,4,4,4,4,4,1,0
4,45,ZD,2,2,2,0,0,0,-1,4,4,4,4,4,1,0
4,46,ZD,2,2,2,0,0,0,-1,4,4,4,4,4,1,0
4,47,ZD,2,2,2,0,0,0,-1,4,4,4,4,4,1,0
4,48,ZD,2,2,2,0,0,0,-1,4,4,4,4,4,1,0
4,49,ZD,2,2,2,0,0,0,-1,4,4,4,4,4,1,0
4,50,ZD,2,2,2,0,0,0,-1,4,4,4,4,4,1,0
4,51,ZD,2,2,2,0,0,0,-1,4,4,4,4,4,1,0
4,52,ZD,2,2,2,1,0,0,-1,2,2,2,2,2,0,0
4,53,ZD,2,2,2,1,0,0,-1,2,2,2,2,2,0,0
4,54,ZD,2,2,2,1,0,0,-1,2,2,2,2,2,0,0
4,55,ZD,2,2,2,1,0,0,-1,2,2,2,2,2,0,0
4,56,ZD,2,2,2,1,0,0,-1,2,2,2,2,2,0,0
4,57,ZD,2,2,2,1,0,0,-1,2,2,2,2,2,0,0
4,58,ZD,2,2,2,1,0,0,-1,2,2,2,2,2,0,0
4,59,ZD,2,2,2,1,0,0,-1,2,2,2,2,2,0,0
4,60,ZD,2,2,2,0,0,0,0,4,4,4,4,4,1,0
4,61,ZD,2,2,2,0,0,0,0,4,4,4,4,4,1,0
4,62,ZD,2,2,2,0,0,0,0,4,4,4,4,4,1,0
4,63,ZD,2,2,2,0,0,0,0,4,4,4,4,4,1,0
4,64,ZD,2,2,2,0,0,0,0,4,4,4,4,4,1,0
4,65,ZD,2,2,2,0,0,0,0,4,4,4,4,4,1,0
4,66,ZD,2,2,2,0,0,0,0,4,4,4,4,4,1,0
4,67,ZD,2,2,2,0,0,0,0,4,4,4,4,4,1,0
4,68,ZD,2,2,2,1,0,0,-1,2,2,2,2,2,0,0
4,69,ZD,2,2,2,1,0,0,-1,2,2,2,2,2,0,0
4,70,ZD,2,2,2,1,0,0,-1,2,2,2,2,2,0,0
4,71,ZD,2,2,2,1,0,0,-1,2,2,2,2,2,0,0
4,72,ZD,2,2,2,0,0,0,-1,4,4,4,4,4,1,0
4,73,ZD,2,2,2,0,0,0,-1,4,4,4,4,4,1,0
4,74,ZD,2,2,2,0,0,0,-1,4,4,4,4,4,1,0
4,75,ZD,2,2,2,0,0,0,-1,4,4,4,4,4,1,0
4,76,ZD,2,2,2,0,0,0,-1,4,4,4,4,4,1,0
4,77,ZD,2,2,2,0,0,0,-1,4,4,4,4,4,1,0
4,78,ZD,2,2,2,0,0,0,-1,4,4,4,4,4,1,0
4,79,ZD,2,2,2,0,0,0,-1,4,4,4,4,4,1,0
4,80,ZD,2,2,2,0,0,0,0,4,4,4,4,4,1,0
4,81,ZD,2,2,2,0,0,0,0,4,4,4,4,4,1,0
4,82,ZD,2,2,2,0,0,0,0,4,4,4,4,4,1,0
4,83,ZD,2,2,2,0,0,0,0,4,4,4,4,4,1,0
4,84,INC,1,-1,-1,0,0,-1,-1,-1,-1,-1,-1,-1,0,1
4,85,INC,1,-1,-1,0,0,-1,-1,-1,-1,-1,-1,-1,0,1
4,86,INC,1,-1,-1,0,0,-1,-1,-1,-1,-1,-1,-1,0,1
4,87,INC,1,-1,-1,0,0,-1,-1,-1,-1,-1,-1,-1,0,1
4,88,ZD,2,2,2,1,0,0,0,2,2,2,2,2,0,0
4,89,ZD,2,2,2,1,0,0,0,2,2,2,2,2,0,0
4,90,ZD,2,2,2,1,0,0,-1,2,2,2,2,2,0,0
4,91,ZD,2,2,2,1,0,0,-1,2,2,2,2,2,0,0
4,92,ZD,2,2,2,1,0,0,-1,2,2,2,2,2,0,0
4,93,ZD,2,2,2,1,0,0,-1,2,2,2,2,2,0,0
4,94,ZD,2,2,2,1,0,0,0,2,2,2,2,2,0,0
4,95,ZD,2,2,2,1,0,0,0,2,2,2,2,2,0,0
4,96,ZD,2,2,2,1,0,0,-1,2,2,2,2,2,0,0
4,97,ZD,2,2,2,1,0,0,-1,2,2,2,2,2,0,0
4,98,ZD,2,2,2,1,0,0,-1,2,2,2,2,2,0,0
4,99,ZD,2,2,2,1,0,0,-1,2,2,2,2,2,0,0
4,100,ZD,2,2,2,1,0,0,-1,2,2,2,2,2,0,0
4,101,ZD,2,2,2,1,0,0,-1,2,2,2,2,2,0,0
4,102,ZD,2,2,2,1,0,0,-1,2,2,2,2,2,0,0
4,103,ZD,2,2,2,1,0,0,-1,2,2,2,2,2,0,0
4,104,ZD,2,2,2,0,0,0,0,4,4,4,4,4,1,0
4,105,ZD,2,2,2,0,0,0,0,4,4,4,4,4,1,0
4,106,ZD,2,2,2,0,0,0,-1,4,4,4,4,4,1,0
4,107,ZD,2,2,2,0,0,0,-1,4,4,4,4,4,1,0
4,108,ZD,2,2,2,0,0,0,-1,4,4,4,4,4,1,0
4,109,ZD,2,2,2,0,0,0,-1,4,4,4,4,4,1,0
4,110,ZD,2,2,2,0,0,0,0,4,4,4,4,4,1,0
4,111,ZD,2,2,2,0,0,0,0,4,4,4,4,4,1,0
4,112,ZD,2,2,2,1,0,0,-1,2,2,2,2,2,0,0
4,113,ZD,2,2,2,1,0,0,-1,2,2,2,2,2,0,0
4,114,ZD,2,2,2,1,0,0,-1,2,2,2,2,2,0,0
4,115,ZD,2,2,2,1,0,0,-1,2,2,2,2,2,0,0
4,116,ZD,2,2,2,1,0,0,-1,2,2,2,2,2,0,0
4,117,ZD,2,2,2,1,0,0,-1,2,2,2,2,2,0,0
4,118,ZD,2,2,2,1,0,0,-1,2,2,2,2,2,0,0
4,119,ZD,2,2,2,1,0,0,-1,2,2,2,2,2,0,0
4,120,ZD,2,2,2,0,0,0,-1,4,4,4,4,4,1,0
4,121,ZD,2,2,2,0,0,0,-1,4,4,4,4,4,1,0
4,122,ZD,2,2,2,0,0,0,-1,4,4,4,4,4,1,0
4,123,ZD,2,2,2,0,0,0,-1,4,4,4,4,4,1,0
4,124,ZD,2,2,2,0,0,0,-1,4,4,4,4,4,1,0
4,125,ZD,2,2,2,0,0,0,-1,4,4,4,4,4,1,0
4,126,ZD,2,2,2,0,0,0,-1,4,4,4,4,4,1,0
4,127,ZD,2,2,2,0,0,0,-1,4,4,4,4,4,1,0
4,128,ZD,2,2,2,1,0,0,0,2,2,2,2,2,0,0
4,129,ZD,2,2,2,1,0,0,0,2,2,2,2,2,0,0
4,130,ZD,2,2,2,1,0,0,0,2,2,2,2,2,0,0
4,131,ZD,2,2,2,1,0,0,0,2,2,2,2,2,0,0
4,132,ZD,2,2,2,0,0,0,-1,4,4,4,4,4,1,0
4,133,ZD,2,2,2,0,0,0,-1,4,4,4,4,4,1,0
4,134,ZD,2,2,2,0,0,0,-1,4,4,4,4,4,1,0
4,135,ZD,2,2,2,0,0,0,-1,4,4,4,4,4,1,0
4,136,ZD,2,2,2,0,0,0,-1,4,4,4,4,4,1,0
4,137,ZD,2,2,2,0,0,0,-1,4,4,4,4,4,1,0
4,138,ZD,2,2,2,0,0,0,-1,4,4,4,4,4,1,0
4,139,ZD,2,2,2,0,0,0,-1,4,4,4,4,4,1,0
4,140,ZD,2,2,2,0,0,0,-1,4,4,4,4,4,1,0
4,141,ZD,2,2,2,0,0,0,-1,4,4,4,4,4,1,0
4,142,ZD,2,2,2,0,0,0,-1,4,4,4,4,4,1,0
4,143,ZD,2,2,2,0,0,0,-1,4,4,4,4,4,1,0
4,144,ZD,2,2,2,1,0,0,-1,2,2,2,2,2,0,0
4,145,ZD,2,2,2,1,0,0,-1,2,2,2,2,2,0,0
4,146,ZD,2,2,2,1,0,0,-1,2,2,2,2,2,0,0
4,147,ZD,2,2,2,1,0,0,-1,2,2,2,2,2,0,0
4,148,ZD,2,2,2,1,0,0,-1,2,2,2,2,2,0,0
4,149,ZD,2,2,2,1,0,0,0,2,2,2,2,2,0,0
4,150,ZD,2,2,2,1,0,0,0,2,2,2,2,2,0,0
4,151,ZD,2,2,2,1,0,0,-1,2,2,2,2,2,0,0
4,152,ZD,2,2,2,1,0,0,-1,2,2,2,2,2,0,0
4,153,ZD,2,2,2,1,0,0,0,2,2,2,2,2,0,0
4,154,ZD,2,2,2,1,0,0,0,2,2,2,2,2,0,0
4,155,ZD,2,2,2,1,0,0,-1,2,2,2,2,2,0,0
4,156,ZD,2,2,2,0,0,0,-1,4,4,4,4,4,1,0
4,157,ZD,2,2,2,0,0,0,-1,4,4,4,4,4,1,0
4,158,ZD,2,2,2,0,0,0,-1,4,4,4,4,4,1,0
4,159,ZD,2,2,2,0,0,0,-1,4,4,4,4,4,1,0
4,160,ZD,2,2,2,0,0,0,-1,4,4,4,4,4,1,0
4,161,ZD,2,2,2,0,0,0,-1,4,4,4,4,4,1,0
4,162,ZD,2,2,2,0,0,0,-1,4,4,4,4,4,1,0
4,163,ZD,2,2,2,0,0,0,-1,4,4,4,4,4,1,0
4,164,ZD,2,2,2,1,0,0,-1,2,2,2,2,2,0,0
4,165,ZD,2,2,2,1,0,0,-1,2,2,2,2,2,0,0
4,166,ZD,2,2,2,1,0,0,-1,2,2,2,2,2,0,0
4,167,ZD,2,2,2,1,0,0,-1,2,2,2,2,2,0,0
4,168,ZD,2,2,2,0,0,0,-1,4,4,4,4,4,1,0
4,169,ZD,2,3,2,0,0,0,0,4,4,4,4,4,1,0
4,170,ZD,2,2,2,0,0,0,-1,4,4,4,4,4,1,0
4,171,ZD,2,3,2,0,0,0,0,4,4,4,4,4,1,0
4,172,ZD,2,3,2,0,0,0,0,4,4,4,4,4,1,0
4,173,ZD,2,2,2,0,0,0,-1,4,4,4,4,4,1,0
4,174,ZD,2,3,2,0,0,0,0,4,4,4,4,4,1,0
4,175,ZD,2,2,2,0,0,0,-1,4,4,4,4,4,1,0
4,176,ZD,2,2,2,0,0,0,-1,4,4,4,4,4,1,0
4,177,ZD,2,2,2,0,0,0,-1,4,4,4,4,4,1,0
4,178,ZD,2,2,2,0,0,0,-1,4,4,4,4,4,1,0
4,179,ZD,2,2,2,0,0,0,-1,4,4,4,4,4,1,0
4,180,ZD,2,2,2,1,0,0,0,2,2,2,2,2,0,0
4,181,ZD,2,2,2,1,0,0,0,2,2,2,2,2,0,0
4,182,ZD,2,2,2,1,0,0,0,2,2,2,2,2,0,0
4,183,ZD,2,2,2,1,0,0,0,2,2,2,2,2,0,0
4,184,ZD,2,3,2,0,0,0,0,4,4,4,4,4,1,0
4,185,ZD,2,3,2,0,0,0,0,4,4,4,4,4,1,0
4,186,ZD,2,3,2,0,0,0,0,4,4,4,4,4,1,0
4,187,ZD,2,3,2,0,0,0,0,4,4,4,4,4,1,0
4,188,ZD,2,3,2,0,0,0,0,4,4,4,4,4,1,0
4,189,ZD,2,3,2,0,0,0,0,4,4,4,4,4,1,0
4,190,ZD,2,3,2,0,0,0,0,4,4,4,4,4,1,0
4,191,ZD,2,3,2,0,0,0,0,4,4,4,4,4,1,0
4,192,ZD,2,2,2,0,0,0,0,4,4,4,4,4,1,0
4,193,ZD,2,2,2,0,0,0,0,4,4,4,4,4,1,0
4,194,ZD,2,2,2,0,0,0,0,4,4,4,4,4,1,0
4,195,ZD,2,2,2,0,0,0,0,4,4,4,4,4,1,0
4,196,ZD,2,3,2,0,0,0,0,4,4,4,4,4,1,0
4,197,ZD,2,3,2,0,0,0,0,4,4,4,4,4,1,0
4,198,ZD,2,3,2,0,0,0,0,4,4,4,4,4,1,0
4,199,ZD,2,3,2,0,0,0,0,4,4,4,4,4,1,0
5,6,INC,1,-1,-1,0,0,-1,-1,-1,-1,-1,-1,-1,0,1
5,7,INC,1,-1,-1,0,0,-1,-1,-1,-1,-1,-1,-1,0,1
5,8,ZD,2,2,2,1,0,0,-1,2,2,2,2,2,0,0
5,9,ZD,2,2,2,1,0,0,-1,2,2,2,2,2,0,0
5,10,ZD,2,2,2,1,0,0,-1,2,2,2,2,2,0,0
5,11,ZD,2,2,2,1,0,0,-1,2,2,2,2,2,0,0
5,12,ZD,2,2,2,1,0,0,-1,2,2,2,2,2,0,0
5,13,ZD,2,2,2,1,0,0,-1,2,2,2,2,2,0,0
5,14,ZD,2,2,2,1,0,0,-1,2,2,2,2,2,0,0
5,15,ZD,2,2,2,1,0,0,-1,2,2,2,2,2,0,0
5,16,ZD,2,2,2,0,0,0,-1,4,4,4,4,4,1,0
5,17,ZD,2,2,2,0,0,0,-1,4,4,4,4,4,1,0
5,18,ZD,2,2,2,0,0,0,-1,4,4,4,4,4,1,0
5,19,ZD,2,2,2,0,0,0,-1,4,4,4,4,4,1,0
5,20,ZD,2,2,2,0,0,0,-1,4,4,4,4,4,1,0
5,21,ZD,2,2,2,0,0,0,-1,4,4,4,4,4,1,0
5,22,ZD,2,2,2,0,0,0,-1,4,4,4,4,4,1,0
5,23,ZD,2,2,2,0,0,0,-1,4,4,4,4,4,1,0
5,24,INC,1,-1,-1,0,0,-1,-1,-1,-1,-1,-1,-1,0,1
5,25,INC,1,-1,-1,0,0,-1,-1,-1,-1,-1,-1,-1,0,1
5,26,INC,1,-1,-1,0,0,-1,-1,-1,-1,-1,-1,-1,0,1
5,27,INC,1,-1,-1,0,0,-1,-1,-1,-1,-1,-1,-1,0,1
5,28,ZD,2,2,2,1,0,0,-1,2,2,2,2,2,0,0
5,29,ZD,2,2,2,1,0,0,-1,2,2,2,2,2,0,0
5,30,ZD,2,2,2,1,0,0,-1,2,2,2,2,2,0,0
5,31,ZD,2,2,2,1,0,0,-1,2,2,2,2,2,0,0
5,32,ZD,2,2,2,1,0,0,-1,2,2,2,2,2,0,0
5,33,ZD,2,2,2,1,0,0,-1,2,2,2,2,2,0,0
5,34,ZD,2,2,2,1,0,0,-1,2,2,2,2,2,0,0
5,35,ZD,2,2,2,1,0,0,-1,2,2,2,2,2,0,0
5,36,ZD,2,2,2,1,0,0,0,2,2,2,2,2,0,0
5,37,ZD,2,2,2,1,0,0,0,2,2,2,2,2,0,0
5,38,ZD,2,2,2,1,0,0,-1,2,2,2,2,2,0,0
5,39,ZD,2,2,2,1,0,0,-1,2,2,2,2,2,0,0
5,40,ZD,2,2,2,1,0,0,-1,2,2,2,2,2,0,0
5,41,ZD,2,2,2,1,0,0,-1,2,2,2,2,2,0,0
5,42,ZD,2,2,2,1,0,0,0,2,2,2,2,2,0,0
5,43,ZD,2,2,2,1,0,0,0,2,2,2,2,2,0,0
5,44,ZD,2,2,2,0,0,0,-1,4,4,4,4,4,1,0
5,45,ZD,2,2,2,0,0,0,-1,4,4,4,4,4,1,0
5,46,ZD,2,2,2,0,0,0,-1,4,4,4,4,4,1,0
5,47,ZD,2,2,2,0,0,0,-1,4,4,4,4,4,1,0
5,48,ZD,2,2,2,0,0,0,-1,4,4,4,4,4,1,0
5,49,ZD,2,2,2,0,0,0,-1,4,4,4,4,4,1,0
5,50,ZD,2,2,2,0,0,0,-1,4,4,4,4,4,1,0
5,51,ZD,2,2,2,0,0,0,-1,4,4,4,4,4,1,0
5,52,ZD,2,2,2,1,0,0,-1,2,2,2,2,2,0,0
5,53,ZD,2,2,2,1,0,0,-1,2,2,2,2,2,0,0
5,54,ZD,2,2,2,1,0,0,-1,2,2,2,2,2,0,0
5,55,ZD,2,2,2,1,0,0,-1,2,2,2,2,2,0,0
5,56,ZD,2,2,2,1,0,0,-1,2,2,2,2,2,0,0
5,57,ZD,2,2,2,1,0,0,-1,2,2,2,2,2,0,0
5,58,ZD,2,2,2,1,0,0,-1,2,2,2,2,2,0,0
5,59,ZD,2,2,2,1,0,0,-1,2,2,2,2,2,0,0
5,60,ZD,2,2,2,0,0,0,0,4,4,4,4,4,1,0
5,61,ZD,2,2,2,0,0,0,0,4,4,4,4,4,1,0
5,62,ZD,2,2,2,0,0,0,0,4,4,4,4,4,1,0
5,63,ZD,2,2,2,0,0,0,0,4,4,4,4,4,1,0
5,64,ZD,2,2,2,0,0,0,0,4,4,4,4,4,1,0
5,65,ZD,2,2,2,0,0,0,0,4,4,4,4,4,1,0
5,66,ZD,2,2,2,0,0,0,0,4,4,4,4,4,1,0
5,67,ZD,2,2,2,0,0,0,0,4,4,4,4,4,1,0
5,68,ZD,2,2,2,1,0,0,-1,2,2,2,2,2,0,0
5,69,ZD,2,2,2,1,0,0,-1,2,2,2,2,2,0,0
5,70,ZD,2,2,2,1,0,0,-1,2,2,2,2,2,0,0
5,71,ZD,2,2,2,1,0,0,-1,2,2,2,2,2,0,0
5,72,ZD,2,2,2,0,0,0,-1,4,4,4,4,4,1,0
5,73,ZD,2,2,2,0,0,0,-1,4,4,4,4,4,1,0
5,74,ZD,2,2,2,0,0,0,-1,4,4,4,4,4,1,0
5,75,ZD,2,2,2,0,0,0,-1,4,4,4,4,4,1,0
5,76,ZD,2,2,2,0,0,0,-1,4,4,4,4,4,1,0
5,77,ZD,2,2,2,0,0,0,-1,4,4,4,4,4,1,0
5,78,ZD,2,2,2,0,0,0,-1,4,4,4,4,4,1,0
5,79,ZD,2,2,2,0,0,0,-1,4,4,4,4,4,1,0
5,80,ZD,2,2,2,0,0,0,0,4,4,4,4,4,1,0
5,81,ZD,2,2,2,0,0,0,0,4,4,4,4,4,1,0
5,82,ZD,2,2,2,0,0,0,0,4,4,4,4,4,1,0
5,83,ZD,2,2,2,0,0,0,0,4,4,4,4,4,1,0
5,84,INC,1,-1,-1,0,0,-1,-1,-1,-1,-1,-1,-1,0,1
5,85,INC,1,-1,-1,0,0,-1,-1,-1,-1,-1,-1,-1,0,1
5,86,INC,1,-1,-1,0,0,-1,-1,-1,-1,-1,-1,-1,0,1
5,87,INC,1,-1,-1,0,0,-1,-1,-1,-1,-1,-1,-1,0,1
5,88,ZD,2,2,2,1,0,0,-1,2,2,2,2,2,0,0
5,89,ZD,2,2,2,1,0,0,-1,2,2,2,2,2,0,0
5,90,ZD,2,2,2,1,0,0,0,2,2,2,2,2,0,0
5,91,ZD,2,2,2,1,0,0,0,2,2,2,2,2,0,0
5,92,ZD,2,2,2,1,0,0,0,2,2,2,2,2,0,0
5,93,ZD,2,2,2,1,0,0,0,2,2,2,2,2,0,0
5,94,ZD,2,2,2,1,0,0,-1,2,2,2,2,2,0,0
5,95,ZD,2,2,2,1,0,0,-1,2,2,2,2,2,0,0
5,96,ZD,2,2,2,1,0,0,-1,2,2,2,2,2,0,0
5,97,ZD,2,2,2,1,0,0,-1,2,2,2,2,2,0,0
5,98,ZD,2,2,2,1,0,0,-1,2,2,2,2,2,0,0
5,99,ZD,2,2,2,1,0,0,-1,2,2,2,2,2,0,0
5,100,ZD,2,2,2,1,0,0,-1,2,2,2,2,2,0,0
5,101,ZD,2,2,2,1,0,0,-1,2,2,2,2,2,0,0
5,102,ZD,2,2,2,1,0,0,-1,2,2,2,2,2,0,0
5,103,ZD,2,2,2,1,0,0,-1,2,2,2,2,2,0,0
5,104,ZD,2,2,2,0,0,0,-1,4,4,4,4,4,1,0
5,105,ZD,2,2,2,0,0,0,-1,4,4,4,4,4,1,0
5,106,ZD,2,2,2,0,0,0,0,4,4,4,4,4,1,0
5,107,ZD,2,2,2,0,0,0,0,4,4,4,4,4,1,0
5,108,ZD,2,2,2,0,0,0,0,4,4,4,4,4,1,0
5,109,ZD,2,2,2,0,0,0,0,4,4,4,4,4,1,0
5,110,ZD,2,2,2,0,0,0,-1,4,4,4,4,4,1,0
5,111,ZD,2,2,2,0,0,0,-1,4,4,4,4,4,1,0
5,112,ZD,2,2,2,1,0,0,-1,2,2,2,2,2,0,0
5,113,ZD,2,2,2,1,0,0,-1,2,2,2,2,2,0,0
5,114,ZD,2,2,2,1,0,0,-1,2,2,2,2,2,0,0
5,115,ZD,2,2,2,1,0,0,-1,2,2,2,2,2,0,0
5,116,ZD,2,2,2,1,0,0,-1,2,2,2,2,2,0,0
5,117,ZD,2,2,2,1,0,0,-1,2,2,2,2,2,0,0
5,118,ZD,2,2,2,1,0,0,-1,2,2,2,2,2,0,0
5,119,ZD,2,2,2,1,0,0,-1,2,2,2,2,2,0,0
5,120,ZD,2,2,2,0,0,0,-1,4,4,4,4,4,1,0
5,121,ZD,2,2,2,0,0,0,-1,4,4,4,4,4,1,0
5,122,ZD,2,2,2,0,0,0,-1,4,4,4,4,4,1,0
5,123,ZD,2,2,2,0,0,0,-1,4,4,4,4,4,1,0
5,124,ZD,2,2,2,0,0,0,-1,4,4,4,4,4,1,0
5,125,ZD,2,2,2,0,0,0,-1,4,4,4,4,4,1,0
5,126,ZD,2,2,2,0,0,0,-1,4,4,4,4,4,1,0
5,127,ZD,2,2,2,0,0,0,-1,4,4,4,4,4,1,0
5,128,ZD,2,2,2,1,0,0,0,2,2,2,2,2,0,0
5,129,ZD,2,2,2,1,0,0,0,2,2,2,2,2,0,0
5,130,ZD,2,2,2,1,0,0,0,2,2,2,2,2,0,0
5,131,ZD,2,2,2,1,0,0,0,2,2,2,2,2,0,0
5,132,ZD,2,2,2,0,0,0,-1,4,4,4,4,4,1,0
5,133,ZD,2,2,2,0,0,0,-1,4,4,4,4,4,1,0
5,134,ZD,2,2,2,0,0,0,-1,4,4,4,4,4,1,0
5,135,ZD,2,2,2,0,0,0,-1,4,4,4,4,4,1,0
5,136,ZD,2,2,2,0,0,0,-1,4,4,4,4,4,1,0
5,137,ZD,2,2,2,0,0,0,-1,4,4,4,4,4,1,0
5,138,ZD,2,2,2,0,0,0,-1,4,4,4,4,4,1,0
5,139,ZD,2,2,2,0,0,0,-1,4,4,4,4,4,1,0
5,140,ZD,2,2,2,0,0,0,-1,4,4,4,4,4,1,0
5,141,ZD,2,2,2,0,0,0,-1,4,4,4,4,4,1,0
5,142,ZD,2,2,2,0,0,0,-1,4,4,4,4,4,1,0
5,143,ZD,2,2,2,0,0,0,-1,4,4,4,4,4,1,0
5,144,ZD,2,2,2,1,0,0,-1,2,2,2,2,2,0,0
5,145,ZD,2,2,2,1,0,0,-1,2,2,2,2,2,0,0
5,146,ZD,2,2,2,1,0,0,-1,2,2,2,2,2,0,0
5,147,ZD,2,2,2,1,0,0,-1,2,2,2,2,2,0,0
5,148,ZD,2,2,2,1,0,0,-1,2,2,2,2,2,0,0
5,149,ZD,2,2,2,1,0,0,0,2,2,2,2,2,0,0
5,150,ZD,2,2,2,1,0,0,0,2,2,2,2,2,0,0
5,151,ZD,2,2,2,1,0,0,-1,2,2,2,2,2,0,0
5,152,ZD,2,2,2,1,0,0,-1,2,2,2,2,2,0,0
5,153,ZD,2,2,2,1,0,0,0,2,2,2,2,2,0,0
5,154,ZD,2,2,2,1,0,0,0,2,2,2,2,2,0,0
5,155,ZD,2,2,2,1,0,0,-1,2,2,2,2,2,0,0
5,156,ZD,2,2,2,0,0,0,-1,4,4,4,4,4,1,0
5,157,ZD,2,2,2,0,0,0,-1,4,4,4,4,4,1,0
5,158,ZD,2,2,2,0,0,0,-1,4,4,4,4,4,1,0
5,159,ZD,2,2,2,0,0,0,-1,4,4,4,4,4,1,0
5,160,ZD,2,2,2,0,0,0,-1,4,4,4,4,4,1,0
5,161,ZD,2,2,2,0,0,0,-1,4,4,4,4,4,1,0
5,162,ZD,2,2,2,0,0,0,-1,4,4,4,4,4,1,0
5,163,ZD,2,2,2,0,0,0,-1,4,4,4,4,4,1,0
5,164,ZD,2,2,2,1,0,0,-1,2,2,2,2,2,0,0
5,165,ZD,2,2,2,1,0,0,-1,2,2,2,2,2,0,0
5,166,ZD,2,2,2,1,0,0,-1,2,2,2,2,2,0,0
5,167,ZD,2,2,2,1,0,0,-1,2,2,2,2,2,0,0
5,168,ZD,2,3,2,0,0,0,0,4,4,4,4,4,1,0
5,169,ZD,2,2,2,0,0,0,-1,4,4,4,4,4,1,0
5,170,ZD,2,3,2,0,0,0,0,4,4,4,4,4,1,0
5,171,ZD,2,2,2,0,0,0,-1,4,4,4,4,4,1,0
5,172,ZD,2,2,2,0,0,0,-1,4,4,4,4,4,1,0
5,173,ZD,2,3,2,0,0,0,0,4,4,4,4,4,1,0
5,174,ZD,2,2,2,0,0,0,-1,4,4,4,4,4,1,0
5,175,ZD,2,3,2,0,0,0,0,4,4,4,4,4,1,0
5,176,ZD,2,2,2,0,0,0,-1,4,4,4,4,4,1,0
5,177,ZD,2,2,2,0,0,0,-1,4,4,4,4,4,1,0
5,178,ZD,2,2,2,0,0,0,-1,4,4,4,4,4,1,0
5,179,ZD,2,2,2,0,0,0,-1,4,4,4,4,4,1,0
5,180,ZD,2,2,2,1,0,0,0,2,2,2,2,2,0,0
5,181,ZD,2,2,2,1,0,0,0,2,2,2,2,2,0,0
5,182,ZD,2,2,2,1,0,0,0,2,2,2,2,2,0,0
5,183,ZD,2,2,2,1,0,0,0,2,2,2,2,2,0,0
5,184,ZD,2,3,2,0,0,0,0,4,4,4,4,4,1,0
5,185,ZD,2,3,2,0,0,0,0,4,4,4,4,4,1,0
5,186,ZD,2,3,2,0,0,0,0,4,4,4,4,4,1,0
5,187,ZD,2,3,2,0,0,0,0,4,4,4,4,4,1,0
5,188,ZD,2,3,2,0,0,0,0,4,4,4,4,4,1,0
5,189,ZD,2,3,2,0,0,0,0,4,4,4,4,4,1,0
5,190,ZD,2,3,2,0,0,0,0,4,4,4,4,4,1,0
5,191,ZD,2,3,2,0,0,0,0,4,4,4,4,4,1,0
5,192,ZD,2,2,2,0,0,0,0,4,4,4,4,4,1,0
5,193,ZD,2,2,2,0,0,0,0,4,4,4,4,4,1,0
5,194,ZD,2,2,2,0,0,0,0,4,4,4,4,4,1,0
5,195,ZD,2,2,2,0,0,0,0,4,4,4,4,4,1,0
5,196,ZD,2,3,2,0,0,0,0,4,4,4,4,4,1,0
5,197,ZD,2,3,2,0,0,0,0,4,4,4,4,4,1,0
5,198,ZD,2,3,2,0,0,0,0,4,4,4,4,4,1,0
5,199,ZD,2,3,2,0,0,0,0,4,4,4,4,4,1,0
6,7,INC,1,-1,-1,0,0,-1,-1,-1,-1,-1,-1,-1,0,1
6,8,ZD,2,2,2,1,0,0,-1,2,2,2,2,2,0,0
6,9,ZD,2,2,2,1,0,0,-1,2,2,2,2,2,0,0
6,10,ZD,2,2,2,1,0,0,-1,2,2,2,2,2,0,0
6,11,ZD,2,2,2,1,0,0,-1,2,2,2,2,2,0,0
6,12,ZD,2,2,2,1,0,0,-1,2,2,2,2,2,0,0
6,13,ZD,2,2,2,1,0,0,-1,2,2,2,2,2,0,0
6,14,ZD,2,2,2,1,0,0,-1,2,2,2,2,2,0,0
6,15,ZD,2,2,2,1,0,0,-1,2,2,2,2,2,0,0
6,16,ZD,2,2,2,0,0,0,-1,4,4,4,4,4,1,0
6,17,ZD,2,2,2,0,0,0,-1,4,4,4,4,4,1,0
6,18,ZD,2,2,2,0,0,0,-1,4,4,4,4,4,1,0
6,19,ZD,2,2,2,0,0,0,-1,4,4,4,4,4,1,0
6,20,ZD,2,2,2,0,0,0,-1,4,4,4,4,4,1,0
6,21,ZD,2,2,2,0,0,0,-1,4,4,4,4,4,1,0
6,22,ZD,2,2,2,0,0,0,-1,4,4,4,4,4,1,0
6,23,ZD,2,2,2,0,0,0,-1,4,4,4,4,4,1,0
6,24,INC,1,-1,-1,0,0,-1,-1,-1,-1,-1,-1,-1,0,1
6,25,INC,1,-1,-1,0,0,-1,-1,-1,-1,-1,-1,-1,0,1
6,26,INC,1,-1,-1,0,0,-1,-1,-1,-1,-1,-1,-1,0,1
6,27,INC,1,-1,-1,0,0,-1,-1,-1,-1,-1,-1,-1,0,1
6,28,ZD,2,2,2,1,0,0,-1,2,2,2,2,2,0,0
6,29,ZD,2,2,2,1,0,0,-1,2,2,2,2,2,0,0
6,30,ZD,2,2,2,1,0,0,-1,2,2,2,2,2,0,0
6,31,ZD,2,2,2,1,0,0,-1,2,2,2,2,2,0,0
6,32,ZD,2,2,2,1,0,0,-1,2,2,2,2,2,0,0
6,33,ZD,2,2,2,1,0,0,-1,2,2,2,2,2,0,0
6,34,ZD,2,2,2,1,0,0,-1,2,2,2,2,2,0,0
6,35,ZD,2,2,2,1,0,0,-1,2,2,2,2,2,0,0
6,36,ZD,2,2,2,1,0,0,-1,2,2,2,2,2,0,0
6,37,ZD,2,2,2,1,0,0,-1,2,2,2,2,2,0,0
6,38,ZD,2,2,2,1,0,0,0,2,2,2,2,2,0,0
6,39,ZD,2,2,2,1,0,0,0,2,2,2,2,2,0,0
6,40,ZD,2,2,2,1,0,0,0,2,2,2,2,2,0,0
6,41,ZD,2,2,2,1,0,0,0,2,2,2,2,2,0,0
6,42,ZD,2,2,2,1,0,0,-1,2,2,2,2,2,0,0
6,43,ZD,2,2,2,1,0,0,-1,2,2,2,2,2,0,0
6,44,ZD,2,2,2,0,0,0,-1,4,4,4,4,4,1,0
6,45,ZD,2,2,2,0,0,0,-1,4,4,4,4,4,1,0
6,46,ZD,2,2,2,0,0,0,-1,4,4,4,4,4,1,0
6,47,ZD,2,2,2,0,0,0,-1,4,4,4,4,4,1,0
6,48,ZD,2,2,2,0,0,0,-1,4,4,4,4,4,1,0
6,49,ZD,2,2,2,0,0,0,-1,4,4,4,4,4,1,0
6,50,ZD,2,2,2,0,0,0,-1,4,4,4,4,4,1,0
6,51,ZD,2,2,2,0,0,0,-1,4,4,4,4,4,1,0
6,52,ZD,2,2,2,1,0,0,-1,2,2,2,2,2,0,0
6,53,ZD,2,2,2,1,0,0,-1,2,2,2,2,2,0,0
6,54,ZD,2,2,2,1,0,0,-1,2,2,2,2,2,0,0
6,55,ZD,2,2,2,1,0,0,-1,2,2,2,2,2,0,0
6,56,ZD,2,2,2,1,0,0,-1,2,2,2,2,2,0,0
6,57,ZD,2,2,2,1,0,0,-1,2,2,2,2,2,0,0
6,58,ZD,2,2,2,1,0,0,-1,2,2,2,2,2,0,0
6,59,ZD,2,2,2,1,0,0,-1,2,2,2,2,2,0,0
6,60,ZD,2,2,2,0,0,0,0,4,4,4,4,4,1,0
6,61,ZD,2,2,2,0,0,0,0,4,4,4,4,4,1,0
6,62,ZD,2,2,2,0,0,0,0,4,4,4,4,4,1,0
6,63,ZD,2,2,2,0,0,0,0,4,4,4,4,4,1,0
6,64,ZD,2,2,2,0,0,0,0,4,4,4,4,4,1,0
6,65,ZD,2,2,2,0,0,0,0,4,4,4,4,4,1,0
6,66,ZD,2,2,2,0,0,0,0,4,4,4,4,4,1,0
6,67,ZD,2,2,2,0,0,0,0,4,4,4,4,4,1,0
6,68,ZD,2,2,2,1,0,0,-1,2,2,2,2,2,0,0
6,69,ZD,2,2,2,1,0,0,-1,2,2,2,2,2,0,0
6,70,ZD,2,2,2,1,0,0,-1,2,2,2,2,2,0,0
6,71,ZD,2,2,2,1,0,0,-1,2,2,2,2,2,0,0
6,72,ZD,2,2,2,0,0,0,-1,4,4,4,4,4,1,0
6,73,ZD,2,2,2,0,0,0,-1,4,4,4,4,4,1,0
6,74,ZD,2,2,2,0,0,0,-1,4,4,4,4,4,1,0
6,75,ZD,2,2,2,0,0,0,-1,4,4,4,4,4,1,0
6,76,ZD,2,2,2,0,0,0,-1,4,4,4,4,4,1,0
6,77,ZD,2,2,2,0,0,0,-1,4,4,4,4,4,1,0
6,78,ZD,2,2,2,0,0,0,-1,4,4,4,4,4,1,0
6,79,ZD,2,2,2,0,0,0,-1,4,4,4,4,4,1,0
6,80,ZD,2,2,2,0,0,0,0,4,4,4,4,4,1,0
6,81,ZD,2,2,2,0,0,0,0,4,4,4,4,4,1,0
6,82,ZD,2,2,2,0,0,0,0,4,4,4,4,4,1,0
6,83,ZD,2,2,2,0,0,0,0,4,4,4,4,4,1,0
6,84,INC,1,-1,-1,0,0,-1,-1,-1,-1,-1,-1,-1,0,1
6,85,INC,1,-1,-1,0,0,-1,-1,-1,-1,-1,-1,-1,0,1
6,86,INC,1,-1,-1,0,0,-1,-1,-1,-1,-1,-1,-1,0,1
6,87,INC,1,-1,-1,0,0,-1,-1,-1,-1,-1,-1,-1,0,1
6,88,ZD,2,2,2,1,0,0,-1,2,2,2,2,2,0,0
6,89,ZD,2,2,2,1,0,0,-1,2,2,2,2,2,0,0
6,90,ZD,2,2,2,1,0,0,0,2,2,2,2,2,0,0
6,91,ZD,2,2,2,1,0,0,0,2,2,2,2,2,0,0
6,92,ZD,2,2,2,1,0,0,0,2,2,2,2,2,0,0
6,93,ZD,2,2,2,1,0,0,0,2,2,2,2,2,0,0
6,94,ZD,2,2,2,1,0,0,-1,2,2,2,2,2,0,0
6,95,ZD,2,2,2,1,0,0,-1,2,2,2,2,2,0,0
6,96,ZD,2,2,2,1,0,0,-1,2,2,2,2,2,0,0
6,97,ZD,2,2,2,1,0,0,-1,2,2,2,2,2,0,0
6,98,ZD,2,2,2,1,0,0,-1,2,2,2,2,2,0,0
6,99,ZD,2,2,2,1,0,0,-1,2,2,2,2,2,0,0
6,100,ZD,2,2,2,1,0,0,-1,2,2,2,2,2,0,0
6,101,ZD,2,2,2,1,0,0,-1,2,2,2,2,2,0,0
6,102,ZD,2,2,2,1,0,0,-1,2,2,2,2,2,0,0
6,103,ZD,2,2,2,1,0,0,-1,2,2,2,2,2,0,0
6,104,ZD,2,2,2,0,0,0,-1,4,4,4,4,4,1,0
6,105,ZD,2,2,2,0,0,0,-1,4,4,4,4,4,1,0
6,106,ZD,2,2,2,0,0,0,0,4,4,4,4,4,1,0
6,107,ZD,2,2,2,0,0,0,0,4,4,4,4,4,1,0
6,108,ZD,2,2,2,0,0,0,0,4,4,4,4,4,1,0
6,109,ZD,2,2,2,0,0,0,0,4,4,4,4,4,1,0
6,110,ZD,2,2,2,0,0,0,-1,4,4,4,4,4,1,0
6,111,ZD,2,2,2,0,0,0,-1,4,4,4,4,4,1,0
6,112,ZD,2,2,2,1,0,0,-1,2,2,2,2,2,0,0
6,113,ZD,2,2,2,1,0,0,-1,2,2,2,2,2,0,0
6,114,ZD,2,2,2,1,0,0,-1,2,2,2,2,2,0,0
6,115,ZD,2,2,2,1,0,0,-1,2,2,2,2,2,0,0
6,116,ZD,2,2,2,1,0,0,-1,2,2,2,2,2,0,0
6,117,ZD,2,2,2,1,0,0,-1,2,2,2,2,2,0,0
6,118,ZD,2,2,2,1,0,0,-1,2,2,2,2,2,0,0
6,119,ZD,2,2,2,1,0,0,-1,2,2,2,2,2,0,0
6,120,ZD,2,2,2,0,0,0,-1,4,4,4,4,4,1,0
6,121,ZD,2,2,2,0,0,0,-1,4,4,4,4,4,1,0
6,122,ZD,2,2,2,0,0,0,-1,4,4,4,4,4,1,0
6,123,ZD,2,2,2,0,0,0,-1,4,4,4,4,4,1,0
6,124,ZD,2,2,2,0,0,0,-1,4,4,4,4,4,1,0
6,125,ZD,2,2,2,0,0,0,-1,4,4,4,4,4,1,0
6,126,ZD,2,2,2,0,0,0,-1,4,4,4,4,4,1,0
6,127,ZD,2,2,2,0,0,0,-1,4,4,4,4,4,1,0
6,128,ZD,2,2,2,1,0,0,0,2,2,2,2,2,0,0
6,129,ZD,2,2,2,1,0,0,0,2,2,2,2,2,0,0
6,130,ZD,2,2,2,1,0,0,0,2,2,2,2,2,0,0
6,131,ZD,2,2,2,1,0,0,0,2,2,2,2,2,0,0
6,132,ZD,2,2,2,0,0,0,-1,4,4,4,4,4,1,0
6,133,ZD,2,2,2,0,0,0,-1,4,4,4,4,4,1,0
6,134,ZD,2,2,2,0,0,0,-1,4,4,4,4,4,1,0
6,135,ZD,2,2,2,0,0,0,-1,4,4,4,4,4,1,0
6,136,ZD,2,2,2,0,0,0,-1,4,4,4,4,4,1,0
6,137,ZD,2,2,2,0,0,0,-1,4,4,4,4,4,1,0
6,138,ZD,2,2,2,0,0,0,-1,4,4,4,4,4,1,0
6,139,ZD,2,2,2,0,0,0,-1,4,4,4,4,4,1,0
6,140,ZD,2,2,2,0,0,0,-1,4,4,4,4,4,1,0
6,141,ZD,2,2,2,0,0,0,-1,4,4,4,4,4,1,0
6,142,ZD,2,2,2,0,0,0,-1,4,4,4,4,4,1,0
6,143,ZD,2,2,2,0,0,0,-1,4,4,4,4,4,1,0
6,144,ZD,2,2,2,1,0,0,-1,2,2,2,2,2,0,0
6,145,ZD,2,2,2,1,0,0,-1,2,2,2,2,2,0,0
6,146,ZD,2,2,2,1,0,0,-1,2,2,2,2,2,0,0
6,147,ZD,2,2,2,1,0,0,-1,2,2,2,2,2,0,0
6,148,ZD,2,2,2,1,0,0,0,2,2,2,2,2,0,0
6,149,ZD,2,2,2,1,0,0,-1,2,2,2,2,2,0,0
6,150,ZD,2,2,2,1,0,0,-1,2,2,2,2,2,0,0
6,151,ZD,2,2,2,1,0,0,0,2,2,2,2,2,0,0
6,152,ZD,2,2,2,1,0,0,0,2,2,2,2,2,0,0
6,153,ZD,2,2,2,1,0,0,-1,2,2,2,2,2,0,0
6,154,ZD,2,2,2,1,0,0,-1,2,2,2,2,2,0,0
6,155,ZD,2,2,2,1,0,0,0,2,2,2,2,2,0,0
6,156,ZD,2,2,2,0,0,0,-1,4,4,4,4,4,1,0
6,157,ZD,2,2,2,0,0,0,-1,4,4,4,4,4,1,0
6,158,ZD,2,2,2,0,0,0,-1,4,4,4,4,4,1,0
6,159,ZD,2,2,2,0,0,0,-1,4,4,4,4,4,1,0
6,160,ZD,2,2,2,0,0,0,-1,4,4,4,4,4,1,0
6,161,ZD,2,2,2,0,0,0,-1,4,4,4,4,4,1,0
6,162,ZD,2,2,2,0,0,0,-1,4,4,4,4,4,1,0
6,163,ZD,2,2,2,0,0,0,-1,4,4,4,4,4,1,0
6,164,ZD,2,2,2,1,0,0,-1,2,2,2,2,2,0,0
6,165,ZD,2,2,2,1,0,0,-1,2,2,2,2,2,0,0
6,166,ZD,2,2,2,1,0,0,-1,2,2,2,2,2,0,0
6,167,ZD,2,2,2,1,0,0,-1,2,2,2,2,2,0,0
6,168,ZD,2,2,2,0,0,0,-1,4,4,4,4,4,1,0
6,169,ZD,2,3,2,0,0,0,0,4,4,4,4,4,1,0
6,170,ZD,2,2,2,0,0,0,-1,4,4,4,4,4,1,0
6,171,ZD,2,3,2,0,0,0,0,4,4,4,4,4,1,0
6,172,ZD,2,3,2,0,0,0,0,4,4,4,4,4,1,0
6,173,ZD,2,2,2,0,0,0,-1,4,4,4,4,4,1,0
6,174,ZD,2,3,2,0,0,0,0,4,4,4,4,4,1,0
6,175,ZD,2,2,2,0,0,0,-1,4,4,4,4,4,1,0
6,176,ZD,2,2,2,0,0,0,-1,4,4,4,4,4,1,0
6,177,ZD,2,2,2,0,0,0,-1,4,4,4,4,4,1,0
6,178,ZD,2,2,2,0,0,0,-1,4,4,4,4,4,1,0
6,179,ZD,2,2,2,0,0,0,-1,4,4,4,4,4,1,0
6,180,ZD,2,2,2,1,0,0,0,2,2,2,2,2,0,0
6,181,ZD,2,2,2,1,0,0,0,2,2,2,2,2,0,0
6,182,ZD,2,2,2,1,0,0,0,2,2,2,2,2,0,0
6,183,ZD,2,2,2,1,0,0,0,2,2,2,2,2,0,0
6,184,ZD,2,3,2,0,0,0,0,4,4,4,4,4,1,0
6,185,ZD,2,3,2,0,0,0,0,4,4,4,4,4,1,0
6,186,ZD,2,3,2,0,0,0,0,4,4,4,4,4,1,0
6,187,ZD,2,3,2,0,0,0,0,4,4,4,4,4,1,0
6,188,ZD,2,3,2,0,0,0,0,4,4,4,4,4,1,0
6,189,ZD,2,3,2,0,0,0,0,4,4,4,4,4,1,0
6,190,ZD,2,3,2,0,0,0,0,4,4,4,4,4,1,0
6,191,ZD,2,3,2,0,0,0,0,4,4,4,4,4,1,0
6,192,ZD,2,2,2,0,0,0,0,4,4,4,4,4,1,0
6,193,ZD,2,2,2,0,0,0,0,4,4,4,4,4,1,0
6,194,ZD,2,2,2,0,0,0,0,4,4,4,4,4,1,0
6,195,ZD,2,2,2,0,0,0,0,4,4,4,4,4,1,0
6,196,ZD,2,3,2,0,0,0,0,4,4,4,4,4,1,0
6,197,ZD,2,3,2,0,0,0,0,4,4,4,4,4,1,0
6,198,ZD,2,3,2,0,0,0,0,4,4,4,4,4,1,0
6,199,ZD,2,3,2,0,0,0,0,4,4,4,4,4,1,0
7,8,ZD,2,2,2,1,0,0,-1,2,2,2,2,2,0,0
7,9,ZD,2,2,2,1,0,0,-1,2,2,2,2,2,0,0
7,10,ZD,2,2,2,1,0,0,-1,2,2,2,2,2,0,0
7,11,ZD,2,2,2,1,0,0,-1,2,2,2,2,2,0,0
7,12,ZD,2,2,2,1,0,0,-1,2,2,2,2,2,0,0
7,13,ZD,2,2,2,1,0,0,-1,2,2,2,2,2,0,0
7,14,ZD,2,2,2,1,0,0,-1,2,2,2,2,2,0,0
7,15,ZD,2,2,2,1,0,0,-1,2,2,2,2,2,0,0
7,16,ZD,2,2,2,0,0,0,-1,4,4,4,4,4,1,0
7,17,ZD,2,2,2,0,0,0,-1,4,4,4,4,4,1,0
7,18,ZD,2,2,2,0,0,0,-1,4,4,4,4,4,1,0
7,19,ZD,2,2,2,0,0,0,-1,4,4,4,4,4,1,0
7,20,ZD,2,2,2,0,0,0,-1,4,4,4,4,4,1,0
7,21,ZD,2,2,2,0,0,0,-1,4,4,4,4,4,1,0
7,22,ZD,2,2,2,0,0,0,-1,4,4,4,4,4,1,0
7,23,ZD,2,2,2,0,0,0,-1,4,4,4,4,4,1,0
7,24,INC,1,-1,-1,0,0,-1,-1,-1,-1,-1,-1,-1,0,1
7,25,INC,1,-1,-1,0,0,-1,-1,-1,-1,-1,-1,-1,0,1
7,26,INC,1,-1,-1,0,0,-1,-1,-1,-1,-1,-1,-1,0,1
7,27,INC,1,-1,-1,0,0,-1,-1,-1,-1,-1,-1,-1,0,1
7,28,ZD,2,2,2,1,0,0,-1,2,2,2,2,2,0,0
7,29,ZD,2,2,2,1,0,0,-1,2,2,2,2,2,0,0
7,30,ZD,2,2,2,1,0,0,-1,2,2,2,2,2,0,0
7,31,ZD,2,2,2,1,0,0,-1,2,2,2,2,2,0,0
7,32,ZD,2,2,2,1,0,0,-1,2,2,2,2,2,0,0
7,33,ZD,2,2,2,1,0,0,-1,2,2,2,2,2,0,0
7,34,ZD,2,2,2,1,0,0,-1,2,2,2,2,2,0,0
7,35,ZD,2,2,2,1,0,0,-1,2,2,2,2,2,0,0
7,36,ZD,2,2,2,1,0,0,0,2,2,2,2,2,0,0
7,37,ZD,2,2,2,1,0,0,0,2,2,2,2,2,0,0
7,38,ZD,2,2,2,1,0,0,-1,2,2,2,2,2,0,0
7,39,ZD,2,2,2,1,0,0,-1,2,2,2,2,2,0,0
7,40,ZD,2,2,2,1,0,0,-1,2,2,2,2,2,0,0
7,41,ZD,2,2,2,1,0,0,-1,2,2,2,2,2,0,0
7,42,ZD,2,2,2,1,0,0,0,2,2,2,2,2,0,0
7,43,ZD,2,2,2,1,0,0,0,2,2,2,2,2,0,0
7,44,ZD,2,2,2,0,0,0,-1,4,4,4,4,4,1,0
7,45,ZD,2,2,2,0,0,0,-1,4,4,4,4,4,1,0
7,46,ZD,2,2,2,0,0,0,-1,4,4,4,4,4,1,0
7,47,ZD,2,2,2,0,0,0,-1,4,4,4,4,4,1,0
7,48,ZD,2,2,2,0,0,0,-1,4,4,4,4,4,1,0
7,49,ZD,2,2,2,0,0,0,-1,4,4,4,4,4,1,0
7,50,ZD,2,2,2,0,0,0,-1,4,4,4,4,4,1,0
7,51,ZD,2,2,2,0,0,0,-1,4,4,4,4,4,1,0
7,52,ZD,2,2,2,1,0,0,-1,2,2,2,2,2,0,0
7,53,ZD,2,2,2,1,0,0,-1,2,2,2,2,2,0,0
7,54,ZD,2,2,2,1,0,0,-1,2,2,2,2,2,0,0
7,55,ZD,2,2,2,1,0,0,-1,2,2,2,2,2,0,0
7,56,ZD,2,2,2,1,0,0,-1,2,2,2,2,2,0,0
7,57,ZD,2,2,2,1,0,0,-1,2,2,2,2,2,0,0
7,58,ZD,2,2,2,1,0,0,-1,2,2,2,2,2,0,0
7,59,ZD,2,2,2,1,0,0,-1,2,2,2,2,2,0,0
7,60,ZD,2,2,2,0,0,0,0,4,4,4,4,4,1,0
7,61,ZD,2,2,2,0,0,0,0,4,4,4,4,4,1,0
7,62,ZD,2,2,2,0,0,0,0,4,4,4,4,4,1,0
7,63,ZD,2,2,2,0,0,0,0,4,4,4,4,4,1,0
7,64,ZD,2,2,2,0,0,0,0,4,4,4,4,4,1,0
7,65,ZD,2,2,2,0,0,0,0,4,4,4,4,4,1,0
7,66,ZD,2,2,2,0,0,0,0,4,4,4,4,4,1,0
7,67,ZD,2,2,2,0,0,0,0,4,4,4,4,4,1,0
7,68,ZD,2,2,2,1,0,0,-1,2,2,2,2,2,0,0
7,69,ZD,2,2,2,1,0,0,-1,2,2,2,2,2,0,0
7,70,ZD,2,2,2,1,0,0,-1,2,2,2,2,2,0,0
7,71,ZD,2,2,2,1,0,0,-1,2,2,2,2,2,0,0
7,72,ZD,2,2,2,0,0,0,-1,4,4,4,4,4,1,0
7,73,ZD,2,2,2,0,0,0,-1,4,4,4,4,4,1,0
7,74,ZD,2,2,2,0,0,0,-1,4,4,4,4,4,1,0
7,75,ZD,2,2,2,0,0,0,-1,4,4,4,4,4,1,0
7,76,ZD,2,2,2,0,0,0,-1,4,4,4,4,4,1,0
7,77,ZD,2,2,2,0,0,0,-1,4,4,4,4,4,1,0
7,78,ZD,2,2,2,0,0,0,-1,4,4,4,4,4,1,0
7,79,ZD,2,2,2,0,0,0,-1,4,4,4,4,4,1,0
7,80,ZD,2,2,2,0,0,0,0,4,4,4,4,4,1,0
7,81,ZD,2,2,2,0,0,0,0,4,4,4,4,4,1,0
7,82,ZD,2,2,2,0,0,0,0,4,4,4,4,4,1,0
7,83,ZD,2,2,2,0,0,0,0,4,4,4,4,4,1,0
7,84,INC,1,-1,-1,0,0,-1,-1,-1,-1,-1,-1,-1,0,1
7,85,INC,1,-1,-1,0,0,-1,-1,-1,-1,-1,-1,-1,0,1
7,86,INC,1,-1,-1,0,0,-1,-1,-1,-1,-1,-1,-1,0,1
7,87,INC,1,-1,-1,0,0,-1,-1,-1,-1,-1,-1,-1,0,1
7,88,ZD,2,2,2,1,0,0,0,2,2,2,2,2,0,0
7,89,ZD,2,2,2,1,0,0,0,2,2,2,2,2,0,0
7,90,ZD,2,2,2,1,0,0,-1,2,2,2,2,2,0,0
7,91,ZD,2,2,2,1,0,0,-1,2,2,2,2,2,0,0
7,92,ZD,2,2,2,1,0,0,-1,2,2,2,2,2,0,0
7,93,ZD,2,2,2,1,0,0,-1,2,2,2,2,2,0,0
7,94,ZD,2,2,2,1,0,0,0,2,2,2,2,2,0,0
7,95,ZD,2,2,2,1,0,0,0,2,2,2,2,2,0,0
7,96,ZD,2,2,2,1,0,0,-1,2,2,2,2,2,0,0
7,97,ZD,2,2,2,1,0,0,-1,2,2,2,2,2,0,0
7,98,ZD,2,2,2,1,0,0,-1,2,2,2,2,2,0,0
7,99,ZD,2,2,2,1,0,0,-1,2,2,2,2,2,0,0
7,100,ZD,2,2,2,1,0,0,-1,2,2,2,2,2,0,0
7,101,ZD,2,2,2,1,0,0,-1,2,2,2,2,2,0,0
7,102,ZD,2,2,2,1,0,0,-1,2,2,2,2,2,0,0
7,103,ZD,2,2,2,1,0,0,-1,2,2,2,2,2,0,0
7,104,ZD,2,2,2,0,0,0,0,4,4,4,4,4,1,0
7,105,ZD,2,2,2,0,0,0,0,4,4,4,4,4,1,0
7,106,ZD,2,2,2,0,0,0,-1,4,4,4,4,4,1,0
7,107,ZD,2,2,2,0,0,0,-1,4,4,4,4,4,1,0
7,108,ZD,2,2,2,0,0,0,-1,4,4,4,4,4,1,0
7,109,ZD,2,2,2,0,0,0,-1,4,4,4,4,4,1,0
7,110,ZD,2,2,2,0,0,0,0,4,4,4,4,4,1,0
7,111,ZD,2,2,2,0,0,0,0,4,4,4,4,4,1,0
7,112,ZD,2,2,2,1,0,0,-1,2,2,2,2,2,0,0
7,113,ZD,2,2,2,1,0,0,-1,2,2,2,2,2,0,0
7,114,ZD,2,2,2,1,0,0,-1,2,2,2,2,2,0,0
7,115,ZD,2,2,2,1,0,0,-1,2,2,2,2,2,0,0
7,116,ZD,2,2,2,1,0,0,-1,2,2,2,2,2,0,0
7,117,ZD,2,2,2,1,0,0,-1,2,2,2,2,2,0,0
7,118,ZD,2,2,2,1,0,0,-1,2,2,2,2,2,0,0
7,119,ZD,2,2,2,1,0,0,-1,2,2,2,2,2,0,0
7,120,ZD,2,2,2,0,0,0,-1,4,4,4,4,4,1,0
7,121,ZD,2,2,2,0,0,0,-1,4,4,4,4,4,1,0
7,122,ZD,2,2,2,0,0,0,-1,4,4,4,4,4,1,0
7,123,ZD,2,2,2,0,0,0,-1,4,4,4,4,4,1,0
7,124,ZD,2,2,2,0,0,0,-1,4,4,4,4,4,1,0
7,125,ZD,2,2,2,0,0,0,-1,4,4,4,4,4,1,0
7,126,ZD,2,2,2,0,0,0,-1,4,4,4,4,4,1,0
7,127,ZD,2,2,2,0,0,0,-1,4,4,4,4,4,1,0
7,128,ZD,2,2,2,1,0,0,0,2,2,2,2,2,0,0
7,129,ZD,2,2,2,1,0,0,0,2,2,2,2,2,0,0
7,130,ZD,2,2,2,1,0,0,0,2,2,2,2,2,0,0
7,131,ZD,2,2,2,1,0,0,0,2,2,2,2,2,0,0
7,132,ZD,2,2,2,0,0,0,-1,4,4,4,4,4,1,0
7,133,ZD,2,2,2,0,0,0,-1,4,4,4,4,4,1,0
7,134,ZD,2,2,2,0,0,0,-1,4,4,4,4,4,1,0
7,135,ZD,2,2,2,0,0,0,-1,4,4,4,4,4,1,0
7,136,ZD,2,2,2,0,0,0,-1,4,4,4,4,4,1,0
7,137,ZD,2,2,2,0,0,0,-1,4,4,4,4,4,1,0
7,138,ZD,2,2,2,0,0,0,-1,4,4,4,4,4,1,0
7,139,ZD,2,2,2,0,0,0,-1,4,4,4,4,4,1,0
7,140,ZD,2,2,2,0,0,0,-1,4,4,4,4,4,1,0
7,141,ZD,2,2,2,0,0,0,-1,4,4,4,4,4,1,0
7,142,ZD,2,2,2,0,0,0,-1,4,4,4,4,4,1,0
7,143,ZD,2,2,2,0,0,0,-1,4,4,4,4,4,1,0
7,144,ZD,2,2,2,1,0,0,-1,2,2,2,2,2,0,0
7,145,ZD,2,2,2,1,0,0,-1,2,2,2,2,2,0,0
7,146,ZD,2,2,2,1,0,0,-1,2,2,2,2,2,0,0
7,147,ZD,2,2,2,1,0,0,-1,2,2,2,2,2,0,0
7,148,ZD,2,2,2,1,0,0,0,2,2,2,2,2,0,0
7,149,ZD,2,2,2,1,0,0,-1,2,2,2,2,2,0,0
7,150,ZD,2,2,2,1,0,0,-1,2,2,2,2,2,0,0
7,151,ZD,2,2,2,1,0,0,0,2,2,2,2,2,0,0
7,152,ZD,2,2,2,1,0,0,0,2,2,2,2,2,0,0
7,153,ZD,2,2,2,1,0,0,-1,2,2,2,2,2,0,0
7,154,ZD,2,2,2,1,0,0,-1,2,2,2,2,2,0,0
7,155,ZD,2,2,2,1,0,0,0,2,2,2,2,2,0,0
7,156,ZD,2,2,2,0,0,0,-1,4,4,4,4,4,1,0
7,157,ZD,2,2,2,0,0,0,-1,4,4,4,4,4,1,0
7,158,ZD,2,2,2,0,0,0,-1,4,4,4,4,4,1,0
7,159,ZD,2,2,2,0,0,0,-1,4,4,4,4,4,1,0
7,160,ZD,2,2,2,0,0,0,-1,4,4,4,4,4,1,0
7,161,ZD,2,2,2,0,0,0,-1,4,4,4,4,4,1,0
7,162,ZD,2,2,2,0,0,0,-1,4,4,4,4,4,1,0
7,163,ZD,2,2,2,0,0,0,-1,4,4,4,4,4,1,0
7,164,ZD,2,2,2,1,0,0,-1,2,2,2,2,2,0,0
7,165,ZD,2,2,2,1,0,0,-1,2,2,2,2,2,0,0
7,166,ZD,2,2,2,1,0,0,-1,2,2,2,2,2,0,0
7,167,ZD,2,2,2,1,0,0,-1,2,2,2,2,2,0,0
7,168,ZD,2,3,2,0,0,0,0,4,4,4,4,4,1,0
7,169,ZD,2,2,2,0,0,0,-1,4,4,4,4,4,1,0
7,170,ZD,2,3,2,0,0,0,0,4,4,4,4,4,1,0
7,171,ZD,2,2,2,0,0,0,-1,4,4,4,4,4,1,0
7,172,ZD,2,2,2,0,0,0,-1,4,4,4,4,4,1,0
7,173,ZD,2,3,2,0,0,0,0,4,4,4,4,4,1,0
7,174,ZD,2,2,2,0,0,0,-1,4,4,4,4,4,1,0
7,175,ZD,2,3,2,0,0,0,0,4,4,4,4,4,1,0
7,176,ZD,2,2,2,0,0,0,-1,4,4,4,4,4,1,0
7,177,ZD,2,2,2,0,0,0,-1,4,4,4,4,4,1,0
7,178,ZD,2,2,2,0,0,0,-1,4,4,4,4,4,1,0
7,179,ZD,2,2,2,0,0,0,-1,4,4,4,4,4,1,0
7,180,ZD,2,2,2,1,0,0,0,2,2,2,2,2,0,0
7,181,ZD,2,2,2,1,0,0,0,2,2,2,2,2,0,0
7,182,ZD,2,2,2,1,0,0,0,2,2,2,2,2,0,0
7,183,ZD,2,2,2,1,0,0,0,2,2,2,2,2,0,0
7,184,ZD,2,3,2,0,0,0,0,4,4,4,4,4,1,0
7,185,ZD,2,3,2,0,0,0,0,4,4,4,4,4,1,0
7,186,ZD,2,3,2,0,0,0,0,4,4,4,4,4,1,0
7,187,ZD,2,3,2,0,0,0,0,4,4,4,4,4,1,0
7,188,ZD,2,3,2,0,0,0,0,4,4,4,4,4,1,0
7,189,ZD,2,3,2,0,0,0,0,4,4,4,4,4,1,0
7,190,ZD,2,3,2,0,0,0,0,4,4,4,4,4,1,0
7,191,ZD,2,3,2,0,0,0,0,4,4,4,4,4,1,0
7,192,ZD,2,2,2,0,0,0,0,4,4,4,4,4,1,0
7,193,ZD,2,2,2,0,0,0,0,4,4,4,4,4,1,0
7,194,ZD,2,2,2,0,0,0,0,4,4,4,4,4,1,0
7,195,ZD,2,2,2,0,0,0,0,4,4,4,4,4,1,0
7,196,ZD,2,3,2,0,0,0,0,4,4,4,4,4,1,0
7,197,ZD,2,3,2,0,0,0,0,4,4,4,4,4,1,0
7,198,ZD,2,3,2,0,0,0,0,4,4,4,4,4,1,0
7,199,ZD,2,3,2,0,0,0,0,4,4,4,4,4,1,0
8,9,ZD,2,2,2,1,0,0,0,2,2,1,1,1,0,0
8,10,INC,1,-1,-1,0,0,-1,-1,-1,-1,-1,-1,-1,0,1
8,11,INC,1,-1,-1,0,0,-1,-1,-1,-1,-1,-1,-1,0,1
8,12,INC,1,-1,-1,0,0,-1,-1,-1,-1,-1,-1,-1,0,1
8,13,INC,1,-1,-1,0,0,-1,-1,-1,-1,-1,-1,-1,0,1
8,14,ZD,2,2,2,1,0,0,0,2,2,1,1,1,0,0
8,15,POS,1,1,1,0,0,-1,-1,-1,-1,-1,-1,-1,0,1
8,16,ZD,2,2,3,1,0,0,-1,3,3,3,3,3,0,0
8,17,ZD,2,2,3,1,0,0,-1,3,3,3,3,3,0,0
8,18,ZD,2,2,3,1,0,0,-1,3,3,3,3,3,0,0
8,19,ZD,2,2,3,1,0,0,-1,3,3,3,3,3,0,0
8,20,ZD,2,2,3,1,0,0,-1,3,3,3,3,3,0,0
8,21,ZD,2,2,3,1,0,0,-1,3,3,3,3,3,0,0
8,22,ZD,2,2,3,1,0,0,-1,3,3,3,3,3,0,0
8,23,ZD,2,2,3,1,0,0,-1,3,3,3,3,3,0,0
8,24,ZD,2,2,2,1,0,0,-1,2,2,2,2,2,0,0
8,25,ZD,2,2,2,1,0,0,-1,2,2,2,2,2,0,0
8,26,ZD,2,2,2,1,0,0,-1,2,2,2,2,2,0,0
8,27,ZD,2,2,2,1,0,0,-1,2,2,2,2,2,0,0
8,28,ZD,2,2,3,1,0,0,-1,3,3,3,3,3,0,0
8,29,ZD,2,2,3,1,0,0,-1,3,3,3,3,3,0,0
8,30,ZD,2,2,3,1,0,0,-1,3,3,3,3,3,0,0
8,31,ZD,2,2,3,1,0,0,-1,3,3,3,3,3,0,0
8,32,ZD,2,2,3,1,0,0,-1,3,3,3,3,3,0,0
8,33,ZD,2,2,3,1,0,0,-1,3,3,3,3,3,0,0
8,34,ZD,2,2,3,1,0,0,-1,3,3,3,3,3,0,0
8,35,ZD,2,2,3,1,0,0,-1,3,3,3,3,3,0,0
8,36,ZD,2,2,2,1,0,0,0,3,3,1,1,1,0,0
8,37,ZD,2,2,2,1,0,0,-1,3,3,2,2,2,0,0
8,38,ZD,2,2,2,1,0,0,0,3,3,1,1,1,0,0
8,39,ZD,2,2,2,1,0,0,-1,3,3,2,2,2,0,0
8,40,ZD,2,2,2,1,0,0,-1,3,3,2,2,2,0,0
8,41,ZD,2,2,2,1,0,0,0,3,3,1,1,1,0,0
8,42,ZD,2,2,2,1,0,0,-1,3,3,2,2,2,0,0
8,43,ZD,2,2,2,1,0,0,0,3,3,1,1,1,0,0
8,44,ZD,2,2,3,1,0,0,-1,4,4,4,4,4,0,0
8,45,ZD,2,2,3,1,0,0,-1,4,4,4,4,4,0,0
8,46,ZD,2,2,3,1,0,0,-1,4,4,4,4,4,0,0
8,47,ZD,2,2,3,1,0,0,-1,4,4,4,4,4,0,0
8,48,ZD,2,2,3,1,0,0,-1,4,4,4,4,4,0,0
8,49,ZD,2,2,3,1,0,0,-1,4,4,4,4,4,0,0
8,50,ZD,2,2,3,1,0,0,-1,4,4,4,4,4,0,0
8,51,ZD,2,2,3,1,0,0,-1,4,4,4,4,4,0,0
8,52,ZD,2,2,2,1,0,0,-1,2,2,2,2,2,0,0
8,53,ZD,2,2,2,1,0,0,-1,2,2,2,2,2,0,0
8,54,ZD,2,2,2,1,0,0,-1,2,2,2,2,2,0,0
8,55,ZD,2,2,2,1,0,0,-1,2,2,2,2,2,0,0
8,56,ZD,2,2,2,1,0,0,-1,2,2,2,2,2,0,0
8,57,ZD,2,2,2,1,0,0,-1,2,2,2,2,2,0,0
8,58,ZD,2,2,2,1,0,0,-1,2,2,2,2,2,0,0
8,59,ZD,2,2,2,1,0,0,-1,2,2,2,2,2,0,0
8,60,ZD,2,2,2,1,0,0,-1,2,2,2,2,2,0,0
8,61,ZD,2,2,2,1,0,0,-1,2,2,2,2,2,0,0
8,62,ZD,2,2,2,1,0,0,-1,2,2,2,2,2,0,0
8,63,ZD,2,2,2,1,0,0,-1,2,2,2,2,2,0,0
8,64,ZD,2,2,2,1,0,0,-1,2,2,2,2,2,0,0
8,65,ZD,2,2,2,1,0,0,-1,2,2,2,2,2,0,0
8,66,ZD,2,2,2,1,0,0,-1,2,2,2,2,2,0,0
8,67,ZD,2,2,2,1,0,0,-1,2,2,2,2,2,0,0
8,68,INC,1,-1,-1,0,0,-1,-1,-1,-1,-1,-1,-1,0,1
8,69,ZD,2,2,2,1,0,0,0,2,2,1,1,1,0,0
8,70,ZD,2,2,2,1,0,0,0,2,2,1,1,1,0,0
8,71,INC,1,-1,-1,0,0,-1,-1,-1,-1,-1,-1,-1,0,1
8,72,ZD,2,2,3,1,0,0,-1,3,3,3,3,3,0,0
8,73,ZD,2,2,3,1,0,0,-1,3,3,3,3,3,0,0
8,74,ZD,2,2,3,1,0,0,-1,3,3,3,3,3,0,0
8,75,ZD,2,2,3,1,0,0,-1,3,3,3,3,3,0,0
8,76,ZD,2,2,3,1,0,0,-1,3,3,3,3,3,0,0
8,77,ZD,2,2,3,1,0,0,-1,3,3,3,3,3,0,0
8,78,ZD,2,2,3,1,0,0,-1,3,3,3,3,3,0,0
8,79,ZD,2,2,3,1,0,0,-1,3,3,3,3,3,0,0
8,80,ZD,2,2,2,1,0,0,-1,2,2,2,2,2,0,0
8,81,ZD,2,2,2,1,0,0,0,1,1,1,1,1,0,0
8,82,ZD,2,2,2,1,0,0,0,1,1,1,1,1,0,0
8,83,ZD,2,2,2,1,0,0,-1,2,2,2,2,2,0,0
8,84,ZD,2,2,2,1,0,0,0,2,2,1,1,1,0,0
8,85,ZD,2,2,2,1,0,0,0,2,2,1,1,1,0,0
8,86,ZD,2,2,2,1,0,0,0,2,2,1,1,1,0,0
8,87,ZD,2,2,2,1,0,0,0,2,2,1,1,1,0,0
8,88,ZD,2,2,3,1,0,0,-1,3,3,2,2,2,0,0
8,89,ZD,2,2,3,1,0,0,-1,3,3,3,3,3,0,0
8,90,ZD,2,2,3,1,0,0,-1,3,3,3,3,3,0,0
8,91,ZD,2,2,3,1,0,0,-1,3,3,3,3,3,0,0
8,92,ZD,2,2,3,1,0,0,-1,3,3,3,3,3,0,0
8,93,ZD,2,2,3,1,0,0,-1,3,3,3,3,3,0,0
8,94,ZD,2,2,3,1,0,0,-1,3,3,3,3,3,0,0
8,95,ZD,2,2,3,1,0,0,-1,3,3,2,2,2,0,0
8,96,ZD,2,2,2,1,0,0,-1,3,3,2,2,2,0,0
8,97,ZD,2,2,2,1,0,0,-1,3,3,1,1,1,0,0
8,98,ZD,2,2,2,1,0,0,-1,3,3,2,2,2,0,0
8,99,ZD,2,2,2,1,0,0,-1,3,3,2,2,2,0,0
8,100,ZD,2,2,2,1,0,0,-1,3,3,2,2,2,0,0
8,101,ZD,2,2,2,1,0,0,-1,3,3,2,2,2,0,0
8,102,ZD,2,2,2,1,0,0,-1,3,3,1,1,1,0,0
8,103,ZD,2,2,2,1,0,0,-1,3,3,2,2,2,0,0
8,104,ZD,2,2,3,1,0,0,-1,4,4,4,4,4,0,0
8,105,ZD,2,2,3,1,0,0,-1,4,4,4,4,4,0,0
8,106,ZD,2,2,3,1,0,0,-1,4,4,4,4,4,0,0
8,107,ZD,2,2,3,1,0,0,-1,4,4,4,4,4,0,0
8,108,ZD,2,2,3,1,0,0,-1,4,4,4,4,4,0,0
8,109,ZD,2,2,3,1,0,0,-1,4,4,4,4,4,0,0
8,110,ZD,2,2,3,1,0,0,-1,4,4,4,4,4,0,0
8,111,ZD,2,2,3,1,0,0,-1,4,4,4,4,4,0,0
8,112,ZD,2,2,2,1,0,0,0,1,1,1,1,1,0,0
8,113,ZD,2,2,2,1,0,0,-1,2,2,2,2,2,0,0
8,114,INC,1,-1,-1,0,0,-1,-1,-1,-1,-1,-1,-1,0,1
8,115,ZD,2,2,2,1,0,0,-1,2,2,2,2,2,0,0
8,116,ZD,2,2,2,1,0,0,-1,2,2,2,2,2,0,0
8,117,INC,1,-1,-1,0,0,-1,-1,-1,-1,-1,-1,-1,0,1
8,118,ZD,2,2,2,1,0,0,-1,2,2,2,2,2,0,0
8,119,ZD,2,2,2,1,0,0,0,1,1,1,1,1,0,0
8,120,ZD,2,2,3,1,0,0,-1,3,3,3,3,3,0,0
8,121,ZD,2,2,3,1,0,0,-1,3,3,3,3,3,0,0
8,122,ZD,2,2,3,1,0,0,-1,3,3,3,3,3,0,0
8,123,ZD,2,2,3,1,0,0,-1,3,3,3,3,3,0,0
8,124,ZD,2,2,3,1,0,0,-1,3,3,3,3,3,0,0
8,125,ZD,2,2,3,1,0,0,-1,3,3,3,3,3,0,0
8,126,ZD,2,2,3,1,0,0,-1,3,3,3,3,3,0,0
8,127,ZD,2,2,3,1,0,0,-1,3,3,3,3,3,0,0
8,128,INC,1,-1,-1,0,0,-1,-1,-1,-1,-1,-1,-1,0,1
8,129,ZD,2,2,2,1,0,0,0,2,2,1,1,1,0,0
8,130,ZD,2,2,2,1,0,0,0,2,2,1,1,1,0,0
8,131,INC,1,-1,-1,0,0,-1,-1,-1,-1,-1,-1,-1,0,1
8,132,ZD,2,2,2,1,0,0,0,1,1,1,1,1,0,0
8,133,ZD,2,2,2,1,0,0,-1,2,2,2,2,2,0,0
8,134,ZD,2,2,3,1,0,0,-1,3,3,3,3,3,0,0
8,135,ZD,2,2,3,1,0,0,-1,3,3,3,3,3,0,0
8,136,ZD,2,2,3,1,0,0,-1,3,3,3,3,3,0,0
8,137,ZD,2,2,3,1,0,0,-1,3,3,3,3,3,0,0
8,138,ZD,2,2,2,1,0,0,-1,2,2,2,2,2,0,0
8,139,ZD,2,2,2,1,0,0,0,1,1,1,1,1,0,0
8,140,ZD,2,2,3,1,0,0,-1,3,3,3,3,3,0,0
8,141,ZD,2,2,3,1,0,0,-1,3,3,3,3,3,0,0
8,142,ZD,2,2,3,1,0,0,-1,3,3,3,3,3,0,0
8,143,ZD,2,2,3,1,0,0,-1,3,3,3,3,3,0,0
8,144,ZD,2,2,3,1,0,0,-1,3,3,3,3,3,0,0
8,145,ZD,2,2,3,1,0,0,-1,3,3,3,3,3,0,0
8,146,ZD,2,2,3,1,0,0,-1,3,3,3,3,3,0,0
8,147,ZD,2,2,3,1,0,0,-1,3,3,3,3,3,0,0
8,148,ZD,2,2,3,1,0,0,-1,3,3,3,3,3,0,0
8,149,ZD,2,2,3,1,0,0,-1,3,3,3,3,3,0,0
8,150,ZD,2,2,3,1,0,0,-1,3,3,3,3,3,0,0
8,151,ZD,2,2,3,1,0,0,-1,3,3,3,3,3,0,0
8,152,ZD,2,2,3,1,0,0,-1,3,3,3,3,3,0,0
8,153,ZD,2,2,3,1,0,0,-1,3,3,3,3,3,0,0
8,154,ZD,2,2,3,1,0,0,-1,3,3,3,3,3,0,0
8,155,ZD,2,2,3,1,0,0,-1,3,3,3,3,3,0,0
8,156,ZD,2,2,3,1,0,0,-1,4,4,4,4,4,0,0
8,157,ZD,2,2,3,1,0,0,-1,4,4,4,4,4,0,0
8,158,ZD,2,2,3,1,0,0,-1,4,4,4,4,4,0,0
8,159,ZD,2,2,3,1,0,0,-1,4,4,4,4,4,0,0
8,160,ZD,2,2,3,1,0,0,-1,4,4,4,4,4,0,0
8,161,ZD,2,2,3,1,0,0,-1,4,4,4,4,4,0,0
8,162,ZD,2,2,3,1,0,0,-1,4,4,4,4,4,0,0
8,163,ZD,2,2,3,1,0,0,-1,4,4,4,4,4,0,0
8,164,ZD,2,2,2,1,0,0,-1,3,3,2,2,2,0,0
8,165,ZD,2,2,2,1,0,0,-1,3,3,2,2,2,0,0
8,166,ZD,2,2,2,1,0,0,-1,3,3,2,2,2,0,0
8,167,ZD,2,2,2,1,0,0,-1,3,3,2,2,2,0,0
8,168,ZD,2,2,3,1,0,0,-1,4,4,4,4,4,0,0
8,169,ZD,2,2,3,1,0,0,-1,4,4,4,4,4,0,0
8,170,ZD,2,2,3,1,0,0,-1,4,4,4,4,4,0,0
8,171,ZD,2,2,3,1,0,0,-1,4,4,4,4,4,0,0
8,172,ZD,2,2,3,1,0,0,-1,4,4,4,4,4,0,0
8,173,ZD,2,2,3,1,0,0,-1,4,4,4,4,4,0,0
8,174,ZD,2,2,3,1,0,0,-1,4,4,4,4,4,0,0
8,175,ZD,2,2,3,1,0,0,-1,4,4,4,4,4,0,0
8,176,ZD,2,2,3,1,0,0,-1,4,4,4,4,4,0,0
8,177,ZD,2,2,3,1,0,0,-1,4,4,4,4,4,0,0
8,178,ZD,2,2,3,1,0,0,-1,4,4,4,4,4,0,0
8,179,ZD,2,2,3,1,0,0,-1,4,4,4,4,4,0,0
8,180,ZD,2,2,2,1,0,0,-1,2,2,1,1,1,0,0
8,181,ZD,2,2,2,1,0,0,-1,2,2,2,2,2,0,0
8,182,ZD,2,2,2,1,0,0,-1,2,2,2,2,2,0,0
8,183,ZD,2,2,2,1,0,0,-1,2,2,1,1,1,0,0
8,184,ZD,2,2,3,1,0,0,-1,3,3,2,2,2,0,0
8,185,ZD,2,2,3,1,0,0,-1,3,3,1,1,1,0,0
8,186,ZD,2,2,3,1,0,0,-1,3,3,3,3,3,0,0
8,187,ZD,2,2,3,1,0,0,-1,3,3,3,3,3,0,0
8,188,ZD,2,2,3,1,0,0,-1,3,3,3,3,3,0,0
8,189,ZD,2,2,3,1,0,0,-1,3,3,3,3,3,0,0
8,190,ZD,2,2,3,1,0,0,-1,3,3,1,1,1,0,0
8,191,ZD,2,2,3,1,0,0,-1,3,3,2,2,2,0,0
8,192,ZD,2,2,2,1,0,0,0,1,1,1,1,1,0,0
8,193,ZD,2,2,2,1,0,0,-1,2,2,2,2,2,0,0
8,194,ZD,2,2,2,1,0,0,-1,2,2,2,2,2,0,0
8,195,ZD,2,2,2,1,0,0,0,1,1,1,1,1,0,0
8,196,ZD,2,2,3,1,0,0,-1,3,3,3,3,3,0,0
8,197,ZD,2,2,3,1,0,0,-1,3,3,3,3,3,0,0
8,198,ZD,2,2,3,1,0,0,-1,3,3,3,3,3,0,0
8,199,ZD,2,2,3,1,0,0,-1,3,3,3,3,3,0,0
9,10,INC,1,-1,-1,0,0,-1,-1,-1,-1,-1,-1,-1,0,1
9,11,INC,1,-1,-1,0,0,-1,-1,-1,-1,-1,-1,-1,0,1
9,12,INC,1,-1,-1,0,0,-1,-1,-1,-1,-1,-1,-1,0,1
9,13,INC,1,-1,-1,0,0,-1,-1,-1,-1,-1,-1,-1,0,1
9,14,POS,1,1,1,0,0,-1,-1,-1,-1,-1,-1,-1,0,1
9,15,ZD,2,2,2,1,0,0,0,2,2,1,1,1,0,0
9,16,ZD,2,2,3,1,0,0,-1,3,3,3,3,3,0,0
9,17,ZD,2,2,3,1,0,0,-1,3,3,3,3,3,0,0
9,18,ZD,2,2,3,1,0,0,-1,3,3,3,3,3,0,0
9,19,ZD,2,2,3,1,0,0,-1,3,3,3,3,3,0,0
9,20,ZD,2,2,3,1,0,0,-1,3,3,3,3,3,0,0
9,21,ZD,2,2,3,1,0,0,-1,3,3,3,3,3,0,0
9,22,ZD,2,2,3,1,0,0,-1,3,3,3,3,3,0,0
9,23,ZD,2,2,3,1,0,0,-1,3,3,3,3,3,0,0
9,24,ZD,2,2,2,1,0,0,-1,2,2,2,2,2,0,0
9,25,ZD,2,2,2,1,0,0,-1,2,2,2,2,2,0,0
9,26,ZD,2,2,2,1,0,0,-1,2,2,2,2,2,0,0
9,27,ZD,2,2,2,1,0,0,-1,2,2,2,2,2,0,0
9,28,ZD,2,2,3,1,0,0,-1,3,3,3,3,3,0,0
9,29,ZD,2,2,3,1,0,0,-1,3,3,3,3,3,0,0
9,30,ZD,2,2,3,1,0,0,-1,3,3,3,3,3,0,0
9,31,ZD,2,2,3,1,0,0,-1,3,3,3,3,3,0,0
9,32,ZD,2,2,3,1,0,0,-1,3,3,3,3,3,0,0
9,33,ZD,2,2,3,1,0,0,-1,3,3,3,3,3,0,0
9,34,ZD,2,2,3,1,0,0,-1,3,3,3,3,3,0,0
9,35,ZD,2,2,3,1,0,0,-1,3,3,3,3,3,0,0
9,36,ZD,2,2,2,1,0,0,-1,3,3,2,2,2,0,0
9,37,ZD,2,2,2,1,0,0,0,3,3,1,1,1,0,0
9,38,ZD,2,2,2,1,0,0,-1,3,3,2,2,2,0,0
9,39,ZD,2,2,2,1,0,0,0,3,3,1,1,1,0,0
9,40,ZD,2,2,2,1,0,0,0,3,3,1,1,1,0,0
9,41,ZD,2,2,2,1,0,0,-1,3,3,2,2,2,0,0
9,42,ZD,2,2,2,1,0,0,0,3,3,1,1,1,0,0
9,43,ZD,2,2,2,1,0,0,-1,3,3,2,2,2,0,0
9,44,ZD,2,2,3,1,0,0,-1,4,4,4,4,4,0,0
9,45,ZD,2,2,3,1,0,0,-1,4,4,4,4,4,0,0
9,46,ZD,2,2,3,1,0,0,-1,4,4,4,4,4,0,0
9,47,ZD,2,2,3,1,0,0,-1,4,4,4,4,4,0,0
9,48,ZD,2,2,3,1,0,0,-1,4,4,4,4,4,0,0
9,49,ZD,2,2,3,1,0,0,-1,4,4,4,4,4,0,0
9,50,ZD,2,2,3,1,0,0,-1,4,4,4,4,4,0,0
9,51,ZD,2,2,3,1,0,0,-1,4,4,4,4,4,0,0
9,52,ZD,2,2,2,1,0,0,-1,2,2,2,2,2,0,0
9,53,ZD,2,2,2,1,0,0,-1,2,2,2,2,2,0,0
9,54,ZD,2,2,2,1,0,0,-1,2,2,2,2,2,0,0
9,55,ZD,2,2,2,1,0,0,-1,2,2,2,2,2,0,0
9,56,ZD,2,2,2,1,0,0,-1,2,2,2,2,2,0,0
9,57,ZD,2,2,2,1,0,0,-1,2,2,2,2,2,0,0
9,58,ZD,2,2,2,1,0,0,-1,2,2,2,2,2,0,0
9,59,ZD,2,2,2,1,0,0,-1,2,2,2,2,2,0,0
9,60,ZD,2,2,2,1,0,0,-1,2,2,2,2,2,0,0
9,61,ZD,2,2,2,1,0,0,-1,2,2,2,2,2,0,0
9,62,ZD,2,2,2,1,0,0,-1,2,2,2,2,2,0,0
9,63,ZD,2,2,2,1,0,0,-1,2,2,2,2,2,0,0
9,64,ZD,2,2,2,1,0,0,-1,2,2,2,2,2,0,0
9,65,ZD,2,2,2,1,0,0,-1,2,2,2,2,2,0,0
9,66,ZD,2,2,2,1,0,0,-1,2,2,2,2,2,0,0
9,67,ZD,2,2,2,1,0,0,-1,2,2,2,2,2,0,0
9,68,ZD,2,2,2,1,0,0,0,2,2,1,1,1,0,0
9,69,INC,1,-1,-1,0,0,-1,-1,-1,-1,-1,-1,-1,0,1
9,70,INC,1,-1,-1,0,0,-1,-1,-1,-1,-1,-1,-1,0,1
9,71,ZD,2,2,2,1,0,0,0,2,2,1,1,1,0,0
9,72,ZD,2,2,3,1,0,0,-1,3,3,3,3,3,0,0
9,73,ZD,2,2,3,1,0,0,-1,3,3,3,3,3,0,0
9,74,ZD,2,2,3,1,0,0,-1,3,3,3,3,3,0,0
9,75,ZD,2,2,3,1,0,0,-1,3,3,3,3,3,0,0
9,76,ZD,2,2,3,1,0,0,-1,3,3,3,3,3,0,0
9,77,ZD,2,2,3,1,0,0,-1,3,3,3,3,3,0,0
9,78,ZD,2,2,3,1,0,0,-1,3,3,3,3,3,0,0
9,79,ZD,2,2,3,1,0,0,-1,3,3,3,3,3,0,0
9,80,ZD,2,2,2,1,0,0,-1,2,2,2,2,2,0,0
9,81,ZD,2,2,2,1,0,0,0,1,1,1,1,1,0,0
9,82,ZD,2,2,2,1,0,0,0,1,1,1,1,1,0,0
9,83,ZD,2,2,2,1,0,0,-1,2,2,2,2,2,0,0
9,84,ZD,2,2,2,1,0,0,0,2,2,1,1,1,0,0
9,85,ZD,2,2,2,1,0,0,0,2,2,1,1,1,0,0
9,86,ZD,2,2,2,1,0,0,0,2,2,1,1,1,0,0
9,87,ZD,2,2,2,1,0,0,0,2,2,1,1,1,0,0
9,88,ZD,2,2,3,1,0,0,-1,3,3,3,3,3,0,0
9,89,ZD,2,2,3,1,0,0,-1,3,3,2,2,2,0,0
9,90,ZD,2,2,3,1,0,0,-1,3,3,3,3,3,0,0
9,91,ZD,2,2,3,1,0,0,-1,3,3,3,3,3,0,0
9,92,ZD,2,2,3,1,0,0,-1,3,3,3,3,3,0,0
9,93,ZD,2,2,3,1,0,0,-1,3,3,3,3,3,0,0
9,94,ZD,2,2,3,1,0,0,-1,3,3,2,2,2,0,0
9,95,ZD,2,2,3,1,0,0,-1,3,3,3,3,3,0,0
9,96,ZD,2,2,2,1,0,0,-1,3,3,1,1,1,0,0
9,97,ZD,2,2,2,1,0,0,-1,3,3,2,2,2,0,0
9,98,ZD,2,2,2,1,0,0,-1,3,3,2,2,2,0,0
9,99,ZD,2,2,2,1,0,0,-1,3,3,2,2,2,0,0
9,100,ZD,2,2,2,1,0,0,-1,3,3,2,2,2,0,0
9,101,ZD,2,2,2,1,0,0,-1,3,3,2,2,2,0,0
9,102,ZD,2,2,2,1,0,0,-1,3,3,2,2,2,0,0
9,103,ZD,2,2,2,1,0,0,-1,3,3,1,1,1,0,0
9,104,ZD,2,2,3,1,0,0,-1,4,4,4,4,4,0,0
9,105,ZD,2,2,3,1,0,0,-1,4,4,4,4,4,0,0
9,106,ZD,2,2,3,1,0,0,-1,4,4,4,4,4,0,0
9,107,ZD,2,2,3,1,0,0,-1,4,4,4,4,4,0,0
9,108,ZD,2,2,3,1,0,0,-1,4,4,4,4,4,0,0
9,109,ZD,2,2,3,1,0,0,-1,4,4,4,4,4,0,0
9,110,ZD,2,2,3,1,0,0,-1,4,4,4,4,4,0,0
9,111,ZD,2,2,3,1,0,0,-1,4,4,4,4,4,0,0
9,112,ZD,2,2,2,1,0,0,-1,2,2,2,2,2,0,0
9,113,INC,1,-1,-1,0,0,-1,-1,-1,-1,-1,-1,-1,0,1
9,114,ZD,2,2,2,1,0,0,-1,2,2,2,2,2,0,0
9,115,ZD,2,2,2,1,0,0,0,1,1,1,1,1,0,0
9,116,ZD,2,2,2,1,0,0,0,1,1,1,1,1,0,0
9,117,ZD,2,2,2,1,0,0,-1,2,2,2,2,2,0,0
9,118,INC,1,-1,-1,0,0,-1,-1,-1,-1,-1,-1,-1,0,1
9,119,ZD,2,2,2,1,0,0,-1,2,2,2,2,2,0,0
9,120,ZD,2,2,3,1,0,0,-1,3,3,3,3,3,0,0
9,121,ZD,2,2,3,1,0,0,-1,3,3,3,3,3,0,0
9,122,ZD,2,2,3,1,0,0,-1,3,3,3,3,3,0,0
9,123,ZD,2,2,3,1,0,0,-1,3,3,3,3,3,0,0
9,124,ZD,2,2,3,1,0,0,-1,3,3,3,3,3,0,0
9,125,ZD,2,2,3,1,0,0,-1,3,3,3,3,3,0,0
9,126,ZD,2,2,3,1,0,0,-1,3,3,3,3,3,0,0
9,127,ZD,2,2,3,1,0,0,-1,3,3,3,3,3,0,0
9,128,ZD,2,2,2,1,0,0,0,2,2,1,1,1,0,0
9,129,INC,1,-1,-1,0,0,-1,-1,-1,-1,-1,-1,-1,0,1
9,130,INC,1,-1,-1,0,0,-1,-1,-1,-1,-1,-1,-1,0,1
9,131,ZD,2,2,2,1,0,0,0,2,2,1,1,1,0,0
9,132,ZD,2,2,3,1,0,0,-1,3,3,3,3,3,0,0
9,133,ZD,2,2,3,1,0,0,-1,3,3,3,3,3,0,0
9,134,ZD,2,2,2,1,0,0,0,1,1,1,1,1,0,0
9,135,ZD,2,2,2,1,0,0,-1,2,2,2,2,2,0,0
9,136,ZD,2,2,2,1,0,0,-1,2,2,2,2,2,0,0
9,137,ZD,2,2,2,1,0,0,0,1,1,1,1,1,0,0
9,138,ZD,2,2,3,1,0,0,-1,3,3,3,3,3,0,0
9,139,ZD,2,2,3,1,0,0,-1,3,3,3,3,3,0,0
9,140,ZD,2,2,3,1,0,0,-1,3,3,3,3,3,0,0
9,141,ZD,2,2,3,1,0,0,-1,3,3,3,3,3,0,0
9,142,ZD,2,2,3,1,0,0,-1,3,3,3,3,3,0,0
9,143,ZD,2,2,3,1,0,0,-1,3,3,3,3,3,0,0
9,144,ZD,2,2,3,1,0,0,-1,3,3,3,3,3,0,0
9,145,ZD,2,2,3,1,0,0,-1,3,3,3,3,3,0,0
9,146,ZD,2,2,3,1,0,0,-1,3,3,3,3,3,0,0
9,147,ZD,2,2,3,1,0,0,-1,3,3,3,3,3,0,0
9,148,ZD,2,2,3,1,0,0,-1,3,3,3,3,3,0,0
9,149,ZD,2,2,3,1,0,0,-1,3,3,3,3,3,0,0
9,150,ZD,2,2,3,1,0,0,-1,3,3,3,3,3,0,0
9,151,ZD,2,2,3,1,0,0,-1,3,3,3,3,3,0,0
9,152,ZD,2,2,3,1,0,0,-1,3,3,3,3,3,0,0
9,153,ZD,2,2,3,1,0,0,-1,3,3,3,3,3,0,0
9,154,ZD,2,2,3,1,0,0,-1,3,3,3,3,3,0,0
9,155,ZD,2,2,3,1,0,0,-1,3,3,3,3,3,0,0
9,156,ZD,2,2,3,1,0,0,-1,4,4,4,4,4,0,0
9,157,ZD,2,2,3,1,0,0,-1,4,4,4,4,4,0,0
9,158,ZD,2,2,3,1,0,0,-1,4,4,4,4,4,0,0
9,159,ZD,2,2,3,1,0,0,-1,4,4,4,4,4,0,0
9,160,ZD,2,2,3,1,0,0,-1,4,4,4,4,4,0,0
9,161,ZD,2,2,3,1,0,0,-1,4,4,4,4,4,0,0
9,162,ZD,2,2,3,1,0,0,-1,4,4,4,4,4,0,0
9,163,ZD,2,2,3,1,0,0,-1,4,4,4,4,4,0,0
9,164,ZD,2,2,2,1,0,0,-1,3,3,2,2,2,0,0
9,165,ZD,2,2,2,1,0,0,-1,3,3,2,2,2,0,0
9,166,ZD,2,2,2,1,0,0,-1,3,3,2,2,2,0,0
9,167,ZD,2,2,2,1,0,0,-1,3,3,2,2,2,0,0
9,168,ZD,2,2,3,1,0,0,-1,4,4,4,4,4,0,0
9,169,ZD,2,2,3,1,0,0,-1,4,4,4,4,4,0,0
9,170,ZD,2,2,3,1,0,0,-1,4,4,4,4,4,0,0
9,171,ZD,2,2,3,1,0,0,-1,4,4,4,4,4,0,0
9,172,ZD,2,2,3,1,0,0,-1,4,4,4,4,4,0,0
9,173,ZD,2,2,3,1,0,0,-1,4,4,4,4,4,0,0
9,174,ZD,2,2,3,1,0,0,-1,4,4,4,4,4,0,0
9,175,ZD,2,2,3,1,0,0,-1,4,4,4,4,4,0,0
9,176,ZD,2,2,3,1,0,0,-1,4,4,4,4,4,0,0
9,177,ZD,2,2,3,1,0,0,-1,4,4,4,4,4,0,0
9,178,ZD,2,2,3,1,0,0,-1,4,4,4,4,4,0,0
9,179,ZD,2,2,3,1,0,0,-1,4,4,4,4,4,0,0
9,180,ZD,2,2,2,1,0,0,-1,2,2,1,1,1,0,0
9,181,ZD,2,2,2,1,0,0,-1,2,2,2,2,2,0,0
9,182,ZD,2,2,2,1,0,0,-1,2,2,2,2,2,0,0
9,183,ZD,2,2,2,1,0,0,-1,2,2,1,1,1,0,0
9,184,ZD,2,2,3,1,0,0,-1,3,3,1,1,1,0,0
9,185,ZD,2,2,3,1,0,0,-1,3,3,2,2,2,0,0
9,186,ZD,2,2,3,1,0,0,-1,3,3,3,3,3,0,0
9,187,ZD,2,2,3,1,0,0,-1,3,3,3,3,3,0,0
9,188,ZD,2,2,3,1,0,0,-1,3,3,3,3,3,0,0
9,189,ZD,2,2,3,1,0,0,-1,3,3,3,3,3,0,0
9,190,ZD,2,2,3,1,0,0,-1,3,3,2,2,2,0,0
9,191,ZD,2,2,3,1,0,0,-1,3,3,1,1,1,0,0
9,192,ZD,2,2,2,1,0,0,-1,2,2,2,2,2,0,0
9,193,ZD,2,2,2,1,0,0,0,1,1,1,1,1,0,0
9,194,ZD,2,2,2,1,0,0,0,1,1,1,1,1,0,0
9,195,ZD,2,2,2,1,0,0,-1,2,2,2,2,2,0,0
9,196,ZD,2,2,3,1,0,0,-1,3,3,3,3,3,0,0
9,197,ZD,2,2,3,1,0,0,-1,3,3,3,3,3,0,0
9,198,ZD,2,2,3,1,0,0,-1,3,3,3,3,3,0,0
9,199,ZD,2,2,3,1,0,0,-1,3,3,3,3,3,0,0
10,11,ZD,2,2,2,1,0,0,0,2,2,1,1,1,0,0
10,12,ZD,2,2,2,1,0,0,0,2,2,1,1,1,0,0
10,13,POS,1,1,1,0,0,-1,-1,-1,-1,-1,-1,-1,0,1
10,14,INC,1,-1,-1,0,0,-1,-1,-1,-1,-1,-1,-1,0,1
10,15,INC,1,-1,-1,0,0,-1,-1,-1,-1,-1,-1,-1,0,1
10,16,ZD,2,2,3,1,0,0,-1,3,3,3,3,3,0,0
10,17,ZD,2,2,3,1,0,0,-1,3,3,3,3,3,0,0
10,18,ZD,2,2,3,1,0,0,-1,3,3,3,3,3,0,0
10,19,ZD,2,2,3,1,0,0,-1,3,3,3,3,3,0,0
10,20,ZD,2,2,3,1,0,0,-1,3,3,3,3,3,0,0
10,21,ZD,2,2,3,1,0,0,-1,3,3,3,3,3,0,0
10,22,ZD,2,2,3,1,0,0,-1,3,3,3,3,3,0,0
10,23,ZD,2,2,3,1,0,0,-1,3,3,3,3,3,0,0
10,24,ZD,2,2,2,1,0,0,-1,2,2,2,2,2,0,0
10,25,ZD,2,2,2,1,0,0,-1,2,2,2,2,2,0,0
10,26,ZD,2,2,2,1,0,0,-1,2,2,2,2,2,0,0
10,27,ZD,2,2,2,1,0,0,-1,2,2,2,2,2,0,0
10,28,ZD,2,2,3,1,0,0,-1,3,3,3,3,3,0,0
10,29,ZD,2,2,3,1,0,0,-1,3,3,3,3,3,0,0
10,30,ZD,2,2,3,1,0,0,-1,3,3,3,3,3,0,0
10,31,ZD,2,2,3,1,0,0,-1,3,3,3,3,3,0,0
10,32,ZD,2,2,3,1,0,0,-1,3,3,3,3,3,0,0
10,33,ZD,2,2,3,1,0,0,-1,3,3,3,3,3,0,0
10,34,ZD,2,2,3,1,0,0,-1,3,3,3,3,3,0,0
10,35,ZD,2,2,3,1,0,0,-1,3,3,3,3,3,0,0
10,36,ZD,2,2,2,1,0,0,0,3,3,1,1,1,0,0
10,37,ZD,2,2,2,1,0,0,-1,3,3,2,2,2,0,0
10,38,ZD,2,2,2,1,0,0,0,3,3,1,1,1,0,0
10,39,ZD,2,2,2,1,0,0,-1,3,3,2,2,2,0,0
10,40,ZD,2,2,2,1,0,0,-1,3,3,2,2,2,0,0
10,41,ZD,2,2,2,1,0,0,0,3,3,1,1,1,0,0
10,42,ZD,2,2,2,1,0,0,-1,3,3,2,2,2,0,0
10,43,ZD,2,2,2,1,0,0,0,3,3,1,1,1,0,0
10,44,ZD,2,2,3,1,0,0,-1,4,4,4,4,4,0,0
10,45,ZD,2,2,3,1,0,0,-1,4,4,4,4,4,0,0
10,46,ZD,2,2,3,1,0,0,-1,4,4,4,4,4,0,0
10,47,ZD,2,2,3,1,0,0,-1,4,4,4,4,4,0,0
10,48,ZD,2,2,3,1,0,0,-1,4,4,4,4,4,0,0
10,49,ZD,2,2,3,1,0,0,-1,4,4,4,4,4,0,0
10,50,ZD,2,2,3,1,0,0,-1,4,4,4,4,4,0,0
10,51,ZD,2,2,3,1,0,0,-1,4,4,4,4,4,0,0
10,52,ZD,2,2,2,1,0,0,-1,2,2,2,2,2,0,0
10,53,ZD,2,2,2,1,0,0,-1,2,2,2,2,2,0,0
10,54,ZD,2,2,2,1,0,0,-1,2,2,2,2,2,0,0
10,55,ZD,2,2,2,1,0,0,-1,2,2,2,2,2,0,0
10,56,ZD,2,2,2,1,0,0,-1,2,2,2,2,2,0,0
10,57,ZD,2,2,2,1,0,0,-1,2,2,2,2,2,0,0
10,58,ZD,2,2,2,1,0,0,-1,2,2,2,2,2,0,0
10,59,ZD,2,2,2,1,0,0,-1,2,2,2,2,2,0,0
10,60,ZD,2,2,2,1,0,0,-1,2,2,2,2,2,0,0
10,61,ZD,2,2,2,1,0,0,-1,2,2,2,2,2,0,0
10,62,ZD,2,2,2,1,0,0,-1,2,2,2,2,2,0,0
10,63,ZD,2,2,2,1,0,0,-1,2,2,2,2,2,0,0
10,64,ZD,2,2,2,1,0,0,-1,2,2,2,2,2,0,0
10,65,ZD,2,2,2,1,0,0,-1,2,2,2,2,2,0,0
10,66,ZD,2,2,2,1,0,0,-1,2,2,2,2,2,0,0
10,67,ZD,2,2,2,1,0,0,-1,2,2,2,2,2,0,0
10,68,INC,1,-1,-1,0,0,-1,-1,-1,-1,-1,-1,-1,0,1
10,69,ZD,2,2,2,1,0,0,0,2,2,1,1,1,0,0
10,70,ZD,2,2,2,1,0,0,0,2,2,1,1,1,0,0
10,71,INC,1,-1,-1,0,0,-1,-1,-1,-1,-1,-1,-1,0,1
10,72,ZD,2,2,3,1,0,0,-1,3,3,3,3,3,0,0
10,73,ZD,2,2,3,1,0,0,-1,3,3,3,3,3,0,0
10,74,ZD,2,2,3,1,0,0,-1,3,3,3,3,3,0,0
10,75,ZD,2,2,3,1,0,0,-1,3,3,3,3,3,0,0
10,76,ZD,2,2,3,1,0,0,-1,3,3,3,3,3,0,0
10,77,ZD,2,2,3,1,0,0,-1,3,3,3,3,3,0,0
10,78,ZD,2,2,3,1,0,0,-1,3,3,3,3,3,0,0
10,79,ZD,2,2,3,1,0,0,-1,3,3,3,3,3,0,0
10,80,ZD,2,2,2,1,0,0,-1,2,2,2,2,2,0,0
10,81,ZD,2,2,2,1,0,0,0,1,1,1,1,1,0,0
10,82,ZD,2,2,2,1,0,0,0,1,1,1,1,1,0,0
10,83,ZD,2,2,2,1,0,0,-1,2,2,2,2,2,0,0
10,84,ZD,2,2,2,1,0,0,0,2,2,1,1,1,0,0
10,85,ZD,2,2,2,1,0,0,0,2,2,1,1,1,0,0
10,86,ZD,2,2,2,1,0,0,0,2,2,1,1,1,0,0
10,87,ZD,2,2,2,1,0,0,0,2,2,1,1,1,0,0
10,88,ZD,2,2,3,1,0,0,-1,3,3,3,3,3,0,0
10,89,ZD,2,2,3,1,0,0,-1,3,3,3,3,3,0,0
10,90,ZD,2,2,3,1,0,0,-1,3,3,2,2,2,0,0
10,91,ZD,2,2,3,1,0,0,-1,3,3,3,3,3,0,0
10,92,ZD,2,2,3,1,0,0,-1,3,3,3,3,3,0,0
10,93,ZD,2,2,3,1,0,0,-1,3,3,2,2,2,0,0
10,94,ZD,2,2,3,1,0,0,-1,3,3,3,3,3,0,0
10,95,ZD,2,2,3,1,0,0,-1,3,3,3,3,3,0,0
10,96,ZD,2,2,2,1,0,0,-1,3,3,2,2,2,0,0
10,97,ZD,2,2,2,1,0,0,-1,3,3,2,2,2,0,0
10,98,ZD,2,2,2,1,0,0,-1,3,3,1,1,1,0,0
10,99,ZD,2,2,2,1,0,0,-1,3,3,2,2,2,0,0
10,100,ZD,2,2,2,1,0,0,-1,3,3,2,2,2,0,0
10,101,ZD,2,2,2,1,0,0,-1,3,3,1,1,1,0,0
10,102,ZD,2,2,2,1,0,0,-1,3,3,2,2,2,0,0
10,103,ZD,2,2,2,1,0,0,-1,3,3,2,2,2,0,0
10,104,ZD,2,2,3,1,0,0,-1,4,4,4,4,4,0,0
10,105,ZD,2,2,3,1,0,0,-1,4,4,4,4,4,0,0
10,106,ZD,2,2,3,1,0,0,-1,4,4,4,4,4,0,0
10,107,ZD,2,2,3,1,0,0,-1,4,4,4,4,4,0,0
10,108,ZD,2,2,3,1,0,0,-1,4,4,4,4,4,0,0
10,109,ZD,2,2,3,1,0,0,-1,4,4,4,4,4,0,0
10,110,ZD,2,2,3,1,0,0,-1,4,4,4,4,4,0,0
10,111,ZD,2,2,3,1,0,0,-1,4,4,4,4,4,0,0
10,112,ZD,2,2,2,1,0,0,-1,2,2,2,2,2,0,0
10,113,ZD,2,2,2,1,0,0,0,1,1,1,1,1,0,0
10,114,ZD,2,2,2,1,0,0,-1,2,2,2,2,2,0,0
10,115,INC,1,-1,-1,0,0,-1,-1,-1,-1,-1,-1,-1,0,1
10,116,INC,1,-1,-1,0,0,-1,-1,-1,-1,-1,-1,-1,0,1
10,117,ZD,2,2,2,1,0,0,-1,2,2,2,2,2,0,0
10,118,ZD,2,2,2,1,0,0,0,1,1,1,1,1,0,0
10,119,ZD,2,2,2,1,0,0,-1,2,2,2,2,2,0,0
10,120,ZD,2,2,3,1,0,0,-1,3,3,3,3,3,0,0
10,121,ZD,2,2,3,1,0,0,-1,3,3,3,3,3,0,0
10,122,ZD,2,2,3,1,0,0,-1,3,3,3,3,3,0,0
10,123,ZD,2,2,3,1,0,0,-1,3,3,3,3,3,0,0
10,124,ZD,2,2,3,1,0,0,-1,3,3,3,3,3,0,0
10,125,ZD,2,2,3,1,0,0,-1,3,3,3,3,3,0,0
10,126,ZD,2,2,3,1,0,0,-1,3,3,3,3,3,0,0
10,127,ZD,2,2,3,1,0,0,-1,3,3,3,3,3,0,0
10,128,ZD,2,2,2,1,0,0,0,2,2,1,1,1,0,0
10,129,INC,1,-1,-1,0,0,-1,-1,-1,-1,-1,-1,-1,0,1
10,130,INC,1,-1,-1,0,0,-1,-1,-1,-1,-1,-1,-1,0,1
10,131,ZD,2,2,2,1,0,0,0,2,2,1,1,1,0,0
10,132,ZD,2,2,3,1,0,0,-1,3,3,3,3,3,0,0
10,133,ZD,2,2,3,1,0,0,-1,3,3,3,3,3,0,0
10,134,ZD,2,2,2,1,0,0,-1,2,2,2,2,2,0,0
10,135,ZD,2,2,2,1,0,0,0,1,1,1,1,1,0,0
10,136,ZD,2,2,2,1,0,0,0,1,1,1,1,1,0,0
10,137,ZD,2,2,2,1,0,0,-1,2,2,2,2,2,0,0
10,138,ZD,2,2,3,1,0,0,-1,3,3,3,3,3,0,0
10,139,ZD,2,2,3,1,0,0,-1,3,3,3,3,3,0,0
10,140,ZD,2,2,3,1,0,0,-1,3,3,3,3,3,0,0
10,141,ZD,2,2,3,1,0,0,-1,3,3,3,3,3,0,0
10,142,ZD,2,2,3,1,0,0,-1,3,3,3,3,3,0,0
10,143,ZD,2,2,3,1,0,0,-1,3,3,3,3,3,0,0
10,144,ZD,2,2,3,1,0,0,-1,3,3,3,3,3,0,0
10,145,ZD,2,2,3,1,0,0,-1,3,3,3,3,3,0,0
10,146,ZD,2,2,3,1,0,0,-1,3,3,3,3,3,0,0
10,147,ZD,2,2,3,1,0,0,-1,3,3,3,3,3,0,0
10,148,ZD,2,2,3,1,0,0,-1,3,3,3,3,3,0,0
10,149,ZD,2,2,3,1,0,0,-1,3,3,3,3,3,0,0
10,150,ZD,2,2,3,1,0,0,-1,3,3,3,3,3,0,0
10,151,ZD,2,2,3,1,0,0,-1,3,3,3,3,3,0,0
10,152,ZD,2,2,3,1,0,0,-1,3,3,3,3,3,0,0
10,153,ZD,2,2,3,1,0,0,-1,3,3,3,3,3,0,0
10,154,ZD,2,2,3,1,0,0,-1,3,3,3,3,3,0,0
10,155,ZD,2,2,3,1,0,0,-1,3,3,3,3,3,0,0
10,156,ZD,2,2,3,1,0,0,-1,4,4,4,4,4,0,0
10,157,ZD,2,2,3,1,0,0,-1,4,4,4,4,4,0,0
10,158,ZD,2,2,3,1,0,0,-1,4,4,4,4,4,0,0
10,159,ZD,2,2,3,1,0,0,-1,4,4,4,4,4,0,0
10,160,ZD,2,2,3,1,0,0,-1,4,4,4,4,4,0,0
10,161,ZD,2,2,3,1,0,0,-1,4,4,4,4,4,0,0
10,162,ZD,2,2,3,1,0,0,-1,4,4,4,4,4,0,0
10,163,ZD,2,2,3,1,0,0,-1,4,4,4,4,4,0,0
10,164,ZD,2,2,2,1,0,0,-1,3,3,2,2,2,0,0
10,165,ZD,2,2,2,1,0,0,-1,3,3,2,2,2,0,0
10,166,ZD,2,2,2,1,0,0,-1,3,3,2,2,2,0,0
10,167,ZD,2,2,2,1,0,0,-1,3,3,2,2,2,0,0
10,168,ZD,2,2,3,1,0,0,-1,4,4,4,4,4,0,0
10,169,ZD,2,2,3,1,0,0,-1,4,4,4,4,4,0,0
10,170,ZD,2,2,3,1,0,0,-1,4,4,4,4,4,0,0
10,171,ZD,2,2,3,1,0,0,-1,4,4,4,4,4,0,0
10,172,ZD,2,2,3,1,0,0,-1,4,4,4,4,4,0,0
10,173,ZD,2,2,3,1,0,0,-1,4,4,4,4,4,0,0
10,174,ZD,2,2,3,1,0,0,-1,4,4,4,4,4,0,0
10,175,ZD,2,2,3,1,0,0,-1,4,4,4,4,4,0,0
10,176,ZD,2,2,3,1,0,0,-1,4,4,4,4,4,0,0
10,177,ZD,2,2,3,1,0,0,-1,4,4,4,4,4,0,0
10,178,ZD,2,2,3,1,0,0,-1,4,4,4,4,4,0,0
10,179,ZD,2,2,3,1,0,0,-1,4,4,4,4,4,0,0
10,180,ZD,2,2,2,1,0,0,-1,2,2,2,2,2,0,0
10,181,ZD,2,2,2,1,0,0,-1,2,2,1,1,1,0,0
10,182,ZD,2,2,2,1,0,0,-1,2,2,1,1,1,0,0
10,183,ZD,2,2,2,1,0,0,-1,2,2,2,2,2,0,0
10,184,ZD,2,2,3,1,0,0,-1,3,3,3,3,3,0,0
10,185,ZD,2,2,3,1,0,0,-1,3,3,3,3,3,0,0
10,186,ZD,2,2,3,1,0,0,-1,3,3,1,1,1,0,0
10,187,ZD,2,2,3,1,0,0,-1,3,3,2,2,2,0,0
10,188,ZD,2,2,3,1,0,0,-1,3,3,2,2,2,0,0
10,189,ZD,2,2,3,1,0,0,-1,3,3,1,1,1,0,0
10,190,ZD,2,2,3,1,0,0,-1,3,3,3,3,3,0,0
10,191,ZD,2,2,3,1,0,0,-1,3,3,3,3,3,0,0
10,192,ZD,2,2,2,1,0,0,-1,2,2,2,2,2,0,0
10,193,ZD,2,2,2,1,0,0,0,1,1,1,1,1,0,0
10,194,ZD,2,2,2,1,0,0,0,1,1,1,1,1,0,0
10,195,ZD,2,2,2,1,0,0,-1,2,2,2,2,2,0,0
10,196,ZD,2,2,3,1,0,0,-1,3,3,3,3,3,0,0
10,197,ZD,2,2,3,1,0,0,-1,3,3,3,3,3,0,0
10,198,ZD,2,2,3,1,0,0,-1,3,3,3,3,3,0,0
10,199,ZD,2,2,3,1,0,0,-1,3,3,3,3,3,0,0
11,12,POS,1,1,1,0,0,-1,-1,-1,-1,-1,-1,-1,0,1
11,13,ZD,2,2,2,1,0,0,0,2,2,1,1,1,0,0
11,14,INC,1,-1,-1,0,0,-1,-1,-1,-1,-1,-1,-1,0,1
11,15,INC,1,-1,-1,0,0,-1,-1,-1,-1,-1,-1,-1,0,1
11,16,ZD,2,2,3,1,0,0,-1,3,3,3,3,3,0,0
11,17,ZD,2,2,3,1,0,0,-1,3,3,3,3,3,0,0
11,18,ZD,2,2,3,1,0,0,-1,3,3,3,3,3,0,0
11,19,ZD,2,2,3,1,0,0,-1,3,3,3,3,3,0,0
11,20,ZD,2,2,3,1,0,0,-1,3,3,3,3,3,0,0
11,21,ZD,2,2,3,1,0,0,-1,3,3,3,3,3,0,0
11,22,ZD,2,2,3,1,0,0,-1,3,3,3,3,3,0,0
11,23,ZD,2,2,3,1,0,0,-1,3,3,3,3,3,0,0
11,24,ZD,2,2,2,1,0,0,-1,2,2,2,2,2,0,0
11,25,ZD,2,2,2,1,0,0,-1,2,2,2,2,2,0,0
11,26,ZD,2,2,2,1,0,0,-1,2,2,2,2,2,0,0
11,27,ZD,2,2,2,1,0,0,-1,2,2,2,2,2,0,0
11,28,ZD,2,2,3,1,0,0,-1,3,3,3,3,3,0,0
11,29,ZD,2,2,3,1,0,0,-1,3,3,3,3,3,0,0
11,30,ZD,2,2,3,1,0,0,-1,3,3,3,3,3,0,0
11,31,ZD,2,2,3,1,0,0,-1,3,3,3,3,3,0,0
11,32,ZD,2,2,3,1,0,0,-1,3,3,3,3,3,0,0
11,33,ZD,2,2,3,1,0,0,-1,3,3,3,3,3,0,0
11,34,ZD,2,2,3,1,0,0,-1,3,3,3,3,3,0,0
11,35,ZD,2,2,3,1,0,0,-1,3,3,3,3,3,0,0
11,36,ZD,2,2,2,1,0,0,-1,3,3,2,2,2,0,0
11,37,ZD,2,2,2,1,0,0,0,3,3,1,1,1,0,0
11,38,ZD,2,2,2,1,0,0,-1,3,3,2,2,2,0,0
11,39,ZD,2,2,2,1,0,0,0,3,3,1,1,1,0,0
11,40,ZD,2,2,2,1,0,0,0,3,3,1,1,1,0,0
11,41,ZD,2,2,2,1,0,0,-1,3,3,2,2,2,0,0
11,42,ZD,2,2,2,1,0,0,0,3,3,1,1,1,0,0
11,43,ZD,2,2,2,1,0,0,-1,3,3,2,2,2,0,0
11,44,ZD,2,2,3,1,0,0,-1,4,4,4,4,4,0,0
11,45,ZD,2,2,3,1,0,0,-1,4,4,4,4,4,0,0
11,46,ZD,2,2,3,1,0,0,-1,4,4,4,4,4,0,0
11,47,ZD,2,2,3,1,0,0,-1,4,4,4,4,4,0,0
11,48,ZD,2,2,3,1,0,0,-1,4,4,4,4,4,0,0
11,49,ZD,2,2,3,1,0,0,-1,4,4,4,4,4,0,0
11,50,ZD,2,2,3,1,0,0,-1,4,4,4,4,4,0,0
11,51,ZD,2,2,3,1,0,0,-1,4,4,4,4,4,0,0
11,52,ZD,2,2,2,1,0,0,-1,2,2,2,2,2,0,0
11,53,ZD,2,2,2,1,0,0,-1,2,2,2,2,2,0,0
11,54,ZD,2,2,2,1,0,0,-1,2,2,2,2,2,0,0
11,55,ZD,2,2,2,1,0,0,-1,2,2,2,2,2,0,0
11,56,ZD,2,2,2,1,0,0,-1,2,2,2,2,2,0,0
11,57,ZD,2,2,2,1,0,0,-1,2,2,2,2,2,0,0
11,58,ZD,2,2,2,1,0,0,-1,2,2,2,2,2,0,0
11,59,ZD,2,2,2,1,0,0,-1,2,2,2,2,2,0,0
11,60,ZD,2,2,2,1,0,0,-1,2,2,2,2,2,0,0
11,61,ZD,2,2,2,1,0,0,-1,2,2,2,2,2,0,0
11,62,ZD,2,2,2,1,0,0,-1,2,2,2,2,2,0,0
11,63,ZD,2,2,2,1,0,0,-1,2,2,2,2,2,0,0
11,64,ZD,2,2,2,1,0,0,-1,2,2,2,2,2,0,0
11,65,ZD,2,2,2,1,0,0,-1,2,2,2,2,2,0,0
11,66,ZD,2,2,2,1,0,0,-1,2,2,2,2,2,0,0
11,67,ZD,2,2,2,1,0,0,-1,2,2,2,2,2,0,0
11,68,ZD,2,2,2,1,0,0,0,2,2,1,1,1,0,0
11,69,INC,1,-1,-1,0,0,-1,-1,-1,-1,-1,-1,-1,0,1
11,70,INC,1,-1,-1,0,0,-1,-1,-1,-1,-1,-1,-1,0,1
11,71,ZD,2,2,2,1,0,0,0,2,2,1,1,1,0,0
11,72,ZD,2,2,3,1,0,0,-1,3,3,3,3,3,0,0
11,73,ZD,2,2,3,1,0,0,-1,3,3,3,3,3,0,0
11,74,ZD,2,2,3,1,0,0,-1,3,3,3,3,3,0,0
11,75,ZD,2,2,3,1,0,0,-1,3,3,3,3,3,0,0
11,76,ZD,2,2,3,1,0,0,-1,3,3,3,3,3,0,0
11,77,ZD,2,2,3,1,0,0,-1,3,3,3,3,3,0,0
11,78,ZD,2,2,3,1,0,0,-1,3,3,3,3,3,0,0
11,79,ZD,2,2,3,1,0,0,-1,3,3,3,3,3,0,0
11,80,ZD,2,2,2,1,0,0,-1,2,2,2,2,2,0,0
11,81,ZD,2,2,2,1,0,0,0,1,1,1,1,1,0,0
11,82,ZD,2,2,2,1,0,0,0,1,1,1,1,1,0,0
11,83,ZD,2,2,2,1,0,0,-1,2,2,2,2,2,0,0
11,84,ZD,2,2,2,1,0,0,0,2,2,1,1,1,0,0
11,85,ZD,2,2,2,1,0,0,0,2,2,1,1,1,0,0
11,86,ZD,2,2,2,1,0,0,0,2,2,1,1,1,0,0
11,87,ZD,2,2,2,1,0,0,0,2,2,1,1,1,0,0
11,88,ZD,2,2,3,1,0,0,-1,3,3,3,3,3,0,0
11,89,ZD,2,2,3,1,0,0,-1,3,3,3,3,3,0,0
11,90,ZD,2,2,3,1,0,0,-1,3,3,3,3,3,0,0
11,91,ZD,2,2,3,1,0,0,-1,3,3,2,2,2,0,0
11,92,ZD,2,2,3,1,0,0,-1,3,3,2,2,2,0,0
11,93,ZD,2,2,3,1,0,0,-1,3,3,3,3,3,0,0
11,94,ZD,2,2,3,1,0,0,-1,3,3,3,3,3,0,0
11,95,ZD,2,2,3,1,0,0,-1,3,3,3,3,3,0,0
11,96,ZD,2,2,2,1,0,0,-1,3,3,2,2,2,0,0
11,97,ZD,2,2,2,1,0,0,-1,3,3,2,2,2,0,0
11,98,ZD,2,2,2,1,0,0,-1,3,3,2,2,2,0,0
11,99,ZD,2,2,2,1,0,0,-1,3,3,1,1,1,0,0
11,100,ZD,2,2,2,1,0,0,-1,3,3,1,1,1,0,0
11,101,ZD,2,2,2,1,0,0,-1,3,3,2,2,2,0,0
11,102,ZD,2,2,2,1,0,0,-1,3,3,2,2,2,0,0
11,103,ZD,2,2,2,1,0,0,-1,3,3,2,2,2,0,0
11,104,ZD,2,2,3,1,0,0,-1,4,4,4,4,4,0,0
11,105,ZD,2,2,3,1,0,0,-1,4,4,4,4,4,0,0
11,106,ZD,2,2,3,1,0,0,-1,4,4,4,4,4,0,0
11,107,ZD,2,2,3,1,0,0,-1,4,4,4,4,4,0,0
11,108,ZD,2,2,3,1,0,0,-1,4,4,4,4,4,0,0
11,109,ZD,2,2,3,1,0,0,-1,4,4,4,4,4,0,0
11,110,ZD,2,2,3,1,0,0,-1,4,4,4,4,4,0,0
11,111,ZD,2,2,3,1,0,0,-1,4,4,4,4,4,0,0
11,112,INC,1,-1,-1,0,0,-1,-1,-1,-1,-1,-1,-1,0,1
11,113,ZD,2,2,2,1,0,0,-1,2,2,2,2,2,0,0
11,114,ZD,2,2,2,1,0,0,0,1,1,1,1,1,0,0
11,115,ZD,2,2,2,1,0,0,-1,2,2,2,2,2,0,0
11,116,ZD,2,2,2,1,0,0,-1,2,2,2,2,2,0,0
11,117,ZD,2,2,2,1,0,0,0,1,1,1,1,1,0,0
11,118,ZD,2,2,2,1,0,0,-1,2,2,2,2,2,0,0
11,119,INC,1,-1,-1,0,0,-1,-1,-1,-1,-1,-1,-1,0,1
11,120,ZD,2,2,3,1,0,0,-1,3,3,3,3,3,0,0
11,121,ZD,2,2,3,1,0,0,-1,3,3,3,3,3,0,0
11,122,ZD,2,2,3,1,0,0,-1,3,3,3,3,3,0,0
11,123,ZD,2,2,3,1,0,0,-1,3,3,3,3,3,0,0
11,124,ZD,2,2,3,1,0,0,-1,3,3,3,3,3,0,0
11,125,ZD,2,2,3,1,0,0,-1,3,3,3,3,3,0,0
11,126,ZD,2,2,3,1,0,0,-1,3,3,3,3,3,0,0
11,127,ZD,2,2,3,1,0,0,-1,3,3,3,3,3,0,0
11,128,INC,1,-1,-1,0,0,-1,-1,-1,-1,-1,-1,-1,0,1
11,129,ZD,2,2,2,1,0,0,0,2,2,1,1,1,0,0
11,130,ZD,2,2,2,1,0,0,0,2,2,1,1,1,0,0
11,131,INC,1,-1,-1,0,0,-1,-1,-1,-1,-1,-1,-1,0,1
11,132,ZD,2,2,2,1,0,0,-1,2,2,2,2,2,0,0
11,133,ZD,2,2,2,1,0,0,0,1,1,1,1,1,0,0
11,134,ZD,2,2,3,1,0,0,-1,3,3,3,3,3,0,0
11,135,ZD,2,2,3,1,0,0,-1,3,3,3,3,3,0,0
11,136,ZD,2,2,3,1,0,0,-1,3,3,3,3,3,0,0
11,137,ZD,2,2,3,1,0,0,-1,3,3,3,3,3,0,0
11,138,ZD,2,2,2,1,0,0,0,1,1,1,1,1,0,0
11,139,ZD,2,2,2,1,0,0,-1,2,2,2,2,2,0,0
11,140,ZD,2,2,3,1,0,0,-1,3,3,3,3,3,0,0
11,141,ZD,2,2,3,1,0,0,-1,3,3,3,3,3,0,0
11,142,ZD,2,2,3,1,0,0,-1,3,3,3,3,3,0,0
11,143,ZD,2,2,3,1,0,0,-1,3,3,3,3,3,0,0
11,144,ZD,2,2,3,1,0,0,-1,3,3,3,3,3,0,0
11,145,ZD,2,2,3,1,0,0,-1,3,3,3,3,3,0,0
11,146,ZD,2,2,3,1,0,0,-1,3,3,3,3,3,0,0
11,147,ZD,2,2,3,1,0,0,-1,3,3,3,3,3,0,0
11,148,ZD,2,2,3,1,0,0,-1,3,3,3,3,3,0,0
11,149,ZD,2,2,3,1,0,0,-1,3,3,3,3,3,0,0
11,150,ZD,2,2,3,1,0,0,-1,3,3,3,3,3,0,0
11,151,ZD,2,2,3,1,0,0,-1,3,3,3,3,3,0,0
11,152,ZD,2,2,3,1,0,0,-1,3,3,3,3,3,0,0
11,153,ZD,2,2,3,1,0,0,-1,3,3,3,3,3,0,0
11,154,ZD,2,2,3,1,0,0,-1,3,3,3,3,3,0,0
11,155,ZD,2,2,3,1,0,0,-1,3,3,3,3,3,0,0
11,156,ZD,2,2,3,1,0,0,-1,4,4,4,4,4,0,0
11,157,ZD,2,2,3,1,0,0,-1,4,4,4,4,4,0,0
11,158,ZD,2,2,3,1,0,0,-1,4,4,4,4,4,0,0
11,159,ZD,2,2,3,1,0,0,-1,4,4,4,4,4,0,0
11,160,ZD,2,2,3,1,0,0,-1,4,4,4,4,4,0,0
11,161,ZD,2,2,3,1,0,0,-1,4,4,4,4,4,0,0
11,162,ZD,2,2,3,1,0,0,-1,4,4,4,4,4,0,0
11,163,ZD,2,2,3,1,0,0,-1,4,4,4,4,4,0,0
11,164,ZD,2,2,2,1,0,0,-1,3,3,2,2,2,0,0
11,165,ZD,2,2,2,1,0,0,-1,3,3,2,2,2,0,0
11,166,ZD,2,2,2,1,0,0,-1,3,3,2,2,2,0,0
11,167,ZD,2,2,2,1,0,0,-1,3,3,2,2,2,0,0
11,168,ZD,2,2,3,1,0,0,-1,4,4,4,4,4,0,0
11,169,ZD,2,2,3,1,0,0,-1,4,4,4,4,4,0,0
11,170,ZD,2,2,3,1,0,0,-1,4,4,4,4,4,0,0
11,171,ZD,2,2,3,1,0,0,-1,4,4,4,4,4,0,0
11,172,ZD,2,2,3,1,0,0,-1,4,4,4,4,4,0,0
11,173,ZD,2,2,3,1,0,0,-1,4,4,4,4,4,0,0
11,174,ZD,2,2,3,1,0,0,-1,4,4,4,4,4,0,0
11,175,ZD,2,2,3,1,0,0,-1,4,4,4,4,4,0,0
11,176,ZD,2,2,3,1,0,0,-1,4,4,4,4,4,0,0
11,177,ZD,2,2,3,1,0,0,-1,4,4,4,4,4,0,0
11,178,ZD,2,2,3,1,0,0,-1,4,4,4,4,4,0,0
11,179,ZD,2,2,3,1,0,0,-1,4,4,4,4,4,0,0
11,180,ZD,2,2,2,1,0,0,-1,2,2,2,2,2,0,0
11,181,ZD,2,2,2,1,0,0,-1,2,2,1,1,1,0,0
11,182,ZD,2,2,2,1,0,0,-1,2,2,1,1,1,0,0
11,183,ZD,2,2,2,1,0,0,-1,2,2,2,2,2,0,0
11,184,ZD,2,2,3,1,0,0,-1,3,3,3,3,3,0,0
11,185,ZD,2,2,3,1,0,0,-1,3,3,3,3,3,0,0
11,186,ZD,2,2,3,1,0,0,-1,3,3,2,2,2,0,0
11,187,ZD,2,2,3,1,0,0,-1,3,3,1,1,1,0,0
11,188,ZD,2,2,3,1,0,0,-1,3,3,1,1,1,0,0
11,189,ZD,2,2,3,1,0,0,-1,3,3,2,2,2,0,0
11,190,ZD,2,2,3,1,0,0,-1,3,3,3,3,3,0,0
11,191,ZD,2,2,3,1,0,0,-1,3,3,3,3,3,0,0
11,192,ZD,2,2,2,1,0,0,0,1,1,1,1,1,0,0
11,193,ZD,2,2,2,1,0,0,-1,2,2,2,2,2,0,0
11,194,ZD,2,2,2,1,0,0,-1,2,2,2,2,2,0,0
11,195,ZD,2,2,2,1,0,0,0,1,1,1,1,1,0,0
11,196,ZD,2,2,3,1,0,0,-1,3,3,3,3,3,0,0
11,197,ZD,2,2,3,1,0,0,-1,3,3,3,3,3,0,0
11,198,ZD,2,2,3,1,0,0,-1,3,3,3,3,3,0,0
11,199,ZD,2,2,3,1,0,0,-1,3,3,3,3,3,0,0
12,13,ZD,2,2,2,1,0,0,0,2,2,1,1,1,0,0
12,14,INC,1,-1,-1,0,0,-1,-1,-1,-1,-1,-1,-1,0,1
12,15,INC,1,-1,-1,0,0,-1,-1,-1,-1,-1,-1,-1,0,1
12,16,ZD,2,2,3,1,0,0,-1,3,3,3,3,3,0,0
12,17,ZD,2,2,3,1,0,0,-1,3,3,3,3,3,0,0
12,18,ZD,2,2,3,1,0,0,-1,3,3,3,3,3,0,0
12,19,ZD,2,2,3,1,0,0,-1,3,3,3,3,3,0,0
12,20,ZD,2,2,3,1,0,0,-1,3,3,3,3,3,0,0
12,21,ZD,2,2,3,1,0,0,-1,3,3,3,3,3,0,0
12,22,ZD,2,2,3,1,0,0,-1,3,3,3,3,3,0,0
12,23,ZD,2,2,3,1,0,0,-1,3,3,3,3,3,0,0
12,24,ZD,2,2,2,1,0,0,-1,2,2,2,2,2,0,0
12,25,ZD,2,2,2,1,0,0,-1,2,2,2,2,2,0,0
12,26,ZD,2,2,2,1,0,0,-1,2,2,2,2,2,0,0
12,27,ZD,2,2,2,1,0,0,-1,2,2,2,2,2,0,0
12,28,ZD,2,2,3,1,0,0,-1,3,3,3,3,3,0,0
12,29,ZD,2,2,3,1,0,0,-1,3,3,3,3,3,0,0
12,30,ZD,2,2,3,1,0,0,-1,3,3,3,3,3,0,0
12,31,ZD,2,2,3,1,0,0,-1,3,3,3,3,3,0,0
12,32,ZD,2,2,3,1,0,0,-1,3,3,3,3,3,0,0
12,33,ZD,2,2,3,1,0,0,-1,3,3,3,3,3,0,0
12,34,ZD,2,2,3,1,0,0,-1,3,3,3,3,3,0,0
12,35,ZD,2,2,3,1,0,0,-1,3,3,3,3,3,0,0
12,36,ZD,2,2,2,1,0,0,-1,3,3,2,2,2,0,0
12,37,ZD,2,2,2,1,0,0,0,3,3,1,1,1,0,0
12,38,ZD,2,2,2,1,0,0,-1,3,3,2,2,2,0,0
12,39,ZD,2,2,2,1,0,0,0,3,3,1,1,1,0,0
12,40,ZD,2,2,2,1,0,0,0,3,3,1,1,1,0,0
12,41,ZD,2,2,2,1,0,0,-1,3,3,2,2,2,0,0
12,42,ZD,2,2,2,1,0,0,0,3,3,1,1,1,0,0
12,43,ZD,2,2,2,1,0,0,-1,3,3,2,2,2,0,0
12,44,ZD,2,2,3,1,0,0,-1,4,4,4,4,4,0,0
12,45,ZD,2,2,3,1,0,0,-1,4,4,4,4,4,0,0
12,46,ZD,2,2,3,1,0,0,-1,4,4,4,4,4,0,0
12,47,ZD,2,2,3,1,0,0,-1,4,4,4,4,4,0,0
12,48,ZD,2,2,3,1,0,0,-1,4,4,4,4,4,0,0
12,49,ZD,2,2,3,1,0,0,-1,4,4,4,4,4,0,0
12,50,ZD,2,2,3,1,0,0,-1,4,4,4,4,4,0,0
12,51,ZD,2,2,3,1,0,0,-1,4,4,4,4,4,0,0
12,52,ZD,2,2,2,1,0,0,-1,2,2,2,2,2,0,0
12,53,ZD,2,2,2,1,0,0,-1,2,2,2,2,2,0,0
12,54,ZD,2,2,2,1,0,0,-1,2,2,2,2,2,0,0
12,55,ZD,2,2,2,1,0,0,-1,2,2,2,2,2,0,0
12,56,ZD,2,2,2,1,0,0,-1,2,2,2,2,2,0,0
12,57,ZD,2,2,2,1,0,0,-1,2,2,2,2,2,0,0
12,58,ZD,2,2,2,1,0,0,-1,2,2,2,2,2,0,0
12,59,ZD,2,2,2,1,0,0,-1,2,2,2,2,2,0,0
12,60,ZD,2,2,2,1,0,0,-1,2,2,2,2,2,0,0
12,61,ZD,2,2,2,1,0,0,-1,2,2,2,2,2,0,0
12,62,ZD,2,2,2,1,0,0,-1,2,2,2,2,2,0,0
12,63,ZD,2,2,2,1,0,0,-1,2,2,2,2,2,0,0
12,64,ZD,2,2,2,1,0,0,-1,2,2,2,2,2,0,0
12,65,ZD,2,2,2,1,0,0,-1,2,2,2,2,2,0,0
12,66,ZD,2,2,2,1,0,0,-1,2,2,2,2,2,0,0
12,67,ZD,2,2,2,1,0,0,-1,2,2,2,2,2,0,0
12,68,ZD,2,2,2,1,0,0,0,2,2,1,1,1,0,0
12,69,INC,1,-1,-1,0,0,-1,-1,-1,-1,-1,-1,-1,0,1
12,70,INC,1,-1,-1,0,0,-1,-1,-1,-1,-1,-1,-1,0,1
12,71,ZD,2,2,2,1,0,0,0,2,2,1,1,1,0,0
12,72,ZD,2,2,3,1,0,0,-1,3,3,3,3,3,0,0
12,73,ZD,2,2,3,1,0,0,-1,3,3,3,3,3,0,0
12,74,ZD,2,2,3,1,0,0,-1,3,3,3,3,3,0,0
12,75,ZD,2,2,3,1,0,0,-1,3,3,3,3,3,0,0
12,76,ZD,2,2,3,1,0,0,-1,3,3,3,3,3,0,0
12,77,ZD,2,2,3,1,0,0,-1,3,3,3,3,3,0,0
12,78,ZD,2,2,3,1,0,0,-1,3,3,3,3,3,0,0
12,79,ZD,2,2,3,1,0,0,-1,3,3,3,3,3,0,0
12,80,ZD,2,2,2,1,0,0,-1,2,2,2,2,2,0,0
12,81,ZD,2,2,2,1,0,0,0,1,1,1,1,1,0,0
12,82,ZD,2,2,2,1,0,0,0,1,1,1,1,1,0,0
12,83,ZD,2,2,2,1,0,0,-1,2,2,2,2,2,0,0
12,84,ZD,2,2,2,1,0,0,0,2,2,1,1,1,0,0
12,85,ZD,2,2,2,1,0,0,0,2,2,1,1,1,0,0
12,86,ZD,2,2,2,1,0,0,0,2,2,1,1,1,0,0
12,87,ZD,2,2,2,1,0,0,0,2,2,1,1,1,0,0
12,88,ZD,2,2,3,1,0,0,-1,3,3,3,3,3,0,0
12,89,ZD,2,2,3,1,0,0,-1,3,3,3,3,3,0,0
12,90,ZD,2,2,3,1,0,0,-1,3,3,3,3,3,0,0
12,91,ZD,2,2,3,1,0,0,-1,3,3,2,2,2,0,0
12,92,ZD,2,2,3,1,0,0,-1,3,3,2,2,2,0,0
12,93,ZD,2,2,3,1,0,0,-1,3,3,3,3,3,0,0
12,94,ZD,2,2,3,1,0,0,-1,3,3,3,3,3,0,0
12,95,ZD,2,2,3,1,0,0,-1,3,3,3,3,3,0,0
12,96,ZD,2,2,2,1,0,0,-1,3,3,2,2,2,0,0
12,97,ZD,2,2,2,1,0,0,-1,3,3,2,2,2,0,0
12,98,ZD,2,2,2,1,0,0,-1,3,3,2,2,2,0,0
12,99,ZD,2,2,2,1,0,0,-1,3,3,1,1,1,0,0
12,100,ZD,2,2,2,1,0,0,-1,3,3,1,1,1,0,0
12,101,ZD,2,2,2,1,0,0,-1,3,3,2,2,2,0,0
12,102,ZD,2,2,2,1,0,0,-1,3,3,2,2,2,0,0
12,103,ZD,2,2,2,1,0,0,-1,3,3,2,2,2,0,0
12,104,ZD,2,2,3,1,0,0,-1,4,4,4,4,4,0,0
12,105,ZD,2,2,3,1,0,0,-1,4,4,4,4,4,0,0
12,106,ZD,2,2,3,1,0,0,-1,4,4,4,4,4,0,0
12,107,ZD,2,2,3,1,0,0,-1,4,4,4,4,4,0,0
12,108,ZD,2,2,3,1,0,0,-1,4,4,4,4,4,0,0
12,109,ZD,2,2,3,1,0,0,-1,4,4,4,4,4,0,0
12,110,ZD,2,2,3,1,0,0,-1,4,4,4,4,4,0,0
12,111,ZD,2,2,3,1,0,0,-1,4,4,4,4,4,0,0
12,112,INC,1,-1,-1,0,0,-1,-1,-1,-1,-1,-1,-1,0,1
12,113,ZD,2,2,2,1,0,0,-1,2,2,2,2,2,0,0
12,114,ZD,2,2,2,1,0,0,0,1,1,1,1,1,0,0
12,115,ZD,2,2,2,1,0,0,-1,2,2,2,2,2,0,0
12,116,ZD,2,2,2,1,0,0,-1,2,2,2,2,2,0,0
12,117,ZD,2,2,2,1,0,0,0,1,1,1,1,1,0,0
12,118,ZD,2,2,2,1,0,0,-1,2,2,2,2,2,0,0
12,119,INC,1,-1,-1,0,0,-1,-1,-1,-1,-1,-1,-1,0,1
12,120,ZD,2,2,3,1,0,0,-1,3,3,3,3,3,0,0
12,121,ZD,2,2,3,1,0,0,-1,3,3,3,3,3,0,0
12,122,ZD,2,2,3,1,0,0,-1,3,3,3,3,3,0,0
12,123,ZD,2,2,3,1,0,0,-1,3,3,3,3,3,0,0
12,124,ZD,2,2,3,1,0,0,-1,3,3,3,3,3,0,0
12,125,ZD,2,2,3,1,0,0,-1,3,3,3,3,3,0,0
12,126,ZD,2,2,3,1,0,0,-1,3,3,3,3,3,0,0
12,127,ZD,2,2,3,1,0,0,-1,3,3,3,3,3,0,0
12,128,INC,1,-1,-1,0,0,-1,-1,-1,-1,-1,-1,-1,0,1
12,129,ZD,2,2,2,1,0,0,0,2,2,1,1,1,0,0
12,130,ZD,2,2,2,1,0,0,0,2,2,1,1,1,0,0
12,131,INC,1,-1,-1,0,0,-1,-1,-1,-1,-1,-1,-1,0,1
12,132,ZD,2,2,2,1,0,0,-1,2,2,2,2,2,0,0
12,133,ZD,2,2,2,1,0,0,0,1,1,1,1,1,0,0
12,134,ZD,2,2,3,1,0,0,-1,3,3,3,3,3,0,0
12,135,ZD,2,2,3,1,0,0,-1,3,3,3,3,3,0,0
12,136,ZD,2,2,3,1,0,0,-1,3,3,3,3,3,0,0
12,137,ZD,2,2,3,1,0,0,-1,3,3,3,3,3,0,0
12,138,ZD,2,2,2,1,0,0,0,1,1,1,1,1,0,0
12,139,ZD,2,2,2,1,0,0,-1,2,2,2,2,2,0,0
12,140,ZD,2,2,3,1,0,0,-1,3,3,3,3,3,0,0
12,141,ZD,2,2,3,1,0,0,-1,3,3,3,3,3,0,0
12,142,ZD,2,2,3,1,0,0,-1,3,3,3,3,3,0,0
12,143,ZD,2,2,3,1,0,0,-1,3,3,3,3,3,0,0
12,144,ZD,2,2,3,1,0,0,-1,3,3,3,3,3,0,0
12,145,ZD,2,2,3,1,0,0,-1,3,3,3,3,3,0,0
12,146,ZD,2,2,3,1,0,0,-1,3,3,3,3,3,0,0
12,147,ZD,2,2,3,1,0,0,-1,3,3,3,3,3,0,0
12,148,ZD,2,2,3,1,0,0,-1,3,3,3,3,3,0,0
12,149,ZD,2,2,3,1,0,0,-1,3,3,3,3,3,0,0
12,150,ZD,2,2,3,1,0,0,-1,3,3,3,3,3,0,0
12,151,ZD,2,2,3,1,0,0,-1,3,3,3,3,3,0,0
12,152,ZD,2,2,3,1,0,0,-1,3,3,3,3,3,0,0
12,153,ZD,2,2,3,1,0,0,-1,3,3,3,3,3,0,0
12,154,ZD,2,2,3,1,0,0,-1,3,3,3,3,3,0,0
12,155,ZD,2,2,3,1,0,0,-1,3,3,3,3,3,0,0
12,156,ZD,2,2,3,1,0,0,-1,4,4,4,4,4,0,0
12,157,ZD,2,2,3,1,0,0,-1,4,4,4,4,4,0,0
12,158,ZD,2,2,3,1,0,0,-1,4,4,4,4,4,0,0
12,159,ZD,2,2,3,1,0,0,-1,4,4,4,4,4,0,0
12,160,ZD,2,2,3,1,0,0,-1,4,4,4,4,4,0,0
12,161,ZD,2,2,3,1,0,0,-1,4,4,4,4,4,0,0
12,162,ZD,2,2,3,1,0,0,-1,4,4,4,4,4,0,0
12,163,ZD,2,2,3,1,0,0,-1,4,4,4,4,4,0,0
12,164,ZD,2,2,2,1,0,0,-1,3,3,2,2,2,0,0
12,165,ZD,2,2,2,1,0,0,-1,3,3,2,2,2,0,0
12,166,ZD,2,2,2,1,0,0,-1,3,3,2,2,2,0,0
12,167,ZD,2,2,2,1,0,0,-1,3,3,2,2,2,0,0
12,168,ZD,2,2,3,1,0,0,-1,4,4,4,4,4,0,0
12,169,ZD,2,2,3,1,0,0,-1,4,4,4,4,4,0,0
12,170,ZD,2,2,3,1,0,0,-1,4,4,4,4,4,0,0
12,171,ZD,2,2,3,1,0,0,-1,4,4,4,4,4,0,0
12,172,ZD,2,2,3,1,0,0,-1,4,4,4,4,4,0,0
12,173,ZD,2,2,3,1,0,0,-1,4,4,4,4,4,0,0
12,174,ZD,2,2,3,1,0,0,-1,4,4,4,4,4,0,0
12,175,ZD,2,2,3,1,0,0,-1,4,4,4,4,4,0,0
12,176,ZD,2,2,3,1,0,0,-1,4,4,4,4,4,0,0
12,177,ZD,2,2,3,1,0,0,-1,4,4,4,4,4,0,0
12,178,ZD,2,2,3,1,0,0,-1,4,4,4,4,4,0,0
12,179,ZD,2,2,3,1,0,0,-1,4,4,4,4,4,0,0
12,180,ZD,2,2,2,1,0,0,-1,2,2,2,2,2,0,0
12,181,ZD,2,2,2,1,0,0,-1,2,2,1,1,1,0,0
12,182,ZD,2,2,2,1,0,0,-1,2,2,1,1,1,0,0
12,183,ZD,2,2,2,1,0,0,-1,2,2,2,2,2,0,0
12,184,ZD,2,2,3,1,0,0,-1,3,3,3,3,3,0,0
12,185,ZD,2,2,3,1,0,0,-1,3,3,3,3,3,0,0
12,186,ZD,2,2,3,1,0,0,-1,3,3,2,2,2,0,0
12,187,ZD,2,2,3,1,0,0,-1,3,3,1,1,1,0,0
12,188,ZD,2,2,3,1,0,0,-1,3,3,1,1,1,0,0
12,189,ZD,2,2,3,1,0,0,-1,3,3,2,2,2,0,0
12,190,ZD,2,2,3,1,0,0,-1,3,3,3,3,3,0,0
12,191,ZD,2,2,3,1,0,0,-1,3,3,3,3,3,0,0
12,192,ZD,2,2,2,1,0,0,0,1,1,1,1,1,0,0
12,193,ZD,2,2,2,1,0,0,-1,2,2,2,2,2,0,0
12,194,ZD,2,2,2,1,0,0,-1,2,2,2,2,2,0,0
12,195,ZD,2,2,2,1,0,0,0,1,1,1,1,1,0,0
12,196,ZD,2,2,3,1,0,0,-1,3,3,3,3,3,0,0
12,197,ZD,2,2,3,1,0,0,-1,3,3,3,3,3,0,0
12,198,ZD,2,2,3,1,0,0,-1,3,3,3,3,3,0,0
12,199,ZD,2,2,3,1,0,0,-1,3,3,3,3,3,0,0
13,14,INC,1,-1,-1,0,0,-1,-1,-1,-1,-1,-1,-1,0,1
13,15,INC,1,-1,-1,0,0,-1,-1,-1,-1,-1,-1,-1,0,1
13,16,ZD,2,2,3,1,0,0,-1,3,3,3,3,3,0,0
13,17,ZD,2,2,3,1,0,0,-1,3,3,3,3,3,0,0
13,18,ZD,2,2,3,1,0,0,-1,3,3,3,3,3,0,0
13,19,ZD,2,2,3,1,0,0,-1,3,3,3,3,3,0,0
13,20,ZD,2,2,3,1,0,0,-1,3,3,3,3,3,0,0
13,21,ZD,2,2,3,1,0,0,-1,3,3,3,3,3,0,0
13,22,ZD,2,2,3,1,0,0,-1,3,3,3,3,3,0,0
13,23,ZD,2,2,3,1,0,0,-1,3,3,3,3,3,0,0
13,24,ZD,2,2,2,1,0,0,-1,2,2,2,2,2,0,0
13,25,ZD,2,2,2,1,0,0,-1,2,2,2,2,2,0,0
13,26,ZD,2,2,2,1,0,0,-1,2,2,2,2,2,0,0
13,27,ZD,2,2,2,1,0,0,-1,2,2,2,2,2,0,0
13,28,ZD,2,2,3,1,0,0,-1,3,3,3,3,3,0,0
13,29,ZD,2,2,3,1,0,0,-1,3,3,3,3,3,0,0
13,30,ZD,2,2,3,1,0,0,-1,3,3,3,3,3,0,0
13,31,ZD,2,2,3,1,0,0,-1,3,3,3,3,3,0,0
13,32,ZD,2,2,3,1,0,0,-1,3,3,3,3,3,0,0
13,33,ZD,2,2,3,1,0,0,-1,3,3,3,3,3,0,0
13,34,ZD,2,2,3,1,0,0,-1,3,3,3,3,3,0,0
13,35,ZD,2,2,3,1,0,0,-1,3,3,3,3,3,0,0
13,36,ZD,2,2,2,1,0,0,0,3,3,1,1,1,0,0
13,37,ZD,2,2,2,1,0,0,-1,3,3,2,2,2,0,0
13,38,ZD,2,2,2,1,0,0,0,3,3,1,1,1,0,0
13,39,ZD,2,2,2,1,0,0,-1,3,3,2,2,2,0,0
13,40,ZD,2,2,2,1,0,0,-1,3,3,2,2,2,0,0
13,41,ZD,2,2,2,1,0,0,0,3,3,1,1,1,0,0
13,42,ZD,2,2,2,1,0,0,-1,3,3,2,2,2,0,0
13,43,ZD,2,2,2,1,0,0,0,3,3,1,1,1,0,0
13,44,ZD,2,2,3,1,0,0,-1,4,4,4,4,4,0,0
13,45,ZD,2,2,3,1,0,0,-1,4,4,4,4,4,0,0
13,46,ZD,2,2,3,1,0,0,-1,4,4,4,4,4,0,0
13,47,ZD,2,2,3,1,0,0,-1,4,4,4,4,4,0,0
13,48,ZD,2,2,3,1,0,0,-1,4,4,4,4,4,0,0
13,49,ZD,2,2,3,1,0,0,-1,4,4,4,4,4,0,0
13,50,ZD,2,2,3,1,0,0,-1,4,4,4,4,4,0,0
13,51,ZD,2,2,3,1,0,0,-1,4,4,4,4,4,0,0
13,52,ZD,2,2,2,1,0,0,-1,2,2,2,2,2,0,0
13,53,ZD,2,2,2,1,0,0,-1,2,2,2,2,2,0,0
13,54,ZD,2,2,2,1,0,0,-1,2,2,2,2,2,0,0
13,55,ZD,2,2,2,1,0,0,-1,2,2,2,2,2,0,0
13,56,ZD,2,2,2,1,0,0,-1,2,2,2,2,2,0,0
13,57,ZD,2,2,2,1,0,0,-1,2,2,2,2,2,0,0
13,58,ZD,2,2,2,1,0,0,-1,2,2,2,2,2,0,0
13,59,ZD,2,2,2,1,0,0,-1,2,2,2,2,2,0,0
13,60,ZD,2,2,2,1,0,0,-1,2,2,2,2,2,0,0
13,61,ZD,2,2,2,1,0,0,-1,2,2,2,2,2,0,0
13,62,ZD,2,2,2,1,0,0,-1,2,2,2,2,2,0,0
13,63,ZD,2,2,2,1,0,0,-1,2,2,2,2,2,0,0
13,64,ZD,2,2,2,1,0,0,-1,2,2,2,2,2,0,0
13,65,ZD,2,2,2,1,0,0,-1,2,2,2,2,2,0,0
13,66,ZD,2,2,2,1,0,0,-1,2,2,2,2,2,0,0
13,67,ZD,2,2,2,1,0,0,-1,2,2,2,2,2,0,0
13,68,INC,1,-1,-1,0,0,-1,-1,-1,-1,-1,-1,-1,0,1
13,69,ZD,2,2,2,1,0,0,0,2,2,1,1,1,0,0
13,70,ZD,2,2,2,1,0,0,0,2,2,1,1,1,0,0
13,71,INC,1,-1,-1,0,0,-1,-1,-1,-1,-1,-1,-1,0,1
13,72,ZD,2,2,3,1,0,0,-1,3,3,3,3,3,0,0
13,73,ZD,2,2,3,1,0,0,-1,3,3,3,3,3,0,0
13,74,ZD,2,2,3,1,0,0,-1,3,3,3,3,3,0,0
13,75,ZD,2,2,3,1,0,0,-1,3,3,3,3,3,0,0
13,76,ZD,2,2,3,1,0,0,-1,3,3,3,3,3,0,0
13,77,ZD,2,2,3,1,0,0,-1,3,3,3,3,3,0,0
13,78,ZD,2,2,3,1,0,0,-1,3,3,3,3,3,0,0
13,79,ZD,2,2,3,1,0,0,-1,3,3,3,3,3,0,0
13,80,ZD,2,2,2,1,0,0,-1,2,2,2,2,2,0,0
13,81,ZD,2,2,2,1,0,0,0,1,1,1,1,1,0,0
13,82,ZD,2,2,2,1,0,0,0,1,1,1,1,1,0,0
13,83,ZD,2,2,2,1,0,0,-1,2,2,2,2,2,0,0
13,84,ZD,2,2,2,1,0,0,0,2,2,1,1,1,0,0
13,85,ZD,2,2,2,1,0,0,0,2,2,1,1,1,0,0
13,86,ZD,2,2,2,1,0,0,0,2,2,1,1,1,0,0
13,87,ZD,2,2,2,1,0,0,0,2,2,1,1,1,0,0
13,88,ZD,2,2,3,1,0,0,-1,3,3,3,3,3,0,0
13,89,ZD,2,2,3,1,0,0,-1,3,3,3,3,3,0,0
13,90,ZD,2,2,3,1,0,0,-1,3,3,2,2,2,0,0
13,91,ZD,2,2,3,1,0,0,-1,3,3,3,3,3,0,0
13,92,ZD,2,2,3,1,0,0,-1,3,3,3,3,3,0,0
13,93,ZD,2,2,3,1,0,0,-1,3,3,2,2,2,0,0
13,94,ZD,2,2,3,1,0,0,-1,3,3,3,3,3,0,0
13,95,ZD,2,2,3,1,0,0,-1,3,3,3,3,3,0,0
13,96,ZD,2,2,2,1,0,0,-1,3,3,2,2,2,0,0
13,97,ZD,2,2,2,1,0,0,-1,3,3,2,2,2,0,0
13,98,ZD,2,2,2,1,0,0,-1,3,3,1,1,1,0,0
13,99,ZD,2,2,2,1,0,0,-1,3,3,2,2,2,0,0
13,100,ZD,2,2,2,1,0,0,-1,3,3,2,2,2,0,0
13,101,ZD,2,2,2,1,0,0,-1,3,3,1,1,1,0,0
13,102,ZD,2,2,2,1,0,0,-1,3,3,2,2,2,0,0
13,103,ZD,2,2,2,1,0,0,-1,3,3,2,2,2,0,0
13,104,ZD,2,2,3,1,0,0,-1,4,4,4,4,4,0,0
13,105,ZD,2,2,3,1,0,0,-1,4,4,4,4,4,0,0
13,106,ZD,2,2,3,1,0,0,-1,4,4,4,4,4,0,0
13,107,ZD,2,2,3,1,0,0,-1,4,4,4,4,4,0,0
13,108,ZD,2,2,3,1,0,0,-1,4,4,4,4,4,0,0
13,109,ZD,2,2,3,1,0,0,-1,4,4,4,4,4,0,0
13,110,ZD,2,2,3,1,0,0,-1,4,4,4,4,4,0,0
13,111,ZD,2,2,3,1,0,0,-1,4,4,4,4,4,0,0
13,112,ZD,2,2,2,1,0,0,-1,2,2,2,2,2,0,0
13,113,ZD,2,2,2,1,0,0,0,1,1,1,1,1,0,0
13,114,ZD,2,2,2,1,0,0,-1,2,2,2,2,2,0,0
13,115,INC,1,-1,-1,0,0,-1,-1,-1,-1,-1,-1,-1,0,1
13,116,INC,1,-1,-1,0,0,-1,-1,-1,-1,-1,-1,-1,0,1
13,117,ZD,2,2,2,1,0,0,-1,2,2,2,2,2,0,0
13,118,ZD,2,2,2,1,0,0,0,1,1,1,1,1,0,0
13,119,ZD,2,2,2,1,0,0,-1,2,2,2,2,2,0,0
13,120,ZD,2,2,3,1,0,0,-1,3,3,3,3,3,0,0
13,121,ZD,2,2,3,1,0,0,-1,3,3,3,3,3,0,0
13,122,ZD,2,2,3,1,0,0,-1,3,3,3,3,3,0,0
13,123,ZD,2,2,3,1,0,0,-1,3,3,3,3,3,0,0
13,124,ZD,2,2,3,1,0,0,-1,3,3,3,3,3,0,0
13,125,ZD,2,2,3,1,0,0,-1,3,3,3,3,3,0,0
13,126,ZD,2,2,3,1,0,0,-1,3,3,3,3,3,0,0
13,127,ZD,2,2,3,1,0,0,-1,3,3,3,3,3,0,0
13,128,ZD,2,2,2,1,0,0,0,2,2,1,1,1,0,0
13,129,INC,1,-1,-1,0,0,-1,-1,-1,-1,-1,-1,-1,0,1
13,130,INC,1,-1,-1,0,0,-1,-1,-1,-1,-1,-1,-1,0,1
13,131,ZD,2,2,2,1,0,0,0,2,2,1,1,1,0,0
13,132,ZD,2,2,3,1,0,0,-1,3,3,3,3,3,0,0
13,133,ZD,2,2,3,1,0,0,-1,3,3,3,3,3,0,0
13,134,ZD,2,2,2,1,0,0,-1,2,2,2,2,2,0,0
13,135,ZD,2,2,2,1,0,0,0,1,1,1,1,1,0,0
13,136,ZD,2,2,2,1,0,0,0,1,1,1,1,1,0,0
13,137,ZD,2,2,2,1,0,0,-1,2,2,2,2,2,0,0
13,138,ZD,2,2,3,1,0,0,-1,3,3,3,3,3,0,0
13,139,ZD,2,2,3,1,0,0,-1,3,3,3,3,3,0,0
13,140,ZD,2,2,3,1,0,0,-1,3,3,3,3,3,0,0
13,141,ZD,2,2,3,1,0,0,-1,3,3,3,3,3,0,0
13,142,ZD,2,2,3,1,0,0,-1,3,3,3,3,3,0,0
13,143,ZD,2,2,3,1,0,0,-1,3,3,3,3,3,0,0
13,144,ZD,2,2,3,1,0,0,-1,3,3,3,3,3,0,0
13,145,ZD,2,2,3,1,0,0,-1,3,3,3,3,3,0,0
13,146,ZD,2,2,3,1,0,0,-1,3,3,3,3,3,0,0
13,147,ZD,2,2,3,1,0,0,-1,3,3,3,3,3,0,0
13,148,ZD,2,2,3,1,0,0,-1,3,3,3,3,3,0,0
13,149,ZD,2,2,3,1,0,0,-1,3,3,3,3,3,0,0
13,150,ZD,2,2,3,1,0,0,-1,3,3,3,3,3,0,0
13,151,ZD,2,2,3,1,0,0,-1,3,3,3,3,3,0,0
13,152,ZD,2,2,3,1,0,0,-1,3,3,3,3,3,0,0
13,153,ZD,2,2,3,1,0,0,-1,3,3,3,3,3,0,0
13,154,ZD,2,2,3,1,0,0,-1,3,3,3,3,3,0,0
13,155,ZD,2,2,3,1,0,0,-1,3,3,3,3,3,0,0
13,156,ZD,2,2,3,1,0,0,-1,4,4,4,4,4,0,0
13,157,ZD,2,2,3,1,0,0,-1,4,4,4,4,4,0,0
13,158,ZD,2,2,3,1,0,0,-1,4,4,4,4,4,0,0
13,159,ZD,2,2,3,1,0,0,-1,4,4,4,4,4,0,0
13,160,ZD,2,2,3,1,0,0,-1,4,4,4,4,4,0,0
13,161,ZD,2,2,3,1,0,0,-1,4,4,4,4,4,0,0
13,162,ZD,2,2,3,1,0,0,-1,4,4,4,4,4,0,0
13,163,ZD,2,2,3,1,0,0,-1,4,4,4,4,4,0,0
13,164,ZD,2,2,2,1,0,0,-1,3,3,2,2,2,0,0
13,165,ZD,2,2,2,1,0,0,-1,3,3,2,2,2,0,0
13,166,ZD,2,2,2,1,0,0,-1,3,3,2,2,2,0,0
13,167,ZD,2,2,2,1,0,0,-1,3,3,2,2,2,0,0
13,168,ZD,2,2,3,1,0,0,-1,4,4,4,4,4,0,0
13,169,ZD,2,2,3,1,0,0,-1,4,4,4,4,4,0,0
13,170,ZD,2,2,3,1,0,0,-1,4,4,4,4,4,0,0
13,171,ZD,2,2,3,1,0,0,-1,4,4,4,4,4,0,0
13,172,ZD,2,2,3,1,0,0,-1,4,4,4,4,4,0,0
13,173,ZD,2,2,3,1,0,0,-1,4,4,4,4,4,0,0
13,174,ZD,2,2,3,1,0,0,-1,4,4,4,4,4,0,0
13,175,ZD,2,2,3,1,0,0,-1,4,4,4,4,4,0,0
13,176,ZD,2,2,3,1,0,0,-1,4,4,4,4,4,0,0
13,177,ZD,2,2,3,1,0,0,-1,4,4,4,4,4,0,0
13,178,ZD,2,2,3,1,0,0,-1,4,4,4,4,4,0,0
13,179,ZD,2,2,3,1,0,0,-1,4,4,4,4,4,0,0
13,180,ZD,2,2,2,1,0,0,-1,2,2,2,2,2,0,0
13,181,ZD,2,2,2,1,0,0,-1,2,2,1,1,1,0,0
13,182,ZD,2,2,2,1,0,0,-1,2,2,1,1,1,0,0
13,183,ZD,2,2,2,1,0,0,-1,2,2,2,2,2,0,0
13,184,ZD,2,2,3,1,0,0,-1,3,3,3,3,3,0,0
13,185,ZD,2,2,3,1,0,0,-1,3,3,3,3,3,0,0
13,186,ZD,2,2,3,1,0,0,-1,3,3,1,1,1,0,0
13,187,ZD,2,2,3,1,0,0,-1,3,3,2,2,2,0,0
13,188,ZD,2,2,3,1,0,0,-1,3,3,2,2,2,0,0
13,189,ZD,2,2,3,1,0,0,-1,3,3,1,1,1,0,0
13,190,ZD,2,2,3,1,0,0,-1,3,3,3,3,3,0,0
13,191,ZD,2,2,3,1,0,0,-1,3,3,3,3,3,0,0
13,192,ZD,2,2,2,1,0,0,-1,2,2,2,2,2,0,0
13,193,ZD,2,2,2,1,0,0,0,1,1,1,1,1,0,0
13,194,ZD,2,2,2,1,0,0,0,1,1,1,1,1,0,0
13,195,ZD,2,2,2,1,0,0,-1,2,2,2,2,2,0,0
13,196,ZD,2,2,3,1,0,0,-1,3,3,3,3,3,0,0
13,197,ZD,2,2,3,1,0,0,-1,3,3,3,3,3,0,0
13,198,ZD,2,2,3,1,0,0,-1,3,3,3,3,3,0,0
13,199,ZD,2,2,3,1,0,0,-1,3,3,3,3,3,0,0
14,15,ZD,2,2,2,1,0,0,0,2,2,1,1,1,0,0
14,16,ZD,2,2,3,1,0,0,-1,3,3,3,3,3,0,0
14,17,ZD,2,2,3,1,0,0,-1,3,3,3,3,3,0,0
14,18,ZD,2,2,3,1,0,0,-1,3,3,3,3,3,0,0
14,19,ZD,2,2,3,1,0,0,-1,3,3,3,3,3,0,0
14,20,ZD,2,2,3,1,0,0,-1,3,3,3,3,3,0,0
14,21,ZD,2,2,3,1,0,0,-1,3,3,3,3,3,0,0
14,22,ZD,2,2,3,1,0,0,-1,3,3,3,3,3,0,0
14,23,ZD,2,2,3,1,0,0,-1,3,3,3,3,3,0,0
14,24,ZD,2,2,2,1,0,0,-1,2,2,2,2,2,0,0
14,25,ZD,2,2,2,1,0,0,-1,2,2,2,2,2,0,0
14,26,ZD,2,2,2,1,0,0,-1,2,2,2,2,2,0,0
14,27,ZD,2,2,2,1,0,0,-1,2,2,2,2,2,0,0
14,28,ZD,2,2,3,1,0,0,-1,3,3,3,3,3,0,0
14,29,ZD,2,2,3,1,0,0,-1,3,3,3,3,3,0,0
14,30,ZD,2,2,3,1,0,0,-1,3,3,3,3,3,0,0
14,31,ZD,2,2,3,1,0,0,-1,3,3,3,3,3,0,0
14,32,ZD,2,2,3,1,0,0,-1,3,3,3,3,3,0,0
14,33,ZD,2,2,3,1,0,0,-1,3,3,3,3,3,0,0
14,34,ZD,2,2,3,1,0,0,-1,3,3,3,3,3,0,0
14,35,ZD,2,2,3,1,0,0,-1,3,3,3,3,3,0,0
14,36,ZD,2,2,2,1,0,0,-1,3,3,2,2,2,0,0
14,37,ZD,2,2,2,1,0,0,0,3,3,1,1,1,0,0
14,38,ZD,2,2,2,1,0,0,-1,3,3,2,2,2,0,0
14,39,ZD,2,2,2,1,0,0,0,3,3,1,1,1,0,0
14,40,ZD,2,2,2,1,0,0,0,3,3,1,1,1,0,0
14,41,ZD,2,2,2,1,0,0,-1,3,3,2,2,2,0,0
14,42,ZD,2,2,2,1,0,0,0,3,3,1,1,1,0,0
14,43,ZD,2,2,2,1,0,0,-1,3,3,2,2,2,0,0
14,44,ZD,2,2,3,1,0,0,-1,4,4,4,4,4,0,0
14,45,ZD,2,2,3,1,0,0,-1,4,4,4,4,4,0,0
14,46,ZD,2,2,3,1,0,0,-1,4,4,4,4,4,0,0
14,47,ZD,2,2,3,1,0,0,-1,4,4,4,4,4,0,0
14,48,ZD,2,2,3,1,0,0,-1,4,4,4,4,4,0,0
14,49,ZD,2,2,3,1,0,0,-1,4,4,4,4,4,0,0
14,50,ZD,2,2,3,1,0,0,-1,4,4,4,4,4,0,0
14,51,ZD,2,2,3,1,0,0,-1,4,4,4,4,4,0,0
14,52,ZD,2,2,2,1,0,0,-1,2,2,2,2,2,0,0
14,53,ZD,2,2,2,1,0,0,-1,2,2,2,2,2,0,0
14,54,ZD,2,2,2,1,0,0,-1,2,2,2,2,2,0,0
14,55,ZD,2,2,2,1,0,0,-1,2,2,2,2,2,0,0
14,56,ZD,2,2,2,1,0,0,-1,2,2,2,2,2,0,0
14,57,ZD,2,2,2,1,0,0,-1,2,2,2,2,2,0,0
14,58,ZD,2,2,2,1,0,0,-1,2,2,2,2,2,0,0
14,59,ZD,2,2,2,1,0,0,-1,2,2,2,2,2,0,0
14,60,ZD,2,2,2,1,0,0,-1,2,2,2,2,2,0,0
14,61,ZD,2,2,2,1,0,0,-1,2,2,2,2,2,0,0
14,62,ZD,2,2,2,1,0,0,-1,2,2,2,2,2,0,0
14,63,ZD,2,2,2,1,0,0,-1,2,2,2,2,2,0,0
14,64,ZD,2,2,2,1,0,0,-1,2,2,2,2,2,0,0
14,65,ZD,2,2,2,1,0,0,-1,2,2,2,2,2,0,0
14,66,ZD,2,2,2,1,0,0,-1,2,2,2,2,2,0,0
14,67,ZD,2,2,2,1,0,0,-1,2,2,2,2,2,0,0
14,68,ZD,2,2,2,1,0,0,0,2,2,1,1,1,0,0
14,69,INC,1,-1,-1,0,0,-1,-1,-1,-1,-1,-1,-1,0,1
14,70,INC,1,-1,-1,0,0,-1,-1,-1,-1,-1,-1,-1,0,1
14,71,ZD,2,2,2,1,0,0,0,2,2,1,1,1,0,0
14,72,ZD,2,2,3,1,0,0,-1,3,3,3,3,3,0,0
14,73,ZD,2,2,3,1,0,0,-1,3,3,3,3,3,0,0
14,74,ZD,2,2,3,1,0,0,-1,3,3,3,3,3,0,0
14,75,ZD,2,2,3,1,0,0,-1,3,3,3,3,3,0,0
14,76,ZD,2,2,3,1,0,0,-1,3,3,3,3,3,0,0
14,77,ZD,2,2,3,1,0,0,-1,3,3,3,3,3,0,0
14,78,ZD,2,2,3,1,0,0,-1,3,3,3,3,3,0,0
14,79,ZD,2,2,3,1,0,0,-1,3,3,3,3,3,0,0
14,80,ZD,2,2,2,1,0,0,-1,2,2,2,2,2,0,0
14,81,ZD,2,2,2,1,0,0,0,1,1,1,1,1,0,0
14,82,ZD,2,2,2,1,0,0,0,1,1,1,1,1,0,0
14,83,ZD,2,2,2,1,0,0,-1,2,2,2,2,2,0,0
14,84,ZD,2,2,2,1,0,0,0,2,2,1,1,1,0,0
14,85,ZD,2,2,2,1,0,0,0,2,2,1,1,1,0,0
14,86,ZD,2,2,2,1,0,0,0,2,2,1,1,1,0,0
14,87,ZD,2,2,2,1,0,0,0,2,2,1,1,1,0,0
14,88,ZD,2,2,3,1,0,0,-1,3,3,3,3,3,0,0
14,89,ZD,2,2,3,1,0,0,-1,3,3,2,2,2,0,0
14,90,ZD,2,2,3,1,0,0,-1,3,3,3,3,3,0,0
14,91,ZD,2,2,3,1,0,0,-1,3,3,3,3,3,0,0
14,92,ZD,2,2,3,1,0,0,-1,3,3,3,3,3,0,0
14,93,ZD,2,2,3,1,0,0,-1,3,3,3,3,3,0,0
14,94,ZD,2,2,3,1,0,0,-1,3,3,2,2,2,0,0
14,95,ZD,2,2,3,1,0,0,-1,3,3,3,3,3,0,0
14,96,ZD,2,2,2,1,0,0,-1,3,3,1,1,1,0,0
14,97,ZD,2,2,2,1,0,0,-1,3,3,2,2,2,0,0
14,98,ZD,2,2,2,1,0,0,-1,3,3,2,2,2,0,0
14,99,ZD,2,2,2,1,0,0,-1,3,3,2,2,2,0,0
14,100,ZD,2,2,2,1,0,0,-1,3,3,2,2,2,0,0
14,101,ZD,2,2,2,1,0,0,-1,3,3,2,2,2,0,0
14,102,ZD,2,2,2,1,0,0,-1,3,3,2,2,2,0,0
14,103,ZD,2,2,2,1,0,0,-1,3,3,1,1,1,0,0
14,104,ZD,2,2,3,1,0,0,-1,4,4,4,4,4,0,0
14,105,ZD,2,2,3,1,0,0,-1,4,4,4,4,4,0,0
14,106,ZD,2,2,3,1,0,0,-1,4,4,4,4,4,0,0
14,107,ZD,2,2,3,1,0,0,-1,4,4,4,4,4,0,0
14,108,ZD,2,2,3,1,0,0,-1,4,4,4,4,4,0,0
14,109,ZD,2,2,3,1,0,0,-1,4,4,4,4,4,0,0
14,110,ZD,2,2,3,1,0,0,-1,4,4,4,4,4,0,0
14,111,ZD,2,2,3,1,0,0,-1,4,4,4,4,4,0,0
14,112,ZD,2,2,2,1,0,0,-1,2,2,2,2,2,0,0
14,113,INC,1,-1,-1,0,0,-1,-1,-1,-1,-1,-1,-1,0,1
14,114,ZD,2,2,2,1,0,0,-1,2,2,2,2,2,0,0
14,115,ZD,2,2,2,1,0,0,0,1,1,1,1,1,0,0
14,116,ZD,2,2,2,1,0,0,0,1,1,1,1,1,0,0
14,117,ZD,2,2,2,1,0,0,-1,2,2,2,2,2,0,0
14,118,INC,1,-1,-1,0,0,-1,-1,-1,-1,-1,-1,-1,0,1
14,119,ZD,2,2,2,1,0,0,-1,2,2,2,2,2,0,0
14,120,ZD,2,2,3,1,0,0,-1,3,3,3,3,3,0,0
14,121,ZD,2,2,3,1,0,0,-1,3,3,3,3,3,0,0
14,122,ZD,2,2,3,1,0,0,-1,3,3,3,3,3,0,0
14,123,ZD,2,2,3,1,0,0,-1,3,3,3,3,3,0,0
14,124,ZD,2,2,3,1,0,0,-1,3,3,3,3,3,0,0
14,125,ZD,2,2,3,1,0,0,-1,3,3,3,3,3,0,0
14,126,ZD,2,2,3,1,0,0,-1,3,3,3,3,3,0,0
14,127,ZD,2,2,3,1,0,0,-1,3,3,3,3,3,0,0
14,128,ZD,2,2,2,1,0,0,0,2,2,1,1,1,0,0
14,129,INC,1,-1,-1,0,0,-1,-1,-1,-1,-1,-1,-1,0,1
14,130,INC,1,-1,-1,0,0,-1,-1,-1,-1,-1,-1,-1,0,1
14,131,ZD,2,2,2,1,0,0,0,2,2,1,1,1,0,0
14,132,ZD,2,2,3,1,0,0,-1,3,3,3,3,3,0,0
14,133,ZD,2,2,3,1,0,0,-1,3,3,3,3,3,0,0
14,134,ZD,2,2,2,1,0,0,0,1,1,1,1,1,0,0
14,135,ZD,2,2,2,1,0,0,-1,2,2,2,2,2,0,0
14,136,ZD,2,2,2,1,0,0,-1,2,2,2,2,2,0,0
14,137,ZD,2,2,2,1,0,0,0,1,1,1,1,1,0,0
14,138,ZD,2,2,3,1,0,0,-1,3,3,3,3,3,0,0
14,139,ZD,2,2,3,1,0,0,-1,3,3,3,3,3,0,0
14,140,ZD,2,2,3,1,0,0,-1,3,3,3,3,3,0,0
14,141,ZD,2,2,3,1,0,0,-1,3,3,3,3,3,0,0
14,142,ZD,2,2,3,1,0,0,-1,3,3,3,3,3,0,0
14,143,ZD,2,2,3,1,0,0,-1,3,3,3,3,3,0,0
14,144,ZD,2,2,3,1,0,0,-1,3,3,3,3,3,0,0
14,145,ZD,2,2,3,1,0,0,-1,3,3,3,3,3,0,0
14,146,ZD,2,2,3,1,0,0,-1,3,3,3,3,3,0,0
14,147,ZD,2,2,3,1,0,0,-1,3,3,3,3,3,0,0
14,148,ZD,2,2,3,1,0,0,-1,3,3,3,3,3,0,0
14,149,ZD,2,2,3,1,0,0,-1,3,3,3,3,3,0,0
14,150,ZD,2,2,3,1,0,0,-1,3,3,3,3,3,0,0
14,151,ZD,2,2,3,1,0,0,-1,3,3,3,3,3,0,0
14,152,ZD,2,2,3,1,0,0,-1,3,3,3,3,3,0,0
14,153,ZD,2,2,3,1,0,0,-1,3,3,3,3,3,0,0
14,154,ZD,2,2,3,1,0,0,-1,3,3,3,3,3,0,0
14,155,ZD,2,2,3,1,0,0,-1,3,3,3,3,3,0,0
14,156,ZD,2,2,3,1,0,0,-1,4,4,4,4,4,0,0
14,157,ZD,2,2,3,1,0,0,-1,4,4,4,4,4,0,0
14,158,ZD,2,2,3,1,0,0,-1,4,4,4,4,4,0,0
14,159,ZD,2,2,3,1,0,0,-1,4,4,4,4,4,0,0
14,160,ZD,2,2,3,1,0,0,-1,4,4,4,4,4,0,0
14,161,ZD,2,2,3,1,0,0,-1,4,4,4,4,4,0,0
14,162,ZD,2,2,3,1,0,0,-1,4,4,4,4,4,0,0
14,163,ZD,2,2,3,1,0,0,-1,4,4,4,4,4,0,0
14,164,ZD,2,2,2,1,0,0,-1,3,3,2,2,2,0,0
14,165,ZD,2,2,2,1,0,0,-1,3,3,2,2,2,0,0
14,166,ZD,2,2,2,1,0,0,-1,3,3,2,2,2,0,0
14,167,ZD,2,2,2,1,0,0,-1,3,3,2,2,2,0,0
14,168,ZD,2,2,3,1,0,0,-1,4,4,4,4,4,0,0
14,169,ZD,2,2,3,1,0,0,-1,4,4,4,4,4,0,0
14,170,ZD,2,2,3,1,0,0,-1,4,4,4,4,4,0,0
14,171,ZD,2,2,3,1,0,0,-1,4,4,4,4,4,0,0
14,172,ZD,2,2,3,1,0,0,-1,4,4,4,4,4,0,0
14,173,ZD,2,2,3,1,0,0,-1,4,4,4,4,4,0,0
14,174,ZD,2,2,3,1,0,0,-1,4,4,4,4,4,0,0
14,175,ZD,2,2,3,1,0,0,-1,4,4,4,4,4,0,0
14,176,ZD,2,2,3,1,0,0,-1,4,4,4,4,4,0,0
14,177,ZD,2,2,3,1,0,0,-1,4,4,4,4,4,0,0
14,178,ZD,2,2,3,1,0,0,-1,4,4,4,4,4,0,0
14,179,ZD,2,2,3,1,0,0,-1,4,4,4,4,4,0,0
14,180,ZD,2,2,2,1,0,0,-1,2,2,1,1,1,0,0
14,181,ZD,2,2,2,1,0,0,-1,2,2,2,2,2,0,0
14,182,ZD,2,2,2,1,0,0,-1,2,2,2,2,2,0,0
14,183,ZD,2,2,2,1,0,0,-1,2,2,1,1,1,0,0
14,184,ZD,2,2,3,1,0,0,-1,3,3,1,1,1,0,0
14,185,ZD,2,2,3,1,0,0,-1,3,3,2,2,2,0,0
14,186,ZD,2,2,3,1,0,0,-1,3,3,3,3,3,0,0
14,187,ZD,2,2,3,1,0,0,-1,3,3,3,3,3,0,0
14,188,ZD,2,2,3,1,0,0,-1,3,3,3,3,3,0,0
14,189,ZD,2,2,3,1,0,0,-1,3,3,3,3,3,0,0
14,190,ZD,2,2,3,1,0,0,-1,3,3,2,2,2,0,0
14,191,ZD,2,2,3,1,0,0,-1,3,3,1,1,1,0,0
14,192,ZD,2,2,2,1,0,0,-1,2,2,2,2,2,0,0
14,193,ZD,2,2,2,1,0,0,0,1,1,1,1,1,0,0
14,194,ZD,2,2,2,1,0,0,0,1,1,1,1,1,0,0
14,195,ZD,2,2,2,1,0,0,-1,2,2,2,2,2,0,0
14,196,ZD,2,2,3,1,0,0,-1,3,3,3,3,3,0,0
14,197,ZD,2,2,3,1,0,0,-1,3,3,3,3,3,0,0
14,198,ZD,2,2,3,1,0,0,-1,3,3,3,3,3,0,0
14,199,ZD,2,2,3,1,0,0,-1,3,3,3,3,3,0,0
15,16,ZD,2,2,3,1,0,0,-1,3,3,3,3,3,0,0
15,17,ZD,2,2,3,1,0,0,-1,3,3,3,3,3,0,0
15,18,ZD,2,2,3,1,0,0,-1,3,3,3,3,3,0,0
15,19,ZD,2,2,3,1,0,0,-1,3,3,3,3,3,0,0
15,20,ZD,2,2,3,1,0,0,-1,3,3,3,3,3,0,0
15,21,ZD,2,2,3,1,0,0,-1,3,3,3,3,3,0,0
15,22,ZD,2,2,3,1,0,0,-1,3,3,3,3,3,0,0
15,23,ZD,2,2,3,1,0,0,-1,3,3,3,3,3,0,0
15,24,ZD,2,2,2,1,0,0,-1,2,2,2,2,2,0,0
15,25,ZD,2,2,2,1,0,0,-1,2,2,2,2,2,0,0
15,26,ZD,2,2,2,1,0,0,-1,2,2,2,2,2,0,0
15,27,ZD,2,2,2,1,0,0,-1,2,2,2,2,2,0,0
15,28,ZD,2,2,3,1,0,0,-1,3,3,3,3,3,0,0
15,29,ZD,2,2,3,1,0,0,-1,3,3,3,3,3,0,0
15,30,ZD,2,2,3,1,0,0,-1,3,3,3,3,3,0,0
15,31,ZD,2,2,3,1,0,0,-1,3,3,3,3,3,0,0
15,32,ZD,2,2,3,1,0,0,-1,3,3,3,3,3,0,0
15,33,ZD,2,2,3,1,0,0,-1,3,3,3,3,3,0,0
15,34,ZD,2,2,3,1,0,0,-1,3,3,3,3,3,0,0
15,35,ZD,2,2,3,1,0,0,-1,3,3,3,3,3,0,0
15,36,ZD,2,2,2,1,0,0,0,3,3,1,1,1,0,0
15,37,ZD,2,2,2,1,0,0,-1,3,3,2,2,2,0,0
15,38,ZD,2,2,2,1,0,0,0,3,3,1,1,1,0,0
15,39,ZD,2,2,2,1,0,0,-1,3,3,2,2,2,0,0
15,40,ZD,2,2,2,1,0,0,-1,3,3,2,2,2,0,0
15,41,ZD,2,2,2,1,0,0,0,3,3,1,1,1,0,0
15,42,ZD,2,2,2,1,0,0,-1,3,3,2,2,2,0,0
15,43,ZD,2,2,2,1,0,0,0,3,3,1,1,1,0,0
15,44,ZD,2,2,3,1,0,0,-1,4,4,4,4,4,0,0
15,45,ZD,2,2,3,1,0,0,-1,4,4,4,4,4,0,0
15,46,ZD,2,2,3,1,0,0,-1,4,4,4,4,4,0,0
15,47,ZD,2,2,3,1,0,0,-1,4,4,4,4,4,0,0
15,48,ZD,2,2,3,1,0,0,-1,4,4,4,4,4,0,0
15,49,ZD,2,2,3,1,0,0,-1,4,4,4,4,4,0,0
15,50,ZD,2,2,3,1,0,0,-1,4,4,4,4,4,0,0
15,51,ZD,2,2,3,1,0,0,-1,4,4,4,4,4,0,0
15,52,ZD,2,2,2,1,0,0,-1,2,2,2,2,2,0,0
15,53,ZD,2,2,2,1,0,0,-1,2,2,2,2,2,0,0
15,54,ZD,2,2,2,1,0,0,-1,2,2,2,2,2,0,0
15,55,ZD,2,2,2,1,0,0,-1,2,2,2,2,2,0,0
15,56,ZD,2,2,2,1,0,0,-1,2,2,2,2,2,0,0
15,57,ZD,2,2,2,1,0,0,-1,2,2,2,2,2,0,0
15,58,ZD,2,2,2,1,0,0,-1,2,2,2,2,2,0,0
15,59,ZD,2,2,2,1,0,0,-1,2,2,2,2,2,0,0
15,60,ZD,2,2,2,1,0,0,-1,2,2,2,2,2,0,0
15,61,ZD,2,2,2,1,0,0,-1,2,2,2,2,2,0,0
15,62,ZD,2,2,2,1,0,0,-1,2,2,2,2,2,0,0
15,63,ZD,2,2,2,1,0,0,-1,2,2,2,2,2,0,0
15,64,ZD,2,2,2,1,0,0,-1,2,2,2,2,2,0,0
15,65,ZD,2,2,2,1,0,0,-1,2,2,2,2,2,0,0
15,66,ZD,2,2,2,1,0,0,-1,2,2,2,2,2,0,0
15,67,ZD,2,2,2,1,0,0,-1,2,2,2,2,2,0,0
15,68,INC,1,-1,-1,0,0,-1,-1,-1,-1,-1,-1,-1,0,1
15,69,ZD,2,2,2,1,0,0,0,2,2,1,1,1,0,0
15,70,ZD,2,2,2,1,0,0,0,2,2,1,1,1,0,0
15,71,INC,1,-1,-1,0,0,-1,-1,-1,-1,-1,-1,-1,0,1
15,72,ZD,2,2,3,1,0,0,-1,3,3,3,3,3,0,0
15,73,ZD,2,2,3,1,0,0,-1,3,3,3,3,3,0,0
15,74,ZD,2,2,3,1,0,0,-1,3,3,3,3,3,0,0
15,75,ZD,2,2,3,1,0,0,-1,3,3,3,3,3,0,0
15,76,ZD,2,2,3,1,0,0,-1,3,3,3,3,3,0,0
15,77,ZD,2,2,3,1,0,0,-1,3,3,3,3,3,0,0
15,78,ZD,2,2,3,1,0,0,-1,3,3,3,3,3,0,0
15,79,ZD,2,2,3,1,0,0,-1,3,3,3,3,3,0,0
15,80,ZD,2,2,2,1,0,0,-1,2,2,2,2,2,0,0
15,81,ZD,2,2,2,1,0,0,0,1,1,1,1,1,0,0
15,82,ZD,2,2,2,1,0,0,0,1,1,1,1,1,0,0
15,83,ZD,2,2,2,1,0,0,-1,2,2,2,2,2,0,0
15,84,ZD,2,2,2,1,0,0,0,2,2,1,1,1,0,0
15,85,ZD,2,2,2,1,0,0,0,2,2,1,1,1,0,0
15,86,ZD,2,2,2,1,0,0,0,2,2,1,1,1,0,0
15,87,ZD,2,2,2,1,0,0,0,2,2,1,1,1,0,0
15,88,ZD,2,2,3,1,0,0,-1,3,3,2,2,2,0,0
15,89,ZD,2,2,3,1,0,0,-1,3,3,3,3,3,0,0
15,90,ZD,2,2,3,1,0,0,-1,3,3,3,3,3,0,0
15,91,ZD,2,2,3,1,0,0,-1,3,3,3,3,3,0,0
15,92,ZD,2,2,3,1,0,0,-1,3,3,3,3,3,0,0
15,93,ZD,2,2,3,1,0,0,-1,3,3,3,3,3,0,0
15,94,ZD,2,2,3,1,0,0,-1,3,3,3,3,3,0,0
15,95,ZD,2,2,3,1,0,0,-1,3,3,2,2,2,0,0
15,96,ZD,2,2,2,1,0,0,-1,3,3,2,2,2,0,0
15,97,ZD,2,2,2,1,0,0,-1,3,3,1,1,1,0,0
15,98,ZD,2,2,2,1,0,0,-1,3,3,2,2,2,0,0
15,99,ZD,2,2,2,1,0,0,-1,3,3,2,2,2,0,0
15,100,ZD,2,2,2,1,0,0,-1,3,3,2,2,2,0,0
15,101,ZD,2,2,2,1,0,0,-1,3,3,2,2,2,0,0
15,102,ZD,2,2,2,1,0,0,-1,3,3,1,1,1,0,0
15,103,ZD,2,2,2,1,0,0,-1,3,3,2,2,2,0,0
15,104,ZD,2,2,3,1,0,0,-1,4,4,4,4,4,0,0
15,105,ZD,2,2,3,1,0,0,-1,4,4,4,4,4,0,0
15,106,ZD,2,2,3,1,0,0,-1,4,4,4,4,4,0,0
15,107,ZD,2,2,3,1,0,0,-1,4,4,4,4,4,0,0
15,108,ZD,2,2,3,1,0,0,-1,4,4,4,4,4,0,0
15,109,ZD,2,2,3,1,0,0,-1,4,4,4,4,4,0,0
15,110,ZD,2,2,3,1,0,0,-1,4,4,4,4,4,0,0
15,111,ZD,2,2,3,1,0,0,-1,4,4,4,4,4,0,0
15,112,ZD,2,2,2,1,0,0,0,1,1,1,1,1,0,0
15,113,ZD,2,2,2,1,0,0,-1,2,2,2,2,2,0,0
15,114,INC,1,-1,-1,0,0,-1,-1,-1,-1,-1,-1,-1,0,1
15,115,ZD,2,2,2,1,0,0,-1,2,2,2,2,2,0,0
15,116,ZD,2,2,2,1,0,0,-1,2,2,2,2,2,0,0
15,117,INC,1,-1,-1,0,0,-1,-1,-1,-1,-1,-1,-1,0,1
15,118,ZD,2,2,2,1,0,0,-1,2,2,2,2,2,0,0
15,119,ZD,2,2,2,1,0,0,0,1,1,1,1,1,0,0
15,120,ZD,2,2,3,1,0,0,-1,3,3,3,3,3,0,0
15,121,ZD,2,2,3,1,0,0,-1,3,3,3,3,3,0,0
15,122,ZD,2,2,3,1,0,0,-1,3,3,3,3,3,0,0
15,123,ZD,2,2,3,1,0,0,-1,3,3,3,3,3,0,0
15,124,ZD,2,2,3,1,0,0,-1,3,3,3,3,3,0,0
15,125,ZD,2,2,3,1,0,0,-1,3,3,3,3,3,0,0
15,126,ZD,2,2,3,1,0,0,-1,3,3,3,3,3,0,0
15,127,ZD,2,2,3,1,0,0,-1,3,3,3,3,3,0,0
15,128,INC,1,-1,-1,0,0,-1,-1,-1,-1,-1,-1,-1,0,1
15,129,ZD,2,2,2,1,0,0,0,2,2,1,1,1,0,0
15,130,ZD,2,2,2,1,0,0,0,2,2,1,1,1,0,0
15,131,INC,1,-1,-1,0,0,-1,-1,-1,-1,-1,-1,-1,0,1
15,132,ZD,2,2,2,1,0,0,0,1,1,1,1,1,0,0
15,133,ZD,2,2,2,1,0,0,-1,2,2,2,2,2,0,0
15,134,ZD,2,2,3,1,0,0,-1,3,3,3,3,3,0,0
15,135,ZD,2,2,3,1,0,0,-1,3,3,3,3,3,0,0
15,136,ZD,2,2,3,1,0,0,-1,3,3,3,3,3,0,0
15,137,ZD,2,2,3,1,0,0,-1,3,3,3,3,3,0,0
15,138,ZD,2,2,2,1,0,0,-1,2,2,2,2,2,0,0
15,139,ZD,2,2,2,1,0,0,0,1,1,1,1,1,0,0
15,140,ZD,2,2,3,1,0,0,-1,3,3,3,3,3,0,0
15,141,ZD,2,2,3,1,0,0,-1,3,3,3,3,3,0,0
15,142,ZD,2,2,3,1,0,0,-1,3,3,3,3,3,0,0
15,143,ZD,2,2,3,1,0,0,-1,3,3,3,3,3,0,0
15,144,ZD,2,2,3,1,0,0,-1,3,3,3,3,3,0,0
15,145,ZD,2,2,3,1,0,0,-1,3,3,3,3,3,0,0
15,146,ZD,2,2,3,1,0,0,-1,3,3,3,3,3,0,0
15,147,ZD,2,2,3,1,0,0,-1,3,3,3,3,3,0,0
15,148,ZD,2,2,3,1,0,0,-1,3,3,3,3,3,0,0
15,149,ZD,2,2,3,1,0,0,-1,3,3,3,3,3,0,0
15,150,ZD,2,2,3,1,0,0,-1,3,3,3,3,3,0,0
15,151,ZD,2,2,3,1,0,0,-1,3,3,3,3,3,0,0
15,152,ZD,2,2,3,1,0,0,-1,3,3,3,3,3,0,0
15,153,ZD,2,2,3,1,0,0,-1,3,3,3,3,3,0,0
15,154,ZD,2,2,3,1,0,0,-1,3,3,3,3,3,0,0
15,155,ZD,2,2,3,1,0,0,-1,3,3,3,3,3,0,0
15,156,ZD,2,2,3,1,0,0,-1,4,4,4,4,4,0,0
15,157,ZD,2,2,3,1,0,0,-1,4,4,4,4,4,0,0
15,158,ZD,2,2,3,1,0,0,-1,4,4,4,4,4,0,0
15,159,ZD,2,2,3,1,0,0,-1,4,4,4,4,4,0,0
15,160,ZD,2,2,3,1,0,0,-1,4,4,4,4,4,0,0
15,161,ZD,2,2,3,1,0,0,-1,4,4,4,4,4,0,0
15,162,ZD,2,2,3,1,0,0,-1,4,4,4,4,4,0,0
15,163,ZD,2,2,3,1,0,0,-1,4,4,4,4,4,0,0
15,164,ZD,2,2,2,1,0,0,-1,3,3,2,2,2,0,0
15,165,ZD,2,2,2,1,0,0,-1,3,3,2,2,2,0,0
15,166,ZD,2,2,2,1,0,0,-1,3,3,2,2,2,0,0
15,167,ZD,2,2,2,1,0,0,-1,3,3,2,2,2,0,0
15,168,ZD,2,2,3,1,0,0,-1,4,4,4,4,4,0,0
15,169,ZD,2,2,3,1,0,0,-1,4,4,4,4,4,0,0
15,170,ZD,2,2,3,1,0,0,-1,4,4,4,4,4,0,0
15,171,ZD,2,2,3,1,0,0,-1,4,4,4,4,4,0,0
15,172,ZD,2,2,3,1,0,0,-1,4,4,4,4,4,0,0
15,173,ZD,2,2,3,1,0,0,-1,4,4,4,4,4,0,0
15,174,ZD,2,2,3,1,0,0,-1,4,4,4,4,4,0,0
15,175,ZD,2,2,3,1,0,0,-1,4,4,4,4,4,0,0
15,176,ZD,2,2,3,1,0,0,-1,4,4,4,4,4,0,0
15,177,ZD,2,2,3,1,0,0,-1,4,4,4,4,4,0,0
15,178,ZD,2,2,3,1,0,0,-1,4,4,4,4,4,0,0
15,179,ZD,2,2,3,1,0,0,-1,4,4,4,4,4,0,0
15,180,ZD,2,2,2,1,0,0,-1,2,2,1,1,1,0,0
15,181,ZD,2,2,2,1,0,0,-1,2,2,2,2,2,0,0
15,182,ZD,2,2,2,1,0,0,-1,2,2,2,2,2,0,0
15,183,ZD,2,2,2,1,0,0,-1,2,2,1,1,1,0,0
15,184,ZD,2,2,3,1,0,0,-1,3,3,2,2,2,0,0
15,185,ZD,2,2,3,1,0,0,-1,3,3,1,1,1,0,0
15,186,ZD,2,2,3,1,0,0,-1,3,3,3,3,3,0,0
15,187,ZD,2,2,3,1,0,0,-1,3,3,3,3,3,0,0
15,188,ZD,2,2,3,1,0,0,-1,3,3,3,3,3,0,0
15,189,ZD,2,2,3,1,0,0,-1,3,3,3,3,3,0,0
15,190,ZD,2,2,3,1,0,0,-1,3,3,1,1,1,0,0
15,191,ZD,2,2,3,1,0,0,-1,3,3,2,2,2,0,0
15,192,ZD,2,2,2,1,0,0,0,1,1,1,1,1,0,0
15,193,ZD,2,2,2,1,0,0,-1,2,2,2,2,2,0,0
15,194,ZD,2,2,2,1,0,0,-1,2,2,2,2,2,0,0
15,195,ZD,2,2,2,1,0,0,0,1,1,1,1,1,0,0
15,196,ZD,2,2,3,1,0,0,-1,3,3,3,3,3,0,0
15,197,ZD,2,2,3,1,0,0,-1,3,3,3,3,3,0,0
15,198,ZD,2,2,3,1,0,0,-1,3,3,3,3,3,0,0
15,199,ZD,2,2,3,1,0,0,-1,3,3,3,3,3,0,0
16,17,ZD,2,2,2,0,0,0,0,2,2,2,1,2,1,0
16,18,ZD,2,2,2,0,0,0,0,2,2,2,2,2,1,0
16,19,INC,1,-1,-1,0,0,-1,-1,-1,-1,-1,-1,-1,0,1
16,20,INC,1,-1,-1,0,0,-1,-1,-1,-1,-1,-1,-1,0,1
16,21,ZD,2,2,2,0,0,0,0,2,2,2,2,2,1,0
16,22,ZD,2,2,2,0,0,0,0,2,2,2,1,2,1,0
16,23,POS,1,1,1,0,0,-1,-1,-1,-1,-1,-1,-1,0,1
16,24,ZD,2,2,2,0,0,0,-1,4,4,4,4,4,1,0
16,25,ZD,2,2,2,0,0,0,-1,4,4,4,3,4,1,0
16,26,ZD,2,2,2,0,0,0,-1,4,4,4,3,4,1,0
16,27,ZD,2,2,2,0,0,0,-1,4,4,4,4,4,1,0
16,28,ZD,2,2,2,1,0,0,-1,4,4,4,4,4,0,0
16,29,ZD,2,2,2,1,0,0,-1,4,4,4,4,4,0,0
16,30,ZD,2,2,2,1,0,0,-1,4,4,4,4,4,0,0
16,31,ZD,2,2,2,1,0,0,-1,4,4,4,4,4,0,0
16,32,ZD,2,2,2,1,0,0,-1,4,4,4,4,4,0,0
16,33,ZD,2,2,2,1,0,0,-1,4,4,4,4,4,0,0
16,34,ZD,2,2,2,1,0,0,-1,4,4,4,4,4,0,0
16,35,ZD,2,2,2,1,0,0,-1,4,4,4,4,4,0,0
16,36,ZD,2,2,3,1,0,0,-1,4,4,4,4,4,0,0
16,37,ZD,2,2,3,1,0,0,-1,4,4,4,4,4,0,0
16,38,ZD,2,2,3,1,0,0,-1,4,4,4,4,4,0,0
16,39,ZD,2,2,3,1,0,0,-1,4,4,4,4,4,0,0
16,40,ZD,2,2,3,1,0,0,-1,4,4,4,4,4,0,0
16,41,ZD,2,2,3,1,0,0,-1,4,4,4,4,4,0,0
16,42,ZD,2,2,3,1,0,0,-1,4,4,4,4,4,0,0
16,43,ZD,2,2,3,1,0,0,-1,4,4,4,4,4,0,0
16,44,ZD,2,2,2,0,0,0,-1,4,4,4,4,4,1,0
16,45,ZD,2,2,2,0,0,0,-1,4,4,4,4,4,1,0
16,46,ZD,2,2,2,0,0,0,-1,4,4,4,3,4,1,0
16,47,ZD,2,2,2,0,0,0,-1,4,4,4,3,4,1,0
16,48,ZD,2,2,2,0,0,0,-1,4,4,4,3,4,1,0
16,49,ZD,2,2,2,0,0,0,-1,4,4,4,3,4,1,0
16,50,ZD,2,2,2,0,0,0,-1,4,4,4,4,4,1,0
16,51,ZD,2,2,2,0,0,0,-1,4,4,4,4,4,1,0
16,52,ZD,2,2,3,1,0,0,-1,3,3,3,3,3,0,0
16,53,ZD,2,2,3,1,0,0,-1,3,3,3,3,3,0,0
16,54,ZD,2,2,3,1,0,0,-1,3,3,3,3,3,0,0
16,55,ZD,2,2,3,1,0,0,-1,3,3,3,3,3,0,0
16,56,ZD,2,2,3,1,0,0,-1,3,3,3,3,3,0,0
16,57,ZD,2,2,3,1,0,0,-1,3,3,3,3,3,0,0
16,58,ZD,2,2,3,1,0,0,-1,3,3,3,3,3,0,0
16,59,ZD,2,2,3,1,0,0,-1,3,3,3,3,3,0,0
16,60,ZD,2,2,2,1,0,0,-1,2,2,2,2,2,0,0
16,61,ZD,2,2,2,1,0,0,-1,2,2,2,2,2,0,0
16,62,ZD,2,2,2,1,0,0,-1,2,2,2,2,2,0,0
16,63,ZD,2,2,2,1,0,0,-1,2,2,2,2,2,0,0
16,64,ZD,2,2,2,1,0,0,-1,2,2,2,2,2,0,0
16,65,ZD,2,2,2,1,0,0,-1,2,2,2,2,2,0,0
16,66,ZD,2,2,2,1,0,0,-1,2,2,2,2,2,0,0
16,67,ZD,2,2,2,1,0,0,-1,2,2,2,2,2,0,0
16,68,ZD,2,2,3,1,0,0,-1,3,3,3,3,3,0,0
16,69,ZD,2,2,3,1,0,0,-1,3,3,3,3,3,0,0
16,70,ZD,2,2,3,1,0,0,-1,3,3,3,3,3,0,0
16,71,ZD,2,2,3,1,0,0,-1,3,3,3,3,3,0,0
16,72,ZD,3,2,3,0,0,0,-1,3,3,3,3,3,1,0
16,73,ZD,2,2,3,1,0,0,-1,3,3,3,3,3,0,0
16,74,ZD,3,2,3,0,0,0,-1,3,3,3,3,3,1,0
16,75,ZD,2,2,3,1,0,0,-1,3,3,3,3,3,0,0
16,76,ZD,2,2,3,1,0,0,-1,3,3,3,3,3,0,0
16,77,ZD,3,2,3,0,0,0,-1,3,3,3,3,3,1,0
16,78,ZD,2,2,3,1,0,0,-1,3,3,3,3,3,0,0
16,79,ZD,3,2,3,0,0,0,-1,3,3,3,3,3,1,0
16,80,ZD,2,2,2,0,0,0,0,2,2,2,2,2,1,0
16,81,ZD,2,2,2,0,0,0,0,2,2,2,2,2,1,0
16,82,ZD,2,2,2,0,0,0,0,2,2,2,2,2,1,0
16,83,ZD,2,2,2,0,0,0,0,2,2,2,2,2,1,0
16,84,ZD,2,2,2,0,0,0,-1,4,4,4,3,4,1,0
16,85,ZD,2,2,2,0,0,0,-1,4,4,4,4,4,1,0
16,86,ZD,2,2,2,0,0,0,-1,4,4,4,4,4,1,0
16,87,ZD,2,2,2,0,0,0,-1,4,4,4,3,4,1,0
16,88,ZD,2,2,2,1,0,0,-1,4,4,4,4,4,0,0
16,89,ZD,2,2,2,1,0,0,-1,4,4,4,4,4,0,0
16,90,ZD,2,2,2,1,0,0,-1,4,4,4,4,4,0,0
16,91,ZD,2,2,2,1,0,0,-1,4,4,4,4,4,0,0
16,92,ZD,2,2,2,1,0,0,-1,4,4,4,4,4,0,0
16,93,ZD,2,2,2,1,0,0,-1,4,4,4,4,4,0,0
16,94,ZD,2,2,2,1,0,0,-1,4,4,4,4,4,0,0
16,95,ZD,2,2,2,1,0,0,-1,4,4,4,4,4,0,0
16,96,ZD,3,2,3,0,0,0,-1,4,4,4,4,4,1,0
16,97,ZD,3,2,3,0,0,0,-1,4,4,4,4,4,1,0
16,98,ZD,3,2,3,0,0,0,-1,4,4,4,4,4,1,0
16,99,ZD,3,2,3,0,0,0,-1,4,4,4,4,4,1,0
16,100,ZD,3,2,3,0,0,0,-1,4,4,4,4,4,1,0
16,101,ZD,3,2,3,0,0,0,-1,4,4,4,4,4,1,0
16,102,ZD,3,2,3,0,0,0,-1,4,4,4,4,4,1,0
16,103,ZD,3,2,3,0,0,0,-1,4,4,4,4,4,1,0
16,104,ZD,2,2,2,0,0,0,-1,4,4,4,3,4,1,0
16,105,ZD,2,2,2,0,0,0,-1,4,4,2,1,2,1,0
16,106,ZD,2,2,2,0,0,0,-1,4,4,4,4,4,1,0
16,107,ZD,2,2,2,0,0,0,-1,4,4,4,4,4,1,0
16,108,ZD,2,2,2,0,0,0,-1,4,4,4,4,4,1,0
16,109,ZD,2,2,2,0,0,0,-1,4,4,4,4,4,1,0
16,110,ZD,2,2,2,0,0,0,-1,4,4,2,1,2,1,0
16,111,ZD,2,2,2,0,0,0,-1,4,4,4,3,4,1,0
16,112,ZD,2,2,3,1,0,0,-1,3,3,3,3,3,0,0
16,113,ZD,2,2,3,1,0,0,-1,3,3,3,3,3,0,0
16,114,ZD,2,2,3,1,0,0,-1,3,3,3,3,3,0,0
16,115,ZD,2,2,3,1,0,0,-1,3,3,3,3,3,0,0
16,116,ZD,2,2,3,1,0,0,-1,3,3,3,3,3,0,0
16,117,ZD,2,2,3,1,0,0,-1,3,3,3,3,3,0,0
16,118,ZD,2,2,3,1,0,0,-1,3,3,3,3,3,0,0
16,119,ZD,2,2,3,1,0,0,-1,3,3,3,3,3,0,0
16,120,ZD,2,2,2,1,0,0,0,1,1,1,1,1,0,0
16,121,ZD,2,2,2,1,0,0,-1,2,2,2,2,2,0,0
16,122,ZD,2,2,2,1,0,0,0,1,1,1,1,1,0,0
16,123,ZD,2,2,2,1,0,0,-1,2,2,2,2,2,0,0
16,124,ZD,2,2,2,1,0,0,-1,2,2,2,2,2,0,0
16,125,ZD,2,2,2,1,0,0,0,1,1,1,1,1,0,0
16,126,ZD,2,2,2,1,0,0,-1,2,2,2,2,2,0,0
16,127,ZD,2,2,2,1,0,0,0,1,1,1,1,1,0,0
16,128,ZD,3,2,3,0,0,0,-1,3,3,3,3,3,1,0
16,129,ZD,3,2,3,0,0,0,-1,3,3,3,3,3,1,0
16,130,ZD,3,2,3,0,0,0,-1,3,3,3,3,3,1,0
16,131,ZD,3,2,3,0,0,0,-1,3,3,3,3,3,1,0
16,132,ZD,2,2,3,1,0,0,-1,3,3,3,3,3,0,0
16,133,ZD,2,2,3,1,0,0,-1,3,3,3,3,3,0,0
16,134,ZD,2,2,3,1,0,0,-1,3,3,3,3,3,0,0
16,135,ZD,2,2,3,1,0,0,-1,3,3,3,3,3,0,0
16,136,ZD,2,2,3,1,0,0,-1,3,3,3,3,3,0,0
16,137,ZD,2,2,3,1,0,0,-1,3,3,3,3,3,0,0
16,138,ZD,2,2,3,1,0,0,-1,3,3,3,3,3,0,0
16,139,ZD,2,2,3,1,0,0,-1,3,3,3,3,3,0,0
16,140,INC,1,-1,-1,0,0,-1,-1,-1,-1,-1,-1,-1,0,1
16,141,ZD,2,2,2,0,0,0,0,2,2,2,2,2,1,0
16,142,ZD,2,2,2,0,0,0,0,2,2,2,2,2,1,0
16,143,INC,1,-1,-1,0,0,-1,-1,-1,-1,-1,-1,-1,0,1
16,144,ZD,2,2,2,1,0,0,-1,4,4,4,4,4,0,0
16,145,ZD,2,2,2,1,0,0,-1,4,4,4,4,4,0,0
16,146,ZD,2,2,2,1,0,0,-1,4,4,4,4,4,0,0
16,147,ZD,2,2,2,1,0,0,-1,4,4,4,4,4,0,0
16,148,ZD,2,2,3,1,0,0,-1,4,4,4,4,4,0,0
16,149,ZD,2,2,3,1,0,0,-1,4,4,4,4,4,0,0
16,150,ZD,2,2,3,1,0,0,-1,4,4,4,4,4,0,0
16,151,ZD,2,2,3,1,0,0,-1,4,4,4,4,4,0,0
16,152,ZD,2,2,3,1,0,0,-1,4,4,4,4,4,0,0
16,153,ZD,2,2,3,1,0,0,-1,4,4,4,4,4,0,0
16,154,ZD,2,2,3,1,0,0,-1,4,4,4,4,4,0,0
16,155,ZD,2,2,3,1,0,0,-1,4,4,4,4,4,0,0
16,156,ZD,2,2,2,1,0,0,-1,4,4,4,4,4,0,0
16,157,ZD,2,2,2,1,0,0,-1,4,4,4,4,4,0,0
16,158,ZD,2,2,2,1,0,0,-1,4,4,4,4,4,0,0
16,159,ZD,2,2,2,1,0,0,-1,4,4,4,4,4,0,0
16,160,ZD,2,2,2,1,0,0,-1,4,4,4,4,4,0,0
16,161,ZD,2,2,2,1,0,0,-1,4,4,4,4,4,0,0
16,162,ZD,2,2,2,1,0,0,-1,4,4,4,4,4,0,0
16,163,ZD,2,2,2,1,0,0,-1,4,4,4,4,4,0,0
16,164,ZD,3,2,3,0,0,0,-1,4,4,4,4,4,1,0
16,165,ZD,3,2,3,0,0,0,-1,4,4,4,4,4,1,0
16,166,ZD,3,2,3,0,0,0,-1,4,4,4,4,4,1,0
16,167,ZD,3,2,3,0,0,0,-1,4,4,4,4,4,1,0
16,168,ZD,2,2,3,1,0,0,-1,4,4,4,4,4,0,0
16,169,ZD,2,2,3,1,0,0,-1,4,4,4,4,4,0,0
16,170,ZD,2,2,3,1,0,0,-1,4,4,4,4,4,0,0
16,171,ZD,2,2,3,1,0,0,-1,4,4,4,4,4,0,0
16,172,ZD,2,2,3,1,0,0,-1,4,4,4,4,4,0,0
16,173,ZD,2,2,3,1,0,0,-1,4,4,4,4,4,0,0
16,174,ZD,2,2,3,1,0,0,-1,4,4,4,4,4,0,0
16,175,ZD,2,2,3,1,0,0,-1,4,4,4,4,4,0,0
16,176,ZD,2,2,2,0,0,0,-1,4,4,4,4,4,1,0
16,177,ZD,2,2,2,0,0,0,-1,4,4,4,4,4,1,0
16,178,ZD,2,2,2,0,0,0,-1,4,4,4,4,4,1,0
16,179,ZD,2,2,2,0,0,0,-1,4,4,4,4,4,1,0
16,180,ZD,3,2,3,0,0,0,-1,3,3,2,1,2,1,0
16,181,ZD,3,2,3,0,0,0,-1,3,3,3,3,3,1,0
16,182,ZD,3,2,3,0,0,0,-1,3,3,3,3,3,1,0
16,183,ZD,3,2,3,0,0,0,-1,3,3,2,1,2,1,0
16,184,ZD,3,2,3,0,0,0,-1,3,3,3,2,3,1,0
16,185,ZD,3,2,3,0,0,0,-1,3,3,3,2,3,1,0
16,186,ZD,2,2,3,1,0,0,-1,3,3,3,3,3,0,0
16,187,ZD,2,2,3,1,0,0,-1,3,3,3,3,3,0,0
16,188,ZD,2,2,3,1,0,0,-1,3,3,3,3,3,0,0
16,189,ZD,2,2,3,1,0,0,-1,3,3,3,3,3,0,0
16,190,ZD,3,2,3,0,0,0,-1,3,3,3,2,3,1,0
16,191,ZD,3,2,3,0,0,0,-1,3,3,3,2,3,1,0
16,192,ZD,2,2,2,1,0,0,-1,2,2,2,2,2,0,0
16,193,ZD,2,2,2,1,0,0,-1,2,2,2,2,2,0,0
16,194,ZD,2,2,2,1,0,0,-1,2,2,2,2,2,0,0
16,195,ZD,2,2,2,1,0,0,-1,2,2,2,2,2,0,0
16,196,ZD,2,2,3,1,0,0,-1,3,3,3,3,3,0,0
16,197,ZD,2,2,3,1,0,0,-1,3,3,3,3,3,0,0
16,198,ZD,2,2,3,1,0,0,-1,3,3,3,3,3,0,0
16,199,ZD,2,2,3,1,0,0,-1,3,3,3,3,3,0,0
17,18,INC,1,-1,-1,0,0,-1,-1,-1,-1,-1,-1,-1,0,1
17,19,ZD,2,2,2,0,0,0,0,2,2,2,2,2,1,0
17,20,ZD,2,2,2,0,0,0,0,2,2,2,2,2,1,0
17,21,INC,1,-1,-1,0,0,-1,-1,-1,-1,-1,-1,-1,0,1
17,22,POS,1,1,1,0,0,-1,-1,-1,-1,-1,-1,-1,0,1
17,23,ZD,2,2,2,0,0,0,0,2,2,2,1,2,1,0
17,24,ZD,2,2,2,0,0,0,-1,4,4,4,4,4,1,0
17,25,ZD,2,2,2,0,0,0,-1,4,4,4,3,4,1,0
17,26,ZD,2,2,2,0,0,0,-1,4,4,4,3,4,1,0
17,27,ZD,2,2,2,0,0,0,-1,4,4,4,4,4,1,0
17,28,ZD,2,2,2,1,0,0,-1,4,4,4,4,4,0,0
17,29,ZD,2,2,2,1,0,0,-1,4,4,4,4,4,0,0
17,30,ZD,2,2,2,1,0,0,-1,4,4,4,4,4,0,0
17,31,ZD,2,2,2,1,0,0,-1,4,4,4,4,4,0,0
17,32,ZD,2,2,2,1,0,0,-1,4,4,4,4,4,0,0
17,33,ZD,2,2,2,1,0,0,-1,4,4,4,4,4,0,0
17,34,ZD,2,2,2,1,0,0,-1,4,4,4,4,4,0,0
17,35,ZD,2,2,2,1,0,0,-1,4,4,4,4,4,0,0
17,36,ZD,2,2,3,1,0,0,-1,4,4,4,4,4,0,0
17,37,ZD,2,2,3,1,0,0,-1,4,4,4,4,4,0,0
17,38,ZD,2,2,3,1,0,0,-1,4,4,4,4,4,0,0
17,39,ZD,2,2,3,1,0,0,-1,4,4,4,4,4,0,0
17,40,ZD,2,2,3,1,0,0,-1,4,4,4,4,4,0,0
17,41,ZD,2,2,3,1,0,0,-1,4,4,4,4,4,0,0
17,42,ZD,2,2,3,1,0,0,-1,4,4,4,4,4,0,0
17,43,ZD,2,2,3,1,0,0,-1,4,4,4,4,4,0,0
17,44,ZD,2,2,2,0,0,0,-1,4,4,4,4,4,1,0
17,45,ZD,2,2,2,0,0,0,-1,4,4,4,4,4,1,0
17,46,ZD,2,2,2,0,0,0,-1,4,4,4,3,4,1,0
17,47,ZD,2,2,2,0,0,0,-1,4,4,4,3,4,1,0
17,48,ZD,2,2,2,0,0,0,-1,4,4,4,3,4,1,0
17,49,ZD,2,2,2,0,0,0,-1,4,4,4,3,4,1,0
17,50,ZD,2,2,2,0,0,0,-1,4,4,4,4,4,1,0
17,51,ZD,2,2,2,0,0,0,-1,4,4,4,4,4,1,0
17,52,ZD,2,2,3,1,0,0,-1,3,3,3,3,3,0,0
17,53,ZD,2,2,3,1,0,0,-1,3,3,3,3,3,0,0
17,54,ZD,2,2,3,1,0,0,-1,3,3,3,3,3,0,0
17,55,ZD,2,2,3,1,0,0,-1,3,3,3,3,3,0,0
17,56,ZD,2,2,3,1,0,0,-1,3,3,3,3,3,0,0
17,57,ZD,2,2,3,1,0,0,-1,3,3,3,3,3,0,0
17,58,ZD,2,2,3,1,0,0,-1,3,3,3,3,3,0,0
17,59,ZD,2,2,3,1,0,0,-1,3,3,3,3,3,0,0
17,60,ZD,2,2,2,1,0,0,-1,2,2,2,2,2,0,0
17,61,ZD,2,2,2,1,0,0,-1,2,2,2,2,2,0,0
17,62,ZD,2,2,2,1,0,0,-1,2,2,2,2,2,0,0
17,63,ZD,2,2,2,1,0,0,-1,2,2,2,2,2,0,0
17,64,ZD,2,2,2,1,0,0,-1,2,2,2,2,2,0,0
17,65,ZD,2,2,2,1,0,0,-1,2,2,2,2,2,0,0
17,66,ZD,2,2,2,1,0,0,-1,2,2,2,2,2,0,0
17,67,ZD,2,2,2,1,0,0,-1,2,2,2,2,2,0,0
17,68,ZD,2,2,3,1,0,0,-1,3,3,3,3,3,0,0
17,69,ZD,2,2,3,1,0,0,-1,3,3,3,3,3,0,0
17,70,ZD,2,2,3,1,0,0,-1,3,3,3,3,3,0,0
17,71,ZD,2,2,3,1,0,0,-1,3,3,3,3,3,0,0
17,72,ZD,2,2,3,1,0,0,-1,3,3,3,3,3,0,0
17,73,ZD,3,2,3,0,0,0,-1,3,3,2,2,2,1,0
17,74,ZD,2,2,3,1,0,0,-1,3,3,3,3,3,0,0
17,75,ZD,3,2,3,0,0,0,-1,3,3,2,2,2,1,0
17,76,ZD,3,2,3,0,0,0,-1,3,3,2,2,2,1,0
17,77,ZD,2,2,3,1,0,0,-1,3,3,3,3,3,0,0
17,78,ZD,3,2,3,0,0,0,-1,3,3,2,2,2,1,0
17,79,ZD,2,2,3,1,0,0,-1,3,3,3,3,3,0,0
17,80,ZD,2,2,2,0,0,0,0,2,2,2,2,2,1,0
17,81,ZD,2,2,2,0,0,0,0,2,2,2,2,2,1,0
17,82,ZD,2,2,2,0,0,0,0,2,2,2,2,2,1,0
17,83,ZD,2,2,2,0,0,0,0,2,2,2,2,2,1,0
17,84,ZD,2,2,2,0,0,0,-1,4,4,4,3,4,1,0
17,85,ZD,2,2,2,0,0,0,-1,4,4,4,4,4,1,0
17,86,ZD,2,2,2,0,0,0,-1,4,4,4,4,4,1,0
17,87,ZD,2,2,2,0,0,0,-1,4,4,4,3,4,1,0
17,88,ZD,2,2,2,1,0,0,-1,4,4,4,4,4,0,0
17,89,ZD,2,2,2,1,0,0,-1,4,4,4,4,4,0,0
17,90,ZD,2,2,2,1,0,0,-1,4,4,4,4,4,0,0
17,91,ZD,2,2,2,1,0,0,-1,4,4,4,4,4,0,0
17,92,ZD,2,2,2,1,0,0,-1,4,4,4,4,4,0,0
17,93,ZD,2,2,2,1,0,0,-1,4,4,4,4,4,0,0
17,94,ZD,2,2,2,1,0,0,-1,4,4,4,4,4,0,0
17,95,ZD,2,2,2,1,0,0,-1,4,4,4,4,4,0,0
17,96,ZD,3,2,3,0,0,0,-1,4,4,3,3,3,1,0
17,97,ZD,3,2,3,0,0,0,-1,4,4,3,3,3,1,0
17,98,ZD,3,2,3,0,0,0,-1,4,4,3,3,3,1,0
17,99,ZD,3,2,3,0,0,0,-1,4,4,3,3,3,1,0
17,100,ZD,3,2,3,0,0,0,-1,4,4,3,3,3,1,0
17,101,ZD,3,2,3,0,0,0,-1,4,4,3,3,3,1,0
17,102,ZD,3,2,3,0,0,0,-1,4,4,3,3,3,1,0
17,103,ZD,3,2,3,0,0,0,-1,4,4,3,3,3,1,0
17,104,ZD,2,2,2,0,0,0,-1,4,4,2,1,2,1,0
17,105,ZD,2,2,2,0,0,0,-1,4,4,4,3,4,1,0
17,106,ZD,2,2,2,0,0,0,-1,4,4,4,4,4,1,0
17,107,ZD,2,2,2,0,0,0,-1,4,4,4,4,4,1,0
17,108,ZD,2,2,2,0,0,0,-1,4,4,4,4,4,1,0
17,109,ZD,2,2,2,0,0,0,-1,4,4,4,4,4,1,0
17,110,ZD,2,2,2,0,0,0,-1,4,4,4,3,4,1,0
17,111,ZD,2,2,2,0,0,0,-1,4,4,2,1,2,1,0
17,112,ZD,2,2,3,1,0,0,-1,3,3,3,3,3,0,0
17,113,ZD,2,2,3,1,0,0,-1,3,3,3,3,3,0,0
17,114,ZD,2,2,3,1,0,0,-1,3,3,3,3,3,0,0
17,115,ZD,2,2,3,1,0,0,-1,3,3,3,3,3,0,0
17,116,ZD,2,2,3,1,0,0,-1,3,3,3,3,3,0,0
17,117,ZD,2,2,3,1,0,0,-1,3,3,3,3,3,0,0
17,118,ZD,2,2,3,1,0,0,-1,3,3,3,3,3,0,0
17,119,ZD,2,2,3,1,0,0,-1,3,3,3,3,3,0,0
17,120,ZD,2,2,2,1,0,0,-1,2,2,2,2,2,0,0
17,121,ZD,2,2,2,1,0,0,0,1,1,1,1,1,0,0
17,122,ZD,2,2,2,1,0,0,-1,2,2,2,2,2,0,0
17,123,ZD,2,2,2,1,0,0,0,1,1,1,1,1,0,0
17,124,ZD,2,2,2,1,0,0,0,1,1,1,1,1,0,0
17,125,ZD,2,2,2,1,0,0,-1,2,2,2,2,2,0,0
17,126,ZD,2,2,2,1,0,0,0,1,1,1,1,1,0,0
17,127,ZD,2,2,2,1,0,0,-1,2,2,2,2,2,0,0
17,128,ZD,3,2,3,0,0,0,-1,3,3,2,2,2,1,0
17,129,ZD,3,2,3,0,0,0,-1,3,3,2,2,2,1,0
17,130,ZD,3,2,3,0,0,0,-1,3,3,2,2,2,1,0
17,131,ZD,3,2,3,0,0,0,-1,3,3,2,2,2,1,0
17,132,ZD,2,2,3,1,0,0,-1,3,3,3,3,3,0,0
17,133,ZD,2,2,3,1,0,0,-1,3,3,3,3,3,0,0
17,134,ZD,2,2,3,1,0,0,-1,3,3,3,3,3,0,0
17,135,ZD,2,2,3,1,0,0,-1,3,3,3,3,3,0,0
17,136,ZD,2,2,3,1,0,0,-1,3,3,3,3,3,0,0
17,137,ZD,2,2,3,1,0,0,-1,3,3,3,3,3,0,0
17,138,ZD,2,2,3,1,0,0,-1,3,3,3,3,3,0,0
17,139,ZD,2,2,3,1,0,0,-1,3,3,3,3,3,0,0
17,140,ZD,2,2,2,0,0,0,0,2,2,2,2,2,1,0
17,141,INC,1,-1,-1,0,0,-1,-1,-1,-1,-1,-1,-1,0,1
17,142,INC,1,-1,-1,0,0,-1,-1,-1,-1,-1,-1,-1,0,1
17,143,ZD,2,2,2,0,0,0,0,2,2,2,2,2,1,0
17,144,ZD,2,2,2,1,0,0,-1,4,4,4,4,4,0,0
17,145,ZD,2,2,2,1,0,0,-1,4,4,4,4,4,0,0
17,146,ZD,2,2,2,1,0,0,-1,4,4,4,4,4,0,0
17,147,ZD,2,2,2,1,0,0,-1,4,4,4,4,4,0,0
17,148,ZD,2,2,3,1,0,0,-1,4,4,4,4,4,0,0
17,149,ZD,2,2,3,1,0,0,-1,4,4,4,4,4,0,0
17,150,ZD,2,2,3,1,0,0,-1,4,4,4,4,4,0,0
17,151,ZD,2,2,3,1,0,0,-1,4,4,4,4,4,0,0
17,152,ZD,2,2,3,1,0,0,-1,4,4,4,4,4,0,0
17,153,ZD,2,2,3,1,0,0,-1,4,4,4,4,4,0,0
17,154,ZD,2,2,3,1,0,0,-1,4,4,4,4,4,0,0
17,155,ZD,2,2,3,1,0,0,-1,4,4,4,4,4,0,0
17,156,ZD,2,2,2,1,0,0,-1,4,4,4,4,4,0,0
17,157,ZD,2,2,2,1,0,0,-1,4,4,4,4,4,0,0
17,158,ZD,2,2,2,1,0,0,-1,4,4,4,4,4,0,0
17,159,ZD,2,2,2,1,0,0,-1,4,4,4,4,4,0,0
17,160,ZD,2,2,2,1,0,0,-1,4,4,4,4,4,0,0
17,161,ZD,2,2,2,1,0,0,-1,4,4,4,4,4,0,0
17,162,ZD,2,2,2,1,0,0,-1,4,4,4,4,4,0,0
17,163,ZD,2,2,2,1,0,0,-1,4,4,4,4,4,0,0
17,164,ZD,3,2,3,0,0,0,-1,4,4,4,4,4,1,0
17,165,ZD,3,2,3,0,0,0,-1,4,4,4,4,4,1,0
17,166,ZD,3,2,3,0,0,0,-1,4,4,4,4,4,1,0
17,167,ZD,3,2,3,0,0,0,-1,4,4,4,4,4,1,0
17,168,ZD,2,2,3,1,0,0,-1,4,4,4,4,4,0,0
17,169,ZD,2,2,3,1,0,0,-1,4,4,4,4,4,0,0
17,170,ZD,2,2,3,1,0,0,-1,4,4,4,4,4,0,0
17,171,ZD,2,2,3,1,0,0,-1,4,4,4,4,4,0,0
17,172,ZD,2,2,3,1,0,0,-1,4,4,4,4,4,0,0
17,173,ZD,2,2,3,1,0,0,-1,4,4,4,4,4,0,0
17,174,ZD,2,2,3,1,0,0,-1,4,4,4,4,4,0,0
17,175,ZD,2,2,3,1,0,0,-1,4,4,4,4,4,0,0
17,176,ZD,2,2,2,0,0,0,-1,4,4,4,4,4,1,0
17,177,ZD,2,2,2,0,0,0,-1,4,4,4,4,4,1,0
17,178,ZD,2,2,2,0,0,0,-1,4,4,4,4,4,1,0
17,179,ZD,2,2,2,0,0,0,-1,4,4,4,4,4,1,0
17,180,ZD,3,2,3,0,0,0,-1,3,3,2,1,2,1,0
17,181,ZD,3,2,3,0,0,0,-1,3,3,3,3,3,1,0
17,182,ZD,3,2,3,0,0,0,-1,3,3,3,3,3,1,0
17,183,ZD,3,2,3,0,0,0,-1,3,3,2,1,2,1,0
17,184,ZD,3,2,3,0,0,0,-1,3,3,3,2,3,1,0
17,185,ZD,3,2,3,0,0,0,-1,3,3,3,2,3,1,0
17,186,ZD,2,2,3,1,0,0,-1,3,3,3,3,3,0,0
17,187,ZD,2,2,3,1,0,0,-1,3,3,3,3,3,0,0
17,188,ZD,2,2,3,1,0,0,-1,3,3,3,3,3,0,0
17,189,ZD,2,2,3,1,0,0,-1,3,3,3,3,3,0,0
17,190,ZD,3,2,3,0,0,0,-1,3,3,3,2,3,1,0
17,191,ZD,3,2,3,0,0,0,-1,3,3,3,2,3,1,0
17,192,ZD,2,2,2,1,0,0,-1,2,2,2,2,2,0,0
17,193,ZD,2,2,2,1,0,0,-1,2,2,2,2,2,0,0
17,194,ZD,2,2,2,1,0,0,-1,2,2,2,2,2,0,0
17,195,ZD,2,2,2,1,0,0,-1,2,2,2,2,2,0,0
17,196,ZD,2,2,3,1,0,0,-1,3,3,3,3,3,0,0
17,197,ZD,2,2,3,1,0,0,-1,3,3,3,3,3,0,0
17,198,ZD,2,2,3,1,0,0,-1,3,3,3,3,3,0,0
17,199,ZD,2,2,3,1,0,0,-1,3,3,3,3,3,0,0
18,19,ZD,2,2,2,0,0,0,0,2,2,2,1,2,1,0
18,20,ZD,2,2,2,0,0,0,0,2,2,2,1,2,1,0
18,21,POS,1,1,1,0,0,-1,-1,-1,-1,-1,-1,-1,0,1
18,22,INC,1,-1,-1,0,0,-1,-1,-1,-1,-1,-1,-1,0,1
18,23,ZD,2,2,2,0,0,0,0,2,2,2,2,2,1,0
18,24,ZD,2,2,2,0,0,0,-1,4,4,4,4,4,1,0
18,25,ZD,2,2,2,0,0,0,-1,4,4,4,3,4,1,0
18,26,ZD,2,2,2,0,0,0,-1,4,4,4,3,4,1,0
18,27,ZD,2,2,2,0,0,0,-1,4,4,4,4,4,1,0
18,28,ZD,2,2,2,1,0,0,-1,4,4,4,4,4,0,0
18,29,ZD,2,2,2,1,0,0,-1,4,4,4,4,4,0,0
18,30,ZD,2,2,2,1,0,0,-1,4,4,4,4,4,0,0
18,31,ZD,2,2,2,1,0,0,-1,4,4,4,4,4,0,0
18,32,ZD,2,2,2,1,0,0,-1,4,4,4,4,4,0,0
18,33,ZD,2,2,2,1,0,0,-1,4,4,4,4,4,0,0
18,34,ZD,2,2,2,1,0,0,-1,4,4,4,4,4,0,0
18,35,ZD,2,2,2,1,0,0,-1,4,4,4,4,4,0,0
18,36,ZD,2,2,3,1,0,0,-1,4,4,4,4,4,0,0
18,37,ZD,2,2,3,1,0,0,-1,4,4,4,4,4,0,0
18,38,ZD,2,2,3,1,0,0,-1,4,4,4,4,4,0,0
18,39,ZD,2,2,3,1,0,0,-1,4,4,4,4,4,0,0
18,40,ZD,2,2,3,1,0,0,-1,4,4,4,4,4,0,0
18,41,ZD,2,2,3,1,0,0,-1,4,4,4,4,4,0,0
18,42,ZD,2,2,3,1,0,0,-1,4,4,4,4,4,0,0
18,43,ZD,2,2,3,1,0,0,-1,4,4,4,4,4,0,0
18,44,ZD,2,2,2,0,0,0,-1,4,4,4,4,4,1,0
18,45,ZD,2,2,2,0,0,0,-1,4,4,4,4,4,1,0
18,46,ZD,2,2,2,0,0,0,-1,4,4,4,3,4,1,0
18,47,ZD,2,2,2,0,0,0,-1,4,4,4,3,4,1,0
18,48,ZD,2,2,2,0,0,0,-1,4,4,4,3,4,1,0
18,49,ZD,2,2,2,0,0,0,-1,4,4,4,3,4,1,0
18,50,ZD,2,2,2,0,0,0,-1,4,4,4,4,4,1,0
18,51,ZD,2,2,2,0,0,0,-1,4,4,4,4,4,1,0
18,52,ZD,2,2,3,1,0,0,-1,3,3,3,3,3,0,0
18,53,ZD,2,2,3,1,0,0,-1,3,3,3,3,3,0,0
18,54,ZD,2,2,3,1,0,0,-1,3,3,3,3,3,0,0
18,55,ZD,2,2,3,1,0,0,-1,3,3,3,3,3,0,0
18,56,ZD,2,2,3,1,0,0,-1,3,3,3,3,3,0,0
18,57,ZD,2,2,3,1,0,0,-1,3,3,3,3,3,0,0
18,58,ZD,2,2,3,1,0,0,-1,3,3,3,3,3,0,0
18,59,ZD,2,2,3,1,0,0,-1,3,3,3,3,3,0,0
18,60,ZD,2,2,2,1,0,0,-1,2,2,2,2,2,0,0
18,61,ZD,2,2,2,1,0,0,-1,2,2,2,2,2,0,0
18,62,ZD,2,2,2,1,0,0,-1,2,2,2,2,2,0,0
18,63,ZD,2,2,2,1,0,0,-1,2,2,2,2,2,0,0
18,64,ZD,2,2,2,1,0,0,-1,2,2,2,2,2,0,0
18,65,ZD,2,2,2,1,0,0,-1,2,2,2,2,2,0,0
18,66,ZD,2,2,2,1,0,0,-1,2,2,2,2,2,0,0
18,67,ZD,2,2,2,1,0,0,-1,2,2,2,2,2,0,0
18,68,ZD,2,2,3,1,0,0,-1,3,3,3,3,3,0,0
18,69,ZD,2,2,3,1,0,0,-1,3,3,3,3,3,0,0
18,70,ZD,2,2,3,1,0,0,-1,3,3,3,3,3,0,0
18,71,ZD,2,2,3,1,0,0,-1,3,3,3,3,3,0,0
18,72,ZD,3,2,3,0,0,0,-1,3,3,3,3,3,1,0
18,73,ZD,2,2,3,1,0,0,-1,3,3,3,3,3,0,0
18,74,ZD,3,2,3,0,0,0,-1,3,3,3,3,3,1,0
18,75,ZD,2,2,3,1,0,0,-1,3,3,3,3,3,0,0
18,76,ZD,2,2,3,1,0,0,-1,3,3,3,3,3,0,0
18,77,ZD,3,2,3,0,0,0,-1,3,3,3,3,3,1,0
18,78,ZD,2,2,3,1,0,0,-1,3,3,3,3,3,0,0
18,79,ZD,3,2,3,0,0,0,-1,3,3,3,3,3,1,0
18,80,ZD,2,2,2,0,0,0,0,2,2,2,2,2,1,0
18,81,ZD,2,2,2,0,0,0,0,2,2,2,2,2,1,0
18,82,ZD,2,2,2,0,0,0,0,2,2,2,2,2,1,0
18,83,ZD,2,2,2,0,0,0,0,2,2,2,2,2,1,0
18,84,ZD,2,2,2,0,0,0,-1,4,4,4,4,4,1,0
18,85,ZD,2,2,2,0,0,0,-1,4,4,4,3,4,1,0
18,86,ZD,2,2,2,0,0,0,-1,4,4,4,3,4,1,0
18,87,ZD,2,2,2,0,0,0,-1,4,4,4,4,4,1,0
18,88,ZD,2,2,2,1,0,0,-1,4,4,4,4,4,0,0
18,89,ZD,2,2,2,1,0,0,-1,4,4,4,4,4,0,0
18,90,ZD,2,2,2,1,0,0,-1,4,4,4,4,4,0,0
18,91,ZD,2,2,2,1,0,0,-1,4,4,4,4,4,0,0
18,92,ZD,2,2,2,1,0,0,-1,4,4,4,4,4,0,0
18,93,ZD,2,2,2,1,0,0,-1,4,4,4,4,4,0,0
18,94,ZD,2,2,2,1,0,0,-1,4,4,4,4,4,0,0
18,95,ZD,2,2,2,1,0,0,-1,4,4,4,4,4,0,0
18,96,ZD,3,2,3,0,0,0,-1,4,4,4,4,4,1,0
18,97,ZD,3,2,3,0,0,0,-1,4,4,4,4,4,1,0
18,98,ZD,3,2,3,0,0,0,-1,4,4,4,4,4,1,0
18,99,ZD,3,2,3,0,0,0,-1,4,4,4,4,4,1,0
18,100,ZD,3,2,3,0,0,0,-1,4,4,4,4,4,1,0
18,101,ZD,3,2,3,0,0,0,-1,4,4,4,4,4,1,0
18,102,ZD,3,2,3,0,0,0,-1,4,4,4,4,4,1,0
18,103,ZD,3,2,3,0,0,0,-1,4,4,4,4,4,1,0
18,104,ZD,2,2,2,0,0,0,-1,4,4,4,4,4,1,0
18,105,ZD,2,2,2,0,0,0,-1,4,4,4,4,4,1,0
18,106,ZD,2,2,2,0,0,0,-1,4,4,2,1,2,1,0
18,107,ZD,2,2,2,0,0,0,-1,4,4,4,3,4,1,0
18,108,ZD,2,2,2,0,0,0,-1,4,4,4,3,4,1,0
18,109,ZD,2,2,2,0,0,0,-1,4,4,2,1,2,1,0
18,110,ZD,2,2,2,0,0,0,-1,4,4,4,4,4,1,0
18,111,ZD,2,2,2,0,0,0,-1,4,4,4,4,4,1,0
18,112,ZD,2,2,3,1,0,0,-1,3,3,3,3,3,0,0
18,113,ZD,2,2,3,1,0,0,-1,3,3,3,3,3,0,0
18,114,ZD,2,2,3,1,0,0,-1,3,3,3,3,3,0,0
18,115,ZD,2,2,3,1,0,0,-1,3,3,3,3,3,0,0
18,116,ZD,2,2,3,1,0,0,-1,3,3,3,3,3,0,0
18,117,ZD,2,2,3,1,0,0,-1,3,3,3,3,3,0,0
18,118,ZD,2,2,3,1,0,0,-1,3,3,3,3,3,0,0
18,119,ZD,2,2,3,1,0,0,-1,3,3,3,3,3,0,0
18,120,ZD,2,2,2,1,0,0,-1,2,2,2,2,2,0,0
18,121,ZD,2,2,2,1,0,0,0,1,1,1,1,1,0,0
18,122,ZD,2,2,2,1,0,0,-1,2,2,2,2,2,0,0
18,123,ZD,2,2,2,1,0,0,0,1,1,1,1,1,0,0
18,124,ZD,2,2,2,1,0,0,0,1,1,1,1,1,0,0
18,125,ZD,2,2,2,1,0,0,-1,2,2,2,2,2,0,0
18,126,ZD,2,2,2,1,0,0,0,1,1,1,1,1,0,0
18,127,ZD,2,2,2,1,0,0,-1,2,2,2,2,2,0,0
18,128,ZD,3,2,3,0,0,0,-1,3,3,3,3,3,1,0
18,129,ZD,3,2,3,0,0,0,-1,3,3,3,3,3,1,0
18,130,ZD,3,2,3,0,0,0,-1,3,3,3,3,3,1,0
18,131,ZD,3,2,3,0,0,0,-1,3,3,3,3,3,1,0
18,132,ZD,2,2,3,1,0,0,-1,3,3,3,3,3,0,0
18,133,ZD,2,2,3,1,0,0,-1,3,3,3,3,3,0,0
18,134,ZD,2,2,3,1,0,0,-1,3,3,3,3,3,0,0
18,135,ZD,2,2,3,1,0,0,-1,3,3,3,3,3,0,0
18,136,ZD,2,2,3,1,0,0,-1,3,3,3,3,3,0,0
18,137,ZD,2,2,3,1,0,0,-1,3,3,3,3,3,0,0
18,138,ZD,2,2,3,1,0,0,-1,3,3,3,3,3,0,0
18,139,ZD,2,2,3,1,0,0,-1,3,3,3,3,3,0,0
18,140,ZD,2,2,2,0,0,0,0,2,2,2,2,2,1,0
18,141,INC,1,-1,-1,0,0,-1,-1,-1,-1,-1,-1,-1,0,1
18,142,INC,1,-1,-1,0,0,-1,-1,-1,-1,-1,-1,-1,0,1
18,143,ZD,2,2,2,0,0,0,0,2,2,2,2,2,1,0
18,144,ZD,2,2,2,1,0,0,-1,4,4,4,4,4,0,0
18,145,ZD,2,2,2,1,0,0,-1,4,4,4,4,4,0,0
18,146,ZD,2,2,2,1,0,0,-1,4,4,4,4,4,0,0
18,147,ZD,2,2,2,1,0,0,-1,4,4,4,4,4,0,0
18,148,ZD,2,2,3,1,0,0,-1,4,4,4,4,4,0,0
18,149,ZD,2,2,3,1,0,0,-1,4,4,4,4,4,0,0
18,150,ZD,2,2,3,1,0,0,-1,4,4,4,4,4,0,0
18,151,ZD,2,2,3,1,0,0,-1,4,4,4,4,4,0,0
18,152,ZD,2,2,3,1,0,0,-1,4,4,4,4,4,0,0
18,153,ZD,2,2,3,1,0,0,-1,4,4,4,4,4,0,0
18,154,ZD,2,2,3,1,0,0,-1,4,4,4,4,4,0,0
18,155,ZD,2,2,3,1,0,0,-1,4,4,4,4,4,0,0
18,156,ZD,2,2,2,1,0,0,-1,4,4,4,4,4,0,0
18,157,ZD,2,2,2,1,0,0,-1,4,4,4,4,4,0,0
18,158,ZD,2,2,2,1,0,0,-1,4,4,4,4,4,0,0
18,159,ZD,2,2,2,1,0,0,-1,4,4,4,4,4,0,0
18,160,ZD,2,2,2,1,0,0,-1,4,4,4,4,4,0,0
18,161,ZD,2,2,2,1,0,0,-1,4,4,4,4,4,0,0
18,162,ZD,2,2,2,1,0,0,-1,4,4,4,4,4,0,0
18,163,ZD,2,2,2,1,0,0,-1,4,4,4,4,4,0,0
18,164,ZD,3,2,3,0,0,0,-1,4,4,4,4,4,1,0
18,165,ZD,3,2,3,0,0,0,-1,4,4,4,4,4,1,0
18,166,ZD,3,2,3,0,0,0,-1,4,4,4,4,4,1,0
18,167,ZD,3,2,3,0,0,0,-1,4,4,4,4,4,1,0
18,168,ZD,2,2,3,1,0,0,-1,4,4,4,4,4,0,0
18,169,ZD,2,2,3,1,0,0,-1,4,4,4,4,4,0,0
18,170,ZD,2,2,3,1,0,0,-1,4,4,4,4,4,0,0
18,171,ZD,2,2,3,1,0,0,-1,4,4,4,4,4,0,0
18,172,ZD,2,2,3,1,0,0,-1,4,4,4,4,4,0,0
18,173,ZD,2,2,3,1,0,0,-1,4,4,4,4,4,0,0
18,174,ZD,2,2,3,1,0,0,-1,4,4,4,4,4,0,0
18,175,ZD,2,2,3,1,0,0,-1,4,4,4,4,4,0,0
18,176,ZD,2,2,2,0,0,0,-1,4,4,4,4,4,1,0
18,177,ZD,2,2,2,0,0,0,-1,4,4,4,4,4,1,0
18,178,ZD,2,2,2,0,0,0,-1,4,4,4,4,4,1,0
18,179,ZD,2,2,2,0,0,0,-1,4,4,4,4,4,1,0
18,180,ZD,3,2,3,0,0,0,-1,3,3,3,3,3,1,0
18,181,ZD,3,2,3,0,0,0,-1,3,3,2,1,2,1,0
18,182,ZD,3,2,3,0,0,0,-1,3,3,2,1,2,1,0
18,183,ZD,3,2,3,0,0,0,-1,3,3,3,3,3,1,0
18,184,ZD,2,2,3,1,0,0,-1,3,3,3,3,3,0,0
18,185,ZD,2,2,3,1,0,0,-1,3,3,3,3,3,0,0
18,186,ZD,3,2,3,0,0,0,-1,3,3,3,2,3,1,0
18,187,ZD,3,2,3,0,0,0,-1,3,3,3,2,3,1,0
18,188,ZD,3,2,3,0,0,0,-1,3,3,3,2,3,1,0
18,189,ZD,3,2,3,0,0,0,-1,3,3,3,2,3,1,0
18,190,ZD,2,2,3,1,0,0,-1,3,3,3,3,3,0,0
18,191,ZD,2,2,3,1,0,0,-1,3,3,3,3,3,0,0
18,192,ZD,2,2,2,1,0,0,-1,2,2,2,2,2,0,0
18,193,ZD,2,2,2,1,0,0,-1,2,2,2,2,2,0,0
18,194,ZD,2,2,2,1,0,0,-1,2,2,2,2,2,0,0
18,195,ZD,2,2,2,1,0,0,-1,2,2,2,2,2,0,0
18,196,ZD,2,2,3,1,0,0,-1,3,3,3,3,3,0,0
18,197,ZD,2,2,3,1,0,0,-1,3,3,3,3,3,0,0
18,198,ZD,2,2,3,1,0,0,-1,3,3,3,3,3,0,0
18,199,ZD,2,2,3,1,0,0,-1,3,3,3,3,3,0,0
19,20,POS,1,1,1,0,0,-1,-1,-1,-1,-1,-1,-1,0,1
19,21,ZD,2,2,2,0,0,0,0,2,2,2,1,2,1,0
19,22,ZD,2,2,2,0,0,0,0,2,2,2,2,2,1,0
19,23,INC,1,-1,-1,0,0,-1,-1,-1,-1,-1,-1,-1,0,1
19,24,ZD,2,2,2,0,0,0,-1,4,4,4,4,4,1,0
19,25,ZD,2,2,2,0,0,0,-1,4,4,4,3,4,1,0
19,26,ZD,2,2,2,0,0,0,-1,4,4,4,3,4,1,0
19,27,ZD,2,2,2,0,0,0,-1,4,4,4,4,4,1,0
19,28,ZD,2,2,2,1,0,0,-1,4,4,4,4,4,0,0
19,29,ZD,2,2,2,1,0,0,-1,4,4,4,4,4,0,0
19,30,ZD,2,2,2,1,0,0,-1,4,4,4,4,4,0,0
19,31,ZD,2,2,2,1,0,0,-1,4,4,4,4,4,0,0
19,32,ZD,2,2,2,1,0,0,-1,4,4,4,4,4,0,0
19,33,ZD,2,2,2,1,0,0,-1,4,4,4,4,4,0,0
19,34,ZD,2,2,2,1,0,0,-1,4,4,4,4,4,0,0
19,35,ZD,2,2,2,1,0,0,-1,4,4,4,4,4,0,0
19,36,ZD,2,2,3,1,0,0,-1,4,4,4,4,4,0,0
19,37,ZD,2,2,3,1,0,0,-1,4,4,4,4,4,0,0
19,38,ZD,2,2,3,1,0,0,-1,4,4,4,4,4,0,0
19,39,ZD,2,2,3,1,0,0,-1,4,4,4,4,4,0,0
19,40,ZD,2,2,3,1,0,0,-1,4,4,4,4,4,0,0
19,41,ZD,2,2,3,1,0,0,-1,4,4,4,4,4,0,0
19,42,ZD,2,2,3,1,0,0,-1,4,4,4,4,4,0,0
19,43,ZD,2,2,3,1,0,0,-1,4,4,4,4,4,0,0
19,44,ZD,2,2,2,0,0,0,-1,4,4,4,4,4,1,0
19,45,ZD,2,2,2,0,0,0,-1,4,4,4,4,4,1,0
19,46,ZD,2,2,2,0,0,0,-1,4,4,4,3,4,1,0
19,47,ZD,2,2,2,0,0,0,-1,4,4,4,3,4,1,0
19,48,ZD,2,2,2,0,0,0,-1,4,4,4,3,4,1,0
19,49,ZD,2,2,2,0,0,0,-1,4,4,4,3,4,1,0
19,50,ZD,2,2,2,0,0,0,-1,4,4,4,4,4,1,0
19,51,ZD,2,2,2,0,0,0,-1,4,4,4,4,4,1,0
19,52,ZD,2,2,3,1,0,0,-1,3,3,3,3,3,0,0
19,53,ZD,2,2,3,1,0,0,-1,3,3,3,3,3,0,0
19,54,ZD,2,2,3,1,0,0,-1,3,3,3,3,3,0,0
19,55,ZD,2,2,3,1,0,0,-1,3,3,3,3,3,0,0
19,56,ZD,2,2,3,1,0,0,-1,3,3,3,3,3,0,0
19,57,ZD,2,2,3,1,0,0,-1,3,3,3,3,3,0,0
19,58,ZD,2,2,3,1,0,0,-1,3,3,3,3,3,0,0
19,59,ZD,2,2,3,1,0,0,-1,3,3,3,3,3,0,0
19,60,ZD,2,2,2,1,0,0,-1,2,2,2,2,2,0,0
19,61,ZD,2,2,2,1,0,0,-1,2,2,2,2,2,0,0
19,62,ZD,2,2,2,1,0,0,-1,2,2,2,2,2,0,0
19,63,ZD,2,2,2,1,0,0,-1,2,2,2,2,2,0,0
19,64,ZD,2,2,2,1,0,0,-1,2,2,2,2,2,0,0
19,65,ZD,2,2,2,1,0,0,-1,2,2,2,2,2,0,0
19,66,ZD,2,2,2,1,0,0,-1,2,2,2,2,2,0,0
19,67,ZD,2,2,2,1,0,0,-1,2,2,2,2,2,0,0
19,68,ZD,2,2,3,1,0,0,-1,3,3,3,3,3,0,0
19,69,ZD,2,2,3,1,0,0,-1,3,3,3,3,3,0,0
19,70,ZD,2,2,3,1,0,0,-1,3,3,3,3,3,0,0
19,71,ZD,2,2,3,1,0,0,-1,3,3,3,3,3,0,0
19,72,ZD,2,2,3,1,0,0,-1,3,3,3,3,3,0,0
19,73,ZD,3,2,3,0,0,0,-1,3,3,2,2,2,1,0
19,74,ZD,2,2,3,1,0,0,-1,3,3,3,3,3,0,0
19,75,ZD,3,2,3,0,0,0,-1,3,3,2,2,2,1,0
19,76,ZD,3,2,3,0,0,0,-1,3,3,2,2,2,1,0
19,77,ZD,2,2,3,1,0,0,-1,3,3,3,3,3,0,0
19,78,ZD,3,2,3,0,0,0,-1,3,3,2,2,2,1,0
19,79,ZD,2,2,3,1,0,0,-1,3,3,3,3,3,0,0
19,80,ZD,2,2,2,0,0,0,0,2,2,2,2,2,1,0
19,81,ZD,2,2,2,0,0,0,0,2,2,2,2,2,1,0
19,82,ZD,2,2,2,0,0,0,0,2,2,2,2,2,1,0
19,83,ZD,2,2,2,0,0,0,0,2,2,2,2,2,1,0
19,84,ZD,2,2,2,0,0,0,-1,4,4,4,4,4,1,0
19,85,ZD,2,2,2,0,0,0,-1,4,4,4,3,4,1,0
19,86,ZD,2,2,2,0,0,0,-1,4,4,4,3,4,1,0
19,87,ZD,2,2,2,0,0,0,-1,4,4,4,4,4,1,0
19,88,ZD,2,2,2,1,0,0,-1,4,4,4,4,4,0,0
19,89,ZD,2,2,2,1,0,0,-1,4,4,4,4,4,0,0
19,90,ZD,2,2,2,1,0,0,-1,4,4,4,4,4,0,0
19,91,ZD,2,2,2,1,0,0,-1,4,4,4,4,4,0,0
19,92,ZD,2,2,2,1,0,0,-1,4,4,4,4,4,0,0
19,93,ZD,2,2,2,1,0,0,-1,4,4,4,4,4,0,0
19,94,ZD,2,2,2,1,0,0,-1,4,4,4,4,4,0,0
19,95,ZD,2,2,2,1,0,0,-1,4,4,4,4,4,0,0
19,96,ZD,3,2,3,0,0,0,-1,4,4,3,3,3,1,0
19,97,ZD,3,2,3,0,0,0,-1,4,4,3,3,3,1,0
19,98,ZD,3,2,3,0,0,0,-1,4,4,3,3,3,1,0
19,99,ZD,3,2,3,0,0,0,-1,4,4,3,3,3,1,0
19,100,ZD,3,2,3,0,0,0,-1,4,4,3,3,3,1,0
19,101,ZD,3,2,3,0,0,0,-1,4,4,3,3,3,1,0
19,102,ZD,3,2,3,0,0,0,-1,4,4,3,3,3,1,0
19,103,ZD,3,2,3,0,0,0,-1,4,4,3,3,3,1,0
19,104,ZD,2,2,2,0,0,0,-1,4,4,4,4,4,1,0
19,105,ZD,2,2,2,0,0,0,-1,4,4,4,4,4,1,0
19,106,ZD,2,2,2,0,0,0,-1,4,4,4,3,4,1,0
19,107,ZD,2,2,2,0,0,0,-1,4,4,2,1,2,1,0
19,108,ZD,2,2,2,0,0,0,-1,4,4,2,1,2,1,0
19,109,ZD,2,2,2,0,0,0,-1,4,4,4,3,4,1,0
19,110,ZD,2,2,2,0,0,0,-1,4,4,4,4,4,1,0
19,111,ZD,2,2,2,0,0,0,-1,4,4,4,4,4,1,0
19,112,ZD,2,2,3,1,0,0,-1,3,3,3,3,3,0,0
19,113,ZD,2,2,3,1,0,0,-1,3,3,3,3,3,0,0
19,114,ZD,2,2,3,1,0,0,-1,3,3,3,3,3,0,0
19,115,ZD,2,2,3,1,0,0,-1,3,3,3,3,3,0,0
19,116,ZD,2,2,3,1,0,0,-1,3,3,3,3,3,0,0
19,117,ZD,2,2,3,1,0,0,-1,3,3,3,3,3,0,0
19,118,ZD,2,2,3,1,0,0,-1,3,3,3,3,3,0,0
19,119,ZD,2,2,3,1,0,0,-1,3,3,3,3,3,0,0
19,120,ZD,2,2,2,1,0,0,0,1,1,1,1,1,0,0
19,121,ZD,2,2,2,1,0,0,-1,2,2,2,2,2,0,0
19,122,ZD,2,2,2,1,0,0,0,1,1,1,1,1,0,0
19,123,ZD,2,2,2,1,0,0,-1,2,2,2,2,2,0,0
19,124,ZD,2,2,2,1,0,0,-1,2,2,2,2,2,0,0
19,125,ZD,2,2,2,1,0,0,0,1,1,1,1,1,0,0
19,126,ZD,2,2,2,1,0,0,-1,2,2,2,2,2,0,0
19,127,ZD,2,2,2,1,0,0,0,1,1,1,1,1,0,0
19,128,ZD,3,2,3,0,0,0,-1,3,3,2,2,2,1,0
19,129,ZD,3,2,3,0,0,0,-1,3,3,2,2,2,1,0
19,130,ZD,3,2,3,0,0,0,-1,3,3,2,2,2,1,0
19,131,ZD,3,2,3,0,0,0,-1,3,3,2,2,2,1,0
19,132,ZD,2,2,3,1,0,0,-1,3,3,3,3,3,0,0
19,133,ZD,2,2,3,1,0,0,-1,3,3,3,3,3,0,0
19,134,ZD,2,2,3,1,0,0,-1,3,3,3,3,3,0,0
19,135,ZD,2,2,3,1,0,0,-1,3,3,3,3,3,0,0
19,136,ZD,2,2,3,1,0,0,-1,3,3,3,3,3,0,0
19,137,ZD,2,2,3,1,0,0,-1,3,3,3,3,3,0,0
19,138,ZD,2,2,3,1,0,0,-1,3,3,3,3,3,0,0
19,139,ZD,2,2,3,1,0,0,-1,3,3,3,3,3,0,0
19,140,INC,1,-1,-1,0,0,-1,-1,-1,-1,-1,-1,-1,0,1
19,141,ZD,2,2,2,0,0,0,0,2,2,2,2,2,1,0
19,142,ZD,2,2,2,0,0,0,0,2,2,2,2,2,1,0
19,143,INC,1,-1,-1,0,0,-1,-1,-1,-1,-1,-1,-1,0,1
19,144,ZD,2,2,2,1,0,0,-1,4,4,4,4,4,0,0
19,145,ZD,2,2,2,1,0,0,-1,4,4,4,4,4,0,0
19,146,ZD,2,2,2,1,0,0,-1,4,4,4,4,4,0,0
19,147,ZD,2,2,2,1,0,0,-1,4,4,4,4,4,0,0
19,148,ZD,2,2,3,1,0,0,-1,4,4,4,4,4,0,0
19,149,ZD,2,2,3,1,0,0,-1,4,4,4,4,4,0,0
19,150,ZD,2,2,3,1,0,0,-1,4,4,4,4,4,0,0
19,151,ZD,2,2,3,1,0,0,-1,4,4,4,4,4,0,0
19,152,ZD,2,2,3,1,0,0,-1,4,4,4,4,4,0,0
19,153,ZD,2,2,3,1,0,0,-1,4,4,4,4,4,0,0
19,154,ZD,2,2,3,1,0,0,-1,4,4,4,4,4,0,0
19,155,ZD,2,2,3,1,0,0,-1,4,4,4,4,4,0,0
19,156,ZD,2,2,2,1,0,0,-1,4,4,4,4,4,0,0
19,157,ZD,2,2,2,1,0,0,-1,4,4,4,4,4,0,0
19,158,ZD,2,2,2,1,0,0,-1,4,4,4,4,4,0,0
19,159,ZD,2,2,2,1,0,0,-1,4,4,4,4,4,0,0
19,160,ZD,2,2,2,1,0,0,-1,4,4,4,4,4,0,0
19,161,ZD,2,2,2,1,0,0,-1,4,4,4,4,4,0,0
19,162,ZD,2,2,2,1,0,0,-1,4,4,4,4,4,0,0
19,163,ZD,2,2,2,1,0,0,-1,4,4,4,4,4,0,0
19,164,ZD,3,2,3,0,0,0,-1,4,4,4,4,4,1,0
19,165,ZD,3,2,3,0,0,0,-1,4,4,4,4,4,1,0
19,166,ZD,3,2,3,0,0,0,-1,4,4,4,4,4,1,0
19,167,ZD,3,2,3,0,0,0,-1,4,4,4,4,4,1,0
19,168,ZD,2,2,3,1,0,0,-1,4,4,4,4,4,0,0
19,169,ZD,2,2,3,1,0,0,-1,4,4,4,4,4,0,0
19,170,ZD,2,2,3,1,0,0,-1,4,4,4,4,4,0,0
19,171,ZD,2,2,3,1,0,0,-1,4,4,4,4,4,0,0
19,172,ZD,2,2,3,1,0,0,-1,4,4,4,4,4,0,0
19,173,ZD,2,2,3,1,0,0,-1,4,4,4,4,4,0,0
19,174,ZD,2,2,3,1,0,0,-1,4,4,4,4,4,0,0
19,175,ZD,2,2,3,1,0,0,-1,4,4,4,4,4,0,0
19,176,ZD,2,2,2,0,0,0,-1,4,4,4,4,4,1,0
19,177,ZD,2,2,2,0,0,0,-1,4,4,4,4,4,1,0
19,178,ZD,2,2,2,0,0,0,-1,4,4,4,4,4,1,0
19,179,ZD,2,2,2,0,0,0,-1,4,4,4,4,4,1,0
19,180,ZD,3,2,3,0,0,0,-1,3,3,3,3,3,1,0
19,181,ZD,3,2,3,0,0,0,-1,3,3,2,1,2,1,0
19,182,ZD,3,2,3,0,0,0,-1,3,3,2,1,2,1,0
19,183,ZD,3,2,3,0,0,0,-1,3,3,3,3,3,1,0
19,184,ZD,2,2,3,1,0,0,-1,3,3,3,3,3,0,0
19,185,ZD,2,2,3,1,0,0,-1,3,3,3,3,3,0,0
19,186,ZD,3,2,3,0,0,0,-1,3,3,3,2,3,1,0
19,187,ZD,3,2,3,0,0,0,-1,3,3,3,2,3,1,0
19,188,ZD,3,2,3,0,0,0,-1,3,3,3,2,3,1,0
19,189,ZD,3,2,3,0,0,0,-1,3,3,3,2,3,1,0
19,190,ZD,2,2,3,1,0,0,-1,3,3,3,3,3,0,0
19,191,ZD,2,2,3,1,0,0,-1,3,3,3,3,3,0,0
19,192,ZD,2,2,2,1,0,0,-1,2,2,2,2,2,0,0
19,193,ZD,2,2,2,1,0,0,-1,2,2,2,2,2,0,0
19,194,ZD,2,2,2,1,0,0,-1,2,2,2,2,2,0,0
19,195,ZD,2,2,2,1,0,0,-1,2,2,2,2,2,0,0
19,196,ZD,2,2,3,1,0,0,-1,3,3,3,3,3,0,0
19,197,ZD,2,2,3,1,0,0,-1,3,3,3,3,3,0,0
19,198,ZD,2,2,3,1,0,0,-1,3,3,3,3,3,0,0
19,199,ZD,2,2,3,1,0,0,-1,3,3,3,3,3,0,0
20,21,ZD,2,2,2,0,0,0,0,2,2,2,1,2,1,0
20,22,ZD,2,2,2,0,0,0,0,2,2,2,2,2,1,0
20,23,INC,1,-1,-1,0,0,-1,-1,-1,-1,-1,-1,-1,0,1
20,24,ZD,2,2,2,0,0,0,-1,4,4,4,4,4,1,0
20,25,ZD,2,2,2,0,0,0,-1,4,4,4,3,4,1,0
20,26,ZD,2,2,2,0,0,0,-1,4,4,4,3,4,1,0
20,27,ZD,2,2,2,0,0,0,-1,4,4,4,4,4,1,0
20,28,ZD,2,2,2,1,0,0,-1,4,4,4,4,4,0,0
20,29,ZD,2,2,2,1,0,0,-1,4,4,4,4,4,0,0
20,30,ZD,2,2,2,1,0,0,-1,4,4,4,4,4,0,0
20,31,ZD,2,2,2,1,0,0,-1,4,4,4,4,4,0,0
20,32,ZD,2,2,2,1,0,0,-1,4,4,4,4,4,0,0
20,33,ZD,2,2,2,1,0,0,-1,4,4,4,4,4,0,0
20,34,ZD,2,2,2,1,0,0,-1,4,4,4,4,4,0,0
20,35,ZD,2,2,2,1,0,0,-1,4,4,4,4,4,0,0
20,36,ZD,2,2,3,1,0,0,-1,4,4,4,4,4,0,0
20,37,ZD,2,2,3,1,0,0,-1,4,4,4,4,4,0,0
20,38,ZD,2,2,3,1,0,0,-1,4,4,4,4,4,0,0
20,39,ZD,2,2,3,1,0,0,-1,4,4,4,4,4,0,0
20,40,ZD,2,2,3,1,0,0,-1,4,4,4,4,4,0,0
20,41,ZD,2,2,3,1,0,0,-1,4,4,4,4,4,0,0
20,42,ZD,2,2,3,1,0,0,-1,4,4,4,4,4,0,0
20,43,ZD,2,2,3,1,0,0,-1,4,4,4,4,4,0,0
20,44,ZD,2,2,2,0,0,0,-1,4,4,4,4,4,1,0
20,45,ZD,2,2,2,0,0,0,-1,4,4,4,4,4,1,0
20,46,ZD,2,2,2,0,0,0,-1,4,4,4,3,4,1,0
20,47,ZD,2,2,2,0,0,0,-1,4,4,4,3,4,1,0
20,48,ZD,2,2,2,0,0,0,-1,4,4,4,3,4,1,0
20,49,ZD,2,2,2,0,0,0,-1,4,4,4,3,4,1,0
20,50,ZD,2,2,2,0,0,0,-1,4,4,4,4,4,1,0
20,51,ZD,2,2,2,0,0,0,-1,4,4,4,4,4,1,0
20,52,ZD,2,2,3,1,0,0,-1,3,3,3,3,3,0,0
20,53,ZD,2,2,3,1,0,0,-1,3,3,3,3,3,0,0
20,54,ZD,2,2,3,1,0,0,-1,3,3,3,3,3,0,0
20,55,ZD,2,2,3,1,0,0,-1,3,3,3,3,3,0,0
20,56,ZD,2,2,3,1,0,0,-1,3,3,3,3,3,0,0
20,57,ZD,2,2,3,1,0,0,-1,3,3,3,3,3,0,0
20,58,ZD,2,2,3,1,0,0,-1,3,3,3,3,3,0,0
20,59,ZD,2,2,3,1,0,0,-1,3,3,3,3,3,0,0
20,60,ZD,2,2,2,1,0,0,-1,2,2,2,2,2,0,0
20,61,ZD,2,2,2,1,0,0,-1,2,2,2,2,2,0,0
20,62,ZD,2,2,2,1,0,0,-1,2,2,2,2,2,0,0
20,63,ZD,2,2,2,1,0,0,-1,2,2,2,2,2,0,0
20,64,ZD,2,2,2,1,0,0,-1,2,2,2,2,2,0,0
20,65,ZD,2,2,2,1,0,0,-1,2,2,2,2,2,0,0
20,66,ZD,2,2,2,1,0,0,-1,2,2,2,2,2,0,0
20,67,ZD,2,2,2,1,0,0,-1,2,2,2,2,2,0,0
20,68,ZD,2,2,3,1,0,0,-1,3,3,3,3,3,0,0
20,69,ZD,2,2,3,1,0,0,-1,3,3,3,3,3,0,0
20,70,ZD,2,2,3,1,0,0,-1,3,3,3,3,3,0,0
20,71,ZD,2,2,3,1,0,0,-1,3,3,3,3,3,0,0
20,72,ZD,2,2,3,1,0,0,-1,3,3,3,3,3,0,0
20,73,ZD,3,2,3,0,0,0,-1,3,3,2,2,2,1,0
20,74,ZD,2,2,3,1,0,0,-1,3,3,3,3,3,0,0
20,75,ZD,3,2,3,0,0,0,-1,3,3,2,2,2,1,0
20,76,ZD,3,2,3,0,0,0,-1,3,3,2,2,2,1,0
20,77,ZD,2,2,3,1,0,0,-1,3,3,3,3,3,0,0
20,78,ZD,3,2,3,0,0,0,-1,3,3,2,2,2,1,0
20,79,ZD,2,2,3,1,0,0,-1,3,3,3,3,3,0,0
20,80,ZD,2,2,2,0,0,0,0,2,2,2,2,2,1,0
20,81,ZD,2,2,2,0,0,0,0,2,2,2,2,2,1,0
20,82,ZD,2,2,2,0,0,0,0,2,2,2,2,2,1,0
20,83,ZD,2,2,2,0,0,0,0,2,2,2,2,2,1,0
20,84,ZD,2,2,2,0,0,0,-1,4,4,4,4,4,1,0
20,85,ZD,2,2,2,0,0,0,-1,4,4,4,3,4,1,0
20,86,ZD,2,2,2,0,0,0,-1,4,4,4,3,4,1,0
20,87,ZD,2,2,2,0,0,0,-1,4,4,4,4,4,1,0
20,88,ZD,2,2,2,1,0,0,-1,4,4,4,4,4,0,0
20,89,ZD,2,2,2,1,0,0,-1,4,4,4,4,4,0,0
20,90,ZD,2,2,2,1,0,0,-1,4,4,4,4,4,0,0
20,91,ZD,2,2,2,1,0,0,-1,4,4,4,4,4,0,0
20,92,ZD,2,2,2,1,0,0,-1,4,4,4,4,4,0,0
20,93,ZD,2,2,2,1,0,0,-1,4,4,4,4,4,0,0
20,94,ZD,2,2,2,1,0,0,-1,4,4,4,4,4,0,0
20,95,ZD,2,2,2,1,0,0,-1,4,4,4,4,4,0,0
20,96,ZD,3,2,3,0,0,0,-1,4,4,3,3,3,1,0
20,97,ZD,3,2,3,0,0,0,-1,4,4,3,3,3,1,0
20,98,ZD,3,2,3,0,0,0,-1,4,4,3,3,3,1,0
20,99,ZD,3,2,3,0,0,0,-1,4,4,3,3,3,1,0
20,100,ZD,3,2,3,0,0,0,-1,4,4,3,3,3,1,0
20,101,ZD,3,2,3,0,0,0,-1,4,4,3,3,3,1,0
20,102,ZD,3,2,3,0,0,0,-1,4,4,3,3,3,1,0
20,103,ZD,3,2,3,0,0,0,-1,4,4,3,3,3,1,0
20,104,ZD,2,2,2,0,0,0,-1,4,4,4,4,4,1,0
20,105,ZD,2,2,2,0,0,0,-1,4,4,4,4,4,1,0
20,106,ZD,2,2,2,0,0,0,-1,4,4,4,3,4,1,0
20,107,ZD,2,2,2,0,0,0,-1,4,4,2,1,2,1,0
20,108,ZD,2,2,2,0,0,0,-1,4,4,2,1,2,1,0
20,109,ZD,2,2,2,0,0,0,-1,4,4,4,3,4,1,0
20,110,ZD,2,2,2,0,0,0,-1,4,4,4,4,4,1,0
20,111,ZD,2,2,2,0,0,0,-1,4,4,4,4,4,1,0
20,112,ZD,2,2,3,1,0,0,-1,3,3,3,3,3,0,0
20,113,ZD,2,2,3,1,0,0,-1,3,3,3,3,3,0,0
20,114,ZD,2,2,3,1,0,0,-1,3,3,3,3,3,0,0
20,115,ZD,2,2,3,1,0,0,-1,3,3,3,3,3,0,0
20,116,ZD,2,2,3,1,0,0,-1,3,3,3,3,3,0,0
20,117,ZD,2,2,3,1,0,0,-1,3,3,3,3,3,0,0
20,118,ZD,2,2,3,1,0,0,-1,3,3,3,3,3,0,0
20,119,ZD,2,2,3,1,0,0,-1,3,3,3,3,3,0,0
20,120,ZD,2,2,2,1,0,0,0,1,1,1,1,1,0,0
20,121,ZD,2,2,2,1,0,0,-1,2,2,2,2,2,0,0
20,122,ZD,2,2,2,1,0,0,0,1,1,1,1,1,0,0
20,123,ZD,2,2,2,1,0,0,-1,2,2,2,2,2,0,0
20,124,ZD,2,2,2,1,0,0,-1,2,2,2,2,2,0,0
20,125,ZD,2,2,2,1,0,0,0,1,1,1,1,1,0,0
20,126,ZD,2,2,2,1,0,0,-1,2,2,2,2,2,0,0
20,127,ZD,2,2,2,1,0,0,0,1,1,1,1,1,0,0
20,128,ZD,3,2,3,0,0,0,-1,3,3,2,2,2,1,0
20,129,ZD,3,2,3,0,0,0,-1,3,3,2,2,2,1,0
20,130,ZD,3,2,3,0,0,0,-1,3,3,2,2,2,1,0
20,131,ZD,3,2,3,0,0,0,-1,3,3,2,2,2,1,0
20,132,ZD,2,2,3,1,0,0,-1,3,3,3,3,3,0,0
20,133,ZD,2,2,3,1,0,0,-1,3,3,3,3,3,0,0
20,134,ZD,2,2,3,1,0,0,-1,3,3,3,3,3,0,0
20,135,ZD,2,2,3,1,0,0,-1,3,3,3,3,3,0,0
20,136,ZD,2,2,3,1,0,0,-1,3,3,3,3,3,0,0
20,137,ZD,2,2,3,1,0,0,-1,3,3,3,3,3,0,0
20,138,ZD,2,2,3,1,0,0,-1,3,3,3,3,3,0,0
20,139,ZD,2,2,3,1,0,0,-1,3,3,3,3,3,0,0
20,140,INC,1,-1,-1,0,0,-1,-1,-1,-1,-1,-1,-1,0,1
20,141,ZD,2,2,2,0,0,0,0,2,2,2,2,2,1,0
20,142,ZD,2,2,2,0,0,0,0,2,2,2,2,2,1,0
20,143,INC,1,-1,-1,0,0,-1,-1,-1,-1,-1,-1,-1,0,1
20,144,ZD,2,2,2,1,0,0,-1,4,4,4,4,4,0,0
20,145,ZD,2,2,2,1,0,0,-1,4,4,4,4,4,0,0
20,146,ZD,2,2,2,1,0,0,-1,4,4,4,4,4,0,0
20,147,ZD,2,2,2,1,0,0,-1,4,4,4,4,4,0,0
20,148,ZD,2,2,3,1,0,0,-1,4,4,4,4,4,0,0
20,149,ZD,2,2,3,1,0,0,-1,4,4,4,4,4,0,0
20,150,ZD,2,2,3,1,0,0,-1,4,4,4,4,4,0,0
20,151,ZD,2,2,3,1,0,0,-1,4,4,4,4,4,0,0
20,152,ZD,2,2,3,1,0,0,-1,4,4,4,4,4,0,0
20,153,ZD,2,2,3,1,0,0,-1,4,4,4,4,4,0,0
20,154,ZD,2,2,3,1,0,0,-1,4,4,4,4,4,0,0
20,155,ZD,2,2,3,1,0,0,-1,4,4,4,4,4,0,0
20,156,ZD,2,2,2,1,0,0,-1,4,4,4,4,4,0,0
20,157,ZD,2,2,2,1,0,0,-1,4,4,4,4,4,0,0
20,158,ZD,2,2,2,1,0,0,-1,4,4,4,4,4,0,0
20,159,ZD,2,2,2,1,0,0,-1,4,4,4,4,4,0,0
20,160,ZD,2,2,2,1,0,0,-1,4,4,4,4,4,0,0
20,161,ZD,2,2,2,1,0,0,-1,4,4,4,4,4,0,0
20,162,ZD,2,2,2,1,0,0,-1,4,4,4,4,4,0,0
20,163,ZD,2,2,2,1,0,0,-1,4,4,4,4,4,0,0
20,164,ZD,3,2,3,0,0,0,-1,4,4,4,4,4,1,0
20,165,ZD,3,2,3,0,0,0,-1,4,4,4,4,4,1,0
20,166,ZD,3,2,3,0,0,0,-1,4,4,4,4,4,1,0
20,167,ZD,3,2,3,0,0,0,-1,4,4,4,4,4,1,0
20,168,ZD,2,2,3,1,0,0,-1,4,4,4,4,4,0,0
20,169,ZD,2,2,3,1,0,0,-1,4,4,4,4,4,0,0
20,170,ZD,2,2,3,1,0,0,-1,4,4,4,4,4,0,0
20,171,ZD,2,2,3,1,0,0,-1,4,4,4,4,4,0,0
20,172,ZD,2,2,3,1,0,0,-1,4,4,4,4,4,0,0
20,173,ZD,2,2,3,1,0,0,-1,4,4,4,4,4,0,0
20,174,ZD,2,2,3,1,0,0,-1,4,4,4,4,4,0,0
20,175,ZD,2,2,3,1,0,0,-1,4,4,4,4,4,0,0
20,176,ZD,2,2,2,0,0,0,-1,4,4,4,4,4,1,0
20,177,ZD,2,2,2,0,0,0,-1,4,4,4,4,4,1,0
20,178,ZD,2,2,2,0,0,0,-1,4,4,4,4,4,1,0
20,179,ZD,2,2,2,0,0,0,-1,4,4,4,4,4,1,0
20,180,ZD,3,2,3,0,0,0,-1,3,3,3,3,3,1,0
20,181,ZD,3,2,3,0,0,0,-1,3,3,2,1,2,1,0
20,182,ZD,3,2,3,0,0,0,-1,3,3,2,1,2,1,0
20,183,ZD,3,2,3,0,0,0,-1,3,3,3,3,3,1,0
20,184,ZD,2,2,3,1,0,0,-1,3,3,3,3,3,0,0
20,185,ZD,2,2,3,1,0,0,-1,3,3,3,3,3,0,0
20,186,ZD,3,2,3,0,0,0,-1,3,3,3,2,3,1,0
20,187,ZD,3,2,3,0,0,0,-1,3,3,3,2,3,1,0
20,188,ZD,3,2,3,0,0,0,-1,3,3,3,2,3,1,0
20,189,ZD,3,2,3,0,0,0,-1,3,3,3,2,3,1,0
20,190,ZD,2,2,3,1,0,0,-1,3,3,3,3,3,0,0
20,191,ZD,2,2,3,1,0,0,-1,3,3,3,3,3,0,0
20,192,ZD,2,2,2,1,0,0,-1,2,2,2,2,2,0,0
20,193,ZD,2,2,2,1,0,0,-1,2,2,2,2,2,0,0
20,194,ZD,2,2,2,1,0,0,-1,2,2,2,2,2,0,0
20,195,ZD,2,2,2,1,0,0,-1,2,2,2,2,2,0,0
20,196,ZD,2,2,3,1,0,0,-1,3,3,3,3,3,0,0
20,197,ZD,2,2,3,1,0,0,-1,3,3,3,3,3,0,0
20,198,ZD,2,2,3,1,0,0,-1,3,3,3,3,3,0,0
20,199,ZD,2,2,3,1,0,0,-1,3,3,3,3,3,0,0
21,22,INC,1,-1,-1,0,0,-1,-1,-1,-1,-1,-1,-1,0,1
21,23,ZD,2,2,2,0,0,0,0,2,2,2,2,2,1,0
21,24,ZD,2,2,2,0,0,0,-1,4,4,4,4,4,1,0
21,25,ZD,2,2,2,0,0,0,-1,4,4,4,3,4,1,0
21,26,ZD,2,2,2,0,0,0,-1,4,4,4,3,4,1,0
21,27,ZD,2,2,2,0,0,0,-1,4,4,4,4,4,1,0
21,28,ZD,2,2,2,1,0,0,-1,4,4,4,4,4,0,0
21,29,ZD,2,2,2,1,0,0,-1,4,4,4,4,4,0,0
21,30,ZD,2,2,2,1,0,0,-1,4,4,4,4,4,0,0
21,31,ZD,2,2,2,1,0,0,-1,4,4,4,4,4,0,0
21,32,ZD,2,2,2,1,0,0,-1,4,4,4,4,4,0,0
21,33,ZD,2,2,2,1,0,0,-1,4,4,4,4,4,0,0
21,34,ZD,2,2,2,1,0,0,-1,4,4,4,4,4,0,0
21,35,ZD,2,2,2,1,0,0,-1,4,4,4,4,4,0,0
21,36,ZD,2,2,3,1,0,0,-1,4,4,4,4,4,0,0
21,37,ZD,2,2,3,1,0,0,-1,4,4,4,4,4,0,0
21,38,ZD,2,2,3,1,0,0,-1,4,4,4,4,4,0,0
21,39,ZD,2,2,3,1,0,0,-1,4,4,4,4,4,0,0
21,40,ZD,2,2,3,1,0,0,-1,4,4,4,4,4,0,0
21,41,ZD,2,2,3,1,0,0,-1,4,4,4,4,4,0,0
21,42,ZD,2,2,3,1,0,0,-1,4,4,4,4,4,0,0
21,43,ZD,2,2,3,1,0,0,-1,4,4,4,4,4,0,0
21,44,ZD,2,2,2,0,0,0,-1,4,4,4,4,4,1,0
21,45,ZD,2,2,2,0,0,0,-1,4,4,4,4,4,1,0
21,46,ZD,2,2,2,0,0,0,-1,4,4,4,3,4,1,0
21,47,ZD,2,2,2,0,0,0,-1,4,4,4,3,4,1,0
21,48,ZD,2,2,2,0,0,0,-1,4,4,4,3,4,1,0
21,49,ZD,2,2,2,0,0,0,-1,4,4,4,3,4,1,0
21,50,ZD,2,2,2,0,0,0,-1,4,4,4,4,4,1,0
21,51,ZD,2,2,2,0,0,0,-1,4,4,4,4,4,1,0
21,52,ZD,2,2,3,1,0,0,-1,3,3,3,3,3,0,0
21,53,ZD,2,2,3,1,0,0,-1,3,3,3,3,3,0,0
21,54,ZD,2,2,3,1,0,0,-1,3,3,3,3,3,0,0
21,55,ZD,2,2,3,1,0,0,-1,3,3,3,3,3,0,0
21,56,ZD,2,2,3,1,0,0,-1,3,3,3,3,3,0,0
21,57,ZD,2,2,3,1,0,0,-1,3,3,3,3,3,0,0
21,58,ZD,2,2,3,1,0,0,-1,3,3,3,3,3,0,0
21,59,ZD,2,2,3,1,0,0,-1,3,3,3,3,3,0,0
21,60,ZD,2,2,2,1,0,0,-1,2,2,2,2,2,0,0
21,61,ZD,2,2,2,1,0,0,-1,2,2,2,2,2,0,0
21,62,ZD,2,2,2,1,0,0,-1,2,2,2,2,2,0,0
21,63,ZD,2,2,2,1,0,0,-1,2,2,2,2,2,0,0
21,64,ZD,2,2,2,1,0,0,-1,2,2,2,2,2,0,0
21,65,ZD,2,2,2,1,0,0,-1,2,2,2,2,2,0,0
21,66,ZD,2,2,2,1,0,0,-1,2,2,2,2,2,0,0
21,67,ZD,2,2,2,1,0,0,-1,2,2,2,2,2,0,0
21,68,ZD,2,2,3,1,0,0,-1,3,3,3,3,3,0,0
21,69,ZD,2,2,3,1,0,0,-1,3,3,3,3,3,0,0
21,70,ZD,2,2,3,1,0,0,-1,3,3,3,3,3,0,0
21,71,ZD,2,2,3,1,0,0,-1,3,3,3,3,3,0,0
21,72,ZD,3,2,3,0,0,0,-1,3,3,3,3,3,1,0
21,73,ZD,2,2,3,1,0,0,-1,3,3,3,3,3,0,0
21,74,ZD,3,2,3,0,0,0,-1,3,3,3,3,3,1,0
21,75,ZD,2,2,3,1,0,0,-1,3,3,3,3,3,0,0
21,76,ZD,2,2,3,1,0,0,-1,3,3,3,3,3,0,0
21,77,ZD,3,2,3,0,0,0,-1,3,3,3,3,3,1,0
21,78,ZD,2,2,3,1,0,0,-1,3,3,3,3,3,0,0
21,79,ZD,3,2,3,0,0,0,-1,3,3,3,3,3,1,0
21,80,ZD,2,2,2,0,0,0,0,2,2,2,2,2,1,0
21,81,ZD,2,2,2,0,0,0,0,2,2,2,2,2,1,0
21,82,ZD,2,2,2,0,0,0,0,2,2,2,2,2,1,0
21,83,ZD,2,2,2,0,0,0,0,2,2,2,2,2,1,0
21,84,ZD,2,2,2,0,0,0,-1,4,4,4,4,4,1,0
21,85,ZD,2,2,2,0,0,0,-1,4,4,4,3,4,1,0
21,86,ZD,2,2,2,0,0,0,-1,4,4,4,3,4,1,0
21,87,ZD,2,2,2,0,0,0,-1,4,4,4,4,4,1,0
21,88,ZD,2,2,2,1,0,0,-1,4,4,4,4,4,0,0
21,89,ZD,2,2,2,1,0,0,-1,4,4,4,4,4,0,0
21,90,ZD,2,2,2,1,0,0,-1,4,4,4,4,4,0,0
21,91,ZD,2,2,2,1,0,0,-1,4,4,4,4,4,0,0
21,92,ZD,2,2,2,1,0,0,-1,4,4,4,4,4,0,0
21,93,ZD,2,2,2,1,0,0,-1,4,4,4,4,4,0,0
21,94,ZD,2,2,2,1,0,0,-1,4,4,4,4,4,0,0
21,95,ZD,2,2,2,1,0,0,-1,4,4,4,4,4,0,0
21,96,ZD,3,2,3,0,0,0,-1,4,4,4,4,4,1,0
21,97,ZD,3,2,3,0,0,0,-1,4,4,4,4,4,1,0
21,98,ZD,3,2,3,0,0,0,-1,4,4,4,4,4,1,0
21,99,ZD,3,2,3,0,0,0,-1,4,4,4,4,4,1,0
21,100,ZD,3,2,3,0,0,0,-1,4,4,4,4,4,1,0
21,101,ZD,3,2,3,0,0,0,-1,4,4,4,4,4,1,0
21,102,ZD,3,2,3,0,0,0,-1,4,4,4,4,4,1,0
21,103,ZD,3,2,3,0,0,0,-1,4,4,4,4,4,1,0
21,104,ZD,2,2,2,0,0,0,-1,4,4,4,4,4,1,0
21,105,ZD,2,2,2,0,0,0,-1,4,4,4,4,4,1,0
21,106,ZD,2,2,2,0,0,0,-1,4,4,2,1,2,1,0
21,107,ZD,2,2,2,0,0,0,-1,4,4,4,3,4,1,0
21,108,ZD,2,2,2,0,0,0,-1,4,4,4,3,4,1,0
21,109,ZD,2,2,2,0,0,0,-1,4,4,2,1,2,1,0
21,110,ZD,2,2,2,0,0,0,-1,4,4,4,4,4,1,0
21,111,ZD,2,2,2,0,0,0,-1,4,4,4,4,4,1,0
21,112,ZD,2,2,3,1,0,0,-1,3,3,3,3,3,0,0
21,113,ZD,2,2,3,1,0,0,-1,3,3,3,3,3,0,0
21,114,ZD,2,2,3,1,0,0,-1,3,3,3,3,3,0,0
21,115,ZD,2,2,3,1,0,0,-1,3,3,3,3,3,0,0
21,116,ZD,2,2,3,1,0,0,-1,3,3,3,3,3,0,0
21,117,ZD,2,2,3,1,0,0,-1,3,3,3,3,3,0,0
21,118,ZD,2,2,3,1,0,0,-1,3,3,3,3,3,0,0
21,119,ZD,2,2,3,1,0,0,-1,3,3,3,3,3,0,0
21,120,ZD,2,2,2,1,0,0,-1,2,2,2,2,2,0,0
21,121,ZD,2,2,2,1,0,0,0,1,1,1,1,1,0,0
21,122,ZD,2,2,2,1,0,0,-1,2,2,2,2,2,0,0
21,123,ZD,2,2,2,1,0,0,0,1,1,1,1,1,0,0
21,124,ZD,2,2,2,1,0,0,0,1,1,1,1,1,0,0
21,125,ZD,2,2,2,1,0,0,-1,2,2,2,2,2,0,0
21,126,ZD,2,2,2,1,0,0,0,1,1,1,1,1,0,0
21,127,ZD,2,2,2,1,0,0,-1,2,2,2,2,2,0,0
21,128,ZD,3,2,3,0,0,0,-1,3,3,3,3,3,1,0
21,129,ZD,3,2,3,0,0,0,-1,3,3,3,3,3,1,0
21,130,ZD,3,2,3,0,0,0,-1,3,3,3,3,3,1,0
21,131,ZD,3,2,3,0,0,0,-1,3,3,3,3,3,1,0
21,132,ZD,2,2,3,1,0,0,-1,3,3,3,3,3,0,0
21,133,ZD,2,2,3,1,0,0,-1,3,3,3,3,3,0,0
21,134,ZD,2,2,3,1,0,0,-1,3,3,3,3,3,0,0
21,135,ZD,2,2,3,1,0,0,-1,3,3,3,3,3,0,0
21,136,ZD,2,2,3,1,0,0,-1,3,3,3,3,3,0,0
21,137,ZD,2,2,3,1,0,0,-1,3,3,3,3,3,0,0
21,138,ZD,2,2,3,1,0,0,-1,3,3,3,3,3,0,0
21,139,ZD,2,2,3,1,0,0,-1,3,3,3,3,3,0,0
21,140,ZD,2,2,2,0,0,0,0,2,2,2,2,2,1,0
21,141,INC,1,-1,-1,0,0,-1,-1,-1,-1,-1,-1,-1,0,1
21,142,INC,1,-1,-1,0,0,-1,-1,-1,-1,-1,-1,-1,0,1
21,143,ZD,2,2,2,0,0,0,0,2,2,2,2,2,1,0
21,144,ZD,2,2,2,1,0,0,-1,4,4,4,4,4,0,0
21,145,ZD,2,2,2,1,0,0,-1,4,4,4,4,4,0,0
21,146,ZD,2,2,2,1,0,0,-1,4,4,4,4,4,0,0
21,147,ZD,2,2,2,1,0,0,-1,4,4,4,4,4,0,0
21,148,ZD,2,2,3,1,0,0,-1,4,4,4,4,4,0,0
21,149,ZD,2,2,3,1,0,0,-1,4,4,4,4,4,0,0
21,150,ZD,2,2,3,1,0,0,-1,4,4,4,4,4,0,0
21,151,ZD,2,2,3,1,0,0,-1,4,4,4,4,4,0,0
21,152,ZD,2,2,3,1,0,0,-1,4,4,4,4,4,0,0
21,153,ZD,2,2,3,1,0,0,-1,4,4,4,4,4,0,0
21,154,ZD,2,2,3,1,0,0,-1,4,4,4,4,4,0,0
21,155,ZD,2,2,3,1,0,0,-1,4,4,4,4,4,0,0
21,156,ZD,2,2,2,1,0,0,-1,4,4,4,4,4,0,0
21,157,ZD,2,2,2,1,0,0,-1,4,4,4,4,4,0,0
21,158,ZD,2,2,2,1,0,0,-1,4,4,4,4,4,0,0
21,159,ZD,2,2,2,1,0,0,-1,4,4,4,4,4,0,0
21,160,ZD,2,2,2,1,0,0,-1,4,4,4,4,4,0,0
21,161,ZD,2,2,2,1,0,0,-1,4,4,4,4,4,0,0
21,162,ZD,2,2,2,1,0,0,-1,4,4,4,4,4,0,0
21,163,ZD,2,2,2,1,0,0,-1,4,4,4,4,4,0,0
21,164,ZD,3,2,3,0,0,0,-1,4,4,4,4,4,1,0
21,165,ZD,3,2,3,0,0,0,-1,4,4,4,4,4,1,0
21,166,ZD,3,2,3,0,0,0,-1,4,4,4,4,4,1,0
21,167,ZD,3,2,3,0,0,0,-1,4,4,4,4,4,1,0
21,168,ZD,2,2,3,1,0,0,-1,4,4,4,4,4,0,0
21,169,ZD,2,2,3,1,0,0,-1,4,4,4,4,4,0,0
21,170,ZD,2,2,3,1,0,0,-1,4,4,4,4,4,0,0
21,171,ZD,2,2,3,1,0,0,-1,4,4,4,4,4,0,0
21,172,ZD,2,2,3,1,0,0,-1,4,4,4,4,4,0,0
21,173,ZD,2,2,3,1,0,0,-1,4,4,4,4,4,0,0
21,174,ZD,2,2,3,1,0,0,-1,4,4,4,4,4,0,0
21,175,ZD,2,2,3,1,0,0,-1,4,4,4,4,4,0,0
21,176,ZD,2,2,2,0,0,0,-1,4,4,4,4,4,1,0
21,177,ZD,2,2,2,0,0,0,-1,4,4,4,4,4,1,0
21,178,ZD,2,2,2,0,0,0,-1,4,4,4,4,4,1,0
21,179,ZD,2,2,2,0,0,0,-1,4,4,4,4,4,1,0
21,180,ZD,3,2,3,0,0,0,-1,3,3,3,3,3,1,0
21,181,ZD,3,2,3,0,0,0,-1,3,3,2,1,2,1,0
21,182,ZD,3,2,3,0,0,0,-1,3,3,2,1,2,1,0
21,183,ZD,3,2,3,0,0,0,-1,3,3,3,3,3,1,0
21,184,ZD,2,2,3,1,0,0,-1,3,3,3,3,3,0,0
21,185,ZD,2,2,3,1,0,0,-1,3,3,3,3,3,0,0
21,186,ZD,3,2,3,0,0,0,-1,3,3,3,2,3,1,0
21,187,ZD,3,2,3,0,0,0,-1,3,3,3,2,3,1,0
21,188,ZD,3,2,3,0,0,0,-1,3,3,3,2,3,1,0
21,189,ZD,3,2,3,0,0,0,-1,3,3,3,2,3,1,0
21,190,ZD,2,2,3,1,0,0,-1,3,3,3,3,3,0,0
21,191,ZD,2,2,3,1,0,0,-1,3,3,3,3,3,0,0
21,192,ZD,2,2,2,1,0,0,-1,2,2,2,2,2,0,0
21,193,ZD,2,2,2,1,0,0,-1,2,2,2,2,2,0,0
21,194,ZD,2,2,2,1,0,0,-1,2,2,2,2,2,0,0
21,195,ZD,2,2,2,1,0,0,-1,2,2,2,2,2,0,0
21,196,ZD,2,2,3,1,0,0,-1,3,3,3,3,3,0,0
21,197,ZD,2,2,3,1,0,0,-1,3,3,3,3,3,0,0
21,198,ZD,2,2,3,1,0,0,-1,3,3,3,3,3,0,0
21,199,ZD,2,2,3,1,0,0,-1,3,3,3,3,3,0,0
22,23,ZD,2,2,2,0,0,0,0,2,2,2,1,2,1,0
22,24,ZD,2,2,2,0,0,0,-1,4,4,4,4,4,1,0
22,25,ZD,2,2,2,0,0,0,-1,4,4,4,3,4,1,0
22,26,ZD,2,2,2,0,0,0,-1,4,4,4,3,4,1,0
22,27,ZD,2,2,2,0,0,0,-1,4,4,4,4,4,1,0
22,28,ZD,2,2,2,1,0,0,-1,4,4,4,4,4,0,0
22,29,ZD,2,2,2,1,0,0,-1,4,4,4,4,4,0,0
22,30,ZD,2,2,2,1,0,0,-1,4,4,4,4,4,0,0
22,31,ZD,2,2,2,1,0,0,-1,4,4,4,4,4,0,0
22,32,ZD,2,2,2,1,0,0,-1,4,4,4,4,4,0,0
22,33,ZD,2,2,2,1,0,0,-1,4,4,4,4,4,0,0
22,34,ZD,2,2,2,1,0,0,-1,4,4,4,4,4,0,0
22,35,ZD,2,2,2,1,0,0,-1,4,4,4,4,4,0,0
22,36,ZD,2,2,3,1,0,0,-1,4,4,4,4,4,0,0
22,37,ZD,2,2,3,1,0,0,-1,4,4,4,4,4,0,0
22,38,ZD,2,2,3,1,0,0,-1,4,4,4,4,4,0,0
22,39,ZD,2,2,3,1,0,0,-1,4,4,4,4,4,0,0
22,40,ZD,2,2,3,1,0,0,-1,4,4,4,4,4,0,0
22,41,ZD,2,2,3,1,0,0,-1,4,4,4,4,4,0,0
22,42,ZD,2,2,3,1,0,0,-1,4,4,4,4,4,0,0
22,43,ZD,2,2,3,1,0,0,-1,4,4,4,4,4,0,0
22,44,ZD,2,2,2,0,0,0,-1,4,4,4,4,4,1,0
22,45,ZD,2,2,2,0,0,0,-1,4,4,4,4,4,1,0
22,46,ZD,2,2,2,0,0,0,-1,4,4,4,3,4,1,0
22,47,ZD,2,2,2,0,0,0,-1,4,4,4,3,4,1,0
22,48,ZD,2,2,2,0,0,0,-1,4,4,4,3,4,1,0
22,49,ZD,2,2,2,0,0,0,-1,4,4,4,3,4,1,0
22,50,ZD,2,2,2,0,0,0,-1,4,4,4,4,4,1,0
22,51,ZD,2,2,2,0,0,0,-1,4,4,4,4,4,1,0
22,52,ZD,2,2,3,1,0,0,-1,3,3,3,3,3,0,0
22,53,ZD,2,2,3,1,0,0,-1,3,3,3,3,3,0,0
22,54,ZD,2,2,3,1,0,0,-1,3,3,3,3,3,0,0
22,55,ZD,2,2,3,1,0,0,-1,3,3,3,3,3,0,0
22,56,ZD,2,2,3,1,0,0,-1,3,3,3,3,3,0,0
22,57,ZD,2,2,3,1,0,0,-1,3,3,3,3,3,0,0
22,58,ZD,2,2,3,1,0,0,-1,3,3,3,3,3,0,0
22,59,ZD,2,2,3,1,0,0,-1,3,3,3,3,3,0,0
22,60,ZD,2,2,2,1,0,0,-1,2,2,2,2,2,0,0
22,61,ZD,2,2,2,1,0,0,-1,2,2,2,2,2,0,0
22,62,ZD,2,2,2,1,0,0,-1,2,2,2,2,2,0,0
22,63,ZD,2,2,2,1,0,0,-1,2,2,2,2,2,0,0
22,64,ZD,2,2,2,1,0,0,-1,2,2,2,2,2,0,0
22,65,ZD,2,2,2,1,0,0,-1,2,2,2,2,2,0,0
22,66,ZD,2,2,2,1,0,0,-1,2,2,2,2,2,0,0
22,67,ZD,2,2,2,1,0,0,-1,2,2,2,2,2,0,0
22,68,ZD,2,2,3,1,0,0,-1,3,3,3,3,3,0,0
22,69,ZD,2,2,3,1,0,0,-1,3,3,3,3,3,0,0
22,70,ZD,2,2,3,1,0,0,-1,3,3,3,3,3,0,0
22,71,ZD,2,2,3,1,0,0,-1,3,3,3,3,3,0,0
22,72,ZD,2,2,3,1,0,0,-1,3,3,3,3,3,0,0
22,73,ZD,3,2,3,0,0,0,-1,3,3,2,2,2,1,0
22,74,ZD,2,2,3,1,0,0,-1,3,3,3,3,3,0,0
22,75,ZD,3,2,3,0,0,0,-1,3,3,2,2,2,1,0
22,76,ZD,3,2,3,0,0,0,-1,3,3,2,2,2,1,0
22,77,ZD,2,2,3,1,0,0,-1,3,3,3,3,3,0,0
22,78,ZD,3,2,3,0,0,0,-1,3,3,2,2,2,1,0
22,79,ZD,2,2,3,1,0,0,-1,3,3,3,3,3,0,0
22,80,ZD,2,2,2,0,0,0,0,2,2,2,2,2,1,0
22,81,ZD,2,2,2,0,0,0,0,2,2,2,2,2,1,0
22,82,ZD,2,2,2,0,0,0,0,2,2,2,2,2,1,0
22,83,ZD,2,2,2,0,0,0,0,2,2,2,2,2,1,0
22,84,ZD,2,2,2,0,0,0,-1,4,4,4,3,4,1,0
22,85,ZD,2,2,2,0,0,0,-1,4,4,4,4,4,1,0
22,86,ZD,2,2,2,0,0,0,-1,4,4,4,4,4,1,0
22,87,ZD,2,2,2,0,0,0,-1,4,4,4,3,4,1,0
22,88,ZD,2,2,2,1,0,0,-1,4,4,4,4,4,0,0
22,89,ZD,2,2,2,1,0,0,-1,4,4,4,4,4,0,0
22,90,ZD,2,2,2,1,0,0,-1,4,4,4,4,4,0,0
22,91,ZD,2,2,2,1,0,0,-1,4,4,4,4,4,0,0
22,92,ZD,2,2,2,1,0,0,-1,4,4,4,4,4,0,0
22,93,ZD,2,2,2,1,0,0,-1,4,4,4,4,4,0,0
22,94,ZD,2,2,2,1,0,0,-1,4,4,4,4,4,0,0
22,95,ZD,2,2,2,1,0,0,-1,4,4,4,4,4,0,0
22,96,ZD,3,2,3,0,0,0,-1,4,4,3,3,3,1,0
22,97,ZD,3,2,3,0,0,0,-1,4,4,3,3,3,1,0
22,98,ZD,3,2,3,0,0,0,-1,4,4,3,3,3,1,0
22,99,ZD,3,2,3,0,0,0,-1,4,4,3,3,3,1,0
22,100,ZD,3,2,3,0,0,0,-1,4,4,3,3,3,1,0
22,101,ZD,3,2,3,0,0,0,-1,4,4,3,3,3,1,0
22,102,ZD,3,2,3,0,0,0,-1,4,4,3,3,3,1,0
22,103,ZD,3,2,3,0,0,0,-1,4,4,3,3,3,1,0
22,104,ZD,2,2,2,0,0,0,-1,4,4,2,1,2,1,0
22,105,ZD,2,2,2,0,0,0,-1,4,4,4,3,4,1,0
22,106,ZD,2,2,2,0,0,0,-1,4,4,4,4,4,1,0
22,107,ZD,2,2,2,0,0,0,-1,4,4,4,4,4,1,0
22,108,ZD,2,2,2,0,0,0,-1,4,4,4,4,4,1,0
22,109,ZD,2,2,2,0,0,0,-1,4,4,4,4,4,1,0
22,110,ZD,2,2,2,0,0,0,-1,4,4,4,3,4,1,0
22,111,ZD,2,2,2,0,0,0,-1,4,4,2,1,2,1,0
22,112,ZD,2,2,3,1,0,0,-1,3,3,3,3,3,0,0
22,113,ZD,2,2,3,1,0,0,-1,3,3,3,3,3,0,0
22,114,ZD,2,2,3,1,0,0,-1,3,3,3,3,3,0,0
22,115,ZD,2,2,3,1,0,0,-1,3,3,3,3,3,0,0
22,116,ZD,2,2,3,1,0,0,-1,3,3,3,3,3,0,0
22,117,ZD,2,2,3,1,0,0,-1,3,3,3,3,3,0,0
22,118,ZD,2,2,3,1,0,0,-1,3,3,3,3,3,0,0
22,119,ZD,2,2,3,1,0,0,-1,3,3,3,3,3,0,0
22,120,ZD,2,2,2,1,0,0,-1,2,2,2,2,2,0,0
22,121,ZD,2,2,2,1,0,0,0,1,1,1,1,1,0,0
22,122,ZD,2,2,2,1,0,0,-1,2,2,2,2,2,0,0
22,123,ZD,2,2,2,1,0,0,0,1,1,1,1,1,0,0
22,124,ZD,2,2,2,1,0,0,0,1,1,1,1,1,0,0
22,125,ZD,2,2,2,1,0,0,-1,2,2,2,2,2,0,0
22,126,ZD,2,2,2,1,0,0,0,1,1,1,1,1,0,0
22,127,ZD,2,2,2,1,0,0,-1,2,2,2,2,2,0,0
22,128,ZD,3,2,3,0,0,0,-1,3,3,2,2,2,1,0
22,129,ZD,3,2,3,0,0,0,-1,3,3,2,2,2,1,0
22,130,ZD,3,2,3,0,0,0,-1,3,3,2,2,2,1,0
22,131,ZD,3,2,3,0,0,0,-1,3,3,2,2,2,1,0
22,132,ZD,2,2,3,1,0,0,-1,3,3,3,3,3,0,0
22,133,ZD,2,2,3,1,0,0,-1,3,3,3,3,3,0,0
22,134,ZD,2,2,3,1,0,0,-1,3,3,3,3,3,0,0
22,135,ZD,2,2,3,1,0,0,-1,3,3,3,3,3,0,0
22,136,ZD,2,2,3,1,0,0,-1,3,3,3,3,3,0,0
22,137,ZD,2,2,3,1,0,0,-1,3,3,3,3,3,0,0
22,138,ZD,2,2,3,1,0,0,-1,3,3,3,3,3,0,0
22,139,ZD,2,2,3,1,0,0,-1,3,3,3,3,3,0,0
22,140,ZD,2,2,2,0,0,0,0,2,2,2,2,2,1,0
22,141,INC,1,-1,-1,0,0,-1,-1,-1,-1,-1,-1,-1,0,1
22,142,INC,1,-1,-1,0,0,-1,-1,-1,-1,-1,-1,-1,0,1
22,143,ZD,2,2,2,0,0,0,0,2,2,2,2,2,1,0
22,144,ZD,2,2,2,1,0,0,-1,4,4,4,4,4,0,0
22,145,ZD,2,2,2,1,0,0,-1,4,4,4,4,4,0,0
22,146,ZD,2,2,2,1,0,0,-1,4,4,4,4,4,0,0
22,147,ZD,2,2,2,1,0,0,-1,4,4,4,4,4,0,0
22,148,ZD,2,2,3,1,0,0,-1,4,4,4,4,4,0,0
22,149,ZD,2,2,3,1,0,0,-1,4,4,4,4,4,0,0
22,150,ZD,2,2,3,1,0,0,-1,4,4,4,4,4,0,0
22,151,ZD,2,2,3,1,0,0,-1,4,4,4,4,4,0,0
22,152,ZD,2,2,3,1,0,0,-1,4,4,4,4,4,0,0
22,153,ZD,2,2,3,1,0,0,-1,4,4,4,4,4,0,0
22,154,ZD,2,2,3,1,0,0,-1,4,4,4,4,4,0,0
22,155,ZD,2,2,3,1,0,0,-1,4,4,4,4,4,0,0
22,156,ZD,2,2,2,1,0,0,-1,4,4,4,4,4,0,0
22,157,ZD,2,2,2,1,0,0,-1,4,4,4,4,4,0,0
22,158,ZD,2,2,2,1,0,0,-1,4,4,4,4,4,0,0
22,159,ZD,2,2,2,1,0,0,-1,4,4,4,4,4,0,0
22,160,ZD,2,2,2,1,0,0,-1,4,4,4,4,4,0,0
22,161,ZD,2,2,2,1,0,0,-1,4,4,4,4,4,0,0
22,162,ZD,2,2,2,1,0,0,-1,4,4,4,4,4,0,0
22,163,ZD,2,2,2,1,0,0,-1,4,4,4,4,4,0,0
22,164,ZD,3,2,3,0,0,0,-1,4,4,4,4,4,1,0
22,165,ZD,3,2,3,0,0,0,-1,4,4,4,4,4,1,0
22,166,ZD,3,2,3,0,0,0,-1,4,4,4,4,4,1,0
22,167,ZD,3,2,3,0,0,0,-1,4,4,4,4,4,1,0
22,168,ZD,2,2,3,1,0,0,-1,4,4,4,4,4,0,0
22,169,ZD,2,2,3,1,0,0,-1,4,4,4,4,4,0,0
22,170,ZD,2,2,3,1,0,0,-1,4,4,4,4,4,0,0
22,171,ZD,2,2,3,1,0,0,-1,4,4,4,4,4,0,0
22,172,ZD,2,2,3,1,0,0,-1,4,4,4,4,4,0,0
22,173,ZD,2,2,3,1,0,0,-1,4,4,4,4,4,0,0
22,174,ZD,2,2,3,1,0,0,-1,4,4,4,4,4,0,0
22,175,ZD,2,2,3,1,0,0,-1,4,4,4,4,4,0,0
22,176,ZD,2,2,2,0,0,0,-1,4,4,4,4,4,1,0
22,177,ZD,2,2,2,0,0,0,-1,4,4,4,4,4,1,0
22,178,ZD,2,2,2,0,0,0,-1,4,4,4,4,4,1,0
22,179,ZD,2,2,2,0,0,0,-1,4,4,4,4,4,1,0
22,180,ZD,3,2,3,0,0,0,-1,3,3,2,1,2,1,0
22,181,ZD,3,2,3,0,0,0,-1,3,3,3,3,3,1,0
22,182,ZD,3,2,3,0,0,0,-1,3,3,3,3,3,1,0
22,183,ZD,3,2,3,0,0,0,-1,3,3,2,1,2,1,0
22,184,ZD,3,2,3,0,0,0,-1,3,3,3,2,3,1,0
22,185,ZD,3,2,3,0,0,0,-1,3,3,3,2,3,1,0
22,186,ZD,2,2,3,1,0,0,-1,3,3,3,3,3,0,0
22,187,ZD,2,2,3,1,0,0,-1,3,3,3,3,3,0,0
22,188,ZD,2,2,3,1,0,0,-1,3,3,3,3,3,0,0
22,189,ZD,2,2,3,1,0,0,-1,3,3,3,3,3,0,0
22,190,ZD,3,2,3,0,0,0,-1,3,3,3,2,3,1,0
22,191,ZD,3,2,3,0,0,0,-1,3,3,3,2,3,1,0
22,192,ZD,2,2,2,1,0,0,-1,2,2,2,2,2,0,0
22,193,ZD,2,2,2,1,0,0,-1,2,2,2,2,2,0,0
22,194,ZD,2,2,2,1,0,0,-1,2,2,2,2,2,0,0
22,195,ZD,2,2,2,1,0,0,-1,2,2,2,2,2,0,0
22,196,ZD,2,2,3,1,0,0,-1,3,3,3,3,3,0,0
22,197,ZD,2,2,3,1,0,0,-1,3,3,3,3,3,0,0
22,198,ZD,2,2,3,1,0,0,-1,3,3,3,3,3,0,0
22,199,ZD,2,2,3,1,0,0,-1,3,3,3,3,3,0,0
23,24,ZD,2,2,2,0,0,0,-1,4,4,4,4,4,1,0
23,25,ZD,2,2,2,0,0,0,-1,4,4,4,3,4,1,0
23,26,ZD,2,2,2,0,0,0,-1,4,4,4,3,4,1,0
23,27,ZD,2,2,2,0,0,0,-1,4,4,4,4,4,1,0
23,28,ZD,2,2,2,1,0,0,-1,4,4,4,4,4,0,0
23,29,ZD,2,2,2,1,0,0,-1,4,4,4,4,4,0,0
23,30,ZD,2,2,2,1,0,0,-1,4,4,4,4,4,0,0
23,31,ZD,2,2,2,1,0,0,-1,4,4,4,4,4,0,0
23,32,ZD,2,2,2,1,0,0,-1,4,4,4,4,4,0,0
23,33,ZD,2,2,2,1,0,0,-1,4,4,4,4,4,0,0
23,34,ZD,2,2,2,1,0,0,-1,4,4,4,4,4,0,0
23,35,ZD,2,2,2,1,0,0,-1,4,4,4,4,4,0,0
23,36,ZD,2,2,3,1,0,0,-1,4,4,4,4,4,0,0
23,37,ZD,2,2,3,1,0,0,-1,4,4,4,4,4,0,0
23,38,ZD,2,2,3,1,0,0,-1,4,4,4,4,4,0,0
23,39,ZD,2,2,3,1,0,0,-1,4,4,4,4,4,0,0
23,40,ZD,2,2,3,1,0,0,-1,4,4,4,4,4,0,0
23,41,ZD,2,2,3,1,0,0,-1,4,4,4,4,4,0,0
23,42,ZD,2,2,3,1,0,0,-1,4,4,4,4,4,0,0
23,43,ZD,2,2,3,1,0,0,-1,4,4,4,4,4,0,0
23,44,ZD,2,2,2,0,0,0,-1,4,4,4,4,4,1,0
23,45,ZD,2,2,2,0,0,0,-1,4,4,4,4,4,1,0
23,46,ZD,2,2,2,0,0,0,-1,4,4,4,3,4,1,0
23,47,ZD,2,2,2,0,0,0,-1,4,4,4,3,4,1,0
23,48,ZD,2,2,2,0,0,0,-1,4,4,4,3,4,1,0
23,49,ZD,2,2,2,0,0,0,-1,4,4,4,3,4,1,0
23,50,ZD,2,2,2,0,0,0,-1,4,4,4,4,4,1,0
23,51,ZD,2,2,2,0,0,0,-1,4,4,4,4,4,1,0
23,52,ZD,2,2,3,1,0,0,-1,3,3,3,3,3,0,0
23,53,ZD,2,2,3,1,0,0,-1,3,3,3,3,3,0,0
23,54,ZD,2,2,3,1,0,0,-1,3,3,3,3,3,0,0
23,55,ZD,2,2,3,1,0,0,-1,3,3,3,3,3,0,0
23,56,ZD,2,2,3,1,0,0,-1,3,3,3,3,3,0,0
23,57,ZD,2,2,3,1,0,0,-1,3,3,3,3,3,0,0
23,58,ZD,2,2,3,1,0,0,-1,3,3,3,3,3,0,0
23,59,ZD,2,2,3,1,0,0,-1,3,3,3,3,3,0,0
23,60,ZD,2,2,2,1,0,0,-1,2,2,2,2,2,0,0
23,61,ZD,2,2,2,1,0,0,-1,2,2,2,2,2,0,0
23,62,ZD,2,2,2,1,0,0,-1,2,2,2,2,2,0,0
23,63,ZD,2,2,2,1,0,0,-1,2,2,2,2,2,0,0
23,64,ZD,2,2,2,1,0,0,-1,2,2,2,2,2,0,0
23,65,ZD,2,2,2,1,0,0,-1,2,2,2,2,2,0,0
23,66,ZD,2,2,2,1,0,0,-1,2,2,2,2,2,0,0
23,67,ZD,2,2,2,1,0,0,-1,2,2,2,2,2,0,0
23,68,ZD,2,2,3,1,0,0,-1,3,3,3,3,3,0,0
23,69,ZD,2,2,3,1,0,0,-1,3,3,3,3,3,0,0
23,70,ZD,2,2,3,1,0,0,-1,3,3,3,3,3,0,0
23,71,ZD,2,2,3,1,0,0,-1,3,3,3,3,3,0,0
23,72,ZD,3,2,3,0,0,0,-1,3,3,3,3,3,1,0
23,73,ZD,2,2,3,1,0,0,-1,3,3,3,3,3,0,0
23,74,ZD,3,2,3,0,0,0,-1,3,3,3,3,3,1,0
23,75,ZD,2,2,3,1,0,0,-1,3,3,3,3,3,0,0
23,76,ZD,2,2,3,1,0,0,-1,3,3,3,3,3,0,0
23,77,ZD,3,2,3,0,0,0,-1,3,3,3,3,3,1,0
23,78,ZD,2,2,3,1,0,0,-1,3,3,3,3,3,0,0
23,79,ZD,3,2,3,0,0,0,-1,3,3,3,3,3,1,0
23,80,ZD,2,2,2,0,0,0,0,2,2,2,2,2,1,0
23,81,ZD,2,2,2,0,0,0,0,2,2,2,2,2,1,0
23,82,ZD,2,2,2,0,0,0,0,2,2,2,2,2,1,0
23,83,ZD,2,2,2,0,0,0,0,2,2,2,2,2,1,0
23,84,ZD,2,2,2,0,0,0,-1,4,4,4,3,4,1,0
23,85,ZD,2,2,2,0,0,0,-1,4,4,4,4,4,1,0
23,86,ZD,2,2,2,0,0,0,-1,4,4,4,4,4,1,0
23,87,ZD,2,2,2,0,0,0,-1,4,4,4,3,4,1,0
23,88,ZD,2,2,2,1,0,0,-1,4,4,4,4,4,0,0
23,89,ZD,2,2,2,1,0,0,-1,4,4,4,4,4,0,0
23,90,ZD,2,2,2,1,0,0,-1,4,4,4,4,4,0,0
23,91,ZD,2,2,2,1,0,0,-1,4,4,4,4,4,0,0
23,92,ZD,2,2,2,1,0,0,-1,4,4,4,4,4,0,0
23,93,ZD,2,2,2,1,0,0,-1,4,4,4,4,4,0,0
23,94,ZD,2,2,2,1,0,0,-1,4,4,4,4,4,0,0
23,95,ZD,2,2,2,1,0,0,-1,4,4,4,4,4,0,0
23,96,ZD,3,2,3,0,0,0,-1,4,4,4,4,4,1,0
23,97,ZD,3,2,3,0,0,0,-1,4,4,4,4,4,1,0
23,98,ZD,3,2,3,0,0,0,-1,4,4,4,4,4,1,0
23,99,ZD,3,2,3,0,0,0,-1,4,4,4,4,4,1,0
23,100,ZD,3,2,3,0,0,0,-1,4,4,4,4,4,1,0
23,101,ZD,3,2,3,0,0,0,-1,4,4,4,4,4,1,0
23,102,ZD,3,2,3,0,0,0,-1,4,4,4,4,4,1,0
23,103,ZD,3,2,3,0,0,0,-1,4,4,4,4,4,1,0
23,104,ZD,2,2,2,0,0,0,-1,4,4,4,3,4,1,0
23,105,ZD,2,2,2,0,0,0,-1,4,4,2,1,2,1,0
23,106,ZD,2,2,2,0,0,0,-1,4,4,4,4,4,1,0
23,107,ZD,2,2,2,0,0,0,-1,4,4,4,4,4,1,0
23,108,ZD,2,2,2,0,0,0,-1,4,4,4,4,4,1,0
23,109,ZD,2,2,2,0,0,0,-1,4,4,4,4,4,1,0
23,110,ZD,2,2,2,0,0,0,-1,4,4,2,1,2,1,0
23,111,ZD,2,2,2,0,0,0,-1,4,4,4,3,4,1,0
23,112,ZD,2,2,3,1,0,0,-1,3,3,3,3,3,0,0
23,113,ZD,2,2,3,1,0,0,-1,3,3,3,3,3,0,0
23,114,ZD,2,2,3,1,0,0,-1,3,3,3,3,3,0,0
23,115,ZD,2,2,3,1,0,0,-1,3,3,3,3,3,0,0
23,116,ZD,2,2,3,1,0,0,-1,3,3,3,3,3,0,0
23,117,ZD,2,2,3,1,0,0,-1,3,3,3,3,3,0,0
23,118,ZD,2,2,3,1,0,0,-1,3,3,3,3,3,0,0
23,119,ZD,2,2,3,1,0,0,-1,3,3,3,3,3,0,0
23,120,ZD,2,2,2,1,0,0,0,1,1,1,1,1,0,0
23,121,ZD,2,2,2,1,0,0,-1,2,2,2,2,2,0,0
23,122,ZD,2,2,2,1,0,0,0,1,1,1,1,1,0,0
23,123,ZD,2,2,2,1,0,0,-1,2,2,2,2,2,0,0
23,124,ZD,2,2,2,1,0,0,-1,2,2,2,2,2,0,0
23,125,ZD,2,2,2,1,0,0,0,1,1,1,1,1,0,0
23,126,ZD,2,2,2,1,0,0,-1,2,2,2,2,2,0,0
23,127,ZD,2,2,2,1,0,0,0,1,1,1,1,1,0,0
23,128,ZD,3,2,3,0,0,0,-1,3,3,3,3,3,1,0
23,129,ZD,3,2,3,0,0,0,-1,3,3,3,3,3,1,0
23,130,ZD,3,2,3,0,0,0,-1,3,3,3,3,3,1,0
23,131,ZD,3,2,3,0,0,0,-1,3,3,3,3,3,1,0
23,132,ZD,2,2,3,1,0,0,-1,3,3,3,3,3,0,0
23,133,ZD,2,2,3,1,0,0,-1,3,3,3,3,3,0,0
23,134,ZD,2,2,3,1,0,0,-1,3,3,3,3,3,0,0
23,135,ZD,2,2,3,1,0,0,-1,3,3,3,3,3,0,0
23,136,ZD,2,2,3,1,0,0,-1,3,3,3,3,3,0,0
23,137,ZD,2,2,3,1,0,0,-1,3,3,3,3,3,0,0
23,138,ZD,2,2,3,1,0,0,-1,3,3,3,3,3,0,0
23,139,ZD,2,2,3,1,0,0,-1,3,3,3,3,3,0,0
23,140,INC,1,-1,-1,0,0,-1,-1,-1,-1,-1,-1,-1,0,1
23,141,ZD,2,2,2,0,0,0,0,2,2,2,2,2,1,0
23,142,ZD,2,2,2,0,0,0,0,2,2,2,2,2,1,0
23,143,INC,1,-1,-1,0,0,-1,-1,-1,-1,-1,-1,-1,0,1
23,144,ZD,2,2,2,1,0,0,-1,4,4,4,4,4,0,0
23,145,ZD,2,2,2,1,0,0,-1,4,4,4,4,4,0,0
23,146,ZD,2,2,2,1,0,0,-1,4,4,4,4,4,0,0
23,147,ZD,2,2,2,1,0,0,-1,4,4,4,4,4,0,0
23,148,ZD,2,2,3,1,0,0,-1,4,4,4,4,4,0,0
23,149,ZD,2,2,3,1,0,0,-1,4,4,4,4,4,0,0
23,150,ZD,2,2,3,1,0,0,-1,4,4,4,4,4,0,0
23,151,ZD,2,2,3,1,0,0,-1,4,4,4,4,4,0,0
23,152,ZD,2,2,3,1,0,0,-1,4,4,4,4,4,0,0
23,153,ZD,2,2,3,1,0,0,-1,4,4,4,4,4,0,0
23,154,ZD,2,2,3,1,0,0,-1,4,4,4,4,4,0,0
23,155,ZD,2,2,3,1,0,0,-1,4,4,4,4,4,0,0
23,156,ZD,2,2,2,1,0,0,-1,4,4,4,4,4,0,0
23,157,ZD,2,2,2,1,0,0,-1,4,4,4,4,4,0,0
23,158,ZD,2,2,2,1,0,0,-1,4,4,4,4,4,0,0
23,159,ZD,2,2,2,1,0,0,-1,4,4,4,4,4,0,0
23,160,ZD,2,2,2,1,0,0,-1,4,4,4,4,4,0,0
23,161,ZD,2,2,2,1,0,0,-1,4,4,4,4,4,0,0
23,162,ZD,2,2,2,1,0,0,-1,4,4,4,4,4,0,0
23,163,ZD,2,2,2,1,0,0,-1,4,4,4,4,4,0,0
23,164,ZD,3,2,3,0,0,0,-1,4,4,4,4,4,1,0
23,165,ZD,3,2,3,0,0,0,-1,4,4,4,4,4,1,0
23,166,ZD,3,2,3,0,0,0,-1,4,4,4,4,4,1,0
23,167,ZD,3,2,3,0,0,0,-1,4,4,4,4,4,1,0
23,168,ZD,2,2,3,1,0,0,-1,4,4,4,4,4,0,0
23,169,ZD,2,2,3,1,0,0,-1,4,4,4,4,4,0,0
23,170,ZD,2,2,3,1,0,0,-1,4,4,4,4,4,0,0
23,171,ZD,2,2,3,1,0,0,-1,4,4,4,4,4,0,0
23,172,ZD,2,2,3,1,0,0,-1,4,4,4,4,4,0,0
23,173,ZD,2,2,3,1,0,0,-1,4,4,4,4,4,0,0
23,174,ZD,2,2,3,1,0,0,-1,4,4,4,4,4,0,0
23,175,ZD,2,2,3,1,0,0,-1,4,4,4,4,4,0,0
23,176,ZD,2,2,2,0,0,0,-1,4,4,4,4,4,1,0
23,177,ZD,2,2,2,0,0,0,-1,4,4,4,4,4,1,0
23,178,ZD,2,2,2,0,0,0,-1,4,4,4,4,4,1,0
23,179,ZD,2,2,2,0,0,0,-1,4,4,4,4,4,1,0
23,180,ZD,3,2,3,0,0,0,-1,3,3,2,1,2,1,0
23,181,ZD,3,2,3,0,0,0,-1,3,3,3,3,3,1,0
23,182,ZD,3,2,3,0,0,0,-1,3,3,3,3,3,1,0
23,183,ZD,3,2,3,0,0,0,-1,3,3,2,1,2,1,0
23,184,ZD,3,2,3,0,0,0,-1,3,3,3,2,3,1,0
23,185,ZD,3,2,3,0,0,0,-1,3,3,3,2,3,1,0
23,186,ZD,2,2,3,1,0,0,-1,3,3,3,3,3,0,0
23,187,ZD,2,2,3,1,0,0,-1,3,3,3,3,3,0,0
23,188,ZD,2,2,3,1,0,0,-1,3,3,3,3,3,0,0
23,189,ZD,2,2,3,1,0,0,-1,3,3,3,3,3,0,0
23,190,ZD,3,2,3,0,0,0,-1,3,3,3,2,3,1,0
23,191,ZD,3,2,3,0,0,0,-1,3,3,3,2,3,1,0
23,192,ZD,2,2,2,1,0,0,-1,2,2,2,2,2,0,0
23,193,ZD,2,2,2,1,0,0,-1,2,2,2,2,2,0,0
23,194,ZD,2,2,2,1,0,0,-1,2,2,2,2,2,0,0
23,195,ZD,2,2,2,1,0,0,-1,2,2,2,2,2,0,0
23,196,ZD,2,2,3,1,0,0,-1,3,3,3,3,3,0,0
23,197,ZD,2,2,3,1,0,0,-1,3,3,3,3,3,0,0
23,198,ZD,2,2,3,1,0,0,-1,3,3,3,3,3,0,0
23,199,ZD,2,2,3,1,0,0,-1,3,3,3,3,3,0,0
24,25,INC,1,-1,-1,0,0,-1,-1,-1,-1,-1,-1,-1,0,1
24,26,INC,1,-1,-1,0,0,-1,-1,-1,-1,-1,-1,-1,0,1
24,27,POS,1,1,1,0,0,0,0,0,0,-1,-1,-1,0,1
24,28,ZD,2,2,2,1,0,0,0,2,2,2,2,2,0,0
24,29,ZD,2,2,2,1,0,0,0,2,2,2,2,2,0,0
24,30,ZD,2,2,2,1,0,0,0,2,2,2,2,2,0,0
24,31,ZD,2,2,2,1,0,0,0,2,2,2,2,2,0,0
24,32,ZD,2,2,2,1,0,0,0,2,2,2,2,2,0,0
24,33,ZD,2,2,2,1,0,0,0,2,2,2,2,2,0,0
24,34,ZD,2,2,2,1,0,0,0,2,2,2,2,2,0,0
24,35,ZD,2,2,2,1,0,0,0,2,2,2,2,2,0,0
24,36,ZD,2,2,2,1,0,0,0,2,2,2,2,2,0,0
24,37,ZD,2,2,2,1,0,0,0,2,2,2,2,2,0,0
24,38,ZD,2,2,2,1,0,0,-1,2,2,2,2,2,0,0
24,39,ZD,2,2,2,1,0,0,-1,2,2,2,2,2,0,0
24,40,ZD,2,2,2,1,0,0,-1,2,2,2,2,2,0,0
24,41,ZD,2,2,2,1,0,0,-1,2,2,2,2,2,0,0
24,42,ZD,2,2,2,1,0,0,0,2,2,2,2,2,0,0
24,43,ZD,2,2,2,1,0,0,0,2,2,2,2,2,0,0
24,44,ZD,2,2,2,0,0,0,0,4,4,4,2,4,1,0
24,45,ZD,2,2,2,0,0,0,0,4,4,4,2,4,1,0
24,46,ZD,2,2,2,0,0,0,0,4,4,4,4,4,1,0
24,47,ZD,2,2,2,0,0,0,0,4,4,4,4,4,1,0
24,48,ZD,2,2,2,0,0,0,0,4,4,4,4,4,1,0
24,49,ZD,2,2,2,0,0,0,0,4,4,4,4,4,1,0
24,50,ZD,2,2,2,0,0,0,0,4,4,4,2,4,1,0
24,51,ZD,2,2,2,0,0,0,0,4,4,4,2,4,1,0
24,52,ZD,2,2,2,1,0,0,-1,2,2,2,2,2,0,0
24,53,ZD,2,2,2,1,0,0,-1,2,2,2,2,2,0,0
24,54,ZD,2,2,2,1,0,0,-1,2,2,2,2,2,0,0
24,55,ZD,2,2,2,1,0,0,-1,2,2,2,2,2,0,0
24,56,ZD,2,2,2,1,0,0,-1,2,2,2,2,2,0,0
24,57,ZD,2,2,2,1,0,0,-1,2,2,2,2,2,0,0
24,58,ZD,2,2,2,1,0,0,-1,2,2,2,2,2,0,0
24,59,ZD,2,2,2,1,0,0,-1,2,2,2,2,2,0,0
24,60,ZD,2,2,2,0,0,0,0,4,4,4,4,4,1,0
24,61,ZD,2,2,2,0,0,0,0,4,4,4,4,4,1,0
24,62,ZD,2,2,2,0,0,0,0,4,4,4,4,4,1,0
24,63,ZD,2,2,2,0,0,0,0,4,4,4,4,4,1,0
24,64,ZD,2,2,2,0,0,0,0,4,4,4,4,4,1,0
24,65,ZD,2,2,2,0,0,0,0,4,4,4,4,4,1,0
24,66,ZD,2,2,2,0,0,0,0,4,4,4,4,4,1,0
24,67,ZD,2,2,2,0,0,0,0,4,4,4,4,4,1,0
24,68,ZD,2,2,2,1,0,0,-1,2,2,2,2,2,0,0
24,69,ZD,2,2,2,1,0,0,-1,2,2,2,2,2,0,0
24,70,ZD,2,2,2,1,0,0,-1,2,2,2,2,2,0,0
24,71,ZD,2,2,2,1,0,0,-1,2,2,2,2,2,0,0
24,72,ZD,2,2,2,0,0,0,-1,4,4,4,4,4,1,0
24,73,ZD,2,2,2,0,0,0,-1,4,4,4,4,4,1,0
24,74,ZD,2,2,2,0,0,0,-1,4,4,4,4,4,1,0
24,75,ZD,2,2,2,0,0,0,-1,4,4,4,4,4,1,0
24,76,ZD,2,2,2,0,0,0,-1,4,4,4,4,4,1,0
24,77,ZD,2,2,2,0,0,0,-1,4,4,4,4,4,1,0
24,78,ZD,2,2,2,0,0,0,-1,4,4,4,4,4,1,0
24,79,ZD,2,2,2,0,0,0,-1,4,4,4,4,4,1,0
24,80,ZD,2,2,2,0,0,0,0,4,4,4,4,4,1,0
24,81,ZD,2,2,2,0,0,0,0,4,4,4,4,4,1,0
24,82,ZD,2,2,2,0,0,0,0,4,4,4,4,4,1,0
24,83,ZD,2,2,2,0,0,0,0,4,4,4,4,4,1,0
24,84,INC,1,-1,-1,0,0,-1,-1,-1,-1,-1,-1,-1,0,1
24,85,INC,1,-1,-1,0,0,-1,-1,-1,-1,-1,-1,-1,0,1
24,86,INC,1,-1,-1,0,0,-1,-1,-1,-1,-1,-1,-1,0,1
24,87,INC,1,-1,-1,0,0,-1,-1,-1,-1,-1,-1,-1,0,1
24,88,ZD,2,2,2,1,0,0,-1,2,2,2,2,2,0,0
24,89,ZD,2,2,2,1,0,0,-1,2,2,2,2,2,0,0
24,90,ZD,2,2,2,1,0,0,-1,2,2,2,2,2,0,0
24,91,ZD,2,2,2,1,0,0,-1,2,2,2,2,2,0,0
24,92,ZD,2,2,2,1,0,0,-1,2,2,2,2,2,0,0
24,93,ZD,2,2,2,1,0,0,-1,2,2,2,2,2,0,0
24,94,ZD,2,2,2,1,0,0,-1,2,2,2,2,2,0,0
24,95,ZD,2,2,2,1,0,0,-1,2,2,2,2,2,0,0
24,96,ZD,2,2,2,1,0,0,-1,2,2,2,2,2,0,0
24,97,ZD,2,2,2,1,0,0,-1,2,2,2,2,2,0,0
24,98,ZD,2,2,2,1,0,0,-1,2,2,2,2,2,0,0
24,99,ZD,2,2,2,1,0,0,-1,2,2,2,2,2,0,0
24,100,ZD,2,2,2,1,0,0,-1,2,2,2,2,2,0,0
24,101,ZD,2,2,2,1,0,0,-1,2,2,2,2,2,0,0
24,102,ZD,2,2,2,1,0,0,-1,2,2,2,2,2,0,0
24,103,ZD,2,2,2,1,0,0,-1,2,2,2,2,2,0,0
24,104,ZD,2,2,2,0,0,0,-1,4,4,4,4,4,1,0
24,105,ZD,2,2,2,0,0,0,-1,4,4,4,4,4,1,0
24,106,ZD,2,2,2,0,0,0,-1,4,4,4,4,4,1,0
24,107,ZD,2,2,2,0,0,0,-1,4,4,4,4,4,1,0
24,108,ZD,2,2,2,0,0,0,-1,4,4,4,4,4,1,0
24,109,ZD,2,2,2,0,0,0,-1,4,4,4,4,4,1,0
24,110,ZD,2,2,2,0,0,0,-1,4,4,4,4,4,1,0
24,111,ZD,2,2,2,0,0,0,-1,4,4,4,4,4,1,0
24,112,ZD,2,2,2,1,0,0,-1,2,2,2,2,2,0,0
24,113,ZD,2,2,2,1,0,0,-1,2,2,2,2,2,0,0
24,114,ZD,2,2,2,1,0,0,-1,2,2,2,2,2,0,0
24,115,ZD,2,2,2,1,0,0,-1,2,2,2,2,2,0,0
24,116,ZD,2,2,2,1,0,0,-1,2,2,2,2,2,0,0
24,117,ZD,2,2,2,1,0,0,-1,2,2,2,2,2,0,0
24,118,ZD,2,2,2,1,0,0,-1,2,2,2,2,2,0,0
24,119,ZD,2,2,2,1,0,0,-1,2,2,2,2,2,0,0
24,120,ZD,2,2,2,0,0,0,-1,4,4,4,4,4,1,0
24,121,ZD,2,2,2,0,0,0,-1,4,4,4,4,4,1,0
24,122,ZD,2,2,2,0,0,0,-1,4,4,4,4,4,1,0
24,123,ZD,2,2,2,0,0,0,-1,4,4,4,4,4,1,0
24,124,ZD,2,2,2,0,0,0,-1,4,4,4,4,4,1,0
24,125,ZD,2,2,2,0,0,0,-1,4,4,4,4,4,1,0
24,126,ZD,2,2,2,0,0,0,-1,4,4,4,4,4,1,0
24,127,ZD,2,2,2,0,0,0,-1,4,4,4,4,4,1,0
24,128,ZD,2,2,2,1,0,0,0,2,2,2,2,2,0,0
24,129,ZD,2,2,2,1,0,0,0,2,2,2,2,2,0,0
24,130,ZD,2,2,2,1,0,0,0,2,2,2,2,2,0,0
24,131,ZD,2,2,2,1,0,0,0,2,2,2,2,2,0,0
24,132,ZD,2,2,2,0,0,0,-1,4,4,4,4,4,1,0
24,133,ZD,2,2,2,0,0,0,-1,4,4,4,4,4,1,0
24,134,ZD,2,2,2,0,0,0,-1,4,4,4,4,4,1,0
24,135,ZD,2,2,2,0,0,0,-1,4,4,4,4,4,1,0
24,136,ZD,2,2,2,0,0,0,-1,4,4,4,4,4,1,0
24,137,ZD,2,2,2,0,0,0,-1,4,4,4,4,4,1,0
24,138,ZD,2,2,2,0,0,0,-1,4,4,4,4,4,1,0
24,139,ZD,2,2,2,0,0,0,-1,4,4,4,4,4,1,0
24,140,ZD,2,2,2,0,0,0,-1,4,4,4,4,4,1,0
24,141,ZD,2,2,2,0,0,0,-1,4,4,4,4,4,1,0
24,142,ZD,2,2,2,0,0,0,-1,4,4,4,4,4,1,0
24,143,ZD,2,2,2,0,0,0,-1,4,4,4,4,4,1,0
24,144,ZD,2,2,2,1,0,0,0,2,2,2,2,2,0,0
24,145,ZD,2,2,2,1,0,0,0,2,2,2,2,2,0,0
24,146,ZD,2,2,2,1,0,0,0,2,2,2,2,2,0,0
24,147,ZD,2,2,2,1,0,0,0,2,2,2,2,2,0,0
24,148,ZD,2,2,2,1,0,0,-1,2,2,2,2,2,0,0
24,149,ZD,2,2,2,1,0,0,-1,2,2,2,2,2,0,0
24,150,ZD,2,2,2,1,0,0,-1,2,2,2,2,2,0,0
24,151,ZD,2,2,2,1,0,0,-1,2,2,2,2,2,0,0
24,152,ZD,2,2,2,1,0,0,-1,2,2,2,2,2,0,0
24,153,ZD,2,2,2,1,0,0,-1,2,2,2,2,2,0,0
24,154,ZD,2,2,2,1,0,0,-1,2,2,2,2,2,0,0
24,155,ZD,2,2,2,1,0,0,-1,2,2,2,2,2,0,0
24,156,ZD,2,2,2,0,0,0,0,4,4,4,4,4,1,0
24,157,ZD,2,2,2,0,0,0,0,4,4,4,4,4,1,0
24,158,ZD,2,2,2,0,0,0,0,4,4,4,4,4,1,0
24,159,ZD,2,2,2,0,0,0,0,4,4,4,4,4,1,0
24,160,ZD,2,2,2,0,0,0,0,4,4,4,4,4,1,0
24,161,ZD,2,2,2,0,0,0,0,4,4,4,4,4,1,0
24,162,ZD,2,2,2,0,0,0,0,4,4,4,4,4,1,0
24,163,ZD,2,2,2,0,0,0,0,4,4,4,4,4,1,0
24,164,ZD,2,2,2,1,0,0,-1,2,2,2,2,2,0,0
24,165,ZD,2,2,2,1,0,0,-1,2,2,2,2,2,0,0
24,166,ZD,2,2,2,1,0,0,-1,2,2,2,2,2,0,0
24,167,ZD,2,2,2,1,0,0,-1,2,2,2,2,2,0,0
24,168,ZD,2,2,2,0,0,0,-1,4,4,4,4,4,1,0
24,169,ZD,2,2,2,0,0,0,-1,4,4,4,4,4,1,0
24,170,ZD,2,2,2,0,0,0,-1,4,4,4,4,4,1,0
24,171,ZD,2,2,2,0,0,0,-1,4,4,4,4,4,1,0
24,172,ZD,2,2,2,0,0,0,-1,4,4,4,4,4,1,0
24,173,ZD,2,2,2,0,0,0,-1,4,4,4,4,4,1,0
24,174,ZD,2,2,2,0,0,0,-1,4,4,4,4,4,1,0
24,175,ZD,2,2,2,0,0,0,-1,4,4,4,4,4,1,0
24,176,ZD,2,2,2,0,0,0,0,4,4,4,4,4,1,0
24,177,ZD,2,2,2,0,0,0,0,4,4,4,4,4,1,0
24,178,ZD,2,2,2,0,0,0,0,4,4,4,4,4,1,0
24,179,ZD,2,2,2,0,0,0,0,4,4,4,4,4,1,0
24,180,ZD,2,2,2,1,0,0,0,2,2,2,2,2,0,0
24,181,ZD,2,2,2,1,0,0,0,2,2,2,2,2,0,0
24,182,ZD,2,2,2,1,0,0,0,2,2,2,2,2,0,0
24,183,ZD,2,2,2,1,0,0,0,2,2,2,2,2,0,0
24,184,ZD,2,3,2,0,0,0,0,4,4,4,4,4,1,0
24,185,ZD,2,3,2,0,0,0,0,4,4,4,4,4,1,0
24,186,ZD,2,3,2,0,0,0,0,4,4,4,4,4,1,0
24,187,ZD,2,3,2,0,0,0,0,4,4,4,4,4,1,0
24,188,ZD,2,3,2,0,0,0,0,4,4,4,4,4,1,0
24,189,ZD,2,3,2,0,0,0,0,4,4,4,4,4,1,0
24,190,ZD,2,3,2,0,0,0,0,4,4,4,4,4,1,0
24,191,ZD,2,3,2,0,0,0,0,4,4,4,4,4,1,0
24,192,ZD,2,2,2,0,0,0,0,4,4,4,4,4,1,0
24,193,ZD,2,2,2,0,0,0,0,4,4,4,4,4,1,0
24,194,ZD,2,2,2,0,0,0,0,4,4,4,4,4,1,0
24,195,ZD,2,2,2,0,0,0,0,4,4,4,4,4,1,0
24,196,ZD,2,3,2,0,0,0,0,4,4,4,4,4,1,0
24,197,ZD,2,3,2,0,0,0,0,4,4,4,4,4,1,0
24,198,ZD,2,3,2,0,0,0,0,4,4,4,4,4,1,0
24,199,ZD,2,3,2,0,0,0,0,4,4,4,4,4,1,0
25,26,POS,1,1,1,0,0,0,0,0,0,-1,-1,-1,0,1
25,27,INC,1,-1,-1,0,0,-1,-1,-1,-1,-1,-1,-1,0,1
25,28,ZD,2,2,2,1,0,0,0,2,2,2,2,2,0,0
25,29,ZD,2,2,2,1,0,0,0,2,2,2,2,2,0,0
25,30,ZD,2,2,2,1,0,0,0,2,2,2,2,2,0,0
25,31,ZD,2,2,2,1,0,0,0,2,2,2,2,2,0,0
25,32,ZD,2,2,2,1,0,0,0,2,2,2,2,2,0,0
25,33,ZD,2,2,2,1,0,0,0,2,2,2,2,2,0,0
25,34,ZD,2,2,2,1,0,0,0,2,2,2,2,2,0,0
25,35,ZD,2,2,2,1,0,0,0,2,2,2,2,2,0,0
25,36,ZD,2,2,2,1,0,0,-1,2,2,2,2,2,0,0
25,37,ZD,2,2,2,1,0,0,-1,2,2,2,2,2,0,0
25,38,ZD,2,2,2,1,0,0,0,2,2,2,2,2,0,0
25,39,ZD,2,2,2,1,0,0,0,2,2,2,2,2,0,0
25,40,ZD,2,2,2,1,0,0,0,2,2,2,2,2,0,0
25,41,ZD,2,2,2,1,0,0,0,2,2,2,2,2,0,0
25,42,ZD,2,2,2,1,0,0,-1,2,2,2,2,2,0,0
25,43,ZD,2,2,2,1,0,0,-1,2,2,2,2,2,0,0
25,44,ZD,2,2,2,0,0,0,0,4,4,4,4,4,1,0
25,45,ZD,2,2,2,0,0,0,0,4,4,4,4,4,1,0
25,46,ZD,2,2,2,0,0,0,0,4,4,4,2,4,1,0
25,47,ZD,2,2,2,0,0,0,0,4,4,4,2,4,1,0
25,48,ZD,2,2,2,0,0,0,0,4,4,4,2,4,1,0
25,49,ZD,2,2,2,0,0,0,0,4,4,4,2,4,1,0
25,50,ZD,2,2,2,0,0,0,0,4,4,4,4,4,1,0
25,51,ZD,2,2,2,0,0,0,0,4,4,4,4,4,1,0
25,52,ZD,2,2,2,1,0,0,0,2,2,1,1,1,0,0
25,53,ZD,2,2,2,1,0,0,0,2,2,1,1,1,0,0
25,54,ZD,2,2,2,1,0,0,0,2,2,1,1,1,0,0
25,55,ZD,2,2,2,1,0,0,0,2,2,1,1,1,0,0
25,56,ZD,2,2,2,1,0,0,0,2,2,1,1,1,0,0
25,57,ZD,2,2,2,1,0,0,0,2,2,1,1,1,0,0
25,58,ZD,2,2,2,1,0,0,0,2,2,1,1,1,0,0
25,59,ZD,2,2,2,1,0,0,0,2,2,1,1,1,0,0
25,60,ZD,2,2,2,0,0,0,0,4,4,4,4,4,1,0
25,61,ZD,2,2,2,0,0,0,0,4,4,4,4,4,1,0
25,62,ZD,2,2,2,0,0,0,0,4,4,4,4,4,1,0
25,63,ZD,2,2,2,0,0,0,0,4,4,4,4,4,1,0
25,64,ZD,2,2,2,0,0,0,0,4,4,4,4,4,1,0
25,65,ZD,2,2,2,0,0,0,0,4,4,4,4,4,1,0
25,66,ZD,2,2,2,0,0,0,0,4,4,4,4,4,1,0
25,67,ZD,2,2,2,0,0,0,0,4,4,4,4,4,1,0
25,68,ZD,2,2,2,1,0,0,-1,2,2,2,2,2,0,0
25,69,ZD,2,2,2,1,0,0,-1,2,2,2,2,2,0,0
25,70,ZD,2,2,2,1,0,0,-1,2,2,2,2,2,0,0
25,71,ZD,2,2,2,1,0,0,-1,2,2,2,2,2,0,0
25,72,ZD,2,2,2,0,0,0,-1,4,4,4,4,4,1,0
25,73,ZD,2,2,2,0,0,0,-1,4,4,4,4,4,1,0
25,74,ZD,2,2,2,0,0,0,-1,4,4,4,4,4,1,0
25,75,ZD,2,2,2,0,0,0,-1,4,4,4,4,4,1,0
25,76,ZD,2,2,2,0,0,0,-1,4,4,4,4,4,1,0
25,77,ZD,2,2,2,0,0,0,-1,4,4,4,4,4,1,0
25,78,ZD,2,2,2,0,0,0,-1,4,4,4,4,4,1,0
25,79,ZD,2,2,2,0,0,0,-1,4,4,4,4,4,1,0
25,80,ZD,2,2,2,0,0,0,0,4,4,4,4,4,1,0
25,81,ZD,2,2,2,0,0,0,0,4,4,4,4,4,1,0
25,82,ZD,2,2,2,0,0,0,0,4,4,4,4,4,1,0
25,83,ZD,2,2,2,0,0,0,0,4,4,4,4,4,1,0
25,84,POS,1,1,1,0,0,0,0,0,0,-1,-1,-1,0,1
25,85,POS,1,1,1,0,0,0,0,0,0,-1,-1,-1,0,1
25,86,POS,1,1,1,0,0,0,0,0,0,-1,-1,-1,0,1
25,87,POS,1,1,1,0,0,0,0,0,0,-1,-1,-1,0,1
25,88,ZD,2,2,2,1,0,0,-1,2,2,2,2,2,0,0
25,89,ZD,2,2,2,1,0,0,-1,2,2,2,2,2,0,0
25,90,ZD,2,2,2,1,0,0,-1,2,2,2,2,2,0,0
25,91,ZD,2,2,2,1,0,0,-1,2,2,2,2,2,0,0
25,92,ZD,2,2,2,1,0,0,-1,2,2,2,2,2,0,0
25,93,ZD,2,2,2,1,0,0,-1,2,2,2,2,2,0,0
25,94,ZD,2,2,2,1,0,0,-1,2,2,2,2,2,0,0
25,95,ZD,2,2,2,1,0,0,-1,2,2,2,2,2,0,0
25,96,ZD,2,2,2,1,0,0,-1,2,2,2,2,2,0,0
25,97,ZD,2,2,2,1,0,0,-1,2,2,2,2,2,0,0
25,98,ZD,2,2,2,1,0,0,-1,2,2,2,2,2,0,0
25,99,ZD,2,2,2,1,0,0,-1,2,2,2,2,2,0,0
25,100,ZD,2,2,2,1,0,0,-1,2,2,2,2,2,0,0
25,101,ZD,2,2,2,1,0,0,-1,2,2,2,2,2,0,0
25,102,ZD,2,2,2,1,0,0,-1,2,2,2,2,2,0,0
25,103,ZD,2,2,2,1,0,0,-1,2,2,2,2,2,0,0
25,104,ZD,2,2,2,0,0,0,-1,4,4,4,3,4,1,0
25,105,ZD,2,2,2,0,0,0,-1,4,4,4,3,4,1,0
25,106,ZD,2,2,2,0,0,0,-1,4,4,4,3,4,1,0
25,107,ZD,2,2,2,0,0,0,-1,4,4,4,3,4,1,0
25,108,ZD,2,2,2,0,0,0,-1,4,4,4,3,4,1,0
25,109,ZD,2,2,2,0,0,0,-1,4,4,4,3,4,1,0
25,110,ZD,2,2,2,0,0,0,-1,4,4,4,3,4,1,0
25,111,ZD,2,2,2,0,0,0,-1,4,4,4,3,4,1,0
25,112,ZD,2,2,2,1,0,0,0,2,2,1,1,1,0,0
25,113,ZD,2,2,2,1,0,0,0,2,2,1,1,1,0,0
25,114,ZD,2,2,2,1,0,0,0,2,2,1,1,1,0,0
25,115,ZD,2,2,2,1,0,0,0,2,2,1,1,1,0,0
25,116,ZD,2,2,2,1,0,0,0,2,2,1,1,1,0,0
25,117,ZD,2,2,2,1,0,0,0,2,2,1,1,1,0,0
25,118,ZD,2,2,2,1,0,0,0,2,2,1,1,1,0,0
25,119,ZD,2,2,2,1,0,0,0,2,2,1,1,1,0,0
25,120,ZD,2,2,2,0,0,0,-1,4,4,4,4,4,1,0
25,121,ZD,2,2,2,0,0,0,-1,4,4,4,4,4,1,0
25,122,ZD,2,2,2,0,0,0,-1,4,4,4,4,4,1,0
25,123,ZD,2,2,2,0,0,0,-1,4,4,4,4,4,1,0
25,124,ZD,2,2,2,0,0,0,-1,4,4,4,4,4,1,0
25,125,ZD,2,2,2,0,0,0,-1,4,4,4,4,4,1,0
25,126,ZD,2,2,2,0,0,0,-1,4,4,4,4,4,1,0
25,127,ZD,2,2,2,0,0,0,-1,4,4,4,4,4,1,0
25,128,ZD,2,2,2,1,0,0,0,2,2,2,2,2,0,0
25,129,ZD,2,2,2,1,0,0,0,2,2,2,2,2,0,0
25,130,ZD,2,2,2,1,0,0,0,2,2,2,2,2,0,0
25,131,ZD,2,2,2,1,0,0,0,2,2,2,2,2,0,0
25,132,ZD,2,2,2,0,0,0,-1,4,4,4,4,4,1,0
25,133,ZD,2,2,2,0,0,0,-1,4,4,4,4,4,1,0
25,134,ZD,2,2,2,0,0,0,-1,4,4,4,4,4,1,0
25,135,ZD,2,2,2,0,0,0,-1,4,4,4,4,4,1,0
25,136,ZD,2,2,2,0,0,0,-1,4,4,4,4,4,1,0
25,137,ZD,2,2,2,0,0,0,-1,4,4,4,4,4,1,0
25,138,ZD,2,2,2,0,0,0,-1,4,4,4,4,4,1,0
25,139,ZD,2,2,2,0,0,0,-1,4,4,4,4,4,1,0
25,140,ZD,2,2,2,0,0,0,-1,4,4,4,4,4,1,0
25,141,ZD,2,2,2,0,0,0,-1,4,4,4,4,4,1,0
25,142,ZD,2,2,2,0,0,0,-1,4,4,4,4,4,1,0
25,143,ZD,2,2,2,0,0,0,-1,4,4,4,4,4,1,0
25,144,ZD,2,2,2,1,0,0,0,2,2,2,2,2,0,0
25,145,ZD,2,2,2,1,0,0,0,2,2,2,2,2,0,0
25,146,ZD,2,2,2,1,0,0,0,2,2,2,2,2,0,0
25,147,ZD,2,2,2,1,0,0,0,2,2,2,2,2,0,0
25,148,ZD,2,2,2,1,0,0,0,2,2,1,1,1,0,0
25,149,ZD,2,2,2,1,0,0,0,2,2,1,1,1,0,0
25,150,ZD,2,2,2,1,0,0,0,2,2,1,1,1,0,0
25,151,ZD,2,2,2,1,0,0,0,2,2,1,1,1,0,0
25,152,ZD,2,2,2,1,0,0,0,2,2,1,1,1,0,0
25,153,ZD,2,2,2,1,0,0,0,2,2,1,1,1,0,0
25,154,ZD,2,2,2,1,0,0,0,2,2,1,1,1,0,0
25,155,ZD,2,2,2,1,0,0,0,2,2,1,1,1,0,0
25,156,ZD,2,2,2,0,0,0,0,4,4,4,4,4,1,0
25,157,ZD,2,2,2,0,0,0,0,4,4,4,4,4,1,0
25,158,ZD,2,2,2,0,0,0,0,4,4,4,4,4,1,0
25,159,ZD,2,2,2,0,0,0,0,4,4,4,4,4,1,0
25,160,ZD,2,2,2,0,0,0,0,4,4,4,4,4,1,0
25,161,ZD,2,2,2,0,0,0,0,4,4,4,4,4,1,0
25,162,ZD,2,2,2,0,0,0,0,4,4,4,4,4,1,0
25,163,ZD,2,2,2,0,0,0,0,4,4,4,4,4,1,0
25,164,ZD,2,2,2,1,0,0,-1,2,2,2,2,2,0,0
25,165,ZD,2,2,2,1,0,0,-1,2,2,2,2,2,0,0
25,166,ZD,2,2,2,1,0,0,-1,2,2,2,2,2,0,0
25,167,ZD,2,2,2,1,0,0,-1,2,2,2,2,2,0,0
25,168,ZD,2,2,2,0,0,0,-1,4,4,4,4,4,1,0
25,169,ZD,2,2,2,0,0,0,-1,4,4,4,4,4,1,0
25,170,ZD,2,2,2,0,0,0,-1,4,4,4,4,4,1,0
25,171,ZD,2,2,2,0,0,0,-1,4,4,4,4,4,1,0
25,172,ZD,2,2,2,0,0,0,-1,4,4,4,4,4,1,0
25,173,ZD,2,2,2,0,0,0,-1,4,4,4,4,4,1,0
25,174,ZD,2,2,2,0,0,0,-1,4,4,4,4,4,1,0
25,175,ZD,2,2,2,0,0,0,-1,4,4,4,4,4,1,0
25,176,ZD,2,2,2,0,0,0,0,4,4,4,4,4,1,0
25,177,ZD,2,2,2,0,0,0,0,4,4,4,4,4,1,0
25,178,ZD,2,2,2,0,0,0,0,4,4,4,4,4,1,0
25,179,ZD,2,2,2,0,0,0,0,4,4,4,4,4,1,0
25,180,POS,2,2,2,0,0,0,0,2,2,-1,-1,-1,0,1
25,181,POS,2,2,2,0,0,0,0,2,2,-1,-1,-1,0,1
25,182,POS,2,2,2,0,0,0,0,2,2,-1,-1,-1,0,1
25,183,POS,2,2,2,0,0,0,0,2,2,-1,-1,-1,0,1
25,184,ZD,2,3,2,0,0,0,0,4,4,4,3,4,1,0
25,185,ZD,2,3,2,0,0,0,0,4,4,4,3,4,1,0
25,186,ZD,2,3,2,0,0,0,0,4,4,4,3,4,1,0
25,187,ZD,2,3,2,0,0,0,0,4,4,4,3,4,1,0
25,188,ZD,2,3,2,0,0,0,0,4,4,4,3,4,1,0
25,189,ZD,2,3,2,0,0,0,0,4,4,4,3,4,1,0
25,190,ZD,2,3,2,0,0,0,0,4,4,4,3,4,1,0
25,191,ZD,2,3,2,0,0,0,0,4,4,4,3,4,1,0
25,192,ZD,2,2,2,0,0,0,0,4,4,4,4,4,1,0
25,193,ZD,2,2,2,0,0,0,0,4,4,4,4,4,1,0
25,194,ZD,2,2,2,0,0,0,0,4,4,4,4,4,1,0
25,195,ZD,2,2,2,0,0,0,0,4,4,4,4,4,1,0
25,196,ZD,2,3,2,0,0,0,0,4,4,4,4,4,1,0
25,197,ZD,2,3,2,0,0,0,0,4,4,4,4,4,1,0
25,198,ZD,2,3,2,0,0,0,0,4,4,4,4,4,1,0
25,199,ZD,2,3,2,0,0,0,0,4,4,4,4,4,1,0
26,27,INC,1,-1,-1,0,0,-1,-1,-1,-1,-1,-1,-1,0,1
26,28,ZD,2,2,2,1,0,0,0,2,2,2,2,2,0,0
26,29,ZD,2,2,2,1,0,0,0,2,2,2,2,2,0,0
26,30,ZD,2,2,2,1,0,0,0,2,2,2,2,2,0,0
26,31,ZD,2,2,2,1,0,0,0,2,2,2,2,2,0,0
26,32,ZD,2,2,2,1,0,0,0,2,2,2,2,2,0,0
26,33,ZD,2,2,2,1,0,0,0,2,2,2,2,2,0,0
26,34,ZD,2,2,2,1,0,0,0,2,2,2,2,2,0,0
26,35,ZD,2,2,2,1,0,0,0,2,2,2,2,2,0,0
26,36,ZD,2,2,2,1,0,0,-1,2,2,2,2,2,0,0
26,37,ZD,2,2,2,1,0,0,-1,2,2,2,2,2,0,0
26,38,ZD,2,2,2,1,0,0,0,2,2,2,2,2,0,0
26,39,ZD,2,2,2,1,0,0,0,2,2,2,2,2,0,0
26,40,ZD,2,2,2,1,0,0,0,2,2,2,2,2,0,0
26,41,ZD,2,2,2,1,0,0,0,2,2,2,2,2,0,0
26,42,ZD,2,2,2,1,0,0,-1,2,2,2,2,2,0,0
26,43,ZD,2,2,2,1,0,0,-1,2,2,2,2,2,0,0
26,44,ZD,2,2,2,0,0,0,0,4,4,4,4,4,1,0
26,45,ZD,2,2,2,0,0,0,0,4,4,4,4,4,1,0
26,46,ZD,2,2,2,0,0,0,0,4,4,4,2,4,1,0
26,47,ZD,2,2,2,0,0,0,0,4,4,4,2,4,1,0
26,48,ZD,2,2,2,0,0,0,0,4,4,4,2,4,1,0
26,49,ZD,2,2,2,0,0,0,0,4,4,4,2,4,1,0
26,50,ZD,2,2,2,0,0,0,0,4,4,4,4,4,1,0
26,51,ZD,2,2,2,0,0,0,0,4,4,4,4,4,1,0
26,52,ZD,2,2,2,1,0,0,0,2,2,1,1,1,0,0
26,53,ZD,2,2,2,1,0,0,0,2,2,1,1,1,0,0
26,54,ZD,2,2,2,1,0,0,0,2,2,1,1,1,0,0
26,55,ZD,2,2,2,1,0,0,0,2,2,1,1,1,0,0
26,56,ZD,2,2,2,1,0,0,0,2,2,1,1,1,0,0
26,57,ZD,2,2,2,1,0,0,0,2,2,1,1,1,0,0
26,58,ZD,2,2,2,1,0,0,0,2,2,1,1,1,0,0
26,59,ZD,2,2,2,1,0,0,0,2,2,1,1,1,0,0
26,60,ZD,2,2,2,0,0,0,0,4,4,4,4,4,1,0
26,61,ZD,2,2,2,0,0,0,0,4,4,4,4,4,1,0
26,62,ZD,2,2,2,0,0,0,0,4,4,4,4,4,1,0
26,63,ZD,2,2,2,0,0,0,0,4,4,4,4,4,1,0
26,64,ZD,2,2,2,0,0,0,0,4,4,4,4,4,1,0
26,65,ZD,2,2,2,0,0,0,0,4,4,4,4,4,1,0
26,66,ZD,2,2,2,0,0,0,0,4,4,4,4,4,1,0
26,67,ZD,2,2,2,0,0,0,0,4,4,4,4,4,1,0
26,68,ZD,2,2,2,1,0,0,-1,2,2,2,2,2,0,0
26,69,ZD,2,2,2,1,0,0,-1,2,2,2,2,2,0,0
26,70,ZD,2,2,2,1,0,0,-1,2,2,2,2,2,0,0
26,71,ZD,2,2,2,1,0,0,-1,2,2,2,2,2,0,0
26,72,ZD,2,2,2,0,0,0,-1,4,4,4,4,4,1,0
26,73,ZD,2,2,2,0,0,0,-1,4,4,4,4,4,1,0
26,74,ZD,2,2,2,0,0,0,-1,4,4,4,4,4,1,0
26,75,ZD,2,2,2,0,0,0,-1,4,4,4,4,4,1,0
26,76,ZD,2,2,2,0,0,0,-1,4,4,4,4,4,1,0
26,77,ZD,2,2,2,0,0,0,-1,4,4,4,4,4,1,0
26,78,ZD,2,2,2,0,0,0,-1,4,4,4,4,4,1,0
26,79,ZD,2,2,2,0,0,0,-1,4,4,4,4,4,1,0
26,80,ZD,2,2,2,0,0,0,0,4,4,4,4,4,1,0
26,81,ZD,2,2,2,0,0,0,0,4,4,4,4,4,1,0
26,82,ZD,2,2,2,0,0,0,0,4,4,4,4,4,1,0
26,83,ZD,2,2,2,0,0,0,0,4,4,4,4,4,1,0
26,84,POS,1,1,1,0,0,0,0,0,0,-1,-1,-1,0,1
26,85,POS,1,1,1,0,0,0,0,0,0,-1,-1,-1,0,1
26,86,POS,1,1,1,0,0,0,0,0,0,-1,-1,-1,0,1
26,87,POS,1,1,1,0,0,0,0,0,0,-1,-1,-1,0,1
26,88,ZD,2,2,2,1,0,0,-1,2,2,2,2,2,0,0
26,89,ZD,2,2,2,1,0,0,-1,2,2,2,2,2,0,0
26,90,ZD,2,2,2,1,0,0,-1,2,2,2,2,2,0,0
26,91,ZD,2,2,2,1,0,0,-1,2,2,2,2,2,0,0
26,92,ZD,2,2,2,1,0,0,-1,2,2,2,2,2,0,0
26,93,ZD,2,2,2,1,0,0,-1,2,2,2,2,2,0,0
26,94,ZD,2,2,2,1,0,0,-1,2,2,2,2,2,0,0
26,95,ZD,2,2,2,1,0,0,-1,2,2,2,2,2,0,0
26,96,ZD,2,2,2,1,0,0,-1,2,2,2,2,2,0,0
26,97,ZD,2,2,2,1,0,0,-1,2,2,2,2,2,0,0
26,98,ZD,2,2,2,1,0,0,-1,2,2,2,2,2,0,0
26,99,ZD,2,2,2,1,0,0,-1,2,2,2,2,2,0,0
26,100,ZD,2,2,2,1,0,0,-1,2,2,2,2,2,0,0
26,101,ZD,2,2,2,1,0,0,-1,2,2,2,2,2,0,0
26,102,ZD,2,2,2,1,0,0,-1,2,2,2,2,2,0,0
26,103,ZD,2,2,2,1,0,0,-1,2,2,2,2,2,0,0
26,104,ZD,2,2,2,0,0,0,-1,4,4,4,3,4,1,0
26,105,ZD,2,2,2,0,0,0,-1,4,4,4,3,4,1,0
26,106,ZD,2,2,2,0,0,0,-1,4,4,4,3,4,1,0
26,107,ZD,2,2,2,0,0,0,-1,4,4,4,3,4,1,0
26,108,ZD,2,2,2,0,0,0,-1,4,4,4,3,4,1,0
26,109,ZD,2,2,2,0,0,0,-1,4,4,4,3,4,1,0
26,110,ZD,2,2,2,0,0,0,-1,4,4,4,3,4,1,0
26,111,ZD,2,2,2,0,0,0,-1,4,4,4,3,4,1,0
26,112,ZD,2,2,2,1,0,0,0,2,2,1,1,1,0,0
26,113,ZD,2,2,2,1,0,0,0,2,2,1,1,1,0,0
26,114,ZD,2,2,2,1,0,0,0,2,2,1,1,1,0,0
26,115,ZD,2,2,2,1,0,0,0,2,2,1,1,1,0,0
26,116,ZD,2,2,2,1,0,0,0,2,2,1,1,1,0,0
26,117,ZD,2,2,2,1,0,0,0,2,2,1,1,1,0,0
26,118,ZD,2,2,2,1,0,0,0,2,2,1,1,1,0,0
26,119,ZD,2,2,2,1,0,0,0,2,2,1,1,1,0,0
26,120,ZD,2,2,2,0,0,0,-1,4,4,4,4,4,1,0
26,121,ZD,2,2,2,0,0,0,-1,4,4,4,4,4,1,0
26,122,ZD,2,2,2,0,0,0,-1,4,4,4,4,4,1,0
26,123,ZD,2,2,2,0,0,0,-1,4,4,4,4,4,1,0
26,124,ZD,2,2,2,0,0,0,-1,4,4,4,4,4,1,0
26,125,ZD,2,2,2,0,0,0,-1,4,4,4,4,4,1,0
26,126,ZD,2,2,2,0,0,0,-1,4,4,4,4,4,1,0
26,127,ZD,2,2,2,0,0,0,-1,4,4,4,4,4,1,0
26,128,ZD,2,2,2,1,0,0,0,2,2,2,2,2,0,0
26,129,ZD,2,2,2,1,0,0,0,2,2,2,2,2,0,0
26,130,ZD,2,2,2,1,0,0,0,2,2,2,2,2,0,0
26,131,ZD,2,2,2,1,0,0,0,2,2,2,2,2,0,0
26,132,ZD,2,2,2,0,0,0,-1,4,4,4,4,4,1,0
26,133,ZD,2,2,2,0,0,0,-1,4,4,4,4,4,1,0
26,134,ZD,2,2,2,0,0,0,-1,4,4,4,4,4,1,0
26,135,ZD,2,2,2,0,0,0,-1,4,4,4,4,4,1,0
26,136,ZD,2,2,2,0,0,0,-1,4,4,4,4,4,1,0
26,137,ZD,2,2,2,0,0,0,-1,4,4,4,4,4,1,0
26,138,ZD,2,2,2,0,0,0,-1,4,4,4,4,4,1,0
26,139,ZD,2,2,2,0,0,0,-1,4,4,4,4,4,1,0
26,140,ZD,2,2,2,0,0,0,-1,4,4,4,4,4,1,0
26,141,ZD,2,2,2,0,0,0,-1,4,4,4,4,4,1,0
26,142,ZD,2,2,2,0,0,0,-1,4,4,4,4,4,1,0
26,143,ZD,2,2,2,0,0,0,-1,4,4,4,4,4,1,0
26,144,ZD,2,2,2,1,0,0,0,2,2,2,2,2,0,0
26,145,ZD,2,2,2,1,0,0,0,2,2,2,2,2,0,0
26,146,ZD,2,2,2,1,0,0,0,2,2,2,2,2,0,0
26,147,ZD,2,2,2,1,0,0,0,2,2,2,2,2,0,0
26,148,ZD,2,2,2,1,0,0,0,2,2,1,1,1,0,0
26,149,ZD,2,2,2,1,0,0,0,2,2,1,1,1,0,0
26,150,ZD,2,2,2,1,0,0,0,2,2,1,1,1,0,0
26,151,ZD,2,2,2,1,0,0,0,2,2,1,1,1,0,0
26,152,ZD,2,2,2,1,0,0,0,2,2,1,1,1,0,0
26,153,ZD,2,2,2,1,0,0,0,2,2,1,1,1,0,0
26,154,ZD,2,2,2,1,0,0,0,2,2,1,1,1,0,0
26,155,ZD,2,2,2,1,0,0,0,2,2,1,1,1,0,0
26,156,ZD,2,2,2,0,0,0,0,4,4,4,4,4,1,0
26,157,ZD,2,2,2,0,0,0,0,4,4,4,4,4,1,0
26,158,ZD,2,2,2,0,0,0,0,4,4,4,4,4,1,0
26,159,ZD,2,2,2,0,0,0,0,4,4,4,4,4,1,0
26,160,ZD,2,2,2,0,0,0,0,4,4,4,4,4,1,0
26,161,ZD,2,2,2,0,0,0,0,4,4,4,4,4,1,0
26,162,ZD,2,2,2,0,0,0,0,4,4,4,4,4,1,0
26,163,ZD,2,2,2,0,0,0,0,4,4,4,4,4,1,0
26,164,ZD,2,2,2,1,0,0,-1,2,2,2,2,2,0,0
26,165,ZD,2,2,2,1,0,0,-1,2,2,2,2,2,0,0
26,166,ZD,2,2,2,1,0,0,-1,2,2,2,2,2,0,0
26,167,ZD,2,2,2,1,0,0,-1,2,2,2,2,2,0,0
26,168,ZD,2,2,2,0,0,0,-1,4,4,4,4,4,1,0
26,169,ZD,2,2,2,0,0,0,-1,4,4,4,4,4,1,0
26,170,ZD,2,2,2,0,0,0,-1,4,4,4,4,4,1,0
26,171,ZD,2,2,2,0,0,0,-1,4,4,4,4,4,1,0
26,172,ZD,2,2,2,0,0,0,-1,4,4,4,4,4,1,0
26,173,ZD,2,2,2,0,0,0,-1,4,4,4,4,4,1,0
26,174,ZD,2,2,2,0,0,0,-1,4,4,4,4,4,1,0
26,175,ZD,2,2,2,0,0,0,-1,4,4,4,4,4,1,0
26,176,ZD,2,2,2,0,0,0,0,4,4,4,4,4,1,0
26,177,ZD,2,2,2,0,0,0,0,4,4,4,4,4,1,0
26,178,ZD,2,2,2,0,0,0,0,4,4,4,4,4,1,0
26,179,ZD,2,2,2,0,0,0,0,4,4,4,4,4,1,0
26,180,POS,2,2,2,0,0,0,0,2,2,-1,-1,-1,0,1
26,181,POS,2,2,2,0,0,0,0,2,2,-1,-1,-1,0,1
26,182,POS,2,2,2,0,0,0,0,2,2,-1,-1,-1,0,1
26,183,POS,2,2,2,0,0,0,0,2,2,-1,-1,-1,0,1
26,184,ZD,2,3,2,0,0,0,0,4,4,4,3,4,1,0
26,185,ZD,2,3,2,0,0,0,0,4,4,4,3,4,1,0
26,186,ZD,2,3,2,0,0,0,0,4,4,4,3,4,1,0
26,187,ZD,2,3,2,0,0,0,0,4,4,4,3,4,1,0
26,188,ZD,2,3,2,0,0,0,0,4,4,4,3,4,1,0
26,189,ZD,2,3,2,0,0,0,0,4,4,4,3,4,1,0
26,190,ZD,2,3,2,0,0,0,0,4,4,4,3,4,1,0
26,191,ZD,2,3,2,0,0,0,0,4,4,4,3,4,1,0
26,192,ZD,2,2,2,0,0,0,0,4,4,4,4,4,1,0
26,193,ZD,2,2,2,0,0,0,0,4,4,4,4,4,1,0
26,194,ZD,2,2,2,0,0,0,0,4,4,4,4,4,1,0
26,195,ZD,2,2,2,0,0,0,0,4,4,4,4,4,1,0
26,196,ZD,2,3,2,0,0,0,0,4,4,4,4,4,1,0
26,197,ZD,2,3,2,0,0,0,0,4,4,4,4,4,1,0
26,198,ZD,2,3,2,0,0,0,0,4,4,4,4,4,1,0
26,199,ZD,2,3,2,0,0,0,0,4,4,4,4,4,1,0
27,28,ZD,2,2,2,1,0,0,0,2,2,2,2,2,0,0
27,29,ZD,2,2,2,1,0,0,0,2,2,2,2,2,0,0
27,30,ZD,2,2,2,1,0,0,0,2,2,2,2,2,0,0
27,31,ZD,2,2,2,1,0,0,0,2,2,2,2,2,0,0
27,32,ZD,2,2,2,1,0,0,0,2,2,2,2,2,0,0
27,33,ZD,2,2,2,1,0,0,0,2,2,2,2,2,0,0
27,34,ZD,2,2,2,1,0,0,0,2,2,2,2,2,0,0
27,35,ZD,2,2,2,1,0,0,0,2,2,2,2,2,0,0
27,36,ZD,2,2,2,1,0,0,0,2,2,2,2,2,0,0
27,37,ZD,2,2,2,1,0,0,0,2,2,2,2,2,0,0
27,38,ZD,2,2,2,1,0,0,-1,2,2,2,2,2,0,0
27,39,ZD,2,2,2,1,0,0,-1,2,2,2,2,2,0,0
27,40,ZD,2,2,2,1,0,0,-1,2,2,2,2,2,0,0
27,41,ZD,2,2,2,1,0,0,-1,2,2,2,2,2,0,0
27,42,ZD,2,2,2,1,0,0,0,2,2,2,2,2,0,0
27,43,ZD,2,2,2,1,0,0,0,2,2,2,2,2,0,0
27,44,ZD,2,2,2,0,0,0,0,4,4,4,2,4,1,0
27,45,ZD,2,2,2,0,0,0,0,4,4,4,2,4,1,0
27,46,ZD,2,2,2,0,0,0,0,4,4,4,4,4,1,0
27,47,ZD,2,2,2,0,0,0,0,4,4,4,4,4,1,0
27,48,ZD,2,2,2,0,0,0,0,4,4,4,4,4,1,0
27,49,ZD,2,2,2,0,0,0,0,4,4,4,4,4,1,0
27,50,ZD,2,2,2,0,0,0,0,4,4,4,2,4,1,0
27,51,ZD,2,2,2,0,0,0,0,4,4,4,2,4,1,0
27,52,ZD,2,2,2,1,0,0,-1,2,2,2,2,2,0,0
27,53,ZD,2,2,2,1,0,0,-1,2,2,2,2,2,0,0
27,54,ZD,2,2,2,1,0,0,-1,2,2,2,2,2,0,0
27,55,ZD,2,2,2,1,0,0,-1,2,2,2,2,2,0,0
27,56,ZD,2,2,2,1,0,0,-1,2,2,2,2,2,0,0
27,57,ZD,2,2,2,1,0,0,-1,2,2,2,2,2,0,0
27,58,ZD,2,2,2,1,0,0,-1,2,2,2,2,2,0,0
27,59,ZD,2,2,2,1,0,0,-1,2,2,2,2,2,0,0
27,60,ZD,2,2,2,0,0,0,0,4,4,4,4,4,1,0
27,61,ZD,2,2,2,0,0,0,0,4,4,4,4,4,1,0
27,62,ZD,2,2,2,0,0,0,0,4,4,4,4,4,1,0
27,63,ZD,2,2,2,0,0,0,0,4,4,4,4,4,1,0
27,64,ZD,2,2,2,0,0,0,0,4,4,4,4,4,1,0
27,65,ZD,2,2,2,0,0,0,0,4,4,4,4,4,1,0
27,66,ZD,2,2,2,0,0,0,0,4,4,4,4,4,1,0
27,67,ZD,2,2,2,0,0,0,0,4,4,4,4,4,1,0
27,68,ZD,2,2,2,1,0,0,-1,2,2,2,2,2,0,0
27,69,ZD,2,2,2,1,0,0,-1,2,2,2,2,2,0,0
27,70,ZD,2,2,2,1,0,0,-1,2,2,2,2,2,0,0
27,71,ZD,2,2,2,1,0,0,-1,2,2,2,2,2,0,0
27,72,ZD,2,2,2,0,0,0,-1,4,4,4,4,4,1,0
27,73,ZD,2,2,2,0,0,0,-1,4,4,4,4,4,1,0
27,74,ZD,2,2,2,0,0,0,-1,4,4,4,4,4,1,0
27,75,ZD,2,2,2,0,0,0,-1,4,4,4,4,4,1,0
27,76,ZD,2,2,2,0,0,0,-1,4,4,4,4,4,1,0
27,77,ZD,2,2,2,0,0,0,-1,4,4,4,4,4,1,0
27,78,ZD,2,2,2,0,0,0,-1,4,4,4,4,4,1,0
27,79,ZD,2,2,2,0,0,0,-1,4,4,4,4,4,1,0
27,80,ZD,2,2,2,0,0,0,0,4,4,4,4,4,1,0
27,81,ZD,2,2,2,0,0,0,0,4,4,4,4,4,1,0
27,82,ZD,2,2,2,0,0,0,0,4,4,4,4,4,1,0
27,83,ZD,2,2,2,0,0,0,0,4,4,4,4,4,1,0
27,84,INC,1,-1,-1,0,0,-1,-1,-1,-1,-1,-1,-1,0,1
27,85,INC,1,-1,-1,0,0,-1,-1,-1,-1,-1,-1,-1,0,1
27,86,INC,1,-1,-1,0,0,-1,-1,-1,-1,-1,-1,-1,0,1
27,87,INC,1,-1,-1,0,0,-1,-1,-1,-1,-1,-1,-1,0,1
27,88,ZD,2,2,2,1,0,0,-1,2,2,2,2,2,0,0
27,89,ZD,2,2,2,1,0,0,-1,2,2,2,2,2,0,0
27,90,ZD,2,2,2,1,0,0,-1,2,2,2,2,2,0,0
27,91,ZD,2,2,2,1,0,0,-1,2,2,2,2,2,0,0
27,92,ZD,2,2,2,1,0,0,-1,2,2,2,2,2,0,0
27,93,ZD,2,2,2,1,0,0,-1,2,2,2,2,2,0,0
27,94,ZD,2,2,2,1,0,0,-1,2,2,2,2,2,0,0
27,95,ZD,2,2,2,1,0,0,-1,2,2,2,2,2,0,0
27,96,ZD,2,2,2,1,0,0,-1,2,2,2,2,2,0,0
27,97,ZD,2,2,2,1,0,0,-1,2,2,2,2,2,0,0
27,98,ZD,2,2,2,1,0,0,-1,2,2,2,2,2,0,0
27,99,ZD,2,2,2,1,0,0,-1,2,2,2,2,2,0,0
27,100,ZD,2,2,2,1,0,0,-1,2,2,2,2,2,0,0
27,101,ZD,2,2,2,1,0,0,-1,2,2,2,2,2,0,0
27,102,ZD,2,2,2,1,0,0,-1,2,2,2,2,2,0,0
27,103,ZD,2,2,2,1,0,0,-1,2,2,2,2,2,0,0
27,104,ZD,2,2,2,0,0,0,-1,4,4,4,4,4,1,0
27,105,ZD,2,2,2,0,0,0,-1,4,4,4,4,4,1,0
27,106,ZD,2,2,2,0,0,0,-1,4,4,4,4,4,1,0
27,107,ZD,2,2,2,0,0,0,-1,4,4,4,4,4,1,0
27,108,ZD,2,2,2,0,0,0,-1,4,4,4,4,4,1,0
27,109,ZD,2,2,2,0,0,0,-1,4,4,4,4,4,1,0
27,110,ZD,2,2,2,0,0,0,-1,4,4,4,4,4,1,0
27,111,ZD,2,2,2,0,0,0,-1,4,4,4,4,4,1,0
27,112,ZD,2,2,2,1,0,0,-1,2,2,2,2,2,0,0
27,113,ZD,2,2,2,1,0,0,-1,2,2,2,2,2,0,0
27,114,ZD,2,2,2,1,0,0,-1,2,2,2,2,2,0,0
27,115,ZD,2,2,2,1,0,0,-1,2,2,2,2,2,0,0
27,116,ZD,2,2,2,1,0,0,-1,2,2,2,2,2,0,0
27,117,ZD,2,2,2,1,0,0,-1,2,2,2,2,2,0,0
27,118,ZD,2,2,2,1,0,0,-1,2,2,2,2,2,0,0
27,119,ZD,2,2,2,1,0,0,-1,2,2,2,2,2,0,0
27,120,ZD,2,2,2,0,0,0,-1,4,4,4,4,4,1,0
27,121,ZD,2,2,2,0,0,0,-1,4,4,4,4,4,1,0
27,122,ZD,2,2,2,0,0,0,-1,4,4,4,4,4,1,0
27,123,ZD,2,2,2,0,0,0,-1,4,4,4,4,4,1,0
27,124,ZD,2,2,2,0,0,0,-1,4,4,4,4,4,1,0
27,125,ZD,2,2,2,0,0,0,-1,4,4,4,4,4,1,0
27,126,ZD,2,2,2,0,0,0,-1,4,4,4,4,4,1,0
27,127,ZD,2,2,2,0,0,0,-1,4,4,4,4,4,1,0
27,128,ZD,2,2,2,1,0,0,0,2,2,2,2,2,0,0
27,129,ZD,2,2,2,1,0,0,0,2,2,2,2,2,0,0
27,130,ZD,2,2,2,1,0,0,0,2,2,2,2,2,0,0
27,131,ZD,2,2,2,1,0,0,0,2,2,2,2,2,0,0
27,132,ZD,2,2,2,0,0,0,-1,4,4,4,4,4,1,0
27,133,ZD,2,2,2,0,0,0,-1,4,4,4,4,4,1,0
27,134,ZD,2,2,2,0,0,0,-1,4,4,4,4,4,1,0
27,135,ZD,2,2,2,0,0,0,-1,4,4,4,4,4,1,0
27,136,ZD,2,2,2,0,0,0,-1,4,4,4,4,4,1,0
27,137,ZD,2,2,2,0,0,0,-1,4,4,4,4,4,1,0
27,138,ZD,2,2,2,0,0,0,-1,4,4,4,4,4,1,0
27,139,ZD,2,2,2,0,0,0,-1,4,4,4,4,4,1,0
27,140,ZD,2,2,2,0,0,0,-1,4,4,4,4,4,1,0
27,141,ZD,2,2,2,0,0,0,-1,4,4,4,4,4,1,0
27,142,ZD,2,2,2,0,0,0,-1,4,4,4,4,4,1,0
27,143,ZD,2,2,2,0,0,0,-1,4,4,4,4,4,1,0
27,144,ZD,2,2,2,1,0,0,0,2,2,2,2,2,0,0
27,145,ZD,2,2,2,1,0,0,0,2,2,2,2,2,0,0
27,146,ZD,2,2,2,1,0,0,0,2,2,2,2,2,0,0
27,147,ZD,2,2,2,1,0,0,0,2,2,2,2,2,0,0
27,148,ZD,2,2,2,1,0,0,-1,2,2,2,2,2,0,0
27,149,ZD,2,2,2,1,0,0,-1,2,2,2,2,2,0,0
27,150,ZD,2,2,2,1,0,0,-1,2,2,2,2,2,0,0
27,151,ZD,2,2,2,1,0,0,-1,2,2,2,2,2,0,0
27,152,ZD,2,2,2,1,0,0,-1,2,2,2,2,2,0,0
27,153,ZD,2,2,2,1,0,0,-1,2,2,2,2,2,0,0
27,154,ZD,2,2,2,1,0,0,-1,2,2,2,2,2,0,0
27,155,ZD,2,2,2,1,0,0,-1,2,2,2,2,2,0,0
27,156,ZD,2,2,2,0,0,0,0,4,4,4,4,4,1,0
27,157,ZD,2,2,2,0,0,0,0,4,4,4,4,4,1,0
27,158,ZD,2,2,2,0,0,0,0,4,4,4,4,4,1,0
27,159,ZD,2,2,2,0,0,0,0,4,4,4,4,4,1,0
27,160,ZD,2,2,2,0,0,0,0,4,4,4,4,4,1,0
27,161,ZD,2,2,2,0,0,0,0,4,4,4,4,4,1,0
27,162,ZD,2,2,2,0,0,0,0,4,4,4,4,4,1,0
27,163,ZD,2,2,2,0,0,0,0,4,4,4,4,4,1,0
27,164,ZD,2,2,2,1,0,0,-1,2,2,2,2,2,0,0
27,165,ZD,2,2,2,1,0,0,-1,2,2,2,2,2,0,0
27,166,ZD,2,2,2,1,0,0,-1,2,2,2,2,2,0,0
27,167,ZD,2,2,2,1,0,0,-1,2,2,2,2,2,0,0
27,168,ZD,2,2,2,0,0,0,-1,4,4,4,4,4,1,0
27,169,ZD,2,2,2,0,0,0,-1,4,4,4,4,4,1,0
27,170,ZD,2,2,2,0,0,0,-1,4,4,4,4,4,1,0
27,171,ZD,2,2,2,0,0,0,-1,4,4,4,4,4,1,0
27,172,ZD,2,2,2,0,0,0,-1,4,4,4,4,4,1,0
27,173,ZD,2,2,2,0,0,0,-1,4,4,4,4,4,1,0
27,174,ZD,2,2,2,0,0,0,-1,4,4,4,4,4,1,0
27,175,ZD,2,2,2,0,0,0,-1,4,4,4,4,4,1,0
27,176,ZD,2,2,2,0,0,0,0,4,4,4,4,4,1,0
27,177,ZD,2,2,2,0,0,0,0,4,4,4,4,4,1,0
27,178,ZD,2,2,2,0,0,0,0,4,4,4,4,4,1,0
27,179,ZD,2,2,2,0,0,0,0,4,4,4,4,4,1,0
27,180,ZD,2,2,2,1,0,0,0,2,2,2,2,2,0,0
27,181,ZD,2,2,2,1,0,0,0,2,2,2,2,2,0,0
27,182,ZD,2,2,2,1,0,0,0,2,2,2,2,2,0,0
27,183,ZD,2,2,2,1,0,0,0,2,2,2,2,2,0,0
27,184,ZD,2,3,2,0,0,0,0,4,4,4,4,4,1,0
27,185,ZD,2,3,2,0,0,0,0,4,4,4,4,4,1,0
27,186,ZD,2,3,2,0,0,0,0,4,4,4,4,4,1,0
27,187,ZD,2,3,2,0,0,0,0,4,4,4,4,4,1,0
27,188,ZD,2,3,2,0,0,0,0,4,4,4,4,4,1,0
27,189,ZD,2,3,2,0,0,0,0,4,4,4,4,4,1,0
27,190,ZD,2,3,2,0,0,0,0,4,4,4,4,4,1,0
27,191,ZD,2,3,2,0,0,0,0,4,4,4,4,4,1,0
27,192,ZD,2,2,2,0,0,0,0,4,4,4,4,4,1,0
27,193,ZD,2,2,2,0,0,0,0,4,4,4,4,4,1,0
27,194,ZD,2,2,2,0,0,0,0,4,4,4,4,4,1,0
27,195,ZD,2,2,2,0,0,0,0,4,4,4,4,4,1,0
27,196,ZD,2,3,2,0,0,0,0,4,4,4,4,4,1,0
27,197,ZD,2,3,2,0,0,0,0,4,4,4,4,4,1,0
27,198,ZD,2,3,2,0,0,0,0,4,4,4,4,4,1,0
27,199,ZD,2,3,2,0,0,0,0,4,4,4,4,4,1,0
28,29,ZD,2,2,2,1,0,0,0,2,2,2,2,2,0,0
28,30,ZD,2,2,2,1,0,0,0,2,2,1,1,1,0,0
28,31,INC,1,-1,-1,0,0,-1,-1,-1,-1,-1,-1,-1,0,1
28,32,INC,1,-1,-1,0,0,-1,-1,-1,-1,-1,-1,-1,0,1
28,33,ZD,2,2,2,1,0,0,0,2,2,1,1,1,0,0
28,34,ZD,2,2,2,1,0,0,0,2,2,2,2,2,0,0
28,35,POS,1,1,1,0,0,-1,-1,-1,-1,-1,-1,-1,0,1
28,36,ZD,2,3,3,1,0,0,-1,3,3,3,3,3,0,0
28,37,ZD,2,3,3,1,0,0,-1,3,3,3,3,3,0,0
28,38,ZD,2,2,3,1,0,0,-1,3,3,3,3,3,0,0
28,39,ZD,2,2,3,1,0,0,-1,3,3,3,3,3,0,0
28,40,ZD,2,2,3,1,0,0,-1,3,3,3,3,3,0,0
28,41,ZD,2,2,3,1,0,0,-1,3,3,3,3,3,0,0
28,42,ZD,2,3,3,1,0,0,-1,3,3,3,3,3,0,0
28,43,ZD,2,3,3,1,0,0,-1,3,3,3,3,3,0,0
28,44,ZD,2,2,2,1,0,0,-1,4,4,4,4,4,0,0
28,45,ZD,2,2,2,1,0,0,-1,4,4,3,3,3,0,0
28,46,ZD,2,2,2,1,0,0,-1,4,4,4,4,4,0,0
28,47,ZD,2,2,2,1,0,0,-1,4,4,3,3,3,0,0
28,48,ZD,2,2,2,1,0,0,-1,4,4,3,3,3,0,0
28,49,ZD,2,2,2,1,0,0,-1,4,4,4,4,4,0,0
28,50,ZD,2,2,2,1,0,0,-1,4,4,3,3,3,0,0
28,51,ZD,2,2,2,1,0,0,-1,4,4,4,4,4,0,0
28,52,ZD,2,2,3,1,0,0,-1,3,3,3,3,3,0,0
28,53,ZD,2,2,3,1,0,0,-1,3,3,3,3,3,0,0
28,54,ZD,2,2,3,1,0,0,-1,3,3,3,3,3,0,0
28,55,ZD,2,2,3,1,0,0,-1,3,3,3,3,3,0,0
28,56,ZD,2,2,3,1,0,0,-1,3,3,3,3,3,0,0
28,57,ZD,2,2,3,1,0,0,-1,3,3,3,3,3,0,0
28,58,ZD,2,2,3,1,0,0,-1,3,3,3,3,3,0,0
28,59,ZD,2,2,3,1,0,0,-1,3,3,3,3,3,0,0
28,60,ZD,2,2,2,1,0,0,-1,4,4,4,4,4,0,0
28,61,ZD,2,2,2,1,0,0,-1,4,4,4,4,4,0,0
28,62,ZD,2,2,2,1,0,0,-1,4,4,4,4,4,0,0
28,63,ZD,2,2,2,1,0,0,-1,4,4,4,4,4,0,0
28,64,ZD,2,2,2,1,0,0,-1,4,4,4,4,4,0,0
28,65,ZD,2,2,2,1,0,0,-1,4,4,4,4,4,0,0
28,66,ZD,2,2,2,1,0,0,-1,4,4,4,4,4,0,0
28,67,ZD,2,2,2,1,0,0,-1,4,4,4,4,4,0,0
28,68,ZD,2,2,3,1,0,0,-1,3,3,3,3,3,0,0
28,69,ZD,2,2,3,1,0,0,-1,3,3,3,3,3,0,0
28,70,ZD,2,2,3,1,0,0,-1,3,3,3,3,3,0,0
28,71,ZD,2,2,3,1,0,0,-1,3,3,3,3,3,0,0
28,72,ZD,2,2,2,1,0,0,-1,4,4,4,4,4,0,0
28,73,ZD,2,2,2,1,0,0,-1,4,4,4,4,4,0,0
28,74,ZD,2,2,2,1,0,0,-1,4,4,4,4,4,0,0
28,75,ZD,2,2,2,1,0,0,-1,4,4,4,4,4,0,0
28,76,ZD,2,2,2,1,0,0,-1,4,4,4,4,4,0,0
28,77,ZD,2,2,2,1,0,0,-1,4,4,4,4,4,0,0
28,78,ZD,2,2,2,1,0,0,-1,4,4,4,4,4,0,0
28,79,ZD,2,2,2,1,0,0,-1,4,4,4,4,4,0,0
28,80,ZD,2,2,2,1,0,0,-1,4,4,4,4,4,0,0
28,81,ZD,2,2,2,1,0,0,-1,4,4,3,3,3,0,0
28,82,ZD,2,2,2,1,0,0,-1,4,4,3,3,3,0,0
28,83,ZD,2,2,2,1,0,0,-1,4,4,4,4,4,0,0
28,84,ZD,2,2,2,1,0,0,-1,2,2,2,2,2,0,0
28,85,ZD,2,2,2,1,0,0,-1,2,2,2,2,2,0,0
28,86,ZD,2,2,2,1,0,0,-1,2,2,2,2,2,0,0
28,87,ZD,2,2,2,1,0,0,-1,2,2,2,2,2,0,0
28,88,ZD,2,2,2,1,0,0,0,1,1,1,1,1,0,0
28,89,ZD,2,2,2,1,0,0,-1,2,2,2,2,2,0,0
28,90,ZD,2,2,2,1,0,0,-1,2,2,2,2,2,0,0
28,91,ZD,2,2,2,1,0,0,0,1,1,1,1,1,0,0
28,92,ZD,2,2,2,1,0,0,0,1,1,1,1,1,0,0
28,93,ZD,2,2,2,1,0,0,-1,2,2,2,2,2,0,0
28,94,ZD,2,2,2,1,0,0,-1,2,2,2,2,2,0,0
28,95,ZD,2,2,2,1,0,0,0,1,1,1,1,1,0,0
28,96,ZD,2,3,3,1,0,0,-1,3,3,2,2,2,0,0
28,97,ZD,2,2,3,1,0,0,-1,3,3,3,3,3,0,0
28,98,ZD,2,3,3,1,0,0,-1,3,3,2,2,2,0,0
28,99,ZD,2,2,3,1,0,0,-1,3,3,3,3,3,0,0
28,100,ZD,2,2,3,1,0,0,-1,3,3,3,3,3,0,0
28,101,ZD,2,3,3,1,0,0,-1,3,3,2,2,2,0,0
28,102,ZD,2,2,3,1,0,0,-1,3,3,3,3,3,0,0
28,103,ZD,2,3,3,1,0,0,-1,3,3,2,2,2,0,0
28,104,ZD,2,2,2,1,0,0,-1,4,4,4,4,4,0,0
28,105,ZD,2,2,2,1,0,0,-1,4,4,4,4,4,0,0
28,106,ZD,2,2,2,1,0,0,-1,4,4,4,4,4,0,0
28,107,ZD,2,2,2,1,0,0,-1,4,4,4,4,4,0,0
28,108,ZD,2,2,2,1,0,0,-1,4,4,4,4,4,0,0
28,109,ZD,2,2,2,1,0,0,-1,4,4,4,4,4,0,0
28,110,ZD,2,2,2,1,0,0,-1,4,4,4,4,4,0,0
28,111,ZD,2,2,2,1,0,0,-1,4,4,4,4,4,0,0
28,112,ZD,2,2,3,1,0,0,-1,3,3,3,3,3,0,0
28,113,ZD,2,2,3,1,0,0,-1,3,3,3,3,3,0,0
28,114,ZD,2,2,3,1,0,0,-1,3,3,3,3,3,0,0
28,115,ZD,2,2,3,1,0,0,-1,3,3,3,3,3,0,0
28,116,ZD,2,2,3,1,0,0,-1,3,3,3,3,3,0,0
28,117,ZD,2,2,3,1,0,0,-1,3,3,3,3,3,0,0
28,118,ZD,2,2,3,1,0,0,-1,3,3,3,3,3,0,0
28,119,ZD,2,2,3,1,0,0,-1,3,3,3,3,3,0,0
28,120,ZD,2,2,2,1,0,0,-1,4,4,4,4,4,0,0
28,121,ZD,2,2,2,1,0,0,-1,4,4,4,4,4,0,0
28,122,ZD,2,2,2,1,0,0,-1,4,4,4,4,4,0,0
28,123,ZD,2,2,2,1,0,0,-1,4,4,4,4,4,0,0
28,124,ZD,2,2,2,1,0,0,-1,4,4,4,4,4,0,0
28,125,ZD,2,2,2,1,0,0,-1,4,4,4,4,4,0,0
28,126,ZD,2,2,2,1,0,0,-1,4,4,4,4,4,0,0
28,127,ZD,2,2,2,1,0,0,-1,4,4,4,4,4,0,0
28,128,ZD,2,3,3,1,0,0,-1,3,3,1,1,1,0,0
28,129,ZD,2,3,3,1,0,0,-1,3,3,3,3,3,0,0
28,130,ZD,2,3,3,1,0,0,-1,3,3,3,3,3,0,0
28,131,ZD,2,3,3,1,0,0,-1,3,3,1,1,1,0,0
28,132,ZD,2,2,2,1,0,0,-1,4,4,4,4,4,0,0
28,133,ZD,2,2,2,1,0,0,-1,4,4,4,4,4,0,0
28,134,ZD,2,2,2,1,0,0,-1,4,4,4,4,4,0,0
28,135,ZD,2,2,2,1,0,0,-1,4,4,4,4,4,0,0
28,136,ZD,2,2,2,1,0,0,-1,4,4,4,4,4,0,0
28,137,ZD,2,2,2,1,0,0,-1,4,4,4,4,4,0,0
28,138,ZD,2,2,2,1,0,0,-1,4,4,4,4,4,0,0
28,139,ZD,2,2,2,1,0,0,-1,4,4,4,4,4,0,0
28,140,ZD,2,2,2,1,0,0,-1,4,4,4,4,4,0,0
28,141,ZD,2,2,2,1,0,0,-1,4,4,4,4,4,0,0
28,142,ZD,2,2,2,1,0,0,-1,4,4,4,4,4,0,0
28,143,ZD,2,2,2,1,0,0,-1,4,4,4,4,4,0,0
28,144,INC,1,-1,-1,0,0,-1,-1,-1,-1,-1,-1,-1,0,1
28,145,ZD,2,2,2,1,0,0,0,2,2,2,2,2,0,0
28,146,ZD,2,2,2,1,0,0,0,2,2,2,2,2,0,0
28,147,INC,1,-1,-1,0,0,-1,-1,-1,-1,-1,-1,-1,0,1
28,148,ZD,2,2,3,1,0,0,-1,3,3,3,3,3,0,0
28,149,ZD,2,2,3,1,0,0,-1,3,3,3,3,3,0,0
28,150,ZD,2,2,3,1,0,0,-1,3,3,3,3,3,0,0
28,151,ZD,2,2,3,1,0,0,-1,3,3,3,3,3,0,0
28,152,ZD,2,2,3,1,0,0,-1,3,3,3,3,3,0,0
28,153,ZD,2,2,3,1,0,0,-1,3,3,3,3,3,0,0
28,154,ZD,2,2,3,1,0,0,-1,3,3,3,3,3,0,0
28,155,ZD,2,2,3,1,0,0,-1,3,3,3,3,3,0,0
28,156,ZD,2,2,2,1,0,0,-1,4,4,3,3,3,0,0
28,157,ZD,2,2,2,1,0,0,-1,4,4,4,4,4,0,0
28,158,ZD,2,2,2,1,0,0,-1,4,4,4,4,4,0,0
28,159,ZD,2,2,2,1,0,0,-1,4,4,1,1,1,0,0
28,160,ZD,2,2,2,1,0,0,-1,4,4,1,1,1,0,0
28,161,ZD,2,2,2,1,0,0,-1,4,4,4,4,4,0,0
28,162,ZD,2,2,2,1,0,0,-1,4,4,4,4,4,0,0
28,163,ZD,2,2,2,1,0,0,-1,4,4,3,3,3,0,0
28,164,ZD,2,2,3,1,0,0,-1,3,3,3,3,3,0,0
28,165,ZD,2,2,3,1,0,0,-1,3,3,3,3,3,0,0
28,166,ZD,2,2,3,1,0,0,-1,3,3,3,3,3,0,0
28,167,ZD,2,2,3,1,0,0,-1,3,3,3,3,3,0,0
28,168,ZD,2,2,2,1,0,0,-1,4,4,4,4,4,0,0
28,169,ZD,2,2,2,1,0,0,-1,4,4,4,4,4,0,0
28,170,ZD,2,2,2,1,0,0,-1,4,4,4,4,4,0,0
28,171,ZD,2,2,2,1,0,0,-1,4,4,4,4,4,0,0
28,172,ZD,2,2,2,1,0,0,-1,4,4,4,4,4,0,0
28,173,ZD,2,2,2,1,0,0,-1,4,4,4,4,4,0,0
28,174,ZD,2,2,2,1,0,0,-1,4,4,4,4,4,0,0
28,175,ZD,2,2,2,1,0,0,-1,4,4,4,4,4,0,0
28,176,ZD,2,2,2,1,0,0,-1,4,4,4,4,4,0,0
28,177,ZD,2,2,2,1,0,0,-1,4,4,4,4,4,0,0
28,178,ZD,2,2,2,1,0,0,-1,4,4,4,4,4,0,0
28,179,ZD,2,2,2,1,0,0,-1,4,4,4,4,4,0,0
28,180,ZD,2,3,3,1,0,0,-1,3,3,3,3,3,0,0
28,181,ZD,2,3,3,1,0,0,-1,3,3,3,3,3,0,0
28,182,ZD,2,3,3,1,0,0,-1,3,3,3,3,3,0,0
28,183,ZD,2,3,3,1,0,0,-1,3,3,3,3,3,0,0
28,184,ZD,2,3,2,1,0,0,-1,4,4,4,4,4,0,0
28,185,ZD,2,3,2,1,0,0,-1,4,4,4,4,4,0,0
28,186,ZD,2,3,2,1,0,0,-1,4,4,4,4,4,0,0
28,187,ZD,2,3,2,1,0,0,-1,4,4,4,4,4,0,0
28,188,ZD,2,3,2,1,0,0,-1,4,4,4,4,4,0,0
28,189,ZD,2,3,2,1,0,0,-1,4,4,4,4,4,0,0
28,190,ZD,2,3,2,1,0,0,-1,4,4,4,4,4,0,0
28,191,ZD,2,3,2,1,0,0,-1,4,4,4,4,4,0,0
28,192,ZD,2,2,2,1,0,0,-1,4,4,3,3,3,0,0
28,193,ZD,2,2,2,1,0,0,-1,4,4,4,4,4,0,0
28,194,ZD,2,2,2,1,0,0,-1,4,4,4,4,4,0,0
28,195,ZD,2,2,2,1,0,0,-1,4,4,3,3,3,0,0
28,196,ZD,2,3,2,1,0,0,-1,4,4,4,4,4,0,0
28,197,ZD,2,3,2,1,0,0,-1,4,4,4,4,4,0,0
28,198,ZD,2,3,2,1,0,0,-1,4,4,4,4,4,0,0
28,199,ZD,2,3,2,1,0,0,-1,4,4,4,4,4,0,0
29,30,INC,1,-1,-1,0,0,-1,-1,-1,-1,-1,-1,-1,0,1
29,31,ZD,2,2,2,1,0,0,0,2,2,1,1,1,0,0
29,32,ZD,2,2,2,1,0,0,0,2,2,1,1,1,0,0
29,33,INC,1,-1,-1,0,0,-1,-1,-1,-1,-1,-1,-1,0,1
29,34,POS,1,1,1,0,0,-1,-1,-1,-1,-1,-1,-1,0,1
29,35,ZD,2,2,2,1,0,0,0,2,2,2,2,2,0,0
29,36,ZD,2,3,3,1,0,0,-1,3,3,3,3,3,0,0
29,37,ZD,2,3,3,1,0,0,-1,3,3,3,3,3,0,0
29,38,ZD,2,2,3,1,0,0,-1,3,3,3,3,3,0,0
29,39,ZD,2,2,3,1,0,0,-1,3,3,3,3,3,0,0
29,40,ZD,2,2,3,1,0,0,-1,3,3,3,3,3,0,0
29,41,ZD,2,2,3,1,0,0,-1,3,3,3,3,3,0,0
29,42,ZD,2,3,3,1,0,0,-1,3,3,3,3,3,0,0
29,43,ZD,2,3,3,1,0,0,-1,3,3,3,3,3,0,0
29,44,ZD,2,2,2,1,0,0,-1,4,4,4,4,4,0,0
29,45,ZD,2,2,2,1,0,0,-1,4,4,3,3,3,0,0
29,46,ZD,2,2,2,1,0,0,-1,4,4,4,4,4,0,0
29,47,ZD,2,2,2,1,0,0,-1,4,4,3,3,3,0,0
29,48,ZD,2,2,2,1,0,0,-1,4,4,3,3,3,0,0
29,49,ZD,2,2,2,1,0,0,-1,4,4,4,4,4,0,0
29,50,ZD,2,2,2,1,0,0,-1,4,4,3,3,3,0,0
29,51,ZD,2,2,2,1,0,0,-1,4,4,4,4,4,0,0
29,52,ZD,2,2,3,1,0,0,-1,3,3,3,3,3,0,0
29,53,ZD,2,2,3,1,0,0,-1,3,3,3,3,3,0,0
29,54,ZD,2,2,3,1,0,0,-1,3,3,3,3,3,0,0
29,55,ZD,2,2,3,1,0,0,-1,3,3,3,3,3,0,0
29,56,ZD,2,2,3,1,0,0,-1,3,3,3,3,3,0,0
29,57,ZD,2,2,3,1,0,0,-1,3,3,3,3,3,0,0
29,58,ZD,2,2,3,1,0,0,-1,3,3,3,3,3,0,0
29,59,ZD,2,2,3,1,0,0,-1,3,3,3,3,3,0,0
29,60,ZD,2,2,2,1,0,0,-1,4,4,4,4,4,0,0
29,61,ZD,2,2,2,1,0,0,-1,4,4,4,4,4,0,0
29,62,ZD,2,2,2,1,0,0,-1,4,4,4,4,4,0,0
29,63,ZD,2,2,2,1,0,0,-1,4,4,4,4,4,0,0
29,64,ZD,2,2,2,1,0,0,-1,4,4,4,4,4,0,0
29,65,ZD,2,2,2,1,0,0,-1,4,4,4,4,4,0,0
29,66,ZD,2,2,2,1,0,0,-1,4,4,4,4,4,0,0
29,67,ZD,2,2,2,1,0,0,-1,4,4,4,4,4,0,0
29,68,ZD,2,2,3,1,0,0,-1,3,3,3,3,3,0,0
29,69,ZD,2,2,3,1,0,0,-1,3,3,3,3,3,0,0
29,70,ZD,2,2,3,1,0,0,-1,3,3,3,3,3,0,0
29,71,ZD,2,2,3,1,0,0,-1,3,3,3,3,3,0,0
29,72,ZD,2,2,2,1,0,0,-1,4,4,4,4,4,0,0
29,73,ZD,2,2,2,1,0,0,-1,4,4,4,4,4,0,0
29,74,ZD,2,2,2,1,0,0,-1,4,4,4,4,4,0,0
29,75,ZD,2,2,2,1,0,0,-1,4,4,4,4,4,0,0
29,76,ZD,2,2,2,1,0,0,-1,4,4,4,4,4,0,0
29,77,ZD,2,2,2,1,0,0,-1,4,4,4,4,4,0,0
29,78,ZD,2,2,2,1,0,0,-1,4,4,4,4,4,0,0
29,79,ZD,2,2,2,1,0,0,-1,4,4,4,4,4,0,0
29,80,ZD,2,2,2,1,0,0,-1,4,4,4,4,4,0,0
29,81,ZD,2,2,2,1,0,0,-1,4,4,3,3,3,0,0
29,82,ZD,2,2,2,1,0,0,-1,4,4,3,3,3,0,0
29,83,ZD,2,2,2,1,0,0,-1,4,4,4,4,4,0,0
29,84,ZD,2,2,2,1,0,0,-1,2,2,2,2,2,0,0
29,85,ZD,2,2,2,1,0,0,-1,2,2,2,2,2,0,0
29,86,ZD,2,2,2,1,0,0,-1,2,2,2,2,2,0,0
29,87,ZD,2,2,2,1,0,0,-1,2,2,2,2,2,0,0
29,88,ZD,2,2,2,1,0,0,-1,2,2,2,2,2,0,0
29,89,ZD,2,2,2,1,0,0,0,1,1,1,1,1,0,0
29,90,ZD,2,2,2,1,0,0,0,1,1,1,1,1,0,0
29,91,ZD,2,2,2,1,0,0,-1,2,2,2,2,2,0,0
29,92,ZD,2,2,2,1,0,0,-1,2,2,2,2,2,0,0
29,93,ZD,2,2,2,1,0,0,0,1,1,1,1,1,0,0
29,94,ZD,2,2,2,1,0,0,0,1,1,1,1,1,0,0
29,95,ZD,2,2,2,1,0,0,-1,2,2,2,2,2,0,0
29,96,ZD,2,2,3,1,0,0,-1,3,3,3,3,3,0,0
29,97,ZD,2,3,3,1,0,0,-1,3,3,2,2,2,0,0
29,98,ZD,2,2,3,1,0,0,-1,3,3,3,3,3,0,0
29,99,ZD,2,3,3,1,0,0,-1,3,3,2,2,2,0,0
29,100,ZD,2,3,3,1,0,0,-1,3,3,2,2,2,0,0
29,101,ZD,2,2,3,1,0,0,-1,3,3,3,3,3,0,0
29,102,ZD,2,3,3,1,0,0,-1,3,3,2,2,2,0,0
29,103,ZD,2,2,3,1,0,0,-1,3,3,3,3,3,0,0
29,104,ZD,2,2,2,1,0,0,-1,4,4,4,4,4,0,0
29,105,ZD,2,2,2,1,0,0,-1,4,4,4,4,4,0,0
29,106,ZD,2,2,2,1,0,0,-1,4,4,4,4,4,0,0
29,107,ZD,2,2,2,1,0,0,-1,4,4,4,4,4,0,0
29,108,ZD,2,2,2,1,0,0,-1,4,4,4,4,4,0,0
29,109,ZD,2,2,2,1,0,0,-1,4,4,4,4,4,0,0
29,110,ZD,2,2,2,1,0,0,-1,4,4,4,4,4,0,0
29,111,ZD,2,2,2,1,0,0,-1,4,4,4,4,4,0,0
29,112,ZD,2,2,3,1,0,0,-1,3,3,3,3,3,0,0
29,113,ZD,2,2,3,1,0,0,-1,3,3,3,3,3,0,0
29,114,ZD,2,2,3,1,0,0,-1,3,3,3,3,3,0,0
29,115,ZD,2,2,3,1,0,0,-1,3,3,3,3,3,0,0
29,116,ZD,2,2,3,1,0,0,-1,3,3,3,3,3,0,0
29,117,ZD,2,2,3,1,0,0,-1,3,3,3,3,3,0,0
29,118,ZD,2,2,3,1,0,0,-1,3,3,3,3,3,0,0
29,119,ZD,2,2,3,1,0,0,-1,3,3,3,3,3,0,0
29,120,ZD,2,2,2,1,0,0,-1,4,4,4,4,4,0,0
29,121,ZD,2,2,2,1,0,0,-1,4,4,4,4,4,0,0
29,122,ZD,2,2,2,1,0,0,-1,4,4,4,4,4,0,0
29,123,ZD,2,2,2,1,0,0,-1,4,4,4,4,4,0,0
29,124,ZD,2,2,2,1,0,0,-1,4,4,4,4,4,0,0
29,125,ZD,2,2,2,1,0,0,-1,4,4,4,4,4,0,0
29,126,ZD,2,2,2,1,0,0,-1,4,4,4,4,4,0,0
29,127,ZD,2,2,2,1,0,0,-1,4,4,4,4,4,0,0
29,128,ZD,2,3,3,1,0,0,-1,3,3,3,3,3,0,0
29,129,ZD,2,3,3,1,0,0,-1,3,3,1,1,1,0,0
29,130,ZD,2,3,3,1,0,0,-1,3,3,1,1,1,0,0
29,131,ZD,2,3,3,1,0,0,-1,3,3,3,3,3,0,0
29,132,ZD,2,2,2,1,0,0,-1,4,4,4,4,4,0,0
29,133,ZD,2,2,2,1,0,0,-1,4,4,4,4,4,0,0
29,134,ZD,2,2,2,1,0,0,-1,4,4,4,4,4,0,0
29,135,ZD,2,2,2,1,0,0,-1,4,4,4,4,4,0,0
29,136,ZD,2,2,2,1,0,0,-1,4,4,4,4,4,0,0
29,137,ZD,2,2,2,1,0,0,-1,4,4,4,4,4,0,0
29,138,ZD,2,2,2,1,0,0,-1,4,4,4,4,4,0,0
29,139,ZD,2,2,2,1,0,0,-1,4,4,4,4,4,0,0
29,140,ZD,2,2,2,1,0,0,-1,4,4,4,4,4,0,0
29,141,ZD,2,2,2,1,0,0,-1,4,4,4,4,4,0,0
29,142,ZD,2,2,2,1,0,0,-1,4,4,4,4,4,0,0
29,143,ZD,2,2,2,1,0,0,-1,4,4,4,4,4,0,0
29,144,ZD,2,2,2,1,0,0,0,2,2,2,2,2,0,0
29,145,INC,1,-1,-1,0,0,-1,-1,-1,-1,-1,-1,-1,0,1
29,146,INC,1,-1,-1,0,0,-1,-1,-1,-1,-1,-1,-1,0,1
29,147,ZD,2,2,2,1,0,0,0,2,2,2,2,2,0,0
29,148,ZD,2,2,3,1,0,0,-1,3,3,3,3,3,0,0
29,149,ZD,2,2,3,1,0,0,-1,3,3,3,3,3,0,0
29,150,ZD,2,2,3,1,0,0,-1,3,3,3,3,3,0,0
29,151,ZD,2,2,3,1,0,0,-1,3,3,3,3,3,0,0
29,152,ZD,2,2,3,1,0,0,-1,3,3,3,3,3,0,0
29,153,ZD,2,2,3,1,0,0,-1,3,3,3,3,3,0,0
29,154,ZD,2,2,3,1,0,0,-1,3,3,3,3,3,0,0
29,155,ZD,2,2,3,1,0,0,-1,3,3,3,3,3,0,0
29,156,ZD,2,2,2,1,0,0,-1,4,4,4,4,4,0,0
29,157,ZD,2,2,2,1,0,0,-1,4,4,1,1,1,0,0
29,158,ZD,2,2,2,1,0,0,-1,4,4,3,3,3,0,0
29,159,ZD,2,2,2,1,0,0,-1,4,4,4,4,4,0,0
29,160,ZD,2,2,2,1,0,0,-1,4,4,4,4,4,0,0
29,161,ZD,2,2,2,1,0,0,-1,4,4,3,3,3,0,0
29,162,ZD,2,2,2,1,0,0,-1,4,4,1,1,1,0,0
29,163,ZD,2,2,2,1,0,0,-1,4,4,4,4,4,0,0
29,164,ZD,2,2,3,1,0,0,-1,3,3,3,3,3,0,0
29,165,ZD,2,2,3,1,0,0,-1,3,3,3,3,3,0,0
29,166,ZD,2,2,3,1,0,0,-1,3,3,3,3,3,0,0
29,167,ZD,2,2,3,1,0,0,-1,3,3,3,3,3,0,0
29,168,ZD,2,2,2,1,0,0,-1,4,4,4,4,4,0,0
29,169,ZD,2,2,2,1,0,0,-1,4,4,4,4,4,0,0
29,170,ZD,2,2,2,1,0,0,-1,4,4,4,4,4,0,0
29,171,ZD,2,2,2,1,0,0,-1,4,4,4,4,4,0,0
29,172,ZD,2,2,2,1,0,0,-1,4,4,4,4,4,0,0
29,173,ZD,2,2,2,1,0,0,-1,4,4,4,4,4,0,0
29,174,ZD,2,2,2,1,0,0,-1,4,4,4,4,4,0,0
29,175,ZD,2,2,2,1,0,0,-1,4,4,4,4,4,0,0
29,176,ZD,2,2,2,1,0,0,-1,4,4,4,4,4,0,0
29,177,ZD,2,2,2,1,0,0,-1,4,4,4,4,4,0,0
29,178,ZD,2,2,2,1,0,0,-1,4,4,4,4,4,0,0
29,179,ZD,2,2,2,1,0,0,-1,4,4,4,4,4,0,0
29,180,ZD,2,3,3,1,0,0,-1,3,3,3,3,3,0,0
29,181,ZD,2,3,3,1,0,0,-1,3,3,3,3,3,0,0
29,182,ZD,2,3,3,1,0,0,-1,3,3,3,3,3,0,0
29,183,ZD,2,3,3,1,0,0,-1,3,3,3,3,3,0,0
29,184,ZD,2,3,2,1,0,0,-1,4,4,4,4,4,0,0
29,185,ZD,2,3,2,1,0,0,-1,4,4,4,4,4,0,0
29,186,ZD,2,3,2,1,0,0,-1,4,4,4,4,4,0,0
29,187,ZD,2,3,2,1,0,0,-1,4,4,4,4,4,0,0
29,188,ZD,2,3,2,1,0,0,-1,4,4,4,4,4,0,0
29,189,ZD,2,3,2,1,0,0,-1,4,4,4,4,4,0,0
29,190,ZD,2,3,2,1,0,0,-1,4,4,4,4,4,0,0
29,191,ZD,2,3,2,1,0,0,-1,4,4,4,4,4,0,0
29,192,ZD,2,2,2,1,0,0,-1,4,4,4,4,4,0,0
29,193,ZD,2,2,2,1,0,0,-1,4,4,3,3,3,0,0
29,194,ZD,2,2,2,1,0,0,-1,4,4,3,3,3,0,0
29,195,ZD,2,2,2,1,0,0,-1,4,4,4,4,4,0,0
29,196,ZD,2,3,2,1,0,0,-1,4,4,4,4,4,0,0
29,197,ZD,2,3,2,1,0,0,-1,4,4,4,4,4,0,0
29,198,ZD,2,3,2,1,0,0,-1,4,4,4,4,4,0,0
29,199,ZD,2,3,2,1,0,0,-1,4,4,4,4,4,0,0
30,31,ZD,2,2,2,1,0,0,0,2,2,2,2,2,0,0
30,32,ZD,2,2,2,1,0,0,0,2,2,2,2,2,0,0
30,33,POS,1,1,1,0,0,-1,-1,-1,-1,-1,-1,-1,0,1
30,34,INC,1,-1,-1,0,0,-1,-1,-1,-1,-1,-1,-1,0,1
30,35,ZD,2,2,2,1,0,0,0,2,2,1,1,1,0,0
30,36,ZD,2,2,3,1,0,0,-1,3,3,3,3,3,0,0
30,37,ZD,2,2,3,1,0,0,-1,3,3,3,3,3,0,0
30,38,ZD,2,3,3,1,0,0,-1,3,3,2,2,2,0,0
30,39,ZD,2,3,3,1,0,0,-1,3,3,2,2,2,0,0
30,40,ZD,2,3,3,1,0,0,-1,3,3,2,2,2,0,0
30,41,ZD,2,3,3,1,0,0,-1,3,3,2,2,2,0,0
30,42,ZD,2,2,3,1,0,0,-1,3,3,3,3,3,0,0
30,43,ZD,2,2,3,1,0,0,-1,3,3,3,3,3,0,0
30,44,ZD,2,2,2,1,0,0,-1,4,4,4,4,4,0,0
30,45,ZD,2,2,2,1,0,0,-1,4,4,3,3,3,0,0
30,46,ZD,2,2,2,1,0,0,-1,4,4,4,4,4,0,0
30,47,ZD,2,2,2,1,0,0,-1,4,4,3,3,3,0,0
30,48,ZD,2,2,2,1,0,0,-1,4,4,3,3,3,0,0
30,49,ZD,2,2,2,1,0,0,-1,4,4,4,4,4,0,0
30,50,ZD,2,2,2,1,0,0,-1,4,4,3,3,3,0,0
30,51,ZD,2,2,2,1,0,0,-1,4,4,4,4,4,0,0
30,52,ZD,2,2,3,1,0,0,-1,3,3,3,3,3,0,0
30,53,ZD,2,2,3,1,0,0,-1,3,3,3,3,3,0,0
30,54,ZD,2,2,3,1,0,0,-1,3,3,3,3,3,0,0
30,55,ZD,2,2,3,1,0,0,-1,3,3,3,3,3,0,0
30,56,ZD,2,2,3,1,0,0,-1,3,3,3,3,3,0,0
30,57,ZD,2,2,3,1,0,0,-1,3,3,3,3,3,0,0
30,58,ZD,2,2,3,1,0,0,-1,3,3,3,3,3,0,0
30,59,ZD,2,2,3,1,0,0,-1,3,3,3,3,3,0,0
30,60,ZD,2,2,2,1,0,0,-1,4,4,4,4,4,0,0
30,61,ZD,2,2,2,1,0,0,-1,4,4,4,4,4,0,0
30,62,ZD,2,2,2,1,0,0,-1,4,4,4,4,4,0,0
30,63,ZD,2,2,2,1,0,0,-1,4,4,4,4,4,0,0
30,64,ZD,2,2,2,1,0,0,-1,4,4,4,4,4,0,0
30,65,ZD,2,2,2,1,0,0,-1,4,4,4,4,4,0,0
30,66,ZD,2,2,2,1,0,0,-1,4,4,4,4,4,0,0
30,67,ZD,2,2,2,1,0,0,-1,4,4,4,4,4,0,0
30,68,ZD,2,2,3,1,0,0,-1,3,3,3,3,3,0,0
30,69,ZD,2,2,3,1,0,0,-1,3,3,3,3,3,0,0
30,70,ZD,2,2,3,1,0,0,-1,3,3,3,3,3,0,0
30,71,ZD,2,2,3,1,0,0,-1,3,3,3,3,3,0,0
30,72,ZD,2,2,2,1,0,0,-1,4,4,4,4,4,0,0
30,73,ZD,2,2,2,1,0,0,-1,4,4,4,4,4,0,0
30,74,ZD,2,2,2,1,0,0,-1,4,4,4,4,4,0,0
30,75,ZD,2,2,2,1,0,0,-1,4,4,4,4,4,0,0
30,76,ZD,2,2,2,1,0,0,-1,4,4,4,4,4,0,0
30,77,ZD,2,2,2,1,0,0,-1,4,4,4,4,4,0,0
30,78,ZD,2,2,2,1,0,0,-1,4,4,4,4,4,0,0
30,79,ZD,2,2,2,1,0,0,-1,4,4,4,4,4,0,0
30,80,ZD,2,2,2,1,0,0,-1,4,4,4,4,4,0,0
30,81,ZD,2,2,2,1,0,0,-1,4,4,3,3,3,0,0
30,82,ZD,2,2,2,1,0,0,-1,4,4,3,3,3,0,0
30,83,ZD,2,2,2,1,0,0,-1,4,4,4,4,4,0,0
30,84,ZD,2,2,2,1,0,0,-1,2,2,2,2,2,0,0
30,85,ZD,2,2,2,1,0,0,-1,2,2,2,2,2,0,0
30,86,ZD,2,2,2,1,0,0,-1,2,2,2,2,2,0,0
30,87,ZD,2,2,2,1,0,0,-1,2,2,2,2,2,0,0
30,88,ZD,2,2,2,1,0,0,-1,2,2,2,2,2,0,0
30,89,ZD,2,2,2,1,0,0,0,1,1,1,1,1,0,0
30,90,ZD,2,2,2,1,0,0,0,1,1,1,1,1,0,0
30,91,ZD,2,2,2,1,0,0,-1,2,2,2,2,2,0,0
30,92,ZD,2,2,2,1,0,0,-1,2,2,2,2,2,0,0
30,93,ZD,2,2,2,1,0,0,0,1,1,1,1,1,0,0
30,94,ZD,2,2,2,1,0,0,0,1,1,1,1,1,0,0
30,95,ZD,2,2,2,1,0,0,-1,2,2,2,2,2,0,0
30,96,ZD,2,3,3,1,0,0,-1,3,3,2,2,2,0,0
30,97,ZD,2,2,3,1,0,0,-1,3,3,3,3,3,0,0
30,98,ZD,2,3,3,1,0,0,-1,3,3,2,2,2,0,0
30,99,ZD,2,2,3,1,0,0,-1,3,3,3,3,3,0,0
30,100,ZD,2,2,3,1,0,0,-1,3,3,3,3,3,0,0
30,101,ZD,2,3,3,1,0,0,-1,3,3,2,2,2,0,0
30,102,ZD,2,2,3,1,0,0,-1,3,3,3,3,3,0,0
30,103,ZD,2,3,3,1,0,0,-1,3,3,2,2,2,0,0
30,104,ZD,2,2,2,1,0,0,-1,4,4,4,4,4,0,0
30,105,ZD,2,2,2,1,0,0,-1,4,4,4,4,4,0,0
30,106,ZD,2,2,2,1,0,0,-1,4,4,4,4,4,0,0
30,107,ZD,2,2,2,1,0,0,-1,4,4,4,4,4,0,0
30,108,ZD,2,2,2,1,0,0,-1,4,4,4,4,4,0,0
30,109,ZD,2,2,2,1,0,0,-1,4,4,4,4,4,0,0
30,110,ZD,2,2,2,1,0,0,-1,4,4,4,4,4,0,0
30,111,ZD,2,2,2,1,0,0,-1,4,4,4,4,4,0,0
30,112,ZD,2,2,3,1,0,0,-1,3,3,3,3,3,0,0
30,113,ZD,2,2,3,1,0,0,-1,3,3,3,3,3,0,0
30,114,ZD,2,2,3,1,0,0,-1,3,3,3,3,3,0,0
30,115,ZD,2,2,3,1,0,0,-1,3,3,3,3,3,0,0
30,116,ZD,2,2,3,1,0,0,-1,3,3,3,3,3,0,0
30,117,ZD,2,2,3,1,0,0,-1,3,3,3,3,3,0,0
30,118,ZD,2,2,3,1,0,0,-1,3,3,3,3,3,0,0
30,119,ZD,2,2,3,1,0,0,-1,3,3,3,3,3,0,0
30,120,ZD,2,2,2,1,0,0,-1,4,4,4,4,4,0,0
30,121,ZD,2,2,2,1,0,0,-1,4,4,4,4,4,0,0
30,122,ZD,2,2,2,1,0,0,-1,4,4,4,4,4,0,0
30,123,ZD,2,2,2,1,0,0,-1,4,4,4,4,4,0,0
30,124,ZD,2,2,2,1,0,0,-1,4,4,4,4,4,0,0
30,125,ZD,2,2,2,1,0,0,-1,4,4,4,4,4,0,0
30,126,ZD,2,2,2,1,0,0,-1,4,4,4,4,4,0,0
30,127,ZD,2,2,2,1,0,0,-1,4,4,4,4,4,0,0
30,128,ZD,2,3,3,1,0,0,-1,3,3,1,1,1,0,0
30,129,ZD,2,3,3,1,0,0,-1,3,3,3,3,3,0,0
30,130,ZD,2,3,3,1,0,0,-1,3,3,3,3,3,0,0
30,131,ZD,2,3,3,1,0,0,-1,3,3,1,1,1,0,0
30,132,ZD,2,2,2,1,0,0,-1,4,4,4,4,4,0,0
30,133,ZD,2,2,2,1,0,0,-1,4,4,4,4,4,0,0
30,134,ZD,2,2,2,1,0,0,-1,4,4,4,4,4,0,0
30,135,ZD,2,2,2,1,0,0,-1,4,4,4,4,4,0,0
30,136,ZD,2,2,2,1,0,0,-1,4,4,4,4,4,0,0
30,137,ZD,2,2,2,1,0,0,-1,4,4,4,4,4,0,0
30,138,ZD,2,2,2,1,0,0,-1,4,4,4,4,4,0,0
30,139,ZD,2,2,2,1,0,0,-1,4,4,4,4,4,0,0
30,140,ZD,2,2,2,1,0,0,-1,4,4,4,4,4,0,0
30,141,ZD,2,2,2,1,0,0,-1,4,4,4,4,4,0,0
30,142,ZD,2,2,2,1,0,0,-1,4,4,4,4,4,0,0
30,143,ZD,2,2,2,1,0,0,-1,4,4,4,4,4,0,0
30,144,ZD,2,2,2,1,0,0,0,2,2,2,2,2,0,0
30,145,INC,1,-1,-1,0,0,-1,-1,-1,-1,-1,-1,-1,0,1
30,146,INC,1,-1,-1,0,0,-1,-1,-1,-1,-1,-1,-1,0,1
30,147,ZD,2,2,2,1,0,0,0,2,2,2,2,2,0,0
30,148,ZD,2,2,3,1,0,0,-1,3,3,3,3,3,0,0
30,149,ZD,2,2,3,1,0,0,-1,3,3,3,3,3,0,0
30,150,ZD,2,2,3,1,0,0,-1,3,3,3,3,3,0,0
30,151,ZD,2,2,3,1,0,0,-1,3,3,3,3,3,0,0
30,152,ZD,2,2,3,1,0,0,-1,3,3,3,3,3,0,0
30,153,ZD,2,2,3,1,0,0,-1,3,3,3,3,3,0,0
30,154,ZD,2,2,3,1,0,0,-1,3,3,3,3,3,0,0
30,155,ZD,2,2,3,1,0,0,-1,3,3,3,3,3,0,0
30,156,ZD,2,2,2,1,0,0,-1,4,4,1,1,1,0,0
30,157,ZD,2,2,2,1,0,0,-1,4,4,4,4,4,0,0
30,158,ZD,2,2,2,1,0,0,-1,4,4,4,4,4,0,0
30,159,ZD,2,2,2,1,0,0,-1,4,4,3,3,3,0,0
30,160,ZD,2,2,2,1,0,0,-1,4,4,3,3,3,0,0
30,161,ZD,2,2,2,1,0,0,-1,4,4,4,4,4,0,0
30,162,ZD,2,2,2,1,0,0,-1,4,4,4,4,4,0,0
30,163,ZD,2,2,2,1,0,0,-1,4,4,1,1,1,0,0
30,164,ZD,2,2,3,1,0,0,-1,3,3,3,3,3,0,0
30,165,ZD,2,2,3,1,0,0,-1,3,3,3,3,3,0,0
30,166,ZD,2,2,3,1,0,0,-1,3,3,3,3,3,0,0
30,167,ZD,2,2,3,1,0,0,-1,3,3,3,3,3,0,0
30,168,ZD,2,2,2,1,0,0,-1,4,4,4,4,4,0,0
30,169,ZD,2,2,2,1,0,0,-1,4,4,4,4,4,0,0
30,170,ZD,2,2,2,1,0,0,-1,4,4,4,4,4,0,0
30,171,ZD,2,2,2,1,0,0,-1,4,4,4,4,4,0,0
30,172,ZD,2,2,2,1,0,0,-1,4,4,4,4,4,0,0
30,173,ZD,2,2,2,1,0,0,-1,4,4,4,4,4,0,0
30,174,ZD,2,2,2,1,0,0,-1,4,4,4,4,4,0,0
30,175,ZD,2,2,2,1,0,0,-1,4,4,4,4,4,0,0
30,176,ZD,2,2,2,1,0,0,-1,4,4,4,4,4,0,0
30,177,ZD,2,2,2,1,0,0,-1,4,4,4,4,4,0,0
30,178,ZD,2,2,2,1,0,0,-1,4,4,4,4,4,0,0
30,179,ZD,2,2,2,1,0,0,-1,4,4,4,4,4,0,0
30,180,ZD,2,3,3,1,0,0,-1,3,3,2,2,2,0,0
30,181,ZD,2,3,3,1,0,0,-1,3,3,2,2,2,0,0
30,182,ZD,2,3,3,1,0,0,-1,3,3,2,2,2,0,0
30,183,ZD,2,3,3,1,0,0,-1,3,3,2,2,2,0,0
30,184,ZD,2,3,2,1,0,0,-1,4,4,3,3,3,0,0
30,185,ZD,2,3,2,1,0,0,-1,4,4,3,3,3,0,0
30,186,ZD,2,3,2,1,0,0,-1,4,4,3,3,3,0,0
30,187,ZD,2,3,2,1,0,0,-1,4,4,3,3,3,0,0
30,188,ZD,2,3,2,1,0,0,-1,4,4,3,3,3,0,0
30,189,ZD,2,3,2,1,0,0,-1,4,4,3,3,3,0,0
30,190,ZD,2,3,2,1,0,0,-1,4,4,3,3,3,0,0
30,191,ZD,2,3,2,1,0,0,-1,4,4,3,3,3,0,0
30,192,ZD,2,2,2,1,0,0,-1,4,4,3,3,3,0,0
30,193,ZD,2,2,2,1,0,0,-1,4,4,4,4,4,0,0
30,194,ZD,2,2,2,1,0,0,-1,4,4,4,4,4,0,0
30,195,ZD,2,2,2,1,0,0,-1,4,4,3,3,3,0,0
30,196,ZD,2,3,2,1,0,0,-1,4,4,4,4,4,0,0
30,197,ZD,2,3,2,1,0,0,-1,4,4,4,4,4,0,0
30,198,ZD,2,3,2,1,0,0,-1,4,4,4,4,4,0,0
30,199,ZD,2,3,2,1,0,0,-1,4,4,4,4,4,0,0
31,32,POS,1,1,1,0,0,-1,-1,-1,-1,-1,-1,-1,0,1
31,33,ZD,2,2,2,1,0,0,0,2,2,2,2,2,0,0
31,34,ZD,2,2,2,1,0,0,0,2,2,1,1,1,0,0
31,35,INC,1,-1,-1,0,0,-1,-1,-1,-1,-1,-1,-1,0,1
31,36,ZD,2,2,3,1,0,0,-1,3,3,3,3,3,0,0
31,37,ZD,2,2,3,1,0,0,-1,3,3,3,3,3,0,0
31,38,ZD,2,3,3,1,0,0,-1,3,3,2,2,2,0,0
31,39,ZD,2,3,3,1,0,0,-1,3,3,2,2,2,0,0
31,40,ZD,2,3,3,1,0,0,-1,3,3,2,2,2,0,0
31,41,ZD,2,3,3,1,0,0,-1,3,3,2,2,2,0,0
31,42,ZD,2,2,3,1,0,0,-1,3,3,3,3,3,0,0
31,43,ZD,2,2,3,1,0,0,-1,3,3,3,3,3,0,0
31,44,ZD,2,2,2,1,0,0,-1,4,4,4,4,4,0,0
31,45,ZD,2,2,2,1,0,0,-1,4,4,3,3,3,0,0
31,46,ZD,2,2,2,1,0,0,-1,4,4,4,4,4,0,0
31,47,ZD,2,2,2,1,0,0,-1,4,4,3,3,3,0,0
31,48,ZD,2,2,2,1,0,0,-1,4,4,3,3,3,0,0
31,49,ZD,2,2,2,1,0,0,-1,4,4,4,4,4,0,0
31,50,ZD,2,2,2,1,0,0,-1,4,4,3,3,3,0,0
31,51,ZD,2,2,2,1,0,0,-1,4,4,4,4,4,0,0
31,52,ZD,2,2,3,1,0,0,-1,3,3,3,3,3,0,0
31,53,ZD,2,2,3,1,0,0,-1,3,3,3,3,3,0,0
31,54,ZD,2,2,3,1,0,0,-1,3,3,3,3,3,0,0
31,55,ZD,2,2,3,1,0,0,-1,3,3,3,3,3,0,0
31,56,ZD,2,2,3,1,0,0,-1,3,3,3,3,3,0,0
31,57,ZD,2,2,3,1,0,0,-1,3,3,3,3,3,0,0
31,58,ZD,2,2,3,1,0,0,-1,3,3,3,3,3,0,0
31,59,ZD,2,2,3,1,0,0,-1,3,3,3,3,3,0,0
31,60,ZD,2,2,2,1,0,0,-1,4,4,4,4,4,0,0
31,61,ZD,2,2,2,1,0,0,-1,4,4,4,4,4,0,0
31,62,ZD,2,2,2,1,0,0,-1,4,4,4,4,4,0,0
31,63,ZD,2,2,2,1,0,0,-1,4,4,4,4,4,0,0
31,64,ZD,2,2,2,1,0,0,-1,4,4,4,4,4,0,0
31,65,ZD,2,2,2,1,0,0,-1,4,4,4,4,4,0,0
31,66,ZD,2,2,2,1,0,0,-1,4,4,4,4,4,0,0
31,67,ZD,2,2,2,1,0,0,-1,4,4,4,4,4,0,0
31,68,ZD,2,2,3,1,0,0,-1,3,3,3,3,3,0,0
31,69,ZD,2,2,3,1,0,0,-1,3,3,3,3,3,0,0
31,70,ZD,2,2,3,1,0,0,-1,3,3,3,3,3,0,0
31,71,ZD,2,2,3,1,0,0,-1,3,3,3,3,3,0,0
31,72,ZD,2,2,2,1,0,0,-1,4,4,4,4,4,0,0
31,73,ZD,2,2,2,1,0,0,-1,4,4,4,4,4,0,0
31,74,ZD,2,2,2,1,0,0,-1,4,4,4,4,4,0,0
31,75,ZD,2,2,2,1,0,0,-1,4,4,4,4,4,0,0
31,76,ZD,2,2,2,1,0,0,-1,4,4,4,4,4,0,0
31,77,ZD,2,2,2,1,0,0,-1,4,4,4,4,4,0,0
31,78,ZD,2,2,2,1,0,0,-1,4,4,4,4,4,0,0
31,79,ZD,2,2,2,1,0,0,-1,4,4,4,4,4,0,0
31,80,ZD,2,2,2,1,0,0,-1,4,4,4,4,4,0,0
31,81,ZD,2,2,2,1,0,0,-1,4,4,3,3,3,0,0
31,82,ZD,2,2,2,1,0,0,-1,4,4,3,3,3,0,0
31,83,ZD,2,2,2,1,0,0,-1,4,4,4,4,4,0,0
31,84,ZD,2,2,2,1,0,0,-1,2,2,2,2,2,0,0
31,85,ZD,2,2,2,1,0,0,-1,2,2,2,2,2,0,0
31,86,ZD,2,2,2,1,0,0,-1,2,2,2,2,2,0,0
31,87,ZD,2,2,2,1,0,0,-1,2,2,2,2,2,0,0
31,88,ZD,2,2,2,1,0,0,0,1,1,1,1,1,0,0
31,89,ZD,2,2,2,1,0,0,-1,2,2,2,2,2,0,0
31,90,ZD,2,2,2,1,0,0,-1,2,2,2,2,2,0,0
31,91,ZD,2,2,2,1,0,0,0,1,1,1,1,1,0,0
31,92,ZD,2,2,2,1,0,0,0,1,1,1,1,1,0,0
31,93,ZD,2,2,2,1,0,0,-1,2,2,2,2,2,0,0
31,94,ZD,2,2,2,1,0,0,-1,2,2,2,2,2,0,0
31,95,ZD,2,2,2,1,0,0,0,1,1,1,1,1,0,0
31,96,ZD,2,2,3,1,0,0,-1,3,3,3,3,3,0,0
31,97,ZD,2,3,3,1,0,0,-1,3,3,2,2,2,0,0
31,98,ZD,2,2,3,1,0,0,-1,3,3,3,3,3,0,0
31,99,ZD,2,3,3,1,0,0,-1,3,3,2,2,2,0,0
31,100,ZD,2,3,3,1,0,0,-1,3,3,2,2,2,0,0
31,101,ZD,2,2,3,1,0,0,-1,3,3,3,3,3,0,0
31,102,ZD,2,3,3,1,0,0,-1,3,3,2,2,2,0,0
31,103,ZD,2,2,3,1,0,0,-1,3,3,3,3,3,0,0
31,104,ZD,2,2,2,1,0,0,-1,4,4,4,4,4,0,0
31,105,ZD,2,2,2,1,0,0,-1,4,4,4,4,4,0,0
31,106,ZD,2,2,2,1,0,0,-1,4,4,4,4,4,0,0
31,107,ZD,2,2,2,1,0,0,-1,4,4,4,4,4,0,0
31,108,ZD,2,2,2,1,0,0,-1,4,4,4,4,4,0,0
31,109,ZD,2,2,2,1,0,0,-1,4,4,4,4,4,0,0
31,110,ZD,2,2,2,1,0,0,-1,4,4,4,4,4,0,0
31,111,ZD,2,2,2,1,0,0,-1,4,4,4,4,4,0,0
31,112,ZD,2,2,3,1,0,0,-1,3,3,3,3,3,0,0
31,113,ZD,2,2,3,1,0,0,-1,3,3,3,3,3,0,0
31,114,ZD,2,2,3,1,0,0,-1,3,3,3,3,3,0,0
31,115,ZD,2,2,3,1,0,0,-1,3,3,3,3,3,0,0
31,116,ZD,2,2,3,1,0,0,-1,3,3,3,3,3,0,0
31,117,ZD,2,2,3,1,0,0,-1,3,3,3,3,3,0,0
31,118,ZD,2,2,3,1,0,0,-1,3,3,3,3,3,0,0
31,119,ZD,2,2,3,1,0,0,-1,3,3,3,3,3,0,0
31,120,ZD,2,2,2,1,0,0,-1,4,4,4,4,4,0,0
31,121,ZD,2,2,2,1,0,0,-1,4,4,4,4,4,0,0
31,122,ZD,2,2,2,1,0,0,-1,4,4,4,4,4,0,0
31,123,ZD,2,2,2,1,0,0,-1,4,4,4,4,4,0,0
31,124,ZD,2,2,2,1,0,0,-1,4,4,4,4,4,0,0
31,125,ZD,2,2,2,1,0,0,-1,4,4,4,4,4,0,0
31,126,ZD,2,2,2,1,0,0,-1,4,4,4,4,4,0,0
31,127,ZD,2,2,2,1,0,0,-1,4,4,4,4,4,0,0
31,128,ZD,2,3,3,1,0,0,-1,3,3,3,3,3,0,0
31,129,ZD,2,3,3,1,0,0,-1,3,3,1,1,1,0,0
31,130,ZD,2,3,3,1,0,0,-1,3,3,1,1,1,0,0
31,131,ZD,2,3,3,1,0,0,-1,3,3,3,3,3,0,0
31,132,ZD,2,2,2,1,0,0,-1,4,4,4,4,4,0,0
31,133,ZD,2,2,2,1,0,0,-1,4,4,4,4,4,0,0
31,134,ZD,2,2,2,1,0,0,-1,4,4,4,4,4,0,0
31,135,ZD,2,2,2,1,0,0,-1,4,4,4,4,4,0,0
31,136,ZD,2,2,2,1,0,0,-1,4,4,4,4,4,0,0
31,137,ZD,2,2,2,1,0,0,-1,4,4,4,4,4,0,0
31,138,ZD,2,2,2,1,0,0,-1,4,4,4,4,4,0,0
31,139,ZD,2,2,2,1,0,0,-1,4,4,4,4,4,0,0
31,140,ZD,2,2,2,1,0,0,-1,4,4,4,4,4,0,0
31,141,ZD,2,2,2,1,0,0,-1,4,4,4,4,4,0,0
31,142,ZD,2,2,2,1,0,0,-1,4,4,4,4,4,0,0
31,143,ZD,2,2,2,1,0,0,-1,4,4,4,4,4,0,0
31,144,INC,1,-1,-1,0,0,-1,-1,-1,-1,-1,-1,-1,0,1
31,145,ZD,2,2,2,1,0,0,0,2,2,2,2,2,0,0
31,146,ZD,2,2,2,1,0,0,0,2,2,2,2,2,0,0
31,147,INC,1,-1,-1,0,0,-1,-1,-1,-1,-1,-1,-1,0,1
31,148,ZD,2,2,3,1,0,0,-1,3,3,3,3,3,0,0
31,149,ZD,2,2,3,1,0,0,-1,3,3,3,3,3,0,0
31,150,ZD,2,2,3,1,0,0,-1,3,3,3,3,3,0,0
31,151,ZD,2,2,3,1,0,0,-1,3,3,3,3,3,0,0
31,152,ZD,2,2,3,1,0,0,-1,3,3,3,3,3,0,0
31,153,ZD,2,2,3,1,0,0,-1,3,3,3,3,3,0,0
31,154,ZD,2,2,3,1,0,0,-1,3,3,3,3,3,0,0
31,155,ZD,2,2,3,1,0,0,-1,3,3,3,3,3,0,0
31,156,ZD,2,2,2,1,0,0,-1,4,4,4,4,4,0,0
31,157,ZD,2,2,2,1,0,0,-1,4,4,3,3,3,0,0
31,158,ZD,2,2,2,1,0,0,-1,4,4,1,1,1,0,0
31,159,ZD,2,2,2,1,0,0,-1,4,4,4,4,4,0,0
31,160,ZD,2,2,2,1,0,0,-1,4,4,4,4,4,0,0
31,161,ZD,2,2,2,1,0,0,-1,4,4,1,1,1,0,0
31,162,ZD,2,2,2,1,0,0,-1,4,4,3,3,3,0,0
31,163,ZD,2,2,2,1,0,0,-1,4,4,4,4,4,0,0
31,164,ZD,2,2,3,1,0,0,-1,3,3,3,3,3,0,0
31,165,ZD,2,2,3,1,0,0,-1,3,3,3,3,3,0,0
31,166,ZD,2,2,3,1,0,0,-1,3,3,3,3,3,0,0
31,167,ZD,2,2,3,1,0,0,-1,3,3,3,3,3,0,0
31,168,ZD,2,2,2,1,0,0,-1,4,4,4,4,4,0,0
31,169,ZD,2,2,2,1,0,0,-1,4,4,4,4,4,0,0
31,170,ZD,2,2,2,1,0,0,-1,4,4,4,4,4,0,0
31,171,ZD,2,2,2,1,0,0,-1,4,4,4,4,4,0,0
31,172,ZD,2,2,2,1,0,0,-1,4,4,4,4,4,0,0
31,173,ZD,2,2,2,1,0,0,-1,4,4,4,4,4,0,0
31,174,ZD,2,2,2,1,0,0,-1,4,4,4,4,4,0,0
31,175,ZD,2,2,2,1,0,0,-1,4,4,4,4,4,0,0
31,176,ZD,2,2,2,1,0,0,-1,4,4,4,4,4,0,0
31,177,ZD,2,2,2,1,0,0,-1,4,4,4,4,4,0,0
31,178,ZD,2,2,2,1,0,0,-1,4,4,4,4,4,0,0
31,179,ZD,2,2,2,1,0,0,-1,4,4,4,4,4,0,0
31,180,ZD,2,3,3,1,0,0,-1,3,3,2,2,2,0,0
31,181,ZD,2,3,3,1,0,0,-1,3,3,2,2,2,0,0
31,182,ZD,2,3,3,1,0,0,-1,3,3,2,2,2,0,0
31,183,ZD,2,3,3,1,0,0,-1,3,3,2,2,2,0,0
31,184,ZD,2,3,2,1,0,0,-1,4,4,3,3,3,0,0
31,185,ZD,2,3,2,1,0,0,-1,4,4,3,3,3,0,0
31,186,ZD,2,3,2,1,0,0,-1,4,4,3,3,3,0,0
31,187,ZD,2,3,2,1,0,0,-1,4,4,3,3,3,0,0
31,188,ZD,2,3,2,1,0,0,-1,4,4,3,3,3,0,0
31,189,ZD,2,3,2,1,0,0,-1,4,4,3,3,3,0,0
31,190,ZD,2,3,2,1,0,0,-1,4,4,3,3,3,0,0
31,191,ZD,2,3,2,1,0,0,-1,4,4,3,3,3,0,0
31,192,ZD,2,2,2,1,0,0,-1,4,4,4,4,4,0,0
31,193,ZD,2,2,2,1,0,0,-1,4,4,3,3,3,0,0
31,194,ZD,2,2,2,1,0,0,-1,4,4,3,3,3,0,0
31,195,ZD,2,2,2,1,0,0,-1,4,4,4,4,4,0,0
31,196,ZD,2,3,2,1,0,0,-1,4,4,4,4,4,0,0
31,197,ZD,2,3,2,1,0,0,-1,4,4,4,4,4,0,0
31,198,ZD,2,3,2,1,0,0,-1,4,4,4,4,4,0,0
31,199,ZD,2,3,2,1,0,0,-1,4,4,4,4,4,0,0
32,33,ZD,2,2,2,1,0,0,0,2,2,2,2,2,0,0
32,34,ZD,2,2,2,1,0,0,0,2,2,1,1,1,0,0
32,35,INC,1,-1,-1,0,0,-1,-1,-1,-1,-1,-1,-1,0,1
32,36,ZD,2,2,3,1,0,0,-1,3,3,3,3,3,0,0
32,37,ZD,2,2,3,1,0,0,-1,3,3,3,3,3,0,0
32,38,ZD,2,3,3,1,0,0,-1,3,3,2,2,2,0,0
32,39,ZD,2,3,3,1,0,0,-1,3,3,2,2,2,0,0
32,40,ZD,2,3,3,1,0,0,-1,3,3,2,2,2,0,0
32,41,ZD,2,3,3,1,0,0,-1,3,3,2,2,2,0,0
32,42,ZD,2,2,3,1,0,0,-1,3,3,3,3,3,0,0
32,43,ZD,2,2,3,1,0,0,-1,3,3,3,3,3,0,0
32,44,ZD,2,2,2,1,0,0,-1,4,4,4,4,4,0,0
32,45,ZD,2,2,2,1,0,0,-1,4,4,3,3,3,0,0
32,46,ZD,2,2,2,1,0,0,-1,4,4,4,4,4,0,0
32,47,ZD,2,2,2,1,0,0,-1,4,4,3,3,3,0,0
32,48,ZD,2,2,2,1,0,0,-1,4,4,3,3,3,0,0
32,49,ZD,2,2,2,1,0,0,-1,4,4,4,4,4,0,0
32,50,ZD,2,2,2,1,0,0,-1,4,4,3,3,3,0,0
32,51,ZD,2,2,2,1,0,0,-1,4,4,4,4,4,0,0
32,52,ZD,2,2,3,1,0,0,-1,3,3,3,3,3,0,0
32,53,ZD,2,2,3,1,0,0,-1,3,3,3,3,3,0,0
32,54,ZD,2,2,3,1,0,0,-1,3,3,3,3,3,0,0
32,55,ZD,2,2,3,1,0,0,-1,3,3,3,3,3,0,0
32,56,ZD,2,2,3,1,0,0,-1,3,3,3,3,3,0,0
32,57,ZD,2,2,3,1,0,0,-1,3,3,3,3,3,0,0
32,58,ZD,2,2,3,1,0,0,-1,3,3,3,3,3,0,0
32,59,ZD,2,2,3,1,0,0,-1,3,3,3,3,3,0,0
32,60,ZD,2,2,2,1,0,0,-1,4,4,4,4,4,0,0
32,61,ZD,2,2,2,1,0,0,-1,4,4,4,4,4,0,0
32,62,ZD,2,2,2,1,0,0,-1,4,4,4,4,4,0,0
32,63,ZD,2,2,2,1,0,0,-1,4,4,4,4,4,0,0
32,64,ZD,2,2,2,1,0,0,-1,4,4,4,4,4,0,0
32,65,ZD,2,2,2,1,0,0,-1,4,4,4,4,4,0,0
32,66,ZD,2,2,2,1,0,0,-1,4,4,4,4,4,0,0
32,67,ZD,2,2,2,1,0,0,-1,4,4,4,4,4,0,0
32,68,ZD,2,2,3,1,0,0,-1,3,3,3,3,3,0,0
32,69,ZD,2,2,3,1,0,0,-1,3,3,3,3,3,0,0
32,70,ZD,2,2,3,1,0,0,-1,3,3,3,3,3,0,0
32,71,ZD,2,2,3,1,0,0,-1,3,3,3,3,3,0,0
32,72,ZD,2,2,2,1,0,0,-1,4,4,4,4,4,0,0
32,73,ZD,2,2,2,1,0,0,-1,4,4,4,4,4,0,0
32,74,ZD,2,2,2,1,0,0,-1,4,4,4,4,4,0,0
32,75,ZD,2,2,2,1,0,0,-1,4,4,4,4,4,0,0
32,76,ZD,2,2,2,1,0,0,-1,4,4,4,4,4,0,0
32,77,ZD,2,2,2,1,0,0,-1,4,4,4,4,4,0,0
32,78,ZD,2,2,2,1,0,0,-1,4,4,4,4,4,0,0
32,79,ZD,2,2,2,1,0,0,-1,4,4,4,4,4,0,0
32,80,ZD,2,2,2,1,0,0,-1,4,4,4,4,4,0,0
32,81,ZD,2,2,2,1,0,0,-1,4,4,3,3,3,0,0
32,82,ZD,2,2,2,1,0,0,-1,4,4,3,3,3,0,0
32,83,ZD,2,2,2,1,0,0,-1,4,4,4,4,4,0,0
32,84,ZD,2,2,2,1,0,0,-1,2,2,2,2,2,0,0
32,85,ZD,2,2,2,1,0,0,-1,2,2,2,2,2,0,0
32,86,ZD,2,2,2,1,0,0,-1,2,2,2,2,2,0,0
32,87,ZD,2,2,2,1,0,0,-1,2,2,2,2,2,0,0
32,88,ZD,2,2,2,1,0,0,0,1,1,1,1,1,0,0
32,89,ZD,2,2,2,1,0,0,-1,2,2,2,2,2,0,0
32,90,ZD,2,2,2,1,0,0,-1,2,2,2,2,2,0,0
32,91,ZD,2,2,2,1,0,0,0,1,1,1,1,1,0,0
32,92,ZD,2,2,2,1,0,0,0,1,1,1,1,1,0,0
32,93,ZD,2,2,2,1,0,0,-1,2,2,2,2,2,0,0
32,94,ZD,2,2,2,1,0,0,-1,2,2,2,2,2,0,0
32,95,ZD,2,2,2,1,0,0,0,1,1,1,1,1,0,0
32,96,ZD,2,2,3,1,0,0,-1,3,3,3,3,3,0,0
32,97,ZD,2,3,3,1,0,0,-1,3,3,2,2,2,0,0
32,98,ZD,2,2,3,1,0,0,-1,3,3,3,3,3,0,0
32,99,ZD,2,3,3,1,0,0,-1,3,3,2,2,2,0,0
32,100,ZD,2,3,3,1,0,0,-1,3,3,2,2,2,0,0
32,101,ZD,2,2,3,1,0,0,-1,3,3,3,3,3,0,0
32,102,ZD,2,3,3,1,0,0,-1,3,3,2,2,2,0,0
32,103,ZD,2,2,3,1,0,0,-1,3,3,3,3,3,0,0
32,104,ZD,2,2,2,1,0,0,-1,4,4,4,4,4,0,0
32,105,ZD,2,2,2,1,0,0,-1,4,4,4,4,4,0,0
32,106,ZD,2,2,2,1,0,0,-1,4,4,4,4,4,0,0
32,107,ZD,2,2,2,1,0,0,-1,4,4,4,4,4,0,0
32,108,ZD,2,2,2,1,0,0,-1,4,4,4,4,4,0,0
32,109,ZD,2,2,2,1,0,0,-1,4,4,4,4,4,0,0
32,110,ZD,2,2,2,1,0,0,-1,4,4,4,4,4,0,0
32,111,ZD,2,2,2,1,0,0,-1,4,4,4,4,4,0,0
32,112,ZD,2,2,3,1,0,0,-1,3,3,3,3,3,0,0
32,113,ZD,2,2,3,1,0,0,-1,3,3,3,3,3,0,0
32,114,ZD,2,2,3,1,0,0,-1,3,3,3,3,3,0,0
32,115,ZD,2,2,3,1,0,0,-1,3,3,3,3,3,0,0
32,116,ZD,2,2,3,1,0,0,-1,3,3,3,3,3,0,0
32,117,ZD,2,2,3,1,0,0,-1,3,3,3,3,3,0,0
32,118,ZD,2,2,3,1,0,0,-1,3,3,3,3,3,0,0
32,119,ZD,2,2,3,1,0,0,-1,3,3,3,3,3,0,0
32,120,ZD,2,2,2,1,0,0,-1,4,4,4,4,4,0,0
32,121,ZD,2,2,2,1,0,0,-1,4,4,4,4,4,0,0
32,122,ZD,2,2,2,1,0,0,-1,4,4,4,4,4,0,0
32,123,ZD,2,2,2,1,0,0,-1,4,4,4,4,4,0,0
32,124,ZD,2,2,2,1,0,0,-1,4,4,4,4,4,0,0
32,125,ZD,2,2,2,1,0,0,-1,4,4,4,4,4,0,0
32,126,ZD,2,2,2,1,0,0,-1,4,4,4,4,4,0,0
32,127,ZD,2,2,2,1,0,0,-1,4,4,4,4,4,0,0
32,128,ZD,2,3,3,1,0,0,-1,3,3,3,3,3,0,0
32,129,ZD,2,3,3,1,0,0,-1,3,3,1,1,1,0,0
32,130,ZD,2,3,3,1,0,0,-1,3,3,1,1,1,0,0
32,131,ZD,2,3,3,1,0,0,-1,3,3,3,3,3,0,0
32,132,ZD,2,2,2,1,0,0,-1,4,4,4,4,4,0,0
32,133,ZD,2,2,2,1,0,0,-1,4,4,4,4,4,0,0
32,134,ZD,2,2,2,1,0,0,-1,4,4,4,4,4,0,0
32,135,ZD,2,2,2,1,0,0,-1,4,4,4,4,4,0,0
32,136,ZD,2,2,2,1,0,0,-1,4,4,4,4,4,0,0
32,137,ZD,2,2,2,1,0,0,-1,4,4,4,4,4,0,0
32,138,ZD,2,2,2,1,0,0,-1,4,4,4,4,4,0,0
32,139,ZD,2,2,2,1,0,0,-1,4,4,4,4,4,0,0
32,140,ZD,2,2,2,1,0,0,-1,4,4,4,4,4,0,0
32,141,ZD,2,2,2,1,0,0,-1,4,4,4,4,4,0,0
32,142,ZD,2,2,2,1,0,0,-1,4,4,4,4,4,0,0
32,143,ZD,2,2,2,1,0,0,-1,4,4,4,4,4,0,0
32,144,INC,1,-1,-1,0,0,-1,-1,-1,-1,-1,-1,-1,0,1
32,145,ZD,2,2,2,1,0,0,0,2,2,2,2,2,0,0
32,146,ZD,2,2,2,1,0,0,0,2,2,2,2,2,0,0
32,147,INC,1,-1,-1,0,0,-1,-1,-1,-1,-1,-1,-1,0,1
32,148,ZD,2,2,3,1,0,0,-1,3,3,3,3,3,0,0
32,149,ZD,2,2,3,1,0,0,-1,3,3,3,3,3,0,0
32,150,ZD,2,2,3,1,0,0,-1,3,3,3,3,3,0,0
32,151,ZD,2,2,3,1,0,0,-1,3,3,3,3,3,0,0
32,152,ZD,2,2,3,1,0,0,-1,3,3,3,3,3,0,0
32,153,ZD,2,2,3,1,0,0,-1,3,3,3,3,3,0,0
32,154,ZD,2,2,3,1,0,0,-1,3,3,3,3,3,0,0
32,155,ZD,2,2,3,1,0,0,-1,3,3,3,3,3,0,0
32,156,ZD,2,2,2,1,0,0,-1,4,4,4,4,4,0,0
32,157,ZD,2,2,2,1,0,0,-1,4,4,3,3,3,0,0
32,158,ZD,2,2,2,1,0,0,-1,4,4,1,1,1,0,0
32,159,ZD,2,2,2,1,0,0,-1,4,4,4,4,4,0,0
32,160,ZD,2,2,2,1,0,0,-1,4,4,4,4,4,0,0
32,161,ZD,2,2,2,1,0,0,-1,4,4,1,1,1,0,0
32,162,ZD,2,2,2,1,0,0,-1,4,4,3,3,3,0,0
32,163,ZD,2,2,2,1,0,0,-1,4,4,4,4,4,0,0
32,164,ZD,2,2,3,1,0,0,-1,3,3,3,3,3,0,0
32,165,ZD,2,2,3,1,0,0,-1,3,3,3,3,3,0,0
32,166,ZD,2,2,3,1,0,0,-1,3,3,3,3,3,0,0
32,167,ZD,2,2,3,1,0,0,-1,3,3,3,3,3,0,0
32,168,ZD,2,2,2,1,0,0,-1,4,4,4,4,4,0,0
32,169,ZD,2,2,2,1,0,0,-1,4,4,4,4,4,0,0
32,170,ZD,2,2,2,1,0,0,-1,4,4,4,4,4,0,0
32,171,ZD,2,2,2,1,0,0,-1,4,4,4,4,4,0,0
32,172,ZD,2,2,2,1,0,0,-1,4,4,4,4,4,0,0
32,173,ZD,2,2,2,1,0,0,-1,4,4,4,4,4,0,0
32,174,ZD,2,2,2,1,0,0,-1,4,4,4,4,4,0,0
32,175,ZD,2,2,2,1,0,0,-1,4,4,4,4,4,0,0
32,176,ZD,2,2,2,1,0,0,-1,4,4,4,4,4,0,0
32,177,ZD,2,2,2,1,0,0,-1,4,4,4,4,4,0,0
32,178,ZD,2,2,2,1,0,0,-1,4,4,4,4,4,0,0
32,179,ZD,2,2,2,1,0,0,-1,4,4,4,4,4,0,0
32,180,ZD,2,3,3,1,0,0,-1,3,3,2,2,2,0,0
32,181,ZD,2,3,3,1,0,0,-1,3,3,2,2,2,0,0
32,182,ZD,2,3,3,1,0,0,-1,3,3,2,2,2,0,0
32,183,ZD,2,3,3,1,0,0,-1,3,3,2,2,2,0,0
32,184,ZD,2,3,2,1,0,0,-1,4,4,3,3,3,0,0
32,185,ZD,2,3,2,1,0,0,-1,4,4,3,3,3,0,0
32,186,ZD,2,3,2,1,0,0,-1,4,4,3,3,3,0,0
32,187,ZD,2,3,2,1,0,0,-1,4,4,3,3,3,0,0
32,188,ZD,2,3,2,1,0,0,-1,4,4,3,3,3,0,0
32,189,ZD,2,3,2,1,0,0,-1,4,4,3,3,3,0,0
32,190,ZD,2,3,2,1,0,0,-1,4,4,3,3,3,0,0
32,191,ZD,2,3,2,1,0,0,-1,4,4,3,3,3,0,0
32,192,ZD,2,2,2,1,0,0,-1,4,4,4,4,4,0,0
32,193,ZD,2,2,2,1,0,0,-1,4,4,3,3,3,0,0
32,194,ZD,2,2,2,1,0,0,-1,4,4,3,3,3,0,0
32,195,ZD,2,2,2,1,0,0,-1,4,4,4,4,4,0,0
32,196,ZD,2,3,2,1,0,0,-1,4,4,4,4,4,0,0
32,197,ZD,2,3,2,1,0,0,-1,4,4,4,4,4,0,0
32,198,ZD,2,3,2,1,0,0,-1,4,4,4,4,4,0,0
32,199,ZD,2,3,2,1,0,0,-1,4,4,4,4,4,0,0
33,34,INC,1,-1,-1,0,0,-1,-1,-1,-1,-1,-1,-1,0,1
33,35,ZD,2,2,2,1,0,0,0,2,2,1,1,1,0,0
33,36,ZD,2,2,3,1,0,0,-1,3,3,3,3,3,0,0
33,37,ZD,2,2,3,1,0,0,-1,3,3,3,3,3,0,0
33,38,ZD,2,3,3,1,0,0,-1,3,3,2,2,2,0,0
33,39,ZD,2,3,3,1,0,0,-1,3,3,2,2,2,0,0
33,40,ZD,2,3,3,1,0,0,-1,3,3,2,2,2,0,0
33,41,ZD,2,3,3,1,0,0,-1,3,3,2,2,2,0,0
33,42,ZD,2,2,3,1,0,0,-1,3,3,3,3,3,0,0
33,43,ZD,2,2,3,1,0,0,-1,3,3,3,3,3,0,0
33,44,ZD,2,2,2,1,0,0,-1,4,4,4,4,4,0,0
33,45,ZD,2,2,2,1,0,0,-1,4,4,3,3,3,0,0
33,46,ZD,2,2,2,1,0,0,-1,4,4,4,4,4,0,0
33,47,ZD,2,2,2,1,0,0,-1,4,4,3,3,3,0,0
33,48,ZD,2,2,2,1,0,0,-1,4,4,3,3,3,0,0
33,49,ZD,2,2,2,1,0,0,-1,4,4,4,4,4,0,0
33,50,ZD,2,2,2,1,0,0,-1,4,4,3,3,3,0,0
33,51,ZD,2,2,2,1,0,0,-1,4,4,4,4,4,0,0
33,52,ZD,2,2,3,1,0,0,-1,3,3,3,3,3,0,0
33,53,ZD,2,2,3,1,0,0,-1,3,3,3,3,3,0,0
33,54,ZD,2,2,3,1,0,0,-1,3,3,3,3,3,0,0
33,55,ZD,2,2,3,1,0,0,-1,3,3,3,3,3,0,0
33,56,ZD,2,2,3,1,0,0,-1,3,3,3,3,3,0,0
33,57,ZD,2,2,3,1,0,0,-1,3,3,3,3,3,0,0
33,58,ZD,2,2,3,1,0,0,-1,3,3,3,3,3,0,0
33,59,ZD,2,2,3,1,0,0,-1,3,3,3,3,3,0,0
33,60,ZD,2,2,2,1,0,0,-1,4,4,4,4,4,0,0
33,61,ZD,2,2,2,1,0,0,-1,4,4,4,4,4,0,0
33,62,ZD,2,2,2,1,0,0,-1,4,4,4,4,4,0,0
33,63,ZD,2,2,2,1,0,0,-1,4,4,4,4,4,0,0
33,64,ZD,2,2,2,1,0,0,-1,4,4,4,4,4,0,0
33,65,ZD,2,2,2,1,0,0,-1,4,4,4,4,4,0,0
33,66,ZD,2,2,2,1,0,0,-1,4,4,4,4,4,0,0
33,67,ZD,2,2,2,1,0,0,-1,4,4,4,4,4,0,0
33,68,ZD,2,2,3,1,0,0,-1,3,3,3,3,3,0,0
33,69,ZD,2,2,3,1,0,0,-1,3,3,3,3,3,0,0
33,70,ZD,2,2,3,1,0,0,-1,3,3,3,3,3,0,0
33,71,ZD,2,2,3,1,0,0,-1,3,3,3,3,3,0,0
33,72,ZD,2,2,2,1,0,0,-1,4,4,4,4,4,0,0
33,73,ZD,2,2,2,1,0,0,-1,4,4,4,4,4,0,0
33,74,ZD,2,2,2,1,0,0,-1,4,4,4,4,4,0,0
33,75,ZD,2,2,2,1,0,0,-1,4,4,4,4,4,0,0
33,76,ZD,2,2,2,1,0,0,-1,4,4,4,4,4,0,0
33,77,ZD,2,2,2,1,0,0,-1,4,4,4,4,4,0,0
33,78,ZD,2,2,2,1,0,0,-1,4,4,4,4,4,0,0
33,79,ZD,2,2,2,1,0,0,-1,4,4,4,4,4,0,0
33,80,ZD,2,2,2,1,0,0,-1,4,4,4,4,4,0,0
33,81,ZD,2,2,2,1,0,0,-1,4,4,3,3,3,0,0
33,82,ZD,2,2,2,1,0,0,-1,4,4,3,3,3,0,0
33,83,ZD,2,2,2,1,0,0,-1,4,4,4,4,4,0,0
33,84,ZD,2,2,2,1,0,0,-1,2,2,2,2,2,0,0
33,85,ZD,2,2,2,1,0,0,-1,2,2,2,2,2,0,0
33,86,ZD,2,2,2,1,0,0,-1,2,2,2,2,2,0,0
33,87,ZD,2,2,2,1,0,0,-1,2,2,2,2,2,0,0
33,88,ZD,2,2,2,1,0,0,-1,2,2,2,2,2,0,0
33,89,ZD,2,2,2,1,0,0,0,1,1,1,1,1,0,0
33,90,ZD,2,2,2,1,0,0,0,1,1,1,1,1,0,0
33,91,ZD,2,2,2,1,0,0,-1,2,2,2,2,2,0,0
33,92,ZD,2,2,2,1,0,0,-1,2,2,2,2,2,0,0
33,93,ZD,2,2,2,1,0,0,0,1,1,1,1,1,0,0
33,94,ZD,2,2,2,1,0,0,0,1,1,1,1,1,0,0
33,95,ZD,2,2,2,1,0,0,-1,2,2,2,2,2,0,0
33,96,ZD,2,3,3,1,0,0,-1,3,3,2,2,2,0,0
33,97,ZD,2,2,3,1,0,0,-1,3,3,3,3,3,0,0
33,98,ZD,2,3,3,1,0,0,-1,3,3,2,2,2,0,0
33,99,ZD,2,2,3,1,0,0,-1,3,3,3,3,3,0,0
33,100,ZD,2,2,3,1,0,0,-1,3,3,3,3,3,0,0
33,101,ZD,2,3,3,1,0,0,-1,3,3,2,2,2,0,0
33,102,ZD,2,2,3,1,0,0,-1,3,3,3,3,3,0,0
33,103,ZD,2,3,3,1,0,0,-1,3,3,2,2,2,0,0
33,104,ZD,2,2,2,1,0,0,-1,4,4,4,4,4,0,0
33,105,ZD,2,2,2,1,0,0,-1,4,4,4,4,4,0,0
33,106,ZD,2,2,2,1,0,0,-1,4,4,4,4,4,0,0
33,107,ZD,2,2,2,1,0,0,-1,4,4,4,4,4,0,0
33,108,ZD,2,2,2,1,0,0,-1,4,4,4,4,4,0,0
33,109,ZD,2,2,2,1,0,0,-1,4,4,4,4,4,0,0
33,110,ZD,2,2,2,1,0,0,-1,4,4,4,4,4,0,0
33,111,ZD,2,2,2,1,0,0,-1,4,4,4,4,4,0,0
33,112,ZD,2,2,3,1,0,0,-1,3,3,3,3,3,0,0
33,113,ZD,2,2,3,1,0,0,-1,3,3,3,3,3,0,0
33,114,ZD,2,2,3,1,0,0,-1,3,3,3,3,3,0,0
33,115,ZD,2,2,3,1,0,0,-1,3,3,3,3,3,0,0
33,116,ZD,2,2,3,1,0,0,-1,3,3,3,3,3,0,0
33,117,ZD,2,2,3,1,0,0,-1,3,3,3,3,3,0,0
33,118,ZD,2,2,3,1,0,0,-1,3,3,3,3,3,0,0
33,119,ZD,2,2,3,1,0,0,-1,3,3,3,3,3,0,0
33,120,ZD,2,2,2,1,0,0,-1,4,4,4,4,4,0,0
33,121,ZD,2,2,2,1,0,0,-1,4,4,4,4,4,0,0
33,122,ZD,2,2,2,1,0,0,-1,4,4,4,4,4,0,0
33,123,ZD,2,2,2,1,0,0,-1,4,4,4,4,4,0,0
33,124,ZD,2,2,2,1,0,0,-1,4,4,4,4,4,0,0
33,125,ZD,2,2,2,1,0,0,-1,4,4,4,4,4,0,0
33,126,ZD,2,2,2,1,0,0,-1,4,4,4,4,4,0,0
33,127,ZD,2,2,2,1,0,0,-1,4,4,4,4,4,0,0
33,128,ZD,2,3,3,1,0,0,-1,3,3,1,1,1,0,0
33,129,ZD,2,3,3,1,0,0,-1,3,3,3,3,3,0,0
33,130,ZD,2,3,3,1,0,0,-1,3,3,3,3,3,0,0
33,131,ZD,2,3,3,1,0,0,-1,3,3,1,1,1,0,0
33,132,ZD,2,2,2,1,0,0,-1,4,4,4,4,4,0,0
33,133,ZD,2,2,2,1,0,0,-1,4,4,4,4,4,0,0
33,134,ZD,2,2,2,1,0,0,-1,4,4,4,4,4,0,0
33,135,ZD,2,2,2,1,0,0,-1,4,4,4,4,4,0,0
33,136,ZD,2,2,2,1,0,0,-1,4,4,4,4,4,0,0
33,137,ZD,2,2,2,1,0,0,-1,4,4,4,4,4,0,0
33,138,ZD,2,2,2,1,0,0,-1,4,4,4,4,4,0,0
33,139,ZD,2,2,2,1,0,0,-1,4,4,4,4,4,0,0
33,140,ZD,2,2,2,1,0,0,-1,4,4,4,4,4,0,0
33,141,ZD,2,2,2,1,0,0,-1,4,4,4,4,4,0,0
33,142,ZD,2,2,2,1,0,0,-1,4,4,4,4,4,0,0
33,143,ZD,2,2,2,1,0,0,-1,4,4,4,4,4,0,0
33,144,ZD,2,2,2,1,0,0,0,2,2,2,2,2,0,0
33,145,INC,1,-1,-1,0,0,-1,-1,-1,-1,-1,-1,-1,0,1
33,146,INC,1,-1,-1,0,0,-1,-1,-1,-1,-1,-1,-1,0,1
33,147,ZD,2,2,2,1,0,0,0,2,2,2,2,2,0,0
33,148,ZD,2,2,3,1,0,0,-1,3,3,3,3,3,0,0
33,149,ZD,2,2,3,1,0,0,-1,3,3,3,3,3,0,0
33,150,ZD,2,2,3,1,0,0,-1,3,3,3,3,3,0,0
33,151,ZD,2,2,3,1,0,0,-1,3,3,3,3,3,0,0
33,152,ZD,2,2,3,1,0,0,-1,3,3,3,3,3,0,0
33,153,ZD,2,2,3,1,0,0,-1,3,3,3,3,3,0,0
33,154,ZD,2,2,3,1,0,0,-1,3,3,3,3,3,0,0
33,155,ZD,2,2,3,1,0,0,-1,3,3,3,3,3,0,0
33,156,ZD,2,2,2,1,0,0,-1,4,4,1,1,1,0,0
33,157,ZD,2,2,2,1,0,0,-1,4,4,4,4,4,0,0
33,158,ZD,2,2,2,1,0,0,-1,4,4,4,4,4,0,0
33,159,ZD,2,2,2,1,0,0,-1,4,4,3,3,3,0,0
33,160,ZD,2,2,2,1,0,0,-1,4,4,3,3,3,0,0
33,161,ZD,2,2,2,1,0,0,-1,4,4,4,4,4,0,0
33,162,ZD,2,2,2,1,0,0,-1,4,4,4,4,4,0,0
33,163,ZD,2,2,2,1,0,0,-1,4,4,1,1,1,0,0
33,164,ZD,2,2,3,1,0,0,-1,3,3,3,3,3,0,0
33,165,ZD,2,2,3,1,0,0,-1,3,3,3,3,3,0,0
33,166,ZD,2,2,3,1,0,0,-1,3,3,3,3,3,0,0
33,167,ZD,2,2,3,1,0,0,-1,3,3,3,3,3,0,0
33,168,ZD,2,2,2,1,0,0,-1,4,4,4,4,4,0,0
33,169,ZD,2,2,2,1,0,0,-1,4,4,4,4,4,0,0
33,170,ZD,2,2,2,1,0,0,-1,4,4,4,4,4,0,0
33,171,ZD,2,2,2,1,0,0,-1,4,4,4,4,4,0,0
33,172,ZD,2,2,2,1,0,0,-1,4,4,4,4,4,0,0
33,173,ZD,2,2,2,1,0,0,-1,4,4,4,4,4,0,0
33,174,ZD,2,2,2,1,0,0,-1,4,4,4,4,4,0,0
33,175,ZD,2,2,2,1,0,0,-1,4,4,4,4,4,0,0
33,176,ZD,2,2,2,1,0,0,-1,4,4,4,4,4,0,0
33,177,ZD,2,2,2,1,0,0,-1,4,4,4,4,4,0,0
33,178,ZD,2,2,2,1,0,0,-1,4,4,4,4,4,0,0
33,179,ZD,2,2,2,1,0,0,-1,4,4,4,4,4,0,0
33,180,ZD,2,3,3,1,0,0,-1,3,3,2,2,2,0,0
33,181,ZD,2,3,3,1,0,0,-1,3,3,2,2,2,0,0
33,182,ZD,2,3,3,1,0,0,-1,3,3,2,2,2,0,0
33,183,ZD,2,3,3,1,0,0,-1,3,3,2,2,2,0,0
33,184,ZD,2,3,2,1,0,0,-1,4,4,3,3,3,0,0
33,185,ZD,2,3,2,1,0,0,-1,4,4,3,3,3,0,0
33,186,ZD,2,3,2,1,0,0,-1,4,4,3,3,3,0,0
33,187,ZD,2,3,2,1,0,0,-1,4,4,3,3,3,0,0
33,188,ZD,2,3,2,1,0,0,-1,4,4,3,3,3,0,0
33,189,ZD,2,3,2,1,0,0,-1,4,4,3,3,3,0,0
33,190,ZD,2,3,2,1,0,0,-1,4,4,3,3,3,0,0
33,191,ZD,2,3,2,1,0,0,-1,4,4,3,3,3,0,0
33,192,ZD,2,2,2,1,0,0,-1,4,4,3,3,3,0,0
33,193,ZD,2,2,2,1,0,0,-1,4,4,4,4,4,0,0
33,194,ZD,2,2,2,1,0,0,-1,4,4,4,4,4,0,0
33,195,ZD,2,2,2,1,0,0,-1,4,4,3,3,3,0,0
33,196,ZD,2,3,2,1,0,0,-1,4,4,4,4,4,0,0
33,197,ZD,2,3,2,1,0,0,-1,4,4,4,4,4,0,0
33,198,ZD,2,3,2,1,0,0,-1,4,4,4,4,4,0,0
33,199,ZD,2,3,2,1,0,0,-1,4,4,4,4,4,0,0
34,35,ZD,2,2,2,1,0,0,0,2,2,2,2,2,0,0
34,36,ZD,2,3,3,1,0,0,-1,3,3,3,3,3,0,0
34,37,ZD,2,3,3,1,0,0,-1,3,3,3,3,3,0,0
34,38,ZD,2,2,3,1,0,0,-1,3,3,3,3,3,0,0
34,39,ZD,2,2,3,1,0,0,-1,3,3,3,3,3,0,0
34,40,ZD,2,2,3,1,0,0,-1,3,3,3,3,3,0,0
34,41,ZD,2,2,3,1,0,0,-1,3,3,3,3,3,0,0
34,42,ZD,2,3,3,1,0,0,-1,3,3,3,3,3,0,0
34,43,ZD,2,3,3,1,0,0,-1,3,3,3,3,3,0,0
34,44,ZD,2,2,2,1,0,0,-1,4,4,4,4,4,0,0
34,45,ZD,2,2,2,1,0,0,-1,4,4,3,3,3,0,0
34,46,ZD,2,2,2,1,0,0,-1,4,4,4,4,4,0,0
34,47,ZD,2,2,2,1,0,0,-1,4,4,3,3,3,0,0
34,48,ZD,2,2,2,1,0,0,-1,4,4,3,3,3,0,0
34,49,ZD,2,2,2,1,0,0,-1,4,4,4,4,4,0,0
34,50,ZD,2,2,2,1,0,0,-1,4,4,3,3,3,0,0
34,51,ZD,2,2,2,1,0,0,-1,4,4,4,4,4,0,0
34,52,ZD,2,2,3,1,0,0,-1,3,3,3,3,3,0,0
34,53,ZD,2,2,3,1,0,0,-1,3,3,3,3,3,0,0
34,54,ZD,2,2,3,1,0,0,-1,3,3,3,3,3,0,0
34,55,ZD,2,2,3,1,0,0,-1,3,3,3,3,3,0,0
34,56,ZD,2,2,3,1,0,0,-1,3,3,3,3,3,0,0
34,57,ZD,2,2,3,1,0,0,-1,3,3,3,3,3,0,0
34,58,ZD,2,2,3,1,0,0,-1,3,3,3,3,3,0,0
34,59,ZD,2,2,3,1,0,0,-1,3,3,3,3,3,0,0
34,60,ZD,2,2,2,1,0,0,-1,4,4,4,4,4,0,0
34,61,ZD,2,2,2,1,0,0,-1,4,4,4,4,4,0,0
34,62,ZD,2,2,2,1,0,0,-1,4,4,4,4,4,0,0
34,63,ZD,2,2,2,1,0,0,-1,4,4,4,4,4,0,0
34,64,ZD,2,2,2,1,0,0,-1,4,4,4,4,4,0,0
34,65,ZD,2,2,2,1,0,0,-1,4,4,4,4,4,0,0
34,66,ZD,2,2,2,1,0,0,-1,4,4,4,4,4,0,0
34,67,ZD,2,2,2,1,0,0,-1,4,4,4,4,4,0,0
34,68,ZD,2,2,3,1,0,0,-1,3,3,3,3,3,0,0
34,69,ZD,2,2,3,1,0,0,-1,3,3,3,3,3,0,0
34,70,ZD,2,2,3,1,0,0,-1,3,3,3,3,3,0,0
34,71,ZD,2,2,3,1,0,0,-1,3,3,3,3,3,0,0
34,72,ZD,2,2,2,1,0,0,-1,4,4,4,4,4,0,0
34,73,ZD,2,2,2,1,0,0,-1,4,4,4,4,4,0,0
34,74,ZD,2,2,2,1,0,0,-1,4,4,4,4,4,0,0
34,75,ZD,2,2,2,1,0,0,-1,4,4,4,4,4,0,0
34,76,ZD,2,2,2,1,0,0,-1,4,4,4,4,4,0,0
34,77,ZD,2,2,2,1,0,0,-1,4,4,4,4,4,0,0
34,78,ZD,2,2,2,1,0,0,-1,4,4,4,4,4,0,0
34,79,ZD,2,2,2,1,0,0,-1,4,4,4,4,4,0,0
34,80,ZD,2,2,2,1,0,0,-1,4,4,4,4,4,0,0
34,81,ZD,2,2,2,1,0,0,-1,4,4,3,3,3,0,0
34,82,ZD,2,2,2,1,0,0,-1,4,4,3,3,3,0,0
34,83,ZD,2,2,2,1,0,0,-1,4,4,4,4,4,0,0
34,84,ZD,2,2,2,1,0,0,-1,2,2,2,2,2,0,0
34,85,ZD,2,2,2,1,0,0,-1,2,2,2,2,2,0,0
34,86,ZD,2,2,2,1,0,0,-1,2,2,2,2,2,0,0
34,87,ZD,2,2,2,1,0,0,-1,2,2,2,2,2,0,0
34,88,ZD,2,2,2,1,0,0,-1,2,2,2,2,2,0,0
34,89,ZD,2,2,2,1,0,0,0,1,1,1,1,1,0,0
34,90,ZD,2,2,2,1,0,0,0,1,1,1,1,1,0,0
34,91,ZD,2,2,2,1,0,0,-1,2,2,2,2,2,0,0
34,92,ZD,2,2,2,1,0,0,-1,2,2,2,2,2,0,0
34,93,ZD,2,2,2,1,0,0,0,1,1,1,1,1,0,0
34,94,ZD,2,2,2,1,0,0,0,1,1,1,1,1,0,0
34,95,ZD,2,2,2,1,0,0,-1,2,2,2,2,2,0,0
34,96,ZD,2,2,3,1,0,0,-1,3,3,3,3,3,0,0
34,97,ZD,2,3,3,1,0,0,-1,3,3,2,2,2,0,0
34,98,ZD,2,2,3,1,0,0,-1,3,3,3,3,3,0,0
34,99,ZD,2,3,3,1,0,0,-1,3,3,2,2,2,0,0
34,100,ZD,2,3,3,1,0,0,-1,3,3,2,2,2,0,0
34,101,ZD,2,2,3,1,0,0,-1,3,3,3,3,3,0,0
34,102,ZD,2,3,3,1,0,0,-1,3,3,2,2,2,0,0
34,103,ZD,2,2,3,1,0,0,-1,3,3,3,3,3,0,0
34,104,ZD,2,2,2,1,0,0,-1,4,4,4,4,4,0,0
34,105,ZD,2,2,2,1,0,0,-1,4,4,4,4,4,0,0
34,106,ZD,2,2,2,1,0,0,-1,4,4,4,4,4,0,0
34,107,ZD,2,2,2,1,0,0,-1,4,4,4,4,4,0,0
34,108,ZD,2,2,2,1,0,0,-1,4,4,4,4,4,0,0
34,109,ZD,2,2,2,1,0,0,-1,4,4,4,4,4,0,0
34,110,ZD,2,2,2,1,0,0,-1,4,4,4,4,4,0,0
34,111,ZD,2,2,2,1,0,0,-1,4,4,4,4,4,0,0
34,112,ZD,2,2,3,1,0,0,-1,3,3,3,3,3,0,0
34,113,ZD,2,2,3,1,0,0,-1,3,3,3,3,3,0,0
34,114,ZD,2,2,3,1,0,0,-1,3,3,3,3,3,0,0
34,115,ZD,2,2,3,1,0,0,-1,3,3,3,3,3,0,0
34,116,ZD,2,2,3,1,0,0,-1,3,3,3,3,3,0,0
34,117,ZD,2,2,3,1,0,0,-1,3,3,3,3,3,0,0
34,118,ZD,2,2,3,1,0,0,-1,3,3,3,3,3,0,0
34,119,ZD,2,2,3,1,0,0,-1,3,3,3,3,3,0,0
34,120,ZD,2,2,2,1,0,0,-1,4,4,4,4,4,0,0
34,121,ZD,2,2,2,1,0,0,-1,4,4,4,4,4,0,0
34,122,ZD,2,2,2,1,0,0,-1,4,4,4,4,4,0,0
34,123,ZD,2,2,2,1,0,0,-1,4,4,4,4,4,0,0
34,124,ZD,2,2,2,1,0,0,-1,4,4,4,4,4,0,0
34,125,ZD,2,2,2,1,0,0,-1,4,4,4,4,4,0,0
34,126,ZD,2,2,2,1,0,0,-1,4,4,4,4,4,0,0
34,127,ZD,2,2,2,1,0,0,-1,4,4,4,4,4,0,0
34,128,ZD,2,3,3,1,0,0,-1,3,3,3,3,3,0,0
34,129,ZD,2,3,3,1,0,0,-1,3,3,1,1,1,0,0
34,130,ZD,2,3,3,1,0,0,-1,3,3,1,1,1,0,0
34,131,ZD,2,3,3,1,0,0,-1,3,3,3,3,3,0,0
34,132,ZD,2,2,2,1,0,0,-1,4,4,4,4,4,0,0
34,133,ZD,2,2,2,1,0,0,-1,4,4,4,4,4,0,0
34,134,ZD,2,2,2,1,0,0,-1,4,4,4,4,4,0,0
34,135,ZD,2,2,2,1,0,0,-1,4,4,4,4,4,0,0
34,136,ZD,2,2,2,1,0,0,-1,4,4,4,4,4,0,0
34,137,ZD,2,2,2,1,0,0,-1,4,4,4,4,4,0,0
34,138,ZD,2,2,2,1,0,0,-1,4,4,4,4,4,0,0
34,139,ZD,2,2,2,1,0,0,-1,4,4,4,4,4,0,0
34,140,ZD,2,2,2,1,0,0,-1,4,4,4,4,4,0,0
34,141,ZD,2,2,2,1,0,0,-1,4,4,4,4,4,0,0
34,142,ZD,2,2,2,1,0,0,-1,4,4,4,4,4,0,0
34,143,ZD,2,2,2,1,0,0,-1,4,4,4,4,4,0,0
34,144,ZD,2,2,2,1,0,0,0,2,2,2,2,2,0,0
34,145,INC,1,-1,-1,0,0,-1,-1,-1,-1,-1,-1,-1,0,1
34,146,INC,1,-1,-1,0,0,-1,-1,-1,-1,-1,-1,-1,0,1
34,147,ZD,2,2,2,1,0,0,0,2,2,2,2,2,0,0
34,148,ZD,2,2,3,1,0,0,-1,3,3,3,3,3,0,0
34,149,ZD,2,2,3,1,0,0,-1,3,3,3,3,3,0,0
34,150,ZD,2,2,3,1,0,0,-1,3,3,3,3,3,0,0
34,151,ZD,2,2,3,1,0,0,-1,3,3,3,3,3,0,0
34,152,ZD,2,2,3,1,0,0,-1,3,3,3,3,3,0,0
34,153,ZD,2,2,3,1,0,0,-1,3,3,3,3,3,0,0
34,154,ZD,2,2,3,1,0,0,-1,3,3,3,3,3,0,0
34,155,ZD,2,2,3,1,0,0,-1,3,3,3,3,3,0,0
34,156,ZD,2,2,2,1,0,0,-1,4,4,4,4,4,0,0
34,157,ZD,2,2,2,1,0,0,-1,4,4,1,1,1,0,0
34,158,ZD,2,2,2,1,0,0,-1,4,4,3,3,3,0,0
34,159,ZD,2,2,2,1,0,0,-1,4,4,4,4,4,0,0
34,160,ZD,2,2,2,1,0,0,-1,4,4,4,4,4,0,0
34,161,ZD,2,2,2,1,0,0,-1,4,4,3,3,3,0,0
34,162,ZD,2,2,2,1,0,0,-1,4,4,1,1,1,0,0
34,163,ZD,2,2,2,1,0,0,-1,4,4,4,4,4,0,0
34,164,ZD,2,2,3,1,0,0,-1,3,3,3,3,3,0,0
34,165,ZD,2,2,3,1,0,0,-1,3,3,3,3,3,0,0
34,166,ZD,2,2,3,1,0,0,-1,3,3,3,3,3,0,0
34,167,ZD,2,2,3,1,0,0,-1,3,3,3,3,3,0,0
34,168,ZD,2,2,2,1,0,0,-1,4,4,4,4,4,0,0
34,169,ZD,2,2,2,1,0,0,-1,4,4,4,4,4,0,0
34,170,ZD,2,2,2,1,0,0,-1,4,4,4,4,4,0,0
34,171,ZD,2,2,2,1,0,0,-1,4,4,4,4,4,0,0
34,172,ZD,2,2,2,1,0,0,-1,4,4,4,4,4,0,0
34,173,ZD,2,2,2,1,0,0,-1,4,4,4,4,4,0,0
34,174,ZD,2,2,2,1,0,0,-1,4,4,4,4,4,0,0
34,175,ZD,2,2,2,1,0,0,-1,4,4,4,4,4,0,0
34,176,ZD,2,2,2,1,0,0,-1,4,4,4,4,4,0,0
34,177,ZD,2,2,2,1,0,0,-1,4,4,4,4,4,0,0
34,178,ZD,2,2,2,1,0,0,-1,4,4,4,4,4,0,0
34,179,ZD,2,2,2,1,0,0,-1,4,4,4,4,4,0,0
34,180,ZD,2,3,3,1,0,0,-1,3,3,3,3,3,0,0
34,181,ZD,2,3,3,1,0,0,-1,3,3,3,3,3,0,0
34,182,ZD,2,3,3,1,0,0,-1,3,3,3,3,3,0,0
34,183,ZD,2,3,3,1,0,0,-1,3,3,3,3,3,0,0
34,184,ZD,2,3,2,1,0,0,-1,4,4,4,4,4,0,0
34,185,ZD,2,3,2,1,0,0,-1,4,4,4,4,4,0,0
34,186,ZD,2,3,2,1,0,0,-1,4,4,4,4,4,0,0
34,187,ZD,2,3,2,1,0,0,-1,4,4,4,4,4,0,0
34,188,ZD,2,3,2,1,0,0,-1,4,4,4,4,4,0,0
34,189,ZD,2,3,2,1,0,0,-1,4,4,4,4,4,0,0
34,190,ZD,2,3,2,1,0,0,-1,4,4,4,4,4,0,0
34,191,ZD,2,3,2,1,0,0,-1,4,4,4,4,4,0,0
34,192,ZD,2,2,2,1,0,0,-1,4,4,4,4,4,0,0
34,193,ZD,2,2,2,1,0,0,-1,4,4,3,3,3,0,0
34,194,ZD,2,2,2,1,0,0,-1,4,4,3,3,3,0,0
34,195,ZD,2,2,2,1,0,0,-1,4,4,4,4,4,0,0
34,196,ZD,2,3,2,1,0,0,-1,4,4,4,4,4,0,0
34,197,ZD,2,3,2,1,0,0,-1,4,4,4,4,4,0,0
34,198,ZD,2,3,2,1,0,0,-1,4,4,4,4,4,0,0
34,199,ZD,2,3,2,1,0,0,-1,4,4,4,4,4,0,0
35,36,ZD,2,3,3,1,0,0,-1,3,3,3,3,3,0,0
35,37,ZD,2,3,3,1,0,0,-1,3,3,3,3,3,0,0
35,38,ZD,2,2,3,1,0,0,-1,3,3,3,3,3,0,0
35,39,ZD,2,2,3,1,0,0,-1,3,3,3,3,3,0,0
35,40,ZD,2,2,3,1,0,0,-1,3,3,3,3,3,0,0
35,41,ZD,2,2,3,1,0,0,-1,3,3,3,3,3,0,0
35,42,ZD,2,3,3,1,0,0,-1,3,3,3,3,3,0,0
35,43,ZD,2,3,3,1,0,0,-1,3,3,3,3,3,0,0
35,44,ZD,2,2,2,1,0,0,-1,4,4,4,4,4,0,0
35,45,ZD,2,2,2,1,0,0,-1,4,4,3,3,3,0,0
35,46,ZD,2,2,2,1,0,0,-1,4,4,4,4,4,0,0
35,47,ZD,2,2,2,1,0,0,-1,4,4,3,3,3,0,0
35,48,ZD,2,2,2,1,0,0,-1,4,4,3,3,3,0,0
35,49,ZD,2,2,2,1,0,0,-1,4,4,4,4,4,0,0
35,50,ZD,2,2,2,1,0,0,-1,4,4,3,3,3,0,0
35,51,ZD,2,2,2,1,0,0,-1,4,4,4,4,4,0,0
35,52,ZD,2,2,3,1,0,0,-1,3,3,3,3,3,0,0
35,53,ZD,2,2,3,1,0,0,-1,3,3,3,3,3,0,0
35,54,ZD,2,2,3,1,0,0,-1,3,3,3,3,3,0,0
35,55,ZD,2,2,3,1,0,0,-1,3,3,3,3,3,0,0
35,56,ZD,2,2,3,1,0,0,-1,3,3,3,3,3,0,0
35,57,ZD,2,2,3,1,0,0,-1,3,3,3,3,3,0,0
35,58,ZD,2,2,3,1,0,0,-1,3,3,3,3,3,0,0
35,59,ZD,2,2,3,1,0,0,-1,3,3,3,3,3,0,0
35,60,ZD,2,2,2,1,0,0,-1,4,4,4,4,4,0,0
35,61,ZD,2,2,2,1,0,0,-1,4,4,4,4,4,0,0
35,62,ZD,2,2,2,1,0,0,-1,4,4,4,4,4,0,0
35,63,ZD,2,2,2,1,0,0,-1,4,4,4,4,4,0,0
35,64,ZD,2,2,2,1,0,0,-1,4,4,4,4,4,0,0
35,65,ZD,2,2,2,1,0,0,-1,4,4,4,4,4,0,0
35,66,ZD,2,2,2,1,0,0,-1,4,4,4,4,4,0,0
35,67,ZD,2,2,2,1,0,0,-1,4,4,4,4,4,0,0
35,68,ZD,2,2,3,1,0,0,-1,3,3,3,3,3,0,0
35,69,ZD,2,2,3,1,0,0,-1,3,3,3,3,3,0,0
35,70,ZD,2,2,3,1,0,0,-1,3,3,3,3,3,0,0
35,71,ZD,2,2,3,1,0,0,-1,3,3,3,3,3,0,0
35,72,ZD,2,2,2,1,0,0,-1,4,4,4,4,4,0,0
35,73,ZD,2,2,2,1,0,0,-1,4,4,4,4,4,0,0
35,74,ZD,2,2,2,1,0,0,-1,4,4,4,4,4,0,0
35,75,ZD,2,2,2,1,0,0,-1,4,4,4,4,4,0,0
35,76,ZD,2,2,2,1,0,0,-1,4,4,4,4,4,0,0
35,77,ZD,2,2,2,1,0,0,-1,4,4,4,4,4,0,0
35,78,ZD,2,2,2,1,0,0,-1,4,4,4,4,4,0,0
35,79,ZD,2,2,2,1,0,0,-1,4,4,4,4,4,0,0
35,80,ZD,2,2,2,1,0,0,-1,4,4,4,4,4,0,0
35,81,ZD,2,2,2,1,0,0,-1,4,4,3,3,3,0,0
35,82,ZD,2,2,2,1,0,0,-1,4,4,3,3,3,0,0
35,83,ZD,2,2,2,1,0,0,-1,4,4,4,4,4,0,0
35,84,ZD,2,2,2,1,0,0,-1,2,2,2,2,2,0,0
35,85,ZD,2,2,2,1,0,0,-1,2,2,2,2,2,0,0
35,86,ZD,2,2,2,1,0,0,-1,2,2,2,2,2,0,0
35,87,ZD,2,2,2,1,0,0,-1,2,2,2,2,2,0,0
35,88,ZD,2,2,2,1,0,0,0,1,1,1,1,1,0,0
35,89,ZD,2,2,2,1,0,0,-1,2,2,2,2,2,0,0
35,90,ZD,2,2,2,1,0,0,-1,2,2,2,2,2,0,0
35,91,ZD,2,2,2,1,0,0,0,1,1,1,1,1,0,0
35,92,ZD,2,2,2,1,0,0,0,1,1,1,1,1,0,0
35,93,ZD,2,2,2,1,0,0,-1,2,2,2,2,2,0,0
35,94,ZD,2,2,2,1,0,0,-1,2,2,2,2,2,0,0
35,95,ZD,2,2,2,1,0,0,0,1,1,1,1,1,0,0
35,96,ZD,2,3,3,1,0,0,-1,3,3,2,2,2,0,0
35,97,ZD,2,2,3,1,0,0,-1,3,3,3,3,3,0,0
35,98,ZD,2,3,3,1,0,0,-1,3,3,2,2,2,0,0
35,99,ZD,2,2,3,1,0,0,-1,3,3,3,3,3,0,0
35,100,ZD,2,2,3,1,0,0,-1,3,3,3,3,3,0,0
35,101,ZD,2,3,3,1,0,0,-1,3,3,2,2,2,0,0
35,102,ZD,2,2,3,1,0,0,-1,3,3,3,3,3,0,0
35,103,ZD,2,3,3,1,0,0,-1,3,3,2,2,2,0,0
35,104,ZD,2,2,2,1,0,0,-1,4,4,4,4,4,0,0
35,105,ZD,2,2,2,1,0,0,-1,4,4,4,4,4,0,0
35,106,ZD,2,2,2,1,0,0,-1,4,4,4,4,4,0,0
35,107,ZD,2,2,2,1,0,0,-1,4,4,4,4,4,0,0
35,108,ZD,2,2,2,1,0,0,-1,4,4,4,4,4,0,0
35,109,ZD,2,2,2,1,0,0,-1,4,4,4,4,4,0,0
35,110,ZD,2,2,2,1,0,0,-1,4,4,4,4,4,0,0
35,111,ZD,2,2,2,1,0,0,-1,4,4,4,4,4,0,0
35,112,ZD,2,2,3,1,0,0,-1,3,3,3,3,3,0,0
35,113,ZD,2,2,3,1,0,0,-1,3,3,3,3,3,0,0
35,114,ZD,2,2,3,1,0,0,-1,3,3,3,3,3,0,0
35,115,ZD,2,2,3,1,0,0,-1,3,3,3,3,3,0,0
35,116,ZD,2,2,3,1,0,0,-1,3,3,3,3,3,0,0
35,117,ZD,2,2,3,1,0,0,-1,3,3,3,3,3,0,0
35,118,ZD,2,2,3,1,0,0,-1,3,3,3,3,3,0,0
35,119,ZD,2,2,3,1,0,0,-1,3,3,3,3,3,0,0
35,120,ZD,2,2,2,1,0,0,-1,4,4,4,4,4,0,0
35,121,ZD,2,2,2,1,0,0,-1,4,4,4,4,4,0,0
35,122,ZD,2,2,2,1,0,0,-1,4,4,4,4,4,0,0
35,123,ZD,2,2,2,1,0,0,-1,4,4,4,4,4,0,0
35,124,ZD,2,2,2,1,0,0,-1,4,4,4,4,4,0,0
35,125,ZD,2,2,2,1,0,0,-1,4,4,4,4,4,0,0
35,126,ZD,2,2,2,1,0,0,-1,4,4,4,4,4,0,0
35,127,ZD,2,2,2,1,0,0,-1,4,4,4,4,4,0,0
35,128,ZD,2,3,3,1,0,0,-1,3,3,1,1,1,0,0
35,129,ZD,2,3,3,1,0,0,-1,3,3,3,3,3,0,0
35,130,ZD,2,3,3,1,0,0,-1,3,3,3,3,3,0,0
35,131,ZD,2,3,3,1,0,0,-1,3,3,1,1,1,0,0
35,132,ZD,2,2,2,1,0,0,-1,4,4,4,4,4,0,0
35,133,ZD,2,2,2,1,0,0,-1,4,4,4,4,4,0,0
35,134,ZD,2,2,2,1,0,0,-1,4,4,4,4,4,0,0
35,135,ZD,2,2,2,1,0,0,-1,4,4,4,4,4,0,0
35,136,ZD,2,2,2,1,0,0,-1,4,4,4,4,4,0,0
35,137,ZD,2,2,2,1,0,0,-1,4,4,4,4,4,0,0
35,138,ZD,2,2,2,1,0,0,-1,4,4,4,4,4,0,0
35,139,ZD,2,2,2,1,0,0,-1,4,4,4,4,4,0,0
35,140,ZD,2,2,2,1,0,0,-1,4,4,4,4,4,0,0
35,141,ZD,2,2,2,1,0,0,-1,4,4,4,4,4,0,0
35,142,ZD,2,2,2,1,0,0,-1,4,4,4,4,4,0,0
35,143,ZD,2,2,2,1,0,0,-1,4,4,4,4,4,0,0
35,144,INC,1,-1,-1,0,0,-1,-1,-1,-1,-1,-1,-1,0,1
35,145,ZD,2,2,2,1,0,0,0,2,2,2,2,2,0,0
35,146,ZD,2,2,2,1,0,0,0,2,2,2,2,2,0,0
35,147,INC,1,-1,-1,0,0,-1,-1,-1,-1,-1,-1,-1,0,1
35,148,ZD,2,2,3,1,0,0,-1,3,3,3,3,3,0,0
35,149,ZD,2,2,3,1,0,0,-1,3,3,3,3,3,0,0
35,150,ZD,2,2,3,1,0,0,-1,3,3,3,3,3,0,0
35,151,ZD,2,2,3,1,0,0,-1,3,3,3,3,3,0,0
35,152,ZD,2,2,3,1,0,0,-1,3,3,3,3,3,0,0
35,153,ZD,2,2,3,1,0,0,-1,3,3,3,3,3,0,0
35,154,ZD,2,2,3,1,0,0,-1,3,3,3,3,3,0,0
35,155,ZD,2,2,3,1,0,0,-1,3,3,3,3,3,0,0
35,156,ZD,2,2,2,1,0,0,-1,4,4,3,3,3,0,0
35,157,ZD,2,2,2,1,0,0,-1,4,4,4,4,4,0,0
35,158,ZD,2,2,2,1,0,0,-1,4,4,4,4,4,0,0
35,159,ZD,2,2,2,1,0,0,-1,4,4,1,1,1,0,0
35,160,ZD,2,2,2,1,0,0,-1,4,4,1,1,1,0,0
35,161,ZD,2,2,2,1,0,0,-1,4,4,4,4,4,0,0
35,162,ZD,2,2,2,1,0,0,-1,4,4,4,4,4,0,0
35,163,ZD,2,2,2,1,0,0,-1,4,4,3,3,3,0,0
35,164,ZD,2,2,3,1,0,0,-1,3,3,3,3,3,0,0
35,165,ZD,2,2,3,1,0,0,-1,3,3,3,3,3,0,0
35,166,ZD,2,2,3,1,0,0,-1,3,3,3,3,3,0,0
35,167,ZD,2,2,3,1,0,0,-1,3,3,3,3,3,0,0
35,168,ZD,2,2,2,1,0,0,-1,4,4,4,4,4,0,0
35,169,ZD,2,2,2,1,0,0,-1,4,4,4,4,4,0,0
35,170,ZD,2,2,2,1,0,0,-1,4,4,4,4,4,0,0
35,171,ZD,2,2,2,1,0,0,-1,4,4,4,4,4,0,0
35,172,ZD,2,2,2,1,0,0,-1,4,4,4,4,4,0,0
35,173,ZD,2,2,2,1,0,0,-1,4,4,4,4,4,0,0
35,174,ZD,2,2,2,1,0,0,-1,4,4,4,4,4,0,0
35,175,ZD,2,2,2,1,0,0,-1,4,4,4,4,4,0,0
35,176,ZD,2,2,2,1,0,0,-1,4,4,4,4,4,0,0
35,177,ZD,2,2,2,1,0,0,-1,4,4,4,4,4,0,0
35,178,ZD,2,2,2,1,0,0,-1,4,4,4,4,4,0,0
35,179,ZD,2,2,2,1,0,0,-1,4,4,4,4,4,0,0
35,180,ZD,2,3,3,1,0,0,-1,3,3,3,3,3,0,0
35,181,ZD,2,3,3,1,0,0,-1,3,3,3,3,3,0,0
35,182,ZD,2,3,3,1,0,0,-1,3,3,3,3,3,0,0
35,183,ZD,2,3,3,1,0,0,-1,3,3,3,3,3,0,0
35,184,ZD,2,3,2,1,0,0,-1,4,4,4,4,4,0,0
35,185,ZD,2,3,2,1,0,0,-1,4,4,4,4,4,0,0
35,186,ZD,2,3,2,1,0,0,-1,4,4,4,4,4,0,0
35,187,ZD,2,3,2,1,0,0,-1,4,4,4,4,4,0,0
35,188,ZD,2,3,2,1,0,0,-1,4,4,4,4,4,0,0
35,189,ZD,2,3,2,1,0,0,-1,4,4,4,4,4,0,0
35,190,ZD,2,3,2,1,0,0,-1,4,4,4,4,4,0,0
35,191,ZD,2,3,2,1,0,0,-1,4,4,4,4,4,0,0
35,192,ZD,2,2,2,1,0,0,-1,4,4,3,3,3,0,0
35,193,ZD,2,2,2,1,0,0,-1,4,4,4,4,4,0,0
35,194,ZD,2,2,2,1,0,0,-1,4,4,4,4,4,0,0
35,195,ZD,2,2,2,1,0,0,-1,4,4,3,3,3,0,0
35,196,ZD,2,3,2,1,0,0,-1,4,4,4,4,4,0,0
35,197,ZD,2,3,2,1,0,0,-1,4,4,4,4,4,0,0
35,198,ZD,2,3,2,1,0,0,-1,4,4,4,4,4,0,0
35,199,ZD,2,3,2,1,0,0,-1,4,4,4,4,4,0,0
36,37,ZD,2,2,2,1,0,0,0,3,3,2,2,2,0,0
36,38,INC,1,-1,-1,0,0,-1,-1,-1,-1,-1,-1,-1,0,1
36,39,INC,1,-1,-1,0,0,-1,-1,-1,-1,-1,-1,-1,0,1
36,40,INC,1,-1,-1,0,0,-1,-1,-1,-1,-1,-1,-1,0,1
36,41,INC,1,-1,-1,0,0,-1,-1,-1,-1,-1,-1,-1,0,1
36,42,ZD,2,2,2,1,0,0,0,3,3,2,2,2,0,0
36,43,POS,1,1,1,0,0,-1,-1,-1,-1,-1,-1,-1,0,1
36,44,ZD,2,3,3,1,0,0,-1,4,4,4,4,4,0,0
36,45,ZD,2,2,2,1,0,0,0,2,2,2,2,2,0,0
36,46,ZD,2,2,2,1,0,0,-1,2,2,2,2,2,0,0
36,47,ZD,2,2,3,1,0,0,-1,4,4,4,4,4,0,0
36,48,ZD,2,2,3,1,0,0,-1,4,4,4,4,4,0,0
36,49,ZD,2,2,2,1,0,0,-1,2,2,2,2,2,0,0
36,50,ZD,2,2,2,1,0,0,0,2,2,2,2,2,0,0
36,51,ZD,2,3,3,1,0,0,-1,4,4,4,4,4,0,0
36,52,ZD,2,2,3,1,0,0,-1,3,3,3,3,3,0,0
36,53,ZD,2,2,3,1,0,0,-1,3,3,3,3,3,0,0
36,54,ZD,2,2,3,1,0,0,-1,3,3,3,3,3,0,0
36,55,ZD,2,2,3,1,0,0,-1,3,3,3,3,3,0,0
36,56,ZD,2,2,3,1,0,0,-1,3,3,3,3,3,0,0
36,57,ZD,2,2,3,1,0,0,-1,3,3,3,3,3,0,0
36,58,ZD,2,2,3,1,0,0,-1,3,3,3,3,3,0,0
36,59,ZD,2,2,3,1,0,0,-1,3,3,3,3,3,0,0
36,60,ZD,2,2,3,1,0,0,-1,4,4,4,4,4,0,0
36,61,ZD,2,2,3,1,0,0,-1,4,4,4,4,4,0,0
36,62,ZD,2,2,3,1,0,0,-1,4,4,4,4,4,0,0
36,63,ZD,2,2,3,1,0,0,-1,4,4,4,4,4,0,0
36,64,ZD,2,2,3,1,0,0,-1,4,4,4,4,4,0,0
36,65,ZD,2,2,3,1,0,0,-1,4,4,4,4,4,0,0
36,66,ZD,2,2,3,1,0,0,-1,4,4,4,4,4,0,0
36,67,ZD,2,2,3,1,0,0,-1,4,4,4,4,4,0,0
36,68,INC,1,-1,-1,0,0,-1,-1,-1,-1,-1,-1,-1,0,1
36,69,ZD,2,2,2,1,0,0,-1,3,3,2,2,2,0,0
36,70,ZD,2,2,2,1,0,0,-1,3,3,2,2,2,0,0
36,71,INC,1,-1,-1,0,0,-1,-1,-1,-1,-1,-1,-1,0,1
36,72,ZD,2,2,2,1,0,0,-1,2,2,2,2,2,0,0
36,73,ZD,2,2,3,1,0,0,-1,4,4,4,4,4,0,0
36,74,ZD,2,2,3,1,0,0,-1,4,4,4,4,4,0,0
36,75,INC,1,-1,-1,0,0,-1,-1,-1,-1,-1,-1,-1,0,1
36,76,INC,1,-1,-1,0,0,-1,-1,-1,-1,-1,-1,-1,0,1
36,77,ZD,2,2,3,1,0,0,-1,4,4,4,4,4,0,0
36,78,ZD,2,2,3,1,0,0,-1,4,4,4,4,4,0,0
36,79,ZD,2,2,2,1,0,0,-1,2,2,2,2,2,0,0
36,80,ZD,2,2,3,1,0,0,-1,4,4,4,4,4,0,0
36,81,ZD,2,2,3,1,0,0,-1,4,4,4,4,4,0,0
36,82,ZD,2,2,3,1,0,0,-1,4,4,4,4,4,0,0
36,83,ZD,2,2,3,1,0,0,-1,4,4,4,4,4,0,0
36,84,ZD,2,2,2,1,0,0,0,2,2,1,1,1,0,0
36,85,ZD,2,2,2,1,0,0,0,2,2,1,1,1,0,0
36,86,ZD,2,2,2,1,0,0,0,2,2,1,1,1,0,0
36,87,ZD,2,2,2,1,0,0,0,2,2,1,1,1,0,0
36,88,ZD,2,3,3,1,0,0,-1,3,3,3,3,3,0,0
36,89,ZD,2,2,3,1,0,0,-1,3,3,3,3,3,0,0
36,90,ZD,2,3,3,1,0,0,-1,3,3,3,3,3,0,0
36,91,ZD,2,2,3,1,0,0,-1,3,3,3,3,3,0,0
36,92,ZD,2,2,3,1,0,0,-1,3,3,3,3,3,0,0
36,93,ZD,2,3,3,1,0,0,-1,3,3,3,3,3,0,0
36,94,ZD,2,2,3,1,0,0,-1,3,3,3,3,3,0,0
36,95,ZD,2,3,3,1,0,0,-1,3,3,3,3,3,0,0
36,96,ZD,2,2,2,1,0,0,0,2,2,1,1,1,0,0
36,97,ZD,2,2,2,1,0,0,-1,3,3,2,2,2,0,0
36,98,ZD,2,2,2,1,0,0,-1,3,3,2,2,2,0,0
36,99,ZD,2,2,2,1,0,0,0,2,2,1,1,1,0,0
36,100,ZD,2,2,2,1,0,0,0,2,2,1,1,1,0,0
36,101,ZD,2,2,2,1,0,0,-1,3,3,2,2,2,0,0
36,102,ZD,2,2,2,1,0,0,-1,3,3,2,2,2,0,0
36,103,ZD,2,2,2,1,0,0,0,2,2,1,1,1,0,0
36,104,ZD,2,3,3,1,0,0,-1,4,4,4,4,4,0,0
36,105,ZD,2,2,3,1,0,0,-1,3,3,3,3,3,0,0
36,106,ZD,2,2,3,1,0,0,-1,3,3,3,3,3,0,0
36,107,ZD,2,3,3,1,0,0,-1,4,4,4,4,4,0,0
36,108,ZD,2,3,3,1,0,0,-1,4,4,4,4,4,0,0
36,109,ZD,2,2,3,1,0,0,-1,3,3,3,3,3,0,0
36,110,ZD,2,2,3,1,0,0,-1,3,3,3,3,3,0,0
36,111,ZD,2,3,3,1,0,0,-1,4,4,4,4,4,0,0
36,112,ZD,2,2,3,1,0,0,-1,3,3,3,3,3,0,0
36,113,ZD,2,2,3,1,0,0,-1,3,3,3,3,3,0,0
36,114,ZD,2,2,3,1,0,0,-1,3,3,3,3,3,0,0
36,115,ZD,2,2,3,1,0,0,-1,3,3,3,3,3,0,0
36,116,ZD,2,2,3,1,0,0,-1,3,3,3,3,3,0,0
36,117,ZD,2,2,3,1,0,0,-1,3,3,3,3,3,0,0
36,118,ZD,2,2,3,1,0,0,-1,3,3,3,3,3,0,0
36,119,ZD,2,2,3,1,0,0,-1,3,3,3,3,3,0,0
36,120,ZD,2,2,3,1,0,0,-1,4,4,4,4,4,0,0
36,121,ZD,2,2,3,1,0,0,-1,4,4,4,4,4,0,0
36,122,ZD,2,2,3,1,0,0,-1,4,4,4,4,4,0,0
36,123,ZD,2,2,3,1,0,0,-1,4,4,4,4,4,0,0
36,124,ZD,2,2,3,1,0,0,-1,4,4,4,4,4,0,0
36,125,ZD,2,2,3,1,0,0,-1,4,4,4,4,4,0,0
36,126,ZD,2,2,3,1,0,0,-1,4,4,4,4,4,0,0
36,127,ZD,2,2,3,1,0,0,-1,4,4,4,4,4,0,0
36,128,ZD,2,2,2,1,0,0,0,3,3,2,2,2,0,0
36,129,ZD,2,2,2,1,0,0,0,3,3,2,2,2,0,0
36,130,ZD,2,2,2,1,0,0,0,3,3,2,2,2,0,0
36,131,ZD,2,2,2,1,0,0,0,3,3,2,2,2,0,0
36,132,ZD,2,2,3,1,0,0,-1,3,3,3,3,3,0,0
36,133,ZD,2,2,3,1,0,0,-1,4,4,4,4,4,0,0
36,134,ZD,2,2,3,1,0,0,-1,4,4,4,4,4,0,0
36,135,ZD,2,2,3,1,0,0,-1,3,3,3,3,3,0,0
36,136,ZD,2,2,3,1,0,0,-1,3,3,3,3,3,0,0
36,137,ZD,2,2,3,1,0,0,-1,4,4,4,4,4,0,0
36,138,ZD,2,2,3,1,0,0,-1,4,4,4,4,4,0,0
36,139,ZD,2,2,3,1,0,0,-1,3,3,3,3,3,0,0
36,140,ZD,2,2,3,1,0,0,-1,4,4,4,4,4,0,0
36,141,ZD,2,2,3,1,0,0,-1,4,4,4,4,4,0,0
36,142,ZD,2,2,3,1,0,0,-1,4,4,4,4,4,0,0
36,143,ZD,2,2,3,1,0,0,-1,4,4,4,4,4,0,0
36,144,ZD,2,2,3,1,0,0,-1,3,3,3,3,3,0,0
36,145,ZD,2,2,3,1,0,0,-1,3,3,3,3,3,0,0
36,146,ZD,2,2,3,1,0,0,-1,3,3,3,3,3,0,0
36,147,ZD,2,2,3,1,0,0,-1,3,3,3,3,3,0,0
36,148,ZD,2,2,2,1,0,0,0,2,2,2,2,2,0,0
36,149,ZD,2,2,3,1,0,0,-1,3,3,3,3,3,0,0
36,150,ZD,2,2,2,1,0,0,0,2,2,2,2,2,0,0
36,151,ZD,2,2,3,1,0,0,-1,3,3,3,3,3,0,0
36,152,ZD,2,2,3,1,0,0,-1,3,3,3,3,3,0,0
36,153,ZD,2,2,2,1,0,0,0,2,2,2,2,2,0,0
36,154,ZD,2,2,3,1,0,0,-1,3,3,3,3,3,0,0
36,155,ZD,2,2,2,1,0,0,0,2,2,2,2,2,0,0
36,156,ZD,2,2,3,1,0,0,-1,4,4,4,4,4,0,0
36,157,ZD,2,2,3,1,0,0,-1,3,3,3,3,3,0,0
36,158,ZD,2,2,3,1,0,0,-1,4,4,4,4,4,0,0
36,159,ZD,2,2,3,1,0,0,-1,3,3,3,3,3,0,0
36,160,ZD,2,2,3,1,0,0,-1,3,3,3,3,3,0,0
36,161,ZD,2,2,3,1,0,0,-1,4,4,4,4,4,0,0
36,162,ZD,2,2,3,1,0,0,-1,3,3,3,3,3,0,0
36,163,ZD,2,2,3,1,0,0,-1,4,4,4,4,4,0,0
36,164,INC,1,-1,-1,0,0,-1,-1,-1,-1,-1,-1,-1,0,1
36,165,ZD,2,2,2,1,0,0,-1,3,3,2,2,2,0,0
36,166,ZD,2,2,2,1,0,0,-1,3,3,2,2,2,0,0
36,167,INC,1,-1,-1,0,0,-1,-1,-1,-1,-1,-1,-1,0,1
36,168,ZD,2,2,3,1,0,0,-1,4,4,4,4,4,0,0
36,169,ZD,2,2,3,1,0,0,-1,4,4,4,4,4,0,0
36,170,ZD,2,2,3,1,0,0,-1,4,4,4,4,4,0,0
36,171,ZD,2,2,3,1,0,0,-1,4,4,4,4,4,0,0
36,172,ZD,2,2,3,1,0,0,-1,4,4,4,4,4,0,0
36,173,ZD,2,2,3,1,0,0,-1,4,4,4,4,4,0,0
36,174,ZD,2,2,3,1,0,0,-1,4,4,4,4,4,0,0
36,175,ZD,2,2,3,1,0,0,-1,4,4,4,4,4,0,0
36,176,ZD,2,2,3,1,0,0,-1,4,4,4,4,4,0,0
36,177,ZD,2,2,2,1,0,0,-1,2,2,2,2,2,0,0
36,178,ZD,2,2,2,1,0,0,-1,2,2,2,2,2,0,0
36,179,ZD,2,2,3,1,0,0,-1,4,4,4,4,4,0,0
36,180,ZD,2,3,3,1,0,0,-1,3,3,3,3,3,0,0
36,181,ZD,2,3,3,1,0,0,-1,3,3,3,3,3,0,0
36,182,ZD,2,3,3,1,0,0,-1,3,3,3,3,3,0,0
36,183,ZD,2,3,3,1,0,0,-1,3,3,3,3,3,0,0
36,184,ZD,2,3,3,1,0,0,-1,3,3,3,3,3,0,0
36,185,ZD,2,3,3,1,0,0,-1,4,4,4,4,4,0,0
36,186,ZD,2,3,3,1,0,0,-1,4,4,4,4,4,0,0
36,187,ZD,2,3,3,1,0,0,-1,3,3,3,3,3,0,0
36,188,ZD,2,3,3,1,0,0,-1,3,3,3,3,3,0,0
36,189,ZD,2,3,3,1,0,0,-1,4,4,4,4,4,0,0
36,190,ZD,2,3,3,1,0,0,-1,4,4,4,4,4,0,0
36,191,ZD,2,3,3,1,0,0,-1,3,3,3,3,3,0,0
36,192,ZD,2,2,3,1,0,0,-1,4,4,4,4,4,0,0
36,193,ZD,2,2,3,1,0,0,-1,4,4,4,4,4,0,0
36,194,ZD,2,2,3,1,0,0,-1,4,4,4,4,4,0,0
36,195,ZD,2,2,3,1,0,0,-1,4,4,4,4,4,0,0
36,196,ZD,2,2,2,1,0,0,0,2,2,2,2,2,0,0
36,197,ZD,2,3,3,1,0,0,-1,4,4,4,4,4,0,0
36,198,ZD,2,3,3,1,0,0,-1,4,4,4,4,4,0,0
36,199,ZD,2,2,2,1,0,0,0,2,2,2,2,2,0,0
37,38,INC,1,-1,-1,0,0,-1,-1,-1,-1,-1,-1,-1,0,1
37,39,INC,1,-1,-1,0,0,-1,-1,-1,-1,-1,-1,-1,0,1
37,40,INC,1,-1,-1,0,0,-1,-1,-1,-1,-1,-1,-1,0,1
37,41,INC,1,-1,-1,0,0,-1,-1,-1,-1,-1,-1,-1,0,1
37,42,POS,1,1,1,0,0,-1,-1,-1,-1,-1,-1,-1,0,1
37,43,ZD,2,2,2,1,0,0,0,3,3,2,2,2,0,0
37,44,ZD,2,3,3,1,0,0,-1,4,4,4,4,4,0,0
37,45,ZD,2,2,2,1,0,0,0,2,2,2,2,2,0,0
37,46,ZD,2,2,2,1,0,0,-1,2,2,2,2,2,0,0
37,47,ZD,2,2,3,1,0,0,-1,4,4,4,4,4,0,0
37,48,ZD,2,2,3,1,0,0,-1,4,4,4,4,4,0,0
37,49,ZD,2,2,2,1,0,0,-1,2,2,2,2,2,0,0
37,50,ZD,2,2,2,1,0,0,0,2,2,2,2,2,0,0
37,51,ZD,2,3,3,1,0,0,-1,4,4,4,4,4,0,0
37,52,ZD,2,2,3,1,0,0,-1,3,3,3,3,3,0,0
37,53,ZD,2,2,3,1,0,0,-1,3,3,3,3,3,0,0
37,54,ZD,2,2,3,1,0,0,-1,3,3,3,3,3,0,0
37,55,ZD,2,2,3,1,0,0,-1,3,3,3,3,3,0,0
37,56,ZD,2,2,3,1,0,0,-1,3,3,3,3,3,0,0
37,57,ZD,2,2,3,1,0,0,-1,3,3,3,3,3,0,0
37,58,ZD,2,2,3,1,0,0,-1,3,3,3,3,3,0,0
37,59,ZD,2,2,3,1,0,0,-1,3,3,3,3,3,0,0
37,60,ZD,2,2,3,1,0,0,-1,4,4,4,4,4,0,0
37,61,ZD,2,2,3,1,0,0,-1,4,4,4,4,4,0,0
37,62,ZD,2,2,3,1,0,0,-1,4,4,4,4,4,0,0
37,63,ZD,2,2,3,1,0,0,-1,4,4,4,4,4,0,0
37,64,ZD,2,2,3,1,0,0,-1,4,4,4,4,4,0,0
37,65,ZD,2,2,3,1,0,0,-1,4,4,4,4,4,0,0
37,66,ZD,2,2,3,1,0,0,-1,4,4,4,4,4,0,0
37,67,ZD,2,2,3,1,0,0,-1,4,4,4,4,4,0,0
37,68,ZD,2,2,2,1,0,0,-1,3,3,2,2,2,0,0
37,69,INC,1,-1,-1,0,0,-1,-1,-1,-1,-1,-1,-1,0,1
37,70,INC,1,-1,-1,0,0,-1,-1,-1,-1,-1,-1,-1,0,1
37,71,ZD,2,2,2,1,0,0,-1,3,3,2,2,2,0,0
37,72,ZD,2,2,3,1,0,0,-1,4,4,4,4,4,0,0
37,73,INC,1,-1,-1,0,0,-1,-1,-1,-1,-1,-1,-1,0,1
37,74,ZD,2,2,2,1,0,0,-1,2,2,2,2,2,0,0
37,75,ZD,2,2,3,1,0,0,-1,4,4,4,4,4,0,0
37,76,ZD,2,2,3,1,0,0,-1,4,4,4,4,4,0,0
37,77,ZD,2,2,2,1,0,0,-1,2,2,2,2,2,0,0
37,78,INC,1,-1,-1,0,0,-1,-1,-1,-1,-1,-1,-1,0,1
37,79,ZD,2,2,3,1,0,0,-1,4,4,4,4,4,0,0
37,80,ZD,2,2,3,1,0,0,-1,4,4,4,4,4,0,0
37,81,ZD,2,2,3,1,0,0,-1,4,4,4,4,4,0,0
37,82,ZD,2,2,3,1,0,0,-1,4,4,4,4,4,0,0
37,83,ZD,2,2,3,1,0,0,-1,4,4,4,4,4,0,0
37,84,ZD,2,2,2,1,0,0,0,2,2,1,1,1,0,0
37,85,ZD,2,2,2,1,0,0,0,2,2,1,1,1,0,0
37,86,ZD,2,2,2,1,0,0,0,2,2,1,1,1,0,0
37,87,ZD,2,2,2,1,0,0,0,2,2,1,1,1,0,0
37,88,ZD,2,2,3,1,0,0,-1,3,3,3,3,3,0,0
37,89,ZD,2,3,3,1,0,0,-1,3,3,3,3,3,0,0
37,90,ZD,2,2,3,1,0,0,-1,3,3,3,3,3,0,0
37,91,ZD,2,3,3,1,0,0,-1,3,3,3,3,3,0,0
37,92,ZD,2,3,3,1,0,0,-1,3,3,3,3,3,0,0
37,93,ZD,2,2,3,1,0,0,-1,3,3,3,3,3,0,0
37,94,ZD,2,3,3,1,0,0,-1,3,3,3,3,3,0,0
37,95,ZD,2,2,3,1,0,0,-1,3,3,3,3,3,0,0
37,96,ZD,2,2,2,1,0,0,-1,3,3,2,2,2,0,0
37,97,ZD,2,2,2,1,0,0,0,2,2,1,1,1,0,0
37,98,ZD,2,2,2,1,0,0,0,2,2,1,1,1,0,0
37,99,ZD,2,2,2,1,0,0,-1,3,3,2,2,2,0,0
37,100,ZD,2,2,2,1,0,0,-1,3,3,2,2,2,0,0
37,101,ZD,2,2,2,1,0,0,0,2,2,1,1,1,0,0
37,102,ZD,2,2,2,1,0,0,0,2,2,1,1,1,0,0
37,103,ZD,2,2,2,1,0,0,-1,3,3,2,2,2,0,0
37,104,ZD,2,3,3,1,0,0,-1,4,4,4,4,4,0,0
37,105,ZD,2,2,3,1,0,0,-1,3,3,3,3,3,0,0
37,106,ZD,2,2,3,1,0,0,-1,3,3,3,3,3,0,0
37,107,ZD,2,3,3,1,0,0,-1,4,4,4,4,4,0,0
37,108,ZD,2,3,3,1,0,0,-1,4,4,4,4,4,0,0
37,109,ZD,2,2,3,1,0,0,-1,3,3,3,3,3,0,0
37,110,ZD,2,2,3,1,0,0,-1,3,3,3,3,3,0,0
37,111,ZD,2,3,3,1,0,0,-1,4,4,4,4,4,0,0
37,112,ZD,2,2,3,1,0,0,-1,3,3,3,3,3,0,0
37,113,ZD,2,2,3,1,0,0,-1,3,3,3,3,3,0,0
37,114,ZD,2,2,3,1,0,0,-1,3,3,3,3,3,0,0
37,115,ZD,2,2,3,1,0,0,-1,3,3,3,3,3,0,0
37,116,ZD,2,2,3,1,0,0,-1,3,3,3,3,3,0,0
37,117,ZD,2,2,3,1,0,0,-1,3,3,3,3,3,0,0
37,118,ZD,2,2,3,1,0,0,-1,3,3,3,3,3,0,0
37,119,ZD,2,2,3,1,0,0,-1,3,3,3,3,3,0,0
37,120,ZD,2,2,3,1,0,0,-1,4,4,4,4,4,0,0
37,121,ZD,2,2,3,1,0,0,-1,4,4,4,4,4,0,0
37,122,ZD,2,2,3,1,0,0,-1,4,4,4,4,4,0,0
37,123,ZD,2,2,3,1,0,0,-1,4,4,4,4,4,0,0
37,124,ZD,2,2,3,1,0,0,-1,4,4,4,4,4,0,0
37,125,ZD,2,2,3,1,0,0,-1,4,4,4,4,4,0,0
37,126,ZD,2,2,3,1,0,0,-1,4,4,4,4,4,0,0
37,127,ZD,2,2,3,1,0,0,-1,4,4,4,4,4,0,0
37,128,ZD,2,2,2,1,0,0,0,3,3,2,2,2,0,0
37,129,ZD,2,2,2,1,0,0,0,3,3,2,2,2,0,0
37,130,ZD,2,2,2,1,0,0,0,3,3,2,2,2,0,0
37,131,ZD,2,2,2,1,0,0,0,3,3,2,2,2,0,0
37,132,ZD,2,2,3,1,0,0,-1,4,4,4,4,4,0,0
37,133,ZD,2,2,3,1,0,0,-1,3,3,3,3,3,0,0
37,134,ZD,2,2,3,1,0,0,-1,3,3,3,3,3,0,0
37,135,ZD,2,2,3,1,0,0,-1,4,4,4,4,4,0,0
37,136,ZD,2,2,3,1,0,0,-1,4,4,4,4,4,0,0
37,137,ZD,2,2,3,1,0,0,-1,3,3,3,3,3,0,0
37,138,ZD,2,2,3,1,0,0,-1,3,3,3,3,3,0,0
37,139,ZD,2,2,3,1,0,0,-1,4,4,4,4,4,0,0
37,140,ZD,2,2,3,1,0,0,-1,4,4,4,4,4,0,0
37,141,ZD,2,2,3,1,0,0,-1,4,4,4,4,4,0,0
37,142,ZD,2,2,3,1,0,0,-1,4,4,4,4,4,0,0
37,143,ZD,2,2,3,1,0,0,-1,4,4,4,4,4,0,0
37,144,ZD,2,2,3,1,0,0,-1,3,3,3,3,3,0,0
37,145,ZD,2,2,3,1,0,0,-1,3,3,3,3,3,0,0
37,146,ZD,2,2,3,1,0,0,-1,3,3,3,3,3,0,0
37,147,ZD,2,2,3,1,0,0,-1,3,3,3,3,3,0,0
37,148,ZD,2,2,3,1,0,0,-1,3,3,3,3,3,0,0
37,149,ZD,2,2,2,1,0,0,0,2,2,2,2,2,0,0
37,150,ZD,2,2,3,1,0,0,-1,3,3,3,3,3,0,0
37,151,ZD,2,2,2,1,0,0,0,2,2,2,2,2,0,0
37,152,ZD,2,2,2,1,0,0,0,2,2,2,2,2,0,0
37,153,ZD,2,2,3,1,0,0,-1,3,3,3,3,3,0,0
37,154,ZD,2,2,2,1,0,0,0,2,2,2,2,2,0,0
37,155,ZD,2,2,3,1,0,0,-1,3,3,3,3,3,0,0
37,156,ZD,2,2,3,1,0,0,-1,4,4,4,4,4,0,0
37,157,ZD,2,2,3,1,0,0,-1,3,3,3,3,3,0,0
37,158,ZD,2,2,3,1,0,0,-1,4,4,4,4,4,0,0
37,159,ZD,2,2,3,1,0,0,-1,3,3,3,3,3,0,0
37,160,ZD,2,2,3,1,0,0,-1,3,3,3,3,3,0,0
37,161,ZD,2,2,3,1,0,0,-1,4,4,4,4,4,0,0
37,162,ZD,2,2,3,1,0,0,-1,3,3,3,3,3,0,0
37,163,ZD,2,2,3,1,0,0,-1,4,4,4,4,4,0,0
37,164,ZD,2,2,2,1,0,0,-1,3,3,2,2,2,0,0
37,165,INC,1,-1,-1,0,0,-1,-1,-1,-1,-1,-1,-1,0,1
37,166,INC,1,-1,-1,0,0,-1,-1,-1,-1,-1,-1,-1,0,1
37,167,ZD,2,2,2,1,0,0,-1,3,3,2,2,2,0,0
37,168,ZD,2,2,3,1,0,0,-1,4,4,4,4,4,0,0
37,169,ZD,2,2,3,1,0,0,-1,4,4,4,4,4,0,0
37,170,ZD,2,2,3,1,0,0,-1,4,4,4,4,4,0,0
37,171,ZD,2,2,3,1,0,0,-1,4,4,4,4,4,0,0
37,172,ZD,2,2,3,1,0,0,-1,4,4,4,4,4,0,0
37,173,ZD,2,2,3,1,0,0,-1,4,4,4,4,4,0,0
37,174,ZD,2,2,3,1,0,0,-1,4,4,4,4,4,0,0
37,175,ZD,2,2,3,1,0,0,-1,4,4,4,4,4,0,0
37,176,ZD,2,2,3,1,0,0,-1,4,4,4,4,4,0,0
37,177,ZD,2,2,2,1,0,0,-1,2,2,2,2,2,0,0
37,178,ZD,2,2,2,1,0,0,-1,2,2,2,2,2,0,0
37,179,ZD,2,2,3,1,0,0,-1,4,4,4,4,4,0,0
37,180,ZD,2,3,3,1,0,0,-1,3,3,3,3,3,0,0
37,181,ZD,2,3,3,1,0,0,-1,3,3,3,3,3,0,0
37,182,ZD,2,3,3,1,0,0,-1,3,3,3,3,3,0,0
37,183,ZD,2,3,3,1,0,0,-1,3,3,3,3,3,0,0
37,184,ZD,2,3,3,1,0,0,-1,4,4,4,4,4,0,0
37,185,ZD,2,3,3,1,0,0,-1,3,3,3,3,3,0,0
37,186,ZD,2,3,3,1,0,0,-1,3,3,3,3,3,0,0
37,187,ZD,2,3,3,1,0,0,-1,4,4,4,4,4,0,0
37,188,ZD,2,3,3,1,0,0,-1,4,4,4,4,4,0,0
37,189,ZD,2,3,3,1,0,0,-1,3,3,3,3,3,0,0
37,190,ZD,2,3,3,1,0,0,-1,3,3,3,3,3,0,0
37,191,ZD,2,3,3,1,0,0,-1,4,4,4,4,4,0,0
37,192,ZD,2,2,3,1,0,0,-1,4,4,4,4,4,0,0
37,193,ZD,2,2,3,1,0,0,-1,4,4,4,4,4,0,0
37,194,ZD,2,2,3,1,0,0,-1,4,4,4,4,4,0,0
37,195,ZD,2,2,3,1,0,0,-1,4,4,4,4,4,0,0
37,196,ZD,2,3,3,1,0,0,-1,4,4,4,4,4,0,0
37,197,ZD,2,2,2,1,0,0,0,2,2,2,2,2,0,0
37,198,ZD,2,2,2,1,0,0,0,2,2,2,2,2,0,0
37,199,ZD,2,3,3,1,0,0,-1,4,4,4,4,4,0,0
38,39,ZD,2,2,2,1,0,0,0,3,3,2,2,2,0,0
38,40,ZD,2,2,2,1,0,0,0,3,3,2,2,2,0,0
38,41,POS,1,1,1,0,0,-1,-1,-1,-1,-1,-1,-1,0,1
38,42,INC,1,-1,-1,0,0,-1,-1,-1,-1,-1,-1,-1,0,1
38,43,INC,1,-1,-1,0,0,-1,-1,-1,-1,-1,-1,-1,0,1
38,44,ZD,2,2,3,1,0,0,-1,4,4,4,4,4,0,0
38,45,ZD,2,2,2,1,0,0,-1,2,2,2,2,2,0,0
38,46,ZD,2,2,2,1,0,0,0,2,2,2,2,2,0,0
38,47,ZD,2,3,3,1,0,0,-1,4,4,4,4,4,0,0
38,48,ZD,2,3,3,1,0,0,-1,4,4,4,4,4,0,0
38,49,ZD,2,2,2,1,0,0,0,2,2,2,2,2,0,0
38,50,ZD,2,2,2,1,0,0,-1,2,2,2,2,2,0,0
38,51,ZD,2,2,3,1,0,0,-1,4,4,4,4,4,0,0
38,52,ZD,2,2,3,1,0,0,-1,3,3,3,3,3,0,0
38,53,ZD,2,2,3,1,0,0,-1,3,3,3,3,3,0,0
38,54,ZD,2,2,3,1,0,0,-1,3,3,3,3,3,0,0
38,55,ZD,2,2,3,1,0,0,-1,3,3,3,3,3,0,0
38,56,ZD,2,2,3,1,0,0,-1,3,3,3,3,3,0,0
38,57,ZD,2,2,3,1,0,0,-1,3,3,3,3,3,0,0
38,58,ZD,2,2,3,1,0,0,-1,3,3,3,3,3,0,0
38,59,ZD,2,2,3,1,0,0,-1,3,3,3,3,3,0,0
38,60,ZD,2,2,3,1,0,0,-1,4,4,4,4,4,0,0
38,61,ZD,2,2,3,1,0,0,-1,4,4,4,4,4,0,0
38,62,ZD,2,2,3,1,0,0,-1,4,4,4,4,4,0,0
38,63,ZD,2,2,3,1,0,0,-1,4,4,4,4,4,0,0
38,64,ZD,2,2,3,1,0,0,-1,4,4,4,4,4,0,0
38,65,ZD,2,2,3,1,0,0,-1,4,4,4,4,4,0,0
38,66,ZD,2,2,3,1,0,0,-1,4,4,4,4,4,0,0
38,67,ZD,2,2,3,1,0,0,-1,4,4,4,4,4,0,0
38,68,INC,1,-1,-1,0,0,-1,-1,-1,-1,-1,-1,-1,0,1
38,69,ZD,2,2,2,1,0,0,-1,3,3,2,2,2,0,0
38,70,ZD,2,2,2,1,0,0,-1,3,3,2,2,2,0,0
38,71,INC,1,-1,-1,0,0,-1,-1,-1,-1,-1,-1,-1,0,1
38,72,ZD,2,2,3,1,0,0,-1,4,4,4,4,4,0,0
38,73,ZD,2,2,2,1,0,0,-1,2,2,2,2,2,0,0
38,74,INC,1,-1,-1,0,0,-1,-1,-1,-1,-1,-1,-1,0,1
38,75,ZD,2,2,3,1,0,0,-1,4,4,4,4,4,0,0
38,76,ZD,2,2,3,1,0,0,-1,4,4,4,4,4,0,0
38,77,INC,1,-1,-1,0,0,-1,-1,-1,-1,-1,-1,-1,0,1
38,78,ZD,2,2,2,1,0,0,-1,2,2,2,2,2,0,0
38,79,ZD,2,2,3,1,0,0,-1,4,4,4,4,4,0,0
38,80,ZD,2,2,3,1,0,0,-1,4,4,4,4,4,0,0
38,81,ZD,2,2,3,1,0,0,-1,4,4,4,4,4,0,0
38,82,ZD,2,2,3,1,0,0,-1,4,4,4,4,4,0,0
38,83,ZD,2,2,3,1,0,0,-1,4,4,4,4,4,0,0
38,84,ZD,2,2,2,1,0,0,0,2,2,1,1,1,0,0
38,85,ZD,2,2,2,1,0,0,0,2,2,1,1,1,0,0
38,86,ZD,2,2,2,1,0,0,0,2,2,1,1,1,0,0
38,87,ZD,2,2,2,1,0,0,0,2,2,1,1,1,0,0
38,88,ZD,2,3,3,1,0,0,-1,3,3,3,3,3,0,0
38,89,ZD,2,2,3,1,0,0,-1,3,3,3,3,3,0,0
38,90,ZD,2,3,3,1,0,0,-1,3,3,3,3,3,0,0
38,91,ZD,2,2,3,1,0,0,-1,3,3,3,3,3,0,0
38,92,ZD,2,2,3,1,0,0,-1,3,3,3,3,3,0,0
38,93,ZD,2,3,3,1,0,0,-1,3,3,3,3,3,0,0
38,94,ZD,2,2,3,1,0,0,-1,3,3,3,3,3,0,0
38,95,ZD,2,3,3,1,0,0,-1,3,3,3,3,3,0,0
38,96,ZD,2,2,2,1,0,0,-1,3,3,2,2,2,0,0
38,97,ZD,2,2,2,1,0,0,0,2,2,1,1,1,0,0
38,98,ZD,2,2,2,1,0,0,0,2,2,1,1,1,0,0
38,99,ZD,2,2,2,1,0,0,-1,3,3,2,2,2,0,0
38,100,ZD,2,2,2,1,0,0,-1,3,3,2,2,2,0,0
38,101,ZD,2,2,2,1,0,0,0,2,2,1,1,1,0,0
38,102,ZD,2,2,2,1,0,0,0,2,2,1,1,1,0,0
38,103,ZD,2,2,2,1,0,0,-1,3,3,2,2,2,0,0
38,104,ZD,2,2,3,1,0,0,-1,4,4,4,4,4,0,0
38,105,ZD,2,3,3,1,0,0,-1,3,3,3,3,3,0,0
38,106,ZD,2,3,3,1,0,0,-1,3,3,3,3,3,0,0
38,107,ZD,2,2,3,1,0,0,-1,4,4,4,4,4,0,0
38,108,ZD,2,2,3,1,0,0,-1,4,4,4,4,4,0,0
38,109,ZD,2,3,3,1,0,0,-1,3,3,3,3,3,0,0
38,110,ZD,2,3,3,1,0,0,-1,3,3,3,3,3,0,0
38,111,ZD,2,2,3,1,0,0,-1,4,4,4,4,4,0,0
38,112,ZD,2,2,3,1,0,0,-1,3,3,3,3,3,0,0
38,113,ZD,2,2,3,1,0,0,-1,3,3,3,3,3,0,0
38,114,ZD,2,2,3,1,0,0,-1,3,3,3,3,3,0,0
38,115,ZD,2,2,3,1,0,0,-1,3,3,3,3,3,0,0
38,116,ZD,2,2,3,1,0,0,-1,3,3,3,3,3,0,0
38,117,ZD,2,2,3,1,0,0,-1,3,3,3,3,3,0,0
38,118,ZD,2,2,3,1,0,0,-1,3,3,3,3,3,0,0
38,119,ZD,2,2,3,1,0,0,-1,3,3,3,3,3,0,0
38,120,ZD,2,2,3,1,0,0,-1,4,4,4,4,4,0,0
38,121,ZD,2,2,3,1,0,0,-1,4,4,4,4,4,0,0
38,122,ZD,2,2,3,1,0,0,-1,4,4,4,4,4,0,0
38,123,ZD,2,2,3,1,0,0,-1,4,4,4,4,4,0,0
38,124,ZD,2,2,3,1,0,0,-1,4,4,4,4,4,0,0
38,125,ZD,2,2,3,1,0,0,-1,4,4,4,4,4,0,0
38,126,ZD,2,2,3,1,0,0,-1,4,4,4,4,4,0,0
38,127,ZD,2,2,3,1,0,0,-1,4,4,4,4,4,0,0
38,128,ZD,2,2,2,1,0,0,0,3,3,2,2,2,0,0
38,129,ZD,2,2,2,1,0,0,0,3,3,2,2,2,0,0
38,130,ZD,2,2,2,1,0,0,0,3,3,2,2,2,0,0
38,131,ZD,2,2,2,1,0,0,0,3,3,2,2,2,0,0
38,132,ZD,2,2,3,1,0,0,-1,4,4,4,4,4,0,0
38,133,ZD,2,2,3,1,0,0,-1,3,3,3,3,3,0,0
38,134,ZD,2,2,3,1,0,0,-1,3,3,3,3,3,0,0
38,135,ZD,2,2,3,1,0,0,-1,4,4,4,4,4,0,0
38,136,ZD,2,2,3,1,0,0,-1,4,4,4,4,4,0,0
38,137,ZD,2,2,3,1,0,0,-1,3,3,3,3,3,0,0
38,138,ZD,2,2,3,1,0,0,-1,3,3,3,3,3,0,0
38,139,ZD,2,2,3,1,0,0,-1,4,4,4,4,4,0,0
38,140,ZD,2,2,3,1,0,0,-1,4,4,4,4,4,0,0
38,141,ZD,2,2,3,1,0,0,-1,4,4,4,4,4,0,0
38,142,ZD,2,2,3,1,0,0,-1,4,4,4,4,4,0,0
38,143,ZD,2,2,3,1,0,0,-1,4,4,4,4,4,0,0
38,144,ZD,2,2,3,1,0,0,-1,3,3,3,3,3,0,0
38,145,ZD,2,2,3,1,0,0,-1,3,3,3,3,3,0,0
38,146,ZD,2,2,3,1,0,0,-1,3,3,3,3,3,0,0
38,147,ZD,2,2,3,1,0,0,-1,3,3,3,3,3,0,0
38,148,ZD,2,2,3,1,0,0,-1,3,3,3,3,3,0,0
38,149,ZD,2,2,2,1,0,0,0,2,2,2,2,2,0,0
38,150,ZD,2,2,3,1,0,0,-1,3,3,3,3,3,0,0
38,151,ZD,2,2,2,1,0,0,0,2,2,2,2,2,0,0
38,152,ZD,2,2,2,1,0,0,0,2,2,2,2,2,0,0
38,153,ZD,2,2,3,1,0,0,-1,3,3,3,3,3,0,0
38,154,ZD,2,2,2,1,0,0,0,2,2,2,2,2,0,0
38,155,ZD,2,2,3,1,0,0,-1,3,3,3,3,3,0,0
38,156,ZD,2,2,3,1,0,0,-1,4,4,4,4,4,0,0
38,157,ZD,2,2,3,1,0,0,-1,3,3,3,3,3,0,0
38,158,ZD,2,2,3,1,0,0,-1,4,4,4,4,4,0,0
38,159,ZD,2,2,3,1,0,0,-1,3,3,3,3,3,0,0
38,160,ZD,2,2,3,1,0,0,-1,3,3,3,3,3,0,0
38,161,ZD,2,2,3,1,0,0,-1,4,4,4,4,4,0,0
38,162,ZD,2,2,3,1,0,0,-1,3,3,3,3,3,0,0
38,163,ZD,2,2,3,1,0,0,-1,4,4,4,4,4,0,0
38,164,ZD,2,2,2,1,0,0,-1,3,3,2,2,2,0,0
38,165,INC,1,-1,-1,0,0,-1,-1,-1,-1,-1,-1,-1,0,1
38,166,INC,1,-1,-1,0,0,-1,-1,-1,-1,-1,-1,-1,0,1
38,167,ZD,2,2,2,1,0,0,-1,3,3,2,2,2,0,0
38,168,ZD,2,2,3,1,0,0,-1,4,4,4,4,4,0,0
38,169,ZD,2,2,3,1,0,0,-1,4,4,4,4,4,0,0
38,170,ZD,2,2,3,1,0,0,-1,4,4,4,4,4,0,0
38,171,ZD,2,2,3,1,0,0,-1,4,4,4,4,4,0,0
38,172,ZD,2,2,3,1,0,0,-1,4,4,4,4,4,0,0
38,173,ZD,2,2,3,1,0,0,-1,4,4,4,4,4,0,0
38,174,ZD,2,2,3,1,0,0,-1,4,4,4,4,4,0,0
38,175,ZD,2,2,3,1,0,0,-1,4,4,4,4,4,0,0
38,176,ZD,2,2,3,1,0,0,-1,4,4,4,4,4,0,0
38,177,ZD,2,2,2,1,0,0,-1,2,2,2,2,2,0,0
38,178,ZD,2,2,2,1,0,0,-1,2,2,2,2,2,0,0
38,179,ZD,2,2,3,1,0,0,-1,4,4,4,4,4,0,0
38,180,ZD,2,3,3,1,0,0,-1,3,3,2,2,2,0,0
38,181,ZD,2,3,3,1,0,0,-1,3,3,2,2,2,0,0
38,182,ZD,2,3,3,1,0,0,-1,3,3,2,2,2,0,0
38,183,ZD,2,3,3,1,0,0,-1,3,3,2,2,2,0,0
38,184,ZD,2,3,3,1,0,0,-1,4,4,3,3,3,0,0
38,185,ZD,2,3,3,1,0,0,-1,3,3,2,2,2,0,0
38,186,ZD,2,3,3,1,0,0,-1,3,3,2,2,2,0,0
38,187,ZD,2,3,3,1,0,0,-1,4,4,3,3,3,0,0
38,188,ZD,2,3,3,1,0,0,-1,4,4,3,3,3,0,0
38,189,ZD,2,3,3,1,0,0,-1,3,3,2,2,2,0,0
38,190,ZD,2,3,3,1,0,0,-1,3,3,2,2,2,0,0
38,191,ZD,2,3,3,1,0,0,-1,4,4,3,3,3,0,0
38,192,ZD,2,2,3,1,0,0,-1,4,4,4,4,4,0,0
38,193,ZD,2,2,3,1,0,0,-1,4,4,4,4,4,0,0
38,194,ZD,2,2,3,1,0,0,-1,4,4,4,4,4,0,0
38,195,ZD,2,2,3,1,0,0,-1,4,4,4,4,4,0,0
38,196,ZD,2,3,3,1,0,0,-1,4,4,4,4,4,0,0
38,197,ZD,2,2,2,1,0,0,0,2,2,2,2,2,0,0
38,198,ZD,2,2,2,1,0,0,0,2,2,2,2,2,0,0
38,199,ZD,2,3,3,1,0,0,-1,4,4,4,4,4,0,0
39,40,POS,1,1,1,0,0,-1,-1,-1,-1,-1,-1,-1,0,1
39,41,ZD,2,2,2,1,0,0,0,3,3,2,2,2,0,0
39,42,INC,1,-1,-1,0,0,-1,-1,-1,-1,-1,-1,-1,0,1
39,43,INC,1,-1,-1,0,0,-1,-1,-1,-1,-1,-1,-1,0,1
39,44,ZD,2,2,3,1,0,0,-1,4,4,4,4,4,0,0
39,45,ZD,2,2,2,1,0,0,-1,2,2,2,2,2,0,0
39,46,ZD,2,2,2,1,0,0,0,2,2,2,2,2,0,0
39,47,ZD,2,3,3,1,0,0,-1,4,4,4,4,4,0,0
39,48,ZD,2,3,3,1,0,0,-1,4,4,4,4,4,0,0
39,49,ZD,2,2,2,1,0,0,0,2,2,2,2,2,0,0
39,50,ZD,2,2,2,1,0,0,-1,2,2,2,2,2,0,0
39,51,ZD,2,2,3,1,0,0,-1,4,4,4,4,4,0,0
39,52,ZD,2,2,3,1,0,0,-1,3,3,3,3,3,0,0
39,53,ZD,2,2,3,1,0,0,-1,3,3,3,3,3,0,0
39,54,ZD,2,2,3,1,0,0,-1,3,3,3,3,3,0,0
39,55,ZD,2,2,3,1,0,0,-1,3,3,3,3,3,0,0
39,56,ZD,2,2,3,1,0,0,-1,3,3,3,3,3,0,0
39,57,ZD,2,2,3,1,0,0,-1,3,3,3,3,3,0,0
39,58,ZD,2,2,3,1,0,0,-1,3,3,3,3,3,0,0
39,59,ZD,2,2,3,1,0,0,-1,3,3,3,3,3,0,0
39,60,ZD,2,2,3,1,0,0,-1,4,4,4,4,4,0,0
39,61,ZD,2,2,3,1,0,0,-1,4,4,4,4,4,0,0
39,62,ZD,2,2,3,1,0,0,-1,4,4,4,4,4,0,0
39,63,ZD,2,2,3,1,0,0,-1,4,4,4,4,4,0,0
39,64,ZD,2,2,3,1,0,0,-1,4,4,4,4,4,0,0
39,65,ZD,2,2,3,1,0,0,-1,4,4,4,4,4,0,0
39,66,ZD,2,2,3,1,0,0,-1,4,4,4,4,4,0,0
39,67,ZD,2,2,3,1,0,0,-1,4,4,4,4,4,0,0
39,68,ZD,2,2,2,1,0,0,-1,3,3,2,2,2,0,0
39,69,INC,1,-1,-1,0,0,-1,-1,-1,-1,-1,-1,-1,0,1
39,70,INC,1,-1,-1,0,0,-1,-1,-1,-1,-1,-1,-1,0,1
39,71,ZD,2,2,2,1,0,0,-1,3,3,2,2,2,0,0
39,72,INC,1,-1,-1,0,0,-1,-1,-1,-1,-1,-1,-1,0,1
39,73,ZD,2,2,3,1,0,0,-1,4,4,4,4,4,0,0
39,74,ZD,2,2,3,1,0,0,-1,4,4,4,4,4,0,0
39,75,ZD,2,2,2,1,0,0,-1,2,2,2,2,2,0,0
39,76,ZD,2,2,2,1,0,0,-1,2,2,2,2,2,0,0
39,77,ZD,2,2,3,1,0,0,-1,4,4,4,4,4,0,0
39,78,ZD,2,2,3,1,0,0,-1,4,4,4,4,4,0,0
39,79,INC,1,-1,-1,0,0,-1,-1,-1,-1,-1,-1,-1,0,1
39,80,ZD,2,2,3,1,0,0,-1,4,4,4,4,4,0,0
39,81,ZD,2,2,3,1,0,0,-1,4,4,4,4,4,0,0
39,82,ZD,2,2,3,1,0,0,-1,4,4,4,4,4,0,0
39,83,ZD,2,2,3,1,0,0,-1,4,4,4,4,4,0,0
39,84,ZD,2,2,2,1,0,0,0,2,2,1,1,1,0,0
39,85,ZD,2,2,2,1,0,0,0,2,2,1,1,1,0,0
39,86,ZD,2,2,2,1,0,0,0,2,2,1,1,1,0,0
39,87,ZD,2,2,2,1,0,0,0,2,2,1,1,1,0,0
39,88,ZD,2,2,3,1,0,0,-1,3,3,3,3,3,0,0
39,89,ZD,2,3,3,1,0,0,-1,3,3,3,3,3,0,0
39,90,ZD,2,2,3,1,0,0,-1,3,3,3,3,3,0,0
39,91,ZD,2,3,3,1,0,0,-1,3,3,3,3,3,0,0
39,92,ZD,2,3,3,1,0,0,-1,3,3,3,3,3,0,0
39,93,ZD,2,2,3,1,0,0,-1,3,3,3,3,3,0,0
39,94,ZD,2,3,3,1,0,0,-1,3,3,3,3,3,0,0
39,95,ZD,2,2,3,1,0,0,-1,3,3,3,3,3,0,0
39,96,ZD,2,2,2,1,0,0,0,2,2,1,1,1,0,0
39,97,ZD,2,2,2,1,0,0,-1,3,3,2,2,2,0,0
39,98,ZD,2,2,2,1,0,0,-1,3,3,2,2,2,0,0
39,99,ZD,2,2,2,1,0,0,0,2,2,1,1,1,0,0
39,100,ZD,2,2,2,1,0,0,0,2,2,1,1,1,0,0
39,101,ZD,2,2,2,1,0,0,-1,3,3,2,2,2,0,0
39,102,ZD,2,2,2,1,0,0,-1,3,3,2,2,2,0,0
39,103,ZD,2,2,2,1,0,0,0,2,2,1,1,1,0,0
39,104,ZD,2,2,3,1,0,0,-1,4,4,4,4,4,0,0
39,105,ZD,2,3,3,1,0,0,-1,3,3,3,3,3,0,0
39,106,ZD,2,3,3,1,0,0,-1,3,3,3,3,3,0,0
39,107,ZD,2,2,3,1,0,0,-1,4,4,4,4,4,0,0
39,108,ZD,2,2,3,1,0,0,-1,4,4,4,4,4,0,0
39,109,ZD,2,3,3,1,0,0,-1,3,3,3,3,3,0,0
39,110,ZD,2,3,3,1,0,0,-1,3,3,3,3,3,0,0
39,111,ZD,2,2,3,1,0,0,-1,4,4,4,4,4,0,0
39,112,ZD,2,2,3,1,0,0,-1,3,3,3,3,3,0,0
39,113,ZD,2,2,3,1,0,0,-1,3,3,3,3,3,0,0
39,114,ZD,2,2,3,1,0,0,-1,3,3,3,3,3,0,0
39,115,ZD,2,2,3,1,0,0,-1,3,3,3,3,3,0,0
39,116,ZD,2,2,3,1,0,0,-1,3,3,3,3,3,0,0
39,117,ZD,2,2,3,1,0,0,-1,3,3,3,3,3,0,0
39,118,ZD,2,2,3,1,0,0,-1,3,3,3,3,3,0,0
39,119,ZD,2,2,3,1,0,0,-1,3,3,3,3,3,0,0
39,120,ZD,2,2,3,1,0,0,-1,4,4,4,4,4,0,0
39,121,ZD,2,2,3,1,0,0,-1,4,4,4,4,4,0,0
39,122,ZD,2,2,3,1,0,0,-1,4,4,4,4,4,0,0
39,123,ZD,2,2,3,1,0,0,-1,4,4,4,4,4,0,0
39,124,ZD,2,2,3,1,0,0,-1,4,4,4,4,4,0,0
39,125,ZD,2,2,3,1,0,0,-1,4,4,4,4,4,0,0
39,126,ZD,2,2,3,1,0,0,-1,4,4,4,4,4,0,0
39,127,ZD,2,2,3,1,0,0,-1,4,4,4,4,4,0,0
39,128,ZD,2,2,2,1,0,0,0,3,3,2,2,2,0,0
39,129,ZD,2,2,2,1,0,0,0,3,3,2,2,2,0,0
39,130,ZD,2,2,2,1,0,0,0,3,3,2,2,2,0,0
39,131,ZD,2,2,2,1,0,0,0,3,3,2,2,2,0,0
39,132,ZD,2,2,3,1,0,0,-1,3,3,3,3,3,0,0
39,133,ZD,2,2,3,1,0,0,-1,4,4,4,4,4,0,0
39,134,ZD,2,2,3,1,0,0,-1,4,4,4,4,4,0,0
39,135,ZD,2,2,3,1,0,0,-1,3,3,3,3,3,0,0
39,136,ZD,2,2,3,1,0,0,-1,3,3,3,3,3,0,0
39,137,ZD,2,2,3,1,0,0,-1,4,4,4,4,4,0,0
39,138,ZD,2,2,3,1,0,0,-1,4,4,4,4,4,0,0
39,139,ZD,2,2,3,1,0,0,-1,3,3,3,3,3,0,0
39,140,ZD,2,2,3,1,0,0,-1,4,4,4,4,4,0,0
39,141,ZD,2,2,3,1,0,0,-1,4,4,4,4,4,0,0
39,142,ZD,2,2,3,1,0,0,-1,4,4,4,4,4,0,0
39,143,ZD,2,2,3,1,0,0,-1,4,4,4,4,4,0,0
39,144,ZD,2,2,3,1,0,0,-1,3,3,3,3,3,0,0
39,145,ZD,2,2,3,1,0,0,-1,3,3,3,3,3,0,0
39,146,ZD,2,2,3,1,0,0,-1,3,3,3,3,3,0,0
39,147,ZD,2,2,3,1,0,0,-1,3,3,3,3,3,0,0
39,148,ZD,2,2,2,1,0,0,0,2,2,2,2,2,0,0
39,149,ZD,2,2,3,1,0,0,-1,3,3,3,3,3,0,0
39,150,ZD,2,2,2,1,0,0,0,2,2,2,2,2,0,0
39,151,ZD,2,2,3,1,0,0,-1,3,3,3,3,3,0,0
39,152,ZD,2,2,3,1,0,0,-1,3,3,3,3,3,0,0
39,153,ZD,2,2,2,1,0,0,0,2,2,2,2,2,0,0
39,154,ZD,2,2,3,1,0,0,-1,3,3,3,3,3,0,0
39,155,ZD,2,2,2,1,0,0,0,2,2,2,2,2,0,0
39,156,ZD,2,2,3,1,0,0,-1,4,4,4,4,4,0,0
39,157,ZD,2,2,3,1,0,0,-1,3,3,3,3,3,0,0
39,158,ZD,2,2,3,1,0,0,-1,4,4,4,4,4,0,0
39,159,ZD,2,2,3,1,0,0,-1,3,3,3,3,3,0,0
39,160,ZD,2,2,3,1,0,0,-1,3,3,3,3,3,0,0
39,161,ZD,2,2,3,1,0,0,-1,4,4,4,4,4,0,0
39,162,ZD,2,2,3,1,0,0,-1,3,3,3,3,3,0,0
39,163,ZD,2,2,3,1,0,0,-1,4,4,4,4,4,0,0
39,164,INC,1,-1,-1,0,0,-1,-1,-1,-1,-1,-1,-1,0,1
39,165,ZD,2,2,2,1,0,0,-1,3,3,2,2,2,0,0
39,166,ZD,2,2,2,1,0,0,-1,3,3,2,2,2,0,0
39,167,INC,1,-1,-1,0,0,-1,-1,-1,-1,-1,-1,-1,0,1
39,168,ZD,2,2,3,1,0,0,-1,4,4,4,4,4,0,0
39,169,ZD,2,2,3,1,0,0,-1,4,4,4,4,4,0,0
39,170,ZD,2,2,3,1,0,0,-1,4,4,4,4,4,0,0
39,171,ZD,2,2,3,1,0,0,-1,4,4,4,4,4,0,0
39,172,ZD,2,2,3,1,0,0,-1,4,4,4,4,4,0,0
39,173,ZD,2,2,3,1,0,0,-1,4,4,4,4,4,0,0
39,174,ZD,2,2,3,1,0,0,-1,4,4,4,4,4,0,0
39,175,ZD,2,2,3,1,0,0,-1,4,4,4,4,4,0,0
39,176,ZD,2,2,3,1,0,0,-1,4,4,4,4,4,0,0
39,177,ZD,2,2,2,1,0,0,-1,2,2,2,2,2,0,0
39,178,ZD,2,2,2,1,0,0,-1,2,2,2,2,2,0,0
39,179,ZD,2,2,3,1,0,0,-1,4,4,4,4,4,0,0
39,180,ZD,2,3,3,1,0,0,-1,3,3,2,2,2,0,0
39,181,ZD,2,3,3,1,0,0,-1,3,3,2,2,2,0,0
39,182,ZD,2,3,3,1,0,0,-1,3,3,2,2,2,0,0
39,183,ZD,2,3,3,1,0,0,-1,3,3,2,2,2,0,0
39,184,ZD,2,3,3,1,0,0,-1,3,3,2,2,2,0,0
39,185,ZD,2,3,3,1,0,0,-1,4,4,3,3,3,0,0
39,186,ZD,2,3,3,1,0,0,-1,4,4,3,3,3,0,0
39,187,ZD,2,3,3,1,0,0,-1,3,3,2,2,2,0,0
39,188,ZD,2,3,3,1,0,0,-1,3,3,2,2,2,0,0
39,189,ZD,2,3,3,1,0,0,-1,4,4,3,3,3,0,0
39,190,ZD,2,3,3,1,0,0,-1,4,4,3,3,3,0,0
39,191,ZD,2,3,3,1,0,0,-1,3,3,2,2,2,0,0
39,192,ZD,2,2,3,1,0,0,-1,4,4,4,4,4,0,0
39,193,ZD,2,2,3,1,0,0,-1,4,4,4,4,4,0,0
39,194,ZD,2,2,3,1,0,0,-1,4,4,4,4,4,0,0
39,195,ZD,2,2,3,1,0,0,-1,4,4,4,4,4,0,0
39,196,ZD,2,2,2,1,0,0,0,2,2,2,2,2,0,0
39,197,ZD,2,3,3,1,0,0,-1,4,4,4,4,4,0,0
39,198,ZD,2,3,3,1,0,0,-1,4,4,4,4,4,0,0
39,199,ZD,2,2,2,1,0,0,0,2,2,2,2,2,0,0
40,41,ZD,2,2,2,1,0,0,0,3,3,2,2,2,0,0
40,42,INC,1,-1,-1,0,0,-1,-1,-1,-1,-1,-1,-1,0,1
40,43,INC,1,-1,-1,0,0,-1,-1,-1,-1,-1,-1,-1,0,1
40,44,ZD,2,2,3,1,0,0,-1,4,4,4,4,4,0,0
40,45,ZD,2,2,2,1,0,0,-1,2,2,2,2,2,0,0
40,46,ZD,2,2,2,1,0,0,0,2,2,2,2,2,0,0
40,47,ZD,2,3,3,1,0,0,-1,4,4,4,4,4,0,0
40,48,ZD,2,3,3,1,0,0,-1,4,4,4,4,4,0,0
40,49,ZD,2,2,2,1,0,0,0,2,2,2,2,2,0,0
40,50,ZD,2,2,2,1,0,0,-1,2,2,2,2,2,0,0
40,51,ZD,2,2,3,1,0,0,-1,4,4,4,4,4,0,0
40,52,ZD,2,2,3,1,0,0,-1,3,3,3,3,3,0,0
40,53,ZD,2,2,3,1,0,0,-1,3,3,3,3,3,0,0
40,54,ZD,2,2,3,1,0,0,-1,3,3,3,3,3,0,0
40,55,ZD,2,2,3,1,0,0,-1,3,3,3,3,3,0,0
40,56,ZD,2,2,3,1,0,0,-1,3,3,3,3,3,0,0
40,57,ZD,2,2,3,1,0,0,-1,3,3,3,3,3,0,0
40,58,ZD,2,2,3,1,0,0,-1,3,3,3,3,3,0,0
40,59,ZD,2,2,3,1,0,0,-1,3,3,3,3,3,0,0
40,60,ZD,2,2,3,1,0,0,-1,4,4,4,4,4,0,0
40,61,ZD,2,2,3,1,0,0,-1,4,4,4,4,4,0,0
40,62,ZD,2,2,3,1,0,0,-1,4,4,4,4,4,0,0
40,63,ZD,2,2,3,1,0,0,-1,4,4,4,4,4,0,0
40,64,ZD,2,2,3,1,0,0,-1,4,4,4,4,4,0,0
40,65,ZD,2,2,3,1,0,0,-1,4,4,4,4,4,0,0
40,66,ZD,2,2,3,1,0,0,-1,4,4,4,4,4,0,0
40,67,ZD,2,2,3,1,0,0,-1,4,4,4,4,4,0,0
40,68,ZD,2,2,2,1,0,0,-1,3,3,2,2,2,0,0
40,69,INC,1,-1,-1,0,0,-1,-1,-1,-1,-1,-1,-1,0,1
40,70,INC,1,-1,-1,0,0,-1,-1,-1,-1,-1,-1,-1,0,1
40,71,ZD,2,2,2,1,0,0,-1,3,3,2,2,2,0,0
40,72,INC,1,-1,-1,0,0,-1,-1,-1,-1,-1,-1,-1,0,1
40,73,ZD,2,2,3,1,0,0,-1,4,4,4,4,4,0,0
40,74,ZD,2,2,3,1,0,0,-1,4,4,4,4,4,0,0
40,75,ZD,2,2,2,1,0,0,-1,2,2,2,2,2,0,0
40,76,ZD,2,2,2,1,0,0,-1,2,2,2,2,2,0,0
40,77,ZD,2,2,3,1,0,0,-1,4,4,4,4,4,0,0
40,78,ZD,2,2,3,1,0,0,-1,4,4,4,4,4,0,0
40,79,INC,1,-1,-1,0,0,-1,-1,-1,-1,-1,-1,-1,0,1
40,80,ZD,2,2,3,1,0,0,-1,4,4,4,4,4,0,0
40,81,ZD,2,2,3,1,0,0,-1,4,4,4,4,4,0,0
40,82,ZD,2,2,3,1,0,0,-1,4,4,4,4,4,0,0
40,83,ZD,2,2,3,1,0,0,-1,4,4,4,4,4,0,0
40,84,ZD,2,2,2,1,0,0,0,2,2,1,1,1,0,0
40,85,ZD,2,2,2,1,0,0,0,2,2,1,1,1,0,0
40,86,ZD,2,2,2,1,0,0,0,2,2,1,1,1,0,0
40,87,ZD,2,2,2,1,0,0,0,2,2,1,1,1,0,0
40,88,ZD,2,2,3,1,0,0,-1,3,3,3,3,3,0,0
40,89,ZD,2,3,3,1,0,0,-1,3,3,3,3,3,0,0
40,90,ZD,2,2,3,1,0,0,-1,3,3,3,3,3,0,0
40,91,ZD,2,3,3,1,0,0,-1,3,3,3,3,3,0,0
40,92,ZD,2,3,3,1,0,0,-1,3,3,3,3,3,0,0
40,93,ZD,2,2,3,1,0,0,-1,3,3,3,3,3,0,0
40,94,ZD,2,3,3,1,0,0,-1,3,3,3,3,3,0,0
40,95,ZD,2,2,3,1,0,0,-1,3,3,3,3,3,0,0
40,96,ZD,2,2,2,1,0,0,0,2,2,1,1,1,0,0
40,97,ZD,2,2,2,1,0,0,-1,3,3,2,2,2,0,0
40,98,ZD,2,2,2,1,0,0,-1,3,3,2,2,2,0,0
40,99,ZD,2,2,2,1,0,0,0,2,2,1,1,1,0,0
40,100,ZD,2,2,2,1,0,0,0,2,2,1,1,1,0,0
40,101,ZD,2,2,2,1,0,0,-1,3,3,2,2,2,0,0
40,102,ZD,2,2,2,1,0,0,-1,3,3,2,2,2,0,0
40,103,ZD,2,2,2,1,0,0,0,2,2,1,1,1,0,0
40,104,ZD,2,2,3,1,0,0,-1,4,4,4,4,4,0,0
40,105,ZD,2,3,3,1,0,0,-1,3,3,3,3,3,0,0
40,106,ZD,2,3,3,1,0,0,-1,3,3,3,3,3,0,0
40,107,ZD,2,2,3,1,0,0,-1,4,4,4,4,4,0,0
40,108,ZD,2,2,3,1,0,0,-1,4,4,4,4,4,0,0
40,109,ZD,2,3,3,1,0,0,-1,3,3,3,3,3,0,0
40,110,ZD,2,3,3,1,0,0,-1,3,3,3,3,3,0,0
40,111,ZD,2,2,3,1,0,0,-1,4,4,4,4,4,0,0
40,112,ZD,2,2,3,1,0,0,-1,3,3,3,3,3,0,0
40,113,ZD,2,2,3,1,0,0,-1,3,3,3,3,3,0,0
40,114,ZD,2,2,3,1,0,0,-1,3,3,3,3,3,0,0
40,115,ZD,2,2,3,1,0,0,-1,3,3,3,3,3,0,0
40,116,ZD,2,2,3,1,0,0,-1,3,3,3,3,3,0,0
40,117,ZD,2,2,3,1,0,0,-1,3,3,3,3,3,0,0
40,118,ZD,2,2,3,1,0,0,-1,3,3,3,3,3,0,0
40,119,ZD,2,2,3,1,0,0,-1,3,3,3,3,3,0,0
40,120,ZD,2,2,3,1,0,0,-1,4,4,4,4,4,0,0
40,121,ZD,2,2,3,1,0,0,-1,4,4,4,4,4,0,0
40,122,ZD,2,2,3,1,0,0,-1,4,4,4,4,4,0,0
40,123,ZD,2,2,3,1,0,0,-1,4,4,4,4,4,0,0
40,124,ZD,2,2,3,1,0,0,-1,4,4,4,4,4,0,0
40,125,ZD,2,2,3,1,0,0,-1,4,4,4,4,4,0,0
40,126,ZD,2,2,3,1,0,0,-1,4,4,4,4,4,0,0
40,127,ZD,2,2,3,1,0,0,-1,4,4,4,4,4,0,0
40,128,ZD,2,2,2,1,0,0,0,3,3,2,2,2,0,0
40,129,ZD,2,2,2,1,0,0,0,3,3,2,2,2,0,0
40,130,ZD,2,2,2,1,0,0,0,3,3,2,2,2,0,0
40,131,ZD,2,2,2,1,0,0,0,3,3,2,2,2,0,0
40,132,ZD,2,2,3,1,0,0,-1,3,3,3,3,3,0,0
40,133,ZD,2,2,3,1,0,0,-1,4,4,4,4,4,0,0
40,134,ZD,2,2,3,1,0,0,-1,4,4,4,4,4,0,0
40,135,ZD,2,2,3,1,0,0,-1,3,3,3,3,3,0,0
40,136,ZD,2,2,3,1,0,0,-1,3,3,3,3,3,0,0
40,137,ZD,2,2,3,1,0,0,-1,4,4,4,4,4,0,0
40,138,ZD,2,2,3,1,0,0,-1,4,4,4,4,4,0,0
40,139,ZD,2,2,3,1,0,0,-1,3,3,3,3,3,0,0
40,140,ZD,2,2,3,1,0,0,-1,4,4,4,4,4,0,0
40,141,ZD,2,2,3,1,0,0,-1,4,4,4,4,4,0,0
40,142,ZD,2,2,3,1,0,0,-1,4,4,4,4,4,0,0
40,143,ZD,2,2,3,1,0,0,-1,4,4,4,4,4,0,0
40,144,ZD,2,2,3,1,0,0,-1,3,3,3,3,3,0,0
40,145,ZD,2,2,3,1,0,0,-1,3,3,3,3,3,0,0
40,146,ZD,2,2,3,1,0,0,-1,3,3,3,3,3,0,0
40,147,ZD,2,2,3,1,0,0,-1,3,3,3,3,3,0,0
40,148,ZD,2,2,2,1,0,0,0,2,2,2,2,2,0,0
40,149,ZD,2,2,3,1,0,0,-1,3,3,3,3,3,0,0
40,150,ZD,2,2,2,1,0,0,0,2,2,2,2,2,0,0
40,151,ZD,2,2,3,1,0,0,-1,3,3,3,3,3,0,0
40,152,ZD,2,2,3,1,0,0,-1,3,3,3,3,3,0,0
40,153,ZD,2,2,2,1,0,0,0,2,2,2,2,2,0,0
40,154,ZD,2,2,3,1,0,0,-1,3,3,3,3,3,0,0
40,155,ZD,2,2,2,1,0,0,0,2,2,2,2,2,0,0
40,156,ZD,2,2,3,1,0,0,-1,4,4,4,4,4,0,0
40,157,ZD,2,2,3,1,0,0,-1,3,3,3,3,3,0,0
40,158,ZD,2,2,3,1,0,0,-1,4,4,4,4,4,0,0
40,159,ZD,2,2,3,1,0,0,-1,3,3,3,3,3,0,0
40,160,ZD,2,2,3,1,0,0,-1,3,3,3,3,3,0,0
40,161,ZD,2,2,3,1,0,0,-1,4,4,4,4,4,0,0
40,162,ZD,2,2,3,1,0,0,-1,3,3,3,3,3,0,0
40,163,ZD,2,2,3,1,0,0,-1,4,4,4,4,4,0,0
40,164,INC,1,-1,-1,0,0,-1,-1,-1,-1,-1,-1,-1,0,1
40,165,ZD,2,2,2,1,0,0,-1,3,3,2,2,2,0,0
40,166,ZD,2,2,2,1,0,0,-1,3,3,2,2,2,0,0
40,167,INC,1,-1,-1,0,0,-1,-1,-1,-1,-1,-1,-1,0,1
40,168,ZD,2,2,3,1,0,0,-1,4,4,4,4,4,0,0
40,169,ZD,2,2,3,1,0,0,-1,4,4,4,4,4,0,0
40,170,ZD,2,2,3,1,0,0,-1,4,4,4,4,4,0,0
40,171,ZD,2,2,3,1,0,0,-1,4,4,4,4,4,0,0
40,172,ZD,2,2,3,1,0,0,-1,4,4,4,4,4,0,0
40,173,ZD,2,2,3,1,0,0,-1,4,4,4,4,4,0,0
40,174,ZD,2,2,3,1,0,0,-1,4,4,4,4,4,0,0
40,175,ZD,2,2,3,1,0,0,-1,4,4,4,4,4,0,0
40,176,ZD,2,2,3,1,0,0,-1,4,4,4,4,4,0,0
40,177,ZD,2,2,2,1,0,0,-1,2,2,2,2,2,0,0
40,178,ZD,2,2,2,1,0,0,-1,2,2,2,2,2,0,0
40,179,ZD,2,2,3,1,0,0,-1,4,4,4,4,4,0,0
40,180,ZD,2,3,3,1,0,0,-1,3,3,2,2,2,0,0
40,181,ZD,2,3,3,1,0,0,-1,3,3,2,2,2,0,0
40,182,ZD,2,3,3,1,0,0,-1,3,3,2,2,2,0,0
40,183,ZD,2,3,3,1,0,0,-1,3,3,2,2,2,0,0
40,184,ZD,2,3,3,1,0,0,-1,3,3,2,2,2,0,0
40,185,ZD,2,3,3,1,0,0,-1,4,4,3,3,3,0,0
40,186,ZD,2,3,3,1,0,0,-1,4,4,3,3,3,0,0
40,187,ZD,2,3,3,1,0,0,-1,3,3,2,2,2,0,0
40,188,ZD,2,3,3,1,0,0,-1,3,3,2,2,2,0,0
40,189,ZD,2,3,3,1,0,0,-1,4,4,3,3,3,0,0
40,190,ZD,2,3,3,1,0,0,-1,4,4,3,3,3,0,0
40,191,ZD,2,3,3,1,0,0,-1,3,3,2,2,2,0,0
40,192,ZD,2,2,3,1,0,0,-1,4,4,4,4,4,0,0
40,193,ZD,2,2,3,1,0,0,-1,4,4,4,4,4,0,0
40,194,ZD,2,2,3,1,0,0,-1,4,4,4,4,4,0,0
40,195,ZD,2,2,3,1,0,0,-1,4,4,4,4,4,0,0
40,196,ZD,2,2,2,1,0,0,0,2,2,2,2,2,0,0
40,197,ZD,2,3,3,1,0,0,-1,4,4,4,4,4,0,0
40,198,ZD,2,3,3,1,0,0,-1,4,4,4,4,4,0,0
40,199,ZD,2,2,2,1,0,0,0,2,2,2,2,2,0,0
41,42,INC,1,-1,-1,0,0,-1,-1,-1,-1,-1,-1,-1,0,1
41,43,INC,1,-1,-1,0,0,-1,-1,-1,-1,-1,-1,-1,0,1
41,44,ZD,2,2,3,1,0,0,-1,4,4,4,4,4,0,0
41,45,ZD,2,2,2,1,0,0,-1,2,2,2,2,2,0,0
41,46,ZD,2,2,2,1,0,0,0,2,2,2,2,2,0,0
41,47,ZD,2,3,3,1,0,0,-1,4,4,4,4,4,0,0
41,48,ZD,2,3,3,1,0,0,-1,4,4,4,4,4,0,0
41,49,ZD,2,2,2,1,0,0,0,2,2,2,2,2,0,0
41,50,ZD,2,2,2,1,0,0,-1,2,2,2,2,2,0,0
41,51,ZD,2,2,3,1,0,0,-1,4,4,4,4,4,0,0
41,52,ZD,2,2,3,1,0,0,-1,3,3,3,3,3,0,0
41,53,ZD,2,2,3,1,0,0,-1,3,3,3,3,3,0,0
41,54,ZD,2,2,3,1,0,0,-1,3,3,3,3,3,0,0
41,55,ZD,2,2,3,1,0,0,-1,3,3,3,3,3,0,0
41,56,ZD,2,2,3,1,0,0,-1,3,3,3,3,3,0,0
41,57,ZD,2,2,3,1,0,0,-1,3,3,3,3,3,0,0
41,58,ZD,2,2,3,1,0,0,-1,3,3,3,3,3,0,0
41,59,ZD,2,2,3,1,0,0,-1,3,3,3,3,3,0,0
41,60,ZD,2,2,3,1,0,0,-1,4,4,4,4,4,0,0
41,61,ZD,2,2,3,1,0,0,-1,4,4,4,4,4,0,0
41,62,ZD,2,2,3,1,0,0,-1,4,4,4,4,4,0,0
41,63,ZD,2,2,3,1,0,0,-1,4,4,4,4,4,0,0
41,64,ZD,2,2,3,1,0,0,-1,4,4,4,4,4,0,0
41,65,ZD,2,2,3,1,0,0,-1,4,4,4,4,4,0,0
41,66,ZD,2,2,3,1,0,0,-1,4,4,4,4,4,0,0
41,67,ZD,2,2,3,1,0,0,-1,4,4,4,4,4,0,0
41,68,INC,1,-1,-1,0,0,-1,-1,-1,-1,-1,-1,-1,0,1
41,69,ZD,2,2,2,1,0,0,-1,3,3,2,2,2,0,0
41,70,ZD,2,2,2,1,0,0,-1,3,3,2,2,2,0,0
41,71,INC,1,-1,-1,0,0,-1,-1,-1,-1,-1,-1,-1,0,1
41,72,ZD,2,2,3,1,0,0,-1,4,4,4,4,4,0,0
41,73,ZD,2,2,2,1,0,0,-1,2,2,2,2,2,0,0
41,74,INC,1,-1,-1,0,0,-1,-1,-1,-1,-1,-1,-1,0,1
41,75,ZD,2,2,3,1,0,0,-1,4,4,4,4,4,0,0
41,76,ZD,2,2,3,1,0,0,-1,4,4,4,4,4,0,0
41,77,INC,1,-1,-1,0,0,-1,-1,-1,-1,-1,-1,-1,0,1
41,78,ZD,2,2,2,1,0,0,-1,2,2,2,2,2,0,0
41,79,ZD,2,2,3,1,0,0,-1,4,4,4,4,4,0,0
41,80,ZD,2,2,3,1,0,0,-1,4,4,4,4,4,0,0
41,81,ZD,2,2,3,1,0,0,-1,4,4,4,4,4,0,0
41,82,ZD,2,2,3,1,0,0,-1,4,4,4,4,4,0,0
41,83,ZD,2,2,3,1,0,0,-1,4,4,4,4,4,0,0
41,84,ZD,2,2,2,1,0,0,0,2,2,1,1,1,0,0
41,85,ZD,2,2,2,1,0,0,0,2,2,1,1,1,0,0
41,86,ZD,2,2,2,1,0,0,0,2,2,1,1,1,0,0
41,87,ZD,2,2,2,1,0,0,0,2,2,1,1,1,0,0
41,88,ZD,2,3,3,1,0,0,-1,3,3,3,3,3,0,0
41,89,ZD,2,2,3,1,0,0,-1,3,3,3,3,3,0,0
41,90,ZD,2,3,3,1,0,0,-1,3,3,3,3,3,0,0
41,91,ZD,2,2,3,1,0,0,-1,3,3,3,3,3,0,0
41,92,ZD,2,2,3,1,0,0,-1,3,3,3,3,3,0,0
41,93,ZD,2,3,3,1,0,0,-1,3,3,3,3,3,0,0
41,94,ZD,2,2,3,1,0,0,-1,3,3,3,3,3,0,0
41,95,ZD,2,3,3,1,0,0,-1,3,3,3,3,3,0,0
41,96,ZD,2,2,2,1,0,0,-1,3,3,2,2,2,0,0
41,97,ZD,2,2,2,1,0,0,0,2,2,1,1,1,0,0
41,98,ZD,2,2,2,1,0,0,0,2,2,1,1,1,0,0
41,99,ZD,2,2,2,1,0,0,-1,3,3,2,2,2,0,0
41,100,ZD,2,2,2,1,0,0,-1,3,3,2,2,2,0,0
41,101,ZD,2,2,2,1,0,0,0,2,2,1,1,1,0,0
41,102,ZD,2,2,2,1,0,0,0,2,2,1,1,1,0,0
41,103,ZD,2,2,2,1,0,0,-1,3,3,2,2,2,0,0
41,104,ZD,2,2,3,1,0,0,-1,4,4,4,4,4,0,0
41,105,ZD,2,3,3,1,0,0,-1,3,3,3,3,3,0,0
41,106,ZD,2,3,3,1,0,0,-1,3,3,3,3,3,0,0
41,107,ZD,2,2,3,1,0,0,-1,4,4,4,4,4,0,0
41,108,ZD,2,2,3,1,0,0,-1,4,4,4,4,4,0,0
41,109,ZD,2,3,3,1,0,0,-1,3,3,3,3,3,0,0
41,110,ZD,2,3,3,1,0,0,-1,3,3,3,3,3,0,0
41,111,ZD,2,2,3,1,0,0,-1,4,4,4,4,4,0,0
41,112,ZD,2,2,3,1,0,0,-1,3,3,3,3,3,0,0
41,113,ZD,2,2,3,1,0,0,-1,3,3,3,3,3,0,0
41,114,ZD,2,2,3,1,0,0,-1,3,3,3,3,3,0,0
41,115,ZD,2,2,3,1,0,0,-1,3,3,3,3,3,0,0
41,116,ZD,2,2,3,1,0,0,-1,3,3,3,3,3,0,0
41,117,ZD,2,2,3,1,0,0,-1,3,3,3,3,3,0,0
41,118,ZD,2,2,3,1,0,0,-1,3,3,3,3,3,0,0
41,119,ZD,2,2,3,1,0,0,-1,3,3,3,3,3,0,0
41,120,ZD,2,2,3,1,0,0,-1,4,4,4,4,4,0,0
41,121,ZD,2,2,3,1,0,0,-1,4,4,4,4,4,0,0
41,122,ZD,2,2,3,1,0,0,-1,4,4,4,4,4,0,0
41,123,ZD,2,2,3,1,0,0,-1,4,4,4,4,4,0,0
41,124,ZD,2,2,3,1,0,0,-1,4,4,4,4,4,0,0
41,125,ZD,2,2,3,1,0,0,-1,4,4,4,4,4,0,0
41,126,ZD,2,2,3,1,0,0,-1,4,4,4,4,4,0,0
41,127,ZD,2,2,3,1,0,0,-1,4,4,4,4,4,0,0
41,128,ZD,2,2,2,1,0,0,0,3,3,2,2,2,0,0
41,129,ZD,2,2,2,1,0,0,0,3,3,2,2,2,0,0
41,130,ZD,2,2,2,1,0,0,0,3,3,2,2,2,0,0
41,131,ZD,2,2,2,1,0,0,0,3,3,2,2,2,0,0
41,132,ZD,2,2,3,1,0,0,-1,4,4,4,4,4,0,0
41,133,ZD,2,2,3,1,0,0,-1,3,3,3,3,3,0,0
41,134,ZD,2,2,3,1,0,0,-1,3,3,3,3,3,0,0
41,135,ZD,2,2,3,1,0,0,-1,4,4,4,4,4,0,0
41,136,ZD,2,2,3,1,0,0,-1,4,4,4,4,4,0,0
41,137,ZD,2,2,3,1,0,0,-1,3,3,3,3,3,0,0
41,138,ZD,2,2,3,1,0,0,-1,3,3,3,3,3,0,0
41,139,ZD,2,2,3,1,0,0,-1,4,4,4,4,4,0,0
41,140,ZD,2,2,3,1,0,0,-1,4,4,4,4,4,0,0
41,141,ZD,2,2,3,1,0,0,-1,4,4,4,4,4,0,0
41,142,ZD,2,2,3,1,0,0,-1,4,4,4,4,4,0,0
41,143,ZD,2,2,3,1,0,0,-1,4,4,4,4,4,0,0
41,144,ZD,2,2,3,1,0,0,-1,3,3,3,3,3,0,0
41,145,ZD,2,2,3,1,0,0,-1,3,3,3,3,3,0,0
41,146,ZD,2,2,3,1,0,0,-1,3,3,3,3,3,0,0
41,147,ZD,2,2,3,1,0,0,-1,3,3,3,3,3,0,0
41,148,ZD,2,2,3,1,0,0,-1,3,3,3,3,3,0,0
41,149,ZD,2,2,2,1,0,0,0,2,2,2,2,2,0,0
41,150,ZD,2,2,3,1,0,0,-1,3,3,3,3,3,0,0
41,151,ZD,2,2,2,1,0,0,0,2,2,2,2,2,0,0
41,152,ZD,2,2,2,1,0,0,0,2,2,2,2,2,0,0
41,153,ZD,2,2,3,1,0,0,-1,3,3,3,3,3,0,0
41,154,ZD,2,2,2,1,0,0,0,2,2,2,2,2,0,0
41,155,ZD,2,2,3,1,0,0,-1,3,3,3,3,3,0,0
41,156,ZD,2,2,3,1,0,0,-1,4,4,4,4,4,0,0
41,157,ZD,2,2,3,1,0,0,-1,3,3,3,3,3,0,0
41,158,ZD,2,2,3,1,0,0,-1,4,4,4,4,4,0,0
41,159,ZD,2,2,3,1,0,0,-1,3,3,3,3,3,0,0
41,160,ZD,2,2,3,1,0,0,-1,3,3,3,3,3,0,0
41,161,ZD,2,2,3,1,0,0,-1,4,4,4,4,4,0,0
41,162,ZD,2,2,3,1,0,0,-1,3,3,3,3,3,0,0
41,163,ZD,2,2,3,1,0,0,-1,4,4,4,4,4,0,0
41,164,ZD,2,2,2,1,0,0,-1,3,3,2,2,2,0,0
41,165,INC,1,-1,-1,0,0,-1,-1,-1,-1,-1,-1,-1,0,1
41,166,INC,1,-1,-1,0,0,-1,-1,-1,-1,-1,-1,-1,0,1
41,167,ZD,2,2,2,1,0,0,-1,3,3,2,2,2,0,0
41,168,ZD,2,2,3,1,0,0,-1,4,4,4,4,4,0,0
41,169,ZD,2,2,3,1,0,0,-1,4,4,4,4,4,0,0
41,170,ZD,2,2,3,1,0,0,-1,4,4,4,4,4,0,0
41,171,ZD,2,2,3,1,0,0,-1,4,4,4,4,4,0,0
41,172,ZD,2,2,3,1,0,0,-1,4,4,4,4,4,0,0
41,173,ZD,2,2,3,1,0,0,-1,4,4,4,4,4,0,0
41,174,ZD,2,2,3,1,0,0,-1,4,4,4,4,4,0,0
41,175,ZD,2,2,3,1,0,0,-1,4,4,4,4,4,0,0
41,176,ZD,2,2,3,1,0,0,-1,4,4,4,4,4,0,0
41,177,ZD,2,2,2,1,0,0,-1,2,2,2,2,2,0,0
41,178,ZD,2,2,2,1,0,0,-1,2,2,2,2,2,0,0
41,179,ZD,2,2,3,1,0,0,-1,4,4,4,4,4,0,0
41,180,ZD,2,3,3,1,0,0,-1,3,3,2,2,2,0,0
41,181,ZD,2,3,3,1,0,0,-1,3,3,2,2,2,0,0
41,182,ZD,2,3,3,1,0,0,-1,3,3,2,2,2,0,0
41,183,ZD,2,3,3,1,0,0,-1,3,3,2,2,2,0,0
41,184,ZD,2,3,3,1,0,0,-1,4,4,3,3,3,0,0
41,185,ZD,2,3,3,1,0,0,-1,3,3,2,2,2,0,0
41,186,ZD,2,3,3,1,0,0,-1,3,3,2,2,2,0,0
41,187,ZD,2,3,3,1,0,0,-1,4,4,3,3,3,0,0
41,188,ZD,2,3,3,1,0,0,-1,4,4,3,3,3,0,0
41,189,ZD,2,3,3,1,0,0,-1,3,3,2,2,2,0,0
41,190,ZD,2,3,3,1,0,0,-1,3,3,2,2,2,0,0
41,191,ZD,2,3,3,1,0,0,-1,4,4,3,3,3,0,0
41,192,ZD,2,2,3,1,0,0,-1,4,4,4,4,4,0,0
41,193,ZD,2,2,3,1,0,0,-1,4,4,4,4,4,0,0
41,194,ZD,2,2,3,1,0,0,-1,4,4,4,4,4,0,0
41,195,ZD,2,2,3,1,0,0,-1,4,4,4,4,4,0,0
41,196,ZD,2,3,3,1,0,0,-1,4,4,4,4,4,0,0
41,197,ZD,2,2,2,1,0,0,0,2,2,2,2,2,0,0
41,198,ZD,2,2,2,1,0,0,0,2,2,2,2,2,0,0
41,199,ZD,2,3,3,1,0,0,-1,4,4,4,4,4,0,0
42,43,ZD,2,2,2,1,0,0,0,3,3,2,2,2,0,0
42,44,ZD,2,3,3,1,0,0,-1,4,4,4,4,4,0,0
42,45,ZD,2,2,2,1,0,0,0,2,2,2,2,2,0,0
42,46,ZD,2,2,2,1,0,0,-1,2,2,2,2,2,0,0
42,47,ZD,2,2,3,1,0,0,-1,4,4,4,4,4,0,0
42,48,ZD,2,2,3,1,0,0,-1,4,4,4,4,4,0,0
42,49,ZD,2,2,2,1,0,0,-1,2,2,2,2,2,0,0
42,50,ZD,2,2,2,1,0,0,0,2,2,2,2,2,0,0
42,51,ZD,2,3,3,1,0,0,-1,4,4,4,4,4,0,0
42,52,ZD,2,2,3,1,0,0,-1,3,3,3,3,3,0,0
42,53,ZD,2,2,3,1,0,0,-1,3,3,3,3,3,0,0
42,54,ZD,2,2,3,1,0,0,-1,3,3,3,3,3,0,0
42,55,ZD,2,2,3,1,0,0,-1,3,3,3,3,3,0,0
42,56,ZD,2,2,3,1,0,0,-1,3,3,3,3,3,0,0
42,57,ZD,2,2,3,1,0,0,-1,3,3,3,3,3,0,0
42,58,ZD,2,2,3,1,0,0,-1,3,3,3,3,3,0,0
42,59,ZD,2,2,3,1,0,0,-1,3,3,3,3,3,0,0
42,60,ZD,2,2,3,1,0,0,-1,4,4,4,4,4,0,0
42,61,ZD,2,2,3,1,0,0,-1,4,4,4,4,4,0,0
42,62,ZD,2,2,3,1,0,0,-1,4,4,4,4,4,0,0
42,63,ZD,2,2,3,1,0,0,-1,4,4,4,4,4,0,0
42,64,ZD,2,2,3,1,0,0,-1,4,4,4,4,4,0,0
42,65,ZD,2,2,3,1,0,0,-1,4,4,4,4,4,0,0
42,66,ZD,2,2,3,1,0,0,-1,4,4,4,4,4,0,0
42,67,ZD,2,2,3,1,0,0,-1,4,4,4,4,4,0,0
42,68,ZD,2,2,2,1,0,0,-1,3,3,2,2,2,0,0
42,69,INC,1,-1,-1,0,0,-1,-1,-1,-1,-1,-1,-1,0,1
42,70,INC,1,-1,-1,0,0,-1,-1,-1,-1,-1,-1,-1,0,1
42,71,ZD,2,2,2,1,0,0,-1,3,3,2,2,2,0,0
42,72,ZD,2,2,3,1,0,0,-1,4,4,4,4,4,0,0
42,73,INC,1,-1,-1,0,0,-1,-1,-1,-1,-1,-1,-1,0,1
42,74,ZD,2,2,2,1,0,0,-1,2,2,2,2,2,0,0
42,75,ZD,2,2,3,1,0,0,-1,4,4,4,4,4,0,0
42,76,ZD,2,2,3,1,0,0,-1,4,4,4,4,4,0,0
42,77,ZD,2,2,2,1,0,0,-1,2,2,2,2,2,0,0
42,78,INC,1,-1,-1,0,0,-1,-1,-1,-1,-1,-1,-1,0,1
42,79,ZD,2,2,3,1,0,0,-1,4,4,4,4,4,0,0
42,80,ZD,2,2,3,1,0,0,-1,4,4,4,4,4,0,0
42,81,ZD,2,2,3,1,0,0,-1,4,4,4,4,4,0,0
42,82,ZD,2,2,3,1,0,0,-1,4,4,4,4,4,0,0
42,83,ZD,2,2,3,1,0,0,-1,4,4,4,4,4,0,0
42,84,ZD,2,2,2,1,0,0,0,2,2,1,1,1,0,0
42,85,ZD,2,2,2,1,0,0,0,2,2,1,1,1,0,0
42,86,ZD,2,2,2,1,0,0,0,2,2,1,1,1,0,0
42,87,ZD,2,2,2,1,0,0,0,2,2,1,1,1,0,0
42,88,ZD,2,2,3,1,0,0,-1,3,3,3,3,3,0,0
42,89,ZD,2,3,3,1,0,0,-1,3,3,3,3,3,0,0
42,90,ZD,2,2,3,1,0,0,-1,3,3,3,3,3,0,0
42,91,ZD,2,3,3,1,0,0,-1,3,3,3,3,3,0,0
42,92,ZD,2,3,3,1,0,0,-1,3,3,3,3,3,0,0
42,93,ZD,2,2,3,1,0,0,-1,3,3,3,3,3,0,0
42,94,ZD,2,3,3,1,0,0,-1,3,3,3,3,3,0,0
42,95,ZD,2,2,3,1,0,0,-1,3,3,3,3,3,0,0
42,96,ZD,2,2,2,1,0,0,-1,3,3,2,2,2,0,0
42,97,ZD,2,2,2,1,0,0,0,2,2,1,1,1,0,0
42,98,ZD,2,2,2,1,0,0,0,2,2,1,1,1,0,0
42,99,ZD,2,2,2,1,0,0,-1,3,3,2,2,2,0,0
42,100,ZD,2,2,2,1,0,0,-1,3,3,2,2,2,0,0
42,101,ZD,2,2,2,1,0,0,0,2,2,1,1,1,0,0
42,102,ZD,2,2,2,1,0,0,0,2,2,1,1,1,0,0
42,103,ZD,2,2,2,1,0,0,-1,3,3,2,2,2,0,0
42,104,ZD,2,3,3,1,0,0,-1,4,4,4,4,4,0,0
42,105,ZD,2,2,3,1,0,0,-1,3,3,3,3,3,0,0
42,106,ZD,2,2,3,1,0,0,-1,3,3,3,3,3,0,0
42,107,ZD,2,3,3,1,0,0,-1,4,4,4,4,4,0,0
42,108,ZD,2,3,3,1,0,0,-1,4,4,4,4,4,0,0
42,109,ZD,2,2,3,1,0,0,-1,3,3,3,3,3,0,0
42,110,ZD,2,2,3,1,0,0,-1,3,3,3,3,3,0,0
42,111,ZD,2,3,3,1,0,0,-1,4,4,4,4,4,0,0
42,112,ZD,2,2,3,1,0,0,-1,3,3,3,3,3,0,0
42,113,ZD,2,2,3,1,0,0,-1,3,3,3,3,3,0,0
42,114,ZD,2,2,3,1,0,0,-1,3,3,3,3,3,0,0
42,115,ZD,2,2,3,1,0,0,-1,3,3,3,3,3,0,0
42,116,ZD,2,2,3,1,0,0,-1,3,3,3,3,3,0,0
42,117,ZD,2,2,3,1,0,0,-1,3,3,3,3,3,0,0
42,118,ZD,2,2,3,1,0,0,-1,3,3,3,3,3,0,0
42,119,ZD,2,2,3,1,0,0,-1,3,3,3,3,3,0,0
42,120,ZD,2,2,3,1,0,0,-1,4,4,4,4,4,0,0
42,121,ZD,2,2,3,1,0,0,-1,4,4,4,4,4,0,0
42,122,ZD,2,2,3,1,0,0,-1,4,4,4,4,4,0,0
42,123,ZD,2,2,3,1,0,0,-1,4,4,4,4,4,0,0
42,124,ZD,2,2,3,1,0,0,-1,4,4,4,4,4,0,0
42,125,ZD,2,2,3,1,0,0,-1,4,4,4,4,4,0,0
42,126,ZD,2,2,3,1,0,0,-1,4,4,4,4,4,0,0
42,127,ZD,2,2,3,1,0,0,-1,4,4,4,4,4,0,0
42,128,ZD,2,2,2,1,0,0,0,3,3,2,2,2,0,0
42,129,ZD,2,2,2,1,0,0,0,3,3,2,2,2,0,0
42,130,ZD,2,2,2,1,0,0,0,3,3,2,2,2,0,0
42,131,ZD,2,2,2,1,0,0,0,3,3,2,2,2,0,0
42,132,ZD,2,2,3,1,0,0,-1,4,4,4,4,4,0,0
42,133,ZD,2,2,3,1,0,0,-1,3,3,3,3,3,0,0
42,134,ZD,2,2,3,1,0,0,-1,3,3,3,3,3,0,0
42,135,ZD,2,2,3,1,0,0,-1,4,4,4,4,4,0,0
42,136,ZD,2,2,3,1,0,0,-1,4,4,4,4,4,0,0
42,137,ZD,2,2,3,1,0,0,-1,3,3,3,3,3,0,0
42,138,ZD,2,2,3,1,0,0,-1,3,3,3,3,3,0,0
42,139,ZD,2,2,3,1,0,0,-1,4,4,4,4,4,0,0
42,140,ZD,2,2,3,1,0,0,-1,4,4,4,4,4,0,0
42,141,ZD,2,2,3,1,0,0,-1,4,4,4,4,4,0,0
42,142,ZD,2,2,3,1,0,0,-1,4,4,4,4,4,0,0
42,143,ZD,2,2,3,1,0,0,-1,4,4,4,4,4,0,0
42,144,ZD,2,2,3,1,0,0,-1,3,3,3,3,3,0,0
42,145,ZD,2,2,3,1,0,0,-1,3,3,3,3,3,0,0
42,146,ZD,2,2,3,1,0,0,-1,3,3,3,3,3,0,0
42,147,ZD,2,2,3,1,0,0,-1,3,3,3,3,3,0,0
42,148,ZD,2,2,3,1,0,0,-1,3,3,3,3,3,0,0
42,149,ZD,2,2,2,1,0,0,0,2,2,2,2,2,0,0
42,150,ZD,2,2,3,1,0,0,-1,3,3,3,3,3,0,0
42,151,ZD,2,2,2,1,0,0,0,2,2,2,2,2,0,0
42,152,ZD,2,2,2,1,0,0,0,2,2,2,2,2,0,0
42,153,ZD,2,2,3,1,0,0,-1,3,3,3,3,3,0,0
42,154,ZD,2,2,2,1,0,0,0,2,2,2,2,2,0,0
42,155,ZD,2,2,3,1,0,0,-1,3,3,3,3,3,0,0
42,156,ZD,2,2,3,1,0,0,-1,4,4,4,4,4,0,0
42,157,ZD,2,2,3,1,0,0,-1,3,3,3,3,3,0,0
42,158,ZD,2,2,3,1,0,0,-1,4,4,4,4,4,0,0
42,159,ZD,2,2,3,1,0,0,-1,3,3,3,3,3,0,0
42,160,ZD,2,2,3,1,0,0,-1,3,3,3,3,3,0,0
42,161,ZD,2,2,3,1,0,0,-1,4,4,4,4,4,0,0
42,162,ZD,2,2,3,1,0,0,-1,3,3,3,3,3,0,0
42,163,ZD,2,2,3,1,0,0,-1,4,4,4,4,4,0,0
42,164,ZD,2,2,2,1,0,0,-1,3,3,2,2,2,0,0
42,165,INC,1,-1,-1,0,0,-1,-1,-1,-1,-1,-1,-1,0,1
42,166,INC,1,-1,-1,0,0,-1,-1,-1,-1,-1,-1,-1,0,1
42,167,ZD,2,2,2,1,0,0,-1,3,3,2,2,2,0,0
42,168,ZD,2,2,3,1,0,0,-1,4,4,4,4,4,0,0
42,169,ZD,2,2,3,1,0,0,-1,4,4,4,4,4,0,0
42,170,ZD,2,2,3,1,0,0,-1,4,4,4,4,4,0,0
42,171,ZD,2,2,3,1,0,0,-1,4,4,4,4,4,0,0
42,172,ZD,2,2,3,1,0,0,-1,4,4,4,4,4,0,0
42,173,ZD,2,2,3,1,0,0,-1,4,4,4,4,4,0,0
42,174,ZD,2,2,3,1,0,0,-1,4,4,4,4,4,0,0
42,175,ZD,2,2,3,1,0,0,-1,4,4,4,4,4,0,0
42,176,ZD,2,2,3,1,0,0,-1,4,4,4,4,4,0,0
42,177,ZD,2,2,2,1,0,0,-1,2,2,2,2,2,0,0
42,178,ZD,2,2,2,1,0,0,-1,2,2,2,2,2,0,0
42,179,ZD,2,2,3,1,0,0,-1,4,4,4,4,4,0,0
42,180,ZD,2,3,3,1,0,0,-1,3,3,3,3,3,0,0
42,181,ZD,2,3,3,1,0,0,-1,3,3,3,3,3,0,0
42,182,ZD,2,3,3,1,0,0,-1,3,3,3,3,3,0,0
42,183,ZD,2,3,3,1,0,0,-1,3,3,3,3,3,0,0
42,184,ZD,2,3,3,1,0,0,-1,4,4,4,4,4,0,0
42,185,ZD,2,3,3,1,0,0,-1,3,3,3,3,3,0,0
42,186,ZD,2,3,3,1,0,0,-1,3,3,3,3,3,0,0
42,187,ZD,2,3,3,1,0,0,-1,4,4,4,4,4,0,0
42,188,ZD,2,3,3,1,0,0,-1,4,4,4,4,4,0,0
42,189,ZD,2,3,3,1,0,0,-1,3,3,3,3,3,0,0
42,190,ZD,2,3,3,1,0,0,-1,3,3,3,3,3,0,0
42,191,ZD,2,3,3,1,0,0,-1,4,4,4,4,4,0,0
42,192,ZD,2,2,3,1,0,0,-1,4,4,4,4,4,0,0
42,193,ZD,2,2,3,1,0,0,-1,4,4,4,4,4,0,0
42,194,ZD,2,2,3,1,0,0,-1,4,4,4,4,4,0,0
42,195,ZD,2,2,3,1,0,0,-1,4,4,4,4,4,0,0
42,196,ZD,2,3,3,1,0,0,-1,4,4,4,4,4,0,0
42,197,ZD,2,2,2,1,0,0,0,2,2,2,2,2,0,0
42,198,ZD,2,2,2,1,0,0,0,2,2,2,2,2,0,0
42,199,ZD,2,3,3,1,0,0,-1,4,4,4,4,4,0,0
43,44,ZD,2,3,3,1,0,0,-1,4,4,4,4,4,0,0
43,45,ZD,2,2,2,1,0,0,0,2,2,2,2,2,0,0
43,46,ZD,2,2,2,1,0,0,-1,2,2,2,2,2,0,0
43,47,ZD,2,2,3,1,0,0,-1,4,4,4,4,4,0,0
43,48,ZD,2,2,3,1,0,0,-1,4,4,4,4,4,0,0
43,49,ZD,2,2,2,1,0,0,-1,2,2,2,2,2,0,0
43,50,ZD,2,2,2,1,0,0,0,2,2,2,2,2,0,0
43,51,ZD,2,3,3,1,0,0,-1,4,4,4,4,4,0,0
43,52,ZD,2,2,3,1,0,0,-1,3,3,3,3,3,0,0
43,53,ZD,2,2,3,1,0,0,-1,3,3,3,3,3,0,0
43,54,ZD,2,2,3,1,0,0,-1,3,3,3,3,3,0,0
43,55,ZD,2,2,3,1,0,0,-1,3,3,3,3,3,0,0
43,56,ZD,2,2,3,1,0,0,-1,3,3,3,3,3,0,0
43,57,ZD,2,2,3,1,0,0,-1,3,3,3,3,3,0,0
43,58,ZD,2,2,3,1,0,0,-1,3,3,3,3,3,0,0
43,59,ZD,2,2,3,1,0,0,-1,3,3,3,3,3,0,0
43,60,ZD,2,2,3,1,0,0,-1,4,4,4,4,4,0,0
43,61,ZD,2,2,3,1,0,0,-1,4,4,4,4,4,0,0
43,62,ZD,2,2,3,1,0,0,-1,4,4,4,4,4,0,0
43,63,ZD,2,2,3,1,0,0,-1,4,4,4,4,4,0,0
43,64,ZD,2,2,3,1,0,0,-1,4,4,4,4,4,0,0
43,65,ZD,2,2,3,1,0,0,-1,4,4,4,4,4,0,0
43,66,ZD,2,2,3,1,0,0,-1,4,4,4,4,4,0,0
43,67,ZD,2,2,3,1,0,0,-1,4,4,4,4,4,0,0
43,68,INC,1,-1,-1,0,0,-1,-1,-1,-1,-1,-1,-1,0,1
43,69,ZD,2,2,2,1,0,0,-1,3,3,2,2,2,0,0
43,70,ZD,2,2,2,1,0,0,-1,3,3,2,2,2,0,0
43,71,INC,1,-1,-1,0,0,-1,-1,-1,-1,-1,-1,-1,0,1
43,72,ZD,2,2,2,1,0,0,-1,2,2,2,2,2,0,0
43,73,ZD,2,2,3,1,0,0,-1,4,4,4,4,4,0,0
43,74,ZD,2,2,3,1,0,0,-1,4,4,4,4,4,0,0
43,75,INC,1,-1,-1,0,0,-1,-1,-1,-1,-1,-1,-1,0,1
43,76,INC,1,-1,-1,0,0,-1,-1,-1,-1,-1,-1,-1,0,1
43,77,ZD,2,2,3,1,0,0,-1,4,4,4,4,4,0,0
43,78,ZD,2,2,3,1,0,0,-1,4,4,4,4,4,0,0
43,79,ZD,2,2,2,1,0,0,-1,2,2,2,2,2,0,0
43,80,ZD,2,2,3,1,0,0,-1,4,4,4,4,4,0,0
43,81,ZD,2,2,3,1,0,0,-1,4,4,4,4,4,0,0
43,82,ZD,2,2,3,1,0,0,-1,4,4,4,4,4,0,0
43,83,ZD,2,2,3,1,0,0,-1,4,4,4,4,4,0,0
43,84,ZD,2,2,2,1,0,0,0,2,2,1,1,1,0,0
43,85,ZD,2,2,2,1,0,0,0,2,2,1,1,1,0,0
43,86,ZD,2,2,2,1,0,0,0,2,2,1,1,1,0,0
43,87,ZD,2,2,2,1,0,0,0,2,2,1,1,1,0,0
43,88,ZD,2,3,3,1,0,0,-1,3,3,3,3,3,0,0
43,89,ZD,2,2,3,1,0,0,-1,3,3,3,3,3,0,0
43,90,ZD,2,3,3,1,0,0,-1,3,3,3,3,3,0,0
43,91,ZD,2,2,3,1,0,0,-1,3,3,3,3,3,0,0
43,92,ZD,2,2,3,1,0,0,-1,3,3,3,3,3,0,0
43,93,ZD,2,3,3,1,0,0,-1,3,3,3,3,3,0,0
43,94,ZD,2,2,3,1,0,0,-1,3,3,3,3,3,0,0
43,95,ZD,2,3,3,1,0,0,-1,3,3,3,3,3,0,0
43,96,ZD,2,2,2,1,0,0,0,2,2,1,1,1,0,0
43,97,ZD,2,2,2,1,0,0,-1,3,3,2,2,2,0,0
43,98,ZD,2,2,2,1,0,0,-1,3,3,2,2,2,0,0
43,99,ZD,2,2,2,1,0,0,0,2,2,1,1,1,0,0
43,100,ZD,2,2,2,1,0,0,0,2,2,1,1,1,0,0
43,101,ZD,2,2,2,1,0,0,-1,3,3,2,2,2,0,0
43,102,ZD,2,2,2,1,0,0,-1,3,3,2,2,2,0,0
43,103,ZD,2,2,2,1,0,0,0,2,2,1,1,1,0,0
43,104,ZD,2,3,3,1,0,0,-1,4,4,4,4,4,0,0
43,105,ZD,2,2,3,1,0,0,-1,3,3,3,3,3,0,0
43,106,ZD,2,2,3,1,0,0,-1,3,3,3,3,3,0,0
43,107,ZD,2,3,3,1,0,0,-1,4,4,4,4,4,0,0
43,108,ZD,2,3,3,1,0,0,-1,4,4,4,4,4,0,0
43,109,ZD,2,2,3,1,0,0,-1,3,3,3,3,3,0,0
43,110,ZD,2,2,3,1,0,0,-1,3,3,3,3,3,0,0
43,111,ZD,2,3,3,1,0,0,-1,4,4,4,4,4,0,0
43,112,ZD,2,2,3,1,0,0,-1,3,3,3,3,3,0,0
43,113,ZD,2,2,3,1,0,0,-1,3,3,3,3,3,0,0
43,114,ZD,2,2,3,1,0,0,-1,3,3,3,3,3,0,0
43,115,ZD,2,2,3,1,0,0,-1,3,3,3,3,3,0,0
43,116,ZD,2,2,3,1,0,0,-1,3,3,3,3,3,0,0
43,117,ZD,2,2,3,1,0,0,-1,3,3,3,3,3,0,0
43,118,ZD,2,2,3,1,0,0,-1,3,3,3,3,3,0,0
43,119,ZD,2,2,3,1,0,0,-1,3,3,3,3,3,0,0
43,120,ZD,2,2,3,1,0,0,-1,4,4,4,4,4,0,0
43,121,ZD,2,2,3,1,0,0,-1,4,4,4,4,4,0,0
43,122,ZD,2,2,3,1,0,0,-1,4,4,4,4,4,0,0
43,123,ZD,2,2,3,1,0,0,-1,4,4,4,4,4,0,0
43,124,ZD,2,2,3,1,0,0,-1,4,4,4,4,4,0,0
43,125,ZD,2,2,3,1,0,0,-1,4,4,4,4,4,0,0
43,126,ZD,2,2,3,1,0,0,-1,4,4,4,4,4,0,0
43,127,ZD,2,2,3,1,0,0,-1,4,4,4,4,4,0,0
43,128,ZD,2,2,2,1,0,0,0,3,3,2,2,2,0,0
43,129,ZD,2,2,2,1,0,0,0,3,3,2,2,2,0,0
43,130,ZD,2,2,2,1,0,0,0,3,3,2,2,2,0,0
43,131,ZD,2,2,2,1,0,0,0,3,3,2,2,2,0,0
43,132,ZD,2,2,3,1,0,0,-1,3,3,3,3,3,0,0
43,133,ZD,2,2,3,1,0,0,-1,4,4,4,4,4,0,0
43,134,ZD,2,2,3,1,0,0,-1,4,4,4,4,4,0,0
43,135,ZD,2,2,3,1,0,0,-1,3,3,3,3,3,0,0
43,136,ZD,2,2,3,1,0,0,-1,3,3,3,3,3,0,0
43,137,ZD,2,2,3,1,0,0,-1,4,4,4,4,4,0,0
43,138,ZD,2,2,3,1,0,0,-1,4,4,4,4,4,0,0
43,139,ZD,2,2,3,1,0,0,-1,3,3,3,3,3,0,0
43,140,ZD,2,2,3,1,0,0,-1,4,4,4,4,4,0,0
43,141,ZD,2,2,3,1,0,0,-1,4,4,4,4,4,0,0
43,142,ZD,2,2,3,1,0,0,-1,4,4,4,4,4,0,0
43,143,ZD,2,2,3,1,0,0,-1,4,4,4,4,4,0,0
43,144,ZD,2,2,3,1,0,0,-1,3,3,3,3,3,0,0
43,145,ZD,2,2,3,1,0,0,-1,3,3,3,3,3,0,0
43,146,ZD,2,2,3,1,0,0,-1,3,3,3,3,3,0,0
43,147,ZD,2,2,3,1,0,0,-1,3,3,3,3,3,0,0
43,148,ZD,2,2,2,1,0,0,0,2,2,2,2,2,0,0
43,149,ZD,2,2,3,1,0,0,-1,3,3,3,3,3,0,0
43,150,ZD,2,2,2,1,0,0,0,2,2,2,2,2,0,0
43,151,ZD,2,2,3,1,0,0,-1,3,3,3,3,3,0,0
43,152,ZD,2,2,3,1,0,0,-1,3,3,3,3,3,0,0
43,153,ZD,2,2,2,1,0,0,0,2,2,2,2,2,0,0
43,154,ZD,2,2,3,1,0,0,-1,3,3,3,3,3,0,0
43,155,ZD,2,2,2,1,0,0,0,2,2,2,2,2,0,0
43,156,ZD,2,2,3,1,0,0,-1,4,4,4,4,4,0,0
43,157,ZD,2,2,3,1,0,0,-1,3,3,3,3,3,0,0
43,158,ZD,2,2,3,1,0,0,-1,4,4,4,4,4,0,0
43,159,ZD,2,2,3,1,0,0,-1,3,3,3,3,3,0,0
43,160,ZD,2,2,3,1,0,0,-1,3,3,3,3,3,0,0
43,161,ZD,2,2,3,1,0,0,-1,4,4,4,4,4,0,0
43,162,ZD,2,2,3,1,0,0,-1,3,3,3,3,3,0,0
43,163,ZD,2,2,3,1,0,0,-1,4,4,4,4,4,0,0
43,164,INC,1,-1,-1,0,0,-1,-1,-1,-1,-1,-1,-1,0,1
43,165,ZD,2,2,2,1,0,0,-1,3,3,2,2,2,0,0
43,166,ZD,2,2,2,1,0,0,-1,3,3,2,2,2,0,0
43,167,INC,1,-1,-1,0,0,-1,-1,-1,-1,-1,-1,-1,0,1
43,168,ZD,2,2,3,1,0,0,-1,4,4,4,4,4,0,0
43,169,ZD,2,2,3,1,0,0,-1,4,4,4,4,4,0,0
43,170,ZD,2,2,3,1,0,0,-1,4,4,4,4,4,0,0
43,171,ZD,2,2,3,1,0,0,-1,4,4,4,4,4,0,0
43,172,ZD,2,2,3,1,0,0,-1,4,4,4,4,4,0,0
43,173,ZD,2,2,3,1,0,0,-1,4,4,4,4,4,0,0
43,174,ZD,2,2,3,1,0,0,-1,4,4,4,4,4,0,0
43,175,ZD,2,2,3,1,0,0,-1,4,4,4,4,4,0,0
43,176,ZD,2,2,3,1,0,0,-1,4,4,4,4,4,0,0
43,177,ZD,2,2,2,1,0,0,-1,2,2,2,2,2,0,0
43,178,ZD,2,2,2,1,0,0,-1,2,2,2,2,2,0,0
43,179,ZD,2,2,3,1,0,0,-1,4,4,4,4,4,0,0
43,180,ZD,2,3,3,1,0,0,-1,3,3,3,3,3,0,0
43,181,ZD,2,3,3,1,0,0,-1,3,3,3,3,3,0,0
43,182,ZD,2,3,3,1,0,0,-1,3,3,3,3,3,0,0
43,183,ZD,2,3,3,1,0,0,-1,3,3,3,3,3,0,0
43,184,ZD,2,3,3,1,0,0,-1,3,3,3,3,3,0,0
43,185,ZD,2,3,3,1,0,0,-1,4,4,4,4,4,0,0
43,186,ZD,2,3,3,1,0,0,-1,4,4,4,4,4,0,0
43,187,ZD,2,3,3,1,0,0,-1,3,3,3,3,3,0,0
43,188,ZD,2,3,3,1,0,0,-1,3,3,3,3,3,0,0
43,189,ZD,2,3,3,1,0,0,-1,4,4,4,4,4,0,0
43,190,ZD,2,3,3,1,0,0,-1,4,4,4,4,4,0,0
43,191,ZD,2,3,3,1,0,0,-1,3,3,3,3,3,0,0
43,192,ZD,2,2,3,1,0,0,-1,4,4,4,4,4,0,0
43,193,ZD,2,2,3,1,0,0,-1,4,4,4,4,4,0,0
43,194,ZD,2,2,3,1,0,0,-1,4,4,4,4,4,0,0
43,195,ZD,2,2,3,1,0,0,-1,4,4,4,4,4,0,0
43,196,ZD,2,2,2,1,0,0,0,2,2,2,2,2,0,0
43,197,ZD,2,3,3,1,0,0,-1,4,4,4,4,4,0,0
43,198,ZD,2,3,3,1,0,0,-1,4,4,4,4,4,0,0
43,199,ZD,2,2,2,1,0,0,0,2,2,2,2,2,0,0
44,45,ZD,2,2,2,0,0,0,0,4,4,4,2,4,1,0
44,46,ZD,2,2,2,0,0,0,0,4,4,2,2,2,1,0
44,47,INC,1,-1,-1,0,0,-1,-1,-1,-1,-1,-1,-1,0,1
44,48,INC,1,-1,-1,0,0,-1,-1,-1,-1,-1,-1,-1,0,1
44,49,ZD,2,2,2,0,0,0,0,4,4,2,2,2,1,0
44,50,ZD,2,2,2,0,0,0,0,4,4,4,2,4,1,0
44,51,POS,1,1,1,0,0,-1,-1,-1,-1,-1,-1,-1,0,1
44,52,ZD,2,2,3,1,0,0,-1,4,4,4,4,4,0,0
44,53,ZD,2,2,3,1,0,0,-1,4,4,4,4,4,0,0
44,54,ZD,2,2,3,1,0,0,-1,4,4,4,4,4,0,0
44,55,ZD,2,2,3,1,0,0,-1,4,4,4,4,4,0,0
44,56,ZD,2,2,3,1,0,0,-1,4,4,4,4,4,0,0
44,57,ZD,2,2,3,1,0,0,-1,4,4,4,4,4,0,0
44,58,ZD,2,2,3,1,0,0,-1,4,4,4,4,4,0,0
44,59,ZD,2,2,3,1,0,0,-1,4,4,4,4,4,0,0
44,60,ZD,2,2,2,1,0,0,-1,4,4,4,4,4,0,0
44,61,ZD,2,2,2,1,0,0,-1,4,4,4,4,4,0,0
44,62,ZD,2,2,2,1,0,0,-1,4,4,4,4,4,0,0
44,63,ZD,2,2,2,1,0,0,-1,4,4,4,4,4,0,0
44,64,ZD,2,2,2,1,0,0,-1,4,4,4,4,4,0,0
44,65,ZD,2,2,2,1,0,0,-1,4,4,4,4,4,0,0
44,66,ZD,2,2,2,1,0,0,-1,4,4,4,4,4,0,0
44,67,ZD,2,2,2,1,0,0,-1,4,4,4,4,4,0,0
44,68,ZD,2,2,3,1,0,0,-1,4,4,4,4,4,0,0
44,69,ZD,2,2,3,1,0,0,-1,4,4,4,4,4,0,0
44,70,ZD,2,2,3,1,0,0,-1,4,4,4,4,4,0,0
44,71,ZD,2,2,3,1,0,0,-1,4,4,4,4,4,0,0
44,72,ZD,3,2,3,0,0,0,-1,4,4,4,4,4,1,0
44,73,ZD,2,2,3,1,0,0,-1,4,4,4,4,4,0,0
44,74,ZD,3,2,3,0,0,0,-1,4,4,4,4,4,1,0
44,75,ZD,2,2,3,1,0,0,-1,4,4,4,4,4,0,0
44,76,ZD,2,2,3,1,0,0,-1,4,4,4,4,4,0,0
44,77,ZD,3,2,3,0,0,0,-1,4,4,4,4,4,1,0
44,78,ZD,2,2,3,1,0,0,-1,4,4,4,4,4,0,0
44,79,ZD,3,2,3,0,0,0,-1,4,4,4,4,4,1,0
44,80,ZD,2,2,2,0,0,0,0,4,4,2,2,2,1,0
44,81,ZD,2,2,2,0,0,0,0,4,4,4,4,4,1,0
44,82,ZD,2,2,2,0,0,0,0,4,4,4,4,4,1,0
44,83,ZD,2,2,2,0,0,0,0,4,4,2,2,2,1,0
44,84,ZD,2,2,2,0,0,0,-1,4,4,4,4,4,1,0
44,85,ZD,2,2,2,0,0,0,-1,4,4,4,4,4,1,0
44,86,ZD,2,2,2,0,0,0,-1,4,4,4,4,4,1,0
44,87,ZD,2,2,2,0,0,0,-1,4,4,4,4,4,1,0
44,88,ZD,2,2,2,1,0,0,-1,4,4,4,4,4,0,0
44,89,ZD,2,2,2,1,0,0,-1,4,4,4,4,4,0,0
44,90,ZD,2,2,2,1,0,0,-1,4,4,4,4,4,0,0
44,91,ZD,2,2,2,1,0,0,-1,4,4,4,4,4,0,0
44,92,ZD,2,2,2,1,0,0,-1,4,4,4,4,4,0,0
44,93,ZD,2,2,2,1,0,0,-1,4,4,4,4,4,0,0
44,94,ZD,2,2,2,1,0,0,-1,4,4,4,4,4,0,0
44,95,ZD,2,2,2,1,0,0,-1,4,4,4,4,4,0,0
44,96,ZD,3,2,3,0,0,0,-1,4,4,4,4,4,1,0
44,97,ZD,3,2,3,0,0,0,-1,4,4,4,4,4,1,0
44,98,ZD,3,2,3,0,0,0,-1,4,4,4,4,4,1,0
44,99,ZD,3,2,3,0,0,0,-1,4,4,4,4,4,1,0
44,100,ZD,3,2,3,0,0,0,-1,4,4,4,4,4,1,0
44,101,ZD,3,2,3,0,0,0,-1,4,4,4,4,4,1,0
44,102,ZD,3,2,3,0,0,0,-1,4,4,4,4,4,1,0
44,103,ZD,3,2,3,0,0,0,-1,4,4,4,4,4,1,0
44,104,ZD,2,2,2,0,0,0,0,2,2,2,2,2,1,0
44,105,ZD,2,2,2,0,0,0,-1,4,4,4,4,4,1,0
44,106,ZD,2,2,2,0,0,0,-1,4,4,4,4,4,1,0
44,107,ZD,2,2,2,0,0,0,0,2,2,2,2,2,1,0
44,108,ZD,2,2,2,0,0,0,0,2,2,2,2,2,1,0
44,109,ZD,2,2,2,0,0,0,-1,4,4,4,4,4,1,0
44,110,ZD,2,2,2,0,0,0,-1,4,4,4,4,4,1,0
44,111,ZD,2,2,2,0,0,0,0,2,2,2,2,2,1,0
44,112,ZD,2,2,3,1,0,0,-1,4,4,2,2,2,0,0
44,113,ZD,2,2,3,1,0,0,-1,4,4,2,2,2,0,0
44,114,ZD,2,2,3,1,0,0,-1,4,4,2,2,2,0,0
44,115,ZD,2,2,3,1,0,0,-1,4,4,2,2,2,0,0
44,116,ZD,2,2,3,1,0,0,-1,4,4,2,2,2,0,0
44,117,ZD,2,2,3,1,0,0,-1,4,4,2,2,2,0,0
44,118,ZD,2,2,3,1,0,0,-1,4,4,2,2,2,0,0
44,119,ZD,2,2,3,1,0,0,-1,4,4,2,2,2,0,0
44,120,ZD,2,2,2,1,0,0,-1,4,4,4,4,4,0,0
44,121,ZD,2,2,2,1,0,0,-1,4,4,4,4,4,0,0
44,122,ZD,2,2,2,1,0,0,-1,4,4,4,4,4,0,0
44,123,ZD,2,2,2,1,0,0,-1,4,4,4,4,4,0,0
44,124,ZD,2,2,2,1,0,0,-1,4,4,4,4,4,0,0
44,125,ZD,2,2,2,1,0,0,-1,4,4,4,4,4,0,0
44,126,ZD,2,2,2,1,0,0,-1,4,4,4,4,4,0,0
44,127,ZD,2,2,2,1,0,0,-1,4,4,4,4,4,0,0
44,128,ZD,3,3,3,0,0,0,-1,4,4,4,4,4,1,0
44,129,ZD,3,3,3,0,0,0,-1,4,4,4,4,4,1,0
44,130,ZD,3,3,3,0,0,0,-1,4,4,4,4,4,1,0
44,131,ZD,3,3,3,0,0,0,-1,4,4,4,4,4,1,0
44,132,ZD,2,2,3,1,0,0,-1,4,4,4,4,4,0,0
44,133,ZD,2,2,3,1,0,0,-1,4,4,4,4,4,0,0
44,134,ZD,2,2,3,1,0,0,-1,4,4,4,4,4,0,0
44,135,ZD,2,2,3,1,0,0,-1,4,4,4,4,4,0,0
44,136,ZD,2,2,3,1,0,0,-1,4,4,4,4,4,0,0
44,137,ZD,2,2,3,1,0,0,-1,4,4,4,4,4,0,0
44,138,ZD,2,2,3,1,0,0,-1,4,4,4,4,4,0,0
44,139,ZD,2,2,3,1,0,0,-1,4,4,4,4,4,0,0
44,140,ZD,2,2,2,0,0,0,-1,4,4,4,4,4,1,0
44,141,ZD,2,2,2,0,0,0,-1,4,4,4,4,4,1,0
44,142,ZD,2,2,2,0,0,0,-1,4,4,4,4,4,1,0
44,143,ZD,2,2,2,0,0,0,-1,4,4,4,4,4,1,0
44,144,ZD,2,2,2,1,0,0,-1,4,4,4,4,4,0,0
44,145,ZD,2,2,2,1,0,0,-1,4,4,4,4,4,0,0
44,146,ZD,2,2,2,1,0,0,-1,4,4,4,4,4,0,0
44,147,ZD,2,2,2,1,0,0,-1,4,4,4,4,4,0,0
44,148,ZD,2,2,3,1,0,0,-1,4,4,4,4,4,0,0
44,149,ZD,2,2,3,1,0,0,-1,4,4,4,4,4,0,0
44,150,ZD,2,2,3,1,0,0,-1,4,4,4,4,4,0,0
44,151,ZD,2,2,3,1,0,0,-1,4,4,4,4,4,0,0
44,152,ZD,2,2,3,1,0,0,-1,4,4,4,4,4,0,0
44,153,ZD,2,2,3,1,0,0,-1,4,4,4,4,4,0,0
44,154,ZD,2,2,3,1,0,0,-1,4,4,4,4,4,0,0
44,155,ZD,2,2,3,1,0,0,-1,4,4,4,4,4,0,0
44,156,ZD,2,2,2,1,0,0,0,2,2,2,2,2,0,0
44,157,ZD,2,2,2,1,0,0,-1,4,4,4,4,4,0,0
44,158,ZD,2,2,2,1,0,0,0,2,2,2,2,2,0,0
44,159,ZD,2,2,2,1,0,0,-1,4,4,4,4,4,0,0
44,160,ZD,2,2,2,1,0,0,-1,4,4,4,4,4,0,0
44,161,ZD,2,2,2,1,0,0,0,2,2,2,2,2,0,0
44,162,ZD,2,2,2,1,0,0,-1,4,4,4,4,4,0,0
44,163,ZD,2,2,2,1,0,0,0,2,2,2,2,2,0,0
44,164,ZD,3,2,3,0,0,0,-1,4,4,4,4,4,1,0
44,165,ZD,3,2,3,0,0,0,-1,4,4,4,4,4,1,0
44,166,ZD,3,2,3,0,0,0,-1,4,4,4,4,4,1,0
44,167,ZD,3,2,3,0,0,0,-1,4,4,4,4,4,1,0
44,168,ZD,2,2,3,1,0,0,-1,4,4,4,4,4,0,0
44,169,ZD,2,2,3,1,0,0,-1,4,4,4,4,4,0,0
44,170,ZD,2,2,3,1,0,0,-1,4,4,4,4,4,0,0
44,171,ZD,2,2,3,1,0,0,-1,4,4,4,4,4,0,0
44,172,ZD,2,2,3,1,0,0,-1,4,4,4,4,4,0,0
44,173,ZD,2,2,3,1,0,0,-1,4,4,4,4,4,0,0
44,174,ZD,2,2,3,1,0,0,-1,4,4,4,4,4,0,0
44,175,ZD,2,2,3,1,0,0,-1,4,4,4,4,4,0,0
44,176,INC,1,-1,-1,0,0,-1,-1,-1,-1,-1,-1,-1,0,1
44,177,ZD,2,2,2,0,0,0,0,4,4,4,4,4,1,0
44,178,ZD,2,2,2,0,0,0,0,4,4,4,4,4,1,0
44,179,INC,1,-1,-1,0,0,-1,-1,-1,-1,-1,-1,-1,0,1
44,180,ZD,3,3,3,0,0,0,-1,4,4,4,4,4,1,0
44,181,ZD,3,3,3,0,0,0,-1,4,4,4,4,4,1,0
44,182,ZD,3,3,3,0,0,0,-1,4,4,4,4,4,1,0
44,183,ZD,3,3,3,0,0,0,-1,4,4,4,4,4,1,0
44,184,ZD,2,3,3,1,0,0,-1,4,4,4,4,4,0,0
44,185,ZD,2,3,3,1,0,0,-1,4,4,4,4,4,0,0
44,186,ZD,2,3,3,1,0,0,-1,4,4,4,4,4,0,0
44,187,ZD,2,3,3,1,0,0,-1,4,4,4,4,4,0,0
44,188,ZD,2,3,3,1,0,0,-1,4,4,4,4,4,0,0
44,189,ZD,2,3,3,1,0,0,-1,4,4,4,4,4,0,0
44,190,ZD,2,3,3,1,0,0,-1,4,4,4,4,4,0,0
44,191,ZD,2,3,3,1,0,0,-1,4,4,4,4,4,0,0
44,192,ZD,2,2,2,1,0,0,-1,4,4,4,4,4,0,0
44,193,ZD,2,2,2,1,0,0,-1,4,4,4,4,4,0,0
44,194,ZD,2,2,2,1,0,0,-1,4,4,4,4,4,0,0
44,195,ZD,2,2,2,1,0,0,-1,4,4,4,4,4,0,0
44,196,ZD,2,3,3,1,0,0,-1,4,4,4,4,4,0,0
44,197,ZD,2,3,3,1,0,0,-1,4,4,4,4,4,0,0
44,198,ZD,2,3,3,1,0,0,-1,4,4,4,4,4,0,0
44,199,ZD,2,3,3,1,0,0,-1,4,4,4,4,4,0,0
45,46,INC,1,-1,-1,0,0,-1,-1,-1,-1,-1,-1,-1,0,1
45,47,ZD,2,2,2,0,0,0,0,4,4,2,2,2,1,0
45,48,ZD,2,2,2,0,0,0,0,4,4,2,2,2,1,0
45,49,INC,1,-1,-1,0,0,-1,-1,-1,-1,-1,-1,-1,0,1
45,50,POS,1,1,1,0,0,-1,-1,-1,-1,-1,-1,-1,0,1
45,51,ZD,2,2,2,0,0,0,0,4,4,4,2,4,1,0
45,52,ZD,2,2,3,1,0,0,-1,4,4,4,4,4,0,0
45,53,ZD,2,2,3,1,0,0,-1,4,4,4,4,4,0,0
45,54,ZD,2,2,3,1,0,0,-1,4,4,4,4,4,0,0
45,55,ZD,2,2,3,1,0,0,-1,4,4,4,4,4,0,0
45,56,ZD,2,2,3,1,0,0,-1,4,4,4,4,4,0,0
45,57,ZD,2,2,3,1,0,0,-1,4,4,4,4,4,0,0
45,58,ZD,2,2,3,1,0,0,-1,4,4,4,4,4,0,0
45,59,ZD,2,2,3,1,0,0,-1,4,4,4,4,4,0,0
45,60,ZD,2,2,2,1,0,0,-1,4,4,4,4,4,0,0
45,61,ZD,2,2,2,1,0,0,-1,4,4,4,4,4,0,0
45,62,ZD,2,2,2,1,0,0,-1,4,4,4,4,4,0,0
45,63,ZD,2,2,2,1,0,0,-1,4,4,4,4,4,0,0
45,64,ZD,2,2,2,1,0,0,-1,4,4,4,4,4,0,0
45,65,ZD,2,2,2,1,0,0,-1,4,4,4,4,4,0,0
45,66,ZD,2,2,2,1,0,0,-1,4,4,4,4,4,0,0
45,67,ZD,2,2,2,1,0,0,-1,4,4,4,4,4,0,0
45,68,ZD,2,2,3,1,0,0,-1,4,4,4,4,4,0,0
45,69,ZD,2,2,3,1,0,0,-1,4,4,4,4,4,0,0
45,70,ZD,2,2,3,1,0,0,-1,4,4,4,4,4,0,0
45,71,ZD,2,2,3,1,0,0,-1,4,4,4,4,4,0,0
45,72,ZD,2,2,2,1,0,0,-1,2,2,2,2,2,0,0
45,73,ZD,2,2,2,0,0,0,0,2,2,2,2,2,1,0
45,74,ZD,2,2,2,1,0,0,-1,2,2,2,2,2,0,0
45,75,ZD,2,2,2,0,0,0,0,2,2,2,2,2,1,0
45,76,ZD,2,2,2,0,0,0,0,2,2,2,2,2,1,0
45,77,ZD,2,2,2,1,0,0,-1,2,2,2,2,2,0,0
45,78,ZD,2,2,2,0,0,0,0,2,2,2,2,2,1,0
45,79,ZD,2,2,2,1,0,0,-1,2,2,2,2,2,0,0
45,80,ZD,2,2,2,0,0,0,0,4,4,4,4,4,1,0
45,81,ZD,2,2,2,0,0,0,0,4,4,2,2,2,1,0
45,82,ZD,2,2,2,0,0,0,0,4,4,2,2,2,1,0
45,83,ZD,2,2,2,0,0,0,0,4,4,4,4,4,1,0
45,84,ZD,2,2,2,0,0,0,-1,4,4,4,4,4,1,0
45,85,ZD,2,2,2,0,0,0,-1,4,4,4,4,4,1,0
45,86,ZD,2,2,2,0,0,0,-1,4,4,4,4,4,1,0
45,87,ZD,2,2,2,0,0,0,-1,4,4,4,4,4,1,0
45,88,ZD,2,2,2,1,0,0,-1,4,4,4,4,4,0,0
45,89,ZD,2,2,2,1,0,0,-1,4,4,4,4,4,0,0
45,90,ZD,2,2,2,1,0,0,-1,4,4,4,4,4,0,0
45,91,ZD,2,2,2,1,0,0,-1,4,4,4,4,4,0,0
45,92,ZD,2,2,2,1,0,0,-1,4,4,4,4,4,0,0
45,93,ZD,2,2,2,1,0,0,-1,4,4,4,4,4,0,0
45,94,ZD,2,2,2,1,0,0,-1,4,4,4,4,4,0,0
45,95,ZD,2,2,2,1,0,0,-1,4,4,4,4,4,0,0
45,96,ZD,3,3,3,0,0,0,0,3,3,2,2,2,1,0
45,97,ZD,3,3,3,0,0,0,0,3,3,2,2,2,1,0
45,98,ZD,3,3,3,0,0,0,0,3,3,2,2,2,1,0
45,99,ZD,3,3,3,0,0,0,0,3,3,2,2,2,1,0
45,100,ZD,3,3,3,0,0,0,0,3,3,2,2,2,1,0
45,101,ZD,3,3,3,0,0,0,0,3,3,2,2,2,1,0
45,102,ZD,3,3,3,0,0,0,0,3,3,2,2,2,1,0
45,103,ZD,3,3,3,0,0,0,0,3,3,2,2,2,1,0
45,104,ZD,2,2,2,0,0,0,-1,4,4,4,4,4,1,0
45,105,ZD,2,2,2,0,0,0,0,2,2,2,2,2,1,0
45,106,ZD,2,2,2,0,0,0,0,2,2,2,2,2,1,0
45,107,ZD,2,2,2,0,0,0,-1,4,4,4,4,4,1,0
45,108,ZD,2,2,2,0,0,0,-1,4,4,4,4,4,1,0
45,109,ZD,2,2,2,0,0,0,0,2,2,2,2,2,1,0
45,110,ZD,2,2,2,0,0,0,0,2,2,2,2,2,1,0
45,111,ZD,2,2,2,0,0,0,-1,4,4,4,4,4,1,0
45,112,ZD,2,2,3,1,0,0,-1,4,4,4,4,4,0,0
45,113,ZD,2,2,3,1,0,0,-1,4,4,4,4,4,0,0
45,114,ZD,2,2,3,1,0,0,-1,4,4,4,4,4,0,0
45,115,ZD,2,2,3,1,0,0,-1,4,4,4,4,4,0,0
45,116,ZD,2,2,3,1,0,0,-1,4,4,4,4,4,0,0
45,117,ZD,2,2,3,1,0,0,-1,4,4,4,4,4,0,0
45,118,ZD,2,2,3,1,0,0,-1,4,4,4,4,4,0,0
45,119,ZD,2,2,3,1,0,0,-1,4,4,4,4,4,0,0
45,120,ZD,2,2,2,1,0,0,-1,4,4,4,4,4,0,0
45,121,ZD,2,2,2,1,0,0,-1,4,4,4,4,4,0,0
45,122,ZD,2,2,2,1,0,0,-1,4,4,4,4,4,0,0
45,123,ZD,2,2,2,1,0,0,-1,4,4,4,4,4,0,0
45,124,ZD,2,2,2,1,0,0,-1,4,4,4,4,4,0,0
45,125,ZD,2,2,2,1,0,0,-1,4,4,4,4,4,0,0
45,126,ZD,2,2,2,1,0,0,-1,4,4,4,4,4,0,0
45,127,ZD,2,2,2,1,0,0,-1,4,4,4,4,4,0,0
45,128,ZD,3,3,3,0,0,0,-1,4,4,2,2,2,1,0
45,129,ZD,3,3,3,0,0,0,-1,4,4,2,2,2,1,0
45,130,ZD,3,3,3,0,0,0,-1,4,4,2,2,2,1,0
45,131,ZD,3,3,3,0,0,0,-1,4,4,2,2,2,1,0
45,132,ZD,2,2,3,1,0,0,-1,3,3,3,3,3,0,0
45,133,ZD,2,2,3,1,0,0,-1,3,3,3,3,3,0,0
45,134,ZD,2,2,3,1,0,0,-1,3,3,3,3,3,0,0
45,135,ZD,2,2,3,1,0,0,-1,3,3,3,3,3,0,0
45,136,ZD,2,2,3,1,0,0,-1,3,3,3,3,3,0,0
45,137,ZD,2,2,3,1,0,0,-1,3,3,3,3,3,0,0
45,138,ZD,2,2,3,1,0,0,-1,3,3,3,3,3,0,0
45,139,ZD,2,2,3,1,0,0,-1,3,3,3,3,3,0,0
45,140,ZD,2,2,2,0,0,0,-1,4,4,4,4,4,1,0
45,141,ZD,2,2,2,0,0,0,-1,4,4,4,4,4,1,0
45,142,ZD,2,2,2,0,0,0,-1,4,4,4,4,4,1,0
45,143,ZD,2,2,2,0,0,0,-1,4,4,4,4,4,1,0
45,144,ZD,2,2,2,1,0,0,-1,4,4,4,4,4,0,0
45,145,ZD,2,2,2,1,0,0,-1,4,4,4,4,4,0,0
45,146,ZD,2,2,2,1,0,0,-1,4,4,4,4,4,0,0
45,147,ZD,2,2,2,1,0,0,-1,4,4,4,4,4,0,0
45,148,ZD,2,2,3,1,0,0,-1,3,3,3,3,3,0,0
45,149,ZD,2,2,3,1,0,0,-1,3,3,3,3,3,0,0
45,150,ZD,2,2,3,1,0,0,-1,3,3,3,3,3,0,0
45,151,ZD,2,2,3,1,0,0,-1,3,3,3,3,3,0,0
45,152,ZD,2,2,3,1,0,0,-1,3,3,3,3,3,0,0
45,153,ZD,2,2,3,1,0,0,-1,3,3,3,3,3,0,0
45,154,ZD,2,2,3,1,0,0,-1,3,3,3,3,3,0,0
45,155,ZD,2,2,3,1,0,0,-1,3,3,3,3,3,0,0
45,156,ZD,2,2,2,1,0,0,-1,4,4,3,3,3,0,0
45,157,ZD,2,2,2,1,0,0,0,2,2,1,1,1,0,0
45,158,ZD,2,2,2,1,0,0,-1,4,4,3,3,3,0,0
45,159,ZD,2,2,2,1,0,0,0,2,2,1,1,1,0,0
45,160,ZD,2,2,2,1,0,0,0,2,2,1,1,1,0,0
45,161,ZD,2,2,2,1,0,0,-1,4,4,3,3,3,0,0
45,162,ZD,2,2,2,1,0,0,0,2,2,1,1,1,0,0
45,163,ZD,2,2,2,1,0,0,-1,4,4,3,3,3,0,0
45,164,ZD,2,2,2,0,0,0,0,2,2,2,2,2,1,0
45,165,ZD,2,2,2,0,0,0,0,2,2,2,2,2,1,0
45,166,ZD,2,2,2,0,0,0,0,2,2,2,2,2,1,0
45,167,ZD,2,2,2,0,0,0,0,2,2,2,2,2,1,0
45,168,ZD,2,2,3,1,0,0,-1,4,4,4,4,4,0,0
45,169,ZD,2,2,3,1,0,0,-1,4,4,4,4,4,0,0
45,170,ZD,2,2,3,1,0,0,-1,4,4,4,4,4,0,0
45,171,ZD,2,2,3,1,0,0,-1,4,4,4,4,4,0,0
45,172,ZD,2,2,3,1,0,0,-1,4,4,4,4,4,0,0
45,173,ZD,2,2,3,1,0,0,-1,4,4,4,4,4,0,0
45,174,ZD,2,2,3,1,0,0,-1,4,4,4,4,4,0,0
45,175,ZD,2,2,3,1,0,0,-1,4,4,4,4,4,0,0
45,176,ZD,2,2,2,0,0,0,0,4,4,4,4,4,1,0
45,177,INC,1,-1,-1,0,0,-1,-1,-1,-1,-1,-1,-1,0,1
45,178,INC,1,-1,-1,0,0,-1,-1,-1,-1,-1,-1,-1,0,1
45,179,ZD,2,2,2,0,0,0,0,4,4,4,4,4,1,0
45,180,ZD,3,3,3,0,0,0,-1,4,4,4,4,4,1,0
45,181,ZD,3,3,3,0,0,0,-1,4,4,4,4,4,1,0
45,182,ZD,3,3,3,0,0,0,-1,4,4,4,4,4,1,0
45,183,ZD,3,3,3,0,0,0,-1,4,4,4,4,4,1,0
45,184,ZD,2,3,3,1,0,0,-1,3,3,3,3,3,0,0
45,185,ZD,2,3,3,1,0,0,-1,3,3,3,3,3,0,0
45,186,ZD,2,3,3,1,0,0,-1,3,3,3,3,3,0,0
45,187,ZD,2,3,3,1,0,0,-1,3,3,3,3,3,0,0
45,188,ZD,2,3,3,1,0,0,-1,3,3,3,3,3,0,0
45,189,ZD,2,3,3,1,0,0,-1,3,3,3,3,3,0,0
45,190,ZD,2,3,3,1,0,0,-1,3,3,3,3,3,0,0
45,191,ZD,2,3,3,1,0,0,-1,3,3,3,3,3,0,0
45,192,ZD,2,2,2,1,0,0,-1,4,4,3,3,3,0,0
45,193,ZD,2,2,2,1,0,0,-1,4,4,3,3,3,0,0
45,194,ZD,2,2,2,1,0,0,-1,4,4,3,3,3,0,0
45,195,ZD,2,2,2,1,0,0,-1,4,4,3,3,3,0,0
45,196,ZD,2,2,2,1,0,0,0,2,2,2,2,2,0,0
45,197,ZD,2,2,2,1,0,0,0,2,2,2,2,2,0,0
45,198,ZD,2,2,2,1,0,0,0,2,2,2,2,2,0,0
45,199,ZD,2,2,2,1,0,0,0,2,2,2,2,2,0,0
46,47,ZD,2,2,2,0,0,0,0,4,4,4,2,4,1,0
46,48,ZD,2,2,2,0,0,0,0,4,4,4,2,4,1,0
46,49,POS,1,1,1,0,0,-1,-1,-1,-1,-1,-1,-1,0,1
46,50,INC,1,-1,-1,0,0,-1,-1,-1,-1,-1,-1,-1,0,1
46,51,ZD,2,2,2,0,0,0,0,4,4,2,2,2,1,0
46,52,ZD,2,2,3,1,0,0,-1,4,4,4,4,4,0,0
46,53,ZD,2,2,3,1,0,0,-1,4,4,4,4,4,0,0
46,54,ZD,2,2,3,1,0,0,-1,4,4,4,4,4,0,0
46,55,ZD,2,2,3,1,0,0,-1,4,4,4,4,4,0,0
46,56,ZD,2,2,3,1,0,0,-1,4,4,4,4,4,0,0
46,57,ZD,2,2,3,1,0,0,-1,4,4,4,4,4,0,0
46,58,ZD,2,2,3,1,0,0,-1,4,4,4,4,4,0,0
46,59,ZD,2,2,3,1,0,0,-1,4,4,4,4,4,0,0
46,60,ZD,2,2,2,1,0,0,-1,4,4,4,4,4,0,0
46,61,ZD,2,2,2,1,0,0,-1,4,4,4,4,4,0,0
46,62,ZD,2,2,2,1,0,0,-1,4,4,4,4,4,0,0
46,63,ZD,2,2,2,1,0,0,-1,4,4,4,4,4,0,0
46,64,ZD,2,2,2,1,0,0,-1,4,4,4,4,4,0,0
46,65,ZD,2,2,2,1,0,0,-1,4,4,4,4,4,0,0
46,66,ZD,2,2,2,1,0,0,-1,4,4,4,4,4,0,0
46,67,ZD,2,2,2,1,0,0,-1,4,4,4,4,4,0,0
46,68,ZD,2,2,3,1,0,0,-1,4,4,4,4,4,0,0
46,69,ZD,2,2,3,1,0,0,-1,4,4,4,4,4,0,0
46,70,ZD,2,2,3,1,0,0,-1,4,4,4,4,4,0,0
46,71,ZD,2,2,3,1,0,0,-1,4,4,4,4,4,0,0
46,72,ZD,2,2,2,0,0,0,0,2,2,2,2,2,1,0
46,73,ZD,2,2,2,1,0,0,-1,2,2,2,2,2,0,0
46,74,ZD,2,2,2,0,0,0,0,2,2,2,2,2,1,0
46,75,ZD,2,2,2,1,0,0,-1,2,2,2,2,2,0,0
46,76,ZD,2,2,2,1,0,0,-1,2,2,2,2,2,0,0
46,77,ZD,2,2,2,0,0,0,0,2,2,2,2,2,1,0
46,78,ZD,2,2,2,1,0,0,-1,2,2,2,2,2,0,0
46,79,ZD,2,2,2,0,0,0,0,2,2,2,2,2,1,0
46,80,ZD,2,2,2,0,0,0,0,4,4,2,2,2,1,0
46,81,ZD,2,2,2,0,0,0,0,4,4,4,4,4,1,0
46,82,ZD,2,2,2,0,0,0,0,4,4,4,4,4,1,0
46,83,ZD,2,2,2,0,0,0,0,4,4,2,2,2,1,0
46,84,ZD,2,2,2,0,0,0,-1,4,4,4,3,4,1,0
46,85,ZD,2,2,2,0,0,0,-1,4,4,4,3,4,1,0
46,86,ZD,2,2,2,0,0,0,-1,4,4,4,3,4,1,0
46,87,ZD,2,2,2,0,0,0,-1,4,4,4,3,4,1,0
46,88,ZD,2,2,2,1,0,0,-1,4,4,4,4,4,0,0
46,89,ZD,2,2,2,1,0,0,-1,4,4,4,4,4,0,0
46,90,ZD,2,2,2,1,0,0,-1,4,4,4,4,4,0,0
46,91,ZD,2,2,2,1,0,0,-1,4,4,4,4,4,0,0
46,92,ZD,2,2,2,1,0,0,-1,4,4,4,4,4,0,0
46,93,ZD,2,2,2,1,0,0,-1,4,4,4,4,4,0,0
46,94,ZD,2,2,2,1,0,0,-1,4,4,4,4,4,0,0
46,95,ZD,2,2,2,1,0,0,-1,4,4,4,4,4,0,0
46,96,ZD,3,2,3,0,0,0,-1,3,3,3,3,3,1,0
46,97,ZD,3,2,3,0,0,0,-1,3,3,3,3,3,1,0
46,98,ZD,3,2,3,0,0,0,-1,3,3,3,3,3,1,0
46,99,ZD,3,2,3,0,0,0,-1,3,3,3,3,3,1,0
46,100,ZD,3,2,3,0,0,0,-1,3,3,3,3,3,1,0
46,101,ZD,3,2,3,0,0,0,-1,3,3,3,3,3,1,0
46,102,ZD,3,2,3,0,0,0,-1,3,3,3,3,3,1,0
46,103,ZD,3,2,3,0,0,0,-1,3,3,3,3,3,1,0
46,104,ZD,2,2,2,0,0,0,-1,4,4,4,3,4,1,0
46,105,ZD,2,2,2,0,0,0,0,2,2,2,1,2,1,0
46,106,ZD,2,2,2,0,0,0,0,2,2,2,1,2,1,0
46,107,ZD,2,2,2,0,0,0,-1,4,4,4,3,4,1,0
46,108,ZD,2,2,2,0,0,0,-1,4,4,4,3,4,1,0
46,109,ZD,2,2,2,0,0,0,0,2,2,2,1,2,1,0
46,110,ZD,2,2,2,0,0,0,0,2,2,2,1,2,1,0
46,111,ZD,2,2,2,0,0,0,-1,4,4,4,3,4,1,0
46,112,ZD,2,2,3,1,0,0,-1,4,4,4,4,4,0,0
46,113,ZD,2,2,3,1,0,0,-1,4,4,4,4,4,0,0
46,114,ZD,2,2,3,1,0,0,-1,4,4,4,4,4,0,0
46,115,ZD,2,2,3,1,0,0,-1,4,4,4,4,4,0,0
46,116,ZD,2,2,3,1,0,0,-1,4,4,4,4,4,0,0
46,117,ZD,2,2,3,1,0,0,-1,4,4,4,4,4,0,0
46,118,ZD,2,2,3,1,0,0,-1,4,4,4,4,4,0,0
46,119,ZD,2,2,3,1,0,0,-1,4,4,4,4,4,0,0
46,120,ZD,2,2,2,1,0,0,-1,4,4,4,4,4,0,0
46,121,ZD,2,2,2,1,0,0,-1,4,4,4,4,4,0,0
46,122,ZD,2,2,2,1,0,0,-1,4,4,4,4,4,0,0
46,123,ZD,2,2,2,1,0,0,-1,4,4,4,4,4,0,0
46,124,ZD,2,2,2,1,0,0,-1,4,4,4,4,4,0,0
46,125,ZD,2,2,2,1,0,0,-1,4,4,4,4,4,0,0
46,126,ZD,2,2,2,1,0,0,-1,4,4,4,4,4,0,0
46,127,ZD,2,2,2,1,0,0,-1,4,4,4,4,4,0,0
46,128,ZD,3,3,3,0,0,0,-1,4,4,4,4,4,1,0
46,129,ZD,3,3,3,0,0,0,-1,4,4,4,4,4,1,0
46,130,ZD,3,3,3,0,0,0,-1,4,4,4,4,4,1,0
46,131,ZD,3,3,3,0,0,0,-1,4,4,4,4,4,1,0
46,132,ZD,2,2,3,1,0,0,-1,3,3,3,3,3,0,0
46,133,ZD,2,2,3,1,0,0,-1,3,3,3,3,3,0,0
46,134,ZD,2,2,3,1,0,0,-1,3,3,3,3,3,0,0
46,135,ZD,2,2,3,1,0,0,-1,3,3,3,3,3,0,0
46,136,ZD,2,2,3,1,0,0,-1,3,3,3,3,3,0,0
46,137,ZD,2,2,3,1,0,0,-1,3,3,3,3,3,0,0
46,138,ZD,2,2,3,1,0,0,-1,3,3,3,3,3,0,0
46,139,ZD,2,2,3,1,0,0,-1,3,3,3,3,3,0,0
46,140,ZD,2,2,2,0,0,0,-1,4,4,4,4,4,1,0
46,141,ZD,2,2,2,0,0,0,-1,4,4,4,4,4,1,0
46,142,ZD,2,2,2,0,0,0,-1,4,4,4,4,4,1,0
46,143,ZD,2,2,2,0,0,0,-1,4,4,4,4,4,1,0
46,144,ZD,2,2,2,1,0,0,-1,4,4,4,4,4,0,0
46,145,ZD,2,2,2,1,0,0,-1,4,4,4,4,4,0,0
46,146,ZD,2,2,2,1,0,0,-1,4,4,4,4,4,0,0
46,147,ZD,2,2,2,1,0,0,-1,4,4,4,4,4,0,0
46,148,ZD,2,2,3,1,0,0,-1,3,3,3,3,3,0,0
46,149,ZD,2,2,3,1,0,0,-1,3,3,3,3,3,0,0
46,150,ZD,2,2,3,1,0,0,-1,3,3,3,3,3,0,0
46,151,ZD,2,2,3,1,0,0,-1,3,3,3,3,3,0,0
46,152,ZD,2,2,3,1,0,0,-1,3,3,3,3,3,0,0
46,153,ZD,2,2,3,1,0,0,-1,3,3,3,3,3,0,0
46,154,ZD,2,2,3,1,0,0,-1,3,3,3,3,3,0,0
46,155,ZD,2,2,3,1,0,0,-1,3,3,3,3,3,0,0
46,156,ZD,2,2,2,1,0,0,-1,4,4,4,4,4,0,0
46,157,ZD,2,2,2,1,0,0,0,2,2,2,2,2,0,0
46,158,ZD,2,2,2,1,0,0,-1,4,4,4,4,4,0,0
46,159,ZD,2,2,2,1,0,0,0,2,2,2,2,2,0,0
46,160,ZD,2,2,2,1,0,0,0,2,2,2,2,2,0,0
46,161,ZD,2,2,2,1,0,0,-1,4,4,4,4,4,0,0
46,162,ZD,2,2,2,1,0,0,0,2,2,2,2,2,0,0
46,163,ZD,2,2,2,1,0,0,-1,4,4,4,4,4,0,0
46,164,ZD,2,2,2,0,0,0,0,2,2,2,2,2,1,0
46,165,ZD,2,2,2,0,0,0,0,2,2,2,2,2,1,0
46,166,ZD,2,2,2,0,0,0,0,2,2,2,2,2,1,0
46,167,ZD,2,2,2,0,0,0,0,2,2,2,2,2,1,0
46,168,ZD,2,2,3,1,0,0,-1,4,4,4,4,4,0,0
46,169,ZD,2,2,3,1,0,0,-1,4,4,4,4,4,0,0
46,170,ZD,2,2,3,1,0,0,-1,4,4,4,4,4,0,0
46,171,ZD,2,2,3,1,0,0,-1,4,4,4,4,4,0,0
46,172,ZD,2,2,3,1,0,0,-1,4,4,4,4,4,0,0
46,173,ZD,2,2,3,1,0,0,-1,4,4,4,4,4,0,0
46,174,ZD,2,2,3,1,0,0,-1,4,4,4,4,4,0,0
46,175,ZD,2,2,3,1,0,0,-1,4,4,4,4,4,0,0
46,176,ZD,2,2,2,0,0,0,0,4,4,4,4,4,1,0
46,177,INC,1,-1,-1,0,0,-1,-1,-1,-1,-1,-1,-1,0,1
46,178,INC,1,-1,-1,0,0,-1,-1,-1,-1,-1,-1,-1,0,1
46,179,ZD,2,2,2,0,0,0,0,4,4,4,4,4,1,0
46,180,ZD,3,3,3,0,0,0,-1,4,4,3,2,3,1,0
46,181,ZD,3,3,3,0,0,0,-1,4,4,3,2,3,1,0
46,182,ZD,3,3,3,0,0,0,-1,4,4,3,2,3,1,0
46,183,ZD,3,3,3,0,0,0,-1,4,4,3,2,3,1,0
46,184,ZD,3,3,3,0,0,0,0,3,3,3,2,3,1,0
46,185,ZD,3,3,3,0,0,0,0,3,3,3,2,3,1,0
46,186,ZD,3,3,3,0,0,0,0,3,3,3,2,3,1,0
46,187,ZD,3,3,3,0,0,0,0,3,3,3,2,3,1,0
46,188,ZD,3,3,3,0,0,0,0,3,3,3,2,3,1,0
46,189,ZD,3,3,3,0,0,0,0,3,3,3,2,3,1,0
46,190,ZD,3,3,3,0,0,0,0,3,3,3,2,3,1,0
46,191,ZD,3,3,3,0,0,0,0,3,3,3,2,3,1,0
46,192,ZD,2,2,2,1,0,0,-1,4,4,4,4,4,0,0
46,193,ZD,2,2,2,1,0,0,-1,4,4,4,4,4,0,0
46,194,ZD,2,2,2,1,0,0,-1,4,4,4,4,4,0,0
46,195,ZD,2,2,2,1,0,0,-1,4,4,4,4,4,0,0
46,196,ZD,2,2,2,1,0,0,0,2,2,2,2,2,0,0
46,197,ZD,2,2,2,1,0,0,0,2,2,2,2,2,0,0
46,198,ZD,2,2,2,1,0,0,0,2,2,2,2,2,0,0
46,199,ZD,2,2,2,1,0,0,0,2,2,2,2,2,0,0
47,48,POS,1,1,1,0,0,-1,-1,-1,-1,-1,-1,-1,0,1
47,49,ZD,2,2,2,0,0,0,0,4,4,4,2,4,1,0
47,50,ZD,2,2,2,0,0,0,0,4,4,2,2,2,1,0
47,51,INC,1,-1,-1,0,0,-1,-1,-1,-1,-1,-1,-1,0,1
47,52,ZD,2,2,3,1,0,0,-1,4,4,4,4,4,0,0
47,53,ZD,2,2,3,1,0,0,-1,4,4,4,4,4,0,0
47,54,ZD,2,2,3,1,0,0,-1,4,4,4,4,4,0,0
47,55,ZD,2,2,3,1,0,0,-1,4,4,4,4,4,0,0
47,56,ZD,2,2,3,1,0,0,-1,4,4,4,4,4,0,0
47,57,ZD,2,2,3,1,0,0,-1,4,4,4,4,4,0,0
47,58,ZD,2,2,3,1,0,0,-1,4,4,4,4,4,0,0
47,59,ZD,2,2,3,1,0,0,-1,4,4,4,4,4,0,0
47,60,ZD,2,2,2,1,0,0,-1,4,4,4,4,4,0,0
47,61,ZD,2,2,2,1,0,0,-1,4,4,4,4,4,0,0
47,62,ZD,2,2,2,1,0,0,-1,4,4,4,4,4,0,0
47,63,ZD,2,2,2,1,0,0,-1,4,4,4,4,4,0,0
47,64,ZD,2,2,2,1,0,0,-1,4,4,4,4,4,0,0
47,65,ZD,2,2,2,1,0,0,-1,4,4,4,4,4,0,0
47,66,ZD,2,2,2,1,0,0,-1,4,4,4,4,4,0,0
47,67,ZD,2,2,2,1,0,0,-1,4,4,4,4,4,0,0
47,68,ZD,2,2,3,1,0,0,-1,4,4,4,4,4,0,0
47,69,ZD,2,2,3,1,0,0,-1,4,4,4,4,4,0,0
47,70,ZD,2,2,3,1,0,0,-1,4,4,4,4,4,0,0
47,71,ZD,2,2,3,1,0,0,-1,4,4,4,4,4,0,0
47,72,ZD,2,2,3,1,0,0,-1,4,4,4,4,4,0,0
47,73,ZD,3,2,3,0,0,0,-1,4,4,4,4,4,1,0
47,74,ZD,2,2,3,1,0,0,-1,4,4,4,4,4,0,0
47,75,ZD,3,2,3,0,0,0,-1,4,4,4,4,4,1,0
47,76,ZD,3,2,3,0,0,0,-1,4,4,4,4,4,1,0
47,77,ZD,2,2,3,1,0,0,-1,4,4,4,4,4,0,0
47,78,ZD,3,2,3,0,0,0,-1,4,4,4,4,4,1,0
47,79,ZD,2,2,3,1,0,0,-1,4,4,4,4,4,0,0
47,80,ZD,2,2,2,0,0,0,0,4,4,4,4,4,1,0
47,81,ZD,2,2,2,0,0,0,0,4,4,2,2,2,1,0
47,82,ZD,2,2,2,0,0,0,0,4,4,2,2,2,1,0
47,83,ZD,2,2,2,0,0,0,0,4,4,4,4,4,1,0
47,84,ZD,2,2,2,0,0,0,-1,4,4,4,3,4,1,0
47,85,ZD,2,2,2,0,0,0,-1,4,4,4,3,4,1,0
47,86,ZD,2,2,2,0,0,0,-1,4,4,4,3,4,1,0
47,87,ZD,2,2,2,0,0,0,-1,4,4,4,3,4,1,0
47,88,ZD,2,2,2,1,0,0,-1,4,4,4,4,4,0,0
47,89,ZD,2,2,2,1,0,0,-1,4,4,4,4,4,0,0
47,90,ZD,2,2,2,1,0,0,-1,4,4,4,4,4,0,0
47,91,ZD,2,2,2,1,0,0,-1,4,4,4,4,4,0,0
47,92,ZD,2,2,2,1,0,0,-1,4,4,4,4,4,0,0
47,93,ZD,2,2,2,1,0,0,-1,4,4,4,4,4,0,0
47,94,ZD,2,2,2,1,0,0,-1,4,4,4,4,4,0,0
47,95,ZD,2,2,2,1,0,0,-1,4,4,4,4,4,0,0
47,96,ZD,3,3,3,0,0,0,-1,4,4,3,3,3,1,0
47,97,ZD,3,3,3,0,0,0,-1,4,4,3,3,3,1,0
47,98,ZD,3,3,3,0,0,0,-1,4,4,3,3,3,1,0
47,99,ZD,3,3,3,0,0,0,-1,4,4,3,3,3,1,0
47,100,ZD,3,3,3,0,0,0,-1,4,4,3,3,3,1,0
47,101,ZD,3,3,3,0,0,0,-1,4,4,3,3,3,1,0
47,102,ZD,3,3,3,0,0,0,-1,4,4,3,3,3,1,0
47,103,ZD,3,3,3,0,0,0,-1,4,4,3,3,3,1,0
47,104,ZD,2,2,2,0,0,0,0,2,2,2,1,2,1,0
47,105,ZD,2,2,2,0,0,0,-1,4,4,4,3,4,1,0
47,106,ZD,2,2,2,0,0,0,-1,4,4,4,3,4,1,0
47,107,ZD,2,2,2,0,0,0,0,2,2,2,1,2,1,0
47,108,ZD,2,2,2,0,0,0,0,2,2,2,1,2,1,0
47,109,ZD,2,2,2,0,0,0,-1,4,4,4,3,4,1,0
47,110,ZD,2,2,2,0,0,0,-1,4,4,4,3,4,1,0
47,111,ZD,2,2,2,0,0,0,0,2,2,2,1,2,1,0
47,112,ZD,2,2,3,1,0,0,-1,4,4,4,4,4,0,0
47,113,ZD,2,2,3,1,0,0,-1,4,4,4,4,4,0,0
47,114,ZD,2,2,3,1,0,0,-1,4,4,4,4,4,0,0
47,115,ZD,2,2,3,1,0,0,-1,4,4,4,4,4,0,0
47,116,ZD,2,2,3,1,0,0,-1,4,4,4,4,4,0,0
47,117,ZD,2,2,3,1,0,0,-1,4,4,4,4,4,0,0
47,118,ZD,2,2,3,1,0,0,-1,4,4,4,4,4,0,0
47,119,ZD,2,2,3,1,0,0,-1,4,4,4,4,4,0,0
47,120,ZD,2,2,2,1,0,0,-1,4,4,4,4,4,0,0
47,121,ZD,2,2,2,1,0,0,-1,4,4,4,4,4,0,0
47,122,ZD,2,2,2,1,0,0,-1,4,4,4,4,4,0,0
47,123,ZD,2,2,2,1,0,0,-1,4,4,4,4,4,0,0
47,124,ZD,2,2,2,1,0,0,-1,4,4,4,4,4,0,0
47,125,ZD,2,2,2,1,0,0,-1,4,4,4,4,4,0,0
47,126,ZD,2,2,2,1,0,0,-1,4,4,4,4,4,0,0
47,127,ZD,2,2,2,1,0,0,-1,4,4,4,4,4,0,0
47,128,ZD,3,3,3,0,0,0,-1,4,4,2,2,2,1,0
47,129,ZD,3,3,3,0,0,0,-1,4,4,2,2,2,1,0
47,130,ZD,3,3,3,0,0,0,-1,4,4,2,2,2,1,0
47,131,ZD,3,3,3,0,0,0,-1,4,4,2,2,2,1,0
47,132,ZD,2,2,3,1,0,0,-1,4,4,4,4,4,0,0
47,133,ZD,2,2,3,1,0,0,-1,4,4,4,4,4,0,0
47,134,ZD,2,2,3,1,0,0,-1,4,4,4,4,4,0,0
47,135,ZD,2,2,3,1,0,0,-1,4,4,4,4,4,0,0
47,136,ZD,2,2,3,1,0,0,-1,4,4,4,4,4,0,0
47,137,ZD,2,2,3,1,0,0,-1,4,4,4,4,4,0,0
47,138,ZD,2,2,3,1,0,0,-1,4,4,4,4,4,0,0
47,139,ZD,2,2,3,1,0,0,-1,4,4,4,4,4,0,0
47,140,ZD,2,2,2,0,0,0,-1,4,4,4,4,4,1,0
47,141,ZD,2,2,2,0,0,0,-1,4,4,4,4,4,1,0
47,142,ZD,2,2,2,0,0,0,-1,4,4,4,4,4,1,0
47,143,ZD,2,2,2,0,0,0,-1,4,4,4,4,4,1,0
47,144,ZD,2,2,2,1,0,0,-1,4,4,4,4,4,0,0
47,145,ZD,2,2,2,1,0,0,-1,4,4,4,4,4,0,0
47,146,ZD,2,2,2,1,0,0,-1,4,4,4,4,4,0,0
47,147,ZD,2,2,2,1,0,0,-1,4,4,4,4,4,0,0
47,148,ZD,2,2,3,1,0,0,-1,4,4,4,4,4,0,0
47,149,ZD,2,2,3,1,0,0,-1,4,4,4,4,4,0,0
47,150,ZD,2,2,3,1,0,0,-1,4,4,4,4,4,0,0
47,151,ZD,2,2,3,1,0,0,-1,4,4,4,4,4,0,0
47,152,ZD,2,2,3,1,0,0,-1,4,4,4,4,4,0,0
47,153,ZD,2,2,3,1,0,0,-1,4,4,4,4,4,0,0
47,154,ZD,2,2,3,1,0,0,-1,4,4,4,4,4,0,0
47,155,ZD,2,2,3,1,0,0,-1,4,4,4,4,4,0,0
47,156,ZD,2,2,2,1,0,0,0,2,2,1,1,1,0,0
47,157,ZD,2,2,2,1,0,0,-1,4,4,3,3,3,0,0
47,158,ZD,2,2,2,1,0,0,0,2,2,1,1,1,0,0
47,159,ZD,2,2,2,1,0,0,-1,4,4,3,3,3,0,0
47,160,ZD,2,2,2,1,0,0,-1,4,4,3,3,3,0,0
47,161,ZD,2,2,2,1,0,0,0,2,2,1,1,1,0,0
47,162,ZD,2,2,2,1,0,0,-1,4,4,3,3,3,0,0
47,163,ZD,2,2,2,1,0,0,0,2,2,1,1,1,0,0
47,164,ZD,3,2,3,0,0,0,-1,4,4,4,4,4,1,0
47,165,ZD,3,2,3,0,0,0,-1,4,4,4,4,4,1,0
47,166,ZD,3,2,3,0,0,0,-1,4,4,4,4,4,1,0
47,167,ZD,3,2,3,0,0,0,-1,4,4,4,4,4,1,0
47,168,ZD,2,2,3,1,0,0,-1,4,4,4,4,4,0,0
47,169,ZD,2,2,3,1,0,0,-1,4,4,4,4,4,0,0
47,170,ZD,2,2,3,1,0,0,-1,4,4,4,4,4,0,0
47,171,ZD,2,2,3,1,0,0,-1,4,4,4,4,4,0,0
47,172,ZD,2,2,3,1,0,0,-1,4,4,4,4,4,0,0
47,173,ZD,2,2,3,1,0,0,-1,4,4,4,4,4,0,0
47,174,ZD,2,2,3,1,0,0,-1,4,4,4,4,4,0,0
47,175,ZD,2,2,3,1,0,0,-1,4,4,4,4,4,0,0
47,176,INC,1,-1,-1,0,0,-1,-1,-1,-1,-1,-1,-1,0,1
47,177,ZD,2,2,2,0,0,0,0,4,4,4,4,4,1,0
47,178,ZD,2,2,2,0,0,0,0,4,4,4,4,4,1,0
47,179,INC,1,-1,-1,0,0,-1,-1,-1,-1,-1,-1,-1,0,1
47,180,ZD,3,3,3,0,0,0,-1,4,4,3,2,3,1,0
47,181,ZD,3,3,3,0,0,0,-1,4,4,3,2,3,1,0
47,182,ZD,3,3,3,0,0,0,-1,4,4,3,2,3,1,0
47,183,ZD,3,3,3,0,0,0,-1,4,4,3,2,3,1,0
47,184,ZD,3,3,3,0,0,0,-1,4,4,4,3,4,1,0
47,185,ZD,3,3,3,0,0,0,-1,4,4,4,3,4,1,0
47,186,ZD,3,3,3,0,0,0,-1,4,4,4,3,4,1,0
47,187,ZD,3,3,3,0,0,0,-1,4,4,4,3,4,1,0
47,188,ZD,3,3,3,0,0,0,-1,4,4,4,3,4,1,0
47,189,ZD,3,3,3,0,0,0,-1,4,4,4,3,4,1,0
47,190,ZD,3,3,3,0,0,0,-1,4,4,4,3,4,1,0
47,191,ZD,3,3,3,0,0,0,-1,4,4,4,3,4,1,0
47,192,ZD,2,2,2,1,0,0,-1,4,4,3,3,3,0,0
47,193,ZD,2,2,2,1,0,0,-1,4,4,3,3,3,0,0
47,194,ZD,2,2,2,1,0,0,-1,4,4,3,3,3,0,0
47,195,ZD,2,2,2,1,0,0,-1,4,4,3,3,3,0,0
47,196,ZD,2,3,3,1,0,0,-1,4,4,4,4,4,0,0
47,197,ZD,2,3,3,1,0,0,-1,4,4,4,4,4,0,0
47,198,ZD,2,3,3,1,0,0,-1,4,4,4,4,4,0,0
47,199,ZD,2,3,3,1,0,0,-1,4,4,4,4,4,0,0
48,49,ZD,2,2,2,0,0,0,0,4,4,4,2,4,1,0
48,50,ZD,2,2,2,0,0,0,0,4,4,2,2,2,1,0
48,51,INC,1,-1,-1,0,0,-1,-1,-1,-1,-1,-1,-1,0,1
48,52,ZD,2,2,3,1,0,0,-1,4,4,4,4,4,0,0
48,53,ZD,2,2,3,1,0,0,-1,4,4,4,4,4,0,0
48,54,ZD,2,2,3,1,0,0,-1,4,4,4,4,4,0,0
48,55,ZD,2,2,3,1,0,0,-1,4,4,4,4,4,0,0
48,56,ZD,2,2,3,1,0,0,-1,4,4,4,4,4,0,0
48,57,ZD,2,2,3,1,0,0,-1,4,4,4,4,4,0,0
48,58,ZD,2,2,3,1,0,0,-1,4,4,4,4,4,0,0
48,59,ZD,2,2,3,1,0,0,-1,4,4,4,4,4,0,0
48,60,ZD,2,2,2,1,0,0,-1,4,4,4,4,4,0,0
48,61,ZD,2,2,2,1,0,0,-1,4,4,4,4,4,0,0
48,62,ZD,2,2,2,1,0,0,-1,4,4,4,4,4,0,0
48,63,ZD,2,2,2,1,0,0,-1,4,4,4,4,4,0,0
48,64,ZD,2,2,2,1,0,0,-1,4,4,4,4,4,0,0
48,65,ZD,2,2,2,1,0,0,-1,4,4,4,4,4,0,0
48,66,ZD,2,2,2,1,0,0,-1,4,4,4,4,4,0,0
48,67,ZD,2,2,2,1,0,0,-1,4,4,4,4,4,0,0
48,68,ZD,2,2,3,1,0,0,-1,4,4,4,4,4,0,0
48,69,ZD,2,2,3,1,0,0,-1,4,4,4,4,4,0,0
48,70,ZD,2,2,3,1,0,0,-1,4,4,4,4,4,0,0
48,71,ZD,2,2,3,1,0,0,-1,4,4,4,4,4,0,0
48,72,ZD,2,2,3,1,0,0,-1,4,4,4,4,4,0,0
48,73,ZD,3,2,3,0,0,0,-1,4,4,4,4,4,1,0
48,74,ZD,2,2,3,1,0,0,-1,4,4,4,4,4,0,0
48,75,ZD,3,2,3,0,0,0,-1,4,4,4,4,4,1,0
48,76,ZD,3,2,3,0,0,0,-1,4,4,4,4,4,1,0
48,77,ZD,2,2,3,1,0,0,-1,4,4,4,4,4,0,0
48,78,ZD,3,2,3,0,0,0,-1,4,4,4,4,4,1,0
48,79,ZD,2,2,3,1,0,0,-1,4,4,4,4,4,0,0
48,80,ZD,2,2,2,0,0,0,0,4,4,4,4,4,1,0
48,81,ZD,2,2,2,0,0,0,0,4,4,2,2,2,1,0
48,82,ZD,2,2,2,0,0,0,0,4,4,2,2,2,1,0
48,83,ZD,2,2,2,0,0,0,0,4,4,4,4,4,1,0
48,84,ZD,2,2,2,0,0,0,-1,4,4,4,3,4,1,0
48,85,ZD,2,2,2,0,0,0,-1,4,4,4,3,4,1,0
48,86,ZD,2,2,2,0,0,0,-1,4,4,4,3,4,1,0
48,87,ZD,2,2,2,0,0,0,-1,4,4,4,3,4,1,0
48,88,ZD,2,2,2,1,0,0,-1,4,4,4,4,4,0,0
48,89,ZD,2,2,2,1,0,0,-1,4,4,4,4,4,0,0
48,90,ZD,2,2,2,1,0,0,-1,4,4,4,4,4,0,0
48,91,ZD,2,2,2,1,0,0,-1,4,4,4,4,4,0,0
48,92,ZD,2,2,2,1,0,0,-1,4,4,4,4,4,0,0
48,93,ZD,2,2,2,1,0,0,-1,4,4,4,4,4,0,0
48,94,ZD,2,2,2,1,0,0,-1,4,4,4,4,4,0,0
48,95,ZD,2,2,2,1,0,0,-1,4,4,4,4,4,0,0
48,96,ZD,3,3,3,0,0,0,-1,4,4,3,3,3,1,0
48,97,ZD,3,3,3,0,0,0,-1,4,4,3,3,3,1,0
48,98,ZD,3,3,3,0,0,0,-1,4,4,3,3,3,1,0
48,99,ZD,3,3,3,0,0,0,-1,4,4,3,3,3,1,0
48,100,ZD,3,3,3,0,0,0,-1,4,4,3,3,3,1,0
48,101,ZD,3,3,3,0,0,0,-1,4,4,3,3,3,1,0
48,102,ZD,3,3,3,0,0,0,-1,4,4,3,3,3,1,0
48,103,ZD,3,3,3,0,0,0,-1,4,4,3,3,3,1,0
48,104,ZD,2,2,2,0,0,0,0,2,2,2,1,2,1,0
48,105,ZD,2,2,2,0,0,0,-1,4,4,4,3,4,1,0
48,106,ZD,2,2,2,0,0,0,-1,4,4,4,3,4,1,0
48,107,ZD,2,2,2,0,0,0,0,2,2,2,1,2,1,0
48,108,ZD,2,2,2,0,0,0,0,2,2,2,1,2,1,0
48,109,ZD,2,2,2,0,0,0,-1,4,4,4,3,4,1,0
48,110,ZD,2,2,2,0,0,0,-1,4,4,4,3,4,1,0
48,111,ZD,2,2,2,0,0,0,0,2,2,2,1,2,1,0
48,112,ZD,2,2,3,1,0,0,-1,4,4,4,4,4,0,0
48,113,ZD,2,2,3,1,0,0,-1,4,4,4,4,4,0,0
48,114,ZD,2,2,3,1,0,0,-1,4,4,4,4,4,0,0
48,115,ZD,2,2,3,1,0,0,-1,4,4,4,4,4,0,0
48,116,ZD,2,2,3,1,0,0,-1,4,4,4,4,4,0,0
48,117,ZD,2,2,3,1,0,0,-1,4,4,4,4,4,0,0
48,118,ZD,2,2,3,1,0,0,-1,4,4,4,4,4,0,0
48,119,ZD,2,2,3,1,0,0,-1,4,4,4,4,4,0,0
48,120,ZD,2,2,2,1,0,0,-1,4,4,4,4,4,0,0
48,121,ZD,2,2,2,1,0,0,-1,4,4,4,4,4,0,0
48,122,ZD,2,2,2,1,0,0,-1,4,4,4,4,4,0,0
48,123,ZD,2,2,2,1,0,0,-1,4,4,4,4,4,0,0
48,124,ZD,2,2,2,1,0,0,-1,4,4,4,4,4,0,0
48,125,ZD,2,2,2,1,0,0,-1,4,4,4,4,4,0,0
48,126,ZD,2,2,2,1,0,0,-1,4,4,4,4,4,0,0
48,127,ZD,2,2,2,1,0,0,-1,4,4,4,4,4,0,0
48,128,ZD,3,3,3,0,0,0,-1,4,4,2,2,2,1,0
48,129,ZD,3,3,3,0,0,0,-1,4,4,2,2,2,1,0
48,130,ZD,3,3,3,0,0,0,-1,4,4,2,2,2,1,0
48,131,ZD,3,3,3,0,0,0,-1,4,4,2,2,2,1,0
48,132,ZD,2,2,3,1,0,0,-1,4,4,4,4,4,0,0
48,133,ZD,2,2,3,1,0,0,-1,4,4,4,4,4,0,0
48,134,ZD,2,2,3,1,0,0,-1,4,4,4,4,4,0,0
48,135,ZD,2,2,3,1,0,0,-1,4,4,4,4,4,0,0
48,136,ZD,2,2,3,1,0,0,-1,4,4,4,4,4,0,0
48,137,ZD,2,2,3,1,0,0,-1,4,4,4,4,4,0,0
48,138,ZD,2,2,3,1,0,0,-1,4,4,4,4,4,0,0
48,139,ZD,2,2,3,1,0,0,-1,4,4,4,4,4,0,0
48,140,ZD,2,2,2,0,0,0,-1,4,4,4,4,4,1,0
48,141,ZD,2,2,2,0,0,0,-1,4,4,4,4,4,1,0
48,142,ZD,2,2,2,0,0,0,-1,4,4,4,4,4,1,0
48,143,ZD,2,2,2,0,0,0,-1,4,4,4,4,4,1,0
48,144,ZD,2,2,2,1,0,0,-1,4,4,4,4,4,0,0
48,145,ZD,2,2,2,1,0,0,-1,4,4,4,4,4,0,0
48,146,ZD,2,2,2,1,0,0,-1,4,4,4,4,4,0,0
48,147,ZD,2,2,2,1,0,0,-1,4,4,4,4,4,0,0
48,148,ZD,2,2,3,1,0,0,-1,4,4,4,4,4,0,0
48,149,ZD,2,2,3,1,0,0,-1,4,4,4,4,4,0,0
48,150,ZD,2,2,3,1,0,0,-1,4,4,4,4,4,0,0
48,151,ZD,2,2,3,1,0,0,-1,4,4,4,4,4,0,0
48,152,ZD,2,2,3,1,0,0,-1,4,4,4,4,4,0,0
48,153,ZD,2,2,3,1,0,0,-1,4,4,4,4,4,0,0
48,154,ZD,2,2,3,1,0,0,-1,4,4,4,4,4,0,0
48,155,ZD,2,2,3,1,0,0,-1,4,4,4,4,4,0,0
48,156,ZD,2,2,2,1,0,0,0,2,2,1,1,1,0,0
48,157,ZD,2,2,2,1,0,0,-1,4,4,3,3,3,0,0
48,158,ZD,2,2,2,1,0,0,0,2,2,1,1,1,0,0
48,159,ZD,2,2,2,1,0,0,-1,4,4,3,3,3,0,0
48,160,ZD,2,2,2,1,0,0,-1,4,4,3,3,3,0,0
48,161,ZD,2,2,2,1,0,0,0,2,2,1,1,1,0,0
48,162,ZD,2,2,2,1,0,0,-1,4,4,3,3,3,0,0
48,163,ZD,2,2,2,1,0,0,0,2,2,1,1,1,0,0
48,164,ZD,3,2,3,0,0,0,-1,4,4,4,4,4,1,0
48,165,ZD,3,2,3,0,0,0,-1,4,4,4,4,4,1,0
48,166,ZD,3,2,3,0,0,0,-1,4,4,4,4,4,1,0
48,167,ZD,3,2,3,0,0,0,-1,4,4,4,4,4,1,0
48,168,ZD,2,2,3,1,0,0,-1,4,4,4,4,4,0,0
48,169,ZD,2,2,3,1,0,0,-1,4,4,4,4,4,0,0
48,170,ZD,2,2,3,1,0,0,-1,4,4,4,4,4,0,0
48,171,ZD,2,2,3,1,0,0,-1,4,4,4,4,4,0,0
48,172,ZD,2,2,3,1,0,0,-1,4,4,4,4,4,0,0
48,173,ZD,2,2,3,1,0,0,-1,4,4,4,4,4,0,0
48,174,ZD,2,2,3,1,0,0,-1,4,4,4,4,4,0,0
48,175,ZD,2,2,3,1,0,0,-1,4,4,4,4,4,0,0
48,176,INC,1,-1,-1,0,0,-1,-1,-1,-1,-1,-1,-1,0,1
48,177,ZD,2,2,2,0,0,0,0,4,4,4,4,4,1,0
48,178,ZD,2,2,2,0,0,0,0,4,4,4,4,4,1,0
48,179,INC,1,-1,-1,0,0,-1,-1,-1,-1,-1,-1,-1,0,1
48,180,ZD,3,3,3,0,0,0,-1,4,4,3,2,3,1,0
48,181,ZD,3,3,3,0,0,0,-1,4,4,3,2,3,1,0
48,182,ZD,3,3,3,0,0,0,-1,4,4,3,2,3,1,0
48,183,ZD,3,3,3,0,0,0,-1,4,4,3,2,3,1,0
48,184,ZD,3,3,3,0,0,0,-1,4,4,4,3,4,1,0
48,185,ZD,3,3,3,0,0,0,-1,4,4,4,3,4,1,0
48,186,ZD,3,3,3,0,0,0,-1,4,4,4,3,4,1,0
48,187,ZD,3,3,3,0,0,0,-1,4,4,4,3,4,1,0
48,188,ZD,3,3,3,0,0,0,-1,4,4,4,3,4,1,0
48,189,ZD,3,3,3,0,0,0,-1,4,4,4,3,4,1,0
48,190,ZD,3,3,3,0,0,0,-1,4,4,4,3,4,1,0
48,191,ZD,3,3,3,0,0,0,-1,4,4,4,3,4,1,0
48,192,ZD,2,2,2,1,0,0,-1,4,4,3,3,3,0,0
48,193,ZD,2,2,2,1,0,0,-1,4,4,3,3,3,0,0
48,194,ZD,2,2,2,1,0,0,-1,4,4,3,3,3,0,0
48,195,ZD,2,2,2,1,0,0,-1,4,4,3,3,3,0,0
48,196,ZD,2,3,3,1,0,0,-1,4,4,4,4,4,0,0
48,197,ZD,2,3,3,1,0,0,-1,4,4,4,4,4,0,0
48,198,ZD,2,3,3,1,0,0,-1,4,4,4,4,4,0,0
48,199,ZD,2,3,3,1,0,0,-1,4,4,4,4,4,0,0
49,50,INC,1,-1,-1,0,0,-1,-1,-1,-1,-1,-1,-1,0,1
49,51,ZD,2,2,2,0,0,0,0,4,4,2,2,2,1,0
49,52,ZD,2,2,3,1,0,0,-1,4,4,4,4,4,0,0
49,53,ZD,2,2,3,1,0,0,-1,4,4,4,4,4,0,0
49,54,ZD,2,2,3,1,0,0,-1,4,4,4,4,4,0,0
49,55,ZD,2,2,3,1,0,0,-1,4,4,4,4,4,0,0
49,56,ZD,2,2,3,1,0,0,-1,4,4,4,4,4,0,0
49,57,ZD,2,2,3,1,0,0,-1,4,4,4,4,4,0,0
49,58,ZD,2,2,3,1,0,0,-1,4,4,4,4,4,0,0
49,59,ZD,2,2,3,1,0,0,-1,4,4,4,4,4,0,0
49,60,ZD,2,2,2,1,0,0,-1,4,4,4,4,4,0,0
49,61,ZD,2,2,2,1,0,0,-1,4,4,4,4,4,0,0
49,62,ZD,2,2,2,1,0,0,-1,4,4,4,4,4,0,0
49,63,ZD,2,2,2,1,0,0,-1,4,4,4,4,4,0,0
49,64,ZD,2,2,2,1,0,0,-1,4,4,4,4,4,0,0
49,65,ZD,2,2,2,1,0,0,-1,4,4,4,4,4,0,0
49,66,ZD,2,2,2,1,0,0,-1,4,4,4,4,4,0,0
49,67,ZD,2,2,2,1,0,0,-1,4,4,4,4,4,0,0
49,68,ZD,2,2,3,1,0,0,-1,4,4,4,4,4,0,0
49,69,ZD,2,2,3,1,0,0,-1,4,4,4,4,4,0,0
49,70,ZD,2,2,3,1,0,0,-1,4,4,4,4,4,0,0
49,71,ZD,2,2,3,1,0,0,-1,4,4,4,4,4,0,0
49,72,ZD,2,2,2,0,0,0,0,2,2,2,2,2,1,0
49,73,ZD,2,2,2,1,0,0,-1,2,2,2,2,2,0,0
49,74,ZD,2,2,2,0,0,0,0,2,2,2,2,2,1,0
49,75,ZD,2,2,2,1,0,0,-1,2,2,2,2,2,0,0
49,76,ZD,2,2,2,1,0,0,-1,2,2,2,2,2,0,0
49,77,ZD,2,2,2,0,0,0,0,2,2,2,2,2,1,0
49,78,ZD,2,2,2,1,0,0,-1,2,2,2,2,2,0,0
49,79,ZD,2,2,2,0,0,0,0,2,2,2,2,2,1,0
49,80,ZD,2,2,2,0,0,0,0,4,4,2,2,2,1,0
49,81,ZD,2,2,2,0,0,0,0,4,4,4,4,4,1,0
49,82,ZD,2,2,2,0,0,0,0,4,4,4,4,4,1,0
49,83,ZD,2,2,2,0,0,0,0,4,4,2,2,2,1,0
49,84,ZD,2,2,2,0,0,0,-1,4,4,4,3,4,1,0
49,85,ZD,2,2,2,0,0,0,-1,4,4,4,3,4,1,0
49,86,ZD,2,2,2,0,0,0,-1,4,4,4,3,4,1,0
49,87,ZD,2,2,2,0,0,0,-1,4,4,4,3,4,1,0
49,88,ZD,2,2,2,1,0,0,-1,4,4,4,4,4,0,0
49,89,ZD,2,2,2,1,0,0,-1,4,4,4,4,4,0,0
49,90,ZD,2,2,2,1,0,0,-1,4,4,4,4,4,0,0
49,91,ZD,2,2,2,1,0,0,-1,4,4,4,4,4,0,0
49,92,ZD,2,2,2,1,0,0,-1,4,4,4,4,4,0,0
49,93,ZD,2,2,2,1,0,0,-1,4,4,4,4,4,0,0
49,94,ZD,2,2,2,1,0,0,-1,4,4,4,4,4,0,0
49,95,ZD,2,2,2,1,0,0,-1,4,4,4,4,4,0,0
49,96,ZD,3,2,3,0,0,0,-1,3,3,3,3,3,1,0
49,97,ZD,3,2,3,0,0,0,-1,3,3,3,3,3,1,0
49,98,ZD,3,2,3,0,0,0,-1,3,3,3,3,3,1,0
49,99,ZD,3,2,3,0,0,0,-1,3,3,3,3,3,1,0
49,100,ZD,3,2,3,0,0,0,-1,3,3,3,3,3,1,0
49,101,ZD,3,2,3,0,0,0,-1,3,3,3,3,3,1,0
49,102,ZD,3,2,3,0,0,0,-1,3,3,3,3,3,1,0
49,103,ZD,3,2,3,0,0,0,-1,3,3,3,3,3,1,0
49,104,ZD,2,2,2,0,0,0,-1,4,4,4,3,4,1,0
49,105,ZD,2,2,2,0,0,0,0,2,2,2,1,2,1,0
49,106,ZD,2,2,2,0,0,0,0,2,2,2,1,2,1,0
49,107,ZD,2,2,2,0,0,0,-1,4,4,4,3,4,1,0
49,108,ZD,2,2,2,0,0,0,-1,4,4,4,3,4,1,0
49,109,ZD,2,2,2,0,0,0,0,2,2,2,1,2,1,0
49,110,ZD,2,2,2,0,0,0,0,2,2,2,1,2,1,0
49,111,ZD,2,2,2,0,0,0,-1,4,4,4,3,4,1,0
49,112,ZD,2,2,3,1,0,0,-1,4,4,4,4,4,0,0
49,113,ZD,2,2,3,1,0,0,-1,4,4,4,4,4,0,0
49,114,ZD,2,2,3,1,0,0,-1,4,4,4,4,4,0,0
49,115,ZD,2,2,3,1,0,0,-1,4,4,4,4,4,0,0
49,116,ZD,2,2,3,1,0,0,-1,4,4,4,4,4,0,0
49,117,ZD,2,2,3,1,0,0,-1,4,4,4,4,4,0,0
49,118,ZD,2,2,3,1,0,0,-1,4,4,4,4,4,0,0
49,119,ZD,2,2,3,1,0,0,-1,4,4,4,4,4,0,0
49,120,ZD,2,2,2,1,0,0,-1,4,4,4,4,4,0,0
49,121,ZD,2,2,2,1,0,0,-1,4,4,4,4,4,0,0
49,122,ZD,2,2,2,1,0,0,-1,4,4,4,4,4,0,0
49,123,ZD,2,2,2,1,0,0,-1,4,4,4,4,4,0,0
49,124,ZD,2,2,2,1,0,0,-1,4,4,4,4,4,0,0
49,125,ZD,2,2,2,1,0,0,-1,4,4,4,4,4,0,0
49,126,ZD,2,2,2,1,0,0,-1,4,4,4,4,4,0,0
49,127,ZD,2,2,2,1,0,0,-1,4,4,4,4,4,0,0
49,128,ZD,3,3,3,0,0,0,-1,4,4,4,4,4,1,0
49,129,ZD,3,3,3,0,0,0,-1,4,4,4,4,4,1,0
49,130,ZD,3,3,3,0,0,0,-1,4,4,4,4,4,1,0
49,131,ZD,3,3,3,0,0,0,-1,4,4,4,4,4,1,0
49,132,ZD,2,2,3,1,0,0,-1,3,3,3,3,3,0,0
49,133,ZD,2,2,3,1,0,0,-1,3,3,3,3,3,0,0
49,134,ZD,2,2,3,1,0,0,-1,3,3,3,3,3,0,0
49,135,ZD,2,2,3,1,0,0,-1,3,3,3,3,3,0,0
49,136,ZD,2,2,3,1,0,0,-1,3,3,3,3,3,0,0
49,137,ZD,2,2,3,1,0,0,-1,3,3,3,3,3,0,0
49,138,ZD,2,2,3,1,0,0,-1,3,3,3,3,3,0,0
49,139,ZD,2,2,3,1,0,0,-1,3,3,3,3,3,0,0
49,140,ZD,2,2,2,0,0,0,-1,4,4,4,4,4,1,0
49,141,ZD,2,2,2,0,0,0,-1,4,4,4,4,4,1,0
49,142,ZD,2,2,2,0,0,0,-1,4,4,4,4,4,1,0
49,143,ZD,2,2,2,0,0,0,-1,4,4,4,4,4,1,0
49,144,ZD,2,2,2,1,0,0,-1,4,4,4,4,4,0,0
49,145,ZD,2,2,2,1,0,0,-1,4,4,4,4,4,0,0
49,146,ZD,2,2,2,1,0,0,-1,4,4,4,4,4,0,0
49,147,ZD,2,2,2,1,0,0,-1,4,4,4,4,4,0,0
49,148,ZD,2,2,3,1,0,0,-1,3,3,3,3,3,0,0
49,149,ZD,2,2,3,1,0,0,-1,3,3,3,3,3,0,0
49,150,ZD,2,2,3,1,0,0,-1,3,3,3,3,3,0,0
49,151,ZD,2,2,3,1,0,0,-1,3,3,3,3,3,0,0
49,152,ZD,2,2,3,1,0,0,-1,3,3,3,3,3,0,0
49,153,ZD,2,2,3,1,0,0,-1,3,3,3,3,3,0,0
49,154,ZD,2,2,3,1,0,0,-1,3,3,3,3,3,0,0
49,155,ZD,2,2,3,1,0,0,-1,3,3,3,3,3,0,0
49,156,ZD,2,2,2,1,0,0,-1,4,4,4,4,4,0,0
49,157,ZD,2,2,2,1,0,0,0,2,2,2,2,2,0,0
49,158,ZD,2,2,2,1,0,0,-1,4,4,4,4,4,0,0
49,159,ZD,2,2,2,1,0,0,0,2,2,2,2,2,0,0
49,160,ZD,2,2,2,1,0,0,0,2,2,2,2,2,0,0
49,161,ZD,2,2,2,1,0,0,-1,4,4,4,4,4,0,0
49,162,ZD,2,2,2,1,0,0,0,2,2,2,2,2,0,0
49,163,ZD,2,2,2,1,0,0,-1,4,4,4,4,4,0,0
49,164,ZD,2,2,2,0,0,0,0,2,2,2,2,2,1,0
49,165,ZD,2,2,2,0,0,0,0,2,2,2,2,2,1,0
49,166,ZD,2,2,2,0,0,0,0,2,2,2,2,2,1,0
49,167,ZD,2,2,2,0,0,0,0,2,2,2,2,2,1,0
49,168,ZD,2,2,3,1,0,0,-1,4,4,4,4,4,0,0
49,169,ZD,2,2,3,1,0,0,-1,4,4,4,4,4,0,0
49,170,ZD,2,2,3,1,0,0,-1,4,4,4,4,4,0,0
49,171,ZD,2,2,3,1,0,0,-1,4,4,4,4,4,0,0
49,172,ZD,2,2,3,1,0,0,-1,4,4,4,4,4,0,0
49,173,ZD,2,2,3,1,0,0,-1,4,4,4,4,4,0,0
49,174,ZD,2,2,3,1,0,0,-1,4,4,4,4,4,0,0
49,175,ZD,2,2,3,1,0,0,-1,4,4,4,4,4,0,0
49,176,ZD,2,2,2,0,0,0,0,4,4,4,4,4,1,0
49,177,INC,1,-1,-1,0,0,-1,-1,-1,-1,-1,-1,-1,0,1
49,178,INC,1,-1,-1,0,0,-1,-1,-1,-1,-1,-1,-1,0,1
49,179,ZD,2,2,2,0,0,0,0,4,4,4,4,4,1,0
49,180,ZD,3,3,3,0,0,0,-1,4,4,3,2,3,1,0
49,181,ZD,3,3,3,0,0,0,-1,4,4,3,2,3,1,0
49,182,ZD,3,3,3,0,0,0,-1,4,4,3,2,3,1,0
49,183,ZD,3,3,3,0,0,0,-1,4,4,3,2,3,1,0
49,184,ZD,3,3,3,0,0,0,0,3,3,3,2,3,1,0
49,185,ZD,3,3,3,0,0,0,0,3,3,3,2,3,1,0
49,186,ZD,3,3,3,0,0,0,0,3,3,3,2,3,1,0
49,187,ZD,3,3,3,0,0,0,0,3,3,3,2,3,1,0
49,188,ZD,3,3,3,0,0,0,0,3,3,3,2,3,1,0
49,189,ZD,3,3,3,0,0,0,0,3,3,3,2,3,1,0
49,190,ZD,3,3,3,0,0,0,0,3,3,3,2,3,1,0
49,191,ZD,3,3,3,0,0,0,0,3,3,3,2,3,1,0
49,192,ZD,2,2,2,1,0,0,-1,4,4,4,4,4,0,0
49,193,ZD,2,2,2,1,0,0,-1,4,4,4,4,4,0,0
49,194,ZD,2,2,2,1,0,0,-1,4,4,4,4,4,0,0
49,195,ZD,2,2,2,1,0,0,-1,4,4,4,4,4,0,0
49,196,ZD,2,2,2,1,0,0,0,2,2,2,2,2,0,0
49,197,ZD,2,2,2,1,0,0,0,2,2,2,2,2,0,0
49,198,ZD,2,2,2,1,0,0,0,2,2,2,2,2,0,0
49,199,ZD,2,2,2,1,0,0,0,2,2,2,2,2,0,0
50,51,ZD,2,2,2,0,0,0,0,4,4,4,2,4,1,0
50,52,ZD,2,2,3,1,0,0,-1,4,4,4,4,4,0,0
50,53,ZD,2,2,3,1,0,0,-1,4,4,4,4,4,0,0
50,54,ZD,2,2,3,1,0,0,-1,4,4,4,4,4,0,0
50,55,ZD,2,2,3,1,0,0,-1,4,4,4,4,4,0,0
50,56,ZD,2,2,3,1,0,0,-1,4,4,4,4,4,0,0
50,57,ZD,2,2,3,1,0,0,-1,4,4,4,4,4,0,0
50,58,ZD,2,2,3,1,0,0,-1,4,4,4,4,4,0,0
50,59,ZD,2,2,3,1,0,0,-1,4,4,4,4,4,0,0
50,60,ZD,2,2,2,1,0,0,-1,4,4,4,4,4,0,0
50,61,ZD,2,2,2,1,0,0,-1,4,4,4,4,4,0,0
50,62,ZD,2,2,2,1,0,0,-1,4,4,4,4,4,0,0
50,63,ZD,2,2,2,1,0,0,-1,4,4,4,4,4,0,0
50,64,ZD,2,2,2,1,0,0,-1,4,4,4,4,4,0,0
50,65,ZD,2,2,2,1,0,0,-1,4,4,4,4,4,0,0
50,66,ZD,2,2,2,1,0,0,-1,4,4,4,4,4,0,0
50,67,ZD,2,2,2,1,0,0,-1,4,4,4,4,4,0,0
50,68,ZD,2,2,3,1,0,0,-1,4,4,4,4,4,0,0
50,69,ZD,2,2,3,1,0,0,-1,4,4,4,4,4,0,0
50,70,ZD,2,2,3,1,0,0,-1,4,4,4,4,4,0,0
50,71,ZD,2,2,3,1,0,0,-1,4,4,4,4,4,0,0
50,72,ZD,2,2,2,1,0,0,-1,2,2,2,2,2,0,0
50,73,ZD,2,2,2,0,0,0,0,2,2,2,2,2,1,0
50,74,ZD,2,2,2,1,0,0,-1,2,2,2,2,2,0,0
50,75,ZD,2,2,2,0,0,0,0,2,2,2,2,2,1,0
50,76,ZD,2,2,2,0,0,0,0,2,2,2,2,2,1,0
50,77,ZD,2,2,2,1,0,0,-1,2,2,2,2,2,0,0
50,78,ZD,2,2,2,0,0,0,0,2,2,2,2,2,1,0
50,79,ZD,2,2,2,1,0,0,-1,2,2,2,2,2,0,0
50,80,ZD,2,2,2,0,0,0,0,4,4,4,4,4,1,0
50,81,ZD,2,2,2,0,0,0,0,4,4,2,2,2,1,0
50,82,ZD,2,2,2,0,0,0,0,4,4,2,2,2,1,0
50,83,ZD,2,2,2,0,0,0,0,4,4,4,4,4,1,0
50,84,ZD,2,2,2,0,0,0,-1,4,4,4,4,4,1,0
50,85,ZD,2,2,2,0,0,0,-1,4,4,4,4,4,1,0
50,86,ZD,2,2,2,0,0,0,-1,4,4,4,4,4,1,0
50,87,ZD,2,2,2,0,0,0,-1,4,4,4,4,4,1,0
50,88,ZD,2,2,2,1,0,0,-1,4,4,4,4,4,0,0
50,89,ZD,2,2,2,1,0,0,-1,4,4,4,4,4,0,0
50,90,ZD,2,2,2,1,0,0,-1,4,4,4,4,4,0,0
50,91,ZD,2,2,2,1,0,0,-1,4,4,4,4,4,0,0
50,92,ZD,2,2,2,1,0,0,-1,4,4,4,4,4,0,0
50,93,ZD,2,2,2,1,0,0,-1,4,4,4,4,4,0,0
50,94,ZD,2,2,2,1,0,0,-1,4,4,4,4,4,0,0
50,95,ZD,2,2,2,1,0,0,-1,4,4,4,4,4,0,0
50,96,ZD,3,3,3,0,0,0,0,3,3,2,2,2,1,0
50,97,ZD,3,3,3,0,0,0,0,3,3,2,2,2,1,0
50,98,ZD,3,3,3,0,0,0,0,3,3,2,2,2,1,0
50,99,ZD,3,3,3,0,0,0,0,3,3,2,2,2,1,0
50,100,ZD,3,3,3,0,0,0,0,3,3,2,2,2,1,0
50,101,ZD,3,3,3,0,0,0,0,3,3,2,2,2,1,0
50,102,ZD,3,3,3,0,0,0,0,3,3,2,2,2,1,0
50,103,ZD,3,3,3,0,0,0,0,3,3,2,2,2,1,0
50,104,ZD,2,2,2,0,0,0,-1,4,4,4,4,4,1,0
50,105,ZD,2,2,2,0,0,0,0,2,2,2,2,2,1,0
50,106,ZD,2,2,2,0,0,0,0,2,2,2,2,2,1,0
50,107,ZD,2,2,2,0,0,0,-1,4,4,4,4,4,1,0
50,108,ZD,2,2,2,0,0,0,-1,4,4,4,4,4,1,0
50,109,ZD,2,2,2,0,0,0,0,2,2,2,2,2,1,0
50,110,ZD,2,2,2,0,0,0,0,2,2,2,2,2,1,0
50,111,ZD,2,2,2,0,0,0,-1,4,4,4,4,4,1,0
50,112,ZD,2,2,3,1,0,0,-1,4,4,4,4,4,0,0
50,113,ZD,2,2,3,1,0,0,-1,4,4,4,4,4,0,0
50,114,ZD,2,2,3,1,0,0,-1,4,4,4,4,4,0,0
50,115,ZD,2,2,3,1,0,0,-1,4,4,4,4,4,0,0
50,116,ZD,2,2,3,1,0,0,-1,4,4,4,4,4,0,0
50,117,ZD,2,2,3,1,0,0,-1,4,4,4,4,4,0,0
50,118,ZD,2,2,3,1,0,0,-1,4,4,4,4,4,0,0
50,119,ZD,2,2,3,1,0,0,-1,4,4,4,4,4,0,0
50,120,ZD,2,2,2,1,0,0,-1,4,4,4,4,4,0,0
50,121,ZD,2,2,2,1,0,0,-1,4,4,4,4,4,0,0
50,122,ZD,2,2,2,1,0,0,-1,4,4,4,4,4,0,0
50,123,ZD,2,2,2,1,0,0,-1,4,4,4,4,4,0,0
50,124,ZD,2,2,2,1,0,0,-1,4,4,4,4,4,0,0
50,125,ZD,2,2,2,1,0,0,-1,4,4,4,4,4,0,0
50,126,ZD,2,2,2,1,0,0,-1,4,4,4,4,4,0,0
50,127,ZD,2,2,2,1,0,0,-1,4,4,4,4,4,0,0
50,128,ZD,3,3,3,0,0,0,-1,4,4,2,2,2,1,0
50,129,ZD,3,3,3,0,0,0,-1,4,4,2,2,2,1,0
50,130,ZD,3,3,3,0,0,0,-1,4,4,2,2,2,1,0
50,131,ZD,3,3,3,0,0,0,-1,4,4,2,2,2,1,0
50,132,ZD,2,2,3,1,0,0,-1,3,3,3,3,3,0,0
50,133,ZD,2,2,3,1,0,0,-1,3,3,3,3,3,0,0
50,134,ZD,2,2,3,1,0,0,-1,3,3,3,3,3,0,0
50,135,ZD,2,2,3,1,0,0,-1,3,3,3,3,3,0,0
50,136,ZD,2,2,3,1,0,0,-1,3,3,3,3,3,0,0
50,137,ZD,2,2,3,1,0,0,-1,3,3,3,3,3,0,0
50,138,ZD,2,2,3,1,0,0,-1,3,3,3,3,3,0,0
50,139,ZD,2,2,3,1,0,0,-1,3,3,3,3,3,0,0
50,140,ZD,2,2,2,0,0,0,-1,4,4,4,4,4,1,0
50,141,ZD,2,2,2,0,0,0,-1,4,4,4,4,4,1,0
50,142,ZD,2,2,2,0,0,0,-1,4,4,4,4,4,1,0
50,143,ZD,2,2,2,0,0,0,-1,4,4,4,4,4,1,0
50,144,ZD,2,2,2,1,0,0,-1,4,4,4,4,4,0,0
50,145,ZD,2,2,2,1,0,0,-1,4,4,4,4,4,0,0
50,146,ZD,2,2,2,1,0,0,-1,4,4,4,4,4,0,0
50,147,ZD,2,2,2,1,0,0,-1,4,4,4,4,4,0,0
50,148,ZD,2,2,3,1,0,0,-1,3,3,3,3,3,0,0
50,149,ZD,2,2,3,1,0,0,-1,3,3,3,3,3,0,0
50,150,ZD,2,2,3,1,0,0,-1,3,3,3,3,3,0,0
50,151,ZD,2,2,3,1,0,0,-1,3,3,3,3,3,0,0
50,152,ZD,2,2,3,1,0,0,-1,3,3,3,3,3,0,0
50,153,ZD,2,2,3,1,0,0,-1,3,3,3,3,3,0,0
50,154,ZD,2,2,3,1,0,0,-1,3,3,3,3,3,0,0
50,155,ZD,2,2,3,1,0,0,-1,3,3,3,3,3,0,0
50,156,ZD,2,2,2,1,0,0,-1,4,4,3,3,3,0,0
50,157,ZD,2,2,2,1,0,0,0,2,2,1,1,1,0,0
50,158,ZD,2,2,2,1,0,0,-1,4,4,3,3,3,0,0
50,159,ZD,2,2,2,1,0,0,0,2,2,1,1,1,0,0
50,160,ZD,2,2,2,1,0,0,0,2,2,1,1,1,0,0
50,161,ZD,2,2,2,1,0,0,-1,4,4,3,3,3,0,0
50,162,ZD,2,2,2,1,0,0,0,2,2,1,1,1,0,0
50,163,ZD,2,2,2,1,0,0,-1,4,4,3,3,3,0,0
50,164,ZD,2,2,2,0,0,0,0,2,2,2,2,2,1,0
50,165,ZD,2,2,2,0,0,0,0,2,2,2,2,2,1,0
50,166,ZD,2,2,2,0,0,0,0,2,2,2,2,2,1,0
50,167,ZD,2,2,2,0,0,0,0,2,2,2,2,2,1,0
50,168,ZD,2,2,3,1,0,0,-1,4,4,4,4,4,0,0
50,169,ZD,2,2,3,1,0,0,-1,4,4,4,4,4,0,0
50,170,ZD,2,2,3,1,0,0,-1,4,4,4,4,4,0,0
50,171,ZD,2,2,3,1,0,0,-1,4,4,4,4,4,0,0
50,172,ZD,2,2,3,1,0,0,-1,4,4,4,4,4,0,0
50,173,ZD,2,2,3,1,0,0,-1,4,4,4,4,4,0,0
50,174,ZD,2,2,3,1,0,0,-1,4,4,4,4,4,0,0
50,175,ZD,2,2,3,1,0,0,-1,4,4,4,4,4,0,0
50,176,ZD,2,2,2,0,0,0,0,4,4,4,4,4,1,0
50,177,INC,1,-1,-1,0,0,-1,-1,-1,-1,-1,-1,-1,0,1
50,178,INC,1,-1,-1,0,0,-1,-1,-1,-1,-1,-1,-1,0,1
50,179,ZD,2,2,2,0,0,0,0,4,4,4,4,4,1,0
50,180,ZD,3,3,3,0,0,0,-1,4,4,4,4,4,1,0
50,181,ZD,3,3,3,0,0,0,-1,4,4,4,4,4,1,0
50,182,ZD,3,3,3,0,0,0,-1,4,4,4,4,4,1,0
50,183,ZD,3,3,3,0,0,0,-1,4,4,4,4,4,1,0
50,184,ZD,2,3,3,1,0,0,-1,3,3,3,3,3,0,0
50,185,ZD,2,3,3,1,0,0,-1,3,3,3,3,3,0,0
50,186,ZD,2,3,3,1,0,0,-1,3,3,3,3,3,0,0
50,187,ZD,2,3,3,1,0,0,-1,3,3,3,3,3,0,0
50,188,ZD,2,3,3,1,0,0,-1,3,3,3,3,3,0,0
50,189,ZD,2,3,3,1,0,0,-1,3,3,3,3,3,0,0
50,190,ZD,2,3,3,1,0,0,-1,3,3,3,3,3,0,0
50,191,ZD,2,3,3,1,0,0,-1,3,3,3,3,3,0,0
50,192,ZD,2,2,2,1,0,0,-1,4,4,3,3,3,0,0
50,193,ZD,2,2,2,1,0,0,-1,4,4,3,3,3,0,0
50,194,ZD,2,2,2,1,0,0,-1,4,4,3,3,3,0,0
50,195,ZD,2,2,2,1,0,0,-1,4,4,3,3,3,0,0
50,196,ZD,2,2,2,1,0,0,0,2,2,2,2,2,0,0
50,197,ZD,2,2,2,1,0,0,0,2,2,2,2,2,0,0
50,198,ZD,2,2,2,1,0,0,0,2,2,2,2,2,0,0
50,199,ZD,2,2,2,1,0,0,0,2,2,2,2,2,0,0
51,52,ZD,2,2,3,1,0,0,-1,4,4,4,4,4,0,0
51,53,ZD,2,2,3,1,0,0,-1,4,4,4,4,4,0,0
51,54,ZD,2,2,3,1,0,0,-1,4,4,4,4,4,0,0
51,55,ZD,2,2,3,1,0,0,-1,4,4,4,4,4,0,0
51,56,ZD,2,2,3,1,0,0,-1,4,4,4,4,4,0,0
51,57,ZD,2,2,3,1,0,0,-1,4,4,4,4,4,0,0
51,58,ZD,2,2,3,1,0,0,-1,4,4,4,4,4,0,0
51,59,ZD,2,2,3,1,0,0,-1,4,4,4,4,4,0,0
51,60,ZD,2,2,2,1,0,0,-1,4,4,4,4,4,0,0
51,61,ZD,2,2,2,1,0,0,-1,4,4,4,4,4,0,0
51,62,ZD,2,2,2,1,0,0,-1,4,4,4,4,4,0,0
51,63,ZD,2,2,2,1,0,0,-1,4,4,4,4,4,0,0
51,64,ZD,2,2,2,1,0,0,-1,4,4,4,4,4,0,0
51,65,ZD,2,2,2,1,0,0,-1,4,4,4,4,4,0,0
51,66,ZD,2,2,2,1,0,0,-1,4,4,4,4,4,0,0
51,67,ZD,2,2,2,1,0,0,-1,4,4,4,4,4,0,0
51,68,ZD,2,2,3,1,0,0,-1,4,4,4,4,4,0,0
51,69,ZD,2,2,3,1,0,0,-1,4,4,4,4,4,0,0
51,70,ZD,2,2,3,1,0,0,-1,4,4,4,4,4,0,0
51,71,ZD,2,2,3,1,0,0,-1,4,4,4,4,4,0,0
51,72,ZD,3,2,3,0,0,0,-1,4,4,4,4,4,1,0
51,73,ZD,2,2,3,1,0,0,-1,4,4,4,4,4,0,0
51,74,ZD,3,2,3,0,0,0,-1,4,4,4,4,4,1,0
51,75,ZD,2,2,3,1,0,0,-1,4,4,4,4,4,0,0
51,76,ZD,2,2,3,1,0,0,-1,4,4,4,4,4,0,0
51,77,ZD,3,2,3,0,0,0,-1,4,4,4,4,4,1,0
51,78,ZD,2,2,3,1,0,0,-1,4,4,4,4,4,0,0
51,79,ZD,3,2,3,0,0,0,-1,4,4,4,4,4,1,0
51,80,ZD,2,2,2,0,0,0,0,4,4,2,2,2,1,0
51,81,ZD,2,2,2,0,0,0,0,4,4,4,4,4,1,0
51,82,ZD,2,2,2,0,0,0,0,4,4,4,4,4,1,0
51,83,ZD,2,2,2,0,0,0,0,4,4,2,2,2,1,0
51,84,ZD,2,2,2,0,0,0,-1,4,4,4,4,4,1,0
51,85,ZD,2,2,2,0,0,0,-1,4,4,4,4,4,1,0
51,86,ZD,2,2,2,0,0,0,-1,4,4,4,4,4,1,0
51,87,ZD,2,2,2,0,0,0,-1,4,4,4,4,4,1,0
51,88,ZD,2,2,2,1,0,0,-1,4,4,4,4,4,0,0
51,89,ZD,2,2,2,1,0,0,-1,4,4,4,4,4,0,0
51,90,ZD,2,2,2,1,0,0,-1,4,4,4,4,4,0,0
51,91,ZD,2,2,2,1,0,0,-1,4,4,4,4,4,0,0
51,92,ZD,2,2,2,1,0,0,-1,4,4,4,4,4,0,0
51,93,ZD,2,2,2,1,0,0,-1,4,4,4,4,4,0,0
51,94,ZD,2,2,2,1,0,0,-1,4,4,4,4,4,0,0
51,95,ZD,2,2,2,1,0,0,-1,4,4,4,4,4,0,0
51,96,ZD,3,2,3,0,0,0,-1,4,4,4,4,4,1,0
51,97,ZD,3,2,3,0,0,0,-1,4,4,4,4,4,1,0
51,98,ZD,3,2,3,0,0,0,-1,4,4,4,4,4,1,0
51,99,ZD,3,2,3,0,0,0,-1,4,4,4,4,4,1,0
51,100,ZD,3,2,3,0,0,0,-1,4,4,4,4,4,1,0
51,101,ZD,3,2,3,0,0,0,-1,4,4,4,4,4,1,0
51,102,ZD,3,2,3,0,0,0,-1,4,4,4,4,4,1,0
51,103,ZD,3,2,3,0,0,0,-1,4,4,4,4,4,1,0
51,104,ZD,2,2,2,0,0,0,0,2,2,2,2,2,1,0
51,105,ZD,2,2,2,0,0,0,-1,4,4,4,4,4,1,0
51,106,ZD,2,2,2,0,0,0,-1,4,4,4,4,4,1,0
51,107,ZD,2,2,2,0,0,0,0,2,2,2,2,2,1,0
51,108,ZD,2,2,2,0,0,0,0,2,2,2,2,2,1,0
51,109,ZD,2,2,2,0,0,0,-1,4,4,4,4,4,1,0
51,110,ZD,2,2,2,0,0,0,-1,4,4,4,4,4,1,0
51,111,ZD,2,2,2,0,0,0,0,2,2,2,2,2,1,0
51,112,ZD,2,2,3,1,0,0,-1,4,4,2,2,2,0,0
51,113,ZD,2,2,3,1,0,0,-1,4,4,2,2,2,0,0
51,114,ZD,2,2,3,1,0,0,-1,4,4,2,2,2,0,0
51,115,ZD,2,2,3,1,0,0,-1,4,4,2,2,2,0,0
51,116,ZD,2,2,3,1,0,0,-1,4,4,2,2,2,0,0
51,117,ZD,2,2,3,1,0,0,-1,4,4,2,2,2,0,0
51,118,ZD,2,2,3,1,0,0,-1,4,4,2,2,2,0,0
51,119,ZD,2,2,3,1,0,0,-1,4,4,2,2,2,0,0
51,120,ZD,2,2,2,1,0,0,-1,4,4,4,4,4,0,0
51,121,ZD,2,2,2,1,0,0,-1,4,4,4,4,4,0,0
51,122,ZD,2,2,2,1,0,0,-1,4,4,4,4,4,0,0
51,123,ZD,2,2,2,1,0,0,-1,4,4,4,4,4,0,0
51,124,ZD,2,2,2,1,0,0,-1,4,4,4,4,4,0,0
51,125,ZD,2,2,2,1,0,0,-1,4,4,4,4,4,0,0
51,126,ZD,2,2,2,1,0,0,-1,4,4,4,4,4,0,0
51,127,ZD,2,2,2,1,0,0,-1,4,4,4,4,4,0,0
51,128,ZD,3,3,3,0,0,0,-1,4,4,4,4,4,1,0
51,129,ZD,3,3,3,0,0,0,-1,4,4,4,4,4,1,0
51,130,ZD,3,3,3,0,0,0,-1,4,4,4,4,4,1,0
51,131,ZD,3,3,3,0,0,0,-1,4,4,4,4,4,1,0
51,132,ZD,2,2,3,1,0,0,-1,4,4,4,4,4,0,0
51,133,ZD,2,2,3,1,0,0,-1,4,4,4,4,4,0,0
51,134,ZD,2,2,3,1,0,0,-1,4,4,4,4,4,0,0
51,135,ZD,2,2,3,1,0,0,-1,4,4,4,4,4,0,0
51,136,ZD,2,2,3,1,0,0,-1,4,4,4,4,4,0,0
51,137,ZD,2,2,3,1,0,0,-1,4,4,4,4,4,0,0
51,138,ZD,2,2,3,1,0,0,-1,4,4,4,4,4,0,0
51,139,ZD,2,2,3,1,0,0,-1,4,4,4,4,4,0,0
51,140,ZD,2,2,2,0,0,0,-1,4,4,4,4,4,1,0
51,141,ZD,2,2,2,0,0,0,-1,4,4,4,4,4,1,0
51,142,ZD,2,2,2,0,0,0,-1,4,4,4,4,4,1,0
51,143,ZD,2,2,2,0,0,0,-1,4,4,4,4,4,1,0
51,144,ZD,2,2,2,1,0,0,-1,4,4,4,4,4,0,0
51,145,ZD,2,2,2,1,0,0,-1,4,4,4,4,4,0,0
51,146,ZD,2,2,2,1,0,0,-1,4,4,4,4,4,0,0
51,147,ZD,2,2,2,1,0,0,-1,4,4,4,4,4,0,0
51,148,ZD,2,2,3,1,0,0,-1,4,4,4,4,4,0,0
51,149,ZD,2,2,3,1,0,0,-1,4,4,4,4,4,0,0
51,150,ZD,2,2,3,1,0,0,-1,4,4,4,4,4,0,0
51,151,ZD,2,2,3,1,0,0,-1,4,4,4,4,4,0,0
51,152,ZD,2,2,3,1,0,0,-1,4,4,4,4,4,0,0
51,153,ZD,2,2,3,1,0,0,-1,4,4,4,4,4,0,0
51,154,ZD,2,2,3,1,0,0,-1,4,4,4,4,4,0,0
51,155,ZD,2,2,3,1,0,0,-1,4,4,4,4,4,0,0
51,156,ZD,2,2,2,1,0,0,0,2,2,2,2,2,0,0
51,157,ZD,2,2,2,1,0,0,-1,4,4,4,4,4,0,0
51,158,ZD,2,2,2,1,0,0,0,2,2,2,2,2,0,0
51,159,ZD,2,2,2,1,0,0,-1,4,4,4,4,4,0,0
51,160,ZD,2,2,2,1,0,0,-1,4,4,4,4,4,0,0
51,161,ZD,2,2,2,1,0,0,0,2,2,2,2,2,0,0
51,162,ZD,2,2,2,1,0,0,-1,4,4,4,4,4,0,0
51,163,ZD,2,2,2,1,0,0,0,2,2,2,2,2,0,0
51,164,ZD,3,2,3,0,0,0,-1,4,4,4,4,4,1,0
51,165,ZD,3,2,3,0,0,0,-1,4,4,4,4,4,1,0
51,166,ZD,3,2,3,0,0,0,-1,4,4,4,4,4,1,0
51,167,ZD,3,2,3,0,0,0,-1,4,4,4,4,4,1,0
51,168,ZD,2,2,3,1,0,0,-1,4,4,4,4,4,0,0
51,169,ZD,2,2,3,1,0,0,-1,4,4,4,4,4,0,0
51,170,ZD,2,2,3,1,0,0,-1,4,4,4,4,4,0,0
51,171,ZD,2,2,3,1,0,0,-1,4,4,4,4,4,0,0
51,172,ZD,2,2,3,1,0,0,-1,4,4,4,4,4,0,0
51,173,ZD,2,2,3,1,0,0,-1,4,4,4,4,4,0,0
51,174,ZD,2,2,3,1,0,0,-1,4,4,4,4,4,0,0
51,175,ZD,2,2,3,1,0,0,-1,4,4,4,4,4,0,0
51,176,INC,1,-1,-1,0,0,-1,-1,-1,-1,-1,-1,-1,0,1
51,177,ZD,2,2,2,0,0,0,0,4,4,4,4,4,1,0
51,178,ZD,2,2,2,0,0,0,0,4,4,4,4,4,1,0
51,179,INC,1,-1,-1,0,0,-1,-1,-1,-1,-1,-1,-1,0,1
51,180,ZD,3,3,3,0,0,0,-1,4,4,4,4,4,1,0
51,181,ZD,3,3,3,0,0,0,-1,4,4,4,4,4,1,0
51,182,ZD,3,3,3,0,0,0,-1,4,4,4,4,4,1,0
51,183,ZD,3,3,3,0,0,0,-1,4,4,4,4,4,1,0
51,184,ZD,2,3,3,1,0,0,-1,4,4,4,4,4,0,0
51,185,ZD,2,3,3,1,0,0,-1,4,4,4,4,4,0,0
51,186,ZD,2,3,3,1,0,0,-1,4,4,4,4,4,0,0
51,187,ZD,2,3,3,1,0,0,-1,4,4,4,4,4,0,0
51,188,ZD,2,3,3,1,0,0,-1,4,4,4,4,4,0,0
51,189,ZD,2,3,3,1,0,0,-1,4,4,4,4,4,0,0
51,190,ZD,2,3,3,1,0,0,-1,4,4,4,4,4,0,0
51,191,ZD,2,3,3,1,0,0,-1,4,4,4,4,4,0,0
51,192,ZD,2,2,2,1,0,0,-1,4,4,4,4,4,0,0
51,193,ZD,2,2,2,1,0,0,-1,4,4,4,4,4,0,0
51,194,ZD,2,2,2,1,0,0,-1,4,4,4,4,4,0,0
51,195,ZD,2,2,2,1,0,0,-1,4,4,4,4,4,0,0
51,196,ZD,2,3,3,1,0,0,-1,4,4,4,4,4,0,0
51,197,ZD,2,3,3,1,0,0,-1,4,4,4,4,4,0,0
51,198,ZD,2,3,3,1,0,0,-1,4,4,4,4,4,0,0
51,199,ZD,2,3,3,1,0,0,-1,4,4,4,4,4,0,0
52,53,ZD,2,2,2,1,0,0,0,1,1,1,1,1,0,0
52,54,INC,1,-1,-1,0,0,-1,-1,-1,-1,-1,-1,-1,0,1
52,55,INC,1,-1,-1,0,0,-1,-1,-1,-1,-1,-1,-1,0,1
52,56,INC,1,-1,-1,0,0,-1,-1,-1,-1,-1,-1,-1,0,1
52,57,INC,1,-1,-1,0,0,-1,-1,-1,-1,-1,-1,-1,0,1
52,58,ZD,2,2,2,1,0,0,0,1,1,1,1,1,0,0
52,59,POS,1,1,1,0,0,-1,-1,-1,-1,-1,-1,-1,0,1
52,60,ZD,2,2,2,1,0,0,-1,2,2,2,2,2,0,0
52,61,ZD,2,2,2,1,0,0,-1,2,2,2,2,2,0,0
52,62,ZD,2,2,2,1,0,0,-1,2,2,2,2,2,0,0
52,63,ZD,2,2,2,1,0,0,-1,2,2,2,2,2,0,0
52,64,ZD,2,2,2,1,0,0,-1,2,2,2,2,2,0,0
52,65,ZD,2,2,2,1,0,0,-1,2,2,2,2,2,0,0
52,66,ZD,2,2,2,1,0,0,-1,2,2,2,2,2,0,0
52,67,ZD,2,2,2,1,0,0,-1,2,2,2,2,2,0,0
52,68,INC,1,-1,-1,0,0,-1,-1,-1,-1,-1,-1,-1,0,1
52,69,ZD,2,2,2,1,0,0,0,1,1,1,1,1,0,0
52,70,ZD,2,2,2,1,0,0,0,1,1,1,1,1,0,0
52,71,INC,1,-1,-1,0,0,-1,-1,-1,-1,-1,-1,-1,0,1
52,72,ZD,2,2,2,1,0,0,0,1,1,1,1,1,0,0
52,73,ZD,2,2,2,1,0,0,0,1,1,1,1,1,0,0
52,74,ZD,2,2,2,1,0,0,-1,2,2,2,2,2,0,0
52,75,ZD,2,2,2,1,0,0,-1,2,2,2,2,2,0,0
52,76,ZD,2,2,2,1,0,0,-1,2,2,2,2,2,0,0
52,77,ZD,2,2,2,1,0,0,-1,2,2,2,2,2,0,0
52,78,ZD,2,2,2,1,0,0,0,1,1,1,1,1,0,0
52,79,ZD,2,2,2,1,0,0,0,1,1,1,1,1,0,0
52,80,ZD,2,2,2,1,0,0,-1,2,2,2,2,2,0,0
52,81,ZD,2,2,2,1,0,0,-1,2,2,2,2,2,0,0
52,82,ZD,2,2,2,1,0,0,-1,2,2,2,2,2,0,0
52,83,ZD,2,2,2,1,0,0,-1,2,2,2,2,2,0,0
52,84,ZD,2,2,2,1,0,0,0,2,2,1,1,1,0,0
52,85,ZD,2,2,2,1,0,0,-1,2,2,2,2,2,0,0
52,86,ZD,2,2,2,1,0,0,-1,2,2,2,2,2,0,0
52,87,ZD,2,2,2,1,0,0,0,2,2,1,1,1,0,0
52,88,ZD,2,2,3,1,0,0,-1,3,3,3,3,3,0,0
52,89,ZD,2,2,3,1,0,0,-1,3,3,3,3,3,0,0
52,90,ZD,2,2,3,1,0,0,-1,3,3,3,3,3,0,0
52,91,ZD,2,2,3,1,0,0,-1,3,3,3,3,3,0,0
52,92,ZD,2,2,3,1,0,0,-1,3,3,3,3,3,0,0
52,93,ZD,2,2,3,1,0,0,-1,3,3,3,3,3,0,0
52,94,ZD,2,2,3,1,0,0,-1,3,3,3,3,3,0,0
52,95,ZD,2,2,3,1,0,0,-1,3,3,3,3,3,0,0
52,96,ZD,2,2,3,1,0,0,-1,3,3,2,2,2,0,0
52,97,ZD,2,2,3,1,0,0,-1,3,3,3,3,3,0,0
52,98,ZD,2,2,3,1,0,0,-1,3,3,1,1,1,0,0
52,99,ZD,2,2,3,1,0,0,-1,3,3,3,3,3,0,0
52,100,ZD,2,2,3,1,0,0,-1,3,3,3,3,3,0,0
52,101,ZD,2,2,3,1,0,0,-1,3,3,1,1,1,0,0
52,102,ZD,2,2,3,1,0,0,-1,3,3,3,3,3,0,0
52,103,ZD,2,2,3,1,0,0,-1,3,3,2,2,2,0,0
52,104,ZD,2,2,3,1,0,0,-1,4,4,4,4,4,0,0
52,105,ZD,2,2,3,1,0,0,-1,4,4,4,4,4,0,0
52,106,ZD,2,2,3,1,0,0,-1,4,4,4,4,4,0,0
52,107,ZD,2,2,3,1,0,0,-1,4,4,4,4,4,0,0
52,108,ZD,2,2,3,1,0,0,-1,4,4,4,4,4,0,0
52,109,ZD,2,2,3,1,0,0,-1,4,4,4,4,4,0,0
52,110,ZD,2,2,3,1,0,0,-1,4,4,4,4,4,0,0
52,111,ZD,2,2,3,1,0,0,-1,4,4,4,4,4,0,0
52,112,ZD,2,2,2,1,0,0,0,2,2,1,1,1,0,0
52,113,ZD,2,2,2,1,0,0,-1,2,2,2,2,2,0,0
52,114,ZD,2,2,2,1,0,0,-1,2,2,2,2,2,0,0
52,115,INC,1,-1,-1,0,0,-1,-1,-1,-1,-1,-1,-1,0,1
52,116,INC,1,-1,-1,0,0,-1,-1,-1,-1,-1,-1,-1,0,1
52,117,ZD,2,2,2,1,0,0,-1,2,2,2,2,2,0,0
52,118,ZD,2,2,2,1,0,0,-1,2,2,2,2,2,0,0
52,119,ZD,2,2,2,1,0,0,0,2,2,1,1,1,0,0
52,120,ZD,2,2,3,1,0,0,-1,3,3,2,2,2,0,0
52,121,ZD,2,2,3,1,0,0,-1,3,3,3,3,3,0,0
52,122,ZD,2,2,3,1,0,0,-1,3,3,3,3,3,0,0
52,123,ZD,2,2,3,1,0,0,-1,3,3,3,3,3,0,0
52,124,ZD,2,2,3,1,0,0,-1,3,3,3,3,3,0,0
52,125,ZD,2,2,3,1,0,0,-1,3,3,3,3,3,0,0
52,126,ZD,2,2,3,1,0,0,-1,3,3,3,3,3,0,0
52,127,ZD,2,2,3,1,0,0,-1,3,3,2,2,2,0,0
52,128,ZD,2,2,2,1,0,0,-1,2,2,1,1,1,0,0
52,129,ZD,2,2,2,1,0,0,-1,2,2,2,2,2,0,0
52,130,ZD,2,2,2,1,0,0,-1,2,2,2,2,2,0,0
52,131,ZD,2,2,2,1,0,0,-1,2,2,1,1,1,0,0
52,132,ZD,2,2,3,1,0,0,-1,3,3,3,3,3,0,0
52,133,ZD,2,2,3,1,0,0,-1,3,3,3,3,3,0,0
52,134,ZD,2,2,3,1,0,0,-1,3,3,3,3,3,0,0
52,135,ZD,2,2,3,1,0,0,-1,3,3,3,3,3,0,0
52,136,ZD,2,2,3,1,0,0,-1,3,3,3,3,3,0,0
52,137,ZD,2,2,3,1,0,0,-1,3,3,3,3,3,0,0
52,138,ZD,2,2,3,1,0,0,-1,3,3,3,3,3,0,0
52,139,ZD,2,2,3,1,0,0,-1,3,3,3,3,3,0,0
52,140,ZD,2,2,3,1,0,0,-1,3,3,3,3,3,0,0
52,141,ZD,2,2,3,1,0,0,-1,3,3,3,3,3,0,0
52,142,ZD,2,2,3,1,0,0,-1,3,3,3,3,3,0,0
52,143,ZD,2,2,3,1,0,0,-1,3,3,3,3,3,0,0
52,144,ZD,2,2,3,1,0,0,-1,3,3,3,3,3,0,0
52,145,ZD,2,2,3,1,0,0,-1,3,3,3,3,3,0,0
52,146,ZD,2,2,3,1,0,0,-1,3,3,3,3,3,0,0
52,147,ZD,2,2,3,1,0,0,-1,3,3,3,3,3,0,0
52,148,ZD,2,2,2,1,0,0,0,3,3,1,1,1,0,0
52,149,ZD,2,2,3,1,0,0,-1,3,3,3,3,3,0,0
52,150,ZD,2,2,3,1,0,0,-1,3,3,3,3,3,0,0
52,151,ZD,2,2,2,1,0,0,-1,3,3,2,2,2,0,0
52,152,ZD,2,2,2,1,0,0,-1,3,3,2,2,2,0,0
52,153,ZD,2,2,3,1,0,0,-1,3,3,3,3,3,0,0
52,154,ZD,2,2,3,1,0,0,-1,3,3,3,3,3,0,0
52,155,ZD,2,2,2,1,0,0,0,3,3,1,1,1,0,0
52,156,ZD,2,2,3,1,0,0,-1,4,4,4,4,4,0,0
52,157,ZD,2,2,3,1,0,0,-1,4,4,4,4,4,0,0
52,158,ZD,2,2,3,1,0,0,-1,4,4,4,4,4,0,0
52,159,ZD,2,2,3,1,0,0,-1,4,4,4,4,4,0,0
52,160,ZD,2,2,3,1,0,0,-1,4,4,4,4,4,0,0
52,161,ZD,2,2,3,1,0,0,-1,4,4,4,4,4,0,0
52,162,ZD,2,2,3,1,0,0,-1,4,4,4,4,4,0,0
52,163,ZD,2,2,3,1,0,0,-1,4,4,4,4,4,0,0
52,164,ZD,2,2,3,1,0,0,-1,3,3,3,3,3,0,0
52,165,ZD,2,2,3,1,0,0,-1,3,3,3,3,3,0,0
52,166,ZD,2,2,3,1,0,0,-1,3,3,3,3,3,0,0
52,167,ZD,2,2,3,1,0,0,-1,3,3,3,3,3,0,0
52,168,ZD,2,2,3,1,0,0,-1,4,4,4,4,4,0,0
52,169,ZD,2,2,3,1,0,0,-1,4,4,4,4,4,0,0
52,170,ZD,2,2,3,1,0,0,-1,4,4,4,4,4,0,0
52,171,ZD,2,2,3,1,0,0,-1,4,4,4,4,4,0,0
52,172,ZD,2,2,3,1,0,0,-1,4,4,4,4,4,0,0
52,173,ZD,2,2,3,1,0,0,-1,4,4,4,4,4,0,0
52,174,ZD,2,2,3,1,0,0,-1,4,4,4,4,4,0,0
52,175,ZD,2,2,3,1,0,0,-1,4,4,4,4,4,0,0
52,176,ZD,2,2,3,1,0,0,-1,4,4,4,4,4,0,0
52,177,ZD,2,2,3,1,0,0,-1,4,4,4,4,4,0,0
52,178,ZD,2,2,3,1,0,0,-1,4,4,4,4,4,0,0
52,179,ZD,2,2,3,1,0,0,-1,4,4,4,4,4,0,0
52,180,INC,1,-1,-1,0,0,-1,-1,-1,-1,-1,-1,-1,0,1
52,181,ZD,2,2,2,1,0,0,0,1,1,1,1,1,0,0
52,182,ZD,2,2,2,1,0,0,0,1,1,1,1,1,0,0
52,183,INC,1,-1,-1,0,0,-1,-1,-1,-1,-1,-1,-1,0,1
52,184,ZD,2,2,2,1,0,0,-1,2,2,2,2,2,0,0
52,185,ZD,2,2,2,1,0,0,-1,2,2,2,2,2,0,0
52,186,ZD,2,2,2,1,0,0,-1,2,2,1,1,1,0,0
52,187,ZD,2,2,2,1,0,0,-1,2,2,2,2,2,0,0
52,188,ZD,2,2,2,1,0,0,-1,2,2,2,2,2,0,0
52,189,ZD,2,2,2,1,0,0,-1,2,2,1,1,1,0,0
52,190,ZD,2,2,2,1,0,0,-1,2,2,2,2,2,0,0
52,191,ZD,2,2,2,1,0,0,-1,2,2,2,2,2,0,0
52,192,ZD,2,2,2,1,0,0,0,1,1,1,1,1,0,0
52,193,ZD,2,2,2,1,0,0,0,1,1,1,1,1,0,0
52,194,ZD,2,2,2,1,0,0,0,1,1,1,1,1,0,0
52,195,ZD,2,2,2,1,0,0,0,1,1,1,1,1,0,0
52,196,ZD,2,2,2,1,0,0,-1,2,2,2,2,2,0,0
52,197,ZD,2,2,2,1,0,0,-1,2,2,2,2,2,0,0
52,198,ZD,2,2,2,1,0,0,-1,2,2,2,2,2,0,0
52,199,ZD,2,2,2,1,0,0,-1,2,2,2,2,2,0,0
53,54,INC,1,-1,-1,0,0,-1,-1,-1,-1,-1,-1,-1,0,1
53,55,INC,1,-1,-1,0,0,-1,-1,-1,-1,-1,-1,-1,0,1
53,56,INC,1,-1,-1,0,0,-1,-1,-1,-1,-1,-1,-1,0,1
53,57,INC,1,-1,-1,0,0,-1,-1,-1,-1,-1,-1,-1,0,1
53,58,POS,1,1,1,0,0,-1,-1,-1,-1,-1,-1,-1,0,1
53,59,ZD,2,2,2,1,0,0,0,1,1,1,1,1,0,0
53,60,ZD,2,2,2,1,0,0,-1,2,2,2,2,2,0,0
53,61,ZD,2,2,2,1,0,0,-1,2,2,2,2,2,0,0
53,62,ZD,2,2,2,1,0,0,-1,2,2,2,2,2,0,0
53,63,ZD,2,2,2,1,0,0,-1,2,2,2,2,2,0,0
53,64,ZD,2,2,2,1,0,0,-1,2,2,2,2,2,0,0
53,65,ZD,2,2,2,1,0,0,-1,2,2,2,2,2,0,0
53,66,ZD,2,2,2,1,0,0,-1,2,2,2,2,2,0,0
53,67,ZD,2,2,2,1,0,0,-1,2,2,2,2,2,0,0
53,68,ZD,2,2,2,1,0,0,0,1,1,1,1,1,0,0
53,69,INC,1,-1,-1,0,0,-1,-1,-1,-1,-1,-1,-1,0,1
53,70,INC,1,-1,-1,0,0,-1,-1,-1,-1,-1,-1,-1,0,1
53,71,ZD,2,2,2,1,0,0,0,1,1,1,1,1,0,0
53,72,ZD,2,2,2,1,0,0,-1,2,2,2,2,2,0,0
53,73,ZD,2,2,2,1,0,0,-1,2,2,2,2,2,0,0
53,74,ZD,2,2,2,1,0,0,0,1,1,1,1,1,0,0
53,75,ZD,2,2,2,1,0,0,0,1,1,1,1,1,0,0
53,76,ZD,2,2,2,1,0,0,0,1,1,1,1,1,0,0
53,77,ZD,2,2,2,1,0,0,0,1,1,1,1,1,0,0
53,78,ZD,2,2,2,1,0,0,-1,2,2,2,2,2,0,0
53,79,ZD,2,2,2,1,0,0,-1,2,2,2,2,2,0,0
53,80,ZD,2,2,2,1,0,0,-1,2,2,2,2,2,0,0
53,81,ZD,2,2,2,1,0,0,-1,2,2,2,2,2,0,0
53,82,ZD,2,2,2,1,0,0,-1,2,2,2,2,2,0,0
53,83,ZD,2,2,2,1,0,0,-1,2,2,2,2,2,0,0
53,84,ZD,2,2,2,1,0,0,-1,2,2,2,2,2,0,0
53,85,ZD,2,2,2,1,0,0,0,2,2,1,1,1,0,0
53,86,ZD,2,2,2,1,0,0,0,2,2,1,1,1,0,0
53,87,ZD,2,2,2,1,0,0,-1,2,2,2,2,2,0,0
53,88,ZD,2,2,3,1,0,0,-1,3,3,3,3,3,0,0
53,89,ZD,2,2,3,1,0,0,-1,3,3,3,3,3,0,0
53,90,ZD,2,2,3,1,0,0,-1,3,3,3,3,3,0,0
53,91,ZD,2,2,3,1,0,0,-1,3,3,3,3,3,0,0
53,92,ZD,2,2,3,1,0,0,-1,3,3,3,3,3,0,0
53,93,ZD,2,2,3,1,0,0,-1,3,3,3,3,3,0,0
53,94,ZD,2,2,3,1,0,0,-1,3,3,3,3,3,0,0
53,95,ZD,2,2,3,1,0,0,-1,3,3,3,3,3,0,0
53,96,ZD,2,2,3,1,0,0,-1,3,3,1,1,1,0,0
53,97,ZD,2,2,3,1,0,0,-1,3,3,3,3,3,0,0
53,98,ZD,2,2,3,1,0,0,-1,3,3,2,2,2,0,0
53,99,ZD,2,2,3,1,0,0,-1,3,3,3,3,3,0,0
53,100,ZD,2,2,3,1,0,0,-1,3,3,3,3,3,0,0
53,101,ZD,2,2,3,1,0,0,-1,3,3,2,2,2,0,0
53,102,ZD,2,2,3,1,0,0,-1,3,3,3,3,3,0,0
53,103,ZD,2,2,3,1,0,0,-1,3,3,1,1,1,0,0
53,104,ZD,2,2,3,1,0,0,-1,4,4,4,4,4,0,0
53,105,ZD,2,2,3,1,0,0,-1,4,4,4,4,4,0,0
53,106,ZD,2,2,3,1,0,0,-1,4,4,4,4,4,0,0
53,107,ZD,2,2,3,1,0,0,-1,4,4,4,4,4,0,0
53,108,ZD,2,2,3,1,0,0,-1,4,4,4,4,4,0,0
53,109,ZD,2,2,3,1,0,0,-1,4,4,4,4,4,0,0
53,110,ZD,2,2,3,1,0,0,-1,4,4,4,4,4,0,0
53,111,ZD,2,2,3,1,0,0,-1,4,4,4,4,4,0,0
53,112,ZD,2,2,2,1,0,0,-1,2,2,2,2,2,0,0
53,113,INC,1,-1,-1,0,0,-1,-1,-1,-1,-1,-1,-1,0,1
53,114,ZD,2,2,2,1,0,0,0,2,2,1,1,1,0,0
53,115,ZD,2,2,2,1,0,0,-1,2,2,2,2,2,0,0
53,116,ZD,2,2,2,1,0,0,-1,2,2,2,2,2,0,0
53,117,ZD,2,2,2,1,0,0,0,2,2,1,1,1,0,0
53,118,INC,1,-1,-1,0,0,-1,-1,-1,-1,-1,-1,-1,0,1
53,119,ZD,2,2,2,1,0,0,-1,2,2,2,2,2,0,0
53,120,ZD,2,2,3,1,0,0,-1,3,3,3,3,3,0,0
53,121,ZD,2,2,3,1,0,0,-1,3,3,3,3,3,0,0
53,122,ZD,2,2,3,1,0,0,-1,3,3,3,3,3,0,0
53,123,ZD,2,2,3,1,0,0,-1,3,3,2,2,2,0,0
53,124,ZD,2,2,3,1,0,0,-1,3,3,2,2,2,0,0
53,125,ZD,2,2,3,1,0,0,-1,3,3,3,3,3,0,0
53,126,ZD,2,2,3,1,0,0,-1,3,3,3,3,3,0,0
53,127,ZD,2,2,3,1,0,0,-1,3,3,3,3,3,0,0
53,128,ZD,2,2,2,1,0,0,-1,2,2,1,1,1,0,0
53,129,ZD,2,2,2,1,0,0,-1,2,2,2,2,2,0,0
53,130,ZD,2,2,2,1,0,0,-1,2,2,2,2,2,0,0
53,131,ZD,2,2,2,1,0,0,-1,2,2,1,1,1,0,0
53,132,ZD,2,2,3,1,0,0,-1,3,3,3,3,3,0,0
53,133,ZD,2,2,3,1,0,0,-1,3,3,3,3,3,0,0
53,134,ZD,2,2,3,1,0,0,-1,3,3,3,3,3,0,0
53,135,ZD,2,2,3,1,0,0,-1,3,3,3,3,3,0,0
53,136,ZD,2,2,3,1,0,0,-1,3,3,3,3,3,0,0
53,137,ZD,2,2,3,1,0,0,-1,3,3,3,3,3,0,0
53,138,ZD,2,2,3,1,0,0,-1,3,3,3,3,3,0,0
53,139,ZD,2,2,3,1,0,0,-1,3,3,3,3,3,0,0
53,140,ZD,2,2,3,1,0,0,-1,3,3,3,3,3,0,0
53,141,ZD,2,2,3,1,0,0,-1,3,3,3,3,3,0,0
53,142,ZD,2,2,3,1,0,0,-1,3,3,3,3,3,0,0
53,143,ZD,2,2,3,1,0,0,-1,3,3,3,3,3,0,0
53,144,ZD,2,2,3,1,0,0,-1,3,3,3,3,3,0,0
53,145,ZD,2,2,3,1,0,0,-1,3,3,3,3,3,0,0
53,146,ZD,2,2,3,1,0,0,-1,3,3,3,3,3,0,0
53,147,ZD,2,2,3,1,0,0,-1,3,3,3,3,3,0,0
53,148,ZD,2,2,3,1,0,0,-1,3,3,3,3,3,0,0
53,149,ZD,2,2,2,1,0,0,0,3,3,1,1,1,0,0
53,150,ZD,2,2,2,1,0,0,-1,3,3,2,2,2,0,0
53,151,ZD,2,2,3,1,0,0,-1,3,3,3,3,3,0,0
53,152,ZD,2,2,3,1,0,0,-1,3,3,3,3,3,0,0
53,153,ZD,2,2,2,1,0,0,-1,3,3,2,2,2,0,0
53,154,ZD,2,2,2,1,0,0,0,3,3,1,1,1,0,0
53,155,ZD,2,2,3,1,0,0,-1,3,3,3,3,3,0,0
53,156,ZD,2,2,3,1,0,0,-1,4,4,4,4,4,0,0
53,157,ZD,2,2,3,1,0,0,-1,4,4,4,4,4,0,0
53,158,ZD,2,2,3,1,0,0,-1,4,4,4,4,4,0,0
53,159,ZD,2,2,3,1,0,0,-1,4,4,4,4,4,0,0
53,160,ZD,2,2,3,1,0,0,-1,4,4,4,4,4,0,0
53,161,ZD,2,2,3,1,0,0,-1,4,4,4,4,4,0,0
53,162,ZD,2,2,3,1,0,0,-1,4,4,4,4,4,0,0
53,163,ZD,2,2,3,1,0,0,-1,4,4,4,4,4,0,0
53,164,ZD,2,2,3,1,0,0,-1,3,3,3,3,3,0,0
53,165,ZD,2,2,3,1,0,0,-1,3,3,3,3,3,0,0
53,166,ZD,2,2,3,1,0,0,-1,3,3,3,3,3,0,0
53,167,ZD,2,2,3,1,0,0,-1,3,3,3,3,3,0,0
53,168,ZD,2,2,3,1,0,0,-1,4,4,4,4,4,0,0
53,169,ZD,2,2,3,1,0,0,-1,4,4,4,4,4,0,0
53,170,ZD,2,2,3,1,0,0,-1,4,4,4,4,4,0,0
53,171,ZD,2,2,3,1,0,0,-1,4,4,4,4,4,0,0
53,172,ZD,2,2,3,1,0,0,-1,4,4,4,4,4,0,0
53,173,ZD,2,2,3,1,0,0,-1,4,4,4,4,4,0,0
53,174,ZD,2,2,3,1,0,0,-1,4,4,4,4,4,0,0
53,175,ZD,2,2,3,1,0,0,-1,4,4,4,4,4,0,0
53,176,ZD,2,2,3,1,0,0,-1,4,4,4,4,4,0,0
53,177,ZD,2,2,3,1,0,0,-1,4,4,4,4,4,0,0
53,178,ZD,2,2,3,1,0,0,-1,4,4,4,4,4,0,0
53,179,ZD,2,2,3,1,0,0,-1,4,4,4,4,4,0,0
53,180,ZD,2,2,2,1,0,0,0,1,1,1,1,1,0,0
53,181,INC,1,-1,-1,0,0,-1,-1,-1,-1,-1,-1,-1,0,1
53,182,INC,1,-1,-1,0,0,-1,-1,-1,-1,-1,-1,-1,0,1
53,183,ZD,2,2,2,1,0,0,0,1,1,1,1,1,0,0
53,184,ZD,2,2,2,1,0,0,-1,2,2,1,1,1,0,0
53,185,ZD,2,2,2,1,0,0,-1,2,2,2,2,2,0,0
53,186,ZD,2,2,2,1,0,0,-1,2,2,2,2,2,0,0
53,187,ZD,2,2,2,1,0,0,-1,2,2,2,2,2,0,0
53,188,ZD,2,2,2,1,0,0,-1,2,2,2,2,2,0,0
53,189,ZD,2,2,2,1,0,0,-1,2,2,2,2,2,0,0
53,190,ZD,2,2,2,1,0,0,-1,2,2,2,2,2,0,0
53,191,ZD,2,2,2,1,0,0,-1,2,2,1,1,1,0,0
53,192,ZD,2,2,2,1,0,0,0,1,1,1,1,1,0,0
53,193,ZD,2,2,2,1,0,0,0,1,1,1,1,1,0,0
53,194,ZD,2,2,2,1,0,0,0,1,1,1,1,1,0,0
53,195,ZD,2,2,2,1,0,0,0,1,1,1,1,1,0,0
53,196,ZD,2,2,2,1,0,0,-1,2,2,2,2,2,0,0
53,197,ZD,2,2,2,1,0,0,-1,2,2,2,2,2,0,0
53,198,ZD,2,2,2,1,0,0,-1,2,2,2,2,2,0,0
53,199,ZD,2,2,2,1,0,0,-1,2,2,2,2,2,0,0
54,55,ZD,2,2,2,1,0,0,0,1,1,1,1,1,0,0
54,56,ZD,2,2,2,1,0,0,0,1,1,1,1,1,0,0
54,57,POS,1,1,1,0,0,-1,-1,-1,-1,-1,-1,-1,0,1
54,58,INC,1,-1,-1,0,0,-1,-1,-1,-1,-1,-1,-1,0,1
54,59,INC,1,-1,-1,0,0,-1,-1,-1,-1,-1,-1,-1,0,1
54,60,ZD,2,2,2,1,0,0,-1,2,2,2,2,2,0,0
54,61,ZD,2,2,2,1,0,0,-1,2,2,2,2,2,0,0
54,62,ZD,2,2,2,1,0,0,-1,2,2,2,2,2,0,0
54,63,ZD,2,2,2,1,0,0,-1,2,2,2,2,2,0,0
54,64,ZD,2,2,2,1,0,0,-1,2,2,2,2,2,0,0
54,65,ZD,2,2,2,1,0,0,-1,2,2,2,2,2,0,0
54,66,ZD,2,2,2,1,0,0,-1,2,2,2,2,2,0,0
54,67,ZD,2,2,2,1,0,0,-1,2,2,2,2,2,0,0
54,68,INC,1,-1,-1,0,0,-1,-1,-1,-1,-1,-1,-1,0,1
54,69,ZD,2,2,2,1,0,0,0,1,1,1,1,1,0,0
54,70,ZD,2,2,2,1,0,0,0,1,1,1,1,1,0,0
54,71,INC,1,-1,-1,0,0,-1,-1,-1,-1,-1,-1,-1,0,1
54,72,ZD,2,2,2,1,0,0,0,1,1,1,1,1,0,0
54,73,ZD,2,2,2,1,0,0,0,1,1,1,1,1,0,0
54,74,ZD,2,2,2,1,0,0,-1,2,2,2,2,2,0,0
54,75,ZD,2,2,2,1,0,0,-1,2,2,2,2,2,0,0
54,76,ZD,2,2,2,1,0,0,-1,2,2,2,2,2,0,0
54,77,ZD,2,2,2,1,0,0,-1,2,2,2,2,2,0,0
54,78,ZD,2,2,2,1,0,0,0,1,1,1,1,1,0,0
54,79,ZD,2,2,2,1,0,0,0,1,1,1,1,1,0,0
54,80,ZD,2,2,2,1,0,0,-1,2,2,2,2,2,0,0
54,81,ZD,2,2,2,1,0,0,-1,2,2,2,2,2,0,0
54,82,ZD,2,2,2,1,0,0,-1,2,2,2,2,2,0,0
54,83,ZD,2,2,2,1,0,0,-1,2,2,2,2,2,0,0
54,84,ZD,2,2,2,1,0,0,-1,2,2,2,2,2,0,0
54,85,ZD,2,2,2,1,0,0,0,2,2,1,1,1,0,0
54,86,ZD,2,2,2,1,0,0,0,2,2,1,1,1,0,0
54,87,ZD,2,2,2,1,0,0,-1,2,2,2,2,2,0,0
54,88,ZD,2,2,3,1,0,0,-1,3,3,3,3,3,0,0
54,89,ZD,2,2,3,1,0,0,-1,3,3,3,3,3,0,0
54,90,ZD,2,2,3,1,0,0,-1,3,3,3,3,3,0,0
54,91,ZD,2,2,3,1,0,0,-1,3,3,3,3,3,0,0
54,92,ZD,2,2,3,1,0,0,-1,3,3,3,3,3,0,0
54,93,ZD,2,2,3,1,0,0,-1,3,3,3,3,3,0,0
54,94,ZD,2,2,3,1,0,0,-1,3,3,3,3,3,0,0
54,95,ZD,2,2,3,1,0,0,-1,3,3,3,3,3,0,0
54,96,ZD,2,2,3,1,0,0,-1,3,3,3,3,3,0,0
54,97,ZD,2,2,3,1,0,0,-1,3,3,1,1,1,0,0
54,98,ZD,2,2,3,1,0,0,-1,3,3,3,3,3,0,0
54,99,ZD,2,2,3,1,0,0,-1,3,3,2,2,2,0,0
54,100,ZD,2,2,3,1,0,0,-1,3,3,2,2,2,0,0
54,101,ZD,2,2,3,1,0,0,-1,3,3,3,3,3,0,0
54,102,ZD,2,2,3,1,0,0,-1,3,3,1,1,1,0,0
54,103,ZD,2,2,3,1,0,0,-1,3,3,3,3,3,0,0
54,104,ZD,2,2,3,1,0,0,-1,4,4,4,4,4,0,0
54,105,ZD,2,2,3,1,0,0,-1,4,4,4,4,4,0,0
54,106,ZD,2,2,3,1,0,0,-1,4,4,4,4,4,0,0
54,107,ZD,2,2,3,1,0,0,-1,4,4,4,4,4,0,0
54,108,ZD,2,2,3,1,0,0,-1,4,4,4,4,4,0,0
54,109,ZD,2,2,3,1,0,0,-1,4,4,4,4,4,0,0
54,110,ZD,2,2,3,1,0,0,-1,4,4,4,4,4,0,0
54,111,ZD,2,2,3,1,0,0,-1,4,4,4,4,4,0,0
54,112,ZD,2,2,2,1,0,0,-1,2,2,2,2,2,0,0
54,113,ZD,2,2,2,1,0,0,0,2,2,1,1,1,0,0
54,114,INC,1,-1,-1,0,0,-1,-1,-1,-1,-1,-1,-1,0,1
54,115,ZD,2,2,2,1,0,0,-1,2,2,2,2,2,0,0
54,116,ZD,2,2,2,1,0,0,-1,2,2,2,2,2,0,0
54,117,INC,1,-1,-1,0,0,-1,-1,-1,-1,-1,-1,-1,0,1
54,118,ZD,2,2,2,1,0,0,0,2,2,1,1,1,0,0
54,119,ZD,2,2,2,1,0,0,-1,2,2,2,2,2,0,0
54,120,ZD,2,2,3,1,0,0,-1,3,3,3,3,3,0,0
54,121,ZD,2,2,3,1,0,0,-1,3,3,2,2,2,0,0
54,122,ZD,2,2,3,1,0,0,-1,3,3,3,3,3,0,0
54,123,ZD,2,2,3,1,0,0,-1,3,3,3,3,3,0,0
54,124,ZD,2,2,3,1,0,0,-1,3,3,3,3,3,0,0
54,125,ZD,2,2,3,1,0,0,-1,3,3,3,3,3,0,0
54,126,ZD,2,2,3,1,0,0,-1,3,3,2,2,2,0,0
54,127,ZD,2,2,3,1,0,0,-1,3,3,3,3,3,0,0
54,128,ZD,2,2,2,1,0,0,-1,2,2,2,2,2,0,0
54,129,ZD,2,2,2,1,0,0,-1,2,2,1,1,1,0,0
54,130,ZD,2,2,2,1,0,0,-1,2,2,1,1,1,0,0
54,131,ZD,2,2,2,1,0,0,-1,2,2,2,2,2,0,0
54,132,ZD,2,2,3,1,0,0,-1,3,3,3,3,3,0,0
54,133,ZD,2,2,3,1,0,0,-1,3,3,3,3,3,0,0
54,134,ZD,2,2,3,1,0,0,-1,3,3,3,3,3,0,0
54,135,ZD,2,2,3,1,0,0,-1,3,3,3,3,3,0,0
54,136,ZD,2,2,3,1,0,0,-1,3,3,3,3,3,0,0
54,137,ZD,2,2,3,1,0,0,-1,3,3,3,3,3,0,0
54,138,ZD,2,2,3,1,0,0,-1,3,3,3,3,3,0,0
54,139,ZD,2,2,3,1,0,0,-1,3,3,3,3,3,0,0
54,140,ZD,2,2,3,1,0,0,-1,3,3,3,3,3,0,0
54,141,ZD,2,2,3,1,0,0,-1,3,3,3,3,3,0,0
54,142,ZD,2,2,3,1,0,0,-1,3,3,3,3,3,0,0
54,143,ZD,2,2,3,1,0,0,-1,3,3,3,3,3,0,0
54,144,ZD,2,2,3,1,0,0,-1,3,3,3,3,3,0,0
54,145,ZD,2,2,3,1,0,0,-1,3,3,3,3,3,0,0
54,146,ZD,2,2,3,1,0,0,-1,3,3,3,3,3,0,0
54,147,ZD,2,2,3,1,0,0,-1,3,3,3,3,3,0,0
54,148,ZD,2,2,3,1,0,0,-1,3,3,3,3,3,0,0
54,149,ZD,2,2,2,1,0,0,-1,3,3,2,2,2,0,0
54,150,ZD,2,2,2,1,0,0,0,3,3,1,1,1,0,0
54,151,ZD,2,2,3,1,0,0,-1,3,3,3,3,3,0,0
54,152,ZD,2,2,3,1,0,0,-1,3,3,3,3,3,0,0
54,153,ZD,2,2,2,1,0,0,0,3,3,1,1,1,0,0
54,154,ZD,2,2,2,1,0,0,-1,3,3,2,2,2,0,0
54,155,ZD,2,2,3,1,0,0,-1,3,3,3,3,3,0,0
54,156,ZD,2,2,3,1,0,0,-1,4,4,4,4,4,0,0
54,157,ZD,2,2,3,1,0,0,-1,4,4,4,4,4,0,0
54,158,ZD,2,2,3,1,0,0,-1,4,4,4,4,4,0,0
54,159,ZD,2,2,3,1,0,0,-1,4,4,4,4,4,0,0
54,160,ZD,2,2,3,1,0,0,-1,4,4,4,4,4,0,0
54,161,ZD,2,2,3,1,0,0,-1,4,4,4,4,4,0,0
54,162,ZD,2,2,3,1,0,0,-1,4,4,4,4,4,0,0
54,163,ZD,2,2,3,1,0,0,-1,4,4,4,4,4,0,0
54,164,ZD,2,2,3,1,0,0,-1,3,3,3,3,3,0,0
54,165,ZD,2,2,3,1,0,0,-1,3,3,3,3,3,0,0
54,166,ZD,2,2,3,1,0,0,-1,3,3,3,3,3,0,0
54,167,ZD,2,2,3,1,0,0,-1,3,3,3,3,3,0,0
54,168,ZD,2,2,3,1,0,0,-1,4,4,4,4,4,0,0
54,169,ZD,2,2,3,1,0,0,-1,4,4,4,4,4,0,0
54,170,ZD,2,2,3,1,0,0,-1,4,4,4,4,4,0,0
54,171,ZD,2,2,3,1,0,0,-1,4,4,4,4,4,0,0
54,172,ZD,2,2,3,1,0,0,-1,4,4,4,4,4,0,0
54,173,ZD,2,2,3,1,0,0,-1,4,4,4,4,4,0,0
54,174,ZD,2,2,3,1,0,0,-1,4,4,4,4,4,0,0
54,175,ZD,2,2,3,1,0,0,-1,4,4,4,4,4,0,0
54,176,ZD,2,2,3,1,0,0,-1,4,4,4,4,4,0,0
54,177,ZD,2,2,3,1,0,0,-1,4,4,4,4,4,0,0
54,178,ZD,2,2,3,1,0,0,-1,4,4,4,4,4,0,0
54,179,ZD,2,2,3,1,0,0,-1,4,4,4,4,4,0,0
54,180,ZD,2,2,2,1,0,0,0,1,1,1,1,1,0,0
54,181,INC,1,-1,-1,0,0,-1,-1,-1,-1,-1,-1,-1,0,1
54,182,INC,1,-1,-1,0,0,-1,-1,-1,-1,-1,-1,-1,0,1
54,183,ZD,2,2,2,1,0,0,0,1,1,1,1,1,0,0
54,184,ZD,2,2,2,1,0,0,-1,2,2,2,2,2,0,0
54,185,ZD,2,2,2,1,0,0,-1,2,2,1,1,1,0,0
54,186,ZD,2,2,2,1,0,0,-1,2,2,2,2,2,0,0
54,187,ZD,2,2,2,1,0,0,-1,2,2,2,2,2,0,0
54,188,ZD,2,2,2,1,0,0,-1,2,2,2,2,2,0,0
54,189,ZD,2,2,2,1,0,0,-1,2,2,2,2,2,0,0
54,190,ZD,2,2,2,1,0,0,-1,2,2,1,1,1,0,0
54,191,ZD,2,2,2,1,0,0,-1,2,2,2,2,2,0,0
54,192,ZD,2,2,2,1,0,0,0,1,1,1,1,1,0,0
54,193,ZD,2,2,2,1,0,0,0,1,1,1,1,1,0,0
54,194,ZD,2,2,2,1,0,0,0,1,1,1,1,1,0,0
54,195,ZD,2,2,2,1,0,0,0,1,1,1,1,1,0,0
54,196,ZD,2,2,2,1,0,0,-1,2,2,2,2,2,0,0
54,197,ZD,2,2,2,1,0,0,-1,2,2,2,2,2,0,0
54,198,ZD,2,2,2,1,0,0,-1,2,2,2,2,2,0,0
54,199,ZD,2,2,2,1,0,0,-1,2,2,2,2,2,0,0
55,56,POS,1,1,1,0,0,-1,-1,-1,-1,-1,-1,-1,0,1
55,57,ZD,2,2,2,1,0,0,0,1,1,1,1,1,0,0
55,58,INC,1,-1,-1,0,0,-1,-1,-1,-1,-1,-1,-1,0,1
55,59,INC,1,-1,-1,0,0,-1,-1,-1,-1,-1,-1,-1,0,1
55,60,ZD,2,2,2,1,0,0,-1,2,2,2,2,2,0,0
55,61,ZD,2,2,2,1,0,0,-1,2,2,2,2,2,0,0
55,62,ZD,2,2,2,1,0,0,-1,2,2,2,2,2,0,0
55,63,ZD,2,2,2,1,0,0,-1,2,2,2,2,2,0,0
55,64,ZD,2,2,2,1,0,0,-1,2,2,2,2,2,0,0
55,65,ZD,2,2,2,1,0,0,-1,2,2,2,2,2,0,0
55,66,ZD,2,2,2,1,0,0,-1,2,2,2,2,2,0,0
55,67,ZD,2,2,2,1,0,0,-1,2,2,2,2,2,0,0
55,68,ZD,2,2,2,1,0,0,0,1,1,1,1,1,0,0
55,69,INC,1,-1,-1,0,0,-1,-1,-1,-1,-1,-1,-1,0,1
55,70,INC,1,-1,-1,0,0,-1,-1,-1,-1,-1,-1,-1,0,1
55,71,ZD,2,2,2,1,0,0,0,1,1,1,1,1,0,0
55,72,ZD,2,2,2,1,0,0,-1,2,2,2,2,2,0,0
55,73,ZD,2,2,2,1,0,0,-1,2,2,2,2,2,0,0
55,74,ZD,2,2,2,1,0,0,0,1,1,1,1,1,0,0
55,75,ZD,2,2,2,1,0,0,0,1,1,1,1,1,0,0
55,76,ZD,2,2,2,1,0,0,0,1,1,1,1,1,0,0
55,77,ZD,2,2,2,1,0,0,0,1,1,1,1,1,0,0
55,78,ZD,2,2,2,1,0,0,-1,2,2,2,2,2,0,0
55,79,ZD,2,2,2,1,0,0,-1,2,2,2,2,2,0,0
55,80,ZD,2,2,2,1,0,0,-1,2,2,2,2,2,0,0
55,81,ZD,2,2,2,1,0,0,-1,2,2,2,2,2,0,0
55,82,ZD,2,2,2,1,0,0,-1,2,2,2,2,2,0,0
55,83,ZD,2,2,2,1,0,0,-1,2,2,2,2,2,0,0
55,84,ZD,2,2,2,1,0,0,0,2,2,1,1,1,0,0
55,85,ZD,2,2,2,1,0,0,-1,2,2,2,2,2,0,0
55,86,ZD,2,2,2,1,0,0,-1,2,2,2,2,2,0,0
55,87,ZD,2,2,2,1,0,0,0,2,2,1,1,1,0,0
55,88,ZD,2,2,3,1,0,0,-1,3,3,3,3,3,0,0
55,89,ZD,2,2,3,1,0,0,-1,3,3,3,3,3,0,0
55,90,ZD,2,2,3,1,0,0,-1,3,3,3,3,3,0,0
55,91,ZD,2,2,3,1,0,0,-1,3,3,3,3,3,0,0
55,92,ZD,2,2,3,1,0,0,-1,3,3,3,3,3,0,0
55,93,ZD,2,2,3,1,0,0,-1,3,3,3,3,3,0,0
55,94,ZD,2,2,3,1,0,0,-1,3,3,3,3,3,0,0
55,95,ZD,2,2,3,1,0,0,-1,3,3,3,3,3,0,0
55,96,ZD,2,2,3,1,0,0,-1,3,3,3,3,3,0,0
55,97,ZD,2,2,3,1,0,0,-1,3,3,2,2,2,0,0
55,98,ZD,2,2,3,1,0,0,-1,3,3,3,3,3,0,0
55,99,ZD,2,2,3,1,0,0,-1,3,3,1,1,1,0,0
55,100,ZD,2,2,3,1,0,0,-1,3,3,1,1,1,0,0
55,101,ZD,2,2,3,1,0,0,-1,3,3,3,3,3,0,0
55,102,ZD,2,2,3,1,0,0,-1,3,3,2,2,2,0,0
55,103,ZD,2,2,3,1,0,0,-1,3,3,3,3,3,0,0
55,104,ZD,2,2,3,1,0,0,-1,4,4,4,4,4,0,0
55,105,ZD,2,2,3,1,0,0,-1,4,4,4,4,4,0,0
55,106,ZD,2,2,3,1,0,0,-1,4,4,4,4,4,0,0
55,107,ZD,2,2,3,1,0,0,-1,4,4,4,4,4,0,0
55,108,ZD,2,2,3,1,0,0,-1,4,4,4,4,4,0,0
55,109,ZD,2,2,3,1,0,0,-1,4,4,4,4,4,0,0
55,110,ZD,2,2,3,1,0,0,-1,4,4,4,4,4,0,0
55,111,ZD,2,2,3,1,0,0,-1,4,4,4,4,4,0,0
55,112,INC,1,-1,-1,0,0,-1,-1,-1,-1,-1,-1,-1,0,1
55,113,ZD,2,2,2,1,0,0,-1,2,2,2,2,2,0,0
55,114,ZD,2,2,2,1,0,0,-1,2,2,2,2,2,0,0
55,115,ZD,2,2,2,1,0,0,0,2,2,1,1,1,0,0
55,116,ZD,2,2,2,1,0,0,0,2,2,1,1,1,0,0
55,117,ZD,2,2,2,1,0,0,-1,2,2,2,2,2,0,0
55,118,ZD,2,2,2,1,0,0,-1,2,2,2,2,2,0,0
55,119,INC,1,-1,-1,0,0,-1,-1,-1,-1,-1,-1,-1,0,1
55,120,ZD,2,2,3,1,0,0,-1,3,3,3,3,3,0,0
55,121,ZD,2,2,3,1,0,0,-1,3,3,3,3,3,0,0
55,122,ZD,2,2,3,1,0,0,-1,3,3,2,2,2,0,0
55,123,ZD,2,2,3,1,0,0,-1,3,3,3,3,3,0,0
55,124,ZD,2,2,3,1,0,0,-1,3,3,3,3,3,0,0
55,125,ZD,2,2,3,1,0,0,-1,3,3,2,2,2,0,0
55,126,ZD,2,2,3,1,0,0,-1,3,3,3,3,3,0,0
55,127,ZD,2,2,3,1,0,0,-1,3,3,3,3,3,0,0
55,128,ZD,2,2,2,1,0,0,-1,2,2,2,2,2,0,0
55,129,ZD,2,2,2,1,0,0,-1,2,2,1,1,1,0,0
55,130,ZD,2,2,2,1,0,0,-1,2,2,1,1,1,0,0
55,131,ZD,2,2,2,1,0,0,-1,2,2,2,2,2,0,0
55,132,ZD,2,2,3,1,0,0,-1,3,3,3,3,3,0,0
55,133,ZD,2,2,3,1,0,0,-1,3,3,3,3,3,0,0
55,134,ZD,2,2,3,1,0,0,-1,3,3,3,3,3,0,0
55,135,ZD,2,2,3,1,0,0,-1,3,3,3,3,3,0,0
55,136,ZD,2,2,3,1,0,0,-1,3,3,3,3,3,0,0
55,137,ZD,2,2,3,1,0,0,-1,3,3,3,3,3,0,0
55,138,ZD,2,2,3,1,0,0,-1,3,3,3,3,3,0,0
55,139,ZD,2,2,3,1,0,0,-1,3,3,3,3,3,0,0
55,140,ZD,2,2,3,1,0,0,-1,3,3,3,3,3,0,0
55,141,ZD,2,2,3,1,0,0,-1,3,3,3,3,3,0,0
55,142,ZD,2,2,3,1,0,0,-1,3,3,3,3,3,0,0
55,143,ZD,2,2,3,1,0,0,-1,3,3,3,3,3,0,0
55,144,ZD,2,2,3,1,0,0,-1,3,3,3,3,3,0,0
55,145,ZD,2,2,3,1,0,0,-1,3,3,3,3,3,0,0
55,146,ZD,2,2,3,1,0,0,-1,3,3,3,3,3,0,0
55,147,ZD,2,2,3,1,0,0,-1,3,3,3,3,3,0,0
55,148,ZD,2,2,2,1,0,0,-1,3,3,2,2,2,0,0
55,149,ZD,2,2,3,1,0,0,-1,3,3,3,3,3,0,0
55,150,ZD,2,2,3,1,0,0,-1,3,3,3,3,3,0,0
55,151,ZD,2,2,2,1,0,0,0,3,3,1,1,1,0,0
55,152,ZD,2,2,2,1,0,0,0,3,3,1,1,1,0,0
55,153,ZD,2,2,3,1,0,0,-1,3,3,3,3,3,0,0
55,154,ZD,2,2,3,1,0,0,-1,3,3,3,3,3,0,0
55,155,ZD,2,2,2,1,0,0,-1,3,3,2,2,2,0,0
55,156,ZD,2,2,3,1,0,0,-1,4,4,4,4,4,0,0
55,157,ZD,2,2,3,1,0,0,-1,4,4,4,4,4,0,0
55,158,ZD,2,2,3,1,0,0,-1,4,4,4,4,4,0,0
55,159,ZD,2,2,3,1,0,0,-1,4,4,4,4,4,0,0
55,160,ZD,2,2,3,1,0,0,-1,4,4,4,4,4,0,0
55,161,ZD,2,2,3,1,0,0,-1,4,4,4,4,4,0,0
55,162,ZD,2,2,3,1,0,0,-1,4,4,4,4,4,0,0
55,163,ZD,2,2,3,1,0,0,-1,4,4,4,4,4,0,0
55,164,ZD,2,2,3,1,0,0,-1,3,3,3,3,3,0,0
55,165,ZD,2,2,3,1,0,0,-1,3,3,3,3,3,0,0
55,166,ZD,2,2,3,1,0,0,-1,3,3,3,3,3,0,0
55,167,ZD,2,2,3,1,0,0,-1,3,3,3,3,3,0,0
55,168,ZD,2,2,3,1,0,0,-1,4,4,4,4,4,0,0
55,169,ZD,2,2,3,1,0,0,-1,4,4,4,4,4,0,0
55,170,ZD,2,2,3,1,0,0,-1,4,4,4,4,4,0,0
55,171,ZD,2,2,3,1,0,0,-1,4,4,4,4,4,0,0
55,172,ZD,2,2,3,1,0,0,-1,4,4,4,4,4,0,0
55,173,ZD,2,2,3,1,0,0,-1,4,4,4,4,4,0,0
55,174,ZD,2,2,3,1,0,0,-1,4,4,4,4,4,0,0
55,175,ZD,2,2,3,1,0,0,-1,4,4,4,4,4,0,0
55,176,ZD,2,2,3,1,0,0,-1,4,4,4,4,4,0,0
55,177,ZD,2,2,3,1,0,0,-1,4,4,4,4,4,0,0
55,178,ZD,2,2,3,1,0,0,-1,4,4,4,4,4,0,0
55,179,ZD,2,2,3,1,0,0,-1,4,4,4,4,4,0,0
55,180,INC,1,-1,-1,0,0,-1,-1,-1,-1,-1,-1,-1,0,1
55,181,ZD,2,2,2,1,0,0,0,1,1,1,1,1,0,0
55,182,ZD,2,2,2,1,0,0,0,1,1,1,1,1,0,0
55,183,INC,1,-1,-1,0,0,-1,-1,-1,-1,-1,-1,-1,0,1
55,184,ZD,2,2,2,1,0,0,-1,2,2,2,2,2,0,0
55,185,ZD,2,2,2,1,0,0,-1,2,2,2,2,2,0,0
55,186,ZD,2,2,2,1,0,0,-1,2,2,2,2,2,0,0
55,187,ZD,2,2,2,1,0,0,-1,2,2,1,1,1,0,0
55,188,ZD,2,2,2,1,0,0,-1,2,2,1,1,1,0,0
55,189,ZD,2,2,2,1,0,0,-1,2,2,2,2,2,0,0
55,190,ZD,2,2,2,1,0,0,-1,2,2,2,2,2,0,0
55,191,ZD,2,2,2,1,0,0,-1,2,2,2,2,2,0,0
55,192,ZD,2,2,2,1,0,0,0,1,1,1,1,1,0,0
55,193,ZD,2,2,2,1,0,0,0,1,1,1,1,1,0,0
55,194,ZD,2,2,2,1,0,0,0,1,1,1,1,1,0,0
55,195,ZD,2,2,2,1,0,0,0,1,1,1,1,1,0,0
55,196,ZD,2,2,2,1,0,0,-1,2,2,2,2,2,0,0
55,197,ZD,2,2,2,1,0,0,-1,2,2,2,2,2,0,0
55,198,ZD,2,2,2,1,0,0,-1,2,2,2,2,2,0,0
55,199,ZD,2,2,2,1,0,0,-1,2,2,2,2,2,0,0
56,57,ZD,2,2,2,1,0,0,0,1,1,1,1,1,0,0
56,58,INC,1,-1,-1,0,0,-1,-1,-1,-1,-1,-1,-1,0,1
56,59,INC,1,-1,-1,0,0,-1,-1,-1,-1,-1,-1,-1,0,1
56,60,ZD,2,2,2,1,0,0,-1,2,2,2,2,2,0,0
56,61,ZD,2,2,2,1,0,0,-1,2,2,2,2,2,0,0
56,62,ZD,2,2,2,1,0,0,-1,2,2,2,2,2,0,0
56,63,ZD,2,2,2,1,0,0,-1,2,2,2,2,2,0,0
56,64,ZD,2,2,2,1,0,0,-1,2,2,2,2,2,0,0
56,65,ZD,2,2,2,1,0,0,-1,2,2,2,2,2,0,0
56,66,ZD,2,2,2,1,0,0,-1,2,2,2,2,2,0,0
56,67,ZD,2,2,2,1,0,0,-1,2,2,2,2,2,0,0
56,68,ZD,2,2,2,1,0,0,0,1,1,1,1,1,0,0
56,69,INC,1,-1,-1,0,0,-1,-1,-1,-1,-1,-1,-1,0,1
56,70,INC,1,-1,-1,0,0,-1,-1,-1,-1,-1,-1,-1,0,1
56,71,ZD,2,2,2,1,0,0,0,1,1,1,1,1,0,0
56,72,ZD,2,2,2,1,0,0,-1,2,2,2,2,2,0,0
56,73,ZD,2,2,2,1,0,0,-1,2,2,2,2,2,0,0
56,74,ZD,2,2,2,1,0,0,0,1,1,1,1,1,0,0
56,75,ZD,2,2,2,1,0,0,0,1,1,1,1,1,0,0
56,76,ZD,2,2,2,1,0,0,0,1,1,1,1,1,0,0
56,77,ZD,2,2,2,1,0,0,0,1,1,1,1,1,0,0
56,78,ZD,2,2,2,1,0,0,-1,2,2,2,2,2,0,0
56,79,ZD,2,2,2,1,0,0,-1,2,2,2,2,2,0,0
56,80,ZD,2,2,2,1,0,0,-1,2,2,2,2,2,0,0
56,81,ZD,2,2,2,1,0,0,-1,2,2,2,2,2,0,0
56,82,ZD,2,2,2,1,0,0,-1,2,2,2,2,2,0,0
56,83,ZD,2,2,2,1,0,0,-1,2,2,2,2,2,0,0
56,84,ZD,2,2,2,1,0,0,0,2,2,1,1,1,0,0
56,85,ZD,2,2,2,1,0,0,-1,2,2,2,2,2,0,0
56,86,ZD,2,2,2,1,0,0,-1,2,2,2,2,2,0,0
56,87,ZD,2,2,2,1,0,0,0,2,2,1,1,1,0,0
56,88,ZD,2,2,3,1,0,0,-1,3,3,3,3,3,0,0
56,89,ZD,2,2,3,1,0,0,-1,3,3,3,3,3,0,0
56,90,ZD,2,2,3,1,0,0,-1,3,3,3,3,3,0,0
56,91,ZD,2,2,3,1,0,0,-1,3,3,3,3,3,0,0
56,92,ZD,2,2,3,1,0,0,-1,3,3,3,3,3,0,0
56,93,ZD,2,2,3,1,0,0,-1,3,3,3,3,3,0,0
56,94,ZD,2,2,3,1,0,0,-1,3,3,3,3,3,0,0
56,95,ZD,2,2,3,1,0,0,-1,3,3,3,3,3,0,0
56,96,ZD,2,2,3,1,0,0,-1,3,3,3,3,3,0,0
56,97,ZD,2,2,3,1,0,0,-1,3,3,2,2,2,0,0
56,98,ZD,2,2,3,1,0,0,-1,3,3,3,3,3,0,0
56,99,ZD,2,2,3,1,0,0,-1,3,3,1,1,1,0,0
56,100,ZD,2,2,3,1,0,0,-1,3,3,1,1,1,0,0
56,101,ZD,2,2,3,1,0,0,-1,3,3,3,3,3,0,0
56,102,ZD,2,2,3,1,0,0,-1,3,3,2,2,2,0,0
56,103,ZD,2,2,3,1,0,0,-1,3,3,3,3,3,0,0
56,104,ZD,2,2,3,1,0,0,-1,4,4,4,4,4,0,0
56,105,ZD,2,2,3,1,0,0,-1,4,4,4,4,4,0,0
56,106,ZD,2,2,3,1,0,0,-1,4,4,4,4,4,0,0
56,107,ZD,2,2,3,1,0,0,-1,4,4,4,4,4,0,0
56,108,ZD,2,2,3,1,0,0,-1,4,4,4,4,4,0,0
56,109,ZD,2,2,3,1,0,0,-1,4,4,4,4,4,0,0
56,110,ZD,2,2,3,1,0,0,-1,4,4,4,4,4,0,0
56,111,ZD,2,2,3,1,0,0,-1,4,4,4,4,4,0,0
56,112,INC,1,-1,-1,0,0,-1,-1,-1,-1,-1,-1,-1,0,1
56,113,ZD,2,2,2,1,0,0,-1,2,2,2,2,2,0,0
56,114,ZD,2,2,2,1,0,0,-1,2,2,2,2,2,0,0
56,115,ZD,2,2,2,1,0,0,0,2,2,1,1,1,0,0
56,116,ZD,2,2,2,1,0,0,0,2,2,1,1,1,0,0
56,117,ZD,2,2,2,1,0,0,-1,2,2,2,2,2,0,0
56,118,ZD,2,2,2,1,0,0,-1,2,2,2,2,2,0,0
56,119,INC,1,-1,-1,0,0,-1,-1,-1,-1,-1,-1,-1,0,1
56,120,ZD,2,2,3,1,0,0,-1,3,3,3,3,3,0,0
56,121,ZD,2,2,3,1,0,0,-1,3,3,3,3,3,0,0
56,122,ZD,2,2,3,1,0,0,-1,3,3,2,2,2,0,0
56,123,ZD,2,2,3,1,0,0,-1,3,3,3,3,3,0,0
56,124,ZD,2,2,3,1,0,0,-1,3,3,3,3,3,0,0
56,125,ZD,2,2,3,1,0,0,-1,3,3,2,2,2,0,0
56,126,ZD,2,2,3,1,0,0,-1,3,3,3,3,3,0,0
56,127,ZD,2,2,3,1,0,0,-1,3,3,3,3,3,0,0
56,128,ZD,2,2,2,1,0,0,-1,2,2,2,2,2,0,0
56,129,ZD,2,2,2,1,0,0,-1,2,2,1,1,1,0,0
56,130,ZD,2,2,2,1,0,0,-1,2,2,1,1,1,0,0
56,131,ZD,2,2,2,1,0,0,-1,2,2,2,2,2,0,0
56,132,ZD,2,2,3,1,0,0,-1,3,3,3,3,3,0,0
56,133,ZD,2,2,3,1,0,0,-1,3,3,3,3,3,0,0
56,134,ZD,2,2,3,1,0,0,-1,3,3,3,3,3,0,0
56,135,ZD,2,2,3,1,0,0,-1,3,3,3,3,3,0,0
56,136,ZD,2,2,3,1,0,0,-1,3,3,3,3,3,0,0
56,137,ZD,2,2,3,1,0,0,-1,3,3,3,3,3,0,0
56,138,ZD,2,2,3,1,0,0,-1,3,3,3,3,3,0,0
56,139,ZD,2,2,3,1,0,0,-1,3,3,3,3,3,0,0
56,140,ZD,2,2,3,1,0,0,-1,3,3,3,3,3,0,0
56,141,ZD,2,2,3,1,0,0,-1,3,3,3,3,3,0,0
56,142,ZD,2,2,3,1,0,0,-1,3,3,3,3,3,0,0
56,143,ZD,2,2,3,1,0,0,-1,3,3,3,3,3,0,0
56,144,ZD,2,2,3,1,0,0,-1,3,3,3,3,3,0,0
56,145,ZD,2,2,3,1,0,0,-1,3,3,3,3,3,0,0
56,146,ZD,2,2,3,1,0,0,-1,3,3,3,3,3,0,0
56,147,ZD,2,2,3,1,0,0,-1,3,3,3,3,3,0,0
56,148,ZD,2,2,2,1,0,0,-1,3,3,2,2,2,0,0
56,149,ZD,2,2,3,1,0,0,-1,3,3,3,3,3,0,0
56,150,ZD,2,2,3,1,0,0,-1,3,3,3,3,3,0,0
56,151,ZD,2,2,2,1,0,0,0,3,3,1,1,1,0,0
56,152,ZD,2,2,2,1,0,0,0,3,3,1,1,1,0,0
56,153,ZD,2,2,3,1,0,0,-1,3,3,3,3,3,0,0
56,154,ZD,2,2,3,1,0,0,-1,3,3,3,3,3,0,0
56,155,ZD,2,2,2,1,0,0,-1,3,3,2,2,2,0,0
56,156,ZD,2,2,3,1,0,0,-1,4,4,4,4,4,0,0
56,157,ZD,2,2,3,1,0,0,-1,4,4,4,4,4,0,0
56,158,ZD,2,2,3,1,0,0,-1,4,4,4,4,4,0,0
56,159,ZD,2,2,3,1,0,0,-1,4,4,4,4,4,0,0
56,160,ZD,2,2,3,1,0,0,-1,4,4,4,4,4,0,0
56,161,ZD,2,2,3,1,0,0,-1,4,4,4,4,4,0,0
56,162,ZD,2,2,3,1,0,0,-1,4,4,4,4,4,0,0
56,163,ZD,2,2,3,1,0,0,-1,4,4,4,4,4,0,0
56,164,ZD,2,2,3,1,0,0,-1,3,3,3,3,3,0,0
56,165,ZD,2,2,3,1,0,0,-1,3,3,3,3,3,0,0
56,166,ZD,2,2,3,1,0,0,-1,3,3,3,3,3,0,0
56,167,ZD,2,2,3,1,0,0,-1,3,3,3,3,3,0,0
56,168,ZD,2,2,3,1,0,0,-1,4,4,4,4,4,0,0
56,169,ZD,2,2,3,1,0,0,-1,4,4,4,4,4,0,0
56,170,ZD,2,2,3,1,0,0,-1,4,4,4,4,4,0,0
56,171,ZD,2,2,3,1,0,0,-1,4,4,4,4,4,0,0
56,172,ZD,2,2,3,1,0,0,-1,4,4,4,4,4,0,0
56,173,ZD,2,2,3,1,0,0,-1,4,4,4,4,4,0,0
56,174,ZD,2,2,3,1,0,0,-1,4,4,4,4,4,0,0
56,175,ZD,2,2,3,1,0,0,-1,4,4,4,4,4,0,0
56,176,ZD,2,2,3,1,0,0,-1,4,4,4,4,4,0,0
56,177,ZD,2,2,3,1,0,0,-1,4,4,4,4,4,0,0
56,178,ZD,2,2,3,1,0,0,-1,4,4,4,4,4,0,0
56,179,ZD,2,2,3,1,0,0,-1,4,4,4,4,4,0,0
56,180,INC,1,-1,-1,0,0,-1,-1,-1,-1,-1,-1,-1,0,1
56,181,ZD,2,2,2,1,0,0,0,1,1,1,1,1,0,0
56,182,ZD,2,2,2,1,0,0,0,1,1,1,1,1,0,0
56,183,INC,1,-1,-1,0,0,-1,-1,-1,-1,-1,-1,-1,0,1
56,184,ZD,2,2,2,1,0,0,-1,2,2,2,2,2,0,0
56,185,ZD,2,2,2,1,0,0,-1,2,2,2,2,2,0,0
56,186,ZD,2,2,2,1,0,0,-1,2,2,2,2,2,0,0
56,187,ZD,2,2,2,1,0,0,-1,2,2,1,1,1,0,0
56,188,ZD,2,2,2,1,0,0,-1,2,2,1,1,1,0,0
56,189,ZD,2,2,2,1,0,0,-1,2,2,2,2,2,0,0
56,190,ZD,2,2,2,1,0,0,-1,2,2,2,2,2,0,0
56,191,ZD,2,2,2,1,0,0,-1,2,2,2,2,2,0,0
56,192,ZD,2,2,2,1,0,0,0,1,1,1,1,1,0,0
56,193,ZD,2,2,2,1,0,0,0,1,1,1,1,1,0,0
56,194,ZD,2,2,2,1,0,0,0,1,1,1,1,1,0,0
56,195,ZD,2,2,2,1,0,0,0,1,1,1,1,1,0,0
56,196,ZD,2,2,2,1,0,0,-1,2,2,2,2,2,0,0
56,197,ZD,2,2,2,1,0,0,-1,2,2,2,2,2,0,0
56,198,ZD,2,2,2,1,0,0,-1,2,2,2,2,2,0,0
56,199,ZD,2,2,2,1,0,0,-1,2,2,2,2,2,0,0
57,58,INC,1,-1,-1,0,0,-1,-1,-1,-1,-1,-1,-1,0,1
57,59,INC,1,-1,-1,0,0,-1,-1,-1,-1,-1,-1,-1,0,1
57,60,ZD,2,2,2,1,0,0,-1,2,2,2,2,2,0,0
57,61,ZD,2,2,2,1,0,0,-1,2,2,2,2,2,0,0
57,62,ZD,2,2,2,1,0,0,-1,2,2,2,2,2,0,0
57,63,ZD,2,2,2,1,0,0,-1,2,2,2,2,2,0,0
57,64,ZD,2,2,2,1,0,0,-1,2,2,2,2,2,0,0
57,65,ZD,2,2,2,1,0,0,-1,2,2,2,2,2,0,0
57,66,ZD,2,2,2,1,0,0,-1,2,2,2,2,2,0,0
57,67,ZD,2,2,2,1,0,0,-1,2,2,2,2,2,0,0
57,68,INC,1,-1,-1,0,0,-1,-1,-1,-1,-1,-1,-1,0,1
57,69,ZD,2,2,2,1,0,0,0,1,1,1,1,1,0,0
57,70,ZD,2,2,2,1,0,0,0,1,1,1,1,1,0,0
57,71,INC,1,-1,-1,0,0,-1,-1,-1,-1,-1,-1,-1,0,1
57,72,ZD,2,2,2,1,0,0,0,1,1,1,1,1,0,0
57,73,ZD,2,2,2,1,0,0,0,1,1,1,1,1,0,0
57,74,ZD,2,2,2,1,0,0,-1,2,2,2,2,2,0,0
57,75,ZD,2,2,2,1,0,0,-1,2,2,2,2,2,0,0
57,76,ZD,2,2,2,1,0,0,-1,2,2,2,2,2,0,0
57,77,ZD,2,2,2,1,0,0,-1,2,2,2,2,2,0,0
57,78,ZD,2,2,2,1,0,0,0,1,1,1,1,1,0,0
57,79,ZD,2,2,2,1,0,0,0,1,1,1,1,1,0,0
57,80,ZD,2,2,2,1,0,0,-1,2,2,2,2,2,0,0
57,81,ZD,2,2,2,1,0,0,-1,2,2,2,2,2,0,0
57,82,ZD,2,2,2,1,0,0,-1,2,2,2,2,2,0,0
57,83,ZD,2,2,2,1,0,0,-1,2,2,2,2,2,0,0
57,84,ZD,2,2,2,1,0,0,-1,2,2,2,2,2,0,0
57,85,ZD,2,2,2,1,0,0,0,2,2,1,1,1,0,0
57,86,ZD,2,2,2,1,0,0,0,2,2,1,1,1,0,0
57,87,ZD,2,2,2,1,0,0,-1,2,2,2,2,2,0,0
57,88,ZD,2,2,3,1,0,0,-1,3,3,3,3,3,0,0
57,89,ZD,2,2,3,1,0,0,-1,3,3,3,3,3,0,0
57,90,ZD,2,2,3,1,0,0,-1,3,3,3,3,3,0,0
57,91,ZD,2,2,3,1,0,0,-1,3,3,3,3,3,0,0
57,92,ZD,2,2,3,1,0,0,-1,3,3,3,3,3,0,0
57,93,ZD,2,2,3,1,0,0,-1,3,3,3,3,3,0,0
57,94,ZD,2,2,3,1,0,0,-1,3,3,3,3,3,0,0
57,95,ZD,2,2,3,1,0,0,-1,3,3,3,3,3,0,0
57,96,ZD,2,2,3,1,0,0,-1,3,3,3,3,3,0,0
57,97,ZD,2,2,3,1,0,0,-1,3,3,1,1,1,0,0
57,98,ZD,2,2,3,1,0,0,-1,3,3,3,3,3,0,0
57,99,ZD,2,2,3,1,0,0,-1,3,3,2,2,2,0,0
57,100,ZD,2,2,3,1,0,0,-1,3,3,2,2,2,0,0
57,101,ZD,2,2,3,1,0,0,-1,3,3,3,3,3,0,0
57,102,ZD,2,2,3,1,0,0,-1,3,3,1,1,1,0,0
57,103,ZD,2,2,3,1,0,0,-1,3,3,3,3,3,0,0
57,104,ZD,2,2,3,1,0,0,-1,4,4,4,4,4,0,0
57,105,ZD,2,2,3,1,0,0,-1,4,4,4,4,4,0,0
57,106,ZD,2,2,3,1,0,0,-1,4,4,4,4,4,0,0
57,107,ZD,2,2,3,1,0,0,-1,4,4,4,4,4,0,0
57,108,ZD,2,2,3,1,0,0,-1,4,4,4,4,4,0,0
57,109,ZD,2,2,3,1,0,0,-1,4,4,4,4,4,0,0
57,110,ZD,2,2,3,1,0,0,-1,4,4,4,4,4,0,0
57,111,ZD,2,2,3,1,0,0,-1,4,4,4,4,4,0,0
57,112,ZD,2,2,2,1,0,0,-1,2,2,2,2,2,0,0
57,113,ZD,2,2,2,1,0,0,0,2,2,1,1,1,0,0
57,114,INC,1,-1,-1,0,0,-1,-1,-1,-1,-1,-1,-1,0,1
57,115,ZD,2,2,2,1,0,0,-1,2,2,2,2,2,0,0
57,116,ZD,2,2,2,1,0,0,-1,2,2,2,2,2,0,0
57,117,INC,1,-1,-1,0,0,-1,-1,-1,-1,-1,-1,-1,0,1
57,118,ZD,2,2,2,1,0,0,0,2,2,1,1,1,0,0
57,119,ZD,2,2,2,1,0,0,-1,2,2,2,2,2,0,0
57,120,ZD,2,2,3,1,0,0,-1,3,3,3,3,3,0,0
57,121,ZD,2,2,3,1,0,0,-1,3,3,2,2,2,0,0
57,122,ZD,2,2,3,1,0,0,-1,3,3,3,3,3,0,0
57,123,ZD,2,2,3,1,0,0,-1,3,3,3,3,3,0,0
57,124,ZD,2,2,3,1,0,0,-1,3,3,3,3,3,0,0
57,125,ZD,2,2,3,1,0,0,-1,3,3,3,3,3,0,0
57,126,ZD,2,2,3,1,0,0,-1,3,3,2,2,2,0,0
57,127,ZD,2,2,3,1,0,0,-1,3,3,3,3,3,0,0
57,128,ZD,2,2,2,1,0,0,-1,2,2,2,2,2,0,0
57,129,ZD,2,2,2,1,0,0,-1,2,2,1,1,1,0,0
57,130,ZD,2,2,2,1,0,0,-1,2,2,1,1,1,0,0
57,131,ZD,2,2,2,1,0,0,-1,2,2,2,2,2,0,0
57,132,ZD,2,2,3,1,0,0,-1,3,3,3,3,3,0,0
57,133,ZD,2,2,3,1,0,0,-1,3,3,3,3,3,0,0
57,134,ZD,2,2,3,1,0,0,-1,3,3,3,3,3,0,0
57,135,ZD,2,2,3,1,0,0,-1,3,3,3,3,3,0,0
57,136,ZD,2,2,3,1,0,0,-1,3,3,3,3,3,0,0
57,137,ZD,2,2,3,1,0,0,-1,3,3,3,3,3,0,0
57,138,ZD,2,2,3,1,0,0,-1,3,3,3,3,3,0,0
57,139,ZD,2,2,3,1,0,0,-1,3,3,3,3,3,0,0
57,140,ZD,2,2,3,1,0,0,-1,3,3,3,3,3,0,0
57,141,ZD,2,2,3,1,0,0,-1,3,3,3,3,3,0,0
57,142,ZD,2,2,3,1,0,0,-1,3,3,3,3,3,0,0
57,143,ZD,2,2,3,1,0,0,-1,3,3,3,3,3,0,0
57,144,ZD,2,2,3,1,0,0,-1,3,3,3,3,3,0,0
57,145,ZD,2,2,3,1,0,0,-1,3,3,3,3,3,0,0
57,146,ZD,2,2,3,1,0,0,-1,3,3,3,3,3,0,0
57,147,ZD,2,2,3,1,0,0,-1,3,3,3,3,3,0,0
57,148,ZD,2,2,3,1,0,0,-1,3,3,3,3,3,0,0
57,149,ZD,2,2,2,1,0,0,-1,3,3,2,2,2,0,0
57,150,ZD,2,2,2,1,0,0,0,3,3,1,1,1,0,0
57,151,ZD,2,2,3,1,0,0,-1,3,3,3,3,3,0,0
57,152,ZD,2,2,3,1,0,0,-1,3,3,3,3,3,0,0
57,153,ZD,2,2,2,1,0,0,0,3,3,1,1,1,0,0
57,154,ZD,2,2,2,1,0,0,-1,3,3,2,2,2,0,0
57,155,ZD,2,2,3,1,0,0,-1,3,3,3,3,3,0,0
57,156,ZD,2,2,3,1,0,0,-1,4,4,4,4,4,0,0
57,157,ZD,2,2,3,1,0,0,-1,4,4,4,4,4,0,0
57,158,ZD,2,2,3,1,0,0,-1,4,4,4,4,4,0,0
57,159,ZD,2,2,3,1,0,0,-1,4,4,4,4,4,0,0
57,160,ZD,2,2,3,1,0,0,-1,4,4,4,4,4,0,0
57,161,ZD,2,2,3,1,0,0,-1,4,4,4,4,4,0,0
57,162,ZD,2,2,3,1,0,0,-1,4,4,4,4,4,0,0
57,163,ZD,2,2,3,1,0,0,-1,4,4,4,4,4,0,0
57,164,ZD,2,2,3,1,0,0,-1,3,3,3,3,3,0,0
57,165,ZD,2,2,3,1,0,0,-1,3,3,3,3,3,0,0
57,166,ZD,2,2,3,1,0,0,-1,3,3,3,3,3,0,0
57,167,ZD,2,2,3,1,0,0,-1,3,3,3,3,3,0,0
57,168,ZD,2,2,3,1,0,0,-1,4,4,4,4,4,0,0
57,169,ZD,2,2,3,1,0,0,-1,4,4,4,4,4,0,0
57,170,ZD,2,2,3,1,0,0,-1,4,4,4,4,4,0,0
57,171,ZD,2,2,3,1,0,0,-1,4,4,4,4,4,0,0
57,172,ZD,2,2,3,1,0,0,-1,4,4,4,4,4,0,0
57,173,ZD,2,2,3,1,0,0,-1,4,4,4,4,4,0,0
57,174,ZD,2,2,3,1,0,0,-1,4,4,4,4,4,0,0
57,175,ZD,2,2,3,1,0,0,-1,4,4,4,4,4,0,0
57,176,ZD,2,2,3,1,0,0,-1,4,4,4,4,4,0,0
57,177,ZD,2,2,3,1,0,0,-1,4,4,4,4,4,0,0
57,178,ZD,2,2,3,1,0,0,-1,4,4,4,4,4,0,0
57,179,ZD,2,2,3,1,0,0,-1,4,4,4,4,4,0,0
57,180,ZD,2,2,2,1,0,0,0,1,1,1,1,1,0,0
57,181,INC,1,-1,-1,0,0,-1,-1,-1,-1,-1,-1,-1,0,1
57,182,INC,1,-1,-1,0,0,-1,-1,-1,-1,-1,-1,-1,0,1
57,183,ZD,2,2,2,1,0,0,0,1,1,1,1,1,0,0
57,184,ZD,2,2,2,1,0,0,-1,2,2,2,2,2,0,0
57,185,ZD,2,2,2,1,0,0,-1,2,2,1,1,1,0,0
57,186,ZD,2,2,2,1,0,0,-1,2,2,2,2,2,0,0
57,187,ZD,2,2,2,1,0,0,-1,2,2,2,2,2,0,0
57,188,ZD,2,2,2,1,0,0,-1,2,2,2,2,2,0,0
57,189,ZD,2,2,2,1,0,0,-1,2,2,2,2,2,0,0
57,190,ZD,2,2,2,1,0,0,-1,2,2,1,1,1,0,0
57,191,ZD,2,2,2,1,0,0,-1,2,2,2,2,2,0,0
57,192,ZD,2,2,2,1,0,0,0,1,1,1,1,1,0,0
57,193,ZD,2,2,2,1,0,0,0,1,1,1,1,1,0,0
57,194,ZD,2,2,2,1,0,0,0,1,1,1,1,1,0,0
57,195,ZD,2,2,2,1,0,0,0,1,1,1,1,1,0,0
57,196,ZD,2,2,2,1,0,0,-1,2,2,2,2,2,0,0
57,197,ZD,2,2,2,1,0,0,-1,2,2,2,2,2,0,0
57,198,ZD,2,2,2,1,0,0,-1,2,2,2,2,2,0,0
57,199,ZD,2,2,2,1,0,0,-1,2,2,2,2,2,0,0
58,59,ZD,2,2,2,1,0,0,0,1,1,1,1,1,0,0
58,60,ZD,2,2,2,1,0,0,-1,2,2,2,2,2,0,0
58,61,ZD,2,2,2,1,0,0,-1,2,2,2,2,2,0,0
58,62,ZD,2,2,2,1,0,0,-1,2,2,2,2,2,0,0
58,63,ZD,2,2,2,1,0,0,-1,2,2,2,2,2,0,0
58,64,ZD,2,2,2,1,0,0,-1,2,2,2,2,2,0,0
58,65,ZD,2,2,2,1,0,0,-1,2,2,2,2,2,0,0
58,66,ZD,2,2,2,1,0,0,-1,2,2,2,2,2,0,0
58,67,ZD,2,2,2,1,0,0,-1,2,2,2,2,2,0,0
58,68,ZD,2,2,2,1,0,0,0,1,1,1,1,1,0,0
58,69,INC,1,-1,-1,0,0,-1,-1,-1,-1,-1,-1,-1,0,1
58,70,INC,1,-1,-1,0,0,-1,-1,-1,-1,-1,-1,-1,0,1
58,71,ZD,2,2,2,1,0,0,0,1,1,1,1,1,0,0
58,72,ZD,2,2,2,1,0,0,-1,2,2,2,2,2,0,0
58,73,ZD,2,2,2,1,0,0,-1,2,2,2,2,2,0,0
58,74,ZD,2,2,2,1,0,0,0,1,1,1,1,1,0,0
58,75,ZD,2,2,2,1,0,0,0,1,1,1,1,1,0,0
58,76,ZD,2,2,2,1,0,0,0,1,1,1,1,1,0,0
58,77,ZD,2,2,2,1,0,0,0,1,1,1,1,1,0,0
58,78,ZD,2,2,2,1,0,0,-1,2,2,2,2,2,0,0
58,79,ZD,2,2,2,1,0,0,-1,2,2,2,2,2,0,0
58,80,ZD,2,2,2,1,0,0,-1,2,2,2,2,2,0,0
58,81,ZD,2,2,2,1,0,0,-1,2,2,2,2,2,0,0
58,82,ZD,2,2,2,1,0,0,-1,2,2,2,2,2,0,0
58,83,ZD,2,2,2,1,0,0,-1,2,2,2,2,2,0,0
58,84,ZD,2,2,2,1,0,0,-1,2,2,2,2,2,0,0
58,85,ZD,2,2,2,1,0,0,0,2,2,1,1,1,0,0
58,86,ZD,2,2,2,1,0,0,0,2,2,1,1,1,0,0
58,87,ZD,2,2,2,1,0,0,-1,2,2,2,2,2,0,0
58,88,ZD,2,2,3,1,0,0,-1,3,3,3,3,3,0,0
58,89,ZD,2,2,3,1,0,0,-1,3,3,3,3,3,0,0
58,90,ZD,2,2,3,1,0,0,-1,3,3,3,3,3,0,0
58,91,ZD,2,2,3,1,0,0,-1,3,3,3,3,3,0,0
58,92,ZD,2,2,3,1,0,0,-1,3,3,3,3,3,0,0
58,93,ZD,2,2,3,1,0,0,-1,3,3,3,3,3,0,0
58,94,ZD,2,2,3,1,0,0,-1,3,3,3,3,3,0,0
58,95,ZD,2,2,3,1,0,0,-1,3,3,3,3,3,0,0
58,96,ZD,2,2,3,1,0,0,-1,3,3,1,1,1,0,0
58,97,ZD,2,2,3,1,0,0,-1,3,3,3,3,3,0,0
58,98,ZD,2,2,3,1,0,0,-1,3,3,2,2,2,0,0
58,99,ZD,2,2,3,1,0,0,-1,3,3,3,3,3,0,0
58,100,ZD,2,2,3,1,0,0,-1,3,3,3,3,3,0,0
58,101,ZD,2,2,3,1,0,0,-1,3,3,2,2,2,0,0
58,102,ZD,2,2,3,1,0,0,-1,3,3,3,3,3,0,0
58,103,ZD,2,2,3,1,0,0,-1,3,3,1,1,1,0,0
58,104,ZD,2,2,3,1,0,0,-1,4,4,4,4,4,0,0
58,105,ZD,2,2,3,1,0,0,-1,4,4,4,4,4,0,0
58,106,ZD,2,2,3,1,0,0,-1,4,4,4,4,4,0,0
58,107,ZD,2,2,3,1,0,0,-1,4,4,4,4,4,0,0
58,108,ZD,2,2,3,1,0,0,-1,4,4,4,4,4,0,0
58,109,ZD,2,2,3,1,0,0,-1,4,4,4,4,4,0,0
58,110,ZD,2,2,3,1,0,0,-1,4,4,4,4,4,0,0
58,111,ZD,2,2,3,1,0,0,-1,4,4,4,4,4,0,0
58,112,ZD,2,2,2,1,0,0,-1,2,2,2,2,2,0,0
58,113,INC,1,-1,-1,0,0,-1,-1,-1,-1,-1,-1,-1,0,1
58,114,ZD,2,2,2,1,0,0,0,2,2,1,1,1,0,0
58,115,ZD,2,2,2,1,0,0,-1,2,2,2,2,2,0,0
58,116,ZD,2,2,2,1,0,0,-1,2,2,2,2,2,0,0
58,117,ZD,2,2,2,1,0,0,0,2,2,1,1,1,0,0
58,118,INC,1,-1,-1,0,0,-1,-1,-1,-1,-1,-1,-1,0,1
58,119,ZD,2,2,2,1,0,0,-1,2,2,2,2,2,0,0
58,120,ZD,2,2,3,1,0,0,-1,3,3,3,3,3,0,0
58,121,ZD,2,2,3,1,0,0,-1,3,3,3,3,3,0,0
58,122,ZD,2,2,3,1,0,0,-1,3,3,3,3,3,0,0
58,123,ZD,2,2,3,1,0,0,-1,3,3,2,2,2,0,0
58,124,ZD,2,2,3,1,0,0,-1,3,3,2,2,2,0,0
58,125,ZD,2,2,3,1,0,0,-1,3,3,3,3,3,0,0
58,126,ZD,2,2,3,1,0,0,-1,3,3,3,3,3,0,0
58,127,ZD,2,2,3,1,0,0,-1,3,3,3,3,3,0,0
58,128,ZD,2,2,2,1,0,0,-1,2,2,1,1,1,0,0
58,129,ZD,2,2,2,1,0,0,-1,2,2,2,2,2,0,0
58,130,ZD,2,2,2,1,0,0,-1,2,2,2,2,2,0,0
58,131,ZD,2,2,2,1,0,0,-1,2,2,1,1,1,0,0
58,132,ZD,2,2,3,1,0,0,-1,3,3,3,3,3,0,0
58,133,ZD,2,2,3,1,0,0,-1,3,3,3,3,3,0,0
58,134,ZD,2,2,3,1,0,0,-1,3,3,3,3,3,0,0
58,135,ZD,2,2,3,1,0,0,-1,3,3,3,3,3,0,0
58,136,ZD,2,2,3,1,0,0,-1,3,3,3,3,3,0,0
58,137,ZD,2,2,3,1,0,0,-1,3,3,3,3,3,0,0
58,138,ZD,2,2,3,1,0,0,-1,3,3,3,3,3,0,0
58,139,ZD,2,2,3,1,0,0,-1,3,3,3,3,3,0,0
58,140,ZD,2,2,3,1,0,0,-1,3,3,3,3,3,0,0
58,141,ZD,2,2,3,1,0,0,-1,3,3,3,3,3,0,0
58,142,ZD,2,2,3,1,0,0,-1,3,3,3,3,3,0,0
58,143,ZD,2,2,3,1,0,0,-1,3,3,3,3,3,0,0
58,144,ZD,2,2,3,1,0,0,-1,3,3,3,3,3,0,0
58,145,ZD,2,2,3,1,0,0,-1,3,3,3,3,3,0,0
58,146,ZD,2,2,3,1,0,0,-1,3,3,3,3,3,0,0
58,147,ZD,2,2,3,1,0,0,-1,3,3,3,3,3,0,0
58,148,ZD,2,2,3,1,0,0,-1,3,3,3,3,3,0,0
58,149,ZD,2,2,2,1,0,0,0,3,3,1,1,1,0,0
58,150,ZD,2,2,2,1,0,0,-1,3,3,2,2,2,0,0
58,151,ZD,2,2,3,1,0,0,-1,3,3,3,3,3,0,0
58,152,ZD,2,2,3,1,0,0,-1,3,3,3,3,3,0,0
58,153,ZD,2,2,2,1,0,0,-1,3,3,2,2,2,0,0
58,154,ZD,2,2,2,1,0,0,0,3,3,1,1,1,0,0
58,155,ZD,2,2,3,1,0,0,-1,3,3,3,3,3,0,0
58,156,ZD,2,2,3,1,0,0,-1,4,4,4,4,4,0,0
58,157,ZD,2,2,3,1,0,0,-1,4,4,4,4,4,0,0
58,158,ZD,2,2,3,1,0,0,-1,4,4,4,4,4,0,0
58,159,ZD,2,2,3,1,0,0,-1,4,4,4,4,4,0,0
58,160,ZD,2,2,3,1,0,0,-1,4,4,4,4,4,0,0
58,161,ZD,2,2,3,1,0,0,-1,4,4,4,4,4,0,0
58,162,ZD,2,2,3,1,0,0,-1,4,4,4,4,4,0,0
58,163,ZD,2,2,3,1,0,0,-1,4,4,4,4,4,0,0
58,164,ZD,2,2,3,1,0,0,-1,3,3,3,3,3,0,0
58,165,ZD,2,2,3,1,0,0,-1,3,3,3,3,3,0,0
58,166,ZD,2,2,3,1,0,0,-1,3,3,3,3,3,0,0
58,167,ZD,2,2,3,1,0,0,-1,3,3,3,3,3,0,0
58,168,ZD,2,2,3,1,0,0,-1,4,4,4,4,4,0,0
58,169,ZD,2,2,3,1,0,0,-1,4,4,4,4,4,0,0
58,170,ZD,2,2,3,1,0,0,-1,4,4,4,4,4,0,0
58,171,ZD,2,2,3,1,0,0,-1,4,4,4,4,4,0,0
58,172,ZD,2,2,3,1,0,0,-1,4,4,4,4,4,0,0
58,173,ZD,2,2,3,1,0,0,-1,4,4,4,4,4,0,0
58,174,ZD,2,2,3,1,0,0,-1,4,4,4,4,4,0,0
58,175,ZD,2,2,3,1,0,0,-1,4,4,4,4,4,0,0
58,176,ZD,2,2,3,1,0,0,-1,4,4,4,4,4,0,0
58,177,ZD,2,2,3,1,0,0,-1,4,4,4,4,4,0,0
58,178,ZD,2,2,3,1,0,0,-1,4,4,4,4,4,0,0
58,179,ZD,2,2,3,1,0,0,-1,4,4,4,4,4,0,0
58,180,ZD,2,2,2,1,0,0,0,1,1,1,1,1,0,0
58,181,INC,1,-1,-1,0,0,-1,-1,-1,-1,-1,-1,-1,0,1
58,182,INC,1,-1,-1,0,0,-1,-1,-1,-1,-1,-1,-1,0,1
58,183,ZD,2,2,2,1,0,0,0,1,1,1,1,1,0,0
58,184,ZD,2,2,2,1,0,0,-1,2,2,1,1,1,0,0
58,185,ZD,2,2,2,1,0,0,-1,2,2,2,2,2,0,0
58,186,ZD,2,2,2,1,0,0,-1,2,2,2,2,2,0,0
58,187,ZD,2,2,2,1,0,0,-1,2,2,2,2,2,0,0
58,188,ZD,2,2,2,1,0,0,-1,2,2,2,2,2,0,0
58,189,ZD,2,2,2,1,0,0,-1,2,2,2,2,2,0,0
58,190,ZD,2,2,2,1,0,0,-1,2,2,2,2,2,0,0
58,191,ZD,2,2,2,1,0,0,-1,2,2,1,1,1,0,0
58,192,ZD,2,2,2,1,0,0,0,1,1,1,1,1,0,0
58,193,ZD,2,2,2,1,0,0,0,1,1,1,1,1,0,0
58,194,ZD,2,2,2,1,0,0,0,1,1,1,1,1,0,0
58,195,ZD,2,2,2,1,0,0,0,1,1,1,1,1,0,0
58,196,ZD,2,2,2,1,0,0,-1,2,2,2,2,2,0,0
58,197,ZD,2,2,2,1,0,0,-1,2,2,2,2,2,0,0
58,198,ZD,2,2,2,1,0,0,-1,2,2,2,2,2,0,0
58,199,ZD,2,2,2,1,0,0,-1,2,2,2,2,2,0,0
59,60,ZD,2,2,2,1,0,0,-1,2,2,2,2,2,0,0
59,61,ZD,2,2,2,1,0,0,-1,2,2,2,2,2,0,0
59,62,ZD,2,2,2,1,0,0,-1,2,2,2,2,2,0,0
59,63,ZD,2,2,2,1,0,0,-1,2,2,2,2,2,0,0
59,64,ZD,2,2,2,1,0,0,-1,2,2,2,2,2,0,0
59,65,ZD,2,2,2,1,0,0,-1,2,2,2,2,2,0,0
59,66,ZD,2,2,2,1,0,0,-1,2,2,2,2,2,0,0
59,67,ZD,2,2,2,1,0,0,-1,2,2,2,2,2,0,0
59,68,INC,1,-1,-1,0,0,-1,-1,-1,-1,-1,-1,-1,0,1
59,69,ZD,2,2,2,1,0,0,0,1,1,1,1,1,0,0
59,70,ZD,2,2,2,1,0,0,0,1,1,1,1,1,0,0
59,71,INC,1,-1,-1,0,0,-1,-1,-1,-1,-1,-1,-1,0,1
59,72,ZD,2,2,2,1,0,0,0,1,1,1,1,1,0,0
59,73,ZD,2,2,2,1,0,0,0,1,1,1,1,1,0,0
59,74,ZD,2,2,2,1,0,0,-1,2,2,2,2,2,0,0
59,75,ZD,2,2,2,1,0,0,-1,2,2,2,2,2,0,0
59,76,ZD,2,2,2,1,0,0,-1,2,2,2,2,2,0,0
59,77,ZD,2,2,2,1,0,0,-1,2,2,2,2,2,0,0
59,78,ZD,2,2,2,1,0,0,0,1,1,1,1,1,0,0
59,79,ZD,2,2,2,1,0,0,0,1,1,1,1,1,0,0
59,80,ZD,2,2,2,1,0,0,-1,2,2,2,2,2,0,0
59,81,ZD,2,2,2,1,0,0,-1,2,2,2,2,2,0,0
59,82,ZD,2,2,2,1,0,0,-1,2,2,2,2,2,0,0
59,83,ZD,2,2,2,1,0,0,-1,2,2,2,2,2,0,0
59,84,ZD,2,2,2,1,0,0,0,2,2,1,1,1,0,0
59,85,ZD,2,2,2,1,0,0,-1,2,2,2,2,2,0,0
59,86,ZD,2,2,2,1,0,0,-1,2,2,2,2,2,0,0
59,87,ZD,2,2,2,1,0,0,0,2,2,1,1,1,0,0
59,88,ZD,2,2,3,1,0,0,-1,3,3,3,3,3,0,0
59,89,ZD,2,2,3,1,0,0,-1,3,3,3,3,3,0,0
59,90,ZD,2,2,3,1,0,0,-1,3,3,3,3,3,0,0
59,91,ZD,2,2,3,1,0,0,-1,3,3,3,3,3,0,0
59,92,ZD,2,2,3,1,0,0,-1,3,3,3,3,3,0,0
59,93,ZD,2,2,3,1,0,0,-1,3,3,3,3,3,0,0
59,94,ZD,2,2,3,1,0,0,-1,3,3,3,3,3,0,0
59,95,ZD,2,2,3,1,0,0,-1,3,3,3,3,3,0,0
59,96,ZD,2,2,3,1,0,0,-1,3,3,2,2,2,0,0
59,97,ZD,2,2,3,1,0,0,-1,3,3,3,3,3,0,0
59,98,ZD,2,2,3,1,0,0,-1,3,3,1,1,1,0,0
59,99,ZD,2,2,3,1,0,0,-1,3,3,3,3,3,0,0
59,100,ZD,2,2,3,1,0,0,-1,3,3,3,3,3,0,0
59,101,ZD,2,2,3,1,0,0,-1,3,3,1,1,1,0,0
59,102,ZD,2,2,3,1,0,0,-1,3,3,3,3,3,0,0
59,103,ZD,2,2,3,1,0,0,-1,3,3,2,2,2,0,0
59,104,ZD,2,2,3,1,0,0,-1,4,4,4,4,4,0,0
59,105,ZD,2,2,3,1,0,0,-1,4,4,4,4,4,0,0
59,106,ZD,2,2,3,1,0,0,-1,4,4,4,4,4,0,0
59,107,ZD,2,2,3,1,0,0,-1,4,4,4,4,4,0,0
59,108,ZD,2,2,3,1,0,0,-1,4,4,4,4,4,0,0
59,109,ZD,2,2,3,1,0,0,-1,4,4,4,4,4,0,0
59,110,ZD,2,2,3,1,0,0,-1,4,4,4,4,4,0,0
59,111,ZD,2,2,3,1,0,0,-1,4,4,4,4,4,0,0
59,112,ZD,2,2,2,1,0,0,0,2,2,1,1,1,0,0
59,113,ZD,2,2,2,1,0,0,-1,2,2,2,2,2,0,0
59,114,ZD,2,2,2,1,0,0,-1,2,2,2,2,2,0,0
59,115,INC,1,-1,-1,0,0,-1,-1,-1,-1,-1,-1,-1,0,1
59,116,INC,1,-1,-1,0,0,-1,-1,-1,-1,-1,-1,-1,0,1
59,117,ZD,2,2,2,1,0,0,-1,2,2,2,2,2,0,0
59,118,ZD,2,2,2,1,0,0,-1,2,2,2,2,2,0,0
59,119,ZD,2,2,2,1,0,0,0,2,2,1,1,1,0,0
59,120,ZD,2,2,3,1,0,0,-1,3,3,2,2,2,0,0
59,121,ZD,2,2,3,1,0,0,-1,3,3,3,3,3,0,0
59,122,ZD,2,2,3,1,0,0,-1,3,3,3,3,3,0,0
59,123,ZD,2,2,3,1,0,0,-1,3,3,3,3,3,0,0
59,124,ZD,2,2,3,1,0,0,-1,3,3,3,3,3,0,0
59,125,ZD,2,2,3,1,0,0,-1,3,3,3,3,3,0,0
59,126,ZD,2,2,3,1,0,0,-1,3,3,3,3,3,0,0
59,127,ZD,2,2,3,1,0,0,-1,3,3,2,2,2,0,0
59,128,ZD,2,2,2,1,0,0,-1,2,2,1,1,1,0,0
59,129,ZD,2,2,2,1,0,0,-1,2,2,2,2,2,0,0
59,130,ZD,2,2,2,1,0,0,-1,2,2,2,2,2,0,0
59,131,ZD,2,2,2,1,0,0,-1,2,2,1,1,1,0,0
59,132,ZD,2,2,3,1,0,0,-1,3,3,3,3,3,0,0
59,133,ZD,2,2,3,1,0,0,-1,3,3,3,3,3,0,0
59,134,ZD,2,2,3,1,0,0,-1,3,3,3,3,3,0,0
59,135,ZD,2,2,3,1,0,0,-1,3,3,3,3,3,0,0
59,136,ZD,2,2,3,1,0,0,-1,3,3,3,3,3,0,0
59,137,ZD,2,2,3,1,0,0,-1,3,3,3,3,3,0,0
59,138,ZD,2,2,3,1,0,0,-1,3,3,3,3,3,0,0
59,139,ZD,2,2,3,1,0,0,-1,3,3,3,3,3,0,0
59,140,ZD,2,2,3,1,0,0,-1,3,3,3,3,3,0,0
59,141,ZD,2,2,3,1,0,0,-1,3,3,3,3,3,0,0
59,142,ZD,2,2,3,1,0,0,-1,3,3,3,3,3,0,0
59,143,ZD,2,2,3,1,0,0,-1,3,3,3,3,3,0,0
59,144,ZD,2,2,3,1,0,0,-1,3,3,3,3,3,0,0
59,145,ZD,2,2,3,1,0,0,-1,3,3,3,3,3,0,0
59,146,ZD,2,2,3,1,0,0,-1,3,3,3,3,3,0,0
59,147,ZD,2,2,3,1,0,0,-1,3,3,3,3,3,0,0
59,148,ZD,2,2,2,1,0,0,0,3,3,1,1,1,0,0
59,149,ZD,2,2,3,1,0,0,-1,3,3,3,3,3,0,0
59,150,ZD,2,2,3,1,0,0,-1,3,3,3,3,3,0,0
59,151,ZD,2,2,2,1,0,0,-1,3,3,2,2,2,0,0
59,152,ZD,2,2,2,1,0,0,-1,3,3,2,2,2,0,0
59,153,ZD,2,2,3,1,0,0,-1,3,3,3,3,3,0,0
59,154,ZD,2,2,3,1,0,0,-1,3,3,3,3,3,0,0
59,155,ZD,2,2,2,1,0,0,0,3,3,1,1,1,0,0
59,156,ZD,2,2,3,1,0,0,-1,4,4,4,4,4,0,0
59,157,ZD,2,2,3,1,0,0,-1,4,4,4,4,4,0,0
59,158,ZD,2,2,3,1,0,0,-1,4,4,4,4,4,0,0
59,159,ZD,2,2,3,1,0,0,-1,4,4,4,4,4,0,0
59,160,ZD,2,2,3,1,0,0,-1,4,4,4,4,4,0,0
59,161,ZD,2,2,3,1,0,0,-1,4,4,4,4,4,0,0
59,162,ZD,2,2,3,1,0,0,-1,4,4,4,4,4,0,0
59,163,ZD,2,2,3,1,0,0,-1,4,4,4,4,4,0,0
59,164,ZD,2,2,3,1,0,0,-1,3,3,3,3,3,0,0
59,165,ZD,2,2,3,1,0,0,-1,3,3,3,3,3,0,0
59,166,ZD,2,2,3,1,0,0,-1,3,3,3,3,3,0,0
59,167,ZD,2,2,3,1,0,0,-1,3,3,3,3,3,0,0
59,168,ZD,2,2,3,1,0,0,-1,4,4,4,4,4,0,0
59,169,ZD,2,2,3,1,0,0,-1,4,4,4,4,4,0,0
59,170,ZD,2,2,3,1,0,0,-1,4,4,4,4,4,0,0
59,171,ZD,2,2,3,1,0,0,-1,4,4,4,4,4,0,0
59,172,ZD,2,2,3,1,0,0,-1,4,4,4,4,4,0,0
59,173,ZD,2,2,3,1,0,0,-1,4,4,4,4,4,0,0
59,174,ZD,2,2,3,1,0,0,-1,4,4,4,4,4,0,0
59,175,ZD,2,2,3,1,0,0,-1,4,4,4,4,4,0,0
59,176,ZD,2,2,3,1,0,0,-1,4,4,4,4,4,0,0
59,177,ZD,2,2,3,1,0,0,-1,4,4,4,4,4,0,0
59,178,ZD,2,2,3,1,0,0,-1,4,4,4,4,4,0,0
59,179,ZD,2,2,3,1,0,0,-1,4,4,4,4,4,0,0
59,180,INC,1,-1,-1,0,0,-1,-1,-1,-1,-1,-1,-1,0,1
59,181,ZD,2,2,2,1,0,0,0,1,1,1,1,1,0,0
59,182,ZD,2,2,2,1,0,0,0,1,1,1,1,1,0,0
59,183,INC,1,-1,-1,0,0,-1,-1,-1,-1,-1,-1,-1,0,1
59,184,ZD,2,2,2,1,0,0,-1,2,2,2,2,2,0,0
59,185,ZD,2,2,2,1,0,0,-1,2,2,2,2,2,0,0
59,186,ZD,2,2,2,1,0,0,-1,2,2,1,1,1,0,0
59,187,ZD,2,2,2,1,0,0,-1,2,2,2,2,2,0,0
59,188,ZD,2,2,2,1,0,0,-1,2,2,2,2,2,0,0
59,189,ZD,2,2,2,1,0,0,-1,2,2,1,1,1,0,0
59,190,ZD,2,2,2,1,0,0,-1,2,2,2,2,2,0,0
59,191,ZD,2,2,2,1,0,0,-1,2,2,2,2,2,0,0
59,192,ZD,2,2,2,1,0,0,0,1,1,1,1,1,0,0
59,193,ZD,2,2,2,1,0,0,0,1,1,1,1,1,0,0
59,194,ZD,2,2,2,1,0,0,0,1,1,1,1,1,0,0
59,195,ZD,2,2,2,1,0,0,0,1,1,1,1,1,0,0
59,196,ZD,2,2,2,1,0,0,-1,2,2,2,2,2,0,0
59,197,ZD,2,2,2,1,0,0,-1,2,2,2,2,2,0,0
59,198,ZD,2,2,2,1,0,0,-1,2,2,2,2,2,0,0
59,199,ZD,2,2,2,1,0,0,-1,2,2,2,2,2,0,0
60,61,INC,1,-1,-1,0,0,-1,-1,-1,-1,-1,-1,-1,0,1
60,62,INC,1,-1,-1,0,0,-1,-1,-1,-1,-1,-1,-1,0,1
60,63,INC,1,-1,-1,0,0,-1,-1,-1,-1,-1,-1,-1,0,1
60,64,INC,1,-1,-1,0,0,-1,-1,-1,-1,-1,-1,-1,0,1
60,65,INC,1,-1,-1,0,0,-1,-1,-1,-1,-1,-1,-1,0,1
60,66,INC,1,-1,-1,0,0,-1,-1,-1,-1,-1,-1,-1,0,1
60,67,POS,1,1,1,0,0,-1,-1,-1,-1,-1,-1,-1,0,1
60,68,ZD,2,2,2,1,0,0,-1,2,2,2,2,2,0,0
60,69,ZD,2,2,2,1,0,0,-1,2,2,2,2,2,0,0
60,70,ZD,2,2,2,1,0,0,-1,2,2,2,2,2,0,0
60,71,ZD,2,2,2,1,0,0,-1,2,2,2,2,2,0,0
60,72,ZD,2,2,2,0,0,0,0,2,2,2,2,2,1,0
60,73,ZD,2,2,2,1,0,0,-1,2,2,2,2,2,0,0
60,74,ZD,2,2,2,0,0,0,0,2,2,2,2,2,1,0
60,75,ZD,2,2,2,1,0,0,-1,2,2,2,2,2,0,0
60,76,ZD,2,2,2,1,0,0,-1,2,2,2,2,2,0,0
60,77,ZD,2,2,2,0,0,0,0,2,2,2,2,2,1,0
60,78,ZD,2,2,2,1,0,0,-1,2,2,2,2,2,0,0
60,79,ZD,2,2,2,0,0,0,0,2,2,2,2,2,1,0
60,80,INC,1,-1,-1,0,0,-1,-1,-1,-1,-1,-1,-1,0,1
60,81,INC,1,-1,-1,0,0,-1,-1,-1,-1,-1,-1,-1,0,1
60,82,INC,1,-1,-1,0,0,-1,-1,-1,-1,-1,-1,-1,0,1
60,83,INC,1,-1,-1,0,0,-1,-1,-1,-1,-1,-1,-1,0,1
60,84,ZD,2,2,2,0,0,0,0,4,4,4,4,4,1,0
60,85,ZD,2,2,2,0,0,0,0,4,4,4,4,4,1,0
60,86,ZD,2,2,2,0,0,0,0,4,4,4,4,4,1,0
60,87,ZD,2,2,2,0,0,0,0,4,4,4,4,4,1,0
60,88,ZD,2,2,2,1,0,0,-1,4,4,4,4,4,0,0
60,89,ZD,2,2,2,1,0,0,-1,4,4,4,4,4,0,0
60,90,ZD,2,2,2,1,0,0,-1,4,4,4,4,4,0,0
60,91,ZD,2,2,2,1,0,0,-1,4,4,4,4,4,0,0
60,92,ZD,2,2,2,1,0,0,-1,4,4,4,4,4,0,0
60,93,ZD,2,2,2,1,0,0,-1,4,4,4,4,4,0,0
60,94,ZD,2,2,2,1,0,0,-1,4,4,4,4,4,0,0
60,95,ZD,2,2,2,1,0,0,-1,4,4,4,4,4,0,0
60,96,ZD,3,2,3,0,0,0,-1,4,4,4,4,4,1,0
60,97,ZD,3,2,3,0,0,0,-1,4,4,4,4,4,1,0
60,98,ZD,3,2,3,0,0,0,-1,4,4,4,4,4,1,0
60,99,ZD,3,2,3,0,0,0,-1,4,4,4,4,4,1,0
60,100,ZD,3,2,3,0,0,0,-1,4,4,4,4,4,1,0
60,101,ZD,3,2,3,0,0,0,-1,4,4,4,4,4,1,0
60,102,ZD,3,2,3,0,0,0,-1,4,4,4,4,4,1,0
60,103,ZD,3,2,3,0,0,0,-1,4,4,4,4,4,1,0
60,104,ZD,2,2,2,1,0,0,-1,4,4,4,4,4,0,0
60,105,ZD,2,2,2,1,0,0,-1,4,4,4,4,4,0,0
60,106,ZD,2,2,2,1,0,0,-1,4,4,4,4,4,0,0
60,107,ZD,2,2,2,1,0,0,-1,4,4,4,4,4,0,0
60,108,ZD,2,2,2,1,0,0,-1,4,4,4,4,4,0,0
60,109,ZD,2,2,2,1,0,0,-1,4,4,4,4,4,0,0
60,110,ZD,2,2,2,1,0,0,-1,4,4,4,4,4,0,0
60,111,ZD,2,2,2,1,0,0,-1,4,4,4,4,4,0,0
60,112,ZD,2,2,2,1,0,0,-1,2,2,2,2,2,0,0
60,113,ZD,2,2,2,1,0,0,-1,2,2,2,2,2,0,0
60,114,ZD,2,2,2,1,0,0,-1,2,2,2,2,2,0,0
60,115,ZD,2,2,2,1,0,0,-1,2,2,2,2,2,0,0
60,116,ZD,2,2,2,1,0,0,-1,2,2,2,2,2,0,0
60,117,ZD,2,2,2,1,0,0,-1,2,2,2,2,2,0,0
60,118,ZD,2,2,2,1,0,0,-1,2,2,2,2,2,0,0
60,119,ZD,2,2,2,1,0,0,-1,2,2,2,2,2,0,0
60,120,ZD,2,2,2,0,0,0,0,2,2,2,2,2,1,0
60,121,ZD,2,2,2,1,0,0,-1,2,2,2,2,2,0,0
60,122,ZD,2,2,2,1,0,0,-1,2,2,2,2,2,0,0
60,123,ZD,2,2,2,0,0,0,0,2,2,2,2,2,1,0
60,124,ZD,2,2,2,0,0,0,0,2,2,2,2,2,1,0
60,125,ZD,2,2,2,1,0,0,-1,2,2,2,2,2,0,0
60,126,ZD,2,2,2,1,0,0,-1,2,2,2,2,2,0,0
60,127,ZD,2,2,2,0,0,0,0,2,2,2,2,2,1,0
60,128,ZD,2,2,2,0,0,0,0,2,2,2,2,2,1,0
60,129,ZD,2,2,2,0,0,0,0,2,2,2,2,2,1,0
60,130,ZD,2,2,2,0,0,0,0,2,2,2,2,2,1,0
60,131,ZD,2,2,2,0,0,0,0,2,2,2,2,2,1,0
60,132,ZD,2,2,2,0,0,0,0,2,2,2,2,2,1,0
60,133,ZD,2,2,2,0,0,0,0,2,2,2,2,2,1,0
60,134,ZD,2,2,2,1,0,0,-1,2,2,2,2,2,0,0
60,135,ZD,2,2,2,1,0,0,-1,2,2,2,2,2,0,0
60,136,ZD,2,2,2,1,0,0,-1,2,2,2,2,2,0,0
60,137,ZD,2,2,2,1,0,0,-1,2,2,2,2,2,0,0
60,138,ZD,2,2,2,0,0,0,0,2,2,2,2,2,1,0
60,139,ZD,2,2,2,0,0,0,0,2,2,2,2,2,1,0
60,140,ZD,2,2,2,1,0,0,-1,2,2,2,2,2,0,0
60,141,ZD,2,2,2,1,0,0,-1,2,2,2,2,2,0,0
60,142,ZD,2,2,2,1,0,0,-1,2,2,2,2,2,0,0
60,143,ZD,2,2,2,1,0,0,-1,2,2,2,2,2,0,0
60,144,ZD,2,2,2,1,0,0,-1,4,4,4,4,4,0,0
60,145,ZD,2,2,2,1,0,0,-1,4,4,4,4,4,0,0
60,146,ZD,2,2,2,1,0,0,-1,4,4,4,4,4,0,0
60,147,ZD,2,2,2,1,0,0,-1,4,4,4,4,4,0,0
60,148,ZD,2,2,3,1,0,0,-1,4,4,4,4,4,0,0
60,149,ZD,2,2,3,1,0,0,-1,4,4,4,4,4,0,0
60,150,ZD,2,2,3,1,0,0,-1,4,4,4,4,4,0,0
60,151,ZD,2,2,3,1,0,0,-1,4,4,4,4,4,0,0
60,152,ZD,2,2,3,1,0,0,-1,4,4,4,4,4,0,0
60,153,ZD,2,2,3,1,0,0,-1,4,4,4,4,4,0,0
60,154,ZD,2,2,3,1,0,0,-1,4,4,4,4,4,0,0
60,155,ZD,2,2,3,1,0,0,-1,4,4,4,4,4,0,0
60,156,ZD,2,2,2,0,0,0,0,4,4,4,4,4,1,0
60,157,ZD,2,2,2,1,0,0,-1,4,4,4,4,4,0,0
60,158,ZD,2,2,2,1,0,0,-1,4,4,4,4,4,0,0
60,159,ZD,2,2,2,0,0,0,0,4,4,4,4,4,1,0
60,160,ZD,2,2,2,0,0,0,0,4,4,4,4,4,1,0
60,161,ZD,2,2,2,1,0,0,-1,4,4,4,4,4,0,0
60,162,ZD,2,2,2,1,0,0,-1,4,4,4,4,4,0,0
60,163,ZD,2,2,2,0,0,0,0,4,4,4,4,4,1,0
60,164,ZD,3,2,3,0,0,0,-1,4,4,4,4,4,1,0
60,165,ZD,3,2,3,0,0,0,-1,4,4,4,4,4,1,0
60,166,ZD,3,2,3,0,0,0,-1,4,4,4,4,4,1,0
60,167,ZD,3,2,3,0,0,0,-1,4,4,4,4,4,1,0
60,168,ZD,3,2,3,0,0,0,-1,4,4,4,4,4,1,0
60,169,ZD,2,2,3,1,0,0,-1,4,4,4,4,4,0,0
60,170,ZD,3,2,3,0,0,0,-1,4,4,4,4,4,1,0
60,171,ZD,2,2,3,1,0,0,-1,4,4,4,4,4,0,0
60,172,ZD,2,2,3,1,0,0,-1,4,4,4,4,4,0,0
60,173,ZD,3,2,3,0,0,0,-1,4,4,4,4,4,1,0
60,174,ZD,2,2,3,1,0,0,-1,4,4,4,4,4,0,0
60,175,ZD,3,2,3,0,0,0,-1,4,4,4,4,4,1,0
60,176,ZD,2,2,2,1,0,0,-1,4,4,4,4,4,0,0
60,177,ZD,2,2,2,1,0,0,-1,4,4,4,4,4,0,0
60,178,ZD,2,2,2,1,0,0,-1,4,4,4,4,4,0,0
60,179,ZD,2,2,2,1,0,0,-1,4,4,4,4,4,0,0
60,180,ZD,2,2,2,0,0,0,0,2,2,2,2,2,1,0
60,181,ZD,2,2,2,0,0,0,0,2,2,2,2,2,1,0
60,182,ZD,2,2,2,0,0,0,0,2,2,2,2,2,1,0
60,183,ZD,2,2,2,0,0,0,0,2,2,2,2,2,1,0
60,184,ZD,2,2,2,1,0,0,-1,2,2,2,2,2,0,0
60,185,ZD,2,2,2,1,0,0,-1,2,2,2,2,2,0,0
60,186,ZD,2,2,2,1,0,0,-1,2,2,2,2,2,0,0
60,187,ZD,2,2,2,1,0,0,-1,2,2,2,2,2,0,0
60,188,ZD,2,2,2,1,0,0,-1,2,2,2,2,2,0,0
60,189,ZD,2,2,2,1,0,0,-1,2,2,2,2,2,0,0
60,190,ZD,2,2,2,1,0,0,-1,2,2,2,2,2,0,0
60,191,ZD,2,2,2,1,0,0,-1,2,2,2,2,2,0,0
60,192,INC,1,-1,-1,0,0,-1,-1,-1,-1,-1,-1,-1,0,1
60,193,INC,1,-1,-1,0,0,-1,-1,-1,-1,-1,-1,-1,0,1
60,194,INC,1,-1,-1,0,0,-1,-1,-1,-1,-1,-1,-1,0,1
60,195,INC,1,-1,-1,0,0,-1,-1,-1,-1,-1,-1,-1,0,1
60,196,ZD,2,2,2,1,0,0,-1,2,2,2,2,2,0,0
60,197,ZD,2,2,2,1,0,0,-1,2,2,2,2,2,0,0
60,198,ZD,2,2,2,1,0,0,-1,2,2,2,2,2,0,0
60,199,ZD,2,2,2,1,0,0,-1,2,2,2,2,2,0,0
61,62,INC,1,-1,-1,0,0,-1,-1,-1,-1,-1,-1,-1,0,1
61,63,INC,1,-1,-1,0,0,-1,-1,-1,-1,-1,-1,-1,0,1
61,64,INC,1,-1,-1,0,0,-1,-1,-1,-1,-1,-1,-1,0,1
61,65,INC,1,-1,-1,0,0,-1,-1,-1,-1,-1,-1,-1,0,1
61,66,POS,1,1,1,0,0,-1,-1,-1,-1,-1,-1,-1,0,1
61,67,INC,1,-1,-1,0,0,-1,-1,-1,-1,-1,-1,-1,0,1
61,68,ZD,2,2,2,1,0,0,-1,2,2,2,2,2,0,0
61,69,ZD,2,2,2,1,0,0,-1,2,2,2,2,2,0,0
61,70,ZD,2,2,2,1,0,0,-1,2,2,2,2,2,0,0
61,71,ZD,2,2,2,1,0,0,-1,2,2,2,2,2,0,0
61,72,ZD,2,2,2,1,0,0,-1,2,2,2,2,2,0,0
61,73,ZD,2,2,2,0,0,0,0,2,2,2,2,2,1,0
61,74,ZD,2,2,2,1,0,0,-1,2,2,2,2,2,0,0
61,75,ZD,2,2,2,0,0,0,0,2,2,2,2,2,1,0
61,76,ZD,2,2,2,0,0,0,0,2,2,2,2,2,1,0
61,77,ZD,2,2,2,1,0,0,-1,2,2,2,2,2,0,0
61,78,ZD,2,2,2,0,0,0,0,2,2,2,2,2,1,0
61,79,ZD,2,2,2,1,0,0,-1,2,2,2,2,2,0,0
61,80,INC,1,-1,-1,0,0,-1,-1,-1,-1,-1,-1,-1,0,1
61,81,INC,1,-1,-1,0,0,-1,-1,-1,-1,-1,-1,-1,0,1
61,82,INC,1,-1,-1,0,0,-1,-1,-1,-1,-1,-1,-1,0,1
61,83,INC,1,-1,-1,0,0,-1,-1,-1,-1,-1,-1,-1,0,1
61,84,ZD,2,2,2,0,0,0,0,4,4,4,4,4,1,0
61,85,ZD,2,2,2,0,0,0,0,4,4,4,4,4,1,0
61,86,ZD,2,2,2,0,0,0,0,4,4,4,4,4,1,0
61,87,ZD,2,2,2,0,0,0,0,4,4,4,4,4,1,0
61,88,ZD,2,2,2,1,0,0,-1,4,4,4,4,4,0,0
61,89,ZD,2,2,2,1,0,0,-1,4,4,4,4,4,0,0
61,90,ZD,2,2,2,1,0,0,-1,4,4,4,4,4,0,0
61,91,ZD,2,2,2,1,0,0,-1,4,4,4,4,4,0,0
61,92,ZD,2,2,2,1,0,0,-1,4,4,4,4,4,0,0
61,93,ZD,2,2,2,1,0,0,-1,4,4,4,4,4,0,0
61,94,ZD,2,2,2,1,0,0,-1,4,4,4,4,4,0,0
61,95,ZD,2,2,2,1,0,0,-1,4,4,4,4,4,0,0
61,96,ZD,3,2,3,0,0,0,-1,4,4,4,4,4,1,0
61,97,ZD,3,2,3,0,0,0,-1,4,4,4,4,4,1,0
61,98,ZD,3,2,3,0,0,0,-1,4,4,4,4,4,1,0
61,99,ZD,3,2,3,0,0,0,-1,4,4,4,4,4,1,0
61,100,ZD,3,2,3,0,0,0,-1,4,4,4,4,4,1,0
61,101,ZD,3,2,3,0,0,0,-1,4,4,4,4,4,1,0
61,102,ZD,3,2,3,0,0,0,-1,4,4,4,4,4,1,0
61,103,ZD,3,2,3,0,0,0,-1,4,4,4,4,4,1,0
61,104,ZD,2,2,2,1,0,0,-1,4,4,4,4,4,0,0
61,105,ZD,2,2,2,1,0,0,-1,4,4,4,4,4,0,0
61,106,ZD,2,2,2,1,0,0,-1,4,4,4,4,4,0,0
61,107,ZD,2,2,2,1,0,0,-1,4,4,4,4,4,0,0
61,108,ZD,2,2,2,1,0,0,-1,4,4,4,4,4,0,0
61,109,ZD,2,2,2,1,0,0,-1,4,4,4,4,4,0,0
61,110,ZD,2,2,2,1,0,0,-1,4,4,4,4,4,0,0
61,111,ZD,2,2,2,1,0,0,-1,4,4,4,4,4,0,0
61,112,ZD,2,2,2,1,0,0,-1,2,2,2,2,2,0,0
61,113,ZD,2,2,2,1,0,0,-1,2,2,2,2,2,0,0
61,114,ZD,2,2,2,1,0,0,-1,2,2,2,2,2,0,0
61,115,ZD,2,2,2,1,0,0,-1,2,2,2,2,2,0,0
61,116,ZD,2,2,2,1,0,0,-1,2,2,2,2,2,0,0
61,117,ZD,2,2,2,1,0,0,-1,2,2,2,2,2,0,0
61,118,ZD,2,2,2,1,0,0,-1,2,2,2,2,2,0,0
61,119,ZD,2,2,2,1,0,0,-1,2,2,2,2,2,0,0
61,120,ZD,2,2,2,1,0,0,-1,2,2,2,2,2,0,0
61,121,ZD,2,2,2,0,0,0,0,2,2,2,2,2,1,0
61,122,ZD,2,2,2,0,0,0,0,2,2,2,2,2,1,0
61,123,ZD,2,2,2,1,0,0,-1,2,2,2,2,2,0,0
61,124,ZD,2,2,2,1,0,0,-1,2,2,2,2,2,0,0
61,125,ZD,2,2,2,0,0,0,0,2,2,2,2,2,1,0
61,126,ZD,2,2,2,0,0,0,0,2,2,2,2,2,1,0
61,127,ZD,2,2,2,1,0,0,-1,2,2,2,2,2,0,0
61,128,ZD,2,2,2,0,0,0,0,2,2,2,2,2,1,0
61,129,ZD,2,2,2,0,0,0,0,2,2,2,2,2,1,0
61,130,ZD,2,2,2,0,0,0,0,2,2,2,2,2,1,0
61,131,ZD,2,2,2,0,0,0,0,2,2,2,2,2,1,0
61,132,ZD,2,2,2,0,0,0,0,2,2,2,2,2,1,0
61,133,ZD,2,2,2,0,0,0,0,2,2,2,2,2,1,0
61,134,ZD,2,2,2,1,0,0,-1,2,2,2,2,2,0,0
61,135,ZD,2,2,2,1,0,0,-1,2,2,2,2,2,0,0
61,136,ZD,2,2,2,1,0,0,-1,2,2,2,2,2,0,0
61,137,ZD,2,2,2,1,0,0,-1,2,2,2,2,2,0,0
61,138,ZD,2,2,2,0,0,0,0,2,2,2,2,2,1,0
61,139,ZD,2,2,2,0,0,0,0,2,2,2,2,2,1,0
61,140,ZD,2,2,2,1,0,0,-1,2,2,2,2,2,0,0
61,141,ZD,2,2,2,1,0,0,-1,2,2,2,2,2,0,0
61,142,ZD,2,2,2,1,0,0,-1,2,2,2,2,2,0,0
61,143,ZD,2,2,2,1,0,0,-1,2,2,2,2,2,0,0
61,144,ZD,2,2,2,1,0,0,-1,4,4,4,4,4,0,0
61,145,ZD,2,2,2,1,0,0,-1,4,4,4,4,4,0,0
61,146,ZD,2,2,2,1,0,0,-1,4,4,4,4,4,0,0
61,147,ZD,2,2,2,1,0,0,-1,4,4,4,4,4,0,0
61,148,ZD,2,2,3,1,0,0,-1,4,4,4,4,4,0,0
61,149,ZD,2,2,3,1,0,0,-1,4,4,4,4,4,0,0
61,150,ZD,2,2,3,1,0,0,-1,4,4,4,4,4,0,0
61,151,ZD,2,2,3,1,0,0,-1,4,4,4,4,4,0,0
61,152,ZD,2,2,3,1,0,0,-1,4,4,4,4,4,0,0
61,153,ZD,2,2,3,1,0,0,-1,4,4,4,4,4,0,0
61,154,ZD,2,2,3,1,0,0,-1,4,4,4,4,4,0,0
61,155,ZD,2,2,3,1,0,0,-1,4,4,4,4,4,0,0
61,156,ZD,2,2,2,1,0,0,-1,4,4,4,4,4,0,0
61,157,ZD,2,2,2,0,0,0,0,4,4,4,4,4,1,0
61,158,ZD,2,2,2,0,0,0,0,4,4,4,4,4,1,0
61,159,ZD,2,2,2,1,0,0,-1,4,4,4,4,4,0,0
61,160,ZD,2,2,2,1,0,0,-1,4,4,4,4,4,0,0
61,161,ZD,2,2,2,0,0,0,0,4,4,4,4,4,1,0
61,162,ZD,2,2,2,0,0,0,0,4,4,4,4,4,1,0
61,163,ZD,2,2,2,1,0,0,-1,4,4,4,4,4,0,0
61,164,ZD,3,2,3,0,0,0,-1,4,4,4,4,4,1,0
61,165,ZD,3,2,3,0,0,0,-1,4,4,4,4,4,1,0
61,166,ZD,3,2,3,0,0,0,-1,4,4,4,4,4,1,0
61,167,ZD,3,2,3,0,0,0,-1,4,4,4,4,4,1,0
61,168,ZD,2,2,3,1,0,0,-1,4,4,4,4,4,0,0
61,169,ZD,3,2,3,0,0,0,-1,4,4,4,4,4,1,0
61,170,ZD,2,2,3,1,0,0,-1,4,4,4,4,4,0,0
61,171,ZD,3,2,3,0,0,0,-1,4,4,4,4,4,1,0
61,172,ZD,3,2,3,0,0,0,-1,4,4,4,4,4,1,0
61,173,ZD,2,2,3,1,0,0,-1,4,4,4,4,4,0,0
61,174,ZD,3,2,3,0,0,0,-1,4,4,4,4,4,1,0
61,175,ZD,2,2,3,1,0,0,-1,4,4,4,4,4,0,0
61,176,ZD,2,2,2,1,0,0,-1,4,4,4,4,4,0,0
61,177,ZD,2,2,2,1,0,0,-1,4,4,4,4,4,0,0
61,178,ZD,2,2,2,1,0,0,-1,4,4,4,4,4,0,0
61,179,ZD,2,2,2,1,0,0,-1,4,4,4,4,4,0,0
61,180,ZD,2,2,2,0,0,0,0,2,2,2,2,2,1,0
61,181,ZD,2,2,2,0,0,0,0,2,2,2,2,2,1,0
61,182,ZD,2,2,2,0,0,0,0,2,2,2,2,2,1,0
61,183,ZD,2,2,2,0,0,0,0,2,2,2,2,2,1,0
61,184,ZD,2,2,2,1,0,0,-1,2,2,2,2,2,0,0
61,185,ZD,2,2,2,1,0,0,-1,2,2,2,2,2,0,0
61,186,ZD,2,2,2,1,0,0,-1,2,2,2,2,2,0,0
61,187,ZD,2,2,2,1,0,0,-1,2,2,2,2,2,0,0
61,188,ZD,2,2,2,1,0,0,-1,2,2,2,2,2,0,0
61,189,ZD,2,2,2,1,0,0,-1,2,2,2,2,2,0,0
61,190,ZD,2,2,2,1,0,0,-1,2,2,2,2,2,0,0
61,191,ZD,2,2,2,1,0,0,-1,2,2,2,2,2,0,0
61,192,INC,1,-1,-1,0,0,-1,-1,-1,-1,-1,-1,-1,0,1
61,193,INC,1,-1,-1,0,0,-1,-1,-1,-1,-1,-1,-1,0,1
61,194,INC,1,-1,-1,0,0,-1,-1,-1,-1,-1,-1,-1,0,1
61,195,INC,1,-1,-1,0,0,-1,-1,-1,-1,-1,-1,-1,0,1
61,196,ZD,2,2,2,1,0,0,-1,2,2,2,2,2,0,0
61,197,ZD,2,2,2,1,0,0,-1,2,2,2,2,2,0,0
61,198,ZD,2,2,2,1,0,0,-1,2,2,2,2,2,0,0
61,199,ZD,2,2,2,1,0,0,-1,2,2,2,2,2,0,0
62,63,INC,1,-1,-1,0,0,-1,-1,-1,-1,-1,-1,-1,0,1
62,64,INC,1,-1,-1,0,0,-1,-1,-1,-1,-1,-1,-1,0,1
62,65,POS,1,1,1,0,0,-1,-1,-1,-1,-1,-1,-1,0,1
62,66,INC,1,-1,-1,0,0,-1,-1,-1,-1,-1,-1,-1,0,1
62,67,INC,1,-1,-1,0,0,-1,-1,-1,-1,-1,-1,-1,0,1
62,68,ZD,2,2,2,1,0,0,-1,2,2,2,2,2,0,0
62,69,ZD,2,2,2,1,0,0,-1,2,2,2,2,2,0,0
62,70,ZD,2,2,2,1,0,0,-1,2,2,2,2,2,0,0
62,71,ZD,2,2,2,1,0,0,-1,2,2,2,2,2,0,0
62,72,ZD,2,2,2,0,0,0,0,2,2,2,2,2,1,0
62,73,ZD,2,2,2,1,0,0,-1,2,2,2,2,2,0,0
62,74,ZD,2,2,2,0,0,0,0,2,2,2,2,2,1,0
62,75,ZD,2,2,2,1,0,0,-1,2,2,2,2,2,0,0
62,76,ZD,2,2,2,1,0,0,-1,2,2,2,2,2,0,0
62,77,ZD,2,2,2,0,0,0,0,2,2,2,2,2,1,0
62,78,ZD,2,2,2,1,0,0,-1,2,2,2,2,2,0,0
62,79,ZD,2,2,2,0,0,0,0,2,2,2,2,2,1,0
62,80,INC,1,-1,-1,0,0,-1,-1,-1,-1,-1,-1,-1,0,1
62,81,INC,1,-1,-1,0,0,-1,-1,-1,-1,-1,-1,-1,0,1
62,82,INC,1,-1,-1,0,0,-1,-1,-1,-1,-1,-1,-1,0,1
62,83,INC,1,-1,-1,0,0,-1,-1,-1,-1,-1,-1,-1,0,1
62,84,ZD,2,2,2,0,0,0,0,4,4,4,4,4,1,0
62,85,ZD,2,2,2,0,0,0,0,4,4,4,4,4,1,0
62,86,ZD,2,2,2,0,0,0,0,4,4,4,4,4,1,0
62,87,ZD,2,2,2,0,0,0,0,4,4,4,4,4,1,0
62,88,ZD,2,2,2,1,0,0,-1,4,4,4,4,4,0,0
62,89,ZD,2,2,2,1,0,0,-1,4,4,4,4,4,0,0
62,90,ZD,2,2,2,1,0,0,-1,4,4,4,4,4,0,0
62,91,ZD,2,2,2,1,0,0,-1,4,4,4,4,4,0,0
62,92,ZD,2,2,2,1,0,0,-1,4,4,4,4,4,0,0
62,93,ZD,2,2,2,1,0,0,-1,4,4,4,4,4,0,0
62,94,ZD,2,2,2,1,0,0,-1,4,4,4,4,4,0,0
62,95,ZD,2,2,2,1,0,0,-1,4,4,4,4,4,0,0
62,96,ZD,3,2,3,0,0,0,-1,4,4,4,4,4,1,0
62,97,ZD,3,2,3,0,0,0,-1,4,4,4,4,4,1,0
62,98,ZD,3,2,3,0,0,0,-1,4,4,4,4,4,1,0
62,99,ZD,3,2,3,0,0,0,-1,4,4,4,4,4,1,0
62,100,ZD,3,2,3,0,0,0,-1,4,4,4,4,4,1,0
62,101,ZD,3,2,3,0,0,0,-1,4,4,4,4,4,1,0
62,102,ZD,3,2,3,0,0,0,-1,4,4,4,4,4,1,0
62,103,ZD,3,2,3,0,0,0,-1,4,4,4,4,4,1,0
62,104,ZD,2,2,2,1,0,0,-1,4,4,4,4,4,0,0
62,105,ZD,2,2,2,1,0,0,-1,4,4,4,4,4,0,0
62,106,ZD,2,2,2,1,0,0,-1,4,4,4,4,4,0,0
62,107,ZD,2,2,2,1,0,0,-1,4,4,4,4,4,0,0
62,108,ZD,2,2,2,1,0,0,-1,4,4,4,4,4,0,0
62,109,ZD,2,2,2,1,0,0,-1,4,4,4,4,4,0,0
62,110,ZD,2,2,2,1,0,0,-1,4,4,4,4,4,0,0
62,111,ZD,2,2,2,1,0,0,-1,4,4,4,4,4,0,0
62,112,ZD,2,2,2,1,0,0,-1,2,2,2,2,2,0,0
62,113,ZD,2,2,2,1,0,0,-1,2,2,2,2,2,0,0
62,114,ZD,2,2,2,1,0,0,-1,2,2,2,2,2,0,0
62,115,ZD,2,2,2,1,0,0,-1,2,2,2,2,2,0,0
62,116,ZD,2,2,2,1,0,0,-1,2,2,2,2,2,0,0
62,117,ZD,2,2,2,1,0,0,-1,2,2,2,2,2,0,0
62,118,ZD,2,2,2,1,0,0,-1,2,2,2,2,2,0,0
62,119,ZD,2,2,2,1,0,0,-1,2,2,2,2,2,0,0
62,120,ZD,2,2,2,1,0,0,-1,2,2,2,2,2,0,0
62,121,ZD,2,2,2,0,0,0,0,2,2,2,2,2,1,0
62,122,ZD,2,2,2,0,0,0,0,2,2,2,2,2,1,0
62,123,ZD,2,2,2,1,0,0,-1,2,2,2,2,2,0,0
62,124,ZD,2,2,2,1,0,0,-1,2,2,2,2,2,0,0
62,125,ZD,2,2,2,0,0,0,0,2,2,2,2,2,1,0
62,126,ZD,2,2,2,0,0,0,0,2,2,2,2,2,1,0
62,127,ZD,2,2,2,1,0,0,-1,2,2,2,2,2,0,0
62,128,ZD,2,2,2,0,0,0,0,2,2,2,2,2,1,0
62,129,ZD,2,2,2,0,0,0,0,2,2,2,2,2,1,0
62,130,ZD,2,2,2,0,0,0,0,2,2,2,2,2,1,0
62,131,ZD,2,2,2,0,0,0,0,2,2,2,2,2,1,0
62,132,ZD,2,2,2,1,0,0,-1,2,2,2,2,2,0,0
62,133,ZD,2,2,2,1,0,0,-1,2,2,2,2,2,0,0
62,134,ZD,2,2,2,0,0,0,0,2,2,2,2,2,1,0
62,135,ZD,2,2,2,0,0,0,0,2,2,2,2,2,1,0
62,136,ZD,2,2,2,0,0,0,0,2,2,2,2,2,1,0
62,137,ZD,2,2,2,0,0,0,0,2,2,2,2,2,1,0
62,138,ZD,2,2,2,1,0,0,-1,2,2,2,2,2,0,0
62,139,ZD,2,2,2,1,0,0,-1,2,2,2,2,2,0,0
62,140,ZD,2,2,2,1,0,0,-1,2,2,2,2,2,0,0
62,141,ZD,2,2,2,1,0,0,-1,2,2,2,2,2,0,0
62,142,ZD,2,2,2,1,0,0,-1,2,2,2,2,2,0,0
62,143,ZD,2,2,2,1,0,0,-1,2,2,2,2,2,0,0
62,144,ZD,2,2,2,1,0,0,-1,4,4,4,4,4,0,0
62,145,ZD,2,2,2,1,0,0,-1,4,4,4,4,4,0,0
62,146,ZD,2,2,2,1,0,0,-1,4,4,4,4,4,0,0
62,147,ZD,2,2,2,1,0,0,-1,4,4,4,4,4,0,0
62,148,ZD,2,2,3,1,0,0,-1,4,4,4,4,4,0,0
62,149,ZD,2,2,3,1,0,0,-1,4,4,4,4,4,0,0
62,150,ZD,2,2,3,1,0,0,-1,4,4,4,4,4,0,0
62,151,ZD,2,2,3,1,0,0,-1,4,4,4,4,4,0,0
62,152,ZD,2,2,3,1,0,0,-1,4,4,4,4,4,0,0
62,153,ZD,2,2,3,1,0,0,-1,4,4,4,4,4,0,0
62,154,ZD,2,2,3,1,0,0,-1,4,4,4,4,4,0,0
62,155,ZD,2,2,3,1,0,0,-1,4,4,4,4,4,0,0
62,156,ZD,2,2,2,1,0,0,-1,4,4,4,4,4,0,0
62,157,ZD,2,2,2,0,0,0,0,4,4,4,4,4,1,0
62,158,ZD,2,2,2,0,0,0,0,4,4,4,4,4,1,0
62,159,ZD,2,2,2,1,0,0,-1,4,4,4,4,4,0,0
62,160,ZD,2,2,2,1,0,0,-1,4,4,4,4,4,0,0
62,161,ZD,2,2,2,0,0,0,0,4,4,4,4,4,1,0
62,162,ZD,2,2,2,0,0,0,0,4,4,4,4,4,1,0
62,163,ZD,2,2,2,1,0,0,-1,4,4,4,4,4,0,0
62,164,ZD,3,2,3,0,0,0,-1,4,4,4,4,4,1,0
62,165,ZD,3,2,3,0,0,0,-1,4,4,4,4,4,1,0
62,166,ZD,3,2,3,0,0,0,-1,4,4,4,4,4,1,0
62,167,ZD,3,2,3,0,0,0,-1,4,4,4,4,4,1,0
62,168,ZD,3,2,3,0,0,0,-1,4,4,4,4,4,1,0
62,169,ZD,2,2,3,1,0,0,-1,4,4,4,4,4,0,0
62,170,ZD,3,2,3,0,0,0,-1,4,4,4,4,4,1,0
62,171,ZD,2,2,3,1,0,0,-1,4,4,4,4,4,0,0
62,172,ZD,2,2,3,1,0,0,-1,4,4,4,4,4,0,0
62,173,ZD,3,2,3,0,0,0,-1,4,4,4,4,4,1,0
62,174,ZD,2,2,3,1,0,0,-1,4,4,4,4,4,0,0
62,175,ZD,3,2,3,0,0,0,-1,4,4,4,4,4,1,0
62,176,ZD,2,2,2,1,0,0,-1,4,4,4,4,4,0,0
62,177,ZD,2,2,2,1,0,0,-1,4,4,4,4,4,0,0
62,178,ZD,2,2,2,1,0,0,-1,4,4,4,4,4,0,0
62,179,ZD,2,2,2,1,0,0,-1,4,4,4,4,4,0,0
62,180,ZD,2,2,2,0,0,0,0,2,2,2,2,2,1,0
62,181,ZD,2,2,2,0,0,0,0,2,2,2,2,2,1,0
62,182,ZD,2,2,2,0,0,0,0,2,2,2,2,2,1,0
62,183,ZD,2,2,2,0,0,0,0,2,2,2,2,2,1,0
62,184,ZD,2,2,2,1,0,0,-1,2,2,2,2,2,0,0
62,185,ZD,2,2,2,1,0,0,-1,2,2,2,2,2,0,0
62,186,ZD,2,2,2,1,0,0,-1,2,2,2,2,2,0,0
62,187,ZD,2,2,2,1,0,0,-1,2,2,2,2,2,0,0
62,188,ZD,2,2,2,1,0,0,-1,2,2,2,2,2,0,0
62,189,ZD,2,2,2,1,0,0,-1,2,2,2,2,2,0,0
62,190,ZD,2,2,2,1,0,0,-1,2,2,2,2,2,0,0
62,191,ZD,2,2,2,1,0,0,-1,2,2,2,2,2,0,0
62,192,INC,1,-1,-1,0,0,-1,-1,-1,-1,-1,-1,-1,0,1
62,193,INC,1,-1,-1,0,0,-1,-1,-1,-1,-1,-1,-1,0,1
62,194,INC,1,-1,-1,0,0,-1,-1,-1,-1,-1,-1,-1,0,1
62,195,INC,1,-1,-1,0,0,-1,-1,-1,-1,-1,-1,-1,0,1
62,196,ZD,2,2,2,1,0,0,-1,2,2,2,2,2,0,0
62,197,ZD,2,2,2,1,0,0,-1,2,2,2,2,2,0,0
62,198,ZD,2,2,2,1,0,0,-1,2,2,2,2,2,0,0
62,199,ZD,2,2,2,1,0,0,-1,2,2,2,2,2,0,0
63,64,POS,1,1,1,0,0,-1,-1,-1,-1,-1,-1,-1,0,1
63,65,INC,1,-1,-1,0,0,-1,-1,-1,-1,-1,-1,-1,0,1
63,66,INC,1,-1,-1,0,0,-1,-1,-1,-1,-1,-1,-1,0,1
63,67,INC,1,-1,-1,0,0,-1,-1,-1,-1,-1,-1,-1,0,1
63,68,ZD,2,2,2,1,0,0,-1,2,2,2,2,2,0,0
63,69,ZD,2,2,2,1,0,0,-1,2,2,2,2,2,0,0
63,70,ZD,2,2,2,1,0,0,-1,2,2,2,2,2,0,0
63,71,ZD,2,2,2,1,0,0,-1,2,2,2,2,2,0,0
63,72,ZD,2,2,2,1,0,0,-1,2,2,2,2,2,0,0
63,73,ZD,2,2,2,0,0,0,0,2,2,2,2,2,1,0
63,74,ZD,2,2,2,1,0,0,-1,2,2,2,2,2,0,0
63,75,ZD,2,2,2,0,0,0,0,2,2,2,2,2,1,0
63,76,ZD,2,2,2,0,0,0,0,2,2,2,2,2,1,0
63,77,ZD,2,2,2,1,0,0,-1,2,2,2,2,2,0,0
63,78,ZD,2,2,2,0,0,0,0,2,2,2,2,2,1,0
63,79,ZD,2,2,2,1,0,0,-1,2,2,2,2,2,0,0
63,80,INC,1,-1,-1,0,0,-1,-1,-1,-1,-1,-1,-1,0,1
63,81,INC,1,-1,-1,0,0,-1,-1,-1,-1,-1,-1,-1,0,1
63,82,INC,1,-1,-1,0,0,-1,-1,-1,-1,-1,-1,-1,0,1
63,83,INC,1,-1,-1,0,0,-1,-1,-1,-1,-1,-1,-1,0,1
63,84,ZD,2,2,2,0,0,0,0,4,4,4,4,4,1,0
63,85,ZD,2,2,2,0,0,0,0,4,4,4,4,4,1,0
63,86,ZD,2,2,2,0,0,0,0,4,4,4,4,4,1,0
63,87,ZD,2,2,2,0,0,0,0,4,4,4,4,4,1,0
63,88,ZD,2,2,2,1,0,0,-1,4,4,4,4,4,0,0
63,89,ZD,2,2,2,1,0,0,-1,4,4,4,4,4,0,0
63,90,ZD,2,2,2,1,0,0,-1,4,4,4,4,4,0,0
63,91,ZD,2,2,2,1,0,0,-1,4,4,4,4,4,0,0
63,92,ZD,2,2,2,1,0,0,-1,4,4,4,4,4,0,0
63,93,ZD,2,2,2,1,0,0,-1,4,4,4,4,4,0,0
63,94,ZD,2,2,2,1,0,0,-1,4,4,4,4,4,0,0
63,95,ZD,2,2,2,1,0,0,-1,4,4,4,4,4,0,0
63,96,ZD,3,2,3,0,0,0,-1,4,4,4,4,4,1,0
63,97,ZD,3,2,3,0,0,0,-1,4,4,4,4,4,1,0
63,98,ZD,3,2,3,0,0,0,-1,4,4,4,4,4,1,0
63,99,ZD,3,2,3,0,0,0,-1,4,4,4,4,4,1,0
63,100,ZD,3,2,3,0,0,0,-1,4,4,4,4,4,1,0
63,101,ZD,3,2,3,0,0,0,-1,4,4,4,4,4,1,0
63,102,ZD,3,2,3,0,0,0,-1,4,4,4,4,4,1,0
63,103,ZD,3,2,3,0,0,0,-1,4,4,4,4,4,1,0
63,104,ZD,2,2,2,1,0,0,-1,4,4,4,4,4,0,0
63,105,ZD,2,2,2,1,0,0,-1,4,4,4,4,4,0,0
63,106,ZD,2,2,2,1,0,0,-1,4,4,4,4,4,0,0
63,107,ZD,2,2,2,1,0,0,-1,4,4,4,4,4,0,0
63,108,ZD,2,2,2,1,0,0,-1,4,4,4,4,4,0,0
63,109,ZD,2,2,2,1,0,0,-1,4,4,4,4,4,0,0
63,110,ZD,2,2,2,1,0,0,-1,4,4,4,4,4,0,0
63,111,ZD,2,2,2,1,0,0,-1,4,4,4,4,4,0,0
63,112,ZD,2,2,2,1,0,0,-1,2,2,2,2,2,0,0
63,113,ZD,2,2,2,1,0,0,-1,2,2,2,2,2,0,0
63,114,ZD,2,2,2,1,0,0,-1,2,2,2,2,2,0,0
63,115,ZD,2,2,2,1,0,0,-1,2,2,2,2,2,0,0
63,116,ZD,2,2,2,1,0,0,-1,2,2,2,2,2,0,0
63,117,ZD,2,2,2,1,0,0,-1,2,2,2,2,2,0,0
63,118,ZD,2,2,2,1,0,0,-1,2,2,2,2,2,0,0
63,119,ZD,2,2,2,1,0,0,-1,2,2,2,2,2,0,0
63,120,ZD,2,2,2,0,0,0,0,2,2,2,2,2,1,0
63,121,ZD,2,2,2,1,0,0,-1,2,2,2,2,2,0,0
63,122,ZD,2,2,2,1,0,0,-1,2,2,2,2,2,0,0
63,123,ZD,2,2,2,0,0,0,0,2,2,2,2,2,1,0
63,124,ZD,2,2,2,0,0,0,0,2,2,2,2,2,1,0
63,125,ZD,2,2,2,1,0,0,-1,2,2,2,2,2,0,0
63,126,ZD,2,2,2,1,0,0,-1,2,2,2,2,2,0,0
63,127,ZD,2,2,2,0,0,0,0,2,2,2,2,2,1,0
63,128,ZD,2,2,2,0,0,0,0,2,2,2,2,2,1,0
63,129,ZD,2,2,2,0,0,0,0,2,2,2,2,2,1,0
63,130,ZD,2,2,2,0,0,0,0,2,2,2,2,2,1,0
63,131,ZD,2,2,2,0,0,0,0,2,2,2,2,2,1,0
63,132,ZD,2,2,2,1,0,0,-1,2,2,2,2,2,0,0
63,133,ZD,2,2,2,1,0,0,-1,2,2,2,2,2,0,0
63,134,ZD,2,2,2,0,0,0,0,2,2,2,2,2,1,0
63,135,ZD,2,2,2,0,0,0,0,2,2,2,2,2,1,0
63,136,ZD,2,2,2,0,0,0,0,2,2,2,2,2,1,0
63,137,ZD,2,2,2,0,0,0,0,2,2,2,2,2,1,0
63,138,ZD,2,2,2,1,0,0,-1,2,2,2,2,2,0,0
63,139,ZD,2,2,2,1,0,0,-1,2,2,2,2,2,0,0
63,140,ZD,2,2,2,1,0,0,-1,2,2,2,2,2,0,0
63,141,ZD,2,2,2,1,0,0,-1,2,2,2,2,2,0,0
63,142,ZD,2,2,2,1,0,0,-1,2,2,2,2,2,0,0
63,143,ZD,2,2,2,1,0,0,-1,2,2,2,2,2,0,0
63,144,ZD,2,2,2,1,0,0,-1,4,4,4,4,4,0,0
63,145,ZD,2,2,2,1,0,0,-1,4,4,4,4,4,0,0
63,146,ZD,2,2,2,1,0,0,-1,4,4,4,4,4,0,0
63,147,ZD,2,2,2,1,0,0,-1,4,4,4,4,4,0,0
63,148,ZD,2,2,3,1,0,0,-1,4,4,4,4,4,0,0
63,149,ZD,2,2,3,1,0,0,-1,4,4,4,4,4,0,0
63,150,ZD,2,2,3,1,0,0,-1,4,4,4,4,4,0,0
63,151,ZD,2,2,3,1,0,0,-1,4,4,4,4,4,0,0
63,152,ZD,2,2,3,1,0,0,-1,4,4,4,4,4,0,0
63,153,ZD,2,2,3,1,0,0,-1,4,4,4,4,4,0,0
63,154,ZD,2,2,3,1,0,0,-1,4,4,4,4,4,0,0
63,155,ZD,2,2,3,1,0,0,-1,4,4,4,4,4,0,0
63,156,ZD,2,2,2,0,0,0,0,4,4,4,4,4,1,0
63,157,ZD,2,2,2,1,0,0,-1,4,4,4,4,4,0,0
63,158,ZD,2,2,2,1,0,0,-1,4,4,4,4,4,0,0
63,159,ZD,2,2,2,0,0,0,0,4,4,4,4,4,1,0
63,160,ZD,2,2,2,0,0,0,0,4,4,4,4,4,1,0
63,161,ZD,2,2,2,1,0,0,-1,4,4,4,4,4,0,0
63,162,ZD,2,2,2,1,0,0,-1,4,4,4,4,4,0,0
63,163,ZD,2,2,2,0,0,0,0,4,4,4,4,4,1,0
63,164,ZD,3,2,3,0,0,0,-1,4,4,4,4,4,1,0
63,165,ZD,3,2,3,0,0,0,-1,4,4,4,4,4,1,0
63,166,ZD,3,2,3,0,0,0,-1,4,4,4,4,4,1,0
63,167,ZD,3,2,3,0,0,0,-1,4,4,4,4,4,1,0
63,168,ZD,2,2,3,1,0,0,-1,4,4,4,4,4,0,0
63,169,ZD,3,2,3,0,0,0,-1,4,4,4,4,4,1,0
63,170,ZD,2,2,3,1,0,0,-1,4,4,4,4,4,0,0
63,171,ZD,3,2,3,0,0,0,-1,4,4,4,4,4,1,0
63,172,ZD,3,2,3,0,0,0,-1,4,4,4,4,4,1,0
63,173,ZD,2,2,3,1,0,0,-1,4,4,4,4,4,0,0
63,174,ZD,3,2,3,0,0,0,-1,4,4,4,4,4,1,0
63,175,ZD,2,2,3,1,0,0,-1,4,4,4,4,4,0,0
63,176,ZD,2,2,2,1,0,0,-1,4,4,4,4,4,0,0
63,177,ZD,2,2,2,1,0,0,-1,4,4,4,4,4,0,0
63,178,ZD,2,2,2,1,0,0,-1,4,4,4,4,4,0,0
63,179,ZD,2,2,2,1,0,0,-1,4,4,4,4,4,0,0
63,180,ZD,2,2,2,0,0,0,0,2,2,2,2,2,1,0
63,181,ZD,2,2,2,0,0,0,0,2,2,2,2,2,1,0
63,182,ZD,2,2,2,0,0,0,0,2,2,2,2,2,1,0
63,183,ZD,2,2,2,0,0,0,0,2,2,2,2,2,1,0
63,184,ZD,2,2,2,1,0,0,-1,2,2,2,2,2,0,0
63,185,ZD,2,2,2,1,0,0,-1,2,2,2,2,2,0,0
63,186,ZD,2,2,2,1,0,0,-1,2,2,2,2,2,0,0
63,187,ZD,2,2,2,1,0,0,-1,2,2,2,2,2,0,0
63,188,ZD,2,2,2,1,0,0,-1,2,2,2,2,2,0,0
63,189,ZD,2,2,2,1,0,0,-1,2,2,2,2,2,0,0
63,190,ZD,2,2,2,1,0,0,-1,2,2,2,2,2,0,0
63,191,ZD,2,2,2,1,0,0,-1,2,2,2,2,2,0,0
63,192,INC,1,-1,-1,0,0,-1,-1,-1,-1,-1,-1,-1,0,1
63,193,INC,1,-1,-1,0,0,-1,-1,-1,-1,-1,-1,-1,0,1
63,194,INC,1,-1,-1,0,0,-1,-1,-1,-1,-1,-1,-1,0,1
63,195,INC,1,-1,-1,0,0,-1,-1,-1,-1,-1,-1,-1,0,1
63,196,ZD,2,2,2,1,0,0,-1,2,2,2,2,2,0,0
63,197,ZD,2,2,2,1,0,0,-1,2,2,2,2,2,0,0
63,198,ZD,2,2,2,1,0,0,-1,2,2,2,2,2,0,0
63,199,ZD,2,2,2,1,0,0,-1,2,2,2,2,2,0,0
64,65,INC,1,-1,-1,0,0,-1,-1,-1,-1,-1,-1,-1,0,1
64,66,INC,1,-1,-1,0,0,-1,-1,-1,-1,-1,-1,-1,0,1
64,67,INC,1,-1,-1,0,0,-1,-1,-1,-1,-1,-1,-1,0,1
64,68,ZD,2,2,2,1,0,0,-1,2,2,2,2,2,0,0
64,69,ZD,2,2,2,1,0,0,-1,2,2,2,2,2,0,0
64,70,ZD,2,2,2,1,0,0,-1,2,2,2,2,2,0,0
64,71,ZD,2,2,2,1,0,0,-1,2,2,2,2,2,0,0
64,72,ZD,2,2,2,1,0,0,-1,2,2,2,2,2,0,0
64,73,ZD,2,2,2,0,0,0,0,2,2,2,2,2,1,0
64,74,ZD,2,2,2,1,0,0,-1,2,2,2,2,2,0,0
64,75,ZD,2,2,2,0,0,0,0,2,2,2,2,2,1,0
64,76,ZD,2,2,2,0,0,0,0,2,2,2,2,2,1,0
64,77,ZD,2,2,2,1,0,0,-1,2,2,2,2,2,0,0
64,78,ZD,2,2,2,0,0,0,0,2,2,2,2,2,1,0
64,79,ZD,2,2,2,1,0,0,-1,2,2,2,2,2,0,0
64,80,INC,1,-1,-1,0,0,-1,-1,-1,-1,-1,-1,-1,0,1
64,81,INC,1,-1,-1,0,0,-1,-1,-1,-1,-1,-1,-1,0,1
64,82,INC,1,-1,-1,0,0,-1,-1,-1,-1,-1,-1,-1,0,1
64,83,INC,1,-1,-1,0,0,-1,-1,-1,-1,-1,-1,-1,0,1
64,84,ZD,2,2,2,0,0,0,0,4,4,4,4,4,1,0
64,85,ZD,2,2,2,0,0,0,0,4,4,4,4,4,1,0
64,86,ZD,2,2,2,0,0,0,0,4,4,4,4,4,1,0
64,87,ZD,2,2,2,0,0,0,0,4,4,4,4,4,1,0
64,88,ZD,2,2,2,1,0,0,-1,4,4,4,4,4,0,0
64,89,ZD,2,2,2,1,0,0,-1,4,4,4,4,4,0,0
64,90,ZD,2,2,2,1,0,0,-1,4,4,4,4,4,0,0
64,91,ZD,2,2,2,1,0,0,-1,4,4,4,4,4,0,0
64,92,ZD,2,2,2,1,0,0,-1,4,4,4,4,4,0,0
64,93,ZD,2,2,2,1,0,0,-1,4,4,4,4,4,0,0
64,94,ZD,2,2,2,1,0,0,-1,4,4,4,4,4,0,0
64,95,ZD,2,2,2,1,0,0,-1,4,4,4,4,4,0,0
64,96,ZD,3,2,3,0,0,0,-1,4,4,4,4,4,1,0
64,97,ZD,3,2,3,0,0,0,-1,4,4,4,4,4,1,0
64,98,ZD,3,2,3,0,0,0,-1,4,4,4,4,4,1,0
64,99,ZD,3,2,3,0,0,0,-1,4,4,4,4,4,1,0
64,100,ZD,3,2,3,0,0,0,-1,4,4,4,4,4,1,0
64,101,ZD,3,2,3,0,0,0,-1,4,4,4,4,4,1,0
64,102,ZD,3,2,3,0,0,0,-1,4,4,4,4,4,1,0
64,103,ZD,3,2,3,0,0,0,-1,4,4,4,4,4,1,0
64,104,ZD,2,2,2,1,0,0,-1,4,4,4,4,4,0,0
64,105,ZD,2,2,2,1,0,0,-1,4,4,4,4,4,0,0
64,106,ZD,2,2,2,1,0,0,-1,4,4,4,4,4,0,0
64,107,ZD,2,2,2,1,0,0,-1,4,4,4,4,4,0,0
64,108,ZD,2,2,2,1,0,0,-1,4,4,4,4,4,0,0
64,109,ZD,2,2,2,1,0,0,-1,4,4,4,4,4,0,0
64,110,ZD,2,2,2,1,0,0,-1,4,4,4,4,4,0,0
64,111,ZD,2,2,2,1,0,0,-1,4,4,4,4,4,0,0
64,112,ZD,2,2,2,1,0,0,-1,2,2,2,2,2,0,0
64,113,ZD,2,2,2,1,0,0,-1,2,2,2,2,2,0,0
64,114,ZD,2,2,2,1,0,0,-1,2,2,2,2,2,0,0
64,115,ZD,2,2,2,1,0,0,-1,2,2,2,2,2,0,0
64,116,ZD,2,2,2,1,0,0,-1,2,2,2,2,2,0,0
64,117,ZD,2,2,2,1,0,0,-1,2,2,2,2,2,0,0
64,118,ZD,2,2,2,1,0,0,-1,2,2,2,2,2,0,0
64,119,ZD,2,2,2,1,0,0,-1,2,2,2,2,2,0,0
64,120,ZD,2,2,2,0,0,0,0,2,2,2,2,2,1,0
64,121,ZD,2,2,2,1,0,0,-1,2,2,2,2,2,0,0
64,122,ZD,2,2,2,1,0,0,-1,2,2,2,2,2,0,0
64,123,ZD,2,2,2,0,0,0,0,2,2,2,2,2,1,0
64,124,ZD,2,2,2,0,0,0,0,2,2,2,2,2,1,0
64,125,ZD,2,2,2,1,0,0,-1,2,2,2,2,2,0,0
64,126,ZD,2,2,2,1,0,0,-1,2,2,2,2,2,0,0
64,127,ZD,2,2,2,0,0,0,0,2,2,2,2,2,1,0
64,128,ZD,2,2,2,0,0,0,0,2,2,2,2,2,1,0
64,129,ZD,2,2,2,0,0,0,0,2,2,2,2,2,1,0
64,130,ZD,2,2,2,0,0,0,0,2,2,2,2,2,1,0
64,131,ZD,2,2,2,0,0,0,0,2,2,2,2,2,1,0
64,132,ZD,2,2,2,1,0,0,-1,2,2,2,2,2,0,0
64,133,ZD,2,2,2,1,0,0,-1,2,2,2,2,2,0,0
64,134,ZD,2,2,2,0,0,0,0,2,2,2,2,2,1,0
64,135,ZD,2,2,2,0,0,0,0,2,2,2,2,2,1,0
64,136,ZD,2,2,2,0,0,0,0,2,2,2,2,2,1,0
64,137,ZD,2,2,2,0,0,0,0,2,2,2,2,2,1,0
64,138,ZD,2,2,2,1,0,0,-1,2,2,2,2,2,0,0
64,139,ZD,2,2,2,1,0,0,-1,2,2,2,2,2,0,0
64,140,ZD,2,2,2,1,0,0,-1,2,2,2,2,2,0,0
64,141,ZD,2,2,2,1,0,0,-1,2,2,2,2,2,0,0
64,142,ZD,2,2,2,1,0,0,-1,2,2,2,2,2,0,0
64,143,ZD,2,2,2,1,0,0,-1,2,2,2,2,2,0,0
64,144,ZD,2,2,2,1,0,0,-1,4,4,4,4,4,0,0
64,145,ZD,2,2,2,1,0,0,-1,4,4,4,4,4,0,0
64,146,ZD,2,2,2,1,0,0,-1,4,4,4,4,4,0,0
64,147,ZD,2,2,2,1,0,0,-1,4,4,4,4,4,0,0
64,148,ZD,2,2,3,1,0,0,-1,4,4,4,4,4,0,0
64,149,ZD,2,2,3,1,0,0,-1,4,4,4,4,4,0,0
64,150,ZD,2,2,3,1,0,0,-1,4,4,4,4,4,0,0
64,151,ZD,2,2,3,1,0,0,-1,4,4,4,4,4,0,0
64,152,ZD,2,2,3,1,0,0,-1,4,4,4,4,4,0,0
64,153,ZD,2,2,3,1,0,0,-1,4,4,4,4,4,0,0
64,154,ZD,2,2,3,1,0,0,-1,4,4,4,4,4,0,0
64,155,ZD,2,2,3,1,0,0,-1,4,4,4,4,4,0,0
64,156,ZD,2,2,2,0,0,0,0,4,4,4,4,4,1,0
64,157,ZD,2,2,2,1,0,0,-1,4,4,4,4,4,0,0
64,158,ZD,2,2,2,1,0,0,-1,4,4,4,4,4,0,0
64,159,ZD,2,2,2,0,0,0,0,4,4,4,4,4,1,0
64,160,ZD,2,2,2,0,0,0,0,4,4,4,4,4,1,0
64,161,ZD,2,2,2,1,0,0,-1,4,4,4,4,4,0,0
64,162,ZD,2,2,2,1,0,0,-1,4,4,4,4,4,0,0
64,163,ZD,2,2,2,0,0,0,0,4,4,4,4,4,1,0
64,164,ZD,3,2,3,0,0,0,-1,4,4,4,4,4,1,0
64,165,ZD,3,2,3,0,0,0,-1,4,4,4,4,4,1,0
64,166,ZD,3,2,3,0,0,0,-1,4,4,4,4,4,1,0
64,167,ZD,3,2,3,0,0,0,-1,4,4,4,4,4,1,0
64,168,ZD,2,2,3,1,0,0,-1,4,4,4,4,4,0,0
64,169,ZD,3,2,3,0,0,0,-1,4,4,4,4,4,1,0
64,170,ZD,2,2,3,1,0,0,-1,4,4,4,4,4,0,0
64,171,ZD,3,2,3,0,0,0,-1,4,4,4,4,4,1,0
64,172,ZD,3,2,3,0,0,0,-1,4,4,4,4,4,1,0
64,173,ZD,2,2,3,1,0,0,-1,4,4,4,4,4,0,0
64,174,ZD,3,2,3,0,0,0,-1,4,4,4,4,4,1,0
64,175,ZD,2,2,3,1,0,0,-1,4,4,4,4,4,0,0
64,176,ZD,2,2,2,1,0,0,-1,4,4,4,4,4,0,0
64,177,ZD,2,2,2,1,0,0,-1,4,4,4,4,4,0,0
64,178,ZD,2,2,2,1,0,0,-1,4,4,4,4,4,0,0
64,179,ZD,2,2,2,1,0,0,-1,4,4,4,4,4,0,0
64,180,ZD,2,2,2,0,0,0,0,2,2,2,2,2,1,0
64,181,ZD,2,2,2,0,0,0,0,2,2,2,2,2,1,0
64,182,ZD,2,2,2,0,0,0,0,2,2,2,2,2,1,0
64,183,ZD,2,2,2,0,0,0,0,2,2,2,2,2,1,0
64,184,ZD,2,2,2,1,0,0,-1,2,2,2,2,2,0,0
64,185,ZD,2,2,2,1,0,0,-1,2,2,2,2,2,0,0
64,186,ZD,2,2,2,1,0,0,-1,2,2,2,2,2,0,0
64,187,ZD,2,2,2,1,0,0,-1,2,2,2,2,2,0,0
64,188,ZD,2,2,2,1,0,0,-1,2,2,2,2,2,0,0
64,189,ZD,2,2,2,1,0,0,-1,2,2,2,2,2,0,0
64,190,ZD,2,2,2,1,0,0,-1,2,2,2,2,2,0,0
64,191,ZD,2,2,2,1,0,0,-1,2,2,2,2,2,0,0
64,192,INC,1,-1,-1,0,0,-1,-1,-1,-1,-1,-1,-1,0,1
64,193,INC,1,-1,-1,0,0,-1,-1,-1,-1,-1,-1,-1,0,1
64,194,INC,1,-1,-1,0,0,-1,-1,-1,-1,-1,-1,-1,0,1
64,195,INC,1,-1,-1,0,0,-1,-1,-1,-1,-1,-1,-1,0,1
64,196,ZD,2,2,2,1,0,0,-1,2,2,2,2,2,0,0
64,197,ZD,2,2,2,1,0,0,-1,2,2,2,2,2,0,0
64,198,ZD,2,2,2,1,0,0,-1,2,2,2,2,2,0,0
64,199,ZD,2,2,2,1,0,0,-1,2,2,2,2,2,0,0
65,66,INC,1,-1,-1,0,0,-1,-1,-1,-1,-1,-1,-1,0,1
65,67,INC,1,-1,-1,0,0,-1,-1,-1,-1,-1,-1,-1,0,1
65,68,ZD,2,2,2,1,0,0,-1,2,2,2,2,2,0,0
65,69,ZD,2,2,2,1,0,0,-1,2,2,2,2,2,0,0
65,70,ZD,2,2,2,1,0,0,-1,2,2,2,2,2,0,0
65,71,ZD,2,2,2,1,0,0,-1,2,2,2,2,2,0,0
65,72,ZD,2,2,2,0,0,0,0,2,2,2,2,2,1,0
65,73,ZD,2,2,2,1,0,0,-1,2,2,2,2,2,0,0
65,74,ZD,2,2,2,0,0,0,0,2,2,2,2,2,1,0
65,75,ZD,2,2,2,1,0,0,-1,2,2,2,2,2,0,0
65,76,ZD,2,2,2,1,0,0,-1,2,2,2,2,2,0,0
65,77,ZD,2,2,2,0,0,0,0,2,2,2,2,2,1,0
65,78,ZD,2,2,2,1,0,0,-1,2,2,2,2,2,0,0
65,79,ZD,2,2,2,0,0,0,0,2,2,2,2,2,1,0
65,80,INC,1,-1,-1,0,0,-1,-1,-1,-1,-1,-1,-1,0,1
65,81,INC,1,-1,-1,0,0,-1,-1,-1,-1,-1,-1,-1,0,1
65,82,INC,1,-1,-1,0,0,-1,-1,-1,-1,-1,-1,-1,0,1
65,83,INC,1,-1,-1,0,0,-1,-1,-1,-1,-1,-1,-1,0,1
65,84,ZD,2,2,2,0,0,0,0,4,4,4,4,4,1,0
65,85,ZD,2,2,2,0,0,0,0,4,4,4,4,4,1,0
65,86,ZD,2,2,2,0,0,0,0,4,4,4,4,4,1,0
65,87,ZD,2,2,2,0,0,0,0,4,4,4,4,4,1,0
65,88,ZD,2,2,2,1,0,0,-1,4,4,4,4,4,0,0
65,89,ZD,2,2,2,1,0,0,-1,4,4,4,4,4,0,0
65,90,ZD,2,2,2,1,0,0,-1,4,4,4,4,4,0,0
65,91,ZD,2,2,2,1,0,0,-1,4,4,4,4,4,0,0
65,92,ZD,2,2,2,1,0,0,-1,4,4,4,4,4,0,0
65,93,ZD,2,2,2,1,0,0,-1,4,4,4,4,4,0,0
65,94,ZD,2,2,2,1,0,0,-1,4,4,4,4,4,0,0
65,95,ZD,2,2,2,1,0,0,-1,4,4,4,4,4,0,0
65,96,ZD,3,2,3,0,0,0,-1,4,4,4,4,4,1,0
65,97,ZD,3,2,3,0,0,0,-1,4,4,4,4,4,1,0
65,98,ZD,3,2,3,0,0,0,-1,4,4,4,4,4,1,0
65,99,ZD,3,2,3,0,0,0,-1,4,4,4,4,4,1,0
65,100,ZD,3,2,3,0,0,0,-1,4,4,4,4,4,1,0
65,101,ZD,3,2,3,0,0,0,-1,4,4,4,4,4,1,0
65,102,ZD,3,2,3,0,0,0,-1,4,4,4,4,4,1,0
65,103,ZD,3,2,3,0,0,0,-1,4,4,4,4,4,1,0
65,104,ZD,2,2,2,1,0,0,-1,4,4,4,4,4,0,0
65,105,ZD,2,2,2,1,0,0,-1,4,4,4,4,4,0,0
65,106,ZD,2,2,2,1,0,0,-1,4,4,4,4,4,0,0
65,107,ZD,2,2,2,1,0,0,-1,4,4,4,4,4,0,0
65,108,ZD,2,2,2,1,0,0,-1,4,4,4,4,4,0,0
65,109,ZD,2,2,2,1,0,0,-1,4,4,4,4,4,0,0
65,110,ZD,2,2,2,1,0,0,-1,4,4,4,4,4,0,0
65,111,ZD,2,2,2,1,0,0,-1,4,4,4,4,4,0,0
65,112,ZD,2,2,2,1,0,0,-1,2,2,2,2,2,0,0
65,113,ZD,2,2,2,1,0,0,-1,2,2,2,2,2,0,0
65,114,ZD,2,2,2,1,0,0,-1,2,2,2,2,2,0,0
65,115,ZD,2,2,2,1,0,0,-1,2,2,2,2,2,0,0
65,116,ZD,2,2,2,1,0,0,-1,2,2,2,2,2,0,0
65,117,ZD,2,2,2,1,0,0,-1,2,2,2,2,2,0,0
65,118,ZD,2,2,2,1,0,0,-1,2,2,2,2,2,0,0
65,119,ZD,2,2,2,1,0,0,-1,2,2,2,2,2,0,0
65,120,ZD,2,2,2,1,0,0,-1,2,2,2,2,2,0,0
65,121,ZD,2,2,2,0,0,0,0,2,2,2,2,2,1,0
65,122,ZD,2,2,2,0,0,0,0,2,2,2,2,2,1,0
65,123,ZD,2,2,2,1,0,0,-1,2,2,2,2,2,0,0
65,124,ZD,2,2,2,1,0,0,-1,2,2,2,2,2,0,0
65,125,ZD,2,2,2,0,0,0,0,2,2,2,2,2,1,0
65,126,ZD,2,2,2,0,0,0,0,2,2,2,2,2,1,0
65,127,ZD,2,2,2,1,0,0,-1,2,2,2,2,2,0,0
65,128,ZD,2,2,2,0,0,0,0,2,2,2,2,2,1,0
65,129,ZD,2,2,2,0,0,0,0,2,2,2,2,2,1,0
65,130,ZD,2,2,2,0,0,0,0,2,2,2,2,2,1,0
65,131,ZD,2,2,2,0,0,0,0,2,2,2,2,2,1,0
65,132,ZD,2,2,2,1,0,0,-1,2,2,2,2,2,0,0
65,133,ZD,2,2,2,1,0,0,-1,2,2,2,2,2,0,0
65,134,ZD,2,2,2,0,0,0,0,2,2,2,2,2,1,0
65,135,ZD,2,2,2,0,0,0,0,2,2,2,2,2,1,0
65,136,ZD,2,2,2,0,0,0,0,2,2,2,2,2,1,0
65,137,ZD,2,2,2,0,0,0,0,2,2,2,2,2,1,0
65,138,ZD,2,2,2,1,0,0,-1,2,2,2,2,2,0,0
65,139,ZD,2,2,2,1,0,0,-1,2,2,2,2,2,0,0
65,140,ZD,2,2,2,1,0,0,-1,2,2,2,2,2,0,0
65,141,ZD,2,2,2,1,0,0,-1,2,2,2,2,2,0,0
65,142,ZD,2,2,2,1,0,0,-1,2,2,2,2,2,0,0
65,143,ZD,2,2,2,1,0,0,-1,2,2,2,2,2,0,0
65,144,ZD,2,2,2,1,0,0,-1,4,4,4,4,4,0,0
65,145,ZD,2,2,2,1,0,0,-1,4,4,4,4,4,0,0
65,146,ZD,2,2,2,1,0,0,-1,4,4,4,4,4,0,0
65,147,ZD,2,2,2,1,0,0,-1,4,4,4,4,4,0,0
65,148,ZD,2,2,3,1,0,0,-1,4,4,4,4,4,0,0
65,149,ZD,2,2,3,1,0,0,-1,4,4,4,4,4,0,0
65,150,ZD,2,2,3,1,0,0,-1,4,4,4,4,4,0,0
65,151,ZD,2,2,3,1,0,0,-1,4,4,4,4,4,0,0
65,152,ZD,2,2,3,1,0,0,-1,4,4,4,4,4,0,0
65,153,ZD,2,2,3,1,0,0,-1,4,4,4,4,4,0,0
65,154,ZD,2,2,3,1,0,0,-1,4,4,4,4,4,0,0
65,155,ZD,2,2,3,1,0,0,-1,4,4,4,4,4,0,0
65,156,ZD,2,2,2,1,0,0,-1,4,4,4,4,4,0,0
65,157,ZD,2,2,2,0,0,0,0,4,4,4,4,4,1,0
65,158,ZD,2,2,2,0,0,0,0,4,4,4,4,4,1,0
65,159,ZD,2,2,2,1,0,0,-1,4,4,4,4,4,0,0
65,160,ZD,2,2,2,1,0,0,-1,4,4,4,4,4,0,0
65,161,ZD,2,2,2,0,0,0,0,4,4,4,4,4,1,0
65,162,ZD,2,2,2,0,0,0,0,4,4,4,4,4,1,0
65,163,ZD,2,2,2,1,0,0,-1,4,4,4,4,4,0,0
65,164,ZD,3,2,3,0,0,0,-1,4,4,4,4,4,1,0
65,165,ZD,3,2,3,0,0,0,-1,4,4,4,4,4,1,0
65,166,ZD,3,2,3,0,0,0,-1,4,4,4,4,4,1,0
65,167,ZD,3,2,3,0,0,0,-1,4,4,4,4,4,1,0
65,168,ZD,3,2,3,0,0,0,-1,4,4,4,4,4,1,0
65,169,ZD,2,2,3,1,0,0,-1,4,4,4,4,4,0,0
65,170,ZD,3,2,3,0,0,0,-1,4,4,4,4,4,1,0
65,171,ZD,2,2,3,1,0,0,-1,4,4,4,4,4,0,0
65,172,ZD,2,2,3,1,0,0,-1,4,4,4,4,4,0,0
65,173,ZD,3,2,3,0,0,0,-1,4,4,4,4,4,1,0
65,174,ZD,2,2,3,1,0,0,-1,4,4,4,4,4,0,0
65,175,ZD,3,2,3,0,0,0,-1,4,4,4,4,4,1,0
65,176,ZD,2,2,2,1,0,0,-1,4,4,4,4,4,0,0
65,177,ZD,2,2,2,1,0,0,-1,4,4,4,4,4,0,0
65,178,ZD,2,2,2,1,0,0,-1,4,4,4,4,4,0,0
65,179,ZD,2,2,2,1,0,0,-1,4,4,4,4,4,0,0
65,180,ZD,2,2,2,0,0,0,0,2,2,2,2,2,1,0
65,181,ZD,2,2,2,0,0,0,0,2,2,2,2,2,1,0
65,182,ZD,2,2,2,0,0,0,0,2,2,2,2,2,1,0
65,183,ZD,2,2,2,0,0,0,0,2,2,2,2,2,1,0
65,184,ZD,2,2,2,1,0,0,-1,2,2,2,2,2,0,0
65,185,ZD,2,2,2,1,0,0,-1,2,2,2,2,2,0,0
65,186,ZD,2,2,2,1,0,0,-1,2,2,2,2,2,0,0
65,187,ZD,2,2,2,1,0,0,-1,2,2,2,2,2,0,0
65,188,ZD,2,2,2,1,0,0,-1,2,2,2,2,2,0,0
65,189,ZD,2,2,2,1,0,0,-1,2,2,2,2,2,0,0
65,190,ZD,2,2,2,1,0,0,-1,2,2,2,2,2,0,0
65,191,ZD,2,2,2,1,0,0,-1,2,2,2,2,2,0,0
65,192,INC,1,-1,-1,0,0,-1,-1,-1,-1,-1,-1,-1,0,1
65,193,INC,1,-1,-1,0,0,-1,-1,-1,-1,-1,-1,-1,0,1
65,194,INC,1,-1,-1,0,0,-1,-1,-1,-1,-1,-1,-1,0,1
65,195,INC,1,-1,-1,0,0,-1,-1,-1,-1,-1,-1,-1,0,1
65,196,ZD,2,2,2,1,0,0,-1,2,2,2,2,2,0,0
65,197,ZD,2,2,2,1,0,0,-1,2,2,2,2,2,0,0
65,198,ZD,2,2,2,1,0,0,-1,2,2,2,2,2,0,0
65,199,ZD,2,2,2,1,0,0,-1,2,2,2,2,2,0,0
66,67,INC,1,-1,-1,0,0,-1,-1,-1,-1,-1,-1,-1,0,1
66,68,ZD,2,2,2,1,0,0,-1,2,2,2,2,2,0,0
66,69,ZD,2,2,2,1,0,0,-1,2,2,2,2,2,0,0
66,70,ZD,2,2,2,1,0,0,-1,2,2,2,2,2,0,0
66,71,ZD,2,2,2,1,0,0,-1,2,2,2,2,2,0,0
66,72,ZD,2,2,2,1,0,0,-1,2,2,2,2,2,0,0
66,73,ZD,2,2,2,0,0,0,0,2,2,2,2,2,1,0
66,74,ZD,2,2,2,1,0,0,-1,2,2,2,2,2,0,0
66,75,ZD,2,2,2,0,0,0,0,2,2,2,2,2,1,0
66,76,ZD,2,2,2,0,0,0,0,2,2,2,2,2,1,0
66,77,ZD,2,2,2,1,0,0,-1,2,2,2,2,2,0,0
66,78,ZD,2,2,2,0,0,0,0,2,2,2,2,2,1,0
66,79,ZD,2,2,2,1,0,0,-1,2,2,2,2,2,0,0
66,80,INC,1,-1,-1,0,0,-1,-1,-1,-1,-1,-1,-1,0,1
66,81,INC,1,-1,-1,0,0,-1,-1,-1,-1,-1,-1,-1,0,1
66,82,INC,1,-1,-1,0,0,-1,-1,-1,-1,-1,-1,-1,0,1
66,83,INC,1,-1,-1,0,0,-1,-1,-1,-1,-1,-1,-1,0,1
66,84,ZD,2,2,2,0,0,0,0,4,4,4,4,4,1,0
66,85,ZD,2,2,2,0,0,0,0,4,4,4,4,4,1,0
66,86,ZD,2,2,2,0,0,0,0,4,4,4,4,4,1,0
66,87,ZD,2,2,2,0,0,0,0,4,4,4,4,4,1,0
66,88,ZD,2,2,2,1,0,0,-1,4,4,4,4,4,0,0
66,89,ZD,2,2,2,1,0,0,-1,4,4,4,4,4,0,0
66,90,ZD,2,2,2,1,0,0,-1,4,4,4,4,4,0,0
66,91,ZD,2,2,2,1,0,0,-1,4,4,4,4,4,0,0
66,92,ZD,2,2,2,1,0,0,-1,4,4,4,4,4,0,0
66,93,ZD,2,2,2,1,0,0,-1,4,4,4,4,4,0,0
66,94,ZD,2,2,2,1,0,0,-1,4,4,4,4,4,0,0
66,95,ZD,2,2,2,1,0,0,-1,4,4,4,4,4,0,0
66,96,ZD,3,2,3,0,0,0,-1,4,4,4,4,4,1,0
66,97,ZD,3,2,3,0,0,0,-1,4,4,4,4,4,1,0
66,98,ZD,3,2,3,0,0,0,-1,4,4,4,4,4,1,0
66,99,ZD,3,2,3,0,0,0,-1,4,4,4,4,4,1,0
66,100,ZD,3,2,3,0,0,0,-1,4,4,4,4,4,1,0
66,101,ZD,3,2,3,0,0,0,-1,4,4,4,4,4,1,0
66,102,ZD,3,2,3,0,0,0,-1,4,4,4,4,4,1,0
66,103,ZD,3,2,3,0,0,0,-1,4,4,4,4,4,1,0
66,104,ZD,2,2,2,1,0,0,-1,4,4,4,4,4,0,0
66,105,ZD,2,2,2,1,0,0,-1,4,4,4,4,4,0,0
66,106,ZD,2,2,2,1,0,0,-1,4,4,4,4,4,0,0
66,107,ZD,2,2,2,1,0,0,-1,4,4,4,4,4,0,0
66,108,ZD,2,2,2,1,0,0,-1,4,4,4,4,4,0,0
66,109,ZD,2,2,2,1,0,0,-1,4,4,4,4,4,0,0
66,110,ZD,2,2,2,1,0,0,-1,4,4,4,4,4,0,0
66,111,ZD,2,2,2,1,0,0,-1,4,4,4,4,4,0,0
66,112,ZD,2,2,2,1,0,0,-1,2,2,2,2,2,0,0
66,113,ZD,2,2,2,1,0,0,-1,2,2,2,2,2,0,0
66,114,ZD,2,2,2,1,0,0,-1,2,2,2,2,2,0,0
66,115,ZD,2,2,2,1,0,0,-1,2,2,2,2,2,0,0
66,116,ZD,2,2,2,1,0,0,-1,2,2,2,2,2,0,0
66,117,ZD,2,2,2,1,0,0,-1,2,2,2,2,2,0,0
66,118,ZD,2,2,2,1,0,0,-1,2,2,2,2,2,0,0
66,119,ZD,2,2,2,1,0,0,-1,2,2,2,2,2,0,0
66,120,ZD,2,2,2,1,0,0,-1,2,2,2,2,2,0,0
66,121,ZD,2,2,2,0,0,0,0,2,2,2,2,2,1,0
66,122,ZD,2,2,2,0,0,0,0,2,2,2,2,2,1,0
66,123,ZD,2,2,2,1,0,0,-1,2,2,2,2,2,0,0
66,124,ZD,2,2,2,1,0,0,-1,2,2,2,2,2,0,0
66,125,ZD,2,2,2,0,0,0,0,2,2,2,2,2,1,0
66,126,ZD,2,2,2,0,0,0,0,2,2,2,2,2,1,0
66,127,ZD,2,2,2,1,0,0,-1,2,2,2,2,2,0,0
66,128,ZD,2,2,2,0,0,0,0,2,2,2,2,2,1,0
66,129,ZD,2,2,2,0,0,0,0,2,2,2,2,2,1,0
66,130,ZD,2,2,2,0,0,0,0,2,2,2,2,2,1,0
66,131,ZD,2,2,2,0,0,0,0,2,2,2,2,2,1,0
66,132,ZD,2,2,2,0,0,0,0,2,2,2,2,2,1,0
66,133,ZD,2,2,2,0,0,0,0,2,2,2,2,2,1,0
66,134,ZD,2,2,2,1,0,0,-1,2,2,2,2,2,0,0
66,135,ZD,2,2,2,1,0,0,-1,2,2,2,2,2,0,0
66,136,ZD,2,2,2,1,0,0,-1,2,2,2,2,2,0,0
66,137,ZD,2,2,2,1,0,0,-1,2,2,2,2,2,0,0
66,138,ZD,2,2,2,0,0,0,0,2,2,2,2,2,1,0
66,139,ZD,2,2,2,0,0,0,0,2,2,2,2,2,1,0
66,140,ZD,2,2,2,1,0,0,-1,2,2,2,2,2,0,0
66,141,ZD,2,2,2,1,0,0,-1,2,2,2,2,2,0,0
66,142,ZD,2,2,2,1,0,0,-1,2,2,2,2,2,0,0
66,143,ZD,2,2,2,1,0,0,-1,2,2,2,2,2,0,0
66,144,ZD,2,2,2,1,0,0,-1,4,4,4,4,4,0,0
66,145,ZD,2,2,2,1,0,0,-1,4,4,4,4,4,0,0
66,146,ZD,2,2,2,1,0,0,-1,4,4,4,4,4,0,0
66,147,ZD,2,2,2,1,0,0,-1,4,4,4,4,4,0,0
66,148,ZD,2,2,3,1,0,0,-1,4,4,4,4,4,0,0
66,149,ZD,2,2,3,1,0,0,-1,4,4,4,4,4,0,0
66,150,ZD,2,2,3,1,0,0,-1,4,4,4,4,4,0,0
66,151,ZD,2,2,3,1,0,0,-1,4,4,4,4,4,0,0
66,152,ZD,2,2,3,1,0,0,-1,4,4,4,4,4,0,0
66,153,ZD,2,2,3,1,0,0,-1,4,4,4,4,4,0,0
66,154,ZD,2,2,3,1,0,0,-1,4,4,4,4,4,0,0
66,155,ZD,2,2,3,1,0,0,-1,4,4,4,4,4,0,0
66,156,ZD,2,2,2,1,0,0,-1,4,4,4,4,4,0,0
66,157,ZD,2,2,2,0,0,0,0,4,4,4,4,4,1,0
66,158,ZD,2,2,2,0,0,0,0,4,4,4,4,4,1,0
66,159,ZD,2,2,2,1,0,0,-1,4,4,4,4,4,0,0
66,160,ZD,2,2,2,1,0,0,-1,4,4,4,4,4,0,0
66,161,ZD,2,2,2,0,0,0,0,4,4,4,4,4,1,0
66,162,ZD,2,2,2,0,0,0,0,4,4,4,4,4,1,0
66,163,ZD,2,2,2,1,0,0,-1,4,4,4,4,4,0,0
66,164,ZD,3,2,3,0,0,0,-1,4,4,4,4,4,1,0
66,165,ZD,3,2,3,0,0,0,-1,4,4,4,4,4,1,0
66,166,ZD,3,2,3,0,0,0,-1,4,4,4,4,4,1,0
66,167,ZD,3,2,3,0,0,0,-1,4,4,4,4,4,1,0
66,168,ZD,2,2,3,1,0,0,-1,4,4,4,4,4,0,0
66,169,ZD,3,2,3,0,0,0,-1,4,4,4,4,4,1,0
66,170,ZD,2,2,3,1,0,0,-1,4,4,4,4,4,0,0
66,171,ZD,3,2,3,0,0,0,-1,4,4,4,4,4,1,0
66,172,ZD,3,2,3,0,0,0,-1,4,4,4,4,4,1,0
66,173,ZD,2,2,3,1,0,0,-1,4,4,4,4,4,0,0
66,174,ZD,3,2,3,0,0,0,-1,4,4,4,4,4,1,0
66,175,ZD,2,2,3,1,0,0,-1,4,4,4,4,4,0,0
66,176,ZD,2,2,2,1,0,0,-1,4,4,4,4,4,0,0
66,177,ZD,2,2,2,1,0,0,-1,4,4,4,4,4,0,0
66,178,ZD,2,2,2,1,0,0,-1,4,4,4,4,4,0,0
66,179,ZD,2,2,2,1,0,0,-1,4,4,4,4,4,0,0
66,180,ZD,2,2,2,0,0,0,0,2,2,2,2,2,1,0
66,181,ZD,2,2,2,0,0,0,0,2,2,2,2,2,1,0
66,182,ZD,2,2,2,0,0,0,0,2,2,2,2,2,1,0
66,183,ZD,2,2,2,0,0,0,0,2,2,2,2,2,1,0
66,184,ZD,2,2,2,1,0,0,-1,2,2,2,2,2,0,0
66,185,ZD,2,2,2,1,0,0,-1,2,2,2,2,2,0,0
66,186,ZD,2,2,2,1,0,0,-1,2,2,2,2,2,0,0
66,187,ZD,2,2,2,1,0,0,-1,2,2,2,2,2,0,0
66,188,ZD,2,2,2,1,0,0,-1,2,2,2,2,2,0,0
66,189,ZD,2,2,2,1,0,0,-1,2,2,2,2,2,0,0
66,190,ZD,2,2,2,1,0,0,-1,2,2,2,2,2,0,0
66,191,ZD,2,2,2,1,0,0,-1,2,2,2,2,2,0,0
66,192,INC,1,-1,-1,0,0,-1,-1,-1,-1,-1,-1,-1,0,1
66,193,INC,1,-1,-1,0,0,-1,-1,-1,-1,-1,-1,-1,0,1
66,194,INC,1,-1,-1,0,0,-1,-1,-1,-1,-1,-1,-1,0,1
66,195,INC,1,-1,-1,0,0,-1,-1,-1,-1,-1,-1,-1,0,1
66,196,ZD,2,2,2,1,0,0,-1,2,2,2,2,2,0,0
66,197,ZD,2,2,2,1,0,0,-1,2,2,2,2,2,0,0
66,198,ZD,2,2,2,1,0,0,-1,2,2,2,2,2,0,0
66,199,ZD,2,2,2,1,0,0,-1,2,2,2,2,2,0,0
67,68,ZD,2,2,2,1,0,0,-1,2,2,2,2,2,0,0
67,69,ZD,2,2,2,1,0,0,-1,2,2,2,2,2,0,0
67,70,ZD,2,2,2,1,0,0,-1,2,2,2,2,2,0,0
67,71,ZD,2,2,2,1,0,0,-1,2,2,2,2,2,0,0
67,72,ZD,2,2,2,0,0,0,0,2,2,2,2,2,1,0
67,73,ZD,2,2,2,1,0,0,-1,2,2,2,2,2,0,0
67,74,ZD,2,2,2,0,0,0,0,2,2,2,2,2,1,0
67,75,ZD,2,2,2,1,0,0,-1,2,2,2,2,2,0,0
67,76,ZD,2,2,2,1,0,0,-1,2,2,2,2,2,0,0
67,77,ZD,2,2,2,0,0,0,0,2,2,2,2,2,1,0
67,78,ZD,2,2,2,1,0,0,-1,2,2,2,2,2,0,0
67,79,ZD,2,2,2,0,0,0,0,2,2,2,2,2,1,0
67,80,INC,1,-1,-1,0,0,-1,-1,-1,-1,-1,-1,-1,0,1
67,81,INC,1,-1,-1,0,0,-1,-1,-1,-1,-1,-1,-1,0,1
67,82,INC,1,-1,-1,0,0,-1,-1,-1,-1,-1,-1,-1,0,1
67,83,INC,1,-1,-1,0,0,-1,-1,-1,-1,-1,-1,-1,0,1
67,84,ZD,2,2,2,0,0,0,0,4,4,4,4,4,1,0
67,85,ZD,2,2,2,0,0,0,0,4,4,4,4,4,1,0
67,86,ZD,2,2,2,0,0,0,0,4,4,4,4,4,1,0
67,87,ZD,2,2,2,0,0,0,0,4,4,4,4,4,1,0
67,88,ZD,2,2,2,1,0,0,-1,4,4,4,4,4,0,0
67,89,ZD,2,2,2,1,0,0,-1,4,4,4,4,4,0,0
67,90,ZD,2,2,2,1,0,0,-1,4,4,4,4,4,0,0
67,91,ZD,2,2,2,1,0,0,-1,4,4,4,4,4,0,0
67,92,ZD,2,2,2,1,0,0,-1,4,4,4,4,4,0,0
67,93,ZD,2,2,2,1,0,0,-1,4,4,4,4,4,0,0
67,94,ZD,2,2,2,1,0,0,-1,4,4,4,4,4,0,0
67,95,ZD,2,2,2,1,0,0,-1,4,4,4,4,4,0,0
67,96,ZD,3,2,3,0,0,0,-1,4,4,4,4,4,1,0
67,97,ZD,3,2,3,0,0,0,-1,4,4,4,4,4,1,0
67,98,ZD,3,2,3,0,0,0,-1,4,4,4,4,4,1,0
67,99,ZD,3,2,3,0,0,0,-1,4,4,4,4,4,1,0
67,100,ZD,3,2,3,0,0,0,-1,4,4,4,4,4,1,0
67,101,ZD,3,2,3,0,0,0,-1,4,4,4,4,4,1,0
67,102,ZD,3,2,3,0,0,0,-1,4,4,4,4,4,1,0
67,103,ZD,3,2,3,0,0,0,-1,4,4,4,4,4,1,0
67,104,ZD,2,2,2,1,0,0,-1,4,4,4,4,4,0,0
67,105,ZD,2,2,2,1,0,0,-1,4,4,4,4,4,0,0
67,106,ZD,2,2,2,1,0,0,-1,4,4,4,4,4,0,0
67,107,ZD,2,2,2,1,0,0,-1,4,4,4,4,4,0,0
67,108,ZD,2,2,2,1,0,0,-1,4,4,4,4,4,0,0
67,109,ZD,2,2,2,1,0,0,-1,4,4,4,4,4,0,0
67,110,ZD,2,2,2,1,0,0,-1,4,4,4,4,4,0,0
67,111,ZD,2,2,2,1,0,0,-1,4,4,4,4,4,0,0
67,112,ZD,2,2,2,1,0,0,-1,2,2,2,2,2,0,0
67,113,ZD,2,2,2,1,0,0,-1,2,2,2,2,2,0,0
67,114,ZD,2,2,2,1,0,0,-1,2,2,2,2,2,0,0
67,115,ZD,2,2,2,1,0,0,-1,2,2,2,2,2,0,0
67,116,ZD,2,2,2,1,0,0,-1,2,2,2,2,2,0,0
67,117,ZD,2,2,2,1,0,0,-1,2,2,2,2,2,0,0
67,118,ZD,2,2,2,1,0,0,-1,2,2,2,2,2,0,0
67,119,ZD,2,2,2,1,0,0,-1,2,2,2,2,2,0,0
67,120,ZD,2,2,2,0,0,0,0,2,2,2,2,2,1,0
67,121,ZD,2,2,2,1,0,0,-1,2,2,2,2,2,0,0
67,122,ZD,2,2,2,1,0,0,-1,2,2,2,2,2,0,0
67,123,ZD,2,2,2,0,0,0,0,2,2,2,2,2,1,0
67,124,ZD,2,2,2,0,0,0,0,2,2,2,2,2,1,0
67,125,ZD,2,2,2,1,0,0,-1,2,2,2,2,2,0,0
67,126,ZD,2,2,2,1,0,0,-1,2,2,2,2,2,0,0
67,127,ZD,2,2,2,0,0,0,0,2,2,2,2,2,1,0
67,128,ZD,2,2,2,0,0,0,0,2,2,2,2,2,1,0
67,129,ZD,2,2,2,0,0,0,0,2,2,2,2,2,1,0
67,130,ZD,2,2,2,0,0,0,0,2,2,2,2,2,1,0
67,131,ZD,2,2,2,0,0,0,0,2,2,2,2,2,1,0
67,132,ZD,2,2,2,0,0,0,0,2,2,2,2,2,1,0
67,133,ZD,2,2,2,0,0,0,0,2,2,2,2,2,1,0
67,134,ZD,2,2,2,1,0,0,-1,2,2,2,2,2,0,0
67,135,ZD,2,2,2,1,0,0,-1,2,2,2,2,2,0,0
67,136,ZD,2,2,2,1,0,0,-1,2,2,2,2,2,0,0
67,137,ZD,2,2,2,1,0,0,-1,2,2,2,2,2,0,0
67,138,ZD,2,2,2,0,0,0,0,2,2,2,2,2,1,0
67,139,ZD,2,2,2,0,0,0,0,2,2,2,2,2,1,0
67,140,ZD,2,2,2,1,0,0,-1,2,2,2,2,2,0,0
67,141,ZD,2,2,2,1,0,0,-1,2,2,2,2,2,0,0
67,142,ZD,2,2,2,1,0,0,-1,2,2,2,2,2,0,0
67,143,ZD,2,2,2,1,0,0,-1,2,2,2,2,2,0,0
67,144,ZD,2,2,2,1,0,0,-1,4,4,4,4,4,0,0
67,145,ZD,2,2,2,1,0,0,-1,4,4,4,4,4,0,0
67,146,ZD,2,2,2,1,0,0,-1,4,4,4,4,4,0,0
67,147,ZD,2,2,2,1,0,0,-1,4,4,4,4,4,0,0
67,148,ZD,2,2,3,1,0,0,-1,4,4,4,4,4,0,0
67,149,ZD,2,2,3,1,0,0,-1,4,4,4,4,4,0,0
67,150,ZD,2,2,3,1,0,0,-1,4,4,4,4,4,0,0
67,151,ZD,2,2,3,1,0,0,-1,4,4,4,4,4,0,0
67,152,ZD,2,2,3,1,0,0,-1,4,4,4,4,4,0,0
67,153,ZD,2,2,3,1,0,0,-1,4,4,4,4,4,0,0
67,154,ZD,2,2,3,1,0,0,-1,4,4,4,4,4,0,0
67,155,ZD,2,2,3,1,0,0,-1,4,4,4,4,4,0,0
67,156,ZD,2,2,2,0,0,0,0,4,4,4,4,4,1,0
67,157,ZD,2,2,2,1,0,0,-1,4,4,4,4,4,0,0
67,158,ZD,2,2,2,1,0,0,-1,4,4,4,4,4,0,0
67,159,ZD,2,2,2,0,0,0,0,4,4,4,4,4,1,0
67,160,ZD,2,2,2,0,0,0,0,4,4,4,4,4,1,0
67,161,ZD,2,2,2,1,0,0,-1,4,4,4,4,4,0,0
67,162,ZD,2,2,2,1,0,0,-1,4,4,4,4,4,0,0
67,163,ZD,2,2,2,0,0,0,0,4,4,4,4,4,1,0
67,164,ZD,3,2,3,0,0,0,-1,4,4,4,4,4,1,0
67,165,ZD,3,2,3,0,0,0,-1,4,4,4,4,4,1,0
67,166,ZD,3,2,3,0,0,0,-1,4,4,4,4,4,1,0
67,167,ZD,3,2,3,0,0,0,-1,4,4,4,4,4,1,0
67,168,ZD,3,2,3,0,0,0,-1,4,4,4,4,4,1,0
67,169,ZD,2,2,3,1,0,0,-1,4,4,4,4,4,0,0
67,170,ZD,3,2,3,0,0,0,-1,4,4,4,4,4,1,0
67,171,ZD,2,2,3,1,0,0,-1,4,4,4,4,4,0,0
67,172,ZD,2,2,3,1,0,0,-1,4,4,4,4,4,0,0
67,173,ZD,3,2,3,0,0,0,-1,4,4,4,4,4,1,0
67,174,ZD,2,2,3,1,0,0,-1,4,4,4,4,4,0,0
67,175,ZD,3,2,3,0,0,0,-1,4,4,4,4,4,1,0
67,176,ZD,2,2,2,1,0,0,-1,4,4,4,4,4,0,0
67,177,ZD,2,2,2,1,0,0,-1,4,4,4,4,4,0,0
67,178,ZD,2,2,2,1,0,0,-1,4,4,4,4,4,0,0
67,179,ZD,2,2,2,1,0,0,-1,4,4,4,4,4,0,0
67,180,ZD,2,2,2,0,0,0,0,2,2,2,2,2,1,0
67,181,ZD,2,2,2,0,0,0,0,2,2,2,2,2,1,0
67,182,ZD,2,2,2,0,0,0,0,2,2,2,2,2,1,0
67,183,ZD,2,2,2,0,0,0,0,2,2,2,2,2,1,0
67,184,ZD,2,2,2,1,0,0,-1,2,2,2,2,2,0,0
67,185,ZD,2,2,2,1,0,0,-1,2,2,2,2,2,0,0
67,186,ZD,2,2,2,1,0,0,-1,2,2,2,2,2,0,0
67,187,ZD,2,2,2,1,0,0,-1,2,2,2,2,2,0,0
67,188,ZD,2,2,2,1,0,0,-1,2,2,2,2,2,0,0
67,189,ZD,2,2,2,1,0,0,-1,2,2,2,2,2,0,0
67,190,ZD,2,2,2,1,0,0,-1,2,2,2,2,2,0,0
67,191,ZD,2,2,2,1,0,0,-1,2,2,2,2,2,0,0
67,192,INC,1,-1,-1,0,0,-1,-1,-1,-1,-1,-1,-1,0,1
67,193,INC,1,-1,-1,0,0,-1,-1,-1,-1,-1,-1,-1,0,1
67,194,INC,1,-1,-1,0,0,-1,-1,-1,-1,-1,-1,-1,0,1
67,195,INC,1,-1,-1,0,0,-1,-1,-1,-1,-1,-1,-1,0,1
67,196,ZD,2,2,2,1,0,0,-1,2,2,2,2,2,0,0
67,197,ZD,2,2,2,1,0,0,-1,2,2,2,2,2,0,0
67,198,ZD,2,2,2,1,0,0,-1,2,2,2,2,2,0,0
67,199,ZD,2,2,2,1,0,0,-1,2,2,2,2,2,0,0
68,69,INC,1,-1,-1,0,0,-1,-1,-1,-1,-1,-1,-1,0,1
68,70,INC,1,-1,-1,0,0,-1,-1,-1,-1,-1,-1,-1,0,1
68,71,POS,1,1,1,0,0,-1,-1,-1,-1,-1,-1,-1,0,1
68,72,INC,1,-1,-1,0,0,-1,-1,-1,-1,-1,-1,-1,0,1
68,73,INC,1,-1,-1,0,0,-1,-1,-1,-1,-1,-1,-1,0,1
68,74,ZD,2,2,2,1,0,0,-1,2,2,2,2,2,0,0
68,75,ZD,2,2,2,1,0,0,-1,2,2,2,2,2,0,0
68,76,ZD,2,2,2,1,0,0,-1,2,2,2,2,2,0,0
68,77,ZD,2,2,2,1,0,0,-1,2,2,2,2,2,0,0
68,78,INC,1,-1,-1,0,0,-1,-1,-1,-1,-1,-1,-1,0,1
68,79,INC,1,-1,-1,0,0,-1,-1,-1,-1,-1,-1,-1,0,1
68,80,ZD,2,2,2,1,0,0,-1,2,2,2,2,2,0,0
68,81,ZD,2,2,2,1,0,0,-1,2,2,2,2,2,0,0
68,82,ZD,2,2,2,1,0,0,-1,2,2,2,2,2,0,0
68,83,ZD,2,2,2,1,0,0,-1,2,2,2,2,2,0,0
68,84,ZD,2,2,2,1,0,0,0,2,2,1,1,1,0,0
68,85,ZD,2,2,2,1,0,0,0,2,2,1,1,1,0,0
68,86,ZD,2,2,2,1,0,0,0,2,2,1,1,1,0,0
68,87,ZD,2,2,2,1,0,0,0,2,2,1,1,1,0,0
68,88,ZD,2,2,3,1,0,0,-1,3,3,3,3,3,0,0
68,89,ZD,2,2,3,1,0,0,-1,3,3,3,3,3,0,0
68,90,ZD,2,2,3,1,0,0,-1,3,3,3,3,3,0,0
68,91,ZD,2,2,3,1,0,0,-1,3,3,3,3,3,0,0
68,92,ZD,2,2,3,1,0,0,-1,3,3,3,3,3,0,0
68,93,ZD,2,2,3,1,0,0,-1,3,3,3,3,3,0,0
68,94,ZD,2,2,3,1,0,0,-1,3,3,3,3,3,0,0
68,95,ZD,2,2,3,1,0,0,-1,3,3,3,3,3,0,0
68,96,ZD,2,2,2,1,0,0,-1,3,3,2,2,2,0,0
68,97,ZD,2,2,2,1,0,0,-1,3,3,2,2,2,0,0
68,98,ZD,2,2,2,1,0,0,-1,3,3,2,2,2,0,0
68,99,ZD,2,2,2,1,0,0,-1,3,3,2,2,2,0,0
68,100,ZD,2,2,2,1,0,0,-1,3,3,2,2,2,0,0
68,101,ZD,2,2,2,1,0,0,-1,3,3,2,2,2,0,0
68,102,ZD,2,2,2,1,0,0,-1,3,3,2,2,2,0,0
68,103,ZD,2,2,2,1,0,0,-1,3,3,2,2,2,0,0
68,104,ZD,2,2,3,1,0,0,-1,4,4,4,4,4,0,0
68,105,ZD,2,2,3,1,0,0,-1,4,4,4,4,4,0,0
68,106,ZD,2,2,3,1,0,0,-1,4,4,4,4,4,0,0
68,107,ZD,2,2,3,1,0,0,-1,4,4,4,4,4,0,0
68,108,ZD,2,2,3,1,0,0,-1,4,4,4,4,4,0,0
68,109,ZD,2,2,3,1,0,0,-1,4,4,4,4,4,0,0
68,110,ZD,2,2,3,1,0,0,-1,4,4,4,4,4,0,0
68,111,ZD,2,2,3,1,0,0,-1,4,4,4,4,4,0,0
68,112,ZD,2,2,2,1,0,0,-1,2,2,2,2,2,0,0
68,113,ZD,2,2,2,1,0,0,-1,2,2,2,2,2,0,0
68,114,ZD,2,2,2,1,0,0,-1,2,2,2,2,2,0,0
68,115,ZD,2,2,2,1,0,0,-1,2,2,2,2,2,0,0
68,116,ZD,2,2,2,1,0,0,-1,2,2,2,2,2,0,0
68,117,ZD,2,2,2,1,0,0,-1,2,2,2,2,2,0,0
68,118,ZD,2,2,2,1,0,0,-1,2,2,2,2,2,0,0
68,119,ZD,2,2,2,1,0,0,-1,2,2,2,2,2,0,0
68,120,ZD,2,2,3,1,0,0,-1,3,3,3,3,3,0,0
68,121,ZD,2,2,3,1,0,0,-1,3,3,3,3,3,0,0
68,122,ZD,2,2,3,1,0,0,-1,3,3,3,3,3,0,0
68,123,ZD,2,2,3,1,0,0,-1,3,3,3,3,3,0,0
68,124,ZD,2,2,3,1,0,0,-1,3,3,3,3,3,0,0
68,125,ZD,2,2,3,1,0,0,-1,3,3,3,3,3,0,0
68,126,ZD,2,2,3,1,0,0,-1,3,3,3,3,3,0,0
68,127,ZD,2,2,3,1,0,0,-1,3,3,3,3,3,0,0
68,128,ZD,2,2,2,1,0,0,0,2,2,1,1,1,0,0
68,129,ZD,2,2,2,1,0,0,0,2,2,1,1,1,0,0
68,130,ZD,2,2,2,1,0,0,0,2,2,1,1,1,0,0
68,131,ZD,2,2,2,1,0,0,0,2,2,1,1,1,0,0
68,132,ZD,2,2,3,1,0,0,-1,3,3,3,3,3,0,0
68,133,ZD,2,2,3,1,0,0,-1,3,3,3,3,3,0,0
68,134,ZD,2,2,3,1,0,0,-1,3,3,3,3,3,0,0
68,135,ZD,2,2,3,1,0,0,-1,3,3,3,3,3,0,0
68,136,ZD,2,2,3,1,0,0,-1,3,3,3,3,3,0,0
68,137,ZD,2,2,3,1,0,0,-1,3,3,3,3,3,0,0
68,138,ZD,2,2,3,1,0,0,-1,3,3,3,3,3,0,0
68,139,ZD,2,2,3,1,0,0,-1,3,3,3,3,3,0,0
68,140,ZD,2,2,3,1,0,0,-1,3,3,3,3,3,0,0
68,141,ZD,2,2,3,1,0,0,-1,3,3,3,3,3,0,0
68,142,ZD,2,2,3,1,0,0,-1,3,3,3,3,3,0,0
68,143,ZD,2,2,3,1,0,0,-1,3,3,3,3,3,0,0
68,144,ZD,2,2,3,1,0,0,-1,3,3,3,3,3,0,0
68,145,ZD,2,2,3,1,0,0,-1,3,3,3,3,3,0,0
68,146,ZD,2,2,3,1,0,0,-1,3,3,3,3,3,0,0
68,147,ZD,2,2,3,1,0,0,-1,3,3,3,3,3,0,0
68,148,ZD,2,2,3,1,0,0,-1,3,3,3,3,3,0,0
68,149,ZD,2,2,3,1,0,0,-1,3,3,3,3,3,0,0
68,150,ZD,2,2,3,1,0,0,-1,3,3,3,3,3,0,0
68,151,ZD,2,2,3,1,0,0,-1,3,3,3,3,3,0,0
68,152,ZD,2,2,3,1,0,0,-1,3,3,3,3,3,0,0
68,153,ZD,2,2,3,1,0,0,-1,3,3,3,3,3,0,0
68,154,ZD,2,2,3,1,0,0,-1,3,3,3,3,3,0,0
68,155,ZD,2,2,3,1,0,0,-1,3,3,3,3,3,0,0
68,156,ZD,2,2,3,1,0,0,-1,4,4,4,4,4,0,0
68,157,ZD,2,2,3,1,0,0,-1,4,4,4,4,4,0,0
68,158,ZD,2,2,3,1,0,0,-1,4,4,4,4,4,0,0
68,159,ZD,2,2,3,1,0,0,-1,4,4,4,4,4,0,0
68,160,ZD,2,2,3,1,0,0,-1,4,4,4,4,4,0,0
68,161,ZD,2,2,3,1,0,0,-1,4,4,4,4,4,0,0
68,162,ZD,2,2,3,1,0,0,-1,4,4,4,4,4,0,0
68,163,ZD,2,2,3,1,0,0,-1,4,4,4,4,4,0,0
68,164,ZD,2,2,2,1,0,0,-1,3,3,2,2,2,0,0
68,165,ZD,2,2,2,1,0,0,-1,3,3,2,2,2,0,0
68,166,ZD,2,2,2,1,0,0,-1,3,3,2,2,2,0,0
68,167,ZD,2,2,2,1,0,0,-1,3,3,2,2,2,0,0
68,168,ZD,2,2,3,1,0,0,-1,4,4,4,4,4,0,0
68,169,ZD,2,2,3,1,0,0,-1,4,4,4,4,4,0,0
68,170,ZD,2,2,3,1,0,0,-1,4,4,4,4,4,0,0
68,171,ZD,2,2,3,1,0,0,-1,4,4,4,4,4,0,0
68,172,ZD,2,2,3,1,0,0,-1,4,4,4,4,4,0,0
68,173,ZD,2,2,3,1,0,0,-1,4,4,4,4,4,0,0
68,174,ZD,2,2,3,1,0,0,-1,4,4,4,4,4,0,0
68,175,ZD,2,2,3,1,0,0,-1,4,4,4,4,4,0,0
68,176,ZD,2,2,3,1,0,0,-1,4,4,4,4,4,0,0
68,177,ZD,2,2,3,1,0,0,-1,4,4,4,4,4,0,0
68,178,ZD,2,2,3,1,0,0,-1,4,4,4,4,4,0,0
68,179,ZD,2,2,3,1,0,0,-1,4,4,4,4,4,0,0
68,180,ZD,2,2,2,1,0,0,0,1,1,1,1,1,0,0
68,181,ZD,2,2,2,1,0,0,0,1,1,1,1,1,0,0
68,182,ZD,2,2,2,1,0,0,0,1,1,1,1,1,0,0
68,183,ZD,2,2,2,1,0,0,0,1,1,1,1,1,0,0
68,184,ZD,2,2,2,1,0,0,-1,2,2,2,2,2,0,0
68,185,ZD,2,2,2,1,0,0,-1,2,2,2,2,2,0,0
68,186,ZD,2,2,2,1,0,0,-1,2,2,2,2,2,0,0
68,187,ZD,2,2,2,1,0,0,-1,2,2,2,2,2,0,0
68,188,ZD,2,2,2,1,0,0,-1,2,2,2,2,2,0,0
68,189,ZD,2,2,2,1,0,0,-1,2,2,2,2,2,0,0
68,190,ZD,2,2,2,1,0,0,-1,2,2,2,2,2,0,0
68,191,ZD,2,2,2,1,0,0,-1,2,2,2,2,2,0,0
68,192,ZD,2,2,2,1,0,0,0,1,1,1,1,1,0,0
68,193,ZD,2,2,2,1,0,0,0,1,1,1,1,1,0,0
68,194,ZD,2,2,2,1,0,0,0,1,1,1,1,1,0,0
68,195,ZD,2,2,2,1,0,0,0,1,1,1,1,1,0,0
68,196,ZD,2,2,2,1,0,0,-1,2,2,2,2,2,0,0
68,197,ZD,2,2,2,1,0,0,-1,2,2,2,2,2,0,0
68,198,ZD,2,2,2,1,0,0,-1,2,2,2,2,2,0,0
68,199,ZD,2,2,2,1,0,0,-1,2,2,2,2,2,0,0
69,70,POS,1,1,1,0,0,-1,-1,-1,-1,-1,-1,-1,0,1
69,71,INC,1,-1,-1,0,0,-1,-1,-1,-1,-1,-1,-1,0,1
69,72,ZD,2,2,2,1,0,0,-1,2,2,2,2,2,0,0
69,73,ZD,2,2,2,1,0,0,-1,2,2,2,2,2,0,0
69,74,INC,1,-1,-1,0,0,-1,-1,-1,-1,-1,-1,-1,0,1
69,75,INC,1,-1,-1,0,0,-1,-1,-1,-1,-1,-1,-1,0,1
69,76,INC,1,-1,-1,0,0,-1,-1,-1,-1,-1,-1,-1,0,1
69,77,INC,1,-1,-1,0,0,-1,-1,-1,-1,-1,-1,-1,0,1
69,78,ZD,2,2,2,1,0,0,-1,2,2,2,2,2,0,0
69,79,ZD,2,2,2,1,0,0,-1,2,2,2,2,2,0,0
69,80,ZD,2,2,2,1,0,0,-1,2,2,2,2,2,0,0
69,81,ZD,2,2,2,1,0,0,-1,2,2,2,2,2,0,0
69,82,ZD,2,2,2,1,0,0,-1,2,2,2,2,2,0,0
69,83,ZD,2,2,2,1,0,0,-1,2,2,2,2,2,0,0
69,84,ZD,2,2,2,1,0,0,0,2,2,1,1,1,0,0
69,85,ZD,2,2,2,1,0,0,0,2,2,1,1,1,0,0
69,86,ZD,2,2,2,1,0,0,0,2,2,1,1,1,0,0
69,87,ZD,2,2,2,1,0,0,0,2,2,1,1,1,0,0
69,88,ZD,2,2,3,1,0,0,-1,3,3,3,3,3,0,0
69,89,ZD,2,2,3,1,0,0,-1,3,3,3,3,3,0,0
69,90,ZD,2,2,3,1,0,0,-1,3,3,3,3,3,0,0
69,91,ZD,2,2,3,1,0,0,-1,3,3,3,3,3,0,0
69,92,ZD,2,2,3,1,0,0,-1,3,3,3,3,3,0,0
69,93,ZD,2,2,3,1,0,0,-1,3,3,3,3,3,0,0
69,94,ZD,2,2,3,1,0,0,-1,3,3,3,3,3,0,0
69,95,ZD,2,2,3,1,0,0,-1,3,3,3,3,3,0,0
69,96,ZD,2,2,2,1,0,0,-1,3,3,2,2,2,0,0
69,97,ZD,2,2,2,1,0,0,-1,3,3,2,2,2,0,0
69,98,ZD,2,2,2,1,0,0,-1,3,3,2,2,2,0,0
69,99,ZD,2,2,2,1,0,0,-1,3,3,2,2,2,0,0
69,100,ZD,2,2,2,1,0,0,-1,3,3,2,2,2,0,0
69,101,ZD,2,2,2,1,0,0,-1,3,3,2,2,2,0,0
69,102,ZD,2,2,2,1,0,0,-1,3,3,2,2,2,0,0
69,103,ZD,2,2,2,1,0,0,-1,3,3,2,2,2,0,0
69,104,ZD,2,2,3,1,0,0,-1,4,4,4,4,4,0,0
69,105,ZD,2,2,3,1,0,0,-1,4,4,4,4,4,0,0
69,106,ZD,2,2,3,1,0,0,-1,4,4,4,4,4,0,0
69,107,ZD,2,2,3,1,0,0,-1,4,4,4,4,4,0,0
69,108,ZD,2,2,3,1,0,0,-1,4,4,4,4,4,0,0
69,109,ZD,2,2,3,1,0,0,-1,4,4,4,4,4,0,0
69,110,ZD,2,2,3,1,0,0,-1,4,4,4,4,4,0,0
69,111,ZD,2,2,3,1,0,0,-1,4,4,4,4,4,0,0
69,112,ZD,2,2,2,1,0,0,-1,2,2,2,2,2,0,0
69,113,ZD,2,2,2,1,0,0,-1,2,2,2,2,2,0,0
69,114,ZD,2,2,2,1,0,0,-1,2,2,2,2,2,0,0
69,115,ZD,2,2,2,1,0,0,-1,2,2,2,2,2,0,0
69,116,ZD,2,2,2,1,0,0,-1,2,2,2,2,2,0,0
69,117,ZD,2,2,2,1,0,0,-1,2,2,2,2,2,0,0
69,118,ZD,2,2,2,1,0,0,-1,2,2,2,2,2,0,0
69,119,ZD,2,2,2,1,0,0,-1,2,2,2,2,2,0,0
69,120,ZD,2,2,3,1,0,0,-1,3,3,3,3,3,0,0
69,121,ZD,2,2,3,1,0,0,-1,3,3,3,3,3,0,0
69,122,ZD,2,2,3,1,0,0,-1,3,3,3,3,3,0,0
69,123,ZD,2,2,3,1,0,0,-1,3,3,3,3,3,0,0
69,124,ZD,2,2,3,1,0,0,-1,3,3,3,3,3,0,0
69,125,ZD,2,2,3,1,0,0,-1,3,3,3,3,3,0,0
69,126,ZD,2,2,3,1,0,0,-1,3,3,3,3,3,0,0
69,127,ZD,2,2,3,1,0,0,-1,3,3,3,3,3,0,0
69,128,ZD,2,2,2,1,0,0,0,2,2,1,1,1,0,0
69,129,ZD,2,2,2,1,0,0,0,2,2,1,1,1,0,0
69,130,ZD,2,2,2,1,0,0,0,2,2,1,1,1,0,0
69,131,ZD,2,2,2,1,0,0,0,2,2,1,1,1,0,0
69,132,ZD,2,2,3,1,0,0,-1,3,3,3,3,3,0,0
69,133,ZD,2,2,3,1,0,0,-1,3,3,3,3,3,0,0
69,134,ZD,2,2,3,1,0,0,-1,3,3,3,3,3,0,0
69,135,ZD,2,2,3,1,0,0,-1,3,3,3,3,3,0,0
69,136,ZD,2,2,3,1,0,0,-1,3,3,3,3,3,0,0
69,137,ZD,2,2,3,1,0,0,-1,3,3,3,3,3,0,0
69,138,ZD,2,2,3,1,0,0,-1,3,3,3,3,3,0,0
69,139,ZD,2,2,3,1,0,0,-1,3,3,3,3,3,0,0
69,140,ZD,2,2,3,1,0,0,-1,3,3,3,3,3,0,0
69,141,ZD,2,2,3,1,0,0,-1,3,3,3,3,3,0,0
69,142,ZD,2,2,3,1,0,0,-1,3,3,3,3,3,0,0
69,143,ZD,2,2,3,1,0,0,-1,3,3,3,3,3,0,0
69,144,ZD,2,2,3,1,0,0,-1,3,3,3,3,3,0,0
69,145,ZD,2,2,3,1,0,0,-1,3,3,3,3,3,0,0
69,146,ZD,2,2,3,1,0,0,-1,3,3,3,3,3,0,0
69,147,ZD,2,2,3,1,0,0,-1,3,3,3,3,3,0,0
69,148,ZD,2,2,3,1,0,0,-1,3,3,3,3,3,0,0
69,149,ZD,2,2,3,1,0,0,-1,3,3,3,3,3,0,0
69,150,ZD,2,2,3,1,0,0,-1,3,3,3,3,3,0,0
69,151,ZD,2,2,3,1,0,0,-1,3,3,3,3,3,0,0
69,152,ZD,2,2,3,1,0,0,-1,3,3,3,3,3,0,0
69,153,ZD,2,2,3,1,0,0,-1,3,3,3,3,3,0,0
69,154,ZD,2,2,3,1,0,0,-1,3,3,3,3,3,0,0
69,155,ZD,2,2,3,1,0,0,-1,3,3,3,3,3,0,0
69,156,ZD,2,2,3,1,0,0,-1,4,4,4,4,4,0,0
69,157,ZD,2,2,3,1,0,0,-1,4,4,4,4,4,0,0
69,158,ZD,2,2,3,1,0,0,-1,4,4,4,4,4,0,0
69,159,ZD,2,2,3,1,0,0,-1,4,4,4,4,4,0,0
69,160,ZD,2,2,3,1,0,0,-1,4,4,4,4,4,0,0
69,161,ZD,2,2,3,1,0,0,-1,4,4,4,4,4,0,0
69,162,ZD,2,2,3,1,0,0,-1,4,4,4,4,4,0,0
69,163,ZD,2,2,3,1,0,0,-1,4,4,4,4,4,0,0
69,164,ZD,2,2,2,1,0,0,-1,3,3,2,2,2,0,0
69,165,ZD,2,2,2,1,0,0,-1,3,3,2,2,2,0,0
69,166,ZD,2,2,2,1,0,0,-1,3,3,2,2,2,0,0
69,167,ZD,2,2,2,1,0,0,-1,3,3,2,2,2,0,0
69,168,ZD,2,2,3,1,0,0,-1,4,4,4,4,4,0,0
69,169,ZD,2,2,3,1,0,0,-1,4,4,4,4,4,0,0
69,170,ZD,2,2,3,1,0,0,-1,4,4,4,4,4,0,0
69,171,ZD,2,2,3,1,0,0,-1,4,4,4,4,4,0,0
69,172,ZD,2,2,3,1,0,0,-1,4,4,4,4,4,0,0
69,173,ZD,2,2,3,1,0,0,-1,4,4,4,4,4,0,0
69,174,ZD,2,2,3,1,0,0,-1,4,4,4,4,4,0,0
69,175,ZD,2,2,3,1,0,0,-1,4,4,4,4,4,0,0
69,176,ZD,2,2,3,1,0,0,-1,4,4,4,4,4,0,0
69,177,ZD,2,2,3,1,0,0,-1,4,4,4,4,4,0,0
69,178,ZD,2,2,3,1,0,0,-1,4,4,4,4,4,0,0
69,179,ZD,2,2,3,1,0,0,-1,4,4,4,4,4,0,0
69,180,ZD,2,2,2,1,0,0,0,1,1,1,1,1,0,0
69,181,ZD,2,2,2,1,0,0,0,1,1,1,1,1,0,0
69,182,ZD,2,2,2,1,0,0,0,1,1,1,1,1,0,0
69,183,ZD,2,2,2,1,0,0,0,1,1,1,1,1,0,0
69,184,ZD,2,2,2,1,0,0,-1,2,2,2,2,2,0,0
69,185,ZD,2,2,2,1,0,0,-1,2,2,2,2,2,0,0
69,186,ZD,2,2,2,1,0,0,-1,2,2,2,2,2,0,0
69,187,ZD,2,2,2,1,0,0,-1,2,2,2,2,2,0,0
69,188,ZD,2,2,2,1,0,0,-1,2,2,2,2,2,0,0
69,189,ZD,2,2,2,1,0,0,-1,2,2,2,2,2,0,0
69,190,ZD,2,2,2,1,0,0,-1,2,2,2,2,2,0,0
69,191,ZD,2,2,2,1,0,0,-1,2,2,2,2,2,0,0
69,192,ZD,2,2,2,1,0,0,0,1,1,1,1,1,0,0
69,193,ZD,2,2,2,1,0,0,0,1,1,1,1,1,0,0
69,194,ZD,2,2,2,1,0,0,0,1,1,1,1,1,0,0
69,195,ZD,2,2,2,1,0,0,0,1,1,1,1,1,0,0
69,196,ZD,2,2,2,1,0,0,-1,2,2,2,2,2,0,0
69,197,ZD,2,2,2,1,0,0,-1,2,2,2,2,2,0,0
69,198,ZD,2,2,2,1,0,0,-1,2,2,2,2,2,0,0
69,199,ZD,2,2,2,1,0,0,-1,2,2,2,2,2,0,0
70,71,INC,1,-1,-1,0,0,-1,-1,-1,-1,-1,-1,-1,0,1
70,72,ZD,2,2,2,1,0,0,-1,2,2,2,2,2,0,0
70,73,ZD,2,2,2,1,0,0,-1,2,2,2,2,2,0,0
70,74,INC,1,-1,-1,0,0,-1,-1,-1,-1,-1,-1,-1,0,1
70,75,INC,1,-1,-1,0,0,-1,-1,-1,-1,-1,-1,-1,0,1
70,76,INC,1,-1,-1,0,0,-1,-1,-1,-1,-1,-1,-1,0,1
70,77,INC,1,-1,-1,0,0,-1,-1,-1,-1,-1,-1,-1,0,1
70,78,ZD,2,2,2,1,0,0,-1,2,2,2,2,2,0,0
70,79,ZD,2,2,2,1,0,0,-1,2,2,2,2,2,0,0
70,80,ZD,2,2,2,1,0,0,-1,2,2,2,2,2,0,0
70,81,ZD,2,2,2,1,0,0,-1,2,2,2,2,2,0,0
70,82,ZD,2,2,2,1,0,0,-1,2,2,2,2,2,0,0
70,83,ZD,2,2,2,1,0,0,-1,2,2,2,2,2,0,0
70,84,ZD,2,2,2,1,0,0,0,2,2,1,1,1,0,0
70,85,ZD,2,2,2,1,0,0,0,2,2,1,1,1,0,0
70,86,ZD,2,2,2,1,0,0,0,2,2,1,1,1,0,0
70,87,ZD,2,2,2,1,0,0,0,2,2,1,1,1,0,0
70,88,ZD,2,2,3,1,0,0,-1,3,3,3,3,3,0,0
70,89,ZD,2,2,3,1,0,0,-1,3,3,3,3,3,0,0
70,90,ZD,2,2,3,1,0,0,-1,3,3,3,3,3,0,0
70,91,ZD,2,2,3,1,0,0,-1,3,3,3,3,3,0,0
70,92,ZD,2,2,3,1,0,0,-1,3,3,3,3,3,0,0
70,93,ZD,2,2,3,1,0,0,-1,3,3,3,3,3,0,0
70,94,ZD,2,2,3,1,0,0,-1,3,3,3,3,3,0,0
70,95,ZD,2,2,3,1,0,0,-1,3,3,3,3,3,0,0
70,96,ZD,2,2,2,1,0,0,-1,3,3,2,2,2,0,0
70,97,ZD,2,2,2,1,0,0,-1,3,3,2,2,2,0,0
70,98,ZD,2,2,2,1,0,0,-1,3,3,2,2,2,0,0
70,99,ZD,2,2,2,1,0,0,-1,3,3,2,2,2,0,0
70,100,ZD,2,2,2,1,0,0,-1,3,3,2,2,2,0,0
70,101,ZD,2,2,2,1,0,0,-1,3,3,2,2,2,0,0
70,102,ZD,2,2,2,1,0,0,-1,3,3,2,2,2,0,0
70,103,ZD,2,2,2,1,0,0,-1,3,3,2,2,2,0,0
70,104,ZD,2,2,3,1,0,0,-1,4,4,4,4,4,0,0
70,105,ZD,2,2,3,1,0,0,-1,4,4,4,4,4,0,0
70,106,ZD,2,2,3,1,0,0,-1,4,4,4,4,4,0,0
70,107,ZD,2,2,3,1,0,0,-1,4,4,4,4,4,0,0
70,108,ZD,2,2,3,1,0,0,-1,4,4,4,4,4,0,0
70,109,ZD,2,2,3,1,0,0,-1,4,4,4,4,4,0,0
70,110,ZD,2,2,3,1,0,0,-1,4,4,4,4,4,0,0
70,111,ZD,2,2,3,1,0,0,-1,4,4,4,4,4,0,0
70,112,ZD,2,2,2,1,0,0,-1,2,2,2,2,2,0,0
70,113,ZD,2,2,2,1,0,0,-1,2,2,2,2,2,0,0
70,114,ZD,2,2,2,1,0,0,-1,2,2,2,2,2,0,0
70,115,ZD,2,2,2,1,0,0,-1,2,2,2,2,2,0,0
70,116,ZD,2,2,2,1,0,0,-1,2,2,2,2,2,0,0
70,117,ZD,2,2,2,1,0,0,-1,2,2,2,2,2,0,0
70,118,ZD,2,2,2,1,0,0,-1,2,2,2,2,2,0,0
70,119,ZD,2,2,2,1,0,0,-1,2,2,2,2,2,0,0
70,120,ZD,2,2,3,1,0,0,-1,3,3,3,3,3,0,0
70,121,ZD,2,2,3,1,0,0,-1,3,3,3,3,3,0,0
70,122,ZD,2,2,3,1,0,0,-1,3,3,3,3,3,0,0
70,123,ZD,2,2,3,1,0,0,-1,3,3,3,3,3,0,0
70,124,ZD,2,2,3,1,0,0,-1,3,3,3,3,3,0,0
70,125,ZD,2,2,3,1,0,0,-1,3,3,3,3,3,0,0
70,126,ZD,2,2,3,1,0,0,-1,3,3,3,3,3,0,0
70,127,ZD,2,2,3,1,0,0,-1,3,3,3,3,3,0,0
70,128,ZD,2,2,2,1,0,0,0,2,2,1,1,1,0,0
70,129,ZD,2,2,2,1,0,0,0,2,2,1,1,1,0,0
70,130,ZD,2,2,2,1,0,0,0,2,2,1,1,1,0,0
70,131,ZD,2,2,2,1,0,0,0,2,2,1,1,1,0,0
70,132,ZD,2,2,3,1,0,0,-1,3,3,3,3,3,0,0
70,133,ZD,2,2,3,1,0,0,-1,3,3,3,3,3,0,0
70,134,ZD,2,2,3,1,0,0,-1,3,3,3,3,3,0,0
70,135,ZD,2,2,3,1,0,0,-1,3,3,3,3,3,0,0
70,136,ZD,2,2,3,1,0,0,-1,3,3,3,3,3,0,0
70,137,ZD,2,2,3,1,0,0,-1,3,3,3,3,3,0,0
70,138,ZD,2,2,3,1,0,0,-1,3,3,3,3,3,0,0
70,139,ZD,2,2,3,1,0,0,-1,3,3,3,3,3,0,0
70,140,ZD,2,2,3,1,0,0,-1,3,3,3,3,3,0,0
70,141,ZD,2,2,3,1,0,0,-1,3,3,3,3,3,0,0
70,142,ZD,2,2,3,1,0,0,-1,3,3,3,3,3,0,0
70,143,ZD,2,2,3,1,0,0,-1,3,3,3,3,3,0,0
70,144,ZD,2,2,3,1,0,0,-1,3,3,3,3,3,0,0
70,145,ZD,2,2,3,1,0,0,-1,3,3,3,3,3,0,0
70,146,ZD,2,2,3,1,0,0,-1,3,3,3,3,3,0,0
70,147,ZD,2,2,3,1,0,0,-1,3,3,3,3,3,0,0
70,148,ZD,2,2,3,1,0,0,-1,3,3,3,3,3,0,0
70,149,ZD,2,2,3,1,0,0,-1,3,3,3,3,3,0,0
70,150,ZD,2,2,3,1,0,0,-1,3,3,3,3,3,0,0
70,151,ZD,2,2,3,1,0,0,-1,3,3,3,3,3,0,0
70,152,ZD,2,2,3,1,0,0,-1,3,3,3,3,3,0,0
70,153,ZD,2,2,3,1,0,0,-1,3,3,3,3,3,0,0
70,154,ZD,2,2,3,1,0,0,-1,3,3,3,3,3,0,0
70,155,ZD,2,2,3,1,0,0,-1,3,3,3,3,3,0,0
70,156,ZD,2,2,3,1,0,0,-1,4,4,4,4,4,0,0
70,157,ZD,2,2,3,1,0,0,-1,4,4,4,4,4,0,0
70,158,ZD,2,2,3,1,0,0,-1,4,4,4,4,4,0,0
70,159,ZD,2,2,3,1,0,0,-1,4,4,4,4,4,0,0
70,160,ZD,2,2,3,1,0,0,-1,4,4,4,4,4,0,0
70,161,ZD,2,2,3,1,0,0,-1,4,4,4,4,4,0,0
70,162,ZD,2,2,3,1,0,0,-1,4,4,4,4,4,0,0
70,163,ZD,2,2,3,1,0,0,-1,4,4,4,4,4,0,0
70,164,ZD,2,2,2,1,0,0,-1,3,3,2,2,2,0,0
70,165,ZD,2,2,2,1,0,0,-1,3,3,2,2,2,0,0
70,166,ZD,2,2,2,1,0,0,-1,3,3,2,2,2,0,0
70,167,ZD,2,2,2,1,0,0,-1,3,3,2,2,2,0,0
70,168,ZD,2,2,3,1,0,0,-1,4,4,4,4,4,0,0
70,169,ZD,2,2,3,1,0,0,-1,4,4,4,4,4,0,0
70,170,ZD,2,2,3,1,0,0,-1,4,4,4,4,4,0,0
70,171,ZD,2,2,3,1,0,0,-1,4,4,4,4,4,0,0
70,172,ZD,2,2,3,1,0,0,-1,4,4,4,4,4,0,0
70,173,ZD,2,2,3,1,0,0,-1,4,4,4,4,4,0,0
70,174,ZD,2,2,3,1,0,0,-1,4,4,4,4,4,0,0
70,175,ZD,2,2,3,1,0,0,-1,4,4,4,4,4,0,0
70,176,ZD,2,2,3,1,0,0,-1,4,4,4,4,4,0,0
70,177,ZD,2,2,3,1,0,0,-1,4,4,4,4,4,0,0
70,178,ZD,2,2,3,1,0,0,-1,4,4,4,4,4,0,0
70,179,ZD,2,2,3,1,0,0,-1,4,4,4,4,4,0,0
70,180,ZD,2,2,2,1,0,0,0,1,1,1,1,1,0,0
70,181,ZD,2,2,2,1,0,0,0,1,1,1,1,1,0,0
70,182,ZD,2,2,2,1,0,0,0,1,1,1,1,1,0,0
70,183,ZD,2,2,2,1,0,0,0,1,1,1,1,1,0,0
70,184,ZD,2,2,2,1,0,0,-1,2,2,2,2,2,0,0
70,185,ZD,2,2,2,1,0,0,-1,2,2,2,2,2,0,0
70,186,ZD,2,2,2,1,0,0,-1,2,2,2,2,2,0,0
70,187,ZD,2,2,2,1,0,0,-1,2,2,2,2,2,0,0
70,188,ZD,2,2,2,1,0,0,-1,2,2,2,2,2,0,0
70,189,ZD,2,2,2,1,0,0,-1,2,2,2,2,2,0,0
70,190,ZD,2,2,2,1,0,0,-1,2,2,2,2,2,0,0
70,191,ZD,2,2,2,1,0,0,-1,2,2,2,2,2,0,0
70,192,ZD,2,2,2,1,0,0,0,1,1,1,1,1,0,0
70,193,ZD,2,2,2,1,0,0,0,1,1,1,1,1,0,0
70,194,ZD,2,2,2,1,0,0,0,1,1,1,1,1,0,0
70,195,ZD,2,2,2,1,0,0,0,1,1,1,1,1,0,0
70,196,ZD,2,2,2,1,0,0,-1,2,2,2,2,2,0,0
70,197,ZD,2,2,2,1,0,0,-1,2,2,2,2,2,0,0
70,198,ZD,2,2,2,1,0,0,-1,2,2,2,2,2,0,0
70,199,ZD,2,2,2,1,0,0,-1,2,2,2,2,2,0,0
71,72,INC,1,-1,-1,0,0,-1,-1,-1,-1,-1,-1,-1,0,1
71,73,INC,1,-1,-1,0,0,-1,-1,-1,-1,-1,-1,-1,0,1
71,74,ZD,2,2,2,1,0,0,-1,2,2,2,2,2,0,0
71,75,ZD,2,2,2,1,0,0,-1,2,2,2,2,2,0,0
71,76,ZD,2,2,2,1,0,0,-1,2,2,2,2,2,0,0
71,77,ZD,2,2,2,1,0,0,-1,2,2,2,2,2,0,0
71,78,INC,1,-1,-1,0,0,-1,-1,-1,-1,-1,-1,-1,0,1
71,79,INC,1,-1,-1,0,0,-1,-1,-1,-1,-1,-1,-1,0,1
71,80,ZD,2,2,2,1,0,0,-1,2,2,2,2,2,0,0
71,81,ZD,2,2,2,1,0,0,-1,2,2,2,2,2,0,0
71,82,ZD,2,2,2,1,0,0,-1,2,2,2,2,2,0,0
71,83,ZD,2,2,2,1,0,0,-1,2,2,2,2,2,0,0
71,84,ZD,2,2,2,1,0,0,0,2,2,1,1,1,0,0
71,85,ZD,2,2,2,1,0,0,0,2,2,1,1,1,0,0
71,86,ZD,2,2,2,1,0,0,0,2,2,1,1,1,0,0
71,87,ZD,2,2,2,1,0,0,0,2,2,1,1,1,0,0
71,88,ZD,2,2,3,1,0,0,-1,3,3,3,3,3,0,0
71,89,ZD,2,2,3,1,0,0,-1,3,3,3,3,3,0,0
71,90,ZD,2,2,3,1,0,0,-1,3,3,3,3,3,0,0
71,91,ZD,2,2,3,1,0,0,-1,3,3,3,3,3,0,0
71,92,ZD,2,2,3,1,0,0,-1,3,3,3,3,3,0,0
71,93,ZD,2,2,3,1,0,0,-1,3,3,3,3,3,0,0
71,94,ZD,2,2,3,1,0,0,-1,3,3,3,3,3,0,0
71,95,ZD,2,2,3,1,0,0,-1,3,3,3,3,3,0,0
71,96,ZD,2,2,2,1,0,0,-1,3,3,2,2,2,0,0
71,97,ZD,2,2,2,1,0,0,-1,3,3,2,2,2,0,0
71,98,ZD,2,2,2,1,0,0,-1,3,3,2,2,2,0,0
71,99,ZD,2,2,2,1,0,0,-1,3,3,2,2,2,0,0
71,100,ZD,2,2,2,1,0,0,-1,3,3,2,2,2,0,0
71,101,ZD,2,2,2,1,0,0,-1,3,3,2,2,2,0,0
71,102,ZD,2,2,2,1,0,0,-1,3,3,2,2,2,0,0
71,103,ZD,2,2,2,1,0,0,-1,3,3,2,2,2,0,0
71,104,ZD,2,2,3,1,0,0,-1,4,4,4,4,4,0,0
71,105,ZD,2,2,3,1,0,0,-1,4,4,4,4,4,0,0
71,106,ZD,2,2,3,1,0,0,-1,4,4,4,4,4,0,0
71,107,ZD,2,2,3,1,0,0,-1,4,4,4,4,4,0,0
71,108,ZD,2,2,3,1,0,0,-1,4,4,4,4,4,0,0
71,109,ZD,2,2,3,1,0,0,-1,4,4,4,4,4,0,0
71,110,ZD,2,2,3,1,0,0,-1,4,4,4,4,4,0,0
71,111,ZD,2,2,3,1,0,0,-1,4,4,4,4,4,0,0
71,112,ZD,2,2,2,1,0,0,-1,2,2,2,2,2,0,0
71,113,ZD,2,2,2,1,0,0,-1,2,2,2,2,2,0,0
71,114,ZD,2,2,2,1,0,0,-1,2,2,2,2,2,0,0
71,115,ZD,2,2,2,1,0,0,-1,2,2,2,2,2,0,0
71,116,ZD,2,2,2,1,0,0,-1,2,2,2,2,2,0,0
71,117,ZD,2,2,2,1,0,0,-1,2,2,2,2,2,0,0
71,118,ZD,2,2,2,1,0,0,-1,2,2,2,2,2,0,0
71,119,ZD,2,2,2,1,0,0,-1,2,2,2,2,2,0,0
71,120,ZD,2,2,3,1,0,0,-1,3,3,3,3,3,0,0
71,121,ZD,2,2,3,1,0,0,-1,3,3,3,3,3,0,0
71,122,ZD,2,2,3,1,0,0,-1,3,3,3,3,3,0,0
71,123,ZD,2,2,3,1,0,0,-1,3,3,3,3,3,0,0
71,124,ZD,2,2,3,1,0,0,-1,3,3,3,3,3,0,0
71,125,ZD,2,2,3,1,0,0,-1,3,3,3,3,3,0,0
71,126,ZD,2,2,3,1,0,0,-1,3,3,3,3,3,0,0
71,127,ZD,2,2,3,1,0,0,-1,3,3,3,3,3,0,0
71,128,ZD,2,2,2,1,0,0,0,2,2,1,1,1,0,0
71,129,ZD,2,2,2,1,0,0,0,2,2,1,1,1,0,0
71,130,ZD,2,2,2,1,0,0,0,2,2,1,1,1,0,0
71,131,ZD,2,2,2,1,0,0,0,2,2,1,1,1,0,0
71,132,ZD,2,2,3,1,0,0,-1,3,3,3,3,3,0,0
71,133,ZD,2,2,3,1,0,0,-1,3,3,3,3,3,0,0
71,134,ZD,2,2,3,1,0,0,-1,3,3,3,3,3,0,0
71,135,ZD,2,2,3,1,0,0,-1,3,3,3,3,3,0,0
71,136,ZD,2,2,3,1,0,0,-1,3,3,3,3,3,0,0
71,137,ZD,2,2,3,1,0,0,-1,3,3,3,3,3,0,0
71,138,ZD,2,2,3,1,0,0,-1,3,3,3,3,3,0,0
71,139,ZD,2,2,3,1,0,0,-1,3,3,3,3,3,0,0
71,140,ZD,2,2,3,1,0,0,-1,3,3,3,3,3,0,0
71,141,ZD,2,2,3,1,0,0,-1,3,3,3,3,3,0,0
71,142,ZD,2,2,3,1,0,0,-1,3,3,3,3,3,0,0
71,143,ZD,2,2,3,1,0,0,-1,3,3,3,3,3,0,0
71,144,ZD,2,2,3,1,0,0,-1,3,3,3,3,3,0,0
71,145,ZD,2,2,3,1,0,0,-1,3,3,3,3,3,0,0
71,146,ZD,2,2,3,1,0,0,-1,3,3,3,3,3,0,0
71,147,ZD,2,2,3,1,0,0,-1,3,3,3,3,3,0,0
71,148,ZD,2,2,3,1,0,0,-1,3,3,3,3,3,0,0
71,149,ZD,2,2,3,1,0,0,-1,3,3,3,3,3,0,0
71,150,ZD,2,2,3,1,0,0,-1,3,3,3,3,3,0,0
71,151,ZD,2,2,3,1,0,0,-1,3,3,3,3,3,0,0
71,152,ZD,2,2,3,1,0,0,-1,3,3,3,3,3,0,0
71,153,ZD,2,2,3,1,0,0,-1,3,3,3,3,3,0,0
71,154,ZD,2,2,3,1,0,0,-1,3,3,3,3,3,0,0
71,155,ZD,2,2,3,1,0,0,-1,3,3,3,3,3,0,0
71,156,ZD,2,2,3,1,0,0,-1,4,4,4,4,4,0,0
71,157,ZD,2,2,3,1,0,0,-1,4,4,4,4,4,0,0
71,158,ZD,2,2,3,1,0,0,-1,4,4,4,4,4,0,0
71,159,ZD,2,2,3,1,0,0,-1,4,4,4,4,4,0,0
71,160,ZD,2,2,3,1,0,0,-1,4,4,4,4,4,0,0
71,161,ZD,2,2,3,1,0,0,-1,4,4,4,4,4,0,0
71,162,ZD,2,2,3,1,0,0,-1,4,4,4,4,4,0,0
71,163,ZD,2,2,3,1,0,0,-1,4,4,4,4,4,0,0
71,164,ZD,2,2,2,1,0,0,-1,3,3,2,2,2,0,0
71,165,ZD,2,2,2,1,0,0,-1,3,3,2,2,2,0,0
71,166,ZD,2,2,2,1,0,0,-1,3,3,2,2,2,0,0
71,167,ZD,2,2,2,1,0,0,-1,3,3,2,2,2,0,0
71,168,ZD,2,2,3,1,0,0,-1,4,4,4,4,4,0,0
71,169,ZD,2,2,3,1,0,0,-1,4,4,4,4,4,0,0
71,170,ZD,2,2,3,1,0,0,-1,4,4,4,4,4,0,0
71,171,ZD,2,2,3,1,0,0,-1,4,4,4,4,4,0,0
71,172,ZD,2,2,3,1,0,0,-1,4,4,4,4,4,0,0
71,173,ZD,2,2,3,1,0,0,-1,4,4,4,4,4,0,0
71,174,ZD,2,2,3,1,0,0,-1,4,4,4,4,4,0,0
71,175,ZD,2,2,3,1,0,0,-1,4,4,4,4,4,0,0
71,176,ZD,2,2,3,1,0,0,-1,4,4,4,4,4,0,0
71,177,ZD,2,2,3,1,0,0,-1,4,4,4,4,4,0,0
71,178,ZD,2,2,3,1,0,0,-1,4,4,4,4,4,0,0
71,179,ZD,2,2,3,1,0,0,-1,4,4,4,4,4,0,0
71,180,ZD,2,2,2,1,0,0,0,1,1,1,1,1,0,0
71,181,ZD,2,2,2,1,0,0,0,1,1,1,1,1,0,0
71,182,ZD,2,2,2,1,0,0,0,1,1,1,1,1,0,0
71,183,ZD,2,2,2,1,0,0,0,1,1,1,1,1,0,0
71,184,ZD,2,2,2,1,0,0,-1,2,2,2,2,2,0,0
71,185,ZD,2,2,2,1,0,0,-1,2,2,2,2,2,0,0
71,186,ZD,2,2,2,1,0,0,-1,2,2,2,2,2,0,0
71,187,ZD,2,2,2,1,0,0,-1,2,2,2,2,2,0,0
71,188,ZD,2,2,2,1,0,0,-1,2,2,2,2,2,0,0
71,189,ZD,2,2,2,1,0,0,-1,2,2,2,2,2,0,0
71,190,ZD,2,2,2,1,0,0,-1,2,2,2,2,2,0,0
71,191,ZD,2,2,2,1,0,0,-1,2,2,2,2,2,0,0
71,192,ZD,2,2,2,1,0,0,0,1,1,1,1,1,0,0
71,193,ZD,2,2,2,1,0,0,0,1,1,1,1,1,0,0
71,194,ZD,2,2,2,1,0,0,0,1,1,1,1,1,0,0
71,195,ZD,2,2,2,1,0,0,0,1,1,1,1,1,0,0
71,196,ZD,2,2,2,1,0,0,-1,2,2,2,2,2,0,0
71,197,ZD,2,2,2,1,0,0,-1,2,2,2,2,2,0,0
71,198,ZD,2,2,2,1,0,0,-1,2,2,2,2,2,0,0
71,199,ZD,2,2,2,1,0,0,-1,2,2,2,2,2,0,0
72,73,INC,1,-1,-1,0,0,-1,-1,-1,-1,-1,-1,-1,0,1
72,74,ZD,2,2,2,0,0,0,0,2,2,2,2,2,1,0
72,75,INC,1,-1,-1,0,0,-1,-1,-1,-1,-1,-1,-1,0,1
72,76,INC,1,-1,-1,0,0,-1,-1,-1,-1,-1,-1,-1,0,1
72,77,ZD,2,2,2,0,0,0,0,2,2,2,2,2,1,0
72,78,INC,1,-1,-1,0,0,-1,-1,-1,-1,-1,-1,-1,0,1
72,79,POS,1,1,1,0,0,-1,-1,-1,-1,-1,-1,-1,0,1
72,80,ZD,2,2,2,0,0,0,0,2,2,2,2,2,1,0
72,81,ZD,2,2,2,1,0,0,-1,2,2,2,2,2,0,0
72,82,ZD,2,2,2,1,0,0,-1,2,2,2,2,2,0,0
72,83,ZD,2,2,2,0,0,0,0,2,2,2,2,2,1,0
72,84,ZD,2,2,2,0,0,0,-1,4,4,4,4,4,1,0
72,85,ZD,2,2,2,0,0,0,-1,4,4,4,4,4,1,0
72,86,ZD,2,2,2,0,0,0,-1,4,4,4,4,4,1,0
72,87,ZD,2,2,2,0,0,0,-1,4,4,4,4,4,1,0
72,88,ZD,2,2,2,1,0,0,-1,4,4,4,4,4,0,0
72,89,ZD,2,2,2,1,0,0,-1,4,4,4,4,4,0,0
72,90,ZD,2,2,2,1,0,0,-1,4,4,4,4,4,0,0
72,91,ZD,2,2,2,1,0,0,-1,4,4,4,4,4,0,0
72,92,ZD,2,2,2,1,0,0,-1,4,4,4,4,4,0,0
72,93,ZD,2,2,2,1,0,0,-1,4,4,4,4,4,0,0
72,94,ZD,2,2,2,1,0,0,-1,4,4,4,4,4,0,0
72,95,ZD,2,2,2,1,0,0,-1,4,4,4,4,4,0,0
72,96,ZD,3,2,3,0,0,0,-1,3,3,3,3,3,1,0
72,97,ZD,3,2,3,0,0,0,-1,4,4,4,4,4,1,0
72,98,ZD,3,2,3,0,0,0,-1,4,4,4,4,4,1,0
72,99,ZD,3,2,3,0,0,0,-1,3,3,3,3,3,1,0
72,100,ZD,3,2,3,0,0,0,-1,3,3,3,3,3,1,0
72,101,ZD,3,2,3,0,0,0,-1,4,4,4,4,4,1,0
72,102,ZD,3,2,3,0,0,0,-1,4,4,4,4,4,1,0
72,103,ZD,3,2,3,0,0,0,-1,3,3,3,3,3,1,0
72,104,ZD,2,2,3,1,0,0,-1,4,4,4,4,4,0,0
72,105,ZD,2,2,3,1,0,0,-1,3,3,3,3,3,0,0
72,106,ZD,2,2,3,1,0,0,-1,3,3,3,3,3,0,0
72,107,ZD,2,2,3,1,0,0,-1,4,4,4,4,4,0,0
72,108,ZD,2,2,3,1,0,0,-1,4,4,4,4,4,0,0
72,109,ZD,2,2,3,1,0,0,-1,3,3,3,3,3,0,0
72,110,ZD,2,2,3,1,0,0,-1,3,3,3,3,3,0,0
72,111,ZD,2,2,3,1,0,0,-1,4,4,4,4,4,0,0
72,112,ZD,2,2,3,1,0,0,-1,3,3,3,3,3,0,0
72,113,ZD,2,2,3,1,0,0,-1,3,3,3,3,3,0,0
72,114,ZD,2,2,3,1,0,0,-1,3,3,3,3,3,0,0
72,115,ZD,2,2,3,1,0,0,-1,3,3,3,3,3,0,0
72,116,ZD,2,2,3,1,0,0,-1,3,3,3,3,3,0,0
72,117,ZD,2,2,3,1,0,0,-1,3,3,3,3,3,0,0
72,118,ZD,2,2,3,1,0,0,-1,3,3,3,3,3,0,0
72,119,ZD,2,2,3,1,0,0,-1,3,3,3,3,3,0,0
72,120,ZD,3,2,3,0,0,0,-1,3,3,3,3,3,1,0
72,121,ZD,3,2,3,0,0,0,-1,3,3,3,3,3,1,0
72,122,ZD,2,2,3,1,0,0,-1,3,3,3,3,3,0,0
72,123,ZD,2,2,3,1,0,0,-1,3,3,3,3,3,0,0
72,124,ZD,2,2,3,1,0,0,-1,3,3,3,3,3,0,0
72,125,ZD,2,2,3,1,0,0,-1,3,3,3,3,3,0,0
72,126,ZD,3,2,3,0,0,0,-1,3,3,3,3,3,1,0
72,127,ZD,3,2,3,0,0,0,-1,3,3,3,3,3,1,0
72,128,ZD,3,2,3,0,0,0,-1,3,3,3,3,3,1,0
72,129,ZD,3,2,3,0,0,0,-1,3,3,3,3,3,1,0
72,130,ZD,3,2,3,0,0,0,-1,3,3,3,3,3,1,0
72,131,ZD,3,2,3,0,0,0,-1,3,3,3,3,3,1,0
72,132,ZD,2,2,2,0,0,0,0,2,2,2,2,2,1,0
72,133,ZD,2,2,3,1,0,0,-1,3,3,3,3,3,0,0
72,134,ZD,2,2,3,1,0,0,-1,3,3,3,3,3,0,0
72,135,ZD,2,2,2,0,0,0,0,2,2,2,2,2,1,0
72,136,ZD,2,2,2,0,0,0,0,2,2,2,2,2,1,0
72,137,ZD,2,2,3,1,0,0,-1,3,3,3,3,3,0,0
72,138,ZD,2,2,3,1,0,0,-1,3,3,3,3,3,0,0
72,139,ZD,2,2,2,0,0,0,0,2,2,2,2,2,1,0
72,140,ZD,2,2,3,1,0,0,-1,3,3,3,3,3,0,0
72,141,ZD,2,2,3,1,0,0,-1,3,3,3,3,3,0,0
72,142,ZD,2,2,3,1,0,0,-1,3,3,3,3,3,0,0
72,143,ZD,2,2,3,1,0,0,-1,3,3,3,3,3,0,0
72,144,ZD,2,2,2,1,0,0,-1,4,4,4,4,4,0,0
72,145,ZD,2,2,2,1,0,0,-1,4,4,4,4,4,0,0
72,146,ZD,2,2,2,1,0,0,-1,4,4,4,4,4,0,0
72,147,ZD,2,2,2,1,0,0,-1,4,4,4,4,4,0,0
72,148,ZD,2,2,3,1,0,0,-1,3,3,3,3,3,0,0
72,149,ZD,2,2,3,1,0,0,-1,4,4,4,4,4,0,0
72,150,ZD,2,2,3,1,0,0,-1,3,3,3,3,3,0,0
72,151,ZD,2,2,3,1,0,0,-1,4,4,4,4,4,0,0
72,152,ZD,2,2,3,1,0,0,-1,4,4,4,4,4,0,0
72,153,ZD,2,2,3,1,0,0,-1,3,3,3,3,3,0,0
72,154,ZD,2,2,3,1,0,0,-1,4,4,4,4,4,0,0
72,155,ZD,2,2,3,1,0,0,-1,3,3,3,3,3,0,0
72,156,ZD,3,2,3,0,0,0,-1,4,4,4,4,4,1,0
72,157,ZD,2,2,3,1,0,0,-1,3,3,3,3,3,0,0
72,158,ZD,3,2,3,0,0,0,-1,4,4,4,4,4,1,0
72,159,ZD,2,2,3,1,0,0,-1,3,3,3,3,3,0,0
72,160,ZD,2,2,3,1,0,0,-1,3,3,3,3,3,0,0
72,161,ZD,3,2,3,0,0,0,-1,4,4,4,4,4,1,0
72,162,ZD,2,2,3,1,0,0,-1,3,3,3,3,3,0,0
72,163,ZD,3,2,3,0,0,0,-1,4,4,4,4,4,1,0
72,164,ZD,2,2,2,0,0,0,0,2,2,2,2,2,1,0
72,165,ZD,3,2,3,0,0,0,-1,4,4,4,4,4,1,0
72,166,ZD,3,2,3,0,0,0,-1,4,4,4,4,4,1,0
72,167,ZD,2,2,2,0,0,0,0,2,2,2,2,2,1,0
72,168,ZD,2,2,2,0,0,0,-1,4,4,4,4,4,1,0
72,169,ZD,2,2,3,1,0,0,-1,4,4,4,4,4,0,0
72,170,ZD,2,2,3,1,0,0,-1,4,4,4,4,4,0,0
72,171,ZD,2,2,2,0,0,0,-1,4,4,4,4,4,1,0
72,172,ZD,2,2,2,0,0,0,-1,4,4,4,4,4,1,0
72,173,ZD,2,2,3,1,0,0,-1,4,4,4,4,4,0,0
72,174,ZD,2,2,3,1,0,0,-1,4,4,4,4,4,0,0
72,175,ZD,2,2,2,0,0,0,-1,4,4,4,4,4,1,0
72,176,ZD,2,2,3,1,0,0,-1,4,4,4,4,4,0,0
72,177,ZD,2,2,2,1,0,0,-1,2,2,2,2,2,0,0
72,178,ZD,2,2,2,1,0,0,-1,2,2,2,2,2,0,0
72,179,ZD,2,2,3,1,0,0,-1,4,4,4,4,4,0,0
72,180,ZD,2,2,2,0,0,0,0,2,2,2,2,2,1,0
72,181,ZD,2,2,2,0,0,0,0,2,2,2,2,2,1,0
72,182,ZD,2,2,2,0,0,0,0,2,2,2,2,2,1,0
72,183,ZD,2,2,2,0,0,0,0,2,2,2,2,2,1,0
72,184,ZD,2,2,2,1,0,0,0,1,1,1,1,1,0,0
72,185,ZD,2,2,2,1,0,0,-1,2,2,2,2,2,0,0
72,186,ZD,2,2,2,1,0,0,-1,2,2,2,2,2,0,0
72,187,ZD,2,2,2,1,0,0,0,1,1,1,1,1,0,0
72,188,ZD,2,2,2,1,0,0,0,1,1,1,1,1,0,0
72,189,ZD,2,2,2,1,0,0,-1,2,2,2,2,2,0,0
72,190,ZD,2,2,2,1,0,0,-1,2,2,2,2,2,0,0
72,191,ZD,2,2,2,1,0,0,0,1,1,1,1,1,0,0
72,192,ZD,2,2,2,1,0,0,0,1,1,1,1,1,0,0
72,193,ZD,2,2,2,1,0,0,0,1,1,1,1,1,0,0
72,194,ZD,2,2,2,1,0,0,0,1,1,1,1,1,0,0
72,195,ZD,2,2,2,1,0,0,0,1,1,1,1,1,0,0
72,196,INC,1,-1,-1,0,0,-1,-1,-1,-1,-1,-1,-1,0,1
72,197,ZD,2,2,2,1,0,0,-1,2,2,2,2,2,0,0
72,198,ZD,2,2,2,1,0,0,-1,2,2,2,2,2,0,0
72,199,INC,1,-1,-1,0,0,-1,-1,-1,-1,-1,-1,-1,0,1
73,74,INC,1,-1,-1,0,0,-1,-1,-1,-1,-1,-1,-1,0,1
73,75,ZD,2,2,2,0,0,0,0,2,2,2,2,2,1,0
73,76,ZD,2,2,2,0,0,0,0,2,2,2,2,2,1,0
73,77,INC,1,-1,-1,0,0,-1,-1,-1,-1,-1,-1,-1,0,1
73,78,POS,1,1,1,0,0,-1,-1,-1,-1,-1,-1,-1,0,1
73,79,INC,1,-1,-1,0,0,-1,-1,-1,-1,-1,-1,-1,0,1
73,80,ZD,2,2,2,1,0,0,-1,2,2,2,2,2,0,0
73,81,ZD,2,2,2,0,0,0,0,2,2,2,2,2,1,0
73,82,ZD,2,2,2,0,0,0,0,2,2,2,2,2,1,0
73,83,ZD,2,2,2,1,0,0,-1,2,2,2,2,2,0,0
73,84,ZD,2,2,2,0,0,0,-1,4,4,4,4,4,1,0
73,85,ZD,2,2,2,0,0,0,-1,4,4,4,4,4,1,0
73,86,ZD,2,2,2,0,0,0,-1,4,4,4,4,4,1,0
73,87,ZD,2,2,2,0,0,0,-1,4,4,4,4,4,1,0
73,88,ZD,2,2,2,1,0,0,-1,4,4,4,4,4,0,0
73,89,ZD,2,2,2,1,0,0,-1,4,4,4,4,4,0,0
73,90,ZD,2,2,2,1,0,0,-1,4,4,4,4,4,0,0
73,91,ZD,2,2,2,1,0,0,-1,4,4,4,4,4,0,0
73,92,ZD,2,2,2,1,0,0,-1,4,4,4,4,4,0,0
73,93,ZD,2,2,2,1,0,0,-1,4,4,4,4,4,0,0
73,94,ZD,2,2,2,1,0,0,-1,4,4,4,4,4,0,0
73,95,ZD,2,2,2,1,0,0,-1,4,4,4,4,4,0,0
73,96,ZD,3,2,3,0,0,0,-1,4,4,3,3,3,1,0
73,97,ZD,3,2,3,0,0,0,-1,3,3,2,2,2,1,0
73,98,ZD,3,2,3,0,0,0,-1,3,3,2,2,2,1,0
73,99,ZD,3,2,3,0,0,0,-1,4,4,3,3,3,1,0
73,100,ZD,3,2,3,0,0,0,-1,4,4,3,3,3,1,0
73,101,ZD,3,2,3,0,0,0,-1,3,3,2,2,2,1,0
73,102,ZD,3,2,3,0,0,0,-1,3,3,2,2,2,1,0
73,103,ZD,3,2,3,0,0,0,-1,4,4,3,3,3,1,0
73,104,ZD,2,2,3,1,0,0,-1,4,4,4,4,4,0,0
73,105,ZD,2,2,3,1,0,0,-1,3,3,3,3,3,0,0
73,106,ZD,2,2,3,1,0,0,-1,3,3,3,3,3,0,0
73,107,ZD,2,2,3,1,0,0,-1,4,4,4,4,4,0,0
73,108,ZD,2,2,3,1,0,0,-1,4,4,4,4,4,0,0
73,109,ZD,2,2,3,1,0,0,-1,3,3,3,3,3,0,0
73,110,ZD,2,2,3,1,0,0,-1,3,3,3,3,3,0,0
73,111,ZD,2,2,3,1,0,0,-1,4,4,4,4,4,0,0
73,112,ZD,2,2,3,1,0,0,-1,3,3,3,3,3,0,0
73,113,ZD,2,2,3,1,0,0,-1,3,3,3,3,3,0,0
73,114,ZD,2,2,3,1,0,0,-1,3,3,3,3,3,0,0
73,115,ZD,2,2,3,1,0,0,-1,3,3,3,3,3,0,0
73,116,ZD,2,2,3,1,0,0,-1,3,3,3,3,3,0,0
73,117,ZD,2,2,3,1,0,0,-1,3,3,3,3,3,0,0
73,118,ZD,2,2,3,1,0,0,-1,3,3,3,3,3,0,0
73,119,ZD,2,2,3,1,0,0,-1,3,3,3,3,3,0,0
73,120,ZD,3,2,3,0,0,0,-1,3,3,3,3,3,1,0
73,121,ZD,3,2,3,0,0,0,-1,3,3,3,3,3,1,0
73,122,ZD,2,2,3,1,0,0,-1,3,3,3,3,3,0,0
73,123,ZD,2,2,3,1,0,0,-1,3,3,3,3,3,0,0
73,124,ZD,2,2,3,1,0,0,-1,3,3,3,3,3,0,0
73,125,ZD,2,2,3,1,0,0,-1,3,3,3,3,3,0,0
73,126,ZD,3,2,3,0,0,0,-1,3,3,3,3,3,1,0
73,127,ZD,3,2,3,0,0,0,-1,3,3,3,3,3,1,0
73,128,ZD,3,2,3,0,0,0,-1,3,3,2,2,2,1,0
73,129,ZD,3,2,3,0,0,0,-1,3,3,2,2,2,1,0
73,130,ZD,3,2,3,0,0,0,-1,3,3,2,2,2,1,0
73,131,ZD,3,2,3,0,0,0,-1,3,3,2,2,2,1,0
73,132,ZD,2,2,3,1,0,0,-1,3,3,3,3,3,0,0
73,133,ZD,2,2,2,0,0,0,0,2,2,2,2,2,1,0
73,134,ZD,2,2,2,0,0,0,0,2,2,2,2,2,1,0
73,135,ZD,2,2,3,1,0,0,-1,3,3,3,3,3,0,0
73,136,ZD,2,2,3,1,0,0,-1,3,3,3,3,3,0,0
73,137,ZD,2,2,2,0,0,0,0,2,2,2,2,2,1,0
73,138,ZD,2,2,2,0,0,0,0,2,2,2,2,2,1,0
73,139,ZD,2,2,3,1,0,0,-1,3,3,3,3,3,0,0
73,140,ZD,2,2,3,1,0,0,-1,3,3,3,3,3,0,0
73,141,ZD,2,2,3,1,0,0,-1,3,3,3,3,3,0,0
73,142,ZD,2,2,3,1,0,0,-1,3,3,3,3,3,0,0
73,143,ZD,2,2,3,1,0,0,-1,3,3,3,3,3,0,0
73,144,ZD,2,2,2,1,0,0,-1,4,4,4,4,4,0,0
73,145,ZD,2,2,2,1,0,0,-1,4,4,4,4,4,0,0
73,146,ZD,2,2,2,1,0,0,-1,4,4,4,4,4,0,0
73,147,ZD,2,2,2,1,0,0,-1,4,4,4,4,4,0,0
73,148,ZD,2,2,3,1,0,0,-1,4,4,4,4,4,0,0
73,149,ZD,2,2,3,1,0,0,-1,3,3,3,3,3,0,0
73,150,ZD,2,2,3,1,0,0,-1,4,4,4,4,4,0,0
73,151,ZD,2,2,3,1,0,0,-1,3,3,3,3,3,0,0
73,152,ZD,2,2,3,1,0,0,-1,3,3,3,3,3,0,0
73,153,ZD,2,2,3,1,0,0,-1,4,4,4,4,4,0,0
73,154,ZD,2,2,3,1,0,0,-1,3,3,3,3,3,0,0
73,155,ZD,2,2,3,1,0,0,-1,4,4,4,4,4,0,0
73,156,ZD,2,2,3,1,0,0,-1,4,4,4,4,4,0,0
73,157,ZD,3,2,3,0,0,0,-1,3,3,3,3,3,1,0
73,158,ZD,2,2,3,1,0,0,-1,4,4,4,4,4,0,0
73,159,ZD,3,2,3,0,0,0,-1,3,3,3,3,3,1,0
73,160,ZD,3,2,3,0,0,0,-1,3,3,3,3,3,1,0
73,161,ZD,2,2,3,1,0,0,-1,4,4,4,4,4,0,0
73,162,ZD,3,2,3,0,0,0,-1,3,3,3,3,3,1,0
73,163,ZD,2,2,3,1,0,0,-1,4,4,4,4,4,0,0
73,164,ZD,3,2,3,0,0,0,-1,4,4,4,4,4,1,0
73,165,ZD,2,2,2,0,0,0,0,2,2,2,2,2,1,0
73,166,ZD,2,2,2,0,0,0,0,2,2,2,2,2,1,0
73,167,ZD,3,2,3,0,0,0,-1,4,4,4,4,4,1,0
73,168,ZD,2,2,3,1,0,0,-1,4,4,4,4,4,0,0
73,169,ZD,2,2,2,0,0,0,-1,4,4,4,4,4,1,0
73,170,ZD,2,2,2,0,0,0,-1,4,4,4,4,4,1,0
73,171,ZD,2,2,3,1,0,0,-1,4,4,4,4,4,0,0
73,172,ZD,2,2,3,1,0,0,-1,4,4,4,4,4,0,0
73,173,ZD,2,2,2,0,0,0,-1,4,4,4,4,4,1,0
73,174,ZD,2,2,2,0,0,0,-1,4,4,4,4,4,1,0
73,175,ZD,2,2,3,1,0,0,-1,4,4,4,4,4,0,0
73,176,ZD,2,2,3,1,0,0,-1,4,4,4,4,4,0,0
73,177,ZD,2,2,2,1,0,0,-1,2,2,2,2,2,0,0
73,178,ZD,2,2,2,1,0,0,-1,2,2,2,2,2,0,0
73,179,ZD,2,2,3,1,0,0,-1,4,4,4,4,4,0,0
73,180,ZD,2,2,2,0,0,0,0,2,2,2,2,2,1,0
73,181,ZD,2,2,2,0,0,0,0,2,2,2,2,2,1,0
73,182,ZD,2,2,2,0,0,0,0,2,2,2,2,2,1,0
73,183,ZD,2,2,2,0,0,0,0,2,2,2,2,2,1,0
73,184,ZD,2,2,2,1,0,0,-1,2,2,2,2,2,0,0
73,185,ZD,2,2,2,1,0,0,0,1,1,1,1,1,0,0
73,186,ZD,2,2,2,1,0,0,0,1,1,1,1,1,0,0
73,187,ZD,2,2,2,1,0,0,-1,2,2,2,2,2,0,0
73,188,ZD,2,2,2,1,0,0,-1,2,2,2,2,2,0,0
73,189,ZD,2,2,2,1,0,0,0,1,1,1,1,1,0,0
73,190,ZD,2,2,2,1,0,0,0,1,1,1,1,1,0,0
73,191,ZD,2,2,2,1,0,0,-1,2,2,2,2,2,0,0
73,192,ZD,2,2,2,1,0,0,0,1,1,1,1,1,0,0
73,193,ZD,2,2,2,1,0,0,0,1,1,1,1,1,0,0
73,194,ZD,2,2,2,1,0,0,0,1,1,1,1,1,0,0
73,195,ZD,2,2,2,1,0,0,0,1,1,1,1,1,0,0
73,196,ZD,2,2,2,1,0,0,-1,2,2,2,2,2,0,0
73,197,INC,1,-1,-1,0,0,-1,-1,-1,-1,-1,-1,-1,0,1
73,198,INC,1,-1,-1,0,0,-1,-1,-1,-1,-1,-1,-1,0,1
73,199,ZD,2,2,2,1,0,0,-1,2,2,2,2,2,0,0
74,75,INC,1,-1,-1,0,0,-1,-1,-1,-1,-1,-1,-1,0,1
74,76,INC,1,-1,-1,0,0,-1,-1,-1,-1,-1,-1,-1,0,1
74,77,POS,1,1,1,0,0,-1,-1,-1,-1,-1,-1,-1,0,1
74,78,INC,1,-1,-1,0,0,-1,-1,-1,-1,-1,-1,-1,0,1
74,79,ZD,2,2,2,0,0,0,0,2,2,2,2,2,1,0
74,80,ZD,2,2,2,0,0,0,0,2,2,2,2,2,1,0
74,81,ZD,2,2,2,1,0,0,-1,2,2,2,2,2,0,0
74,82,ZD,2,2,2,1,0,0,-1,2,2,2,2,2,0,0
74,83,ZD,2,2,2,0,0,0,0,2,2,2,2,2,1,0
74,84,ZD,2,2,2,0,0,0,-1,4,4,4,4,4,1,0
74,85,ZD,2,2,2,0,0,0,-1,4,4,4,4,4,1,0
74,86,ZD,2,2,2,0,0,0,-1,4,4,4,4,4,1,0
74,87,ZD,2,2,2,0,0,0,-1,4,4,4,4,4,1,0
74,88,ZD,2,2,2,1,0,0,-1,4,4,4,4,4,0,0
74,89,ZD,2,2,2,1,0,0,-1,4,4,4,4,4,0,0
74,90,ZD,2,2,2,1,0,0,-1,4,4,4,4,4,0,0
74,91,ZD,2,2,2,1,0,0,-1,4,4,4,4,4,0,0
74,92,ZD,2,2,2,1,0,0,-1,4,4,4,4,4,0,0
74,93,ZD,2,2,2,1,0,0,-1,4,4,4,4,4,0,0
74,94,ZD,2,2,2,1,0,0,-1,4,4,4,4,4,0,0
74,95,ZD,2,2,2,1,0,0,-1,4,4,4,4,4,0,0
74,96,ZD,3,2,3,0,0,0,-1,4,4,4,4,4,1,0
74,97,ZD,3,2,3,0,0,0,-1,3,3,3,3,3,1,0
74,98,ZD,3,2,3,0,0,0,-1,3,3,3,3,3,1,0
74,99,ZD,3,2,3,0,0,0,-1,4,4,4,4,4,1,0
74,100,ZD,3,2,3,0,0,0,-1,4,4,4,4,4,1,0
74,101,ZD,3,2,3,0,0,0,-1,3,3,3,3,3,1,0
74,102,ZD,3,2,3,0,0,0,-1,3,3,3,3,3,1,0
74,103,ZD,3,2,3,0,0,0,-1,4,4,4,4,4,1,0
74,104,ZD,2,2,3,1,0,0,-1,4,4,4,4,4,0,0
74,105,ZD,2,2,3,1,0,0,-1,3,3,3,3,3,0,0
74,106,ZD,2,2,3,1,0,0,-1,3,3,3,3,3,0,0
74,107,ZD,2,2,3,1,0,0,-1,4,4,4,4,4,0,0
74,108,ZD,2,2,3,1,0,0,-1,4,4,4,4,4,0,0
74,109,ZD,2,2,3,1,0,0,-1,3,3,3,3,3,0,0
74,110,ZD,2,2,3,1,0,0,-1,3,3,3,3,3,0,0
74,111,ZD,2,2,3,1,0,0,-1,4,4,4,4,4,0,0
74,112,ZD,2,2,3,1,0,0,-1,3,3,3,3,3,0,0
74,113,ZD,2,2,3,1,0,0,-1,3,3,3,3,3,0,0
74,114,ZD,2,2,3,1,0,0,-1,3,3,3,3,3,0,0
74,115,ZD,2,2,3,1,0,0,-1,3,3,3,3,3,0,0
74,116,ZD,2,2,3,1,0,0,-1,3,3,3,3,3,0,0
74,117,ZD,2,2,3,1,0,0,-1,3,3,3,3,3,0,0
74,118,ZD,2,2,3,1,0,0,-1,3,3,3,3,3,0,0
74,119,ZD,2,2,3,1,0,0,-1,3,3,3,3,3,0,0
74,120,ZD,2,2,3,1,0,0,-1,3,3,3,3,3,0,0
74,121,ZD,2,2,3,1,0,0,-1,3,3,3,3,3,0,0
74,122,ZD,3,2,3,0,0,0,-1,3,3,3,3,3,1,0
74,123,ZD,3,2,3,0,0,0,-1,3,3,3,3,3,1,0
74,124,ZD,3,2,3,0,0,0,-1,3,3,3,3,3,1,0
74,125,ZD,3,2,3,0,0,0,-1,3,3,3,3,3,1,0
74,126,ZD,2,2,3,1,0,0,-1,3,3,3,3,3,0,0
74,127,ZD,2,2,3,1,0,0,-1,3,3,3,3,3,0,0
74,128,ZD,3,2,3,0,0,0,-1,3,3,3,3,3,1,0
74,129,ZD,3,2,3,0,0,0,-1,3,3,3,3,3,1,0
74,130,ZD,3,2,3,0,0,0,-1,3,3,3,3,3,1,0
74,131,ZD,3,2,3,0,0,0,-1,3,3,3,3,3,1,0
74,132,ZD,2,2,3,1,0,0,-1,3,3,3,3,3,0,0
74,133,ZD,2,2,2,0,0,0,0,2,2,2,2,2,1,0
74,134,ZD,2,2,2,0,0,0,0,2,2,2,2,2,1,0
74,135,ZD,2,2,3,1,0,0,-1,3,3,3,3,3,0,0
74,136,ZD,2,2,3,1,0,0,-1,3,3,3,3,3,0,0
74,137,ZD,2,2,2,0,0,0,0,2,2,2,2,2,1,0
74,138,ZD,2,2,2,0,0,0,0,2,2,2,2,2,1,0
74,139,ZD,2,2,3,1,0,0,-1,3,3,3,3,3,0,0
74,140,ZD,2,2,3,1,0,0,-1,3,3,3,3,3,0,0
74,141,ZD,2,2,3,1,0,0,-1,3,3,3,3,3,0,0
74,142,ZD,2,2,3,1,0,0,-1,3,3,3,3,3,0,0
74,143,ZD,2,2,3,1,0,0,-1,3,3,3,3,3,0,0
74,144,ZD,2,2,2,1,0,0,-1,4,4,4,4,4,0,0
74,145,ZD,2,2,2,1,0,0,-1,4,4,4,4,4,0,0
74,146,ZD,2,2,2,1,0,0,-1,4,4,4,4,4,0,0
74,147,ZD,2,2,2,1,0,0,-1,4,4,4,4,4,0,0
74,148,ZD,2,2,3,1,0,0,-1,4,4,4,4,4,0,0
74,149,ZD,2,2,3,1,0,0,-1,3,3,3,3,3,0,0
74,150,ZD,2,2,3,1,0,0,-1,4,4,4,4,4,0,0
74,151,ZD,2,2,3,1,0,0,-1,3,3,3,3,3,0,0
74,152,ZD,2,2,3,1,0,0,-1,3,3,3,3,3,0,0
74,153,ZD,2,2,3,1,0,0,-1,4,4,4,4,4,0,0
74,154,ZD,2,2,3,1,0,0,-1,3,3,3,3,3,0,0
74,155,ZD,2,2,3,1,0,0,-1,4,4,4,4,4,0,0
74,156,ZD,3,2,3,0,0,0,-1,4,4,4,4,4,1,0
74,157,ZD,2,2,3,1,0,0,-1,3,3,3,3,3,0,0
74,158,ZD,3,2,3,0,0,0,-1,4,4,4,4,4,1,0
74,159,ZD,2,2,3,1,0,0,-1,3,3,3,3,3,0,0
74,160,ZD,2,2,3,1,0,0,-1,3,3,3,3,3,0,0
74,161,ZD,3,2,3,0,0,0,-1,4,4,4,4,4,1,0
74,162,ZD,2,2,3,1,0,0,-1,3,3,3,3,3,0,0
74,163,ZD,3,2,3,0,0,0,-1,4,4,4,4,4,1,0
74,164,ZD,3,2,3,0,0,0,-1,4,4,4,4,4,1,0
74,165,ZD,2,2,2,0,0,0,0,2,2,2,2,2,1,0
74,166,ZD,2,2,2,0,0,0,0,2,2,2,2,2,1,0
74,167,ZD,3,2,3,0,0,0,-1,4,4,4,4,4,1,0
74,168,ZD,2,2,3,1,0,0,-1,4,4,4,4,4,0,0
74,169,ZD,2,2,2,0,0,0,-1,4,4,4,4,4,1,0
74,170,ZD,2,2,2,0,0,0,-1,4,4,4,4,4,1,0
74,171,ZD,2,2,3,1,0,0,-1,4,4,4,4,4,0,0
74,172,ZD,2,2,3,1,0,0,-1,4,4,4,4,4,0,0
74,173,ZD,2,2,2,0,0,0,-1,4,4,4,4,4,1,0
74,174,ZD,2,2,2,0,0,0,-1,4,4,4,4,4,1,0
74,175,ZD,2,2,3,1,0,0,-1,4,4,4,4,4,0,0
74,176,ZD,2,2,3,1,0,0,-1,4,4,4,4,4,0,0
74,177,ZD,2,2,2,1,0,0,-1,2,2,2,2,2,0,0
74,178,ZD,2,2,2,1,0,0,-1,2,2,2,2,2,0,0
74,179,ZD,2,2,3,1,0,0,-1,4,4,4,4,4,0,0
74,180,ZD,2,2,2,0,0,0,0,2,2,2,2,2,1,0
74,181,ZD,2,2,2,0,0,0,0,2,2,2,2,2,1,0
74,182,ZD,2,2,2,0,0,0,0,2,2,2,2,2,1,0
74,183,ZD,2,2,2,0,0,0,0,2,2,2,2,2,1,0
74,184,ZD,2,2,2,1,0,0,-1,2,2,2,2,2,0,0
74,185,ZD,2,2,2,1,0,0,0,1,1,1,1,1,0,0
74,186,ZD,2,2,2,1,0,0,0,1,1,1,1,1,0,0
74,187,ZD,2,2,2,1,0,0,-1,2,2,2,2,2,0,0
74,188,ZD,2,2,2,1,0,0,-1,2,2,2,2,2,0,0
74,189,ZD,2,2,2,1,0,0,0,1,1,1,1,1,0,0
74,190,ZD,2,2,2,1,0,0,0,1,1,1,1,1,0,0
74,191,ZD,2,2,2,1,0,0,-1,2,2,2,2,2,0,0
74,192,ZD,2,2,2,1,0,0,0,1,1,1,1,1,0,0
74,193,ZD,2,2,2,1,0,0,0,1,1,1,1,1,0,0
74,194,ZD,2,2,2,1,0,0,0,1,1,1,1,1,0,0
74,195,ZD,2,2,2,1,0,0,0,1,1,1,1,1,0,0
74,196,ZD,2,2,2,1,0,0,-1,2,2,2,2,2,0,0
74,197,INC,1,-1,-1,0,0,-1,-1,-1,-1,-1,-1,-1,0,1
74,198,INC,1,-1,-1,0,0,-1,-1,-1,-1,-1,-1,-1,0,1
74,199,ZD,2,2,2,1,0,0,-1,2,2,2,2,2,0,0
75,76,POS,1,1,1,0,0,-1,-1,-1,-1,-1,-1,-1,0,1
75,77,INC,1,-1,-1,0,0,-1,-1,-1,-1,-1,-1,-1,0,1
75,78,ZD,2,2,2,0,0,0,0,2,2,2,2,2,1,0
75,79,INC,1,-1,-1,0,0,-1,-1,-1,-1,-1,-1,-1,0,1
75,80,ZD,2,2,2,1,0,0,-1,2,2,2,2,2,0,0
75,81,ZD,2,2,2,0,0,0,0,2,2,2,2,2,1,0
75,82,ZD,2,2,2,0,0,0,0,2,2,2,2,2,1,0
75,83,ZD,2,2,2,1,0,0,-1,2,2,2,2,2,0,0
75,84,ZD,2,2,2,0,0,0,-1,4,4,4,4,4,1,0
75,85,ZD,2,2,2,0,0,0,-1,4,4,4,4,4,1,0
75,86,ZD,2,2,2,0,0,0,-1,4,4,4,4,4,1,0
75,87,ZD,2,2,2,0,0,0,-1,4,4,4,4,4,1,0
75,88,ZD,2,2,2,1,0,0,-1,4,4,4,4,4,0,0
75,89,ZD,2,2,2,1,0,0,-1,4,4,4,4,4,0,0
75,90,ZD,2,2,2,1,0,0,-1,4,4,4,4,4,0,0
75,91,ZD,2,2,2,1,0,0,-1,4,4,4,4,4,0,0
75,92,ZD,2,2,2,1,0,0,-1,4,4,4,4,4,0,0
75,93,ZD,2,2,2,1,0,0,-1,4,4,4,4,4,0,0
75,94,ZD,2,2,2,1,0,0,-1,4,4,4,4,4,0,0
75,95,ZD,2,2,2,1,0,0,-1,4,4,4,4,4,0,0
75,96,ZD,3,2,3,0,0,0,-1,3,3,2,2,2,1,0
75,97,ZD,3,2,3,0,0,0,-1,4,4,3,3,3,1,0
75,98,ZD,3,2,3,0,0,0,-1,4,4,3,3,3,1,0
75,99,ZD,3,2,3,0,0,0,-1,3,3,2,2,2,1,0
75,100,ZD,3,2,3,0,0,0,-1,3,3,2,2,2,1,0
75,101,ZD,3,2,3,0,0,0,-1,4,4,3,3,3,1,0
75,102,ZD,3,2,3,0,0,0,-1,4,4,3,3,3,1,0
75,103,ZD,3,2,3,0,0,0,-1,3,3,2,2,2,1,0
75,104,ZD,2,2,3,1,0,0,-1,4,4,4,4,4,0,0
75,105,ZD,2,2,3,1,0,0,-1,3,3,3,3,3,0,0
75,106,ZD,2,2,3,1,0,0,-1,3,3,3,3,3,0,0
75,107,ZD,2,2,3,1,0,0,-1,4,4,4,4,4,0,0
75,108,ZD,2,2,3,1,0,0,-1,4,4,4,4,4,0,0
75,109,ZD,2,2,3,1,0,0,-1,3,3,3,3,3,0,0
75,110,ZD,2,2,3,1,0,0,-1,3,3,3,3,3,0,0
75,111,ZD,2,2,3,1,0,0,-1,4,4,4,4,4,0,0
75,112,ZD,2,2,3,1,0,0,-1,3,3,3,3,3,0,0
75,113,ZD,2,2,3,1,0,0,-1,3,3,3,3,3,0,0
75,114,ZD,2,2,3,1,0,0,-1,3,3,3,3,3,0,0
75,115,ZD,2,2,3,1,0,0,-1,3,3,3,3,3,0,0
75,116,ZD,2,2,3,1,0,0,-1,3,3,3,3,3,0,0
75,117,ZD,2,2,3,1,0,0,-1,3,3,3,3,3,0,0
75,118,ZD,2,2,3,1,0,0,-1,3,3,3,3,3,0,0
75,119,ZD,2,2,3,1,0,0,-1,3,3,3,3,3,0,0
75,120,ZD,2,2,3,1,0,0,-1,3,3,3,3,3,0,0
75,121,ZD,2,2,3,1,0,0,-1,3,3,3,3,3,0,0
75,122,ZD,3,2,3,0,0,0,-1,3,3,3,3,3,1,0
75,123,ZD,3,2,3,0,0,0,-1,3,3,3,3,3,1,0
75,124,ZD,3,2,3,0,0,0,-1,3,3,3,3,3,1,0
75,125,ZD,3,2,3,0,0,0,-1,3,3,3,3,3,1,0
75,126,ZD,2,2,3,1,0,0,-1,3,3,3,3,3,0,0
75,127,ZD,2,2,3,1,0,0,-1,3,3,3,3,3,0,0
75,128,ZD,3,2,3,0,0,0,-1,3,3,2,2,2,1,0
75,129,ZD,3,2,3,0,0,0,-1,3,3,2,2,2,1,0
75,130,ZD,3,2,3,0,0,0,-1,3,3,2,2,2,1,0
75,131,ZD,3,2,3,0,0,0,-1,3,3,2,2,2,1,0
75,132,ZD,2,2,2,0,0,0,0,2,2,2,2,2,1,0
75,133,ZD,2,2,3,1,0,0,-1,3,3,3,3,3,0,0
75,134,ZD,2,2,3,1,0,0,-1,3,3,3,3,3,0,0
75,135,ZD,2,2,2,0,0,0,0,2,2,2,2,2,1,0
75,136,ZD,2,2,2,0,0,0,0,2,2,2,2,2,1,0
75,137,ZD,2,2,3,1,0,0,-1,3,3,3,3,3,0,0
75,138,ZD,2,2,3,1,0,0,-1,3,3,3,3,3,0,0
75,139,ZD,2,2,2,0,0,0,0,2,2,2,2,2,1,0
75,140,ZD,2,2,3,1,0,0,-1,3,3,3,3,3,0,0
75,141,ZD,2,2,3,1,0,0,-1,3,3,3,3,3,0,0
75,142,ZD,2,2,3,1,0,0,-1,3,3,3,3,3,0,0
75,143,ZD,2,2,3,1,0,0,-1,3,3,3,3,3,0,0
75,144,ZD,2,2,2,1,0,0,-1,4,4,4,4,4,0,0
75,145,ZD,2,2,2,1,0,0,-1,4,4,4,4,4,0,0
75,146,ZD,2,2,2,1,0,0,-1,4,4,4,4,4,0,0
75,147,ZD,2,2,2,1,0,0,-1,4,4,4,4,4,0,0
75,148,ZD,2,2,3,1,0,0,-1,3,3,3,3,3,0,0
75,149,ZD,2,2,3,1,0,0,-1,4,4,4,4,4,0,0
75,150,ZD,2,2,3,1,0,0,-1,3,3,3,3,3,0,0
75,151,ZD,2,2,3,1,0,0,-1,4,4,4,4,4,0,0
75,152,ZD,2,2,3,1,0,0,-1,4,4,4,4,4,0,0
75,153,ZD,2,2,3,1,0,0,-1,3,3,3,3,3,0,0
75,154,ZD,2,2,3,1,0,0,-1,4,4,4,4,4,0,0
75,155,ZD,2,2,3,1,0,0,-1,3,3,3,3,3,0,0
75,156,ZD,2,2,3,1,0,0,-1,4,4,4,4,4,0,0
75,157,ZD,3,2,3,0,0,0,-1,3,3,3,3,3,1,0
75,158,ZD,2,2,3,1,0,0,-1,4,4,4,4,4,0,0
75,159,ZD,3,2,3,0,0,0,-1,3,3,3,3,3,1,0
75,160,ZD,3,2,3,0,0,0,-1,3,3,3,3,3,1,0
75,161,ZD,2,2,3,1,0,0,-1,4,4,4,4,4,0,0
75,162,ZD,3,2,3,0,0,0,-1,3,3,3,3,3,1,0
75,163,ZD,2,2,3,1,0,0,-1,4,4,4,4,4,0,0
75,164,ZD,2,2,2,0,0,0,0,2,2,2,2,2,1,0
75,165,ZD,3,2,3,0,0,0,-1,4,4,4,4,4,1,0
75,166,ZD,3,2,3,0,0,0,-1,4,4,4,4,4,1,0
75,167,ZD,2,2,2,0,0,0,0,2,2,2,2,2,1,0
75,168,ZD,2,2,2,0,0,0,-1,4,4,4,4,4,1,0
75,169,ZD,2,2,3,1,0,0,-1,4,4,4,4,4,0,0
75,170,ZD,2,2,3,1,0,0,-1,4,4,4,4,4,0,0
75,171,ZD,2,2,2,0,0,0,-1,4,4,4,4,4,1,0
75,172,ZD,2,2,2,0,0,0,-1,4,4,4,4,4,1,0
75,173,ZD,2,2,3,1,0,0,-1,4,4,4,4,4,0,0
75,174,ZD,2,2,3,1,0,0,-1,4,4,4,4,4,0,0
75,175,ZD,2,2,2,0,0,0,-1,4,4,4,4,4,1,0
75,176,ZD,2,2,3,1,0,0,-1,4,4,4,4,4,0,0
75,177,ZD,2,2,2,1,0,0,-1,2,2,2,2,2,0,0
75,178,ZD,2,2,2,1,0,0,-1,2,2,2,2,2,0,0
75,179,ZD,2,2,3,1,0,0,-1,4,4,4,4,4,0,0
75,180,ZD,2,2,2,0,0,0,0,2,2,2,2,2,1,0
75,181,ZD,2,2,2,0,0,0,0,2,2,2,2,2,1,0
75,182,ZD,2,2,2,0,0,0,0,2,2,2,2,2,1,0
75,183,ZD,2,2,2,0,0,0,0,2,2,2,2,2,1,0
75,184,ZD,2,2,2,1,0,0,0,1,1,1,1,1,0,0
75,185,ZD,2,2,2,1,0,0,-1,2,2,2,2,2,0,0
75,186,ZD,2,2,2,1,0,0,-1,2,2,2,2,2,0,0
75,187,ZD,2,2,2,1,0,0,0,1,1,1,1,1,0,0
75,188,ZD,2,2,2,1,0,0,0,1,1,1,1,1,0,0
75,189,ZD,2,2,2,1,0,0,-1,2,2,2,2,2,0,0
75,190,ZD,2,2,2,1,0,0,-1,2,2,2,2,2,0,0
75,191,ZD,2,2,2,1,0,0,0,1,1,1,1,1,0,0
75,192,ZD,2,2,2,1,0,0,0,1,1,1,1,1,0,0
75,193,ZD,2,2,2,1,0,0,0,1,1,1,1,1,0,0
75,194,ZD,2,2,2,1,0,0,0,1,1,1,1,1,0,0
75,195,ZD,2,2,2,1,0,0,0,1,1,1,1,1,0,0
75,196,INC,1,-1,-1,0,0,-1,-1,-1,-1,-1,-1,-1,0,1
75,197,ZD,2,2,2,1,0,0,-1,2,2,2,2,2,0,0
75,198,ZD,2,2,2,1,0,0,-1,2,2,2,2,2,0,0
75,199,INC,1,-1,-1,0,0,-1,-1,-1,-1,-1,-1,-1,0,1
76,77,INC,1,-1,-1,0,0,-1,-1,-1,-1,-1,-1,-1,0,1
76,78,ZD,2,2,2,0,0,0,0,2,2,2,2,2,1,0
76,79,INC,1,-1,-1,0,0,-1,-1,-1,-1,-1,-1,-1,0,1
76,80,ZD,2,2,2,1,0,0,-1,2,2,2,2,2,0,0
76,81,ZD,2,2,2,0,0,0,0,2,2,2,2,2,1,0
76,82,ZD,2,2,2,0,0,0,0,2,2,2,2,2,1,0
76,83,ZD,2,2,2,1,0,0,-1,2,2,2,2,2,0,0
76,84,ZD,2,2,2,0,0,0,-1,4,4,4,4,4,1,0
76,85,ZD,2,2,2,0,0,0,-1,4,4,4,4,4,1,0
76,86,ZD,2,2,2,0,0,0,-1,4,4,4,4,4,1,0
76,87,ZD,2,2,2,0,0,0,-1,4,4,4,4,4,1,0
76,88,ZD,2,2,2,1,0,0,-1,4,4,4,4,4,0,0
76,89,ZD,2,2,2,1,0,0,-1,4,4,4,4,4,0,0
76,90,ZD,2,2,2,1,0,0,-1,4,4,4,4,4,0,0
76,91,ZD,2,2,2,1,0,0,-1,4,4,4,4,4,0,0
76,92,ZD,2,2,2,1,0,0,-1,4,4,4,4,4,0,0
76,93,ZD,2,2,2,1,0,0,-1,4,4,4,4,4,0,0
76,94,ZD,2,2,2,1,0,0,-1,4,4,4,4,4,0,0
76,95,ZD,2,2,2,1,0,0,-1,4,4,4,4,4,0,0
76,96,ZD,3,2,3,0,0,0,-1,3,3,2,2,2,1,0
76,97,ZD,3,2,3,0,0,0,-1,4,4,3,3,3,1,0
76,98,ZD,3,2,3,0,0,0,-1,4,4,3,3,3,1,0
76,99,ZD,3,2,3,0,0,0,-1,3,3,2,2,2,1,0
76,100,ZD,3,2,3,0,0,0,-1,3,3,2,2,2,1,0
76,101,ZD,3,2,3,0,0,0,-1,4,4,3,3,3,1,0
76,102,ZD,3,2,3,0,0,0,-1,4,4,3,3,3,1,0
76,103,ZD,3,2,3,0,0,0,-1,3,3,2,2,2,1,0
76,104,ZD,2,2,3,1,0,0,-1,4,4,4,4,4,0,0
76,105,ZD,2,2,3,1,0,0,-1,3,3,3,3,3,0,0
76,106,ZD,2,2,3,1,0,0,-1,3,3,3,3,3,0,0
76,107,ZD,2,2,3,1,0,0,-1,4,4,4,4,4,0,0
76,108,ZD,2,2,3,1,0,0,-1,4,4,4,4,4,0,0
76,109,ZD,2,2,3,1,0,0,-1,3,3,3,3,3,0,0
76,110,ZD,2,2,3,1,0,0,-1,3,3,3,3,3,0,0
76,111,ZD,2,2,3,1,0,0,-1,4,4,4,4,4,0,0
76,112,ZD,2,2,3,1,0,0,-1,3,3,3,3,3,0,0
76,113,ZD,2,2,3,1,0,0,-1,3,3,3,3,3,0,0
76,114,ZD,2,2,3,1,0,0,-1,3,3,3,3,3,0,0
76,115,ZD,2,2,3,1,0,0,-1,3,3,3,3,3,0,0
76,116,ZD,2,2,3,1,0,0,-1,3,3,3,3,3,0,0
76,117,ZD,2,2,3,1,0,0,-1,3,3,3,3,3,0,0
76,118,ZD,2,2,3,1,0,0,-1,3,3,3,3,3,0,0
76,119,ZD,2,2,3,1,0,0,-1,3,3,3,3,3,0,0
76,120,ZD,2,2,3,1,0,0,-1,3,3,3,3,3,0,0
76,121,ZD,2,2,3,1,0,0,-1,3,3,3,3,3,0,0
76,122,ZD,3,2,3,0,0,0,-1,3,3,3,3,3,1,0
76,123,ZD,3,2,3,0,0,0,-1,3,3,3,3,3,1,0
76,124,ZD,3,2,3,0,0,0,-1,3,3,3,3,3,1,0
76,125,ZD,3,2,3,0,0,0,-1,3,3,3,3,3,1,0
76,126,ZD,2,2,3,1,0,0,-1,3,3,3,3,3,0,0
76,127,ZD,2,2,3,1,0,0,-1,3,3,3,3,3,0,0
76,128,ZD,3,2,3,0,0,0,-1,3,3,2,2,2,1,0
76,129,ZD,3,2,3,0,0,0,-1,3,3,2,2,2,1,0
76,130,ZD,3,2,3,0,0,0,-1,3,3,2,2,2,1,0
76,131,ZD,3,2,3,0,0,0,-1,3,3,2,2,2,1,0
76,132,ZD,2,2,2,0,0,0,0,2,2,2,2,2,1,0
76,133,ZD,2,2,3,1,0,0,-1,3,3,3,3,3,0,0
76,134,ZD,2,2,3,1,0,0,-1,3,3,3,3,3,0,0
76,135,ZD,2,2,2,0,0,0,0,2,2,2,2,2,1,0
76,136,ZD,2,2,2,0,0,0,0,2,2,2,2,2,1,0
76,137,ZD,2,2,3,1,0,0,-1,3,3,3,3,3,0,0
76,138,ZD,2,2,3,1,0,0,-1,3,3,3,3,3,0,0
76,139,ZD,2,2,2,0,0,0,0,2,2,2,2,2,1,0
76,140,ZD,2,2,3,1,0,0,-1,3,3,3,3,3,0,0
76,141,ZD,2,2,3,1,0,0,-1,3,3,3,3,3,0,0
76,142,ZD,2,2,3,1,0,0,-1,3,3,3,3,3,0,0
76,143,ZD,2,2,3,1,0,0,-1,3,3,3,3,3,0,0
76,144,ZD,2,2,2,1,0,0,-1,4,4,4,4,4,0,0
76,145,ZD,2,2,2,1,0,0,-1,4,4,4,4,4,0,0
76,146,ZD,2,2,2,1,0,0,-1,4,4,4,4,4,0,0
76,147,ZD,2,2,2,1,0,0,-1,4,4,4,4,4,0,0
76,148,ZD,2,2,3,1,0,0,-1,3,3,3,3,3,0,0
76,149,ZD,2,2,3,1,0,0,-1,4,4,4,4,4,0,0
76,150,ZD,2,2,3,1,0,0,-1,3,3,3,3,3,0,0
76,151,ZD,2,2,3,1,0,0,-1,4,4,4,4,4,0,0
76,152,ZD,2,2,3,1,0,0,-1,4,4,4,4,4,0,0
76,153,ZD,2,2,3,1,0,0,-1,3,3,3,3,3,0,0
76,154,ZD,2,2,3,1,0,0,-1,4,4,4,4,4,0,0
76,155,ZD,2,2,3,1,0,0,-1,3,3,3,3,3,0,0
76,156,ZD,2,2,3,1,0,0,-1,4,4,4,4,4,0,0
76,157,ZD,3,2,3,0,0,0,-1,3,3,3,3,3,1,0
76,158,ZD,2,2,3,1,0,0,-1,4,4,4,4,4,0,0
76,159,ZD,3,2,3,0,0,0,-1,3,3,3,3,3,1,0
76,160,ZD,3,2,3,0,0,0,-1,3,3,3,3,3,1,0
76,161,ZD,2,2,3,1,0,0,-1,4,4,4,4,4,0,0
76,162,ZD,3,2,3,0,0,0,-1,3,3,3,3,3,1,0
76,163,ZD,2,2,3,1,0,0,-1,4,4,4,4,4,0,0
76,164,ZD,2,2,2,0,0,0,0,2,2,2,2,2,1,0
76,165,ZD,3,2,3,0,0,0,-1,4,4,4,4,4,1,0
76,166,ZD,3,2,3,0,0,0,-1,4,4,4,4,4,1,0
76,167,ZD,2,2,2,0,0,0,0,2,2,2,2,2,1,0
76,168,ZD,2,2,2,0,0,0,-1,4,4,4,4,4,1,0
76,169,ZD,2,2,3,1,0,0,-1,4,4,4,4,4,0,0
76,170,ZD,2,2,3,1,0,0,-1,4,4,4,4,4,0,0
76,171,ZD,2,2,2,0,0,0,-1,4,4,4,4,4,1,0
76,172,ZD,2,2,2,0,0,0,-1,4,4,4,4,4,1,0
76,173,ZD,2,2,3,1,0,0,-1,4,4,4,4,4,0,0
76,174,ZD,2,2,3,1,0,0,-1,4,4,4,4,4,0,0
76,175,ZD,2,2,2,0,0,0,-1,4,4,4,4,4,1,0
76,176,ZD,2,2,3,1,0,0,-1,4,4,4,4,4,0,0
76,177,ZD,2,2,2,1,0,0,-1,2,2,2,2,2,0,0
76,178,ZD,2,2,2,1,0,0,-1,2,2,2,2,2,0,0
76,179,ZD,2,2,3,1,0,0,-1,4,4,4,4,4,0,0
76,180,ZD,2,2,2,0,0,0,0,2,2,2,2,2,1,0
76,181,ZD,2,2,2,0,0,0,0,2,2,2,2,2,1,0
76,182,ZD,2,2,2,0,0,0,0,2,2,2,2,2,1,0
76,183,ZD,2,2,2,0,0,0,0,2,2,2,2,2,1,0
76,184,ZD,2,2,2,1,0,0,0,1,1,1,1,1,0,0
76,185,ZD,2,2,2,1,0,0,-1,2,2,2,2,2,0,0
76,186,ZD,2,2,2,1,0,0,-1,2,2,2,2,2,0,0
76,187,ZD,2,2,2,1,0,0,0,1,1,1,1,1,0,0
76,188,ZD,2,2,2,1,0,0,0,1,1,1,1,1,0,0
76,189,ZD,2,2,2,1,0,0,-1,2,2,2,2,2,0,0
76,190,ZD,2,2,2,1,0,0,-1,2,2,2,2,2,0,0
76,191,ZD,2,2,2,1,0,0,0,1,1,1,1,1,0,0
76,192,ZD,2,2,2,1,0,0,0,1,1,1,1,1,0,0
76,193,ZD,2,2,2,1,0,0,0,1,1,1,1,1,0,0
76,194,ZD,2,2,2,1,0,0,0,1,1,1,1,1,0,0
76,195,ZD,2,2,2,1,0,0,0,1,1,1,1,1,0,0
76,196,INC,1,-1,-1,0,0,-1,-1,-1,-1,-1,-1,-1,0,1
76,197,ZD,2,2,2,1,0,0,-1,2,2,2,2,2,0,0
76,198,ZD,2,2,2,1,0,0,-1,2,2,2,2,2,0,0
76,199,INC,1,-1,-1,0,0,-1,-1,-1,-1,-1,-1,-1,0,1
77,78,INC,1,-1,-1,0,0,-1,-1,-1,-1,-1,-1,-1,0,1
77,79,ZD,2,2,2,0,0,0,0,2,2,2,2,2,1,0
77,80,ZD,2,2,2,0,0,0,0,2,2,2,2,2,1,0
77,81,ZD,2,2,2,1,0,0,-1,2,2,2,2,2,0,0
77,82,ZD,2,2,2,1,0,0,-1,2,2,2,2,2,0,0
77,83,ZD,2,2,2,0,0,0,0,2,2,2,2,2,1,0
77,84,ZD,2,2,2,0,0,0,-1,4,4,4,4,4,1,0
77,85,ZD,2,2,2,0,0,0,-1,4,4,4,4,4,1,0
77,86,ZD,2,2,2,0,0,0,-1,4,4,4,4,4,1,0
77,87,ZD,2,2,2,0,0,0,-1,4,4,4,4,4,1,0
77,88,ZD,2,2,2,1,0,0,-1,4,4,4,4,4,0,0
77,89,ZD,2,2,2,1,0,0,-1,4,4,4,4,4,0,0
77,90,ZD,2,2,2,1,0,0,-1,4,4,4,4,4,0,0
77,91,ZD,2,2,2,1,0,0,-1,4,4,4,4,4,0,0
77,92,ZD,2,2,2,1,0,0,-1,4,4,4,4,4,0,0
77,93,ZD,2,2,2,1,0,0,-1,4,4,4,4,4,0,0
77,94,ZD,2,2,2,1,0,0,-1,4,4,4,4,4,0,0
77,95,ZD,2,2,2,1,0,0,-1,4,4,4,4,4,0,0
77,96,ZD,3,2,3,0,0,0,-1,4,4,4,4,4,1,0
77,97,ZD,3,2,3,0,0,0,-1,3,3,3,3,3,1,0
77,98,ZD,3,2,3,0,0,0,-1,3,3,3,3,3,1,0
77,99,ZD,3,2,3,0,0,0,-1,4,4,4,4,4,1,0
77,100,ZD,3,2,3,0,0,0,-1,4,4,4,4,4,1,0
77,101,ZD,3,2,3,0,0,0,-1,3,3,3,3,3,1,0
77,102,ZD,3,2,3,0,0,0,-1,3,3,3,3,3,1,0
77,103,ZD,3,2,3,0,0,0,-1,4,4,4,4,4,1,0
77,104,ZD,2,2,3,1,0,0,-1,4,4,4,4,4,0,0
77,105,ZD,2,2,3,1,0,0,-1,3,3,3,3,3,0,0
77,106,ZD,2,2,3,1,0,0,-1,3,3,3,3,3,0,0
77,107,ZD,2,2,3,1,0,0,-1,4,4,4,4,4,0,0
77,108,ZD,2,2,3,1,0,0,-1,4,4,4,4,4,0,0
77,109,ZD,2,2,3,1,0,0,-1,3,3,3,3,3,0,0
77,110,ZD,2,2,3,1,0,0,-1,3,3,3,3,3,0,0
77,111,ZD,2,2,3,1,0,0,-1,4,4,4,4,4,0,0
77,112,ZD,2,2,3,1,0,0,-1,3,3,3,3,3,0,0
77,113,ZD,2,2,3,1,0,0,-1,3,3,3,3,3,0,0
77,114,ZD,2,2,3,1,0,0,-1,3,3,3,3,3,0,0
77,115,ZD,2,2,3,1,0,0,-1,3,3,3,3,3,0,0
77,116,ZD,2,2,3,1,0,0,-1,3,3,3,3,3,0,0
77,117,ZD,2,2,3,1,0,0,-1,3,3,3,3,3,0,0
77,118,ZD,2,2,3,1,0,0,-1,3,3,3,3,3,0,0
77,119,ZD,2,2,3,1,0,0,-1,3,3,3,3,3,0,0
77,120,ZD,2,2,3,1,0,0,-1,3,3,3,3,3,0,0
77,121,ZD,2,2,3,1,0,0,-1,3,3,3,3,3,0,0
77,122,ZD,3,2,3,0,0,0,-1,3,3,3,3,3,1,0
77,123,ZD,3,2,3,0,0,0,-1,3,3,3,3,3,1,0
77,124,ZD,3,2,3,0,0,0,-1,3,3,3,3,3,1,0
77,125,ZD,3,2,3,0,0,0,-1,3,3,3,3,3,1,0
77,126,ZD,2,2,3,1,0,0,-1,3,3,3,3,3,0,0
77,127,ZD,2,2,3,1,0,0,-1,3,3,3,3,3,0,0
77,128,ZD,3,2,3,0,0,0,-1,3,3,3,3,3,1,0
77,129,ZD,3,2,3,0,0,0,-1,3,3,3,3,3,1,0
77,130,ZD,3,2,3,0,0,0,-1,3,3,3,3,3,1,0
77,131,ZD,3,2,3,0,0,0,-1,3,3,3,3,3,1,0
77,132,ZD,2,2,3,1,0,0,-1,3,3,3,3,3,0,0
77,133,ZD,2,2,2,0,0,0,0,2,2,2,2,2,1,0
77,134,ZD,2,2,2,0,0,0,0,2,2,2,2,2,1,0
77,135,ZD,2,2,3,1,0,0,-1,3,3,3,3,3,0,0
77,136,ZD,2,2,3,1,0,0,-1,3,3,3,3,3,0,0
77,137,ZD,2,2,2,0,0,0,0,2,2,2,2,2,1,0
77,138,ZD,2,2,2,0,0,0,0,2,2,2,2,2,1,0
77,139,ZD,2,2,3,1,0,0,-1,3,3,3,3,3,0,0
77,140,ZD,2,2,3,1,0,0,-1,3,3,3,3,3,0,0
77,141,ZD,2,2,3,1,0,0,-1,3,3,3,3,3,0,0
77,142,ZD,2,2,3,1,0,0,-1,3,3,3,3,3,0,0
77,143,ZD,2,2,3,1,0,0,-1,3,3,3,3,3,0,0
77,144,ZD,2,2,2,1,0,0,-1,4,4,4,4,4,0,0
77,145,ZD,2,2,2,1,0,0,-1,4,4,4,4,4,0,0
77,146,ZD,2,2,2,1,0,0,-1,4,4,4,4,4,0,0
77,147,ZD,2,2,2,1,0,0,-1,4,4,4,4,4,0,0
77,148,ZD,2,2,3,1,0,0,-1,4,4,4,4,4,0,0
77,149,ZD,2,2,3,1,0,0,-1,3,3,3,3,3,0,0
77,150,ZD,2,2,3,1,0,0,-1,4,4,4,4,4,0,0
77,151,ZD,2,2,3,1,0,0,-1,3,3,3,3,3,0,0
77,152,ZD,2,2,3,1,0,0,-1,3,3,3,3,3,0,0
77,153,ZD,2,2,3,1,0,0,-1,4,4,4,4,4,0,0
77,154,ZD,2,2,3,1,0,0,-1,3,3,3,3,3,0,0
77,155,ZD,2,2,3,1,0,0,-1,4,4,4,4,4,0,0
77,156,ZD,3,2,3,0,0,0,-1,4,4,4,4,4,1,0
77,157,ZD,2,2,3,1,0,0,-1,3,3,3,3,3,0,0
77,158,ZD,3,2,3,0,0,0,-1,4,4,4,4,4,1,0
77,159,ZD,2,2,3,1,0,0,-1,3,3,3,3,3,0,0
77,160,ZD,2,2,3,1,0,0,-1,3,3,3,3,3,0,0
77,161,ZD,3,2,3,0,0,0,-1,4,4,4,4,4,1,0
77,162,ZD,2,2,3,1,0,0,-1,3,3,3,3,3,0,0
77,163,ZD,3,2,3,0,0,0,-1,4,4,4,4,4,1,0
77,164,ZD,3,2,3,0,0,0,-1,4,4,4,4,4,1,0
77,165,ZD,2,2,2,0,0,0,0,2,2,2,2,2,1,0
77,166,ZD,2,2,2,0,0,0,0,2,2,2,2,2,1,0
77,167,ZD,3,2,3,0,0,0,-1,4,4,4,4,4,1,0
77,168,ZD,2,2,3,1,0,0,-1,4,4,4,4,4,0,0
77,169,ZD,2,2,2,0,0,0,-1,4,4,4,4,4,1,0
77,170,ZD,2,2,2,0,0,0,-1,4,4,4,4,4,1,0
77,171,ZD,2,2,3,1,0,0,-1,4,4,4,4,4,0,0
77,172,ZD,2,2,3,1,0,0,-1,4,4,4,4,4,0,0
77,173,ZD,2,2,2,0,0,0,-1,4,4,4,4,4,1,0
77,174,ZD,2,2,2,0,0,0,-1,4,4,4,4,4,1,0
77,175,ZD,2,2,3,1,0,0,-1,4,4,4,4,4,0,0
77,176,ZD,2,2,3,1,0,0,-1,4,4,4,4,4,0,0
77,177,ZD,2,2,2,1,0,0,-1,2,2,2,2,2,0,0
77,178,ZD,2,2,2,1,0,0,-1,2,2,2,2,2,0,0
77,179,ZD,2,2,3,1,0,0,-1,4,4,4,4,4,0,0
77,180,ZD,2,2,2,0,0,0,0,2,2,2,2,2,1,0
77,181,ZD,2,2,2,0,0,0,0,2,2,2,2,2,1,0
77,182,ZD,2,2,2,0,0,0,0,2,2,2,2,2,1,0
77,183,ZD,2,2,2,0,0,0,0,2,2,2,2,2,1,0
77,184,ZD,2,2,2,1,0,0,-1,2,2,2,2,2,0,0
77,185,ZD,2,2,2,1,0,0,0,1,1,1,1,1,0,0
77,186,ZD,2,2,2,1,0,0,0,1,1,1,1,1,0,0
77,187,ZD,2,2,2,1,0,0,-1,2,2,2,2,2,0,0
77,188,ZD,2,2,2,1,0,0,-1,2,2,2,2,2,0,0
77,189,ZD,2,2,2,1,0,0,0,1,1,1,1,1,0,0
77,190,ZD,2,2,2,1,0,0,0,1,1,1,1,1,0,0
77,191,ZD,2,2,2,1,0,0,-1,2,2,2,2,2,0,0
77,192,ZD,2,2,2,1,0,0,0,1,1,1,1,1,0,0
77,193,ZD,2,2,2,1,0,0,0,1,1,1,1,1,0,0
77,194,ZD,2,2,2,1,0,0,0,1,1,1,1,1,0,0
77,195,ZD,2,2,2,1,0,0,0,1,1,1,1,1,0,0
77,196,ZD,2,2,2,1,0,0,-1,2,2,2,2,2,0,0
77,197,INC,1,-1,-1,0,0,-1,-1,-1,-1,-1,-1,-1,0,1
77,198,INC,1,-1,-1,0,0,-1,-1,-1,-1,-1,-1,-1,0,1
77,199,ZD,2,2,2,1,0,0,-1,2,2,2,2,2,0,0
78,79,INC,1,-1,-1,0,0,-1,-1,-1,-1,-1,-1,-1,0,1
78,80,ZD,2,2,2,1,0,0,-1,2,2,2,2,2,0,0
78,81,ZD,2,2,2,0,0,0,0,2,2,2,2,2,1,0
78,82,ZD,2,2,2,0,0,0,0,2,2,2,2,2,1,0
78,83,ZD,2,2,2,1,0,0,-1,2,2,2,2,2,0,0
78,84,ZD,2,2,2,0,0,0,-1,4,4,4,4,4,1,0
78,85,ZD,2,2,2,0,0,0,-1,4,4,4,4,4,1,0
78,86,ZD,2,2,2,0,0,0,-1,4,4,4,4,4,1,0
78,87,ZD,2,2,2,0,0,0,-1,4,4,4,4,4,1,0
78,88,ZD,2,2,2,1,0,0,-1,4,4,4,4,4,0,0
78,89,ZD,2,2,2,1,0,0,-1,4,4,4,4,4,0,0
78,90,ZD,2,2,2,1,0,0,-1,4,4,4,4,4,0,0
78,91,ZD,2,2,2,1,0,0,-1,4,4,4,4,4,0,0
78,92,ZD,2,2,2,1,0,0,-1,4,4,4,4,4,0,0
78,93,ZD,2,2,2,1,0,0,-1,4,4,4,4,4,0,0
78,94,ZD,2,2,2,1,0,0,-1,4,4,4,4,4,0,0
78,95,ZD,2,2,2,1,0,0,-1,4,4,4,4,4,0,0
78,96,ZD,3,2,3,0,0,0,-1,4,4,3,3,3,1,0
78,97,ZD,3,2,3,0,0,0,-1,3,3,2,2,2,1,0
78,98,ZD,3,2,3,0,0,0,-1,3,3,2,2,2,1,0
78,99,ZD,3,2,3,0,0,0,-1,4,4,3,3,3,1,0
78,100,ZD,3,2,3,0,0,0,-1,4,4,3,3,3,1,0
78,101,ZD,3,2,3,0,0,0,-1,3,3,2,2,2,1,0
78,102,ZD,3,2,3,0,0,0,-1,3,3,2,2,2,1,0
78,103,ZD,3,2,3,0,0,0,-1,4,4,3,3,3,1,0
78,104,ZD,2,2,3,1,0,0,-1,4,4,4,4,4,0,0
78,105,ZD,2,2,3,1,0,0,-1,3,3,3,3,3,0,0
78,106,ZD,2,2,3,1,0,0,-1,3,3,3,3,3,0,0
78,107,ZD,2,2,3,1,0,0,-1,4,4,4,4,4,0,0
78,108,ZD,2,2,3,1,0,0,-1,4,4,4,4,4,0,0
78,109,ZD,2,2,3,1,0,0,-1,3,3,3,3,3,0,0
78,110,ZD,2,2,3,1,0,0,-1,3,3,3,3,3,0,0
78,111,ZD,2,2,3,1,0,0,-1,4,4,4,4,4,0,0
78,112,ZD,2,2,3,1,0,0,-1,3,3,3,3,3,0,0
78,113,ZD,2,2,3,1,0,0,-1,3,3,3,3,3,0,0
78,114,ZD,2,2,3,1,0,0,-1,3,3,3,3,3,0,0
78,115,ZD,2,2,3,1,0,0,-1,3,3,3,3,3,0,0
78,116,ZD,2,2,3,1,0,0,-1,3,3,3,3,3,0,0
78,117,ZD,2,2,3,1,0,0,-1,3,3,3,3,3,0,0
78,118,ZD,2,2,3,1,0,0,-1,3,3,3,3,3,0,0
78,119,ZD,2,2,3,1,0,0,-1,3,3,3,3,3,0,0
78,120,ZD,3,2,3,0,0,0,-1,3,3,3,3,3,1,0
78,121,ZD,3,2,3,0,0,0,-1,3,3,3,3,3,1,0
78,122,ZD,2,2,3,1,0,0,-1,3,3,3,3,3,0,0
78,123,ZD,2,2,3,1,0,0,-1,3,3,3,3,3,0,0
78,124,ZD,2,2,3,1,0,0,-1,3,3,3,3,3,0,0
78,125,ZD,2,2,3,1,0,0,-1,3,3,3,3,3,0,0
78,126,ZD,3,2,3,0,0,0,-1,3,3,3,3,3,1,0
78,127,ZD,3,2,3,0,0,0,-1,3,3,3,3,3,1,0
78,128,ZD,3,2,3,0,0,0,-1,3,3,2,2,2,1,0
78,129,ZD,3,2,3,0,0,0,-1,3,3,2,2,2,1,0
78,130,ZD,3,2,3,0,0,0,-1,3,3,2,2,2,1,0
78,131,ZD,3,2,3,0,0,0,-1,3,3,2,2,2,1,0
78,132,ZD,2,2,3,1,0,0,-1,3,3,3,3,3,0,0
78,133,ZD,2,2,2,0,0,0,0,2,2,2,2,2,1,0
78,134,ZD,2,2,2,0,0,0,0,2,2,2,2,2,1,0
78,135,ZD,2,2,3,1,0,0,-1,3,3,3,3,3,0,0
78,136,ZD,2,2,3,1,0,0,-1,3,3,3,3,3,0,0
78,137,ZD,2,2,2,0,0,0,0,2,2,2,2,2,1,0
78,138,ZD,2,2,2,0,0,0,0,2,2,2,2,2,1,0
78,139,ZD,2,2,3,1,0,0,-1,3,3,3,3,3,0,0
78,140,ZD,2,2,3,1,0,0,-1,3,3,3,3,3,0,0
78,141,ZD,2,2,3,1,0,0,-1,3,3,3,3,3,0,0
78,142,ZD,2,2,3,1,0,0,-1,3,3,3,3,3,0,0
78,143,ZD,2,2,3,1,0,0,-1,3,3,3,3,3,0,0
78,144,ZD,2,2,2,1,0,0,-1,4,4,4,4,4,0,0
78,145,ZD,2,2,2,1,0,0,-1,4,4,4,4,4,0,0
78,146,ZD,2,2,2,1,0,0,-1,4,4,4,4,4,0,0
78,147,ZD,2,2,2,1,0,0,-1,4,4,4,4,4,0,0
78,148,ZD,2,2,3,1,0,0,-1,4,4,4,4,4,0,0
78,149,ZD,2,2,3,1,0,0,-1,3,3,3,3,3,0,0
78,150,ZD,2,2,3,1,0,0,-1,4,4,4,4,4,0,0
78,151,ZD,2,2,3,1,0,0,-1,3,3,3,3,3,0,0
78,152,ZD,2,2,3,1,0,0,-1,3,3,3,3,3,0,0
78,153,ZD,2,2,3,1,0,0,-1,4,4,4,4,4,0,0
78,154,ZD,2,2,3,1,0,0,-1,3,3,3,3,3,0,0
78,155,ZD,2,2,3,1,0,0,-1,4,4,4,4,4,0,0
78,156,ZD,2,2,3,1,0,0,-1,4,4,4,4,4,0,0
78,157,ZD,3,2,3,0,0,0,-1,3,3,3,3,3,1,0
78,158,ZD,2,2,3,1,0,0,-1,4,4,4,4,4,0,0
78,159,ZD,3,2,3,0,0,0,-1,3,3,3,3,3,1,0
78,160,ZD,3,2,3,0,0,0,-1,3,3,3,3,3,1,0
78,161,ZD,2,2,3,1,0,0,-1,4,4,4,4,4,0,0
78,162,ZD,3,2,3,0,0,0,-1,3,3,3,3,3,1,0
78,163,ZD,2,2,3,1,0,0,-1,4,4,4,4,4,0,0
78,164,ZD,3,2,3,0,0,0,-1,4,4,4,4,4,1,0
78,165,ZD,2,2,2,0,0,0,0,2,2,2,2,2,1,0
78,166,ZD,2,2,2,0,0,0,0,2,2,2,2,2,1,0
78,167,ZD,3,2,3,0,0,0,-1,4,4,4,4,4,1,0
78,168,ZD,2,2,3,1,0,0,-1,4,4,4,4,4,0,0
78,169,ZD,2,2,2,0,0,0,-1,4,4,4,4,4,1,0
78,170,ZD,2,2,2,0,0,0,-1,4,4,4,4,4,1,0
78,171,ZD,2,2,3,1,0,0,-1,4,4,4,4,4,0,0
78,172,ZD,2,2,3,1,0,0,-1,4,4,4,4,4,0,0
78,173,ZD,2,2,2,0,0,0,-1,4,4,4,4,4,1,0
78,174,ZD,2,2,2,0,0,0,-1,4,4,4,4,4,1,0
78,175,ZD,2,2,3,1,0,0,-1,4,4,4,4,4,0,0
78,176,ZD,2,2,3,1,0,0,-1,4,4,4,4,4,0,0
78,177,ZD,2,2,2,1,0,0,-1,2,2,2,2,2,0,0
78,178,ZD,2,2,2,1,0,0,-1,2,2,2,2,2,0,0
78,179,ZD,2,2,3,1,0,0,-1,4,4,4,4,4,0,0
78,180,ZD,2,2,2,0,0,0,0,2,2,2,2,2,1,0
78,181,ZD,2,2,2,0,0,0,0,2,2,2,2,2,1,0
78,182,ZD,2,2,2,0,0,0,0,2,2,2,2,2,1,0
78,183,ZD,2,2,2,0,0,0,0,2,2,2,2,2,1,0
78,184,ZD,2,2,2,1,0,0,-1,2,2,2,2,2,0,0
78,185,ZD,2,2,2,1,0,0,0,1,1,1,1,1,0,0
78,186,ZD,2,2,2,1,0,0,0,1,1,1,1,1,0,0
78,187,ZD,2,2,2,1,0,0,-1,2,2,2,2,2,0,0
78,188,ZD,2,2,2,1,0,0,-1,2,2,2,2,2,0,0
78,189,ZD,2,2,2,1,0,0,0,1,1,1,1,1,0,0
78,190,ZD,2,2,2,1,0,0,0,1,1,1,1,1,0,0
78,191,ZD,2,2,2,1,0,0,-1,2,2,2,2,2,0,0
78,192,ZD,2,2,2,1,0,0,0,1,1,1,1,1,0,0
78,193,ZD,2,2,2,1,0,0,0,1,1,1,1,1,0,0
78,194,ZD,2,2,2,1,0,0,0,1,1,1,1,1,0,0
78,195,ZD,2,2,2,1,0,0,0,1,1,1,1,1,0,0
78,196,ZD,2,2,2,1,0,0,-1,2,2,2,2,2,0,0
78,197,INC,1,-1,-1,0,0,-1,-1,-1,-1,-1,-1,-1,0,1
78,198,INC,1,-1,-1,0,0,-1,-1,-1,-1,-1,-1,-1,0,1
78,199,ZD,2,2,2,1,0,0,-1,2,2,2,2,2,0,0
79,80,ZD,2,2,2,0,0,0,0,2,2,2,2,2,1,0
79,81,ZD,2,2,2,1,0,0,-1,2,2,2,2,2,0,0
79,82,ZD,2,2,2,1,0,0,-1,2,2,2,2,2,0,0
79,83,ZD,2,2,2,0,0,0,0,2,2,2,2,2,1,0
79,84,ZD,2,2,2,0,0,0,-1,4,4,4,4,4,1,0
79,85,ZD,2,2,2,0,0,0,-1,4,4,4,4,4,1,0
79,86,ZD,2,2,2,0,0,0,-1,4,4,4,4,4,1,0
79,87,ZD,2,2,2,0,0,0,-1,4,4,4,4,4,1,0
79,88,ZD,2,2,2,1,0,0,-1,4,4,4,4,4,0,0
79,89,ZD,2,2,2,1,0,0,-1,4,4,4,4,4,0,0
79,90,ZD,2,2,2,1,0,0,-1,4,4,4,4,4,0,0
79,91,ZD,2,2,2,1,0,0,-1,4,4,4,4,4,0,0
79,92,ZD,2,2,2,1,0,0,-1,4,4,4,4,4,0,0
79,93,ZD,2,2,2,1,0,0,-1,4,4,4,4,4,0,0
79,94,ZD,2,2,2,1,0,0,-1,4,4,4,4,4,0,0
79,95,ZD,2,2,2,1,0,0,-1,4,4,4,4,4,0,0
79,96,ZD,3,2,3,0,0,0,-1,3,3,3,3,3,1,0
79,97,ZD,3,2,3,0,0,0,-1,4,4,4,4,4,1,0
79,98,ZD,3,2,3,0,0,0,-1,4,4,4,4,4,1,0
79,99,ZD,3,2,3,0,0,0,-1,3,3,3,3,3,1,0
79,100,ZD,3,2,3,0,0,0,-1,3,3,3,3,3,1,0
79,101,ZD,3,2,3,0,0,0,-1,4,4,4,4,4,1,0
79,102,ZD,3,2,3,0,0,0,-1,4,4,4,4,4,1,0
79,103,ZD,3,2,3,0,0,0,-1,3,3,3,3,3,1,0
79,104,ZD,2,2,3,1,0,0,-1,4,4,4,4,4,0,0
79,105,ZD,2,2,3,1,0,0,-1,3,3,3,3,3,0,0
79,106,ZD,2,2,3,1,0,0,-1,3,3,3,3,3,0,0
79,107,ZD,2,2,3,1,0,0,-1,4,4,4,4,4,0,0
79,108,ZD,2,2,3,1,0,0,-1,4,4,4,4,4,0,0
79,109,ZD,2,2,3,1,0,0,-1,3,3,3,3,3,0,0
79,110,ZD,2,2,3,1,0,0,-1,3,3,3,3,3,0,0
79,111,ZD,2,2,3,1,0,0,-1,4,4,4,4,4,0,0
79,112,ZD,2,2,3,1,0,0,-1,3,3,3,3,3,0,0
79,113,ZD,2,2,3,1,0,0,-1,3,3,3,3,3,0,0
79,114,ZD,2,2,3,1,0,0,-1,3,3,3,3,3,0,0
79,115,ZD,2,2,3,1,0,0,-1,3,3,3,3,3,0,0
79,116,ZD,2,2,3,1,0,0,-1,3,3,3,3,3,0,0
79,117,ZD,2,2,3,1,0,0,-1,3,3,3,3,3,0,0
79,118,ZD,2,2,3,1,0,0,-1,3,3,3,3,3,0,0
79,119,ZD,2,2,3,1,0,0,-1,3,3,3,3,3,0,0
79,120,ZD,3,2,3,0,0,0,-1,3,3,3,3,3,1,0
79,121,ZD,3,2,3,0,0,0,-1,3,3,3,3,3,1,0
79,122,ZD,2,2,3,1,0,0,-1,3,3,3,3,3,0,0
79,123,ZD,2,2,3,1,0,0,-1,3,3,3,3,3,0,0
79,124,ZD,2,2,3,1,0,0,-1,3,3,3,3,3,0,0
79,125,ZD,2,2,3,1,0,0,-1,3,3,3,3,3,0,0
79,126,ZD,3,2,3,0,0,0,-1,3,3,3,3,3,1,0
79,127,ZD,3,2,3,0,0,0,-1,3,3,3,3,3,1,0
79,128,ZD,3,2,3,0,0,0,-1,3,3,3,3,3,1,0
79,129,ZD,3,2,3,0,0,0,-1,3,3,3,3,3,1,0
79,130,ZD,3,2,3,0,0,0,-1,3,3,3,3,3,1,0
79,131,ZD,3,2,3,0,0,0,-1,3,3,3,3,3,1,0
79,132,ZD,2,2,2,0,0,0,0,2,2,2,2,2,1,0
79,133,ZD,2,2,3,1,0,0,-1,3,3,3,3,3,0,0
79,134,ZD,2,2,3,1,0,0,-1,3,3,3,3,3,0,0
79,135,ZD,2,2,2,0,0,0,0,2,2,2,2,2,1,0
79,136,ZD,2,2,2,0,0,0,0,2,2,2,2,2,1,0
79,137,ZD,2,2,3,1,0,0,-1,3,3,3,3,3,0,0
79,138,ZD,2,2,3,1,0,0,-1,3,3,3,3,3,0,0
79,139,ZD,2,2,2,0,0,0,0,2,2,2,2,2,1,0
79,140,ZD,2,2,3,1,0,0,-1,3,3,3,3,3,0,0
79,141,ZD,2,2,3,1,0,0,-1,3,3,3,3,3,0,0
79,142,ZD,2,2,3,1,0,0,-1,3,3,3,3,3,0,0
79,143,ZD,2,2,3,1,0,0,-1,3,3,3,3,3,0,0
79,144,ZD,2,2,2,1,0,0,-1,4,4,4,4,4,0,0
79,145,ZD,2,2,2,1,0,0,-1,4,4,4,4,4,0,0
79,146,ZD,2,2,2,1,0,0,-1,4,4,4,4,4,0,0
79,147,ZD,2,2,2,1,0,0,-1,4,4,4,4,4,0,0
79,148,ZD,2,2,3,1,0,0,-1,3,3,3,3,3,0,0
79,149,ZD,2,2,3,1,0,0,-1,4,4,4,4,4,0,0
79,150,ZD,2,2,3,1,0,0,-1,3,3,3,3,3,0,0
79,151,ZD,2,2,3,1,0,0,-1,4,4,4,4,4,0,0
79,152,ZD,2,2,3,1,0,0,-1,4,4,4,4,4,0,0
79,153,ZD,2,2,3,1,0,0,-1,3,3,3,3,3,0,0
79,154,ZD,2,2,3,1,0,0,-1,4,4,4,4,4,0,0
79,155,ZD,2,2,3,1,0,0,-1,3,3,3,3,3,0,0
79,156,ZD,3,2,3,0,0,0,-1,4,4,4,4,4,1,0
79,157,ZD,2,2,3,1,0,0,-1,3,3,3,3,3,0,0
79,158,ZD,3,2,3,0,0,0,-1,4,4,4,4,4,1,0
79,159,ZD,2,2,3,1,0,0,-1,3,3,3,3,3,0,0
79,160,ZD,2,2,3,1,0,0,-1,3,3,3,3,3,0,0
79,161,ZD,3,2,3,0,0,0,-1,4,4,4,4,4,1,0
79,162,ZD,2,2,3,1,0,0,-1,3,3,3,3,3,0,0
79,163,ZD,3,2,3,0,0,0,-1,4,4,4,4,4,1,0
79,164,ZD,2,2,2,0,0,0,0,2,2,2,2,2,1,0
79,165,ZD,3,2,3,0,0,0,-1,4,4,4,4,4,1,0
79,166,ZD,3,2,3,0,0,0,-1,4,4,4,4,4,1,0
79,167,ZD,2,2,2,0,0,0,0,2,2,2,2,2,1,0
79,168,ZD,2,2,2,0,0,0,-1,4,4,4,4,4,1,0
79,169,ZD,2,2,3,1,0,0,-1,4,4,4,4,4,0,0
79,170,ZD,2,2,3,1,0,0,-1,4,4,4,4,4,0,0
79,171,ZD,2,2,2,0,0,0,-1,4,4,4,4,4,1,0
79,172,ZD,2,2,2,0,0,0,-1,4,4,4,4,4,1,0
79,173,ZD,2,2,3,1,0,0,-1,4,4,4,4,4,0,0
79,174,ZD,2,2,3,1,0,0,-1,4,4,4,4,4,0,0
79,175,ZD,2,2,2,0,0,0,-1,4,4,4,4,4,1,0
79,176,ZD,2,2,3,1,0,0,-1,4,4,4,4,4,0,0
79,177,ZD,2,2,2,1,0,0,-1,2,2,2,2,2,0,0
79,178,ZD,2,2,2,1,0,0,-1,2,2,2,2,2,0,0
79,179,ZD,2,2,3,1,0,0,-1,4,4,4,4,4,0,0
79,180,ZD,2,2,2,0,0,0,0,2,2,2,2,2,1,0
79,181,ZD,2,2,2,0,0,0,0,2,2,2,2,2,1,0
79,182,ZD,2,2,2,0,0,0,0,2,2,2,2,2,1,0
79,183,ZD,2,2,2,0,0,0,0,2,2,2,2,2,1,0
79,184,ZD,2,2,2,1,0,0,0,1,1,1,1,1,0,0
79,185,ZD,2,2,2,1,0,0,-1,2,2,2,2,2,0,0
79,186,ZD,2,2,2,1,0,0,-1,2,2,2,2,2,0,0
79,187,ZD,2,2,2,1,0,0,0,1,1,1,1,1,0,0
79,188,ZD,2,2,2,1,0,0,0,1,1,1,1,1,0,0
79,189,ZD,2,2,2,1,0,0,-1,2,2,2,2,2,0,0
79,190,ZD,2,2,2,1,0,0,-1,2,2,2,2,2,0,0
79,191,ZD,2,2,2,1,0,0,0,1,1,1,1,1,0,0
79,192,ZD,2,2,2,1,0,0,0,1,1,1,1,1,0,0
79,193,ZD,2,2,2,1,0,0,0,1,1,1,1,1,0,0
79,194,ZD,2,2,2,1,0,0,0,1,1,1,1,1,0,0
79,195,ZD,2,2,2,1,0,0,0,1,1,1,1,1,0,0
79,196,INC,1,-1,-1,0,0,-1,-1,-1,-1,-1,-1,-1,0,1
79,197,ZD,2,2,2,1,0,0,-1,2,2,2,2,2,0,0
79,198,ZD,2,2,2,1,0,0,-1,2,2,2,2,2,0,0
79,199,INC,1,-1,-1,0,0,-1,-1,-1,-1,-1,-1,-1,0,1
80,81,INC,1,-1,-1,0,0,-1,-1,-1,-1,-1,-1,-1,0,1
80,82,INC,1,-1,-1,0,0,-1,-1,-1,-1,-1,-1,-1,0,1
80,83,POS,1,1,1,0,0,-1,-1,-1,-1,-1,-1,-1,0,1
80,84,ZD,2,2,2,0,0,0,0,4,4,4,4,4,1,0
80,85,ZD,2,2,2,0,0,0,0,4,4,4,4,4,1,0
80,86,ZD,2,2,2,0,0,0,0,4,4,4,4,4,1,0
80,87,ZD,2,2,2,0,0,0,0,4,4,4,4,4,1,0
80,88,ZD,2,2,2,1,0,0,-1,4,4,4,4,4,0,0
80,89,ZD,2,2,2,1,0,0,-1,4,4,4,4,4,0,0
80,90,ZD,2,2,2,1,0,0,-1,4,4,4,4,4,0,0
80,91,ZD,2,2,2,1,0,0,-1,4,4,4,4,4,0,0
80,92,ZD,2,2,2,1,0,0,-1,4,4,4,4,4,0,0
80,93,ZD,2,2,2,1,0,0,-1,4,4,4,4,4,0,0
80,94,ZD,2,2,2,1,0,0,-1,4,4,4,4,4,0,0
80,95,ZD,2,2,2,1,0,0,-1,4,4,4,4,4,0,0
80,96,ZD,3,2,3,0,0,0,-1,4,4,4,4,4,1,0
80,97,ZD,3,2,3,0,0,0,-1,4,4,4,4,4,1,0
80,98,ZD,3,2,3,0,0,0,-1,4,4,4,4,4,1,0
80,99,ZD,3,2,3,0,0,0,-1,4,4,4,4,4,1,0
80,100,ZD,3,2,3,0,0,0,-1,4,4,4,4,4,1,0
80,101,ZD,3,2,3,0,0,0,-1,4,4,4,4,4,1,0
80,102,ZD,3,2,3,0,0,0,-1,4,4,4,4,4,1,0
80,103,ZD,3,2,3,0,0,0,-1,4,4,4,4,4,1,0
80,104,ZD,2,2,2,0,0,0,0,4,4,4,4,4,1,0
80,105,ZD,2,2,2,0,0,0,0,4,4,4,4,4,1,0
80,106,ZD,2,2,2,0,0,0,0,4,4,4,4,4,1,0
80,107,ZD,2,2,2,0,0,0,0,4,4,4,4,4,1,0
80,108,ZD,2,2,2,0,0,0,0,4,4,4,4,4,1,0
80,109,ZD,2,2,2,0,0,0,0,4,4,4,4,4,1,0
80,110,ZD,2,2,2,0,0,0,0,4,4,4,4,4,1,0
80,111,ZD,2,2,2,0,0,0,0,4,4,4,4,4,1,0
80,112,ZD,2,2,2,1,0,0,-1,2,2,2,2,2,0,0
80,113,ZD,2,2,2,1,0,0,-1,2,2,2,2,2,0,0
80,114,ZD,2,2,2,1,0,0,-1,2,2,2,2,2,0,0
80,115,ZD,2,2,2,1,0,0,-1,2,2,2,2,2,0,0
80,116,ZD,2,2,2,1,0,0,-1,2,2,2,2,2,0,0
80,117,ZD,2,2,2,1,0,0,-1,2,2,2,2,2,0,0
80,118,ZD,2,2,2,1,0,0,-1,2,2,2,2,2,0,0
80,119,ZD,2,2,2,1,0,0,-1,2,2,2,2,2,0,0
80,120,ZD,2,2,2,1,0,0,-1,2,2,2,2,2,0,0
80,121,ZD,2,2,2,1,0,0,-1,2,2,2,2,2,0,0
80,122,ZD,2,2,2,1,0,0,-1,2,2,2,2,2,0,0
80,123,ZD,2,2,2,1,0,0,-1,2,2,2,2,2,0,0
80,124,ZD,2,2,2,1,0,0,-1,2,2,2,2,2,0,0
80,125,ZD,2,2,2,1,0,0,-1,2,2,2,2,2,0,0
80,126,ZD,2,2,2,1,0,0,-1,2,2,2,2,2,0,0
80,127,ZD,2,2,2,1,0,0,-1,2,2,2,2,2,0,0
80,128,ZD,2,2,2,0,0,0,0,2,2,2,2,2,1,0
80,129,ZD,2,2,2,0,0,0,0,2,2,2,2,2,1,0
80,130,ZD,2,2,2,0,0,0,0,2,2,2,2,2,1,0
80,131,ZD,2,2,2,0,0,0,0,2,2,2,2,2,1,0
80,132,ZD,2,2,2,1,0,0,-1,2,2,2,2,2,0,0
80,133,ZD,2,2,2,1,0,0,-1,2,2,2,2,2,0,0
80,134,ZD,2,2,2,1,0,0,-1,2,2,2,2,2,0,0
80,135,ZD,2,2,2,1,0,0,-1,2,2,2,2,2,0,0
80,136,ZD,2,2,2,1,0,0,-1,2,2,2,2,2,0,0
80,137,ZD,2,2,2,1,0,0,-1,2,2,2,2,2,0,0
80,138,ZD,2,2,2,1,0,0,-1,2,2,2,2,2,0,0
80,139,ZD,2,2,2,1,0,0,-1,2,2,2,2,2,0,0
80,140,ZD,2,2,2,0,0,0,0,2,2,2,2,2,1,0
80,141,ZD,2,2,2,0,0,0,0,2,2,2,2,2,1,0
80,142,ZD,2,2,2,0,0,0,0,2,2,2,2,2,1,0
80,143,ZD,2,2,2,0,0,0,0,2,2,2,2,2,1,0
80,144,ZD,2,2,2,1,0,0,-1,4,4,4,4,4,0,0
80,145,ZD,2,2,2,1,0,0,-1,4,4,4,4,4,0,0
80,146,ZD,2,2,2,1,0,0,-1,4,4,4,4,4,0,0
80,147,ZD,2,2,2,1,0,0,-1,4,4,4,4,4,0,0
80,148,ZD,2,2,3,1,0,0,-1,4,4,4,4,4,0,0
80,149,ZD,2,2,3,1,0,0,-1,4,4,4,4,4,0,0
80,150,ZD,2,2,3,1,0,0,-1,4,4,4,4,4,0,0
80,151,ZD,2,2,3,1,0,0,-1,4,4,4,4,4,0,0
80,152,ZD,2,2,3,1,0,0,-1,4,4,4,4,4,0,0
80,153,ZD,2,2,3,1,0,0,-1,4,4,4,4,4,0,0
80,154,ZD,2,2,3,1,0,0,-1,4,4,4,4,4,0,0
80,155,ZD,2,2,3,1,0,0,-1,4,4,4,4,4,0,0
80,156,ZD,2,2,2,1,0,0,-1,4,4,4,4,4,0,0
80,157,ZD,2,2,2,1,0,0,-1,4,4,4,4,4,0,0
80,158,ZD,2,2,2,1,0,0,-1,4,4,4,4,4,0,0
80,159,ZD,2,2,2,1,0,0,-1,4,4,4,4,4,0,0
80,160,ZD,2,2,2,1,0,0,-1,4,4,4,4,4,0,0
80,161,ZD,2,2,2,1,0,0,-1,4,4,4,4,4,0,0
80,162,ZD,2,2,2,1,0,0,-1,4,4,4,4,4,0,0
80,163,ZD,2,2,2,1,0,0,-1,4,4,4,4,4,0,0
80,164,ZD,3,2,3,0,0,0,-1,4,4,4,4,4,1,0
80,165,ZD,3,2,3,0,0,0,-1,4,4,4,4,4,1,0
80,166,ZD,3,2,3,0,0,0,-1,4,4,4,4,4,1,0
80,167,ZD,3,2,3,0,0,0,-1,4,4,4,4,4,1,0
80,168,ZD,2,2,3,1,0,0,-1,4,4,4,4,4,0,0
80,169,ZD,2,2,3,1,0,0,-1,4,4,4,4,4,0,0
80,170,ZD,2,2,3,1,0,0,-1,4,4,4,4,4,0,0
80,171,ZD,2,2,3,1,0,0,-1,4,4,4,4,4,0,0
80,172,ZD,2,2,3,1,0,0,-1,4,4,4,4,4,0,0
80,173,ZD,2,2,3,1,0,0,-1,4,4,4,4,4,0,0
80,174,ZD,2,2,3,1,0,0,-1,4,4,4,4,4,0,0
80,175,ZD,2,2,3,1,0,0,-1,4,4,4,4,4,0,0
80,176,ZD,2,2,2,0,0,0,0,4,4,4,4,4,1,0
80,177,ZD,2,2,2,0,0,0,0,4,4,4,4,4,1,0
80,178,ZD,2,2,2,0,0,0,0,4,4,4,4,4,1,0
80,179,ZD,2,2,2,0,0,0,0,4,4,4,4,4,1,0
80,180,ZD,2,2,2,0,0,0,0,2,2,2,2,2,1,0
80,181,ZD,2,2,2,0,0,0,0,2,2,2,2,2,1,0
80,182,ZD,2,2,2,0,0,0,0,2,2,2,2,2,1,0
80,183,ZD,2,2,2,0,0,0,0,2,2,2,2,2,1,0
80,184,ZD,2,2,2,1,0,0,-1,2,2,2,2,2,0,0
80,185,ZD,2,2,2,1,0,0,-1,2,2,2,2,2,0,0
80,186,ZD,2,2,2,1,0,0,-1,2,2,2,2,2,0,0
80,187,ZD,2,2,2,1,0,0,-1,2,2,2,2,2,0,0
80,188,ZD,2,2,2,1,0,0,-1,2,2,2,2,2,0,0
80,189,ZD,2,2,2,1,0,0,-1,2,2,2,2,2,0,0
80,190,ZD,2,2,2,1,0,0,-1,2,2,2,2,2,0,0
80,191,ZD,2,2,2,1,0,0,-1,2,2,2,2,2,0,0
80,192,INC,1,-1,-1,0,0,-1,-1,-1,-1,-1,-1,-1,0,1
80,193,INC,1,-1,-1,0,0,-1,-1,-1,-1,-1,-1,-1,0,1
80,194,INC,1,-1,-1,0,0,-1,-1,-1,-1,-1,-1,-1,0,1
80,195,INC,1,-1,-1,0,0,-1,-1,-1,-1,-1,-1,-1,0,1
80,196,ZD,2,2,2,1,0,0,-1,2,2,2,2,2,0,0
80,197,ZD,2,2,2,1,0,0,-1,2,2,2,2,2,0,0
80,198,ZD,2,2,2,1,0,0,-1,2,2,2,2,2,0,0
80,199,ZD,2,2,2,1,0,0,-1,2,2,2,2,2,0,0
81,82,POS,1,1,1,0,0,-1,-1,-1,-1,-1,-1,-1,0,1
81,83,INC,1,-1,-1,0,0,-1,-1,-1,-1,-1,-1,-1,0,1
81,84,ZD,2,2,2,0,0,0,0,4,4,4,4,4,1,0
81,85,ZD,2,2,2,0,0,0,0,4,4,4,4,4,1,0
81,86,ZD,2,2,2,0,0,0,0,4,4,4,4,4,1,0
81,87,ZD,2,2,2,0,0,0,0,4,4,4,4,4,1,0
81,88,ZD,2,2,2,1,0,0,-1,4,4,4,4,4,0,0
81,89,ZD,2,2,2,1,0,0,-1,4,4,4,4,4,0,0
81,90,ZD,2,2,2,1,0,0,-1,4,4,4,4,4,0,0
81,91,ZD,2,2,2,1,0,0,-1,4,4,4,4,4,0,0
81,92,ZD,2,2,2,1,0,0,-1,4,4,4,4,4,0,0
81,93,ZD,2,2,2,1,0,0,-1,4,4,4,4,4,0,0
81,94,ZD,2,2,2,1,0,0,-1,4,4,4,4,4,0,0
81,95,ZD,2,2,2,1,0,0,-1,4,4,4,4,4,0,0
81,96,ZD,3,2,3,0,0,0,-1,4,4,3,3,3,1,0
81,97,ZD,3,2,3,0,0,0,-1,4,4,3,3,3,1,0
81,98,ZD,3,2,3,0,0,0,-1,4,4,3,3,3,1,0
81,99,ZD,3,2,3,0,0,0,-1,4,4,3,3,3,1,0
81,100,ZD,3,2,3,0,0,0,-1,4,4,3,3,3,1,0
81,101,ZD,3,2,3,0,0,0,-1,4,4,3,3,3,1,0
81,102,ZD,3,2,3,0,0,0,-1,4,4,3,3,3,1,0
81,103,ZD,3,2,3,0,0,0,-1,4,4,3,3,3,1,0
81,104,ZD,2,2,2,0,0,0,0,4,4,4,4,4,1,0
81,105,ZD,2,2,2,0,0,0,0,4,4,4,4,4,1,0
81,106,ZD,2,2,2,0,0,0,0,4,4,4,4,4,1,0
81,107,ZD,2,2,2,0,0,0,0,4,4,4,4,4,1,0
81,108,ZD,2,2,2,0,0,0,0,4,4,4,4,4,1,0
81,109,ZD,2,2,2,0,0,0,0,4,4,4,4,4,1,0
81,110,ZD,2,2,2,0,0,0,0,4,4,4,4,4,1,0
81,111,ZD,2,2,2,0,0,0,0,4,4,4,4,4,1,0
81,112,ZD,2,2,2,1,0,0,0,1,1,1,1,1,0,0
81,113,ZD,2,2,2,1,0,0,0,1,1,1,1,1,0,0
81,114,ZD,2,2,2,1,0,0,0,1,1,1,1,1,0,0
81,115,ZD,2,2,2,1,0,0,0,1,1,1,1,1,0,0
81,116,ZD,2,2,2,1,0,0,0,1,1,1,1,1,0,0
81,117,ZD,2,2,2,1,0,0,0,1,1,1,1,1,0,0
81,118,ZD,2,2,2,1,0,0,0,1,1,1,1,1,0,0
81,119,ZD,2,2,2,1,0,0,0,1,1,1,1,1,0,0
81,120,ZD,2,2,2,1,0,0,-1,2,2,2,2,2,0,0
81,121,ZD,2,2,2,1,0,0,-1,2,2,2,2,2,0,0
81,122,ZD,2,2,2,1,0,0,-1,2,2,2,2,2,0,0
81,123,ZD,2,2,2,1,0,0,-1,2,2,2,2,2,0,0
81,124,ZD,2,2,2,1,0,0,-1,2,2,2,2,2,0,0
81,125,ZD,2,2,2,1,0,0,-1,2,2,2,2,2,0,0
81,126,ZD,2,2,2,1,0,0,-1,2,2,2,2,2,0,0
81,127,ZD,2,2,2,1,0,0,-1,2,2,2,2,2,0,0
81,128,POS,2,2,2,0,0,-1,-1,-1,-1,-1,-1,-1,0,1
81,129,POS,2,2,2,0,0,-1,-1,-1,-1,-1,-1,-1,0,1
81,130,POS,2,2,2,0,0,-1,-1,-1,-1,-1,-1,-1,0,1
81,131,POS,2,2,2,0,0,-1,-1,-1,-1,-1,-1,-1,0,1
81,132,ZD,2,2,2,1,0,0,0,1,1,1,1,1,0,0
81,133,ZD,2,2,2,1,0,0,0,1,1,1,1,1,0,0
81,134,ZD,2,2,2,1,0,0,0,1,1,1,1,1,0,0
81,135,ZD,2,2,2,1,0,0,0,1,1,1,1,1,0,0
81,136,ZD,2,2,2,1,0,0,0,1,1,1,1,1,0,0
81,137,ZD,2,2,2,1,0,0,0,1,1,1,1,1,0,0
81,138,ZD,2,2,2,1,0,0,0,1,1,1,1,1,0,0
81,139,ZD,2,2,2,1,0,0,0,1,1,1,1,1,0,0
81,140,ZD,2,2,2,0,0,0,0,2,2,2,2,2,1,0
81,141,ZD,2,2,2,0,0,0,0,2,2,2,2,2,1,0
81,142,ZD,2,2,2,0,0,0,0,2,2,2,2,2,1,0
81,143,ZD,2,2,2,0,0,0,0,2,2,2,2,2,1,0
81,144,ZD,2,2,2,1,0,0,-1,4,4,4,4,4,0,0
81,145,ZD,2,2,2,1,0,0,-1,4,4,4,4,4,0,0
81,146,ZD,2,2,2,1,0,0,-1,4,4,4,4,4,0,0
81,147,ZD,2,2,2,1,0,0,-1,4,4,4,4,4,0,0
81,148,ZD,2,2,3,1,0,0,-1,4,4,4,4,4,0,0
81,149,ZD,2,2,3,1,0,0,-1,4,4,4,4,4,0,0
81,150,ZD,2,2,3,1,0,0,-1,4,4,4,4,4,0,0
81,151,ZD,2,2,3,1,0,0,-1,4,4,4,4,4,0,0
81,152,ZD,2,2,3,1,0,0,-1,4,4,4,4,4,0,0
81,153,ZD,2,2,3,1,0,0,-1,4,4,4,4,4,0,0
81,154,ZD,2,2,3,1,0,0,-1,4,4,4,4,4,0,0
81,155,ZD,2,2,3,1,0,0,-1,4,4,4,4,4,0,0
81,156,ZD,2,2,2,1,0,0,-1,4,4,3,3,3,0,0
81,157,ZD,2,2,2,1,0,0,-1,4,4,3,3,3,0,0
81,158,ZD,2,2,2,1,0,0,-1,4,4,3,3,3,0,0
81,159,ZD,2,2,2,1,0,0,-1,4,4,3,3,3,0,0
81,160,ZD,2,2,2,1,0,0,-1,4,4,3,3,3,0,0
81,161,ZD,2,2,2,1,0,0,-1,4,4,3,3,3,0,0
81,162,ZD,2,2,2,1,0,0,-1,4,4,3,3,3,0,0
81,163,ZD,2,2,2,1,0,0,-1,4,4,3,3,3,0,0
81,164,ZD,3,2,3,0,0,0,-1,4,4,4,4,4,1,0
81,165,ZD,3,2,3,0,0,0,-1,4,4,4,4,4,1,0
81,166,ZD,3,2,3,0,0,0,-1,4,4,4,4,4,1,0
81,167,ZD,3,2,3,0,0,0,-1,4,4,4,4,4,1,0
81,168,ZD,2,2,3,1,0,0,-1,4,4,4,4,4,0,0
81,169,ZD,2,2,3,1,0,0,-1,4,4,4,4,4,0,0
81,170,ZD,2,2,3,1,0,0,-1,4,4,4,4,4,0,0
81,171,ZD,2,2,3,1,0,0,-1,4,4,4,4,4,0,0
81,172,ZD,2,2,3,1,0,0,-1,4,4,4,4,4,0,0
81,173,ZD,2,2,3,1,0,0,-1,4,4,4,4,4,0,0
81,174,ZD,2,2,3,1,0,0,-1,4,4,4,4,4,0,0
81,175,ZD,2,2,3,1,0,0,-1,4,4,4,4,4,0,0
81,176,ZD,2,2,2,0,0,0,0,4,4,4,4,4,1,0
81,177,ZD,2,2,2,0,0,0,0,4,4,4,4,4,1,0
81,178,ZD,2,2,2,0,0,0,0,4,4,4,4,4,1,0
81,179,ZD,2,2,2,0,0,0,0,4,4,4,4,4,1,0
81,180,ZD,2,2,2,0,0,0,0,2,2,2,2,2,1,0
81,181,ZD,2,2,2,0,0,0,0,2,2,2,2,2,1,0
81,182,ZD,2,2,2,0,0,0,0,2,2,2,2,2,1,0
81,183,ZD,2,2,2,0,0,0,0,2,2,2,2,2,1,0
81,184,ZD,2,2,2,1,0,0,-1,2,2,2,2,2,0,0
81,185,ZD,2,2,2,1,0,0,-1,2,2,2,2,2,0,0
81,186,ZD,2,2,2,1,0,0,-1,2,2,2,2,2,0,0
81,187,ZD,2,2,2,1,0,0,-1,2,2,2,2,2,0,0
81,188,ZD,2,2,2,1,0,0,-1,2,2,2,2,2,0,0
81,189,ZD,2,2,2,1,0,0,-1,2,2,2,2,2,0,0
81,190,ZD,2,2,2,1,0,0,-1,2,2,2,2,2,0,0
81,191,ZD,2,2,2,1,0,0,-1,2,2,2,2,2,0,0
81,192,POS,1,1,1,0,0,-1,-1,-1,-1,-1,-1,-1,0,1
81,193,POS,1,1,1,0,0,-1,-1,-1,-1,-1,-1,-1,0,1
81,194,POS,1,1,1,0,0,-1,-1,-1,-1,-1,-1,-1,0,1
81,195,POS,1,1,1,0,0,-1,-1,-1,-1,-1,-1,-1,0,1
81,196,ZD,2,2,2,1,0,0,-1,2,2,2,2,2,0,0
81,197,ZD,2,2,2,1,0,0,-1,2,2,2,2,2,0,0
81,198,ZD,2,2,2,1,0,0,-1,2,2,2,2,2,0,0
81,199,ZD,2,2,2,1,0,0,-1,2,2,2,2,2,0,0
82,83,INC,1,-1,-1,0,0,-1,-1,-1,-1,-1,-1,-1,0,1
82,84,ZD,2,2,2,0,0,0,0,4,4,4,4,4,1,0
82,85,ZD,2,2,2,0,0,0,0,4,4,4,4,4,1,0
82,86,ZD,2,2,2,0,0,0,0,4,4,4,4,4,1,0
82,87,ZD,2,2,2,0,0,0,0,4,4,4,4,4,1,0
82,88,ZD,2,2,2,1,0,0,-1,4,4,4,4,4,0,0
82,89,ZD,2,2,2,1,0,0,-1,4,4,4,4,4,0,0
82,90,ZD,2,2,2,1,0,0,-1,4,4,4,4,4,0,0
82,91,ZD,2,2,2,1,0,0,-1,4,4,4,4,4,0,0
82,92,ZD,2,2,2,1,0,0,-1,4,4,4,4,4,0,0
82,93,ZD,2,2,2,1,0,0,-1,4,4,4,4,4,0,0
82,94,ZD,2,2,2,1,0,0,-1,4,4,4,4,4,0,0
82,95,ZD,2,2,2,1,0,0,-1,4,4,4,4,4,0,0
82,96,ZD,3,2,3,0,0,0,-1,4,4,3,3,3,1,0
82,97,ZD,3,2,3,0,0,0,-1,4,4,3,3,3,1,0
82,98,ZD,3,2,3,0,0,0,-1,4,4,3,3,3,1,0
82,99,ZD,3,2,3,0,0,0,-1,4,4,3,3,3,1,0
82,100,ZD,3,2,3,0,0,0,-1,4,4,3,3,3,1,0
82,101,ZD,3,2,3,0,0,0,-1,4,4,3,3,3,1,0
82,102,ZD,3,2,3,0,0,0,-1,4,4,3,3,3,1,0
82,103,ZD,3,2,3,0,0,0,-1,4,4,3,3,3,1,0
82,104,ZD,2,2,2,0,0,0,0,4,4,4,4,4,1,0
82,105,ZD,2,2,2,0,0,0,0,4,4,4,4,4,1,0
82,106,ZD,2,2,2,0,0,0,0,4,4,4,4,4,1,0
82,107,ZD,2,2,2,0,0,0,0,4,4,4,4,4,1,0
82,108,ZD,2,2,2,0,0,0,0,4,4,4,4,4,1,0
82,109,ZD,2,2,2,0,0,0,0,4,4,4,4,4,1,0
82,110,ZD,2,2,2,0,0,0,0,4,4,4,4,4,1,0
82,111,ZD,2,2,2,0,0,0,0,4,4,4,4,4,1,0
82,112,ZD,2,2,2,1,0,0,0,1,1,1,1,1,0,0
82,113,ZD,2,2,2,1,0,0,0,1,1,1,1,1,0,0
82,114,ZD,2,2,2,1,0,0,0,1,1,1,1,1,0,0
82,115,ZD,2,2,2,1,0,0,0,1,1,1,1,1,0,0
82,116,ZD,2,2,2,1,0,0,0,1,1,1,1,1,0,0
82,117,ZD,2,2,2,1,0,0,0,1,1,1,1,1,0,0
82,118,ZD,2,2,2,1,0,0,0,1,1,1,1,1,0,0
82,119,ZD,2,2,2,1,0,0,0,1,1,1,1,1,0,0
82,120,ZD,2,2,2,1,0,0,-1,2,2,2,2,2,0,0
82,121,ZD,2,2,2,1,0,0,-1,2,2,2,2,2,0,0
82,122,ZD,2,2,2,1,0,0,-1,2,2,2,2,2,0,0
82,123,ZD,2,2,2,1,0,0,-1,2,2,2,2,2,0,0
82,124,ZD,2,2,2,1,0,0,-1,2,2,2,2,2,0,0
82,125,ZD,2,2,2,1,0,0,-1,2,2,2,2,2,0,0
82,126,ZD,2,2,2,1,0,0,-1,2,2,2,2,2,0,0
82,127,ZD,2,2,2,1,0,0,-1,2,2,2,2,2,0,0
82,128,POS,2,2,2,0,0,-1,-1,-1,-1,-1,-1,-1,0,1
82,129,POS,2,2,2,0,0,-1,-1,-1,-1,-1,-1,-1,0,1
82,130,POS,2,2,2,0,0,-1,-1,-1,-1,-1,-1,-1,0,1
82,131,POS,2,2,2,0,0,-1,-1,-1,-1,-1,-1,-1,0,1
82,132,ZD,2,2,2,1,0,0,0,1,1,1,1,1,0,0
82,133,ZD,2,2,2,1,0,0,0,1,1,1,1,1,0,0
82,134,ZD,2,2,2,1,0,0,0,1,1,1,1,1,0,0
82,135,ZD,2,2,2,1,0,0,0,1,1,1,1,1,0,0
82,136,ZD,2,2,2,1,0,0,0,1,1,1,1,1,0,0
82,137,ZD,2,2,2,1,0,0,0,1,1,1,1,1,0,0
82,138,ZD,2,2,2,1,0,0,0,1,1,1,1,1,0,0
82,139,ZD,2,2,2,1,0,0,0,1,1,1,1,1,0,0
82,140,ZD,2,2,2,0,0,0,0,2,2,2,2,2,1,0
82,141,ZD,2,2,2,0,0,0,0,2,2,2,2,2,1,0
82,142,ZD,2,2,2,0,0,0,0,2,2,2,2,2,1,0
82,143,ZD,2,2,2,0,0,0,0,2,2,2,2,2,1,0
82,144,ZD,2,2,2,1,0,0,-1,4,4,4,4,4,0,0
82,145,ZD,2,2,2,1,0,0,-1,4,4,4,4,4,0,0
82,146,ZD,2,2,2,1,0,0,-1,4,4,4,4,4,0,0
82,147,ZD,2,2,2,1,0,0,-1,4,4,4,4,4,0,0
82,148,ZD,2,2,3,1,0,0,-1,4,4,4,4,4,0,0
82,149,ZD,2,2,3,1,0,0,-1,4,4,4,4,4,0,0
82,150,ZD,2,2,3,1,0,0,-1,4,4,4,4,4,0,0
82,151,ZD,2,2,3,1,0,0,-1,4,4,4,4,4,0,0
82,152,ZD,2,2,3,1,0,0,-1,4,4,4,4,4,0,0
82,153,ZD,2,2,3,1,0,0,-1,4,4,4,4,4,0,0
82,154,ZD,2,2,3,1,0,0,-1,4,4,4,4,4,0,0
82,155,ZD,2,2,3,1,0,0,-1,4,4,4,4,4,0,0
82,156,ZD,2,2,2,1,0,0,-1,4,4,3,3,3,0,0
82,157,ZD,2,2,2,1,0,0,-1,4,4,3,3,3,0,0
82,158,ZD,2,2,2,1,0,0,-1,4,4,3,3,3,0,0
82,159,ZD,2,2,2,1,0,0,-1,4,4,3,3,3,0,0
82,160,ZD,2,2,2,1,0,0,-1,4,4,3,3,3,0,0
82,161,ZD,2,2,2,1,0,0,-1,4,4,3,3,3,0,0
82,162,ZD,2,2,2,1,0,0,-1,4,4,3,3,3,0,0
82,163,ZD,2,2,2,1,0,0,-1,4,4,3,3,3,0,0
82,164,ZD,3,2,3,0,0,0,-1,4,4,4,4,4,1,0
82,165,ZD,3,2,3,0,0,0,-1,4,4,4,4,4,1,0
82,166,ZD,3,2,3,0,0,0,-1,4,4,4,4,4,1,0
82,167,ZD,3,2,3,0,0,0,-1,4,4,4,4,4,1,0
82,168,ZD,2,2,3,1,0,0,-1,4,4,4,4,4,0,0
82,169,ZD,2,2,3,1,0,0,-1,4,4,4,4,4,0,0
82,170,ZD,2,2,3,1,0,0,-1,4,4,4,4,4,0,0
82,171,ZD,2,2,3,1,0,0,-1,4,4,4,4,4,0,0
82,172,ZD,2,2,3,1,0,0,-1,4,4,4,4,4,0,0
82,173,ZD,2,2,3,1,0,0,-1,4,4,4,4,4,0,0
82,174,ZD,2,2,3,1,0,0,-1,4,4,4,4,4,0,0
82,175,ZD,2,2,3,1,0,0,-1,4,4,4,4,4,0,0
82,176,ZD,2,2,2,0,0,0,0,4,4,4,4,4,1,0
82,177,ZD,2,2,2,0,0,0,0,4,4,4,4,4,1,0
82,178,ZD,2,2,2,0,0,0,0,4,4,4,4,4,1,0
82,179,ZD,2,2,2,0,0,0,0,4,4,4,4,4,1,0
82,180,ZD,2,2,2,0,0,0,0,2,2,2,2,2,1,0
82,181,ZD,2,2,2,0,0,0,0,2,2,2,2,2,1,0
82,182,ZD,2,2,2,0,0,0,0,2,2,2,2,2,1,0
82,183,ZD,2,2,2,0,0,0,0,2,2,2,2,2,1,0
82,184,ZD,2,2,2,1,0,0,-1,2,2,2,2,2,0,0
82,185,ZD,2,2,2,1,0,0,-1,2,2,2,2,2,0,0
82,186,ZD,2,2,2,1,0,0,-1,2,2,2,2,2,0,0
82,187,ZD,2,2,2,1,0,0,-1,2,2,2,2,2,0,0
82,188,ZD,2,2,2,1,0,0,-1,2,2,2,2,2,0,0
82,189,ZD,2,2,2,1,0,0,-1,2,2,2,2,2,0,0
82,190,ZD,2,2,2,1,0,0,-1,2,2,2,2,2,0,0
82,191,ZD,2,2,2,1,0,0,-1,2,2,2,2,2,0,0
82,192,POS,1,1,1,0,0,-1,-1,-1,-1,-1,-1,-1,0,1
82,193,POS,1,1,1,0,0,-1,-1,-1,-1,-1,-1,-1,0,1
82,194,POS,1,1,1,0,0,-1,-1,-1,-1,-1,-1,-1,0,1
82,195,POS,1,1,1,0,0,-1,-1,-1,-1,-1,-1,-1,0,1
82,196,ZD,2,2,2,1,0,0,-1,2,2,2,2,2,0,0
82,197,ZD,2,2,2,1,0,0,-1,2,2,2,2,2,0,0
82,198,ZD,2,2,2,1,0,0,-1,2,2,2,2,2,0,0
82,199,ZD,2,2,2,1,0,0,-1,2,2,2,2,2,0,0
83,84,ZD,2,2,2,0,0,0,0,4,4,4,4,4,1,0
83,85,ZD,2,2,2,0,0,0,0,4,4,4,4,4,1,0
83,86,ZD,2,2,2,0,0,0,0,4,4,4,4,4,1,0
83,87,ZD,2,2,2,0,0,0,0,4,4,4,4,4,1,0
83,88,ZD,2,2,2,1,0,0,-1,4,4,4,4,4,0,0
83,89,ZD,2,2,2,1,0,0,-1,4,4,4,4,4,0,0
83,90,ZD,2,2,2,1,0,0,-1,4,4,4,4,4,0,0
83,91,ZD,2,2,2,1,0,0,-1,4,4,4,4,4,0,0
83,92,ZD,2,2,2,1,0,0,-1,4,4,4,4,4,0,0
83,93,ZD,2,2,2,1,0,0,-1,4,4,4,4,4,0,0
83,94,ZD,2,2,2,1,0,0,-1,4,4,4,4,4,0,0
83,95,ZD,2,2,2,1,0,0,-1,4,4,4,4,4,0,0
83,96,ZD,3,2,3,0,0,0,-1,4,4,4,4,4,1,0
83,97,ZD,3,2,3,0,0,0,-1,4,4,4,4,4,1,0
83,98,ZD,3,2,3,0,0,0,-1,4,4,4,4,4,1,0
83,99,ZD,3,2,3,0,0,0,-1,4,4,4,4,4,1,0
83,100,ZD,3,2,3,0,0,0,-1,4,4,4,4,4,1,0
83,101,ZD,3,2,3,0,0,0,-1,4,4,4,4,4,1,0
83,102,ZD,3,2,3,0,0,0,-1,4,4,4,4,4,1,0
83,103,ZD,3,2,3,0,0,0,-1,4,4,4,4,4,1,0
83,104,ZD,2,2,2,0,0,0,0,4,4,4,4,4,1,0
83,105,ZD,2,2,2,0,0,0,0,4,4,4,4,4,1,0
83,106,ZD,2,2,2,0,0,0,0,4,4,4,4,4,1,0
83,107,ZD,2,2,2,0,0,0,0,4,4,4,4,4,1,0
83,108,ZD,2,2,2,0,0,0,0,4,4,4,4,4,1,0
83,109,ZD,2,2,2,0,0,0,0,4,4,4,4,4,1,0
83,110,ZD,2,2,2,0,0,0,0,4,4,4,4,4,1,0
83,111,ZD,2,2,2,0,0,0,0,4,4,4,4,4,1,0
83,112,ZD,2,2,2,1,0,0,-1,2,2,2,2,2,0,0
83,113,ZD,2,2,2,1,0,0,-1,2,2,2,2,2,0,0
83,114,ZD,2,2,2,1,0,0,-1,2,2,2,2,2,0,0
83,115,ZD,2,2,2,1,0,0,-1,2,2,2,2,2,0,0
83,116,ZD,2,2,2,1,0,0,-1,2,2,2,2,2,0,0
83,117,ZD,2,2,2,1,0,0,-1,2,2,2,2,2,0,0
83,118,ZD,2,2,2,1,0,0,-1,2,2,2,2,2,0,0
83,119,ZD,2,2,2,1,0,0,-1,2,2,2,2,2,0,0
83,120,ZD,2,2,2,1,0,0,-1,2,2,2,2,2,0,0
83,121,ZD,2,2,2,1,0,0,-1,2,2,2,2,2,0,0
83,122,ZD,2,2,2,1,0,0,-1,2,2,2,2,2,0,0
83,123,ZD,2,2,2,1,0,0,-1,2,2,2,2,2,0,0
83,124,ZD,2,2,2,1,0,0,-1,2,2,2,2,2,0,0
83,125,ZD,2,2,2,1,0,0,-1,2,2,2,2,2,0,0
83,126,ZD,2,2,2,1,0,0,-1,2,2,2,2,2,0,0
83,127,ZD,2,2,2,1,0,0,-1,2,2,2,2,2,0,0
83,128,ZD,2,2,2,0,0,0,0,2,2,2,2,2,1,0
83,129,ZD,2,2,2,0,0,0,0,2,2,2,2,2,1,0
83,130,ZD,2,2,2,0,0,0,0,2,2,2,2,2,1,0
83,131,ZD,2,2,2,0,0,0,0,2,2,2,2,2,1,0
83,132,ZD,2,2,2,1,0,0,-1,2,2,2,2,2,0,0
83,133,ZD,2,2,2,1,0,0,-1,2,2,2,2,2,0,0
83,134,ZD,2,2,2,1,0,0,-1,2,2,2,2,2,0,0
83,135,ZD,2,2,2,1,0,0,-1,2,2,2,2,2,0,0
83,136,ZD,2,2,2,1,0,0,-1,2,2,2,2,2,0,0
83,137,ZD,2,2,2,1,0,0,-1,2,2,2,2,2,0,0
83,138,ZD,2,2,2,1,0,0,-1,2,2,2,2,2,0,0
83,139,ZD,2,2,2,1,0,0,-1,2,2,2,2,2,0,0
83,140,ZD,2,2,2,0,0,0,0,2,2,2,2,2,1,0
83,141,ZD,2,2,2,0,0,0,0,2,2,2,2,2,1,0
83,142,ZD,2,2,2,0,0,0,0,2,2,2,2,2,1,0
83,143,ZD,2,2,2,0,0,0,0,2,2,2,2,2,1,0
83,144,ZD,2,2,2,1,0,0,-1,4,4,4,4,4,0,0
83,145,ZD,2,2,2,1,0,0,-1,4,4,4,4,4,0,0
83,146,ZD,2,2,2,1,0,0,-1,4,4,4,4,4,0,0
83,147,ZD,2,2,2,1,0,0,-1,4,4,4,4,4,0,0
83,148,ZD,2,2,3,1,0,0,-1,4,4,4,4,4,0,0
83,149,ZD,2,2,3,1,0,0,-1,4,4,4,4,4,0,0
83,150,ZD,2,2,3,1,0,0,-1,4,4,4,4,4,0,0
83,151,ZD,2,2,3,1,0,0,-1,4,4,4,4,4,0,0
83,152,ZD,2,2,3,1,0,0,-1,4,4,4,4,4,0,0
83,153,ZD,2,2,3,1,0,0,-1,4,4,4,4,4,0,0
83,154,ZD,2,2,3,1,0,0,-1,4,4,4,4,4,0,0
83,155,ZD,2,2,3,1,0,0,-1,4,4,4,4,4,0,0
83,156,ZD,2,2,2,1,0,0,-1,4,4,4,4,4,0,0
83,157,ZD,2,2,2,1,0,0,-1,4,4,4,4,4,0,0
83,158,ZD,2,2,2,1,0,0,-1,4,4,4,4,4,0,0
83,159,ZD,2,2,2,1,0,0,-1,4,4,4,4,4,0,0
83,160,ZD,2,2,2,1,0,0,-1,4,4,4,4,4,0,0
83,161,ZD,2,2,2,1,0,0,-1,4,4,4,4,4,0,0
83,162,ZD,2,2,2,1,0,0,-1,4,4,4,4,4,0,0
83,163,ZD,2,2,2,1,0,0,-1,4,4,4,4,4,0,0
83,164,ZD,3,2,3,0,0,0,-1,4,4,4,4,4,1,0
83,165,ZD,3,2,3,0,0,0,-1,4,4,4,4,4,1,0
83,166,ZD,3,2,3,0,0,0,-1,4,4,4,4,4,1,0
83,167,ZD,3,2,3,0,0,0,-1,4,4,4,4,4,1,0
83,168,ZD,2,2,3,1,0,0,-1,4,4,4,4,4,0,0
83,169,ZD,2,2,3,1,0,0,-1,4,4,4,4,4,0,0
83,170,ZD,2,2,3,1,0,0,-1,4,4,4,4,4,0,0
83,171,ZD,2,2,3,1,0,0,-1,4,4,4,4,4,0,0
83,172,ZD,2,2,3,1,0,0,-1,4,4,4,4,4,0,0
83,173,ZD,2,2,3,1,0,0,-1,4,4,4,4,4,0,0
83,174,ZD,2,2,3,1,0,0,-1,4,4,4,4,4,0,0
83,175,ZD,2,2,3,1,0,0,-1,4,4,4,4,4,0,0
83,176,ZD,2,2,2,0,0,0,0,4,4,4,4,4,1,0
83,177,ZD,2,2,2,0,0,0,0,4,4,4,4,4,1,0
83,178,ZD,2,2,2,0,0,0,0,4,4,4,4,4,1,0
83,179,ZD,2,2,2,0,0,0,0,4,4,4,4,4,1,0
83,180,ZD,2,2,2,0,0,0,0,2,2,2,2,2,1,0
83,181,ZD,2,2,2,0,0,0,0,2,2,2,2,2,1,0
83,182,ZD,2,2,2,0,0,0,0,2,2,2,2,2,1,0
83,183,ZD,2,2,2,0,0,0,0,2,2,2,2,2,1,0
83,184,ZD,2,2,2,1,0,0,-1,2,2,2,2,2,0,0
83,185,ZD,2,2,2,1,0,0,-1,2,2,2,2,2,0,0
83,186,ZD,2,2,2,1,0,0,-1,2,2,2,2,2,0,0
83,187,ZD,2,2,2,1,0,0,-1,2,2,2,2,2,0,0
83,188,ZD,2,2,2,1,0,0,-1,2,2,2,2,2,0,0
83,189,ZD,2,2,2,1,0,0,-1,2,2,2,2,2,0,0
83,190,ZD,2,2,2,1,0,0,-1,2,2,2,2,2,0,0
83,191,ZD,2,2,2,1,0,0,-1,2,2,2,2,2,0,0
83,192,INC,1,-1,-1,0,0,-1,-1,-1,-1,-1,-1,-1,0,1
83,193,INC,1,-1,-1,0,0,-1,-1,-1,-1,-1,-1,-1,0,1
83,194,INC,1,-1,-1,0,0,-1,-1,-1,-1,-1,-1,-1,0,1
83,195,INC,1,-1,-1,0,0,-1,-1,-1,-1,-1,-1,-1,0,1
83,196,ZD,2,2,2,1,0,0,-1,2,2,2,2,2,0,0
83,197,ZD,2,2,2,1,0,0,-1,2,2,2,2,2,0,0
83,198,ZD,2,2,2,1,0,0,-1,2,2,2,2,2,0,0
83,199,ZD,2,2,2,1,0,0,-1,2,2,2,2,2,0,0
84,85,POS,1,1,1,0,0,0,0,0,0,-1,-1,-1,0,1
84,86,POS,1,1,1,0,0,0,0,0,0,-1,-1,-1,0,1
84,87,POS,1,1,1,0,0,0,0,0,0,-1,-1,-1,0,1
84,88,ZD,2,2,2,1,0,0,0,2,2,2,2,2,0,0
84,89,ZD,2,2,2,1,0,0,0,2,2,2,2,2,0,0
84,90,ZD,2,2,2,1,0,0,-1,2,2,2,2,2,0,0
84,91,ZD,2,2,2,1,0,0,-1,2,2,2,2,2,0,0
84,92,ZD,2,2,2,1,0,0,-1,2,2,2,2,2,0,0
84,93,ZD,2,2,2,1,0,0,-1,2,2,2,2,2,0,0
84,94,ZD,2,2,2,1,0,0,0,2,2,2,2,2,0,0
84,95,ZD,2,2,2,1,0,0,0,2,2,2,2,2,0,0
84,96,POS,2,2,2,0,0,0,0,2,2,-1,-1,-1,0,1
84,97,POS,2,2,2,0,0,0,0,2,2,-1,-1,-1,0,1
84,98,POS,2,2,2,0,0,0,0,2,2,-1,-1,-1,0,1
84,99,POS,2,2,2,0,0,0,0,2,2,-1,-1,-1,0,1
84,100,POS,2,2,2,0,0,0,0,2,2,-1,-1,-1,0,1
84,101,POS,2,2,2,0,0,0,0,2,2,-1,-1,-1,0,1
84,102,POS,2,2,2,0,0,0,0,2,2,-1,-1,-1,0,1
84,103,POS,2,2,2,0,0,0,0,2,2,-1,-1,-1,0,1
84,104,ZD,2,2,2,0,0,0,0,4,4,4,2,4,1,0
84,105,ZD,2,2,2,0,0,0,0,4,4,4,2,4,1,0
84,106,ZD,2,2,2,0,0,0,-1,4,4,4,3,4,1,0
84,107,ZD,2,2,2,0,0,0,-1,4,4,4,3,4,1,0
84,108,ZD,2,2,2,0,0,0,-1,4,4,4,3,4,1,0
84,109,ZD,2,2,2,0,0,0,-1,4,4,4,3,4,1,0
84,110,ZD,2,2,2,0,0,0,0,4,4,4,2,4,1,0
84,111,ZD,2,2,2,0,0,0,0,4,4,4,2,4,1,0
84,112,ZD,2,2,2,1,0,0,0,2,2,1,1,1,0,0
84,113,ZD,2,2,2,1,0,0,-1,2,2,2,2,2,0,0
84,114,ZD,2,2,2,1,0,0,-1,2,2,2,2,2,0,0
84,115,ZD,2,2,2,1,0,0,0,2,2,1,1,1,0,0
84,116,ZD,2,2,2,1,0,0,0,2,2,1,1,1,0,0
84,117,ZD,2,2,2,1,0,0,-1,2,2,2,2,2,0,0
84,118,ZD,2,2,2,1,0,0,-1,2,2,2,2,2,0,0
84,119,ZD,2,2,2,1,0,0,0,2,2,1,1,1,0,0
84,120,ZD,2,2,2,0,0,0,-1,4,4,4,4,4,1,0
84,121,ZD,2,2,2,0,0,0,-1,4,4,4,4,4,1,0
84,122,ZD,2,2,2,0,0,0,-1,4,4,4,4,4,1,0
84,123,ZD,2,2,2,0,0,0,-1,4,4,4,4,4,1,0
84,124,ZD,2,2,2,0,0,0,-1,4,4,4,4,4,1,0
84,125,ZD,2,2,2,0,0,0,-1,4,4,4,4,4,1,0
84,126,ZD,2,2,2,0,0,0,-1,4,4,4,4,4,1,0
84,127,ZD,2,2,2,0,0,0,-1,4,4,4,4,4,1,0
84,128,POS,2,2,2,0,0,0,0,2,2,-1,-1,-1,0,1
84,129,POS,2,2,2,0,0,0,0,2,2,-1,-1,-1,0,1
84,130,POS,2,2,2,0,0,0,0,2,2,-1,-1,-1,0,1
84,131,POS,2,2,2,0,0,0,0,2,2,-1,-1,-1,0,1
84,132,ZD,2,2,2,0,0,0,-1,4,4,4,3,4,1,0
84,133,ZD,2,2,2,0,0,0,-1,4,4,4,3,4,1,0
84,134,ZD,2,2,2,0,0,0,-1,4,4,4,3,4,1,0
84,135,ZD,2,2,2,0,0,0,-1,4,4,4,3,4,1,0
84,136,ZD,2,2,2,0,0,0,-1,4,4,4,3,4,1,0
84,137,ZD,2,2,2,0,0,0,-1,4,4,4,3,4,1,0
84,138,ZD,2,2,2,0,0,0,-1,4,4,4,3,4,1,0
84,139,ZD,2,2,2,0,0,0,-1,4,4,4,3,4,1,0
84,140,ZD,2,2,2,0,0,0,-1,4,4,4,3,4,1,0
84,141,ZD,2,2,2,0,0,0,-1,4,4,4,3,4,1,0
84,142,ZD,2,2,2,0,0,0,-1,4,4,4,3,4,1,0
84,143,ZD,2,2,2,0,0,0,-1,4,4,4,3,4,1,0
84,144,ZD,2,2,2,1,0,0,-1,2,2,2,2,2,0,0
84,145,ZD,2,2,2,1,0,0,-1,2,2,2,2,2,0,0
84,146,ZD,2,2,2,1,0,0,-1,2,2,2,2,2,0,0
84,147,ZD,2,2,2,1,0,0,-1,2,2,2,2,2,0,0
84,148,ZD,2,2,2,1,0,0,0,2,2,1,1,1,0,0
84,149,ZD,2,2,2,1,0,0,-1,2,2,2,2,2,0,0
84,150,ZD,2,2,2,1,0,0,-1,2,2,2,2,2,0,0
84,151,ZD,2,2,2,1,0,0,0,2,2,1,1,1,0,0
84,152,ZD,2,2,2,1,0,0,0,2,2,1,1,1,0,0
84,153,ZD,2,2,2,1,0,0,-1,2,2,2,2,2,0,0
84,154,ZD,2,2,2,1,0,0,-1,2,2,2,2,2,0,0
84,155,ZD,2,2,2,1,0,0,0,2,2,1,1,1,0,0
84,156,ZD,2,2,2,0,0,0,-1,4,4,4,4,4,1,0
84,157,ZD,2,2,2,0,0,0,-1,4,4,4,4,4,1,0
84,158,ZD,2,2,2,0,0,0,-1,4,4,4,4,4,1,0
84,159,ZD,2,2,2,0,0,0,-1,4,4,4,4,4,1,0
84,160,ZD,2,2,2,0,0,0,-1,4,4,4,4,4,1,0
84,161,ZD,2,2,2,0,0,0,-1,4,4,4,4,4,1,0
84,162,ZD,2,2,2,0,0,0,-1,4,4,4,4,4,1,0
84,163,ZD,2,2,2,0,0,0,-1,4,4,4,4,4,1,0
84,164,POS,2,2,2,0,0,0,0,2,2,-1,-1,-1,0,1
84,165,POS,2,2,2,0,0,0,0,2,2,-1,-1,-1,0,1
84,166,POS,2,2,2,0,0,0,0,2,2,-1,-1,-1,0,1
84,167,POS,2,2,2,0,0,0,0,2,2,-1,-1,-1,0,1
84,168,ZD,2,2,2,0,0,0,-1,4,4,4,3,4,1,0
84,169,ZD,2,2,2,0,0,0,-1,4,4,4,3,4,1,0
84,170,ZD,2,2,2,0,0,0,-1,4,4,4,3,4,1,0
84,171,ZD,2,2,2,0,0,0,-1,4,4,4,3,4,1,0
84,172,ZD,2,2,2,0,0,0,-1,4,4,4,3,4,1,0
84,173,ZD,2,2,2,0,0,0,-1,4,4,4,3,4,1,0
84,174,ZD,2,2,2,0,0,0,-1,4,4,4,3,4,1,0
84,175,ZD,2,2,2,0,0,0,-1,4,4,4,3,4,1,0
84,176,ZD,2,2,2,0,0,0,-1,4,4,4,3,4,1,0
84,177,ZD,2,2,2,0,0,0,-1,4,4,4,3,4,1,0
84,178,ZD,2,2,2,0,0,0,-1,4,4,4,3,4,1,0
84,179,ZD,2,2,2,0,0,0,-1,4,4,4,3,4,1,0
84,180,POS,2,2,2,0,0,0,0,2,2,-1,-1,-1,0,1
84,181,ZD,2,2,2,1,0,0,0,2,2,2,2,2,0,0
84,182,ZD,2,2,2,1,0,0,0,2,2,2,2,2,0,0
84,183,POS,2,2,2,0,0,0,0,2,2,-1,-1,-1,0,1
84,184,ZD,2,3,2,0,0,0,0,4,4,4,3,4,1,0
84,185,ZD,2,3,2,0,0,0,0,4,4,4,3,4,1,0
84,186,ZD,2,3,2,0,0,0,0,4,4,4,4,4,1,0
84,187,ZD,2,3,2,0,0,0,0,4,4,4,4,4,1,0
84,188,ZD,2,3,2,0,0,0,0,4,4,4,4,4,1,0
84,189,ZD,2,3,2,0,0,0,0,4,4,4,4,4,1,0
84,190,ZD,2,3,2,0,0,0,0,4,4,4,3,4,1,0
84,191,ZD,2,3,2,0,0,0,0,4,4,4,3,4,1,0
84,192,ZD,2,2,2,0,0,0,0,4,4,4,4,4,1,0
84,193,ZD,2,2,2,0,0,0,0,4,4,4,4,4,1,0
84,194,ZD,2,2,2,0,0,0,0,4,4,4,4,4,1,0
84,195,ZD,2,2,2,0,0,0,0,4,4,4,4,4,1,0
84,196,ZD,2,3,2,0,0,0,0,4,4,4,3,4,1,0
84,197,ZD,2,3,2,0,0,0,0,4,4,4,3,4,1,0
84,198,ZD,2,3,2,0,0,0,0,4,4,4,3,4,1,0
84,199,ZD,2,3,2,0,0,0,0,4,4,4,3,4,1,0
85,86,POS,1,1,1,0,0,0,0,0,0,-1,-1,-1,0,1
85,87,POS,1,1,1,0,0,0,0,0,0,-1,-1,-1,0,1
85,88,ZD,2,2,2,1,0,0,-1,2,2,2,2,2,0,0
85,89,ZD,2,2,2,1,0,0,-1,2,2,2,2,2,0,0
85,90,ZD,2,2,2,1,0,0,0,2,2,2,2,2,0,0
85,91,ZD,2,2,2,1,0,0,0,2,2,2,2,2,0,0
85,92,ZD,2,2,2,1,0,0,0,2,2,2,2,2,0,0
85,93,ZD,2,2,2,1,0,0,0,2,2,2,2,2,0,0
85,94,ZD,2,2,2,1,0,0,-1,2,2,2,2,2,0,0
85,95,ZD,2,2,2,1,0,0,-1,2,2,2,2,2,0,0
85,96,POS,2,2,2,0,0,0,0,2,2,-1,-1,-1,0,1
85,97,POS,2,2,2,0,0,0,0,2,2,-1,-1,-1,0,1
85,98,POS,2,2,2,0,0,0,0,2,2,-1,-1,-1,0,1
85,99,POS,2,2,2,0,0,0,0,2,2,-1,-1,-1,0,1
85,100,POS,2,2,2,0,0,0,0,2,2,-1,-1,-1,0,1
85,101,POS,2,2,2,0,0,0,0,2,2,-1,-1,-1,0,1
85,102,POS,2,2,2,0,0,0,0,2,2,-1,-1,-1,0,1
85,103,POS,2,2,2,0,0,0,0,2,2,-1,-1,-1,0,1
85,104,ZD,2,2,2,0,0,0,-1,4,4,4,3,4,1,0
85,105,ZD,2,2,2,0,0,0,-1,4,4,4,3,4,1,0
85,106,ZD,2,2,2,0,0,0,0,4,4,4,2,4,1,0
85,107,ZD,2,2,2,0,0,0,0,4,4,4,2,4,1,0
85,108,ZD,2,2,2,0,0,0,0,4,4,4,2,4,1,0
85,109,ZD,2,2,2,0,0,0,0,4,4,4,2,4,1,0
85,110,ZD,2,2,2,0,0,0,-1,4,4,4,3,4,1,0
85,111,ZD,2,2,2,0,0,0,-1,4,4,4,3,4,1,0
85,112,ZD,2,2,2,1,0,0,-1,2,2,2,2,2,0,0
85,113,ZD,2,2,2,1,0,0,0,2,2,1,1,1,0,0
85,114,ZD,2,2,2,1,0,0,0,2,2,1,1,1,0,0
85,115,ZD,2,2,2,1,0,0,-1,2,2,2,2,2,0,0
85,116,ZD,2,2,2,1,0,0,-1,2,2,2,2,2,0,0
85,117,ZD,2,2,2,1,0,0,0,2,2,1,1,1,0,0
85,118,ZD,2,2,2,1,0,0,0,2,2,1,1,1,0,0
85,119,ZD,2,2,2,1,0,0,-1,2,2,2,2,2,0,0
85,120,ZD,2,2,2,0,0,0,-1,4,4,4,4,4,1,0
85,121,ZD,2,2,2,0,0,0,-1,4,4,4,4,4,1,0
85,122,ZD,2,2,2,0,0,0,-1,4,4,4,4,4,1,0
85,123,ZD,2,2,2,0,0,0,-1,4,4,4,4,4,1,0
85,124,ZD,2,2,2,0,0,0,-1,4,4,4,4,4,1,0
85,125,ZD,2,2,2,0,0,0,-1,4,4,4,4,4,1,0
85,126,ZD,2,2,2,0,0,0,-1,4,4,4,4,4,1,0
85,127,ZD,2,2,2,0,0,0,-1,4,4,4,4,4,1,0
85,128,POS,2,2,2,0,0,0,0,2,2,-1,-1,-1,0,1
85,129,POS,2,2,2,0,0,0,0,2,2,-1,-1,-1,0,1
85,130,POS,2,2,2,0,0,0,0,2,2,-1,-1,-1,0,1
85,131,POS,2,2,2,0,0,0,0,2,2,-1,-1,-1,0,1
85,132,ZD,2,2,2,0,0,0,-1,4,4,4,3,4,1,0
85,133,ZD,2,2,2,0,0,0,-1,4,4,4,3,4,1,0
85,134,ZD,2,2,2,0,0,0,-1,4,4,4,3,4,1,0
85,135,ZD,2,2,2,0,0,0,-1,4,4,4,3,4,1,0
85,136,ZD,2,2,2,0,0,0,-1,4,4,4,3,4,1,0
85,137,ZD,2,2,2,0,0,0,-1,4,4,4,3,4,1,0
85,138,ZD,2,2,2,0,0,0,-1,4,4,4,3,4,1,0
85,139,ZD,2,2,2,0,0,0,-1,4,4,4,3,4,1,0
85,140,ZD,2,2,2,0,0,0,-1,4,4,4,3,4,1,0
85,141,ZD,2,2,2,0,0,0,-1,4,4,4,3,4,1,0
85,142,ZD,2,2,2,0,0,0,-1,4,4,4,3,4,1,0
85,143,ZD,2,2,2,0,0,0,-1,4,4,4,3,4,1,0
85,144,ZD,2,2,2,1,0,0,-1,2,2,2,2,2,0,0
85,145,ZD,2,2,2,1,0,0,-1,2,2,2,2,2,0,0
85,146,ZD,2,2,2,1,0,0,-1,2,2,2,2,2,0,0
85,147,ZD,2,2,2,1,0,0,-1,2,2,2,2,2,0,0
85,148,ZD,2,2,2,1,0,0,-1,2,2,2,2,2,0,0
85,149,ZD,2,2,2,1,0,0,0,2,2,1,1,1,0,0
85,150,ZD,2,2,2,1,0,0,0,2,2,1,1,1,0,0
85,151,ZD,2,2,2,1,0,0,-1,2,2,2,2,2,0,0
85,152,ZD,2,2,2,1,0,0,-1,2,2,2,2,2,0,0
85,153,ZD,2,2,2,1,0,0,0,2,2,1,1,1,0,0
85,154,ZD,2,2,2,1,0,0,0,2,2,1,1,1,0,0
85,155,ZD,2,2,2,1,0,0,-1,2,2,2,2,2,0,0
85,156,ZD,2,2,2,0,0,0,-1,4,4,4,4,4,1,0
85,157,ZD,2,2,2,0,0,0,-1,4,4,4,4,4,1,0
85,158,ZD,2,2,2,0,0,0,-1,4,4,4,4,4,1,0
85,159,ZD,2,2,2,0,0,0,-1,4,4,4,4,4,1,0
85,160,ZD,2,2,2,0,0,0,-1,4,4,4,4,4,1,0
85,161,ZD,2,2,2,0,0,0,-1,4,4,4,4,4,1,0
85,162,ZD,2,2,2,0,0,0,-1,4,4,4,4,4,1,0
85,163,ZD,2,2,2,0,0,0,-1,4,4,4,4,4,1,0
85,164,POS,2,2,2,0,0,0,0,2,2,-1,-1,-1,0,1
85,165,POS,2,2,2,0,0,0,0,2,2,-1,-1,-1,0,1
85,166,POS,2,2,2,0,0,0,0,2,2,-1,-1,-1,0,1
85,167,POS,2,2,2,0,0,0,0,2,2,-1,-1,-1,0,1
85,168,ZD,2,2,2,0,0,0,-1,4,4,4,3,4,1,0
85,169,ZD,2,2,2,0,0,0,-1,4,4,4,3,4,1,0
85,170,ZD,2,2,2,0,0,0,-1,4,4,4,3,4,1,0
85,171,ZD,2,2,2,0,0,0,-1,4,4,4,3,4,1,0
85,172,ZD,2,2,2,0,0,0,-1,4,4,4,3,4,1,0
85,173,ZD,2,2,2,0,0,0,-1,4,4,4,3,4,1,0
85,174,ZD,2,2,2,0,0,0,-1,4,4,4,3,4,1,0
85,175,ZD,2,2,2,0,0,0,-1,4,4,4,3,4,1,0
85,176,ZD,2,2,2,0,0,0,-1,4,4,4,3,4,1,0
85,177,ZD,2,2,2,0,0,0,-1,4,4,4,3,4,1,0
85,178,ZD,2,2,2,0,0,0,-1,4,4,4,3,4,1,0
85,179,ZD,2,2,2,0,0,0,-1,4,4,4,3,4,1,0
85,180,ZD,2,2,2,1,0,0,0,2,2,2,2,2,0,0
85,181,POS,2,2,2,0,0,0,0,2,2,-1,-1,-1,0,1
85,182,POS,2,2,2,0,0,0,0,2,2,-1,-1,-1,0,1
85,183,ZD,2,2,2,1,0,0,0,2,2,2,2,2,0,0
85,184,ZD,2,3,2,0,0,0,0,4,4,4,4,4,1,0
85,185,ZD,2,3,2,0,0,0,0,4,4,4,4,4,1,0
85,186,ZD,2,3,2,0,0,0,0,4,4,4,3,4,1,0
85,187,ZD,2,3,2,0,0,0,0,4,4,4,3,4,1,0
85,188,ZD,2,3,2,0,0,0,0,4,4,4,3,4,1,0
85,189,ZD,2,3,2,0,0,0,0,4,4,4,3,4,1,0
85,190,ZD,2,3,2,0,0,0,0,4,4,4,4,4,1,0
85,191,ZD,2,3,2,0,0,0,0,4,4,4,4,4,1,0
85,192,ZD,2,2,2,0,0,0,0,4,4,4,4,4,1,0
85,193,ZD,2,2,2,0,0,0,0,4,4,4,4,4,1,0
85,194,ZD,2,2,2,0,0,0,0,4,4,4,4,4,1,0
85,195,ZD,2,2,2,0,0,0,0,4,4,4,4,4,1,0
85,196,ZD,2,3,2,0,0,0,0,4,4,4,3,4,1,0
85,197,ZD,2,3,2,0,0,0,0,4,4,4,3,4,1,0
85,198,ZD,2,3,2,0,0,0,0,4,4,4,3,4,1,0
85,199,ZD,2,3,2,0,0,0,0,4,4,4,3,4,1,0
86,87,POS,1,1,1,0,0,0,0,0,0,-1,-1,-1,0,1
86,88,ZD,2,2,2,1,0,0,-1,2,2,2,2,2,0,0
86,89,ZD,2,2,2,1,0,0,-1,2,2,2,2,2,0,0
86,90,ZD,2,2,2,1,0,0,0,2,2,2,2,2,0,0
86,91,ZD,2,2,2,1,0,0,0,2,2,2,2,2,0,0
86,92,ZD,2,2,2,1,0,0,0,2,2,2,2,2,0,0
86,93,ZD,2,2,2,1,0,0,0,2,2,2,2,2,0,0
86,94,ZD,2,2,2,1,0,0,-1,2,2,2,2,2,0,0
86,95,ZD,2,2,2,1,0,0,-1,2,2,2,2,2,0,0
86,96,POS,2,2,2,0,0,0,0,2,2,-1,-1,-1,0,1
86,97,POS,2,2,2,0,0,0,0,2,2,-1,-1,-1,0,1
86,98,POS,2,2,2,0,0,0,0,2,2,-1,-1,-1,0,1
86,99,POS,2,2,2,0,0,0,0,2,2,-1,-1,-1,0,1
86,100,POS,2,2,2,0,0,0,0,2,2,-1,-1,-1,0,1
86,101,POS,2,2,2,0,0,0,0,2,2,-1,-1,-1,0,1
86,102,POS,2,2,2,0,0,0,0,2,2,-1,-1,-1,0,1
86,103,POS,2,2,2,0,0,0,0,2,2,-1,-1,-1,0,1
86,104,ZD,2,2,2,0,0,0,-1,4,4,4,3,4,1,0
86,105,ZD,2,2,2,0,0,0,-1,4,4,4,3,4,1,0
86,106,ZD,2,2,2,0,0,0,0,4,4,4,2,4,1,0
86,107,ZD,2,2,2,0,0,0,0,4,4,4,2,4,1,0
86,108,ZD,2,2,2,0,0,0,0,4,4,4,2,4,1,0
86,109,ZD,2,2,2,0,0,0,0,4,4,4,2,4,1,0
86,110,ZD,2,2,2,0,0,0,-1,4,4,4,3,4,1,0
86,111,ZD,2,2,2,0,0,0,-1,4,4,4,3,4,1,0
86,112,ZD,2,2,2,1,0,0,-1,2,2,2,2,2,0,0
86,113,ZD,2,2,2,1,0,0,0,2,2,1,1,1,0,0
86,114,ZD,2,2,2,1,0,0,0,2,2,1,1,1,0,0
86,115,ZD,2,2,2,1,0,0,-1,2,2,2,2,2,0,0
86,116,ZD,2,2,2,1,0,0,-1,2,2,2,2,2,0,0
86,117,ZD,2,2,2,1,0,0,0,2,2,1,1,1,0,0
86,118,ZD,2,2,2,1,0,0,0,2,2,1,1,1,0,0
86,119,ZD,2,2,2,1,0,0,-1,2,2,2,2,2,0,0
86,120,ZD,2,2,2,0,0,0,-1,4,4,4,4,4,1,0
86,121,ZD,2,2,2,0,0,0,-1,4,4,4,4,4,1,0
86,122,ZD,2,2,2,0,0,0,-1,4,4,4,4,4,1,0
86,123,ZD,2,2,2,0,0,0,-1,4,4,4,4,4,1,0
86,124,ZD,2,2,2,0,0,0,-1,4,4,4,4,4,1,0
86,125,ZD,2,2,2,0,0,0,-1,4,4,4,4,4,1,0
86,126,ZD,2,2,2,0,0,0,-1,4,4,4,4,4,1,0
86,127,ZD,2,2,2,0,0,0,-1,4,4,4,4,4,1,0
86,128,POS,2,2,2,0,0,0,0,2,2,-1,-1,-1,0,1
86,129,POS,2,2,2,0,0,0,0,2,2,-1,-1,-1,0,1
86,130,POS,2,2,2,0,0,0,0,2,2,-1,-1,-1,0,1
86,131,POS,2,2,2,0,0,0,0,2,2,-1,-1,-1,0,1
86,132,ZD,2,2,2,0,0,0,-1,4,4,4,3,4,1,0
86,133,ZD,2,2,2,0,0,0,-1,4,4,4,3,4,1,0
86,134,ZD,2,2,2,0,0,0,-1,4,4,4,3,4,1,0
86,135,ZD,2,2,2,0,0,0,-1,4,4,4,3,4,1,0
86,136,ZD,2,2,2,0,0,0,-1,4,4,4,3,4,1,0
86,137,ZD,2,2,2,0,0,0,-1,4,4,4,3,4,1,0
86,138,ZD,2,2,2,0,0,0,-1,4,4,4,3,4,1,0
86,139,ZD,2,2,2,0,0,0,-1,4,4,4,3,4,1,0
86,140,ZD,2,2,2,0,0,0,-1,4,4,4,3,4,1,0
86,141,ZD,2,2,2,0,0,0,-1,4,4,4,3,4,1,0
86,142,ZD,2,2,2,0,0,0,-1,4,4,4,3,4,1,0
86,143,ZD,2,2,2,0,0,0,-1,4,4,4,3,4,1,0
86,144,ZD,2,2,2,1,0,0,-1,2,2,2,2,2,0,0
86,145,ZD,2,2,2,1,0,0,-1,2,2,2,2,2,0,0
86,146,ZD,2,2,2,1,0,0,-1,2,2,2,2,2,0,0
86,147,ZD,2,2,2,1,0,0,-1,2,2,2,2,2,0,0
86,148,ZD,2,2,2,1,0,0,-1,2,2,2,2,2,0,0
86,149,ZD,2,2,2,1,0,0,0,2,2,1,1,1,0,0
86,150,ZD,2,2,2,1,0,0,0,2,2,1,1,1,0,0
86,151,ZD,2,2,2,1,0,0,-1,2,2,2,2,2,0,0
86,152,ZD,2,2,2,1,0,0,-1,2,2,2,2,2,0,0
86,153,ZD,2,2,2,1,0,0,0,2,2,1,1,1,0,0
86,154,ZD,2,2,2,1,0,0,0,2,2,1,1,1,0,0
86,155,ZD,2,2,2,1,0,0,-1,2,2,2,2,2,0,0
86,156,ZD,2,2,2,0,0,0,-1,4,4,4,4,4,1,0
86,157,ZD,2,2,2,0,0,0,-1,4,4,4,4,4,1,0
86,158,ZD,2,2,2,0,0,0,-1,4,4,4,4,4,1,0
86,159,ZD,2,2,2,0,0,0,-1,4,4,4,4,4,1,0
86,160,ZD,2,2,2,0,0,0,-1,4,4,4,4,4,1,0
86,161,ZD,2,2,2,0,0,0,-1,4,4,4,4,4,1,0
86,162,ZD,2,2,2,0,0,0,-1,4,4,4,4,4,1,0
86,163,ZD,2,2,2,0,0,0,-1,4,4,4,4,4,1,0
86,164,POS,2,2,2,0,0,0,0,2,2,-1,-1,-1,0,1
86,165,POS,2,2,2,0,0,0,0,2,2,-1,-1,-1,0,1
86,166,POS,2,2,2,0,0,0,0,2,2,-1,-1,-1,0,1
86,167,POS,2,2,2,0,0,0,0,2,2,-1,-1,-1,0,1
86,168,ZD,2,2,2,0,0,0,-1,4,4,4,3,4,1,0
86,169,ZD,2,2,2,0,0,0,-1,4,4,4,3,4,1,0
86,170,ZD,2,2,2,0,0,0,-1,4,4,4,3,4,1,0
86,171,ZD,2,2,2,0,0,0,-1,4,4,4,3,4,1,0
86,172,ZD,2,2,2,0,0,0,-1,4,4,4,3,4,1,0
86,173,ZD,2,2,2,0,0,0,-1,4,4,4,3,4,1,0
86,174,ZD,2,2,2,0,0,0,-1,4,4,4,3,4,1,0
86,175,ZD,2,2,2,0,0,0,-1,4,4,4,3,4,1,0
86,176,ZD,2,2,2,0,0,0,-1,4,4,4,3,4,1,0
86,177,ZD,2,2,2,0,0,0,-1,4,4,4,3,4,1,0
86,178,ZD,2,2,2,0,0,0,-1,4,4,4,3,4,1,0
86,179,ZD,2,2,2,0,0,0,-1,4,4,4,3,4,1,0
86,180,ZD,2,2,2,1,0,0,0,2,2,2,2,2,0,0
86,181,POS,2,2,2,0,0,0,0,2,2,-1,-1,-1,0,1
86,182,POS,2,2,2,0,0,0,0,2,2,-1,-1,-1,0,1
86,183,ZD,2,2,2,1,0,0,0,2,2,2,2,2,0,0
86,184,ZD,2,3,2,0,0,0,0,4,4,4,4,4,1,0
86,185,ZD,2,3,2,0,0,0,0,4,4,4,4,4,1,0
86,186,ZD,2,3,2,0,0,0,0,4,4,4,3,4,1,0
86,187,ZD,2,3,2,0,0,0,0,4,4,4,3,4,1,0
86,188,ZD,2,3,2,0,0,0,0,4,4,4,3,4,1,0
86,189,ZD,2,3,2,0,0,0,0,4,4,4,3,4,1,0
86,190,ZD,2,3,2,0,0,0,0,4,4,4,4,4,1,0
86,191,ZD,2,3,2,0,0,0,0,4,4,4,4,4,1,0
86,192,ZD,2,2,2,0,0,0,0,4,4,4,4,4,1,0
86,193,ZD,2,2,2,0,0,0,0,4,4,4,4,4,1,0
86,194,ZD,2,2,2,0,0,0,0,4,4,4,4,4,1,0
86,195,ZD,2,2,2,0,0,0,0,4,4,4,4,4,1,0
86,196,ZD,2,3,2,0,0,0,0,4,4,4,3,4,1,0
86,197,ZD,2,3,2,0,0,0,0,4,4,4,3,4,1,0
86,198,ZD,2,3,2,0,0,0,0,4,4,4,3,4,1,0
86,199,ZD,2,3,2,0,0,0,0,4,4,4,3,4,1,0
87,88,ZD,2,2,2,1,0,0,0,2,2,2,2,2,0,0
87,89,ZD,2,2,2,1,0,0,0,2,2,2,2,2,0,0
87,90,ZD,2,2,2,1,0,0,-1,2,2,2,2,2,0,0
87,91,ZD,2,2,2,1,0,0,-1,2,2,2,2,2,0,0
87,92,ZD,2,2,2,1,0,0,-1,2,2,2,2,2,0,0
87,93,ZD,2,2,2,1,0,0,-1,2,2,2,2,2,0,0
87,94,ZD,2,2,2,1,0,0,0,2,2,2,2,2,0,0
87,95,ZD,2,2,2,1,0,0,0,2,2,2,2,2,0,0
87,96,POS,2,2,2,0,0,0,0,2,2,-1,-1,-1,0,1
87,97,POS,2,2,2,0,0,0,0,2,2,-1,-1,-1,0,1
87,98,POS,2,2,2,0,0,0,0,2,2,-1,-1,-1,0,1
87,99,POS,2,2,2,0,0,0,0,2,2,-1,-1,-1,0,1
87,100,POS,2,2,2,0,0,0,0,2,2,-1,-1,-1,0,1
87,101,POS,2,2,2,0,0,0,0,2,2,-1,-1,-1,0,1
87,102,POS,2,2,2,0,0,0,0,2,2,-1,-1,-1,0,1
87,103,POS,2,2,2,0,0,0,0,2,2,-1,-1,-1,0,1
87,104,ZD,2,2,2,0,0,0,0,4,4,4,2,4,1,0
87,105,ZD,2,2,2,0,0,0,0,4,4,4,2,4,1,0
87,106,ZD,2,2,2,0,0,0,-1,4,4,4,3,4,1,0
87,107,ZD,2,2,2,0,0,0,-1,4,4,4,3,4,1,0
87,108,ZD,2,2,2,0,0,0,-1,4,4,4,3,4,1,0
87,109,ZD,2,2,2,0,0,0,-1,4,4,4,3,4,1,0
87,110,ZD,2,2,2,0,0,0,0,4,4,4,2,4,1,0
87,111,ZD,2,2,2,0,0,0,0,4,4,4,2,4,1,0
87,112,ZD,2,2,2,1,0,0,0,2,2,1,1,1,0,0
87,113,ZD,2,2,2,1,0,0,-1,2,2,2,2,2,0,0
87,114,ZD,2,2,2,1,0,0,-1,2,2,2,2,2,0,0
87,115,ZD,2,2,2,1,0,0,0,2,2,1,1,1,0,0
87,116,ZD,2,2,2,1,0,0,0,2,2,1,1,1,0,0
87,117,ZD,2,2,2,1,0,0,-1,2,2,2,2,2,0,0
87,118,ZD,2,2,2,1,0,0,-1,2,2,2,2,2,0,0
87,119,ZD,2,2,2,1,0,0,0,2,2,1,1,1,0,0
87,120,ZD,2,2,2,0,0,0,-1,4,4,4,4,4,1,0
87,121,ZD,2,2,2,0,0,0,-1,4,4,4,4,4,1,0
87,122,ZD,2,2,2,0,0,0,-1,4,4,4,4,4,1,0
87,123,ZD,2,2,2,0,0,0,-1,4,4,4,4,4,1,0
87,124,ZD,2,2,2,0,0,0,-1,4,4,4,4,4,1,0
87,125,ZD,2,2,2,0,0,0,-1,4,4,4,4,4,1,0
87,126,ZD,2,2,2,0,0,0,-1,4,4,4,4,4,1,0
87,127,ZD,2,2,2,0,0,0,-1,4,4,4,4,4,1,0
87,128,POS,2,2,2,0,0,0,0,2,2,-1,-1,-1,0,1
87,129,POS,2,2,2,0,0,0,0,2,2,-1,-1,-1,0,1
87,130,POS,2,2,2,0,0,0,0,2,2,-1,-1,-1,0,1
87,131,POS,2,2,2,0,0,0,0,2,2,-1,-1,-1,0,1
87,132,ZD,2,2,2,0,0,0,-1,4,4,4,3,4,1,0
87,133,ZD,2,2,2,0,0,0,-1,4,4,4,3,4,1,0
87,134,ZD,2,2,2,0,0,0,-1,4,4,4,3,4,1,0
87,135,ZD,2,2,2,0,0,0,-1,4,4,4,3,4,1,0
87,136,ZD,2,2,2,0,0,0,-1,4,4,4,3,4,1,0
87,137,ZD,2,2,2,0,0,0,-1,4,4,4,3,4,1,0
87,138,ZD,2,2,2,0,0,0,-1,4,4,4,3,4,1,0
87,139,ZD,2,2,2,0,0,0,-1,4,4,4,3,4,1,0
87,140,ZD,2,2,2,0,0,0,-1,4,4,4,3,4,1,0
87,141,ZD,2,2,2,0,0,0,-1,4,4,4,3,4,1,0
87,142,ZD,2,2,2,0,0,0,-1,4,4,4,3,4,1,0
87,143,ZD,2,2,2,0,0,0,-1,4,4,4,3,4,1,0
87,144,ZD,2,2,2,1,0,0,-1,2,2,2,2,2,0,0
87,145,ZD,2,2,2,1,0,0,-1,2,2,2,2,2,0,0
87,146,ZD,2,2,2,1,0,0,-1,2,2,2,2,2,0,0
87,147,ZD,2,2,2,1,0,0,-1,2,2,2,2,2,0,0
87,148,ZD,2,2,2,1,0,0,0,2,2,1,1,1,0,0
87,149,ZD,2,2,2,1,0,0,-1,2,2,2,2,2,0,0
87,150,ZD,2,2,2,1,0,0,-1,2,2,2,2,2,0,0
87,151,ZD,2,2,2,1,0,0,0,2,2,1,1,1,0,0
87,152,ZD,2,2,2,1,0,0,0,2,2,1,1,1,0,0
87,153,ZD,2,2,2,1,0,0,-1,2,2,2,2,2,0,0
87,154,ZD,2,2,2,1,0,0,-1,2,2,2,2,2,0,0
87,155,ZD,2,2,2,1,0,0,0,2,2,1,1,1,0,0
87,156,ZD,2,2,2,0,0,0,-1,4,4,4,4,4,1,0
87,157,ZD,2,2,2,0,0,0,-1,4,4,4,4,4,1,0
87,158,ZD,2,2,2,0,0,0,-1,4,4,4,4,4,1,0
87,159,ZD,2,2,2,0,0,0,-1,4,4,4,4,4,1,0
87,160,ZD,2,2,2,0,0,0,-1,4,4,4,4,4,1,0
87,161,ZD,2,2,2,0,0,0,-1,4,4,4,4,4,1,0
87,162,ZD,2,2,2,0,0,0,-1,4,4,4,4,4,1,0
87,163,ZD,2,2,2,0,0,0,-1,4,4,4,4,4,1,0
87,164,POS,2,2,2,0,0,0,0,2,2,-1,-1,-1,0,1
87,165,POS,2,2,2,0,0,0,0,2,2,-1,-1,-1,0,1
87,166,POS,2,2,2,0,0,0,0,2,2,-1,-1,-1,0,1
87,167,POS,2,2,2,0,0,0,0,2,2,-1,-1,-1,0,1
87,168,ZD,2,2,2,0,0,0,-1,4,4,4,3,4,1,0
87,169,ZD,2,2,2,0,0,0,-1,4,4,4,3,4,1,0
87,170,ZD,2,2,2,0,0,0,-1,4,4,4,3,4,1,0
87,171,ZD,2,2,2,0,0,0,-1,4,4,4,3,4,1,0
87,172,ZD,2,2,2,0,0,0,-1,4,4,4,3,4,1,0
87,173,ZD,2,2,2,0,0,0,-1,4,4,4,3,4,1,0
87,174,ZD,2,2,2,0,0,0,-1,4,4,4,3,4,1,0
87,175,ZD,2,2,2,0,0,0,-1,4,4,4,3,4,1,0
87,176,ZD,2,2,2,0,0,0,-1,4,4,4,3,4,1,0
87,177,ZD,2,2,2,0,0,0,-1,4,4,4,3,4,1,0
87,178,ZD,2,2,2,0,0,0,-1,4,4,4,3,4,1,0
87,179,ZD,2,2,2,0,0,0,-1,4,4,4,3,4,1,0
87,180,POS,2,2,2,0,0,0,0,2,2,-1,-1,-1,0,1
87,181,ZD,2,2,2,1,0,0,0,2,2,2,2,2,0,0
87,182,ZD,2,2,2,1,0,0,0,2,2,2,2,2,0,0
87,183,POS,2,2,2,0,0,0,0,2,2,-1,-1,-1,0,1
87,184,ZD,2,3,2,0,0,0,0,4,4,4,3,4,1,0
87,185,ZD,2,3,2,0,0,0,0,4,4,4,3,4,1,0
87,186,ZD,2,3,2,0,0,0,0,4,4,4,4,4,1,0
87,187,ZD,2,3,2,0,0,0,0,4,4,4,4,4,1,0
87,188,ZD,2,3,2,0,0,0,0,4,4,4,4,4,1,0
87,189,ZD,2,3,2,0,0,0,0,4,4,4,4,4,1,0
87,190,ZD,2,3,2,0,0,0,0,4,4,4,3,4,1,0
87,191,ZD,2,3,2,0,0,0,0,4,4,4,3,4,1,0
87,192,ZD,2,2,2,0,0,0,0,4,4,4,4,4,1,0
87,193,ZD,2,2,2,0,0,0,0,4,4,4,4,4,1,0
87,194,ZD,2,2,2,0,0,0,0,4,4,4,4,4,1,0
87,195,ZD,2,2,2,0,0,0,0,4,4,4,4,4,1,0
87,196,ZD,2,3,2,0,0,0,0,4,4,4,3,4,1,0
87,197,ZD,2,3,2,0,0,0,0,4,4,4,3,4,1,0
87,198,ZD,2,3,2,0,0,0,0,4,4,4,3,4,1,0
87,199,ZD,2,3,2,0,0,0,0,4,4,4,3,4,1,0
88,89,ZD,2,2,2,1,0,0,0,2,2,2,2,2,0,0
88,90,ZD,2,2,2,1,0,0,-1,2,2,1,1,1,0,0
88,91,ZD,2,2,2,1,0,0,0,1,1,1,1,1,0,0
88,92,ZD,2,2,2,1,0,0,0,1,1,1,1,1,0,0
88,93,ZD,2,2,2,1,0,0,-1,2,2,1,1,1,0,0
88,94,ZD,2,2,2,1,0,0,0,2,2,2,2,2,0,0
88,95,POS,1,1,1,0,0,-1,-1,-1,-1,-1,-1,-1,0,1
88,96,ZD,2,3,3,1,0,0,-1,3,3,3,3,3,0,0
88,97,ZD,2,3,3,1,0,0,-1,3,3,2,2,2,0,0
88,98,ZD,2,2,3,1,0,0,-1,3,3,3,3,3,0,0
88,99,ZD,2,2,3,1,0,0,-1,3,3,3,3,3,0,0
88,100,ZD,2,2,3,1,0,0,-1,3,3,3,3,3,0,0
88,101,ZD,2,2,3,1,0,0,-1,3,3,3,3,3,0,0
88,102,ZD,2,3,3,1,0,0,-1,3,3,2,2,2,0,0
88,103,ZD,2,3,3,1,0,0,-1,3,3,3,3,3,0,0
88,104,ZD,2,2,2,1,0,0,-1,4,4,4,4,4,0,0
88,105,ZD,2,2,2,1,0,0,-1,4,4,4,4,4,0,0
88,106,ZD,2,2,2,1,0,0,-1,4,4,4,4,4,0,0
88,107,ZD,2,2,2,1,0,0,-1,4,4,4,4,4,0,0
88,108,ZD,2,2,2,1,0,0,-1,4,4,4,4,4,0,0
88,109,ZD,2,2,2,1,0,0,-1,4,4,4,4,4,0,0
88,110,ZD,2,2,2,1,0,0,-1,4,4,4,4,4,0,0
88,111,ZD,2,2,2,1,0,0,-1,4,4,4,4,4,0,0
88,112,ZD,2,2,3,1,0,0,-1,3,3,2,2,2,0,0
88,113,ZD,2,2,3,1,0,0,-1,3,3,1,1,1,0,0
88,114,ZD,2,2,3,1,0,0,-1,3,3,3,3,3,0,0
88,115,ZD,2,2,3,1,0,0,-1,3,3,3,3,3,0,0
88,116,ZD,2,2,3,1,0,0,-1,3,3,3,3,3,0,0
88,117,ZD,2,2,3,1,0,0,-1,3,3,3,3,3,0,0
88,118,ZD,2,2,3,1,0,0,-1,3,3,1,1,1,0,0
88,119,ZD,2,2,3,1,0,0,-1,3,3,2,2,2,0,0
88,120,ZD,2,2,2,1,0,0,-1,4,4,2,2,2,0,0
88,121,ZD,2,2,2,1,0,0,-1,4,4,3,3,3,0,0
88,122,ZD,2,2,2,1,0,0,-1,4,4,4,4,4,0,0
88,123,ZD,2,2,2,1,0,0,-1,4,4,4,4,4,0,0
88,124,ZD,2,2,2,1,0,0,-1,4,4,4,4,4,0,0
88,125,ZD,2,2,2,1,0,0,-1,4,4,4,4,4,0,0
88,126,ZD,2,2,2,1,0,0,-1,4,4,3,3,3,0,0
88,127,ZD,2,2,2,1,0,0,-1,4,4,2,2,2,0,0
88,128,ZD,2,3,3,1,0,0,-1,3,3,3,3,3,0,0
88,129,ZD,2,3,3,1,0,0,-1,3,3,3,3,3,0,0
88,130,ZD,2,3,3,1,0,0,-1,3,3,3,3,3,0,0
88,131,ZD,2,3,3,1,0,0,-1,3,3,3,3,3,0,0
88,132,ZD,2,2,2,1,0,0,-1,4,4,4,4,4,0,0
88,133,ZD,2,2,2,1,0,0,-1,4,4,4,4,4,0,0
88,134,ZD,2,2,2,1,0,0,-1,4,4,4,4,4,0,0
88,135,ZD,2,2,2,1,0,0,-1,4,4,4,4,4,0,0
88,136,ZD,2,2,2,1,0,0,-1,4,4,4,4,4,0,0
88,137,ZD,2,2,2,1,0,0,-1,4,4,4,4,4,0,0
88,138,ZD,2,2,2,1,0,0,-1,4,4,4,4,4,0,0
88,139,ZD,2,2,2,1,0,0,-1,4,4,4,4,4,0,0
88,140,ZD,2,2,2,1,0,0,-1,4,4,4,4,4,0,0
88,141,ZD,2,2,2,1,0,0,-1,4,4,4,4,4,0,0
88,142,ZD,2,2,2,1,0,0,-1,4,4,4,4,4,0,0
88,143,ZD,2,2,2,1,0,0,-1,4,4,4,4,4,0,0
88,144,ZD,2,2,2,1,0,0,0,1,1,1,1,1,0,0
88,145,ZD,2,2,2,1,0,0,-1,2,2,2,2,2,0,0
88,146,ZD,2,2,2,1,0,0,-1,2,2,2,2,2,0,0
88,147,ZD,2,2,2,1,0,0,0,1,1,1,1,1,0,0
88,148,ZD,2,3,3,1,0,0,-1,3,3,3,3,3,0,0
88,149,ZD,2,3,3,1,0,0,-1,3,3,3,3,3,0,0
88,150,ZD,2,2,3,1,0,0,-1,3,3,3,3,3,0,0
88,151,ZD,2,2,3,1,0,0,-1,3,3,3,3,3,0,0
88,152,ZD,2,2,3,1,0,0,-1,3,3,3,3,3,0,0
88,153,ZD,2,2,3,1,0,0,-1,3,3,3,3,3,0,0
88,154,ZD,2,3,3,1,0,0,-1,3,3,3,3,3,0,0
88,155,ZD,2,3,3,1,0,0,-1,3,3,3,3,3,0,0
88,156,ZD,2,2,2,1,0,0,-1,4,4,4,4,4,0,0
88,157,ZD,2,2,2,1,0,0,-1,4,4,4,4,4,0,0
88,158,ZD,2,2,2,1,0,0,-1,4,4,4,4,4,0,0
88,159,ZD,2,2,2,1,0,0,-1,4,4,4,4,4,0,0
88,160,ZD,2,2,2,1,0,0,-1,4,4,4,4,4,0,0
88,161,ZD,2,2,2,1,0,0,-1,4,4,4,4,4,0,0
88,162,ZD,2,2,2,1,0,0,-1,4,4,4,4,4,0,0
88,163,ZD,2,2,2,1,0,0,-1,4,4,4,4,4,0,0
88,164,ZD,2,2,3,1,0,0,-1,3,3,1,1,1,0,0
88,165,ZD,2,2,3,1,0,0,-1,3,3,2,2,2,0,0
88,166,ZD,2,2,3,1,0,0,-1,3,3,2,2,2,0,0
88,167,ZD,2,2,3,1,0,0,-1,3,3,1,1,1,0,0
88,168,ZD,2,3,2,1,0,0,-1,4,4,3,3,3,0,0
88,169,ZD,2,2,2,1,0,0,-1,4,4,3,3,3,0,0
88,170,ZD,2,2,2,1,0,0,-1,4,4,3,3,3,0,0
88,171,ZD,2,3,2,1,0,0,-1,4,4,3,3,3,0,0
88,172,ZD,2,3,2,1,0,0,-1,4,4,3,3,3,0,0
88,173,ZD,2,2,2,1,0,0,-1,4,4,3,3,3,0,0
88,174,ZD,2,2,2,1,0,0,-1,4,4,3,3,3,0,0
88,175,ZD,2,3,2,1,0,0,-1,4,4,3,3,3,0,0
88,176,ZD,2,2,2,1,0,0,-1,4,4,3,3,3,0,0
88,177,ZD,2,2,2,1,0,0,-1,4,4,2,2,2,0,0
88,178,ZD,2,2,2,1,0,0,-1,4,4,2,2,2,0,0
88,179,ZD,2,2,2,1,0,0,-1,4,4,3,3,3,0,0
88,180,ZD,2,3,3,1,0,0,-1,3,3,2,2,2,0,0
88,181,ZD,2,3,3,1,0,0,-1,3,3,3,3,3,0,0
88,182,ZD,2,3,3,1,0,0,-1,3,3,3,3,3,0,0
88,183,ZD,2,3,3,1,0,0,-1,3,3,2,2,2,0,0
88,184,ZD,2,3,2,1,0,0,-1,4,4,3,3,3,0,0
88,185,ZD,2,3,2,1,0,0,-1,4,4,2,2,2,0,0
88,186,ZD,2,3,2,1,0,0,-1,4,4,4,4,4,0,0
88,187,ZD,2,3,2,1,0,0,-1,4,4,4,4,4,0,0
88,188,ZD,2,3,2,1,0,0,-1,4,4,4,4,4,0,0
88,189,ZD,2,3,2,1,0,0,-1,4,4,4,4,4,0,0
88,190,ZD,2,3,2,1,0,0,-1,4,4,2,2,2,0,0
88,191,ZD,2,3,2,1,0,0,-1,4,4,3,3,3,0,0
88,192,ZD,2,2,2,1,0,0,-1,4,4,4,4,4,0,0
88,193,ZD,2,2,2,1,0,0,-1,4,4,4,4,4,0,0
88,194,ZD,2,2,2,1,0,0,-1,4,4,4,4,4,0,0
88,195,ZD,2,2,2,1,0,0,-1,4,4,4,4,4,0,0
88,196,ZD,2,3,2,1,0,0,-1,4,4,2,2,2,0,0
88,197,ZD,2,3,2,1,0,0,-1,4,4,3,3,3,0,0
88,198,ZD,2,3,2,1,0,0,-1,4,4,3,3,3,0,0
88,199,ZD,2,3,2,1,0,0,-1,4,4,2,2,2,0,0
89,90,ZD,2,2,2,1,0,0,0,1,1,1,1,1,0,0
89,91,ZD,2,2,2,1,0,0,-1,2,2,1,1,1,0,0
89,92,ZD,2,2,2,1,0,0,-1,2,2,1,1,1,0,0
89,93,ZD,2,2,2,1,0,0,0,1,1,1,1,1,0,0
89,94,POS,1,1,1,0,0,-1,-1,-1,-1,-1,-1,-1,0,1
89,95,ZD,2,2,2,1,0,0,0,2,2,2,2,2,0,0
89,96,ZD,2,3,3,1,0,0,-1,3,3,2,2,2,0,0
89,97,ZD,2,3,3,1,0,0,-1,3,3,3,3,3,0,0
89,98,ZD,2,2,3,1,0,0,-1,3,3,3,3,3,0,0
89,99,ZD,2,2,3,1,0,0,-1,3,3,3,3,3,0,0
89,100,ZD,2,2,3,1,0,0,-1,3,3,3,3,3,0,0
89,101,ZD,2,2,3,1,0,0,-1,3,3,3,3,3,0,0
89,102,ZD,2,3,3,1,0,0,-1,3,3,3,3,3,0,0
89,103,ZD,2,3,3,1,0,0,-1,3,3,2,2,2,0,0
89,104,ZD,2,2,2,1,0,0,-1,4,4,4,4,4,0,0
89,105,ZD,2,2,2,1,0,0,-1,4,4,4,4,4,0,0
89,106,ZD,2,2,2,1,0,0,-1,4,4,4,4,4,0,0
89,107,ZD,2,2,2,1,0,0,-1,4,4,4,4,4,0,0
89,108,ZD,2,2,2,1,0,0,-1,4,4,4,4,4,0,0
89,109,ZD,2,2,2,1,0,0,-1,4,4,4,4,4,0,0
89,110,ZD,2,2,2,1,0,0,-1,4,4,4,4,4,0,0
89,111,ZD,2,2,2,1,0,0,-1,4,4,4,4,4,0,0
89,112,ZD,2,2,3,1,0,0,-1,3,3,3,3,3,0,0
89,113,ZD,2,2,3,1,0,0,-1,3,3,3,3,3,0,0
89,114,ZD,2,2,3,1,0,0,-1,3,3,1,1,1,0,0
89,115,ZD,2,2,3,1,0,0,-1,3,3,2,2,2,0,0
89,116,ZD,2,2,3,1,0,0,-1,3,3,2,2,2,0,0
89,117,ZD,2,2,3,1,0,0,-1,3,3,1,1,1,0,0
89,118,ZD,2,2,3,1,0,0,-1,3,3,3,3,3,0,0
89,119,ZD,2,2,3,1,0,0,-1,3,3,3,3,3,0,0
89,120,ZD,2,2,2,1,0,0,-1,4,4,4,4,4,0,0
89,121,ZD,2,2,2,1,0,0,-1,4,4,4,4,4,0,0
89,122,ZD,2,2,2,1,0,0,-1,4,4,2,2,2,0,0
89,123,ZD,2,2,2,1,0,0,-1,4,4,3,3,3,0,0
89,124,ZD,2,2,2,1,0,0,-1,4,4,3,3,3,0,0
89,125,ZD,2,2,2,1,0,0,-1,4,4,2,2,2,0,0
89,126,ZD,2,2,2,1,0,0,-1,4,4,4,4,4,0,0
89,127,ZD,2,2,2,1,0,0,-1,4,4,4,4,4,0,0
89,128,ZD,2,3,3,1,0,0,-1,3,3,3,3,3,0,0
89,129,ZD,2,3,3,1,0,0,-1,3,3,3,3,3,0,0
89,130,ZD,2,3,3,1,0,0,-1,3,3,3,3,3,0,0
89,131,ZD,2,3,3,1,0,0,-1,3,3,3,3,3,0,0
89,132,ZD,2,2,2,1,0,0,-1,4,4,4,4,4,0,0
89,133,ZD,2,2,2,1,0,0,-1,4,4,4,4,4,0,0
89,134,ZD,2,2,2,1,0,0,-1,4,4,4,4,4,0,0
89,135,ZD,2,2,2,1,0,0,-1,4,4,4,4,4,0,0
89,136,ZD,2,2,2,1,0,0,-1,4,4,4,4,4,0,0
89,137,ZD,2,2,2,1,0,0,-1,4,4,4,4,4,0,0
89,138,ZD,2,2,2,1,0,0,-1,4,4,4,4,4,0,0
89,139,ZD,2,2,2,1,0,0,-1,4,4,4,4,4,0,0
89,140,ZD,2,2,2,1,0,0,-1,4,4,4,4,4,0,0
89,141,ZD,2,2,2,1,0,0,-1,4,4,4,4,4,0,0
89,142,ZD,2,2,2,1,0,0,-1,4,4,4,4,4,0,0
89,143,ZD,2,2,2,1,0,0,-1,4,4,4,4,4,0,0
89,144,ZD,2,2,2,1,0,0,-1,2,2,2,2,2,0,0
89,145,ZD,2,2,2,1,0,0,0,1,1,1,1,1,0,0
89,146,ZD,2,2,2,1,0,0,0,1,1,1,1,1,0,0
89,147,ZD,2,2,2,1,0,0,-1,2,2,2,2,2,0,0
89,148,ZD,2,2,3,1,0,0,-1,3,3,3,3,3,0,0
89,149,ZD,2,2,3,1,0,0,-1,3,3,3,3,3,0,0
89,150,ZD,2,3,3,1,0,0,-1,3,3,3,3,3,0,0
89,151,ZD,2,3,3,1,0,0,-1,3,3,3,3,3,0,0
89,152,ZD,2,3,3,1,0,0,-1,3,3,3,3,3,0,0
89,153,ZD,2,3,3,1,0,0,-1,3,3,3,3,3,0,0
89,154,ZD,2,2,3,1,0,0,-1,3,3,3,3,3,0,0
89,155,ZD,2,2,3,1,0,0,-1,3,3,3,3,3,0,0
89,156,ZD,2,2,2,1,0,0,-1,4,4,4,4,4,0,0
89,157,ZD,2,2,2,1,0,0,-1,4,4,4,4,4,0,0
89,158,ZD,2,2,2,1,0,0,-1,4,4,4,4,4,0,0
89,159,ZD,2,2,2,1,0,0,-1,4,4,4,4,4,0,0
89,160,ZD,2,2,2,1,0,0,-1,4,4,4,4,4,0,0
89,161,ZD,2,2,2,1,0,0,-1,4,4,4,4,4,0,0
89,162,ZD,2,2,2,1,0,0,-1,4,4,4,4,4,0,0
89,163,ZD,2,2,2,1,0,0,-1,4,4,4,4,4,0,0
89,164,ZD,2,2,3,1,0,0,-1,3,3,2,2,2,0,0
89,165,ZD,2,2,3,1,0,0,-1,3,3,1,1,1,0,0
89,166,ZD,2,2,3,1,0,0,-1,3,3,1,1,1,0,0
89,167,ZD,2,2,3,1,0,0,-1,3,3,2,2,2,0,0
89,168,ZD,2,2,2,1,0,0,-1,4,4,3,3,3,0,0
89,169,ZD,2,3,2,1,0,0,-1,4,4,3,3,3,0,0
89,170,ZD,2,3,2,1,0,0,-1,4,4,3,3,3,0,0
89,171,ZD,2,2,2,1,0,0,-1,4,4,3,3,3,0,0
89,172,ZD,2,2,2,1,0,0,-1,4,4,3,3,3,0,0
89,173,ZD,2,3,2,1,0,0,-1,4,4,3,3,3,0,0
89,174,ZD,2,3,2,1,0,0,-1,4,4,3,3,3,0,0
89,175,ZD,2,2,2,1,0,0,-1,4,4,3,3,3,0,0
89,176,ZD,2,2,2,1,0,0,-1,4,4,3,3,3,0,0
89,177,ZD,2,2,2,1,0,0,-1,4,4,2,2,2,0,0
89,178,ZD,2,2,2,1,0,0,-1,4,4,2,2,2,0,0
89,179,ZD,2,2,2,1,0,0,-1,4,4,3,3,3,0,0
89,180,ZD,2,3,3,1,0,0,-1,3,3,2,2,2,0,0
89,181,ZD,2,3,3,1,0,0,-1,3,3,3,3,3,0,0
89,182,ZD,2,3,3,1,0,0,-1,3,3,3,3,3,0,0
89,183,ZD,2,3,3,1,0,0,-1,3,3,2,2,2,0,0
89,184,ZD,2,3,2,1,0,0,-1,4,4,2,2,2,0,0
89,185,ZD,2,3,2,1,0,0,-1,4,4,3,3,3,0,0
89,186,ZD,2,3,2,1,0,0,-1,4,4,4,4,4,0,0
89,187,ZD,2,3,2,1,0,0,-1,4,4,4,4,4,0,0
89,188,ZD,2,3,2,1,0,0,-1,4,4,4,4,4,0,0
89,189,ZD,2,3,2,1,0,0,-1,4,4,4,4,4,0,0
89,190,ZD,2,3,2,1,0,0,-1,4,4,3,3,3,0,0
89,191,ZD,2,3,2,1,0,0,-1,4,4,2,2,2,0,0
89,192,ZD,2,2,2,1,0,0,-1,4,4,4,4,4,0,0
89,193,ZD,2,2,2,1,0,0,-1,4,4,4,4,4,0,0
89,194,ZD,2,2,2,1,0,0,-1,4,4,4,4,4,0,0
89,195,ZD,2,2,2,1,0,0,-1,4,4,4,4,4,0,0
89,196,ZD,2,3,2,1,0,0,-1,4,4,3,3,3,0,0
89,197,ZD,2,3,2,1,0,0,-1,4,4,2,2,2,0,0
89,198,ZD,2,3,2,1,0,0,-1,4,4,2,2,2,0,0
89,199,ZD,2,3,2,1,0,0,-1,4,4,3,3,3,0,0
90,91,ZD,2,2,2,1,0,0,0,2,2,2,2,2,0,0
90,92,ZD,2,2,2,1,0,0,0,2,2,2,2,2,0,0
90,93,POS,1,1,1,0,0,-1,-1,-1,-1,-1,-1,-1,0,1
90,94,ZD,2,2,2,1,0,0,0,1,1,1,1,1,0,0
90,95,ZD,2,2,2,1,0,0,-1,2,2,1,1,1,0,0
90,96,ZD,2,2,3,1,0,0,-1,3,3,3,3,3,0,0
90,97,ZD,2,2,3,1,0,0,-1,3,3,3,3,3,0,0
90,98,ZD,2,3,3,1,0,0,-1,3,3,2,2,2,0,0
90,99,ZD,2,3,3,1,0,0,-1,3,3,3,3,3,0,0
90,100,ZD,2,3,3,1,0,0,-1,3,3,3,3,3,0,0
90,101,ZD,2,3,3,1,0,0,-1,3,3,2,2,2,0,0
90,102,ZD,2,2,3,1,0,0,-1,3,3,3,3,3,0,0
90,103,ZD,2,2,3,1,0,0,-1,3,3,3,3,3,0,0
90,104,ZD,2,2,2,1,0,0,-1,4,4,4,4,4,0,0
90,105,ZD,2,2,2,1,0,0,-1,4,4,4,4,4,0,0
90,106,ZD,2,2,2,1,0,0,-1,4,4,4,4,4,0,0
90,107,ZD,2,2,2,1,0,0,-1,4,4,4,4,4,0,0
90,108,ZD,2,2,2,1,0,0,-1,4,4,4,4,4,0,0
90,109,ZD,2,2,2,1,0,0,-1,4,4,4,4,4,0,0
90,110,ZD,2,2,2,1,0,0,-1,4,4,4,4,4,0,0
90,111,ZD,2,2,2,1,0,0,-1,4,4,4,4,4,0,0
90,112,ZD,2,2,3,1,0,0,-1,3,3,1,1,1,0,0
90,113,ZD,2,2,3,1,0,0,-1,3,3,2,2,2,0,0
90,114,ZD,2,2,3,1,0,0,-1,3,3,3,3,3,0,0
90,115,ZD,2,2,3,1,0,0,-1,3,3,3,3,3,0,0
90,116,ZD,2,2,3,1,0,0,-1,3,3,3,3,3,0,0
90,117,ZD,2,2,3,1,0,0,-1,3,3,3,3,3,0,0
90,118,ZD,2,2,3,1,0,0,-1,3,3,2,2,2,0,0
90,119,ZD,2,2,3,1,0,0,-1,3,3,1,1,1,0,0
90,120,ZD,2,2,2,1,0,0,-1,4,4,3,3,3,0,0
90,121,ZD,2,2,2,1,0,0,-1,4,4,2,2,2,0,0
90,122,ZD,2,2,2,1,0,0,-1,4,4,4,4,4,0,0
90,123,ZD,2,2,2,1,0,0,-1,4,4,4,4,4,0,0
90,124,ZD,2,2,2,1,0,0,-1,4,4,4,4,4,0,0
90,125,ZD,2,2,2,1,0,0,-1,4,4,4,4,4,0,0
90,126,ZD,2,2,2,1,0,0,-1,4,4,2,2,2,0,0
90,127,ZD,2,2,2,1,0,0,-1,4,4,3,3,3,0,0
90,128,ZD,2,3,3,1,0,0,-1,3,3,3,3,3,0,0
90,129,ZD,2,3,3,1,0,0,-1,3,3,3,3,3,0,0
90,130,ZD,2,3,3,1,0,0,-1,3,3,3,3,3,0,0
90,131,ZD,2,3,3,1,0,0,-1,3,3,3,3,3,0,0
90,132,ZD,2,2,2,1,0,0,-1,4,4,4,4,4,0,0
90,133,ZD,2,2,2,1,0,0,-1,4,4,4,4,4,0,0
90,134,ZD,2,2,2,1,0,0,-1,4,4,4,4,4,0,0
90,135,ZD,2,2,2,1,0,0,-1,4,4,4,4,4,0,0
90,136,ZD,2,2,2,1,0,0,-1,4,4,4,4,4,0,0
90,137,ZD,2,2,2,1,0,0,-1,4,4,4,4,4,0,0
90,138,ZD,2,2,2,1,0,0,-1,4,4,4,4,4,0,0
90,139,ZD,2,2,2,1,0,0,-1,4,4,4,4,4,0,0
90,140,ZD,2,2,2,1,0,0,-1,4,4,4,4,4,0,0
90,141,ZD,2,2,2,1,0,0,-1,4,4,4,4,4,0,0
90,142,ZD,2,2,2,1,0,0,-1,4,4,4,4,4,0,0
90,143,ZD,2,2,2,1,0,0,-1,4,4,4,4,4,0,0
90,144,ZD,2,2,2,1,0,0,-1,2,2,2,2,2,0,0
90,145,ZD,2,2,2,1,0,0,0,1,1,1,1,1,0,0
90,146,ZD,2,2,2,1,0,0,0,1,1,1,1,1,0,0
90,147,ZD,2,2,2,1,0,0,-1,2,2,2,2,2,0,0
90,148,ZD,2,2,3,1,0,0,-1,3,3,3,3,3,0,0
90,149,ZD,2,2,3,1,0,0,-1,3,3,3,3,3,0,0
90,150,ZD,2,3,3,1,0,0,-1,3,3,3,3,3,0,0
90,151,ZD,2,3,3,1,0,0,-1,3,3,3,3,3,0,0
90,152,ZD,2,3,3,1,0,0,-1,3,3,3,3,3,0,0
90,153,ZD,2,3,3,1,0,0,-1,3,3,3,3,3,0,0
90,154,ZD,2,2,3,1,0,0,-1,3,3,3,3,3,0,0
90,155,ZD,2,2,3,1,0,0,-1,3,3,3,3,3,0,0
90,156,ZD,2,2,2,1,0,0,-1,4,4,4,4,4,0,0
90,157,ZD,2,2,2,1,0,0,-1,4,4,4,4,4,0,0
90,158,ZD,2,2,2,1,0,0,-1,4,4,4,4,4,0,0
90,159,ZD,2,2,2,1,0,0,-1,4,4,4,4,4,0,0
90,160,ZD,2,2,2,1,0,0,-1,4,4,4,4,4,0,0
90,161,ZD,2,2,2,1,0,0,-1,4,4,4,4,4,0,0
90,162,ZD,2,2,2,1,0,0,-1,4,4,4,4,4,0,0
90,163,ZD,2,2,2,1,0,0,-1,4,4,4,4,4,0,0
90,164,ZD,2,2,3,1,0,0,-1,3,3,1,1,1,0,0
90,165,ZD,2,2,3,1,0,0,-1,3,3,2,2,2,0,0
90,166,ZD,2,2,3,1,0,0,-1,3,3,2,2,2,0,0
90,167,ZD,2,2,3,1,0,0,-1,3,3,1,1,1,0,0
90,168,ZD,2,3,2,1,0,0,-1,4,4,3,3,3,0,0
90,169,ZD,2,2,2,1,0,0,-1,4,4,3,3,3,0,0
90,170,ZD,2,2,2,1,0,0,-1,4,4,3,3,3,0,0
90,171,ZD,2,3,2,1,0,0,-1,4,4,3,3,3,0,0
90,172,ZD,2,3,2,1,0,0,-1,4,4,3,3,3,0,0
90,173,ZD,2,2,2,1,0,0,-1,4,4,3,3,3,0,0
90,174,ZD,2,2,2,1,0,0,-1,4,4,3,3,3,0,0
90,175,ZD,2,3,2,1,0,0,-1,4,4,3,3,3,0,0
90,176,ZD,2,2,2,1,0,0,-1,4,4,3,3,3,0,0
90,177,ZD,2,2,2,1,0,0,-1,4,4,2,2,2,0,0
90,178,ZD,2,2,2,1,0,0,-1,4,4,2,2,2,0,0
90,179,ZD,2,2,2,1,0,0,-1,4,4,3,3,3,0,0
90,180,ZD,2,3,3,1,0,0,-1,3,3,3,3,3,0,0
90,181,ZD,2,3,3,1,0,0,-1,3,3,2,2,2,0,0
90,182,ZD,2,3,3,1,0,0,-1,3,3,2,2,2,0,0
90,183,ZD,2,3,3,1,0,0,-1,3,3,3,3,3,0,0
90,184,ZD,2,3,2,1,0,0,-1,4,4,4,4,4,0,0
90,185,ZD,2,3,2,1,0,0,-1,4,4,4,4,4,0,0
90,186,ZD,2,3,2,1,0,0,-1,4,4,2,2,2,0,0
90,187,ZD,2,3,2,1,0,0,-1,4,4,3,3,3,0,0
90,188,ZD,2,3,2,1,0,0,-1,4,4,3,3,3,0,0
90,189,ZD,2,3,2,1,0,0,-1,4,4,2,2,2,0,0
90,190,ZD,2,3,2,1,0,0,-1,4,4,4,4,4,0,0
90,191,ZD,2,3,2,1,0,0,-1,4,4,4,4,4,0,0
90,192,ZD,2,2,2,1,0,0,-1,4,4,4,4,4,0,0
90,193,ZD,2,2,2,1,0,0,-1,4,4,4,4,4,0,0
90,194,ZD,2,2,2,1,0,0,-1,4,4,4,4,4,0,0
90,195,ZD,2,2,2,1,0,0,-1,4,4,4,4,4,0,0
90,196,ZD,2,3,2,1,0,0,-1,4,4,2,2,2,0,0
90,197,ZD,2,3,2,1,0,0,-1,4,4,3,3,3,0,0
90,198,ZD,2,3,2,1,0,0,-1,4,4,3,3,3,0,0
90,199,ZD,2,3,2,1,0,0,-1,4,4,2,2,2,0,0
91,92,POS,1,1,1,0,0,-1,-1,-1,-1,-1,-1,-1,0,1
91,93,ZD,2,2,2,1,0,0,0,2,2,2,2,2,0,0
91,94,ZD,2,2,2,1,0,0,-1,2,2,1,1,1,0,0
91,95,ZD,2,2,2,1,0,0,0,1,1,1,1,1,0,0
91,96,ZD,2,2,3,1,0,0,-1,3,3,3,3,3,0,0
91,97,ZD,2,2,3,1,0,0,-1,3,3,3,3,3,0,0
91,98,ZD,2,3,3,1,0,0,-1,3,3,3,3,3,0,0
91,99,ZD,2,3,3,1,0,0,-1,3,3,2,2,2,0,0
91,100,ZD,2,3,3,1,0,0,-1,3,3,2,2,2,0,0
91,101,ZD,2,3,3,1,0,0,-1,3,3,3,3,3,0,0
91,102,ZD,2,2,3,1,0,0,-1,3,3,3,3,3,0,0
91,103,ZD,2,2,3,1,0,0,-1,3,3,3,3,3,0,0
91,104,ZD,2,2,2,1,0,0,-1,4,4,4,4,4,0,0
91,105,ZD,2,2,2,1,0,0,-1,4,4,4,4,4,0,0
91,106,ZD,2,2,2,1,0,0,-1,4,4,4,4,4,0,0
91,107,ZD,2,2,2,1,0,0,-1,4,4,4,4,4,0,0
91,108,ZD,2,2,2,1,0,0,-1,4,4,4,4,4,0,0
91,109,ZD,2,2,2,1,0,0,-1,4,4,4,4,4,0,0
91,110,ZD,2,2,2,1,0,0,-1,4,4,4,4,4,0,0
91,111,ZD,2,2,2,1,0,0,-1,4,4,4,4,4,0,0
91,112,ZD,2,2,3,1,0,0,-1,3,3,3,3,3,0,0
91,113,ZD,2,2,3,1,0,0,-1,3,3,3,3,3,0,0
91,114,ZD,2,2,3,1,0,0,-1,3,3,2,2,2,0,0
91,115,ZD,2,2,3,1,0,0,-1,3,3,1,1,1,0,0
91,116,ZD,2,2,3,1,0,0,-1,3,3,1,1,1,0,0
91,117,ZD,2,2,3,1,0,0,-1,3,3,2,2,2,0,0
91,118,ZD,2,2,3,1,0,0,-1,3,3,3,3,3,0,0
91,119,ZD,2,2,3,1,0,0,-1,3,3,3,3,3,0,0
91,120,ZD,2,2,2,1,0,0,-1,4,4,4,4,4,0,0
91,121,ZD,2,2,2,1,0,0,-1,4,4,4,4,4,0,0
91,122,ZD,2,2,2,1,0,0,-1,4,4,3,3,3,0,0
91,123,ZD,2,2,2,1,0,0,-1,4,4,2,2,2,0,0
91,124,ZD,2,2,2,1,0,0,-1,4,4,2,2,2,0,0
91,125,ZD,2,2,2,1,0,0,-1,4,4,3,3,3,0,0
91,126,ZD,2,2,2,1,0,0,-1,4,4,4,4,4,0,0
91,127,ZD,2,2,2,1,0,0,-1,4,4,4,4,4,0,0
91,128,ZD,2,3,3,1,0,0,-1,3,3,3,3,3,0,0
91,129,ZD,2,3,3,1,0,0,-1,3,3,3,3,3,0,0
91,130,ZD,2,3,3,1,0,0,-1,3,3,3,3,3,0,0
91,131,ZD,2,3,3,1,0,0,-1,3,3,3,3,3,0,0
91,132,ZD,2,2,2,1,0,0,-1,4,4,4,4,4,0,0
91,133,ZD,2,2,2,1,0,0,-1,4,4,4,4,4,0,0
91,134,ZD,2,2,2,1,0,0,-1,4,4,4,4,4,0,0
91,135,ZD,2,2,2,1,0,0,-1,4,4,4,4,4,0,0
91,136,ZD,2,2,2,1,0,0,-1,4,4,4,4,4,0,0
91,137,ZD,2,2,2,1,0,0,-1,4,4,4,4,4,0,0
91,138,ZD,2,2,2,1,0,0,-1,4,4,4,4,4,0,0
91,139,ZD,2,2,2,1,0,0,-1,4,4,4,4,4,0,0
91,140,ZD,2,2,2,1,0,0,-1,4,4,4,4,4,0,0
91,141,ZD,2,2,2,1,0,0,-1,4,4,4,4,4,0,0
91,142,ZD,2,2,2,1,0,0,-1,4,4,4,4,4,0,0
91,143,ZD,2,2,2,1,0,0,-1,4,4,4,4,4,0,0
91,144,ZD,2,2,2,1,0,0,0,1,1,1,1,1,0,0
91,145,ZD,2,2,2,1,0,0,-1,2,2,2,2,2,0,0
91,146,ZD,2,2,2,1,0,0,-1,2,2,2,2,2,0,0
91,147,ZD,2,2,2,1,0,0,0,1,1,1,1,1,0,0
91,148,ZD,2,3,3,1,0,0,-1,3,3,3,3,3,0,0
91,149,ZD,2,3,3,1,0,0,-1,3,3,3,3,3,0,0
91,150,ZD,2,2,3,1,0,0,-1,3,3,3,3,3,0,0
91,151,ZD,2,2,3,1,0,0,-1,3,3,3,3,3,0,0
91,152,ZD,2,2,3,1,0,0,-1,3,3,3,3,3,0,0
91,153,ZD,2,2,3,1,0,0,-1,3,3,3,3,3,0,0
91,154,ZD,2,3,3,1,0,0,-1,3,3,3,3,3,0,0
91,155,ZD,2,3,3,1,0,0,-1,3,3,3,3,3,0,0
91,156,ZD,2,2,2,1,0,0,-1,4,4,4,4,4,0,0
91,157,ZD,2,2,2,1,0,0,-1,4,4,4,4,4,0,0
91,158,ZD,2,2,2,1,0,0,-1,4,4,4,4,4,0,0
91,159,ZD,2,2,2,1,0,0,-1,4,4,4,4,4,0,0
91,160,ZD,2,2,2,1,0,0,-1,4,4,4,4,4,0,0
91,161,ZD,2,2,2,1,0,0,-1,4,4,4,4,4,0,0
91,162,ZD,2,2,2,1,0,0,-1,4,4,4,4,4,0,0
91,163,ZD,2,2,2,1,0,0,-1,4,4,4,4,4,0,0
91,164,ZD,2,2,3,1,0,0,-1,3,3,2,2,2,0,0
91,165,ZD,2,2,3,1,0,0,-1,3,3,1,1,1,0,0
91,166,ZD,2,2,3,1,0,0,-1,3,3,1,1,1,0,0
91,167,ZD,2,2,3,1,0,0,-1,3,3,2,2,2,0,0
91,168,ZD,2,2,2,1,0,0,-1,4,4,3,3,3,0,0
91,169,ZD,2,3,2,1,0,0,-1,4,4,3,3,3,0,0
91,170,ZD,2,3,2,1,0,0,-1,4,4,3,3,3,0,0
91,171,ZD,2,2,2,1,0,0,-1,4,4,3,3,3,0,0
91,172,ZD,2,2,2,1,0,0,-1,4,4,3,3,3,0,0
91,173,ZD,2,3,2,1,0,0,-1,4,4,3,3,3,0,0
91,174,ZD,2,3,2,1,0,0,-1,4,4,3,3,3,0,0
91,175,ZD,2,2,2,1,0,0,-1,4,4,3,3,3,0,0
91,176,ZD,2,2,2,1,0,0,-1,4,4,3,3,3,0,0
91,177,ZD,2,2,2,1,0,0,-1,4,4,2,2,2,0,0
91,178,ZD,2,2,2,1,0,0,-1,4,4,2,2,2,0,0
91,179,ZD,2,2,2,1,0,0,-1,4,4,3,3,3,0,0
91,180,ZD,2,3,3,1,0,0,-1,3,3,3,3,3,0,0
91,181,ZD,2,3,3,1,0,0,-1,3,3,2,2,2,0,0
91,182,ZD,2,3,3,1,0,0,-1,3,3,2,2,2,0,0
91,183,ZD,2,3,3,1,0,0,-1,3,3,3,3,3,0,0
91,184,ZD,2,3,2,1,0,0,-1,4,4,4,4,4,0,0
91,185,ZD,2,3,2,1,0,0,-1,4,4,4,4,4,0,0
91,186,ZD,2,3,2,1,0,0,-1,4,4,3,3,3,0,0
91,187,ZD,2,3,2,1,0,0,-1,4,4,2,2,2,0,0
91,188,ZD,2,3,2,1,0,0,-1,4,4,2,2,2,0,0
91,189,ZD,2,3,2,1,0,0,-1,4,4,3,3,3,0,0
91,190,ZD,2,3,2,1,0,0,-1,4,4,4,4,4,0,0
91,191,ZD,2,3,2,1,0,0,-1,4,4,4,4,4,0,0
91,192,ZD,2,2,2,1,0,0,-1,4,4,4,4,4,0,0
91,193,ZD,2,2,2,1,0,0,-1,4,4,4,4,4,0,0
91,194,ZD,2,2,2,1,0,0,-1,4,4,4,4,4,0,0
91,195,ZD,2,2,2,1,0,0,-1,4,4,4,4,4,0,0
91,196,ZD,2,3,2,1,0,0,-1,4,4,3,3,3,0,0
91,197,ZD,2,3,2,1,0,0,-1,4,4,2,2,2,0,0
91,198,ZD,2,3,2,1,0,0,-1,4,4,2,2,2,0,0
91,199,ZD,2,3,2,1,0,0,-1,4,4,3,3,3,0,0
92,93,ZD,2,2,2,1,0,0,0,2,2,2,2,2,0,0
92,94,ZD,2,2,2,1,0,0,-1,2,2,1,1,1,0,0
92,95,ZD,2,2,2,1,0,0,0,1,1,1,1,1,0,0
92,96,ZD,2,2,3,1,0,0,-1,3,3,3,3,3,0,0
92,97,ZD,2,2,3,1,0,0,-1,3,3,3,3,3,0,0
92,98,ZD,2,3,3,1,0,0,-1,3,3,3,3,3,0,0
92,99,ZD,2,3,3,1,0,0,-1,3,3,2,2,2,0,0
92,100,ZD,2,3,3,1,0,0,-1,3,3,2,2,2,0,0
92,101,ZD,2,3,3,1,0,0,-1,3,3,3,3,3,0,0
92,102,ZD,2,2,3,1,0,0,-1,3,3,3,3,3,0,0
92,103,ZD,2,2,3,1,0,0,-1,3,3,3,3,3,0,0
92,104,ZD,2,2,2,1,0,0,-1,4,4,4,4,4,0,0
92,105,ZD,2,2,2,1,0,0,-1,4,4,4,4,4,0,0
92,106,ZD,2,2,2,1,0,0,-1,4,4,4,4,4,0,0
92,107,ZD,2,2,2,1,0,0,-1,4,4,4,4,4,0,0
92,108,ZD,2,2,2,1,0,0,-1,4,4,4,4,4,0,0
92,109,ZD,2,2,2,1,0,0,-1,4,4,4,4,4,0,0
92,110,ZD,2,2,2,1,0,0,-1,4,4,4,4,4,0,0
92,111,ZD,2,2,2,1,0,0,-1,4,4,4,4,4,0,0
92,112,ZD,2,2,3,1,0,0,-1,3,3,3,3,3,0,0
92,113,ZD,2,2,3,1,0,0,-1,3,3,3,3,3,0,0
92,114,ZD,2,2,3,1,0,0,-1,3,3,2,2,2,0,0
92,115,ZD,2,2,3,1,0,0,-1,3,3,1,1,1,0,0
92,116,ZD,2,2,3,1,0,0,-1,3,3,1,1,1,0,0
92,117,ZD,2,2,3,1,0,0,-1,3,3,2,2,2,0,0
92,118,ZD,2,2,3,1,0,0,-1,3,3,3,3,3,0,0
92,119,ZD,2,2,3,1,0,0,-1,3,3,3,3,3,0,0
92,120,ZD,2,2,2,1,0,0,-1,4,4,4,4,4,0,0
92,121,ZD,2,2,2,1,0,0,-1,4,4,4,4,4,0,0
92,122,ZD,2,2,2,1,0,0,-1,4,4,3,3,3,0,0
92,123,ZD,2,2,2,1,0,0,-1,4,4,2,2,2,0,0
92,124,ZD,2,2,2,1,0,0,-1,4,4,2,2,2,0,0
92,125,ZD,2,2,2,1,0,0,-1,4,4,3,3,3,0,0
92,126,ZD,2,2,2,1,0,0,-1,4,4,4,4,4,0,0
92,127,ZD,2,2,2,1,0,0,-1,4,4,4,4,4,0,0
92,128,ZD,2,3,3,1,0,0,-1,3,3,3,3,3,0,0
92,129,ZD,2,3,3,1,0,0,-1,3,3,3,3,3,0,0
92,130,ZD,2,3,3,1,0,0,-1,3,3,3,3,3,0,0
92,131,ZD,2,3,3,1,0,0,-1,3,3,3,3,3,0,0
92,132,ZD,2,2,2,1,0,0,-1,4,4,4,4,4,0,0
92,133,ZD,2,2,2,1,0,0,-1,4,4,4,4,4,0,0
92,134,ZD,2,2,2,1,0,0,-1,4,4,4,4,4,0,0
92,135,ZD,2,2,2,1,0,0,-1,4,4,4,4,4,0,0
92,136,ZD,2,2,2,1,0,0,-1,4,4,4,4,4,0,0
92,137,ZD,2,2,2,1,0,0,-1,4,4,4,4,4,0,0
92,138,ZD,2,2,2,1,0,0,-1,4,4,4,4,4,0,0
92,139,ZD,2,2,2,1,0,0,-1,4,4,4,4,4,0,0
92,140,ZD,2,2,2,1,0,0,-1,4,4,4,4,4,0,0
92,141,ZD,2,2,2,1,0,0,-1,4,4,4,4,4,0,0
92,142,ZD,2,2,2,1,0,0,-1,4,4,4,4,4,0,0
92,143,ZD,2,2,2,1,0,0,-1,4,4,4,4,4,0,0
92,144,ZD,2,2,2,1,0,0,0,1,1,1,1,1,0,0
92,145,ZD,2,2,2,1,0,0,-1,2,2,2,2,2,0,0
92,146,ZD,2,2,2,1,0,0,-1,2,2,2,2,2,0,0
92,147,ZD,2,2,2,1,0,0,0,1,1,1,1,1,0,0
92,148,ZD,2,3,3,1,0,0,-1,3,3,3,3,3,0,0
92,149,ZD,2,3,3,1,0,0,-1,3,3,3,3,3,0,0
92,150,ZD,2,2,3,1,0,0,-1,3,3,3,3,3,0,0
92,151,ZD,2,2,3,1,0,0,-1,3,3,3,3,3,0,0
92,152,ZD,2,2,3,1,0,0,-1,3,3,3,3,3,0,0
92,153,ZD,2,2,3,1,0,0,-1,3,3,3,3,3,0,0
92,154,ZD,2,3,3,1,0,0,-1,3,3,3,3,3,0,0
92,155,ZD,2,3,3,1,0,0,-1,3,3,3,3,3,0,0
92,156,ZD,2,2,2,1,0,0,-1,4,4,4,4,4,0,0
92,157,ZD,2,2,2,1,0,0,-1,4,4,4,4,4,0,0
92,158,ZD,2,2,2,1,0,0,-1,4,4,4,4,4,0,0
92,159,ZD,2,2,2,1,0,0,-1,4,4,4,4,4,0,0
92,160,ZD,2,2,2,1,0,0,-1,4,4,4,4,4,0,0
92,161,ZD,2,2,2,1,0,0,-1,4,4,4,4,4,0,0
92,162,ZD,2,2,2,1,0,0,-1,4,4,4,4,4,0,0
92,163,ZD,2,2,2,1,0,0,-1,4,4,4,4,4,0,0
92,164,ZD,2,2,3,1,0,0,-1,3,3,2,2,2,0,0
92,165,ZD,2,2,3,1,0,0,-1,3,3,1,1,1,0,0
92,166,ZD,2,2,3,1,0,0,-1,3,3,1,1,1,0,0
92,167,ZD,2,2,3,1,0,0,-1,3,3,2,2,2,0,0
92,168,ZD,2,2,2,1,0,0,-1,4,4,3,3,3,0,0
92,169,ZD,2,3,2,1,0,0,-1,4,4,3,3,3,0,0
92,170,ZD,2,3,2,1,0,0,-1,4,4,3,3,3,0,0
92,171,ZD,2,2,2,1,0,0,-1,4,4,3,3,3,0,0
92,172,ZD,2,2,2,1,0,0,-1,4,4,3,3,3,0,0
92,173,ZD,2,3,2,1,0,0,-1,4,4,3,3,3,0,0
92,174,ZD,2,3,2,1,0,0,-1,4,4,3,3,3,0,0
92,175,ZD,2,2,2,1,0,0,-1,4,4,3,3,3,0,0
92,176,ZD,2,2,2,1,0,0,-1,4,4,3,3,3,0,0
92,177,ZD,2,2,2,1,0,0,-1,4,4,2,2,2,0,0
92,178,ZD,2,2,2,1,0,0,-1,4,4,2,2,2,0,0
92,179,ZD,2,2,2,1,0,0,-1,4,4,3,3,3,0,0
92,180,ZD,2,3,3,1,0,0,-1,3,3,3,3,3,0,0
92,181,ZD,2,3,3,1,0,0,-1,3,3,2,2,2,0,0
92,182,ZD,2,3,3,1,0,0,-1,3,3,2,2,2,0,0
92,183,ZD,2,3,3,1,0,0,-1,3,3,3,3,3,0,0
92,184,ZD,2,3,2,1,0,0,-1,4,4,4,4,4,0,0
92,185,ZD,2,3,2,1,0,0,-1,4,4,4,4,4,0,0
92,186,ZD,2,3,2,1,0,0,-1,4,4,3,3,3,0,0
92,187,ZD,2,3,2,1,0,0,-1,4,4,2,2,2,0,0
92,188,ZD,2,3,2,1,0,0,-1,4,4,2,2,2,0,0
92,189,ZD,2,3,2,1,0,0,-1,4,4,3,3,3,0,0
92,190,ZD,2,3,2,1,0,0,-1,4,4,4,4,4,0,0
92,191,ZD,2,3,2,1,0,0,-1,4,4,4,4,4,0,0
92,192,ZD,2,2,2,1,0,0,-1,4,4,4,4,4,0,0
92,193,ZD,2,2,2,1,0,0,-1,4,4,4,4,4,0,0
92,194,ZD,2,2,2,1,0,0,-1,4,4,4,4,4,0,0
92,195,ZD,2,2,2,1,0,0,-1,4,4,4,4,4,0,0
92,196,ZD,2,3,2,1,0,0,-1,4,4,3,3,3,0,0
92,197,ZD,2,3,2,1,0,0,-1,4,4,2,2,2,0,0
92,198,ZD,2,3,2,1,0,0,-1,4,4,2,2,2,0,0
92,199,ZD,2,3,2,1,0,0,-1,4,4,3,3,3,0,0
93,94,ZD,2,2,2,1,0,0,0,1,1,1,1,1,0,0
93,95,ZD,2,2,2,1,0,0,-1,2,2,1,1,1,0,0
93,96,ZD,2,2,3,1,0,0,-1,3,3,3,3,3,0,0
93,97,ZD,2,2,3,1,0,0,-1,3,3,3,3,3,0,0
93,98,ZD,2,3,3,1,0,0,-1,3,3,2,2,2,0,0
93,99,ZD,2,3,3,1,0,0,-1,3,3,3,3,3,0,0
93,100,ZD,2,3,3,1,0,0,-1,3,3,3,3,3,0,0
93,101,ZD,2,3,3,1,0,0,-1,3,3,2,2,2,0,0
93,102,ZD,2,2,3,1,0,0,-1,3,3,3,3,3,0,0
93,103,ZD,2,2,3,1,0,0,-1,3,3,3,3,3,0,0
93,104,ZD,2,2,2,1,0,0,-1,4,4,4,4,4,0,0
93,105,ZD,2,2,2,1,0,0,-1,4,4,4,4,4,0,0
93,106,ZD,2,2,2,1,0,0,-1,4,4,4,4,4,0,0
93,107,ZD,2,2,2,1,0,0,-1,4,4,4,4,4,0,0
93,108,ZD,2,2,2,1,0,0,-1,4,4,4,4,4,0,0
93,109,ZD,2,2,2,1,0,0,-1,4,4,4,4,4,0,0
93,110,ZD,2,2,2,1,0,0,-1,4,4,4,4,4,0,0
93,111,ZD,2,2,2,1,0,0,-1,4,4,4,4,4,0,0
93,112,ZD,2,2,3,1,0,0,-1,3,3,1,1,1,0,0
93,113,ZD,2,2,3,1,0,0,-1,3,3,2,2,2,0,0
93,114,ZD,2,2,3,1,0,0,-1,3,3,3,3,3,0,0
93,115,ZD,2,2,3,1,0,0,-1,3,3,3,3,3,0,0
93,116,ZD,2,2,3,1,0,0,-1,3,3,3,3,3,0,0
93,117,ZD,2,2,3,1,0,0,-1,3,3,3,3,3,0,0
93,118,ZD,2,2,3,1,0,0,-1,3,3,2,2,2,0,0
93,119,ZD,2,2,3,1,0,0,-1,3,3,1,1,1,0,0
93,120,ZD,2,2,2,1,0,0,-1,4,4,3,3,3,0,0
93,121,ZD,2,2,2,1,0,0,-1,4,4,2,2,2,0,0
93,122,ZD,2,2,2,1,0,0,-1,4,4,4,4,4,0,0
93,123,ZD,2,2,2,1,0,0,-1,4,4,4,4,4,0,0
93,124,ZD,2,2,2,1,0,0,-1,4,4,4,4,4,0,0
93,125,ZD,2,2,2,1,0,0,-1,4,4,4,4,4,0,0
93,126,ZD,2,2,2,1,0,0,-1,4,4,2,2,2,0,0
93,127,ZD,2,2,2,1,0,0,-1,4,4,3,3,3,0,0
93,128,ZD,2,3,3,1,0,0,-1,3,3,3,3,3,0,0
93,129,ZD,2,3,3,1,0,0,-1,3,3,3,3,3,0,0
93,130,ZD,2,3,3,1,0,0,-1,3,3,3,3,3,0,0
93,131,ZD,2,3,3,1,0,0,-1,3,3,3,3,3,0,0
93,132,ZD,2,2,2,1,0,0,-1,4,4,4,4,4,0,0
93,133,ZD,2,2,2,1,0,0,-1,4,4,4,4,4,0,0
93,134,ZD,2,2,2,1,0,0,-1,4,4,4,4,4,0,0
93,135,ZD,2,2,2,1,0,0,-1,4,4,4,4,4,0,0
93,136,ZD,2,2,2,1,0,0,-1,4,4,4,4,4,0,0
93,137,ZD,2,2,2,1,0,0,-1,4,4,4,4,4,0,0
93,138,ZD,2,2,2,1,0,0,-1,4,4,4,4,4,0,0
93,139,ZD,2,2,2,1,0,0,-1,4,4,4,4,4,0,0
93,140,ZD,2,2,2,1,0,0,-1,4,4,4,4,4,0,0
93,141,ZD,2,2,2,1,0,0,-1,4,4,4,4,4,0,0
93,142,ZD,2,2,2,1,0,0,-1,4,4,4,4,4,0,0
93,143,ZD,2,2,2,1,0,0,-1,4,4,4,4,4,0,0
93,144,ZD,2,2,2,1,0,0,-1,2,2,2,2,2,0,0
93,145,ZD,2,2,2,1,0,0,0,1,1,1,1,1,0,0
93,146,ZD,2,2,2,1,0,0,0,1,1,1,1,1,0,0
93,147,ZD,2,2,2,1,0,0,-1,2,2,2,2,2,0,0
93,148,ZD,2,2,3,1,0,0,-1,3,3,3,3,3,0,0
93,149,ZD,2,2,3,1,0,0,-1,3,3,3,3,3,0,0
93,150,ZD,2,3,3,1,0,0,-1,3,3,3,3,3,0,0
93,151,ZD,2,3,3,1,0,0,-1,3,3,3,3,3,0,0
93,152,ZD,2,3,3,1,0,0,-1,3,3,3,3,3,0,0
93,153,ZD,2,3,3,1,0,0,-1,3,3,3,3,3,0,0
93,154,ZD,2,2,3,1,0,0,-1,3,3,3,3,3,0,0
93,155,ZD,2,2,3,1,0,0,-1,3,3,3,3,3,0,0
93,156,ZD,2,2,2,1,0,0,-1,4,4,4,4,4,0,0
93,157,ZD,2,2,2,1,0,0,-1,4,4,4,4,4,0,0
93,158,ZD,2,2,2,1,0,0,-1,4,4,4,4,4,0,0
93,159,ZD,2,2,2,1,0,0,-1,4,4,4,4,4,0,0
93,160,ZD,2,2,2,1,0,0,-1,4,4,4,4,4,0,0
93,161,ZD,2,2,2,1,0,0,-1,4,4,4,4,4,0,0
93,162,ZD,2,2,2,1,0,0,-1,4,4,4,4,4,0,0
93,163,ZD,2,2,2,1,0,0,-1,4,4,4,4,4,0,0
93,164,ZD,2,2,3,1,0,0,-1,3,3,1,1,1,0,0
93,165,ZD,2,2,3,1,0,0,-1,3,3,2,2,2,0,0
93,166,ZD,2,2,3,1,0,0,-1,3,3,2,2,2,0,0
93,167,ZD,2,2,3,1,0,0,-1,3,3,1,1,1,0,0
93,168,ZD,2,3,2,1,0,0,-1,4,4,3,3,3,0,0
93,169,ZD,2,2,2,1,0,0,-1,4,4,3,3,3,0,0
93,170,ZD,2,2,2,1,0,0,-1,4,4,3,3,3,0,0
93,171,ZD,2,3,2,1,0,0,-1,4,4,3,3,3,0,0
93,172,ZD,2,3,2,1,0,0,-1,4,4,3,3,3,0,0
93,173,ZD,2,2,2,1,0,0,-1,4,4,3,3,3,0,0
93,174,ZD,2,2,2,1,0,0,-1,4,4,3,3,3,0,0
93,175,ZD,2,3,2,1,0,0,-1,4,4,3,3,3,0,0
93,176,ZD,2,2,2,1,0,0,-1,4,4,3,3,3,0,0
93,177,ZD,2,2,2,1,0,0,-1,4,4,2,2,2,0,0
93,178,ZD,2,2,2,1,0,0,-1,4,4,2,2,2,0,0
93,179,ZD,2,2,2,1,0,0,-1,4,4,3,3,3,0,0
93,180,ZD,2,3,3,1,0,0,-1,3,3,3,3,3,0,0
93,181,ZD,2,3,3,1,0,0,-1,3,3,2,2,2,0,0
93,182,ZD,2,3,3,1,0,0,-1,3,3,2,2,2,0,0
93,183,ZD,2,3,3,1,0,0,-1,3,3,3,3,3,0,0
93,184,ZD,2,3,2,1,0,0,-1,4,4,4,4,4,0,0
93,185,ZD,2,3,2,1,0,0,-1,4,4,4,4,4,0,0
93,186,ZD,2,3,2,1,0,0,-1,4,4,2,2,2,0,0
93,187,ZD,2,3,2,1,0,0,-1,4,4,3,3,3,0,0
93,188,ZD,2,3,2,1,0,0,-1,4,4,3,3,3,0,0
93,189,ZD,2,3,2,1,0,0,-1,4,4,2,2,2,0,0
93,190,ZD,2,3,2,1,0,0,-1,4,4,4,4,4,0,0
93,191,ZD,2,3,2,1,0,0,-1,4,4,4,4,4,0,0
93,192,ZD,2,2,2,1,0,0,-1,4,4,4,4,4,0,0
93,193,ZD,2,2,2,1,0,0,-1,4,4,4,4,4,0,0
93,194,ZD,2,2,2,1,0,0,-1,4,4,4,4,4,0,0
93,195,ZD,2,2,2,1,0,0,-1,4,4,4,4,4,0,0
93,196,ZD,2,3,2,1,0,0,-1,4,4,2,2,2,0,0
93,197,ZD,2,3,2,1,0,0,-1,4,4,3,3,3,0,0
93,198,ZD,2,3,2,1,0,0,-1,4,4,3,3,3,0,0
93,199,ZD,2,3,2,1,0,0,-1,4,4,2,2,2,0,0
94,95,ZD,2,2,2,1,0,0,0,2,2,2,2,2,0,0
94,96,ZD,2,3,3,1,0,0,-1,3,3,2,2,2,0,0
94,97,ZD,2,3,3,1,0,0,-1,3,3,3,3,3,0,0
94,98,ZD,2,2,3,1,0,0,-1,3,3,3,3,3,0,0
94,99,ZD,2,2,3,1,0,0,-1,3,3,3,3,3,0,0
94,100,ZD,2,2,3,1,0,0,-1,3,3,3,3,3,0,0
94,101,ZD,2,2,3,1,0,0,-1,3,3,3,3,3,0,0
94,102,ZD,2,3,3,1,0,0,-1,3,3,3,3,3,0,0
94,103,ZD,2,3,3,1,0,0,-1,3,3,2,2,2,0,0
94,104,ZD,2,2,2,1,0,0,-1,4,4,4,4,4,0,0
94,105,ZD,2,2,2,1,0,0,-1,4,4,4,4,4,0,0
94,106,ZD,2,2,2,1,0,0,-1,4,4,4,4,4,0,0
94,107,ZD,2,2,2,1,0,0,-1,4,4,4,4,4,0,0
94,108,ZD,2,2,2,1,0,0,-1,4,4,4,4,4,0,0
94,109,ZD,2,2,2,1,0,0,-1,4,4,4,4,4,0,0
94,110,ZD,2,2,2,1,0,0,-1,4,4,4,4,4,0,0
94,111,ZD,2,2,2,1,0,0,-1,4,4,4,4,4,0,0
94,112,ZD,2,2,3,1,0,0,-1,3,3,3,3,3,0,0
94,113,ZD,2,2,3,1,0,0,-1,3,3,3,3,3,0,0
94,114,ZD,2,2,3,1,0,0,-1,3,3,1,1,1,0,0
94,115,ZD,2,2,3,1,0,0,-1,3,3,2,2,2,0,0
94,116,ZD,2,2,3,1,0,0,-1,3,3,2,2,2,0,0
94,117,ZD,2,2,3,1,0,0,-1,3,3,1,1,1,0,0
94,118,ZD,2,2,3,1,0,0,-1,3,3,3,3,3,0,0
94,119,ZD,2,2,3,1,0,0,-1,3,3,3,3,3,0,0
94,120,ZD,2,2,2,1,0,0,-1,4,4,4,4,4,0,0
94,121,ZD,2,2,2,1,0,0,-1,4,4,4,4,4,0,0
94,122,ZD,2,2,2,1,0,0,-1,4,4,2,2,2,0,0
94,123,ZD,2,2,2,1,0,0,-1,4,4,3,3,3,0,0
94,124,ZD,2,2,2,1,0,0,-1,4,4,3,3,3,0,0
94,125,ZD,2,2,2,1,0,0,-1,4,4,2,2,2,0,0
94,126,ZD,2,2,2,1,0,0,-1,4,4,4,4,4,0,0
94,127,ZD,2,2,2,1,0,0,-1,4,4,4,4,4,0,0
94,128,ZD,2,3,3,1,0,0,-1,3,3,3,3,3,0,0
94,129,ZD,2,3,3,1,0,0,-1,3,3,3,3,3,0,0
94,130,ZD,2,3,3,1,0,0,-1,3,3,3,3,3,0,0
94,131,ZD,2,3,3,1,0,0,-1,3,3,3,3,3,0,0
94,132,ZD,2,2,2,1,0,0,-1,4,4,4,4,4,0,0
94,133,ZD,2,2,2,1,0,0,-1,4,4,4,4,4,0,0
94,134,ZD,2,2,2,1,0,0,-1,4,4,4,4,4,0,0
94,135,ZD,2,2,2,1,0,0,-1,4,4,4,4,4,0,0
94,136,ZD,2,2,2,1,0,0,-1,4,4,4,4,4,0,0
94,137,ZD,2,2,2,1,0,0,-1,4,4,4,4,4,0,0
94,138,ZD,2,2,2,1,0,0,-1,4,4,4,4,4,0,0
94,139,ZD,2,2,2,1,0,0,-1,4,4,4,4,4,0,0
94,140,ZD,2,2,2,1,0,0,-1,4,4,4,4,4,0,0
94,141,ZD,2,2,2,1,0,0,-1,4,4,4,4,4,0,0
94,142,ZD,2,2,2,1,0,0,-1,4,4,4,4,4,0,0
94,143,ZD,2,2,2,1,0,0,-1,4,4,4,4,4,0,0
94,144,ZD,2,2,2,1,0,0,-1,2,2,2,2,2,0,0
94,145,ZD,2,2,2,1,0,0,0,1,1,1,1,1,0,0
94,146,ZD,2,2,2,1,0,0,0,1,1,1,1,1,0,0
94,147,ZD,2,2,2,1,0,0,-1,2,2,2,2,2,0,0
94,148,ZD,2,2,3,1,0,0,-1,3,3,3,3,3,0,0
94,149,ZD,2,2,3,1,0,0,-1,3,3,3,3,3,0,0
94,150,ZD,2,3,3,1,0,0,-1,3,3,3,3,3,0,0
94,151,ZD,2,3,3,1,0,0,-1,3,3,3,3,3,0,0
94,152,ZD,2,3,3,1,0,0,-1,3,3,3,3,3,0,0
94,153,ZD,2,3,3,1,0,0,-1,3,3,3,3,3,0,0
94,154,ZD,2,2,3,1,0,0,-1,3,3,3,3,3,0,0
94,155,ZD,2,2,3,1,0,0,-1,3,3,3,3,3,0,0
94,156,ZD,2,2,2,1,0,0,-1,4,4,4,4,4,0,0
94,157,ZD,2,2,2,1,0,0,-1,4,4,4,4,4,0,0
94,158,ZD,2,2,2,1,0,0,-1,4,4,4,4,4,0,0
94,159,ZD,2,2,2,1,0,0,-1,4,4,4,4,4,0,0
94,160,ZD,2,2,2,1,0,0,-1,4,4,4,4,4,0,0
94,161,ZD,2,2,2,1,0,0,-1,4,4,4,4,4,0,0
94,162,ZD,2,2,2,1,0,0,-1,4,4,4,4,4,0,0
94,163,ZD,2,2,2,1,0,0,-1,4,4,4,4,4,0,0
94,164,ZD,2,2,3,1,0,0,-1,3,3,2,2,2,0,0
94,165,ZD,2,2,3,1,0,0,-1,3,3,1,1,1,0,0
94,166,ZD,2,2,3,1,0,0,-1,3,3,1,1,1,0,0
94,167,ZD,2,2,3,1,0,0,-1,3,3,2,2,2,0,0
94,168,ZD,2,2,2,1,0,0,-1,4,4,3,3,3,0,0
94,169,ZD,2,3,2,1,0,0,-1,4,4,3,3,3,0,0
94,170,ZD,2,3,2,1,0,0,-1,4,4,3,3,3,0,0
94,171,ZD,2,2,2,1,0,0,-1,4,4,3,3,3,0,0
94,172,ZD,2,2,2,1,0,0,-1,4,4,3,3,3,0,0
94,173,ZD,2,3,2,1,0,0,-1,4,4,3,3,3,0,0
94,174,ZD,2,3,2,1,0,0,-1,4,4,3,3,3,0,0
94,175,ZD,2,2,2,1,0,0,-1,4,4,3,3,3,0,0
94,176,ZD,2,2,2,1,0,0,-1,4,4,3,3,3,0,0
94,177,ZD,2,2,2,1,0,0,-1,4,4,2,2,2,0,0
94,178,ZD,2,2,2,1,0,0,-1,4,4,2,2,2,0,0
94,179,ZD,2,2,2,1,0,0,-1,4,4,3,3,3,0,0
94,180,ZD,2,3,3,1,0,0,-1,3,3,2,2,2,0,0
94,181,ZD,2,3,3,1,0,0,-1,3,3,3,3,3,0,0
94,182,ZD,2,3,3,1,0,0,-1,3,3,3,3,3,0,0
94,183,ZD,2,3,3,1,0,0,-1,3,3,2,2,2,0,0
94,184,ZD,2,3,2,1,0,0,-1,4,4,2,2,2,0,0
94,185,ZD,2,3,2,1,0,0,-1,4,4,3,3,3,0,0
94,186,ZD,2,3,2,1,0,0,-1,4,4,4,4,4,0,0
94,187,ZD,2,3,2,1,0,0,-1,4,4,4,4,4,0,0
94,188,ZD,2,3,2,1,0,0,-1,4,4,4,4,4,0,0
94,189,ZD,2,3,2,1,0,0,-1,4,4,4,4,4,0,0
94,190,ZD,2,3,2,1,0,0,-1,4,4,3,3,3,0,0
94,191,ZD,2,3,2,1,0,0,-1,4,4,2,2,2,0,0
94,192,ZD,2,2,2,1,0,0,-1,4,4,4,4,4,0,0
94,193,ZD,2,2,2,1,0,0,-1,4,4,4,4,4,0,0
94,194,ZD,2,2,2,1,0,0,-1,4,4,4,4,4,0,0
94,195,ZD,2,2,2,1,0,0,-1,4,4,4,4,4,0,0
94,196,ZD,2,3,2,1,0,0,-1,4,4,3,3,3,0,0
94,197,ZD,2,3,2,1,0,0,-1,4,4,2,2,2,0,0
94,198,ZD,2,3,2,1,0,0,-1,4,4,2,2,2,0,0
94,199,ZD,2,3,2,1,0,0,-1,4,4,3,3,3,0,0
95,96,ZD,2,3,3,1,0,0,-1,3,3,3,3,3,0,0
95,97,ZD,2,3,3,1,0,0,-1,3,3,2,2,2,0,0
95,98,ZD,2,2,3,1,0,0,-1,3,3,3,3,3,0,0
95,99,ZD,2,2,3,1,0,0,-1,3,3,3,3,3,0,0
95,100,ZD,2,2,3,1,0,0,-1,3,3,3,3,3,0,0
95,101,ZD,2,2,3,1,0,0,-1,3,3,3,3,3,0,0
95,102,ZD,2,3,3,1,0,0,-1,3,3,2,2,2,0,0
95,103,ZD,2,3,3,1,0,0,-1,3,3,3,3,3,0,0
95,104,ZD,2,2,2,1,0,0,-1,4,4,4,4,4,0,0
95,105,ZD,2,2,2,1,0,0,-1,4,4,4,4,4,0,0
95,106,ZD,2,2,2,1,0,0,-1,4,4,4,4,4,0,0
95,107,ZD,2,2,2,1,0,0,-1,4,4,4,4,4,0,0
95,108,ZD,2,2,2,1,0,0,-1,4,4,4,4,4,0,0
95,109,ZD,2,2,2,1,0,0,-1,4,4,4,4,4,0,0
95,110,ZD,2,2,2,1,0,0,-1,4,4,4,4,4,0,0
95,111,ZD,2,2,2,1,0,0,-1,4,4,4,4,4,0,0
95,112,ZD,2,2,3,1,0,0,-1,3,3,2,2,2,0,0
95,113,ZD,2,2,3,1,0,0,-1,3,3,1,1,1,0,0
95,114,ZD,2,2,3,1,0,0,-1,3,3,3,3,3,0,0
95,115,ZD,2,2,3,1,0,0,-1,3,3,3,3,3,0,0
95,116,ZD,2,2,3,1,0,0,-1,3,3,3,3,3,0,0
95,117,ZD,2,2,3,1,0,0,-1,3,3,3,3,3,0,0
95,118,ZD,2,2,3,1,0,0,-1,3,3,1,1,1,0,0
95,119,ZD,2,2,3,1,0,0,-1,3,3,2,2,2,0,0
95,120,ZD,2,2,2,1,0,0,-1,4,4,2,2,2,0,0
95,121,ZD,2,2,2,1,0,0,-1,4,4,3,3,3,0,0
95,122,ZD,2,2,2,1,0,0,-1,4,4,4,4,4,0,0
95,123,ZD,2,2,2,1,0,0,-1,4,4,4,4,4,0,0
95,124,ZD,2,2,2,1,0,0,-1,4,4,4,4,4,0,0
95,125,ZD,2,2,2,1,0,0,-1,4,4,4,4,4,0,0
95,126,ZD,2,2,2,1,0,0,-1,4,4,3,3,3,0,0
95,127,ZD,2,2,2,1,0,0,-1,4,4,2,2,2,0,0
95,128,ZD,2,3,3,1,0,0,-1,3,3,3,3,3,0,0
95,129,ZD,2,3,3,1,0,0,-1,3,3,3,3,3,0,0
95,130,ZD,2,3,3,1,0,0,-1,3,3,3,3,3,0,0
95,131,ZD,2,3,3,1,0,0,-1,3,3,3,3,3,0,0
95,132,ZD,2,2,2,1,0,0,-1,4,4,4,4,4,0,0
95,133,ZD,2,2,2,1,0,0,-1,4,4,4,4,4,0,0
95,134,ZD,2,2,2,1,0,0,-1,4,4,4,4,4,0,0
95,135,ZD,2,2,2,1,0,0,-1,4,4,4,4,4,0,0
95,136,ZD,2,2,2,1,0,0,-1,4,4,4,4,4,0,0
95,137,ZD,2,2,2,1,0,0,-1,4,4,4,4,4,0,0
95,138,ZD,2,2,2,1,0,0,-1,4,4,4,4,4,0,0
95,139,ZD,2,2,2,1,0,0,-1,4,4,4,4,4,0,0
95,140,ZD,2,2,2,1,0,0,-1,4,4,4,4,4,0,0
95,141,ZD,2,2,2,1,0,0,-1,4,4,4,4,4,0,0
95,142,ZD,2,2,2,1,0,0,-1,4,4,4,4,4,0,0
95,143,ZD,2,2,2,1,0,0,-1,4,4,4,4,4,0,0
95,144,ZD,2,2,2,1,0,0,0,1,1,1,1,1,0,0
95,145,ZD,2,2,2,1,0,0,-1,2,2,2,2,2,0,0
95,146,ZD,2,2,2,1,0,0,-1,2,2,2,2,2,0,0
95,147,ZD,2,2,2,1,0,0,0,1,1,1,1,1,0,0
95,148,ZD,2,3,3,1,0,0,-1,3,3,3,3,3,0,0
95,149,ZD,2,3,3,1,0,0,-1,3,3,3,3,3,0,0
95,150,ZD,2,2,3,1,0,0,-1,3,3,3,3,3,0,0
95,151,ZD,2,2,3,1,0,0,-1,3,3,3,3,3,0,0
95,152,ZD,2,2,3,1,0,0,-1,3,3,3,3,3,0,0
95,153,ZD,2,2,3,1,0,0,-1,3,3,3,3,3,0,0
95,154,ZD,2,3,3,1,0,0,-1,3,3,3,3,3,0,0
95,155,ZD,2,3,3,1,0,0,-1,3,3,3,3,3,0,0
95,156,ZD,2,2,2,1,0,0,-1,4,4,4,4,4,0,0
95,157,ZD,2,2,2,1,0,0,-1,4,4,4,4,4,0,0
95,158,ZD,2,2,2,1,0,0,-1,4,4,4,4,4,0,0
95,159,ZD,2,2,2,1,0,0,-1,4,4,4,4,4,0,0
95,160,ZD,2,2,2,1,0,0,-1,4,4,4,4,4,0,0
95,161,ZD,2,2,2,1,0,0,-1,4,4,4,4,4,0,0
95,162,ZD,2,2,2,1,0,0,-1,4,4,4,4,4,0,0
95,163,ZD,2,2,2,1,0,0,-1,4,4,4,4,4,0,0
95,164,ZD,2,2,3,1,0,0,-1,3,3,1,1,1,0,0
95,165,ZD,2,2,3,1,0,0,-1,3,3,2,2,2,0,0
95,166,ZD,2,2,3,1,0,0,-1,3,3,2,2,2,0,0
95,167,ZD,2,2,3,1,0,0,-1,3,3,1,1,1,0,0
95,168,ZD,2,3,2,1,0,0,-1,4,4,3,3,3,0,0
95,169,ZD,2,2,2,1,0,0,-1,4,4,3,3,3,0,0
95,170,ZD,2,2,2,1,0,0,-1,4,4,3,3,3,0,0
95,171,ZD,2,3,2,1,0,0,-1,4,4,3,3,3,0,0
95,172,ZD,2,3,2,1,0,0,-1,4,4,3,3,3,0,0
95,173,ZD,2,2,2,1,0,0,-1,4,4,3,3,3,0,0
95,174,ZD,2,2,2,1,0,0,-1,4,4,3,3,3,0,0
95,175,ZD,2,3,2,1,0,0,-1,4,4,3,3,3,0,0
95,176,ZD,2,2,2,1,0,0,-1,4,4,3,3,3,0,0
95,177,ZD,2,2,2,1,0,0,-1,4,4,2,2,2,0,0
95,178,ZD,2,2,2,1,0,0,-1,4,4,2,2,2,0,0
95,179,ZD,2,2,2,1,0,0,-1,4,4,3,3,3,0,0
95,180,ZD,2,3,3,1,0,0,-1,3,3,2,2,2,0,0
95,181,ZD,2,3,3,1,0,0,-1,3,3,3,3,3,0,0
95,182,ZD,2,3,3,1,0,0,-1,3,3,3,3,3,0,0
95,183,ZD,2,3,3,1,0,0,-1,3,3,2,2,2,0,0
95,184,ZD,2,3,2,1,0,0,-1,4,4,3,3,3,0,0
95,185,ZD,2,3,2,1,0,0,-1,4,4,2,2,2,0,0
95,186,ZD,2,3,2,1,0,0,-1,4,4,4,4,4,0,0
95,187,ZD,2,3,2,1,0,0,-1,4,4,4,4,4,0,0
95,188,ZD,2,3,2,1,0,0,-1,4,4,4,4,4,0,0
95,189,ZD,2,3,2,1,0,0,-1,4,4,4,4,4,0,0
95,190,ZD,2,3,2,1,0,0,-1,4,4,2,2,2,0,0
95,191,ZD,2,3,2,1,0,0,-1,4,4,3,3,3,0,0
95,192,ZD,2,2,2,1,0,0,-1,4,4,4,4,4,0,0
95,193,ZD,2,2,2,1,0,0,-1,4,4,4,4,4,0,0
95,194,ZD,2,2,2,1,0,0,-1,4,4,4,4,4,0,0
95,195,ZD,2,2,2,1,0,0,-1,4,4,4,4,4,0,0
95,196,ZD,2,3,2,1,0,0,-1,4,4,2,2,2,0,0
95,197,ZD,2,3,2,1,0,0,-1,4,4,3,3,3,0,0
95,198,ZD,2,3,2,1,0,0,-1,4,4,3,3,3,0,0
95,199,ZD,2,3,2,1,0,0,-1,4,4,2,2,2,0,0
96,97,POS,2,2,2,0,0,0,0,3,3,-1,-1,-1,0,1
96,98,POS,2,2,2,0,0,0,0,3,3,-1,-1,-1,0,1
96,99,POS,1,1,1,0,0,0,0,2,2,-1,-1,-1,0,1
96,100,POS,1,1,1,0,0,0,0,2,2,-1,-1,-1,0,1
96,101,POS,2,2,2,0,0,0,0,3,3,-1,-1,-1,0,1
96,102,POS,2,2,2,0,0,0,0,3,3,-1,-1,-1,0,1
96,103,POS,1,1,1,0,0,-1,-1,-1,-1,-1,-1,-1,0,1
96,104,ZD,3,3,3,0,0,0,-1,4,4,4,3,4,1,0
96,105,ZD,3,3,3,0,0,0,0,3,3,3,2,3,1,0
96,106,ZD,3,2,3,0,0,0,-1,3,3,3,2,3,1,0
96,107,ZD,3,2,3,0,0,0,-1,4,4,4,3,4,1,0
96,108,ZD,3,2,3,0,0,0,-1,4,4,4,3,4,1,0
96,109,ZD,3,2,3,0,0,0,-1,3,3,3,2,3,1,0
96,110,ZD,3,3,3,0,0,0,0,3,3,3,2,3,1,0
96,111,ZD,3,3,3,0,0,0,-1,4,4,4,3,4,1,0
96,112,ZD,2,2,3,1,0,0,-1,3,3,3,3,3,0,0
96,113,ZD,2,2,3,1,0,0,-1,3,3,3,3,3,0,0
96,114,ZD,2,2,3,1,0,0,-1,3,3,3,3,3,0,0
96,115,ZD,2,2,3,1,0,0,-1,3,3,3,3,3,0,0
96,116,ZD,2,2,3,1,0,0,-1,3,3,3,3,3,0,0
96,117,ZD,2,2,3,1,0,0,-1,3,3,3,3,3,0,0
96,118,ZD,2,2,3,1,0,0,-1,3,3,3,3,3,0,0
96,119,ZD,2,2,3,1,0,0,-1,3,3,3,3,3,0,0
96,120,ZD,3,2,3,0,0,0,-1,4,4,3,3,3,1,0
96,121,ZD,3,2,3,0,0,0,-1,4,4,4,4,4,1,0
96,122,ZD,3,2,3,0,0,0,-1,4,4,4,4,4,1,0
96,123,ZD,3,2,3,0,0,0,-1,4,4,2,2,2,1,0
96,124,ZD,3,2,3,0,0,0,-1,4,4,2,2,2,1,0
96,125,ZD,3,2,3,0,0,0,-1,4,4,4,4,4,1,0
96,126,ZD,3,2,3,0,0,0,-1,4,4,4,4,4,1,0
96,127,ZD,3,2,3,0,0,0,-1,4,4,3,3,3,1,0
96,128,POS,2,2,2,0,0,0,0,3,3,-1,-1,-1,0,1
96,129,POS,2,2,2,0,0,0,0,3,3,-1,-1,-1,0,1
96,130,POS,2,2,2,0,0,0,0,3,3,-1,-1,-1,0,1
96,131,POS,2,2,2,0,0,0,0,3,3,-1,-1,-1,0,1
96,132,ZD,3,2,3,0,0,0,-1,3,3,3,2,3,1,0
96,133,ZD,3,2,3,0,0,0,-1,4,4,4,3,4,1,0
96,134,ZD,3,2,3,0,0,0,-1,4,4,4,3,4,1,0
96,135,ZD,2,2,2,0,0,0,0,2,2,2,1,2,1,0
96,136,ZD,2,2,2,0,0,0,0,2,2,2,1,2,1,0
96,137,ZD,3,2,3,0,0,0,-1,4,4,4,3,4,1,0
96,138,ZD,3,2,3,0,0,0,-1,4,4,4,3,4,1,0
96,139,ZD,3,2,3,0,0,0,-1,3,3,3,2,3,1,0
96,140,ZD,3,2,3,0,0,0,-1,4,4,4,3,4,1,0
96,141,ZD,3,2,3,0,0,0,-1,4,4,4,3,4,1,0
96,142,ZD,3,2,3,0,0,0,-1,4,4,4,3,4,1,0
96,143,ZD,3,2,3,0,0,0,-1,4,4,4,3,4,1,0
96,144,ZD,2,2,3,1,0,0,-1,3,3,3,3,3,0,0
96,145,ZD,2,2,3,1,0,0,-1,3,3,3,3,3,0,0
96,146,ZD,2,2,3,1,0,0,-1,3,3,3,3,3,0,0
96,147,ZD,2,2,3,1,0,0,-1,3,3,3,3,3,0,0
96,148,ZD,2,2,2,1,0,0,-1,2,2,2,2,2,0,0
96,149,ZD,2,2,3,1,0,0,-1,3,3,3,3,3,0,0
96,150,ZD,2,2,2,1,0,0,0,1,1,1,1,1,0,0
96,151,ZD,2,2,3,1,0,0,-1,3,3,3,3,3,0,0
96,152,ZD,2,2,3,1,0,0,-1,3,3,3,3,3,0,0
96,153,ZD,2,2,2,1,0,0,0,1,1,1,1,1,0,0
96,154,ZD,2,2,3,1,0,0,-1,3,3,3,3,3,0,0
96,155,ZD,2,2,2,1,0,0,-1,2,2,2,2,2,0,0
96,156,ZD,3,3,3,0,0,0,-1,4,4,3,3,3,1,0
96,157,ZD,3,2,3,0,0,0,-1,3,3,3,3,3,1,0
96,158,ZD,3,2,3,0,0,0,-1,4,4,4,4,4,1,0
96,159,ZD,3,3,3,0,0,0,0,3,3,2,2,2,1,0
96,160,ZD,3,3,3,0,0,0,0,3,3,2,2,2,1,0
96,161,ZD,3,2,3,0,0,0,-1,4,4,4,4,4,1,0
96,162,ZD,3,2,3,0,0,0,-1,3,3,3,3,3,1,0
96,163,ZD,3,3,3,0,0,0,-1,4,4,3,3,3,1,0
96,164,POS,1,1,1,0,0,0,0,2,2,-1,-1,-1,0,1
96,165,POS,2,2,2,0,0,0,0,3,3,-1,-1,-1,0,1
96,166,POS,2,2,2,0,0,0,0,3,3,-1,-1,-1,0,1
96,167,POS,1,1,1,0,0,0,0,2,2,-1,-1,-1,0,1
96,168,ZD,3,2,3,0,0,0,-1,4,4,4,3,4,1,0
96,169,ZD,3,2,3,0,0,0,-1,4,4,4,3,4,1,0
96,170,ZD,3,2,3,0,0,0,-1,4,4,4,3,4,1,0
96,171,ZD,3,2,3,0,0,0,-1,4,4,4,3,4,1,0
96,172,ZD,3,2,3,0,0,0,-1,4,4,4,3,4,1,0
96,173,ZD,3,2,3,0,0,0,-1,4,4,4,3,4,1,0
96,174,ZD,3,2,3,0,0,0,-1,4,4,4,3,4,1,0
96,175,ZD,3,2,3,0,0,0,-1,4,4,4,3,4,1,0
96,176,ZD,3,2,3,0,0,0,-1,4,4,4,3,4,1,0
96,177,ZD,3,2,3,0,0,0,-1,3,3,3,2,3,1,0
96,178,ZD,3,2,3,0,0,0,-1,3,3,3,2,3,1,0
96,179,ZD,3,2,3,0,0,0,-1,4,4,4,3,4,1,0
96,180,ZD,2,3,3,1,0,0,-1,3,3,2,2,2,0,0
96,181,ZD,2,3,3,1,0,0,-1,3,3,3,3,3,0,0
96,182,ZD,2,3,3,1,0,0,-1,3,3,3,3,3,0,0
96,183,ZD,2,3,3,1,0,0,-1,3,3,2,2,2,0,0
96,184,POS,2,2,2,0,0,-1,-1,-1,-1,-1,-1,-1,0,1
96,185,ZD,3,3,3,0,0,0,-1,4,4,3,3,3,1,0
96,186,ZD,3,3,3,0,0,0,-1,4,4,3,3,3,1,0
96,187,ZD,3,3,3,0,0,0,0,3,3,3,3,3,1,0
96,188,ZD,3,3,3,0,0,0,0,3,3,3,3,3,1,0
96,189,ZD,3,3,3,0,0,0,-1,4,4,3,3,3,1,0
96,190,ZD,3,3,3,0,0,0,-1,4,4,3,3,3,1,0
96,191,POS,2,2,2,0,0,-1,-1,-1,-1,-1,-1,-1,0,1
96,192,ZD,3,2,3,0,0,0,-1,4,4,3,3,3,1,0
96,193,ZD,3,2,3,0,0,0,-1,4,4,4,4,4,1,0
96,194,ZD,3,2,3,0,0,0,-1,4,4,4,4,4,1,0
96,195,ZD,3,2,3,0,0,0,-1,4,4,3,3,3,1,0
96,196,ZD,3,3,3,0,0,0,0,3,3,3,2,3,1,0
96,197,ZD,3,3,3,0,0,0,-1,4,4,4,3,4,1,0
96,198,ZD,3,3,3,0,0,0,-1,4,4,4,3,4,1,0
96,199,ZD,3,3,3,0,0,0,0,3,3,3,2,3,1,0
97,98,POS,1,1,1,0,0,0,0,2,2,-1,-1,-1,0,1
97,99,POS,2,2,2,0,0,0,0,3,3,-1,-1,-1,0,1
97,100,POS,2,2,2,0,0,0,0,3,3,-1,-1,-1,0,1
97,101,POS,1,1,1,0,0,0,0,2,2,-1,-1,-1,0,1
97,102,POS,1,1,1,0,0,-1,-1,-1,-1,-1,-1,-1,0,1
97,103,POS,2,2,2,0,0,0,0,3,3,-1,-1,-1,0,1
97,104,ZD,3,3,3,0,0,0,-1,4,4,4,3,4,1,0
97,105,ZD,3,3,3,0,0,0,0,3,3,3,2,3,1,0
97,106,ZD,3,2,3,0,0,0,-1,3,3,3,2,3,1,0
97,107,ZD,3,2,3,0,0,0,-1,4,4,4,3,4,1,0
97,108,ZD,3,2,3,0,0,0,-1,4,4,4,3,4,1,0
97,109,ZD,3,2,3,0,0,0,-1,3,3,3,2,3,1,0
97,110,ZD,3,3,3,0,0,0,0,3,3,3,2,3,1,0
97,111,ZD,3,3,3,0,0,0,-1,4,4,4,3,4,1,0
97,112,ZD,2,2,3,1,0,0,-1,3,3,3,3,3,0,0
97,113,ZD,2,2,3,1,0,0,-1,3,3,3,3,3,0,0
97,114,ZD,2,2,3,1,0,0,-1,3,3,3,3,3,0,0
97,115,ZD,2,2,3,1,0,0,-1,3,3,3,3,3,0,0
97,116,ZD,2,2,3,1,0,0,-1,3,3,3,3,3,0,0
97,117,ZD,2,2,3,1,0,0,-1,3,3,3,3,3,0,0
97,118,ZD,2,2,3,1,0,0,-1,3,3,3,3,3,0,0
97,119,ZD,2,2,3,1,0,0,-1,3,3,3,3,3,0,0
97,120,ZD,3,2,3,0,0,0,-1,4,4,4,4,4,1,0
97,121,ZD,3,2,3,0,0,0,-1,4,4,2,2,2,1,0
97,122,ZD,3,2,3,0,0,0,-1,4,4,3,3,3,1,0
97,123,ZD,3,2,3,0,0,0,-1,4,4,4,4,4,1,0
97,124,ZD,3,2,3,0,0,0,-1,4,4,4,4,4,1,0
97,125,ZD,3,2,3,0,0,0,-1,4,4,3,3,3,1,0
97,126,ZD,3,2,3,0,0,0,-1,4,4,2,2,2,1,0
97,127,ZD,3,2,3,0,0,0,-1,4,4,4,4,4,1,0
97,128,POS,2,2,2,0,0,0,0,3,3,-1,-1,-1,0,1
97,129,POS,2,2,2,0,0,0,0,3,3,-1,-1,-1,0,1
97,130,POS,2,2,2,0,0,0,0,3,3,-1,-1,-1,0,1
97,131,POS,2,2,2,0,0,0,0,3,3,-1,-1,-1,0,1
97,132,ZD,3,2,3,0,0,0,-1,4,4,4,3,4,1,0
97,133,ZD,2,2,2,0,0,0,0,2,2,2,1,2,1,0
97,134,ZD,3,2,3,0,0,0,-1,3,3,3,2,3,1,0
97,135,ZD,3,2,3,0,0,0,-1,4,4,4,3,4,1,0
97,136,ZD,3,2,3,0,0,0,-1,4,4,4,3,4,1,0
97,137,ZD,3,2,3,0,0,0,-1,3,3,3,2,3,1,0
97,138,ZD,2,2,2,0,0,0,0,2,2,2,1,2,1,0
97,139,ZD,3,2,3,0,0,0,-1,4,4,4,3,4,1,0
97,140,ZD,3,2,3,0,0,0,-1,4,4,4,3,4,1,0
97,141,ZD,3,2,3,0,0,0,-1,4,4,4,3,4,1,0
97,142,ZD,3,2,3,0,0,0,-1,4,4,4,3,4,1,0
97,143,ZD,3,2,3,0,0,0,-1,4,4,4,3,4,1,0
97,144,ZD,2,2,3,1,0,0,-1,3,3,3,3,3,0,0
97,145,ZD,2,2,3,1,0,0,-1,3,3,3,3,3,0,0
97,146,ZD,2,2,3,1,0,0,-1,3,3,3,3,3,0,0
97,147,ZD,2,2,3,1,0,0,-1,3,3,3,3,3,0,0
97,148,ZD,2,2,3,1,0,0,-1,3,3,3,3,3,0,0
97,149,ZD,2,2,2,1,0,0,0,1,1,1,1,1,0,0
97,150,ZD,2,2,3,1,0,0,-1,3,3,3,3,3,0,0
97,151,ZD,2,2,2,1,0,0,-1,2,2,2,2,2,0,0
97,152,ZD,2,2,2,1,0,0,-1,2,2,2,2,2,0,0
97,153,ZD,2,2,3,1,0,0,-1,3,3,3,3,3,0,0
97,154,ZD,2,2,2,1,0,0,0,1,1,1,1,1,0,0
97,155,ZD,2,2,3,1,0,0,-1,3,3,3,3,3,0,0
97,156,ZD,3,2,3,0,0,0,-1,4,4,4,4,4,1,0
97,157,ZD,3,3,3,0,0,0,0,3,3,2,2,2,1,0
97,158,ZD,3,3,3,0,0,0,-1,4,4,3,3,3,1,0
97,159,ZD,3,2,3,0,0,0,-1,3,3,3,3,3,1,0
97,160,ZD,3,2,3,0,0,0,-1,3,3,3,3,3,1,0
97,161,ZD,3,3,3,0,0,0,-1,4,4,3,3,3,1,0
97,162,ZD,3,3,3,0,0,0,0,3,3,2,2,2,1,0
97,163,ZD,3,2,3,0,0,0,-1,4,4,4,4,4,1,0
97,164,POS,2,2,2,0,0,0,0,3,3,-1,-1,-1,0,1
97,165,POS,1,1,1,0,0,0,0,2,2,-1,-1,-1,0,1
97,166,POS,1,1,1,0,0,0,0,2,2,-1,-1,-1,0,1
97,167,POS,2,2,2,0,0,0,0,3,3,-1,-1,-1,0,1
97,168,ZD,3,2,3,0,0,0,-1,4,4,4,3,4,1,0
97,169,ZD,3,2,3,0,0,0,-1,4,4,4,3,4,1,0
97,170,ZD,3,2,3,0,0,0,-1,4,4,4,3,4,1,0
97,171,ZD,3,2,3,0,0,0,-1,4,4,4,3,4,1,0
97,172,ZD,3,2,3,0,0,0,-1,4,4,4,3,4,1,0
97,173,ZD,3,2,3,0,0,0,-1,4,4,4,3,4,1,0
97,174,ZD,3,2,3,0,0,0,-1,4,4,4,3,4,1,0
97,175,ZD,3,2,3,0,0,0,-1,4,4,4,3,4,1,0
97,176,ZD,3,2,3,0,0,0,-1,4,4,4,3,4,1,0
97,177,ZD,3,2,3,0,0,0,-1,3,3,3,2,3,1,0
97,178,ZD,3,2,3,0,0,0,-1,3,3,3,2,3,1,0
97,179,ZD,3,2,3,0,0,0,-1,4,4,4,3,4,1,0
97,180,ZD,2,3,3,1,0,0,-1,3,3,2,2,2,0,0
97,181,ZD,2,3,3,1,0,0,-1,3,3,3,3,3,0,0
97,182,ZD,2,3,3,1,0,0,-1,3,3,3,3,3,0,0
97,183,ZD,2,3,3,1,0,0,-1,3,3,2,2,2,0,0
97,184,ZD,3,3,3,0,0,0,-1,4,4,3,3,3,1,0
97,185,POS,2,2,2,0,0,-1,-1,-1,-1,-1,-1,-1,0,1
97,186,ZD,3,3,3,0,0,0,0,3,3,3,3,3,1,0
97,187,ZD,3,3,3,0,0,0,-1,4,4,3,3,3,1,0
97,188,ZD,3,3,3,0,0,0,-1,4,4,3,3,3,1,0
97,189,ZD,3,3,3,0,0,0,0,3,3,3,3,3,1,0
97,190,POS,2,2,2,0,0,-1,-1,-1,-1,-1,-1,-1,0,1
97,191,ZD,3,3,3,0,0,0,-1,4,4,3,3,3,1,0
97,192,ZD,3,2,3,0,0,0,-1,4,4,4,4,4,1,0
97,193,ZD,3,2,3,0,0,0,-1,4,4,3,3,3,1,0
97,194,ZD,3,2,3,0,0,0,-1,4,4,3,3,3,1,0
97,195,ZD,3,2,3,0,0,0,-1,4,4,4,4,4,1,0
97,196,ZD,3,3,3,0,0,0,-1,4,4,4,3,4,1,0
97,197,ZD,3,3,3,0,0,0,0,3,3,3,2,3,1,0
97,198,ZD,3,3,3,0,0,0,0,3,3,3,2,3,1,0
97,199,ZD,3,3,3,0,0,0,-1,4,4,4,3,4,1,0
98,99,POS,2,2,2,0,0,0,0,3,3,-1,-1,-1,0,1
98,100,POS,2,2,2,0,0,0,0,3,3,-1,-1,-1,0,1
98,101,POS,1,1,1,0,0,-1,-1,-1,-1,-1,-1,-1,0,1
98,102,POS,1,1,1,0,0,0,0,2,2,-1,-1,-1,0,1
98,103,POS,2,2,2,0,0,0,0,3,3,-1,-1,-1,0,1
98,104,ZD,3,2,3,0,0,0,-1,4,4,4,3,4,1,0
98,105,ZD,3,2,3,0,0,0,-1,3,3,3,2,3,1,0
98,106,ZD,3,3,3,0,0,0,0,3,3,3,2,3,1,0
98,107,ZD,3,3,3,0,0,0,-1,4,4,4,3,4,1,0
98,108,ZD,3,3,3,0,0,0,-1,4,4,4,3,4,1,0
98,109,ZD,3,3,3,0,0,0,0,3,3,3,2,3,1,0
98,110,ZD,3,2,3,0,0,0,-1,3,3,3,2,3,1,0
98,111,ZD,3,2,3,0,0,0,-1,4,4,4,3,4,1,0
98,112,ZD,2,2,3,1,0,0,-1,3,3,3,3,3,0,0
98,113,ZD,2,2,3,1,0,0,-1,3,3,3,3,3,0,0
98,114,ZD,2,2,3,1,0,0,-1,3,3,3,3,3,0,0
98,115,ZD,2,2,3,1,0,0,-1,3,3,3,3,3,0,0
98,116,ZD,2,2,3,1,0,0,-1,3,3,3,3,3,0,0
98,117,ZD,2,2,3,1,0,0,-1,3,3,3,3,3,0,0
98,118,ZD,2,2,3,1,0,0,-1,3,3,3,3,3,0,0
98,119,ZD,2,2,3,1,0,0,-1,3,3,3,3,3,0,0
98,120,ZD,3,2,3,0,0,0,-1,4,4,2,2,2,1,0
98,121,ZD,3,2,3,0,0,0,-1,4,4,4,4,4,1,0
98,122,ZD,3,2,3,0,0,0,-1,4,4,4,4,4,1,0
98,123,ZD,3,2,3,0,0,0,-1,4,4,3,3,3,1,0
98,124,ZD,3,2,3,0,0,0,-1,4,4,3,3,3,1,0
98,125,ZD,3,2,3,0,0,0,-1,4,4,4,4,4,1,0
98,126,ZD,3,2,3,0,0,0,-1,4,4,4,4,4,1,0
98,127,ZD,3,2,3,0,0,0,-1,4,4,2,2,2,1,0
98,128,POS,2,2,2,0,0,0,0,3,3,-1,-1,-1,0,1
98,129,POS,2,2,2,0,0,0,0,3,3,-1,-1,-1,0,1
98,130,POS,2,2,2,0,0,0,0,3,3,-1,-1,-1,0,1
98,131,POS,2,2,2,0,0,0,0,3,3,-1,-1,-1,0,1
98,132,ZD,3,2,3,0,0,0,-1,4,4,4,3,4,1,0
98,133,ZD,3,2,3,0,0,0,-1,3,3,3,2,3,1,0
98,134,ZD,2,2,2,0,0,0,0,2,2,2,1,2,1,0
98,135,ZD,3,2,3,0,0,0,-1,4,4,4,3,4,1,0
98,136,ZD,3,2,3,0,0,0,-1,4,4,4,3,4,1,0
98,137,ZD,2,2,2,0,0,0,0,2,2,2,1,2,1,0
98,138,ZD,3,2,3,0,0,0,-1,3,3,3,2,3,1,0
98,139,ZD,3,2,3,0,0,0,-1,4,4,4,3,4,1,0
98,140,ZD,3,2,3,0,0,0,-1,4,4,4,3,4,1,0
98,141,ZD,3,2,3,0,0,0,-1,4,4,4,3,4,1,0
98,142,ZD,3,2,3,0,0,0,-1,4,4,4,3,4,1,0
98,143,ZD,3,2,3,0,0,0,-1,4,4,4,3,4,1,0
98,144,ZD,2,2,3,1,0,0,-1,3,3,3,3,3,0,0
98,145,ZD,2,2,3,1,0,0,-1,3,3,3,3,3,0,0
98,146,ZD,2,2,3,1,0,0,-1,3,3,3,3,3,0,0
98,147,ZD,2,2,3,1,0,0,-1,3,3,3,3,3,0,0
98,148,ZD,2,2,3,1,0,0,-1,3,3,3,3,3,0,0
98,149,ZD,2,2,2,1,0,0,-1,2,2,2,2,2,0,0
98,150,ZD,2,2,3,1,0,0,-1,3,3,3,3,3,0,0
98,151,ZD,2,2,2,1,0,0,0,1,1,1,1,1,0,0
98,152,ZD,2,2,2,1,0,0,0,1,1,1,1,1,0,0
98,153,ZD,2,2,3,1,0,0,-1,3,3,3,3,3,0,0
98,154,ZD,2,2,2,1,0,0,-1,2,2,2,2,2,0,0
98,155,ZD,2,2,3,1,0,0,-1,3,3,3,3,3,0,0
98,156,ZD,3,3,3,0,0,0,-1,4,4,3,3,3,1,0
98,157,ZD,3,2,3,0,0,0,-1,3,3,3,3,3,1,0
98,158,ZD,3,2,3,0,0,0,-1,4,4,4,4,4,1,0
98,159,ZD,3,3,3,0,0,0,0,3,3,2,2,2,1,0
98,160,ZD,3,3,3,0,0,0,0,3,3,2,2,2,1,0
98,161,ZD,3,2,3,0,0,0,-1,4,4,4,4,4,1,0
98,162,ZD,3,2,3,0,0,0,-1,3,3,3,3,3,1,0
98,163,ZD,3,3,3,0,0,0,-1,4,4,3,3,3,1,0
98,164,POS,2,2,2,0,0,0,0,3,3,-1,-1,-1,0,1
98,165,POS,1,1,1,0,0,0,0,2,2,-1,-1,-1,0,1
98,166,POS,1,1,1,0,0,0,0,2,2,-1,-1,-1,0,1
98,167,POS,2,2,2,0,0,0,0,3,3,-1,-1,-1,0,1
98,168,ZD,3,2,3,0,0,0,-1,4,4,4,3,4,1,0
98,169,ZD,3,2,3,0,0,0,-1,4,4,4,3,4,1,0
98,170,ZD,3,2,3,0,0,0,-1,4,4,4,3,4,1,0
98,171,ZD,3,2,3,0,0,0,-1,4,4,4,3,4,1,0
98,172,ZD,3,2,3,0,0,0,-1,4,4,4,3,4,1,0
98,173,ZD,3,2,3,0,0,0,-1,4,4,4,3,4,1,0
98,174,ZD,3,2,3,0,0,0,-1,4,4,4,3,4,1,0
98,175,ZD,3,2,3,0,0,0,-1,4,4,4,3,4,1,0
98,176,ZD,3,2,3,0,0,0,-1,4,4,4,3,4,1,0
98,177,ZD,3,2,3,0,0,0,-1,3,3,3,2,3,1,0
98,178,ZD,3,2,3,0,0,0,-1,3,3,3,2,3,1,0
98,179,ZD,3,2,3,0,0,0,-1,4,4,4,3,4,1,0
98,180,ZD,2,3,3,1,0,0,-1,3,3,3,3,3,0,0
98,181,ZD,2,3,3,1,0,0,-1,3,3,2,2,2,0,0
98,182,ZD,2,3,3,1,0,0,-1,3,3,2,2,2,0,0
98,183,ZD,2,3,3,1,0,0,-1,3,3,3,3,3,0,0
98,184,ZD,3,3,3,0,0,0,-1,4,4,3,3,3,1,0
98,185,ZD,3,3,3,0,0,0,0,3,3,3,3,3,1,0
98,186,POS,2,2,2,0,0,-1,-1,-1,-1,-1,-1,-1,0,1
98,187,ZD,3,3,3,0,0,0,-1,4,4,3,3,3,1,0
98,188,ZD,3,3,3,0,0,0,-1,4,4,3,3,3,1,0
98,189,POS,2,2,2,0,0,-1,-1,-1,-1,-1,-1,-1,0,1
98,190,ZD,3,3,3,0,0,0,0,3,3,3,3,3,1,0
98,191,ZD,3,3,3,0,0,0,-1,4,4,3,3,3,1,0
98,192,ZD,3,2,3,0,0,0,-1,4,4,3,3,3,1,0
98,193,ZD,3,2,3,0,0,0,-1,4,4,4,4,4,1,0
98,194,ZD,3,2,3,0,0,0,-1,4,4,4,4,4,1,0
98,195,ZD,3,2,3,0,0,0,-1,4,4,3,3,3,1,0
98,196,ZD,3,3,3,0,0,0,-1,4,4,4,3,4,1,0
98,197,ZD,3,3,3,0,0,0,0,3,3,3,2,3,1,0
98,198,ZD,3,3,3,0,0,0,0,3,3,3,2,3,1,0
98,199,ZD,3,3,3,0,0,0,-1,4,4,4,3,4,1,0
99,100,POS,1,1,1,0,0,-1,-1,-1,-1,-1,-1,-1,0,1
99,101,POS,2,2,2,0,0,0,0,3,3,-1,-1,-1,0,1
99,102,POS,2,2,2,0,0,0,0,3,3,-1,-1,-1,0,1
99,103,POS,1,1,1,0,0,0,0,2,2,-1,-1,-1,0,1
99,104,ZD,3,2,3,0,0,0,-1,4,4,4,3,4,1,0
99,105,ZD,3,2,3,0,0,0,-1,3,3,3,2,3,1,0
99,106,ZD,3,3,3,0,0,0,0,3,3,3,2,3,1,0
99,107,ZD,3,3,3,0,0,0,-1,4,4,4,3,4,1,0
99,108,ZD,3,3,3,0,0,0,-1,4,4,4,3,4,1,0
99,109,ZD,3,3,3,0,0,0,0,3,3,3,2,3,1,0
99,110,ZD,3,2,3,0,0,0,-1,3,3,3,2,3,1,0
99,111,ZD,3,2,3,0,0,0,-1,4,4,4,3,4,1,0
99,112,ZD,2,2,3,1,0,0,-1,3,3,3,3,3,0,0
99,113,ZD,2,2,3,1,0,0,-1,3,3,3,3,3,0,0
99,114,ZD,2,2,3,1,0,0,-1,3,3,3,3,3,0,0
99,115,ZD,2,2,3,1,0,0,-1,3,3,3,3,3,0,0
99,116,ZD,2,2,3,1,0,0,-1,3,3,3,3,3,0,0
99,117,ZD,2,2,3,1,0,0,-1,3,3,3,3,3,0,0
99,118,ZD,2,2,3,1,0,0,-1,3,3,3,3,3,0,0
99,119,ZD,2,2,3,1,0,0,-1,3,3,3,3,3,0,0
99,120,ZD,3,2,3,0,0,0,-1,4,4,4,4,4,1,0
99,121,ZD,3,2,3,0,0,0,-1,4,4,3,3,3,1,0
99,122,ZD,3,2,3,0,0,0,-1,4,4,2,2,2,1,0
99,123,ZD,3,2,3,0,0,0,-1,4,4,4,4,4,1,0
99,124,ZD,3,2,3,0,0,0,-1,4,4,4,4,4,1,0
99,125,ZD,3,2,3,0,0,0,-1,4,4,2,2,2,1,0
99,126,ZD,3,2,3,0,0,0,-1,4,4,3,3,3,1,0
99,127,ZD,3,2,3,0,0,0,-1,4,4,4,4,4,1,0
99,128,POS,2,2,2,0,0,0,0,3,3,-1,-1,-1,0,1
99,129,POS,2,2,2,0,0,0,0,3,3,-1,-1,-1,0,1
99,130,POS,2,2,2,0,0,0,0,3,3,-1,-1,-1,0,1
99,131,POS,2,2,2,0,0,0,0,3,3,-1,-1,-1,0,1
99,132,ZD,2,2,2,0,0,0,0,2,2,2,1,2,1,0
99,133,ZD,3,2,3,0,0,0,-1,4,4,4,3,4,1,0
99,134,ZD,3,2,3,0,0,0,-1,4,4,4,3,4,1,0
99,135,ZD,3,2,3,0,0,0,-1,3,3,3,2,3,1,0
99,136,ZD,3,2,3,0,0,0,-1,3,3,3,2,3,1,0
99,137,ZD,3,2,3,0,0,0,-1,4,4,4,3,4,1,0
99,138,ZD,3,2,3,0,0,0,-1,4,4,4,3,4,1,0
99,139,ZD,2,2,2,0,0,0,0,2,2,2,1,2,1,0
99,140,ZD,3,2,3,0,0,0,-1,4,4,4,3,4,1,0
99,141,ZD,3,2,3,0,0,0,-1,4,4,4,3,4,1,0
99,142,ZD,3,2,3,0,0,0,-1,4,4,4,3,4,1,0
99,143,ZD,3,2,3,0,0,0,-1,4,4,4,3,4,1,0
99,144,ZD,2,2,3,1,0,0,-1,3,3,3,3,3,0,0
99,145,ZD,2,2,3,1,0,0,-1,3,3,3,3,3,0,0
99,146,ZD,2,2,3,1,0,0,-1,3,3,3,3,3,0,0
99,147,ZD,2,2,3,1,0,0,-1,3,3,3,3,3,0,0
99,148,ZD,2,2,2,1,0,0,0,1,1,1,1,1,0,0
99,149,ZD,2,2,3,1,0,0,-1,3,3,3,3,3,0,0
99,150,ZD,2,2,2,1,0,0,-1,2,2,2,2,2,0,0
99,151,ZD,2,2,3,1,0,0,-1,3,3,3,3,3,0,0
99,152,ZD,2,2,3,1,0,0,-1,3,3,3,3,3,0,0
99,153,ZD,2,2,2,1,0,0,-1,2,2,2,2,2,0,0
99,154,ZD,2,2,3,1,0,0,-1,3,3,3,3,3,0,0
99,155,ZD,2,2,2,1,0,0,0,1,1,1,1,1,0,0
99,156,ZD,3,2,3,0,0,0,-1,4,4,4,4,4,1,0
99,157,ZD,3,3,3,0,0,0,0,3,3,2,2,2,1,0
99,158,ZD,3,3,3,0,0,0,-1,4,4,3,3,3,1,0
99,159,ZD,3,2,3,0,0,0,-1,3,3,3,3,3,1,0
99,160,ZD,3,2,3,0,0,0,-1,3,3,3,3,3,1,0
99,161,ZD,3,3,3,0,0,0,-1,4,4,3,3,3,1,0
99,162,ZD,3,3,3,0,0,0,0,3,3,2,2,2,1,0
99,163,ZD,3,2,3,0,0,0,-1,4,4,4,4,4,1,0
99,164,POS,1,1,1,0,0,0,0,2,2,-1,-1,-1,0,1
99,165,POS,2,2,2,0,0,0,0,3,3,-1,-1,-1,0,1
99,166,POS,2,2,2,0,0,0,0,3,3,-1,-1,-1,0,1
99,167,POS,1,1,1,0,0,0,0,2,2,-1,-1,-1,0,1
99,168,ZD,3,2,3,0,0,0,-1,4,4,4,3,4,1,0
99,169,ZD,3,2,3,0,0,0,-1,4,4,4,3,4,1,0
99,170,ZD,3,2,3,0,0,0,-1,4,4,4,3,4,1,0
99,171,ZD,3,2,3,0,0,0,-1,4,4,4,3,4,1,0
99,172,ZD,3,2,3,0,0,0,-1,4,4,4,3,4,1,0
99,173,ZD,3,2,3,0,0,0,-1,4,4,4,3,4,1,0
99,174,ZD,3,2,3,0,0,0,-1,4,4,4,3,4,1,0
99,175,ZD,3,2,3,0,0,0,-1,4,4,4,3,4,1,0
99,176,ZD,3,2,3,0,0,0,-1,4,4,4,3,4,1,0
99,177,ZD,3,2,3,0,0,0,-1,3,3,3,2,3,1,0
99,178,ZD,3,2,3,0,0,0,-1,3,3,3,2,3,1,0
99,179,ZD,3,2,3,0,0,0,-1,4,4,4,3,4,1,0
99,180,ZD,2,3,3,1,0,0,-1,3,3,3,3,3,0,0
99,181,ZD,2,3,3,1,0,0,-1,3,3,2,2,2,0,0
99,182,ZD,2,3,3,1,0,0,-1,3,3,2,2,2,0,0
99,183,ZD,2,3,3,1,0,0,-1,3,3,3,3,3,0,0
99,184,ZD,3,3,3,0,0,0,0,3,3,3,3,3,1,0
99,185,ZD,3,3,3,0,0,0,-1,4,4,3,3,3,1,0
99,186,ZD,3,3,3,0,0,0,-1,4,4,3,3,3,1,0
99,187,POS,2,2,2,0,0,-1,-1,-1,-1,-1,-1,-1,0,1
99,188,POS,2,2,2,0,0,-1,-1,-1,-1,-1,-1,-1,0,1
99,189,ZD,3,3,3,0,0,0,-1,4,4,3,3,3,1,0
99,190,ZD,3,3,3,0,0,0,-1,4,4,3,3,3,1,0
99,191,ZD,3,3,3,0,0,0,0,3,3,3,3,3,1,0
99,192,ZD,3,2,3,0,0,0,-1,4,4,4,4,4,1,0
99,193,ZD,3,2,3,0,0,0,-1,4,4,3,3,3,1,0
99,194,ZD,3,2,3,0,0,0,-1,4,4,3,3,3,1,0
99,195,ZD,3,2,3,0,0,0,-1,4,4,4,4,4,1,0
99,196,ZD,3,3,3,0,0,0,0,3,3,3,2,3,1,0
99,197,ZD,3,3,3,0,0,0,-1,4,4,4,3,4,1,0
99,198,ZD,3,3,3,0,0,0,-1,4,4,4,3,4,1,0
99,199,ZD,3,3,3,0,0,0,0,3,3,3,2,3,1,0
100,101,POS,2,2,2,0,0,0,0,3,3,-1,-1,-1,0,1
100,102,POS,2,2,2,0,0,0,0,3,3,-1,-1,-1,0,1
100,103,POS,1,1,1,0,0,0,0,2,2,-1,-1,-1,0,1
100,104,ZD,3,2,3,0,0,0,-1,4,4,4,3,4,1,0
100,105,ZD,3,2,3,0,0,0,-1,3,3,3,2,3,1,0
100,106,ZD,3,3,3,0,0,0,0,3,3,3,2,3,1,0
100,107,ZD,3,3,3,0,0,0,-1,4,4,4,3,4,1,0
100,108,ZD,3,3,3,0,0,0,-1,4,4,4,3,4,1,0
100,109,ZD,3,3,3,0,0,0,0,3,3,3,2,3,1,0
100,110,ZD,3,2,3,0,0,0,-1,3,3,3,2,3,1,0
100,111,ZD,3,2,3,0,0,0,-1,4,4,4,3,4,1,0
100,112,ZD,2,2,3,1,0,0,-1,3,3,3,3,3,0,0
100,113,ZD,2,2,3,1,0,0,-1,3,3,3,3,3,0,0
100,114,ZD,2,2,3,1,0,0,-1,3,3,3,3,3,0,0
100,115,ZD,2,2,3,1,0,0,-1,3,3,3,3,3,0,0
100,116,ZD,2,2,3,1,0,0,-1,3,3,3,3,3,0,0
100,117,ZD,2,2,3,1,0,0,-1,3,3,3,3,3,0,0
100,118,ZD,2,2,3,1,0,0,-1,3,3,3,3,3,0,0
100,119,ZD,2,2,3,1,0,0,-1,3,3,3,3,3,0,0
100,120,ZD,3,2,3,0,0,0,-1,4,4,4,4,4,1,0
100,121,ZD,3,2,3,0,0,0,-1,4,4,3,3,3,1,0
100,122,ZD,3,2,3,0,0,0,-1,4,4,2,2,2,1,0
100,123,ZD,3,2,3,0,0,0,-1,4,4,4,4,4,1,0
100,124,ZD,3,2,3,0,0,0,-1,4,4,4,4,4,1,0
100,125,ZD,3,2,3,0,0,0,-1,4,4,2,2,2,1,0
100,126,ZD,3,2,3,0,0,0,-1,4,4,3,3,3,1,0
100,127,ZD,3,2,3,0,0,0,-1,4,4,4,4,4,1,0
100,128,POS,2,2,2,0,0,0,0,3,3,-1,-1,-1,0,1
100,129,POS,2,2,2,0,0,0,0,3,3,-1,-1,-1,0,1
100,130,POS,2,2,2,0,0,0,0,3,3,-1,-1,-1,0,1
100,131,POS,2,2,2,0,0,0,0,3,3,-1,-1,-1,0,1
100,132,ZD,2,2,2,0,0,0,0,2,2,2,1,2,1,0
100,133,ZD,3,2,3,0,0,0,-1,4,4,4,3,4,1,0
100,134,ZD,3,2,3,0,0,0,-1,4,4,4,3,4,1,0
100,135,ZD,3,2,3,0,0,0,-1,3,3,3,2,3,1,0
100,136,ZD,3,2,3,0,0,0,-1,3,3,3,2,3,1,0
100,137,ZD,3,2,3,0,0,0,-1,4,4,4,3,4,1,0
100,138,ZD,3,2,3,0,0,0,-1,4,4,4,3,4,1,0
100,139,ZD,2,2,2,0,0,0,0,2,2,2,1,2,1,0
100,140,ZD,3,2,3,0,0,0,-1,4,4,4,3,4,1,0
100,141,ZD,3,2,3,0,0,0,-1,4,4,4,3,4,1,0
100,142,ZD,3,2,3,0,0,0,-1,4,4,4,3,4,1,0
100,143,ZD,3,2,3,0,0,0,-1,4,4,4,3,4,1,0
100,144,ZD,2,2,3,1,0,0,-1,3,3,3,3,3,0,0
100,145,ZD,2,2,3,1,0,0,-1,3,3,3,3,3,0,0
100,146,ZD,2,2,3,1,0,0,-1,3,3,3,3,3,0,0
100,147,ZD,2,2,3,1,0,0,-1,3,3,3,3,3,0,0
100,148,ZD,2,2,2,1,0,0,0,1,1,1,1,1,0,0
100,149,ZD,2,2,3,1,0,0,-1,3,3,3,3,3,0,0
100,150,ZD,2,2,2,1,0,0,-1,2,2,2,2,2,0,0
100,151,ZD,2,2,3,1,0,0,-1,3,3,3,3,3,0,0
100,152,ZD,2,2,3,1,0,0,-1,3,3,3,3,3,0,0
100,153,ZD,2,2,2,1,0,0,-1,2,2,2,2,2,0,0
100,154,ZD,2,2,3,1,0,0,-1,3,3,3,3,3,0,0
100,155,ZD,2,2,2,1,0,0,0,1,1,1,1,1,0,0
100,156,ZD,3,2,3,0,0,0,-1,4,4,4,4,4,1,0
100,157,ZD,3,3,3,0,0,0,0,3,3,2,2,2,1,0
100,158,ZD,3,3,3,0,0,0,-1,4,4,3,3,3,1,0
100,159,ZD,3,2,3,0,0,0,-1,3,3,3,3,3,1,0
100,160,ZD,3,2,3,0,0,0,-1,3,3,3,3,3,1,0
100,161,ZD,3,3,3,0,0,0,-1,4,4,3,3,3,1,0
100,162,ZD,3,3,3,0,0,0,0,3,3,2,2,2,1,0
100,163,ZD,3,2,3,0,0,0,-1,4,4,4,4,4,1,0
100,164,POS,1,1,1,0,0,0,0,2,2,-1,-1,-1,0,1
100,165,POS,2,2,2,0,0,0,0,3,3,-1,-1,-1,0,1
100,166,POS,2,2,2,0,0,0,0,3,3,-1,-1,-1,0,1
100,167,POS,1,1,1,0,0,0,0,2,2,-1,-1,-1,0,1
100,168,ZD,3,2,3,0,0,0,-1,4,4,4,3,4,1,0
100,169,ZD,3,2,3,0,0,0,-1,4,4,4,3,4,1,0
100,170,ZD,3,2,3,0,0,0,-1,4,4,4,3,4,1,0
100,171,ZD,3,2,3,0,0,0,-1,4,4,4,3,4,1,0
100,172,ZD,3,2,3,0,0,0,-1,4,4,4,3,4,1,0
100,173,ZD,3,2,3,0,0,0,-1,4,4,4,3,4,1,0
100,174,ZD,3,2,3,0,0,0,-1,4,4,4,3,4,1,0
100,175,ZD,3,2,3,0,0,0,-1,4,4,4,3,4,1,0
100,176,ZD,3,2,3,0,0,0,-1,4,4,4,3,4,1,0
100,177,ZD,3,2,3,0,0,0,-1,3,3,3,2,3,1,0
100,178,ZD,3,2,3,0,0,0,-1,3,3,3,2,3,1,0
100,179,ZD,3,2,3,0,0,0,-1,4,4,4,3,4,1,0
100,180,ZD,2,3,3,1,0,0,-1,3,3,3,3,3,0,0
100,181,ZD,2,3,3,1,0,0,-1,3,3,2,2,2,0,0
100,182,ZD,2,3,3,1,0,0,-1,3,3,2,2,2,0,0
100,183,ZD,2,3,3,1,0,0,-1,3,3,3,3,3,0,0
100,184,ZD,3,3,3,0,0,0,0,3,3,3,3,3,1,0
100,185,ZD,3,3,3,0,0,0,-1,4,4,3,3,3,1,0
100,186,ZD,3,3,3,0,0,0,-1,4,4,3,3,3,1,0
100,187,POS,2,2,2,0,0,-1,-1,-1,-1,-1,-1,-1,0,1
100,188,POS,2,2,2,0,0,-1,-1,-1,-1,-1,-1,-1,0,1
100,189,ZD,3,3,3,0,0,0,-1,4,4,3,3,3,1,0
100,190,ZD,3,3,3,0,0,0,-1,4,4,3,3,3,1,0
100,191,ZD,3,3,3,0,0,0,0,3,3,3,3,3,1,0
100,192,ZD,3,2,3,0,0,0,-1,4,4,4,4,4,1,0
100,193,ZD,3,2,3,0,0,0,-1,4,4,3,3,3,1,0
100,194,ZD,3,2,3,0,0,0,-1,4,4,3,3,3,1,0
100,195,ZD,3,2,3,0,0,0,-1,4,4,4,4,4,1,0
100,196,ZD,3,3,3,0,0,0,0,3,3,3,2,3,1,0
100,197,ZD,3,3,3,0,0,0,-1,4,4,4,3,4,1,0
100,198,ZD,3,3,3,0,0,0,-1,4,4,4,3,4,1,0
100,199,ZD,3,3,3,0,0,0,0,3,3,3,2,3,1,0
101,102,POS,1,1,1,0,0,0,0,2,2,-1,-1,-1,0,1
101,103,POS,2,2,2,0,0,0,0,3,3,-1,-1,-1,0,1
101,104,ZD,3,2,3,0,0,0,-1,4,4,4,3,4,1,0
101,105,ZD,3,2,3,0,0,0,-1,3,3,3,2,3,1,0
101,106,ZD,3,3,3,0,0,0,0,3,3,3,2,3,1,0
101,107,ZD,3,3,3,0,0,0,-1,4,4,4,3,4,1,0
101,108,ZD,3,3,3,0,0,0,-1,4,4,4,3,4,1,0
101,109,ZD,3,3,3,0,0,0,0,3,3,3,2,3,1,0
101,110,ZD,3,2,3,0,0,0,-1,3,3,3,2,3,1,0
101,111,ZD,3,2,3,0,0,0,-1,4,4,4,3,4,1,0
101,112,ZD,2,2,3,1,0,0,-1,3,3,3,3,3,0,0
101,113,ZD,2,2,3,1,0,0,-1,3,3,3,3,3,0,0
101,114,ZD,2,2,3,1,0,0,-1,3,3,3,3,3,0,0
101,115,ZD,2,2,3,1,0,0,-1,3,3,3,3,3,0,0
101,116,ZD,2,2,3,1,0,0,-1,3,3,3,3,3,0,0
101,117,ZD,2,2,3,1,0,0,-1,3,3,3,3,3,0,0
101,118,ZD,2,2,3,1,0,0,-1,3,3,3,3,3,0,0
101,119,ZD,2,2,3,1,0,0,-1,3,3,3,3,3,0,0
101,120,ZD,3,2,3,0,0,0,-1,4,4,2,2,2,1,0
101,121,ZD,3,2,3,0,0,0,-1,4,4,4,4,4,1,0
101,122,ZD,3,2,3,0,0,0,-1,4,4,4,4,4,1,0
101,123,ZD,3,2,3,0,0,0,-1,4,4,3,3,3,1,0
101,124,ZD,3,2,3,0,0,0,-1,4,4,3,3,3,1,0
101,125,ZD,3,2,3,0,0,0,-1,4,4,4,4,4,1,0
101,126,ZD,3,2,3,0,0,0,-1,4,4,4,4,4,1,0
101,127,ZD,3,2,3,0,0,0,-1,4,4,2,2,2,1,0
101,128,POS,2,2,2,0,0,0,0,3,3,-1,-1,-1,0,1
101,129,POS,2,2,2,0,0,0,0,3,3,-1,-1,-1,0,1
101,130,POS,2,2,2,0,0,0,0,3,3,-1,-1,-1,0,1
101,131,POS,2,2,2,0,0,0,0,3,3,-1,-1,-1,0,1
101,132,ZD,3,2,3,0,0,0,-1,4,4,4,3,4,1,0
101,133,ZD,3,2,3,0,0,0,-1,3,3,3,2,3,1,0
101,134,ZD,2,2,2,0,0,0,0,2,2,2,1,2,1,0
101,135,ZD,3,2,3,0,0,0,-1,4,4,4,3,4,1,0
101,136,ZD,3,2,3,0,0,0,-1,4,4,4,3,4,1,0
101,137,ZD,2,2,2,0,0,0,0,2,2,2,1,2,1,0
101,138,ZD,3,2,3,0,0,0,-1,3,3,3,2,3,1,0
101,139,ZD,3,2,3,0,0,0,-1,4,4,4,3,4,1,0
101,140,ZD,3,2,3,0,0,0,-1,4,4,4,3,4,1,0
101,141,ZD,3,2,3,0,0,0,-1,4,4,4,3,4,1,0
101,142,ZD,3,2,3,0,0,0,-1,4,4,4,3,4,1,0
101,143,ZD,3,2,3,0,0,0,-1,4,4,4,3,4,1,0
101,144,ZD,2,2,3,1,0,0,-1,3,3,3,3,3,0,0
101,145,ZD,2,2,3,1,0,0,-1,3,3,3,3,3,0,0
101,146,ZD,2,2,3,1,0,0,-1,3,3,3,3,3,0,0
101,147,ZD,2,2,3,1,0,0,-1,3,3,3,3,3,0,0
101,148,ZD,2,2,3,1,0,0,-1,3,3,3,3,3,0,0
101,149,ZD,2,2,2,1,0,0,-1,2,2,2,2,2,0,0
101,150,ZD,2,2,3,1,0,0,-1,3,3,3,3,3,0,0
101,151,ZD,2,2,2,1,0,0,0,1,1,1,1,1,0,0
101,152,ZD,2,2,2,1,0,0,0,1,1,1,1,1,0,0
101,153,ZD,2,2,3,1,0,0,-1,3,3,3,3,3,0,0
101,154,ZD,2,2,2,1,0,0,-1,2,2,2,2,2,0,0
101,155,ZD,2,2,3,1,0,0,-1,3,3,3,3,3,0,0
101,156,ZD,3,3,3,0,0,0,-1,4,4,3,3,3,1,0
101,157,ZD,3,2,3,0,0,0,-1,3,3,3,3,3,1,0
101,158,ZD,3,2,3,0,0,0,-1,4,4,4,4,4,1,0
101,159,ZD,3,3,3,0,0,0,0,3,3,2,2,2,1,0
101,160,ZD,3,3,3,0,0,0,0,3,3,2,2,2,1,0
101,161,ZD,3,2,3,0,0,0,-1,4,4,4,4,4,1,0
101,162,ZD,3,2,3,0,0,0,-1,3,3,3,3,3,1,0
101,163,ZD,3,3,3,0,0,0,-1,4,4,3,3,3,1,0
101,164,POS,2,2,2,0,0,0,0,3,3,-1,-1,-1,0,1
101,165,POS,1,1,1,0,0,0,0,2,2,-1,-1,-1,0,1
101,166,POS,1,1,1,0,0,0,0,2,2,-1,-1,-1,0,1
101,167,POS,2,2,2,0,0,0,0,3,3,-1,-1,-1,0,1
101,168,ZD,3,2,3,0,0,0,-1,4,4,4,3,4,1,0
101,169,ZD,3,2,3,0,0,0,-1,4,4,4,3,4,1,0
101,170,ZD,3,2,3,0,0,0,-1,4,4,4,3,4,1,0
101,171,ZD,3,2,3,0,0,0,-1,4,4,4,3,4,1,0
101,172,ZD,3,2,3,0,0,0,-1,4,4,4,3,4,1,0
101,173,ZD,3,2,3,0,0,0,-1,4,4,4,3,4,1,0
101,174,ZD,3,2,3,0,0,0,-1,4,4,4,3,4,1,0
101,175,ZD,3,2,3,0,0,0,-1,4,4,4,3,4,1,0
101,176,ZD,3,2,3,0,0,0,-1,4,4,4,3,4,1,0
101,177,ZD,3,2,3,0,0,0,-1,3,3,3,2,3,1,0
101,178,ZD,3,2,3,0,0,0,-1,3,3,3,2,3,1,0
101,179,ZD,3,2,3,0,0,0,-1,4,4,4,3,4,1,0
101,180,ZD,2,3,3,1,0,0,-1,3,3,3,3,3,0,0
101,181,ZD,2,3,3,1,0,0,-1,3,3,2,2,2,0,0
101,182,ZD,2,3,3,1,0,0,-1,3,3,2,2,2,0,0
101,183,ZD,2,3,3,1,0,0,-1,3,3,3,3,3,0,0
101,184,ZD,3,3,3,0,0,0,-1,4,4,3,3,3,1,0
101,185,ZD,3,3,3,0,0,0,0,3,3,3,3,3,1,0
101,186,POS,2,2,2,0,0,-1,-1,-1,-1,-1,-1,-1,0,1
101,187,ZD,3,3,3,0,0,0,-1,4,4,3,3,3,1,0
101,188,ZD,3,3,3,0,0,0,-1,4,4,3,3,3,1,0
101,189,POS,2,2,2,0,0,-1,-1,-1,-1,-1,-1,-1,0,1
101,190,ZD,3,3,3,0,0,0,0,3,3,3,3,3,1,0
101,191,ZD,3,3,3,0,0,0,-1,4,4,3,3,3,1,0
101,192,ZD,3,2,3,0,0,0,-1,4,4,3,3,3,1,0
101,193,ZD,3,2,3,0,0,0,-1,4,4,4,4,4,1,0
101,194,ZD,3,2,3,0,0,0,-1,4,4,4,4,4,1,0
101,195,ZD,3,2,3,0,0,0,-1,4,4,3,3,3,1,0
101,196,ZD,3,3,3,0,0,0,-1,4,4,4,3,4,1,0
101,197,ZD,3,3,3,0,0,0,0,3,3,3,2,3,1,0
101,198,ZD,3,3,3,0,0,0,0,3,3,3,2,3,1,0
101,199,ZD,3,3,3,0,0,0,-1,4,4,4,3,4,1,0
102,103,POS,2,2,2,0,0,0,0,3,3,-1,-1,-1,0,1
102,104,ZD,3,3,3,0,0,0,-1,4,4,4,3,4,1,0
102,105,ZD,3,3,3,0,0,0,0,3,3,3,2,3,1,0
102,106,ZD,3,2,3,0,0,0,-1,3,3,3,2,3,1,0
102,107,ZD,3,2,3,0,0,0,-1,4,4,4,3,4,1,0
102,108,ZD,3,2,3,0,0,0,-1,4,4,4,3,4,1,0
102,109,ZD,3,2,3,0,0,0,-1,3,3,3,2,3,1,0
102,110,ZD,3,3,3,0,0,0,0,3,3,3,2,3,1,0
102,111,ZD,3,3,3,0,0,0,-1,4,4,4,3,4,1,0
102,112,ZD,2,2,3,1,0,0,-1,3,3,3,3,3,0,0
102,113,ZD,2,2,3,1,0,0,-1,3,3,3,3,3,0,0
102,114,ZD,2,2,3,1,0,0,-1,3,3,3,3,3,0,0
102,115,ZD,2,2,3,1,0,0,-1,3,3,3,3,3,0,0
102,116,ZD,2,2,3,1,0,0,-1,3,3,3,3,3,0,0
102,117,ZD,2,2,3,1,0,0,-1,3,3,3,3,3,0,0
102,118,ZD,2,2,3,1,0,0,-1,3,3,3,3,3,0,0
102,119,ZD,2,2,3,1,0,0,-1,3,3,3,3,3,0,0
102,120,ZD,3,2,3,0,0,0,-1,4,4,4,4,4,1,0
102,121,ZD,3,2,3,0,0,0,-1,4,4,2,2,2,1,0
102,122,ZD,3,2,3,0,0,0,-1,4,4,3,3,3,1,0
102,123,ZD,3,2,3,0,0,0,-1,4,4,4,4,4,1,0
102,124,ZD,3,2,3,0,0,0,-1,4,4,4,4,4,1,0
102,125,ZD,3,2,3,0,0,0,-1,4,4,3,3,3,1,0
102,126,ZD,3,2,3,0,0,0,-1,4,4,2,2,2,1,0
102,127,ZD,3,2,3,0,0,0,-1,4,4,4,4,4,1,0
102,128,POS,2,2,2,0,0,0,0,3,3,-1,-1,-1,0,1
102,129,POS,2,2,2,0,0,0,0,3,3,-1,-1,-1,0,1
102,130,POS,2,2,2,0,0,0,0,3,3,-1,-1,-1,0,1
102,131,POS,2,2,2,0,0,0,0,3,3,-1,-1,-1,0,1
102,132,ZD,3,2,3,0,0,0,-1,4,4,4,3,4,1,0
102,133,ZD,2,2,2,0,0,0,0,2,2,2,1,2,1,0
102,134,ZD,3,2,3,0,0,0,-1,3,3,3,2,3,1,0
102,135,ZD,3,2,3,0,0,0,-1,4,4,4,3,4,1,0
102,136,ZD,3,2,3,0,0,0,-1,4,4,4,3,4,1,0
102,137,ZD,3,2,3,0,0,0,-1,3,3,3,2,3,1,0
102,138,ZD,2,2,2,0,0,0,0,2,2,2,1,2,1,0
102,139,ZD,3,2,3,0,0,0,-1,4,4,4,3,4,1,0
102,140,ZD,3,2,3,0,0,0,-1,4,4,4,3,4,1,0
102,141,ZD,3,2,3,0,0,0,-1,4,4,4,3,4,1,0
102,142,ZD,3,2,3,0,0,0,-1,4,4,4,3,4,1,0
102,143,ZD,3,2,3,0,0,0,-1,4,4,4,3,4,1,0
102,144,ZD,2,2,3,1,0,0,-1,3,3,3,3,3,0,0
102,145,ZD,2,2,3,1,0,0,-1,3,3,3,3,3,0,0
102,146,ZD,2,2,3,1,0,0,-1,3,3,3,3,3,0,0
102,147,ZD,2,2,3,1,0,0,-1,3,3,3,3,3,0,0
102,148,ZD,2,2,3,1,0,0,-1,3,3,3,3,3,0,0
102,149,ZD,2,2,2,1,0,0,0,1,1,1,1,1,0,0
102,150,ZD,2,2,3,1,0,0,-1,3,3,3,3,3,0,0
102,151,ZD,2,2,2,1,0,0,-1,2,2,2,2,2,0,0
102,152,ZD,2,2,2,1,0,0,-1,2,2,2,2,2,0,0
102,153,ZD,2,2,3,1,0,0,-1,3,3,3,3,3,0,0
102,154,ZD,2,2,2,1,0,0,0,1,1,1,1,1,0,0
102,155,ZD,2,2,3,1,0,0,-1,3,3,3,3,3,0,0
102,156,ZD,3,2,3,0,0,0,-1,4,4,4,4,4,1,0
102,157,ZD,3,3,3,0,0,0,0,3,3,2,2,2,1,0
102,158,ZD,3,3,3,0,0,0,-1,4,4,3,3,3,1,0
102,159,ZD,3,2,3,0,0,0,-1,3,3,3,3,3,1,0
102,160,ZD,3,2,3,0,0,0,-1,3,3,3,3,3,1,0
102,161,ZD,3,3,3,0,0,0,-1,4,4,3,3,3,1,0
102,162,ZD,3,3,3,0,0,0,0,3,3,2,2,2,1,0
102,163,ZD,3,2,3,0,0,0,-1,4,4,4,4,4,1,0
102,164,POS,2,2,2,0,0,0,0,3,3,-1,-1,-1,0,1
102,165,POS,1,1,1,0,0,0,0,2,2,-1,-1,-1,0,1
102,166,POS,1,1,1,0,0,0,0,2,2,-1,-1,-1,0,1
102,167,POS,2,2,2,0,0,0,0,3,3,-1,-1,-1,0,1
102,168,ZD,3,2,3,0,0,0,-1,4,4,4,3,4,1,0
102,169,ZD,3,2,3,0,0,0,-1,4,4,4,3,4,1,0
102,170,ZD,3,2,3,0,0,0,-1,4,4,4,3,4,1,0
102,171,ZD,3,2,3,0,0,0,-1,4,4,4,3,4,1,0
102,172,ZD,3,2,3,0,0,0,-1,4,4,4,3,4,1,0
102,173,ZD,3,2,3,0,0,0,-1,4,4,4,3,4,1,0
102,174,ZD,3,2,3,0,0,0,-1,4,4,4,3,4,1,0
102,175,ZD,3,2,3,0,0,0,-1,4,4,4,3,4,1,0
102,176,ZD,3,2,3,0,0,0,-1,4,4,4,3,4,1,0
102,177,ZD,3,2,3,0,0,0,-1,3,3,3,2,3,1,0
102,178,ZD,3,2,3,0,0,0,-1,3,3,3,2,3,1,0
102,179,ZD,3,2,3,0,0,0,-1,4,4,4,3,4,1,0
102,180,ZD,2,3,3,1,0,0,-1,3,3,2,2,2,0,0
102,181,ZD,2,3,3,1,0,0,-1,3,3,3,3,3,0,0
102,182,ZD,2,3,3,1,0,0,-1,3,3,3,3,3,0,0
102,183,ZD,2,3,3,1,0,0,-1,3,3,2,2,2,0,0
102,184,ZD,3,3,3,0,0,0,-1,4,4,3,3,3,1,0
102,185,POS,2,2,2,0,0,-1,-1,-1,-1,-1,-1,-1,0,1
102,186,ZD,3,3,3,0,0,0,0,3,3,3,3,3,1,0
102,187,ZD,3,3,3,0,0,0,-1,4,4,3,3,3,1,0
102,188,ZD,3,3,3,0,0,0,-1,4,4,3,3,3,1,0
102,189,ZD,3,3,3,0,0,0,0,3,3,3,3,3,1,0
102,190,POS,2,2,2,0,0,-1,-1,-1,-1,-1,-1,-1,0,1
102,191,ZD,3,3,3,0,0,0,-1,4,4,3,3,3,1,0
102,192,ZD,3,2,3,0,0,0,-1,4,4,4,4,4,1,0
102,193,ZD,3,2,3,0,0,0,-1,4,4,3,3,3,1,0
102,194,ZD,3,2,3,0,0,0,-1,4,4,3,3,3,1,0
102,195,ZD,3,2,3,0,0,0,-1,4,4,4,4,4,1,0
102,196,ZD,3,3,3,0,0,0,-1,4,4,4,3,4,1,0
102,197,ZD,3,3,3,0,0,0,0,3,3,3,2,3,1,0
102,198,ZD,3,3,3,0,0,0,0,3,3,3,2,3,1,0
102,199,ZD,3,3,3,0,0,0,-1,4,4,4,3,4,1,0
103,104,ZD,3,3,3,0,0,0,-1,4,4,4,3,4,1,0
103,105,ZD,3,3,3,0,0,0,0,3,3,3,2,3,1,0
103,106,ZD,3,2,3,0,0,0,-1,3,3,3,2,3,1,0
103,107,ZD,3,2,3,0,0,0,-1,4,4,4,3,4,1,0
103,108,ZD,3,2,3,0,0,0,-1,4,4,4,3,4,1,0
103,109,ZD,3,2,3,0,0,0,-1,3,3,3,2,3,1,0
103,110,ZD,3,3,3,0,0,0,0,3,3,3,2,3,1,0
103,111,ZD,3,3,3,0,0,0,-1,4,4,4,3,4,1,0
103,112,ZD,2,2,3,1,0,0,-1,3,3,3,3,3,0,0
103,113,ZD,2,2,3,1,0,0,-1,3,3,3,3,3,0,0
103,114,ZD,2,2,3,1,0,0,-1,3,3,3,3,3,0,0
103,115,ZD,2,2,3,1,0,0,-1,3,3,3,3,3,0,0
103,116,ZD,2,2,3,1,0,0,-1,3,3,3,3,3,0,0
103,117,ZD,2,2,3,1,0,0,-1,3,3,3,3,3,0,0
103,118,ZD,2,2,3,1,0,0,-1,3,3,3,3,3,0,0
103,119,ZD,2,2,3,1,0,0,-1,3,3,3,3,3,0,0
103,120,ZD,3,2,3,0,0,0,-1,4,4,3,3,3,1,0
103,121,ZD,3,2,3,0,0,0,-1,4,4,4,4,4,1,0
103,122,ZD,3,2,3,0,0,0,-1,4,4,4,4,4,1,0
103,123,ZD,3,2,3,0,0,0,-1,4,4,2,2,2,1,0
103,124,ZD,3,2,3,0,0,0,-1,4,4,2,2,2,1,0
103,125,ZD,3,2,3,0,0,0,-1,4,4,4,4,4,1,0
103,126,ZD,3,2,3,0,0,0,-1,4,4,4,4,4,1,0
103,127,ZD,3,2,3,0,0,0,-1,4,4,3,3,3,1,0
103,128,POS,2,2,2,0,0,0,0,3,3,-1,-1,-1,0,1
103,129,POS,2,2,2,0,0,0,0,3,3,-1,-1,-1,0,1
103,130,POS,2,2,2,0,0,0,0,3,3,-1,-1,-1,0,1
103,131,POS,2,2,2,0,0,0,0,3,3,-1,-1,-1,0,1
103,132,ZD,3,2,3,0,0,0,-1,3,3,3,2,3,1,0
103,133,ZD,3,2,3,0,0,0,-1,4,4,4,3,4,1,0
103,134,ZD,3,2,3,0,0,0,-1,4,4,4,3,4,1,0
103,135,ZD,2,2,2,0,0,0,0,2,2,2,1,2,1,0
103,136,ZD,2,2,2,0,0,0,0,2,2,2,1,2,1,0
103,137,ZD,3,2,3,0,0,0,-1,4,4,4,3,4,1,0
103,138,ZD,3,2,3,0,0,0,-1,4,4,4,3,4,1,0
103,139,ZD,3,2,3,0,0,0,-1,3,3,3,2,3,1,0
103,140,ZD,3,2,3,0,0,0,-1,4,4,4,3,4,1,0
103,141,ZD,3,2,3,0,0,0,-1,4,4,4,3,4,1,0
103,142,ZD,3,2,3,0,0,0,-1,4,4,4,3,4,1,0
103,143,ZD,3,2,3,0,0,0,-1,4,4,4,3,4,1,0
103,144,ZD,2,2,3,1,0,0,-1,3,3,3,3,3,0,0
103,145,ZD,2,2,3,1,0,0,-1,3,3,3,3,3,0,0
103,146,ZD,2,2,3,1,0,0,-1,3,3,3,3,3,0,0
103,147,ZD,2,2,3,1,0,0,-1,3,3,3,3,3,0,0
103,148,ZD,2,2,2,1,0,0,-1,2,2,2,2,2,0,0
103,149,ZD,2,2,3,1,0,0,-1,3,3,3,3,3,0,0
103,150,ZD,2,2,2,1,0,0,0,1,1,1,1,1,0,0
103,151,ZD,2,2,3,1,0,0,-1,3,3,3,3,3,0,0
103,152,ZD,2,2,3,1,0,0,-1,3,3,3,3,3,0,0
103,153,ZD,2,2,2,1,0,0,0,1,1,1,1,1,0,0
103,154,ZD,2,2,3,1,0,0,-1,3,3,3,3,3,0,0
103,155,ZD,2,2,2,1,0,0,-1,2,2,2,2,2,0,0
103,156,ZD,3,3,3,0,0,0,-1,4,4,3,3,3,1,0
103,157,ZD,3,2,3,0,0,0,-1,3,3,3,3,3,1,0
103,158,ZD,3,2,3,0,0,0,-1,4,4,4,4,4,1,0
103,159,ZD,3,3,3,0,0,0,0,3,3,2,2,2,1,0
103,160,ZD,3,3,3,0,0,0,0,3,3,2,2,2,1,0
103,161,ZD,3,2,3,0,0,0,-1,4,4,4,4,4,1,0
103,162,ZD,3,2,3,0,0,0,-1,3,3,3,3,3,1,0
103,163,ZD,3,3,3,0,0,0,-1,4,4,3,3,3,1,0
103,164,POS,1,1,1,0,0,0,0,2,2,-1,-1,-1,0,1
103,165,POS,2,2,2,0,0,0,0,3,3,-1,-1,-1,0,1
103,166,POS,2,2,2,0,0,0,0,3,3,-1,-1,-1,0,1
103,167,POS,1,1,1,0,0,0,0,2,2,-1,-1,-1,0,1
103,168,ZD,3,2,3,0,0,0,-1,4,4,4,3,4,1,0
103,169,ZD,3,2,3,0,0,0,-1,4,4,4,3,4,1,0
103,170,ZD,3,2,3,0,0,0,-1,4,4,4,3,4,1,0
103,171,ZD,3,2,3,0,0,0,-1,4,4,4,3,4,1,0
103,172,ZD,3,2,3,0,0,0,-1,4,4,4,3,4,1,0
103,173,ZD,3,2,3,0,0,0,-1,4,4,4,3,4,1,0
103,174,ZD,3,2,3,0,0,0,-1,4,4,4,3,4,1,0
103,175,ZD,3,2,3,0,0,0,-1,4,4,4,3,4,1,0
103,176,ZD,3,2,3,0,0,0,-1,4,4,4,3,4,1,0
103,177,ZD,3,2,3,0,0,0,-1,3,3,3,2,3,1,0
103,178,ZD,3,2,3,0,0,0,-1,3,3,3,2,3,1,0
103,179,ZD,3,2,3,0,0,0,-1,4,4,4,3,4,1,0
103,180,ZD,2,3,3,1,0,0,-1,3,3,2,2,2,0,0
103,181,ZD,2,3,3,1,0,0,-1,3,3,3,3,3,0,0
103,182,ZD,2,3,3,1,0,0,-1,3,3,3,3,3,0,0
103,183,ZD,2,3,3,1,0,0,-1,3,3,2,2,2,0,0
103,184,POS,2,2,2,0,0,-1,-1,-1,-1,-1,-1,-1,0,1
103,185,ZD,3,3,3,0,0,0,-1,4,4,3,3,3,1,0
103,186,ZD,3,3,3,0,0,0,-1,4,4,3,3,3,1,0
103,187,ZD,3,3,3,0,0,0,0,3,3,3,3,3,1,0
103,188,ZD,3,3,3,0,0,0,0,3,3,3,3,3,1,0
103,189,ZD,3,3,3,0,0,0,-1,4,4,3,3,3,1,0
103,190,ZD,3,3,3,0,0,0,-1,4,4,3,3,3,1,0
103,191,POS,2,2,2,0,0,-1,-1,-1,-1,-1,-1,-1,0,1
103,192,ZD,3,2,3,0,0,0,-1,4,4,3,3,3,1,0
103,193,ZD,3,2,3,0,0,0,-1,4,4,4,4,4,1,0
103,194,ZD,3,2,3,0,0,0,-1,4,4,4,4,4,1,0
103,195,ZD,3,2,3,0,0,0,-1,4,4,3,3,3,1,0
103,196,ZD,3,3,3,0,0,0,0,3,3,3,2,3,1,0
103,197,ZD,3,3,3,0,0,0,-1,4,4,4,3,4,1,0
103,198,ZD,3,3,3,0,0,0,-1,4,4,4,3,4,1,0
103,199,ZD,3,3,3,0,0,0,0,3,3,3,2,3,1,0
104,105,ZD,2,2,2,0,0,0,0,4,4,4,2,4,1,0
104,106,ZD,2,2,2,0,0,0,-1,4,4,2,1,2,1,0
104,107,ZD,2,2,2,0,0,0,0,2,2,2,1,2,1,0
104,108,ZD,2,2,2,0,0,0,0,2,2,2,1,2,1,0
104,109,ZD,2,2,2,0,0,0,-1,4,4,2,1,2,1,0
104,110,ZD,2,2,2,0,0,0,0,4,4,4,2,4,1,0
104,111,POS,1,1,1,0,0,-1,-1,-1,-1,-1,-1,-1,0,1
104,112,ZD,2,2,3,1,0,0,-1,4,4,4,4,4,0,0
104,113,ZD,2,2,3,1,0,0,-1,4,4,4,4,4,0,0
104,114,ZD,2,2,3,1,0,0,-1,4,4,4,4,4,0,0
104,115,ZD,2,2,3,1,0,0,-1,4,4,4,4,4,0,0
104,116,ZD,2,2,3,1,0,0,-1,4,4,4,4,4,0,0
104,117,ZD,2,2,3,1,0,0,-1,4,4,4,4,4,0,0
104,118,ZD,2,2,3,1,0,0,-1,4,4,4,4,4,0,0
104,119,ZD,2,2,3,1,0,0,-1,4,4,4,4,4,0,0
104,120,ZD,2,2,2,1,0,0,-1,4,4,4,4,4,0,0
104,121,ZD,2,2,2,1,0,0,-1,4,4,4,4,4,0,0
104,122,ZD,2,2,2,1,0,0,-1,4,4,4,4,4,0,0
104,123,ZD,2,2,2,1,0,0,-1,4,4,4,4,4,0,0
104,124,ZD,2,2,2,1,0,0,-1,4,4,4,4,4,0,0
104,125,ZD,2,2,2,1,0,0,-1,4,4,4,4,4,0,0
104,126,ZD,2,2,2,1,0,0,-1,4,4,4,4,4,0,0
104,127,ZD,2,2,2,1,0,0,-1,4,4,4,4,4,0,0
104,128,ZD,3,3,3,0,0,0,-1,4,4,4,3,4,1,0
104,129,ZD,3,3,3,0,0,0,-1,4,4,4,3,4,1,0
104,130,ZD,3,3,3,0,0,0,-1,4,4,4,3,4,1,0
104,131,ZD,3,3,3,0,0,0,-1,4,4,4,3,4,1,0
104,132,ZD,3,2,3,0,0,0,-1,4,4,3,2,3,1,0
104,133,ZD,3,2,3,0,0,0,-1,4,4,4,3,4,1,0
104,134,ZD,3,2,3,0,0,0,-1,4,4,3,2,3,1,0
104,135,ZD,3,2,3,0,0,0,-1,4,4,4,3,4,1,0
104,136,ZD,3,2,3,0,0,0,-1,4,4,4,3,4,1,0
104,137,ZD,3,2,3,0,0,0,-1,4,4,3,2,3,1,0
104,138,ZD,3,2,3,0,0,0,-1,4,4,4,3,4,1,0
104,139,ZD,3,2,3,0,0,0,-1,4,4,3,2,3,1,0
104,140,ZD,2,2,2,0,0,0,-1,4,4,2,1,2,1,0
104,141,ZD,2,2,2,0,0,0,-1,4,4,4,3,4,1,0
104,142,ZD,2,2,2,0,0,0,-1,4,4,4,3,4,1,0
104,143,ZD,2,2,2,0,0,0,-1,4,4,2,1,2,1,0
104,144,ZD,2,2,2,1,0,0,-1,4,4,4,4,4,0,0
104,145,ZD,2,2,2,1,0,0,-1,4,4,4,4,4,0,0
104,146,ZD,2,2,2,1,0,0,-1,4,4,4,4,4,0,0
104,147,ZD,2,2,2,1,0,0,-1,4,4,4,4,4,0,0
104,148,ZD,2,3,3,1,0,0,-1,4,4,4,4,4,0,0
104,149,ZD,2,2,3,1,0,0,-1,4,4,4,4,4,0,0
104,150,ZD,2,2,3,1,0,0,-1,4,4,4,4,4,0,0
104,151,ZD,2,3,3,1,0,0,-1,4,4,4,4,4,0,0
104,152,ZD,2,3,3,1,0,0,-1,4,4,4,4,4,0,0
104,153,ZD,2,2,3,1,0,0,-1,4,4,4,4,4,0,0
104,154,ZD,2,2,3,1,0,0,-1,4,4,4,4,4,0,0
104,155,ZD,2,3,3,1,0,0,-1,4,4,4,4,4,0,0
104,156,ZD,2,2,2,1,0,0,-1,2,2,2,2,2,0,0
104,157,ZD,2,2,2,1,0,0,-1,4,4,4,4,4,0,0
104,158,ZD,2,2,2,1,0,0,-1,2,2,2,2,2,0,0
104,159,ZD,2,2,2,1,0,0,-1,4,4,4,4,4,0,0
104,160,ZD,2,2,2,1,0,0,-1,4,4,4,4,4,0,0
104,161,ZD,2,2,2,1,0,0,-1,2,2,2,2,2,0,0
104,162,ZD,2,2,2,1,0,0,-1,4,4,4,4,4,0,0
104,163,ZD,2,2,2,1,0,0,-1,2,2,2,2,2,0,0
104,164,ZD,3,2,3,0,0,0,-1,4,4,3,2,3,1,0
104,165,ZD,3,2,3,0,0,0,-1,4,4,3,2,3,1,0
104,166,ZD,3,2,3,0,0,0,-1,4,4,3,2,3,1,0
104,167,ZD,3,2,3,0,0,0,-1,4,4,3,2,3,1,0
104,168,ZD,3,3,3,0,0,0,-1,4,4,4,3,4,1,0
104,169,ZD,3,2,3,0,0,0,-1,4,4,4,3,4,1,0
104,170,ZD,3,3,3,0,0,0,-1,4,4,4,3,4,1,0
104,171,ZD,3,2,3,0,0,0,-1,4,4,4,3,4,1,0
104,172,ZD,3,2,3,0,0,0,-1,4,4,4,3,4,1,0
104,173,ZD,3,3,3,0,0,0,-1,4,4,4,3,4,1,0
104,174,ZD,3,2,3,0,0,0,-1,4,4,4,3,4,1,0
104,175,ZD,3,3,3,0,0,0,-1,4,4,4,3,4,1,0
104,176,ZD,2,2,2,0,0,0,0,2,2,2,1,2,1,0
104,177,ZD,2,2,2,0,0,0,-1,4,4,4,3,4,1,0
104,178,ZD,2,2,2,0,0,0,-1,4,4,4,3,4,1,0
104,179,ZD,2,2,2,0,0,0,0,2,2,2,1,2,1,0
104,180,ZD,3,3,3,0,0,0,-1,4,4,3,2,3,1,0
104,181,ZD,3,3,3,0,0,0,-1,4,4,4,4,4,1,0
104,182,ZD,3,3,3,0,0,0,-1,4,4,4,4,4,1,0
104,183,ZD,3,3,3,0,0,0,-1,4,4,3,2,3,1,0
104,184,ZD,3,3,3,0,0,0,-1,4,4,4,3,4,1,0
104,185,ZD,3,3,3,0,0,0,-1,4,4,4,3,4,1,0
104,186,ZD,2,3,3,1,0,0,-1,4,4,4,4,4,0,0
104,187,ZD,2,3,3,1,0,0,-1,4,4,4,4,4,0,0
104,188,ZD,2,3,3,1,0,0,-1,4,4,4,4,4,0,0
104,189,ZD,2,3,3,1,0,0,-1,4,4,4,4,4,0,0
104,190,ZD,3,3,3,0,0,0,-1,4,4,4,3,4,1,0
104,191,ZD,3,3,3,0,0,0,-1,4,4,4,3,4,1,0
104,192,ZD,2,2,2,1,0,0,-1,4,4,4,4,4,0,0
104,193,ZD,2,2,2,1,0,0,-1,4,4,4,4,4,0,0
104,194,ZD,2,2,2,1,0,0,-1,4,4,4,4,4,0,0
104,195,ZD,2,2,2,1,0,0,-1,4,4,4,4,4,0,0
104,196,ZD,3,3,3,0,0,0,-1,4,4,4,3,4,1,0
104,197,ZD,3,3,3,0,0,0,-1,4,4,4,3,4,1,0
104,198,ZD,3,3,3,0,0,0,-1,4,4,4,3,4,1,0
104,199,ZD,3,3,3,0,0,0,-1,4,4,4,3,4,1,0
105,106,ZD,2,2,2,0,0,0,0,2,2,2,1,2,1,0
105,107,ZD,2,2,2,0,0,0,-1,4,4,2,1,2,1,0
105,108,ZD,2,2,2,0,0,0,-1,4,4,2,1,2,1,0
105,109,ZD,2,2,2,0,0,0,0,2,2,2,1,2,1,0
105,110,POS,1,1,1,0,0,-1,-1,-1,-1,-1,-1,-1,0,1
105,111,ZD,2,2,2,0,0,0,0,4,4,4,2,4,1,0
105,112,ZD,2,2,3,1,0,0,-1,4,4,4,4,4,0,0
105,113,ZD,2,2,3,1,0,0,-1,4,4,4,4,4,0,0
105,114,ZD,2,2,3,1,0,0,-1,4,4,4,4,4,0,0
105,115,ZD,2,2,3,1,0,0,-1,4,4,4,4,4,0,0
105,116,ZD,2,2,3,1,0,0,-1,4,4,4,4,4,0,0
105,117,ZD,2,2,3,1,0,0,-1,4,4,4,4,4,0,0
105,118,ZD,2,2,3,1,0,0,-1,4,4,4,4,4,0,0
105,119,ZD,2,2,3,1,0,0,-1,4,4,4,4,4,0,0
105,120,ZD,2,2,2,1,0,0,-1,4,4,4,4,4,0,0
105,121,ZD,2,2,2,1,0,0,-1,4,4,4,4,4,0,0
105,122,ZD,2,2,2,1,0,0,-1,4,4,4,4,4,0,0
105,123,ZD,2,2,2,1,0,0,-1,4,4,4,4,4,0,0
105,124,ZD,2,2,2,1,0,0,-1,4,4,4,4,4,0,0
105,125,ZD,2,2,2,1,0,0,-1,4,4,4,4,4,0,0
105,126,ZD,2,2,2,1,0,0,-1,4,4,4,4,4,0,0
105,127,ZD,2,2,2,1,0,0,-1,4,4,4,4,4,0,0
105,128,ZD,3,3,3,0,0,0,-1,4,4,4,3,4,1,0
105,129,ZD,3,3,3,0,0,0,-1,4,4,4,3,4,1,0
105,130,ZD,3,3,3,0,0,0,-1,4,4,4,3,4,1,0
105,131,ZD,3,3,3,0,0,0,-1,4,4,4,3,4,1,0
105,132,ZD,3,2,3,0,0,0,-1,3,3,3,2,3,1,0
105,133,ZD,3,2,3,0,0,0,-1,3,3,2,1,2,1,0
105,134,ZD,3,2,3,0,0,0,-1,3,3,3,2,3,1,0
105,135,ZD,3,2,3,0,0,0,-1,3,3,2,1,2,1,0
105,136,ZD,3,2,3,0,0,0,-1,3,3,2,1,2,1,0
105,137,ZD,3,2,3,0,0,0,-1,3,3,3,2,3,1,0
105,138,ZD,3,2,3,0,0,0,-1,3,3,2,1,2,1,0
105,139,ZD,3,2,3,0,0,0,-1,3,3,3,2,3,1,0
105,140,ZD,2,2,2,0,0,0,-1,4,4,4,3,4,1,0
105,141,ZD,2,2,2,0,0,0,-1,4,4,2,1,2,1,0
105,142,ZD,2,2,2,0,0,0,-1,4,4,2,1,2,1,0
105,143,ZD,2,2,2,0,0,0,-1,4,4,4,3,4,1,0
105,144,ZD,2,2,2,1,0,0,-1,4,4,4,4,4,0,0
105,145,ZD,2,2,2,1,0,0,-1,4,4,4,4,4,0,0
105,146,ZD,2,2,2,1,0,0,-1,4,4,4,4,4,0,0
105,147,ZD,2,2,2,1,0,0,-1,4,4,4,4,4,0,0
105,148,ZD,2,2,3,1,0,0,-1,3,3,3,3,3,0,0
105,149,ZD,2,3,3,1,0,0,-1,3,3,3,3,3,0,0
105,150,ZD,2,3,3,1,0,0,-1,3,3,3,3,3,0,0
105,151,ZD,2,2,3,1,0,0,-1,3,3,3,3,3,0,0
105,152,ZD,2,2,3,1,0,0,-1,3,3,3,3,3,0,0
105,153,ZD,2,3,3,1,0,0,-1,3,3,3,3,3,0,0
105,154,ZD,2,3,3,1,0,0,-1,3,3,3,3,3,0,0
105,155,ZD,2,2,3,1,0,0,-1,3,3,3,3,3,0,0
105,156,ZD,2,2,2,1,0,0,-1,4,4,4,4,4,0,0
105,157,ZD,2,2,2,1,0,0,0,1,1,1,1,1,0,0
105,158,ZD,2,2,2,1,0,0,-1,4,4,4,4,4,0,0
105,159,ZD,2,2,2,1,0,0,0,1,1,1,1,1,0,0
105,160,ZD,2,2,2,1,0,0,0,1,1,1,1,1,0,0
105,161,ZD,2,2,2,1,0,0,-1,4,4,4,4,4,0,0
105,162,ZD,2,2,2,1,0,0,0,1,1,1,1,1,0,0
105,163,ZD,2,2,2,1,0,0,-1,4,4,4,4,4,0,0
105,164,ZD,3,2,3,0,0,0,-1,3,3,2,1,2,1,0
105,165,ZD,3,2,3,0,0,0,-1,3,3,2,1,2,1,0
105,166,ZD,3,2,3,0,0,0,-1,3,3,2,1,2,1,0
105,167,ZD,3,2,3,0,0,0,-1,3,3,2,1,2,1,0
105,168,ZD,3,2,3,0,0,0,-1,4,4,4,3,4,1,0
105,169,ZD,3,3,3,0,0,0,-1,4,4,4,3,4,1,0
105,170,ZD,3,2,3,0,0,0,-1,4,4,4,3,4,1,0
105,171,ZD,3,3,3,0,0,0,-1,4,4,4,3,4,1,0
105,172,ZD,3,3,3,0,0,0,-1,4,4,4,3,4,1,0
105,173,ZD,3,2,3,0,0,0,-1,4,4,4,3,4,1,0
105,174,ZD,3,3,3,0,0,0,-1,4,4,4,3,4,1,0
105,175,ZD,3,2,3,0,0,0,-1,4,4,4,3,4,1,0
105,176,ZD,2,2,2,0,0,0,-1,4,4,4,3,4,1,0
105,177,ZD,2,2,2,0,0,0,0,2,2,2,1,2,1,0
105,178,ZD,2,2,2,0,0,0,0,2,2,2,1,2,1,0
105,179,ZD,2,2,2,0,0,0,-1,4,4,4,3,4,1,0
105,180,ZD,3,3,3,0,0,0,-1,4,4,3,2,3,1,0
105,181,ZD,3,3,3,0,0,0,-1,4,4,4,4,4,1,0
105,182,ZD,3,3,3,0,0,0,-1,4,4,4,4,4,1,0
105,183,ZD,3,3,3,0,0,0,-1,4,4,3,2,3,1,0
105,184,ZD,3,3,3,0,0,0,0,3,3,3,2,3,1,0
105,185,ZD,3,3,3,0,0,0,0,3,3,3,2,3,1,0
105,186,ZD,2,3,3,1,0,0,-1,3,3,3,3,3,0,0
105,187,ZD,2,3,3,1,0,0,-1,3,3,3,3,3,0,0
105,188,ZD,2,3,3,1,0,0,-1,3,3,3,3,3,0,0
105,189,ZD,2,3,3,1,0,0,-1,3,3,3,3,3,0,0
105,190,ZD,3,3,3,0,0,0,0,3,3,3,2,3,1,0
105,191,ZD,3,3,3,0,0,0,0,3,3,3,2,3,1,0
105,192,ZD,2,2,2,1,0,0,-1,4,4,4,4,4,0,0
105,193,ZD,2,2,2,1,0,0,-1,4,4,4,4,4,0,0
105,194,ZD,2,2,2,1,0,0,-1,4,4,4,4,4,0,0
105,195,ZD,2,2,2,1,0,0,-1,4,4,4,4,4,0,0
105,196,ZD,3,3,3,0,0,0,0,3,3,3,2,3,1,0
105,197,ZD,3,3,3,0,0,0,0,3,3,3,2,3,1,0
105,198,ZD,3,3,3,0,0,0,0,3,3,3,2,3,1,0
105,199,ZD,3,3,3,0,0,0,0,3,3,3,2,3,1,0
106,107,ZD,2,2,2,0,0,0,0,4,4,4,2,4,1,0
106,108,ZD,2,2,2,0,0,0,0,4,4,4,2,4,1,0
106,109,POS,1,1,1,0,0,-1,-1,-1,-1,-1,-1,-1,0,1
106,110,ZD,2,2,2,0,0,0,0,2,2,2,1,2,1,0
106,111,ZD,2,2,2,0,0,0,-1,4,4,2,1,2,1,0
106,112,ZD,2,2,3,1,0,0,-1,4,4,4,4,4,0,0
106,113,ZD,2,2,3,1,0,0,-1,4,4,4,4,4,0,0
106,114,ZD,2,2,3,1,0,0,-1,4,4,4,4,4,0,0
106,115,ZD,2,2,3,1,0,0,-1,4,4,4,4,4,0,0
106,116,ZD,2,2,3,1,0,0,-1,4,4,4,4,4,0,0
106,117,ZD,2,2,3,1,0,0,-1,4,4,4,4,4,0,0
106,118,ZD,2,2,3,1,0,0,-1,4,4,4,4,4,0,0
106,119,ZD,2,2,3,1,0,0,-1,4,4,4,4,4,0,0
106,120,ZD,2,2,2,1,0,0,-1,4,4,4,4,4,0,0
106,121,ZD,2,2,2,1,0,0,-1,4,4,4,4,4,0,0
106,122,ZD,2,2,2,1,0,0,-1,4,4,4,4,4,0,0
106,123,ZD,2,2,2,1,0,0,-1,4,4,4,4,4,0,0
106,124,ZD,2,2,2,1,0,0,-1,4,4,4,4,4,0,0
106,125,ZD,2,2,2,1,0,0,-1,4,4,4,4,4,0,0
106,126,ZD,2,2,2,1,0,0,-1,4,4,4,4,4,0,0
106,127,ZD,2,2,2,1,0,0,-1,4,4,4,4,4,0,0
106,128,ZD,3,3,3,0,0,0,-1,4,4,4,3,4,1,0
106,129,ZD,3,3,3,0,0,0,-1,4,4,4,3,4,1,0
106,130,ZD,3,3,3,0,0,0,-1,4,4,4,3,4,1,0
106,131,ZD,3,3,3,0,0,0,-1,4,4,4,3,4,1,0
106,132,ZD,3,2,3,0,0,0,-1,3,3,2,1,2,1,0
106,133,ZD,3,2,3,0,0,0,-1,3,3,3,2,3,1,0
106,134,ZD,3,2,3,0,0,0,-1,3,3,2,1,2,1,0
106,135,ZD,3,2,3,0,0,0,-1,3,3,3,2,3,1,0
106,136,ZD,3,2,3,0,0,0,-1,3,3,3,2,3,1,0
106,137,ZD,3,2,3,0,0,0,-1,3,3,2,1,2,1,0
106,138,ZD,3,2,3,0,0,0,-1,3,3,3,2,3,1,0
106,139,ZD,3,2,3,0,0,0,-1,3,3,2,1,2,1,0
106,140,ZD,2,2,2,0,0,0,-1,4,4,2,1,2,1,0
106,141,ZD,2,2,2,0,0,0,-1,4,4,4,3,4,1,0
106,142,ZD,2,2,2,0,0,0,-1,4,4,4,3,4,1,0
106,143,ZD,2,2,2,0,0,0,-1,4,4,2,1,2,1,0
106,144,ZD,2,2,2,1,0,0,-1,4,4,4,4,4,0,0
106,145,ZD,2,2,2,1,0,0,-1,4,4,4,4,4,0,0
106,146,ZD,2,2,2,1,0,0,-1,4,4,4,4,4,0,0
106,147,ZD,2,2,2,1,0,0,-1,4,4,4,4,4,0,0
106,148,ZD,2,3,3,1,0,0,-1,3,3,3,3,3,0,0
106,149,ZD,2,2,3,1,0,0,-1,3,3,3,3,3,0,0
106,150,ZD,2,2,3,1,0,0,-1,3,3,3,3,3,0,0
106,151,ZD,2,3,3,1,0,0,-1,3,3,3,3,3,0,0
106,152,ZD,2,3,3,1,0,0,-1,3,3,3,3,3,0,0
106,153,ZD,2,2,3,1,0,0,-1,3,3,3,3,3,0,0
106,154,ZD,2,2,3,1,0,0,-1,3,3,3,3,3,0,0
106,155,ZD,2,3,3,1,0,0,-1,3,3,3,3,3,0,0
106,156,ZD,2,2,2,1,0,0,-1,4,4,4,4,4,0,0
106,157,ZD,2,2,2,1,0,0,0,1,1,1,1,1,0,0
106,158,ZD,2,2,2,1,0,0,-1,4,4,4,4,4,0,0
106,159,ZD,2,2,2,1,0,0,0,1,1,1,1,1,0,0
106,160,ZD,2,2,2,1,0,0,0,1,1,1,1,1,0,0
106,161,ZD,2,2,2,1,0,0,-1,4,4,4,4,4,0,0
106,162,ZD,2,2,2,1,0,0,0,1,1,1,1,1,0,0
106,163,ZD,2,2,2,1,0,0,-1,4,4,4,4,4,0,0
106,164,ZD,3,2,3,0,0,0,-1,3,3,2,1,2,1,0
106,165,ZD,3,2,3,0,0,0,-1,3,3,2,1,2,1,0
106,166,ZD,3,2,3,0,0,0,-1,3,3,2,1,2,1,0
106,167,ZD,3,2,3,0,0,0,-1,3,3,2,1,2,1,0
106,168,ZD,3,2,3,0,0,0,-1,4,4,4,3,4,1,0
106,169,ZD,3,3,3,0,0,0,-1,4,4,4,3,4,1,0
106,170,ZD,3,2,3,0,0,0,-1,4,4,4,3,4,1,0
106,171,ZD,3,3,3,0,0,0,-1,4,4,4,3,4,1,0
106,172,ZD,3,3,3,0,0,0,-1,4,4,4,3,4,1,0
106,173,ZD,3,2,3,0,0,0,-1,4,4,4,3,4,1,0
106,174,ZD,3,3,3,0,0,0,-1,4,4,4,3,4,1,0
106,175,ZD,3,2,3,0,0,0,-1,4,4,4,3,4,1,0
106,176,ZD,2,2,2,0,0,0,-1,4,4,4,3,4,1,0
106,177,ZD,2,2,2,0,0,0,0,2,2,2,1,2,1,0
106,178,ZD,2,2,2,0,0,0,0,2,2,2,1,2,1,0
106,179,ZD,2,2,2,0,0,0,-1,4,4,4,3,4,1,0
106,180,ZD,3,3,3,0,0,0,-1,4,4,4,4,4,1,0
106,181,ZD,3,3,3,0,0,0,-1,4,4,3,2,3,1,0
106,182,ZD,3,3,3,0,0,0,-1,4,4,3,2,3,1,0
106,183,ZD,3,3,3,0,0,0,-1,4,4,4,4,4,1,0
106,184,ZD,2,3,3,1,0,0,-1,3,3,3,3,3,0,0
106,185,ZD,2,3,3,1,0,0,-1,3,3,3,3,3,0,0
106,186,ZD,3,3,3,0,0,0,0,3,3,3,2,3,1,0
106,187,ZD,3,3,3,0,0,0,0,3,3,3,2,3,1,0
106,188,ZD,3,3,3,0,0,0,0,3,3,3,2,3,1,0
106,189,ZD,3,3,3,0,0,0,0,3,3,3,2,3,1,0
106,190,ZD,2,3,3,1,0,0,-1,3,3,3,3,3,0,0
106,191,ZD,2,3,3,1,0,0,-1,3,3,3,3,3,0,0
106,192,ZD,2,2,2,1,0,0,-1,4,4,4,4,4,0,0
106,193,ZD,2,2,2,1,0,0,-1,4,4,4,4,4,0,0
106,194,ZD,2,2,2,1,0,0,-1,4,4,4,4,4,0,0
106,195,ZD,2,2,2,1,0,0,-1,4,4,4,4,4,0,0
106,196,ZD,3,3,3,0,0,0,0,3,3,3,2,3,1,0
106,197,ZD,3,3,3,0,0,0,0,3,3,3,2,3,1,0
106,198,ZD,3,3,3,0,0,0,0,3,3,3,2,3,1,0
106,199,ZD,3,3,3,0,0,0,0,3,3,3,2,3,1,0
107,108,POS,1,1,1,0,0,-1,-1,-1,-1,-1,-1,-1,0,1
107,109,ZD,2,2,2,0,0,0,0,4,4,4,2,4,1,0
107,110,ZD,2,2,2,0,0,0,-1,4,4,2,1,2,1,0
107,111,ZD,2,2,2,0,0,0,0,2,2,2,1,2,1,0
107,112,ZD,2,2,3,1,0,0,-1,4,4,4,4,4,0,0
107,113,ZD,2,2,3,1,0,0,-1,4,4,4,4,4,0,0
107,114,ZD,2,2,3,1,0,0,-1,4,4,4,4,4,0,0
107,115,ZD,2,2,3,1,0,0,-1,4,4,4,4,4,0,0
107,116,ZD,2,2,3,1,0,0,-1,4,4,4,4,4,0,0
107,117,ZD,2,2,3,1,0,0,-1,4,4,4,4,4,0,0
107,118,ZD,2,2,3,1,0,0,-1,4,4,4,4,4,0,0
107,119,ZD,2,2,3,1,0,0,-1,4,4,4,4,4,0,0
107,120,ZD,2,2,2,1,0,0,-1,4,4,4,4,4,0,0
107,121,ZD,2,2,2,1,0,0,-1,4,4,4,4,4,0,0
107,122,ZD,2,2,2,1,0,0,-1,4,4,4,4,4,0,0
107,123,ZD,2,2,2,1,0,0,-1,4,4,4,4,4,0,0
107,124,ZD,2,2,2,1,0,0,-1,4,4,4,4,4,0,0
107,125,ZD,2,2,2,1,0,0,-1,4,4,4,4,4,0,0
107,126,ZD,2,2,2,1,0,0,-1,4,4,4,4,4,0,0
107,127,ZD,2,2,2,1,0,0,-1,4,4,4,4,4,0,0
107,128,ZD,3,3,3,0,0,0,-1,4,4,4,3,4,1,0
107,129,ZD,3,3,3,0,0,0,-1,4,4,4,3,4,1,0
107,130,ZD,3,3,3,0,0,0,-1,4,4,4,3,4,1,0
107,131,ZD,3,3,3,0,0,0,-1,4,4,4,3,4,1,0
107,132,ZD,3,2,3,0,0,0,-1,4,4,4,3,4,1,0
107,133,ZD,3,2,3,0,0,0,-1,4,4,3,2,3,1,0
107,134,ZD,3,2,3,0,0,0,-1,4,4,4,3,4,1,0
107,135,ZD,3,2,3,0,0,0,-1,4,4,3,2,3,1,0
107,136,ZD,3,2,3,0,0,0,-1,4,4,3,2,3,1,0
107,137,ZD,3,2,3,0,0,0,-1,4,4,4,3,4,1,0
107,138,ZD,3,2,3,0,0,0,-1,4,4,3,2,3,1,0
107,139,ZD,3,2,3,0,0,0,-1,4,4,4,3,4,1,0
107,140,ZD,2,2,2,0,0,0,-1,4,4,4,3,4,1,0
107,141,ZD,2,2,2,0,0,0,-1,4,4,2,1,2,1,0
107,142,ZD,2,2,2,0,0,0,-1,4,4,2,1,2,1,0
107,143,ZD,2,2,2,0,0,0,-1,4,4,4,3,4,1,0
107,144,ZD,2,2,2,1,0,0,-1,4,4,4,4,4,0,0
107,145,ZD,2,2,2,1,0,0,-1,4,4,4,4,4,0,0
107,146,ZD,2,2,2,1,0,0,-1,4,4,4,4,4,0,0
107,147,ZD,2,2,2,1,0,0,-1,4,4,4,4,4,0,0
107,148,ZD,2,2,3,1,0,0,-1,4,4,4,4,4,0,0
107,149,ZD,2,3,3,1,0,0,-1,4,4,4,4,4,0,0
107,150,ZD,2,3,3,1,0,0,-1,4,4,4,4,4,0,0
107,151,ZD,2,2,3,1,0,0,-1,4,4,4,4,4,0,0
107,152,ZD,2,2,3,1,0,0,-1,4,4,4,4,4,0,0
107,153,ZD,2,3,3,1,0,0,-1,4,4,4,4,4,0,0
107,154,ZD,2,3,3,1,0,0,-1,4,4,4,4,4,0,0
107,155,ZD,2,2,3,1,0,0,-1,4,4,4,4,4,0,0
107,156,ZD,2,2,2,1,0,0,-1,2,2,2,2,2,0,0
107,157,ZD,2,2,2,1,0,0,-1,4,4,4,4,4,0,0
107,158,ZD,2,2,2,1,0,0,-1,2,2,2,2,2,0,0
107,159,ZD,2,2,2,1,0,0,-1,4,4,4,4,4,0,0
107,160,ZD,2,2,2,1,0,0,-1,4,4,4,4,4,0,0
107,161,ZD,2,2,2,1,0,0,-1,2,2,2,2,2,0,0
107,162,ZD,2,2,2,1,0,0,-1,4,4,4,4,4,0,0
107,163,ZD,2,2,2,1,0,0,-1,2,2,2,2,2,0,0
107,164,ZD,3,2,3,0,0,0,-1,4,4,3,2,3,1,0
107,165,ZD,3,2,3,0,0,0,-1,4,4,3,2,3,1,0
107,166,ZD,3,2,3,0,0,0,-1,4,4,3,2,3,1,0
107,167,ZD,3,2,3,0,0,0,-1,4,4,3,2,3,1,0
107,168,ZD,3,3,3,0,0,0,-1,4,4,4,3,4,1,0
107,169,ZD,3,2,3,0,0,0,-1,4,4,4,3,4,1,0
107,170,ZD,3,3,3,0,0,0,-1,4,4,4,3,4,1,0
107,171,ZD,3,2,3,0,0,0,-1,4,4,4,3,4,1,0
107,172,ZD,3,2,3,0,0,0,-1,4,4,4,3,4,1,0
107,173,ZD,3,3,3,0,0,0,-1,4,4,4,3,4,1,0
107,174,ZD,3,2,3,0,0,0,-1,4,4,4,3,4,1,0
107,175,ZD,3,3,3,0,0,0,-1,4,4,4,3,4,1,0
107,176,ZD,2,2,2,0,0,0,0,2,2,2,1,2,1,0
107,177,ZD,2,2,2,0,0,0,-1,4,4,4,3,4,1,0
107,178,ZD,2,2,2,0,0,0,-1,4,4,4,3,4,1,0
107,179,ZD,2,2,2,0,0,0,0,2,2,2,1,2,1,0
107,180,ZD,3,3,3,0,0,0,-1,4,4,4,4,4,1,0
107,181,ZD,3,3,3,0,0,0,-1,4,4,3,2,3,1,0
107,182,ZD,3,3,3,0,0,0,-1,4,4,3,2,3,1,0
107,183,ZD,3,3,3,0,0,0,-1,4,4,4,4,4,1,0
107,184,ZD,2,3,3,1,0,0,-1,4,4,4,4,4,0,0
107,185,ZD,2,3,3,1,0,0,-1,4,4,4,4,4,0,0
107,186,ZD,3,3,3,0,0,0,-1,4,4,4,3,4,1,0
107,187,ZD,3,3,3,0,0,0,-1,4,4,4,3,4,1,0
107,188,ZD,3,3,3,0,0,0,-1,4,4,4,3,4,1,0
107,189,ZD,3,3,3,0,0,0,-1,4,4,4,3,4,1,0
107,190,ZD,2,3,3,1,0,0,-1,4,4,4,4,4,0,0
107,191,ZD,2,3,3,1,0,0,-1,4,4,4,4,4,0,0
107,192,ZD,2,2,2,1,0,0,-1,4,4,4,4,4,0,0
107,193,ZD,2,2,2,1,0,0,-1,4,4,4,4,4,0,0
107,194,ZD,2,2,2,1,0,0,-1,4,4,4,4,4,0,0
107,195,ZD,2,2,2,1,0,0,-1,4,4,4,4,4,0,0
107,196,ZD,3,3,3,0,0,0,-1,4,4,4,3,4,1,0
107,197,ZD,3,3,3,0,0,0,-1,4,4,4,3,4,1,0
107,198,ZD,3,3,3,0,0,0,-1,4,4,4,3,4,1,0
107,199,ZD,3,3,3,0,0,0,-1,4,4,4,3,4,1,0
108,109,ZD,2,2,2,0,0,0,0,4,4,4,2,4,1,0
108,110,ZD,2,2,2,0,0,0,-1,4,4,2,1,2,1,0
108,111,ZD,2,2,2,0,0,0,0,2,2,2,1,2,1,0
108,112,ZD,2,2,3,1,0,0,-1,4,4,4,4,4,0,0
108,113,ZD,2,2,3,1,0,0,-1,4,4,4,4,4,0,0
108,114,ZD,2,2,3,1,0,0,-1,4,4,4,4,4,0,0
108,115,ZD,2,2,3,1,0,0,-1,4,4,4,4,4,0,0
108,116,ZD,2,2,3,1,0,0,-1,4,4,4,4,4,0,0
108,117,ZD,2,2,3,1,0,0,-1,4,4,4,4,4,0,0
108,118,ZD,2,2,3,1,0,0,-1,4,4,4,4,4,0,0
108,119,ZD,2,2,3,1,0,0,-1,4,4,4,4,4,0,0
108,120,ZD,2,2,2,1,0,0,-1,4,4,4,4,4,0,0
108,121,ZD,2,2,2,1,0,0,-1,4,4,4,4,4,0,0
108,122,ZD,2,2,2,1,0,0,-1,4,4,4,4,4,0,0
108,123,ZD,2,2,2,1,0,0,-1,4,4,4,4,4,0,0
108,124,ZD,2,2,2,1,0,0,-1,4,4,4,4,4,0,0
108,125,ZD,2,2,2,1,0,0,-1,4,4,4,4,4,0,0
108,126,ZD,2,2,2,1,0,0,-1,4,4,4,4,4,0,0
108,127,ZD,2,2,2,1,0,0,-1,4,4,4,4,4,0,0
108,128,ZD,3,3,3,0,0,0,-1,4,4,4,3,4,1,0
108,129,ZD,3,3,3,0,0,0,-1,4,4,4,3,4,1,0
108,130,ZD,3,3,3,0,0,0,-1,4,4,4,3,4,1,0
108,131,ZD,3,3,3,0,0,0,-1,4,4,4,3,4,1,0
108,132,ZD,3,2,3,0,0,0,-1,4,4,4,3,4,1,0
108,133,ZD,3,2,3,0,0,0,-1,4,4,3,2,3,1,0
108,134,ZD,3,2,3,0,0,0,-1,4,4,4,3,4,1,0
108,135,ZD,3,2,3,0,0,0,-1,4,4,3,2,3,1,0
108,136,ZD,3,2,3,0,0,0,-1,4,4,3,2,3,1,0
108,137,ZD,3,2,3,0,0,0,-1,4,4,4,3,4,1,0
108,138,ZD,3,2,3,0,0,0,-1,4,4,3,2,3,1,0
108,139,ZD,3,2,3,0,0,0,-1,4,4,4,3,4,1,0
108,140,ZD,2,2,2,0,0,0,-1,4,4,4,3,4,1,0
108,141,ZD,2,2,2,0,0,0,-1,4,4,2,1,2,1,0
108,142,ZD,2,2,2,0,0,0,-1,4,4,2,1,2,1,0
108,143,ZD,2,2,2,0,0,0,-1,4,4,4,3,4,1,0
108,144,ZD,2,2,2,1,0,0,-1,4,4,4,4,4,0,0
108,145,ZD,2,2,2,1,0,0,-1,4,4,4,4,4,0,0
108,146,ZD,2,2,2,1,0,0,-1,4,4,4,4,4,0,0
108,147,ZD,2,2,2,1,0,0,-1,4,4,4,4,4,0,0
108,148,ZD,2,2,3,1,0,0,-1,4,4,4,4,4,0,0
108,149,ZD,2,3,3,1,0,0,-1,4,4,4,4,4,0,0
108,150,ZD,2,3,3,1,0,0,-1,4,4,4,4,4,0,0
108,151,ZD,2,2,3,1,0,0,-1,4,4,4,4,4,0,0
108,152,ZD,2,2,3,1,0,0,-1,4,4,4,4,4,0,0
108,153,ZD,2,3,3,1,0,0,-1,4,4,4,4,4,0,0
108,154,ZD,2,3,3,1,0,0,-1,4,4,4,4,4,0,0
108,155,ZD,2,2,3,1,0,0,-1,4,4,4,4,4,0,0
108,156,ZD,2,2,2,1,0,0,-1,2,2,2,2,2,0,0
108,157,ZD,2,2,2,1,0,0,-1,4,4,4,4,4,0,0
108,158,ZD,2,2,2,1,0,0,-1,2,2,2,2,2,0,0
108,159,ZD,2,2,2,1,0,0,-1,4,4,4,4,4,0,0
108,160,ZD,2,2,2,1,0,0,-1,4,4,4,4,4,0,0
108,161,ZD,2,2,2,1,0,0,-1,2,2,2,2,2,0,0
108,162,ZD,2,2,2,1,0,0,-1,4,4,4,4,4,0,0
108,163,ZD,2,2,2,1,0,0,-1,2,2,2,2,2,0,0
108,164,ZD,3,2,3,0,0,0,-1,4,4,3,2,3,1,0
108,165,ZD,3,2,3,0,0,0,-1,4,4,3,2,3,1,0
108,166,ZD,3,2,3,0,0,0,-1,4,4,3,2,3,1,0
108,167,ZD,3,2,3,0,0,0,-1,4,4,3,2,3,1,0
108,168,ZD,3,3,3,0,0,0,-1,4,4,4,3,4,1,0
108,169,ZD,3,2,3,0,0,0,-1,4,4,4,3,4,1,0
108,170,ZD,3,3,3,0,0,0,-1,4,4,4,3,4,1,0
108,171,ZD,3,2,3,0,0,0,-1,4,4,4,3,4,1,0
108,172,ZD,3,2,3,0,0,0,-1,4,4,4,3,4,1,0
108,173,ZD,3,3,3,0,0,0,-1,4,4,4,3,4,1,0
108,174,ZD,3,2,3,0,0,0,-1,4,4,4,3,4,1,0
108,175,ZD,3,3,3,0,0,0,-1,4,4,4,3,4,1,0
108,176,ZD,2,2,2,0,0,0,0,2,2,2,1,2,1,0
108,177,ZD,2,2,2,0,0,0,-1,4,4,4,3,4,1,0
108,178,ZD,2,2,2,0,0,0,-1,4,4,4,3,4,1,0
108,179,ZD,2,2,2,0,0,0,0,2,2,2,1,2,1,0
108,180,ZD,3,3,3,0,0,0,-1,4,4,4,4,4,1,0
108,181,ZD,3,3,3,0,0,0,-1,4,4,3,2,3,1,0
108,182,ZD,3,3,3,0,0,0,-1,4,4,3,2,3,1,0
108,183,ZD,3,3,3,0,0,0,-1,4,4,4,4,4,1,0
108,184,ZD,2,3,3,1,0,0,-1,4,4,4,4,4,0,0
108,185,ZD,2,3,3,1,0,0,-1,4,4,4,4,4,0,0
108,186,ZD,3,3,3,0,0,0,-1,4,4,4,3,4,1,0
108,187,ZD,3,3,3,0,0,0,-1,4,4,4,3,4,1,0
108,188,ZD,3,3,3,0,0,0,-1,4,4,4,3,4,1,0
108,189,ZD,3,3,3,0,0,0,-1,4,4,4,3,4,1,0
108,190,ZD,2,3,3,1,0,0,-1,4,4,4,4,4,0,0
108,191,ZD,2,3,3,1,0,0,-1,4,4,4,4,4,0,0
108,192,ZD,2,2,2,1,0,0,-1,4,4,4,4,4,0,0
108,193,ZD,2,2,2,1,0,0,-1,4,4,4,4,4,0,0
108,194,ZD,2,2,2,1,0,0,-1,4,4,4,4,4,0,0
108,195,ZD,2,2,2,1,0,0,-1,4,4,4,4,4,0,0
108,196,ZD,3,3,3,0,0,0,-1,4,4,4,3,4,1,0
108,197,ZD,3,3,3,0,0,0,-1,4,4,4,3,4,1,0
108,198,ZD,3,3,3,0,0,0,-1,4,4,4,3,4,1,0
108,199,ZD,3,3,3,0,0,0,-1,4,4,4,3,4,1,0
109,110,ZD,2,2,2,0,0,0,0,2,2,2,1,2,1,0
109,111,ZD,2,2,2,0,0,0,-1,4,4,2,1,2,1,0
109,112,ZD,2,2,3,1,0,0,-1,4,4,4,4,4,0,0
109,113,ZD,2,2,3,1,0,0,-1,4,4,4,4,4,0,0
109,114,ZD,2,2,3,1,0,0,-1,4,4,4,4,4,0,0
109,115,ZD,2,2,3,1,0,0,-1,4,4,4,4,4,0,0
109,116,ZD,2,2,3,1,0,0,-1,4,4,4,4,4,0,0
109,117,ZD,2,2,3,1,0,0,-1,4,4,4,4,4,0,0
109,118,ZD,2,2,3,1,0,0,-1,4,4,4,4,4,0,0
109,119,ZD,2,2,3,1,0,0,-1,4,4,4,4,4,0,0
109,120,ZD,2,2,2,1,0,0,-1,4,4,4,4,4,0,0
109,121,ZD,2,2,2,1,0,0,-1,4,4,4,4,4,0,0
109,122,ZD,2,2,2,1,0,0,-1,4,4,4,4,4,0,0
109,123,ZD,2,2,2,1,0,0,-1,4,4,4,4,4,0,0
109,124,ZD,2,2,2,1,0,0,-1,4,4,4,4,4,0,0
109,125,ZD,2,2,2,1,0,0,-1,4,4,4,4,4,0,0
109,126,ZD,2,2,2,1,0,0,-1,4,4,4,4,4,0,0
109,127,ZD,2,2,2,1,0,0,-1,4,4,4,4,4,0,0
109,128,ZD,3,3,3,0,0,0,-1,4,4,4,3,4,1,0
109,129,ZD,3,3,3,0,0,0,-1,4,4,4,3,4,1,0
109,130,ZD,3,3,3,0,0,0,-1,4,4,4,3,4,1,0
109,131,ZD,3,3,3,0,0,0,-1,4,4,4,3,4,1,0
109,132,ZD,3,2,3,0,0,0,-1,3,3,2,1,2,1,0
109,133,ZD,3,2,3,0,0,0,-1,3,3,3,2,3,1,0
109,134,ZD,3,2,3,0,0,0,-1,3,3,2,1,2,1,0
109,135,ZD,3,2,3,0,0,0,-1,3,3,3,2,3,1,0
109,136,ZD,3,2,3,0,0,0,-1,3,3,3,2,3,1,0
109,137,ZD,3,2,3,0,0,0,-1,3,3,2,1,2,1,0
109,138,ZD,3,2,3,0,0,0,-1,3,3,3,2,3,1,0
109,139,ZD,3,2,3,0,0,0,-1,3,3,2,1,2,1,0
109,140,ZD,2,2,2,0,0,0,-1,4,4,2,1,2,1,0
109,141,ZD,2,2,2,0,0,0,-1,4,4,4,3,4,1,0
109,142,ZD,2,2,2,0,0,0,-1,4,4,4,3,4,1,0
109,143,ZD,2,2,2,0,0,0,-1,4,4,2,1,2,1,0
109,144,ZD,2,2,2,1,0,0,-1,4,4,4,4,4,0,0
109,145,ZD,2,2,2,1,0,0,-1,4,4,4,4,4,0,0
109,146,ZD,2,2,2,1,0,0,-1,4,4,4,4,4,0,0
109,147,ZD,2,2,2,1,0,0,-1,4,4,4,4,4,0,0
109,148,ZD,2,3,3,1,0,0,-1,3,3,3,3,3,0,0
109,149,ZD,2,2,3,1,0,0,-1,3,3,3,3,3,0,0
109,150,ZD,2,2,3,1,0,0,-1,3,3,3,3,3,0,0
109,151,ZD,2,3,3,1,0,0,-1,3,3,3,3,3,0,0
109,152,ZD,2,3,3,1,0,0,-1,3,3,3,3,3,0,0
109,153,ZD,2,2,3,1,0,0,-1,3,3,3,3,3,0,0
109,154,ZD,2,2,3,1,0,0,-1,3,3,3,3,3,0,0
109,155,ZD,2,3,3,1,0,0,-1,3,3,3,3,3,0,0
109,156,ZD,2,2,2,1,0,0,-1,4,4,4,4,4,0,0
109,157,ZD,2,2,2,1,0,0,0,1,1,1,1,1,0,0
109,158,ZD,2,2,2,1,0,0,-1,4,4,4,4,4,0,0
109,159,ZD,2,2,2,1,0,0,0,1,1,1,1,1,0,0
109,160,ZD,2,2,2,1,0,0,0,1,1,1,1,1,0,0
109,161,ZD,2,2,2,1,0,0,-1,4,4,4,4,4,0,0
109,162,ZD,2,2,2,1,0,0,0,1,1,1,1,1,0,0
109,163,ZD,2,2,2,1,0,0,-1,4,4,4,4,4,0,0
109,164,ZD,3,2,3,0,0,0,-1,3,3,2,1,2,1,0
109,165,ZD,3,2,3,0,0,0,-1,3,3,2,1,2,1,0
109,166,ZD,3,2,3,0,0,0,-1,3,3,2,1,2,1,0
109,167,ZD,3,2,3,0,0,0,-1,3,3,2,1,2,1,0
109,168,ZD,3,2,3,0,0,0,-1,4,4,4,3,4,1,0
109,169,ZD,3,3,3,0,0,0,-1,4,4,4,3,4,1,0
109,170,ZD,3,2,3,0,0,0,-1,4,4,4,3,4,1,0
109,171,ZD,3,3,3,0,0,0,-1,4,4,4,3,4,1,0
109,172,ZD,3,3,3,0,0,0,-1,4,4,4,3,4,1,0
109,173,ZD,3,2,3,0,0,0,-1,4,4,4,3,4,1,0
109,174,ZD,3,3,3,0,0,0,-1,4,4,4,3,4,1,0
109,175,ZD,3,2,3,0,0,0,-1,4,4,4,3,4,1,0
109,176,ZD,2,2,2,0,0,0,-1,4,4,4,3,4,1,0
109,177,ZD,2,2,2,0,0,0,0,2,2,2,1,2,1,0
109,178,ZD,2,2,2,0,0,0,0,2,2,2,1,2,1,0
109,179,ZD,2,2,2,0,0,0,-1,4,4,4,3,4,1,0
109,180,ZD,3,3,3,0,0,0,-1,4,4,4,4,4,1,0
109,181,ZD,3,3,3,0,0,0,-1,4,4,3,2,3,1,0
109,182,ZD,3,3,3,0,0,0,-1,4,4,3,2,3,1,0
109,183,ZD,3,3,3,0,0,0,-1,4,4,4,4,4,1,0
109,184,ZD,2,3,3,1,0,0,-1,3,3,3,3,3,0,0
109,185,ZD,2,3,3,1,0,0,-1,3,3,3,3,3,0,0
109,186,ZD,3,3,3,0,0,0,0,3,3,3,2,3,1,0
109,187,ZD,3,3,3,0,0,0,0,3,3,3,2,3,1,0
109,188,ZD,3,3,3,0,0,0,0,3,3,3,2,3,1,0
109,189,ZD,3,3,3,0,0,0,0,3,3,3,2,3,1,0
109,190,ZD,2,3,3,1,0,0,-1,3,3,3,3,3,0,0
109,191,ZD,2,3,3,1,0,0,-1,3,3,3,3,3,0,0
109,192,ZD,2,2,2,1,0,0,-1,4,4,4,4,4,0,0
109,193,ZD,2,2,2,1,0,0,-1,4,4,4,4,4,0,0
109,194,ZD,2,2,2,1,0,0,-1,4,4,4,4,4,0,0
109,195,ZD,2,2,2,1,0,0,-1,4,4,4,4,4,0,0
109,196,ZD,3,3,3,0,0,0,0,3,3,3,2,3,1,0
109,197,ZD,3,3,3,0,0,0,0,3,3,3,2,3,1,0
109,198,ZD,3,3,3,0,0,0,0,3,3,3,2,3,1,0
109,199,ZD,3,3,3,0,0,0,0,3,3,3,2,3,1,0
110,111,ZD,2,2,2,0,0,0,0,4,4,4,2,4,1,0
110,112,ZD,2,2,3,1,0,0,-1,4,4,4,4,4,0,0
110,113,ZD,2,2,3,1,0,0,-1,4,4,4,4,4,0,0
110,114,ZD,2,2,3,1,0,0,-1,4,4,4,4,4,0,0
110,115,ZD,2,2,3,1,0,0,-1,4,4,4,4,4,0,0
110,116,ZD,2,2,3,1,0,0,-1,4,4,4,4,4,0,0
110,117,ZD,2,2,3,1,0,0,-1,4,4,4,4,4,0,0
110,118,ZD,2,2,3,1,0,0,-1,4,4,4,4,4,0,0
110,119,ZD,2,2,3,1,0,0,-1,4,4,4,4,4,0,0
110,120,ZD,2,2,2,1,0,0,-1,4,4,4,4,4,0,0
110,121,ZD,2,2,2,1,0,0,-1,4,4,4,4,4,0,0
110,122,ZD,2,2,2,1,0,0,-1,4,4,4,4,4,0,0
110,123,ZD,2,2,2,1,0,0,-1,4,4,4,4,4,0,0
110,124,ZD,2,2,2,1,0,0,-1,4,4,4,4,4,0,0
110,125,ZD,2,2,2,1,0,0,-1,4,4,4,4,4,0,0
110,126,ZD,2,2,2,1,0,0,-1,4,4,4,4,4,0,0
110,127,ZD,2,2,2,1,0,0,-1,4,4,4,4,4,0,0
110,128,ZD,3,3,3,0,0,0,-1,4,4,4,3,4,1,0
110,129,ZD,3,3,3,0,0,0,-1,4,4,4,3,4,1,0
110,130,ZD,3,3,3,0,0,0,-1,4,4,4,3,4,1,0
110,131,ZD,3,3,3,0,0,0,-1,4,4,4,3,4,1,0
110,132,ZD,3,2,3,0,0,0,-1,3,3,3,2,3,1,0
110,133,ZD,3,2,3,0,0,0,-1,3,3,2,1,2,1,0
110,134,ZD,3,2,3,0,0,0,-1,3,3,3,2,3,1,0
110,135,ZD,3,2,3,0,0,0,-1,3,3,2,1,2,1,0
110,136,ZD,3,2,3,0,0,0,-1,3,3,2,1,2,1,0
110,137,ZD,3,2,3,0,0,0,-1,3,3,3,2,3,1,0
110,138,ZD,3,2,3,0,0,0,-1,3,3,2,1,2,1,0
110,139,ZD,3,2,3,0,0,0,-1,3,3,3,2,3,1,0
110,140,ZD,2,2,2,0,0,0,-1,4,4,4,3,4,1,0
110,141,ZD,2,2,2,0,0,0,-1,4,4,2,1,2,1,0
110,142,ZD,2,2,2,0,0,0,-1,4,4,2,1,2,1,0
110,143,ZD,2,2,2,0,0,0,-1,4,4,4,3,4,1,0
110,144,ZD,2,2,2,1,0,0,-1,4,4,4,4,4,0,0
110,145,ZD,2,2,2,1,0,0,-1,4,4,4,4,4,0,0
110,146,ZD,2,2,2,1,0,0,-1,4,4,4,4,4,0,0
110,147,ZD,2,2,2,1,0,0,-1,4,4,4,4,4,0,0
110,148,ZD,2,2,3,1,0,0,-1,3,3,3,3,3,0,0
110,149,ZD,2,3,3,1,0,0,-1,3,3,3,3,3,0,0
110,150,ZD,2,3,3,1,0,0,-1,3,3,3,3,3,0,0
110,151,ZD,2,2,3,1,0,0,-1,3,3,3,3,3,0,0
110,152,ZD,2,2,3,1,0,0,-1,3,3,3,3,3,0,0
110,153,ZD,2,3,3,1,0,0,-1,3,3,3,3,3,0,0
110,154,ZD,2,3,3,1,0,0,-1,3,3,3,3,3,0,0
110,155,ZD,2,2,3,1,0,0,-1,3,3,3,3,3,0,0
110,156,ZD,2,2,2,1,0,0,-1,4,4,4,4,4,0,0
110,157,ZD,2,2,2,1,0,0,0,1,1,1,1,1,0,0
110,158,ZD,2,2,2,1,0,0,-1,4,4,4,4,4,0,0
110,159,ZD,2,2,2,1,0,0,0,1,1,1,1,1,0,0
110,160,ZD,2,2,2,1,0,0,0,1,1,1,1,1,0,0
110,161,ZD,2,2,2,1,0,0,-1,4,4,4,4,4,0,0
110,162,ZD,2,2,2,1,0,0,0,1,1,1,1,1,0,0
110,163,ZD,2,2,2,1,0,0,-1,4,4,4,4,4,0,0
110,164,ZD,3,2,3,0,0,0,-1,3,3,2,1,2,1,0
110,165,ZD,3,2,3,0,0,0,-1,3,3,2,1,2,1,0
110,166,ZD,3,2,3,0,0,0,-1,3,3,2,1,2,1,0
110,167,ZD,3,2,3,0,0,0,-1,3,3,2,1,2,1,0
110,168,ZD,3,2,3,0,0,0,-1,4,4,4,3,4,1,0
110,169,ZD,3,3,3,0,0,0,-1,4,4,4,3,4,1,0
110,170,ZD,3,2,3,0,0,0,-1,4,4,4,3,4,1,0
110,171,ZD,3,3,3,0,0,0,-1,4,4,4,3,4,1,0
110,172,ZD,3,3,3,0,0,0,-1,4,4,4,3,4,1,0
110,173,ZD,3,2,3,0,0,0,-1,4,4,4,3,4,1,0
110,174,ZD,3,3,3,0,0,0,-1,4,4,4,3,4,1,0
110,175,ZD,3,2,3,0,0,0,-1,4,4,4,3,4,1,0
110,176,ZD,2,2,2,0,0,0,-1,4,4,4,3,4,1,0
110,177,ZD,2,2,2,0,0,0,0,2,2,2,1,2,1,0
110,178,ZD,2,2,2,0,0,0,0,2,2,2,1,2,1,0
110,179,ZD,2,2,2,0,0,0,-1,4,4,4,3,4,1,0
110,180,ZD,3,3,3,0,0,0,-1,4,4,3,2,3,1,0
110,181,ZD,3,3,3,0,0,0,-1,4,4,4,4,4,1,0
110,182,ZD,3,3,3,0,0,0,-1,4,4,4,4,4,1,0
110,183,ZD,3,3,3,0,0,0,-1,4,4,3,2,3,1,0
110,184,ZD,3,3,3,0,0,0,0,3,3,3,2,3,1,0
110,185,ZD,3,3,3,0,0,0,0,3,3,3,2,3,1,0
110,186,ZD,2,3,3,1,0,0,-1,3,3,3,3,3,0,0
110,187,ZD,2,3,3,1,0,0,-1,3,3,3,3,3,0,0
110,188,ZD,2,3,3,1,0,0,-1,3,3,3,3,3,0,0
110,189,ZD,2,3,3,1,0,0,-1,3,3,3,3,3,0,0
110,190,ZD,3,3,3,0,0,0,0,3,3,3,2,3,1,0
110,191,ZD,3,3,3,0,0,0,0,3,3,3,2,3,1,0
110,192,ZD,2,2,2,1,0,0,-1,4,4,4,4,4,0,0
110,193,ZD,2,2,2,1,0,0,-1,4,4,4,4,4,0,0
110,194,ZD,2,2,2,1,0,0,-1,4,4,4,4,4,0,0
110,195,ZD,2,2,2,1,0,0,-1,4,4,4,4,4,0,0
110,196,ZD,3,3,3,0,0,0,0,3,3,3,2,3,1,0
110,197,ZD,3,3,3,0,0,0,0,3,3,3,2,3,1,0
110,198,ZD,3,3,3,0,0,0,0,3,3,3,2,3,1,0
110,199,ZD,3,3,3,0,0,0,0,3,3,3,2,3,1,0
111,112,ZD,2,2,3,1,0,0,-1,4,4,4,4,4,0,0
111,113,ZD,2,2,3,1,0,0,-1,4,4,4,4,4,0,0
111,114,ZD,2,2,3,1,0,0,-1,4,4,4,4,4,0,0
111,115,ZD,2,2,3,1,0,0,-1,4,4,4,4,4,0,0
111,116,ZD,2,2,3,1,0,0,-1,4,4,4,4,4,0,0
111,117,ZD,2,2,3,1,0,0,-1,4,4,4,4,4,0,0
111,118,ZD,2,2,3,1,0,0,-1,4,4,4,4,4,0,0
111,119,ZD,2,2,3,1,0,0,-1,4,4,4,4,4,0,0
111,120,ZD,2,2,2,1,0,0,-1,4,4,4,4,4,0,0
111,121,ZD,2,2,2,1,0,0,-1,4,4,4,4,4,0,0
111,122,ZD,2,2,2,1,0,0,-1,4,4,4,4,4,0,0
111,123,ZD,2,2,2,1,0,0,-1,4,4,4,4,4,0,0
111,124,ZD,2,2,2,1,0,0,-1,4,4,4,4,4,0,0
111,125,ZD,2,2,2,1,0,0,-1,4,4,4,4,4,0,0
111,126,ZD,2,2,2,1,0,0,-1,4,4,4,4,4,0,0
111,127,ZD,2,2,2,1,0,0,-1,4,4,4,4,4,0,0
111,128,ZD,3,3,3,0,0,0,-1,4,4,4,3,4,1,0
111,129,ZD,3,3,3,0,0,0,-1,4,4,4,3,4,1,0
111,130,ZD,3,3,3,0,0,0,-1,4,4,4,3,4,1,0
111,131,ZD,3,3,3,0,0,0,-1,4,4,4,3,4,1,0
111,132,ZD,3,2,3,0,0,0,-1,4,4,3,2,3,1,0
111,133,ZD,3,2,3,0,0,0,-1,4,4,4,3,4,1,0
111,134,ZD,3,2,3,0,0,0,-1,4,4,3,2,3,1,0
111,135,ZD,3,2,3,0,0,0,-1,4,4,4,3,4,1,0
111,136,ZD,3,2,3,0,0,0,-1,4,4,4,3,4,1,0
111,137,ZD,3,2,3,0,0,0,-1,4,4,3,2,3,1,0
111,138,ZD,3,2,3,0,0,0,-1,4,4,4,3,4,1,0
111,139,ZD,3,2,3,0,0,0,-1,4,4,3,2,3,1,0
111,140,ZD,2,2,2,0,0,0,-1,4,4,2,1,2,1,0
111,141,ZD,2,2,2,0,0,0,-1,4,4,4,3,4,1,0
111,142,ZD,2,2,2,0,0,0,-1,4,4,4,3,4,1,0
111,143,ZD,2,2,2,0,0,0,-1,4,4,2,1,2,1,0
111,144,ZD,2,2,2,1,0,0,-1,4,4,4,4,4,0,0
111,145,ZD,2,2,2,1,0,0,-1,4,4,4,4,4,0,0
111,146,ZD,2,2,2,1,0,0,-1,4,4,4,4,4,0,0
111,147,ZD,2,2,2,1,0,0,-1,4,4,4,4,4,0,0
111,148,ZD,2,3,3,1,0,0,-1,4,4,4,4,4,0,0
111,149,ZD,2,2,3,1,0,0,-1,4,4,4,4,4,0,0
111,150,ZD,2,2,3,1,0,0,-1,4,4,4,4,4,0,0
111,151,ZD,2,3,3,1,0,0,-1,4,4,4,4,4,0,0
111,152,ZD,2,3,3,1,0,0,-1,4,4,4,4,4,0,0
111,153,ZD,2,2,3,1,0,0,-1,4,4,4,4,4,0,0
111,154,ZD,2,2,3,1,0,0,-1,4,4,4,4,4,0,0
111,155,ZD,2,3,3,1,0,0,-1,4,4,4,4,4,0,0
111,156,ZD,2,2,2,1,0,0,-1,2,2,2,2,2,0,0
111,157,ZD,2,2,2,1,0,0,-1,4,4,4,4,4,0,0
111,158,ZD,2,2,2,1,0,0,-1,2,2,2,2,2,0,0
111,159,ZD,2,2,2,1,0,0,-1,4,4,4,4,4,0,0
111,160,ZD,2,2,2,1,0,0,-1,4,4,4,4,4,0,0
111,161,ZD,2,2,2,1,0,0,-1,2,2,2,2,2,0,0
111,162,ZD,2,2,2,1,0,0,-1,4,4,4,4,4,0,0
111,163,ZD,2,2,2,1,0,0,-1,2,2,2,2,2,0,0
111,164,ZD,3,2,3,0,0,0,-1,4,4,3,2,3,1,0
111,165,ZD,3,2,3,0,0,0,-1,4,4,3,2,3,1,0
111,166,ZD,3,2,3,0,0,0,-1,4,4,3,2,3,1,0
111,167,ZD,3,2,3,0,0,0,-1,4,4,3,2,3,1,0
111,168,ZD,3,3,3,0,0,0,-1,4,4,4,3,4,1,0
111,169,ZD,3,2,3,0,0,0,-1,4,4,4,3,4,1,0
111,170,ZD,3,3,3,0,0,0,-1,4,4,4,3,4,1,0
111,171,ZD,3,2,3,0,0,0,-1,4,4,4,3,4,1,0
111,172,ZD,3,2,3,0,0,0,-1,4,4,4,3,4,1,0
111,173,ZD,3,3,3,0,0,0,-1,4,4,4,3,4,1,0
111,174,ZD,3,2,3,0,0,0,-1,4,4,4,3,4,1,0
111,175,ZD,3,3,3,0,0,0,-1,4,4,4,3,4,1,0
111,176,ZD,2,2,2,0,0,0,0,2,2,2,1,2,1,0
111,177,ZD,2,2,2,0,0,0,-1,4,4,4,3,4,1,0
111,178,ZD,2,2,2,0,0,0,-1,4,4,4,3,4,1,0
111,179,ZD,2,2,2,0,0,0,0,2,2,2,1,2,1,0
111,180,ZD,3,3,3,0,0,0,-1,4,4,3,2,3,1,0
111,181,ZD,3,3,3,0,0,0,-1,4,4,4,4,4,1,0
111,182,ZD,3,3,3,0,0,0,-1,4,4,4,4,4,1,0
111,183,ZD,3,3,3,0,0,0,-1,4,4,3,2,3,1,0
111,184,ZD,3,3,3,0,0,0,-1,4,4,4,3,4,1,0
111,185,ZD,3,3,3,0,0,0,-1,4,4,4,3,4,1,0
111,186,ZD,2,3,3,1,0,0,-1,4,4,4,4,4,0,0
111,187,ZD,2,3,3,1,0,0,-1,4,4,4,4,4,0,0
111,188,ZD,2,3,3,1,0,0,-1,4,4,4,4,4,0,0
111,189,ZD,2,3,3,1,0,0,-1,4,4,4,4,4,0,0
111,190,ZD,3,3,3,0,0,0,-1,4,4,4,3,4,1,0
111,191,ZD,3,3,3,0,0,0,-1,4,4,4,3,4,1,0
111,192,ZD,2,2,2,1,0,0,-1,4,4,4,4,4,0,0
111,193,ZD,2,2,2,1,0,0,-1,4,4,4,4,4,0,0
111,194,ZD,2,2,2,1,0,0,-1,4,4,4,4,4,0,0
111,195,ZD,2,2,2,1,0,0,-1,4,4,4,4,4,0,0
111,196,ZD,3,3,3,0,0,0,-1,4,4,4,3,4,1,0
111,197,ZD,3,3,3,0,0,0,-1,4,4,4,3,4,1,0
111,198,ZD,3,3,3,0,0,0,-1,4,4,4,3,4,1,0
111,199,ZD,3,3,3,0,0,0,-1,4,4,4,3,4,1,0
112,113,ZD,2,2,2,1,0,0,-1,2,2,1,1,1,0,0
112,114,ZD,2,2,2,1,0,0,0,1,1,1,1,1,0,0
112,115,ZD,2,2,2,1,0,0,0,2,2,1,1,1,0,0
112,116,ZD,2,2,2,1,0,0,0,2,2,1,1,1,0,0
112,117,ZD,2,2,2,1,0,0,0,1,1,1,1,1,0,0
112,118,ZD,2,2,2,1,0,0,-1,2,2,1,1,1,0,0
112,119,POS,1,1,1,0,0,-1,-1,-1,-1,-1,-1,-1,0,1
112,120,ZD,2,2,3,1,0,0,-1,3,3,2,2,2,0,0
112,121,ZD,2,2,3,1,0,0,-1,3,3,1,1,1,0,0
112,122,ZD,2,2,3,1,0,0,-1,3,3,3,3,3,0,0
112,123,ZD,2,2,3,1,0,0,-1,3,3,3,3,3,0,0
112,124,ZD,2,2,3,1,0,0,-1,3,3,3,3,3,0,0
112,125,ZD,2,2,3,1,0,0,-1,3,3,3,3,3,0,0
112,126,ZD,2,2,3,1,0,0,-1,3,3,1,1,1,0,0
112,127,ZD,2,2,3,1,0,0,-1,3,3,2,2,2,0,0
112,128,ZD,2,2,2,1,0,0,0,1,1,1,1,1,0,0
112,129,ZD,2,2,2,1,0,0,-1,2,2,2,2,2,0,0
112,130,ZD,2,2,2,1,0,0,-1,2,2,2,2,2,0,0
112,131,ZD,2,2,2,1,0,0,0,1,1,1,1,1,0,0
112,132,ZD,2,2,2,1,0,0,-1,2,2,2,2,2,0,0
112,133,ZD,2,2,2,1,0,0,0,1,1,1,1,1,0,0
112,134,ZD,2,2,3,1,0,0,-1,3,3,3,3,3,0,0
112,135,ZD,2,2,3,1,0,0,-1,3,3,3,3,3,0,0
112,136,ZD,2,2,3,1,0,0,-1,3,3,3,3,3,0,0
112,137,ZD,2,2,3,1,0,0,-1,3,3,3,3,3,0,0
112,138,ZD,2,2,2,1,0,0,0,1,1,1,1,1,0,0
112,139,ZD,2,2,2,1,0,0,-1,2,2,2,2,2,0,0
112,140,ZD,2,2,3,1,0,0,-1,3,3,3,3,3,0,0
112,141,ZD,2,2,3,1,0,0,-1,3,3,3,3,3,0,0
112,142,ZD,2,2,3,1,0,0,-1,3,3,3,3,3,0,0
112,143,ZD,2,2,3,1,0,0,-1,3,3,3,3,3,0,0
112,144,ZD,2,2,3,1,0,0,-1,3,3,3,3,3,0,0
112,145,ZD,2,2,3,1,0,0,-1,3,3,3,3,3,0,0
112,146,ZD,2,2,3,1,0,0,-1,3,3,3,3,3,0,0
112,147,ZD,2,2,3,1,0,0,-1,3,3,3,3,3,0,0
112,148,ZD,2,2,2,1,0,0,-1,3,3,2,2,2,0,0
112,149,ZD,2,2,3,1,0,0,-1,3,3,3,3,3,0,0
112,150,ZD,2,2,3,1,0,0,-1,3,3,3,3,3,0,0
112,151,ZD,2,2,2,1,0,0,0,3,3,1,1,1,0,0
112,152,ZD,2,2,2,1,0,0,0,3,3,1,1,1,0,0
112,153,ZD,2,2,3,1,0,0,-1,3,3,3,3,3,0,0
112,154,ZD,2,2,3,1,0,0,-1,3,3,3,3,3,0,0
112,155,ZD,2,2,2,1,0,0,-1,3,3,2,2,2,0,0
112,156,ZD,2,2,3,1,0,0,-1,4,4,4,4,4,0,0
112,157,ZD,2,2,3,1,0,0,-1,4,4,4,4,4,0,0
112,158,ZD,2,2,3,1,0,0,-1,4,4,4,4,4,0,0
112,159,ZD,2,2,3,1,0,0,-1,4,4,4,4,4,0,0
112,160,ZD,2,2,3,1,0,0,-1,4,4,4,4,4,0,0
112,161,ZD,2,2,3,1,0,0,-1,4,4,4,4,4,0,0
112,162,ZD,2,2,3,1,0,0,-1,4,4,4,4,4,0,0
112,163,ZD,2,2,3,1,0,0,-1,4,4,4,4,4,0,0
112,164,ZD,2,2,3,1,0,0,-1,3,3,1,1,1,0,0
112,165,ZD,2,2,3,1,0,0,-1,3,3,2,2,2,0,0
112,166,ZD,2,2,3,1,0,0,-1,3,3,2,2,2,0,0
112,167,ZD,2,2,3,1,0,0,-1,3,3,1,1,1,0,0
112,168,ZD,2,2,3,1,0,0,-1,4,4,3,3,3,0,0
112,169,ZD,2,2,3,1,0,0,-1,4,4,3,3,3,0,0
112,170,ZD,2,2,3,1,0,0,-1,4,4,3,3,3,0,0
112,171,ZD,2,2,3,1,0,0,-1,4,4,3,3,3,0,0
112,172,ZD,2,2,3,1,0,0,-1,4,4,3,3,3,0,0
112,173,ZD,2,2,3,1,0,0,-1,4,4,3,3,3,0,0
112,174,ZD,2,2,3,1,0,0,-1,4,4,3,3,3,0,0
112,175,ZD,2,2,3,1,0,0,-1,4,4,3,3,3,0,0
112,176,ZD,2,2,3,1,0,0,-1,4,4,3,3,3,0,0
112,177,ZD,2,2,3,1,0,0,-1,4,4,2,2,2,0,0
112,178,ZD,2,2,3,1,0,0,-1,4,4,2,2,2,0,0
112,179,ZD,2,2,3,1,0,0,-1,4,4,3,3,3,0,0
112,180,ZD,2,2,2,1,0,0,0,2,2,1,1,1,0,0
112,181,ZD,2,2,2,1,0,0,-1,2,2,2,2,2,0,0
112,182,ZD,2,2,2,1,0,0,-1,2,2,2,2,2,0,0
112,183,ZD,2,2,2,1,0,0,0,2,2,1,1,1,0,0
112,184,ZD,2,2,3,1,0,0,-1,3,3,3,3,3,0,0
112,185,ZD,2,2,3,1,0,0,-1,3,3,3,3,3,0,0
112,186,ZD,2,2,3,1,0,0,-1,3,3,3,3,3,0,0
112,187,ZD,2,2,3,1,0,0,-1,3,3,3,3,3,0,0
112,188,ZD,2,2,3,1,0,0,-1,3,3,3,3,3,0,0
112,189,ZD,2,2,3,1,0,0,-1,3,3,3,3,3,0,0
112,190,ZD,2,2,3,1,0,0,-1,3,3,3,3,3,0,0
112,191,ZD,2,2,3,1,0,0,-1,3,3,3,3,3,0,0
112,192,ZD,2,2,2,1,0,0,0,1,1,1,1,1,0,0
112,193,ZD,2,2,2,1,0,0,-1,2,2,2,2,2,0,0
112,194,ZD,2,2,2,1,0,0,-1,2,2,2,2,2,0,0
112,195,ZD,2,2,2,1,0,0,0,1,1,1,1,1,0,0
112,196,ZD,2,2,3,1,0,0,-1,3,3,1,1,1,0,0
112,197,ZD,2,2,3,1,0,0,-1,3,3,2,2,2,0,0
112,198,ZD,2,2,3,1,0,0,-1,3,3,2,2,2,0,0
112,199,ZD,2,2,3,1,0,0,-1,3,3,1,1,1,0,0
113,114,ZD,2,2,2,1,0,0,0,2,2,1,1,1,0,0
113,115,ZD,2,2,2,1,0,0,0,1,1,1,1,1,0,0
113,116,ZD,2,2,2,1,0,0,0,1,1,1,1,1,0,0
113,117,ZD,2,2,2,1,0,0,0,2,2,1,1,1,0,0
113,118,POS,1,1,1,0,0,-1,-1,-1,-1,-1,-1,-1,0,1
113,119,ZD,2,2,2,1,0,0,-1,2,2,1,1,1,0,0
113,120,ZD,2,2,3,1,0,0,-1,3,3,1,1,1,0,0
113,121,ZD,2,2,3,1,0,0,-1,3,3,2,2,2,0,0
113,122,ZD,2,2,3,1,0,0,-1,3,3,3,3,3,0,0
113,123,ZD,2,2,3,1,0,0,-1,3,3,3,3,3,0,0
113,124,ZD,2,2,3,1,0,0,-1,3,3,3,3,3,0,0
113,125,ZD,2,2,3,1,0,0,-1,3,3,3,3,3,0,0
113,126,ZD,2,2,3,1,0,0,-1,3,3,2,2,2,0,0
113,127,ZD,2,2,3,1,0,0,-1,3,3,1,1,1,0,0
113,128,ZD,2,2,2,1,0,0,-1,2,2,2,2,2,0,0
113,129,ZD,2,2,2,1,0,0,0,1,1,1,1,1,0,0
113,130,ZD,2,2,2,1,0,0,0,1,1,1,1,1,0,0
113,131,ZD,2,2,2,1,0,0,-1,2,2,2,2,2,0,0
113,132,ZD,2,2,3,1,0,0,-1,3,3,3,3,3,0,0
113,133,ZD,2,2,3,1,0,0,-1,3,3,3,3,3,0,0
113,134,ZD,2,2,2,1,0,0,0,1,1,1,1,1,0,0
113,135,ZD,2,2,2,1,0,0,-1,2,2,2,2,2,0,0
113,136,ZD,2,2,2,1,0,0,-1,2,2,2,2,2,0,0
113,137,ZD,2,2,2,1,0,0,0,1,1,1,1,1,0,0
113,138,ZD,2,2,3,1,0,0,-1,3,3,3,3,3,0,0
113,139,ZD,2,2,3,1,0,0,-1,3,3,3,3,3,0,0
113,140,ZD,2,2,3,1,0,0,-1,3,3,3,3,3,0,0
113,141,ZD,2,2,3,1,0,0,-1,3,3,3,3,3,0,0
113,142,ZD,2,2,3,1,0,0,-1,3,3,3,3,3,0,0
113,143,ZD,2,2,3,1,0,0,-1,3,3,3,3,3,0,0
113,144,ZD,2,2,3,1,0,0,-1,3,3,3,3,3,0,0
113,145,ZD,2,2,3,1,0,0,-1,3,3,3,3,3,0,0
113,146,ZD,2,2,3,1,0,0,-1,3,3,3,3,3,0,0
113,147,ZD,2,2,3,1,0,0,-1,3,3,3,3,3,0,0
113,148,ZD,2,2,3,1,0,0,-1,3,3,3,3,3,0,0
113,149,ZD,2,2,2,1,0,0,0,3,3,1,1,1,0,0
113,150,ZD,2,2,2,1,0,0,-1,3,3,2,2,2,0,0
113,151,ZD,2,2,3,1,0,0,-1,3,3,3,3,3,0,0
113,152,ZD,2,2,3,1,0,0,-1,3,3,3,3,3,0,0
113,153,ZD,2,2,2,1,0,0,-1,3,3,2,2,2,0,0
113,154,ZD,2,2,2,1,0,0,0,3,3,1,1,1,0,0
113,155,ZD,2,2,3,1,0,0,-1,3,3,3,3,3,0,0
113,156,ZD,2,2,3,1,0,0,-1,4,4,4,4,4,0,0
113,157,ZD,2,2,3,1,0,0,-1,4,4,4,4,4,0,0
113,158,ZD,2,2,3,1,0,0,-1,4,4,4,4,4,0,0
113,159,ZD,2,2,3,1,0,0,-1,4,4,4,4,4,0,0
113,160,ZD,2,2,3,1,0,0,-1,4,4,4,4,4,0,0
113,161,ZD,2,2,3,1,0,0,-1,4,4,4,4,4,0,0
113,162,ZD,2,2,3,1,0,0,-1,4,4,4,4,4,0,0
113,163,ZD,2,2,3,1,0,0,-1,4,4,4,4,4,0,0
113,164,ZD,2,2,3,1,0,0,-1,3,3,1,1,1,0,0
113,165,ZD,2,2,3,1,0,0,-1,3,3,2,2,2,0,0
113,166,ZD,2,2,3,1,0,0,-1,3,3,2,2,2,0,0
113,167,ZD,2,2,3,1,0,0,-1,3,3,1,1,1,0,0
113,168,ZD,2,2,3,1,0,0,-1,4,4,3,3,3,0,0
113,169,ZD,2,2,3,1,0,0,-1,4,4,3,3,3,0,0
113,170,ZD,2,2,3,1,0,0,-1,4,4,3,3,3,0,0
113,171,ZD,2,2,3,1,0,0,-1,4,4,3,3,3,0,0
113,172,ZD,2,2,3,1,0,0,-1,4,4,3,3,3,0,0
113,173,ZD,2,2,3,1,0,0,-1,4,4,3,3,3,0,0
113,174,ZD,2,2,3,1,0,0,-1,4,4,3,3,3,0,0
113,175,ZD,2,2,3,1,0,0,-1,4,4,3,3,3,0,0
113,176,ZD,2,2,3,1,0,0,-1,4,4,3,3,3,0,0
113,177,ZD,2,2,3,1,0,0,-1,4,4,2,2,2,0,0
113,178,ZD,2,2,3,1,0,0,-1,4,4,2,2,2,0,0
113,179,ZD,2,2,3,1,0,0,-1,4,4,3,3,3,0,0
113,180,ZD,2,2,2,1,0,0,-1,2,2,2,2,2,0,0
113,181,ZD,2,2,2,1,0,0,0,2,2,1,1,1,0,0
113,182,ZD,2,2,2,1,0,0,0,2,2,1,1,1,0,0
113,183,ZD,2,2,2,1,0,0,-1,2,2,2,2,2,0,0
113,184,ZD,2,2,3,1,0,0,-1,3,3,3,3,3,0,0
113,185,ZD,2,2,3,1,0,0,-1,3,3,3,3,3,0,0
113,186,ZD,2,2,3,1,0,0,-1,3,3,3,3,3,0,0
113,187,ZD,2,2,3,1,0,0,-1,3,3,3,3,3,0,0
113,188,ZD,2,2,3,1,0,0,-1,3,3,3,3,3,0,0
113,189,ZD,2,2,3,1,0,0,-1,3,3,3,3,3,0,0
113,190,ZD,2,2,3,1,0,0,-1,3,3,3,3,3,0,0
113,191,ZD,2,2,3,1,0,0,-1,3,3,3,3,3,0,0
113,192,ZD,2,2,2,1,0,0,-1,2,2,2,2,2,0,0
113,193,ZD,2,2,2,1,0,0,0,1,1,1,1,1,0,0
113,194,ZD,2,2,2,1,0,0,0,1,1,1,1,1,0,0
113,195,ZD,2,2,2,1,0,0,-1,2,2,2,2,2,0,0
113,196,ZD,2,2,3,1,0,0,-1,3,3,1,1,1,0,0
113,197,ZD,2,2,3,1,0,0,-1,3,3,2,2,2,0,0
113,198,ZD,2,2,3,1,0,0,-1,3,3,2,2,2,0,0
113,199,ZD,2,2,3,1,0,0,-1,3,3,1,1,1,0,0
114,115,ZD,2,2,2,1,0,0,-1,2,2,1,1,1,0,0
114,116,ZD,2,2,2,1,0,0,-1,2,2,1,1,1,0,0
114,117,POS,1,1,1,0,0,-1,-1,-1,-1,-1,-1,-1,0,1
114,118,ZD,2,2,2,1,0,0,0,2,2,1,1,1,0,0
114,119,ZD,2,2,2,1,0,0,0,1,1,1,1,1,0,0
114,120,ZD,2,2,3,1,0,0,-1,3,3,3,3,3,0,0
114,121,ZD,2,2,3,1,0,0,-1,3,3,3,3,3,0,0
114,122,ZD,2,2,3,1,0,0,-1,3,3,1,1,1,0,0
114,123,ZD,2,2,3,1,0,0,-1,3,3,2,2,2,0,0
114,124,ZD,2,2,3,1,0,0,-1,3,3,2,2,2,0,0
114,125,ZD,2,2,3,1,0,0,-1,3,3,1,1,1,0,0
114,126,ZD,2,2,3,1,0,0,-1,3,3,3,3,3,0,0
114,127,ZD,2,2,3,1,0,0,-1,3,3,3,3,3,0,0
114,128,ZD,2,2,2,1,0,0,0,1,1,1,1,1,0,0
114,129,ZD,2,2,2,1,0,0,-1,2,2,2,2,2,0,0
114,130,ZD,2,2,2,1,0,0,-1,2,2,2,2,2,0,0
114,131,ZD,2,2,2,1,0,0,0,1,1,1,1,1,0,0
114,132,ZD,2,2,2,1,0,0,0,1,1,1,1,1,0,0
114,133,ZD,2,2,2,1,0,0,-1,2,2,2,2,2,0,0
114,134,ZD,2,2,3,1,0,0,-1,3,3,3,3,3,0,0
114,135,ZD,2,2,3,1,0,0,-1,3,3,3,3,3,0,0
114,136,ZD,2,2,3,1,0,0,-1,3,3,3,3,3,0,0
114,137,ZD,2,2,3,1,0,0,-1,3,3,3,3,3,0,0
114,138,ZD,2,2,2,1,0,0,-1,2,2,2,2,2,0,0
114,139,ZD,2,2,2,1,0,0,0,1,1,1,1,1,0,0
114,140,ZD,2,2,3,1,0,0,-1,3,3,3,3,3,0,0
114,141,ZD,2,2,3,1,0,0,-1,3,3,3,3,3,0,0
114,142,ZD,2,2,3,1,0,0,-1,3,3,3,3,3,0,0
114,143,ZD,2,2,3,1,0,0,-1,3,3,3,3,3,0,0
114,144,ZD,2,2,3,1,0,0,-1,3,3,3,3,3,0,0
114,145,ZD,2,2,3,1,0,0,-1,3,3,3,3,3,0,0
114,146,ZD,2,2,3,1,0,0,-1,3,3,3,3,3,0,0
114,147,ZD,2,2,3,1,0,0,-1,3,3,3,3,3,0,0
114,148,ZD,2,2,3,1,0,0,-1,3,3,3,3,3,0,0
114,149,ZD,2,2,2,1,0,0,-1,3,3,2,2,2,0,0
114,150,ZD,2,2,2,1,0,0,0,3,3,1,1,1,0,0
114,151,ZD,2,2,3,1,0,0,-1,3,3,3,3,3,0,0
114,152,ZD,2,2,3,1,0,0,-1,3,3,3,3,3,0,0
114,153,ZD,2,2,2,1,0,0,0,3,3,1,1,1,0,0
114,154,ZD,2,2,2,1,0,0,-1,3,3,2,2,2,0,0
114,155,ZD,2,2,3,1,0,0,-1,3,3,3,3,3,0,0
114,156,ZD,2,2,3,1,0,0,-1,4,4,4,4,4,0,0
114,157,ZD,2,2,3,1,0,0,-1,4,4,4,4,4,0,0
114,158,ZD,2,2,3,1,0,0,-1,4,4,4,4,4,0,0
114,159,ZD,2,2,3,1,0,0,-1,4,4,4,4,4,0,0
114,160,ZD,2,2,3,1,0,0,-1,4,4,4,4,4,0,0
114,161,ZD,2,2,3,1,0,0,-1,4,4,4,4,4,0,0
114,162,ZD,2,2,3,1,0,0,-1,4,4,4,4,4,0,0
114,163,ZD,2,2,3,1,0,0,-1,4,4,4,4,4,0,0
114,164,ZD,2,2,3,1,0,0,-1,3,3,2,2,2,0,0
114,165,ZD,2,2,3,1,0,0,-1,3,3,1,1,1,0,0
114,166,ZD,2,2,3,1,0,0,-1,3,3,1,1,1,0,0
114,167,ZD,2,2,3,1,0,0,-1,3,3,2,2,2,0,0
114,168,ZD,2,2,3,1,0,0,-1,4,4,3,3,3,0,0
114,169,ZD,2,2,3,1,0,0,-1,4,4,3,3,3,0,0
114,170,ZD,2,2,3,1,0,0,-1,4,4,3,3,3,0,0
114,171,ZD,2,2,3,1,0,0,-1,4,4,3,3,3,0,0
114,172,ZD,2,2,3,1,0,0,-1,4,4,3,3,3,0,0
114,173,ZD,2,2,3,1,0,0,-1,4,4,3,3,3,0,0
114,174,ZD,2,2,3,1,0,0,-1,4,4,3,3,3,0,0
114,175,ZD,2,2,3,1,0,0,-1,4,4,3,3,3,0,0
114,176,ZD,2,2,3,1,0,0,-1,4,4,3,3,3,0,0
114,177,ZD,2,2,3,1,0,0,-1,4,4,2,2,2,0,0
114,178,ZD,2,2,3,1,0,0,-1,4,4,2,2,2,0,0
114,179,ZD,2,2,3,1,0,0,-1,4,4,3,3,3,0,0
114,180,ZD,2,2,2,1,0,0,-1,2,2,2,2,2,0,0
114,181,ZD,2,2,2,1,0,0,0,2,2,1,1,1,0,0
114,182,ZD,2,2,2,1,0,0,0,2,2,1,1,1,0,0
114,183,ZD,2,2,2,1,0,0,-1,2,2,2,2,2,0,0
114,184,ZD,2,2,3,1,0,0,-1,3,3,3,3,3,0,0
114,185,ZD,2,2,3,1,0,0,-1,3,3,3,3,3,0,0
114,186,ZD,2,2,3,1,0,0,-1,3,3,3,3,3,0,0
114,187,ZD,2,2,3,1,0,0,-1,3,3,3,3,3,0,0
114,188,ZD,2,2,3,1,0,0,-1,3,3,3,3,3,0,0
114,189,ZD,2,2,3,1,0,0,-1,3,3,3,3,3,0,0
114,190,ZD,2,2,3,1,0,0,-1,3,3,3,3,3,0,0
114,191,ZD,2,2,3,1,0,0,-1,3,3,3,3,3,0,0
114,192,ZD,2,2,2,1,0,0,0,1,1,1,1,1,0,0
114,193,ZD,2,2,2,1,0,0,-1,2,2,2,2,2,0,0
114,194,ZD,2,2,2,1,0,0,-1,2,2,2,2,2,0,0
114,195,ZD,2,2,2,1,0,0,0,1,1,1,1,1,0,0
114,196,ZD,2,2,3,1,0,0,-1,3,3,2,2,2,0,0
114,197,ZD,2,2,3,1,0,0,-1,3,3,1,1,1,0,0
114,198,ZD,2,2,3,1,0,0,-1,3,3,1,1,1,0,0
114,199,ZD,2,2,3,1,0,0,-1,3,3,2,2,2,0,0
115,116,POS,1,1,1,0,0,-1,-1,-1,-1,-1,-1,-1,0,1
115,117,ZD,2,2,2,1,0,0,-1,2,2,1,1,1,0,0
115,118,ZD,2,2,2,1,0,0,0,1,1,1,1,1,0,0
115,119,ZD,2,2,2,1,0,0,0,2,2,1,1,1,0,0
115,120,ZD,2,2,3,1,0,0,-1,3,3,3,3,3,0,0
115,121,ZD,2,2,3,1,0,0,-1,3,3,3,3,3,0,0
115,122,ZD,2,2,3,1,0,0,-1,3,3,2,2,2,0,0
115,123,ZD,2,2,3,1,0,0,-1,3,3,1,1,1,0,0
115,124,ZD,2,2,3,1,0,0,-1,3,3,1,1,1,0,0
115,125,ZD,2,2,3,1,0,0,-1,3,3,2,2,2,0,0
115,126,ZD,2,2,3,1,0,0,-1,3,3,3,3,3,0,0
115,127,ZD,2,2,3,1,0,0,-1,3,3,3,3,3,0,0
115,128,ZD,2,2,2,1,0,0,-1,2,2,2,2,2,0,0
115,129,ZD,2,2,2,1,0,0,0,1,1,1,1,1,0,0
115,130,ZD,2,2,2,1,0,0,0,1,1,1,1,1,0,0
115,131,ZD,2,2,2,1,0,0,-1,2,2,2,2,2,0,0
115,132,ZD,2,2,3,1,0,0,-1,3,3,3,3,3,0,0
115,133,ZD,2,2,3,1,0,0,-1,3,3,3,3,3,0,0
115,134,ZD,2,2,2,1,0,0,-1,2,2,2,2,2,0,0
115,135,ZD,2,2,2,1,0,0,0,1,1,1,1,1,0,0
115,136,ZD,2,2,2,1,0,0,0,1,1,1,1,1,0,0
115,137,ZD,2,2,2,1,0,0,-1,2,2,2,2,2,0,0
115,138,ZD,2,2,3,1,0,0,-1,3,3,3,3,3,0,0
115,139,ZD,2,2,3,1,0,0,-1,3,3,3,3,3,0,0
115,140,ZD,2,2,3,1,0,0,-1,3,3,3,3,3,0,0
115,141,ZD,2,2,3,1,0,0,-1,3,3,3,3,3,0,0
115,142,ZD,2,2,3,1,0,0,-1,3,3,3,3,3,0,0
115,143,ZD,2,2,3,1,0,0,-1,3,3,3,3,3,0,0
115,144,ZD,2,2,3,1,0,0,-1,3,3,3,3,3,0,0
115,145,ZD,2,2,3,1,0,0,-1,3,3,3,3,3,0,0
115,146,ZD,2,2,3,1,0,0,-1,3,3,3,3,3,0,0
115,147,ZD,2,2,3,1,0,0,-1,3,3,3,3,3,0,0
115,148,ZD,2,2,2,1,0,0,0,3,3,1,1,1,0,0
115,149,ZD,2,2,3,1,0,0,-1,3,3,3,3,3,0,0
115,150,ZD,2,2,3,1,0,0,-1,3,3,3,3,3,0,0
115,151,ZD,2,2,2,1,0,0,-1,3,3,2,2,2,0,0
115,152,ZD,2,2,2,1,0,0,-1,3,3,2,2,2,0,0
115,153,ZD,2,2,3,1,0,0,-1,3,3,3,3,3,0,0
115,154,ZD,2,2,3,1,0,0,-1,3,3,3,3,3,0,0
115,155,ZD,2,2,2,1,0,0,0,3,3,1,1,1,0,0
115,156,ZD,2,2,3,1,0,0,-1,4,4,4,4,4,0,0
115,157,ZD,2,2,3,1,0,0,-1,4,4,4,4,4,0,0
115,158,ZD,2,2,3,1,0,0,-1,4,4,4,4,4,0,0
115,159,ZD,2,2,3,1,0,0,-1,4,4,4,4,4,0,0
115,160,ZD,2,2,3,1,0,0,-1,4,4,4,4,4,0,0
115,161,ZD,2,2,3,1,0,0,-1,4,4,4,4,4,0,0
115,162,ZD,2,2,3,1,0,0,-1,4,4,4,4,4,0,0
115,163,ZD,2,2,3,1,0,0,-1,4,4,4,4,4,0,0
115,164,ZD,2,2,3,1,0,0,-1,3,3,2,2,2,0,0
115,165,ZD,2,2,3,1,0,0,-1,3,3,1,1,1,0,0
115,166,ZD,2,2,3,1,0,0,-1,3,3,1,1,1,0,0
115,167,ZD,2,2,3,1,0,0,-1,3,3,2,2,2,0,0
115,168,ZD,2,2,3,1,0,0,-1,4,4,3,3,3,0,0
115,169,ZD,2,2,3,1,0,0,-1,4,4,3,3,3,0,0
115,170,ZD,2,2,3,1,0,0,-1,4,4,3,3,3,0,0
115,171,ZD,2,2,3,1,0,0,-1,4,4,3,3,3,0,0
115,172,ZD,2,2,3,1,0,0,-1,4,4,3,3,3,0,0
115,173,ZD,2,2,3,1,0,0,-1,4,4,3,3,3,0,0
115,174,ZD,2,2,3,1,0,0,-1,4,4,3,3,3,0,0
115,175,ZD,2,2,3,1,0,0,-1,4,4,3,3,3,0,0
115,176,ZD,2,2,3,1,0,0,-1,4,4,3,3,3,0,0
115,177,ZD,2,2,3,1,0,0,-1,4,4,2,2,2,0,0
115,178,ZD,2,2,3,1,0,0,-1,4,4,2,2,2,0,0
115,179,ZD,2,2,3,1,0,0,-1,4,4,3,3,3,0,0
115,180,ZD,2,2,2,1,0,0,0,2,2,1,1,1,0,0
115,181,ZD,2,2,2,1,0,0,-1,2,2,2,2,2,0,0
115,182,ZD,2,2,2,1,0,0,-1,2,2,2,2,2,0,0
115,183,ZD,2,2,2,1,0,0,0,2,2,1,1,1,0,0
115,184,ZD,2,2,3,1,0,0,-1,3,3,3,3,3,0,0
115,185,ZD,2,2,3,1,0,0,-1,3,3,3,3,3,0,0
115,186,ZD,2,2,3,1,0,0,-1,3,3,3,3,3,0,0
115,187,ZD,2,2,3,1,0,0,-1,3,3,3,3,3,0,0
115,188,ZD,2,2,3,1,0,0,-1,3,3,3,3,3,0,0
115,189,ZD,2,2,3,1,0,0,-1,3,3,3,3,3,0,0
115,190,ZD,2,2,3,1,0,0,-1,3,3,3,3,3,0,0
115,191,ZD,2,2,3,1,0,0,-1,3,3,3,3,3,0,0
115,192,ZD,2,2,2,1,0,0,-1,2,2,2,2,2,0,0
115,193,ZD,2,2,2,1,0,0,0,1,1,1,1,1,0,0
115,194,ZD,2,2,2,1,0,0,0,1,1,1,1,1,0,0
115,195,ZD,2,2,2,1,0,0,-1,2,2,2,2,2,0,0
115,196,ZD,2,2,3,1,0,0,-1,3,3,2,2,2,0,0
115,197,ZD,2,2,3,1,0,0,-1,3,3,1,1,1,0,0
115,198,ZD,2,2,3,1,0,0,-1,3,3,1,1,1,0,0
115,199,ZD,2,2,3,1,0,0,-1,3,3,2,2,2,0,0
116,117,ZD,2,2,2,1,0,0,-1,2,2,1,1,1,0,0
116,118,ZD,2,2,2,1,0,0,0,1,1,1,1,1,0,0
116,119,ZD,2,2,2,1,0,0,0,2,2,1,1,1,0,0
116,120,ZD,2,2,3,1,0,0,-1,3,3,3,3,3,0,0
116,121,ZD,2,2,3,1,0,0,-1,3,3,3,3,3,0,0
116,122,ZD,2,2,3,1,0,0,-1,3,3,2,2,2,0,0
116,123,ZD,2,2,3,1,0,0,-1,3,3,1,1,1,0,0
116,124,ZD,2,2,3,1,0,0,-1,3,3,1,1,1,0,0
116,125,ZD,2,2,3,1,0,0,-1,3,3,2,2,2,0,0
116,126,ZD,2,2,3,1,0,0,-1,3,3,3,3,3,0,0
116,127,ZD,2,2,3,1,0,0,-1,3,3,3,3,3,0,0
116,128,ZD,2,2,2,1,0,0,-1,2,2,2,2,2,0,0
116,129,ZD,2,2,2,1,0,0,0,1,1,1,1,1,0,0
116,130,ZD,2,2,2,1,0,0,0,1,1,1,1,1,0,0
116,131,ZD,2,2,2,1,0,0,-1,2,2,2,2,2,0,0
116,132,ZD,2,2,3,1,0,0,-1,3,3,3,3,3,0,0
116,133,ZD,2,2,3,1,0,0,-1,3,3,3,3,3,0,0
116,134,ZD,2,2,2,1,0,0,-1,2,2,2,2,2,0,0
116,135,ZD,2,2,2,1,0,0,0,1,1,1,1,1,0,0
116,136,ZD,2,2,2,1,0,0,0,1,1,1,1,1,0,0
116,137,ZD,2,2,2,1,0,0,-1,2,2,2,2,2,0,0
116,138,ZD,2,2,3,1,0,0,-1,3,3,3,3,3,0,0
116,139,ZD,2,2,3,1,0,0,-1,3,3,3,3,3,0,0
116,140,ZD,2,2,3,1,0,0,-1,3,3,3,3,3,0,0
116,141,ZD,2,2,3,1,0,0,-1,3,3,3,3,3,0,0
116,142,ZD,2,2,3,1,0,0,-1,3,3,3,3,3,0,0
116,143,ZD,2,2,3,1,0,0,-1,3,3,3,3,3,0,0
116,144,ZD,2,2,3,1,0,0,-1,3,3,3,3,3,0,0
116,145,ZD,2,2,3,1,0,0,-1,3,3,3,3,3,0,0
116,146,ZD,2,2,3,1,0,0,-1,3,3,3,3,3,0,0
116,147,ZD,2,2,3,1,0,0,-1,3,3,3,3,3,0,0
116,148,ZD,2,2,2,1,0,0,0,3,3,1,1,1,0,0
116,149,ZD,2,2,3,1,0,0,-1,3,3,3,3,3,0,0
116,150,ZD,2,2,3,1,0,0,-1,3,3,3,3,3,0,0
116,151,ZD,2,2,2,1,0,0,-1,3,3,2,2,2,0,0
116,152,ZD,2,2,2,1,0,0,-1,3,3,2,2,2,0,0
116,153,ZD,2,2,3,1,0,0,-1,3,3,3,3,3,0,0
116,154,ZD,2,2,3,1,0,0,-1,3,3,3,3,3,0,0
116,155,ZD,2,2,2,1,0,0,0,3,3,1,1,1,0,0
116,156,ZD,2,2,3,1,0,0,-1,4,4,4,4,4,0,0
116,157,ZD,2,2,3,1,0,0,-1,4,4,4,4,4,0,0
116,158,ZD,2,2,3,1,0,0,-1,4,4,4,4,4,0,0
116,159,ZD,2,2,3,1,0,0,-1,4,4,4,4,4,0,0
116,160,ZD,2,2,3,1,0,0,-1,4,4,4,4,4,0,0
116,161,ZD,2,2,3,1,0,0,-1,4,4,4,4,4,0,0
116,162,ZD,2,2,3,1,0,0,-1,4,4,4,4,4,0,0
116,163,ZD,2,2,3,1,0,0,-1,4,4,4,4,4,0,0
116,164,ZD,2,2,3,1,0,0,-1,3,3,2,2,2,0,0
116,165,ZD,2,2,3,1,0,0,-1,3,3,1,1,1,0,0
116,166,ZD,2,2,3,1,0,0,-1,3,3,1,1,1,0,0
116,167,ZD,2,2,3,1,0,0,-1,3,3,2,2,2,0,0
116,168,ZD,2,2,3,1,0,0,-1,4,4,3,3,3,0,0
116,169,ZD,2,2,3,1,0,0,-1,4,4,3,3,3,0,0
116,170,ZD,2,2,3,1,0,0,-1,4,4,3,3,3,0,0
116,171,ZD,2,2,3,1,0,0,-1,4,4,3,3,3,0,0
116,172,ZD,2,2,3,1,0,0,-1,4,4,3,3,3,0,0
116,173,ZD,2,2,3,1,0,0,-1,4,4,3,3,3,0,0
116,174,ZD,2,2,3,1,0,0,-1,4,4,3,3,3,0,0
116,175,ZD,2,2,3,1,0,0,-1,4,4,3,3,3,0,0
116,176,ZD,2,2,3,1,0,0,-1,4,4,3,3,3,0,0
116,177,ZD,2,2,3,1,0,0,-1,4,4,2,2,2,0,0
116,178,ZD,2,2,3,1,0,0,-1,4,4,2,2,2,0,0
116,179,ZD,2,2,3,1,0,0,-1,4,4,3,3,3,0,0
116,180,ZD,2,2,2,1,0,0,0,2,2,1,1,1,0,0
116,181,ZD,2,2,2,1,0,0,-1,2,2,2,2,2,0,0
116,182,ZD,2,2,2,1,0,0,-1,2,2,2,2,2,0,0
116,183,ZD,2,2,2,1,0,0,0,2,2,1,1,1,0,0
116,184,ZD,2,2,3,1,0,0,-1,3,3,3,3,3,0,0
116,185,ZD,2,2,3,1,0,0,-1,3,3,3,3,3,0,0
116,186,ZD,2,2,3,1,0,0,-1,3,3,3,3,3,0,0
116,187,ZD,2,2,3,1,0,0,-1,3,3,3,3,3,0,0
116,188,ZD,2,2,3,1,0,0,-1,3,3,3,3,3,0,0
116,189,ZD,2,2,3,1,0,0,-1,3,3,3,3,3,0,0
116,190,ZD,2,2,3,1,0,0,-1,3,3,3,3,3,0,0
116,191,ZD,2,2,3,1,0,0,-1,3,3,3,3,3,0,0
116,192,ZD,2,2,2,1,0,0,-1,2,2,2,2,2,0,0
116,193,ZD,2,2,2,1,0,0,0,1,1,1,1,1,0,0
116,194,ZD,2,2,2,1,0,0,0,1,1,1,1,1,0,0
116,195,ZD,2,2,2,1,0,0,-1,2,2,2,2,2,0,0
116,196,ZD,2,2,3,1,0,0,-1,3,3,2,2,2,0,0
116,197,ZD,2,2,3,1,0,0,-1,3,3,1,1,1,0,0
116,198,ZD,2,2,3,1,0,0,-1,3,3,1,1,1,0,0
116,199,ZD,2,2,3,1,0,0,-1,3,3,2,2,2,0,0
117,118,ZD,2,2,2,1,0,0,0,2,2,1,1,1,0,0
117,119,ZD,2,2,2,1,0,0,0,1,1,1,1,1,0,0
117,120,ZD,2,2,3,1,0,0,-1,3,3,3,3,3,0,0
117,121,ZD,2,2,3,1,0,0,-1,3,3,3,3,3,0,0
117,122,ZD,2,2,3,1,0,0,-1,3,3,1,1,1,0,0
117,123,ZD,2,2,3,1,0,0,-1,3,3,2,2,2,0,0
117,124,ZD,2,2,3,1,0,0,-1,3,3,2,2,2,0,0
117,125,ZD,2,2,3,1,0,0,-1,3,3,1,1,1,0,0
117,126,ZD,2,2,3,1,0,0,-1,3,3,3,3,3,0,0
117,127,ZD,2,2,3,1,0,0,-1,3,3,3,3,3,0,0
117,128,ZD,2,2,2,1,0,0,0,1,1,1,1,1,0,0
117,129,ZD,2,2,2,1,0,0,-1,2,2,2,2,2,0,0
117,130,ZD,2,2,2,1,0,0,-1,2,2,2,2,2,0,0
117,131,ZD,2,2,2,1,0,0,0,1,1,1,1,1,0,0
117,132,ZD,2,2,2,1,0,0,0,1,1,1,1,1,0,0
117,133,ZD,2,2,2,1,0,0,-1,2,2,2,2,2,0,0
117,134,ZD,2,2,3,1,0,0,-1,3,3,3,3,3,0,0
117,135,ZD,2,2,3,1,0,0,-1,3,3,3,3,3,0,0
117,136,ZD,2,2,3,1,0,0,-1,3,3,3,3,3,0,0
117,137,ZD,2,2,3,1,0,0,-1,3,3,3,3,3,0,0
117,138,ZD,2,2,2,1,0,0,-1,2,2,2,2,2,0,0
117,139,ZD,2,2,2,1,0,0,0,1,1,1,1,1,0,0
117,140,ZD,2,2,3,1,0,0,-1,3,3,3,3,3,0,0
117,141,ZD,2,2,3,1,0,0,-1,3,3,3,3,3,0,0
117,142,ZD,2,2,3,1,0,0,-1,3,3,3,3,3,0,0
117,143,ZD,2,2,3,1,0,0,-1,3,3,3,3,3,0,0
117,144,ZD,2,2,3,1,0,0,-1,3,3,3,3,3,0,0
117,145,ZD,2,2,3,1,0,0,-1,3,3,3,3,3,0,0
117,146,ZD,2,2,3,1,0,0,-1,3,3,3,3,3,0,0
117,147,ZD,2,2,3,1,0,0,-1,3,3,3,3,3,0,0
117,148,ZD,2,2,3,1,0,0,-1,3,3,3,3,3,0,0
117,149,ZD,2,2,2,1,0,0,-1,3,3,2,2,2,0,0
117,150,ZD,2,2,2,1,0,0,0,3,3,1,1,1,0,0
117,151,ZD,2,2,3,1,0,0,-1,3,3,3,3,3,0,0
117,152,ZD,2,2,3,1,0,0,-1,3,3,3,3,3,0,0
117,153,ZD,2,2,2,1,0,0,0,3,3,1,1,1,0,0
117,154,ZD,2,2,2,1,0,0,-1,3,3,2,2,2,0,0
117,155,ZD,2,2,3,1,0,0,-1,3,3,3,3,3,0,0
117,156,ZD,2,2,3,1,0,0,-1,4,4,4,4,4,0,0
117,157,ZD,2,2,3,1,0,0,-1,4,4,4,4,4,0,0
117,158,ZD,2,2,3,1,0,0,-1,4,4,4,4,4,0,0
117,159,ZD,2,2,3,1,0,0,-1,4,4,4,4,4,0,0
117,160,ZD,2,2,3,1,0,0,-1,4,4,4,4,4,0,0
117,161,ZD,2,2,3,1,0,0,-1,4,4,4,4,4,0,0
117,162,ZD,2,2,3,1,0,0,-1,4,4,4,4,4,0,0
117,163,ZD,2,2,3,1,0,0,-1,4,4,4,4,4,0,0
117,164,ZD,2,2,3,1,0,0,-1,3,3,2,2,2,0,0
117,165,ZD,2,2,3,1,0,0,-1,3,3,1,1,1,0,0
117,166,ZD,2,2,3,1,0,0,-1,3,3,1,1,1,0,0
117,167,ZD,2,2,3,1,0,0,-1,3,3,2,2,2,0,0
117,168,ZD,2,2,3,1,0,0,-1,4,4,3,3,3,0,0
117,169,ZD,2,2,3,1,0,0,-1,4,4,3,3,3,0,0
117,170,ZD,2,2,3,1,0,0,-1,4,4,3,3,3,0,0
117,171,ZD,2,2,3,1,0,0,-1,4,4,3,3,3,0,0
117,172,ZD,2,2,3,1,0,0,-1,4,4,3,3,3,0,0
117,173,ZD,2,2,3,1,0,0,-1,4,4,3,3,3,0,0
117,174,ZD,2,2,3,1,0,0,-1,4,4,3,3,3,0,0
117,175,ZD,2,2,3,1,0,0,-1,4,4,3,3,3,0,0
117,176,ZD,2,2,3,1,0,0,-1,4,4,3,3,3,0,0
117,177,ZD,2,2,3,1,0,0,-1,4,4,2,2,2,0,0
117,178,ZD,2,2,3,1,0,0,-1,4,4,2,2,2,0,0
117,179,ZD,2,2,3,1,0,0,-1,4,4,3,3,3,0,0
117,180,ZD,2,2,2,1,0,0,-1,2,2,2,2,2,0,0
117,181,ZD,2,2,2,1,0,0,0,2,2,1,1,1,0,0
117,182,ZD,2,2,2,1,0,0,0,2,2,1,1,1,0,0
117,183,ZD,2,2,2,1,0,0,-1,2,2,2,2,2,0,0
117,184,ZD,2,2,3,1,0,0,-1,3,3,3,3,3,0,0
117,185,ZD,2,2,3,1,0,0,-1,3,3,3,3,3,0,0
117,186,ZD,2,2,3,1,0,0,-1,3,3,3,3,3,0,0
117,187,ZD,2,2,3,1,0,0,-1,3,3,3,3,3,0,0
117,188,ZD,2,2,3,1,0,0,-1,3,3,3,3,3,0,0
117,189,ZD,2,2,3,1,0,0,-1,3,3,3,3,3,0,0
117,190,ZD,2,2,3,1,0,0,-1,3,3,3,3,3,0,0
117,191,ZD,2,2,3,1,0,0,-1,3,3,3,3,3,0,0
117,192,ZD,2,2,2,1,0,0,0,1,1,1,1,1,0,0
117,193,ZD,2,2,2,1,0,0,-1,2,2,2,2,2,0,0
117,194,ZD,2,2,2,1,0,0,-1,2,2,2,2,2,0,0
117,195,ZD,2,2,2,1,0,0,0,1,1,1,1,1,0,0
117,196,ZD,2,2,3,1,0,0,-1,3,3,2,2,2,0,0
117,197,ZD,2,2,3,1,0,0,-1,3,3,1,1,1,0,0
117,198,ZD,2,2,3,1,0,0,-1,3,3,1,1,1,0,0
117,199,ZD,2,2,3,1,0,0,-1,3,3,2,2,2,0,0
118,119,ZD,2,2,2,1,0,0,-1,2,2,1,1,1,0,0
118,120,ZD,2,2,3,1,0,0,-1,3,3,1,1,1,0,0
118,121,ZD,2,2,3,1,0,0,-1,3,3,2,2,2,0,0
118,122,ZD,2,2,3,1,0,0,-1,3,3,3,3,3,0,0
118,123,ZD,2,2,3,1,0,0,-1,3,3,3,3,3,0,0
118,124,ZD,2,2,3,1,0,0,-1,3,3,3,3,3,0,0
118,125,ZD,2,2,3,1,0,0,-1,3,3,3,3,3,0,0
118,126,ZD,2,2,3,1,0,0,-1,3,3,2,2,2,0,0
118,127,ZD,2,2,3,1,0,0,-1,3,3,1,1,1,0,0
118,128,ZD,2,2,2,1,0,0,-1,2,2,2,2,2,0,0
118,129,ZD,2,2,2,1,0,0,0,1,1,1,1,1,0,0
118,130,ZD,2,2,2,1,0,0,0,1,1,1,1,1,0,0
118,131,ZD,2,2,2,1,0,0,-1,2,2,2,2,2,0,0
118,132,ZD,2,2,3,1,0,0,-1,3,3,3,3,3,0,0
118,133,ZD,2,2,3,1,0,0,-1,3,3,3,3,3,0,0
118,134,ZD,2,2,2,1,0,0,0,1,1,1,1,1,0,0
118,135,ZD,2,2,2,1,0,0,-1,2,2,2,2,2,0,0
118,136,ZD,2,2,2,1,0,0,-1,2,2,2,2,2,0,0
118,137,ZD,2,2,2,1,0,0,0,1,1,1,1,1,0,0
118,138,ZD,2,2,3,1,0,0,-1,3,3,3,3,3,0,0
118,139,ZD,2,2,3,1,0,0,-1,3,3,3,3,3,0,0
118,140,ZD,2,2,3,1,0,0,-1,3,3,3,3,3,0,0
118,141,ZD,2,2,3,1,0,0,-1,3,3,3,3,3,0,0
118,142,ZD,2,2,3,1,0,0,-1,3,3,3,3,3,0,0
118,143,ZD,2,2,3,1,0,0,-1,3,3,3,3,3,0,0
118,144,ZD,2,2,3,1,0,0,-1,3,3,3,3,3,0,0
118,145,ZD,2,2,3,1,0,0,-1,3,3,3,3,3,0,0
118,146,ZD,2,2,3,1,0,0,-1,3,3,3,3,3,0,0
118,147,ZD,2,2,3,1,0,0,-1,3,3,3,3,3,0,0
118,148,ZD,2,2,3,1,0,0,-1,3,3,3,3,3,0,0
118,149,ZD,2,2,2,1,0,0,0,3,3,1,1,1,0,0
118,150,ZD,2,2,2,1,0,0,-1,3,3,2,2,2,0,0
118,151,ZD,2,2,3,1,0,0,-1,3,3,3,3,3,0,0
118,152,ZD,2,2,3,1,0,0,-1,3,3,3,3,3,0,0
118,153,ZD,2,2,2,1,0,0,-1,3,3,2,2,2,0,0
118,154,ZD,2,2,2,1,0,0,0,3,3,1,1,1,0,0
118,155,ZD,2,2,3,1,0,0,-1,3,3,3,3,3,0,0
118,156,ZD,2,2,3,1,0,0,-1,4,4,4,4,4,0,0
118,157,ZD,2,2,3,1,0,0,-1,4,4,4,4,4,0,0
118,158,ZD,2,2,3,1,0,0,-1,4,4,4,4,4,0,0
118,159,ZD,2,2,3,1,0,0,-1,4,4,4,4,4,0,0
118,160,ZD,2,2,3,1,0,0,-1,4,4,4,4,4,0,0
118,161,ZD,2,2,3,1,0,0,-1,4,4,4,4,4,0,0
118,162,ZD,2,2,3,1,0,0,-1,4,4,4,4,4,0,0
118,163,ZD,2,2,3,1,0,0,-1,4,4,4,4,4,0,0
118,164,ZD,2,2,3,1,0,0,-1,3,3,1,1,1,0,0
118,165,ZD,2,2,3,1,0,0,-1,3,3,2,2,2,0,0
118,166,ZD,2,2,3,1,0,0,-1,3,3,2,2,2,0,0
118,167,ZD,2,2,3,1,0,0,-1,3,3,1,1,1,0,0
118,168,ZD,2,2,3,1,0,0,-1,4,4,3,3,3,0,0
118,169,ZD,2,2,3,1,0,0,-1,4,4,3,3,3,0,0
118,170,ZD,2,2,3,1,0,0,-1,4,4,3,3,3,0,0
118,171,ZD,2,2,3,1,0,0,-1,4,4,3,3,3,0,0
118,172,ZD,2,2,3,1,0,0,-1,4,4,3,3,3,0,0
118,173,ZD,2,2,3,1,0,0,-1,4,4,3,3,3,0,0
118,174,ZD,2,2,3,1,0,0,-1,4,4,3,3,3,0,0
118,175,ZD,2,2,3,1,0,0,-1,4,4,3,3,3,0,0
118,176,ZD,2,2,3,1,0,0,-1,4,4,3,3,3,0,0
118,177,ZD,2,2,3,1,0,0,-1,4,4,2,2,2,0,0
118,178,ZD,2,2,3,1,0,0,-1,4,4,2,2,2,0,0
118,179,ZD,2,2,3,1,0,0,-1,4,4,3,3,3,0,0
118,180,ZD,2,2,2,1,0,0,-1,2,2,2,2,2,0,0
118,181,ZD,2,2,2,1,0,0,0,2,2,1,1,1,0,0
118,182,ZD,2,2,2,1,0,0,0,2,2,1,1,1,0,0
118,183,ZD,2,2,2,1,0,0,-1,2,2,2,2,2,0,0
118,184,ZD,2,2,3,1,0,0,-1,3,3,3,3,3,0,0
118,185,ZD,2,2,3,1,0,0,-1,3,3,3,3,3,0,0
118,186,ZD,2,2,3,1,0,0,-1,3,3,3,3,3,0,0
118,187,ZD,2,2,3,1,0,0,-1,3,3,3,3,3,0,0
118,188,ZD,2,2,3,1,0,0,-1,3,3,3,3,3,0,0
118,189,ZD,2,2,3,1,0,0,-1,3,3,3,3,3,0,0
118,190,ZD,2,2,3,1,0,0,-1,3,3,3,3,3,0,0
118,191,ZD,2,2,3,1,0,0,-1,3,3,3,3,3,0,0
118,192,ZD,2,2,2,1,0,0,-1,2,2,2,2,2,0,0
118,193,ZD,2,2,2,1,0,0,0,1,1,1,1,1,0,0
118,194,ZD,2,2,2,1,0,0,0,1,1,1,1,1,0,0
118,195,ZD,2,2,2,1,0,0,-1,2,2,2,2,2,0,0
118,196,ZD,2,2,3,1,0,0,-1,3,3,1,1,1,0,0
118,197,ZD,2,2,3,1,0,0,-1,3,3,2,2,2,0,0
118,198,ZD,2,2,3,1,0,0,-1,3,3,2,2,2,0,0
118,199,ZD,2,2,3,1,0,0,-1,3,3,1,1,1,0,0
119,120,ZD,2,2,3,1,0,0,-1,3,3,2,2,2,0,0
119,121,ZD,2,2,3,1,0,0,-1,3,3,1,1,1,0,0
119,122,ZD,2,2,3,1,0,0,-1,3,3,3,3,3,0,0
119,123,ZD,2,2,3,1,0,0,-1,3,3,3,3,3,0,0
119,124,ZD,2,2,3,1,0,0,-1,3,3,3,3,3,0,0
119,125,ZD,2,2,3,1,0,0,-1,3,3,3,3,3,0,0
119,126,ZD,2,2,3,1,0,0,-1,3,3,1,1,1,0,0
119,127,ZD,2,2,3,1,0,0,-1,3,3,2,2,2,0,0
119,128,ZD,2,2,2,1,0,0,0,1,1,1,1,1,0,0
119,129,ZD,2,2,2,1,0,0,-1,2,2,2,2,2,0,0
119,130,ZD,2,2,2,1,0,0,-1,2,2,2,2,2,0,0
119,131,ZD,2,2,2,1,0,0,0,1,1,1,1,1,0,0
119,132,ZD,2,2,2,1,0,0,-1,2,2,2,2,2,0,0
119,133,ZD,2,2,2,1,0,0,0,1,1,1,1,1,0,0
119,134,ZD,2,2,3,1,0,0,-1,3,3,3,3,3,0,0
119,135,ZD,2,2,3,1,0,0,-1,3,3,3,3,3,0,0
119,136,ZD,2,2,3,1,0,0,-1,3,3,3,3,3,0,0
119,137,ZD,2,2,3,1,0,0,-1,3,3,3,3,3,0,0
119,138,ZD,2,2,2,1,0,0,0,1,1,1,1,1,0,0
119,139,ZD,2,2,2,1,0,0,-1,2,2,2,2,2,0,0
119,140,ZD,2,2,3,1,0,0,-1,3,3,3,3,3,0,0
119,141,ZD,2,2,3,1,0,0,-1,3,3,3,3,3,0,0
119,142,ZD,2,2,3,1,0,0,-1,3,3,3,3,3,0,0
119,143,ZD,2,2,3,1,0,0,-1,3,3,3,3,3,0,0
119,144,ZD,2,2,3,1,0,0,-1,3,3,3,3,3,0,0
119,145,ZD,2,2,3,1,0,0,-1,3,3,3,3,3,0,0
119,146,ZD,2,2,3,1,0,0,-1,3,3,3,3,3,0,0
119,147,ZD,2,2,3,1,0,0,-1,3,3,3,3,3,0,0
119,148,ZD,2,2,2,1,0,0,-1,3,3,2,2,2,0,0
119,149,ZD,2,2,3,1,0,0,-1,3,3,3,3,3,0,0
119,150,ZD,2,2,3,1,0,0,-1,3,3,3,3,3,0,0
119,151,ZD,2,2,2,1,0,0,0,3,3,1,1,1,0,0
119,152,ZD,2,2,2,1,0,0,0,3,3,1,1,1,0,0
119,153,ZD,2,2,3,1,0,0,-1,3,3,3,3,3,0,0
119,154,ZD,2,2,3,1,0,0,-1,3,3,3,3,3,0,0
119,155,ZD,2,2,2,1,0,0,-1,3,3,2,2,2,0,0
119,156,ZD,2,2,3,1,0,0,-1,4,4,4,4,4,0,0
119,157,ZD,2,2,3,1,0,0,-1,4,4,4,4,4,0,0
119,158,ZD,2,2,3,1,0,0,-1,4,4,4,4,4,0,0
119,159,ZD,2,2,3,1,0,0,-1,4,4,4,4,4,0,0
119,160,ZD,2,2,3,1,0,0,-1,4,4,4,4,4,0,0
119,161,ZD,2,2,3,1,0,0,-1,4,4,4,4,4,0,0
119,162,ZD,2,2,3,1,0,0,-1,4,4,4,4,4,0,0
119,163,ZD,2,2,3,1,0,0,-1,4,4,4,4,4,0,0
119,164,ZD,2,2,3,1,0,0,-1,3,3,1,1,1,0,0
119,165,ZD,2,2,3,1,0,0,-1,3,3,2,2,2,0,0
119,166,ZD,2,2,3,1,0,0,-1,3,3,2,2,2,0,0
119,167,ZD,2,2,3,1,0,0,-1,3,3,1,1,1,0,0
119,168,ZD,2,2,3,1,0,0,-1,4,4,3,3,3,0,0
119,169,ZD,2,2,3,1,0,0,-1,4,4,3,3,3,0,0
119,170,ZD,2,2,3,1,0,0,-1,4,4,3,3,3,0,0
119,171,ZD,2,2,3,1,0,0,-1,4,4,3,3,3,0,0
119,172,ZD,2,2,3,1,0,0,-1,4,4,3,3,3,0,0
119,173,ZD,2,2,3,1,0,0,-1,4,4,3,3,3,0,0
119,174,ZD,2,2,3,1,0,0,-1,4,4,3,3,3,0,0
119,175,ZD,2,2,3,1,0,0,-1,4,4,3,3,3,0,0
119,176,ZD,2,2,3,1,0,0,-1,4,4,3,3,3,0,0
119,177,ZD,2,2,3,1,0,0,-1,4,4,2,2,2,0,0
119,178,ZD,2,2,3,1,0,0,-1,4,4,2,2,2,0,0
119,179,ZD,2,2,3,1,0,0,-1,4,4,3,3,3,0,0
119,180,ZD,2,2,2,1,0,0,0,2,2,1,1,1,0,0
119,181,ZD,2,2,2,1,0,0,-1,2,2,2,2,2,0,0
119,182,ZD,2,2,2,1,0,0,-1,2,2,2,2,2,0,0
119,183,ZD,2,2,2,1,0,0,0,2,2,1,1,1,0,0
119,184,ZD,2,2,3,1,0,0,-1,3,3,3,3,3,0,0
119,185,ZD,2,2,3,1,0,0,-1,3,3,3,3,3,0,0
119,186,ZD,2,2,3,1,0,0,-1,3,3,3,3,3,0,0
119,187,ZD,2,2,3,1,0,0,-1,3,3,3,3,3,0,0
119,188,ZD,2,2,3,1,0,0,-1,3,3,3,3,3,0,0
119,189,ZD,2,2,3,1,0,0,-1,3,3,3,3,3,0,0
119,190,ZD,2,2,3,1,0,0,-1,3,3,3,3,3,0,0
119,191,ZD,2,2,3,1,0,0,-1,3,3,3,3,3,0,0
119,192,ZD,2,2,2,1,0,0,0,1,1,1,1,1,0,0
119,193,ZD,2,2,2,1,0,0,-1,2,2,2,2,2,0,0
119,194,ZD,2,2,2,1,0,0,-1,2,2,2,2,2,0,0
119,195,ZD,2,2,2,1,0,0,0,1,1,1,1,1,0,0
119,196,ZD,2,2,3,1,0,0,-1,3,3,1,1,1,0,0
119,197,ZD,2,2,3,1,0,0,-1,3,3,2,2,2,0,0
119,198,ZD,2,2,3,1,0,0,-1,3,3,2,2,2,0,0
119,199,ZD,2,2,3,1,0,0,-1,3,3,1,1,1,0,0
120,121,ZD,2,2,2,1,0,0,-1,2,2,1,1,1,0,0
120,122,ZD,2,2,2,1,0,0,0,1,1,1,1,1,0,0
120,123,ZD,2,2,2,0,0,0,0,2,2,2,2,2,1,0
120,124,ZD,2,2,2,0,0,0,0,2,2,2,2,2,1,0
120,125,ZD,2,2,2,1,0,0,0,1,1,1,1,1,0,0
120,126,ZD,2,2,2,1,0,0,-1,2,2,1,1,1,0,0
120,127,POS,1,1,1,0,0,-1,-1,-1,-1,-1,-1,-1,0,1
120,128,ZD,3,2,3,0,0,0,-1,3,3,2,2,2,1,0
120,129,ZD,3,2,3,0,0,0,-1,3,3,3,3,3,1,0
120,130,ZD,3,2,3,0,0,0,-1,3,3,3,3,3,1,0
120,131,ZD,3,2,3,0,0,0,-1,3,3,2,2,2,1,0
120,132,ZD,3,2,3,0,0,0,-1,3,3,3,3,3,1,0
120,133,ZD,2,2,3,1,0,0,-1,3,3,3,3,3,0,0
120,134,ZD,3,2,3,0,0,0,-1,3,3,3,3,3,1,0
120,135,ZD,2,2,3,1,0,0,-1,3,3,3,3,3,0,0
120,136,ZD,2,2,3,1,0,0,-1,3,3,3,3,3,0,0
120,137,ZD,3,2,3,0,0,0,-1,3,3,3,3,3,1,0
120,138,ZD,2,2,3,1,0,0,-1,3,3,3,3,3,0,0
120,139,ZD,3,2,3,0,0,0,-1,3,3,3,3,3,1,0
120,140,ZD,2,2,2,1,0,0,0,1,1,1,1,1,0,0
120,141,ZD,2,2,2,1,0,0,-1,2,2,2,2,2,0,0
120,142,ZD,2,2,2,1,0,0,-1,2,2,2,2,2,0,0
120,143,ZD,2,2,2,1,0,0,0,1,1,1,1,1,0,0
120,144,ZD,2,2,2,1,0,0,-1,4,4,4,4,4,0,0
120,145,ZD,2,2,2,1,0,0,-1,4,4,4,4,4,0,0
120,146,ZD,2,2,2,1,0,0,-1,4,4,4,4,4,0,0
120,147,ZD,2,2,2,1,0,0,-1,4,4,4,4,4,0,0
120,148,ZD,2,2,3,1,0,0,-1,4,4,4,4,4,0,0
120,149,ZD,2,2,3,1,0,0,-1,4,4,4,4,4,0,0
120,150,ZD,2,2,3,1,0,0,-1,4,4,4,4,4,0,0
120,151,ZD,2,2,3,1,0,0,-1,4,4,4,4,4,0,0
120,152,ZD,2,2,3,1,0,0,-1,4,4,4,4,4,0,0
120,153,ZD,2,2,3,1,0,0,-1,4,4,4,4,4,0,0
120,154,ZD,2,2,3,1,0,0,-1,4,4,4,4,4,0,0
120,155,ZD,2,2,3,1,0,0,-1,4,4,4,4,4,0,0
120,156,ZD,2,2,2,0,0,0,-1,4,4,4,4,4,1,0
120,157,ZD,2,2,2,1,0,0,-1,4,4,4,4,4,0,0
120,158,ZD,2,2,2,1,0,0,-1,4,4,4,4,4,0,0
120,159,ZD,2,2,2,0,0,0,-1,4,4,4,4,4,1,0
120,160,ZD,2,2,2,0,0,0,-1,4,4,4,4,4,1,0
120,161,ZD,2,2,2,1,0,0,-1,4,4,4,4,4,0,0
120,162,ZD,2,2,2,1,0,0,-1,4,4,4,4,4,0,0
120,163,ZD,2,2,2,0,0,0,-1,4,4,4,4,4,1,0
120,164,ZD,3,2,3,0,0,0,-1,4,4,2,2,2,1,0
120,165,ZD,3,2,3,0,0,0,-1,4,4,3,3,3,1,0
120,166,ZD,3,2,3,0,0,0,-1,4,4,3,3,3,1,0
120,167,ZD,3,2,3,0,0,0,-1,4,4,2,2,2,1,0
120,168,ZD,3,2,3,0,0,0,-1,4,4,3,3,3,1,0
120,169,ZD,3,2,3,0,0,0,-1,4,4,3,3,3,1,0
120,170,ZD,2,2,3,1,0,0,-1,4,4,3,3,3,0,0
120,171,ZD,2,2,3,1,0,0,-1,4,4,3,3,3,0,0
120,172,ZD,2,2,3,1,0,0,-1,4,4,3,3,3,0,0
120,173,ZD,2,2,3,1,0,0,-1,4,4,3,3,3,0,0
120,174,ZD,3,2,3,0,0,0,-1,4,4,3,3,3,1,0
120,175,ZD,3,2,3,0,0,0,-1,4,4,3,3,3,1,0
120,176,ZD,2,2,2,1,0,0,-1,4,4,3,3,3,0,0
120,177,ZD,2,2,2,1,0,0,-1,4,4,2,2,2,0,0
120,178,ZD,2,2,2,1,0,0,-1,4,4,2,2,2,0,0
120,179,ZD,2,2,2,1,0,0,-1,4,4,3,3,3,0,0
120,180,ZD,3,2,3,0,0,0,-1,3,3,3,3,3,1,0
120,181,ZD,3,2,3,0,0,0,-1,3,3,3,3,3,1,0
120,182,ZD,3,2,3,0,0,0,-1,3,3,3,3,3,1,0
120,183,ZD,3,2,3,0,0,0,-1,3,3,3,3,3,1,0
120,184,ZD,3,2,3,0,0,0,-1,3,3,3,3,3,1,0
120,185,ZD,2,2,3,1,0,0,-1,3,3,3,3,3,0,0
120,186,ZD,3,2,3,0,0,0,-1,3,3,2,2,2,1,0
120,187,ZD,2,2,3,1,0,0,-1,3,3,3,3,3,0,0
120,188,ZD,2,2,3,1,0,0,-1,3,3,3,3,3,0,0
120,189,ZD,3,2,3,0,0,0,-1,3,3,2,2,2,1,0
120,190,ZD,2,2,3,1,0,0,-1,3,3,3,3,3,0,0
120,191,ZD,3,2,3,0,0,0,-1,3,3,3,3,3,1,0
120,192,ZD,2,2,2,0,0,0,0,2,2,2,2,2,1,0
120,193,ZD,2,2,2,1,0,0,-1,2,2,2,2,2,0,0
120,194,ZD,2,2,2,1,0,0,-1,2,2,2,2,2,0,0
120,195,ZD,2,2,2,0,0,0,0,2,2,2,2,2,1,0
120,196,ZD,2,2,3,1,0,0,-1,3,3,1,1,1,0,0
120,197,ZD,2,2,3,1,0,0,-1,3,3,2,2,2,0,0
120,198,ZD,2,2,3,1,0,0,-1,3,3,2,2,2,0,0
120,199,ZD,2,2,3,1,0,0,-1,3,3,1,1,1,0,0
121,122,ZD,2,2,2,0,0,0,0,2,2,2,2,2,1,0
121,123,ZD,2,2,2,1,0,0,0,1,1,1,1,1,0,0
121,124,ZD,2,2,2,1,0,0,0,1,1,1,1,1,0,0
121,125,ZD,2,2,2,0,0,0,0,2,2,2,2,2,1,0
121,126,POS,1,1,1,0,0,-1,-1,-1,-1,-1,-1,-1,0,1
121,127,ZD,2,2,2,1,0,0,-1,2,2,1,1,1,0,0
121,128,ZD,3,2,3,0,0,0,-1,3,3,3,3,3,1,0
121,129,ZD,3,2,3,0,0,0,-1,3,3,2,2,2,1,0
121,130,ZD,3,2,3,0,0,0,-1,3,3,2,2,2,1,0
121,131,ZD,3,2,3,0,0,0,-1,3,3,3,3,3,1,0
121,132,ZD,2,2,3,1,0,0,-1,3,3,3,3,3,0,0
121,133,ZD,3,2,3,0,0,0,-1,3,3,3,3,3,1,0
121,134,ZD,2,2,3,1,0,0,-1,3,3,3,3,3,0,0
121,135,ZD,3,2,3,0,0,0,-1,3,3,3,3,3,1,0
121,136,ZD,3,2,3,0,0,0,-1,3,3,3,3,3,1,0
121,137,ZD,2,2,3,1,0,0,-1,3,3,3,3,3,0,0
121,138,ZD,3,2,3,0,0,0,-1,3,3,3,3,3,1,0
121,139,ZD,2,2,3,1,0,0,-1,3,3,3,3,3,0,0
121,140,ZD,2,2,2,1,0,0,-1,2,2,2,2,2,0,0
121,141,ZD,2,2,2,1,0,0,0,1,1,1,1,1,0,0
121,142,ZD,2,2,2,1,0,0,0,1,1,1,1,1,0,0
121,143,ZD,2,2,2,1,0,0,-1,2,2,2,2,2,0,0
121,144,ZD,2,2,2,1,0,0,-1,4,4,4,4,4,0,0
121,145,ZD,2,2,2,1,0,0,-1,4,4,4,4,4,0,0
121,146,ZD,2,2,2,1,0,0,-1,4,4,4,4,4,0,0
121,147,ZD,2,2,2,1,0,0,-1,4,4,4,4,4,0,0
121,148,ZD,2,2,3,1,0,0,-1,4,4,4,4,4,0,0
121,149,ZD,2,2,3,1,0,0,-1,4,4,4,4,4,0,0
121,150,ZD,2,2,3,1,0,0,-1,4,4,4,4,4,0,0
121,151,ZD,2,2,3,1,0,0,-1,4,4,4,4,4,0,0
121,152,ZD,2,2,3,1,0,0,-1,4,4,4,4,4,0,0
121,153,ZD,2,2,3,1,0,0,-1,4,4,4,4,4,0,0
121,154,ZD,2,2,3,1,0,0,-1,4,4,4,4,4,0,0
121,155,ZD,2,2,3,1,0,0,-1,4,4,4,4,4,0,0
121,156,ZD,2,2,2,1,0,0,-1,4,4,4,4,4,0,0
121,157,ZD,2,2,2,0,0,0,-1,4,4,4,4,4,1,0
121,158,ZD,2,2,2,0,0,0,-1,4,4,4,4,4,1,0
121,159,ZD,2,2,2,1,0,0,-1,4,4,4,4,4,0,0
121,160,ZD,2,2,2,1,0,0,-1,4,4,4,4,4,0,0
121,161,ZD,2,2,2,0,0,0,-1,4,4,4,4,4,1,0
121,162,ZD,2,2,2,0,0,0,-1,4,4,4,4,4,1,0
121,163,ZD,2,2,2,1,0,0,-1,4,4,4,4,4,0,0
121,164,ZD,3,2,3,0,0,0,-1,4,4,2,2,2,1,0
121,165,ZD,3,2,3,0,0,0,-1,4,4,3,3,3,1,0
121,166,ZD,3,2,3,0,0,0,-1,4,4,3,3,3,1,0
121,167,ZD,3,2,3,0,0,0,-1,4,4,2,2,2,1,0
121,168,ZD,3,2,3,0,0,0,-1,4,4,3,3,3,1,0
121,169,ZD,3,2,3,0,0,0,-1,4,4,3,3,3,1,0
121,170,ZD,2,2,3,1,0,0,-1,4,4,3,3,3,0,0
121,171,ZD,2,2,3,1,0,0,-1,4,4,3,3,3,0,0
121,172,ZD,2,2,3,1,0,0,-1,4,4,3,3,3,0,0
121,173,ZD,2,2,3,1,0,0,-1,4,4,3,3,3,0,0
121,174,ZD,3,2,3,0,0,0,-1,4,4,3,3,3,1,0
121,175,ZD,3,2,3,0,0,0,-1,4,4,3,3,3,1,0
121,176,ZD,2,2,2,1,0,0,-1,4,4,3,3,3,0,0
121,177,ZD,2,2,2,1,0,0,-1,4,4,2,2,2,0,0
121,178,ZD,2,2,2,1,0,0,-1,4,4,2,2,2,0,0
121,179,ZD,2,2,2,1,0,0,-1,4,4,3,3,3,0,0
121,180,ZD,3,2,3,0,0,0,-1,3,3,3,3,3,1,0
121,181,ZD,3,2,3,0,0,0,-1,3,3,3,3,3,1,0
121,182,ZD,3,2,3,0,0,0,-1,3,3,3,3,3,1,0
121,183,ZD,3,2,3,0,0,0,-1,3,3,3,3,3,1,0
121,184,ZD,2,2,3,1,0,0,-1,3,3,3,3,3,0,0
121,185,ZD,3,2,3,0,0,0,-1,3,3,2,2,2,1,0
121,186,ZD,2,2,3,1,0,0,-1,3,3,3,3,3,0,0
121,187,ZD,3,2,3,0,0,0,-1,3,3,3,3,3,1,0
121,188,ZD,3,2,3,0,0,0,-1,3,3,3,3,3,1,0
121,189,ZD,2,2,3,1,0,0,-1,3,3,3,3,3,0,0
121,190,ZD,3,2,3,0,0,0,-1,3,3,2,2,2,1,0
121,191,ZD,2,2,3,1,0,0,-1,3,3,3,3,3,0,0
121,192,ZD,2,2,2,1,0,0,-1,2,2,2,2,2,0,0
121,193,ZD,2,2,2,0,0,0,0,2,2,2,2,2,1,0
121,194,ZD,2,2,2,0,0,0,0,2,2,2,2,2,1,0
121,195,ZD,2,2,2,1,0,0,-1,2,2,2,2,2,0,0
121,196,ZD,2,2,3,1,0,0,-1,3,3,1,1,1,0,0
121,197,ZD,2,2,3,1,0,0,-1,3,3,2,2,2,0,0
121,198,ZD,2,2,3,1,0,0,-1,3,3,2,2,2,0,0
121,199,ZD,2,2,3,1,0,0,-1,3,3,1,1,1,0,0
122,123,ZD,2,2,2,1,0,0,-1,2,2,1,1,1,0,0
122,124,ZD,2,2,2,1,0,0,-1,2,2,1,1,1,0,0
122,125,POS,1,1,1,0,0,-1,-1,-1,-1,-1,-1,-1,0,1
122,126,ZD,2,2,2,0,0,0,0,2,2,2,2,2,1,0
122,127,ZD,2,2,2,1,0,0,0,1,1,1,1,1,0,0
122,128,ZD,3,2,3,0,0,0,-1,3,3,3,3,3,1,0
122,129,ZD,3,2,3,0,0,0,-1,3,3,2,2,2,1,0
122,130,ZD,3,2,3,0,0,0,-1,3,3,2,2,2,1,0
122,131,ZD,3,2,3,0,0,0,-1,3,3,3,3,3,1,0
122,132,ZD,3,2,3,0,0,0,-1,3,3,3,3,3,1,0
122,133,ZD,2,2,3,1,0,0,-1,3,3,3,3,3,0,0
122,134,ZD,3,2,3,0,0,0,-1,3,3,3,3,3,1,0
122,135,ZD,2,2,3,1,0,0,-1,3,3,3,3,3,0,0
122,136,ZD,2,2,3,1,0,0,-1,3,3,3,3,3,0,0
122,137,ZD,3,2,3,0,0,0,-1,3,3,3,3,3,1,0
122,138,ZD,2,2,3,1,0,0,-1,3,3,3,3,3,0,0
122,139,ZD,3,2,3,0,0,0,-1,3,3,3,3,3,1,0
122,140,ZD,2,2,2,1,0,0,0,1,1,1,1,1,0,0
122,141,ZD,2,2,2,1,0,0,-1,2,2,2,2,2,0,0
122,142,ZD,2,2,2,1,0,0,-1,2,2,2,2,2,0,0
122,143,ZD,2,2,2,1,0,0,0,1,1,1,1,1,0,0
122,144,ZD,2,2,2,1,0,0,-1,4,4,4,4,4,0,0
122,145,ZD,2,2,2,1,0,0,-1,4,4,4,4,4,0,0
122,146,ZD,2,2,2,1,0,0,-1,4,4,4,4,4,0,0
122,147,ZD,2,2,2,1,0,0,-1,4,4,4,4,4,0,0
122,148,ZD,2,2,3,1,0,0,-1,4,4,4,4,4,0,0
122,149,ZD,2,2,3,1,0,0,-1,4,4,4,4,4,0,0
122,150,ZD,2,2,3,1,0,0,-1,4,4,4,4,4,0,0
122,151,ZD,2,2,3,1,0,0,-1,4,4,4,4,4,0,0
122,152,ZD,2,2,3,1,0,0,-1,4,4,4,4,4,0,0
122,153,ZD,2,2,3,1,0,0,-1,4,4,4,4,4,0,0
122,154,ZD,2,2,3,1,0,0,-1,4,4,4,4,4,0,0
122,155,ZD,2,2,3,1,0,0,-1,4,4,4,4,4,0,0
122,156,ZD,2,2,2,1,0,0,-1,4,4,4,4,4,0,0
122,157,ZD,2,2,2,0,0,0,-1,4,4,4,4,4,1,0
122,158,ZD,2,2,2,0,0,0,-1,4,4,4,4,4,1,0
122,159,ZD,2,2,2,1,0,0,-1,4,4,4,4,4,0,0
122,160,ZD,2,2,2,1,0,0,-1,4,4,4,4,4,0,0
122,161,ZD,2,2,2,0,0,0,-1,4,4,4,4,4,1,0
122,162,ZD,2,2,2,0,0,0,-1,4,4,4,4,4,1,0
122,163,ZD,2,2,2,1,0,0,-1,4,4,4,4,4,0,0
122,164,ZD,3,2,3,0,0,0,-1,4,4,3,3,3,1,0
122,165,ZD,3,2,3,0,0,0,-1,4,4,2,2,2,1,0
122,166,ZD,3,2,3,0,0,0,-1,4,4,2,2,2,1,0
122,167,ZD,3,2,3,0,0,0,-1,4,4,3,3,3,1,0
122,168,ZD,2,2,3,1,0,0,-1,4,4,3,3,3,0,0
122,169,ZD,2,2,3,1,0,0,-1,4,4,3,3,3,0,0
122,170,ZD,3,2,3,0,0,0,-1,4,4,3,3,3,1,0
122,171,ZD,3,2,3,0,0,0,-1,4,4,3,3,3,1,0
122,172,ZD,3,2,3,0,0,0,-1,4,4,3,3,3,1,0
122,173,ZD,3,2,3,0,0,0,-1,4,4,3,3,3,1,0
122,174,ZD,2,2,3,1,0,0,-1,4,4,3,3,3,0,0
122,175,ZD,2,2,3,1,0,0,-1,4,4,3,3,3,0,0
122,176,ZD,2,2,2,1,0,0,-1,4,4,3,3,3,0,0
122,177,ZD,2,2,2,1,0,0,-1,4,4,2,2,2,0,0
122,178,ZD,2,2,2,1,0,0,-1,4,4,2,2,2,0,0
122,179,ZD,2,2,2,1,0,0,-1,4,4,3,3,3,0,0
122,180,ZD,3,2,3,0,0,0,-1,3,3,3,3,3,1,0
122,181,ZD,3,2,3,0,0,0,-1,3,3,3,3,3,1,0
122,182,ZD,3,2,3,0,0,0,-1,3,3,3,3,3,1,0
122,183,ZD,3,2,3,0,0,0,-1,3,3,3,3,3,1,0
122,184,ZD,2,2,3,1,0,0,-1,3,3,3,3,3,0,0
122,185,ZD,3,2,3,0,0,0,-1,3,3,3,3,3,1,0
122,186,ZD,2,2,3,1,0,0,-1,3,3,3,3,3,0,0
122,187,ZD,3,2,3,0,0,0,-1,3,3,2,2,2,1,0
122,188,ZD,3,2,3,0,0,0,-1,3,3,2,2,2,1,0
122,189,ZD,2,2,3,1,0,0,-1,3,3,3,3,3,0,0
122,190,ZD,3,2,3,0,0,0,-1,3,3,3,3,3,1,0
122,191,ZD,2,2,3,1,0,0,-1,3,3,3,3,3,0,0
122,192,ZD,2,2,2,1,0,0,-1,2,2,2,2,2,0,0
122,193,ZD,2,2,2,0,0,0,0,2,2,2,2,2,1,0
122,194,ZD,2,2,2,0,0,0,0,2,2,2,2,2,1,0
122,195,ZD,2,2,2,1,0,0,-1,2,2,2,2,2,0,0
122,196,ZD,2,2,3,1,0,0,-1,3,3,2,2,2,0,0
122,197,ZD,2,2,3,1,0,0,-1,3,3,1,1,1,0,0
122,198,ZD,2,2,3,1,0,0,-1,3,3,1,1,1,0,0
122,199,ZD,2,2,3,1,0,0,-1,3,3,2,2,2,0,0
123,124,POS,1,1,1,0,0,-1,-1,-1,-1,-1,-1,-1,0,1
123,125,ZD,2,2,2,1,0,0,-1,2,2,1,1,1,0,0
123,126,ZD,2,2,2,1,0,0,0,1,1,1,1,1,0,0
123,127,ZD,2,2,2,0,0,0,0,2,2,2,2,2,1,0
123,128,ZD,3,2,3,0,0,0,-1,3,3,2,2,2,1,0
123,129,ZD,3,2,3,0,0,0,-1,3,3,3,3,3,1,0
123,130,ZD,3,2,3,0,0,0,-1,3,3,3,3,3,1,0
123,131,ZD,3,2,3,0,0,0,-1,3,3,2,2,2,1,0
123,132,ZD,2,2,3,1,0,0,-1,3,3,3,3,3,0,0
123,133,ZD,3,2,3,0,0,0,-1,3,3,3,3,3,1,0
123,134,ZD,2,2,3,1,0,0,-1,3,3,3,3,3,0,0
123,135,ZD,3,2,3,0,0,0,-1,3,3,3,3,3,1,0
123,136,ZD,3,2,3,0,0,0,-1,3,3,3,3,3,1,0
123,137,ZD,2,2,3,1,0,0,-1,3,3,3,3,3,0,0
123,138,ZD,3,2,3,0,0,0,-1,3,3,3,3,3,1,0
123,139,ZD,2,2,3,1,0,0,-1,3,3,3,3,3,0,0
123,140,ZD,2,2,2,1,0,0,-1,2,2,2,2,2,0,0
123,141,ZD,2,2,2,1,0,0,0,1,1,1,1,1,0,0
123,142,ZD,2,2,2,1,0,0,0,1,1,1,1,1,0,0
123,143,ZD,2,2,2,1,0,0,-1,2,2,2,2,2,0,0
123,144,ZD,2,2,2,1,0,0,-1,4,4,4,4,4,0,0
123,145,ZD,2,2,2,1,0,0,-1,4,4,4,4,4,0,0
123,146,ZD,2,2,2,1,0,0,-1,4,4,4,4,4,0,0
123,147,ZD,2,2,2,1,0,0,-1,4,4,4,4,4,0,0
123,148,ZD,2,2,3,1,0,0,-1,4,4,4,4,4,0,0
123,149,ZD,2,2,3,1,0,0,-1,4,4,4,4,4,0,0
123,150,ZD,2,2,3,1,0,0,-1,4,4,4,4,4,0,0
123,151,ZD,2,2,3,1,0,0,-1,4,4,4,4,4,0,0
123,152,ZD,2,2,3,1,0,0,-1,4,4,4,4,4,0,0
123,153,ZD,2,2,3,1,0,0,-1,4,4,4,4,4,0,0
123,154,ZD,2,2,3,1,0,0,-1,4,4,4,4,4,0,0
123,155,ZD,2,2,3,1,0,0,-1,4,4,4,4,4,0,0
123,156,ZD,2,2,2,0,0,0,-1,4,4,4,4,4,1,0
123,157,ZD,2,2,2,1,0,0,-1,4,4,4,4,4,0,0
123,158,ZD,2,2,2,1,0,0,-1,4,4,4,4,4,0,0
123,159,ZD,2,2,2,0,0,0,-1,4,4,4,4,4,1,0
123,160,ZD,2,2,2,0,0,0,-1,4,4,4,4,4,1,0
123,161,ZD,2,2,2,1,0,0,-1,4,4,4,4,4,0,0
123,162,ZD,2,2,2,1,0,0,-1,4,4,4,4,4,0,0
123,163,ZD,2,2,2,0,0,0,-1,4,4,4,4,4,1,0
123,164,ZD,3,2,3,0,0,0,-1,4,4,3,3,3,1,0
123,165,ZD,3,2,3,0,0,0,-1,4,4,2,2,2,1,0
123,166,ZD,3,2,3,0,0,0,-1,4,4,2,2,2,1,0
123,167,ZD,3,2,3,0,0,0,-1,4,4,3,3,3,1,0
123,168,ZD,2,2,3,1,0,0,-1,4,4,3,3,3,0,0
123,169,ZD,2,2,3,1,0,0,-1,4,4,3,3,3,0,0
123,170,ZD,3,2,3,0,0,0,-1,4,4,3,3,3,1,0
123,171,ZD,3,2,3,0,0,0,-1,4,4,3,3,3,1,0
123,172,ZD,3,2,3,0,0,0,-1,4,4,3,3,3,1,0
123,173,ZD,3,2,3,0,0,0,-1,4,4,3,3,3,1,0
123,174,ZD,2,2,3,1,0,0,-1,4,4,3,3,3,0,0
123,175,ZD,2,2,3,1,0,0,-1,4,4,3,3,3,0,0
123,176,ZD,2,2,2,1,0,0,-1,4,4,3,3,3,0,0
123,177,ZD,2,2,2,1,0,0,-1,4,4,2,2,2,0,0
123,178,ZD,2,2,2,1,0,0,-1,4,4,2,2,2,0,0
123,179,ZD,2,2,2,1,0,0,-1,4,4,3,3,3,0,0
123,180,ZD,3,2,3,0,0,0,-1,3,3,3,3,3,1,0
123,181,ZD,3,2,3,0,0,0,-1,3,3,3,3,3,1,0
123,182,ZD,3,2,3,0,0,0,-1,3,3,3,3,3,1,0
123,183,ZD,3,2,3,0,0,0,-1,3,3,3,3,3,1,0
123,184,ZD,3,2,3,0,0,0,-1,3,3,2,2,2,1,0
123,185,ZD,2,2,3,1,0,0,-1,3,3,3,3,3,0,0
123,186,ZD,3,2,3,0,0,0,-1,3,3,3,3,3,1,0
123,187,ZD,2,2,3,1,0,0,-1,3,3,3,3,3,0,0
123,188,ZD,2,2,3,1,0,0,-1,3,3,3,3,3,0,0
123,189,ZD,3,2,3,0,0,0,-1,3,3,3,3,3,1,0
123,190,ZD,2,2,3,1,0,0,-1,3,3,3,3,3,0,0
123,191,ZD,3,2,3,0,0,0,-1,3,3,2,2,2,1,0
123,192,ZD,2,2,2,0,0,0,0,2,2,2,2,2,1,0
123,193,ZD,2,2,2,1,0,0,-1,2,2,2,2,2,0,0
123,194,ZD,2,2,2,1,0,0,-1,2,2,2,2,2,0,0
123,195,ZD,2,2,2,0,0,0,0,2,2,2,2,2,1,0
123,196,ZD,2,2,3,1,0,0,-1,3,3,2,2,2,0,0
123,197,ZD,2,2,3,1,0,0,-1,3,3,1,1,1,0,0
123,198,ZD,2,2,3,1,0,0,-1,3,3,1,1,1,0,0
123,199,ZD,2,2,3,1,0,0,-1,3,3,2,2,2,0,0
124,125,ZD,2,2,2,1,0,0,-1,2,2,1,1,1,0,0
124,126,ZD,2,2,2,1,0,0,0,1,1,1,1,1,0,0
124,127,ZD,2,2,2,0,0,0,0,2,2,2,2,2,1,0
124,128,ZD,3,2,3,0,0,0,-1,3,3,2,2,2,1,0
124,129,ZD,3,2,3,0,0,0,-1,3,3,3,3,3,1,0
124,130,ZD,3,2,3,0,0,0,-1,3,3,3,3,3,1,0
124,131,ZD,3,2,3,0,0,0,-1,3,3,2,2,2,1,0
124,132,ZD,2,2,3,1,0,0,-1,3,3,3,3,3,0,0
124,133,ZD,3,2,3,0,0,0,-1,3,3,3,3,3,1,0
124,134,ZD,2,2,3,1,0,0,-1,3,3,3,3,3,0,0
124,135,ZD,3,2,3,0,0,0,-1,3,3,3,3,3,1,0
124,136,ZD,3,2,3,0,0,0,-1,3,3,3,3,3,1,0
124,137,ZD,2,2,3,1,0,0,-1,3,3,3,3,3,0,0
124,138,ZD,3,2,3,0,0,0,-1,3,3,3,3,3,1,0
124,139,ZD,2,2,3,1,0,0,-1,3,3,3,3,3,0,0
124,140,ZD,2,2,2,1,0,0,-1,2,2,2,2,2,0,0
124,141,ZD,2,2,2,1,0,0,0,1,1,1,1,1,0,0
124,142,ZD,2,2,2,1,0,0,0,1,1,1,1,1,0,0
124,143,ZD,2,2,2,1,0,0,-1,2,2,2,2,2,0,0
124,144,ZD,2,2,2,1,0,0,-1,4,4,4,4,4,0,0
124,145,ZD,2,2,2,1,0,0,-1,4,4,4,4,4,0,0
124,146,ZD,2,2,2,1,0,0,-1,4,4,4,4,4,0,0
124,147,ZD,2,2,2,1,0,0,-1,4,4,4,4,4,0,0
124,148,ZD,2,2,3,1,0,0,-1,4,4,4,4,4,0,0
124,149,ZD,2,2,3,1,0,0,-1,4,4,4,4,4,0,0
124,150,ZD,2,2,3,1,0,0,-1,4,4,4,4,4,0,0
124,151,ZD,2,2,3,1,0,0,-1,4,4,4,4,4,0,0
124,152,ZD,2,2,3,1,0,0,-1,4,4,4,4,4,0,0
124,153,ZD,2,2,3,1,0,0,-1,4,4,4,4,4,0,0
124,154,ZD,2,2,3,1,0,0,-1,4,4,4,4,4,0,0
124,155,ZD,2,2,3,1,0,0,-1,4,4,4,4,4,0,0
124,156,ZD,2,2,2,0,0,0,-1,4,4,4,4,4,1,0
124,157,ZD,2,2,2,1,0,0,-1,4,4,4,4,4,0,0
124,158,ZD,2,2,2,1,0,0,-1,4,4,4,4,4,0,0
124,159,ZD,2,2,2,0,0,0,-1,4,4,4,4,4,1,0
124,160,ZD,2,2,2,0,0,0,-1,4,4,4,4,4,1,0
124,161,ZD,2,2,2,1,0,0,-1,4,4,4,4,4,0,0
124,162,ZD,2,2,2,1,0,0,-1,4,4,4,4,4,0,0
124,163,ZD,2,2,2,0,0,0,-1,4,4,4,4,4,1,0
124,164,ZD,3,2,3,0,0,0,-1,4,4,3,3,3,1,0
124,165,ZD,3,2,3,0,0,0,-1,4,4,2,2,2,1,0
124,166,ZD,3,2,3,0,0,0,-1,4,4,2,2,2,1,0
124,167,ZD,3,2,3,0,0,0,-1,4,4,3,3,3,1,0
124,168,ZD,2,2,3,1,0,0,-1,4,4,3,3,3,0,0
124,169,ZD,2,2,3,1,0,0,-1,4,4,3,3,3,0,0
124,170,ZD,3,2,3,0,0,0,-1,4,4,3,3,3,1,0
124,171,ZD,3,2,3,0,0,0,-1,4,4,3,3,3,1,0
124,172,ZD,3,2,3,0,0,0,-1,4,4,3,3,3,1,0
124,173,ZD,3,2,3,0,0,0,-1,4,4,3,3,3,1,0
124,174,ZD,2,2,3,1,0,0,-1,4,4,3,3,3,0,0
124,175,ZD,2,2,3,1,0,0,-1,4,4,3,3,3,0,0
124,176,ZD,2,2,2,1,0,0,-1,4,4,3,3,3,0,0
124,177,ZD,2,2,2,1,0,0,-1,4,4,2,2,2,0,0
124,178,ZD,2,2,2,1,0,0,-1,4,4,2,2,2,0,0
124,179,ZD,2,2,2,1,0,0,-1,4,4,3,3,3,0,0
124,180,ZD,3,2,3,0,0,0,-1,3,3,3,3,3,1,0
124,181,ZD,3,2,3,0,0,0,-1,3,3,3,3,3,1,0
124,182,ZD,3,2,3,0,0,0,-1,3,3,3,3,3,1,0
124,183,ZD,3,2,3,0,0,0,-1,3,3,3,3,3,1,0
124,184,ZD,3,2,3,0,0,0,-1,3,3,2,2,2,1,0
124,185,ZD,2,2,3,1,0,0,-1,3,3,3,3,3,0,0
124,186,ZD,3,2,3,0,0,0,-1,3,3,3,3,3,1,0
124,187,ZD,2,2,3,1,0,0,-1,3,3,3,3,3,0,0
124,188,ZD,2,2,3,1,0,0,-1,3,3,3,3,3,0,0
124,189,ZD,3,2,3,0,0,0,-1,3,3,3,3,3,1,0
124,190,ZD,2,2,3,1,0,0,-1,3,3,3,3,3,0,0
124,191,ZD,3,2,3,0,0,0,-1,3,3,2,2,2,1,0
124,192,ZD,2,2,2,0,0,0,0,2,2,2,2,2,1,0
124,193,ZD,2,2,2,1,0,0,-1,2,2,2,2,2,0,0
124,194,ZD,2,2,2,1,0,0,-1,2,2,2,2,2,0,0
124,195,ZD,2,2,2,0,0,0,0,2,2,2,2,2,1,0
124,196,ZD,2,2,3,1,0,0,-1,3,3,2,2,2,0,0
124,197,ZD,2,2,3,1,0,0,-1,3,3,1,1,1,0,0
124,198,ZD,2,2,3,1,0,0,-1,3,3,1,1,1,0,0
124,199,ZD,2,2,3,1,0,0,-1,3,3,2,2,2,0,0
125,126,ZD,2,2,2,0,0,0,0,2,2,2,2,2,1,0
125,127,ZD,2,2,2,1,0,0,0,1,1,1,1,1,0,0
125,128,ZD,3,2,3,0,0,0,-1,3,3,3,3,3,1,0
125,129,ZD,3,2,3,0,0,0,-1,3,3,2,2,2,1,0
125,130,ZD,3,2,3,0,0,0,-1,3,3,2,2,2,1,0
125,131,ZD,3,2,3,0,0,0,-1,3,3,3,3,3,1,0
125,132,ZD,3,2,3,0,0,0,-1,3,3,3,3,3,1,0
125,133,ZD,2,2,3,1,0,0,-1,3,3,3,3,3,0,0
125,134,ZD,3,2,3,0,0,0,-1,3,3,3,3,3,1,0
125,135,ZD,2,2,3,1,0,0,-1,3,3,3,3,3,0,0
125,136,ZD,2,2,3,1,0,0,-1,3,3,3,3,3,0,0
125,137,ZD,3,2,3,0,0,0,-1,3,3,3,3,3,1,0
125,138,ZD,2,2,3,1,0,0,-1,3,3,3,3,3,0,0
125,139,ZD,3,2,3,0,0,0,-1,3,3,3,3,3,1,0
125,140,ZD,2,2,2,1,0,0,0,1,1,1,1,1,0,0
125,141,ZD,2,2,2,1,0,0,-1,2,2,2,2,2,0,0
125,142,ZD,2,2,2,1,0,0,-1,2,2,2,2,2,0,0
125,143,ZD,2,2,2,1,0,0,0,1,1,1,1,1,0,0
125,144,ZD,2,2,2,1,0,0,-1,4,4,4,4,4,0,0
125,145,ZD,2,2,2,1,0,0,-1,4,4,4,4,4,0,0
125,146,ZD,2,2,2,1,0,0,-1,4,4,4,4,4,0,0
125,147,ZD,2,2,2,1,0,0,-1,4,4,4,4,4,0,0
125,148,ZD,2,2,3,1,0,0,-1,4,4,4,4,4,0,0
125,149,ZD,2,2,3,1,0,0,-1,4,4,4,4,4,0,0
125,150,ZD,2,2,3,1,0,0,-1,4,4,4,4,4,0,0
125,151,ZD,2,2,3,1,0,0,-1,4,4,4,4,4,0,0
125,152,ZD,2,2,3,1,0,0,-1,4,4,4,4,4,0,0
125,153,ZD,2,2,3,1,0,0,-1,4,4,4,4,4,0,0
125,154,ZD,2,2,3,1,0,0,-1,4,4,4,4,4,0,0
125,155,ZD,2,2,3,1,0,0,-1,4,4,4,4,4,0,0
125,156,ZD,2,2,2,1,0,0,-1,4,4,4,4,4,0,0
125,157,ZD,2,2,2,0,0,0,-1,4,4,4,4,4,1,0
125,158,ZD,2,2,2,0,0,0,-1,4,4,4,4,4,1,0
125,159,ZD,2,2,2,1,0,0,-1,4,4,4,4,4,0,0
125,160,ZD,2,2,2,1,0,0,-1,4,4,4,4,4,0,0
125,161,ZD,2,2,2,0,0,0,-1,4,4,4,4,4,1,0
125,162,ZD,2,2,2,0,0,0,-1,4,4,4,4,4,1,0
125,163,ZD,2,2,2,1,0,0,-1,4,4,4,4,4,0,0
125,164,ZD,3,2,3,0,0,0,-1,4,4,3,3,3,1,0
125,165,ZD,3,2,3,0,0,0,-1,4,4,2,2,2,1,0
125,166,ZD,3,2,3,0,0,0,-1,4,4,2,2,2,1,0
125,167,ZD,3,2,3,0,0,0,-1,4,4,3,3,3,1,0
125,168,ZD,2,2,3,1,0,0,-1,4,4,3,3,3,0,0
125,169,ZD,2,2,3,1,0,0,-1,4,4,3,3,3,0,0
125,170,ZD,3,2,3,0,0,0,-1,4,4,3,3,3,1,0
125,171,ZD,3,2,3,0,0,0,-1,4,4,3,3,3,1,0
125,172,ZD,3,2,3,0,0,0,-1,4,4,3,3,3,1,0
125,173,ZD,3,2,3,0,0,0,-1,4,4,3,3,3,1,0
125,174,ZD,2,2,3,1,0,0,-1,4,4,3,3,3,0,0
125,175,ZD,2,2,3,1,0,0,-1,4,4,3,3,3,0,0
125,176,ZD,2,2,2,1,0,0,-1,4,4,3,3,3,0,0
125,177,ZD,2,2,2,1,0,0,-1,4,4,2,2,2,0,0
125,178,ZD,2,2,2,1,0,0,-1,4,4,2,2,2,0,0
125,179,ZD,2,2,2,1,0,0,-1,4,4,3,3,3,0,0
125,180,ZD,3,2,3,0,0,0,-1,3,3,3,3,3,1,0
125,181,ZD,3,2,3,0,0,0,-1,3,3,3,3,3,1,0
125,182,ZD,3,2,3,0,0,0,-1,3,3,3,3,3,1,0
125,183,ZD,3,2,3,0,0,0,-1,3,3,3,3,3,1,0
125,184,ZD,2,2,3,1,0,0,-1,3,3,3,3,3,0,0
125,185,ZD,3,2,3,0,0,0,-1,3,3,3,3,3,1,0
125,186,ZD,2,2,3,1,0,0,-1,3,3,3,3,3,0,0
125,187,ZD,3,2,3,0,0,0,-1,3,3,2,2,2,1,0
125,188,ZD,3,2,3,0,0,0,-1,3,3,2,2,2,1,0
125,189,ZD,2,2,3,1,0,0,-1,3,3,3,3,3,0,0
125,190,ZD,3,2,3,0,0,0,-1,3,3,3,3,3,1,0
125,191,ZD,2,2,3,1,0,0,-1,3,3,3,3,3,0,0
125,192,ZD,2,2,2,1,0,0,-1,2,2,2,2,2,0,0
125,193,ZD,2,2,2,0,0,0,0,2,2,2,2,2,1,0
125,194,ZD,2,2,2,0,0,0,0,2,2,2,2,2,1,0
125,195,ZD,2,2,2,1,0,0,-1,2,2,2,2,2,0,0
125,196,ZD,2,2,3,1,0,0,-1,3,3,2,2,2,0,0
125,197,ZD,2,2,3,1,0,0,-1,3,3,1,1,1,0,0
125,198,ZD,2,2,3,1,0,0,-1,3,3,1,1,1,0,0
125,199,ZD,2,2,3,1,0,0,-1,3,3,2,2,2,0,0
126,127,ZD,2,2,2,1,0,0,-1,2,2,1,1,1,0,0
126,128,ZD,3,2,3,0,0,0,-1,3,3,3,3,3,1,0
126,129,ZD,3,2,3,0,0,0,-1,3,3,2,2,2,1,0
126,130,ZD,3,2,3,0,0,0,-1,3,3,2,2,2,1,0
126,131,ZD,3,2,3,0,0,0,-1,3,3,3,3,3,1,0
126,132,ZD,2,2,3,1,0,0,-1,3,3,3,3,3,0,0
126,133,ZD,3,2,3,0,0,0,-1,3,3,3,3,3,1,0
126,134,ZD,2,2,3,1,0,0,-1,3,3,3,3,3,0,0
126,135,ZD,3,2,3,0,0,0,-1,3,3,3,3,3,1,0
126,136,ZD,3,2,3,0,0,0,-1,3,3,3,3,3,1,0
126,137,ZD,2,2,3,1,0,0,-1,3,3,3,3,3,0,0
126,138,ZD,3,2,3,0,0,0,-1,3,3,3,3,3,1,0
126,139,ZD,2,2,3,1,0,0,-1,3,3,3,3,3,0,0
126,140,ZD,2,2,2,1,0,0,-1,2,2,2,2,2,0,0
126,141,ZD,2,2,2,1,0,0,0,1,1,1,1,1,0,0
126,142,ZD,2,2,2,1,0,0,0,1,1,1,1,1,0,0
126,143,ZD,2,2,2,1,0,0,-1,2,2,2,2,2,0,0
126,144,ZD,2,2,2,1,0,0,-1,4,4,4,4,4,0,0
126,145,ZD,2,2,2,1,0,0,-1,4,4,4,4,4,0,0
126,146,ZD,2,2,2,1,0,0,-1,4,4,4,4,4,0,0
126,147,ZD,2,2,2,1,0,0,-1,4,4,4,4,4,0,0
126,148,ZD,2,2,3,1,0,0,-1,4,4,4,4,4,0,0
126,149,ZD,2,2,3,1,0,0,-1,4,4,4,4,4,0,0
126,150,ZD,2,2,3,1,0,0,-1,4,4,4,4,4,0,0
126,151,ZD,2,2,3,1,0,0,-1,4,4,4,4,4,0,0
126,152,ZD,2,2,3,1,0,0,-1,4,4,4,4,4,0,0
126,153,ZD,2,2,3,1,0,0,-1,4,4,4,4,4,0,0
126,154,ZD,2,2,3,1,0,0,-1,4,4,4,4,4,0,0
126,155,ZD,2,2,3,1,0,0,-1,4,4,4,4,4,0,0
126,156,ZD,2,2,2,1,0,0,-1,4,4,4,4,4,0,0
126,157,ZD,2,2,2,0,0,0,-1,4,4,4,4,4,1,0
126,158,ZD,2,2,2,0,0,0,-1,4,4,4,4,4,1,0
126,159,ZD,2,2,2,1,0,0,-1,4,4,4,4,4,0,0
126,160,ZD,2,2,2,1,0,0,-1,4,4,4,4,4,0,0
126,161,ZD,2,2,2,0,0,0,-1,4,4,4,4,4,1,0
126,162,ZD,2,2,2,0,0,0,-1,4,4,4,4,4,1,0
126,163,ZD,2,2,2,1,0,0,-1,4,4,4,4,4,0,0
126,164,ZD,3,2,3,0,0,0,-1,4,4,2,2,2,1,0
126,165,ZD,3,2,3,0,0,0,-1,4,4,3,3,3,1,0
126,166,ZD,3,2,3,0,0,0,-1,4,4,3,3,3,1,0
126,167,ZD,3,2,3,0,0,0,-1,4,4,2,2,2,1,0
126,168,ZD,3,2,3,0,0,0,-1,4,4,3,3,3,1,0
126,169,ZD,3,2,3,0,0,0,-1,4,4,3,3,3,1,0
126,170,ZD,2,2,3,1,0,0,-1,4,4,3,3,3,0,0
126,171,ZD,2,2,3,1,0,0,-1,4,4,3,3,3,0,0
126,172,ZD,2,2,3,1,0,0,-1,4,4,3,3,3,0,0
126,173,ZD,2,2,3,1,0,0,-1,4,4,3,3,3,0,0
126,174,ZD,3,2,3,0,0,0,-1,4,4,3,3,3,1,0
126,175,ZD,3,2,3,0,0,0,-1,4,4,3,3,3,1,0
126,176,ZD,2,2,2,1,0,0,-1,4,4,3,3,3,0,0
126,177,ZD,2,2,2,1,0,0,-1,4,4,2,2,2,0,0
126,178,ZD,2,2,2,1,0,0,-1,4,4,2,2,2,0,0
126,179,ZD,2,2,2,1,0,0,-1,4,4,3,3,3,0,0
126,180,ZD,3,2,3,0,0,0,-1,3,3,3,3,3,1,0
126,181,ZD,3,2,3,0,0,0,-1,3,3,3,3,3,1,0
126,182,ZD,3,2,3,0,0,0,-1,3,3,3,3,3,1,0
126,183,ZD,3,2,3,0,0,0,-1,3,3,3,3,3,1,0
126,184,ZD,2,2,3,1,0,0,-1,3,3,3,3,3,0,0
126,185,ZD,3,2,3,0,0,0,-1,3,3,2,2,2,1,0
126,186,ZD,2,2,3,1,0,0,-1,3,3,3,3,3,0,0
126,187,ZD,3,2,3,0,0,0,-1,3,3,3,3,3,1,0
126,188,ZD,3,2,3,0,0,0,-1,3,3,3,3,3,1,0
126,189,ZD,2,2,3,1,0,0,-1,3,3,3,3,3,0,0
126,190,ZD,3,2,3,0,0,0,-1,3,3,2,2,2,1,0
126,191,ZD,2,2,3,1,0,0,-1,3,3,3,3,3,0,0
126,192,ZD,2,2,2,1,0,0,-1,2,2,2,2,2,0,0
126,193,ZD,2,2,2,0,0,0,0,2,2,2,2,2,1,0
126,194,ZD,2,2,2,0,0,0,0,2,2,2,2,2,1,0
126,195,ZD,2,2,2,1,0,0,-1,2,2,2,2,2,0,0
126,196,ZD,2,2,3,1,0,0,-1,3,3,1,1,1,0,0
126,197,ZD,2,2,3,1,0,0,-1,3,3,2,2,2,0,0
126,198,ZD,2,2,3,1,0,0,-1,3,3,2,2,2,0,0
126,199,ZD,2,2,3,1,0,0,-1,3,3,1,1,1,0,0
127,128,ZD,3,2,3,0,0,0,-1,3,3,2,2,2,1,0
127,129,ZD,3,2,3,0,0,0,-1,3,3,3,3,3,1,0
127,130,ZD,3,2,3,0,0,0,-1,3,3,3,3,3,1,0
127,131,ZD,3,2,3,0,0,0,-1,3,3,2,2,2,1,0
127,132,ZD,3,2,3,0,0,0,-1,3,3,3,3,3,1,0
127,133,ZD,2,2,3,1,0,0,-1,3,3,3,3,3,0,0
127,134,ZD,3,2,3,0,0,0,-1,3,3,3,3,3,1,0
127,135,ZD,2,2,3,1,0,0,-1,3,3,3,3,3,0,0
127,136,ZD,2,2,3,1,0,0,-1,3,3,3,3,3,0,0
127,137,ZD,3,2,3,0,0,0,-1,3,3,3,3,3,1,0
127,138,ZD,2,2,3,1,0,0,-1,3,3,3,3,3,0,0
127,139,ZD,3,2,3,0,0,0,-1,3,3,3,3,3,1,0
127,140,ZD,2,2,2,1,0,0,0,1,1,1,1,1,0,0
127,141,ZD,2,2,2,1,0,0,-1,2,2,2,2,2,0,0
127,142,ZD,2,2,2,1,0,0,-1,2,2,2,2,2,0,0
127,143,ZD,2,2,2,1,0,0,0,1,1,1,1,1,0,0
127,144,ZD,2,2,2,1,0,0,-1,4,4,4,4,4,0,0
127,145,ZD,2,2,2,1,0,0,-1,4,4,4,4,4,0,0
127,146,ZD,2,2,2,1,0,0,-1,4,4,4,4,4,0,0
127,147,ZD,2,2,2,1,0,0,-1,4,4,4,4,4,0,0
127,148,ZD,2,2,3,1,0,0,-1,4,4,4,4,4,0,0
127,149,ZD,2,2,3,1,0,0,-1,4,4,4,4,4,0,0
127,150,ZD,2,2,3,1,0,0,-1,4,4,4,4,4,0,0
127,151,ZD,2,2,3,1,0,0,-1,4,4,4,4,4,0,0
127,152,ZD,2,2,3,1,0,0,-1,4,4,4,4,4,0,0
127,153,ZD,2,2,3,1,0,0,-1,4,4,4,4,4,0,0
127,154,ZD,2,2,3,1,0,0,-1,4,4,4,4,4,0,0
127,155,ZD,2,2,3,1,0,0,-1,4,4,4,4,4,0,0
127,156,ZD,2,2,2,0,0,0,-1,4,4,4,4,4,1,0
127,157,ZD,2,2,2,1,0,0,-1,4,4,4,4,4,0,0
127,158,ZD,2,2,2,1,0,0,-1,4,4,4,4,4,0,0
127,159,ZD,2,2,2,0,0,0,-1,4,4,4,4,4,1,0
127,160,ZD,2,2,2,0,0,0,-1,4,4,4,4,4,1,0
127,161,ZD,2,2,2,1,0,0,-1,4,4,4,4,4,0,0
127,162,ZD,2,2,2,1,0,0,-1,4,4,4,4,4,0,0
127,163,ZD,2,2,2,0,0,0,-1,4,4,4,4,4,1,0
127,164,ZD,3,2,3,0,0,0,-1,4,4,2,2,2,1,0
127,165,ZD,3,2,3,0,0,0,-1,4,4,3,3,3,1,0
127,166,ZD,3,2,3,0,0,0,-1,4,4,3,3,3,1,0
127,167,ZD,3,2,3,0,0,0,-1,4,4,2,2,2,1,0
127,168,ZD,3,2,3,0,0,0,-1,4,4,3,3,3,1,0
127,169,ZD,3,2,3,0,0,0,-1,4,4,3,3,3,1,0
127,170,ZD,2,2,3,1,0,0,-1,4,4,3,3,3,0,0
127,171,ZD,2,2,3,1,0,0,-1,4,4,3,3,3,0,0
127,172,ZD,2,2,3,1,0,0,-1,4,4,3,3,3,0,0
127,173,ZD,2,2,3,1,0,0,-1,4,4,3,3,3,0,0
127,174,ZD,3,2,3,0,0,0,-1,4,4,3,3,3,1,0
127,175,ZD,3,2,3,0,0,0,-1,4,4,3,3,3,1,0
127,176,ZD,2,2,2,1,0,0,-1,4,4,3,3,3,0,0
127,177,ZD,2,2,2,1,0,0,-1,4,4,2,2,2,0,0
127,178,ZD,2,2,2,1,0,0,-1,4,4,2,2,2,0,0
127,179,ZD,2,2,2,1,0,0,-1,4,4,3,3,3,0,0
127,180,ZD,3,2,3,0,0,0,-1,3,3,3,3,3,1,0
127,181,ZD,3,2,3,0,0,0,-1,3,3,3,3,3,1,0
127,182,ZD,3,2,3,0,0,0,-1,3,3,3,3,3,1,0
127,183,ZD,3,2,3,0,0,0,-1,3,3,3,3,3,1,0
127,184,ZD,3,2,3,0,0,0,-1,3,3,3,3,3,1,0
127,185,ZD,2,2,3,1,0,0,-1,3,3,3,3,3,0,0
127,186,ZD,3,2,3,0,0,0,-1,3,3,2,2,2,1,0
127,187,ZD,2,2,3,1,0,0,-1,3,3,3,3,3,0,0
127,188,ZD,2,2,3,1,0,0,-1,3,3,3,3,3,0,0
127,189,ZD,3,2,3,0,0,0,-1,3,3,2,2,2,1,0
127,190,ZD,2,2,3,1,0,0,-1,3,3,3,3,3,0,0
127,191,ZD,3,2,3,0,0,0,-1,3,3,3,3,3,1,0
127,192,ZD,2,2,2,0,0,0,0,2,2,2,2,2,1,0
127,193,ZD,2,2,2,1,0,0,-1,2,2,2,2,2,0,0
127,194,ZD,2,2,2,1,0,0,-1,2,2,2,2,2,0,0
127,195,ZD,2,2,2,0,0,0,0,2,2,2,2,2,1,0
127,196,ZD,2,2,3,1,0,0,-1,3,3,1,1,1,0,0
127,197,ZD,2,2,3,1,0,0,-1,3,3,2,2,2,0,0
127,198,ZD,2,2,3,1,0,0,-1,3,3,2,2,2,0,0
127,199,ZD,2,2,3,1,0,0,-1,3,3,1,1,1,0,0
128,129,POS,1,1,1,0,0,0,0,2,2,-1,-1,-1,0,1
128,130,POS,1,1,1,0,0,0,0,2,2,-1,-1,-1,0,1
128,131,POS,1,1,1,0,0,-1,-1,-1,-1,-1,-1,-1,0,1
128,132,ZD,2,2,2,0,0,0,0,2,2,2,1,2,1,0
128,133,ZD,2,2,2,0,0,0,0,2,2,2,1,2,1,0
128,134,ZD,3,2,3,0,0,0,-1,3,3,3,2,3,1,0
128,135,ZD,3,2,3,0,0,0,-1,3,3,3,2,3,1,0
128,136,ZD,3,2,3,0,0,0,-1,3,3,3,2,3,1,0
128,137,ZD,3,2,3,0,0,0,-1,3,3,3,2,3,1,0
128,138,ZD,2,2,2,0,0,0,0,2,2,2,1,2,1,0
128,139,ZD,2,2,2,0,0,0,0,2,2,2,1,2,1,0
128,140,ZD,3,2,3,0,0,0,-1,3,3,3,2,3,1,0
128,141,ZD,3,2,3,0,0,0,-1,3,3,3,2,3,1,0
128,142,ZD,3,2,3,0,0,0,-1,3,3,3,2,3,1,0
128,143,ZD,3,2,3,0,0,0,-1,3,3,3,2,3,1,0
128,144,ZD,2,3,3,1,0,0,-1,3,3,3,3,3,0,0
128,145,ZD,2,3,3,1,0,0,-1,3,3,3,3,3,0,0
128,146,ZD,2,3,3,1,0,0,-1,3,3,3,3,3,0,0
128,147,ZD,2,3,3,1,0,0,-1,3,3,3,3,3,0,0
128,148,ZD,2,3,3,1,0,0,-1,3,3,3,3,3,0,0
128,149,ZD,2,3,3,1,0,0,-1,3,3,3,3,3,0,0
128,150,ZD,2,3,3,1,0,0,-1,3,3,3,3,3,0,0
128,151,ZD,2,3,3,1,0,0,-1,3,3,3,3,3,0,0
128,152,ZD,2,3,3,1,0,0,-1,3,3,3,3,3,0,0
128,153,ZD,2,3,3,1,0,0,-1,3,3,3,3,3,0,0
128,154,ZD,2,3,3,1,0,0,-1,3,3,3,3,3,0,0
128,155,ZD,2,3,3,1,0,0,-1,3,3,3,3,3,0,0
128,156,ZD,3,3,3,0,0,0,-1,4,4,2,2,2,1,0
128,157,ZD,3,3,3,0,0,0,-1,4,4,4,4,4,1,0
128,158,ZD,3,3,3,0,0,0,-1,4,4,4,4,4,1,0
128,159,ZD,3,3,3,0,0,0,-1,4,4,2,2,2,1,0
128,160,ZD,3,3,3,0,0,0,-1,4,4,2,2,2,1,0
128,161,ZD,3,3,3,0,0,0,-1,4,4,4,4,4,1,0
128,162,ZD,3,3,3,0,0,0,-1,4,4,4,4,4,1,0
128,163,ZD,3,3,3,0,0,0,-1,4,4,2,2,2,1,0
128,164,POS,2,2,2,0,0,0,0,3,3,-1,-1,-1,0,1
128,165,POS,2,2,2,0,0,0,0,3,3,-1,-1,-1,0,1
128,166,POS,2,2,2,0,0,0,0,3,3,-1,-1,-1,0,1
128,167,POS,2,2,2,0,0,0,0,3,3,-1,-1,-1,0,1
128,168,ZD,3,3,3,0,0,0,-1,4,4,4,3,4,1,0
128,169,ZD,3,3,3,0,0,0,-1,4,4,4,3,4,1,0
128,170,ZD,3,3,3,0,0,0,-1,4,4,4,3,4,1,0
128,171,ZD,3,3,3,0,0,0,-1,4,4,4,3,4,1,0
128,172,ZD,3,3,3,0,0,0,-1,4,4,4,3,4,1,0
128,173,ZD,3,3,3,0,0,0,-1,4,4,4,3,4,1,0
128,174,ZD,3,3,3,0,0,0,-1,4,4,4,3,4,1,0
128,175,ZD,3,3,3,0,0,0,-1,4,4,4,3,4,1,0
128,176,ZD,3,3,3,0,0,0,-1,4,4,4,3,4,1,0
128,177,ZD,3,3,3,0,0,0,-1,4,4,4,3,4,1,0
128,178,ZD,3,3,3,0,0,0,-1,4,4,4,3,4,1,0
128,179,ZD,3,3,3,0,0,0,-1,4,4,4,3,4,1,0
128,180,ZD,2,2,2,1,0,0,-1,2,2,2,2,2,0,0
128,181,ZD,2,2,2,1,0,0,-1,2,2,2,2,2,0,0
128,182,ZD,2,2,2,1,0,0,-1,2,2,2,2,2,0,0
128,183,ZD,2,2,2,1,0,0,-1,2,2,2,2,2,0,0
128,184,ZD,3,2,3,0,0,0,-1,3,3,2,2,2,1,0
128,185,ZD,3,2,3,0,0,0,-1,3,3,3,3,3,1,0
128,186,ZD,3,2,3,0,0,0,-1,3,3,2,2,2,1,0
128,187,ZD,3,2,3,0,0,0,-1,3,3,3,3,3,1,0
128,188,ZD,3,2,3,0,0,0,-1,3,3,3,3,3,1,0
128,189,ZD,3,2,3,0,0,0,-1,3,3,2,2,2,1,0
128,190,ZD,3,2,3,0,0,0,-1,3,3,3,3,3,1,0
128,191,ZD,3,2,3,0,0,0,-1,3,3,2,2,2,1,0
128,192,POS,2,2,2,0,0,-1,-1,-1,-1,-1,-1,-1,0,1
128,193,ZD,2,2,2,0,0,0,0,2,2,2,2,2,1,0
128,194,ZD,2,2,2,0,0,0,0,2,2,2,2,2,1,0
128,195,POS,2,2,2,0,0,-1,-1,-1,-1,-1,-1,-1,0,1
128,196,ZD,3,2,3,0,0,0,-1,3,3,3,2,3,1,0
128,197,ZD,3,2,3,0,0,0,-1,3,3,3,2,3,1,0
128,198,ZD,3,2,3,0,0,0,-1,3,3,3,2,3,1,0
128,199,ZD,3,2,3,0,0,0,-1,3,3,3,2,3,1,0
129,130,POS,1,1,1,0,0,-1,-1,-1,-1,-1,-1,-1,0,1
129,131,POS,1,1,1,0,0,0,0,2,2,-1,-1,-1,0,1
129,132,ZD,3,2,3,0,0,0,-1,3,3,3,2,3,1,0
129,133,ZD,3,2,3,0,0,0,-1,3,3,3,2,3,1,0
129,134,ZD,2,2,2,0,0,0,0,2,2,2,1,2,1,0
129,135,ZD,2,2,2,0,0,0,0,2,2,2,1,2,1,0
129,136,ZD,2,2,2,0,0,0,0,2,2,2,1,2,1,0
129,137,ZD,2,2,2,0,0,0,0,2,2,2,1,2,1,0
129,138,ZD,3,2,3,0,0,0,-1,3,3,3,2,3,1,0
129,139,ZD,3,2,3,0,0,0,-1,3,3,3,2,3,1,0
129,140,ZD,3,2,3,0,0,0,-1,3,3,3,2,3,1,0
129,141,ZD,3,2,3,0,0,0,-1,3,3,3,2,3,1,0
129,142,ZD,3,2,3,0,0,0,-1,3,3,3,2,3,1,0
129,143,ZD,3,2,3,0,0,0,-1,3,3,3,2,3,1,0
129,144,ZD,2,3,3,1,0,0,-1,3,3,3,3,3,0,0
129,145,ZD,2,3,3,1,0,0,-1,3,3,3,3,3,0,0
129,146,ZD,2,3,3,1,0,0,-1,3,3,3,3,3,0,0
129,147,ZD,2,3,3,1,0,0,-1,3,3,3,3,3,0,0
129,148,ZD,2,3,3,1,0,0,-1,3,3,3,3,3,0,0
129,149,ZD,2,3,3,1,0,0,-1,3,3,3,3,3,0,0
129,150,ZD,2,3,3,1,0,0,-1,3,3,3,3,3,0,0
129,151,ZD,2,3,3,1,0,0,-1,3,3,3,3,3,0,0
129,152,ZD,2,3,3,1,0,0,-1,3,3,3,3,3,0,0
129,153,ZD,2,3,3,1,0,0,-1,3,3,3,3,3,0,0
129,154,ZD,2,3,3,1,0,0,-1,3,3,3,3,3,0,0
129,155,ZD,2,3,3,1,0,0,-1,3,3,3,3,3,0,0
129,156,ZD,3,3,3,0,0,0,-1,4,4,4,4,4,1,0
129,157,ZD,3,3,3,0,0,0,-1,4,4,2,2,2,1,0
129,158,ZD,3,3,3,0,0,0,-1,4,4,2,2,2,1,0
129,159,ZD,3,3,3,0,0,0,-1,4,4,4,4,4,1,0
129,160,ZD,3,3,3,0,0,0,-1,4,4,4,4,4,1,0
129,161,ZD,3,3,3,0,0,0,-1,4,4,2,2,2,1,0
129,162,ZD,3,3,3,0,0,0,-1,4,4,2,2,2,1,0
129,163,ZD,3,3,3,0,0,0,-1,4,4,4,4,4,1,0
129,164,POS,2,2,2,0,0,0,0,3,3,-1,-1,-1,0,1
129,165,POS,2,2,2,0,0,0,0,3,3,-1,-1,-1,0,1
129,166,POS,2,2,2,0,0,0,0,3,3,-1,-1,-1,0,1
129,167,POS,2,2,2,0,0,0,0,3,3,-1,-1,-1,0,1
129,168,ZD,3,3,3,0,0,0,-1,4,4,4,3,4,1,0
129,169,ZD,3,3,3,0,0,0,-1,4,4,4,3,4,1,0
129,170,ZD,3,3,3,0,0,0,-1,4,4,4,3,4,1,0
129,171,ZD,3,3,3,0,0,0,-1,4,4,4,3,4,1,0
129,172,ZD,3,3,3,0,0,0,-1,4,4,4,3,4,1,0
129,173,ZD,3,3,3,0,0,0,-1,4,4,4,3,4,1,0
129,174,ZD,3,3,3,0,0,0,-1,4,4,4,3,4,1,0
129,175,ZD,3,3,3,0,0,0,-1,4,4,4,3,4,1,0
129,176,ZD,3,3,3,0,0,0,-1,4,4,4,3,4,1,0
129,177,ZD,3,3,3,0,0,0,-1,4,4,4,3,4,1,0
129,178,ZD,3,3,3,0,0,0,-1,4,4,4,3,4,1,0
129,179,ZD,3,3,3,0,0,0,-1,4,4,4,3,4,1,0
129,180,ZD,2,2,2,1,0,0,-1,2,2,2,2,2,0,0
129,181,ZD,2,2,2,1,0,0,-1,2,2,2,2,2,0,0
129,182,ZD,2,2,2,1,0,0,-1,2,2,2,2,2,0,0
129,183,ZD,2,2,2,1,0,0,-1,2,2,2,2,2,0,0
129,184,ZD,3,2,3,0,0,0,-1,3,3,3,3,3,1,0
129,185,ZD,3,2,3,0,0,0,-1,3,3,2,2,2,1,0
129,186,ZD,3,2,3,0,0,0,-1,3,3,3,3,3,1,0
129,187,ZD,3,2,3,0,0,0,-1,3,3,2,2,2,1,0
129,188,ZD,3,2,3,0,0,0,-1,3,3,2,2,2,1,0
129,189,ZD,3,2,3,0,0,0,-1,3,3,3,3,3,1,0
129,190,ZD,3,2,3,0,0,0,-1,3,3,2,2,2,1,0
129,191,ZD,3,2,3,0,0,0,-1,3,3,3,3,3,1,0
129,192,ZD,2,2,2,0,0,0,0,2,2,2,2,2,1,0
129,193,POS,2,2,2,0,0,-1,-1,-1,-1,-1,-1,-1,0,1
129,194,POS,2,2,2,0,0,-1,-1,-1,-1,-1,-1,-1,0,1
129,195,ZD,2,2,2,0,0,0,0,2,2,2,2,2,1,0
129,196,ZD,3,2,3,0,0,0,-1,3,3,3,2,3,1,0
129,197,ZD,3,2,3,0,0,0,-1,3,3,3,2,3,1,0
129,198,ZD,3,2,3,0,0,0,-1,3,3,3,2,3,1,0
129,199,ZD,3,2,3,0,0,0,-1,3,3,3,2,3,1,0
130,131,POS,1,1,1,0,0,0,0,2,2,-1,-1,-1,0,1
130,132,ZD,3,2,3,0,0,0,-1,3,3,3,2,3,1,0
130,133,ZD,3,2,3,0,0,0,-1,3,3,3,2,3,1,0
130,134,ZD,2,2,2,0,0,0,0,2,2,2,1,2,1,0
130,135,ZD,2,2,2,0,0,0,0,2,2,2,1,2,1,0
130,136,ZD,2,2,2,0,0,0,0,2,2,2,1,2,1,0
130,137,ZD,2,2,2,0,0,0,0,2,2,2,1,2,1,0
130,138,ZD,3,2,3,0,0,0,-1,3,3,3,2,3,1,0
130,139,ZD,3,2,3,0,0,0,-1,3,3,3,2,3,1,0
130,140,ZD,3,2,3,0,0,0,-1,3,3,3,2,3,1,0
130,141,ZD,3,2,3,0,0,0,-1,3,3,3,2,3,1,0
130,142,ZD,3,2,3,0,0,0,-1,3,3,3,2,3,1,0
130,143,ZD,3,2,3,0,0,0,-1,3,3,3,2,3,1,0
130,144,ZD,2,3,3,1,0,0,-1,3,3,3,3,3,0,0
130,145,ZD,2,3,3,1,0,0,-1,3,3,3,3,3,0,0
130,146,ZD,2,3,3,1,0,0,-1,3,3,3,3,3,0,0
130,147,ZD,2,3,3,1,0,0,-1,3,3,3,3,3,0,0
130,148,ZD,2,3,3,1,0,0,-1,3,3,3,3,3,0,0
130,149,ZD,2,3,3,1,0,0,-1,3,3,3,3,3,0,0
130,150,ZD,2,3,3,1,0,0,-1,3,3,3,3,3,0,0
130,151,ZD,2,3,3,1,0,0,-1,3,3,3,3,3,0,0
130,152,ZD,2,3,3,1,0,0,-1,3,3,3,3,3,0,0
130,153,ZD,2,3,3,1,0,0,-1,3,3,3,3,3,0,0
130,154,ZD,2,3,3,1,0,0,-1,3,3,3,3,3,0,0
130,155,ZD,2,3,3,1,0,0,-1,3,3,3,3,3,0,0
130,156,ZD,3,3,3,0,0,0,-1,4,4,4,4,4,1,0
130,157,ZD,3,3,3,0,0,0,-1,4,4,2,2,2,1,0
130,158,ZD,3,3,3,0,0,0,-1,4,4,2,2,2,1,0
130,159,ZD,3,3,3,0,0,0,-1,4,4,4,4,4,1,0
130,160,ZD,3,3,3,0,0,0,-1,4,4,4,4,4,1,0
130,161,ZD,3,3,3,0,0,0,-1,4,4,2,2,2,1,0
130,162,ZD,3,3,3,0,0,0,-1,4,4,2,2,2,1,0
130,163,ZD,3,3,3,0,0,0,-1,4,4,4,4,4,1,0
130,164,POS,2,2,2,0,0,0,0,3,3,-1,-1,-1,0,1
130,165,POS,2,2,2,0,0,0,0,3,3,-1,-1,-1,0,1
130,166,POS,2,2,2,0,0,0,0,3,3,-1,-1,-1,0,1
130,167,POS,2,2,2,0,0,0,0,3,3,-1,-1,-1,0,1
130,168,ZD,3,3,3,0,0,0,-1,4,4,4,3,4,1,0
130,169,ZD,3,3,3,0,0,0,-1,4,4,4,3,4,1,0
130,170,ZD,3,3,3,0,0,0,-1,4,4,4,3,4,1,0
130,171,ZD,3,3,3,0,0,0,-1,4,4,4,3,4,1,0
130,172,ZD,3,3,3,0,0,0,-1,4,4,4,3,4,1,0
130,173,ZD,3,3,3,0,0,0,-1,4,4,4,3,4,1,0
130,174,ZD,3,3,3,0,0,0,-1,4,4,4,3,4,1,0
130,175,ZD,3,3,3,0,0,0,-1,4,4,4,3,4,1,0
130,176,ZD,3,3,3,0,0,0,-1,4,4,4,3,4,1,0
130,177,ZD,3,3,3,0,0,0,-1,4,4,4,3,4,1,0
130,178,ZD,3,3,3,0,0,0,-1,4,4,4,3,4,1,0
130,179,ZD,3,3,3,0,0,0,-1,4,4,4,3,4,1,0
130,180,ZD,2,2,2,1,0,0,-1,2,2,2,2,2,0,0
130,181,ZD,2,2,2,1,0,0,-1,2,2,2,2,2,0,0
130,182,ZD,2,2,2,1,0,0,-1,2,2,2,2,2,0,0
130,183,ZD,2,2,2,1,0,0,-1,2,2,2,2,2,0,0
130,184,ZD,3,2,3,0,0,0,-1,3,3,3,3,3,1,0
130,185,ZD,3,2,3,0,0,0,-1,3,3,2,2,2,1,0
130,186,ZD,3,2,3,0,0,0,-1,3,3,3,3,3,1,0
130,187,ZD,3,2,3,0,0,0,-1,3,3,2,2,2,1,0
130,188,ZD,3,2,3,0,0,0,-1,3,3,2,2,2,1,0
130,189,ZD,3,2,3,0,0,0,-1,3,3,3,3,3,1,0
130,190,ZD,3,2,3,0,0,0,-1,3,3,2,2,2,1,0
130,191,ZD,3,2,3,0,0,0,-1,3,3,3,3,3,1,0
130,192,ZD,2,2,2,0,0,0,0,2,2,2,2,2,1,0
130,193,POS,2,2,2,0,0,-1,-1,-1,-1,-1,-1,-1,0,1
130,194,POS,2,2,2,0,0,-1,-1,-1,-1,-1,-1,-1,0,1
130,195,ZD,2,2,2,0,0,0,0,2,2,2,2,2,1,0
130,196,ZD,3,2,3,0,0,0,-1,3,3,3,2,3,1,0
130,197,ZD,3,2,3,0,0,0,-1,3,3,3,2,3,1,0
130,198,ZD,3,2,3,0,0,0,-1,3,3,3,2,3,1,0
130,199,ZD,3,2,3,0,0,0,-1,3,3,3,2,3,1,0
131,132,ZD,2,2,2,0,0,0,0,2,2,2,1,2,1,0
131,133,ZD,2,2,2,0,0,0,0,2,2,2,1,2,1,0
131,134,ZD,3,2,3,0,0,0,-1,3,3,3,2,3,1,0
131,135,ZD,3,2,3,0,0,0,-1,3,3,3,2,3,1,0
131,136,ZD,3,2,3,0,0,0,-1,3,3,3,2,3,1,0
131,137,ZD,3,2,3,0,0,0,-1,3,3,3,2,3,1,0
131,138,ZD,2,2,2,0,0,0,0,2,2,2,1,2,1,0
131,139,ZD,2,2,2,0,0,0,0,2,2,2,1,2,1,0
131,140,ZD,3,2,3,0,0,0,-1,3,3,3,2,3,1,0
131,141,ZD,3,2,3,0,0,0,-1,3,3,3,2,3,1,0
131,142,ZD,3,2,3,0,0,0,-1,3,3,3,2,3,1,0
131,143,ZD,3,2,3,0,0,0,-1,3,3,3,2,3,1,0
131,144,ZD,2,3,3,1,0,0,-1,3,3,3,3,3,0,0
131,145,ZD,2,3,3,1,0,0,-1,3,3,3,3,3,0,0
131,146,ZD,2,3,3,1,0,0,-1,3,3,3,3,3,0,0
131,147,ZD,2,3,3,1,0,0,-1,3,3,3,3,3,0,0
131,148,ZD,2,3,3,1,0,0,-1,3,3,3,3,3,0,0
131,149,ZD,2,3,3,1,0,0,-1,3,3,3,3,3,0,0
131,150,ZD,2,3,3,1,0,0,-1,3,3,3,3,3,0,0
131,151,ZD,2,3,3,1,0,0,-1,3,3,3,3,3,0,0
131,152,ZD,2,3,3,1,0,0,-1,3,3,3,3,3,0,0
131,153,ZD,2,3,3,1,0,0,-1,3,3,3,3,3,0,0
131,154,ZD,2,3,3,1,0,0,-1,3,3,3,3,3,0,0
131,155,ZD,2,3,3,1,0,0,-1,3,3,3,3,3,0,0
131,156,ZD,3,3,3,0,0,0,-1,4,4,2,2,2,1,0
131,157,ZD,3,3,3,0,0,0,-1,4,4,4,4,4,1,0
131,158,ZD,3,3,3,0,0,0,-1,4,4,4,4,4,1,0
131,159,ZD,3,3,3,0,0,0,-1,4,4,2,2,2,1,0
131,160,ZD,3,3,3,0,0,0,-1,4,4,2,2,2,1,0
131,161,ZD,3,3,3,0,0,0,-1,4,4,4,4,4,1,0
131,162,ZD,3,3,3,0,0,0,-1,4,4,4,4,4,1,0
131,163,ZD,3,3,3,0,0,0,-1,4,4,2,2,2,1,0
131,164,POS,2,2,2,0,0,0,0,3,3,-1,-1,-1,0,1
131,165,POS,2,2,2,0,0,0,0,3,3,-1,-1,-1,0,1
131,166,POS,2,2,2,0,0,0,0,3,3,-1,-1,-1,0,1
131,167,POS,2,2,2,0,0,0,0,3,3,-1,-1,-1,0,1
131,168,ZD,3,3,3,0,0,0,-1,4,4,4,3,4,1,0
131,169,ZD,3,3,3,0,0,0,-1,4,4,4,3,4,1,0
131,170,ZD,3,3,3,0,0,0,-1,4,4,4,3,4,1,0
131,171,ZD,3,3,3,0,0,0,-1,4,4,4,3,4,1,0
131,172,ZD,3,3,3,0,0,0,-1,4,4,4,3,4,1,0
131,173,ZD,3,3,3,0,0,0,-1,4,4,4,3,4,1,0
131,174,ZD,3,3,3,0,0,0,-1,4,4,4,3,4,1,0
131,175,ZD,3,3,3,0,0,0,-1,4,4,4,3,4,1,0
131,176,ZD,3,3,3,0,0,0,-1,4,4,4,3,4,1,0
131,177,ZD,3,3,3,0,0,0,-1,4,4,4,3,4,1,0
131,178,ZD,3,3,3,0,0,0,-1,4,4,4,3,4,1,0
131,179,ZD,3,3,3,0,0,0,-1,4,4,4,3,4,1,0
131,180,ZD,2,2,2,1,0,0,-1,2,2,2,2,2,0,0
131,181,ZD,2,2,2,1,0,0,-1,2,2,2,2,2,0,0
131,182,ZD,2,2,2,1,0,0,-1,2,2,2,2,2,0,0
131,183,ZD,2,2,2,1,0,0,-1,2,2,2,2,2,0,0
131,184,ZD,3,2,3,0,0,0,-1,3,3,2,2,2,1,0
131,185,ZD,3,2,3,0,0,0,-1,3,3,3,3,3,1,0
131,186,ZD,3,2,3,0,0,0,-1,3,3,2,2,2,1,0
131,187,ZD,3,2,3,0,0,0,-1,3,3,3,3,3,1,0
131,188,ZD,3,2,3,0,0,0,-1,3,3,3,3,3,1,0
131,189,ZD,3,2,3,0,0,0,-1,3,3,2,2,2,1,0
131,190,ZD,3,2,3,0,0,0,-1,3,3,3,3,3,1,0
131,191,ZD,3,2,3,0,0,0,-1,3,3,2,2,2,1,0
131,192,POS,2,2,2,0,0,-1,-1,-1,-1,-1,-1,-1,0,1
131,193,ZD,2,2,2,0,0,0,0,2,2,2,2,2,1,0
131,194,ZD,2,2,2,0,0,0,0,2,2,2,2,2,1,0
131,195,POS,2,2,2,0,0,-1,-1,-1,-1,-1,-1,-1,0,1
131,196,ZD,3,2,3,0,0,0,-1,3,3,3,2,3,1,0
131,197,ZD,3,2,3,0,0,0,-1,3,3,3,2,3,1,0
131,198,ZD,3,2,3,0,0,0,-1,3,3,3,2,3,1,0
131,199,ZD,3,2,3,0,0,0,-1,3,3,3,2,3,1,0
132,133,ZD,2,2,2,0,0,0,0,2,2,2,1,2,1,0
132,134,ZD,3,2,3,0,0,0,-1,3,3,2,1,2,1,0
132,135,ZD,2,2,2,0,0,0,0,2,2,2,1,2,1,0
132,136,ZD,2,2,2,0,0,0,0,2,2,2,1,2,1,0
132,137,ZD,3,2,3,0,0,0,-1,3,3,2,1,2,1,0
132,138,ZD,2,2,2,0,0,0,0,2,2,2,1,2,1,0
132,139,POS,1,1,1,0,0,-1,-1,-1,-1,-1,-1,-1,0,1
132,140,ZD,3,2,3,0,0,0,-1,3,3,2,1,2,1,0
132,141,ZD,3,2,3,0,0,0,-1,3,3,3,2,3,1,0
132,142,ZD,3,2,3,0,0,0,-1,3,3,3,2,3,1,0
132,143,ZD,3,2,3,0,0,0,-1,3,3,2,1,2,1,0
132,144,ZD,2,2,2,1,0,0,-1,4,4,4,4,4,0,0
132,145,ZD,2,2,2,1,0,0,-1,4,4,4,4,4,0,0
132,146,ZD,2,2,2,1,0,0,-1,4,4,4,4,4,0,0
132,147,ZD,2,2,2,1,0,0,-1,4,4,4,4,4,0,0
132,148,ZD,2,2,2,1,0,0,-1,2,2,2,2,2,0,0
132,149,ZD,2,2,3,1,0,0,-1,4,4,4,4,4,0,0
132,150,ZD,2,2,3,1,0,0,-1,3,3,3,3,3,0,0
132,151,ZD,2,2,3,1,0,0,-1,4,4,4,4,4,0,0
132,152,ZD,2,2,3,1,0,0,-1,4,4,4,4,4,0,0
132,153,ZD,2,2,3,1,0,0,-1,3,3,3,3,3,0,0
132,154,ZD,2,2,3,1,0,0,-1,4,4,4,4,4,0,0
132,155,ZD,2,2,2,1,0,0,-1,2,2,2,2,2,0,0
132,156,ZD,3,2,3,0,0,0,-1,4,4,4,4,4,1,0
132,157,ZD,3,2,3,0,0,0,-1,3,3,3,3,3,1,0
132,158,ZD,2,2,3,1,0,0,-1,4,4,4,4,4,0,0
132,159,ZD,2,2,3,1,0,0,-1,3,3,3,3,3,0,0
132,160,ZD,2,2,3,1,0,0,-1,3,3,3,3,3,0,0
132,161,ZD,2,2,3,1,0,0,-1,4,4,4,4,4,0,0
132,162,ZD,3,2,3,0,0,0,-1,3,3,3,3,3,1,0
132,163,ZD,3,2,3,0,0,0,-1,4,4,4,4,4,1,0
132,164,ZD,3,2,3,0,0,0,-1,3,3,2,1,2,1,0
132,165,ZD,3,2,3,0,0,0,-1,4,4,3,2,3,1,0
132,166,ZD,3,2,3,0,0,0,-1,4,4,3,2,3,1,0
132,167,ZD,3,2,3,0,0,0,-1,3,3,2,1,2,1,0
132,168,ZD,2,2,2,0,0,0,-1,4,4,4,3,4,1,0
132,169,ZD,3,2,3,0,0,0,-1,4,4,4,3,4,1,0
132,170,ZD,3,2,3,0,0,0,-1,4,4,4,3,4,1,0
132,171,ZD,2,2,2,0,0,0,-1,4,4,4,3,4,1,0
132,172,ZD,2,2,2,0,0,0,-1,4,4,4,3,4,1,0
132,173,ZD,3,2,3,0,0,0,-1,4,4,4,3,4,1,0
132,174,ZD,3,2,3,0,0,0,-1,4,4,4,3,4,1,0
132,175,ZD,2,2,2,0,0,0,-1,4,4,4,3,4,1,0
132,176,ZD,3,2,3,0,0,0,-1,4,4,4,3,4,1,0
132,177,ZD,3,2,3,0,0,0,-1,3,3,3,2,3,1,0
132,178,ZD,3,2,3,0,0,0,-1,3,3,3,2,3,1,0
132,179,ZD,3,2,3,0,0,0,-1,4,4,4,3,4,1,0
132,180,ZD,3,2,3,0,0,0,-1,3,3,3,3,3,1,0
132,181,ZD,3,2,3,0,0,0,-1,3,3,3,3,3,1,0
132,182,ZD,3,2,3,0,0,0,-1,3,3,3,3,3,1,0
132,183,ZD,3,2,3,0,0,0,-1,3,3,3,3,3,1,0
132,184,ZD,2,2,2,1,0,0,-1,2,2,2,2,2,0,0
132,185,ZD,2,2,3,1,0,0,-1,3,3,3,3,3,0,0
132,186,ZD,2,2,3,1,0,0,-1,3,3,3,3,3,0,0
132,187,ZD,2,2,2,1,0,0,0,1,1,1,1,1,0,0
132,188,ZD,2,2,2,1,0,0,0,1,1,1,1,1,0,0
132,189,ZD,2,2,3,1,0,0,-1,3,3,3,3,3,0,0
132,190,ZD,2,2,3,1,0,0,-1,3,3,3,3,3,0,0
132,191,ZD,2,2,2,1,0,0,-1,2,2,2,2,2,0,0
132,192,ZD,2,2,2,1,0,0,0,1,1,1,1,1,0,0
132,193,ZD,2,2,2,1,0,0,-1,2,2,2,2,2,0,0
132,194,ZD,2,2,2,1,0,0,-1,2,2,2,2,2,0,0
132,195,ZD,2,2,2,1,0,0,0,1,1,1,1,1,0,0
132,196,ZD,2,2,2,0,0,0,0,2,2,2,1,2,1,0
132,197,ZD,3,2,3,0,0,0,-1,3,3,3,2,3,1,0
132,198,ZD,3,2,3,0,0,0,-1,3,3,3,2,3,1,0
132,199,ZD,2,2,2,0,0,0,0,2,2,2,1,2,1,0
133,134,ZD,2,2,2,0,0,0,0,2,2,2,1,2,1,0
133,135,ZD,3,2,3,0,0,0,-1,3,3,2,1,2,1,0
133,136,ZD,3,2,3,0,0,0,-1,3,3,2,1,2,1,0
133,137,ZD,2,2,2,0,0,0,0,2,2,2,1,2,1,0
133,138,POS,1,1,1,0,0,-1,-1,-1,-1,-1,-1,-1,0,1
133,139,ZD,2,2,2,0,0,0,0,2,2,2,1,2,1,0
133,140,ZD,3,2,3,0,0,0,-1,3,3,3,2,3,1,0
133,141,ZD,3,2,3,0,0,0,-1,3,3,2,1,2,1,0
133,142,ZD,3,2,3,0,0,0,-1,3,3,2,1,2,1,0
133,143,ZD,3,2,3,0,0,0,-1,3,3,3,2,3,1,0
133,144,ZD,2,2,2,1,0,0,-1,4,4,4,4,4,0,0
133,145,ZD,2,2,2,1,0,0,-1,4,4,4,4,4,0,0
133,146,ZD,2,2,2,1,0,0,-1,4,4,4,4,4,0,0
133,147,ZD,2,2,2,1,0,0,-1,4,4,4,4,4,0,0
133,148,ZD,2,2,3,1,0,0,-1,4,4,4,4,4,0,0
133,149,ZD,2,2,2,1,0,0,-1,2,2,2,2,2,0,0
133,150,ZD,2,2,3,1,0,0,-1,4,4,4,4,4,0,0
133,151,ZD,2,2,3,1,0,0,-1,3,3,3,3,3,0,0
133,152,ZD,2,2,3,1,0,0,-1,3,3,3,3,3,0,0
133,153,ZD,2,2,3,1,0,0,-1,4,4,4,4,4,0,0
133,154,ZD,2,2,2,1,0,0,-1,2,2,2,2,2,0,0
133,155,ZD,2,2,3,1,0,0,-1,4,4,4,4,4,0,0
133,156,ZD,3,2,3,0,0,0,-1,4,4,4,4,4,1,0
133,157,ZD,3,2,3,0,0,0,-1,3,3,3,3,3,1,0
133,158,ZD,2,2,3,1,0,0,-1,4,4,4,4,4,0,0
133,159,ZD,2,2,3,1,0,0,-1,3,3,3,3,3,0,0
133,160,ZD,2,2,3,1,0,0,-1,3,3,3,3,3,0,0
133,161,ZD,2,2,3,1,0,0,-1,4,4,4,4,4,0,0
133,162,ZD,3,2,3,0,0,0,-1,3,3,3,3,3,1,0
133,163,ZD,3,2,3,0,0,0,-1,4,4,4,4,4,1,0
133,164,ZD,3,2,3,0,0,0,-1,4,4,3,2,3,1,0
133,165,ZD,3,2,3,0,0,0,-1,3,3,2,1,2,1,0
133,166,ZD,3,2,3,0,0,0,-1,3,3,2,1,2,1,0
133,167,ZD,3,2,3,0,0,0,-1,4,4,3,2,3,1,0
133,168,ZD,3,2,3,0,0,0,-1,4,4,4,3,4,1,0
133,169,ZD,2,2,2,0,0,0,-1,4,4,4,3,4,1,0
133,170,ZD,2,2,2,0,0,0,-1,4,4,4,3,4,1,0
133,171,ZD,3,2,3,0,0,0,-1,4,4,4,3,4,1,0
133,172,ZD,3,2,3,0,0,0,-1,4,4,4,3,4,1,0
133,173,ZD,2,2,2,0,0,0,-1,4,4,4,3,4,1,0
133,174,ZD,2,2,2,0,0,0,-1,4,4,4,3,4,1,0
133,175,ZD,3,2,3,0,0,0,-1,4,4,4,3,4,1,0
133,176,ZD,3,2,3,0,0,0,-1,4,4,4,3,4,1,0
133,177,ZD,3,2,3,0,0,0,-1,3,3,3,2,3,1,0
133,178,ZD,3,2,3,0,0,0,-1,3,3,3,2,3,1,0
133,179,ZD,3,2,3,0,0,0,-1,4,4,4,3,4,1,0
133,180,ZD,3,2,3,0,0,0,-1,3,3,3,3,3,1,0
133,181,ZD,3,2,3,0,0,0,-1,3,3,3,3,3,1,0
133,182,ZD,3,2,3,0,0,0,-1,3,3,3,3,3,1,0
133,183,ZD,3,2,3,0,0,0,-1,3,3,3,3,3,1,0
133,184,ZD,2,2,3,1,0,0,-1,3,3,3,3,3,0,0
133,185,ZD,2,2,2,1,0,0,0,1,1,1,1,1,0,0
133,186,ZD,2,2,2,1,0,0,-1,2,2,2,2,2,0,0
133,187,ZD,2,2,3,1,0,0,-1,3,3,3,3,3,0,0
133,188,ZD,2,2,3,1,0,0,-1,3,3,3,3,3,0,0
133,189,ZD,2,2,2,1,0,0,-1,2,2,2,2,2,0,0
133,190,ZD,2,2,2,1,0,0,0,1,1,1,1,1,0,0
133,191,ZD,2,2,3,1,0,0,-1,3,3,3,3,3,0,0
133,192,ZD,2,2,2,1,0,0,0,1,1,1,1,1,0,0
133,193,ZD,2,2,2,1,0,0,-1,2,2,2,2,2,0,0
133,194,ZD,2,2,2,1,0,0,-1,2,2,2,2,2,0,0
133,195,ZD,2,2,2,1,0,0,0,1,1,1,1,1,0,0
133,196,ZD,3,2,3,0,0,0,-1,3,3,3,2,3,1,0
133,197,ZD,2,2,2,0,0,0,0,2,2,2,1,2,1,0
133,198,ZD,2,2,2,0,0,0,0,2,2,2,1,2,1,0
133,199,ZD,3,2,3,0,0,0,-1,3,3,3,2,3,1,0
134,135,ZD,2,2,2,0,0,0,0,2,2,2,1,2,1,0
134,136,ZD,2,2,2,0,0,0,0,2,2,2,1,2,1,0
134,137,POS,1,1,1,0,0,-1,-1,-1,-1,-1,-1,-1,0,1
134,138,ZD,2,2,2,0,0,0,0,2,2,2,1,2,1,0
134,139,ZD,3,2,3,0,0,0,-1,3,3,2,1,2,1,0
134,140,ZD,3,2,3,0,0,0,-1,3,3,2,1,2,1,0
134,141,ZD,3,2,3,0,0,0,-1,3,3,3,2,3,1,0
134,142,ZD,3,2,3,0,0,0,-1,3,3,3,2,3,1,0
134,143,ZD,3,2,3,0,0,0,-1,3,3,2,1,2,1,0
134,144,ZD,2,2,2,1,0,0,-1,4,4,4,4,4,0,0
134,145,ZD,2,2,2,1,0,0,-1,4,4,4,4,4,0,0
134,146,ZD,2,2,2,1,0,0,-1,4,4,4,4,4,0,0
134,147,ZD,2,2,2,1,0,0,-1,4,4,4,4,4,0,0
134,148,ZD,2,2,3,1,0,0,-1,4,4,4,4,4,0,0
134,149,ZD,2,2,3,1,0,0,-1,3,3,3,3,3,0,0
134,150,ZD,2,2,3,1,0,0,-1,4,4,4,4,4,0,0
134,151,ZD,2,2,2,1,0,0,-1,2,2,2,2,2,0,0
134,152,ZD,2,2,2,1,0,0,-1,2,2,2,2,2,0,0
134,153,ZD,2,2,3,1,0,0,-1,4,4,4,4,4,0,0
134,154,ZD,2,2,3,1,0,0,-1,3,3,3,3,3,0,0
134,155,ZD,2,2,3,1,0,0,-1,4,4,4,4,4,0,0
134,156,ZD,2,2,3,1,0,0,-1,4,4,4,4,4,0,0
134,157,ZD,2,2,3,1,0,0,-1,3,3,3,3,3,0,0
134,158,ZD,3,2,3,0,0,0,-1,4,4,4,4,4,1,0
134,159,ZD,3,2,3,0,0,0,-1,3,3,3,3,3,1,0
134,160,ZD,3,2,3,0,0,0,-1,3,3,3,3,3,1,0
134,161,ZD,3,2,3,0,0,0,-1,4,4,4,4,4,1,0
134,162,ZD,2,2,3,1,0,0,-1,3,3,3,3,3,0,0
134,163,ZD,2,2,3,1,0,0,-1,4,4,4,4,4,0,0
134,164,ZD,3,2,3,0,0,0,-1,4,4,3,2,3,1,0
134,165,ZD,3,2,3,0,0,0,-1,3,3,2,1,2,1,0
134,166,ZD,3,2,3,0,0,0,-1,3,3,2,1,2,1,0
134,167,ZD,3,2,3,0,0,0,-1,4,4,3,2,3,1,0
134,168,ZD,3,2,3,0,0,0,-1,4,4,4,3,4,1,0
134,169,ZD,2,2,2,0,0,0,-1,4,4,4,3,4,1,0
134,170,ZD,2,2,2,0,0,0,-1,4,4,4,3,4,1,0
134,171,ZD,3,2,3,0,0,0,-1,4,4,4,3,4,1,0
134,172,ZD,3,2,3,0,0,0,-1,4,4,4,3,4,1,0
134,173,ZD,2,2,2,0,0,0,-1,4,4,4,3,4,1,0
134,174,ZD,2,2,2,0,0,0,-1,4,4,4,3,4,1,0
134,175,ZD,3,2,3,0,0,0,-1,4,4,4,3,4,1,0
134,176,ZD,3,2,3,0,0,0,-1,4,4,4,3,4,1,0
134,177,ZD,3,2,3,0,0,0,-1,3,3,3,2,3,1,0
134,178,ZD,3,2,3,0,0,0,-1,3,3,3,2,3,1,0
134,179,ZD,3,2,3,0,0,0,-1,4,4,4,3,4,1,0
134,180,ZD,3,2,3,0,0,0,-1,3,3,3,3,3,1,0
134,181,ZD,3,2,3,0,0,0,-1,3,3,3,3,3,1,0
134,182,ZD,3,2,3,0,0,0,-1,3,3,3,3,3,1,0
134,183,ZD,3,2,3,0,0,0,-1,3,3,3,3,3,1,0
134,184,ZD,2,2,3,1,0,0,-1,3,3,3,3,3,0,0
134,185,ZD,2,2,2,1,0,0,-1,2,2,2,2,2,0,0
134,186,ZD,2,2,2,1,0,0,0,1,1,1,1,1,0,0
134,187,ZD,2,2,3,1,0,0,-1,3,3,3,3,3,0,0
134,188,ZD,2,2,3,1,0,0,-1,3,3,3,3,3,0,0
134,189,ZD,2,2,2,1,0,0,0,1,1,1,1,1,0,0
134,190,ZD,2,2,2,1,0,0,-1,2,2,2,2,2,0,0
134,191,ZD,2,2,3,1,0,0,-1,3,3,3,3,3,0,0
134,192,ZD,2,2,2,1,0,0,-1,2,2,2,2,2,0,0
134,193,ZD,2,2,2,1,0,0,0,1,1,1,1,1,0,0
134,194,ZD,2,2,2,1,0,0,0,1,1,1,1,1,0,0
134,195,ZD,2,2,2,1,0,0,-1,2,2,2,2,2,0,0
134,196,ZD,3,2,3,0,0,0,-1,3,3,3,2,3,1,0
134,197,ZD,2,2,2,0,0,0,0,2,2,2,1,2,1,0
134,198,ZD,2,2,2,0,0,0,0,2,2,2,1,2,1,0
134,199,ZD,3,2,3,0,0,0,-1,3,3,3,2,3,1,0
135,136,POS,1,1,1,0,0,-1,-1,-1,-1,-1,-1,-1,0,1
135,137,ZD,2,2,2,0,0,0,0,2,2,2,1,2,1,0
135,138,ZD,3,2,3,0,0,0,-1,3,3,2,1,2,1,0
135,139,ZD,2,2,2,0,0,0,0,2,2,2,1,2,1,0
135,140,ZD,3,2,3,0,0,0,-1,3,3,3,2,3,1,0
135,141,ZD,3,2,3,0,0,0,-1,3,3,2,1,2,1,0
135,142,ZD,3,2,3,0,0,0,-1,3,3,2,1,2,1,0
135,143,ZD,3,2,3,0,0,0,-1,3,3,3,2,3,1,0
135,144,ZD,2,2,2,1,0,0,-1,4,4,4,4,4,0,0
135,145,ZD,2,2,2,1,0,0,-1,4,4,4,4,4,0,0
135,146,ZD,2,2,2,1,0,0,-1,4,4,4,4,4,0,0
135,147,ZD,2,2,2,1,0,0,-1,4,4,4,4,4,0,0
135,148,ZD,2,2,3,1,0,0,-1,3,3,3,3,3,0,0
135,149,ZD,2,2,3,1,0,0,-1,4,4,4,4,4,0,0
135,150,ZD,2,2,2,1,0,0,-1,2,2,2,2,2,0,0
135,151,ZD,2,2,3,1,0,0,-1,4,4,4,4,4,0,0
135,152,ZD,2,2,3,1,0,0,-1,4,4,4,4,4,0,0
135,153,ZD,2,2,2,1,0,0,-1,2,2,2,2,2,0,0
135,154,ZD,2,2,3,1,0,0,-1,4,4,4,4,4,0,0
135,155,ZD,2,2,3,1,0,0,-1,3,3,3,3,3,0,0
135,156,ZD,2,2,3,1,0,0,-1,4,4,4,4,4,0,0
135,157,ZD,2,2,3,1,0,0,-1,3,3,3,3,3,0,0
135,158,ZD,3,2,3,0,0,0,-1,4,4,4,4,4,1,0
135,159,ZD,3,2,3,0,0,0,-1,3,3,3,3,3,1,0
135,160,ZD,3,2,3,0,0,0,-1,3,3,3,3,3,1,0
135,161,ZD,3,2,3,0,0,0,-1,4,4,4,4,4,1,0
135,162,ZD,2,2,3,1,0,0,-1,3,3,3,3,3,0,0
135,163,ZD,2,2,3,1,0,0,-1,4,4,4,4,4,0,0
135,164,ZD,3,2,3,0,0,0,-1,3,3,2,1,2,1,0
135,165,ZD,3,2,3,0,0,0,-1,4,4,3,2,3,1,0
135,166,ZD,3,2,3,0,0,0,-1,4,4,3,2,3,1,0
135,167,ZD,3,2,3,0,0,0,-1,3,3,2,1,2,1,0
135,168,ZD,2,2,2,0,0,0,-1,4,4,4,3,4,1,0
135,169,ZD,3,2,3,0,0,0,-1,4,4,4,3,4,1,0
135,170,ZD,3,2,3,0,0,0,-1,4,4,4,3,4,1,0
135,171,ZD,2,2,2,0,0,0,-1,4,4,4,3,4,1,0
135,172,ZD,2,2,2,0,0,0,-1,4,4,4,3,4,1,0
135,173,ZD,3,2,3,0,0,0,-1,4,4,4,3,4,1,0
135,174,ZD,3,2,3,0,0,0,-1,4,4,4,3,4,1,0
135,175,ZD,2,2,2,0,0,0,-1,4,4,4,3,4,1,0
135,176,ZD,3,2,3,0,0,0,-1,4,4,4,3,4,1,0
135,177,ZD,3,2,3,0,0,0,-1,3,3,3,2,3,1,0
135,178,ZD,3,2,3,0,0,0,-1,3,3,3,2,3,1,0
135,179,ZD,3,2,3,0,0,0,-1,4,4,4,3,4,1,0
135,180,ZD,3,2,3,0,0,0,-1,3,3,3,3,3,1,0
135,181,ZD,3,2,3,0,0,0,-1,3,3,3,3,3,1,0
135,182,ZD,3,2,3,0,0,0,-1,3,3,3,3,3,1,0
135,183,ZD,3,2,3,0,0,0,-1,3,3,3,3,3,1,0
135,184,ZD,2,2,2,1,0,0,0,1,1,1,1,1,0,0
135,185,ZD,2,2,3,1,0,0,-1,3,3,3,3,3,0,0
135,186,ZD,2,2,3,1,0,0,-1,3,3,3,3,3,0,0
135,187,ZD,2,2,2,1,0,0,-1,2,2,2,2,2,0,0
135,188,ZD,2,2,2,1,0,0,-1,2,2,2,2,2,0,0
135,189,ZD,2,2,3,1,0,0,-1,3,3,3,3,3,0,0
135,190,ZD,2,2,3,1,0,0,-1,3,3,3,3,3,0,0
135,191,ZD,2,2,2,1,0,0,0,1,1,1,1,1,0,0
135,192,ZD,2,2,2,1,0,0,-1,2,2,2,2,2,0,0
135,193,ZD,2,2,2,1,0,0,0,1,1,1,1,1,0,0
135,194,ZD,2,2,2,1,0,0,0,1,1,1,1,1,0,0
135,195,ZD,2,2,2,1,0,0,-1,2,2,2,2,2,0,0
135,196,ZD,2,2,2,0,0,0,0,2,2,2,1,2,1,0
135,197,ZD,3,2,3,0,0,0,-1,3,3,3,2,3,1,0
135,198,ZD,3,2,3,0,0,0,-1,3,3,3,2,3,1,0
135,199,ZD,2,2,2,0,0,0,0,2,2,2,1,2,1,0
136,137,ZD,2,2,2,0,0,0,0,2,2,2,1,2,1,0
136,138,ZD,3,2,3,0,0,0,-1,3,3,2,1,2,1,0
136,139,ZD,2,2,2,0,0,0,0,2,2,2,1,2,1,0
136,140,ZD,3,2,3,0,0,0,-1,3,3,3,2,3,1,0
136,141,ZD,3,2,3,0,0,0,-1,3,3,2,1,2,1,0
136,142,ZD,3,2,3,0,0,0,-1,3,3,2,1,2,1,0
136,143,ZD,3,2,3,0,0,0,-1,3,3,3,2,3,1,0
136,144,ZD,2,2,2,1,0,0,-1,4,4,4,4,4,0,0
136,145,ZD,2,2,2,1,0,0,-1,4,4,4,4,4,0,0
136,146,ZD,2,2,2,1,0,0,-1,4,4,4,4,4,0,0
136,147,ZD,2,2,2,1,0,0,-1,4,4,4,4,4,0,0
136,148,ZD,2,2,3,1,0,0,-1,3,3,3,3,3,0,0
136,149,ZD,2,2,3,1,0,0,-1,4,4,4,4,4,0,0
136,150,ZD,2,2,2,1,0,0,-1,2,2,2,2,2,0,0
136,151,ZD,2,2,3,1,0,0,-1,4,4,4,4,4,0,0
136,152,ZD,2,2,3,1,0,0,-1,4,4,4,4,4,0,0
136,153,ZD,2,2,2,1,0,0,-1,2,2,2,2,2,0,0
136,154,ZD,2,2,3,1,0,0,-1,4,4,4,4,4,0,0
136,155,ZD,2,2,3,1,0,0,-1,3,3,3,3,3,0,0
136,156,ZD,2,2,3,1,0,0,-1,4,4,4,4,4,0,0
136,157,ZD,2,2,3,1,0,0,-1,3,3,3,3,3,0,0
136,158,ZD,3,2,3,0,0,0,-1,4,4,4,4,4,1,0
136,159,ZD,3,2,3,0,0,0,-1,3,3,3,3,3,1,0
136,160,ZD,3,2,3,0,0,0,-1,3,3,3,3,3,1,0
136,161,ZD,3,2,3,0,0,0,-1,4,4,4,4,4,1,0
136,162,ZD,2,2,3,1,0,0,-1,3,3,3,3,3,0,0
136,163,ZD,2,2,3,1,0,0,-1,4,4,4,4,4,0,0
136,164,ZD,3,2,3,0,0,0,-1,3,3,2,1,2,1,0
136,165,ZD,3,2,3,0,0,0,-1,4,4,3,2,3,1,0
136,166,ZD,3,2,3,0,0,0,-1,4,4,3,2,3,1,0
136,167,ZD,3,2,3,0,0,0,-1,3,3,2,1,2,1,0
136,168,ZD,2,2,2,0,0,0,-1,4,4,4,3,4,1,0
136,169,ZD,3,2,3,0,0,0,-1,4,4,4,3,4,1,0
136,170,ZD,3,2,3,0,0,0,-1,4,4,4,3,4,1,0
136,171,ZD,2,2,2,0,0,0,-1,4,4,4,3,4,1,0
136,172,ZD,2,2,2,0,0,0,-1,4,4,4,3,4,1,0
136,173,ZD,3,2,3,0,0,0,-1,4,4,4,3,4,1,0
136,174,ZD,3,2,3,0,0,0,-1,4,4,4,3,4,1,0
136,175,ZD,2,2,2,0,0,0,-1,4,4,4,3,4,1,0
136,176,ZD,3,2,3,0,0,0,-1,4,4,4,3,4,1,0
136,177,ZD,3,2,3,0,0,0,-1,3,3,3,2,3,1,0
136,178,ZD,3,2,3,0,0,0,-1,3,3,3,2,3,1,0
136,179,ZD,3,2,3,0,0,0,-1,4,4,4,3,4,1,0
136,180,ZD,3,2,3,0,0,0,-1,3,3,3,3,3,1,0
136,181,ZD,3,2,3,0,0,0,-1,3,3,3,3,3,1,0
136,182,ZD,3,2,3,0,0,0,-1,3,3,3,3,3,1,0
136,183,ZD,3,2,3,0,0,0,-1,3,3,3,3,3,1,0
136,184,ZD,2,2,2,1,0,0,0,1,1,1,1,1,0,0
136,185,ZD,2,2,3,1,0,0,-1,3,3,3,3,3,0,0
136,186,ZD,2,2,3,1,0,0,-1,3,3,3,3,3,0,0
136,187,ZD,2,2,2,1,0,0,-1,2,2,2,2,2,0,0
136,188,ZD,2,2,2,1,0,0,-1,2,2,2,2,2,0,0
136,189,ZD,2,2,3,1,0,0,-1,3,3,3,3,3,0,0
136,190,ZD,2,2,3,1,0,0,-1,3,3,3,3,3,0,0
136,191,ZD,2,2,2,1,0,0,0,1,1,1,1,1,0,0
136,192,ZD,2,2,2,1,0,0,-1,2,2,2,2,2,0,0
136,193,ZD,2,2,2,1,0,0,0,1,1,1,1,1,0,0
136,194,ZD,2,2,2,1,0,0,0,1,1,1,1,1,0,0
136,195,ZD,2,2,2,1,0,0,-1,2,2,2,2,2,0,0
136,196,ZD,2,2,2,0,0,0,0,2,2,2,1,2,1,0
136,197,ZD,3,2,3,0,0,0,-1,3,3,3,2,3,1,0
136,198,ZD,3,2,3,0,0,0,-1,3,3,3,2,3,1,0
136,199,ZD,2,2,2,0,0,0,0,2,2,2,1,2,1,0
137,138,ZD,2,2,2,0,0,0,0,2,2,2,1,2,1,0
137,139,ZD,3,2,3,0,0,0,-1,3,3,2,1,2,1,0
137,140,ZD,3,2,3,0,0,0,-1,3,3,2,1,2,1,0
137,141,ZD,3,2,3,0,0,0,-1,3,3,3,2,3,1,0
137,142,ZD,3,2,3,0,0,0,-1,3,3,3,2,3,1,0
137,143,ZD,3,2,3,0,0,0,-1,3,3,2,1,2,1,0
137,144,ZD,2,2,2,1,0,0,-1,4,4,4,4,4,0,0
137,145,ZD,2,2,2,1,0,0,-1,4,4,4,4,4,0,0
137,146,ZD,2,2,2,1,0,0,-1,4,4,4,4,4,0,0
137,147,ZD,2,2,2,1,0,0,-1,4,4,4,4,4,0,0
137,148,ZD,2,2,3,1,0,0,-1,4,4,4,4,4,0,0
137,149,ZD,2,2,3,1,0,0,-1,3,3,3,3,3,0,0
137,150,ZD,2,2,3,1,0,0,-1,4,4,4,4,4,0,0
137,151,ZD,2,2,2,1,0,0,-1,2,2,2,2,2,0,0
137,152,ZD,2,2,2,1,0,0,-1,2,2,2,2,2,0,0
137,153,ZD,2,2,3,1,0,0,-1,4,4,4,4,4,0,0
137,154,ZD,2,2,3,1,0,0,-1,3,3,3,3,3,0,0
137,155,ZD,2,2,3,1,0,0,-1,4,4,4,4,4,0,0
137,156,ZD,2,2,3,1,0,0,-1,4,4,4,4,4,0,0
137,157,ZD,2,2,3,1,0,0,-1,3,3,3,3,3,0,0
137,158,ZD,3,2,3,0,0,0,-1,4,4,4,4,4,1,0
137,159,ZD,3,2,3,0,0,0,-1,3,3,3,3,3,1,0
137,160,ZD,3,2,3,0,0,0,-1,3,3,3,3,3,1,0
137,161,ZD,3,2,3,0,0,0,-1,4,4,4,4,4,1,0
137,162,ZD,2,2,3,1,0,0,-1,3,3,3,3,3,0,0
137,163,ZD,2,2,3,1,0,0,-1,4,4,4,4,4,0,0
137,164,ZD,3,2,3,0,0,0,-1,4,4,3,2,3,1,0
137,165,ZD,3,2,3,0,0,0,-1,3,3,2,1,2,1,0
137,166,ZD,3,2,3,0,0,0,-1,3,3,2,1,2,1,0
137,167,ZD,3,2,3,0,0,0,-1,4,4,3,2,3,1,0
137,168,ZD,3,2,3,0,0,0,-1,4,4,4,3,4,1,0
137,169,ZD,2,2,2,0,0,0,-1,4,4,4,3,4,1,0
137,170,ZD,2,2,2,0,0,0,-1,4,4,4,3,4,1,0
137,171,ZD,3,2,3,0,0,0,-1,4,4,4,3,4,1,0
137,172,ZD,3,2,3,0,0,0,-1,4,4,4,3,4,1,0
137,173,ZD,2,2,2,0,0,0,-1,4,4,4,3,4,1,0
137,174,ZD,2,2,2,0,0,0,-1,4,4,4,3,4,1,0
137,175,ZD,3,2,3,0,0,0,-1,4,4,4,3,4,1,0
137,176,ZD,3,2,3,0,0,0,-1,4,4,4,3,4,1,0
137,177,ZD,3,2,3,0,0,0,-1,3,3,3,2,3,1,0
137,178,ZD,3,2,3,0,0,0,-1,3,3,3,2,3,1,0
137,179,ZD,3,2,3,0,0,0,-1,4,4,4,3,4,1,0
137,180,ZD,3,2,3,0,0,0,-1,3,3,3,3,3,1,0
137,181,ZD,3,2,3,0,0,0,-1,3,3,3,3,3,1,0
137,182,ZD,3,2,3,0,0,0,-1,3,3,3,3,3,1,0
137,183,ZD,3,2,3,0,0,0,-1,3,3,3,3,3,1,0
137,184,ZD,2,2,3,1,0,0,-1,3,3,3,3,3,0,0
137,185,ZD,2,2,2,1,0,0,-1,2,2,2,2,2,0,0
137,186,ZD,2,2,2,1,0,0,0,1,1,1,1,1,0,0
137,187,ZD,2,2,3,1,0,0,-1,3,3,3,3,3,0,0
137,188,ZD,2,2,3,1,0,0,-1,3,3,3,3,3,0,0
137,189,ZD,2,2,2,1,0,0,0,1,1,1,1,1,0,0
137,190,ZD,2,2,2,1,0,0,-1,2,2,2,2,2,0,0
137,191,ZD,2,2,3,1,0,0,-1,3,3,3,3,3,0,0
137,192,ZD,2,2,2,1,0,0,-1,2,2,2,2,2,0,0
137,193,ZD,2,2,2,1,0,0,0,1,1,1,1,1,0,0
137,194,ZD,2,2,2,1,0,0,0,1,1,1,1,1,0,0
137,195,ZD,2,2,2,1,0,0,-1,2,2,2,2,2,0,0
137,196,ZD,3,2,3,0,0,0,-1,3,3,3,2,3,1,0
137,197,ZD,2,2,2,0,0,0,0,2,2,2,1,2,1,0
137,198,ZD,2,2,2,0,0,0,0,2,2,2,1,2,1,0
137,199,ZD,3,2,3,0,0,0,-1,3,3,3,2,3,1,0
138,139,ZD,2,2,2,0,0,0,0,2,2,2,1,2,1,0
138,140,ZD,3,2,3,0,0,0,-1,3,3,3,2,3,1,0
138,141,ZD,3,2,3,0,0,0,-1,3,3,2,1,2,1,0
138,142,ZD,3,2,3,0,0,0,-1,3,3,2,1,2,1,0
138,143,ZD,3,2,3,0,0,0,-1,3,3,3,2,3,1,0
138,144,ZD,2,2,2,1,0,0,-1,4,4,4,4,4,0,0
138,145,ZD,2,2,2,1,0,0,-1,4,4,4,4,4,0,0
138,146,ZD,2,2,2,1,0,0,-1,4,4,4,4,4,0,0
138,147,ZD,2,2,2,1,0,0,-1,4,4,4,4,4,0,0
138,148,ZD,2,2,3,1,0,0,-1,4,4,4,4,4,0,0
138,149,ZD,2,2,2,1,0,0,-1,2,2,2,2,2,0,0
138,150,ZD,2,2,3,1,0,0,-1,4,4,4,4,4,0,0
138,151,ZD,2,2,3,1,0,0,-1,3,3,3,3,3,0,0
138,152,ZD,2,2,3,1,0,0,-1,3,3,3,3,3,0,0
138,153,ZD,2,2,3,1,0,0,-1,4,4,4,4,4,0,0
138,154,ZD,2,2,2,1,0,0,-1,2,2,2,2,2,0,0
138,155,ZD,2,2,3,1,0,0,-1,4,4,4,4,4,0,0
138,156,ZD,3,2,3,0,0,0,-1,4,4,4,4,4,1,0
138,157,ZD,3,2,3,0,0,0,-1,3,3,3,3,3,1,0
138,158,ZD,2,2,3,1,0,0,-1,4,4,4,4,4,0,0
138,159,ZD,2,2,3,1,0,0,-1,3,3,3,3,3,0,0
138,160,ZD,2,2,3,1,0,0,-1,3,3,3,3,3,0,0
138,161,ZD,2,2,3,1,0,0,-1,4,4,4,4,4,0,0
138,162,ZD,3,2,3,0,0,0,-1,3,3,3,3,3,1,0
138,163,ZD,3,2,3,0,0,0,-1,4,4,4,4,4,1,0
138,164,ZD,3,2,3,0,0,0,-1,4,4,3,2,3,1,0
138,165,ZD,3,2,3,0,0,0,-1,3,3,2,1,2,1,0
138,166,ZD,3,2,3,0,0,0,-1,3,3,2,1,2,1,0
138,167,ZD,3,2,3,0,0,0,-1,4,4,3,2,3,1,0
138,168,ZD,3,2,3,0,0,0,-1,4,4,4,3,4,1,0
138,169,ZD,2,2,2,0,0,0,-1,4,4,4,3,4,1,0
138,170,ZD,2,2,2,0,0,0,-1,4,4,4,3,4,1,0
138,171,ZD,3,2,3,0,0,0,-1,4,4,4,3,4,1,0
138,172,ZD,3,2,3,0,0,0,-1,4,4,4,3,4,1,0
138,173,ZD,2,2,2,0,0,0,-1,4,4,4,3,4,1,0
138,174,ZD,2,2,2,0,0,0,-1,4,4,4,3,4,1,0
138,175,ZD,3,2,3,0,0,0,-1,4,4,4,3,4,1,0
138,176,ZD,3,2,3,0,0,0,-1,4,4,4,3,4,1,0
138,177,ZD,3,2,3,0,0,0,-1,3,3,3,2,3,1,0
138,178,ZD,3,2,3,0,0,0,-1,3,3,3,2,3,1,0
138,179,ZD,3,2,3,0,0,0,-1,4,4,4,3,4,1,0
138,180,ZD,3,2,3,0,0,0,-1,3,3,3,3,3,1,0
138,181,ZD,3,2,3,0,0,0,-1,3,3,3,3,3,1,0
138,182,ZD,3,2,3,0,0,0,-1,3,3,3,3,3,1,0
138,183,ZD,3,2,3,0,0,0,-1,3,3,3,3,3,1,0
138,184,ZD,2,2,3,1,0,0,-1,3,3,3,3,3,0,0
138,185,ZD,2,2,2,1,0,0,0,1,1,1,1,1,0,0
138,186,ZD,2,2,2,1,0,0,-1,2,2,2,2,2,0,0
138,187,ZD,2,2,3,1,0,0,-1,3,3,3,3,3,0,0
138,188,ZD,2,2,3,1,0,0,-1,3,3,3,3,3,0,0
138,189,ZD,2,2,2,1,0,0,-1,2,2,2,2,2,0,0
138,190,ZD,2,2,2,1,0,0,0,1,1,1,1,1,0,0
138,191,ZD,2,2,3,1,0,0,-1,3,3,3,3,3,0,0
138,192,ZD,2,2,2,1,0,0,0,1,1,1,1,1,0,0
138,193,ZD,2,2,2,1,0,0,-1,2,2,2,2,2,0,0
138,194,ZD,2,2,2,1,0,0,-1,2,2,2,2,2,0,0
138,195,ZD,2,2,2,1,0,0,0,1,1,1,1,1,0,0
138,196,ZD,3,2,3,0,0,0,-1,3,3,3,2,3,1,0
138,197,ZD,2,2,2,0,0,0,0,2,2,2,1,2,1,0
138,198,ZD,2,2,2,0,0,0,0,2,2,2,1,2,1,0
138,199,ZD,3,2,3,0,0,0,-1,3,3,3,2,3,1,0
139,140,ZD,3,2,3,0,0,0,-1,3,3,2,1,2,1,0
139,141,ZD,3,2,3,0,0,0,-1,3,3,3,2,3,1,0
139,142,ZD,3,2,3,0,0,0,-1,3,3,3,2,3,1,0
139,143,ZD,3,2,3,0,0,0,-1,3,3,2,1,2,1,0
139,144,ZD,2,2,2,1,0,0,-1,4,4,4,4,4,0,0
139,145,ZD,2,2,2,1,0,0,-1,4,4,4,4,4,0,0
139,146,ZD,2,2,2,1,0,0,-1,4,4,4,4,4,0,0
139,147,ZD,2,2,2,1,0,0,-1,4,4,4,4,4,0,0
139,148,ZD,2,2,2,1,0,0,-1,2,2,2,2,2,0,0
139,149,ZD,2,2,3,1,0,0,-1,4,4,4,4,4,0,0
139,150,ZD,2,2,3,1,0,0,-1,3,3,3,3,3,0,0
139,151,ZD,2,2,3,1,0,0,-1,4,4,4,4,4,0,0
139,152,ZD,2,2,3,1,0,0,-1,4,4,4,4,4,0,0
139,153,ZD,2,2,3,1,0,0,-1,3,3,3,3,3,0,0
139,154,ZD,2,2,3,1,0,0,-1,4,4,4,4,4,0,0
139,155,ZD,2,2,2,1,0,0,-1,2,2,2,2,2,0,0
139,156,ZD,3,2,3,0,0,0,-1,4,4,4,4,4,1,0
139,157,ZD,3,2,3,0,0,0,-1,3,3,3,3,3,1,0
139,158,ZD,2,2,3,1,0,0,-1,4,4,4,4,4,0,0
139,159,ZD,2,2,3,1,0,0,-1,3,3,3,3,3,0,0
139,160,ZD,2,2,3,1,0,0,-1,3,3,3,3,3,0,0
139,161,ZD,2,2,3,1,0,0,-1,4,4,4,4,4,0,0
139,162,ZD,3,2,3,0,0,0,-1,3,3,3,3,3,1,0
139,163,ZD,3,2,3,0,0,0,-1,4,4,4,4,4,1,0
139,164,ZD,3,2,3,0,0,0,-1,3,3,2,1,2,1,0
139,165,ZD,3,2,3,0,0,0,-1,4,4,3,2,3,1,0
139,166,ZD,3,2,3,0,0,0,-1,4,4,3,2,3,1,0
139,167,ZD,3,2,3,0,0,0,-1,3,3,2,1,2,1,0
139,168,ZD,2,2,2,0,0,0,-1,4,4,4,3,4,1,0
139,169,ZD,3,2,3,0,0,0,-1,4,4,4,3,4,1,0
139,170,ZD,3,2,3,0,0,0,-1,4,4,4,3,4,1,0
139,171,ZD,2,2,2,0,0,0,-1,4,4,4,3,4,1,0
139,172,ZD,2,2,2,0,0,0,-1,4,4,4,3,4,1,0
139,173,ZD,3,2,3,0,0,0,-1,4,4,4,3,4,1,0
139,174,ZD,3,2,3,0,0,0,-1,4,4,4,3,4,1,0
139,175,ZD,2,2,2,0,0,0,-1,4,4,4,3,4,1,0
139,176,ZD,3,2,3,0,0,0,-1,4,4,4,3,4,1,0
139,177,ZD,3,2,3,0,0,0,-1,3,3,3,2,3,1,0
139,178,ZD,3,2,3,0,0,0,-1,3,3,3,2,3,1,0
139,179,ZD,3,2,3,0,0,0,-1,4,4,4,3,4,1,0
139,180,ZD,3,2,3,0,0,0,-1,3,3,3,3,3,1,0
139,181,ZD,3,2,3,0,0,0,-1,3,3,3,3,3,1,0
139,182,ZD,3,2,3,0,0,0,-1,3,3,3,3,3,1,0
139,183,ZD,3,2,3,0,0,0,-1,3,3,3,3,3,1,0
139,184,ZD,2,2,2,1,0,0,-1,2,2,2,2,2,0,0
139,185,ZD,2,2,3,1,0,0,-1,3,3,3,3,3,0,0
139,186,ZD,2,2,3,1,0,0,-1,3,3,3,3,3,0,0
139,187,ZD,2,2,2,1,0,0,0,1,1,1,1,1,0,0
139,188,ZD,2,2,2,1,0,0,0,1,1,1,1,1,0,0
139,189,ZD,2,2,3,1,0,0,-1,3,3,3,3,3,0,0
139,190,ZD,2,2,3,1,0,0,-1,3,3,3,3,3,0,0
139,191,ZD,2,2,2,1,0,0,-1,2,2,2,2,2,0,0
139,192,ZD,2,2,2,1,0,0,0,1,1,1,1,1,0,0
139,193,ZD,2,2,2,1,0,0,-1,2,2,2,2,2,0,0
139,194,ZD,2,2,2,1,0,0,-1,2,2,2,2,2,0,0
139,195,ZD,2,2,2,1,0,0,0,1,1,1,1,1,0,0
139,196,ZD,2,2,2,0,0,0,0,2,2,2,1,2,1,0
139,197,ZD,3,2,3,0,0,0,-1,3,3,3,2,3,1,0
139,198,ZD,3,2,3,0,0,0,-1,3,3,3,2,3,1,0
139,199,ZD,2,2,2,0,0,0,0,2,2,2,1,2,1,0
140,141,ZD,2,2,2,0,0,0,0,2,2,2,1,2,1,0
140,142,ZD,2,2,2,0,0,0,0,2,2,2,1,2,1,0
140,143,POS,1,1,1,0,0,-1,-1,-1,-1,-1,-1,-1,0,1
140,144,ZD,2,2,2,1,0,0,-1,4,4,4,4,4,0,0
140,145,ZD,2,2,2,1,0,0,-1,4,4,4,4,4,0,0
140,146,ZD,2,2,2,1,0,0,-1,4,4,4,4,4,0,0
140,147,ZD,2,2,2,1,0,0,-1,4,4,4,4,4,0,0
140,148,ZD,2,2,3,1,0,0,-1,4,4,4,4,4,0,0
140,149,ZD,2,2,3,1,0,0,-1,4,4,4,4,4,0,0
140,150,ZD,2,2,3,1,0,0,-1,4,4,4,4,4,0,0
140,151,ZD,2,2,3,1,0,0,-1,4,4,4,4,4,0,0
140,152,ZD,2,2,3,1,0,0,-1,4,4,4,4,4,0,0
140,153,ZD,2,2,3,1,0,0,-1,4,4,4,4,4,0,0
140,154,ZD,2,2,3,1,0,0,-1,4,4,4,4,4,0,0
140,155,ZD,2,2,3,1,0,0,-1,4,4,4,4,4,0,0
140,156,ZD,2,2,2,1,0,0,-1,4,4,4,4,4,0,0
140,157,ZD,2,2,2,1,0,0,-1,4,4,4,4,4,0,0
140,158,ZD,2,2,2,1,0,0,-1,4,4,4,4,4,0,0
140,159,ZD,2,2,2,1,0,0,-1,4,4,4,4,4,0,0
140,160,ZD,2,2,2,1,0,0,-1,4,4,4,4,4,0,0
140,161,ZD,2,2,2,1,0,0,-1,4,4,4,4,4,0,0
140,162,ZD,2,2,2,1,0,0,-1,4,4,4,4,4,0,0
140,163,ZD,2,2,2,1,0,0,-1,4,4,4,4,4,0,0
140,164,ZD,3,2,3,0,0,0,-1,4,4,3,2,3,1,0
140,165,ZD,3,2,3,0,0,0,-1,4,4,3,2,3,1,0
140,166,ZD,3,2,3,0,0,0,-1,4,4,3,2,3,1,0
140,167,ZD,3,2,3,0,0,0,-1,4,4,3,2,3,1,0
140,168,ZD,3,2,3,0,0,0,-1,4,4,4,3,4,1,0
140,169,ZD,3,2,3,0,0,0,-1,4,4,4,3,4,1,0
140,170,ZD,3,2,3,0,0,0,-1,4,4,4,3,4,1,0
140,171,ZD,3,2,3,0,0,0,-1,4,4,4,3,4,1,0
140,172,ZD,3,2,3,0,0,0,-1,4,4,4,3,4,1,0
140,173,ZD,3,2,3,0,0,0,-1,4,4,4,3,4,1,0
140,174,ZD,3,2,3,0,0,0,-1,4,4,4,3,4,1,0
140,175,ZD,3,2,3,0,0,0,-1,4,4,4,3,4,1,0
140,176,ZD,2,2,2,0,0,0,-1,4,4,4,3,4,1,0
140,177,ZD,2,2,2,0,0,0,-1,4,4,4,3,4,1,0
140,178,ZD,2,2,2,0,0,0,-1,4,4,4,3,4,1,0
140,179,ZD,2,2,2,0,0,0,-1,4,4,4,3,4,1,0
140,180,ZD,3,2,3,0,0,0,-1,3,3,3,3,3,1,0
140,181,ZD,3,2,3,0,0,0,-1,3,3,3,3,3,1,0
140,182,ZD,3,2,3,0,0,0,-1,3,3,3,3,3,1,0
140,183,ZD,3,2,3,0,0,0,-1,3,3,3,3,3,1,0
140,184,ZD,2,2,3,1,0,0,-1,3,3,3,3,3,0,0
140,185,ZD,2,2,3,1,0,0,-1,3,3,3,3,3,0,0
140,186,ZD,2,2,3,1,0,0,-1,3,3,3,3,3,0,0
140,187,ZD,2,2,3,1,0,0,-1,3,3,3,3,3,0,0
140,188,ZD,2,2,3,1,0,0,-1,3,3,3,3,3,0,0
140,189,ZD,2,2,3,1,0,0,-1,3,3,3,3,3,0,0
140,190,ZD,2,2,3,1,0,0,-1,3,3,3,3,3,0,0
140,191,ZD,2,2,3,1,0,0,-1,3,3,3,3,3,0,0
140,192,ZD,2,2,2,1,0,0,-1,2,2,2,2,2,0,0
140,193,ZD,2,2,2,1,0,0,-1,2,2,2,2,2,0,0
140,194,ZD,2,2,2,1,0,0,-1,2,2,2,2,2,0,0
140,195,ZD,2,2,2,1,0,0,-1,2,2,2,2,2,0,0
140,196,ZD,3,2,3,0,0,0,-1,3,3,3,2,3,1,0
140,197,ZD,3,2,3,0,0,0,-1,3,3,3,2,3,1,0
140,198,ZD,3,2,3,0,0,0,-1,3,3,3,2,3,1,0
140,199,ZD,3,2,3,0,0,0,-1,3,3,3,2,3,1,0
141,142,POS,1,1,1,0,0,-1,-1,-1,-1,-1,-1,-1,0,1
141,143,ZD,2,2,2,0,0,0,0,2,2,2,1,2,1,0
141,144,ZD,2,2,2,1,0,0,-1,4,4,4,4,4,0,0
141,145,ZD,2,2,2,1,0,0,-1,4,4,4,4,4,0,0
141,146,ZD,2,2,2,1,0,0,-1,4,4,4,4,4,0,0
141,147,ZD,2,2,2,1,0,0,-1,4,4,4,4,4,0,0
141,148,ZD,2,2,3,1,0,0,-1,4,4,4,4,4,0,0
141,149,ZD,2,2,3,1,0,0,-1,4,4,4,4,4,0,0
141,150,ZD,2,2,3,1,0,0,-1,4,4,4,4,4,0,0
141,151,ZD,2,2,3,1,0,0,-1,4,4,4,4,4,0,0
141,152,ZD,2,2,3,1,0,0,-1,4,4,4,4,4,0,0
141,153,ZD,2,2,3,1,0,0,-1,4,4,4,4,4,0,0
141,154,ZD,2,2,3,1,0,0,-1,4,4,4,4,4,0,0
141,155,ZD,2,2,3,1,0,0,-1,4,4,4,4,4,0,0
141,156,ZD,2,2,2,1,0,0,-1,4,4,4,4,4,0,0
141,157,ZD,2,2,2,1,0,0,-1,4,4,4,4,4,0,0
141,158,ZD,2,2,2,1,0,0,-1,4,4,4,4,4,0,0
141,159,ZD,2,2,2,1,0,0,-1,4,4,4,4,4,0,0
141,160,ZD,2,2,2,1,0,0,-1,4,4,4,4,4,0,0
141,161,ZD,2,2,2,1,0,0,-1,4,4,4,4,4,0,0
141,162,ZD,2,2,2,1,0,0,-1,4,4,4,4,4,0,0
141,163,ZD,2,2,2,1,0,0,-1,4,4,4,4,4,0,0
141,164,ZD,3,2,3,0,0,0,-1,4,4,3,2,3,1,0
141,165,ZD,3,2,3,0,0,0,-1,4,4,3,2,3,1,0
141,166,ZD,3,2,3,0,0,0,-1,4,4,3,2,3,1,0
141,167,ZD,3,2,3,0,0,0,-1,4,4,3,2,3,1,0
141,168,ZD,3,2,3,0,0,0,-1,4,4,4,3,4,1,0
141,169,ZD,3,2,3,0,0,0,-1,4,4,4,3,4,1,0
141,170,ZD,3,2,3,0,0,0,-1,4,4,4,3,4,1,0
141,171,ZD,3,2,3,0,0,0,-1,4,4,4,3,4,1,0
141,172,ZD,3,2,3,0,0,0,-1,4,4,4,3,4,1,0
141,173,ZD,3,2,3,0,0,0,-1,4,4,4,3,4,1,0
141,174,ZD,3,2,3,0,0,0,-1,4,4,4,3,4,1,0
141,175,ZD,3,2,3,0,0,0,-1,4,4,4,3,4,1,0
141,176,ZD,2,2,2,0,0,0,-1,4,4,4,3,4,1,0
141,177,ZD,2,2,2,0,0,0,-1,4,4,4,3,4,1,0
141,178,ZD,2,2,2,0,0,0,-1,4,4,4,3,4,1,0
141,179,ZD,2,2,2,0,0,0,-1,4,4,4,3,4,1,0
141,180,ZD,3,2,3,0,0,0,-1,3,3,3,3,3,1,0
141,181,ZD,3,2,3,0,0,0,-1,3,3,3,3,3,1,0
141,182,ZD,3,2,3,0,0,0,-1,3,3,3,3,3,1,0
141,183,ZD,3,2,3,0,0,0,-1,3,3,3,3,3,1,0
141,184,ZD,2,2,3,1,0,0,-1,3,3,3,3,3,0,0
141,185,ZD,2,2,3,1,0,0,-1,3,3,3,3,3,0,0
141,186,ZD,2,2,3,1,0,0,-1,3,3,3,3,3,0,0
141,187,ZD,2,2,3,1,0,0,-1,3,3,3,3,3,0,0
141,188,ZD,2,2,3,1,0,0,-1,3,3,3,3,3,0,0
141,189,ZD,2,2,3,1,0,0,-1,3,3,3,3,3,0,0
141,190,ZD,2,2,3,1,0,0,-1,3,3,3,3,3,0,0
141,191,ZD,2,2,3,1,0,0,-1,3,3,3,3,3,0,0
141,192,ZD,2,2,2,1,0,0,-1,2,2,2,2,2,0,0
141,193,ZD,2,2,2,1,0,0,-1,2,2,2,2,2,0,0
141,194,ZD,2,2,2,1,0,0,-1,2,2,2,2,2,0,0
141,195,ZD,2,2,2,1,0,0,-1,2,2,2,2,2,0,0
141,196,ZD,3,2,3,0,0,0,-1,3,3,3,2,3,1,0
141,197,ZD,3,2,3,0,0,0,-1,3,3,3,2,3,1,0
141,198,ZD,3,2,3,0,0,0,-1,3,3,3,2,3,1,0
141,199,ZD,3,2,3,0,0,0,-1,3,3,3,2,3,1,0
142,143,ZD,2,2,2,0,0,0,0,2,2,2,1,2,1,0
142,144,ZD,2,2,2,1,0,0,-1,4,4,4,4,4,0,0
142,145,ZD,2,2,2,1,0,0,-1,4,4,4,4,4,0,0
142,146,ZD,2,2,2,1,0,0,-1,4,4,4,4,4,0,0
142,147,ZD,2,2,2,1,0,0,-1,4,4,4,4,4,0,0
142,148,ZD,2,2,3,1,0,0,-1,4,4,4,4,4,0,0
142,149,ZD,2,2,3,1,0,0,-1,4,4,4,4,4,0,0
142,150,ZD,2,2,3,1,0,0,-1,4,4,4,4,4,0,0
142,151,ZD,2,2,3,1,0,0,-1,4,4,4,4,4,0,0
142,152,ZD,2,2,3,1,0,0,-1,4,4,4,4,4,0,0
142,153,ZD,2,2,3,1,0,0,-1,4,4,4,4,4,0,0
142,154,ZD,2,2,3,1,0,0,-1,4,4,4,4,4,0,0
142,155,ZD,2,2,3,1,0,0,-1,4,4,4,4,4,0,0
142,156,ZD,2,2,2,1,0,0,-1,4,4,4,4,4,0,0
142,157,ZD,2,2,2,1,0,0,-1,4,4,4,4,4,0,0
142,158,ZD,2,2,2,1,0,0,-1,4,4,4,4,4,0,0
142,159,ZD,2,2,2,1,0,0,-1,4,4,4,4,4,0,0
142,160,ZD,2,2,2,1,0,0,-1,4,4,4,4,4,0,0
142,161,ZD,2,2,2,1,0,0,-1,4,4,4,4,4,0,0
142,162,ZD,2,2,2,1,0,0,-1,4,4,4,4,4,0,0
142,163,ZD,2,2,2,1,0,0,-1,4,4,4,4,4,0,0
142,164,ZD,3,2,3,0,0,0,-1,4,4,3,2,3,1,0
142,165,ZD,3,2,3,0,0,0,-1,4,4,3,2,3,1,0
142,166,ZD,3,2,3,0,0,0,-1,4,4,3,2,3,1,0
142,167,ZD,3,2,3,0,0,0,-1,4,4,3,2,3,1,0
142,168,ZD,3,2,3,0,0,0,-1,4,4,4,3,4,1,0
142,169,ZD,3,2,3,0,0,0,-1,4,4,4,3,4,1,0
142,170,ZD,3,2,3,0,0,0,-1,4,4,4,3,4,1,0
142,171,ZD,3,2,3,0,0,0,-1,4,4,4,3,4,1,0
142,172,ZD,3,2,3,0,0,0,-1,4,4,4,3,4,1,0
142,173,ZD,3,2,3,0,0,0,-1,4,4,4,3,4,1,0
142,174,ZD,3,2,3,0,0,0,-1,4,4,4,3,4,1,0
142,175,ZD,3,2,3,0,0,0,-1,4,4,4,3,4,1,0
142,176,ZD,2,2,2,0,0,0,-1,4,4,4,3,4,1,0
142,177,ZD,2,2,2,0,0,0,-1,4,4,4,3,4,1,0
142,178,ZD,2,2,2,0,0,0,-1,4,4,4,3,4,1,0
142,179,ZD,2,2,2,0,0,0,-1,4,4,4,3,4,1,0
142,180,ZD,3,2,3,0,0,0,-1,3,3,3,3,3,1,0
142,181,ZD,3,2,3,0,0,0,-1,3,3,3,3,3,1,0
142,182,ZD,3,2,3,0,0,0,-1,3,3,3,3,3,1,0
142,183,ZD,3,2,3,0,0,0,-1,3,3,3,3,3,1,0
142,184,ZD,2,2,3,1,0,0,-1,3,3,3,3,3,0,0
142,185,ZD,2,2,3,1,0,0,-1,3,3,3,3,3,0,0
142,186,ZD,2,2,3,1,0,0,-1,3,3,3,3,3,0,0
142,187,ZD,2,2,3,1,0,0,-1,3,3,3,3,3,0,0
142,188,ZD,2,2,3,1,0,0,-1,3,3,3,3,3,0,0
142,189,ZD,2,2,3,1,0,0,-1,3,3,3,3,3,0,0
142,190,ZD,2,2,3,1,0,0,-1,3,3,3,3,3,0,0
142,191,ZD,2,2,3,1,0,0,-1,3,3,3,3,3,0,0
142,192,ZD,2,2,2,1,0,0,-1,2,2,2,2,2,0,0
142,193,ZD,2,2,2,1,0,0,-1,2,2,2,2,2,0,0
142,194,ZD,2,2,2,1,0,0,-1,2,2,2,2,2,0,0
142,195,ZD,2,2,2,1,0,0,-1,2,2,2,2,2,0,0
142,196,ZD,3,2,3,0,0,0,-1,3,3,3,2,3,1,0
142,197,ZD,3,2,3,0,0,0,-1,3,3,3,2,3,1,0
142,198,ZD,3,2,3,0,0,0,-1,3,3,3,2,3,1,0
142,199,ZD,3,2,3,0,0,0,-1,3,3,3,2,3,1,0
143,144,ZD,2,2,2,1,0,0,-1,4,4,4,4,4,0,0
143,145,ZD,2,2,2,1,0,0,-1,4,4,4,4,4,0,0
143,146,ZD,2,2,2,1,0,0,-1,4,4,4,4,4,0,0
143,147,ZD,2,2,2,1,0,0,-1,4,4,4,4,4,0,0
143,148,ZD,2,2,3,1,0,0,-1,4,4,4,4,4,0,0
143,149,ZD,2,2,3,1,0,0,-1,4,4,4,4,4,0,0
143,150,ZD,2,2,3,1,0,0,-1,4,4,4,4,4,0,0
143,151,ZD,2,2,3,1,0,0,-1,4,4,4,4,4,0,0
143,152,ZD,2,2,3,1,0,0,-1,4,4,4,4,4,0,0
143,153,ZD,2,2,3,1,0,0,-1,4,4,4,4,4,0,0
143,154,ZD,2,2,3,1,0,0,-1,4,4,4,4,4,0,0
143,155,ZD,2,2,3,1,0,0,-1,4,4,4,4,4,0,0
143,156,ZD,2,2,2,1,0,0,-1,4,4,4,4,4,0,0
143,157,ZD,2,2,2,1,0,0,-1,4,4,4,4,4,0,0
143,158,ZD,2,2,2,1,0,0,-1,4,4,4,4,4,0,0
143,159,ZD,2,2,2,1,0,0,-1,4,4,4,4,4,0,0
143,160,ZD,2,2,2,1,0,0,-1,4,4,4,4,4,0,0
143,161,ZD,2,2,2,1,0,0,-1,4,4,4,4,4,0,0
143,162,ZD,2,2,2,1,0,0,-1,4,4,4,4,4,0,0
143,163,ZD,2,2,2,1,0,0,-1,4,4,4,4,4,0,0
143,164,ZD,3,2,3,0,0,0,-1,4,4,3,2,3,1,0
143,165,ZD,3,2,3,0,0,0,-1,4,4,3,2,3,1,0
143,166,ZD,3,2,3,0,0,0,-1,4,4,3,2,3,1,0
143,167,ZD,3,2,3,0,0,0,-1,4,4,3,2,3,1,0
143,168,ZD,3,2,3,0,0,0,-1,4,4,4,3,4,1,0
143,169,ZD,3,2,3,0,0,0,-1,4,4,4,3,4,1,0
143,170,ZD,3,2,3,0,0,0,-1,4,4,4,3,4,1,0
143,171,ZD,3,2,3,0,0,0,-1,4,4,4,3,4,1,0
143,172,ZD,3,2,3,0,0,0,-1,4,4,4,3,4,1,0
143,173,ZD,3,2,3,0,0,0,-1,4,4,4,3,4,1,0
143,174,ZD,3,2,3,0,0,0,-1,4,4,4,3,4,1,0
143,175,ZD,3,2,3,0,0,0,-1,4,4,4,3,4,1,0
143,176,ZD,2,2,2,0,0,0,-1,4,4,4,3,4,1,0
143,177,ZD,2,2,2,0,0,0,-1,4,4,4,3,4,1,0
143,178,ZD,2,2,2,0,0,0,-1,4,4,4,3,4,1,0
143,179,ZD,2,2,2,0,0,0,-1,4,4,4,3,4,1,0
143,180,ZD,3,2,3,0,0,0,-1,3,3,3,3,3,1,0
143,181,ZD,3,2,3,0,0,0,-1,3,3,3,3,3,1,0
143,182,ZD,3,2,3,0,0,0,-1,3,3,3,3,3,1,0
143,183,ZD,3,2,3,0,0,0,-1,3,3,3,3,3,1,0
143,184,ZD,2,2,3,1,0,0,-1,3,3,3,3,3,0,0
143,185,ZD,2,2,3,1,0,0,-1,3,3,3,3,3,0,0
143,186,ZD,2,2,3,1,0,0,-1,3,3,3,3,3,0,0
143,187,ZD,2,2,3,1,0,0,-1,3,3,3,3,3,0,0
143,188,ZD,2,2,3,1,0,0,-1,3,3,3,3,3,0,0
143,189,ZD,2,2,3,1,0,0,-1,3,3,3,3,3,0,0
143,190,ZD,2,2,3,1,0,0,-1,3,3,3,3,3,0,0
143,191,ZD,2,2,3,1,0,0,-1,3,3,3,3,3,0,0
143,192,ZD,2,2,2,1,0,0,-1,2,2,2,2,2,0,0
143,193,ZD,2,2,2,1,0,0,-1,2,2,2,2,2,0,0
143,194,ZD,2,2,2,1,0,0,-1,2,2,2,2,2,0,0
143,195,ZD,2,2,2,1,0,0,-1,2,2,2,2,2,0,0
143,196,ZD,3,2,3,0,0,0,-1,3,3,3,2,3,1,0
143,197,ZD,3,2,3,0,0,0,-1,3,3,3,2,3,1,0
143,198,ZD,3,2,3,0,0,0,-1,3,3,3,2,3,1,0
143,199,ZD,3,2,3,0,0,0,-1,3,3,3,2,3,1,0
144,145,ZD,2,2,2,1,0,0,0,2,2,1,1,1,0,0
144,146,ZD,2,2,2,1,0,0,0,2,2,1,1,1,0,0
144,147,POS,1,1,1,0,0,-1,-1,-1,-1,-1,-1,-1,0,1
144,148,ZD,2,3,3,1,0,0,-1,3,3,1,1,1,0,0
144,149,ZD,2,3,3,1,0,0,-1,3,3,1,1,1,0,0
144,150,ZD,2,3,3,1,0,0,-1,3,3,2,2,2,0,0
144,151,ZD,2,3,3,1,0,0,-1,3,3,2,2,2,0,0
144,152,ZD,2,3,3,1,0,0,-1,3,3,2,2,2,0,0
144,153,ZD,2,3,3,1,0,0,-1,3,3,2,2,2,0,0
144,154,ZD,2,3,3,1,0,0,-1,3,3,1,1,1,0,0
144,155,ZD,2,3,3,1,0,0,-1,3,3,1,1,1,0,0
144,156,ZD,2,2,2,1,0,0,-1,4,4,1,1,1,0,0
144,157,ZD,2,2,2,1,0,0,-1,4,4,1,1,1,0,0
144,158,ZD,2,2,2,1,0,0,-1,4,4,3,3,3,0,0
144,159,ZD,2,2,2,1,0,0,-1,4,4,3,3,3,0,0
144,160,ZD,2,2,2,1,0,0,-1,4,4,3,3,3,0,0
144,161,ZD,2,2,2,1,0,0,-1,4,4,3,3,3,0,0
144,162,ZD,2,2,2,1,0,0,-1,4,4,1,1,1,0,0
144,163,ZD,2,2,2,1,0,0,-1,4,4,1,1,1,0,0
144,164,ZD,2,3,3,1,0,0,-1,3,3,2,2,2,0,0
144,165,ZD,2,3,3,1,0,0,-1,3,3,2,2,2,0,0
144,166,ZD,2,3,3,1,0,0,-1,3,3,2,2,2,0,0
144,167,ZD,2,3,3,1,0,0,-1,3,3,2,2,2,0,0
144,168,ZD,2,3,2,1,0,0,-1,4,4,3,3,3,0,0
144,169,ZD,2,3,2,1,0,0,-1,4,4,3,3,3,0,0
144,170,ZD,2,3,2,1,0,0,-1,4,4,3,3,3,0,0
144,171,ZD,2,3,2,1,0,0,-1,4,4,3,3,3,0,0
144,172,ZD,2,3,2,1,0,0,-1,4,4,3,3,3,0,0
144,173,ZD,2,3,2,1,0,0,-1,4,4,3,3,3,0,0
144,174,ZD,2,3,2,1,0,0,-1,4,4,3,3,3,0,0
144,175,ZD,2,3,2,1,0,0,-1,4,4,3,3,3,0,0
144,176,ZD,2,2,2,1,0,0,-1,4,4,3,3,3,0,0
144,177,ZD,2,2,2,1,0,0,-1,4,4,3,3,3,0,0
144,178,ZD,2,2,2,1,0,0,-1,4,4,3,3,3,0,0
144,179,ZD,2,2,2,1,0,0,-1,4,4,3,3,3,0,0
144,180,ZD,2,3,3,1,0,0,-1,3,3,2,2,2,0,0
144,181,ZD,2,3,3,1,0,0,-1,3,3,2,2,2,0,0
144,182,ZD,2,3,3,1,0,0,-1,3,3,2,2,2,0,0
144,183,ZD,2,3,3,1,0,0,-1,3,3,2,2,2,0,0
144,184,ZD,2,3,2,1,0,0,-1,4,4,3,3,3,0,0
144,185,ZD,2,3,2,1,0,0,-1,4,4,3,3,3,0,0
144,186,ZD,2,3,2,1,0,0,-1,4,4,3,3,3,0,0
144,187,ZD,2,3,2,1,0,0,-1,4,4,3,3,3,0,0
144,188,ZD,2,3,2,1,0,0,-1,4,4,3,3,3,0,0
144,189,ZD,2,3,2,1,0,0,-1,4,4,3,3,3,0,0
144,190,ZD,2,3,2,1,0,0,-1,4,4,3,3,3,0,0
144,191,ZD,2,3,2,1,0,0,-1,4,4,3,3,3,0,0
144,192,ZD,2,2,2,1,0,0,-1,4,4,3,3,3,0,0
144,193,ZD,2,2,2,1,0,0,-1,4,4,3,3,3,0,0
144,194,ZD,2,2,2,1,0,0,-1,4,4,3,3,3,0,0
144,195,ZD,2,2,2,1,0,0,-1,4,4,3,3,3,0,0
144,196,ZD,2,3,2,1,0,0,-1,4,4,2,2,2,0,0
144,197,ZD,2,3,2,1,0,0,-1,4,4,2,2,2,0,0
144,198,ZD,2,3,2,1,0,0,-1,4,4,2,2,2,0,0
144,199,ZD,2,3,2,1,0,0,-1,4,4,2,2,2,0,0
145,146,POS,1,1,1,0,0,-1,-1,-1,-1,-1,-1,-1,0,1
145,147,ZD,2,2,2,1,0,0,0,2,2,1,1,1,0,0
145,148,ZD,2,3,3,1,0,0,-1,3,3,2,2,2,0,0
145,149,ZD,2,3,3,1,0,0,-1,3,3,2,2,2,0,0
145,150,ZD,2,3,3,1,0,0,-1,3,3,1,1,1,0,0
145,151,ZD,2,3,3,1,0,0,-1,3,3,1,1,1,0,0
145,152,ZD,2,3,3,1,0,0,-1,3,3,1,1,1,0,0
145,153,ZD,2,3,3,1,0,0,-1,3,3,1,1,1,0,0
145,154,ZD,2,3,3,1,0,0,-1,3,3,2,2,2,0,0
145,155,ZD,2,3,3,1,0,0,-1,3,3,2,2,2,0,0
145,156,ZD,2,2,2,1,0,0,-1,4,4,3,3,3,0,0
145,157,ZD,2,2,2,1,0,0,-1,4,4,3,3,3,0,0
145,158,ZD,2,2,2,1,0,0,-1,4,4,1,1,1,0,0
145,159,ZD,2,2,2,1,0,0,-1,4,4,1,1,1,0,0
145,160,ZD,2,2,2,1,0,0,-1,4,4,1,1,1,0,0
145,161,ZD,2,2,2,1,0,0,-1,4,4,1,1,1,0,0
145,162,ZD,2,2,2,1,0,0,-1,4,4,3,3,3,0,0
145,163,ZD,2,2,2,1,0,0,-1,4,4,3,3,3,0,0
145,164,ZD,2,3,3,1,0,0,-1,3,3,2,2,2,0,0
145,165,ZD,2,3,3,1,0,0,-1,3,3,2,2,2,0,0
145,166,ZD,2,3,3,1,0,0,-1,3,3,2,2,2,0,0
145,167,ZD,2,3,3,1,0,0,-1,3,3,2,2,2,0,0
145,168,ZD,2,3,2,1,0,0,-1,4,4,3,3,3,0,0
145,169,ZD,2,3,2,1,0,0,-1,4,4,3,3,3,0,0
145,170,ZD,2,3,2,1,0,0,-1,4,4,3,3,3,0,0
145,171,ZD,2,3,2,1,0,0,-1,4,4,3,3,3,0,0
145,172,ZD,2,3,2,1,0,0,-1,4,4,3,3,3,0,0
145,173,ZD,2,3,2,1,0,0,-1,4,4,3,3,3,0,0
145,174,ZD,2,3,2,1,0,0,-1,4,4,3,3,3,0,0
145,175,ZD,2,3,2,1,0,0,-1,4,4,3,3,3,0,0
145,176,ZD,2,2,2,1,0,0,-1,4,4,3,3,3,0,0
145,177,ZD,2,2,2,1,0,0,-1,4,4,3,3,3,0,0
145,178,ZD,2,2,2,1,0,0,-1,4,4,3,3,3,0,0
145,179,ZD,2,2,2,1,0,0,-1,4,4,3,3,3,0,0
145,180,ZD,2,3,3,1,0,0,-1,3,3,2,2,2,0,0
145,181,ZD,2,3,3,1,0,0,-1,3,3,2,2,2,0,0
145,182,ZD,2,3,3,1,0,0,-1,3,3,2,2,2,0,0
145,183,ZD,2,3,3,1,0,0,-1,3,3,2,2,2,0,0
145,184,ZD,2,3,2,1,0,0,-1,4,4,3,3,3,0,0
145,185,ZD,2,3,2,1,0,0,-1,4,4,3,3,3,0,0
145,186,ZD,2,3,2,1,0,0,-1,4,4,3,3,3,0,0
145,187,ZD,2,3,2,1,0,0,-1,4,4,3,3,3,0,0
145,188,ZD,2,3,2,1,0,0,-1,4,4,3,3,3,0,0
145,189,ZD,2,3,2,1,0,0,-1,4,4,3,3,3,0,0
145,190,ZD,2,3,2,1,0,0,-1,4,4,3,3,3,0,0
145,191,ZD,2,3,2,1,0,0,-1,4,4,3,3,3,0,0
145,192,ZD,2,2,2,1,0,0,-1,4,4,3,3,3,0,0
145,193,ZD,2,2,2,1,0,0,-1,4,4,3,3,3,0,0
145,194,ZD,2,2,2,1,0,0,-1,4,4,3,3,3,0,0
145,195,ZD,2,2,2,1,0,0,-1,4,4,3,3,3,0,0
145,196,ZD,2,3,2,1,0,0,-1,4,4,2,2,2,0,0
145,197,ZD,2,3,2,1,0,0,-1,4,4,2,2,2,0,0
145,198,ZD,2,3,2,1,0,0,-1,4,4,2,2,2,0,0
145,199,ZD,2,3,2,1,0,0,-1,4,4,2,2,2,0,0
146,147,ZD,2,2,2,1,0,0,0,2,2,1,1,1,0,0
146,148,ZD,2,3,3,1,0,0,-1,3,3,2,2,2,0,0
146,149,ZD,2,3,3,1,0,0,-1,3,3,2,2,2,0,0
146,150,ZD,2,3,3,1,0,0,-1,3,3,1,1,1,0,0
146,151,ZD,2,3,3,1,0,0,-1,3,3,1,1,1,0,0
146,152,ZD,2,3,3,1,0,0,-1,3,3,1,1,1,0,0
146,153,ZD,2,3,3,1,0,0,-1,3,3,1,1,1,0,0
146,154,ZD,2,3,3,1,0,0,-1,3,3,2,2,2,0,0
146,155,ZD,2,3,3,1,0,0,-1,3,3,2,2,2,0,0
146,156,ZD,2,2,2,1,0,0,-1,4,4,3,3,3,0,0
146,157,ZD,2,2,2,1,0,0,-1,4,4,3,3,3,0,0
146,158,ZD,2,2,2,1,0,0,-1,4,4,1,1,1,0,0
146,159,ZD,2,2,2,1,0,0,-1,4,4,1,1,1,0,0
146,160,ZD,2,2,2,1,0,0,-1,4,4,1,1,1,0,0
146,161,ZD,2,2,2,1,0,0,-1,4,4,1,1,1,0,0
146,162,ZD,2,2,2,1,0,0,-1,4,4,3,3,3,0,0
146,163,ZD,2,2,2,1,0,0,-1,4,4,3,3,3,0,0
146,164,ZD,2,3,3,1,0,0,-1,3,3,2,2,2,0,0
146,165,ZD,2,3,3,1,0,0,-1,3,3,2,2,2,0,0
146,166,ZD,2,3,3,1,0,0,-1,3,3,2,2,2,0,0
146,167,ZD,2,3,3,1,0,0,-1,3,3,2,2,2,0,0
146,168,ZD,2,3,2,1,0,0,-1,4,4,3,3,3,0,0
146,169,ZD,2,3,2,1,0,0,-1,4,4,3,3,3,0,0
146,170,ZD,2,3,2,1,0,0,-1,4,4,3,3,3,0,0
146,171,ZD,2,3,2,1,0,0,-1,4,4,3,3,3,0,0
146,172,ZD,2,3,2,1,0,0,-1,4,4,3,3,3,0,0
146,173,ZD,2,3,2,1,0,0,-1,4,4,3,3,3,0,0
146,174,ZD,2,3,2,1,0,0,-1,4,4,3,3,3,0,0
146,175,ZD,2,3,2,1,0,0,-1,4,4,3,3,3,0,0
146,176,ZD,2,2,2,1,0,0,-1,4,4,3,3,3,0,0
146,177,ZD,2,2,2,1,0,0,-1,4,4,3,3,3,0,0
146,178,ZD,2,2,2,1,0,0,-1,4,4,3,3,3,0,0
146,179,ZD,2,2,2,1,0,0,-1,4,4,3,3,3,0,0
146,180,ZD,2,3,3,1,0,0,-1,3,3,2,2,2,0,0
146,181,ZD,2,3,3,1,0,0,-1,3,3,2,2,2,0,0
146,182,ZD,2,3,3,1,0,0,-1,3,3,2,2,2,0,0
146,183,ZD,2,3,3,1,0,0,-1,3,3,2,2,2,0,0
146,184,ZD,2,3,2,1,0,0,-1,4,4,3,3,3,0,0
146,185,ZD,2,3,2,1,0,0,-1,4,4,3,3,3,0,0
146,186,ZD,2,3,2,1,0,0,-1,4,4,3,3,3,0,0
146,187,ZD,2,3,2,1,0,0,-1,4,4,3,3,3,0,0
146,188,ZD,2,3,2,1,0,0,-1,4,4,3,3,3,0,0
146,189,ZD,2,3,2,1,0,0,-1,4,4,3,3,3,0,0
146,190,ZD,2,3,2,1,0,0,-1,4,4,3,3,3,0,0
146,191,ZD,2,3,2,1,0,0,-1,4,4,3,3,3,0,0
146,192,ZD,2,2,2,1,0,0,-1,4,4,3,3,3,0,0
146,193,ZD,2,2,2,1,0,0,-1,4,4,3,3,3,0,0
146,194,ZD,2,2,2,1,0,0,-1,4,4,3,3,3,0,0
146,195,ZD,2,2,2,1,0,0,-1,4,4,3,3,3,0,0
146,196,ZD,2,3,2,1,0,0,-1,4,4,2,2,2,0,0
146,197,ZD,2,3,2,1,0,0,-1,4,4,2,2,2,0,0
146,198,ZD,2,3,2,1,0,0,-1,4,4,2,2,2,0,0
146,199,ZD,2,3,2,1,0,0,-1,4,4,2,2,2,0,0
147,148,ZD,2,3,3,1,0,0,-1,3,3,1,1,1,0,0
147,149,ZD,2,3,3,1,0,0,-1,3,3,1,1,1,0,0
147,150,ZD,2,3,3,1,0,0,-1,3,3,2,2,2,0,0
147,151,ZD,2,3,3,1,0,0,-1,3,3,2,2,2,0,0
147,152,ZD,2,3,3,1,0,0,-1,3,3,2,2,2,0,0
147,153,ZD,2,3,3,1,0,0,-1,3,3,2,2,2,0,0
147,154,ZD,2,3,3,1,0,0,-1,3,3,1,1,1,0,0
147,155,ZD,2,3,3,1,0,0,-1,3,3,1,1,1,0,0
147,156,ZD,2,2,2,1,0,0,-1,4,4,1,1,1,0,0
147,157,ZD,2,2,2,1,0,0,-1,4,4,1,1,1,0,0
147,158,ZD,2,2,2,1,0,0,-1,4,4,3,3,3,0,0
147,159,ZD,2,2,2,1,0,0,-1,4,4,3,3,3,0,0
147,160,ZD,2,2,2,1,0,0,-1,4,4,3,3,3,0,0
147,161,ZD,2,2,2,1,0,0,-1,4,4,3,3,3,0,0
147,162,ZD,2,2,2,1,0,0,-1,4,4,1,1,1,0,0
147,163,ZD,2,2,2,1,0,0,-1,4,4,1,1,1,0,0
147,164,ZD,2,3,3,1,0,0,-1,3,3,2,2,2,0,0
147,165,ZD,2,3,3,1,0,0,-1,3,3,2,2,2,0,0
147,166,ZD,2,3,3,1,0,0,-1,3,3,2,2,2,0,0
147,167,ZD,2,3,3,1,0,0,-1,3,3,2,2,2,0,0
147,168,ZD,2,3,2,1,0,0,-1,4,4,3,3,3,0,0
147,169,ZD,2,3,2,1,0,0,-1,4,4,3,3,3,0,0
147,170,ZD,2,3,2,1,0,0,-1,4,4,3,3,3,0,0
147,171,ZD,2,3,2,1,0,0,-1,4,4,3,3,3,0,0
147,172,ZD,2,3,2,1,0,0,-1,4,4,3,3,3,0,0
147,173,ZD,2,3,2,1,0,0,-1,4,4,3,3,3,0,0
147,174,ZD,2,3,2,1,0,0,-1,4,4,3,3,3,0,0
147,175,ZD,2,3,2,1,0,0,-1,4,4,3,3,3,0,0
147,176,ZD,2,2,2,1,0,0,-1,4,4,3,3,3,0,0
147,177,ZD,2,2,2,1,0,0,-1,4,4,3,3,3,0,0
147,178,ZD,2,2,2,1,0,0,-1,4,4,3,3,3,0,0
147,179,ZD,2,2,2,1,0,0,-1,4,4,3,3,3,0,0
147,180,ZD,2,3,3,1,0,0,-1,3,3,2,2,2,0,0
147,181,ZD,2,3,3,1,0,0,-1,3,3,2,2,2,0,0
147,182,ZD,2,3,3,1,0,0,-1,3,3,2,2,2,0,0
147,183,ZD,2,3,3,1,0,0,-1,3,3,2,2,2,0,0
147,184,ZD,2,3,2,1,0,0,-1,4,4,3,3,3,0,0
147,185,ZD,2,3,2,1,0,0,-1,4,4,3,3,3,0,0
147,186,ZD,2,3,2,1,0,0,-1,4,4,3,3,3,0,0
147,187,ZD,2,3,2,1,0,0,-1,4,4,3,3,3,0,0
147,188,ZD,2,3,2,1,0,0,-1,4,4,3,3,3,0,0
147,189,ZD,2,3,2,1,0,0,-1,4,4,3,3,3,0,0
147,190,ZD,2,3,2,1,0,0,-1,4,4,3,3,3,0,0
147,191,ZD,2,3,2,1,0,0,-1,4,4,3,3,3,0,0
147,192,ZD,2,2,2,1,0,0,-1,4,4,3,3,3,0,0
147,193,ZD,2,2,2,1,0,0,-1,4,4,3,3,3,0,0
147,194,ZD,2,2,2,1,0,0,-1,4,4,3,3,3,0,0
147,195,ZD,2,2,2,1,0,0,-1,4,4,3,3,3,0,0
147,196,ZD,2,3,2,1,0,0,-1,4,4,2,2,2,0,0
147,197,ZD,2,3,2,1,0,0,-1,4,4,2,2,2,0,0
147,198,ZD,2,3,2,1,0,0,-1,4,4,2,2,2,0,0
147,199,ZD,2,3,2,1,0,0,-1,4,4,2,2,2,0,0
148,149,ZD,2,3,3,1,0,0,-1,3,3,1,1,1,0,0
148,150,ZD,2,2,2,1,0,0,0,2,2,1,1,1,0,0
148,151,ZD,2,2,2,1,0,0,0,3,3,1,1,1,0,0
148,152,ZD,2,2,2,1,0,0,0,3,3,1,1,1,0,0
148,153,ZD,2,2,2,1,0,0,0,2,2,1,1,1,0,0
148,154,ZD,2,3,3,1,0,0,-1,3,3,1,1,1,0,0
148,155,POS,1,1,1,0,0,-1,-1,-1,-1,-1,-1,-1,0,1
148,156,ZD,2,3,3,1,0,0,-1,4,4,2,2,2,0,0
148,157,ZD,2,3,3,1,0,0,-1,3,3,1,1,1,0,0
148,158,ZD,2,3,3,1,0,0,-1,4,4,3,3,3,0,0
148,159,ZD,2,3,3,1,0,0,-1,3,3,2,2,2,0,0
148,160,ZD,2,3,3,1,0,0,-1,3,3,2,2,2,0,0
148,161,ZD,2,3,3,1,0,0,-1,4,4,3,3,3,0,0
148,162,ZD,2,3,3,1,0,0,-1,3,3,1,1,1,0,0
148,163,ZD,2,3,3,1,0,0,-1,4,4,2,2,2,0,0
148,164,ZD,2,2,2,1,0,0,0,2,2,1,1,1,0,0
148,165,ZD,2,3,3,1,0,0,-1,3,3,2,2,2,0,0
148,166,ZD,2,3,3,1,0,0,-1,3,3,2,2,2,0,0
148,167,ZD,2,2,2,1,0,0,0,2,2,1,1,1,0,0
148,168,ZD,2,2,3,1,0,0,-1,4,4,3,3,3,0,0
148,169,ZD,2,2,3,1,0,0,-1,4,4,3,3,3,0,0
148,170,ZD,2,3,3,1,0,0,-1,4,4,3,3,3,0,0
148,171,ZD,2,3,3,1,0,0,-1,4,4,3,3,3,0,0
148,172,ZD,2,3,3,1,0,0,-1,4,4,3,3,3,0,0
148,173,ZD,2,3,3,1,0,0,-1,4,4,3,3,3,0,0
148,174,ZD,2,2,3,1,0,0,-1,4,4,3,3,3,0,0
148,175,ZD,2,2,3,1,0,0,-1,4,4,3,3,3,0,0
148,176,ZD,2,3,3,1,0,0,-1,4,4,3,3,3,0,0
148,177,ZD,2,3,3,1,0,0,-1,3,3,2,2,2,0,0
148,178,ZD,2,3,3,1,0,0,-1,3,3,2,2,2,0,0
148,179,ZD,2,3,3,1,0,0,-1,4,4,3,3,3,0,0
148,180,ZD,2,2,2,1,0,0,0,3,3,1,1,1,0,0
148,181,ZD,2,3,3,1,0,0,-1,3,3,2,2,2,0,0
148,182,ZD,2,3,3,1,0,0,-1,3,3,2,2,2,0,0
148,183,ZD,2,2,2,1,0,0,0,3,3,1,1,1,0,0
148,184,ZD,2,3,3,1,0,0,-1,3,3,2,2,2,0,0
148,185,ZD,2,3,3,1,0,0,-1,4,4,3,3,3,0,0
148,186,ZD,2,3,3,1,0,0,-1,4,4,3,3,3,0,0
148,187,ZD,2,2,2,1,0,0,0,2,2,1,1,1,0,0
148,188,ZD,2,2,2,1,0,0,0,2,2,1,1,1,0,0
148,189,ZD,2,3,3,1,0,0,-1,4,4,3,3,3,0,0
148,190,ZD,2,3,3,1,0,0,-1,4,4,3,3,3,0,0
148,191,ZD,2,3,3,1,0,0,-1,3,3,2,2,2,0,0
148,192,ZD,2,2,3,1,0,0,-1,4,4,3,3,3,0,0
148,193,ZD,2,2,3,1,0,0,-1,4,4,3,3,3,0,0
148,194,ZD,2,2,3,1,0,0,-1,4,4,3,3,3,0,0
148,195,ZD,2,2,3,1,0,0,-1,4,4,3,3,3,0,0
148,196,ZD,2,3,3,1,0,0,-1,3,3,1,1,1,0,0
148,197,ZD,2,3,3,1,0,0,-1,4,4,2,2,2,0,0
148,198,ZD,2,3,3,1,0,0,-1,4,4,2,2,2,0,0
148,199,ZD,2,3,3,1,0,0,-1,3,3,1,1,1,0,0
149,150,ZD,2,2,2,1,0,0,0,3,3,1,1,1,0,0
149,151,ZD,2,2,2,1,0,0,0,2,2,1,1,1,0,0
149,152,ZD,2,2,2,1,0,0,0,2,2,1,1,1,0,0
149,153,ZD,2,2,2,1,0,0,0,3,3,1,1,1,0,0
149,154,POS,1,1,1,0,0,-1,-1,-1,-1,-1,-1,-1,0,1
149,155,ZD,2,3,3,1,0,0,-1,3,3,1,1,1,0,0
149,156,ZD,2,3,3,1,0,0,-1,4,4,2,2,2,0,0
149,157,ZD,2,3,3,1,0,0,-1,3,3,1,1,1,0,0
149,158,ZD,2,3,3,1,0,0,-1,4,4,3,3,3,0,0
149,159,ZD,2,3,3,1,0,0,-1,3,3,2,2,2,0,0
149,160,ZD,2,3,3,1,0,0,-1,3,3,2,2,2,0,0
149,161,ZD,2,3,3,1,0,0,-1,4,4,3,3,3,0,0
149,162,ZD,2,3,3,1,0,0,-1,3,3,1,1,1,0,0
149,163,ZD,2,3,3,1,0,0,-1,4,4,2,2,2,0,0
149,164,ZD,2,3,3,1,0,0,-1,3,3,2,2,2,0,0
149,165,ZD,2,2,2,1,0,0,0,2,2,1,1,1,0,0
149,166,ZD,2,2,2,1,0,0,0,2,2,1,1,1,0,0
149,167,ZD,2,3,3,1,0,0,-1,3,3,2,2,2,0,0
149,168,ZD,2,3,3,1,0,0,-1,4,4,3,3,3,0,0
149,169,ZD,2,3,3,1,0,0,-1,4,4,3,3,3,0,0
149,170,ZD,2,2,3,1,0,0,-1,4,4,3,3,3,0,0
149,171,ZD,2,2,3,1,0,0,-1,4,4,3,3,3,0,0
149,172,ZD,2,2,3,1,0,0,-1,4,4,3,3,3,0,0
149,173,ZD,2,2,3,1,0,0,-1,4,4,3,3,3,0,0
149,174,ZD,2,3,3,1,0,0,-1,4,4,3,3,3,0,0
149,175,ZD,2,3,3,1,0,0,-1,4,4,3,3,3,0,0
149,176,ZD,2,3,3,1,0,0,-1,4,4,3,3,3,0,0
149,177,ZD,2,3,3,1,0,0,-1,3,3,2,2,2,0,0
149,178,ZD,2,3,3,1,0,0,-1,3,3,2,2,2,0,0
149,179,ZD,2,3,3,1,0,0,-1,4,4,3,3,3,0,0
149,180,ZD,2,3,3,1,0,0,-1,3,3,2,2,2,0,0
149,181,ZD,2,2,2,1,0,0,0,3,3,1,1,1,0,0
149,182,ZD,2,2,2,1,0,0,0,3,3,1,1,1,0,0
149,183,ZD,2,3,3,1,0,0,-1,3,3,2,2,2,0,0
149,184,ZD,2,3,3,1,0,0,-1,4,4,3,3,3,0,0
149,185,ZD,2,2,2,1,0,0,0,2,2,1,1,1,0,0
149,186,ZD,2,3,3,1,0,0,-1,3,3,2,2,2,0,0
149,187,ZD,2,3,3,1,0,0,-1,4,4,3,3,3,0,0
149,188,ZD,2,3,3,1,0,0,-1,4,4,3,3,3,0,0
149,189,ZD,2,3,3,1,0,0,-1,3,3,2,2,2,0,0
149,190,ZD,2,2,2,1,0,0,0,2,2,1,1,1,0,0
149,191,ZD,2,3,3,1,0,0,-1,4,4,3,3,3,0,0
149,192,ZD,2,2,3,1,0,0,-1,4,4,3,3,3,0,0
149,193,ZD,2,2,3,1,0,0,-1,4,4,3,3,3,0,0
149,194,ZD,2,2,3,1,0,0,-1,4,4,3,3,3,0,0
149,195,ZD,2,2,3,1,0,0,-1,4,4,3,3,3,0,0
149,196,ZD,2,3,3,1,0,0,-1,4,4,2,2,2,0,0
149,197,ZD,2,3,3,1,0,0,-1,3,3,1,1,1,0,0
149,198,ZD,2,3,3,1,0,0,-1,3,3,1,1,1,0,0
149,199,ZD,2,3,3,1,0,0,-1,4,4,2,2,2,0,0
150,151,ZD,2,3,3,1,0,0,-1,3,3,1,1,1,0,0
150,152,ZD,2,3,3,1,0,0,-1,3,3,1,1,1,0,0
150,153,POS,1,1,1,0,0,-1,-1,-1,-1,-1,-1,-1,0,1
150,154,ZD,2,2,2,1,0,0,0,3,3,1,1,1,0,0
150,155,ZD,2,2,2,1,0,0,0,2,2,1,1,1,0,0
150,156,ZD,2,3,3,1,0,0,-1,4,4,3,3,3,0,0
150,157,ZD,2,3,3,1,0,0,-1,3,3,2,2,2,0,0
150,158,ZD,2,3,3,1,0,0,-1,4,4,2,2,2,0,0
150,159,ZD,2,3,3,1,0,0,-1,3,3,1,1,1,0,0
150,160,ZD,2,3,3,1,0,0,-1,3,3,1,1,1,0,0
150,161,ZD,2,3,3,1,0,0,-1,4,4,2,2,2,0,0
150,162,ZD,2,3,3,1,0,0,-1,3,3,2,2,2,0,0
150,163,ZD,2,3,3,1,0,0,-1,4,4,3,3,3,0,0
150,164,ZD,2,2,2,1,0,0,0,2,2,1,1,1,0,0
150,165,ZD,2,3,3,1,0,0,-1,3,3,2,2,2,0,0
150,166,ZD,2,3,3,1,0,0,-1,3,3,2,2,2,0,0
150,167,ZD,2,2,2,1,0,0,0,2,2,1,1,1,0,0
150,168,ZD,2,2,3,1,0,0,-1,4,4,3,3,3,0,0
150,169,ZD,2,2,3,1,0,0,-1,4,4,3,3,3,0,0
150,170,ZD,2,3,3,1,0,0,-1,4,4,3,3,3,0,0
150,171,ZD,2,3,3,1,0,0,-1,4,4,3,3,3,0,0
150,172,ZD,2,3,3,1,0,0,-1,4,4,3,3,3,0,0
150,173,ZD,2,3,3,1,0,0,-1,4,4,3,3,3,0,0
150,174,ZD,2,2,3,1,0,0,-1,4,4,3,3,3,0,0
150,175,ZD,2,2,3,1,0,0,-1,4,4,3,3,3,0,0
150,176,ZD,2,3,3,1,0,0,-1,4,4,3,3,3,0,0
150,177,ZD,2,3,3,1,0,0,-1,3,3,2,2,2,0,0
150,178,ZD,2,3,3,1,0,0,-1,3,3,2,2,2,0,0
150,179,ZD,2,3,3,1,0,0,-1,4,4,3,3,3,0,0
150,180,ZD,2,3,3,1,0,0,-1,3,3,2,2,2,0,0
150,181,ZD,2,2,2,1,0,0,0,3,3,1,1,1,0,0
150,182,ZD,2,2,2,1,0,0,0,3,3,1,1,1,0,0
150,183,ZD,2,3,3,1,0,0,-1,3,3,2,2,2,0,0
150,184,ZD,2,2,2,1,0,0,0,2,2,1,1,1,0,0
150,185,ZD,2,3,3,1,0,0,-1,4,4,3,3,3,0,0
150,186,ZD,2,3,3,1,0,0,-1,4,4,3,3,3,0,0
150,187,ZD,2,3,3,1,0,0,-1,3,3,2,2,2,0,0
150,188,ZD,2,3,3,1,0,0,-1,3,3,2,2,2,0,0
150,189,ZD,2,3,3,1,0,0,-1,4,4,3,3,3,0,0
150,190,ZD,2,3,3,1,0,0,-1,4,4,3,3,3,0,0
150,191,ZD,2,2,2,1,0,0,0,2,2,1,1,1,0,0
150,192,ZD,2,2,3,1,0,0,-1,4,4,3,3,3,0,0
150,193,ZD,2,2,3,1,0,0,-1,4,4,3,3,3,0,0
150,194,ZD,2,2,3,1,0,0,-1,4,4,3,3,3,0,0
150,195,ZD,2,2,3,1,0,0,-1,4,4,3,3,3,0,0
150,196,ZD,2,3,3,1,0,0,-1,3,3,1,1,1,0,0
150,197,ZD,2,3,3,1,0,0,-1,4,4,2,2,2,0,0
150,198,ZD,2,3,3,1,0,0,-1,4,4,2,2,2,0,0
150,199,ZD,2,3,3,1,0,0,-1,3,3,1,1,1,0,0
151,152,POS,1,1,1,0,0,-1,-1,-1,-1,-1,-1,-1,0,1
151,153,ZD,2,3,3,1,0,0,-1,3,3,1,1,1,0,0
151,154,ZD,2,2,2,1,0,0,0,2,2,1,1,1,0,0
151,155,ZD,2,2,2,1,0,0,0,3,3,1,1,1,0,0
151,156,ZD,2,3,3,1,0,0,-1,4,4,3,3,3,0,0
151,157,ZD,2,3,3,1,0,0,-1,3,3,2,2,2,0,0
151,158,ZD,2,3,3,1,0,0,-1,4,4,2,2,2,0,0
151,159,ZD,2,3,3,1,0,0,-1,3,3,1,1,1,0,0
151,160,ZD,2,3,3,1,0,0,-1,3,3,1,1,1,0,0
151,161,ZD,2,3,3,1,0,0,-1,4,4,2,2,2,0,0
151,162,ZD,2,3,3,1,0,0,-1,3,3,2,2,2,0,0
151,163,ZD,2,3,3,1,0,0,-1,4,4,3,3,3,0,0
151,164,ZD,2,3,3,1,0,0,-1,3,3,2,2,2,0,0
151,165,ZD,2,2,2,1,0,0,0,2,2,1,1,1,0,0
151,166,ZD,2,2,2,1,0,0,0,2,2,1,1,1,0,0
151,167,ZD,2,3,3,1,0,0,-1,3,3,2,2,2,0,0
151,168,ZD,2,3,3,1,0,0,-1,4,4,3,3,3,0,0
151,169,ZD,2,3,3,1,0,0,-1,4,4,3,3,3,0,0
151,170,ZD,2,2,3,1,0,0,-1,4,4,3,3,3,0,0
151,171,ZD,2,2,3,1,0,0,-1,4,4,3,3,3,0,0
151,172,ZD,2,2,3,1,0,0,-1,4,4,3,3,3,0,0
151,173,ZD,2,2,3,1,0,0,-1,4,4,3,3,3,0,0
151,174,ZD,2,3,3,1,0,0,-1,4,4,3,3,3,0,0
151,175,ZD,2,3,3,1,0,0,-1,4,4,3,3,3,0,0
151,176,ZD,2,3,3,1,0,0,-1,4,4,3,3,3,0,0
151,177,ZD,2,3,3,1,0,0,-1,3,3,2,2,2,0,0
151,178,ZD,2,3,3,1,0,0,-1,3,3,2,2,2,0,0
151,179,ZD,2,3,3,1,0,0,-1,4,4,3,3,3,0,0
151,180,ZD,2,2,2,1,0,0,0,3,3,1,1,1,0,0
151,181,ZD,2,3,3,1,0,0,-1,3,3,2,2,2,0,0
151,182,ZD,2,3,3,1,0,0,-1,3,3,2,2,2,0,0
151,183,ZD,2,2,2,1,0,0,0,3,3,1,1,1,0,0
151,184,ZD,2,3,3,1,0,0,-1,4,4,3,3,3,0,0
151,185,ZD,2,3,3,1,0,0,-1,3,3,2,2,2,0,0
151,186,ZD,2,2,2,1,0,0,0,2,2,1,1,1,0,0
151,187,ZD,2,3,3,1,0,0,-1,4,4,3,3,3,0,0
151,188,ZD,2,3,3,1,0,0,-1,4,4,3,3,3,0,0
151,189,ZD,2,2,2,1,0,0,0,2,2,1,1,1,0,0
151,190,ZD,2,3,3,1,0,0,-1,3,3,2,2,2,0,0
151,191,ZD,2,3,3,1,0,0,-1,4,4,3,3,3,0,0
151,192,ZD,2,2,3,1,0,0,-1,4,4,3,3,3,0,0
151,193,ZD,2,2,3,1,0,0,-1,4,4,3,3,3,0,0
151,194,ZD,2,2,3,1,0,0,-1,4,4,3,3,3,0,0
151,195,ZD,2,2,3,1,0,0,-1,4,4,3,3,3,0,0
151,196,ZD,2,3,3,1,0,0,-1,4,4,2,2,2,0,0
151,197,ZD,2,3,3,1,0,0,-1,3,3,1,1,1,0,0
151,198,ZD,2,3,3,1,0,0,-1,3,3,1,1,1,0,0
151,199,ZD,2,3,3,1,0,0,-1,4,4,2,2,2,0,0
152,153,ZD,2,3,3,1,0,0,-1,3,3,1,1,1,0,0
152,154,ZD,2,2,2,1,0,0,0,2,2,1,1,1,0,0
152,155,ZD,2,2,2,1,0,0,0,3,3,1,1,1,0,0
152,156,ZD,2,3,3,1,0,0,-1,4,4,3,3,3,0,0
152,157,ZD,2,3,3,1,0,0,-1,3,3,2,2,2,0,0
152,158,ZD,2,3,3,1,0,0,-1,4,4,2,2,2,0,0
152,159,ZD,2,3,3,1,0,0,-1,3,3,1,1,1,0,0
152,160,ZD,2,3,3,1,0,0,-1,3,3,1,1,1,0,0
152,161,ZD,2,3,3,1,0,0,-1,4,4,2,2,2,0,0
152,162,ZD,2,3,3,1,0,0,-1,3,3,2,2,2,0,0
152,163,ZD,2,3,3,1,0,0,-1,4,4,3,3,3,0,0
152,164,ZD,2,3,3,1,0,0,-1,3,3,2,2,2,0,0
152,165,ZD,2,2,2,1,0,0,0,2,2,1,1,1,0,0
152,166,ZD,2,2,2,1,0,0,0,2,2,1,1,1,0,0
152,167,ZD,2,3,3,1,0,0,-1,3,3,2,2,2,0,0
152,168,ZD,2,3,3,1,0,0,-1,4,4,3,3,3,0,0
152,169,ZD,2,3,3,1,0,0,-1,4,4,3,3,3,0,0
152,170,ZD,2,2,3,1,0,0,-1,4,4,3,3,3,0,0
152,171,ZD,2,2,3,1,0,0,-1,4,4,3,3,3,0,0
152,172,ZD,2,2,3,1,0,0,-1,4,4,3,3,3,0,0
152,173,ZD,2,2,3,1,0,0,-1,4,4,3,3,3,0,0
152,174,ZD,2,3,3,1,0,0,-1,4,4,3,3,3,0,0
152,175,ZD,2,3,3,1,0,0,-1,4,4,3,3,3,0,0
152,176,ZD,2,3,3,1,0,0,-1,4,4,3,3,3,0,0
152,177,ZD,2,3,3,1,0,0,-1,3,3,2,2,2,0,0
152,178,ZD,2,3,3,1,0,0,-1,3,3,2,2,2,0,0
152,179,ZD,2,3,3,1,0,0,-1,4,4,3,3,3,0,0
152,180,ZD,2,2,2,1,0,0,0,3,3,1,1,1,0,0
152,181,ZD,2,3,3,1,0,0,-1,3,3,2,2,2,0,0
152,182,ZD,2,3,3,1,0,0,-1,3,3,2,2,2,0,0
152,183,ZD,2,2,2,1,0,0,0,3,3,1,1,1,0,0
152,184,ZD,2,3,3,1,0,0,-1,4,4,3,3,3,0,0
152,185,ZD,2,3,3,1,0,0,-1,3,3,2,2,2,0,0
152,186,ZD,2,2,2,1,0,0,0,2,2,1,1,1,0,0
152,187,ZD,2,3,3,1,0,0,-1,4,4,3,3,3,0,0
152,188,ZD,2,3,3,1,0,0,-1,4,4,3,3,3,0,0
152,189,ZD,2,2,2,1,0,0,0,2,2,1,1,1,0,0
152,190,ZD,2,3,3,1,0,0,-1,3,3,2,2,2,0,0
152,191,ZD,2,3,3,1,0,0,-1,4,4,3,3,3,0,0
152,192,ZD,2,2,3,1,0,0,-1,4,4,3,3,3,0,0
152,193,ZD,2,2,3,1,0,0,-1,4,4,3,3,3,0,0
152,194,ZD,2,2,3,1,0,0,-1,4,4,3,3,3,0,0
152,195,ZD,2,2,3,1,0,0,-1,4,4,3,3,3,0,0
152,196,ZD,2,3,3,1,0,0,-1,4,4,2,2,2,0,0
152,197,ZD,2,3,3,1,0,0,-1,3,3,1,1,1,0,0
152,198,ZD,2,3,3,1,0,0,-1,3,3,1,1,1,0,0
152,199,ZD,2,3,3,1,0,0,-1,4,4,2,2,2,0,0
153,154,ZD,2,2,2,1,0,0,0,3,3,1,1,1,0,0
153,155,ZD,2,2,2,1,0,0,0,2,2,1,1,1,0,0
153,156,ZD,2,3,3,1,0,0,-1,4,4,3,3,3,0,0
153,157,ZD,2,3,3,1,0,0,-1,3,3,2,2,2,0,0
153,158,ZD,2,3,3,1,0,0,-1,4,4,2,2,2,0,0
153,159,ZD,2,3,3,1,0,0,-1,3,3,1,1,1,0,0
153,160,ZD,2,3,3,1,0,0,-1,3,3,1,1,1,0,0
153,161,ZD,2,3,3,1,0,0,-1,4,4,2,2,2,0,0
153,162,ZD,2,3,3,1,0,0,-1,3,3,2,2,2,0,0
153,163,ZD,2,3,3,1,0,0,-1,4,4,3,3,3,0,0
153,164,ZD,2,2,2,1,0,0,0,2,2,1,1,1,0,0
153,165,ZD,2,3,3,1,0,0,-1,3,3,2,2,2,0,0
153,166,ZD,2,3,3,1,0,0,-1,3,3,2,2,2,0,0
153,167,ZD,2,2,2,1,0,0,0,2,2,1,1,1,0,0
153,168,ZD,2,2,3,1,0,0,-1,4,4,3,3,3,0,0
153,169,ZD,2,2,3,1,0,0,-1,4,4,3,3,3,0,0
153,170,ZD,2,3,3,1,0,0,-1,4,4,3,3,3,0,0
153,171,ZD,2,3,3,1,0,0,-1,4,4,3,3,3,0,0
153,172,ZD,2,3,3,1,0,0,-1,4,4,3,3,3,0,0
153,173,ZD,2,3,3,1,0,0,-1,4,4,3,3,3,0,0
153,174,ZD,2,2,3,1,0,0,-1,4,4,3,3,3,0,0
153,175,ZD,2,2,3,1,0,0,-1,4,4,3,3,3,0,0
153,176,ZD,2,3,3,1,0,0,-1,4,4,3,3,3,0,0
153,177,ZD,2,3,3,1,0,0,-1,3,3,2,2,2,0,0
153,178,ZD,2,3,3,1,0,0,-1,3,3,2,2,2,0,0
153,179,ZD,2,3,3,1,0,0,-1,4,4,3,3,3,0,0
153,180,ZD,2,3,3,1,0,0,-1,3,3,2,2,2,0,0
153,181,ZD,2,2,2,1,0,0,0,3,3,1,1,1,0,0
153,182,ZD,2,2,2,1,0,0,0,3,3,1,1,1,0,0
153,183,ZD,2,3,3,1,0,0,-1,3,3,2,2,2,0,0
153,184,ZD,2,2,2,1,0,0,0,2,2,1,1,1,0,0
153,185,ZD,2,3,3,1,0,0,-1,4,4,3,3,3,0,0
153,186,ZD,2,3,3,1,0,0,-1,4,4,3,3,3,0,0
153,187,ZD,2,3,3,1,0,0,-1,3,3,2,2,2,0,0
153,188,ZD,2,3,3,1,0,0,-1,3,3,2,2,2,0,0
153,189,ZD,2,3,3,1,0,0,-1,4,4,3,3,3,0,0
153,190,ZD,2,3,3,1,0,0,-1,4,4,3,3,3,0,0
153,191,ZD,2,2,2,1,0,0,0,2,2,1,1,1,0,0
153,192,ZD,2,2,3,1,0,0,-1,4,4,3,3,3,0,0
153,193,ZD,2,2,3,1,0,0,-1,4,4,3,3,3,0,0
153,194,ZD,2,2,3,1,0,0,-1,4,4,3,3,3,0,0
153,195,ZD,2,2,3,1,0,0,-1,4,4,3,3,3,0,0
153,196,ZD,2,3,3,1,0,0,-1,3,3,1,1,1,0,0
153,197,ZD,2,3,3,1,0,0,-1,4,4,2,2,2,0,0
153,198,ZD,2,3,3,1,0,0,-1,4,4,2,2,2,0,0
153,199,ZD,2,3,3,1,0,0,-1,3,3,1,1,1,0,0
154,155,ZD,2,3,3,1,0,0,-1,3,3,1,1,1,0,0
154,156,ZD,2,3,3,1,0,0,-1,4,4,2,2,2,0,0
154,157,ZD,2,3,3,1,0,0,-1,3,3,1,1,1,0,0
154,158,ZD,2,3,3,1,0,0,-1,4,4,3,3,3,0,0
154,159,ZD,2,3,3,1,0,0,-1,3,3,2,2,2,0,0
154,160,ZD,2,3,3,1,0,0,-1,3,3,2,2,2,0,0
154,161,ZD,2,3,3,1,0,0,-1,4,4,3,3,3,0,0
154,162,ZD,2,3,3,1,0,0,-1,3,3,1,1,1,0,0
154,163,ZD,2,3,3,1,0,0,-1,4,4,2,2,2,0,0
154,164,ZD,2,3,3,1,0,0,-1,3,3,2,2,2,0,0
154,165,ZD,2,2,2,1,0,0,0,2,2,1,1,1,0,0
154,166,ZD,2,2,2,1,0,0,0,2,2,1,1,1,0,0
154,167,ZD,2,3,3,1,0,0,-1,3,3,2,2,2,0,0
154,168,ZD,2,3,3,1,0,0,-1,4,4,3,3,3,0,0
154,169,ZD,2,3,3,1,0,0,-1,4,4,3,3,3,0,0
154,170,ZD,2,2,3,1,0,0,-1,4,4,3,3,3,0,0
154,171,ZD,2,2,3,1,0,0,-1,4,4,3,3,3,0,0
154,172,ZD,2,2,3,1,0,0,-1,4,4,3,3,3,0,0
154,173,ZD,2,2,3,1,0,0,-1,4,4,3,3,3,0,0
154,174,ZD,2,3,3,1,0,0,-1,4,4,3,3,3,0,0
154,175,ZD,2,3,3,1,0,0,-1,4,4,3,3,3,0,0
154,176,ZD,2,3,3,1,0,0,-1,4,4,3,3,3,0,0
154,177,ZD,2,3,3,1,0,0,-1,3,3,2,2,2,0,0
154,178,ZD,2,3,3,1,0,0,-1,3,3,2,2,2,0,0
154,179,ZD,2,3,3,1,0,0,-1,4,4,3,3,3,0,0
154,180,ZD,2,3,3,1,0,0,-1,3,3,2,2,2,0,0
154,181,ZD,2,2,2,1,0,0,0,3,3,1,1,1,0,0
154,182,ZD,2,2,2,1,0,0,0,3,3,1,1,1,0,0
154,183,ZD,2,3,3,1,0,0,-1,3,3,2,2,2,0,0
154,184,ZD,2,3,3,1,0,0,-1,4,4,3,3,3,0,0
154,185,ZD,2,2,2,1,0,0,0,2,2,1,1,1,0,0
154,186,ZD,2,3,3,1,0,0,-1,3,3,2,2,2,0,0
154,187,ZD,2,3,3,1,0,0,-1,4,4,3,3,3,0,0
154,188,ZD,2,3,3,1,0,0,-1,4,4,3,3,3,0,0
154,189,ZD,2,3,3,1,0,0,-1,3,3,2,2,2,0,0
154,190,ZD,2,2,2,1,0,0,0,2,2,1,1,1,0,0
154,191,ZD,2,3,3,1,0,0,-1,4,4,3,3,3,0,0
154,192,ZD,2,2,3,1,0,0,-1,4,4,3,3,3,0,0
154,193,ZD,2,2,3,1,0,0,-1,4,4,3,3,3,0,0
154,194,ZD,2,2,3,1,0,0,-1,4,4,3,3,3,0,0
154,195,ZD,2,2,3,1,0,0,-1,4,4,3,3,3,0,0
154,196,ZD,2,3,3,1,0,0,-1,4,4,2,2,2,0,0
154,197,ZD,2,3,3,1,0,0,-1,3,3,1,1,1,0,0
154,198,ZD,2,3,3,1,0,0,-1,3,3,1,1,1,0,0
154,199,ZD,2,3,3,1,0,0,-1,4,4,2,2,2,0,0
155,156,ZD,2,3,3,1,0,0,-1,4,4,2,2,2,0,0
155,157,ZD,2,3,3,1,0,0,-1,3,3,1,1,1,0,0
155,158,ZD,2,3,3,1,0,0,-1,4,4,3,3,3,0,0
155,159,ZD,2,3,3,1,0,0,-1,3,3,2,2,2,0,0
155,160,ZD,2,3,3,1,0,0,-1,3,3,2,2,2,0,0
155,161,ZD,2,3,3,1,0,0,-1,4,4,3,3,3,0,0
155,162,ZD,2,3,3,1,0,0,-1,3,3,1,1,1,0,0
155,163,ZD,2,3,3,1,0,0,-1,4,4,2,2,2,0,0
155,164,ZD,2,2,2,1,0,0,0,2,2,1,1,1,0,0
155,165,ZD,2,3,3,1,0,0,-1,3,3,2,2,2,0,0
155,166,ZD,2,3,3,1,0,0,-1,3,3,2,2,2,0,0
155,167,ZD,2,2,2,1,0,0,0,2,2,1,1,1,0,0
155,168,ZD,2,2,3,1,0,0,-1,4,4,3,3,3,0,0
155,169,ZD,2,2,3,1,0,0,-1,4,4,3,3,3,0,0
155,170,ZD,2,3,3,1,0,0,-1,4,4,3,3,3,0,0
155,171,ZD,2,3,3,1,0,0,-1,4,4,3,3,3,0,0
155,172,ZD,2,3,3,1,0,0,-1,4,4,3,3,3,0,0
155,173,ZD,2,3,3,1,0,0,-1,4,4,3,3,3,0,0
155,174,ZD,2,2,3,1,0,0,-1,4,4,3,3,3,0,0
155,175,ZD,2,2,3,1,0,0,-1,4,4,3,3,3,0,0
155,176,ZD,2,3,3,1,0,0,-1,4,4,3,3,3,0,0
155,177,ZD,2,3,3,1,0,0,-1,3,3,2,2,2,0,0
155,178,ZD,2,3,3,1,0,0,-1,3,3,2,2,2,0,0
155,179,ZD,2,3,3,1,0,0,-1,4,4,3,3,3,0,0
155,180,ZD,2,2,2,1,0,0,0,3,3,1,1,1,0,0
155,181,ZD,2,3,3,1,0,0,-1,3,3,2,2,2,0,0
155,182,ZD,2,3,3,1,0,0,-1,3,3,2,2,2,0,0
155,183,ZD,2,2,2,1,0,0,0,3,3,1,1,1,0,0
155,184,ZD,2,3,3,1,0,0,-1,3,3,2,2,2,0,0
155,185,ZD,2,3,3,1,0,0,-1,4,4,3,3,3,0,0
155,186,ZD,2,3,3,1,0,0,-1,4,4,3,3,3,0,0
155,187,ZD,2,2,2,1,0,0,0,2,2,1,1,1,0,0
155,188,ZD,2,2,2,1,0,0,0,2,2,1,1,1,0,0
155,189,ZD,2,3,3,1,0,0,-1,4,4,3,3,3,0,0
155,190,ZD,2,3,3,1,0,0,-1,4,4,3,3,3,0,0
155,191,ZD,2,3,3,1,0,0,-1,3,3,2,2,2,0,0
155,192,ZD,2,2,3,1,0,0,-1,4,4,3,3,3,0,0
155,193,ZD,2,2,3,1,0,0,-1,4,4,3,3,3,0,0
155,194,ZD,2,2,3,1,0,0,-1,4,4,3,3,3,0,0
155,195,ZD,2,2,3,1,0,0,-1,4,4,3,3,3,0,0
155,196,ZD,2,3,3,1,0,0,-1,3,3,1,1,1,0,0
155,197,ZD,2,3,3,1,0,0,-1,4,4,2,2,2,0,0
155,198,ZD,2,3,3,1,0,0,-1,4,4,2,2,2,0,0
155,199,ZD,2,3,3,1,0,0,-1,3,3,1,1,1,0,0
156,157,ZD,2,2,2,1,0,0,-1,4,4,1,1,1,0,0
156,158,ZD,2,2,2,1,0,0,0,2,2,1,1,1,0,0
156,159,ZD,2,2,2,0,0,0,0,4,4,2,2,2,1,0
156,160,ZD,2,2,2,0,0,0,0,4,4,2,2,2,1,0
156,161,ZD,2,2,2,1,0,0,0,2,2,1,1,1,0,0
156,162,ZD,2,2,2,1,0,0,-1,4,4,1,1,1,0,0
156,163,POS,1,1,1,0,0,-1,-1,-1,-1,-1,-1,-1,0,1
156,164,ZD,3,3,3,0,0,0,-1,4,4,3,3,3,1,0
156,165,ZD,3,3,3,0,0,0,-1,4,4,3,3,3,1,0
156,166,ZD,3,3,3,0,0,0,-1,4,4,3,3,3,1,0
156,167,ZD,3,3,3,0,0,0,-1,4,4,3,3,3,1,0
156,168,ZD,3,3,3,0,0,0,-1,4,4,3,3,3,1,0
156,169,ZD,2,3,3,1,0,0,-1,4,4,3,3,3,0,0
156,170,ZD,3,3,3,0,0,0,-1,4,4,3,3,3,1,0
156,171,ZD,2,3,3,1,0,0,-1,4,4,3,3,3,0,0
156,172,ZD,2,3,3,1,0,0,-1,4,4,3,3,3,0,0
156,173,ZD,3,3,3,0,0,0,-1,4,4,3,3,3,1,0
156,174,ZD,2,3,3,1,0,0,-1,4,4,3,3,3,0,0
156,175,ZD,3,3,3,0,0,0,-1,4,4,3,3,3,1,0
156,176,ZD,2,2,2,1,0,0,0,2,2,1,1,1,0,0
156,177,ZD,2,2,2,1,0,0,-1,4,4,3,3,3,0,0
156,178,ZD,2,2,2,1,0,0,-1,4,4,3,3,3,0,0
156,179,ZD,2,2,2,1,0,0,0,2,2,1,1,1,0,0
156,180,ZD,3,3,3,0,0,0,-1,4,4,3,3,3,1,0
156,181,ZD,3,3,3,0,0,0,-1,4,4,3,3,3,1,0
156,182,ZD,3,3,3,0,0,0,-1,4,4,3,3,3,1,0
156,183,ZD,3,3,3,0,0,0,-1,4,4,3,3,3,1,0
156,184,ZD,3,3,3,0,0,0,-1,4,4,3,3,3,1,0
156,185,ZD,2,3,3,1,0,0,-1,4,4,3,3,3,0,0
156,186,ZD,3,3,3,0,0,0,-1,4,4,3,3,3,1,0
156,187,ZD,2,3,3,1,0,0,-1,4,4,3,3,3,0,0
156,188,ZD,2,3,3,1,0,0,-1,4,4,3,3,3,0,0
156,189,ZD,3,3,3,0,0,0,-1,4,4,3,3,3,1,0
156,190,ZD,2,3,3,1,0,0,-1,4,4,3,3,3,0,0
156,191,ZD,3,3,3,0,0,0,-1,4,4,3,3,3,1,0
156,192,ZD,2,2,2,0,0,0,0,4,4,2,2,2,1,0
156,193,ZD,2,2,2,1,0,0,-1,4,4,3,3,3,0,0
156,194,ZD,2,2,2,1,0,0,-1,4,4,3,3,3,0,0
156,195,ZD,2,2,2,0,0,0,0,4,4,2,2,2,1,0
156,196,ZD,2,3,3,1,0,0,-1,4,4,2,2,2,0,0
156,197,ZD,2,3,3,1,0,0,-1,4,4,2,2,2,0,0
156,198,ZD,2,3,3,1,0,0,-1,4,4,2,2,2,0,0
156,199,ZD,2,3,3,1,0,0,-1,4,4,2,2,2,0,0
157,158,ZD,2,2,2,0,0,0,0,4,4,2,2,2,1,0
157,159,ZD,2,2,2,1,0,0,0,2,2,1,1,1,0,0
157,160,ZD,2,2,2,1,0,0,0,2,2,1,1,1,0,0
157,161,ZD,2,2,2,0,0,0,0,4,4,2,2,2,1,0
157,162,POS,1,1,1,0,0,-1,-1,-1,-1,-1,-1,-1,0,1
157,163,ZD,2,2,2,1,0,0,-1,4,4,1,1,1,0,0
157,164,ZD,3,3,3,0,0,0,0,3,3,2,2,2,1,0
157,165,ZD,3,3,3,0,0,0,0,3,3,2,2,2,1,0
157,166,ZD,3,3,3,0,0,0,0,3,3,2,2,2,1,0
157,167,ZD,3,3,3,0,0,0,0,3,3,2,2,2,1,0
157,168,ZD,2,3,3,1,0,0,-1,4,4,3,3,3,0,0
157,169,ZD,3,3,3,0,0,0,-1,4,4,3,3,3,1,0
157,170,ZD,2,3,3,1,0,0,-1,4,4,3,3,3,0,0
157,171,ZD,3,3,3,0,0,0,-1,4,4,3,3,3,1,0
157,172,ZD,3,3,3,0,0,0,-1,4,4,3,3,3,1,0
157,173,ZD,2,3,3,1,0,0,-1,4,4,3,3,3,0,0
157,174,ZD,3,3,3,0,0,0,-1,4,4,3,3,3,1,0
157,175,ZD,2,3,3,1,0,0,-1,4,4,3,3,3,0,0
157,176,ZD,2,2,2,1,0,0,-1,4,4,3,3,3,0,0
157,177,ZD,2,2,2,1,0,0,0,2,2,1,1,1,0,0
157,178,ZD,2,2,2,1,0,0,0,2,2,1,1,1,0,0
157,179,ZD,2,2,2,1,0,0,-1,4,4,3,3,3,0,0
157,180,ZD,3,3,3,0,0,0,-1,4,4,3,3,3,1,0
157,181,ZD,3,3,3,0,0,0,-1,4,4,3,3,3,1,0
157,182,ZD,3,3,3,0,0,0,-1,4,4,3,3,3,1,0
157,183,ZD,3,3,3,0,0,0,-1,4,4,3,3,3,1,0
157,184,ZD,2,3,3,1,0,0,-1,3,3,2,2,2,0,0
157,185,ZD,3,3,3,0,0,0,0,3,3,2,2,2,1,0
157,186,ZD,2,3,3,1,0,0,-1,3,3,2,2,2,0,0
157,187,ZD,3,3,3,0,0,0,0,3,3,2,2,2,1,0
157,188,ZD,3,3,3,0,0,0,0,3,3,2,2,2,1,0
157,189,ZD,2,3,3,1,0,0,-1,3,3,2,2,2,0,0
157,190,ZD,3,3,3,0,0,0,0,3,3,2,2,2,1,0
157,191,ZD,2,3,3,1,0,0,-1,3,3,2,2,2,0,0
157,192,ZD,2,2,2,1,0,0,-1,4,4,3,3,3,0,0
157,193,ZD,2,2,2,0,0,0,0,4,4,2,2,2,1,0
157,194,ZD,2,2,2,0,0,0,0,4,4,2,2,2,1,0
157,195,ZD,2,2,2,1,0,0,-1,4,4,3,3,3,0,0
157,196,ZD,2,3,3,1,0,0,-1,3,3,1,1,1,0,0
157,197,ZD,2,3,3,1,0,0,-1,3,3,1,1,1,0,0
157,198,ZD,2,3,3,1,0,0,-1,3,3,1,1,1,0,0
157,199,ZD,2,3,3,1,0,0,-1,3,3,1,1,1,0,0
158,159,ZD,2,2,2,1,0,0,-1,4,4,1,1,1,0,0
158,160,ZD,2,2,2,1,0,0,-1,4,4,1,1,1,0,0
158,161,POS,1,1,1,0,0,-1,-1,-1,-1,-1,-1,-1,0,1
158,162,ZD,2,2,2,0,0,0,0,4,4,2,2,2,1,0
158,163,ZD,2,2,2,1,0,0,0,2,2,1,1,1,0,0
158,164,ZD,3,3,3,0,0,0,-1,4,4,3,3,3,1,0
158,165,ZD,3,3,3,0,0,0,-1,4,4,3,3,3,1,0
158,166,ZD,3,3,3,0,0,0,-1,4,4,3,3,3,1,0
158,167,ZD,3,3,3,0,0,0,-1,4,4,3,3,3,1,0
158,168,ZD,3,3,3,0,0,0,-1,4,4,3,3,3,1,0
158,169,ZD,2,3,3,1,0,0,-1,4,4,3,3,3,0,0
158,170,ZD,3,3,3,0,0,0,-1,4,4,3,3,3,1,0
158,171,ZD,2,3,3,1,0,0,-1,4,4,3,3,3,0,0
158,172,ZD,2,3,3,1,0,0,-1,4,4,3,3,3,0,0
158,173,ZD,3,3,3,0,0,0,-1,4,4,3,3,3,1,0
158,174,ZD,2,3,3,1,0,0,-1,4,4,3,3,3,0,0
158,175,ZD,3,3,3,0,0,0,-1,4,4,3,3,3,1,0
158,176,ZD,2,2,2,1,0,0,0,2,2,1,1,1,0,0
158,177,ZD,2,2,2,1,0,0,-1,4,4,3,3,3,0,0
158,178,ZD,2,2,2,1,0,0,-1,4,4,3,3,3,0,0
158,179,ZD,2,2,2,1,0,0,0,2,2,1,1,1,0,0
158,180,ZD,3,3,3,0,0,0,-1,4,4,3,3,3,1,0
158,181,ZD,3,3,3,0,0,0,-1,4,4,3,3,3,1,0
158,182,ZD,3,3,3,0,0,0,-1,4,4,3,3,3,1,0
158,183,ZD,3,3,3,0,0,0,-1,4,4,3,3,3,1,0
158,184,ZD,2,3,3,1,0,0,-1,4,4,3,3,3,0,0
158,185,ZD,3,3,3,0,0,0,-1,4,4,3,3,3,1,0
158,186,ZD,2,3,3,1,0,0,-1,4,4,3,3,3,0,0
158,187,ZD,3,3,3,0,0,0,-1,4,4,3,3,3,1,0
158,188,ZD,3,3,3,0,0,0,-1,4,4,3,3,3,1,0
158,189,ZD,2,3,3,1,0,0,-1,4,4,3,3,3,0,0
158,190,ZD,3,3,3,0,0,0,-1,4,4,3,3,3,1,0
158,191,ZD,2,3,3,1,0,0,-1,4,4,3,3,3,0,0
158,192,ZD,2,2,2,1,0,0,-1,4,4,3,3,3,0,0
158,193,ZD,2,2,2,0,0,0,0,4,4,2,2,2,1,0
158,194,ZD,2,2,2,0,0,0,0,4,4,2,2,2,1,0
158,195,ZD,2,2,2,1,0,0,-1,4,4,3,3,3,0,0
158,196,ZD,2,3,3,1,0,0,-1,4,4,2,2,2,0,0
158,197,ZD,2,3,3,1,0,0,-1,4,4,2,2,2,0,0
158,198,ZD,2,3,3,1,0,0,-1,4,4,2,2,2,0,0
158,199,ZD,2,3,3,1,0,0,-1,4,4,2,2,2,0,0
159,160,POS,1,1,1,0,0,-1,-1,-1,-1,-1,-1,-1,0,1
159,161,ZD,2,2,2,1,0,0,-1,4,4,1,1,1,0,0
159,162,ZD,2,2,2,1,0,0,0,2,2,1,1,1,0,0
159,163,ZD,2,2,2,0,0,0,0,4,4,2,2,2,1,0
159,164,ZD,3,3,3,0,0,0,0,3,3,2,2,2,1,0
159,165,ZD,3,3,3,0,0,0,0,3,3,2,2,2,1,0
159,166,ZD,3,3,3,0,0,0,0,3,3,2,2,2,1,0
159,167,ZD,3,3,3,0,0,0,0,3,3,2,2,2,1,0
159,168,ZD,2,3,3,1,0,0,-1,4,4,3,3,3,0,0
159,169,ZD,3,3,3,0,0,0,-1,4,4,3,3,3,1,0
159,170,ZD,2,3,3,1,0,0,-1,4,4,3,3,3,0,0
159,171,ZD,3,3,3,0,0,0,-1,4,4,3,3,3,1,0
159,172,ZD,3,3,3,0,0,0,-1,4,4,3,3,3,1,0
159,173,ZD,2,3,3,1,0,0,-1,4,4,3,3,3,0,0
159,174,ZD,3,3,3,0,0,0,-1,4,4,3,3,3,1,0
159,175,ZD,2,3,3,1,0,0,-1,4,4,3,3,3,0,0
159,176,ZD,2,2,2,1,0,0,-1,4,4,3,3,3,0,0
159,177,ZD,2,2,2,1,0,0,0,2,2,1,1,1,0,0
159,178,ZD,2,2,2,1,0,0,0,2,2,1,1,1,0,0
159,179,ZD,2,2,2,1,0,0,-1,4,4,3,3,3,0,0
159,180,ZD,3,3,3,0,0,0,-1,4,4,3,3,3,1,0
159,181,ZD,3,3,3,0,0,0,-1,4,4,3,3,3,1,0
159,182,ZD,3,3,3,0,0,0,-1,4,4,3,3,3,1,0
159,183,ZD,3,3,3,0,0,0,-1,4,4,3,3,3,1,0
159,184,ZD,3,3,3,0,0,0,0,3,3,2,2,2,1,0
159,185,ZD,2,3,3,1,0,0,-1,3,3,2,2,2,0,0
159,186,ZD,3,3,3,0,0,0,0,3,3,2,2,2,1,0
159,187,ZD,2,3,3,1,0,0,-1,3,3,2,2,2,0,0
159,188,ZD,2,3,3,1,0,0,-1,3,3,2,2,2,0,0
159,189,ZD,3,3,3,0,0,0,0,3,3,2,2,2,1,0
159,190,ZD,2,3,3,1,0,0,-1,3,3,2,2,2,0,0
159,191,ZD,3,3,3,0,0,0,0,3,3,2,2,2,1,0
159,192,ZD,2,2,2,0,0,0,0,4,4,2,2,2,1,0
159,193,ZD,2,2,2,1,0,0,-1,4,4,3,3,3,0,0
159,194,ZD,2,2,2,1,0,0,-1,4,4,3,3,3,0,0
159,195,ZD,2,2,2,0,0,0,0,4,4,2,2,2,1,0
159,196,ZD,2,3,3,1,0,0,-1,3,3,1,1,1,0,0
159,197,ZD,2,3,3,1,0,0,-1,3,3,1,1,1,0,0
159,198,ZD,2,3,3,1,0,0,-1,3,3,1,1,1,0,0
159,199,ZD,2,3,3,1,0,0,-1,3,3,1,1,1,0,0
160,161,ZD,2,2,2,1,0,0,-1,4,4,1,1,1,0,0
160,162,ZD,2,2,2,1,0,0,0,2,2,1,1,1,0,0
160,163,ZD,2,2,2,0,0,0,0,4,4,2,2,2,1,0
160,164,ZD,3,3,3,0,0,0,0,3,3,2,2,2,1,0
160,165,ZD,3,3,3,0,0,0,0,3,3,2,2,2,1,0
160,166,ZD,3,3,3,0,0,0,0,3,3,2,2,2,1,0
160,167,ZD,3,3,3,0,0,0,0,3,3,2,2,2,1,0
160,168,ZD,2,3,3,1,0,0,-1,4,4,3,3,3,0,0
160,169,ZD,3,3,3,0,0,0,-1,4,4,3,3,3,1,0
160,170,ZD,2,3,3,1,0,0,-1,4,4,3,3,3,0,0
160,171,ZD,3,3,3,0,0,0,-1,4,4,3,3,3,1,0
160,172,ZD,3,3,3,0,0,0,-1,4,4,3,3,3,1,0
160,173,ZD,2,3,3,1,0,0,-1,4,4,3,3,3,0,0
160,174,ZD,3,3,3,0,0,0,-1,4,4,3,3,3,1,0
160,175,ZD,2,3,3,1,0,0,-1,4,4,3,3,3,0,0
160,176,ZD,2,2,2,1,0,0,-1,4,4,3,3,3,0,0
160,177,ZD,2,2,2,1,0,0,0,2,2,1,1,1,0,0
160,178,ZD,2,2,2,1,0,0,0,2,2,1,1,1,0,0
160,179,ZD,2,2,2,1,0,0,-1,4,4,3,3,3,0,0
160,180,ZD,3,3,3,0,0,0,-1,4,4,3,3,3,1,0
160,181,ZD,3,3,3,0,0,0,-1,4,4,3,3,3,1,0
160,182,ZD,3,3,3,0,0,0,-1,4,4,3,3,3,1,0
160,183,ZD,3,3,3,0,0,0,-1,4,4,3,3,3,1,0
160,184,ZD,3,3,3,0,0,0,0,3,3,2,2,2,1,0
160,185,ZD,2,3,3,1,0,0,-1,3,3,2,2,2,0,0
160,186,ZD,3,3,3,0,0,0,0,3,3,2,2,2,1,0
160,187,ZD,2,3,3,1,0,0,-1,3,3,2,2,2,0,0
160,188,ZD,2,3,3,1,0,0,-1,3,3,2,2,2,0,0
160,189,ZD,3,3,3,0,0,0,0,3,3,2,2,2,1,0
160,190,ZD,2,3,3,1,0,0,-1,3,3,2,2,2,0,0
160,191,ZD,3,3,3,0,0,0,0,3,3,2,2,2,1,0
160,192,ZD,2,2,2,0,0,0,0,4,4,2,2,2,1,0
160,193,ZD,2,2,2,1,0,0,-1,4,4,3,3,3,0,0
160,194,ZD,2,2,2,1,0,0,-1,4,4,3,3,3,0,0
160,195,ZD,2,2,2,0,0,0,0,4,4,2,2,2,1,0
160,196,ZD,2,3,3,1,0,0,-1,3,3,1,1,1,0,0
160,197,ZD,2,3,3,1,0,0,-1,3,3,1,1,1,0,0
160,198,ZD,2,3,3,1,0,0,-1,3,3,1,1,1,0,0
160,199,ZD,2,3,3,1,0,0,-1,3,3,1,1,1,0,0
161,162,ZD,2,2,2,0,0,0,0,4,4,2,2,2,1,0
161,163,ZD,2,2,2,1,0,0,0,2,2,1,1,1,0,0
161,164,ZD,3,3,3,0,0,0,-1,4,4,3,3,3,1,0
161,165,ZD,3,3,3,0,0,0,-1,4,4,3,3,3,1,0
161,166,ZD,3,3,3,0,0,0,-1,4,4,3,3,3,1,0
161,167,ZD,3,3,3,0,0,0,-1,4,4,3,3,3,1,0
161,168,ZD,3,3,3,0,0,0,-1,4,4,3,3,3,1,0
161,169,ZD,2,3,3,1,0,0,-1,4,4,3,3,3,0,0
161,170,ZD,3,3,3,0,0,0,-1,4,4,3,3,3,1,0
161,171,ZD,2,3,3,1,0,0,-1,4,4,3,3,3,0,0
161,172,ZD,2,3,3,1,0,0,-1,4,4,3,3,3,0,0
161,173,ZD,3,3,3,0,0,0,-1,4,4,3,3,3,1,0
161,174,ZD,2,3,3,1,0,0,-1,4,4,3,3,3,0,0
161,175,ZD,3,3,3,0,0,0,-1,4,4,3,3,3,1,0
161,176,ZD,2,2,2,1,0,0,0,2,2,1,1,1,0,0
161,177,ZD,2,2,2,1,0,0,-1,4,4,3,3,3,0,0
161,178,ZD,2,2,2,1,0,0,-1,4,4,3,3,3,0,0
161,179,ZD,2,2,2,1,0,0,0,2,2,1,1,1,0,0
161,180,ZD,3,3,3,0,0,0,-1,4,4,3,3,3,1,0
161,181,ZD,3,3,3,0,0,0,-1,4,4,3,3,3,1,0
161,182,ZD,3,3,3,0,0,0,-1,4,4,3,3,3,1,0
161,183,ZD,3,3,3,0,0,0,-1,4,4,3,3,3,1,0
161,184,ZD,2,3,3,1,0,0,-1,4,4,3,3,3,0,0
161,185,ZD,3,3,3,0,0,0,-1,4,4,3,3,3,1,0
161,186,ZD,2,3,3,1,0,0,-1,4,4,3,3,3,0,0
161,187,ZD,3,3,3,0,0,0,-1,4,4,3,3,3,1,0
161,188,ZD,3,3,3,0,0,0,-1,4,4,3,3,3,1,0
161,189,ZD,2,3,3,1,0,0,-1,4,4,3,3,3,0,0
161,190,ZD,3,3,3,0,0,0,-1,4,4,3,3,3,1,0
161,191,ZD,2,3,3,1,0,0,-1,4,4,3,3,3,0,0
161,192,ZD,2,2,2,1,0,0,-1,4,4,3,3,3,0,0
161,193,ZD,2,2,2,0,0,0,0,4,4,2,2,2,1,0
161,194,ZD,2,2,2,0,0,0,0,4,4,2,2,2,1,0
161,195,ZD,2,2,2,1,0,0,-1,4,4,3,3,3,0,0
161,196,ZD,2,3,3,1,0,0,-1,4,4,2,2,2,0,0
161,197,ZD,2,3,3,1,0,0,-1,4,4,2,2,2,0,0
161,198,ZD,2,3,3,1,0,0,-1,4,4,2,2,2,0,0
161,199,ZD,2,3,3,1,0,0,-1,4,4,2,2,2,0,0
162,163,ZD,2,2,2,1,0,0,-1,4,4,1,1,1,0,0
162,164,ZD,3,3,3,0,0,0,0,3,3,2,2,2,1,0
162,165,ZD,3,3,3,0,0,0,0,3,3,2,2,2,1,0
162,166,ZD,3,3,3,0,0,0,0,3,3,2,2,2,1,0
162,167,ZD,3,3,3,0,0,0,0,3,3,2,2,2,1,0
162,168,ZD,2,3,3,1,0,0,-1,4,4,3,3,3,0,0
162,169,ZD,3,3,3,0,0,0,-1,4,4,3,3,3,1,0
162,170,ZD,2,3,3,1,0,0,-1,4,4,3,3,3,0,0
162,171,ZD,3,3,3,0,0,0,-1,4,4,3,3,3,1,0
162,172,ZD,3,3,3,0,0,0,-1,4,4,3,3,3,1,0
162,173,ZD,2,3,3,1,0,0,-1,4,4,3,3,3,0,0
162,174,ZD,3,3,3,0,0,0,-1,4,4,3,3,3,1,0
162,175,ZD,2,3,3,1,0,0,-1,4,4,3,3,3,0,0
162,176,ZD,2,2,2,1,0,0,-1,4,4,3,3,3,0,0
162,177,ZD,2,2,2,1,0,0,0,2,2,1,1,1,0,0
162,178,ZD,2,2,2,1,0,0,0,2,2,1,1,1,0,0
162,179,ZD,2,2,2,1,0,0,-1,4,4,3,3,3,0,0
162,180,ZD,3,3,3,0,0,0,-1,4,4,3,3,3,1,0
162,181,ZD,3,3,3,0,0,0,-1,4,4,3,3,3,1,0
162,182,ZD,3,3,3,0,0,0,-1,4,4,3,3,3,1,0
162,183,ZD,3,3,3,0,0,0,-1,4,4,3,3,3,1,0
162,184,ZD,2,3,3,1,0,0,-1,3,3,2,2,2,0,0
162,185,ZD,3,3,3,0,0,0,0,3,3,2,2,2,1,0
162,186,ZD,2,3,3,1,0,0,-1,3,3,2,2,2,0,0
162,187,ZD,3,3,3,0,0,0,0,3,3,2,2,2,1,0
162,188,ZD,3,3,3,0,0,0,0,3,3,2,2,2,1,0
162,189,ZD,2,3,3,1,0,0,-1,3,3,2,2,2,0,0
162,190,ZD,3,3,3,0,0,0,0,3,3,2,2,2,1,0
162,191,ZD,2,3,3,1,0,0,-1,3,3,2,2,2,0,0
162,192,ZD,2,2,2,1,0,0,-1,4,4,3,3,3,0,0
162,193,ZD,2,2,2,0,0,0,0,4,4,2,2,2,1,0
162,194,ZD,2,2,2,0,0,0,0,4,4,2,2,2,1,0
162,195,ZD,2,2,2,1,0,0,-1,4,4,3,3,3,0,0
162,196,ZD,2,3,3,1,0,0,-1,3,3,1,1,1,0,0
162,197,ZD,2,3,3,1,0,0,-1,3,3,1,1,1,0,0
162,198,ZD,2,3,3,1,0,0,-1,3,3,1,1,1,0,0
162,199,ZD,2,3,3,1,0,0,-1,3,3,1,1,1,0,0
163,164,ZD,3,3,3,0,0,0,-1,4,4,3,3,3,1,0
163,165,ZD,3,3,3,0,0,0,-1,4,4,3,3,3,1,0
163,166,ZD,3,3,3,0,0,0,-1,4,4,3,3,3,1,0
163,167,ZD,3,3,3,0,0,0,-1,4,4,3,3,3,1,0
163,168,ZD,3,3,3,0,0,0,-1,4,4,3,3,3,1,0
163,169,ZD,2,3,3,1,0,0,-1,4,4,3,3,3,0,0
163,170,ZD,3,3,3,0,0,0,-1,4,4,3,3,3,1,0
163,171,ZD,2,3,3,1,0,0,-1,4,4,3,3,3,0,0
163,172,ZD,2,3,3,1,0,0,-1,4,4,3,3,3,0,0
163,173,ZD,3,3,3,0,0,0,-1,4,4,3,3,3,1,0
163,174,ZD,2,3,3,1,0,0,-1,4,4,3,3,3,0,0
163,175,ZD,3,3,3,0,0,0,-1,4,4,3,3,3,1,0
163,176,ZD,2,2,2,1,0,0,0,2,2,1,1,1,0,0
163,177,ZD,2,2,2,1,0,0,-1,4,4,3,3,3,0,0
163,178,ZD,2,2,2,1,0,0,-1,4,4,3,3,3,0,0
163,179,ZD,2,2,2,1,0,0,0,2,2,1,1,1,0,0
163,180,ZD,3,3,3,0,0,0,-1,4,4,3,3,3,1,0
163,181,ZD,3,3,3,0,0,0,-1,4,4,3,3,3,1,0
163,182,ZD,3,3,3,0,0,0,-1,4,4,3,3,3,1,0
163,183,ZD,3,3,3,0,0,0,-1,4,4,3,3,3,1,0
163,184,ZD,3,3,3,0,0,0,-1,4,4,3,3,3,1,0
163,185,ZD,2,3,3,1,0,0,-1,4,4,3,3,3,0,0
163,186,ZD,3,3,3,0,0,0,-1,4,4,3,3,3,1,0
163,187,ZD,2,3,3,1,0,0,-1,4,4,3,3,3,0,0
163,188,ZD,2,3,3,1,0,0,-1,4,4,3,3,3,0,0
163,189,ZD,3,3,3,0,0,0,-1,4,4,3,3,3,1,0
163,190,ZD,2,3,3,1,0,0,-1,4,4,3,3,3,0,0
163,191,ZD,3,3,3,0,0,0,-1,4,4,3,3,3,1,0
163,192,ZD,2,2,2,0,0,0,0,4,4,2,2,2,1,0
163,193,ZD,2,2,2,1,0,0,-1,4,4,3,3,3,0,0
163,194,ZD,2,2,2,1,0,0,-1,4,4,3,3,3,0,0
163,195,ZD,2,2,2,0,0,0,0,4,4,2,2,2,1,0
163,196,ZD,2,3,3,1,0,0,-1,4,4,2,2,2,0,0
163,197,ZD,2,3,3,1,0,0,-1,4,4,2,2,2,0,0
163,198,ZD,2,3,3,1,0,0,-1,4,4,2,2,2,0,0
163,199,ZD,2,3,3,1,0,0,-1,4,4,2,2,2,0,0
164,165,POS,2,2,2,0,0,0,0,3,3,-1,-1,-1,0,1
164,166,POS,2,2,2,0,0,0,0,3,3,-1,-1,-1,0,1
164,167,POS,1,1,1,0,0,-1,-1,-1,-1,-1,-1,-1,0,1
164,168,ZD,3,2,3,0,0,0,-1,4,4,2,1,2,1,0
164,169,ZD,3,2,3,0,0,0,-1,4,4,2,1,2,1,0
164,170,ZD,3,3,3,0,0,0,-1,4,4,2,1,2,1,0
164,171,ZD,3,3,3,0,0,0,-1,4,4,2,1,2,1,0
164,172,ZD,3,3,3,0,0,0,-1,4,4,2,1,2,1,0
164,173,ZD,3,3,3,0,0,0,-1,4,4,2,1,2,1,0
164,174,ZD,3,2,3,0,0,0,-1,4,4,2,1,2,1,0
164,175,ZD,3,2,3,0,0,0,-1,4,4,2,1,2,1,0
164,176,ZD,3,3,3,0,0,0,-1,4,4,2,1,2,1,0
164,177,POS,2,2,2,0,0,-1,-1,-1,-1,-1,-1,-1,0,1
164,178,POS,2,2,2,0,0,-1,-1,-1,-1,-1,-1,-1,0,1
164,179,ZD,3,3,3,0,0,0,-1,4,4,2,1,2,1,0
164,180,ZD,2,3,3,1,0,0,-1,3,3,2,2,2,0,0
164,181,ZD,2,3,3,1,0,0,-1,3,3,2,2,2,0,0
164,182,ZD,2,3,3,1,0,0,-1,3,3,2,2,2,0,0
164,183,ZD,2,3,3,1,0,0,-1,3,3,2,2,2,0,0
164,184,ZD,3,3,3,0,0,0,0,3,3,2,2,2,1,0
164,185,ZD,3,3,3,0,0,0,-1,4,4,3,3,3,1,0
164,186,ZD,3,3,3,0,0,0,-1,4,4,3,3,3,1,0
164,187,ZD,3,3,3,0,0,0,0,3,3,2,2,2,1,0
164,188,ZD,3,3,3,0,0,0,0,3,3,2,2,2,1,0
164,189,ZD,3,3,3,0,0,0,-1,4,4,3,3,3,1,0
164,190,ZD,3,3,3,0,0,0,-1,4,4,3,3,3,1,0
164,191,ZD,3,3,3,0,0,0,0,3,3,2,2,2,1,0
164,192,ZD,3,2,3,0,0,0,-1,4,4,3,3,3,1,0
164,193,ZD,3,2,3,0,0,0,-1,4,4,3,3,3,1,0
164,194,ZD,3,2,3,0,0,0,-1,4,4,3,3,3,1,0
164,195,ZD,3,2,3,0,0,0,-1,4,4,3,3,3,1,0
164,196,POS,2,2,2,0,0,-1,-1,-1,-1,-1,-1,-1,0,1
164,197,ZD,3,3,3,0,0,0,-1,4,4,2,1,2,1,0
164,198,ZD,3,3,3,0,0,0,-1,4,4,2,1,2,1,0
164,199,POS,2,2,2,0,0,-1,-1,-1,-1,-1,-1,-1,0,1
165,166,POS,1,1,1,0,0,-1,-1,-1,-1,-1,-1,-1,0,1
165,167,POS,2,2,2,0,0,0,0,3,3,-1,-1,-1,0,1
165,168,ZD,3,3,3,0,0,0,-1,4,4,2,1,2,1,0
165,169,ZD,3,3,3,0,0,0,-1,4,4,2,1,2,1,0
165,170,ZD,3,2,3,0,0,0,-1,4,4,2,1,2,1,0
165,171,ZD,3,2,3,0,0,0,-1,4,4,2,1,2,1,0
165,172,ZD,3,2,3,0,0,0,-1,4,4,2,1,2,1,0
165,173,ZD,3,2,3,0,0,0,-1,4,4,2,1,2,1,0
165,174,ZD,3,3,3,0,0,0,-1,4,4,2,1,2,1,0
165,175,ZD,3,3,3,0,0,0,-1,4,4,2,1,2,1,0
165,176,ZD,3,3,3,0,0,0,-1,4,4,2,1,2,1,0
165,177,POS,2,2,2,0,0,-1,-1,-1,-1,-1,-1,-1,0,1
165,178,POS,2,2,2,0,0,-1,-1,-1,-1,-1,-1,-1,0,1
165,179,ZD,3,3,3,0,0,0,-1,4,4,2,1,2,1,0
165,180,ZD,2,3,3,1,0,0,-1,3,3,2,2,2,0,0
165,181,ZD,2,3,3,1,0,0,-1,3,3,2,2,2,0,0
165,182,ZD,2,3,3,1,0,0,-1,3,3,2,2,2,0,0
165,183,ZD,2,3,3,1,0,0,-1,3,3,2,2,2,0,0
165,184,ZD,3,3,3,0,0,0,-1,4,4,3,3,3,1,0
165,185,ZD,3,3,3,0,0,0,0,3,3,2,2,2,1,0
165,186,ZD,3,3,3,0,0,0,0,3,3,2,2,2,1,0
165,187,ZD,3,3,3,0,0,0,-1,4,4,3,3,3,1,0
165,188,ZD,3,3,3,0,0,0,-1,4,4,3,3,3,1,0
165,189,ZD,3,3,3,0,0,0,0,3,3,2,2,2,1,0
165,190,ZD,3,3,3,0,0,0,0,3,3,2,2,2,1,0
165,191,ZD,3,3,3,0,0,0,-1,4,4,3,3,3,1,0
165,192,ZD,3,2,3,0,0,0,-1,4,4,3,3,3,1,0
165,193,ZD,3,2,3,0,0,0,-1,4,4,3,3,3,1,0
165,194,ZD,3,2,3,0,0,0,-1,4,4,3,3,3,1,0
165,195,ZD,3,2,3,0,0,0,-1,4,4,3,3,3,1,0
165,196,ZD,3,3,3,0,0,0,-1,4,4,2,1,2,1,0
165,197,POS,2,2,2,0,0,-1,-1,-1,-1,-1,-1,-1,0,1
165,198,POS,2,2,2,0,0,-1,-1,-1,-1,-1,-1,-1,0,1
165,199,ZD,3,3,3,0,0,0,-1,4,4,2,1,2,1,0
166,167,POS,2,2,2,0,0,0,0,3,3,-1,-1,-1,0,1
166,168,ZD,3,3,3,0,0,0,-1,4,4,2,1,2,1,0
166,169,ZD,3,3,3,0,0,0,-1,4,4,2,1,2,1,0
166,170,ZD,3,2,3,0,0,0,-1,4,4,2,1,2,1,0
166,171,ZD,3,2,3,0,0,0,-1,4,4,2,1,2,1,0
166,172,ZD,3,2,3,0,0,0,-1,4,4,2,1,2,1,0
166,173,ZD,3,2,3,0,0,0,-1,4,4,2,1,2,1,0
166,174,ZD,3,3,3,0,0,0,-1,4,4,2,1,2,1,0
166,175,ZD,3,3,3,0,0,0,-1,4,4,2,1,2,1,0
166,176,ZD,3,3,3,0,0,0,-1,4,4,2,1,2,1,0
166,177,POS,2,2,2,0,0,-1,-1,-1,-1,-1,-1,-1,0,1
166,178,POS,2,2,2,0,0,-1,-1,-1,-1,-1,-1,-1,0,1
166,179,ZD,3,3,3,0,0,0,-1,4,4,2,1,2,1,0
166,180,ZD,2,3,3,1,0,0,-1,3,3,2,2,2,0,0
166,181,ZD,2,3,3,1,0,0,-1,3,3,2,2,2,0,0
166,182,ZD,2,3,3,1,0,0,-1,3,3,2,2,2,0,0
166,183,ZD,2,3,3,1,0,0,-1,3,3,2,2,2,0,0
166,184,ZD,3,3,3,0,0,0,-1,4,4,3,3,3,1,0
166,185,ZD,3,3,3,0,0,0,0,3,3,2,2,2,1,0
166,186,ZD,3,3,3,0,0,0,0,3,3,2,2,2,1,0
166,187,ZD,3,3,3,0,0,0,-1,4,4,3,3,3,1,0
166,188,ZD,3,3,3,0,0,0,-1,4,4,3,3,3,1,0
166,189,ZD,3,3,3,0,0,0,0,3,3,2,2,2,1,0
166,190,ZD,3,3,3,0,0,0,0,3,3,2,2,2,1,0
166,191,ZD,3,3,3,0,0,0,-1,4,4,3,3,3,1,0
166,192,ZD,3,2,3,0,0,0,-1,4,4,3,3,3,1,0
166,193,ZD,3,2,3,0,0,0,-1,4,4,3,3,3,1,0
166,194,ZD,3,2,3,0,0,0,-1,4,4,3,3,3,1,0
166,195,ZD,3,2,3,0,0,0,-1,4,4,3,3,3,1,0
166,196,ZD,3,3,3,0,0,0,-1,4,4,2,1,2,1,0
166,197,POS,2,2,2,0,0,-1,-1,-1,-1,-1,-1,-1,0,1
166,198,POS,2,2,2,0,0,-1,-1,-1,-1,-1,-1,-1,0,1
166,199,ZD,3,3,3,0,0,0,-1,4,4,2,1,2,1,0
167,168,ZD,3,2,3,0,0,0,-1,4,4,2,1,2,1,0
167,169,ZD,3,2,3,0,0,0,-1,4,4,2,1,2,1,0
167,170,ZD,3,3,3,0,0,0,-1,4,4,2,1,2,1,0
167,171,ZD,3,3,3,0,0,0,-1,4,4,2,1,2,1,0
167,172,ZD,3,3,3,0,0,0,-1,4,4,2,1,2,1,0
167,173,ZD,3,3,3,0,0,0,-1,4,4,2,1,2,1,0
167,174,ZD,3,2,3,0,0,0,-1,4,4,2,1,2,1,0
167,175,ZD,3,2,3,0,0,0,-1,4,4,2,1,2,1,0
167,176,ZD,3,3,3,0,0,0,-1,4,4,2,1,2,1,0
167,177,POS,2,2,2,0,0,-1,-1,-1,-1,-1,-1,-1,0,1
167,178,POS,2,2,2,0,0,-1,-1,-1,-1,-1,-1,-1,0,1
167,179,ZD,3,3,3,0,0,0,-1,4,4,2,1,2,1,0
167,180,ZD,2,3,3,1,0,0,-1,3,3,2,2,2,0,0
167,181,ZD,2,3,3,1,0,0,-1,3,3,2,2,2,0,0
167,182,ZD,2,3,3,1,0,0,-1,3,3,2,2,2,0,0
167,183,ZD,2,3,3,1,0,0,-1,3,3,2,2,2,0,0
167,184,ZD,3,3,3,0,0,0,0,3,3,2,2,2,1,0
167,185,ZD,3,3,3,0,0,0,-1,4,4,3,3,3,1,0
167,186,ZD,3,3,3,0,0,0,-1,4,4,3,3,3,1,0
167,187,ZD,3,3,3,0,0,0,0,3,3,2,2,2,1,0
167,188,ZD,3,3,3,0,0,0,0,3,3,2,2,2,1,0
167,189,ZD,3,3,3,0,0,0,-1,4,4,3,3,3,1,0
167,190,ZD,3,3,3,0,0,0,-1,4,4,3,3,3,1,0
167,191,ZD,3,3,3,0,0,0,0,3,3,2,2,2,1,0
167,192,ZD,3,2,3,0,0,0,-1,4,4,3,3,3,1,0
167,193,ZD,3,2,3,0,0,0,-1,4,4,3,3,3,1,0
167,194,ZD,3,2,3,0,0,0,-1,4,4,3,3,3,1,0
167,195,ZD,3,2,3,0,0,0,-1,4,4,3,3,3,1,0
167,196,POS,2,2,2,0,0,-1,-1,-1,-1,-1,-1,-1,0,1
167,197,ZD,3,3,3,0,0,0,-1,4,4,2,1,2,1,0
167,198,ZD,3,3,3,0,0,0,-1,4,4,2,1,2,1,0
167,199,POS,2,2,2,0,0,-1,-1,-1,-1,-1,-1,-1,0,1
168,169,ZD,3,2,3,0,0,0,-1,4,4,2,1,2,1,0
168,170,ZD,3,3,3,0,0,0,-1,4,4,2,1,2,1,0
168,171,ZD,2,3,2,0,0,0,0,4,4,2,1,2,1,0
168,172,ZD,2,3,2,0,0,0,0,4,4,2,1,2,1,0
168,173,ZD,3,3,3,0,0,0,-1,4,4,2,1,2,1,0
168,174,ZD,3,2,3,0,0,0,-1,4,4,2,1,2,1,0
168,175,POS,1,1,1,0,0,-1,-1,-1,-1,-1,-1,-1,0,1
168,176,ZD,3,3,3,0,0,0,-1,4,4,2,1,2,1,0
168,177,ZD,3,3,3,0,0,0,-1,4,4,2,1,2,1,0
168,178,ZD,3,3,3,0,0,0,-1,4,4,2,1,2,1,0
168,179,ZD,3,3,3,0,0,0,-1,4,4,2,1,2,1,0
168,180,ZD,3,3,3,0,0,0,-1,4,4,3,3,3,1,0
168,181,ZD,3,3,3,0,0,0,-1,4,4,3,3,3,1,0
168,182,ZD,3,3,3,0,0,0,-1,4,4,3,3,3,1,0
168,183,ZD,3,3,3,0,0,0,-1,4,4,3,3,3,1,0
168,184,ZD,2,3,2,1,0,0,-1,4,4,3,3,3,0,0
168,185,ZD,2,3,3,1,0,0,-1,4,4,3,3,3,0,0
168,186,ZD,2,3,3,1,0,0,-1,4,4,3,3,3,0,0
168,187,ZD,2,3,2,1,0,0,-1,4,4,3,3,3,0,0
168,188,ZD,2,3,2,1,0,0,-1,4,4,3,3,3,0,0
168,189,ZD,2,3,3,1,0,0,-1,4,4,3,3,3,0,0
168,190,ZD,2,3,3,1,0,0,-1,4,4,3,3,3,0,0
168,191,ZD,2,3,2,1,0,0,-1,4,4,3,3,3,0,0
168,192,ZD,2,2,3,1,0,0,-1,4,4,3,3,3,0,0
168,193,ZD,2,2,3,1,0,0,-1,4,4,3,3,3,0,0
168,194,ZD,2,2,3,1,0,0,-1,4,4,3,3,3,0,0
168,195,ZD,2,2,3,1,0,0,-1,4,4,3,3,3,0,0
168,196,ZD,2,3,2,0,0,0,0,4,4,2,1,2,1,0
168,197,ZD,3,3,3,0,0,0,-1,4,4,2,1,2,1,0
168,198,ZD,3,3,3,0,0,0,-1,4,4,2,1,2,1,0
168,199,ZD,2,3,2,0,0,0,0,4,4,2,1,2,1,0
169,170,ZD,2,3,2,0,0,0,0,4,4,2,1,2,1,0
169,171,ZD,3,3,3,0,0,0,-1,4,4,2,1,2,1,0
169,172,ZD,3,3,3,0,0,0,-1,4,4,2,1,2,1,0
169,173,ZD,2,3,2,0,0,0,0,4,4,2,1,2,1,0
169,174,POS,1,1,1,0,0,-1,-1,-1,-1,-1,-1,-1,0,1
169,175,ZD,3,2,3,0,0,0,-1,4,4,2,1,2,1,0
169,176,ZD,3,3,3,0,0,0,-1,4,4,2,1,2,1,0
169,177,ZD,3,3,3,0,0,0,-1,4,4,2,1,2,1,0
169,178,ZD,3,3,3,0,0,0,-1,4,4,2,1,2,1,0
169,179,ZD,3,3,3,0,0,0,-1,4,4,2,1,2,1,0
169,180,ZD,3,3,3,0,0,0,-1,4,4,3,3,3,1,0
169,181,ZD,3,3,3,0,0,0,-1,4,4,3,3,3,1,0
169,182,ZD,3,3,3,0,0,0,-1,4,4,3,3,3,1,0
169,183,ZD,3,3,3,0,0,0,-1,4,4,3,3,3,1,0
169,184,ZD,2,3,3,1,0,0,-1,4,4,3,3,3,0,0
169,185,ZD,2,3,2,1,0,0,-1,4,4,3,3,3,0,0
169,186,ZD,2,3,2,1,0,0,-1,4,4,3,3,3,0,0
169,187,ZD,2,3,3,1,0,0,-1,4,4,3,3,3,0,0
169,188,ZD,2,3,3,1,0,0,-1,4,4,3,3,3,0,0
169,189,ZD,2,3,2,1,0,0,-1,4,4,3,3,3,0,0
169,190,ZD,2,3,2,1,0,0,-1,4,4,3,3,3,0,0
169,191,ZD,2,3,3,1,0,0,-1,4,4,3,3,3,0,0
169,192,ZD,2,2,3,1,0,0,-1,4,4,3,3,3,0,0
169,193,ZD,2,2,3,1,0,0,-1,4,4,3,3,3,0,0
169,194,ZD,2,2,3,1,0,0,-1,4,4,3,3,3,0,0
169,195,ZD,2,2,3,1,0,0,-1,4,4,3,3,3,0,0
169,196,ZD,3,3,3,0,0,0,-1,4,4,2,1,2,1,0
169,197,ZD,2,3,2,0,0,0,0,4,4,2,1,2,1,0
169,198,ZD,2,3,2,0,0,0,0,4,4,2,1,2,1,0
169,199,ZD,3,3,3,0,0,0,-1,4,4,2,1,2,1,0
170,171,ZD,3,2,3,0,0,0,-1,4,4,2,1,2,1,0
170,172,ZD,3,2,3,0,0,0,-1,4,4,2,1,2,1,0
170,173,POS,1,1,1,0,0,-1,-1,-1,-1,-1,-1,-1,0,1
170,174,ZD,2,3,2,0,0,0,0,4,4,2,1,2,1,0
170,175,ZD,3,3,3,0,0,0,-1,4,4,2,1,2,1,0
170,176,ZD,3,3,3,0,0,0,-1,4,4,2,1,2,1,0
170,177,ZD,3,3,3,0,0,0,-1,4,4,2,1,2,1,0
170,178,ZD,3,3,3,0,0,0,-1,4,4,2,1,2,1,0
170,179,ZD,3,3,3,0,0,0,-1,4,4,2,1,2,1,0
170,180,ZD,3,3,3,0,0,0,-1,4,4,3,3,3,1,0
170,181,ZD,3,3,3,0,0,0,-1,4,4,3,3,3,1,0
170,182,ZD,3,3,3,0,0,0,-1,4,4,3,3,3,1,0
170,183,ZD,3,3,3,0,0,0,-1,4,4,3,3,3,1,0
170,184,ZD,2,3,3,1,0,0,-1,4,4,3,3,3,0,0
170,185,ZD,2,3,2,1,0,0,-1,4,4,3,3,3,0,0
170,186,ZD,2,3,2,1,0,0,-1,4,4,3,3,3,0,0
170,187,ZD,2,3,3,1,0,0,-1,4,4,3,3,3,0,0
170,188,ZD,2,3,3,1,0,0,-1,4,4,3,3,3,0,0
170,189,ZD,2,3,2,1,0,0,-1,4,4,3,3,3,0,0
170,190,ZD,2,3,2,1,0,0,-1,4,4,3,3,3,0,0
170,191,ZD,2,3,3,1,0,0,-1,4,4,3,3,3,0,0
170,192,ZD,2,2,3,1,0,0,-1,4,4,3,3,3,0,0
170,193,ZD,2,2,3,1,0,0,-1,4,4,3,3,3,0,0
170,194,ZD,2,2,3,1,0,0,-1,4,4,3,3,3,0,0
170,195,ZD,2,2,3,1,0,0,-1,4,4,3,3,3,0,0
170,196,ZD,3,3,3,0,0,0,-1,4,4,2,1,2,1,0
170,197,ZD,2,3,2,0,0,0,0,4,4,2,1,2,1,0
170,198,ZD,2,3,2,0,0,0,0,4,4,2,1,2,1,0
170,199,ZD,3,3,3,0,0,0,-1,4,4,2,1,2,1,0
171,172,POS,1,1,1,0,0,-1,-1,-1,-1,-1,-1,-1,0,1
171,173,ZD,3,2,3,0,0,0,-1,4,4,2,1,2,1,0
171,174,ZD,3,3,3,0,0,0,-1,4,4,2,1,2,1,0
171,175,ZD,2,3,2,0,0,0,0,4,4,2,1,2,1,0
171,176,ZD,3,3,3,0,0,0,-1,4,4,2,1,2,1,0
171,177,ZD,3,3,3,0,0,0,-1,4,4,2,1,2,1,0
171,178,ZD,3,3,3,0,0,0,-1,4,4,2,1,2,1,0
171,179,ZD,3,3,3,0,0,0,-1,4,4,2,1,2,1,0
171,180,ZD,3,3,3,0,0,0,-1,4,4,3,3,3,1,0
171,181,ZD,3,3,3,0,0,0,-1,4,4,3,3,3,1,0
171,182,ZD,3,3,3,0,0,0,-1,4,4,3,3,3,1,0
171,183,ZD,3,3,3,0,0,0,-1,4,4,3,3,3,1,0
171,184,ZD,2,3,2,1,0,0,-1,4,4,3,3,3,0,0
171,185,ZD,2,3,3,1,0,0,-1,4,4,3,3,3,0,0
171,186,ZD,2,3,3,1,0,0,-1,4,4,3,3,3,0,0
171,187,ZD,2,3,2,1,0,0,-1,4,4,3,3,3,0,0
171,188,ZD,2,3,2,1,0,0,-1,4,4,3,3,3,0,0
171,189,ZD,2,3,3,1,0,0,-1,4,4,3,3,3,0,0
171,190,ZD,2,3,3,1,0,0,-1,4,4,3,3,3,0,0
171,191,ZD,2,3,2,1,0,0,-1,4,4,3,3,3,0,0
171,192,ZD,2,2,3,1,0,0,-1,4,4,3,3,3,0,0
171,193,ZD,2,2,3,1,0,0,-1,4,4,3,3,3,0,0
171,194,ZD,2,2,3,1,0,0,-1,4,4,3,3,3,0,0
171,195,ZD,2,2,3,1,0,0,-1,4,4,3,3,3,0,0
171,196,ZD,2,3,2,0,0,0,0,4,4,2,1,2,1,0
171,197,ZD,3,3,3,0,0,0,-1,4,4,2,1,2,1,0
171,198,ZD,3,3,3,0,0,0,-1,4,4,2,1,2,1,0
171,199,ZD,2,3,2,0,0,0,0,4,4,2,1,2,1,0
172,173,ZD,3,2,3,0,0,0,-1,4,4,2,1,2,1,0
172,174,ZD,3,3,3,0,0,0,-1,4,4,2,1,2,1,0
172,175,ZD,2,3,2,0,0,0,0,4,4,2,1,2,1,0
172,176,ZD,3,3,3,0,0,0,-1,4,4,2,1,2,1,0
172,177,ZD,3,3,3,0,0,0,-1,4,4,2,1,2,1,0
172,178,ZD,3,3,3,0,0,0,-1,4,4,2,1,2,1,0
172,179,ZD,3,3,3,0,0,0,-1,4,4,2,1,2,1,0
172,180,ZD,3,3,3,0,0,0,-1,4,4,3,3,3,1,0
172,181,ZD,3,3,3,0,0,0,-1,4,4,3,3,3,1,0
172,182,ZD,3,3,3,0,0,0,-1,4,4,3,3,3,1,0
172,183,ZD,3,3,3,0,0,0,-1,4,4,3,3,3,1,0
172,184,ZD,2,3,2,1,0,0,-1,4,4,3,3,3,0,0
172,185,ZD,2,3,3,1,0,0,-1,4,4,3,3,3,0,0
172,186,ZD,2,3,3,1,0,0,-1,4,4,3,3,3,0,0
172,187,ZD,2,3,2,1,0,0,-1,4,4,3,3,3,0,0
172,188,ZD,2,3,2,1,0,0,-1,4,4,3,3,3,0,0
172,189,ZD,2,3,3,1,0,0,-1,4,4,3,3,3,0,0
172,190,ZD,2,3,3,1,0,0,-1,4,4,3,3,3,0,0
172,191,ZD,2,3,2,1,0,0,-1,4,4,3,3,3,0,0
172,192,ZD,2,2,3,1,0,0,-1,4,4,3,3,3,0,0
172,193,ZD,2,2,3,1,0,0,-1,4,4,3,3,3,0,0
172,194,ZD,2,2,3,1,0,0,-1,4,4,3,3,3,0,0
172,195,ZD,2,2,3,1,0,0,-1,4,4,3,3,3,0,0
172,196,ZD,2,3,2,0,0,0,0,4,4,2,1,2,1,0
172,197,ZD,3,3,3,0,0,0,-1,4,4,2,1,2,1,0
172,198,ZD,3,3,3,0,0,0,-1,4,4,2,1,2,1,0
172,199,ZD,2,3,2,0,0,0,0,4,4,2,1,2,1,0
173,174,ZD,2,3,2,0,0,0,0,4,4,2,1,2,1,0
173,175,ZD,3,3,3,0,0,0,-1,4,4,2,1,2,1,0
173,176,ZD,3,3,3,0,0,0,-1,4,4,2,1,2,1,0
173,177,ZD,3,3,3,0,0,0,-1,4,4,2,1,2,1,0
173,178,ZD,3,3,3,0,0,0,-1,4,4,2,1,2,1,0
173,179,ZD,3,3,3,0,0,0,-1,4,4,2,1,2,1,0
173,180,ZD,3,3,3,0,0,0,-1,4,4,3,3,3,1,0
173,181,ZD,3,3,3,0,0,0,-1,4,4,3,3,3,1,0
173,182,ZD,3,3,3,0,0,0,-1,4,4,3,3,3,1,0
173,183,ZD,3,3,3,0,0,0,-1,4,4,3,3,3,1,0
173,184,ZD,2,3,3,1,0,0,-1,4,4,3,3,3,0,0
173,185,ZD,2,3,2,1,0,0,-1,4,4,3,3,3,0,0
173,186,ZD,2,3,2,1,0,0,-1,4,4,3,3,3,0,0
173,187,ZD,2,3,3,1,0,0,-1,4,4,3,3,3,0,0
173,188,ZD,2,3,3,1,0,0,-1,4,4,3,3,3,0,0
173,189,ZD,2,3,2,1,0,0,-1,4,4,3,3,3,0,0
173,190,ZD,2,3,2,1,0,0,-1,4,4,3,3,3,0,0
173,191,ZD,2,3,3,1,0,0,-1,4,4,3,3,3,0,0
173,192,ZD,2,2,3,1,0,0,-1,4,4,3,3,3,0,0
173,193,ZD,2,2,3,1,0,0,-1,4,4,3,3,3,0,0
173,194,ZD,2,2,3,1,0,0,-1,4,4,3,3,3,0,0
173,195,ZD,2,2,3,1,0,0,-1,4,4,3,3,3,0,0
173,196,ZD,3,3,3,0,0,0,-1,4,4,2,1,2,1,0
173,197,ZD,2,3,2,0,0,0,0,4,4,2,1,2,1,0
173,198,ZD,2,3,2,0,0,0,0,4,4,2,1,2,1,0
173,199,ZD,3,3,3,0,0,0,-1,4,4,2,1,2,1,0
174,175,ZD,3,2,3,0,0,0,-1,4,4,2,1,2,1,0
174,176,ZD,3,3,3,0,0,0,-1,4,4,2,1,2,1,0
174,177,ZD,3,3,3,0,0,0,-1,4,4,2,1,2,1,0
174,178,ZD,3,3,3,0,0,0,-1,4,4,2,1,2,1,0
174,179,ZD,3,3,3,0,0,0,-1,4,4,2,1,2,1,0
174,180,ZD,3,3,3,0,0,0,-1,4,4,3,3,3,1,0
174,181,ZD,3,3,3,0,0,0,-1,4,4,3,3,3,1,0
174,182,ZD,3,3,3,0,0,0,-1,4,4,3,3,3,1,0
174,183,ZD,3,3,3,0,0,0,-1,4,4,3,3,3,1,0
174,184,ZD,2,3,3,1,0,0,-1,4,4,3,3,3,0,0
174,185,ZD,2,3,2,1,0,0,-1,4,4,3,3,3,0,0
174,186,ZD,2,3,2,1,0,0,-1,4,4,3,3,3,0,0
174,187,ZD,2,3,3,1,0,0,-1,4,4,3,3,3,0,0
174,188,ZD,2,3,3,1,0,0,-1,4,4,3,3,3,0,0
174,189,ZD,2,3,2,1,0,0,-1,4,4,3,3,3,0,0
174,190,ZD,2,3,2,1,0,0,-1,4,4,3,3,3,0,0
174,191,ZD,2,3,3,1,0,0,-1,4,4,3,3,3,0,0
174,192,ZD,2,2,3,1,0,0,-1,4,4,3,3,3,0,0
174,193,ZD,2,2,3,1,0,0,-1,4,4,3,3,3,0,0
174,194,ZD,2,2,3,1,0,0,-1,4,4,3,3,3,0,0
174,195,ZD,2,2,3,1,0,0,-1,4,4,3,3,3,0,0
174,196,ZD,3,3,3,0,0,0,-1,4,4,2,1,2,1,0
174,197,ZD,2,3,2,0,0,0,0,4,4,2,1,2,1,0
174,198,ZD,2,3,2,0,0,0,0,4,4,2,1,2,1,0
174,199,ZD,3,3,3,0,0,0,-1,4,4,2,1,2,1,0
175,176,ZD,3,3,3,0,0,0,-1,4,4,2,1,2,1,0
175,177,ZD,3,3,3,0,0,0,-1,4,4,2,1,2,1,0
175,178,ZD,3,3,3,0,0,0,-1,4,4,2,1,2,1,0
175,179,ZD,3,3,3,0,0,0,-1,4,4,2,1,2,1,0
175,180,ZD,3,3,3,0,0,0,-1,4,4,3,3,3,1,0
175,181,ZD,3,3,3,0,0,0,-1,4,4,3,3,3,1,0
175,182,ZD,3,3,3,0,0,0,-1,4,4,3,3,3,1,0
175,183,ZD,3,3,3,0,0,0,-1,4,4,3,3,3,1,0
175,184,ZD,2,3,2,1,0,0,-1,4,4,3,3,3,0,0
175,185,ZD,2,3,3,1,0,0,-1,4,4,3,3,3,0,0
175,186,ZD,2,3,3,1,0,0,-1,4,4,3,3,3,0,0
175,187,ZD,2,3,2,1,0,0,-1,4,4,3,3,3,0,0
175,188,ZD,2,3,2,1,0,0,-1,4,4,3,3,3,0,0
175,189,ZD,2,3,3,1,0,0,-1,4,4,3,3,3,0,0
175,190,ZD,2,3,3,1,0,0,-1,4,4,3,3,3,0,0
175,191,ZD,2,3,2,1,0,0,-1,4,4,3,3,3,0,0
175,192,ZD,2,2,3,1,0,0,-1,4,4,3,3,3,0,0
175,193,ZD,2,2,3,1,0,0,-1,4,4,3,3,3,0,0
175,194,ZD,2,2,3,1,0,0,-1,4,4,3,3,3,0,0
175,195,ZD,2,2,3,1,0,0,-1,4,4,3,3,3,0,0
175,196,ZD,2,3,2,0,0,0,0,4,4,2,1,2,1,0
175,197,ZD,3,3,3,0,0,0,-1,4,4,2,1,2,1,0
175,198,ZD,3,3,3,0,0,0,-1,4,4,2,1,2,1,0
175,199,ZD,2,3,2,0,0,0,0,4,4,2,1,2,1,0
176,177,ZD,2,2,2,0,0,0,0,4,4,2,1,2,1,0
176,178,ZD,2,2,2,0,0,0,0,4,4,2,1,2,1,0
176,179,POS,1,1,1,0,0,-1,-1,-1,-1,-1,-1,-1,0,1
176,180,ZD,3,3,3,0,0,0,-1,4,4,3,3,3,1,0
176,181,ZD,3,3,3,0,0,0,-1,4,4,3,3,3,1,0
176,182,ZD,3,3,3,0,0,0,-1,4,4,3,3,3,1,0
176,183,ZD,3,3,3,0,0,0,-1,4,4,3,3,3,1,0
176,184,ZD,2,3,3,1,0,0,-1,4,4,3,3,3,0,0
176,185,ZD,2,3,3,1,0,0,-1,4,4,3,3,3,0,0
176,186,ZD,2,3,3,1,0,0,-1,4,4,3,3,3,0,0
176,187,ZD,2,3,3,1,0,0,-1,4,4,3,3,3,0,0
176,188,ZD,2,3,3,1,0,0,-1,4,4,3,3,3,0,0
176,189,ZD,2,3,3,1,0,0,-1,4,4,3,3,3,0,0
176,190,ZD,2,3,3,1,0,0,-1,4,4,3,3,3,0,0
176,191,ZD,2,3,3,1,0,0,-1,4,4,3,3,3,0,0
176,192,ZD,2,2,2,1,0,0,-1,4,4,3,3,3,0,0
176,193,ZD,2,2,2,1,0,0,-1,4,4,3,3,3,0,0
176,194,ZD,2,2,2,1,0,0,-1,4,4,3,3,3,0,0
176,195,ZD,2,2,2,1,0,0,-1,4,4,3,3,3,0,0
176,196,ZD,3,3,3,0,0,0,-1,4,4,2,1,2,1,0
176,197,ZD,3,3,3,0,0,0,-1,4,4,2,1,2,1,0
176,198,ZD,3,3,3,0,0,0,-1,4,4,2,1,2,1,0
176,199,ZD,3,3,3,0,0,0,-1,4,4,2,1,2,1,0
177,178,POS,1,1,1,0,0,-1,-1,-1,-1,-1,-1,-1,0,1
177,179,ZD,2,2,2,0,0,0,0,4,4,2,1,2,1,0
177,180,ZD,3,3,3,0,0,0,-1,4,4,3,3,3,1,0
177,181,ZD,3,3,3,0,0,0,-1,4,4,3,3,3,1,0
177,182,ZD,3,3,3,0,0,0,-1,4,4,3,3,3,1,0
177,183,ZD,3,3,3,0,0,0,-1,4,4,3,3,3,1,0
177,184,ZD,2,3,3,1,0,0,-1,3,3,2,2,2,0,0
177,185,ZD,2,3,3,1,0,0,-1,3,3,2,2,2,0,0
177,186,ZD,2,3,3,1,0,0,-1,3,3,2,2,2,0,0
177,187,ZD,2,3,3,1,0,0,-1,3,3,2,2,2,0,0
177,188,ZD,2,3,3,1,0,0,-1,3,3,2,2,2,0,0
177,189,ZD,2,3,3,1,0,0,-1,3,3,2,2,2,0,0
177,190,ZD,2,3,3,1,0,0,-1,3,3,2,2,2,0,0
177,191,ZD,2,3,3,1,0,0,-1,3,3,2,2,2,0,0
177,192,ZD,2,2,2,1,0,0,-1,4,4,3,3,3,0,0
177,193,ZD,2,2,2,1,0,0,-1,4,4,3,3,3,0,0
177,194,ZD,2,2,2,1,0,0,-1,4,4,3,3,3,0,0
177,195,ZD,2,2,2,1,0,0,-1,4,4,3,3,3,0,0
177,196,POS,2,2,2,0,0,-1,-1,-1,-1,-1,-1,-1,0,1
177,197,POS,2,2,2,0,0,-1,-1,-1,-1,-1,-1,-1,0,1
177,198,POS,2,2,2,0,0,-1,-1,-1,-1,-1,-1,-1,0,1
177,199,POS,2,2,2,0,0,-1,-1,-1,-1,-1,-1,-1,0,1
178,179,ZD,2,2,2,0,0,0,0,4,4,2,1,2,1,0
178,180,ZD,3,3,3,0,0,0,-1,4,4,3,3,3,1,0
178,181,ZD,3,3,3,0,0,0,-1,4,4,3,3,3,1,0
178,182,ZD,3,3,3,0,0,0,-1,4,4,3,3,3,1,0
178,183,ZD,3,3,3,0,0,0,-1,4,4,3,3,3,1,0
178,184,ZD,2,3,3,1,0,0,-1,3,3,2,2,2,0,0
178,185,ZD,2,3,3,1,0,0,-1,3,3,2,2,2,0,0
178,186,ZD,2,3,3,1,0,0,-1,3,3,2,2,2,0,0
178,187,ZD,2,3,3,1,0,0,-1,3,3,2,2,2,0,0
178,188,ZD,2,3,3,1,0,0,-1,3,3,2,2,2,0,0
178,189,ZD,2,3,3,1,0,0,-1,3,3,2,2,2,0,0
178,190,ZD,2,3,3,1,0,0,-1,3,3,2,2,2,0,0
178,191,ZD,2,3,3,1,0,0,-1,3,3,2,2,2,0,0
178,192,ZD,2,2,2,1,0,0,-1,4,4,3,3,3,0,0
178,193,ZD,2,2,2,1,0,0,-1,4,4,3,3,3,0,0
178,194,ZD,2,2,2,1,0,0,-1,4,4,3,3,3,0,0
178,195,ZD,2,2,2,1,0,0,-1,4,4,3,3,3,0,0
178,196,POS,2,2,2,0,0,-1,-1,-1,-1,-1,-1,-1,0,1
178,197,POS,2,2,2,0,0,-1,-1,-1,-1,-1,-1,-1,0,1
178,198,POS,2,2,2,0,0,-1,-1,-1,-1,-1,-1,-1,0,1
178,199,POS,2,2,2,0,0,-1,-1,-1,-1,-1,-1,-1,0,1
179,180,ZD,3,3,3,0,0,0,-1,4,4,3,3,3,1,0
179,181,ZD,3,3,3,0,0,0,-1,4,4,3,3,3,1,0
179,182,ZD,3,3,3,0,0,0,-1,4,4,3,3,3,1,0
179,183,ZD,3,3,3,0,0,0,-1,4,4,3,3,3,1,0
179,184,ZD,2,3,3,1,0,0,-1,4,4,3,3,3,0,0
179,185,ZD,2,3,3,1,0,0,-1,4,4,3,3,3,0,0
179,186,ZD,2,3,3,1,0,0,-1,4,4,3,3,3,0,0
179,187,ZD,2,3,3,1,0,0,-1,4,4,3,3,3,0,0
179,188,ZD,2,3,3,1,0,0,-1,4,4,3,3,3,0,0
179,189,ZD,2,3,3,1,0,0,-1,4,4,3,3,3,0,0
179,190,ZD,2,3,3,1,0,0,-1,4,4,3,3,3,0,0
179,191,ZD,2,3,3,1,0,0,-1,4,4,3,3,3,0,0
179,192,ZD,2,2,2,1,0,0,-1,4,4,3,3,3,0,0
179,193,ZD,2,2,2,1,0,0,-1,4,4,3,3,3,0,0
179,194,ZD,2,2,2,1,0,0,-1,4,4,3,3,3,0,0
179,195,ZD,2,2,2,1,0,0,-1,4,4,3,3,3,0,0
179,196,ZD,3,3,3,0,0,0,-1,4,4,2,1,2,1,0
179,197,ZD,3,3,3,0,0,0,-1,4,4,2,1,2,1,0
179,198,ZD,3,3,3,0,0,0,-1,4,4,2,1,2,1,0
179,199,ZD,3,3,3,0,0,0,-1,4,4,2,1,2,1,0
180,181,POS,1,1,1,0,0,-1,-1,-1,-1,-1,-1,-1,0,1
180,182,POS,1,1,1,0,0,-1,-1,-1,-1,-1,-1,-1,0,1
180,183,POS,1,1,1,0,0,-1,-1,-1,-1,-1,-1,-1,0,1
180,184,POS,2,2,2,0,0,-1,-1,-1,-1,-1,-1,-1,0,1
180,185,POS,2,2,2,0,0,-1,-1,-1,-1,-1,-1,-1,0,1
180,186,POS,2,2,2,0,0,-1,-1,-1,-1,-1,-1,-1,0,1
180,187,POS,2,2,2,0,0,-1,-1,-1,-1,-1,-1,-1,0,1
180,188,POS,2,2,2,0,0,-1,-1,-1,-1,-1,-1,-1,0,1
180,189,POS,2,2,2,0,0,-1,-1,-1,-1,-1,-1,-1,0,1
180,190,POS,2,2,2,0,0,-1,-1,-1,-1,-1,-1,-1,0,1
180,191,POS,2,2,2,0,0,-1,-1,-1,-1,-1,-1,-1,0,1
180,192,POS,2,2,2,0,0,-1,-1,-1,-1,-1,-1,-1,0,1
180,193,POS,2,2,2,0,0,-1,-1,-1,-1,-1,-1,-1,0,1
180,194,POS,2,2,2,0,0,-1,-1,-1,-1,-1,-1,-1,0,1
180,195,POS,2,2,2,0,0,-1,-1,-1,-1,-1,-1,-1,0,1
180,196,POS,2,2,2,0,0,-1,-1,-1,-1,-1,-1,-1,0,1
180,197,POS,2,2,2,0,0,-1,-1,-1,-1,-1,-1,-1,0,1
180,198,POS,2,2,2,0,0,-1,-1,-1,-1,-1,-1,-1,0,1
180,199,POS,2,2,2,0,0,-1,-1,-1,-1,-1,-1,-1,0,1
181,182,POS,1,1,1,0,0,-1,-1,-1,-1,-1,-1,-1,0,1
181,183,POS,1,1,1,0,0,-1,-1,-1,-1,-1,-1,-1,0,1
181,184,POS,2,2,2,0,0,-1,-1,-1,-1,-1,-1,-1,0,1
181,185,POS,2,2,2,0,0,-1,-1,-1,-1,-1,-1,-1,0,1
181,186,POS,2,2,2,0,0,-1,-1,-1,-1,-1,-1,-1,0,1
181,187,POS,2,2,2,0,0,-1,-1,-1,-1,-1,-1,-1,0,1
181,188,POS,2,2,2,0,0,-1,-1,-1,-1,-1,-1,-1,0,1
181,189,POS,2,2,2,0,0,-1,-1,-1,-1,-1,-1,-1,0,1
181,190,POS,2,2,2,0,0,-1,-1,-1,-1,-1,-1,-1,0,1
181,191,POS,2,2,2,0,0,-1,-1,-1,-1,-1,-1,-1,0,1
181,192,POS,2,2,2,0,0,-1,-1,-1,-1,-1,-1,-1,0,1
181,193,POS,2,2,2,0,0,-1,-1,-1,-1,-1,-1,-1,0,1
181,194,POS,2,2,2,0,0,-1,-1,-1,-1,-1,-1,-1,0,1
181,195,POS,2,2,2,0,0,-1,-1,-1,-1,-1,-1,-1,0,1
181,196,POS,2,2,2,0,0,-1,-1,-1,-1,-1,-1,-1,0,1
181,197,POS,2,2,2,0,0,-1,-1,-1,-1,-1,-1,-1,0,1
181,198,POS,2,2,2,0,0,-1,-1,-1,-1,-1,-1,-1,0,1
181,199,POS,2,2,2,0,0,-1,-1,-1,-1,-1,-1,-1,0,1
182,183,POS,1,1,1,0,0,-1,-1,-1,-1,-1,-1,-1,0,1
182,184,POS,2,2,2,0,0,-1,-1,-1,-1,-1,-1,-1,0,1
182,185,POS,2,2,2,0,0,-1,-1,-1,-1,-1,-1,-1,0,1
182,186,POS,2,2,2,0,0,-1,-1,-1,-1,-1,-1,-1,0,1
182,187,POS,2,2,2,0,0,-1,-1,-1,-1,-1,-1,-1,0,1
182,188,POS,2,2,2,0,0,-1,-1,-1,-1,-1,-1,-1,0,1
182,189,POS,2,2,2,0,0,-1,-1,-1,-1,-1,-1,-1,0,1
182,190,POS,2,2,2,0,0,-1,-1,-1,-1,-1,-1,-1,0,1
182,191,POS,2,2,2,0,0,-1,-1,-1,-1,-1,-1,-1,0,1
182,192,POS,2,2,2,0,0,-1,-1,-1,-1,-1,-1,-1,0,1
182,193,POS,2,2,2,0,0,-1,-1,-1,-1,-1,-1,-1,0,1
182,194,POS,2,2,2,0,0,-1,-1,-1,-1,-1,-1,-1,0,1
182,195,POS,2,2,2,0,0,-1,-1,-1,-1,-1,-1,-1,0,1
182,196,POS,2,2,2,0,0,-1,-1,-1,-1,-1,-1,-1,0,1
182,197,POS,2,2,2,0,0,-1,-1,-1,-1,-1,-1,-1,0,1
182,198,POS,2,2,2,0,0,-1,-1,-1,-1,-1,-1,-1,0,1
182,199,POS,2,2,2,0,0,-1,-1,-1,-1,-1,-1,-1,0,1
183,184,POS,2,2,2,0,0,-1,-1,-1,-1,-1,-1,-1,0,1
183,185,POS,2,2,2,0,0,-1,-1,-1,-1,-1,-1,-1,0,1
183,186,POS,2,2,2,0,0,-1,-1,-1,-1,-1,-1,-1,0,1
183,187,POS,2,2,2,0,0,-1,-1,-1,-1,-1,-1,-1,0,1
183,188,POS,2,2,2,0,0,-1,-1,-1,-1,-1,-1,-1,0,1
183,189,POS,2,2,2,0,0,-1,-1,-1,-1,-1,-1,-1,0,1
183,190,POS,2,2,2,0,0,-1,-1,-1,-1,-1,-1,-1,0,1
183,191,POS,2,2,2,0,0,-1,-1,-1,-1,-1,-1,-1,0,1
183,192,POS,2,2,2,0,0,-1,-1,-1,-1,-1,-1,-1,0,1
183,193,POS,2,2,2,0,0,-1,-1,-1,-1,-1,-1,-1,0,1
183,194,POS,2,2,2,0,0,-1,-1,-1,-1,-1,-1,-1,0,1
183,195,POS,2,2,2,0,0,-1,-1,-1,-1,-1,-1,-1,0,1
183,196,POS,2,2,2,0,0,-1,-1,-1,-1,-1,-1,-1,0,1
183,197,POS,2,2,2,0,0,-1,-1,-1,-1,-1,-1,-1,0,1
183,198,POS,2,2,2,0,0,-1,-1,-1,-1,-1,-1,-1,0,1
183,199,POS,2,2,2,0,0,-1,-1,-1,-1,-1,-1,-1,0,1
184,185,POS,2,2,2,0,0,-1,-1,-1,-1,-1,-1,-1,0,1
184,186,POS,2,2,2,0,0,-1,-1,-1,-1,-1,-1,-1,0,1
184,187,POS,1,1,1,0,0,-1,-1,-1,-1,-1,-1,-1,0,1
184,188,POS,1,1,1,0,0,-1,-1,-1,-1,-1,-1,-1,0,1
184,189,POS,2,2,2,0,0,-1,-1,-1,-1,-1,-1,-1,0,1
184,190,POS,2,2,2,0,0,-1,-1,-1,-1,-1,-1,-1,0,1
184,191,POS,1,1,1,0,0,-1,-1,-1,-1,-1,-1,-1,0,1
184,192,POS,2,2,2,0,0,-1,-1,-1,-1,-1,-1,-1,0,1
184,193,POS,2,2,2,0,0,-1,-1,-1,-1,-1,-1,-1,0,1
184,194,POS,2,2,2,0,0,-1,-1,-1,-1,-1,-1,-1,0,1
184,195,POS,2,2,2,0,0,-1,-1,-1,-1,-1,-1,-1,0,1
184,196,POS,1,1,1,0,0,-1,-1,-1,-1,-1,-1,-1,0,1
184,197,POS,2,2,2,0,0,-1,-1,-1,-1,-1,-1,-1,0,1
184,198,POS,2,2,2,0,0,-1,-1,-1,-1,-1,-1,-1,0,1
184,199,POS,1,1,1,0,0,-1,-1,-1,-1,-1,-1,-1,0,1
185,186,POS,1,1,1,0,0,-1,-1,-1,-1,-1,-1,-1,0,1
185,187,POS,2,2,2,0,0,-1,-1,-1,-1,-1,-1,-1,0,1
185,188,POS,2,2,2,0,0,-1,-1,-1,-1,-1,-1,-1,0,1
185,189,POS,1,1,1,0,0,-1,-1,-1,-1,-1,-1,-1,0,1
185,190,POS,1,1,1,0,0,-1,-1,-1,-1,-1,-1,-1,0,1
185,191,POS,2,2,2,0,0,-1,-1,-1,-1,-1,-1,-1,0,1
185,192,POS,2,2,2,0,0,-1,-1,-1,-1,-1,-1,-1,0,1
185,193,POS,2,2,2,0,0,-1,-1,-1,-1,-1,-1,-1,0,1
185,194,POS,2,2,2,0,0,-1,-1,-1,-1,-1,-1,-1,0,1
185,195,POS,2,2,2,0,0,-1,-1,-1,-1,-1,-1,-1,0,1
185,196,POS,2,2,2,0,0,-1,-1,-1,-1,-1,-1,-1,0,1
185,197,POS,1,1,1,0,0,-1,-1,-1,-1,-1,-1,-1,0,1
185,198,POS,1,1,1,0,0,-1,-1,-1,-1,-1,-1,-1,0,1
185,199,POS,2,2,2,0,0,-1,-1,-1,-1,-1,-1,-1,0,1
186,187,POS,2,2,2,0,0,-1,-1,-1,-1,-1,-1,-1,0,1
186,188,POS,2,2,2,0,0,-1,-1,-1,-1,-1,-1,-1,0,1
186,189,POS,1,1,1,0,0,-1,-1,-1,-1,-1,-1,-1,0,1
186,190,POS,1,1,1,0,0,-1,-1,-1,-1,-1,-1,-1,0,1
186,191,POS,2,2,2,0,0,-1,-1,-1,-1,-1,-1,-1,0,1
186,192,POS,2,2,2,0,0,-1,-1,-1,-1,-1,-1,-1,0,1
186,193,POS,2,2,2,0,0,-1,-1,-1,-1,-1,-1,-1,0,1
186,194,POS,2,2,2,0,0,-1,-1,-1,-1,-1,-1,-1,0,1
186,195,POS,2,2,2,0,0,-1,-1,-1,-1,-1,-1,-1,0,1
186,196,POS,2,2,2,0,0,-1,-1,-1,-1,-1,-1,-1,0,1
186,197,POS,1,1,1,0,0,-1,-1,-1,-1,-1,-1,-1,0,1
186,198,POS,1,1,1,0,0,-1,-1,-1,-1,-1,-1,-1,0,1
186,199,POS,2,2,2,0,0,-1,-1,-1,-1,-1,-1,-1,0,1
187,188,POS,1,1,1,0,0,-1,-1,-1,-1,-1,-1,-1,0,1
187,189,POS,2,2,2,0,0,-1,-1,-1,-1,-1,-1,-1,0,1
187,190,POS,2,2,2,0,0,-1,-1,-1,-1,-1,-1,-1,0,1
187,191,POS,1,1,1,0,0,-1,-1,-1,-1,-1,-1,-1,0,1
187,192,POS,2,2,2,0,0,-1,-1,-1,-1,-1,-1,-1,0,1
187,193,POS,2,2,2,0,0,-1,-1,-1,-1,-1,-1,-1,0,1
187,194,POS,2,2,2,0,0,-1,-1,-1,-1,-1,-1,-1,0,1
187,195,POS,2,2,2,0,0,-1,-1,-1,-1,-1,-1,-1,0,1
187,196,POS,1,1,1,0,0,-1,-1,-1,-1,-1,-1,-1,0,1
187,197,POS,2,2,2,0,0,-1,-1,-1,-1,-1,-1,-1,0,1
187,198,POS,2,2,2,0,0,-1,-1,-1,-1,-1,-1,-1,0,1
187,199,POS,1,1,1,0,0,-1,-1,-1,-1,-1,-1,-1,0,1
188,189,POS,2,2,2,0,0,-1,-1,-1,-1,-1,-1,-1,0,1
188,190,POS,2,2,2,0,0,-1,-1,-1,-1,-1,-1,-1,0,1
188,191,POS,1,1,1,0,0,-1,-1,-1,-1,-1,-1,-1,0,1
188,192,POS,2,2,2,0,0,-1,-1,-1,-1,-1,-1,-1,0,1
188,193,POS,2,2,2,0,0,-1,-1,-1,-1,-1,-1,-1,0,1
188,194,POS,2,2,2,0,0,-1,-1,-1,-1,-1,-1,-1,0,1
188,195,POS,2,2,2,0,0,-1,-1,-1,-1,-1,-1,-1,0,1
188,196,POS,1,1,1,0,0,-1,-1,-1,-1,-1,-1,-1,0,1
188,197,POS,2,2,2,0,0,-1,-1,-1,-1,-1,-1,-1,0,1
188,198,POS,2,2,2,0,0,-1,-1,-1,-1,-1,-1,-1,0,1
188,199,POS,1,1,1,0,0,-1,-1,-1,-1,-1,-1,-1,0,1
189,190,POS,1,1,1,0,0,-1,-1,-1,-1,-1,-1,-1,0,1
189,191,POS,2,2,2,0,0,-1,-1,-1,-1,-1,-1,-1,0,1
189,192,POS,2,2,2,0,0,-1,-1,-1,-1,-1,-1,-1,0,1
189,193,POS,2,2,2,0,0,-1,-1,-1,-1,-1,-1,-1,0,1
189,194,POS,2,2,2,0,0,-1,-1,-1,-1,-1,-1,-1,0,1
189,195,POS,2,2,2,0,0,-1,-1,-1,-1,-1,-1,-1,0,1
189,196,POS,2,2,2,0,0,-1,-1,-1,-1,-1,-1,-1,0,1
189,197,POS,1,1,1,0,0,-1,-1,-1,-1,-1,-1,-1,0,1
189,198,POS,1,1,1,0,0,-1,-1,-1,-1,-1,-1,-1,0,1
189,199,POS,2,2,2,0,0,-1,-1,-1,-1,-1,-1,-1,0,1
190,191,POS,2,2,2,0,0,-1,-1,-1,-1,-1,-1,-1,0,1
190,192,POS,2,2,2,0,0,-1,-1,-1,-1,-1,-1,-1,0,1
190,193,POS,2,2,2,0,0,-1,-1,-1,-1,-1,-1,-1,0,1
190,194,POS,2,2,2,0,0,-1,-1,-1,-1,-1,-1,-1,0,1
190,195,POS,2,2,2,0,0,-1,-1,-1,-1,-1,-1,-1,0,1
190,196,POS,2,2,2,0,0,-1,-1,-1,-1,-1,-1,-1,0,1
190,197,POS,1,1,1,0,0,-1,-1,-1,-1,-1,-1,-1,0,1
190,198,POS,1,1,1,0,0,-1,-1,-1,-1,-1,-1,-1,0,1
190,199,POS,2,2,2,0,0,-1,-1,-1,-1,-1,-1,-1,0,1
191,192,POS,2,2,2,0,0,-1,-1,-1,-1,-1,-1,-1,0,1
191,193,POS,2,2,2,0,0,-1,-1,-1,-1,-1,-1,-1,0,1
191,194,POS,2,2,2,0,0,-1,-1,-1,-1,-1,-1,-1,0,1
191,195,POS,2,2,2,0,0,-1,-1,-1,-1,-1,-1,-1,0,1
191,196,POS,1,1,1,0,0,-1,-1,-1,-1,-1,-1,-1,0,1
191,197,POS,2,2,2,0,0,-1,-1,-1,-1,-1,-1,-1,0,1
191,198,POS,2,2,2,0,0,-1,-1,-1,-1,-1,-1,-1,0,1
191,199,POS,1,1,1,0,0,-1,-1,-1,-1,-1,-1,-1,0,1
192,193,POS,1,1,1,0,0,-1,-1,-1,-1,-1,-1,-1,0,1
192,194,POS,1,1,1,0,0,-1,-1,-1,-1,-1,-1,-1,0,1
192,195,POS,1,1,1,0,0,-1,-1,-1,-1,-1,-1,-1,0,1
192,196,POS,2,2,2,0,0,-1,-1,-1,-1,-1,-1,-1,0,1
192,197,POS,2,2,2,0,0,-1,-1,-1,-1,-1,-1,-1,0,1
192,198,POS,2,2,2,0,0,-1,-1,-1,-1,-1,-1,-1,0,1
192,199,POS,2,2,2,0,0,-1,-1,-1,-1,-1,-1,-1,0,1
193,194,POS,1,1,1,0,0,-1,-1,-1,-1,-1,-1,-1,0,1
193,195,POS,1,1,1,0,0,-1,-1,-1,-1,-1,-1,-1,0,1
193,196,POS,2,2,2,0,0,-1,-1,-1,-1,-1,-1,-1,0,1
193,197,POS,2,2,2,0,0,-1,-1,-1,-1,-1,-1,-1,0,1
193,198,POS,2,2,2,0,0,-1,-1,-1,-1,-1,-1,-1,0,1
193,199,POS,2,2,2,0,0,-1,-1,-1,-1,-1,-1,-1,0,1
194,195,POS,1,1,1,0,0,-1,-1,-1,-1,-1,-1,-1,0,1
194,196,POS,2,2,2,0,0,-1,-1,-1,-1,-1,-1,-1,0,1
194,197,POS,2,2,2,0,0,-1,-1,-1,-1,-1,-1,-1,0,1
194,198,POS,2,2,2,0,0,-1,-1,-1,-1,-1,-1,-1,0,1
194,199,POS,2,2,2,0,0,-1,-1,-1,-1,-1,-1,-1,0,1
195,196,POS,2,2,2,0,0,-1,-1,-1,-1,-1,-1,-1,0,1
195,197,POS,2,2,2,0,0,-1,-1,-1,-1,-1,-1,-1,0,1
195,198,POS,2,2,2,0,0,-1,-1,-1,-1,-1,-1,-1,0,1
195,199,POS,2,2,2,0,0,-1,-1,-1,-1,-1,-1,-1,0,1
196,197,POS,2,2,2,0,0,-1,-1,-1,-1,-1,-1,-1,0,1
196,198,POS,2,2,2,0,0,-1,-1,-1,-1,-1,-1,-1,0,1
196,199,POS,1,1,1,0,0,-1,-1,-1,-1,-1,-1,-1,0,1
197,198,POS,1,1,1,0,0,-1,-1,-1,-1,-1,-1,-1,0,1
197,199,POS,2,2,2,0,0,-1,-1,-1,-1,-1,-1,-1,0,1
198,199,POS,2,2,2,0,0,-1,-1,-1,-1,-1,-1,-1,0,1
