d | heights | reg
2 | [2.5360150476328512380934459508291131099] | 2.5360150476328512380934459508291131099
-2 | [0.18301909315009310694484484296569462482] | 0.18301909315009310694484484296569462482
6 | [8.6205571083123025260509181824940227579] | 8.6205571083123025260509181824940227579
-6 | [0.67624583846740655602001536874585615885] | 0.67624583846740655602001536874585615885
7 | [6.0937789477377874385930487001112573027] | 6.0937789477377874385930487001112573027
-7 | [2.7784036785497004916060805773814230990] | 2.7784036785497004916060805773814230990
10 | [11.126474331473394133057381465260367365] | 11.126474331473394133057381465260367365
-10 | [1.2112877051824446084707681459120340606] | 1.2112877051824446084707681459120340606
11 | [4.4148604021480309257543994899003576789] | 4.4148604021480309257543994899003576789
13 | [6.4244302828039167698966192615804933061] | 6.4244302828039167698966192615804933061
-13 | [1.2724914213574894838748000407405632600] | 1.2724914213574894838748000407405632600
17 | [3.3403405228328915457206387173923364089] | 3.3403405228328915457206387173923364089
-17 | [1.0749823067946223029100638795603965987] | 1.0749823067946223029100638795603965987
19 | [17.393769128511595628952277318978259357] | 17.393769128511595628952277318978259357
-19 | [1.1225675167272302521928779174776140001] | 1.1225675167272302521928779174776140001
21 | [13.202029789822232847435750752510828469] | 13.202029789822232847435750752510828469
-21 | [2.0536111220026728385538556863819998562] | 2.0536111220026728385538556863819998562
22 | [5.3522296200089657352075869960312428449] | 5.3522296200089657352075869960312428449
29 | [20.636793156758853436026606738063770602] | 20.636793156758853436026606738063770602
-29 | [2.7904308534127025806128752203989972453] | 2.7904308534127025806128752203989972453
30 | [27.578722056627065687891944631728887331] | 27.578722056627065687891944631728887331
-30 | [3.4635614277238139334955461029572345439] | 3.4635614277238139334955461029572345439
33 | [1.5311503328197968916248120549183746794] | 1.5311503328197968916248120549183746794
-35 | [1.5507559072889285575361121066073257631] | 1.5507559072889285575361121066073257631
-39 | [0.63725302061930789579007234062538153336] | 0.63725302061930789579007234062538153336
41 | [7.9248137834432853442560286968937592726] | 7.9248137834432853442560286968937592726
-41 | [2.0951704761795529711406100691532076241] | 2.0951704761795529711406100691532076241
43 | [14.614356081888389604634087921757242149] | 14.614356081888389604634087921757242149
-43 | [2.6703786593918208253792461790515928519] | 2.6703786593918208253792461790515928519
46 | [19.761828231611239427636241825838181925] | 19.761828231611239427636241825838181925
-46 | [5.0319122782945784424485288821087763680] | 5.0319122782945784424485288821087763680
-47 | [1.3808211837118048003415125819390766348, 1.4151613207318603873093506799425013635] | 1.7028589088340650874922104335303705609
-51 | [3.1921734151621165163598480769023206657] | 3.1921734151621165163598480769023206657
55 | [15.192871703379763800227320339196225651] | 15.192871703379763800227320339196225651
57 | [4.8238624064747219082456998416005349078] | 4.8238624064747219082456998416005349078
-57 | [4.0990990799499908491408225548944277891] | 4.0990990799499908491408225548944277891
58 | [2.4553111655545550946358068375786783651, 2.8046802178540503336463881561418099693] | 6.4730071080165401536315084912273764155
-61 | [5.3140933078085279307892843896315286401] | 5.3140933078085279307892843896315286401
-62 | [2.6318881116317765020177744291889633898] | 2.6318881116317765020177744291889633898
65 | [8.7958756448832156791539419597969903959] | 8.7958756448832156791539419597969903959
-65 | [4.7245086152300157360605045723479418523] | 4.7245086152300157360605045723479418523
66 | [25.813409389855411444572688919581121703] | 25.813409389855411444572688919581121703
73 | [5.4044012671635192498460821679963770529] | 5.4044012671635192498460821679963770529
-73 | [4.2119670968958048482049232898407855625] | 4.2119670968958048482049232898407855625
-74 | [5.6896690326854279515916471795564694270] | 5.6896690326854279515916471795564694270
77 | [14.103176790034692753615330212831413997] | 14.103176790034692753615330212831413997
-79 | [1.4489171530569746378127674269064463369] | 1.4489171530569746378127674269064463369
-83 | [2.0104297318374473748504722845822897261] | 2.0104297318374473748504722845822897261
85 | [25.810679075897515096383912847533981210] | 25.810679075897515096383912847533981210
-85 | [7.1984765410575763819431500176220845939] | 7.1984765410575763819431500176220845939
86 | [3.6387049239065469459451107023289602760, 4.8372537908059744179060879343439611169] | 15.809943784866904398800362788876332954
-86 | [5.3705020067462877034598855824305253326, 6.1064371679833577275618945002046510537] | 28.837477201176769231719474440458721775
-87 | [0.75314078816041413427779649647887672247] | 0.75314078816041413427779649647887672247
91 | [2.8953352867562749705473914748223604966, 4.7591231009688710369498516659717575674] | 13.712061502884947728043168889644937351
94 | [18.680054018145636631370439497501685511] | 18.680054018145636631370439497501685511
-94 | [1.5640192213825143721615905576326646383] | 1.5640192213825143721615905576326646383
-95 | [1.0144237026142811212221421334963892699] | 1.0144237026142811212221421334963892699
-101 | [4.2014302571222921269668788549729005769] | 4.2014302571222921269668788549729005769
-103 | [1.5639055457570994073472500406310377285, 3.6277527669526372467837721116100997178] | 5.4263151640780037696383868045325003992
105 | [13.035392621712618515742826358927870147] | 13.035392621712618515742826358927870147
-105 | [8.3041980553770057099547851972601613518] | 8.3041980553770057099547851972601613518
106 | [9.4084295965169888194856878589818747868] | 9.4084295965169888194856878589818747868
-106 | [2.1361784157071762925357428684897509882] | 2.1361784157071762925357428684897509882
-107 | [4.0159242172546425137585706499580597787] | 4.0159242172546425137585706499580597787
109 | [36.103449041812186038995866350399117056] | 36.103449041812186038995866350399117056
-109 | [9.6972664185837784355054108580726190841] | 9.6972664185837784355054108580726190841
110 | [33.729048571666971614323765721619160999] | 33.729048571666971614323765721619160999
-118 | [4.2481785995905706544429095990004639751] | 4.2481785995905706544429095990004639751
119 | [2.2199672092558567146726834217217298090, 11.077111019318710948611002763961057137] | 23.754292620770639644603075902685122954
-119 | [1.5418433655578709074594418930038568861, 3.3237158959061023555376809820340975029] | 5.0546272755172493128464656726528349803
122 | [1.2828381510639157395090693589574051365, 17.978725941086530052823562407683984707] | 22.808926713382437459163071783392592279
-122 | [4.6469543088195140352291270341681031692, 6.2660665406091702462896649352042029278] | 23.634349775136259991960564566886842153
-123 | [5.2352780514421523448780408256844977819] | 5.2352780514421523448780408256844977819
-127 | [1.7168692437540585130238975459081841411] | 1.7168692437540585130238975459081841411
129 | [20.917910020259541606926620924506714745] | 20.917910020259541606926620924506714745
-129 | [9.4982131122277124745625385917364415496] | 9.4982131122277124745625385917364415496
-131 | [4.3496638261130424919315402314443688272] | 4.3496638261130424919315402314443688272
-134 | [7.8993427394467681393619954842410593834] | 7.8993427394467681393619954842410593834
-138 | [5.7774787734893204258416786502756185838] | 5.7774787734893204258416786502756185838
-139 | [7.6776115370733075898350364109073758164] | 7.6776115370733075898350364109073758164
-142 | [10.993748485803606634221200150921992587] | 10.993748485803606634221200150921992587
-143 | [1.0673469937428885037901930387858060691, 1.6328866730968480974043087389749397614] | 1.5437517669756844112582557389118660631
145 | [10.852297321199074163225333507182467286] | 10.852297321199074163225333507182467286
-145 | [5.9025294309304404369623551075146340123] | 5.9025294309304404369623551075146340123
-149 | [5.1648348489423162787335748297740979830] | 5.1648348489423162787335748297740979830
151 | [20.318724138231598473720485335392516939] | 20.318724138231598473720485335392516939
-151 | [1.9674223700026430846814296900675320354] | 1.9674223700026430846814296900675320354
154 | [4.9449551911264430659141965280665854322] | 4.9449551911264430659141965280665854322
158 | [2.7973729171787722610455483749198799165, 8.3746915206117081021791682481953586382] | 23.035994421540820768584484827044633749
-159 | [2.9162012028903920682981610392606976887, 3.0838175224151688209996109628710850485] | 8.6200291753626900431528299518578804838
161 | [15.849268015446020638831381925347611339] | 15.849268015446020638831381925347611339
-161 | [7.3639063777586316945601727589736393796] | 7.3639063777586316945601727589736393796
163 | [1.7235538268891892586928807662738180038, 8.5969649163371027158608943257763253109] | 14.685313613887366153617947291418333280
165 | [26.374833363358003735962821906372979576] | 26.374833363358003735962821906372979576
166 | [4.1624229567579734294807595558413673481, 6.4111562439209914460230302724110218358] | 26.473683797412619285861494484335782670
-166 | [2.0729264251724695922827169822667357280, 31.377035514291390488316249902928511118] | 64.108316808782054455514919515940805809
-167 | [9.0494509798022164462173934112691313807] | 9.0494509798022164462173934112691313807
-173 | [5.2552828348053211529938484443629247191] | 5.2552828348053211529938484443629247191
174 | [4.0609228122559466639443383387823375770, 8.3440394567953823596713825060524469209] | 33.327506943262500982558349426022340844
-178 | [10.191569221399913733872906041247823998] | 10.191569221399913733872906041247823998
182 | [23.959133879521857592832255574684778565] | 23.959133879521857592832255574684778565
-182 | [1.9267254413808919375950354960161764848] | 1.9267254413808919375950354960161764848
-183 | [1.8259987476774603744866884267321442135] | 1.8259987476774603744866884267321442135
-186 | [16.754932247951069824409445507705816674] | 16.754932247951069824409445507705816674
187 | [24.212812545333206841357805391452219981] | 24.212812545333206841357805391452219981
193 | [6.8646285175925467665866066670907507423] | 6.8646285175925467665866066670907507423
-193 | [8.9805405017053057198073574305557044207] | 8.9805405017053057198073574305557044207
-194 | [7.5556652849677301037743422664776128465] | 7.5556652849677301037743422664776128465
-195 | [6.3000008489828829953744305818155926244] | 6.3000008489828829953744305818155926244
-197 | [4.6357150705880117038304374193615142165] | 4.6357150705880117038304374193615142165
-205 | [11.691193884677916398214246102726309734] | 11.691193884677916398214246102726309734
206 | [34.282638844409353432378620934329472293] | 34.282638844409353432378620934329472293
-206 | [1.3477139908801035802741908065837062851, 2.4175475900649757296102646850861999863, 3.2098378409059205713946033959412811233] | 9.6383310674820979138693583815473613507
209 | [11.636512033654783699795904425058588313] | 11.636512033654783699795904425058588313
-209 | [2.5418294209505898296258213559520148880, 7.6331885025193760729897801367009998973] | 19.392187521544510099358436631235994703
-211 | [13.134799695995306341843139464299602700] | 13.134799695995306341843139464299602700
-215 | [1.0749690236475803334576975678802189824] | 1.0749690236475803334576975678802189824
217 | [16.181820897495344892509496056697358009] | 16.181820897495344892509496056697358009
-217 | [13.626507146804240359439624899445623036] | 13.626507146804240359439624899445623036
-218 | [3.4645461735177481024034202519645407787, 18.202128530643913971008860457305224147] | 59.987338987359893582875173917654230452
-219 | [9.9221362672914897101132350047385840675] | 9.9221362672914897101132350047385840675
-222 | [9.3808950489428897730910618404639870564] | 9.3808950489428897730910618404639870564
-226 | [11.495946746401898476289470319514874426] | 11.495946746401898476289470319514874426
-227 | [3.1979358941789009047915541074561103322] | 3.1979358941789009047915541074561103322
-230 | [6.8223566819120202422790178309271203794] | 6.8223566819120202422790178309271203794
233 | [23.616127041216085514938691443938283885] | 23.616127041216085514938691443938283885
-233 | [10.843067696188377648758851563879382948] | 10.843067696188377648758851563879382948
-237 | [2.3799525818370794138247863647703424463] | 2.3799525818370794138247863647703424463
238 | [10.642705030970572290504955206727539121] | 10.642705030970572290504955206727539121
-238 | [3.7562355017047163910674856641922268400] | 3.7562355017047163910674856641922268400
-239 | [1.7346326260356672910471692721291287275] | 1.7346326260356672910471692721291287275
241 | [15.999061665797411405750625185955910715] | 15.999061665797411405750625185955910715
-241 | [7.3470329179160523998705201656283081238] | 7.3470329179160523998705201656283081238
249 | [25.594229590489963129594781694651859034] | 25.594229590489963129594781694651859034
-249 | [12.528904523106993849579767684413251960] | 12.528904523106993849579767684413251960
253 | [19.633282337450707400879637190313381352] | 19.633282337450707400879637190313381352
-255 | [1.2678793634913236928216473099789745625] | 1.2678793634913236928216473099789745625
-259 | [13.878424138926737113501640756980215376] | 13.878424138926737113501640756980215376
-263 | [1.8448009949368899923084333141472642256] | 1.8448009949368899923084333141472642256
265 | [2.1056025929540890900701749886278197957, 2.9239076165511941917738324058347591217] | 5.0059688968157276071954799372991812286
266 | [34.124409216955232375345875568192619224] | 34.124409216955232375345875568192619224
-266 | [2.1747904398032745004682589337949727778] | 2.1747904398032745004682589337949727778
-271 | [1.6567205914171777140849508616217021949] | 1.6567205914171777140849508616217021949
273 | [2.0061804159365883333727285237623908418, 3.2351500695916872993316296144607546946] | 5.8846480086123754485131057362714873444
274 | [27.107475215011800279705517999424048006] | 27.107475215011800279705517999424048006
-274 | [23.990660246208019630544433730835217530] | 23.990660246208019630544433730835217530
-277 | [17.252162508186479041678489639741009948] | 17.252162508186479041678489639741009948
281 | [16.406833165807850365104902425039938533] | 16.406833165807850365104902425039938533
-281 | [5.9327285463661703641254224678388975133] | 5.9327285463661703641254224678388975133
282 | [9.2839108055292831579576653068275857567] | 9.2839108055292831579576653068275857567
-282 | [4.4029056719863719864496428227269668015] | 4.4029056719863719864496428227269668015
-283 | [9.1455949885115145455830229637773214865] | 9.1455949885115145455830229637773214865
-285 | [13.657393305496288300960433425363979188] | 13.657393305496288300960433425363979188
286 | [16.112872455254058486360698059580239669] | 16.112872455254058486360698059580239669
-290 | [7.2879164740571150034571931040567585008, 9.2447061680946989015518386564250860474] | 65.616637063179538626587327695374688028
-293 | [4.7232223626641022525000609826413541756] | 4.7232223626641022525000609826413541756
-299 | [6.9172771891542721527844396582784513689] | 6.9172771891542721527844396582784513689
302 | [5.7326944961698388995036433593638844335, 7.8483886985633621687229022802062196384] | 39.283259543311208624906866647161318726
-303 | [2.7772780000134377770845725552860477094] | 2.7772780000134377770845725552860477094
305 | [7.3332883262534778890626010073851798523] | 7.3332883262534778890626010073851798523
-305 | [10.944107975449533738187235847129708190] | 10.944107975449533738187235847129708190
-307 | [5.3035712468911228637218313404223184761] | 5.3035712468911228637218313404223184761
310 | [28.676407228688213502099382610510533637] | 28.676407228688213502099382610510533637
-310 | [14.597265546471493010585265410388853836] | 14.597265546471493010585265410388853836
-314 | [5.2507531402313669183647015541149816277] | 5.2507531402313669183647015541149816277
318 | [27.456471958697467966817963295276696783] | 27.456471958697467966817963295276696783
-318 | [1.6035819930953847639413185162360306910] | 1.6035819930953847639413185162360306910
319 | [37.986896223928635205855999072896917598] | 37.986896223928635205855999072896917598
-319 | [1.6720993762093024898177706553732748344, 3.8344002620792307182931577416554280784] | 5.9394401098386413912698377238138713984
-321 | [17.307075596195610928957467130231720656] | 17.307075596195610928957467130231720656
326 | [30.867644290591040440811480904695618786] | 30.867644290591040440811480904695618786
-326 | [4.3917147030664605750813110997962518968] | 4.3917147030664605750813110997962518968
-327 | [1.4774528855991303972070341111121754238] | 1.4774528855991303972070341111121754238
329 | [10.009082422947793547823764010310313855] | 10.009082422947793547823764010310313855
-329 | [2.1744600449015798512014534487491255298] | 2.1744600449015798512014534487491255298
337 | [10.213200056811886765515655024660489201] | 10.213200056811886765515655024660489201
-337 | [20.407745610184562175345575371164132820] | 20.407745610184562175345575371164132820
-346 | [9.3388514772590914377090109807850727986, 9.3136141019205196256122896578150967840] | 85.769954530945876025947721015748283350
-347 | [10.762249185783263459175718626181074157] | 10.762249185783263459175718626181074157
-349 | [7.2069943346070453965191383591195555283] | 7.2069943346070453965191383591195555283
-354 | [30.539061181329201182818271665607544743] | 30.539061181329201182818271665607544743
-358 | [18.074820127914828562802782304990656293] | 18.074820127914828562802782304990656293
-359 | [1.8050256618802270193863632379960233725] | 1.8050256618802270193863632379960233725
-362 | [6.9290678587646765951085460412056920057] | 6.9290678587646765951085460412056920057
-365 | [16.648478083884424454851335881087663655] | 16.648478083884424454851335881087663655
370 | [34.486618858071293225054055554944847052] | 34.486618858071293225054055554944847052
-370 | [13.261962298474120558098899688245880520] | 13.261962298474120558098899688245880520
-371 | [2.2308579624352346751282629578038862342] | 2.2308579624352346751282629578038862342
-373 | [16.557205348907658114048236672452704436] | 16.557205348907658114048236672452704436
-381 | [22.184503318622679362059514829450743822] | 22.184503318622679362059514829450743822
-382 | [6.8628670118083068798684797657121794572] | 6.8628670118083068798684797657121794572
385 | [7.2591780163585157011719720793341618043] | 7.2591780163585157011719720793341618043
-386 | [2.4492230366264977323255354218019205445] | 2.4492230366264977323255354218019205445
-391 | [4.1279571558047286122044151252075502527] | 4.1279571558047286122044151252075502527
393 | [20.893466396750087108727593021098288316] | 20.893466396750087108727593021098288316
-393 | [2.3662049707731598401746971368879732368] | 2.3662049707731598401746971368879732368
394 | [5.5890723767025665779598101359688242166, 7.6581318601184609826834136282558651363] | 42.801827149067214294123113115320297972
-394 | [11.977817352104268385088032647959789678, 17.437674892310748288635174577762702186] | 178.26470679229941255523544536298049007
-395 | [6.8435096015685394196041661308543880263] | 6.8435096015685394196041661308543880263
398 | [39.426874415789306328063541098487345084] | 39.426874415789306328063541098487345084
-398 | [2.1879700550055221253868060316895983189] | 2.1879700550055221253868060316895983189
401 | [2.0542731965651839705100472875391046962, 4.5008915799448491017815860850721501409] | 8.7286069962526033227272453958113273303
-401 | [8.5308276832128774175880449811321064900, 12.694495605546872470245659368292251725] | 105.96550847629258055435135292882631272
-402 | [15.374622093277550656707705090233745374] | 15.374622093277550656707705090233745374
-403 | [16.461290995908047431855036993814203871] | 16.461290995908047431855036993814203871
406 | [26.855239996747868904378859862245907822] | 26.855239996747868904378859862245907822
-406 | [6.3994942469343744515782766894705902471] | 6.3994942469343744515782766894705902471
409 | [10.128158083624427450658122671679505839] | 10.128158083624427450658122671679505839
-409 | [13.406912701645813288242476027366266898] | 13.406912701645813288242476027366266898
-413 | [10.254261434264062469834729868372380934] | 10.254261434264062469834729868372380934
-415 | [4.9424328964937685674505806317369866967] | 4.9424328964937685674505806317369866967
417 | [24.773571191776750714049253056748872027] | 24.773571191776750714049253056748872027
-417 | [16.638732164958269313197170413680880785] | 16.638732164958269313197170413680880785
418 | [7.9033423919637326592360126952999215279] | 7.9033423919637326592360126952999215279
419 | [7.4968320085695239528481029990237924031, 12.920243812309024142935161364716366589] | 94.836213144547008925384125359807487003
421 | [2.3800995590439693763846813434932751993, 10.871442071795825549510373934074073720] | 25.712470658397127909392254621039000535
-421 | [10.320125448300416583252170729252634522, 14.745917253941851901149859190594350682] | 146.51130689537146138638107113283852412
-422 | [9.4558137874297756996654522493308536971, 9.4996767240812453733295189303605920798] | 81.627890962231501560639941241713048643
-426 | [20.973876622415857859620363438857589803] | 20.973876622415857859620363438857589803
-431 | [2.0560031942046100898303641619718310881] | 2.0560031942046100898303641619718310881
-435 | [13.293336033215944024022130971602654290] | 13.293336033215944024022130971602654290
-437 | [9.5306559847096013245252443236859270228] | 9.5306559847096013245252443236859270228
439 | [9.4698484941123508258799526435715337863] | 9.4698484941123508258799526435715337863
-439 | [3.6972642242094390203543056185287189941] | 3.6972642242094390203543056185287189941
442 | [26.683395741182815069482119204100085068] | 26.683395741182815069482119204100085068
-442 | [3.3706050673905067691831888315566931176] | 3.3706050673905067691831888315566931176
-446 | [17.043012811707083341614677389800128606] | 17.043012811707083341614677389800128606
-447 | [1.9441415683728692624808919141267807642] | 1.9441415683728692624808919141267807642
-453 | [8.7836116892397372152301063236844756280] | 8.7836116892397372152301063236844756280
-455 | [3.2077964207250284449880396708753177911, 4.9317844927299493852506021349682225385] | 15.545570540308823571582663835893801025
457 | [12.882128866767366904564278628673879862] | 12.882128866767366904564278628673879862
-457 | [12.760489188020210901245341439290800152] | 12.760489188020210901245341439290800152
-458 | [10.521671582051818850092207022784995389] | 10.521671582051818850092207022784995389
-461 | [7.1790918251079139809297252967459959079] | 7.1790918251079139809297252967459959079
462 | [17.611939462961417864251103855381604783] | 17.611939462961417864251103855381604783
466 | [5.6157275426335035601146466596554134424, 7.9131896762738737582401806841404854594] | 43.755780532804524709739877113770445821
-469 | [21.807534340786038329580779714145751870] | 21.807534340786038329580779714145751870
-470 | [3.6975813133575514053585456470194955755] | 3.6975813133575514053585456470194955755
473 | [10.559391907534829180447328284359239659] | 10.559391907534829180447328284359239659
-474 | [8.4337670451570882423084750276976331652, 12.721108045262559123567655135414216476] | 106.08077851765699978148503650198394433
478 | [2.4164292050324540205650810096425539475, 14.935814255469977361050139152134894261] | 35.232706055982144017433994347400408059
-479 | [1.8910476977201990255263620733793221125] | 1.8910476977201990255263620733793221125
481 | [42.355936428646784861152891592425424451] | 42.355936428646784861152891592425424451
-481 | [8.3607430362666976304137152432412463253] | 8.3607430362666976304137152432412463253
482 | [2.1755847905053332673921313396424529313, 38.029237418520723153360998312598936195] | 82.730905706384201917621230893451663638
-482 | [8.3728675157855337730549607755249096256, 10.521944213040160436930790897442634695] | 87.344075143291119012967397183364958490
-483 | [10.974321764869414316588873364906948084] | 10.974321764869414316588873364906948084
-489 | [7.0498533370710446852828160650237148122, 18.395691945455860669409904595270884619] | 125.93985515390852443809009080280776809
-491 | [15.125104516841558607094529420720048068] | 15.125104516841558607094529420720048068
494 | [9.6532104625809088759655234693566154695] | 9.6532104625809088759655234693566154695
-494 | [3.8117696113905255749117924350028092673] | 3.8117696113905255749117924350028092673
-497 | [6.7441002799892537271070186128866854309] | 6.7441002799892537271070186128866854309
499 | [4.1286123368392330381550662710607724665, 10.073938619618352018256596021043930169] | 41.575170165039767878199173309812889922
-501 | [11.064497781321171185584625755610158655] | 11.064497781321171185584625755610158655
-502 | [15.008842561966799950204480406504516255] | 15.008842561966799950204480406504516255
-503 | [1.7377716979053196774376348909250066936] | 1.7377716979053196774376348909250066936
505 | [8.4351409559276291706803063736006488675] | 8.4351409559276291706803063736006488675
-505 | [26.316364534509797843790613653994400763] | 26.316364534509797843790613653994400763
514 | [31.918146295384623468217630168743557092] | 31.918146295384623468217630168743557092
-514 | [4.7374769700799503726837197625113564367] | 4.7374769700799503726837197625113564367
517 | [13.184817099964870156235937991568540516] | 13.184817099964870156235937991568540516
-519 | [5.4167648910166082435772527948199277199] | 5.4167648910166082435772527948199277199
-523 | [11.491058601198259816689259880717560559] | 11.491058601198259816689259880717560559
-527 | [2.3710376240992941195375820065544590268] | 2.3710376240992941195375820065544590268
-530 | [5.2014477658742574269506945124879865749] | 5.2014477658742574269506945124879865749
-534 | [26.597656891731819908907275833588911395] | 26.597656891731819908907275833588911395
-535 | [1.1953408678982235519107273637632030693] | 1.1953408678982235519107273637632030693
-538 | [2.2812758930739163009075589063990485333] | 2.2812758930739163009075589063990485333
-541 | [15.746355157866615546552548700139442774] | 15.746355157866615546552548700139442774
545 | [7.6410453131323618305120116604395145368] | 7.6410453131323618305120116604395145368
-545 | [12.658549038987672935881379845528827824] | 12.658549038987672935881379845528827824
-546 | [4.7003282399483513614945542106100293017] | 4.7003282399483513614945542106100293017
-547 | [20.809477044958118976219034182480085910] | 20.809477044958118976219034182480085910
553 | [2.4356004177357443793522087816253711798, 2.5974534969417152703196821492791408179] | 6.2021242628125316970310811814366423658
-557 | [14.219018604585691718499653557924625569] | 14.219018604585691718499653557924625569
561 | [11.435664906857230942160774785978278171] | 11.435664906857230942160774785978278171
562 | [6.5100377505657887328457011353055745001, 7.7217804731093814132133988102296051195] | 50.083937136191355420401215861863927156
-563 | [9.6177093542931929924851290251079086332] | 9.6177093542931929924851290251079086332
-566 | [2.3689683890688427880972705424906014037, 29.576777427415087778442881750218711852] | 69.780763455142293890839656283021251653
-569 | [23.998965260040175247883711049722932697] | 23.998965260040175247883711049722932697
-571 | [30.962790822623902404801299682050837038] | 30.962790822623902404801299682050837038
-574 | [4.9563523122182094928155618136577140079] | 4.9563523122182094928155618136577140079
-579 | [11.589181386887819995550793965629474752] | 11.589181386887819995550793965629474752
-582 | [17.000469060483150609384608928289008984] | 17.000469060483150609384608928289008984
583 | [10.017909893794000145372884730816265849] | 10.017909893794000145372884730816265849
-589 | [35.170205599475847979455932184016314384] | 35.170205599475847979455932184016314384
-590 | [11.384704211339449906868932859282495155] | 11.384704211339449906868932859282495155
-591 | [2.7417821805512688485193780283731356070] | 2.7417821805512688485193780283731356070
-593 | [2.3456433758241167361568783348979308243] | 2.3456433758241167361568783348979308243
595 | [5.6686066767839524189040956178230619468, 11.936193062629641998973202318220230870] | 62.235325032026943950361546592037511042
-599 | [4.8482469816845533632799428272033238486, 4.9856115847126243716360123179081400877] | 23.867891695850988217191421561552306618
-601 | [34.618559109228718160016674489068891329] | 34.618559109228718160016674489068891329
-602 | [5.0320397089639638030519331925406043675] | 5.0320397089639638030519331925406043675
-607 | [2.9792703663311659448917537524675886671] | 2.9792703663311659448917537524675886671
-611 | [3.6218047360287361814769812107616795104] | 3.6218047360287361814769812107616795104
613 | [29.543600376869214326030963477642317544] | 29.543600376869214326030963477642317544
-613 | [24.105612523035552865071384781355183394] | 24.105612523035552865071384781355183394
-615 | [4.4302516737986612454734446063453861317] | 4.4302516737986612454734446063453861317
617 | [1.4406651988963629785916361074750512541, 7.1647387705802612519736806529700538353] | 9.9642487240049808417587094428043853390
618 | [9.6281567826558892075201466904174639232] | 9.6281567826558892075201466904174639232
-618 | [6.0361888975346126686016638924142430218] | 6.0361888975346126686016638924142430218
622 | [43.100678620698687864229566085270656255] | 43.100678620698687864229566085270656255
-622 | [4.9412858439550934158028268925674655948] | 4.9412858439550934158028268925674655948
-623 | [2.9990193566895433764882572553626187483] | 2.9990193566895433764882572553626187483
-626 | [17.013093918116659511022246552542319984] | 17.013093918116659511022246552542319984
-629 | [8.5677309016676194254744730314238773563] | 8.5677309016676194254744730314238773563
633 | [30.207525370214157570790191826078214522] | 30.207525370214157570790191826078214522
-633 | [24.783998408587471227952431143007226186] | 24.783998408587471227952431143007226186
-634 | [39.717883115675240846150616561234909275] | 39.717883115675240846150616561234909275
635 | [30.417640451235583179331724324313654041] | 30.417640451235583179331724324313654041
-635 | [4.6200255621681124315264270631944223851] | 4.6200255621681124315264270631944223851
638 | [20.546216992000334504297553016759910962] | 20.546216992000334504297553016759910962
-638 | [2.3432985184454901939648723106368070848, 19.888520604488031547613850867698232087] | 46.235547496949861676617122422614304640
-645 | [21.000772850655596398120814193013723143] | 21.000772850655596398120814193013723143
646 | [24.999284725049879923065800915745896376] | 24.999284725049879923065800915745896376
-646 | [9.2316437200135165369929439795590191803] | 9.2316437200135165369929439795590191803
649 | [17.800245268595982839050023265682321966] | 17.800245268595982839050023265682321966
-651 | [25.512064505129139416859236017831579164] | 25.512064505129139416859236017831579164
654 | [5.3480312733021509585595716961528172375, 20.339806077540512960755454900470135078] | 108.21582351434111973282226709120909697
-655 | [4.3990633553080138655465345924278480323] | 4.3990633553080138655465345924278480323
658 | [1.9753273889102805422516675915361731201, 6.8192557226888337144039071247976511048] | 12.570003192352426070854430357708246375
-659 | [21.018921099910521848959889443760133480] | 21.018921099910521848959889443760133480
-662 | [25.696968454570200165445752419631713417] | 25.696968454570200165445752419631713417
-667 | [22.570555771209410845042105446534023743] | 22.570555771209410845042105446534023743
-670 | [25.758979080981403228708032194782339776] | 25.758979080981403228708032194782339776
-671 | [2.6621745646635170254005967985808127994, 2.9142110273986918557037432838340475592] | 6.1919422341131750748490672583975140043
673 | [27.414336789401664550120189429044507643] | 27.414336789401664550120189429044507643
-673 | [3.7057807635840537181619787685461603934] | 3.7057807635840537181619787685461603934
-677 | [6.8404202676403787063472486702557948363] | 6.8404202676403787063472486702557948363
-678 | [7.9486186196267983286169329507632746265] | 7.9486186196267983286169329507632746265
-679 | [3.4552851678064824515278139642891937245] | 3.4552851678064824515278139642891937245
681 | [7.9087398518703869333878138667146147902] | 7.9087398518703869333878138667146147902
-681 | [24.258181738244690935731783502159767017] | 24.258181738244690935731783502159767017
-683 | [2.7791231130071004207382338611107086790, 29.504847351751468914794314122629380558] | 80.554107044530974976575065442702972993
689 | [11.204823102061796106613120560113503816] | 11.204823102061796106613120560113503816
-689 | [2.7624277080175974408591802696108560699] | 2.7624277080175974408591802696108560699
-690 | [34.867364047573299998918923771623087815] | 34.867364047573299998918923771623087815
-695 | [1.3917967440528701125956031489198934148] | 1.3917967440528701125956031489198934148
697 | [2.0551836110119036700280516747459148285, 2.7344713641831453555149821507620530547] | 5.3085474371469132749712480680888984397
-699 | [21.487630219182797062548197060595917987] | 21.487630219182797062548197060595917987
-701 | [21.628117622372868580061923782136785674] | 21.628117622372868580061923782136785674
-703 | [5.0608739411082448905571892206210342385] | 5.0608739411082448905571892206210342385
705 | [3.8466064980467571574201296769848247709, 4.8888213382203839569398719514182958329] | 16.404300026698573463939531244257305183
-706 | [8.2149794932463178192737749758026984005] | 8.2149794932463178192737749758026984005
-710 | [13.508790494454845126234400860673604165] | 13.508790494454845126234400860673604165
-714 | [7.0835459639088975734385578061846174801] | 7.0835459639088975734385578061846174801
715 | [37.056557423925038286130422946720376234] | 37.056557423925038286130422946720376234
-717 | [4.3118367740198309399325973947946864713] | 4.3118367740198309399325973947946864713
721 | [8.9145139975045887963238092990981530339] | 8.9145139975045887963238092990981530339
-721 | [4.7827175866809934567866979595441940006] | 4.7827175866809934567866979595441940006
-723 | [13.539162104816169699366647780738919533] | 13.539162104816169699366647780738919533
-733 | [2.3200831184801025547977849465903802641] | 2.3200831184801025547977849465903802641
-734 | [14.688820927323837352093620130474019253] | 14.688820927323837352093620130474019253
737 | [17.034820311093216798548157788149638783] | 17.034820311093216798548157788149638783
739 | [27.650260305122054226861890864948126518] | 27.650260305122054226861890864948126518
-739 | [22.768421328699957994279199637267732700] | 22.768421328699957994279199637267732700
-743 | [1.4702472615802696550966238850016230783] | 1.4702472615802696550966238850016230783
-745 | [28.067926933002864995542087007845252415] | 28.067926933002864995542087007845252415
749 | [7.4971053089252592483513190773740702238, 10.041549990726954077381320032571186800] | 70.648395706572694724875441556894600251
-754 | [7.2622039533386857697276643555020940939] | 7.2622039533386857697276643555020940939
-755 | [16.351564332711853407740711636939095480] | 16.351564332711853407740711636939095480
-758 | [5.2495174727243908671832984182883325062] | 5.2495174727243908671832984182883325062
-761 | [11.503842310253078639633955793795853489] | 11.503842310253078639633955793795853489
-766 | [36.329287300338862659271788491020581000] | 36.329287300338862659271788491020581000
767 | [36.487236365705937942762104021990865817] | 36.487236365705937942762104021990865817
-767 | [3.9701832894727242887016749147787373609] | 3.9701832894727242887016749147787373609
-769 | [4.9939037975688560613517277146840068290] | 4.9939037975688560613517277146840068290
770 | [35.947605245728664457443288479970710208] | 35.947605245728664457443288479970710208
771 | [9.7298303621583376760198505868711096522, 11.609225477876163767167059022564333620] | 94.405393351950044868208710782919229810
-777 | [21.330520593705380783558663654506092940] | 21.330520593705380783558663654506092940
-778 | [22.060907675352842912241020006922039727] | 22.060907675352842912241020006922039727
-779 | [6.5849895400750998041448517671650452899, 19.146324538698406318147203115842201212] | 125.46336916972990966736235628786592610
787 | [19.970824656291361106109650343579625500] | 19.970824656291361106109650343579625500
-787 | [14.654008144370103290488452907603514845] | 14.654008144370103290488452907603514845
-789 | [23.990054292347393759522154425709211963] | 23.990054292347393759522154425709211963
-791 | [3.4611263983944540829661771140450471455] | 3.4611263983944540829661771140450471455
-794 | [1.9956774099886653024362306565739316366] | 1.9956774099886653024362306565739316366
798 | [18.999466536313524953196761997319166088] | 18.999466536313524953196761997319166088
-798 | [7.1874623047898088084900912409559418751] | 7.1874623047898088084900912409559418751
799 | [13.617253095711563377389945604777756932] | 13.617253095711563377389945604777756932
-799 | [1.5677797238151290039602450624842072848] | 1.5677797238151290039602450624842072848
-802 | [8.3438854183992379855347952201606105621] | 8.3438854183992379855347952201606105621
-803 | [4.1143354565433846691671142184928417313, 7.3718109161068897646055560743399971123] | 28.613927986375138951969611409479123923
-809 | [43.036135531327624341863900662341380211] | 43.036135531327624341863900662341380211
-811 | [12.293482451374363425306669100075540134] | 12.293482451374363425306669100075540134
-813 | [20.069316715815628040922065934588630826] | 20.069316715815628040922065934588630826
814 | [31.722319242211662507620910605212337915] | 31.722319242211662507620910605212337915
-815 | [3.0250413403229677805641436955043662145, 6.8863525661130381549516681591721071523] | 20.796460979511999688413122603991644129
817 | [2.1741526087303806856347741689448486205, 5.3466530440067362197909662298108427235] | 10.748159408320282770977585494133187589
818 | [10.250995456243658300803570436880513211, 10.969984639684434971106082048840862978] | 112.43507558158765295425248046715751224
-821 | [30.589076930064570620449124934925066182] | 30.589076930064570620449124934925066182
-822 | [21.518514170898224228341917829709139350] | 21.518514170898224228341917829709139350
-827 | [15.865123460023799497412520849043732412] | 15.865123460023799497412520849043732412
830 | [7.8608473289266273374577438874576378922, 9.3020112657169448942751553541268317441] | 65.680070249782638266208579846774172420
-830 | [7.0561675847966309538278006620312182263, 25.598478764753742784633553222667569452] | 180.49701161939881416107150082472514469
-831 | [3.3271299941027019322937133833235397393] | 3.3271299941027019322937133833235397393
-835 | [33.556844345659655788859721413425485213] | 33.556844345659655788859721413425485213
838 | [24.712124352508970737898689182718462544] | 24.712124352508970737898689182718462544
-838 | [2.8787047546793833141386603719927085203] | 2.8787047546793833141386603719927085203
842 | [31.291068322500353780015218020943998739] | 31.291068322500353780015218020943998739
-842 | [5.4972223305796846940711489159755502315] | 5.4972223305796846940711489159755502315
-843 | [12.380438648738873304900661810731745094] | 12.380438648738873304900661810731745094
-849 | [35.684415590731298603357566492091055722] | 35.684415590731298603357566492091055722
853 | [14.227420844370787354292783055308287536] | 14.227420844370787354292783055308287536
-853 | [19.683174996751661430210955470594011133] | 19.683174996751661430210955470594011133
-854 | [6.4727317475906792319451501596177173252] | 6.4727317475906792319451501596177173252
-857 | [15.107590212539505867239809587431484582] | 15.107590212539505867239809587431484582
858 | [18.226183580219538402790817679656045697] | 18.226183580219538402790817679656045697
863 | [5.1509648502356678826208519492782260823, 11.893267617650141502209344116784328224] | 58.897855692107170425849652397502345524
865 | [22.549084727766517019736505680703094280] | 22.549084727766517019736505680703094280
-865 | [7.6064504808389204667894341517034946298] | 7.6064504808389204667894341517034946298
-866 | [11.909601682244335904359602016214862766] | 11.909601682244335904359602016214862766
-871 | [3.0723580278387913984075152693387483751] | 3.0723580278387913984075152693387483751
877 | [22.148219852114621067803901796226776861] | 22.148219852114621067803901796226776861
-877 | [2.8317355496537908345616395935431791277] | 2.8317355496537908345616395935431791277
-878 | [8.5947764467679530691766243613378856984, 10.682921444470946312758110842502036994] | 88.849182849374109622720729005072970783
-879 | [6.8521710190848437688199876957645287932] | 6.8521710190848437688199876957645287932
-886 | [5.6109049203674444900093410606125019604] | 5.6109049203674444900093410606125019604
-887 | [3.2664043712857664177944343113832676541] | 3.2664043712857664177944343113832676541
-890 | [22.324870171494201512284620676030844707] | 22.324870171494201512284620676030844707
-893 | [3.3731805196264623743446035310866587689] | 3.3731805196264623743446035310866587689
897 | [32.066918160885016545550380292917087119] | 32.066918160885016545550380292917087119
-897 | [12.110986382687130375598727410816095110] | 12.110986382687130375598727410816095110
-898 | [37.025144075137444955707552703230811953] | 37.025144075137444955707552703230811953
-899 | [12.161715084761981246303504286060968533] | 12.161715084761981246303504286060968533
-901 | [7.1196254200986482156295129633572807865] | 7.1196254200986482156295129633572807865
902 | [30.664338674171460941164469926953562219] | 30.664338674171460941164469926953562219
907 | [6.1087996191679287923058212832288682317, 10.490819625650002757321823441785762021] | 61.656781034585528733338180296684522831
-910 | [6.2115742140806424377021529344481328439] | 6.2115742140806424377021529344481328439
913 | [21.448783685932877492966606572317474771] | 21.448783685932877492966606572317474771
-915 | [20.996093768242336159732998862094556689] | 20.996093768242336159732998862094556689
-917 | [6.5554901996679185775638636069824019437, 14.732730829400222823919544133130048240] | 94.291666196665232302252776949308583424
-919 | [8.7700339336790163849470651042138108078] | 8.7700339336790163849470651042138108078
921 | [33.445555993618575664591955489075060496] | 33.445555993618575664591955489075060496
-923 | [7.4666466073620595616796862764136700118] | 7.4666466073620595616796862764136700118
-926 | [37.672257986277851273032073647530108655] | 37.672257986277851273032073647530108655
-930 | [18.563110119872148205822562145264899902] | 18.563110119872148205822562145264899902
933 | [5.1614494999945583788979752254131491061, 12.099808189534343082886326034767284750] | 57.313242323365775646835332452333901418
-934 | [29.403409051221319642090366499206451631] | 29.403409051221319642090366499206451631
-937 | [20.951240389989534129913682746949333404] | 20.951240389989534129913682746949333404
-941 | [9.7333811590329398255104328472477459924] | 9.7333811590329398255104328472477459924
-942 | [29.740353035280362386193858640247405744] | 29.740353035280362386193858640247405744
943 | [43.839200337553213250863522477484102738] | 43.839200337553213250863522477484102738
-943 | [2.6438033351491751903060962591742143828] | 2.6438033351491751903060962591742143828
946 | [32.054142745276512483829844585430079899] | 32.054142745276512483829844585430079899
953 | [16.198596446593412043417134009228641838] | 16.198596446593412043417134009228641838
-953 | [27.380928449890358971787608996481071428] | 27.380928449890358971787608996481071428
-959 | [6.2001232867494694303951975771072199261] | 6.2001232867494694303951975771072199261
-965 | [9.0581919455794403896831385672108807361] | 9.0581919455794403896831385672108807361
-967 | [4.6049502689108424572936815414308786778] | 4.6049502689108424572936815414308786778
-970 | [20.089253238599633401833310970676814663] | 20.089253238599633401833310970676814663
-974 | [34.165662275575085628215690816892177070] | 34.165662275575085628215690816892177070
-978 | [6.4742069163159700349776305752879875068] | 6.4742069163159700349776305752879875068
982 | [2.6817119492699349172033244114059617805, 10.181204456205337176336457089893099071] | 27.047838730044599234722313780563902083
-982 | [9.9260866377737042926719739464944232492, 19.475091586331394104179460381602919335] | 184.25704944921973714628371887593695863
-986 | [2.0450055783788506553035217709671132861] | 2.0450055783788506553035217709671132861
-987 | [7.5041637274495534468859926760362386450] | 7.5041637274495534468859926760362386450
-989 | [20.169763853755974972486905667354824873] | 20.169763853755974972486905667354824873
-997 | [22.295280578912192841410430246900395282] | 22.295280578912192841410430246900395282
-998 | [8.2221410046800952312427088723340229604] | 8.2221410046800952312427088723340229604
1001 | [8.8246732001097578302770228052773581194] | 8.8246732001097578302770228052773581194
-1001 | [7.4309340069336572725162879438606748865, 8.7700336098791969781504687449498361734] | 64.925771026357563652907141210408112014
-1003 | [27.470837578478346386824986132976829836] | 27.470837578478346386824986132976829836
1006 | [8.8230615312171803881934708007423882175, 11.049911702730831316414191686825151682] | 96.904516938016129453154005154523974334
-1006 | [14.586453484292868233491642484555954627, 18.367493477885209826014065056810371867] | 247.66431672025491428827504317396164517
-1007 | [3.4850910199223328484096998933081759453, 3.6184296490341480251318664862068658400, 4.4714541256988667427675544917606934065] | 43.457955453250778150467954441422819143
1009 | [13.737038493128863657380513215505102137] | 13.737038493128863657380513215505102137
-1009 | [37.644064638445918466769777427504619592] | 37.644064638445918466769777427504619592
-1011 | [20.116800507160512948248224586979802088] | 20.116800507160512948248224586979802088
-1018 | [24.040292357382873797371774021374722465] | 24.040292357382873797371774021374722465
-1019 | [18.396767283287359884926070908152254011] | 18.396767283287359884926070908152254011
-1022 | [2.3629621385274767917922543678296649283] | 2.3629621385274767917922543678296649283
-1030 | [13.048661087746917038871121742252133955] | 13.048661087746917038871121742252133955
-1031 | [5.7837342669584076176695646644163055418] | 5.7837342669584076176695646644163055418
1033 | [24.443992507378834816596610680143152337] | 24.443992507378834816596610680143152337
-1033 | [21.985945811490587109134808551889802383] | 21.985945811490587109134808551889802383
1034 | [35.262068541508828511589901377008048533] | 35.262068541508828511589901377008048533
-1037 | [12.403696983452836359264479053544473948, 18.058194222017709333382510040119971667] | 204.72767654209061278889680833637272459
1038 | [7.3381400747747984188879649974589872903, 10.242610939888914301507145480007718895] | 74.133104404820347037616920717484878969
-1041 | [27.240840882014493042978996102549199197] | 27.240840882014493042978996102549199197
-1042 | [16.668813572355227721483815229016884635] | 16.668813572355227721483815229016884635
1043 | [12.000615904171989461936256612303843085, 12.747762817536497826610960876258824120] | 132.27467960058315105053268222286095323
1045 | [27.049507514001865596735187652763706788] | 27.049507514001865596735187652763706788
-1047 | [6.6509150095618049737367382071564290704] | 6.6509150095618049737367382071564290704
-1051 | [26.266650481694824498489494701827376034] | 26.266650481694824498489494701827376034
-1055 | [1.3923657853430260611340623307780765434] | 1.3923657853430260611340623307780765434
1057 | [2.1776183271972330535949945788731335698, 6.6740906067615626718446696990437753925] | 14.530757667045815292743584799501007724
-1063 | [5.0473881047159805265301901734163503922] | 5.0473881047159805265301901734163503922
-1066 | [10.997775109214081534008226676834472081] | 10.997775109214081534008226676834472081
-1069 | [4.5580632756659884951336598323879124694] | 4.5580632756659884951336598323879124694
1073 | [33.327488364185502181577515337619219285] | 33.327488364185502181577515337619219285
-1073 | [22.095887647524798043957608811951649941] | 22.095887647524798043957608811951649941
-1074 | [5.5222423929612349494184477381481201700] | 5.5222423929612349494184477381481201700
-1077 | [23.678900019453580510923122196285840050] | 23.678900019453580510923122196285840050
1081 | [4.4682334990195388341035219826783927337, 4.7221099832799601125472112829815147156] | 16.647583947134166916823635666140506959
-1085 | [20.661654221740165429052074621007678743] | 20.661654221740165429052074621007678743
-1086 | [40.340635673925169220943744777087112419] | 40.340635673925169220943744777087112419
1087 | [4.9454430418861607661743769030011688567, 10.837278336488883559399573215393508523] | 53.454081059629140592313977547943574358
1090 | [6.4097419530397759616611081250221290148, 15.907310197536450689863880745604270500] | 100.26545049897656417521024650313589800
-1091 | [23.850340400890328071376804582932365340] | 23.850340400890328071376804582932365340
1094 | [10.355280554293908659289334093434591961, 14.625578261546465340087081998812467716] | 131.44264197364783908330898935795538443
-1095 | [5.2124748828443985468869488320454850028] | 5.2124748828443985468869488320454850028
-1097 | [2.5661129971398601911167682850533292593] | 2.5661129971398601911167682850533292593
-1099 | [25.564074300629016544764430861049322368] | 25.564074300629016544764430861049322368
-1102 | [5.3222054094005163903132511648421079739] | 5.3222054094005163903132511648421079739
1106 | [27.414297610446141064785397885254693287] | 27.414297610446141064785397885254693287
-1106 | [5.7151292618809941027780795296095813246] | 5.7151292618809941027780795296095813246
1109 | [7.2935725401286985251695226808331312457, 17.135971028596935988958246115878205176] | 121.57618234914328969794197103810340719
-1109 | [2.8138103847865369130718060903737675520] | 2.8138103847865369130718060903737675520
-1110 | [45.024041609176803251812238682774695254] | 45.024041609176803251812238682774695254
1111 | [3.2675830178090954113060983195630871512] | 3.2675830178090954113060983195630871512
1113 | [15.030169632709835393743088232068831173] | 15.030169632709835393743088232068831173
-1113 | [6.8385678653049607532203759967136116211] | 6.8385678653049607532203759967136116211
-1118 | [2.0168780753437015029328054431980331101] | 2.0168780753437015029328054431980331101
-1119 | [8.3130145664605585184533350476486862253] | 8.3130145664605585184533350476486862253
-1121 | [35.134154204794411244321507011223523142] | 35.134154204794411244321507011223523142
1122 | [19.419027569637436838370858588971663451] | 19.419027569637436838370858588971663451
-1123 | [6.7161192165679395242471998894746958389, 17.189404571178771963781643558433587590] | 106.06367458382403064842548264285182561
1126 | [3.9025437961361281524332386096705604598, 27.932579362647182839876560735697772147] | 107.44487175982902336260526872246884144
1129 | [11.433914963115189991366766473068233909] | 11.433914963115189991366766473068233909
-1130 | [7.1796568018496374586817736734414030670] | 7.1796568018496374586817736734414030670
1133 | [26.932650988894744858317068381419076754] | 26.932650988894744858317068381419076754
-1135 | [9.1020221394995983975941479556622878567] | 9.1020221394995983975941479556622878567
1138 | [3.6056618475526670293585841744824165158, 10.926761907292375058206188610556493874] | 39.386236840910436031726302379958692775
-1139 | [17.586791292340396570209607789805925587] | 17.586791292340396570209607789805925587
-1141 | [10.420691846556807951365794514291653647] | 10.420691846556807951365794514291653647
1142 | [2.2620309095385612689274298985338286514, 31.794603943729896427530581515617051282] | 71.919957020224254439156462134338974358
-1146 | [22.778667829073465340972047631815772758] | 22.778667829073465340972047631815772758
-1151 | [2.4480888626915863057283457525306728847] | 2.4480888626915863057283457525306728847
-1154 | [28.017837097535397940707585844383436537] | 28.017837097535397940707585844383436537
-1157 | [12.579346985511198016672470075249471940] | 12.579346985511198016672470075249471940
-1162 | [8.3825656257606744806972124883125204449] | 8.3825656257606744806972124883125204449
-1163 | [19.205850403847457502872809561447033035] | 19.205850403847457502872809561447033035
-1165 | [28.395872331056255683688167251095462054] | 28.395872331056255683688167251095462054
1166 | [44.459379271615375145835039087981465300] | 44.459379271615375145835039087981465300
-1174 | [15.969814221700373209196063968929574633] | 15.969814221700373209196063968929574633
1177 | [9.6917302245018653469079856394660915237] | 9.6917302245018653469079856394660915237
1182 | [8.6524810182523488164727750914194685434, 18.778787091053587264280595987417969241] | 147.99664385073959363856463450887358151
-1182 | [11.979998268041452360762999543884198340, 20.249617522561952060369396564343519374] | 230.40176072941364772664925411402640245
1185 | [28.695830455610487177909629559019936611] | 28.695830455610487177909629559019936611
-1185 | [30.341831752644218950948208970697389438] | 30.341831752644218950948208970697389438
-1187 | [14.770622521366643765281505894007334043] | 14.770622521366643765281505894007334043
1190 | [30.219997263034416590155644915556131824] | 30.219997263034416590155644915556131824
-1190 | [5.1014201420518748021994105815884409364] | 5.1014201420518748021994105815884409364
1194 | [17.118348335678348143976341482966939314] | 17.118348335678348143976341482966939314
-1194 | [9.1960863541923639902305133568239334947] | 9.1960863541923639902305133568239334947
-1195 | [37.600107278090843285772839922462483254] | 37.600107278090843285772839922462483254
1198 | [26.701493669871751316729761833608672064] | 26.701493669871751316729761833608672064
-1198 | [7.8681418927104594451099341625464299210] | 7.8681418927104594451099341625464299210
1201 | [22.496200856082741678715330969653110558] | 22.496200856082741678715330969653110558
-1207 | [3.6323043667164619264824128714228811085] | 3.6323043667164619264824128714228811085
-1209 | [7.4238815948349656123913638456252144459] | 7.4238815948349656123913638456252144459
-1214 | [12.833728461054189729046609725130797000, 12.806754285273456051443007645151713429] | 143.40846028131228387937762066047137366
-1217 | [6.7146141655709591057645137614956082058] | 6.7146141655709591057645137614956082058
-1218 | [7.9497467649435052947249628684041013974] | 7.9497467649435052947249628684041013974
1222 | [1.9217161427362062105629276485323055417, 6.0759562695601795450981829810644013373] | 11.670551067514515394068740977103130348
-1223 | [3.6539939897917216960218358974141581249] | 3.6539939897917216960218358974141581249
1226 | [11.527104066380223143139813199724994556, 13.560280132311041325650969094357989636] | 148.77152307756498344622965218428937945
-1227 | [29.982991218387233523260633054702556164] | 29.982991218387233523260633054702556164
-1229 | [18.677800800201020996740848471262292396] | 18.677800800201020996740848471262292396
-1231 | [7.0726439177766258638418096064313951493] | 7.0726439177766258638418096064313951493
-1234 | [6.5579042104064607158762169984217814593] | 6.5579042104064607158762169984217814593
-1238 | [5.9915185085129158512701242384679935639] | 5.9915185085129158512701242384679935639
-1239 | [7.6833242975088917759831073973254467949] | 7.6833242975088917759831073973254467949
1243 | [31.580647960890242675716818824188734642] | 31.580647960890242675716818824188734642
-1249 | [25.703707281878147272156047014400321256] | 25.703707281878147272156047014400321256
-1253 | [15.605267233812144103752813072296295927] | 15.605267233812144103752813072296295927
1257 | [1.5272229686181297814401317238132581401, 11.144890764298948258850600419138670325] | 17.019017074320994716720463268136564835
1262 | [47.468690134662047248645053506358090234] | 47.468690134662047248645053506358090234
-1262 | [37.691657753304961518111812676264326976] | 37.691657753304961518111812676264326976
1263 | [11.920389505979666111382932317151168388, 12.256321847482886287398876377488700656] | 110.43230290090527630287744684744319380
-1263 | [3.5781065209482507563958476694396686373, 9.1411958546977712430641027731368355284] | 29.543533383268910931831314413180081507
1266 | [47.319629154982935048997609943580758419] | 47.319629154982935048997609943580758419
-1267 | [16.518956627041165245624708892844288152] | 16.518956627041165245624708892844288152
-1271 | [5.0753302870389278489059412833762515038] | 5.0753302870389278489059412833762515038
1273 | [26.964047955166040520847668016076612943] | 26.964047955166040520847668016076612943
-1273 | [9.8244906490109125894785849953913305519] | 9.8244906490109125894785849953913305519
1282 | [46.238943837653470279253993458396901711] | 46.238943837653470279253993458396901711
-1283 | [26.476039408355776838059665373155060907] | 26.476039408355776838059665373155060907
-1286 | [40.142637663621072002391824080397892703] | 40.142637663621072002391824080397892703
1289 | [21.034317997588906564128192926211466671] | 21.034317997588906564128192926211466671
-1289 | [13.952106995068763975035830413392752874] | 13.952106995068763975035830413392752874
-1293 | [18.224182586153481741516445611697224817] | 18.224182586153481741516445611697224817
-1294 | [24.445284381975441590366031587194433109] | 24.445284381975441590366031587194433109
-1295 | [5.5284195719924813885504340898212096350] | 5.5284195719924813885504340898212096350
1297 | [25.637650384659911370389021310372558669] | 25.637650384659911370389021310372558669
1309 | [29.226534126223370776912392223270552436] | 29.226534126223370776912392223270552436
-1311 | [2.7377081879156114097119023544106668300] | 2.7377081879156114097119023544106668300
1313 | [1.8262293563469620266706682485034040700, 7.8209188786335454559381102777647772104] | 14.218894681586249910237405196229031596
-1317 | [35.661669540126765840614197140603343341] | 35.661669540126765840614197140603343341
-1318 | [11.779355591825235542601757621823964269, 14.852209132633433830495462846389440354] | 173.24410364716606934197433730341760894
-1319 | [2.9079959899631162551465680311154602699] | 2.9079959899631162551465680311154602699
-1322 | [17.517833723535739390920916828592966218] | 17.517833723535739390920916828592966218
-1326 | [11.239201301816585007137086633715436127] | 11.239201301816585007137086633715436127
1327 | [8.0148726346094462389788279637102573677] | 8.0148726346094462389788279637102573677
-1327 | [8.4855564226392753928689192672187383269] | 8.4855564226392753928689192672187383269
1330 | [12.084736176353893571788761127133199302] | 12.084736176353893571788761127133199302
-1330 | [10.863273095383667836268676834182264127] | 10.863273095383667836268676834182264127
-1333 | [9.5560295449095758461667391018075757333] | 9.5560295449095758461667391018075757333
1334 | [8.5603913924813372168246912309380766426, 17.395630621553815785804715549330509449] | 142.07881331146563756134133503042820991
-1337 | [13.865000063202205747987305513744825718] | 13.865000063202205747987305513744825718
-1339 | [13.468746720177026955710374638377025274] | 13.468746720177026955710374638377025274
1342 | [32.843003783999965898072710559778853663] | 32.843003783999965898072710559778853663
-1342 | [6.5762701827051786962333609043560889690, 16.165297197217186866687117519342530791] | 102.56844888841968751669988318419359722
1345 | [2.9124234284566882589823040552018736706, 4.3618279379823117410070418044663044845] | 12.084700607313966348718263785615663685
-1349 | [19.132404489460161854344718212178168343] | 19.132404489460161854344718212178168343
1353 | [27.963302808257967410071508320368997535] | 27.963302808257967410071508320368997535
-1355 | [36.721668938223112883258781424657630894] | 36.721668938223112883258781424657630894
-1361 | [15.856041070103642560829036989965521002] | 15.856041070103642560829036989965521002
1363 | [23.716062102801530397435164848806643791] | 23.716062102801530397435164848806643791
-1363 | [2.9175493324665861540389692070723567126] | 2.9175493324665861540389692070723567126
-1366 | [10.452007494723982252876596371938015059] | 10.452007494723982252876596371938015059
-1367 | [2.1521395371647936548374216885762961244, 14.826674862165024796576487769298797572] | 31.908772625128327305638963090219435239
-1370 | [9.9006012353828693974423286763711757307] | 9.9006012353828693974423286763711757307
-1371 | [12.832939828649859682726808236369960721] | 12.832939828649859682726808236369960721
-1374 | [42.309640443746679579838314283267452275] | 42.309640443746679579838314283267452275
1378 | [4.4261267956064168131611190722363674025, 7.6647680262144463841628769242537621958] | 30.022143769047999201813625730123131412
-1378 | [2.5082854459158140437447414465616637773, 18.519467662637673879834433618707926775] | 46.444286716830819102468120532768522073
-1382 | [22.662384823071106056663535172691514091] | 22.662384823071106056663535172691514091
-1383 | [4.2091465497825552125905966754452517510] | 4.2091465497825552125905966754452517510
1385 | [35.387705095861414573689254342822835745] | 35.387705095861414573689254342822835745
-1385 | [4.5245555885642621397898763577333002187] | 4.5245555885642621397898763577333002187
1387 | [5.4416498683531063675865685928191707361, 15.682561456561645979724052621983146329] | 83.325980633825185431989523797088199916
1393 | [2.2813209184449481500598054533199476762, 4.5406243985887213059707571086419830911, 8.5518916379582121036843881014969080777] | 69.414946838776432313334189460759881439
-1393 | [5.7120652181448019770139132246051358863] | 5.7120652181448019770139132246051358863
-1394 | [11.356857522459571398732073897080843050] | 11.356857522459571398732073897080843050
-1398 | [48.927345301445265970055532159368694201] | 48.927345301445265970055532159368694201
-1399 | [7.5949340878811585251687975971265882167] | 7.5949340878811585251687975971265882167
-1403 | [7.7464887117401619029396043965854935562] | 7.7464887117401619029396043965854935562
-1405 | [33.687764171563513959955727861035382342] | 33.687764171563513959955727861035382342
-1407 | [9.3274888840653103115893456818047639578] | 9.3274888840653103115893456818047639578
-1410 | [3.1530868544355935481031913935063363032] | 3.1530868544355935481031913935063363032
1411 | [8.4451331066928725400305411398440078102, 9.2257440100605160807384814538670221771] | 76.675066192230021396250607093081531823
-1414 | [3.5881695908885457032912624248317421587] | 3.5881695908885457032912624248317421587
-1415 | [4.2948200131050613949271591439495342828] | 4.2948200131050613949271591439495342828
-1418 | [34.066310288704538323497305929919668331] | 34.066310288704538323497305929919668331
-1426 | [16.917213510588734290487782625207982475] | 16.917213510588734290487782625207982475
-1427 | [2.8578422201502146404192534443841106669] | 2.8578422201502146404192534443841106669
1429 | [5.8671253151016764187855344070735312114] | 5.8671253151016764187855344070735312114
1430 | [14.460775550562017986371841162466247634] | 14.460775550562017986371841162466247634
-1437 | [21.295054699970455850465493952699244651] | 21.295054699970455850465493952699244651
-1438 | [8.9651851984738633533811568322896194680] | 8.9651851984738633533811568322896194680
1441 | [19.654089622480553170972610524576122968] | 19.654089622480553170972610524576122968
-1443 | [29.665828826606998836828907434861845696] | 29.665828826606998836828907434861845696
-1447 | [4.2137424050160337653875096530718963044] | 4.2137424050160337653875096530718963044
-1451 | [21.636021226205372441015758618081641535] | 21.636021226205372441015758618081641535
-1454 | [15.251238418912366219628481061452075455] | 15.251238418912366219628481061452075455
1457 | [5.2920553118315732190876424539085298894, 5.6788095091852802906835129934561595786] | 23.733343886004229265630062846854378721
-1462 | [3.4196401788103540915361560948494722546] | 3.4196401788103540915361560948494722546
1463 | [31.402944845940874583254637259120909013] | 31.402944845940874583254637259120909013
-1469 | [24.791760203219408661958100826117754863] | 24.791760203219408661958100826117754863
-1471 | [3.7685061630916081991584703269655009764] | 3.7685061630916081991584703269655009764
-1473 | [24.983678836834821421445727220191019146] | 24.983678836834821421445727220191019146
1474 | [25.803021407556234806504184421006113841] | 25.803021407556234806504184421006113841
-1478 | [15.062283991006370089246868245786367514, 19.032807528737129327878783755529600278] | 258.38885752479959643357306949552522194
-1481 | [24.993695318304262104150978854597867723] | 24.993695318304262104150978854597867723
-1482 | [2.5890488000133574545951505140597243393] | 2.5890488000133574545951505140597243393
1486 | [9.6950695874482783233566258890781365300, 11.636459560562067418315173450370147837] | 98.809380651238849230030386519252523252
-1486 | [8.3683248945119678338628029493089631393] | 8.3683248945119678338628029493089631393
-1487 | [3.3141175109693745880638146707665889861] | 3.3141175109693745880638146707665889861
-1491 | [45.605005913868488103420880374348518263] | 45.605005913868488103420880374348518263
1493 | [22.337282447737755447604962054049216698] | 22.337282447737755447604962054049216698
-1493 | [5.0938353610929702815262232433176455974] | 5.0938353610929702815262232433176455974
-1495 | [8.5572634128529497993495549261139516087] | 8.5572634128529497993495549261139516087
-1497 | [13.852928646228639127178332926457465827, 14.744316014742188854571066766033154772] | 163.62519611443726707571265935206230596
-1498 | [14.424063339700659793941690127460518190] | 14.424063339700659793941690127460518190
-1502 | [19.413258563753289365095236777101823659] | 19.413258563753289365095236777101823659
1513 | [22.642534039889510563570955983137198601] | 22.642534039889510563570955983137198601
-1513 | [15.556974285188295314306745120524742699] | 15.556974285188295314306745120524742699
-1514 | [9.3686971355872210585835861592375901466] | 9.3686971355872210585835861592375901466
1515 | [22.302486422593933847164846151274013319] | 22.302486422593933847164846151274013319
-1515 | [25.776191229931841526446237924552766912] | 25.776191229931841526446237924552766912
-1517 | [12.998950690651171839960594461957136440] | 12.998950690651171839960594461957136440
-1526 | [2.5298203592482450382889059668377903865] | 2.5298203592482450382889059668377903865
-1531 | [33.551266788597657209356009068724829224] | 33.551266788597657209356009068724829224
-1535 | [5.5565176032822321685537338373468482572] | 5.5565176032822321685537338373468482572
1537 | [12.742661638741355937080797210632065213] | 12.742661638741355937080797210632065213
-1537 | [3.2010883034297288074591981067582307593] | 3.2010883034297288074591981067582307593
1542 | [22.966104452102231024484556192584565487] | 22.966104452102231024484556192584565487
-1542 | [12.147061806559569291471855488564902040] | 12.147061806559569291471855488564902040
1543 | [4.7988772695732570550464205646352124736, 19.832698529457977814427124108246137289] | 95.174131164640764800651823679755115673
-1546 | [1.9578159449849092731037970305897322842] | 1.9578159449849092731037970305897322842
-1547 | [6.3369854813912302738546072183155043583] | 6.3369854813912302738546072183155043583
1553 | [27.030091507029931574089902900153180173] | 27.030091507029931574089902900153180173
-1553 | [17.409682883990984493422989292928831425] | 17.409682883990984493422989292928831425
1558 | [36.266759535943510247851964398711759218] | 36.266759535943510247851964398711759218
-1558 | [6.5074220857358404747839760973949719008] | 6.5074220857358404747839760973949719008
-1559 | [3.0616946087905930226594983266613324355] | 3.0616946087905930226594983266613324355
1562 | [23.965710989263329960729060780385328250] | 23.965710989263329960729060780385328250
-1567 | [3.9501286556308703826998636546009105491, 10.227323370417971182421889956278938222] | 37.610543814960021165520144021946799463
1574 | [8.0953682609394725299300544996357225480, 32.314487783378102708864621000644442891] | 250.32085975626519987281748124341422682
-1579 | [26.897267900707499277726495552062081705] | 26.897267900707499277726495552062081705
-1581 | [41.703277505706800642443328530692912455] | 41.703277505706800642443328530692912455
-1583 | [2.7080133957531266109263072319661810744] | 2.7080133957531266109263072319661810744
-1586 | [9.8952659182956339615969889249089369758] | 9.8952659182956339615969889249089369758
-1590 | [13.126333015795895905701407114219378716] | 13.126333015795895905701407114219378716
-1591 | [9.5725266193754783164104786547487408623] | 9.5725266193754783164104786547487408623
-1594 | [28.885701950947378646345981550069401538] | 28.885701950947378646345981550069401538
-1601 | [20.794112579500323944304983110817966320] | 20.794112579500323944304983110817966320
-1613 | [20.450207499608975428873455370337804423] | 20.450207499608975428873455370337804423
1614 | [44.928609954042933976463516583547367519] | 44.928609954042933976463516583547367519
-1614 | [4.0221879079814926123385042312871491099] | 4.0221879079814926123385042312871491099
-1619 | [5.9671599569036291016765220395279864717] | 5.9671599569036291016765220395279864717
-1622 | [9.2885271417590535109345050291893036434, 20.362778992571433274066677679879768388] | 189.11836518973853445042902559254896299
-1623 | [4.5213667011889135227414845127083657278] | 4.5213667011889135227414845127083657278
-1627 | [34.834867603841853756153887189915829801] | 34.834867603841853756153887189915829801
1630 | [24.557233315945911387509020312501209274] | 24.557233315945911387509020312501209274
-1630 | [1.8977390727204373095893432859421452640] | 1.8977390727204373095893432859421452640
-1634 | [7.7787240995478175710077427396076475294] | 7.7787240995478175710077427396076475294
1641 | [3.5071356975398175562612752266670624641] | 3.5071356975398175562612752266670624641
-1641 | [29.386335295792090615132714566621625068] | 29.386335295792090615132714566621625068
-1643 | [10.176841807275129789448862168952363054, 14.831629851050990948412590541491955507] | 134.08653613487775237037466805950159270
1645 | [23.717386426094010145445454435122062389] | 23.717386426094010145445454435122062389
-1645 | [4.3853764124265681763319765546201982824] | 4.3853764124265681763319765546201982824
-1646 | [19.386991410986122359279595367316794590] | 19.386991410986122359279595367316794590
-1649 | [23.927184889830329322406997273143561692] | 23.927184889830329322406997273143561692
1657 | [41.474471002307702932605993506641368268] | 41.474471002307702932605993506641368268
-1657 | [11.459599340126541014322245909552984523] | 11.459599340126541014322245909552984523
-1658 | [5.9191737257206406483919929510193689987] | 5.9191737257206406483919929510193689987
-1662 | [9.9001992574462927660806535138550898768, 20.014681383619631175105850997212757954] | 197.58726999229873108676908054398174935
-1663 | [10.892237959956894551763541753871317165] | 10.892237959956894551763541753871317165
-1667 | [29.781582111423490068760503772148128841] | 29.781582111423490068760503772148128841
-1669 | [36.335481487324820263470342445778987068] | 36.335481487324820263470342445778987068
-1671 | [4.1661469911526852171920215666591442855] | 4.1661469911526852171920215666591442855
-1678 | [42.580063291518259494638514297613745106] | 42.580063291518259494638514297613745106
-1679 | [1.7265690145296232703265425245264971089] | 1.7265690145296232703265425245264971089
-1685 | [19.205632222004318496299887002976792354] | 19.205632222004318496299887002976792354
-1693 | [39.311808138124958083125462548054787413] | 39.311808138124958083125462548054787413
1697 | [4.3541577188844569414556298738699606315, 5.3575642500711288288054439197212576547] | 22.160147427844275486217703938059553769
-1702 | [35.799478045409259829420812360302463748] | 35.799478045409259829420812360302463748
1705 | [21.316708702923975333794833941195871901] | 21.316708702923975333794833941195871901
-1707 | [28.202445624375238577621307558969388450] | 28.202445624375238577621307558969388450
-1711 | [10.089560253243923879334807650519511499] | 10.089560253243923879334807650519511499
-1713 | [8.7589048922642218909098372780190866868] | 8.7589048922642218909098372780190866868
-1714 | [9.4710455735648181792845036136736258677, 34.220909461250033704395410408902992586] | 304.91158267113206824884079032502258084
1718 | [38.025251733928365965300686089262315545] | 38.025251733928365965300686089262315545
-1718 | [16.449826437032656023155615983284846802] | 16.449826437032656023155615983284846802
-1722 | [5.1238320910955922962431239766157571652] | 5.1238320910955922962431239766157571652
-1723 | [29.922851476408377295950793542507046125] | 29.922851476408377295950793542507046125
1726 | [26.258851865330519188491084032585720935] | 26.258851865330519188491084032585720935
-1726 | [10.367127139841011753111720644130882408] | 10.367127139841011753111720644130882408
1729 | [15.227084039456938681388410797079327253] | 15.227084039456938681388410797079327253
-1729 | [20.867006250799872575116002342821636964] | 20.867006250799872575116002342821636964
-1733 | [4.5600406254090612720660805167441997564] | 4.5600406254090612720660805167441997564
-1735 | [8.0844639266503346870495061245795078071] | 8.0844639266503346870495061245795078071
1738 | [18.182932140461132305220581789915468256] | 18.182932140461132305220581789915468256
-1739 | [13.683281224753910012373021915154265729, 14.824765257173157336867805618732378194] | 202.75819009170556109480994384825868000
-1745 | [15.887305722439883495584078480000309149] | 15.887305722439883495584078480000309149
-1749 | [6.8820933819743873889967103147898713325, 19.143262792470366390318495253115708225] | 127.80579763968226387815009701438685849
-1751 | [2.6364729737181962932179275061197527213] | 2.6364729737181962932179275061197527213
1753 | [13.458682097662870671383131053575933357, 13.396075221341529007388441794210577465] | 150.18177987562082994714255946259737542
-1753 | [2.9046382674487563314254404024472046175] | 2.9046382674487563314254404024472046175
-1757 | [25.040881011664018584598980515984737446] | 25.040881011664018584598980515984737446
-1759 | [10.869676936757035206203826155732711557] | 10.869676936757035206203826155732711557
-1761 | [12.162121540237525259096738448654584093, 35.909459994744479424262446679095631569] | 420.57591424515187402735247768364938377
-1762 | [21.110139545349087334391741957813817300] | 21.110139545349087334391741957813817300
1766 | [4.4916925092003055645974829763154841907, 13.976154870814220960924797930343426833, 18.135462702541141234773252717785038629] | 1025.9573389364749174364007931115301401
-1766 | [10.288301294622581507943668602512641909] | 10.288301294622581507943668602512641909
-1767 | [5.2314124932495055861103471358171003381] | 5.2314124932495055861103471358171003381
-1770 | [41.702335835107453452309038330617892071] | 41.702335835107453452309038330617892071
1774 | [11.860637068699364285768667976653178907, 13.439837455011018473276614209214922469] | 153.03145335866199995166957026904065666
1777 | [32.762944487606310620297733557102332237] | 32.762944487606310620297733557102332237
-1778 | [11.741788155060553047250444389411063124] | 11.741788155060553047250444389411063124
-1781 | [7.3905266091935768117892906764544917973] | 7.3905266091935768117892906764544917973
-1786 | [5.3352455076208994559454527679784584438, 13.722770555369792046691927358175004516] | 70.241357600522145046167434925016426664
-1790 | [34.380569434649614450017371219194015331] | 34.380569434649614450017371219194015331
1793 | [7.3668510509174216827101495857191279648] | 7.3668510509174216827101495857191279648
-1795 | [11.954190699202263905214633891613452596] | 11.954190699202263905214633891613452596
-1798 | [6.9540559206364598126902852221493864844, 42.515137975069267653185485111569357360] | 285.31723149915767208738103461627619059
-1799 | [1.5024383606870397610297188961859895259, 1.5672035174502804942566327740303200198, 5.0151255486939580875722530631856147004] | 10.969864393457074441536236325187577048
1803 | [12.760452820787435409263707853345989927] | 12.760452820787435409263707853345989927
-1803 | [35.384491724880330005095034328667939760] | 35.384491724880330005095034328667939760
-1806 | [14.786405737494895237382092570157848303] | 14.786405737494895237382092570157848303
1807 | [5.1333214066751957709586363420348579928, 19.120180775629812403898201058174812808] | 94.641718202968205744800592441714561473
-1811 | [19.904364528172446241614143395049027265] | 19.904364528172446241614143395049027265
-1814 | [2.6359330461506240737795899521703391806] | 2.6359330461506240737795899521703391806
-1822 | [8.7421989062929307929023369680390484096] | 8.7421989062929307929023369680390484096
-1823 | [3.1229919590856244653590907007435660804] | 3.1229919590856244653590907007435660804
1830 | [3.8149123719346348237987309467179193957] | 3.8149123719346348237987309467179193957
1833 | [28.962783714488114929842619393900484752] | 28.962783714488114929842619393900484752
-1833 | [10.618448615902411070176654426272069210] | 10.618448615902411070176654426272069210
-1834 | [11.602992485009074258811324666471818692] | 11.602992485009074258811324666471818692
1838 | [9.3391959433185252764637087105528367318, 13.682660040164485903355225793445642551] | 120.51910047225100557838565267847726909
-1839 | [6.0740746763618745491636804501803358425] | 6.0740746763618745491636804501803358425
1841 | [4.6720853616704944221010583615318505150, 7.2557786989303234922358833033297648808] | 31.972936398494285020932087123467793973
-1847 | [2.8446470173106990054779933230934934943] | 2.8446470173106990054779933230934934943
1855 | [24.622892402824150131252128716657066473] | 24.622892402824150131252128716657066473
-1855 | [3.0796149545540510251522042977313299515] | 3.0796149545540510251522042977313299515
-1858 | [11.959649455634306305449006375180243663] | 11.959649455634306305449006375180243663
-1861 | [9.2809560193150997023746330845121104923] | 9.2809560193150997023746330845121104923
-1865 | [6.1085256890687460047706495712390695780] | 6.1085256890687460047706495712390695780
-1866 | [11.639062632588554160007188307276290508] | 11.639062632588554160007188307276290508
-1867 | [15.198530511250977707663364237913720024] | 15.198530511250977707663364237913720024
1870 | [7.9099345659789429963578776975449798798] | 7.9099345659789429963578776975449798798
-1878 | [17.907143052168825170592230270919515927] | 17.907143052168825170592230270919515927
1882 | [6.7110778550136368584997849783834477019, 24.825125554889856919995481869067917223] | 160.26621347275477050141612440603522425
-1883 | [3.1421789365133499077199804643685179337] | 3.1421789365133499077199804643685179337
-1887 | [8.3752879259984959723523655305045639261] | 8.3752879259984959723523655305045639261
-1891 | [36.007226330235873249919936185645365964] | 36.007226330235873249919936185645365964
1897 | [3.4261790522761340498397361327521157943, 7.5134335335331227932238814217114592348] | 23.088933722596427133399686818567249623
-1898 | [8.8485978837498577780617814619063167742] | 8.8485978837498577780617814619063167742
-1902 | [29.915602297046998559676896879543250666] | 29.915602297046998559676896879543250666
-1905 | [26.534709702959233261548109186339441488] | 26.534709702959233261548109186339441488
-1909 | [23.814153341684895680504620628505606605] | 23.814153341684895680504620628505606605
-1910 | [30.858418393186593958233225111554519275] | 30.858418393186593958233225111554519275
-1927 | [2.5785378642246896780459449566886754731] | 2.5785378642246896780459449566886754731
-1930 | [6.4022498849755233436136665857235491943] | 6.4022498849755233436136665857235491943
-1931 | [4.4811199010789549652001336924064947803] | 4.4811199010789549652001336924064947803
1937 | [5.2163742298255326594925757057815765215, 6.4778956250222296548510866532131584992] | 32.544077666096878328521814189228887380
-1938 | [9.5631495276185999236932686542211570273] | 9.5631495276185999236932686542211570273
-1942 | [24.192253173687170912330988717744550482] | 24.192253173687170912330988717744550482
-1943 | [2.7544281178187680487222117140878359935] | 2.7544281178187680487222117140878359935
1946 | [12.685219550015711084903857525740812766] | 12.685219550015711084903857525740812766
-1946 | [12.552066528509993673910474634858864406] | 12.552066528509993673910474634858864406
-1954 | [33.024992999213856788794245926352315488] | 33.024992999213856788794245926352315488
-1955 | [13.562852015471930597489911080440569413] | 13.562852015471930597489911080440569413
-1957 | [11.088372175419197351608613856201946425] | 11.088372175419197351608613856201946425
1969 | [23.721065286476789421937728505285140040] | 23.721065286476789421937728505285140040
1974 | [2.0285756169439951065043486779499285732, 24.960669257528594277260098877712286870] | 50.620038790583848613212468808697639800
-1977 | [33.117777329160916320871172508020750678] | 33.117777329160916320871172508020750678
-1979 | [42.596304508381420332606805384625932083] | 42.596304508381420332606805384625932083
-1981 | [6.1650517727288100423632855419991203587] | 6.1650517727288100423632855419991203587
-1982 | [5.7292334532221098569792485671689407526] | 5.7292334532221098569792485671689407526
1985 | [5.0421462830600416599665054959900853182, 7.6294669657169418653754200110618336975] | 34.413938833700751445135793669502252149
-1985 | [32.290555315586473475217455819737077789] | 32.290555315586473475217455819737077789
-1986 | [38.551851275243969904991976066057893341] | 38.551851275243969904991976066057893341
-1987 | [24.754563283838003919064024605811370069] | 24.754563283838003919064024605811370069
-1990 | [18.434577754770354052427450574469595511] | 18.434577754770354052427450574469595511
-1993 | [5.0297232926271471146763971501445960439] | 5.0297232926271471146763971501445960439
-1999 | [1.7861790586856975593847103826739040660] | 1.7861790586856975593847103826739040660
-2001 | [39.163838640620958094906383304329940046] | 39.163838640620958094906383304329940046
-2010 | [13.653640775361773164979665935903061180] | 13.653640775361773164979665935903061180
2013 | [49.589727632200996232012898791002275827] | 49.589727632200996232012898791002275827
-2015 | [5.0782403810183120799854396263161453115] | 5.0782403810183120799854396263161453115
2018 | [2.6949220596605110553448780089334826307] | 2.6949220596605110553448780089334826307
-2021 | [5.6521092730190932832409642168411036501] | 5.6521092730190932832409642168411036501
2030 | [21.762471476511054142263447004048916564] | 21.762471476511054142263447004048916564
-2030 | [6.7106633275533304408030243426282323250] | 6.7106633275533304408030243426282323250
2031 | [20.108631670274778026499703506557359539] | 20.108631670274778026499703506557359539
-2031 | [10.830534471351503117782949341961163950] | 10.830534471351503117782949341961163950
2033 | [6.5212190194513547429595714021552917670, 6.7906129792011501513724125875090917272] | 39.110912201799126881850398124712521013
2038 | [11.459931017452425105156118884050576582, 13.865581197428104263502767473047138644] | 127.30530116694048101162149029622874256
-2039 | [2.9514379996694171631715359730821976205, 19.115145812885255027175769850376921755] | 55.527489262680229230414215256761622189
2041 | [41.132179155712144599643439367133807645] | 41.132179155712144599643439367133807645
-2041 | [25.575320372299298125303063590805598294] | 25.575320372299298125303063590805598294
-2042 | [4.8714972106415520477881448132104738958] | 4.8714972106415520477881448132104738958
-2053 | [8.3800366260859018419261696162755431964] | 8.3800366260859018419261696162755431964
-2054 | [2.9102835661638503693048048002819482244] | 2.9102835661638503693048048002819482244
-2063 | [2.2618599323838068355645360734149396438] | 2.2618599323838068355645360734149396438
-2067 | [13.392373584273948064702597587699484915] | 13.392373584273948064702597587699484915
-2071 | [6.5112939615686229561494166606804786833, 11.606406877541612191962238898710070897] | 68.226327167920299437080714398722121552
2074 | [35.760191899079410260576867588421158073] | 35.760191899079410260576867588421158073
-2074 | [13.793155036410429711036658656160920934] | 13.793155036410429711036658656160920934
-2078 | [27.389329499824871655318123448066826758] | 27.389329499824871655318123448066826758
2081 | [4.5824042766204440531442688475574940926] | 4.5824042766204440531442688475574940926
-2081 | [36.421598464430517511417392688854673217] | 36.421598464430517511417392688854673217
-2085 | [6.2159400488633910014415523486504765262] | 6.2159400488633910014415523486504765262
-2086 | [9.0038491182638448339363257578728408052] | 9.0038491182638448339363257578728408052
-2087 | [3.8104337781563171544587491605595898765] | 3.8104337781563171544587491605595898765
2091 | [6.9242031893824782762419742214253645191, 35.552820755677689172988115474633188919] | 246.14021052387532563157769381266217772
-2093 | [8.8932123504695555727412426501719565400, 26.620715585464973819009949887150984274] | 217.86075962603356513698119330383585454
2095 | [23.225291430009087536273162053325538708, 37.257197778663051137570802595856532770] | 778.35700276977403480569221183535476437
-2103 | [8.1431662952757280554623930937434232696] | 8.1431662952757280554623930937434232696
-2111 | [6.7185824685848742301229283407856602093] | 6.7185824685848742301229283407856602093
-2114 | [4.0394681555678638310596277281603117447] | 4.0394681555678638310596277281603117447
-2119 | [2.4981516814959911902121252909432417690] | 2.4981516814959911902121252909432417690
-2122 | [14.550943731751467698069766228650998410] | 14.550943731751467698069766228650998410
-2126 | [9.1406582431400535462098862038005080932] | 9.1406582431400535462098862038005080932
2138 | [9.9978736611151795482739830725097780520, 20.813187413073171515358251727711613657] | 191.50229722395876896324112289945768010
-2141 | [27.445089741566509670263728928523793534] | 27.445089741566509670263728928523793534
2145 | [44.010505306421709859403501845898751285] | 44.010505306421709859403501845898751285
-2147 | [12.760269020510594572985630691624425875] | 12.760269020510594572985630691624425875
2153 | [2.3781957238297335758085336172743816156] | 2.3781957238297335758085336172743816156
-2153 | [18.418313018637592711790245670165544615] | 18.418313018637592711790245670165544615
-2155 | [44.283737639962089719630533750432110282] | 44.283737639962089719630533750432110282
-2158 | [17.087513823024961634351733743190519420] | 17.087513823024961634351733743190519420
-2159 | [5.3893757704623824414592646316154983914, 9.5549825102819283851601100999337244672] | 51.084506136542082538495989967537513687
-2162 | [8.2577422908441082518258626851184496845] | 8.2577422908441082518258626851184496845
-2163 | [4.1443333425273961182405274018847366252] | 4.1443333425273961182405274018847366252
2167 | [41.004971266653829538787972918911506271] | 41.004971266653829538787972918911506271
2171 | [14.401822368835400621156261071983323190, 16.307918643312836232369879609401719341] | 234.63464903266850925660068834288302852
2173 | [28.729954955152817013329607820840954847] | 28.729954955152817013329607820840954847
-2173 | [10.927998516347409668193898506388864149] | 10.927998516347409668193898506388864149
-2174 | [3.1922879561368533678049246006702169359] | 3.1922879561368533678049246006702169359
2177 | [10.009312924918162799718564375898196291] | 10.009312924918162799718564375898196291
-2177 | [3.0828742041104852148684943980682889074] | 3.0828742041104852148684943980682889074
2182 | [9.8163200499033152745770019459255054135, 11.941075591901098127549307925054275337] | 116.42295521135663961022731352621766473
2185 | [31.268116516659908533512945216455351749] | 31.268116516659908533512945216455351749
-2186 | [25.785590248893226478139226177266261227] | 25.785590248893226478139226177266261227
-2189 | [6.5034514404078177735868036998631396303, 10.298484555847422751641063521299301353] | 59.459782460501288220638117160230271569
-2191 | [12.384095361965155110123591323166499995] | 12.384095361965155110123591323166499995
2193 | [3.3534368742747443428227358900823596738, 8.7110174353147048137806293378226459521] | 28.971663882377321009825819012248002294
-2199 | [14.610882504276753285085074103280392764] | 14.610882504276753285085074103280392764
-2202 | [16.753417020121894230352983708615403745] | 16.753417020121894230352983708615403745
-2207 | [9.4552058915335577660301051227721671632] | 9.4552058915335577660301051227721671632
-2210 | [4.8254074740575790211444813628875385314] | 4.8254074740575790211444813628875385314
-2213 | [40.577619100767779432802070755500294783] | 40.577619100767779432802070755500294783
-2218 | [6.3137123474118599282176476990417090662] | 6.3137123474118599282176476990417090662
-2219 | [18.017354021575518122841995422380595135] | 18.017354021575518122841995422380595135
2222 | [29.354807942173783504760914570433149992] | 29.354807942173783504760914570433149992
-2226 | [10.806296397216158375396283824887367124, 14.765963225379391020210162469849731165] | 130.11226441406664995707236984340329063
2227 | [8.9770520834483391062538527262237412280, 14.532251355511517466410544690330924496] | 130.15134694822345926543424313370912050
-2229 | [25.707460441833346371381101082060577188] | 25.707460441833346371381101082060577188
2233 | [6.4425629019639070894991490775633524595] | 6.4425629019639070894991490775633524595
-2237 | [2.9970190830009097752950042880854491445] | 2.9970190830009097752950042880854491445
-2239 | [5.0094748303425009730870856346372569728] | 5.0094748303425009730870856346372569728
-2243 | [15.663724929235291672292873931623345225] | 15.663724929235291672292873931623345225
-2246 | [6.0184498769127984357104981459408392048] | 6.0184498769127984357104981459408392048
-2247 | [4.6434629920078560355345390205775670561, 14.457457323004158421022276031631828584] | 66.906473313487414881786239228477151902
-2251 | [25.555511290480692820370994620801817544] | 25.555511290480692820370994620801817544
2255 | [26.701066802431671774414757902964589777] | 26.701066802431671774414757902964589777
-2255 | [3.7033317307129252893682441951502868921, 6.3895624138311449869246950320624530142] | 21.605749881189885888009545236525033620
-2257 | [8.1155234321293970546911016729353955215] | 8.1155234321293970546911016729353955215
-2261 | [18.922773636628874800682565646895049101] | 18.922773636628874800682565646895049101
-2262 | [11.102302070772559044259992774636947193] | 11.102302070772559044259992774636947193
-2263 | [3.6845482806975908101823238951874610746] | 3.6845482806975908101823238951874610746
-2265 | [36.270457065276641657427885089350414877] | 36.270457065276641657427885089350414877
-2273 | [13.608510158813239673882078068551851880] | 13.608510158813239673882078068551851880
-2279 | [2.9301470562429729587803823715830336020] | 2.9301470562429729587803823715830336020
-2282 | [5.4479578480668724834781412905339282948, 13.092906257096833408049517352736088640] | 67.316179917422003609878894562194682624
-2283 | [21.000826648698476110392857402815199412] | 21.000826648698476110392857402815199412
-2287 | [4.7743950389889715065184170722458733614] | 4.7743950389889715065184170722458733614
-2294 | [12.813790889065348163926597788070972080] | 12.813790889065348163926597788070972080
-2306 | [24.008095548493701675037955055814011334] | 24.008095548493701675037955055814011334
-2307 | [33.879661451377936632010977633792940531] | 33.879661451377936632010977633792940531
-2309 | [41.847165116898086550693258181436096735] | 41.847165116898086550693258181436096735
-2318 | [14.913894163887340401451479230102967757] | 14.913894163887340401451479230102967757
-2319 | [9.8830588965676403886437734987551455266, 9.9820280363588445699994652215911552318] | 78.327066576302711995115644497164062389
2321 | [22.180864731692917981632991097244455108] | 22.180864731692917981632991097244455108
-2321 | [8.8401010074392595910257823934277700550, 14.644242299832423001334428799394211065] | 128.97425735561704611653215714494755813
-2327 | [3.8637637723396945350218038282706183001] | 3.8637637723396945350218038282706183001
2329 | [25.128964156065592846206140760052523382] | 25.128964156065592846206140760052523382
-2329 | [29.878184224762891921441917196595531950] | 29.878184224762891921441917196595531950
-2330 | [10.788977473961339673749470718626448909, 25.460328150150074615924529320710283135] | 248.16479369461030536121005903756133523
2338 | [14.232907194213582047106303339563752180] | 14.232907194213582047106303339563752180
-2338 | [10.107439463973500133219758252873249530] | 10.107439463973500133219758252873249530
-2339 | [30.224185992278091647586065903368961483] | 30.224185992278091647586065903368961483
-2342 | [27.073985929863531072907155815701726173] | 27.073985929863531072907155815701726173
-2345 | [27.032790423123133882324620640970556732] | 27.032790423123133882324620640970556732
-2351 | [3.4193366559509432783005515136220293666] | 3.4193366559509432783005515136220293666
2353 | [25.521486794436913713943540052888468543] | 25.521486794436913713943540052888468543
-2361 | [30.489093443629202587392590446494648347] | 30.489093443629202587392590446494648347
2362 | [2.8091321211508964391277216459982647181, 14.555868512106250010338067497423783681, 26.405229670491707566383166515385761862] | 984.76171536585636240140457799780188466
-2373 | [38.516852007805612560728009833961552986] | 38.516852007805612560728009833961552986
-2378 | [8.9226147842576326442011883597931314757] | 8.9226147842576326442011883597931314757
-2382 | [18.035589287140402738730670129004342243] | 18.035589287140402738730670129004342243
-2383 | [11.016941724658136204891370708791625772] | 11.016941724658136204891370708791625772
-2386 | [41.310417912972906257663401332509508595] | 41.310417912972906257663401332509508595
-2389 | [47.292705595392461183090717281391655347] | 47.292705595392461183090717281391655347
2390 | [11.710096949302221431945335481145940915, 21.847315916122703921497675550954879528] | 251.29345897830302110592035511054478316
-2393 | [45.586078240010638012863135079374245169] | 45.586078240010638012863135079374245169
-2397 | [7.4449011512911363324120635858784084758] | 7.4449011512911363324120635858784084758
2398 | [23.786181174060503541383198765370755353] | 23.786181174060503541383198765370755353
-2398 | [8.6711937024604649916134059822818766562, 19.786268317279632075564936211842261776] | 160.26260031532299551760917661487996760
-2405 | [43.205908445012790040903164177617206933] | 43.205908445012790040903164177617206933
-2406 | [8.2256205066293926351362382329806163725] | 8.2256205066293926351362382329806163725
-2407 | [5.0674071384354619399537233276239780102, 10.517366478994716163498668074406012513] | 51.738661715931860357156934502983451824
2409 | [40.029839573671323055745224134511830248] | 40.029839573671323055745224134511830248
-2409 | [5.4850113450129819865884857468061538341] | 5.4850113450129819865884857468061538341
2410 | [4.2559909990969304904155279268560533781, 8.9869120231723960288882652938103318139] | 37.314942711163902253129959249306001724
-2411 | [8.3830954109867020703489445378305210735] | 8.3830954109867020703489445378305210735
-2415 | [10.002471213189055831952014684401909499] | 10.002471213189055831952014684401909499
-2422 | [6.6544349682740255465883747323557390989] | 6.6544349682740255465883747323557390989
-2426 | [44.098589880935488503258681719709278054] | 44.098589880935488503258681719709278054
-2427 | [23.665499812916726176261784416001284644] | 23.665499812916726176261784416001284644
2431 | [36.287582440407189985092554263507474957] | 36.287582440407189985092554263507474957
2433 | [9.6182653508584108029789565068423622464] | 9.6182653508584108029789565068423622464
2438 | [30.087924029996138711537085042489342216] | 30.087924029996138711537085042489342216
-2438 | [7.9921479365240876619745764455047587270] | 7.9921479365240876619745764455047587270
2449 | [37.410030022986232258353684950567485368] | 37.410030022986232258353684950567485368
2451 | [9.2407432133706800188051719202719783900, 17.884471266061507008244612494443323415] | 146.22238068646668295665786937747558562
-2455 | [2.9034047034759694167977883883608072041] | 2.9034047034759694167977883883608072041
-2463 | [1.6022472489551561871242432553616757714] | 1.6022472489551561871242432553616757714
-2470 | [13.914357973723500676561557400011911533] | 13.914357973723500676561557400011911533
-2471 | [10.935910782332522826879703753891152431] | 10.935910782332522826879703753891152431
2474 | [39.239651915250364039203755859479033240] | 39.239651915250364039203755859479033240
-2474 | [3.1519196476387122685438364415144021038] | 3.1519196476387122685438364415144021038
-2477 | [7.7013102773582484906521537845338352552] | 7.7013102773582484906521537845338352552
-2481 | [26.612536774753247265270574784785921940] | 26.612536774753247265270574784785921940
-2482 | [22.324336567410880476171512889852456261] | 22.324336567410880476171512889852456261
-2483 | [18.032380959764545061426741054662098445] | 18.032380959764545061426741054662098445
2489 | [4.0313886656444651816920747854775331595, 9.1733414316932641231755299840310912440] | 36.887057452448745162229209216087780561
2491 | [3.6618878148969716482801959775434604649, 10.066376541974733569809581307054278288] | 36.845131225351653572307082823156452471
-2494 | [11.765838501787833202411393072307591281] | 11.765838501787833202411393072307591281
2497 | [35.822811155665953196533685390299174022] | 35.822811155665953196533685390299174022
-2498 | [12.632357326219344003181706073664824676, 13.519486697713382338715586204282943460] | 165.86089417277457246595897610830013818
-2503 | [2.1367926115924809654961112799588192099] | 2.1367926115924809654961112799588192099
-2505 | [43.559000558449723433592647075766779474] | 43.559000558449723433592647075766779474
-2507 | [15.970860609362946898650274104200475964] | 15.970860609362946898650274104200475964
-2514 | [22.245554273064754235520128505057198622] | 22.245554273064754235520128505057198622
-2518 | [26.840459062712884141118427923013271393] | 26.840459062712884141118427923013271393
-2526 | [14.984189035267970584960500767138024546] | 14.984189035267970584960500767138024546
-2537 | [22.702141760862906534548046085228632315] | 22.702141760862906534548046085228632315
-2543 | [5.0729436562770119336585891442155344185] | 5.0729436562770119336585891442155344185
-2551 | [7.1528244296836524132418444986214690257] | 7.1528244296836524132418444986214690257
2554 | [39.030041766767290585830390465102032467] | 39.030041766767290585830390465102032467
-2554 | [45.919412674112120828079383539376290224] | 45.919412674112120828079383539376290224
-2558 | [7.4638293073973642414261670231445499118] | 7.4638293073973642414261670231445499118
-2559 | [9.4350167902115947201485404449854009816] | 9.4350167902115947201485404449854009816
-2562 | [3.9987254800588992355360027088691110352] | 3.9987254800588992355360027088691110352
2569 | [29.543140772718221585361010655462599948] | 29.543140772718221585361010655462599948
-2569 | [25.411384538597344882940804001706948320] | 25.411384538597344882940804001706948320
-2570 | [17.366455330153235809661482648077451186] | 17.366455330153235809661482648077451186
2579 | [7.7200933069294621108816678003775371269] | 7.7200933069294621108816678003775371269
-2581 | [22.562484665353201085642732100947564774] | 22.562484665353201085642732100947564774
-2582 | [2.6555399605855696655072643813009012495] | 2.6555399605855696655072643813009012495
2585 | [6.5938406430688994691236274804559481341] | 6.5938406430688994691236274804559481341
-2585 | [4.4765386312437328359574227705491189488, 29.613670638581029117074972709422698516] | 129.34808382040791035056659653317474004
-2587 | [4.4541567963550850895081900292198748008] | 4.4541567963550850895081900292198748008
-2591 | [8.2672913507099103343945029112621700815] | 8.2672913507099103343945029112621700815
2593 | [10.956881387456390102583734845091751794] | 10.956881387456390102583734845091751794
-2593 | [26.356449143230303963700952347183427766] | 26.356449143230303963700952347183427766
-2598 | [38.864299111447669084263234287669811772] | 38.864299111447669084263234287669811772
2602 | [10.579898780467512854083108266068665038] | 10.579898780467512854083108266068665038
-2602 | [21.409135146244113871712931627988090323] | 21.409135146244113871712931627988090323
-2603 | [27.060479820988256446262354250584590786] | 27.060479820988256446262354250584590786
-2606 | [33.080334591042239853507820116082442421] | 33.080334591042239853507820116082442421
-2609 | [21.430206568220873010051964666177590533] | 21.430206568220873010051964666177590533
-2614 | [2.4877830702127238637405574259677510406] | 2.4877830702127238637405574259677510406
-2615 | [7.9112888216882601379877138392454741945] | 7.9112888216882601379877138392454741945
-2617 | [29.963383881122593899570573958475038881] | 29.963383881122593899570573958475038881
2618 | [46.129774002084156034033705001814562401] | 46.129774002084156034033705001814562401
-2618 | [2.0866398140342869561574658243793658188, 12.917450406683283762038154626906578922] | 26.805889252615037085715535673274608471
2623 | [9.1409925951014890349776594565871436946, 24.492213352830407190899654460202980162] | 217.90918541836684633128718514258083420
-2626 | [22.595846094107942485529443703189143823] | 22.595846094107942485529443703189143823
-2631 | [9.5474499550656745858647878313885370829] | 9.5474499550656745858647878313885370829
-2639 | [1.8854375645724074108164288682976490412] | 1.8854375645724074108164288682976490412
-2642 | [10.791091217254156162034549216778391088] | 10.791091217254156162034549216778391088
-2647 | [7.2635182001723739074600648098721765753] | 7.2635182001723739074600648098721765753
-2653 | [33.568948344730855634784766753136662006] | 33.568948344730855634784766753136662006
2657 | [28.874520788558675491685648075446637853] | 28.874520788558675491685648075446637853
-2657 | [12.756126021884130067671977428750110891] | 12.756126021884130067671977428750110891
-2658 | [37.471972928587196129440198368494083711] | 37.471972928587196129440198368494083711
-2670 | [9.3573716838964302544544367408045118823] | 9.3573716838964302544544367408045118823
-2678 | [5.0765965714752164167636755598698743835, 16.216401233323948250736135140457925909] | 81.739878616135220238268569298789979633
-2679 | [3.9007475177354448062285686301805986134] | 3.9007475177354448062285686301805986134
-2683 | [39.587089606037672441903856749547026102] | 39.587089606037672441903856749547026102
-2686 | [9.0805568667698502838982792257901146758] | 9.0805568667698502838982792257901146758
-2690 | [17.967528771455074088976552197763194519] | 17.967528771455074088976552197763194519
-2694 | [51.275523321420074182645082816537814424] | 51.275523321420074182645082816537814424
2697 | [22.620079340534988592744129601519117569] | 22.620079340534988592744129601519117569
2701 | [35.144976796030620630544767986590069433] | 35.144976796030620630544767986590069433
-2702 | [3.9669042891338381757450121467787606854] | 3.9669042891338381757450121467787606854
-2703 | [3.4855090147771481501016518727048713444] | 3.4855090147771481501016518727048713444
-2705 | [25.496041307063970126224578313430730437] | 25.496041307063970126224578313430730437
-2714 | [44.749316624118152617412059193910649543] | 44.749316624118152617412059193910649543
-2719 | [6.6015819937393302432825856589399192572] | 6.6015819937393302432825856589399192572
-2722 | [9.4271027720272049693113553510117331144, 27.198120709963613502749000560928345679] | 242.46631166304729435200237237528006828
-2723 | [24.427026137193820429256442394469165216] | 24.427026137193820429256442394469165216
-2729 | [10.629096907405302942740516534746998212, 26.942317945430588425426976643280776717] | 278.18547770980064905926379968589449363
-2730 | [21.020440413409254949882418896804419484] | 21.020440413409254949882418896804419484
-2735 | [2.4629254165325763687314246730058003622] | 2.4629254165325763687314246730058003622
2737 | [4.6036939868013645413991250184956907042, 5.9151275509427677340986869269280972690] | 22.806634111094782859210509903490782710
2742 | [7.0211761021160798145360336293861553491] | 7.0211761021160798145360336293861553491
-2743 | [6.7301814070532510731301798477270833906, 9.0638589850212480715863038636759749132] | 53.637638740207924102262938204104251570
-2747 | [17.099722315364589770252140442317302143] | 17.099722315364589770252140442317302143
-2751 | [7.4793711496176118623861898074419132672, 11.158804444355941069073751745975033174] | 81.670673884169642451762271908438911593
-2758 | [11.031796396060971281304395286540757358] | 11.031796396060971281304395286540757358
2766 | [7.8784047448766817666396839917080464897, 32.042080074619021802895036651180839976] | 250.81995677607588153018010294936634406
-2767 | [6.4104319783955117419653726851032785483] | 6.4104319783955117419653726851032785483
2769 | [25.839791050562838246752847455880504833] | 25.839791050562838246752847455880504833
-2771 | [7.4686700568661082691901337584348615068] | 7.4686700568661082691901337584348615068
-2774 | [4.9369612034480413608226693652486289411] | 4.9369612034480413608226693652486289411
-2777 | [4.3550053336947979199217189926917629136, 22.482173730076550406227371063314107259] | 97.879785288146978075225014128339771057
-2778 | [43.916791755289910844736400962246054996] | 43.916791755289910844736400962246054996
-2779 | [14.079451336431043735954202386161202049] | 14.079451336431043735954202386161202049
-2782 | [11.080725070237211522587845413186449087] | 11.080725070237211522587845413186449087
-2789 | [13.557252309872800217206585028675958052] | 13.557252309872800217206585028675958052
-2791 | [10.897651630723451371944250671582538093] | 10.897651630723451371944250671582538093
-2801 | [33.182268624853883835075659195949374442] | 33.182268624853883835075659195949374442
-2802 | [36.175987996637103888226445142658223265] | 36.175987996637103888226445142658223265
2806 | [12.460788220631334852703481542324547051, 15.697025242954632686884949825451158404] | 165.08073767417806322443175598627065054
-2807 | [1.6478716239884870351659107444766977963] | 1.6478716239884870351659107444766977963
-2810 | [18.503475141371035668147975734580008110, 19.055634061210213540032226052090646873] | 295.94339887211899726675798972837811039
2813 | [37.144271772087804385712565412405665513] | 37.144271772087804385712565412405665513
-2813 | [10.519387604124484432198829413809454304] | 10.519387604124484432198829413809454304
-2815 | [10.716987380433540854353607973923315245] | 10.716987380433540854353607973923315245
-2818 | [43.800137272756582515827837519585487137] | 43.800137272756582515827837519585487137
-2822 | [7.1953407970706880919306510351112237037] | 7.1953407970706880919306510351112237037
-2823 | [6.1598406499447328127461100859561187103] | 6.1598406499447328127461100859561187103
2827 | [21.644682420425646778178611813265579459] | 21.644682420425646778178611813265579459
-2830 | [22.869603644993283672713777840912774474] | 22.869603644993283672713777840912774474
-2834 | [5.6539683089491762026314039903642165857] | 5.6539683089491762026314039903642165857
-2837 | [8.0577303898242626412379122523294872924] | 8.0577303898242626412379122523294872924
-2838 | [10.494217054328773422685863807449353477, 15.808514443574727180683420876226445946] | 161.56606628381860119160835310430803917
-2843 | [7.9577922729535864850261314481483118915] | 7.9577922729535864850261314481483118915
-2846 | [44.579601372893331356532263609295651038] | 44.579601372893331356532263609295651038
2849 | [29.786969675900710728590168480528946935] | 29.786969675900710728590168480528946935
-2855 | [6.2076653296297665282254678638190231101] | 6.2076653296297665282254678638190231101
-2857 | [13.844875539120377403587627461025277763] | 13.844875539120377403587627461025277763
-2866 | [4.2731968898107804973308137825274524169] | 4.2731968898107804973308137825274524169
-2867 | [5.2019848206256658172981498245325239823] | 5.2019848206256658172981498245325239823
-2869 | [8.1959819719812354349505863004121682183] | 8.1959819719812354349505863004121682183
-2870 | [1.9905080123118727539064816473634937251] | 1.9905080123118727539064816473634937251
-2877 | [41.311415729642270263389566663185382574] | 41.311415729642270263389566663185382574
2878 | [7.0039583803757820182393591124965746263, 9.3271446730510059728990998347861216874, 10.416171554442576226280924663674089882] | 579.28815690341469985702307193805715372
-2878 | [6.4638745186429602126435689859265758428] | 6.4638745186429602126435689859265758428
-2879 | [7.8836525646381806276241374860307849039] | 7.8836525646381806276241374860307849039
2882 | [11.342654409249670719818850669211203796] | 11.342654409249670719818850669211203796
-2895 | [19.382833610484495960045764505016993191] | 19.382833610484495960045764505016993191
2897 | [2.3610736514656062806303453726045355640, 20.682058031168700034266104316562514530] | 48.698165451895178833240527600009516432
-2899 | [35.331590646522525937004545042269563205] | 35.331590646522525937004545042269563205
-2901 | [18.159053895075532719879820454623148448] | 18.159053895075532719879820454623148448
-2903 | [3.7906091263755125661718900593971705351] | 3.7906091263755125661718900593971705351
-2910 | [40.702209358914709980371204099818595484] | 40.702209358914709980371204099818595484
-2911 | [2.9063246031854159474538878005391393753] | 2.9063246031854159474538878005391393753
-2914 | [15.706411390655880204174406685636294025] | 15.706411390655880204174406685636294025
-2919 | [4.8133086720754203150659700489273504302, 15.622443750114254475138930976091155631] | 75.086254805231210486559756997024030154
-2922 | [34.935398174668299296377230333064764982] | 34.935398174668299296377230333064764982
-2923 | [38.222747626276993779247058147754694911] | 38.222747626276993779247058147754694911
-2926 | [2.0961801000384196776555714566805686569, 31.248362262309397240106825103052516888] | 65.501077719322336392559042960670725229
-2929 | [47.589903360789486807274571962163525351] | 47.589903360789486807274571962163525351
-2933 | [7.6301933613398574351111057326273112443] | 7.6301933613398574351111057326273112443
2935 | [6.9091202359559045012696456426767644066, 25.355820516386694958939510830022979743] | 175.12959121152372166722439872556688286
2937 | [40.586412097780272433045364211913826929] | 40.586412097780272433045364211913826929
-2939 | [37.585328008993812303866573430453693774] | 37.585328008993812303866573430453693774
-2942 | [15.680386632119608701614917592606027128, 20.736187684811813022608978326550861606] | 312.97668854543826128182462382645879352
-2945 | [36.768048965898250466715059255408485154] | 36.768048965898250466715059255408485154
-2947 | [17.524012846293394446683829168429855420] | 17.524012846293394446683829168429855420
2954 | [13.869016558317141130127533644022266170] | 13.869016558317141130127533644022266170
-2954 | [4.0292204941756023506816107594041257158] | 4.0292204941756023506816107594041257158
-2958 | [8.4069232977498265617026072361886070914] | 8.4069232977498265617026072361886070914
2959 | [32.927327953138317360626507386748591819] | 32.927327953138317360626507386748591819
-2959 | [2.3609199668174752065690911055189646120, 12.916729190591828371752815816010374190] | 29.863907643753257553774120237373896886
2962 | [8.0260492706082793317824001257654858722, 13.199249720231415950357839750731600940] | 104.75211656208475071263134525429260243
-2966 | [42.516073409276350808066514845244541284] | 42.516073409276350808066514845244541284
-2967 | [8.7631121744027517332769224400270251047] | 8.7631121744027517332769224400270251047
2977 | [46.984453714902467807834226179385031149] | 46.984453714902467807834226179385031149
-2977 | [35.109262229796570911348694191016043731] | 35.109262229796570911348694191016043731
-2978 | [24.137195482905926466002148079295776052] | 24.137195482905926466002148079295776052
2983 | [39.171248078880365872407359753320582166] | 39.171248078880365872407359753320582166
-2983 | [6.7030099238512381189374361258229033692] | 6.7030099238512381189374361258229033692
-2987 | [11.045184545860617558736607762060321067] | 11.045184545860617558736607762060321067
-2991 | [17.349871807903003624624695661256297739] | 17.349871807903003624624695661256297739
-2994 | [14.604088418538127150033914322465567707] | 14.604088418538127150033914322465567707
-2998 | [29.018586435160615495310112214728586701] | 29.018586435160615495310112214728586701
-2999 | [6.4058686992042145546114508108858248825] | 6.4058686992042145546114508108858248825
-3002 | [14.695453143259396387092882177725962588] | 14.695453143259396387092882177725962588
3003 | [40.773418977742192188969250363752157872] | 40.773418977742192188969250363752157872
-3005 | [25.361054431902824547678968969079633613] | 25.361054431902824547678968969079633613
-3009 | [15.088730602006010982247783870108075727] | 15.088730602006010982247783870108075727
3010 | [21.072852234088564276930440929758791768] | 21.072852234088564276930440929758791768
-3010 | [15.085015143086636155572765368674505988] | 15.085015143086636155572765368674505988
-3011 | [21.702408131850566629375937893473112956] | 21.702408131850566629375937893473112956
-3013 | [47.353915610093671586007964805210875702] | 47.353915610093671586007964805210875702
3018 | [11.227822933127769224389173228109512364, 12.215459685657696018726670318488977469] | 129.54820055210648855290744604795498111
-3021 | [24.682284007227378405071231704796575533] | 24.682284007227378405071231704796575533
-3022 | [30.200350577830908375888909657720536490] | 30.200350577830908375888909657720536490
-3027 | [21.407212317944131531359655768385882260] | 21.407212317944131531359655768385882260
3029 | [14.908767908024879558656207411172843696, 18.359778886330179807345721317333049560] | 264.49936607687090929226700755219198357
-3031 | [15.594016591431721871606810455622616864] | 15.594016591431721871606810455622616864
-3035 | [14.320961960405483771645877971971098444] | 14.320961960405483771645877971971098444
-3043 | [25.270197262912200720938442835711189881] | 25.270197262912200720938442835711189881
-3055 | [2.8488257140638630010844539248214869650] | 2.8488257140638630010844539248214869650
-3057 | [12.200971253924675248761152500772242162] | 12.200971253924675248761152500772242162
-3066 | [20.420846376522708048506662278671812506] | 20.420846376522708048506662278671812506
-3071 | [3.4940153077235595030965402326485647133] | 3.4940153077235595030965402326485647133
-3077 | [33.057203495577014600481922622388353552] | 33.057203495577014600481922622388353552
-3079 | [3.7482362300436908116843972458264995535] | 3.7482362300436908116843972458264995535
-3086 | [7.7857380903191587013886499769547616096] | 7.7857380903191587013886499769547616096
3091 | [26.739494608140626786924956585069215194] | 26.739494608140626786924956585069215194
-3097 | [20.761324717026441648388545071001149342] | 20.761324717026441648388545071001149342
-3098 | [39.076869128006645574632432102610573719] | 39.076869128006645574632432102610573719
-3101 | [18.252073981378228313211698699832492878] | 18.252073981378228313211698699832492878
3102 | [26.990369783354320810901543295169319442] | 26.990369783354320810901543295169319442
3103 | [9.4293364518343312019356189042071671651, 13.106361793239207524436808868036272363] | 123.56696845189765883201029566305169546
-3103 | [5.8057832025508825827277950380723589780, 18.884168811025640728041114652671715870] | 107.96759446980793952102962492636301027
-3109 | [28.686610132916393785111828139949383261] | 28.686610132916393785111828139949383261
-3110 | [11.777188109928623527602321555795710527] | 11.777188109928623527602321555795710527
3113 | [18.737600252680139971638711245814665979] | 18.737600252680139971638711245814665979
3118 | [52.936374787801591742501612735388595143] | 52.936374787801591742501612735388595143
-3118 | [10.918193439987462511428400635109077883, 27.262486716906090588823991931831603805] | 292.61138804688084127604121307629308870
-3119 | [10.222307026348436665870203683025411536] | 10.222307026348436665870203683025411536
3121 | [2.4665692089521433226953084599930731386] | 2.4665692089521433226953084599930731386
3129 | [7.4224582654337821740425078842809666387, 8.0623226189450513558343006916906317210] | 56.526207691678694085577094074138299944
3134 | [4.9086661150205946959570426180876772800] | 4.9086661150205946959570426180876772800
-3134 | [10.916147039348403214936059516310816658] | 10.916147039348403214936059516310816658
-3135 | [4.3523991171018787574811788867344646120, 6.5238850459167873919439288482548248244] | 28.169096876632038190301418262296391309
-3137 | [9.2069076608420683496195987921086782237] | 9.2069076608420683496195987921086782237
-3142 | [12.615402671085926072906843049993786444] | 12.615402671085926072906843049993786444
-3143 | [5.9126940494417941911122945073268666125] | 5.9126940494417941911122945073268666125
3153 | [24.321639385463149617113471135388107436] | 24.321639385463149617113471135388107436
3154 | [17.879683916435553438223887176024120467] | 17.879683916435553438223887176024120467
-3154 | [18.440522902750291344175499672228157668] | 18.440522902750291344175499672228157668
3157 | [34.743165578225275452902722556705705306] | 34.743165578225275452902722556705705306
-3163 | [28.393053682391671511447425434300659503] | 28.393053682391671511447425434300659503
-3165 | [26.296365978908249545835198119790381011] | 26.296365978908249545835198119790381011
3166 | [7.3611416528670355673599577348784782553, 20.552677481443904912905420699718039669] | 144.25394003512175827311851002934511009
-3167 | [2.5503135928502330952315314998656300101] | 2.5503135928502330952315314998656300101
-3170 | [7.9679687355339664324518997109715219535] | 7.9679687355339664324518997109715219535
-3178 | [5.5431533889934274853073790147509577665] | 5.5431533889934274853073790147509577665
3193 | [4.3648837315792517996138637774002877061, 4.6077410578029367856296303322497004954] | 17.945095289641754915905463624483421092
-3197 | [13.881562878226498496988658348823247738] | 13.881562878226498496988658348823247738
-3198 | [3.9589867096863907855644001598905168544] | 3.9589867096863907855644001598905168544
-3203 | [12.257597333034023385104371070326853994] | 12.257597333034023385104371070326853994
-3207 | [13.438461643448776602928389500439067016] | 13.438461643448776602928389500439067016
-3218 | [3.0350006886824215280590576760754781350] | 3.0350006886824215280590576760754781350
-3219 | [38.477962291699762575686663239311955770] | 38.477962291699762575686663239311955770
-3223 | [4.4780852732808583704511297295578096294, 8.4599410263159965388138174835699825829] | 33.385179019769026109140820089933804687
3229 | [15.091093308400212773657456829349334473] | 15.091093308400212773657456829349334473
-3230 | [5.0767099867257457686177546597033642701] | 5.0767099867257457686177546597033642701
3233 | [46.407075696884527198007901493790582199] | 46.407075696884527198007901493790582199
-3233 | [6.7683862090606359647855905030715263896] | 6.7683862090606359647855905030715263896
3238 | [4.1354436934792189897971015790468798371, 39.487493201126601172038997435317439020] | 159.85510890482075923005020975714487225
-3239 | [5.1212956278116566783350857801105041103, 11.377167192092918116356861017275837005] | 52.106429270031802492378321790028885104
3241 | [33.611671964000276550879899526778888191] | 33.611671964000276550879899526778888191
3242 | [43.887930932287630252475753342102522178] | 43.887930932287630252475753342102522178
-3242 | [7.9704483413911253321975914908839798904] | 7.9704483413911253321975914908839798904
-3247 | [7.8693044319104086705891217361379112671] | 7.8693044319104086705891217361379112671
3251 | [43.532509565279773157049940870748718578] | 43.532509565279773157049940870748718578
-3251 | [30.142749424499770770497049884369355486] | 30.142749424499770770497049884369355486
3253 | [16.832685049044351857003453944041308818] | 16.832685049044351857003453944041308818
-3255 | [7.8004512393190433437136442500123785041] | 7.8004512393190433437136442500123785041
-3262 | [6.4170186255302452734859354792895981777] | 6.4170186255302452734859354792895981777
-3263 | [4.3635683686126462114009089085773851286] | 4.3635683686126462114009089085773851286
-3274 | [9.5278388871225172644787890944943991184] | 9.5278388871225172644787890944943991184
3278 | [20.707894087904913864923772839890656604] | 20.707894087904913864923772839890656604
3282 | [41.222438448609484155900332450808774039] | 41.222438448609484155900332450808774039
-3286 | [17.661671526901520140551700737332947285] | 17.661671526901520140551700737332947285
3289 | [30.411586727970871086887466175781814280] | 30.411586727970871086887466175781814280
-3295 | [4.9598004479676026853114626279000452366] | 4.9598004479676026853114626279000452366
-3297 | [38.690470398188265965373936814258585875] | 38.690470398188265965373936814258585875
-3302 | [3.3856583848264821404265816965119025550] | 3.3856583848264821404265816965119025550
-3306 | [21.760332177052919372749886223415320366] | 21.760332177052919372749886223415320366
-3307 | [20.812621819331345153829493431816412371] | 20.812621819331345153829493431816412371
3313 | [21.833418676104960389721679471505387878] | 21.833418676104960389721679471505387878
-3317 | [11.531419317521316781528855203267644760] | 11.531419317521316781528855203267644760
-3318 | [16.949569779180857099498459581123828654] | 16.949569779180857099498459581123828654
-3319 | [16.998080790994958012970678493843889925] | 16.998080790994958012970678493843889925
3322 | [16.219636539730903455829329374992040331] | 16.219636539730903455829329374992040331
3333 | [24.649774427866534380208321634739157740] | 24.649774427866534380208321634739157740
-3335 | [6.4452737059296327704377349166248304317] | 6.4452737059296327704377349166248304317
-3341 | [13.692057338314104659777143619455731006] | 13.692057338314104659777143619455731006
-3343 | [14.361733715939864745821013898779805910] | 14.361733715939864745821013898779805910
-3346 | [15.951863208204602451739539165349539359] | 15.951863208204602451739539165349539359
-3351 | [16.210986749111243315993762392049324444] | 16.210986749111243315993762392049324444
-3353 | [12.411349187122844204444175427895782781, 14.012641566744449963445162665847881683] | 152.68089084959271329892382943038163671
-3354 | [18.347804550616093867655899837542058490] | 18.347804550616093867655899837542058490
-3361 | [4.8566460621022492651623651719385717964] | 4.8566460621022492651623651719385717964
-3363 | [41.353084850914109562275781239590234688] | 41.353084850914109562275781239590234688
-3365 | [15.480416857038630100961025515448621637] | 15.480416857038630100961025515448621637
-3367 | [7.8578330126898384690287585990969821342, 11.910744206129259153953117903074445632] | 92.911127219279645483897120193400054855
3369 | [2.5966937456788780492667424666820960231, 14.679015211498175217983423237097534880] | 37.749084553341908078804105027412097225
-3373 | [12.094110637952081133147056113353093862] | 12.094110637952081133147056113353093862
-3374 | [8.8377262576414771287177153948916673647] | 8.8377262576414771287177153948916673647
3379 | [25.988135158135583837239279233280285055] | 25.988135158135583837239279233280285055
3383 | [18.598318087798878305957622627750377844] | 18.598318087798878305957622627750377844
-3383 | [1.8976076946969799121105713015662718929] | 1.8976076946969799121105713015662718929
3385 | [15.639775553490385398809196899347016596] | 15.639775553490385398809196899347016596
-3385 | [45.225995940406252037174767356071976931] | 45.225995940406252037174767356071976931
-3387 | [11.729888861805619234026039423159360696] | 11.729888861805619234026039423159360696
-3394 | [32.727366431961453176188089533437170124] | 32.727366431961453176188089533437170124
-3395 | [28.631216790662353088738244775191935104] | 28.631216790662353088738244775191935104
-3398 | [2.3557941901021939510828574838654061708] | 2.3557941901021939510828574838654061708
3399 | [42.950063728693668455764416286373691219] | 42.950063728693668455764416286373691219
-3399 | [2.4860261805617887524820333160737803805, 15.124593592507092515202668402538526382] | 37.419634646962486182430993246216244788
-3401 | [28.739708434620298918829361544609626273] | 28.739708434620298918829361544609626273
3406 | [13.409480682524709704212736990768346369] | 13.409480682524709704212736990768346369
-3407 | [6.4470955717800365024943055010414538719] | 6.4470955717800365024943055010414538719
-3409 | [26.059030476723268731815139283124496510] | 26.059030476723268731815139283124496510
3421 | [31.690125142877606833301579050088729554] | 31.690125142877606833301579050088729554
-3423 | [2.4749621738796038876743501855785114403] | 2.4749621738796038876743501855785114403
-3431 | [4.7167156456358818783010641100681456507] | 4.7167156456358818783010641100681456507
3433 | [3.1268848431290574717850006761311785186, 9.9102446552769453064365636498857277768] | 30.957153728403087336566534878713626457
-3434 | [2.6000563844634434376295644087210215741] | 2.6000563844634434376295644087210215741
-3439 | [15.494207569477639814263583747304950819] | 15.494207569477639814263583747304950819
-3442 | [12.621131670405980111763653573885379151] | 12.621131670405980111763653573885379151
-3445 | [7.6743261174988682533103808092516375078] | 7.6743261174988682533103808092516375078
-3449 | [21.009395368604202113069793280965882666] | 21.009395368604202113069793280965882666
-3451 | [11.650625069141227270869901436411853341] | 11.650625069141227270869901436411853341
-3458 | [4.3501770676422125989234203450014223582, 20.262169812484474457765619422211929787] | 86.332791360074431893472032300564266317
3462 | [51.770520151789207748071624546219077426] | 51.770520151789207748071624546219077426
-3471 | [16.988590303289014001256005554701710466] | 16.988590303289014001256005554701710466
-3473 | [19.406458067872787594712994645795362620] | 19.406458067872787594712994645795362620
-3478 | [16.599909548701121853208379135982557788] | 16.599909548701121853208379135982557788
-3482 | [23.506244209355574023757517869416328665] | 23.506244209355574023757517869416328665
-3486 | [4.2177665377329426045866434370781165896] | 4.2177665377329426045866434370781165896
-3489 | [39.443585553723652526116579066837108777] | 39.443585553723652526116579066837108777
-3493 | [5.3362584139505286488726174895670436937] | 5.3362584139505286488726174895670436937
-3495 | [10.415042289514100777440838943172599817] | 10.415042289514100777440838943172599817
3497 | [20.579707521251888283956632032073103771] | 20.579707521251888283956632032073103771
-3497 | [11.823597658879022478170132631569265066] | 11.823597658879022478170132631569265066
3498 | [41.944923542402990449596438254116325386] | 41.944923542402990449596438254116325386
-3498 | [6.4593668761465307254919286501103943390, 9.1933385212145944449359496052757586396] | 52.644197148203490626496896042337501780
-3505 | [10.120216168174566581892206119136358380] | 10.120216168174566581892206119136358380
-3506 | [11.524595079504381622365732085583194380] | 11.524595079504381622365732085583194380
-3511 | [22.141719021169629421983118012743921365] | 22.141719021169629421983118012743921365
3515 | [33.269637056791400245960199165411687345] | 33.269637056791400245960199165411687345
-3515 | [39.292999844796844494911094020756572696] | 39.292999844796844494911094020756572696
-3517 | [12.087629854673968228143898996126008527] | 12.087629854673968228143898996126008527
3522 | [39.901162597405587732163478464011327232] | 39.901162597405587732163478464011327232
-3522 | [14.422420406396017964515329403858588148] | 14.422420406396017964515329403858588148
-3526 | [20.248198034444975871101407817372897216] | 20.248198034444975871101407817372897216
-3527 | [5.1275932000650234489386688972771968058] | 5.1275932000650234489386688972771968058
-3530 | [37.216468824293834518245080728191622221] | 37.216468824293834518245080728191622221
-3538 | [7.8275328806361958796292063111109045671] | 7.8275328806361958796292063111109045671
-3541 | [26.612763767716607965759272032578596872] | 26.612763767716607965759272032578596872
3543 | [14.572247624488958750782505019010477394, 16.796863835880915961101860338483126427] | 220.80676941141638913373677658216740798
3551 | [7.3454123991240513559838558023010492014, 25.337086842355048130178728482099535171] | 181.42448400413368255729941577870912120
3553 | [11.937740089286308933783309043386554224] | 11.937740089286308933783309043386554224
3558 | [11.049452985409267660174102848846106044, 23.948268668519990534644458807925897020] | 264.51171883561019645108478029022713545
-3559 | [12.491038667743109615116239938935912013] | 12.491038667743109615116239938935912013
-3563 | [48.109307160004984322882978443163086071] | 48.109307160004984322882978443163086071
-3566 | [13.672974547477964685646662059593858097] | 13.672974547477964685646662059593858097
-3567 | [6.2749816181847989925074224829786505074, 11.156543293872538444870932751686654253] | 62.340504910882362804768712587603534415
3569 | [3.0840830538075034981713761074070724855, 20.370535664793181811964835315323205973] | 62.592368229153466982118674643855165285
-3570 | [17.501792081507388953737413597988313215] | 17.501792081507388953737413597988313215
-3583 | [6.7118193962147975592789483155679810477] | 6.7118193962147975592789483155679810477
3585 | [5.3261768796262988801037240635127339822] | 5.3261768796262988801037240635127339822
3586 | [25.999435389280137321402742694059115609] | 25.999435389280137321402742694059115609
-3594 | [23.720676419892012541128933599303230262] | 23.720676419892012541128933599303230262
3598 | [5.3423002240690425437045717992080488447, 10.477092923563850280545437990980091473] | 55.589836894208273760448553057536227227
3599 | [13.948424952924101869487075594407528942] | 13.948424952924101869487075594407528942
-3599 | [12.315356480889609049186211942437960986] | 12.315356480889609049186211942437960986
3601 | [7.0923591885836717885184822330839816602, 7.7179337156970152900821996765620510426] | 51.976741832525223421273139081232755890
-3601 | [30.046968898859598217132007233328682334] | 30.046968898859598217132007233328682334
-3603 | [6.1489318041142778456365678049171479401] | 6.1489318041142778456365678049171479401
-3605 | [20.441781016923760731800143387514650168] | 20.441781016923760731800143387514650168
-3607 | [14.271214385013748701741407856813932629] | 14.271214385013748701741407856813932629
3613 | [4.3679111319902208176184035048015222920, 20.884287379300133162917155207890591543] | 89.133713923736881405834422024129232199
-3614 | [10.517068684671485097552348436651544950] | 10.517068684671485097552348436651544950
-3615 | [15.541835577107241605693104914912003582] | 15.541835577107241605693104914912003582
3619 | [28.355734136545266060879237758269845298] | 28.355734136545266060879237758269845298
-3621 | [12.053607158161958742061630787746265446] | 12.053607158161958742061630787746265446
-3623 | [6.5801944213408401339794984190141600135, 13.437999429080482923254506449871714909] | 88.272400950486744651270583341055089607
-3629 | [17.410719138434621502681150136293571876] | 17.410719138434621502681150136293571876
3638 | [14.675576097991534996826394394885134038] | 14.675576097991534996826394394885134038
-3638 | [9.8173064683472500092307497280528956672] | 9.8173064683472500092307497280528956672
3642 | [11.144414650126570581375193804818489362, 16.893268422995699512695705014066611624] | 185.64989984725758016824995058234293783
-3643 | [40.273559776250459857340509605844288685] | 40.273559776250459857340509605844288685
-3647 | [5.9423437918477287735127583566977659374] | 5.9423437918477287735127583566977659374
-3653 | [18.034722984098946397720148018669665791, 18.916583570171014260173429226075887984] | 289.98591454476115552530533331976516492
-3655 | [8.1856354687645655797839749856888562868, 14.547849724834223781129696594650298032] | 110.04202490441968628914825829988668281
-3658 | [37.854362155096760173973934571466181703] | 37.854362155096760173973934571466181703
-3659 | [34.329754272219028364280070348719233870] | 34.329754272219028364280070348719233870
3661 | [21.108112466493745754334965741972862847] | 21.108112466493745754334965741972862847
-3662 | [23.179070542775438988783985100030273006] | 23.179070542775438988783985100030273006
-3667 | [13.070782615940505041028151117624584636, 23.592491848473151834837100412790688053] | 305.06174304550151791672789316724997875
-3670 | [10.779611109707804643076900314406776319] | 10.779611109707804643076900314406776319
-3671 | [5.8652732092895204119417811816138005079] | 5.8652732092895204119417811816138005079
-3673 | [32.710059726203497025720347120296012593] | 32.710059726203497025720347120296012593
-3682 | [8.1062867576033330864647213989427703722] | 8.1062867576033330864647213989427703722
-3687 | [2.8326057369532069546407900582823416291] | 2.8326057369532069546407900582823416291
3689 | [7.4073531305846473625430097007742443831, 8.4415692120178986007730840610271987758] | 62.436025752799656587044884589669916691
-3689 | [17.099466031618258318252587702905780483, 33.839570367831940947069309979573831834] | 571.91485164169827725986707578534567683
-3695 | [5.6533133221613473102445983551727852982] | 5.6533133221613473102445983551727852982
-3702 | [19.027173601143711153337850505974173493] | 19.027173601143711153337850505974173493
3706 | [37.440247802377158036769555908467339694] | 37.440247802377158036769555908467339694
-3706 | [18.446642418251974950216711923476641949] | 18.446642418251974950216711923476641949
3710 | [5.4588759063591246659026086682396075523, 8.3891130091284693624237026493863396703] | 44.862010427383690764734920728372588996
-3713 | [5.7146295945790519940700425681287863864] | 5.7146295945790519940700425681287863864
-3714 | [42.009591350927167399924583469966270991] | 42.009591350927167399924583469966270991
3722 | [12.783945332579937617895214043007382017, 32.461934680209610350625214352343882964] | 393.64982913237364551297839782564550601
-3731 | [8.7080641047251777034024807194870411043] | 8.7080641047251777034024807194870411043
3733 | [7.3302106877300825538647412991639214642, 12.824168745206701396618359854057009181] | 88.023080211928752694212758836279958943
-3737 | [31.575389866106435317094036236533359465] | 31.575389866106435317094036236533359465
-3746 | [18.954696966651663859649475594870555649] | 18.954696966651663859649475594870555649
-3758 | [31.934398499209253690602521015445613501] | 31.934398499209253690602521015445613501
-3759 | [8.5130597040848906197475223639175796170] | 8.5130597040848906197475223639175796170
-3761 | [42.539151704775978613243236989331754271] | 42.539151704775978613243236989331754271
-3770 | [8.7552050411940667399651269800208832224] | 8.7552050411940667399651269800208832224
-3779 | [27.836301642081432883402877043429621803] | 27.836301642081432883402877043429621803
-3781 | [17.727068162268039039571423020146169918] | 17.727068162268039039571423020146169918
3782 | [12.611319989271420979408824692211682582, 20.209884367934835815297896640225468216] | 254.78853747844706466198556323840810852
-3783 | [8.5770750581406384466271434149575305013] | 8.5770750581406384466271434149575305013
-3791 | [5.9526556392111338663215340112842017555] | 5.9526556392111338663215340112842017555
3793 | [2.0086599190610002046642355493400110772, 19.544952767040960165449225474137557297] | 38.397216794272056424334736423192713938
-3794 | [13.493473902424027717070614544784657201] | 13.493473902424027717070614544784657201
-3797 | [14.757602127182827864328947835536635759] | 14.757602127182827864328947835536635759
-3802 | [51.347422633716323442005274274834868380] | 51.347422633716323442005274274834868380
-3803 | [27.884694025899972214737819577707331696] | 27.884694025899972214737819577707331696
-3805 | [2.4567118950097836977692325109043033383] | 2.4567118950097836977692325109043033383
-3806 | [10.720707865143037908791889507522498038, 18.927188047313908262095686601045313305] | 202.57196233092552472112175682260148914
3814 | [5.6939056531442859845436711515169654971] | 5.6939056531442859845436711515169654971
-3814 | [12.346533501940630270767719107661476159] | 12.346533501940630270767719107661476159
3817 | [19.317408693768675880447571277293751839] | 19.317408693768675880447571277293751839
-3817 | [5.8210460119414888779126670941734914139, 32.394075849566198538018046677106870517] | 186.45372263544783239144714561855745081
-3818 | [9.5668579396981134922966419730022127525, 39.428907102760308849188933728607947652] | 376.55965753188448196121197539343083541
-3823 | [10.950268486590384763098096749012434687] | 10.950268486590384763098096749012434687
-3827 | [25.885447353032944467985766124044701388] | 25.885447353032944467985766124044701388
-3829 | [13.804651158460417607044007513177027109] | 13.804651158460417607044007513177027109
-3838 | [26.355641069284276451164887064277878113] | 26.355641069284276451164887064277878113
-3846 | [19.694300231148108981328827851665809197] | 19.694300231148108981328827851665809197
-3847 | [23.683377833342627230669356144888402427] | 23.683377833342627230669356144888402427
-3854 | [6.8665030197500023213640846439968446585, 12.927411564102266106917690252583362600] | 84.298474649150444262718857943374472889
-3857 | [18.288182864984822173582310292380559889] | 18.288182864984822173582310292380559889
-3863 | [3.8522765091378340099700238915233893739] | 3.8522765091378340099700238915233893739
3865 | [3.7753776106131767770076757996343733353, 10.657782624169929527950863750341732356] | 36.832720709760731605232515853972031407
-3869 | [7.7318182155918264762565105580749319060] | 7.7318182155918264762565105580749319060
3873 | [2.2830543433998023740417388638292533178, 17.143485637727111672256804807025350173] | 37.945033453003032031812860086820432044
-3874 | [17.083466030881203324099572833584298923] | 17.083466030881203324099572833584298923
-3877 | [32.585412802038202710219879598871905241] | 32.585412802038202710219879598871905241
-3878 | [2.1438245596177336296835167941005762422] | 2.1438245596177336296835167941005762422
-3885 | [12.529480793548516072562924899977809257] | 12.529480793548516072562924899977809257
-3893 | [20.164059261674407378009140262511890355] | 20.164059261674407378009140262511890355
-3901 | [30.003037966411215240517296500542290669] | 30.003037966411215240517296500542290669
-3902 | [30.357053559633981480216289013767891909] | 30.357053559633981480216289013767891909
-3911 | [6.0683989710370687931618352215236633097] | 6.0683989710370687931618352215236633097
3913 | [17.818099041908320217747790632777514196] | 17.818099041908320217747790632777514196
-3913 | [7.4134588325588263739597567414902682230] | 7.4134588325588263739597567414902682230
-3918 | [38.396034752460579310728855902591150468] | 38.396034752460579310728855902591150468
3921 | [5.3527453566377942941760539271985509960, 9.3678726417224721897708463849948557003] | 45.254484387942314942141320796055531795
-3922 | [21.962767835187959680532556136127831060] | 21.962767835187959680532556136127831060
-3923 | [42.509330360849876598030157186480452127] | 42.509330360849876598030157186480452127
-3926 | [9.5381793473899310070626297822275851239] | 9.5381793473899310070626297822275851239
-3927 | [4.4445625219469515428972582361000727687, 10.173091088419244388430029419654459277] | 42.608451552677093958553609534912995037
3934 | [12.213790499596370178523639305674750048] | 12.213790499596370178523639305674750048
-3934 | [14.777288430828644398007531567687175044] | 14.777288430828644398007531567687175044
-3935 | [5.6382631319590067974991017759579252892] | 5.6382631319590067974991017759579252892
3937 | [28.911717063914500613865812251678215484] | 28.911717063914500613865812251678215484
-3937 | [7.5710212986185609249555215815466475904] | 7.5710212986185609249555215815466475904
-3941 | [18.559593638367143090651610957518863058, 20.720747384597607444142626201303685124] | 315.94721337818251441483659264670945322
3954 | [29.923042142104028636768689331617249331] | 29.923042142104028636768689331617249331
-3957 | [37.855806496256224319814352230068775024] | 37.855806496256224319814352230068775024
-3959 | [5.1612452979052716902950616731292866319] | 5.1612452979052716902950616731292866319
-3962 | [6.9755486300909611069121439476267930238] | 6.9755486300909611069121439476267930238
3966 | [10.939989787408615730652055456464334008] | 10.939989787408615730652055456464334008
3967 | [12.135773779710975352005357854586006790] | 12.135773779710975352005357854586006790
-3967 | [4.9510708724789956839538219512010631385] | 4.9510708724789956839538219512010631385
3970 | [4.2636292726149749589614135412109745766] | 4.2636292726149749589614135412109745766
-3970 | [20.090524796694830595437755819998715513] | 20.090524796694830595437755819998715513
-3973 | [37.765701656098797730889725119710988433] | 37.765701656098797730889725119710988433
-3990 | [34.833302068610998974751832062937887853] | 34.833302068610998974751832062937887853
3991 | [5.3992334855974858530289100948185896156, 31.009650617241050328890753782730133926] | 166.88456162789472689366259261574018795
-3991 | [7.1880392884287970316718710549012220260, 23.911428009964644679723618481760051293] | 168.58127730065865946841470944287311422
-3995 | [12.099816361367215059474434101804050485] | 12.099816361367215059474434101804050485
3997 | [9.8431994710450604920969749617093762388, 12.199920720715873211144215906010023960] | 120.02297831232941771441376038408074882
3998 | [14.697185210147780261438384271810711230, 17.624575079022129039202231196346941518] | 248.80012387655306339305145008733676004
-3998 | [5.4519918447839204542765590303548588885] | 5.4519918447839204542765590303548588885
-3999 | [8.0933073280109239551008236156959510858] | 8.0933073280109239551008236156959510858
4002 | [7.7835407058800956656446506275893835064, 33.692463408405764775895242038316020997] | 262.24097412136101105141969612615113176
-4003 | [20.903700426622477640206687301931018867] | 20.903700426622477640206687301931018867
-4010 | [8.9885040779613240094420777956886642844] | 8.9885040779613240094420777956886642844
-4015 | [5.5969347506480668556093758556956774290, 9.3997469497754113772575696570717524753] | 52.033730905883851569430112594963686804
4017 | [29.599241381922433371560951171159303301] | 29.599241381922433371560951171159303301
-4017 | [15.265515913141232033771788041127179972] | 15.265515913141232033771788041127179972
-4022 | [41.242255016345303264535363824070891763] | 41.242255016345303264535363824070891763
4038 | [2.5498393045619603694524809934638322010] | 2.5498393045619603694524809934638322010
-4038 | [8.1635393091037706088231949493462194049, 35.201229921842800293544466203175648905] | 278.21554268457642311494573522602012178
-4039 | [19.540638377034540334523972438260009868] | 19.540638377034540334523972438260009868
-4043 | [8.9045139729167432655250677951760840649] | 8.9045139729167432655250677951760840649
-4047 | [15.823811823903419045405533355394126670] | 15.823811823903419045405533355394126670
-4054 | [48.279509074508498107785822457518993300] | 48.279509074508498107785822457518993300
-4055 | [14.651627403408339703306745056996533650] | 14.651627403408339703306745056996533650
-4058 | [9.0995362645348175199311099362114151511] | 9.0995362645348175199311099362114151511
-4061 | [26.166367919478933447824377411123090897] | 26.166367919478933447824377411123090897
-4066 | [19.349900548797276749414469979723206190] | 19.349900548797276749414469979723206190
-4078 | [21.808038067010376488776397186063029106] | 21.808038067010376488776397186063029106
-4079 | [22.060207998797743196347711327587201737, 29.943670767294183748319220615301691064] | 609.21763464247129997411280206036231876
4081 | [12.674644495114183369397084269802204046] | 12.674644495114183369397084269802204046
4085 | [14.001368419736968985794782670252425094, 21.306483476100588519879166519744232325] | 252.45623965881326604758773777549828933
-4087 | [9.0782731634236310558830412505849534821] | 9.0782731634236310558830412505849534821
4089 | [29.731191773085973854825424110025336955] | 29.731191773085973854825424110025336955
-4089 | [17.517438443362164279458418452938614981] | 17.517438443362164279458418452938614981
-4091 | [30.323241210879238921574930611000026175] | 30.323241210879238921574930611000026175
4097 | [5.5060405662560770803957021735490599169, 9.0317210502610099807898786547692362276] | 43.432728825147998474123628896095858068
-4098 | [9.8361365278531699974617497270275319534] | 9.8361365278531699974617497270275319534
-4099 | [3.5443414174326325342151483912581665439] | 3.5443414174326325342151483912581665439
-4102 | [15.982230194493637390544606567108000830] | 15.982230194493637390544606567108000830
-4109 | [22.722339387475079722730275242217121515] | 22.722339387475079722730275242217121515
-4111 | [26.871134519534468974767360191849973899] | 26.871134519534468974767360191849973899
4121 | [39.451334929368044303666697806034544284] | 39.451334929368044303666697806034544284
4126 | [16.549723483493733434596667823019364243, 19.371972529724887993482145994926377652] | 270.09220576576160744441481129160236075
-4127 | [3.1028353679365389543001250401799681451] | 3.1028353679365389543001250401799681451
-4135 | [15.084811984394082455122702394313593019] | 15.084811984394082455122702394313593019
-4138 | [28.871446433298106451964551097364970769] | 28.871446433298106451964551097364970769
-4142 | [5.1255625967410122362201142053925041301] | 5.1255625967410122362201142053925041301
-4143 | [12.768584638005116864753446254691805715] | 12.768584638005116864753446254691805715
-4146 | [10.079553954964420133113653693664222404] | 10.079553954964420133113653693664222404
-4154 | [44.473660560643498517997043717555977580] | 44.473660560643498517997043717555977580
-4157 | [22.846066747475784367394681224661300030] | 22.846066747475784367394681224661300030
-4162 | [27.076204027015138695081788958364599021, 27.751367934224551599669139328969692435] | 611.81974241964508818779086414712818881
4169 | [32.576206739493527574150695812421708798] | 32.576206739493527574150695812421708798
-4171 | [43.655125481872277592276645188590392758] | 43.655125481872277592276645188590392758
-4182 | [15.111107132580149272150931263599633783] | 15.111107132580149272150931263599633783
-4186 | [8.2356654130426951525761108900335890697] | 8.2356654130426951525761108900335890697
4187 | [42.126002324523340839893869857534448289] | 42.126002324523340839893869857534448289
-4190 | [20.213210966745775391851084421680358203] | 20.213210966745775391851084421680358203
-4191 | [2.3796384482633407990013849833159181617, 14.608018005230647938203389743328652630] | 34.734946786770484420405489682516638545
4193 | [10.304393772653258190534048844012112045] | 10.304393772653258190534048844012112045
-4193 | [6.5812687907233910565419413424432719081] | 6.5812687907233910565419413424432719081
-4198 | [10.137966617831292629906707943966799174] | 10.137966617831292629906707943966799174
-4199 | [2.0258511869212761785110799220979378659] | 2.0258511869212761785110799220979378659
-4210 | [6.1850544983528084781652006923514709172] | 6.1850544983528084781652006923514709172
-4215 | [11.704646278842379317861780073290469815] | 11.704646278842379317861780073290469815
-4223 | [2.6437987637903564218552703590275684130] | 2.6437987637903564218552703590275684130
-4226 | [4.9974287184224172267052936354574898445] | 4.9974287184224172267052936354574898445
-4231 | [12.904491472596706857035655599790213209] | 12.904491472596706857035655599790213209
4233 | [1.8271164547240243278720419767514604129, 22.287094790489677186659105748324055032] | 40.619076286746778160556158982902130016
-4233 | [8.6272189770390637360883991720239112283] | 8.6272189770390637360883991720239112283
-4234 | [8.1018005980096666830174483085023294255] | 8.1018005980096666830174483085023294255
-4241 | [19.249662956120724567274480371653125308] | 19.249662956120724567274480371653125308
-4242 | [20.144301570177594709480900122123454001] | 20.144301570177594709480900122123454001
4246 | [28.989580729926928702331414343333931224] | 28.989580729926928702331414343333931224
4249 | [5.0586020546144657275785213883341930084, 7.1935125350005821940355383940963625579] | 30.893911563640524798957669464107367845
-4253 | [8.1864068990286709145102832510325606894] | 8.1864068990286709145102832510325606894
-4259 | [14.435077675210064613443978923471617814] | 14.435077675210064613443978923471617814
-4265 | [26.521285298217134077904494113315715939] | 26.521285298217134077904494113315715939
-4270 | [27.347914566721177020448506408315401584] | 27.347914566721177020448506408315401584
-4278 | [39.438781070680270451948191584396552345] | 39.438781070680270451948191584396552345
-4287 | [6.8349326414375451235231546294095972431] | 6.8349326414375451235231546294095972431
-4297 | [24.465972662101147478818126988953391624] | 24.465972662101147478818126988953391624
-4298 | [7.8040875746148553202826077463135228281] | 7.8040875746148553202826077463135228281
-4303 | [6.6687109247401117240363732568509160425] | 6.6687109247401117240363732568509160425
-4307 | [38.035617286479865684214803751516110252] | 38.035617286479865684214803751516110252
-4318 | [5.8400078229037975332540908861493218510] | 5.8400078229037975332540908861493218510
-4319 | [2.0734056894758052372356785233771185999] | 2.0734056894758052372356785233771185999
4321 | [2.5478054917927314247082067493711999664, 5.4038629948270444581344664661350388772] | 13.500548361366542010708340837866878231
-4322 | [19.344839689867152605104082822810108846] | 19.344839689867152605104082822810108846
-4331 | [22.614029316158529846690182445778830559] | 22.614029316158529846690182445778830559
4334 | [2.9223040832379579849621015323058575623] | 2.9223040832379579849621015323058575623
4342 | [37.796337541680951686323013654102729755] | 37.796337541680951686323013654102729755
-4342 | [14.144258135518456715112727234305091897] | 14.144258135518456715112727234305091897
-4346 | [2.7857284907479953609083806472119220328] | 2.7857284907479953609083806472119220328
-4351 | [26.508706998932151768983250264702226456] | 26.508706998932151768983250264702226456
4353 | [2.9672538335967371706465169575243894990] | 2.9672538335967371706465169575243894990
4354 | [2.3087345297458066643649332464647277646, 23.958093811155869107449152223223785217] | 54.531696284546891962545798887560541942
4358 | [23.959446949455144778636535634792196369] | 23.959446949455144778636535634792196369
-4366 | [27.828447930007248124463070576302759740] | 27.828447930007248124463070576302759740
4369 | [25.063440915778235066356863413482929432] | 25.063440915778235066356863413482929432
-4369 | [31.335011901395987739976035766122101470] | 31.335011901395987739976035766122101470
-4373 | [9.9821942179687146478482602759127240752] | 9.9821942179687146478482602759127240752
-4385 | [30.419176851610597969574870138825373559] | 30.419176851610597969574870138825373559
-4386 | [21.358095602944812469824220339335375110] | 21.358095602944812469824220339335375110
-4391 | [16.391727731875219410501575166770723232] | 16.391727731875219410501575166770723232
-4399 | [3.0645952180314969989075264876648172122, 3.5796448320095305799459616834366669584, 3.3592407158209713528953164405838264699] | 29.737502135095300124705392619987636266
-4402 | [52.623881321951781426499025290401140030] | 52.623881321951781426499025290401140030
4403 | [10.900218550792856399441941919367243000, 38.827140028631833338436079753343989786] | 423.21729158292176150758262231317109423
-4403 | [12.370085290249876627183313853068653231, 24.655022198637745097627813795618141024] | 304.47957788303449841008906500861933764
-4406 | [43.194431748366474888274934245032829851] | 43.194431748366474888274934245032829851
-4407 | [15.360328791656975575335211255822675818] | 15.360328791656975575335211255822675818
-4413 | [31.808574205204340863169281573614304907] | 31.808574205204340863169281573614304907
4417 | [34.468376596081915698159199140566718334] | 34.468376596081915698159199140566718334
-4429 | [25.496164875227933666497499406998856920] | 25.496164875227933666497499406998856920
-4439 | [11.006806672506004758156508071311267373] | 11.006806672506004758156508071311267373
4441 | [5.7169570287992238863404066771910526533] | 5.7169570287992238863404066771910526533
-4451 | [5.5911346707518476801173747876967304308] | 5.5911346707518476801173747876967304308
-4454 | [14.926521989571099040078785795562191963] | 14.926521989571099040078785795562191963
-4461 | [12.025439160178690352796151374739671285] | 12.025439160178690352796151374739671285
-4463 | [9.0575000544954295255622638895742029883] | 9.0575000544954295255622638895742029883
4465 | [10.257158256905696435949546371901672263] | 10.257158256905696435949546371901672263
-4465 | [17.692230333855693648871062367139714244] | 17.692230333855693648871062367139714244
-4474 | [2.9690584695013873078929879201990350440] | 2.9690584695013873078929879201990350440
-4479 | [2.4956323270587782928603254456820078420] | 2.4956323270587782928603254456820078420
4481 | [3.1527810217844098955629271032097934652, 21.420535974476341895126847077359354355] | 66.658509399942836128246466055332430164
-4483 | [8.6503646448914325952097467003000976093] | 8.6503646448914325952097467003000976093
-4486 | [4.8384380558471967610125680449339706477, 8.0473036194323950124280165853917288241] | 37.153249894608673733813006251976105510
-4487 | [7.8428668416079986379341221075872291030] | 7.8428668416079986379341221075872291030
-4490 | [13.789866384067567984187768852828446825] | 13.789866384067567984187768852828446825
-4494 | [2.6809712920474731522170883471897314343] | 2.6809712920474731522170883471897314343
-4495 | [28.649565256279416638946324793090794475] | 28.649565256279416638946324793090794475
-4498 | [29.059653802123690837932833137483911844] | 29.059653802123690837932833137483911844
-4501 | [29.592554739326096409680963226955570955] | 29.592554739326096409680963226955570955
4505 | [29.721840258006067659331554896269145893] | 29.721840258006067659331554896269145893
-4505 | [4.7635340722410406465510598065499392672] | 4.7635340722410406465510598065499392672
-4506 | [20.742624560194226490683759318803849374] | 20.742624560194226490683759318803849374
4522 | [2.6132069903216919870569702846414825996, 10.909083669982797078156277334757268208] | 28.216337370301006647338129242655293541
-4531 | [50.525272604081580747176744333249331051] | 50.525272604081580747176744333249331051
-4535 | [5.5533199974545311622221630342155575581, 9.9891239807713482875778048199954421632] | 48.664356664604974432054343508270798683
-4542 | [4.8913124747765261056305558516210436495] | 4.8913124747765261056305558516210436495
4543 | [37.375107689092466150470243201285465028] | 37.375107689092466150470243201285465028
-4551 | [21.929224114835927519085438097419444138] | 21.929224114835927519085438097419444138
4555 | [14.005012742944306646173626154950281782, 14.042402191044012691337763205772295694] | 188.97444932003476108332670048929695256
4558 | [6.0667811468135516576708350475560457980, 6.2139027753602891093764024771217307114] | 33.832801417219964429353924235775928608
-4558 | [11.796851668170364854415164431652774516, 12.045981438063028984965410180252944154] | 140.59732677193980299523940545219491219
-4567 | [4.9399493410812292250178740928459990000] | 4.9399493410812292250178740928459990000
4570 | [10.313067147878321461267103212544625049, 25.866073566582784880919221745764161173] | 266.73361128376459554577447887884803106
-4571 | [33.549531052185703189222262027179657700] | 33.549531052185703189222262027179657700
-4573 | [15.432829816895296718588854823318223448] | 15.432829816895296718588854823318223448
4577 | [2.2436290970978336568569057411009591902, 38.620025075978421056192416659889515993] | 86.157569702173479612214940759438988809
-4578 | [26.180848494933914302940739786912802639] | 26.180848494933914302940739786912802639
4582 | [8.8332073262790476792350787282880963671, 10.541948243848355756272908479160787139, 13.120817226711157921858973038029263803] | 794.45439879032789559421660655113503857
-4583 | [5.1448458464661347359833473840477141734] | 5.1448458464661347359833473840477141734
4586 | [23.092104322543432285108661275578651348] | 23.092104322543432285108661275578651348
4591 | [15.011828366821976448836127222832891884, 15.862502485991311970073830054677979123] | 226.36772135184715299353521517105576479
-4594 | [38.560837455169531074448116278119072845] | 38.560837455169531074448116278119072845
-4595 | [17.128289824365302384265218808511747722] | 17.128289824365302384265218808511747722
-4597 | [3.0833696623802682920332677982970572740] | 3.0833696623802682920332677982970572740
-4607 | [4.3770809068290726864080977551331245590, 15.227004135716575768037337917345259221] | 63.830502258444321187265468136274026637
4609 | [13.775776349955451387125097814075102206] | 13.775776349955451387125097814075102206
-4611 | [22.937154493244645595622054990435720597] | 22.937154493244645595622054990435720597
-4615 | [11.782291221679145191899163594209394378] | 11.782291221679145191899163594209394378
-4619 | [41.547439281895879378680388924742599869] | 41.547439281895879378680388924742599869
4622 | [21.811738008813938189485892143897410045] | 21.811738008813938189485892143897410045
-4622 | [34.249237600135870596537041949896622566] | 34.249237600135870596537041949896622566
-4630 | [36.135809757360224667871351025777583226] | 36.135809757360224667871351025777583226
-4633 | [32.086061776774372104110570875840428444] | 32.086061776774372104110570875840428444
-4638 | [7.3637475732625501443544891513602658891] | 7.3637475732625501443544891513602658891
-4639 | [13.253750010002915865650446515067318506] | 13.253750010002915865650446515067318506
4641 | [42.684737526663566290581118855644707947] | 42.684737526663566290581118855644707947
-4641 | [22.868347092642695363927602267358646856] | 22.868347092642695363927602267358646856
4642 | [36.960957884040201678382490123681357395] | 36.960957884040201678382490123681357395
4649 | [13.054595750301591934443679067199955131] | 13.054595750301591934443679067199955131
-4661 | [26.996773515612453315734192449555758832] | 26.996773515612453315734192449555758832
-4663 | [28.072140501745988029335559932679861524] | 28.072140501745988029335559932679861524
4665 | [2.1050953354462347500772540453549713197, 26.455949164755878501096339003519546067] | 55.348260519009237150141409850991337837
-4666 | [9.1481601159383483945168290033040527567] | 9.1481601159383483945168290033040527567
-4670 | [30.057948888167535818139457855509425045] | 30.057948888167535818139457855509425045
4673 | [2.6822312048110493032960777609383636627, 10.596995450123109360111665932108314864] | 28.212405394459150198873382528404714370
-4674 | [16.832978038352678619069446512536754358] | 16.832978038352678619069446512536754358
-4682 | [30.693607701473797065787402430098842033] | 30.693607701473797065787402430098842033
-4683 | [7.3500616085536399402402202450722432467] | 7.3500616085536399402402202450722432467
4697 | [17.269580795438909875065662531199582013] | 17.269580795438909875065662531199582013
-4703 | [9.2834669717303517791314342001001175266] | 9.2834669717303517791314342001001175266
-4714 | [14.462716810801209519680295273050597402] | 14.462716810801209519680295273050597402
4718 | [29.050220484256735720744589892204447688] | 29.050220484256735720744589892204447688
-4718 | [14.882234968283062980954871403608673725] | 14.882234968283062980954871403608673725
-4721 | [12.872691885470387518990248486866458443] | 12.872691885470387518990248486866458443
-4726 | [22.891493499132595301626801825002569669] | 22.891493499132595301626801825002569669
4727 | [15.537683154669430707165608095880387093] | 15.537683154669430707165608095880387093
-4727 | [2.2445751220417754346088369174694763811] | 2.2445751220417754346088369174694763811
-4730 | [6.6087952954121727896408671003899704126, 17.446565257572775212003361803859603809] | 109.52665901522243218428799205448852039
-4737 | [36.301496416022260403266924261862983448] | 36.301496416022260403266924261862983448
-4738 | [2.4196806818382991949867432289242323580] | 2.4196806818382991949867432289242323580
4745 | [1.8876363726929109465981270142164113983, 45.509110549417109869166622856053128429] | 85.904615487992576290219290384168605434
-4745 | [23.635360297181180835251001962236189884, 24.220802737257096484934006705051146404] | 428.70771350684676998288514623454585515
-4747 | [5.6431918480349194419499997644020183209] | 5.6431918480349194419499997644020183209
-4751 | [6.2664412179803649694916620233629304176] | 6.2664412179803649694916620233629304176
-4758 | [17.019556393652257657748306759859107827] | 17.019556393652257657748306759859107827
-4759 | [10.696035615548233694357924722982247881] | 10.696035615548233694357924722982247881
-4762 | [32.422107852022983876143469683543927421] | 32.422107852022983876143469683543927421
4766 | [13.107302347890505981638694744175547524, 23.130230408018738064939417012582458259] | 301.21516470983482709807016550992150093
-4766 | [18.313655764178722810137956454886120273, 30.103456910237071958836572539532310922] | 479.27326635754019975427085910698216918
-4769 | [5.6261254208106857119894418216710839689] | 5.6261254208106857119894418216710839689
-4781 | [5.1610086022759554014696829182063408720] | 5.1610086022759554014696829182063408720
-4786 | [38.735976295819444344364839223536898372] | 38.735976295819444344364839223536898372
4787 | [16.934085232049978413499284290038960784] | 16.934085232049978413499284290038960784
-4787 | [23.302779483406147107012732055870874225] | 23.302779483406147107012732055870874225
4789 | [11.662570851974854442327029451133879117, 16.007716823521568321452719781184824092] | 158.14006761169061104875808584554311681
-4789 | [16.253361747981119154990794104296967203] | 16.253361747981119154990794104296967203
-4791 | [11.502030013420331359108391174184529634] | 11.502030013420331359108391174184529634
-4793 | [7.1623175317733161581927165004901306724] | 7.1623175317733161581927165004901306724
4794 | [4.5433644841450214591414372292234576737] | 4.5433644841450214591414372292234576737
-4795 | [28.746320029859600178782004571499487977] | 28.746320029859600178782004571499487977
-4798 | [43.770099979623333662383745059974503483] | 43.770099979623333662383745059974503483
-4807 | [4.8960900933494861882931166687990523091, 8.1199886404702722783886024166777171291] | 38.816192891362668556789262746930823341
-4814 | [3.7474669490500572673584045821296913166] | 3.7474669490500572673584045821296913166
4817 | [27.503831253024411404026783125858392690] | 27.503831253024411404026783125858392690
-4826 | [7.2616568119754764427424298226945554421] | 7.2616568119754764427424298226945554421
4834 | [8.6881088516941839508228943208293914148, 22.419210177461584678698195003273099526] | 189.70716048292314154894810590839432871
-4839 | [24.836275947366720667295085528532443509] | 24.836275947366720667295085528532443509
4841 | [2.9016168220671875385946650809735979534, 5.8631728582641871989085496067369490073] | 15.119316834458999338018519265026134857
4843 | [7.7864810214033731980431827371812496926, 32.755895805734420536987359749846131344] | 254.30520802356193262875482518510109779
-4847 | [3.2192153172573599793518413625973783282] | 3.2192153172573599793518413625973783282
4849 | [2.7602686971345058628112911237235785035, 18.848980952754713792688625188795772138] | 52.007469730471113814988327158041862692
-4858 | [16.471872702688913136981574786332731640] | 16.471872702688913136981574786332731640
-4862 | [4.7692421676169963323966427724102127896, 11.262161287581296317432898202891961825] | 51.068089581124575307900659918249369825
4865 | [8.3891429927186859468589946727303110604, 11.532973885665279394235064278221607951] | 83.191574816866383517456078082992109955
-4870 | [48.664992603037338656678991243254091392] | 48.664992603037338656678991243254091392
4873 | [27.209841914487942822751099483022591609] | 27.209841914487942822751099483022591609
-4879 | [7.7271754720089388523217964752422915251] | 7.7271754720089388523217964752422915251
4881 | [24.897892300584667582666271122356904756] | 24.897892300584667582666271122356904756
-4883 | [5.3525449358640600165929241976823715713] | 5.3525449358640600165929241976823715713
-4886 | [12.206766965138185440483639873300674191] | 12.206766965138185440483639873300674191
-4890 | [31.388475595287257393745765072573260653] | 31.388475595287257393745765072573260653
4897 | [20.685943912012317286761421928349527955] | 20.685943912012317286761421928349527955
-4902 | [15.438749406610128116172453133248804742] | 15.438749406610128116172453133248804742
-4903 | [9.8626080153208579620786089905861411647] | 9.8626080153208579620786089905861411647
-4919 | [4.7132896561244308555363739393624382607] | 4.7132896561244308555363739393624382607
-4927 | [21.649861712206553315468668796744480628] | 21.649861712206553315468668796744480628
-4930 | [20.529345540133438637739875324220886426] | 20.529345540133438637739875324220886426
-4931 | [13.408854045969410953237226071532084037] | 13.408854045969410953237226071532084037
-4934 | [27.442624069027459985687762787636584399] | 27.442624069027459985687762787636584399
-4935 | [2.6025684870694670537988926964977940391] | 2.6025684870694670537988926964977940391
-4938 | [11.195939734143373927837603618057630707] | 11.195939734143373927837603618057630707
-4943 | [5.4533534638004981922034945381412398135, 13.162153199958122650587263852914383583] | 68.133428406906866196397398585688303111
-4945 | [20.193584890816449909900640729300826781] | 20.193584890816449909900640729300826781
-4947 | [17.261702501708661403342063434301260025] | 17.261702501708661403342063434301260025
4953 | [3.0322989672368825381596547450052027140, 14.003869820784080509468352931568466780] | 41.477466259074067021715022147946935942
-4958 | [43.763143954237293617391573074482966706] | 43.763143954237293617391573074482966706
-4967 | [14.220041765749734082377447671343608482] | 14.220041765749734082377447671343608482
-4969 | [14.496744689376902383771677732795333549] | 14.496744689376902383771677732795333549
-4971 | [21.280803507619216564964188160166094869] | 21.280803507619216564964188160166094869
-4978 | [21.407065757537506441393037905888078053] | 21.407065757537506441393037905888078053
-4979 | [34.221865944965604193387659470247896645] | 34.221865944965604193387659470247896645
4981 | [6.4851760314791769832292303364354007209, 12.164497899128326988944926262031652781] | 78.062658561330875375795204903315945171
4982 | [30.979779850086381665959947710268169941] | 30.979779850086381665959947710268169941
-4982 | [2.9345273921340269293407470970085476403] | 2.9345273921340269293407470970085476403
-4990 | [18.210055108181308428562090461035016285] | 18.210055108181308428562090461035016285
-4991 | [8.4522964935552143498593556713986907634] | 8.4522964935552143498593556713986907634
-4997 | [12.587667715095798393953380376615512726, 25.166998192035433438844030967336499708] | 300.57442664886381353559781048170423457
