d,D,r_lo,r_hi,s_sha,nL,T_dim,w,sel_dim,sel_size,parity_ok
1,1,0,0,0,0,0,1,0,1,1
-1,-4,0,0,0,0,0,1,0,1,1
2,8,1,1,0,1,0,-1,1,2,1
-2,-8,1,1,0,1,0,-1,1,2,1
3,12,0,0,0,0,0,1,0,1,1
-3,-3,0,0,0,0,0,1,0,1,1
5,5,0,0,0,0,0,1,0,1,1
-5,-20,0,0,0,0,0,1,0,1,1
6,24,1,1,0,1,0,-1,1,2,1
-6,-24,1,1,0,1,0,-1,1,2,1
7,28,1,1,0,1,0,-1,1,2,1
-7,-7,1,1,0,1,0,-1,1,2,1
10,40,1,1,0,1,0,-1,1,2,1
-10,-40,1,1,0,1,0,-1,1,2,1
11,44,1,1,0,1,0,-1,1,2,1
-11,-11,0,0,0,0,0,1,0,1,1
13,13,1,1,0,1,0,-1,1,2,1
-13,-52,1,1,0,1,0,-1,1,2,1
14,56,0,0,0,0,0,1,0,1,1
-14,-56,0,0,0,0,0,1,0,1,1
15,60,0,0,0,0,0,1,0,1,1
-15,-15,0,0,0,0,0,1,0,1,1
17,17,1,1,0,1,0,-1,1,2,1
-17,-68,1,1,0,1,0,-1,1,2,1
19,76,1,1,0,1,0,-1,1,2,1
-19,-19,1,1,0,1,0,-1,1,2,1
21,21,1,1,0,1,0,-1,1,2,1
-21,-84,1,1,0,1,0,-1,1,2,1
22,88,1,1,0,1,0,-1,1,2,1
-22,-88,0,0,0,0,0,1,0,1,1
23,92,0,0,0,0,0,1,0,1,1
-23,-23,0,0,0,0,0,1,0,1,1
26,104,0,0,0,0,0,1,0,1,1
-26,-104,0,0,0,0,0,1,0,1,1
29,29,1,1,0,1,0,-1,1,2,1
-29,-116,1,1,0,1,0,-1,1,2,1
30,120,1,1,0,1,0,-1,1,2,1
-30,-120,1,1,0,1,0,-1,1,2,1
31,124,0,0,0,0,0,1,0,1,1
-31,-31,0,0,0,0,0,1,0,1,1
33,33,1,1,0,1,0,-1,1,2,1
-33,-132,0,0,0,0,0,1,0,1,1
34,136,0,0,0,0,0,1,0,1,1
-34,-136,0,0,0,0,0,1,0,1,1
35,140,1,1,0,0,0,-1,1,2,1
-35,-35,1,1,0,1,0,-1,1,2,1
37,37,0,0,0,0,0,1,0,1,1
-37,-148,0,0,0,0,0,1,0,1,1
38,152,0,0,0,0,0,1,0,1,1
-38,-152,0,0,0,0,0,1,0,1,1
39,156,1,1,0,0,0,-1,1,2,1
-39,-39,1,1,0,1,0,-1,1,2,1
41,41,1,1,0,1,0,-1,1,2,1
-41,-164,1,1,0,1,0,-1,1,2,1
42,168,0,0,0,0,0,1,0,1,1
-42,-168,0,0,0,0,0,1,0,1,1
43,172,1,1,0,1,0,-1,1,2,1
-43,-43,1,1,0,1,0,-1,1,2,1
46,184,1,1,0,1,0,-1,1,2,1
-46,-184,1,1,0,1,0,-1,1,2,1
47,188,0,0,0,0,0,1,0,1,1
-47,-47,2,2,0,2,0,1,2,4,1
51,204,1,1,0,0,0,-1,1,2,1
-51,-51,1,1,0,1,0,-1,1,2,1
53,53,0,0,0,0,0,1,0,1,1
-53,-212,0,0,0,0,0,1,0,1,1
55,220,1,1,0,1,0,-1,1,2,1
-55,-55,0,0,0,0,0,1,0,1,1
57,57,1,1,0,1,0,-1,1,2,1
-57,-228,1,1,0,1,0,-1,1,2,1
58,232,2,2,0,2,0,1,2,4,1
-58,-232,0,0,2,0,0,1,2,4,1
59,236,0,0,0,0,0,1,0,1,1
-59,-59,0,0,0,0,0,1,0,1,1
61,61,1,1,0,0,0,-1,1,2,1
-61,-244,1,1,0,1,0,-1,1,2,1
62,248,1,1,0,0,0,-1,1,2,1
-62,-248,1,1,0,1,0,-1,1,2,1
65,65,1,1,0,1,0,-1,1,2,1
-65,-260,1,1,0,1,0,-1,1,2,1
66,264,1,1,0,1,0,-1,1,2,1
-66,-264,0,0,0,0,0,1,0,1,1
67,268,0,0,0,0,0,1,0,1,1
-67,-67,0,0,0,0,0,1,0,1,1
69,69,0,0,0,0,0,1,0,1,1
-69,-276,0,0,0,0,0,1,0,1,1
70,280,0,0,0,0,0,1,0,1,1
-70,-280,0,0,0,0,0,1,0,1,1
71,284,0,0,0,0,0,1,0,1,1
-71,-71,0,0,0,0,0,1,0,1,1
73,73,1,1,0,1,0,-1,1,2,1
-73,-292,1,1,0,1,0,-1,1,2,1
74,296,1,1,0,0,0,-1,1,2,1
-74,-296,1,1,0,1,0,-1,1,2,1
77,77,1,1,0,1,0,-1,1,2,1
-77,-308,0,0,0,0,0,1,0,1,1
78,312,0,0,0,0,0,1,0,1,1
-78,-312,0,0,0,0,0,1,0,1,1
79,316,1,1,0,0,0,-1,1,2,1
-79,-79,1,1,0,1,0,-1,1,2,1
82,328,0,0,0,0,0,1,0,1,1
-82,-328,0,0,0,0,0,1,0,1,1
83,332,1,1,0,0,0,-1,1,2,1
-83,-83,1,1,0,1,0,-1,1,2,1
85,85,1,1,0,1,0,-1,1,2,1
-85,-340,1,1,0,1,0,-1,1,2,1
86,344,2,2,0,2,0,1,2,4,1
-86,-344,2,2,0,2,0,1,2,4,1
87,348,1,1,0,0,0,-1,1,2,1
-87,-87,1,1,0,1,0,-1,1,2,1
89,89,0,0,0,0,0,1,0,1,1
-89,-356,0,0,0,0,0,1,0,1,1
91,364,2,2,0,2,0,1,2,4,1
-91,-91,0,0,2,0,0,1,2,4,1
93,93,0,0,0,0,0,1,0,1,1
-93,-372,0,0,0,0,0,1,0,1,1
94,376,1,1,0,1,0,-1,1,2,1
-94,-376,1,1,0,1,0,-1,1,2,1
95,380,1,1,0,0,0,-1,1,2,1
-95,-95,1,1,0,1,0,-1,1,2,1
97,97,0,0,0,0,0,1,0,1,1
-97,-388,0,0,0,0,0,1,0,1,1
101,101,1,1,0,0,0,-1,1,2,1
-101,-404,1,1,0,1,0,-1,1,2,1
102,408,0,0,0,0,0,1,0,1,1
-102,-408,0,0,0,0,0,1,0,1,1
103,412,0,0,0,0,0,1,0,1,1
-103,-103,2,2,0,2,0,1,2,4,1
105,105,1,1,0,1,0,-1,1,2,1
-105,-420,1,1,0,1,0,-1,1,2,1
106,424,1,1,0,1,0,-1,1,2,1
-106,-424,1,1,0,1,0,-1,1,2,1
107,428,1,1,0,0,0,-1,1,2,1
-107,-107,1,1,0,1,0,-1,1,2,1
109,109,1,1,0,1,0,-1,1,2,1
-109,-436,1,1,0,1,0,-1,1,2,1
110,440,1,1,0,1,0,-1,1,2,1
-110,-440,0,0,0,0,0,1,0,1,1
111,444,0,0,0,0,0,1,0,1,1
-111,-111,0,0,0,0,0,1,0,1,1
113,113,0,0,0,0,0,1,0,1,1
-113,-452,0,0,0,0,0,1,0,1,1
114,456,0,0,0,0,0,1,0,1,1
-114,-456,0,0,0,0,0,1,0,1,1
115,460,0,0,0,0,0,1,0,1,1
-115,-115,0,0,0,0,0,1,0,1,1
118,472,1,1,0,0,0,-1,1,2,1
-118,-472,1,1,0,1,0,-1,1,2,1
119,476,2,2,0,2,0,1,2,4,1
-119,-119,2,2,0,2,0,1,2,4,1
122,488,2,2,0,2,0,1,2,4,1
-122,-488,2,2,0,2,0,1,2,4,1
123,492,1,1,0,0,0,-1,1,2,1
-123,-123,1,1,0,1,0,-1,1,2,1
127,508,1,1,0,0,0,-1,1,2,1
-127,-127,1,1,0,1,0,-1,1,2,1
129,129,1,1,0,1,0,-1,1,2,1
-129,-516,1,1,0,1,0,-1,1,2,1
130,520,0,0,0,0,0,1,0,1,1
-130,-520,0,0,0,0,0,1,0,1,1
131,524,1,1,0,0,0,-1,1,2,1
-131,-131,1,1,0,1,0,-1,1,2,1
133,133,0,0,0,0,0,1,0,1,1
-133,-532,0,0,0,0,0,1,0,1,1
134,536,1,1,0,0,0,-1,1,2,1
-134,-536,1,1,0,1,0,-1,1,2,1
137,137,0,0,0,0,0,1,0,1,1
-137,-548,0,0,0,0,0,1,0,1,1
138,552,1,1,0,0,0,-1,1,2,1
-138,-552,1,1,0,1,0,-1,1,2,1
139,556,1,1,0,0,0,-1,1,2,1
-139,-139,1,1,0,1,0,-1,1,2,1
141,141,0,0,0,0,0,1,0,1,1
-141,-564,0,0,2,0,0,1,2,4,1
142,568,1,1,0,0,0,-1,1,2,1
-142,-568,1,1,0,1,0,-1,1,2,1
143,572,1,1,0,0,0,-1,1,2,1
-143,-143,2,2,0,2,0,1,2,4,1
145,145,1,1,0,1,0,-1,1,2,1
-145,-580,1,1,0,1,0,-1,1,2,1
146,584,0,0,0,0,0,1,0,1,1
-146,-584,0,0,0,0,0,1,0,1,1
149,149,1,1,0,0,0,-1,1,2,1
-149,-596,1,1,0,1,0,-1,1,2,1
151,604,1,1,0,1,0,-1,1,2,1
-151,-151,1,1,0,1,0,-1,1,2,1
154,616,1,1,0,1,0,-1,1,2,1
-154,-616,0,0,0,0,0,1,0,1,1
155,620,0,0,0,0,0,1,0,1,1
-155,-155,0,0,0,0,0,1,0,1,1
157,157,0,0,0,0,0,1,0,1,1
-157,-628,0,0,0,0,0,1,0,1,1
158,632,2,2,0,2,0,1,2,4,1
-158,-632,0,0,2,0,0,1,2,4,1
159,636,0,0,2,0,0,1,2,4,1
-159,-159,2,2,0,2,0,1,2,4,1
161,161,1,1,0,1,0,-1,1,2,1
-161,-644,1,1,0,1,0,-1,1,2,1
163,652,2,2,0,2,0,1,2,4,1
-163,-163,0,0,0,0,0,1,0,1,1
165,165,1,1,0,1,0,-1,1,2,1
-165,-660,0,0,0,0,0,1,0,1,1
166,664,2,2,0,2,0,1,2,4,1
-166,-664,2,2,0,2,0,1,2,4,1
167,668,1,1,0,0,0,-1,1,2,1
-167,-167,1,1,0,1,0,-1,1,2,1
170,680,0,0,0,0,0,1,0,1,1
-170,-680,0,0,0,0,0,1,0,1,1
173,173,1,1,0,0,0,-1,1,2,1
-173,-692,1,1,0,1,0,-1,1,2,1
174,696,2,2,0,2,0,1,2,4,1
-174,-696,0,0,2,0,0,1,2,4,1
177,177,0,0,0,0,0,1,0,1,1
-177,-708,0,0,0,0,0,1,0,1,1
178,712,1,1,0,0,0,-1,1,2,1
-178,-712,1,1,0,1,0,-1,1,2,1
179,716,0,0,0,0,0,1,0,1,1
-179,-179,0,0,0,0,0,1,0,1,1
181,181,0,0,0,0,0,1,0,1,1
-181,-724,0,0,0,0,0,1,0,1,1
182,728,1,1,0,1,0,-1,1,2,1
-182,-728,1,1,0,1,0,-1,1,2,1
183,732,1,1,0,0,0,-1,1,2,1
-183,-183,1,1,0,1,0,-1,1,2,1
185,185,0,0,0,0,0,1,0,1,1
-185,-740,0,0,0,0,0,1,0,1,1
186,744,1,1,0,0,0,-1,1,2,1
-186,-744,1,1,0,1,0,-1,1,2,1
187,748,1,1,0,1,0,-1,1,2,1
-187,-187,0,0,0,0,0,1,0,1,1
190,760,0,0,0,0,0,1,0,1,1
-190,-760,0,0,0,0,0,1,0,1,1
191,764,0,0,0,0,0,1,0,1,1
-191,-191,0,0,0,0,0,1,0,1,1
193,193,1,1,0,1,0,-1,1,2,1
-193,-772,1,1,0,1,0,-1,1,2,1
194,776,1,1,0,0,0,-1,1,2,1
-194,-776,1,1,0,1,0,-1,1,2,1
195,780,1,1,0,0,0,-1,1,2,1
-195,-195,1,1,0,1,0,-1,1,2,1
197,197,1,1,0,0,0,-1,1,2,1
-197,-788,1,1,0,1,0,-1,1,2,1
199,796,0,0,2,0,0,1,2,4,1
-199,-199,0,0,0,0,0,1,0,1,1
201,201,0,0,0,0,0,1,0,1,1
-201,-804,0,0,0,0,0,1,0,1,1
202,808,0,0,0,0,0,1,0,1,1
-202,-808,0,0,0,0,0,1,0,1,1
203,812,0,0,0,0,0,1,0,1,1
-203,-203,0,0,0,0,0,1,0,1,1
205,205,1,1,0,0,0,-1,1,2,1
-205,-820,1,1,0,1,0,-1,1,2,1
206,824,1,1,0,1,0,-1,1,2,1
-206,-824,3,3,0,3,0,-1,3,8,1
209,209,1,1,0,1,0,-1,1,2,1
-209,-836,2,2,0,2,0,1,2,4,1
210,840,0,0,0,0,0,1,0,1,1
-210,-840,0,0,0,0,0,1,0,1,1
211,844,1,1,0,0,0,-1,1,2,1
-211,-211,1,1,0,1,0,-1,1,2,1
213,213,0,0,0,0,0,1,0,1,1
-213,-852,0,0,0,0,0,1,0,1,1
214,856,0,0,0,0,0,1,0,1,1
-214,-856,0,0,0,0,0,1,0,1,1
215,860,1,1,0,0,0,-1,1,2,1
-215,-215,1,1,0,1,0,-1,1,2,1
217,217,1,1,0,1,0,-1,1,2,1
-217,-868,1,1,0,1,0,-1,1,2,1
218,872,0,0,2,0,0,1,2,4,1
-218,-872,2,2,0,2,0,1,2,4,1
219,876,1,1,0,0,0,-1,1,2,1
-219,-219,1,1,0,1,0,-1,1,2,1
221,221,0,0,0,0,0,1,0,1,1
-221,-884,0,0,0,0,0,1,0,1,1
222,888,1,1,0,0,0,-1,1,2,1
-222,-888,1,1,0,1,0,-1,1,2,1
223,892,0,0,0,0,0,1,0,1,1
-223,-223,0,0,0,0,0,1,0,1,1
226,904,1,1,0,0,0,-1,1,2,1
-226,-904,1,1,0,1,0,-1,1,2,1
227,908,1,1,0,0,0,-1,1,2,1
-227,-227,1,1,0,1,0,-1,1,2,1
229,229,0,0,0,0,0,1,0,1,1
-229,-916,0,0,0,0,0,1,0,1,1
230,920,1,1,0,0,0,-1,1,2,1
-230,-920,1,1,0,1,0,-1,1,2,1
231,924,1,1,0,0,0,-1,1,2,1
-231,-231,0,0,0,0,0,1,0,1,1
233,233,1,1,0,1,0,-1,1,2,1
-233,-932,1,1,0,1,0,-1,1,2,1
235,940,0,0,2,0,0,1,2,4,1
-235,-235,0,0,0,0,0,1,0,1,1
237,237,1,1,0,0,0,-1,1,2,1
-237,-948,1,1,0,1,0,-1,1,2,1
238,952,1,1,0,1,0,-1,1,2,1
-238,-952,1,1,0,1,0,-1,1,2,1
239,956,1,1,0,0,0,-1,1,2,1
-239,-239,1,1,0,1,0,-1,1,2,1
241,241,1,1,0,1,0,-1,1,2,1
-241,-964,1,1,0,1,0,-1,1,2,1
246,984,0,0,0,0,0,1,0,1,1
-246,-984,0,0,0,0,0,1,0,1,1
247,988,0,0,0,0,0,1,0,1,1
-247,-247,0,0,0,0,0,1,0,1,1
249,249,1,1,0,1,0,-1,1,2,1
-249,-996,1,1,0,1,0,-1,1,2,1
251,1004,0,0,0,0,0,1,0,1,1
-251,-251,0,0,0,0,0,1,0,1,1
253,253,1,1,0,1,0,-1,1,2,1
-253,-1012,0,0,0,0,0,1,0,1,1
254,1016,0,0,0,0,0,1,0,1,1
-254,-1016,0,0,0,0,0,1,0,1,1
255,1020,1,1,0,0,0,-1,1,2,1
-255,-255,1,1,0,1,0,-1,1,2,1
257,257,0,0,0,0,0,1,0,1,1
-257,-1028,0,0,0,0,0,1,0,1,1
258,1032,0,0,2,0,0,1,2,4,1
-258,-1032,0,0,2,0,0,1,2,4,1
259,1036,1,1,0,0,0,-1,1,2,1
-259,-259,1,1,0,1,0,-1,1,2,1
262,1048,0,0,0,0,0,1,0,1,1
-262,-1048,0,0,0,0,0,1,0,1,1
263,1052,1,1,0,0,0,-1,1,2,1
-263,-263,1,1,0,1,0,-1,1,2,1
265,265,2,2,0,2,0,1,2,4,1
-265,-1060,0,0,2,0,0,1,2,4,1
266,1064,1,1,0,1,0,-1,1,2,1
-266,-1064,1,1,0,1,0,-1,1,2,1
267,1068,0,0,0,0,0,1,0,1,1
-267,-267,0,0,0,0,0,1,0,1,1
269,269,0,0,2,0,0,1,2,4,1
-269,-1076,0,0,2,0,0,1,2,4,1
271,1084,1,1,0,0,0,-1,1,2,1
-271,-271,1,1,0,1,0,-1,1,2,1
273,273,2,2,0,2,0,1,2,4,1
-273,-1092,0,0,2,0,0,1,2,4,1
274,1096,1,1,0,1,0,-1,1,2,1
-274,-1096,1,1,0,1,0,-1,1,2,1
277,277,1,1,0,0,0,-1,1,2,1
-277,-1108,1,1,0,1,0,-1,1,2,1
278,1112,0,0,0,0,0,1,0,1,1
-278,-1112,0,0,0,0,0,1,0,1,1
281,281,1,1,0,1,0,-1,1,2,1
-281,-1124,1,1,0,1,0,-1,1,2,1
282,1128,1,1,0,1,0,-1,1,2,1
-282,-1128,1,1,0,1,0,-1,1,2,1
283,1132,1,1,0,0,0,-1,1,2,1
-283,-283,1,1,0,1,0,-1,1,2,1
285,285,1,1,0,0,0,-1,1,2,1
-285,-1140,1,1,0,1,0,-1,1,2,1
286,1144,1,1,0,1,0,-1,1,2,1
-286,-1144,0,0,0,0,0,1,0,1,1
287,1148,0,0,0,0,0,1,0,1,1
-287,-287,0,0,0,0,0,1,0,1,1
290,1160,0,0,2,0,0,1,2,4,1
-290,-1160,2,2,0,2,0,1,2,4,1
291,1164,0,0,0,0,0,1,0,1,1
-291,-291,0,0,0,0,0,1,0,1,1
293,293,1,1,0,0,0,-1,1,2,1
-293,-1172,1,1,0,1,0,-1,1,2,1
295,1180,0,0,0,0,0,1,0,1,1
-295,-295,0,0,0,0,0,1,0,1,1
298,1192,0,0,0,0,0,1,0,1,1
-298,-1192,0,0,0,0,0,1,0,1,1
299,1196,1,1,0,0,0,-1,1,2,1
-299,-299,1,1,0,1,0,-1,1,2,1
301,301,0,0,0,0,0,1,0,1,1
-301,-1204,0,0,0,0,0,1,0,1,1
302,1208,2,2,0,2,0,1,2,4,1
-302,-1208,0,0,2,0,0,1,2,4,1
303,1212,1,1,0,0,0,-1,1,2,1
-303,-303,1,1,0,1,0,-1,1,2,1
305,305,1,1,0,1,0,-1,1,2,1
-305,-1220,1,1,0,1,0,-1,1,2,1
307,1228,1,1,0,0,0,-1,1,2,1
-307,-307,1,1,0,1,0,-1,1,2,1
309,309,0,0,2,0,0,1,2,4,1
-309,-1236,0,0,0,0,0,1,0,1,1
310,1240,1,1,0,1,0,-1,1,2,1
-310,-1240,1,1,0,1,0,-1,1,2,1
311,1244,0,0,2,0,0,1,2,4,1
-311,-311,0,0,0,0,0,1,0,1,1
313,313,0,0,0,0,0,1,0,1,1
-313,-1252,0,0,0,0,0,1,0,1,1
314,1256,1,1,0,0,0,-1,1,2,1
-314,-1256,1,1,0,1,0,-1,1,2,1
317,317,0,0,0,0,0,1,0,1,1
-317,-1268,0,0,0,0,0,1,0,1,1
318,1272,1,1,0,1,0,-1,1,2,1
-318,-1272,1,1,0,1,0,-1,1,2,1
319,1276,1,1,0,1,0,-1,1,2,1
-319,-319,2,2,0,2,0,1,2,4,1
321,321,1,1,0,0,0,-1,1,2,1
-321,-1284,1,1,0,1,0,-1,1,2,1
322,1288,0,0,0,0,0,1,0,1,1
-322,-1288,0,0,0,0,0,1,0,1,1
323,1292,0,0,0,0,0,1,0,1,1
-323,-323,0,0,0,0,0,1,0,1,1
326,1304,1,1,0,1,0,-1,1,2,1
-326,-1304,1,1,0,1,0,-1,1,2,1
327,1308,1,1,0,0,0,-1,1,2,1
-327,-327,1,1,0,1,0,-1,1,2,1
329,329,1,1,0,1,0,-1,1,2,1
-329,-1316,1,1,0,1,0,-1,1,2,1
330,1320,1,1,0,0,0,-1,1,2,1
-330,-1320,0,0,0,0,0,1,0,1,1
331,1324,0,0,0,0,0,1,0,1,1
-331,-331,0,0,0,0,0,1,0,1,1
334,1336,0,0,0,0,0,1,0,1,1
-334,-1336,0,0,0,0,0,1,0,1,1
335,1340,0,0,0,0,0,1,0,1,1
-335,-335,0,0,0,0,0,1,0,1,1
337,337,1,1,0,1,0,-1,1,2,1
-337,-1348,1,1,0,1,0,-1,1,2,1
339,1356,0,0,0,0,0,1,0,1,1
-339,-339,0,0,0,0,0,1,0,1,1
341,341,1,1,0,0,0,-1,1,2,1
-341,-1364,0,0,0,0,0,1,0,1,1
345,345,0,0,0,0,0,1,0,1,1
-345,-1380,0,0,0,0,0,1,0,1,1
346,1384,0,0,2,0,0,1,2,4,1
-346,-1384,2,2,0,2,0,1,2,4,1
347,1388,1,1,0,0,0,-1,1,2,1
-347,-347,1,1,0,1,0,-1,1,2,1
349,349,1,1,0,0,0,-1,1,2,1
-349,-1396,1,1,0,1,0,-1,1,2,1
353,353,0,0,0,0,0,1,0,1,1
-353,-1412,0,0,0,0,0,1,0,1,1
354,1416,1,1,0,0,0,-1,1,2,1
-354,-1416,1,1,0,1,0,-1,1,2,1
355,1420,0,0,0,0,0,1,0,1,1
-355,-355,0,0,0,0,0,1,0,1,1
357,357,0,0,2,0,0,1,2,4,1
-357,-1428,0,0,2,0,0,1,2,4,1
358,1432,1,1,0,0,0,-1,1,2,1
-358,-1432,1,1,0,1,0,-1,1,2,1
359,1436,1,1,0,0,0,-1,1,2,1
-359,-359,1,1,0,1,0,-1,1,2,1
362,1448,1,1,0,0,0,-1,1,2,1
-362,-1448,1,1,0,1,0,-1,1,2,1
365,365,1,1,0,0,0,-1,1,2,1
-365,-1460,1,1,0,1,0,-1,1,2,1
366,1464,0,0,2,0,0,1,2,4,1
-366,-1464,0,0,2,0,0,1,2,4,1
367,1468,0,0,0,0,0,1,0,1,1
-367,-367,0,0,0,0,0,1,0,1,1
370,1480,1,1,0,1,0,-1,1,2,1
-370,-1480,1,1,0,1,0,-1,1,2,1
371,1484,1,1,0,0,0,-1,1,2,1
-371,-371,1,1,0,1,0,-1,1,2,1
373,373,1,1,0,0,0,-1,1,2,1
-373,-1492,1,1,0,1,0,-1,1,2,1
374,1496,1,1,0,0,0,-1,1,2,1
-374,-1496,0,0,0,0,0,1,0,1,1
377,377,0,0,0,0,0,1,0,1,1
-377,-1508,0,0,0,0,0,1,0,1,1
379,1516,0,0,0,0,0,1,0,1,1
-379,-379,0,0,0,0,0,1,0,1,1
381,381,1,1,0,0,0,-1,1,2,1
-381,-1524,1,1,0,1,0,-1,1,2,1
382,1528,1,1,0,0,0,-1,1,2,1
-382,-1528,1,1,0,1,0,-1,1,2,1
383,1532,0,0,0,0,0,1,0,1,1
-383,-383,0,0,0,0,0,1,0,1,1
385,385,1,1,0,1,0,-1,1,2,1
-385,-1540,0,0,0,0,0,1,0,1,1
386,1544,0,0,2,0,0,1,2,4,1
-386,-1544,2,2,0,1,0,1,2,4,1
389,389,0,0,0,0,0,1,0,1,1
-389,-1556,0,0,0,0,0,1,0,1,1
390,1560,0,0,0,0,0,1,0,1,1
-390,-1560,0,0,0,0,0,1,0,1,1
391,1564,1,1,0,0,0,-1,1,2,1
-391,-391,1,1,0,1,0,-1,1,2,1
393,393,1,1,0,1,0,-1,1,2,1
-393,-1572,1,1,0,1,0,-1,1,2,1
394,1576,2,2,0,2,0,1,2,4,1
-394,-1576,2,2,0,2,0,1,2,4,1
395,1580,1,1,0,0,0,-1,1,2,1
-395,-395,1,1,0,1,0,-1,1,2,1
397,397,0,0,0,0,0,1,0,1,1
-397,-1588,0,0,0,0,0,1,0,1,1
398,1592,1,1,0,1,0,-1,1,2,1
-398,-1592,1,1,0,1,0,-1,1,2,1
399,1596,0,0,0,0,0,1,0,1,1
-399,-399,0,0,0,0,0,1,0,1,1
401,401,2,2,0,2,0,1,2,4,1
-401,-1604,2,2,0,2,0,1,2,4,1
402,1608,1,1,0,0,0,-1,1,2,1
-402,-1608,1,1,0,1,0,-1,1,2,1
403,1612,1,1,0,0,0,-1,1,2,1
-403,-403,1,1,0,1,0,-1,1,2,1
406,1624,1,1,0,1,0,-1,1,2,1
-406,-1624,1,1,0,1,0,-1,1,2,1
407,1628,1,1,0,0,0,-1,1,2,1
-407,-407,0,0,0,0,0,1,0,1,1
409,409,1,1,0,1,0,-1,1,2,1
-409,-1636,1,1,0,1,0,-1,1,2,1
410,1640,0,0,0,0,0,1,0,1,1
-410,-1640,0,0,0,0,0,1,0,1,1
411,1644,0,0,0,0,0,1,0,1,1
-411,-411,0,0,0,0,0,1,0,1,1
413,413,1,1,0,0,0,-1,1,2,1
-413,-1652,1,1,0,1,0,-1,1,2,1
415,1660,1,1,0,0,0,-1,1,2,1
-415,-415,1,1,0,1,0,-1,1,2,1
417,417,1,1,0,1,0,-1,1,2,1
-417,-1668,1,1,0,1,0,-1,1,2,1
418,1672,1,1,0,1,0,-1,1,2,1
-418,-1672,0,0,0,0,0,1,0,1,1
419,1676,2,2,0,2,0,1,2,4,1
-419,-419,0,0,0,0,0,1,0,1,1
421,421,2,2,0,2,0,1,2,4,1
-421,-1684,2,2,0,2,0,1,2,4,1
422,1688,0,0,2,0,0,1,2,4,1
-422,-1688,2,2,0,2,0,1,2,4,1
426,1704,1,1,0,0,0,-1,1,2,1
-426,-1704,1,1,0,1,0,-1,1,2,1
427,1708,0,0,0,0,0,1,0,1,1
-427,-427,0,0,0,0,0,1,0,1,1
429,429,1,1,0,0,0,-1,1,2,1
-429,-1716,0,0,2,0,0,1,2,4,1
430,1720,0,0,2,0,0,1,2,4,1
-430,-1720,0,0,2,0,0,1,2,4,1
431,1724,1,1,0,0,0,-1,1,2,1
-431,-431,1,1,0,1,0,-1,1,2,1
433,433,0,0,0,0,0,1,0,1,1
-433,-1732,0,0,0,0,0,1,0,1,1
434,1736,0,0,0,0,0,1,0,1,1
-434,-1736,0,0,0,0,0,1,0,1,1
435,1740,1,1,0,0,0,-1,1,2,1
-435,-435,1,1,0,1,0,-1,1,2,1
437,437,1,1,0,0,0,-1,1,2,1
-437,-1748,1,1,0,1,0,-1,1,2,1
438,1752,0,0,0,0,0,1,0,1,1
-438,-1752,0,0,0,0,0,1,0,1,1
439,1756,1,1,0,1,0,-1,1,2,1
-439,-439,1,1,0,1,0,-1,1,2,1
442,1768,1,1,0,1,0,-1,1,2,1
-442,-1768,1,1,0,1,0,-1,1,2,1
443,1772,0,0,0,0,0,1,0,1,1
-443,-443,0,0,0,0,0,1,0,1,1
445,445,0,0,0,0,0,1,0,1,1
-445,-1780,0,0,0,0,0,1,0,1,1
446,1784,1,1,0,0,0,-1,1,2,1
-446,-1784,1,1,0,1,0,-1,1,2,1
447,1788,1,1,0,0,0,-1,1,2,1
-447,-447,1,1,0,1,0,-1,1,2,1
449,449,0,0,0,0,0,1,0,1,1
-449,-1796,0,0,0,0,0,1,0,1,1
451,1804,1,1,0,0,0,-1,1,2,1
-451,-451,0,0,2,0,0,1,2,4,1
453,453,1,1,0,0,0,-1,1,2,1
-453,-1812,1,1,0,1,0,-1,1,2,1
454,1816,0,0,0,0,0,1,0,1,1
-454,-1816,0,0,0,0,0,1,0,1,1
455,1820,0,0,2,0,0,1,2,4,1
-455,-455,2,2,0,2,0,1,2,4,1
457,457,1,1,0,1,0,-1,1,2,1
-457,-1828,1,1,0,1,0,-1,1,2,1
458,1832,1,1,0,0,0,-1,1,2,1
-458,-1832,1,1,0,1,0,-1,1,2,1
461,461,1,1,0,0,0,-1,1,2,1
-461,-1844,1,1,0,1,0,-1,1,2,1
462,1848,1,1,0,1,0,-1,1,2,1
-462,-1848,0,0,0,0,0,1,0,1,1
463,1852,0,0,0,0,0,1,0,1,1
-463,-463,0,0,0,0,0,1,0,1,1
465,465,0,0,0,0,0,1,0,1,1
-465,-1860,0,0,0,0,0,1,0,1,1
466,1864,2,2,0,2,0,1,2,4,1
-466,-1864,0,0,2,0,0,1,2,4,1
467,1868,0,0,0,0,0,1,0,1,1
-467,-467,0,0,0,0,0,1,0,1,1
469,469,1,1,0,0,0,-1,1,2,1
-469,-1876,1,1,0,1,0,-1,1,2,1
470,1880,1,1,0,0,0,-1,1,2,1
-470,-1880,1,1,0,1,0,-1,1,2,1
471,1884,0,0,0,0,0,1,0,1,1
-471,-471,0,0,0,0,0,1,0,1,1
473,473,1,1,0,1,0,-1,1,2,1
-473,-1892,0,0,0,0,0,1,0,1,1
474,1896,0,0,2,0,0,1,2,4,1
-474,-1896,2,2,0,2,0,1,2,4,1
478,1912,2,2,0,2,0,1,2,4,1
-478,-1912,0,0,2,0,0,1,2,4,1
479,1916,1,1,0,0,0,-1,1,2,1
-479,-479,1,1,0,1,0,-1,1,2,1
481,481,1,1,0,1,0,-1,1,2,1
-481,-1924,1,1,0,1,0,-1,1,2,1
482,1928,2,2,0,2,0,1,2,4,1
-482,-1928,2,2,0,2,0,1,2,4,1
483,1932,1,1,0,0,0,-1,1,2,1
-483,-483,1,1,0,1,0,-1,1,2,1
485,485,0,0,0,0,0,1,0,1,1
-485,-1940,0,0,0,0,0,1,0,1,1
487,1948,0,0,0,0,0,1,0,1,1
-487,-487,0,0,0,0,0,1,0,1,1
489,489,0,0,0,0,0,1,0,1,1
-489,-1956,2,2,0,2,0,1,2,4,1
491,1964,1,1,0,0,0,-1,1,2,1
-491,-491,1,1,0,1,0,-1,1,2,1
493,493,0,0,0,0,0,1,0,1,1
-493,-1972,0,0,0,0,0,1,0,1,1
494,1976,1,1,0,1,0,-1,1,2,1
-494,-1976,1,1,0,1,0,-1,1,2,1
497,497,1,1,0,0,0,-1,1,2,1
-497,-1988,1,1,0,1,0,-1,1,2,1
498,1992,0,0,2,0,0,1,2,4,1
-498,-1992,0,0,2,0,0,1,2,4,1
499,1996,2,2,0,2,0,1,2,4,1
-499,-499,0,0,0,0,0,1,0,1,1
501,501,1,1,0,0,0,-1,1,2,1
-501,-2004,1,1,0,1,0,-1,1,2,1
502,2008,1,1,0,0,0,-1,1,2,1
-502,-2008,1,1,0,1,0,-1,1,2,1
503,2012,1,1,0,0,0,-1,1,2,1
-503,-503,1,1,0,1,0,-1,1,2,1
505,505,1,1,0,1,0,-1,1,2,1
-505,-2020,1,1,0,1,0,-1,1,2,1
506,2024,1,1,0,0,0,-1,1,2,1
-506,-2024,0,0,0,0,0,1,0,1,1
509,509,0,0,0,0,0,1,0,1,1
-509,-2036,0,0,0,0,0,1,0,1,1
510,2040,0,0,0,0,0,1,0,1,1
-510,-2040,0,0,0,0,0,1,0,1,1
511,2044,0,0,0,0,0,1,0,1,1
-511,-511,0,0,0,0,0,1,0,1,1
514,2056,1,1,0,1,0,-1,1,2,1
-514,-2056,1,1,0,1,0,-1,1,2,1
515,2060,0,0,2,0,0,1,2,4,1
-515,-515,0,0,0,0,0,1,0,1,1
517,517,1,1,0,1,0,-1,1,2,1
-517,-2068,0,0,0,0,0,1,0,1,1
518,2072,0,0,0,0,0,1,0,1,1
-518,-2072,0,0,0,0,0,1,0,1,1
519,2076,1,1,0,0,0,-1,1,2,1
-519,-519,1,1,0,1,0,-1,1,2,1
521,521,0,0,0,0,0,1,0,1,1
-521,-2084,0,0,0,0,0,1,0,1,1
523,2092,1,1,0,0,0,-1,1,2,1
-523,-523,1,1,0,1,0,-1,1,2,1
526,2104,0,0,0,0,0,1,0,1,1
-526,-2104,0,0,0,0,0,1,0,1,1
527,2108,1,1,0,0,0,-1,1,2,1
-527,-527,1,1,0,1,0,-1,1,2,1
530,2120,1,1,0,0,0,-1,1,2,1
-530,-2120,1,1,0,1,0,-1,1,2,1
533,533,0,0,0,0,0,1,0,1,1
-533,-2132,0,0,0,0,0,1,0,1,1
534,2136,1,1,0,0,0,-1,1,2,1
-534,-2136,1,1,0,1,0,-1,1,2,1
535,2140,1,1,0,0,0,-1,1,2,1
-535,-535,1,1,0,1,0,-1,1,2,1
537,537,0,0,0,0,0,1,0,1,1
-537,-2148,0,0,0,0,0,1,0,1,1
538,2152,1,1,0,0,0,-1,1,2,1
-538,-2152,1,1,0,1,0,-1,1,2,1
541,541,1,1,0,0,0,-1,1,2,1
-541,-2164,1,1,0,1,0,-1,1,2,1
542,2168,0,0,0,0,0,1,0,1,1
-542,-2168,0,0,0,0,0,1,0,1,1
543,2172,0,0,0,0,0,1,0,1,1
-543,-543,0,0,0,0,0,1,0,1,1
545,545,1,1,0,1,0,-1,1,2,1
-545,-2180,1,1,0,1,0,-1,1,2,1
546,2184,1,1,0,0,0,-1,1,2,1
-546,-2184,1,1,0,1,0,-1,1,2,1
547,2188,1,1,0,0,0,-1,1,2,1
-547,-547,1,1,0,1,0,-1,1,2,1
551,2204,0,0,0,0,0,1,0,1,1
-551,-551,0,0,0,0,0,1,0,1,1
553,553,2,2,0,2,0,1,2,4,1
-553,-2212,0,0,2,0,0,1,2,4,1
554,2216,0,0,2,0,0,1,2,4,1
-554,-2216,0,0,2,0,0,1,2,4,1
555,2220,0,0,0,0,0,1,0,1,1
-555,-555,0,0,0,0,0,1,0,1,1
557,557,1,1,0,0,0,-1,1,2,1
-557,-2228,1,1,0,1,0,-1,1,2,1
559,2236,0,0,0,0,0,1,0,1,1
-559,-559,0,0,0,0,0,1,0,1,1
561,561,1,1,0,1,0,-1,1,2,1
-561,-2244,0,0,0,0,0,1,0,1,1
562,2248,2,2,0,2,0,1,2,4,1
-562,-2248,0,0,2,0,0,1,2,4,1
563,2252,1,1,0,0,0,-1,1,2,1
-563,-563,1,1,0,1,0,-1,1,2,1
565,565,0,0,0,0,0,1,0,1,1
-565,-2260,0,0,0,0,0,1,0,1,1
566,2264,0,0,2,0,0,1,2,4,1
-566,-2264,2,2,0,2,0,1,2,4,1
569,569,1,1,0,0,0,-1,1,2,1
-569,-2276,1,1,0,1,0,-1,1,2,1
570,2280,0,0,0,0,0,1,0,1,1
-570,-2280,0,0,0,0,0,1,0,1,1
571,2284,1,1,0,0,0,-1,1,2,1
-571,-571,1,1,0,1,0,-1,1,2,1
573,573,0,0,0,0,0,1,0,1,1
-573,-2292,0,0,0,0,0,1,0,1,1
574,2296,1,1,0,0,0,-1,1,2,1
-574,-2296,1,1,0,1,0,-1,1,2,1
577,577,0,0,0,0,0,1,0,1,1
-577,-2308,0,0,0,0,0,1,0,1,1
579,2316,1,1,0,0,0,-1,1,2,1
-579,-579,1,1,0,1,0,-1,1,2,1
581,581,0,0,0,0,0,1,0,1,1
-581,-2324,0,0,0,0,0,1,0,1,1
582,2328,1,1,0,0,0,-1,1,2,1
-582,-2328,1,1,0,1,0,-1,1,2,1
583,2332,1,1,0,1,0,-1,1,2,1
-583,-583,0,0,0,0,0,1,0,1,1
586,2344,0,0,0,0,0,1,0,1,1
-586,-2344,0,0,0,0,0,1,0,1,1
587,2348,0,0,0,0,0,1,0,1,1
-587,-587,0,0,2,0,0,1,2,4,1
589,589,1,1,0,0,0,-1,1,2,1
-589,-2356,1,1,0,1,0,-1,1,2,1
590,2360,1,1,0,0,0,-1,1,2,1
-590,-2360,1,1,0,1,0,-1,1,2,1
591,2364,1,1,0,0,0,-1,1,2,1
-591,-591,1,1,0,1,0,-1,1,2,1
593,593,1,1,0,0,0,-1,1,2,1
-593,-2372,1,1,0,1,0,-1,1,2,1
595,2380,2,2,0,2,0,1,2,4,1
-595,-595,0,2,0,0,0,1,2,4,1
597,597,0,0,0,0,0,1,0,1,1
-597,-2388,0,0,2,0,0,1,2,4,1
598,2392,0,0,0,0,0,1,0,1,1
-598,-2392,0,0,0,0,0,1,0,1,1
599,2396,0,0,0,0,0,1,0,1,1
-599,-599,2,2,0,2,0,1,2,4,1
601,601,1,1,0,0,0,-1,1,2,1
-601,-2404,1,1,0,1,0,-1,1,2,1
602,2408,1,1,0,0,0,-1,1,2,1
-602,-2408,1,1,0,1,0,-1,1,2,1
606,2424,0,0,0,0,0,1,0,1,1
-606,-2424,0,0,0,0,0,1,0,1,1
607,2428,1,1,0,0,0,-1,1,2,1
-607,-607,1,1,0,1,0,-1,1,2,1
609,609,0,0,0,0,0,1,0,1,1
-609,-2436,0,0,0,0,0,1,0,1,1
610,2440,0,0,2,0,0,1,2,4,1
-610,-2440,0,0,2,0,0,1,2,4,1
611,2444,1,1,0,0,0,-1,1,2,1
-611,-611,1,1,0,1,0,-1,1,2,1
613,613,1,1,0,1,0,-1,1,2,1
-613,-2452,1,1,0,1,0,-1,1,2,1
614,2456,0,0,0,0,0,1,0,1,1
-614,-2456,0,0,0,0,0,1,0,1,1
615,2460,1,1,0,0,0,-1,1,2,1
-615,-615,1,1,0,1,0,-1,1,2,1
617,617,2,2,0,2,0,1,2,4,1
-617,-2468,0,0,2,0,0,1,2,4,1
618,2472,1,1,2,1,0,-1,3,8,1
-618,-2472,1,1,0,1,0,-1,1,2,1
619,2476,0,0,0,0,0,1,0,1,1
-619,-619,0,0,0,0,0,1,0,1,1
622,2488,1,1,0,1,0,-1,1,2,1
-622,-2488,1,1,0,1,0,-1,1,2,1
623,2492,1,1,0,0,0,-1,1,2,1
-623,-623,1,1,0,1,0,-1,1,2,1
626,2504,1,1,0,0,0,-1,1,2,1
-626,-2504,1,1,0,1,0,-1,1,2,1
627,2508,1,1,0,0,0,-1,1,2,1
-627,-627,0,0,2,0,0,1,2,4,1
629,629,1,1,0,0,0,-1,1,2,1
-629,-2516,1,1,0,1,0,-1,1,2,1
631,2524,0,0,0,0,0,1,0,1,1
-631,-631,0,0,0,0,0,1,0,1,1
633,633,1,1,0,1,0,-1,1,2,1
-633,-2532,1,1,0,1,0,-1,1,2,1
634,2536,1,1,0,0,0,-1,1,2,1
-634,-2536,1,1,0,1,0,-1,1,2,1
635,2540,1,1,0,1,0,-1,1,2,1
-635,-635,1,1,0,1,0,-1,1,2,1
638,2552,1,1,0,1,0,-1,1,2,1
-638,-2552,2,2,0,2,0,1,2,4,1
641,641,0,0,0,0,0,1,0,1,1
-641,-2564,0,0,0,0,0,1,0,1,1
642,2568,0,0,0,0,0,1,0,1,1
-642,-2568,0,0,0,0,0,1,0,1,1
643,2572,0,0,0,0,0,1,0,1,1
-643,-643,0,0,0,0,0,1,0,1,1
645,645,1,1,0,0,0,-1,1,2,1
-645,-2580,1,1,0,1,0,-1,1,2,1
646,2584,1,1,0,1,0,-1,1,2,1
-646,-2584,1,1,0,1,0,-1,1,2,1
647,2588,0,0,0,0,0,1,0,1,1
-647,-647,0,0,0,0,0,1,0,1,1
649,649,1,1,0,1,0,-1,1,2,1
-649,-2596,0,0,0,0,0,1,0,1,1
651,2604,1,1,0,0,0,-1,1,2,1
-651,-651,1,1,0,1,0,-1,1,2,1
653,653,0,0,0,0,0,1,0,1,1
-653,-2612,0,0,0,0,0,1,0,1,1
654,2616,2,2,0,2,0,1,2,4,1
-654,-2616,0,0,2,0,0,1,2,4,1
655,2620,1,1,0,0,0,-1,1,2,1
-655,-655,1,1,0,1,0,-1,1,2,1
658,2632,2,2,0,2,0,1,2,4,1
-658,-2632,0,0,0,0,0,1,0,1,1
659,2636,1,1,0,0,0,-1,1,2,1
-659,-659,1,1,0,1,0,-1,1,2,1
661,661,0,0,0,0,0,1,0,1,1
-661,-2644,0,0,0,0,0,1,0,1,1
662,2648,1,1,0,0,0,-1,1,2,1
-662,-2648,1,1,0,1,0,-1,1,2,1
663,2652,0,0,0,0,0,1,0,1,1
-663,-663,0,0,0,0,0,1,0,1,1
665,665,0,0,0,0,0,1,0,1,1
-665,-2660,0,0,0,0,0,1,0,1,1
667,2668,1,1,0,0,0,-1,1,2,1
-667,-667,1,1,0,1,0,-1,1,2,1
669,669,0,0,0,0,0,1,0,1,1
-669,-2676,0,0,0,0,0,1,0,1,1
670,2680,1,1,0,0,0,-1,1,2,1
-670,-2680,1,1,0,1,0,-1,1,2,1
671,2684,1,1,0,0,0,-1,1,2,1
-671,-671,2,2,0,2,0,1,2,4,1
673,673,1,1,0,1,0,-1,1,2,1
-673,-2692,1,1,0,1,0,-1,1,2,1
674,2696,0,0,0,0,0,1,0,1,1
-674,-2696,0,0,0,0,0,1,0,1,1
677,677,1,1,0,0,0,-1,1,2,1
-677,-2708,1,1,0,1,0,-1,1,2,1
678,2712,1,1,0,0,0,-1,1,2,1
-678,-2712,1,1,0,1,0,-1,1,2,1
679,2716,1,1,0,0,0,-1,1,2,1
-679,-679,1,1,0,1,0,-1,1,2,1
681,681,1,1,0,1,0,-1,1,2,1
-681,-2724,1,1,0,1,0,-1,1,2,1
682,2728,1,1,0,0,0,-1,1,2,1
-682,-2728,0,0,0,0,0,1,0,1,1
683,2732,0,0,0,0,0,1,0,1,1
-683,-683,2,2,0,2,0,1,2,4,1
685,685,0,0,0,0,0,1,0,1,1
-685,-2740,0,0,0,0,0,1,0,1,1
687,2748,0,0,0,0,0,1,0,1,1
-687,-687,0,0,0,0,0,1,0,1,1
689,689,1,1,0,1,0,-1,1,2,1
-689,-2756,1,1,0,1,0,-1,1,2,1
690,2760,1,1,0,0,0,-1,1,2,1
-690,-2760,1,1,0,1,0,-1,1,2,1
691,2764,0,0,0,0,0,1,0,1,1
-691,-691,0,0,0,0,0,1,0,1,1
694,2776,0,0,0,0,0,1,0,1,1
-694,-2776,0,0,0,0,0,1,0,1,1
695,2780,1,1,0,0,0,-1,1,2,1
-695,-695,1,1,0,1,0,-1,1,2,1
697,697,2,2,0,2,0,1,2,4,1
-697,-2788,0,0,2,0,0,1,2,4,1
698,2792,0,0,0,0,0,1,0,1,1
-698,-2792,0,0,0,0,0,1,0,1,1
699,2796,1,1,0,0,0,-1,1,2,1
-699,-699,1,1,0,1,0,-1,1,2,1
701,701,1,1,0,0,0,-1,1,2,1
-701,-2804,1,1,0,1,0,-1,1,2,1
703,2812,1,1,0,0,0,-1,1,2,1
-703,-703,1,1,0,1,0,-1,1,2,1
705,705,2,2,0,2,0,1,2,4,1
-705,-2820,0,0,0,0,0,1,0,1,1
706,2824,1,1,0,0,0,-1,1,2,1
-706,-2824,1,1,0,1,0,-1,1,2,1
707,2828,0,0,0,0,0,1,0,1,1
-707,-707,0,0,0,0,0,1,0,1,1
709,709,0,0,0,0,0,1,0,1,1
-709,-2836,0,0,0,0,0,1,0,1,1
710,2840,1,1,0,0,0,-1,1,2,1
-710,-2840,1,1,0,1,0,-1,1,2,1
713,713,0,0,0,0,0,1,0,1,1
-713,-2852,0,0,0,0,0,1,0,1,1
714,2856,1,1,0,0,0,-1,1,2,1
-714,-2856,1,1,0,1,0,-1,1,2,1
715,2860,1,1,0,1,0,-1,1,2,1
-715,-715,0,0,2,0,0,1,2,4,1
717,717,1,1,0,0,0,-1,1,2,1
-717,-2868,1,1,0,1,0,-1,1,2,1
718,2872,0,0,0,0,0,1,0,1,1
-718,-2872,0,0,0,0,0,1,0,1,1
719,2876,0,0,0,0,0,1,0,1,1
-719,-719,0,0,0,0,0,1,0,1,1
721,721,1,1,0,1,0,-1,1,2,1
-721,-2884,1,1,0,1,0,-1,1,2,1
723,2892,1,1,0,0,0,-1,1,2,1
-723,-723,1,1,0,1,0,-1,1,2,1
727,2908,0,0,0,0,0,1,0,1,1
-727,-727,0,0,0,0,0,1,0,1,1
730,2920,0,0,0,0,0,1,0,1,1
-730,-2920,0,0,0,0,0,1,0,1,1
731,2924,0,2,0,0,0,1,2,4,1
-731,-731,0,0,2,0,0,1,2,4,1
733,733,1,1,0,0,0,-1,1,2,1
-733,-2932,1,1,0,1,0,-1,1,2,1
734,2936,1,1,0,0,0,-1,1,2,1
-734,-2936,1,1,0,1,0,-1,1,2,1
737,737,1,1,0,1,0,-1,1,2,1
-737,-2948,0,0,0,0,0,1,0,1,1
739,2956,1,1,0,1,0,-1,1,2,1
-739,-739,1,1,0,1,0,-1,1,2,1
741,741,0,0,0,0,0,1,0,1,1
-741,-2964,0,0,0,0,0,1,0,1,1
742,2968,0,0,0,0,0,1,0,1,1
-742,-2968,0,0,0,0,0,1,0,1,1
743,2972,1,1,0,0,0,-1,1,2,1
-743,-743,1,1,0,1,0,-1,1,2,1
745,745,1,1,0,0,0,-1,1,2,1
-745,-2980,1,1,0,1,0,-1,1,2,1
746,2984,0,0,0,0,0,1,0,1,1
-746,-2984,0,0,0,0,0,1,0,1,1
749,749,2,2,0,2,0,1,2,4,1
-749,-2996,0,0,2,0,0,1,2,4,1
751,3004,0,0,0,0,0,1,0,1,1
-751,-751,0,0,0,0,0,1,0,1,1
753,753,0,0,0,0,0,1,0,1,1
-753,-3012,0,0,0,0,0,1,0,1,1
754,3016,1,1,0,0,0,-1,1,2,1
-754,-3016,1,1,0,1,0,-1,1,2,1
755,3020,1,1,0,0,0,-1,1,2,1
-755,-755,1,1,0,1,0,-1,1,2,1
757,757,0,0,0,0,0,1,0,1,1
-757,-3028,0,0,0,0,0,1,0,1,1
758,3032,1,1,0,0,0,-1,1,2,1
-758,-3032,1,1,0,1,0,-1,1,2,1
759,3036,1,1,0,0,0,-1,1,2,1
-759,-759,0,0,0,0,0,1,0,1,1
761,761,1,1,0,0,0,-1,1,2,1
-761,-3044,1,1,0,1,0,-1,1,2,1
762,3048,0,0,0,0,0,1,0,1,1
-762,-3048,0,0,0,0,0,1,0,1,1
763,3052,0,0,0,0,0,1,0,1,1
-763,-763,0,0,0,0,0,1,0,1,1
766,3064,1,1,0,0,0,-1,1,2,1
-766,-3064,1,1,0,1,0,-1,1,2,1
767,3068,1,1,0,1,0,-1,1,2,1
-767,-767,1,1,0,1,0,-1,1,2,1
769,769,1,1,0,0,0,-1,1,2,1
-769,-3076,1,1,0,1,0,-1,1,2,1
770,3080,1,1,0,1,0,-1,1,2,1
-770,-3080,0,0,0,0,0,1,0,1,1
771,3084,2,2,0,2,0,1,2,4,1
-771,-771,0,2,0,0,0,1,2,4,1
773,773,0,0,0,0,0,1,0,1,1
-773,-3092,0,0,0,0,0,1,0,1,1
777,777,1,1,0,0,0,-1,1,2,1
-777,-3108,1,1,0,1,0,-1,1,2,1
778,3112,1,1,0,0,0,-1,1,2,1
-778,-3112,1,1,0,1,0,-1,1,2,1
779,3116,0,2,0,0,0,1,2,4,1
-779,-779,2,2,0,2,0,1,2,4,1
781,781,1,1,0,0,0,-1,1,2,1
-781,-3124,0,0,0,0,0,1,0,1,1
782,3128,0,0,0,0,0,1,0,1,1
-782,-3128,0,0,0,0,0,1,0,1,1
785,785,0,0,0,0,0,1,0,1,1
-785,-3140,0,0,0,0,0,1,0,1,1
786,3144,0,0,0,0,0,1,0,1,1
-786,-3144,0,0,0,0,0,1,0,1,1
787,3148,1,1,0,1,0,-1,1,2,1
-787,-787,1,1,0,1,0,-1,1,2,1
789,789,1,1,0,0,0,-1,1,2,1
-789,-3156,1,1,0,1,0,-1,1,2,1
790,3160,0,0,2,0,0,1,2,4,1
-790,-3160,0,2,0,0,0,1,2,4,1
791,3164,1,1,0,0,0,-1,1,2,1
-791,-791,1,1,0,1,0,-1,1,2,1
793,793,0,0,0,0,0,1,0,1,1
-793,-3172,0,0,0,0,0,1,0,1,1
794,3176,1,1,0,0,0,-1,1,2,1
-794,-3176,1,1,0,1,0,-1,1,2,1
795,3180,0,0,0,0,0,1,0,1,1
-795,-795,0,0,0,0,0,1,0,1,1
797,797,0,0,0,0,0,1,0,1,1
-797,-3188,0,0,0,0,0,1,0,1,1
798,3192,1,1,0,1,0,-1,1,2,1
-798,-3192,1,1,0,1,0,-1,1,2,1
799,3196,1,1,0,1,0,-1,1,2,1
-799,-799,1,1,0,1,0,-1,1,2,1
802,3208,1,1,0,0,0,-1,1,2,1
-802,-3208,1,1,0,1,0,-1,1,2,1
803,3212,1,1,0,0,0,-1,1,2,1
-803,-803,2,2,0,2,0,1,2,4,1
805,805,1,1,0,0,0,-1,1,2,1
-805,-3220,1,1,0,0,0,-1,1,2,1
806,3224,0,0,0,0,0,1,0,1,1
-806,-3224,0,0,0,0,0,1,0,1,1
807,3228,0,0,0,0,0,1,0,1,1
-807,-807,0,0,0,0,0,1,0,1,1
809,809,1,1,0,0,0,-1,1,2,1
-809,-3236,1,1,0,1,0,-1,1,2,1
811,3244,1,1,0,0,0,-1,1,2,1
-811,-811,1,1,0,1,0,-1,1,2,1
813,813,1,1,0,0,0,-1,1,2,1
-813,-3252,1,1,0,1,0,-1,1,2,1
814,3256,1,1,0,1,0,-1,1,2,1
-814,-3256,0,0,0,0,0,1,0,1,1
815,3260,0,0,0,0,0,1,0,1,1
-815,-815,2,2,0,2,0,1,2,4,1
817,817,2,2,0,2,0,1,2,4,1
-817,-3268,0,0,2,0,0,1,2,4,1
818,3272,2,2,0,2,0,1,2,4,1
-818,-3272,0,0,2,0,0,1,2,4,1
821,821,1,1,0,0,0,-1,1,2,1
-821,-3284,1,1,0,1,0,-1,1,2,1
822,3288,1,1,0,0,0,-1,1,2,1
-822,-3288,1,1,0,1,0,-1,1,2,1
823,3292,0,0,0,0,0,1,0,1,1
-823,-823,0,0,0,0,0,1,0,1,1
826,3304,0,0,0,0,0,1,0,1,1
-826,-3304,0,0,0,0,0,1,0,1,1
827,3308,1,1,0,0,0,-1,1,2,1
-827,-827,1,1,0,1,0,-1,1,2,1
829,829,0,0,0,0,0,1,0,1,1
-829,-3316,0,0,0,0,0,1,0,1,1
830,3320,2,2,0,2,0,1,2,4,1
-830,-3320,2,2,0,2,0,1,2,4,1
831,3324,1,1,0,0,0,-1,1,2,1
-831,-831,1,1,0,1,0,-1,1,2,1
834,3336,0,0,0,0,0,1,0,1,1
-834,-3336,0,0,0,0,0,1,0,1,1
835,3340,1,1,0,0,0,-1,1,2,1
-835,-835,1,1,0,1,0,-1,1,2,1
838,3352,1,1,0,1,0,-1,1,2,1
-838,-3352,1,1,0,1,0,-1,1,2,1
839,3356,0,0,0,0,0,1,0,1,1
-839,-839,0,0,0,0,0,1,0,1,1
842,3368,1,1,0,1,0,-1,1,2,1
-842,-3368,1,1,0,1,0,-1,1,2,1
843,3372,1,1,0,0,0,-1,1,2,1
-843,-843,1,1,0,1,0,-1,1,2,1
849,849,1,1,0,0,0,-1,1,2,1
-849,-3396,1,1,0,1,0,-1,1,2,1
851,3404,0,0,0,0,0,1,0,1,1
-851,-851,0,0,0,0,0,1,0,1,1
853,853,1,1,0,1,0,-1,1,2,1
-853,-3412,1,1,0,1,0,-1,1,2,1
854,3416,1,1,0,0,0,-1,1,2,1
-854,-3416,1,1,0,1,0,-1,1,2,1
857,857,1,1,0,0,0,-1,1,2,1
-857,-3428,1,1,0,1,0,-1,1,2,1
858,3432,1,1,0,1,0,-1,1,2,1
-858,-3432,0,0,0,0,0,1,0,1,1
859,3436,0,0,0,0,0,1,0,1,1
-859,-859,0,0,0,0,0,1,0,1,1
861,861,0,0,0,0,0,1,0,1,1
-861,-3444,0,0,0,0,0,1,0,1,1
862,3448,0,0,0,0,0,1,0,1,1
-862,-3448,0,0,0,0,0,1,0,1,1
863,3452,2,2,0,2,0,1,2,4,1
-863,-863,0,0,0,0,0,1,0,1,1
865,865,1,1,0,1,0,-1,1,2,1
-865,-3460,1,1,0,1,0,-1,1,2,1
866,3464,1,1,0,0,0,-1,1,2,1
-866,-3464,1,1,0,1,0,-1,1,2,1
869,869,1,1,0,0,0,-1,1,2,1
-869,-3476,0,0,0,0,0,1,0,1,1
870,3480,0,0,2,0,0,1,2,4,1
-870,-3480,0,2,0,0,0,1,2,4,1
871,3484,1,1,0,0,0,-1,1,2,1
-871,-871,1,1,0,1,0,-1,1,2,1
874,3496,0,0,0,0,0,1,0,1,1
-874,-3496,0,0,0,0,0,1,0,1,1
877,877,1,1,0,1,0,-1,1,2,1
-877,-3508,1,1,0,1,0,-1,1,2,1
878,3512,0,0,2,0,0,1,2,4,1
-878,-3512,2,2,0,2,0,1,2,4,1
879,3516,1,1,0,0,0,-1,1,2,1
-879,-879,1,1,0,1,0,-1,1,2,1
881,881,0,0,0,0,0,1,0,1,1
-881,-3524,0,0,0,0,0,1,0,1,1
883,3532,0,0,0,0,0,1,0,1,1
-883,-883,0,0,2,0,0,1,2,4,1
885,885,0,0,0,0,0,1,0,1,1
-885,-3540,0,0,0,0,0,1,0,1,1
886,3544,1,1,0,0,0,-1,1,2,1
-886,-3544,1,1,0,1,0,-1,1,2,1
887,3548,1,1,0,0,0,-1,1,2,1
-887,-887,1,1,0,1,0,-1,1,2,1
889,889,0,0,0,0,0,1,0,1,1
-889,-3556,0,0,0,0,0,1,0,1,1
890,3560,1,1,0,0,0,-1,1,2,1
-890,-3560,1,1,0,1,0,-1,1,2,1
893,893,1,1,0,0,0,-1,1,2,1
-893,-3572,1,1,0,1,0,-1,1,2,1
894,3576,0,0,0,0,0,1,0,1,1
-894,-3576,0,0,0,0,0,1,0,1,1
895,3580,0,0,0,0,0,1,0,1,1
-895,-895,0,0,0,0,0,1,0,1,1
897,897,1,1,0,1,0,-1,1,2,1
-897,-3588,1,1,0,1,0,-1,1,2,1
898,3592,1,1,0,0,0,-1,1,2,1
-898,-3592,1,1,0,1,0,-1,1,2,1
899,3596,1,1,0,0,0,-1,1,2,1
-899,-899,1,1,0,1,0,-1,1,2,1
901,901,1,1,0,0,0,-1,1,2,1
-901,-3604,1,1,0,1,0,-1,1,2,1
902,3608,1,1,0,1,0,-1,1,2,1
-902,-3608,0,0,0,0,0,1,0,1,1
903,3612,0,0,0,0,0,1,0,1,1
-903,-903,0,0,0,0,0,1,0,1,1
905,905,0,0,0,0,0,1,0,1,1
-905,-3620,0,0,0,0,0,1,0,1,1
906,3624,0,2,0,0,0,1,2,4,1
-906,-3624,0,0,2,0,0,1,2,4,1
907,3628,2,2,0,2,0,1,2,4,1
-907,-907,0,0,0,0,0,1,0,1,1
910,3640,1,1,0,0,0,-1,1,2,1
-910,-3640,1,1,0,1,0,-1,1,2,1
911,3644,0,0,2,0,0,1,2,4,1
-911,-911,0,0,0,0,0,1,0,1,1
913,913,1,1,0,1,0,-1,1,2,1
-913,-3652,0,0,0,0,0,1,0,1,1
914,3656,0,0,2,0,0,1,2,4,1
-914,-3656,0,2,0,0,0,1,2,4,1
915,3660,1,1,0,0,0,-1,1,2,1
-915,-915,1,1,0,1,0,-1,1,2,1
917,917,0,0,2,0,0,1,2,4,1
-917,-3668,2,2,0,2,0,1,2,4,1
919,3676,1,1,0,0,0,-1,1,2,1
-919,-919,1,1,0,1,0,-1,1,2,1
921,921,1,1,0,1,0,-1,1,2,1
-921,-3684,1,1,0,0,0,-1,1,2,1
922,3688,0,0,2,0,0,1,2,4,1
-922,-3688,0,0,2,0,0,1,2,4,1
923,3692,1,1,0,0,0,-1,1,2,1
-923,-923,1,1,0,1,0,-1,1,2,1
926,3704,1,1,0,0,0,-1,1,2,1
-926,-3704,1,1,0,1,0,-1,1,2,1
929,929,0,0,0,0,0,1,0,1,1
-929,-3716,0,0,0,0,0,1,0,1,1
930,3720,1,1,0,0,0,-1,1,2,1
-930,-3720,1,1,0,1,0,-1,1,2,1
933,933,2,2,0,2,0,1,2,4,1
-933,-3732,0,0,0,0,0,1,0,1,1
934,3736,1,1,0,0,0,-1,1,2,1
-934,-3736,1,1,0,1,0,-1,1,2,1
935,3740,1,1,0,0,0,-1,1,2,1
-935,-935,0,0,0,0,0,1,0,1,1
937,937,1,1,0,0,0,-1,1,2,1
-937,-3748,1,1,0,1,0,-1,1,2,1
938,3752,0,0,0,0,0,1,0,1,1
-938,-3752,0,0,0,0,0,1,0,1,1
939,3756,0,0,0,0,0,1,0,1,1
-939,-939,0,0,0,0,0,1,0,1,1
941,941,1,1,0,0,0,-1,1,2,1
-941,-3764,1,1,0,1,0,-1,1,2,1
942,3768,1,1,0,0,0,-1,1,2,1
-942,-3768,1,1,0,1,0,-1,1,2,1
943,3772,1,1,0,1,0,-1,1,2,1
-943,-943,1,1,0,1,0,-1,1,2,1
946,3784,1,1,0,1,0,-1,1,2,1
-946,-3784,0,0,2,0,0,1,2,4,1
947,3788,0,0,0,0,0,1,0,1,1
-947,-947,0,0,0,0,0,1,0,1,1
949,949,0,0,2,0,0,1,2,4,1
-949,-3796,0,0,2,0,0,1,2,4,1
951,3804,0,0,0,0,0,1,0,1,1
-951,-951,0,0,0,0,0,1,0,1,1
953,953,1,1,0,1,0,-1,1,2,1
-953,-3812,1,1,0,1,0,-1,1,2,1
955,3820,0,0,0,0,0,1,0,1,1
-955,-955,0,0,0,0,0,1,0,1,1
957,957,1,1,0,0,0,-1,1,2,1
-957,-3828,0,0,2,0,0,1,2,4,1
958,3832,0,0,0,0,0,1,0,1,1
-958,-3832,0,0,0,0,0,1,0,1,1
959,3836,1,1,0,0,0,-1,1,2,1
-959,-959,1,1,0,1,0,-1,1,2,1
962,3848,0,0,0,0,0,1,0,1,1
-962,-3848,0,0,0,0,0,1,0,1,1
965,965,1,1,0,0,0,-1,1,2,1
-965,-3860,1,1,0,1,0,-1,1,2,1
966,3864,0,0,0,0,0,1,0,1,1
-966,-3864,0,0,0,0,0,1,0,1,1
967,3868,1,1,0,0,0,-1,1,2,1
-967,-967,1,1,0,1,0,-1,1,2,1
969,969,0,0,0,0,0,1,0,1,1
-969,-3876,0,0,0,0,0,1,0,1,1
970,3880,1,1,0,0,0,-1,1,2,1
-970,-3880,1,1,0,1,0,-1,1,2,1
971,3884,0,0,0,0,0,1,0,1,1
-971,-971,0,0,0,0,0,1,0,1,1
973,973,0,0,2,0,0,1,2,4,1
-973,-3892,0,0,2,0,0,1,2,4,1
974,3896,1,1,0,0,0,-1,1,2,1
-974,-3896,1,1,0,1,0,-1,1,2,1
977,977,0,0,0,0,0,1,0,1,1
-977,-3908,0,0,0,0,0,1,0,1,1
978,3912,1,1,0,0,0,-1,1,2,1
-978,-3912,1,1,0,1,0,-1,1,2,1
979,3916,1,1,0,0,0,-1,1,2,1
-979,-979,0,0,0,0,0,1,0,1,1
982,3928,2,2,0,2,0,1,2,4,1
-982,-3928,2,2,0,2,0,1,2,4,1
983,3932,0,0,0,0,0,1,0,1,1
-983,-983,0,0,0,0,0,1,0,1,1
985,985,1,1,0,0,0,-1,1,2,1
-985,-3940,1,1,0,0,0,-1,1,2,1
986,3944,1,1,0,0,0,-1,1,2,1
-986,-3944,1,1,0,1,0,-1,1,2,1
987,3948,1,1,0,0,0,-1,1,2,1
-987,-987,1,1,0,1,0,-1,1,2,1
989,989,1,1,0,0,0,-1,1,2,1
-989,-3956,1,1,0,1,0,-1,1,2,1
991,3964,0,0,0,0,0,1,0,1,1
-991,-991,0,0,2,0,0,1,2,4,1
993,993,0,0,0,0,0,1,0,1,1
-993,-3972,0,0,0,0,0,1,0,1,1
994,3976,0,0,0,0,0,1,0,1,1
-994,-3976,0,0,0,0,0,1,0,1,1
995,3980,0,0,2,0,0,1,2,4,1
-995,-995,0,0,0,0,0,1,0,1,1
997,997,1,1,0,0,0,-1,1,2,1
-997,-3988,1,1,0,1,0,-1,1,2,1
998,3992,1,1,0,0,0,-1,1,2,1
-998,-3992,1,1,0,1,0,-1,1,2,1
1001,1001,1,1,0,1,0,-1,1,2,1
-1001,-4004,2,2,0,2,0,1,2,4,1
1002,4008,0,0,0,0,0,1,0,1,1
-1002,-4008,0,0,0,0,0,1,0,1,1
1003,4012,1,1,0,0,0,-1,1,2,1
-1003,-1003,1,1,0,1,0,-1,1,2,1
1005,1005,0,0,0,0,0,1,0,1,1
-1005,-4020,0,0,0,0,0,1,0,1,1
1006,4024,2,2,0,2,0,1,2,4,1
-1006,-4024,2,2,0,2,0,1,2,4,1
1007,4028,1,1,2,0,0,-1,3,8,1
-1007,-1007,3,3,0,3,0,-1,3,8,1
1009,1009,1,1,0,1,0,-1,1,2,1
-1009,-4036,1,1,0,1,0,-1,1,2,1
1010,4040,0,0,0,0,0,1,0,1,1
-1010,-4040,0,0,0,0,0,1,0,1,1
1011,4044,1,1,0,0,0,-1,1,2,1
-1011,-1011,1,1,0,1,0,-1,1,2,1
1013,1013,0,0,0,0,0,1,0,1,1
-1013,-4052,0,0,0,0,0,1,0,1,1
1015,4060,0,0,0,0,0,1,0,1,1
-1015,-1015,0,0,0,0,0,1,0,1,1
1018,4072,1,1,0,0,0,-1,1,2,1
-1018,-4072,1,1,0,1,0,-1,1,2,1
1019,4076,1,1,0,0,0,-1,1,2,1
-1019,-1019,1,1,0,1,0,-1,1,2,1
1021,1021,0,0,0,0,0,1,0,1,1
-1021,-4084,0,0,0,0,0,1,0,1,1
1022,4088,1,1,0,0,0,-1,1,2,1
-1022,-4088,1,1,0,1,0,-1,1,2,1
1023,4092,1,1,0,0,0,-1,1,2,1
-1023,-1023,0,0,0,0,0,1,0,1,1
1027,4108,0,0,0,0,0,1,0,1,1
-1027,-1027,0,0,0,0,0,1,0,1,1
1030,4120,1,1,2,0,0,-1,3,8,1
-1030,-4120,1,1,0,1,0,-1,1,2,1
1031,4124,1,1,0,0,0,-1,1,2,1
-1031,-1031,1,1,0,1,0,-1,1,2,1
1033,1033,1,1,0,1,0,-1,1,2,1
-1033,-4132,1,1,0,1,0,-1,1,2,1
1034,4136,1,1,0,1,0,-1,1,2,1
-1034,-4136,0,0,0,0,0,1,0,1,1
1037,1037,0,0,2,0,0,1,2,4,1
-1037,-4148,2,2,0,2,0,1,2,4,1
1038,4152,2,2,0,2,0,1,2,4,1
-1038,-4152,0,0,2,0,0,1,2,4,1
1039,4156,0,0,0,0,0,1,0,1,1
-1039,-1039,0,0,0,0,0,1,0,1,1
1041,1041,1,1,0,0,0,-1,1,2,1
-1041,-4164,1,1,0,1,0,-1,1,2,1
1042,4168,1,1,0,0,0,-1,1,2,1
-1042,-4168,1,1,0,1,0,-1,1,2,1
1043,4172,2,2,0,2,0,1,2,4,1
-1043,-1043,0,0,2,0,0,1,2,4,1
1045,1045,1,1,0,1,0,-1,1,2,1
-1045,-4180,0,0,2,0,0,1,2,4,1
1046,4184,0,0,0,0,0,1,0,1,1
-1046,-4184,0,0,0,0,0,1,0,1,1
1047,4188,1,1,0,0,0,-1,1,2,1
-1047,-1047,1,1,0,1,0,-1,1,2,1
1049,1049,0,0,0,0,0,1,0,1,1
-1049,-4196,0,0,0,0,0,1,0,1,1
1051,4204,1,1,0,0,0,-1,1,2,1
-1051,-1051,1,1,0,1,0,-1,1,2,1
1054,4216,0,0,0,0,0,1,0,1,1
-1054,-4216,0,0,0,0,0,1,0,1,1
1055,4220,1,1,0,0,0,-1,1,2,1
-1055,-1055,1,1,0,1,0,-1,1,2,1
1057,1057,2,2,0,2,0,1,2,4,1
-1057,-4228,0,2,0,0,0,1,2,4,1
1059,4236,0,0,0,0,0,1,0,1,1
-1059,-1059,0,0,0,0,0,1,0,1,1
1061,1061,0,0,0,0,0,1,0,1,1
-1061,-4244,0,0,0,0,0,1,0,1,1
1063,4252,1,1,0,0,0,-1,1,2,1
-1063,-1063,1,1,0,1,0,-1,1,2,1
1065,1065,0,0,0,0,0,1,0,1,1
-1065,-4260,0,0,0,0,0,1,0,1,1
1066,4264,1,1,0,0,0,-1,1,2,1
-1066,-4264,1,1,0,1,0,-1,1,2,1
1067,4268,1,1,0,0,0,-1,1,2,1
-1067,-1067,0,0,0,0,0,1,0,1,1
1069,1069,1,1,0,0,0,-1,1,2,1
-1069,-4276,1,1,0,1,0,-1,1,2,1
1070,4280,0,0,0,0,0,1,0,1,1
-1070,-4280,0,0,0,0,0,1,0,1,1
1073,1073,1,1,0,1,0,-1,1,2,1
-1073,-4292,1,1,0,1,0,-1,1,2,1
1074,4296,1,1,0,0,0,-1,1,2,1
-1074,-4296,1,1,0,1,0,-1,1,2,1
1077,1077,1,1,0,0,0,-1,1,2,1
-1077,-4308,1,1,0,1,0,-1,1,2,1
1079,4316,0,0,0,0,0,1,0,1,1
-1079,-1079,0,0,0,0,0,1,0,1,1
1081,1081,2,2,0,2,0,1,2,4,1
-1081,-4324,0,0,0,0,0,1,0,1,1
1082,4328,0,0,0,0,0,1,0,1,1
-1082,-4328,0,0,0,0,0,1,0,1,1
1085,1085,1,1,0,0,0,-1,1,2,1
-1085,-4340,1,1,0,1,0,-1,1,2,1
1086,4344,1,1,0,0,0,-1,1,2,1
-1086,-4344,1,1,0,1,0,-1,1,2,1
1087,4348,2,2,0,2,0,1,2,4,1
-1087,-1087,0,0,0,0,0,1,0,1,1
1090,4360,2,2,0,2,0,1,2,4,1
-1090,-4360,0,0,2,0,0,1,2,4,1
1091,4364,1,1,0,0,0,-1,1,2,1
-1091,-1091,1,1,0,1,0,-1,1,2,1
1093,1093,0,0,0,0,0,1,0,1,1
-1093,-4372,0,0,0,0,0,1,0,1,1
1094,4376,2,2,0,2,0,1,2,4,1
-1094,-4376,0,2,0,0,0,1,2,4,1
1095,4380,1,1,0,0,0,-1,1,2,1
-1095,-1095,1,1,0,1,0,-1,1,2,1
1097,1097,1,1,0,0,0,-1,1,2,1
-1097,-4388,1,1,0,1,0,-1,1,2,1
1099,4396,1,1,0,0,0,-1,1,2,1
-1099,-1099,1,1,0,1,0,-1,1,2,1
1101,1101,0,0,0,0,0,1,0,1,1
-1101,-4404,0,0,0,0,0,1,0,1,1
1102,4408,1,1,0,0,0,-1,1,2,1
-1102,-4408,1,1,0,1,0,-1,1,2,1
1103,4412,0,0,0,0,0,1,0,1,1
-1103,-1103,0,0,0,0,0,1,0,1,1
1105,1105,0,0,0,0,0,1,0,1,1
-1105,-4420,0,0,0,0,0,1,0,1,1
1106,4424,1,1,0,1,0,-1,1,2,1
-1106,-4424,1,1,0,1,0,-1,1,2,1
1109,1109,2,2,0,2,0,1,2,4,1
-1109,-4436,2,2,0,1,0,1,2,4,1
1110,4440,1,1,0,0,0,-1,1,2,1
-1110,-4440,1,1,0,1,0,-1,1,2,1
1111,4444,1,1,0,1,0,-1,1,2,1
-1111,-1111,0,0,0,0,0,1,0,1,1
1113,1113,1,1,0,1,0,-1,1,2,1
-1113,-4452,1,1,0,1,0,-1,1,2,1
1114,4456,0,0,0,0,0,1,0,1,1
-1114,-4456,0,0,0,0,0,1,0,1,1
1115,4460,0,0,0,0,0,1,0,1,1
-1115,-1115,0,0,0,0,0,1,0,1,1
1117,1117,1,1,0,0,0,-1,1,2,1
-1117,-4468,1,1,0,0,0,-1,1,2,1
1118,4472,1,1,0,0,0,-1,1,2,1
-1118,-4472,1,1,0,1,0,-1,1,2,1
1119,4476,1,1,0,0,0,-1,1,2,1
-1119,-1119,1,1,0,1,0,-1,1,2,1
1121,1121,1,1,0,0,0,-1,1,2,1
-1121,-4484,1,1,0,1,0,-1,1,2,1
1122,4488,1,1,0,1,0,-1,1,2,1
-1122,-4488,0,0,0,0,0,1,0,1,1
1123,4492,0,0,0,0,0,1,0,1,1
-1123,-1123,2,2,0,2,0,1,2,4,1
1126,4504,2,2,0,2,0,1,2,4,1
-1126,-4504,0,0,2,0,0,1,2,4,1
1129,1129,1,1,0,1,0,-1,1,2,1
-1129,-4516,1,1,0,0,0,-1,1,2,1
1130,4520,1,1,0,0,0,-1,1,2,1
-1130,-4520,1,1,0,1,0,-1,1,2,1
1131,4524,0,0,0,0,0,1,0,1,1
-1131,-1131,0,0,0,0,0,1,0,1,1
1133,1133,1,1,0,1,0,-1,1,2,1
-1133,-4532,0,0,0,0,0,1,0,1,1
1135,4540,1,1,0,0,0,-1,1,2,1
-1135,-1135,1,1,0,1,0,-1,1,2,1
1137,1137,0,0,0,0,0,1,0,1,1
-1137,-4548,0,0,0,0,0,1,0,1,1
1138,4552,2,2,0,2,0,1,2,4,1
-1138,-4552,0,0,2,0,0,1,2,4,1
1139,4556,1,1,0,0,0,-1,1,2,1
-1139,-1139,1,1,0,1,0,-1,1,2,1
1141,1141,1,1,0,0,0,-1,1,2,1
-1141,-4564,1,1,0,1,0,-1,1,2,1
1142,4568,2,2,0,2,0,1,2,4,1
-1142,-4568,0,0,2,0,0,1,2,4,1
1145,1145,0,0,0,0,0,1,0,1,1
-1145,-4580,0,0,0,0,0,1,0,1,1
1146,4584,1,1,0,0,0,-1,1,2,1
-1146,-4584,1,1,0,1,0,-1,1,2,1
1147,4588,0,0,0,0,0,1,0,1,1
-1147,-1147,0,0,0,0,0,1,0,1,1
1149,1149,0,0,0,0,0,1,0,1,1
-1149,-4596,0,0,0,0,0,1,0,1,1
1151,4604,1,1,0,0,0,-1,1,2,1
-1151,-1151,1,1,0,1,0,-1,1,2,1
1153,1153,0,0,0,0,0,1,0,1,1
-1153,-4612,0,0,0,0,0,1,0,1,1
1154,4616,1,1,0,0,0,-1,1,2,1
-1154,-4616,1,1,0,1,0,-1,1,2,1
1155,4620,1,1,0,0,0,-1,1,2,1
-1155,-1155,0,0,0,0,0,1,0,1,1
1157,1157,1,1,0,0,0,-1,1,2,1
-1157,-4628,1,1,0,1,0,-1,1,2,1
1158,4632,0,0,2,0,0,1,2,4,1
-1158,-4632,0,2,0,0,0,1,2,4,1
1159,4636,0,0,0,0,0,1,0,1,1
-1159,-1159,0,0,0,0,0,1,0,1,1
1162,4648,1,1,0,0,0,-1,1,2,1
-1162,-4648,1,1,0,1,0,-1,1,2,1
1163,4652,1,1,0,0,0,-1,1,2,1
-1163,-1163,1,1,0,1,0,-1,1,2,1
1165,1165,1,1,0,0,0,-1,1,2,1
-1165,-4660,1,1,0,1,0,-1,1,2,1
1166,4664,1,1,0,1,0,-1,1,2,1
-1166,-4664,0,0,0,0,0,1,0,1,1
1167,4668,0,0,0,0,0,1,0,1,1
-1167,-1167,0,0,0,0,0,1,0,1,1
1169,1169,0,0,0,0,0,1,0,1,1
-1169,-4676,0,0,0,0,0,1,0,1,1
1171,4684,0,0,0,0,0,1,0,1,1
-1171,-1171,0,0,0,0,0,1,0,1,1
1173,1173,1,1,0,0,0,-1,1,2,1
-1173,-4692,1,1,0,0,0,-1,1,2,1
1174,4696,1,1,2,0,0,-1,3,8,1
-1174,-4696,1,1,0,1,0,-1,1,2,1
1177,1177,1,1,0,1,0,-1,1,2,1
-1177,-4708,0,0,0,0,0,1,0,1,1
1178,4712,0,0,0,0,0,1,0,1,1
-1178,-4712,0,0,0,0,0,1,0,1,1
1181,1181,0,0,0,0,0,1,0,1,1
-1181,-4724,0,0,0,0,0,1,0,1,1
1182,4728,2,2,0,2,0,1,2,4,1
-1182,-4728,2,2,0,2,0,1,2,4,1
1185,1185,1,1,0,1,0,-1,1,2,1
-1185,-4740,1,1,0,1,0,-1,1,2,1
1186,4744,0,0,2,0,0,1,2,4,1
-1186,-4744,0,2,0,0,0,1,2,4,1
1187,4748,1,1,0,0,0,-1,1,2,1
-1187,-1187,1,1,0,1,0,-1,1,2,1
1189,1189,0,0,2,0,0,1,2,4,1
-1189,-4756,0,2,0,0,0,1,2,4,1
1190,4760,1,1,0,1,0,-1,1,2,1
-1190,-4760,1,1,0,1,0,-1,1,2,1
1191,4764,0,0,0,0,0,1,0,1,1
-1191,-1191,0,0,0,0,0,1,0,1,1
1193,1193,0,0,0,0,0,1,0,1,1
-1193,-4772,0,0,0,0,0,1,0,1,1
1194,4776,1,1,0,1,0,-1,1,2,1
-1194,-4776,1,1,0,1,0,-1,1,2,1
1195,4780,1,1,0,0,0,-1,1,2,1
-1195,-1195,1,1,0,1,0,-1,1,2,1
1198,4792,1,1,0,1,0,-1,1,2,1
-1198,-4792,1,1,0,1,0,-1,1,2,1
1199,4796,1,1,0,0,0,-1,1,2,1
-1199,-1199,0,0,0,0,0,1,0,1,1
1201,1201,1,1,0,1,0,-1,1,2,1
-1201,-4804,1,1,0,0,0,-1,1,2,1
1202,4808,0,0,0,0,0,1,0,1,1
-1202,-4808,0,0,0,0,0,1,0,1,1
1203,4812,0,0,0,0,0,1,0,1,1
-1203,-1203,0,0,0,0,0,1,0,1,1
1205,1205,1,1,0,0,0,-1,1,2,1
-1205,-4820,1,1,0,0,0,-1,1,2,1
1207,4828,1,1,0,0,0,-1,1,2,1
-1207,-1207,1,1,0,1,0,-1,1,2,1
1209,1209,1,1,0,0,0,-1,1,2,1
-1209,-4836,1,1,0,1,0,-1,1,2,1
1211,4844,0,0,0,0,0,1,0,1,1
-1211,-1211,0,0,0,0,0,1,0,1,1
1213,1213,0,0,0,0,0,1,0,1,1
-1213,-4852,0,0,0,0,0,1,0,1,1
1214,4856,0,0,2,0,0,1,2,4,1
-1214,-4856,2,2,0,2,0,1,2,4,1
1217,1217,1,1,0,0,0,-1,1,2,1
-1217,-4868,1,1,0,1,0,-1,1,2,1
1218,4872,1,1,0,0,0,-1,1,2,1
-1218,-4872,1,1,0,1,0,-1,1,2,1
1219,4876,0,0,2,0,0,1,2,4,1
-1219,-1219,0,2,0,0,0,1,2,4,1
1221,1221,1,1,0,0,0,-1,1,2,1
-1221,-4884,0,0,0,0,0,1,0,1,1
1222,4888,2,2,0,2,0,1,2,4,1
-1222,-4888,0,0,0,0,0,1,0,1,1
1223,4892,1,1,0,0,0,-1,1,2,1
-1223,-1223,1,1,0,1,0,-1,1,2,1
1226,4904,2,2,0,2,0,1,2,4,1
-1226,-4904,0,0,2,0,0,1,2,4,1
1227,4908,1,1,0,0,0,-1,1,2,1
-1227,-1227,1,1,0,1,0,-1,1,2,1
1229,1229,1,1,0,0,0,-1,1,2,1
-1229,-4916,1,1,0,1,0,-1,1,2,1
1230,4920,0,0,0,0,0,1,0,1,1
-1230,-4920,0,0,0,0,0,1,0,1,1
1231,4924,1,1,0,0,0,-1,1,2,1
-1231,-1231,1,1,0,1,0,-1,1,2,1
1234,4936,1,1,0,0,0,-1,1,2,1
-1234,-4936,1,1,0,1,0,-1,1,2,1
1235,4940,0,0,0,0,0,1,0,1,1
-1235,-1235,0,0,0,0,0,1,0,1,1
1237,1237,0,0,0,0,0,1,0,1,1
-1237,-4948,0,0,0,0,0,1,0,1,1
1238,4952,1,1,0,0,0,-1,1,2,1
-1238,-4952,1,1,0,1,0,-1,1,2,1
1239,4956,1,1,0,0,0,-1,1,2,1
-1239,-1239,1,1,0,1,0,-1,1,2,1
1241,1241,0,0,0,0,0,1,0,1,1
-1241,-4964,0,0,0,0,0,1,0,1,1
1243,4972,1,1,0,1,0,-1,1,2,1
-1243,-1243,0,0,0,0,0,1,0,1,1
1245,1245,1,1,0,0,0,-1,1,2,1
-1245,-4980,1,1,0,0,0,-1,1,2,1
1246,4984,0,0,0,0,0,1,0,1,1
-1246,-4984,0,0,0,0,0,1,0,1,1
1247,4988,0,0,0,0,0,1,0,1,1
-1247,-1247,0,0,0,0,0,1,0,1,1
1249,1249,1,1,0,0,0,-1,1,2,1
-1249,-4996,1,1,0,1,0,-1,1,2,1
1253,1253,1,1,0,0,0,-1,1,2,1
-1253,-5012,1,1,0,1,0,-1,1,2,1
1254,5016,1,1,0,0,0,-1,1,2,1
-1254,-5016,0,0,0,0,0,1,0,1,1
1255,5020,0,0,0,0,0,1,0,1,1
-1255,-1255,0,0,0,0,0,1,0,1,1
1257,1257,2,2,0,2,0,1,2,4,1
-1257,-5028,0,0,0,0,0,1,0,1,1
1258,5032,0,0,0,0,0,1,0,1,1
-1258,-5032,0,0,0,0,0,1,0,1,1
1259,5036,0,0,0,0,0,1,0,1,1
-1259,-1259,0,0,0,0,0,1,0,1,1
1261,1261,1,1,0,0,0,-1,1,2,1
-1261,-5044,1,1,0,0,0,-1,1,2,1
1262,5048,1,1,0,1,0,-1,1,2,1
-1262,-5048,1,1,0,1,0,-1,1,2,1
1263,5052,2,2,0,2,0,1,2,4,1
-1263,-1263,2,2,0,2,0,1,2,4,1
1265,1265,1,1,0,0,0,-1,1,2,1
-1265,-5060,0,0,0,0,0,1,0,1,1
1266,5064,2,2,0,1,0,1,2,4,1
-1266,-5064,0,0,2,0,0,1,2,4,1
1267,5068,1,1,0,0,0,-1,1,2,1
-1267,-1267,1,1,0,1,0,-1,1,2,1
1270,5080,0,0,0,0,0,1,0,1,1
-1270,-5080,0,0,0,0,0,1,0,1,1
1271,5084,1,1,0,0,0,-1,1,2,1
-1271,-1271,1,1,0,1,0,-1,1,2,1
1273,1273,1,1,0,1,0,-1,1,2,1
-1273,-5092,1,1,0,1,0,-1,1,2,1
1277,1277,0,0,0,0,0,1,0,1,1
-1277,-5108,0,0,0,0,0,1,0,1,1
1279,5116,0,0,0,0,0,1,0,1,1
-1279,-1279,0,0,0,0,0,1,0,1,1
1281,1281,0,0,0,0,0,1,0,1,1
-1281,-5124,0,0,0,0,0,1,0,1,1
1282,5128,1,1,0,1,0,-1,1,2,1
-1282,-5128,1,1,0,0,0,-1,1,2,1
1283,5132,1,1,0,0,0,-1,1,2,1
-1283,-1283,1,1,0,1,0,-1,1,2,1
1285,1285,0,0,2,0,0,1,2,4,1
-1285,-5140,0,0,2,0,0,1,2,4,1
1286,5144,1,1,0,0,0,-1,1,2,1
-1286,-5144,1,1,0,1,0,-1,1,2,1
1289,1289,1,1,0,1,0,-1,1,2,1
-1289,-5156,1,1,0,1,0,-1,1,2,1
1290,5160,0,2,0,0,0,1,2,4,1
-1290,-5160,0,2,0,0,0,1,2,4,1
1291,5164,0,0,0,0,0,1,0,1,1
-1291,-1291,0,2,0,0,0,1,2,4,1
1293,1293,1,1,0,0,0,-1,1,2,1
-1293,-5172,1,1,0,1,0,-1,1,2,1
1294,5176,1,1,0,0,0,-1,1,2,1
-1294,-5176,1,1,0,1,0,-1,1,2,1
1295,5180,1,1,0,0,0,-1,1,2,1
-1295,-1295,1,1,0,1,0,-1,1,2,1
1297,1297,1,1,0,1,0,-1,1,2,1
-1297,-5188,1,1,0,0,0,-1,1,2,1
1298,5192,1,1,0,0,0,-1,1,2,1
-1298,-5192,0,0,0,0,0,1,0,1,1
1299,5196,0,0,0,0,0,1,0,1,1
-1299,-1299,0,0,0,0,0,1,0,1,1
1301,1301,0,0,0,0,0,1,0,1,1
-1301,-5204,0,0,0,0,0,1,0,1,1
1302,5208,0,0,0,0,0,1,0,1,1
-1302,-5208,0,0,0,0,0,1,0,1,1
1303,5212,0,0,0,0,0,1,0,1,1
-1303,-1303,0,0,0,0,0,1,0,1,1
1306,5224,1,1,0,0,0,-1,1,2,1
-1306,-5224,1,1,0,0,0,-1,1,2,1
1307,5228,0,0,2,0,0,1,2,4,1
-1307,-1307,0,0,0,0,0,1,0,1,1
1309,1309,1,1,0,1,0,-1,1,2,1
-1309,-5236,0,0,2,0,0,1,2,4,1
1310,5240,0,0,0,0,0,1,0,1,1
-1310,-5240,0,0,0,0,0,1,0,1,1
1311,5244,1,1,0,0,0,-1,1,2,1
-1311,-1311,1,1,0,1,0,-1,1,2,1
1313,1313,2,2,0,2,0,1,2,4,1
-1313,-5252,0,2,0,0,0,1,2,4,1
1315,5260,1,1,0,0,0,-1,1,2,1
-1315,-1315,1,1,0,0,0,-1,1,2,1
1317,1317,1,1,0,0,0,-1,1,2,1
-1317,-5268,1,1,0,1,0,-1,1,2,1
1318,5272,0,0,2,0,0,1,2,4,1
-1318,-5272,2,2,0,2,0,1,2,4,1
1319,5276,1,1,0,0,0,-1,1,2,1
-1319,-1319,1,1,0,1,0,-1,1,2,1
1321,1321,0,0,0,0,0,1,0,1,1
-1321,-5284,0,0,0,0,0,1,0,1,1
1322,5288,1,1,0,0,0,-1,1,2,1
-1322,-5288,1,1,0,1,0,-1,1,2,1
1326,5304,1,1,0,0,0,-1,1,2,1
-1326,-5304,1,1,0,1,0,-1,1,2,1
1327,5308,1,1,0,1,0,-1,1,2,1
-1327,-1327,1,1,0,1,0,-1,1,2,1
1329,1329,0,0,0,0,0,1,0,1,1
-1329,-5316,0,0,0,0,0,1,0,1,1
1330,5320,1,1,0,1,0,-1,1,2,1
-1330,-5320,1,1,0,1,0,-1,1,2,1
1333,1333,1,1,0,0,0,-1,1,2,1
-1333,-5332,1,1,0,1,0,-1,1,2,1
1334,5336,2,2,0,2,0,1,2,4,1
-1334,-5336,0,0,2,0,0,1,2,4,1
1335,5340,0,0,0,0,0,1,0,1,1
-1335,-1335,0,0,0,0,0,1,0,1,1
1337,1337,1,1,0,0,0,-1,1,2,1
-1337,-5348,1,1,0,1,0,-1,1,2,1
1338,5352,1,1,0,0,0,-1,1,2,1
-1338,-5352,1,1,0,0,0,-1,1,2,1
1339,5356,1,1,0,0,0,-1,1,2,1
-1339,-1339,1,1,0,1,0,-1,1,2,1
1342,5368,1,1,0,1,0,-1,1,2,1
-1342,-5368,2,2,0,2,0,1,2,4,1
1343,5372,0,0,0,0,0,1,0,1,1
-1343,-1343,0,0,0,0,0,1,0,1,1
1345,1345,2,2,0,2,0,1,2,4,1
-1345,-5380,0,2,0,0,0,1,2,4,1
1346,5384,0,0,2,0,0,1,2,4,1
-1346,-5384,0,0,2,0,0,1,2,4,1
1347,5388,0,0,0,0,0,1,0,1,1
-1347,-1347,0,0,0,0,0,1,0,1,1
1349,1349,1,1,0,0,0,-1,1,2,1
-1349,-5396,1,1,0,1,0,-1,1,2,1
1351,5404,0,0,0,0,0,1,0,1,1
-1351,-1351,0,0,0,0,0,1,0,1,1
1353,1353,1,1,0,1,0,-1,1,2,1
-1353,-5412,0,0,2,0,0,1,2,4,1
1354,5416,0,0,0,0,0,1,0,1,1
-1354,-5416,0,0,0,0,0,1,0,1,1
1355,5420,1,1,0,0,0,-1,1,2,1
-1355,-1355,1,1,0,1,0,-1,1,2,1
1357,1357,0,0,0,0,0,1,0,1,1
-1357,-5428,0,0,0,0,0,1,0,1,1
1358,5432,0,0,0,0,0,1,0,1,1
-1358,-5432,0,0,0,0,0,1,0,1,1
1361,1361,1,1,0,0,0,-1,1,2,1
-1361,-5444,1,1,0,1,0,-1,1,2,1
1362,5448,0,0,0,0,0,1,0,1,1
-1362,-5448,0,0,0,0,0,1,0,1,1
1363,5452,1,1,0,1,0,-1,1,2,1
-1363,-1363,1,1,0,1,0,-1,1,2,1
1365,1365,0,0,2,0,0,1,2,4,1
-1365,-5460,0,2,0,0,0,1,2,4,1
1366,5464,1,1,0,0,0,-1,1,2,1
-1366,-5464,1,1,0,1,0,-1,1,2,1
1367,5468,0,0,0,0,0,1,0,1,1
-1367,-1367,2,2,0,2,0,1,2,4,1
1370,5480,1,1,0,0,0,-1,1,2,1
-1370,-5480,1,1,0,1,0,-1,1,2,1
1371,5484,1,1,0,0,0,-1,1,2,1
-1371,-1371,1,1,0,1,0,-1,1,2,1
1373,1373,0,0,0,0,0,1,0,1,1
-1373,-5492,0,0,0,0,0,1,0,1,1
1374,5496,1,1,0,0,0,-1,1,2,1
-1374,-5496,1,1,0,1,0,-1,1,2,1
1378,5512,2,2,0,2,0,1,2,4,1
-1378,-5512,2,2,0,2,0,1,2,4,1
1379,5516,0,2,0,0,0,1,2,4,1
-1379,-1379,0,2,0,0,0,1,2,4,1
1381,1381,1,1,0,0,0,-1,1,2,1
-1381,-5524,1,1,0,0,0,-1,1,2,1
1382,5528,1,1,0,0,0,-1,1,2,1
-1382,-5528,1,1,0,1,0,-1,1,2,1
1383,5532,1,1,0,0,0,-1,1,2,1
-1383,-1383,1,1,0,1,0,-1,1,2,1
1385,1385,1,1,0,1,0,-1,1,2,1
-1385,-5540,1,1,0,1,0,-1,1,2,1
1387,5548,2,2,0,2,0,1,2,4,1
-1387,-1387,0,2,0,0,0,1,2,4,1
1389,1389,0,0,0,0,0,1,0,1,1
-1389,-5556,0,0,0,0,0,1,0,1,1
1390,5560,0,0,0,0,0,1,0,1,1
-1390,-5560,0,0,0,0,0,1,0,1,1
1391,5564,0,0,0,0,0,1,0,1,1
-1391,-1391,0,0,0,0,0,1,0,1,1
1393,1393,3,3,0,3,0,-1,3,8,1
-1393,-5572,1,1,0,1,0,-1,1,2,1
1394,5576,1,1,0,0,0,-1,1,2,1
-1394,-5576,1,1,0,1,0,-1,1,2,1
1397,1397,1,1,0,0,0,-1,1,2,1
-1397,-5588,0,0,2,0,0,1,2,4,1
1398,5592,0,0,2,0,0,1,2,4,1
-1398,-5592,2,2,0,1,0,1,2,4,1
1399,5596,1,1,0,0,0,-1,1,2,1
-1399,-1399,1,1,0,1,0,-1,1,2,1
1401,1401,0,0,0,0,0,1,0,1,1
-1401,-5604,0,0,0,0,0,1,0,1,1
1402,5608,0,0,0,0,0,1,0,1,1
-1402,-5608,0,0,0,0,0,1,0,1,1
1403,5612,1,1,0,0,0,-1,1,2,1
-1403,-1403,1,1,0,1,0,-1,1,2,1
1405,1405,1,1,0,0,0,-1,1,2,1
-1405,-5620,1,1,0,1,0,-1,1,2,1
1406,5624,0,0,0,0,0,1,0,1,1
-1406,-5624,0,0,0,0,0,1,0,1,1
1407,5628,1,1,0,0,0,-1,1,2,1
-1407,-1407,1,1,0,1,0,-1,1,2,1
1409,1409,0,0,0,0,0,1,0,1,1
-1409,-5636,0,0,0,0,0,1,0,1,1
1410,5640,1,1,0,0,0,-1,1,2,1
-1410,-5640,1,1,0,1,0,-1,1,2,1
1411,5644,2,2,0,2,0,1,2,4,1
-1411,-1411,0,2,0,0,0,1,2,4,1
1414,5656,1,1,0,0,0,-1,1,2,1
-1414,-5656,1,1,0,1,0,-1,1,2,1
1415,5660,1,1,0,0,0,-1,1,2,1
-1415,-1415,1,1,0,1,0,-1,1,2,1
1417,1417,0,0,0,0,0,1,0,1,1
-1417,-5668,0,0,0,0,0,1,0,1,1
1418,5672,1,1,0,0,0,-1,1,2,1
-1418,-5672,1,1,0,1,0,-1,1,2,1
1419,5676,1,1,0,0,0,-1,1,2,1
-1419,-1419,0,0,0,0,0,1,0,1,1
1423,5692,0,0,0,0,0,1,0,1,1
-1423,-1423,0,0,0,0,0,1,0,1,1
1426,5704,1,1,0,0,0,-1,1,2,1
-1426,-5704,1,1,0,1,0,-1,1,2,1
1427,5708,1,1,0,0,0,-1,1,2,1
-1427,-1427,1,1,0,1,0,-1,1,2,1
1429,1429,1,1,0,1,0,-1,1,2,1
-1429,-5716,1,1,0,0,0,-1,1,2,1
1430,5720,1,1,0,1,0,-1,1,2,1
-1430,-5720,0,0,0,0,0,1,0,1,1
1433,1433,0,0,0,0,0,1,0,1,1
-1433,-5732,0,0,0,0,0,1,0,1,1
1434,5736,0,2,0,0,0,1,2,4,1
-1434,-5736,0,0,2,0,0,1,2,4,1
1435,5740,0,0,0,0,0,1,0,1,1
-1435,-1435,0,0,0,0,0,1,0,1,1
1437,1437,1,1,0,0,0,-1,1,2,1
-1437,-5748,1,1,0,1,0,-1,1,2,1
1438,5752,1,1,0,0,0,-1,1,2,1
-1438,-5752,1,1,0,1,0,-1,1,2,1
1439,5756,0,0,2,0,0,1,2,4,1
-1439,-1439,0,0,0,0,0,1,0,1,1
1441,1441,1,1,0,1,0,-1,1,2,1
-1441,-5764,0,0,0,0,0,1,0,1,1
1442,5768,0,0,0,0,0,1,0,1,1
-1442,-5768,0,0,2,0,0,1,2,4,1
1443,5772,1,1,0,0,0,-1,1,2,1
-1443,-1443,1,1,0,1,0,-1,1,2,1
1446,5784,0,0,2,0,0,1,2,4,1
-1446,-5784,0,0,2,0,0,1,2,4,1
1447,5788,1,1,0,0,0,-1,1,2,1
-1447,-1447,1,1,0,1,0,-1,1,2,1
1451,5804,1,1,0,0,0,-1,1,2,1
-1451,-1451,1,1,0,1,0,-1,1,2,1
1453,1453,0,0,0,0,0,1,0,1,1
-1453,-5812,0,0,0,0,0,1,0,1,1
1454,5816,1,1,0,0,0,-1,1,2,1
-1454,-5816,1,1,0,1,0,-1,1,2,1
1455,5820,0,0,0,0,0,1,0,1,1
-1455,-1455,0,0,0,0,0,1,0,1,1
1457,1457,2,2,0,2,0,1,2,4,1
-1457,-5828,0,0,0,0,0,1,0,1,1
1459,5836,1,1,0,0,0,-1,1,2,1
-1459,-1459,1,1,0,0,0,-1,1,2,1
1461,1461,0,0,0,0,0,1,0,1,1
-1461,-5844,0,0,0,0,0,1,0,1,1
1462,5848,1,1,0,0,0,-1,1,2,1
-1462,-5848,1,1,0,1,0,-1,1,2,1
1463,5852,1,1,0,1,0,-1,1,2,1
-1463,-1463,0,0,0,0,0,1,0,1,1
1465,1465,1,1,0,0,0,-1,1,2,1
-1465,-5860,1,1,0,0,0,-1,1,2,1
1466,5864,0,0,2,0,0,1,2,4,1
-1466,-5864,0,0,2,0,0,1,2,4,1
1469,1469,1,1,0,0,0,-1,1,2,1
-1469,-5876,1,1,0,1,0,-1,1,2,1
1471,5884,1,1,0,0,0,-1,1,2,1
-1471,-1471,1,1,0,1,0,-1,1,2,1
1473,1473,1,1,0,0,0,-1,1,2,1
-1473,-5892,1,1,0,1,0,-1,1,2,1
1474,5896,1,1,0,1,0,-1,1,2,1
-1474,-5896,0,0,0,0,0,1,0,1,1
1477,1477,0,0,0,0,0,1,0,1,1
-1477,-5908,0,0,0,0,0,1,0,1,1
1478,5912,0,0,2,0,0,1,2,4,1
-1478,-5912,2,2,0,2,0,1,2,4,1
1479,5916,0,0,0,0,0,1,0,1,1
-1479,-1479,0,0,0,0,0,1,0,1,1
1481,1481,1,1,0,0,0,-1,1,2,1
-1481,-5924,1,1,0,1,0,-1,1,2,1
1482,5928,1,1,0,0,0,-1,1,2,1
-1482,-5928,1,1,0,1,0,-1,1,2,1
1483,5932,0,0,0,0,0,1,0,1,1
-1483,-1483,0,0,0,0,0,1,0,1,1
1486,5944,2,2,0,2,0,1,2,4,1
-1486,-5944,2,2,0,1,0,1,2,4,1
1487,5948,1,1,0,0,0,-1,1,2,1
-1487,-1487,1,1,0,1,0,-1,1,2,1
1489,1489,0,0,0,0,0,1,0,1,1
-1489,-5956,0,0,0,0,0,1,0,1,1
1490,5960,0,0,0,0,0,1,0,1,1
-1490,-5960,0,0,0,0,0,1,0,1,1
1491,5964,1,1,0,0,0,-1,1,2,1
-1491,-1491,1,1,0,1,0,-1,1,2,1
1493,1493,1,1,0,1,0,-1,1,2,1
-1493,-5972,1,1,0,1,0,-1,1,2,1
1495,5980,1,1,0,0,0,-1,1,2,1
-1495,-1495,1,1,0,1,0,-1,1,2,1
1497,1497,0,0,0,0,0,1,0,1,1
-1497,-5988,2,2,0,2,0,1,2,4,1
1498,5992,1,1,0,0,0,-1,1,2,1
-1498,-5992,1,1,0,1,0,-1,1,2,1
1499,5996,0,0,0,0,0,1,0,1,1
-1499,-1499,0,0,0,0,0,1,0,1,1
1501,1501,0,0,0,0,0,1,0,1,1
-1501,-6004,0,0,0,0,0,1,0,1,1
1502,6008,1,1,0,0,0,-1,1,2,1
-1502,-6008,1,1,0,1,0,-1,1,2,1
1505,1505,0,0,0,0,0,1,0,1,1
-1505,-6020,0,0,0,0,0,1,0,1,1
1506,6024,1,1,0,0,0,-1,1,2,1
-1506,-6024,1,1,0,0,0,-1,1,2,1
1507,6028,1,1,0,0,0,-1,1,2,1
-1507,-1507,0,0,0,0,0,1,0,1,1
1509,1509,1,1,0,0,0,-1,1,2,1
-1509,-6036,1,1,0,0,0,-1,1,2,1
1510,6040,0,0,2,0,0,1,2,4,1
-1510,-6040,0,2,0,0,0,1,2,4,1
1511,6044,0,0,0,0,0,1,0,1,1
-1511,-1511,0,0,0,0,0,1,0,1,1
1513,1513,1,1,0,1,0,-1,1,2,1
-1513,-6052,1,1,0,1,0,-1,1,2,1
1514,6056,1,1,0,0,0,-1,1,2,1
-1514,-6056,1,1,0,1,0,-1,1,2,1
1515,6060,1,1,0,1,0,-1,1,2,1
-1515,-1515,1,1,0,1,0,-1,1,2,1
1517,1517,1,1,0,0,0,-1,1,2,1
-1517,-6068,1,1,0,1,0,-1,1,2,1
1518,6072,1,1,0,0,0,-1,1,2,1
-1518,-6072,0,0,0,0,0,1,0,1,1
1522,6088,0,0,0,0,0,1,0,1,1
-1522,-6088,0,0,0,0,0,1,0,1,1
1523,6092,0,0,0,0,0,1,0,1,1
-1523,-1523,0,0,0,0,0,1,0,1,1
1526,6104,1,1,0,0,0,-1,1,2,1
-1526,-6104,1,1,0,1,0,-1,1,2,1
1527,6108,0,0,0,0,0,1,0,1,1
-1527,-1527,0,0,0,0,0,1,0,1,1
1529,1529,1,1,0,0,0,-1,1,2,1
-1529,-6116,0,0,0,0,0,1,0,1,1
1531,6124,1,1,0,0,0,-1,1,2,1
-1531,-1531,1,1,0,1,0,-1,1,2,1
1533,1533,0,0,0,0,0,1,0,1,1
-1533,-6132,0,0,0,0,0,1,0,1,1
1534,6136,0,0,0,0,0,1,0,1,1
-1534,-6136,0,0,0,0,0,1,0,1,1
1535,6140,1,1,0,0,0,-1,1,2,1
-1535,-1535,1,1,0,1,0,-1,1,2,1
1537,1537,1,1,0,1,0,-1,1,2,1
-1537,-6148,1,1,0,1,0,-1,1,2,1
1538,6152,0,0,0,0,0,1,0,1,1
-1538,-6152,0,0,0,0,0,1,0,1,1
1541,1541,0,0,0,0,0,1,0,1,1
-1541,-6164,0,0,0,0,0,1,0,1,1
1542,6168,1,1,0,1,0,-1,1,2,1
-1542,-6168,1,1,0,1,0,-1,1,2,1
1543,6172,2,2,0,2,0,1,2,4,1
-1543,-1543,0,0,0,0,0,1,0,1,1
1545,1545,0,0,0,0,0,1,0,1,1
-1545,-6180,0,2,0,0,0,1,2,4,1
1546,6184,1,1,2,0,0,-1,3,8,1
-1546,-6184,1,1,2,1,0,-1,3,8,1
1547,6188,1,1,0,0,0,-1,1,2,1
-1547,-1547,1,1,0,1,0,-1,1,2,1
1549,1549,0,0,0,0,0,1,0,1,1
-1549,-6196,0,0,0,0,0,1,0,1,1
1551,6204,1,1,0,0,0,-1,1,2,1
-1551,-1551,0,0,0,0,0,1,0,1,1
1553,1553,1,1,0,1,0,-1,1,2,1
-1553,-6212,1,1,0,1,0,-1,1,2,1
1554,6216,0,0,0,0,0,1,0,1,1
-1554,-6216,0,0,0,0,0,1,0,1,1
1555,6220,0,0,2,0,0,1,2,4,1
-1555,-1555,0,0,0,0,0,1,0,1,1
1558,6232,1,1,0,1,0,-1,1,2,1
-1558,-6232,1,1,0,1,0,-1,1,2,1
1559,6236,1,1,0,0,0,-1,1,2,1
-1559,-1559,1,1,0,1,0,-1,1,2,1
1561,1561,1,1,0,0,0,-1,1,2,1
-1561,-6244,1,1,0,0,0,-1,1,2,1
1562,6248,1,1,0,1,0,-1,1,2,1
-1562,-6248,0,0,0,0,0,1,0,1,1
1563,6252,0,0,0,0,0,1,0,1,1
-1563,-1563,0,0,0,0,0,1,0,1,1
1565,1565,0,0,0,0,0,1,0,1,1
-1565,-6260,0,0,0,0,0,1,0,1,1
1567,6268,0,0,0,0,0,1,0,1,1
-1567,-1567,2,2,0,2,0,1,2,4,1
1569,1569,1,1,0,0,0,-1,1,2,1
-1569,-6276,1,1,0,0,0,-1,1,2,1
1570,6280,1,1,0,0,0,-1,1,2,1
-1570,-6280,1,1,0,0,0,-1,1,2,1
1571,6284,0,0,0,0,0,1,0,1,1
-1571,-1571,0,0,2,0,0,1,2,4,1
1574,6296,2,2,0,2,0,1,2,4,1
-1574,-6296,0,2,0,0,0,1,2,4,1
1577,1577,0,0,0,0,0,1,0,1,1
-1577,-6308,0,0,0,0,0,1,0,1,1
1578,6312,0,0,0,0,0,1,0,1,1
-1578,-6312,0,0,0,0,0,1,0,1,1
1579,6316,1,1,0,0,0,-1,1,2,1
-1579,-1579,1,1,0,1,0,-1,1,2,1
1581,1581,1,1,0,0,0,-1,1,2,1
-1581,-6324,1,1,0,1,0,-1,1,2,1
1582,6328,0,0,0,0,0,1,0,1,1
-1582,-6328,0,0,0,0,0,1,0,1,1
1583,6332,1,1,0,0,0,-1,1,2,1
-1583,-1583,1,1,0,1,0,-1,1,2,1
1585,1585,0,0,0,0,0,1,0,1,1
-1585,-6340,0,0,0,0,0,1,0,1,1
1586,6344,1,1,0,0,0,-1,1,2,1
-1586,-6344,1,1,0,1,0,-1,1,2,1
1589,1589,0,0,0,0,0,1,0,1,1
-1589,-6356,0,0,0,0,0,1,0,1,1
1590,6360,1,1,0,0,0,-1,1,2,1
-1590,-6360,1,1,0,1,0,-1,1,2,1
1591,6364,1,1,0,0,0,-1,1,2,1
-1591,-1591,1,1,0,1,0,-1,1,2,1
1594,6376,1,1,0,0,0,-1,1,2,1
-1594,-6376,1,1,0,1,0,-1,1,2,1
1595,6380,1,1,0,0,0,-1,1,2,1
-1595,-1595,0,0,2,0,0,1,2,4,1
1597,1597,1,1,0,0,0,-1,1,2,1
-1597,-6388,1,1,0,0,0,-1,1,2,1
1598,6392,0,0,2,0,0,1,2,4,1
-1598,-6392,0,0,0,0,0,1,0,1,1
1599,6396,0,0,0,0,0,1,0,1,1
-1599,-1599,0,0,0,0,0,1,0,1,1
1601,1601,1,1,0,0,0,-1,1,2,1
-1601,-6404,1,1,0,1,0,-1,1,2,1
1603,6412,1,1,0,0,0,-1,1,2,1
-1603,-1603,1,1,0,0,0,-1,1,2,1
1605,1605,1,1,0,0,0,-1,1,2,1
-1605,-6420,1,1,0,0,0,-1,1,2,1
1606,6424,1,1,0,0,0,-1,1,2,1
-1606,-6424,0,0,0,0,0,1,0,1,1
1607,6428,0,0,0,0,0,1,0,1,1
-1607,-1607,0,0,0,0,0,1,0,1,1
1609,1609,0,0,0,0,0,1,0,1,1
-1609,-6436,0,0,0,0,0,1,0,1,1
1610,6440,0,0,0,0,0,1,0,1,1
-1610,-6440,0,0,0,0,0,1,0,1,1
1613,1613,1,1,0,0,0,-1,1,2,1
-1613,-6452,1,1,0,1,0,-1,1,2,1
1614,6456,1,1,0,1,0,-1,1,2,1
-1614,-6456,1,1,0,1,0,-1,1,2,1
1615,6460,0,0,0,0,0,1,0,1,1
-1615,-1615,0,0,0,0,0,1,0,1,1
1618,6472,0,0,0,0,0,1,0,1,1
-1618,-6472,0,0,0,0,0,1,0,1,1
1619,6476,1,1,0,0,0,-1,1,2,1
-1619,-1619,1,1,0,1,0,-1,1,2,1
1621,1621,0,0,2,0,0,1,2,4,1
-1621,-6484,0,0,2,0,0,1,2,4,1
1622,6488,0,2,0,0,0,1,2,4,1
-1622,-6488,2,2,0,2,0,1,2,4,1
1623,6492,1,1,0,0,0,-1,1,2,1
-1623,-1623,1,1,0,1,0,-1,1,2,1
1626,6504,0,0,0,0,0,1,0,1,1
-1626,-6504,0,0,0,0,0,1,0,1,1
1627,6508,1,1,0,0,0,-1,1,2,1
-1627,-1627,1,1,0,1,0,-1,1,2,1
1630,6520,1,1,0,1,0,-1,1,2,1
-1630,-6520,1,1,0,1,0,-1,1,2,1
1631,6524,0,0,0,0,0,1,0,1,1
-1631,-1631,0,0,0,0,0,1,0,1,1
1633,1633,0,0,0,0,0,1,0,1,1
-1633,-6532,0,0,0,0,0,1,0,1,1
1634,6536,1,1,0,0,0,-1,1,2,1
-1634,-6536,1,1,0,1,0,-1,1,2,1
1635,6540,1,1,0,0,0,-1,1,2,1
-1635,-1635,1,1,0,0,0,-1,1,2,1
1637,1637,0,0,0,0,0,1,0,1,1
-1637,-6548,0,0,0,0,0,1,0,1,1
1639,6556,1,1,0,0,0,-1,1,2,1
-1639,-1639,0,0,0,0,0,1,0,1,1
1641,1641,1,1,0,1,0,-1,1,2,1
-1641,-6564,1,1,0,1,0,-1,1,2,1
1642,6568,0,0,2,0,0,1,2,4,1
-1642,-6568,0,2,0,0,0,1,2,4,1
1643,6572,0,0,2,0,0,1,2,4,1
-1643,-1643,2,2,0,2,0,1,2,4,1
1645,1645,1,1,0,1,0,-1,1,2,1
-1645,-6580,1,1,0,1,0,-1,1,2,1
1646,6584,1,1,0,0,0,-1,1,2,1
-1646,-6584,1,1,0,1,0,-1,1,2,1
1649,1649,1,1,0,0,0,-1,1,2,1
-1649,-6596,1,1,0,1,0,-1,1,2,1
1651,6604,0,2,0,0,0,1,2,4,1
-1651,-1651,0,0,2,0,0,1,2,4,1
1653,1653,0,0,0,0,0,1,0,1,1
-1653,-6612,0,0,0,0,0,1,0,1,1
1654,6616,0,0,0,0,0,1,0,1,1
-1654,-6616,0,0,0,0,0,1,0,1,1
1655,6620,0,0,0,0,0,1,0,1,1
-1655,-1655,0,0,0,0,0,1,0,1,1
1657,1657,1,1,0,1,0,-1,1,2,1
-1657,-6628,1,1,0,1,0,-1,1,2,1
1658,6632,1,1,0,0,0,-1,1,2,1
-1658,-6632,1,1,0,1,0,-1,1,2,1
1659,6636,0,2,0,0,0,1,2,4,1
-1659,-1659,0,0,2,0,0,1,2,4,1
1661,1661,1,1,0,0,0,-1,1,2,1
-1661,-6644,0,0,0,0,0,1,0,1,1
1662,6648,0,2,0,0,0,1,2,4,1
-1662,-6648,2,2,0,2,0,1,2,4,1
1663,6652,1,1,0,0,0,-1,1,2,1
-1663,-1663,1,1,0,1,0,-1,1,2,1
1667,6668,1,1,0,0,0,-1,1,2,1
-1667,-1667,1,1,0,1,0,-1,1,2,1
1669,1669,1,1,0,0,0,-1,1,2,1
-1669,-6676,1,1,0,1,0,-1,1,2,1
1670,6680,0,0,0,0,0,1,0,1,1
-1670,-6680,0,0,0,0,0,1,0,1,1
1671,6684,1,1,0,0,0,-1,1,2,1
-1671,-1671,1,1,0,1,0,-1,1,2,1
1673,1673,0,0,0,0,0,1,0,1,1
-1673,-6692,0,0,0,0,0,1,0,1,1
1677,1677,0,0,0,0,0,1,0,1,1
-1677,-6708,0,0,0,0,0,1,0,1,1
1678,6712,1,1,0,0,0,-1,1,2,1
-1678,-6712,1,1,0,1,0,-1,1,2,1
1679,6716,1,1,0,0,0,-1,1,2,1
-1679,-1679,1,1,0,1,0,-1,1,2,1
1685,1685,1,1,0,0,0,-1,1,2,1
-1685,-6740,1,1,0,1,0,-1,1,2,1
1686,6744,0,0,2,0,0,1,2,4,1
-1686,-6744,0,2,0,0,0,1,2,4,1
1687,6748,0,0,2,0,0,1,2,4,1
-1687,-1687,0,0,2,0,0,1,2,4,1
1689,1689,1,1,0,0,0,-1,1,2,1
-1689,-6756,1,1,0,0,0,-1,1,2,1
1691,6764,1,1,0,0,0,-1,1,2,1
-1691,-1691,1,1,0,0,0,-1,1,2,1
1693,1693,1,1,0,0,0,-1,1,2,1
-1693,-6772,1,1,0,1,0,-1,1,2,1
1695,6780,0,0,0,0,0,1,0,1,1
-1695,-1695,0,0,0,0,0,1,0,1,1
1697,1697,2,2,0,2,0,1,2,4,1
-1697,-6788,0,0,2,0,0,1,2,4,1
1698,6792,0,0,2,0,0,1,2,4,1
-1698,-6792,0,2,0,0,0,1,2,4,1
1699,6796,0,2,0,0,0,1,2,4,1
-1699,-1699,0,0,0,0,0,1,0,1,1
1702,6808,1,1,0,0,0,-1,1,2,1
-1702,-6808,1,1,0,1,0,-1,1,2,1
1703,6812,0,0,2,0,0,1,2,4,1
-1703,-1703,0,0,2,0,0,1,2,4,1
1705,1705,1,1,0,1,0,-1,1,2,1
-1705,-6820,0,0,0,0,0,1,0,1,1
1706,6824,0,0,2,0,0,1,2,4,1
-1706,-6824,0,0,2,0,0,1,2,4,1
1707,6828,1,1,0,0,0,-1,1,2,1
-1707,-1707,1,1,0,1,0,-1,1,2,1
1709,1709,0,0,0,0,0,1,0,1,1
-1709,-6836,0,0,0,0,0,1,0,1,1
1711,6844,1,1,0,0,0,-1,1,2,1
-1711,-1711,1,1,0,1,0,-1,1,2,1
1713,1713,1,1,0,0,0,-1,1,2,1
-1713,-6852,1,1,0,1,0,-1,1,2,1
1714,6856,0,0,2,0,0,1,2,4,1
-1714,-6856,2,2,0,2,0,1,2,4,1
1717,1717,0,0,0,0,0,1,0,1,1
-1717,-6868,0,0,0,0,0,1,0,1,1
1718,6872,1,1,0,1,0,-1,1,2,1
-1718,-6872,1,1,0,1,0,-1,1,2,1
1721,1721,0,0,0,0,0,1,0,1,1
-1721,-6884,0,0,0,0,0,1,0,1,1
1722,6888,1,1,0,0,0,-1,1,2,1
-1722,-6888,1,1,0,1,0,-1,1,2,1
1723,6892,1,1,0,0,0,-1,1,2,1
-1723,-1723,1,1,0,1,0,-1,1,2,1
1726,6904,1,1,0,1,0,-1,1,2,1
-1726,-6904,1,1,0,1,0,-1,1,2,1
1727,6908,1,1,0,0,0,-1,1,2,1
-1727,-1727,0,0,0,0,0,1,0,1,1
1729,1729,1,1,0,1,0,-1,1,2,1
-1729,-6916,1,1,0,1,0,-1,1,2,1
1730,6920,0,0,2,0,0,1,2,4,1
-1730,-6920,0,2,0,0,0,1,2,4,1
1731,6924,0,0,0,0,0,1,0,1,1
-1731,-1731,0,0,0,0,0,1,0,1,1
1733,1733,1,1,0,0,0,-1,1,2,1
-1733,-6932,1,1,0,1,0,-1,1,2,1
1735,6940,1,1,0,0,0,-1,1,2,1
-1735,-1735,1,1,0,1,0,-1,1,2,1
1738,6952,1,1,0,1,0,-1,1,2,1
-1738,-6952,0,0,2,0,0,1,2,4,1
1739,6956,0,0,0,0,0,1,0,1,1
-1739,-1739,2,2,0,2,0,1,2,4,1
1741,1741,0,0,0,0,0,1,0,1,1
-1741,-6964,0,0,0,0,0,1,0,1,1
1742,6968,0,0,0,0,0,1,0,1,1
-1742,-6968,0,0,0,0,0,1,0,1,1
1743,6972,0,0,0,0,0,1,0,1,1
-1743,-1743,0,0,0,0,0,1,0,1,1
1745,1745,1,1,0,0,0,-1,1,2,1
-1745,-6980,1,1,0,1,0,-1,1,2,1
1747,6988,0,0,0,0,0,1,0,1,1
-1747,-1747,0,0,0,0,0,1,0,1,1
1749,1749,1,1,0,0,0,-1,1,2,1
-1749,-6996,2,2,0,2,0,1,2,4,1
1751,7004,1,1,0,0,0,-1,1,2,1
-1751,-1751,1,1,0,1,0,-1,1,2,1
1753,1753,2,2,0,2,0,1,2,4,1
-1753,-7012,2,2,0,1,0,1,2,4,1
1754,7016,0,0,0,0,0,1,0,1,1
-1754,-7016,0,0,0,0,0,1,0,1,1
1757,1757,1,1,0,0,0,-1,1,2,1
-1757,-7028,1,1,0,1,0,-1,1,2,1
1758,7032,0,0,0,0,0,1,0,1,1
-1758,-7032,0,0,0,0,0,1,0,1,1
1759,7036,1,1,0,0,0,-1,1,2,1
-1759,-1759,1,1,0,1,0,-1,1,2,1
1761,1761,0,0,0,0,0,1,0,1,1
-1761,-7044,2,2,0,2,0,1,2,4,1
1762,7048,1,1,0,0,0,-1,1,2,1
-1762,-7048,1,1,0,1,0,-1,1,2,1
1763,7052,0,0,2,0,0,1,2,4,1
-1763,-1763,0,0,2,0,0,1,2,4,1
1765,1765,0,0,0,0,0,1,0,1,1
-1765,-7060,0,0,0,0,0,1,0,1,1
1766,7064,3,3,0,3,0,-1,3,8,1
-1766,-7064,1,1,0,1,0,-1,1,2,1
1767,7068,1,1,0,0,0,-1,1,2,1
-1767,-1767,1,1,0,1,0,-1,1,2,1
1769,1769,0,0,0,0,0,1,0,1,1
-1769,-7076,0,0,0,0,0,1,0,1,1
1770,7080,1,1,0,0,0,-1,1,2,1
-1770,-7080,1,1,0,1,0,-1,1,2,1
1771,7084,1,1,0,0,0,-1,1,2,1
-1771,-1771,0,0,0,0,0,1,0,1,1
1774,7096,2,2,0,2,0,1,2,4,1
-1774,-7096,0,2,0,0,0,1,2,4,1
1777,1777,1,1,0,1,0,-1,1,2,1
-1777,-7108,1,1,0,0,0,-1,1,2,1
1778,7112,1,1,0,0,0,-1,1,2,1
-1778,-7112,1,1,0,1,0,-1,1,2,1
1779,7116,1,1,0,0,0,-1,1,2,1
-1779,-1779,1,1,0,0,0,-1,1,2,1
1781,1781,1,1,0,0,0,-1,1,2,1
-1781,-7124,1,1,0,1,0,-1,1,2,1
1783,7132,0,0,0,0,0,1,0,1,1
-1783,-1783,0,0,0,0,0,1,0,1,1
1785,1785,0,0,2,0,0,1,2,4,1
-1785,-7140,0,0,2,0,0,1,2,4,1
1786,7144,0,0,0,0,0,1,0,1,1
-1786,-7144,2,2,0,2,0,1,2,4,1
1787,7148,0,0,0,0,0,1,0,1,1
-1787,-1787,0,0,0,0,0,1,0,1,1
1789,1789,1,1,0,0,0,-1,1,2,1
-1789,-7156,1,1,0,0,0,-1,1,2,1
1790,7160,1,1,0,0,0,-1,1,2,1
-1790,-7160,1,1,0,1,0,-1,1,2,1
1793,1793,1,1,0,1,0,-1,1,2,1
-1793,-7172,0,0,2,0,0,1,2,4,1
1794,7176,0,0,0,0,0,1,0,1,1
-1794,-7176,0,0,0,0,0,1,0,1,1
1795,7180,1,1,0,0,0,-1,1,2,1
-1795,-1795,1,1,0,1,0,-1,1,2,1
1797,1797,0,0,0,0,0,1,0,1,1
-1797,-7188,0,2,0,0,0,1,2,4,1
1798,7192,0,0,2,0,0,1,2,4,1
-1798,-7192,2,2,0,2,0,1,2,4,1
1799,7196,1,1,2,0,0,-1,3,8,1
-1799,-1799,3,3,0,3,0,-1,3,8,1
1801,1801,1,1,0,0,0,-1,1,2,1
-1801,-7204,1,1,0,0,0,-1,1,2,1
1802,7208,0,0,0,0,0,1,0,1,1
-1802,-7208,0,0,0,0,0,1,0,1,1
1803,7212,1,1,0,1,0,-1,1,2,1
-1803,-1803,1,1,0,1,0,-1,1,2,1
1806,7224,1,1,0,0,0,-1,1,2,1
-1806,-7224,1,1,0,1,0,-1,1,2,1
1807,7228,2,2,0,2,0,1,2,4,1
-1807,-1807,0,0,2,0,0,1,2,4,1
1810,7240,1,1,0,0,0,-1,1,2,1
-1810,-7240,1,1,0,0,0,-1,1,2,1
1811,7244,1,1,0,0,0,-1,1,2,1
-1811,-1811,1,1,0,1,0,-1,1,2,1
1814,7256,1,1,0,0,0,-1,1,2,1
-1814,-7256,1,1,0,1,0,-1,1,2,1
1817,1817,1,1,0,0,0,-1,1,2,1
-1817,-7268,1,1,0,0,0,-1,1,2,1
1819,7276,0,0,0,0,0,1,0,1,1
-1819,-1819,0,0,0,0,0,1,0,1,1
1821,1821,1,1,0,0,0,-1,1,2,1
-1821,-7284,1,1,0,0,0,-1,1,2,1
1822,7288,1,1,0,0,0,-1,1,2,1
-1822,-7288,1,1,0,1,0,-1,1,2,1
1823,7292,1,1,0,0,0,-1,1,2,1
-1823,-1823,1,1,0,1,0,-1,1,2,1
1826,7304,1,1,0,0,0,-1,1,2,1
-1826,-7304,0,0,2,0,0,1,2,4,1
1829,1829,0,0,0,0,0,1,0,1,1
-1829,-7316,0,0,0,0,0,1,0,1,1
1830,7320,2,2,0,1,0,1,2,4,1
-1830,-7320,0,2,0,0,0,1,2,4,1
1831,7324,0,0,0,0,0,1,0,1,1
-1831,-1831,0,0,0,0,0,1,0,1,1
1833,1833,1,1,0,1,0,-1,1,2,1
-1833,-7332,1,1,0,1,0,-1,1,2,1
1834,7336,1,1,0,0,0,-1,1,2,1
-1834,-7336,1,1,0,1,0,-1,1,2,1
1835,7340,0,0,0,0,0,1,0,1,1
-1835,-1835,0,0,0,0,0,1,0,1,1
1837,1837,1,1,0,0,0,-1,1,2,1
-1837,-7348,0,0,2,0,0,1,2,4,1
1838,7352,2,2,0,2,0,1,2,4,1
-1838,-7352,0,0,2,0,0,1,2,4,1
1839,7356,1,1,0,0,0,-1,1,2,1
-1839,-1839,1,1,0,1,0,-1,1,2,1
1841,1841,2,2,0,2,0,1,2,4,1
-1841,-7364,0,2,0,0,0,1,2,4,1
1842,7368,0,0,0,0,0,1,0,1,1
-1842,-7368,0,0,0,0,0,1,0,1,1
1843,7372,1,1,0,0,0,-1,1,2,1
-1843,-1843,1,1,0,0,0,-1,1,2,1
1846,7384,0,0,0,0,0,1,0,1,1
-1846,-7384,0,0,0,0,0,1,0,1,1
1847,7388,1,1,0,0,0,-1,1,2,1
-1847,-1847,1,1,0,1,0,-1,1,2,1
1851,7404,0,0,0,0,0,1,0,1,1
-1851,-1851,0,0,0,0,0,1,0,1,1
1853,1853,0,0,0,0,0,1,0,1,1
-1853,-7412,0,0,0,0,0,1,0,1,1
1855,7420,1,1,0,1,0,-1,1,2,1
-1855,-1855,1,1,0,1,0,-1,1,2,1
1857,1857,0,0,0,0,0,1,0,1,1
-1857,-7428,0,0,0,0,0,1,0,1,1
1858,7432,1,1,0,0,0,-1,1,2,1
-1858,-7432,1,1,0,1,0,-1,1,2,1
1861,1861,1,1,0,0,0,-1,1,2,1
-1861,-7444,1,1,0,1,0,-1,1,2,1
1865,1865,1,1,0,0,0,-1,1,2,1
-1865,-7460,1,1,0,1,0,-1,1,2,1
1866,7464,1,1,0,0,0,-1,1,2,1
-1866,-7464,1,1,0,1,0,-1,1,2,1
1867,7468,1,1,0,0,0,-1,1,2,1
-1867,-1867,1,1,0,1,0,-1,1,2,1
1869,1869,1,1,0,0,0,-1,1,2,1
-1869,-7476,1,1,0,0,0,-1,1,2,1
1870,7480,1,1,0,1,0,-1,1,2,1
-1870,-7480,0,0,0,0,0,1,0,1,1
1871,7484,0,0,0,0,0,1,0,1,1
-1871,-1871,0,0,0,0,0,1,0,1,1
1873,1873,0,0,0,0,0,1,0,1,1
-1873,-7492,0,0,0,0,0,1,0,1,1
1874,7496,0,0,0,0,0,1,0,1,1
-1874,-7496,0,0,0,0,0,1,0,1,1
1877,1877,1,1,0,0,0,-1,1,2,1
-1877,-7508,1,1,0,0,0,-1,1,2,1
1878,7512,1,1,0,0,0,-1,1,2,1
-1878,-7512,1,1,0,1,0,-1,1,2,1
1879,7516,0,0,0,0,0,1,0,1,1
-1879,-1879,0,0,0,0,0,1,0,1,1
1882,7528,2,2,0,2,0,1,2,4,1
-1882,-7528,0,0,2,0,0,1,2,4,1
1883,7532,1,1,0,0,0,-1,1,2,1
-1883,-1883,1,1,0,1,0,-1,1,2,1
1885,1885,0,0,0,0,0,1,0,1,1
-1885,-7540,0,0,0,0,0,1,0,1,1
1886,7544,0,0,0,0,0,1,0,1,1
-1886,-7544,0,0,0,0,0,1,0,1,1
1887,7548,1,1,0,0,0,-1,1,2,1
-1887,-1887,1,1,0,1,0,-1,1,2,1
1889,1889,1,1,0,0,0,-1,1,2,1
-1889,-7556,1,1,0,0,0,-1,1,2,1
1891,7564,1,1,0,0,0,-1,1,2,1
-1891,-1891,1,1,0,1,0,-1,1,2,1
1893,1893,0,0,0,0,0,1,0,1,1
-1893,-7572,0,0,0,0,0,1,0,1,1
1894,7576,1,1,0,0,0,-1,1,2,1
-1894,-7576,1,1,0,0,0,-1,1,2,1
1895,7580,0,0,0,0,0,1,0,1,1
-1895,-1895,0,0,0,0,0,1,0,1,1
1897,1897,2,2,0,2,0,1,2,4,1
-1897,-7588,0,2,0,0,0,1,2,4,1
1898,7592,1,1,0,0,0,-1,1,2,1
-1898,-7592,1,1,0,1,0,-1,1,2,1
1901,1901,0,0,0,0,0,1,0,1,1
-1901,-7604,0,0,0,0,0,1,0,1,1
1902,7608,1,1,0,0,0,-1,1,2,1
-1902,-7608,1,1,0,1,0,-1,1,2,1
1903,7612,1,1,0,0,0,-1,1,2,1
-1903,-1903,0,0,0,0,0,1,0,1,1
1905,1905,1,1,0,0,0,-1,1,2,1
-1905,-7620,1,1,0,1,0,-1,1,2,1
1906,7624,0,0,0,0,0,1,0,1,1
-1906,-7624,0,0,0,0,0,1,0,1,1
1907,7628,0,0,0,0,0,1,0,1,1
-1907,-1907,0,0,2,0,0,1,2,4,1
1909,1909,1,1,0,0,0,-1,1,2,1
-1909,-7636,1,1,0,1,0,-1,1,2,1
1910,7640,1,1,0,0,0,-1,1,2,1
-1910,-7640,1,1,0,1,0,-1,1,2,1
1913,1913,1,1,0,0,0,-1,1,2,1
-1913,-7652,1,1,0,0,0,-1,1,2,1
1914,7656,1,1,0,0,0,-1,1,2,1
-1914,-7656,0,2,0,0,0,1,2,4,1
1915,7660,0,0,0,0,0,1,0,1,1
-1915,-1915,0,0,0,0,0,1,0,1,1
1918,7672,0,0,0,0,0,1,0,1,1
-1918,-7672,0,0,0,0,0,1,0,1,1
1919,7676,0,0,0,0,0,1,0,1,1
-1919,-1919,0,0,0,0,0,1,0,1,1
1921,1921,1,1,0,0,0,-1,1,2,1
-1921,-7684,1,1,0,0,0,-1,1,2,1
1923,7692,0,0,0,0,0,1,0,1,1
-1923,-1923,0,0,0,0,0,1,0,1,1
1927,7708,1,1,0,0,0,-1,1,2,1
-1927,-1927,1,1,0,1,0,-1,1,2,1
1929,1929,0,0,0,0,0,1,0,1,1
-1929,-7716,0,0,0,0,0,1,0,1,1
1930,7720,0,0,2,0,0,1,2,4,1
-1930,-7720,2,2,0,1,0,1,2,4,1
1931,7724,1,1,0,0,0,-1,1,2,1
-1931,-1931,1,1,0,1,0,-1,1,2,1
1933,1933,1,1,0,0,0,-1,1,2,1
-1933,-7732,1,1,0,0,0,-1,1,2,1
1934,7736,0,2,0,0,0,1,2,4,1
-1934,-7736,0,0,2,0,0,1,2,4,1
1937,1937,2,2,0,2,0,1,2,4,1
-1937,-7748,0,0,2,0,0,1,2,4,1
1938,7752,1,1,0,0,0,-1,1,2,1
-1938,-7752,1,1,0,1,0,-1,1,2,1
1939,7756,0,0,0,0,0,1,0,1,1
-1939,-1939,0,0,0,0,0,1,0,1,1
1941,1941,0,0,0,0,0,1,0,1,1
-1941,-7764,0,0,0,0,0,1,0,1,1
1942,7768,1,1,0,0,0,-1,1,2,1
-1942,-7768,1,1,0,1,0,-1,1,2,1
1943,7772,1,1,0,0,0,-1,1,2,1
-1943,-1943,1,1,0,1,0,-1,1,2,1
1945,1945,0,0,0,0,0,1,0,1,1
-1945,-7780,0,0,0,0,0,1,0,1,1
1946,7784,1,1,0,1,0,-1,1,2,1
-1946,-7784,1,1,0,1,0,-1,1,2,1
1947,7788,1,1,0,0,0,-1,1,2,1
-1947,-1947,0,0,0,0,0,1,0,1,1
1949,1949,1,1,0,0,0,-1,1,2,1
-1949,-7796,1,1,0,0,0,-1,1,2,1
1951,7804,0,0,0,0,0,1,0,1,1
-1951,-1951,0,0,0,0,0,1,0,1,1
1954,7816,1,1,0,0,0,-1,1,2,1
-1954,-7816,1,1,0,1,0,-1,1,2,1
1955,7820,1,1,0,0,0,-1,1,2,1
-1955,-1955,1,1,0,1,0,-1,1,2,1
1957,1957,1,1,0,0,0,-1,1,2,1
-1957,-7828,1,1,0,1,0,-1,1,2,1
1958,7832,1,1,0,0,0,-1,1,2,1
-1958,-7832,0,0,0,0,0,1,0,1,1
1959,7836,0,0,0,0,0,1,0,1,1
-1959,-1959,0,0,0,0,0,1,0,1,1
1961,1961,0,0,0,0,0,1,0,1,1
-1961,-7844,0,0,0,0,0,1,0,1,1
1963,7852,0,0,0,0,0,1,0,1,1
-1963,-1963,0,0,0,0,0,1,0,1,1
1965,1965,1,1,0,0,0,-1,1,2,1
-1965,-7860,1,1,0,0,0,-1,1,2,1
1966,7864,1,1,0,0,0,-1,1,2,1
-1966,-7864,1,1,0,0,0,-1,1,2,1
1967,7868,0,0,0,0,0,1,0,1,1
-1967,-1967,0,0,0,0,0,1,0,1,1
1969,1969,1,1,0,1,0,-1,1,2,1
-1969,-7876,0,0,0,0,0,1,0,1,1
1970,7880,0,0,2,0,0,1,2,4,1
-1970,-7880,0,0,2,0,0,1,2,4,1
1973,1973,0,0,0,0,0,1,0,1,1
-1973,-7892,0,0,0,0,0,1,0,1,1
1974,7896,2,2,0,2,0,1,2,4,1
-1974,-7896,0,0,0,0,0,1,0,1,1
1977,1977,1,1,0,0,0,-1,1,2,1
-1977,-7908,1,1,0,1,0,-1,1,2,1
1978,7912,0,0,2,0,0,1,2,4,1
-1978,-7912,0,0,2,0,0,1,2,4,1
1979,7916,1,1,0,0,0,-1,1,2,1
-1979,-1979,1,1,0,1,0,-1,1,2,1
1981,1981,0,0,2,0,0,1,2,4,1
-1981,-7924,2,2,0,1,0,1,2,4,1
1982,7928,1,1,0,0,0,-1,1,2,1
-1982,-7928,1,1,0,1,0,-1,1,2,1
1983,7932,0,0,0,0,0,1,0,1,1
-1983,-1983,0,0,0,0,0,1,0,1,1
1985,1985,2,2,0,2,0,1,2,4,1
-1985,-7940,2,2,0,1,0,1,2,4,1
1986,7944,1,1,0,0,0,-1,1,2,1
-1986,-7944,1,1,0,1,0,-1,1,2,1
1987,7948,1,1,0,0,0,-1,1,2,1
-1987,-1987,1,1,0,1,0,-1,1,2,1
1990,7960,1,1,0,0,0,-1,1,2,1
-1990,-7960,1,1,0,1,0,-1,1,2,1
1991,7964,1,1,0,0,0,-1,1,2,1
-1991,-1991,0,0,0,0,0,1,0,1,1
1993,1993,1,1,0,0,0,-1,1,2,1
-1993,-7972,1,1,0,1,0,-1,1,2,1
1994,7976,0,0,0,0,0,1,0,1,1
-1994,-7976,0,0,0,0,0,1,0,1,1
1995,7980,0,0,0,0,0,1,0,1,1
-1995,-1995,0,0,0,0,0,1,0,1,1
1997,1997,1,1,0,0,0,-1,1,2,1
-1997,-7988,1,1,0,0,0,-1,1,2,1
1999,7996,1,1,0,0,0,-1,1,2,1
-1999,-1999,1,1,0,1,0,-1,1,2,1
2001,2001,1,1,0,0,0,-1,1,2,1
-2001,-8004,1,1,0,1,0,-1,1,2,1
2002,8008,1,1,0,0,0,-1,1,2,1
-2002,-8008,0,0,0,0,0,1,0,1,1
2003,8012,0,0,0,0,0,1,0,1,1
-2003,-2003,0,2,0,0,0,1,2,4,1
2005,2005,0,0,2,0,0,1,2,4,1
-2005,-8020,0,0,2,0,0,1,2,4,1
2006,8024,0,0,0,0,0,1,0,1,1
-2006,-8024,0,0,0,0,0,1,0,1,1
2010,8040,1,1,0,0,0,-1,1,2,1
-2010,-8040,1,1,0,1,0,-1,1,2,1
2011,8044,0,0,0,0,0,1,0,1,1
-2011,-2011,0,0,0,0,0,1,0,1,1
2013,2013,1,1,0,1,0,-1,1,2,1
-2013,-8052,0,0,2,0,0,1,2,4,1
2014,8056,0,0,0,0,0,1,0,1,1
-2014,-8056,0,0,0,0,0,1,0,1,1
2015,8060,1,1,0,0,0,-1,1,2,1
-2015,-2015,1,1,0,1,0,-1,1,2,1
2017,2017,0,0,0,0,0,1,0,1,1
-2017,-8068,0,0,0,0,0,1,0,1,1
2018,8072,2,2,0,1,0,1,2,4,1
-2018,-8072,0,0,2,0,0,1,2,4,1
2019,8076,1,1,0,0,0,-1,1,2,1
-2019,-2019,1,1,0,0,0,-1,1,2,1
2021,2021,1,1,0,0,0,-1,1,2,1
-2021,-8084,1,1,0,1,0,-1,1,2,1
2022,8088,0,0,0,0,0,1,0,1,1
-2022,-8088,0,0,0,0,0,1,0,1,1
2026,8104,1,1,0,0,0,-1,1,2,1
-2026,-8104,1,1,0,0,0,-1,1,2,1
2027,8108,0,0,0,0,0,1,0,1,1
-2027,-2027,0,0,0,0,0,1,0,1,1
2029,2029,0,0,0,0,0,1,0,1,1
-2029,-8116,0,0,0,0,0,1,0,1,1
2030,8120,1,1,0,1,0,-1,1,2,1
-2030,-8120,1,1,0,1,0,-1,1,2,1
2031,8124,1,1,0,1,0,-1,1,2,1
-2031,-2031,1,1,0,1,0,-1,1,2,1
2033,2033,2,2,0,2,0,1,2,4,1
-2033,-8132,0,0,2,0,0,1,2,4,1
2035,8140,1,1,0,0,0,-1,1,2,1
-2035,-2035,0,0,0,0,0,1,0,1,1
2037,2037,1,1,0,0,0,-1,1,2,1
-2037,-8148,1,1,0,0,0,-1,1,2,1
2038,8152,2,2,0,2,0,1,2,4,1
-2038,-8152,0,0,2,0,0,1,2,4,1
2039,8156,0,0,0,0,0,1,0,1,1
-2039,-2039,2,2,0,2,0,1,2,4,1
2041,2041,1,1,0,1,0,-1,1,2,1
-2041,-8164,1,1,0,1,0,-1,1,2,1
2042,8168,1,1,0,0,0,-1,1,2,1
-2042,-8168,1,1,0,1,0,-1,1,2,1
2045,2045,1,1,0,0,0,-1,1,2,1
-2045,-8180,1,1,0,0,0,-1,1,2,1
2046,8184,1,1,0,0,0,-1,1,2,1
-2046,-8184,0,0,0,0,0,1,0,1,1
2047,8188,0,0,0,0,0,1,0,1,1
-2047,-2047,0,0,0,0,0,1,0,1,1
2049,2049,0,0,0,0,0,1,0,1,1
-2049,-8196,0,2,0,0,0,1,2,4,1
2051,8204,0,0,0,0,0,1,0,1,1
-2051,-2051,0,0,0,0,0,1,0,1,1
2053,2053,1,1,0,0,0,-1,1,2,1
-2053,-8212,1,1,0,1,0,-1,1,2,1
2054,8216,1,1,0,0,0,-1,1,2,1
-2054,-8216,1,1,0,1,0,-1,1,2,1
2055,8220,0,0,0,0,0,1,0,1,1
-2055,-2055,0,0,0,0,0,1,0,1,1
2059,8236,1,1,0,0,0,-1,1,2,1
-2059,-2059,1,1,0,0,0,-1,1,2,1
2062,8248,0,0,0,0,0,1,0,1,1
-2062,-8248,0,0,0,0,0,1,0,1,1
2063,8252,1,1,0,0,0,-1,1,2,1
-2063,-2063,1,1,0,1,0,-1,1,2,1
2065,2065,1,1,0,0,0,-1,1,2,1
-2065,-8260,1,1,0,0,0,-1,1,2,1
2066,8264,0,0,0,0,0,1,0,1,1
-2066,-8264,0,0,0,0,0,1,0,1,1
2067,8268,1,1,0,0,0,-1,1,2,1
-2067,-2067,1,1,0,1,0,-1,1,2,1
2069,2069,0,0,0,0,0,1,0,1,1
-2069,-8276,0,0,0,0,0,1,0,1,1
2071,8284,0,2,0,0,0,1,2,4,1
-2071,-2071,2,2,0,2,0,1,2,4,1
2073,2073,0,0,0,0,0,1,0,1,1
-2073,-8292,0,0,0,0,0,1,0,1,1
2074,8296,1,1,0,1,0,-1,1,2,1
-2074,-8296,1,1,0,1,0,-1,1,2,1
2077,2077,0,0,0,0,0,1,0,1,1
-2077,-8308,0,0,0,0,0,1,0,1,1
2078,8312,1,1,0,0,0,-1,1,2,1
-2078,-8312,1,1,0,1,0,-1,1,2,1
2081,2081,1,1,0,1,0,-1,1,2,1
-2081,-8324,1,1,0,1,0,-1,1,2,1
2082,8328,0,0,0,0,0,1,0,1,1
-2082,-8328,0,0,0,0,0,1,0,1,1
2083,8332,0,0,0,0,0,1,0,1,1
-2083,-2083,0,0,0,0,0,1,0,1,1
2085,2085,1,1,0,0,0,-1,1,2,1
-2085,-8340,1,1,0,1,0,-1,1,2,1
2086,8344,1,1,0,0,0,-1,1,2,1
-2086,-8344,1,1,0,1,0,-1,1,2,1
2087,8348,1,1,0,0,0,-1,1,2,1
-2087,-2087,1,1,0,1,0,-1,1,2,1
2089,2089,1,1,0,0,0,-1,1,2,1
-2089,-8356,1,1,0,0,0,-1,1,2,1
2090,8360,1,1,0,0,0,-1,1,2,1
-2090,-8360,0,0,0,0,0,1,0,1,1
2091,8364,2,2,0,2,0,1,2,4,1
-2091,-2091,0,0,2,0,0,1,2,4,1
2093,2093,0,0,2,0,0,1,2,4,1
-2093,-8372,2,2,0,2,0,1,2,4,1
2094,8376,0,0,0,0,0,1,0,1,1
-2094,-8376,0,0,0,0,0,1,0,1,1
2095,8380,2,2,0,2,0,1,2,4,1
-2095,-2095,0,0,0,0,0,1,0,1,1
2098,8392,1,1,0,0,0,-1,1,2,1
-2098,-8392,1,1,0,0,0,-1,1,2,1
2099,8396,0,0,0,0,0,1,0,1,1
-2099,-2099,0,0,0,0,0,1,0,1,1
2101,2101,1,1,0,0,0,-1,1,2,1
-2101,-8404,0,0,0,0,0,1,0,1,1
2102,8408,0,0,0,0,0,1,0,1,1
-2102,-8408,0,0,0,0,0,1,0,1,1
2103,8412,1,1,0,0,0,-1,1,2,1
-2103,-2103,1,1,0,1,0,-1,1,2,1
2105,2105,0,0,2,0,0,1,2,4,1
-2105,-8420,0,0,2,0,0,1,2,4,1
2109,2109,1,1,0,0,0,-1,1,2,1
-2109,-8436,1,1,0,0,0,-1,1,2,1
2110,8440,0,2,0,0,0,1,2,4,1
-2110,-8440,0,0,2,0,0,1,2,4,1
2111,8444,1,1,0,0,0,-1,1,2,1
-2111,-2111,1,1,0,1,0,-1,1,2,1
2113,2113,0,0,0,0,0,1,0,1,1
-2113,-8452,0,0,0,0,0,1,0,1,1
2114,8456,1,1,0,0,0,-1,1,2,1
-2114,-8456,1,1,0,1,0,-1,1,2,1
2117,2117,0,0,0,0,0,1,0,1,1
-2117,-8468,0,0,0,0,0,1,0,1,1
2118,8472,1,1,0,0,0,-1,1,2,1
-2118,-8472,1,1,0,0,0,-1,1,2,1
2119,8476,1,1,0,0,0,-1,1,2,1
-2119,-2119,1,1,0,1,0,-1,1,2,1
2121,2121,0,0,0,0,0,1,0,1,1
-2121,-8484,0,0,0,0,0,1,0,1,1
2122,8488,1,1,0,0,0,-1,1,2,1
-2122,-8488,1,1,0,1,0,-1,1,2,1
2123,8492,1,1,0,0,0,-1,1,2,1
-2123,-2123,0,0,2,0,0,1,2,4,1
2126,8504,0,0,2,0,0,1,2,4,1
-2126,-8504,2,2,0,1,0,1,2,4,1
2127,8508,0,0,0,0,0,1,0,1,1
-2127,-2127,0,0,0,0,0,1,0,1,1
2129,2129,1,1,0,0,0,-1,1,2,1
-2129,-8516,1,1,0,0,0,-1,1,2,1
2130,8520,1,1,0,0,0,-1,1,2,1
-2130,-8520,1,1,0,0,0,-1,1,2,1
2131,8524,1,1,0,0,0,-1,1,2,1
-2131,-2131,1,1,0,0,0,-1,1,2,1
2134,8536,1,1,0,0,0,-1,1,2,1
-2134,-8536,0,0,0,0,0,1,0,1,1
2135,8540,0,0,0,0,0,1,0,1,1
-2135,-2135,0,0,0,0,0,1,0,1,1
2137,2137,0,0,0,0,0,1,0,1,1
-2137,-8548,0,0,0,0,0,1,0,1,1
2138,8552,2,2,0,2,0,1,2,4,1
-2138,-8552,0,0,2,0,0,1,2,4,1
2139,8556,0,0,0,0,0,1,0,1,1
-2139,-2139,0,0,0,0,0,1,0,1,1
2141,2141,1,1,0,0,0,-1,1,2,1
-2141,-8564,1,1,0,1,0,-1,1,2,1
2143,8572,0,0,0,0,0,1,0,1,1
-2143,-2143,0,0,0,0,0,1,0,1,1
2145,2145,1,1,0,1,0,-1,1,2,1
-2145,-8580,0,2,0,0,0,1,2,4,1
2146,8584,0,2,0,0,0,1,2,4,1
-2146,-8584,0,0,2,0,0,1,2,4,1
2147,8588,1,1,0,0,0,-1,1,2,1
-2147,-2147,1,1,0,1,0,-1,1,2,1
2149,2149,0,2,0,0,0,1,2,4,1
-2149,-8596,0,0,2,0,0,1,2,4,1
2153,2153,1,1,0,1,0,-1,1,2,1
-2153,-8612,1,1,0,1,0,-1,1,2,1
2154,8616,0,0,0,0,0,1,0,1,1
-2154,-8616,0,0,0,0,0,1,0,1,1
2155,8620,1,1,0,0,0,-1,1,2,1
-2155,-2155,1,1,0,1,0,-1,1,2,1
2157,2157,0,0,0,0,0,1,0,1,1
-2157,-8628,0,0,0,0,0,1,0,1,1
2158,8632,1,1,0,0,0,-1,1,2,1
-2158,-8632,1,1,0,1,0,-1,1,2,1
2159,8636,0,0,2,0,0,1,2,4,1
-2159,-2159,2,2,0,2,0,1,2,4,1
2161,2161,0,0,0,0,0,1,0,1,1
-2161,-8644,0,0,0,0,0,1,0,1,1
2162,8648,1,1,0,0,0,-1,1,2,1
-2162,-8648,1,1,0,1,0,-1,1,2,1
2163,8652,1,1,0,0,0,-1,1,2,1
-2163,-2163,1,1,0,1,0,-1,1,2,1
2165,2165,0,0,0,0,0,1,0,1,1
-2165,-8660,0,0,0,0,0,1,0,1,1
2167,8668,1,1,0,1,0,-1,1,2,1
-2167,-2167,0,0,0,0,0,1,0,1,1
2170,8680,0,0,0,0,0,1,0,1,1
-2170,-8680,0,0,0,0,0,1,0,1,1
2171,8684,2,2,0,2,0,1,2,4,1
-2171,-2171,0,2,0,0,0,1,2,4,1
2173,2173,1,1,0,1,0,-1,1,2,1
-2173,-8692,1,1,0,1,0,-1,1,2,1
2174,8696,1,1,0,0,0,-1,1,2,1
-2174,-8696,1,1,0,1,0,-1,1,2,1
2177,2177,1,1,0,1,0,-1,1,2,1
-2177,-8708,1,1,0,1,0,-1,1,2,1
2179,8716,0,0,0,0,0,1,0,1,1
-2179,-2179,0,0,0,0,0,1,0,1,1
2181,2181,0,0,0,0,0,1,0,1,1
-2181,-8724,0,0,0,0,0,1,0,1,1
2182,8728,2,2,0,2,0,1,2,4,1
-2182,-8728,0,0,2,0,0,1,2,4,1
2183,8732,0,0,0,0,0,1,0,1,1
-2183,-2183,0,0,0,0,0,1,0,1,1
2185,2185,1,1,0,1,0,-1,1,2,1
-2185,-8740,1,1,0,0,0,-1,1,2,1
2186,8744,1,1,0,0,0,-1,1,2,1
-2186,-8744,1,1,0,1,0,-1,1,2,1
2189,2189,1,1,0,0,0,-1,1,2,1
-2189,-8756,2,2,0,2,0,1,2,4,1
2190,8760,0,0,0,0,0,1,0,1,1
-2190,-8760,0,0,0,0,0,1,0,1,1
2191,8764,1,1,0,0,0,-1,1,2,1
-2191,-2191,1,1,0,1,0,-1,1,2,1
2193,2193,2,2,0,2,0,1,2,4,1
-2193,-8772,0,0,2,0,0,1,2,4,1
2194,8776,0,0,2,0,0,1,2,4,1
-2194,-8776,0,0,2,0,0,1,2,4,1
2195,8780,1,1,0,0,0,-1,1,2,1
-2195,-2195,1,1,0,0,0,-1,1,2,1
2198,8792,0,0,0,0,0,1,0,1,1
-2198,-8792,0,0,0,0,0,1,0,1,1
2199,8796,1,1,0,0,0,-1,1,2,1
-2199,-2199,1,1,0,1,0,-1,1,2,1
2201,2201,0,0,0,0,0,1,0,1,1
-2201,-8804,0,0,0,0,0,1,0,1,1
2202,8808,1,1,0,0,0,-1,1,2,1
-2202,-8808,1,1,0,1,0,-1,1,2,1
2203,8812,0,0,0,0,0,1,0,1,1
-2203,-2203,0,0,0,0,0,1,0,1,1
2206,8824,1,1,0,0,0,-1,1,2,1
-2206,-8824,1,1,0,0,0,-1,1,2,1
2207,8828,1,1,0,0,0,-1,1,2,1
-2207,-2207,1,1,0,1,0,-1,1,2,1
2210,8840,1,1,0,0,0,-1,1,2,1
-2210,-8840,1,1,0,1,0,-1,1,2,1
2211,8844,1,1,0,0,0,-1,1,2,1
-2211,-2211,0,0,0,0,0,1,0,1,1
2213,2213,1,1,0,0,0,-1,1,2,1
-2213,-8852,1,1,0,1,0,-1,1,2,1
2215,8860,0,0,0,0,0,1,0,1,1
-2215,-2215,0,0,0,0,0,1,0,1,1
2217,2217,1,1,0,0,0,-1,1,2,1
-2217,-8868,1,1,0,0,0,-1,1,2,1
2218,8872,1,1,0,0,0,-1,1,2,1
-2218,-8872,1,1,0,1,0,-1,1,2,1
2219,8876,1,1,0,0,0,-1,1,2,1
-2219,-2219,1,1,0,1,0,-1,1,2,1
2221,2221,1,1,0,0,0,-1,1,2,1
-2221,-8884,1,1,0,0,0,-1,1,2,1
2222,8888,1,1,0,1,0,-1,1,2,1
-2222,-8888,0,0,0,0,0,1,0,1,1
2226,8904,0,0,2,0,0,1,2,4,1
-2226,-8904,2,2,0,2,0,1,2,4,1
2227,8908,2,2,0,2,0,1,2,4,1
-2227,-2227,0,2,0,0,0,1,2,4,1
2229,2229,1,1,0,0,0,-1,1,2,1
-2229,-8916,1,1,0,1,0,-1,1,2,1
2230,8920,1,1,0,0,0,-1,1,2,1
-2230,-8920,1,1,0,0,0,-1,1,2,1
2231,8924,0,0,0,0,0,1,0,1,1
-2231,-2231,0,0,0,0,0,1,0,1,1
2233,2233,1,1,0,1,0,-1,1,2,1
-2233,-8932,0,0,0,0,0,1,0,1,1
2234,8936,0,0,0,0,0,1,0,1,1
-2234,-8936,0,0,0,0,0,1,0,1,1
2235,8940,1,1,0,0,0,-1,1,2,1
-2235,-2235,1,1,0,0,0,-1,1,2,1
2237,2237,0,0,2,0,0,1,2,4,1
-2237,-8948,2,2,0,1,0,1,2,4,1
2238,8952,0,0,0,0,0,1,0,1,1
-2238,-8952,0,0,0,0,0,1,0,1,1
2239,8956,1,1,0,0,0,-1,1,2,1
-2239,-2239,1,1,0,1,0,-1,1,2,1
2242,8968,0,0,0,0,0,1,0,1,1
-2242,-8968,0,0,0,0,0,1,0,1,1
2243,8972,1,1,0,0,0,-1,1,2,1
-2243,-2243,1,1,0,1,0,-1,1,2,1
2245,2245,0,0,0,0,0,1,0,1,1
-2245,-8980,0,0,0,0,0,1,0,1,1
2246,8984,1,1,0,0,0,-1,1,2,1
-2246,-8984,1,1,0,1,0,-1,1,2,1
2247,8988,0,0,2,0,0,1,2,4,1
-2247,-2247,2,2,0,2,0,1,2,4,1
2249,2249,0,0,0,0,0,1,0,1,1
-2249,-8996,0,0,0,0,0,1,0,1,1
2251,9004,1,1,0,0,0,-1,1,2,1
-2251,-2251,1,1,0,1,0,-1,1,2,1
2253,2253,0,0,0,0,0,1,0,1,1
-2253,-9012,0,0,0,0,0,1,0,1,1
2255,9020,1,1,0,1,0,-1,1,2,1
-2255,-2255,2,2,0,2,0,1,2,4,1
2257,2257,1,1,0,0,0,-1,1,2,1
-2257,-9028,1,1,0,1,0,-1,1,2,1
2258,9032,0,0,0,0,0,1,0,1,1
-2258,-9032,0,0,0,0,0,1,0,1,1
2261,2261,1,1,0,0,0,-1,1,2,1
-2261,-9044,1,1,0,1,0,-1,1,2,1
2262,9048,1,1,0,0,0,-1,1,2,1
-2262,-9048,1,1,0,1,0,-1,1,2,1
2263,9052,1,1,0,0,0,-1,1,2,1
-2263,-2263,1,1,0,1,0,-1,1,2,1
2265,2265,1,1,0,0,0,-1,1,2,1
-2265,-9060,1,1,0,1,0,-1,1,2,1
2266,9064,1,1,2,0,0,-1,3,8,1
-2266,-9064,0,0,0,0,0,1,0,1,1
2267,9068,0,0,0,0,0,1,0,1,1
-2267,-2267,0,0,0,0,0,1,0,1,1
2269,2269,0,0,0,0,0,1,0,1,1
-2269,-9076,0,0,0,0,0,1,0,1,1
2270,9080,0,0,0,0,0,1,0,1,1
-2270,-9080,0,0,0,0,0,1,0,1,1
2271,9084,0,0,0,0,0,1,0,1,1
-2271,-2271,0,0,0,0,0,1,0,1,1
2273,2273,1,1,0,0,0,-1,1,2,1
-2273,-9092,1,1,0,1,0,-1,1,2,1
2274,9096,1,1,0,0,0,-1,1,2,1
-2274,-9096,1,1,0,0,0,-1,1,2,1
2278,9112,0,0,0,0,0,1,0,1,1
-2278,-9112,0,0,0,0,0,1,0,1,1
2279,9116,1,1,0,0,0,-1,1,2,1
-2279,-2279,1,1,0,1,0,-1,1,2,1
2281,2281,0,0,0,0,0,1,0,1,1
-2281,-9124,0,0,0,0,0,1,0,1,1
2282,9128,0,0,0,0,0,1,0,1,1
-2282,-9128,2,2,0,2,0,1,2,4,1
2283,9132,1,1,0,0,0,-1,1,2,1
-2283,-2283,1,1,0,1,0,-1,1,2,1
2285,2285,1,1,0,0,0,-1,1,2,1
-2285,-9140,1,1,0,0,0,-1,1,2,1
2287,9148,1,1,0,0,0,-1,1,2,1
-2287,-2287,1,1,0,1,0,-1,1,2,1
2289,2289,0,0,0,0,0,1,0,1,1
-2289,-9156,0,0,0,0,0,1,0,1,1
2290,9160,1,1,0,0,0,-1,1,2,1
-2290,-9160,1,1,0,0,0,-1,1,2,1
2291,9164,0,2,0,0,0,1,2,4,1
-2291,-2291,0,0,2,0,0,1,2,4,1
2293,2293,0,0,0,0,0,1,0,1,1
-2293,-9172,0,0,0,0,0,1,0,1,1
2294,9176,1,1,0,0,0,-1,1,2,1
-2294,-9176,1,1,0,1,0,-1,1,2,1
2297,2297,0,0,0,0,0,1,0,1,1
-2297,-9188,0,0,0,0,0,1,0,1,1
2298,9192,1,1,0,0,0,-1,1,2,1
-2298,-9192,1,1,0,0,0,-1,1,2,1
2301,2301,1,1,0,0,0,-1,1,2,1
-2301,-9204,1,1,0,0,0,-1,1,2,1
2302,9208,0,0,2,0,0,1,2,4,1
-2302,-9208,0,2,0,0,0,1,2,4,1
2305,2305,1,1,0,0,0,-1,1,2,1
-2305,-9220,1,1,0,0,0,-1,1,2,1
2306,9224,1,1,0,0,0,-1,1,2,1
-2306,-9224,1,1,0,1,0,-1,1,2,1
2307,9228,1,1,0,0,0,-1,1,2,1
-2307,-2307,1,1,0,1,0,-1,1,2,1
2309,2309,1,1,0,0,0,-1,1,2,1
-2309,-9236,1,1,0,1,0,-1,1,2,1
2310,9240,1,1,0,0,0,-1,1,2,1
-2310,-9240,0,0,0,0,0,1,0,1,1
2311,9244,0,0,0,0,0,1,0,1,1
-2311,-2311,0,0,0,0,0,1,0,1,1
2314,9256,0,0,0,0,0,1,0,1,1
-2314,-9256,0,0,0,0,0,1,0,1,1
2315,9260,0,0,0,0,0,1,0,1,1
-2315,-2315,0,0,0,0,0,1,0,1,1
2317,2317,1,1,0,0,0,-1,1,2,1
-2317,-9268,1,1,0,0,0,-1,1,2,1
2318,9272,1,1,0,0,0,-1,1,2,1
-2318,-9272,1,1,0,1,0,-1,1,2,1
2319,9276,0,0,2,0,0,1,2,4,1
-2319,-2319,2,2,0,2,0,1,2,4,1
2321,2321,1,1,0,1,0,-1,1,2,1
-2321,-9284,2,2,0,2,0,1,2,4,1
2323,9292,1,1,0,0,0,-1,1,2,1
-2323,-2323,1,1,0,0,0,-1,1,2,1
2326,9304,0,0,0,0,0,1,0,1,1
-2326,-9304,0,0,0,0,0,1,0,1,1
2327,9308,1,1,0,0,0,-1,1,2,1
-2327,-2327,1,1,0,1,0,-1,1,2,1
2329,2329,1,1,0,1,0,-1,1,2,1
-2329,-9316,1,1,0,1,0,-1,1,2,1
2330,9320,0,0,2,0,0,1,2,4,1
-2330,-9320,2,2,0,2,0,1,2,4,1
2333,2333,0,0,0,0,0,1,0,1,1
-2333,-9332,0,0,0,0,0,1,0,1,1
2334,9336,1,1,0,0,0,-1,1,2,1
-2334,-9336,1,1,0,0,0,-1,1,2,1
2335,9340,0,0,0,0,0,1,0,1,1
-2335,-2335,0,0,0,0,0,1,0,1,1
2337,2337,0,0,2,0,0,1,2,4,1
-2337,-9348,0,0,2,0,0,1,2,4,1
2338,9352,1,1,0,1,0,-1,1,2,1
-2338,-9352,1,1,0,1,0,-1,1,2,1
2339,9356,1,1,0,0,0,-1,1,2,1
-2339,-2339,1,1,0,1,0,-1,1,2,1
2341,2341,0,0,0,0,0,1,0,1,1
-2341,-9364,0,0,0,0,0,1,0,1,1
2342,9368,1,1,0,0,0,-1,1,2,1
-2342,-9368,1,1,0,1,0,-1,1,2,1
2343,9372,1,1,0,0,0,-1,1,2,1
-2343,-2343,0,0,0,0,0,1,0,1,1
2345,2345,1,1,0,0,0,-1,1,2,1
-2345,-9380,1,1,0,1,0,-1,1,2,1
2346,9384,0,0,0,0,0,1,0,1,1
-2346,-9384,0,0,0,0,0,1,0,1,1
2347,9388,0,0,0,0,0,1,0,1,1
-2347,-2347,0,0,0,0,0,1,0,1,1
2351,9404,1,1,0,0,0,-1,1,2,1
-2351,-2351,1,1,0,1,0,-1,1,2,1
2353,2353,1,1,0,1,0,-1,1,2,1
-2353,-9412,1,1,0,0,0,-1,1,2,1
2354,9416,1,1,0,0,0,-1,1,2,1
-2354,-9416,0,0,0,0,0,1,0,1,1
2355,9420,0,0,0,0,0,1,0,1,1
-2355,-2355,0,0,0,0,0,1,0,1,1
2357,2357,0,0,0,0,0,1,0,1,1
-2357,-9428,0,0,0,0,0,1,0,1,1
2359,9436,0,0,2,0,0,1,2,4,1
-2359,-2359,0,0,2,0,0,1,2,4,1
2361,2361,1,1,0,0,0,-1,1,2,1
-2361,-9444,1,1,0,1,0,-1,1,2,1
2362,9448,3,3,0,3,0,-1,3,8,1
-2362,-9448,1,1,2,0,0,-1,3,8,1
2363,9452,0,0,0,0,0,1,0,1,1
-2363,-2363,0,0,0,0,0,1,0,1,1
2365,2365,1,1,0,0,0,-1,1,2,1
-2365,-9460,0,0,0,0,0,1,0,1,1
2369,2369,0,0,0,0,0,1,0,1,1
-2369,-9476,0,0,2,0,0,1,2,4,1
2370,9480,0,2,0,0,0,1,2,4,1
-2370,-9480,0,0,2,0,0,1,2,4,1
2371,9484,1,1,0,0,0,-1,1,2,1
-2371,-2371,1,1,0,0,0,-1,1,2,1
2373,2373,1,1,0,0,0,-1,1,2,1
-2373,-9492,1,1,0,1,0,-1,1,2,1
2374,9496,0,0,0,0,0,1,0,1,1
-2374,-9496,0,0,0,0,0,1,0,1,1
2377,2377,0,0,0,0,0,1,0,1,1
-2377,-9508,0,0,0,0,0,1,0,1,1
2378,9512,1,1,0,0,0,-1,1,2,1
-2378,-9512,1,1,0,1,0,-1,1,2,1
2379,9516,0,0,0,0,0,1,0,1,1
-2379,-2379,0,0,0,0,0,1,0,1,1
2381,2381,0,0,2,0,0,1,2,4,1
-2381,-9524,0,0,2,0,0,1,2,4,1
2382,9528,1,1,0,0,0,-1,1,2,1
-2382,-9528,1,1,0,1,0,-1,1,2,1
2383,9532,1,1,0,0,0,-1,1,2,1
-2383,-2383,1,1,0,1,0,-1,1,2,1
2386,9544,1,1,0,0,0,-1,1,2,1
-2386,-9544,1,1,0,1,0,-1,1,2,1
2387,9548,1,1,0,0,0,-1,1,2,1
-2387,-2387,0,0,0,0,0,1,0,1,1
2389,2389,1,1,0,0,0,-1,1,2,1
-2389,-9556,1,1,0,1,0,-1,1,2,1
2390,9560,2,2,0,2,0,1,2,4,1
-2390,-9560,0,0,2,0,0,1,2,4,1
2391,9564,0,0,0,0,0,1,0,1,1
-2391,-2391,0,0,0,0,0,1,0,1,1
2393,2393,1,1,0,0,0,-1,1,2,1
-2393,-9572,1,1,0,1,0,-1,1,2,1
2395,9580,1,1,0,0,0,-1,1,2,1
-2395,-2395,1,1,0,0,0,-1,1,2,1
2397,2397,1,1,0,0,0,-1,1,2,1
-2397,-9588,1,1,0,1,0,-1,1,2,1
2398,9592,1,1,0,1,0,-1,1,2,1
-2398,-9592,2,2,0,2,0,1,2,4,1
2399,9596,0,0,0,0,0,1,0,1,1
-2399,-2399,0,0,0,0,0,1,0,1,1
2402,9608,0,0,0,0,0,1,0,1,1
-2402,-9608,0,0,0,0,0,1,0,1,1
2405,2405,1,1,0,0,0,-1,1,2,1
-2405,-9620,1,1,0,1,0,-1,1,2,1
2406,9624,1,1,0,0,0,-1,1,2,1
-2406,-9624,1,1,0,1,0,-1,1,2,1
2407,9628,0,0,2,0,0,1,2,4,1
-2407,-2407,2,2,0,2,0,1,2,4,1
2409,2409,1,1,0,1,0,-1,1,2,1
-2409,-9636,2,2,0,1,0,1,2,4,1
2410,9640,2,2,0,2,0,1,2,4,1
-2410,-9640,0,2,0,0,0,1,2,4,1
2411,9644,1,1,0,0,0,-1,1,2,1
-2411,-2411,1,1,0,1,0,-1,1,2,1
2413,2413,0,0,0,0,0,1,0,1,1
-2413,-9652,0,0,0,0,0,1,0,1,1
2414,9656,0,0,0,0,0,1,0,1,1
-2414,-9656,0,0,0,0,0,1,0,1,1
2415,9660,1,1,0,0,0,-1,1,2,1
-2415,-2415,1,1,0,1,0,-1,1,2,1
2417,2417,1,1,0,0,0,-1,1,2,1
-2417,-9668,1,1,0,0,0,-1,1,2,1
2418,9672,0,0,0,0,0,1,0,1,1
-2418,-9672,0,0,0,0,0,1,0,1,1
2419,9676,1,1,0,0,0,-1,1,2,1
-2419,-2419,1,1,0,0,0,-1,1,2,1
2422,9688,1,1,0,0,0,-1,1,2,1
-2422,-9688,1,1,0,1,0,-1,1,2,1
2423,9692,0,0,0,0,0,1,0,1,1
-2423,-2423,0,0,0,0,0,1,0,1,1
2426,9704,1,1,0,0,0,-1,1,2,1
-2426,-9704,1,1,0,1,0,-1,1,2,1
2427,9708,1,1,0,0,0,-1,1,2,1
-2427,-2427,1,1,0,1,0,-1,1,2,1
2429,2429,0,0,0,0,0,1,0,1,1
-2429,-9716,0,0,0,0,0,1,0,1,1
2431,9724,1,1,0,1,0,-1,1,2,1
-2431,-2431,0,0,0,0,0,1,0,1,1
2433,2433,1,1,0,1,0,-1,1,2,1
-2433,-9732,1,1,0,0,0,-1,1,2,1
2434,9736,0,0,2,0,0,1,2,4,1
-2434,-9736,0,0,2,0,0,1,2,4,1
2435,9740,0,0,0,0,0,1,0,1,1
-2435,-2435,0,0,0,0,0,1,0,1,1
2437,2437,1,1,0,0,0,-1,1,2,1
-2437,-9748,1,1,0,0,0,-1,1,2,1
2438,9752,1,1,0,1,0,-1,1,2,1
-2438,-9752,1,1,0,1,0,-1,1,2,1
2441,2441,1,1,0,0,0,-1,1,2,1
-2441,-9764,1,1,0,0,0,-1,1,2,1
2442,9768,1,1,0,0,0,-1,1,2,1
-2442,-9768,0,0,0,0,0,1,0,1,1
2443,9772,0,2,0,0,0,1,2,4,1
-2443,-2443,0,2,0,0,0,1,2,4,1
2445,2445,0,2,0,0,0,1,2,4,1
-2445,-9780,0,0,0,0,0,1,0,1,1
2446,9784,0,0,0,0,0,1,0,1,1
-2446,-9784,0,0,0,0,0,1,0,1,1
2447,9788,0,0,0,0,0,1,0,1,1
-2447,-2447,0,0,0,0,0,1,0,1,1
2449,2449,1,1,0,1,0,-1,1,2,1
-2449,-9796,1,1,0,0,0,-1,1,2,1
2451,9804,2,2,0,2,0,1,2,4,1
-2451,-2451,0,0,2,0,0,1,2,4,1
2453,2453,1,1,0,0,0,-1,1,2,1
-2453,-9812,0,0,0,0,0,1,0,1,1
2454,9816,0,2,0,0,0,1,2,4,1
-2454,-9816,0,0,2,0,0,1,2,4,1
2455,9820,1,1,0,0,0,-1,1,2,1
-2455,-2455,1,1,0,1,0,-1,1,2,1
2458,9832,0,0,0,0,0,1,0,1,1
-2458,-9832,0,0,0,0,0,1,0,1,1
2459,9836,1,1,0,0,0,-1,1,2,1
-2459,-2459,1,1,0,0,0,-1,1,2,1
2461,2461,1,1,0,0,0,-1,1,2,1
-2461,-9844,1,1,0,0,0,-1,1,2,1
2462,9848,0,0,2,0,0,1,2,4,1
-2462,-9848,0,0,2,0,0,1,2,4,1
2463,9852,1,1,0,0,0,-1,1,2,1
-2463,-2463,1,1,0,1,0,-1,1,2,1
2465,2465,0,0,0,0,0,1,0,1,1
-2465,-9860,0,0,0,0,0,1,0,1,1
2467,9868,0,0,0,0,0,1,0,1,1
-2467,-2467,0,0,0,0,0,1,0,1,1
2469,2469,0,0,0,0,0,1,0,1,1
-2469,-9876,0,0,0,0,0,1,0,1,1
2470,9880,1,1,0,0,0,-1,1,2,1
-2470,-9880,1,1,0,1,0,-1,1,2,1
2471,9884,1,1,0,0,0,-1,1,2,1
-2471,-2471,1,1,0,1,0,-1,1,2,1
2473,2473,0,0,0,0,0,1,0,1,1
-2473,-9892,0,0,0,0,0,1,0,1,1
2474,9896,1,1,2,1,0,-1,3,8,1
-2474,-9896,1,1,2,1,0,-1,3,8,1
2477,2477,1,1,0,0,0,-1,1,2,1
-2477,-9908,1,1,0,1,0,-1,1,2,1
2478,9912,0,0,0,0,0,1,0,1,1
-2478,-9912,0,0,0,0,0,1,0,1,1
2479,9916,0,0,0,0,0,1,0,1,1
-2479,-2479,0,0,0,0,0,1,0,1,1
2481,2481,1,1,0,0,0,-1,1,2,1
-2481,-9924,1,1,0,1,0,-1,1,2,1
2482,9928,1,1,0,0,0,-1,1,2,1
-2482,-9928,1,1,0,1,0,-1,1,2,1
2483,9932,1,1,0,0,0,-1,1,2,1
-2483,-2483,1,1,0,1,0,-1,1,2,1
2485,2485,1,1,0,0,0,-1,1,2,1
-2485,-9940,1,1,0,0,0,-1,1,2,1
2486,9944,1,1,0,0,0,-1,1,2,1
-2486,-9944,0,0,0,0,0,1,0,1,1
2487,9948,0,0,0,0,0,1,0,1,1
-2487,-2487,0,0,0,0,0,1,0,1,1
2489,2489,2,2,0,2,0,1,2,4,1
-2489,-9956,0,2,0,0,0,1,2,4,1
2490,9960,0,0,2,0,0,1,2,4,1
-2490,-9960,0,0,2,0,0,1,2,4,1
2491,9964,2,2,0,2,0,1,2,4,1
-2491,-2491,0,0,0,0,0,1,0,1,1
2494,9976,1,1,0,0,0,-1,1,2,1
-2494,-9976,1,1,0,1,0,-1,1,2,1
2495,9980,0,0,2,0,0,1,2,4,1
-2495,-2495,0,0,0,0,0,1,0,1,1
2497,2497,1,1,0,1,0,-1,1,2,1
-2497,-9988,0,0,0,0,0,1,0,1,1
2498,9992,0,0,2,0,0,1,2,4,1
-2498,-9992,2,2,0,2,0,1,2,4,1
2501,2501,0,0,2,0,0,1,2,4,1
-2501,-10004,0,2,0,0,0,1,2,4,1
2503,10012,1,1,0,0,0,-1,1,2,1
-2503,-2503,1,1,0,1,0,-1,1,2,1
2505,2505,1,1,0,0,0,-1,1,2,1
-2505,-10020,1,1,0,1,0,-1,1,2,1
2506,10024,0,0,0,0,0,1,0,1,1
-2506,-10024,0,0,0,0,0,1,0,1,1
2507,10028,1,1,0,0,0,-1,1,2,1
-2507,-2507,1,1,0,1,0,-1,1,2,1
2509,2509,0,0,2,0,0,1,2,4,1
-2509,-10036,0,0,2,0,0,1,2,4,1
2510,10040,1,1,0,0,0,-1,1,2,1
-2510,-10040,1,1,0,0,0,-1,1,2,1
2513,2513,0,0,2,0,0,1,2,4,1
-2513,-10052,0,0,2,0,0,1,2,4,1
2514,10056,1,1,0,0,0,-1,1,2,1
-2514,-10056,1,1,0,1,0,-1,1,2,1
2515,10060,1,1,0,0,0,-1,1,2,1
-2515,-2515,1,1,0,0,0,-1,1,2,1
2517,2517,0,0,0,0,0,1,0,1,1
-2517,-10068,0,0,0,0,0,1,0,1,1
2518,10072,1,1,0,0,0,-1,1,2,1
-2518,-10072,1,1,0,1,0,-1,1,2,1
2519,10076,1,1,0,0,0,-1,1,2,1
-2519,-2519,0,0,0,0,0,1,0,1,1
2521,2521,1,1,0,0,0,-1,1,2,1
-2521,-10084,1,1,0,0,0,-1,1,2,1
2522,10088,0,0,0,0,0,1,0,1,1
-2522,-10088,0,0,0,0,0,1,0,1,1
2526,10104,1,1,0,0,0,-1,1,2,1
-2526,-10104,1,1,0,1,0,-1,1,2,1
2530,10120,1,1,0,0,0,-1,1,2,1
-2530,-10120,0,0,0,0,0,1,0,1,1
2531,10124,0,0,0,0,0,1,0,1,1
-2531,-2531,0,0,0,0,0,1,0,1,1
2533,2533,0,0,0,0,0,1,0,1,1
-2533,-10132,0,0,0,0,0,1,0,1,1
2534,10136,0,0,0,0,0,1,0,1,1
-2534,-10136,0,0,0,0,0,1,0,1,1
2537,2537,1,1,0,0,0,-1,1,2,1
-2537,-10148,1,1,0,1,0,-1,1,2,1
2539,10156,0,2,0,0,0,1,2,4,1
-2539,-2539,0,0,0,0,0,1,0,1,1
2542,10168,0,0,0,0,0,1,0,1,1
-2542,-10168,0,0,0,0,0,1,0,1,1
2543,10172,1,1,0,0,0,-1,1,2,1
-2543,-2543,1,1,0,1,0,-1,1,2,1
2545,2545,0,0,0,0,0,1,0,1,1
-2545,-10180,0,0,0,0,0,1,0,1,1
2546,10184,0,0,0,0,0,1,0,1,1
-2546,-10184,0,0,0,0,0,1,0,1,1
2549,2549,1,1,0,0,0,-1,1,2,1
-2549,-10196,1,1,0,0,0,-1,1,2,1
2551,10204,1,1,0,0,0,-1,1,2,1
-2551,-2551,1,1,0,1,0,-1,1,2,1
2553,2553,0,0,0,0,0,1,0,1,1
-2553,-10212,0,0,0,0,0,1,0,1,1
2554,10216,1,1,0,1,0,-1,1,2,1
-2554,-10216,1,1,0,1,0,-1,1,2,1
2555,10220,0,0,0,0,0,1,0,1,1
-2555,-2555,0,0,0,0,0,1,0,1,1
2557,2557,0,0,0,0,0,1,0,1,1
-2557,-10228,0,0,0,0,0,1,0,1,1
2558,10232,1,1,0,0,0,-1,1,2,1
-2558,-10232,1,1,0,1,0,-1,1,2,1
2559,10236,1,1,0,0,0,-1,1,2,1
-2559,-2559,1,1,0,1,0,-1,1,2,1
2561,2561,0,0,2,0,0,1,2,4,1
-2561,-10244,0,2,0,0,0,1,2,4,1
2562,10248,1,1,0,0,0,-1,1,2,1
-2562,-10248,1,1,0,1,0,-1,1,2,1
2563,10252,1,1,0,0,0,-1,1,2,1
-2563,-2563,0,0,2,0,0,1,2,4,1
2566,10264,0,0,2,0,0,1,2,4,1
-2566,-10264,0,0,2,0,0,1,2,4,1
2567,10268,0,0,0,0,0,1,0,1,1
-2567,-2567,0,0,0,0,0,1,0,1,1
2569,2569,1,1,0,1,0,-1,1,2,1
-2569,-10276,1,1,0,1,0,-1,1,2,1
2570,10280,1,1,0,0,0,-1,1,2,1
-2570,-10280,1,1,0,1,0,-1,1,2,1
2571,10284,1,1,0,0,0,-1,1,2,1
-2571,-2571,1,1,0,0,0,-1,1,2,1
2573,2573,1,1,0,0,0,-1,1,2,1
-2573,-10292,1,1,0,0,0,-1,1,2,1
2577,2577,0,0,0,0,0,1,0,1,1
-2577,-10308,0,0,0,0,0,1,0,1,1
2578,10312,0,0,2,0,0,1,2,4,1
-2578,-10312,0,0,2,0,0,1,2,4,1
2579,10316,2,2,0,1,0,1,2,4,1
-2579,-2579,0,0,0,0,0,1,0,1,1
2581,2581,1,1,0,0,0,-1,1,2,1
-2581,-10324,1,1,0,1,0,-1,1,2,1
2582,10328,1,1,0,0,0,-1,1,2,1
-2582,-10328,1,1,0,1,0,-1,1,2,1
2585,2585,1,1,0,1,0,-1,1,2,1
-2585,-10340,2,2,0,2,0,1,2,4,1
2586,10344,0,0,0,0,0,1,0,1,1
-2586,-10344,0,0,0,0,0,1,0,1,1
2587,10348,1,1,0,0,0,-1,1,2,1
-2587,-2587,1,1,0,1,0,-1,1,2,1
2589,2589,0,2,0,0,0,1,2,4,1
-2589,-10356,0,0,0,0,0,1,0,1,1
2590,10360,0,0,0,0,0,1,0,1,1
-2590,-10360,0,0,0,0,0,1,0,1,1
2591,10364,1,1,0,0,0,-1,1,2,1
-2591,-2591,1,1,0,1,0,-1,1,2,1
2593,2593,1,1,0,1,0,-1,1,2,1
-2593,-10372,1,1,0,1,0,-1,1,2,1
2594,10376,0,0,2,0,0,1,2,4,1
-2594,-10376,0,0,2,0,0,1,2,4,1
2595,10380,1,1,0,0,0,-1,1,2,1
-2595,-2595,1,1,0,0,0,-1,1,2,1
2598,10392,1,1,0,0,0,-1,1,2,1
-2598,-10392,1,1,0,1,0,-1,1,2,1
2599,10396,0,0,0,0,0,1,0,1,1
-2599,-2599,0,0,0,0,0,1,0,1,1
2602,10408,1,1,0,1,0,-1,1,2,1
-2602,-10408,1,1,0,1,0,-1,1,2,1
2603,10412,1,1,0,0,0,-1,1,2,1
-2603,-2603,1,1,0,1,0,-1,1,2,1
2605,2605,0,0,0,0,0,1,0,1,1
-2605,-10420,0,0,0,0,0,1,0,1,1
2606,10424,1,1,0,0,0,-1,1,2,1
-2606,-10424,1,1,0,1,0,-1,1,2,1
2607,10428,1,1,0,0,0,-1,1,2,1
-2607,-2607,0,0,0,0,0,1,0,1,1
2609,2609,1,1,0,0,0,-1,1,2,1
-2609,-10436,1,1,0,1,0,-1,1,2,1
2611,10444,0,0,0,0,0,1,0,1,1
-2611,-2611,0,0,0,0,0,1,0,1,1
2613,2613,1,1,0,0,0,-1,1,2,1
-2613,-10452,1,1,0,0,0,-1,1,2,1
2614,10456,1,1,0,0,0,-1,1,2,1
-2614,-10456,1,1,2,1,0,-1,3,8,1
2615,10460,1,1,0,0,0,-1,1,2,1
-2615,-2615,1,1,0,1,0,-1,1,2,1
2617,2617,1,1,0,0,0,-1,1,2,1
-2617,-10468,1,1,0,1,0,-1,1,2,1
2618,10472,1,1,0,1,0,-1,1,2,1
-2618,-10472,2,2,0,2,0,1,2,4,1
2621,2621,0,0,2,0,0,1,2,4,1
-2621,-10484,0,0,2,0,0,1,2,4,1
2622,10488,0,0,0,0,0,1,0,1,1
-2622,-10488,0,0,0,0,0,1,0,1,1
2623,10492,2,2,0,2,0,1,2,4,1
-2623,-2623,0,0,2,0,0,1,2,4,1
2626,10504,1,1,0,0,0,-1,1,2,1
-2626,-10504,1,1,0,1,0,-1,1,2,1
2627,10508,0,0,0,0,0,1,0,1,1
-2627,-2627,0,0,0,0,0,1,0,1,1
2629,2629,1,1,0,0,0,-1,1,2,1
-2629,-10516,0,0,0,0,0,1,0,1,1
2630,10520,0,0,0,0,0,1,0,1,1
-2630,-10520,0,0,0,0,0,1,0,1,1
2631,10524,1,1,0,0,0,-1,1,2,1
-2631,-2631,1,1,0,1,0,-1,1,2,1
2633,2633,0,0,0,0,0,1,0,1,1
-2633,-10532,0,0,0,0,0,1,0,1,1
2634,10536,0,0,2,0,0,1,2,4,1
-2634,-10536,0,2,0,0,0,1,2,4,1
2635,10540,1,1,0,0,0,-1,1,2,1
-2635,-2635,1,1,0,0,0,-1,1,2,1
2638,10552,0,0,0,0,0,1,0,1,1
-2638,-10552,0,0,0,0,0,1,0,1,1
2639,10556,1,1,0,0,0,-1,1,2,1
-2639,-2639,1,1,0,1,0,-1,1,2,1
2641,2641,0,0,0,0,0,1,0,1,1
-2641,-10564,0,0,0,0,0,1,0,1,1
2642,10568,1,1,0,0,0,-1,1,2,1
-2642,-10568,1,1,0,1,0,-1,1,2,1
2643,10572,0,0,0,0,0,1,0,1,1
-2643,-2643,0,0,0,0,0,1,0,1,1
2647,10588,1,1,0,0,0,-1,1,2,1
-2647,-2647,1,1,0,1,0,-1,1,2,1
2649,2649,0,0,2,0,0,1,2,4,1
-2649,-10596,0,0,0,0,0,1,0,1,1
2651,10604,1,1,0,0,0,-1,1,2,1
-2651,-2651,0,0,2,0,0,1,2,4,1
2653,2653,1,1,0,0,0,-1,1,2,1
-2653,-10612,1,1,0,1,0,-1,1,2,1
2654,10616,0,0,0,0,0,1,0,1,1
-2654,-10616,0,0,0,0,0,1,0,1,1
2657,2657,1,1,0,1,0,-1,1,2,1
-2657,-10628,1,1,0,1,0,-1,1,2,1
2658,10632,1,1,0,0,0,-1,1,2,1
-2658,-10632,1,1,0,1,0,-1,1,2,1
2659,10636,1,1,0,0,0,-1,1,2,1
-2659,-2659,1,1,0,0,0,-1,1,2,1
2661,2661,1,1,0,0,0,-1,1,2,1
-2661,-10644,1,1,0,0,0,-1,1,2,1
2663,10652,0,0,0,0,0,1,0,1,1
-2663,-2663,0,0,0,0,0,1,0,1,1
2665,2665,0,0,0,0,0,1,0,1,1
-2665,-10660,0,0,0,0,0,1,0,1,1
2666,10664,0,0,2,0,0,1,2,4,1
-2666,-10664,0,0,2,0,0,1,2,4,1
2667,10668,0,0,0,0,0,1,0,1,1
-2667,-2667,0,0,0,0,0,1,0,1,1
2669,2669,1,1,0,0,0,-1,1,2,1
-2669,-10676,1,1,0,0,0,-1,1,2,1
2670,10680,1,1,0,0,0,-1,1,2,1
-2670,-10680,1,1,0,1,0,-1,1,2,1
2671,10684,0,0,0,0,0,1,0,1,1
-2671,-2671,0,0,2,0,0,1,2,4,1
2674,10696,0,0,0,0,0,1,0,1,1
-2674,-10696,0,0,0,0,0,1,0,1,1
2677,2677,0,0,0,0,0,1,0,1,1
-2677,-10708,0,0,0,0,0,1,0,1,1
2678,10712,0,0,0,0,0,1,0,1,1
-2678,-10712,2,2,0,2,0,1,2,4,1
2679,10716,1,1,0,0,0,-1,1,2,1
-2679,-2679,1,1,0,1,0,-1,1,2,1
2681,2681,1,1,0,0,0,-1,1,2,1
-2681,-10724,1,1,0,0,0,-1,1,2,1
2683,10732,1,1,0,0,0,-1,1,2,1
-2683,-2683,1,1,0,1,0,-1,1,2,1
2685,2685,0,0,0,0,0,1,0,1,1
-2685,-10740,0,0,0,0,0,1,0,1,1
2686,10744,1,1,0,0,0,-1,1,2,1
-2686,-10744,1,1,0,1,0,-1,1,2,1
2687,10748,0,0,0,0,0,1,0,1,1
-2687,-2687,0,0,0,0,0,1,0,1,1
2689,2689,0,0,0,0,0,1,0,1,1
-2689,-10756,0,0,0,0,0,1,0,1,1
2690,10760,1,1,0,0,0,-1,1,2,1
-2690,-10760,1,1,0,1,0,-1,1,2,1
2693,2693,0,0,0,0,0,1,0,1,1
-2693,-10772,0,0,0,0,0,1,0,1,1
2694,10776,1,1,0,0,0,-1,1,2,1
-2694,-10776,1,1,0,1,0,-1,1,2,1
2697,2697,1,1,0,1,0,-1,1,2,1
-2697,-10788,1,1,0,0,0,-1,1,2,1
2698,10792,0,0,0,0,0,1,0,1,1
-2698,-10792,0,0,0,0,0,1,0,1,1
2699,10796,0,0,0,0,0,1,0,1,1
-2699,-2699,0,0,0,0,0,1,0,1,1
2701,2701,1,1,0,1,0,-1,1,2,1
-2701,-10804,1,1,0,0,0,-1,1,2,1
2702,10808,1,1,0,0,0,-1,1,2,1
-2702,-10808,1,1,0,1,0,-1,1,2,1
2703,10812,1,1,0,0,0,-1,1,2,1
-2703,-2703,1,1,0,1,0,-1,1,2,1
2705,2705,1,1,0,0,0,-1,1,2,1
-2705,-10820,1,1,0,1,0,-1,1,2,1
2706,10824,1,1,0,0,0,-1,1,2,1
-2706,-10824,0,0,0,0,0,1,0,1,1
2707,10828,0,0,0,0,0,1,0,1,1
-2707,-2707,0,0,0,0,0,1,0,1,1
2710,10840,0,0,0,0,0,1,0,1,1
-2710,-10840,0,0,0,0,0,1,0,1,1
2711,10844,0,0,0,0,0,1,0,1,1
-2711,-2711,0,0,0,0,0,1,0,1,1
2713,2713,1,1,0,0,0,-1,1,2,1
-2713,-10852,1,1,0,0,0,-1,1,2,1
2714,10856,1,1,0,0,0,-1,1,2,1
-2714,-10856,1,1,0,1,0,-1,1,2,1
2715,10860,0,0,0,0,0,1,0,1,1
-2715,-2715,0,0,0,0,0,1,0,1,1
2717,2717,1,1,0,0,0,-1,1,2,1
-2717,-10868,0,0,0,0,0,1,0,1,1
2719,10876,1,1,0,0,0,-1,1,2,1
-2719,-2719,1,1,0,1,0,-1,1,2,1
2721,2721,0,0,0,0,0,1,0,1,1
-2721,-10884,0,0,2,0,0,1,2,4,1
2722,10888,0,0,2,0,0,1,2,4,1
-2722,-10888,2,2,0,2,0,1,2,4,1
2723,10892,1,1,0,0,0,-1,1,2,1
-2723,-2723,1,1,0,1,0,-1,1,2,1
2726,10904,0,0,0,0,0,1,0,1,1
-2726,-10904,0,0,0,0,0,1,0,1,1
2729,2729,0,0,2,0,0,1,2,4,1
-2729,-10916,2,2,0,2,0,1,2,4,1
2730,10920,1,1,0,0,0,-1,1,2,1
-2730,-10920,1,1,0,1,0,-1,1,2,1
2731,10924,0,2,0,0,0,1,2,4,1
-2731,-2731,0,0,0,0,0,1,0,1,1
2733,2733,0,2,0,0,0,1,2,4,1
-2733,-10932,0,0,0,0,0,1,0,1,1
2734,10936,1,1,0,0,0,-1,1,2,1
-2734,-10936,1,1,2,0,0,-1,3,8,1
2735,10940,1,1,0,0,0,-1,1,2,1
-2735,-2735,1,1,0,1,0,-1,1,2,1
2737,2737,2,2,0,2,0,1,2,4,1
-2737,-10948,0,2,0,0,0,1,2,4,1
2739,10956,1,1,0,0,0,-1,1,2,1
-2739,-2739,0,0,0,0,0,1,0,1,1
2741,2741,1,1,0,0,0,-1,1,2,1
-2741,-10964,1,1,0,0,0,-1,1,2,1
2742,10968,2,2,0,1,0,1,2,4,1
-2742,-10968,0,0,2,0,0,1,2,4,1
2743,10972,0,0,2,0,0,1,2,4,1
-2743,-2743,2,2,0,2,0,1,2,4,1
2746,10984,1,1,0,0,0,-1,1,2,1
-2746,-10984,1,1,0,0,0,-1,1,2,1
2747,10988,1,1,0,0,0,-1,1,2,1
-2747,-2747,1,1,0,1,0,-1,1,2,1
2749,2749,1,1,0,0,0,-1,1,2,1
-2749,-10996,1,1,0,0,0,-1,1,2,1
2751,11004,0,0,2,0,0,1,2,4,1
-2751,-2751,2,2,0,2,0,1,2,4,1
2753,2753,0,0,0,0,0,1,0,1,1
-2753,-11012,0,0,0,0,0,1,0,1,1
2755,11020,0,0,0,0,0,1,0,1,1
-2755,-2755,0,0,0,0,0,1,0,1,1
2757,2757,1,1,0,0,0,-1,1,2,1
-2757,-11028,1,1,0,0,0,-1,1,2,1
2758,11032,1,1,0,0,0,-1,1,2,1
-2758,-11032,1,1,0,1,0,-1,1,2,1
2759,11036,0,0,0,0,0,1,0,1,1
-2759,-2759,0,0,0,0,0,1,0,1,1
2761,2761,1,1,0,0,0,-1,1,2,1
-2761,-11044,0,0,0,0,0,1,0,1,1
2762,11048,0,0,0,0,0,1,0,1,1
-2762,-11048,0,0,0,0,0,1,0,1,1
2765,2765,0,0,2,0,0,1,2,4,1
-2765,-11060,0,2,0,0,0,1,2,4,1
2766,11064,2,2,0,2,0,1,2,4,1
-2766,-11064,0,2,0,0,0,1,2,4,1
2767,11068,1,1,0,0,0,-1,1,2,1
-2767,-2767,1,1,0,1,0,-1,1,2,1
2769,2769,1,1,0,1,0,-1,1,2,1
-2769,-11076,1,1,0,0,0,-1,1,2,1
2770,11080,0,0,2,0,0,1,2,4,1
-2770,-11080,0,0,2,0,0,1,2,4,1
2771,11084,1,1,0,0,0,-1,1,2,1
-2771,-2771,1,1,0,1,0,-1,1,2,1
2773,2773,0,0,0,0,0,1,0,1,1
-2773,-11092,0,0,2,0,0,1,2,4,1
2774,11096,1,1,0,0,0,-1,1,2,1
-2774,-11096,1,1,0,1,0,-1,1,2,1
2777,2777,0,0,2,0,0,1,2,4,1
-2777,-11108,2,2,0,2,0,1,2,4,1
2778,11112,1,1,0,0,0,-1,1,2,1
-2778,-11112,1,1,0,1,0,-1,1,2,1
2779,11116,1,1,0,0,0,-1,1,2,1
-2779,-2779,1,1,0,1,0,-1,1,2,1
2782,11128,1,1,0,0,0,-1,1,2,1
-2782,-11128,1,1,0,1,0,-1,1,2,1
2785,2785,1,1,0,0,0,-1,1,2,1
-2785,-11140,1,1,0,0,0,-1,1,2,1
2786,11144,0,0,2,0,0,1,2,4,1
-2786,-11144,0,0,0,0,0,1,0,1,1
2787,11148,0,0,2,0,0,1,2,4,1
-2787,-2787,0,2,0,0,0,1,2,4,1
2789,2789,1,1,0,0,0,-1,1,2,1
-2789,-11156,1,1,0,1,0,-1,1,2,1
2791,11164,1,1,0,0,0,-1,1,2,1
-2791,-2791,1,1,0,1,0,-1,1,2,1
2794,11176,1,1,0,0,0,-1,1,2,1
-2794,-11176,0,0,0,0,0,1,0,1,1
2795,11180,0,0,0,0,0,1,0,1,1
-2795,-2795,0,0,0,0,0,1,0,1,1
2797,2797,0,0,0,0,0,1,0,1,1
-2797,-11188,0,0,0,0,0,1,0,1,1
2798,11192,0,0,0,0,0,1,0,1,1
-2798,-11192,0,0,0,0,0,1,0,1,1
2801,2801,1,1,0,0,0,-1,1,2,1
-2801,-11204,1,1,0,1,0,-1,1,2,1
2802,11208,1,1,0,0,0,-1,1,2,1
-2802,-11208,1,1,0,1,0,-1,1,2,1
2803,11212,0,0,2,0,0,1,2,4,1
-2803,-2803,0,0,0,0,0,1,0,1,1
2805,2805,1,1,0,0,0,-1,1,2,1
-2805,-11220,0,0,0,0,0,1,0,1,1
2806,11224,2,2,0,2,0,1,2,4,1
-2806,-11224,0,2,0,0,0,1,2,4,1
2807,11228,1,1,0,0,0,-1,1,2,1
-2807,-2807,1,1,0,1,0,-1,1,2,1
2810,11240,0,0,2,0,0,1,2,4,1
-2810,-11240,2,2,0,2,0,1,2,4,1
2811,11244,1,1,0,0,0,-1,1,2,1
-2811,-2811,1,1,0,0,0,-1,1,2,1
2813,2813,1,1,0,1,0,-1,1,2,1
-2813,-11252,1,1,0,1,0,-1,1,2,1
2814,11256,0,0,0,0,0,1,0,1,1
-2814,-11256,0,0,0,0,0,1,0,1,1
2815,11260,1,1,0,0,0,-1,1,2,1
-2815,-2815,1,1,0,1,0,-1,1,2,1
2818,11272,1,1,0,0,0,-1,1,2,1
-2818,-11272,1,1,0,1,0,-1,1,2,1
2819,11276,0,0,0,0,0,1,0,1,1
-2819,-2819,0,0,0,0,0,1,0,1,1
2821,2821,0,2,0,0,0,1,2,4,1
-2821,-11284,0,0,2,0,0,1,2,4,1
2822,11288,1,1,0,0,0,-1,1,2,1
-2822,-11288,1,1,0,1,0,-1,1,2,1
2823,11292,1,1,0,0,0,-1,1,2,1
-2823,-2823,1,1,0,1,0,-1,1,2,1
2827,11308,1,1,0,1,0,-1,1,2,1
-2827,-2827,0,0,0,0,0,1,0,1,1
2829,2829,1,1,0,0,0,-1,1,2,1
-2829,-11316,1,1,0,0,0,-1,1,2,1
2830,11320,0,0,2,0,0,1,2,4,1
-2830,-11320,2,2,0,1,0,1,2,4,1
2831,11324,0,0,2,0,0,1,2,4,1
-2831,-2831,0,0,2,0,0,1,2,4,1
2833,2833,1,1,0,0,0,-1,1,2,1
-2833,-11332,1,1,0,0,0,-1,1,2,1
2834,11336,1,1,0,0,0,-1,1,2,1
-2834,-11336,1,1,0,1,0,-1,1,2,1
2837,2837,1,1,0,0,0,-1,1,2,1
-2837,-11348,1,1,0,1,0,-1,1,2,1
2838,11352,1,1,0,0,0,-1,1,2,1
-2838,-11352,2,2,0,2,0,1,2,4,1
2839,11356,0,0,0,0,0,1,0,1,1
-2839,-2839,0,0,0,0,0,1,0,1,1
2841,2841,0,0,0,0,0,1,0,1,1
-2841,-11364,0,0,0,0,0,1,0,1,1
2843,11372,0,0,0,0,0,1,0,1,1
-2843,-2843,2,2,0,1,0,1,2,4,1
2845,2845,1,1,0,0,0,-1,1,2,1
-2845,-11380,1,1,0,0,0,-1,1,2,1
2846,11384,1,1,0,0,0,-1,1,2,1
-2846,-11384,1,1,0,1,0,-1,1,2,1
2847,11388,0,0,2,0,0,1,2,4,1
-2847,-2847,0,0,2,0,0,1,2,4,1
2849,2849,1,1,0,1,0,-1,1,2,1
-2849,-11396,0,0,0,0,0,1,0,1,1
2851,11404,1,1,0,0,0,-1,1,2,1
-2851,-2851,1,1,0,0,0,-1,1,2,1
2854,11416,0,0,0,0,0,1,0,1,1
-2854,-11416,0,0,0,0,0,1,0,1,1
2855,11420,1,1,0,0,0,-1,1,2,1
-2855,-2855,1,1,0,1,0,-1,1,2,1
2857,2857,1,1,0,0,0,-1,1,2,1
-2857,-11428,1,1,0,1,0,-1,1,2,1
2858,11432,0,0,2,0,0,1,2,4,1
-2858,-11432,0,0,2,0,0,1,2,4,1
2859,11436,1,1,0,0,0,-1,1,2,1
-2859,-2859,1,1,0,0,0,-1,1,2,1
2861,2861,0,0,0,0,0,1,0,1,1
-2861,-11444,0,0,0,0,0,1,0,1,1
2863,11452,0,0,2,0,0,1,2,4,1
-2863,-2863,0,0,2,0,0,1,2,4,1
2865,2865,0,0,0,0,0,1,0,1,1
-2865,-11460,0,0,0,0,0,1,0,1,1
2866,11464,1,1,0,0,0,-1,1,2,1
-2866,-11464,1,1,0,1,0,-1,1,2,1
2867,11468,1,1,0,0,0,-1,1,2,1
-2867,-2867,1,1,0,1,0,-1,1,2,1
2869,2869,0,0,2,0,0,1,2,4,1
-2869,-11476,2,2,0,1,0,1,2,4,1
2870,11480,1,1,0,0,0,-1,1,2,1
-2870,-11480,1,1,0,1,0,-1,1,2,1
2874,11496,0,0,0,0,0,1,0,1,1
-2874,-11496,0,0,0,0,0,1,0,1,1
2877,2877,1,1,0,0,0,-1,1,2,1
-2877,-11508,1,1,0,1,0,-1,1,2,1
2878,11512,3,3,0,3,0,-1,3,8,1
-2878,-11512,1,1,0,1,0,-1,1,2,1
2879,11516,1,1,0,0,0,-1,1,2,1
-2879,-2879,1,1,0,1,0,-1,1,2,1
2881,2881,1,1,0,0,0,-1,1,2,1
-2881,-11524,1,1,0,0,0,-1,1,2,1
2882,11528,1,1,0,1,0,-1,1,2,1
-2882,-11528,0,0,0,0,0,1,0,1,1
2885,2885,0,0,0,0,0,1,0,1,1
-2885,-11540,0,0,0,0,0,1,0,1,1
2886,11544,0,0,0,0,0,1,0,1,1
-2886,-11544,0,0,0,0,0,1,0,1,1
2887,11548,0,0,0,0,0,1,0,1,1
-2887,-2887,0,0,0,0,0,1,0,1,1
2893,2893,1,1,0,0,0,-1,1,2,1
-2893,-11572,0,0,0,0,0,1,0,1,1
2894,11576,0,0,0,0,0,1,0,1,1
-2894,-11576,0,0,0,0,0,1,0,1,1
2895,11580,1,1,0,0,0,-1,1,2,1
-2895,-2895,1,1,0,1,0,-1,1,2,1
2897,2897,2,2,0,2,0,1,2,4,1
-2897,-11588,0,2,0,0,0,1,2,4,1
2899,11596,1,1,0,0,0,-1,1,2,1
-2899,-2899,1,1,0,1,0,-1,1,2,1
2901,2901,1,1,0,0,0,-1,1,2,1
-2901,-11604,1,1,0,1,0,-1,1,2,1
2902,11608,0,0,0,0,0,1,0,1,1
-2902,-11608,0,0,0,0,0,1,0,1,1
2903,11612,1,1,0,0,0,-1,1,2,1
-2903,-2903,1,1,0,1,0,-1,1,2,1
2905,2905,0,0,0,0,0,1,0,1,1
-2905,-11620,0,0,0,0,0,1,0,1,1
2906,11624,1,1,0,0,0,-1,1,2,1
-2906,-11624,1,1,0,0,0,-1,1,2,1
2909,2909,0,0,0,0,0,1,0,1,1
-2909,-11636,0,0,0,0,0,1,0,1,1
2910,11640,1,1,0,0,0,-1,1,2,1
-2910,-11640,1,1,0,1,0,-1,1,2,1
2911,11644,1,1,0,0,0,-1,1,2,1
-2911,-2911,1,1,0,1,0,-1,1,2,1
2913,2913,0,0,0,0,0,1,0,1,1
-2913,-11652,0,0,0,0,0,1,0,1,1
2914,11656,1,1,0,0,0,-1,1,2,1
-2914,-11656,1,1,0,1,0,-1,1,2,1
2915,11660,1,1,0,0,0,-1,1,2,1
-2915,-2915,0,0,2,0,0,1,2,4,1
2917,2917,1,1,0,0,0,-1,1,2,1
-2917,-11668,1,1,0,0,0,-1,1,2,1
2918,11672,0,0,0,0,0,1,0,1,1
-2918,-11672,0,0,0,0,0,1,0,1,1
2919,11676,0,2,0,0,0,1,2,4,1
-2919,-2919,2,2,0,2,0,1,2,4,1
2921,2921,1,1,0,0,0,-1,1,2,1
-2921,-11684,1,1,0,0,0,-1,1,2,1
2922,11688,1,1,0,0,0,-1,1,2,1
-2922,-11688,1,1,0,1,0,-1,1,2,1
2923,11692,1,1,0,0,0,-1,1,2,1
-2923,-2923,1,1,0,1,0,-1,1,2,1
2926,11704,1,1,0,0,0,-1,1,2,1
-2926,-11704,2,2,0,2,0,1,2,4,1
2927,11708,0,0,2,0,0,1,2,4,1
-2927,-2927,0,0,0,0,0,1,0,1,1
2929,2929,0,0,2,0,0,1,2,4,1
-2929,-11716,2,2,0,1,0,1,2,4,1
2930,11720,0,0,0,0,0,1,0,1,1
-2930,-11720,0,0,0,0,0,1,0,1,1
2931,11724,0,0,0,0,0,1,0,1,1
-2931,-2931,0,0,0,0,0,1,0,1,1
2933,2933,1,1,0,0,0,-1,1,2,1
-2933,-11732,1,1,0,1,0,-1,1,2,1
2935,11740,2,2,0,2,0,1,2,4,1
-2935,-2935,0,0,0,0,0,1,0,1,1
2937,2937,1,1,0,1,0,-1,1,2,1
-2937,-11748,0,0,0,0,0,1,0,1,1
2938,11752,0,0,0,0,0,1,0,1,1
-2938,-11752,0,0,0,0,0,1,0,1,1
2939,11756,1,1,0,0,0,-1,1,2,1
-2939,-2939,1,1,0,1,0,-1,1,2,1
2941,2941,0,0,2,0,0,1,2,4,1
-2941,-11764,0,2,0,0,0,1,2,4,1
2942,11768,0,2,0,0,0,1,2,4,1
-2942,-11768,2,2,0,2,0,1,2,4,1
2945,2945,1,1,0,0,0,-1,1,2,1
-2945,-11780,1,1,0,1,0,-1,1,2,1
2946,11784,0,0,2,0,0,1,2,4,1
-2946,-11784,0,0,2,0,0,1,2,4,1
2947,11788,1,1,0,0,0,-1,1,2,1
-2947,-2947,1,1,0,1,0,-1,1,2,1
2949,2949,0,0,0,0,0,1,0,1,1
-2949,-11796,0,0,0,0,0,1,0,1,1
2951,11804,0,0,0,0,0,1,0,1,1
-2951,-2951,0,0,0,0,0,1,0,1,1
2953,2953,0,0,0,0,0,1,0,1,1
-2953,-11812,0,0,0,0,0,1,0,1,1
2954,11816,1,1,0,1,0,-1,1,2,1
-2954,-11816,1,1,0,1,0,-1,1,2,1
2955,11820,1,1,0,0,0,-1,1,2,1
-2955,-2955,1,1,0,0,0,-1,1,2,1
2957,2957,0,0,0,0,0,1,0,1,1
-2957,-11828,0,0,0,0,0,1,0,1,1
2958,11832,1,1,0,0,0,-1,1,2,1
-2958,-11832,1,1,0,1,0,-1,1,2,1
2959,11836,1,1,0,1,0,-1,1,2,1
-2959,-2959,2,2,0,2,0,1,2,4,1
2962,11848,2,2,0,2,0,1,2,4,1
-2962,-11848,0,2,0,0,0,1,2,4,1
2963,11852,0,0,0,0,0,1,0,1,1
-2963,-2963,0,0,0,0,0,1,0,1,1
2965,2965,1,1,0,0,0,-1,1,2,1
-2965,-11860,1,1,0,0,0,-1,1,2,1
2966,11864,1,1,0,0,0,-1,1,2,1
-2966,-11864,1,1,0,1,0,-1,1,2,1
2967,11868,1,1,0,0,0,-1,1,2,1
-2967,-2967,1,1,0,1,0,-1,1,2,1
2969,2969,1,1,0,0,0,-1,1,2,1
-2969,-11876,1,1,0,0,0,-1,1,2,1
2971,11884,0,0,0,0,0,1,0,1,1
-2971,-2971,0,0,0,0,0,1,0,1,1
2973,2973,0,2,0,0,0,1,2,4,1
-2973,-11892,0,0,0,0,0,1,0,1,1
2974,11896,0,0,2,0,0,1,2,4,1
-2974,-11896,0,0,2,0,0,1,2,4,1
2977,2977,1,1,0,1,0,-1,1,2,1
-2977,-11908,1,1,0,1,0,-1,1,2,1
2978,11912,1,1,0,0,0,-1,1,2,1
-2978,-11912,1,1,0,1,0,-1,1,2,1
2981,2981,1,1,0,0,0,-1,1,2,1
-2981,-11924,0,2,0,0,0,1,2,4,1
2982,11928,0,0,0,0,0,1,0,1,1
-2982,-11928,0,0,0,0,0,1,0,1,1
2983,11932,1,1,0,1,0,-1,1,2,1
-2983,-2983,1,1,0,1,0,-1,1,2,1
2985,2985,0,0,0,0,0,1,0,1,1
-2985,-11940,0,0,2,0,0,1,2,4,1
2986,11944,0,0,0,0,0,1,0,1,1
-2986,-11944,0,0,0,0,0,1,0,1,1
2987,11948,1,1,0,0,0,-1,1,2,1
-2987,-2987,1,1,0,1,0,-1,1,2,1
2990,11960,0,0,0,0,0,1,0,1,1
-2990,-11960,0,0,0,0,0,1,0,1,1
2991,11964,1,1,0,0,0,-1,1,2,1
-2991,-2991,1,1,0,1,0,-1,1,2,1
2993,2993,0,0,0,0,0,1,0,1,1
-2993,-11972,0,0,0,0,0,1,0,1,1
2994,11976,1,1,0,0,0,-1,1,2,1
-2994,-11976,1,1,0,1,0,-1,1,2,1
2995,11980,0,0,0,0,0,1,0,1,1
-2995,-2995,0,0,2,0,0,1,2,4,1
2998,11992,1,1,0,0,0,-1,1,2,1
-2998,-11992,1,1,0,1,0,-1,1,2,1
2999,11996,1,1,0,0,0,-1,1,2,1
-2999,-2999,1,1,0,1,0,-1,1,2,1
3001,3001,0,0,0,0,0,1,0,1,1
-3001,-12004,0,0,0,0,0,1,0,1,1
3002,12008,1,1,0,0,0,-1,1,2,1
-3002,-12008,1,1,0,1,0,-1,1,2,1
3003,12012,1,1,0,1,0,-1,1,2,1
-3003,-3003,0,2,0,0,0,1,2,4,1
3005,3005,1,1,0,0,0,-1,1,2,1
-3005,-12020,1,1,0,1,0,-1,1,2,1
3007,12028,0,0,0,0,0,1,0,1,1
-3007,-3007,0,0,0,0,0,1,0,1,1
3009,3009,1,1,0,0,0,-1,1,2,1
-3009,-12036,1,1,0,1,0,-1,1,2,1
3010,12040,1,1,0,1,0,-1,1,2,1
-3010,-12040,1,1,0,1,0,-1,1,2,1
3011,12044,1,1,0,0,0,-1,1,2,1
-3011,-3011,1,1,0,1,0,-1,1,2,1
3013,3013,1,1,0,0,0,-1,1,2,1
-3013,-12052,1,1,0,1,0,-1,1,2,1
3014,12056,1,1,0,0,0,-1,1,2,1
-3014,-12056,0,0,0,0,0,1,0,1,1
3017,3017,0,0,0,0,0,1,0,1,1
-3017,-12068,0,0,0,0,0,1,0,1,1
3018,12072,2,2,0,2,0,1,2,4,1
-3018,-12072,0,2,0,0,0,1,2,4,1
3019,12076,0,0,0,0,0,1,0,1,1
-3019,-3019,0,0,0,0,0,1,0,1,1
3021,3021,1,1,0,0,0,-1,1,2,1
-3021,-12084,1,1,0,1,0,-1,1,2,1
3022,12088,1,1,0,0,0,-1,1,2,1
-3022,-12088,1,1,0,1,0,-1,1,2,1
3023,12092,0,0,0,0,0,1,0,1,1
-3023,-3023,0,0,0,0,0,1,0,1,1
3026,12104,0,0,0,0,0,1,0,1,1
-3026,-12104,0,0,0,0,0,1,0,1,1
3027,12108,1,1,0,0,0,-1,1,2,1
-3027,-3027,1,1,0,1,0,-1,1,2,1
3029,3029,2,2,0,2,0,1,2,4,1
-3029,-12116,0,0,2,0,0,1,2,4,1
3030,12120,0,0,0,0,0,1,0,1,1
-3030,-12120,0,0,0,0,0,1,0,1,1
3031,12124,1,1,0,0,0,-1,1,2,1
-3031,-3031,1,1,0,1,0,-1,1,2,1
3034,12136,0,0,0,0,0,1,0,1,1
-3034,-12136,0,0,0,0,0,1,0,1,1
3035,12140,1,1,0,0,0,-1,1,2,1
-3035,-3035,1,1,0,1,0,-1,1,2,1
3037,3037,0,0,0,0,0,1,0,1,1
-3037,-12148,0,0,0,0,0,1,0,1,1
3039,12156,0,0,0,0,0,1,0,1,1
-3039,-3039,0,0,0,0,0,1,0,1,1
3041,3041,0,0,0,0,0,1,0,1,1
-3041,-12164,0,0,0,0,0,1,0,1,1
3043,12172,1,1,0,0,0,-1,1,2,1
-3043,-3043,1,1,0,1,0,-1,1,2,1
3045,3045,0,0,0,0,0,1,0,1,1
-3045,-12180,0,0,0,0,0,1,0,1,1
3046,12184,1,1,0,0,0,-1,1,2,1
-3046,-12184,1,1,0,0,0,-1,1,2,1
3047,12188,1,1,0,0,0,-1,1,2,1
-3047,-3047,0,0,0,0,0,1,0,1,1
3049,3049,1,1,0,0,0,-1,1,2,1
-3049,-12196,1,1,0,0,0,-1,1,2,1
3053,3053,1,1,0,0,0,-1,1,2,1
-3053,-12212,1,1,0,0,0,-1,1,2,1
3054,12216,1,1,0,0,0,-1,1,2,1
-3054,-12216,1,1,0,0,0,-1,1,2,1
3055,12220,1,1,0,0,0,-1,1,2,1
-3055,-3055,1,1,0,1,0,-1,1,2,1
3057,3057,1,1,0,0,0,-1,1,2,1
-3057,-12228,1,1,0,1,0,-1,1,2,1
3058,12232,1,1,0,0,0,-1,1,2,1
-3058,-12232,0,0,0,0,0,1,0,1,1
3059,12236,0,0,0,0,0,1,0,1,1
-3059,-3059,0,0,0,0,0,1,0,1,1
3061,3061,0,0,0,0,0,1,0,1,1
-3061,-12244,0,0,0,0,0,1,0,1,1
3062,12248,0,2,0,0,0,1,2,4,1
-3062,-12248,0,2,0,0,0,1,2,4,1
3063,12252,0,0,0,0,0,1,0,1,1
-3063,-3063,0,0,0,0,0,1,0,1,1
3065,3065,1,1,0,0,0,-1,1,2,1
-3065,-12260,1,1,0,0,0,-1,1,2,1
3066,12264,1,1,0,0,0,-1,1,2,1
-3066,-12264,1,1,0,1,0,-1,1,2,1
3067,12268,0,0,0,0,0,1,0,1,1
-3067,-3067,0,0,0,0,0,1,0,1,1
3070,12280,0,0,0,0,0,1,0,1,1
-3070,-12280,0,0,0,0,0,1,0,1,1
3071,12284,1,1,0,0,0,-1,1,2,1
-3071,-3071,1,1,0,1,0,-1,1,2,1
3073,3073,0,0,0,0,0,1,0,1,1
-3073,-12292,0,0,0,0,0,1,0,1,1
3074,12296,0,0,0,0,0,1,0,1,1
-3074,-12296,0,0,0,0,0,1,0,1,1
3077,3077,1,1,0,0,0,-1,1,2,1
-3077,-12308,1,1,0,1,0,-1,1,2,1
3079,12316,1,1,0,0,0,-1,1,2,1
-3079,-3079,1,1,0,1,0,-1,1,2,1
3081,3081,0,0,0,0,0,1,0,1,1
-3081,-12324,0,0,0,0,0,1,0,1,1
3082,12328,1,1,0,0,0,-1,1,2,1
-3082,-12328,1,1,0,0,0,-1,1,2,1
3083,12332,0,0,0,0,0,1,0,1,1
-3083,-3083,0,0,0,0,0,1,0,1,1
3085,3085,0,0,0,0,0,1,0,1,1
-3085,-12340,0,0,0,0,0,1,0,1,1
3086,12344,1,1,0,0,0,-1,1,2,1
-3086,-12344,1,1,0,1,0,-1,1,2,1
3089,3089,0,0,0,0,0,1,0,1,1
-3089,-12356,0,0,0,0,0,1,0,1,1
3090,12360,1,1,0,0,0,-1,1,2,1
-3090,-12360,1,1,2,0,0,-1,3,8,1
3091,12364,1,1,0,1,0,-1,1,2,1
-3091,-3091,0,0,0,0,0,1,0,1,1
3093,3093,1,1,0,0,0,-1,1,2,1
-3093,-12372,1,1,0,0,0,-1,1,2,1
3094,12376,0,0,0,0,0,1,0,1,1
-3094,-12376,0,0,0,0,0,1,0,1,1
3095,12380,0,0,0,0,0,1,0,1,1
-3095,-3095,0,0,0,0,0,1,0,1,1
3097,3097,1,1,0,0,0,-1,1,2,1
-3097,-12388,1,1,0,1,0,-1,1,2,1
3098,12392,1,1,0,0,0,-1,1,2,1
-3098,-12392,1,1,0,1,0,-1,1,2,1
3099,12396,1,1,0,0,0,-1,1,2,1
-3099,-3099,1,1,0,0,0,-1,1,2,1
3101,3101,1,1,0,0,0,-1,1,2,1
-3101,-12404,1,1,0,1,0,-1,1,2,1
3102,12408,1,1,0,1,0,-1,1,2,1
-3102,-12408,0,0,0,0,0,1,0,1,1
3103,12412,2,2,0,2,0,1,2,4,1
-3103,-3103,2,2,0,2,0,1,2,4,1
3106,12424,0,0,2,0,0,1,2,4,1
-3106,-12424,0,0,2,0,0,1,2,4,1
3107,12428,0,0,2,0,0,1,2,4,1
-3107,-3107,0,0,2,0,0,1,2,4,1
3109,3109,1,1,0,0,0,-1,1,2,1
-3109,-12436,1,1,0,1,0,-1,1,2,1
3110,12440,1,1,0,0,0,-1,1,2,1
-3110,-12440,1,1,0,1,0,-1,1,2,1
3111,12444,0,2,0,0,0,1,2,4,1
-3111,-3111,0,0,2,0,0,1,2,4,1
3113,3113,1,1,0,1,0,-1,1,2,1
-3113,-12452,0,0,2,0,0,1,2,4,1
3115,12460,1,1,0,0,0,-1,1,2,1
-3115,-3115,1,1,0,0,0,-1,1,2,1
3117,3117,0,0,0,0,0,1,0,1,1
-3117,-12468,0,0,0,0,0,1,0,1,1
3118,12472,2,2,0,1,0,1,2,4,1
-3118,-12472,2,2,0,2,0,1,2,4,1
3119,12476,1,1,0,0,0,-1,1,2,1
-3119,-3119,1,1,0,1,0,-1,1,2,1
3121,3121,1,1,0,1,0,-1,1,2,1
-3121,-12484,1,1,0,0,0,-1,1,2,1
3122,12488,0,0,0,0,0,1,0,1,1
-3122,-12488,0,0,0,0,0,1,0,1,1
3126,12504,1,1,0,0,0,-1,1,2,1
-3126,-12504,1,1,0,0,0,-1,1,2,1
3127,12508,0,0,0,0,0,1,0,1,1
-3127,-3127,0,0,0,0,0,1,0,1,1
3129,3129,2,2,0,2,0,1,2,4,1
-3129,-12516,0,0,2,0,0,1,2,4,1
3130,12520,1,1,0,0,0,-1,1,2,1
-3130,-12520,1,1,0,0,0,-1,1,2,1
3131,12524,1,1,0,0,0,-1,1,2,1
-3131,-3131,1,1,0,0,0,-1,1,2,1
3133,3133,0,0,0,0,0,1,0,1,1
-3133,-12532,0,0,0,0,0,1,0,1,1
3134,12536,1,1,0,1,0,-1,1,2,1
-3134,-12536,1,1,0,1,0,-1,1,2,1
3135,12540,1,1,0,0,0,-1,1,2,1
-3135,-3135,2,2,0,2,0,1,2,4,1
3137,3137,1,1,0,0,0,-1,1,2,1
-3137,-12548,1,1,0,1,0,-1,1,2,1
3138,12552,0,0,0,0,0,1,0,1,1
-3138,-12552,0,0,0,0,0,1,0,1,1
3139,12556,0,2,0,0,0,1,2,4,1
-3139,-3139,0,2,0,0,0,1,2,4,1
3142,12568,1,1,0,0,0,-1,1,2,1
-3142,-12568,1,1,0,1,0,-1,1,2,1
3143,12572,1,1,0,0,0,-1,1,2,1
-3143,-3143,1,1,0,1,0,-1,1,2,1
3145,3145,1,1,0,0,0,-1,1,2,1
-3145,-12580,1,1,0,0,0,-1,1,2,1
3147,12588,0,0,0,0,0,1,0,1,1
-3147,-3147,0,0,0,0,0,1,0,1,1
3149,3149,0,0,2,0,0,1,2,4,1
-3149,-12596,0,0,0,0,0,1,0,1,1
3151,12604,0,0,0,0,0,1,0,1,1
-3151,-3151,0,0,0,0,0,1,0,1,1
3153,3153,1,1,0,1,0,-1,1,2,1
-3153,-12612,1,1,0,0,0,-1,1,2,1
3154,12616,1,1,0,1,0,-1,1,2,1
-3154,-12616,1,1,0,1,0,-1,1,2,1
3155,12620,0,0,0,0,0,1,0,1,1
-3155,-3155,0,0,0,0,0,1,0,1,1
3157,3157,1,1,0,1,0,-1,1,2,1
-3157,-12628,0,0,0,0,0,1,0,1,1
3158,12632,0,0,2,0,0,1,2,4,1
-3158,-12632,0,0,2,0,0,1,2,4,1
3161,3161,0,0,0,0,0,1,0,1,1
-3161,-12644,0,0,0,0,0,1,0,1,1
3162,12648,0,0,0,0,0,1,0,1,1
-3162,-12648,0,0,0,0,0,1,0,1,1
3163,12652,1,1,0,0,0,-1,1,2,1
-3163,-3163,1,1,0,1,0,-1,1,2,1
3165,3165,1,1,0,0,0,-1,1,2,1
-3165,-12660,1,1,0,1,0,-1,1,2,1
3166,12664,2,2,0,2,0,1,2,4,1
-3166,-12664,0,0,2,0,0,1,2,4,1
3167,12668,1,1,0,0,0,-1,1,2,1
-3167,-3167,1,1,0,1,0,-1,1,2,1
3169,3169,0,0,0,0,0,1,0,1,1
-3169,-12676,0,0,0,0,0,1,0,1,1
3170,12680,1,1,0,0,0,-1,1,2,1
-3170,-12680,1,1,0,1,0,-1,1,2,1
3171,12684,0,2,0,0,0,1,2,4,1
-3171,-3171,0,2,0,0,0,1,2,4,1
3173,3173,0,0,0,0,0,1,0,1,1
-3173,-12692,0,0,0,0,0,1,0,1,1
3178,12712,1,1,0,0,0,-1,1,2,1
-3178,-12712,1,1,0,1,0,-1,1,2,1
3181,3181,1,1,0,0,0,-1,1,2,1
-3181,-12724,1,1,0,0,0,-1,1,2,1
3182,12728,0,0,2,0,0,1,2,4,1
-3182,-12728,0,0,2,0,0,1,2,4,1
3183,12732,0,0,0,0,0,1,0,1,1
-3183,-3183,0,0,0,0,0,1,0,1,1
3187,12748,1,1,0,0,0,-1,1,2,1
-3187,-3187,1,1,0,0,0,-1,1,2,1
3189,3189,1,1,0,0,0,-1,1,2,1
-3189,-12756,1,1,0,0,0,-1,1,2,1
3190,12760,1,1,0,0,0,-1,1,2,1
-3190,-12760,0,0,2,0,0,1,2,4,1
3191,12764,0,2,0,0,0,1,2,4,1
-3191,-3191,0,0,0,0,0,1,0,1,1
3193,3193,2,2,0,2,0,1,2,4,1
-3193,-12772,0,0,0,0,0,1,0,1,1
3194,12776,0,2,0,0,0,1,2,4,1
-3194,-12776,0,2,0,0,0,1,2,4,1
3197,3197,1,1,0,0,0,-1,1,2,1
-3197,-12788,1,1,0,1,0,-1,1,2,1
3198,12792,1,1,0,0,0,-1,1,2,1
-3198,-12792,1,1,0,1,0,-1,1,2,1
3199,12796,0,2,0,0,0,1,2,4,1
-3199,-3199,0,0,2,0,0,1,2,4,1
3201,3201,1,1,0,0,0,-1,1,2,1
-3201,-12804,0,0,0,0,0,1,0,1,1
3202,12808,0,0,0,0,0,1,0,1,1
-3202,-12808,0,0,0,0,0,1,0,1,1
3203,12812,1,1,0,0,0,-1,1,2,1
-3203,-3203,1,1,0,1,0,-1,1,2,1
3205,3205,0,0,0,0,0,1,0,1,1
-3205,-12820,0,0,0,0,0,1,0,1,1
3206,12824,0,0,0,0,0,1,0,1,1
-3206,-12824,0,0,0,0,0,1,0,1,1
3207,12828,1,1,0,0,0,-1,1,2,1
-3207,-3207,1,1,0,1,0,-1,1,2,1
3209,3209,1,1,0,0,0,-1,1,2,1
-3209,-12836,1,1,0,0,0,-1,1,2,1
3210,12840,0,0,0,0,0,1,0,1,1
-3210,-12840,0,0,0,0,0,1,0,1,1
3214,12856,1,1,0,0,0,-1,1,2,1
-3214,-12856,1,1,0,0,0,-1,1,2,1
3215,12860,0,0,0,0,0,1,0,1,1
-3215,-3215,0,0,0,0,0,1,0,1,1
3217,3217,0,0,0,0,0,1,0,1,1
-3217,-12868,0,0,0,0,0,1,0,1,1
3218,12872,1,1,0,0,0,-1,1,2,1
-3218,-12872,1,1,0,1,0,-1,1,2,1
3219,12876,1,1,0,0,0,-1,1,2,1
-3219,-3219,1,1,0,1,0,-1,1,2,1
3221,3221,0,0,0,0,0,1,0,1,1
-3221,-12884,0,0,0,0,0,1,0,1,1
3223,12892,1,1,0,0,0,-1,1,2,1
-3223,-3223,2,2,0,2,0,1,2,4,1
3226,12904,0,0,0,0,0,1,0,1,1
-3226,-12904,0,0,0,0,0,1,0,1,1
3227,12908,0,0,0,0,0,1,0,1,1
-3227,-3227,0,0,0,0,0,1,0,1,1
3229,3229,1,1,0,1,0,-1,1,2,1
-3229,-12916,1,1,0,0,0,-1,1,2,1
3230,12920,1,1,0,0,0,-1,1,2,1
-3230,-12920,1,1,0,1,0,-1,1,2,1
3233,3233,1,1,0,1,0,-1,1,2,1
-3233,-12932,1,1,0,1,0,-1,1,2,1
3235,12940,0,0,0,0,0,1,0,1,1
-3235,-3235,0,0,0,0,0,1,0,1,1
3237,3237,0,0,0,0,0,1,0,1,1
-3237,-12948,0,0,0,0,0,1,0,1,1
3238,12952,2,2,0,2,0,1,2,4,1
-3238,-12952,0,0,2,0,0,1,2,4,1
3239,12956,0,0,2,0,0,1,2,4,1
-3239,-3239,2,2,0,2,0,1,2,4,1
3241,3241,1,1,0,1,0,-1,1,2,1
-3241,-12964,1,1,0,0,0,-1,1,2,1
3242,12968,1,1,0,1,0,-1,1,2,1
-3242,-12968,1,1,0,1,0,-1,1,2,1
3243,12972,0,0,2,0,0,1,2,4,1
-3243,-3243,0,0,0,0,0,1,0,1,1
3245,3245,1,1,0,0,0,-1,1,2,1
-3245,-12980,0,0,0,0,0,1,0,1,1
3246,12984,0,0,0,0,0,1,0,1,1
-3246,-12984,0,0,0,0,0,1,0,1,1
3247,12988,1,1,0,0,0,-1,1,2,1
-3247,-3247,1,1,0,1,0,-1,1,2,1
3251,13004,1,1,0,1,0,-1,1,2,1
-3251,-3251,1,1,0,1,0,-1,1,2,1
3253,3253,1,1,0,1,0,-1,1,2,1
-3253,-13012,1,1,0,0,0,-1,1,2,1
3254,13016,0,0,0,0,0,1,0,1,1
-3254,-13016,0,0,0,0,0,1,0,1,1
3255,13020,1,1,0,0,0,-1,1,2,1
-3255,-3255,1,1,0,1,0,-1,1,2,1
3257,3257,0,0,0,0,0,1,0,1,1
-3257,-13028,0,0,0,0,0,1,0,1,1
3259,13036,0,2,0,0,0,1,2,4,1
-3259,-3259,0,0,0,0,0,1,0,1,1
3261,3261,0,0,0,0,0,1,0,1,1
-3261,-13044,0,0,2,0,0,1,2,4,1
3262,13048,1,1,0,0,0,-1,1,2,1
-3262,-13048,1,1,0,1,0,-1,1,2,1
3263,13052,1,1,0,0,0,-1,1,2,1
-3263,-3263,1,1,0,1,0,-1,1,2,1
3265,3265,0,0,0,0,0,1,0,1,1
-3265,-13060,0,0,0,0,0,1,0,1,1
3266,13064,1,1,0,0,0,-1,1,2,1
-3266,-13064,1,1,0,0,0,-1,1,2,1
3269,3269,1,1,0,0,0,-1,1,2,1
-3269,-13076,1,1,0,0,0,-1,1,2,1
3270,13080,0,0,2,0,0,1,2,4,1
-3270,-13080,0,2,0,0,0,1,2,4,1
3271,13084,0,0,0,0,0,1,0,1,1
-3271,-3271,0,0,0,0,0,1,0,1,1
3273,3273,1,1,0,0,0,-1,1,2,1
-3273,-13092,1,1,0,0,0,-1,1,2,1
3274,13096,1,1,0,0,0,-1,1,2,1
-3274,-13096,1,1,0,1,0,-1,1,2,1
3277,3277,1,1,0,0,0,-1,1,2,1
-3277,-13108,1,1,0,0,0,-1,1,2,1
3278,13112,1,1,0,1,0,-1,1,2,1
-3278,-13112,0,0,0,0,0,1,0,1,1
3279,13116,0,0,0,0,0,1,0,1,1
-3279,-3279,0,0,0,0,0,1,0,1,1
3281,3281,0,0,0,0,0,1,0,1,1
-3281,-13124,0,0,0,0,0,1,0,1,1
3282,13128,2,2,0,1,0,1,2,4,1
-3282,-13128,0,2,0,0,0,1,2,4,1
3286,13144,1,1,0,0,0,-1,1,2,1
-3286,-13144,1,1,0,1,0,-1,1,2,1
3287,13148,0,0,0,0,0,1,0,1,1
-3287,-3287,0,0,0,0,0,1,0,1,1
3289,3289,1,1,0,1,0,-1,1,2,1
-3289,-13156,0,2,0,0,0,1,2,4,1
3290,13160,0,0,0,0,0,1,0,1,1
-3290,-13160,0,0,2,0,0,1,2,4,1
3291,13164,1,1,0,0,0,-1,1,2,1
-3291,-3291,1,1,0,0,0,-1,1,2,1
3293,3293,0,0,0,0,0,1,0,1,1
-3293,-13172,0,0,0,0,0,1,0,1,1
3295,13180,1,1,0,0,0,-1,1,2,1
-3295,-3295,1,1,0,1,0,-1,1,2,1
3297,3297,1,1,0,0,0,-1,1,2,1
-3297,-13188,1,1,0,1,0,-1,1,2,1
3298,13192,0,0,0,0,0,1,0,1,1
-3298,-13192,0,0,0,0,0,1,0,1,1
3299,13196,1,1,0,0,0,-1,1,2,1
-3299,-3299,1,1,0,0,0,-1,1,2,1
3301,3301,0,0,0,0,0,1,0,1,1
-3301,-13204,0,0,0,0,0,1,0,1,1
3302,13208,1,1,0,0,0,-1,1,2,1
-3302,-13208,1,1,0,1,0,-1,1,2,1
3305,3305,0,0,0,0,0,1,0,1,1
-3305,-13220,0,0,0,0,0,1,0,1,1
3306,13224,1,1,0,0,0,-1,1,2,1
-3306,-13224,1,1,0,1,0,-1,1,2,1
3307,13228,1,1,0,0,0,-1,1,2,1
-3307,-3307,1,1,0,1,0,-1,1,2,1
3309,3309,0,0,0,0,0,1,0,1,1
-3309,-13236,0,0,0,0,0,1,0,1,1
3310,13240,1,1,0,0,0,-1,1,2,1
-3310,-13240,1,1,0,0,0,-1,1,2,1
3311,13244,1,1,0,0,0,-1,1,2,1
-3311,-3311,0,0,0,0,0,1,0,1,1
3313,3313,1,1,0,1,0,-1,1,2,1
-3313,-13252,1,1,0,0,0,-1,1,2,1
3314,13256,0,0,0,0,0,1,0,1,1
-3314,-13256,0,0,0,0,0,1,0,1,1
3315,13260,0,0,0,0,0,1,0,1,1
-3315,-3315,0,0,0,0,0,1,0,1,1
3317,3317,1,1,0,0,0,-1,1,2,1
-3317,-13268,1,1,0,1,0,-1,1,2,1
3318,13272,1,1,0,0,0,-1,1,2,1
-3318,-13272,1,1,0,1,0,-1,1,2,1
3319,13276,1,1,0,0,0,-1,1,2,1
-3319,-3319,1,1,0,1,0,-1,1,2,1
3322,13288,1,1,0,1,0,-1,1,2,1
-3322,-13288,0,0,2,0,0,1,2,4,1
3323,13292,0,0,0,0,0,1,0,1,1
-3323,-3323,0,0,2,0,0,1,2,4,1
3326,13304,0,0,2,0,0,1,2,4,1
-3326,-13304,0,0,2,0,0,1,2,4,1
3327,13308,0,0,0,0,0,1,0,1,1
-3327,-3327,0,0,0,0,0,1,0,1,1
3329,3329,1,1,0,0,0,-1,1,2,1
-3329,-13316,1,1,0,0,0,-1,1,2,1
3331,13324,0,0,0,0,0,1,0,1,1
-3331,-3331,0,0,0,0,0,1,0,1,1
3333,3333,1,1,0,1,0,-1,1,2,1
-3333,-13332,0,0,0,0,0,1,0,1,1
3334,13336,0,0,0,0,0,1,0,1,1
-3334,-13336,0,0,0,0,0,1,0,1,1
3335,13340,1,1,0,0,0,-1,1,2,1
-3335,-3335,1,1,0,1,0,-1,1,2,1
3337,3337,0,0,0,0,0,1,0,1,1
-3337,-13348,0,2,0,0,0,1,2,4,1
3338,13352,0,0,0,0,0,1,0,1,1
-3338,-13352,0,0,0,0,0,1,0,1,1
3341,3341,1,1,0,0,0,-1,1,2,1
-3341,-13364,1,1,0,1,0,-1,1,2,1
3342,13368,0,0,0,0,0,1,0,1,1
-3342,-13368,0,0,0,0,0,1,0,1,1
3343,13372,1,1,0,0,0,-1,1,2,1
-3343,-3343,1,1,0,1,0,-1,1,2,1
3345,3345,0,0,0,0,0,1,0,1,1
-3345,-13380,0,0,0,0,0,1,0,1,1
3346,13384,1,1,0,0,0,-1,1,2,1
-3346,-13384,1,1,0,1,0,-1,1,2,1
3347,13388,0,0,0,0,0,1,0,1,1
-3347,-3347,0,0,0,0,0,1,0,1,1
3349,3349,0,0,0,0,0,1,0,1,1
-3349,-13396,0,0,0,0,0,1,0,1,1
3351,13404,1,1,0,0,0,-1,1,2,1
-3351,-3351,1,1,0,1,0,-1,1,2,1
3353,3353,0,0,2,0,0,1,2,4,1
-3353,-13412,2,2,0,2,0,1,2,4,1
3354,13416,1,1,0,0,0,-1,1,2,1
-3354,-13416,1,1,0,1,0,-1,1,2,1
3355,13420,1,1,0,0,0,-1,1,2,1
-3355,-3355,0,2,0,0,0,1,2,4,1
3358,13432,0,0,0,0,0,1,0,1,1
-3358,-13432,0,0,0,0,0,1,0,1,1
3359,13436,0,0,0,0,0,1,0,1,1
-3359,-3359,0,0,0,0,0,1,0,1,1
3361,3361,1,1,0,0,0,-1,1,2,1
-3361,-13444,1,1,0,1,0,-1,1,2,1
3363,13452,1,1,0,0,0,-1,1,2,1
-3363,-3363,1,1,0,1,0,-1,1,2,1
3365,3365,1,1,0,0,0,-1,1,2,1
-3365,-13460,1,1,0,1,0,-1,1,2,1
3367,13468,0,0,2,0,0,1,2,4,1
-3367,-3367,2,2,0,2,0,1,2,4,1
3369,3369,2,2,0,2,0,1,2,4,1
-3369,-13476,0,0,0,0,0,1,0,1,1
3370,13480,0,0,0,0,0,1,0,1,1
-3370,-13480,0,0,0,0,0,1,0,1,1
3371,13484,0,0,0,0,0,1,0,1,1
-3371,-3371,0,0,0,0,0,1,0,1,1
3373,3373,1,1,0,0,0,-1,1,2,1
-3373,-13492,1,1,0,1,0,-1,1,2,1
3374,13496,1,1,0,0,0,-1,1,2,1
-3374,-13496,1,1,0,1,0,-1,1,2,1
3377,3377,1,1,0,0,0,-1,1,2,1
-3377,-13508,0,2,0,0,0,1,2,4,1
3378,13512,0,0,2,0,0,1,2,4,1
-3378,-13512,0,2,0,0,0,1,2,4,1
3379,13516,1,1,0,1,0,-1,1,2,1
-3379,-3379,1,1,0,0,0,-1,1,2,1
3382,13528,0,0,0,0,0,1,0,1,1
-3382,-13528,0,0,0,0,0,1,0,1,1
3383,13532,1,1,0,1,0,-1,1,2,1
-3383,-3383,1,1,0,1,0,-1,1,2,1
3385,3385,1,1,0,1,0,-1,1,2,1
-3385,-13540,1,1,0,1,0,-1,1,2,1
3386,13544,0,0,0,0,0,1,0,1,1
-3386,-13544,0,0,0,0,0,1,0,1,1
3387,13548,1,1,0,0,0,-1,1,2,1
-3387,-3387,1,1,0,1,0,-1,1,2,1
3389,3389,0,0,0,0,0,1,0,1,1
-3389,-13556,0,0,0,0,0,1,0,1,1
3390,13560,1,1,0,0,0,-1,1,2,1
-3390,-13560,1,1,0,0,0,-1,1,2,1
3391,13564,0,0,0,0,0,1,0,1,1
-3391,-3391,0,0,2,0,0,1,2,4,1
3394,13576,1,1,0,0,0,-1,1,2,1
-3394,-13576,1,1,0,1,0,-1,1,2,1
3395,13580,1,1,0,0,0,-1,1,2,1
-3395,-3395,1,1,0,1,0,-1,1,2,1
3397,3397,0,0,0,0,0,1,0,1,1
-3397,-13588,0,0,0,0,0,1,0,1,1
3398,13592,1,1,0,0,0,-1,1,2,1
-3398,-13592,1,1,0,1,0,-1,1,2,1
3399,13596,1,1,0,1,0,-1,1,2,1
-3399,-3399,2,2,0,2,0,1,2,4,1
3401,3401,1,1,0,0,0,-1,1,2,1
-3401,-13604,1,1,0,1,0,-1,1,2,1
3403,13612,0,0,0,0,0,1,0,1,1
-3403,-3403,0,0,0,0,0,1,0,1,1
3405,3405,1,1,0,0,0,-1,1,2,1
-3405,-13620,1,1,0,0,0,-1,1,2,1
3406,13624,1,1,0,1,0,-1,1,2,1
-3406,-13624,1,1,0,0,0,-1,1,2,1
3407,13628,1,1,0,0,0,-1,1,2,1
-3407,-3407,1,1,0,1,0,-1,1,2,1
3409,3409,1,1,0,0,0,-1,1,2,1
-3409,-13636,1,1,0,1,0,-1,1,2,1
3410,13640,1,1,0,0,0,-1,1,2,1
-3410,-13640,0,0,0,0,0,1,0,1,1
3413,3413,0,0,0,0,0,1,0,1,1
-3413,-13652,0,0,0,0,0,1,0,1,1
3414,13656,0,2,0,0,0,1,2,4,1
-3414,-13656,0,0,2,0,0,1,2,4,1
3415,13660,0,0,2,0,0,1,2,4,1
-3415,-3415,0,0,0,0,0,1,0,1,1
3417,3417,1,1,0,0,0,-1,1,2,1
-3417,-13668,1,1,0,0,0,-1,1,2,1
3418,13672,1,1,0,0,0,-1,1,2,1
-3418,-13672,1,1,0,0,0,-1,1,2,1
3419,13676,0,2,0,0,0,1,2,4,1
-3419,-3419,0,0,2,0,0,1,2,4,1
3421,3421,1,1,0,1,0,-1,1,2,1
-3421,-13684,0,0,2,0,0,1,2,4,1
3422,13688,0,2,0,0,0,1,2,4,1
-3422,-13688,0,0,2,0,0,1,2,4,1
3423,13692,1,1,0,0,0,-1,1,2,1
-3423,-3423,1,1,0,1,0,-1,1,2,1
3426,13704,0,2,0,0,0,1,2,4,1
-3426,-13704,0,0,2,0,0,1,2,4,1
3427,13708,1,1,0,0,0,-1,1,2,1
-3427,-3427,1,1,0,0,0,-1,1,2,1
3431,13724,1,1,2,0,0,-1,3,8,1
-3431,-3431,1,1,0,1,0,-1,1,2,1
3433,3433,2,2,0,2,0,1,2,4,1
-3433,-13732,0,2,0,0,0,1,2,4,1
3434,13736,1,1,0,0,0,-1,1,2,1
-3434,-13736,1,1,0,1,0,-1,1,2,1
3435,13740,0,0,0,0,0,1,0,1,1
-3435,-3435,0,0,0,0,0,1,0,1,1
3437,3437,0,0,0,0,0,1,0,1,1
-3437,-13748,0,0,0,0,0,1,0,1,1
3439,13756,1,1,0,0,0,-1,1,2,1
-3439,-3439,1,1,0,1,0,-1,1,2,1
3441,3441,0,0,0,0,0,1,0,1,1
-3441,-13764,0,0,0,0,0,1,0,1,1
3442,13768,1,1,0,0,0,-1,1,2,1
-3442,-13768,1,1,0,1,0,-1,1,2,1
3443,13772,1,1,0,0,0,-1,1,2,1
-3443,-3443,0,0,0,0,0,1,0,1,1
3445,3445,1,1,0,0,0,-1,1,2,1
-3445,-13780,1,1,0,1,0,-1,1,2,1
3446,13784,0,0,2,0,0,1,2,4,1
-3446,-13784,0,0,2,0,0,1,2,4,1
3449,3449,1,1,0,0,0,-1,1,2,1
-3449,-13796,1,1,0,1,0,-1,1,2,1
3451,13804,1,1,0,0,0,-1,1,2,1
-3451,-3451,1,1,0,1,0,-1,1,2,1
3453,3453,1,1,0,0,0,-1,1,2,1
-3453,-13812,1,1,0,0,0,-1,1,2,1
3454,13816,1,1,0,0,0,-1,1,2,1
-3454,-13816,0,0,0,0,0,1,0,1,1
3455,13820,0,0,0,0,0,1,0,1,1
-3455,-3455,0,0,0,0,0,1,0,1,1
3457,3457,0,0,0,0,0,1,0,1,1
-3457,-13828,0,0,0,0,0,1,0,1,1
3458,13832,0,0,2,0,0,1,2,4,1
-3458,-13832,2,2,0,2,0,1,2,4,1
3459,13836,0,0,0,0,0,1,0,1,1
-3459,-3459,0,0,0,0,0,1,0,1,1
3461,3461,1,1,0,0,0,-1,1,2,1
-3461,-13844,1,1,0,0,0,-1,1,2,1
3462,13848,1,1,0,1,0,-1,1,2,1
-3462,-13848,1,1,0,0,0,-1,1,2,1
3463,13852,0,2,0,0,0,1,2,4,1
-3463,-3463,0,0,0,0,0,1,0,1,1
3466,13864,0,0,2,0,0,1,2,4,1
-3466,-13864,0,0,2,0,0,1,2,4,1
3467,13868,1,1,0,0,0,-1,1,2,1
-3467,-3467,1,1,0,0,0,-1,1,2,1
3469,3469,0,0,0,0,0,1,0,1,1
-3469,-13876,0,0,0,0,0,1,0,1,1
3470,13880,0,0,0,0,0,1,0,1,1
-3470,-13880,0,0,0,0,0,1,0,1,1
3471,13884,1,1,0,0,0,-1,1,2,1
-3471,-3471,1,1,0,1,0,-1,1,2,1
3473,3473,1,1,0,0,0,-1,1,2,1
-3473,-13892,1,1,0,1,0,-1,1,2,1
3477,3477,0,0,0,0,0,1,0,1,1
-3477,-13908,0,0,0,0,0,1,0,1,1
3478,13912,1,1,0,0,0,-1,1,2,1
-3478,-13912,1,1,0,1,0,-1,1,2,1
3482,13928,1,1,0,0,0,-1,1,2,1
-3482,-13928,1,1,0,1,0,-1,1,2,1
3485,3485,0,2,0,0,0,1,2,4,1
-3485,-13940,0,0,2,0,0,1,2,4,1
3486,13944,1,1,0,0,0,-1,1,2,1
-3486,-13944,1,1,0,1,0,-1,1,2,1
3487,13948,1,1,0,0,0,-1,1,2,1
-3487,-3487,0,0,0,0,0,1,0,1,1
3489,3489,1,1,0,0,0,-1,1,2,1
-3489,-13956,1,1,0,1,0,-1,1,2,1
3490,13960,0,0,0,0,0,1,0,1,1
-3490,-13960,0,0,0,0,0,1,0,1,1
3491,13964,0,0,0,0,0,1,0,1,1
-3491,-3491,0,0,0,0,0,1,0,1,1
3493,3493,1,1,0,0,0,-1,1,2,1
-3493,-13972,1,1,2,1,0,-1,3,8,1
3494,13976,1,1,0,0,0,-1,1,2,1
-3494,-13976,1,1,0,0,0,-1,1,2,1
3495,13980,1,1,0,0,0,-1,1,2,1
-3495,-3495,1,1,0,1,0,-1,1,2,1
3497,3497,1,1,0,1,0,-1,1,2,1
-3497,-13988,1,1,0,1,0,-1,1,2,1
3498,13992,1,1,0,1,0,-1,1,2,1
-3498,-13992,2,2,0,2,0,1,2,4,1
3499,13996,0,0,0,0,0,1,0,1,1
-3499,-3499,0,0,2,0,0,1,2,4,1
3502,14008,0,0,0,0,0,1,0,1,1
-3502,-14008,0,0,2,0,0,1,2,4,1
3503,14012,0,0,0,0,0,1,0,1,1
-3503,-3503,0,0,0,0,0,1,0,1,1
3505,3505,1,1,0,0,0,-1,1,2,1
-3505,-14020,1,1,0,1,0,-1,1,2,1
3506,14024,1,1,0,0,0,-1,1,2,1
-3506,-14024,1,1,0,1,0,-1,1,2,1
3507,14028,0,0,0,0,0,1,0,1,1
-3507,-3507,0,0,0,0,0,1,0,1,1
3511,14044,1,1,0,0,0,-1,1,2,1
-3511,-3511,1,1,0,1,0,-1,1,2,1
3513,3513,0,0,0,0,0,1,0,1,1
-3513,-14052,0,0,0,0,0,1,0,1,1
3514,14056,0,0,0,0,0,1,0,1,1
-3514,-14056,0,0,0,0,0,1,0,1,1
3515,14060,1,1,0,1,0,-1,1,2,1
-3515,-3515,1,1,0,1,0,-1,1,2,1
3517,3517,1,1,0,0,0,-1,1,2,1
-3517,-14068,1,1,0,1,0,-1,1,2,1
3518,14072,0,0,0,0,0,1,0,1,1
-3518,-14072,0,0,0,0,0,1,0,1,1
3521,3521,0,0,0,0,0,1,0,1,1
-3521,-14084,0,0,0,0,0,1,0,1,1
3522,14088,1,1,2,1,0,-1,3,8,1
-3522,-14088,1,1,0,1,0,-1,1,2,1
3523,14092,0,0,2,0,0,1,2,4,1
-3523,-3523,0,2,0,0,0,1,2,4,1
3526,14104,1,1,0,0,0,-1,1,2,1
-3526,-14104,1,1,0,1,0,-1,1,2,1
3527,14108,1,1,0,0,0,-1,1,2,1
-3527,-3527,1,1,0,1,0,-1,1,2,1
3529,3529,0,0,0,0,0,1,0,1,1
-3529,-14116,0,0,0,0,0,1,0,1,1
3530,14120,1,1,0,0,0,-1,1,2,1
-3530,-14120,1,1,0,1,0,-1,1,2,1
3531,14124,1,1,0,0,0,-1,1,2,1
-3531,-3531,0,0,0,0,0,1,0,1,1
3533,3533,1,1,0,0,0,-1,1,2,1
-3533,-14132,1,1,0,0,0,-1,1,2,1
3534,14136,0,0,0,0,0,1,0,1,1
-3534,-14136,0,0,0,0,0,1,0,1,1
3535,14140,0,0,0,0,0,1,0,1,1
-3535,-3535,0,0,0,0,0,1,0,1,1
3538,14152,1,1,0,0,0,-1,1,2,1
-3538,-14152,1,1,0,1,0,-1,1,2,1
3539,14156,1,1,0,0,0,-1,1,2,1
-3539,-3539,1,1,0,0,0,-1,1,2,1
3541,3541,1,1,0,0,0,-1,1,2,1
-3541,-14164,1,1,0,1,0,-1,1,2,1
3542,14168,1,1,0,0,0,-1,1,2,1
-3542,-14168,0,0,0,0,0,1,0,1,1
3543,14172,2,2,0,2,0,1,2,4,1
-3543,-3543,0,0,2,0,0,1,2,4,1
3545,3545,0,0,0,0,0,1,0,1,1
-3545,-14180,0,0,0,0,0,1,0,1,1
3547,14188,0,0,0,0,0,1,0,1,1
-3547,-3547,0,0,0,0,0,1,0,1,1
3551,14204,2,2,0,2,0,1,2,4,1
-3551,-3551,0,0,2,0,0,1,2,4,1
3553,3553,1,1,0,1,0,-1,1,2,1
-3553,-14212,0,0,0,0,0,1,0,1,1
3554,14216,0,0,0,0,0,1,0,1,1
-3554,-14216,0,0,0,0,0,1,0,1,1
3557,3557,0,0,0,0,0,1,0,1,1
-3557,-14228,0,0,0,0,0,1,0,1,1
3558,14232,2,2,0,2,0,1,2,4,1
-3558,-14232,0,0,2,0,0,1,2,4,1
3559,14236,1,1,0,0,0,-1,1,2,1
-3559,-3559,1,1,0,1,0,-1,1,2,1
3561,3561,1,1,0,0,0,-1,1,2,1
-3561,-14244,1,1,0,0,0,-1,1,2,1
3562,14248,0,0,0,0,0,1,0,1,1
-3562,-14248,0,0,0,0,0,1,0,1,1
3563,14252,1,1,0,0,0,-1,1,2,1
-3563,-3563,1,1,0,1,0,-1,1,2,1
3565,3565,0,0,0,0,0,1,0,1,1
-3565,-14260,0,0,0,0,0,1,0,1,1
3566,14264,1,1,0,0,0,-1,1,2,1
-3566,-14264,1,1,0,1,0,-1,1,2,1
3567,14268,0,0,2,0,0,1,2,4,1
-3567,-3567,2,2,0,2,0,1,2,4,1
3569,3569,2,2,0,2,0,1,2,4,1
-3569,-14276,0,0,2,0,0,1,2,4,1
3570,14280,1,1,0,0,0,-1,1,2,1
-3570,-14280,1,1,0,1,0,-1,1,2,1
3571,14284,1,1,0,0,0,-1,1,2,1
-3571,-3571,1,1,0,0,0,-1,1,2,1
3574,14296,1,1,0,0,0,-1,1,2,1
-3574,-14296,1,1,0,0,0,-1,1,2,1
3578,14312,0,0,2,0,0,1,2,4,1
-3578,-14312,0,0,2,0,0,1,2,4,1
3579,14316,0,0,0,0,0,1,0,1,1
-3579,-3579,0,0,0,0,0,1,0,1,1
3581,3581,1,1,0,0,0,-1,1,2,1
-3581,-14324,1,1,0,0,0,-1,1,2,1
3583,14332,1,1,0,0,0,-1,1,2,1
-3583,-3583,1,1,0,1,0,-1,1,2,1
3585,3585,1,1,0,1,0,-1,1,2,1
-3585,-14340,1,1,0,0,0,-1,1,2,1
3586,14344,1,1,0,1,0,-1,1,2,1
-3586,-14344,0,0,2,0,0,1,2,4,1
3587,14348,0,2,0,0,0,1,2,4,1
-3587,-3587,0,0,2,0,0,1,2,4,1
3589,3589,0,0,0,0,0,1,0,1,1
-3589,-14356,0,0,0,0,0,1,0,1,1
3590,14360,0,0,0,0,0,1,0,1,1
-3590,-14360,0,0,0,0,0,1,0,1,1
3593,3593,1,1,0,0,0,-1,1,2,1
-3593,-14372,1,1,0,0,0,-1,1,2,1
3594,14376,1,1,0,0,0,-1,1,2,1
-3594,-14376,1,1,0,1,0,-1,1,2,1
3595,14380,0,0,0,0,0,1,0,1,1
-3595,-3595,0,0,0,0,0,1,0,1,1
3597,3597,1,1,0,0,0,-1,1,2,1
-3597,-14388,0,0,0,0,0,1,0,1,1
3598,14392,2,2,0,2,0,1,2,4,1
-3598,-14392,0,0,2,0,0,1,2,4,1
3599,14396,1,1,0,1,0,-1,1,2,1
-3599,-3599,1,1,0,1,0,-1,1,2,1
3601,3601,2,2,0,2,0,1,2,4,1
-3601,-14404,2,2,0,1,0,1,2,4,1
3602,14408,0,0,0,0,0,1,0,1,1
-3602,-14408,0,0,0,0,0,1,0,1,1
3603,14412,1,1,0,0,0,-1,1,2,1
-3603,-3603,1,1,0,1,0,-1,1,2,1
3605,3605,1,1,0,0,0,-1,1,2,1
-3605,-14420,1,1,0,1,0,-1,1,2,1
3606,14424,0,0,0,0,0,1,0,1,1
-3606,-14424,0,0,0,0,0,1,0,1,1
3607,14428,1,1,0,0,0,-1,1,2,1
-3607,-3607,1,1,0,1,0,-1,1,2,1
3611,14444,0,0,0,0,0,1,0,1,1
-3611,-3611,0,0,0,0,0,1,0,1,1
3613,3613,2,2,0,2,0,1,2,4,1
-3613,-14452,0,2,0,0,0,1,2,4,1
3614,14456,1,1,0,0,0,-1,1,2,1
-3614,-14456,1,1,0,1,0,-1,1,2,1
3615,14460,1,1,0,0,0,-1,1,2,1
-3615,-3615,1,1,0,1,0,-1,1,2,1
3617,3617,0,0,0,0,0,1,0,1,1
-3617,-14468,0,0,0,0,0,1,0,1,1
3619,14476,1,1,0,1,0,-1,1,2,1
-3619,-3619,0,0,2,0,0,1,2,4,1
3621,3621,1,1,0,0,0,-1,1,2,1
-3621,-14484,1,1,0,1,0,-1,1,2,1
3622,14488,0,0,0,0,0,1,0,1,1
-3622,-14488,0,0,0,0,0,1,0,1,1
3623,14492,0,0,0,0,0,1,0,1,1
-3623,-3623,2,2,0,2,0,1,2,4,1
3629,3629,1,1,0,0,0,-1,1,2,1
-3629,-14516,1,1,0,1,0,-1,1,2,1
3631,14524,0,0,0,0,0,1,0,1,1
-3631,-3631,0,0,2,0,0,1,2,4,1
3633,3633,0,0,0,0,0,1,0,1,1
-3633,-14532,0,0,0,0,0,1,0,1,1
3634,14536,0,0,2,0,0,1,2,4,1
-3634,-14536,0,2,0,0,0,1,2,4,1
3635,14540,0,0,0,0,0,1,0,1,1
-3635,-3635,0,0,0,0,0,1,0,1,1
3637,3637,1,1,0,0,0,-1,1,2,1
-3637,-14548,1,1,0,0,0,-1,1,2,1
3638,14552,1,1,0,1,0,-1,1,2,1
-3638,-14552,1,1,0,1,0,-1,1,2,1
3639,14556,0,0,0,0,0,1,0,1,1
-3639,-3639,0,0,0,0,0,1,0,1,1
3641,3641,1,1,0,0,0,-1,1,2,1
-3641,-14564,0,0,0,0,0,1,0,1,1
3642,14568,2,2,0,2,0,1,2,4,1
-3642,-14568,0,0,2,0,0,1,2,4,1
3643,14572,1,1,0,0,0,-1,1,2,1
-3643,-3643,1,1,0,1,0,-1,1,2,1
3646,14584,0,0,0,0,0,1,0,1,1
-3646,-14584,0,0,0,0,0,1,0,1,1
3647,14588,1,1,0,0,0,-1,1,2,1
-3647,-3647,1,1,0,1,0,-1,1,2,1
3649,3649,1,1,0,0,0,-1,1,2,1
-3649,-14596,1,1,0,0,0,-1,1,2,1
3651,14604,1,1,0,0,0,-1,1,2,1
-3651,-3651,1,1,0,0,0,-1,1,2,1
3653,3653,0,0,2,0,0,1,2,4,1
-3653,-14612,2,2,0,2,0,1,2,4,1
3655,14620,0,0,2,0,0,1,2,4,1
-3655,-3655,2,2,0,2,0,1,2,4,1
3657,3657,0,0,0,0,0,1,0,1,1
-3657,-14628,0,0,0,0,0,1,0,1,1
3658,14632,1,1,0,0,0,-1,1,2,1
-3658,-14632,1,1,0,1,0,-1,1,2,1
3659,14636,1,1,0,0,0,-1,1,2,1
-3659,-3659,1,1,0,1,0,-1,1,2,1
3661,3661,2,2,0,1,0,1,2,4,1
-3661,-14644,0,0,2,0,0,1,2,4,1
3662,14648,1,1,0,0,0,-1,1,2,1
-3662,-14648,1,1,0,1,0,-1,1,2,1
3665,3665,1,1,0,0,0,-1,1,2,1
-3665,-14660,1,1,0,0,0,-1,1,2,1
3666,14664,0,0,2,0,0,1,2,4,1
-3666,-14664,0,0,0,0,0,1,0,1,1
3667,14668,0,2,0,0,0,1,2,4,1
-3667,-3667,2,2,0,2,0,1,2,4,1
3669,3669,1,1,0,0,0,-1,1,2,1
-3669,-14676,1,1,0,0,0,-1,1,2,1
3670,14680,1,1,0,0,0,-1,1,2,1
-3670,-14680,1,1,0,1,0,-1,1,2,1
3671,14684,1,1,0,0,0,-1,1,2,1
-3671,-3671,1,1,0,1,0,-1,1,2,1
3673,3673,1,1,0,0,0,-1,1,2,1
-3673,-14692,1,1,0,1,0,-1,1,2,1
3674,14696,1,1,0,0,0,-1,1,2,1
-3674,-14696,0,0,0,0,0,1,0,1,1
3677,3677,0,0,0,0,0,1,0,1,1
-3677,-14708,0,0,0,0,0,1,0,1,1
3678,14712,0,2,0,0,0,1,2,4,1
-3678,-14712,0,0,2,0,0,1,2,4,1
3679,14716,0,0,0,0,0,1,0,1,1
-3679,-3679,0,0,0,0,0,1,0,1,1
3682,14728,1,1,0,0,0,-1,1,2,1
-3682,-14728,1,1,0,1,0,-1,1,2,1
3683,14732,0,2,0,0,0,1,2,4,1
-3683,-3683,0,2,0,0,0,1,2,4,1
3685,3685,1,1,0,0,0,-1,1,2,1
-3685,-14740,0,0,0,0,0,1,0,1,1
3686,14744,0,0,0,0,0,1,0,1,1
-3686,-14744,0,0,0,0,0,1,0,1,1
3687,14748,1,1,0,0,0,-1,1,2,1
-3687,-3687,1,1,0,1,0,-1,1,2,1
3689,3689,2,2,0,2,0,1,2,4,1
-3689,-14756,2,2,0,2,0,1,2,4,1
3691,14764,1,1,0,0,0,-1,1,2,1
-3691,-3691,1,1,0,0,0,-1,1,2,1
3693,3693,1,1,0,0,0,-1,1,2,1
-3693,-14772,1,1,0,0,0,-1,1,2,1
3694,14776,0,0,0,0,0,1,0,1,1
-3694,-14776,0,0,0,0,0,1,0,1,1
3695,14780,1,1,0,0,0,-1,1,2,1
-3695,-3695,1,1,0,1,0,-1,1,2,1
3697,3697,0,0,0,0,0,1,0,1,1
-3697,-14788,0,0,0,0,0,1,0,1,1
3701,3701,0,0,0,0,0,1,0,1,1
-3701,-14804,0,0,0,0,0,1,0,1,1
3702,14808,1,1,0,0,0,-1,1,2,1
-3702,-14808,1,1,0,1,0,-1,1,2,1
3705,3705,0,0,0,0,0,1,0,1,1
-3705,-14820,0,0,0,0,0,1,0,1,1
3706,14824,1,1,0,1,0,-1,1,2,1
-3706,-14824,1,1,0,1,0,-1,1,2,1
3707,14828,1,1,0,0,0,-1,1,2,1
-3707,-3707,0,0,0,0,0,1,0,1,1
3709,3709,1,1,0,0,0,-1,1,2,1
-3709,-14836,1,1,0,0,0,-1,1,2,1
3710,14840,2,2,0,2,0,1,2,4,1
-3710,-14840,0,0,2,0,0,1,2,4,1
3711,14844,0,0,0,0,0,1,0,1,1
-3711,-3711,0,0,0,0,0,1,0,1,1
3713,3713,1,1,0,0,0,-1,1,2,1
-3713,-14852,1,1,0,1,0,-1,1,2,1
3714,14856,1,1,0,0,0,-1,1,2,1
-3714,-14856,1,1,0,1,0,-1,1,2,1
3715,14860,1,1,0,0,0,-1,1,2,1
-3715,-3715,1,1,0,0,0,-1,1,2,1
3719,14876,0,0,0,0,0,1,0,1,1
-3719,-3719,0,0,0,0,0,1,0,1,1
3722,14888,2,2,0,2,0,1,2,4,1
-3722,-14888,0,2,0,0,0,1,2,4,1
3723,14892,0,0,0,0,0,1,0,1,1
-3723,-3723,0,0,0,0,0,1,0,1,1
3727,14908,0,0,0,0,0,1,0,1,1
-3727,-3727,0,0,0,0,0,1,0,1,1
3729,3729,1,1,0,0,0,-1,1,2,1
-3729,-14916,0,0,0,0,0,1,0,1,1
3730,14920,0,0,0,0,0,1,0,1,1
-3730,-14920,0,0,0,0,0,1,0,1,1
3731,14924,1,1,0,0,0,-1,1,2,1
-3731,-3731,1,1,0,1,0,-1,1,2,1
3733,3733,2,2,0,2,0,1,2,4,1
-3733,-14932,0,0,2,0,0,1,2,4,1
3734,14936,0,2,0,0,0,1,2,4,1
-3734,-14936,0,0,2,0,0,1,2,4,1
3737,3737,1,1,0,0,0,-1,1,2,1
-3737,-14948,1,1,0,1,0,-1,1,2,1
3738,14952,0,0,0,0,0,1,0,1,1
-3738,-14952,0,0,0,0,0,1,0,1,1
3739,14956,1,1,0,0,0,-1,1,2,1
-3739,-3739,1,1,0,0,0,-1,1,2,1
3741,3741,0,0,0,0,0,1,0,1,1
-3741,-14964,0,0,0,0,0,1,0,1,1
3742,14968,1,1,0,0,0,-1,1,2,1
-3742,-14968,1,1,0,0,0,-1,1,2,1
3743,14972,0,0,0,0,0,1,0,1,1
-3743,-3743,0,0,0,0,0,1,0,1,1
3745,3745,0,0,2,0,0,1,2,4,1
-3745,-14980,0,2,0,0,0,1,2,4,1
3746,14984,1,1,0,0,0,-1,1,2,1
-3746,-14984,1,1,0,1,0,-1,1,2,1
3747,14988,1,1,0,0,0,-1,1,2,1
-3747,-3747,1,1,0,0,0,-1,1,2,1
3749,3749,0,0,0,0,0,1,0,1,1
-3749,-14996,0,2,0,0,0,1,2,4,1
3754,15016,0,0,0,0,0,1,0,1,1
-3754,-15016,0,0,0,0,0,1,0,1,1
3755,15020,0,0,0,0,0,1,0,1,1
-3755,-3755,0,0,0,0,0,1,0,1,1
3758,15032,1,1,0,0,0,-1,1,2,1
-3758,-15032,1,1,0,1,0,-1,1,2,1
3759,15036,1,1,0,0,0,-1,1,2,1
-3759,-3759,1,1,0,1,0,-1,1,2,1
3761,3761,1,1,0,0,0,-1,1,2,1
-3761,-15044,1,1,0,1,0,-1,1,2,1
3763,15052,0,0,2,0,0,1,2,4,1
-3763,-3763,0,2,0,0,0,1,2,4,1
3765,3765,0,0,0,0,0,1,0,1,1
-3765,-15060,0,0,0,0,0,1,0,1,1
3766,15064,0,0,0,0,0,1,0,1,1
-3766,-15064,0,0,0,0,0,1,0,1,1
3767,15068,0,0,0,0,0,1,0,1,1
-3767,-3767,0,0,0,0,0,1,0,1,1
3769,3769,1,1,0,0,0,-1,1,2,1
-3769,-15076,1,1,0,0,0,-1,1,2,1
3770,15080,1,1,0,0,0,-1,1,2,1
-3770,-15080,1,1,0,1,0,-1,1,2,1
3774,15096,0,0,0,0,0,1,0,1,1
-3774,-15096,0,0,0,0,0,1,0,1,1
3777,3777,0,0,0,0,0,1,0,1,1
-3777,-15108,0,0,0,0,0,1,0,1,1
3778,15112,0,0,0,0,0,1,0,1,1
-3778,-15112,0,0,0,0,0,1,0,1,1
3779,15116,1,1,0,0,0,-1,1,2,1
-3779,-3779,1,1,0,1,0,-1,1,2,1
3781,3781,1,1,0,0,0,-1,1,2,1
-3781,-15124,1,1,0,1,0,-1,1,2,1
3782,15128,2,2,0,2,0,1,2,4,1
-3782,-15128,0,2,0,0,0,1,2,4,1
3783,15132,1,1,0,0,0,-1,1,2,1
-3783,-3783,1,1,0,1,0,-1,1,2,1
3785,3785,0,0,2,0,0,1,2,4,1
-3785,-15140,0,0,2,0,0,1,2,4,1
3786,15144,1,1,0,0,0,-1,1,2,1
-3786,-15144,1,1,0,0,0,-1,1,2,1
3787,15148,0,2,0,0,0,1,2,4,1
-3787,-3787,0,0,2,0,0,1,2,4,1
3790,15160,1,1,0,0,0,-1,1,2,1
-3790,-15160,1,1,0,0,0,-1,1,2,1
3791,15164,1,1,0,0,0,-1,1,2,1
-3791,-3791,1,1,0,1,0,-1,1,2,1
3793,3793,2,2,0,2,0,1,2,4,1
-3793,-15172,0,2,0,0,0,1,2,4,1
3794,15176,1,1,0,0,0,-1,1,2,1
-3794,-15176,1,1,0,1,0,-1,1,2,1
3795,15180,1,1,0,0,0,-1,1,2,1
-3795,-3795,0,0,0,0,0,1,0,1,1
3797,3797,1,1,0,0,0,-1,1,2,1
-3797,-15188,1,1,0,1,0,-1,1,2,1
3799,15196,0,0,0,0,0,1,0,1,1
-3799,-3799,0,0,0,0,0,1,0,1,1
3801,3801,1,1,0,0,0,-1,1,2,1
-3801,-15204,1,1,0,0,0,-1,1,2,1
3802,15208,1,1,0,0,0,-1,1,2,1
-3802,-15208,1,1,0,1,0,-1,1,2,1
3803,15212,1,1,0,0,0,-1,1,2,1
-3803,-3803,1,1,0,1,0,-1,1,2,1
3805,3805,1,1,0,0,0,-1,1,2,1
-3805,-15220,1,1,0,1,0,-1,1,2,1
3806,15224,1,1,0,0,0,-1,1,2,1
-3806,-15224,2,2,0,2,0,1,2,4,1
3809,3809,0,0,0,0,0,1,0,1,1
-3809,-15236,0,0,0,0,0,1,0,1,1
3810,15240,0,0,0,0,0,1,0,1,1
-3810,-15240,0,0,0,0,0,1,0,1,1
3811,15244,0,0,2,0,0,1,2,4,1
-3811,-3811,0,0,0,0,0,1,0,1,1
3813,3813,1,1,0,0,0,-1,1,2,1
-3813,-15252,1,1,0,0,0,-1,1,2,1
3814,15256,1,1,0,1,0,-1,1,2,1
-3814,-15256,1,1,0,1,0,-1,1,2,1
3815,15260,0,0,0,0,0,1,0,1,1
-3815,-3815,0,0,0,0,0,1,0,1,1
3817,3817,1,1,0,1,0,-1,1,2,1
-3817,-15268,2,2,0,2,0,1,2,4,1
3818,15272,0,2,0,0,0,1,2,4,1
-3818,-15272,2,2,0,2,0,1,2,4,1
3819,15276,1,1,0,0,0,-1,1,2,1
-3819,-3819,1,1,0,0,0,-1,1,2,1
3821,3821,0,0,0,0,0,1,0,1,1
-3821,-15284,0,0,0,0,0,1,0,1,1
3823,15292,1,1,0,0,0,-1,1,2,1
-3823,-3823,1,1,0,1,0,-1,1,2,1
3826,15304,0,0,2,0,0,1,2,4,1
-3826,-15304,0,2,0,0,0,1,2,4,1
3827,15308,1,1,0,0,0,-1,1,2,1
-3827,-3827,1,1,0,1,0,-1,1,2,1
3829,3829,0,0,2,0,0,1,2,4,1
-3829,-15316,2,2,0,1,0,1,2,4,1
3830,15320,1,1,0,0,0,-1,1,2,1
-3830,-15320,1,1,0,0,0,-1,1,2,1
3831,15324,0,0,0,0,0,1,0,1,1
-3831,-3831,0,0,0,0,0,1,0,1,1
3833,3833,0,0,0,0,0,1,0,1,1
-3833,-15332,0,0,0,0,0,1,0,1,1
3835,15340,1,1,0,0,0,-1,1,2,1
-3835,-3835,1,1,0,0,0,-1,1,2,1
3837,3837,0,0,0,0,0,1,0,1,1
-3837,-15348,0,0,0,0,0,1,0,1,1
3838,15352,1,1,0,0,0,-1,1,2,1
-3838,-15352,1,1,0,1,0,-1,1,2,1
3839,15356,1,1,0,0,0,-1,1,2,1
-3839,-3839,0,0,0,0,0,1,0,1,1
3841,3841,1,1,0,0,0,-1,1,2,1
-3841,-15364,1,1,0,0,0,-1,1,2,1
3842,15368,0,0,0,0,0,1,0,1,1
-3842,-15368,0,0,0,0,0,1,0,1,1
3845,3845,1,1,0,0,0,-1,1,2,1
-3845,-15380,1,1,0,0,0,-1,1,2,1
3846,15384,1,1,0,0,0,-1,1,2,1
-3846,-15384,1,1,0,1,0,-1,1,2,1
3847,15388,1,1,0,0,0,-1,1,2,1
-3847,-3847,1,1,0,1,0,-1,1,2,1
3849,3849,1,1,0,0,0,-1,1,2,1
-3849,-15396,1,1,0,0,0,-1,1,2,1
3851,15404,0,0,0,0,0,1,0,1,1
-3851,-3851,0,0,0,0,0,1,0,1,1
3853,3853,0,0,0,0,0,1,0,1,1
-3853,-15412,0,0,0,0,0,1,0,1,1
3854,15416,0,0,0,0,0,1,0,1,1
-3854,-15416,2,2,0,2,0,1,2,4,1
3855,15420,0,0,0,0,0,1,0,1,1
-3855,-3855,0,0,0,0,0,1,0,1,1
3857,3857,1,1,0,0,0,-1,1,2,1
-3857,-15428,1,1,0,1,0,-1,1,2,1
3858,15432,1,1,0,0,0,-1,1,2,1
-3858,-15432,1,1,0,0,0,-1,1,2,1
3859,15436,0,0,0,0,0,1,0,1,1
-3859,-3859,0,0,0,0,0,1,0,1,1
3862,15448,0,0,0,0,0,1,0,1,1
-3862,-15448,0,0,0,0,0,1,0,1,1
3863,15452,1,1,0,0,0,-1,1,2,1
-3863,-3863,1,1,0,1,0,-1,1,2,1
3865,3865,2,2,0,2,0,1,2,4,1
-3865,-15460,0,0,2,0,0,1,2,4,1
3866,15464,0,0,0,0,0,1,0,1,1
-3866,-15464,0,0,0,0,0,1,0,1,1
3867,15468,1,1,0,0,0,-1,1,2,1
-3867,-3867,1,1,0,0,0,-1,1,2,1
3869,3869,1,1,0,0,0,-1,1,2,1
-3869,-15476,1,1,0,1,0,-1,1,2,1
3873,3873,2,2,0,2,0,1,2,4,1
-3873,-15492,0,0,0,0,0,1,0,1,1
3874,15496,1,1,0,0,0,-1,1,2,1
-3874,-15496,1,1,0,1,0,-1,1,2,1
3877,3877,0,0,2,0,0,1,2,4,1
-3877,-15508,2,2,0,1,0,1,2,4,1
3878,15512,1,1,0,0,0,-1,1,2,1
-3878,-15512,1,1,0,1,0,-1,1,2,1
3881,3881,0,0,0,0,0,1,0,1,1
-3881,-15524,0,0,0,0,0,1,0,1,1
3882,15528,1,1,0,0,0,-1,1,2,1
-3882,-15528,1,1,0,0,0,-1,1,2,1
3883,15532,1,1,0,0,0,-1,1,2,1
-3883,-3883,0,0,0,0,0,1,0,1,1
3885,3885,1,1,0,0,0,-1,1,2,1
-3885,-15540,1,1,0,1,0,-1,1,2,1
3886,15544,0,0,2,0,0,1,2,4,1
-3886,-15544,0,2,0,0,0,1,2,4,1
3889,3889,1,1,0,0,0,-1,1,2,1
-3889,-15556,1,1,0,0,0,-1,1,2,1
3890,15560,1,1,0,0,0,-1,1,2,1
-3890,-15560,1,1,0,0,0,-1,1,2,1
3891,15564,1,1,0,0,0,-1,1,2,1
-3891,-3891,1,1,0,0,0,-1,1,2,1
3893,3893,1,1,0,0,0,-1,1,2,1
-3893,-15572,1,1,0,1,0,-1,1,2,1
3894,15576,1,1,0,0,0,-1,1,2,1
-3894,-15576,0,0,0,0,0,1,0,1,1
3895,15580,0,0,2,0,0,1,2,4,1
-3895,-3895,0,0,2,0,0,1,2,4,1
3898,15592,0,0,0,0,0,1,0,1,1
-3898,-15592,0,0,0,0,0,1,0,1,1
3899,15596,0,2,0,0,0,1,2,4,1
-3899,-3899,0,2,0,0,0,1,2,4,1
3901,3901,1,1,0,0,0,-1,1,2,1
-3901,-15604,1,1,0,1,0,-1,1,2,1
3902,15608,1,1,0,0,0,-1,1,2,1
-3902,-15608,1,1,0,1,0,-1,1,2,1
3903,15612,0,0,0,0,0,1,0,1,1
-3903,-3903,0,0,0,0,0,1,0,1,1
3905,3905,1,1,0,0,0,-1,1,2,1
-3905,-15620,0,0,0,0,0,1,0,1,1
3907,15628,1,1,0,0,0,-1,1,2,1
-3907,-3907,1,1,0,0,0,-1,1,2,1
3909,3909,0,0,0,0,0,1,0,1,1
-3909,-15636,0,0,0,0,0,1,0,1,1
3910,15640,0,0,0,0,0,1,0,1,1
-3910,-15640,0,0,0,0,0,1,0,1,1
3911,15644,1,1,0,0,0,-1,1,2,1
-3911,-3911,1,1,0,1,0,-1,1,2,1
3913,3913,1,1,0,1,0,-1,1,2,1
-3913,-15652,1,1,0,1,0,-1,1,2,1
3914,15656,0,0,0,0,0,1,0,1,1
-3914,-15656,0,0,2,0,0,1,2,4,1
3917,3917,0,0,0,0,0,1,0,1,1
-3917,-15668,0,0,0,0,0,1,0,1,1
3918,15672,1,1,0,0,0,-1,1,2,1
-3918,-15672,1,1,0,1,0,-1,1,2,1
3919,15676,0,2,0,0,0,1,2,4,1
-3919,-3919,0,0,0,0,0,1,0,1,1
3921,3921,2,2,0,2,0,1,2,4,1
-3921,-15684,0,0,0,0,0,1,0,1,1
3922,15688,1,1,0,0,0,-1,1,2,1
-3922,-15688,1,1,0,1,0,-1,1,2,1
3923,15692,1,1,0,0,0,-1,1,2,1
-3923,-3923,1,1,0,1,0,-1,1,2,1
3926,15704,1,1,0,0,0,-1,1,2,1
-3926,-15704,1,1,0,1,0,-1,1,2,1
3927,15708,1,1,0,0,0,-1,1,2,1
-3927,-3927,2,2,0,2,0,1,2,4,1
3929,3929,1,1,0,0,0,-1,1,2,1
-3929,-15716,1,1,0,0,0,-1,1,2,1
3930,15720,0,0,0,0,0,1,0,1,1
-3930,-15720,0,0,0,0,0,1,0,1,1
3931,15724,0,0,0,0,0,1,0,1,1
-3931,-3931,0,0,0,0,0,1,0,1,1
3934,15736,1,1,0,1,0,-1,1,2,1
-3934,-15736,1,1,0,1,0,-1,1,2,1
3935,15740,1,1,0,0,0,-1,1,2,1
-3935,-3935,1,1,0,1,0,-1,1,2,1
3937,3937,1,1,0,1,0,-1,1,2,1
-3937,-15748,1,1,0,1,0,-1,1,2,1
3938,15752,1,1,0,0,0,-1,1,2,1
-3938,-15752,0,0,0,0,0,1,0,1,1
3939,15756,0,2,0,0,0,1,2,4,1
-3939,-3939,0,2,0,0,0,1,2,4,1
3941,3941,0,2,0,0,0,1,2,4,1
-3941,-15764,2,2,0,2,0,1,2,4,1
3943,15772,0,0,0,0,0,1,0,1,1
-3943,-3943,0,0,2,0,0,1,2,4,1
3945,3945,1,1,0,0,0,-1,1,2,1
-3945,-15780,1,1,0,0,0,-1,1,2,1
3946,15784,1,1,0,0,0,-1,1,2,1
-3946,-15784,1,1,0,0,0,-1,1,2,1
3947,15788,0,0,0,0,0,1,0,1,1
-3947,-3947,0,0,0,0,0,1,0,1,1
3949,3949,1,1,0,0,0,-1,1,2,1
-3949,-15796,0,0,2,0,0,1,2,4,1
3953,3953,0,0,0,0,0,1,0,1,1
-3953,-15812,0,0,0,0,0,1,0,1,1
3954,15816,2,2,0,1,0,1,2,4,1
-3954,-15816,0,0,2,0,0,1,2,4,1
3955,15820,1,1,0,0,0,-1,1,2,1
-3955,-3955,1,1,0,0,0,-1,1,2,1
3957,3957,1,1,0,0,0,-1,1,2,1
-3957,-15828,1,1,0,1,0,-1,1,2,1
3958,15832,0,0,0,0,0,1,0,1,1
-3958,-15832,0,0,0,0,0,1,0,1,1
3959,15836,1,1,0,0,0,-1,1,2,1
-3959,-3959,1,1,0,1,0,-1,1,2,1
3961,3961,0,0,2,0,0,1,2,4,1
-3961,-15844,0,0,2,0,0,1,2,4,1
3962,15848,1,1,0,0,0,-1,1,2,1
-3962,-15848,1,1,0,1,0,-1,1,2,1
3963,15852,0,0,0,0,0,1,0,1,1
-3963,-3963,0,0,0,0,0,1,0,1,1
3965,3965,0,0,0,0,0,1,0,1,1
-3965,-15860,0,0,0,0,0,1,0,1,1
3966,15864,1,1,0,1,0,-1,1,2,1
-3966,-15864,1,1,0,0,0,-1,1,2,1
3967,15868,1,1,0,1,0,-1,1,2,1
-3967,-3967,1,1,0,1,0,-1,1,2,1
3970,15880,1,1,0,1,0,-1,1,2,1
-3970,-15880,1,1,0,1,0,-1,1,2,1
3973,3973,1,1,0,0,0,-1,1,2,1
-3973,-15892,1,1,0,1,0,-1,1,2,1
3974,15896,0,2,0,0,0,1,2,4,1
-3974,-15896,0,0,2,0,0,1,2,4,1
3977,3977,1,1,0,0,0,-1,1,2,1
-3977,-15908,1,1,0,0,0,-1,1,2,1
3979,15916,1,1,0,0,0,-1,1,2,1
-3979,-3979,1,1,0,0,0,-1,1,2,1
3981,3981,1,1,0,0,0,-1,1,2,1
-3981,-15924,1,1,0,0,0,-1,1,2,1
3982,15928,1,1,0,0,0,-1,1,2,1
-3982,-15928,0,0,0,0,0,1,0,1,1
3983,15932,0,0,0,0,0,1,0,1,1
-3983,-3983,0,0,0,0,0,1,0,1,1
3985,3985,0,0,0,0,0,1,0,1,1
-3985,-15940,0,0,0,0,0,1,0,1,1
3986,15944,0,0,0,0,0,1,0,1,1
-3986,-15944,0,0,0,0,0,1,0,1,1
3989,3989,1,1,0,0,0,-1,1,2,1
-3989,-15956,1,1,0,0,0,-1,1,2,1
3990,15960,1,1,0,0,0,-1,1,2,1
-3990,-15960,1,1,0,1,0,-1,1,2,1
3991,15964,2,2,0,2,0,1,2,4,1
-3991,-3991,2,2,0,2,0,1,2,4,1
3994,15976,0,0,0,0,0,1,0,1,1
-3994,-15976,0,0,0,0,0,1,0,1,1
3995,15980,1,1,0,0,0,-1,1,2,1
-3995,-3995,1,1,0,1,0,-1,1,2,1
3997,3997,2,2,0,2,0,1,2,4,1
-3997,-15988,0,2,0,0,0,1,2,4,1
3998,15992,2,2,0,2,0,1,2,4,1
-3998,-15992,2,2,0,1,0,1,2,4,1
3999,15996,1,1,0,0,0,-1,1,2,1
-3999,-3999,1,1,0,1,0,-1,1,2,1
4001,4001,1,1,0,0,0,-1,1,2,1
-4001,-16004,1,1,0,0,0,-1,1,2,1
4002,16008,2,2,0,2,0,1,2,4,1
-4002,-16008,0,0,2,0,0,1,2,4,1
4003,16012,1,1,0,0,0,-1,1,2,1
-4003,-4003,1,1,0,1,0,-1,1,2,1
4006,16024,1,1,0,0,0,-1,1,2,1
-4006,-16024,1,1,0,0,0,-1,1,2,1
4007,16028,0,0,0,0,0,1,0,1,1
-4007,-4007,0,0,2,0,0,1,2,4,1
4009,4009,0,0,0,0,0,1,0,1,1
-4009,-16036,0,0,0,0,0,1,0,1,1
4010,16040,1,1,0,0,0,-1,1,2,1
-4010,-16040,1,1,0,1,0,-1,1,2,1
4011,16044,1,1,0,0,0,-1,1,2,1
-4011,-4011,1,1,0,0,0,-1,1,2,1
4013,4013,0,0,2,0,0,1,2,4,1
-4013,-16052,0,0,2,0,0,1,2,4,1
4015,16060,1,1,0,0,0,-1,1,2,1
-4015,-4015,2,2,0,2,0,1,2,4,1
4017,4017,1,1,0,1,0,-1,1,2,1
-4017,-16068,1,1,0,1,0,-1,1,2,1
4019,16076,0,0,0,0,0,1,0,1,1
-4019,-4019,0,0,0,0,0,1,0,1,1
4021,4021,1,1,0,0,0,-1,1,2,1
-4021,-16084,1,1,0,0,0,-1,1,2,1
4022,16088,1,1,0,0,0,-1,1,2,1
-4022,-16088,1,1,0,1,0,-1,1,2,1
4026,16104,1,1,0,0,0,-1,1,2,1
-4026,-16104,0,0,2,0,0,1,2,4,1
4027,16108,0,0,0,0,0,1,0,1,1
-4027,-4027,0,2,0,0,0,1,2,4,1
4029,4029,0,0,0,0,0,1,0,1,1
-4029,-16116,0,0,0,0,0,1,0,1,1
4030,16120,0,0,0,0,0,1,0,1,1
-4030,-16120,0,0,0,0,0,1,0,1,1
4031,16124,0,0,0,0,0,1,0,1,1
-4031,-4031,0,0,0,0,0,1,0,1,1
4033,4033,1,1,0,0,0,-1,1,2,1
-4033,-16132,1,1,0,0,0,-1,1,2,1
4034,16136,1,1,0,0,0,-1,1,2,1
-4034,-16136,1,1,0,0,0,-1,1,2,1
4035,16140,0,0,0,0,0,1,0,1,1
-4035,-4035,0,0,0,0,0,1,0,1,1
4037,4037,1,1,0,0,0,-1,1,2,1
-4037,-16148,0,0,0,0,0,1,0,1,1
4038,16152,2,2,0,1,0,1,2,4,1
-4038,-16152,2,2,0,2,0,1,2,4,1
4039,16156,1,1,0,0,0,-1,1,2,1
-4039,-4039,1,1,0,1,0,-1,1,2,1
4042,16168,0,0,0,0,0,1,0,1,1
-4042,-16168,0,0,0,0,0,1,0,1,1
4043,16172,1,1,0,0,0,-1,1,2,1
-4043,-4043,1,1,0,1,0,-1,1,2,1
4045,4045,1,1,0,0,0,-1,1,2,1
-4045,-16180,1,1,0,0,0,-1,1,2,1
4047,16188,1,1,0,0,0,-1,1,2,1
-4047,-4047,1,1,0,1,0,-1,1,2,1
4049,4049,0,0,0,0,0,1,0,1,1
-4049,-16196,0,0,0,0,0,1,0,1,1
4051,16204,0,0,0,0,0,1,0,1,1
-4051,-4051,0,0,0,0,0,1,0,1,1
4053,4053,0,0,0,0,0,1,0,1,1
-4053,-16212,0,0,0,0,0,1,0,1,1
4054,16216,1,1,0,0,0,-1,1,2,1
-4054,-16216,1,1,0,1,0,-1,1,2,1
4055,16220,1,1,0,0,0,-1,1,2,1
-4055,-4055,1,1,0,1,0,-1,1,2,1
4057,4057,0,0,0,0,0,1,0,1,1
-4057,-16228,0,0,0,0,0,1,0,1,1
4058,16232,1,1,0,0,0,-1,1,2,1
-4058,-16232,1,1,0,1,0,-1,1,2,1
4061,4061,1,1,0,0,0,-1,1,2,1
-4061,-16244,1,1,0,1,0,-1,1,2,1
4062,16248,0,0,0,0,0,1,0,1,1
-4062,-16248,0,0,0,0,0,1,0,1,1
4063,16252,0,0,0,0,0,1,0,1,1
-4063,-4063,0,0,0,0,0,1,0,1,1
4065,4065,1,1,0,0,0,-1,1,2,1
-4065,-16260,1,1,0,0,0,-1,1,2,1
4066,16264,1,1,0,0,0,-1,1,2,1
-4066,-16264,1,1,0,1,0,-1,1,2,1
4069,4069,1,1,0,0,0,-1,1,2,1
-4069,-16276,1,1,0,0,0,-1,1,2,1
4070,16280,1,1,0,0,0,-1,1,2,1
-4070,-16280,0,0,0,0,0,1,0,1,1
4071,16284,0,0,0,0,0,1,0,1,1
-4071,-4071,0,0,0,0,0,1,0,1,1
4073,4073,0,0,0,0,0,1,0,1,1
-4073,-16292,0,0,0,0,0,1,0,1,1
4074,16296,0,0,0,0,0,1,0,1,1
-4074,-16296,0,0,0,0,0,1,0,1,1
4078,16312,1,1,0,0,0,-1,1,2,1
-4078,-16312,1,1,0,1,0,-1,1,2,1
4079,16316,0,0,0,0,0,1,0,1,1
-4079,-4079,2,2,0,2,0,1,2,4,1
4081,4081,1,1,0,1,0,-1,1,2,1
-4081,-16324,0,0,2,0,0,1,2,4,1
4082,16328,0,0,0,0,0,1,0,1,1
-4082,-16328,0,0,0,0,0,1,0,1,1
4083,16332,1,1,0,0,0,-1,1,2,1
-4083,-4083,1,1,0,0,0,-1,1,2,1
4085,4085,2,2,0,2,0,1,2,4,1
-4085,-16340,0,0,2,0,0,1,2,4,1
4087,16348,1,1,0,0,0,-1,1,2,1
-4087,-4087,1,1,0,1,0,-1,1,2,1
4089,4089,1,1,0,1,0,-1,1,2,1
-4089,-16356,1,1,0,1,0,-1,1,2,1
4090,16360,0,0,2,0,0,1,2,4,1
-4090,-16360,0,2,0,0,0,1,2,4,1
4091,16364,1,1,0,0,0,-1,1,2,1
-4091,-4091,1,1,0,1,0,-1,1,2,1
4093,4093,0,0,2,0,0,1,2,4,1
-4093,-16372,0,2,0,0,0,1,2,4,1
4094,16376,1,1,0,0,0,-1,1,2,1
-4094,-16376,1,1,0,0,0,-1,1,2,1
4097,4097,2,2,0,2,0,1,2,4,1
-4097,-16388,0,0,2,0,0,1,2,4,1
4098,16392,1,1,0,0,0,-1,1,2,1
-4098,-16392,1,1,0,1,0,-1,1,2,1
4099,16396,1,1,0,0,0,-1,1,2,1
-4099,-4099,1,1,0,1,0,-1,1,2,1
4101,4101,0,0,0,0,0,1,0,1,1
-4101,-16404,0,0,2,0,0,1,2,4,1
4102,16408,1,1,0,0,0,-1,1,2,1
-4102,-16408,1,1,0,1,0,-1,1,2,1
4103,16412,1,1,0,0,0,-1,1,2,1
-4103,-4103,0,0,0,0,0,1,0,1,1
4105,4105,1,1,0,0,0,-1,1,2,1
-4105,-16420,1,1,0,0,0,-1,1,2,1
4106,16424,0,0,0,0,0,1,0,1,1
-4106,-16424,0,0,0,0,0,1,0,1,1
4109,4109,1,1,0,0,0,-1,1,2,1
-4109,-16436,1,1,0,1,0,-1,1,2,1
4110,16440,1,1,0,0,0,-1,1,2,1
-4110,-16440,1,1,0,0,0,-1,1,2,1
4111,16444,1,1,0,0,0,-1,1,2,1
-4111,-4111,1,1,0,1,0,-1,1,2,1
4115,16460,0,0,0,0,0,1,0,1,1
-4115,-4115,0,0,0,0,0,1,0,1,1
4117,4117,0,0,0,0,0,1,0,1,1
-4117,-16468,0,0,0,0,0,1,0,1,1
4118,16472,0,0,2,0,0,1,2,4,1
-4118,-16472,0,2,0,0,0,1,2,4,1
4119,16476,0,0,0,0,0,1,0,1,1
-4119,-4119,0,0,0,0,0,1,0,1,1
4121,4121,1,1,0,1,0,-1,1,2,1
-4121,-16484,1,1,0,0,0,-1,1,2,1
4123,16492,0,0,0,0,0,1,0,1,1
-4123,-4123,0,0,0,0,0,1,0,1,1
4126,16504,2,2,0,2,0,1,2,4,1
-4126,-16504,0,0,2,0,0,1,2,4,1
4127,16508,1,1,0,0,0,-1,1,2,1
-4127,-4127,1,1,0,1,0,-1,1,2,1
4129,4129,0,0,0,0,0,1,0,1,1
-4129,-16516,0,0,0,0,0,1,0,1,1
4130,16520,0,0,0,0,0,1,0,1,1
-4130,-16520,0,0,0,0,0,1,0,1,1
4133,4133,1,1,0,0,0,-1,1,2,1
-4133,-16532,1,1,0,0,0,-1,1,2,1
4134,16536,0,0,0,0,0,1,0,1,1
-4134,-16536,0,0,0,0,0,1,0,1,1
4135,16540,1,1,0,0,0,-1,1,2,1
-4135,-4135,1,1,0,1,0,-1,1,2,1
4137,4137,0,0,2,0,0,1,2,4,1
-4137,-16548,0,0,2,0,0,1,2,4,1
4138,16552,1,1,0,0,0,-1,1,2,1
-4138,-16552,1,1,0,1,0,-1,1,2,1
4139,16556,0,0,0,0,0,1,0,1,1
-4139,-4139,0,2,0,0,0,1,2,4,1
4141,4141,0,0,2,0,0,1,2,4,1
-4141,-16564,0,0,2,0,0,1,2,4,1
4142,16568,1,1,0,0,0,-1,1,2,1
-4142,-16568,1,1,0,1,0,-1,1,2,1
4143,16572,1,1,0,0,0,-1,1,2,1
-4143,-4143,1,1,0,1,0,-1,1,2,1
4145,4145,0,0,0,0,0,1,0,1,1
-4145,-16580,0,0,0,0,0,1,0,1,1
4146,16584,1,1,0,0,0,-1,1,2,1
-4146,-16584,1,1,0,1,0,-1,1,2,1
4147,16588,1,1,0,0,0,-1,1,2,1
-4147,-4147,0,0,0,0,0,1,0,1,1
4151,16604,0,0,0,0,0,1,0,1,1
-4151,-4151,0,0,0,0,0,1,0,1,1
4153,4153,1,1,0,0,0,-1,1,2,1
-4153,-16612,1,1,0,0,0,-1,1,2,1
4154,16616,1,1,0,0,0,-1,1,2,1
-4154,-16616,1,1,0,1,0,-1,1,2,1
4155,16620,1,1,0,0,0,-1,1,2,1
-4155,-4155,1,1,0,0,0,-1,1,2,1
4157,4157,1,1,0,0,0,-1,1,2,1
-4157,-16628,1,1,0,1,0,-1,1,2,1
4159,16636,0,0,0,0,0,1,0,1,1
-4159,-4159,0,0,0,0,0,1,0,1,1
4161,4161,0,0,2,0,0,1,2,4,1
-4161,-16644,0,0,2,0,0,1,2,4,1
4162,16648,0,0,2,0,0,1,2,4,1
-4162,-16648,2,2,0,2,0,1,2,4,1
4163,16652,0,0,0,0,0,1,0,1,1
-4163,-4163,0,0,0,0,0,1,0,1,1
4166,16664,1,1,0,0,0,-1,1,2,1
-4166,-16664,1,1,0,0,0,-1,1,2,1
4169,4169,1,1,0,1,0,-1,1,2,1
-4169,-16676,0,0,0,0,0,1,0,1,1
4170,16680,0,0,0,0,0,1,0,1,1
-4170,-16680,0,0,0,0,0,1,0,1,1
4171,16684,1,1,0,0,0,-1,1,2,1
-4171,-4171,1,1,0,1,0,-1,1,2,1
4173,4173,0,0,0,0,0,1,0,1,1
-4173,-16692,0,0,0,0,0,1,0,1,1
4174,16696,0,0,2,0,0,1,2,4,1
-4174,-16696,0,2,0,0,0,1,2,4,1
4177,4177,1,1,0,0,0,-1,1,2,1
-4177,-16708,1,1,0,0,0,-1,1,2,1
4178,16712,0,0,0,0,0,1,0,1,1
-4178,-16712,0,0,0,0,0,1,0,1,1
4179,16716,1,1,0,0,0,-1,1,2,1
-4179,-4179,1,1,2,0,0,-1,3,8,1
4181,4181,0,0,0,0,0,1,0,1,1
-4181,-16724,0,0,0,0,0,1,0,1,1
4182,16728,1,1,0,0,0,-1,1,2,1
-4182,-16728,1,1,0,1,0,-1,1,2,1
4183,16732,0,0,0,0,0,1,0,1,1
-4183,-4183,0,0,2,0,0,1,2,4,1
4186,16744,1,1,0,0,0,-1,1,2,1
-4186,-16744,1,1,0,1,0,-1,1,2,1
4187,16748,1,1,2,1,0,-1,3,8,1
-4187,-4187,1,1,2,0,0,-1,3,8,1
4189,4189,0,0,0,0,0,1,0,1,1
-4189,-16756,0,0,0,0,0,1,0,1,1
4190,16760,1,1,0,0,0,-1,1,2,1
-4190,-16760,1,1,0,1,0,-1,1,2,1
4191,16764,1,1,0,0,0,-1,1,2,1
-4191,-4191,2,2,0,2,0,1,2,4,1
4193,4193,1,1,2,1,0,-1,3,8,1
-4193,-16772,1,1,0,1,0,-1,1,2,1
4195,16780,0,0,0,0,0,1,0,1,1
-4195,-4195,0,0,0,0,0,1,0,1,1
4197,4197,1,1,0,0,0,-1,1,2,1
-4197,-16788,1,1,0,0,0,-1,1,2,1
4198,16792,1,1,0,0,0,-1,1,2,1
-4198,-16792,1,1,0,1,0,-1,1,2,1
4199,16796,1,1,0,0,0,-1,1,2,1
-4199,-4199,1,1,0,1,0,-1,1,2,1
4201,4201,1,1,0,0,0,-1,1,2,1
-4201,-16804,1,1,0,0,0,-1,1,2,1
4202,16808,1,1,0,0,0,-1,1,2,1
-4202,-16808,0,0,0,0,0,1,0,1,1
4206,16824,0,0,0,0,0,1,0,1,1
-4206,-16824,0,0,0,0,0,1,0,1,1
4207,16828,0,0,0,0,0,1,0,1,1
-4207,-4207,0,0,0,0,0,1,0,1,1
4209,4209,1,1,0,0,0,-1,1,2,1
-4209,-16836,1,1,0,0,0,-1,1,2,1
4210,16840,1,1,0,0,0,-1,1,2,1
-4210,-16840,1,1,0,1,0,-1,1,2,1
4211,16844,0,0,0,0,0,1,0,1,1
-4211,-4211,0,0,0,0,0,1,0,1,1
4213,4213,1,1,0,0,0,-1,1,2,1
-4213,-16852,0,0,0,0,0,1,0,1,1
4215,16860,1,1,0,0,0,-1,1,2,1
-4215,-4215,1,1,0,1,0,-1,1,2,1
4217,4217,0,0,0,0,0,1,0,1,1
-4217,-16868,0,0,0,0,0,1,0,1,1
4218,16872,0,0,0,0,0,1,0,1,1
-4218,-16872,0,0,0,0,0,1,0,1,1
4219,16876,1,1,0,0,0,-1,1,2,1
-4219,-4219,1,1,0,0,0,-1,1,2,1
4222,16888,0,2,0,0,0,1,2,4,1
-4222,-16888,0,0,2,0,0,1,2,4,1
4223,16892,1,1,0,0,0,-1,1,2,1
-4223,-4223,1,1,0,1,0,-1,1,2,1
4226,16904,1,1,0,0,0,-1,1,2,1
-4226,-16904,1,1,0,1,0,-1,1,2,1
4227,16908,0,0,0,0,0,1,0,1,1
-4227,-4227,0,0,0,0,0,1,0,1,1
4229,4229,0,0,0,0,0,1,0,1,1
-4229,-16916,0,0,0,0,0,1,0,1,1
4231,16924,1,1,0,0,0,-1,1,2,1
-4231,-4231,1,1,0,1,0,-1,1,2,1
4233,4233,2,2,0,2,0,1,2,4,1
-4233,-16932,2,2,0,1,0,1,2,4,1
4234,16936,1,1,0,0,0,-1,1,2,1
-4234,-16936,1,1,0,1,0,-1,1,2,1
4237,4237,1,1,0,0,0,-1,1,2,1
-4237,-16948,1,1,0,0,0,-1,1,2,1
4238,16952,0,0,0,0,0,1,0,1,1
-4238,-16952,0,0,2,0,0,1,2,4,1
4241,4241,1,1,0,0,0,-1,1,2,1
-4241,-16964,1,1,0,1,0,-1,1,2,1
4242,16968,1,1,0,0,0,-1,1,2,1
-4242,-16968,1,1,0,1,0,-1,1,2,1
4243,16972,1,1,0,0,0,-1,1,2,1
-4243,-4243,1,1,0,0,0,-1,1,2,1
4245,4245,1,1,0,0,0,-1,1,2,1
-4245,-16980,1,1,0,0,0,-1,1,2,1
4246,16984,1,1,0,1,0,-1,1,2,1
-4246,-16984,0,0,2,0,0,1,2,4,1
4247,16988,0,0,0,0,0,1,0,1,1
-4247,-4247,0,0,0,0,0,1,0,1,1
4249,4249,2,2,0,2,0,1,2,4,1
-4249,-16996,0,0,2,0,0,1,2,4,1
4251,17004,0,0,0,0,0,1,0,1,1
-4251,-4251,0,0,0,0,0,1,0,1,1
4253,4253,1,1,0,0,0,-1,1,2,1
-4253,-17012,1,1,0,1,0,-1,1,2,1
4254,17016,1,1,0,0,0,-1,1,2,1
-4254,-17016,1,1,0,0,0,-1,1,2,1
4255,17020,0,0,0,0,0,1,0,1,1
-4255,-4255,0,0,0,0,0,1,0,1,1
4258,17032,0,0,0,0,0,1,0,1,1
-4258,-17032,0,0,0,0,0,1,0,1,1
4259,17036,1,1,0,0,0,-1,1,2,1
-4259,-4259,1,1,0,1,0,-1,1,2,1
4261,4261,0,0,0,0,0,1,0,1,1
-4261,-17044,0,0,0,0,0,1,0,1,1
4262,17048,0,0,0,0,0,1,0,1,1
-4262,-17048,0,0,0,0,0,1,0,1,1
4265,4265,1,1,0,0,0,-1,1,2,1
-4265,-17060,1,1,0,1,0,-1,1,2,1
4267,17068,1,1,0,0,0,-1,1,2,1
-4267,-4267,1,1,0,0,0,-1,1,2,1
4269,4269,0,0,0,0,0,1,0,1,1
-4269,-17076,0,0,0,0,0,1,0,1,1
4270,17080,1,1,0,0,0,-1,1,2,1
-4270,-17080,1,1,0,1,0,-1,1,2,1
4271,17084,0,0,0,0,0,1,0,1,1
-4271,-4271,0,0,0,0,0,1,0,1,1
4273,4273,0,0,0,0,0,1,0,1,1
-4273,-17092,0,0,0,0,0,1,0,1,1
4274,17096,1,1,0,0,0,-1,1,2,1
-4274,-17096,1,1,0,0,0,-1,1,2,1
4277,4277,0,0,0,0,0,1,0,1,1
-4277,-17108,0,0,0,0,0,1,0,1,1
4278,17112,1,1,0,0,0,-1,1,2,1
-4278,-17112,1,1,0,1,0,-1,1,2,1
4279,17116,1,1,0,0,0,-1,1,2,1
-4279,-4279,0,0,0,0,0,1,0,1,1
4281,4281,1,1,0,0,0,-1,1,2,1
-4281,-17124,1,1,0,0,0,-1,1,2,1
4282,17128,0,0,0,0,0,1,0,1,1
-4282,-17128,0,0,0,0,0,1,0,1,1
4283,17132,0,0,0,0,0,1,0,1,1
-4283,-4283,0,0,0,0,0,1,0,1,1
4285,4285,1,1,0,0,0,-1,1,2,1
-4285,-17140,1,1,0,0,0,-1,1,2,1
4286,17144,1,1,0,0,0,-1,1,2,1
-4286,-17144,1,1,0,0,0,-1,1,2,1
4287,17148,1,1,0,0,0,-1,1,2,1
-4287,-4287,1,1,0,1,0,-1,1,2,1
4289,4289,1,1,0,0,0,-1,1,2,1
-4289,-17156,1,1,0,0,0,-1,1,2,1
4290,17160,1,1,0,0,0,-1,1,2,1
-4290,-17160,0,0,0,0,0,1,0,1,1
4291,17164,0,2,0,0,0,1,2,4,1
-4291,-4291,0,0,2,0,0,1,2,4,1
4294,17176,0,0,0,0,0,1,0,1,1
-4294,-17176,0,0,0,0,0,1,0,1,1
4295,17180,0,0,0,0,0,1,0,1,1
-4295,-4295,0,0,0,0,0,1,0,1,1
4297,4297,1,1,0,0,0,-1,1,2,1
-4297,-17188,1,1,0,1,0,-1,1,2,1
4298,17192,1,1,0,0,0,-1,1,2,1
-4298,-17192,1,1,0,1,0,-1,1,2,1
4299,17196,0,2,0,0,0,1,2,4,1
-4299,-4299,0,0,2,0,0,1,2,4,1
4301,4301,1,1,0,0,0,-1,1,2,1
-4301,-17204,0,0,0,0,0,1,0,1,1
4303,17212,1,1,0,0,0,-1,1,2,1
-4303,-4303,1,1,0,1,0,-1,1,2,1
4305,4305,0,0,0,0,0,1,0,1,1
-4305,-17220,0,0,0,0,0,1,0,1,1
4306,17224,0,0,2,0,0,1,2,4,1
-4306,-17224,0,2,0,0,0,1,2,4,1
4307,17228,1,1,0,0,0,-1,1,2,1
-4307,-4307,1,1,0,1,0,-1,1,2,1
4309,4309,1,1,0,0,0,-1,1,2,1
-4309,-17236,1,1,0,0,0,-1,1,2,1
4310,17240,0,0,0,0,0,1,0,1,1
-4310,-17240,0,0,0,0,0,1,0,1,1
4313,4313,0,0,0,0,0,1,0,1,1
-4313,-17252,0,0,0,0,0,1,0,1,1
4314,17256,1,1,0,0,0,-1,1,2,1
-4314,-17256,1,1,0,0,0,-1,1,2,1
4315,17260,0,0,0,0,0,1,0,1,1
-4315,-4315,0,2,0,0,0,1,2,4,1
4317,4317,0,0,2,0,0,1,2,4,1
-4317,-17268,0,0,0,0,0,1,0,1,1
4318,17272,1,1,0,0,0,-1,1,2,1
-4318,-17272,1,1,0,1,0,-1,1,2,1
4319,17276,1,1,0,0,0,-1,1,2,1
-4319,-4319,1,1,0,1,0,-1,1,2,1
4321,4321,2,2,0,2,0,1,2,4,1
-4321,-17284,0,0,2,0,0,1,2,4,1
4322,17288,1,1,0,0,0,-1,1,2,1
-4322,-17288,1,1,0,1,0,-1,1,2,1
4323,17292,1,1,0,0,0,-1,1,2,1
-4323,-4323,0,0,0,0,0,1,0,1,1
4326,17304,0,0,2,0,0,1,2,4,1
-4326,-17304,0,0,0,0,0,1,0,1,1
4327,17308,0,0,0,0,0,1,0,1,1
-4327,-4327,0,0,0,0,0,1,0,1,1
4330,17320,1,1,0,0,0,-1,1,2,1
-4330,-17320,1,1,0,0,0,-1,1,2,1
4331,17324,1,1,0,0,0,-1,1,2,1
-4331,-4331,1,1,0,1,0,-1,1,2,1
4333,4333,1,1,0,0,0,-1,1,2,1
-4333,-17332,1,1,0,0,0,-1,1,2,1
4334,17336,1,1,0,1,0,-1,1,2,1
-4334,-17336,0,0,2,0,0,1,2,4,1
4337,4337,0,0,0,0,0,1,0,1,1
-4337,-17348,0,0,0,0,0,1,0,1,1
4339,17356,0,0,0,0,0,1,0,1,1
-4339,-4339,0,0,0,0,0,1,0,1,1
4341,4341,1,1,0,0,0,-1,1,2,1
-4341,-17364,1,1,0,0,0,-1,1,2,1
4342,17368,1,1,0,1,0,-1,1,2,1
-4342,-17368,1,1,0,1,0,-1,1,2,1
4343,17372,0,0,0,0,0,1,0,1,1
-4343,-4343,0,0,0,0,0,1,0,1,1
4345,4345,1,1,0,0,0,-1,1,2,1
-4345,-17380,0,0,0,0,0,1,0,1,1
4346,17384,0,0,2,0,0,1,2,4,1
-4346,-17384,2,2,0,1,0,1,2,4,1
4349,4349,0,0,2,0,0,1,2,4,1
-4349,-17396,0,0,2,0,0,1,2,4,1
4351,17404,1,1,0,0,0,-1,1,2,1
-4351,-4351,1,1,0,1,0,-1,1,2,1
4353,4353,1,1,0,1,0,-1,1,2,1
-4353,-17412,1,1,0,0,0,-1,1,2,1
4354,17416,2,2,0,2,0,1,2,4,1
-4354,-17416,0,0,0,0,0,1,0,1,1
4355,17420,1,1,0,0,0,-1,1,2,1
-4355,-4355,1,1,0,0,0,-1,1,2,1
4357,4357,0,0,0,0,0,1,0,1,1
-4357,-17428,0,0,0,0,0,1,0,1,1
4358,17432,1,1,0,1,0,-1,1,2,1
-4358,-17432,1,1,0,0,0,-1,1,2,1
4359,17436,0,0,0,0,0,1,0,1,1
-4359,-4359,0,0,0,0,0,1,0,1,1
4362,17448,1,1,0,0,0,-1,1,2,1
-4362,-17448,1,1,0,0,0,-1,1,2,1
4363,17452,1,1,0,0,0,-1,1,2,1
-4363,-4363,1,1,0,0,0,-1,1,2,1
4366,17464,1,1,0,0,0,-1,1,2,1
-4366,-17464,1,1,0,1,0,-1,1,2,1
4367,17468,1,1,0,0,0,-1,1,2,1
-4367,-4367,0,0,0,0,0,1,0,1,1
4369,4369,1,1,0,1,0,-1,1,2,1
-4369,-17476,1,1,0,1,0,-1,1,2,1
4370,17480,0,0,0,0,0,1,0,1,1
-4370,-17480,0,0,0,0,0,1,0,1,1
4371,17484,0,0,2,0,0,1,2,4,1
-4371,-4371,0,0,0,0,0,1,0,1,1
4373,4373,1,1,0,0,0,-1,1,2,1
-4373,-17492,1,1,0,1,0,-1,1,2,1
4377,4377,1,1,0,0,0,-1,1,2,1
-4377,-17508,1,1,0,0,0,-1,1,2,1
4378,17512,1,1,0,0,0,-1,1,2,1
-4378,-17512,0,0,0,0,0,1,0,1,1
4379,17516,0,0,0,0,0,1,0,1,1
-4379,-4379,0,0,0,0,0,1,0,1,1
4381,4381,0,0,0,0,0,1,0,1,1
-4381,-17524,0,0,0,0,0,1,0,1,1
4382,17528,0,0,0,0,0,1,0,1,1
-4382,-17528,0,0,0,0,0,1,0,1,1
4385,4385,1,1,0,0,0,-1,1,2,1
-4385,-17540,1,1,0,1,0,-1,1,2,1
4386,17544,1,1,0,0,0,-1,1,2,1
-4386,-17544,1,1,0,1,0,-1,1,2,1
4387,17548,0,0,0,0,0,1,0,1,1
-4387,-4387,0,0,0,0,0,1,0,1,1
4389,4389,1,1,0,0,0,-1,1,2,1
-4389,-17556,0,0,0,0,0,1,0,1,1
4390,17560,0,0,2,0,0,1,2,4,1
-4390,-17560,0,2,0,0,0,1,2,4,1
4391,17564,1,1,0,0,0,-1,1,2,1
-4391,-4391,1,1,0,1,0,-1,1,2,1
4393,4393,0,0,0,0,0,1,0,1,1
-4393,-17572,0,0,0,0,0,1,0,1,1
4395,17580,1,1,0,0,0,-1,1,2,1
-4395,-4395,1,1,0,0,0,-1,1,2,1
4397,4397,1,1,0,0,0,-1,1,2,1
-4397,-17588,1,1,0,0,0,-1,1,2,1
4398,17592,0,0,2,0,0,1,2,4,1
-4398,-17592,0,0,2,0,0,1,2,4,1
4399,17596,1,1,2,0,0,-1,3,8,1
-4399,-4399,3,3,0,3,0,-1,3,8,1
4402,17608,1,1,0,0,0,-1,1,2,1
-4402,-17608,1,1,0,1,0,-1,1,2,1
4403,17612,2,2,0,2,0,1,2,4,1
-4403,-4403,2,2,0,2,0,1,2,4,1
4405,4405,0,0,0,0,0,1,0,1,1
-4405,-17620,0,0,0,0,0,1,0,1,1
4406,17624,1,1,0,0,0,-1,1,2,1
-4406,-17624,1,1,0,1,0,-1,1,2,1
4407,17628,1,1,0,0,0,-1,1,2,1
-4407,-4407,1,1,0,1,0,-1,1,2,1
4409,4409,0,0,0,0,0,1,0,1,1
-4409,-17636,0,0,0,0,0,1,0,1,1
4411,17644,1,1,0,0,0,-1,1,2,1
-4411,-4411,0,0,2,0,0,1,2,4,1
4413,4413,1,1,0,0,0,-1,1,2,1
-4413,-17652,1,1,0,1,0,-1,1,2,1
4414,17656,0,0,0,0,0,1,0,1,1
-4414,-17656,0,0,0,0,0,1,0,1,1
4415,17660,0,2,0,0,0,1,2,4,1
-4415,-4415,0,0,0,0,0,1,0,1,1
4417,4417,1,1,0,1,0,-1,1,2,1
-4417,-17668,1,1,0,0,0,-1,1,2,1
4421,4421,1,1,0,0,0,-1,1,2,1
-4421,-17684,1,1,0,0,0,-1,1,2,1
4422,17688,1,1,0,0,0,-1,1,2,1
-4422,-17688,0,0,0,0,0,1,0,1,1
4423,17692,0,0,0,0,0,1,0,1,1
-4423,-4423,0,0,0,0,0,1,0,1,1
4426,17704,0,0,2,0,0,1,2,4,1
-4426,-17704,0,2,0,0,0,1,2,4,1
4427,17708,0,0,0,0,0,1,0,1,1
-4427,-4427,0,0,0,0,0,1,0,1,1
4429,4429,1,1,0,0,0,-1,1,2,1
-4429,-17716,1,1,0,1,0,-1,1,2,1
4430,17720,1,1,0,0,0,-1,1,2,1
-4430,-17720,1,1,0,0,0,-1,1,2,1
4431,17724,0,0,0,0,0,1,0,1,1
-4431,-4431,0,0,0,0,0,1,0,1,1
4433,4433,1,1,0,0,0,-1,1,2,1
-4433,-17732,0,0,2,0,0,1,2,4,1
4434,17736,0,2,0,0,0,1,2,4,1
-4434,-17736,0,0,2,0,0,1,2,4,1
4435,17740,1,1,0,0,0,-1,1,2,1
-4435,-4435,1,1,0,0,0,-1,1,2,1
4438,17752,0,0,0,0,0,1,0,1,1
-4438,-17752,0,0,0,0,0,1,0,1,1
4439,17756,1,1,0,0,0,-1,1,2,1
-4439,-4439,1,1,0,1,0,-1,1,2,1
4441,4441,1,1,0,1,0,-1,1,2,1
-4441,-17764,1,1,0,0,0,-1,1,2,1
4442,17768,0,0,2,0,0,1,2,4,1
-4442,-17768,0,0,2,0,0,1,2,4,1
4443,17772,1,1,0,0,0,-1,1,2,1
-4443,-4443,1,1,0,0,0,-1,1,2,1
4445,4445,0,0,0,0,0,1,0,1,1
-4445,-17780,0,0,0,0,0,1,0,1,1
4447,17788,0,0,0,0,0,1,0,1,1
-4447,-4447,0,0,0,0,0,1,0,1,1
4449,4449,0,0,0,0,0,1,0,1,1
-4449,-17796,0,0,0,0,0,1,0,1,1
4451,17804,1,1,0,0,0,-1,1,2,1
-4451,-4451,1,1,0,1,0,-1,1,2,1
4453,4453,0,0,0,0,0,1,0,1,1
-4453,-17812,0,0,0,0,0,1,0,1,1
4454,17816,1,1,0,0,0,-1,1,2,1
-4454,-17816,1,1,0,1,0,-1,1,2,1
4457,4457,1,1,0,0,0,-1,1,2,1
-4457,-17828,1,1,0,0,0,-1,1,2,1
4458,17832,0,0,2,0,0,1,2,4,1
-4458,-17832,0,0,2,0,0,1,2,4,1
4461,4461,1,1,0,0,0,-1,1,2,1
-4461,-17844,1,1,0,1,0,-1,1,2,1
4462,17848,1,1,0,0,0,-1,1,2,1
-4462,-17848,1,1,0,0,0,-1,1,2,1
4463,17852,1,1,0,0,0,-1,1,2,1
-4463,-4463,1,1,0,1,0,-1,1,2,1
4465,4465,1,1,0,1,0,-1,1,2,1
-4465,-17860,1,1,0,1,0,-1,1,2,1
4466,17864,1,1,0,0,0,-1,1,2,1
-4466,-17864,0,0,0,0,0,1,0,1,1
4467,17868,0,0,0,0,0,1,0,1,1
-4467,-4467,0,0,0,0,0,1,0,1,1
4469,4469,0,0,0,0,0,1,0,1,1
-4469,-17876,0,0,0,0,0,1,0,1,1
4470,17880,0,0,0,0,0,1,0,1,1
-4470,-17880,0,0,0,0,0,1,0,1,1
4471,17884,0,0,0,0,0,1,0,1,1
-4471,-4471,0,0,0,0,0,1,0,1,1
4474,17896,1,1,0,0,0,-1,1,2,1
-4474,-17896,1,1,0,1,0,-1,1,2,1
4478,17912,0,0,0,0,0,1,0,1,1
-4478,-17912,0,0,0,0,0,1,0,1,1
4479,17916,1,1,0,0,0,-1,1,2,1
-4479,-4479,1,1,0,1,0,-1,1,2,1
4481,4481,2,2,0,2,0,1,2,4,1
-4481,-17924,0,2,0,0,0,1,2,4,1
4483,17932,1,1,0,0,0,-1,1,2,1
-4483,-4483,1,1,0,1,0,-1,1,2,1
4485,4485,1,1,0,0,0,-1,1,2,1
-4485,-17940,1,1,0,0,0,-1,1,2,1
4486,17944,0,0,2,0,0,1,2,4,1
-4486,-17944,2,2,0,2,0,1,2,4,1
4487,17948,1,1,0,0,0,-1,1,2,1
-4487,-4487,1,1,0,1,0,-1,1,2,1
4490,17960,1,1,0,0,0,-1,1,2,1
-4490,-17960,1,1,0,1,0,-1,1,2,1
4493,4493,0,0,0,0,0,1,0,1,1
-4493,-17972,0,0,0,0,0,1,0,1,1
4494,17976,1,1,0,0,0,-1,1,2,1
-4494,-17976,1,1,0,1,0,-1,1,2,1
4495,17980,1,1,0,0,0,-1,1,2,1
-4495,-4495,1,1,0,1,0,-1,1,2,1
4497,4497,0,0,0,0,0,1,0,1,1
-4497,-17988,0,0,0,0,0,1,0,1,1
4498,17992,1,1,0,0,0,-1,1,2,1
-4498,-17992,1,1,0,1,0,-1,1,2,1
4499,17996,1,1,0,0,0,-1,1,2,1
-4499,-4499,0,0,0,0,0,1,0,1,1
4501,4501,1,1,0,0,0,-1,1,2,1
-4501,-18004,1,1,0,1,0,-1,1,2,1
4502,18008,0,2,0,0,0,1,2,4,1
-4502,-18008,0,2,0,0,0,1,2,4,1
4503,18012,0,0,0,0,0,1,0,1,1
-4503,-4503,0,0,0,0,0,1,0,1,1
4505,4505,1,1,0,1,0,-1,1,2,1
-4505,-18020,1,1,0,1,0,-1,1,2,1
4506,18024,1,1,0,0,0,-1,1,2,1
-4506,-18024,1,1,0,1,0,-1,1,2,1
4507,18028,1,1,0,0,0,-1,1,2,1
-4507,-4507,1,1,0,0,0,-1,1,2,1
4510,18040,1,1,0,0,0,-1,1,2,1
-4510,-18040,0,0,0,0,0,1,0,1,1
4511,18044,0,0,0,0,0,1,0,1,1
-4511,-4511,0,0,0,0,0,1,0,1,1
4513,4513,0,0,0,0,0,1,0,1,1
-4513,-18052,0,0,0,0,0,1,0,1,1
4514,18056,0,0,2,0,0,1,2,4,1
-4514,-18056,0,0,2,0,0,1,2,4,1
4515,18060,0,0,0,0,0,1,0,1,1
-4515,-4515,0,0,0,0,0,1,0,1,1
4517,4517,1,1,0,0,0,-1,1,2,1
-4517,-18068,1,1,0,0,0,-1,1,2,1
4519,18076,0,0,0,0,0,1,0,1,1
-4519,-4519,0,0,0,0,0,1,0,1,1
4521,4521,1,1,0,0,0,-1,1,2,1
-4521,-18084,0,0,0,0,0,1,0,1,1
4522,18088,2,2,0,2,0,1,2,4,1
-4522,-18088,0,0,2,0,0,1,2,4,1
4523,18092,1,1,0,0,0,-1,1,2,1
-4523,-4523,1,1,0,0,0,-1,1,2,1
4526,18104,0,0,0,0,0,1,0,1,1
-4526,-18104,0,0,0,0,0,1,0,1,1
4529,4529,1,1,0,0,0,-1,1,2,1
-4529,-18116,1,1,0,0,0,-1,1,2,1
4530,18120,0,0,2,0,0,1,2,4,1
-4530,-18120,0,2,0,0,0,1,2,4,1
4531,18124,1,1,0,0,0,-1,1,2,1
-4531,-4531,1,1,0,1,0,-1,1,2,1
4533,4533,0,0,0,0,0,1,0,1,1
-4533,-18132,0,0,0,0,0,1,0,1,1
4534,18136,1,1,0,0,0,-1,1,2,1
-4534,-18136,1,1,0,0,0,-1,1,2,1
4535,18140,0,0,0,0,0,1,0,1,1
-4535,-4535,2,2,0,2,0,1,2,4,1
4537,4537,0,0,0,0,0,1,0,1,1
-4537,-18148,0,0,0,0,0,1,0,1,1
4538,18152,1,1,0,0,0,-1,1,2,1
-4538,-18152,1,1,0,0,0,-1,1,2,1
4539,18156,1,1,0,0,0,-1,1,2,1
-4539,-4539,1,1,0,0,0,-1,1,2,1
4541,4541,0,0,2,0,0,1,2,4,1
-4541,-18164,0,0,2,0,0,1,2,4,1
4542,18168,1,1,0,0,0,-1,1,2,1
-4542,-18168,1,1,0,1,0,-1,1,2,1
4543,18172,1,1,0,1,0,-1,1,2,1
-4543,-4543,0,0,0,0,0,1,0,1,1
4546,18184,0,0,2,0,0,1,2,4,1
-4546,-18184,0,2,0,0,0,1,2,4,1
4547,18188,0,0,0,0,0,1,0,1,1
-4547,-4547,0,0,2,0,0,1,2,4,1
4549,4549,1,1,0,0,0,-1,1,2,1
-4549,-18196,1,1,0,0,0,-1,1,2,1
4551,18204,1,1,0,0,0,-1,1,2,1
-4551,-4551,1,1,0,1,0,-1,1,2,1
4553,4553,1,1,0,0,0,-1,1,2,1
-4553,-18212,1,1,0,0,0,-1,1,2,1
4555,18220,2,2,0,2,0,1,2,4,1
-4555,-4555,0,0,0,0,0,1,0,1,1
4558,18232,2,2,0,2,0,1,2,4,1
-4558,-18232,2,2,0,2,0,1,2,4,1
4559,18236,0,0,0,0,0,1,0,1,1
-4559,-4559,0,0,2,0,0,1,2,4,1
4561,4561,1,1,0,0,0,-1,1,2,1
-4561,-18244,1,1,0,0,0,-1,1,2,1
4562,18248,1,1,0,0,0,-1,1,2,1
-4562,-18248,1,1,0,0,0,-1,1,2,1
4565,4565,1,1,0,0,0,-1,1,2,1
-4565,-18260,0,0,0,0,0,1,0,1,1
4566,18264,0,0,0,0,0,1,0,1,1
-4566,-18264,0,0,0,0,0,1,0,1,1
4567,18268,1,1,0,0,0,-1,1,2,1
-4567,-4567,1,1,0,1,0,-1,1,2,1
4569,4569,0,0,0,0,0,1,0,1,1
-4569,-18276,0,0,0,0,0,1,0,1,1
4570,18280,2,2,0,2,0,1,2,4,1
-4570,-18280,0,0,2,0,0,1,2,4,1
4571,18284,1,1,0,0,0,-1,1,2,1
-4571,-4571,1,1,0,1,0,-1,1,2,1
4573,4573,1,1,0,0,0,-1,1,2,1
-4573,-18292,1,1,0,1,0,-1,1,2,1
4574,18296,0,0,0,0,0,1,0,1,1
-4574,-18296,0,0,0,0,0,1,0,1,1
4577,4577,2,2,0,2,0,1,2,4,1
-4577,-18308,0,0,0,0,0,1,0,1,1
4578,18312,1,1,0,0,0,-1,1,2,1
-4578,-18312,1,1,0,1,0,-1,1,2,1
4579,18316,0,2,0,0,0,1,2,4,1
-4579,-4579,0,0,2,0,0,1,2,4,1
4582,18328,3,3,0,3,0,-1,3,8,1
-4582,-18328,1,1,2,0,0,-1,3,8,1
4583,18332,1,1,0,0,0,-1,1,2,1
-4583,-4583,1,1,0,1,0,-1,1,2,1
4585,4585,0,0,2,0,0,1,2,4,1
-4585,-18340,0,2,0,0,0,1,2,4,1
4586,18344,1,1,0,1,0,-1,1,2,1
-4586,-18344,1,1,0,0,0,-1,1,2,1
4587,18348,1,1,0,0,0,-1,1,2,1
-4587,-4587,0,0,0,0,0,1,0,1,1
4589,4589,1,1,0,0,0,-1,1,2,1
-4589,-18356,1,1,0,0,0,-1,1,2,1
4591,18364,2,2,0,2,0,1,2,4,1
-4591,-4591,0,0,0,0,0,1,0,1,1
4593,4593,1,1,0,0,0,-1,1,2,1
-4593,-18372,1,1,0,0,0,-1,1,2,1
4594,18376,1,1,0,0,0,-1,1,2,1
-4594,-18376,1,1,0,1,0,-1,1,2,1
4595,18380,1,1,0,0,0,-1,1,2,1
-4595,-4595,1,1,0,1,0,-1,1,2,1
4597,4597,1,1,0,0,0,-1,1,2,1
-4597,-18388,1,1,0,1,0,-1,1,2,1
4601,4601,0,0,0,0,0,1,0,1,1
-4601,-18404,0,0,0,0,0,1,0,1,1
4602,18408,0,0,0,0,0,1,0,1,1
-4602,-18408,0,0,0,0,0,1,0,1,1
4603,18412,0,0,0,0,0,1,0,1,1
-4603,-4603,0,0,0,0,0,1,0,1,1
4605,4605,1,1,0,0,0,-1,1,2,1
-4605,-18420,1,1,0,0,0,-1,1,2,1
4607,18428,0,0,2,0,0,1,2,4,1
-4607,-4607,2,2,0,2,0,1,2,4,1
4609,4609,1,1,0,1,0,-1,1,2,1
-4609,-18436,0,0,2,0,0,1,2,4,1
4610,18440,0,0,2,0,0,1,2,4,1
-4610,-18440,0,0,2,0,0,1,2,4,1
4611,18444,1,1,0,0,0,-1,1,2,1
-4611,-4611,1,1,0,1,0,-1,1,2,1
4613,4613,0,0,2,0,0,1,2,4,1
-4613,-18452,0,2,0,0,0,1,2,4,1
4614,18456,0,0,0,0,0,1,0,1,1
-4614,-18456,0,0,0,0,0,1,0,1,1
4615,18460,1,1,0,0,0,-1,1,2,1
-4615,-4615,1,1,0,1,0,-1,1,2,1
4618,18472,0,0,0,0,0,1,0,1,1
-4618,-18472,0,0,0,0,0,1,0,1,1
4619,18476,1,1,0,0,0,-1,1,2,1
-4619,-4619,1,1,0,1,0,-1,1,2,1
4621,4621,0,0,2,0,0,1,2,4,1
-4621,-18484,0,2,0,0,0,1,2,4,1
4622,18488,1,1,0,1,0,-1,1,2,1
-4622,-18488,1,1,0,1,0,-1,1,2,1
4623,18492,0,0,0,0,0,1,0,1,1
-4623,-4623,0,0,0,0,0,1,0,1,1
4627,18508,1,1,0,0,0,-1,1,2,1
-4627,-4627,1,1,0,0,0,-1,1,2,1
4629,4629,0,0,0,0,0,1,0,1,1
-4629,-18516,0,0,2,0,0,1,2,4,1
4630,18520,1,1,0,0,0,-1,1,2,1
-4630,-18520,1,1,0,1,0,-1,1,2,1
4631,18524,1,1,0,0,0,-1,1,2,1
-4631,-4631,0,0,2,0,0,1,2,4,1
4633,4633,1,1,0,0,0,-1,1,2,1
-4633,-18532,1,1,0,1,0,-1,1,2,1
4634,18536,0,0,0,0,0,1,0,1,1
-4634,-18536,0,0,0,0,0,1,0,1,1
4637,4637,1,1,0,0,0,-1,1,2,1
-4637,-18548,1,1,0,0,0,-1,1,2,1
4638,18552,1,1,0,0,0,-1,1,2,1
-4638,-18552,1,1,0,1,0,-1,1,2,1
4639,18556,1,1,0,0,0,-1,1,2,1
-4639,-4639,1,1,0,1,0,-1,1,2,1
4641,4641,1,1,0,1,0,-1,1,2,1
-4641,-18564,1,1,0,1,0,-1,1,2,1
4642,18568,1,1,0,1,0,-1,1,2,1
-4642,-18568,0,0,2,0,0,1,2,4,1
4643,18572,0,0,0,0,0,1,0,1,1
-4643,-4643,0,0,0,0,0,1,0,1,1
4645,4645,0,0,0,0,0,1,0,1,1
-4645,-18580,0,0,0,0,0,1,0,1,1
4646,18584,0,0,0,0,0,1,0,1,1
-4646,-18584,0,0,0,0,0,1,0,1,1
4647,18588,0,0,0,0,0,1,0,1,1
-4647,-4647,0,0,0,0,0,1,0,1,1
4649,4649,1,1,0,1,0,-1,1,2,1
-4649,-18596,1,1,0,0,0,-1,1,2,1
4651,18604,0,0,0,0,0,1,0,1,1
-4651,-4651,0,0,0,0,0,1,0,1,1
4654,18616,0,0,0,0,0,1,0,1,1
-4654,-18616,0,0,0,0,0,1,0,1,1
4657,4657,0,0,0,0,0,1,0,1,1
-4657,-18628,0,0,0,0,0,1,0,1,1
4658,18632,0,0,0,0,0,1,0,1,1
-4658,-18632,0,0,0,0,0,1,0,1,1
4659,18636,1,1,0,0,0,-1,1,2,1
-4659,-4659,1,1,0,0,0,-1,1,2,1
4661,4661,1,1,0,0,0,-1,1,2,1
-4661,-18644,1,1,0,1,0,-1,1,2,1
4663,18652,1,1,0,0,0,-1,1,2,1
-4663,-4663,1,1,0,1,0,-1,1,2,1
4665,4665,2,2,0,2,0,1,2,4,1
-4665,-18660,0,0,0,0,0,1,0,1,1
4666,18664,1,1,0,0,0,-1,1,2,1
-4666,-18664,1,1,0,1,0,-1,1,2,1
4667,18668,0,0,0,0,0,1,0,1,1
-4667,-4667,0,0,0,0,0,1,0,1,1
4669,4669,0,0,0,0,0,1,0,1,1
-4669,-18676,0,0,0,0,0,1,0,1,1
4670,18680,1,1,0,0,0,-1,1,2,1
-4670,-18680,1,1,0,1,0,-1,1,2,1
4673,4673,2,2,0,2,0,1,2,4,1
-4673,-18692,0,0,2,0,0,1,2,4,1
4674,18696,1,1,0,0,0,-1,1,2,1
-4674,-18696,1,1,0,1,0,-1,1,2,1
4677,4677,1,1,0,0,0,-1,1,2,1
-4677,-18708,1,1,0,0,0,-1,1,2,1
4678,18712,0,2,0,0,0,1,2,4,1
-4678,-18712,0,0,2,0,0,1,2,4,1
4679,18716,0,0,0,0,0,1,0,1,1
-4679,-4679,0,0,0,0,0,1,0,1,1
4681,4681,1,1,0,0,0,-1,1,2,1
-4681,-18724,1,1,0,0,0,-1,1,2,1
4682,18728,1,1,0,0,0,-1,1,2,1
-4682,-18728,1,1,0,1,0,-1,1,2,1
4683,18732,1,1,0,0,0,-1,1,2,1
-4683,-4683,1,1,0,1,0,-1,1,2,1
4685,4685,1,1,0,0,0,-1,1,2,1
-4685,-18740,1,1,0,0,0,-1,1,2,1
4686,18744,1,1,0,0,0,-1,1,2,1
-4686,-18744,0,0,0,0,0,1,0,1,1
4687,18748,0,0,0,0,0,1,0,1,1
-4687,-4687,0,0,0,0,0,1,0,1,1
4690,18760,0,0,0,0,0,1,0,1,1
-4690,-18760,0,0,0,0,0,1,0,1,1
4691,18764,0,0,0,0,0,1,0,1,1
-4691,-4691,0,0,0,0,0,1,0,1,1
4694,18776,1,1,0,0,0,-1,1,2,1
-4694,-18776,1,1,0,0,0,-1,1,2,1
4695,18780,0,0,0,0,0,1,0,1,1
-4695,-4695,0,0,0,0,0,1,0,1,1
4697,4697,1,1,0,1,0,-1,1,2,1
-4697,-18788,0,0,0,0,0,1,0,1,1
4699,18796,1,1,0,0,0,-1,1,2,1
-4699,-4699,1,1,0,0,0,-1,1,2,1
4701,4701,0,2,0,0,0,1,2,4,1
-4701,-18804,0,0,0,0,0,1,0,1,1
4702,18808,0,0,0,0,0,1,0,1,1
-4702,-18808,0,0,0,0,0,1,0,1,1
4703,18812,1,1,0,0,0,-1,1,2,1
-4703,-4703,1,1,0,1,0,-1,1,2,1
4705,4705,1,1,0,0,0,-1,1,2,1
-4705,-18820,1,1,0,0,0,-1,1,2,1
4706,18824,0,0,0,0,0,1,0,1,1
-4706,-18824,0,0,0,0,0,1,0,1,1
4709,4709,0,2,0,0,0,1,2,4,1
-4709,-18836,0,0,2,0,0,1,2,4,1
4710,18840,1,1,0,0,0,-1,1,2,1
-4710,-18840,1,1,0,0,0,-1,1,2,1
4711,18844,0,0,0,0,0,1,0,1,1
-4711,-4711,0,0,0,0,0,1,0,1,1
4713,4713,0,0,0,0,0,1,0,1,1
-4713,-18852,0,0,2,0,0,1,2,4,1
4714,18856,1,1,0,0,0,-1,1,2,1
-4714,-18856,1,1,0,1,0,-1,1,2,1
4715,18860,1,1,0,0,0,-1,1,2,1
-4715,-4715,1,1,0,0,0,-1,1,2,1
4717,4717,0,0,0,0,0,1,0,1,1
-4717,-18868,0,0,0,0,0,1,0,1,1
4718,18872,1,1,0,1,0,-1,1,2,1
-4718,-18872,1,1,0,1,0,-1,1,2,1
4721,4721,1,1,0,0,0,-1,1,2,1
-4721,-18884,1,1,0,1,0,-1,1,2,1
4722,18888,0,2,0,0,0,1,2,4,1
-4722,-18888,0,2,0,0,0,1,2,4,1
4723,18892,0,0,0,0,0,1,0,1,1
-4723,-4723,0,2,0,0,0,1,2,4,1
4726,18904,1,1,0,0,0,-1,1,2,1
-4726,-18904,1,1,0,1,0,-1,1,2,1
4727,18908,1,1,0,1,0,-1,1,2,1
-4727,-4727,1,1,0,1,0,-1,1,2,1
4729,4729,1,1,0,0,0,-1,1,2,1
-4729,-18916,1,1,0,0,0,-1,1,2,1
4730,18920,1,1,0,0,0,-1,1,2,1
-4730,-18920,2,2,0,2,0,1,2,4,1
4731,18924,0,0,0,0,0,1,0,1,1
-4731,-4731,0,0,0,0,0,1,0,1,1
4733,4733,0,0,0,0,0,1,0,1,1
-4733,-18932,0,0,0,0,0,1,0,1,1
4735,18940,0,0,0,0,0,1,0,1,1
-4735,-4735,0,0,0,0,0,1,0,1,1
4737,4737,1,1,0,0,0,-1,1,2,1
-4737,-18948,1,1,0,1,0,-1,1,2,1
4738,18952,1,1,0,0,0,-1,1,2,1
-4738,-18952,1,1,2,1,0,-1,3,8,1
4739,18956,0,0,2,0,0,1,2,4,1
-4739,-4739,0,0,2,0,0,1,2,4,1
4741,4741,1,1,0,0,0,-1,1,2,1
-4741,-18964,0,0,0,0,0,1,0,1,1
4742,18968,0,0,0,0,0,1,0,1,1
-4742,-18968,0,0,0,0,0,1,0,1,1
4745,4745,2,2,0,2,0,1,2,4,1
-4745,-18980,2,2,0,2,0,1,2,4,1
4746,18984,0,0,0,0,0,1,0,1,1
-4746,-18984,0,0,0,0,0,1,0,1,1
4747,18988,1,1,0,0,0,-1,1,2,1
-4747,-4747,1,1,0,1,0,-1,1,2,1
4749,4749,1,1,0,0,0,-1,1,2,1
-4749,-18996,1,1,0,0,0,-1,1,2,1
4751,19004,1,1,0,0,0,-1,1,2,1
-4751,-4751,1,1,0,1,0,-1,1,2,1
4754,19016,1,1,0,0,0,-1,1,2,1
-4754,-19016,1,1,0,0,0,-1,1,2,1
4755,19020,0,0,0,0,0,1,0,1,1
-4755,-4755,0,0,0,0,0,1,0,1,1
4757,4757,0,0,0,0,0,1,0,1,1
-4757,-19028,0,0,0,0,0,1,0,1,1
4758,19032,1,1,0,0,0,-1,1,2,1
-4758,-19032,1,1,0,1,0,-1,1,2,1
4759,19036,1,1,0,0,0,-1,1,2,1
-4759,-4759,1,1,0,1,0,-1,1,2,1
4762,19048,1,1,0,0,0,-1,1,2,1
-4762,-19048,1,1,0,1,0,-1,1,2,1
4763,19052,1,1,0,0,0,-1,1,2,1
-4763,-4763,0,0,0,0,0,1,0,1,1
4765,4765,1,1,0,0,0,-1,1,2,1
-4765,-19060,1,1,0,0,0,-1,1,2,1
4766,19064,2,2,0,2,0,1,2,4,1
-4766,-19064,2,2,0,2,0,1,2,4,1
4767,19068,0,0,0,0,0,1,0,1,1
-4767,-4767,0,0,0,0,0,1,0,1,1
4769,4769,1,1,0,0,0,-1,1,2,1
-4769,-19076,1,1,0,1,0,-1,1,2,1
4771,19084,1,1,0,0,0,-1,1,2,1
-4771,-4771,1,1,0,0,0,-1,1,2,1
4773,4773,1,1,0,0,0,-1,1,2,1
-4773,-19092,1,1,0,0,0,-1,1,2,1
4774,19096,1,1,0,0,0,-1,1,2,1
-4774,-19096,0,0,0,0,0,1,0,1,1
4777,4777,0,0,0,0,0,1,0,1,1
-4777,-19108,0,0,0,0,0,1,0,1,1
4778,19112,0,0,0,0,0,1,0,1,1
-4778,-19112,0,0,0,0,0,1,0,1,1
4781,4781,1,1,0,0,0,-1,1,2,1
-4781,-19124,1,1,0,1,0,-1,1,2,1
4782,19128,1,1,0,0,0,-1,1,2,1
-4782,-19128,1,1,0,0,0,-1,1,2,1
4783,19132,0,0,0,0,0,1,0,1,1
-4783,-4783,0,0,0,0,0,1,0,1,1
4785,4785,1,1,0,0,0,-1,1,2,1
-4785,-19140,0,2,0,0,0,1,2,4,1
4786,19144,0,2,0,0,0,1,2,4,1
-4786,-19144,2,2,0,1,0,1,2,4,1
4787,19148,1,1,0,1,0,-1,1,2,1
-4787,-4787,1,1,0,1,0,-1,1,2,1
4789,4789,2,2,0,2,0,1,2,4,1
-4789,-19156,2,2,0,1,0,1,2,4,1
4790,19160,0,0,0,0,0,1,0,1,1
-4790,-19160,0,0,0,0,0,1,0,1,1
4791,19164,1,1,0,0,0,-1,1,2,1
-4791,-4791,1,1,0,1,0,-1,1,2,1
4793,4793,1,1,0,0,0,-1,1,2,1
-4793,-19172,1,1,0,1,0,-1,1,2,1
4794,19176,2,2,0,1,0,1,2,4,1
-4794,-19176,0,0,0,0,0,1,0,1,1
4795,19180,1,1,0,0,0,-1,1,2,1
-4795,-4795,1,1,0,1,0,-1,1,2,1
4798,19192,1,1,0,0,0,-1,1,2,1
-4798,-19192,1,1,0,1,0,-1,1,2,1
4799,19196,0,0,0,0,0,1,0,1,1
-4799,-4799,0,0,0,0,0,1,0,1,1
4801,4801,0,0,0,0,0,1,0,1,1
-4801,-19204,0,0,0,0,0,1,0,1,1
4803,19212,1,1,0,0,0,-1,1,2,1
-4803,-4803,1,1,0,0,0,-1,1,2,1
4807,19228,1,1,0,0,0,-1,1,2,1
-4807,-4807,2,2,0,2,0,1,2,4,1
4809,4809,1,1,0,0,0,-1,1,2,1
-4809,-19236,1,1,0,0,0,-1,1,2,1
4810,19240,0,0,0,0,0,1,0,1,1
-4810,-19240,0,0,0,0,0,1,0,1,1
4811,19244,0,0,0,0,0,1,0,1,1
-4811,-4811,0,0,0,0,0,1,0,1,1
4813,4813,1,1,0,0,0,-1,1,2,1
-4813,-19252,1,1,0,0,0,-1,1,2,1
4814,19256,1,1,2,0,0,-1,3,8,1
-4814,-19256,1,1,2,1,0,-1,3,8,1
4817,4817,1,1,0,1,0,-1,1,2,1
-4817,-19268,1,1,0,0,0,-1,1,2,1
4818,19272,1,1,0,0,0,-1,1,2,1
-4818,-19272,0,0,0,0,0,1,0,1,1
4819,19276,0,0,0,0,0,1,0,1,1
-4819,-4819,0,0,0,0,0,1,0,1,1
4821,4821,0,0,0,0,0,1,0,1,1
-4821,-19284,0,0,0,0,0,1,0,1,1
4822,19288,0,2,0,0,0,1,2,4,1
-4822,-19288,0,0,2,0,0,1,2,4,1
4823,19292,0,0,0,0,0,1,0,1,1
-4823,-4823,0,0,0,0,0,1,0,1,1
4826,19304,1,1,0,0,0,-1,1,2,1
-4826,-19304,1,1,0,1,0,-1,1,2,1
4827,19308,0,0,0,0,0,1,0,1,1
-4827,-4827,0,0,0,0,0,1,0,1,1
4829,4829,1,1,0,0,0,-1,1,2,1
-4829,-19316,0,0,2,0,0,1,2,4,1
4830,19320,0,0,0,0,0,1,0,1,1
-4830,-19320,0,0,0,0,0,1,0,1,1
4831,19324,1,1,0,0,0,-1,1,2,1
-4831,-4831,1,1,0,0,0,-1,1,2,1
4834,19336,2,2,0,2,0,1,2,4,1
-4834,-19336,0,0,2,0,0,1,2,4,1
4835,19340,1,1,0,0,0,-1,1,2,1
-4835,-4835,1,1,0,0,0,-1,1,2,1
4837,4837,1,1,0,0,0,-1,1,2,1
-4837,-19348,1,1,0,0,0,-1,1,2,1
4838,19352,0,0,0,0,0,1,0,1,1
-4838,-19352,0,0,0,0,0,1,0,1,1
4839,19356,1,1,0,0,0,-1,1,2,1
-4839,-4839,1,1,0,1,0,-1,1,2,1
4841,4841,2,2,0,2,0,1,2,4,1
-4841,-19364,0,0,2,0,0,1,2,4,1
4843,19372,2,2,0,2,0,1,2,4,1
-4843,-4843,0,0,2,0,0,1,2,4,1
4845,4845,0,0,0,0,0,1,0,1,1
-4845,-19380,0,0,0,0,0,1,0,1,1
4846,19384,1,1,0,0,0,-1,1,2,1
-4846,-19384,1,1,0,0,0,-1,1,2,1
4847,19388,1,1,0,0,0,-1,1,2,1
-4847,-4847,1,1,0,1,0,-1,1,2,1
4849,4849,2,2,0,2,0,1,2,4,1
-4849,-19396,0,0,2,0,0,1,2,4,1
4853,4853,1,1,0,0,0,-1,1,2,1
-4853,-19412,1,1,0,0,0,-1,1,2,1
4854,19416,0,0,0,0,0,1,0,1,1
-4854,-19416,0,0,0,0,0,1,0,1,1
4855,19420,0,0,0,0,0,1,0,1,1
-4855,-4855,0,0,0,0,0,1,0,1,1
4857,4857,1,1,0,0,0,-1,1,2,1
-4857,-19428,1,1,0,0,0,-1,1,2,1
4858,19432,1,1,0,0,0,-1,1,2,1
-4858,-19432,1,1,0,1,0,-1,1,2,1
4859,19436,1,1,0,0,0,-1,1,2,1
-4859,-4859,1,1,0,0,0,-1,1,2,1
4861,4861,1,1,0,0,0,-1,1,2,1
-4861,-19444,1,1,0,0,0,-1,1,2,1
4862,19448,1,1,0,0,0,-1,1,2,1
-4862,-19448,2,2,0,2,0,1,2,4,1
4863,19452,0,0,2,0,0,1,2,4,1
-4863,-4863,0,0,2,0,0,1,2,4,1
4865,4865,2,2,0,2,0,1,2,4,1
-4865,-19460,0,2,0,0,0,1,2,4,1
4866,19464,0,0,2,0,0,1,2,4,1
-4866,-19464,0,0,2,0,0,1,2,4,1
4867,19468,0,0,0,0,0,1,0,1,1
-4867,-4867,0,0,0,0,0,1,0,1,1
4870,19480,1,1,0,0,0,-1,1,2,1
-4870,-19480,1,1,0,1,0,-1,1,2,1
4871,19484,0,2,0,0,0,1,2,4,1
-4871,-4871,0,0,0,0,0,1,0,1,1
4873,4873,1,1,0,1,0,-1,1,2,1
-4873,-19492,0,0,0,0,0,1,0,1,1
4874,19496,0,0,2,0,0,1,2,4,1
-4874,-19496,0,0,2,0,0,1,2,4,1
4877,4877,0,0,0,0,0,1,0,1,1
-4877,-19508,0,0,0,0,0,1,0,1,1
4879,19516,1,1,0,0,0,-1,1,2,1
-4879,-4879,1,1,0,1,0,-1,1,2,1
4881,4881,1,1,0,1,0,-1,1,2,1
-4881,-19524,1,1,0,0,0,-1,1,2,1
4882,19528,0,0,0,0,0,1,0,1,1
-4882,-19528,0,0,0,0,0,1,0,1,1
4883,19532,1,1,0,0,0,-1,1,2,1
-4883,-4883,1,1,0,1,0,-1,1,2,1
4885,4885,0,0,0,0,0,1,0,1,1
-4885,-19540,0,0,0,0,0,1,0,1,1
4886,19544,1,1,0,0,0,-1,1,2,1
-4886,-19544,1,1,0,1,0,-1,1,2,1
4889,4889,0,0,0,0,0,1,0,1,1
-4889,-19556,0,0,0,0,0,1,0,1,1
4890,19560,1,1,0,0,0,-1,1,2,1
-4890,-19560,1,1,0,1,0,-1,1,2,1
4891,19564,1,1,0,0,0,-1,1,2,1
-4891,-4891,1,1,0,0,0,-1,1,2,1
4893,4893,0,0,0,0,0,1,0,1,1
-4893,-19572,0,0,0,0,0,1,0,1,1
4894,19576,1,1,0,0,0,-1,1,2,1
-4894,-19576,1,1,0,0,0,-1,1,2,1
4895,19580,1,1,0,0,0,-1,1,2,1
-4895,-4895,0,0,0,0,0,1,0,1,1
4897,4897,1,1,0,1,0,-1,1,2,1
-4897,-19588,1,1,0,0,0,-1,1,2,1
4898,19592,0,2,0,0,0,1,2,4,1
-4898,-19592,0,0,2,0,0,1,2,4,1
4899,19596,0,0,0,0,0,1,0,1,1
-4899,-4899,0,0,0,0,0,1,0,1,1
4902,19608,1,1,0,0,0,-1,1,2,1
-4902,-19608,1,1,0,1,0,-1,1,2,1
4903,19612,1,1,0,0,0,-1,1,2,1
-4903,-4903,1,1,0,1,0,-1,1,2,1
4906,19624,1,1,0,0,0,-1,1,2,1
-4906,-19624,0,0,0,0,0,1,0,1,1
4907,19628,0,0,0,0,0,1,0,1,1
-4907,-4907,0,0,0,0,0,1,0,1,1
4909,4909,0,0,0,0,0,1,0,1,1
-4909,-19636,0,0,0,0,0,1,0,1,1
4910,19640,0,0,2,0,0,1,2,4,1
-4910,-19640,0,0,2,0,0,1,2,4,1
4911,19644,0,0,0,0,0,1,0,1,1
-4911,-4911,0,0,0,0,0,1,0,1,1
4915,19660,0,0,0,0,0,1,0,1,1
-4915,-4915,0,0,0,0,0,1,0,1,1
4917,4917,1,1,0,0,0,-1,1,2,1
-4917,-19668,0,0,0,0,0,1,0,1,1
4918,19672,0,0,0,0,0,1,0,1,1
-4918,-19672,0,0,0,0,0,1,0,1,1
4919,19676,1,1,0,0,0,-1,1,2,1
-4919,-4919,1,1,0,1,0,-1,1,2,1
4921,4921,0,0,0,0,0,1,0,1,1
-4921,-19684,0,0,0,0,0,1,0,1,1
4922,19688,0,0,0,0,0,1,0,1,1
-4922,-19688,0,0,0,0,0,1,0,1,1
4926,19704,0,0,2,0,0,1,2,4,1
-4926,-19704,0,2,0,0,0,1,2,4,1
4927,19708,1,1,0,0,0,-1,1,2,1
-4927,-4927,1,1,0,1,0,-1,1,2,1
4929,4929,0,0,0,0,0,1,0,1,1
-4929,-19716,0,0,0,0,0,1,0,1,1
4930,19720,1,1,0,0,0,-1,1,2,1
-4930,-19720,1,1,0,1,0,-1,1,2,1
4931,19724,0,0,0,0,0,1,0,1,1
-4931,-4931,2,2,0,1,0,1,2,4,1
4933,4933,0,0,0,0,0,1,0,1,1
-4933,-19732,0,0,0,0,0,1,0,1,1
4934,19736,1,1,0,0,0,-1,1,2,1
-4934,-19736,1,1,0,1,0,-1,1,2,1
4935,19740,1,1,0,0,0,-1,1,2,1
-4935,-4935,1,1,0,1,0,-1,1,2,1
4937,4937,0,0,2,0,0,1,2,4,1
-4937,-19748,0,2,0,0,0,1,2,4,1
4938,19752,1,1,0,0,0,-1,1,2,1
-4938,-19752,1,1,0,1,0,-1,1,2,1
4939,19756,1,1,0,0,0,-1,1,2,1
-4939,-4939,0,0,0,0,0,1,0,1,1
4942,19768,0,0,0,0,0,1,0,1,1
-4942,-19768,0,0,0,0,0,1,0,1,1
4943,19772,0,0,0,0,0,1,0,1,1
-4943,-4943,2,2,0,2,0,1,2,4,1
4945,4945,1,1,0,0,0,-1,1,2,1
-4945,-19780,1,1,0,1,0,-1,1,2,1
4946,19784,1,1,0,0,0,-1,1,2,1
-4946,-19784,1,1,0,0,0,-1,1,2,1
4947,19788,1,1,0,0,0,-1,1,2,1
-4947,-4947,1,1,0,1,0,-1,1,2,1
4951,19804,0,0,2,0,0,1,2,4,1
-4951,-4951,0,0,0,0,0,1,0,1,1
4953,4953,2,2,0,2,0,1,2,4,1
-4953,-19812,0,0,2,0,0,1,2,4,1
4954,19816,0,0,0,0,0,1,0,1,1
-4954,-19816,0,0,0,0,0,1,0,1,1
4955,19820,0,0,0,0,0,1,0,1,1
-4955,-4955,0,0,2,0,0,1,2,4,1
4957,4957,1,1,0,0,0,-1,1,2,1
-4957,-19828,1,1,0,0,0,-1,1,2,1
4958,19832,1,1,0,0,0,-1,1,2,1
-4958,-19832,1,1,0,1,0,-1,1,2,1
4962,19848,0,0,0,0,0,1,0,1,1
-4962,-19848,0,0,0,0,0,1,0,1,1
4963,19852,1,1,0,0,0,-1,1,2,1
-4963,-4963,1,1,0,0,0,-1,1,2,1
4965,4965,0,0,0,0,0,1,0,1,1
-4965,-19860,0,0,0,0,0,1,0,1,1
4966,19864,0,0,0,0,0,1,0,1,1
-4966,-19864,0,0,0,0,0,1,0,1,1
4967,19868,1,1,0,0,0,-1,1,2,1
-4967,-4967,1,1,0,1,0,-1,1,2,1
4969,4969,1,1,0,0,0,-1,1,2,1
-4969,-19876,1,1,0,1,0,-1,1,2,1
4970,19880,0,0,0,0,0,1,0,1,1
-4970,-19880,0,0,0,0,0,1,0,1,1
4971,19884,1,1,0,0,0,-1,1,2,1
-4971,-4971,1,1,0,1,0,-1,1,2,1
4973,4973,0,0,0,0,0,1,0,1,1
-4973,-19892,0,0,0,0,0,1,0,1,1
4974,19896,1,1,0,0,0,-1,1,2,1
-4974,-19896,1,1,0,0,0,-1,1,2,1
4978,19912,1,1,0,0,0,-1,1,2,1
-4978,-19912,1,1,0,1,0,-1,1,2,1
4979,19916,1,1,0,0,0,-1,1,2,1
-4979,-4979,1,1,0,1,0,-1,1,2,1
4981,4981,2,2,0,2,0,1,2,4,1
-4981,-19924,0,0,2,0,0,1,2,4,1
4982,19928,1,1,0,1,0,-1,1,2,1
-4982,-19928,1,1,0,1,0,-1,1,2,1
4983,19932,1,1,0,0,0,-1,1,2,1
-4983,-4983,0,0,0,0,0,1,0,1,1
4985,4985,1,1,0,0,0,-1,1,2,1
-4985,-19940,1,1,0,0,0,-1,1,2,1
4987,19948,0,0,0,0,0,1,0,1,1
-4987,-4987,0,2,0,0,0,1,2,4,1
4989,4989,1,1,0,0,0,-1,1,2,1
-4989,-19956,1,1,0,0,0,-1,1,2,1
4990,19960,1,1,0,0,0,-1,1,2,1
-4990,-19960,1,1,0,1,0,-1,1,2,1
4991,19964,1,1,0,0,0,-1,1,2,1
-4991,-4991,1,1,0,1,0,-1,1,2,1
4993,4993,1,1,0,0,0,-1,1,2,1
-4993,-19972,1,1,0,0,0,-1,1,2,1
4994,19976,1,1,0,0,0,-1,1,2,1
-4994,-19976,0,0,0,0,0,1,0,1,1
4997,4997,0,0,2,0,0,1,2,4,1
-4997,-19988,2,2,0,2,0,1,2,4,1
4999,19996,0,0,0,0,0,1,0,1,1
-4999,-4999,0,0,2,0,0,1,2,4,1
