pos,m,bit,first3,last3,sig00,sig01,sig10,sig11
6,1,1,1,1,0,0,0,0
13,3,0,1,0,1,0,1,0
16,1,0,0,0,0,0,0,0
26,1,1,1,1,0,0,0,0
30,1,0,0,0,0,0,0,0
30,6,1,1,1,1,2,2,0
30,2,0,1,0,0,0,1,0
35,8,1,0,1,1,3,2,1
35,1,0,0,0,0,0,0,0
35,5,1,0,1,0,2,1,1
35,2,0,1,0,0,0,1,0
35,3,1,1,1,0,1,1,0
36,1,0,0,0,0,0,0,0
40,1,0,0,0,0,0,0,0
42,1,1,1,1,0,0,0,0
42,4,0,0,0,0,1,1,1
44,1,1,1,1,0,0,0,0
44,9,0,1,0,1,2,3,2
44,2,1,0,1,0,1,0,0
45,1,0,0,0,0,0,0,0
47,1,1,1,1,0,0,0,0
47,6,0,1,0,1,1,2,1
49,1,1,1,1,0,0,0,0
51,1,0,0,0,0,0,0,0
59,6,1,1,1,1,2,2,0
59,9,0,1,0,2,2,3,1
59,1,1,1,1,0,0,0,0
61,1,0,0,0,0,0,0,0
63,4,0,0,0,0,1,1,1
63,1,1,1,1,0,0,0,0
62,6,0,1,0,1,1,2,1
60,6,1,0,1,1,2,1,1
57,1,0,0,0,0,0,0,0
59,3,1,1,1,0,1,1,0
60,1,0,0,0,0,0,0,0
60,6,1,0,1,1,2,1,1
58,1,1,1,1,0,0,0,0
59,6,1,1,1,1,2,2,0
59,1,0,0,0,0,0,0,0
64,8,1,0,1,1,3,2,1
67,3,0,1,0,1,0,1,0
69,1,1,1,1,0,0,0,0
71,1,0,0,0,0,0,0,0
76,3,0,1,0,1,0,1,0
81,1,1,1,1,0,0,0,0
82,3,1,1,1,0,1,1,0
82,18,0,1,0,3,5,6,3
81,14,1,1,1,2,5,5,1
81,9,0,0,0,1,3,3,1
82,1,1,1,1,0,0,0,0
82,18,0,1,0,3,5,6,3
81,9,0,0,0,1,3,3,1
80,1,0,0,0,0,0,0,0
78,1,1,1,1,0,0,0,0
81,1,1,1,1,0,0,0,0
81,9,0,0,0,1,3,3,1
83,1,1,1,1,0,0,0,0
88,1,1,1,1,0,0,0,0
92,1,0,0,0,0,0,0,0
97,31,0,1,0,5,10,11,4
97,1,1,1,1,0,0,0,0
96,3,0,0,0,0,1,1,0
95,1,0,0,0,0,0,0,0
96,1,1,1,1,0,0,0,0
97,31,0,1,0,5,10,11,4
100,2,0,1,0,0,0,1,0
112,3,0,0,0,0,1,1,0
112,25,1,0,1,4,9,8,3
111,1,0,0,0,0,0,0,0
111,8,1,0,1,1,3,2,1
114,5,0,1,0,1,1,2,0
116,25,0,1,0,4,8,9,3
119,16,1,0,1,2,6,5,2
120,1,0,0,0,0,0,0,0
122,1,1,1,1,0,0,0,0
125,1,1,1,1,0,0,0,0
130,1,0,0,0,0,0,0,0
132,3,0,1,0,1,0,1,0
134,2,1,0,1,0,1,0,0
139,2,1,0,1,0,1,0,0
140,1,0,0,0,0,0,0,0
140,5,1,0,1,1,2,1,0
139,1,1,1,1,0,0,0,0
141,1,0,0,0,0,0,0,0
143,12,0,1,0,2,3,4,2
143,1,1,1,1,0,0,0,0
144,1,0,0,0,0,0,0,0
153,17,0,1,0,3,5,6,2
153,1,1,1,1,0,0,0,0
154,5,1,0,1,1,2,1,0
154,1,0,0,0,0,0,0,0
153,2,1,0,1,0,1,0,0
153,3,0,0,0,0,1,1,0
154,1,1,1,1,0,0,0,0
156,1,0,0,0,0,0,0,0
159,1,0,0,0,0,0,0,0
161,3,0,1,0,1,0,1,0
162,14,0,1,0,3,4,5,1
162,9,1,0,1,2,3,2,1
165,1,1,1,1,0,0,0,0
167,4,1,1,1,1,1,1,0
167,1,0,0,0,0,0,0,0
170,1,0,0,0,0,0,0,0
172,1,1,1,1,0,0,0,0
174,1,0,0,0,0,0,0,0
182,3,1,1,1,0,1,1,0
185,1,1,1,1,0,0,0,0
188,1,1,1,1,0,0,0,0
192,2,0,1,0,0,0,1,0
198,1,0,0,0,0,0,0,0
207,6,1,0,1,1,2,1,1
211,1,0,0,0,0,0,0,0
214,1,0,0,0,0,0,0,0
216,1,1,1,1,0,0,0,0
219,1,1,1,1,0,0,0,0
221,1,0,0,0,0,0,0,0
227,4,0,0,0,0,1,1,1
227,1,1,1,1,0,0,0,0
230,1,1,1,1,0,0,0,0
232,1,0,0,0,0,0,0,0
234,1,1,1,1,0,0,0,0
236,4,1,1,1,1,1,1,0
236,1,0,0,0,0,0,0,0
241,1,1,1,1,0,0,0,0
243,1,0,0,0,0,0,0,0
245,1,1,1,1,0,0,0,0
245,4,0,0,0,0,1,1,1
244,10,0,1,0,2,2,3,2
246,1,1,1,1,0,0,0,0
250,3,1,1,1,0,1,1,0
253,1,1,1,1,0,0,0,0
259,9,0,1,0,1,2,3,2
263,9,1,0,1,1,3,2,2
266,1,1,1,1,0,0,0,0
270,2,0,1,0,0,0,1,0
272,11,0,1,0,1,3,4,2
274,1,1,1,1,0,0,0,0
275,3,1,1,1,0,1,1,0
276,1,0,0,0,0,0,0,0
277,11,0,1,0,1,3,4,2
282,1,1,1,1,0,0,0,0
282,4,0,0,0,0,1,1,1
284,2,1,0,1,0,1,0,0
287,1,1,1,1,0,0,0,0
287,6,0,1,0,1,1,2,1
291,1,0,0,0,0,0,0,0
293,1,1,1,1,0,0,0,0
299,2,1,0,1,0,1,0,0
299,9,0,1,0,2,2,3,1
299,1,1,1,1,0,0,0,0
302,6,0,1,0,1,1,2,1
307,1,1,1,1,0,0,0,0
308,3,1,1,1,0,1,1,0
313,2,1,0,1,0,1,0,0
316,1,1,1,1,0,0,0,0
321,1,0,0,0,0,0,0,0
325,2,1,0,1,0,1,0,0
330,3,0,0,0,0,1,1,0
331,9,0,1,0,2,2,3,1
331,1,1,1,1,0,0,0,0
329,1,0,0,0,0,0,0,0
331,9,0,1,0,2,2,3,1
336,1,1,1,1,0,0,0,0
340,2,0,1,0,0,0,1,0
341,1,1,1,1,0,0,0,0
343,1,0,0,0,0,0,0,0
345,23,0,1,0,4,7,8,3
345,8,1,0,1,1,3,2,1
349,2,0,1,0,0,0,1,0
352,9,1,1,1,1,3,3,1
352,1,0,0,0,0,0,0,0
353,1,1,1,1,0,0,0,0
354,9,0,1,0,1,2,3,2
354,3,1,1,1,0,1,1,0
354,2,0,1,0,0,0,1,0
355,1,1,1,1,0,0,0,0
357,1,0,0,0,0,0,0,0
357,9,1,1,1,1,3,3,1
356,5,1,0,1,0,2,1,1
354,1,0,0,0,0,0,0,0
362,1,0,0,0,0,0,0,0
362,4,1,1,1,1,1,1,0
364,9,1,0,1,1,3,2,2
364,2,0,1,0,0,0,1,0
368,2,1,0,1,0,1,0,0
369,1,0,0,0,0,0,0,0
370,26,1,0,1,4,9,8,4
373,2,1,0,1,0,1,0,0
373,5,0,1,0,1,1,2,0
373,1,1,1,1,0,0,0,0
375,1,0,0,0,0,0,0,0
377,32,0,1,0,5,10,11,5
377,1,1,1,1,0,0,0,0
376,40,0,1,0,6,13,14,6
377,2,0,1,0,0,0,1,0
380,1,0,0,0,0,0,0,0
380,8,1,0,1,1,3,2,1
382,5,1,0,1,0,2,1,1
382,2,0,1,0,0,0,1,0
381,8,0,1,0,1,2,3,1
381,1,1,1,1,0,0,0,0
382,3,1,1,1,0,1,1,0
388,1,1,1,1,0,0,0,0
390,1,0,0,0,0,0,0,0
392,1,1,1,1,0,0,0,0
396,4,0,0,0,0,1,1,1
396,1,1,1,1,0,0,0,0
397,1,0,0,0,0,0,0,0
406,1,1,1,1,0,0,0,0
411,1,1,1,1,0,0,0,0
413,1,0,0,0,0,0,0,0
413,6,1,0,1,1,2,1,1
420,1,1,1,1,0,0,0,0
427,1,0,0,0,0,0,0,0
427,9,1,1,1,1,3,3,1
428,33,0,0,0,4,11,11,6
429,2,0,1,0,0,0,1,0
430,1,1,1,1,0,0,0,0
431,5,1,0,1,0,2,1,1
432,11,1,0,1,1,4,3,2
432,1,0,0,0,0,0,0,0
432,1,1,1,1,0,0,0,0
436,4,0,0,0,0,1,1,1
436,1,1,1,1,0,0,0,0
439,3,0,1,0,1,0,1,0
441,2,1,0,1,0,1,0,0
442,1,0,0,0,0,0,0,0
447,5,1,0,1,1,2,1,0
447,1,0,0,0,0,0,0,0
446,2,1,0,1,0,1,0,0
451,1,0,0,0,0,0,0,0
454,1,0,0,0,0,0,0,0
458,1,0,0,0,0,0,0,0
460,1,1,1,1,0,0,0,0
462,4,1,1,1,1,1,1,0
462,1,0,0,0,0,0,0,0
463,1,1,1,1,0,0,0,0
467,2,0,1,0,0,0,1,0
472,2,0,1,0,0,0,1,0
473,5,0,1,0,0,1,2,1
473,1,1,1,1,0,0,0,0
472,1,0,0,0,0,0,0,0
476,3,0,0,0,0,1,1,0
476,39,1,0,1,6,13,12,7
475,1,0,0,0,0,0,0,0
475,27,1,0,1,4,9,8,5
477,1,0,0,0,0,0,0,0
480,30,0,1,0,5,9,10,5
484,1,1,1,1,0,0,0,0
490,5,1,0,1,0,2,1,1
492,103,0,1,0,15,34,35,18
500,107,0,1,0,16,35,36,19
500,9,1,1,1,1,3,3,1
499,1,1,1,1,0,0,0,0
500,1,0,0,0,0,0,0,0
504,3,0,0,0,0,1,1,0
505,1,1,1,1,0,0,0,0
507,1,0,0,0,0,0,0,0
510,57,0,1,0,9,18,19,10
510,33,1,1,1,5,11,11,5
509,1,1,1,1,0,0,0,0
510,1,0,0,0,0,0,0,0
512,1,1,1,1,0,0,0,0
517,3,1,0,1,0,1,0,1
521,110,0,1,0,17,36,37,19
521,1,1,1,1,0,0,0,0
524,6,0,1,0,1,1,2,1
524,1,1,1,1,0,0,0,0
523,3,0,0,0,0,1,1,0
522,1,0,0,0,0,0,0,0
523,1,1,1,1,0,0,0,0
524,6,0,1,0,1,1,2,1
527,3,1,1,1,0,1,1,0
528,1,0,0,0,0,0,0,0
533,1,0,0,0,0,0,0,0
534,6,1,0,1,1,2,1,1
538,8,1,0,1,1,3,2,1
539,1,0,0,0,0,0,0,0
540,12,1,0,1,2,4,3,2
542,1,0,0,0,0,0,0,0
544,1,1,1,1,0,0,0,0
547,14,1,0,1,2,5,4,2
548,1,0,0,0,0,0,0,0
550,1,1,1,1,0,0,0,0
550,6,0,1,0,1,1,2,1
549,9,0,0,0,1,3,3,1
547,1,1,1,1,0,0,0,0
552,24,1,0,1,4,8,7,4
555,4,0,0,0,0,1,1,1
555,1,1,1,1,0,0,0,0
556,1,0,0,0,0,0,0,0
558,3,0,1,0,1,0,1,0
560,2,1,0,1,0,1,0,0
561,1,0,0,0,0,0,0,0
562,21,0,1,0,4,6,7,3
565,1,0,0,0,0,0,0,0
567,1,1,1,1,0,0,0,0
570,27,1,0,1,5,9,8,4
574,1,0,0,0,0,0,0,0
582,1,0,0,0,0,0,0,0
582,4,1,1,1,1,1,1,0
591,37,0,0,0,6,12,12,6
591,1,1,1,1,0,0,0,0
591,22,0,0,0,4,7,7,3
593,2,1,0,1,0,1,0,0
594,1,0,0,0,0,0,0,0
598,3,0,0,0,0,1,1,0
599,1,1,1,1,0,0,0,0
601,1,0,0,0,0,0,0,0
606,1,1,1,1,0,0,0,0
608,3,1,0,1,0,1,0,1
610,2,0,1,0,0,0,1,0
611,1,1,1,1,0,0,0,0
613,1,0,0,0,0,0,0,0
620,1,0,0,0,0,0,0,0
622,3,0,1,0,1,0,1,0
624,2,1,0,1,0,1,0,0
624,21,0,1,0,4,6,7,3
624,1,1,1,1,0,0,0,0
624,18,0,1,0,3,5,6,3
626,1,1,1,1,0,0,0,0
628,1,0,0,0,0,0,0,0
628,4,1,1,1,1,1,1,0
629,43,1,0,1,8,14,13,7
630,1,0,0,0,0,0,0,0
634,1,0,0,0,0,0,0,0
636,1,1,1,1,0,0,0,0
636,10,0,1,0,2,2,3,2
636,16,1,1,1,3,5,5,2
639,1,1,1,1,0,0,0,0
641,1,0,0,0,0,0,0,0
642,7,0,0,0,1,2,2,1
643,1,1,1,1,0,0,0,0
647,2,0,1,0,0,0,1,0
650,6,1,0,1,1,2,1,1
650,1,0,0,0,0,0,0,0
652,3,1,1,1,0,1,1,0
653,1,0,0,0,0,0,0,0
659,1,0,0,0,0,0,0,0
665,49,0,1,0,9,15,16,8
665,6,1,0,1,1,2,1,1
664,3,0,1,0,1,0,1,0
663,16,1,0,1,3,5,4,3
662,1,0,0,0,0,0,0,0
662,9,1,0,1,1,3,2,2
665,49,0,1,0,9,15,16,8
665,6,1,0,1,1,2,1,1
664,1,0,0,0,0,0,0,0
663,2,1,0,1,0,1,0,0
662,9,1,0,1,1,3,2,2
663,1,0,0,0,0,0,0,0
663,16,1,0,1,3,5,4,3
661,1,1,1,1,0,0,0,0
661,1,0,0,0,0,0,0,0
662,9,1,0,1,1,3,2,2
665,3,0,0,0,0,1,1,0
666,6,0,1,0,1,1,2,1
666,1,1,1,1,0,0,0,0
664,1,0,0,0,0,0,0,0
664,9,1,1,1,1,3,3,1
665,49,0,1,0,9,15,16,8
665,2,1,0,1,0,1,0,0
661,2,0,1,0,0,0,1,0
662,1,1,1,1,0,0,0,0
663,9,0,1,0,1,2,3,2
672,3,0,1,0,1,0,1,0
679,1,0,0,0,0,0,0,0
679,6,1,0,1,1,2,1,1
678,3,1,1,1,0,1,1,0
677,1,1,1,1,0,0,0,0
678,1,0,0,0,0,0,0,0
686,1,0,0,0,0,0,0,0
691,1,1,1,1,0,0,0,0
699,3,0,0,0,0,1,1,0
700,6,0,1,0,1,1,2,1
700,1,1,1,1,0,0,0,0
698,1,0,0,0,0,0,0,0
700,6,0,1,0,1,1,2,1
709,6,1,1,1,1,2,2,0
711,17,0,1,0,3,5,6,2
712,1,1,1,1,0,0,0,0
717,1,0,0,0,0,0,0,0
719,3,0,1,0,1,0,1,0
724,1,1,1,1,0,0,0,0
725,3,1,1,1,0,1,1,0
726,6,1,0,1,1,2,1,1
726,1,0,0,0,0,0,0,0
723,15,0,0,0,2,5,5,2
722,7,0,0,0,1,2,2,1
721,1,1,1,1,0,0,0,0
724,1,1,1,1,0,0,0,0
724,15,0,1,0,3,4,5,2
726,1,1,1,1,0,0,0,0
728,1,0,0,0,0,0,0,0
739,1,1,1,1,0,0,0,0
741,1,0,0,0,0,0,0,0
742,6,0,1,0,1,1,2,1
747,1,1,1,1,0,0,0,0
747,4,0,0,0,0,1,1,1
746,6,0,1,0,1,1,2,1
745,1,0,0,0,0,0,0,0
746,1,1,1,1,0,0,0,0
747,9,1,0,1,1,3,2,2
748,1,0,0,0,0,0,0,0
755,1,0,0,0,0,0,0,0
757,1,1,1,1,0,0,0,0
760,13,0,1,0,2,3,4,3
760,1,1,1,1,0,0,0,0
762,10,1,0,1,2,3,2,2
772,6,0,1,0,1,1,2,1
772,1,1,1,1,0,0,0,0
775,1,1,1,1,0,0,0,0
775,9,0,1,0,2,2,3,1
774,3,0,0,0,0,1,1,0
773,1,0,0,0,0,0,0,0
772,31,1,1,1,6,10,10,4
770,1,0,0,0,0,0,0,0
771,1,1,1,1,0,0,0,0
772,6,0,1,0,1,1,2,1
774,1,1,1,1,0,0,0,0
775,3,1,1,1,0,1,1,0
776,1,0,0,0,0,0,0,0
779,20,0,0,0,3,6,6,4
792,9,0,0,0,0,3,3,2
792,3,1,0,1,0,1,0,1
792,1,0,0,0,0,0,0,0
797,1,1,1,1,0,0,0,0
799,12,0,1,0,1,3,4,3
799,3,1,0,1,0,1,0,1
799,1,0,0,0,0,0,0,0
799,7,1,1,1,1,2,2,1
796,9,0,1,0,1,2,3,2
796,19,1,0,1,3,6,5,4
796,1,0,0,0,0,0,0,0
794,1,1,1,1,0,0,0,0
793,9,0,1,0,1,2,3,2
790,1,1,1,1,0,0,0,0
790,6,0,1,0,1,1,2,1
792,9,0,0,0,0,3,3,2
792,1,1,1,1,0,0,0,0
791,2,0,1,0,0,0,1,0
790,6,0,1,0,1,1,2,1
791,1,1,1,1,0,0,0,0
793,4,1,1,1,1,1,1,0
793,1,0,0,0,0,0,0,0
796,3,1,0,1,0,1,0,1
807,2,1,0,1,0,1,0,0
808,1,0,0,0,0,0,0,0
812,3,0,0,0,0,1,1,0
813,1,1,1,1,0,0,0,0
814,124,1,0,1,21,41,40,21
821,2,0,1,0,0,0,1,0
822,1,1,1,1,0,0,0,0
824,1,0,0,0,0,0,0,0
824,6,1,0,1,1,2,1,1
826,1,0,0,0,0,0,0,0
830,2,1,0,1,0,1,0,0
831,1,0,0,0,0,0,0,0
833,1,1,1,1,0,0,0,0
843,1,0,0,0,0,0,0,0
849,1,0,0,0,0,0,0,0
852,17,1,0,1,3,6,5,2
853,2,1,0,1,0,1,0,0
855,145,1,1,1,25,48,48,23
858,5,0,1,0,1,1,2,0
858,2,1,0,1,0,1,0,0
857,11,1,0,1,2,4,3,1
857,1,0,0,0,0,0,0,0
858,3,0,0,0,0,1,1,0
858,20,1,0,1,4,7,6,2
854,1,0,0,0,0,0,0,0
851,142,0,1,0,25,46,47,23
851,1,1,1,1,0,0,0,0
852,17,1,0,1,3,6,5,2
853,9,1,0,1,2,3,2,1
853,1,0,0,0,0,0,0,0
849,2,0,1,0,0,0,1,0
851,20,1,1,1,3,7,7,2
852,17,1,0,1,3,6,5,2
852,1,0,0,0,0,0,0,0
850,1,1,1,1,0,0,0,0
849,15,0,1,0,3,4,5,2
851,20,1,1,1,3,7,7,2
852,17,1,0,1,3,6,5,2
852,1,0,0,0,0,0,0,0
850,3,1,0,1,0,1,0,1
848,1,1,1,1,0,0,0,0
847,1,0,0,0,0,0,0,0
850,1,0,0,0,0,0,0,0
852,1,1,1,1,0,0,0,0
853,9,1,0,1,2,3,2,1
856,1,1,1,1,0,0,0,0
858,1,0,0,0,0,0,0,0
858,4,1,1,1,1,1,1,0
859,7,0,0,0,1,2,2,1
863,27,0,0,0,4,9,9,4
864,1,1,1,1,0,0,0,0
865,3,1,1,1,0,1,1,0
866,1,0,0,0,0,0,0,0
879,1,1,1,1,0,0,0,0
883,1,1,1,1,0,0,0,0
884,12,1,0,1,1,4,3,3
885,1,0,0,0,0,0,0,0
887,4,0,0,0,0,1,1,1
887,1,1,1,1,0,0,0,0
888,1,0,0,0,0,0,0,0
890,1,1,1,1,0,0,0,0
891,110,0,1,0,19,35,36,19
895,1,0,0,0,0,0,0,0
897,1,1,1,1,0,0,0,0
899,1,0,0,0,0,0,0,0
903,2,1,0,1,0,1,0,0
904,1,0,0,0,0,0,0,0
906,1,1,1,1,0,0,0,0
906,6,0,1,0,1,1,2,1
916,1,0,0,0,0,0,0,0
919,6,1,0,1,1,2,1,1
921,1,0,0,0,0,0,0,0
923,1,1,1,1,0,0,0,0
923,18,0,1,0,3,5,6,3
925,1,1,1,1,0,0,0,0
929,1,1,1,1,0,0,0,0
933,122,1,1,1,21,40,40,20
933,1,0,0,0,0,0,0,0
932,8,1,0,1,1,3,2,1
931,128,1,0,1,22,42,41,22
931,1,0,0,0,0,0,0,0
933,122,1,1,1,21,40,40,20
935,15,0,1,0,3,4,5,2
939,7,0,0,0,1,2,2,1
946,1,1,1,1,0,0,0,0
950,10,0,1,0,2,2,3,2
950,1,1,1,1,0,0,0,0
949,135,0,1,0,24,43,44,23
948,1,0,0,0,0,0,0,0
947,6,1,0,1,1,2,1,1
945,15,0,1,0,3,4,5,2
944,1,0,0,0,0,0,0,0
945,1,1,1,1,0,0,0,0
946,128,1,0,1,22,42,41,22
947,1,0,0,0,0,0,0,0
947,6,1,0,1,1,2,1,1
944,2,0,1,0,0,0,1,0
945,3,1,0,1,0,1,0,1
946,128,1,0,1,22,42,41,22
947,1,0,0,0,0,0,0,0
949,1,1,1,1,0,0,0,0
950,10,0,1,0,2,2,3,2
955,138,0,1,0,24,44,45,24
957,1,1,1,1,0,0,0,0
959,1,0,0,0,0,0,0,0
960,73,0,1,0,12,23,24,13
961,1,1,1,1,0,0,0,0
961,9,0,1,0,1,2,3,2
960,73,0,1,0,12,23,24,13
962,1,1,1,1,0,0,0,0
962,5,0,1,0,0,1,2,1
961,2,0,1,0,0,0,1,0
961,3,1,1,1,0,1,1,0
961,9,0,1,0,1,2,3,2
960,1,1,1,1,0,0,0,0
956,2,0,1,0,0,0,1,0
954,3,1,0,1,0,1,0,1
954,1,0,0,0,0,0,0,0
954,138,1,0,1,24,45,44,24
952,1,1,1,1,0,0,0,0
952,6,0,1,0,1,1,2,1
955,138,0,1,0,24,44,45,24
957,1,1,1,1,0,0,0,0
959,1,0,0,0,0,0,0,0
960,73,0,1,0,12,23,24,13
961,1,1,1,1,0,0,0,0
962,9,1,0,1,1,3,2,2
965,1,1,1,1,0,0,0,0
965,4,0,0,0,0,1,1,1
967,9,0,1,0,1,2,3,2
967,1,1,1,1,0,0,0,0
968,1,0,0,0,0,0,0,0
970,1,1,1,1,0,0,0,0
970,6,0,1,0,1,1,2,1
972,1,1,1,1,0,0,0,0
976,31,0,0,0,5,10,10,5
978,2,1,0,1,0,1,0,0
979,1,0,0,0,0,0,0,0
984,1,1,1,1,0,0,0,0
986,1,0,0,0,0,0,0,0
986,6,1,0,1,1,2,1,1
987,6,0,1,0,1,1,2,1
988,2,0,1,0,0,0,1,0
990,207,0,0,0,34,68,68,36
992,1,1,1,1,0,0,0,0
993,3,1,1,1,0,1,1,0
998,1,1,1,1,0,0,0,0
1000,1,0,0,0,0,0,0,0
1002,1,1,1,1,0,0,0,0
1002,9,0,1,0,1,2,3,2
1004,2,1,0,1,0,1,0,0
1009,3,0,0,0,0,1,1,0
1015,1,1,1,1,0,0,0,0
1017,17,1,0,1,2,6,5,3
1023,1,1,1,1,0,0,0,0
1026,1,1,1,1,0,0,0,0
1029,14,0,1,0,2,4,5,2
1029,29,1,0,1,4,10,9,5
1028,1,0,0,0,0,0,0,0
1027,3,1,1,1,0,1,1,0
1027,2,0,1,0,0,0,1,0
1028,1,1,1,1,0,0,0,0
1029,14,0,1,0,2,4,5,2
1032,2,0,1,0,0,0,1,0
1032,5,1,0,1,0,2,1,1
1032,1,0,0,0,0,0,0,0
1035,1,0,0,0,0,0,0,0
1043,214,0,0,0,35,71,71,36
1043,2,1,0,1,0,1,0,0
1045,1,0,0,0,0,0,0,0
1050,32,0,1,0,5,10,11,5
1051,1,1,1,1,0,0,0,0
1051,4,0,0,0,0,1,1,1
1049,1,0,0,0,0,0,0,0
1048,6,1,0,1,1,2,1,1
1047,1,1,1,1,0,0,0,0
1048,1,0,0,0,0,0,0,0
1050,32,0,1,0,5,10,11,5
1050,1,1,1,1,0,0,0,0
1050,3,0,1,0,1,0,1,0
1051,6,1,0,1,1,2,1,1
1053,1,0,0,0,0,0,0,0
1057,1,1,1,1,0,0,0,0
1058,9,0,1,0,2,2,3,1
1061,3,1,1,1,0,1,1,0
1073,1,1,1,1,0,0,0,0
1077,1,1,1,1,0,0,0,0
1078,6,1,0,1,1,2,1,1
1079,1,0,0,0,0,0,0,0
1089,1,1,1,1,0,0,0,0
1092,1,1,1,1,0,0,0,0
1098,1,1,1,1,0,0,0,0
1102,1,1,1,1,0,0,0,0
1103,12,1,0,1,2,4,3,2
1104,4,1,1,1,1,1,1,0
1104,1,0,0,0,0,0,0,0
1101,6,0,1,0,1,1,2,1
1100,1,0,0,0,0,0,0,0
1101,1,1,1,1,0,0,0,0
1103,3,1,0,1,0,1,0,1
1106,1,1,1,1,0,0,0,0
1108,1,0,0,0,0,0,0,0
1108,9,1,1,1,1,3,3,1
1110,2,0,1,0,0,0,1,0
1111,5,0,1,0,0,1,2,1
1111,1,1,1,1,0,0,0,0
1110,1,0,0,0,0,0,0,0
1113,11,1,0,1,1,4,3,2
1119,2,1,0,1,0,1,0,0
1119,5,0,1,0,1,1,2,0
1119,1,1,1,1,0,0,0,0
1121,55,1,0,1,9,19,18,8
1121,1,0,0,0,0,0,0,0
1123,3,1,1,1,0,1,1,0
1127,1,0,0,0,0,0,0,0
1129,3,0,1,0,1,0,1,0
1131,2,1,0,1,0,1,0,0
1132,1,0,0,0,0,0,0,0
1134,1,1,1,1,0,0,0,0
1138,2,0,1,0,0,0,1,0
1144,1,0,0,0,0,0,0,0
1150,1,1,1,1,0,0,0,0
1150,4,0,0,0,0,1,1,1
1152,2,1,0,1,0,1,0,0
1156,1,0,0,0,0,0,0,0
1157,3,0,0,0,0,1,1,0
1161,1,1,1,1,0,0,0,0
1163,3,1,0,1,0,1,0,1
1163,20,0,1,0,3,6,7,3
1167,9,0,1,0,2,2,3,1
1167,2,1,0,1,0,1,0,0
1171,2,0,1,0,0,0,1,0
1179,1,1,1,1,0,0,0,0
1181,3,1,0,1,0,1,0,1
1183,2,0,1,0,0,0,1,0
1185,9,0,1,0,1,2,3,2
1188,1,0,0,0,0,0,0,0
1191,1,0,0,0,0,0,0,0
1192,3,0,0,0,0,1,1,0
1192,21,1,0,1,3,7,6,4
1195,26,0,1,0,4,8,9,4
1197,2,1,0,1,0,1,0,0
1197,5,0,1,0,1,1,2,0
1197,1,1,1,1,0,0,0,0
1199,1,0,0,0,0,0,0,0
1202,1,0,0,0,0,0,0,0
1204,1,1,1,1,0,0,0,0
1207,1,1,1,1,0,0,0,0
1209,1,0,0,0,0,0,0,0
1210,6,0,1,0,1,1,2,1
1210,33,1,1,1,5,11,11,5
1210,6,0,1,0,1,1,2,1
1212,1,1,1,1,0,0,0,0
1219,1,1,1,1,0,0,0,0
1223,1,1,1,1,0,0,0,0
1223,4,0,0,0,0,1,1,1
1225,1,1,1,1,0,0,0,0
1225,9,0,1,0,1,2,3,2
1225,2,1,0,1,0,1,0,0
1228,6,0,1,0,1,1,2,1
1228,1,1,1,1,0,0,0,0
1229,1,0,0,0,0,0,0,0
1230,3,0,0,0,0,1,1,0
1230,59,1,0,1,9,20,19,10
1232,5,0,1,0,1,1,2,0
1233,1,1,1,1,0,0,0,0
1235,1,0,0,0,0,0,0,0
1235,64,1,0,1,10,22,21,10
1237,2,0,1,0,0,0,1,0
1238,1,1,1,1,0,0,0,0
1239,35,0,1,0,5,11,12,6
1241,1,1,1,1,0,0,0,0
1242,3,1,1,1,0,1,1,0
1243,1,0,0,0,0,0,0,0
1246,1,0,0,0,0,0,0,0
1246,20,1,0,1,3,7,6,3
1247,20,0,1,0,3,6,7,3
1247,2,1,0,1,0,1,0,0
1249,1,0,0,0,0,0,0,0
1253,1,1,1,1,0,0,0,0
1254,9,1,1,1,1,3,3,1
1254,6,0,1,0,1,1,2,1
1253,2,1,0,1,0,1,0,0
1258,1,1,1,1,0,0,0,0
1259,26,0,1,0,4,8,9,4
1263,1,1,1,1,0,0,0,0
1267,3,1,1,1,0,1,1,0
1267,60,0,1,0,8,20,21,10
1266,1,1,1,1,0,0,0,0
1266,8,0,1,0,1,2,3,1
1267,5,1,0,1,0,2,1,1
1267,2,0,1,0,0,0,1,0
1265,8,1,0,1,1,3,2,1
1265,1,0,0,0,0,0,0,0
1262,2,0,1,0,0,0,1,0
1261,57,0,1,0,8,19,20,9
1261,1,1,1,1,0,0,0,0
1262,3,1,1,1,0,1,1,0
1263,26,1,0,1,4,9,8,4
1263,1,0,0,0,0,0,0,0
1258,2,1,0,1,0,1,0,0
1259,1,0,0,0,0,0,0,0
1260,5,0,1,0,1,1,2,0
1260,29,1,1,1,4,10,10,4
1257,26,1,1,1,4,9,9,3
1257,1,0,0,0,0,0,0,0
1255,6,1,0,1,1,2,1,1
1254,1,0,0,0,0,0,0,0
1254,1,1,1,1,0,0,0,0
1254,6,0,1,0,1,1,2,1
1256,2,1,0,1,0,1,0,0
1257,26,1,1,1,4,9,9,3
1257,1,0,0,0,0,0,0,0
1255,6,1,0,1,1,2,1,1
1254,3,0,1,0,1,0,1,0
1252,1,0,0,0,0,0,0,0
1251,1,1,1,1,0,0,0,0
1254,1,1,1,1,0,0,0,0
1258,1,1,1,1,0,0,0,0
1260,1,0,0,0,0,0,0,0
1262,1,1,1,1,0,0,0,0
1262,4,0,0,0,0,1,1,1
1263,7,1,1,1,1,2,2,1
1263,41,0,1,0,6,13,14,7
1265,1,1,1,1,0,0,0,0
1270,10,1,0,1,2,3,2,2
1271,2,1,0,1,0,1,0,0
1276,1,0,0,0,0,0,0,0
1279,6,1,0,1,1,2,1,1
1280,2,1,0,1,0,1,0,0
1281,1,0,0,0,0,0,0,0
1283,1,1,1,1,0,0,0,0
1288,1,0,0,0,0,0,0,0
1288,6,1,0,1,1,2,1,1
1290,2,0,1,0,0,0,1,0
1295,1,0,0,0,0,0,0,0
1303,132,1,0,1,21,45,44,21
1303,1,0,0,0,0,0,0,0
1304,1,1,1,1,0,0,0,0
1306,1,0,0,0,0,0,0,0
1310,2,1,0,1,0,1,0,0
1311,1,0,0,0,0,0,0,0
1314,1,0,0,0,0,0,0,0
1315,3,0,0,0,0,1,1,0
1316,1,1,1,1,0,0,0,0
1323,3,0,1,0,1,0,1,0
1324,9,1,0,1,2,3,2,1
1331,1,0,0,0,0,0,0,0
1331,5,1,0,1,1,2,1,0
1330,2,1,0,1,0,1,0,0
1332,1,0,0,0,0,0,0,0
1336,12,0,0,0,2,4,4,1
1336,2,1,0,1,0,1,0,0
1340,9,0,1,0,2,2,3,1
1340,6,1,1,1,1,2,2,0
1341,6,1,0,1,1,2,1,1
1343,6,0,1,0,1,1,2,1
1344,4,0,0,0,0,1,1,1
1344,1,1,1,1,0,0,0,0
1342,1,0,0,0,0,0,0,0
1340,1,1,1,1,0,0,0,0
1338,1,0,0,0,0,0,0,0
1341,6,1,0,1,1,2,1,1
1341,1,0,0,0,0,0,0,0
1340,3,1,1,1,0,1,1,0
1339,1,1,1,1,0,0,0,0
1340,1,0,0,0,0,0,0,0
1340,6,1,1,1,1,2,2,0
1340,2,0,1,0,0,0,1,0
1341,1,1,1,1,0,0,0,0
1345,8,1,0,1,1,3,2,1
1345,1,0,0,0,0,0,0,0
1345,5,1,0,1,0,2,1,1
1345,2,0,1,0,0,0,1,0
1344,152,0,1,0,24,51,52,24
1344,1,1,1,1,0,0,0,0
1343,1,0,0,0,0,0,0,0
1345,8,1,0,1,1,3,2,1
1355,1,0,0,0,0,0,0,0
1355,20,1,0,1,4,7,6,2
1357,1,0,0,0,0,0,0,0
1358,12,1,1,1,2,4,4,1
1359,22,1,0,1,4,8,7,2
1367,1,0,0,0,0,0,0,0
1369,17,1,0,1,3,6,5,2
1370,9,1,0,1,2,3,2,1
1370,1,0,0,0,0,0,0,0
1369,1,1,1,1,0,0,0,0
1372,1,1,1,1,0,0,0,0
1374,1,0,0,0,0,0,0,0
1386,3,0,1,0,1,0,1,0
1388,2,1,0,1,0,1,0,0
1389,1,0,0,0,0,0,0,0
1391,1,1,1,1,0,0,0,0
1393,1,0,0,0,0,0,0,0
1394,9,0,1,0,2,2,3,1
1399,2,0,1,0,0,0,1,0
1404,2,0,1,0,0,0,1,0
1406,5,1,0,1,0,2,1,1
1407,1,0,0,0,0,0,0,0
1411,1,0,0,0,0,0,0,0
1415,2,1,0,1,0,1,0,0
1416,1,0,0,0,0,0,0,0
1419,1,0,0,0,0,0,0,0
1423,1,0,0,0,0,0,0,0
1429,31,1,1,1,6,10,10,4
1433,1,1,1,1,0,0,0,0
1438,3,1,0,1,0,1,0,1
1439,21,0,1,0,4,6,7,3
1441,1,1,1,1,0,0,0,0
1443,1,0,0,0,0,0,0,0
1452,39,1,0,1,7,13,12,6
1455,3,0,0,0,0,1,1,0
1456,6,0,1,0,1,1,2,1
1456,1,1,1,1,0,0,0,0
1454,1,0,0,0,0,0,0,0
1456,6,0,1,0,1,1,2,1
1457,11,1,0,1,1,4,3,2
1459,2,0,1,0,0,0,1,0
1459,11,1,0,1,1,4,3,2
1458,8,0,1,0,1,2,3,1
1455,1,1,1,1,0,0,0,0
1456,1,0,0,0,0,0,0,0
1458,1,1,1,1,0,0,0,0
1458,8,0,1,0,1,2,3,1
1460,5,0,1,0,1,1,2,0
1460,2,1,0,1,0,1,0,0
1459,8,1,0,1,1,3,2,1
1459,1,0,0,0,0,0,0,0
1460,3,0,0,0,0,1,1,0
1461,1,1,1,1,0,0,0,0
1463,1,0,0,0,0,0,0,0
1468,1,1,1,1,0,0,0,0
1471,1,1,1,1,0,0,0,0
1476,1,1,1,1,0,0,0,0
1480,1,0,0,0,0,0,0,0
1483,23,1,0,1,4,8,7,3
1483,1,0,0,0,0,0,0,0
1483,35,1,0,1,6,12,11,5
1485,1,0,0,0,0,0,0,0
1489,3,0,0,0,0,1,1,0
1490,1,1,1,1,0,0,0,0
1493,1,1,1,1,0,0,0,0
1501,29,1,0,1,5,10,9,4
1501,3,0,0,0,0,1,1,0
1500,1,0,0,0,0,0,0,0
1501,1,1,1,1,0,0,0,0
1502,6,0,1,0,1,1,2,1
1505,3,1,1,1,0,1,1,0
1506,1,0,0,0,0,0,0,0
1520,1,1,1,1,0,0,0,0
1522,1,0,0,0,0,0,0,0
1530,1,0,0,0,0,0,0,0
1532,1,1,1,1,0,0,0,0
1534,1,0,0,0,0,0,0,0
1538,1,0,0,0,0,0,0,0
1538,4,1,1,1,1,1,1,0
1542,1,1,1,1,0,0,0,0
1543,6,1,0,1,1,2,1,1
1550,74,0,1,0,13,24,25,11
1552,7,0,0,0,1,2,2,1
1554,1,1,1,1,0,0,0,0
1556,1,0,0,0,0,0,0,0
1556,6,1,0,1,1,2,1,1
1555,3,1,1,1,0,1,1,0
1553,24,0,1,0,4,7,8,4
1551,1,1,1,1,0,0,0,0
1549,3,0,1,0,1,0,1,0
1549,1,1,1,1,0,0,0,0
1551,1,0,0,0,0,0,0,0
1552,7,0,0,0,1,2,2,1
1553,1,1,1,1,0,0,0,0
1556,7,0,0,0,1,2,2,1
1557,2,0,1,0,0,0,1,0
1571,1,1,1,1,0,0,0,0
1571,8,0,1,0,1,2,3,1
1571,2,1,0,1,0,1,0,0
1571,5,0,1,0,1,1,2,0
1571,125,1,0,1,22,42,41,19
1571,3,0,0,0,0,1,1,0
1570,1,0,0,0,0,0,0,0
1569,1,1,1,1,0,0,0,0
1572,1,1,1,1,0,0,0,0
1574,3,1,0,1,0,1,0,1
1574,62,0,1,0,10,20,21,10
1578,22,1,1,1,4,7,7,3
1579,3,0,1,0,1,0,1,0
1580,6,1,0,1,1,2,1,1
1582,1,0,0,0,0,0,0,0
1586,3,0,0,0,0,1,1,0
1586,9,1,0,1,2,3,2,1
1585,1,0,0,0,0,0,0,0
1588,1,0,0,0,0,0,0,0
1593,1,1,1,1,0,0,0,0
1593,27,0,1,0,5,8,9,4
1594,27,1,1,1,5,9,9,3
1596,1,0,0,0,0,0,0,0
1602,2,0,1,0,0,0,1,0
1603,1,1,1,1,0,0,0,0
1610,6,0,1,0,1,1,2,1
1610,1,1,1,1,0,0,0,0
1609,11,0,1,0,2,3,4,1
1608,1,0,0,0,0,0,0,0
1609,1,1,1,1,0,0,0,0
1610,6,0,1,0,1,1,2,1
1616,1,0,0,0,0,0,0,0
1618,1,1,1,1,0,0,0,0
1623,1,0,0,0,0,0,0,0
1628,1,1,1,1,0,0,0,0
1634,1,1,1,1,0,0,0,0
1636,1,0,0,0,0,0,0,0
1639,6,1,0,1,1,2,1,1
1641,1,0,0,0,0,0,0,0
1642,6,1,0,1,1,2,1,1
1645,257,0,1,0,43,86,87,40
1645,1,1,1,1,0,0,0,0
1647,5,0,1,0,1,1,2,0
1653,3,1,0,1,0,1,0,1
1655,1,0,0,0,0,0,0,0
1658,154,0,0,0,26,52,52,23
1659,1,1,1,1,0,0,0,0
1663,2,0,1,0,0,0,1,0
1667,1,1,1,1,0,0,0,0
1668,3,1,1,1,0,1,1,0
1674,11,1,0,1,1,4,3,2
1675,1,0,0,0,0,0,0,0
1687,1,1,1,1,0,0,0,0
1688,3,1,1,1,0,1,1,0
1689,1,0,0,0,0,0,0,0
1692,17,1,0,1,2,6,5,3
1697,2,1,0,1,0,1,0,0
1703,1,0,0,0,0,0,0,0
1703,43,1,0,1,7,15,14,6
1702,2,1,0,1,0,1,0,0
1704,1,0,0,0,0,0,0,0
1707,1,0,0,0,0,0,0,0
1715,1,0,0,0,0,0,0,0
1715,4,1,1,1,1,1,1,0
1715,18,0,1,0,3,5,6,3
1720,1,0,0,0,0,0,0,0
1722,1,1,1,1,0,0,0,0
1724,1,0,0,0,0,0,0,0
1725,6,0,1,0,1,1,2,1
1726,1,1,1,1,0,0,0,0
1729,1,1,1,1,0,0,0,0
1734,7,1,1,1,1,2,2,1
1735,1,0,0,0,0,0,0,0
1737,1,1,1,1,0,0,0,0
1737,4,0,0,0,0,1,1,1
1743,2,0,1,0,0,0,1,0
1744,1,1,1,1,0,0,0,0
1748,1,1,1,1,0,0,0,0
1749,13,0,1,0,2,3,4,3
1752,1,0,0,0,0,0,0,0
1754,1,1,1,1,0,0,0,0
1756,9,1,0,1,1,3,2,2
1756,6,0,0,0,0,2,2,1
1757,6,0,1,0,1,1,2,1
1758,1,1,1,1,0,0,0,0
1759,19,1,0,1,3,6,5,4
1760,1,0,0,0,0,0,0,0
1760,4,1,1,1,1,1,1,0
1756,1,0,0,0,0,0,0,0
1756,1,1,1,1,0,0,0,0
1756,6,0,0,0,0,2,2,1
1756,2,1,0,1,0,1,0,0
1757,1,0,0,0,0,0,0,0
1759,1,1,1,1,0,0,0,0
1761,1,0,0,0,0,0,0,0
1764,12,1,0,1,2,4,3,2
1765,2,1,0,1,0,1,0,0
1769,9,0,1,0,2,2,3,1
1771,1,1,1,1,0,0,0,0
1775,2,0,1,0,0,0,1,0
1776,1,1,1,1,0,0,0,0
1780,2,0,1,0,0,0,1,0
1781,5,0,1,0,0,1,2,1
1781,1,1,1,1,0,0,0,0
1780,1,0,0,0,0,0,0,0
1784,3,0,0,0,0,1,1,0
1785,1,1,1,1,0,0,0,0
1787,1,0,0,0,0,0,0,0
1789,1,1,1,1,0,0,0,0
1791,20,0,1,0,3,6,7,3
1791,37,1,0,1,6,12,11,7
1791,1,0,0,0,0,0,0,0
1791,4,1,1,1,1,1,1,0
1791,20,0,1,0,3,6,7,3
1791,1,1,1,1,0,0,0,0
1792,1,0,0,0,0,0,0,0
1794,1,1,1,1,0,0,0,0
1797,1,1,1,1,0,0,0,0
1799,3,1,0,1,0,1,0,1
1800,6,0,1,0,1,1,2,1
1801,2,0,1,0,0,0,1,0
1802,1,1,1,1,0,0,0,0
1806,2,0,1,0,0,0,1,0
1807,1,1,1,1,0,0,0,0
1807,5,0,1,0,0,1,2,1
1805,26,0,1,0,4,8,9,4
1805,1,1,1,1,0,0,0,0
1811,1,0,0,0,0,0,0,0
1815,2,1,0,1,0,1,0,0
1815,30,0,0,0,4,10,10,5
1815,1,1,1,1,0,0,0,0
1815,9,0,1,0,1,2,3,2
1814,1,0,0,0,0,0,0,0
1816,1,1,1,1,0,0,0,0
1818,1,0,0,0,0,0,0,0
1820,1,1,1,1,0,0,0,0
1822,4,1,1,1,1,1,1,0
1822,1,0,0,0,0,0,0,0
1826,55,0,1,0,9,17,18,10
1826,15,1,0,1,2,5,4,3
1825,3,1,0,1,0,1,0,1
1825,1,0,0,0,0,0,0,0
1825,55,1,0,1,9,18,17,10
1823,1,1,1,1,0,0,0,0
1824,55,1,1,1,9,18,18,9
1824,1,0,0,0,0,0,0,0
1826,55,0,1,0,9,17,18,10
1826,15,1,0,1,2,5,4,3
1825,1,1,1,1,0,0,0,0
1824,2,0,1,0,0,0,1,0
1822,2,1,0,1,0,1,0,0
1823,1,0,0,0,0,0,0,0
1824,55,1,1,1,9,18,18,9
1826,1,0,0,0,0,0,0,0
1828,1,1,1,1,0,0,0,0
1833,1,0,0,0,0,0,0,0
1836,9,1,0,1,2,3,2,1
1837,1,0,0,0,0,0,0,0
1840,7,1,1,1,2,2,2,0
1840,1,0,0,0,0,0,0,0
1842,7,0,0,0,1,2,2,1
1845,1,0,0,0,0,0,0,0
1846,6,1,0,1,1,2,1,1
1853,30,1,0,1,5,10,9,5
1853,2,0,1,0,0,0,1,0
1855,1,1,1,1,0,0,0,0
1857,8,0,1,0,1,2,3,1
1860,6,1,0,1,1,2,1,1
1860,1,0,0,0,0,0,0,0
1860,3,1,0,1,0,1,0,1
1862,1,0,0,0,0,0,0,0
1864,1,1,1,1,0,0,0,0
1866,1,0,0,0,0,0,0,0
1866,12,1,0,1,2,4,3,2
1865,9,1,1,1,1,3,3,1
1868,145,0,1,0,24,48,49,23
1875,1,1,1,1,0,0,0,0
1876,27,0,1,0,5,8,9,4
1876,14,1,0,1,2,5,4,2
1875,2,1,0,1,0,1,0,0
1876,1,0,0,0,0,0,0,0
1877,154,0,1,0,26,51,52,24
1877,27,1,0,1,5,9,8,4
1876,27,0,1,0,5,8,9,4
1876,1,1,1,1,0,0,0,0
1876,3,0,1,0,1,0,1,0
1877,154,0,1,0,26,51,52,24
1877,27,1,0,1,5,9,8,4
1874,1,0,0,0,0,0,0,0
1873,1,1,1,1,0,0,0,0
1876,54,0,1,0,9,17,18,9
1876,1,1,1,1,0,0,0,0
1876,27,0,1,0,5,8,9,4
1876,14,1,0,1,2,5,4,2
1875,4,1,1,1,1,1,1,0
1875,1,0,0,0,0,0,0,0
1871,1,0,0,0,0,0,0,0
1873,148,1,0,1,24,50,49,24
1876,54,0,1,0,9,17,18,9
1876,1,1,1,1,0,0,0,0
1876,27,0,1,0,5,8,9,4
1876,14,1,0,1,2,5,4,2
1874,1,0,0,0,0,0,0,0
1872,1,1,1,1,0,0,0,0
1871,8,0,1,0,1,2,3,1
1869,1,1,1,1,0,0,0,0
1867,1,0,0,0,0,0,0,0
1866,2,1,0,1,0,1,0,0
1865,9,1,1,1,1,3,3,1
1865,1,0,0,0,0,0,0,0
1866,3,0,0,0,0,1,1,0
1866,12,1,0,1,2,4,3,2
1862,2,0,1,0,0,0,1,0
1863,1,1,1,1,0,0,0,0
1870,1,0,0,0,0,0,0,0
1873,148,1,0,1,24,50,49,24
1876,54,0,1,0,9,17,18,9
1876,1,1,1,1,0,0,0,0
1876,27,0,1,0,5,8,9,4
1876,151,1,0,1,25,51,50,24
1874,1,0,0,0,0,0,0,0
1872,1,1,1,1,0,0,0,0
1871,3,0,0,0,0,1,1,0
1871,2,1,0,1,0,1,0,0
1872,1,0,0,0,0,0,0,0
1873,148,1,0,1,24,50,49,24
1878,1,0,0,0,0,0,0,0
1882,1,1,1,1,0,0,0,0
1887,1,0,0,0,0,0,0,0
1889,3,0,1,0,1,0,1,0
1890,6,1,0,1,1,2,1,1
1894,9,0,0,0,1,3,3,1
1894,1,1,1,1,0,0,0,0
1895,1,0,0,0,0,0,0,0
1896,9,1,0,1,2,3,2,1
1896,3,0,0,0,0,1,1,0
1896,2,1,0,1,0,1,0,0
1897,1,0,0,0,0,0,0,0
1897,5,1,0,1,1,2,1,0
1896,1,1,1,1,0,0,0,0
1898,1,0,0,0,0,0,0,0
1899,11,0,1,0,2,3,4,1
1902,1,0,0,0,0,0,0,0
1904,1,1,1,1,0,0,0,0
1904,4,0,0,0,0,1,1,1
1906,2,1,0,1,0,1,0,0
1906,9,0,1,0,2,2,3,1
1906,1,1,1,1,0,0,0,0
1908,1,0,0,0,0,0,0,0
1908,193,1,0,1,33,65,64,30
1909,6,0,1,0,1,1,2,1
1911,1,1,1,1,0,0,0,0
1915,3,1,1,1,0,1,1,0
1916,1,0,0,0,0,0,0,0
1921,1,1,1,1,0,0,0,0
1926,1,1,1,1,0,0,0,0
1930,1,0,0,0,0,0,0,0
1933,1,0,0,0,0,0,0,0
1938,8,1,0,1,1,3,2,1
1939,1,0,0,0,0,0,0,0
1941,6,0,1,0,1,1,2,1
1941,1,1,1,1,0,0,0,0
1942,1,0,0,0,0,0,0,0
1943,3,0,0,0,0,1,1,0
1944,1,1,1,1,0,0,0,0
1946,12,1,0,1,2,4,3,2
1946,14,0,1,0,2,4,5,2
1950,4,1,1,1,1,1,1,0
1950,1,0,0,0,0,0,0,0
1951,1,1,1,1,0,0,0,0
1951,80,0,1,0,13,26,27,13
1952,2,0,1,0,0,0,1,0
1955,166,1,0,1,27,56,55,27
1957,2,0,1,0,0,0,1,0
1958,1,1,1,1,0,0,0,0
1959,5,1,0,1,0,2,1,1
1962,26,1,0,1,4,9,8,4
1965,1,1,1,1,0,0,0,0
1969,1,1,1,1,0,0,0,0
1971,4,1,1,1,1,1,1,0
1971,1,0,0,0,0,0,0,0
1970,18,1,0,1,3,6,5,3
1969,18,1,1,1,3,6,6,2
1970,1,0,0,0,0,0,0,0
1974,1,0,0,0,0,0,0,0
1975,7,0,0,0,1,2,2,1
1978,4,1,1,1,1,1,1,0
1978,1,0,0,0,0,0,0,0
1979,1,1,1,1,0,0,0,0
1990,1,0,0,0,0,0,0,0
1992,1,1,1,1,0,0,0,0
1992,6,0,1,0,1,1,2,1
1998,1,0,0,0,0,0,0,0
2002,1,0,0,0,0,0,0,0
2002,28,1,1,1,5,9,9,4
2004,6,1,1,1,1,2,2,0
2004,1,0,0,0,0,0,0,0
2003,8,1,0,1,1,3,2,1
2005,3,1,0,1,0,1,0,1
2011,12,1,0,1,2,4,3,2
2011,1,0,0,0,0,0,0,0
2012,1,1,1,1,0,0,0,0
2016,1,0,0,0,0,0,0,0
2016,9,1,1,1,1,3,3,1
2016,2,0,1,0,0,0,1,0
2017,1,1,1,1,0,0,0,0
2018,9,0,1,0,1,2,3,2
2021,3,1,1,1,0,1,1,0
2021,9,0,1,0,1,2,3,2
2020,1,1,1,1,0,0,0,0
2025,2,1,0,1,0,1,0,0
2026,1,0,0,0,0,0,0,0
2028,1,1,1,1,0,0,0,0
2030,1,0,0,0,0,0,0,0
2035,1,0,0,0,0,0,0,0
2035,157,1,0,1,26,53,52,25
2034,2,1,0,1,0,1,0,0
2036,1,0,0,0,0,0,0,0
2039,1,0,0,0,0,0,0,0
2040,157,0,1,0,26,52,53,25
2042,6,1,0,1,1,2,1,1
2043,1,0,0,0,0,0,0,0
2043,48,1,0,1,8,16,15,8
2041,1,1,1,1,0,0,0,0
2038,6,1,1,1,1,2,2,0
2040,1,0,0,0,0,0,0,0
2044,2,1,0,1,0,1,0,0
2045,1,0,0,0,0,0,0,0
2047,83,1,0,1,14,28,27,13
2048,1,0,0,0,0,0,0,0
2053,9,0,1,0,2,2,3,1
2056,1,0,0,0,0,0,0,0
2056,4,1,1,1,1,1,1,0
2063,1,0,0,0,0,0,0,0
2066,1,0,0,0,0,0,0,0
2067,3,0,0,0,0,1,1,0
2071,15,0,1,0,3,4,5,2
2077,1,0,0,0,0,0,0,0
2079,1,1,1,1,0,0,0,0
2086,1,1,1,1,0,0,0,0
2088,1,0,0,0,0,0,0,0
2096,1,1,1,1,0,0,0,0
2098,3,1,0,1,0,1,0,1
2100,2,0,1,0,0,0,1,0
2106,1,0,0,0,0,0,0,0
2108,3,0,1,0,1,0,1,0
2110,1,1,1,1,0,0,0,0
2111,58,1,0,1,10,19,18,10
2112,1,0,0,0,0,0,0,0
2115,6,1,0,1,1,2,1,1
2118,1,1,1,1,0,0,0,0
2118,4,0,0,0,0,1,1,1
2119,135,0,1,0,23,44,45,22
2120,22,0,1,0,4,6,7,4
2120,1,1,1,1,0,0,0,0
2119,1,0,0,0,0,0,0,0
2128,1,1,1,1,0,0,0,0
2129,9,0,1,0,2,2,3,1
2132,3,1,1,1,0,1,1,0
2133,1,0,0,0,0,0,0,0
2137,2,1,0,1,0,1,0,0
2138,1,0,0,0,0,0,0,0
2141,1,0,0,0,0,0,0,0
2148,21,1,0,1,4,7,6,3
2155,1,1,1,1,0,0,0,0
2155,9,0,1,0,2,2,3,1
2154,3,0,0,0,0,1,1,0
2153,1,0,0,0,0,0,0,0
2154,1,1,1,1,0,0,0,0
2155,17,1,0,1,3,6,5,2
2155,9,0,1,0,2,2,3,1
2154,2,1,0,1,0,1,0,0
2156,15,1,1,1,3,5,5,1
2156,5,0,1,0,1,1,2,0
2155,1,0,0,0,0,0,0,0
2155,1,1,1,1,0,0,0,0
2158,6,0,1,0,1,1,2,1
2163,1,1,1,1,0,0,0,0
2169,1,0,0,0,0,0,0,0
2173,1,1,1,1,0,0,0,0
2173,9,0,1,0,1,2,3,2
2173,2,1,0,1,0,1,0,0
2174,1,0,0,0,0,0,0,0
2176,1,1,1,1,0,0,0,0
2176,6,0,1,0,1,1,2,1
2178,1,1,1,1,0,0,0,0
2186,1,1,1,1,0,0,0,0
2188,1,0,0,0,0,0,0,0
2191,1,0,0,0,0,0,0,0
2193,1,1,1,1,0,0,0,0
2201,36,1,1,1,6,12,12,5
2201,1,0,0,0,0,0,0,0
2202,1,1,1,1,0,0,0,0
2203,3,1,1,1,0,1,1,0
2204,6,1,0,1,1,2,1,1
2204,1,0,0,0,0,0,0,0
2204,1,1,1,1,0,0,0,0
2204,17,0,1,0,2,5,6,3
2203,2,0,1,0,0,0,1,0
2204,6,1,0,1,1,2,1,1
2206,1,0,0,0,0,0,0,0
2208,6,0,1,0,1,1,2,1
2208,1,1,1,1,0,0,0,0
2207,3,0,0,0,0,1,1,0
2207,2,1,0,1,0,1,0,0
2208,1,0,0,0,0,0,0,0
2209,224,1,0,1,38,75,74,36
2211,1,0,0,0,0,0,0,0
2216,41,0,1,0,7,13,14,6
2218,1,1,1,1,0,0,0,0
2218,14,0,1,0,2,4,5,2
2217,2,0,1,0,0,0,1,0
2216,230,0,1,0,39,76,77,37
2216,1,1,1,1,0,0,0,0
2214,41,0,1,0,7,13,14,6
2213,1,1,1,1,0,0,0,0
2212,3,0,0,0,0,1,1,0
2212,2,1,0,1,0,1,0,0
2212,5,0,1,0,1,1,2,0
2212,1,1,1,1,0,0,0,0
2212,226,0,1,0,38,75,76,36
2207,1,1,1,1,0,0,0,0
2207,224,0,0,0,37,75,75,36
2203,1,0,0,0,0,0,0,0
2199,1,1,1,1,0,0,0,0
2200,1,0,0,0,0,0,0,0
2201,36,1,1,1,6,12,12,5
2204,1,1,1,1,0,0,0,0
2206,1,0,0,0,0,0,0,0
2208,224,0,1,0,38,74,75,36
2208,1,1,1,1,0,0,0,0
2208,9,0,1,0,2,2,3,1
2209,224,1,0,1,38,75,74,36
2211,1,0,0,0,0,0,0,0
2216,41,0,1,0,7,13,14,6
2218,1,1,1,1,0,0,0,0
2219,226,1,0,1,38,76,75,36
2219,6,0,1,0,1,1,2,1
2217,2,0,1,0,0,0,1,0
2216,230,0,1,0,39,76,77,37
2216,1,1,1,1,0,0,0,0
2214,9,0,1,0,2,2,3,1
2213,1,1,1,1,0,0,0,0
2215,3,0,0,0,0,1,1,0
2215,9,1,0,1,2,3,2,1
2214,1,0,0,0,0,0,0,0
2216,41,0,1,0,7,13,14,6
2218,1,1,1,1,0,0,0,0
2219,3,1,1,1,0,1,1,0
2220,1,0,0,0,0,0,0,0
2221,44,1,0,1,7,15,14,7
2221,233,0,0,0,39,78,78,37
2217,226,0,1,0,38,75,76,36
2215,1,1,1,1,0,0,0,0
2216,1,0,0,0,0,0,0,0
2218,1,1,1,1,0,0,0,0
2219,11,1,0,1,2,4,3,1
2220,1,0,0,0,0,0,0,0
2222,1,1,1,1,0,0,0,0
2222,233,0,1,0,40,77,78,37
2222,11,1,0,1,2,4,3,1
2223,1,0,0,0,0,0,0,0
2227,1,1,1,1,0,0,0,0
2227,9,0,0,0,1,3,3,1
2227,2,1,0,1,0,1,0,0
2229,14,0,1,0,3,4,5,1
2230,1,1,1,1,0,0,0,0
2233,12,0,0,0,2,4,4,1
2234,2,0,1,0,0,0,1,0
2240,1,1,1,1,0,0,0,0
2241,5,1,0,1,0,2,1,1
2246,1,0,0,0,0,0,0,0
2249,1,0,0,0,0,0,0,0
2251,17,1,0,1,3,6,5,2
2251,3,0,1,0,1,0,1,0
2251,1,1,1,1,0,0,0,0
2254,1,1,1,1,0,0,0,0
2256,3,1,0,1,0,1,0,1
2260,1,1,1,1,0,0,0,0
2263,6,0,1,0,1,1,2,1
2266,4,1,1,1,1,1,1,0
2266,1,0,0,0,0,0,0,0
2271,10,0,1,0,2,2,3,2
2272,7,1,1,1,1,2,2,1
2274,1,0,0,0,0,0,0,0
2281,1,0,0,0,0,0,0,0
2285,1,1,1,1,0,0,0,0
2285,12,0,1,0,2,3,4,2
2285,2,1,0,1,0,1,0,0
2290,1,1,1,1,0,0,0,0
2293,1,1,1,1,0,0,0,0
2295,1,0,0,0,0,0,0,0
2297,1,1,1,1,0,0,0,0
2303,1,1,1,1,0,0,0,0
2305,1,0,0,0,0,0,0,0
2307,1,1,1,1,0,0,0,0
2309,1,0,0,0,0,0,0,0
2309,4,1,1,1,1,1,1,0
2311,1,0,0,0,0,0,0,0
2313,10,0,0,0,1,3,3,2
2313,1,1,1,1,0,0,0,0
2318,1,0,0,0,0,0,0,0
2322,9,0,1,0,2,2,3,1
2323,7,0,0,0,1,2,2,1
2323,1,1,1,1,0,0,0,0
2321,1,0,0,0,0,0,0,0
2323,7,0,0,0,1,2,2,1
2326,1,0,0,0,0,0,0,0
2327,6,1,0,1,1,2,1,1
2328,9,0,1,0,2,2,3,1
2328,39,1,0,1,7,13,12,6
2326,2,0,1,0,0,0,1,0
2327,1,1,1,1,0,0,0,0
2330,28,1,0,1,5,9,8,5
2331,19,0,0,0,3,6,6,3
2333,1,1,1,1,0,0,0,0
2337,2,0,1,0,0,0,1,0
2340,1,0,0,0,0,0,0,0
2341,71,0,1,0,12,23,24,11
2344,1,0,0,0,0,0,0,0
2346,4,0,0,0,0,1,1,1
2346,1,1,1,1,0,0,0,0
2346,43,0,0,0,7,14,14,7
2348,2,1,0,1,0,1,0,0
2348,24,0,1,0,4,7,8,4
2348,1,1,1,1,0,0,0,0
2349,142,0,1,0,25,46,47,23
2349,9,1,1,1,1,3,3,1
2345,11,1,0,1,1,4,3,2
2346,1,0,0,0,0,0,0,0
2351,1,0,0,0,0,0,0,0
2354,1,0,0,0,0,0,0,0
2355,3,0,0,0,0,1,1,0
2355,92,1,0,1,16,31,30,14
2355,5,0,1,0,1,1,2,0
2355,2,1,0,1,0,1,0,0
2354,89,1,1,1,15,30,30,13
2355,1,0,0,0,0,0,0,0
2355,92,1,0,1,16,31,30,14
2354,89,1,1,1,15,30,30,13
2353,1,1,1,1,0,0,0,0
2350,2,1,0,1,0,1,0,0
2349,9,1,1,1,1,3,3,1
2348,24,0,1,0,4,7,8,4
2348,1,1,1,1,0,0,0,0
2349,142,0,1,0,25,46,47,23
2349,9,1,1,1,1,3,3,1
2345,1,1,1,1,0,0,0,0
2347,1,0,0,0,0,0,0,0
2351,1,0,0,0,0,0,0,0
2353,46,0,1,0,8,14,15,8
2356,1,0,0,0,0,0,0,0
2358,49,0,0,0,8,16,16,8
2360,2,1,0,1,0,1,0,0
2361,92,1,0,1,16,31,30,14
2361,1,0,0,0,0,0,0,0
2360,1,1,1,1,0,0,0,0
2364,2,0,1,0,0,0,1,0
2365,1,1,1,1,0,0,0,0
2366,29,1,0,1,4,10,9,5
2367,1,0,0,0,0,0,0,0
2374,3,1,0,1,0,1,0,1
2377,1,1,1,1,0,0,0,0
2379,307,0,1,0,51,102,103,50
2381,3,1,1,1,0,1,1,0
2382,1,0,0,0,0,0,0,0
2386,1,1,1,1,0,0,0,0
2388,1,0,0,0,0,0,0,0
2388,311,1,1,1,52,104,104,50
2390,2,0,1,0,0,0,1,0
2391,1,1,1,1,0,0,0,0
2395,1,1,1,1,0,0,0,0
2396,14,1,0,1,1,5,4,3
2398,26,0,1,0,3,8,9,5
2399,4,0,0,0,0,1,1,1
2399,1,1,1,1,0,0,0,0
2397,1,0,0,0,0,0,0,0
2396,14,1,0,1,1,5,4,3
2397,2,1,0,1,0,1,0,0
2398,1,0,0,0,0,0,0,0
2402,8,0,1,0,1,2,3,1
2402,1,1,1,1,0,0,0,0
2403,1,0,0,0,0,0,0,0
2410,1,1,1,1,0,0,0,0
2416,1,0,0,0,0,0,0,0
2416,342,1,0,1,57,115,114,55
2417,6,0,1,0,1,1,2,1
2422,25,0,1,0,3,8,9,4
2427,4,0,0,0,0,1,1,1
2427,1,1,1,1,0,0,0,0
2426,6,0,1,0,1,1,2,1
2425,1,0,0,0,0,0,0,0
2426,1,1,1,1,0,0,0,0
2428,1,0,0,0,0,0,0,0
2431,9,1,0,1,1,3,2,2
2432,1,0,0,0,0,0,0,0
2435,1,0,0,0,0,0,0,0
2437,1,1,1,1,0,0,0,0
2442,3,1,0,1,0,1,0,1
2447,1,0,0,0,0,0,0,0
2449,1,1,1,1,0,0,0,0
2449,6,0,1,0,1,1,2,1
2448,3,0,0,0,0,1,1,0
2448,2,1,0,1,0,1,0,0
2451,1,1,1,1,0,0,0,0
2455,1,1,1,1,0,0,0,0
2460,3,1,0,1,0,1,0,1
2465,1,0,0,0,0,0,0,0
2467,1,1,1,1,0,0,0,0
2467,6,0,1,0,1,1,2,1
2466,3,0,0,0,0,1,1,0
2466,2,1,0,1,0,1,0,0
2470,1,0,0,0,0,0,0,0
2471,3,0,0,0,0,1,1,0
2472,1,1,1,1,0,0,0,0
2481,1,1,1,1,0,0,0,0
2486,1,0,0,0,0,0,0,0
2492,4,0,0,0,0,1,1,1
2492,1,1,1,1,0,0,0,0
2495,3,0,1,0,1,0,1,0
2502,6,1,0,1,1,2,1,1
2502,27,0,1,0,5,8,9,4
2504,1,1,1,1,0,0,0,0
2510,6,0,1,0,1,1,2,1
2511,2,0,1,0,0,0,1,0
2516,2,0,1,0,0,0,1,0
2517,5,0,1,0,0,1,2,1
2517,1,1,1,1,0,0,0,0
2516,1,0,0,0,0,0,0,0
2524,3,1,1,1,0,1,1,0
2533,1,0,0,0,0,0,0,0
2537,1,0,0,0,0,0,0,0
2544,1,1,1,1,0,0,0,0
2544,358,0,0,0,59,120,120,58
2546,1,1,1,1,0,0,0,0
2550,1,0,0,0,0,0,0,0
2555,23,0,1,0,4,7,8,3
2555,8,1,0,1,1,3,2,1
2557,6,1,0,1,1,2,1,1
2557,1,0,0,0,0,0,0,0
2557,3,1,0,1,0,1,0,1
2559,2,0,1,0,0,0,1,0
2564,3,1,1,1,0,1,1,0
2569,2,1,0,1,0,1,0,0
2570,1,0,0,0,0,0,0,0
2572,1,1,1,1,0,0,0,0
2574,1,0,0,0,0,0,0,0
2574,20,1,0,1,3,7,6,3
2577,11,0,1,0,1,3,4,2
2577,1,1,1,1,0,0,0,0
2576,2,0,1,0,0,0,1,0
2580,3,0,0,0,0,1,1,0
2581,1,1,1,1,0,0,0,0
2587,9,0,1,0,2,2,3,1
2588,7,0,0,0,1,2,2,1
2588,1,1,1,1,0,0,0,0
2586,1,0,0,0,0,0,0,0
2588,7,0,0,0,1,2,2,1
2596,2,0,1,0,0,0,1,0
2596,5,1,0,1,0,2,1,1
2596,1,0,0,0,0,0,0,0
2601,1,1,1,1,0,0,0,0
2605,1,1,1,1,0,0,0,0
2606,26,1,0,1,4,9,8,4
2607,4,1,1,1,1,1,1,0
2607,1,0,0,0,0,0,0,0
2605,26,1,1,1,4,9,9,3
2608,1,1,1,1,0,0,0,0
2612,2,0,1,0,0,0,1,0
2612,12,1,0,1,2,4,3,2
2612,1,0,0,0,0,0,0,0
2612,29,1,0,1,5,10,9,4
2611,1,1,1,1,0,0,0,0
2613,1,0,0,0,0,0,0,0
2616,1,0,0,0,0,0,0,0
2617,15,0,1,0,3,4,5,2
2618,1,1,1,1,0,0,0,0
2623,1,0,0,0,0,0,0,0
2625,1,1,1,1,0,0,0,0
2628,7,0,0,0,1,2,2,1
2631,4,1,1,1,1,1,1,0
2631,1,0,0,0,0,0,0,0
2632,1,1,1,1,0,0,0,0
2634,3,1,0,1,0,1,0,1
2637,1,1,1,1,0,0,0,0
2639,1,0,0,0,0,0,0,0
2642,141,0,1,0,23,46,47,24
2645,1,0,0,0,0,0,0,0
2647,1,1,1,1,0,0,0,0
2650,1,1,1,1,0,0,0,0
2650,9,0,1,0,1,2,3,2
2649,6,0,0,0,0,2,2,1
2649,16,1,0,1,3,5,4,3
2649,1,0,0,0,0,0,0,0
2649,1,1,1,1,0,0,0,0
2649,6,0,0,0,0,2,2,1
2649,2,1,0,1,0,1,0,0
2652,1,1,1,1,0,0,0,0
2654,8,0,1,0,1,2,3,1
2667,1,0,0,0,0,0,0,0
2669,1,1,1,1,0,0,0,0
2674,1,0,0,0,0,0,0,0
2676,10,0,1,0,2,2,3,2
2676,1,1,1,1,0,0,0,0
2676,3,0,1,0,1,0,1,0
2683,1,1,1,1,0,0,0,0
2684,34,1,1,1,6,11,11,5
2684,9,0,1,0,2,2,3,1
2683,2,1,0,1,0,1,0,0
2684,5,1,0,1,1,2,1,0
2684,1,0,0,0,0,0,0,0
2684,1,1,1,1,0,0,0,0
2684,9,0,1,0,2,2,3,1
2683,3,0,0,0,0,1,1,0
2682,1,0,0,0,0,0,0,0
2681,1,1,1,1,0,0,0,0
2684,1,1,1,1,0,0,0,0
2689,1,0,0,0,0,0,0,0
2689,9,1,0,1,2,3,2,1
2696,8,1,0,1,1,3,2,1
2699,1,1,1,1,0,0,0,0
2701,1,0,0,0,0,0,0,0
2703,4,0,0,0,0,1,1,1
2703,1,1,1,1,0,0,0,0
2704,1,0,0,0,0,0,0,0
2711,15,0,1,0,3,4,5,2
2712,2,0,1,0,0,0,1,0
2713,1,1,1,1,0,0,0,0
2714,15,0,0,0,2,5,5,2
2717,5,1,0,1,0,2,1,1
2717,2,0,1,0,0,0,1,0
2719,1,1,1,1,0,0,0,0
2728,1,0,0,0,0,0,0,0
2730,18,1,0,1,3,6,5,3
2730,41,0,0,0,7,13,13,7
2730,1,1,1,1,0,0,0,0
2730,4,0,0,0,0,1,1,1
2730,18,1,0,1,3,6,5,3
2730,1,0,0,0,0,0,0,0
2730,345,1,0,1,58,115,114,57
2730,2,0,1,0,0,0,1,0
2730,345,1,0,1,58,115,114,57
2731,1,0,0,0,0,0,0,0
2731,7,1,1,1,1,2,2,1
2729,1,1,1,1,0,0,0,0
2726,1,1,1,1,0,0,0,0
2727,1,0,0,0,0,0,0,0
2729,3,0,1,0,1,0,1,0
2729,18,1,1,1,3,6,6,2
2730,6,1,0,1,1,2,1,1
2730,41,0,0,0,7,13,13,7
2729,1,1,1,1,0,0,0,0
2726,14,1,0,1,2,5,4,2
2724,1,0,0,0,0,0,0,0
2724,3,1,0,1,0,1,0,1
2726,2,0,1,0,0,0,1,0
2729,1,0,0,0,0,0,0,0
2730,345,1,0,1,58,115,114,57
2732,1,0,0,0,0,0,0,0
2734,3,0,1,0,1,0,1,0
2734,20,1,0,1,3,7,6,3
2736,1,0,0,0,0,0,0,0
2740,4,1,1,1,1,1,1,0
2740,1,0,0,0,0,0,0,0
2741,1,1,1,1,0,0,0,0
2747,1,0,0,0,0,0,0,0
2750,1,0,0,0,0,0,0,0
2754,1,0,0,0,0,0,0,0
2757,10,1,0,1,2,3,2,2
2758,4,1,1,1,1,1,1,0
2758,1,0,0,0,0,0,0,0
2756,1,1,1,1,0,0,0,0
2760,7,0,1,0,2,1,2,1
2762,1,1,1,1,0,0,0,0
2764,3,1,0,1,0,1,0,1
2766,2,0,1,0,0,0,1,0
2769,1,0,0,0,0,0,0,0
2771,1,1,1,1,0,0,0,0
2780,6,0,1,0,1,1,2,1
2781,1,1,1,1,0,0,0,0
2782,20,0,1,0,4,5,6,4
2786,1,1,1,1,0,0,0,0
2792,5,1,0,1,0,2,1,1
2793,1,0,0,0,0,0,0,0
2794,9,1,0,1,1,3,2,2
2797,1,1,1,1,0,0,0,0
2801,1,0,0,0,0,0,0,0
2804,11,1,0,1,1,4,3,2
2805,2,1,0,1,0,1,0,0
2808,1,1,1,1,0,0,0,0
2808,8,0,1,0,1,2,3,1
2809,375,0,1,0,63,124,125,62
2809,8,1,0,1,1,3,2,1
2809,1,0,0,0,0,0,0,0
2809,88,1,0,1,15,29,28,15
2806,1,0,0,0,0,0,0,0
2803,134,0,0,0,22,44,44,23
2803,1,1,1,1,0,0,0,0
2804,11,1,0,1,1,4,3,2
2807,1,1,1,1,0,0,0,0
2808,6,1,0,1,1,2,1,1
2809,1,0,0,0,0,0,0,0
2809,4,1,1,1,1,1,1,0
2806,6,0,1,0,1,1,2,1
2805,1,0,0,0,0,0,0,0
2801,2,0,1,0,0,0,1,0
2805,1,1,1,1,0,0,0,0
2806,3,1,1,1,0,1,1,0
2810,18,0,1,0,2,5,6,4
2812,1,1,1,1,0,0,0,0
2814,3,1,0,1,0,1,0,1
2815,14,1,0,1,1,5,4,3
2815,9,0,1,0,1,2,3,2
2818,1,0,0,0,0,0,0,0
2821,7,1,1,1,1,2,2,1
2825,1,1,1,1,0,0,0,0
2825,6,0,1,0,1,1,2,1
2827,2,1,0,1,0,1,0,0
2828,1,0,0,0,0,0,0,0
2834,2,0,1,0,0,0,1,0
2837,1,0,0,0,0,0,0,0
2839,1,1,1,1,0,0,0,0
2846,1,0,0,0,0,0,0,0
2850,1,0,0,0,0,0,0,0
2851,6,0,1,0,1,1,2,1
2852,30,0,1,0,4,9,10,6
2852,1,1,1,1,0,0,0,0
2851,6,0,1,0,1,1,2,1
2852,2,0,1,0,0,0,1,0
2852,9,1,0,1,1,3,2,2
2851,30,0,0,0,3,10,10,6
2851,1,1,1,1,0,0,0,0
2848,1,1,1,1,0,0,0,0
2849,1,0,0,0,0,0,0,0
2850,3,0,0,0,0,1,1,0
2851,6,0,1,0,1,1,2,1
2851,1,1,1,1,0,0,0,0
2851,1,0,0,0,0,0,0,0
2861,1,1,1,1,0,0,0,0
2862,14,1,0,1,2,5,4,2
2863,1,0,0,0,0,0,0,0
2867,1,0,0,0,0,0,0,0
2869,4,0,0,0,0,1,1,1
2869,1,1,1,1,0,0,0,0
2868,6,0,1,0,1,1,2,1
2869,2,0,1,0,0,0,1,0
2873,1,1,1,1,0,0,0,0
2874,3,1,1,1,0,1,1,0
2878,9,1,0,1,1,3,2,2
2879,1,0,0,0,0,0,0,0
2883,1,1,1,1,0,0,0,0
2883,9,0,1,0,1,2,3,2
2883,2,1,0,1,0,1,0,0
2886,1,1,1,1,0,0,0,0
2886,6,0,1,0,1,1,2,1
2886,26,1,0,1,4,9,8,4
2887,1,0,0,0,0,0,0,0
2888,3,0,0,0,0,1,1,0
2889,1,1,1,1,0,0,0,0
2891,1,0,0,0,0,0,0,0
2892,30,0,1,0,5,9,10,5
2893,1,1,1,1,0,0,0,0
2894,30,1,0,1,5,10,9,5
2895,4,1,1,1,1,1,1,0
2895,1,0,0,0,0,0,0,0
2890,26,1,0,1,4,9,8,4
2884,1,0,0,0,0,0,0,0
2884,1,1,1,1,0,0,0,0
2892,1,0,0,0,0,0,0,0
2894,1,1,1,1,0,0,0,0
2895,6,1,0,1,1,2,1,1
2896,1,0,0,0,0,0,0,0
2901,1,0,0,0,0,0,0,0
2903,1,1,1,1,0,0,0,0
2906,1,1,1,1,0,0,0,0
2908,1,0,0,0,0,0,0,0
2908,6,1,0,1,1,2,1,1
2910,2,0,1,0,0,0,1,0
2911,1,1,1,1,0,0,0,0
2916,36,0,0,0,5,12,12,6
2917,1,1,1,1,0,0,0,0
2917,39,0,1,0,6,12,13,7
2916,1,0,0,0,0,0,0,0
2918,1,1,1,1,0,0,0,0
2920,1,0,0,0,0,0,0,0
2924,2,1,0,1,0,1,0,0
2929,2,1,0,1,0,1,0,0
2930,1,0,0,0,0,0,0,0
2931,5,0,1,0,1,1,2,0
2932,1,1,1,1,0,0,0,0
2932,9,0,0,0,1,3,3,1
2928,12,1,1,1,2,4,4,1
2928,1,0,0,0,0,0,0,0
2933,9,0,1,0,2,2,3,1
2934,1,1,1,1,0,0,0,0
2949,1,1,1,1,0,0,0,0
2949,34,0,1,0,6,10,11,6
2948,2,0,1,0,0,0,1,0
2947,13,0,1,0,3,3,4,2
2947,1,1,1,1,0,0,0,0
2947,28,0,1,0,5,8,9,5
2946,1,0,0,0,0,0,0,0
2946,13,1,0,1,3,4,3,2
2944,1,1,1,1,0,0,0,0
2944,3,0,1,0,1,0,1,0
2949,1,1,1,1,0,0,0,0
2949,34,0,1,0,6,10,11,6
2958,1,1,1,1,0,0,0,0
2963,1,0,0,0,0,0,0,0
2970,1,0,0,0,0,0,0,0
2972,1,1,1,1,0,0,0,0
2975,1,1,1,1,0,0,0,0
2977,1,0,0,0,0,0,0,0
2979,10,0,1,0,2,2,3,2
2980,7,1,1,1,1,2,2,1
2987,37,1,0,1,7,12,11,6
2987,1,0,0,0,0,0,0,0
2986,2,1,0,1,0,1,0,0
2989,1,1,1,1,0,0,0,0
2997,16,0,1,0,3,4,5,3
2997,40,1,0,1,7,13,12,7
2997,4,0,0,0,0,1,1,1
2997,1,1,1,1,0,0,0,0
2995,1,0,0,0,0,0,0,0
2996,101,0,1,0,16,32,33,19
2996,1,1,1,1,0,0,0,0
2997,1,0,0,0,0,0,0,0
2997,40,1,0,1,7,13,12,7
2997,2,0,1,0,0,0,1,0
3001,1,1,1,1,0,0,0,0
3002,107,0,1,0,17,34,35,20
3002,3,1,1,1,0,1,1,0
3002,2,0,1,0,0,0,1,0
3003,1,1,1,1,0,0,0,0
3004,5,1,0,1,0,2,1,1
3005,9,1,1,1,1,3,3,1
3005,1,0,0,0,0,0,0,0
3002,1,0,0,0,0,0,0,0
3004,1,1,1,1,0,0,0,0
3005,9,1,1,1,1,3,3,1
3006,1,0,0,0,0,0,0,0
3008,15,0,1,0,2,4,5,3
3008,1,1,1,1,0,0,0,0
3007,21,0,1,0,3,6,7,4
3003,88,0,1,0,14,28,29,16
2999,19,0,0,0,2,6,6,4
2998,1,1,1,1,0,0,0,0
2993,1,1,1,1,0,0,0,0
2994,1,0,0,0,0,0,0,0
2997,16,0,1,0,3,4,5,3
2997,6,1,0,1,1,2,1,1
2996,1,1,1,1,0,0,0,0
2996,3,0,1,0,1,0,1,0
3000,40,1,0,1,7,13,12,7
3003,2,1,0,1,0,1,0,0
3004,5,1,0,1,1,2,1,0
3004,1,0,0,0,0,0,0,0
3002,52,1,0,1,9,17,16,9
3002,1,0,0,0,0,0,0,0
3004,1,1,1,1,0,0,0,0
3007,11,1,0,1,2,4,3,1
3008,1,0,0,0,0,0,0,0
3010,1,1,1,1,0,0,0,0
3012,9,1,0,1,2,3,2,1
3012,1,0,0,0,0,0,0,0
3013,58,0,1,0,10,18,19,10
3013,1,1,1,1,0,0,0,0
3013,9,0,1,0,2,2,3,1
3018,1,1,1,1,0,0,0,0
3022,1,1,1,1,0,0,0,0
3025,1,1,1,1,0,0,0,0
3027,3,1,0,1,0,1,0,1
3029,2,0,1,0,0,0,1,0
3036,121,0,1,0,19,39,40,22
3036,1,1,1,1,0,0,0,0
3039,1,1,1,1,0,0,0,0
3041,1,0,0,0,0,0,0,0
3047,2,0,1,0,0,0,1,0
3048,1,1,1,1,0,0,0,0
3050,6,1,0,1,1,2,1,1
3050,1,0,0,0,0,0,0,0
3051,1,1,1,1,0,0,0,0
3052,3,1,1,1,0,1,1,0
3055,1,1,1,1,0,0,0,0
3069,3,0,1,0,1,0,1,0
3077,1,1,1,1,0,0,0,0
3079,3,1,0,1,0,1,0,1
3081,2,0,1,0,0,0,1,0
3082,1,1,1,1,0,0,0,0
3083,30,1,1,1,4,10,10,5
3084,1,0,0,0,0,0,0,0
3088,1,1,1,1,0,0,0,0
3096,1,1,1,1,0,0,0,0
3097,6,0,1,0,1,1,2,1
3099,8,0,1,0,1,2,3,1
3100,2,0,1,0,0,0,1,0
3100,11,1,0,1,1,4,3,2
3098,11,1,0,1,1,4,3,2
3096,2,1,0,1,0,1,0,0
3097,1,0,0,0,0,0,0,0
3100,1,0,0,0,0,0,0,0
3101,3,0,0,0,0,1,1,0
3104,1,0,0,0,0,0,0,0
3108,155,1,0,1,25,51,50,28
3110,1,0,0,0,0,0,0,0
3113,1,0,0,0,0,0,0,0
3114,97,1,0,1,16,32,31,17
3114,3,0,0,0,0,1,1,0
3114,2,1,0,1,0,1,0,0
3118,1,0,0,0,0,0,0,0
3119,9,1,0,1,2,3,2,1
3119,3,0,0,0,0,1,1,0
3119,2,1,0,1,0,1,0,0
3119,5,0,1,0,1,1,2,0
3119,1,1,1,1,0,0,0,0
3123,3,1,1,1,0,1,1,0
3126,1,1,1,1,0,0,0,0
3128,1,0,0,0,0,0,0,0
3129,23,0,1,0,4,7,8,3
3130,1,1,1,1,0,0,0,0
3130,4,0,0,0,0,1,1,1
3129,23,0,1,0,4,7,8,3
3131,1,1,1,1,0,0,0,0
3133,1,0,0,0,0,0,0,0
3139,6,1,0,1,1,2,1,1
3142,3,0,0,0,0,1,1,0
3143,1,1,1,1,0,0,0,0
3153,1,0,0,0,0,0,0,0
3154,3,0,0,0,0,1,1,0
3155,1,1,1,1,0,0,0,0
3155,9,0,1,0,2,2,3,1
3157,17,0,1,0,3,5,6,2
3157,1,1,1,1,0,0,0,0
3156,5,0,1,0,1,1,2,0
3155,1,0,0,0,0,0,0,0
3154,2,1,0,1,0,1,0,0
3161,35,0,1,0,6,11,12,5
3161,1,1,1,1,0,0,0,0
3162,1,0,0,0,0,0,0,0
3164,3,0,1,0,1,0,1,0
3164,11,1,0,1,2,4,3,1
3164,21,0,0,0,3,7,7,3
3164,1,1,1,1,0,0,0,0
3164,1,0,0,0,0,0,0,0
3164,11,1,0,1,2,4,3,1
3163,2,1,0,1,0,1,0,0
3162,35,1,0,1,6,12,11,5
3159,1,0,0,0,0,0,0,0
3158,3,1,1,1,0,1,1,0
3157,1,1,1,1,0,0,0,0
3156,17,0,0,0,2,6,6,2
3155,9,0,1,0,2,2,3,1
3154,1,1,1,1,0,0,0,0
3154,1,0,0,0,0,0,0,0
3156,1,1,1,1,0,0,0,0
3158,1,0,0,0,0,0,0,0
3158,4,1,1,1,1,1,1,0
3157,6,1,0,1,1,2,1,1
3155,9,0,1,0,2,2,3,1
3158,6,0,1,0,1,1,2,1
3158,20,1,0,1,3,7,6,3
3157,1,1,1,1,0,0,0,0
3156,2,0,1,0,0,0,1,0
3155,9,0,1,0,2,2,3,1
3155,1,1,1,1,0,0,0,0
3155,56,0,1,0,9,18,19,9
3152,1,1,1,1,0,0,0,0
3150,1,0,0,0,0,0,0,0
3149,2,1,0,1,0,1,0,0
3151,14,0,1,0,2,4,5,2
3154,1,0,0,0,0,0,0,0
3154,6,1,0,1,1,2,1,1
3153,3,1,1,1,0,1,1,0
3152,1,1,1,1,0,0,0,0
3151,1,0,0,0,0,0,0,0
3154,1,0,0,0,0,0,0,0
3156,1,1,1,1,0,0,0,0
3158,1,0,0,0,0,0,0,0
3160,1,1,1,1,0,0,0,0
3162,1,0,0,0,0,0,0,0
3162,4,1,1,1,1,1,1,0
3163,7,0,0,0,1,2,2,1
3164,2,0,1,0,0,0,1,0
3169,1,0,0,0,0,0,0,0
3173,1,1,1,1,0,0,0,0
3175,1,0,0,0,0,0,0,0
3175,27,1,0,1,5,9,8,4
3180,1,0,0,0,0,0,0,0
3183,1,0,0,0,0,0,0,0
3185,1,1,1,1,0,0,0,0
3187,1,0,0,0,0,0,0,0
3190,24,1,0,1,4,8,7,4
3191,4,1,1,1,1,1,1,0
3191,1,0,0,0,0,0,0,0
3189,1,1,1,1,0,0,0,0
3188,74,0,1,0,12,24,25,12
3188,8,1,0,1,1,3,2,1
3188,74,0,1,0,12,24,25,12
3188,1,1,1,1,0,0,0,0
3190,24,1,0,1,4,8,7,4
3190,1,0,0,0,0,0,0,0
3190,3,1,0,1,0,1,0,1
3190,11,0,1,0,1,3,4,2
3191,43,1,0,1,7,15,14,6
3193,5,1,0,1,1,2,1,0
3193,1,0,0,0,0,0,0,0
3192,2,1,0,1,0,1,0,0
3192,3,0,0,0,0,1,1,0
3192,41,1,0,1,7,14,13,6
3191,1,0,0,0,0,0,0,0
3190,1,1,1,1,0,0,0,0
3190,41,0,0,0,6,14,14,6
3188,1,0,0,0,0,0,0,0
3187,2,1,0,1,0,1,0,0
3188,8,1,0,1,1,3,2,1
3188,74,0,1,0,12,24,25,12
3187,1,1,1,1,0,0,0,0
3185,3,0,1,0,1,0,1,0
3184,2,1,0,1,0,1,0,0
3189,3,0,0,0,0,1,1,0
3190,1,1,1,1,0,0,0,0
3190,41,0,0,0,6,14,14,6
3188,1,0,0,0,0,0,0,0
3188,8,1,0,1,1,3,2,1
3191,43,1,0,1,7,15,14,6
3191,5,0,1,0,1,1,2,0
3190,1,0,0,0,0,0,0,0
3189,2,1,0,1,0,1,0,0
3188,8,1,0,1,1,3,2,1
3188,74,0,1,0,12,24,25,12
3187,1,1,1,1,0,0,0,0
3185,1,0,0,0,0,0,0,0
3184,1,1,1,1,0,0,0,0
3188,8,1,0,1,1,3,2,1
3188,1,0,0,0,0,0,0,0
3188,11,1,0,1,1,4,3,2
3188,2,0,1,0,0,0,1,0
3188,3,1,1,1,0,1,1,0
3189,1,0,0,0,0,0,0,0
3191,1,1,1,1,0,0,0,0
3195,4,0,0,0,0,1,1,1
3195,1,1,1,1,0,0,0,0
3198,1,1,1,1,0,0,0,0
3200,1,0,0,0,0,0,0,0
3202,30,1,0,1,5,10,9,5
3203,1,0,0,0,0,0,0,0
3208,7,0,0,0,1,2,2,1
3210,87,0,1,0,14,28,29,15
3210,1,1,1,1,0,0,0,0
3209,2,0,1,0,0,0,1,0
3210,87,0,1,0,14,28,29,15
3210,3,1,0,1,0,1,0,1
3210,1,0,0,0,0,0,0,0
3216,4,0,0,0,0,1,1,1
3216,1,1,1,1,0,0,0,0
3230,2,1,0,1,0,1,0,0
3231,1,0,0,0,0,0,0,0
3235,9,1,0,1,2,3,2,1
3235,3,0,0,0,0,1,1,0
3234,1,0,0,0,0,0,0,0
3235,1,1,1,1,0,0,0,0
3237,69,0,1,0,12,22,23,11
3239,3,1,1,1,0,1,1,0
3239,37,0,1,0,7,11,12,6
3238,1,1,1,1,0,0,0,0
3236,9,0,1,0,2,2,3,1
3235,2,1,0,1,0,1,0,0
3236,5,1,0,1,1,2,1,0
3236,1,0,0,0,0,0,0,0
3236,1,1,1,1,0,0,0,0
3238,1,0,0,0,0,0,0,0
3240,1,1,1,1,0,0,0,0
3245,1,0,0,0,0,0,0,0
3247,1,1,1,1,0,0,0,0
3248,7,1,1,1,1,2,2,1
3254,3,0,1,0,1,0,1,0
3256,2,1,0,1,0,1,0,0
3256,19,0,1,0,4,5,6,3
3256,1,1,1,1,0,0,0,0
3259,1,1,1,1,0,0,0,0
3260,3,1,1,1,0,1,1,0
3261,6,1,0,1,1,2,1,1
3261,1,0,0,0,0,0,0,0
3261,1,1,1,1,0,0,0,0
3264,1,1,1,1,0,0,0,0
3271,1,1,1,1,0,0,0,0
3273,1,0,0,0,0,0,0,0
3276,1,0,0,0,0,0,0,0
3278,1,1,1,1,0,0,0,0
3278,238,0,1,0,40,77,78,42
3281,1,0,0,0,0,0,0,0
3284,1,0,0,0,0,0,0,0
3286,1,1,1,1,0,0,0,0
3291,1,0,0,0,0,0,0,0
3297,1,1,1,1,0,0,0,0
3299,1,0,0,0,0,0,0,0
3299,4,1,1,1,1,1,1,0
3300,7,0,0,0,1,2,2,1
3304,6,1,0,1,1,2,1,1
3304,1,0,0,0,0,0,0,0
3307,1,0,0,0,0,0,0,0
3309,1,1,1,1,0,0,0,0
3311,1,0,0,0,0,0,0,0
3314,1,0,0,0,0,0,0,0
3320,1,0,0,0,0,0,0,0
3325,1,1,1,1,0,0,0,0
3330,1,0,0,0,0,0,0,0
3330,16,1,0,1,3,5,4,3
3332,2,0,1,0,0,0,1,0
3332,56,1,0,1,10,18,17,10
3331,6,0,1,0,1,1,2,1
3330,3,1,0,1,0,1,0,1
3328,1,1,1,1,0,0,0,0
3329,1,0,0,0,0,0,0,0
3333,2,1,0,1,0,1,0,0
3335,9,1,0,1,2,3,2,1
3338,2,1,0,1,0,1,0,0
3338,5,0,1,0,1,1,2,0
3338,1,1,1,1,0,0,0,0
3340,1,0,0,0,0,0,0,0
3345,15,0,1,0,3,4,5,2
3345,1,1,1,1,0,0,0,0
3345,3,0,1,0,1,0,1,0
3347,2,1,0,1,0,1,0,0
3350,1,1,1,1,0,0,0,0
3351,11,1,0,1,2,4,3,1
3354,1,1,1,1,0,0,0,0
3356,1,0,0,0,0,0,0,0
3356,4,1,1,1,1,1,1,0
3358,9,1,0,1,2,3,2,1
3358,1,0,0,0,0,0,0,0
3361,1,0,0,0,0,0,0,0
3361,6,1,0,1,1,2,1,1
3367,1,0,0,0,0,0,0,0
3369,1,1,1,1,0,0,0,0
3371,4,1,1,1,1,1,1,0
3371,1,0,0,0,0,0,0,0
3373,43,0,1,0,8,13,14,7
3373,9,1,0,1,1,3,2,2
3372,1,1,1,1,0,0,0,0
3373,1,0,0,0,0,0,0,0
3375,1,1,1,1,0,0,0,0
3378,12,0,1,0,2,3,4,2
3382,1,1,1,1,0,0,0,0
3387,1,1,1,1,0,0,0,0
3391,89,0,1,0,16,28,29,15
3391,1,1,1,1,0,0,0,0
3392,1,0,0,0,0,0,0,0
3393,13,1,1,1,2,4,4,2
3394,3,0,1,0,1,0,1,0
3397,33,1,0,1,6,11,10,5
3397,1,0,0,0,0,0,0,0
3396,2,1,0,1,0,1,0,0
3398,15,1,0,1,2,5,4,3
3404,2,1,0,1,0,1,0,0
3405,1,0,0,0,0,0,0,0
3409,2,1,0,1,0,1,0,0
3409,5,0,1,0,1,1,2,0
3409,1,1,1,1,0,0,0,0
3412,1,1,1,1,0,0,0,0
3414,1,0,0,0,0,0,0,0
3417,1,0,0,0,0,0,0,0
3420,6,1,0,1,1,2,1,1
3421,1,0,0,0,0,0,0,0
3428,1,1,1,1,0,0,0,0
3429,3,1,1,1,0,1,1,0
3429,30,0,1,0,5,9,10,5
3433,1,1,1,1,0,0,0,0
3437,12,0,1,0,2,3,4,2
3439,212,0,1,0,36,69,70,36
3439,1,1,1,1,0,0,0,0
3447,1,0,0,0,0,0,0,0
3454,1,0,0,0,0,0,0,0
3456,1,1,1,1,0,0,0,0
3456,7,0,0,0,1,2,2,1
3461,1,1,1,1,0,0,0,0
3461,18,0,1,0,3,5,6,3
3462,2,0,1,0,0,0,1,0
3462,18,1,0,1,3,6,5,3
3462,1,0,0,0,0,0,0,0
3463,6,1,0,1,1,2,1,1
3463,47,0,1,0,8,15,16,7
3459,7,0,0,0,1,2,2,1
3458,1,1,1,1,0,0,0,0
3461,1,1,1,1,0,0,0,0
3462,10,0,0,0,2,3,3,1
3464,1,1,1,1,0,0,0,0
3466,1,0,0,0,0,0,0,0
3472,24,1,0,1,4,8,7,4
3481,2,1,0,1,0,1,0,0
3482,1,0,0,0,0,0,0,0
3483,19,0,0,0,3,6,6,3
3484,1,1,1,1,0,0,0,0
3484,6,0,1,0,1,1,2,1
3480,7,1,1,1,1,2,2,1
3480,1,0,0,0,0,0,0,0
3491,2,1,0,1,0,1,0,0
3494,1,1,1,1,0,0,0,0
3494,129,0,0,0,23,42,42,21
3495,132,1,1,1,24,43,43,21
3497,1,0,0,0,0,0,0,0
3497,5,1,0,1,1,2,1,0
3496,2,1,0,1,0,1,0,0
3496,3,0,0,0,0,1,1,0
3501,2,0,1,0,0,0,1,0
3502,1,1,1,1,0,0,0,0
3505,1,1,1,1,0,0,0,0
3506,3,1,1,1,0,1,1,0
3506,135,0,0,0,24,44,44,22
3507,1,1,1,1,0,0,0,0
3507,57,0,1,0,10,18,19,9
3506,2,0,1,0,0,0,1,0
3510,1,0,0,0,0,0,0,0
3513,1,0,0,0,0,0,0,0
3515,3,0,1,0,1,0,1,0
3518,1,0,0,0,0,0,0,0
3521,1,0,0,0,0,0,0,0
3522,3,0,0,0,0,1,1,0
3529,1,1,1,1,0,0,0,0
3531,9,1,0,1,2,3,2,1
3531,1,0,0,0,0,0,0,0
3534,6,1,0,1,1,2,1,1
3534,1,0,0,0,0,0,0,0
3533,3,1,1,1,0,1,1,0
3532,1,1,1,1,0,0,0,0
3533,1,0,0,0,0,0,0,0
3534,6,1,0,1,1,2,1,1
3538,1,0,0,0,0,0,0,0
3538,20,1,0,1,4,7,6,2
3537,2,1,0,1,0,1,0,0
3538,6,0,1,0,1,1,2,1
3543,1,1,1,1,0,0,0,0
3544,15,0,1,0,3,4,5,2
3545,8,0,1,0,1,2,3,1
3546,81,0,1,0,15,26,27,12
3546,1,1,1,1,0,0,0,0
3546,1,0,0,0,0,0,0,0
3549,1,0,0,0,0,0,0,0
3551,1,1,1,1,0,0,0,0
3553,1,0,0,0,0,0,0,0
3557,1,1,1,1,0,0,0,0
3558,27,0,0,0,5,9,9,3
3559,23,1,0,1,4,8,7,3
3561,23,1,0,1,4,8,7,3
3561,2,0,1,0,0,0,1,0
3565,2,1,0,1,0,1,0,0
3567,17,1,0,1,3,6,5,2
3569,28,1,0,1,5,10,9,3
3570,5,0,1,0,1,1,2,0
3570,2,1,0,1,0,1,0,0
3570,3,0,0,0,0,1,1,0
3570,20,1,0,1,4,7,6,2
3569,1,0,0,0,0,0,0,0
3566,1,0,0,0,0,0,0,0
3565,1,1,1,1,0,0,0,0
3566,28,1,0,1,5,10,9,3
3566,6,0,1,0,1,1,2,1
3563,29,0,1,0,6,9,10,3
3562,6,1,0,1,1,2,1,1
3561,1,0,0,0,0,0,0,0
3557,2,1,0,1,0,1,0,0
3558,1,0,0,0,0,0,0,0
3560,1,1,1,1,0,0,0,0
3564,2,0,1,0,0,0,1,0
3565,1,1,1,1,0,0,0,0
3566,28,1,0,1,5,10,9,3
3566,6,0,1,0,1,1,2,1
3563,29,0,1,0,6,9,10,3
3562,26,1,0,1,5,9,8,3
3562,1,0,0,0,0,0,0,0
3565,6,1,0,1,1,2,1,1
3565,33,0,1,0,7,10,11,4
3564,1,1,1,1,0,0,0,0
3563,29,0,1,0,6,9,10,3
3566,28,1,0,1,5,10,9,3
3566,2,0,1,0,0,0,1,0
3567,17,1,0,1,3,6,5,2
3569,28,1,0,1,5,10,9,3
3572,11,1,0,1,2,4,3,1
3574,1,0,0,0,0,0,0,0
3576,31,0,1,0,6,10,11,3
3576,1,1,1,1,0,0,0,0
3575,3,0,0,0,0,1,1,0
3575,2,1,0,1,0,1,0,0
3575,5,0,1,0,1,1,2,0
3574,28,1,0,1,5,10,9,3
3571,1,0,0,0,0,0,0,0
3570,2,1,0,1,0,1,0,0
3570,3,0,0,0,0,1,1,0
3570,20,1,0,1,4,7,6,2
3569,1,0,0,0,0,0,0,0
3566,1,0,0,0,0,0,0,0
3565,1,1,1,1,0,0,0,0
3566,3,1,1,1,0,1,1,0
3566,26,0,1,0,5,8,9,3
3563,29,0,1,0,6,9,10,3
3562,1,1,1,1,0,0,0,0
3564,5,0,1,0,1,1,2,0
3565,1,1,1,1,0,0,0,0
3567,17,1,0,1,3,6,5,2
3569,28,1,0,1,5,10,9,3
3569,2,0,1,0,0,0,1,0
3574,20,0,1,0,4,6,7,2
3574,28,1,0,1,5,10,9,3
3573,1,1,1,1,0,0,0,0
3574,1,0,0,0,0,0,0,0
3576,31,0,1,0,6,10,11,3
3576,1,1,1,1,0,0,0,0
3575,14,0,0,0,2,5,5,1
3573,2,1,0,1,0,1,0,0
3573,3,0,0,0,0,1,1,0
3573,9,1,0,1,2,3,2,1
3572,1,0,0,0,0,0,0,0
3570,20,1,0,1,4,7,6,2
3569,1,0,0,0,0,0,0,0
3569,1,1,1,1,0,0,0,0
3571,4,1,1,1,1,1,1,0
3571,1,0,0,0,0,0,0,0
3570,20,1,0,1,4,7,6,2
3571,2,1,0,1,0,1,0,0
3576,3,0,0,0,0,1,1,0
3576,23,1,0,1,5,8,7,2
3575,1,0,0,0,0,0,0,0
3576,31,0,1,0,6,10,11,3
3576,1,1,1,1,0,0,0,0
3575,14,0,0,0,2,5,5,1
3573,9,1,0,1,2,3,2,1
3572,1,0,0,0,0,0,0,0
3570,20,1,0,1,4,7,6,2
3570,1,0,0,0,0,0,0,0
3572,1,1,1,1,0,0,0,0
3572,20,0,1,0,4,6,7,2
3576,14,0,1,0,3,4,5,1
3576,23,1,0,1,5,8,7,2
3575,1,0,0,0,0,0,0,0
3574,2,1,0,1,0,1,0,0
3573,9,1,0,1,2,3,2,1
3572,3,0,1,0,1,0,1,0
3567,1,0,0,0,0,0,0,0
3563,1,0,0,0,0,0,0,0
3562,2,1,0,1,0,1,0,0
3562,3,0,0,0,0,1,1,0
3563,1,1,1,1,0,0,0,0
3563,29,0,1,0,6,9,10,3
3561,1,0,0,0,0,0,0,0
3558,27,0,0,0,5,9,9,3
3558,1,1,1,1,0,0,0,0
3558,3,0,1,0,1,0,1,0
3560,1,1,1,1,0,0,0,0
3564,2,0,1,0,0,0,1,0
3565,1,1,1,1,0,0,0,0
3566,28,1,0,1,5,10,9,3
3566,26,0,1,0,5,8,9,3
3563,29,0,1,0,6,9,10,3
3562,26,1,0,1,5,9,8,3
3562,1,0,0,0,0,0,0,0
3565,6,1,0,1,1,2,1,1
3565,33,0,1,0,7,10,11,4
3564,1,1,1,1,0,0,0,0
3563,29,0,1,0,6,9,10,3
3560,2,1,0,1,0,1,0,0
3565,2,1,0,1,0,1,0,0
3566,5,1,0,1,1,2,1,0
3566,1,0,0,0,0,0,0,0
3565,1,1,1,1,0,0,0,0
3567,17,1,0,1,3,6,5,2
3569,28,1,0,1,5,10,9,3
3569,2,0,1,0,0,0,1,0
3576,31,0,1,0,6,10,11,3
3582,3,1,0,1,0,1,0,1
3588,1,0,0,0,0,0,0,0
3590,1,1,1,1,0,0,0,0
3594,9,1,0,1,1,3,2,2
3594,2,0,1,0,0,0,1,0
3597,6,1,0,1,1,2,1,1
3598,1,0,0,0,0,0,0,0
3601,13,1,1,1,2,4,4,2
3602,1,0,0,0,0,0,0,0
3602,4,1,1,1,1,1,1,0
3600,1,1,1,1,0,0,0,0
3603,3,0,1,0,1,0,1,0
3605,2,1,0,1,0,1,0,0
3606,1,0,0,0,0,0,0,0
3614,1,0,0,0,0,0,0,0
3614,4,1,1,1,1,1,1,0
3616,1,0,0,0,0,0,0,0
3616,9,1,0,1,2,3,2,1
3616,2,0,1,0,0,0,1,0
3617,1,1,1,1,0,0,0,0
3628,1,0,0,0,0,0,0,0
3630,4,0,0,0,0,1,1,1
3630,1,1,1,1,0,0,0,0
3631,1,0,0,0,0,0,0,0
3633,1,1,1,1,0,0,0,0
3637,1,1,1,1,0,0,0,0
3639,4,1,1,1,1,1,1,0
3639,1,0,0,0,0,0,0,0
3640,1,1,1,1,0,0,0,0
3642,1,0,0,0,0,0,0,0
3644,1,1,1,1,0,0,0,0
3648,1,1,1,1,0,0,0,0
3648,4,0,0,0,0,1,1,1
3647,10,0,1,0,2,2,3,2
3646,1,0,0,0,0,0,0,0
3647,1,1,1,1,0,0,0,0
3651,2,0,1,0,0,0,1,0
3657,1,0,0,0,0,0,0,0
3659,1,1,1,1,0,0,0,0
3662,1,1,1,1,0,0,0,0
3668,1,0,0,0,0,0,0,0
3670,1,1,1,1,0,0,0,0
3670,4,0,0,0,0,1,1,1
3671,22,0,1,0,3,6,7,5
3671,7,1,1,1,1,2,2,1
3671,1,0,0,0,0,0,0,0
3673,3,0,1,0,1,0,1,0
3675,2,1,0,1,0,1,0,0
3676,1,0,0,0,0,0,0,0
3680,1,0,0,0,0,0,0,0
3682,1,1,1,1,0,0,0,0
3684,4,1,1,1,1,1,1,0
3684,1,0,0,0,0,0,0,0
3685,1,1,1,1,0,0,0,0
3687,3,1,0,1,0,1,0,1
3689,2,0,1,0,0,0,1,0
3690,1,1,1,1,0,0,0,0
3694,2,0,1,0,0,0,1,0
3695,1,1,1,1,0,0,0,0
3695,5,0,1,0,0,1,2,1
3694,1,0,0,0,0,0,0,0
3696,1,1,1,1,0,0,0,0
3703,1,1,1,1,0,0,0,0
3709,2,1,0,1,0,1,0,0
3712,6,0,1,0,1,1,2,1
3712,1,1,1,1,0,0,0,0
3713,1,0,0,0,0,0,0,0
3714,38,1,1,1,6,12,12,7
3714,3,0,0,0,0,1,1,0
3714,2,1,0,1,0,1,0,0
3715,1,0,0,0,0,0,0,0
3716,5,0,1,0,1,1,2,0
3717,1,1,1,1,0,0,0,0
3723,1,1,1,1,0,0,0,0
3727,3,1,1,1,0,1,1,0
3728,6,1,0,1,1,2,1,1
3728,1,0,0,0,0,0,0,0
3726,1,1,1,1,0,0,0,0
3725,14,0,1,0,2,4,5,2
3726,9,0,0,0,1,3,3,1
3727,1,1,1,1,0,0,0,0
3728,6,1,0,1,1,2,1,1
3729,1,0,0,0,0,0,0,0
3736,1,1,1,1,0,0,0,0
3736,6,0,1,0,1,1,2,1
3738,2,1,0,1,0,1,0,0
3739,1,0,0,0,0,0,0,0
3740,5,0,1,0,1,1,2,0
3741,27,0,1,0,5,8,9,4
3741,1,1,1,1,0,0,0,0
3738,1,1,1,1,0,0,0,0
3739,15,0,1,0,3,4,5,2
3741,27,0,1,0,5,8,9,4
3743,1,1,1,1,0,0,0,0
3747,8,1,0,1,1,3,2,1
3747,1,0,0,0,0,0,0,0
3747,5,1,0,1,0,2,1,1
3747,2,0,1,0,0,0,1,0
3747,3,1,1,1,0,1,1,0
3751,1,0,0,0,0,0,0,0
3754,31,0,0,0,5,10,10,5
3756,1,1,1,1,0,0,0,0
3758,1,0,0,0,0,0,0,0
3759,6,0,1,0,1,1,2,1
3760,1,1,1,1,0,0,0,0
3763,1,1,1,1,0,0,0,0
3768,1,0,0,0,0,0,0,0
3770,3,0,1,0,1,0,1,0
3777,6,1,0,1,1,2,1,1
3778,2,1,0,1,0,1,0,0
3779,1,0,0,0,0,0,0,0
3783,2,1,0,1,0,1,0,0
3786,1,1,1,1,0,0,0,0
3787,9,0,1,0,2,2,3,1
3794,1,0,0,0,0,0,0,0
3796,11,1,0,1,2,4,3,1
3796,3,0,1,0,1,0,1,0
3796,1,1,1,1,0,0,0,0
3798,1,0,0,0,0,0,0,0
3800,1,1,1,1,0,0,0,0
3802,4,1,1,1,1,1,1,0
3802,1,0,0,0,0,0,0,0
3807,1,1,1,1,0,0,0,0
3810,10,0,1,0,2,2,3,2
3810,42,1,0,1,7,14,13,7
3812,3,1,0,1,0,1,0,1
3815,1,1,1,1,0,0,0,0
3820,49,1,0,1,8,16,15,9
3821,1,0,0,0,0,0,0,0
3822,49,0,1,0,8,15,16,9
3823,1,1,1,1,0,0,0,0
3823,4,0,0,0,0,1,1,1
3819,1,1,1,1,0,0,0,0
3822,3,0,1,0,1,0,1,0
3827,1,1,1,1,0,0,0,0
3829,1,0,0,0,0,0,0,0
3829,6,1,0,1,1,2,1,1
3828,3,1,1,1,0,1,1,0
3828,2,0,1,0,0,0,1,0
3832,8,0,1,0,1,2,3,1
3833,1,1,1,1,0,0,0,0
3835,1,0,0,0,0,0,0,0
3847,1,1,1,1,0,0,0,0
3847,37,0,1,0,6,11,12,7
3847,12,1,0,1,2,4,3,2
3854,10,0,1,0,2,2,3,2
3854,1,1,1,1,0,0,0,0
3857,3,0,1,0,1,0,1,0
3860,1,0,0,0,0,0,0,0
3864,1,1,1,1,0,0,0,0
3865,9,0,1,0,2,2,3,1
3868,3,1,1,1,0,1,1,0
3872,1,0,0,0,0,0,0,0
3875,6,1,0,1,1,2,1,1
3878,1,1,1,1,0,0,0,0
3878,74,0,1,0,13,23,24,13
3880,2,1,0,1,0,1,0,0
3880,22,0,0,0,4,7,7,3
3880,1,1,1,1,0,0,0,0
3885,64,0,1,0,11,20,21,11
3885,1,1,1,1,0,0,0,0
3884,2,0,1,0,0,0,1,0
3892,12,0,1,0,2,3,4,2
3892,3,1,1,1,0,1,1,0
3891,1,1,1,1,0,0,0,0
3891,27,0,1,0,5,8,9,4
3892,2,0,1,0,0,0,1,0
3894,12,0,0,0,1,4,4,2
3896,66,0,1,0,11,21,22,11
3896,1,1,1,1,0,0,0,0
3896,8,0,1,0,1,2,3,1
3897,2,0,1,0,0,0,1,0
3897,5,1,0,1,0,2,1,1
3893,1,1,1,1,0,0,0,0
3889,6,0,1,0,1,1,2,1
3888,1,1,1,1,0,0,0,0
3891,27,0,1,0,5,8,9,4
3891,1,1,1,1,0,0,0,0
3892,1,0,0,0,0,0,0,0
3893,3,0,0,0,0,1,1,0
3898,1,0,0,0,0,0,0,0
3901,1,0,0,0,0,0,0,0
3902,3,0,0,0,0,1,1,0
3905,11,0,1,0,2,3,4,1
3906,1,1,1,1,0,0,0,0
3908,218,0,1,0,39,71,72,35
3908,3,1,0,1,0,1,0,1
3908,1,0,0,0,0,0,0,0
3913,1,1,1,1,0,0,0,0
3917,49,0,1,0,9,15,16,8
3917,1,1,1,1,0,0,0,0
3917,251,0,0,0,45,82,82,41
3917,229,1,1,1,41,75,75,37
3915,1,0,0,0,0,0,0,0
3915,3,1,0,1,0,1,0,1
3917,2,0,1,0,0,0,1,0
3918,1,1,1,1,0,0,0,0
3923,9,1,0,1,1,3,2,2
3924,1,0,0,0,0,0,0,0
3925,64,0,1,0,11,20,21,11
3926,1,1,1,1,0,0,0,0
3926,4,0,0,0,0,1,1,1
3922,1,1,1,1,0,0,0,0
3923,228,1,0,1,41,75,74,37
3923,1,0,0,0,0,0,0,0
3922,231,1,0,1,41,76,75,38
3920,1,0,0,0,0,0,0,0
3921,1,1,1,1,0,0,0,0
3923,9,1,0,1,1,3,2,2
3923,1,0,0,0,0,0,0,0
3922,3,1,1,1,0,1,1,0
3922,2,0,1,0,0,0,1,0
3923,1,1,1,1,0,0,0,0
3923,5,0,1,0,0,1,2,1
3922,1,0,0,0,0,0,0,0
3922,231,1,0,1,41,76,75,38
3917,1,0,0,0,0,0,0,0
3917,229,1,1,1,41,75,75,37
3914,2,0,1,0,0,0,1,0
3915,1,1,1,1,0,0,0,0
3919,2,0,1,0,0,0,1,0
3920,1,1,1,1,0,0,0,0
3921,5,1,0,1,0,2,1,1
3922,1,0,0,0,0,0,0,0
3922,231,1,0,1,41,76,75,38
3919,1,0,0,0,0,0,0,0
3919,228,1,0,1,41,75,74,37
3918,1,1,1,1,0,0,0,0
3923,9,1,0,1,1,3,2,2
3924,1,0,0,0,0,0,0,0
3925,64,0,1,0,11,20,21,11
3926,1,1,1,1,0,0,0,0
3926,4,0,0,0,0,1,1,1
3922,1,1,1,1,0,0,0,0
3923,228,1,0,1,41,75,74,37
3923,1,0,0,0,0,0,0,0
3922,231,1,0,1,41,76,75,38
3920,1,0,0,0,0,0,0,0
3919,3,1,1,1,0,1,1,0
3917,1,0,0,0,0,0,0,0
3917,229,1,1,1,41,75,75,37
3914,1,0,0,0,0,0,0,0
3916,1,1,1,1,0,0,0,0
3917,251,0,0,0,45,82,82,41
3917,229,1,1,1,41,75,75,37
3918,2,1,0,1,0,1,0,0
3919,1,0,0,0,0,0,0,0
3921,1,1,1,1,0,0,0,0
3921,225,0,0,0,40,74,74,36
3921,26,1,0,1,5,9,8,3
3922,1,0,0,0,0,0,0,0
3923,30,1,0,1,6,10,9,4
3923,3,0,0,0,0,1,1,0
3917,229,1,1,1,41,75,75,37
3917,1,0,0,0,0,0,0,0
3917,24,1,0,1,5,8,7,3
3914,4,0,0,0,0,1,1,1
3914,1,1,1,1,0,0,0,0
3917,251,0,0,0,45,82,82,41
3917,1,1,1,1,0,0,0,0
3917,3,0,1,0,1,0,1,0
3917,24,1,0,1,5,8,7,3
3915,1,0,0,0,0,0,0,0
3916,1,1,1,1,0,0,0,0
3917,251,0,0,0,45,82,82,41
3917,229,1,1,1,41,75,75,37
3916,2,1,0,1,0,1,0,0
3917,1,0,0,0,0,0,0,0
3917,24,1,0,1,5,8,7,3
3912,1,0,0,0,0,0,0,0
3910,1,1,1,1,0,0,0,0
3909,6,0,1,0,1,1,2,1
3905,1,0,0,0,0,0,0,0
3907,1,1,1,1,0,0,0,0
3909,4,1,1,1,1,1,1,0
3909,1,0,0,0,0,0,0,0
3912,3,1,0,1,0,1,0,1
3914,2,0,1,0,0,0,1,0
3915,1,1,1,1,0,0,0,0
3919,2,0,1,0,0,0,1,0
3920,1,1,1,1,0,0,0,0
3920,5,0,1,0,0,1,2,1
3919,1,0,0,0,0,0,0,0
3919,228,1,0,1,41,75,74,37
3918,1,1,1,1,0,0,0,0
3925,64,0,1,0,11,20,21,11
3928,9,0,1,0,1,2,3,2
3931,2,0,1,0,0,0,1,0
3932,1,1,1,1,0,0,0,0
3933,5,1,0,1,0,2,1,1
3934,1,0,0,0,0,0,0,0
3938,2,1,0,1,0,1,0,0
3946,11,0,1,0,1,3,4,2
3946,1,1,1,1,0,0,0,0
3945,2,0,1,0,0,0,1,0
3948,1,0,0,0,0,0,0,0
3949,3,0,0,0,0,1,1,0
3954,1,0,0,0,0,0,0,0
3956,1,1,1,1,0,0,0,0
3956,6,0,1,0,1,1,2,1
3955,9,0,0,0,1,3,3,1
3954,2,0,1,0,0,0,1,0
3955,1,1,1,1,0,0,0,0
3959,2,0,1,0,0,0,1,0
3960,1,1,1,1,0,0,0,0
3961,5,1,0,1,0,2,1,1
3961,23,0,1,0,3,7,8,4
3959,1,0,0,0,0,0,0,0
3961,1,1,1,1,0,0,0,0
3961,23,0,1,0,3,7,8,4
3963,2,1,0,1,0,1,0,0
3963,11,0,1,0,2,3,4,1
3963,1,1,1,1,0,0,0,0
3967,2,0,1,0,0,0,1,0
3968,1,1,1,1,0,0,0,0
3973,1,0,0,0,0,0,0,0
3975,1,1,1,1,0,0,0,0
3979,1,1,1,1,0,0,0,0
3979,4,0,0,0,0,1,1,1
3981,1,1,1,1,0,0,0,0
3984,6,0,1,0,1,1,2,1
3986,1,1,1,1,0,0,0,0
3988,1,0,0,0,0,0,0,0
3989,17,0,1,0,2,5,6,3
3990,1,1,1,1,0,0,0,0
3990,9,0,1,0,1,2,3,2
3989,17,0,1,0,2,5,6,3
3990,5,1,0,1,0,2,1,1
3990,2,0,1,0,0,0,1,0
3990,3,1,1,1,0,1,1,0
3990,9,0,1,0,1,2,3,2
3989,1,1,1,1,0,0,0,0
3985,2,0,1,0,0,0,1,0
3985,3,1,1,1,0,1,1,0
3989,1,0,0,0,0,0,0,0
3992,6,1,0,1,1,2,1,1
3997,4,1,1,1,1,1,1,0
3997,1,0,0,0,0,0,0,0
4000,1,0,0,0,0,0,0,0
4000,10,1,0,1,2,3,2,2
4005,1,0,0,0,0,0,0,0
4011,13,0,1,0,2,3,4,3
4012,3,1,0,1,0,1,0,1
4014,1,0,0,0,0,0,0,0
4028,1,0,0,0,0,0,0,0
4030,1,1,1,1,0,0,0,0
4033,1,1,1,1,0,0,0,0
4038,1,0,0,0,0,0,0,0
4040,3,0,1,0,1,0,1,0
4044,48,1,1,1,6,16,16,9
4046,1,0,0,0,0,0,0,0
4048,1,1,1,1,0,0,0,0
4050,1,0,0,0,0,0,0,0
4054,1,1,1,1,0,0,0,0
4056,1,0,0,0,0,0,0,0
4056,9,1,0,1,2,3,2,1
4058,2,0,1,0,0,0,1,0
4061,1,0,0,0,0,0,0,0
4065,1,1,1,1,0,0,0,0
4069,2,0,1,0,0,0,1,0
4070,1,1,1,1,0,0,0,0
4072,1,0,0,0,0,0,0,0
4072,71,1,1,1,10,24,24,12
4074,1,0,0,0,0,0,0,0
4079,1,0,0,0,0,0,0,0
4081,1,1,1,1,0,0,0,0
4081,8,0,1,0,1,2,3,1
4082,8,1,0,1,1,3,2,1
4083,5,0,1,0,1,1,2,0
4083,2,1,0,1,0,1,0,0
4083,3,0,0,0,0,1,1,0
4097,3,1,1,1,0,1,1,0
4098,6,1,0,1,1,2,1,1
4098,1,0,0,0,0,0,0,0
4096,1,1,1,1,0,0,0,0
4098,6,1,0,1,1,2,1,1
4100,1,0,0,0,0,0,0,0
4100,9,1,1,1,2,3,3,0
4102,1,0,0,0,0,0,0,0
4104,1,1,1,1,0,0,0,0
4105,11,1,0,1,2,4,3,1
4106,1,0,0,0,0,0,0,0
4108,23,0,1,0,4,7,8,3
4108,1,1,1,1,0,0,0,0
4113,1,0,0,0,0,0,0,0
4117,4,1,1,1,1,1,1,0
4117,1,0,0,0,0,0,0,0
4118,1,1,1,1,0,0,0,0
4120,1,0,0,0,0,0,0,0
4124,2,1,0,1,0,1,0,0
4129,2,1,0,1,0,1,0,0
4136,2,0,1,0,0,0,1,0
4148,1,0,0,0,0,0,0,0
4153,1,1,1,1,0,0,0,0
4164,1,1,1,1,0,0,0,0
4168,3,1,1,1,0,1,1,0
4169,1,0,0,0,0,0,0,0
4174,1,1,1,1,0,0,0,0
4175,6,1,0,1,1,2,1,1
4181,1,1,1,1,0,0,0,0
4188,1,0,0,0,0,0,0,0
4189,18,0,1,0,3,5,6,3
4190,6,0,1,0,1,1,2,1
4190,1,1,1,1,0,0,0,0
4187,2,1,0,1,0,1,0,0
4189,1,0,0,0,0,0,0,0
4190,6,0,1,0,1,1,2,1
4193,10,1,0,1,2,3,2,2
4193,1,0,0,0,0,0,0,0
4194,1,1,1,1,0,0,0,0
4200,1,0,0,0,0,0,0,0
4202,4,0,0,0,0,1,1,1
4202,1,1,1,1,0,0,0,0
4203,1,0,0,0,0,0,0,0
4203,229,1,0,1,38,76,75,39
4202,25,1,0,1,4,8,7,5
4199,7,1,1,1,1,2,2,1
4198,1,1,1,1,0,0,0,0
4197,19,0,1,0,3,5,6,4
4196,1,0,0,0,0,0,0,0
4196,3,1,0,1,0,1,0,1
4198,2,0,1,0,0,0,1,0
4204,1,0,0,0,0,0,0,0
4209,9,0,1,0,1,2,3,2
4209,1,1,1,1,0,0,0,0
4209,25,0,1,0,4,7,8,5
4210,2,0,1,0,0,0,1,0
4211,1,1,1,1,0,0,0,0
4215,3,1,1,1,0,1,1,0
4221,1,1,1,1,0,0,0,0
4222,25,1,1,1,3,8,8,5
4223,1,0,0,0,0,0,0,0
4224,28,0,1,0,4,8,9,6
4227,1,0,0,0,0,0,0,0
4229,1,1,1,1,0,0,0,0
4229,4,0,0,0,0,1,1,1
4229,28,1,0,1,4,9,8,6
4230,1,0,0,0,0,0,0,0
4232,1,1,1,1,0,0,0,0
4233,28,1,0,1,4,9,8,6
4236,32,1,1,1,5,10,10,6
4237,1,0,0,0,0,0,0,0
4239,3,0,1,0,1,0,1,0
4242,1,0,0,0,0,0,0,0
4249,3,1,0,1,0,1,0,1
4256,6,0,1,0,1,1,2,1
4257,2,0,1,0,0,0,1,0
4265,1,0,0,0,0,0,0,0
4267,1,1,1,1,0,0,0,0
4273,2,1,0,1,0,1,0,0
4276,1,1,1,1,0,0,0,0
4278,1,0,0,0,0,0,0,0
4281,1,0,0,0,0,0,0,0
4282,9,0,1,0,2,2,3,1
4283,1,1,1,1,0,0,0,0
4284,9,1,0,1,2,3,2,1
4285,1,0,0,0,0,0,0,0
4287,1,1,1,1,0,0,0,0
4289,1,0,0,0,0,0,0,0
4289,4,1,1,1,1,1,1,0
4289,21,0,1,0,4,6,7,3
4292,1,0,0,0,0,0,0,0
4303,6,0,1,0,1,1,2,1
4308,1,1,1,1,0,0,0,0
4309,3,1,1,1,0,1,1,0
4310,1,0,0,0,0,0,0,0
4310,9,1,0,1,1,3,2,2
4310,5,0,1,0,0,1,2,1
4310,1,1,1,1,0,0,0,0
4309,2,0,1,0,0,0,1,0
4314,1,1,1,1,0,0,0,0
4316,1,0,0,0,0,0,0,0
4320,4,1,1,1,1,1,1,0
4320,1,0,0,0,0,0,0,0
4321,1,1,1,1,0,0,0,0
4323,3,1,0,1,0,1,0,1
4326,1,1,1,1,0,0,0,0
4337,1,1,1,1,0,0,0,0
4339,1,0,0,0,0,0,0,0
4339,19,1,0,1,3,6,5,4
4339,9,0,1,0,1,2,3,2
4340,1,1,1,1,0,0,0,0
4342,1,0,0,0,0,0,0,0
4342,7,1,1,1,1,2,2,1
4344,1,0,0,0,0,0,0,0
4347,1,0,0,0,0,0,0,0
4349,1,1,1,1,0,0,0,0
4349,6,0,1,0,1,1,2,1
4348,3,0,0,0,0,1,1,0
4346,80,1,0,1,13,26,25,15
4345,7,1,1,1,1,2,2,1
4344,2,0,1,0,0,0,1,0
4347,1,0,0,0,0,0,0,0
4348,10,1,1,1,1,3,3,2
4351,2,1,0,1,0,1,0,0
4356,1,1,1,1,0,0,0,0
4358,1,0,0,0,0,0,0,0
4360,1,1,1,1,0,0,0,0
4362,1,0,0,0,0,0,0,0
4364,1,1,1,1,0,0,0,0
4364,4,0,0,0,0,1,1,1
4366,1,1,1,1,0,0,0,0
4368,1,0,0,0,0,0,0,0
4370,1,1,1,1,0,0,0,0
4375,1,0,0,0,0,0,0,0
4377,1,1,1,1,0,0,0,0
4378,10,1,1,1,2,3,3,1
4379,1,0,0,0,0,0,0,0
4381,1,1,1,1,0,0,0,0
4381,10,0,1,0,2,2,3,2
4380,7,0,0,0,1,2,2,1
4378,10,1,1,1,2,3,3,1
4383,59,1,1,1,10,19,19,10
4386,13,0,0,0,2,4,4,2
4386,1,1,1,1,0,0,0,0
4385,9,0,1,0,2,2,3,1
4384,1,0,0,0,0,0,0,0
4382,1,1,1,1,0,0,0,0
4385,1,1,1,1,0,0,0,0
4385,9,0,1,0,2,2,3,1
4384,3,0,0,0,0,1,1,0
4383,1,0,0,0,0,0,0,0
4383,59,1,1,1,10,19,19,10
4384,2,1,0,1,0,1,0,0
4385,5,1,0,1,1,2,1,0
4385,1,0,0,0,0,0,0,0
4380,1,0,0,0,0,0,0,0
4379,2,1,0,1,0,1,0,0
4377,3,0,1,0,1,0,1,0
4376,2,1,0,1,0,1,0,0
4378,10,1,1,1,2,3,3,1
4383,59,1,1,1,10,19,19,10
4388,4,1,1,1,1,1,1,0
4388,1,0,0,0,0,0,0,0
4389,1,1,1,1,0,0,0,0
4397,1,1,1,1,0,0,0,0
4397,4,0,0,0,0,1,1,1
4401,1,0,0,0,0,0,0,0
4403,1,1,1,1,0,0,0,0
4404,16,1,0,1,3,5,4,3
4405,1,0,0,0,0,0,0,0
4405,10,1,0,1,2,3,2,2
4402,6,0,1,0,1,1,2,1
4404,1,1,1,1,0,0,0,0
4406,1,0,0,0,0,0,0,0
4410,1,0,0,0,0,0,0,0
4412,4,0,0,0,0,1,1,1
4412,1,1,1,1,0,0,0,0
4413,1,0,0,0,0,0,0,0
4415,1,1,1,1,0,0,0,0
4420,3,1,0,1,0,1,0,1
4422,2,0,1,0,0,0,1,0
4422,50,1,0,1,8,16,15,10
4422,1,0,0,0,0,0,0,0
4424,1,1,1,1,0,0,0,0
4426,1,0,0,0,0,0,0,0
4427,6,0,1,0,1,1,2,1
4428,1,1,1,1,0,0,0,0
4430,4,1,1,1,1,1,1,0
4430,1,0,0,0,0,0,0,0
4433,1,0,0,0,0,0,0,0
4437,10,1,0,1,2,3,2,2
4437,1,0,0,0,0,0,0,0
4436,7,1,1,1,1,2,2,1
4435,1,1,1,1,0,0,0,0
4435,10,0,1,0,2,2,3,2
4436,16,0,0,0,2,5,5,3
4436,7,1,1,1,1,2,2,1
4435,2,0,1,0,0,0,1,0
4439,1,1,1,1,0,0,0,0
4440,3,1,1,1,0,1,1,0
4441,1,0,0,0,0,0,0,0
4441,9,1,0,1,1,3,2,2
4441,5,0,1,0,0,1,2,1
4441,1,1,1,1,0,0,0,0
4440,2,0,1,0,0,0,1,0
4448,1,1,1,1,0,0,0,0
4451,6,0,1,0,1,1,2,1
4454,1,0,0,0,0,0,0,0
4456,1,1,1,1,0,0,0,0
4456,4,0,0,0,0,1,1,1
4463,1,0,0,0,0,0,0,0
4467,10,1,0,1,2,3,2,2
4467,1,0,0,0,0,0,0,0
4470,7,1,1,1,1,2,2,1
4470,1,0,0,0,0,0,0,0
4470,3,1,0,1,0,1,0,1
4478,1,0,0,0,0,0,0,0
4478,9,1,0,1,1,3,2,2
4477,3,1,1,1,0,1,1,0
4476,1,1,1,1,0,0,0,0
4477,1,0,0,0,0,0,0,0
4481,2,1,0,1,0,1,0,0
4487,1,1,1,1,0,0,0,0
4489,1,0,0,0,0,0,0,0
4491,1,1,1,1,0,0,0,0
4498,1,0,0,0,0,0,0,0
4500,1,1,1,1,0,0,0,0
4500,6,0,1,0,1,1,2,1
4506,1,0,0,0,0,0,0,0
4512,6,1,1,1,1,2,2,0
4512,1,0,0,0,0,0,0,0
4511,8,1,0,1,1,3,2,1
4515,2,0,1,0,0,0,1,0
4516,1,1,1,1,0,0,0,0
4521,1,1,1,1,0,0,0,0
4521,5,0,1,0,0,1,2,1
4520,2,0,1,0,0,0,1,0
4522,1,1,1,1,0,0,0,0
4523,42,0,1,0,6,13,14,8
4530,9,1,0,1,1,3,2,2
4530,6,0,0,0,0,2,2,1
4532,1,1,1,1,0,0,0,0
4533,6,1,0,1,1,2,1,1
4534,4,1,1,1,1,1,1,0
4534,1,0,0,0,0,0,0,0
4531,6,0,1,0,1,1,2,1
4530,1,0,0,0,0,0,0,0
4528,1,1,1,1,0,0,0,0
4528,20,0,1,0,3,6,7,3
4530,1,1,1,1,0,0,0,0
4530,6,0,0,0,0,2,2,1
4530,2,1,0,1,0,1,0,0
4533,1,1,1,1,0,0,0,0
4536,1,1,1,1,0,0,0,0
4538,25,0,1,0,3,8,9,4
4538,3,1,0,1,0,1,0,1
4538,1,0,0,0,0,0,0,0
4542,2,1,0,1,0,1,0,0
4543,1,0,0,0,0,0,0,0
4544,6,1,0,1,1,2,1,1
4548,1,0,0,0,0,0,0,0
4549,5,0,1,0,1,1,2,0
4550,1,1,1,1,0,0,0,0
4552,1,0,0,0,0,0,0,0
4554,1,1,1,1,0,0,0,0
4557,1,1,1,1,0,0,0,0
4564,3,0,1,0,1,0,1,0
4566,12,0,1,0,2,3,4,2
4566,1,1,1,1,0,0,0,0
4567,1,0,0,0,0,0,0,0
4570,1,0,0,0,0,0,0,0
4576,2,0,1,0,0,0,1,0
4579,1,0,0,0,0,0,0,0
4584,1,0,0,0,0,0,0,0
4585,11,0,1,0,2,3,4,1
4585,6,1,0,1,1,2,1,1
4583,2,1,0,1,0,1,0,0
4584,6,0,1,0,1,1,2,1
4587,1,0,0,0,0,0,0,0
4591,1,1,1,1,0,0,0,0
4594,8,0,1,0,1,2,3,1
4599,8,0,1,0,1,2,3,1
4600,5,1,0,1,0,2,1,1
4600,2,0,1,0,0,0,1,0
4600,3,1,1,1,0,1,1,0
4601,11,1,0,1,1,4,3,2
4601,1,0,0,0,0,0,0,0
4599,1,1,1,1,0,0,0,0
4597,46,0,1,0,7,15,16,7
4596,1,1,1,1,0,0,0,0
4595,2,0,1,0,0,0,1,0
4595,3,1,1,1,0,1,1,0
4596,1,0,0,0,0,0,0,0
4600,18,1,0,1,3,6,5,3
4600,1,0,0,0,0,0,0,0
4601,1,1,1,1,0,0,0,0
4603,3,1,0,1,0,1,0,1
4603,49,0,1,0,7,16,17,8
4605,1,1,1,1,0,0,0,0
4611,2,1,0,1,0,1,0,0
4612,1,0,0,0,0,0,0,0
4615,1,0,0,0,0,0,0,0
4616,3,0,0,0,0,1,1,0
4619,1,0,0,0,0,0,0,0
4623,1,0,0,0,0,0,0,0
4623,4,1,1,1,1,1,1,0
4625,1,0,0,0,0,0,0,0
4630,1,1,1,1,0,0,0,0
4633,1,1,1,1,0,0,0,0
4635,3,1,0,1,0,1,0,1
4640,1,0,0,0,0,0,0,0
4644,1,0,0,0,0,0,0,0
4646,12,1,0,1,2,4,3,2
4649,3,0,1,0,1,0,1,0
4649,34,1,1,1,6,11,11,5
4652,1,1,1,1,0,0,0,0
4654,1,0,0,0,0,0,0,0
4655,22,0,1,0,4,6,7,4
4656,1,1,1,1,0,0,0,0
4658,1,0,0,0,0,0,0,0
4660,4,0,0,0,0,1,1,1
4660,1,1,1,1,0,0,0,0
4661,1,0,0,0,0,0,0,0
4663,1,1,1,1,0,0,0,0
4663,10,0,1,0,2,2,3,2
4662,16,0,1,0,3,4,5,3
4662,2,1,0,1,0,1,0,0
4662,16,0,1,0,3,4,5,3
4662,1,1,1,1,0,0,0,0
4662,10,0,0,0,1,3,3,2
4660,2,0,1,0,0,0,1,0
4662,25,1,0,1,4,8,7,5
4662,10,0,0,0,1,3,3,2
4661,1,1,1,1,0,0,0,0
4660,1,0,0,0,0,0,0,0
4664,1,1,1,1,0,0,0,0
4666,28,0,0,0,4,9,9,5
4668,3,1,1,1,0,1,1,0
4669,6,1,0,1,1,2,1,1
4669,1,0,0,0,0,0,0,0
4667,1,1,1,1,0,0,0,0
4665,6,0,1,0,1,1,2,1
4663,330,0,0,0,53,109,109,58
4662,16,0,1,0,3,4,5,3
4662,1,1,1,1,0,0,0,0
4662,10,0,0,0,1,3,3,2
4659,1,1,1,1,0,0,0,0
4661,1,0,0,0,0,0,0,0
4663,1,1,1,1,0,0,0,0
4664,7,1,1,1,1,2,2,1
4672,1,0,0,0,0,0,0,0
4676,1,0,0,0,0,0,0,0
4676,4,1,1,1,1,1,1,0
4678,1,0,0,0,0,0,0,0
4679,14,1,0,1,3,4,3,3
4680,32,1,0,1,6,10,9,6
4681,1,0,0,0,0,0,0,0
4682,14,1,1,1,3,4,4,2
4682,3,0,0,0,0,1,1,0
4678,2,0,1,0,0,0,1,0
4679,1,1,1,1,0,0,0,0
4683,2,0,1,0,0,0,1,0
4685,5,1,0,1,0,2,1,1
4690,35,1,0,1,6,11,10,7
4690,1,0,0,0,0,0,0,0
4693,3,1,0,1,0,1,0,1
4695,2,0,1,0,0,0,1,0
4699,1,1,1,1,0,0,0,0
4701,1,0,0,0,0,0,0,0
4706,1,1,1,1,0,0,0,0
4710,1,0,0,0,0,0,0,0
4712,1,1,1,1,0,0,0,0
4712,6,0,1,0,1,1,2,1
4713,6,1,0,1,1,2,1,1
4719,1,1,1,1,0,0,0,0
4720,373,1,0,1,60,123,122,67
4727,4,0,0,0,0,1,1,1
4727,1,1,1,1,0,0,0,0
4728,1,0,0,0,0,0,0,0
4736,1,0,0,0,0,0,0,0
4736,4,1,1,1,1,1,1,0
4738,2,0,1,0,0,0,1,0
4744,1,0,0,0,0,0,0,0
4748,1,1,1,1,0,0,0,0
4750,1,0,0,0,0,0,0,0
4752,1,1,1,1,0,0,0,0
4755,6,0,1,0,1,1,2,1
4756,1,1,1,1,0,0,0,0
4756,4,0,0,0,0,1,1,1
4754,1,0,0,0,0,0,0,0
4753,9,1,0,1,1,3,2,2
4752,383,1,0,1,62,126,125,69
4753,1,0,0,0,0,0,0,0
4755,6,0,1,0,1,1,2,1
4755,1,1,1,1,0,0,0,0
4754,383,0,1,0,62,125,126,69
4757,5,1,0,1,0,2,1,1
4757,2,0,1,0,0,0,1,0
4759,1,1,1,1,0,0,0,0
4761,1,0,0,0,0,0,0,0
4764,8,0,1,0,1,2,3,1
4765,1,1,1,1,0,0,0,0
4767,11,0,1,0,1,3,4,2
4770,6,1,0,1,1,2,1,1
4770,1,0,0,0,0,0,0,0
4769,3,1,1,1,0,1,1,0
4768,1,1,1,1,0,0,0,0
4767,1,0,0,0,0,0,0,0
4768,6,0,1,0,1,1,2,1
4770,6,1,0,1,1,2,1,1
4771,1,0,0,0,0,0,0,0
4778,2,1,0,1,0,1,0,0
4779,1,0,0,0,0,0,0,0
4782,1,0,0,0,0,0,0,0
4784,9,0,1,0,2,2,3,1
4784,1,1,1,1,0,0,0,0
4783,3,0,0,0,0,1,1,0
4783,2,1,0,1,0,1,0,0
4784,1,0,0,0,0,0,0,0
4784,5,1,0,1,1,2,1,0
4783,1,1,1,1,0,0,0,0
4784,9,0,1,0,2,2,3,1
4787,3,1,1,1,0,1,1,0
4789,74,1,0,1,12,24,23,14
4798,1,1,1,1,0,0,0,0
4802,1,1,1,1,0,0,0,0
4805,1,1,1,1,0,0,0,0
4807,404,1,0,1,66,133,132,72
4807,1,0,0,0,0,0,0,0
4807,3,1,0,1,0,1,0,1
4813,2,1,0,1,0,1,0,0
4818,1,1,1,1,0,0,0,0
4822,3,1,1,1,0,1,1,0
4823,1,0,0,0,0,0,0,0
4826,1,0,0,0,0,0,0,0
4828,3,0,1,0,1,0,1,0
4830,2,1,0,1,0,1,0,0
4831,1,0,0,0,0,0,0,0
4834,23,1,0,1,4,8,7,3
4835,2,1,0,1,0,1,0,0
4836,1,0,0,0,0,0,0,0
4836,5,1,0,1,1,2,1,0
4839,1,1,1,1,0,0,0,0
4841,14,0,1,0,2,4,5,2
4841,3,1,0,1,0,1,0,1
4841,1,0,0,0,0,0,0,0
4843,1,1,1,1,0,0,0,0
4853,3,0,1,0,1,0,1,0
4854,15,0,0,0,2,5,5,2
4855,1,1,1,1,0,0,0,0
4859,10,0,0,0,1,3,3,2
4859,3,1,1,1,0,1,1,0
4858,1,1,1,1,0,0,0,0
4859,1,0,0,0,0,0,0,0
4863,3,0,0,0,0,1,1,0
4866,1,0,0,0,0,0,0,0
4871,1,1,1,1,0,0,0,0
4872,9,1,0,1,2,3,2,1
4873,1,0,0,0,0,0,0,0
4877,4,1,1,1,1,1,1,0
4877,1,0,0,0,0,0,0,0
4880,1,0,0,0,0,0,0,0
4882,1,1,1,1,0,0,0,0
4886,2,0,1,0,0,0,1,0
4893,1,1,1,1,0,0,0,0
4894,6,0,1,0,1,1,2,1
4895,271,0,1,0,45,88,89,48
4896,1,1,1,1,0,0,0,0
4901,1,0,0,0,0,0,0,0
4909,280,1,0,1,47,92,91,49
4910,2,1,0,1,0,1,0,0
4911,5,1,0,1,1,2,1,0
4911,1,0,0,0,0,0,0,0
4911,1,1,1,1,0,0,0,0
4915,1,1,1,1,0,0,0,0
4917,1,0,0,0,0,0,0,0
4917,4,1,1,1,1,1,1,0
4919,2,0,1,0,0,0,1,0
4921,37,0,1,0,7,11,12,6
4929,1,1,1,1,0,0,0,0
4931,1,0,0,0,0,0,0,0
4933,1,1,1,1,0,0,0,0
4934,9,1,0,1,1,3,2,2
4937,18,1,0,1,3,6,5,3
4938,1,0,0,0,0,0,0,0
4943,1,0,0,0,0,0,0,0
4948,1,1,1,1,0,0,0,0
4953,1,0,0,0,0,0,0,0
4955,1,1,1,1,0,0,0,0
4956,9,1,0,1,2,3,2,1
4960,7,1,1,1,2,2,2,0
4960,1,0,0,0,0,0,0,0
4965,3,1,1,1,0,1,1,0
4966,1,0,0,0,0,0,0,0
4966,6,1,0,1,1,2,1,1
4964,1,1,1,1,0,0,0,0
4966,58,0,1,0,11,18,19,9
4966,6,1,0,1,1,2,1,1
4965,1,0,0,0,0,0,0,0
4969,85,0,1,0,15,27,28,14
4969,1,1,1,1,0,0,0,0
4969,27,0,1,0,5,8,9,4
4970,5,1,0,1,0,2,1,1
4970,2,0,1,0,0,0,1,0
4969,27,0,1,0,5,8,9,4
4970,1,1,1,1,0,0,0,0
4972,1,0,0,0,0,0,0,0
4980,19,0,1,0,4,5,6,3
4980,33,1,0,1,6,11,10,5
4982,3,1,0,1,0,1,0,1
4984,12,1,0,1,2,4,3,2
4984,1,0,0,0,0,0,0,0
4988,49,0,1,0,9,15,16,8
4990,1,1,1,1,0,0,0,0
4990,5,0,1,0,0,1,2,1
4989,2,0,1,0,0,0,1,0
4989,3,1,1,1,0,1,1,0
4992,1,1,1,1,0,0,0,0
4996,1,0,0,0,0,0,0,0
4998,1,1,1,1,0,0,0,0
4998,9,0,1,0,1,2,3,2
4997,15,0,1,0,2,4,5,3
4996,2,0,1,0,0,0,1,0
4997,1,1,1,1,0,0,0,0
5000,1,1,1,1,0,0,0,0
5005,18,1,0,1,2,6,5,4
5008,1,1,1,1,0,0,0,0
5008,4,0,0,0,0,1,1,1
5010,2,1,0,1,0,1,0,0
5011,1,0,0,0,0,0,0,0
5013,6,0,1,0,1,1,2,1
5013,1,1,1,1,0,0,0,0
5020,2,0,1,0,0,0,1,0
5023,1,0,0,0,0,0,0,0
5025,1,1,1,1,0,0,0,0
5029,4,0,0,0,0,1,1,1
5029,1,1,1,1,0,0,0,0
5028,6,0,1,0,1,1,2,1
5027,1,0,0,0,0,0,0,0
5028,1,1,1,1,0,0,0,0
5034,1,0,0,0,0,0,0,0
5038,2,1,0,1,0,1,0,0
5039,52,1,0,1,9,17,16,9
5039,1,0,0,0,0,0,0,0
5037,7,1,1,1,1,2,2,1
5037,1,0,0,0,0,0,0,0
5039,1,1,1,1,0,0,0,0
5041,1,0,0,0,0,0,0,0
5047,2,0,1,0,0,0,1,0
5048,1,1,1,1,0,0,0,0
5051,1,1,1,1,0,0,0,0
5052,3,1,1,1,0,1,1,0
5053,1,0,0,0,0,0,0,0
5055,1,1,1,1,0,0,0,0
5057,1,0,0,0,0,0,0,0
5059,1,1,1,1,0,0,0,0
5059,4,0,0,0,0,1,1,1
5060,13,1,0,1,2,4,3,3
5062,1,0,0,0,0,0,0,0
5064,6,0,1,0,1,1,2,1
5064,1,1,1,1,0,0,0,0
5066,3,0,0,0,0,1,1,0
5067,1,1,1,1,0,0,0,0
5070,1,1,1,1,0,0,0,0
5072,3,1,0,1,0,1,0,1
5074,2,0,1,0,0,0,1,0
5074,44,1,1,1,7,14,14,8
5074,1,0,0,0,0,0,0,0
5076,9,0,1,0,2,2,3,1
5079,1,0,0,0,0,0,0,0
5082,95,1,0,1,17,31,30,16
5082,1,0,0,0,0,0,0,0
5090,80,0,1,0,14,25,26,14
5090,28,1,0,1,5,9,8,5
5089,1,0,0,0,0,0,0,0
5088,80,1,0,1,14,26,25,14
5087,1,1,1,1,0,0,0,0
5087,74,0,1,0,13,23,24,13
5087,206,1,0,1,35,68,67,35
5085,1,0,0,0,0,0,0,0
5086,1,1,1,1,0,0,0,0
5088,1,0,0,0,0,0,0,0
5088,80,1,0,1,14,26,25,14
5087,3,1,1,1,0,1,1,0
5087,2,0,1,0,0,0,1,0
5091,8,0,1,0,1,2,3,1
5092,2,0,1,0,0,0,1,0
5092,5,1,0,1,0,2,1,1
5096,1,0,0,0,0,0,0,0
5098,1,1,1,1,0,0,0,0
5100,1,0,0,0,0,0,0,0
5102,20,1,0,1,3,7,6,3
5102,90,0,0,0,15,29,29,16
5102,1,1,1,1,0,0,0,0
5104,1,0,0,0,0,0,0,0
5104,4,1,1,1,1,1,1,0
5103,104,1,0,1,18,34,33,18
5102,20,1,0,1,3,7,6,3
5102,1,0,0,0,0,0,0,0
5104,6,0,1,0,1,1,2,1
5107,1,0,0,0,0,0,0,0
5109,1,1,1,1,0,0,0,0
5118,1,1,1,1,0,0,0,0
5118,6,0,1,0,1,1,2,1
5124,1,0,0,0,0,0,0,0
5127,1,0,0,0,0,0,0,0
5128,3,0,0,0,0,1,1,0
5129,1,1,1,1,0,0,0,0
5131,1,0,0,0,0,0,0,0
5133,233,0,1,0,39,76,77,40
5133,1,1,1,1,0,0,0,0
5136,3,0,1,0,1,0,1,0
5138,2,1,0,1,0,1,0,0
5144,1,1,1,1,0,0,0,0
5144,15,0,0,0,2,5,5,2
5145,2,0,1,0,0,0,1,0
5146,1,1,1,1,0,0,0,0
5152,1,1,1,1,0,0,0,0
5156,3,1,1,1,0,1,1,0
5157,1,0,0,0,0,0,0,0
5164,35,0,0,0,5,12,12,5
5164,7,1,1,1,1,2,2,1
5163,1,0,0,0,0,0,0,0
5162,9,1,1,1,1,3,3,1
5163,9,1,0,1,1,3,2,2
5164,1,0,0,0,0,0,0,0
5164,7,1,1,1,1,2,2,1
5162,1,1,1,1,0,0,0,0
5161,1,0,0,0,0,0,0,0
5164,35,0,0,0,5,12,12,5
5164,7,1,1,1,1,2,2,1
5164,1,0,0,0,0,0,0,0
5175,3,1,0,1,0,1,0,1
5177,1,0,0,0,0,0,0,0
5182,6,0,1,0,1,1,2,1
5182,1,1,1,1,0,0,0,0
5181,3,0,0,0,0,1,1,0
5180,1,0,0,0,0,0,0,0
5181,1,1,1,1,0,0,0,0
5182,6,0,1,0,1,1,2,1
5187,13,1,0,1,2,4,3,3
5192,1,0,0,0,0,0,0,0
5192,6,1,0,1,1,2,1,1
5199,1,0,0,0,0,0,0,0
5202,11,1,0,1,1,4,3,2
5203,2,1,0,1,0,1,0,0
5204,1,0,0,0,0,0,0,0
5215,1,0,0,0,0,0,0,0
5215,4,1,1,1,1,1,1,0
5217,1,0,0,0,0,0,0,0
5221,2,1,0,1,0,1,0,0
5226,5,0,1,0,1,1,2,0
5226,2,1,0,1,0,1,0,0
5243,1,0,0,0,0,0,0,0
5244,15,1,0,1,3,5,4,2
5248,3,0,1,0,1,0,1,0
5249,15,1,0,1,3,5,4,2
5249,11,0,1,0,2,3,4,1
5248,15,0,1,0,3,4,5,2
5248,1,1,1,1,0,0,0,0
5246,1,0,0,0,0,0,0,0
5248,15,0,1,0,3,4,5,2
5248,17,1,0,1,3,6,5,2
5247,1,1,1,1,0,0,0,0
5248,1,0,0,0,0,0,0,0
5249,15,1,0,1,3,5,4,2
5249,11,0,1,0,2,3,4,1
5247,2,1,0,1,0,1,0,0
5242,17,1,0,1,3,6,5,2
5241,1,1,1,1,0,0,0,0
5242,1,0,0,0,0,0,0,0
5243,3,0,0,0,0,1,1,0
5244,1,1,1,1,0,0,0,0
5250,918,1,0,1,155,303,302,157
5253,2,1,0,1,0,1,0,0
5254,1,0,0,0,0,0,0,0
5255,14,0,1,0,3,4,5,1
5256,1,1,1,1,0,0,0,0
5259,1,1,1,1,0,0,0,0
5261,3,1,0,1,0,1,0,1
5264,1,1,1,1,0,0,0,0
5269,1,0,0,0,0,0,0,0
5272,923,1,0,1,155,305,304,158
5277,17,1,0,1,3,6,5,2
5277,1,0,0,0,0,0,0,0
5280,1,0,0,0,0,0,0,0
5284,2,1,0,1,0,1,0,0
5287,1,1,1,1,0,0,0,0
5287,14,0,1,0,2,4,5,2
5289,2,1,0,1,0,1,0,0
5295,11,0,1,0,2,3,4,1
5295,32,1,0,1,6,11,10,4
5294,1,0,0,0,0,0,0,0
5300,20,1,0,1,3,7,6,3
5303,1,1,1,1,0,0,0,0
5303,4,0,0,0,0,1,1,1
5307,23,0,1,0,4,7,8,3
5308,1,1,1,1,0,0,0,0
5308,6,0,1,0,1,1,2,1
5306,1,0,0,0,0,0,0,0
5305,2,1,0,1,0,1,0,0
5307,43,0,1,0,7,14,15,6
5308,1,1,1,1,0,0,0,0
5310,1,0,0,0,0,0,0,0
5315,1,1,1,1,0,0,0,0
5322,1,1,1,1,0,0,0,0
5324,3,1,0,1,0,1,0,1
5324,97,0,1,0,16,32,33,15
5324,10,1,0,1,2,3,2,2
5324,1,0,0,0,0,0,0,0
5324,1,1,1,1,0,0,0,0
5324,97,0,1,0,16,32,33,15
5323,2,0,1,0,0,0,1,0
5322,10,0,1,0,2,2,3,2
5321,4,1,1,1,1,1,1,0
5321,1,0,0,0,0,0,0,0
5319,1,1,1,1,0,0,0,0
5322,1,1,1,1,0,0,0,0
5322,10,0,1,0,2,2,3,2
5323,10,1,1,1,2,3,3,1
5324,2,1,0,1,0,1,0,0
5329,1,1,1,1,0,0,0,0
5330,9,0,1,0,2,2,3,1
5339,38,1,0,1,7,13,12,5
5339,3,0,1,0,1,0,1,0
5339,1,1,1,1,0,0,0,0
5341,1,0,0,0,0,0,0,0
5342,21,0,1,0,4,6,7,3
5343,1,1,1,1,0,0,0,0
5345,4,1,1,1,1,1,1,0
5345,1,0,0,0,0,0,0,0
5348,1,0,0,0,0,0,0,0
5355,6,0,1,0,1,1,2,1
5358,1,0,0,0,0,0,0,0
5358,10,1,0,1,2,3,2,2
5359,6,0,1,0,1,1,2,1
5360,2,0,1,0,0,0,1,0
5364,1,1,1,1,0,0,0,0
5366,1,0,0,0,0,0,0,0
5366,9,1,0,1,1,3,2,2
5365,3,1,1,1,0,1,1,0
5365,2,0,1,0,0,0,1,0
5367,9,0,1,0,1,2,3,2
5367,5,1,0,1,0,2,1,1
5366,1,1,1,1,0,0,0,0
5365,1,0,0,0,0,0,0,0
5369,3,0,0,0,0,1,1,0
5372,1,0,0,0,0,0,0,0
5374,31,0,1,0,6,9,10,5
5376,1,1,1,1,0,0,0,0
5380,3,1,1,1,0,1,1,0
5381,1,0,0,0,0,0,0,0
5381,6,1,0,1,1,2,1,1
5379,1,1,1,1,0,0,0,0
5387,1,1,1,1,0,0,0,0
5395,127,0,1,0,21,42,43,20
5395,1,1,1,1,0,0,0,0
5394,2,0,1,0,0,0,1,0
5394,80,1,0,1,14,27,26,12
5394,1,0,0,0,0,0,0,0
5392,3,1,0,1,0,1,0,1
5391,24,0,1,0,4,7,8,4
5390,1,1,1,1,0,0,0,0
5394,80,1,0,1,14,27,26,12
5396,65,1,0,1,12,22,21,9
5396,1,0,0,0,0,0,0,0
5395,2,1,0,1,0,1,0,0
5395,3,0,0,0,0,1,1,0
5396,1,1,1,1,0,0,0,0
5401,1,0,0,0,0,0,0,0
5403,1,1,1,1,0,0,0,0
5403,7,0,0,0,1,2,2,1
5403,9,1,1,1,2,3,3,0
5403,3,0,1,0,1,0,1,0
5401,11,0,1,0,2,3,4,1
5402,1,1,1,1,0,0,0,0
5405,1,1,1,1,0,0,0,0
5407,6,1,0,1,1,2,1,1
5407,1,0,0,0,0,0,0,0
5406,3,1,1,1,0,1,1,0
5406,2,0,1,0,0,0,1,0
5407,1,1,1,1,0,0,0,0
5407,20,0,1,0,3,6,7,3
5406,1,0,0,0,0,0,0,0
5407,6,1,0,1,1,2,1,1
5407,17,0,1,0,3,5,6,2
5403,7,0,0,0,1,2,2,1
5402,4,1,1,1,1,1,1,0
5402,1,0,0,0,0,0,0,0
5403,1,1,1,1,0,0,0,0
5405,3,1,0,1,0,1,0,1
5410,1,0,0,0,0,0,0,0
5410,15,1,0,1,3,5,4,2
5411,2,1,0,1,0,1,0,0
5412,1,0,0,0,0,0,0,0
5416,1,0,0,0,0,0,0,0
5419,12,1,0,1,2,4,3,2
5421,1,0,0,0,0,0,0,0
5423,1,1,1,1,0,0,0,0
5429,6,0,1,0,1,1,2,1
5430,2,0,1,0,0,0,1,0
5431,1,1,1,1,0,0,0,0
5434,1,1,1,1,0,0,0,0
5439,1,0,0,0,0,0,0,0
5441,1,1,1,1,0,0,0,0
5443,18,1,0,1,3,6,5,3
5443,1,0,0,0,0,0,0,0
5444,9,0,1,0,1,2,3,2
5444,1,1,1,1,0,0,0,0
5444,18,0,1,0,3,5,6,3
5445,2,0,1,0,0,0,1,0
5445,9,1,0,1,1,3,2,2
5441,14,1,0,1,2,5,4,2
5441,3,0,1,0,1,0,1,0
5440,2,1,0,1,0,1,0,0
5441,14,1,0,1,2,5,4,2
5441,1,0,0,0,0,0,0,0
5440,1,1,1,1,0,0,0,0
5444,2,0,1,0,0,0,1,0
5448,11,0,1,0,1,3,4,2
5449,5,1,0,1,0,2,1,1
5449,2,0,1,0,0,0,1,0
5449,3,1,1,1,0,1,1,0
5450,1,0,0,0,0,0,0,0
5452,1,1,1,1,0,0,0,0
5457,1,0,0,0,0,0,0,0
5459,3,0,1,0,1,0,1,0
5461,2,1,0,1,0,1,0,0
5466,3,0,0,0,0,1,1,0
5467,1,1,1,1,0,0,0,0
5467,32,0,1,0,5,10,11,5
5465,1,0,0,0,0,0,0,0
5470,2,0,1,0,0,0,1,0
5471,1,1,1,1,0,0,0,0
5475,1,0,0,0,0,0,0,0
5479,1,0,0,0,0,0,0,0
5484,1,1,1,1,0,0,0,0
5487,1,1,1,1,0,0,0,0
5489,3,1,0,1,0,1,0,1
5491,1,0,0,0,0,0,0,0
5494,29,1,0,1,4,10,9,5
5496,6,0,1,0,1,1,2,1
5496,57,1,0,1,9,19,18,10
5495,1,0,0,0,0,0,0,0
5493,1,1,1,1,0,0,0,0
5496,6,0,1,0,1,1,2,1
5496,1,1,1,1,0,0,0,0
5495,3,0,0,0,0,1,1,0
5494,1,0,0,0,0,0,0,0
5494,29,1,0,1,4,10,9,5
5495,2,1,0,1,0,1,0,0
5496,1,0,0,0,0,0,0,0
5497,35,1,0,1,5,12,11,6
5500,2,1,0,1,0,1,0,0
5500,5,0,1,0,1,1,2,0
5499,20,1,0,1,3,7,6,3
5499,1,0,0,0,0,0,0,0
5501,1,1,1,1,0,0,0,0
5511,1,1,1,1,0,0,0,0
5512,6,1,0,1,1,2,1,1
5513,4,1,1,1,1,1,1,0
5513,1,0,0,0,0,0,0,0
5512,6,1,0,1,1,2,1,1
5513,2,1,0,1,0,1,0,0
5516,6,0,1,0,1,1,2,1
5516,1,1,1,1,0,0,0,0
5515,17,0,1,0,3,5,6,2
5514,1,0,0,0,0,0,0,0
5514,1,1,1,1,0,0,0,0
5517,7,0,0,0,1,2,2,1
5521,1,0,0,0,0,0,0,0
5521,6,1,0,1,1,2,1,1
5520,58,1,0,1,9,20,19,9
5519,1,1,1,1,0,0,0,0
5518,2,0,1,0,0,0,1,0
5521,1,0,0,0,0,0,0,0
5521,15,1,0,1,3,5,4,2
5520,58,1,0,1,9,20,19,9
5519,3,1,0,1,0,1,0,1
5519,1,0,0,0,0,0,0,0
5526,1,0,0,0,0,0,0,0
5528,10,0,1,0,2,2,3,2
5528,1,1,1,1,0,0,0,0
5532,13,1,0,1,3,4,3,2
5535,1,1,1,1,0,0,0,0
5537,4,1,1,1,1,1,1,0
5537,1,0,0,0,0,0,0,0
5538,1,1,1,1,0,0,0,0
5540,1,0,0,0,0,0,0,0
5544,1,1,1,1,0,0,0,0
5546,1,0,0,0,0,0,0,0
5548,1,1,1,1,0,0,0,0
5551,6,0,1,0,1,1,2,1
5552,2,0,1,0,0,0,1,0
5553,1,1,1,1,0,0,0,0
5557,3,1,1,1,0,1,1,0
5558,1,0,0,0,0,0,0,0
5558,9,1,0,1,1,3,2,2
5556,1,1,1,1,0,0,0,0
5566,8,0,1,0,1,2,3,1
5569,1,0,0,0,0,0,0,0
5572,1,0,0,0,0,0,0,0
5577,1,0,0,0,0,0,0,0
5581,9,1,0,1,2,3,2,1
5581,1,0,0,0,0,0,0,0
5596,1,0,0,0,0,0,0,0
5598,15,0,1,0,3,4,5,2
5598,1,1,1,1,0,0,0,0
5597,3,0,0,0,0,1,1,0
5597,2,1,0,1,0,1,0,0
5598,1,0,0,0,0,0,0,0
5599,5,0,1,0,1,1,2,0
5606,1,1,1,1,0,0,0,0
5608,1,0,0,0,0,0,0,0
5608,9,1,0,1,2,3,2,1
5610,2,0,1,0,0,0,1,0
5620,1,0,0,0,0,0,0,0
5622,4,0,0,0,0,1,1,1
5622,1,1,1,1,0,0,0,0
5623,1,0,0,0,0,0,0,0
5624,99,0,1,0,17,32,33,16
5629,2,0,1,0,0,0,1,0
5637,1,0,0,0,0,0,0,0
5639,1,1,1,1,0,0,0,0
5642,1,1,1,1,0,0,0,0
5644,3,1,0,1,0,1,0,1
5645,32,1,0,1,5,11,10,5
5645,6,0,1,0,1,1,2,1
5646,1,1,1,1,0,0,0,0
5648,1,0,0,0,0,0,0,0
5650,4,0,0,0,0,1,1,1
5650,1,1,1,1,0,0,0,0
5651,121,1,0,1,21,40,39,20
5651,1,0,0,0,0,0,0,0
5650,12,1,0,1,2,4,3,2
5650,2,0,1,0,0,0,1,0
5651,1,1,1,1,0,0,0,0
5653,12,1,0,1,2,4,3,2
5653,1,0,0,0,0,0,0,0
5654,1,1,1,1,0,0,0,0
5659,9,1,0,1,1,3,2,2
5661,1,0,0,0,0,0,0,0
5666,1,0,0,0,0,0,0,0
5672,2,0,1,0,0,0,1,0
5675,226,0,1,0,38,75,76,36
5675,17,1,0,1,2,6,5,3
5675,1,0,0,0,0,0,0,0
5679,1,1,1,1,0,0,0,0
5679,226,0,1,0,38,75,76,36
5678,220,0,1,0,37,73,74,35
5677,44,0,1,0,7,14,15,7
5677,1,1,1,1,0,0,0,0
5680,1,1,1,1,0,0,0,0
5684,2,0,1,0,0,0,1,0
5685,1,1,1,1,0,0,0,0
5688,1,1,1,1,0,0,0,0
5690,1,0,0,0,0,0,0,0
5690,9,1,0,1,1,3,2,2
5689,3,1,1,1,0,1,1,0
5689,2,0,1,0,0,0,1,0
5690,5,0,1,0,0,1,2,1
5690,1,1,1,1,0,0,0,0
5689,1,0,0,0,0,0,0,0
5691,29,0,1,0,4,9,10,5
5697,1,0,0,0,0,0,0,0
5703,35,0,1,0,5,11,12,6
5704,8,0,1,0,1,2,3,1
5705,1,1,1,1,0,0,0,0
5707,3,1,0,1,0,1,0,1
5708,6,0,1,0,1,1,2,1
5709,2,0,1,0,0,0,1,0
5716,2,1,0,1,0,1,0,0
5717,1,0,0,0,0,0,0,0
5720,1,0,0,0,0,0,0,0
5721,3,0,0,0,0,1,1,0
5725,1,1,1,1,0,0,0,0
5727,3,1,0,1,0,1,0,1
5729,1,0,0,0,0,0,0,0
5730,14,0,1,0,2,4,5,2
5733,1,0,0,0,0,0,0,0
5737,1,0,0,0,0,0,0,0
5737,4,1,1,1,1,1,1,0
5740,1,1,1,1,0,0,0,0
5742,6,1,0,1,1,2,1,1
5742,1,0,0,0,0,0,0,0
5741,40,1,0,1,5,14,13,7
5739,2,0,1,0,0,0,1,0
5742,6,1,0,1,1,2,1,1
5743,10,1,1,1,2,3,3,1
5743,1,0,0,0,0,0,0,0
5741,1,1,1,1,0,0,0,0
5743,10,1,1,1,2,3,3,1
5743,3,0,0,0,0,1,1,0
5742,1,0,0,0,0,0,0,0
5741,20,1,0,1,3,7,6,3
5739,1,0,0,0,0,0,0,0
5738,1,1,1,1,0,0,0,0
5740,3,1,0,1,0,1,0,1
5743,7,1,1,1,1,2,2,1
5744,20,1,0,1,3,7,6,3
5747,1,1,1,1,0,0,0,0
5747,6,0,1,0,1,1,2,1
5746,3,0,0,0,0,1,1,0
5745,1,0,0,0,0,0,0,0
5742,1,0,0,0,0,0,0,0
5741,40,1,0,1,5,14,13,7
5743,7,1,1,1,1,2,2,1
5744,2,1,0,1,0,1,0,0
5747,1,1,1,1,0,0,0,0
5747,6,0,1,0,1,1,2,1
5750,1,0,0,0,0,0,0,0
5751,5,0,1,0,1,1,2,0
5756,1,0,0,0,0,0,0,0
5761,1,0,0,0,0,0,0,0
5764,1,0,0,0,0,0,0,0
5766,1,1,1,1,0,0,0,0
5766,11,0,1,0,2,3,4,1
5765,3,0,0,0,0,1,1,0
5765,2,1,0,1,0,1,0,0
5765,5,0,1,0,1,1,2,0
5765,1,1,1,1,0,0,0,0
5768,11,0,1,0,2,3,4,1
5772,8,1,0,1,1,3,2,1
5772,1,0,0,0,0,0,0,0
5774,3,1,1,1,0,1,1,0
5779,1,0,0,0,0,0,0,0
5781,4,0,0,0,0,1,1,1
5781,1,1,1,1,0,0,0,0
5784,1,1,1,1,0,0,0,0
5786,1,0,0,0,0,0,0,0
5789,1,0,0,0,0,0,0,0
5792,7,0,1,0,2,1,2,1
5799,1,1,1,1,0,0,0,0
5803,1,1,1,1,0,0,0,0
5811,9,1,0,1,1,3,2,2
5812,6,0,1,0,1,1,2,1
5813,2,0,1,0,0,0,1,0
5814,70,0,1,0,10,23,24,12
5814,1,1,1,1,0,0,0,0
5812,6,0,1,0,1,1,2,1
5818,12,0,1,0,2,3,4,2
5819,19,0,1,0,3,5,6,4
5819,1,1,1,1,0,0,0,0
5818,1,0,0,0,0,0,0,0
5823,1,0,0,0,0,0,0,0
5824,39,0,1,0,7,12,13,6
5828,1,1,1,1,0,0,0,0
5835,25,0,1,0,4,7,8,5
5835,1,1,1,1,0,0,0,0
5838,1,1,1,1,0,0,0,0
5839,12,1,0,1,2,4,3,2
5840,1,0,0,0,0,0,0,0
5841,6,0,1,0,1,1,2,1
5843,26,0,1,0,5,7,8,5
5846,2,0,1,0,0,0,1,0
5847,1,1,1,1,0,0,0,0
5851,1,0,0,0,0,0,0,0
5857,2,0,1,0,0,0,1,0
5858,1,1,1,1,0,0,0,0
5865,6,0,1,0,1,1,2,1
5865,1,1,1,1,0,0,0,0
5865,3,0,1,0,1,0,1,0
5866,6,1,0,1,1,2,1,1
5867,2,1,0,1,0,1,0,0
5868,1,0,0,0,0,0,0,0
5872,1,1,1,1,0,0,0,0
5874,1,0,0,0,0,0,0,0
5878,2,1,0,1,0,1,0,0
5881,1,1,1,1,0,0,0,0
5886,1,0,0,0,0,0,0,0
5886,6,1,0,1,1,2,1,1
5887,6,0,1,0,1,1,2,1
5888,2,0,1,0,0,0,1,0
5889,1,1,1,1,0,0,0,0
5890,200,0,1,0,33,66,67,33
5893,3,1,1,1,0,1,1,0
5894,1,0,0,0,0,0,0,0
5896,1,1,1,1,0,0,0,0
5898,206,1,0,1,34,69,68,34
5898,1,0,0,0,0,0,0,0
5897,203,1,0,1,33,68,67,34
5898,2,1,0,1,0,1,0,0
5902,1,0,0,0,0,0,0,0
5903,20,1,0,1,3,7,6,3
5903,3,0,0,0,0,1,1,0
5903,2,1,0,1,0,1,0,0
5904,1,0,0,0,0,0,0,0
5906,22,0,1,0,3,7,8,3
5906,1,1,1,1,0,0,0,0
5905,5,0,1,0,1,1,2,0
5902,208,1,0,1,34,70,69,34
5900,206,1,0,1,34,69,68,34
5899,1,0,0,0,0,0,0,0
5897,203,1,0,1,33,68,67,34
5897,1,0,0,0,0,0,0,0
5897,206,1,1,1,34,69,69,33
5892,1,1,1,1,0,0,0,0
5901,206,0,0,0,33,69,69,34
5901,3,1,1,1,0,1,1,0
5900,1,1,1,1,0,0,0,0
5901,1,0,0,0,0,0,0,0
5905,2,1,0,1,0,1,0,0
5906,1,0,0,0,0,0,0,0
5907,22,1,0,1,3,8,7,3
5908,120,0,1,0,19,40,41,19
5910,5,0,1,0,1,1,2,0
5910,2,1,0,1,0,1,0,0
5909,8,1,0,1,1,3,2,1
5905,1,1,1,1,0,0,0,0
5906,22,0,1,0,3,7,8,3
5907,11,1,0,1,1,4,3,2
5907,8,0,0,0,0,3,3,1
5904,1,0,0,0,0,0,0,0
5906,22,0,1,0,3,7,8,3
5906,1,1,1,1,0,0,0,0
5905,3,0,0,0,0,1,1,0
5902,208,1,0,1,34,70,69,34
5901,2,0,1,0,0,0,1,0
5906,2,0,1,0,0,0,1,0
5906,5,1,0,1,0,2,1,1
5906,1,0,0,0,0,0,0,0
5907,11,1,0,1,1,4,3,2
5908,22,0,1,0,3,7,8,3
5911,1,0,0,0,0,0,0,0
5914,1,0,0,0,0,0,0,0
5915,22,1,0,1,3,8,7,3
5915,3,0,0,0,0,1,1,0
5915,2,1,0,1,0,1,0,0
5915,5,0,1,0,1,1,2,0
5914,8,1,0,1,1,3,2,1
5913,8,0,1,0,1,2,3,1
5913,1,1,1,1,0,0,0,0
5910,2,1,0,1,0,1,0,0
5912,1,0,0,0,0,0,0,0
5913,8,0,1,0,1,2,3,1
5913,25,1,0,1,3,9,8,4
5911,13,1,0,1,1,5,4,2
5910,1,1,1,1,0,0,0,0
5905,1,1,1,1,0,0,0,0
5907,11,1,0,1,1,4,3,2
5907,1,0,0,0,0,0,0,0
5906,3,1,1,1,0,1,1,0
5904,1,0,0,0,0,0,0,0
5907,11,1,0,1,1,4,3,2
5908,1,0,0,0,0,0,0,0
5911,1,0,0,0,0,0,0,0
5913,3,0,1,0,1,0,1,0
5913,121,1,1,1,19,41,41,19
5922,1,1,1,1,0,0,0,0
5923,7,0,0,0,1,2,2,1
5926,3,1,1,1,0,1,1,0
5927,6,1,0,1,1,2,1,1
5927,1,0,0,0,0,0,0,0
5925,1,1,1,1,0,0,0,0
5927,6,1,0,1,1,2,1,1
5930,2,1,0,1,0,1,0,0
5931,1,0,0,0,0,0,0,0
5936,1,1,1,1,0,0,0,0
5938,1,0,0,0,0,0,0,0
5940,1,1,1,1,0,0,0,0
5940,15,0,1,0,3,4,5,2
5942,1,1,1,1,0,0,0,0
5946,1,1,1,1,0,0,0,0
5946,71,0,1,0,12,23,24,11
5947,6,1,0,1,1,2,1,1
5948,12,0,0,0,2,4,4,1
5948,2,1,0,1,0,1,0,0
5948,12,0,0,0,2,4,4,1
5950,6,1,0,1,1,2,1,1
5953,1,1,1,1,0,0,0,0
5955,4,1,1,1,1,1,1,0
5955,1,0,0,0,0,0,0,0
5955,75,1,0,1,13,25,24,12
5957,2,0,1,0,0,0,1,0
5957,81,1,0,1,14,27,26,13
5956,7,0,0,0,1,2,2,1
5953,9,1,0,1,2,3,2,1
5954,1,0,0,0,0,0,0,0
5956,1,1,1,1,0,0,0,0
5956,7,0,0,0,1,2,2,1
5961,18,0,1,0,4,5,6,2
5961,1,1,1,1,0,0,0,0
5962,1,0,0,0,0,0,0,0
5963,3,0,0,0,0,1,1,0
5964,1,1,1,1,0,0,0,0
5964,9,0,1,0,2,2,3,1
5964,5,1,0,1,1,2,1,0
5964,1,0,0,0,0,0,0,0
5963,2,1,0,1,0,1,0,0
5962,18,1,0,1,4,6,5,2
5959,1,0,0,0,0,0,0,0
5958,2,1,0,1,0,1,0,0
5959,18,1,0,1,4,6,5,2
5959,7,0,0,0,1,2,2,1
5958,1,1,1,1,0,0,0,0
5956,3,0,1,0,1,0,1,0
5951,1,0,0,0,0,0,0,0
5949,1,1,1,1,0,0,0,0
5947,1,0,0,0,0,0,0,0
5944,1,0,0,0,0,0,0,0
5943,246,1,0,1,41,83,82,39
5942,2,1,0,1,0,1,0,0
5943,1,0,0,0,0,0,0,0
5945,1,1,1,1,0,0,0,0
5947,71,1,0,1,12,24,23,11
5948,12,0,0,0,2,4,4,1
5949,2,0,1,0,0,0,1,0
5950,1,1,1,1,0,0,0,0
5953,1,1,1,1,0,0,0,0
5959,83,1,0,1,14,28,27,13
5959,1,0,0,0,0,0,0,0
5958,38,1,1,1,6,13,13,5
5957,1,1,1,1,0,0,0,0
5958,1,0,0,0,0,0,0,0
5959,83,1,0,1,14,28,27,13
5963,1,0,0,0,0,0,0,0
5970,3,1,0,1,0,1,0,1
5976,1,0,0,0,0,0,0,0
5977,6,0,1,0,1,1,2,1
5980,4,1,1,1,1,1,1,0
5980,1,0,0,0,0,0,0,0
5983,1,0,0,0,0,0,0,0
5985,18,1,0,1,3,6,5,3
5993,1,1,1,1,0,0,0,0
5994,3,1,1,1,0,1,1,0
5994,10,0,0,0,1,3,3,2
5992,18,0,0,0,2,6,6,3
5994,1,1,1,1,0,0,0,0
5994,10,0,0,0,1,3,3,2
5993,18,0,1,0,3,5,6,3
5992,1,0,0,0,0,0,0,0
5990,1,1,1,1,0,0,0,0
5989,35,0,1,0,6,11,12,5
5988,3,0,1,0,1,0,1,0
5988,1,1,1,1,0,0,0,0
5993,1,1,1,1,0,0,0,0
5997,1,0,0,0,0,0,0,0
6000,1,0,0,0,0,0,0,0
6002,12,0,1,0,2,3,4,2
6002,1,1,1,1,0,0,0,0
6001,3,0,0,0,0,1,1,0
6001,2,1,0,1,0,1,0,0
6002,1,0,0,0,0,0,0,0
6006,5,0,1,0,1,1,2,0
6006,2,1,0,1,0,1,0,0
6005,8,1,0,1,1,3,2,1
6005,1,0,0,0,0,0,0,0
6006,3,0,0,0,0,1,1,0
6008,41,1,0,1,7,14,13,6
6011,1,1,1,1,0,0,0,0
6022,73,1,0,1,12,25,24,11
6023,1,0,0,0,0,0,0,0
6024,3,0,0,0,0,1,1,0
6028,55,1,0,1,9,19,18,8
6029,1,0,0,0,0,0,0,0
6030,17,0,1,0,3,5,6,2
6031,6,0,1,0,1,1,2,1
6031,1,1,1,1,0,0,0,0
6028,1,1,1,1,0,0,0,0
6030,1,0,0,0,0,0,0,0
6031,6,0,1,0,1,1,2,1
6031,113,1,0,1,19,38,37,18
6030,30,0,0,0,4,10,10,5
6030,3,1,0,1,0,1,0,1
6027,1,0,0,0,0,0,0,0
6031,1,0,0,0,0,0,0,0
6031,4,1,1,1,1,1,1,0
6034,1,1,1,1,0,0,0,0
6036,6,1,0,1,1,2,1,1
6036,1,0,0,0,0,0,0,0
6039,1,0,0,0,0,0,0,0
6045,1,0,0,0,0,0,0,0
6047,1,1,1,1,0,0,0,0
6051,4,0,0,0,0,1,1,1
6051,1,1,1,1,0,0,0,0
6050,6,0,1,0,1,1,2,1
6049,1,0,0,0,0,0,0,0
6048,9,1,0,1,1,3,2,2
6046,121,0,1,0,20,40,41,19
6052,3,1,1,1,0,1,1,0
6058,1,1,1,1,0,0,0,0
6071,1,1,1,1,0,0,0,0
6073,1,0,0,0,0,0,0,0
6075,1,1,1,1,0,0,0,0
6077,6,0,0,0,0,2,2,1
6078,1,1,1,1,0,0,0,0
6082,1,1,1,1,0,0,0,0
6086,1,0,0,0,0,0,0,0
6090,1,1,1,1,0,0,0,0
6092,9,1,0,1,1,3,2,2
6092,20,0,1,0,2,6,7,4
6091,6,0,1,0,1,1,2,1
6090,2,1,0,1,0,1,0,0
6093,1,1,1,1,0,0,0,0
6095,1,0,0,0,0,0,0,0
6098,1,0,0,0,0,0,0,0
6100,3,0,1,0,1,0,1,0
6102,2,1,0,1,0,1,0,0
6103,1,0,0,0,0,0,0,0
6104,9,1,0,1,2,3,2,1
6110,1,1,1,1,0,0,0,0
6111,59,0,1,0,9,19,20,10
6111,3,1,1,1,0,1,1,0
6111,2,0,1,0,0,0,1,0
6112,1,1,1,1,0,0,0,0
6116,1,1,1,1,0,0,0,0
6119,1,1,1,1,0,0,0,0
6121,1,0,0,0,0,0,0,0
6125,2,1,0,1,0,1,0,0
6126,1,0,0,0,0,0,0,0
6130,2,1,0,1,0,1,0,0
6133,1,1,1,1,0,0,0,0
6135,1,0,0,0,0,0,0,0
6137,1,1,1,1,0,0,0,0
6139,1,0,0,0,0,0,0,0
6139,4,1,1,1,1,1,1,0
6144,6,1,0,1,1,2,1,1
6144,1,0,0,0,0,0,0,0
6145,1,1,1,1,0,0,0,0
6146,3,1,1,1,0,1,1,0
6147,1,0,0,0,0,0,0,0
6149,30,0,0,0,4,10,10,5
6149,1,1,1,1,0,0,0,0
6149,12,0,1,0,2,3,4,2
6151,2,1,0,1,0,1,0,0
6152,1,0,0,0,0,0,0,0
6155,1,0,0,0,0,0,0,0
6161,1,0,0,0,0,0,0,0
6161,23,1,0,1,4,8,7,3
6161,2,0,1,0,0,0,1,0
6166,2,0,1,0,0,0,1,0
6167,1,1,1,1,0,0,0,0
6168,5,1,0,1,0,2,1,1
6168,26,0,1,0,4,8,9,4
6165,61,0,1,0,9,20,21,10
6165,1,1,1,1,0,0,0,0
6167,26,1,0,1,4,9,8,4
6167,1,0,0,0,0,0,0,0
6166,3,1,1,1,0,1,1,0
6163,12,0,1,0,2,3,4,2
6162,1,1,1,1,0,0,0,0
6162,1,0,0,0,0,0,0,0
6167,26,1,0,1,4,9,8,4
6172,26,0,1,0,4,8,9,4
6172,1,1,1,1,0,0,0,0
6173,1,0,0,0,0,0,0,0
6177,5,0,1,0,1,1,2,0
6177,2,1,0,1,0,1,0,0
6176,18,1,1,1,3,6,6,2
6176,1,0,0,0,0,0,0,0
6177,3,0,0,0,0,1,1,0
6178,1,1,1,1,0,0,0,0
6180,1,0,0,0,0,0,0,0
6182,130,0,1,0,21,43,44,21
6182,1,1,1,1,0,0,0,0
6185,1,1,1,1,0,0,0,0
6186,9,1,0,1,2,3,2,1
6187,151,1,0,1,25,51,50,24
6187,1,0,0,0,0,0,0,0
6186,9,1,0,1,2,3,2,1
6187,2,1,0,1,0,1,0,0
6191,1,0,0,0,0,0,0,0
6195,151,1,0,1,25,51,50,24
6199,1,1,1,1,0,0,0,0
6204,1,1,1,1,0,0,0,0
6205,6,0,1,0,1,1,2,1
6212,2,1,0,1,0,1,0,0
6215,1,1,1,1,0,0,0,0
6215,8,0,1,0,1,2,3,1
6216,8,1,0,1,1,3,2,1
6217,5,0,1,0,1,1,2,0
6217,2,1,0,1,0,1,0,0
6217,3,0,0,0,0,1,1,0
6218,1,1,1,1,0,0,0,0
6224,44,1,0,1,8,15,14,6
6226,1,0,0,0,0,0,0,0
6229,6,1,0,1,1,2,1,1
6230,1,0,0,0,0,0,0,0
6235,1,1,1,1,0,0,0,0
6237,3,1,0,1,0,1,0,1
6239,2,0,1,0,0,0,1,0
6240,1,1,1,1,0,0,0,0
6242,1,0,0,0,0,0,0,0
6244,1,1,1,1,0,0,0,0
6248,4,0,0,0,0,1,1,1
6248,1,1,1,1,0,0,0,0
6259,1,1,1,1,0,0,0,0
6260,3,1,1,1,0,1,1,0
6261,1,0,0,0,0,0,0,0
6265,2,1,0,1,0,1,0,0
6267,273,1,0,1,45,92,91,44
6270,3,0,0,0,0,1,1,0
6271,1,1,1,1,0,0,0,0
6274,276,0,1,0,46,92,93,44
6275,1,1,1,1,0,0,0,0
6277,1,0,0,0,0,0,0,0
6277,4,1,1,1,1,1,1,0
6277,12,0,1,0,2,3,4,2
6278,1,1,1,1,0,0,0,0
6284,1,1,1,1,0,0,0,0
6291,1,1,1,1,0,0,0,0
6296,18,0,1,0,3,5,6,3
6296,7,1,1,1,1,2,2,1
6295,1,0,0,0,0,0,0,0
6300,202,1,0,1,33,68,67,33
6300,2,0,1,0,0,0,1,0
6301,9,1,0,1,1,3,2,2
6303,1,0,0,0,0,0,0,0
6309,1,1,1,1,0,0,0,0
6311,4,1,1,1,1,1,1,0
6311,1,0,0,0,0,0,0,0
6312,1,1,1,1,0,0,0,0
6321,6,0,1,0,1,1,2,1
6322,2,0,1,0,0,0,1,0
6327,2,0,1,0,0,0,1,0
6328,1,1,1,1,0,0,0,0
6329,5,1,0,1,0,2,1,1
6331,9,1,0,1,1,3,2,2
6334,2,1,0,1,0,1,0,0
6337,1,1,1,1,0,0,0,0
6339,18,1,1,1,2,6,6,3
6341,1,0,0,0,0,0,0,0
6341,294,1,0,1,48,99,98,48
6341,2,0,1,0,0,0,1,0
6341,11,1,0,1,1,4,3,2
6338,37,0,0,0,5,12,12,7
6339,1,1,1,1,0,0,0,0
6341,1,0,0,0,0,0,0,0
6341,294,1,0,1,48,99,98,48
6343,2,0,1,0,0,0,1,0
6344,1,1,1,1,0,0,0,0
6348,2,0,1,0,0,0,1,0
6348,5,1,0,1,0,2,1,1
6347,8,0,1,0,1,2,3,1
6347,1,1,1,1,0,0,0,0
6349,1,0,0,0,0,0,0,0
6351,26,0,1,0,3,8,9,5
6351,1,1,1,1,0,0,0,0
6352,1,0,0,0,0,0,0,0
6360,30,1,0,1,4,10,9,6
6362,2,0,1,0,0,0,1,0
6368,1,0,0,0,0,0,0,0
6381,1,1,1,1,0,0,0,0
6392,2,0,1,0,0,0,1,0
6392,9,1,0,1,1,3,2,2
6392,1,0,0,0,0,0,0,0
6395,1,0,0,0,0,0,0,0
6396,69,1,0,1,10,23,22,13
6396,3,0,0,0,0,1,1,0
6394,32,1,0,1,4,11,10,6
6394,6,0,1,0,1,1,2,1
6394,1,1,1,1,0,0,0,0
6391,1,1,1,1,0,0,0,0
6391,9,0,1,0,1,2,3,2
6390,1,0,0,0,0,0,0,0
6394,1,0,0,0,0,0,0,0
6394,4,1,1,1,1,1,1,0
6396,69,1,0,1,10,23,22,13
6396,1,0,0,0,0,0,0,0
6397,1,1,1,1,0,0,0,0
6399,6,1,0,1,1,2,1,1
6399,1,0,0,0,0,0,0,0
6401,3,1,1,1,0,1,1,0
6402,1,0,0,0,0,0,0,0
6405,1,0,0,0,0,0,0,0
6407,22,0,1,0,3,6,7,5
6407,1,1,1,1,0,0,0,0
6407,3,0,1,0,1,0,1,0
6409,2,1,0,1,0,1,0,0
6410,1,0,0,0,0,0,0,0
6412,1,1,1,1,0,0,0,0
6419,3,0,1,0,1,0,1,0
6422,9,0,1,0,2,2,3,1
6425,3,1,1,1,0,1,1,0
6426,6,1,0,1,1,2,1,1
6426,1,0,0,0,0,0,0,0
6424,1,1,1,1,0,0,0,0
6424,15,0,1,0,3,4,5,2
6426,1,1,1,1,0,0,0,0
6429,1,1,1,1,0,0,0,0
6435,1,0,0,0,0,0,0,0
6439,2,1,0,1,0,1,0,0
6442,368,1,0,1,59,124,123,61
6445,1,1,1,1,0,0,0,0
6447,1,0,0,0,0,0,0,0
6456,6,1,0,1,1,2,1,1
6457,2,1,0,1,0,1,0,0
6458,1,0,0,0,0,0,0,0
6460,1,1,1,1,0,0,0,0
6466,11,1,0,1,2,4,3,1
6469,1,1,1,1,0,0,0,0
6469,15,0,1,0,3,4,5,2
6468,3,0,0,0,0,1,1,0
6467,1,0,0,0,0,0,0,0
6466,1,1,1,1,0,0,0,0
6469,1,1,1,1,0,0,0,0
6471,6,1,0,1,1,2,1,1
6471,1,0,0,0,0,0,0,0
6471,3,1,0,1,0,1,0,1
6472,6,0,1,0,1,1,2,1
6472,380,1,0,1,61,128,127,63
6469,8,1,0,1,1,3,2,1
6469,15,0,1,0,3,4,5,2
6471,6,1,0,1,1,2,1,1
6472,1,0,0,0,0,0,0,0
6472,4,1,1,1,1,1,1,0
6470,1,1,1,1,0,0,0,0
6469,15,0,1,0,3,4,5,2
6468,1,0,0,0,0,0,0,0
6464,1,0,0,0,0,0,0,0
6466,26,1,0,1,4,9,8,4
6469,1,1,1,1,0,0,0,0
6472,6,0,1,0,1,1,2,1
6473,1,1,1,1,0,0,0,0
6473,4,0,0,0,0,1,1,1
6471,1,0,0,0,0,0,0,0
6474,3,1,0,1,0,1,0,1
6477,60,1,0,1,9,20,19,11
6478,386,1,0,1,62,130,129,64
6478,12,0,1,0,2,3,4,2
6476,1,0,0,0,0,0,0,0
6477,1,1,1,1,0,0,0,0
6481,1,0,0,0,0,0,0,0
6482,9,1,0,1,1,3,2,2
6484,1,0,0,0,0,0,0,0
6485,3,0,0,0,0,1,1,0
6489,24,0,0,0,3,8,8,4
6491,1,1,1,1,0,0,0,0
6491,11,0,1,0,1,3,4,2
6490,2,0,1,0,0,0,1,0
6491,3,1,0,1,0,1,0,1
6491,11,0,1,0,1,3,4,2
6492,6,0,1,0,1,1,2,1
6493,1,1,1,1,0,0,0,0
6495,1,0,0,0,0,0,0,0
6497,4,0,0,0,0,1,1,1
6497,1,1,1,1,0,0,0,0
6498,1,0,0,0,0,0,0,0
6500,1,1,1,1,0,0,0,0
6504,1,1,1,1,0,0,0,0
6506,4,1,1,1,1,1,1,0
6506,1,0,0,0,0,0,0,0
6507,1,1,1,1,0,0,0,0
6516,6,0,1,0,1,1,2,1
6518,1,1,1,1,0,0,0,0
6521,13,1,0,1,2,4,3,3
6524,16,1,0,1,3,5,4,3
6527,2,1,0,1,0,1,0,0
6532,3,0,0,0,0,1,1,0
6539,1,0,0,0,0,0,0,0
6539,4,1,1,1,1,1,1,0
6541,9,1,0,1,2,3,2,1
6541,1,0,0,0,0,0,0,0
6542,1,1,1,1,0,0,0,0
6546,3,1,1,1,0,1,1,0
6556,9,1,0,1,1,3,2,2
6557,30,0,1,0,5,9,10,5
6558,2,0,1,0,0,0,1,0
6559,1,1,1,1,0,0,0,0
6560,6,0,1,0,1,1,2,1
6570,1,0,0,0,0,0,0,0
6577,1,1,1,1,0,0,0,0
6580,1,1,1,1,0,0,0,0
6582,1,0,0,0,0,0,0,0
6584,30,0,1,0,5,9,10,5
6586,2,1,0,1,0,1,0,0
6590,129,1,0,1,20,43,42,23
6591,2,1,0,1,0,1,0,0
6596,26,1,0,1,4,9,8,4
6599,1,1,1,1,0,0,0,0
6600,26,0,1,0,4,8,9,4
6603,2,0,1,0,0,0,1,0
6604,1,1,1,1,0,0,0,0
6605,5,1,0,1,0,2,1,1
6606,1,0,0,0,0,0,0,0
6613,1,1,1,1,0,0,0,0
6615,9,1,1,1,1,3,3,1
6615,1,0,0,0,0,0,0,0
6616,1,1,1,1,0,0,0,0
6617,3,1,1,1,0,1,1,0
6618,1,0,0,0,0,0,0,0
6619,138,1,0,1,21,46,45,25
6621,1,0,0,0,0,0,0,0
6625,2,1,0,1,0,1,0,0
6626,1,0,0,0,0,0,0,0
6627,28,0,1,0,4,9,10,4
6628,1,1,1,1,0,0,0,0
6634,2,1,0,1,0,1,0,0
6638,9,0,1,0,2,2,3,1
6638,40,1,0,1,6,14,13,6
6637,1,1,1,1,0,0,0,0
6638,1,0,0,0,0,0,0,0
6639,3,0,0,0,0,1,1,0
6639,9,1,0,1,2,3,2,1
6640,1,0,0,0,0,0,0,0
6641,5,0,1,0,1,1,2,0
6641,46,1,0,1,7,16,15,7
6639,2,1,0,1,0,1,0,0
6638,40,1,0,1,6,14,13,6
6635,1,0,0,0,0,0,0,0
6634,1,1,1,1,0,0,0,0
6639,1,0,0,0,0,0,0,0
6639,6,1,0,1,1,2,1,1
6638,3,1,1,1,0,1,1,0
6637,1,1,1,1,0,0,0,0
6638,1,0,0,0,0,0,0,0
6638,6,1,1,1,1,2,2,0
6638,2,0,1,0,0,0,1,0
6638,31,1,0,1,4,11,10,5
6638,9,0,1,0,2,2,3,1
6638,6,1,1,1,1,2,2,0
6640,1,0,0,0,0,0,0,0
6643,1,0,0,0,0,0,0,0
6645,3,0,1,0,1,0,1,0
6647,2,1,0,1,0,1,0,0
6648,1,0,0,0,0,0,0,0
6652,2,1,0,1,0,1,0,0
6653,5,1,0,1,1,2,1,0
6653,1,0,0,0,0,0,0,0
6652,1,1,1,1,0,0,0,0
6656,2,0,1,0,0,0,1,0
6659,1,0,0,0,0,0,0,0
6661,295,0,0,0,47,99,99,49
6663,2,1,0,1,0,1,0,0
6673,1,0,0,0,0,0,0,0
6675,1,1,1,1,0,0,0,0
6675,23,0,1,0,4,7,8,3
6678,1,0,0,0,0,0,0,0
6680,1,1,1,1,0,0,0,0
6680,9,0,0,0,1,3,3,1
6679,5,0,1,0,1,1,2,0
6677,2,1,0,1,0,1,0,0
6676,23,1,0,1,4,8,7,3
6676,1,0,0,0,0,0,0,0
6677,3,0,0,0,0,1,1,0
6680,312,1,1,1,50,105,105,51
6680,9,0,0,0,1,3,3,1
6684,4,1,1,1,1,1,1,0
6684,1,0,0,0,0,0,0,0
6685,1,1,1,1,0,0,0,0
6692,1,1,1,1,0,0,0,0
6696,1,1,1,1,0,0,0,0
6698,4,1,1,1,1,1,1,0
6698,1,0,0,0,0,0,0,0
6699,108,0,1,0,18,35,36,18
6699,1,1,1,1,0,0,0,0
6705,1,1,1,1,0,0,0,0
6707,1,0,0,0,0,0,0,0
6709,10,0,1,0,2,2,3,2
6709,1,1,1,1,0,0,0,0
6710,1,0,0,0,0,0,0,0
6712,1,1,1,1,0,0,0,0
6712,7,0,0,0,1,2,2,1
6714,2,1,0,1,0,1,0,0
6719,2,1,0,1,0,1,0,0
6720,1,0,0,0,0,0,0,0
6720,5,1,0,1,1,2,1,0
6719,1,1,1,1,0,0,0,0
6720,9,0,1,0,2,2,3,1
6720,401,1,0,1,65,135,134,66
6718,1,0,0,0,0,0,0,0
6720,9,0,1,0,2,2,3,1
6720,1,1,1,1,0,0,0,0
6719,3,0,0,0,0,1,1,0
6716,399,1,0,1,65,134,133,66
6715,1,0,0,0,0,0,0,0
6714,1,1,1,1,0,0,0,0
6717,36,1,0,1,7,12,11,5
6718,1,0,0,0,0,0,0,0
6719,6,1,0,1,1,2,1,1
6720,9,0,1,0,2,2,3,1
6720,401,1,0,1,65,135,134,66
6717,1,1,1,1,0,0,0,0
6719,6,1,0,1,1,2,1,1
6719,1,0,0,0,0,0,0,0
6718,3,1,1,1,0,1,1,0
6715,13,0,1,0,3,3,4,2
6712,3,0,1,0,1,0,1,0
6711,2,1,0,1,0,1,0,0
6717,36,1,0,1,7,12,11,5
6717,9,0,1,0,2,2,3,1
6716,1,1,1,1,0,0,0,0
6718,5,0,1,0,1,1,2,0
6718,9,1,0,1,2,3,2,1
6717,1,0,0,0,0,0,0,0
6716,2,1,0,1,0,1,0,0
6716,3,0,0,0,0,1,1,0
6716,399,1,0,1,65,134,133,66
6715,1,0,0,0,0,0,0,0
6714,1,1,1,1,0,0,0,0
6717,36,1,0,1,7,12,11,5
6717,9,0,1,0,2,2,3,1
6717,1,1,1,1,0,0,0,0
6719,6,1,0,1,1,2,1,1
6719,1,0,0,0,0,0,0,0
6719,3,1,0,1,0,1,0,1
6720,6,0,1,0,1,1,2,1
6721,2,0,1,0,0,0,1,0
6726,1,0,0,0,0,0,0,0
6730,2,1,0,1,0,1,0,0
6730,42,0,0,0,7,14,14,6
6730,1,1,1,1,0,0,0,0
6732,1,0,0,0,0,0,0,0
6736,6,0,0,0,0,2,2,1
6737,1,1,1,1,0,0,0,0
6739,3,1,0,1,0,1,0,1
6743,1,1,1,1,0,0,0,0
6746,6,0,1,0,1,1,2,1
6747,1,1,1,1,0,0,0,0
6752,1,0,0,0,0,0,0,0
6757,1,1,1,1,0,0,0,0
6758,13,1,1,1,2,4,4,2
6761,1,1,1,1,0,0,0,0
6764,1,1,1,1,0,0,0,0
6770,1,1,1,1,0,0,0,0
6771,10,0,1,0,2,2,3,2
6773,6,0,1,0,1,1,2,1
6774,2,0,1,0,0,0,1,0
6783,3,0,0,0,0,1,1,0
6786,8,0,1,0,1,2,3,1
6789,3,1,0,1,0,1,0,1
6790,6,0,1,0,1,1,2,1
6791,2,0,1,0,0,0,1,0
6792,1,1,1,1,0,0,0,0
6794,1,0,0,0,0,0,0,0
6801,3,1,0,1,0,1,0,1
6804,9,1,0,1,1,3,2,2
6806,17,0,1,0,2,5,6,3
6806,30,1,0,1,4,10,9,6
6806,1,0,0,0,0,0,0,0
6808,6,0,1,0,1,1,2,1
6808,1,1,1,1,0,0,0,0
6807,3,0,0,0,0,1,1,0
6803,1,0,0,0,0,0,0,0
6804,1,1,1,1,0,0,0,0
6808,2,0,1,0,0,0,1,0
6809,5,0,1,0,0,1,2,1
6809,1,1,1,1,0,0,0,0
6808,1,0,0,0,0,0,0,0
6812,3,0,0,0,0,1,1,0
6814,21,0,1,0,3,6,7,4
6817,224,1,0,1,36,75,74,38
6817,1,0,0,0,0,0,0,0
6818,1,1,1,1,0,0,0,0
6818,11,0,1,0,1,3,4,2
6817,2,0,1,0,0,0,1,0
6818,3,1,0,1,0,1,0,1
6818,11,0,1,0,1,3,4,2
6819,6,0,1,0,1,1,2,1
6820,1,1,1,1,0,0,0,0
6822,1,0,0,0,0,0,0,0
6823,36,0,1,0,5,11,12,7
6824,4,0,0,0,0,1,1,1
6824,1,1,1,1,0,0,0,0
6823,36,0,1,0,5,11,12,7
6824,2,0,1,0,0,0,1,0
6824,24,1,0,1,3,8,7,5
6822,24,1,0,1,3,8,7,5
6818,1,0,0,0,0,0,0,0
6816,1,1,1,1,0,0,0,0
6813,1,1,1,1,0,0,0,0
6811,1,0,0,0,0,0,0,0
6814,1,0,0,0,0,0,0,0
6817,224,1,0,1,36,75,74,38
6817,1,0,0,0,0,0,0,0
6818,1,1,1,1,0,0,0,0
6818,6,0,0,0,0,2,2,1
6818,2,1,0,1,0,1,0,0
6818,224,0,1,0,36,74,75,38
6823,1,0,0,0,0,0,0,0
6827,3,0,0,0,0,1,1,0
6828,6,0,1,0,1,1,2,1
6828,1,1,1,1,0,0,0,0
6826,1,0,0,0,0,0,0,0
6825,17,1,0,1,2,6,5,3
6824,24,1,0,1,3,8,7,5
6823,2,0,1,0,0,0,1,0
6827,20,0,1,0,2,6,7,4
6831,1,1,1,1,0,0,0,0
6834,9,0,1,0,1,2,3,2
6837,1,0,0,0,0,0,0,0
6840,1,0,0,0,0,0,0,0
6844,1,0,0,0,0,0,0,0
6846,49,1,1,1,7,16,16,9
6849,1,1,1,1,0,0,0,0
6850,7,0,1,0,2,1,2,1
6853,2,0,1,0,0,0,1,0
6858,2,0,1,0,0,0,1,0
6863,1,1,1,1,0,0,0,0
6867,2,0,1,0,0,0,1,0
6876,1,0,0,0,0,0,0,0
6879,1,0,0,0,0,0,0,0
6887,1,1,1,1,0,0,0,0
6888,7,0,0,0,1,2,2,1
6891,2,0,1,0,0,0,1,0
6892,1,1,1,1,0,0,0,0
6895,18,0,0,0,2,6,6,3
6899,12,0,1,0,2,3,4,2
6900,1,1,1,1,0,0,0,0
6900,4,0,0,0,0,1,1,1
6898,1,0,0,0,0,0,0,0
6905,9,0,1,0,1,2,3,2
6908,3,1,1,1,0,1,1,0
6911,1,1,1,1,0,0,0,0
6917,21,0,1,0,3,6,7,4
6927,76,0,1,0,11,24,25,15
6930,1,0,0,0,0,0,0,0
6934,1,0,0,0,0,0,0,0
6935,40,1,0,1,6,13,12,8
6937,40,1,1,1,6,13,13,7
6938,2,1,0,1,0,1,0,0
6942,1,0,0,0,0,0,0,0
6944,1,1,1,1,0,0,0,0
6948,1,1,1,1,0,0,0,0
6952,9,1,0,1,2,3,2,1
6952,1,0,0,0,0,0,0,0
6951,15,1,0,1,3,5,4,2
6953,3,1,0,1,0,1,0,1
6955,1,0,0,0,0,0,0,0
6966,3,1,0,1,0,1,0,1
6968,2,0,1,0,0,0,1,0
6969,1,1,1,1,0,0,0,0
6972,1,1,1,1,0,0,0,0
6973,3,1,1,1,0,1,1,0
6974,1,0,0,0,0,0,0,0
6974,9,1,0,1,1,3,2,2
6974,5,0,1,0,0,1,2,1
6974,1,1,1,1,0,0,0,0
6973,2,0,1,0,0,0,1,0
6974,39,0,1,0,6,12,13,7
6974,9,1,0,1,1,3,2,2
6973,1,0,0,0,0,0,0,0
6973,1,1,1,1,0,0,0,0
6978,13,1,0,1,2,4,3,3
6980,1,0,0,0,0,0,0,0
6982,6,0,1,0,1,1,2,1
6982,1,1,1,1,0,0,0,0
6982,25,0,0,0,4,8,8,4
6984,1,1,1,1,0,0,0,0
6986,1,0,0,0,0,0,0,0
6988,1,1,1,1,0,0,0,0
6998,1,1,1,1,0,0,0,0
6999,12,1,0,1,2,4,3,2
7002,1,1,1,1,0,0,0,0
7002,4,0,0,0,0,1,1,1
7007,1,1,1,1,0,0,0,0
7007,37,0,1,0,6,11,12,7
7011,1,0,0,0,0,0,0,0
7013,1,1,1,1,0,0,0,0
7017,28,0,1,0,5,8,9,5
7017,61,1,0,1,10,20,19,11
7017,4,0,0,0,0,1,1,1
7017,1,1,1,1,0,0,0,0
7015,1,0,0,0,0,0,0,0
7018,1,0,0,0,0,0,0,0
7021,9,1,0,1,1,3,2,2
7022,1,0,0,0,0,0,0,0
7025,1,0,0,0,0,0,0,0
7025,65,1,0,1,11,21,20,12
7024,68,1,0,1,11,22,21,13
7024,4,0,0,0,0,1,1,1
7024,1,1,1,1,0,0,0,0
7020,1,1,1,1,0,0,0,0
7019,43,0,1,0,7,13,14,8
7020,2,0,1,0,0,0,1,0
7021,1,1,1,1,0,0,0,0
7022,9,0,1,0,1,2,3,2
7025,1,0,0,0,0,0,0,0
7028,1,0,0,0,0,0,0,0
7030,1,1,1,1,0,0,0,0
7036,6,0,1,0,1,1,2,1
7037,1,1,1,1,0,0,0,0
7038,77,0,1,0,12,24,25,15
7041,77,0,1,0,12,24,25,15
7042,3,1,0,1,0,1,0,1
7047,1,0,0,0,0,0,0,0
7048,77,1,1,1,12,25,25,14
7048,3,0,0,0,0,1,1,0
7047,17,0,1,0,2,5,6,3
7047,30,1,0,1,4,10,9,6
7045,7,1,1,1,1,2,2,1
7044,1,0,0,0,0,0,0,0
7045,122,0,1,0,18,39,40,24
7045,1,1,1,1,0,0,0,0
7044,2,0,1,0,0,0,1,0
7040,1,1,1,1,0,0,0,0
7040,31,0,0,0,4,10,10,6
7041,2,0,1,0,0,0,1,0
7042,1,1,1,1,0,0,0,0
7047,1,0,0,0,0,0,0,0
7048,77,1,1,1,12,25,25,14
7048,21,0,1,0,3,6,7,4
7047,17,0,1,0,2,5,6,3
7047,30,1,0,1,4,10,9,6
7046,77,0,0,0,11,25,25,15
7046,1,1,1,1,0,0,0,0
7044,1,0,0,0,0,0,0,0
7045,122,0,1,0,18,39,40,24
7045,1,1,1,1,0,0,0,0
7046,1,0,0,0,0,0,0,0
7047,17,0,1,0,2,5,6,3
7047,30,1,0,1,4,10,9,6
7046,2,0,1,0,0,0,1,0
7046,122,1,1,1,18,40,40,23
7035,1,0,0,0,0,0,0,0
7035,3,1,0,1,0,1,0,1
7035,11,0,1,0,1,3,4,2
7033,1,1,1,1,0,0,0,0
7034,1,0,0,0,0,0,0,0
7036,6,0,1,0,1,1,2,1
7036,1,1,1,1,0,0,0,0
7038,3,0,0,0,0,1,1,0
7039,1,1,1,1,0,0,0,0
7041,1,0,0,0,0,0,0,0
7046,7,0,0,0,1,2,2,1
7047,2,0,1,0,0,0,1,0
7048,1,1,1,1,0,0,0,0
7048,21,0,1,0,3,6,7,4
7051,43,1,0,1,7,14,13,8
7053,1,0,0,0,0,0,0,0
7058,1,0,0,0,0,0,0,0
7066,30,0,1,0,5,9,10,5
7076,2,0,1,0,0,0,1,0
7077,1,1,1,1,0,0,0,0
7077,5,0,1,0,0,1,2,1
7076,1,0,0,0,0,0,0,0
7078,1,1,1,1,0,0,0,0
7081,1,1,1,1,0,0,0,0
7082,138,0,0,0,21,45,45,26
7085,1,0,0,0,0,0,0,0
7085,51,1,0,1,8,17,16,9
7085,2,0,1,0,0,0,1,0
7090,1,0,0,0,0,0,0,0
7095,1,1,1,1,0,0,0,0
7099,1,1,1,1,0,0,0,0
7101,73,1,1,1,11,24,24,13
7101,1,0,0,0,0,0,0,0
7100,9,1,0,1,1,3,2,2
7100,11,0,1,0,1,3,4,2
7100,9,1,0,1,1,3,2,2
7100,1,0,0,0,0,0,0,0
7101,73,1,1,1,11,24,24,13
7105,1,0,0,0,0,0,0,0
7109,1,0,0,0,0,0,0,0
7114,1,1,1,1,0,0,0,0
7118,2,0,1,0,0,0,1,0
7119,1,1,1,1,0,0,0,0
7121,1,0,0,0,0,0,0,0
7121,42,1,1,1,6,14,14,7
7123,2,0,1,0,0,0,1,0
7124,5,0,1,0,0,1,2,1
7124,1,1,1,1,0,0,0,0
7123,1,0,0,0,0,0,0,0
7126,1,0,0,0,0,0,0,0
7127,3,0,0,0,0,1,1,0
7128,1,1,1,1,0,0,0,0
7129,51,0,1,0,8,16,17,9
7129,29,1,0,1,4,10,9,5
7132,1,1,1,1,0,0,0,0
7133,297,0,1,0,46,98,99,53
7138,1,1,1,1,0,0,0,0
7140,1,0,0,0,0,0,0,0
7142,1,1,1,1,0,0,0,0
7144,4,1,1,1,1,1,1,0
7144,1,0,0,0,0,0,0,0
7143,6,1,0,1,1,2,1,1
7142,6,1,1,1,1,2,2,0
7143,1,0,0,0,0,0,0,0
7145,1,1,1,1,0,0,0,0
7148,1,1,1,1,0,0,0,0
7148,59,0,1,0,9,19,20,10
7149,2,0,1,0,0,0,1,0
7152,1,0,0,0,0,0,0,0
7152,6,1,0,1,1,2,1,1
7154,2,0,1,0,0,0,1,0
7154,52,1,0,1,7,18,17,9
7154,1,0,0,0,0,0,0,0
7157,1,0,0,0,0,0,0,0
7161,1,0,0,0,0,0,0,0
7165,4,1,1,1,1,1,1,0
7165,1,0,0,0,0,0,0,0
7166,1,1,1,1,0,0,0,0
7168,3,1,0,1,0,1,0,1
7170,2,0,1,0,0,0,1,0
7185,3,0,1,0,1,0,1,0
7185,18,1,0,1,3,6,5,3
7189,1,0,0,0,0,0,0,0
7191,1,1,1,1,0,0,0,0
7191,6,0,1,0,1,1,2,1
7193,2,1,0,1,0,1,0,0
7198,3,0,0,0,0,1,1,0
7199,1,1,1,1,0,0,0,0
7206,62,1,0,1,10,21,20,10
7206,1,0,0,0,0,0,0,0
7207,1,1,1,1,0,0,0,0
7209,342,1,0,1,53,114,113,61
7209,70,0,1,0,10,23,24,12
7211,348,0,1,0,55,115,116,61
7213,1,1,1,1,0,0,0,0
7220,1,1,1,1,0,0,0,0
7220,6,0,1,0,1,1,2,1
7223,366,1,1,1,58,122,122,63
7223,1,0,0,0,0,0,0,0
7222,2,1,0,1,0,1,0,0
7221,6,1,0,1,1,2,1,1
7220,3,0,1,0,1,0,1,0
7218,1,0,0,0,0,0,0,0
7219,1,1,1,1,0,0,0,0
7219,6,0,0,0,0,2,2,1
7219,2,1,0,1,0,1,0,0
7223,366,1,1,1,58,122,122,63
7223,1,0,0,0,0,0,0,0
7224,1,1,1,1,0,0,0,0
7224,8,0,1,0,1,2,3,1
7224,2,1,0,1,0,1,0,0
7226,5,0,1,0,1,1,2,0
7229,14,1,0,1,2,5,4,2
7231,14,1,0,1,2,5,4,2
7231,2,0,1,0,0,0,1,0
7235,2,1,0,1,0,1,0,0
7236,1,0,0,0,0,0,0,0
7239,11,1,0,1,2,4,3,1
7240,2,1,0,1,0,1,0,0
7240,5,0,1,0,1,1,2,0
7241,11,0,1,0,2,3,4,1
7241,1,1,1,1,0,0,0,0
7240,3,0,0,0,0,1,1,0
7239,1,0,0,0,0,0,0,0
7237,17,1,0,1,3,6,5,2
7235,1,1,1,1,0,0,0,0
7236,17,0,1,0,3,5,6,2
7240,1,1,1,1,0,0,0,0
7240,412,0,1,0,64,137,138,72
7239,2,0,1,0,0,0,1,0
7238,11,0,1,0,2,3,4,1
7238,1,1,1,1,0,0,0,0
7239,3,1,1,1,0,1,1,0
7240,6,1,0,1,1,2,1,1
7240,1,0,0,0,0,0,0,0
7234,1,0,0,0,0,0,0,0
7236,17,0,1,0,3,5,6,2
7236,1,1,1,1,0,0,0,0
7235,3,0,0,0,0,1,1,0
7233,1,1,1,1,0,0,0,0
7236,17,0,1,0,3,5,6,2
7238,6,1,0,1,1,2,1,1
7239,4,1,1,1,1,1,1,0
7239,1,0,0,0,0,0,0,0
7237,1,1,1,1,0,0,0,0
7235,1,0,0,0,0,0,0,0
7238,6,1,0,1,1,2,1,1
7238,1,0,0,0,0,0,0,0
7238,3,1,0,1,0,1,0,1
7244,1,1,1,1,0,0,0,0
7245,3,1,1,1,0,1,1,0
7246,1,0,0,0,0,0,0,0
7250,2,1,0,1,0,1,0,0
7251,1,0,0,0,0,0,0,0
7254,44,0,1,0,7,14,15,7
7257,1,0,0,0,0,0,0,0
7261,2,1,0,1,0,1,0,0
7262,1,0,0,0,0,0,0,0
7265,28,1,0,1,4,10,9,4
7266,2,1,0,1,0,1,0,0
7266,5,0,1,0,1,1,2,0
7267,439,0,1,0,69,146,147,76
7267,1,1,1,1,0,0,0,0
7266,3,0,0,0,0,1,1,0
7265,1,0,0,0,0,0,0,0
7264,1,1,1,1,0,0,0,0
7265,28,1,0,1,4,10,9,4
7267,439,0,1,0,69,146,147,76
7267,32,1,0,1,5,11,10,5
7266,1,0,0,0,0,0,0,0
7261,1,1,1,1,0,0,0,0
7263,1,0,0,0,0,0,0,0
7265,1,1,1,1,0,0,0,0
7266,6,1,0,1,1,2,1,1
7266,50,0,1,0,8,16,17,8
7265,28,1,0,1,4,10,9,4
7267,439,0,1,0,69,146,147,76
7267,32,1,0,1,5,11,10,5
7266,1,0,0,0,0,0,0,0
7266,1,1,1,1,0,0,0,0
7268,1,0,0,0,0,0,0,0
7268,8,1,0,1,1,3,2,1
7270,5,1,0,1,0,2,1,1
7270,2,0,1,0,0,0,1,0
7269,8,0,1,0,1,2,3,1
7269,1,1,1,1,0,0,0,0
7270,3,1,1,1,0,1,1,0
7270,17,0,1,0,2,5,6,3
7265,2,0,1,0,0,0,1,0
7265,28,1,0,1,4,10,9,4
7265,1,0,0,0,0,0,0,0
7263,23,1,0,1,3,8,7,4
7260,1,0,0,0,0,0,0,0
7264,29,1,0,1,5,10,9,4
7264,1,0,0,0,0,0,0,0
7265,1,1,1,1,0,0,0,0
7268,6,0,1,0,1,1,2,1
7268,28,1,0,1,4,10,9,4
7267,3,1,0,1,0,1,0,1
7266,50,0,1,0,8,16,17,8
7265,28,1,0,1,4,10,9,4
7267,9,0,0,0,1,3,3,1
7267,32,1,0,1,5,11,10,5
7266,1,0,0,0,0,0,0,0
7262,1,1,1,1,0,0,0,0
7261,3,0,0,0,0,1,1,0
7258,6,1,0,1,1,2,1,1
7257,2,0,1,0,0,0,1,0
7258,11,0,1,0,1,3,4,2
7258,1,1,1,1,0,0,0,0
7255,9,1,0,1,1,3,2,2
7253,1,1,1,1,0,0,0,0
7254,1,0,0,0,0,0,0,0
7255,3,0,0,0,0,1,1,0
7258,1,0,0,0,0,0,0,0
7258,32,1,0,1,5,11,10,5
7260,2,0,1,0,0,0,1,0
7261,1,1,1,1,0,0,0,0
7263,1,0,0,0,0,0,0,0
7265,1,1,1,1,0,0,0,0
7268,6,0,1,0,1,1,2,1
7268,28,1,0,1,4,10,9,4
7270,3,1,0,1,0,1,0,1
7273,1,1,1,1,0,0,0,0
7274,31,1,0,1,4,11,10,5
7277,1,1,1,1,0,0,0,0
7279,1,0,0,0,0,0,0,0
7279,68,1,1,1,10,23,23,11
7278,9,1,0,1,1,3,2,2
7280,1,0,0,0,0,0,0,0
7280,34,1,0,1,5,12,11,5
7279,2,1,0,1,0,1,0,0
7278,9,1,0,1,1,3,2,2
7278,1,0,0,0,0,0,0,0
7280,3,0,1,0,1,0,1,0
7280,34,1,0,1,5,12,11,5
7279,68,1,1,1,10,23,23,11
7275,1,0,0,0,0,0,0,0
7272,2,0,1,0,0,0,1,0
7272,55,1,0,1,8,19,18,9
7272,1,0,0,0,0,0,0,0
7272,1,1,1,1,0,0,0,0
7275,1,1,1,1,0,0,0,0
7277,3,1,0,1,0,1,0,1
7279,1,0,0,0,0,0,0,0
7279,68,1,1,1,10,23,23,11
7279,2,0,1,0,0,0,1,0
7284,1,0,0,0,0,0,0,0
7286,41,0,1,0,6,13,14,7
7288,2,1,0,1,0,1,0,0
7299,3,0,0,0,0,1,1,0
7300,1,1,1,1,0,0,0,0
7305,70,1,0,1,11,24,23,11
7305,1,0,0,0,0,0,0,0
7307,7,0,0,0,1,2,2,1
7310,3,1,1,1,0,1,1,0
7311,6,1,0,1,1,2,1,1
7311,1,0,0,0,0,0,0,0
7309,1,1,1,1,0,0,0,0
7311,6,1,0,1,1,2,1,1
7314,2,1,0,1,0,1,0,0
7319,5,0,1,0,1,1,2,0
7319,2,1,0,1,0,1,0,0
7321,1,0,0,0,0,0,0,0
7322,76,1,0,1,12,26,25,12
7324,1,0,0,0,0,0,0,0
7328,17,0,1,0,3,5,6,2
7328,1,1,1,1,0,0,0,0
7333,3,0,0,0,0,1,1,0
7334,1,1,1,1,0,0,0,0
7336,11,0,1,0,2,3,4,1
7343,1,1,1,1,0,0,0,0
7346,1,1,1,1,0,0,0,0
7346,93,0,1,0,14,31,32,15
7347,2,0,1,0,0,0,1,0
7348,1,1,1,1,0,0,0,0
7351,1,1,1,1,0,0,0,0
7352,3,1,1,1,0,1,1,0
7353,1,0,0,0,0,0,0,0
7356,1,0,0,0,0,0,0,0
7358,3,0,1,0,1,0,1,0
7360,2,1,0,1,0,1,0,0
7363,26,0,1,0,5,8,9,3
7365,2,1,0,1,0,1,0,0
7365,26,0,0,0,4,9,9,3
7365,1,1,1,1,0,0,0,0
7375,1,0,0,0,0,0,0,0
7375,29,1,1,1,5,10,10,3
7377,2,0,1,0,0,0,1,0
7380,8,1,0,1,1,3,2,1
7380,1,0,0,0,0,0,0,0
7381,1,1,1,1,0,0,0,0
7383,1,0,0,0,0,0,0,0
7391,1,0,0,0,0,0,0,0
7393,1,1,1,1,0,0,0,0
7397,1,1,1,1,0,0,0,0
7398,6,1,0,1,1,2,1,1
7399,4,1,1,1,1,1,1,0
7399,1,0,0,0,0,0,0,0
7396,6,0,1,0,1,1,2,1
7395,1,0,0,0,0,0,0,0
7394,11,1,0,1,1,4,3,2
7395,2,1,0,1,0,1,0,0
7398,1,1,1,1,0,0,0,0
7400,8,0,1,0,1,2,3,1
7403,3,1,0,1,0,1,0,1
7405,2,0,1,0,0,0,1,0
7406,1,1,1,1,0,0,0,0
7410,3,1,1,1,0,1,1,0
7411,1,0,0,0,0,0,0,0
7414,28,1,0,1,3,10,9,5
7415,1,0,0,0,0,0,0,0
7417,17,1,0,1,2,6,5,3
7418,1,0,0,0,0,0,0,0
7420,3,0,1,0,1,0,1,0
7426,1,1,1,1,0,0,0,0
7428,1,0,0,0,0,0,0,0
7430,4,0,0,0,0,1,1,1
7430,1,1,1,1,0,0,0,0
7431,1,0,0,0,0,0,0,0
7436,7,0,0,0,1,2,2,1
7436,86,1,0,1,13,30,29,13
7435,1,1,1,1,0,0,0,0
7436,1,0,0,0,0,0,0,0
7437,92,0,1,0,14,31,32,14
7437,90,1,0,1,14,31,30,14
7435,2,1,0,1,0,1,0,0
7433,3,0,1,0,1,0,1,0
7433,1,1,1,1,0,0,0,0
7436,7,0,0,0,1,2,2,1
7436,86,1,0,1,13,30,29,13
7435,10,1,0,1,2,3,2,2
7435,1,0,0,0,0,0,0,0
7436,7,0,0,0,1,2,2,1
7451,1,0,0,0,0,0,0,0
7455,2,1,0,1,0,1,0,0
