mods,L,covered,density,reduced_num,reduced_den,residues,peel_chain
"[7, 8, 9, 10, 11, 12, 14, 15, 16]",55440,36340,0.655483405,1817,2772,"[0, 4, 1, 1, 0, 2, 1, 0, 0]",[11]
"[7, 8, 9, 10, 12, 14, 15, 16, 20]",5040,3290,0.652777778,47,72,"[0, 4, 1, 1, 2, 1, 0, 0, 3]",[]
"[7, 8, 9, 10, 12, 14, 15, 16, 18]",5040,3290,0.652777778,47,72,"[0, 4, 1, 1, 2, 1, 0, 0, 5]",[]
"[7, 8, 9, 10, 12, 13, 14, 15, 16]",65520,42600,0.650183150,355,546,"[0, 4, 1, 1, 2, 0, 1, 0, 0]",[13]
"[7, 8, 9, 10, 11, 12, 15, 16, 20]",55440,35940,0.648268398,599,924,"[0, 4, 1, 1, 0, 2, 0, 0, 3]","[7, 11]"
"[7, 8, 9, 10, 11, 12, 15, 16, 18]",55440,35940,0.648268398,599,924,"[0, 4, 1, 1, 0, 2, 0, 0, 5]","[7, 11]"
"[7, 8, 9, 10, 11, 12, 14, 15, 18]",27720,17960,0.647907648,449,693,"[0, 0, 1, 1, 0, 2, 1, 0, 4]",[11]
"[7, 8, 9, 10, 11, 12, 13, 14, 16]",720720,466320,0.647019647,1943,3003,"[0, 4, 0, 1, 0, 2, 0, 1, 0]","[11, 13]"
"[7, 8, 9, 10, 11, 12, 14, 16, 20]",55440,35840,0.646464646,64,99,"[0, 1, 0, 2, 0, 7, 2, 5, 0]",[11]
"[7, 8, 9, 10, 11, 12, 14, 16, 18]",55440,35840,0.646464646,64,99,"[0, 4, 0, 1, 0, 2, 1, 0, 1]",[11]
"[7, 8, 9, 10, 12, 15, 16, 18, 20]",5040,3258,0.646428571,181,280,"[0, 4, 1, 1, 2, 0, 0, 5, 3]",[7]
"[7, 8, 9, 10, 11, 12, 13, 14, 15]",360360,232440,0.645021645,149,231,"[0, 0, 1, 1, 0, 2, 0, 1, 0]","[11, 13]"
"[7, 8, 9, 10, 12, 14, 15, 18, 20]",2520,1624,0.644444444,29,45,"[0, 1, 0, 2, 7, 2, 8, 3, 0]",[]
"[7, 8, 9, 10, 11, 12, 14, 15, 20]",27720,17860,0.644300144,893,1386,"[0, 1, 0, 2, 0, 7, 2, 8, 0]",[11]
"[7, 8, 9, 10, 11, 12, 13, 15, 16]",720720,463680,0.643356643,92,143,"[0, 4, 1, 1, 0, 2, 0, 0, 0]","[7, 11, 13]"
"[7, 8, 9, 10, 12, 14, 15, 16, 17]",85680,55120,0.643323996,689,1071,"[0, 4, 1, 1, 2, 1, 0, 0, 0]",[17]
"[7, 8, 9, 10, 12, 13, 15, 16, 20]",65520,42120,0.642857143,9,14,"[0, 4, 1, 1, 2, 0, 0, 0, 3]","[7, 13]"
"[7, 8, 9, 10, 12, 13, 15, 16, 18]",65520,42120,0.642857143,9,14,"[0, 4, 1, 1, 2, 0, 0, 0, 5]","[7, 13]"
"[7, 8, 9, 10, 12, 13, 14, 15, 18]",32760,21048,0.642490842,877,1365,"[0, 0, 1, 1, 2, 0, 1, 0, 4]",[13]
"[7, 8, 9, 10, 12, 13, 14, 16, 20]",65520,42000,0.641025641,25,39,"[0, 1, 0, 2, 7, 0, 2, 5, 0]",[13]
"[7, 8, 9, 10, 12, 13, 14, 16, 18]",65520,42000,0.641025641,25,39,"[0, 4, 0, 1, 2, 0, 1, 0, 1]",[13]
"[7, 8, 9, 10, 12, 14, 15, 16, 19]",95760,61380,0.640977444,341,532,"[0, 4, 1, 1, 2, 1, 0, 0, 0]",[19]
"[7, 8, 9, 10, 12, 14, 16, 18, 20]",5040,3230,0.640873016,323,504,"[0, 1, 0, 2, 7, 2, 5, 3, 0]",[]
"[7, 8, 9, 10, 11, 12, 15, 18, 20]",27720,17760,0.640692641,148,231,"[0, 1, 0, 2, 0, 7, 8, 3, 0]","[7, 11]"
"[7, 8, 9, 10, 11, 12, 14, 16, 17]",942480,603280,0.640098464,7541,11781,"[0, 4, 0, 1, 0, 2, 1, 0, 0]","[11, 17]"
"[7, 8, 9, 10, 12, 13, 14, 15, 20]",32760,20928,0.638827839,872,1365,"[0, 1, 0, 2, 7, 0, 2, 8, 0]",[13]
"[7, 8, 9, 10, 11, 12, 13, 15, 20]",360360,230040,0.638361638,639,1001,"[0, 1, 0, 2, 0, 7, 0, 8, 0]","[7, 11, 13]"
"[7, 8, 9, 10, 11, 12, 13, 15, 18]",360360,230040,0.638361638,639,1001,"[0, 0, 1, 1, 0, 2, 0, 0, 5]","[7, 11, 13]"
"[7, 8, 9, 10, 11, 12, 14, 15, 17]",471240,300680,0.638061285,7517,11781,"[0, 0, 1, 1, 0, 2, 1, 0, 0]","[11, 17]"
"[7, 8, 9, 10, 11, 12, 14, 16, 19]",1053360,671760,0.637730690,933,1463,"[0, 4, 0, 1, 0, 2, 1, 0, 0]","[11, 19]"
"[7, 8, 9, 10, 11, 12, 13, 14, 18]",360360,229560,0.637029637,1913,3003,"[0, 1, 0, 0, 0, 7, 0, 2, 3]","[11, 13]"
"[7, 8, 9, 10, 11, 12, 16, 18, 20]",55440,35280,0.636363636,7,11,"[0, 1, 0, 2, 0, 7, 5, 2, 0]","[7, 11]"
"[7, 8, 9, 10, 11, 12, 15, 16, 17]",942480,599760,0.636363636,7,11,"[0, 4, 1, 1, 0, 2, 0, 0, 0]","[7, 11, 17]"
"[7, 8, 9, 10, 11, 12, 13, 16, 20]",720720,458640,0.636363636,7,11,"[0, 1, 0, 2, 0, 7, 0, 5, 0]","[7, 11, 13]"
"[7, 8, 9, 10, 11, 12, 13, 16, 18]",720720,458640,0.636363636,7,11,"[0, 4, 0, 1, 0, 2, 0, 0, 1]","[7, 11, 13]"
"[7, 8, 9, 10, 12, 15, 16, 17, 20]",85680,54480,0.635854342,227,357,"[0, 4, 1, 1, 2, 0, 0, 0, 3]","[7, 17]"
"[7, 8, 9, 10, 12, 15, 16, 17, 18]",85680,54480,0.635854342,227,357,"[0, 4, 1, 1, 2, 0, 0, 0, 5]","[7, 17]"
"[7, 8, 9, 10, 11, 12, 14, 15, 19]",526680,334800,0.635680109,930,1463,"[0, 0, 1, 1, 0, 2, 1, 0, 0]","[11, 19]"
"[7, 8, 9, 10, 11, 12, 14, 18, 20]",27720,17620,0.635642136,881,1386,"[0, 1, 0, 2, 0, 7, 2, 3, 0]",[11]
"[7, 8, 9, 10, 12, 14, 15, 17, 18]",42840,27224,0.635480859,3403,5355,"[0, 0, 1, 1, 2, 1, 0, 0, 4]",[17]
"[7, 8, 9, 10, 12, 13, 15, 18, 20]",32760,20808,0.635164835,289,455,"[0, 1, 0, 2, 7, 0, 8, 3, 0]","[7, 13]"
"[7, 8, 9, 10, 12, 13, 14, 16, 17]",1113840,706800,0.634561517,2945,4641,"[0, 4, 0, 1, 2, 0, 1, 0, 0]","[13, 17]"
"[7, 8, 9, 10, 12, 14, 16, 17, 20]",85680,54320,0.633986928,97,153,"[0, 1, 0, 2, 7, 2, 5, 0, 0]",[17]
"[7, 8, 9, 10, 12, 14, 16, 17, 18]",85680,54320,0.633986928,97,153,"[0, 4, 0, 1, 2, 1, 0, 0, 1]",[17]
"[7, 8, 9, 10, 11, 12, 15, 16, 19]",1053360,667800,0.633971292,265,418,"[0, 4, 1, 1, 0, 2, 0, 0, 0]","[7, 11, 19]"
"[7, 8, 9, 11, 12, 14, 15, 16, 18]",55440,35140,0.633838384,251,396,"[0, 4, 1, 0, 2, 1, 0, 0, 5]",[11]
"[7, 8, 9, 10, 11, 12, 13, 14, 20]",360360,228360,0.633699634,173,273,"[0, 1, 0, 2, 0, 7, 0, 2, 0]","[11, 13]"
"[7, 8, 9, 10, 12, 15, 16, 19, 20]",95760,60660,0.633458647,337,532,"[0, 4, 1, 1, 2, 0, 0, 0, 3]","[7, 19]"
"[7, 8, 9, 10, 12, 15, 16, 18, 19]",95760,60660,0.633458647,337,532,"[0, 4, 1, 1, 2, 0, 0, 5, 0]","[7, 19]"
"[7, 8, 9, 10, 12, 14, 15, 18, 19]",47880,30312,0.633082707,421,665,"[0, 0, 1, 1, 2, 1, 0, 4, 0]",[19]
"[7, 8, 9, 10, 12, 13, 14, 15, 17]",556920,352248,0.632492997,1129,1785,"[0, 0, 1, 1, 2, 0, 1, 0, 0]","[13, 17]"
"[7, 8, 9, 10, 12, 13, 14, 16, 19]",1244880,786960,0.632157316,1093,1729,"[0, 4, 0, 1, 2, 0, 1, 0, 0]","[13, 19]"
"[7, 8, 10, 11, 12, 14, 15, 16, 20]",18480,11680,0.632034632,146,231,"[0, 4, 1, 0, 2, 1, 0, 0, 3]",[11]
"[7, 8, 9, 10, 12, 14, 15, 17, 20]",42840,27064,0.631746032,199,315,"[0, 1, 0, 2, 7, 2, 8, 0, 0]",[17]
"[7, 8, 9, 10, 12, 14, 16, 19, 20]",95760,60480,0.631578947,12,19,"[0, 1, 0, 2, 7, 2, 5, 0, 0]",[19]
"[7, 8, 9, 10, 12, 14, 16, 18, 19]",95760,60480,0.631578947,12,19,"[0, 4, 0, 1, 2, 1, 0, 1, 0]",[19]
"[7, 8, 9, 10, 11, 12, 15, 17, 20]",471240,297480,0.631270690,2479,3927,"[0, 1, 0, 2, 0, 7, 8, 0, 0]","[7, 11, 17]"
"[7, 8, 9, 10, 11, 12, 15, 17, 18]",471240,297480,0.631270690,2479,3927,"[0, 0, 1, 1, 0, 2, 0, 0, 5]","[7, 11, 17]"
"[7, 8, 9, 10, 12, 13, 16, 18, 20]",65520,41328,0.630769231,41,65,"[0, 1, 0, 2, 7, 0, 5, 2, 0]","[7, 13]"
"[7, 8, 9, 10, 12, 13, 15, 16, 17]",1113840,702576,0.630769231,41,65,"[0, 4, 1, 1, 2, 0, 0, 0, 0]","[7, 13, 17]"
"[7, 8, 10, 11, 12, 13, 14, 15, 16]",240240,151440,0.630369630,631,1001,"[0, 4, 1, 0, 2, 0, 1, 0, 0]","[11, 13]"
"[7, 8, 9, 10, 11, 12, 13, 14, 17]",6126120,3860520,0.630173748,32171,51051,"[0, 1, 0, 0, 0, 7, 0, 2, 0]","[11, 13, 17]"
"[7, 8, 9, 10, 12, 13, 14, 15, 19]",622440,392184,0.630075188,419,665,"[0, 0, 1, 1, 2, 0, 1, 0, 0]","[13, 19]"
"[7, 8, 9, 10, 12, 13, 14, 18, 20]",32760,20640,0.630036630,172,273,"[0, 1, 0, 2, 7, 0, 2, 3, 0]",[13]
"[7, 8, 9, 10, 11, 12, 14, 17, 18]",471240,296840,0.629912571,7421,11781,"[0, 1, 0, 0, 0, 7, 2, 0, 3]","[11, 17]"
"[7, 8, 9, 10, 11, 12, 13, 15, 17]",6126120,3856680,0.629546924,10713,17017,"[0, 0, 1, 1, 0, 2, 0, 0, 0]","[7, 11, 13, 17]"
"[7, 8, 9, 10, 12, 14, 15, 19, 20]",47880,30132,0.629323308,837,1330,"[0, 1, 0, 2, 7, 2, 8, 0, 0]",[19]
"[7, 8, 9, 10, 11, 12, 16, 17, 20]",942480,593040,0.629233512,353,561,"[0, 1, 0, 2, 0, 7, 5, 0, 0]","[7, 11, 17]"
"[7, 8, 9, 10, 11, 12, 16, 17, 18]",942480,593040,0.629233512,353,561,"[0, 4, 0, 1, 0, 2, 0, 0, 1]","[7, 11, 17]"
"[7, 8, 9, 10, 11, 12, 15, 19, 20]",526680,331200,0.628844839,920,1463,"[0, 1, 0, 2, 0, 7, 8, 0, 0]","[7, 11, 19]"
"[7, 8, 9, 10, 11, 12, 15, 18, 19]",526680,331200,0.628844839,920,1463,"[0, 0, 1, 1, 0, 2, 0, 5, 0]","[7, 11, 19]"
"[7, 8, 9, 11, 12, 13, 14, 15, 16]",720720,453120,0.628704629,1888,3003,"[0, 4, 1, 0, 2, 0, 1, 0, 0]","[11, 13]"
"[7, 8, 10, 11, 12, 14, 15, 16, 18]",55440,34840,0.628427128,871,1386,"[0, 4, 1, 0, 2, 1, 0, 0, 1]",[11]
"[7, 8, 9, 10, 12, 13, 15, 16, 19]",1244880,782208,0.628340081,776,1235,"[0, 4, 1, 1, 2, 0, 0, 0, 0]","[7, 13, 19]"
"[7, 8, 9, 12, 13, 14, 15, 16, 18]",65520,41160,0.628205128,49,78,"[0, 4, 1, 2, 0, 1, 0, 0, 5]",[13]
"[7, 8, 9, 10, 12, 15, 17, 18, 20]",42840,26904,0.628011204,1121,1785,"[0, 1, 0, 2, 7, 8, 0, 3, 0]","[7, 17]"
"[7, 8, 9, 10, 11, 12, 13, 14, 19]",6846840,4298040,0.627740680,11939,19019,"[0, 1, 0, 0, 0, 7, 0, 2, 0]","[11, 13, 19]"
"[7, 8, 9, 10, 11, 12, 13, 16, 17]",12252240,7690320,0.627666451,971,1547,"[0, 4, 0, 1, 0, 2, 0, 0, 0]","[7, 11, 13, 17]"
"[7, 8, 9, 10, 11, 12, 14, 18, 19]",526680,330480,0.627477785,918,1463,"[0, 1, 0, 0, 0, 7, 2, 3, 0]","[11, 19]"
"[7, 8, 9, 10, 11, 12, 13, 15, 19]",6846840,4293720,0.627109732,11927,19019,"[0, 0, 1, 1, 0, 2, 0, 0, 0]","[7, 11, 13, 19]"
"[7, 8, 9, 11, 12, 13, 14, 16, 18]",144144,90384,0.627039627,269,429,"[0, 4, 0, 0, 2, 0, 1, 0, 1]","[11, 13]"
"[7, 8, 9, 10, 11, 12, 16, 19, 20]",1053360,660240,0.626794258,131,209,"[0, 1, 0, 2, 0, 7, 5, 0, 0]","[7, 11, 19]"
"[7, 8, 9, 10, 11, 12, 16, 18, 19]",1053360,660240,0.626794258,131,209,"[0, 4, 0, 1, 0, 2, 0, 1, 0]","[7, 11, 19]"
"[7, 8, 9, 11, 12, 14, 15, 16, 20]",55440,34740,0.626623377,193,308,"[0, 4, 1, 0, 2, 1, 0, 0, 1]",[11]
"[7, 8, 9, 10, 11, 12, 14, 17, 20]",471240,295240,0.626517274,671,1071,"[0, 1, 0, 2, 0, 7, 2, 0, 0]","[11, 17]"
"[7, 8, 10, 12, 13, 14, 15, 16, 20]",21840,13680,0.626373626,57,91,"[0, 4, 1, 2, 0, 1, 0, 0, 3]",[13]
"[7, 8, 9, 10, 11, 12, 13, 18, 20]",360360,225720,0.626373626,57,91,"[0, 1, 0, 2, 0, 7, 0, 3, 0]","[7, 11, 13]"
"[8, 9, 10, 11, 12, 14, 15, 16, 20]",55440,34690,0.625721501,3469,5544,"[4, 1, 1, 0, 2, 1, 0, 0, 3]",[11]
"[8, 9, 10, 11, 12, 14, 15, 16, 18]",55440,34690,0.625721501,3469,5544,"[4, 1, 1, 0, 2, 1, 0, 0, 5]",[11]
"[7, 8, 9, 10, 12, 13, 15, 17, 20]",556920,348408,0.625597931,4839,7735,"[0, 1, 0, 2, 7, 0, 8, 0, 0]","[7, 13, 17]"
"[7, 8, 9, 10, 12, 13, 15, 17, 18]",556920,348408,0.625597931,4839,7735,"[0, 0, 1, 1, 2, 0, 0, 0, 5]","[7, 13, 17]"
"[7, 8, 9, 10, 12, 15, 18, 19, 20]",47880,29952,0.625563910,416,665,"[0, 1, 0, 2, 7, 8, 3, 0, 0]","[7, 19]"
"[7, 8, 10, 11, 12, 13, 14, 16, 20]",240240,150240,0.625374625,626,1001,"[0, 1, 2, 0, 3, 0, 2, 5, 0]","[11, 13]"
"[7, 8, 9, 10, 11, 12, 13, 16, 19]",13693680,8561520,0.625216888,1081,1729,"[0, 4, 0, 1, 0, 2, 0, 0, 0]","[7, 11, 13, 19]"
"[7, 8, 9, 10, 11, 14, 15, 16, 20]",55440,34660,0.625180375,1733,2772,"[0, 4, 1, 1, 0, 1, 0, 0, 2]",[11]
"[7, 8, 9, 11, 12, 13, 14, 15, 18]",360360,225240,0.625041625,1877,3003,"[0, 0, 1, 0, 2, 0, 1, 0, 5]","[11, 13]"
"[8, 9, 10, 11, 12, 15, 16, 18, 20]",7920,4950,0.625000000,5,8,"[4, 1, 1, 0, 2, 0, 0, 5, 3]",[11]
"[7, 8, 10, 12, 14, 15, 16, 18, 20]",5040,3150,0.625000000,5,8,"[0, 4, 1, 2, 1, 0, 0, 4, 3]",[]
"[7, 8, 9, 12, 14, 15, 16, 18, 20]",5040,3150,0.625000000,5,8,"[0, 4, 1, 2, 1, 0, 0, 5, 1]",[]
"[7, 8, 9, 10, 12, 14, 16, 17, 19]",1627920,1017360,0.624944715,1413,2261,"[0, 4, 0, 1, 2, 1, 0, 0, 0]","[17, 19]"
"[7, 8, 9, 10, 12, 13, 14, 17, 18]",556920,347640,0.624218918,2897,4641,"[0, 1, 0, 0, 7, 0, 2, 0, 3]","[13, 17]"
"[7, 8, 9, 10, 11, 12, 14, 19, 20]",526680,328680,0.624060150,83,133,"[0, 1, 0, 2, 0, 7, 2, 0, 0]","[11, 19]"
"[7, 8, 9, 10, 12, 16, 17, 18, 20]",85680,53424,0.623529412,53,85,"[0, 1, 0, 2, 7, 5, 0, 2, 0]","[7, 17]"
"[7, 8, 9, 10, 12, 13, 16, 17, 20]",1113840,694512,0.623529412,53,85,"[0, 1, 0, 2, 7, 0, 5, 0, 0]","[7, 13, 17]"
"[7, 8, 9, 10, 12, 13, 16, 17, 18]",1113840,694512,0.623529412,53,85,"[0, 4, 0, 1, 2, 0, 0, 0, 1]","[7, 13, 17]"
"[7, 8, 9, 10, 12, 13, 15, 19, 20]",622440,387864,0.623134760,5387,8645,"[0, 1, 0, 2, 7, 0, 8, 0, 0]","[7, 13, 19]"
"[7, 8, 9, 10, 12, 13, 15, 18, 19]",622440,387864,0.623134760,5387,8645,"[0, 0, 1, 1, 2, 0, 0, 5, 0]","[7, 13, 19]"
"[7, 8, 10, 11, 12, 14, 15, 16, 17]",314160,195760,0.623121976,2447,3927,"[0, 4, 1, 0, 2, 1, 0, 0, 0]","[11, 17]"
"[8, 9, 10, 12, 14, 15, 16, 18, 20]",5040,3140,0.623015873,157,252,"[4, 1, 1, 2, 1, 0, 0, 4, 3]",[]
"[7, 8, 9, 10, 12, 14, 15, 17, 19]",813960,506952,0.622821760,7041,11305,"[0, 0, 1, 1, 2, 1, 0, 0, 0]","[17, 19]"
"[7, 8, 9, 10, 12, 14, 17, 18, 20]",42840,26680,0.622782446,667,1071,"[0, 1, 0, 2, 7, 2, 0, 3, 0]",[17]
"[7, 8, 10, 12, 13, 14, 15, 16, 18]",65520,40800,0.622710623,170,273,"[0, 4, 1, 2, 0, 1, 0, 0, 1]",[13]
"[8, 9, 10, 11, 12, 13, 14, 15, 16]",720720,448680,0.622544123,3739,6006,"[4, 1, 1, 0, 2, 0, 1, 0, 0]","[11, 13]"
"[7, 8, 10, 11, 12, 13, 15, 16, 20]",240240,149520,0.622377622,89,143,"[0, 4, 1, 0, 2, 0, 0, 0, 3]","[7, 11, 13]"
"[7, 8, 9, 11, 12, 15, 16, 18, 20]",55440,34500,0.622294372,575,924,"[0, 4, 1, 0, 5, 0, 0, 7, 2]","[7, 11]"
"[7, 8, 10, 11, 12, 13, 14, 16, 18]",720720,448320,0.622044622,1868,3003,"[0, 1, 0, 0, 3, 0, 2, 5, 0]","[11, 13]"
"[7, 8, 9, 10, 11, 13, 14, 15, 16]",720720,448320,0.622044622,1868,3003,"[0, 2, 1, 1, 0, 0, 1, 0, 0]","[11, 13]"
"[7, 8, 9, 10, 12, 13, 14, 18, 19]",622440,387000,0.621746674,1075,1729,"[0, 1, 0, 0, 7, 0, 2, 3, 0]","[13, 19]"
"[7, 8, 9, 11, 12, 14, 15, 16, 17]",942480,585680,0.621424327,7321,11781,"[0, 4, 1, 0, 2, 1, 0, 0, 0]","[11, 17]"
"[8, 9, 10, 11, 12, 13, 15, 16, 20]",102960,63960,0.621212121,41,66,"[4, 1, 1, 0, 2, 0, 0, 0, 3]","[11, 13]"
"[8, 9, 10, 11, 12, 13, 15, 16, 18]",102960,63960,0.621212121,41,66,"[4, 1, 1, 0, 2, 0, 0, 0, 5]","[11, 13]"
"[7, 8, 10, 11, 12, 15, 16, 18, 20]",55440,34440,0.621212121,41,66,"[0, 4, 1, 0, 2, 0, 0, 1, 3]","[7, 11]"
"[7, 8, 10, 11, 12, 14, 16, 18, 20]",55440,34440,0.621212121,41,66,"[0, 1, 2, 0, 3, 2, 5, 1, 0]",[11]
"[7, 8, 9, 11, 12, 14, 16, 18, 20]",55440,34440,0.621212121,41,66,"[0, 1, 0, 0, 7, 2, 5, 2, 0]",[11]
"[7, 8, 9, 10, 12, 16, 18, 19, 20]",95760,59472,0.621052632,59,95,"[0, 1, 0, 2, 7, 5, 2, 0, 0]","[7, 19]"
"[7, 8, 9, 10, 12, 15, 16, 17, 19]",1627920,1011024,0.621052632,59,95,"[0, 4, 1, 1, 2, 0, 0, 0, 0]","[7, 17, 19]"
"[7, 8, 9, 10, 12, 13, 16, 19, 20]",1244880,773136,0.621052632,59,95,"[0, 1, 0, 2, 7, 0, 5, 0, 0]","[7, 13, 19]"
"[7, 8, 9, 10, 12, 13, 16, 18, 19]",1244880,773136,0.621052632,59,95,"[0, 4, 0, 1, 2, 0, 0, 1, 0]","[7, 13, 19]"
"[7, 8, 9, 12, 14, 15, 16, 17, 18]",85680,53200,0.620915033,95,153,"[0, 4, 1, 2, 1, 0, 0, 0, 5]",[17]
"[7, 8, 9, 12, 13, 14, 15, 16, 20]",65520,40680,0.620879121,113,182,"[0, 4, 1, 2, 0, 1, 0, 0, 1]",[13]
"[7, 8, 9, 10, 12, 13, 14, 17, 20]",556920,345720,0.620771385,2881,4641,"[0, 1, 0, 2, 7, 0, 2, 0, 0]","[13, 17]"
"[7, 8, 10, 11, 12, 14, 15, 16, 19]",351120,217920,0.620642515,908,1463,"[0, 4, 1, 0, 2, 1, 0, 0, 0]","[11, 19]"
"[7, 8, 9, 10, 11, 12, 14, 17, 19]",8953560,5555160,0.620441478,15431,24871,"[0, 1, 0, 0, 0, 7, 2, 0, 0]","[11, 17, 19]"
"[7, 8, 9, 11, 12, 13, 14, 16, 20]",720720,447120,0.620379620,621,1001,"[0, 1, 0, 0, 7, 0, 2, 5, 0]","[11, 13]"
"[7, 8, 9, 10, 12, 14, 18, 19, 20]",47880,29700,0.620300752,165,266,"[0, 1, 0, 2, 7, 2, 3, 0, 0]",[19]
"[7, 8, 9, 10, 11, 12, 13, 17, 20]",6126120,3799080,0.620144561,10553,17017,"[0, 1, 0, 2, 0, 7, 0, 0, 0]","[7, 11, 13, 17]"
"[7, 8, 9, 10, 11, 12, 13, 17, 18]",6126120,3799080,0.620144561,10553,17017,"[0, 1, 0, 0, 0, 7, 0, 0, 2]","[7, 11, 13, 17]"
"[8, 9, 10, 12, 13, 14, 15, 16, 20]",65520,40620,0.619963370,677,1092,"[4, 1, 1, 2, 0, 1, 0, 0, 3]",[13]
"[8, 9, 10, 12, 13, 14, 15, 16, 18]",65520,40620,0.619963370,677,1092,"[4, 1, 1, 2, 0, 1, 0, 0, 5]",[13]
"[7, 8, 9, 10, 11, 12, 15, 17, 19]",8953560,5549400,0.619798158,15415,24871,"[0, 0, 1, 1, 0, 2, 0, 0, 0]","[7, 11, 17, 19]"
"[7, 8, 9, 11, 12, 14, 16, 17, 18]",188496,116816,0.619726679,1043,1683,"[0, 4, 0, 0, 2, 1, 0, 0, 1]","[11, 17]"
"[7, 8, 9, 10, 14, 15, 16, 18, 20]",5040,3122,0.619444444,223,360,"[0, 4, 1, 1, 1, 0, 0, 5, 2]",[]
"[7, 8, 9, 10, 13, 14, 15, 16, 20]",65520,40584,0.619413919,1691,2730,"[0, 4, 1, 1, 0, 1, 0, 0, 2]",[13]
"[7, 8, 9, 10, 11, 14, 15, 16, 18]",55440,34340,0.619408369,1717,2772,"[0, 2, 1, 1, 0, 1, 0, 0, 5]",[11]
"[7, 8, 9, 11, 12, 13, 15, 16, 18]",720720,446400,0.619380619,620,1001,"[0, 2, 1, 0, 5, 0, 0, 0, 7]","[7, 11, 13]"
"[8, 9, 10, 12, 13, 15, 16, 18, 20]",9360,5796,0.619230769,161,260,"[4, 1, 1, 2, 0, 0, 0, 5, 3]",[13]
"[7, 8, 10, 11, 12, 13, 14, 16, 17]",4084080,2528880,0.619204325,10537,17017,"[0, 4, 1, 0, 2, 0, 1, 0, 0]","[11, 13, 17]"
"[7, 8, 10, 12, 14, 15, 16, 17, 20]",28560,17680,0.619047619,13,21,"[0, 4, 1, 2, 1, 0, 0, 0, 3]",[17]
"[7, 8, 10, 11, 12, 14, 15, 18, 20]",27720,17160,0.619047619,13,21,"[0, 0, 1, 0, 2, 1, 0, 4, 3]",[11]
"[7, 8, 9, 11, 12, 14, 15, 18, 20]",27720,17160,0.619047619,13,21,"[0, 1, 0, 0, 7, 2, 2, 3, 0]",[11]
"[7, 8, 9, 10, 11, 13, 14, 16, 20]",720720,446160,0.619047619,13,21,"[0, 2, 0, 1, 0, 0, 1, 6, 0]","[11, 13]"
"[7, 8, 9, 10, 11, 12, 17, 18, 20]",471240,291720,0.619047619,13,21,"[0, 1, 0, 2, 0, 7, 0, 3, 0]","[7, 11, 17]"
"[7, 8, 9, 11, 12, 14, 15, 16, 19]",1053360,651960,0.618933698,1811,2926,"[0, 4, 1, 0, 2, 1, 0, 0, 0]","[11, 19]"
"[7, 8, 9, 12, 14, 15, 16, 18, 19]",95760,59220,0.618421053,47,76,"[0, 4, 1, 2, 1, 0, 0, 5, 0]",[19]
"[7, 8, 10, 11, 12, 13, 15, 16, 18]",720720,445680,0.618381618,619,1001,"[0, 4, 1, 0, 2, 0, 0, 0, 1]","[7, 11, 13]"
"[7, 8, 10, 11, 12, 13, 14, 15, 20]",120120,74280,0.618381618,619,1001,"[0, 0, 1, 0, 2, 0, 1, 0, 3]","[11, 13]"
"[7, 8, 10, 11, 12, 13, 14, 15, 18]",360360,222840,0.618381618,619,1001,"[0, 0, 1, 0, 2, 0, 1, 0, 4]","[11, 13]"
"[7, 8, 9, 11, 12, 13, 14, 15, 20]",360360,222840,0.618381618,619,1001,"[0, 1, 0, 0, 7, 0, 2, 2, 0]","[11, 13]"
"[7, 8, 9, 10, 12, 13, 14, 19, 20]",622440,384840,0.618276460,1069,1729,"[0, 1, 0, 2, 7, 0, 2, 0, 0]","[13, 19]"
"[7, 8, 10, 11, 12, 14, 16, 17, 20]",314160,194160,0.618029030,809,1309,"[0, 1, 2, 0, 3, 2, 5, 0, 0]","[11, 17]"
"[7, 8, 9, 10, 11, 15, 16, 18, 20]",55440,34260,0.617965368,571,924,"[0, 4, 1, 1, 0, 0, 0, 5, 2]","[7, 11]"
"[7, 8, 9, 10, 11, 12, 16, 17, 19]",17907120,11064240,0.617868200,1397,2261,"[0, 4, 0, 1, 0, 2, 0, 0, 0]","[7, 11, 17, 19]"
"[7, 8, 9, 11, 12, 14, 15, 17, 18]",471240,291080,0.617689500,7277,11781,"[0, 0, 1, 0, 2, 1, 0, 0, 5]","[11, 17]"
"[7, 8, 9, 10, 11, 12, 13, 19, 20]",6846840,4228920,0.617645512,11747,19019,"[0, 1, 0, 2, 0, 7, 0, 0, 0]","[7, 11, 13, 19]"
"[7, 8, 9, 10, 11, 12, 13, 18, 19]",6846840,4228920,0.617645512,11747,19019,"[0, 1, 0, 0, 0, 7, 0, 2, 0]","[7, 11, 13, 19]"
"[7, 8, 9, 11, 12, 13, 14, 16, 17]",2450448,1513488,0.617637265,31531,51051,"[0, 4, 0, 0, 2, 0, 1, 0, 0]","[11, 13, 17]"
"[7, 8, 10, 12, 13, 14, 15, 16, 17]",371280,229200,0.617323853,955,1547,"[0, 4, 1, 2, 0, 1, 0, 0, 0]","[13, 17]"
"[7, 8, 9, 11, 12, 14, 16, 18, 19]",210672,130032,0.617224880,129,209,"[0, 4, 0, 0, 2, 1, 0, 1, 0]","[11, 19]"
"[7, 8, 9, 10, 11, 13, 14, 15, 20]",360360,222360,0.617049617,1853,3003,"[0, 2, 0, 1, 0, 0, 1, 2, 0]","[11, 13]"
"[8, 9, 10, 11, 12, 14, 15, 18, 20]",27720,17100,0.616883117,95,154,"[1, 1, 2, 0, 11, 0, 0, 7, 4]",[11]
"[7, 8, 10, 11, 12, 13, 14, 16, 19]",4564560,2814960,0.616699090,11729,19019,"[0, 4, 1, 0, 2, 0, 1, 0, 0]","[11, 13, 19]"
"[7, 8, 10, 12, 14, 15, 16, 19, 20]",31920,19680,0.616541353,82,133,"[0, 4, 1, 2, 1, 0, 0, 0, 3]",[19]
"[7, 8, 9, 10, 11, 12, 18, 19, 20]",526680,324720,0.616541353,82,133,"[0, 1, 0, 2, 0, 7, 3, 0, 0]","[7, 11, 19]"
"[7, 8, 9, 12, 13, 15, 16, 18, 20]",65520,40392,0.616483516,561,910,"[0, 4, 1, 5, 0, 0, 0, 7, 2]","[7, 13]"
"[7, 8, 9, 10, 11, 14, 16, 18, 20]",55440,34160,0.616161616,61,99,"[0, 2, 0, 1, 0, 1, 6, 1, 0]",[11]
"[7, 8, 9, 11, 12, 13, 14, 15, 17]",6126120,3772200,0.615756792,31435,51051,"[0, 0, 1, 0, 2, 0, 1, 0, 0]","[11, 13, 17]"
"[7, 8, 9, 10, 12, 15, 17, 19, 20]",813960,501192,0.615745245,6961,11305,"[0, 1, 0, 2, 7, 8, 0, 0, 0]","[7, 17, 19]"
"[7, 8, 9, 10, 12, 15, 17, 18, 19]",813960,501192,0.615745245,6961,11305,"[0, 0, 1, 1, 2, 0, 0, 5, 0]","[7, 17, 19]"
"[7, 8, 9, 12, 13, 14, 15, 16, 17]",1113840,685680,0.615600086,2857,4641,"[0, 4, 1, 2, 0, 1, 0, 0, 0]","[13, 17]"
"[7, 8, 10, 11, 12, 14, 16, 19, 20]",351120,216120,0.615516063,1801,2926,"[0, 1, 2, 0, 3, 2, 5, 0, 0]","[11, 19]"
"[7, 8, 9, 10, 11, 14, 15, 18, 20]",27720,17060,0.615440115,853,1386,"[0, 2, 0, 2, 0, 1, 1, 3, 0]",[11]
"[7, 8, 10, 12, 13, 15, 16, 18, 20]",65520,40320,0.615384615,8,13,"[0, 4, 1, 2, 0, 0, 0, 1, 3]","[7, 13]"
"[7, 8, 10, 12, 13, 14, 16, 18, 20]",65520,40320,0.615384615,8,13,"[0, 1, 2, 3, 0, 2, 5, 1, 0]",[13]
"[7, 8, 9, 12, 13, 14, 16, 18, 20]",65520,40320,0.615384615,8,13,"[0, 1, 0, 7, 0, 2, 5, 2, 0]",[13]
"[7, 8, 9, 10, 11, 13, 15, 16, 20]",720720,443520,0.615384615,8,13,"[0, 2, 1, 1, 0, 0, 0, 0, 3]","[7, 11, 13]"
"[7, 8, 9, 10, 11, 13, 15, 16, 18]",720720,443520,0.615384615,8,13,"[0, 2, 1, 1, 0, 0, 0, 0, 5]","[7, 11, 13]"
"[7, 8, 9, 10, 11, 13, 14, 15, 18]",360360,221760,0.615384615,8,13,"[0, 0, 1, 1, 0, 0, 2, 0, 5]","[11, 13]"
"[7, 8, 10, 12, 14, 15, 16, 17, 18]",85680,52720,0.615312792,659,1071,"[0, 4, 1, 2, 1, 0, 0, 0, 1]",[17]
"[7, 8, 9, 11, 12, 14, 15, 18, 19]",526680,324000,0.615174299,900,1463,"[0, 0, 1, 0, 2, 1, 0, 5, 0]","[11, 19]"
"[8, 9, 10, 11, 12, 14, 15, 16, 17]",942480,579760,0.615143027,7247,11781,"[4, 1, 1, 0, 2, 1, 0, 0, 0]","[11, 17]"
"[7, 8, 9, 11, 12, 13, 14, 16, 19]",2738736,1684656,0.615121720,11699,19019,"[0, 4, 0, 0, 2, 0, 1, 0, 0]","[11, 13, 19]"
"[7, 8, 10, 11, 12, 15, 16, 17, 20]",314160,193200,0.614973262,115,187,"[0, 4, 1, 0, 2, 0, 0, 0, 3]","[7, 11, 17]"
"[7, 8, 10, 12, 13, 14, 15, 16, 19]",414960,255120,0.614806246,1063,1729,"[0, 4, 1, 2, 0, 1, 0, 0, 0]","[13, 19]"
"[7, 8, 10, 11, 12, 14, 16, 17, 18]",942480,579280,0.614633732,7241,11781,"[0, 1, 0, 0, 3, 2, 5, 0, 0]","[11, 17]"
"[7, 8, 9, 10, 11, 14, 15, 16, 17]",942480,579280,0.614633732,7241,11781,"[0, 2, 1, 1, 0, 1, 0, 0, 0]","[11, 17]"
"[7, 8, 9, 10, 12, 13, 14, 17, 19]",10581480,6503400,0.614602116,18065,29393,"[0, 1, 0, 0, 7, 0, 2, 0, 0]","[13, 17, 19]"
"[8, 9, 10, 11, 12, 13, 14, 15, 18]",360360,221400,0.614385614,615,1001,"[1, 1, 2, 0, 11, 0, 0, 0, 7]","[11, 13]"
"[7, 8, 9, 11, 12, 13, 15, 18, 20]",360360,221400,0.614385614,615,1001,"[0, 2, 0, 0, 1, 0, 2, 3, 0]","[7, 11, 13]"
"[7, 8, 9, 10, 12, 14, 17, 18, 19]",813960,500040,0.614329943,1389,2261,"[0, 1, 0, 0, 7, 2, 0, 3, 0]","[17, 19]"
"[7, 8, 9, 10, 12, 13, 15, 17, 19]",10581480,6496488,0.613948899,90229,146965,"[0, 0, 1, 1, 2, 0, 0, 0, 0]","[7, 13, 17, 19]"
"[7, 8, 9, 12, 13, 14, 16, 17, 18]",222768,136752,0.613876320,407,663,"[0, 4, 0, 2, 0, 1, 0, 0, 1]","[13, 17]"
"[8, 9, 10, 11, 12, 15, 16, 17, 20]",134640,82640,0.613784908,1033,1683,"[4, 1, 1, 0, 2, 0, 0, 0, 3]","[11, 17]"
"[8, 9, 10, 11, 12, 15, 16, 17, 18]",134640,82640,0.613784908,1033,1683,"[4, 1, 1, 0, 2, 0, 0, 0, 5]","[11, 17]"
"[7, 8, 9, 10, 11, 13, 14, 16, 18]",720720,442320,0.613719614,1843,3003,"[0, 2, 0, 1, 0, 0, 1, 0, 1]","[11, 13]"
"[7, 8, 9, 10, 12, 16, 17, 19, 20]",1627920,998928,0.613622291,991,1615,"[0, 1, 0, 2, 7, 5, 0, 0, 0]","[7, 17, 19]"
"[7, 8, 9, 10, 12, 16, 17, 18, 19]",1627920,998928,0.613622291,991,1615,"[0, 4, 0, 1, 2, 0, 0, 1, 0]","[7, 17, 19]"
"[7, 8, 9, 10, 13, 14, 15, 16, 18]",65520,40200,0.613553114,335,546,"[0, 2, 1, 1, 0, 1, 0, 0, 5]",[13]
"[7, 8, 9, 12, 14, 15, 16, 17, 20]",85680,52560,0.613445378,73,119,"[0, 4, 1, 2, 1, 0, 0, 0, 1]",[17]
"[7, 9, 10, 11, 12, 14, 15, 16, 18]",55440,34000,0.613275613,425,693,"[0, 1, 1, 0, 2, 1, 0, 0, 4]",[11]
"[7, 8, 9, 11, 12, 13, 14, 15, 19]",6846840,4198680,0.613228876,11663,19019,"[0, 0, 1, 0, 2, 0, 1, 0, 0]","[11, 13, 19]"
"[7, 8, 10, 12, 13, 14, 15, 18, 20]",32760,20088,0.613186813,279,455,"[0, 0, 1, 2, 0, 1, 0, 4, 3]",[13]
"[7, 8, 9, 12, 13, 14, 15, 18, 20]",32760,20088,0.613186813,279,455,"[0, 1, 0, 7, 0, 2, 2, 3, 0]",[13]
"[7, 8, 9, 10, 12, 13, 17, 18, 20]",556920,341496,0.613186813,279,455,"[0, 1, 0, 2, 7, 0, 0, 3, 0]","[7, 13, 17]"
"[7, 8, 9, 12, 13, 14, 15, 16, 19]",1244880,763200,0.613071139,1060,1729,"[0, 4, 1, 2, 0, 1, 0, 0, 0]","[13, 19]"
"[8, 9, 10, 11, 12, 13, 15, 18, 20]",51480,31560,0.613053613,263,429,"[1, 0, 2, 0, 7, 0, 8, 3, 0]","[11, 13]"
"[8, 9, 10, 11, 12, 13, 14, 16, 20]",720720,441840,0.613053613,263,429,"[1, 0, 2, 0, 7, 0, 0, 5, 0]","[11, 13]"
"[8, 9, 10, 11, 12, 13, 14, 16, 18]",720720,441840,0.613053613,263,429,"[4, 0, 1, 0, 2, 0, 1, 0, 1]","[11, 13]"
"[7, 8, 9, 11, 12, 14, 16, 17, 20]",942480,577680,0.612936084,2407,3927,"[0, 1, 0, 0, 7, 2, 5, 0, 0]","[11, 17]"
"[7, 8, 10, 12, 14, 15, 16, 18, 19]",95760,58680,0.612781955,163,266,"[0, 4, 1, 2, 1, 0, 0, 1, 0]",[19]
"[7, 8, 10, 11, 12, 13, 14, 15, 17]",2042040,1251000,0.612622671,10425,17017,"[0, 0, 1, 0, 2, 0, 1, 0, 0]","[11, 13, 17]"
"[8, 9, 10, 11, 12, 14, 15, 16, 19]",1053360,645300,0.612611073,3585,5852,"[4, 1, 1, 0, 2, 1, 0, 0, 0]","[11, 19]"
"[8, 9, 10, 12, 14, 15, 16, 17, 20]",85680,52480,0.612511671,656,1071,"[4, 1, 1, 2, 1, 0, 0, 0, 3]",[17]
"[8, 9, 10, 12, 14, 15, 16, 17, 18]",85680,52480,0.612511671,656,1071,"[4, 1, 1, 2, 1, 0, 0, 0, 5]",[17]
"[7, 8, 10, 11, 12, 15, 16, 19, 20]",351120,215040,0.612440191,128,209,"[0, 4, 1, 0, 2, 0, 0, 0, 3]","[7, 11, 19]"
"[7, 8, 9, 11, 12, 13, 16, 18, 20]",720720,441360,0.612387612,613,1001,"[0, 2, 0, 0, 1, 0, 6, 3, 0]","[7, 11, 13]"
"[8, 9, 10, 11, 12, 14, 16, 18, 20]",55440,33950,0.612373737,485,792,"[1, 0, 2, 0, 7, 0, 5, 3, 0]",[11]
"[7, 8, 10, 12, 13, 14, 16, 17, 20]",371280,227280,0.612152553,947,1547,"[0, 1, 2, 3, 0, 2, 5, 0, 0]","[13, 17]"
"[7, 8, 10, 11, 12, 14, 16, 18, 19]",1053360,644760,0.612098428,1791,2926,"[0, 1, 0, 0, 3, 2, 5, 0, 0]","[11, 19]"
"[7, 8, 9, 10, 11, 14, 15, 16, 19]",1053360,644760,0.612098428,1791,2926,"[0, 2, 1, 1, 0, 1, 0, 0, 0]","[11, 19]"
"[7, 8, 9, 10, 13, 15, 16, 18, 20]",65520,40104,0.612087912,557,910,"[0, 4, 1, 1, 0, 0, 0, 5, 2]","[7, 13]"
"[7, 8, 9, 10, 12, 13, 16, 17, 19]",21162960,12951504,0.611989249,89941,146965,"[0, 4, 0, 1, 2, 0, 0, 0, 0]","[7, 13, 17, 19]"
"[7, 8, 9, 10, 14, 15, 16, 17, 20]",85680,52432,0.611951447,3277,5355,"[0, 4, 1, 1, 1, 0, 0, 0, 2]",[17]
"[7, 8, 9, 11, 12, 15, 16, 17, 18]",942480,576720,0.611917494,801,1309,"[0, 2, 1, 0, 5, 0, 0, 0, 7]","[7, 11, 17]"
"[7, 8, 9, 12, 13, 14, 15, 17, 18]",556920,340728,0.611807800,14197,23205,"[0, 0, 1, 2, 0, 1, 0, 0, 5]","[13, 17]"
"[8, 9, 10, 12, 15, 16, 17, 18, 20]",12240,7488,0.611764706,52,85,"[4, 1, 1, 2, 0, 0, 0, 5, 3]",[17]
"[7, 8, 9, 10, 11, 12, 13, 17, 19]",116396280,71191800,0.611632949,197755,323323,"[0, 1, 0, 0, 0, 7, 0, 0, 0]","[7, 11, 13, 17, 19]"
"[7, 8, 9, 10, 11, 14, 16, 17, 20]",942480,576400,0.611577965,655,1071,"[0, 2, 0, 1, 0, 1, 6, 0, 0]","[11, 17]"
"[8, 9, 10, 11, 12, 13, 14, 15, 20]",360360,220320,0.611388611,612,1001,"[1, 1, 2, 0, 11, 0, 0, 0, 4]","[11, 13]"
"[7, 8, 10, 11, 12, 13, 16, 18, 20]",720720,440640,0.611388611,612,1001,"[0, 1, 2, 0, 3, 0, 5, 0, 0]","[7, 11, 13]"
"[7, 8, 9, 11, 12, 13, 15, 16, 20]",720720,440640,0.611388611,612,1001,"[0, 1, 1, 0, 2, 0, 0, 0, 3]","[7, 11, 13]"
"[7, 8, 9, 11, 12, 13, 14, 17, 18]",1225224,749064,0.611369023,31211,51051,"[0, 0, 0, 0, 2, 0, 1, 0, 1]","[11, 13, 17]"
"[7, 8, 9, 10, 11, 13, 14, 16, 17]",12252240,7490640,0.611369023,31211,51051,"[0, 2, 0, 1, 0, 0, 1, 0, 0]","[11, 13, 17]"
"[7, 8, 9, 12, 13, 14, 16, 18, 19]",248976,152208,0.611336032,151,247,"[0, 4, 0, 2, 0, 1, 0, 1, 0]","[13, 19]"
"[8, 9, 10, 11, 12, 15, 16, 19, 20]",150480,91980,0.611244019,511,836,"[4, 1, 1, 0, 2, 0, 0, 0, 3]","[11, 19]"
"[8, 9, 10, 11, 12, 15, 16, 18, 19]",150480,91980,0.611244019,511,836,"[4, 1, 1, 0, 2, 0, 0, 5, 0]","[11, 19]"
"[7, 9, 10, 11, 12, 13, 14, 15, 18]",180180,110100,0.611055611,1835,3003,"[0, 0, 0, 0, 1, 0, 2, 2, 3]","[11, 13]"
"[8, 9, 10, 12, 13, 14, 15, 18, 20]",32760,20016,0.610989011,278,455,"[1, 1, 2, 11, 0, 0, 0, 7, 4]",[13]
"[7, 8, 9, 12, 14, 15, 16, 19, 20]",95760,58500,0.610902256,325,532,"[0, 4, 1, 2, 1, 0, 0, 0, 1]",[19]
"[7, 8, 10, 11, 12, 15, 16, 17, 18]",942480,575760,0.610898905,2399,3927,"[0, 4, 1, 0, 2, 0, 0, 0, 1]","[7, 11, 17]"
"[7, 8, 10, 11, 12, 14, 15, 17, 20]",157080,95960,0.610898905,2399,3927,"[0, 0, 1, 0, 2, 1, 0, 0, 3]","[11, 17]"
"[7, 8, 10, 11, 12, 14, 15, 17, 18]",471240,287880,0.610898905,2399,3927,"[0, 0, 1, 0, 2, 1, 0, 0, 4]","[11, 17]"
"[7, 8, 9, 11, 12, 14, 15, 17, 20]",471240,287880,0.610898905,2399,3927,"[0, 1, 0, 0, 7, 2, 2, 0, 0]","[11, 17]"
"[7, 8, 9, 10, 12, 14, 17, 19, 20]",813960,497160,0.610791685,1381,2261,"[0, 1, 0, 2, 7, 2, 0, 0, 0]","[17, 19]"
"[7, 8, 10, 11, 12, 13, 15, 16, 17]",4084080,2494320,0.610742199,10393,17017,"[0, 4, 1, 0, 2, 0, 0, 0, 0]","[7, 11, 13, 17]"
"[7, 8, 9, 10, 12, 13, 18, 19, 20]",622440,380088,0.610641990,5279,8645,"[0, 1, 0, 2, 7, 0, 3, 0, 0]","[7, 13, 19]"
"[7, 8, 10, 11, 12, 13, 15, 18, 20]",360360,219960,0.610389610,47,77,"[0, 0, 1, 0, 2, 0, 0, 4, 3]","[7, 11, 13]"
"[7, 8, 10, 11, 12, 13, 14, 18, 20]",360360,219960,0.610389610,47,77,"[0, 1, 2, 0, 3, 0, 2, 1, 0]","[11, 13]"
"[7, 8, 9, 11, 12, 14, 16, 19, 20]",1053360,642960,0.610389610,47,77,"[0, 1, 0, 0, 7, 2, 5, 0, 0]","[11, 19]"
"[7, 8, 9, 11, 12, 13, 14, 18, 20]",360360,219960,0.610389610,47,77,"[0, 1, 0, 0, 7, 0, 2, 2, 0]","[11, 13]"
"[7, 8, 9, 10, 11, 13, 15, 18, 20]",360360,219960,0.610389610,47,77,"[0, 2, 0, 1, 0, 0, 2, 1, 0]","[7, 11, 13]"
"[7, 8, 9, 10, 13, 14, 16, 18, 20]",65520,39984,0.610256410,119,195,"[0, 2, 0, 1, 0, 1, 6, 1, 0]",[13]
"[7, 8, 9, 10, 11, 12, 17, 19, 20]",8953560,5463000,0.610148366,15175,24871,"[0, 1, 0, 2, 0, 7, 0, 0, 0]","[7, 11, 17, 19]"
"[7, 8, 9, 10, 11, 12, 17, 18, 19]",8953560,5463000,0.610148366,15175,24871,"[0, 1, 0, 0, 0, 7, 0, 2, 0]","[7, 11, 17, 19]"
"[7, 8, 10, 11, 12, 13, 14, 15, 19]",2282280,1392360,0.610074136,11603,19019,"[0, 0, 1, 0, 2, 0, 1, 0, 0]","[11, 13, 19]"
"[8, 9, 10, 12, 14, 15, 16, 19, 20]",95760,58410,0.609962406,649,1064,"[4, 1, 1, 2, 1, 0, 0, 0, 3]",[19]
"[8, 9, 10, 12, 14, 15, 16, 18, 19]",95760,58410,0.609962406,649,1064,"[4, 1, 1, 2, 1, 0, 0, 5, 0]",[19]
"[7, 8, 10, 12, 13, 14, 16, 19, 20]",414960,252960,0.609600925,1054,1729,"[0, 1, 2, 3, 0, 2, 5, 0, 0]","[13, 19]"
"[7, 8, 9, 10, 11, 14, 15, 17, 20]",471240,287240,0.609540786,7181,11781,"[0, 2, 0, 1, 0, 1, 2, 0, 0]","[11, 17]"
"[7, 8, 9, 10, 13, 14, 15, 18, 20]",32760,19968,0.609523810,64,105,"[0, 2, 0, 2, 0, 1, 1, 3, 0]",[13]
"[7, 8, 9, 10, 11, 13, 14, 15, 17]",6126120,3733800,0.609488551,4445,7293,"[0, 0, 1, 1, 0, 0, 1, 0, 0]","[11, 13, 17]"
"[7, 8, 9, 10, 14, 15, 16, 19, 20]",95760,58356,0.609398496,1621,2660,"[0, 4, 1, 1, 1, 0, 0, 0, 2]",[19]
"[7, 8, 9, 11, 12, 15, 16, 18, 19]",1053360,641880,0.609364320,1783,2926,"[0, 2, 1, 0, 5, 0, 0, 7, 0]","[7, 11, 19]"
"[7, 8, 9, 12, 13, 14, 15, 18, 19]",622440,379224,0.609253904,5267,8645,"[0, 0, 1, 2, 0, 1, 0, 5, 0]","[13, 19]"
"[8, 9, 10, 12, 13, 14, 15, 16, 17]",1113840,678576,0.609222150,14137,23205,"[4, 1, 1, 2, 0, 1, 0, 0, 0]","[13, 17]"
"[8, 9, 10, 12, 15, 16, 18, 19, 20]",13680,8334,0.609210526,463,760,"[4, 1, 1, 2, 0, 0, 5, 0, 3]",[19]
"[7, 8, 10, 11, 12, 14, 16, 17, 19]",5969040,3636240,0.609183386,15151,24871,"[0, 4, 1, 0, 2, 1, 0, 0, 0]","[11, 17, 19]"
"[7, 8, 10, 12, 13, 15, 16, 17, 20]",371280,226128,0.609049774,673,1105,"[0, 4, 1, 2, 0, 0, 0, 0, 3]","[7, 13, 17]"
"[7, 8, 9, 10, 11, 14, 16, 19, 20]",1053360,641520,0.609022556,81,133,"[0, 2, 0, 1, 0, 1, 6, 0, 0]","[11, 19]"
"[7, 8, 9, 12, 15, 16, 17, 18, 20]",85680,52176,0.608963585,1087,1785,"[0, 4, 1, 5, 0, 0, 0, 7, 2]","[7, 17]"
"[7, 9, 10, 11, 12, 14, 15, 18, 20]",13860,8440,0.608946609,422,693,"[0, 0, 1, 0, 2, 1, 4, 6, 0]",[11]
"[7, 8, 9, 11, 12, 13, 14, 18, 19]",1369368,833688,0.608812240,11579,19019,"[0, 0, 0, 0, 2, 0, 1, 1, 0]","[11, 13, 19]"
"[7, 8, 9, 10, 11, 13, 14, 16, 19]",13693680,8336880,0.608812240,11579,19019,"[0, 2, 0, 1, 0, 0, 1, 0, 0]","[11, 13, 19]"
"[7, 8, 10, 12, 13, 14, 16, 17, 18]",1113840,678000,0.608705020,2825,4641,"[0, 1, 0, 3, 0, 2, 5, 0, 0]","[13, 17]"
"[7, 8, 9, 10, 13, 14, 15, 16, 17]",1113840,678000,0.608705020,2825,4641,"[0, 2, 1, 1, 0, 1, 0, 0, 0]","[13, 17]"
"[8, 9, 10, 11, 12, 13, 16, 18, 20]",102960,62640,0.608391608,87,143,"[1, 0, 2, 0, 7, 0, 5, 2, 0]","[11, 13]"
"[8, 9, 10, 11, 12, 13, 15, 16, 17]",1750320,1064880,0.608391608,87,143,"[4, 1, 1, 0, 2, 0, 0, 0, 0]","[11, 13, 17]"
"[7, 8, 9, 10, 11, 13, 16, 18, 20]",720720,438480,0.608391608,87,143,"[0, 2, 0, 1, 0, 0, 6, 1, 0]","[7, 11, 13]"
"[7, 8, 10, 11, 12, 15, 16, 18, 19]",1053360,640800,0.608339029,890,1463,"[0, 4, 1, 0, 2, 0, 0, 1, 0]","[7, 11, 19]"
"[7, 8, 10, 11, 12, 14, 15, 19, 20]",175560,106800,0.608339029,890,1463,"[0, 0, 1, 0, 2, 1, 0, 0, 3]","[11, 19]"
"[7, 8, 10, 11, 12, 14, 15, 18, 19]",526680,320400,0.608339029,890,1463,"[0, 0, 1, 0, 2, 1, 0, 4, 0]","[11, 19]"
"[7, 8, 9, 11, 12, 14, 15, 19, 20]",526680,320400,0.608339029,890,1463,"[0, 1, 0, 0, 7, 2, 2, 0, 0]","[11, 19]"
"[7, 8, 10, 11, 12, 13, 15, 16, 19]",4564560,2776080,0.608181292,11567,19019,"[0, 4, 1, 0, 2, 0, 0, 0, 0]","[7, 11, 13, 19]"
"[7, 9, 10, 11, 12, 13, 14, 15, 16]",720720,438240,0.608058608,166,273,"[0, 1, 1, 0, 2, 0, 1, 0, 0]","[11, 13]"
"[7, 8, 10, 11, 12, 13, 16, 17, 20]",4084080,2482800,0.607921490,10345,17017,"[0, 1, 2, 0, 3, 0, 5, 0, 0]","[7, 11, 13, 17]"
"[7, 8, 9, 10, 11, 13, 15, 16, 17]",12252240,7448400,0.607921490,10345,17017,"[0, 2, 1, 1, 0, 0, 0, 0, 0]","[7, 11, 13, 17]"
"[8, 9, 10, 12, 13, 15, 16, 17, 20]",159120,96720,0.607843137,31,51,"[4, 1, 1, 2, 0, 0, 0, 0, 3]","[13, 17]"
"[8, 9, 10, 12, 13, 15, 16, 17, 18]",159120,96720,0.607843137,31,51,"[4, 1, 1, 2, 0, 0, 0, 0, 5]","[13, 17]"
"[7, 8, 10, 12, 15, 16, 17, 18, 20]",85680,52080,0.607843137,31,51,"[0, 4, 1, 2, 0, 0, 0, 1, 3]","[7, 17]"
"[7, 8, 10, 12, 14, 16, 17, 18, 20]",85680,52080,0.607843137,31,51,"[0, 1, 2, 3, 2, 5, 0, 1, 0]",[17]
"[7, 8, 9, 12, 14, 16, 17, 18, 20]",85680,52080,0.607843137,31,51,"[0, 1, 0, 7, 2, 5, 0, 2, 0]",[17]
"[7, 8, 9, 10, 11, 15, 16, 17, 20]",942480,572880,0.607843137,31,51,"[0, 2, 1, 1, 0, 0, 0, 0, 3]","[7, 11, 17]"
"[7, 8, 9, 10, 11, 15, 16, 17, 18]",942480,572880,0.607843137,31,51,"[0, 2, 1, 1, 0, 0, 0, 0, 5]","[7, 11, 17]"
"[7, 8, 9, 10, 11, 14, 15, 17, 18]",471240,286440,0.607843137,31,51,"[0, 0, 1, 1, 0, 2, 0, 0, 5]","[11, 17]"
"[7, 8, 9, 11, 12, 14, 16, 17, 19]",3581424,2175984,0.607575087,15111,24871,"[0, 4, 0, 0, 2, 1, 0, 0, 0]","[11, 17, 19]"
"[7, 9, 10, 12, 13, 14, 15, 16, 18]",65520,39792,0.607326007,829,1365,"[0, 1, 1, 2, 0, 1, 0, 0, 4]",[13]
"[7, 8, 10, 12, 14, 15, 16, 17, 19]",542640,329520,0.607253428,1373,2261,"[0, 4, 1, 2, 1, 0, 0, 0, 0]","[17, 19]"
"[7, 8, 9, 10, 11, 13, 14, 18, 20]",360360,218760,0.607059607,1823,3003,"[0, 2, 0, 2, 0, 0, 1, 1, 0]","[11, 13]"
"[7, 8, 9, 12, 13, 14, 16, 17, 20]",1113840,676080,0.606981254,939,1547,"[0, 1, 0, 7, 0, 2, 5, 0, 0]","[13, 17]"
"[7, 8, 9, 11, 12, 13, 15, 17, 18]",6126120,3718440,0.606981254,939,1547,"[0, 0, 1, 0, 2, 0, 0, 0, 5]","[7, 11, 13, 17]"
"[7, 8, 9, 10, 11, 14, 15, 19, 20]",526680,319680,0.606971975,888,1463,"[0, 2, 0, 1, 0, 1, 2, 0, 0]","[11, 19]"
"[7, 8, 9, 10, 11, 13, 14, 15, 19]",6846840,4155480,0.606919396,1649,2717,"[0, 0, 1, 1, 0, 0, 1, 0, 0]","[11, 13, 19]"
"[8, 9, 10, 11, 12, 14, 15, 17, 18]",471240,285960,0.606824548,2383,3927,"[1, 1, 2, 0, 11, 0, 0, 0, 7]","[11, 17]"
"[7, 8, 9, 11, 12, 15, 17, 18, 20]",471240,285960,0.606824548,2383,3927,"[0, 2, 0, 0, 1, 2, 0, 3, 0]","[7, 11, 17]"
"[8, 9, 10, 12, 13, 14, 15, 16, 19]",1244880,755208,0.606651243,10489,17290,"[4, 1, 1, 2, 0, 1, 0, 0, 0]","[13, 19]"
"[7, 8, 10, 12, 13, 15, 16, 19, 20]",414960,251664,0.606477733,749,1235,"[0, 4, 1, 2, 0, 0, 0, 0, 3]","[7, 13, 19]"
"[8, 9, 10, 12, 13, 14, 16, 18, 20]",65520,39732,0.606410256,473,780,"[1, 0, 2, 7, 0, 0, 5, 3, 0]",[13]
"[7, 8, 10, 11, 13, 14, 15, 16, 20]",240240,145680,0.606393606,607,1001,"[0, 4, 1, 0, 0, 1, 0, 0, 2]","[11, 13]"
"[7, 8, 9, 12, 15, 16, 18, 19, 20]",95760,58068,0.606390977,1613,2660,"[0, 4, 1, 5, 0, 0, 7, 0, 2]","[7, 19]"
"[7, 9, 10, 12, 14, 15, 16, 18, 20]",5040,3056,0.606349206,191,315,"[0, 1, 1, 2, 1, 0, 0, 4, 3]",[]
"[7, 8, 9, 10, 11, 14, 16, 17, 18]",942480,571280,0.606145488,7141,11781,"[0, 2, 0, 1, 0, 1, 0, 0, 1]","[11, 17]"
"[7, 8, 10, 12, 13, 14, 16, 18, 19]",1244880,754560,0.606130711,1048,1729,"[0, 1, 0, 3, 0, 2, 5, 0, 0]","[13, 19]"
"[7, 8, 9, 10, 13, 14, 15, 16, 19]",1244880,754560,0.606130711,1048,1729,"[0, 2, 1, 1, 0, 1, 0, 0, 0]","[13, 19]"
"[7, 9, 10, 11, 12, 15, 16, 18, 20]",55440,33600,0.606060606,20,33,"[0, 1, 1, 0, 2, 0, 0, 4, 3]","[7, 11]"
"[7, 8, 9, 10, 14, 15, 16, 17, 18]",85680,51920,0.605975724,649,1071,"[0, 2, 1, 1, 1, 0, 0, 0, 5]",[17]
"[7, 8, 9, 12, 13, 15, 16, 17, 18]",1113840,674928,0.605946994,4687,7735,"[0, 2, 1, 5, 0, 0, 0, 0, 7]","[7, 13, 17]"
"[8, 9, 10, 11, 12, 13, 15, 16, 19]",1956240,1185120,0.605815237,1646,2717,"[4, 1, 1, 0, 2, 0, 0, 0, 0]","[11, 13, 19]"
"[8, 9, 10, 11, 12, 13, 14, 16, 17]",12252240,7421520,0.605727606,1819,3003,"[4, 0, 1, 0, 2, 0, 1, 0, 0]","[11, 13, 17]"
"[7, 8, 9, 11, 12, 14, 15, 17, 19]",8953560,5422680,0.605645129,15063,24871,"[0, 0, 1, 0, 2, 1, 0, 0, 0]","[11, 17, 19]"
"[7, 8, 10, 12, 14, 15, 17, 18, 20]",42840,25944,0.605602241,1081,1785,"[0, 0, 1, 2, 1, 0, 0, 4, 3]",[17]
"[7, 8, 9, 12, 14, 15, 17, 18, 20]",42840,25944,0.605602241,1081,1785,"[0, 1, 0, 7, 2, 2, 0, 3, 0]",[17]
"[7, 8, 9, 10, 13, 14, 16, 17, 20]",1113840,674544,0.605602241,1081,1785,"[0, 2, 0, 1, 0, 1, 6, 0, 0]","[13, 17]"
"[7, 8, 9, 12, 14, 15, 16, 17, 19]",1627920,985680,0.605484299,1369,2261,"[0, 4, 1, 2, 1, 0, 0, 0, 0]","[17, 19]"
"[8, 9, 10, 11, 12, 15, 17, 18, 20]",67320,40760,0.605466429,1019,1683,"[1, 0, 2, 0, 7, 8, 0, 3, 0]","[11, 17]"
"[8, 9, 10, 11, 12, 14, 16, 17, 20]",942480,570640,0.605466429,1019,1683,"[1, 0, 2, 0, 7, 0, 5, 0, 0]","[11, 17]"
"[8, 9, 10, 11, 12, 14, 16, 17, 18]",942480,570640,0.605466429,1019,1683,"[4, 0, 1, 0, 2, 1, 0, 0, 1]","[11, 17]"
"[7, 8, 10, 11, 12, 13, 16, 19, 20]",4564560,2763120,0.605342026,11513,19019,"[0, 1, 2, 0, 3, 0, 5, 0, 0]","[7, 11, 13, 19]"
"[7, 8, 9, 10, 11, 13, 15, 16, 19]",13693680,8289360,0.605342026,11513,19019,"[0, 2, 1, 1, 0, 0, 0, 0, 0]","[7, 11, 13, 19]"
"[8, 9, 10, 12, 13, 15, 16, 19, 20]",177840,107640,0.605263158,23,38,"[4, 1, 1, 2, 0, 0, 0, 0, 3]","[13, 19]"
"[8, 9, 10, 12, 13, 15, 16, 18, 19]",177840,107640,0.605263158,23,38,"[4, 1, 1, 2, 0, 0, 0, 5, 0]","[13, 19]"
"[7, 8, 10, 12, 15, 16, 18, 19, 20]",95760,57960,0.605263158,23,38,"[0, 4, 1, 2, 0, 0, 1, 0, 3]","[7, 19]"
"[7, 8, 10, 12, 14, 16, 18, 19, 20]",95760,57960,0.605263158,23,38,"[0, 1, 2, 3, 2, 5, 1, 0, 0]",[19]
"[7, 8, 9, 12, 14, 16, 18, 19, 20]",95760,57960,0.605263158,23,38,"[0, 1, 0, 7, 2, 5, 2, 0, 0]",[19]
"[7, 8, 9, 10, 11, 15, 16, 19, 20]",1053360,637560,0.605263158,23,38,"[0, 2, 1, 1, 0, 0, 0, 0, 3]","[7, 11, 19]"
"[7, 8, 9, 10, 11, 15, 16, 18, 19]",1053360,637560,0.605263158,23,38,"[0, 2, 1, 1, 0, 0, 0, 5, 0]","[7, 11, 19]"
"[7, 8, 9, 10, 11, 14, 15, 18, 19]",526680,318780,0.605263158,23,38,"[0, 0, 1, 1, 0, 2, 0, 5, 0]","[11, 19]"
"[7, 8, 10, 11, 12, 13, 15, 17, 20]",2042040,1235640,0.605100782,1471,2431,"[0, 0, 1, 0, 2, 0, 0, 0, 3]","[7, 11, 13, 17]"
"[7, 8, 10, 11, 12, 13, 14, 17, 20]",2042040,1235640,0.605100782,1471,2431,"[0, 1, 2, 0, 3, 0, 2, 0, 0]","[11, 13, 17]"
"[7, 8, 10, 11, 12, 13, 14, 17, 18]",6126120,3706920,0.605100782,1471,2431,"[0, 0, 1, 0, 2, 0, 1, 0, 0]","[11, 13, 17]"
"[7, 8, 9, 11, 12, 13, 16, 17, 18]",2450448,1482768,0.605100782,1471,2431,"[0, 2, 0, 0, 1, 0, 0, 0, 3]","[7, 11, 13, 17]"
"[7, 8, 9, 11, 12, 13, 14, 17, 20]",6126120,3706920,0.605100782,1471,2431,"[0, 1, 0, 0, 7, 0, 2, 0, 0]","[11, 13, 17]"
"[7, 8, 10, 12, 13, 15, 16, 17, 18]",1113840,673776,0.604912734,4679,7735,"[0, 4, 1, 2, 0, 0, 0, 0, 1]","[7, 13, 17]"
"[7, 8, 10, 12, 13, 14, 15, 17, 20]",185640,112296,0.604912734,4679,7735,"[0, 0, 1, 2, 0, 1, 0, 0, 3]","[13, 17]"
"[7, 8, 10, 12, 13, 14, 15, 17, 18]",556920,336888,0.604912734,4679,7735,"[0, 0, 1, 2, 0, 1, 0, 0, 4]","[13, 17]"
"[7, 8, 9, 12, 13, 14, 15, 17, 20]",556920,336888,0.604912734,4679,7735,"[0, 1, 0, 7, 0, 2, 2, 0, 0]","[13, 17]"
"[7, 8, 9, 11, 12, 16, 17, 18, 20]",942480,570000,0.604787369,2375,3927,"[0, 2, 0, 0, 1, 6, 0, 3, 0]","[7, 11, 17]"
"[7, 8, 9, 10, 15, 16, 17, 18, 20]",85680,51792,0.604481793,1079,1785,"[0, 4, 1, 1, 0, 0, 0, 5, 2]","[7, 17]"
"[7, 9, 10, 11, 12, 13, 15, 18, 20]",180180,108900,0.604395604,55,91,"[0, 0, 2, 0, 1, 0, 8, 3, 0]","[7, 11, 13]"
"[7, 9, 10, 11, 12, 13, 15, 16, 18]",720720,435600,0.604395604,55,91,"[0, 1, 1, 0, 2, 0, 0, 0, 4]","[7, 11, 13]"
"[7, 8, 9, 12, 13, 14, 16, 19, 20]",1244880,752400,0.604395604,55,91,"[0, 1, 0, 7, 0, 2, 5, 0, 0]","[13, 19]"
"[7, 8, 9, 11, 12, 13, 15, 18, 19]",6846840,4138200,0.604395604,55,91,"[0, 0, 1, 0, 2, 0, 0, 5, 0]","[7, 11, 13, 19]"
"[7, 9, 10, 11, 12, 14, 15, 16, 20]",55440,33500,0.604256854,1675,2772,"[0, 1, 1, 0, 2, 1, 0, 0, 3]",[11]
"[8, 9, 10, 11, 12, 14, 15, 18, 19]",526680,318240,0.604237867,884,1463,"[1, 1, 2, 0, 11, 0, 0, 7, 0]","[11, 19]"
"[7, 8, 9, 11, 12, 15, 18, 19, 20]",526680,318240,0.604237867,884,1463,"[0, 2, 0, 0, 1, 2, 3, 0, 0]","[7, 11, 19]"
"[8, 9, 10, 11, 12, 13, 14, 15, 17]",6126120,3701160,0.604160545,10281,17017,"[1, 1, 2, 0, 11, 0, 0, 0, 0]","[11, 13, 17]"
"[7, 8, 10, 11, 12, 13, 16, 17, 18]",12252240,7402320,0.604160545,10281,17017,"[0, 1, 0, 0, 3, 0, 5, 0, 0]","[7, 11, 13, 17]"
"[7, 8, 9, 11, 12, 13, 15, 16, 17]",12252240,7402320,0.604160545,10281,17017,"[0, 1, 1, 0, 2, 0, 0, 0, 0]","[7, 11, 13, 17]"
"[7, 8, 9, 10, 12, 13, 17, 19, 20]",10581480,6392808,0.604150648,88789,146965,"[0, 1, 0, 2, 7, 0, 0, 0, 0]","[7, 13, 17, 19]"
"[7, 8, 9, 10, 12, 13, 17, 18, 19]",10581480,6392808,0.604150648,88789,146965,"[0, 1, 0, 0, 7, 0, 0, 2, 0]","[7, 13, 17, 19]"
"[7, 8, 9, 10, 11, 13, 14, 17, 20]",6126120,3699240,0.603847133,30827,51051,"[0, 2, 0, 1, 0, 0, 1, 0, 0]","[11, 13, 17]"
"[8, 9, 10, 11, 12, 14, 15, 17, 20]",471240,284520,0.603768780,2371,3927,"[1, 1, 2, 0, 11, 0, 0, 0, 4]","[11, 17]"
"[7, 8, 10, 11, 12, 16, 17, 18, 20]",942480,569040,0.603768780,2371,3927,"[0, 1, 2, 0, 3, 5, 0, 0, 0]","[7, 11, 17]"
"[7, 8, 9, 11, 12, 15, 16, 17, 20]",942480,569040,0.603768780,2371,3927,"[0, 1, 1, 0, 2, 0, 0, 0, 3]","[7, 11, 17]"
"[7, 9, 10, 11, 12, 13, 14, 15, 20]",180180,108780,0.603729604,259,429,"[0, 0, 2, 0, 1, 0, 1, 8, 0]","[11, 13]"
"[7, 8, 11, 12, 13, 14, 15, 16, 18]",720720,435120,0.603729604,259,429,"[0, 4, 0, 2, 0, 1, 0, 0, 1]","[11, 13]"
"[7, 8, 9, 12, 14, 16, 17, 18, 19]",325584,196560,0.603715170,195,323,"[0, 4, 0, 2, 1, 0, 0, 1, 0]","[17, 19]"
"[7, 8, 9, 10, 11, 14, 16, 18, 19]",1053360,635760,0.603554340,883,1463,"[0, 2, 0, 1, 0, 1, 0, 1, 0]","[11, 19]"
"[7, 8, 9, 11, 14, 15, 16, 18, 20]",55440,33460,0.603535354,239,396,"[0, 4, 1, 0, 1, 0, 0, 5, 2]",[11]
"[7, 8, 9, 10, 13, 14, 15, 17, 20]",556920,336120,0.603533721,2801,4641,"[0, 2, 0, 1, 0, 1, 2, 0, 0]","[13, 17]"
"[7, 9, 10, 11, 12, 14, 15, 17, 18]",235620,142180,0.603429250,7109,11781,"[0, 0, 0, 0, 1, 2, 2, 0, 3]","[11, 17]"
"[7, 8, 9, 10, 14, 15, 16, 18, 19]",95760,57780,0.603383459,321,532,"[0, 2, 1, 1, 1, 0, 0, 5, 0]",[19]
"[8, 9, 10, 12, 14, 15, 17, 18, 20]",42840,25848,0.603361345,359,595,"[1, 1, 2, 11, 0, 0, 0, 7, 4]",[17]
"[7, 8, 9, 12, 13, 15, 16, 18, 19]",1244880,751104,0.603354540,5216,8645,"[0, 2, 1, 5, 0, 0, 0, 7, 0]","[7, 13, 19]"
"[7, 8, 9, 10, 11, 13, 15, 17, 20]",6126120,3695400,0.603220309,10265,17017,"[0, 1, 0, 2, 0, 0, 1, 0, 0]","[7, 11, 13, 17]"
"[7, 8, 9, 10, 11, 13, 15, 17, 18]",6126120,3695400,0.603220309,10265,17017,"[0, 0, 1, 1, 0, 0, 0, 0, 5]","[7, 11, 13, 17]"
"[7, 8, 10, 12, 13, 14, 16, 17, 19]",7054320,4254960,0.603170823,17729,29393,"[0, 4, 1, 2, 0, 1, 0, 0, 0]","[13, 17, 19]"
"[8, 9, 10, 11, 12, 13, 14, 16, 19]",13693680,8259120,0.603133708,11471,19019,"[4, 0, 1, 0, 2, 0, 1, 0, 0]","[11, 13, 19]"
"[7, 8, 10, 12, 14, 15, 18, 19, 20]",47880,28872,0.603007519,401,665,"[0, 0, 1, 2, 1, 0, 4, 0, 3]",[19]
"[7, 8, 9, 12, 14, 15, 18, 19, 20]",47880,28872,0.603007519,401,665,"[0, 1, 0, 7, 2, 2, 3, 0, 0]",[19]
"[7, 8, 9, 10, 13, 14, 16, 19, 20]",1244880,750672,0.603007519,401,665,"[0, 2, 0, 1, 0, 1, 6, 0, 0]","[13, 19]"
"[7, 8, 9, 10, 12, 17, 18, 19, 20]",813960,490824,0.603007519,401,665,"[0, 1, 0, 2, 7, 0, 3, 0, 0]","[7, 17, 19]"
"[7, 9, 10, 12, 13, 14, 15, 18, 20]",16380,9876,0.602930403,823,1365,"[0, 0, 1, 2, 0, 1, 4, 6, 0]",[13]
"[8, 9, 10, 11, 12, 13, 15, 17, 20]",875160,527640,0.602906897,4397,7293,"[1, 0, 2, 0, 7, 0, 8, 0, 0]","[11, 13, 17]"
"[8, 9, 10, 11, 12, 13, 15, 17, 18]",875160,527640,0.602906897,4397,7293,"[0, 1, 1, 0, 2, 0, 0, 0, 5]","[11, 13, 17]"
"[8, 9, 10, 11, 12, 15, 18, 19, 20]",75240,45360,0.602870813,126,209,"[1, 0, 2, 0, 7, 8, 3, 0, 0]","[11, 19]"
"[8, 9, 10, 11, 12, 14, 16, 19, 20]",1053360,635040,0.602870813,126,209,"[1, 0, 2, 0, 7, 0, 5, 0, 0]","[11, 19]"
"[8, 9, 10, 11, 12, 14, 16, 18, 19]",1053360,635040,0.602870813,126,209,"[4, 0, 1, 0, 2, 1, 0, 1, 0]","[11, 19]"
"[7, 8, 10, 11, 12, 15, 17, 18, 20]",471240,284040,0.602750191,789,1309,"[0, 0, 1, 0, 2, 0, 0, 4, 3]","[7, 11, 17]"
"[7, 8, 10, 11, 12, 14, 17, 18, 20]",471240,284040,0.602750191,789,1309,"[0, 1, 2, 0, 3, 2, 0, 1, 0]","[11, 17]"
"[7, 8, 9, 11, 12, 14, 17, 18, 20]",471240,284040,0.602750191,789,1309,"[0, 1, 0, 0, 7, 2, 0, 2, 0]","[11, 17]"
"[7, 8, 9, 10, 11, 15, 17, 18, 20]",471240,284040,0.602750191,789,1309,"[0, 2, 0, 1, 0, 2, 0, 1, 0]","[7, 11, 17]"
"[7, 8, 9, 10, 14, 16, 17, 18, 20]",85680,51632,0.602614379,461,765,"[0, 2, 0, 1, 1, 6, 0, 1, 0]",[17]
"[7, 8, 10, 11, 12, 13, 15, 19, 20]",2282280,1375080,0.602502760,1637,2717,"[0, 0, 1, 0, 2, 0, 0, 0, 3]","[7, 11, 13, 19]"
"[7, 8, 10, 11, 12, 13, 14, 19, 20]",2282280,1375080,0.602502760,1637,2717,"[0, 1, 2, 0, 3, 0, 2, 0, 0]","[11, 13, 19]"
"[7, 8, 10, 11, 12, 13, 14, 18, 19]",6846840,4125240,0.602502760,1637,2717,"[0, 0, 1, 0, 2, 0, 1, 0, 0]","[11, 13, 19]"
"[7, 8, 9, 11, 12, 13, 16, 18, 19]",2738736,1650096,0.602502760,1637,2717,"[0, 2, 0, 0, 1, 0, 0, 3, 0]","[7, 11, 13, 19]"
"[7, 8, 9, 11, 12, 13, 14, 19, 20]",6846840,4125240,0.602502760,1637,2717,"[0, 1, 0, 0, 7, 0, 2, 0, 0]","[11, 13, 19]"
"[7, 8, 10, 11, 14, 15, 16, 18, 20]",55440,33400,0.602453102,835,1386,"[0, 4, 1, 0, 1, 0, 0, 1, 2]",[11]
"[7, 8, 10, 11, 12, 14, 15, 17, 19]",2984520,1797960,0.602428531,14983,24871,"[0, 0, 1, 0, 2, 1, 0, 0, 0]","[11, 17, 19]"
"[7, 8, 10, 12, 13, 15, 16, 18, 19]",1244880,749808,0.602313476,5207,8645,"[0, 4, 1, 2, 0, 0, 0, 1, 0]","[7, 13, 19]"
"[7, 8, 10, 12, 13, 14, 15, 19, 20]",207480,124968,0.602313476,5207,8645,"[0, 0, 1, 2, 0, 1, 0, 0, 3]","[13, 19]"
"[7, 8, 10, 12, 13, 14, 15, 18, 19]",622440,374904,0.602313476,5207,8645,"[0, 0, 1, 2, 0, 1, 0, 4, 0]","[13, 19]"
"[7, 8, 9, 12, 13, 14, 15, 19, 20]",622440,374904,0.602313476,5207,8645,"[0, 1, 0, 7, 0, 2, 2, 0, 0]","[13, 19]"
"[7, 8, 9, 11, 12, 16, 18, 19, 20]",1053360,634320,0.602187286,881,1463,"[0, 2, 0, 0, 1, 6, 3, 0, 0]","[7, 11, 19]"
"[7, 8, 9, 11, 12, 13, 14, 17, 19]",23279256,14017176,0.602131615,194683,323323,"[0, 0, 0, 0, 2, 0, 1, 0, 0]","[11, 13, 17, 19]"
"[7, 9, 10, 11, 12, 13, 14, 16, 18]",720720,433920,0.602064602,1808,3003,"[0, 0, 1, 0, 2, 0, 1, 0, 4]","[11, 13]"
"[7, 8, 9, 11, 13, 14, 15, 16, 18]",720720,433920,0.602064602,1808,3003,"[0, 2, 1, 0, 0, 1, 0, 0, 5]","[11, 13]"
"[7, 8, 9, 10, 11, 13, 14, 17, 18]",6126120,3687720,0.601966661,30731,51051,"[0, 1, 0, 0, 0, 0, 2, 0, 1]","[11, 13, 17]"
"[7, 8, 10, 12, 14, 16, 17, 19, 20]",542640,326640,0.601946042,1361,2261,"[0, 1, 2, 3, 2, 5, 0, 0, 0]","[17, 19]"
"[7, 8, 9, 10, 15, 16, 18, 19, 20]",95760,57636,0.601879699,1601,2660,"[0, 4, 1, 1, 0, 0, 5, 0, 2]","[7, 19]"
"[7, 8, 9, 10, 14, 15, 17, 18, 20]",42840,25784,0.601867414,3223,5355,"[0, 2, 0, 2, 1, 1, 0, 3, 0]",[17]
"[7, 8, 9, 10, 13, 15, 16, 17, 20]",1113840,670320,0.601809955,133,221,"[0, 2, 1, 1, 0, 0, 0, 0, 3]","[7, 13, 17]"
"[7, 8, 9, 10, 13, 15, 16, 17, 18]",1113840,670320,0.601809955,133,221,"[0, 2, 1, 1, 0, 0, 0, 0, 5]","[7, 13, 17]"
"[7, 8, 9, 10, 13, 14, 15, 17, 18]",556920,335160,0.601809955,133,221,"[0, 0, 1, 1, 0, 2, 0, 0, 5]","[13, 17]"
"[7, 8, 9, 12, 14, 15, 17, 18, 19]",813960,489672,0.601592216,6801,11305,"[0, 0, 1, 2, 1, 0, 0, 5, 0]","[17, 19]"
"[8, 9, 10, 11, 12, 13, 14, 15, 19]",6846840,4118760,0.601556338,11441,19019,"[1, 1, 2, 0, 11, 0, 0, 0, 0]","[11, 13, 19]"
"[7, 8, 10, 11, 12, 13, 16, 18, 19]",13693680,8237520,0.601556338,11441,19019,"[0, 1, 0, 0, 3, 0, 5, 0, 0]","[7, 11, 13, 19]"
"[7, 8, 9, 11, 12, 13, 15, 16, 19]",13693680,8237520,0.601556338,11441,19019,"[0, 1, 1, 0, 2, 0, 0, 0, 0]","[7, 11, 13, 19]"
"[7, 8, 9, 12, 13, 14, 16, 17, 19]",4232592,2546064,0.601537781,17681,29393,"[0, 4, 0, 2, 0, 1, 0, 0, 0]","[13, 17, 19]"
"[8, 9, 10, 11, 12, 13, 14, 18, 20]",360360,216720,0.601398601,86,143,"[1, 0, 2, 0, 7, 0, 0, 3, 0]","[11, 13]"
"[7, 9, 10, 11, 12, 13, 15, 16, 20]",720720,433440,0.601398601,86,143,"[0, 1, 1, 0, 2, 0, 0, 0, 3]","[7, 11, 13]"
"[7, 8, 10, 11, 12, 13, 15, 17, 18]",6126120,3683880,0.601339837,10233,17017,"[0, 0, 1, 0, 2, 0, 0, 0, 1]","[7, 11, 13, 17]"
"[7, 8, 9, 10, 11, 13, 16, 17, 20]",12252240,7367760,0.601339837,10233,17017,"[0, 1, 0, 2, 0, 0, 3, 0, 0]","[7, 11, 13, 17]"
"[7, 8, 9, 10, 11, 13, 16, 17, 18]",12252240,7367760,0.601339837,10233,17017,"[0, 2, 0, 1, 0, 0, 0, 0, 1]","[7, 11, 13, 17]"
"[7, 8, 9, 10, 11, 13, 14, 19, 20]",6846840,4116600,0.601240864,11435,19019,"[0, 2, 0, 1, 0, 0, 1, 0, 0]","[11, 13, 19]"
"[8, 9, 10, 11, 12, 14, 15, 19, 20]",526680,316620,0.601161996,1759,2926,"[1, 1, 2, 0, 11, 0, 0, 0, 4]","[11, 19]"
"[7, 8, 10, 11, 12, 16, 18, 19, 20]",1053360,633240,0.601161996,1759,2926,"[0, 1, 2, 0, 3, 5, 0, 0, 0]","[7, 11, 19]"
"[7, 8, 9, 11, 12, 15, 16, 19, 20]",1053360,633240,0.601161996,1759,2926,"[0, 1, 1, 0, 2, 0, 0, 0, 3]","[7, 11, 19]"
"[7, 8, 9, 11, 12, 14, 17, 18, 19]",1790712,1076472,0.601141892,14951,24871,"[0, 0, 0, 0, 2, 1, 0, 1, 0]","[11, 17, 19]"
"[7, 8, 9, 10, 11, 14, 16, 17, 19]",17907120,10764720,0.601141892,14951,24871,"[0, 2, 0, 1, 0, 1, 0, 0, 0]","[11, 17, 19]"
"[7, 8, 9, 10, 13, 14, 15, 19, 20]",622440,374040,0.600925390,1039,1729,"[0, 2, 0, 1, 0, 1, 2, 0, 0]","[13, 19]"
"[7, 9, 10, 11, 12, 14, 15, 18, 19]",263340,158220,0.600820232,879,1463,"[0, 0, 0, 0, 1, 2, 2, 3, 0]","[11, 19]"
"[8, 9, 10, 12, 13, 14, 15, 17, 18]",556920,334584,0.600775695,4647,7735,"[1, 1, 2, 11, 0, 0, 0, 0, 7]","[13, 17]"
"[7, 8, 9, 12, 13, 15, 17, 18, 20]",556920,334584,0.600775695,4647,7735,"[0, 2, 0, 1, 0, 2, 0, 3, 0]","[7, 13, 17]"
"[8, 9, 10, 12, 14, 15, 18, 19, 20]",47880,28764,0.600751880,799,1330,"[1, 1, 2, 11, 0, 0, 7, 0, 4]",[19]
"[7, 8, 9, 11, 13, 14, 15, 16, 20]",720720,432960,0.600732601,164,273,"[0, 4, 1, 0, 0, 1, 0, 0, 2]","[11, 13]"
"[8, 9, 10, 11, 12, 16, 17, 18, 20]",134640,80880,0.600713012,337,561,"[1, 0, 2, 0, 7, 5, 0, 2, 0]","[11, 17]"
"[8, 9, 10, 11, 12, 13, 16, 17, 20]",1750320,1051440,0.600713012,337,561,"[1, 0, 2, 0, 7, 0, 5, 0, 0]","[11, 13, 17]"
"[8, 9, 10, 11, 12, 13, 16, 17, 18]",1750320,1051440,0.600713012,337,561,"[4, 0, 1, 0, 2, 0, 0, 0, 1]","[11, 13, 17]"
"[7, 8, 9, 10, 11, 16, 17, 18, 20]",942480,566160,0.600713012,337,561,"[0, 2, 0, 1, 0, 6, 0, 1, 0]","[7, 11, 17]"
"[7, 8, 9, 10, 11, 13, 15, 19, 20]",6846840,4112280,0.600609916,11423,19019,"[0, 1, 0, 2, 0, 0, 1, 0, 0]","[7, 11, 13, 19]"
"[7, 8, 9, 10, 11, 13, 15, 18, 19]",6846840,4112280,0.600609916,11423,19019,"[0, 0, 1, 1, 0, 0, 0, 5, 0]","[7, 11, 13, 19]"
"[7, 8, 10, 11, 12, 15, 16, 17, 19]",5969040,3584400,0.600498573,14935,24871,"[0, 4, 1, 0, 2, 0, 0, 0, 0]","[7, 11, 17, 19]"
"[7, 8, 11, 12, 13, 14, 15, 16, 20]",240240,144240,0.600399600,601,1001,"[0, 4, 0, 2, 0, 1, 0, 0, 1]","[11, 13]"
"[7, 9, 10, 11, 12, 14, 15, 16, 17]",942480,565840,0.600373483,643,1071,"[0, 1, 1, 0, 2, 1, 0, 0, 0]","[11, 17]"
"[8, 9, 10, 11, 12, 13, 15, 19, 20]",978120,587160,0.600294442,1631,2717,"[1, 0, 2, 0, 7, 0, 8, 0, 0]","[11, 13, 19]"
"[8, 9, 10, 11, 12, 13, 15, 18, 19]",978120,587160,0.600294442,1631,2717,"[0, 1, 1, 0, 2, 0, 0, 5, 0]","[11, 13, 19]"
"[7, 8, 10, 11, 12, 15, 18, 19, 20]",526680,316080,0.600136705,878,1463,"[0, 0, 1, 0, 2, 0, 4, 0, 3]","[7, 11, 19]"
"[7, 8, 10, 11, 12, 14, 18, 19, 20]",526680,316080,0.600136705,878,1463,"[0, 1, 2, 0, 3, 2, 1, 0, 0]","[11, 19]"
"[7, 8, 9, 11, 12, 14, 18, 19, 20]",526680,316080,0.600136705,878,1463,"[0, 1, 0, 0, 7, 2, 2, 0, 0]","[11, 19]"
"[7, 8, 9, 10, 11, 15, 18, 19, 20]",526680,316080,0.600136705,878,1463,"[0, 2, 0, 1, 0, 2, 1, 0, 0]","[7, 11, 19]"
"[7, 8, 9, 10, 13, 14, 16, 17, 18]",1113840,668400,0.600086188,2785,4641,"[0, 2, 0, 1, 0, 1, 0, 0, 1]","[13, 17]"
"[7, 9, 10, 12, 13, 15, 16, 18, 20]",65520,39312,0.600000000,3,5,"[0, 1, 1, 2, 0, 0, 0, 4, 3]","[7, 13]"
"[7, 8, 9, 10, 14, 16, 18, 19, 20]",95760,57456,0.600000000,3,5,"[0, 2, 0, 1, 1, 6, 1, 0, 0]",[19]
"[7, 9, 10, 12, 14, 15, 16, 17, 18]",85680,51376,0.599626517,3211,5355,"[0, 1, 1, 2, 1, 0, 0, 0, 4]",[17]
"[7, 8, 9, 12, 13, 14, 15, 17, 19]",10581480,6344424,0.599578131,88117,146965,"[0, 0, 1, 2, 0, 1, 0, 0, 0]","[13, 17, 19]"
"[7, 8, 11, 12, 14, 15, 16, 18, 20]",55440,33240,0.599567100,277,462,"[0, 4, 0, 2, 1, 0, 0, 1, 1]",[11]
"[7, 8, 9, 11, 12, 13, 15, 17, 20]",6126120,3672360,0.599459364,10201,17017,"[0, 1, 0, 0, 2, 0, 1, 0, 0]","[7, 11, 13, 17]"
"[8, 9, 10, 12, 13, 15, 17, 18, 20]",79560,47688,0.599396682,1987,3315,"[1, 0, 2, 7, 0, 8, 0, 3, 0]","[13, 17]"
"[8, 9, 10, 12, 13, 14, 16, 17, 20]",1113840,667632,0.599396682,1987,3315,"[1, 0, 2, 7, 0, 0, 5, 0, 0]","[13, 17]"
"[8, 9, 10, 12, 13, 14, 16, 17, 18]",1113840,667632,0.599396682,1987,3315,"[4, 0, 1, 2, 0, 1, 0, 0, 1]","[13, 17]"
"[7, 8, 9, 10, 11, 14, 17, 18, 20]",471240,282440,0.599354893,7061,11781,"[0, 2, 0, 2, 0, 1, 0, 1, 0]","[11, 17]"
"[7, 8, 9, 10, 11, 13, 14, 18, 19]",6846840,4103640,0.599348020,11399,19019,"[0, 1, 0, 0, 0, 0, 2, 1, 0]","[11, 13, 19]"
"[7, 8, 9, 10, 14, 15, 18, 19, 20]",47880,28692,0.599248120,797,1330,"[0, 2, 0, 2, 1, 1, 3, 0, 0]",[19]
"[7, 8, 9, 10, 11, 14, 15, 17, 19]",8953560,5365080,0.599211934,2129,3553,"[0, 0, 1, 1, 0, 1, 0, 0, 0]","[11, 17, 19]"
"[7, 8, 9, 10, 13, 15, 16, 19, 20]",1244880,745920,0.599190283,148,247,"[0, 2, 1, 1, 0, 0, 0, 0, 3]","[7, 13, 19]"
"[7, 8, 9, 10, 13, 15, 16, 18, 19]",1244880,745920,0.599190283,148,247,"[0, 2, 1, 1, 0, 0, 0, 5, 0]","[7, 13, 19]"
"[7, 8, 9, 10, 13, 14, 15, 18, 19]",622440,372960,0.599190283,148,247,"[0, 0, 1, 1, 0, 2, 0, 5, 0]","[13, 19]"
"[7, 8, 10, 11, 12, 13, 14, 17, 19]",38798760,23246760,0.599162447,193723,323323,"[0, 2, 1, 0, 0, 0, 1, 0, 0]","[11, 13, 17, 19]"
"[7, 8, 9, 11, 13, 14, 16, 18, 20]",720720,431760,0.599067599,257,429,"[0, 2, 0, 0, 0, 1, 6, 1, 0]","[11, 13]"
"[8, 9, 10, 12, 14, 15, 16, 17, 19]",1627920,975024,0.598938523,6771,11305,"[4, 1, 1, 2, 1, 0, 0, 0, 0]","[17, 19]"
"[7, 8, 10, 12, 15, 16, 17, 19, 20]",542640,324912,0.598761610,967,1615,"[0, 4, 1, 2, 0, 0, 0, 0, 3]","[7, 17, 19]"
"[7, 8, 10, 11, 12, 13, 15, 18, 19]",6846840,4099320,0.598717072,11387,19019,"[0, 0, 1, 0, 2, 0, 0, 1, 0]","[7, 11, 13, 19]"
"[7, 8, 9, 10, 11, 13, 16, 19, 20]",13693680,8198640,0.598717072,11387,19019,"[0, 1, 0, 2, 0, 0, 3, 0, 0]","[7, 11, 13, 19]"
"[7, 8, 9, 10, 11, 13, 16, 18, 19]",13693680,8198640,0.598717072,11387,19019,"[0, 2, 0, 1, 0, 0, 0, 1, 0]","[7, 11, 13, 19]"
"[7, 8, 9, 12, 13, 16, 17, 18, 20]",1113840,666864,0.598707175,4631,7735,"[0, 2, 0, 1, 0, 6, 0, 3, 0]","[7, 13, 17]"
"[8, 9, 10, 12, 14, 16, 17, 18, 20]",85680,51296,0.598692810,458,765,"[1, 0, 2, 7, 0, 5, 0, 3, 0]",[17]
"[7, 8, 10, 11, 14, 15, 16, 17, 20]",314160,188080,0.598675834,2351,3927,"[0, 4, 1, 0, 1, 0, 0, 0, 2]","[11, 17]"
"[8, 9, 11, 12, 13, 14, 15, 16, 18]",720720,431400,0.598568099,3595,6006,"[4, 1, 0, 2, 0, 1, 0, 0, 5]","[11, 13]"
"[7, 8, 10, 12, 14, 16, 17, 18, 19]",1627920,974160,0.598407784,1353,2261,"[0, 1, 0, 3, 2, 5, 0, 0, 0]","[17, 19]"
"[7, 8, 9, 10, 14, 15, 16, 17, 19]",1627920,974160,0.598407784,1353,2261,"[0, 2, 1, 1, 1, 0, 0, 0, 0]","[17, 19]"
"[7, 9, 10, 12, 13, 14, 15, 16, 20]",65520,39192,0.598168498,1633,2730,"[0, 1, 1, 2, 0, 1, 0, 0, 3]",[13]
"[8, 9, 10, 12, 13, 14, 15, 18, 19]",622440,372312,0.598149219,5171,8645,"[1, 1, 2, 11, 0, 0, 0, 7, 0]","[13, 19]"
"[7, 8, 9, 12, 13, 15, 18, 19, 20]",622440,372312,0.598149219,5171,8645,"[0, 2, 0, 1, 0, 2, 3, 0, 0]","[7, 13, 19]"
"[8, 9, 10, 11, 12, 16, 18, 19, 20]",150480,90000,0.598086124,125,209,"[1, 0, 2, 0, 7, 5, 2, 0, 0]","[11, 19]"
"[8, 9, 10, 11, 12, 15, 16, 17, 19]",2558160,1530000,0.598086124,125,209,"[4, 1, 1, 0, 2, 0, 0, 0, 0]","[11, 17, 19]"
"[8, 9, 10, 11, 12, 13, 16, 19, 20]",1956240,1170000,0.598086124,125,209,"[1, 0, 2, 0, 7, 0, 5, 0, 0]","[11, 13, 19]"
"[8, 9, 10, 11, 12, 13, 16, 18, 19]",1956240,1170000,0.598086124,125,209,"[4, 0, 1, 0, 2, 0, 0, 1, 0]","[11, 13, 19]"
"[7, 8, 9, 10, 11, 16, 18, 19, 20]",1053360,630000,0.598086124,125,209,"[0, 2, 0, 1, 0, 6, 1, 0, 0]","[7, 11, 19]"
"[7, 8, 10, 11, 13, 14, 16, 18, 20]",720720,431040,0.598068598,1796,3003,"[0, 2, 1, 0, 0, 1, 6, 1, 0]","[11, 13]"
"[7, 9, 10, 11, 12, 14, 16, 18, 20]",55440,33140,0.597763348,1657,2772,"[0, 0, 2, 0, 1, 2, 3, 3, 0]",[11]
"[7, 9, 10, 11, 12, 14, 15, 16, 19]",1053360,629640,0.597744361,159,266,"[0, 1, 1, 0, 2, 1, 0, 0, 0]","[11, 19]"
"[8, 9, 10, 12, 13, 14, 15, 17, 20]",556920,332856,0.597672915,4623,7735,"[1, 1, 2, 11, 0, 0, 0, 0, 4]","[13, 17]"
"[7, 8, 10, 12, 13, 16, 17, 18, 20]",1113840,665712,0.597672915,4623,7735,"[0, 1, 2, 3, 0, 5, 0, 0, 0]","[7, 13, 17]"
"[7, 8, 9, 12, 13, 15, 16, 17, 20]",1113840,665712,0.597672915,4623,7735,"[0, 1, 1, 2, 0, 0, 0, 0, 3]","[7, 13, 17]"
"[7, 8, 10, 11, 12, 16, 17, 19, 20]",5969040,3567120,0.597603635,14863,24871,"[0, 1, 2, 0, 3, 5, 0, 0, 0]","[7, 11, 17, 19]"
"[7, 8, 9, 10, 11, 15, 16, 17, 19]",17907120,10701360,0.597603635,14863,24871,"[0, 2, 1, 1, 0, 0, 0, 0, 0]","[7, 11, 17, 19]"
"[7, 9, 10, 11, 12, 13, 15, 17, 18]",3063060,1830420,0.597578892,10169,17017,"[0, 0, 0, 0, 1, 0, 2, 0, 3]","[7, 11, 13, 17]"
"[7, 8, 9, 11, 12, 13, 17, 18, 20]",6126120,3660840,0.597578892,10169,17017,"[0, 2, 0, 0, 1, 0, 0, 3, 0]","[7, 11, 13, 17]"
"[7, 8, 9, 11, 12, 13, 16, 17, 20]",12252240,7321680,0.597578892,10169,17017,"[0, 1, 0, 0, 2, 0, 3, 0, 0]","[7, 11, 13, 17]"
"[8, 9, 10, 12, 15, 16, 17, 19, 20]",232560,138960,0.597523220,193,323,"[4, 1, 1, 2, 0, 0, 0, 0, 3]","[17, 19]"
"[8, 9, 10, 12, 15, 16, 17, 18, 19]",232560,138960,0.597523220,193,323,"[4, 1, 1, 2, 0, 0, 0, 5, 0]","[17, 19]"
"[7, 8, 9, 10, 13, 14, 16, 18, 19]",1244880,743760,0.597455176,1033,1729,"[0, 2, 0, 1, 0, 1, 0, 1, 0]","[13, 19]"
"[7, 8, 9, 13, 14, 15, 16, 18, 20]",65520,39144,0.597435897,233,390,"[0, 4, 1, 0, 1, 0, 0, 5, 2]",[13]
"[8, 10, 11, 12, 13, 14, 15, 16, 20]",240240,143520,0.597402597,46,77,"[4, 1, 0, 2, 0, 1, 0, 0, 3]","[11, 13]"
"[7, 9, 10, 12, 13, 14, 15, 17, 18]",278460,166332,0.597328162,13861,23205,"[0, 0, 0, 1, 0, 2, 2, 0, 3]","[13, 17]"
"[7, 8, 10, 11, 13, 14, 15, 16, 18]",720720,430320,0.597069597,163,273,"[0, 2, 1, 0, 0, 1, 0, 0, 1]","[11, 13]"
"[7, 8, 9, 11, 13, 14, 15, 18, 20]",360360,215160,0.597069597,163,273,"[0, 2, 0, 0, 0, 1, 1, 3, 0]","[11, 13]"
"[7, 9, 10, 12, 14, 15, 16, 18, 19]",95760,57168,0.596992481,397,665,"[0, 1, 1, 2, 1, 0, 0, 4, 0]",[19]
"[7, 9, 10, 11, 12, 13, 14, 15, 17]",3063060,1828500,0.596952068,30475,51051,"[0, 0, 0, 0, 1, 0, 1, 2, 0]","[11, 13, 17]"
"[7, 8, 9, 11, 12, 13, 15, 19, 20]",6846840,4086360,0.596824228,11351,19019,"[0, 1, 0, 0, 2, 0, 1, 0, 0]","[7, 11, 13, 19]"
"[8, 9, 10, 12, 13, 15, 18, 19, 20]",88920,53064,0.596761134,737,1235,"[1, 0, 2, 7, 0, 8, 3, 0, 0]","[13, 19]"
"[8, 9, 10, 12, 13, 14, 16, 19, 20]",1244880,742896,0.596761134,737,1235,"[1, 0, 2, 7, 0, 0, 5, 0, 0]","[13, 19]"
"[8, 9, 10, 12, 13, 14, 16, 18, 19]",1244880,742896,0.596761134,737,1235,"[4, 0, 1, 2, 0, 1, 0, 1, 0]","[13, 19]"
"[7, 8, 9, 10, 11, 14, 18, 19, 20]",526680,314280,0.596719070,873,1463,"[0, 2, 0, 2, 0, 1, 1, 0, 0]","[11, 19]"
"[7, 9, 10, 11, 12, 15, 17, 18, 20]",235620,140580,0.596638655,71,119,"[0, 0, 2, 0, 1, 8, 0, 3, 0]","[7, 11, 17]"
"[7, 9, 10, 11, 12, 15, 16, 17, 18]",942480,562320,0.596638655,71,119,"[0, 1, 1, 0, 2, 0, 0, 0, 4]","[7, 11, 17]"
"[7, 8, 10, 12, 13, 15, 17, 18, 20]",556920,332280,0.596638655,71,119,"[0, 0, 1, 2, 0, 0, 0, 4, 3]","[7, 13, 17]"
"[7, 8, 10, 12, 13, 14, 17, 18, 20]",556920,332280,0.596638655,71,119,"[0, 1, 2, 3, 0, 2, 0, 1, 0]","[13, 17]"
"[7, 8, 10, 11, 13, 14, 16, 17, 20]",1361360,812240,0.596638655,71,119,"[0, 2, 1, 0, 0, 1, 6, 0, 0]","[11, 13, 17]"
"[7, 8, 9, 12, 14, 16, 17, 19, 20]",1627920,971280,0.596638655,71,119,"[0, 1, 0, 7, 2, 5, 0, 0, 0]","[17, 19]"
"[7, 8, 9, 12, 13, 14, 17, 18, 20]",556920,332280,0.596638655,71,119,"[0, 1, 0, 7, 0, 2, 0, 2, 0]","[13, 17]"
"[7, 8, 9, 11, 12, 15, 17, 18, 19]",8953560,5342040,0.596638655,71,119,"[0, 0, 1, 0, 2, 0, 0, 5, 0]","[7, 11, 17, 19]"
"[7, 8, 9, 10, 13, 15, 17, 18, 20]",556920,332280,0.596638655,71,119,"[0, 2, 0, 1, 0, 2, 0, 1, 0]","[7, 13, 17]"
"[7, 8, 10, 11, 12, 13, 16, 17, 19]",77597520,46286160,0.596490197,192859,323323,"[0, 4, 1, 0, 2, 0, 0, 0, 0]","[7, 11, 13, 17, 19]"
"[7, 8, 10, 13, 14, 15, 16, 18, 20]",65520,39072,0.596336996,814,1365,"[0, 4, 1, 0, 1, 0, 0, 1, 2]",[13]
"[7, 8, 10, 12, 13, 14, 15, 17, 19]",3527160,2103288,0.596312047,87637,146965,"[0, 0, 1, 2, 0, 1, 0, 0, 0]","[13, 17, 19]"
"[7, 8, 9, 10, 11, 13, 14, 17, 19]",116396280,69394680,0.596193280,11339,19019,"[0, 1, 0, 0, 0, 0, 2, 0, 0]","[11, 13, 17, 19]"
"[7, 8, 9, 12, 13, 16, 18, 19, 20]",1244880,742032,0.596067091,5153,8645,"[0, 2, 0, 1, 0, 6, 3, 0, 0]","[7, 13, 19]"
"[8, 9, 10, 12, 14, 16, 18, 19, 20]",95760,57078,0.596052632,453,760,"[1, 0, 2, 7, 0, 5, 3, 0, 0]",[19]
"[7, 8, 10, 11, 14, 15, 16, 19, 20]",351120,209280,0.596035543,872,1463,"[0, 4, 1, 0, 1, 0, 0, 0, 2]","[11, 19]"
"[7, 9, 10, 11, 12, 14, 15, 17, 20]",235620,140420,0.595959596,59,99,"[0, 0, 2, 0, 1, 1, 8, 0, 0]","[11, 17]"
"[7, 8, 11, 12, 14, 15, 16, 17, 18]",942480,561680,0.595959596,59,99,"[0, 4, 0, 2, 1, 0, 0, 0, 1]","[11, 17]"
"[7, 8, 11, 12, 13, 14, 15, 16, 17]",4084080,2432880,0.595698419,10137,17017,"[0, 4, 0, 2, 0, 1, 0, 0, 0]","[11, 13, 17]"
"[7, 8, 10, 11, 13, 14, 15, 16, 17]",4084080,2432880,0.595698419,10137,17017,"[0, 2, 1, 0, 0, 1, 0, 0, 0]","[11, 13, 17]"
"[7, 8, 9, 10, 11, 13, 15, 17, 19]",116396280,69325560,0.595599447,192571,323323,"[0, 0, 1, 1, 0, 0, 0, 0, 0]","[7, 11, 13, 17, 19]"
"[7, 8, 9, 12, 15, 16, 17, 18, 19]",1627920,969552,0.595577178,6733,11305,"[0, 2, 1, 5, 0, 0, 0, 7, 0]","[7, 17, 19]"
"[8, 10, 11, 12, 14, 15, 16, 18, 20]",55440,33010,0.595418470,3301,5544,"[4, 1, 0, 2, 1, 0, 0, 4, 3]",[11]
"[8, 9, 11, 12, 14, 15, 16, 18, 20]",55440,33010,0.595418470,3301,5544,"[4, 1, 0, 2, 1, 0, 0, 5, 1]",[11]
"[7, 8, 11, 12, 13, 14, 16, 18, 20]",720720,429120,0.595404595,596,1001,"[0, 1, 0, 3, 0, 2, 5, 0, 0]","[11, 13]"
"[8, 9, 10, 11, 12, 14, 16, 17, 19]",17907120,10661040,0.595352016,871,1463,"[4, 0, 1, 0, 2, 1, 0, 0, 0]","[11, 17, 19]"
"[7, 8, 9, 10, 14, 16, 17, 19, 20]",1627920,968976,0.595223352,6729,11305,"[0, 2, 0, 1, 1, 6, 0, 0, 0]","[17, 19]"
"[7, 9, 10, 12, 14, 15, 17, 18, 20]",21420,12748,0.595144725,3187,5355,"[0, 0, 1, 2, 1, 4, 0, 6, 0]",[17]
"[7, 9, 10, 11, 12, 13, 14, 18, 20]",180180,107220,0.595071595,1787,3003,"[0, 0, 1, 0, 2, 0, 1, 4, 0]","[11, 13]"
"[8, 9, 10, 12, 13, 14, 15, 19, 20]",622440,370368,0.595026027,5144,8645,"[1, 1, 2, 11, 0, 0, 0, 0, 4]","[13, 19]"
"[7, 8, 10, 12, 13, 16, 18, 19, 20]",1244880,740736,0.595026027,5144,8645,"[0, 1, 2, 3, 0, 5, 0, 0, 0]","[7, 13, 19]"
"[7, 8, 9, 12, 13, 15, 16, 19, 20]",1244880,740736,0.595026027,5144,8645,"[0, 1, 1, 2, 0, 0, 0, 0, 3]","[7, 13, 19]"
"[7, 8, 9, 12, 13, 14, 17, 18, 19]",2116296,1259208,0.595005614,17489,29393,"[0, 0, 0, 2, 0, 1, 0, 1, 0]","[13, 17, 19]"
"[7, 8, 9, 10, 13, 14, 16, 17, 19]",21162960,12592080,0.595005614,17489,29393,"[0, 2, 0, 1, 0, 1, 0, 0, 0]","[13, 17, 19]"
"[7, 9, 10, 11, 12, 13, 15, 18, 19]",3423420,2036700,0.594931384,11315,19019,"[0, 0, 0, 0, 1, 0, 2, 3, 0]","[7, 11, 13, 19]"
"[7, 8, 9, 11, 12, 13, 18, 19, 20]",6846840,4073400,0.594931384,11315,19019,"[0, 2, 0, 0, 1, 0, 3, 0, 0]","[7, 11, 13, 19]"
"[7, 8, 9, 11, 12, 13, 16, 19, 20]",13693680,8146800,0.594931384,11315,19019,"[0, 1, 0, 0, 2, 0, 3, 0, 0]","[7, 11, 13, 19]"
"[8, 9, 10, 11, 12, 13, 14, 17, 18]",6126120,3643560,0.594758183,10121,17017,"[1, 0, 0, 0, 7, 0, 0, 0, 3]","[11, 13, 17]"
"[7, 9, 10, 11, 12, 13, 15, 16, 17]",12252240,7287120,0.594758183,10121,17017,"[0, 1, 1, 0, 2, 0, 0, 0, 0]","[7, 11, 13, 17]"
"[7, 8, 10, 11, 12, 15, 17, 19, 20]",2984520,1774920,0.594708697,2113,3553,"[0, 0, 1, 0, 2, 0, 0, 0, 3]","[7, 11, 17, 19]"
"[7, 8, 10, 11, 12, 14, 17, 19, 20]",2984520,1774920,0.594708697,2113,3553,"[0, 1, 2, 0, 3, 2, 0, 0, 0]","[11, 17, 19]"
"[7, 8, 10, 11, 12, 14, 17, 18, 19]",8953560,5324760,0.594708697,2113,3553,"[0, 0, 1, 0, 2, 1, 0, 0, 0]","[11, 17, 19]"
"[7, 8, 9, 11, 12, 16, 17, 18, 19]",3581424,2129904,0.594708697,2113,3553,"[0, 2, 0, 0, 1, 0, 0, 3, 0]","[7, 11, 17, 19]"
"[7, 8, 9, 11, 12, 14, 17, 19, 20]",8953560,5324760,0.594708697,2113,3553,"[0, 1, 0, 0, 7, 2, 0, 0, 0]","[11, 17, 19]"
"[7, 9, 10, 12, 13, 14, 15, 18, 19]",311220,185076,0.594679005,5141,8645,"[0, 0, 0, 1, 0, 2, 2, 3, 0]","[13, 19]"
"[8, 9, 10, 12, 13, 16, 17, 18, 20]",159120,94608,0.594570136,657,1105,"[1, 0, 2, 7, 0, 5, 0, 2, 0]","[13, 17]"
"[7, 8, 9, 10, 13, 16, 17, 18, 20]",1113840,662256,0.594570136,657,1105,"[0, 2, 0, 1, 0, 6, 0, 1, 0]","[7, 13, 17]"
"[7, 8, 10, 12, 15, 16, 17, 18, 19]",1627920,967824,0.594515701,6721,11305,"[0, 4, 1, 2, 0, 0, 0, 1, 0]","[7, 17, 19]"
"[7, 8, 10, 12, 14, 15, 17, 19, 20]",271320,161304,0.594515701,6721,11305,"[0, 0, 1, 2, 1, 0, 0, 0, 3]","[17, 19]"
"[7, 8, 10, 12, 14, 15, 17, 18, 19]",813960,483912,0.594515701,6721,11305,"[0, 0, 1, 2, 1, 0, 0, 4, 0]","[17, 19]"
"[7, 8, 9, 12, 14, 15, 17, 19, 20]",813960,483912,0.594515701,6721,11305,"[0, 1, 0, 7, 2, 2, 0, 0, 0]","[17, 19]"
"[7, 8, 10, 11, 13, 15, 16, 18, 20]",720720,428400,0.594405594,85,143,"[0, 4, 1, 0, 0, 0, 0, 1, 2]","[7, 11, 13]"
"[7, 8, 10, 12, 13, 15, 16, 17, 19]",7054320,4192752,0.594352397,87349,146965,"[0, 4, 1, 2, 0, 0, 0, 0, 0]","[7, 13, 17, 19]"
"[7, 9, 10, 11, 12, 13, 14, 15, 19]",3423420,2034540,0.594300436,11303,19019,"[0, 0, 0, 0, 1, 0, 1, 2, 0]","[11, 13, 19]"
"[7, 9, 10, 11, 12, 14, 16, 17, 18]",942480,560080,0.594261947,7001,11781,"[0, 0, 1, 0, 2, 1, 0, 0, 4]","[11, 17]"
"[7, 8, 9, 11, 14, 15, 16, 17, 18]",942480,560080,0.594261947,7001,11781,"[0, 2, 1, 0, 1, 0, 0, 0, 5]","[11, 17]"
"[7, 9, 10, 12, 13, 14, 15, 16, 17]",1113840,661872,0.594225382,13789,23205,"[0, 1, 1, 2, 0, 1, 0, 0, 0]","[13, 17]"
"[7, 8, 11, 12, 13, 14, 16, 17, 18]",2450448,1455888,0.594131359,4333,7293,"[0, 1, 0, 3, 0, 2, 5, 0, 0]","[11, 13, 17]"
"[7, 8, 9, 11, 13, 14, 15, 16, 17]",12252240,7279440,0.594131359,4333,7293,"[0, 2, 1, 0, 0, 1, 0, 0, 0]","[11, 13, 17]"
"[7, 9, 10, 11, 12, 15, 18, 19, 20]",263340,156420,0.593984962,79,133,"[0, 0, 2, 0, 1, 8, 3, 0, 0]","[7, 11, 19]"
"[7, 9, 10, 11, 12, 15, 16, 18, 19]",1053360,625680,0.593984962,79,133,"[0, 1, 1, 0, 2, 0, 0, 4, 0]","[7, 11, 19]"
"[7, 8, 10, 12, 13, 15, 18, 19, 20]",622440,369720,0.593984962,79,133,"[0, 0, 1, 2, 0, 0, 4, 0, 3]","[7, 13, 19]"
"[7, 8, 10, 12, 13, 14, 18, 19, 20]",622440,369720,0.593984962,79,133,"[0, 1, 2, 3, 0, 2, 1, 0, 0]","[13, 19]"
"[7, 8, 10, 11, 13, 14, 16, 19, 20]",1521520,903760,0.593984962,79,133,"[0, 2, 1, 0, 0, 1, 6, 0, 0]","[11, 13, 19]"
"[7, 8, 9, 12, 13, 14, 18, 19, 20]",622440,369720,0.593984962,79,133,"[0, 1, 0, 7, 0, 2, 2, 0, 0]","[13, 19]"
"[7, 8, 9, 10, 13, 15, 18, 19, 20]",622440,369720,0.593984962,79,133,"[0, 2, 0, 1, 0, 2, 1, 0, 0]","[7, 13, 19]"
"[7, 8, 10, 11, 12, 13, 17, 18, 20]",6126120,3637800,0.593817947,10105,17017,"[0, 1, 2, 0, 3, 0, 0, 1, 0]","[7, 11, 13, 17]"
"[7, 8, 10, 11, 12, 13, 15, 17, 19]",38798760,23039400,0.593817947,10105,17017,"[0, 0, 1, 0, 2, 0, 0, 0, 0]","[7, 11, 13, 17, 19]"
"[7, 8, 9, 10, 11, 13, 17, 18, 20]",6126120,3637800,0.593817947,10105,17017,"[0, 2, 0, 1, 0, 0, 0, 1, 0]","[7, 11, 13, 17]"
"[7, 8, 9, 10, 11, 13, 16, 17, 19]",232792560,138236400,0.593817947,10105,17017,"[0, 2, 0, 1, 0, 0, 0, 0, 0]","[7, 11, 13, 17, 19]"
"[8, 9, 10, 11, 12, 14, 15, 17, 19]",8953560,5316120,0.593743718,14767,24871,"[1, 1, 2, 0, 11, 0, 0, 0, 0]","[11, 17, 19]"
"[7, 8, 10, 11, 12, 16, 17, 18, 19]",17907120,10632240,0.593743718,14767,24871,"[0, 1, 0, 0, 3, 5, 0, 0, 0]","[7, 11, 17, 19]"
"[7, 8, 9, 11, 12, 15, 16, 17, 19]",17907120,10632240,0.593743718,14767,24871,"[0, 1, 1, 0, 2, 0, 0, 0, 0]","[7, 11, 17, 19]"
"[7, 9, 10, 11, 12, 13, 14, 16, 20]",720720,427920,0.593739594,1783,3003,"[0, 0, 2, 0, 1, 0, 2, 3, 0]","[11, 13]"
"[8, 9, 10, 11, 12, 14, 17, 18, 20]",471240,279720,0.593582888,111,187,"[1, 0, 2, 0, 7, 0, 0, 3, 0]","[11, 17]"
"[7, 9, 10, 11, 12, 15, 16, 17, 20]",942480,559440,0.593582888,111,187,"[0, 1, 1, 0, 2, 0, 0, 0, 3]","[7, 11, 17]"
"[7, 8, 9, 10, 11, 14, 17, 19, 20]",8953560,5313240,0.593422058,14759,24871,"[0, 2, 0, 1, 0, 1, 0, 0, 0]","[11, 17, 19]"
"[8, 10, 11, 12, 13, 14, 15, 16, 18]",720720,427680,0.593406593,54,91,"[4, 1, 0, 2, 0, 1, 0, 0, 1]","[11, 13]"
"[7, 8, 12, 13, 14, 15, 16, 18, 20]",65520,38880,0.593406593,54,91,"[0, 4, 2, 0, 1, 0, 0, 1, 1]",[13]
"[7, 9, 10, 11, 12, 14, 15, 19, 20]",263340,156240,0.593301435,124,209,"[0, 0, 2, 0, 1, 1, 8, 0, 0]","[11, 19]"
"[7, 8, 11, 12, 14, 15, 16, 18, 19]",1053360,624960,0.593301435,124,209,"[0, 4, 0, 2, 1, 0, 0, 1, 0]","[11, 19]"
"[8, 9, 11, 12, 13, 15, 16, 18, 20]",102960,61080,0.593240093,509,858,"[4, 1, 0, 5, 0, 0, 0, 7, 2]","[11, 13]"
"[7, 8, 9, 10, 13, 14, 17, 18, 20]",556920,330360,0.593191123,2753,4641,"[0, 2, 0, 2, 0, 1, 0, 1, 0]","[13, 17]"
"[7, 8, 9, 10, 14, 15, 17, 19, 20]",813960,482760,0.593100398,1341,2261,"[0, 2, 0, 1, 1, 2, 0, 0, 0]","[17, 19]"
"[7, 8, 9, 10, 13, 14, 15, 17, 19]",10581480,6275304,0.593045963,12451,20995,"[0, 0, 1, 1, 0, 1, 0, 0, 0]","[13, 17, 19]"
"[7, 8, 11, 12, 13, 14, 15, 16, 19]",4564560,2706960,0.593038540,11279,19019,"[0, 4, 0, 2, 0, 1, 0, 0, 0]","[11, 13, 19]"
"[7, 8, 10, 11, 13, 14, 15, 16, 19]",4564560,2706960,0.593038540,11279,19019,"[0, 2, 1, 0, 0, 1, 0, 0, 0]","[11, 13, 19]"
"[7, 8, 9, 11, 14, 15, 16, 17, 20]",942480,558800,0.592903828,635,1071,"[0, 4, 1, 0, 1, 0, 0, 0, 2]","[11, 17]"
"[7, 8, 9, 10, 11, 15, 17, 19, 20]",8953560,5307480,0.592778738,14743,24871,"[0, 1, 0, 2, 0, 1, 0, 0, 0]","[7, 11, 17, 19]"
"[7, 8, 9, 10, 11, 15, 17, 18, 19]",8953560,5307480,0.592778738,14743,24871,"[0, 0, 1, 1, 0, 0, 0, 5, 0]","[7, 11, 17, 19]"
"[7, 9, 10, 11, 12, 13, 14, 17, 18]",3063060,1815060,0.592564298,2327,3927,"[0, 0, 0, 0, 1, 0, 2, 0, 3]","[11, 13, 17]"
"[7, 9, 10, 11, 12, 13, 14, 16, 17]",12252240,7260240,0.592564298,2327,3927,"[0, 0, 1, 0, 2, 0, 1, 0, 0]","[11, 13, 17]"
"[7, 8, 11, 12, 14, 15, 16, 17, 20]",314160,186160,0.592564298,2327,3927,"[0, 4, 0, 2, 1, 0, 0, 0, 1]","[11, 17]"
"[7, 8, 9, 11, 13, 14, 16, 17, 18]",2450448,1452048,0.592564298,2327,3927,"[0, 2, 0, 0, 0, 1, 0, 0, 1]","[11, 13, 17]"
"[7, 8, 10, 13, 14, 15, 16, 17, 20]",371280,219984,0.592501616,4583,7735,"[0, 4, 1, 0, 1, 0, 0, 0, 2]","[13, 17]"
"[7, 9, 10, 12, 14, 15, 18, 19, 20]",23940,14184,0.592481203,394,665,"[0, 0, 1, 2, 1, 4, 6, 0, 0]",[19]
"[8, 9, 10, 11, 12, 15, 17, 19, 20]",1279080,757800,0.592457079,2105,3553,"[1, 0, 2, 0, 7, 8, 0, 0, 0]","[11, 17, 19]"
"[8, 9, 10, 11, 12, 15, 17, 18, 19]",1279080,757800,0.592457079,2105,3553,"[0, 1, 1, 0, 2, 0, 0, 5, 0]","[11, 17, 19]"
"[7, 9, 10, 12, 15, 16, 17, 18, 20]",85680,50736,0.592156863,151,255,"[0, 1, 1, 2, 0, 0, 0, 4, 3]","[7, 17]"
"[8, 9, 10, 11, 12, 13, 14, 18, 19]",6846840,4053960,0.592092118,11261,19019,"[1, 0, 0, 0, 7, 0, 0, 3, 0]","[11, 13, 19]"
"[7, 9, 10, 11, 12, 13, 15, 16, 19]",13693680,8107920,0.592092118,11261,19019,"[0, 1, 1, 0, 2, 0, 0, 0, 0]","[7, 11, 13, 19]"
"[8, 10, 11, 12, 13, 15, 16, 18, 20]",102960,60960,0.592074592,254,429,"[4, 1, 0, 2, 0, 0, 0, 1, 3]","[11, 13]"
"[7, 8, 9, 11, 12, 13, 15, 17, 19]",116396280,68910840,0.592036447,191419,323323,"[0, 0, 1, 0, 2, 0, 0, 0, 0]","[7, 11, 13, 17, 19]"
"[8, 9, 10, 11, 12, 13, 14, 17, 20]",6126120,3626280,0.591937474,1439,2431,"[1, 0, 2, 0, 7, 0, 0, 0, 0]","[11, 13, 17]"
"[8, 9, 10, 12, 13, 16, 18, 19, 20]",177840,105264,0.591902834,731,1235,"[1, 0, 2, 7, 0, 5, 2, 0, 0]","[13, 19]"
"[8, 9, 10, 12, 13, 15, 16, 17, 19]",3023280,1789488,0.591902834,731,1235,"[4, 1, 1, 2, 0, 0, 0, 0, 0]","[13, 17, 19]"
"[7, 8, 9, 10, 13, 16, 18, 19, 20]",1244880,736848,0.591902834,731,1235,"[0, 2, 0, 1, 0, 6, 1, 0, 0]","[7, 13, 19]"
"[7, 8, 10, 11, 13, 14, 15, 18, 20]",360360,213240,0.591741592,1777,3003,"[0, 0, 2, 0, 0, 1, 0, 1, 6]","[11, 13]"
"[7, 9, 10, 11, 12, 14, 16, 18, 19]",1053360,623160,0.591592618,1731,2926,"[0, 0, 1, 0, 2, 1, 0, 4, 0]","[11, 19]"
"[7, 8, 9, 11, 14, 15, 16, 18, 19]",1053360,623160,0.591592618,1731,2926,"[0, 2, 1, 0, 1, 0, 0, 5, 0]","[11, 19]"
"[7, 9, 10, 12, 13, 14, 16, 18, 20]",65520,38760,0.591575092,323,546,"[0, 0, 2, 1, 0, 2, 3, 3, 0]",[13]
"[7, 9, 10, 12, 13, 14, 15, 16, 19]",1244880,736416,0.591555813,5114,8645,"[0, 1, 1, 2, 0, 1, 0, 0, 0]","[13, 19]"
"[7, 8, 9, 10, 11, 14, 17, 18, 19]",8953560,5295960,0.591492099,14711,24871,"[0, 1, 0, 0, 0, 2, 0, 1, 0]","[11, 17, 19]"
"[7, 8, 11, 12, 13, 14, 16, 18, 19]",2738736,1619856,0.591461170,1607,2717,"[0, 1, 0, 3, 0, 2, 5, 0, 0]","[11, 13, 19]"
"[7, 8, 9, 11, 13, 14, 15, 16, 19]",13693680,8099280,0.591461170,1607,2717,"[0, 2, 1, 0, 0, 1, 0, 0, 0]","[11, 13, 19]"
"[7, 8, 10, 12, 13, 16, 17, 19, 20]",7054320,4172016,0.591412921,86917,146965,"[0, 1, 2, 3, 0, 5, 0, 0, 0]","[7, 13, 17, 19]"
"[7, 8, 9, 10, 13, 15, 16, 17, 19]",21162960,12516048,0.591412921,86917,146965,"[0, 2, 1, 1, 0, 0, 0, 0, 0]","[7, 13, 17, 19]"
"[7, 9, 10, 11, 12, 13, 16, 18, 20]",720720,426240,0.591408591,592,1001,"[0, 0, 2, 0, 1, 0, 3, 3, 0]","[7, 11, 13]"
"[7, 8, 9, 11, 13, 15, 16, 18, 20]",720720,426240,0.591408591,592,1001,"[0, 4, 1, 0, 0, 0, 0, 5, 2]","[7, 11, 13]"
"[7, 8, 9, 10, 15, 16, 17, 19, 20]",1627920,962640,0.591331269,191,323,"[0, 2, 1, 1, 0, 0, 0, 0, 3]","[7, 17, 19]"
"[7, 8, 9, 10, 15, 16, 17, 18, 19]",1627920,962640,0.591331269,191,323,"[0, 2, 1, 1, 0, 0, 0, 5, 0]","[7, 17, 19]"
"[7, 8, 9, 10, 14, 15, 17, 18, 19]",813960,481320,0.591331269,191,323,"[0, 0, 1, 1, 2, 0, 0, 5, 0]","[17, 19]"
"[7, 8, 9, 11, 13, 14, 16, 17, 20]",12252240,7244880,0.591310650,30187,51051,"[0, 2, 0, 0, 0, 1, 6, 0, 0]","[11, 13, 17]"
"[7, 8, 9, 11, 14, 16, 17, 18, 20]",942480,557200,0.591206179,995,1683,"[0, 2, 0, 0, 1, 6, 0, 1, 0]","[11, 17]"
"[7, 8, 10, 11, 12, 13, 18, 19, 20]",6846840,4047480,0.591145696,11243,19019,"[0, 1, 2, 0, 3, 0, 1, 0, 0]","[7, 11, 13, 19]"
"[7, 8, 9, 10, 11, 13, 18, 19, 20]",6846840,4047480,0.591145696,11243,19019,"[0, 2, 0, 1, 0, 0, 1, 0, 0]","[7, 11, 13, 19]"
"[7, 8, 11, 12, 13, 14, 16, 17, 20]",4084080,2413680,0.590997238,10057,17017,"[0, 1, 0, 3, 0, 2, 5, 0, 0]","[11, 13, 17]"
"[8, 9, 10, 11, 12, 14, 18, 19, 20]",526680,311220,0.590909091,13,22,"[1, 0, 2, 0, 7, 0, 3, 0, 0]","[11, 19]"
"[7, 9, 10, 11, 12, 15, 16, 19, 20]",1053360,622440,0.590909091,13,22,"[0, 1, 1, 0, 2, 0, 0, 0, 3]","[7, 11, 19]"
"[7, 8, 10, 11, 12, 15, 17, 18, 19]",8953560,5290200,0.590848780,14695,24871,"[0, 0, 1, 0, 2, 0, 0, 1, 0]","[7, 11, 17, 19]"
"[7, 8, 9, 10, 11, 16, 17, 19, 20]",17907120,10580400,0.590848780,14695,24871,"[0, 1, 0, 2, 0, 3, 0, 0, 0]","[7, 11, 17, 19]"
"[7, 8, 9, 10, 11, 16, 17, 18, 19]",17907120,10580400,0.590848780,14695,24871,"[0, 2, 0, 1, 0, 0, 0, 1, 0]","[7, 11, 17, 19]"
"[8, 9, 11, 12, 14, 15, 16, 17, 18]",942480,556720,0.590696885,6959,11781,"[4, 1, 0, 2, 1, 0, 0, 0, 5]","[11, 17]"
"[7, 8, 9, 11, 13, 14, 15, 17, 18]",6126120,3618600,0.590683826,30155,51051,"[0, 0, 1, 0, 0, 1, 0, 0, 5]","[11, 13, 17]"
"[8, 9, 11, 12, 13, 14, 15, 16, 20]",720720,425640,0.590576091,3547,6006,"[4, 1, 0, 2, 0, 1, 0, 0, 1]","[11, 13]"
"[8, 9, 10, 11, 12, 13, 15, 17, 19]",16628040,9819720,0.590551863,27277,46189,"[0, 1, 1, 0, 2, 0, 0, 0, 0]","[11, 13, 17, 19]"
"[7, 8, 9, 10, 13, 14, 18, 19, 20]",622440,367560,0.590514748,1021,1729,"[0, 2, 0, 2, 0, 1, 1, 0, 0]","[13, 19]"
"[7, 9, 10, 12, 13, 15, 17, 18, 20]",278460,164412,0.590433096,4567,7735,"[0, 0, 2, 1, 0, 8, 0, 3, 0]","[7, 13, 17]"
"[7, 9, 10, 12, 13, 15, 16, 17, 18]",1113840,657648,0.590433096,4567,7735,"[0, 1, 1, 2, 0, 0, 0, 0, 4]","[7, 13, 17]"
"[7, 8, 9, 12, 13, 15, 17, 18, 19]",10581480,6247656,0.590433096,4567,7735,"[0, 0, 1, 2, 0, 0, 0, 5, 0]","[7, 13, 17, 19]"
"[7, 8, 11, 12, 13, 15, 16, 18, 20]",720720,425520,0.590409590,591,1001,"[0, 4, 0, 1, 0, 0, 0, 5, 2]","[7, 11, 13]"
"[8, 9, 10, 11, 14, 15, 16, 18, 20]",55440,32730,0.590367965,1091,1848,"[4, 1, 1, 0, 1, 0, 0, 5, 2]",[11]
"[7, 9, 10, 12, 14, 15, 16, 17, 20]",85680,50576,0.590289449,3161,5355,"[0, 1, 1, 2, 1, 0, 0, 0, 3]",[17]
"[8, 9, 10, 12, 14, 15, 17, 18, 19]",813960,480456,0.590269792,6673,11305,"[1, 1, 2, 11, 0, 0, 0, 7, 0]","[17, 19]"
"[7, 8, 9, 12, 15, 17, 18, 19, 20]",813960,480456,0.590269792,6673,11305,"[0, 2, 0, 1, 2, 0, 3, 0, 0]","[7, 17, 19]"
"[7, 8, 9, 11, 12, 13, 17, 18, 19]",23279256,13740696,0.590254946,190843,323323,"[0, 0, 0, 0, 1, 0, 0, 3, 0]","[7, 11, 13, 17, 19]"
"[7, 8, 9, 11, 12, 13, 16, 17, 19]",46558512,27481392,0.590254946,190843,323323,"[0, 1, 0, 0, 2, 0, 0, 0, 0]","[7, 11, 13, 17, 19]"
"[7, 8, 9, 11, 14, 15, 16, 19, 20]",1053360,621720,0.590225564,157,266,"[0, 4, 1, 0, 1, 0, 0, 0, 2]","[11, 19]"
"[8, 9, 10, 11, 12, 16, 17, 19, 20]",2558160,1509840,0.590205460,2097,3553,"[1, 0, 2, 0, 7, 5, 0, 0, 0]","[11, 17, 19]"
"[8, 9, 10, 11, 12, 16, 17, 18, 19]",2558160,1509840,0.590205460,2097,3553,"[4, 0, 1, 0, 2, 0, 0, 1, 0]","[11, 17, 19]"
"[7, 8, 10, 11, 14, 16, 17, 18, 20]",942480,556240,0.590187590,409,693,"[0, 2, 1, 0, 1, 6, 0, 1, 0]","[11, 17]"
"[7, 9, 10, 11, 12, 13, 15, 17, 20]",3063060,1807380,0.590057002,10041,17017,"[0, 0, 1, 0, 2, 0, 4, 0, 0]","[7, 11, 13, 17]"
"[7, 8, 10, 11, 13, 14, 15, 17, 20]",2042040,1204920,0.590057002,10041,17017,"[0, 0, 1, 0, 0, 1, 0, 0, 2]","[11, 13, 17]"
"[8, 9, 10, 11, 13, 14, 15, 16, 20]",720720,425160,0.589910090,1181,2002,"[4, 1, 1, 0, 0, 1, 0, 0, 2]","[11, 13]"
"[7, 9, 10, 11, 12, 13, 14, 18, 19]",3423420,2019420,0.589883800,863,1463,"[0, 0, 0, 0, 1, 0, 2, 3, 0]","[11, 13, 19]"
"[7, 9, 10, 11, 12, 13, 14, 16, 19]",13693680,8077680,0.589883800,863,1463,"[0, 0, 1, 0, 2, 0, 1, 0, 0]","[11, 13, 19]"
"[7, 8, 11, 12, 14, 15, 16, 19, 20]",351120,207120,0.589883800,863,1463,"[0, 4, 0, 2, 1, 0, 0, 0, 1]","[11, 19]"
"[7, 8, 9, 11, 13, 14, 16, 18, 19]",2738736,1615536,0.589883800,863,1463,"[0, 2, 0, 0, 0, 1, 0, 1, 0]","[11, 13, 19]"
"[7, 8, 10, 13, 14, 15, 16, 19, 20]",414960,244752,0.589820706,5099,8645,"[0, 4, 1, 0, 1, 0, 0, 0, 2]","[13, 19]"
"[8, 9, 10, 11, 12, 13, 17, 18, 20]",875160,516120,0.589743590,23,39,"[1, 0, 2, 0, 7, 0, 0, 3, 0]","[11, 13, 17]"
"[7, 9, 11, 12, 13, 14, 15, 16, 18]",720720,425040,0.589743590,23,39,"[0, 1, 0, 2, 0, 1, 0, 0, 4]","[11, 13]"
"[7, 9, 10, 12, 13, 14, 15, 17, 20]",278460,164220,0.589743590,23,39,"[0, 0, 2, 1, 0, 1, 8, 0, 0]","[13, 17]"
"[7, 8, 12, 13, 14, 15, 16, 17, 18]",1113840,656880,0.589743590,23,39,"[0, 4, 2, 0, 1, 0, 0, 0, 1]","[13, 17]"
"[7, 8, 9, 10, 14, 16, 17, 18, 19]",1627920,959760,0.589562141,1333,2261,"[0, 2, 0, 1, 1, 0, 0, 1, 0]","[17, 19]"
"[7, 8, 9, 14, 15, 16, 17, 18, 20]",85680,50512,0.589542484,451,765,"[0, 4, 1, 1, 0, 0, 0, 5, 2]",[17]
"[8, 10, 11, 12, 14, 15, 16, 17, 20]",314160,185200,0.589508531,2315,3927,"[4, 1, 0, 2, 1, 0, 0, 0, 3]","[11, 17]"
"[7, 9, 10, 12, 15, 16, 18, 19, 20]",95760,56448,0.589473684,56,95,"[0, 1, 1, 2, 0, 0, 4, 0, 3]","[7, 19]"
"[7, 8, 9, 11, 13, 14, 15, 17, 20]",6126120,3610920,0.589430178,30091,51051,"[0, 2, 0, 0, 0, 1, 1, 0, 0]","[11, 13, 17]"
"[8, 9, 10, 11, 12, 13, 14, 19, 20]",6846840,4034520,0.589252852,1601,2717,"[1, 0, 2, 0, 7, 0, 0, 0, 0]","[11, 13, 19]"
"[8, 10, 12, 13, 14, 15, 16, 18, 20]",65520,38604,0.589194139,3217,5460,"[4, 1, 2, 0, 1, 0, 0, 4, 3]",[13]
"[8, 9, 12, 13, 14, 15, 16, 18, 20]",65520,38604,0.589194139,3217,5460,"[4, 1, 2, 0, 1, 0, 0, 5, 1]",[13]
"[7, 8, 10, 11, 14, 15, 16, 17, 18]",942480,555280,0.589169001,631,1071,"[0, 2, 1, 0, 1, 0, 0, 0, 1]","[11, 17]"
"[7, 8, 9, 11, 14, 15, 17, 18, 20]",471240,277640,0.589169001,631,1071,"[0, 2, 0, 0, 1, 1, 0, 3, 0]","[11, 17]"
"[8, 9, 10, 12, 13, 14, 16, 17, 19]",21162960,12467664,0.589126663,5093,8645,"[4, 0, 1, 2, 0, 1, 0, 0, 0]","[13, 17, 19]"
"[7, 8, 9, 11, 12, 15, 17, 19, 20]",8953560,5272920,0.588918821,14647,24871,"[0, 1, 0, 0, 2, 1, 0, 0, 0]","[7, 11, 17, 19]"
"[8, 9, 10, 12, 15, 17, 18, 19, 20]",116280,68472,0.588854489,951,1615,"[1, 0, 2, 7, 8, 0, 3, 0, 0]","[17, 19]"
"[8, 9, 10, 12, 14, 16, 17, 19, 20]",1627920,958608,0.588854489,951,1615,"[1, 0, 2, 7, 0, 5, 0, 0, 0]","[17, 19]"
"[8, 9, 10, 12, 14, 16, 17, 18, 19]",1627920,958608,0.588854489,951,1615,"[4, 0, 1, 2, 1, 0, 0, 1, 0]","[17, 19]"
"[7, 8, 9, 11, 13, 14, 16, 19, 20]",13693680,8060400,0.588621904,11195,19019,"[0, 2, 0, 0, 0, 1, 6, 0, 0]","[11, 13, 19]"
"[8, 9, 10, 11, 13, 15, 16, 18, 20]",102960,60600,0.588578089,505,858,"[4, 1, 1, 0, 0, 0, 0, 5, 2]","[11, 13]"
"[7, 8, 9, 11, 14, 16, 18, 19, 20]",1053360,619920,0.588516746,123,209,"[0, 2, 0, 0, 1, 6, 1, 0, 0]","[11, 19]"
"[8, 9, 10, 11, 12, 13, 16, 17, 19]",33256080,19570320,0.588473446,2471,4199,"[4, 0, 1, 0, 2, 0, 0, 0, 0]","[11, 13, 17, 19]"
"[7, 8, 10, 12, 13, 15, 17, 19, 20]",3527160,2075640,0.588473446,2471,4199,"[0, 0, 1, 2, 0, 0, 0, 0, 3]","[7, 13, 17, 19]"
"[7, 8, 10, 12, 13, 14, 17, 19, 20]",3527160,2075640,0.588473446,2471,4199,"[0, 1, 2, 3, 0, 2, 0, 0, 0]","[13, 17, 19]"
"[7, 8, 10, 12, 13, 14, 17, 18, 19]",10581480,6226920,0.588473446,2471,4199,"[0, 0, 1, 2, 0, 1, 0, 0, 0]","[13, 17, 19]"
"[7, 8, 10, 11, 12, 13, 17, 19, 20]",38798760,22832040,0.588473446,2471,4199,"[0, 1, 2, 0, 3, 0, 0, 0, 0]","[7, 11, 13, 17, 19]"
"[7, 8, 9, 12, 13, 16, 17, 18, 19]",4232592,2490768,0.588473446,2471,4199,"[0, 2, 0, 1, 0, 0, 0, 3, 0]","[7, 13, 17, 19]"
"[7, 8, 9, 12, 13, 14, 17, 19, 20]",10581480,6226920,0.588473446,2471,4199,"[0, 1, 0, 7, 0, 2, 0, 0, 0]","[13, 17, 19]"
"[7, 8, 10, 14, 15, 16, 17, 18, 20]",85680,50416,0.588422035,3151,5355,"[0, 4, 1, 1, 0, 0, 0, 1, 2]",[17]
"[7, 8, 11, 12, 13, 14, 15, 18, 20]",360360,212040,0.588411588,589,1001,"[0, 0, 0, 2, 0, 1, 0, 1, 1]","[11, 13]"
"[7, 8, 11, 12, 13, 14, 16, 19, 20]",4564560,2685360,0.588306430,11189,19019,"[0, 1, 0, 3, 0, 2, 5, 0, 0]","[11, 13, 19]"
"[7, 8, 10, 11, 13, 15, 16, 17, 20]",4084080,2402160,0.588176529,10009,17017,"[0, 2, 1, 0, 0, 0, 0, 0, 3]","[7, 11, 13, 17]"
"[7, 8, 9, 12, 16, 17, 18, 19, 20]",1627920,957456,0.588146838,6649,11305,"[0, 2, 0, 1, 6, 0, 3, 0, 0]","[7, 17, 19]"
"[7, 9, 10, 12, 13, 14, 16, 17, 18]",1113840,654960,0.588019823,2729,4641,"[0, 0, 1, 2, 0, 1, 0, 0, 4]","[13, 17]"
"[7, 8, 9, 13, 14, 15, 16, 17, 18]",1113840,654960,0.588019823,2729,4641,"[0, 2, 1, 0, 1, 0, 0, 0, 5]","[13, 17]"
"[8, 9, 11, 12, 14, 15, 16, 18, 19]",1053360,619380,0.588004101,3441,5852,"[4, 1, 0, 2, 1, 0, 0, 5, 0]","[11, 19]"
"[7, 8, 9, 11, 13, 14, 15, 18, 19]",6846840,4025880,0.587990956,11183,19019,"[0, 0, 1, 0, 0, 1, 0, 5, 0]","[11, 13, 19]"
"[7, 8, 10, 11, 13, 14, 16, 17, 18]",12252240,7202640,0.587863117,30011,51051,"[0, 1, 0, 0, 0, 2, 3, 0, 0]","[11, 13, 17]"
"[7, 9, 10, 12, 13, 15, 18, 19, 20]",311220,182916,0.587738577,5081,8645,"[0, 0, 2, 1, 0, 8, 3, 0, 0]","[7, 13, 19]"
"[7, 9, 10, 12, 13, 15, 16, 18, 19]",1244880,731664,0.587738577,5081,8645,"[0, 1, 1, 2, 0, 0, 0, 4, 0]","[7, 13, 19]"
"[7, 9, 10, 12, 14, 15, 16, 19, 20]",95760,56268,0.587593985,1563,2660,"[0, 1, 1, 2, 1, 0, 0, 0, 3]",[19]
"[7, 8, 11, 12, 13, 14, 15, 17, 18]",6126120,3599400,0.587549705,4285,7293,"[0, 0, 0, 2, 0, 1, 0, 0, 1]","[11, 13, 17]"
"[8, 9, 10, 12, 13, 14, 15, 17, 19]",10581480,6216552,0.587493621,86341,146965,"[1, 1, 2, 11, 0, 0, 0, 0, 0]","[13, 17, 19]"
"[7, 8, 10, 12, 13, 16, 17, 18, 19]",21162960,12433104,0.587493621,86341,146965,"[0, 1, 0, 3, 0, 5, 0, 0, 0]","[7, 13, 17, 19]"
"[7, 8, 9, 12, 13, 15, 16, 17, 19]",21162960,12433104,0.587493621,86341,146965,"[0, 1, 1, 2, 0, 0, 0, 0, 0]","[7, 13, 17, 19]"
"[7, 8, 10, 11, 14, 16, 18, 19, 20]",1053360,618840,0.587491456,1719,2926,"[0, 2, 1, 0, 1, 6, 1, 0, 0]","[11, 19]"
"[7, 8, 11, 12, 14, 16, 17, 18, 20]",942480,553680,0.587471352,769,1309,"[0, 1, 0, 3, 2, 5, 0, 0, 0]","[11, 17]"
"[7, 9, 10, 11, 12, 13, 15, 19, 20]",3423420,2010780,0.587360008,11171,19019,"[0, 0, 1, 0, 2, 0, 4, 0, 0]","[7, 11, 13, 19]"
"[7, 8, 10, 11, 13, 14, 15, 19, 20]",2282280,1340520,0.587360008,11171,19019,"[0, 0, 1, 0, 0, 1, 0, 0, 2]","[11, 13, 19]"
"[8, 9, 10, 12, 13, 14, 17, 18, 20]",556920,327096,0.587330317,649,1105,"[1, 0, 2, 7, 0, 0, 0, 3, 0]","[13, 17]"
"[7, 9, 10, 12, 13, 15, 16, 17, 20]",1113840,654192,0.587330317,649,1105,"[0, 1, 1, 2, 0, 0, 0, 0, 3]","[7, 13, 17]"
"[8, 10, 11, 12, 13, 14, 15, 16, 17]",4084080,2398320,0.587236293,9993,17017,"[4, 1, 0, 2, 0, 1, 0, 0, 0]","[11, 13, 17]"
"[7, 8, 9, 10, 13, 14, 17, 19, 20]",10581480,6213096,0.587167013,86293,146965,"[0, 2, 0, 1, 0, 1, 0, 0, 0]","[13, 17, 19]"
"[7, 9, 10, 11, 12, 14, 17, 18, 20]",235620,138340,0.587131822,6917,11781,"[0, 0, 1, 0, 2, 1, 0, 4, 0]","[11, 17]"
"[8, 9, 10, 12, 14, 15, 17, 19, 20]",813960,477864,0.587085360,6637,11305,"[1, 1, 2, 11, 0, 0, 0, 0, 4]","[17, 19]"
"[7, 8, 10, 12, 16, 17, 18, 19, 20]",1627920,955728,0.587085360,6637,11305,"[0, 1, 2, 3, 5, 0, 0, 0, 0]","[7, 17, 19]"
"[7, 8, 9, 12, 15, 16, 17, 19, 20]",1627920,955728,0.587085360,6637,11305,"[0, 1, 1, 2, 0, 0, 0, 0, 3]","[7, 17, 19]"
"[7, 9, 10, 11, 13, 14, 15, 18, 20]",180180,105780,0.587079587,1763,3003,"[0, 0, 2, 0, 0, 1, 1, 3, 0]","[11, 13]"
"[8, 9, 10, 11, 12, 13, 18, 19, 20]",978120,574200,0.587044534,145,247,"[1, 0, 2, 0, 7, 0, 3, 0, 0]","[11, 13, 19]"
"[7, 9, 10, 12, 13, 14, 15, 19, 20]",311220,182700,0.587044534,145,247,"[0, 0, 2, 1, 0, 1, 8, 0, 0]","[13, 19]"
"[7, 8, 12, 13, 14, 15, 16, 18, 19]",1244880,730800,0.587044534,145,247,"[0, 4, 2, 0, 1, 0, 0, 1, 0]","[13, 19]"
"[7, 9, 10, 11, 12, 15, 17, 18, 19]",4476780,2627820,0.586988863,14599,24871,"[0, 0, 0, 0, 1, 2, 0, 3, 0]","[7, 11, 17, 19]"
"[7, 8, 9, 11, 12, 17, 18, 19, 20]",8953560,5255640,0.586988863,14599,24871,"[0, 2, 0, 0, 1, 0, 3, 0, 0]","[7, 11, 17, 19]"
"[7, 8, 9, 11, 12, 16, 17, 19, 20]",17907120,10511280,0.586988863,14599,24871,"[0, 1, 0, 0, 2, 3, 0, 0, 0]","[7, 11, 17, 19]"
"[7, 8, 9, 14, 15, 16, 18, 19, 20]",95760,56196,0.586842105,223,380,"[0, 4, 1, 1, 0, 0, 5, 0, 2]",[19]
"[8, 10, 11, 12, 14, 15, 16, 19, 20]",351120,206040,0.586807929,1717,2926,"[4, 1, 0, 2, 1, 0, 0, 0, 3]","[11, 19]"
"[7, 9, 10, 12, 14, 15, 17, 18, 19]",406980,238788,0.586731535,6633,11305,"[0, 0, 0, 1, 2, 2, 0, 3, 0]","[17, 19]"
"[7, 8, 9, 11, 13, 14, 15, 19, 20]",6846840,4017240,0.586729060,11159,19019,"[0, 2, 0, 0, 0, 1, 1, 0, 0]","[11, 13, 19]"
"[7, 8, 9, 10, 11, 13, 17, 19, 20]",116396280,68288760,0.586691946,189691,323323,"[0, 1, 0, 2, 0, 0, 0, 0, 0]","[7, 11, 13, 17, 19]"
"[7, 8, 9, 10, 11, 13, 17, 18, 19]",116396280,68288760,0.586691946,189691,323323,"[0, 1, 0, 0, 0, 0, 0, 2, 0]","[7, 11, 13, 17, 19]"
"[7, 8, 9, 13, 14, 15, 16, 17, 20]",1113840,653424,0.586640810,13613,23205,"[0, 4, 1, 0, 1, 0, 0, 0, 2]","[13, 17]"
"[7, 8, 9, 10, 13, 15, 17, 19, 20]",10581480,6206184,0.586513796,86197,146965,"[0, 1, 0, 2, 0, 1, 0, 0, 0]","[7, 13, 17, 19]"
"[7, 8, 9, 10, 13, 15, 17, 18, 19]",10581480,6206184,0.586513796,86197,146965,"[0, 0, 1, 1, 0, 0, 0, 5, 0]","[7, 13, 17, 19]"
"[7, 8, 10, 11, 14, 15, 16, 18, 19]",1053360,617760,0.586466165,78,133,"[0, 2, 1, 0, 1, 0, 0, 1, 0]","[11, 19]"
"[7, 8, 9, 11, 14, 15, 18, 19, 20]",526680,308880,0.586466165,78,133,"[0, 2, 0, 0, 1, 1, 3, 0, 0]","[11, 19]"
"[7, 8, 10, 11, 15, 16, 17, 18, 20]",942480,552720,0.586452763,329,561,"[0, 4, 1, 0, 0, 0, 0, 1, 2]","[7, 11, 17]"
"[7, 9, 10, 11, 12, 14, 15, 17, 19]",4476780,2624940,0.586345543,14583,24871,"[0, 0, 0, 0, 1, 1, 2, 0, 0]","[11, 17, 19]"
"[7, 8, 12, 13, 14, 15, 16, 17, 20]",371280,217680,0.586296057,907,1547,"[0, 4, 2, 0, 1, 0, 0, 0, 1]","[13, 17]"
"[8, 9, 10, 12, 13, 15, 17, 19, 20]",1511640,886104,0.586187187,12307,20995,"[1, 0, 2, 7, 0, 8, 0, 0, 0]","[13, 17, 19]"
"[8, 9, 10, 12, 13, 15, 17, 18, 19]",1511640,886104,0.586187187,12307,20995,"[0, 1, 1, 2, 0, 0, 0, 5, 0]","[13, 17, 19]"
"[7, 8, 10, 12, 15, 17, 18, 19, 20]",813960,477000,0.586023883,1325,2261,"[0, 0, 1, 2, 0, 0, 4, 0, 3]","[7, 17, 19]"
"[7, 8, 10, 12, 14, 17, 18, 19, 20]",813960,477000,0.586023883,1325,2261,"[0, 1, 2, 3, 2, 0, 1, 0, 0]","[17, 19]"
"[7, 8, 10, 11, 14, 16, 17, 19, 20]",1989680,1166000,0.586023883,1325,2261,"[0, 2, 1, 0, 1, 6, 0, 0, 0]","[11, 17, 19]"
"[7, 8, 9, 12, 14, 17, 18, 19, 20]",813960,477000,0.586023883,1325,2261,"[0, 1, 0, 7, 2, 0, 2, 0, 0]","[17, 19]"
"[7, 8, 9, 10, 15, 17, 18, 19, 20]",813960,477000,0.586023883,1325,2261,"[0, 2, 0, 1, 2, 0, 1, 0, 0]","[7, 17, 19]"
"[7, 8, 11, 12, 13, 14, 16, 17, 19]",15519504,9091344,0.585801196,189403,323323,"[0, 4, 0, 2, 0, 1, 0, 0, 0]","[11, 13, 17, 19]"
"[7, 8, 10, 11, 13, 14, 16, 17, 19]",25865840,15152240,0.585801196,189403,323323,"[0, 2, 1, 0, 0, 1, 0, 0, 0]","[11, 13, 17, 19]"
"[7, 9, 10, 11, 12, 14, 16, 17, 20]",942480,552080,0.585773703,6901,11781,"[0, 0, 2, 0, 1, 2, 3, 0, 0]","[11, 17]"
"[7, 9, 11, 12, 13, 14, 15, 18, 20]",180180,105540,0.585747586,1759,3003,"[0, 0, 0, 2, 0, 1, 1, 6, 0]","[11, 13]"
"[7, 8, 10, 14, 15, 16, 18, 19, 20]",95760,56088,0.585714286,41,70,"[0, 4, 1, 1, 0, 0, 1, 0, 2]",[19]
"[7, 9, 10, 11, 12, 13, 14, 17, 20]",3063060,1793940,0.585669233,29899,51051,"[0, 0, 2, 0, 1, 0, 1, 0, 0]","[11, 13, 17]"
"[7, 8, 10, 11, 13, 15, 16, 19, 20]",4564560,2672400,0.585467164,11135,19019,"[0, 2, 1, 0, 0, 0, 0, 0, 3]","[7, 11, 13, 19]"
"[8, 10, 11, 12, 14, 15, 16, 17, 18]",942480,551760,0.585434174,209,357,"[4, 1, 0, 2, 1, 0, 0, 0, 1]","[11, 17]"
"[7, 8, 12, 14, 15, 16, 17, 18, 20]",85680,50160,0.585434174,209,357,"[0, 4, 2, 1, 0, 0, 0, 1, 1]",[17]
"[8, 10, 11, 12, 13, 15, 16, 17, 20]",583440,341520,0.585355821,1423,2431,"[4, 1, 0, 2, 0, 0, 0, 0, 3]","[11, 13, 17]"
"[7, 9, 10, 11, 12, 13, 16, 17, 18]",12252240,7171920,0.585355821,1423,2431,"[0, 0, 1, 0, 2, 0, 0, 0, 4]","[7, 11, 13, 17]"
"[7, 8, 9, 11, 13, 15, 16, 17, 18]",12252240,7171920,0.585355821,1423,2431,"[0, 2, 1, 0, 0, 0, 0, 0, 5]","[7, 11, 13, 17]"
"[7, 9, 10, 12, 13, 14, 16, 18, 19]",1244880,728640,0.585309427,1012,1729,"[0, 0, 1, 2, 0, 1, 0, 4, 0]","[13, 19]"
"[7, 8, 9, 13, 14, 15, 16, 18, 19]",1244880,728640,0.585309427,1012,1729,"[0, 2, 1, 0, 1, 0, 0, 5, 0]","[13, 19]"
"[8, 9, 11, 12, 15, 16, 17, 18, 20]",134640,78800,0.585264409,985,1683,"[4, 1, 0, 5, 0, 0, 0, 7, 2]","[11, 17]"
"[7, 8, 9, 10, 13, 14, 17, 18, 19]",10581480,6192360,0.585207362,17201,29393,"[0, 1, 0, 0, 0, 2, 0, 1, 0]","[13, 17, 19]"
"[7, 8, 10, 11, 13, 14, 16, 18, 19]",13693680,8012880,0.585151690,11129,19019,"[0, 1, 0, 0, 0, 2, 3, 0, 0]","[11, 13, 19]"
"[8, 10, 11, 12, 13, 14, 16, 18, 20]",720720,421680,0.585081585,251,429,"[1, 2, 0, 3, 0, 0, 5, 1, 0]","[11, 13]"
"[8, 9, 11, 12, 13, 14, 16, 18, 20]",720720,421680,0.585081585,251,429,"[1, 0, 0, 7, 0, 0, 5, 2, 0]","[11, 13]"
"[7, 8, 11, 12, 14, 15, 16, 17, 19]",5969040,3492240,0.585058904,14551,24871,"[0, 4, 0, 2, 1, 0, 0, 0, 0]","[11, 17, 19]"
"[7, 8, 10, 11, 14, 15, 16, 17, 19]",5969040,3492240,0.585058904,14551,24871,"[0, 2, 1, 0, 1, 0, 0, 0, 0]","[11, 17, 19]"
"[7, 8, 9, 11, 13, 14, 17, 18, 20]",6126120,3584040,0.585042409,29867,51051,"[0, 2, 0, 0, 0, 1, 0, 1, 0]","[11, 13, 17]"
"[7, 8, 9, 13, 14, 16, 17, 18, 20]",1113840,651504,0.584917044,1939,3315,"[0, 2, 0, 0, 1, 6, 0, 1, 0]","[13, 17]"
"[8, 9, 10, 11, 12, 13, 14, 17, 19]",116396280,68081400,0.584910446,189115,323323,"[1, 0, 0, 0, 7, 0, 0, 0, 0]","[11, 13, 17, 19]"
"[7, 8, 10, 11, 12, 13, 17, 18, 19]",116396280,68081400,0.584910446,189115,323323,"[0, 1, 0, 0, 3, 0, 0, 0, 0]","[7, 11, 13, 17, 19]"
"[7, 8, 11, 12, 13, 14, 15, 18, 19]",6846840,4004280,0.584836216,1589,2717,"[0, 0, 0, 2, 0, 1, 0, 1, 0]","[11, 13, 19]"
"[7, 8, 11, 12, 14, 16, 18, 19, 20]",1053360,615960,0.584757348,1711,2926,"[0, 1, 0, 3, 2, 5, 0, 0, 0]","[11, 19]"
"[8, 9, 10, 12, 13, 14, 18, 19, 20]",622440,363888,0.584615385,38,65,"[1, 0, 2, 7, 0, 0, 3, 0, 0]","[13, 19]"
"[7, 9, 10, 12, 13, 15, 16, 19, 20]",1244880,727776,0.584615385,38,65,"[0, 1, 1, 2, 0, 0, 0, 0, 3]","[7, 13, 19]"
"[7, 9, 11, 12, 14, 15, 16, 18, 20]",55440,32410,0.584595960,463,792,"[0, 1, 0, 5, 2, 0, 0, 7, 3]",[11]
"[8, 9, 10, 11, 13, 14, 15, 16, 18]",720720,421320,0.584582085,3511,6006,"[2, 1, 1, 0, 0, 1, 0, 0, 5]","[11, 13]"
"[7, 9, 10, 11, 13, 14, 15, 16, 20]",720720,421320,0.584582085,3511,6006,"[0, 1, 1, 0, 0, 2, 0, 0, 3]","[11, 13]"
"[7, 9, 10, 11, 13, 14, 15, 16, 18]",720720,421320,0.584582085,3511,6006,"[0, 1, 1, 0, 0, 2, 0, 0, 5]","[11, 13]"
"[8, 9, 11, 12, 13, 14, 15, 16, 17]",12252240,7162320,0.584572290,2713,4641,"[4, 1, 0, 2, 0, 1, 0, 0, 0]","[11, 13, 17]"
"[7, 8, 10, 12, 13, 15, 17, 18, 19]",10581480,6185448,0.584554146,85909,146965,"[0, 0, 1, 2, 0, 0, 0, 1, 0]","[7, 13, 17, 19]"
"[7, 8, 9, 10, 13, 16, 17, 19, 20]",21162960,12370896,0.584554146,85909,146965,"[0, 1, 0, 2, 0, 3, 0, 0, 0]","[7, 13, 17, 19]"
"[7, 8, 9, 10, 13, 16, 17, 18, 19]",21162960,12370896,0.584554146,85909,146965,"[0, 2, 0, 1, 0, 0, 0, 1, 0]","[7, 13, 17, 19]"
"[8, 10, 11, 12, 13, 14, 15, 16, 19]",4564560,2668080,0.584520742,11117,19019,"[4, 1, 0, 2, 0, 1, 0, 0, 0]","[11, 13, 19]"
"[7, 9, 10, 11, 12, 14, 18, 19, 20]",263340,153900,0.584415584,45,77,"[0, 0, 1, 0, 2, 1, 4, 0, 0]","[11, 19]"
"[7, 8, 11, 12, 13, 14, 15, 17, 20]",2042040,1193400,0.584415584,45,77,"[0, 0, 0, 2, 0, 1, 0, 0, 1]","[11, 13, 17]"
"[7, 8, 10, 11, 13, 15, 16, 17, 18]",12252240,7160400,0.584415584,45,77,"[0, 2, 1, 0, 0, 0, 0, 0, 1]","[7, 11, 13, 17]"
"[7, 8, 10, 11, 13, 14, 15, 17, 18]",6126120,3580200,0.584415584,45,77,"[0, 0, 1, 0, 0, 1, 0, 0, 2]","[11, 13, 17]"
"[8, 9, 12, 13, 14, 15, 16, 17, 18]",1113840,650928,0.584399914,13561,23205,"[4, 1, 2, 0, 1, 0, 0, 0, 5]","[13, 17]"
"[7, 8, 9, 11, 13, 14, 16, 17, 19]",46558512,27204912,0.584316612,26989,46189,"[0, 2, 0, 0, 0, 1, 0, 0, 0]","[11, 13, 17, 19]"
"[8, 9, 10, 11, 12, 14, 17, 18, 19]",8953560,5229720,0.584093925,14527,24871,"[1, 0, 0, 0, 7, 0, 0, 3, 0]","[11, 17, 19]"
"[7, 9, 10, 11, 12, 15, 16, 17, 19]",17907120,10459440,0.584093925,14527,24871,"[0, 1, 1, 0, 2, 0, 0, 0, 0]","[7, 11, 17, 19]"
"[8, 10, 11, 12, 15, 16, 17, 18, 20]",134640,78640,0.584076055,983,1683,"[4, 1, 0, 2, 0, 0, 0, 1, 3]","[11, 17]"
"[8, 9, 10, 13, 14, 15, 16, 18, 20]",65520,38268,0.584065934,1063,1820,"[4, 1, 1, 0, 1, 0, 0, 5, 2]",[13]
"[7, 9, 10, 11, 14, 15, 16, 18, 20]",55440,32380,0.584054834,1619,2772,"[0, 1, 2, 0, 1, 0, 0, 5, 6]",[11]
"[7, 8, 9, 13, 14, 15, 16, 19, 20]",1244880,726912,0.583921342,5048,8645,"[0, 4, 1, 0, 1, 0, 0, 0, 2]","[13, 19]"
"[8, 9, 10, 12, 16, 17, 18, 19, 20]",232560,135792,0.583900929,943,1615,"[1, 0, 2, 7, 5, 0, 2, 0, 0]","[17, 19]"
"[8, 9, 10, 12, 13, 16, 17, 19, 20]",3023280,1765296,0.583900929,943,1615,"[1, 0, 2, 7, 0, 5, 0, 0, 0]","[13, 17, 19]"
"[8, 9, 10, 12, 13, 16, 17, 18, 19]",3023280,1765296,0.583900929,943,1615,"[4, 0, 1, 2, 0, 0, 0, 1, 0]","[13, 17, 19]"
"[7, 8, 9, 10, 16, 17, 18, 19, 20]",1627920,950544,0.583900929,943,1615,"[0, 2, 0, 1, 6, 0, 1, 0, 0]","[7, 17, 19]"
"[7, 8, 10, 13, 14, 16, 17, 18, 20]",1113840,650352,0.583882784,797,1365,"[0, 2, 1, 0, 1, 6, 0, 1, 0]","[13, 17]"
"[7, 9, 11, 12, 13, 14, 15, 17, 18]",3063060,1788180,0.583788760,29803,51051,"[1, 1, 0, 5, 0, 0, 0, 0, 7]","[11, 13, 17]"
"[7, 8, 10, 11, 14, 15, 17, 18, 20]",471240,275080,0.583736525,6877,11781,"[0, 0, 2, 0, 1, 0, 0, 1, 6]","[11, 17]"
"[7, 8, 10, 11, 15, 16, 18, 19, 20]",1053360,614880,0.583732057,122,209,"[0, 4, 1, 0, 0, 0, 1, 0, 2]","[7, 11, 19]"
"[7, 8, 12, 13, 14, 15, 16, 19, 20]",414960,242160,0.583574320,1009,1729,"[0, 4, 2, 0, 1, 0, 0, 0, 1]","[13, 19]"
"[7, 9, 10, 12, 14, 16, 17, 18, 20]",85680,50000,0.583566760,625,1071,"[0, 0, 2, 1, 2, 3, 0, 3, 0]",[17]
"[7, 9, 10, 12, 14, 15, 16, 17, 19]",1627920,949968,0.583547103,6597,11305,"[0, 1, 1, 2, 1, 0, 0, 0, 0]","[17, 19]"
"[7, 8, 11, 12, 14, 16, 17, 18, 19]",3581424,2089584,0.583450605,2073,3553,"[0, 1, 0, 3, 2, 5, 0, 0, 0]","[11, 17, 19]"
"[7, 8, 9, 11, 14, 15, 16, 17, 19]",17907120,10447920,0.583450605,2073,3553,"[0, 2, 1, 0, 1, 0, 0, 0, 0]","[11, 17, 19]"
"[8, 10, 11, 12, 13, 14, 15, 18, 20]",360360,210240,0.583416583,584,1001,"[1, 2, 0, 7, 0, 0, 0, 5, 4]","[11, 13]"
"[8, 9, 11, 12, 13, 14, 15, 18, 20]",360360,210240,0.583416583,584,1001,"[1, 1, 0, 11, 0, 0, 0, 2, 2]","[11, 13]"
"[7, 9, 10, 11, 12, 16, 17, 18, 20]",942480,549840,0.583396995,2291,3927,"[0, 0, 2, 0, 1, 3, 0, 3, 0]","[7, 11, 17]"
"[7, 8, 9, 11, 15, 16, 17, 18, 20]",942480,549840,0.583396995,2291,3927,"[0, 4, 1, 0, 0, 0, 0, 5, 2]","[7, 11, 17]"
"[8, 10, 12, 13, 14, 15, 16, 17, 20]",371280,216528,0.583193277,347,595,"[4, 1, 2, 0, 1, 0, 0, 0, 3]","[13, 17]"
"[8, 9, 11, 12, 13, 14, 16, 17, 18]",2450448,1429008,0.583161936,4253,7293,"[4, 0, 0, 2, 0, 1, 0, 0, 1]","[11, 13, 17]"
"[7, 9, 10, 11, 12, 13, 15, 17, 19]",58198140,33937020,0.583128945,14503,24871,"[0, 0, 0, 0, 1, 0, 2, 0, 0]","[7, 11, 13, 17, 19]"
"[7, 8, 10, 11, 12, 17, 18, 19, 20]",8953560,5221080,0.583128945,14503,24871,"[0, 1, 2, 0, 3, 0, 1, 0, 0]","[7, 11, 17, 19]"
"[7, 8, 9, 11, 12, 13, 17, 19, 20]",116396280,67874040,0.583128945,14503,24871,"[0, 1, 0, 0, 2, 0, 0, 0, 0]","[7, 11, 13, 17, 19]"
"[7, 8, 9, 10, 11, 17, 18, 19, 20]",8953560,5221080,0.583128945,14503,24871,"[0, 2, 0, 1, 0, 0, 1, 0, 0]","[7, 11, 17, 19]"
"[7, 9, 10, 11, 12, 14, 16, 19, 20]",1053360,614160,0.583048530,853,1463,"[0, 0, 2, 0, 1, 2, 3, 0, 0]","[11, 19]"
"[7, 9, 10, 11, 12, 13, 14, 19, 20]",3423420,1995660,0.582943372,11087,19019,"[0, 0, 2, 0, 1, 0, 1, 0, 0]","[11, 13, 19]"
"[7, 8, 10, 13, 14, 15, 16, 17, 18]",1113840,649200,0.582848524,2705,4641,"[0, 2, 1, 0, 1, 0, 0, 0, 1]","[13, 17]"
"[7, 8, 9, 13, 14, 15, 17, 18, 20]",556920,324600,0.582848524,2705,4641,"[0, 2, 0, 0, 1, 1, 0, 3, 0]","[13, 17]"
"[8, 10, 11, 12, 14, 15, 16, 18, 19]",1053360,613800,0.582706767,155,266,"[4, 1, 0, 2, 1, 0, 0, 1, 0]","[11, 19]"
"[7, 8, 12, 14, 15, 16, 18, 19, 20]",95760,55800,0.582706767,155,266,"[0, 4, 2, 1, 0, 0, 1, 0, 1]",[19]
"[8, 10, 11, 12, 13, 15, 16, 19, 20]",652080,379920,0.582627898,1583,2717,"[4, 1, 0, 2, 0, 0, 0, 0, 3]","[11, 13, 19]"
"[7, 9, 10, 11, 12, 13, 16, 18, 19]",13693680,7978320,0.582627898,1583,2717,"[0, 0, 1, 0, 2, 0, 0, 4, 0]","[7, 11, 13, 19]"
"[7, 8, 9, 11, 13, 15, 16, 18, 19]",13693680,7978320,0.582627898,1583,2717,"[0, 2, 1, 0, 0, 0, 0, 5, 0]","[7, 11, 13, 19]"
"[7, 8, 9, 12, 13, 15, 17, 19, 20]",10581480,6164712,0.582594495,85621,146965,"[0, 1, 0, 2, 0, 1, 0, 0, 0]","[7, 13, 17, 19]"
"[8, 9, 11, 12, 14, 15, 16, 17, 20]",942480,549040,0.582548171,6863,11781,"[4, 1, 0, 2, 1, 0, 0, 0, 1]","[11, 17]"
"[8, 9, 11, 12, 15, 16, 18, 19, 20]",150480,87660,0.582535885,487,836,"[4, 1, 0, 5, 0, 0, 7, 0, 2]","[11, 19]"
"[7, 9, 10, 11, 12, 13, 17, 18, 20]",3063060,1784340,0.582535112,9913,17017,"[0, 0, 2, 0, 1, 0, 0, 3, 0]","[7, 11, 13, 17]"
"[7, 9, 10, 11, 12, 13, 16, 17, 20]",12252240,7137360,0.582535112,9913,17017,"[0, 0, 2, 0, 1, 0, 3, 0, 0]","[7, 11, 13, 17]"
"[7, 8, 9, 11, 13, 14, 15, 17, 19]",116396280,67804920,0.582535112,9913,17017,"[0, 0, 1, 0, 0, 1, 0, 0, 0]","[11, 13, 17, 19]"
"[7, 8, 9, 10, 14, 17, 18, 19, 20]",813960,474120,0.582485626,1317,2261,"[0, 2, 0, 2, 1, 0, 1, 0, 0]","[17, 19]"
"[7, 8, 11, 12, 15, 16, 17, 18, 20]",942480,548880,0.582378406,2287,3927,"[0, 4, 0, 1, 0, 0, 0, 5, 2]","[7, 11, 17]"
"[7, 8, 9, 11, 13, 14, 18, 19, 20]",6846840,3987000,0.582312424,11075,19019,"[0, 2, 0, 0, 0, 1, 1, 0, 0]","[11, 13, 19]"
"[7, 8, 9, 13, 14, 16, 18, 19, 20]",1244880,724752,0.582186235,719,1235,"[0, 2, 0, 0, 1, 6, 1, 0, 0]","[13, 19]"
"[8, 10, 11, 12, 13, 14, 16, 17, 20]",4084080,2377200,0.582064994,1415,2431,"[1, 2, 0, 3, 0, 0, 5, 0, 0]","[11, 13, 17]"
"[8, 9, 11, 12, 13, 15, 16, 17, 18]",1750320,1018800,0.582064994,1415,2431,"[2, 1, 0, 5, 0, 0, 0, 0, 7]","[11, 13, 17]"
"[8, 9, 10, 11, 14, 15, 16, 17, 20]",942480,548400,0.581869111,2285,3927,"[4, 1, 1, 0, 1, 0, 0, 0, 2]","[11, 17]"
"[7, 9, 10, 11, 12, 14, 17, 18, 19]",4476780,2604780,0.581842306,14471,24871,"[0, 0, 0, 0, 1, 2, 0, 3, 0]","[11, 17, 19]"
"[7, 9, 10, 11, 12, 14, 16, 17, 19]",17907120,10419120,0.581842306,14471,24871,"[0, 0, 1, 0, 2, 1, 0, 0, 0]","[11, 17, 19]"
"[7, 8, 9, 11, 14, 16, 17, 18, 19]",3581424,2083824,0.581842306,14471,24871,"[0, 2, 0, 0, 1, 0, 0, 1, 0]","[11, 17, 19]"
"[8, 9, 11, 12, 13, 14, 15, 16, 19]",13693680,7967520,0.581839213,1006,1729,"[4, 1, 0, 2, 0, 1, 0, 0, 0]","[11, 13, 19]"
"[7, 8, 10, 14, 15, 16, 17, 19, 20]",542640,315696,0.581777974,6577,11305,"[0, 4, 1, 1, 0, 0, 0, 0, 2]","[17, 19]"
"[7, 9, 11, 12, 14, 15, 16, 17, 18]",942480,548240,0.581699346,89,153,"[0, 1, 0, 2, 1, 0, 0, 0, 4]","[11, 17]"
"[7, 8, 11, 12, 13, 14, 15, 19, 20]",2282280,1327560,0.581681476,851,1463,"[0, 0, 0, 2, 0, 1, 0, 0, 1]","[11, 13, 19]"
"[7, 8, 10, 11, 13, 15, 16, 18, 19]",13693680,7965360,0.581681476,851,1463,"[0, 2, 1, 0, 0, 0, 0, 1, 0]","[7, 11, 13, 19]"
"[7, 8, 10, 11, 13, 14, 15, 18, 19]",6846840,3982680,0.581681476,851,1463,"[0, 0, 1, 0, 0, 1, 0, 2, 0]","[11, 13, 19]"
"[8, 9, 12, 13, 14, 15, 16, 18, 19]",1244880,724104,0.581665703,10057,17290,"[4, 1, 2, 0, 1, 0, 0, 5, 0]","[13, 19]"
"[8, 9, 11, 12, 13, 14, 15, 17, 18]",6126120,3562920,0.581594876,9897,17017,"[1, 1, 0, 11, 0, 0, 0, 0, 2]","[11, 13, 17]"
"[7, 8, 10, 11, 13, 16, 17, 18, 20]",12252240,7125840,0.581594876,9897,17017,"[0, 2, 1, 0, 0, 6, 0, 1, 0]","[7, 11, 13, 17]"
"[7, 10, 11, 12, 13, 14, 15, 16, 18]",720720,419040,0.581418581,582,1001,"[0, 1, 0, 2, 0, 1, 0, 0, 4]","[11, 13]"
"[7, 9, 11, 12, 13, 14, 15, 16, 20]",720720,419040,0.581418581,582,1001,"[0, 1, 0, 2, 0, 1, 0, 0, 1]","[11, 13]"
"[8, 10, 11, 12, 15, 16, 18, 19, 20]",150480,87480,0.581339713,243,418,"[4, 1, 0, 2, 0, 0, 1, 0, 3]","[11, 19]"
"[7, 9, 10, 11, 13, 14, 15, 17, 18]",1531530,890250,0.581281464,29675,51051,"[0, 0, 0, 0, 0, 1, 1, 0, 3]","[11, 13, 17]"
"[8, 9, 10, 11, 12, 14, 17, 19, 20]",8953560,5203800,0.581198987,2065,3553,"[1, 0, 2, 0, 7, 0, 0, 0, 0]","[11, 17, 19]"
"[7, 8, 10, 13, 14, 16, 18, 19, 20]",1244880,723456,0.581145171,5024,8645,"[0, 2, 1, 0, 1, 6, 1, 0, 0]","[13, 19]"
"[8, 10, 12, 14, 15, 16, 17, 18, 20]",85680,49792,0.581139122,3112,5355,"[4, 1, 2, 1, 0, 0, 0, 4, 3]",[17]
"[8, 9, 12, 14, 15, 16, 17, 18, 20]",85680,49792,0.581139122,3112,5355,"[4, 1, 2, 1, 0, 0, 0, 5, 1]",[17]
"[7, 8, 12, 13, 14, 16, 17, 18, 20]",1113840,647280,0.581124758,899,1547,"[0, 1, 3, 0, 2, 5, 0, 0, 0]","[13, 17]"
"[7, 9, 11, 12, 13, 14, 15, 18, 19]",3423420,1989180,0.581050528,11051,19019,"[1, 1, 0, 5, 0, 0, 0, 7, 0]","[11, 13, 19]"
"[7, 8, 10, 11, 14, 15, 18, 19, 20]",526680,306000,0.580997949,850,1463,"[0, 0, 2, 0, 1, 0, 1, 0, 6]","[11, 19]"
"[8, 10, 11, 12, 13, 15, 16, 17, 18]",1750320,1016880,0.580968052,4237,7293,"[4, 1, 0, 2, 0, 0, 0, 0, 1]","[11, 13, 17]"
"[7, 9, 11, 12, 13, 14, 15, 16, 17]",12252240,7118160,0.580968052,4237,7293,"[0, 1, 0, 2, 0, 1, 0, 0, 0]","[11, 13, 17]"
"[7, 9, 10, 12, 14, 16, 18, 19, 20]",95760,55620,0.580827068,309,532,"[0, 0, 2, 1, 2, 3, 3, 0, 0]",[19]
"[7, 9, 10, 12, 13, 14, 17, 18, 20]",278460,161724,0.580780004,13477,23205,"[0, 0, 1, 2, 0, 1, 0, 4, 0]","[13, 17]"
"[7, 9, 10, 11, 12, 16, 18, 19, 20]",1053360,611640,0.580656186,1699,2926,"[0, 0, 2, 0, 1, 3, 3, 0, 0]","[7, 11, 19]"
"[7, 8, 9, 11, 15, 16, 18, 19, 20]",1053360,611640,0.580656186,1699,2926,"[0, 4, 1, 0, 0, 0, 5, 0, 2]","[7, 11, 19]"
"[7, 8, 11, 12, 13, 15, 16, 17, 18]",12252240,7114320,0.580654639,9881,17017,"[0, 2, 0, 1, 0, 0, 0, 0, 5]","[7, 11, 13, 17]"
"[7, 8, 9, 11, 13, 15, 17, 18, 20]",6126120,3557160,0.580654639,9881,17017,"[0, 2, 0, 0, 0, 1, 0, 3, 0]","[7, 11, 13, 17]"
"[7, 9, 10, 12, 13, 15, 17, 18, 19]",5290740,3071988,0.580634845,85333,146965,"[0, 0, 0, 1, 0, 2, 0, 3, 0]","[7, 13, 17, 19]"
"[7, 8, 9, 12, 13, 17, 18, 19, 20]",10581480,6143976,0.580634845,85333,146965,"[0, 2, 0, 1, 0, 0, 3, 0, 0]","[7, 13, 17, 19]"
"[7, 8, 9, 12, 13, 16, 17, 19, 20]",21162960,12287952,0.580634845,85333,146965,"[0, 1, 0, 2, 0, 3, 0, 0, 0]","[7, 13, 17, 19]"
"[7, 8, 9, 11, 14, 16, 17, 19, 20]",17907120,10396080,0.580555667,14439,24871,"[0, 2, 0, 0, 1, 6, 0, 0, 0]","[11, 17, 19]"
"[8, 9, 10, 11, 15, 16, 17, 18, 20]",134640,78160,0.580510992,977,1683,"[4, 1, 1, 0, 0, 0, 0, 5, 2]","[11, 17]"
"[8, 10, 12, 13, 14, 15, 16, 19, 20]",414960,240864,0.580451128,386,665,"[4, 1, 2, 0, 1, 0, 0, 0, 3]","[13, 19]"
"[8, 9, 11, 12, 13, 14, 16, 18, 19]",2738736,1589616,0.580419580,83,143,"[4, 0, 0, 2, 0, 1, 0, 1, 0]","[11, 13, 19]"
"[8, 9, 10, 11, 13, 14, 16, 18, 20]",720720,418320,0.580419580,83,143,"[2, 0, 1, 0, 0, 1, 6, 1, 0]","[11, 13]"
"[7, 8, 11, 12, 14, 15, 17, 18, 20]",471240,273480,0.580341227,2279,3927,"[0, 0, 0, 2, 1, 0, 0, 1, 1]","[11, 17]"
"[7, 8, 11, 12, 14, 16, 17, 19, 20]",5969040,3463440,0.580234007,14431,24871,"[0, 1, 0, 3, 2, 5, 0, 0, 0]","[11, 17, 19]"
"[8, 9, 10, 11, 12, 13, 17, 19, 20]",16628040,9646920,0.580159778,26797,46189,"[1, 0, 2, 0, 7, 0, 0, 0, 0]","[11, 13, 17, 19]"
"[8, 9, 10, 11, 12, 13, 17, 18, 19]",16628040,9646920,0.580159778,26797,46189,"[1, 0, 0, 0, 7, 0, 0, 2, 0]","[11, 13, 17, 19]"
"[7, 8, 10, 13, 14, 15, 16, 18, 19]",1244880,722160,0.580104106,1003,1729,"[0, 2, 1, 0, 1, 0, 0, 1, 0]","[13, 19]"
"[7, 8, 9, 13, 14, 15, 18, 19, 20]",622440,361080,0.580104106,1003,1729,"[0, 2, 0, 0, 1, 1, 3, 0, 0]","[13, 19]"
"[7, 8, 10, 13, 15, 16, 17, 18, 20]",1113840,646128,0.580090498,641,1105,"[0, 4, 1, 0, 0, 0, 0, 1, 2]","[7, 13, 17]"
"[7, 9, 10, 11, 13, 14, 15, 17, 20]",3063060,1776660,0.580027815,29611,51051,"[0, 0, 2, 0, 0, 1, 1, 0, 0]","[11, 13, 17]"
"[7, 8, 10, 11, 13, 14, 17, 18, 20]",6126120,3553320,0.580027815,29611,51051,"[0, 2, 2, 0, 0, 1, 0, 1, 0]","[11, 13, 17]"
"[7, 9, 10, 12, 13, 14, 15, 17, 19]",5290740,3068532,0.579981628,85237,146965,"[0, 0, 0, 1, 0, 1, 2, 0, 0]","[13, 17, 19]"
"[7, 8, 9, 11, 14, 15, 17, 18, 19]",8953560,5192280,0.579912348,14423,24871,"[0, 0, 1, 0, 1, 0, 0, 5, 0]","[11, 17, 19]"
"[8, 9, 11, 12, 14, 15, 16, 19, 20]",1053360,610740,0.579801777,3393,5852,"[4, 1, 0, 2, 1, 0, 0, 0, 1]","[11, 19]"
"[7, 9, 10, 11, 12, 13, 18, 19, 20]",3423420,1984860,0.579788632,11027,19019,"[0, 0, 2, 0, 1, 0, 3, 0, 0]","[7, 11, 13, 19]"
"[7, 9, 10, 11, 12, 13, 16, 19, 20]",13693680,7939440,0.579788632,11027,19019,"[0, 0, 2, 0, 1, 0, 3, 0, 0]","[7, 11, 13, 19]"
"[7, 8, 11, 13, 14, 15, 16, 18, 20]",720720,417840,0.579753580,1741,3003,"[0, 4, 0, 0, 1, 0, 0, 1, 2]","[11, 13]"
"[7, 9, 10, 12, 15, 17, 18, 19, 20]",406980,235908,0.579655020,6553,11305,"[0, 0, 2, 1, 8, 0, 3, 0, 0]","[7, 17, 19]"
"[7, 9, 10, 12, 15, 16, 17, 18, 19]",1627920,943632,0.579655020,6553,11305,"[0, 1, 1, 2, 0, 0, 0, 4, 0]","[7, 17, 19]"
"[7, 8, 10, 13, 14, 16, 17, 19, 20]",2351440,1363024,0.579655020,6553,11305,"[0, 2, 1, 0, 1, 6, 0, 0, 0]","[13, 17, 19]"
"[7, 8, 11, 12, 15, 16, 18, 19, 20]",1053360,610560,0.579630895,848,1463,"[0, 4, 0, 1, 0, 0, 5, 0, 2]","[7, 11, 19]"
"[7, 8, 11, 12, 13, 14, 15, 17, 19]",38798760,22486440,0.579565945,187387,323323,"[0, 0, 0, 2, 0, 1, 0, 0, 0]","[11, 13, 17, 19]"
"[7, 8, 10, 11, 13, 14, 15, 17, 19]",38798760,22486440,0.579565945,187387,323323,"[0, 0, 1, 0, 0, 1, 0, 0, 0]","[11, 13, 17, 19]"
"[7, 9, 10, 12, 13, 14, 16, 17, 20]",1113840,645360,0.579400991,2689,4641,"[0, 0, 2, 1, 0, 2, 3, 0, 0]","[13, 17]"
"[8, 10, 11, 12, 13, 14, 16, 19, 20]",4564560,2644320,0.579315421,1574,2717,"[1, 2, 0, 3, 0, 0, 5, 0, 0]","[11, 13, 19]"
"[8, 9, 11, 12, 13, 15, 16, 18, 19]",1956240,1133280,0.579315421,1574,2717,"[2, 1, 0, 5, 0, 0, 0, 7, 0]","[11, 13, 19]"
"[7, 9, 10, 11, 12, 15, 17, 19, 20]",4476780,2593260,0.579269028,14407,24871,"[0, 0, 1, 0, 2, 4, 0, 0, 0]","[7, 11, 17, 19]"
"[7, 8, 10, 11, 14, 15, 17, 19, 20]",2984520,1728840,0.579269028,14407,24871,"[0, 0, 1, 0, 1, 0, 0, 0, 2]","[11, 17, 19]"
"[8, 9, 10, 11, 14, 15, 16, 19, 20]",1053360,610020,0.579118250,3389,5852,"[4, 1, 1, 0, 1, 0, 0, 0, 2]","[11, 19]"
"[8, 10, 12, 13, 14, 15, 16, 17, 18]",1113840,644976,0.579056238,4479,7735,"[4, 1, 2, 0, 1, 0, 0, 0, 1]","[13, 17]"
"[7, 10, 11, 12, 14, 15, 16, 18, 20]",55440,32100,0.579004329,535,924,"[0, 1, 0, 2, 1, 0, 0, 4, 3]",[11]
"[7, 9, 10, 11, 14, 15, 17, 18, 20]",235620,136420,0.578983108,6821,11781,"[0, 0, 2, 0, 1, 1, 0, 3, 0]","[11, 17]"
"[7, 9, 10, 11, 12, 13, 14, 17, 19]",58198140,33695100,0.578972111,187195,323323,"[0, 0, 0, 0, 1, 0, 1, 0, 0]","[11, 13, 17, 19]"
"[8, 9, 10, 11, 12, 17, 18, 19, 20]",1279080,740520,0.578947368,11,19,"[1, 0, 2, 0, 7, 0, 3, 0, 0]","[11, 17, 19]"
"[7, 9, 11, 12, 14, 15, 16, 18, 19]",1053360,609840,0.578947368,11,19,"[0, 1, 0, 2, 1, 0, 0, 4, 0]","[11, 19]"
"[7, 9, 10, 12, 14, 15, 17, 19, 20]",406980,235620,0.578947368,11,19,"[0, 0, 2, 1, 1, 8, 0, 0, 0]","[17, 19]"
"[7, 8, 12, 14, 15, 16, 17, 18, 19]",1627920,942480,0.578947368,11,19,"[0, 4, 2, 1, 0, 0, 0, 1, 0]","[17, 19]"
"[8, 9, 10, 11, 13, 14, 15, 16, 17]",12252240,7093200,0.578930873,29555,51051,"[2, 1, 1, 0, 0, 1, 0, 0, 0]","[11, 13, 17]"
"[7, 9, 10, 11, 13, 14, 15, 16, 17]",12252240,7093200,0.578930873,29555,51051,"[0, 1, 1, 0, 0, 2, 0, 0, 0]","[11, 13, 17]"
"[8, 9, 12, 13, 15, 16, 17, 18, 20]",159120,92112,0.578883861,1919,3315,"[4, 1, 5, 0, 0, 0, 0, 7, 2]","[13, 17]"
"[8, 9, 11, 12, 13, 14, 15, 18, 19]",6846840,3963240,0.578842210,11009,19019,"[1, 1, 0, 11, 0, 0, 0, 2, 0]","[11, 13, 19]"
"[7, 8, 10, 11, 13, 16, 18, 19, 20]",13693680,7926480,0.578842210,11009,19019,"[0, 2, 1, 0, 0, 6, 1, 0, 0]","[7, 11, 13, 19]"
"[7, 8, 10, 11, 13, 15, 17, 18, 20]",6126120,3545640,0.578774167,1407,2431,"[0, 0, 1, 0, 0, 0, 0, 1, 2]","[7, 11, 13, 17]"
"[7, 8, 9, 11, 13, 16, 17, 18, 20]",12252240,7091280,0.578774167,1407,2431,"[0, 2, 0, 0, 0, 6, 0, 1, 0]","[7, 11, 13, 17]"
"[8, 9, 10, 11, 13, 14, 15, 18, 20]",360360,208560,0.578754579,158,273,"[1, 1, 1, 0, 0, 0, 0, 2, 3]","[11, 13]"
"[7, 8, 12, 13, 14, 15, 16, 17, 19]",7054320,4082160,0.578675195,17009,29393,"[0, 4, 2, 0, 1, 0, 0, 0, 0]","[13, 17, 19]"
"[7, 8, 10, 13, 14, 15, 16, 17, 19]",7054320,4082160,0.578675195,17009,29393,"[0, 2, 1, 0, 1, 0, 0, 0, 0]","[13, 17, 19]"
"[7, 8, 9, 11, 14, 15, 17, 19, 20]",8953560,5180760,0.578625709,14391,24871,"[0, 2, 0, 0, 1, 1, 0, 0, 0]","[11, 17, 19]"
"[7, 9, 10, 11, 13, 14, 15, 18, 19]",1711710,990270,0.578526736,11003,19019,"[0, 0, 0, 0, 0, 1, 1, 3, 0]","[11, 13, 19]"
"[8, 10, 12, 14, 15, 16, 18, 19, 20]",95760,55386,0.578383459,3077,5320,"[4, 1, 2, 1, 0, 0, 4, 0, 3]",[19]
"[8, 9, 12, 14, 15, 16, 18, 19, 20]",95760,55386,0.578383459,3077,5320,"[4, 1, 2, 1, 0, 0, 5, 0, 1]",[19]
"[7, 8, 9, 11, 13, 14, 17, 18, 19]",23279256,13464216,0.578378278,187003,323323,"[0, 0, 0, 0, 0, 1, 0, 1, 0]","[11, 13, 17, 19]"
"[7, 8, 12, 13, 14, 16, 18, 19, 20]",1244880,720000,0.578368999,1000,1729,"[0, 1, 3, 0, 2, 5, 0, 0, 0]","[13, 19]"
"[8, 10, 11, 12, 13, 14, 16, 17, 18]",12252240,7085520,0.578304049,757,1309,"[1, 0, 0, 3, 0, 0, 5, 0, 0]","[11, 13, 17]"
"[8, 10, 11, 12, 13, 15, 16, 18, 19]",1956240,1131120,0.578211262,1571,2717,"[4, 1, 0, 2, 0, 0, 0, 1, 0]","[11, 13, 19]"
"[7, 9, 11, 12, 13, 14, 15, 16, 19]",13693680,7917840,0.578211262,1571,2717,"[0, 1, 0, 2, 0, 1, 0, 0, 0]","[11, 13, 19]"
"[7, 9, 12, 13, 14, 15, 16, 18, 20]",65520,37884,0.578205128,451,780,"[0, 1, 5, 0, 2, 0, 0, 7, 3]",[13]
"[7, 9, 10, 12, 13, 14, 18, 19, 20]",311220,179892,0.578021978,263,455,"[0, 0, 1, 2, 0, 1, 4, 0, 0]","[13, 19]"
"[7, 8, 11, 12, 13, 15, 16, 18, 19]",13693680,7913520,0.577895788,10991,19019,"[0, 2, 0, 1, 0, 0, 0, 5, 0]","[7, 11, 13, 19]"
"[7, 8, 9, 11, 13, 15, 18, 19, 20]",6846840,3956760,0.577895788,10991,19019,"[0, 2, 0, 0, 0, 1, 3, 0, 0]","[7, 11, 13, 19]"
"[7, 8, 11, 12, 13, 16, 17, 18, 20]",12252240,7079760,0.577833931,9833,17017,"[0, 2, 0, 1, 0, 6, 0, 3, 0]","[7, 11, 13, 17]"
"[7, 8, 9, 11, 13, 15, 16, 17, 20]",12252240,7079760,0.577833931,9833,17017,"[0, 1, 1, 0, 0, 0, 0, 0, 2]","[7, 11, 13, 17]"
"[7, 8, 10, 11, 13, 15, 16, 17, 19]",77597520,44834640,0.577784445,186811,323323,"[0, 2, 1, 0, 0, 0, 0, 0, 0]","[7, 11, 13, 17, 19]"
"[7, 8, 10, 11, 13, 14, 17, 19, 20]",12932920,7472440,0.577784445,186811,323323,"[0, 2, 1, 0, 0, 1, 0, 0, 0]","[11, 13, 17, 19]"
"[8, 9, 10, 11, 15, 16, 18, 19, 20]",150480,86940,0.577751196,483,836,"[4, 1, 1, 0, 0, 0, 5, 0, 2]","[11, 19]"
"[8, 9, 10, 12, 13, 14, 17, 18, 19]",10581480,6112872,0.577695370,84901,146965,"[1, 0, 0, 7, 0, 0, 0, 3, 0]","[13, 17, 19]"
"[7, 9, 10, 12, 13, 15, 16, 17, 19]",21162960,12225744,0.577695370,84901,146965,"[0, 1, 1, 2, 0, 0, 0, 0, 0]","[7, 13, 17, 19]"
"[8, 10, 12, 13, 15, 16, 17, 18, 20]",159120,91920,0.577677225,383,663,"[4, 1, 2, 0, 0, 0, 0, 1, 3]","[13, 17]"
"[8, 9, 10, 11, 13, 15, 16, 17, 20]",1750320,1011120,0.577677225,383,663,"[2, 1, 1, 0, 0, 0, 0, 0, 3]","[11, 13, 17]"
"[8, 9, 10, 11, 13, 15, 16, 17, 18]",1750320,1011120,0.577677225,383,663,"[2, 1, 1, 0, 0, 0, 0, 0, 5]","[11, 13, 17]"
"[7, 9, 10, 13, 14, 15, 16, 18, 20]",65520,37848,0.577655678,1577,2730,"[0, 1, 2, 0, 1, 0, 0, 5, 6]",[13]
"[7, 9, 11, 12, 14, 15, 17, 18, 20]",235620,136100,0.577624989,6805,11781,"[0, 0, 0, 2, 1, 1, 0, 6, 0]","[11, 17]"
"[7, 8, 11, 12, 14, 15, 18, 19, 20]",526680,304200,0.577580314,845,1463,"[0, 0, 0, 2, 1, 0, 1, 0, 1]","[11, 19]"
"[7, 10, 11, 12, 13, 14, 15, 16, 20]",240240,138720,0.577422577,578,1001,"[0, 1, 0, 2, 0, 2, 0, 0, 3]","[11, 13]"
"[7, 9, 11, 12, 13, 15, 16, 18, 20]",720720,416160,0.577422577,578,1001,"[0, 1, 0, 5, 0, 0, 0, 7, 2]","[7, 11, 13]"
"[7, 8, 10, 11, 15, 16, 17, 19, 20]",5969040,3446160,0.577339070,14359,24871,"[0, 2, 1, 0, 0, 0, 0, 0, 3]","[7, 11, 17, 19]"
"[7, 8, 10, 13, 14, 15, 17, 18, 20]",556920,321528,0.577332471,13397,23205,"[0, 0, 2, 0, 1, 0, 0, 1, 6]","[13, 17]"
"[7, 8, 10, 13, 15, 16, 18, 19, 20]",1244880,718704,0.577327935,713,1235,"[0, 4, 1, 0, 0, 0, 1, 0, 2]","[7, 13, 19]"
"[7, 9, 10, 11, 13, 14, 15, 19, 20]",3423420,1976220,0.577264840,10979,19019,"[0, 0, 2, 0, 0, 1, 1, 0, 0]","[11, 13, 19]"
"[7, 8, 10, 11, 13, 14, 18, 19, 20]",6846840,3952440,0.577264840,10979,19019,"[0, 2, 2, 0, 0, 1, 1, 0, 0]","[11, 13, 19]"
"[7, 8, 9, 11, 13, 14, 17, 19, 20]",116396280,67182840,0.577190611,186619,323323,"[0, 2, 0, 0, 0, 1, 0, 0, 0]","[11, 13, 17, 19]"
"[7, 9, 10, 12, 14, 16, 17, 18, 19]",1627920,939600,0.577178240,1305,2261,"[0, 0, 1, 2, 1, 0, 0, 4, 0]","[17, 19]"
"[7, 8, 9, 14, 15, 16, 17, 18, 19]",1627920,939600,0.577178240,1305,2261,"[0, 2, 1, 1, 0, 0, 0, 5, 0]","[17, 19]"
"[9, 10, 11, 12, 13, 14, 15, 16, 18]",720720,415920,0.577089577,1733,3003,"[1, 1, 0, 2, 0, 1, 0, 0, 4]","[11, 13]"
"[7, 8, 12, 13, 14, 16, 17, 18, 19]",4232592,2442384,0.577042153,2423,4199,"[0, 1, 3, 0, 2, 5, 0, 0, 0]","[13, 17, 19]"
"[7, 8, 9, 13, 14, 15, 16, 17, 19]",21162960,12211920,0.577042153,2423,4199,"[0, 2, 1, 0, 1, 0, 0, 0, 0]","[13, 17, 19]"
"[7, 8, 10, 11, 14, 16, 17, 18, 19]",17907120,10332720,0.577017410,14351,24871,"[0, 1, 0, 0, 2, 3, 0, 0, 0]","[11, 17, 19]"
"[7, 9, 10, 12, 13, 16, 17, 18, 20]",1113840,642672,0.576987718,4463,7735,"[0, 0, 2, 1, 0, 3, 0, 3, 0]","[7, 13, 17]"
"[7, 8, 9, 13, 15, 16, 17, 18, 20]",1113840,642672,0.576987718,4463,7735,"[0, 4, 1, 0, 0, 0, 0, 5, 2]","[7, 13, 17]"
"[8, 10, 11, 12, 14, 16, 17, 18, 20]",942480,543760,0.576945930,971,1683,"[1, 2, 0, 3, 0, 5, 0, 1, 0]","[11, 17]"
"[8, 9, 11, 12, 14, 16, 17, 18, 20]",942480,543760,0.576945930,971,1683,"[1, 0, 0, 7, 0, 5, 0, 2, 0]","[11, 17]"
"[7, 8, 11, 12, 13, 15, 16, 17, 20]",4084080,2356080,0.576893695,9817,17017,"[0, 1, 0, 2, 0, 0, 0, 0, 3]","[7, 11, 13, 17]"
"[7, 8, 11, 12, 13, 14, 17, 18, 20]",6126120,3534120,0.576893695,9817,17017,"[0, 1, 0, 3, 0, 2, 0, 0, 0]","[11, 13, 17]"
"[7, 8, 10, 12, 13, 17, 18, 19, 20]",10581480,6102504,0.576715545,84757,146965,"[0, 1, 2, 3, 0, 0, 1, 0, 0]","[7, 13, 17, 19]"
"[7, 8, 9, 10, 13, 17, 18, 19, 20]",10581480,6102504,0.576715545,84757,146965,"[0, 2, 0, 1, 0, 0, 1, 0, 0]","[7, 13, 17, 19]"
"[7, 8, 11, 12, 14, 15, 17, 18, 19]",8953560,5163480,0.576695750,2049,3553,"[0, 0, 0, 2, 1, 0, 0, 1, 0]","[11, 17, 19]"
"[7, 9, 10, 12, 13, 14, 16, 19, 20]",1244880,717840,0.576633892,997,1729,"[0, 0, 2, 1, 0, 2, 3, 0, 0]","[13, 19]"
"[8, 9, 11, 12, 13, 15, 17, 18, 20]",875160,504600,0.576580282,4205,7293,"[2, 0, 0, 1, 0, 2, 0, 3, 0]","[11, 13, 17]"
"[9, 10, 11, 12, 14, 15, 16, 18, 20]",55440,31960,0.576479076,799,1386,"[1, 1, 0, 2, 1, 0, 0, 4, 3]",[11]
"[8, 9, 10, 12, 14, 17, 18, 19, 20]",813960,469224,0.576470588,49,85,"[1, 0, 2, 7, 0, 0, 3, 0, 0]","[17, 19]"
"[7, 9, 10, 12, 15, 16, 17, 19, 20]",1627920,938448,0.576470588,49,85,"[0, 1, 1, 2, 0, 0, 0, 0, 3]","[7, 17, 19]"
"[8, 9, 10, 11, 14, 15, 16, 17, 18]",942480,543280,0.576436635,6791,11781,"[2, 1, 1, 0, 1, 0, 0, 0, 5]","[11, 17]"
"[7, 9, 10, 11, 14, 15, 16, 17, 20]",942480,543280,0.576436635,6791,11781,"[0, 1, 1, 0, 2, 0, 0, 0, 3]","[11, 17]"
"[7, 9, 10, 11, 14, 15, 16, 17, 18]",942480,543280,0.576436635,6791,11781,"[0, 1, 1, 0, 2, 0, 0, 0, 5]","[11, 17]"
"[7, 10, 11, 12, 13, 14, 15, 18, 20]",180180,103860,0.576423576,577,1001,"[1, 2, 0, 1, 0, 0, 0, 5, 3]","[11, 13]"
"[7, 9, 10, 11, 13, 15, 16, 18, 20]",720720,415440,0.576423576,577,1001,"[0, 1, 1, 0, 0, 0, 0, 2, 3]","[7, 11, 13]"
"[8, 10, 11, 12, 14, 15, 16, 17, 19]",5969040,3440400,0.576374090,14335,24871,"[4, 1, 0, 2, 1, 0, 0, 0, 0]","[11, 17, 19]"
"[8, 10, 12, 13, 14, 15, 16, 18, 19]",1244880,717408,0.576286871,4982,8645,"[4, 1, 2, 0, 1, 0, 0, 1, 0]","[13, 19]"
"[7, 9, 11, 12, 13, 14, 15, 17, 20]",3063060,1765140,0.576266870,2263,3927,"[0, 0, 0, 2, 0, 1, 1, 0, 0]","[11, 13, 17]"
"[7, 9, 10, 11, 14, 15, 18, 19, 20]",263340,151740,0.576213260,843,1463,"[0, 0, 2, 0, 1, 1, 3, 0, 0]","[11, 19]"
"[8, 9, 10, 11, 13, 14, 15, 16, 19]",13693680,7889760,0.576160681,10958,19019,"[2, 1, 1, 0, 0, 1, 0, 0, 0]","[11, 13, 19]"
"[7, 9, 10, 11, 13, 14, 15, 16, 19]",13693680,7889760,0.576160681,10958,19019,"[0, 1, 1, 0, 0, 2, 0, 0, 0]","[11, 13, 19]"
"[8, 9, 12, 13, 14, 15, 16, 17, 20]",1113840,641712,0.576125835,13369,23205,"[4, 1, 2, 0, 1, 0, 0, 0, 1]","[13, 17]"
"[8, 9, 12, 13, 15, 16, 18, 19, 20]",177840,102456,0.576113360,1423,2470,"[4, 1, 5, 0, 0, 0, 7, 0, 2]","[13, 19]"
"[7, 9, 10, 11, 12, 13, 17, 18, 19]",58198140,33522300,0.576002944,1565,2717,"[0, 0, 0, 0, 1, 0, 0, 3, 0]","[7, 11, 13, 17, 19]"
"[7, 9, 10, 11, 12, 13, 16, 17, 19]",232792560,134089200,0.576002944,1565,2717,"[0, 0, 1, 0, 2, 0, 0, 0, 0]","[7, 11, 13, 17, 19]"
"[7, 8, 10, 11, 13, 15, 18, 19, 20]",6846840,3943800,0.576002944,1565,2717,"[0, 0, 1, 0, 0, 0, 1, 0, 2]","[7, 11, 13, 19]"
"[7, 8, 9, 11, 13, 16, 18, 19, 20]",13693680,7887600,0.576002944,1565,2717,"[0, 2, 0, 0, 0, 6, 1, 0, 0]","[7, 11, 13, 19]"
"[7, 8, 12, 13, 15, 16, 17, 18, 20]",1113840,641520,0.575953458,891,1547,"[0, 4, 1, 0, 0, 0, 0, 5, 2]","[7, 13, 17]"
"[8, 9, 10, 14, 15, 16, 17, 18, 20]",85680,49344,0.575910364,1028,1785,"[4, 1, 1, 1, 0, 0, 0, 5, 2]",[17]
"[7, 8, 9, 14, 15, 16, 17, 19, 20]",1627920,937296,0.575762937,6509,11305,"[0, 4, 1, 1, 0, 0, 0, 0, 2]","[17, 19]"
"[9, 10, 11, 12, 13, 15, 16, 18, 20]",102960,59280,0.575757576,19,33,"[1, 1, 0, 2, 0, 0, 0, 4, 3]","[11, 13]"
"[8, 9, 11, 12, 13, 14, 16, 17, 20]",12252240,7052880,0.575640046,29387,51051,"[1, 0, 0, 7, 0, 0, 5, 0, 0]","[11, 13, 17]"
"[8, 10, 11, 12, 13, 14, 16, 18, 19]",13693680,7881120,0.575529733,842,1463,"[1, 0, 0, 3, 0, 0, 5, 0, 0]","[11, 13, 19]"
"[8, 9, 10, 13, 14, 15, 16, 17, 20]",1113840,640944,0.575436328,4451,7735,"[4, 1, 1, 0, 1, 0, 0, 0, 2]","[13, 17]"
"[7, 9, 11, 12, 13, 14, 16, 18, 20]",720720,414720,0.575424575,576,1001,"[0, 0, 0, 1, 0, 2, 3, 3, 0]","[11, 13]"
"[7, 9, 10, 12, 13, 14, 17, 18, 19]",5290740,3044340,0.575409111,1301,2261,"[0, 0, 0, 1, 0, 2, 0, 3, 0]","[13, 17, 19]"
"[7, 9, 10, 12, 13, 14, 16, 17, 19]",21162960,12177360,0.575409111,1301,2261,"[0, 0, 1, 2, 0, 1, 0, 0, 0]","[13, 17, 19]"
"[7, 8, 12, 14, 15, 16, 17, 19, 20]",542640,312240,0.575409111,1301,2261,"[0, 4, 2, 1, 0, 0, 0, 0, 1]","[17, 19]"
"[7, 8, 11, 12, 13, 14, 17, 18, 19]",23279256,13395096,0.575409111,1301,2261,"[0, 1, 0, 3, 0, 2, 0, 0, 0]","[11, 13, 17, 19]"
"[7, 8, 9, 13, 14, 16, 17, 18, 19]",4232592,2435472,0.575409111,1301,2261,"[0, 2, 0, 0, 1, 0, 0, 1, 0]","[13, 17, 19]"
"[7, 9, 11, 12, 13, 14, 16, 17, 18]",2450448,1409808,0.575326634,29371,51051,"[0, 0, 0, 2, 0, 1, 0, 0, 4]","[11, 13, 17]"
"[7, 9, 12, 13, 14, 15, 16, 17, 18]",1113840,640752,0.575263952,1907,3315,"[0, 1, 2, 0, 1, 0, 0, 0, 4]","[13, 17]"
"[8, 10, 11, 12, 14, 15, 17, 18, 20]",471240,271080,0.575248281,753,1309,"[1, 2, 0, 7, 0, 0, 0, 5, 4]","[11, 17]"
"[8, 9, 11, 12, 14, 15, 17, 18, 20]",471240,271080,0.575248281,753,1309,"[1, 1, 0, 11, 0, 0, 0, 2, 2]","[11, 17]"
"[7, 8, 10, 11, 13, 16, 17, 19, 20]",25865840,14875760,0.575112194,185947,323323,"[0, 1, 2, 0, 0, 3, 0, 0, 0]","[7, 11, 13, 17, 19]"
"[7, 9, 10, 11, 13, 14, 16, 18, 20]",720720,414480,0.575091575,157,273,"[0, 0, 2, 0, 0, 1, 2, 1, 0]","[11, 13]"
"[7, 8, 11, 12, 13, 16, 18, 19, 20]",13693680,7874640,0.575056522,10937,19019,"[0, 2, 0, 1, 0, 6, 3, 0, 0]","[7, 11, 13, 19]"
"[7, 8, 9, 11, 13, 15, 16, 19, 20]",13693680,7874640,0.575056522,10937,19019,"[0, 1, 1, 0, 0, 0, 0, 0, 2]","[7, 11, 13, 19]"
"[8, 10, 11, 12, 13, 14, 15, 17, 20]",2042040,1174200,0.575013222,9785,17017,"[1, 2, 0, 7, 0, 0, 0, 0, 4]","[11, 13, 17]"
"[8, 9, 10, 11, 13, 14, 16, 17, 20]",12252240,7045200,0.575013222,9785,17017,"[2, 0, 1, 0, 0, 1, 6, 0, 0]","[11, 13, 17]"
"[7, 8, 11, 12, 13, 15, 17, 18, 20]",6126120,3522600,0.575013222,9785,17017,"[0, 0, 0, 1, 0, 0, 0, 5, 2]","[7, 11, 13, 17]"
"[8, 10, 12, 13, 15, 16, 18, 19, 20]",177840,102240,0.574898785,142,247,"[4, 1, 2, 0, 0, 0, 1, 0, 3]","[13, 19]"
"[8, 9, 10, 11, 13, 15, 16, 19, 20]",1956240,1124640,0.574898785,142,247,"[2, 1, 1, 0, 0, 0, 0, 0, 3]","[11, 13, 19]"
"[8, 9, 10, 11, 13, 15, 16, 18, 19]",1956240,1124640,0.574898785,142,247,"[2, 1, 1, 0, 0, 0, 0, 5, 0]","[11, 13, 19]"
"[7, 9, 11, 12, 14, 15, 18, 19, 20]",263340,151380,0.574846206,841,1463,"[0, 0, 0, 2, 1, 1, 6, 0, 0]","[11, 19]"
"[7, 9, 10, 11, 12, 14, 17, 19, 20]",4476780,2573100,0.574765791,14295,24871,"[0, 0, 2, 0, 1, 1, 0, 0, 0]","[11, 17, 19]"
"[8, 9, 10, 12, 13, 14, 17, 19, 20]",10581480,6081768,0.574755894,12067,20995,"[1, 0, 2, 7, 0, 0, 0, 0, 0]","[13, 17, 19]"
"[7, 8, 10, 13, 14, 15, 18, 19, 20]",622440,357624,0.574551764,4967,8645,"[0, 0, 2, 0, 1, 0, 1, 0, 6]","[13, 19]"
"[8, 10, 11, 12, 15, 16, 17, 19, 20]",852720,489840,0.574444132,2041,3553,"[4, 1, 0, 2, 0, 0, 0, 0, 3]","[11, 17, 19]"
"[7, 9, 10, 11, 12, 16, 17, 18, 19]",17907120,10286640,0.574444132,2041,3553,"[0, 0, 1, 0, 2, 0, 0, 4, 0]","[7, 11, 17, 19]"
"[7, 8, 9, 11, 15, 16, 17, 18, 19]",17907120,10286640,0.574444132,2041,3553,"[0, 2, 1, 0, 0, 0, 0, 5, 0]","[7, 11, 17, 19]"
"[8, 9, 11, 12, 13, 16, 17, 18, 20]",1750320,1005360,0.574386398,4189,7293,"[2, 0, 0, 1, 0, 6, 0, 3, 0]","[11, 13, 17]"
"[7, 8, 9, 11, 13, 15, 17, 18, 19]",116396280,66837240,0.574221444,185659,323323,"[0, 0, 1, 0, 0, 0, 0, 5, 0]","[7, 11, 13, 17, 19]"
"[7, 9, 10, 12, 13, 16, 18, 19, 20]",1244880,714816,0.574204743,4964,8645,"[0, 0, 2, 1, 0, 3, 3, 0, 0]","[7, 13, 19]"
"[7, 8, 9, 13, 15, 16, 18, 19, 20]",1244880,714816,0.574204743,4964,8645,"[0, 4, 1, 0, 0, 0, 5, 0, 2]","[7, 13, 19]"
"[8, 10, 11, 12, 14, 16, 18, 19, 20]",1053360,604800,0.574162679,120,209,"[1, 2, 0, 3, 0, 5, 1, 0, 0]","[11, 19]"
"[8, 9, 11, 12, 14, 16, 18, 19, 20]",1053360,604800,0.574162679,120,209,"[1, 0, 0, 7, 0, 5, 2, 0, 0]","[11, 19]"
"[7, 8, 9, 11, 14, 17, 18, 19, 20]",8953560,5140440,0.574122472,14279,24871,"[0, 2, 0, 0, 1, 0, 1, 0, 0]","[11, 17, 19]"
"[7, 8, 11, 12, 13, 15, 16, 19, 20]",4564560,2620560,0.574110100,10919,19019,"[0, 1, 0, 2, 0, 0, 0, 0, 3]","[7, 11, 13, 19]"
"[7, 8, 11, 12, 13, 14, 18, 19, 20]",6846840,3930840,0.574110100,10919,19019,"[0, 1, 0, 3, 0, 2, 0, 0, 0]","[11, 13, 19]"
"[7, 8, 9, 13, 14, 16, 17, 19, 20]",21162960,12149712,0.574102678,84373,146965,"[0, 2, 0, 0, 1, 6, 0, 0, 0]","[13, 17, 19]"
"[8, 10, 11, 12, 13, 14, 15, 17, 18]",6126120,3516840,0.574072986,9769,17017,"[1, 2, 0, 7, 0, 0, 0, 0, 5]","[11, 13, 17]"
"[8, 9, 11, 12, 13, 14, 15, 17, 20]",6126120,3516840,0.574072986,9769,17017,"[1, 1, 0, 11, 0, 0, 0, 0, 2]","[11, 13, 17]"
"[8, 9, 10, 13, 15, 16, 17, 18, 20]",159120,91344,0.574057315,1903,3315,"[4, 1, 1, 0, 0, 0, 0, 5, 2]","[13, 17]"
"[7, 8, 9, 14, 16, 17, 18, 19, 20]",1627920,934416,0.573993808,927,1615,"[0, 2, 0, 1, 6, 0, 1, 0, 0]","[17, 19]"
"[7, 8, 12, 13, 14, 15, 17, 18, 20]",556920,319608,0.573884939,4439,7735,"[0, 0, 2, 0, 1, 0, 0, 1, 1]","[13, 17]"
"[8, 9, 11, 12, 13, 15, 18, 19, 20]",978120,561240,0.573794626,1559,2717,"[2, 0, 0, 1, 0, 2, 3, 0, 0]","[11, 13, 19]"
"[7, 8, 12, 13, 14, 16, 17, 19, 20]",7054320,4047600,0.573776069,16865,29393,"[0, 1, 3, 0, 2, 5, 0, 0, 0]","[13, 17, 19]"
"[8, 9, 10, 11, 14, 15, 16, 18, 19]",1053360,604260,0.573650034,3357,5852,"[2, 1, 1, 0, 1, 0, 0, 5, 0]","[11, 19]"
"[7, 9, 10, 11, 14, 15, 16, 19, 20]",1053360,604260,0.573650034,3357,5852,"[0, 1, 1, 0, 2, 0, 0, 0, 3]","[11, 19]"
"[7, 9, 10, 11, 14, 15, 16, 18, 19]",1053360,604260,0.573650034,3357,5852,"[0, 1, 1, 0, 2, 0, 0, 5, 0]","[11, 19]"
"[8, 9, 11, 12, 14, 15, 16, 17, 19]",17907120,10272240,0.573639982,1297,2261,"[4, 1, 0, 2, 1, 0, 0, 0, 0]","[11, 17, 19]"
"[7, 9, 10, 11, 13, 14, 15, 17, 19]",29099070,16692030,0.573627611,185467,323323,"[0, 0, 0, 0, 0, 1, 1, 0, 0]","[11, 13, 17, 19]"
"[7, 9, 11, 12, 13, 14, 15, 19, 20]",3423420,1963260,0.573479152,839,1463,"[0, 0, 0, 2, 0, 1, 1, 0, 0]","[11, 13, 19]"
"[7, 8, 11, 12, 14, 15, 17, 19, 20]",2984520,1711560,0.573479152,839,1463,"[0, 0, 0, 2, 1, 0, 0, 0, 1]","[11, 17, 19]"
"[7, 8, 10, 11, 15, 16, 17, 18, 19]",17907120,10269360,0.573479152,839,1463,"[0, 2, 1, 0, 0, 0, 0, 1, 0]","[7, 11, 17, 19]"
"[7, 8, 10, 11, 14, 15, 17, 18, 19]",8953560,5134680,0.573479152,839,1463,"[0, 0, 1, 0, 1, 0, 0, 2, 0]","[11, 17, 19]"
"[8, 9, 12, 14, 15, 16, 17, 18, 19]",1627920,933552,0.573463069,6483,11305,"[4, 1, 2, 1, 0, 0, 0, 5, 0]","[17, 19]"
"[7, 8, 9, 13, 14, 15, 17, 18, 19]",10581480,6067944,0.573449461,84277,146965,"[0, 0, 1, 0, 1, 0, 0, 5, 0]","[13, 17, 19]"
"[8, 9, 10, 11, 13, 14, 15, 17, 20]",6126120,3513000,0.573446162,29275,51051,"[1, 1, 2, 0, 0, 0, 0, 0, 3]","[11, 13, 17]"
"[7, 10, 11, 12, 13, 15, 16, 18, 20]",720720,413280,0.573426573,82,143,"[0, 1, 0, 2, 0, 0, 0, 4, 3]","[7, 11, 13]"
"[8, 9, 12, 13, 14, 15, 16, 19, 20]",1244880,713736,0.573337189,9913,17290,"[4, 1, 2, 0, 1, 0, 0, 0, 1]","[13, 19]"
"[8, 10, 11, 12, 13, 16, 17, 18, 20]",1750320,1003440,0.573289456,4181,7293,"[1, 2, 0, 3, 0, 5, 0, 0, 0]","[11, 13, 17]"
"[8, 9, 11, 12, 13, 15, 16, 17, 20]",1750320,1003440,0.573289456,4181,7293,"[1, 1, 0, 2, 0, 0, 0, 0, 3]","[11, 13, 17]"
"[7, 10, 11, 12, 14, 15, 16, 17, 18]",942480,540240,0.573211103,2251,3927,"[0, 1, 0, 2, 1, 0, 0, 0, 4]","[11, 17]"
"[7, 9, 11, 12, 14, 15, 16, 17, 20]",942480,540240,0.573211103,2251,3927,"[0, 1, 0, 2, 1, 0, 0, 0, 1]","[11, 17]"
"[7, 8, 12, 13, 15, 16, 18, 19, 20]",1244880,713520,0.573163678,991,1729,"[0, 4, 1, 0, 0, 0, 5, 0, 2]","[7, 13, 19]"
"[7, 10, 11, 12, 13, 14, 15, 16, 17]",4084080,2340720,0.573132750,9753,17017,"[0, 1, 0, 2, 0, 1, 0, 0, 0]","[11, 13, 17]"
"[7, 8, 11, 13, 14, 15, 16, 17, 20]",4084080,2340720,0.573132750,9753,17017,"[0, 4, 0, 0, 1, 0, 0, 0, 2]","[11, 13, 17]"
"[8, 9, 10, 14, 15, 16, 18, 19, 20]",95760,54882,0.573120301,3049,5320,"[4, 1, 1, 1, 0, 0, 5, 0, 2]",[19]
"[7, 8, 10, 14, 16, 17, 18, 19, 20]",1627920,932688,0.572932331,381,665,"[0, 2, 1, 1, 6, 0, 1, 0, 0]","[17, 19]"
"[8, 9, 11, 12, 13, 14, 16, 19, 20]",13693680,7844400,0.572848204,10895,19019,"[1, 0, 0, 7, 0, 0, 5, 0, 0]","[11, 13, 19]"
"[7, 9, 11, 12, 14, 15, 17, 18, 19]",4476780,2564460,0.572835833,14247,24871,"[1, 1, 0, 5, 0, 0, 0, 7, 0]","[11, 17, 19]"
"[7, 9, 10, 12, 13, 15, 17, 19, 20]",5290740,3030516,0.572796244,84181,146965,"[0, 0, 1, 2, 0, 4, 0, 0, 0]","[7, 13, 17, 19]"
"[7, 8, 10, 13, 14, 15, 17, 19, 20]",3527160,2020344,0.572796244,84181,146965,"[0, 0, 1, 0, 1, 0, 0, 0, 2]","[13, 17, 19]"
"[8, 9, 10, 13, 14, 15, 16, 19, 20]",1244880,712872,0.572643146,9901,17290,"[4, 1, 1, 0, 1, 0, 0, 0, 2]","[13, 19]"
"[7, 9, 11, 12, 13, 14, 16, 18, 19]",2738736,1568016,0.572532730,10889,19019,"[0, 0, 0, 2, 0, 1, 0, 4, 0]","[11, 13, 19]"
"[7, 10, 12, 13, 14, 15, 16, 18, 20]",65520,37512,0.572527473,521,910,"[0, 1, 2, 0, 1, 0, 0, 4, 3]",[13]
"[7, 9, 10, 13, 14, 15, 17, 18, 20]",278460,159420,0.572505925,2657,4641,"[0, 0, 2, 0, 1, 1, 0, 3, 0]","[13, 17]"
"[8, 9, 10, 12, 13, 17, 18, 19, 20]",1511640,865368,0.572469636,707,1235,"[1, 0, 2, 7, 0, 0, 3, 0, 0]","[13, 17, 19]"
"[7, 9, 12, 13, 14, 15, 16, 18, 19]",1244880,712656,0.572469636,707,1235,"[0, 1, 2, 0, 1, 0, 0, 4, 0]","[13, 19]"
"[8, 10, 11, 12, 14, 15, 18, 19, 20]",526680,301500,0.572453862,1675,2926,"[1, 2, 0, 7, 0, 0, 5, 0, 4]","[11, 19]"
"[8, 9, 11, 12, 14, 15, 18, 19, 20]",526680,301500,0.572453862,1675,2926,"[1, 1, 0, 11, 0, 0, 2, 0, 2]","[11, 19]"
"[7, 8, 11, 12, 13, 14, 17, 19, 20]",38798760,22209960,0.572439944,185083,323323,"[0, 1, 0, 3, 0, 2, 0, 0, 0]","[11, 13, 17, 19]"
"[7, 8, 10, 11, 13, 15, 17, 19, 20]",38798760,22209960,0.572439944,185083,323323,"[0, 0, 1, 0, 0, 0, 0, 0, 2]","[7, 11, 13, 17, 19]"
"[7, 8, 10, 11, 13, 14, 17, 18, 19]",116396280,66629880,0.572439944,185083,323323,"[0, 0, 1, 0, 0, 1, 0, 0, 0]","[11, 13, 17, 19]"
"[7, 8, 9, 11, 13, 16, 17, 18, 19]",46558512,26651952,0.572439944,185083,323323,"[0, 2, 0, 0, 0, 0, 0, 1, 0]","[7, 11, 13, 17, 19]"
"[9, 10, 11, 12, 13, 14, 15, 18, 20]",180180,103140,0.572427572,573,1001,"[1, 2, 0, 5, 0, 0, 0, 7, 3]","[11, 13]"
"[8, 10, 12, 14, 15, 16, 17, 19, 20]",542640,310512,0.572224679,6469,11305,"[4, 1, 2, 1, 0, 0, 0, 0, 3]","[17, 19]"
"[8, 10, 11, 12, 13, 14, 15, 19, 20]",2282280,1305960,0.572217256,10883,19019,"[1, 2, 0, 7, 0, 0, 0, 0, 4]","[11, 13, 19]"
"[8, 9, 10, 11, 13, 14, 16, 19, 20]",13693680,7835760,0.572217256,10883,19019,"[2, 0, 1, 0, 0, 1, 6, 0, 0]","[11, 13, 19]"
"[7, 8, 11, 12, 13, 15, 18, 19, 20]",6846840,3917880,0.572217256,10883,19019,"[0, 0, 0, 1, 0, 0, 5, 0, 2]","[7, 11, 13, 19]"
"[8, 10, 11, 12, 13, 15, 17, 18, 20]",875160,500760,0.572192513,107,187,"[0, 1, 0, 2, 0, 0, 0, 4, 3]","[11, 13, 17]"
"[8, 9, 11, 12, 14, 16, 17, 18, 19]",3581424,2049264,0.572192513,107,187,"[4, 0, 0, 2, 1, 0, 0, 1, 0]","[11, 17, 19]"
"[8, 9, 10, 11, 14, 16, 17, 18, 20]",942480,539280,0.572192513,107,187,"[2, 0, 1, 0, 1, 6, 0, 1, 0]","[11, 17]"
"[8, 9, 10, 11, 13, 15, 17, 18, 20]",875160,500760,0.572192513,107,187,"[2, 0, 1, 0, 0, 2, 0, 1, 0]","[11, 13, 17]"
"[7, 9, 11, 12, 13, 15, 16, 17, 18]",12252240,7010640,0.572192513,107,187,"[0, 1, 0, 2, 0, 0, 0, 0, 5]","[7, 11, 13, 17]"
"[7, 8, 9, 13, 14, 15, 17, 19, 20]",10581480,6054120,0.572143027,16817,29393,"[0, 2, 0, 0, 1, 1, 0, 0, 0]","[13, 17, 19]"
"[8, 10, 11, 12, 13, 14, 16, 17, 19]",77597520,44385360,0.571994569,184939,323323,"[4, 1, 0, 2, 0, 1, 0, 0, 0]","[11, 13, 17, 19]"
"[8, 9, 10, 11, 13, 14, 15, 17, 18]",6126120,3503400,0.571879101,29195,51051,"[0, 1, 1, 0, 0, 0, 0, 0, 5]","[11, 13, 17]"
"[7, 8, 10, 14, 15, 16, 17, 18, 19]",1627920,930960,0.571870854,1293,2261,"[0, 2, 1, 1, 0, 0, 0, 1, 0]","[17, 19]"
"[7, 8, 9, 14, 15, 17, 18, 19, 20]",813960,465480,0.571870854,1293,2261,"[0, 2, 0, 1, 1, 0, 3, 0, 0]","[17, 19]"
"[8, 9, 11, 12, 13, 16, 18, 19, 20]",1956240,1118160,0.571586308,1553,2717,"[2, 0, 0, 1, 0, 6, 3, 0, 0]","[11, 13, 19]"
"[7, 8, 11, 13, 14, 16, 17, 18, 20]",12252240,7002960,0.571565689,29179,51051,"[0, 2, 0, 0, 1, 6, 0, 1, 0]","[11, 13, 17]"
"[7, 9, 10, 11, 12, 17, 18, 19, 20]",4476780,2558700,0.571549194,14215,24871,"[0, 0, 2, 0, 1, 0, 3, 0, 0]","[7, 11, 17, 19]"
"[7, 9, 10, 11, 12, 16, 17, 19, 20]",17907120,10234800,0.571549194,14215,24871,"[0, 0, 2, 0, 1, 3, 0, 0, 0]","[7, 11, 17, 19]"
"[7, 8, 10, 11, 13, 16, 17, 18, 19]",232792560,133052400,0.571549194,14215,24871,"[0, 1, 0, 0, 0, 3, 0, 0, 0]","[7, 11, 13, 17, 19]"
"[7, 8, 9, 11, 13, 15, 16, 17, 19]",232792560,133052400,0.571549194,14215,24871,"[0, 1, 1, 0, 0, 0, 0, 0, 0]","[7, 11, 13, 17, 19]"
"[7, 8, 11, 14, 15, 16, 17, 18, 20]",942480,538640,0.571513454,6733,11781,"[0, 4, 0, 1, 0, 0, 0, 1, 2]","[11, 17]"
"[8, 10, 11, 12, 13, 14, 15, 18, 19]",6846840,3911400,0.571270834,10865,19019,"[1, 2, 0, 7, 0, 0, 0, 5, 0]","[11, 13, 19]"
"[8, 9, 11, 12, 13, 14, 15, 19, 20]",6846840,3911400,0.571270834,10865,19019,"[1, 1, 0, 11, 0, 0, 0, 0, 2]","[11, 13, 19]"
"[8, 9, 10, 13, 15, 16, 18, 19, 20]",177840,101592,0.571255061,1411,2470,"[4, 1, 1, 0, 0, 0, 5, 0, 2]","[13, 19]"
"[7, 10, 11, 12, 13, 14, 15, 17, 18]",3063060,1749780,0.571252277,9721,17017,"[1, 2, 0, 1, 0, 0, 0, 0, 5]","[11, 13, 17]"
"[7, 9, 10, 11, 13, 15, 17, 18, 20]",3063060,1749780,0.571252277,9721,17017,"[0, 0, 2, 0, 0, 1, 0, 3, 0]","[7, 11, 13, 17]"
"[7, 9, 10, 11, 13, 15, 16, 17, 18]",12252240,6999120,0.571252277,9721,17017,"[0, 1, 1, 0, 0, 0, 0, 0, 2]","[7, 11, 13, 17]"
"[7, 9, 12, 13, 14, 15, 17, 18, 20]",278460,159036,0.571126912,13253,23205,"[0, 0, 2, 0, 1, 1, 0, 6, 0]","[13, 17]"
"[7, 8, 12, 13, 14, 15, 18, 19, 20]",622440,355464,0.571081550,4937,8645,"[0, 0, 2, 0, 1, 0, 1, 0, 1]","[13, 19]"
"[8, 10, 11, 12, 14, 16, 17, 19, 20]",5969040,3408720,0.571066704,2029,3553,"[1, 2, 0, 3, 0, 5, 0, 0, 0]","[11, 17, 19]"
"[8, 9, 11, 12, 15, 16, 17, 18, 19]",2558160,1460880,0.571066704,2029,3553,"[2, 1, 0, 5, 0, 0, 0, 7, 0]","[11, 17, 19]"
"[7, 8, 10, 13, 15, 16, 17, 19, 20]",7054320,4026864,0.570836594,83893,146965,"[0, 2, 1, 0, 0, 0, 0, 0, 3]","[7, 13, 17, 19]"
"[8, 9, 10, 11, 13, 14, 15, 19, 20]",6846840,3907080,0.570639886,10853,19019,"[1, 1, 2, 0, 0, 0, 0, 0, 3]","[11, 13, 19]"
"[7, 8, 11, 13, 14, 15, 16, 17, 18]",12252240,6991440,0.570625453,29131,51051,"[0, 2, 0, 0, 1, 0, 0, 0, 1]","[11, 13, 17]"
"[8, 9, 11, 12, 14, 15, 17, 18, 19]",8953560,5108760,0.570584215,14191,24871,"[1, 1, 0, 11, 0, 0, 0, 2, 0]","[11, 17, 19]"
"[7, 8, 10, 11, 16, 17, 18, 19, 20]",17907120,10217520,0.570584215,14191,24871,"[0, 2, 1, 0, 6, 0, 1, 0, 0]","[7, 11, 17, 19]"
"[7, 8, 10, 13, 14, 16, 17, 18, 19]",21162960,12073680,0.570509985,16769,29393,"[0, 1, 0, 0, 2, 3, 0, 0, 0]","[13, 17, 19]"
"[8, 9, 10, 11, 14, 15, 17, 18, 20]",471240,268840,0.570494865,611,1071,"[1, 1, 1, 0, 0, 0, 0, 2, 3]","[11, 17]"
"[8, 10, 11, 12, 13, 16, 18, 19, 20]",1956240,1116000,0.570482149,1550,2717,"[1, 2, 0, 3, 0, 5, 0, 0, 0]","[11, 13, 19]"
"[8, 9, 11, 12, 13, 15, 16, 19, 20]",1956240,1116000,0.570482149,1550,2717,"[1, 1, 0, 2, 0, 0, 0, 0, 3]","[11, 13, 19]"
"[8, 10, 12, 13, 14, 16, 17, 18, 20]",1113840,635376,0.570437406,1891,3315,"[1, 2, 3, 0, 0, 5, 0, 1, 0]","[13, 17]"
"[8, 9, 12, 13, 14, 16, 17, 18, 20]",1113840,635376,0.570437406,1891,3315,"[1, 0, 7, 0, 0, 5, 0, 2, 0]","[13, 17]"
"[7, 10, 11, 12, 13, 14, 16, 18, 20]",720720,411120,0.570429570,571,1001,"[0, 2, 0, 1, 0, 2, 3, 3, 0]","[11, 13]"
"[7, 10, 11, 12, 14, 15, 16, 18, 19]",1053360,600840,0.570403281,1669,2926,"[0, 1, 0, 2, 1, 0, 0, 4, 0]","[11, 19]"
"[7, 9, 11, 12, 14, 15, 16, 19, 20]",1053360,600840,0.570403281,1669,2926,"[0, 1, 0, 2, 1, 0, 0, 0, 1]","[11, 19]"
"[7, 10, 11, 12, 13, 14, 15, 16, 19]",4564560,2603280,0.570324412,10847,19019,"[0, 1, 0, 2, 0, 1, 0, 0, 0]","[11, 13, 19]"
"[7, 8, 11, 13, 14, 15, 16, 19, 20]",4564560,2603280,0.570324412,10847,19019,"[0, 4, 0, 0, 1, 0, 0, 0, 2]","[11, 13, 19]"
"[7, 9, 10, 11, 14, 15, 17, 18, 19]",2238390,1276470,0.570262555,14183,24871,"[0, 0, 0, 0, 1, 1, 0, 3, 0]","[11, 17, 19]"
"[7, 8, 12, 13, 14, 15, 17, 18, 19]",10581480,6033384,0.570183377,11971,20995,"[0, 0, 2, 0, 1, 0, 0, 1, 0]","[13, 17, 19]"
"[7, 8, 12, 14, 16, 17, 18, 19, 20]",1627920,928080,0.570101725,1289,2261,"[0, 1, 3, 2, 5, 0, 0, 0, 0]","[17, 19]"
"[7, 9, 11, 12, 13, 14, 15, 17, 19]",58198140,33176700,0.570064610,184315,323323,"[1, 1, 0, 5, 0, 0, 0, 0, 0]","[11, 13, 17, 19]"
"[8, 9, 10, 11, 13, 16, 17, 18, 20]",1750320,997680,0.569998629,4157,7293,"[2, 0, 1, 0, 0, 6, 0, 1, 0]","[11, 13, 17]"
"[8, 9, 10, 11, 13, 14, 16, 17, 18]",12252240,6983760,0.569998629,4157,7293,"[2, 0, 1, 0, 0, 1, 0, 0, 1]","[11, 13, 17]"
"[7, 9, 10, 11, 13, 14, 17, 18, 20]",3063060,1745940,0.569998629,4157,7293,"[0, 0, 2, 0, 0, 1, 0, 1, 0]","[11, 13, 17]"
"[7, 9, 10, 11, 13, 14, 16, 17, 20]",12252240,6983760,0.569998629,4157,7293,"[0, 0, 2, 0, 0, 1, 1, 0, 0]","[11, 13, 17]"
"[7, 9, 10, 11, 13, 14, 16, 17, 18]",12252240,6983760,0.569998629,4157,7293,"[0, 0, 0, 0, 0, 1, 0, 0, 1]","[11, 13, 17]"
"[9, 10, 12, 13, 14, 15, 16, 18, 20]",65520,37344,0.569963370,778,1365,"[1, 1, 2, 0, 1, 0, 0, 4, 3]",[13]
"[8, 10, 11, 12, 15, 16, 17, 18, 19]",2558160,1458000,0.569940895,2025,3553,"[4, 1, 0, 2, 0, 0, 0, 1, 0]","[11, 17, 19]"
"[7, 9, 11, 12, 14, 15, 16, 17, 19]",17907120,10206000,0.569940895,2025,3553,"[0, 1, 0, 2, 1, 0, 0, 0, 0]","[11, 17, 19]"
"[7, 9, 12, 14, 15, 16, 17, 18, 20]",85680,48832,0.569934641,436,765,"[0, 1, 5, 2, 0, 0, 0, 7, 3]",[17]
"[8, 9, 10, 13, 14, 15, 16, 17, 18]",1113840,634800,0.569920276,2645,4641,"[2, 1, 1, 0, 1, 0, 0, 0, 5]","[13, 17]"
"[7, 9, 10, 13, 14, 15, 16, 17, 20]",1113840,634800,0.569920276,2645,4641,"[0, 1, 1, 0, 2, 0, 0, 0, 3]","[13, 17]"
"[7, 9, 10, 13, 14, 15, 16, 17, 18]",1113840,634800,0.569920276,2645,4641,"[0, 1, 1, 0, 2, 0, 0, 0, 5]","[13, 17]"
"[8, 10, 12, 13, 14, 15, 16, 17, 19]",7054320,4019952,0.569856769,83749,146965,"[4, 1, 2, 0, 1, 0, 0, 0, 0]","[13, 17, 19]"
"[8, 10, 11, 12, 13, 15, 16, 17, 19]",11085360,6316080,0.569767694,26317,46189,"[4, 1, 0, 2, 0, 0, 0, 0, 0]","[11, 13, 17, 19]"
"[7, 9, 10, 12, 14, 17, 18, 19, 20]",406980,231876,0.569747899,339,595,"[0, 0, 1, 2, 1, 0, 4, 0, 0]","[17, 19]"
"[7, 9, 10, 13, 14, 15, 18, 19, 20]",311220,177300,0.569693464,985,1729,"[0, 0, 2, 0, 1, 1, 3, 0, 0]","[13, 19]"
"[7, 8, 11, 12, 15, 16, 17, 18, 19]",17907120,10200240,0.569619235,14167,24871,"[0, 2, 0, 1, 0, 0, 0, 5, 0]","[7, 11, 17, 19]"
"[7, 8, 9, 11, 15, 17, 18, 19, 20]",8953560,5100120,0.569619235,14167,24871,"[0, 2, 0, 0, 1, 0, 3, 0, 0]","[7, 11, 17, 19]"
"[8, 9, 11, 12, 13, 14, 16, 17, 19]",46558512,26513712,0.569470777,184123,323323,"[4, 0, 0, 2, 0, 1, 0, 0, 0]","[11, 13, 17, 19]"
"[8, 10, 11, 12, 13, 15, 18, 19, 20]",978120,556920,0.569377990,119,209,"[0, 1, 0, 2, 0, 0, 4, 0, 3]","[11, 13, 19]"
"[8, 9, 10, 11, 14, 16, 18, 19, 20]",1053360,599760,0.569377990,119,209,"[2, 0, 1, 0, 1, 6, 1, 0, 0]","[11, 19]"
"[8, 9, 10, 11, 13, 15, 18, 19, 20]",978120,556920,0.569377990,119,209,"[2, 0, 1, 0, 0, 2, 1, 0, 0]","[11, 13, 19]"
"[7, 9, 11, 12, 13, 15, 16, 18, 19]",13693680,7796880,0.569377990,119,209,"[0, 1, 0, 2, 0, 0, 0, 5, 0]","[7, 11, 13, 19]"
"[7, 9, 10, 14, 15, 16, 17, 18, 20]",85680,48784,0.569374416,3049,5355,"[0, 1, 2, 1, 0, 0, 0, 5, 6]",[17]
"[7, 10, 11, 12, 13, 14, 15, 17, 20]",1021020,581340,0.569371805,9689,17017,"[1, 1, 0, 2, 0, 0, 0, 0, 3]","[11, 13, 17]"
"[7, 10, 11, 12, 14, 15, 16, 17, 20]",314160,178800,0.569136746,745,1309,"[0, 1, 0, 2, 2, 0, 0, 0, 3]","[11, 17]"
"[7, 9, 11, 12, 15, 16, 17, 18, 20]",942480,536400,0.569136746,745,1309,"[0, 1, 0, 5, 0, 0, 0, 7, 2]","[7, 11, 17]"
"[8, 9, 10, 11, 13, 14, 15, 18, 19]",6846840,3896280,0.569062516,10823,19019,"[0, 1, 1, 0, 0, 0, 0, 5, 0]","[11, 13, 19]"
"[7, 8, 10, 15, 16, 17, 18, 19, 20]",1627920,926352,0.569040248,919,1615,"[0, 4, 1, 0, 0, 0, 1, 0, 2]","[7, 17, 19]"
"[7, 9, 10, 11, 14, 15, 17, 19, 20]",4476780,2547180,0.568975916,14151,24871,"[0, 0, 2, 0, 1, 1, 0, 0, 0]","[11, 17, 19]"
"[7, 8, 10, 11, 14, 17, 18, 19, 20]",8953560,5094360,0.568975916,14151,24871,"[0, 2, 2, 0, 1, 0, 1, 0, 0]","[11, 17, 19]"
"[7, 9, 10, 11, 12, 13, 17, 19, 20]",58198140,33107580,0.568876943,16721,29393,"[0, 0, 1, 0, 2, 0, 0, 0, 0]","[7, 11, 13, 17, 19]"
"[7, 8, 10, 11, 13, 15, 17, 18, 19]",116396280,66215160,0.568876943,16721,29393,"[0, 0, 1, 0, 0, 0, 0, 1, 0]","[7, 11, 13, 17, 19]"
"[9, 10, 11, 12, 14, 15, 16, 17, 18]",942480,536080,0.568797216,6701,11781,"[1, 1, 0, 2, 1, 0, 0, 0, 4]","[11, 17]"
"[7, 8, 11, 13, 14, 16, 18, 19, 20]",13693680,7788240,0.568747042,10817,19019,"[0, 2, 0, 0, 1, 6, 1, 0, 0]","[11, 13, 19]"
"[7, 9, 11, 12, 13, 14, 17, 18, 20]",3063060,1742100,0.568744981,29035,51051,"[0, 0, 0, 2, 0, 1, 0, 4, 0]","[11, 13, 17]"
"[8, 10, 12, 13, 14, 15, 17, 18, 20]",556920,316728,0.568713639,4399,7735,"[1, 2, 7, 0, 0, 0, 0, 5, 4]","[13, 17]"
"[8, 9, 12, 13, 14, 15, 17, 18, 20]",556920,316728,0.568713639,4399,7735,"[1, 1, 11, 0, 0, 0, 0, 2, 2]","[13, 17]"
"[7, 8, 11, 14, 15, 16, 18, 19, 20]",1053360,599040,0.568694463,832,1463,"[0, 4, 0, 1, 0, 0, 1, 0, 2]","[11, 19]"
"[7, 10, 11, 12, 13, 14, 15, 18, 19]",3423420,1945980,0.568431568,569,1001,"[1, 2, 0, 1, 0, 0, 0, 5, 0]","[11, 13, 19]"
"[7, 9, 10, 11, 13, 15, 18, 19, 20]",3423420,1945980,0.568431568,569,1001,"[0, 0, 2, 0, 0, 1, 3, 0, 0]","[7, 11, 13, 19]"
"[7, 9, 10, 11, 13, 15, 16, 18, 19]",13693680,7783920,0.568431568,569,1001,"[0, 1, 1, 0, 0, 0, 0, 2, 0]","[7, 11, 13, 19]"
"[7, 9, 10, 11, 13, 15, 16, 17, 20]",12252240,6964560,0.568431568,569,1001,"[0, 1, 1, 0, 0, 0, 0, 0, 2]","[7, 11, 13, 17]"
"[7, 9, 10, 12, 14, 16, 17, 19, 20]",1627920,925200,0.568332596,1285,2261,"[0, 0, 2, 1, 2, 3, 0, 0, 0]","[17, 19]"
"[7, 9, 12, 13, 14, 15, 18, 19, 20]",311220,176868,0.568305379,4913,8645,"[0, 0, 2, 0, 1, 1, 6, 0, 0]","[13, 19]"
"[9, 10, 11, 12, 13, 14, 15, 16, 20]",720720,409560,0.568265068,3413,6006,"[1, 1, 0, 2, 0, 1, 0, 0, 3]","[11, 13]"
"[7, 9, 10, 12, 13, 14, 17, 19, 20]",5290740,3006324,0.568223727,83509,146965,"[0, 0, 2, 1, 0, 1, 0, 0, 0]","[13, 17, 19]"
"[7, 10, 11, 12, 14, 15, 17, 18, 20]",235620,133860,0.568118156,2231,3927,"[1, 2, 0, 1, 0, 0, 0, 5, 3]","[11, 17]"
"[7, 9, 10, 11, 15, 16, 17, 18, 20]",942480,535440,0.568118156,2231,3927,"[0, 1, 1, 0, 0, 0, 0, 2, 3]","[7, 11, 17]"
"[8, 9, 11, 12, 13, 14, 15, 17, 19]",116396280,66111480,0.567986193,183643,323323,"[1, 1, 0, 11, 0, 0, 0, 0, 0]","[11, 13, 17, 19]"
"[7, 8, 11, 12, 13, 16, 17, 18, 19]",46558512,26444592,0.567986193,183643,323323,"[0, 1, 0, 2, 0, 3, 0, 0, 0]","[7, 11, 13, 17, 19]"
"[8, 10, 12, 14, 15, 16, 17, 18, 19]",1627920,924624,0.567978770,6421,11305,"[4, 1, 2, 1, 0, 0, 0, 1, 0]","[17, 19]"
"[8, 10, 12, 13, 15, 16, 17, 19, 20]",1007760,572304,0.567897118,11923,20995,"[4, 1, 2, 0, 0, 0, 0, 0, 3]","[13, 17, 19]"
"[7, 9, 10, 12, 13, 16, 17, 18, 19]",21162960,12018384,0.567897118,11923,20995,"[0, 0, 1, 2, 0, 0, 0, 4, 0]","[7, 13, 17, 19]"
"[7, 8, 9, 13, 15, 16, 17, 18, 19]",21162960,12018384,0.567897118,11923,20995,"[0, 2, 1, 0, 0, 0, 0, 5, 0]","[7, 13, 17, 19]"
"[8, 9, 10, 11, 14, 15, 16, 17, 19]",17907120,10168560,0.567850107,14123,24871,"[2, 1, 1, 0, 1, 0, 0, 0, 0]","[11, 17, 19]"
"[7, 9, 10, 11, 14, 15, 16, 17, 19]",17907120,10168560,0.567850107,14123,24871,"[0, 1, 1, 0, 2, 0, 0, 0, 0]","[11, 17, 19]"
"[8, 9, 12, 15, 16, 17, 18, 19, 20]",232560,132048,0.567801858,917,1615,"[4, 1, 5, 0, 0, 0, 7, 0, 2]","[17, 19]"
"[7, 8, 11, 13, 14, 15, 16, 18, 19]",13693680,7775280,0.567800620,10799,19019,"[0, 2, 0, 0, 1, 0, 0, 1, 0]","[11, 13, 19]"
"[7, 8, 10, 11, 15, 17, 18, 19, 20]",8953560,5082840,0.567689277,2017,3553,"[0, 0, 1, 0, 0, 0, 1, 0, 2]","[7, 11, 17, 19]"
"[7, 8, 9, 11, 16, 17, 18, 19, 20]",17907120,10165680,0.567689277,2017,3553,"[0, 2, 0, 0, 6, 0, 1, 0, 0]","[7, 11, 17, 19]"
"[8, 9, 10, 11, 14, 15, 18, 19, 20]",526680,298980,0.567669173,151,266,"[1, 1, 1, 0, 0, 0, 2, 0, 3]","[11, 19]"
"[8, 10, 12, 13, 14, 16, 18, 19, 20]",1244880,706608,0.567611336,701,1235,"[1, 2, 3, 0, 0, 5, 1, 0, 0]","[13, 19]"
"[8, 9, 12, 13, 14, 16, 18, 19, 20]",1244880,706608,0.567611336,701,1235,"[1, 0, 7, 0, 0, 5, 2, 0, 0]","[13, 19]"
"[7, 8, 9, 13, 14, 17, 18, 19, 20]",10581480,6005736,0.567570510,83413,146965,"[0, 2, 0, 0, 1, 0, 1, 0, 0]","[13, 17, 19]"
"[7, 10, 11, 12, 13, 14, 16, 17, 18]",12252240,6953040,0.567491332,9657,17017,"[0, 1, 0, 2, 0, 1, 0, 0, 0]","[11, 13, 17]"
"[7, 9, 11, 12, 13, 15, 17, 18, 20]",3063060,1738260,0.567491332,9657,17017,"[0, 0, 0, 1, 0, 2, 0, 3, 0]","[7, 11, 13, 17]"
"[7, 9, 11, 12, 13, 14, 16, 17, 20]",12252240,6953040,0.567491332,9657,17017,"[0, 0, 0, 1, 0, 2, 3, 0, 0]","[11, 13, 17]"
"[9, 10, 11, 12, 15, 16, 17, 18, 20]",134640,76400,0.567439097,955,1683,"[1, 1, 0, 2, 0, 0, 0, 4, 3]","[11, 17]"
"[8, 10, 11, 12, 14, 16, 17, 18, 19]",17907120,10157040,0.567206787,14107,24871,"[1, 0, 0, 3, 0, 5, 0, 0, 0]","[11, 17, 19]"
"[8, 9, 10, 11, 13, 16, 18, 19, 20]",1956240,1109520,0.567169672,1541,2717,"[2, 0, 1, 0, 0, 6, 1, 0, 0]","[11, 13, 19]"
"[8, 9, 10, 11, 13, 14, 16, 18, 19]",13693680,7766640,0.567169672,1541,2717,"[2, 0, 1, 0, 0, 1, 0, 1, 0]","[11, 13, 19]"
"[7, 9, 10, 11, 13, 14, 18, 19, 20]",3423420,1941660,0.567169672,1541,2717,"[0, 0, 2, 0, 0, 1, 1, 0, 0]","[11, 13, 19]"
"[7, 9, 10, 11, 13, 14, 16, 19, 20]",13693680,7766640,0.567169672,1541,2717,"[0, 0, 2, 0, 0, 1, 1, 0, 0]","[11, 13, 19]"
"[7, 9, 10, 11, 13, 14, 16, 18, 19]",13693680,7766640,0.567169672,1541,2717,"[0, 0, 0, 0, 0, 1, 0, 1, 0]","[11, 13, 19]"
"[7, 9, 12, 14, 15, 16, 18, 19, 20]",95760,54306,0.567105263,431,760,"[0, 1, 5, 2, 0, 0, 7, 0, 3]",[19]
"[7, 9, 11, 12, 14, 16, 17, 18, 20]",942480,534480,0.567099567,131,231,"[0, 0, 0, 1, 2, 3, 0, 3, 0]","[11, 17]"
"[7, 8, 11, 12, 13, 15, 16, 17, 19]",77597520,44005200,0.567095443,183355,323323,"[0, 1, 0, 2, 0, 0, 0, 0, 0]","[7, 11, 13, 17, 19]"
"[7, 8, 9, 11, 13, 15, 17, 19, 20]",116396280,66007800,0.567095443,183355,323323,"[0, 1, 0, 0, 0, 1, 0, 0, 0]","[7, 11, 13, 17, 19]"
"[8, 9, 10, 13, 14, 15, 16, 18, 19]",1244880,705960,0.567090804,1961,3458,"[2, 1, 1, 0, 1, 0, 0, 5, 0]","[13, 19]"
"[7, 9, 10, 13, 14, 15, 16, 19, 20]",1244880,705960,0.567090804,1961,3458,"[0, 1, 1, 0, 2, 0, 0, 0, 3]","[13, 19]"
"[7, 9, 10, 13, 14, 15, 16, 18, 19]",1244880,705960,0.567090804,1961,3458,"[0, 1, 1, 0, 2, 0, 0, 5, 0]","[13, 19]"
"[8, 9, 12, 13, 14, 15, 16, 17, 19]",21162960,12001104,0.567080597,83341,146965,"[4, 1, 2, 0, 1, 0, 0, 0, 0]","[13, 17, 19]"
"[7, 8, 12, 13, 14, 15, 17, 19, 20]",3527160,1999608,0.566917293,377,665,"[0, 0, 2, 0, 1, 0, 0, 0, 1]","[13, 17, 19]"
"[7, 8, 10, 13, 15, 16, 17, 18, 19]",21162960,11997648,0.566917293,377,665,"[0, 2, 1, 0, 0, 0, 0, 1, 0]","[7, 13, 17, 19]"
"[7, 8, 10, 13, 14, 15, 17, 18, 19]",10581480,5998824,0.566917293,377,665,"[0, 0, 1, 0, 1, 0, 0, 2, 0]","[13, 17, 19]"
"[9, 10, 11, 12, 13, 14, 15, 17, 18]",3063060,1736340,0.566864508,28939,51051,"[1, 2, 0, 5, 0, 0, 0, 0, 7]","[11, 13, 17]"
"[7, 9, 10, 11, 14, 16, 17, 18, 20]",942480,534160,0.566760037,607,1071,"[0, 0, 2, 0, 1, 2, 0, 1, 0]","[11, 17]"
"[7, 8, 11, 12, 16, 17, 18, 19, 20]",17907120,10148400,0.566724297,14095,24871,"[0, 2, 0, 1, 6, 0, 3, 0, 0]","[7, 11, 17, 19]"
"[7, 8, 9, 11, 15, 16, 17, 19, 20]",17907120,10148400,0.566724297,14095,24871,"[0, 1, 1, 0, 0, 0, 0, 0, 2]","[7, 11, 17, 19]"
"[8, 10, 11, 12, 13, 16, 17, 19, 20]",11085360,6281520,0.566650068,26173,46189,"[1, 2, 0, 3, 0, 5, 0, 0, 0]","[11, 13, 17, 19]"
"[8, 9, 10, 11, 13, 15, 16, 17, 19]",33256080,18844560,0.566650068,26173,46189,"[2, 1, 1, 0, 0, 0, 0, 0, 0]","[11, 13, 17, 19]"
"[7, 10, 12, 13, 14, 15, 16, 17, 18]",1113840,631152,0.566645120,4383,7735,"[0, 1, 2, 0, 1, 0, 0, 0, 4]","[13, 17]"
"[7, 9, 12, 13, 14, 15, 16, 17, 20]",1113840,631152,0.566645120,4383,7735,"[0, 1, 2, 0, 1, 0, 0, 0, 1]","[13, 17]"
"[8, 10, 12, 15, 16, 17, 18, 19, 20]",232560,131760,0.566563467,183,323,"[4, 1, 2, 0, 0, 0, 1, 0, 3]","[17, 19]"
"[8, 9, 10, 11, 15, 16, 17, 19, 20]",2558160,1449360,0.566563467,183,323,"[2, 1, 1, 0, 0, 0, 0, 0, 3]","[11, 17, 19]"
"[8, 9, 10, 11, 15, 16, 17, 18, 19]",2558160,1449360,0.566563467,183,323,"[2, 1, 1, 0, 0, 0, 0, 5, 0]","[11, 17, 19]"
"[7, 9, 10, 14, 15, 16, 18, 19, 20]",95760,54252,0.566541353,1507,2660,"[0, 1, 2, 1, 0, 0, 5, 0, 6]",[19]
"[7, 10, 11, 12, 13, 14, 15, 19, 20]",1141140,646500,0.566538724,10775,19019,"[1, 1, 0, 2, 0, 0, 0, 0, 3]","[11, 13, 19]"
"[7, 9, 11, 12, 13, 14, 17, 18, 19]",11639628,6593868,0.566501610,183163,323323,"[1, 0, 0, 1, 0, 0, 0, 3, 0]","[11, 13, 17, 19]"
"[7, 9, 11, 12, 13, 14, 16, 17, 19]",46558512,26375472,0.566501610,183163,323323,"[0, 0, 0, 2, 0, 1, 0, 0, 0]","[11, 13, 17, 19]"
"[7, 10, 11, 12, 14, 15, 16, 19, 20]",351120,198840,0.566302119,1657,2926,"[0, 1, 0, 2, 2, 0, 0, 0, 3]","[11, 19]"
"[7, 9, 11, 12, 15, 16, 18, 19, 20]",1053360,596520,0.566302119,1657,2926,"[0, 1, 0, 5, 0, 0, 7, 0, 2]","[7, 11, 19]"
"[7, 9, 12, 13, 14, 15, 17, 18, 19]",5290740,2995956,0.566264076,83221,146965,"[1, 1, 5, 0, 0, 0, 0, 7, 0]","[13, 17, 19]"
"[7, 8, 10, 14, 15, 17, 18, 19, 20]",813960,460872,0.566209642,6401,11305,"[0, 0, 2, 1, 0, 0, 1, 0, 6]","[17, 19]"
"[9, 10, 11, 12, 14, 15, 16, 18, 19]",1053360,596160,0.565960355,828,1463,"[1, 1, 0, 2, 1, 0, 0, 4, 0]","[11, 19]"
"[8, 9, 11, 13, 14, 15, 16, 18, 20]",720720,407880,0.565934066,103,182,"[4, 1, 0, 0, 1, 0, 0, 5, 2]","[11, 13]"
"[7, 9, 11, 12, 13, 14, 18, 19, 20]",3423420,1937340,0.565907776,10763,19019,"[0, 0, 0, 2, 0, 1, 4, 0, 0]","[11, 13, 19]"
"[8, 10, 12, 13, 14, 15, 18, 19, 20]",622440,352224,0.565876229,4892,8645,"[1, 2, 7, 0, 0, 0, 5, 0, 4]","[13, 19]"
"[8, 9, 12, 13, 14, 15, 18, 19, 20]",622440,352224,0.565876229,4892,8645,"[1, 1, 11, 0, 0, 0, 2, 0, 2]","[13, 19]"
"[7, 9, 10, 12, 16, 17, 18, 19, 20]",1627920,921168,0.565855816,6397,11305,"[0, 0, 2, 1, 3, 0, 3, 0, 0]","[7, 17, 19]"
"[7, 8, 9, 15, 16, 17, 18, 19, 20]",1627920,921168,0.565855816,6397,11305,"[0, 4, 1, 0, 0, 0, 5, 0, 2]","[7, 17, 19]"
"[7, 8, 11, 12, 15, 16, 17, 19, 20]",5969040,3377040,0.565759318,14071,24871,"[0, 1, 0, 2, 0, 0, 0, 0, 3]","[7, 11, 17, 19]"
"[7, 8, 11, 12, 14, 17, 18, 19, 20]",8953560,5065560,0.565759318,14071,24871,"[0, 1, 0, 3, 2, 0, 0, 0, 0]","[11, 17, 19]"
"[9, 10, 11, 12, 13, 15, 17, 18, 20]",437580,247500,0.565610860,125,221,"[0, 2, 0, 1, 0, 8, 0, 3, 0]","[11, 13, 17]"
"[9, 10, 11, 12, 13, 15, 16, 17, 18]",1750320,990000,0.565610860,125,221,"[1, 1, 0, 2, 0, 0, 0, 0, 4]","[11, 13, 17]"
"[8, 10, 11, 12, 13, 14, 17, 18, 20]",6126120,3465000,0.565610860,125,221,"[1, 2, 0, 3, 0, 0, 0, 1, 0]","[11, 13, 17]"
"[8, 9, 12, 13, 14, 16, 17, 18, 19]",4232592,2394000,0.565610860,125,221,"[4, 0, 2, 0, 1, 0, 0, 1, 0]","[13, 17, 19]"
"[8, 9, 11, 12, 13, 15, 17, 18, 19]",16628040,9405000,0.565610860,125,221,"[0, 1, 0, 2, 0, 0, 0, 5, 0]","[11, 13, 17, 19]"
"[8, 9, 11, 12, 13, 14, 17, 18, 20]",6126120,3465000,0.565610860,125,221,"[1, 0, 0, 7, 0, 0, 0, 2, 0]","[11, 13, 17]"
"[8, 9, 10, 13, 14, 16, 17, 18, 20]",1113840,630000,0.565610860,125,221,"[2, 0, 1, 0, 1, 6, 0, 1, 0]","[13, 17]"
"[7, 10, 11, 12, 13, 15, 16, 17, 20]",4084080,2310000,0.565610860,125,221,"[0, 1, 0, 2, 0, 0, 0, 0, 3]","[7, 11, 13, 17]"
"[7, 9, 10, 11, 13, 15, 16, 19, 20]",13693680,7745040,0.565592302,10757,19019,"[0, 1, 1, 0, 0, 0, 0, 0, 2]","[7, 11, 13, 19]"
"[8, 9, 11, 12, 15, 17, 18, 19, 20]",1279080,723240,0.565437658,2009,3553,"[2, 0, 0, 1, 2, 0, 3, 0, 0]","[11, 17, 19]"
"[8, 10, 11, 13, 14, 15, 16, 18, 20]",720720,407520,0.565434565,566,1001,"[4, 1, 0, 0, 1, 0, 0, 1, 2]","[11, 13]"
"[8, 10, 11, 12, 13, 14, 15, 17, 19]",38798760,21933480,0.565313943,182779,323323,"[1, 2, 0, 7, 0, 0, 0, 0, 0]","[11, 13, 17, 19]"
"[7, 9, 10, 11, 13, 15, 17, 18, 19]",29099070,16450110,0.565313943,182779,323323,"[0, 0, 0, 0, 0, 1, 0, 3, 0]","[7, 11, 13, 17, 19]"
"[7, 8, 11, 12, 13, 15, 17, 18, 19]",116396280,65800440,0.565313943,182779,323323,"[0, 0, 0, 1, 0, 0, 0, 5, 0]","[7, 11, 13, 17, 19]"
"[7, 8, 9, 11, 13, 17, 18, 19, 20]",116396280,65800440,0.565313943,182779,323323,"[0, 2, 0, 0, 0, 0, 1, 0, 0]","[7, 11, 13, 17, 19]"
"[7, 8, 9, 11, 13, 16, 17, 19, 20]",232792560,131600880,0.565313943,182779,323323,"[0, 1, 0, 0, 0, 2, 0, 0, 0]","[7, 11, 13, 17, 19]"
"[7, 10, 11, 12, 14, 15, 18, 19, 20]",263340,148860,0.565276828,827,1463,"[1, 2, 0, 1, 0, 0, 5, 0, 3]","[11, 19]"
"[7, 9, 10, 11, 15, 16, 18, 19, 20]",1053360,595440,0.565276828,827,1463,"[0, 1, 1, 0, 0, 0, 2, 0, 3]","[7, 11, 19]"
"[7, 9, 11, 12, 14, 15, 17, 19, 20]",4476780,2529900,0.565115999,14055,24871,"[0, 0, 0, 2, 1, 1, 0, 0, 0]","[11, 17, 19]"
"[7, 10, 11, 12, 15, 16, 17, 18, 20]",942480,532560,0.565062389,317,561,"[0, 1, 0, 2, 0, 0, 0, 4, 3]","[7, 11, 17]"
"[7, 8, 11, 13, 14, 15, 17, 18, 20]",6126120,3461160,0.564984036,28843,51051,"[0, 0, 0, 0, 1, 0, 0, 1, 2]","[11, 13, 17]"
"[8, 9, 12, 14, 15, 16, 17, 19, 20]",1627920,919728,0.564971252,6387,11305,"[4, 1, 2, 1, 0, 0, 0, 0, 1]","[17, 19]"
"[7, 9, 10, 12, 13, 17, 18, 19, 20]",5290740,2989044,0.564957643,83029,146965,"[0, 0, 2, 1, 0, 0, 3, 0, 0]","[7, 13, 17, 19]"
"[7, 9, 10, 12, 13, 16, 17, 19, 20]",21162960,11956176,0.564957643,83029,146965,"[0, 0, 2, 1, 0, 3, 0, 0, 0]","[7, 13, 17, 19]"
"[7, 8, 13, 14, 15, 16, 17, 18, 20]",1113840,629232,0.564921353,13109,23205,"[0, 4, 0, 1, 0, 0, 0, 1, 2]","[13, 17]"
"[7, 8, 12, 15, 16, 17, 18, 19, 20]",1627920,919440,0.564794339,1277,2261,"[0, 4, 1, 0, 0, 0, 5, 0, 2]","[7, 17, 19]"
"[7, 10, 11, 12, 13, 15, 16, 17, 18]",12252240,6918480,0.564670623,9609,17017,"[0, 1, 0, 2, 0, 0, 0, 0, 4]","[7, 11, 13, 17]"
"[7, 9, 11, 12, 13, 15, 16, 17, 20]",12252240,6918480,0.564670623,9609,17017,"[0, 1, 0, 2, 0, 0, 0, 0, 1]","[7, 11, 13, 17]"
"[7, 10, 11, 12, 13, 14, 16, 18, 19]",13693680,7732080,0.564645880,10739,19019,"[0, 1, 0, 2, 0, 1, 0, 0, 0]","[11, 13, 19]"
"[7, 9, 11, 12, 13, 15, 18, 19, 20]",3423420,1933020,0.564645880,10739,19019,"[0, 0, 0, 1, 0, 2, 3, 0, 0]","[7, 11, 13, 19]"
"[7, 9, 11, 12, 13, 14, 16, 19, 20]",13693680,7732080,0.564645880,10739,19019,"[0, 0, 0, 1, 0, 2, 3, 0, 0]","[11, 13, 19]"
"[9, 10, 11, 12, 15, 16, 18, 19, 20]",150480,84960,0.564593301,118,209,"[1, 1, 0, 2, 0, 0, 4, 0, 3]","[11, 19]"
"[8, 9, 11, 12, 14, 16, 17, 19, 20]",17907120,10108080,0.564472679,14039,24871,"[1, 0, 0, 7, 0, 5, 0, 0, 0]","[11, 17, 19]"
"[8, 10, 12, 13, 14, 16, 17, 19, 20]",7054320,3981936,0.564467730,11851,20995,"[1, 2, 3, 0, 0, 5, 0, 0, 0]","[13, 17, 19]"
"[8, 9, 12, 13, 15, 16, 17, 18, 19]",3023280,1706544,0.564467730,11851,20995,"[2, 1, 5, 0, 0, 0, 0, 7, 0]","[13, 17, 19]"
"[7, 8, 11, 13, 14, 16, 17, 19, 20]",25865840,14599280,0.564423193,182491,323323,"[0, 2, 0, 0, 1, 6, 0, 0, 0]","[11, 13, 17, 19]"
"[7, 8, 11, 12, 13, 16, 17, 19, 20]",77597520,43797840,0.564423193,182491,323323,"[0, 1, 0, 2, 0, 3, 0, 0, 0]","[7, 11, 13, 17, 19]"
"[8, 9, 10, 14, 15, 16, 17, 19, 20]",1627920,918576,0.564263600,6379,11305,"[4, 1, 1, 1, 0, 0, 0, 0, 2]","[17, 19]"
"[7, 9, 11, 12, 14, 16, 18, 19, 20]",1053360,594360,0.564251538,1651,2926,"[0, 0, 0, 1, 2, 3, 3, 0, 0]","[11, 19]"
"[7, 9, 11, 12, 14, 16, 17, 18, 19]",3581424,2020464,0.564151019,14031,24871,"[0, 0, 0, 2, 1, 0, 0, 4, 0]","[11, 17, 19]"
"[7, 10, 12, 14, 15, 16, 17, 18, 20]",85680,48336,0.564145658,1007,1785,"[0, 1, 2, 1, 0, 0, 0, 4, 3]",[17]
"[8, 9, 10, 11, 13, 14, 16, 17, 19]",232792560,131324400,0.564126276,182395,323323,"[2, 0, 1, 0, 0, 1, 0, 0, 0]","[11, 13, 17, 19]"
"[7, 9, 10, 11, 13, 14, 17, 18, 19]",29099070,16415550,0.564126276,182395,323323,"[0, 0, 0, 0, 0, 1, 0, 1, 0]","[11, 13, 17, 19]"
"[7, 9, 10, 11, 13, 14, 16, 17, 19]",232792560,131324400,0.564126276,182395,323323,"[0, 0, 1, 0, 0, 2, 0, 0, 0]","[11, 13, 17, 19]"
"[7, 9, 12, 14, 15, 16, 17, 18, 19]",1627920,918288,0.564086687,911,1615,"[0, 1, 2, 1, 0, 0, 0, 4, 0]","[17, 19]"
"[9, 10, 11, 12, 14, 15, 17, 18, 20]",235620,132900,0.564043799,2215,3927,"[1, 2, 0, 5, 0, 0, 0, 7, 3]","[11, 17]"
"[9, 10, 11, 12, 13, 14, 15, 18, 19]",3423420,1930860,0.564014932,10727,19019,"[1, 2, 0, 5, 0, 0, 0, 7, 0]","[11, 13, 19]"
"[8, 9, 12, 13, 14, 15, 17, 18, 19]",10581480,5967720,0.563977818,16577,29393,"[1, 1, 11, 0, 0, 0, 0, 2, 0]","[13, 17, 19]"
"[7, 8, 10, 13, 16, 17, 18, 19, 20]",21162960,11935440,0.563977818,16577,29393,"[0, 2, 1, 0, 6, 0, 1, 0, 0]","[7, 13, 17, 19]"
"[7, 9, 10, 11, 14, 16, 18, 19, 20]",1053360,594000,0.563909774,75,133,"[0, 0, 2, 0, 1, 2, 1, 0, 0]","[11, 19]"
"[8, 9, 10, 13, 14, 15, 17, 18, 20]",556920,314040,0.563887093,2617,4641,"[1, 1, 1, 0, 0, 0, 0, 2, 3]","[13, 17]"
"[8, 10, 11, 12, 14, 15, 17, 19, 20]",2984520,1682760,0.563829359,14023,24871,"[1, 2, 0, 7, 0, 0, 0, 0, 4]","[11, 17, 19]"
"[8, 9, 10, 11, 14, 16, 17, 19, 20]",17907120,10096560,0.563829359,14023,24871,"[2, 0, 1, 0, 1, 6, 0, 0, 0]","[11, 17, 19]"
"[7, 8, 11, 12, 15, 17, 18, 19, 20]",8953560,5048280,0.563829359,14023,24871,"[0, 0, 0, 1, 0, 0, 5, 0, 2]","[7, 11, 17, 19]"
"[7, 10, 12, 13, 14, 15, 16, 18, 19]",1244880,701856,0.563794101,4874,8645,"[0, 1, 2, 0, 1, 0, 0, 4, 0]","[13, 19]"
"[7, 9, 12, 13, 14, 15, 16, 19, 20]",1244880,701856,0.563794101,4874,8645,"[0, 1, 2, 0, 1, 0, 0, 0, 1]","[13, 19]"
"[7, 10, 11, 12, 13, 15, 17, 18, 20]",3063060,1726740,0.563730387,9593,17017,"[0, 2, 0, 1, 0, 3, 0, 5, 0]","[7, 11, 13, 17]"
"[7, 9, 10, 13, 14, 15, 17, 18, 19]",2645370,1491066,0.563651209,82837,146965,"[0, 0, 0, 0, 1, 1, 0, 3, 0]","[13, 17, 19]"
"[9, 10, 11, 12, 13, 14, 15, 16, 17]",12252240,6905040,0.563573681,28771,51051,"[1, 1, 0, 2, 0, 1, 0, 0, 0]","[11, 13, 17]"
"[8, 10, 11, 12, 13, 15, 17, 19, 20]",5542680,3123480,0.563532443,26029,46189,"[0, 1, 0, 2, 0, 0, 0, 0, 3]","[11, 13, 17, 19]"
"[8, 9, 11, 12, 13, 16, 17, 18, 19]",6651216,3748176,0.563532443,26029,46189,"[2, 0, 0, 1, 0, 0, 0, 3, 0]","[11, 13, 17, 19]"
"[8, 9, 11, 12, 13, 14, 17, 18, 19]",23279256,13118616,0.563532443,26029,46189,"[1, 0, 0, 7, 0, 0, 0, 2, 0]","[11, 13, 17, 19]"
"[7, 8, 11, 13, 14, 15, 16, 17, 19]",77597520,43728720,0.563532443,26029,46189,"[0, 2, 0, 0, 1, 0, 0, 0, 0]","[11, 13, 17, 19]"
"[7, 8, 10, 11, 13, 17, 18, 19, 20]",116396280,65593080,0.563532443,26029,46189,"[0, 2, 1, 0, 0, 0, 1, 0, 0]","[7, 11, 13, 17, 19]"
"[8, 10, 12, 13, 15, 16, 17, 18, 19]",3023280,1703088,0.563324601,11827,20995,"[4, 1, 2, 0, 0, 0, 0, 1, 0]","[13, 17, 19]"
"[7, 9, 12, 13, 14, 15, 16, 17, 19]",21162960,11921616,0.563324601,11827,20995,"[0, 1, 2, 0, 1, 0, 0, 0, 0]","[13, 17, 19]"
"[7, 10, 11, 12, 13, 14, 16, 17, 20]",4084080,2300400,0.563260269,9585,17017,"[0, 2, 0, 1, 0, 1, 3, 0, 0]","[11, 13, 17]"
"[8, 9, 11, 12, 16, 17, 18, 19, 20]",2558160,1440720,0.563186040,2001,3553,"[2, 0, 0, 1, 6, 0, 3, 0, 0]","[11, 17, 19]"
"[7, 8, 12, 13, 15, 16, 17, 18, 19]",21162960,11914704,0.562997993,82741,146965,"[0, 2, 1, 0, 0, 0, 0, 5, 0]","[7, 13, 17, 19]"
"[7, 8, 9, 13, 15, 17, 18, 19, 20]",10581480,5957352,0.562997993,82741,146965,"[0, 2, 0, 0, 1, 0, 3, 0, 0]","[7, 13, 17, 19]"
"[7, 9, 10, 11, 13, 14, 17, 19, 20]",58198140,32761980,0.562938609,182011,323323,"[0, 0, 2, 0, 0, 1, 0, 0, 0]","[11, 13, 17, 19]"
"[8, 10, 11, 12, 14, 15, 17, 18, 19]",8953560,5039640,0.562864380,13999,24871,"[1, 2, 0, 7, 0, 0, 0, 5, 0]","[11, 17, 19]"
"[8, 9, 11, 12, 14, 15, 17, 19, 20]",8953560,5039640,0.562864380,13999,24871,"[1, 1, 0, 11, 0, 0, 0, 0, 2]","[11, 17, 19]"
"[8, 9, 10, 15, 16, 17, 18, 19, 20]",232560,130896,0.562848297,909,1615,"[4, 1, 1, 0, 0, 0, 5, 0, 2]","[17, 19]"
"[9, 10, 11, 12, 13, 15, 18, 19, 20]",489060,275220,0.562753036,139,247,"[0, 2, 0, 1, 0, 8, 3, 0, 0]","[11, 13, 19]"
"[9, 10, 11, 12, 13, 15, 16, 18, 19]",1956240,1100880,0.562753036,139,247,"[1, 1, 0, 2, 0, 0, 0, 4, 0]","[11, 13, 19]"
"[8, 10, 11, 12, 13, 14, 18, 19, 20]",6846840,3853080,0.562753036,139,247,"[1, 2, 0, 3, 0, 0, 1, 0, 0]","[11, 13, 19]"
"[8, 9, 11, 12, 13, 14, 18, 19, 20]",6846840,3853080,0.562753036,139,247,"[1, 0, 0, 7, 0, 0, 2, 0, 0]","[11, 13, 19]"
"[8, 9, 10, 13, 14, 16, 18, 19, 20]",1244880,700560,0.562753036,139,247,"[2, 0, 1, 0, 1, 6, 1, 0, 0]","[13, 19]"
"[7, 10, 11, 12, 13, 15, 16, 19, 20]",4564560,2568720,0.562753036,139,247,"[0, 1, 0, 2, 0, 0, 0, 0, 3]","[7, 11, 13, 19]"
"[7, 8, 12, 14, 15, 17, 18, 19, 20]",813960,457992,0.562671384,6361,11305,"[0, 0, 2, 1, 0, 0, 1, 0, 1]","[17, 19]"
"[8, 9, 10, 11, 13, 14, 15, 17, 19]",116396280,65489400,0.562641693,181915,323323,"[1, 1, 2, 0, 0, 0, 0, 0, 0]","[11, 13, 17, 19]"
"[7, 9, 10, 11, 13, 15, 16, 17, 19]",232792560,130978800,0.562641693,181915,323323,"[0, 1, 1, 0, 0, 0, 0, 0, 0]","[7, 11, 13, 17, 19]"
"[7, 10, 12, 13, 14, 15, 16, 17, 20]",371280,208848,0.562508080,4351,7735,"[0, 1, 2, 0, 2, 0, 0, 0, 3]","[13, 17]"
"[7, 9, 12, 13, 15, 16, 17, 18, 20]",1113840,626544,0.562508080,4351,7735,"[0, 1, 5, 0, 0, 0, 0, 7, 2]","[7, 13, 17]"
"[8, 10, 11, 12, 13, 16, 17, 18, 19]",33256080,18706320,0.562493234,25981,46189,"[1, 0, 0, 3, 0, 5, 0, 0, 0]","[11, 13, 17, 19]"
"[8, 9, 11, 12, 13, 15, 16, 17, 19]",33256080,18706320,0.562493234,25981,46189,"[1, 1, 0, 2, 0, 0, 0, 0, 0]","[11, 13, 17, 19]"
"[7, 9, 10, 13, 14, 15, 17, 19, 20]",5290740,2975220,0.562344776,16529,29393,"[0, 0, 2, 0, 1, 1, 0, 0, 0]","[13, 17, 19]"
"[7, 8, 10, 13, 14, 17, 18, 19, 20]",10581480,5950440,0.562344776,16529,29393,"[0, 2, 2, 0, 1, 0, 1, 0, 0]","[13, 17, 19]"
"[9, 10, 11, 12, 13, 15, 16, 17, 20]",1750320,984240,0.562320033,1367,2431,"[1, 1, 0, 2, 0, 0, 0, 0, 3]","[11, 13, 17]"
"[8, 9, 10, 11, 14, 15, 17, 19, 20]",8953560,5033880,0.562221061,13983,24871,"[1, 1, 2, 0, 0, 0, 0, 0, 3]","[11, 17, 19]"
"[7, 10, 11, 12, 15, 16, 18, 19, 20]",1053360,592200,0.562200957,235,418,"[0, 1, 0, 2, 0, 0, 4, 0, 3]","[7, 11, 19]"
"[9, 10, 12, 13, 14, 15, 16, 17, 18]",1113840,626160,0.562163327,2609,4641,"[1, 1, 2, 0, 1, 0, 0, 0, 4]","[13, 17]"
"[7, 8, 11, 13, 14, 15, 18, 19, 20]",6846840,3848760,0.562122088,10691,19019,"[0, 0, 0, 0, 1, 0, 1, 0, 2]","[11, 13, 19]"
"[8, 10, 11, 12, 16, 17, 18, 19, 20]",2558160,1437840,0.562060231,1997,3553,"[1, 2, 0, 3, 5, 0, 0, 0, 0]","[11, 17, 19]"
"[8, 9, 11, 12, 15, 16, 17, 19, 20]",2558160,1437840,0.562060231,1997,3553,"[1, 1, 0, 2, 0, 0, 0, 0, 3]","[11, 17, 19]"
"[7, 8, 13, 14, 15, 16, 18, 19, 20]",1244880,699696,0.562058994,4859,8645,"[0, 4, 0, 1, 0, 0, 1, 0, 2]","[13, 19]"
"[7, 8, 11, 13, 14, 16, 17, 18, 19]",46558512,26168112,0.562047859,181723,323323,"[0, 1, 0, 0, 2, 3, 0, 0, 0]","[11, 13, 17, 19]"
"[7, 10, 11, 12, 14, 16, 17, 18, 20]",942480,529680,0.562006621,2207,3927,"[0, 2, 0, 1, 2, 3, 0, 3, 0]","[11, 17]"
"[7, 10, 11, 12, 14, 15, 16, 17, 19]",5969040,3354000,0.561899401,13975,24871,"[0, 1, 0, 2, 1, 0, 0, 0, 0]","[11, 17, 19]"
"[7, 8, 11, 14, 15, 16, 17, 19, 20]",5969040,3354000,0.561899401,13975,24871,"[0, 4, 0, 1, 0, 0, 0, 0, 2]","[11, 17, 19]"
"[7, 10, 11, 12, 13, 15, 16, 18, 19]",13693680,7693200,0.561806614,10685,19019,"[0, 1, 0, 2, 0, 0, 0, 4, 0]","[7, 11, 13, 19]"
"[7, 9, 11, 12, 13, 15, 16, 19, 20]",13693680,7693200,0.561806614,10685,19019,"[0, 1, 0, 2, 0, 0, 0, 0, 1]","[7, 11, 13, 19]"
"[7, 9, 11, 12, 13, 15, 17, 18, 19]",58198140,32692860,0.561750943,181627,323323,"[0, 1, 0, 3, 0, 2, 0, 0, 0]","[7, 11, 13, 17, 19]"
"[7, 8, 11, 12, 13, 15, 17, 19, 20]",38798760,21795240,0.561750943,181627,323323,"[0, 0, 0, 1, 0, 0, 0, 0, 2]","[7, 11, 13, 17, 19]"
"[9, 10, 12, 14, 15, 16, 17, 18, 20]",85680,48112,0.561531279,3007,5355,"[1, 1, 2, 1, 0, 0, 0, 4, 3]",[17]
"[7, 10, 12, 13, 14, 15, 17, 18, 20]",278460,156348,0.561473820,4343,7735,"[1, 2, 1, 0, 0, 0, 0, 5, 3]","[13, 17]"
"[7, 9, 10, 13, 15, 16, 17, 18, 20]",1113840,625392,0.561473820,4343,7735,"[0, 1, 1, 0, 0, 0, 0, 2, 3]","[7, 13, 17]"
"[8, 9, 10, 11, 13, 15, 17, 19, 20]",16628040,9335880,0.561454026,25933,46189,"[1, 0, 2, 0, 0, 1, 0, 0, 0]","[11, 13, 17, 19]"
"[8, 9, 10, 11, 13, 15, 17, 18, 19]",16628040,9335880,0.561454026,25933,46189,"[0, 1, 1, 0, 0, 0, 0, 5, 0]","[11, 13, 17, 19]"
"[8, 11, 12, 13, 14, 15, 16, 18, 20]",720720,404640,0.561438561,562,1001,"[4, 0, 1, 0, 1, 0, 0, 5, 2]","[11, 13]"
"[7, 10, 12, 14, 15, 16, 18, 19, 20]",95760,53748,0.561278195,1493,2660,"[0, 1, 2, 1, 0, 0, 4, 0, 3]",[19]
"[7, 9, 10, 14, 15, 17, 18, 19, 20]",406980,228420,0.561256081,1269,2261,"[0, 0, 2, 1, 1, 0, 3, 0, 0]","[17, 19]"
"[8, 9, 10, 11, 13, 14, 17, 18, 20]",6126120,3438120,0.561223091,4093,7293,"[2, 0, 1, 0, 0, 1, 0, 1, 0]","[11, 13, 17]"
"[8, 9, 10, 13, 14, 15, 16, 17, 19]",21162960,11876688,0.561201647,82477,146965,"[2, 1, 1, 0, 1, 0, 0, 0, 0]","[13, 17, 19]"
"[7, 9, 10, 13, 14, 15, 16, 17, 19]",21162960,11876688,0.561201647,82477,146965,"[0, 1, 1, 0, 2, 0, 0, 0, 0]","[13, 17, 19]"
"[9, 10, 11, 12, 14, 15, 18, 19, 20]",263340,147780,0.561175666,821,1463,"[1, 2, 0, 5, 0, 0, 7, 0, 3]","[11, 19]"
"[7, 8, 10, 13, 15, 17, 18, 19, 20]",10581480,5936616,0.561038342,11779,20995,"[0, 0, 1, 0, 0, 0, 1, 0, 2]","[7, 13, 17, 19]"
"[7, 8, 9, 13, 16, 17, 18, 19, 20]",21162960,11873232,0.561038342,11779,20995,"[0, 2, 0, 0, 6, 0, 1, 0, 0]","[7, 13, 17, 19]"
"[8, 9, 10, 13, 14, 15, 18, 19, 20]",622440,349200,0.561017929,970,1729,"[1, 1, 1, 0, 0, 0, 2, 0, 3]","[13, 19]"
"[8, 10, 11, 12, 15, 17, 18, 19, 20]",1279080,717480,0.560934422,1993,3553,"[0, 1, 0, 2, 0, 0, 4, 0, 3]","[11, 17, 19]"
"[8, 9, 10, 11, 15, 17, 18, 19, 20]",1279080,717480,0.560934422,1993,3553,"[2, 0, 1, 0, 2, 0, 1, 0, 0]","[11, 17, 19]"
"[7, 9, 11, 12, 15, 16, 17, 18, 19]",17907120,10044720,0.560934422,1993,3553,"[0, 1, 0, 2, 0, 0, 0, 5, 0]","[7, 11, 17, 19]"
"[8, 10, 11, 13, 14, 15, 16, 17, 20]",4084080,2290800,0.560909679,9545,17017,"[4, 1, 0, 0, 1, 0, 0, 0, 2]","[11, 13, 17]"
"[7, 10, 11, 12, 13, 15, 18, 19, 20]",3423420,1920060,0.560860192,10667,19019,"[0, 2, 0, 1, 0, 3, 5, 0, 0]","[7, 11, 13, 19]"
"[9, 10, 12, 13, 15, 16, 17, 18, 20]",159120,89232,0.560784314,143,255,"[1, 1, 2, 0, 0, 0, 0, 4, 3]","[13, 17]"
"[9, 10, 11, 12, 13, 14, 15, 16, 19]",13693680,7678080,0.560702455,10664,19019,"[1, 1, 0, 2, 0, 1, 0, 0, 0]","[11, 13, 19]"
"[8, 9, 10, 11, 14, 15, 17, 18, 19]",8953560,5019480,0.560612762,13943,24871,"[0, 1, 1, 0, 0, 0, 0, 5, 0]","[11, 17, 19]"
"[9, 10, 11, 12, 13, 14, 16, 18, 20]",720720,404040,0.560606061,37,66,"[0, 2, 0, 1, 0, 0, 3, 3, 0]","[11, 13]"
"[8, 10, 12, 13, 14, 16, 17, 18, 19]",21162960,11862864,0.560548430,6337,11305,"[1, 0, 3, 0, 0, 5, 0, 0, 0]","[13, 17, 19]"
"[7, 9, 12, 13, 14, 16, 17, 18, 20]",1113840,624240,0.560439560,51,91,"[0, 0, 1, 0, 2, 3, 0, 3, 0]","[13, 17]"
"[7, 10, 11, 12, 13, 14, 16, 19, 20]",4564560,2557920,0.560386981,10658,19019,"[0, 2, 0, 1, 0, 1, 3, 0, 0]","[11, 13, 19]"
"[7, 8, 11, 14, 16, 17, 18, 19, 20]",17907120,10033200,0.560291102,13935,24871,"[0, 2, 0, 1, 6, 0, 1, 0, 0]","[11, 17, 19]"
"[7, 9, 11, 13, 14, 15, 16, 18, 20]",720720,403680,0.560106560,1682,3003,"[0, 1, 0, 0, 1, 0, 0, 5, 2]","[11, 13]"
"[7, 9, 10, 13, 14, 16, 17, 18, 20]",1113840,623856,0.560094807,12997,23205,"[0, 0, 2, 0, 1, 2, 0, 1, 0]","[13, 17]"
"[7, 8, 12, 13, 16, 17, 18, 19, 20]",21162960,11852496,0.560058517,82309,146965,"[0, 2, 1, 0, 6, 0, 3, 0, 0]","[7, 13, 17, 19]"
"[7, 8, 9, 13, 15, 16, 17, 19, 20]",21162960,11852496,0.560058517,82309,146965,"[0, 1, 1, 0, 0, 0, 0, 0, 2]","[7, 13, 17, 19]"
"[7, 10, 11, 12, 14, 15, 17, 18, 19]",4476780,2506860,0.559969442,733,1309,"[1, 2, 0, 1, 0, 0, 0, 5, 0]","[11, 17, 19]"
"[7, 10, 11, 12, 13, 14, 17, 18, 20]",3063060,1715220,0.559969442,733,1309,"[0, 1, 0, 2, 0, 1, 0, 0, 0]","[11, 13, 17]"
"[7, 10, 11, 12, 13, 14, 15, 17, 19]",19399380,10863060,0.559969442,733,1309,"[1, 1, 0, 2, 0, 0, 0, 0, 0]","[11, 13, 17, 19]"
"[7, 9, 11, 12, 13, 16, 17, 18, 20]",12252240,6860880,0.559969442,733,1309,"[0, 0, 0, 1, 0, 2, 0, 3, 0]","[7, 11, 13, 17]"
"[7, 9, 10, 11, 15, 17, 18, 19, 20]",4476780,2506860,0.559969442,733,1309,"[0, 0, 2, 0, 1, 0, 3, 0, 0]","[7, 11, 17, 19]"
"[7, 9, 10, 11, 15, 16, 17, 18, 19]",17907120,10027440,0.559969442,733,1309,"[0, 1, 1, 0, 0, 0, 0, 2, 0]","[7, 11, 17, 19]"
"[7, 8, 11, 12, 13, 17, 18, 19, 20]",116396280,65178360,0.559969442,733,1309,"[0, 2, 0, 1, 0, 0, 3, 0, 0]","[7, 11, 13, 17, 19]"
"[8, 9, 10, 13, 15, 16, 17, 19, 20]",3023280,1692720,0.559895213,2351,4199,"[2, 1, 1, 0, 0, 0, 0, 0, 3]","[13, 17, 19]"
"[8, 9, 10, 13, 15, 16, 17, 18, 19]",3023280,1692720,0.559895213,2351,4199,"[2, 1, 1, 0, 0, 0, 0, 5, 0]","[13, 17, 19]"
"[7, 9, 12, 14, 15, 17, 18, 19, 20]",406980,227844,0.559840778,6329,11305,"[0, 0, 2, 1, 1, 0, 6, 0, 0]","[17, 19]"
"[9, 10, 11, 12, 14, 15, 16, 17, 20]",942480,527600,0.559799677,6595,11781,"[1, 1, 0, 2, 1, 0, 0, 0, 3]","[11, 17]"
"[7, 10, 12, 13, 14, 15, 16, 19, 20]",414960,232224,0.559629844,4838,8645,"[0, 1, 2, 0, 2, 0, 0, 0, 3]","[13, 19]"
"[7, 9, 12, 13, 15, 16, 18, 19, 20]",1244880,696672,0.559629844,4838,8645,"[0, 1, 5, 0, 0, 0, 7, 0, 2]","[7, 13, 19]"
"[9, 10, 11, 12, 13, 15, 16, 19, 20]",1956240,1094400,0.559440559,80,143,"[1, 1, 0, 2, 0, 0, 0, 0, 3]","[11, 13, 19]"
"[8, 10, 11, 12, 13, 15, 17, 18, 19]",16628040,9301320,0.559375609,25837,46189,"[0, 1, 0, 2, 0, 0, 0, 1, 0]","[11, 13, 17, 19]"
"[8, 9, 10, 11, 13, 16, 17, 19, 20]",33256080,18602640,0.559375609,25837,46189,"[1, 0, 2, 0, 0, 3, 0, 0, 0]","[11, 13, 17, 19]"
"[8, 9, 10, 11, 13, 16, 17, 18, 19]",33256080,18602640,0.559375609,25837,46189,"[2, 0, 1, 0, 0, 0, 0, 1, 0]","[11, 13, 17, 19]"
"[7, 9, 11, 12, 13, 14, 17, 19, 20]",58198140,32554620,0.559375609,25837,46189,"[0, 0, 0, 2, 0, 1, 0, 0, 0]","[11, 13, 17, 19]"
"[7, 8, 11, 14, 15, 16, 17, 18, 19]",17907120,10015920,0.559326123,13911,24871,"[0, 2, 0, 1, 0, 0, 0, 1, 0]","[11, 17, 19]"
"[9, 10, 12, 13, 14, 15, 16, 18, 19]",1244880,696240,0.559282822,967,1729,"[1, 1, 2, 0, 1, 0, 0, 4, 0]","[13, 19]"
"[8, 10, 12, 14, 16, 17, 18, 19, 20]",1627920,910224,0.559133127,903,1615,"[1, 2, 3, 0, 5, 0, 1, 0, 0]","[17, 19]"
"[8, 9, 12, 14, 16, 17, 18, 19, 20]",1627920,910224,0.559133127,903,1615,"[1, 0, 7, 0, 5, 0, 2, 0, 0]","[17, 19]"
"[7, 10, 11, 12, 14, 16, 18, 19, 20]",1053360,588960,0.559125085,818,1463,"[0, 2, 0, 1, 2, 3, 3, 0, 0]","[11, 19]"
"[7, 10, 11, 12, 13, 14, 16, 17, 19]",77597520,43383120,0.559078692,16433,29393,"[0, 1, 0, 2, 0, 1, 0, 0, 0]","[11, 13, 17, 19]"
"[7, 9, 11, 12, 13, 15, 16, 17, 19]",232792560,130149360,0.559078692,16433,29393,"[0, 1, 0, 2, 0, 0, 0, 0, 0]","[7, 11, 13, 17, 19]"
"[7, 8, 12, 13, 15, 16, 17, 19, 20]",7054320,3943920,0.559078692,16433,29393,"[0, 1, 2, 0, 0, 0, 0, 0, 3]","[7, 13, 17, 19]"
"[7, 8, 12, 13, 14, 17, 18, 19, 20]",10581480,5915880,0.559078692,16433,29393,"[0, 1, 3, 0, 2, 0, 0, 0, 0]","[13, 17, 19]"
"[7, 9, 10, 11, 13, 16, 17, 18, 20]",12252240,6849360,0.559029206,1359,2431,"[0, 0, 2, 0, 0, 1, 0, 1, 0]","[7, 11, 13, 17]"
"[7, 10, 11, 13, 14, 15, 16, 18, 20]",720720,402720,0.558774559,1678,3003,"[0, 2, 0, 0, 1, 0, 0, 1, 6]","[11, 13]"
"[8, 9, 12, 13, 15, 17, 18, 19, 20]",1511640,844632,0.558752084,11731,20995,"[2, 0, 1, 0, 2, 0, 3, 0, 0]","[13, 17, 19]"
"[9, 10, 11, 12, 13, 14, 15, 17, 20]",3063060,1711380,0.558715794,2593,4641,"[1, 1, 0, 2, 0, 0, 0, 0, 3]","[11, 13, 17]"
"[8, 9, 10, 11, 16, 17, 18, 19, 20]",2558160,1429200,0.558682803,1985,3553,"[2, 0, 1, 0, 6, 0, 1, 0, 0]","[11, 17, 19]"
"[8, 9, 10, 11, 14, 16, 17, 18, 19]",17907120,10004400,0.558682803,1985,3553,"[2, 0, 1, 0, 1, 0, 0, 1, 0]","[11, 17, 19]"
"[7, 9, 10, 11, 14, 17, 18, 19, 20]",4476780,2501100,0.558682803,1985,3553,"[0, 0, 2, 0, 1, 0, 1, 0, 0]","[11, 17, 19]"
"[7, 9, 10, 11, 14, 16, 17, 19, 20]",17907120,10004400,0.558682803,1985,3553,"[0, 0, 2, 0, 1, 1, 0, 0, 0]","[11, 17, 19]"
"[7, 9, 10, 11, 14, 16, 17, 18, 19]",17907120,10004400,0.558682803,1985,3553,"[0, 0, 0, 0, 1, 0, 0, 1, 0]","[11, 17, 19]"
"[9, 10, 12, 14, 15, 16, 18, 19, 20]",95760,53496,0.558646617,743,1330,"[1, 1, 2, 1, 0, 0, 4, 0, 3]",[19]
"[8, 9, 10, 14, 15, 16, 17, 18, 19]",1627920,909360,0.558602388,1263,2261,"[2, 1, 1, 1, 0, 0, 0, 5, 0]","[17, 19]"
"[7, 9, 10, 14, 15, 16, 17, 19, 20]",1627920,909360,0.558602388,1263,2261,"[0, 1, 1, 2, 0, 0, 0, 0, 3]","[17, 19]"
"[7, 9, 10, 14, 15, 16, 17, 18, 19]",1627920,909360,0.558602388,1263,2261,"[0, 1, 1, 2, 0, 0, 0, 5, 0]","[17, 19]"
"[7, 10, 12, 13, 14, 15, 18, 19, 20]",311220,173844,0.558588780,4829,8645,"[1, 2, 1, 0, 0, 0, 5, 0, 3]","[13, 19]"
"[7, 9, 10, 13, 15, 16, 18, 19, 20]",1244880,695376,0.558588780,4829,8645,"[0, 1, 1, 0, 0, 0, 2, 0, 3]","[7, 13, 19]"
"[7, 9, 12, 13, 14, 15, 17, 19, 20]",5290740,2954484,0.558425475,6313,11305,"[0, 0, 2, 0, 1, 1, 0, 0, 0]","[13, 17, 19]"
"[7, 10, 12, 13, 15, 16, 17, 18, 20]",1113840,621936,0.558371041,617,1105,"[0, 1, 2, 0, 0, 0, 0, 4, 3]","[7, 13, 17]"
"[8, 9, 10, 11, 13, 14, 18, 19, 20]",6846840,3822840,0.558336400,1517,2717,"[2, 0, 1, 0, 0, 1, 1, 0, 0]","[11, 13, 19]"
"[7, 9, 10, 11, 13, 15, 17, 19, 20]",58198140,32485500,0.558187942,180475,323323,"[0, 0, 1, 0, 0, 2, 0, 0, 0]","[7, 11, 13, 17, 19]"
"[7, 8, 11, 13, 14, 15, 17, 19, 20]",38798760,21657000,0.558187942,180475,323323,"[0, 0, 0, 0, 1, 0, 0, 0, 2]","[11, 13, 17, 19]"
"[7, 8, 11, 13, 15, 16, 17, 18, 20]",12252240,6837840,0.558088970,9497,17017,"[0, 4, 0, 0, 0, 0, 0, 1, 2]","[7, 11, 13, 17]"
"[7, 10, 11, 12, 14, 15, 17, 19, 20]",1492260,832740,0.558039484,13879,24871,"[1, 1, 0, 2, 0, 0, 0, 0, 3]","[11, 17, 19]"
"[8, 10, 11, 13, 14, 15, 16, 19, 20]",4564560,2547120,0.558020926,10613,19019,"[4, 1, 0, 0, 1, 0, 0, 0, 2]","[11, 13, 19]"
"[9, 10, 12, 13, 15, 16, 18, 19, 20]",177840,99216,0.557894737,53,95,"[1, 1, 2, 0, 0, 0, 4, 0, 3]","[13, 19]"
"[8, 9, 12, 13, 14, 16, 17, 19, 20]",21162960,11804112,0.557772259,81973,146965,"[1, 0, 7, 0, 0, 5, 0, 0, 0]","[13, 17, 19]"
"[7, 9, 12, 13, 14, 16, 18, 19, 20]",1244880,694080,0.557547715,964,1729,"[0, 0, 1, 0, 2, 3, 3, 0, 0]","[13, 19]"
"[7, 9, 11, 13, 14, 15, 16, 17, 18]",12252240,6830160,0.557462146,28459,51051,"[0, 1, 0, 0, 1, 0, 0, 0, 2]","[11, 13, 17]"
"[7, 9, 12, 13, 14, 16, 17, 18, 19]",4232592,2359440,0.557445650,16385,29393,"[0, 0, 2, 0, 1, 0, 0, 4, 0]","[13, 17, 19]"
"[8, 9, 11, 14, 15, 16, 17, 18, 20]",942480,525360,0.557422969,199,357,"[4, 1, 0, 1, 0, 0, 0, 5, 2]","[11, 17]"
"[7, 9, 11, 12, 14, 17, 18, 19, 20]",4476780,2495340,0.557396164,13863,24871,"[0, 0, 0, 2, 1, 0, 4, 0, 0]","[11, 17, 19]"
"[8, 10, 12, 14, 15, 17, 18, 19, 20]",813960,453672,0.557363998,6301,11305,"[1, 2, 7, 0, 0, 0, 5, 0, 4]","[17, 19]"
"[8, 9, 12, 14, 15, 17, 18, 19, 20]",813960,453672,0.557363998,6301,11305,"[1, 1, 11, 0, 0, 0, 2, 0, 2]","[17, 19]"
"[9, 10, 12, 13, 14, 15, 17, 18, 20]",278460,155196,0.557336781,4311,7735,"[1, 2, 5, 0, 0, 0, 0, 7, 3]","[13, 17]"
"[8, 10, 11, 12, 13, 14, 17, 19, 20]",38798760,21622440,0.557297192,25741,46189,"[1, 2, 0, 3, 0, 0, 0, 0, 0]","[11, 13, 17, 19]"
"[8, 9, 11, 12, 13, 15, 17, 19, 20]",16628040,9266760,0.557297192,25741,46189,"[1, 0, 0, 2, 0, 1, 0, 0, 0]","[11, 13, 17, 19]"
"[7, 9, 10, 13, 14, 16, 18, 19, 20]",1244880,693648,0.557200694,4817,8645,"[0, 0, 2, 0, 1, 2, 1, 0, 0]","[13, 19]"
"[8, 11, 12, 13, 14, 15, 16, 17, 18]",12252240,6826320,0.557148734,9481,17017,"[4, 0, 2, 0, 1, 0, 0, 0, 1]","[11, 13, 17]"
"[8, 10, 12, 13, 14, 15, 17, 19, 20]",3527160,1965048,0.557119042,81877,146965,"[1, 2, 7, 0, 0, 0, 0, 0, 4]","[13, 17, 19]"
"[8, 9, 10, 13, 14, 16, 17, 19, 20]",21162960,11790288,0.557119042,81877,146965,"[2, 0, 1, 0, 1, 6, 0, 0, 0]","[13, 17, 19]"
"[7, 8, 12, 13, 15, 17, 18, 19, 20]",10581480,5895144,0.557119042,81877,146965,"[0, 0, 1, 0, 0, 0, 5, 0, 2]","[7, 13, 17, 19]"
"[7, 10, 11, 12, 13, 14, 18, 19, 20]",3423420,1907100,0.557074504,815,1463,"[0, 1, 0, 2, 0, 1, 0, 0, 0]","[11, 13, 19]"
"[7, 9, 11, 12, 13, 16, 18, 19, 20]",13693680,7628400,0.557074504,815,1463,"[0, 0, 0, 1, 0, 2, 3, 0, 0]","[7, 11, 13, 19]"
"[7, 9, 10, 11, 15, 16, 17, 19, 20]",17907120,9975600,0.557074504,815,1463,"[0, 1, 1, 0, 0, 0, 0, 0, 2]","[7, 11, 17, 19]"
"[8, 10, 11, 14, 15, 16, 17, 18, 20]",942480,524880,0.556913675,729,1309,"[4, 1, 0, 1, 0, 0, 0, 1, 2]","[11, 17]"
"[9, 10, 11, 12, 14, 15, 16, 19, 20]",1053360,586620,0.556903623,3259,5852,"[1, 1, 0, 2, 1, 0, 0, 0, 3]","[11, 19]"
"[8, 9, 12, 13, 16, 17, 18, 19, 20]",3023280,1682352,0.556465825,11683,20995,"[2, 0, 1, 0, 6, 0, 3, 0, 0]","[13, 17, 19]"
"[8, 10, 11, 12, 13, 14, 17, 18, 19]",116396280,64763640,0.556406442,179899,323323,"[0, 1, 0, 2, 0, 1, 0, 0, 0]","[11, 13, 17, 19]"
"[8, 9, 11, 12, 13, 14, 17, 19, 20]",116396280,64763640,0.556406442,179899,323323,"[1, 0, 0, 7, 0, 0, 0, 0, 0]","[11, 13, 17, 19]"
"[7, 10, 11, 12, 13, 15, 16, 17, 19]",77597520,43175760,0.556406442,179899,323323,"[0, 1, 0, 2, 0, 0, 0, 0, 0]","[7, 11, 13, 17, 19]"
"[9, 10, 11, 12, 13, 14, 16, 17, 18]",12252240,6816720,0.556365203,28403,51051,"[0, 1, 0, 2, 0, 1, 0, 0, 4]","[11, 13, 17]"
"[8, 9, 11, 13, 14, 15, 16, 17, 18]",12252240,6816720,0.556365203,28403,51051,"[2, 1, 0, 0, 1, 0, 0, 0, 5]","[11, 13, 17]"
"[7, 10, 11, 12, 13, 16, 17, 18, 20]",12252240,6814800,0.556208497,9465,17017,"[0, 2, 0, 1, 0, 3, 0, 3, 0]","[7, 11, 13, 17]"
"[8, 10, 12, 13, 14, 15, 17, 18, 19]",10581480,5884776,0.556139217,81733,146965,"[1, 2, 7, 0, 0, 0, 0, 5, 0]","[13, 17, 19]"
"[8, 9, 12, 13, 14, 15, 17, 19, 20]",10581480,5884776,0.556139217,81733,146965,"[1, 1, 11, 0, 0, 0, 0, 0, 2]","[13, 17, 19]"
"[7, 9, 10, 11, 13, 16, 18, 19, 20]",13693680,7615440,0.556128082,1511,2717,"[0, 0, 2, 0, 0, 1, 1, 0, 0]","[7, 11, 13, 19]"
"[7, 10, 11, 12, 14, 16, 17, 18, 19]",17907120,9958320,0.556109525,13831,24871,"[0, 1, 0, 2, 1, 0, 0, 0, 0]","[11, 17, 19]"
"[7, 9, 11, 12, 15, 17, 18, 19, 20]",4476780,2489580,0.556109525,13831,24871,"[0, 0, 0, 1, 2, 0, 3, 0, 0]","[7, 11, 17, 19]"
"[7, 9, 11, 12, 14, 16, 17, 19, 20]",17907120,9958320,0.556109525,13831,24871,"[0, 0, 0, 1, 2, 3, 0, 0, 0]","[11, 17, 19]"
"[9, 10, 11, 12, 13, 14, 15, 19, 20]",3423420,1902780,0.555812608,961,1729,"[1, 1, 0, 2, 0, 0, 0, 0, 3]","[11, 13, 19]"
"[8, 9, 10, 11, 13, 14, 17, 19, 20]",116396280,64694520,0.555812608,961,1729,"[2, 0, 1, 0, 0, 1, 0, 0, 0]","[11, 13, 17, 19]"
"[7, 8, 11, 13, 14, 15, 17, 18, 19]",116396280,64694520,0.555812608,961,1729,"[0, 0, 0, 0, 1, 0, 0, 1, 0]","[11, 13, 17, 19]"
"[8, 9, 10, 13, 14, 15, 17, 19, 20]",10581480,5877864,0.555486000,81637,146965,"[1, 1, 2, 0, 0, 0, 0, 0, 3]","[13, 17, 19]"
"[9, 10, 11, 12, 14, 15, 17, 18, 19]",4476780,2486700,0.555466206,13815,24871,"[1, 2, 0, 5, 0, 0, 0, 7, 0]","[11, 17, 19]"
"[7, 10, 12, 13, 15, 16, 18, 19, 20]",1244880,691488,0.555465587,686,1235,"[0, 1, 2, 0, 0, 0, 4, 0, 3]","[7, 13, 19]"
"[8, 10, 12, 13, 16, 17, 18, 19, 20]",3023280,1678896,0.555322696,11659,20995,"[1, 2, 3, 0, 5, 0, 0, 0, 0]","[13, 17, 19]"
"[8, 9, 12, 13, 15, 16, 17, 19, 20]",3023280,1678896,0.555322696,11659,20995,"[1, 1, 2, 0, 0, 0, 0, 0, 3]","[13, 17, 19]"
"[7, 10, 12, 13, 14, 16, 17, 18, 20]",1113840,618480,0.555268261,859,1547,"[0, 2, 1, 0, 2, 3, 0, 3, 0]","[13, 17]"
"[7, 10, 11, 13, 14, 15, 16, 17, 20]",4084080,2267760,0.555268261,859,1547,"[0, 1, 0, 0, 2, 0, 0, 0, 3]","[11, 13, 17]"
"[7, 10, 12, 14, 15, 16, 17, 18, 19]",1627920,903888,0.555241044,6277,11305,"[0, 1, 2, 1, 0, 0, 0, 4, 0]","[17, 19]"
"[7, 9, 12, 14, 15, 16, 17, 19, 20]",1627920,903888,0.555241044,6277,11305,"[0, 1, 2, 1, 0, 0, 0, 0, 1]","[17, 19]"
"[9, 10, 11, 12, 13, 15, 17, 18, 19]",8314020,4616100,0.555218775,25645,46189,"[0, 0, 0, 1, 0, 2, 0, 3, 0]","[11, 13, 17, 19]"
"[8, 9, 11, 12, 13, 17, 18, 19, 20]",16628040,9232200,0.555218775,25645,46189,"[2, 0, 0, 1, 0, 0, 3, 0, 0]","[11, 13, 17, 19]"
"[8, 9, 11, 12, 13, 16, 17, 19, 20]",33256080,18464400,0.555218775,25645,46189,"[1, 0, 0, 2, 0, 3, 0, 0, 0]","[11, 13, 17, 19]"
"[7, 8, 11, 13, 15, 16, 18, 19, 20]",13693680,7602480,0.555181660,10559,19019,"[0, 4, 0, 0, 0, 0, 1, 0, 2]","[7, 11, 13, 19]"
"[7, 10, 12, 13, 14, 15, 16, 17, 19]",7054320,3916272,0.555159392,81589,146965,"[0, 1, 2, 0, 1, 0, 0, 0, 0]","[13, 17, 19]"
"[7, 8, 13, 14, 15, 16, 17, 19, 20]",7054320,3916272,0.555159392,81589,146965,"[0, 4, 0, 1, 0, 0, 0, 0, 2]","[13, 17, 19]"
"[8, 10, 11, 13, 15, 16, 17, 18, 20]",1750320,970800,0.554641437,4045,7293,"[4, 1, 0, 0, 0, 0, 0, 1, 2]","[11, 13, 17]"
"[7, 9, 11, 13, 14, 15, 16, 17, 20]",12252240,6795600,0.554641437,4045,7293,"[0, 1, 0, 0, 1, 0, 0, 0, 2]","[11, 13, 17]"
"[7, 10, 11, 12, 13, 15, 17, 18, 19]",58198140,32278140,0.554624942,179323,323323,"[0, 1, 0, 2, 0, 4, 0, 0, 0]","[7, 11, 13, 17, 19]"
"[7, 10, 11, 12, 13, 14, 17, 18, 19]",58198140,32278140,0.554624942,179323,323323,"[0, 1, 0, 2, 0, 1, 0, 0, 0]","[11, 13, 17, 19]"
"[7, 9, 11, 12, 13, 16, 17, 18, 19]",46558512,25822512,0.554624942,179323,323323,"[0, 0, 0, 1, 0, 0, 0, 3, 0]","[7, 11, 13, 17, 19]"
"[7, 9, 11, 12, 13, 15, 17, 19, 20]",58198140,32278140,0.554624942,179323,323323,"[0, 0, 0, 1, 0, 2, 0, 0, 0]","[7, 11, 13, 17, 19]"
"[7, 9, 11, 13, 14, 15, 16, 18, 19]",13693680,7593840,0.554550712,10547,19019,"[0, 1, 0, 0, 1, 0, 0, 2, 0]","[11, 13, 19]"
"[8, 9, 11, 14, 15, 16, 18, 19, 20]",1053360,584100,0.554511278,295,532,"[4, 1, 0, 1, 0, 0, 5, 0, 2]","[11, 19]"
"[9, 10, 12, 13, 14, 15, 18, 19, 20]",311220,172548,0.554424523,4793,8645,"[1, 2, 5, 0, 0, 0, 7, 0, 3]","[13, 19]"
"[8, 11, 12, 13, 14, 15, 16, 18, 19]",13693680,7589520,0.554235238,10541,19019,"[4, 0, 2, 0, 1, 0, 0, 1, 0]","[11, 13, 19]"
"[9, 10, 11, 12, 15, 17, 18, 19, 20]",639540,354420,0.554179567,179,323,"[0, 2, 0, 1, 8, 0, 3, 0, 0]","[11, 17, 19]"
"[9, 10, 11, 12, 15, 16, 17, 18, 19]",2558160,1417680,0.554179567,179,323,"[1, 1, 0, 2, 0, 0, 0, 4, 0]","[11, 17, 19]"
"[8, 10, 12, 13, 15, 17, 18, 19, 20]",1511640,837720,0.554179567,179,323,"[0, 1, 2, 0, 0, 0, 4, 0, 3]","[13, 17, 19]"
"[8, 10, 11, 12, 14, 17, 18, 19, 20]",8953560,4961880,0.554179567,179,323,"[1, 2, 0, 3, 0, 0, 1, 0, 0]","[11, 17, 19]"
"[8, 9, 11, 12, 14, 17, 18, 19, 20]",8953560,4961880,0.554179567,179,323,"[1, 0, 0, 7, 0, 0, 2, 0, 0]","[11, 17, 19]"
"[8, 9, 10, 14, 16, 17, 18, 19, 20]",1627920,902160,0.554179567,179,323,"[2, 0, 1, 1, 6, 0, 1, 0, 0]","[17, 19]"
"[8, 9, 10, 13, 15, 17, 18, 19, 20]",1511640,837720,0.554179567,179,323,"[2, 0, 1, 0, 2, 0, 1, 0, 0]","[13, 17, 19]"
"[7, 10, 11, 12, 15, 16, 17, 19, 20]",5969040,3307920,0.554179567,179,323,"[0, 1, 0, 2, 0, 0, 0, 0, 3]","[7, 11, 17, 19]"
"[7, 9, 12, 13, 15, 16, 17, 18, 19]",21162960,11728080,0.554179567,179,323,"[0, 1, 2, 0, 0, 0, 0, 5, 0]","[7, 13, 17, 19]"
"[7, 8, 11, 13, 14, 17, 18, 19, 20]",116396280,64487160,0.554031108,179131,323323,"[0, 2, 0, 0, 1, 0, 1, 0, 0]","[11, 13, 17, 19]"
"[8, 10, 11, 14, 15, 16, 18, 19, 20]",1053360,583560,0.553998633,1621,2926,"[4, 1, 0, 1, 0, 0, 1, 0, 2]","[11, 19]"
"[8, 9, 11, 13, 14, 15, 16, 17, 20]",12252240,6786000,0.553857907,725,1309,"[4, 1, 0, 0, 1, 0, 0, 0, 2]","[11, 13, 17]"
"[8, 9, 10, 13, 14, 15, 17, 18, 19]",10581480,5860584,0.553852958,81397,146965,"[0, 1, 1, 0, 0, 0, 0, 5, 0]","[13, 17, 19]"
"[8, 9, 10, 11, 13, 14, 17, 18, 19]",116396280,64452600,0.553734192,179035,323323,"[1, 0, 0, 0, 0, 0, 0, 1, 0]","[11, 13, 17, 19]"
"[7, 9, 10, 11, 13, 16, 17, 18, 19]",232792560,128905200,0.553734192,179035,323323,"[0, 0, 1, 0, 0, 0, 0, 2, 0]","[7, 11, 13, 17, 19]"
"[7, 10, 11, 13, 14, 15, 17, 18, 20]",3063060,1696020,0.553701201,28267,51051,"[1, 1, 0, 0, 0, 0, 0, 2, 3]","[11, 13, 17]"
"[7, 9, 11, 13, 14, 15, 17, 18, 20]",3063060,1696020,0.553701201,28267,51051,"[0, 0, 0, 0, 1, 1, 0, 2, 0]","[11, 13, 17]"
"[7, 8, 11, 14, 15, 17, 18, 19, 20]",8953560,4956120,0.553536247,13767,24871,"[0, 0, 0, 1, 0, 0, 1, 0, 2]","[11, 17, 19]"
"[7, 8, 13, 14, 16, 17, 18, 19, 20]",21162960,11714256,0.553526350,81349,146965,"[0, 2, 0, 1, 6, 0, 1, 0, 0]","[13, 17, 19]"
"[7, 8, 14, 15, 16, 17, 18, 19, 20]",1627920,901008,0.553471915,6257,11305,"[0, 4, 1, 0, 0, 0, 1, 0, 2]","[17, 19]"
"[9, 10, 11, 12, 13, 14, 16, 18, 19]",13693680,7578720,0.553446553,554,1001,"[0, 1, 0, 2, 0, 1, 0, 4, 0]","[11, 13, 19]"
"[8, 9, 11, 13, 14, 15, 16, 18, 19]",13693680,7578720,0.553446553,554,1001,"[2, 1, 0, 0, 1, 0, 0, 5, 0]","[11, 13, 19]"
"[8, 11, 12, 13, 14, 15, 16, 17, 20]",4084080,2260080,0.553387789,9417,17017,"[4, 0, 2, 0, 1, 0, 0, 0, 1]","[11, 13, 17]"
"[7, 10, 11, 12, 13, 16, 18, 19, 20]",13693680,7576560,0.553288816,10523,19019,"[0, 2, 0, 1, 0, 3, 3, 0, 0]","[7, 11, 13, 19]"
"[7, 10, 11, 12, 15, 16, 17, 18, 19]",17907120,9906480,0.553214587,13759,24871,"[0, 1, 0, 2, 0, 0, 0, 4, 0]","[7, 11, 17, 19]"
"[7, 9, 11, 12, 15, 16, 17, 19, 20]",17907120,9906480,0.553214587,13759,24871,"[0, 1, 0, 2, 0, 0, 0, 0, 1]","[7, 11, 17, 19]"
"[7, 10, 12, 13, 14, 15, 17, 18, 19]",5290740,2926836,0.553199741,4279,7735,"[1, 2, 1, 0, 0, 0, 0, 5, 0]","[13, 17, 19]"
"[7, 9, 10, 13, 15, 17, 18, 19, 20]",5290740,2926836,0.553199741,4279,7735,"[0, 0, 2, 0, 1, 0, 3, 0, 0]","[7, 13, 17, 19]"
"[7, 9, 10, 13, 15, 16, 17, 18, 19]",21162960,11707344,0.553199741,4279,7735,"[0, 1, 1, 0, 0, 0, 0, 2, 0]","[7, 13, 17, 19]"
"[9, 10, 12, 13, 14, 15, 16, 17, 20]",1113840,615984,0.553027365,12833,23205,"[1, 1, 2, 0, 1, 0, 0, 0, 3]","[13, 17]"
"[7, 10, 11, 12, 13, 14, 17, 19, 20]",19399380,10724820,0.552843441,178747,323323,"[0, 2, 0, 1, 0, 1, 0, 0, 0]","[11, 13, 17, 19]"
"[8, 11, 12, 14, 15, 16, 17, 18, 20]",942480,521040,0.552839318,2171,3927,"[4, 0, 1, 1, 0, 0, 0, 5, 2]","[11, 17]"
"[7, 8, 13, 14, 15, 16, 17, 18, 19]",21162960,11693520,0.552546525,16241,29393,"[0, 2, 0, 1, 0, 0, 0, 1, 0]","[13, 17, 19]"
"[8, 9, 11, 13, 14, 16, 17, 18, 20]",12252240,6768720,0.552447552,79,143,"[2, 0, 0, 0, 1, 6, 0, 1, 0]","[11, 13, 17]"
"[8, 9, 10, 14, 15, 17, 18, 19, 20]",813960,449640,0.552410438,1249,2261,"[1, 1, 1, 0, 0, 0, 2, 0, 3]","[17, 19]"
"[7, 10, 12, 13, 14, 16, 18, 19, 20]",1244880,687600,0.552342394,955,1729,"[0, 2, 1, 0, 2, 3, 3, 0, 0]","[13, 19]"
"[7, 10, 11, 13, 14, 15, 16, 19, 20]",4564560,2521200,0.552342394,955,1729,"[0, 1, 0, 0, 2, 0, 0, 0, 3]","[11, 13, 19]"
"[7, 10, 11, 12, 15, 17, 18, 19, 20]",4476780,2472300,0.552249608,13735,24871,"[0, 2, 0, 1, 3, 0, 5, 0, 0]","[7, 11, 17, 19]"
"[7, 9, 11, 13, 14, 15, 17, 18, 19]",29099070,16069950,0.552249608,13735,24871,"[1, 1, 0, 0, 0, 0, 0, 5, 0]","[11, 13, 17, 19]"
"[9, 10, 11, 12, 13, 15, 16, 17, 19]",33256080,18360720,0.552101150,25501,46189,"[1, 1, 0, 2, 0, 0, 0, 0, 0]","[11, 13, 17, 19]"
"[9, 10, 11, 12, 14, 15, 16, 17, 19]",17907120,9886320,0.552088778,13731,24871,"[1, 1, 0, 2, 1, 0, 0, 0, 0]","[11, 17, 19]"
"[9, 10, 11, 12, 14, 16, 17, 18, 20]",942480,520240,0.551990493,929,1683,"[0, 2, 0, 1, 0, 3, 0, 3, 0]","[11, 17]"
"[8, 10, 11, 13, 14, 16, 17, 18, 20]",12252240,6762960,0.551977434,9393,17017,"[2, 1, 0, 0, 1, 6, 0, 1, 0]","[11, 13, 17]"
"[8, 9, 10, 13, 16, 17, 18, 19, 20]",3023280,1668528,0.551893308,11587,20995,"[2, 0, 1, 0, 6, 0, 1, 0, 0]","[13, 17, 19]"
"[8, 9, 10, 13, 14, 16, 17, 18, 19]",21162960,11679696,0.551893308,11587,20995,"[2, 0, 1, 0, 1, 0, 0, 1, 0]","[13, 17, 19]"
"[7, 9, 10, 13, 14, 17, 18, 19, 20]",5290740,2919924,0.551893308,11587,20995,"[0, 0, 2, 0, 1, 0, 1, 0, 0]","[13, 17, 19]"
"[7, 9, 10, 13, 14, 16, 17, 19, 20]",21162960,11679696,0.551893308,11587,20995,"[0, 0, 2, 0, 1, 1, 0, 0, 0]","[13, 17, 19]"
"[7, 9, 10, 13, 14, 16, 17, 18, 19]",21162960,11679696,0.551893308,11587,20995,"[0, 0, 0, 0, 1, 0, 0, 1, 0]","[13, 17, 19]"
"[7, 10, 11, 12, 14, 16, 17, 19, 20]",5969040,3293520,0.551767118,13723,24871,"[0, 2, 0, 1, 1, 3, 0, 0, 0]","[11, 17, 19]"
"[8, 10, 11, 13, 15, 16, 18, 19, 20]",1956240,1079280,0.551711446,1499,2717,"[4, 1, 0, 0, 0, 0, 1, 0, 2]","[11, 13, 19]"
"[7, 9, 11, 13, 14, 15, 16, 19, 20]",13693680,7554960,0.551711446,1499,2717,"[0, 1, 0, 0, 1, 0, 0, 0, 2]","[11, 13, 19]"
"[8, 10, 11, 13, 14, 15, 16, 17, 18]",12252240,6757200,0.551507316,9385,17017,"[2, 1, 0, 0, 1, 0, 0, 0, 1]","[11, 13, 17]"
"[7, 10, 11, 13, 14, 15, 16, 17, 18]",12252240,6757200,0.551507316,9385,17017,"[0, 1, 0, 0, 2, 0, 0, 0, 1]","[11, 13, 17]"
"[7, 9, 11, 14, 15, 16, 17, 18, 20]",942480,519760,0.551481199,6497,11781,"[0, 1, 0, 1, 0, 0, 0, 5, 2]","[11, 17]"
"[7, 11, 12, 13, 14, 15, 16, 18, 20]",720720,397440,0.551448551,552,1001,"[0, 0, 1, 0, 2, 0, 0, 5, 3]","[11, 13]"
"[9, 10, 11, 12, 13, 16, 17, 18, 20]",1750320,965040,0.551350610,4021,7293,"[0, 2, 0, 1, 0, 3, 0, 3, 0]","[11, 13, 17]"
"[8, 9, 11, 13, 15, 16, 17, 18, 20]",1750320,965040,0.551350610,4021,7293,"[4, 1, 0, 0, 0, 0, 0, 5, 2]","[11, 13, 17]"
"[7, 10, 12, 13, 14, 15, 17, 19, 20]",1763580,972156,0.551240091,81013,146965,"[1, 1, 2, 0, 0, 0, 0, 0, 3]","[13, 17, 19]"
"[8, 10, 11, 12, 13, 17, 18, 19, 20]",16628040,9163080,0.551061941,25453,46189,"[1, 2, 0, 3, 0, 0, 1, 0, 0]","[11, 13, 17, 19]"
"[8, 9, 10, 11, 13, 17, 18, 19, 20]",16628040,9163080,0.551061941,25453,46189,"[2, 0, 1, 0, 0, 0, 1, 0, 0]","[11, 13, 17, 19]"
"[7, 10, 11, 12, 13, 15, 17, 19, 20]",19399380,10690260,0.551061941,25453,46189,"[0, 1, 0, 2, 0, 3, 0, 0, 0]","[7, 11, 13, 17, 19]"
"[7, 9, 10, 11, 13, 17, 18, 19, 20]",58198140,32070780,0.551061941,25453,46189,"[0, 0, 2, 0, 0, 0, 1, 0, 0]","[7, 11, 13, 17, 19]"
"[7, 9, 10, 11, 13, 16, 17, 19, 20]",232792560,128283120,0.551061941,25453,46189,"[0, 0, 1, 0, 0, 2, 0, 0, 0]","[7, 11, 13, 17, 19]"
"[7, 10, 12, 14, 15, 16, 17, 19, 20]",542640,298992,0.550995135,6229,11305,"[0, 1, 2, 2, 0, 0, 0, 0, 3]","[17, 19]"
"[7, 9, 12, 15, 16, 17, 18, 19, 20]",1627920,896976,0.550995135,6229,11305,"[0, 1, 5, 0, 0, 0, 7, 0, 2]","[7, 17, 19]"
"[8, 9, 11, 13, 14, 15, 16, 19, 20]",13693680,7544160,0.550922761,806,1463,"[4, 1, 0, 0, 1, 0, 0, 0, 2]","[11, 13, 19]"
"[8, 9, 11, 13, 14, 15, 17, 18, 20]",6126120,3374760,0.550880492,28123,51051,"[1, 1, 0, 0, 0, 0, 0, 2, 3]","[11, 13, 17]"
"[9, 10, 11, 12, 15, 16, 17, 19, 20]",2558160,1409040,0.550802139,103,187,"[1, 1, 0, 2, 0, 0, 0, 0, 3]","[11, 17, 19]"
"[7, 10, 11, 13, 14, 15, 18, 19, 20]",3423420,1885500,0.550765024,10475,19019,"[1, 1, 0, 0, 0, 0, 2, 0, 3]","[11, 13, 19]"
"[7, 9, 11, 13, 14, 15, 18, 19, 20]",3423420,1885500,0.550765024,10475,19019,"[0, 0, 0, 0, 1, 1, 2, 0, 0]","[11, 13, 19]"
"[9, 10, 12, 14, 15, 16, 17, 18, 19]",1627920,896400,0.550641309,1245,2261,"[1, 1, 2, 1, 0, 0, 0, 4, 0]","[17, 19]"
"[8, 9, 13, 14, 15, 16, 17, 18, 20]",1113840,613296,0.550614092,4259,7735,"[4, 1, 0, 1, 0, 0, 0, 5, 2]","[13, 17]"
"[7, 9, 12, 13, 14, 17, 18, 19, 20]",5290740,2913012,0.550586874,80917,146965,"[0, 0, 2, 0, 1, 0, 4, 0, 0]","[13, 17, 19]"
"[8, 11, 12, 13, 14, 15, 16, 19, 20]",4564560,2512560,0.550449550,551,1001,"[4, 0, 2, 0, 1, 0, 0, 0, 1]","[11, 13, 19]"
"[7, 9, 10, 13, 15, 16, 17, 19, 20]",21162960,11645136,0.550260266,4757,8645,"[0, 1, 1, 0, 0, 0, 0, 0, 2]","[7, 13, 17, 19]"
"[8, 11, 12, 13, 15, 16, 17, 18, 20]",1750320,963120,0.550253668,4013,7293,"[4, 0, 1, 0, 0, 0, 0, 5, 2]","[11, 13, 17]"
"[7, 10, 11, 14, 15, 16, 17, 18, 20]",942480,518480,0.550123080,6481,11781,"[0, 2, 0, 1, 0, 0, 0, 1, 6]","[11, 17]"
"[8, 10, 13, 14, 15, 16, 17, 18, 20]",1113840,612720,0.550096962,851,1547,"[4, 1, 0, 1, 0, 0, 0, 1, 2]","[13, 17]"
"[9, 10, 12, 13, 14, 15, 16, 19, 20]",1244880,684792,0.550086755,9511,17290,"[1, 1, 2, 0, 1, 0, 0, 0, 3]","[13, 19]"
"[7, 10, 12, 14, 15, 17, 18, 19, 20]",406980,223812,0.549933658,6217,11305,"[1, 2, 1, 0, 0, 0, 5, 0, 3]","[17, 19]"
"[7, 9, 10, 15, 16, 17, 18, 19, 20]",1627920,895248,0.549933658,6217,11305,"[0, 1, 1, 0, 0, 0, 2, 0, 3]","[7, 17, 19]"
"[8, 11, 12, 14, 15, 16, 18, 19, 20]",1053360,579240,0.549897471,1609,2926,"[4, 0, 1, 1, 0, 0, 5, 0, 2]","[11, 19]"
"[8, 9, 10, 11, 14, 17, 18, 19, 20]",8953560,4921560,0.549676330,1953,3553,"[2, 0, 1, 0, 1, 0, 1, 0, 0]","[11, 17, 19]"
"[7, 11, 12, 13, 14, 15, 16, 17, 18]",12252240,6734160,0.549626844,9353,17017,"[0, 0, 2, 0, 1, 0, 0, 0, 4]","[11, 13, 17]"
"[7, 9, 11, 13, 14, 15, 16, 17, 19]",232792560,127937520,0.549577358,177691,323323,"[0, 1, 0, 0, 1, 0, 0, 0, 0]","[11, 13, 17, 19]"
"[8, 9, 11, 13, 14, 16, 18, 19, 20]",13693680,7524720,0.549503128,1493,2717,"[2, 0, 0, 0, 1, 6, 1, 0, 0]","[11, 13, 19]"
"[8, 10, 11, 14, 15, 16, 17, 19, 20]",5969040,3279120,0.549354670,13663,24871,"[4, 1, 0, 1, 0, 0, 0, 0, 2]","[11, 17, 19]"
"[7, 10, 12, 13, 14, 16, 17, 18, 19]",21162960,11624400,0.549280441,16145,29393,"[0, 1, 2, 0, 1, 0, 0, 0, 0]","[13, 17, 19]"
"[7, 9, 12, 13, 15, 17, 18, 19, 20]",5290740,2906100,0.549280441,16145,29393,"[0, 0, 1, 0, 2, 0, 3, 0, 0]","[7, 13, 17, 19]"
"[7, 9, 12, 13, 14, 16, 17, 19, 20]",21162960,11624400,0.549280441,16145,29393,"[0, 0, 1, 0, 2, 3, 0, 0, 0]","[13, 17, 19]"
"[7, 8, 11, 13, 15, 16, 17, 18, 19]",232792560,127868400,0.549280441,16145,29393,"[0, 2, 0, 0, 0, 0, 0, 1, 0]","[7, 11, 13, 17, 19]"
"[9, 10, 12, 15, 16, 17, 18, 19, 20]",232560,127728,0.549226006,887,1615,"[1, 1, 2, 0, 0, 0, 4, 0, 3]","[17, 19]"
"[9, 10, 11, 12, 14, 16, 18, 19, 20]",1053360,578340,0.549043062,459,836,"[0, 2, 0, 1, 0, 3, 3, 0, 0]","[11, 19]"
"[8, 10, 11, 13, 14, 16, 18, 19, 20]",13693680,7518240,0.549029917,10442,19019,"[2, 1, 0, 0, 1, 6, 1, 0, 0]","[11, 13, 19]"
"[7, 9, 12, 14, 16, 17, 18, 19, 20]",1627920,893520,0.548872180,73,133,"[0, 0, 1, 2, 3, 0, 3, 0, 0]","[17, 19]"
"[9, 10, 11, 12, 13, 14, 17, 18, 20]",3063060,1680660,0.548686608,9337,17017,"[0, 1, 0, 2, 0, 1, 0, 4, 0]","[11, 13, 17]"
"[9, 10, 11, 12, 13, 14, 15, 17, 19]",58198140,31932540,0.548686608,9337,17017,"[1, 1, 0, 2, 0, 0, 0, 0, 0]","[11, 13, 17, 19]"
"[9, 10, 12, 13, 14, 15, 17, 18, 19]",5290740,2902644,0.548627224,80629,146965,"[1, 2, 5, 0, 0, 0, 0, 7, 0]","[13, 17, 19]"
"[8, 10, 11, 13, 14, 15, 16, 18, 19]",13693680,7511760,0.548556706,10433,19019,"[2, 1, 0, 0, 1, 0, 0, 1, 0]","[11, 13, 19]"
"[7, 10, 11, 13, 14, 15, 16, 18, 19]",13693680,7511760,0.548556706,10433,19019,"[0, 1, 0, 0, 2, 0, 0, 1, 0]","[11, 13, 19]"
"[7, 9, 11, 14, 15, 16, 18, 19, 20]",1053360,577800,0.548530417,1605,2926,"[0, 1, 0, 1, 0, 0, 5, 0, 2]","[11, 19]"
"[7, 9, 10, 14, 16, 17, 18, 19, 20]",1627920,892944,0.548518355,6201,11305,"[0, 0, 2, 1, 2, 0, 1, 0, 0]","[17, 19]"
"[9, 10, 11, 12, 13, 16, 18, 19, 20]",1956240,1072800,0.548398969,1490,2717,"[0, 2, 0, 1, 0, 3, 3, 0, 0]","[11, 13, 19]"
"[8, 9, 11, 13, 15, 16, 18, 19, 20]",1956240,1072800,0.548398969,1490,2717,"[4, 1, 0, 0, 0, 0, 5, 0, 2]","[11, 13, 19]"
"[7, 10, 11, 12, 14, 17, 18, 19, 20]",4476780,2455020,0.548389691,13639,24871,"[0, 1, 0, 2, 1, 0, 0, 0, 0]","[11, 17, 19]"
"[7, 10, 11, 12, 13, 16, 17, 19, 20]",77597520,42553680,0.548389691,13639,24871,"[0, 2, 0, 1, 0, 3, 0, 0, 0]","[7, 11, 13, 17, 19]"
"[7, 9, 11, 12, 16, 17, 18, 19, 20]",17907120,9820080,0.548389691,13639,24871,"[0, 0, 0, 1, 2, 0, 3, 0, 0]","[7, 11, 17, 19]"
"[8, 11, 12, 13, 14, 16, 17, 18, 20]",12252240,6716880,0.548216489,9329,17017,"[1, 0, 3, 0, 0, 5, 0, 0, 0]","[11, 13, 17]"
"[9, 10, 11, 12, 13, 14, 16, 17, 20]",12252240,6714960,0.548059783,3997,7293,"[0, 2, 0, 1, 0, 0, 3, 0, 0]","[11, 13, 17]"
"[8, 9, 11, 13, 14, 15, 18, 19, 20]",6846840,3751560,0.547925758,10421,19019,"[1, 1, 0, 0, 0, 0, 2, 0, 3]","[11, 13, 19]"
"[8, 9, 13, 14, 15, 16, 18, 19, 20]",1244880,681768,0.547657606,9469,17290,"[4, 1, 0, 1, 0, 0, 5, 0, 2]","[13, 19]"
"[7, 10, 11, 13, 14, 15, 17, 19, 20]",19399380,10621140,0.547498941,177019,323323,"[1, 1, 0, 0, 0, 0, 0, 0, 3]","[11, 13, 17, 19]"
"[7, 10, 11, 12, 13, 16, 17, 18, 19]",232792560,127453680,0.547498941,177019,323323,"[0, 1, 0, 2, 0, 0, 0, 0, 0]","[7, 11, 13, 17, 19]"
"[7, 9, 11, 12, 13, 17, 18, 19, 20]",58198140,31863420,0.547498941,177019,323323,"[0, 0, 0, 1, 0, 0, 3, 0, 0]","[7, 11, 13, 17, 19]"
"[7, 9, 11, 12, 13, 16, 17, 19, 20]",232792560,127453680,0.547498941,177019,323323,"[0, 0, 0, 1, 0, 2, 0, 0, 0]","[7, 11, 13, 17, 19]"
"[7, 9, 11, 13, 14, 16, 17, 18, 20]",12252240,6707280,0.547432959,27947,51051,"[0, 0, 0, 0, 1, 2, 0, 1, 0]","[11, 13, 17]"
"[7, 9, 10, 11, 16, 17, 18, 19, 20]",17907120,9802800,0.547424712,1945,3553,"[0, 0, 2, 0, 1, 0, 1, 0, 0]","[7, 11, 17, 19]"
"[9, 10, 12, 13, 15, 17, 18, 19, 20]",755820,413676,0.547320791,11491,20995,"[0, 2, 1, 0, 8, 0, 3, 0, 0]","[13, 17, 19]"
"[9, 10, 12, 13, 15, 16, 17, 18, 19]",3023280,1654704,0.547320791,11491,20995,"[1, 1, 2, 0, 0, 0, 0, 4, 0]","[13, 17, 19]"
"[8, 10, 12, 13, 14, 17, 18, 19, 20]",10581480,5791464,0.547320791,11491,20995,"[1, 2, 3, 0, 0, 0, 1, 0, 0]","[13, 17, 19]"
"[8, 9, 12, 13, 14, 17, 18, 19, 20]",10581480,5791464,0.547320791,11491,20995,"[1, 0, 7, 0, 0, 0, 2, 0, 0]","[13, 17, 19]"
"[7, 10, 12, 13, 15, 16, 17, 19, 20]",7054320,3860976,0.547320791,11491,20995,"[0, 1, 2, 0, 0, 0, 0, 0, 3]","[7, 13, 17, 19]"
"[8, 11, 12, 13, 15, 16, 18, 19, 20]",1956240,1070640,0.547294810,1487,2717,"[4, 0, 1, 0, 0, 0, 5, 0, 2]","[11, 13, 19]"
"[7, 10, 11, 14, 15, 16, 18, 19, 20]",1053360,576360,0.547163363,1601,2926,"[0, 2, 0, 1, 0, 0, 1, 0, 6]","[11, 19]"
"[8, 10, 13, 14, 15, 16, 18, 19, 20]",1244880,681120,0.547137073,946,1729,"[4, 1, 0, 1, 0, 0, 1, 0, 2]","[13, 19]"
"[9, 10, 11, 12, 14, 15, 17, 19, 20]",4476780,2449260,0.547103052,1237,2261,"[1, 1, 0, 2, 0, 0, 0, 0, 3]","[11, 17, 19]"
"[8, 10, 11, 13, 14, 16, 17, 19, 20]",25865840,14150000,0.547053566,176875,323323,"[2, 1, 0, 0, 1, 6, 0, 0, 0]","[11, 13, 17, 19]"
"[9, 10, 11, 12, 13, 15, 17, 19, 20]",8314020,4546980,0.546905107,25261,46189,"[0, 1, 0, 2, 0, 4, 0, 0, 0]","[11, 13, 17, 19]"
"[7, 10, 12, 15, 16, 17, 18, 19, 20]",1627920,890064,0.546749226,883,1615,"[0, 1, 2, 0, 0, 0, 4, 0, 3]","[7, 17, 19]"
"[7, 8, 13, 14, 15, 17, 18, 19, 20]",10581480,5784552,0.546667574,80341,146965,"[0, 0, 0, 1, 0, 0, 1, 0, 2]","[13, 17, 19]"
"[7, 11, 12, 13, 14, 15, 16, 18, 19]",13693680,7485840,0.546663862,10397,19019,"[0, 0, 2, 0, 1, 0, 0, 4, 0]","[11, 13, 19]"
"[8, 10, 11, 13, 14, 15, 16, 17, 19]",77597520,42415440,0.546608191,176731,323323,"[2, 1, 0, 0, 1, 0, 0, 0, 0]","[11, 13, 17, 19]"
"[7, 10, 11, 13, 14, 15, 16, 17, 19]",77597520,42415440,0.546608191,176731,323323,"[0, 1, 0, 0, 2, 0, 0, 0, 0]","[11, 13, 17, 19]"
"[7, 8, 11, 13, 16, 17, 18, 19, 20]",232792560,127246320,0.546608191,176731,323323,"[0, 2, 0, 0, 6, 0, 1, 0, 0]","[7, 11, 13, 17, 19]"
"[7, 8, 11, 15, 16, 17, 18, 19, 20]",17907120,9785520,0.546459732,13591,24871,"[0, 4, 0, 0, 0, 0, 1, 0, 2]","[7, 11, 17, 19]"
"[7, 10, 12, 13, 15, 16, 17, 18, 19]",21162960,11562192,0.546340966,80293,146965,"[0, 1, 2, 0, 0, 0, 0, 4, 0]","[7, 13, 17, 19]"
"[7, 9, 12, 13, 15, 16, 17, 19, 20]",21162960,11562192,0.546340966,80293,146965,"[0, 1, 2, 0, 0, 0, 0, 0, 1]","[7, 13, 17, 19]"
"[7, 10, 11, 13, 14, 16, 17, 18, 20]",12252240,6691920,0.546179311,27883,51051,"[0, 2, 0, 0, 1, 2, 0, 1, 0]","[11, 13, 17]"
"[8, 12, 13, 14, 15, 16, 17, 18, 20]",1113840,608112,0.545959922,4223,7735,"[4, 1, 0, 1, 0, 0, 0, 5, 2]","[13, 17]"
"[7, 9, 11, 13, 15, 16, 17, 18, 20]",12252240,6688080,0.545865899,1327,2431,"[0, 1, 0, 0, 0, 0, 0, 5, 2]","[7, 11, 13, 17]"
"[7, 9, 11, 14, 15, 16, 17, 18, 19]",17907120,9774000,0.545816413,13575,24871,"[0, 1, 0, 1, 0, 0, 0, 2, 0]","[11, 17, 19]"
"[9, 10, 11, 12, 13, 14, 18, 19, 20]",3423420,1868220,0.545717440,10379,19019,"[0, 1, 0, 2, 0, 1, 4, 0, 0]","[11, 13, 19]"
"[7, 8, 11, 13, 15, 16, 17, 19, 20]",77597520,42346320,0.545717440,10379,19019,"[0, 1, 0, 0, 0, 0, 0, 0, 2]","[7, 11, 13, 17, 19]"
"[9, 10, 12, 14, 15, 17, 18, 19, 20]",406980,222084,0.545687749,6169,11305,"[1, 2, 5, 0, 0, 0, 7, 0, 3]","[17, 19]"
"[8, 11, 12, 14, 15, 16, 17, 18, 19]",17907120,9768240,0.545494753,13567,24871,"[4, 0, 2, 1, 0, 0, 0, 1, 0]","[11, 17, 19]"
"[9, 11, 12, 13, 14, 15, 16, 18, 20]",720720,393120,0.545454545,6,11,"[1, 0, 5, 0, 0, 0, 0, 7, 3]","[11, 13]"
"[7, 10, 12, 13, 15, 17, 18, 19, 20]",5290740,2885364,0.545361140,80149,146965,"[0, 2, 1, 0, 3, 0, 5, 0, 0]","[7, 13, 17, 19]"
"[8, 11, 12, 13, 14, 16, 18, 19, 20]",13693680,7466400,0.545244229,10370,19019,"[1, 0, 3, 0, 0, 5, 0, 0, 0]","[11, 13, 19]"
"[9, 10, 12, 13, 14, 15, 16, 17, 19]",21162960,11538000,0.545197836,16025,29393,"[1, 1, 2, 0, 1, 0, 0, 0, 0]","[13, 17, 19]"
"[7, 10, 11, 13, 14, 15, 17, 18, 19]",29099070,15862590,0.545123607,176251,323323,"[1, 1, 0, 0, 0, 0, 0, 2, 0]","[11, 13, 17, 19]"
"[7, 9, 11, 13, 14, 15, 17, 19, 20]",58198140,31725180,0.545123607,176251,323323,"[0, 0, 0, 0, 1, 1, 0, 0, 0]","[11, 13, 17, 19]"
"[9, 10, 12, 13, 14, 16, 17, 18, 20]",1113840,607152,0.545098039,139,255,"[0, 2, 1, 0, 0, 3, 0, 3, 0]","[13, 17]"
"[9, 10, 11, 12, 13, 14, 16, 19, 20]",13693680,7464240,0.545086492,1481,2717,"[0, 2, 0, 1, 0, 0, 3, 0, 0]","[11, 13, 19]"
"[9, 10, 11, 13, 14, 15, 16, 18, 20]",720720,392760,0.544955045,1091,2002,"[1, 2, 0, 0, 1, 0, 0, 5, 6]","[11, 13]"
"[8, 10, 11, 13, 14, 15, 17, 18, 20]",6126120,3338280,0.544925663,843,1547,"[1, 2, 0, 0, 0, 0, 0, 2, 3]","[11, 13, 17]"
"[7, 11, 12, 13, 14, 15, 17, 18, 20]",3063060,1669140,0.544925663,843,1547,"[1, 0, 1, 0, 0, 0, 0, 5, 3]","[11, 13, 17]"
"[7, 11, 12, 13, 14, 15, 16, 17, 20]",4084080,2225520,0.544925663,843,1547,"[0, 0, 2, 0, 1, 0, 0, 0, 1]","[11, 13, 17]"
"[7, 10, 12, 13, 14, 16, 17, 19, 20]",7054320,3843696,0.544871228,80077,146965,"[0, 2, 1, 0, 1, 3, 0, 0, 0]","[13, 17, 19]"
"[8, 11, 12, 13, 14, 15, 16, 17, 19]",77597520,42277200,0.544826690,25165,46189,"[4, 0, 2, 0, 1, 0, 0, 0, 0]","[11, 13, 17, 19]"
"[8, 10, 11, 13, 15, 16, 17, 19, 20]",11085360,6039600,0.544826690,25165,46189,"[2, 1, 0, 0, 0, 0, 0, 0, 3]","[11, 13, 17, 19]"
"[9, 10, 11, 12, 14, 16, 17, 18, 19]",17907120,9753840,0.544690604,713,1309,"[0, 1, 0, 2, 1, 0, 0, 4, 0]","[11, 17, 19]"
"[8, 9, 11, 14, 15, 16, 17, 18, 19]",17907120,9753840,0.544690604,713,1309,"[2, 1, 0, 1, 0, 0, 0, 5, 0]","[11, 17, 19]"
"[7, 9, 13, 14, 15, 16, 17, 18, 20]",1113840,606576,0.544580909,12637,23205,"[0, 1, 0, 1, 0, 0, 0, 5, 2]","[13, 17]"
"[7, 10, 11, 12, 16, 17, 18, 19, 20]",17907120,9750960,0.544529774,13543,24871,"[0, 2, 0, 1, 3, 0, 3, 0, 0]","[7, 11, 17, 19]"
"[7, 9, 11, 13, 14, 16, 18, 19, 20]",13693680,7455600,0.544455544,545,1001,"[0, 0, 0, 0, 1, 2, 1, 0, 0]","[11, 13, 19]"
"[7, 9, 11, 13, 14, 16, 17, 18, 19]",46558512,25338672,0.544232857,175963,323323,"[0, 0, 0, 0, 1, 0, 0, 2, 0]","[11, 13, 17, 19]"
"[8, 9, 11, 13, 14, 15, 16, 17, 19]",232792560,126658800,0.544084399,175915,323323,"[2, 1, 0, 0, 1, 0, 0, 0, 0]","[11, 13, 17, 19]"
"[7, 10, 11, 12, 13, 17, 18, 19, 20]",58198140,31656060,0.543935940,175867,323323,"[0, 2, 0, 1, 0, 0, 3, 0, 0]","[7, 11, 13, 17, 19]"
"[7, 8, 11, 13, 15, 17, 18, 19, 20]",116396280,63312120,0.543935940,175867,323323,"[0, 0, 0, 0, 0, 0, 1, 0, 2]","[7, 11, 13, 17, 19]"
"[9, 10, 12, 13, 15, 16, 17, 19, 20]",3023280,1644336,0.543891403,601,1105,"[1, 1, 2, 0, 0, 0, 0, 0, 3]","[13, 17, 19]"
"[7, 10, 12, 14, 16, 17, 18, 19, 20]",1627920,884880,0.543564794,1229,2261,"[0, 2, 1, 2, 3, 0, 3, 0, 0]","[17, 19]"
"[7, 10, 11, 14, 15, 16, 17, 19, 20]",5969040,3244560,0.543564794,1229,2261,"[0, 1, 0, 2, 0, 0, 0, 0, 3]","[11, 17, 19]"
"[8, 11, 12, 13, 14, 16, 17, 18, 19]",46558512,25304112,0.543490565,175723,323323,"[1, 0, 3, 0, 0, 5, 0, 0, 0]","[11, 13, 17, 19]"
"[9, 10, 11, 12, 13, 14, 17, 18, 19]",58198140,31621500,0.543342107,175675,323323,"[0, 0, 0, 1, 0, 0, 0, 3, 0]","[11, 13, 17, 19]"
"[9, 10, 11, 12, 13, 14, 16, 17, 19]",232792560,126486000,0.543342107,175675,323323,"[0, 1, 0, 2, 0, 1, 0, 0, 0]","[11, 13, 17, 19]"
"[7, 10, 13, 14, 15, 16, 17, 18, 20]",1113840,605040,0.543201896,2521,4641,"[0, 2, 0, 1, 0, 0, 0, 1, 6]","[13, 17]"
"[7, 10, 11, 13, 14, 16, 18, 19, 20]",13693680,7438320,0.543193648,10331,19019,"[0, 2, 0, 0, 1, 2, 1, 0, 0]","[11, 13, 19]"
"[8, 12, 13, 14, 15, 16, 18, 19, 20]",1244880,675936,0.542972817,4694,8645,"[4, 1, 0, 1, 0, 0, 5, 0, 2]","[13, 19]"
"[8, 10, 11, 15, 16, 17, 18, 19, 20]",2558160,1388880,0.542921475,1929,3553,"[4, 1, 0, 0, 0, 0, 1, 0, 2]","[11, 17, 19]"
"[7, 9, 11, 14, 15, 16, 17, 19, 20]",17907120,9722160,0.542921475,1929,3553,"[0, 1, 0, 1, 0, 0, 0, 0, 2]","[11, 17, 19]"
"[7, 9, 11, 13, 15, 16, 18, 19, 20]",13693680,7434000,0.542878174,1475,2717,"[0, 1, 0, 0, 0, 0, 5, 0, 2]","[7, 11, 13, 19]"
"[8, 9, 11, 13, 14, 16, 17, 18, 19]",46558512,25269552,0.542748273,2279,4199,"[2, 0, 0, 0, 1, 0, 0, 1, 0]","[11, 13, 17, 19]"
"[8, 9, 10, 13, 14, 17, 18, 19, 20]",10581480,5743080,0.542748273,2279,4199,"[2, 0, 1, 0, 1, 0, 1, 0, 0]","[13, 17, 19]"
"[7, 11, 12, 14, 15, 16, 17, 18, 20]",942480,511440,0.542653425,2131,3927,"[0, 0, 1, 2, 0, 0, 0, 5, 3]","[11, 17]"
"[8, 10, 13, 14, 15, 16, 17, 19, 20]",7054320,3826416,0.542421665,79717,146965,"[4, 1, 0, 1, 0, 0, 0, 0, 2]","[13, 17, 19]"
"[7, 11, 12, 13, 14, 15, 16, 17, 19]",77597520,42069840,0.542154440,175291,323323,"[0, 0, 2, 0, 1, 0, 0, 0, 0]","[11, 13, 17, 19]"
"[8, 9, 11, 14, 15, 16, 17, 19, 20]",17907120,9707760,0.542117325,13483,24871,"[4, 1, 0, 1, 0, 0, 0, 0, 2]","[11, 17, 19]"
"[9, 10, 12, 13, 14, 16, 18, 19, 20]",1244880,674856,0.542105263,103,190,"[0, 2, 1, 0, 0, 3, 3, 0, 0]","[13, 19]"
"[7, 10, 11, 13, 15, 16, 17, 18, 20]",12252240,6642000,0.542104954,9225,17017,"[0, 1, 0, 0, 0, 0, 0, 2, 3]","[7, 11, 13, 17]"
"[7, 10, 11, 14, 15, 17, 18, 19, 20]",4476780,2426220,0.541956496,13479,24871,"[1, 1, 0, 0, 0, 0, 2, 0, 3]","[11, 17, 19]"
"[7, 9, 11, 14, 15, 17, 18, 19, 20]",4476780,2426220,0.541956496,13479,24871,"[0, 0, 0, 1, 1, 0, 2, 0, 0]","[11, 17, 19]"
"[8, 10, 11, 13, 14, 15, 18, 19, 20]",6846840,3710520,0.541931752,937,1729,"[1, 2, 0, 0, 0, 0, 2, 0, 3]","[11, 13, 19]"
"[7, 11, 12, 13, 14, 15, 18, 19, 20]",3423420,1855260,0.541931752,937,1729,"[1, 0, 1, 0, 0, 0, 5, 0, 3]","[11, 13, 19]"
"[7, 11, 12, 13, 14, 15, 16, 19, 20]",4564560,2473680,0.541931752,937,1729,"[0, 0, 2, 0, 1, 0, 0, 0, 1]","[11, 13, 19]"
"[9, 11, 12, 13, 14, 15, 16, 17, 18]",12252240,6638160,0.541791542,1627,3003,"[1, 0, 2, 0, 1, 0, 0, 0, 4]","[11, 13, 17]"
"[9, 10, 11, 12, 13, 16, 17, 18, 19]",33256080,18015120,0.541709065,25021,46189,"[0, 1, 0, 2, 0, 0, 0, 4, 0]","[11, 13, 17, 19]"
"[8, 9, 11, 13, 15, 16, 17, 18, 19]",33256080,18015120,0.541709065,25021,46189,"[2, 1, 0, 0, 0, 0, 0, 5, 0]","[11, 13, 17, 19]"
"[7, 10, 11, 13, 14, 16, 17, 19, 20]",25865840,14011760,0.541709065,25021,46189,"[0, 2, 0, 0, 1, 1, 0, 0, 0]","[11, 13, 17, 19]"
"[8, 11, 12, 14, 15, 16, 17, 19, 20]",5969040,3233040,0.541634836,709,1309,"[4, 0, 2, 1, 0, 0, 0, 0, 1]","[11, 17, 19]"
"[7, 9, 13, 14, 15, 16, 18, 19, 20]",1244880,674208,0.541584731,4682,8645,"[0, 1, 0, 1, 0, 0, 5, 0, 2]","[13, 19]"
"[7, 9, 11, 13, 14, 16, 17, 19, 20]",232792560,126071280,0.541560607,175099,323323,"[0, 0, 0, 0, 1, 2, 0, 0, 0]","[11, 13, 17, 19]"
"[7, 10, 12, 13, 14, 17, 18, 19, 20]",5290740,2864628,0.541441840,6121,11305,"[0, 1, 2, 0, 1, 0, 0, 0, 0]","[13, 17, 19]"
"[7, 9, 12, 13, 16, 17, 18, 19, 20]",21162960,11458512,0.541441840,6121,11305,"[0, 0, 1, 0, 2, 0, 3, 0, 0]","[7, 13, 17, 19]"
"[9, 10, 12, 14, 15, 16, 17, 19, 20]",1627920,881136,0.541264927,6119,11305,"[1, 1, 2, 1, 0, 0, 0, 0, 3]","[17, 19]"
"[8, 9, 11, 13, 14, 15, 17, 18, 19]",116396280,63001080,0.541263690,175003,323323,"[1, 1, 0, 0, 0, 0, 0, 2, 0]","[11, 13, 17, 19]"
"[7, 9, 11, 13, 15, 16, 17, 18, 19]",232792560,126002160,0.541263690,175003,323323,"[0, 1, 0, 0, 0, 0, 0, 5, 0]","[7, 11, 13, 17, 19]"
"[8, 11, 12, 13, 14, 15, 17, 18, 20]",6126120,3315240,0.541164718,9209,17017,"[1, 0, 2, 0, 0, 0, 0, 4, 3]","[11, 13, 17]"
"[8, 10, 11, 13, 15, 16, 17, 18, 19]",33256080,17980560,0.540669856,113,209,"[2, 1, 0, 0, 0, 0, 0, 1, 0]","[11, 13, 17, 19]"
"[8, 9, 11, 14, 16, 17, 18, 19, 20]",17907120,9681840,0.540669856,113,209,"[2, 0, 0, 1, 6, 0, 1, 0, 0]","[11, 17, 19]"
"[7, 9, 10, 13, 16, 17, 18, 19, 20]",21162960,11437776,0.540462015,11347,20995,"[0, 0, 2, 0, 1, 0, 1, 0, 0]","[7, 13, 17, 19]"
"[8, 10, 11, 13, 14, 15, 17, 19, 20]",38798760,20965800,0.540372940,174715,323323,"[1, 2, 0, 0, 0, 0, 0, 0, 3]","[11, 13, 17, 19]"
"[8, 9, 11, 13, 14, 16, 17, 19, 20]",232792560,125794800,0.540372940,174715,323323,"[2, 0, 0, 0, 1, 6, 0, 0, 0]","[11, 13, 17, 19]"
"[7, 11, 12, 13, 14, 15, 17, 18, 19]",58198140,31448700,0.540372940,174715,323323,"[1, 0, 1, 0, 0, 0, 0, 5, 0]","[11, 13, 17, 19]"
"[10, 11, 12, 13, 14, 15, 16, 18, 20]",720720,389400,0.540293040,295,546,"[1, 0, 2, 0, 1, 0, 0, 4, 3]","[11, 13]"
"[7, 10, 13, 14, 15, 16, 18, 19, 20]",1244880,672480,0.540196645,934,1729,"[0, 2, 0, 1, 0, 0, 1, 0, 6]","[13, 19]"
"[8, 10, 11, 14, 16, 17, 18, 19, 20]",17907120,9673200,0.540187367,13435,24871,"[2, 1, 0, 1, 6, 0, 1, 0, 0]","[11, 17, 19]"
"[9, 10, 12, 13, 14, 15, 17, 19, 20]",5290740,2857716,0.540135406,79381,146965,"[1, 1, 2, 0, 0, 0, 0, 0, 3]","[13, 17, 19]"
"[8, 11, 12, 13, 14, 16, 17, 19, 20]",77597520,41897040,0.539927565,174571,323323,"[1, 0, 3, 0, 0, 5, 0, 0, 0]","[11, 13, 17, 19]"
"[9, 10, 11, 13, 14, 15, 17, 18, 20]",3063060,1653780,0.539911069,27563,51051,"[1, 1, 0, 0, 0, 0, 0, 2, 3]","[11, 13, 17]"
"[8, 10, 11, 14, 15, 16, 17, 18, 19]",17907120,9664560,0.539704877,13423,24871,"[2, 1, 0, 1, 0, 0, 0, 1, 0]","[11, 17, 19]"
"[7, 10, 11, 14, 15, 16, 17, 18, 19]",17907120,9664560,0.539704877,13423,24871,"[0, 1, 0, 2, 0, 0, 0, 1, 0]","[11, 17, 19]"
"[7, 11, 12, 14, 15, 16, 18, 19, 20]",1053360,568440,0.539644566,1579,2926,"[0, 0, 1, 2, 0, 0, 5, 0, 3]","[11, 19]"
"[9, 10, 11, 12, 16, 17, 18, 19, 20]",2558160,1380240,0.539544047,1917,3553,"[0, 2, 0, 1, 3, 0, 3, 0, 0]","[11, 17, 19]"
"[8, 9, 11, 15, 16, 17, 18, 19, 20]",2558160,1380240,0.539544047,1917,3553,"[4, 1, 0, 0, 0, 0, 5, 0, 2]","[11, 17, 19]"
"[7, 8, 13, 15, 16, 17, 18, 19, 20]",21162960,11417040,0.539482190,15857,29393,"[0, 4, 0, 0, 0, 0, 1, 0, 2]","[7, 13, 17, 19]"
"[7, 11, 12, 13, 14, 16, 17, 18, 20]",12252240,6607440,0.539284245,1311,2431,"[0, 0, 1, 0, 2, 3, 0, 3, 0]","[11, 13, 17]"
"[7, 10, 11, 13, 15, 16, 18, 19, 20]",13693680,7382160,0.539092486,10253,19019,"[0, 1, 0, 0, 0, 0, 2, 0, 3]","[7, 11, 13, 19]"
"[8, 9, 11, 14, 15, 17, 18, 19, 20]",8953560,4826520,0.539061558,13407,24871,"[1, 1, 0, 0, 0, 0, 2, 0, 3]","[11, 17, 19]"
"[8, 9, 11, 13, 14, 15, 17, 19, 20]",116396280,62724600,0.538888356,174235,323323,"[1, 1, 0, 0, 0, 0, 0, 0, 3]","[11, 13, 17, 19]"
"[7, 9, 13, 14, 15, 16, 17, 18, 19]",21162960,11403216,0.538828973,79189,146965,"[0, 1, 0, 1, 0, 0, 0, 2, 0]","[13, 17, 19]"
"[8, 9, 14, 15, 16, 17, 18, 19, 20]",1627920,877104,0.538788147,6091,11305,"[4, 1, 1, 0, 0, 0, 5, 0, 2]","[17, 19]"
"[9, 11, 12, 13, 14, 15, 16, 18, 19]",13693680,7377840,0.538777012,10247,19019,"[1, 0, 2, 0, 1, 0, 0, 4, 0]","[11, 13, 19]"
"[9, 10, 11, 12, 13, 17, 18, 19, 20]",8314020,4477860,0.538591440,24877,46189,"[0, 2, 0, 1, 0, 0, 3, 0, 0]","[11, 13, 17, 19]"
"[9, 10, 11, 12, 13, 16, 17, 19, 20]",33256080,17911440,0.538591440,24877,46189,"[0, 2, 0, 1, 0, 3, 0, 0, 0]","[11, 13, 17, 19]"
"[8, 12, 13, 14, 15, 16, 17, 18, 19]",21162960,11396304,0.538502365,79141,146965,"[4, 2, 0, 1, 0, 0, 0, 1, 0]","[13, 17, 19]"
"[8, 11, 12, 15, 16, 17, 18, 19, 20]",2558160,1377360,0.538418238,1913,3553,"[4, 0, 1, 0, 0, 0, 5, 0, 2]","[11, 17, 19]"
"[8, 10, 14, 15, 16, 17, 18, 19, 20]",1627920,876240,0.538257408,1217,2261,"[4, 1, 1, 0, 0, 0, 1, 0, 2]","[17, 19]"
"[8, 11, 12, 13, 14, 15, 18, 19, 20]",6846840,3684600,0.538146064,10235,19019,"[1, 0, 2, 0, 0, 0, 4, 0, 3]","[11, 13, 19]"
"[8, 10, 11, 13, 14, 16, 17, 18, 19]",232792560,125276400,0.538146064,10235,19019,"[1, 0, 0, 0, 0, 3, 0, 0, 0]","[11, 13, 17, 19]"
"[7, 10, 11, 13, 14, 16, 17, 18, 19]",232792560,125276400,0.538146064,10235,19019,"[0, 0, 0, 0, 1, 1, 0, 0, 0]","[11, 13, 17, 19]"
"[7, 10, 11, 13, 14, 17, 18, 19, 20]",58198140,31310460,0.537997606,173947,323323,"[0, 2, 0, 0, 1, 0, 1, 0, 0]","[11, 13, 17, 19]"
"[7, 9, 11, 13, 14, 17, 18, 19, 20]",58198140,31310460,0.537997606,173947,323323,"[0, 0, 0, 0, 1, 0, 2, 0, 0]","[11, 13, 17, 19]"
"[7, 11, 12, 14, 15, 16, 17, 18, 19]",17907120,9630000,0.537774919,13375,24871,"[0, 0, 2, 1, 0, 0, 0, 4, 0]","[11, 17, 19]"
"[9, 10, 12, 13, 14, 16, 17, 18, 19]",21162960,11379024,0.537685844,4159,7735,"[0, 1, 2, 0, 1, 0, 0, 4, 0]","[13, 17, 19]"
"[8, 9, 13, 14, 15, 16, 17, 18, 19]",21162960,11379024,0.537685844,4159,7735,"[2, 1, 0, 1, 0, 0, 0, 5, 0]","[13, 17, 19]"
"[8, 10, 11, 13, 16, 17, 18, 19, 20]",33256080,17876880,0.537552231,24829,46189,"[2, 1, 0, 0, 6, 0, 1, 0, 0]","[11, 13, 17, 19]"
"[7, 10, 12, 13, 16, 17, 18, 19, 20]",21162960,11375568,0.537522539,78997,146965,"[0, 2, 1, 0, 3, 0, 3, 0, 0]","[7, 13, 17, 19]"
"[9, 11, 12, 13, 14, 15, 17, 18, 20]",3063060,1646100,0.537403773,9145,17017,"[1, 0, 5, 0, 0, 0, 0, 7, 3]","[11, 13, 17]"
"[9, 10, 11, 13, 14, 15, 16, 17, 20]",12252240,6580560,0.537090361,3917,7293,"[1, 1, 0, 0, 0, 0, 0, 0, 3]","[11, 13, 17]"
"[9, 10, 11, 13, 14, 15, 16, 17, 18]",12252240,6580560,0.537090361,3917,7293,"[1, 1, 0, 0, 0, 0, 0, 0, 5]","[11, 13, 17]"
"[9, 10, 11, 13, 14, 15, 18, 19, 20]",3423420,1837980,0.536884168,10211,19019,"[1, 1, 0, 0, 0, 0, 2, 0, 3]","[11, 13, 19]"
"[9, 10, 11, 12, 14, 17, 18, 19, 20]",4476780,2403180,0.536809939,13351,24871,"[0, 1, 0, 2, 1, 0, 4, 0, 0]","[11, 17, 19]"
"[8, 11, 12, 13, 14, 15, 17, 18, 19]",116396280,62482680,0.536809939,13351,24871,"[1, 0, 7, 0, 0, 0, 0, 2, 0]","[11, 13, 17, 19]"
"[7, 11, 12, 13, 14, 16, 17, 18, 19]",46558512,24993072,0.536809939,13351,24871,"[0, 0, 2, 0, 1, 0, 0, 0, 0]","[11, 13, 17, 19]"
"[7, 11, 12, 13, 14, 15, 17, 19, 20]",19399380,10413780,0.536809939,13351,24871,"[1, 0, 1, 0, 0, 0, 0, 0, 3]","[11, 13, 17, 19]"
"[7, 9, 11, 13, 15, 17, 18, 19, 20]",58198140,31241340,0.536809939,13351,24871,"[0, 0, 0, 0, 1, 0, 3, 0, 0]","[7, 11, 13, 17, 19]"
"[7, 10, 13, 14, 15, 16, 17, 19, 20]",7054320,3784944,0.536542714,78853,146965,"[0, 1, 0, 2, 0, 0, 0, 0, 3]","[13, 17, 19]"
"[9, 11, 12, 14, 15, 16, 17, 18, 20]",942480,505680,0.536541889,301,561,"[1, 0, 5, 0, 0, 0, 0, 7, 3]","[11, 17]"
"[8, 11, 12, 13, 15, 16, 17, 18, 19]",33256080,17842320,0.536513023,24781,46189,"[2, 0, 1, 0, 0, 0, 0, 5, 0]","[11, 13, 17, 19]"
"[8, 9, 11, 13, 15, 17, 18, 19, 20]",16628040,8921160,0.536513023,24781,46189,"[2, 0, 0, 0, 1, 0, 3, 0, 0]","[11, 13, 17, 19]"
"[8, 11, 12, 14, 16, 17, 18, 19, 20]",17907120,9604080,0.536327450,13339,24871,"[1, 0, 3, 0, 5, 0, 0, 0, 0]","[11, 17, 19]"
"[7, 11, 12, 13, 14, 16, 18, 19, 20]",13693680,7343280,0.536253220,1457,2717,"[0, 0, 1, 0, 2, 3, 3, 0, 0]","[11, 13, 19]"
"[9, 10, 11, 12, 14, 16, 17, 19, 20]",17907120,9601200,0.536166620,1905,3553,"[0, 2, 0, 1, 0, 3, 0, 0, 0]","[11, 17, 19]"
"[9, 10, 11, 14, 15, 16, 17, 18, 20]",942480,505200,0.536032595,2105,3927,"[1, 2, 0, 1, 0, 0, 0, 5, 6]","[11, 17]"
"[9, 11, 12, 13, 15, 16, 17, 18, 20]",1750320,938160,0.535993418,1303,2431,"[1, 0, 5, 0, 0, 0, 0, 7, 2]","[11, 13, 17]"
"[8, 10, 13, 15, 16, 17, 18, 19, 20]",3023280,1620144,0.535889497,11251,20995,"[4, 1, 0, 0, 0, 0, 1, 0, 2]","[13, 17, 19]"
"[7, 9, 13, 14, 15, 16, 17, 19, 20]",21162960,11341008,0.535889497,11251,20995,"[0, 1, 0, 1, 0, 0, 0, 0, 2]","[13, 17, 19]"
"[9, 10, 11, 12, 13, 14, 17, 19, 20]",58198140,31172220,0.535622272,10187,19019,"[0, 2, 0, 1, 0, 1, 0, 0, 0]","[11, 13, 17, 19]"
"[7, 12, 13, 14, 15, 16, 17, 18, 20]",1113840,596592,0.535617324,4143,7735,"[0, 1, 0, 2, 0, 0, 0, 5, 3]","[13, 17]"
"[7, 11, 12, 13, 15, 16, 17, 18, 20]",12252240,6561360,0.535523300,701,1309,"[0, 0, 1, 0, 0, 0, 0, 5, 2]","[7, 11, 13, 17]"
"[7, 9, 11, 14, 16, 17, 18, 19, 20]",17907120,9589680,0.535523300,701,1309,"[0, 0, 0, 1, 2, 0, 1, 0, 0]","[11, 17, 19]"
"[8, 9, 13, 14, 15, 16, 17, 19, 20]",21162960,11323728,0.535072977,6049,11305,"[4, 1, 0, 1, 0, 0, 0, 0, 2]","[13, 17, 19]"
"[7, 10, 11, 13, 15, 16, 17, 19, 20]",77597520,41516880,0.535028439,172987,323323,"[0, 1, 0, 0, 0, 0, 0, 0, 2]","[7, 11, 13, 17, 19]"
"[7, 10, 13, 14, 15, 17, 18, 19, 20]",5290740,2830068,0.534909672,78613,146965,"[1, 1, 0, 0, 0, 0, 2, 0, 3]","[13, 17, 19]"
"[7, 9, 13, 14, 15, 17, 18, 19, 20]",5290740,2830068,0.534909672,78613,146965,"[0, 0, 0, 1, 1, 0, 2, 0, 0]","[13, 17, 19]"
"[9, 10, 11, 13, 15, 16, 17, 18, 20]",1750320,936240,0.534896476,3901,7293,"[1, 1, 0, 0, 0, 0, 0, 2, 3]","[11, 13, 17]"
"[8, 12, 13, 14, 15, 16, 17, 19, 20]",7054320,3771120,0.534583064,827,1547,"[4, 2, 0, 1, 0, 0, 0, 0, 1]","[13, 17, 19]"
"[8, 10, 11, 13, 15, 17, 18, 19, 20]",16628040,8886600,0.534434606,24685,46189,"[0, 1, 0, 0, 0, 0, 1, 0, 2]","[11, 13, 17, 19]"
"[8, 10, 11, 13, 14, 15, 17, 18, 19]",116396280,62206200,0.534434606,24685,46189,"[0, 1, 0, 0, 0, 0, 0, 1, 0]","[11, 13, 17, 19]"
"[8, 9, 11, 13, 16, 17, 18, 19, 20]",33256080,17773200,0.534434606,24685,46189,"[2, 0, 0, 0, 6, 0, 1, 0, 0]","[11, 13, 17, 19]"
"[8, 9, 11, 13, 14, 17, 18, 19, 20]",116396280,62206200,0.534434606,24685,46189,"[2, 0, 0, 0, 1, 0, 1, 0, 0]","[11, 13, 17, 19]"
"[9, 11, 12, 13, 14, 15, 18, 19, 20]",3423420,1829340,0.534360376,10163,19019,"[1, 0, 5, 0, 0, 0, 7, 0, 3]","[11, 13, 19]"
"[7, 10, 11, 14, 16, 17, 18, 19, 20]",17907120,9566640,0.534236661,13287,24871,"[0, 2, 0, 1, 2, 0, 1, 0, 0]","[11, 17, 19]"
"[7, 10, 11, 13, 15, 16, 17, 18, 19]",232792560,124343280,0.534137689,172699,323323,"[0, 1, 0, 0, 0, 0, 0, 2, 0]","[7, 11, 13, 17, 19]"
"[7, 9, 11, 13, 15, 16, 17, 19, 20]",232792560,124343280,0.534137689,172699,323323,"[0, 1, 0, 0, 0, 0, 0, 0, 1]","[7, 11, 13, 17, 19]"
"[9, 10, 11, 13, 14, 15, 16, 19, 20]",13693680,7313040,0.534044902,1451,2717,"[1, 1, 0, 0, 0, 0, 0, 0, 3]","[11, 13, 19]"
"[9, 10, 11, 13, 14, 15, 16, 18, 19]",13693680,7313040,0.534044902,1451,2717,"[1, 1, 0, 0, 0, 0, 0, 5, 0]","[11, 13, 19]"
"[8, 12, 14, 15, 16, 17, 18, 19, 20]",1627920,869328,0.534011499,6037,11305,"[4, 1, 1, 0, 0, 0, 5, 0, 2]","[17, 19]"
"[7, 9, 11, 15, 16, 17, 18, 19, 20]",17907120,9560880,0.533915001,1897,3553,"[0, 1, 0, 0, 0, 0, 5, 0, 2]","[7, 11, 17, 19]"
"[8, 9, 13, 14, 16, 17, 18, 19, 20]",21162960,11292624,0.533603239,659,1235,"[2, 0, 0, 1, 6, 0, 1, 0, 0]","[13, 17, 19]"
"[9, 11, 12, 14, 15, 16, 18, 19, 20]",1053360,561960,0.533492823,223,418,"[1, 0, 5, 0, 0, 0, 7, 0, 3]","[11, 19]"
"[10, 11, 12, 13, 14, 15, 16, 17, 18]",12252240,6536400,0.533486122,2095,3927,"[1, 0, 2, 0, 1, 0, 0, 0, 4]","[11, 13, 17]"
"[9, 11, 12, 13, 14, 15, 16, 17, 20]",12252240,6536400,0.533486122,2095,3927,"[1, 0, 2, 0, 1, 0, 0, 0, 1]","[11, 13, 17]"
"[8, 11, 12, 13, 16, 17, 18, 19, 20]",33256080,17738640,0.533395397,24637,46189,"[2, 0, 1, 0, 6, 0, 3, 0, 0]","[11, 13, 17, 19]"
"[8, 9, 11, 13, 15, 16, 17, 19, 20]",33256080,17738640,0.533395397,24637,46189,"[1, 1, 0, 0, 0, 0, 0, 0, 2]","[11, 13, 17, 19]"
"[8, 11, 12, 13, 14, 15, 17, 19, 20]",38798760,20689320,0.533246939,172411,323323,"[1, 0, 7, 0, 0, 0, 0, 0, 2]","[11, 13, 17, 19]"
"[7, 10, 11, 13, 15, 17, 18, 19, 20]",58198140,31033980,0.533246939,172411,323323,"[0, 2, 0, 0, 1, 0, 3, 0, 0]","[7, 11, 13, 17, 19]"
"[9, 10, 12, 14, 16, 17, 18, 19, 20]",1627920,867888,0.533126935,861,1615,"[0, 2, 1, 0, 3, 0, 3, 0, 0]","[17, 19]"
"[8, 10, 13, 14, 16, 17, 18, 19, 20]",21162960,11282256,0.533113326,78349,146965,"[2, 1, 0, 1, 6, 0, 1, 0, 0]","[13, 17, 19]"
"[9, 10, 11, 14, 15, 16, 18, 19, 20]",1053360,561420,0.532980178,3119,5852,"[1, 2, 0, 1, 0, 0, 5, 0, 6]","[11, 19]"
"[8, 10, 11, 14, 15, 17, 18, 19, 20]",8953560,4771800,0.532950022,1205,2261,"[1, 2, 0, 0, 0, 0, 2, 0, 3]","[11, 17, 19]"
"[7, 11, 12, 14, 15, 17, 18, 19, 20]",4476780,2385900,0.532950022,1205,2261,"[1, 0, 1, 0, 0, 0, 5, 0, 3]","[11, 17, 19]"
"[7, 11, 12, 14, 15, 16, 17, 19, 20]",5969040,3181200,0.532950022,1205,2261,"[0, 0, 2, 1, 0, 0, 0, 0, 1]","[11, 17, 19]"
"[9, 11, 12, 13, 15, 16, 18, 19, 20]",1956240,1042560,0.532940743,1448,2717,"[1, 0, 5, 0, 0, 0, 7, 0, 2]","[11, 13, 19]"
"[9, 11, 12, 13, 14, 15, 17, 18, 19]",58198140,30999420,0.532653105,172219,323323,"[1, 0, 5, 0, 0, 0, 0, 7, 0]","[11, 13, 17, 19]"
"[8, 10, 13, 14, 15, 16, 17, 18, 19]",21162960,11271888,0.532623414,78277,146965,"[2, 1, 0, 1, 0, 0, 0, 1, 0]","[13, 17, 19]"
"[7, 10, 13, 14, 15, 16, 17, 18, 19]",21162960,11271888,0.532623414,78277,146965,"[0, 1, 0, 2, 0, 0, 0, 1, 0]","[13, 17, 19]"
"[7, 9, 14, 15, 16, 17, 18, 19, 20]",1627920,867024,0.532596196,6021,11305,"[0, 1, 1, 0, 0, 0, 5, 0, 2]","[17, 19]"
"[7, 12, 13, 14, 15, 16, 18, 19, 20]",1244880,662976,0.532562175,4604,8645,"[0, 1, 0, 2, 0, 0, 5, 0, 3]","[13, 19]"
"[7, 11, 12, 13, 15, 16, 18, 19, 20]",13693680,7291440,0.532467532,41,77,"[0, 0, 1, 0, 0, 0, 5, 0, 2]","[7, 11, 13, 19]"
"[9, 10, 12, 13, 16, 17, 18, 19, 20]",3023280,1609776,0.532460110,11179,20995,"[0, 2, 1, 0, 3, 0, 3, 0, 0]","[13, 17, 19]"
"[8, 9, 13, 15, 16, 17, 18, 19, 20]",3023280,1609776,0.532460110,11179,20995,"[4, 1, 0, 0, 0, 0, 5, 0, 2]","[13, 17, 19]"
"[8, 11, 12, 13, 15, 16, 17, 19, 20]",11085360,5901360,0.532356189,24589,46189,"[1, 0, 2, 0, 0, 0, 0, 0, 3]","[11, 13, 17, 19]"
"[7, 11, 12, 13, 14, 16, 17, 19, 20]",77597520,41309520,0.532356189,24589,46189,"[0, 0, 1, 0, 2, 3, 0, 0, 0]","[11, 13, 17, 19]"
"[8, 9, 13, 14, 15, 17, 18, 19, 20]",10581480,5629032,0.531970197,78181,146965,"[1, 1, 0, 0, 0, 0, 2, 0, 3]","[13, 17, 19]"
"[9, 10, 11, 13, 15, 16, 18, 19, 20]",1956240,1040400,0.531836584,1445,2717,"[1, 1, 0, 0, 0, 0, 2, 0, 3]","[11, 13, 19]"
"[10, 11, 12, 13, 15, 16, 17, 18, 20]",1750320,930480,0.531605649,3877,7293,"[1, 0, 2, 0, 0, 0, 0, 4, 3]","[11, 13, 17]"
"[8, 12, 13, 15, 16, 17, 18, 19, 20]",3023280,1606320,0.531316980,2231,4199,"[4, 1, 0, 0, 0, 0, 5, 0, 2]","[13, 17, 19]"
"[10, 11, 12, 14, 15, 16, 17, 18, 20]",942480,500720,0.531279178,569,1071,"[1, 0, 2, 1, 0, 0, 0, 4, 3]","[11, 17]"
"[7, 10, 14, 15, 16, 17, 18, 19, 20]",1627920,864720,0.531180893,1201,2261,"[0, 2, 1, 0, 0, 0, 1, 0, 6]","[17, 19]"
"[9, 10, 11, 13, 14, 15, 17, 18, 19]",29099070,15447870,0.530871605,171643,323323,"[1, 1, 0, 0, 0, 0, 0, 2, 0]","[11, 13, 17, 19]"
"[8, 11, 13, 14, 15, 16, 17, 18, 20]",12252240,6503760,0.530822119,9033,17017,"[4, 0, 0, 1, 0, 0, 0, 1, 2]","[11, 13, 17]"
"[7, 12, 13, 14, 15, 16, 17, 18, 19]",21162960,11230416,0.530663763,77989,146965,"[0, 2, 0, 1, 0, 0, 0, 4, 0]","[13, 17, 19]"
"[10, 11, 12, 13, 14, 15, 16, 18, 19]",13693680,7263360,0.530416951,776,1463,"[1, 0, 2, 0, 1, 0, 0, 4, 0]","[11, 13, 19]"
"[9, 11, 12, 13, 14, 15, 16, 19, 20]",13693680,7263360,0.530416951,776,1463,"[1, 0, 2, 0, 1, 0, 0, 0, 1]","[11, 13, 19]"
"[8, 11, 12, 13, 15, 17, 18, 19, 20]",16628040,8817480,0.530277772,24493,46189,"[0, 0, 1, 0, 0, 0, 5, 0, 2]","[11, 13, 17, 19]"
"[7, 10, 11, 15, 16, 17, 18, 19, 20]",17907120,9491760,0.530055084,13183,24871,"[0, 1, 0, 0, 0, 0, 2, 0, 3]","[7, 11, 17, 19]"
"[10, 11, 12, 13, 14, 15, 16, 17, 20]",4084080,2164080,0.529881883,9017,17017,"[1, 0, 2, 0, 0, 0, 0, 0, 3]","[11, 13, 17]"
"[9, 11, 12, 14, 15, 16, 17, 18, 19]",17907120,9486000,0.529733424,775,1463,"[1, 0, 2, 1, 0, 0, 0, 4, 0]","[11, 17, 19]"
"[9, 10, 12, 13, 14, 17, 18, 19, 20]",5290740,2802420,0.529683938,15569,29393,"[0, 1, 2, 0, 1, 0, 4, 0, 0]","[13, 17, 19]"
"[7, 11, 12, 13, 14, 17, 18, 19, 20]",58198140,30826620,0.529683938,15569,29393,"[0, 0, 2, 0, 1, 0, 0, 0, 0]","[11, 13, 17, 19]"
"[7, 9, 11, 13, 16, 17, 18, 19, 20]",232792560,123306480,0.529683938,15569,29393,"[0, 0, 0, 0, 2, 0, 1, 0, 0]","[7, 11, 13, 17, 19]"
"[9, 11, 12, 13, 14, 15, 16, 17, 19]",232792560,123271920,0.529535480,171211,323323,"[1, 0, 2, 0, 1, 0, 0, 0, 0]","[11, 13, 17, 19]"
"[9, 12, 13, 14, 15, 16, 17, 18, 20]",1113840,589680,0.529411765,9,17,"[1, 5, 0, 0, 0, 0, 0, 7, 3]","[13, 17]"
"[8, 12, 13, 14, 16, 17, 18, 19, 20]",21162960,11199312,0.529194026,77773,146965,"[1, 3, 0, 0, 5, 0, 0, 0, 0]","[13, 17, 19]"
"[8, 11, 12, 14, 15, 17, 18, 19, 20]",8953560,4737240,0.529090105,13159,24871,"[1, 0, 2, 0, 0, 0, 4, 0, 3]","[11, 17, 19]"
"[9, 10, 12, 13, 14, 16, 17, 19, 20]",21162960,11195856,0.529030722,11107,20995,"[0, 2, 1, 0, 0, 3, 0, 0, 0]","[13, 17, 19]"
"[9, 10, 13, 14, 15, 16, 17, 18, 20]",1113840,589104,0.528894635,4091,7735,"[1, 2, 0, 1, 0, 0, 0, 5, 6]","[13, 17]"
"[8, 10, 11, 13, 14, 17, 18, 19, 20]",116396280,61549560,0.528793188,170971,323323,"[2, 1, 0, 0, 1, 0, 1, 0, 0]","[11, 13, 17, 19]"
"[10, 11, 12, 13, 15, 16, 18, 19, 20]",1956240,1033920,0.528524107,1436,2717,"[1, 0, 2, 0, 0, 0, 4, 0, 3]","[11, 13, 19]"
"[9, 10, 11, 13, 14, 15, 17, 19, 20]",58198140,30757500,0.528496272,170875,323323,"[1, 1, 0, 0, 0, 0, 0, 0, 3]","[11, 13, 17, 19]"
"[7, 9, 13, 14, 16, 17, 18, 19, 20]",21162960,11182032,0.528377505,4087,7735,"[0, 0, 0, 1, 2, 0, 1, 0, 0]","[13, 17, 19]"
"[9, 10, 11, 13, 14, 15, 16, 17, 19]",232792560,122960880,0.528199355,24397,46189,"[1, 1, 0, 0, 0, 0, 0, 0, 0]","[11, 13, 17, 19]"
"[10, 11, 12, 14, 15, 16, 18, 19, 20]",1053360,556380,0.528195489,281,532,"[1, 0, 2, 1, 0, 0, 4, 0, 3]","[11, 19]"
"[10, 11, 12, 13, 14, 15, 17, 18, 20]",3063060,1617300,0.528001410,8985,17017,"[1, 0, 2, 0, 0, 0, 0, 4, 3]","[11, 13, 17]"
"[7, 11, 12, 13, 15, 16, 17, 18, 19]",232792560,122891760,0.527902438,170683,323323,"[0, 0, 1, 0, 0, 0, 0, 5, 0]","[7, 11, 13, 17, 19]"
"[9, 10, 11, 14, 15, 17, 18, 19, 20]",4476780,2362860,0.527803466,13127,24871,"[1, 1, 0, 0, 0, 0, 2, 0, 3]","[11, 17, 19]"
"[8, 11, 13, 14, 15, 16, 18, 19, 20]",13693680,7226640,0.527735422,10037,19019,"[4, 0, 0, 1, 0, 0, 1, 0, 2]","[11, 13, 19]"
"[9, 11, 12, 13, 15, 16, 17, 18, 19]",33256080,17531280,0.527160146,1873,3553,"[1, 0, 2, 0, 0, 0, 0, 5, 0]","[11, 13, 17, 19]"
"[7, 11, 12, 14, 16, 17, 18, 19, 20]",17907120,9439920,0.527160146,1873,3553,"[0, 0, 1, 2, 3, 0, 3, 0, 0]","[11, 17, 19]"
"[7, 10, 13, 14, 16, 17, 18, 19, 20]",21162960,11154384,0.527071071,77461,146965,"[0, 2, 0, 1, 2, 0, 1, 0, 0]","[13, 17, 19]"
"[10, 11, 12, 13, 14, 15, 16, 19, 20]",4564560,2404560,0.526789000,10019,19019,"[1, 0, 2, 0, 0, 0, 0, 0, 3]","[11, 13, 19]"
"[7, 9, 13, 15, 16, 17, 18, 19, 20]",21162960,11147472,0.526744463,11059,20995,"[0, 1, 0, 0, 0, 0, 5, 0, 2]","[7, 13, 17, 19]"
"[9, 12, 13, 14, 15, 16, 18, 19, 20]",1244880,655200,0.526315789,10,19,"[1, 5, 0, 0, 0, 0, 7, 0, 3]","[13, 19]"
"[9, 11, 12, 13, 14, 16, 17, 18, 20]",12252240,6448080,0.526277644,26867,51051,"[0, 0, 1, 0, 0, 3, 0, 3, 0]","[11, 13, 17]"
"[9, 10, 11, 13, 15, 17, 18, 19, 20]",8314020,4374180,0.526120938,1279,2431,"[0, 2, 0, 0, 1, 0, 3, 0, 0]","[11, 13, 17, 19]"
"[9, 10, 11, 13, 15, 16, 17, 18, 19]",33256080,17496720,0.526120938,1279,2431,"[1, 1, 0, 0, 0, 0, 0, 2, 0]","[11, 13, 17, 19]"
"[9, 10, 11, 13, 14, 16, 17, 18, 20]",12252240,6446160,0.526120938,1279,2431,"[0, 2, 0, 0, 1, 2, 0, 1, 0]","[11, 13, 17]"
"[7, 10, 11, 13, 16, 17, 18, 19, 20]",232792560,122477040,0.526120938,1279,2431,"[0, 2, 0, 0, 1, 0, 1, 0, 0]","[7, 11, 13, 17, 19]"
"[9, 10, 13, 14, 15, 16, 18, 19, 20]",1244880,654552,0.525795257,9091,17290,"[1, 2, 0, 1, 0, 0, 5, 0, 6]","[13, 19]"
"[8, 10, 13, 14, 15, 17, 18, 19, 20]",10581480,5563368,0.525764638,77269,146965,"[1, 2, 0, 0, 0, 0, 2, 0, 3]","[13, 17, 19]"
"[7, 12, 13, 14, 15, 17, 18, 19, 20]",5290740,2781684,0.525764638,77269,146965,"[1, 1, 0, 0, 0, 0, 5, 0, 3]","[13, 17, 19]"
"[7, 12, 13, 14, 15, 16, 17, 19, 20]",7054320,3708912,0.525764638,77269,146965,"[0, 2, 0, 1, 0, 0, 0, 0, 1]","[13, 17, 19]"
"[7, 11, 13, 14, 15, 16, 17, 18, 20]",12252240,6438480,0.525494114,26827,51051,"[0, 0, 0, 1, 0, 0, 0, 1, 2]","[11, 13, 17]"
"[9, 11, 12, 14, 15, 17, 18, 19, 20]",4476780,2351340,0.525230188,13063,24871,"[1, 0, 5, 0, 0, 0, 7, 0, 3]","[11, 17, 19]"
"[8, 11, 12, 13, 14, 17, 18, 19, 20]",116396280,61134840,0.525230188,13063,24871,"[1, 0, 3, 0, 0, 0, 0, 0, 0]","[11, 13, 17, 19]"
"[9, 10, 11, 14, 15, 16, 17, 19, 20]",17907120,9399600,0.524908528,1865,3553,"[1, 1, 0, 0, 0, 0, 0, 0, 3]","[11, 17, 19]"
"[9, 10, 11, 14, 15, 16, 17, 18, 19]",17907120,9399600,0.524908528,1865,3553,"[1, 1, 0, 0, 0, 0, 0, 5, 0]","[11, 17, 19]"
"[10, 11, 12, 13, 14, 15, 18, 19, 20]",3423420,1796940,0.524896156,9983,19019,"[1, 0, 2, 0, 0, 0, 4, 0, 3]","[11, 13, 19]"
"[9, 11, 12, 13, 14, 15, 17, 19, 20]",58198140,30515580,0.524339438,169531,323323,"[1, 0, 5, 0, 0, 0, 0, 0, 3]","[11, 13, 17, 19]"
"[7, 11, 12, 13, 15, 16, 17, 19, 20]",77597520,40687440,0.524339438,169531,323323,"[0, 0, 1, 0, 0, 0, 0, 0, 2]","[7, 11, 13, 17, 19]"
"[10, 12, 13, 14, 15, 16, 17, 18, 20]",1113840,583728,0.524068089,12161,23205,"[1, 2, 0, 1, 0, 0, 0, 4, 3]","[13, 17]"
"[9, 11, 12, 15, 16, 17, 18, 19, 20]",2558160,1339920,0.523782719,1861,3553,"[1, 0, 5, 0, 0, 0, 7, 0, 2]","[11, 17, 19]"
"[7, 12, 14, 15, 16, 17, 18, 19, 20]",1627920,852048,0.523396727,5917,11305,"[0, 1, 2, 0, 0, 0, 5, 0, 3]","[17, 19]"
"[7, 11, 12, 15, 16, 17, 18, 19, 20]",17907120,9370800,0.523300229,685,1309,"[0, 0, 1, 0, 0, 0, 5, 0, 2]","[7, 11, 17, 19]"
"[9, 11, 12, 13, 14, 16, 18, 19, 20]",13693680,7164000,0.523161049,9950,19019,"[0, 0, 1, 0, 0, 3, 3, 0, 0]","[11, 13, 19]"
"[9, 10, 11, 13, 15, 16, 17, 19, 20]",33256080,17393040,0.523003312,1421,2717,"[1, 1, 0, 0, 0, 0, 0, 0, 2]","[11, 13, 17, 19]"
"[9, 10, 11, 13, 14, 16, 18, 19, 20]",13693680,7161840,0.523003312,1421,2717,"[0, 2, 0, 0, 1, 2, 1, 0, 0]","[11, 13, 19]"
"[7, 10, 13, 15, 16, 17, 18, 19, 20]",21162960,11064528,0.522825162,76837,146965,"[0, 1, 0, 0, 0, 0, 2, 0, 3]","[7, 13, 17, 19]"
"[9, 11, 12, 13, 14, 16, 17, 18, 19]",46558512,24336432,0.522706396,169003,323323,"[0, 0, 2, 0, 1, 0, 0, 4, 0]","[11, 13, 17, 19]"
"[9, 10, 11, 15, 16, 17, 18, 19, 20]",2558160,1337040,0.522656910,1857,3553,"[1, 1, 0, 0, 0, 0, 2, 0, 3]","[11, 17, 19]"
"[7, 11, 12, 13, 15, 17, 18, 19, 20]",58198140,30411900,0.522557937,168955,323323,"[0, 0, 1, 0, 2, 0, 3, 0, 0]","[7, 11, 13, 17, 19]"
"[9, 12, 13, 14, 15, 16, 17, 18, 19]",21162960,11057616,0.522498554,4517,8645,"[1, 2, 0, 1, 0, 0, 0, 4, 0]","[13, 17, 19]"
"[7, 11, 13, 14, 15, 16, 18, 19, 20]",13693680,7153200,0.522372364,9935,19019,"[0, 0, 0, 1, 0, 0, 1, 0, 2]","[11, 13, 19]"
"[9, 11, 12, 13, 15, 17, 18, 19, 20]",8314020,4339620,0.521964104,24109,46189,"[0, 0, 1, 0, 2, 0, 3, 0, 0]","[11, 13, 17, 19]"
"[8, 12, 13, 14, 15, 17, 18, 19, 20]",10581480,5521896,0.521845337,76693,146965,"[1, 2, 0, 0, 0, 0, 4, 0, 3]","[13, 17, 19]"
"[10, 11, 12, 13, 14, 16, 17, 18, 20]",12252240,6392400,0.521733169,3805,7293,"[2, 0, 1, 0, 0, 3, 0, 3, 0]","[11, 13, 17]"
"[10, 11, 12, 13, 14, 15, 16, 17, 19]",77597520,40480080,0.521667187,168667,323323,"[1, 0, 2, 0, 1, 0, 0, 0, 0]","[11, 13, 17, 19]"
"[10, 11, 12, 14, 15, 16, 17, 18, 19]",17907120,9333360,0.521209441,12963,24871,"[1, 0, 2, 1, 0, 0, 0, 4, 0]","[11, 17, 19]"
"[9, 11, 12, 14, 15, 16, 17, 19, 20]",17907120,9333360,0.521209441,12963,24871,"[1, 0, 2, 1, 0, 0, 0, 0, 1]","[11, 17, 19]"
"[10, 12, 13, 14, 15, 16, 18, 19, 20]",1244880,648504,0.520936958,9007,17290,"[1, 2, 0, 1, 0, 0, 4, 0, 3]","[13, 19]"
"[7, 11, 13, 14, 15, 16, 17, 19, 20]",77597520,40410960,0.520776437,168379,323323,"[0, 0, 0, 1, 0, 0, 0, 0, 2]","[11, 13, 17, 19]"
"[9, 10, 13, 14, 15, 17, 18, 19, 20]",5290740,2754036,0.520538904,76501,146965,"[1, 1, 0, 0, 0, 0, 2, 0, 3]","[13, 17, 19]"
"[10, 11, 12, 13, 15, 16, 17, 19, 20]",11085360,5763120,0.519885687,2183,4199,"[1, 0, 2, 0, 0, 0, 0, 0, 3]","[11, 13, 17, 19]"
"[8, 11, 13, 14, 15, 16, 17, 19, 20]",77597520,40341840,0.519885687,2183,4199,"[4, 0, 0, 1, 0, 0, 0, 0, 2]","[11, 13, 17, 19]"
"[7, 12, 13, 14, 16, 17, 18, 19, 20]",21162960,11002320,0.519885687,2183,4199,"[0, 1, 0, 2, 3, 0, 3, 0, 0]","[13, 17, 19]"
"[7, 11, 13, 14, 15, 16, 17, 18, 19]",232792560,121025520,0.519885687,2183,4199,"[0, 0, 0, 1, 0, 0, 0, 2, 0]","[11, 13, 17, 19]"
"[7, 11, 12, 13, 16, 17, 18, 19, 20]",232792560,121025520,0.519885687,2183,4199,"[0, 0, 1, 0, 2, 0, 3, 0, 0]","[7, 11, 13, 17, 19]"
"[10, 11, 12, 13, 14, 15, 17, 18, 19]",58198140,30239100,0.519588770,167995,323323,"[2, 0, 1, 0, 0, 0, 0, 5, 0]","[11, 13, 17, 19]"
"[10, 11, 12, 15, 16, 17, 18, 19, 20]",2558160,1328400,0.519279482,1845,3553,"[1, 0, 2, 0, 0, 0, 4, 0, 3]","[11, 17, 19]"
"[10, 11, 12, 13, 15, 16, 17, 18, 19]",33256080,17254800,0.518846479,23965,46189,"[1, 0, 2, 0, 0, 0, 0, 4, 0]","[11, 13, 17, 19]"
"[9, 11, 12, 13, 15, 16, 17, 19, 20]",33256080,17254800,0.518846479,23965,46189,"[1, 0, 2, 0, 0, 0, 0, 0, 1]","[11, 13, 17, 19]"
"[10, 11, 12, 13, 14, 16, 18, 19, 20]",13693680,7101360,0.518586676,1409,2717,"[2, 0, 1, 0, 0, 3, 3, 0, 0]","[11, 13, 19]"
"[8, 11, 13, 14, 16, 17, 18, 19, 20]",232792560,120714480,0.518549562,167659,323323,"[2, 0, 0, 1, 6, 0, 1, 0, 0]","[11, 13, 17, 19]"
"[8, 11, 14, 15, 16, 17, 18, 19, 20]",17907120,9284400,0.518475333,12895,24871,"[4, 0, 1, 0, 0, 0, 1, 0, 2]","[11, 17, 19]"
"[8, 11, 13, 14, 15, 16, 17, 18, 19]",232792560,120610800,0.518104187,167515,323323,"[2, 0, 0, 1, 0, 0, 0, 1, 0]","[11, 13, 17, 19]"
"[9, 12, 13, 14, 15, 17, 18, 19, 20]",5290740,2740212,0.517926037,76117,146965,"[1, 5, 0, 0, 0, 0, 7, 0, 3]","[13, 17, 19]"
"[10, 11, 12, 13, 15, 17, 18, 19, 20]",8314020,4305060,0.517807270,23917,46189,"[2, 0, 1, 0, 3, 0, 5, 0, 0]","[11, 13, 17, 19]"
"[9, 10, 11, 13, 14, 17, 18, 19, 20]",58198140,30135420,0.517807270,23917,46189,"[0, 2, 0, 0, 1, 0, 1, 0, 0]","[11, 13, 17, 19]"
"[9, 10, 11, 13, 14, 16, 17, 19, 20]",232792560,120541680,0.517807270,23917,46189,"[0, 2, 0, 0, 1, 1, 0, 0, 0]","[11, 13, 17, 19]"
"[9, 10, 11, 13, 14, 16, 17, 18, 19]",232792560,120541680,0.517807270,23917,46189,"[0, 0, 0, 0, 1, 0, 0, 1, 0]","[11, 13, 17, 19]"
"[9, 10, 13, 14, 15, 16, 17, 19, 20]",21162960,10953936,0.517599428,10867,20995,"[1, 1, 0, 0, 0, 0, 0, 0, 3]","[13, 17, 19]"
"[9, 10, 13, 14, 15, 16, 17, 18, 19]",21162960,10953936,0.517599428,10867,20995,"[1, 1, 0, 0, 0, 0, 0, 5, 0]","[13, 17, 19]"
"[10, 11, 12, 14, 15, 16, 17, 19, 20]",5969040,3089040,0.517510353,12871,24871,"[1, 0, 2, 0, 0, 0, 0, 0, 3]","[11, 17, 19]"
"[10, 11, 12, 13, 14, 15, 17, 19, 20]",19399380,10033620,0.517213437,167227,323323,"[1, 0, 2, 0, 0, 0, 0, 0, 3]","[11, 13, 17, 19]"
"[9, 12, 14, 15, 16, 17, 18, 19, 20]",1627920,841680,0.517027864,167,323,"[1, 5, 0, 0, 0, 0, 7, 0, 3]","[17, 19]"
"[9, 10, 14, 15, 16, 17, 18, 19, 20]",1627920,840816,0.516497125,5839,11305,"[1, 2, 1, 0, 0, 0, 5, 0, 6]","[17, 19]"
"[9, 12, 13, 15, 16, 17, 18, 19, 20]",3023280,1561392,0.516456299,10843,20995,"[1, 5, 0, 0, 0, 0, 7, 0, 2]","[13, 17, 19]"
"[7, 12, 13, 15, 16, 17, 18, 19, 20]",21162960,10919376,0.515966387,307,595,"[0, 1, 0, 0, 0, 0, 5, 0, 2]","[7, 13, 17, 19]"
"[10, 11, 12, 14, 15, 17, 18, 19, 20]",4476780,2308140,0.515580395,12823,24871,"[1, 0, 2, 0, 0, 0, 4, 0, 3]","[11, 17, 19]"
"[9, 11, 12, 13, 14, 17, 18, 19, 20]",58198140,29997180,0.515431936,9803,19019,"[0, 0, 2, 0, 1, 0, 4, 0, 0]","[11, 13, 17, 19]"
"[7, 11, 13, 14, 15, 17, 18, 19, 20]",58198140,29997180,0.515431936,9803,19019,"[1, 0, 0, 0, 0, 0, 1, 0, 1]","[11, 13, 17, 19]"
"[9, 10, 13, 15, 16, 17, 18, 19, 20]",3023280,1557936,0.515313170,10819,20995,"[1, 1, 0, 0, 0, 0, 2, 0, 3]","[13, 17, 19]"
"[10, 11, 12, 13, 14, 16, 17, 18, 19]",232792560,119850480,0.514838103,8761,17017,"[1, 0, 2, 0, 1, 0, 0, 0, 0]","[11, 13, 17, 19]"
"[9, 11, 12, 13, 14, 16, 17, 19, 20]",232792560,119850480,0.514838103,8761,17017,"[0, 0, 1, 0, 0, 3, 0, 0, 0]","[11, 13, 17, 19]"
"[7, 11, 13, 14, 16, 17, 18, 19, 20]",232792560,119643120,0.513947353,166171,323323,"[0, 0, 0, 1, 2, 0, 1, 0, 0]","[11, 13, 17, 19]"
"[10, 12, 13, 14, 15, 16, 17, 18, 19]",21162960,10874448,0.513843432,5809,11305,"[1, 2, 0, 1, 0, 0, 0, 4, 0]","[13, 17, 19]"
"[9, 12, 13, 14, 15, 16, 17, 19, 20]",21162960,10874448,0.513843432,5809,11305,"[1, 2, 0, 1, 0, 0, 0, 0, 1]","[13, 17, 19]"
"[9, 11, 12, 14, 16, 17, 18, 19, 20]",17907120,9200880,0.513811266,12779,24871,"[0, 0, 1, 0, 3, 0, 3, 0, 0]","[11, 17, 19]"
"[9, 11, 12, 13, 16, 17, 18, 19, 20]",33256080,17082000,0.513650436,1825,3553,"[0, 0, 1, 0, 2, 0, 3, 0, 0]","[11, 13, 17, 19]"
"[9, 10, 11, 14, 16, 17, 18, 19, 20]",17907120,9198000,0.513650436,1825,3553,"[0, 2, 0, 1, 2, 0, 1, 0, 0]","[11, 17, 19]"
"[7, 11, 14, 15, 16, 17, 18, 19, 20]",17907120,9186480,0.513007117,12759,24871,"[0, 0, 1, 0, 0, 0, 1, 0, 2]","[11, 17, 19]"
"[9, 10, 11, 13, 16, 17, 18, 19, 20]",33256080,17047440,0.512611228,23677,46189,"[0, 2, 0, 0, 1, 0, 1, 0, 0]","[11, 13, 17, 19]"
"[10, 12, 13, 15, 16, 17, 18, 19, 20]",3023280,1547568,0.511883782,10747,20995,"[1, 2, 0, 0, 0, 0, 4, 0, 3]","[13, 17, 19]"
"[8, 11, 13, 14, 15, 17, 18, 19, 20]",116396280,59579640,0.511868936,165499,323323,"[1, 0, 0, 0, 0, 0, 2, 0, 3]","[11, 13, 17, 19]"
"[8, 11, 13, 15, 16, 17, 18, 19, 20]",33256080,17012880,0.511572019,23629,46189,"[4, 0, 0, 0, 0, 0, 1, 0, 2]","[11, 13, 17, 19]"
"[10, 12, 14, 15, 16, 17, 18, 19, 20]",1627920,832752,0.511543565,5783,11305,"[1, 2, 1, 0, 0, 0, 4, 0, 3]","[17, 19]"
"[8, 13, 14, 15, 16, 17, 18, 19, 20]",21162960,10815696,0.511067261,75109,146965,"[4, 0, 1, 0, 0, 0, 1, 0, 2]","[13, 17, 19]"
"[10, 11, 12, 13, 14, 16, 17, 19, 20]",77597520,39650640,0.510978186,165211,323323,"[2, 0, 1, 0, 1, 3, 0, 0, 0]","[11, 13, 17, 19]"
"[9, 11, 13, 14, 15, 16, 17, 18, 20]",12252240,6252240,0.510293628,26051,51051,"[1, 0, 0, 1, 0, 0, 0, 5, 2]","[11, 13, 17]"
"[10, 12, 13, 14, 15, 16, 17, 19, 20]",7054320,3598320,0.510087436,14993,29393,"[1, 2, 0, 0, 0, 0, 0, 0, 3]","[13, 17, 19]"
"[10, 11, 12, 13, 16, 17, 18, 19, 20]",33256080,16943760,0.509493602,23533,46189,"[2, 0, 1, 0, 3, 0, 3, 0, 0]","[11, 13, 17, 19]"
"[10, 11, 12, 14, 16, 17, 18, 19, 20]",17907120,9117360,0.509147200,1809,3553,"[2, 0, 1, 0, 3, 0, 3, 0, 0]","[11, 17, 19]"
"[10, 12, 13, 14, 15, 17, 18, 19, 20]",5290740,2688372,0.508127786,74677,146965,"[1, 2, 0, 0, 0, 0, 4, 0, 3]","[13, 17, 19]"
"[10, 11, 13, 14, 15, 16, 17, 18, 20]",12252240,6221520,0.507786331,8641,17017,"[2, 0, 0, 1, 0, 0, 0, 1, 6]","[11, 13, 17]"
"[9, 11, 13, 14, 15, 16, 18, 19, 20]",13693680,6943680,0.507071875,9644,19019,"[1, 0, 0, 1, 0, 0, 5, 0, 2]","[11, 13, 19]"
"[10, 11, 12, 13, 14, 17, 18, 19, 20]",58198140,29478780,0.506524435,163771,323323,"[1, 0, 2, 0, 1, 0, 0, 0, 0]","[11, 13, 17, 19]"
"[7, 11, 13, 15, 16, 17, 18, 19, 20]",232792560,117915120,0.506524435,163771,323323,"[0, 0, 0, 0, 0, 0, 1, 0, 2]","[7, 11, 13, 17, 19]"
"[9, 12, 13, 14, 16, 17, 18, 19, 20]",21162960,10715472,0.506331439,74413,146965,"[0, 1, 0, 0, 3, 0, 3, 0, 0]","[13, 17, 19]"
"[9, 10, 13, 14, 16, 17, 18, 19, 20]",21162960,10712016,0.506168135,10627,20995,"[0, 2, 0, 1, 2, 0, 1, 0, 0]","[13, 17, 19]"
"[7, 13, 14, 15, 16, 17, 18, 19, 20]",21162960,10698192,0.505514919,74293,146965,"[0, 0, 1, 0, 0, 0, 1, 0, 2]","[13, 17, 19]"
"[10, 11, 13, 14, 15, 16, 18, 19, 20]",13693680,6909120,0.504548083,9596,19019,"[2, 0, 0, 1, 0, 0, 1, 0, 6]","[11, 13, 19]"
"[9, 11, 13, 14, 15, 16, 17, 18, 19]",232792560,117223920,0.503555268,779,1547,"[1, 0, 0, 1, 0, 0, 0, 2, 0]","[11, 13, 17, 19]"
"[10, 12, 13, 14, 16, 17, 18, 19, 20]",21162960,10615248,0.501595618,10531,20995,"[2, 1, 0, 0, 3, 0, 3, 0, 0]","[13, 17, 19]"
"[10, 11, 13, 14, 15, 16, 17, 19, 20]",77597520,38890320,0.501179935,23149,46189,"[1, 0, 0, 0, 0, 0, 0, 0, 3]","[11, 13, 17, 19]"
"[9, 11, 13, 14, 15, 16, 17, 19, 20]",232792560,116498160,0.500437643,161803,323323,"[1, 0, 0, 1, 0, 0, 0, 0, 2]","[11, 13, 17, 19]"
"[11, 12, 13, 14, 15, 16, 17, 18, 20]",12252240,6123600,0.499794323,1215,2431,"[0, 1, 0, 0, 0, 0, 0, 5, 3]","[11, 13, 17]"
"[10, 11, 13, 14, 15, 17, 18, 19, 20]",58198140,29064060,0.499398434,161467,323323,"[1, 0, 0, 0, 0, 0, 2, 0, 3]","[11, 13, 17, 19]"
"[9, 11, 13, 14, 15, 17, 18, 19, 20]",58198140,29064060,0.499398434,161467,323323,"[1, 0, 0, 0, 0, 0, 5, 0, 1]","[11, 13, 17, 19]"
"[9, 11, 13, 15, 16, 17, 18, 19, 20]",33256080,16563600,0.498062309,23005,46189,"[1, 0, 0, 0, 0, 0, 5, 0, 2]","[11, 13, 17, 19]"
"[9, 11, 14, 15, 16, 17, 18, 19, 20]",17907120,8907120,0.497406618,12371,24871,"[1, 0, 1, 0, 0, 0, 5, 0, 2]","[11, 17, 19]"
"[10, 11, 13, 14, 15, 16, 17, 18, 19]",232792560,115703280,0.497023101,2087,4199,"[1, 0, 0, 0, 0, 0, 0, 1, 0]","[11, 13, 17, 19]"
"[11, 12, 13, 14, 15, 16, 18, 19, 20]",13693680,6798960,0.496503497,71,143,"[0, 1, 0, 0, 0, 0, 5, 0, 3]","[11, 13, 19]"
"[10, 11, 14, 15, 16, 17, 18, 19, 20]",17907120,8861040,0.494833340,12307,24871,"[2, 0, 1, 0, 0, 0, 1, 0, 6]","[11, 17, 19]"
"[11, 12, 13, 14, 15, 16, 17, 18, 19]",232792560,114977520,0.493905475,22813,46189,"[0, 2, 0, 1, 0, 0, 0, 4, 0]","[11, 13, 17, 19]"
"[10, 11, 13, 15, 16, 17, 18, 19, 20]",33256080,16425360,0.493905475,22813,46189,"[1, 0, 0, 0, 0, 0, 2, 0, 3]","[11, 13, 17, 19]"
"[9, 11, 13, 14, 16, 17, 18, 19, 20]",232792560,114735600,0.492866267,22765,46189,"[0, 0, 0, 1, 2, 0, 1, 0, 0]","[11, 13, 17, 19]"
"[10, 11, 13, 14, 16, 17, 18, 19, 20]",232792560,114182640,0.490490933,1109,2261,"[2, 0, 0, 1, 2, 0, 1, 0, 0]","[11, 13, 17, 19]"
"[9, 13, 14, 15, 16, 17, 18, 19, 20]",21162960,10362960,0.489674412,14393,29393,"[1, 0, 1, 0, 0, 0, 5, 0, 2]","[13, 17, 19]"
"[11, 12, 13, 14, 15, 16, 17, 19, 20]",77597520,37991760,0.489600183,158299,323323,"[0, 2, 0, 1, 0, 0, 0, 0, 1]","[11, 13, 17, 19]"
"[11, 12, 13, 14, 15, 17, 18, 19, 20]",58198140,28441980,0.488709433,22573,46189,"[0, 1, 0, 0, 0, 0, 5, 0, 3]","[11, 13, 17, 19]"
"[10, 13, 14, 15, 16, 17, 18, 19, 20]",21162960,10307664,0.487061545,71581,146965,"[2, 0, 1, 0, 0, 0, 1, 0, 6]","[13, 17, 19]"
"[11, 12, 14, 15, 16, 17, 18, 19, 20]",17907120,8714160,0.486631016,91,187,"[0, 1, 0, 0, 0, 0, 5, 0, 3]","[11, 17, 19]"
"[11, 12, 13, 15, 16, 17, 18, 19, 20]",33256080,16183440,0.486631016,91,187,"[0, 1, 0, 0, 0, 0, 5, 0, 2]","[11, 13, 17, 19]"
"[11, 12, 13, 14, 16, 17, 18, 19, 20]",232792560,112385520,0.482771099,12007,24871,"[0, 1, 0, 0, 3, 0, 3, 0, 0]","[11, 13, 17, 19]"
"[12, 13, 14, 15, 16, 17, 18, 19, 20]",21162960,10131408,0.478733032,529,1105,"[1, 0, 0, 0, 0, 0, 5, 0, 3]","[13, 17, 19]"
"[11, 13, 14, 15, 16, 17, 18, 19, 20]",232792560,108998640,0.468222180,151387,323323,"[0, 0, 1, 0, 0, 0, 1, 0, 2]","[11, 13, 17, 19]"
