lambda_idx,lambda,alpha_idx,alpha,z_alpha,chi
0,12,0,12,12,1
0,12,1,11+1,11,1
0,12,2,10+2,20,1
0,12,3,10+1+1,20,1
0,12,4,9+3,27,1
0,12,5,9+2+1,18,1
0,12,6,9+1+1+1,54,1
0,12,7,8+4,32,1
0,12,8,8+3+1,24,1
0,12,9,8+2+2,64,1
0,12,10,8+2+1+1,32,1
0,12,11,8+1+1+1+1,192,1
0,12,12,7+5,35,1
0,12,13,7+4+1,28,1
0,12,14,7+3+2,42,1
0,12,15,7+3+1+1,42,1
0,12,16,7+2+2+1,56,1
0,12,17,7+2+1+1+1,84,1
0,12,18,7+1+1+1+1+1,840,1
0,12,19,6+6,72,1
0,12,20,6+5+1,30,1
0,12,21,6+4+2,48,1
0,12,22,6+4+1+1,48,1
0,12,23,6+3+3,108,1
0,12,24,6+3+2+1,36,1
0,12,25,6+3+1+1+1,108,1
0,12,26,6+2+2+2,288,1
0,12,27,6+2+2+1+1,96,1
0,12,28,6+2+1+1+1+1,288,1
0,12,29,6+1+1+1+1+1+1,4320,1
0,12,30,5+5+2,100,1
0,12,31,5+5+1+1,100,1
0,12,32,5+4+3,60,1
0,12,33,5+4+2+1,40,1
0,12,34,5+4+1+1+1,120,1
0,12,35,5+3+3+1,90,1
0,12,36,5+3+2+2,120,1
0,12,37,5+3+2+1+1,60,1
0,12,38,5+3+1+1+1+1,360,1
0,12,39,5+2+2+2+1,240,1
0,12,40,5+2+2+1+1+1,240,1
0,12,41,5+2+1+1+1+1+1,1200,1
0,12,42,5+1+1+1+1+1+1+1,25200,1
0,12,43,4+4+4,384,1
0,12,44,4+4+3+1,96,1
0,12,45,4+4+2+2,256,1
0,12,46,4+4+2+1+1,128,1
0,12,47,4+4+1+1+1+1,768,1
0,12,48,4+3+3+2,144,1
0,12,49,4+3+3+1+1,144,1
0,12,50,4+3+2+2+1,96,1
0,12,51,4+3+2+1+1+1,144,1
0,12,52,4+3+1+1+1+1+1,1440,1
0,12,53,4+2+2+2+2,1536,1
0,12,54,4+2+2+2+1+1,384,1
0,12,55,4+2+2+1+1+1+1,768,1
0,12,56,4+2+1+1+1+1+1+1,5760,1
0,12,57,4+1+1+1+1+1+1+1+1,161280,1
0,12,58,3+3+3+3,1944,1
0,12,59,3+3+3+2+1,324,1
0,12,60,3+3+3+1+1+1,972,1
0,12,61,3+3+2+2+2,864,1
0,12,62,3+3+2+2+1+1,288,1
0,12,63,3+3+2+1+1+1+1,864,1
0,12,64,3+3+1+1+1+1+1+1,12960,1
0,12,65,3+2+2+2+2+1,1152,1
0,12,66,3+2+2+2+1+1+1,864,1
0,12,67,3+2+2+1+1+1+1+1,2880,1
0,12,68,3+2+1+1+1+1+1+1+1,30240,1
0,12,69,3+1+1+1+1+1+1+1+1+1,1088640,1
0,12,70,2+2+2+2+2+2,46080,1
0,12,71,2+2+2+2+2+1+1,7680,1
0,12,72,2+2+2+2+1+1+1+1,9216,1
0,12,73,2+2+2+1+1+1+1+1+1,34560,1
0,12,74,2+2+1+1+1+1+1+1+1+1,322560,1
0,12,75,2+1+1+1+1+1+1+1+1+1+1,7257600,1
0,12,76,1+1+1+1+1+1+1+1+1+1+1+1,479001600,1
1,11+1,0,12,12,-1
1,11+1,1,11+1,11,0
1,11+1,2,10+2,20,-1
1,11+1,3,10+1+1,20,1
1,11+1,4,9+3,27,-1
1,11+1,5,9+2+1,18,0
1,11+1,6,9+1+1+1,54,2
1,11+1,7,8+4,32,-1
1,11+1,8,8+3+1,24,0
1,11+1,9,8+2+2,64,-1
1,11+1,10,8+2+1+1,32,1
1,11+1,11,8+1+1+1+1,192,3
1,11+1,12,7+5,35,-1
1,11+1,13,7+4+1,28,0
1,11+1,14,7+3+2,42,-1
1,11+1,15,7+3+1+1,42,1
1,11+1,16,7+2+2+1,56,0
1,11+1,17,7+2+1+1+1,84,2
1,11+1,18,7+1+1+1+1+1,840,4
1,11+1,19,6+6,72,-1
1,11+1,20,6+5+1,30,0
1,11+1,21,6+4+2,48,-1
1,11+1,22,6+4+1+1,48,1
1,11+1,23,6+3+3,108,-1
1,11+1,24,6+3+2+1,36,0
1,11+1,25,6+3+1+1+1,108,2
1,11+1,26,6+2+2+2,288,-1
1,11+1,27,6+2+2+1+1,96,1
1,11+1,28,6+2+1+1+1+1,288,3
1,11+1,29,6+1+1+1+1+1+1,4320,5
1,11+1,30,5+5+2,100,-1
1,11+1,31,5+5+1+1,100,1
1,11+1,32,5+4+3,60,-1
1,11+1,33,5+4+2+1,40,0
1,11+1,34,5+4+1+1+1,120,2
1,11+1,35,5+3+3+1,90,0
1,11+1,36,5+3+2+2,120,-1
1,11+1,37,5+3+2+1+1,60,1
1,11+1,38,5+3+1+1+1+1,360,3
1,11+1,39,5+2+2+2+1,240,0
1,11+1,40,5+2+2+1+1+1,240,2
1,11+1,41,5+2+1+1+1+1+1,1200,4
1,11+1,42,5+1+1+1+1+1+1+1,25200,6
1,11+1,43,4+4+4,384,-1
1,11+1,44,4+4+3+1,96,0
1,11+1,45,4+4+2+2,256,-1
1,11+1,46,4+4+2+1+1,128,1
1,11+1,47,4+4+1+1+1+1,768,3
1,11+1,48,4+3+3+2,144,-1
1,11+1,49,4+3+3+1+1,144,1
1,11+1,50,4+3+2+2+1,96,0
1,11+1,51,4+3+2+1+1+1,144,2
1,11+1,52,4+3+1+1+1+1+1,1440,4
1,11+1,53,4+2+2+2+2,1536,-1
1,11+1,54,4+2+2+2+1+1,384,1
1,11+1,55,4+2+2+1+1+1+1,768,3
1,11+1,56,4+2+1+1+1+1+1+1,5760,5
1,11+1,57,4+1+1+1+1+1+1+1+1,161280,7
1,11+1,58,3+3+3+3,1944,-1
1,11+1,59,3+3+3+2+1,324,0
1,11+1,60,3+3+3+1+1+1,972,2
1,11+1,61,3+3+2+2+2,864,-1
1,11+1,62,3+3+2+2+1+1,288,1
1,11+1,63,3+3+2+1+1+1+1,864,3
1,11+1,64,3+3+1+1+1+1+1+1,12960,5
1,11+1,65,3+2+2+2+2+1,1152,0
1,11+1,66,3+2+2+2+1+1+1,864,2
1,11+1,67,3+2+2+1+1+1+1+1,2880,4
1,11+1,68,3+2+1+1+1+1+1+1+1,30240,6
1,11+1,69,3+1+1+1+1+1+1+1+1+1,1088640,8
1,11+1,70,2+2+2+2+2+2,46080,-1
1,11+1,71,2+2+2+2+2+1+1,7680,1
1,11+1,72,2+2+2+2+1+1+1+1,9216,3
1,11+1,73,2+2+2+1+1+1+1+1+1,34560,5
1,11+1,74,2+2+1+1+1+1+1+1+1+1,322560,7
1,11+1,75,2+1+1+1+1+1+1+1+1+1+1,7257600,9
1,11+1,76,1+1+1+1+1+1+1+1+1+1+1+1,479001600,11
2,10+2,0,12,12,0
2,10+2,1,11+1,11,-1
2,10+2,2,10+2,20,1
2,10+2,3,10+1+1,20,-1
2,10+2,4,9+3,27,0
2,10+2,5,9+2+1,18,0
2,10+2,6,9+1+1+1,54,0
2,10+2,7,8+4,32,0
2,10+2,8,8+3+1,24,-1
2,10+2,9,8+2+2,64,2
2,10+2,10,8+2+1+1,32,0
2,10+2,11,8+1+1+1+1,192,2
2,10+2,12,7+5,35,0
2,10+2,13,7+4+1,28,-1
2,10+2,14,7+3+2,42,1
2,10+2,15,7+3+1+1,42,-1
2,10+2,16,7+2+2+1,56,1
2,10+2,17,7+2+1+1+1,84,1
2,10+2,18,7+1+1+1+1+1,840,5
2,10+2,19,6+6,72,0
2,10+2,20,6+5+1,30,-1
2,10+2,21,6+4+2,48,1
2,10+2,22,6+4+1+1,48,-1
2,10+2,23,6+3+3,108,0
2,10+2,24,6+3+2+1,36,0
2,10+2,25,6+3+1+1+1,108,0
2,10+2,26,6+2+2+2,288,3
2,10+2,27,6+2+2+1+1,96,1
2,10+2,28,6+2+1+1+1+1,288,3
2,10+2,29,6+1+1+1+1+1+1,4320,9
2,10+2,30,5+5+2,100,1
2,10+2,31,5+5+1+1,100,-1
2,10+2,32,5+4+3,60,0
2,10+2,33,5+4+2+1,40,0
2,10+2,34,5+4+1+1+1,120,0
2,10+2,35,5+3+3+1,90,-1
2,10+2,36,5+3+2+2,120,2
2,10+2,37,5+3+2+1+1,60,0
2,10+2,38,5+3+1+1+1+1,360,2
2,10+2,39,5+2+2+2+1,240,2
2,10+2,40,5+2+2+1+1+1,240,2
2,10+2,41,5+2+1+1+1+1+1,1200,6
2,10+2,42,5+1+1+1+1+1+1+1,25200,14
2,10+2,43,4+4+4,384,0
2,10+2,44,4+4+3+1,96,-1
2,10+2,45,4+4+2+2,256,2
2,10+2,46,4+4+2+1+1,128,0
2,10+2,47,4+4+1+1+1+1,768,2
2,10+2,48,4+3+3+2,144,1
2,10+2,49,4+3+3+1+1,144,-1
2,10+2,50,4+3+2+2+1,96,1
2,10+2,51,4+3+2+1+1+1,144,1
2,10+2,52,4+3+1+1+1+1+1,1440,5
2,10+2,53,4+2+2+2+2,1536,4
2,10+2,54,4+2+2+2+1+1,384,2
2,10+2,55,4+2+2+1+1+1+1,768,4
2,10+2,56,4+2+1+1+1+1+1+1,5760,10
2,10+2,57,4+1+1+1+1+1+1+1+1,161280,20
2,10+2,58,3+3+3+3,1944,0
2,10+2,59,3+3+3+2+1,324,0
2,10+2,60,3+3+3+1+1+1,972,0
2,10+2,61,3+3+2+2+2,864,3
2,10+2,62,3+3+2+2+1+1,288,1
2,10+2,63,3+3+2+1+1+1+1,864,3
2,10+2,64,3+3+1+1+1+1+1+1,12960,9
2,10+2,65,3+2+2+2+2+1,1152,3
2,10+2,66,3+2+2+2+1+1+1,864,3
2,10+2,67,3+2+2+1+1+1+1+1,2880,7
2,10+2,68,3+2+1+1+1+1+1+1+1,30240,15
2,10+2,69,3+1+1+1+1+1+1+1+1+1,1088640,27
2,10+2,70,2+2+2+2+2+2,46080,6
2,10+2,71,2+2+2+2+2+1+1,7680,4
2,10+2,72,2+2+2+2+1+1+1+1,9216,6
2,10+2,73,2+2+2+1+1+1+1+1+1,34560,12
2,10+2,74,2+2+1+1+1+1+1+1+1+1,322560,22
2,10+2,75,2+1+1+1+1+1+1+1+1+1+1,7257600,36
2,10+2,76,1+1+1+1+1+1+1+1+1+1+1+1,479001600,54
3,10+1+1,0,12,12,1
3,10+1+1,1,11+1,11,0
3,10+1+1,2,10+2,20,0
3,10+1+1,3,10+1+1,20,0
3,10+1+1,4,9+3,27,1
3,10+1+1,5,9+2+1,18,-1
3,10+1+1,6,9+1+1+1,54,1
3,10+1+1,7,8+4,32,1
3,10+1+1,8,8+3+1,24,0
3,10+1+1,9,8+2+2,64,-1
3,10+1+1,10,8+2+1+1,32,-1
3,10+1+1,11,8+1+1+1+1,192,3
3,10+1+1,12,7+5,35,1
3,10+1+1,13,7+4+1,28,0
3,10+1+1,14,7+3+2,42,0
3,10+1+1,15,7+3+1+1,42,0
3,10+1+1,16,7+2+2+1,56,-2
3,10+1+1,17,7+2+1+1+1,84,0
3,10+1+1,18,7+1+1+1+1+1,840,6
3,10+1+1,19,6+6,72,1
3,10+1+1,20,6+5+1,30,0
3,10+1+1,21,6+4+2,48,0
3,10+1+1,22,6+4+1+1,48,0
3,10+1+1,23,6+3+3,108,1
3,10+1+1,24,6+3+2+1,36,-1
3,10+1+1,25,6+3+1+1+1,108,1
3,10+1+1,26,6+2+2+2,288,-2
3,10+1+1,27,6+2+2+1+1,96,-2
3,10+1+1,28,6+2+1+1+1+1,288,2
3,10+1+1,29,6+1+1+1+1+1+1,4320,10
3,10+1+1,30,5+5+2,100,0
3,10+1+1,31,5+5+1+1,100,0
3,10+1+1,32,5+4+3,60,1
3,10+1+1,33,5+4+2+1,40,-1
3,10+1+1,34,5+4+1+1+1,120,1
3,10+1+1,35,5+3+3+1,90,0
3,10+1+1,36,5+3+2+2,120,-1
3,10+1+1,37,5+3+2+1+1,60,-1
3,10+1+1,38,5+3+1+1+1+1,360,3
3,10+1+1,39,5+2+2+2+1,240,-3
3,10+1+1,40,5+2+2+1+1+1,240,-1
3,10+1+1,41,5+2+1+1+1+1+1,1200,5
3,10+1+1,42,5+1+1+1+1+1+1+1,25200,15
3,10+1+1,43,4+4+4,384,1
3,10+1+1,44,4+4+3+1,96,0
3,10+1+1,45,4+4+2+2,256,-1
3,10+1+1,46,4+4+2+1+1,128,-1
3,10+1+1,47,4+4+1+1+1+1,768,3
3,10+1+1,48,4+3+3+2,144,0
3,10+1+1,49,4+3+3+1+1,144,0
3,10+1+1,50,4+3+2+2+1,96,-2
3,10+1+1,51,4+3+2+1+1+1,144,0
3,10+1+1,52,4+3+1+1+1+1+1,1440,6
3,10+1+1,53,4+2+2+2+2,1536,-3
3,10+1+1,54,4+2+2+2+1+1,384,-3
3,10+1+1,55,4+2+2+1+1+1+1,768,1
3,10+1+1,56,4+2+1+1+1+1+1+1,5760,9
3,10+1+1,57,4+1+1+1+1+1+1+1+1,161280,21
3,10+1+1,58,3+3+3+3,1944,1
3,10+1+1,59,3+3+3+2+1,324,-1
3,10+1+1,60,3+3+3+1+1+1,972,1
3,10+1+1,61,3+3+2+2+2,864,-2
3,10+1+1,62,3+3+2+2+1+1,288,-2
3,10+1+1,63,3+3+2+1+1+1+1,864,2
3,10+1+1,64,3+3+1+1+1+1+1+1,12960,10
3,10+1+1,65,3+2+2+2+2+1,1152,-4
3,10+1+1,66,3+2+2+2+1+1+1,864,-2
3,10+1+1,67,3+2+2+1+1+1+1+1,2880,4
3,10+1+1,68,3+2+1+1+1+1+1+1+1,30240,14
3,10+1+1,69,3+1+1+1+1+1+1+1+1+1,1088640,28
3,10+1+1,70,2+2+2+2+2+2,46080,-5
3,10+1+1,71,2+2+2+2+2+1+1,7680,-5
3,10+1+1,72,2+2+2+2+1+1+1+1,9216,-1
3,10+1+1,73,2+2+2+1+1+1+1+1+1,34560,7
3,10+1+1,74,2+2+1+1+1+1+1+1+1+1,322560,19
3,10+1+1,75,2+1+1+1+1+1+1+1+1+1+1,7257600,35
3,10+1+1,76,1+1+1+1+1+1+1+1+1+1+1+1,479001600,55
4,9+3,0,12,12,0
4,9+3,1,11+1,11,0
4,9+3,2,10+2,20,-1
4,9+3,3,10+1+1,20,-1
4,9+3,4,9+3,27,1
4,9+3,5,9+2+1,18,0
4,9+3,6,9+1+1+1,54,-2
4,9+3,7,8+4,32,0
4,9+3,8,8+3+1,24,1
4,9+3,9,8+2+2,64,-2
4,9+3,10,8+2+1+1,32,0
4,9+3,11,8+1+1+1+1,192,-2
4,9+3,12,7+5,35,0
4,9+3,13,7+4+1,28,0
4,9+3,14,7+3+2,42,0
4,9+3,15,7+3+1+1,42,0
4,9+3,16,7+2+2+1,56,0
4,9+3,17,7+2+1+1+1,84,0
4,9+3,18,7+1+1+1+1+1,840,0
4,9+3,19,6+6,72,0
4,9+3,20,6+5+1,30,0
4,9+3,21,6+4+2,48,-1
4,9+3,22,6+4+1+1,48,-1
4,9+3,23,6+3+3,108,2
4,9+3,24,6+3+2+1,36,1
4,9+3,25,6+3+1+1+1,108,-1
4,9+3,26,6+2+2+2,288,-3
4,9+3,27,6+2+2+1+1,96,1
4,9+3,28,6+2+1+1+1+1,288,1
4,9+3,29,6+1+1+1+1+1+1,4320,5
4,9+3,30,5+5+2,100,-1
4,9+3,31,5+5+1+1,100,-1
4,9+3,32,5+4+3,60,1
4,9+3,33,5+4+2+1,40,0
4,9+3,34,5+4+1+1+1,120,-2
4,9+3,35,5+3+3+1,90,2
4,9+3,36,5+3+2+2,120,-1
4,9+3,37,5+3+2+1+1,60,1
4,9+3,38,5+3+1+1+1+1,360,-1
4,9+3,39,5+2+2+2+1,240,0
4,9+3,40,5+2+2+1+1+1,240,2
4,9+3,41,5+2+1+1+1+1+1,1200,4
4,9+3,42,5+1+1+1+1+1+1+1,25200,14
4,9+3,43,4+4+4,384,0
4,9+3,44,4+4+3+1,96,1
4,9+3,45,4+4+2+2,256,-2
4,9+3,46,4+4+2+1+1,128,0
4,9+3,47,4+4+1+1+1+1,768,-2
4,9+3,48,4+3+3+2,144,1
4,9+3,49,4+3+3+1+1,144,1
4,9+3,50,4+3+2+2+1,96,1
4,9+3,51,4+3+2+1+1+1,144,1
4,9+3,52,4+3+1+1+1+1+1,1440,1
4,9+3,53,4+2+2+2+2,1536,-4
4,9+3,54,4+2+2+2+1+1,384,2
4,9+3,55,4+2+2+1+1+1+1,768,4
4,9+3,56,4+2+1+1+1+1+1+1,5760,10
4,9+3,57,4+1+1+1+1+1+1+1+1,161280,28
4,9+3,58,3+3+3+3,1944,4
4,9+3,59,3+3+3+2+1,324,3
4,9+3,60,3+3+3+1+1+1,972,1
4,9+3,61,3+3+2+2+2,864,-1
4,9+3,62,3+3+2+2+1+1,288,3
4,9+3,63,3+3+2+1+1+1+1,864,3
4,9+3,64,3+3+1+1+1+1+1+1,12960,7
4,9+3,65,3+2+2+2+2+1,1152,1
4,9+3,66,3+2+2+2+1+1+1,864,5
4,9+3,67,3+2+2+1+1+1+1+1,2880,9
4,9+3,68,3+2+1+1+1+1+1+1+1,30240,21
4,9+3,69,3+1+1+1+1+1+1+1+1+1,1088640,49
4,9+3,70,2+2+2+2+2+2,46080,-6
4,9+3,71,2+2+2+2+2+1+1,7680,4
4,9+3,72,2+2+2+2+1+1+1+1,9216,10
4,9+3,73,2+2+2+1+1+1+1+1+1,34560,20
4,9+3,74,2+2+1+1+1+1+1+1+1+1,322560,42
4,9+3,75,2+1+1+1+1+1+1+1+1+1+1,7257600,84
4,9+3,76,1+1+1+1+1+1+1+1+1+1+1+1,479001600,154
5,9+2+1,0,12,12,0
5,9+2+1,1,11+1,11,1
5,9+2+1,2,10+2,20,0
5,9+2+1,3,10+1+1,20,0
5,9+2+1,4,9+3,27,-1
5,9+2+1,5,9+2+1,18,1
5,9+2+1,6,9+1+1+1,54,-1
5,9+2+1,7,8+4,32,0
5,9+2+1,8,8+3+1,24,0
5,9+2+1,9,8+2+2,64,0
5,9+2+1,10,8+2+1+1,32,0
5,9+2+1,11,8+1+1+1+1,192,0
5,9+2+1,12,7+5,35,0
5,9+2+1,13,7+4+1,28,1
5,9+2+1,14,7+3+2,42,-1
5,9+2+1,15,7+3+1+1,42,-1
5,9+2+1,16,7+2+2+1,56,1
5,9+2+1,17,7+2+1+1+1,84,-1
5,9+2+1,18,7+1+1+1+1+1,840,5
5,9+2+1,19,6+6,72,0
5,9+2+1,20,6+5+1,30,1
5,9+2+1,21,6+4+2,48,0
5,9+2+1,22,6+4+1+1,48,0
5,9+2+1,23,6+3+3,108,-2
5,9+2+1,24,6+3+2+1,36,0
5,9+2+1,25,6+3+1+1+1,108,-2
5,9+2+1,26,6+2+2+2,288,0
5,9+2+1,27,6+2+2+1+1,96,0
5,9+2+1,28,6+2+1+1+1+1,288,0
5,9+2+1,29,6+1+1+1+1+1+1,4320,16
5,9+2+1,30,5+5+2,100,0
5,9+2+1,31,5+5+1+1,100,0
5,9+2+1,32,5+4+3,60,-1
5,9+2+1,33,5+4+2+1,40,1
5,9+2+1,34,5+4+1+1+1,120,-1
5,9+2+1,35,5+3+3+1,90,-1
5,9+2+1,36,5+3+2+2,120,-1
5,9+2+1,37,5+3+2+1+1,60,-1
5,9+2+1,38,5+3+1+1+1+1,360,-1
5,9+2+1,39,5+2+2+2+1,240,1
5,9+2+1,40,5+2+2+1+1+1,240,-1
5,9+2+1,41,5+2+1+1+1+1+1,1200,5
5,9+2+1,42,5+1+1+1+1+1+1+1,25200,35
5,9+2+1,43,4+4+4,384,0
5,9+2+1,44,4+4+3+1,96,0
5,9+2+1,45,4+4+2+2,256,0
5,9+2+1,46,4+4+2+1+1,128,0
5,9+2+1,47,4+4+1+1+1+1,768,0
5,9+2+1,48,4+3+3+2,144,-2
5,9+2+1,49,4+3+3+1+1,144,-2
5,9+2+1,50,4+3+2+2+1,96,0
5,9+2+1,51,4+3+2+1+1+1,144,-2
5,9+2+1,52,4+3+1+1+1+1+1,1440,4
5,9+2+1,53,4+2+2+2+2,1536,0
5,9+2+1,54,4+2+2+2+1+1,384,0
5,9+2+1,55,4+2+2+1+1+1+1,768,0
5,9+2+1,56,4+2+1+1+1+1+1+1,5760,16
5,9+2+1,57,4+1+1+1+1+1+1+1+1,161280,64
5,9+2+1,58,3+3+3+3,1944,-4
5,9+2+1,59,3+3+3+2+1,324,-2
5,9+2+1,60,3+3+3+1+1+1,972,-4
5,9+2+1,61,3+3+2+2+2,864,-2
5,9+2+1,62,3+3+2+2+1+1,288,-2
5,9+2+1,63,3+3+2+1+1+1+1,864,-2
5,9+2+1,64,3+3+1+1+1+1+1+1,12960,14
5,9+2+1,65,3+2+2+2+2+1,1152,0
5,9+2+1,66,3+2+2+2+1+1+1,864,-2
5,9+2+1,67,3+2+2+1+1+1+1+1,2880,4
5,9+2+1,68,3+2+1+1+1+1+1+1+1,30240,34
5,9+2+1,69,3+1+1+1+1+1+1+1+1+1,1088640,104
5,9+2+1,70,2+2+2+2+2+2,46080,0
5,9+2+1,71,2+2+2+2+2+1+1,7680,0
5,9+2+1,72,2+2+2+2+1+1+1+1,9216,0
5,9+2+1,73,2+2+2+1+1+1+1+1+1,34560,16
5,9+2+1,74,2+2+1+1+1+1+1+1+1+1,322560,64
5,9+2+1,75,2+1+1+1+1+1+1+1+1+1+1,7257600,160
5,9+2+1,76,1+1+1+1+1+1+1+1+1+1+1+1,479001600,320
6,9+1+1+1,0,12,12,-1
6,9+1+1+1,1,11+1,11,0
6,9+1+1+1,2,10+2,20,0
6,9+1+1+1,3,10+1+1,20,0
6,9+1+1+1,4,9+3,27,0
6,9+1+1+1,5,9+2+1,18,0
6,9+1+1+1,6,9+1+1+1,54,0
6,9+1+1+1,7,8+4,32,-1
6,9+1+1+1,8,8+3+1,24,1
6,9+1+1+1,9,8+2+2,64,1
6,9+1+1+1,10,8+2+1+1,32,-1
6,9+1+1+1,11,8+1+1+1+1,192,1
6,9+1+1+1,12,7+5,35,-1
6,9+1+1+1,13,7+4+1,28,0
6,9+1+1+1,14,7+3+2,42,1
6,9+1+1+1,15,7+3+1+1,42,1
6,9+1+1+1,16,7+2+2+1,56,0
6,9+1+1+1,17,7+2+1+1+1,84,-2
6,9+1+1+1,18,7+1+1+1+1+1,840,4
6,9+1+1+1,19,6+6,72,-1
6,9+1+1+1,20,6+5+1,30,0
6,9+1+1+1,21,6+4+2,48,0
6,9+1+1+1,22,6+4+1+1,48,0
6,9+1+1+1,23,6+3+3,108,1
6,9+1+1+1,24,6+3+2+1,36,1
6,9+1+1+1,25,6+3+1+1+1,108,1
6,9+1+1+1,26,6+2+2+2,288,2
6,9+1+1+1,27,6+2+2+1+1,96,-2
6,9+1+1+1,28,6+2+1+1+1+1,288,-2
6,9+1+1+1,29,6+1+1+1+1+1+1,4320,10
6,9+1+1+1,30,5+5+2,100,0
6,9+1+1+1,31,5+5+1+1,100,0
6,9+1+1+1,32,5+4+3,60,0
6,9+1+1+1,33,5+4+2+1,40,0
6,9+1+1+1,34,5+4+1+1+1,120,0
6,9+1+1+1,35,5+3+3+1,90,2
6,9+1+1+1,36,5+3+2+2,120,2
6,9+1+1+1,37,5+3+2+1+1,60,0
6,9+1+1+1,38,5+3+1+1+1+1,360,2
6,9+1+1+1,39,5+2+2+2+1,240,0
6,9+1+1+1,40,5+2+2+1+1+1,240,-4
6,9+1+1+1,41,5+2+1+1+1+1+1,1200,0
6,9+1+1+1,42,5+1+1+1+1+1+1+1,25200,20
6,9+1+1+1,43,4+4+4,384,-1
6,9+1+1+1,44,4+4+3+1,96,1
6,9+1+1+1,45,4+4+2+2,256,1
6,9+1+1+1,46,4+4+2+1+1,128,-1
6,9+1+1+1,47,4+4+1+1+1+1,768,1
6,9+1+1+1,48,4+3+3+2,144,2
6,9+1+1+1,49,4+3+3+1+1,144,2
6,9+1+1+1,50,4+3+2+2+1,96,1
6,9+1+1+1,51,4+3+2+1+1+1,144,-1
6,9+1+1+1,52,4+3+1+1+1+1+1,1440,5
6,9+1+1+1,53,4+2+2+2+2,1536,3
6,9+1+1+1,54,4+2+2+2+1+1,384,-3
6,9+1+1+1,55,4+2+2+1+1+1+1,768,-5
6,9+1+1+1,56,4+2+1+1+1+1+1+1,5760,5
6,9+1+1+1,57,4+1+1+1+1+1+1+1+1,161280,35
6,9+1+1+1,58,3+3+3+3,1944,3
6,9+1+1+1,59,3+3+3+2+1,324,3
6,9+1+1+1,60,3+3+3+1+1+1,972,3
6,9+1+1+1,61,3+3+2+2+2,864,4
6,9+1+1+1,62,3+3+2+2+1+1,288,0
6,9+1+1+1,63,3+3+2+1+1+1+1,864,0
6,9+1+1+1,64,3+3+1+1+1+1+1+1,12960,12
6,9+1+1+1,65,3+2+2+2+2+1,1152,1
6,9+1+1+1,66,3+2+2+2+1+1+1,864,-5
6,9+1+1+1,67,3+2+2+1+1+1+1+1,2880,-3
6,9+1+1+1,68,3+2+1+1+1+1+1+1+1,30240,15
6,9+1+1+1,69,3+1+1+1+1+1+1+1+1+1,1088640,57
6,9+1+1+1,70,2+2+2+2+2+2,46080,5
6,9+1+1+1,71,2+2+2+2+2+1+1,7680,-5
6,9+1+1+1,72,2+2+2+2+1+1+1+1,9216,-11
6,9+1+1+1,73,2+2+2+1+1+1+1+1+1,34560,-5
6,9+1+1+1,74,2+2+1+1+1+1+1+1+1+1,322560,21
6,9+1+1+1,75,2+1+1+1+1+1+1+1+1+1+1,7257600,75
6,9+1+1+1,76,1+1+1+1+1+1+1+1+1+1+1+1,479001600,165
7,8+4,0,12,12,0
7,8+4,1,11+1,11,0
7,8+4,2,10+2,20,0
7,8+4,3,10+1+1,20,0
7,8+4,4,9+3,27,-1
7,8+4,5,9+2+1,18,-1
7,8+4,6,9+1+1+1,54,-1
7,8+4,7,8+4,32,1
7,8+4,8,8+3+1,24,0
7,8+4,9,8+2+2,64,1
7,8+4,10,8+2+1+1,32,-1
7,8+4,11,8+1+1+1+1,192,-3
7,8+4,12,7+5,35,0
7,8+4,13,7+4+1,28,1
7,8+4,14,7+3+2,42,-1
7,8+4,15,7+3+1+1,42,1
7,8+4,16,7+2+2+1,56,-1
7,8+4,17,7+2+1+1+1,84,-1
7,8+4,18,7+1+1+1+1+1,840,-5
7,8+4,19,6+6,72,0
7,8+4,20,6+5+1,30,0
7,8+4,21,6+4+2,48,1
7,8+4,22,6+4+1+1,48,1
7,8+4,23,6+3+3,108,-2
7,8+4,24,6+3+2+1,36,-1
7,8+4,25,6+3+1+1+1,108,1
7,8+4,26,6+2+2+2,288,3
7,8+4,27,6+2+2+1+1,96,-1
7,8+4,28,6+2+1+1+1+1,288,-1
7,8+4,29,6+1+1+1+1+1+1,4320,-5
7,8+4,30,5+5+2,100,0
7,8+4,31,5+5+1+1,100,0
7,8+4,32,5+4+3,60,0
7,8+4,33,5+4+2+1,40,0
7,8+4,34,5+4+1+1+1,120,0
7,8+4,35,5+3+3+1,90,0
7,8+4,36,5+3+2+2,120,0
7,8+4,37,5+3+2+1+1,60,0
7,8+4,38,5+3+1+1+1+1,360,0
7,8+4,39,5+2+2+2+1,240,0
7,8+4,40,5+2+2+1+1+1,240,0
7,8+4,41,5+2+1+1+1+1+1,1200,0
7,8+4,42,5+1+1+1+1+1+1+1,25200,0
7,8+4,43,4+4+4,384,3
7,8+4,44,4+4+3+1,96,2
7,8+4,45,4+4+2+2,256,3
7,8+4,46,4+4+2+1+1,128,1
7,8+4,47,4+4+1+1+1+1,768,-1
7,8+4,48,4+3+3+2,144,-1
7,8+4,49,4+3+3+1+1,144,3
7,8+4,50,4+3+2+2+1,96,0
7,8+4,51,4+3+2+1+1+1,144,2
7,8+4,52,4+3+1+1+1+1+1,1440,0
7,8+4,53,4+2+2+2+2,1536,7
7,8+4,54,4+2+2+2+1+1,384,1
7,8+4,55,4+2+2+1+1+1+1,768,3
7,8+4,56,4+2+1+1+1+1+1+1,5760,5
7,8+4,57,4+1+1+1+1+1+1+1+1,161280,15
7,8+4,58,3+3+3+3,1944,-4
7,8+4,59,3+3+3+2+1,324,-1
7,8+4,60,3+3+3+1+1+1,972,5
7,8+4,61,3+3+2+2+2,864,1
7,8+4,62,3+3+2+2+1+1,288,1
7,8+4,63,3+3+2+1+1+1+1,864,5
7,8+4,64,3+3+1+1+1+1+1+1,12960,5
7,8+4,65,3+2+2+2+2+1,1152,2
7,8+4,66,3+2+2+2+1+1+1,864,4
7,8+4,67,3+2+2+1+1+1+1+1,2880,10
7,8+4,68,3+2+1+1+1+1+1+1+1,30240,20
7,8+4,69,3+1+1+1+1+1+1+1+1+1,1088640,50
7,8+4,70,2+2+2+2+2+2,46080,15
7,8+4,71,2+2+2+2+2+1+1,7680,5
7,8+4,72,2+2+2+2+1+1+1+1,9216,11
7,8+4,73,2+2+2+1+1+1+1+1+1,34560,25
7,8+4,74,2+2+1+1+1+1+1+1+1+1,322560,55
7,8+4,75,2+1+1+1+1+1+1+1+1+1+1,7257600,125
7,8+4,76,1+1+1+1+1+1+1+1+1+1+1+1,479001600,275
8,8+3+1,0,12,12,0
8,8+3+1,1,11+1,11,0
8,8+3+1,2,10+2,20,1
8,8+3+1,3,10+1+1,20,1
8,8+3+1,4,9+3,27,0
8,8+3+1,5,9+2+1,18,0
8,8+3+1,6,9+1+1+1,54,0
8,8+3+1,7,8+4,32,-1
8,8+3+1,8,8+3+1,24,0
8,8+3+1,9,8+2+2,64,1
8,8+3+1,10,8+2+1+1,32,1
8,8+3+1,11,8+1+1+1+1,192,-3
8,8+3+1,12,7+5,35,0
8,8+3+1,13,7+4+1,28,-1
8,8+3+1,14,7+3+2,42,1
8,8+3+1,15,7+3+1+1,42,1
8,8+3+1,16,7+2+2+1,56,-1
8,8+3+1,17,7+2+1+1+1,84,1
8,8+3+1,18,7+1+1+1+1+1,840,-5
8,8+3+1,19,6+6,72,0
8,8+3+1,20,6+5+1,30,0
8,8+3+1,21,6+4+2,48,0
8,8+3+1,22,6+4+1+1,48,0
8,8+3+1,23,6+3+3,108,0
8,8+3+1,24,6+3+2+1,36,0
8,8+3+1,25,6+3+1+1+1,108,0
8,8+3+1,26,6+2+2+2,288,0
8,8+3+1,27,6+2+2+1+1,96,0
8,8+3+1,28,6+2+1+1+1+1,288,0
8,8+3+1,29,6+1+1+1+1+1+1,4320,0
8,8+3+1,30,5+5+2,100,1
8,8+3+1,31,5+5+1+1,100,1
8,8+3+1,32,5+4+3,60,-1
8,8+3+1,33,5+4+2+1,40,-1
8,8+3+1,34,5+4+1+1+1,120,-1
8,8+3+1,35,5+3+3+1,90,0
8,8+3+1,36,5+3+2+2,120,1
8,8+3+1,37,5+3+2+1+1,60,1
8,8+3+1,38,5+3+1+1+1+1,360,-3
8,8+3+1,39,5+2+2+2+1,240,-3
8,8+3+1,40,5+2+2+1+1+1,240,1
8,8+3+1,41,5+2+1+1+1+1+1,1200,1
8,8+3+1,42,5+1+1+1+1+1+1+1,25200,21
8,8+3+1,43,4+4+4,384,-3
8,8+3+1,44,4+4+3+1,96,-2
8,8+3+1,45,4+4+2+2,256,-1
8,8+3+1,46,4+4+2+1+1,128,-1
8,8+3+1,47,4+4+1+1+1+1,768,-5
8,8+3+1,48,4+3+3+2,144,0
8,8+3+1,49,4+3+3+1+1,144,0
8,8+3+1,50,4+3+2+2+1,96,-2
8,8+3+1,51,4+3+2+1+1+1,144,0
8,8+3+1,52,4+3+1+1+1+1+1,1440,-6
8,8+3+1,53,4+2+2+2+2,1536,-3
8,8+3+1,54,4+2+2+2+1+1,384,-3
8,8+3+1,55,4+2+2+1+1+1+1,768,1
8,8+3+1,56,4+2+1+1+1+1+1+1,5760,9
8,8+3+1,57,4+1+1+1+1+1+1+1+1,161280,69
8,8+3+1,58,3+3+3+3,1944,0
8,8+3+1,59,3+3+3+2+1,324,0
8,8+3+1,60,3+3+3+1+1+1,972,0
8,8+3+1,61,3+3+2+2+2,864,0
8,8+3+1,62,3+3+2+2+1+1,288,0
8,8+3+1,63,3+3+2+1+1+1+1,864,0
8,8+3+1,64,3+3+1+1+1+1+1+1,12960,0
8,8+3+1,65,3+2+2+2+2+1,1152,-6
8,8+3+1,66,3+2+2+2+1+1+1,864,0
8,8+3+1,67,3+2+2+1+1+1+1+1,2880,6
8,8+3+1,68,3+2+1+1+1+1+1+1+1,30240,36
8,8+3+1,69,3+1+1+1+1+1+1+1+1+1,1088640,162
8,8+3+1,70,2+2+2+2+2+2,46080,-9
8,8+3+1,71,2+2+2+2+2+1+1,7680,-9
8,8+3+1,72,2+2+2+2+1+1+1+1,9216,3
8,8+3+1,73,2+2+2+1+1+1+1+1+1,34560,27
8,8+3+1,74,2+2+1+1+1+1+1+1+1+1,322560,111
8,8+3+1,75,2+1+1+1+1+1+1+1+1+1+1,7257600,351
8,8+3+1,76,1+1+1+1+1+1+1+1+1+1+1+1,479001600,891
9,8+2+2,0,12,12,0
9,8+2+2,1,11+1,11,0
9,8+2+2,2,10+2,20,-1
9,8+2+2,3,10+1+1,20,1
9,8+2+2,4,9+3,27,1
9,8+2+2,5,9+2+1,18,-1
9,8+2+2,6,9+1+1+1,54,1
9,8+2+2,7,8+4,32,0
9,8+2+2,8,8+3+1,24,0
9,8+2+2,9,8+2+2,64,0
9,8+2+2,10,8+2+1+1,32,0
9,8+2+2,11,8+1+1+1+1,192,0
9,8+2+2,12,7+5,35,0
9,8+2+2,13,7+4+1,28,0
9,8+2+2,14,7+3+2,42,0
9,8+2+2,15,7+3+1+1,42,0
9,8+2+2,16,7+2+2+1,56,0
9,8+2+2,17,7+2+1+1+1,84,0
9,8+2+2,18,7+1+1+1+1+1,840,0
9,8+2+2,19,6+6,72,0
9,8+2+2,20,6+5+1,30,0
9,8+2+2,21,6+4+2,48,-1
9,8+2+2,22,6+4+1+1,48,1
9,8+2+2,23,6+3+3,108,2
9,8+2+2,24,6+3+2+1,36,-1
9,8+2+2,25,6+3+1+1+1,108,-1
9,8+2+2,26,6+2+2+2,288,3
9,8+2+2,27,6+2+2+1+1,96,1
9,8+2+2,28,6+2+1+1+1+1,288,-1
9,8+2+2,29,6+1+1+1+1+1+1,4320,5
9,8+2+2,30,5+5+2,100,-1
9,8+2+2,31,5+5+1+1,100,1
9,8+2+2,32,5+4+3,60,1
9,8+2+2,33,5+4+2+1,40,-1
9,8+2+2,34,5+4+1+1+1,120,1
9,8+2+2,35,5+3+3+1,90,0
9,8+2+2,36,5+3+2+2,120,1
9,8+2+2,37,5+3+2+1+1,60,-1
9,8+2+2,38,5+3+1+1+1+1,360,-3
9,8+2+2,39,5+2+2+2+1,240,3
9,8+2+2,40,5+2+2+1+1+1,240,1
9,8+2+2,41,5+2+1+1+1+1+1,1200,-1
9,8+2+2,42,5+1+1+1+1+1+1+1,25200,21
9,8+2+2,43,4+4+4,384,0
9,8+2+2,44,4+4+3+1,96,0
9,8+2+2,45,4+4+2+2,256,0
9,8+2+2,46,4+4+2+1+1,128,0
9,8+2+2,47,4+4+1+1+1+1,768,0
9,8+2+2,48,4+3+3+2,144,1
9,8+2+2,49,4+3+3+1+1,144,-1
9,8+2+2,50,4+3+2+2+1,96,0
9,8+2+2,51,4+3+2+1+1+1,144,-2
9,8+2+2,52,4+3+1+1+1+1+1,1440,-4
9,8+2+2,53,4+2+2+2+2,1536,8
9,8+2+2,54,4+2+2+2+1+1,384,4
9,8+2+2,55,4+2+2+1+1+1+1,768,0
9,8+2+2,56,4+2+1+1+1+1+1+1,5760,4
9,8+2+2,57,4+1+1+1+1+1+1+1+1,161280,56
9,8+2+2,58,3+3+3+3,1944,4
9,8+2+2,59,3+3+3+2+1,324,-1
9,8+2+2,60,3+3+3+1+1+1,972,-5
9,8+2+2,61,3+3+2+2+2,864,5
9,8+2+2,62,3+3+2+2+1+1,288,-1
9,8+2+2,63,3+3+2+1+1+1+1,864,-7
9,8+2+2,64,3+3+1+1+1+1+1+1,12960,-5
9,8+2+2,65,3+2+2+2+2+1,1152,8
9,8+2+2,66,3+2+2+2+1+1+1,864,2
9,8+2+2,67,3+2+2+1+1+1+1+1,2880,-4
9,8+2+2,68,3+2+1+1+1+1+1+1+1,30240,14
9,8+2+2,69,3+1+1+1+1+1+1+1+1+1,1088640,112
9,8+2+2,70,2+2+2+2+2+2,46080,24
9,8+2+2,71,2+2+2+2+2+1+1,7680,16
9,8+2+2,72,2+2+2+2+1+1+1+1,9216,8
9,8+2+2,73,2+2+2+1+1+1+1+1+1,34560,8
9,8+2+2,74,2+2+1+1+1+1+1+1+1+1,322560,56
9,8+2+2,75,2+1+1+1+1+1+1+1+1+1+1,7257600,224
9,8+2+2,76,1+1+1+1+1+1+1+1+1+1+1+1,479001600,616
10,8+2+1+1,0,12,12,0
10,8+2+1+1,1,11+1,11,-1
10,8+2+1+1,2,10+2,20,0
10,8+2+1+1,3,10+1+1,20,0
10,8+2+1+1,4,9+3,27,0
10,8+2+1+1,5,9+2+1,18,0
10,8+2+1+1,6,9+1+1+1,54,0
10,8+2+1+1,7,8+4,32,1
10,8+2+1+1,8,8+3+1,24,-1
10,8+2+1+1,9,8+2+2,64,-1
10,8+2+1+1,10,8+2+1+1,32,1
10,8+2+1+1,11,8+1+1+1+1,192,-1
10,8+2+1+1,12,7+5,35,0
10,8+2+1+1,13,7+4+1,28,0
10,8+2+1+1,14,7+3+2,42,0
10,8+2+1+1,15,7+3+1+1,42,0
10,8+2+1+1,16,7+2+2+1,56,0
10,8+2+1+1,17,7+2+1+1+1,84,0
10,8+2+1+1,18,7+1+1+1+1+1,840,0
10,8+2+1+1,19,6+6,72,0
10,8+2+1+1,20,6+5+1,30,-1
10,8+2+1+1,21,6+4+2,48,1
10,8+2+1+1,22,6+4+1+1,48,1
10,8+2+1+1,23,6+3+3,108,0
10,8+2+1+1,24,6+3+2+1,36,0
10,8+2+1+1,25,6+3+1+1+1,108,0
10,8+2+1+1,26,6+2+2+2,288,-3
10,8+2+1+1,27,6+2+2+1+1,96,1
10,8+2+1+1,28,6+2+1+1+1+1,288,-3
10,8+2+1+1,29,6+1+1+1+1+1+1,4320,9
10,8+2+1+1,30,5+5+2,100,0
10,8+2+1+1,31,5+5+1+1,100,0
10,8+2+1+1,32,5+4+3,60,1
10,8+2+1+1,33,5+4+2+1,40,1
10,8+2+1+1,34,5+4+1+1+1,120,1
10,8+2+1+1,35,5+3+3+1,90,-1
10,8+2+1+1,36,5+3+2+2,120,-1
10,8+2+1+1,37,5+3+2+1+1,60,1
10,8+2+1+1,38,5+3+1+1+1+1,360,-1
10,8+2+1+1,39,5+2+2+2+1,240,-1
10,8+2+1+1,40,5+2+2+1+1+1,240,-1
10,8+2+1+1,41,5+2+1+1+1+1+1,1200,-5
10,8+2+1+1,42,5+1+1+1+1+1+1+1,25200,35
10,8+2+1+1,43,4+4+4,384,3
10,8+2+1+1,44,4+4+3+1,96,1
10,8+2+1+1,45,4+4+2+2,256,1
10,8+2+1+1,46,4+4+2+1+1,128,3
10,8+2+1+1,47,4+4+1+1+1+1,768,1
10,8+2+1+1,48,4+3+3+2,144,1
10,8+2+1+1,49,4+3+3+1+1,144,1
10,8+2+1+1,50,4+3+2+2+1,96,1
10,8+2+1+1,51,4+3+2+1+1+1,144,1
10,8+2+1+1,52,4+3+1+1+1+1+1,1440,1
10,8+2+1+1,53,4+2+2+2+2,1536,-5
10,8+2+1+1,54,4+2+2+2+1+1,384,1
10,8+2+1+1,55,4+2+2+1+1+1+1,768,-5
10,8+2+1+1,56,4+2+1+1+1+1+1+1,5760,1
10,8+2+1+1,57,4+1+1+1+1+1+1+1+1,161280,91
10,8+2+1+1,58,3+3+3+3,1944,0
10,8+2+1+1,59,3+3+3+2+1,324,0
10,8+2+1+1,60,3+3+3+1+1+1,972,0
10,8+2+1+1,61,3+3+2+2+2,864,-3
10,8+2+1+1,62,3+3+2+2+1+1,288,1
10,8+2+1+1,63,3+3+2+1+1+1+1,864,-3
10,8+2+1+1,64,3+3+1+1+1+1+1+1,12960,9
10,8+2+1+1,65,3+2+2+2+2+1,1152,-3
10,8+2+1+1,66,3+2+2+2+1+1+1,864,-3
10,8+2+1+1,67,3+2+2+1+1+1+1+1,2880,-11
10,8+2+1+1,68,3+2+1+1+1+1+1+1+1,30240,21
10,8+2+1+1,69,3+1+1+1+1+1+1+1+1+1,1088640,189
10,8+2+1+1,70,2+2+2+2+2+2,46080,-15
10,8+2+1+1,71,2+2+2+2+2+1+1,7680,-5
10,8+2+1+1,72,2+2+2+2+1+1+1+1,9216,-15
10,8+2+1+1,73,2+2+2+1+1+1+1+1+1,34560,-21
10,8+2+1+1,74,2+2+1+1+1+1+1+1+1+1,322560,49
10,8+2+1+1,75,2+1+1+1+1+1+1+1+1+1+1,7257600,315
10,8+2+1+1,76,1+1+1+1+1+1+1+1+1+1+1+1,479001600,945
11,8+1+1+1+1,0,12,12,1
11,8+1+1+1+1,1,11+1,11,0
11,8+1+1+1+1,2,10+2,20,0
11,8+1+1+1+1,3,10+1+1,20,0
11,8+1+1+1+1,4,9+3,27,0
11,8+1+1+1+1,5,9+2+1,18,0
11,8+1+1+1+1,6,9+1+1+1,54,0
11,8+1+1+1+1,7,8+4,32,0
11,8+1+1+1+1,8,8+3+1,24,0
11,8+1+1+1+1,9,8+2+2,64,0
11,8+1+1+1+1,10,8+2+1+1,32,0
11,8+1+1+1+1,11,8+1+1+1+1,192,0
11,8+1+1+1+1,12,7+5,35,1
11,8+1+1+1+1,13,7+4+1,28,-1
11,8+1+1+1+1,14,7+3+2,42,-1
11,8+1+1+1+1,15,7+3+1+1,42,1
11,8+1+1+1+1,16,7+2+2+1,56,1
11,8+1+1+1+1,17,7+2+1+1+1,84,-1
11,8+1+1+1+1,18,7+1+1+1+1+1,840,1
11,8+1+1+1+1,19,6+6,72,1
11,8+1+1+1+1,20,6+5+1,30,0
11,8+1+1+1+1,21,6+4+2,48,-1
11,8+1+1+1+1,22,6+4+1+1,48,-1
11,8+1+1+1+1,23,6+3+3,108,-1
11,8+1+1+1+1,24,6+3+2+1,36,0
11,8+1+1+1+1,25,6+3+1+1+1,108,2
11,8+1+1+1+1,26,6+2+2+2,288,1
11,8+1+1+1+1,27,6+2+2+1+1,96,1
11,8+1+1+1+1,28,6+2+1+1+1+1,288,-3
11,8+1+1+1+1,29,6+1+1+1+1+1+1,4320,5
11,8+1+1+1+1,30,5+5+2,100,0
11,8+1+1+1+1,31,5+5+1+1,100,0
11,8+1+1+1+1,32,5+4+3,60,-1
11,8+1+1+1+1,33,5+4+2+1,40,-1
11,8+1+1+1+1,34,5+4+1+1+1,120,-1
11,8+1+1+1+1,35,5+3+3+1,90,0
11,8+1+1+1+1,36,5+3+2+2,120,-1
11,8+1+1+1+1,37,5+3+2+1+1,60,1
11,8+1+1+1+1,38,5+3+1+1+1+1,360,3
11,8+1+1+1+1,39,5+2+2+2+1,240,3
11,8+1+1+1+1,40,5+2+2+1+1+1,240,-1
11,8+1+1+1+1,41,5+2+1+1+1+1+1,1200,-5
11,8+1+1+1+1,42,5+1+1+1+1+1+1+1,25200,15
11,8+1+1+1+1,43,4+4+4,384,-2
11,8+1+1+1+1,44,4+4+3+1,96,-2
11,8+1+1+1+1,45,4+4+2+2,256,-2
11,8+1+1+1+1,46,4+4+2+1+1,128,-2
11,8+1+1+1+1,47,4+4+1+1+1+1,768,-2
11,8+1+1+1+1,48,4+3+3+2,144,-3
11,8+1+1+1+1,49,4+3+3+1+1,144,1
11,8+1+1+1+1,50,4+3+2+2+1,96,0
11,8+1+1+1+1,51,4+3+2+1+1+1,144,0
11,8+1+1+1+1,52,4+3+1+1+1+1+1,1440,4
11,8+1+1+1+1,53,4+2+2+2+2,1536,2
11,8+1+1+1+1,54,4+2+2+2+1+1,384,2
11,8+1+1+1+1,55,4+2+2+1+1+1+1,768,-6
11,8+1+1+1+1,56,4+2+1+1+1+1+1+1,5760,-6
11,8+1+1+1+1,57,4+1+1+1+1+1+1+1+1,161280,34
11,8+1+1+1+1,58,3+3+3+3,1944,-3
11,8+1+1+1+1,59,3+3+3+2+1,324,0
11,8+1+1+1+1,60,3+3+3+1+1+1,972,6
11,8+1+1+1+1,61,3+3+2+2+2,864,-1
11,8+1+1+1+1,62,3+3+2+2+1+1,288,3
11,8+1+1+1+1,63,3+3+2+1+1+1+1,864,3
11,8+1+1+1+1,64,3+3+1+1+1+1+1+1,12960,15
11,8+1+1+1+1,65,3+2+2+2+2+1,1152,6
11,8+1+1+1+1,66,3+2+2+2+1+1+1,864,2
11,8+1+1+1+1,67,3+2+2+1+1+1+1+1,2880,-6
11,8+1+1+1+1,68,3+2+1+1+1+1+1+1+1,30240,6
11,8+1+1+1+1,69,3+1+1+1+1+1+1+1+1+1,1088640,78
11,8+1+1+1+1,70,2+2+2+2+2+2,46080,10
11,8+1+1+1+1,71,2+2+2+2+2+1+1,7680,10
11,8+1+1+1+1,72,2+2+2+2+1+1+1+1,9216,-6
11,8+1+1+1+1,73,2+2+2+1+1+1+1+1+1,34560,-22
11,8+1+1+1+1,74,2+2+1+1+1+1+1+1+1+1,322560,-6
11,8+1+1+1+1,75,2+1+1+1+1+1+1+1+1+1+1,7257600,90
11,8+1+1+1+1,76,1+1+1+1+1+1+1+1+1+1+1+1,479001600,330
12,7+5,0,12,12,0
12,7+5,1,11+1,11,0
12,7+5,2,10+2,20,0
12,7+5,3,10+1+1,20,0
12,7+5,4,9+3,27,0
12,7+5,5,9+2+1,18,0
12,7+5,6,9+1+1+1,54,0
12,7+5,7,8+4,32,-1
12,7+5,8,8+3+1,24,-1
12,7+5,9,8+2+2,64,-1
12,7+5,10,8+2+1+1,32,-1
12,7+5,11,8+1+1+1+1,192,-1
12,7+5,12,7+5,35,1
12,7+5,13,7+4+1,28,0
12,7+5,14,7+3+2,42,1
12,7+5,15,7+3+1+1,42,-1
12,7+5,16,7+2+2+1,56,0
12,7+5,17,7+2+1+1+1,84,-2
12,7+5,18,7+1+1+1+1+1,840,-4
12,7+5,19,6+6,72,0
12,7+5,20,6+5+1,30,1
12,7+5,21,6+4+2,48,-1
12,7+5,22,6+4+1+1,48,1
12,7+5,23,6+3+3,108,0
12,7+5,24,6+3+2+1,36,0
12,7+5,25,6+3+1+1+1,108,0
12,7+5,26,6+2+2+2,288,-3
12,7+5,27,6+2+2+1+1,96,-1
12,7+5,28,6+2+1+1+1+1,288,-3
12,7+5,29,6+1+1+1+1+1+1,4320,-9
12,7+5,30,5+5+2,100,2
12,7+5,31,5+5+1+1,100,2
12,7+5,32,5+4+3,60,0
12,7+5,33,5+4+2+1,40,1
12,7+5,34,5+4+1+1+1,120,3
12,7+5,35,5+3+3+1,90,-1
12,7+5,36,5+3+2+2,120,2
12,7+5,37,5+3+2+1+1,60,0
12,7+5,38,5+3+1+1+1+1,360,2
12,7+5,39,5+2+2+2+1,240,1
12,7+5,40,5+2+2+1+1+1,240,-1
12,7+5,41,5+2+1+1+1+1+1,1200,-3
12,7+5,42,5+1+1+1+1+1+1+1,25200,-13
12,7+5,43,4+4+4,384,-3
12,7+5,44,4+4+3+1,96,-1
12,7+5,45,4+4+2+2,256,-3
12,7+5,46,4+4+2+1+1,128,1
12,7+5,47,4+4+1+1+1+1,768,5
12,7+5,48,4+3+3+2,144,1
12,7+5,49,4+3+3+1+1,144,-1
12,7+5,50,4+3+2+2+1,96,1
12,7+5,51,4+3+2+1+1+1,144,1
12,7+5,52,4+3+1+1+1+1+1,1440,5
12,7+5,53,4+2+2+2+2,1536,-7
12,7+5,54,4+2+2+2+1+1,384,1
12,7+5,55,4+2+2+1+1+1+1,768,1
12,7+5,56,4+2+1+1+1+1+1+1,5760,1
12,7+5,57,4+1+1+1+1+1+1+1+1,161280,-7
12,7+5,58,3+3+3+3,1944,0
12,7+5,59,3+3+3+2+1,324,0
12,7+5,60,3+3+3+1+1+1,972,0
12,7+5,61,3+3+2+2+2,864,3
12,7+5,62,3+3+2+2+1+1,288,1
12,7+5,63,3+3+2+1+1+1+1,864,3
12,7+5,64,3+3+1+1+1+1+1+1,12960,9
12,7+5,65,3+2+2+2+2+1,1152,3
12,7+5,66,3+2+2+2+1+1+1,864,3
12,7+5,67,3+2+2+1+1+1+1+1,2880,7
12,7+5,68,3+2+1+1+1+1+1+1+1,30240,15
12,7+5,69,3+1+1+1+1+1+1+1+1+1,1088640,27
12,7+5,70,2+2+2+2+2+2,46080,-15
12,7+5,71,2+2+2+2+2+1+1,7680,5
12,7+5,72,2+2+2+2+1+1+1+1,9216,9
12,7+5,73,2+2+2+1+1+1+1+1+1,34560,21
12,7+5,74,2+2+1+1+1+1+1+1+1+1,322560,49
12,7+5,75,2+1+1+1+1+1+1+1+1+1+1,7257600,117
12,7+5,76,1+1+1+1+1+1+1+1+1+1+1+1,479001600,297
13,7+4+1,0,12,12,0
13,7+4+1,1,11+1,11,0
13,7+4+1,2,10+2,20,0
13,7+4+1,3,10+1+1,20,0
13,7+4+1,4,9+3,27,1
13,7+4+1,5,9+2+1,18,1
13,7+4+1,6,9+1+1+1,54,1
13,7+4+1,7,8+4,32,0
13,7+4+1,8,8+3+1,24,0
13,7+4+1,9,8+2+2,64,0
13,7+4+1,10,8+2+1+1,32,0
13,7+4+1,11,8+1+1+1+1,192,0
13,7+4+1,12,7+5,35,-1
13,7+4+1,13,7+4+1,28,0
13,7+4+1,14,7+3+2,42,0
13,7+4+1,15,7+3+1+1,42,0
13,7+4+1,16,7+2+2+1,56,2
13,7+4+1,17,7+2+1+1+1,84,0
13,7+4+1,18,7+1+1+1+1+1,840,-6
13,7+4+1,19,6+6,72,0
13,7+4+1,20,6+5+1,30,-1
13,7+4+1,21,6+4+2,48,0
13,7+4+1,22,6+4+1+1,48,0
13,7+4+1,23,6+3+3,108,2
13,7+4+1,24,6+3+2+1,36,0
13,7+4+1,25,6+3+1+1+1,108,2
13,7+4+1,26,6+2+2+2,288,0
13,7+4+1,27,6+2+2+1+1,96,0
13,7+4+1,28,6+2+1+1+1+1,288,0
13,7+4+1,29,6+1+1+1+1+1+1,4320,-16
13,7+4+1,30,5+5+2,100,-2
13,7+4+1,31,5+5+1+1,100,-2
13,7+4+1,32,5+4+3,60,0
13,7+4+1,33,5+4+2+1,40,0
13,7+4+1,34,5+4+1+1+1,120,0
13,7+4+1,35,5+3+3+1,90,-1
13,7+4+1,36,5+3+2+2,120,-2
13,7+4+1,37,5+3+2+1+1,60,-2
13,7+4+1,38,5+3+1+1+1+1,360,2
13,7+4+1,39,5+2+2+2+1,240,2
13,7+4+1,40,5+2+2+1+1+1,240,-2
13,7+4+1,41,5+2+1+1+1+1+1,1200,-2
13,7+4+1,42,5+1+1+1+1+1+1+1,25200,-22
13,7+4+1,43,4+4+4,384,0
13,7+4+1,44,4+4+3+1,96,0
13,7+4+1,45,4+4+2+2,256,0
13,7+4+1,46,4+4+2+1+1,128,0
13,7+4+1,47,4+4+1+1+1+1,768,0
13,7+4+1,48,4+3+3+2,144,0
13,7+4+1,49,4+3+3+1+1,144,0
13,7+4+1,50,4+3+2+2+1,96,0
13,7+4+1,51,4+3+2+1+1+1,144,0
13,7+4+1,52,4+3+1+1+1+1+1,1440,0
13,7+4+1,53,4+2+2+2+2,1536,0
13,7+4+1,54,4+2+2+2+1+1,384,0
13,7+4+1,55,4+2+2+1+1+1+1,768,0
13,7+4+1,56,4+2+1+1+1+1+1+1,5760,0
13,7+4+1,57,4+1+1+1+1+1+1+1+1,161280,0
13,7+4+1,58,3+3+3+3,1944,4
13,7+4+1,59,3+3+3+2+1,324,-2
13,7+4+1,60,3+3+3+1+1+1,972,4
13,7+4+1,61,3+3+2+2+2,864,-4
13,7+4+1,62,3+3+2+2+1+1,288,-4
13,7+4+1,63,3+3+2+1+1+1+1,864,4
13,7+4+1,64,3+3+1+1+1+1+1+1,12960,4
13,7+4+1,65,3+2+2+2+2+1,1152,0
13,7+4+1,66,3+2+2+2+1+1+1,864,-4
13,7+4+1,67,3+2+2+1+1+1+1+1,2880,8
13,7+4+1,68,3+2+1+1+1+1+1+1+1,30240,28
13,7+4+1,69,3+1+1+1+1+1+1+1+1+1,1088640,112
13,7+4+1,70,2+2+2+2+2+2,46080,0
13,7+4+1,71,2+2+2+2+2+1+1,7680,0
13,7+4+1,72,2+2+2+2+1+1+1+1,9216,0
13,7+4+1,73,2+2+2+1+1+1+1+1+1,34560,32
13,7+4+1,74,2+2+1+1+1+1+1+1+1+1,322560,128
13,7+4+1,75,2+1+1+1+1+1+1+1+1+1+1,7257600,448
13,7+4+1,76,1+1+1+1+1+1+1+1+1+1+1+1,479001600,1408
14,7+3+2,0,12,12,0
14,7+3+2,1,11+1,11,0
14,7+3+2,2,10+2,20,0
14,7+3+2,3,10+1+1,20,0
14,7+3+2,4,9+3,27,-1
14,7+3+2,5,9+2+1,18,0
14,7+3+2,6,9+1+1+1,54,2
14,7+3+2,7,8+4,32,1
14,7+3+2,8,8+3+1,24,0
14,7+3+2,9,8+2+2,64,-1
14,7+3+2,10,8+2+1+1,32,-1
14,7+3+2,11,8+1+1+1+1,192,3
14,7+3+2,12,7+5,35,0
14,7+3+2,13,7+4+1,28,0
14,7+3+2,14,7+3+2,42,0
14,7+3+2,15,7+3+1+1,42,0
14,7+3+2,16,7+2+2+1,56,0
14,7+3+2,17,7+2+1+1+1,84,0
14,7+3+2,18,7+1+1+1+1+1,840,0
14,7+3+2,19,6+6,72,0
14,7+3+2,20,6+5+1,30,0
14,7+3+2,21,6+4+2,48,1
14,7+3+2,22,6+4+1+1,48,-1
14,7+3+2,23,6+3+3,108,-2
14,7+3+2,24,6+3+2+1,36,1
14,7+3+2,25,6+3+1+1+1,108,1
14,7+3+2,26,6+2+2+2,288,-3
14,7+3+2,27,6+2+2+1+1,96,-1
14,7+3+2,28,6+2+1+1+1+1,288,1
14,7+3+2,29,6+1+1+1+1+1+1,4320,-5
14,7+3+2,30,5+5+2,100,0
14,7+3+2,31,5+5+1+1,100,0
14,7+3+2,32,5+4+3,60,0
14,7+3+2,33,5+4+2+1,40,0
14,7+3+2,34,5+4+1+1+1,120,0
14,7+3+2,35,5+3+3+1,90,0
14,7+3+2,36,5+3+2+2,120,0
14,7+3+2,37,5+3+2+1+1,60,0
14,7+3+2,38,5+3+1+1+1+1,360,0
14,7+3+2,39,5+2+2+2+1,240,0
14,7+3+2,40,5+2+2+1+1+1,240,0
14,7+3+2,41,5+2+1+1+1+1+1,1200,0
14,7+3+2,42,5+1+1+1+1+1+1+1,25200,0
14,7+3+2,43,4+4+4,384,3
14,7+3+2,44,4+4+3+1,96,0
14,7+3+2,45,4+4+2+2,256,1
14,7+3+2,46,4+4+2+1+1,128,-3
14,7+3+2,47,4+4+1+1+1+1,768,-3
14,7+3+2,48,4+3+3+2,144,1
14,7+3+2,49,4+3+3+1+1,144,-1
14,7+3+2,50,4+3+2+2+1,96,2
14,7+3+2,51,4+3+2+1+1+1,144,-2
14,7+3+2,52,4+3+1+1+1+1+1,1440,-10
14,7+3+2,53,4+2+2+2+2,1536,-5
14,7+3+2,54,4+2+2+2+1+1,384,-1
14,7+3+2,55,4+2+2+1+1+1+1,768,-1
14,7+3+2,56,4+2+1+1+1+1+1+1,5760,-5
14,7+3+2,57,4+1+1+1+1+1+1+1+1,161280,35
14,7+3+2,58,3+3+3+3,1944,-4
14,7+3+2,59,3+3+3+2+1,324,3
14,7+3+2,60,3+3+3+1+1+1,972,-1
14,7+3+2,61,3+3+2+2+2,864,1
14,7+3+2,62,3+3+2+2+1+1,288,3
14,7+3+2,63,3+3+2+1+1+1+1,864,-3
14,7+3+2,64,3+3+1+1+1+1+1+1,12960,-25
14,7+3+2,65,3+2+2+2+2+1,1152,4
14,7+3+2,66,3+2+2+2+1+1+1,864,4
14,7+3+2,67,3+2+2+1+1+1+1+1,2880,0
14,7+3+2,68,3+2+1+1+1+1+1+1+1,30240,0
14,7+3+2,69,3+1+1+1+1+1+1+1+1+1,1088640,140
14,7+3+2,70,2+2+2+2+2+2,46080,-15
14,7+3+2,71,2+2+2+2+2+1+1,7680,5
14,7+3+2,72,2+2+2+2+1+1+1+1,9216,13
14,7+3+2,73,2+2+2+1+1+1+1+1+1,34560,25
14,7+3+2,74,2+2+1+1+1+1+1+1+1+1,322560,105
14,7+3+2,75,2+1+1+1+1+1+1+1+1+1+1,7257600,525
14,7+3+2,76,1+1+1+1+1+1+1+1+1+1+1+1,479001600,1925
15,7+3+1+1,0,12,12,0
15,7+3+1+1,1,11+1,11,0
15,7+3+1+1,2,10+2,20,-1
15,7+3+1+1,3,10+1+1,20,-1
15,7+3+1+1,4,9+3,27,0
15,7+3+1+1,5,9+2+1,18,0
15,7+3+1+1,6,9+1+1+1,54,0
15,7+3+1+1,7,8+4,32,0
15,7+3+1+1,8,8+3+1,24,0
15,7+3+1+1,9,8+2+2,64,0
15,7+3+1+1,10,8+2+1+1,32,0
15,7+3+1+1,11,8+1+1+1+1,192,0
15,7+3+1+1,12,7+5,35,1
15,7+3+1+1,13,7+4+1,28,0
15,7+3+1+1,14,7+3+2,42,-1
15,7+3+1+1,15,7+3+1+1,42,-1
15,7+3+1+1,16,7+2+2+1,56,0
15,7+3+1+1,17,7+2+1+1+1,84,2
15,7+3+1+1,18,7+1+1+1+1+1,840,-4
15,7+3+1+1,19,6+6,72,0
15,7+3+1+1,20,6+5+1,30,1
15,7+3+1+1,21,6+4+2,48,-1
15,7+3+1+1,22,6+4+1+1,48,-1
15,7+3+1+1,23,6+3+3,108,0
15,7+3+1+1,24,6+3+2+1,36,0
15,7+3+1+1,25,6+3+1+1+1,108,0
15,7+3+1+1,26,6+2+2+2,288,3
15,7+3+1+1,27,6+2+2+1+1,96,-1
15,7+3+1+1,28,6+2+1+1+1+1,288,3
15,7+3+1+1,29,6+1+1+1+1+1+1,4320,-9
15,7+3+1+1,30,5+5+2,100,1
15,7+3+1+1,31,5+5+1+1,100,1
15,7+3+1+1,32,5+4+3,60,1
15,7+3+1+1,33,5+4+2+1,40,1
15,7+3+1+1,34,5+4+1+1+1,120,1
15,7+3+1+1,35,5+3+3+1,90,1
15,7+3+1+1,36,5+3+2+2,120,1
15,7+3+1+1,37,5+3+2+1+1,60,1
15,7+3+1+1,38,5+3+1+1+1+1,360,1
15,7+3+1+1,39,5+2+2+2+1,240,1
15,7+3+1+1,40,5+2+2+1+1+1,240,1
15,7+3+1+1,41,5+2+1+1+1+1+1,1200,1
15,7+3+1+1,42,5+1+1+1+1+1+1+1,25200,1
15,7+3+1+1,43,4+4+4,384,0
15,7+3+1+1,44,4+4+3+1,96,0
15,7+3+1+1,45,4+4+2+2,256,0
15,7+3+1+1,46,4+4+2+1+1,128,0
15,7+3+1+1,47,4+4+1+1+1+1,768,0
15,7+3+1+1,48,4+3+3+2,144,-1
15,7+3+1+1,49,4+3+3+1+1,144,-1
15,7+3+1+1,50,4+3+2+2+1,96,0
15,7+3+1+1,51,4+3+2+1+1+1,144,2
15,7+3+1+1,52,4+3+1+1+1+1+1,1440,-4
15,7+3+1+1,53,4+2+2+2+2,1536,8
15,7+3+1+1,54,4+2+2+2+1+1,384,-4
15,7+3+1+1,55,4+2+2+1+1+1+1,768,0
15,7+3+1+1,56,4+2+1+1+1+1+1+1,5760,-4
15,7+3+1+1,57,4+1+1+1+1+1+1+1+1,161280,56
15,7+3+1+1,58,3+3+3+3,1944,0
15,7+3+1+1,59,3+3+3+2+1,324,0
15,7+3+1+1,60,3+3+3+1+1+1,972,0
15,7+3+1+1,61,3+3+2+2+2,864,3
15,7+3+1+1,62,3+3+2+2+1+1,288,-1
15,7+3+1+1,63,3+3+2+1+1+1+1,864,3
15,7+3+1+1,64,3+3+1+1+1+1+1+1,12960,-9
15,7+3+1+1,65,3+2+2+2+2+1,1152,0
15,7+3+1+1,66,3+2+2+2+1+1+1,864,-6
15,7+3+1+1,67,3+2+2+1+1+1+1+1,2880,-4
15,7+3+1+1,68,3+2+1+1+1+1+1+1+1,30240,6
15,7+3+1+1,69,3+1+1+1+1+1+1+1+1+1,1088640,216
15,7+3+1+1,70,2+2+2+2+2+2,46080,24
15,7+3+1+1,71,2+2+2+2+2+1+1,7680,-16
15,7+3+1+1,72,2+2+2+2+1+1+1+1,9216,-24
15,7+3+1+1,73,2+2+2+1+1+1+1+1+1,34560,-24
15,7+3+1+1,74,2+2+1+1+1+1+1+1+1+1,322560,56
15,7+3+1+1,75,2+1+1+1+1+1+1+1+1+1+1,7257600,576
15,7+3+1+1,76,1+1+1+1+1+1+1+1+1+1+1+1,479001600,2376
16,7+2+2+1,0,12,12,0
16,7+2+2+1,1,11+1,11,0
16,7+2+2+1,2,10+2,20,1
16,7+2+2+1,3,10+1+1,20,-1
16,7+2+2+1,4,9+3,27,0
16,7+2+2+1,5,9+2+1,18,0
16,7+2+2+1,6,9+1+1+1,54,0
16,7+2+2+1,7,8+4,32,-1
16,7+2+2+1,8,8+3+1,24,1
16,7+2+2+1,9,8+2+2,64,1
16,7+2+2+1,10,8+2+1+1,32,-1
16,7+2+2+1,11,8+1+1+1+1,192,1
16,7+2+2+1,12,7+5,35,0
16,7+2+2+1,13,7+4+1,28,0
16,7+2+2+1,14,7+3+2,42,0
16,7+2+2+1,15,7+3+1+1,42,0
16,7+2+2+1,16,7+2+2+1,56,0
16,7+2+2+1,17,7+2+1+1+1,84,0
16,7+2+2+1,18,7+1+1+1+1+1,840,0
16,7+2+2+1,19,6+6,72,0
16,7+2+2+1,20,6+5+1,30,0
16,7+2+2+1,21,6+4+2,48,0
16,7+2+2+1,22,6+4+1+1,48,0
16,7+2+2+1,23,6+3+3,108,0
16,7+2+2+1,24,6+3+2+1,36,0
16,7+2+2+1,25,6+3+1+1+1,108,0
16,7+2+2+1,26,6+2+2+2,288,0
16,7+2+2+1,27,6+2+2+1+1,96,0
16,7+2+2+1,28,6+2+1+1+1+1,288,0
16,7+2+2+1,29,6+1+1+1+1+1+1,4320,0
16,7+2+2+1,30,5+5+2,100,1
16,7+2+2+1,31,5+5+1+1,100,-1
16,7+2+2+1,32,5+4+3,60,-1
16,7+2+2+1,33,5+4+2+1,40,0
16,7+2+2+1,34,5+4+1+1+1,120,2
16,7+2+2+1,35,5+3+3+1,90,2
16,7+2+2+1,36,5+3+2+2,120,-1
16,7+2+2+1,37,5+3+2+1+1,60,-1
16,7+2+2+1,38,5+3+1+1+1+1,360,-1
16,7+2+2+1,39,5+2+2+2+1,240,0
16,7+2+2+1,40,5+2+2+1+1+1,240,2
16,7+2+2+1,41,5+2+1+1+1+1+1,1200,-4
16,7+2+2+1,42,5+1+1+1+1+1+1+1,25200,14
16,7+2+2+1,43,4+4+4,384,-3
16,7+2+2+1,44,4+4+3+1,96,1
16,7+2+2+1,45,4+4+2+2,256,-1
16,7+2+2+1,46,4+4+2+1+1,128,1
16,7+2+2+1,47,4+4+1+1+1+1,768,7
16,7+2+2+1,48,4+3+3+2,144,-2
16,7+2+2+1,49,4+3+3+1+1,144,2
16,7+2+2+1,50,4+3+2+2+1,96,-1
16,7+2+2+1,51,4+3+2+1+1+1,144,1
16,7+2+2+1,52,4+3+1+1+1+1+1,1440,-1
16,7+2+2+1,53,4+2+2+2+2,1536,-3
16,7+2+2+1,54,4+2+2+2+1+1,384,3
16,7+2+2+1,55,4+2+2+1+1+1+1,768,5
16,7+2+2+1,56,4+2+1+1+1+1+1+1,5760,-5
16,7+2+2+1,57,4+1+1+1+1+1+1+1+1,161280,77
16,7+2+2+1,58,3+3+3+3,1944,0
16,7+2+2+1,59,3+3+3+2+1,324,0
16,7+2+2+1,60,3+3+3+1+1+1,972,0
16,7+2+2+1,61,3+3+2+2+2,864,-6
16,7+2+2+1,62,3+3+2+2+1+1,288,-2
16,7+2+2+1,63,3+3+2+1+1+1+1,864,-6
16,7+2+2+1,64,3+3+1+1+1+1+1+1,12960,-18
16,7+2+2+1,65,3+2+2+2+2+1,1152,-3
16,7+2+2+1,66,3+2+2+2+1+1+1,864,3
16,7+2+2+1,67,3+2+2+1+1+1+1+1,2880,-11
16,7+2+2+1,68,3+2+1+1+1+1+1+1+1,30240,-21
16,7+2+2+1,69,3+1+1+1+1+1+1+1+1+1,1088640,189
16,7+2+2+1,70,2+2+2+2+2+2,46080,-9
16,7+2+2+1,71,2+2+2+2+2+1+1,7680,9
16,7+2+2+1,72,2+2+2+2+1+1+1+1,9216,15
16,7+2+2+1,73,2+2+2+1+1+1+1+1+1,34560,-15
16,7+2+2+1,74,2+2+1+1+1+1+1+1+1+1,322560,7
16,7+2+2+1,75,2+1+1+1+1+1+1+1+1+1+1,7257600,441
16,7+2+2+1,76,1+1+1+1+1+1+1+1+1+1+1+1,479001600,2079
17,7+2+1+1+1,0,12,12,0
17,7+2+1+1+1,1,11+1,11,1
17,7+2+1+1+1,2,10+2,20,0
17,7+2+1+1+1,3,10+1+1,20,0
17,7+2+1+1+1,4,9+3,27,0
17,7+2+1+1+1,5,9+2+1,18,0
17,7+2+1+1+1,6,9+1+1+1,54,0
17,7+2+1+1+1,7,8+4,32,0
17,7+2+1+1+1,8,8+3+1,24,0
17,7+2+1+1+1,9,8+2+2,64,0
17,7+2+1+1+1,10,8+2+1+1,32,0
17,7+2+1+1+1,11,8+1+1+1+1,192,0
17,7+2+1+1+1,12,7+5,35,-1
17,7+2+1+1+1,13,7+4+1,28,1
17,7+2+1+1+1,14,7+3+2,42,1
17,7+2+1+1+1,15,7+3+1+1,42,-1
17,7+2+1+1+1,16,7+2+2+1,56,-1
17,7+2+1+1+1,17,7+2+1+1+1,84,1
17,7+2+1+1+1,18,7+1+1+1+1+1,840,-1
17,7+2+1+1+1,19,6+6,72,0
17,7+2+1+1+1,20,6+5+1,30,0
17,7+2+1+1+1,21,6+4+2,48,0
17,7+2+1+1+1,22,6+4+1+1,48,0
17,7+2+1+1+1,23,6+3+3,108,0
17,7+2+1+1+1,24,6+3+2+1,36,0
17,7+2+1+1+1,25,6+3+1+1+1,108,0
17,7+2+1+1+1,26,6+2+2+2,288,0
17,7+2+1+1+1,27,6+2+2+1+1,96,0
17,7+2+1+1+1,28,6+2+1+1+1+1,288,0
17,7+2+1+1+1,29,6+1+1+1+1+1+1,4320,0
17,7+2+1+1+1,30,5+5+2,100,-2
17,7+2+1+1+1,31,5+5+1+1,100,-2
17,7+2+1+1+1,32,5+4+3,60,-1
17,7+2+1+1+1,33,5+4+2+1,40,-1
17,7+2+1+1+1,34,5+4+1+1+1,120,-1
17,7+2+1+1+1,35,5+3+3+1,90,-2
17,7+2+1+1+1,36,5+3+2+2,120,1
17,7+2+1+1+1,37,5+3+2+1+1,60,-1
17,7+2+1+1+1,38,5+3+1+1+1+1,360,1
17,7+2+1+1+1,39,5+2+2+2+1,240,-3
17,7+2+1+1+1,40,5+2+2+1+1+1,240,1
17,7+2+1+1+1,41,5+2+1+1+1+1+1,1200,-7
17,7+2+1+1+1,42,5+1+1+1+1+1+1+1,25200,13
17,7+2+1+1+1,43,4+4+4,384,0
17,7+2+1+1+1,44,4+4+3+1,96,0
17,7+2+1+1+1,45,4+4+2+2,256,0
17,7+2+1+1+1,46,4+4+2+1+1,128,0
17,7+2+1+1+1,47,4+4+1+1+1+1,768,0
17,7+2+1+1+1,48,4+3+3+2,144,2
17,7+2+1+1+1,49,4+3+3+1+1,144,-2
17,7+2+1+1+1,50,4+3+2+2+1,96,0
17,7+2+1+1+1,51,4+3+2+1+1+1,144,2
17,7+2+1+1+1,52,4+3+1+1+1+1+1,1440,4
17,7+2+1+1+1,53,4+2+2+2+2,1536,0
17,7+2+1+1+1,54,4+2+2+2+1+1,384,0
17,7+2+1+1+1,55,4+2+2+1+1+1+1,768,0
17,7+2+1+1+1,56,4+2+1+1+1+1+1+1,5760,-16
17,7+2+1+1+1,57,4+1+1+1+1+1+1+1+1,161280,64
17,7+2+1+1+1,58,3+3+3+3,1944,0
17,7+2+1+1+1,59,3+3+3+2+1,324,0
17,7+2+1+1+1,60,3+3+3+1+1+1,972,0
17,7+2+1+1+1,61,3+3+2+2+2,864,6
17,7+2+1+1+1,62,3+3+2+2+1+1,288,2
17,7+2+1+1+1,63,3+3+2+1+1+1+1,864,6
17,7+2+1+1+1,64,3+3+1+1+1+1+1+1,12960,18
17,7+2+1+1+1,65,3+2+2+2+2+1,1152,0
17,7+2+1+1+1,66,3+2+2+2+1+1+1,864,6
17,7+2+1+1+1,67,3+2+2+1+1+1+1+1,2880,-4
17,7+2+1+1+1,68,3+2+1+1+1+1+1+1+1,30240,-6
17,7+2+1+1+1,69,3+1+1+1+1+1+1+1+1+1,1088640,216
17,7+2+1+1+1,70,2+2+2+2+2+2,46080,0
17,7+2+1+1+1,71,2+2+2+2+2+1+1,7680,0
17,7+2+1+1+1,72,2+2+2+2+1+1+1+1,9216,0
17,7+2+1+1+1,73,2+2+2+1+1+1+1+1+1,34560,-48
17,7+2+1+1+1,74,2+2+1+1+1+1+1+1+1+1,322560,-64
17,7+2+1+1+1,75,2+1+1+1+1+1+1+1+1+1+1,7257600,288
17,7+2+1+1+1,76,1+1+1+1+1+1+1+1+1+1+1+1,479001600,1728
18,7+1+1+1+1+1,0,12,12,-1
18,7+1+1+1+1+1,1,11+1,11,0
18,7+1+1+1+1+1,2,10+2,20,0
18,7+1+1+1+1+1,3,10+1+1,20,0
18,7+1+1+1+1+1,4,9+3,27,0
18,7+1+1+1+1+1,5,9+2+1,18,0
18,7+1+1+1+1+1,6,9+1+1+1,54,0
18,7+1+1+1+1+1,7,8+4,32,0
18,7+1+1+1+1+1,8,8+3+1,24,0
18,7+1+1+1+1+1,9,8+2+2,64,0
18,7+1+1+1+1+1,10,8+2+1+1,32,0
18,7+1+1+1+1+1,11,8+1+1+1+1,192,0
18,7+1+1+1+1+1,12,7+5,35,0
18,7+1+1+1+1+1,13,7+4+1,28,0
18,7+1+1+1+1+1,14,7+3+2,42,0
18,7+1+1+1+1+1,15,7+3+1+1,42,0
18,7+1+1+1+1+1,16,7+2+2+1,56,0
18,7+1+1+1+1+1,17,7+2+1+1+1,84,0
18,7+1+1+1+1+1,18,7+1+1+1+1+1,840,0
18,7+1+1+1+1+1,19,6+6,72,-1
18,7+1+1+1+1+1,20,6+5+1,30,1
18,7+1+1+1+1+1,21,6+4+2,48,1
18,7+1+1+1+1+1,22,6+4+1+1,48,-1
18,7+1+1+1+1+1,23,6+3+3,108,1
18,7+1+1+1+1+1,24,6+3+2+1,36,-1
18,7+1+1+1+1+1,25,6+3+1+1+1,108,1
18,7+1+1+1+1+1,26,6+2+2+2,288,-1
18,7+1+1+1+1+1,27,6+2+2+1+1,96,1
18,7+1+1+1+1+1,28,6+2+1+1+1+1,288,-1
18,7+1+1+1+1+1,29,6+1+1+1+1+1+1,4320,1
18,7+1+1+1+1+1,30,5+5+2,100,2
18,7+1+1+1+1+1,31,5+5+1+1,100,2
18,7+1+1+1+1+1,32,5+4+3,60,2
18,7+1+1+1+1+1,33,5+4+2+1,40,1
18,7+1+1+1+1+1,34,5+4+1+1+1,120,-1
18,7+1+1+1+1+1,35,5+3+3+1,90,1
18,7+1+1+1+1+1,36,5+3+2+2,120,0
18,7+1+1+1+1+1,37,5+3+2+1+1,60,0
18,7+1+1+1+1+1,38,5+3+1+1+1+1,360,4
18,7+1+1+1+1+1,39,5+2+2+2+1,240,1
18,7+1+1+1+1+1,40,5+2+2+1+1+1,240,3
18,7+1+1+1+1+1,41,5+2+1+1+1+1+1,1200,-3
18,7+1+1+1+1+1,42,5+1+1+1+1+1+1+1,25200,7
18,7+1+1+1+1+1,43,4+4+4,384,2
18,7+1+1+1+1+1,44,4+4+3+1,96,0
18,7+1+1+1+1+1,45,4+4+2+2,256,2
18,7+1+1+1+1+1,46,4+4+2+1+1,128,-2
18,7+1+1+1+1+1,47,4+4+1+1+1+1,768,-6
18,7+1+1+1+1+1,48,4+3+3+2,144,1
18,7+1+1+1+1+1,49,4+3+3+1+1,144,-1
18,7+1+1+1+1+1,50,4+3+2+2+1,96,-2
18,7+1+1+1+1+1,51,4+3+2+1+1+1,144,-2
18,7+1+1+1+1+1,52,4+3+1+1+1+1+1,1440,2
18,7+1+1+1+1+1,53,4+2+2+2+2,1536,-2
18,7+1+1+1+1+1,54,4+2+2+2+1+1,384,2
18,7+1+1+1+1+1,55,4+2+2+1+1+1+1,768,-2
18,7+1+1+1+1+1,56,4+2+1+1+1+1+1+1,5760,-14
18,7+1+1+1+1+1,57,4+1+1+1+1+1+1+1+1,161280,14
18,7+1+1+1+1+1,58,3+3+3+3,1944,3
18,7+1+1+1+1+1,59,3+3+3+2+1,324,-3
18,7+1+1+1+1+1,60,3+3+3+1+1+1,972,3
18,7+1+1+1+1+1,61,3+3+2+2+2,864,-5
18,7+1+1+1+1+1,62,3+3+2+2+1+1,288,-3
18,7+1+1+1+1+1,63,3+3+2+1+1+1+1,864,3
18,7+1+1+1+1+1,64,3+3+1+1+1+1+1+1,12960,21
18,7+1+1+1+1+1,65,3+2+2+2+2+1,1152,-4
18,7+1+1+1+1+1,66,3+2+2+2+1+1+1,864,4
18,7+1+1+1+1+1,67,3+2+2+1+1+1+1+1,2880,0
18,7+1+1+1+1+1,68,3+2+1+1+1+1+1+1+1,30240,0
18,7+1+1+1+1+1,69,3+1+1+1+1+1+1+1+1+1,1088640,84
18,7+1+1+1+1+1,70,2+2+2+2+2+2,46080,-10
18,7+1+1+1+1+1,71,2+2+2+2+2+1+1,7680,10
18,7+1+1+1+1+1,72,2+2+2+2+1+1+1+1,9216,14
18,7+1+1+1+1+1,73,2+2+2+1+1+1+1+1+1,34560,-14
18,7+1+1+1+1+1,74,2+2+1+1+1+1+1+1+1+1,322560,-42
18,7+1+1+1+1+1,75,2+1+1+1+1+1+1+1+1+1+1,7257600,42
18,7+1+1+1+1+1,76,1+1+1+1+1+1+1+1+1+1+1+1,479001600,462
19,6+6,0,12,12,0
19,6+6,1,11+1,11,0
19,6+6,2,10+2,20,0
19,6+6,3,10+1+1,20,0
19,6+6,4,9+3,27,0
19,6+6,5,9+2+1,18,0
19,6+6,6,9+1+1+1,54,0
19,6+6,7,8+4,32,0
19,6+6,8,8+3+1,24,0
19,6+6,9,8+2+2,64,0
19,6+6,10,8+2+1+1,32,0
19,6+6,11,8+1+1+1+1,192,0
19,6+6,12,7+5,35,-1
19,6+6,13,7+4+1,28,-1
19,6+6,14,7+3+2,42,-1
19,6+6,15,7+3+1+1,42,-1
19,6+6,16,7+2+2+1,56,-1
19,6+6,17,7+2+1+1+1,84,-1
19,6+6,18,7+1+1+1+1+1,840,-1
19,6+6,19,6+6,72,2
19,6+6,20,6+5+1,30,1
19,6+6,21,6+4+2,48,2
19,6+6,22,6+4+1+1,48,0
19,6+6,23,6+3+3,108,2
19,6+6,24,6+3+2+1,36,1
19,6+6,25,6+3+1+1+1,108,-1
19,6+6,26,6+2+2+2,288,2
19,6+6,27,6+2+2+1+1,96,0
19,6+6,28,6+2+1+1+1+1,288,-2
19,6+6,29,6+1+1+1+1+1+1,4320,-4
19,6+6,30,5+5+2,100,-2
19,6+6,31,5+5+1+1,100,2
19,6+6,32,5+4+3,60,-1
19,6+6,33,5+4+2+1,40,0
19,6+6,34,5+4+1+1+1,120,2
19,6+6,35,5+3+3+1,90,1
19,6+6,36,5+3+2+2,120,-3
19,6+6,37,5+3+2+1+1,60,1
19,6+6,38,5+3+1+1+1+1,360,1
19,6+6,39,5+2+2+2+1,240,-2
19,6+6,40,5+2+2+1+1+1,240,0
19,6+6,41,5+2+1+1+1+1+1,1200,-2
19,6+6,42,5+1+1+1+1+1+1+1,25200,-8
19,6+6,43,4+4+4,384,0
19,6+6,44,4+4+3+1,96,-2
19,6+6,45,4+4+2+2,256,4
19,6+6,46,4+4+2+1+1,128,0
19,6+6,47,4+4+1+1+1+1,768,4
19,6+6,48,4+3+3+2,144,0
19,6+6,49,4+3+3+1+1,144,-2
19,6+6,50,4+3+2+2+1,96,0
19,6+6,51,4+3+2+1+1+1,144,0
19,6+6,52,4+3+1+1+1+1+1,1440,4
19,6+6,53,4+2+2+2+2,1536,8
19,6+6,54,4+2+2+2+1+1,384,0
19,6+6,55,4+2+2+1+1+1+1,768,0
19,6+6,56,4+2+1+1+1+1+1+1,5760,0
19,6+6,57,4+1+1+1+1+1+1+1+1,161280,-8
19,6+6,58,3+3+3+3,1944,6
19,6+6,59,3+3+3+2+1,324,3
19,6+6,60,3+3+3+1+1+1,972,-3
19,6+6,61,3+3+2+2+2,864,-4
19,6+6,62,3+3+2+2+1+1,288,2
19,6+6,63,3+3+2+1+1+1+1,864,0
19,6+6,64,3+3+1+1+1+1+1+1,12960,6
19,6+6,65,3+2+2+2+2+1,1152,-2
19,6+6,66,3+2+2+2+1+1+1,864,2
19,6+6,67,3+2+2+1+1+1+1+1,2880,2
19,6+6,68,3+2+1+1+1+1+1+1+1,30240,6
19,6+6,69,3+1+1+1+1+1+1+1+1+1,1088640,6
19,6+6,70,2+2+2+2+2+2,46080,20
19,6+6,71,2+2+2+2+2+1+1,7680,0
19,6+6,72,2+2+2+2+1+1+1+1,9216,4
19,6+6,73,2+2+2+1+1+1+1+1+1,34560,8
19,6+6,74,2+2+1+1+1+1+1+1+1+1,322560,20
19,6+6,75,2+1+1+1+1+1+1+1+1+1+1,7257600,48
19,6+6,76,1+1+1+1+1+1+1+1+1+1+1+1,479001600,132
20,6+5+1,0,12,12,0
20,6+5+1,1,11+1,11,0
20,6+5+1,2,10+2,20,0
20,6+5+1,3,10+1+1,20,0
20,6+5+1,4,9+3,27,0
20,6+5+1,5,9+2+1,18,0
20,6+5+1,6,9+1+1+1,54,0
20,6+5+1,7,8+4,32,1
20,6+5+1,8,8+3+1,24,1
20,6+5+1,9,8+2+2,64,1
20,6+5+1,10,8+2+1+1,32,1
20,6+5+1,11,8+1+1+1+1,192,1
20,6+5+1,12,7+5,35,0
20,6+5+1,13,7+4+1,28,0
20,6+5+1,14,7+3+2,42,0
20,6+5+1,15,7+3+1+1,42,0
20,6+5+1,16,7+2+2+1,56,0
20,6+5+1,17,7+2+1+1+1,84,0
20,6+5+1,18,7+1+1+1+1+1,840,0
20,6+5+1,19,6+6,72,-2
20,6+5+1,20,6+5+1,30,-1
20,6+5+1,21,6+4+2,48,-1
20,6+5+1,22,6+4+1+1,48,-1
20,6+5+1,23,6+3+3,108,-2
20,6+5+1,24,6+3+2+1,36,0
20,6+5+1,25,6+3+1+1+1,108,-2
20,6+5+1,26,6+2+2+2,288,1
20,6+5+1,27,6+2+2+1+1,96,1
20,6+5+1,28,6+2+1+1+1+1,288,-3
20,6+5+1,29,6+1+1+1+1+1+1,4320,-11
20,6+5+1,30,5+5+2,100,0
20,6+5+1,31,5+5+1+1,100,0
20,6+5+1,32,5+4+3,60,1
20,6+5+1,33,5+4+2+1,40,-1
20,6+5+1,34,5+4+1+1+1,120,1
20,6+5+1,35,5+3+3+1,90,1
20,6+5+1,36,5+3+2+2,120,1
20,6+5+1,37,5+3+2+1+1,60,1
20,6+5+1,38,5+3+1+1+1+1,360,1
20,6+5+1,39,5+2+2+2+1,240,-1
20,6+5+1,40,5+2+2+1+1+1,240,1
20,6+5+1,41,5+2+1+1+1+1+1,1200,-5
20,6+5+1,42,5+1+1+1+1+1+1+1,25200,-35
20,6+5+1,43,4+4+4,384,3
20,6+5+1,44,4+4+3+1,96,1
20,6+5+1,45,4+4+2+2,256,-1
20,6+5+1,46,4+4+2+1+1,128,-1
20,6+5+1,47,4+4+1+1+1+1,768,7
20,6+5+1,48,4+3+3+2,144,-1
20,6+5+1,49,4+3+3+1+1,144,-1
20,6+5+1,50,4+3+2+2+1,96,-1
20,6+5+1,51,4+3+2+1+1+1,144,-1
20,6+5+1,52,4+3+1+1+1+1+1,1440,11
20,6+5+1,53,4+2+2+2+2,1536,-1
20,6+5+1,54,4+2+2+2+1+1,384,-1
20,6+5+1,55,4+2+2+1+1+1+1,768,-1
20,6+5+1,56,4+2+1+1+1+1+1+1,5760,-1
20,6+5+1,57,4+1+1+1+1+1+1+1+1,161280,-49
20,6+5+1,58,3+3+3+3,1944,-6
20,6+5+1,59,3+3+3+2+1,324,0
20,6+5+1,60,3+3+3+1+1+1,972,-6
20,6+5+1,61,3+3+2+2+2,864,1
20,6+5+1,62,3+3+2+2+1+1,288,1
20,6+5+1,63,3+3+2+1+1+1+1,864,-3
20,6+5+1,64,3+3+1+1+1+1+1+1,12960,21
20,6+5+1,65,3+2+2+2+2+1,1152,-3
20,6+5+1,66,3+2+2+2+1+1+1,864,1
20,6+5+1,67,3+2+2+1+1+1+1+1,2880,1
20,6+5+1,68,3+2+1+1+1+1+1+1+1,30240,21
20,6+5+1,69,3+1+1+1+1+1+1+1+1+1,1088640,21
20,6+5+1,70,2+2+2+2+2+2,46080,-5
20,6+5+1,71,2+2+2+2+2+1+1,7680,-5
20,6+5+1,72,2+2+2+2+1+1+1+1,9216,3
20,6+5+1,73,2+2+2+1+1+1+1+1+1,34560,19
20,6+5+1,74,2+2+1+1+1+1+1+1+1+1,322560,91
20,6+5+1,75,2+1+1+1+1+1+1+1+1+1+1,7257600,315
20,6+5+1,76,1+1+1+1+1+1+1+1+1+1+1+1,479001600,1155
21,6+4+2,0,12,12,0
21,6+4+2,1,11+1,11,0
21,6+4+2,2,10+2,20,0
21,6+4+2,3,10+1+1,20,0
21,6+4+2,4,9+3,27,0
21,6+4+2,5,9+2+1,18,0
21,6+4+2,6,9+1+1+1,54,0
21,6+4+2,7,8+4,32,-1
21,6+4+2,8,8+3+1,24,0
21,6+4+2,9,8+2+2,64,-1
21,6+4+2,10,8+2+1+1,32,1
21,6+4+2,11,8+1+1+1+1,192,3
21,6+4+2,12,7+5,35,1
21,6+4+2,13,7+4+1,28,0
21,6+4+2,14,7+3+2,42,0
21,6+4+2,15,7+3+1+1,42,0
21,6+4+2,16,7+2+2+1,56,-2
21,6+4+2,17,7+2+1+1+1,84,0
21,6+4+2,18,7+1+1+1+1+1,840,6
21,6+4+2,19,6+6,72,0
21,6+4+2,20,6+5+1,30,0
21,6+4+2,21,6+4+2,48,0
21,6+4+2,22,6+4+1+1,48,0
21,6+4+2,23,6+3+3,108,0
21,6+4+2,24,6+3+2+1,36,0
21,6+4+2,25,6+3+1+1+1,108,0
21,6+4+2,26,6+2+2+2,288,0
21,6+4+2,27,6+2+2+1+1,96,0
21,6+4+2,28,6+2+1+1+1+1,288,0
21,6+4+2,29,6+1+1+1+1+1+1,4320,0
21,6+4+2,30,5+5+2,100,2
21,6+4+2,31,5+5+1+1,100,-2
21,6+4+2,32,5+4+3,60,0
21,6+4+2,33,5+4+2+1,40,1
21,6+4+2,34,5+4+1+1+1,120,-3
21,6+4+2,35,5+3+3+1,90,0
21,6+4+2,36,5+3+2+2,120,0
21,6+4+2,37,5+3+2+1+1,60,0
21,6+4+2,38,5+3+1+1+1+1,360,0
21,6+4+2,39,5+2+2+2+1,240,-3
21,6+4+2,40,5+2+2+1+1+1,240,-3
21,6+4+2,41,5+2+1+1+1+1+1,1200,-3
21,6+4+2,42,5+1+1+1+1+1+1+1,25200,-27
21,6+4+2,43,4+4+4,384,-3
21,6+4+2,44,4+4+3+1,96,0
21,6+4+2,45,4+4+2+2,256,1
21,6+4+2,46,4+4+2+1+1,128,3
21,6+4+2,47,4+4+1+1+1+1,768,-3
21,6+4+2,48,4+3+3+2,144,0
21,6+4+2,49,4+3+3+1+1,144,0
21,6+4+2,50,4+3+2+2+1,96,0
21,6+4+2,51,4+3+2+1+1+1,144,0
21,6+4+2,52,4+3+1+1+1+1+1,1440,0
21,6+4+2,53,4+2+2+2+2,1536,9
21,6+4+2,54,4+2+2+2+1+1,384,3
21,6+4+2,55,4+2+2+1+1+1+1,768,-3
21,6+4+2,56,4+2+1+1+1+1+1+1,5760,-9
21,6+4+2,57,4+1+1+1+1+1+1+1+1,161280,-63
21,6+4+2,58,3+3+3+3,1944,0
21,6+4+2,59,3+3+3+2+1,324,0
21,6+4+2,60,3+3+3+1+1+1,972,0
21,6+4+2,61,3+3+2+2+2,864,0
21,6+4+2,62,3+3+2+2+1+1,288,0
21,6+4+2,63,3+3+2+1+1+1+1,864,0
21,6+4+2,64,3+3+1+1+1+1+1+1,12960,0
21,6+4+2,65,3+2+2+2+2+1,1152,0
21,6+4+2,66,3+2+2+2+1+1+1,864,0
21,6+4+2,67,3+2+2+1+1+1+1+1,2880,0
21,6+4+2,68,3+2+1+1+1+1+1+1+1,30240,0
21,6+4+2,69,3+1+1+1+1+1+1+1+1+1,1088640,0
21,6+4+2,70,2+2+2+2+2+2,46080,45
21,6+4+2,71,2+2+2+2+2+1+1,7680,15
21,6+4+2,72,2+2+2+2+1+1+1+1,9216,9
21,6+4+2,73,2+2+2+1+1+1+1+1+1,34560,27
21,6+4+2,74,2+2+1+1+1+1+1+1+1+1,322560,117
21,6+4+2,75,2+1+1+1+1+1+1+1+1+1+1,7257600,567
21,6+4+2,76,1+1+1+1+1+1+1+1+1+1+1+1,479001600,2673
22,6+4+1+1,0,12,12,0
22,6+4+1+1,1,11+1,11,0
22,6+4+1+1,2,10+2,20,0
22,6+4+1+1,3,10+1+1,20,0
22,6+4+1+1,4,9+3,27,-1
22,6+4+1+1,5,9+2+1,18,-1
22,6+4+1+1,6,9+1+1+1,54,-1
22,6+4+1+1,7,8+4,32,0
22,6+4+1+1,8,8+3+1,24,0
22,6+4+1+1,9,8+2+2,64,0
22,6+4+1+1,10,8+2+1+1,32,0
22,6+4+1+1,11,8+1+1+1+1,192,0
22,6+4+1+1,12,7+5,35,0
22,6+4+1+1,13,7+4+1,28,0
22,6+4+1+1,14,7+3+2,42,0
22,6+4+1+1,15,7+3+1+1,42,0
22,6+4+1+1,16,7+2+2+1,56,0
22,6+4+1+1,17,7+2+1+1+1,84,0
22,6+4+1+1,18,7+1+1+1+1+1,840,0
22,6+4+1+1,19,6+6,72,2
22,6+4+1+1,20,6+5+1,30,1
22,6+4+1+1,21,6+4+2,48,1
22,6+4+1+1,22,6+4+1+1,48,1
22,6+4+1+1,23,6+3+3,108,0
22,6+4+1+1,24,6+3+2+1,36,0
22,6+4+1+1,25,6+3+1+1+1,108,0
22,6+4+1+1,26,6+2+2+2,288,-1
22,6+4+1+1,27,6+2+2+1+1,96,3
22,6+4+1+1,28,6+2+1+1+1+1,288,3
22,6+4+1+1,29,6+1+1+1+1+1+1,4320,-9
22,6+4+1+1,30,5+5+2,100,0
22,6+4+1+1,31,5+5+1+1,100,0
22,6+4+1+1,32,5+4+3,60,-1
22,6+4+1+1,33,5+4+2+1,40,-1
22,6+4+1+1,34,5+4+1+1+1,120,-1
22,6+4+1+1,35,5+3+3+1,90,1
22,6+4+1+1,36,5+3+2+2,120,1
22,6+4+1+1,37,5+3+2+1+1,60,-1
22,6+4+1+1,38,5+3+1+1+1+1,360,1
22,6+4+1+1,39,5+2+2+2+1,240,1
22,6+4+1+1,40,5+2+2+1+1+1,240,1
22,6+4+1+1,41,5+2+1+1+1+1+1,1200,5
22,6+4+1+1,42,5+1+1+1+1+1+1+1,25200,-35
22,6+4+1+1,43,4+4+4,384,0
22,6+4+1+1,44,4+4+3+1,96,0
22,6+4+1+1,45,4+4+2+2,256,0
22,6+4+1+1,46,4+4+2+1+1,128,0
22,6+4+1+1,47,4+4+1+1+1+1,768,0
22,6+4+1+1,48,4+3+3+2,144,1
22,6+4+1+1,49,4+3+3+1+1,144,1
22,6+4+1+1,50,4+3+2+2+1,96,0
22,6+4+1+1,51,4+3+2+1+1+1,144,-2
22,6+4+1+1,52,4+3+1+1+1+1+1,1440,4
22,6+4+1+1,53,4+2+2+2+2,1536,-8
22,6+4+1+1,54,4+2+2+2+1+1,384,4
22,6+4+1+1,55,4+2+2+1+1+1+1,768,0
22,6+4+1+1,56,4+2+1+1+1+1+1+1,5760,4
22,6+4+1+1,57,4+1+1+1+1+1+1+1+1,161280,-56
22,6+4+1+1,58,3+3+3+3,1944,2
22,6+4+1+1,59,3+3+3+2+1,324,2
22,6+4+1+1,60,3+3+3+1+1+1,972,2
22,6+4+1+1,61,3+3+2+2+2,864,3
22,6+4+1+1,62,3+3+2+2+1+1,288,-1
22,6+4+1+1,63,3+3+2+1+1+1+1,864,-1
22,6+4+1+1,64,3+3+1+1+1+1+1+1,12960,11
22,6+4+1+1,65,3+2+2+2+2+1,1152,0
22,6+4+1+1,66,3+2+2+2+1+1+1,864,-6
22,6+4+1+1,67,3+2+2+1+1+1+1+1,2880,-4
22,6+4+1+1,68,3+2+1+1+1+1+1+1+1,30240,14
22,6+4+1+1,69,3+1+1+1+1+1+1+1+1+1,1088640,56
22,6+4+1+1,70,2+2+2+2+2+2,46080,-40
22,6+4+1+1,71,2+2+2+2+2+1+1,7680,0
22,6+4+1+1,72,2+2+2+2+1+1+1+1,9216,-24
22,6+4+1+1,73,2+2+2+1+1+1+1+1+1,34560,-24
22,6+4+1+1,74,2+2+1+1+1+1+1+1+1+1,322560,56
22,6+4+1+1,75,2+1+1+1+1+1+1+1+1+1+1,7257600,560
22,6+4+1+1,76,1+1+1+1+1+1+1+1+1+1+1+1,479001600,3080
23,6+3+3,0,12,12,0
23,6+3+3,1,11+1,11,0
23,6+3+3,2,10+2,20,0
23,6+3+3,3,10+1+1,20,0
23,6+3+3,4,9+3,27,0
23,6+3+3,5,9+2+1,18,0
23,6+3+3,6,9+1+1+1,54,0
23,6+3+3,7,8+4,32,0
23,6+3+3,8,8+3+1,24,-1
23,6+3+3,9,8+2+2,64,2
23,6+3+3,10,8+2+1+1,32,0
23,6+3+3,11,8+1+1+1+1,192,2
23,6+3+3,12,7+5,35,0
23,6+3+3,13,7+4+1,28,1
23,6+3+3,14,7+3+2,42,-1
23,6+3+3,15,7+3+1+1,42,-1
23,6+3+3,16,7+2+2+1,56,1
23,6+3+3,17,7+2+1+1+1,84,-1
23,6+3+3,18,7+1+1+1+1+1,840,5
23,6+3+3,19,6+6,72,0
23,6+3+3,20,6+5+1,30,0
23,6+3+3,21,6+4+2,48,-1
23,6+3+3,22,6+4+1+1,48,1
23,6+3+3,23,6+3+3,108,2
23,6+3+3,24,6+3+2+1,36,-1
23,6+3+3,25,6+3+1+1+1,108,-1
23,6+3+3,26,6+2+2+2,288,3
23,6+3+3,27,6+2+2+1+1,96,1
23,6+3+3,28,6+2+1+1+1+1,288,-1
23,6+3+3,29,6+1+1+1+1+1+1,4320,5
23,6+3+3,30,5+5+2,100,0
23,6+3+3,31,5+5+1+1,100,0
23,6+3+3,32,5+4+3,60,0
23,6+3+3,33,5+4+2+1,40,0
23,6+3+3,34,5+4+1+1+1,120,0
23,6+3+3,35,5+3+3+1,90,0
23,6+3+3,36,5+3+2+2,120,0
23,6+3+3,37,5+3+2+1+1,60,0
23,6+3+3,38,5+3+1+1+1+1,360,0
23,6+3+3,39,5+2+2+2+1,240,0
23,6+3+3,40,5+2+2+1+1+1,240,0
23,6+3+3,41,5+2+1+1+1+1+1,1200,0
23,6+3+3,42,5+1+1+1+1+1+1+1,25200,0
23,6+3+3,43,4+4+4,384,0
23,6+3+3,44,4+4+3+1,96,1
23,6+3+3,45,4+4+2+2,256,-2
23,6+3+3,46,4+4+2+1+1,128,0
23,6+3+3,47,4+4+1+1+1+1,768,-2
23,6+3+3,48,4+3+3+2,144,-1
23,6+3+3,49,4+3+3+1+1,144,1
23,6+3+3,50,4+3+2+2+1,96,-1
23,6+3+3,51,4+3+2+1+1+1,144,-1
23,6+3+3,52,4+3+1+1+1+1+1,1440,-5
23,6+3+3,53,4+2+2+2+2,1536,-4
23,6+3+3,54,4+2+2+2+1+1,384,-2
23,6+3+3,55,4+2+2+1+1+1+1,768,-4
23,6+3+3,56,4+2+1+1+1+1+1+1,5760,-10
23,6+3+3,57,4+1+1+1+1+1+1+1+1,161280,-20
23,6+3+3,58,3+3+3+3,1944,12
23,6+3+3,59,3+3+3+2+1,324,3
23,6+3+3,60,3+3+3+1+1+1,972,3
23,6+3+3,61,3+3+2+2+2,864,-1
23,6+3+3,62,3+3+2+2+1+1,288,5
23,6+3+3,63,3+3+2+1+1+1+1,864,3
23,6+3+3,64,3+3+1+1+1+1+1+1,12960,-15
23,6+3+3,65,3+2+2+2+2+1,1152,-7
23,6+3+3,66,3+2+2+2+1+1+1,864,5
23,6+3+3,67,3+2+2+1+1+1+1+1,2880,5
23,6+3+3,68,3+2+1+1+1+1+1+1+1,30240,-15
23,6+3+3,69,3+1+1+1+1+1+1+1+1+1,1088640,-15
23,6+3+3,70,2+2+2+2+2+2,46080,-30
23,6+3+3,71,2+2+2+2+2+1+1,7680,-20
23,6+3+3,72,2+2+2+2+1+1+1+1,9216,2
23,6+3+3,73,2+2+2+1+1+1+1+1+1,34560,20
23,6+3+3,74,2+2+1+1+1+1+1+1+1+1,322560,50
23,6+3+3,75,2+1+1+1+1+1+1+1+1+1+1,7257600,300
23,6+3+3,76,1+1+1+1+1+1+1+1+1+1+1+1,479001600,1650
24,6+3+2+1,0,12,12,0
24,6+3+2+1,1,11+1,11,0
24,6+3+2+1,2,10+2,20,0
24,6+3+2+1,3,10+1+1,20,0
24,6+3+2+1,4,9+3,27,1
24,6+3+2+1,5,9+2+1,18,0
24,6+3+2+1,6,9+1+1+1,54,-2
24,6+3+2+1,7,8+4,32,0
24,6+3+2+1,8,8+3+1,24,0
24,6+3+2+1,9,8+2+2,64,0
24,6+3+2+1,10,8+2+1+1,32,0
24,6+3+2+1,11,8+1+1+1+1,192,0
24,6+3+2+1,12,7+5,35,-1
24,6+3+2+1,13,7+4+1,28,0
24,6+3+2+1,14,7+3+2,42,1
24,6+3+2+1,15,7+3+1+1,42,1
24,6+3+2+1,16,7+2+2+1,56,0
24,6+3+2+1,17,7+2+1+1+1,84,-2
24,6+3+2+1,18,7+1+1+1+1+1,840,4
24,6+3+2+1,19,6+6,72,0
24,6+3+2+1,20,6+5+1,30,0
24,6+3+2+1,21,6+4+2,48,0
24,6+3+2+1,22,6+4+1+1,48,0
24,6+3+2+1,23,6+3+3,108,0
24,6+3+2+1,24,6+3+2+1,36,0
24,6+3+2+1,25,6+3+1+1+1,108,0
24,6+3+2+1,26,6+2+2+2,288,0
24,6+3+2+1,27,6+2+2+1+1,96,0
24,6+3+2+1,28,6+2+1+1+1+1,288,0
24,6+3+2+1,29,6+1+1+1+1+1+1,4320,0
24,6+3+2+1,30,5+5+2,100,-2
24,6+3+2+1,31,5+5+1+1,100,2
24,6+3+2+1,32,5+4+3,60,0
24,6+3+2+1,33,5+4+2+1,40,0
24,6+3+2+1,34,5+4+1+1+1,120,0
24,6+3+2+1,35,5+3+3+1,90,-2
24,6+3+2+1,36,5+3+2+2,120,0
24,6+3+2+1,37,5+3+2+1+1,60,2
24,6+3+2+1,38,5+3+1+1+1+1,360,4
24,6+3+2+1,39,5+2+2+2+1,240,0
24,6+3+2+1,40,5+2+2+1+1+1,240,0
24,6+3+2+1,41,5+2+1+1+1+1+1,1200,8
24,6+3+2+1,42,5+1+1+1+1+1+1+1,25200,-8
24,6+3+2+1,43,4+4+4,384,0
24,6+3+2+1,44,4+4+3+1,96,0
24,6+3+2+1,45,4+4+2+2,256,0
24,6+3+2+1,46,4+4+2+1+1,128,0
24,6+3+2+1,47,4+4+1+1+1+1,768,0
24,6+3+2+1,48,4+3+3+2,144,0
24,6+3+2+1,49,4+3+3+1+1,144,0
24,6+3+2+1,50,4+3+2+2+1,96,0
24,6+3+2+1,51,4+3+2+1+1+1,144,0
24,6+3+2+1,52,4+3+1+1+1+1+1,1440,0
24,6+3+2+1,53,4+2+2+2+2,1536,0
24,6+3+2+1,54,4+2+2+2+1+1,384,0
24,6+3+2+1,55,4+2+2+1+1+1+1,768,0
24,6+3+2+1,56,4+2+1+1+1+1+1+1,5760,0
24,6+3+2+1,57,4+1+1+1+1+1+1+1+1,161280,0
24,6+3+2+1,58,3+3+3+3,1944,-8
24,6+3+2+1,59,3+3+3+2+1,324,-6
24,6+3+2+1,60,3+3+3+1+1+1,972,-2
24,6+3+2+1,61,3+3+2+2+2,864,0
24,6+3+2+1,62,3+3+2+2+1+1,288,0
24,6+3+2+1,63,3+3+2+1+1+1+1,864,0
24,6+3+2+1,64,3+3+1+1+1+1+1+1,12960,-32
24,6+3+2+1,65,3+2+2+2+2+1,1152,0
24,6+3+2+1,66,3+2+2+2+1+1+1,864,0
24,6+3+2+1,67,3+2+2+1+1+1+1+1,2880,0
24,6+3+2+1,68,3+2+1+1+1+1+1+1+1,30240,-48
24,6+3+2+1,69,3+1+1+1+1+1+1+1+1+1,1088640,64
24,6+3+2+1,70,2+2+2+2+2+2,46080,0
24,6+3+2+1,71,2+2+2+2+2+1+1,7680,0
24,6+3+2+1,72,2+2+2+2+1+1+1+1,9216,0
24,6+3+2+1,73,2+2+2+1+1+1+1+1+1,34560,0
24,6+3+2+1,74,2+2+1+1+1+1+1+1+1+1,322560,0
24,6+3+2+1,75,2+1+1+1+1+1+1+1+1+1+1,7257600,768
24,6+3+2+1,76,1+1+1+1+1+1+1+1+1+1+1+1,479001600,5632
25,6+3+1+1+1,0,12,12,0
25,6+3+1+1+1,1,11+1,11,0
25,6+3+1+1+1,2,10+2,20,1
25,6+3+1+1+1,3,10+1+1,20,1
25,6+3+1+1+1,4,9+3,27,0
25,6+3+1+1+1,5,9+2+1,18,0
25,6+3+1+1+1,6,9+1+1+1,54,0
25,6+3+1+1+1,7,8+4,32,0
25,6+3+1+1+1,8,8+3+1,24,0
25,6+3+1+1+1,9,8+2+2,64,0
25,6+3+1+1+1,10,8+2+1+1,32,0
25,6+3+1+1+1,11,8+1+1+1+1,192,0
25,6+3+1+1+1,12,7+5,35,0
25,6+3+1+1+1,13,7+4+1,28,0
25,6+3+1+1+1,14,7+3+2,42,0
25,6+3+1+1+1,15,7+3+1+1,42,0
25,6+3+1+1+1,16,7+2+2+1,56,0
25,6+3+1+1+1,17,7+2+1+1+1,84,0
25,6+3+1+1+1,18,7+1+1+1+1+1,840,0
25,6+3+1+1+1,19,6+6,72,-2
25,6+3+1+1+1,20,6+5+1,30,-1
25,6+3+1+1+1,21,6+4+2,48,0
25,6+3+1+1+1,22,6+4+1+1,48,0
25,6+3+1+1+1,23,6+3+3,108,0
25,6+3+1+1+1,24,6+3+2+1,36,-1
25,6+3+1+1+1,25,6+3+1+1+1,108,-3
25,6+3+1+1+1,26,6+2+2+2,288,-2
25,6+3+1+1+1,27,6+2+2+1+1,96,-2
25,6+3+1+1+1,28,6+2+1+1+1+1,288,2
25,6+3+1+1+1,29,6+1+1+1+1+1+1,4320,-6
25,6+3+1+1+1,30,5+5+2,100,1
25,6+3+1+1+1,31,5+5+1+1,100,1
25,6+3+1+1+1,32,5+4+3,60,0
25,6+3+1+1+1,33,5+4+2+1,40,0
25,6+3+1+1+1,34,5+4+1+1+1,120,0
25,6+3+1+1+1,35,5+3+3+1,90,1
25,6+3+1+1+1,36,5+3+2+2,120,-2
25,6+3+1+1+1,37,5+3+2+1+1,60,0
25,6+3+1+1+1,38,5+3+1+1+1+1,360,-2
25,6+3+1+1+1,39,5+2+2+2+1,240,2
25,6+3+1+1+1,40,5+2+2+1+1+1,240,-2
25,6+3+1+1+1,41,5+2+1+1+1+1+1,1200,6
25,6+3+1+1+1,42,5+1+1+1+1+1+1+1,25200,-14
25,6+3+1+1+1,43,4+4+4,384,0
25,6+3+1+1+1,44,4+4+3+1,96,0
25,6+3+1+1+1,45,4+4+2+2,256,0
25,6+3+1+1+1,46,4+4+2+1+1,128,0
25,6+3+1+1+1,47,4+4+1+1+1+1,768,0
25,6+3+1+1+1,48,4+3+3+2,144,0
25,6+3+1+1+1,49,4+3+3+1+1,144,0
25,6+3+1+1+1,50,4+3+2+2+1,96,0
25,6+3+1+1+1,51,4+3+2+1+1+1,144,0
25,6+3+1+1+1,52,4+3+1+1+1+1+1,1440,0
25,6+3+1+1+1,53,4+2+2+2+2,1536,0
25,6+3+1+1+1,54,4+2+2+2+1+1,384,0
25,6+3+1+1+1,55,4+2+2+1+1+1+1,768,0
25,6+3+1+1+1,56,4+2+1+1+1+1+1+1,5760,0
25,6+3+1+1+1,57,4+1+1+1+1+1+1+1+1,161280,0
25,6+3+1+1+1,58,3+3+3+3,1944,6
25,6+3+1+1+1,59,3+3+3+2+1,324,3
25,6+3+1+1+1,60,3+3+3+1+1+1,972,-3
25,6+3+1+1+1,61,3+3+2+2+2,864,-6
25,6+3+1+1+1,62,3+3+2+2+1+1,288,2
25,6+3+1+1+1,63,3+3+2+1+1+1+1,864,6
25,6+3+1+1+1,64,3+3+1+1+1+1+1+1,12960,6
25,6+3+1+1+1,65,3+2+2+2+2+1,1152,8
25,6+3+1+1+1,66,3+2+2+2+1+1+1,864,0
25,6+3+1+1+1,67,3+2+2+1+1+1+1+1,2880,8
25,6+3+1+1+1,68,3+2+1+1+1+1+1+1+1,30240,0
25,6+3+1+1+1,69,3+1+1+1+1+1+1+1+1+1,1088640,168
25,6+3+1+1+1,70,2+2+2+2+2+2,46080,16
25,6+3+1+1+1,71,2+2+2+2+2+1+1,7680,16
25,6+3+1+1+1,72,2+2+2+2+1+1+1+1,9216,-16
25,6+3+1+1+1,73,2+2+2+1+1+1+1+1+1,34560,-48
25,6+3+1+1+1,74,2+2+1+1+1+1+1+1+1+1,322560,-112
25,6+3+1+1+1,75,2+1+1+1+1+1+1+1+1+1+1,7257600,336
25,6+3+1+1+1,76,1+1+1+1+1+1+1+1+1+1+1+1,479001600,3696
26,6+2+2+2,0,12,12,0
26,6+2+2+2,1,11+1,11,0
26,6+2+2+2,2,10+2,20,0
26,6+2+2+2,3,10+1+1,20,0
26,6+2+2+2,4,9+3,27,-1
26,6+2+2+2,5,9+2+1,18,1
26,6+2+2+2,6,9+1+1+1,54,-1
26,6+2+2+2,7,8+4,32,1
26,6+2+2+2,8,8+3+1,24,-1
26,6+2+2+2,9,8+2+2,64,-1
26,6+2+2+2,10,8+2+1+1,32,1
26,6+2+2+2,11,8+1+1+1+1,192,-1
26,6+2+2+2,12,7+5,35,0
26,6+2+2+2,13,7+4+1,28,0
26,6+2+2+2,14,7+3+2,42,0
26,6+2+2+2,15,7+3+1+1,42,0
26,6+2+2+2,16,7+2+2+1,56,0
26,6+2+2+2,17,7+2+1+1+1,84,0
26,6+2+2+2,18,7+1+1+1+1+1,840,0
26,6+2+2+2,19,6+6,72,0
26,6+2+2+2,20,6+5+1,30,0
26,6+2+2+2,21,6+4+2,48,0
26,6+2+2+2,22,6+4+1+1,48,0
26,6+2+2+2,23,6+3+3,108,0
26,6+2+2+2,24,6+3+2+1,36,0
26,6+2+2+2,25,6+3+1+1+1,108,0
26,6+2+2+2,26,6+2+2+2,288,0
26,6+2+2+2,27,6+2+2+1+1,96,0
26,6+2+2+2,28,6+2+1+1+1+1,288,0
26,6+2+2+2,29,6+1+1+1+1+1+1,4320,0
26,6+2+2+2,30,5+5+2,100,0
26,6+2+2+2,31,5+5+1+1,100,0
26,6+2+2+2,32,5+4+3,60,0
26,6+2+2+2,33,5+4+2+1,40,0
26,6+2+2+2,34,5+4+1+1+1,120,0
26,6+2+2+2,35,5+3+3+1,90,0
26,6+2+2+2,36,5+3+2+2,120,0
26,6+2+2+2,37,5+3+2+1+1,60,0
26,6+2+2+2,38,5+3+1+1+1+1,360,0
26,6+2+2+2,39,5+2+2+2+1,240,0
26,6+2+2+2,40,5+2+2+1+1+1,240,0
26,6+2+2+2,41,5+2+1+1+1+1+1,1200,0
26,6+2+2+2,42,5+1+1+1+1+1+1+1,25200,0
26,6+2+2+2,43,4+4+4,384,3
26,6+2+2+2,44,4+4+3+1,96,-1
26,6+2+2+2,45,4+4+2+2,256,-3
26,6+2+2+2,46,4+4+2+1+1,128,-1
26,6+2+2+2,47,4+4+1+1+1+1,768,5
26,6+2+2+2,48,4+3+3+2,144,2
26,6+2+2+2,49,4+3+3+1+1,144,2
26,6+2+2+2,50,4+3+2+2+1,96,-3
26,6+2+2+2,51,4+3+2+1+1+1,144,-1
26,6+2+2+2,52,4+3+1+1+1+1+1,1440,5
26,6+2+2+2,53,4+2+2+2+2,1536,3
26,6+2+2+2,54,4+2+2+2+1+1,384,-3
26,6+2+2+2,55,4+2+2+1+1+1+1,768,3
26,6+2+2+2,56,4+2+1+1+1+1+1+1,5760,5
26,6+2+2+2,57,4+1+1+1+1+1+1+1+1,161280,35
26,6+2+2+2,58,3+3+3+3,1944,8
26,6+2+2+2,59,3+3+3+2+1,324,4
26,6+2+2+2,60,3+3+3+1+1+1,972,8
26,6+2+2+2,61,3+3+2+2+2,864,6
26,6+2+2+2,62,3+3+2+2+1+1,288,-2
26,6+2+2+2,63,3+3+2+1+1+1+1,864,-2
26,6+2+2+2,64,3+3+1+1+1+1+1+1,12960,-10
26,6+2+2+2,65,3+2+2+2+2+1,1152,3
26,6+2+2+2,66,3+2+2+2+1+1+1,864,-3
26,6+2+2+2,67,3+2+2+1+1+1+1+1,2880,-5
26,6+2+2+2,68,3+2+1+1+1+1+1+1+1,30240,-35
26,6+2+2+2,69,3+1+1+1+1+1+1+1+1+1,1088640,35
26,6+2+2+2,70,2+2+2+2+2+2,46080,45
26,6+2+2+2,71,2+2+2+2+2+1+1,7680,15
26,6+2+2+2,72,2+2+2+2+1+1+1+1,9216,21
26,6+2+2+2,73,2+2+2+1+1+1+1+1+1,34560,15
26,6+2+2+2,74,2+2+1+1+1+1+1+1+1+1,322560,-35
26,6+2+2+2,75,2+1+1+1+1+1+1+1+1+1+1,7257600,175
26,6+2+2+2,76,1+1+1+1+1+1+1+1+1+1+1+1,479001600,1925
27,6+2+2+1+1,0,12,12,0
27,6+2+2+1+1,1,11+1,11,0
27,6+2+2+1+1,2,10+2,20,-1
27,6+2+2+1+1,3,10+1+1,20,1
27,6+2+2+1+1,4,9+3,27,0
27,6+2+2+1+1,5,9+2+1,18,0
27,6+2+2+1+1,6,9+1+1+1,54,0
27,6+2+2+1+1,7,8+4,32,0
27,6+2+2+1+1,8,8+3+1,24,0
27,6+2+2+1+1,9,8+2+2,64,0
27,6+2+2+1+1,10,8+2+1+1,32,0
27,6+2+2+1+1,11,8+1+1+1+1,192,0
27,6+2+2+1+1,12,7+5,35,1
27,6+2+2+1+1,13,7+4+1,28,-1
27,6+2+2+1+1,14,7+3+2,42,-1
27,6+2+2+1+1,15,7+3+1+1,42,1
27,6+2+2+1+1,16,7+2+2+1,56,1
27,6+2+2+1+1,17,7+2+1+1+1,84,-1
27,6+2+2+1+1,18,7+1+1+1+1+1,840,1
27,6+2+2+1+1,19,6+6,72,0
27,6+2+2+1+1,20,6+5+1,30,0
27,6+2+2+1+1,21,6+4+2,48,0
27,6+2+2+1+1,22,6+4+1+1,48,0
27,6+2+2+1+1,23,6+3+3,108,0
27,6+2+2+1+1,24,6+3+2+1,36,0
27,6+2+2+1+1,25,6+3+1+1+1,108,0
27,6+2+2+1+1,26,6+2+2+2,288,0
27,6+2+2+1+1,27,6+2+2+1+1,96,0
27,6+2+2+1+1,28,6+2+1+1+1+1,288,0
27,6+2+2+1+1,29,6+1+1+1+1+1+1,4320,0
27,6+2+2+1+1,30,5+5+2,100,1
27,6+2+2+1+1,31,5+5+1+1,100,-1
27,6+2+2+1+1,32,5+4+3,60,1
27,6+2+2+1+1,33,5+4+2+1,40,0
27,6+2+2+1+1,34,5+4+1+1+1,120,-2
27,6+2+2+1+1,35,5+3+3+1,90,0
27,6+2+2+1+1,36,5+3+2+2,120,1
27,6+2+2+1+1,37,5+3+2+1+1,60,-1
27,6+2+2+1+1,38,5+3+1+1+1+1,360,-3
27,6+2+2+1+1,39,5+2+2+2+1,240,0
27,6+2+2+1+1,40,5+2+2+1+1+1,240,-2
27,6+2+2+1+1,41,5+2+1+1+1+1+1,1200,-4
27,6+2+2+1+1,42,5+1+1+1+1+1+1+1,25200,-6
27,6+2+2+1+1,43,4+4+4,384,0
27,6+2+2+1+1,44,4+4+3+1,96,-2
27,6+2+2+1+1,45,4+4+2+2,256,4
27,6+2+2+1+1,46,4+4+2+1+1,128,0
27,6+2+2+1+1,47,4+4+1+1+1+1,768,4
27,6+2+2+1+1,48,4+3+3+2,144,0
27,6+2+2+1+1,49,4+3+3+1+1,144,0
27,6+2+2+1+1,50,4+3+2+2+1,96,2
27,6+2+2+1+1,51,4+3+2+1+1+1,144,0
27,6+2+2+1+1,52,4+3+1+1+1+1+1,1440,6
27,6+2+2+1+1,53,4+2+2+2+2,1536,0
27,6+2+2+1+1,54,4+2+2+2+1+1,384,0
27,6+2+2+1+1,55,4+2+2+1+1+1+1,768,8
27,6+2+2+1+1,56,4+2+1+1+1+1+1+1,5760,0
27,6+2+2+1+1,57,4+1+1+1+1+1+1+1+1,161280,48
27,6+2+2+1+1,58,3+3+3+3,1944,0
27,6+2+2+1+1,59,3+3+3+2+1,324,0
27,6+2+2+1+1,60,3+3+3+1+1+1,972,0
27,6+2+2+1+1,61,3+3+2+2+2,864,0
27,6+2+2+1+1,62,3+3+2+2+1+1,288,0
27,6+2+2+1+1,63,3+3+2+1+1+1+1,864,0
27,6+2+2+1+1,64,3+3+1+1+1+1+1+1,12960,0
27,6+2+2+1+1,65,3+2+2+2+2+1,1152,-6
27,6+2+2+1+1,66,3+2+2+2+1+1+1,864,0
27,6+2+2+1+1,67,3+2+2+1+1+1+1+1,2880,6
27,6+2+2+1+1,68,3+2+1+1+1+1+1+1+1,30240,-36
27,6+2+2+1+1,69,3+1+1+1+1+1+1+1+1+1,1088640,162
27,6+2+2+1+1,70,2+2+2+2+2+2,46080,-36
27,6+2+2+1+1,71,2+2+2+2+2+1+1,7680,-24
27,6+2+2+1+1,72,2+2+2+2+1+1+1+1,9216,12
27,6+2+2+1+1,73,2+2+2+1+1+1+1+1+1,34560,0
27,6+2+2+1+1,74,2+2+1+1+1+1+1+1+1+1,322560,-132
27,6+2+2+1+1,75,2+1+1+1+1+1+1+1+1+1+1,7257600,216
27,6+2+2+1+1,76,1+1+1+1+1+1+1+1+1+1+1+1,479001600,3564
28,6+2+1+1+1+1,0,12,12,0
28,6+2+1+1+1+1,1,11+1,11,-1
28,6+2+1+1+1+1,2,10+2,20,0
28,6+2+1+1+1+1,3,10+1+1,20,0
28,6+2+1+1+1+1,4,9+3,27,0
28,6+2+1+1+1+1,5,9+2+1,18,0
28,6+2+1+1+1+1,6,9+1+1+1,54,0
28,6+2+1+1+1+1,7,8+4,32,0
28,6+2+1+1+1+1,8,8+3+1,24,0
28,6+2+1+1+1+1,9,8+2+2,64,0
28,6+2+1+1+1+1,10,8+2+1+1,32,0
28,6+2+1+1+1+1,11,8+1+1+1+1,192,0
28,6+2+1+1+1+1,12,7+5,35,0
28,6+2+1+1+1+1,13,7+4+1,28,0
28,6+2+1+1+1+1,14,7+3+2,42,0
28,6+2+1+1+1+1,15,7+3+1+1,42,0
28,6+2+1+1+1+1,16,7+2+2+1,56,0
28,6+2+1+1+1+1,17,7+2+1+1+1,84,0
28,6+2+1+1+1+1,18,7+1+1+1+1+1,840,0
28,6+2+1+1+1+1,19,6+6,72,2
28,6+2+1+1+1+1,20,6+5+1,30,0
28,6+2+1+1+1+1,21,6+4+2,48,0
28,6+2+1+1+1+1,22,6+4+1+1,48,2
28,6+2+1+1+1+1,23,6+3+3,108,0
28,6+2+1+1+1+1,24,6+3+2+1,36,2
28,6+2+1+1+1+1,25,6+3+1+1+1,108,0
28,6+2+1+1+1+1,26,6+2+2+2,288,2
28,6+2+1+1+1+1,27,6+2+2+1+1,96,0
28,6+2+1+1+1+1,28,6+2+1+1+1+1,288,2
28,6+2+1+1+1+1,29,6+1+1+1+1+1+1,4320,0
28,6+2+1+1+1+1,30,5+5+2,100,0
28,6+2+1+1+1+1,31,5+5+1+1,100,0
28,6+2+1+1+1+1,32,5+4+3,60,0
28,6+2+1+1+1+1,33,5+4+2+1,40,0
28,6+2+1+1+1+1,34,5+4+1+1+1,120,0
28,6+2+1+1+1+1,35,5+3+3+1,90,0
28,6+2+1+1+1+1,36,5+3+2+2,120,0
28,6+2+1+1+1+1,37,5+3+2+1+1,60,0
28,6+2+1+1+1+1,38,5+3+1+1+1+1,360,0
28,6+2+1+1+1+1,39,5+2+2+2+1,240,0
28,6+2+1+1+1+1,40,5+2+2+1+1+1,240,0
28,6+2+1+1+1+1,41,5+2+1+1+1+1+1,1200,0
28,6+2+1+1+1+1,42,5+1+1+1+1+1+1+1,25200,0
28,6+2+1+1+1+1,43,4+4+4,384,0
28,6+2+1+1+1+1,44,4+4+3+1,96,2
28,6+2+1+1+1+1,45,4+4+2+2,256,-4
28,6+2+1+1+1+1,46,4+4+2+1+1,128,0
28,6+2+1+1+1+1,47,4+4+1+1+1+1,768,-4
28,6+2+1+1+1+1,48,4+3+3+2,144,-2
28,6+2+1+1+1+1,49,4+3+3+1+1,144,0
28,6+2+1+1+1+1,50,4+3+2+2+1,96,0
28,6+2+1+1+1+1,51,4+3+2+1+1+1,144,-2
28,6+2+1+1+1+1,52,4+3+1+1+1+1+1,1440,0
28,6+2+1+1+1+1,53,4+2+2+2+2,1536,0
28,6+2+1+1+1+1,54,4+2+2+2+1+1,384,-4
28,6+2+1+1+1+1,55,4+2+2+1+1+1+1,768,0
28,6+2+1+1+1+1,56,4+2+1+1+1+1+1+1,5760,-20
28,6+2+1+1+1+1,57,4+1+1+1+1+1+1+1+1,161280,0
28,6+2+1+1+1+1,58,3+3+3+3,1944,-6
28,6+2+1+1+1+1,59,3+3+3+2+1,324,0
28,6+2+1+1+1+1,60,3+3+3+1+1+1,972,-6
28,6+2+1+1+1+1,61,3+3+2+2+2,864,0
28,6+2+1+1+1+1,62,3+3+2+2+1+1,288,-2
28,6+2+1+1+1+1,63,3+3+2+1+1+1+1,864,0
28,6+2+1+1+1+1,64,3+3+1+1+1+1+1+1,12960,30
28,6+2+1+1+1+1,65,3+2+2+2+2+1,1152,2
28,6+2+1+1+1+1,66,3+2+2+2+1+1+1,864,0
28,6+2+1+1+1+1,67,3+2+2+1+1+1+1+1,2880,10
28,6+2+1+1+1+1,68,3+2+1+1+1+1+1+1+1,30240,0
28,6+2+1+1+1+1,69,3+1+1+1+1+1+1+1+1+1,1088640,210
28,6+2+1+1+1+1,70,2+2+2+2+2+2,46080,20
28,6+2+1+1+1+1,71,2+2+2+2+2+1+1,7680,0
28,6+2+1+1+1+1,72,2+2+2+2+1+1+1+1,9216,20
28,6+2+1+1+1+1,73,2+2+2+1+1+1+1+1+1,34560,0
28,6+2+1+1+1+1,74,2+2+1+1+1+1+1+1+1+1,322560,-140
28,6+2+1+1+1+1,75,2+1+1+1+1+1+1+1+1+1+1,7257600,0
28,6+2+1+1+1+1,76,1+1+1+1+1+1+1+1+1+1+1+1,479001600,2100
29,6+1+1+1+1+1+1,0,12,12,1
29,6+1+1+1+1+1+1,1,11+1,11,0
29,6+1+1+1+1+1+1,2,10+2,20,0
29,6+1+1+1+1+1+1,3,10+1+1,20,0
29,6+1+1+1+1+1+1,4,9+3,27,0
29,6+1+1+1+1+1+1,5,9+2+1,18,0
29,6+1+1+1+1+1+1,6,9+1+1+1,54,0
29,6+1+1+1+1+1+1,7,8+4,32,0
29,6+1+1+1+1+1+1,8,8+3+1,24,0
29,6+1+1+1+1+1+1,9,8+2+2,64,0
29,6+1+1+1+1+1+1,10,8+2+1+1,32,0
29,6+1+1+1+1+1+1,11,8+1+1+1+1,192,0
29,6+1+1+1+1+1+1,12,7+5,35,0
29,6+1+1+1+1+1+1,13,7+4+1,28,0
29,6+1+1+1+1+1+1,14,7+3+2,42,0
29,6+1+1+1+1+1+1,15,7+3+1+1,42,0
29,6+1+1+1+1+1+1,16,7+2+2+1,56,0
29,6+1+1+1+1+1+1,17,7+2+1+1+1,84,0
29,6+1+1+1+1+1+1,18,7+1+1+1+1+1,840,0
29,6+1+1+1+1+1+1,19,6+6,72,-1
29,6+1+1+1+1+1+1,20,6+5+1,30,-1
29,6+1+1+1+1+1+1,21,6+4+2,48,-1
29,6+1+1+1+1+1+1,22,6+4+1+1,48,-1
29,6+1+1+1+1+1+1,23,6+3+3,108,-1
29,6+1+1+1+1+1+1,24,6+3+2+1,36,-1
29,6+1+1+1+1+1+1,25,6+3+1+1+1,108,-1
29,6+1+1+1+1+1+1,26,6+2+2+2,288,-1
29,6+1+1+1+1+1+1,27,6+2+2+1+1,96,-1
29,6+1+1+1+1+1+1,28,6+2+1+1+1+1,288,-1
29,6+1+1+1+1+1+1,29,6+1+1+1+1+1+1,4320,-1
29,6+1+1+1+1+1+1,30,5+5+2,100,-2
29,6+1+1+1+1+1+1,31,5+5+1+1,100,2
29,6+1+1+1+1+1+1,32,5+4+3,60,-2
29,6+1+1+1+1+1+1,33,5+4+2+1,40,1
29,6+1+1+1+1+1+1,34,5+4+1+1+1,120,1
29,6+1+1+1+1+1+1,35,5+3+3+1,90,1
29,6+1+1+1+1+1+1,36,5+3+2+2,120,0
29,6+1+1+1+1+1+1,37,5+3+2+1+1,60,0
29,6+1+1+1+1+1+1,38,5+3+1+1+1+1,360,4
29,6+1+1+1+1+1+1,39,5+2+2+2+1,240,-1
29,6+1+1+1+1+1+1,40,5+2+2+1+1+1,240,3
29,6+1+1+1+1+1+1,41,5+2+1+1+1+1+1,1200,3
29,6+1+1+1+1+1+1,42,5+1+1+1+1+1+1+1,25200,7
29,6+1+1+1+1+1+1,43,4+4+4,384,-2
29,6+1+1+1+1+1+1,44,4+4+3+1,96,0
29,6+1+1+1+1+1+1,45,4+4+2+2,256,2
29,6+1+1+1+1+1+1,46,4+4+2+1+1,128,2
29,6+1+1+1+1+1+1,47,4+4+1+1+1+1,768,-6
29,6+1+1+1+1+1+1,48,4+3+3+2,144,1
29,6+1+1+1+1+1+1,49,4+3+3+1+1,144,1
29,6+1+1+1+1+1+1,50,4+3+2+2+1,96,2
29,6+1+1+1+1+1+1,51,4+3+2+1+1+1,144,-2
29,6+1+1+1+1+1+1,52,4+3+1+1+1+1+1,1440,-2
29,6+1+1+1+1+1+1,53,4+2+2+2+2,1536,2
29,6+1+1+1+1+1+1,54,4+2+2+2+1+1,384,2
29,6+1+1+1+1+1+1,55,4+2+2+1+1+1+1,768,2
29,6+1+1+1+1+1+1,56,4+2+1+1+1+1+1+1,5760,-14
29,6+1+1+1+1+1+1,57,4+1+1+1+1+1+1+1+1,161280,-14
29,6+1+1+1+1+1+1,58,3+3+3+3,1944,3
29,6+1+1+1+1+1+1,59,3+3+3+2+1,324,3
29,6+1+1+1+1+1+1,60,3+3+3+1+1+1,972,3
29,6+1+1+1+1+1+1,61,3+3+2+2+2,864,5
29,6+1+1+1+1+1+1,62,3+3+2+2+1+1,288,-3
29,6+1+1+1+1+1+1,63,3+3+2+1+1+1+1,864,-3
29,6+1+1+1+1+1+1,64,3+3+1+1+1+1+1+1,12960,21
29,6+1+1+1+1+1+1,65,3+2+2+2+2+1,1152,-4
29,6+1+1+1+1+1+1,66,3+2+2+2+1+1+1,864,-4
29,6+1+1+1+1+1+1,67,3+2+2+1+1+1+1+1,2880,0
29,6+1+1+1+1+1+1,68,3+2+1+1+1+1+1+1+1,30240,0
29,6+1+1+1+1+1+1,69,3+1+1+1+1+1+1+1+1+1,1088640,84
29,6+1+1+1+1+1+1,70,2+2+2+2+2+2,46080,-10
29,6+1+1+1+1+1+1,71,2+2+2+2+2+1+1,7680,-10
29,6+1+1+1+1+1+1,72,2+2+2+2+1+1+1+1,9216,14
29,6+1+1+1+1+1+1,73,2+2+2+1+1+1+1+1+1,34560,14
29,6+1+1+1+1+1+1,74,2+2+1+1+1+1+1+1+1+1,322560,-42
29,6+1+1+1+1+1+1,75,2+1+1+1+1+1+1+1+1+1+1,7257600,-42
29,6+1+1+1+1+1+1,76,1+1+1+1+1+1+1+1+1+1+1+1,479001600,462
30,5+5+2,0,12,12,0
30,5+5+2,1,11+1,11,0
30,5+5+2,2,10+2,20,0
30,5+5+2,3,10+1+1,20,0
30,5+5+2,4,9+3,27,0
30,5+5+2,5,9+2+1,18,0
30,5+5+2,6,9+1+1+1,54,0
30,5+5+2,7,8+4,32,0
30,5+5+2,8,8+3+1,24,0
30,5+5+2,9,8+2+2,64,0
30,5+5+2,10,8+2+1+1,32,0
30,5+5+2,11,8+1+1+1+1,192,0
30,5+5+2,12,7+5,35,-1
30,5+5+2,13,7+4+1,28,0
30,5+5+2,14,7+3+2,42,-1
30,5+5+2,15,7+3+1+1,42,1
30,5+5+2,16,7+2+2+1,56,0
30,5+5+2,17,7+2+1+1+1,84,2
30,5+5+2,18,7+1+1+1+1+1,840,4
30,5+5+2,19,6+6,72,2
30,5+5+2,20,6+5+1,30,0
30,5+5+2,21,6+4+2,48,1
30,5+5+2,22,6+4+1+1,48,-1
30,5+5+2,23,6+3+3,108,2
30,5+5+2,24,6+3+2+1,36,-1
30,5+5+2,25,6+3+1+1+1,108,-1
30,5+5+2,26,6+2+2+2,288,-1
30,5+5+2,27,6+2+2+1+1,96,-3
30,5+5+2,28,6+2+1+1+1+1,288,-1
30,5+5+2,29,6+1+1+1+1+1+1,4320,5
30,5+5+2,30,5+5+2,100,0
30,5+5+2,31,5+5+1+1,100,0
30,5+5+2,32,5+4+3,60,-1
30,5+5+2,33,5+4+2+1,40,1
30,5+5+2,34,5+4+1+1+1,120,-1
30,5+5+2,35,5+3+3+1,90,0
30,5+5+2,36,5+3+2+2,120,1
30,5+5+2,37,5+3+2+1+1,60,1
30,5+5+2,38,5+3+1+1+1+1,360,-3
30,5+5+2,39,5+2+2+2+1,240,3
30,5+5+2,40,5+2+2+1+1+1,240,1
30,5+5+2,41,5+2+1+1+1+1+1,1200,-5
30,5+5+2,42,5+1+1+1+1+1+1+1,25200,-15
30,5+5+2,43,4+4+4,384,0
30,5+5+2,44,4+4+3+1,96,0
30,5+5+2,45,4+4+2+2,256,0
30,5+5+2,46,4+4+2+1+1,128,0
30,5+5+2,47,4+4+1+1+1+1,768,0
30,5+5+2,48,4+3+3+2,144,-1
30,5+5+2,49,4+3+3+1+1,144,1
30,5+5+2,50,4+3+2+2+1,96,0
30,5+5+2,51,4+3+2+1+1+1,144,2
30,5+5+2,52,4+3+1+1+1+1+1,1440,4
30,5+5+2,53,4+2+2+2+2,1536,-8
30,5+5+2,54,4+2+2+2+1+1,384,-4
30,5+5+2,55,4+2+2+1+1+1+1,768,0
30,5+5+2,56,4+2+1+1+1+1+1+1,5760,-4
30,5+5+2,57,4+1+1+1+1+1+1+1+1,161280,-56
30,5+5+2,58,3+3+3+3,1944,6
30,5+5+2,59,3+3+3+2+1,324,-3
30,5+5+2,60,3+3+3+1+1+1,972,-3
30,5+5+2,61,3+3+2+2+2,864,5
30,5+5+2,62,3+3+2+2+1+1,288,-1
30,5+5+2,63,3+3+2+1+1+1+1,864,-3
30,5+5+2,64,3+3+1+1+1+1+1+1,12960,15
30,5+5+2,65,3+2+2+2+2+1,1152,8
30,5+5+2,66,3+2+2+2+1+1+1,864,2
30,5+5+2,67,3+2+2+1+1+1+1+1,2880,-4
30,5+5+2,68,3+2+1+1+1+1+1+1+1,30240,6
30,5+5+2,69,3+1+1+1+1+1+1+1+1+1,1088640,-48
30,5+5+2,70,2+2+2+2+2+2,46080,-40
30,5+5+2,71,2+2+2+2+2+1+1,7680,0
30,5+5+2,72,2+2+2+2+1+1+1+1,9216,8
30,5+5+2,73,2+2+2+1+1+1+1+1+1,34560,8
30,5+5+2,74,2+2+1+1+1+1+1+1+1+1,322560,56
30,5+5+2,75,2+1+1+1+1+1+1+1+1+1+1,7257600,240
30,5+5+2,76,1+1+1+1+1+1+1+1+1+1+1+1,479001600,1320
31,5+5+1+1,0,12,12,0
31,5+5+1+1,1,11+1,11,0
31,5+5+1+1,2,10+2,20,0
31,5+5+1+1,3,10+1+1,20,0
31,5+5+1+1,4,9+3,27,0
31,5+5+1+1,5,9+2+1,18,0
31,5+5+1+1,6,9+1+1+1,54,0
31,5+5+1+1,7,8+4,32,-1
31,5+5+1+1,8,8+3+1,24,-1
31,5+5+1+1,9,8+2+2,64,-1
31,5+5+1+1,10,8+2+1+1,32,-1
31,5+5+1+1,11,8+1+1+1+1,192,-1
31,5+5+1+1,12,7+5,35,1
31,5+5+1+1,13,7+4+1,28,1
31,5+5+1+1,14,7+3+2,42,1
31,5+5+1+1,15,7+3+1+1,42,1
31,5+5+1+1,16,7+2+2+1,56,1
31,5+5+1+1,17,7+2+1+1+1,84,1
31,5+5+1+1,18,7+1+1+1+1+1,840,1
31,5+5+1+1,19,6+6,72,0
31,5+5+1+1,20,6+5+1,30,0
31,5+5+1+1,21,6+4+2,48,0
31,5+5+1+1,22,6+4+1+1,48,0
31,5+5+1+1,23,6+3+3,108,0
31,5+5+1+1,24,6+3+2+1,36,0
31,5+5+1+1,25,6+3+1+1+1,108,0
31,5+5+1+1,26,6+2+2+2,288,0
31,5+5+1+1,27,6+2+2+1+1,96,0
31,5+5+1+1,28,6+2+1+1+1+1,288,0
31,5+5+1+1,29,6+1+1+1+1+1+1,4320,0
31,5+5+1+1,30,5+5+2,100,0
31,5+5+1+1,31,5+5+1+1,100,0
31,5+5+1+1,32,5+4+3,60,0
31,5+5+1+1,33,5+4+2+1,40,0
31,5+5+1+1,34,5+4+1+1+1,120,0
31,5+5+1+1,35,5+3+3+1,90,-2
31,5+5+1+1,36,5+3+2+2,120,-2
31,5+5+1+1,37,5+3+2+1+1,60,0
31,5+5+1+1,38,5+3+1+1+1+1,360,-2
31,5+5+1+1,39,5+2+2+2+1,240,0
31,5+5+1+1,40,5+2+2+1+1+1,240,4
31,5+5+1+1,41,5+2+1+1+1+1+1,1200,0
31,5+5+1+1,42,5+1+1+1+1+1+1+1,25200,-20
31,5+5+1+1,43,4+4+4,384,-3
31,5+5+1+1,44,4+4+3+1,96,1
31,5+5+1+1,45,4+4+2+2,256,1
31,5+5+1+1,46,4+4+2+1+1,128,-3
31,5+5+1+1,47,4+4+1+1+1+1,768,1
31,5+5+1+1,48,4+3+3+2,144,2
31,5+5+1+1,49,4+3+3+1+1,144,2
31,5+5+1+1,50,4+3+2+2+1,96,1
31,5+5+1+1,51,4+3+2+1+1+1,144,-1
31,5+5+1+1,52,4+3+1+1+1+1+1,1440,5
31,5+5+1+1,53,4+2+2+2+2,1536,9
31,5+5+1+1,54,4+2+2+2+1+1,384,-3
31,5+5+1+1,55,4+2+2+1+1+1+1,768,1
31,5+5+1+1,56,4+2+1+1+1+1+1+1,5760,5
31,5+5+1+1,57,4+1+1+1+1+1+1+1+1,161280,-55
31,5+5+1+1,58,3+3+3+3,1944,0
31,5+5+1+1,59,3+3+3+2+1,324,0
31,5+5+1+1,60,3+3+3+1+1+1,972,0
31,5+5+1+1,61,3+3+2+2+2,864,-6
31,5+5+1+1,62,3+3+2+2+1+1,288,2
31,5+5+1+1,63,3+3+2+1+1+1+1,864,-6
31,5+5+1+1,64,3+3+1+1+1+1+1+1,12960,18
31,5+5+1+1,65,3+2+2+2+2+1,1152,-3
31,5+5+1+1,66,3+2+2+2+1+1+1,864,3
31,5+5+1+1,67,3+2+2+1+1+1+1+1,2880,-7
31,5+5+1+1,68,3+2+1+1+1+1+1+1+1,30240,15
31,5+5+1+1,69,3+1+1+1+1+1+1+1+1+1,1088640,-27
31,5+5+1+1,70,2+2+2+2+2+2,46080,45
31,5+5+1+1,71,2+2+2+2+2+1+1,7680,-15
31,5+5+1+1,72,2+2+2+2+1+1+1+1,9216,-3
31,5+5+1+1,73,2+2+2+1+1+1+1+1+1,34560,-15
31,5+5+1+1,74,2+2+1+1+1+1+1+1+1+1,322560,29
31,5+5+1+1,75,2+1+1+1+1+1+1+1+1+1+1,7257600,225
31,5+5+1+1,76,1+1+1+1+1+1+1+1+1+1+1+1,479001600,1485
32,5+4+3,0,12,12,0
32,5+4+3,1,11+1,11,0
32,5+4+3,2,10+2,20,0
32,5+4+3,3,10+1+1,20,0
32,5+4+3,4,9+3,27,0
32,5+4+3,5,9+2+1,18,0
32,5+4+3,6,9+1+1+1,54,0
32,5+4+3,7,8+4,32,0
32,5+4+3,8,8+3+1,24,0
32,5+4+3,9,8+2+2,64,0
32,5+4+3,10,8+2+1+1,32,0
32,5+4+3,11,8+1+1+1+1,192,0
32,5+4+3,12,7+5,35,0
32,5+4+3,13,7+4+1,28,-1
32,5+4+3,14,7+3+2,42,1
32,5+4+3,15,7+3+1+1,42,-1
32,5+4+3,16,7+2+2+1,56,1
32,5+4+3,17,7+2+1+1+1,84,1
32,5+4+3,18,7+1+1+1+1+1,840,5
32,5+4+3,19,6+6,72,0
32,5+4+3,20,6+5+1,30,1
32,5+4+3,21,6+4+2,48,0
32,5+4+3,22,6+4+1+1,48,0
32,5+4+3,23,6+3+3,108,-2
32,5+4+3,24,6+3+2+1,36,0
32,5+4+3,25,6+3+1+1+1,108,-2
32,5+4+3,26,6+2+2+2,288,0
32,5+4+3,27,6+2+2+1+1,96,0
32,5+4+3,28,6+2+1+1+1+1,288,0
32,5+4+3,29,6+1+1+1+1+1+1,4320,16
32,5+4+3,30,5+5+2,100,-2
32,5+4+3,31,5+5+1+1,100,2
32,5+4+3,32,5+4+3,60,1
32,5+4+3,33,5+4+2+1,40,-1
32,5+4+3,34,5+4+1+1+1,120,1
32,5+4+3,35,5+3+3+1,90,1
32,5+4+3,36,5+3+2+2,120,-1
32,5+4+3,37,5+3+2+1+1,60,-1
32,5+4+3,38,5+3+1+1+1+1,360,-5
32,5+4+3,39,5+2+2+2+1,240,1
32,5+4+3,40,5+2+2+1+1+1,240,-1
32,5+4+3,41,5+2+1+1+1+1+1,1200,-7
32,5+4+3,42,5+1+1+1+1+1+1+1,25200,7
32,5+4+3,43,4+4+4,384,0
32,5+4+3,44,4+4+3+1,96,0
32,5+4+3,45,4+4+2+2,256,0
32,5+4+3,46,4+4+2+1+1,128,0
32,5+4+3,47,4+4+1+1+1+1,768,0
32,5+4+3,48,4+3+3+2,144,2
32,5+4+3,49,4+3+3+1+1,144,2
32,5+4+3,50,4+3+2+2+1,96,0
32,5+4+3,51,4+3+2+1+1+1,144,2
32,5+4+3,52,4+3+1+1+1+1+1,1440,-4
32,5+4+3,53,4+2+2+2+2,1536,0
32,5+4+3,54,4+2+2+2+1+1,384,0
32,5+4+3,55,4+2+2+1+1+1+1,768,0
32,5+4+3,56,4+2+1+1+1+1+1+1,5760,-16
32,5+4+3,57,4+1+1+1+1+1+1+1+1,161280,-64
32,5+4+3,58,3+3+3+3,1944,-12
32,5+4+3,59,3+3+3+2+1,324,0
32,5+4+3,60,3+3+3+1+1+1,972,6
32,5+4+3,61,3+3+2+2+2,864,-2
32,5+4+3,62,3+3+2+2+1+1,288,-2
32,5+4+3,63,3+3+2+1+1+1+1,864,6
32,5+4+3,64,3+3+1+1+1+1+1+1,12960,6
32,5+4+3,65,3+2+2+2+2+1,1152,0
32,5+4+3,66,3+2+2+2+1+1+1,864,-2
32,5+4+3,67,3+2+2+1+1+1+1+1,2880,4
32,5+4+3,68,3+2+1+1+1+1+1+1+1,30240,-6
32,5+4+3,69,3+1+1+1+1+1+1+1+1+1,1088640,-120
32,5+4+3,70,2+2+2+2+2+2,46080,0
32,5+4+3,71,2+2+2+2+2+1+1,7680,0
32,5+4+3,72,2+2+2+2+1+1+1+1,9216,0
32,5+4+3,73,2+2+2+1+1+1+1+1+1,34560,16
32,5+4+3,74,2+2+1+1+1+1+1+1+1+1,322560,64
32,5+4+3,75,2+1+1+1+1+1+1+1+1+1+1,7257600,288
32,5+4+3,76,1+1+1+1+1+1+1+1+1+1+1+1,479001600,2112
33,5+4+2+1,0,12,12,0
33,5+4+2+1,1,11+1,11,0
33,5+4+2+1,2,10+2,20,0
33,5+4+2+1,3,10+1+1,20,0
33,5+4+2+1,4,9+3,27,0
33,5+4+2+1,5,9+2+1,18,0
33,5+4+2+1,6,9+1+1+1,54,0
33,5+4+2+1,7,8+4,32,1
33,5+4+2+1,8,8+3+1,24,0
33,5+4+2+1,9,8+2+2,64,1
33,5+4+2+1,10,8+2+1+1,32,-1
33,5+4+2+1,11,8+1+1+1+1,192,-3
33,5+4+2+1,12,7+5,35,0
33,5+4+2+1,13,7+4+1,28,0
33,5+4+2+1,14,7+3+2,42,0
33,5+4+2+1,15,7+3+1+1,42,0
33,5+4+2+1,16,7+2+2+1,56,0
33,5+4+2+1,17,7+2+1+1+1,84,0
33,5+4+2+1,18,7+1+1+1+1+1,840,0
33,5+4+2+1,19,6+6,72,-2
33,5+4+2+1,20,6+5+1,30,0
33,5+4+2+1,21,6+4+2,48,-1
33,5+4+2+1,22,6+4+1+1,48,1
33,5+4+2+1,23,6+3+3,108,0
33,5+4+2+1,24,6+3+2+1,36,1
33,5+4+2+1,25,6+3+1+1+1,108,3
33,5+4+2+1,26,6+2+2+2,288,1
33,5+4+2+1,27,6+2+2+1+1,96,-1
33,5+4+2+1,28,6+2+1+1+1+1,288,1
33,5+4+2+1,29,6+1+1+1+1+1+1,4320,15
33,5+4+2+1,30,5+5+2,100,0
33,5+4+2+1,31,5+5+1+1,100,0
33,5+4+2+1,32,5+4+3,60,0
33,5+4+2+1,33,5+4+2+1,40,0
33,5+4+2+1,34,5+4+1+1+1,120,0
33,5+4+2+1,35,5+3+3+1,90,0
33,5+4+2+1,36,5+3+2+2,120,0
33,5+4+2+1,37,5+3+2+1+1,60,0
33,5+4+2+1,38,5+3+1+1+1+1,360,0
33,5+4+2+1,39,5+2+2+2+1,240,0
33,5+4+2+1,40,5+2+2+1+1+1,240,0
33,5+4+2+1,41,5+2+1+1+1+1+1,1200,0
33,5+4+2+1,42,5+1+1+1+1+1+1+1,25200,0
33,5+4+2+1,43,4+4+4,384,3
33,5+4+2+1,44,4+4+3+1,96,-2
33,5+4+2+1,45,4+4+2+2,256,-1
33,5+4+2+1,46,4+4+2+1+1,128,1
33,5+4+2+1,47,4+4+1+1+1+1,768,-5
33,5+4+2+1,48,4+3+3+2,144,-1
33,5+4+2+1,49,4+3+3+1+1,144,-3
33,5+4+2+1,50,4+3+2+2+1,96,0
33,5+4+2+1,51,4+3+2+1+1+1,144,2
33,5+4+2+1,52,4+3+1+1+1+1+1,1440,0
33,5+4+2+1,53,4+2+2+2+2,1536,-1
33,5+4+2+1,54,4+2+2+2+1+1,384,1
33,5+4+2+1,55,4+2+2+1+1+1+1,768,3
33,5+4+2+1,56,4+2+1+1+1+1+1+1,5760,5
33,5+4+2+1,57,4+1+1+1+1+1+1+1+1,161280,-105
33,5+4+2+1,58,3+3+3+3,1944,6
33,5+4+2+1,59,3+3+3+2+1,324,3
33,5+4+2+1,60,3+3+3+1+1+1,972,-3
33,5+4+2+1,61,3+3+2+2+2,864,-3
33,5+4+2+1,62,3+3+2+2+1+1,288,-1
33,5+4+2+1,63,3+3+2+1+1+1+1,864,-3
33,5+4+2+1,64,3+3+1+1+1+1+1+1,12960,15
33,5+4+2+1,65,3+2+2+2+2+1,1152,-2
33,5+4+2+1,66,3+2+2+2+1+1+1,864,0
33,5+4+2+1,67,3+2+2+1+1+1+1+1,2880,-10
33,5+4+2+1,68,3+2+1+1+1+1+1+1+1,30240,0
33,5+4+2+1,69,3+1+1+1+1+1+1+1+1+1,1088640,-210
33,5+4+2+1,70,2+2+2+2+2+2,46080,-5
33,5+4+2+1,71,2+2+2+2+2+1+1,7680,5
33,5+4+2+1,72,2+2+2+2+1+1+1+1,9216,7
33,5+4+2+1,73,2+2+2+1+1+1+1+1+1,34560,-15
33,5+4+2+1,74,2+2+1+1+1+1+1+1+1+1,322560,35
33,5+4+2+1,75,2+1+1+1+1+1+1+1+1+1+1,7257600,525
33,5+4+2+1,76,1+1+1+1+1+1+1+1+1+1+1+1,479001600,5775
34,5+4+1+1+1,0,12,12,0
34,5+4+1+1+1,1,11+1,11,0
34,5+4+1+1+1,2,10+2,20,0
34,5+4+1+1+1,3,10+1+1,20,0
34,5+4+1+1+1,4,9+3,27,1
34,5+4+1+1+1,5,9+2+1,18,1
34,5+4+1+1+1,6,9+1+1+1,54,1
34,5+4+1+1+1,7,8+4,32,0
34,5+4+1+1+1,8,8+3+1,24,0
34,5+4+1+1+1,9,8+2+2,64,0
34,5+4+1+1+1,10,8+2+1+1,32,0
34,5+4+1+1+1,11,8+1+1+1+1,192,0
34,5+4+1+1+1,12,7+5,35,-1
34,5+4+1+1+1,13,7+4+1,28,-1
34,5+4+1+1+1,14,7+3+2,42,-1
34,5+4+1+1+1,15,7+3+1+1,42,-1
34,5+4+1+1+1,16,7+2+2+1,56,-1
34,5+4+1+1+1,17,7+2+1+1+1,84,-1
34,5+4+1+1+1,18,7+1+1+1+1+1,840,-1
34,5+4+1+1+1,19,6+6,72,0
34,5+4+1+1+1,20,6+5+1,30,0
34,5+4+1+1+1,21,6+4+2,48,0
34,5+4+1+1+1,22,6+4+1+1,48,0
34,5+4+1+1+1,23,6+3+3,108,0
34,5+4+1+1+1,24,6+3+2+1,36,0
34,5+4+1+1+1,25,6+3+1+1+1,108,0
34,5+4+1+1+1,26,6+2+2+2,288,0
34,5+4+1+1+1,27,6+2+2+1+1,96,0
34,5+4+1+1+1,28,6+2+1+1+1+1,288,0
34,5+4+1+1+1,29,6+1+1+1+1+1+1,4320,0
34,5+4+1+1+1,30,5+5+2,100,0
34,5+4+1+1+1,31,5+5+1+1,100,0
34,5+4+1+1+1,32,5+4+3,60,1
34,5+4+1+1+1,33,5+4+2+1,40,1
34,5+4+1+1+1,34,5+4+1+1+1,120,1
34,5+4+1+1+1,35,5+3+3+1,90,0
34,5+4+1+1+1,36,5+3+2+2,120,1
34,5+4+1+1+1,37,5+3+2+1+1,60,-1
34,5+4+1+1+1,38,5+3+1+1+1+1,360,-3
34,5+4+1+1+1,39,5+2+2+2+1,240,-3
34,5+4+1+1+1,40,5+2+2+1+1+1,240,1
34,5+4+1+1+1,41,5+2+1+1+1+1+1,1200,5
34,5+4+1+1+1,42,5+1+1+1+1+1+1+1,25200,-15
34,5+4+1+1+1,43,4+4+4,384,0
34,5+4+1+1+1,44,4+4+3+1,96,0
34,5+4+1+1+1,45,4+4+2+2,256,0
34,5+4+1+1+1,46,4+4+2+1+1,128,0
34,5+4+1+1+1,47,4+4+1+1+1+1,768,0
34,5+4+1+1+1,48,4+3+3+2,144,-2
34,5+4+1+1+1,49,4+3+3+1+1,144,2
34,5+4+1+1+1,50,4+3+2+2+1,96,0
34,5+4+1+1+1,51,4+3+2+1+1+1,144,-2
34,5+4+1+1+1,52,4+3+1+1+1+1+1,1440,-4
34,5+4+1+1+1,53,4+2+2+2+2,1536,0
34,5+4+1+1+1,54,4+2+2+2+1+1,384,0
34,5+4+1+1+1,55,4+2+2+1+1+1+1,768,0
34,5+4+1+1+1,56,4+2+1+1+1+1+1+1,5760,16
34,5+4+1+1+1,57,4+1+1+1+1+1+1+1+1,161280,-64
34,5+4+1+1+1,58,3+3+3+3,1944,-8
34,5+4+1+1+1,59,3+3+3+2+1,324,-2
34,5+4+1+1+1,60,3+3+3+1+1+1,972,10
34,5+4+1+1+1,61,3+3+2+2+2,864,6
34,5+4+1+1+1,62,3+3+2+2+1+1,288,2
34,5+4+1+1+1,63,3+3+2+1+1+1+1,864,-2
34,5+4+1+1+1,64,3+3+1+1+1+1+1+1,12960,10
34,5+4+1+1+1,65,3+2+2+2+2+1,1152,0
34,5+4+1+1+1,66,3+2+2+2+1+1+1,864,6
34,5+4+1+1+1,67,3+2+2+1+1+1+1+1,2880,-4
34,5+4+1+1+1,68,3+2+1+1+1+1+1+1+1,30240,34
34,5+4+1+1+1,69,3+1+1+1+1+1+1+1+1+1,1088640,-8
34,5+4+1+1+1,70,2+2+2+2+2+2,46080,0
34,5+4+1+1+1,71,2+2+2+2+2+1+1,7680,0
34,5+4+1+1+1,72,2+2+2+2+1+1+1+1,9216,0
34,5+4+1+1+1,73,2+2+2+1+1+1+1+1+1,34560,-48
34,5+4+1+1+1,74,2+2+1+1+1+1+1+1+1+1,322560,-64
34,5+4+1+1+1,75,2+1+1+1+1+1+1+1+1+1+1,7257600,160
34,5+4+1+1+1,76,1+1+1+1+1+1+1+1+1+1+1+1,479001600,3520
35,5+3+3+1,0,12,12,0
35,5+3+3+1,1,11+1,11,0
35,5+3+3+1,2,10+2,20,0
35,5+3+3+1,3,10+1+1,20,0
35,5+3+3+1,4,9+3,27,0
35,5+3+3+1,5,9+2+1,18,0
35,5+3+3+1,6,9+1+1+1,54,0
35,5+3+3+1,7,8+4,32,0
35,5+3+3+1,8,8+3+1,24,1
35,5+3+3+1,9,8+2+2,64,-2
35,5+3+3+1,10,8+2+1+1,32,0
35,5+3+3+1,11,8+1+1+1+1,192,-2
35,5+3+3+1,12,7+5,35,0
35,5+3+3+1,13,7+4+1,28,0
35,5+3+3+1,14,7+3+2,42,0
35,5+3+3+1,15,7+3+1+1,42,0
35,5+3+3+1,16,7+2+2+1,56,0
35,5+3+3+1,17,7+2+1+1+1,84,0
35,5+3+3+1,18,7+1+1+1+1+1,840,0
35,5+3+3+1,19,6+6,72,0
35,5+3+3+1,20,6+5+1,30,-1
35,5+3+3+1,21,6+4+2,48,1
35,5+3+3+1,22,6+4+1+1,48,1
35,5+3+3+1,23,6+3+3,108,0
35,5+3+3+1,24,6+3+2+1,36,0
35,5+3+3+1,25,6+3+1+1+1,108,0
35,5+3+3+1,26,6+2+2+2,288,-3
35,5+3+3+1,27,6+2+2+1+1,96,1
35,5+3+3+1,28,6+2+1+1+1+1,288,-3
35,5+3+3+1,29,6+1+1+1+1+1+1,4320,9
35,5+3+3+1,30,5+5+2,100,2
35,5+3+3+1,31,5+5+1+1,100,-2
35,5+3+3+1,32,5+4+3,60,-1
35,5+3+3+1,33,5+4+2+1,40,0
35,5+3+3+1,34,5+4+1+1+1,120,2
35,5+3+3+1,35,5+3+3+1,90,1
35,5+3+3+1,36,5+3+2+2,120,1
35,5+3+3+1,37,5+3+2+1+1,60,-1
35,5+3+3+1,38,5+3+1+1+1+1,360,1
35,5+3+3+1,39,5+2+2+2+1,240,2
35,5+3+3+1,40,5+2+2+1+1+1,240,4
35,5+3+3+1,41,5+2+1+1+1+1+1,1200,2
35,5+3+3+1,42,5+1+1+1+1+1+1+1,25200,28
35,5+3+3+1,43,4+4+4,384,0
35,5+3+3+1,44,4+4+3+1,96,-1
35,5+3+3+1,45,4+4+2+2,256,2
35,5+3+3+1,46,4+4+2+1+1,128,0
35,5+3+3+1,47,4+4+1+1+1+1,768,2
35,5+3+3+1,48,4+3+3+2,144,-1
35,5+3+3+1,49,4+3+3+1+1,144,-1
35,5+3+3+1,50,4+3+2+2+1,96,-1
35,5+3+3+1,51,4+3+2+1+1+1,144,-1
35,5+3+3+1,52,4+3+1+1+1+1+1,1440,-1
35,5+3+3+1,53,4+2+2+2+2,1536,4
35,5+3+3+1,54,4+2+2+2+1+1,384,-2
35,5+3+3+1,55,4+2+2+1+1+1+1,768,-4
35,5+3+3+1,56,4+2+1+1+1+1+1+1,5760,-10
35,5+3+3+1,57,4+1+1+1+1+1+1+1+1,161280,-28
35,5+3+3+1,58,3+3+3+3,1944,0
35,5+3+3+1,59,3+3+3+2+1,324,0
35,5+3+3+1,60,3+3+3+1+1+1,972,0
35,5+3+3+1,61,3+3+2+2+2,864,3
35,5+3+3+1,62,3+3+2+2+1+1,288,-1
35,5+3+3+1,63,3+3+2+1+1+1+1,864,3
35,5+3+3+1,64,3+3+1+1+1+1+1+1,12960,-9
35,5+3+3+1,65,3+2+2+2+2+1,1152,3
35,5+3+3+1,66,3+2+2+2+1+1+1,864,3
35,5+3+3+1,67,3+2+2+1+1+1+1+1,2880,11
35,5+3+3+1,68,3+2+1+1+1+1+1+1+1,30240,-21
35,5+3+3+1,69,3+1+1+1+1+1+1+1+1+1,1088640,-189
35,5+3+3+1,70,2+2+2+2+2+2,46080,30
35,5+3+3+1,71,2+2+2+2+2+1+1,7680,-20
35,5+3+3+1,72,2+2+2+2+1+1+1+1,9216,-18
35,5+3+3+1,73,2+2+2+1+1+1+1+1+1,34560,12
35,5+3+3+1,74,2+2+1+1+1+1+1+1+1+1,322560,14
35,5+3+3+1,75,2+1+1+1+1+1+1+1+1+1+1,7257600,252
35,5+3+3+1,76,1+1+1+1+1+1+1+1+1+1+1+1,479001600,4158
36,5+3+2+2,0,12,12,0
36,5+3+2+2,1,11+1,11,0
36,5+3+2+2,2,10+2,20,0
36,5+3+2+2,3,10+1+1,20,0
36,5+3+2+2,4,9+3,27,0
36,5+3+2+2,5,9+2+1,18,0
36,5+3+2+2,6,9+1+1+1,54,0
36,5+3+2+2,7,8+4,32,-1
36,5+3+2+2,8,8+3+1,24,0
36,5+3+2+2,9,8+2+2,64,1
36,5+3+2+2,10,8+2+1+1,32,1
36,5+3+2+2,11,8+1+1+1+1,192,-3
36,5+3+2+2,12,7+5,35,1
36,5+3+2+2,13,7+4+1,28,0
36,5+3+2+2,14,7+3+2,42,-1
36,5+3+2+2,15,7+3+1+1,42,-1
36,5+3+2+2,16,7+2+2+1,56,0
36,5+3+2+2,17,7+2+1+1+1,84,2
36,5+3+2+2,18,7+1+1+1+1+1,840,-4
36,5+3+2+2,19,6+6,72,0
36,5+3+2+2,20,6+5+1,30,0
36,5+3+2+2,21,6+4+2,48,0
36,5+3+2+2,22,6+4+1+1,48,0
36,5+3+2+2,23,6+3+3,108,0
36,5+3+2+2,24,6+3+2+1,36,0
36,5+3+2+2,25,6+3+1+1+1,108,0
36,5+3+2+2,26,6+2+2+2,288,0
36,5+3+2+2,27,6+2+2+1+1,96,0
36,5+3+2+2,28,6+2+1+1+1+1,288,0
36,5+3+2+2,29,6+1+1+1+1+1+1,4320,0
36,5+3+2+2,30,5+5+2,100,0
36,5+3+2+2,31,5+5+1+1,100,0
36,5+3+2+2,32,5+4+3,60,1
36,5+3+2+2,33,5+4+2+1,40,-1
36,5+3+2+2,34,5+4+1+1+1,120,1
36,5+3+2+2,35,5+3+3+1,90,0
36,5+3+2+2,36,5+3+2+2,120,-1
36,5+3+2+2,37,5+3+2+1+1,60,-1
36,5+3+2+2,38,5+3+1+1+1+1,360,3
36,5+3+2+2,39,5+2+2+2+1,240,-3
36,5+3+2+2,40,5+2+2+1+1+1,240,-1
36,5+3+2+2,41,5+2+1+1+1+1+1,1200,5
36,5+3+2+2,42,5+1+1+1+1+1+1+1,25200,15
36,5+3+2+2,43,4+4+4,384,-3
36,5+3+2+2,44,4+4+3+1,96,2
36,5+3+2+2,45,4+4+2+2,256,3
36,5+3+2+2,46,4+4+2+1+1,128,-1
36,5+3+2+2,47,4+4+1+1+1+1,768,-1
36,5+3+2+2,48,4+3+3+2,144,0
36,5+3+2+2,49,4+3+3+1+1,144,0
36,5+3+2+2,50,4+3+2+2+1,96,2
36,5+3+2+2,51,4+3+2+1+1+1,144,0
36,5+3+2+2,52,4+3+1+1+1+1+1,1440,6
36,5+3+2+2,53,4+2+2+2+2,1536,-3
36,5+3+2+2,54,4+2+2+2+1+1,384,-3
36,5+3+2+2,55,4+2+2+1+1+1+1,768,-7
36,5+3+2+2,56,4+2+1+1+1+1+1+1,5760,9
36,5+3+2+2,57,4+1+1+1+1+1+1+1+1,161280,21
36,5+3+2+2,58,3+3+3+3,1944,0
36,5+3+2+2,59,3+3+3+2+1,324,0
36,5+3+2+2,60,3+3+3+1+1+1,972,0
36,5+3+2+2,61,3+3+2+2+2,864,0
36,5+3+2+2,62,3+3+2+2+1+1,288,0
36,5+3+2+2,63,3+3+2+1+1+1+1,864,0
36,5+3+2+2,64,3+3+1+1+1+1+1+1,12960,0
36,5+3+2+2,65,3+2+2+2+2+1,1152,6
36,5+3+2+2,66,3+2+2+2+1+1+1,864,0
36,5+3+2+2,67,3+2+2+1+1+1+1+1,2880,-6
36,5+3+2+2,68,3+2+1+1+1+1+1+1+1,30240,-36
36,5+3+2+2,69,3+1+1+1+1+1+1+1+1+1,1088640,-162
36,5+3+2+2,70,2+2+2+2+2+2,46080,-45
36,5+3+2+2,71,2+2+2+2+2+1+1,7680,15
36,5+3+2+2,72,2+2+2+2+1+1+1+1,9216,15
36,5+3+2+2,73,2+2+2+1+1+1+1+1+1,34560,27
36,5+3+2+2,74,2+2+1+1+1+1+1+1+1+1,322560,-21
36,5+3+2+2,75,2+1+1+1+1+1+1+1+1+1+1,7257600,135
36,5+3+2+2,76,1+1+1+1+1+1+1+1+1+1+1+1,479001600,4455
37,5+3+2+1+1,0,12,12,0
37,5+3+2+1+1,1,11+1,11,0
37,5+3+2+1+1,2,10+2,20,0
37,5+3+2+1+1,3,10+1+1,20,0
37,5+3+2+1+1,4,9+3,27,-1
37,5+3+2+1+1,5,9+2+1,18,0
37,5+3+2+1+1,6,9+1+1+1,54,2
37,5+3+2+1+1,7,8+4,32,0
37,5+3+2+1+1,8,8+3+1,24,0
37,5+3+2+1+1,9,8+2+2,64,0
37,5+3+2+1+1,10,8+2+1+1,32,0
37,5+3+2+1+1,11,8+1+1+1+1,192,0
37,5+3+2+1+1,12,7+5,35,0
37,5+3+2+1+1,13,7+4+1,28,0
37,5+3+2+1+1,14,7+3+2,42,0
37,5+3+2+1+1,15,7+3+1+1,42,0
37,5+3+2+1+1,16,7+2+2+1,56,0
37,5+3+2+1+1,17,7+2+1+1+1,84,0
37,5+3+2+1+1,18,7+1+1+1+1+1,840,0
37,5+3+2+1+1,19,6+6,72,2
37,5+3+2+1+1,20,6+5+1,30,0
37,5+3+2+1+1,21,6+4+2,48,0
37,5+3+2+1+1,22,6+4+1+1,48,-2
37,5+3+2+1+1,23,6+3+3,108,0
37,5+3+2+1+1,24,6+3+2+1,36,0
37,5+3+2+1+1,25,6+3+1+1+1,108,0
37,5+3+2+1+1,26,6+2+2+2,288,2
37,5+3+2+1+1,27,6+2+2+1+1,96,0
37,5+3+2+1+1,28,6+2+1+1+1+1,288,-6
37,5+3+2+1+1,29,6+1+1+1+1+1+1,4320,0
37,5+3+2+1+1,30,5+5+2,100,0
37,5+3+2+1+1,31,5+5+1+1,100,0
37,5+3+2+1+1,32,5+4+3,60,0
37,5+3+2+1+1,33,5+4+2+1,40,0
37,5+3+2+1+1,34,5+4+1+1+1,120,0
37,5+3+2+1+1,35,5+3+3+1,90,0
37,5+3+2+1+1,36,5+3+2+2,120,0
37,5+3+2+1+1,37,5+3+2+1+1,60,0
37,5+3+2+1+1,38,5+3+1+1+1+1,360,0
37,5+3+2+1+1,39,5+2+2+2+1,240,0
37,5+3+2+1+1,40,5+2+2+1+1+1,240,0
37,5+3+2+1+1,41,5+2+1+1+1+1+1,1200,0
37,5+3+2+1+1,42,5+1+1+1+1+1+1+1,25200,0
37,5+3+2+1+1,43,4+4+4,384,0
37,5+3+2+1+1,44,4+4+3+1,96,2
37,5+3+2+1+1,45,4+4+2+2,256,-4
37,5+3+2+1+1,46,4+4+2+1+1,128,0
37,5+3+2+1+1,47,4+4+1+1+1+1,768,-4
37,5+3+2+1+1,48,4+3+3+2,144,2
37,5+3+2+1+1,49,4+3+3+1+1,144,0
37,5+3+2+1+1,50,4+3+2+2+1,96,0
37,5+3+2+1+1,51,4+3+2+1+1+1,144,2
37,5+3+2+1+1,52,4+3+1+1+1+1+1,1440,0
37,5+3+2+1+1,53,4+2+2+2+2,1536,0
37,5+3+2+1+1,54,4+2+2+2+1+1,384,4
37,5+3+2+1+1,55,4+2+2+1+1+1+1,768,0
37,5+3+2+1+1,56,4+2+1+1+1+1+1+1,5760,20
37,5+3+2+1+1,57,4+1+1+1+1+1+1+1+1,161280,0
37,5+3+2+1+1,58,3+3+3+3,1944,2
37,5+3+2+1+1,59,3+3+3+2+1,324,0
37,5+3+2+1+1,60,3+3+3+1+1+1,972,-4
37,5+3+2+1+1,61,3+3+2+2+2,864,0
37,5+3+2+1+1,62,3+3+2+2+1+1,288,-2
37,5+3+2+1+1,63,3+3+2+1+1+1+1,864,0
37,5+3+2+1+1,64,3+3+1+1+1+1+1+1,12960,-10
37,5+3+2+1+1,65,3+2+2+2+2+1,1152,-6
37,5+3+2+1+1,66,3+2+2+2+1+1+1,864,0
37,5+3+2+1+1,67,3+2+2+1+1+1+1+1,2880,10
37,5+3+2+1+1,68,3+2+1+1+1+1+1+1+1,30240,0
37,5+3+2+1+1,69,3+1+1+1+1+1+1+1+1+1,1088640,-70
37,5+3+2+1+1,70,2+2+2+2+2+2,46080,20
37,5+3+2+1+1,71,2+2+2+2+2+1+1,7680,0
37,5+3+2+1+1,72,2+2+2+2+1+1+1+1,9216,-12
37,5+3+2+1+1,73,2+2+2+1+1+1+1+1+1,34560,0
37,5+3+2+1+1,74,2+2+1+1+1+1+1+1+1+1,322560,-140
37,5+3+2+1+1,75,2+1+1+1+1+1+1+1+1+1+1,7257600,0
37,5+3+2+1+1,76,1+1+1+1+1+1+1+1+1+1+1+1,479001600,7700
38,5+3+1+1+1+1,0,12,12,0
38,5+3+1+1+1+1,1,11+1,11,0
38,5+3+1+1+1+1,2,10+2,20,-1
38,5+3+1+1+1+1,3,10+1+1,20,-1
38,5+3+1+1+1+1,4,9+3,27,0
38,5+3+1+1+1+1,5,9+2+1,18,0
38,5+3+1+1+1+1,6,9+1+1+1,54,0
38,5+3+1+1+1+1,7,8+4,32,0
38,5+3+1+1+1+1,8,8+3+1,24,0
38,5+3+1+1+1+1,9,8+2+2,64,0
38,5+3+1+1+1+1,10,8+2+1+1,32,0
38,5+3+1+1+1+1,11,8+1+1+1+1,192,0
38,5+3+1+1+1+1,12,7+5,35,1
38,5+3+1+1+1+1,13,7+4+1,28,1
38,5+3+1+1+1+1,14,7+3+2,42,1
38,5+3+1+1+1+1,15,7+3+1+1,42,1
38,5+3+1+1+1+1,16,7+2+2+1,56,1
38,5+3+1+1+1+1,17,7+2+1+1+1,84,1
38,5+3+1+1+1+1,18,7+1+1+1+1+1,840,1
38,5+3+1+1+1+1,19,6+6,72,0
38,5+3+1+1+1+1,20,6+5+1,30,0
38,5+3+1+1+1+1,21,6+4+2,48,0
38,5+3+1+1+1+1,22,6+4+1+1,48,0
38,5+3+1+1+1+1,23,6+3+3,108,0
38,5+3+1+1+1+1,24,6+3+2+1,36,0
38,5+3+1+1+1+1,25,6+3+1+1+1,108,0
38,5+3+1+1+1+1,26,6+2+2+2,288,0
38,5+3+1+1+1+1,27,6+2+2+1+1,96,0
38,5+3+1+1+1+1,28,6+2+1+1+1+1,288,0
38,5+3+1+1+1+1,29,6+1+1+1+1+1+1,4320,0
38,5+3+1+1+1+1,30,5+5+2,100,-1
38,5+3+1+1+1+1,31,5+5+1+1,100,-1
38,5+3+1+1+1+1,32,5+4+3,60,-1
38,5+3+1+1+1+1,33,5+4+2+1,40,0
38,5+3+1+1+1+1,34,5+4+1+1+1,120,2
38,5+3+1+1+1+1,35,5+3+3+1,90,0
38,5+3+1+1+1+1,36,5+3+2+2,120,1
38,5+3+1+1+1+1,37,5+3+2+1+1,60,1
38,5+3+1+1+1+1,38,5+3+1+1+1+1,360,-3
38,5+3+1+1+1+1,39,5+2+2+2+1,240,0
38,5+3+1+1+1+1,40,5+2+2+1+1+1,240,-2
38,5+3+1+1+1+1,41,5+2+1+1+1+1+1,1200,4
38,5+3+1+1+1+1,42,5+1+1+1+1+1+1+1,25200,-6
38,5+3+1+1+1+1,43,4+4+4,384,0
38,5+3+1+1+1+1,44,4+4+3+1,96,-2
38,5+3+1+1+1+1,45,4+4+2+2,256,4
38,5+3+1+1+1+1,46,4+4+2+1+1,128,0
38,5+3+1+1+1+1,47,4+4+1+1+1+1,768,4
38,5+3+1+1+1+1,48,4+3+3+2,144,0
38,5+3+1+1+1+1,49,4+3+3+1+1,144,0
38,5+3+1+1+1+1,50,4+3+2+2+1,96,-2
38,5+3+1+1+1+1,51,4+3+2+1+1+1,144,0
38,5+3+1+1+1+1,52,4+3+1+1+1+1+1,1440,-6
38,5+3+1+1+1+1,53,4+2+2+2+2,1536,0
38,5+3+1+1+1+1,54,4+2+2+2+1+1,384,0
38,5+3+1+1+1+1,55,4+2+2+1+1+1+1,768,-8
38,5+3+1+1+1+1,56,4+2+1+1+1+1+1+1,5760,0
38,5+3+1+1+1+1,57,4+1+1+1+1+1+1+1+1,161280,-48
38,5+3+1+1+1+1,58,3+3+3+3,1944,0
38,5+3+1+1+1+1,59,3+3+3+2+1,324,0
38,5+3+1+1+1+1,60,3+3+3+1+1+1,972,0
38,5+3+1+1+1+1,61,3+3+2+2+2,864,0
38,5+3+1+1+1+1,62,3+3+2+2+1+1,288,0
38,5+3+1+1+1+1,63,3+3+2+1+1+1+1,864,0
38,5+3+1+1+1+1,64,3+3+1+1+1+1+1+1,12960,0
38,5+3+1+1+1+1,65,3+2+2+2+2+1,1152,-6
38,5+3+1+1+1+1,66,3+2+2+2+1+1+1,864,0
38,5+3+1+1+1+1,67,3+2+2+1+1+1+1+1,2880,6
38,5+3+1+1+1+1,68,3+2+1+1+1+1+1+1+1,30240,36
38,5+3+1+1+1+1,69,3+1+1+1+1+1+1+1+1+1,1088640,162
38,5+3+1+1+1+1,70,2+2+2+2+2+2,46080,-36
38,5+3+1+1+1+1,71,2+2+2+2+2+1+1,7680,24
38,5+3+1+1+1+1,72,2+2+2+2+1+1+1+1,9216,12
38,5+3+1+1+1+1,73,2+2+2+1+1+1+1+1+1,34560,0
38,5+3+1+1+1+1,74,2+2+1+1+1+1+1+1+1+1,322560,-132
38,5+3+1+1+1+1,75,2+1+1+1+1+1+1+1+1+1+1,7257600,-216
38,5+3+1+1+1+1,76,1+1+1+1+1+1+1+1+1+1+1+1,479001600,3564
39,5+2+2+2+1,0,12,12,0
39,5+2+2+2+1,1,11+1,11,0
39,5+2+2+2+1,2,10+2,20,0
39,5+2+2+2+1,3,10+1+1,20,0
39,5+2+2+2+1,4,9+3,27,1
39,5+2+2+2+1,5,9+2+1,18,-1
39,5+2+2+2+1,6,9+1+1+1,54,1
39,5+2+2+2+1,7,8+4,32,0
39,5+2+2+2+1,8,8+3+1,24,0
39,5+2+2+2+1,9,8+2+2,64,0
39,5+2+2+2+1,10,8+2+1+1,32,0
39,5+2+2+2+1,11,8+1+1+1+1,192,0
39,5+2+2+2+1,12,7+5,35,-1
39,5+2+2+2+1,13,7+4+1,28,1
39,5+2+2+2+1,14,7+3+2,42,1
39,5+2+2+2+1,15,7+3+1+1,42,-1
39,5+2+2+2+1,16,7+2+2+1,56,-1
39,5+2+2+2+1,17,7+2+1+1+1,84,1
39,5+2+2+2+1,18,7+1+1+1+1+1,840,-1
39,5+2+2+2+1,19,6+6,72,0
39,5+2+2+2+1,20,6+5+1,30,0
39,5+2+2+2+1,21,6+4+2,48,0
39,5+2+2+2+1,22,6+4+1+1,48,0
39,5+2+2+2+1,23,6+3+3,108,0
39,5+2+2+2+1,24,6+3+2+1,36,0
39,5+2+2+2+1,25,6+3+1+1+1,108,0
39,5+2+2+2+1,26,6+2+2+2,288,0
39,5+2+2+2+1,27,6+2+2+1+1,96,0
39,5+2+2+2+1,28,6+2+1+1+1+1,288,0
39,5+2+2+2+1,29,6+1+1+1+1+1+1,4320,0
39,5+2+2+2+1,30,5+5+2,100,0
39,5+2+2+2+1,31,5+5+1+1,100,0
39,5+2+2+2+1,32,5+4+3,60,-1
39,5+2+2+2+1,33,5+4+2+1,40,1
39,5+2+2+2+1,34,5+4+1+1+1,120,-1
39,5+2+2+2+1,35,5+3+3+1,90,0
39,5+2+2+2+1,36,5+3+2+2,120,1
39,5+2+2+2+1,37,5+3+2+1+1,60,1
39,5+2+2+2+1,38,5+3+1+1+1+1,360,-3
39,5+2+2+2+1,39,5+2+2+2+1,240,3
39,5+2+2+2+1,40,5+2+2+1+1+1,240,1
39,5+2+2+2+1,41,5+2+1+1+1+1+1,1200,-5
39,5+2+2+2+1,42,5+1+1+1+1+1+1+1,25200,-15
39,5+2+2+2+1,43,4+4+4,384,0
39,5+2+2+2+1,44,4+4+3+1,96,0
39,5+2+2+2+1,45,4+4+2+2,256,0
39,5+2+2+2+1,46,4+4+2+1+1,128,0
39,5+2+2+2+1,47,4+4+1+1+1+1,768,0
39,5+2+2+2+1,48,4+3+3+2,144,-2
39,5+2+2+2+1,49,4+3+3+1+1,144,-2
39,5+2+2+2+1,50,4+3+2+2+1,96,0
39,5+2+2+2+1,51,4+3+2+1+1+1,144,-2
39,5+2+2+2+1,52,4+3+1+1+1+1+1,1440,4
39,5+2+2+2+1,53,4+2+2+2+2,1536,0
39,5+2+2+2+1,54,4+2+2+2+1+1,384,0
39,5+2+2+2+1,55,4+2+2+1+1+1+1,768,0
39,5+2+2+2+1,56,4+2+1+1+1+1+1+1,5760,16
39,5+2+2+2+1,57,4+1+1+1+1+1+1+1+1,161280,64
39,5+2+2+2+1,58,3+3+3+3,1944,-8
39,5+2+2+2+1,59,3+3+3+2+1,324,2
39,5+2+2+2+1,60,3+3+3+1+1+1,972,10
39,5+2+2+2+1,61,3+3+2+2+2,864,-6
39,5+2+2+2+1,62,3+3+2+2+1+1,288,2
39,5+2+2+2+1,63,3+3+2+1+1+1+1,864,2
39,5+2+2+2+1,64,3+3+1+1+1+1+1+1,12960,10
39,5+2+2+2+1,65,3+2+2+2+2+1,1152,0
39,5+2+2+2+1,66,3+2+2+2+1+1+1,864,-6
39,5+2+2+2+1,67,3+2+2+1+1+1+1+1,2880,-4
39,5+2+2+2+1,68,3+2+1+1+1+1+1+1+1,30240,-34
39,5+2+2+2+1,69,3+1+1+1+1+1+1+1+1+1,1088640,-8
39,5+2+2+2+1,70,2+2+2+2+2+2,46080,0
39,5+2+2+2+1,71,2+2+2+2+2+1+1,7680,0
39,5+2+2+2+1,72,2+2+2+2+1+1+1+1,9216,0
39,5+2+2+2+1,73,2+2+2+1+1+1+1+1+1,34560,48
39,5+2+2+2+1,74,2+2+1+1+1+1+1+1+1+1,322560,-64
39,5+2+2+2+1,75,2+1+1+1+1+1+1+1+1+1+1,7257600,-160
39,5+2+2+2+1,76,1+1+1+1+1+1+1+1+1+1+1+1,479001600,3520
40,5+2+2+1+1+1,0,12,12,0
40,5+2+2+1+1+1,1,11+1,11,0
40,5+2+2+1+1+1,2,10+2,20,1
40,5+2+2+1+1+1,3,10+1+1,20,-1
40,5+2+2+1+1+1,4,9+3,27,0
40,5+2+2+1+1+1,5,9+2+1,18,0
40,5+2+2+1+1+1,6,9+1+1+1,54,0
40,5+2+2+1+1+1,7,8+4,32,0
40,5+2+2+1+1+1,8,8+3+1,24,0
40,5+2+2+1+1+1,9,8+2+2,64,0
40,5+2+2+1+1+1,10,8+2+1+1,32,0
40,5+2+2+1+1+1,11,8+1+1+1+1,192,0
40,5+2+2+1+1+1,12,7+5,35,0
40,5+2+2+1+1+1,13,7+4+1,28,0
40,5+2+2+1+1+1,14,7+3+2,42,0
40,5+2+2+1+1+1,15,7+3+1+1,42,0
40,5+2+2+1+1+1,16,7+2+2+1,56,0
40,5+2+2+1+1+1,17,7+2+1+1+1,84,0
40,5+2+2+1+1+1,18,7+1+1+1+1+1,840,0
40,5+2+2+1+1+1,19,6+6,72,-2
40,5+2+2+1+1+1,20,6+5+1,30,1
40,5+2+2+1+1+1,21,6+4+2,48,0
40,5+2+2+1+1+1,22,6+4+1+1,48,0
40,5+2+2+1+1+1,23,6+3+3,108,0
40,5+2+2+1+1+1,24,6+3+2+1,36,-1
40,5+2+2+1+1+1,25,6+3+1+1+1,108,3
40,5+2+2+1+1+1,26,6+2+2+2,288,-2
40,5+2+2+1+1+1,27,6+2+2+1+1,96,2
40,5+2+2+1+1+1,28,6+2+1+1+1+1,288,2
40,5+2+2+1+1+1,29,6+1+1+1+1+1+1,4320,6
40,5+2+2+1+1+1,30,5+5+2,100,-1
40,5+2+2+1+1+1,31,5+5+1+1,100,1
40,5+2+2+1+1+1,32,5+4+3,60,0
40,5+2+2+1+1+1,33,5+4+2+1,40,0
40,5+2+2+1+1+1,34,5+4+1+1+1,120,0
40,5+2+2+1+1+1,35,5+3+3+1,90,1
40,5+2+2+1+1+1,36,5+3+2+2,120,-2
40,5+2+2+1+1+1,37,5+3+2+1+1,60,0
40,5+2+2+1+1+1,38,5+3+1+1+1+1,360,-2
40,5+2+2+1+1+1,39,5+2+2+2+1,240,-2
40,5+2+2+1+1+1,40,5+2+2+1+1+1,240,-2
40,5+2+2+1+1+1,41,5+2+1+1+1+1+1,1200,-6
40,5+2+2+1+1+1,42,5+1+1+1+1+1+1+1,25200,-14
40,5+2+2+1+1+1,43,4+4+4,384,0
40,5+2+2+1+1+1,44,4+4+3+1,96,0
40,5+2+2+1+1+1,45,4+4+2+2,256,0
40,5+2+2+1+1+1,46,4+4+2+1+1,128,0
40,5+2+2+1+1+1,47,4+4+1+1+1+1,768,0
40,5+2+2+1+1+1,48,4+3+3+2,144,0
40,5+2+2+1+1+1,49,4+3+3+1+1,144,0
40,5+2+2+1+1+1,50,4+3+2+2+1,96,0
40,5+2+2+1+1+1,51,4+3+2+1+1+1,144,0
40,5+2+2+1+1+1,52,4+3+1+1+1+1+1,1440,0
40,5+2+2+1+1+1,53,4+2+2+2+2,1536,0
40,5+2+2+1+1+1,54,4+2+2+2+1+1,384,0
40,5+2+2+1+1+1,55,4+2+2+1+1+1+1,768,0
40,5+2+2+1+1+1,56,4+2+1+1+1+1+1+1,5760,0
40,5+2+2+1+1+1,57,4+1+1+1+1+1+1+1+1,161280,0
40,5+2+2+1+1+1,58,3+3+3+3,1944,6
40,5+2+2+1+1+1,59,3+3+3+2+1,324,-3
40,5+2+2+1+1+1,60,3+3+3+1+1+1,972,-3
40,5+2+2+1+1+1,61,3+3+2+2+2,864,6
40,5+2+2+1+1+1,62,3+3+2+2+1+1,288,2
40,5+2+2+1+1+1,63,3+3+2+1+1+1+1,864,-6
40,5+2+2+1+1+1,64,3+3+1+1+1+1+1+1,12960,6
40,5+2+2+1+1+1,65,3+2+2+2+2+1,1152,8
40,5+2+2+1+1+1,66,3+2+2+2+1+1+1,864,0
40,5+2+2+1+1+1,67,3+2+2+1+1+1+1+1,2880,8
40,5+2+2+1+1+1,68,3+2+1+1+1+1+1+1+1,30240,0
40,5+2+2+1+1+1,69,3+1+1+1+1+1+1+1+1+1,1088640,168
40,5+2+2+1+1+1,70,2+2+2+2+2+2,46080,16
40,5+2+2+1+1+1,71,2+2+2+2+2+1+1,7680,-16
40,5+2+2+1+1+1,72,2+2+2+2+1+1+1+1,9216,-16
40,5+2+2+1+1+1,73,2+2+2+1+1+1+1+1+1,34560,48
40,5+2+2+1+1+1,74,2+2+1+1+1+1+1+1+1+1,322560,-112
40,5+2+2+1+1+1,75,2+1+1+1+1+1+1+1+1+1+1,7257600,-336
40,5+2+2+1+1+1,76,1+1+1+1+1+1+1+1+1+1+1+1,479001600,3696
41,5+2+1+1+1+1+1,0,12,12,0
41,5+2+1+1+1+1+1,1,11+1,11,1
41,5+2+1+1+1+1+1,2,10+2,20,0
41,5+2+1+1+1+1+1,3,10+1+1,20,0
41,5+2+1+1+1+1+1,4,9+3,27,0
41,5+2+1+1+1+1+1,5,9+2+1,18,0
41,5+2+1+1+1+1+1,6,9+1+1+1,54,0
41,5+2+1+1+1+1+1,7,8+4,32,0
41,5+2+1+1+1+1+1,8,8+3+1,24,0
41,5+2+1+1+1+1+1,9,8+2+2,64,0
41,5+2+1+1+1+1+1,10,8+2+1+1,32,0
41,5+2+1+1+1+1+1,11,8+1+1+1+1,192,0
41,5+2+1+1+1+1+1,12,7+5,35,-1
41,5+2+1+1+1+1+1,13,7+4+1,28,-1
41,5+2+1+1+1+1+1,14,7+3+2,42,-1
41,5+2+1+1+1+1+1,15,7+3+1+1,42,-1
41,5+2+1+1+1+1+1,16,7+2+2+1,56,-1
41,5+2+1+1+1+1+1,17,7+2+1+1+1,84,-1
41,5+2+1+1+1+1+1,18,7+1+1+1+1+1,840,-1
41,5+2+1+1+1+1+1,19,6+6,72,0
41,5+2+1+1+1+1+1,20,6+5+1,30,0
41,5+2+1+1+1+1+1,21,6+4+2,48,0
41,5+2+1+1+1+1+1,22,6+4+1+1,48,0
41,5+2+1+1+1+1+1,23,6+3+3,108,0
41,5+2+1+1+1+1+1,24,6+3+2+1,36,0
41,5+2+1+1+1+1+1,25,6+3+1+1+1,108,0
41,5+2+1+1+1+1+1,26,6+2+2+2,288,0
41,5+2+1+1+1+1+1,27,6+2+2+1+1,96,0
41,5+2+1+1+1+1+1,28,6+2+1+1+1+1,288,0
41,5+2+1+1+1+1+1,29,6+1+1+1+1+1+1,4320,0
41,5+2+1+1+1+1+1,30,5+5+2,100,2
41,5+2+1+1+1+1+1,31,5+5+1+1,100,-2
41,5+2+1+1+1+1+1,32,5+4+3,60,1
41,5+2+1+1+1+1+1,33,5+4+2+1,40,-1
41,5+2+1+1+1+1+1,34,5+4+1+1+1,120,1
41,5+2+1+1+1+1+1,35,5+3+3+1,90,-2
41,5+2+1+1+1+1+1,36,5+3+2+2,120,1
41,5+2+1+1+1+1+1,37,5+3+2+1+1,60,1
41,5+2+1+1+1+1+1,38,5+3+1+1+1+1,360,1
41,5+2+1+1+1+1+1,39,5+2+2+2+1,240,3
41,5+2+1+1+1+1+1,40,5+2+2+1+1+1,240,1
41,5+2+1+1+1+1+1,41,5+2+1+1+1+1+1,1200,7
41,5+2+1+1+1+1+1,42,5+1+1+1+1+1+1+1,25200,13
41,5+2+1+1+1+1+1,43,4+4+4,384,0
41,5+2+1+1+1+1+1,44,4+4+3+1,96,0
41,5+2+1+1+1+1+1,45,4+4+2+2,256,0
41,5+2+1+1+1+1+1,46,4+4+2+1+1,128,0
41,5+2+1+1+1+1+1,47,4+4+1+1+1+1,768,0
41,5+2+1+1+1+1+1,48,4+3+3+2,144,2
41,5+2+1+1+1+1+1,49,4+3+3+1+1,144,2
41,5+2+1+1+1+1+1,50,4+3+2+2+1,96,0
41,5+2+1+1+1+1+1,51,4+3+2+1+1+1,144,2
41,5+2+1+1+1+1+1,52,4+3+1+1+1+1+1,1440,-4
41,5+2+1+1+1+1+1,53,4+2+2+2+2,1536,0
41,5+2+1+1+1+1+1,54,4+2+2+2+1+1,384,0
41,5+2+1+1+1+1+1,55,4+2+2+1+1+1+1,768,0
41,5+2+1+1+1+1+1,56,4+2+1+1+1+1+1+1,5760,-16
41,5+2+1+1+1+1+1,57,4+1+1+1+1+1+1+1+1,161280,-64
41,5+2+1+1+1+1+1,58,3+3+3+3,1944,0
41,5+2+1+1+1+1+1,59,3+3+3+2+1,324,0
41,5+2+1+1+1+1+1,60,3+3+3+1+1+1,972,0
41,5+2+1+1+1+1+1,61,3+3+2+2+2,864,-6
41,5+2+1+1+1+1+1,62,3+3+2+2+1+1,288,2
41,5+2+1+1+1+1+1,63,3+3+2+1+1+1+1,864,-6
41,5+2+1+1+1+1+1,64,3+3+1+1+1+1+1+1,12960,18
41,5+2+1+1+1+1+1,65,3+2+2+2+2+1,1152,0
41,5+2+1+1+1+1+1,66,3+2+2+2+1+1+1,864,-6
41,5+2+1+1+1+1+1,67,3+2+2+1+1+1+1+1,2880,-4
41,5+2+1+1+1+1+1,68,3+2+1+1+1+1+1+1+1,30240,6
41,5+2+1+1+1+1+1,69,3+1+1+1+1+1+1+1+1+1,1088640,216
41,5+2+1+1+1+1+1,70,2+2+2+2+2+2,46080,0
41,5+2+1+1+1+1+1,71,2+2+2+2+2+1+1,7680,0
41,5+2+1+1+1+1+1,72,2+2+2+2+1+1+1+1,9216,0
41,5+2+1+1+1+1+1,73,2+2+2+1+1+1+1+1+1,34560,48
41,5+2+1+1+1+1+1,74,2+2+1+1+1+1+1+1+1+1,322560,-64
41,5+2+1+1+1+1+1,75,2+1+1+1+1+1+1+1+1+1+1,7257600,-288
41,5+2+1+1+1+1+1,76,1+1+1+1+1+1+1+1+1+1+1+1,479001600,1728
42,5+1+1+1+1+1+1+1,0,12,12,-1
42,5+1+1+1+1+1+1+1,1,11+1,11,0
42,5+1+1+1+1+1+1+1,2,10+2,20,0
42,5+1+1+1+1+1+1+1,3,10+1+1,20,0
42,5+1+1+1+1+1+1+1,4,9+3,27,0
42,5+1+1+1+1+1+1+1,5,9+2+1,18,0
42,5+1+1+1+1+1+1+1,6,9+1+1+1,54,0
42,5+1+1+1+1+1+1+1,7,8+4,32,0
42,5+1+1+1+1+1+1+1,8,8+3+1,24,0
42,5+1+1+1+1+1+1+1,9,8+2+2,64,0
42,5+1+1+1+1+1+1+1,10,8+2+1+1,32,0
42,5+1+1+1+1+1+1+1,11,8+1+1+1+1,192,0
42,5+1+1+1+1+1+1+1,12,7+5,35,1
42,5+1+1+1+1+1+1+1,13,7+4+1,28,1
42,5+1+1+1+1+1+1+1,14,7+3+2,42,1
42,5+1+1+1+1+1+1+1,15,7+3+1+1,42,1
42,5+1+1+1+1+1+1+1,16,7+2+2+1,56,1
42,5+1+1+1+1+1+1+1,17,7+2+1+1+1,84,1
42,5+1+1+1+1+1+1+1,18,7+1+1+1+1+1,840,1
42,5+1+1+1+1+1+1+1,19,6+6,72,1
42,5+1+1+1+1+1+1+1,20,6+5+1,30,0
42,5+1+1+1+1+1+1+1,21,6+4+2,48,1
42,5+1+1+1+1+1+1+1,22,6+4+1+1,48,-1
42,5+1+1+1+1+1+1+1,23,6+3+3,108,1
42,5+1+1+1+1+1+1+1,24,6+3+2+1,36,0
42,5+1+1+1+1+1+1+1,25,6+3+1+1+1,108,-2
42,5+1+1+1+1+1+1+1,26,6+2+2+2,288,1
42,5+1+1+1+1+1+1+1,27,6+2+2+1+1,96,-1
42,5+1+1+1+1+1+1+1,28,6+2+1+1+1+1,288,-3
42,5+1+1+1+1+1+1+1,29,6+1+1+1+1+1+1,4320,-5
42,5+1+1+1+1+1+1+1,30,5+5+2,100,0
42,5+1+1+1+1+1+1+1,31,5+5+1+1,100,0
42,5+1+1+1+1+1+1+1,32,5+4+3,60,1
42,5+1+1+1+1+1+1+1,33,5+4+2+1,40,-1
42,5+1+1+1+1+1+1+1,34,5+4+1+1+1,120,1
42,5+1+1+1+1+1+1+1,35,5+3+3+1,90,0
42,5+1+1+1+1+1+1+1,36,5+3+2+2,120,-1
42,5+1+1+1+1+1+1+1,37,5+3+2+1+1,60,-1
42,5+1+1+1+1+1+1+1,38,5+3+1+1+1+1,360,3
42,5+1+1+1+1+1+1+1,39,5+2+2+2+1,240,-3
42,5+1+1+1+1+1+1+1,40,5+2+2+1+1+1,240,-1
42,5+1+1+1+1+1+1+1,41,5+2+1+1+1+1+1,1200,5
42,5+1+1+1+1+1+1+1,42,5+1+1+1+1+1+1+1,25200,15
42,5+1+1+1+1+1+1+1,43,4+4+4,384,2
42,5+1+1+1+1+1+1+1,44,4+4+3+1,96,-2
42,5+1+1+1+1+1+1+1,45,4+4+2+2,256,-2
42,5+1+1+1+1+1+1+1,46,4+4+2+1+1,128,2
42,5+1+1+1+1+1+1+1,47,4+4+1+1+1+1,768,-2
42,5+1+1+1+1+1+1+1,48,4+3+3+2,144,-3
42,5+1+1+1+1+1+1+1,49,4+3+3+1+1,144,-1
42,5+1+1+1+1+1+1+1,50,4+3+2+2+1,96,0
42,5+1+1+1+1+1+1+1,51,4+3+2+1+1+1,144,0
42,5+1+1+1+1+1+1+1,52,4+3+1+1+1+1+1,1440,-4
42,5+1+1+1+1+1+1+1,53,4+2+2+2+2,1536,-2
42,5+1+1+1+1+1+1+1,54,4+2+2+2+1+1,384,2
42,5+1+1+1+1+1+1+1,55,4+2+2+1+1+1+1,768,6
42,5+1+1+1+1+1+1+1,56,4+2+1+1+1+1+1+1,5760,-6
42,5+1+1+1+1+1+1+1,57,4+1+1+1+1+1+1+1+1,161280,-34
42,5+1+1+1+1+1+1+1,58,3+3+3+3,1944,-3
42,5+1+1+1+1+1+1+1,59,3+3+3+2+1,324,0
42,5+1+1+1+1+1+1+1,60,3+3+3+1+1+1,972,6
42,5+1+1+1+1+1+1+1,61,3+3+2+2+2,864,1
42,5+1+1+1+1+1+1+1,62,3+3+2+2+1+1,288,3
42,5+1+1+1+1+1+1+1,63,3+3+2+1+1+1+1,864,-3
42,5+1+1+1+1+1+1+1,64,3+3+1+1+1+1+1+1,12960,15
42,5+1+1+1+1+1+1+1,65,3+2+2+2+2+1,1152,6
42,5+1+1+1+1+1+1+1,66,3+2+2+2+1+1+1,864,-2
42,5+1+1+1+1+1+1+1,67,3+2+2+1+1+1+1+1,2880,-6
42,5+1+1+1+1+1+1+1,68,3+2+1+1+1+1+1+1+1,30240,-6
42,5+1+1+1+1+1+1+1,69,3+1+1+1+1+1+1+1+1+1,1088640,78
42,5+1+1+1+1+1+1+1,70,2+2+2+2+2+2,46080,10
42,5+1+1+1+1+1+1+1,71,2+2+2+2+2+1+1,7680,-10
42,5+1+1+1+1+1+1+1,72,2+2+2+2+1+1+1+1,9216,-6
42,5+1+1+1+1+1+1+1,73,2+2+2+1+1+1+1+1+1,34560,22
42,5+1+1+1+1+1+1+1,74,2+2+1+1+1+1+1+1+1+1,322560,-6
42,5+1+1+1+1+1+1+1,75,2+1+1+1+1+1+1+1+1+1+1,7257600,-90
42,5+1+1+1+1+1+1+1,76,1+1+1+1+1+1+1+1+1+1+1+1,479001600,330
43,4+4+4,0,12,12,0
43,4+4+4,1,11+1,11,0
43,4+4+4,2,10+2,20,0
43,4+4+4,3,10+1+1,20,0
43,4+4+4,4,9+3,27,0
43,4+4+4,5,9+2+1,18,0
43,4+4+4,6,9+1+1+1,54,0
43,4+4+4,7,8+4,32,0
43,4+4+4,8,8+3+1,24,0
43,4+4+4,9,8+2+2,64,0
43,4+4+4,10,8+2+1+1,32,0
43,4+4+4,11,8+1+1+1+1,192,0
43,4+4+4,12,7+5,35,0
43,4+4+4,13,7+4+1,28,0
43,4+4+4,14,7+3+2,42,0
43,4+4+4,15,7+3+1+1,42,0
43,4+4+4,16,7+2+2+1,56,0
43,4+4+4,17,7+2+1+1+1,84,0
43,4+4+4,18,7+1+1+1+1+1,840,0
43,4+4+4,19,6+6,72,0
43,4+4+4,20,6+5+1,30,0
43,4+4+4,21,6+4+2,48,-1
43,4+4+4,22,6+4+1+1,48,-1
43,4+4+4,23,6+3+3,108,2
43,4+4+4,24,6+3+2+1,36,1
43,4+4+4,25,6+3+1+1+1,108,-1
43,4+4+4,26,6+2+2+2,288,-3
43,4+4+4,27,6+2+2+1+1,96,1
43,4+4+4,28,6+2+1+1+1+1,288,1
43,4+4+4,29,6+1+1+1+1+1+1,4320,5
43,4+4+4,30,5+5+2,100,2
43,4+4+4,31,5+5+1+1,100,2
43,4+4+4,32,5+4+3,60,-2
43,4+4+4,33,5+4+2+1,40,-1
43,4+4+4,34,5+4+1+1+1,120,1
43,4+4+4,35,5+3+3+1,90,-2
43,4+4+4,36,5+3+2+2,120,2
43,4+4+4,37,5+3+2+1+1,60,0
43,4+4+4,38,5+3+1+1+1+1,360,-2
43,4+4+4,39,5+2+2+2+1,240,-3
43,4+4+4,40,5+2+2+1+1+1,240,-1
43,4+4+4,41,5+2+1+1+1+1+1,1200,-3
43,4+4+4,42,5+1+1+1+1+1+1+1,25200,7
43,4+4+4,43,4+4+4,384,6
43,4+4+4,44,4+4+3+1,96,2
43,4+4+4,45,4+4+2+2,256,2
43,4+4+4,46,4+4+2+1+1,128,-2
43,4+4+4,47,4+4+1+1+1+1,768,2
43,4+4+4,48,4+3+3+2,144,-3
43,4+4+4,49,4+3+3+1+1,144,1
43,4+4+4,50,4+3+2+2+1,96,2
43,4+4+4,51,4+3+2+1+1+1,144,0
43,4+4+4,52,4+3+1+1+1+1+1,1440,-2
43,4+4+4,53,4+2+2+2+2,1536,2
43,4+4+4,54,4+2+2+2+1+1,384,2
43,4+4+4,55,4+2+2+1+1+1+1,768,2
43,4+4+4,56,4+2+1+1+1+1+1+1,5760,-6
43,4+4+4,57,4+1+1+1+1+1+1+1+1,161280,-14
43,4+4+4,58,3+3+3+3,1944,12
43,4+4+4,59,3+3+3+2+1,324,-3
43,4+4+4,60,3+3+3+1+1+1,972,3
43,4+4+4,61,3+3+2+2+2,864,-1
43,4+4+4,62,3+3+2+2+1+1,288,-1
43,4+4+4,63,3+3+2+1+1+1+1,864,3
43,4+4+4,64,3+3+1+1+1+1+1+1,12960,3
43,4+4+4,65,3+2+2+2+2+1,1152,-2
43,4+4+4,66,3+2+2+2+1+1+1,864,-4
43,4+4+4,67,3+2+2+1+1+1+1+1,2880,2
43,4+4+4,68,3+2+1+1+1+1+1+1+1,30240,0
43,4+4+4,69,3+1+1+1+1+1+1+1+1+1,1088640,-42
43,4+4+4,70,2+2+2+2+2+2,46080,30
43,4+4+4,71,2+2+2+2+2+1+1,7680,10
43,4+4+4,72,2+2+2+2+1+1+1+1,9216,-2
43,4+4+4,73,2+2+2+1+1+1+1+1+1,34560,2
43,4+4+4,74,2+2+1+1+1+1+1+1+1+1,322560,14
43,4+4+4,75,2+1+1+1+1+1+1+1+1+1+1,7257600,42
43,4+4+4,76,1+1+1+1+1+1+1+1+1+1+1+1,479001600,462
44,4+4+3+1,0,12,12,0
44,4+4+3+1,1,11+1,11,0
44,4+4+3+1,2,10+2,20,0
44,4+4+3+1,3,10+1+1,20,0
44,4+4+3+1,4,9+3,27,0
44,4+4+3+1,5,9+2+1,18,0
44,4+4+3+1,6,9+1+1+1,54,0
44,4+4+3+1,7,8+4,32,0
44,4+4+3+1,8,8+3+1,24,0
44,4+4+3+1,9,8+2+2,64,0
44,4+4+3+1,10,8+2+1+1,32,0
44,4+4+3+1,11,8+1+1+1+1,192,0
44,4+4+3+1,12,7+5,35,0
44,4+4+3+1,13,7+4+1,28,1
44,4+4+3+1,14,7+3+2,42,-1
44,4+4+3+1,15,7+3+1+1,42,1
44,4+4+3+1,16,7+2+2+1,56,-1
44,4+4+3+1,17,7+2+1+1+1,84,-1
44,4+4+3+1,18,7+1+1+1+1+1,840,-5
44,4+4+3+1,19,6+6,72,0
44,4+4+3+1,20,6+5+1,30,-1
44,4+4+3+1,21,6+4+2,48,1
44,4+4+3+1,22,6+4+1+1,48,-1
44,4+4+3+1,23,6+3+3,108,0
44,4+4+3+1,24,6+3+2+1,36,0
44,4+4+3+1,25,6+3+1+1+1,108,0
44,4+4+3+1,26,6+2+2+2,288,3
44,4+4+3+1,27,6+2+2+1+1,96,1
44,4+4+3+1,28,6+2+1+1+1+1,288,3
44,4+4+3+1,29,6+1+1+1+1+1+1,4320,9
44,4+4+3+1,30,5+5+2,100,0
44,4+4+3+1,31,5+5+1+1,100,0
44,4+4+3+1,32,5+4+3,60,1
44,4+4+3+1,33,5+4+2+1,40,1
44,4+4+3+1,34,5+4+1+1+1,120,1
44,4+4+3+1,35,5+3+3+1,90,-1
44,4+4+3+1,36,5+3+2+2,120,-1
44,4+4+3+1,37,5+3+2+1+1,60,1
44,4+4+3+1,38,5+3+1+1+1+1,360,-1
44,4+4+3+1,39,5+2+2+2+1,240,-1
44,4+4+3+1,40,5+2+2+1+1+1,240,-1
44,4+4+3+1,41,5+2+1+1+1+1+1,1200,-5
44,4+4+3+1,42,5+1+1+1+1+1+1+1,25200,35
44,4+4+3+1,43,4+4+4,384,-6
44,4+4+3+1,44,4+4+3+1,96,0
44,4+4+3+1,45,4+4+2+2,256,-2
44,4+4+3+1,46,4+4+2+1+1,128,-2
44,4+4+3+1,47,4+4+1+1+1+1,768,6
44,4+4+3+1,48,4+3+3+2,144,1
44,4+4+3+1,49,4+3+3+1+1,144,-1
44,4+4+3+1,50,4+3+2+2+1,96,0
44,4+4+3+1,51,4+3+2+1+1+1,144,-2
44,4+4+3+1,52,4+3+1+1+1+1+1,1440,-4
44,4+4+3+1,53,4+2+2+2+2,1536,-2
44,4+4+3+1,54,4+2+2+2+1+1,384,2
44,4+4+3+1,55,4+2+2+1+1+1+1,768,6
44,4+4+3+1,56,4+2+1+1+1+1+1+1,5760,-14
44,4+4+3+1,57,4+1+1+1+1+1+1+1+1,161280,-34
44,4+4+3+1,58,3+3+3+3,1944,0
44,4+4+3+1,59,3+3+3+2+1,324,0
44,4+4+3+1,60,3+3+3+1+1+1,972,0
44,4+4+3+1,61,3+3+2+2+2,864,3
44,4+4+3+1,62,3+3+2+2+1+1,288,1
44,4+4+3+1,63,3+3+2+1+1+1+1,864,3
44,4+4+3+1,64,3+3+1+1+1+1+1+1,12960,9
44,4+4+3+1,65,3+2+2+2+2+1,1152,0
44,4+4+3+1,66,3+2+2+2+1+1+1,864,-6
44,4+4+3+1,67,3+2+2+1+1+1+1+1,2880,4
44,4+4+3+1,68,3+2+1+1+1+1+1+1+1,30240,6
44,4+4+3+1,69,3+1+1+1+1+1+1+1+1+1,1088640,-216
44,4+4+3+1,70,2+2+2+2+2+2,46080,-30
44,4+4+3+1,71,2+2+2+2+2+1+1,7680,10
44,4+4+3+1,72,2+2+2+2+1+1+1+1,9216,-6
44,4+4+3+1,73,2+2+2+1+1+1+1+1+1,34560,-6
44,4+4+3+1,74,2+2+1+1+1+1+1+1+1+1,322560,34
44,4+4+3+1,75,2+1+1+1+1+1+1+1+1+1+1,7257600,90
44,4+4+3+1,76,1+1+1+1+1+1+1+1+1+1+1+1,479001600,2970
45,4+4+2+2,0,12,12,0
45,4+4+2+2,1,11+1,11,0
45,4+4+2+2,2,10+2,20,0
45,4+4+2+2,3,10+1+1,20,0
45,4+4+2+2,4,9+3,27,0
45,4+4+2+2,5,9+2+1,18,0
45,4+4+2+2,6,9+1+1+1,54,0
45,4+4+2+2,7,8+4,32,0
45,4+4+2+2,8,8+3+1,24,0
45,4+4+2+2,9,8+2+2,64,0
45,4+4+2+2,10,8+2+1+1,32,0
45,4+4+2+2,11,8+1+1+1+1,192,0
45,4+4+2+2,12,7+5,35,-1
45,4+4+2+2,13,7+4+1,28,0
45,4+4+2+2,14,7+3+2,42,0
45,4+4+2+2,15,7+3+1+1,42,0
45,4+4+2+2,16,7+2+2+1,56,2
45,4+4+2+2,17,7+2+1+1+1,84,0
45,4+4+2+2,18,7+1+1+1+1+1,840,-6
45,4+4+2+2,19,6+6,72,2
45,4+4+2+2,20,6+5+1,30,0
45,4+4+2+2,21,6+4+2,48,0
45,4+4+2+2,22,6+4+1+1,48,0
45,4+4+2+2,23,6+3+3,108,0
45,4+4+2+2,24,6+3+2+1,36,-2
45,4+4+2+2,25,6+3+1+1+1,108,0
45,4+4+2+2,26,6+2+2+2,288,-4
45,4+4+2+2,27,6+2+2+1+1,96,0
45,4+4+2+2,28,6+2+1+1+1+1,288,4
45,4+4+2+2,29,6+1+1+1+1+1+1,4320,0
45,4+4+2+2,30,5+5+2,100,0
45,4+4+2+2,31,5+5+1+1,100,0
45,4+4+2+2,32,5+4+3,60,0
45,4+4+2+2,33,5+4+2+1,40,0
45,4+4+2+2,34,5+4+1+1+1,120,0
45,4+4+2+2,35,5+3+3+1,90,2
45,4+4+2+2,36,5+3+2+2,120,2
45,4+4+2+2,37,5+3+2+1+1,60,0
45,4+4+2+2,38,5+3+1+1+1+1,360,2
45,4+4+2+2,39,5+2+2+2+1,240,0
45,4+4+2+2,40,5+2+2+1+1+1,240,-4
45,4+4+2+2,41,5+2+1+1+1+1+1,1200,0
45,4+4+2+2,42,5+1+1+1+1+1+1+1,25200,20
45,4+4+2+2,43,4+4+4,384,0
45,4+4+2+2,44,4+4+3+1,96,0
45,4+4+2+2,45,4+4+2+2,256,0
45,4+4+2+2,46,4+4+2+1+1,128,0
45,4+4+2+2,47,4+4+1+1+1+1,768,0
45,4+4+2+2,48,4+3+3+2,144,0
45,4+4+2+2,49,4+3+3+1+1,144,0
45,4+4+2+2,50,4+3+2+2+1,96,0
45,4+4+2+2,51,4+3+2+1+1+1,144,0
45,4+4+2+2,52,4+3+1+1+1+1+1,1440,0
45,4+4+2+2,53,4+2+2+2+2,1536,0
45,4+4+2+2,54,4+2+2+2+1+1,384,0
45,4+4+2+2,55,4+2+2+1+1+1+1,768,0
45,4+4+2+2,56,4+2+1+1+1+1+1+1,5760,0
45,4+4+2+2,57,4+1+1+1+1+1+1+1+1,161280,0
45,4+4+2+2,58,3+3+3+3,1944,-6
45,4+4+2+2,59,3+3+3+2+1,324,0
45,4+4+2+2,60,3+3+3+1+1+1,972,-6
45,4+4+2+2,61,3+3+2+2+2,864,0
45,4+4+2+2,62,3+3+2+2+1+1,288,4
45,4+4+2+2,63,3+3+2+1+1+1+1,864,0
45,4+4+2+2,64,3+3+1+1+1+1+1+1,12960,12
45,4+4+2+2,65,3+2+2+2+2+1,1152,-8
45,4+4+2+2,66,3+2+2+2+1+1+1,864,0
45,4+4+2+2,67,3+2+2+1+1+1+1+1,2880,-8
45,4+4+2+2,68,3+2+1+1+1+1+1+1+1,30240,0
45,4+4+2+2,69,3+1+1+1+1+1+1+1+1+1,1088640,-168
45,4+4+2+2,70,2+2+2+2+2+2,46080,80
45,4+4+2+2,71,2+2+2+2+2+1+1,7680,0
45,4+4+2+2,72,2+2+2+2+1+1+1+1,9216,16
45,4+4+2+2,73,2+2+2+1+1+1+1+1+1,34560,0
45,4+4+2+2,74,2+2+1+1+1+1+1+1+1+1,322560,16
45,4+4+2+2,75,2+1+1+1+1+1+1+1+1+1+1,7257600,0
45,4+4+2+2,76,1+1+1+1+1+1+1+1+1+1+1+1,479001600,2640
46,4+4+2+1+1,0,12,12,0
46,4+4+2+1+1,1,11+1,11,0
46,4+4+2+1+1,2,10+2,20,0
46,4+4+2+1+1,3,10+1+1,20,0
46,4+4+2+1+1,4,9+3,27,0
46,4+4+2+1+1,5,9+2+1,18,0
46,4+4+2+1+1,6,9+1+1+1,54,0
46,4+4+2+1+1,7,8+4,32,-1
46,4+4+2+1+1,8,8+3+1,24,0
46,4+4+2+1+1,9,8+2+2,64,-1
46,4+4+2+1+1,10,8+2+1+1,32,1
46,4+4+2+1+1,11,8+1+1+1+1,192,3
46,4+4+2+1+1,12,7+5,35,1
46,4+4+2+1+1,13,7+4+1,28,0
46,4+4+2+1+1,14,7+3+2,42,1
46,4+4+2+1+1,15,7+3+1+1,42,-1
46,4+4+2+1+1,16,7+2+2+1,56,0
46,4+4+2+1+1,17,7+2+1+1+1,84,-2
46,4+4+2+1+1,18,7+1+1+1+1+1,840,-4
46,4+4+2+1+1,19,6+6,72,0
46,4+4+2+1+1,20,6+5+1,30,0
46,4+4+2+1+1,21,6+4+2,48,0
46,4+4+2+1+1,22,6+4+1+1,48,0
46,4+4+2+1+1,23,6+3+3,108,0
46,4+4+2+1+1,24,6+3+2+1,36,0
46,4+4+2+1+1,25,6+3+1+1+1,108,0
46,4+4+2+1+1,26,6+2+2+2,288,0
46,4+4+2+1+1,27,6+2+2+1+1,96,0
46,4+4+2+1+1,28,6+2+1+1+1+1,288,0
46,4+4+2+1+1,29,6+1+1+1+1+1+1,4320,0
46,4+4+2+1+1,30,5+5+2,100,0
46,4+4+2+1+1,31,5+5+1+1,100,0
46,4+4+2+1+1,32,5+4+3,60,-1
46,4+4+2+1+1,33,5+4+2+1,40,-1
46,4+4+2+1+1,34,5+4+1+1+1,120,-1
46,4+4+2+1+1,35,5+3+3+1,90,0
46,4+4+2+1+1,36,5+3+2+2,120,-1
46,4+4+2+1+1,37,5+3+2+1+1,60,1
46,4+4+2+1+1,38,5+3+1+1+1+1,360,3
46,4+4+2+1+1,39,5+2+2+2+1,240,3
46,4+4+2+1+1,40,5+2+2+1+1+1,240,-1
46,4+4+2+1+1,41,5+2+1+1+1+1+1,1200,-5
46,4+4+2+1+1,42,5+1+1+1+1+1+1+1,25200,15
46,4+4+2+1+1,43,4+4+4,384,3
46,4+4+2+1+1,44,4+4+3+1,96,2
46,4+4+2+1+1,45,4+4+2+2,256,3
46,4+4+2+1+1,46,4+4+2+1+1,128,1
46,4+4+2+1+1,47,4+4+1+1+1+1,768,-1
46,4+4+2+1+1,48,4+3+3+2,144,0
46,4+4+2+1+1,49,4+3+3+1+1,144,0
46,4+4+2+1+1,50,4+3+2+2+1,96,-2
46,4+4+2+1+1,51,4+3+2+1+1+1,144,0
46,4+4+2+1+1,52,4+3+1+1+1+1+1,1440,-6
46,4+4+2+1+1,53,4+2+2+2+2,1536,3
46,4+4+2+1+1,54,4+2+2+2+1+1,384,-3
46,4+4+2+1+1,55,4+2+2+1+1+1+1,768,7
46,4+4+2+1+1,56,4+2+1+1+1+1+1+1,5760,9
46,4+4+2+1+1,57,4+1+1+1+1+1+1+1+1,161280,-21
46,4+4+2+1+1,58,3+3+3+3,1944,0
46,4+4+2+1+1,59,3+3+3+2+1,324,0
46,4+4+2+1+1,60,3+3+3+1+1+1,972,0
46,4+4+2+1+1,61,3+3+2+2+2,864,0
46,4+4+2+1+1,62,3+3+2+2+1+1,288,0
46,4+4+2+1+1,63,3+3+2+1+1+1+1,864,0
46,4+4+2+1+1,64,3+3+1+1+1+1+1+1,12960,0
46,4+4+2+1+1,65,3+2+2+2+2+1,1152,6
46,4+4+2+1+1,66,3+2+2+2+1+1+1,864,0
46,4+4+2+1+1,67,3+2+2+1+1+1+1+1,2880,-6
46,4+4+2+1+1,68,3+2+1+1+1+1+1+1+1,30240,36
46,4+4+2+1+1,69,3+1+1+1+1+1+1+1+1+1,1088640,-162
46,4+4+2+1+1,70,2+2+2+2+2+2,46080,-45
46,4+4+2+1+1,71,2+2+2+2+2+1+1,7680,-15
46,4+4+2+1+1,72,2+2+2+2+1+1+1+1,9216,15
46,4+4+2+1+1,73,2+2+2+1+1+1+1+1+1,34560,-27
46,4+4+2+1+1,74,2+2+1+1+1+1+1+1+1+1,322560,-21
46,4+4+2+1+1,75,2+1+1+1+1+1+1+1+1+1+1,7257600,-135
46,4+4+2+1+1,76,1+1+1+1+1+1+1+1+1+1+1+1,479001600,4455
47,4+4+1+1+1+1,0,12,12,0
47,4+4+1+1+1+1,1,11+1,11,0
47,4+4+1+1+1+1,2,10+2,20,0
47,4+4+1+1+1+1,3,10+1+1,20,0
47,4+4+1+1+1+1,4,9+3,27,-1
47,4+4+1+1+1+1,5,9+2+1,18,-1
47,4+4+1+1+1+1,6,9+1+1+1,54,-1
47,4+4+1+1+1+1,7,8+4,32,1
47,4+4+1+1+1+1,8,8+3+1,24,1
47,4+4+1+1+1+1,9,8+2+2,64,1
47,4+4+1+1+1+1,10,8+2+1+1,32,1
47,4+4+1+1+1+1,11,8+1+1+1+1,192,1
47,4+4+1+1+1+1,12,7+5,35,0
47,4+4+1+1+1+1,13,7+4+1,28,0
47,4+4+1+1+1+1,14,7+3+2,42,0
47,4+4+1+1+1+1,15,7+3+1+1,42,0
47,4+4+1+1+1+1,16,7+2+2+1,56,0
47,4+4+1+1+1+1,17,7+2+1+1+1,84,0
47,4+4+1+1+1+1,18,7+1+1+1+1+1,840,0
47,4+4+1+1+1+1,19,6+6,72,0
47,4+4+1+1+1+1,20,6+5+1,30,0
47,4+4+1+1+1+1,21,6+4+2,48,0
47,4+4+1+1+1+1,22,6+4+1+1,48,0
47,4+4+1+1+1+1,23,6+3+3,108,0
47,4+4+1+1+1+1,24,6+3+2+1,36,0
47,4+4+1+1+1+1,25,6+3+1+1+1,108,0
47,4+4+1+1+1+1,26,6+2+2+2,288,0
47,4+4+1+1+1+1,27,6+2+2+1+1,96,0
47,4+4+1+1+1+1,28,6+2+1+1+1+1,288,0
47,4+4+1+1+1+1,29,6+1+1+1+1+1+1,4320,0
47,4+4+1+1+1+1,30,5+5+2,100,0
47,4+4+1+1+1+1,31,5+5+1+1,100,0
47,4+4+1+1+1+1,32,5+4+3,60,0
47,4+4+1+1+1+1,33,5+4+2+1,40,0
47,4+4+1+1+1+1,34,5+4+1+1+1,120,0
47,4+4+1+1+1+1,35,5+3+3+1,90,0
47,4+4+1+1+1+1,36,5+3+2+2,120,0
47,4+4+1+1+1+1,37,5+3+2+1+1,60,0
47,4+4+1+1+1+1,38,5+3+1+1+1+1,360,0
47,4+4+1+1+1+1,39,5+2+2+2+1,240,0
47,4+4+1+1+1+1,40,5+2+2+1+1+1,240,0
47,4+4+1+1+1+1,41,5+2+1+1+1+1+1,1200,0
47,4+4+1+1+1+1,42,5+1+1+1+1+1+1+1,25200,0
47,4+4+1+1+1+1,43,4+4+4,384,-3
47,4+4+1+1+1+1,44,4+4+3+1,96,-1
47,4+4+1+1+1+1,45,4+4+2+2,256,-3
47,4+4+1+1+1+1,46,4+4+2+1+1,128,1
47,4+4+1+1+1+1,47,4+4+1+1+1+1,768,5
47,4+4+1+1+1+1,48,4+3+3+2,144,2
47,4+4+1+1+1+1,49,4+3+3+1+1,144,-2
47,4+4+1+1+1+1,50,4+3+2+2+1,96,3
47,4+4+1+1+1+1,51,4+3+2+1+1+1,144,-1
47,4+4+1+1+1+1,52,4+3+1+1+1+1+1,1440,-5
47,4+4+1+1+1+1,53,4+2+2+2+2,1536,-3
47,4+4+1+1+1+1,54,4+2+2+2+1+1,384,-3
47,4+4+1+1+1+1,55,4+2+2+1+1+1+1,768,-3
47,4+4+1+1+1+1,56,4+2+1+1+1+1+1+1,5760,5
47,4+4+1+1+1+1,57,4+1+1+1+1+1+1+1+1,161280,-35
47,4+4+1+1+1+1,58,3+3+3+3,1944,8
47,4+4+1+1+1+1,59,3+3+3+2+1,324,-4
47,4+4+1+1+1+1,60,3+3+3+1+1+1,972,8
47,4+4+1+1+1+1,61,3+3+2+2+2,864,-6
47,4+4+1+1+1+1,62,3+3+2+2+1+1,288,-2
47,4+4+1+1+1+1,63,3+3+2+1+1+1+1,864,2
47,4+4+1+1+1+1,64,3+3+1+1+1+1+1+1,12960,-10
47,4+4+1+1+1+1,65,3+2+2+2+2+1,1152,3
47,4+4+1+1+1+1,66,3+2+2+2+1+1+1,864,3
47,4+4+1+1+1+1,67,3+2+2+1+1+1+1+1,2880,-5
47,4+4+1+1+1+1,68,3+2+1+1+1+1+1+1+1,30240,35
47,4+4+1+1+1+1,69,3+1+1+1+1+1+1+1+1+1,1088640,35
47,4+4+1+1+1+1,70,2+2+2+2+2+2,46080,45
47,4+4+1+1+1+1,71,2+2+2+2+2+1+1,7680,-15
47,4+4+1+1+1+1,72,2+2+2+2+1+1+1+1,9216,21
47,4+4+1+1+1+1,73,2+2+2+1+1+1+1+1+1,34560,-15
47,4+4+1+1+1+1,74,2+2+1+1+1+1+1+1+1+1,322560,-35
47,4+4+1+1+1+1,75,2+1+1+1+1+1+1+1+1+1+1,7257600,-175
47,4+4+1+1+1+1,76,1+1+1+1+1+1+1+1+1+1+1+1,479001600,1925
48,4+3+3+2,0,12,12,0
48,4+3+3+2,1,11+1,11,0
48,4+3+3+2,2,10+2,20,0
48,4+3+3+2,3,10+1+1,20,0
48,4+3+3+2,4,9+3,27,0
48,4+3+3+2,5,9+2+1,18,0
48,4+3+3+2,6,9+1+1+1,54,0
48,4+3+3+2,7,8+4,32,0
48,4+3+3+2,8,8+3+1,24,0
48,4+3+3+2,9,8+2+2,64,0
48,4+3+3+2,10,8+2+1+1,32,0
48,4+3+3+2,11,8+1+1+1+1,192,0
48,4+3+3+2,12,7+5,35,0
48,4+3+3+2,13,7+4+1,28,-1
48,4+3+3+2,14,7+3+2,42,1
48,4+3+3+2,15,7+3+1+1,42,1
48,4+3+3+2,16,7+2+2+1,56,-1
48,4+3+3+2,17,7+2+1+1+1,84,1
48,4+3+3+2,18,7+1+1+1+1+1,840,-5
48,4+3+3+2,19,6+6,72,0
48,4+3+3+2,20,6+5+1,30,1
48,4+3+3+2,21,6+4+2,48,-1
48,4+3+3+2,22,6+4+1+1,48,-1
48,4+3+3+2,23,6+3+3,108,0
48,4+3+3+2,24,6+3+2+1,36,0
48,4+3+3+2,25,6+3+1+1+1,108,0
48,4+3+3+2,26,6+2+2+2,288,3
48,4+3+3+2,27,6+2+2+1+1,96,-1
48,4+3+3+2,28,6+2+1+1+1+1,288,3
48,4+3+3+2,29,6+1+1+1+1+1+1,4320,-9
48,4+3+3+2,30,5+5+2,100,0
48,4+3+3+2,31,5+5+1+1,100,0
48,4+3+3+2,32,5+4+3,60,-1
48,4+3+3+2,33,5+4+2+1,40,1
48,4+3+3+2,34,5+4+1+1+1,120,-1
48,4+3+3+2,35,5+3+3+1,90,-1
48,4+3+3+2,36,5+3+2+2,120,-1
48,4+3+3+2,37,5+3+2+1+1,60,-1
48,4+3+3+2,38,5+3+1+1+1+1,360,-1
48,4+3+3+2,39,5+2+2+2+1,240,1
48,4+3+3+2,40,5+2+2+1+1+1,240,-1
48,4+3+3+2,41,5+2+1+1+1+1+1,1200,5
48,4+3+3+2,42,5+1+1+1+1+1+1+1,25200,35
48,4+3+3+2,43,4+4+4,384,6
48,4+3+3+2,44,4+4+3+1,96,0
48,4+3+3+2,45,4+4+2+2,256,-2
48,4+3+3+2,46,4+4+2+1+1,128,2
48,4+3+3+2,47,4+4+1+1+1+1,768,6
48,4+3+3+2,48,4+3+3+2,144,1
48,4+3+3+2,49,4+3+3+1+1,144,1
48,4+3+3+2,50,4+3+2+2+1,96,0
48,4+3+3+2,51,4+3+2+1+1+1,144,-2
48,4+3+3+2,52,4+3+1+1+1+1+1,1440,4
48,4+3+3+2,53,4+2+2+2+2,1536,2
48,4+3+3+2,54,4+2+2+2+1+1,384,2
48,4+3+3+2,55,4+2+2+1+1+1+1,768,-6
48,4+3+3+2,56,4+2+1+1+1+1+1+1,5760,-14
48,4+3+3+2,57,4+1+1+1+1+1+1+1+1,161280,34
48,4+3+3+2,58,3+3+3+3,1944,0
48,4+3+3+2,59,3+3+3+2+1,324,0
48,4+3+3+2,60,3+3+3+1+1+1,972,0
48,4+3+3+2,61,3+3+2+2+2,864,-3
48,4+3+3+2,62,3+3+2+2+1+1,288,1
48,4+3+3+2,63,3+3+2+1+1+1+1,864,-3
48,4+3+3+2,64,3+3+1+1+1+1+1+1,12960,9
48,4+3+3+2,65,3+2+2+2+2+1,1152,0
48,4+3+3+2,66,3+2+2+2+1+1+1,864,6
48,4+3+3+2,67,3+2+2+1+1+1+1+1,2880,4
48,4+3+3+2,68,3+2+1+1+1+1+1+1+1,30240,-6
48,4+3+3+2,69,3+1+1+1+1+1+1+1+1+1,1088640,-216
48,4+3+3+2,70,2+2+2+2+2+2,46080,-30
48,4+3+3+2,71,2+2+2+2+2+1+1,7680,-10
48,4+3+3+2,72,2+2+2+2+1+1+1+1,9216,-6
48,4+3+3+2,73,2+2+2+1+1+1+1+1+1,34560,6
48,4+3+3+2,74,2+2+1+1+1+1+1+1+1+1,322560,34
48,4+3+3+2,75,2+1+1+1+1+1+1+1+1+1+1,7257600,-90
48,4+3+3+2,76,1+1+1+1+1+1+1+1+1+1+1+1,479001600,2970
49,4+3+3+1+1,0,12,12,0
49,4+3+3+1+1,1,11+1,11,0
49,4+3+3+1+1,2,10+2,20,0
49,4+3+3+1+1,3,10+1+1,20,0
49,4+3+3+1+1,4,9+3,27,0
49,4+3+3+1+1,5,9+2+1,18,0
49,4+3+3+1+1,6,9+1+1+1,54,0
49,4+3+3+1+1,7,8+4,32,0
49,4+3+3+1+1,8,8+3+1,24,-1
49,4+3+3+1+1,9,8+2+2,64,2
49,4+3+3+1+1,10,8+2+1+1,32,0
49,4+3+3+1+1,11,8+1+1+1+1,192,2
49,4+3+3+1+1,12,7+5,35,0
49,4+3+3+1+1,13,7+4+1,28,0
49,4+3+3+1+1,14,7+3+2,42,0
49,4+3+3+1+1,15,7+3+1+1,42,0
49,4+3+3+1+1,16,7+2+2+1,56,0
49,4+3+3+1+1,17,7+2+1+1+1,84,0
49,4+3+3+1+1,18,7+1+1+1+1+1,840,0
49,4+3+3+1+1,19,6+6,72,0
49,4+3+3+1+1,20,6+5+1,30,1
49,4+3+3+1+1,21,6+4+2,48,-1
49,4+3+3+1+1,22,6+4+1+1,48,1
49,4+3+3+1+1,23,6+3+3,108,0
49,4+3+3+1+1,24,6+3+2+1,36,0
49,4+3+3+1+1,25,6+3+1+1+1,108,0
49,4+3+3+1+1,26,6+2+2+2,288,-3
49,4+3+3+1+1,27,6+2+2+1+1,96,-1
49,4+3+3+1+1,28,6+2+1+1+1+1,288,-3
49,4+3+3+1+1,29,6+1+1+1+1+1+1,4320,-9
49,4+3+3+1+1,30,5+5+2,100,-2
49,4+3+3+1+1,31,5+5+1+1,100,-2
49,4+3+3+1+1,32,5+4+3,60,1
49,4+3+3+1+1,33,5+4+2+1,40,0
49,4+3+3+1+1,34,5+4+1+1+1,120,-2
49,4+3+3+1+1,35,5+3+3+1,90,1
49,4+3+3+1+1,36,5+3+2+2,120,1
49,4+3+3+1+1,37,5+3+2+1+1,60,1
49,4+3+3+1+1,38,5+3+1+1+1+1,360,1
49,4+3+3+1+1,39,5+2+2+2+1,240,-2
49,4+3+3+1+1,40,5+2+2+1+1+1,240,4
49,4+3+3+1+1,41,5+2+1+1+1+1+1,1200,-2
49,4+3+3+1+1,42,5+1+1+1+1+1+1+1,25200,28
49,4+3+3+1+1,43,4+4+4,384,0
49,4+3+3+1+1,44,4+4+3+1,96,-1
49,4+3+3+1+1,45,4+4+2+2,256,2
49,4+3+3+1+1,46,4+4+2+1+1,128,0
49,4+3+3+1+1,47,4+4+1+1+1+1,768,2
49,4+3+3+1+1,48,4+3+3+2,144,-1
49,4+3+3+1+1,49,4+3+3+1+1,144,1
49,4+3+3+1+1,50,4+3+2+2+1,96,1
49,4+3+3+1+1,51,4+3+2+1+1+1,144,-1
49,4+3+3+1+1,52,4+3+1+1+1+1+1,1440,1
49,4+3+3+1+1,53,4+2+2+2+2,1536,-4
49,4+3+3+1+1,54,4+2+2+2+1+1,384,-2
49,4+3+3+1+1,55,4+2+2+1+1+1+1,768,4
49,4+3+3+1+1,56,4+2+1+1+1+1+1+1,5760,-10
49,4+3+3+1+1,57,4+1+1+1+1+1+1+1+1,161280,28
49,4+3+3+1+1,58,3+3+3+3,1944,0
49,4+3+3+1+1,59,3+3+3+2+1,324,0
49,4+3+3+1+1,60,3+3+3+1+1+1,972,0
49,4+3+3+1+1,61,3+3+2+2+2,864,-3
49,4+3+3+1+1,62,3+3+2+2+1+1,288,-1
49,4+3+3+1+1,63,3+3+2+1+1+1+1,864,-3
49,4+3+3+1+1,64,3+3+1+1+1+1+1+1,12960,-9
49,4+3+3+1+1,65,3+2+2+2+2+1,1152,3
49,4+3+3+1+1,66,3+2+2+2+1+1+1,864,-3
49,4+3+3+1+1,67,3+2+2+1+1+1+1+1,2880,11
49,4+3+3+1+1,68,3+2+1+1+1+1+1+1+1,30240,21
49,4+3+3+1+1,69,3+1+1+1+1+1+1+1+1+1,1088640,-189
49,4+3+3+1+1,70,2+2+2+2+2+2,46080,30
49,4+3+3+1+1,71,2+2+2+2+2+1+1,7680,20
49,4+3+3+1+1,72,2+2+2+2+1+1+1+1,9216,-18
49,4+3+3+1+1,73,2+2+2+1+1+1+1+1+1,34560,-12
49,4+3+3+1+1,74,2+2+1+1+1+1+1+1+1+1,322560,14
49,4+3+3+1+1,75,2+1+1+1+1+1+1+1+1+1+1,7257600,-252
49,4+3+3+1+1,76,1+1+1+1+1+1+1+1+1+1+1+1,479001600,4158
50,4+3+2+2+1,0,12,12,0
50,4+3+2+2+1,1,11+1,11,0
50,4+3+2+2+1,2,10+2,20,0
50,4+3+2+2+1,3,10+1+1,20,0
50,4+3+2+2+1,4,9+3,27,0
50,4+3+2+2+1,5,9+2+1,18,0
50,4+3+2+2+1,6,9+1+1+1,54,0
50,4+3+2+2+1,7,8+4,32,1
50,4+3+2+2+1,8,8+3+1,24,0
50,4+3+2+2+1,9,8+2+2,64,-1
50,4+3+2+2+1,10,8+2+1+1,32,-1
50,4+3+2+2+1,11,8+1+1+1+1,192,3
50,4+3+2+2+1,12,7+5,35,0
50,4+3+2+2+1,13,7+4+1,28,0
50,4+3+2+2+1,14,7+3+2,42,0
50,4+3+2+2+1,15,7+3+1+1,42,0
50,4+3+2+2+1,16,7+2+2+1,56,0
50,4+3+2+2+1,17,7+2+1+1+1,84,0
50,4+3+2+2+1,18,7+1+1+1+1+1,840,0
50,4+3+2+2+1,19,6+6,72,-2
50,4+3+2+2+1,20,6+5+1,30,0
50,4+3+2+2+1,21,6+4+2,48,1
50,4+3+2+2+1,22,6+4+1+1,48,1
50,4+3+2+2+1,23,6+3+3,108,0
50,4+3+2+2+1,24,6+3+2+1,36,1
50,4+3+2+2+1,25,6+3+1+1+1,108,-3
50,4+3+2+2+1,26,6+2+2+2,288,1
50,4+3+2+2+1,27,6+2+2+1+1,96,1
50,4+3+2+2+1,28,6+2+1+1+1+1,288,1
50,4+3+2+2+1,29,6+1+1+1+1+1+1,4320,-15
50,4+3+2+2+1,30,5+5+2,100,0
50,4+3+2+2+1,31,5+5+1+1,100,0
50,4+3+2+2+1,32,5+4+3,60,0
50,4+3+2+2+1,33,5+4+2+1,40,0
50,4+3+2+2+1,34,5+4+1+1+1,120,0
50,4+3+2+2+1,35,5+3+3+1,90,0
50,4+3+2+2+1,36,5+3+2+2,120,0
50,4+3+2+2+1,37,5+3+2+1+1,60,0
50,4+3+2+2+1,38,5+3+1+1+1+1,360,0
50,4+3+2+2+1,39,5+2+2+2+1,240,0
50,4+3+2+2+1,40,5+2+2+1+1+1,240,0
50,4+3+2+2+1,41,5+2+1+1+1+1+1,1200,0
50,4+3+2+2+1,42,5+1+1+1+1+1+1+1,25200,0
50,4+3+2+2+1,43,4+4+4,384,-3
50,4+3+2+2+1,44,4+4+3+1,96,-2
50,4+3+2+2+1,45,4+4+2+2,256,-1
50,4+3+2+2+1,46,4+4+2+1+1,128,-1
50,4+3+2+2+1,47,4+4+1+1+1+1,768,-5
50,4+3+2+2+1,48,4+3+3+2,144,-1
50,4+3+2+2+1,49,4+3+3+1+1,144,3
50,4+3+2+2+1,50,4+3+2+2+1,96,0
50,4+3+2+2+1,51,4+3+2+1+1+1,144,2
50,4+3+2+2+1,52,4+3+1+1+1+1+1,1440,0
50,4+3+2+2+1,53,4+2+2+2+2,1536,1
50,4+3+2+2+1,54,4+2+2+2+1+1,384,1
50,4+3+2+2+1,55,4+2+2+1+1+1+1,768,-3
50,4+3+2+2+1,56,4+2+1+1+1+1+1+1,5760,5
50,4+3+2+2+1,57,4+1+1+1+1+1+1+1+1,161280,105
50,4+3+2+2+1,58,3+3+3+3,1944,6
50,4+3+2+2+1,59,3+3+3+2+1,324,-3
50,4+3+2+2+1,60,3+3+3+1+1+1,972,-3
50,4+3+2+2+1,61,3+3+2+2+2,864,3
50,4+3+2+2+1,62,3+3+2+2+1+1,288,-1
50,4+3+2+2+1,63,3+3+2+1+1+1+1,864,3
50,4+3+2+2+1,64,3+3+1+1+1+1+1+1,12960,15
50,4+3+2+2+1,65,3+2+2+2+2+1,1152,-2
50,4+3+2+2+1,66,3+2+2+2+1+1+1,864,0
50,4+3+2+2+1,67,3+2+2+1+1+1+1+1,2880,-10
50,4+3+2+2+1,68,3+2+1+1+1+1+1+1+1,30240,0
50,4+3+2+2+1,69,3+1+1+1+1+1+1+1+1+1,1088640,-210
50,4+3+2+2+1,70,2+2+2+2+2+2,46080,-5
50,4+3+2+2+1,71,2+2+2+2+2+1+1,7680,-5
50,4+3+2+2+1,72,2+2+2+2+1+1+1+1,9216,7
50,4+3+2+2+1,73,2+2+2+1+1+1+1+1+1,34560,15
50,4+3+2+2+1,74,2+2+1+1+1+1+1+1+1+1,322560,35
50,4+3+2+2+1,75,2+1+1+1+1+1+1+1+1+1+1,7257600,-525
50,4+3+2+2+1,76,1+1+1+1+1+1+1+1+1+1+1+1,479001600,5775
51,4+3+2+1+1+1,0,12,12,0
51,4+3+2+1+1+1,1,11+1,11,0
51,4+3+2+1+1+1,2,10+2,20,0
51,4+3+2+1+1+1,3,10+1+1,20,0
51,4+3+2+1+1+1,4,9+3,27,1
51,4+3+2+1+1+1,5,9+2+1,18,0
51,4+3+2+1+1+1,6,9+1+1+1,54,-2
51,4+3+2+1+1+1,7,8+4,32,0
51,4+3+2+1+1+1,8,8+3+1,24,0
51,4+3+2+1+1+1,9,8+2+2,64,0
51,4+3+2+1+1+1,10,8+2+1+1,32,0
51,4+3+2+1+1+1,11,8+1+1+1+1,192,0
51,4+3+2+1+1+1,12,7+5,35,-1
51,4+3+2+1+1+1,13,7+4+1,28,0
51,4+3+2+1+1+1,14,7+3+2,42,-1
51,4+3+2+1+1+1,15,7+3+1+1,42,1
51,4+3+2+1+1+1,16,7+2+2+1,56,0
51,4+3+2+1+1+1,17,7+2+1+1+1,84,2
51,4+3+2+1+1+1,18,7+1+1+1+1+1,840,4
51,4+3+2+1+1+1,19,6+6,72,0
51,4+3+2+1+1+1,20,6+5+1,30,0
51,4+3+2+1+1+1,21,6+4+2,48,0
51,4+3+2+1+1+1,22,6+4+1+1,48,0
51,4+3+2+1+1+1,23,6+3+3,108,0
51,4+3+2+1+1+1,24,6+3+2+1,36,0
51,4+3+2+1+1+1,25,6+3+1+1+1,108,0
51,4+3+2+1+1+1,26,6+2+2+2,288,0
51,4+3+2+1+1+1,27,6+2+2+1+1,96,0
51,4+3+2+1+1+1,28,6+2+1+1+1+1,288,0
51,4+3+2+1+1+1,29,6+1+1+1+1+1+1,4320,0
51,4+3+2+1+1+1,30,5+5+2,100,2
51,4+3+2+1+1+1,31,5+5+1+1,100,2
51,4+3+2+1+1+1,32,5+4+3,60,0
51,4+3+2+1+1+1,33,5+4+2+1,40,0
51,4+3+2+1+1+1,34,5+4+1+1+1,120,0
51,4+3+2+1+1+1,35,5+3+3+1,90,-2
51,4+3+2+1+1+1,36,5+3+2+2,120,0
51,4+3+2+1+1+1,37,5+3+2+1+1,60,-2
51,4+3+2+1+1+1,38,5+3+1+1+1+1,360,4
51,4+3+2+1+1+1,39,5+2+2+2+1,240,0
51,4+3+2+1+1+1,40,5+2+2+1+1+1,240,0
51,4+3+2+1+1+1,41,5+2+1+1+1+1+1,1200,-8
51,4+3+2+1+1+1,42,5+1+1+1+1+1+1+1,25200,-8
51,4+3+2+1+1+1,43,4+4+4,384,0
51,4+3+2+1+1+1,44,4+4+3+1,96,0
51,4+3+2+1+1+1,45,4+4+2+2,256,0
51,4+3+2+1+1+1,46,4+4+2+1+1,128,0
51,4+3+2+1+1+1,47,4+4+1+1+1+1,768,0
51,4+3+2+1+1+1,48,4+3+3+2,144,0
51,4+3+2+1+1+1,49,4+3+3+1+1,144,0
51,4+3+2+1+1+1,50,4+3+2+2+1,96,0
51,4+3+2+1+1+1,51,4+3+2+1+1+1,144,0
51,4+3+2+1+1+1,52,4+3+1+1+1+1+1,1440,0
51,4+3+2+1+1+1,53,4+2+2+2+2,1536,0
51,4+3+2+1+1+1,54,4+2+2+2+1+1,384,0
51,4+3+2+1+1+1,55,4+2+2+1+1+1+1,768,0
51,4+3+2+1+1+1,56,4+2+1+1+1+1+1+1,5760,0
51,4+3+2+1+1+1,57,4+1+1+1+1+1+1+1+1,161280,0
51,4+3+2+1+1+1,58,3+3+3+3,1944,-8
51,4+3+2+1+1+1,59,3+3+3+2+1,324,6
51,4+3+2+1+1+1,60,3+3+3+1+1+1,972,-2
51,4+3+2+1+1+1,61,3+3+2+2+2,864,0
51,4+3+2+1+1+1,62,3+3+2+2+1+1,288,0
51,4+3+2+1+1+1,63,3+3+2+1+1+1+1,864,0
51,4+3+2+1+1+1,64,3+3+1+1+1+1+1+1,12960,-32
51,4+3+2+1+1+1,65,3+2+2+2+2+1,1152,0
51,4+3+2+1+1+1,66,3+2+2+2+1+1+1,864,0
51,4+3+2+1+1+1,67,3+2+2+1+1+1+1+1,2880,0
51,4+3+2+1+1+1,68,3+2+1+1+1+1+1+1+1,30240,48
51,4+3+2+1+1+1,69,3+1+1+1+1+1+1+1+1+1,1088640,64
51,4+3+2+1+1+1,70,2+2+2+2+2+2,46080,0
51,4+3+2+1+1+1,71,2+2+2+2+2+1+1,7680,0
51,4+3+2+1+1+1,72,2+2+2+2+1+1+1+1,9216,0
51,4+3+2+1+1+1,73,2+2+2+1+1+1+1+1+1,34560,0
51,4+3+2+1+1+1,74,2+2+1+1+1+1+1+1+1+1,322560,0
51,4+3+2+1+1+1,75,2+1+1+1+1+1+1+1+1+1+1,7257600,-768
51,4+3+2+1+1+1,76,1+1+1+1+1+1+1+1+1+1+1+1,479001600,5632
52,4+3+1+1+1+1+1,0,12,12,0
52,4+3+1+1+1+1+1,1,11+1,11,0
52,4+3+1+1+1+1+1,2,10+2,20,1
52,4+3+1+1+1+1+1,3,10+1+1,20,1
52,4+3+1+1+1+1+1,4,9+3,27,0
52,4+3+1+1+1+1+1,5,9+2+1,18,0
52,4+3+1+1+1+1+1,6,9+1+1+1,54,0
52,4+3+1+1+1+1+1,7,8+4,32,-1
52,4+3+1+1+1+1+1,8,8+3+1,24,-1
52,4+3+1+1+1+1+1,9,8+2+2,64,-1
52,4+3+1+1+1+1+1,10,8+2+1+1,32,-1
52,4+3+1+1+1+1+1,11,8+1+1+1+1,192,-1
52,4+3+1+1+1+1+1,12,7+5,35,0
52,4+3+1+1+1+1+1,13,7+4+1,28,0
52,4+3+1+1+1+1+1,14,7+3+2,42,0
52,4+3+1+1+1+1+1,15,7+3+1+1,42,0
52,4+3+1+1+1+1+1,16,7+2+2+1,56,0
52,4+3+1+1+1+1+1,17,7+2+1+1+1,84,0
52,4+3+1+1+1+1+1,18,7+1+1+1+1+1,840,0
52,4+3+1+1+1+1+1,19,6+6,72,0
52,4+3+1+1+1+1+1,20,6+5+1,30,0
52,4+3+1+1+1+1+1,21,6+4+2,48,0
52,4+3+1+1+1+1+1,22,6+4+1+1,48,0
52,4+3+1+1+1+1+1,23,6+3+3,108,0
52,4+3+1+1+1+1+1,24,6+3+2+1,36,0
52,4+3+1+1+1+1+1,25,6+3+1+1+1,108,0
52,4+3+1+1+1+1+1,26,6+2+2+2,288,0
52,4+3+1+1+1+1+1,27,6+2+2+1+1,96,0
52,4+3+1+1+1+1+1,28,6+2+1+1+1+1,288,0
52,4+3+1+1+1+1+1,29,6+1+1+1+1+1+1,4320,0
52,4+3+1+1+1+1+1,30,5+5+2,100,-1
52,4+3+1+1+1+1+1,31,5+5+1+1,100,-1
52,4+3+1+1+1+1+1,32,5+4+3,60,1
52,4+3+1+1+1+1+1,33,5+4+2+1,40,0
52,4+3+1+1+1+1+1,34,5+4+1+1+1,120,-2
52,4+3+1+1+1+1+1,35,5+3+3+1,90,2
52,4+3+1+1+1+1+1,36,5+3+2+2,120,-1
52,4+3+1+1+1+1+1,37,5+3+2+1+1,60,1
52,4+3+1+1+1+1+1,38,5+3+1+1+1+1,360,-1
52,4+3+1+1+1+1+1,39,5+2+2+2+1,240,0
52,4+3+1+1+1+1+1,40,5+2+2+1+1+1,240,2
52,4+3+1+1+1+1+1,41,5+2+1+1+1+1+1,1200,4
52,4+3+1+1+1+1+1,42,5+1+1+1+1+1+1+1,25200,14
52,4+3+1+1+1+1+1,43,4+4+4,384,3
52,4+3+1+1+1+1+1,44,4+4+3+1,96,1
52,4+3+1+1+1+1+1,45,4+4+2+2,256,-1
52,4+3+1+1+1+1+1,46,4+4+2+1+1,128,-1
52,4+3+1+1+1+1+1,47,4+4+1+1+1+1,768,7
52,4+3+1+1+1+1+1,48,4+3+3+2,144,-2
52,4+3+1+1+1+1+1,49,4+3+3+1+1,144,-2
52,4+3+1+1+1+1+1,50,4+3+2+2+1,96,1
52,4+3+1+1+1+1+1,51,4+3+2+1+1+1,144,1
52,4+3+1+1+1+1+1,52,4+3+1+1+1+1+1,1440,1
52,4+3+1+1+1+1+1,53,4+2+2+2+2,1536,3
52,4+3+1+1+1+1+1,54,4+2+2+2+1+1,384,3
52,4+3+1+1+1+1+1,55,4+2+2+1+1+1+1,768,-5
52,4+3+1+1+1+1+1,56,4+2+1+1+1+1+1+1,5760,-5
52,4+3+1+1+1+1+1,57,4+1+1+1+1+1+1+1+1,161280,-77
52,4+3+1+1+1+1+1,58,3+3+3+3,1944,0
52,4+3+1+1+1+1+1,59,3+3+3+2+1,324,0
52,4+3+1+1+1+1+1,60,3+3+3+1+1+1,972,0
52,4+3+1+1+1+1+1,61,3+3+2+2+2,864,6
52,4+3+1+1+1+1+1,62,3+3+2+2+1+1,288,-2
52,4+3+1+1+1+1+1,63,3+3+2+1+1+1+1,864,6
52,4+3+1+1+1+1+1,64,3+3+1+1+1+1+1+1,12960,-18
52,4+3+1+1+1+1+1,65,3+2+2+2+2+1,1152,-3
52,4+3+1+1+1+1+1,66,3+2+2+2+1+1+1,864,-3
52,4+3+1+1+1+1+1,67,3+2+2+1+1+1+1+1,2880,-11
52,4+3+1+1+1+1+1,68,3+2+1+1+1+1+1+1+1,30240,21
52,4+3+1+1+1+1+1,69,3+1+1+1+1+1+1+1+1+1,1088640,189
52,4+3+1+1+1+1+1,70,2+2+2+2+2+2,46080,-9
52,4+3+1+1+1+1+1,71,2+2+2+2+2+1+1,7680,-9
52,4+3+1+1+1+1+1,72,2+2+2+2+1+1+1+1,9216,15
52,4+3+1+1+1+1+1,73,2+2+2+1+1+1+1+1+1,34560,15
52,4+3+1+1+1+1+1,74,2+2+1+1+1+1+1+1+1+1,322560,7
52,4+3+1+1+1+1+1,75,2+1+1+1+1+1+1+1+1+1+1,7257600,-441
52,4+3+1+1+1+1+1,76,1+1+1+1+1+1+1+1+1+1+1+1,479001600,2079
53,4+2+2+2+2,0,12,12,0
53,4+2+2+2+2,1,11+1,11,0
53,4+2+2+2+2,2,10+2,20,0
53,4+2+2+2+2,3,10+1+1,20,0
53,4+2+2+2+2,4,9+3,27,0
53,4+2+2+2+2,5,9+2+1,18,0
53,4+2+2+2+2,6,9+1+1+1,54,0
53,4+2+2+2+2,7,8+4,32,-1
53,4+2+2+2+2,8,8+3+1,24,1
53,4+2+2+2+2,9,8+2+2,64,1
53,4+2+2+2+2,10,8+2+1+1,32,-1
53,4+2+2+2+2,11,8+1+1+1+1,192,1
53,4+2+2+2+2,12,7+5,35,1
53,4+2+2+2+2,13,7+4+1,28,-1
53,4+2+2+2+2,14,7+3+2,42,-1
53,4+2+2+2+2,15,7+3+1+1,42,1
53,4+2+2+2+2,16,7+2+2+1,56,1
53,4+2+2+2+2,17,7+2+1+1+1,84,-1
53,4+2+2+2+2,18,7+1+1+1+1+1,840,1
53,4+2+2+2+2,19,6+6,72,0
53,4+2+2+2+2,20,6+5+1,30,0
53,4+2+2+2+2,21,6+4+2,48,0
53,4+2+2+2+2,22,6+4+1+1,48,0
53,4+2+2+2+2,23,6+3+3,108,0
53,4+2+2+2+2,24,6+3+2+1,36,0
53,4+2+2+2+2,25,6+3+1+1+1,108,0
53,4+2+2+2+2,26,6+2+2+2,288,0
53,4+2+2+2+2,27,6+2+2+1+1,96,0
53,4+2+2+2+2,28,6+2+1+1+1+1,288,0
53,4+2+2+2+2,29,6+1+1+1+1+1+1,4320,0
53,4+2+2+2+2,30,5+5+2,100,0
53,4+2+2+2+2,31,5+5+1+1,100,0
53,4+2+2+2+2,32,5+4+3,60,0
53,4+2+2+2+2,33,5+4+2+1,40,0
53,4+2+2+2+2,34,5+4+1+1+1,120,0
53,4+2+2+2+2,35,5+3+3+1,90,-2
53,4+2+2+2+2,36,5+3+2+2,120,-2
53,4+2+2+2+2,37,5+3+2+1+1,60,0
53,4+2+2+2+2,38,5+3+1+1+1+1,360,-2
53,4+2+2+2+2,39,5+2+2+2+1,240,0
53,4+2+2+2+2,40,5+2+2+1+1+1,240,4
53,4+2+2+2+2,41,5+2+1+1+1+1+1,1200,0
53,4+2+2+2+2,42,5+1+1+1+1+1+1+1,25200,-20
53,4+2+2+2+2,43,4+4+4,384,3
53,4+2+2+2+2,44,4+4+3+1,96,1
53,4+2+2+2+2,45,4+4+2+2,256,1
53,4+2+2+2+2,46,4+4+2+1+1,128,3
53,4+2+2+2+2,47,4+4+1+1+1+1,768,1
53,4+2+2+2+2,48,4+3+3+2,144,2
53,4+2+2+2+2,49,4+3+3+1+1,144,-2
53,4+2+2+2+2,50,4+3+2+2+1,96,-1
53,4+2+2+2+2,51,4+3+2+1+1+1,144,-1
53,4+2+2+2+2,52,4+3+1+1+1+1+1,1440,-5
53,4+2+2+2+2,53,4+2+2+2+2,1536,-9
53,4+2+2+2+2,54,4+2+2+2+1+1,384,-3
53,4+2+2+2+2,55,4+2+2+1+1+1+1,768,-1
53,4+2+2+2+2,56,4+2+1+1+1+1+1+1,5760,5
53,4+2+2+2+2,57,4+1+1+1+1+1+1+1+1,161280,55
53,4+2+2+2+2,58,3+3+3+3,1944,0
53,4+2+2+2+2,59,3+3+3+2+1,324,0
53,4+2+2+2+2,60,3+3+3+1+1+1,972,0
53,4+2+2+2+2,61,3+3+2+2+2,864,6
53,4+2+2+2+2,62,3+3+2+2+1+1,288,2
53,4+2+2+2+2,63,3+3+2+1+1+1+1,864,6
53,4+2+2+2+2,64,3+3+1+1+1+1+1+1,12960,18
53,4+2+2+2+2,65,3+2+2+2+2+1,1152,-3
53,4+2+2+2+2,66,3+2+2+2+1+1+1,864,-3
53,4+2+2+2+2,67,3+2+2+1+1+1+1+1,2880,-7
53,4+2+2+2+2,68,3+2+1+1+1+1+1+1+1,30240,-15
53,4+2+2+2+2,69,3+1+1+1+1+1+1+1+1+1,1088640,-27
53,4+2+2+2+2,70,2+2+2+2+2+2,46080,45
53,4+2+2+2+2,71,2+2+2+2+2+1+1,7680,15
53,4+2+2+2+2,72,2+2+2+2+1+1+1+1,9216,-3
53,4+2+2+2+2,73,2+2+2+1+1+1+1+1+1,34560,15
53,4+2+2+2+2,74,2+2+1+1+1+1+1+1+1+1,322560,29
53,4+2+2+2+2,75,2+1+1+1+1+1+1+1+1+1+1,7257600,-225
53,4+2+2+2+2,76,1+1+1+1+1+1+1+1+1+1+1+1,479001600,1485
54,4+2+2+2+1+1,0,12,12,0
54,4+2+2+2+1+1,1,11+1,11,0
54,4+2+2+2+1+1,2,10+2,20,0
54,4+2+2+2+1+1,3,10+1+1,20,0
54,4+2+2+2+1+1,4,9+3,27,-1
54,4+2+2+2+1+1,5,9+2+1,18,1
54,4+2+2+2+1+1,6,9+1+1+1,54,-1
54,4+2+2+2+1+1,7,8+4,32,0
54,4+2+2+2+1+1,8,8+3+1,24,0
54,4+2+2+2+1+1,9,8+2+2,64,0
54,4+2+2+2+1+1,10,8+2+1+1,32,0
54,4+2+2+2+1+1,11,8+1+1+1+1,192,0
54,4+2+2+2+1+1,12,7+5,35,0
54,4+2+2+2+1+1,13,7+4+1,28,0
54,4+2+2+2+1+1,14,7+3+2,42,0
54,4+2+2+2+1+1,15,7+3+1+1,42,0
54,4+2+2+2+1+1,16,7+2+2+1,56,0
54,4+2+2+2+1+1,17,7+2+1+1+1,84,0
54,4+2+2+2+1+1,18,7+1+1+1+1+1,840,0
54,4+2+2+2+1+1,19,6+6,72,2
54,4+2+2+2+1+1,20,6+5+1,30,-1
54,4+2+2+2+1+1,21,6+4+2,48,-1
54,4+2+2+2+1+1,22,6+4+1+1,48,1
54,4+2+2+2+1+1,23,6+3+3,108,0
54,4+2+2+2+1+1,24,6+3+2+1,36,0
54,4+2+2+2+1+1,25,6+3+1+1+1,108,0
54,4+2+2+2+1+1,26,6+2+2+2,288,-1
54,4+2+2+2+1+1,27,6+2+2+1+1,96,-3
54,4+2+2+2+1+1,28,6+2+1+1+1+1,288,3
54,4+2+2+2+1+1,29,6+1+1+1+1+1+1,4320,9
54,4+2+2+2+1+1,30,5+5+2,100,0
54,4+2+2+2+1+1,31,5+5+1+1,100,0
54,4+2+2+2+1+1,32,5+4+3,60,1
54,4+2+2+2+1+1,33,5+4+2+1,40,-1
54,4+2+2+2+1+1,34,5+4+1+1+1,120,1
54,4+2+2+2+1+1,35,5+3+3+1,90,1
54,4+2+2+2+1+1,36,5+3+2+2,120,1
54,4+2+2+2+1+1,37,5+3+2+1+1,60,1
54,4+2+2+2+1+1,38,5+3+1+1+1+1,360,1
54,4+2+2+2+1+1,39,5+2+2+2+1,240,-1
54,4+2+2+2+1+1,40,5+2+2+1+1+1,240,1
54,4+2+2+2+1+1,41,5+2+1+1+1+1+1,1200,-5
54,4+2+2+2+1+1,42,5+1+1+1+1+1+1+1,25200,-35
54,4+2+2+2+1+1,43,4+4+4,384,0
54,4+2+2+2+1+1,44,4+4+3+1,96,0
54,4+2+2+2+1+1,45,4+4+2+2,256,0
54,4+2+2+2+1+1,46,4+4+2+1+1,128,0
54,4+2+2+2+1+1,47,4+4+1+1+1+1,768,0
54,4+2+2+2+1+1,48,4+3+3+2,144,1
54,4+2+2+2+1+1,49,4+3+3+1+1,144,-1
54,4+2+2+2+1+1,50,4+3+2+2+1,96,0
54,4+2+2+2+1+1,51,4+3+2+1+1+1,144,-2
54,4+2+2+2+1+1,52,4+3+1+1+1+1+1,1440,-4
54,4+2+2+2+1+1,53,4+2+2+2+2,1536,8
54,4+2+2+2+1+1,54,4+2+2+2+1+1,384,4
54,4+2+2+2+1+1,55,4+2+2+1+1+1+1,768,0
54,4+2+2+2+1+1,56,4+2+1+1+1+1+1+1,5760,4
54,4+2+2+2+1+1,57,4+1+1+1+1+1+1+1+1,161280,56
54,4+2+2+2+1+1,58,3+3+3+3,1944,2
54,4+2+2+2+1+1,59,3+3+3+2+1,324,-2
54,4+2+2+2+1+1,60,3+3+3+1+1+1,972,2
54,4+2+2+2+1+1,61,3+3+2+2+2,864,-3
54,4+2+2+2+1+1,62,3+3+2+2+1+1,288,-1
54,4+2+2+2+1+1,63,3+3+2+1+1+1+1,864,1
54,4+2+2+2+1+1,64,3+3+1+1+1+1+1+1,12960,11
54,4+2+2+2+1+1,65,3+2+2+2+2+1,1152,0
54,4+2+2+2+1+1,66,3+2+2+2+1+1+1,864,6
54,4+2+2+2+1+1,67,3+2+2+1+1+1+1+1,2880,-4
54,4+2+2+2+1+1,68,3+2+1+1+1+1+1+1+1,30240,-14
54,4+2+2+2+1+1,69,3+1+1+1+1+1+1+1+1+1,1088640,56
54,4+2+2+2+1+1,70,2+2+2+2+2+2,46080,-40
54,4+2+2+2+1+1,71,2+2+2+2+2+1+1,7680,0
54,4+2+2+2+1+1,72,2+2+2+2+1+1+1+1,9216,-24
54,4+2+2+2+1+1,73,2+2+2+1+1+1+1+1+1,34560,24
54,4+2+2+2+1+1,74,2+2+1+1+1+1+1+1+1+1,322560,56
54,4+2+2+2+1+1,75,2+1+1+1+1+1+1+1+1+1+1,7257600,-560
54,4+2+2+2+1+1,76,1+1+1+1+1+1+1+1+1+1+1+1,479001600,3080
55,4+2+2+1+1+1+1,0,12,12,0
55,4+2+2+1+1+1+1,1,11+1,11,0
55,4+2+2+1+1+1+1,2,10+2,20,-1
55,4+2+2+1+1+1+1,3,10+1+1,20,1
55,4+2+2+1+1+1+1,4,9+3,27,0
55,4+2+2+1+1+1+1,5,9+2+1,18,0
55,4+2+2+1+1+1+1,6,9+1+1+1,54,0
55,4+2+2+1+1+1+1,7,8+4,32,0
55,4+2+2+1+1+1+1,8,8+3+1,24,0
55,4+2+2+1+1+1+1,9,8+2+2,64,0
55,4+2+2+1+1+1+1,10,8+2+1+1,32,0
55,4+2+2+1+1+1+1,11,8+1+1+1+1,192,0
55,4+2+2+1+1+1+1,12,7+5,35,1
55,4+2+2+1+1+1+1,13,7+4+1,28,0
55,4+2+2+1+1+1+1,14,7+3+2,42,1
55,4+2+2+1+1+1+1,15,7+3+1+1,42,-1
55,4+2+2+1+1+1+1,16,7+2+2+1,56,0
55,4+2+2+1+1+1+1,17,7+2+1+1+1,84,-2
55,4+2+2+1+1+1+1,18,7+1+1+1+1+1,840,-4
55,4+2+2+1+1+1+1,19,6+6,72,0
55,4+2+2+1+1+1+1,20,6+5+1,30,-1
55,4+2+2+1+1+1+1,21,6+4+2,48,1
55,4+2+2+1+1+1+1,22,6+4+1+1,48,-1
55,4+2+2+1+1+1+1,23,6+3+3,108,0
55,4+2+2+1+1+1+1,24,6+3+2+1,36,0
55,4+2+2+1+1+1+1,25,6+3+1+1+1,108,0
55,4+2+2+1+1+1+1,26,6+2+2+2,288,3
55,4+2+2+1+1+1+1,27,6+2+2+1+1,96,1
55,4+2+2+1+1+1+1,28,6+2+1+1+1+1,288,3
55,4+2+2+1+1+1+1,29,6+1+1+1+1+1+1,4320,9
55,4+2+2+1+1+1+1,30,5+5+2,100,-1
55,4+2+2+1+1+1+1,31,5+5+1+1,100,1
55,4+2+2+1+1+1+1,32,5+4+3,60,-1
55,4+2+2+1+1+1+1,33,5+4+2+1,40,1
55,4+2+2+1+1+1+1,34,5+4+1+1+1,120,-1
55,4+2+2+1+1+1+1,35,5+3+3+1,90,1
55,4+2+2+1+1+1+1,36,5+3+2+2,120,1
55,4+2+2+1+1+1+1,37,5+3+2+1+1,60,-1
55,4+2+2+1+1+1+1,38,5+3+1+1+1+1,360,1
55,4+2+2+1+1+1+1,39,5+2+2+2+1,240,-1
55,4+2+2+1+1+1+1,40,5+2+2+1+1+1,240,1
55,4+2+2+1+1+1+1,41,5+2+1+1+1+1+1,1200,-1
55,4+2+2+1+1+1+1,42,5+1+1+1+1+1+1+1,25200,1
55,4+2+2+1+1+1+1,43,4+4+4,384,0
55,4+2+2+1+1+1+1,44,4+4+3+1,96,0
55,4+2+2+1+1+1+1,45,4+4+2+2,256,0
55,4+2+2+1+1+1+1,46,4+4+2+1+1,128,0
55,4+2+2+1+1+1+1,47,4+4+1+1+1+1,768,0
55,4+2+2+1+1+1+1,48,4+3+3+2,144,-1
55,4+2+2+1+1+1+1,49,4+3+3+1+1,144,1
55,4+2+2+1+1+1+1,50,4+3+2+2+1,96,0
55,4+2+2+1+1+1+1,51,4+3+2+1+1+1,144,2
55,4+2+2+1+1+1+1,52,4+3+1+1+1+1+1,1440,4
55,4+2+2+1+1+1+1,53,4+2+2+2+2,1536,-8
55,4+2+2+1+1+1+1,54,4+2+2+2+1+1,384,-4
55,4+2+2+1+1+1+1,55,4+2+2+1+1+1+1,768,0
55,4+2+2+1+1+1+1,56,4+2+1+1+1+1+1+1,5760,-4
55,4+2+2+1+1+1+1,57,4+1+1+1+1+1+1+1+1,161280,-56
55,4+2+2+1+1+1+1,58,3+3+3+3,1944,0
55,4+2+2+1+1+1+1,59,3+3+3+2+1,324,0
55,4+2+2+1+1+1+1,60,3+3+3+1+1+1,972,0
55,4+2+2+1+1+1+1,61,3+3+2+2+2,864,-3
55,4+2+2+1+1+1+1,62,3+3+2+2+1+1,288,-1
55,4+2+2+1+1+1+1,63,3+3+2+1+1+1+1,864,-3
55,4+2+2+1+1+1+1,64,3+3+1+1+1+1+1+1,12960,-9
55,4+2+2+1+1+1+1,65,3+2+2+2+2+1,1152,0
55,4+2+2+1+1+1+1,66,3+2+2+2+1+1+1,864,6
55,4+2+2+1+1+1+1,67,3+2+2+1+1+1+1+1,2880,-4
55,4+2+2+1+1+1+1,68,3+2+1+1+1+1+1+1+1,30240,-6
55,4+2+2+1+1+1+1,69,3+1+1+1+1+1+1+1+1+1,1088640,216
55,4+2+2+1+1+1+1,70,2+2+2+2+2+2,46080,24
55,4+2+2+1+1+1+1,71,2+2+2+2+2+1+1,7680,16
55,4+2+2+1+1+1+1,72,2+2+2+2+1+1+1+1,9216,-24
55,4+2+2+1+1+1+1,73,2+2+2+1+1+1+1+1+1,34560,24
55,4+2+2+1+1+1+1,74,2+2+1+1+1+1+1+1+1+1,322560,56
55,4+2+2+1+1+1+1,75,2+1+1+1+1+1+1+1+1+1+1,7257600,-576
55,4+2+2+1+1+1+1,76,1+1+1+1+1+1+1+1+1+1+1+1,479001600,2376
56,4+2+1+1+1+1+1+1,0,12,12,0
56,4+2+1+1+1+1+1+1,1,11+1,11,-1
56,4+2+1+1+1+1+1+1,2,10+2,20,0
56,4+2+1+1+1+1+1+1,3,10+1+1,20,0
56,4+2+1+1+1+1+1+1,4,9+3,27,0
56,4+2+1+1+1+1+1+1,5,9+2+1,18,0
56,4+2+1+1+1+1+1+1,6,9+1+1+1,54,0
56,4+2+1+1+1+1+1+1,7,8+4,32,1
56,4+2+1+1+1+1+1+1,8,8+3+1,24,1
56,4+2+1+1+1+1+1+1,9,8+2+2,64,1
56,4+2+1+1+1+1+1+1,10,8+2+1+1,32,1
56,4+2+1+1+1+1+1+1,11,8+1+1+1+1,192,1
56,4+2+1+1+1+1+1+1,12,7+5,35,0
56,4+2+1+1+1+1+1+1,13,7+4+1,28,0
56,4+2+1+1+1+1+1+1,14,7+3+2,42,0
56,4+2+1+1+1+1+1+1,15,7+3+1+1,42,0
56,4+2+1+1+1+1+1+1,16,7+2+2+1,56,0
56,4+2+1+1+1+1+1+1,17,7+2+1+1+1,84,0
56,4+2+1+1+1+1+1+1,18,7+1+1+1+1+1,840,0
56,4+2+1+1+1+1+1+1,19,6+6,72,0
56,4+2+1+1+1+1+1+1,20,6+5+1,30,1
56,4+2+1+1+1+1+1+1,21,6+4+2,48,-1
56,4+2+1+1+1+1+1+1,22,6+4+1+1,48,1
56,4+2+1+1+1+1+1+1,23,6+3+3,108,0
56,4+2+1+1+1+1+1+1,24,6+3+2+1,36,0
56,4+2+1+1+1+1+1+1,25,6+3+1+1+1,108,0
56,4+2+1+1+1+1+1+1,26,6+2+2+2,288,-3
56,4+2+1+1+1+1+1+1,27,6+2+2+1+1,96,-1
56,4+2+1+1+1+1+1+1,28,6+2+1+1+1+1,288,-3
56,4+2+1+1+1+1+1+1,29,6+1+1+1+1+1+1,4320,-9
56,4+2+1+1+1+1+1+1,30,5+5+2,100,0
56,4+2+1+1+1+1+1+1,31,5+5+1+1,100,0
56,4+2+1+1+1+1+1+1,32,5+4+3,60,-1
56,4+2+1+1+1+1+1+1,33,5+4+2+1,40,1
56,4+2+1+1+1+1+1+1,34,5+4+1+1+1,120,-1
56,4+2+1+1+1+1+1+1,35,5+3+3+1,90,-1
56,4+2+1+1+1+1+1+1,36,5+3+2+2,120,-1
56,4+2+1+1+1+1+1+1,37,5+3+2+1+1,60,-1
56,4+2+1+1+1+1+1+1,38,5+3+1+1+1+1,360,-1
56,4+2+1+1+1+1+1+1,39,5+2+2+2+1,240,1
56,4+2+1+1+1+1+1+1,40,5+2+2+1+1+1,240,-1
56,4+2+1+1+1+1+1+1,41,5+2+1+1+1+1+1,1200,5
56,4+2+1+1+1+1+1+1,42,5+1+1+1+1+1+1+1,25200,35
56,4+2+1+1+1+1+1+1,43,4+4+4,384,-3
56,4+2+1+1+1+1+1+1,44,4+4+3+1,96,1
56,4+2+1+1+1+1+1+1,45,4+4+2+2,256,1
56,4+2+1+1+1+1+1+1,46,4+4+2+1+1,128,-3
56,4+2+1+1+1+1+1+1,47,4+4+1+1+1+1,768,1
56,4+2+1+1+1+1+1+1,48,4+3+3+2,144,1
56,4+2+1+1+1+1+1+1,49,4+3+3+1+1,144,-1
56,4+2+1+1+1+1+1+1,50,4+3+2+2+1,96,-1
56,4+2+1+1+1+1+1+1,51,4+3+2+1+1+1,144,1
56,4+2+1+1+1+1+1+1,52,4+3+1+1+1+1+1,1440,-1
56,4+2+1+1+1+1+1+1,53,4+2+2+2+2,1536,5
56,4+2+1+1+1+1+1+1,54,4+2+2+2+1+1,384,1
56,4+2+1+1+1+1+1+1,55,4+2+2+1+1+1+1,768,5
56,4+2+1+1+1+1+1+1,56,4+2+1+1+1+1+1+1,5760,1
56,4+2+1+1+1+1+1+1,57,4+1+1+1+1+1+1+1+1,161280,-91
56,4+2+1+1+1+1+1+1,58,3+3+3+3,1944,0
56,4+2+1+1+1+1+1+1,59,3+3+3+2+1,324,0
56,4+2+1+1+1+1+1+1,60,3+3+3+1+1+1,972,0
56,4+2+1+1+1+1+1+1,61,3+3+2+2+2,864,3
56,4+2+1+1+1+1+1+1,62,3+3+2+2+1+1,288,1
56,4+2+1+1+1+1+1+1,63,3+3+2+1+1+1+1,864,3
56,4+2+1+1+1+1+1+1,64,3+3+1+1+1+1+1+1,12960,9
56,4+2+1+1+1+1+1+1,65,3+2+2+2+2+1,1152,-3
56,4+2+1+1+1+1+1+1,66,3+2+2+2+1+1+1,864,3
56,4+2+1+1+1+1+1+1,67,3+2+2+1+1+1+1+1,2880,-11
56,4+2+1+1+1+1+1+1,68,3+2+1+1+1+1+1+1+1,30240,-21
56,4+2+1+1+1+1+1+1,69,3+1+1+1+1+1+1+1+1+1,1088640,189
56,4+2+1+1+1+1+1+1,70,2+2+2+2+2+2,46080,-15
56,4+2+1+1+1+1+1+1,71,2+2+2+2+2+1+1,7680,5
56,4+2+1+1+1+1+1+1,72,2+2+2+2+1+1+1+1,9216,-15
56,4+2+1+1+1+1+1+1,73,2+2+2+1+1+1+1+1+1,34560,21
56,4+2+1+1+1+1+1+1,74,2+2+1+1+1+1+1+1+1+1,322560,49
56,4+2+1+1+1+1+1+1,75,2+1+1+1+1+1+1+1+1+1+1,7257600,-315
56,4+2+1+1+1+1+1+1,76,1+1+1+1+1+1+1+1+1+1+1+1,479001600,945
57,4+1+1+1+1+1+1+1+1,0,12,12,1
57,4+1+1+1+1+1+1+1+1,1,11+1,11,0
57,4+1+1+1+1+1+1+1+1,2,10+2,20,0
57,4+1+1+1+1+1+1+1+1,3,10+1+1,20,0
57,4+1+1+1+1+1+1+1+1,4,9+3,27,0
57,4+1+1+1+1+1+1+1+1,5,9+2+1,18,0
57,4+1+1+1+1+1+1+1+1,6,9+1+1+1,54,0
57,4+1+1+1+1+1+1+1+1,7,8+4,32,-1
57,4+1+1+1+1+1+1+1+1,8,8+3+1,24,-1
57,4+1+1+1+1+1+1+1+1,9,8+2+2,64,-1
57,4+1+1+1+1+1+1+1+1,10,8+2+1+1,32,-1
57,4+1+1+1+1+1+1+1+1,11,8+1+1+1+1,192,-1
57,4+1+1+1+1+1+1+1+1,12,7+5,35,-1
57,4+1+1+1+1+1+1+1+1,13,7+4+1,28,0
57,4+1+1+1+1+1+1+1+1,14,7+3+2,42,-1
57,4+1+1+1+1+1+1+1+1,15,7+3+1+1,42,1
57,4+1+1+1+1+1+1+1+1,16,7+2+2+1,56,0
57,4+1+1+1+1+1+1+1+1,17,7+2+1+1+1,84,2
57,4+1+1+1+1+1+1+1+1,18,7+1+1+1+1+1,840,4
57,4+1+1+1+1+1+1+1+1,19,6+6,72,-1
57,4+1+1+1+1+1+1+1+1,20,6+5+1,30,0
57,4+1+1+1+1+1+1+1+1,21,6+4+2,48,0
57,4+1+1+1+1+1+1+1+1,22,6+4+1+1,48,0
57,4+1+1+1+1+1+1+1+1,23,6+3+3,108,-1
57,4+1+1+1+1+1+1+1+1,24,6+3+2+1,36,1
57,4+1+1+1+1+1+1+1+1,25,6+3+1+1+1,108,-1
57,4+1+1+1+1+1+1+1+1,26,6+2+2+2,288,2
57,4+1+1+1+1+1+1+1+1,27,6+2+2+1+1,96,2
57,4+1+1+1+1+1+1+1+1,28,6+2+1+1+1+1,288,-2
57,4+1+1+1+1+1+1+1+1,29,6+1+1+1+1+1+1,4320,-10
57,4+1+1+1+1+1+1+1+1,30,5+5+2,100,0
57,4+1+1+1+1+1+1+1+1,31,5+5+1+1,100,0
57,4+1+1+1+1+1+1+1+1,32,5+4+3,60,0
57,4+1+1+1+1+1+1+1+1,33,5+4+2+1,40,0
57,4+1+1+1+1+1+1+1+1,34,5+4+1+1+1,120,0
57,4+1+1+1+1+1+1+1+1,35,5+3+3+1,90,2
57,4+1+1+1+1+1+1+1+1,36,5+3+2+2,120,2
57,4+1+1+1+1+1+1+1+1,37,5+3+2+1+1,60,0
57,4+1+1+1+1+1+1+1+1,38,5+3+1+1+1+1,360,2
57,4+1+1+1+1+1+1+1+1,39,5+2+2+2+1,240,0
57,4+1+1+1+1+1+1+1+1,40,5+2+2+1+1+1,240,-4
57,4+1+1+1+1+1+1+1+1,41,5+2+1+1+1+1+1,1200,0
57,4+1+1+1+1+1+1+1+1,42,5+1+1+1+1+1+1+1,25200,20
57,4+1+1+1+1+1+1+1+1,43,4+4+4,384,1
57,4+1+1+1+1+1+1+1+1,44,4+4+3+1,96,1
57,4+1+1+1+1+1+1+1+1,45,4+4+2+2,256,1
57,4+1+1+1+1+1+1+1+1,46,4+4+2+1+1,128,1
57,4+1+1+1+1+1+1+1+1,47,4+4+1+1+1+1,768,1
57,4+1+1+1+1+1+1+1+1,48,4+3+3+2,144,2
57,4+1+1+1+1+1+1+1+1,49,4+3+3+1+1,144,-2
57,4+1+1+1+1+1+1+1+1,50,4+3+2+2+1,96,-1
57,4+1+1+1+1+1+1+1+1,51,4+3+2+1+1+1,144,-1
57,4+1+1+1+1+1+1+1+1,52,4+3+1+1+1+1+1,1440,-5
57,4+1+1+1+1+1+1+1+1,53,4+2+2+2+2,1536,-3
57,4+1+1+1+1+1+1+1+1,54,4+2+2+2+1+1,384,-3
57,4+1+1+1+1+1+1+1+1,55,4+2+2+1+1+1+1,768,5
57,4+1+1+1+1+1+1+1+1,56,4+2+1+1+1+1+1+1,5760,5
57,4+1+1+1+1+1+1+1+1,57,4+1+1+1+1+1+1+1+1,161280,-35
57,4+1+1+1+1+1+1+1+1,58,3+3+3+3,1944,3
57,4+1+1+1+1+1+1+1+1,59,3+3+3+2+1,324,-3
57,4+1+1+1+1+1+1+1+1,60,3+3+3+1+1+1,972,3
57,4+1+1+1+1+1+1+1+1,61,3+3+2+2+2,864,-4
57,4+1+1+1+1+1+1+1+1,62,3+3+2+2+1+1,288,0
57,4+1+1+1+1+1+1+1+1,63,3+3+2+1+1+1+1,864,0
57,4+1+1+1+1+1+1+1+1,64,3+3+1+1+1+1+1+1,12960,12
57,4+1+1+1+1+1+1+1+1,65,3+2+2+2+2+1,1152,1
57,4+1+1+1+1+1+1+1+1,66,3+2+2+2+1+1+1,864,5
57,4+1+1+1+1+1+1+1+1,67,3+2+2+1+1+1+1+1,2880,-3
57,4+1+1+1+1+1+1+1+1,68,3+2+1+1+1+1+1+1+1,30240,-15
57,4+1+1+1+1+1+1+1+1,69,3+1+1+1+1+1+1+1+1+1,1088640,57
57,4+1+1+1+1+1+1+1+1,70,2+2+2+2+2+2,46080,5
57,4+1+1+1+1+1+1+1+1,71,2+2+2+2+2+1+1,7680,5
57,4+1+1+1+1+1+1+1+1,72,2+2+2+2+1+1+1+1,9216,-11
57,4+1+1+1+1+1+1+1+1,73,2+2+2+1+1+1+1+1+1,34560,5
57,4+1+1+1+1+1+1+1+1,74,2+2+1+1+1+1+1+1+1+1,322560,21
57,4+1+1+1+1+1+1+1+1,75,2+1+1+1+1+1+1+1+1+1+1,7257600,-75
57,4+1+1+1+1+1+1+1+1,76,1+1+1+1+1+1+1+1+1+1+1+1,479001600,165
58,3+3+3+3,0,12,12,0
58,3+3+3+3,1,11+1,11,0
58,3+3+3+3,2,10+2,20,0
58,3+3+3+3,3,10+1+1,20,0
58,3+3+3+3,4,9+3,27,0
58,3+3+3+3,5,9+2+1,18,0
58,3+3+3+3,6,9+1+1+1,54,0
58,3+3+3+3,7,8+4,32,0
58,3+3+3+3,8,8+3+1,24,0
58,3+3+3+3,9,8+2+2,64,0
58,3+3+3+3,10,8+2+1+1,32,0
58,3+3+3+3,11,8+1+1+1+1,192,0
58,3+3+3+3,12,7+5,35,0
58,3+3+3+3,13,7+4+1,28,0
58,3+3+3+3,14,7+3+2,42,0
58,3+3+3+3,15,7+3+1+1,42,0
58,3+3+3+3,16,7+2+2+1,56,0
58,3+3+3+3,17,7+2+1+1+1,84,0
58,3+3+3+3,18,7+1+1+1+1+1,840,0
58,3+3+3+3,19,6+6,72,0
58,3+3+3+3,20,6+5+1,30,0
58,3+3+3+3,21,6+4+2,48,1
58,3+3+3+3,22,6+4+1+1,48,-1
58,3+3+3+3,23,6+3+3,108,-2
58,3+3+3+3,24,6+3+2+1,36,1
58,3+3+3+3,25,6+3+1+1+1,108,1
58,3+3+3+3,26,6+2+2+2,288,-3
58,3+3+3+3,27,6+2+2+1+1,96,-1
58,3+3+3+3,28,6+2+1+1+1+1,288,1
58,3+3+3+3,29,6+1+1+1+1+1+1,4320,-5
58,3+3+3+3,30,5+5+2,100,-2
58,3+3+3+3,31,5+5+1+1,100,2
58,3+3+3+3,32,5+4+3,60,2
58,3+3+3+3,33,5+4+2+1,40,-1
58,3+3+3+3,34,5+4+1+1+1,120,-1
58,3+3+3+3,35,5+3+3+1,90,-2
58,3+3+3+3,36,5+3+2+2,120,2
58,3+3+3+3,37,5+3+2+1+1,60,0
58,3+3+3+3,38,5+3+1+1+1+1,360,-2
58,3+3+3+3,39,5+2+2+2+1,240,3
58,3+3+3+3,40,5+2+2+1+1+1,240,-1
58,3+3+3+3,41,5+2+1+1+1+1+1,1200,3
58,3+3+3+3,42,5+1+1+1+1+1+1+1,25200,7
58,3+3+3+3,43,4+4+4,384,-6
58,3+3+3+3,44,4+4+3+1,96,2
58,3+3+3+3,45,4+4+2+2,256,2
58,3+3+3+3,46,4+4+2+1+1,128,2
58,3+3+3+3,47,4+4+1+1+1+1,768,2
58,3+3+3+3,48,4+3+3+2,144,-3
58,3+3+3+3,49,4+3+3+1+1,144,-1
58,3+3+3+3,50,4+3+2+2+1,96,-2
58,3+3+3+3,51,4+3+2+1+1+1,144,0
58,3+3+3+3,52,4+3+1+1+1+1+1,1440,2
58,3+3+3+3,53,4+2+2+2+2,1536,-2
58,3+3+3+3,54,4+2+2+2+1+1,384,2
58,3+3+3+3,55,4+2+2+1+1+1+1,768,-2
58,3+3+3+3,56,4+2+1+1+1+1+1+1,5760,-6
58,3+3+3+3,57,4+1+1+1+1+1+1+1+1,161280,14
58,3+3+3+3,58,3+3+3+3,1944,12
58,3+3+3+3,59,3+3+3+2+1,324,3
58,3+3+3+3,60,3+3+3+1+1+1,972,3
58,3+3+3+3,61,3+3+2+2+2,864,1
58,3+3+3+3,62,3+3+2+2+1+1,288,-1
58,3+3+3+3,63,3+3+2+1+1+1+1,864,-3
58,3+3+3+3,64,3+3+1+1+1+1+1+1,12960,3
58,3+3+3+3,65,3+2+2+2+2+1,1152,-2
58,3+3+3+3,66,3+2+2+2+1+1+1,864,4
58,3+3+3+3,67,3+2+2+1+1+1+1+1,2880,2
58,3+3+3+3,68,3+2+1+1+1+1+1+1+1,30240,0
58,3+3+3+3,69,3+1+1+1+1+1+1+1+1+1,1088640,-42
58,3+3+3+3,70,2+2+2+2+2+2,46080,30
58,3+3+3+3,71,2+2+2+2+2+1+1,7680,-10
58,3+3+3+3,72,2+2+2+2+1+1+1+1,9216,-2
58,3+3+3+3,73,2+2+2+1+1+1+1+1+1,34560,-2
58,3+3+3+3,74,2+2+1+1+1+1+1+1+1+1,322560,14
58,3+3+3+3,75,2+1+1+1+1+1+1+1+1+1+1,7257600,-42
58,3+3+3+3,76,1+1+1+1+1+1+1+1+1+1+1+1,479001600,462
59,3+3+3+2+1,0,12,12,0
59,3+3+3+2+1,1,11+1,11,0
59,3+3+3+2+1,2,10+2,20,0
59,3+3+3+2+1,3,10+1+1,20,0
59,3+3+3+2+1,4,9+3,27,0
59,3+3+3+2+1,5,9+2+1,18,0
59,3+3+3+2+1,6,9+1+1+1,54,0
59,3+3+3+2+1,7,8+4,32,0
59,3+3+3+2+1,8,8+3+1,24,0
59,3+3+3+2+1,9,8+2+2,64,0
59,3+3+3+2+1,10,8+2+1+1,32,0
59,3+3+3+2+1,11,8+1+1+1+1,192,0
59,3+3+3+2+1,12,7+5,35,0
59,3+3+3+2+1,13,7+4+1,28,1
59,3+3+3+2+1,14,7+3+2,42,-1
59,3+3+3+2+1,15,7+3+1+1,42,-1
59,3+3+3+2+1,16,7+2+2+1,56,1
59,3+3+3+2+1,17,7+2+1+1+1,84,-1
59,3+3+3+2+1,18,7+1+1+1+1+1,840,5
59,3+3+3+2+1,19,6+6,72,0
59,3+3+3+2+1,20,6+5+1,30,-1
59,3+3+3+2+1,21,6+4+2,48,0
59,3+3+3+2+1,22,6+4+1+1,48,0
59,3+3+3+2+1,23,6+3+3,108,2
59,3+3+3+2+1,24,6+3+2+1,36,0
59,3+3+3+2+1,25,6+3+1+1+1,108,2
59,3+3+3+2+1,26,6+2+2+2,288,0
59,3+3+3+2+1,27,6+2+2+1+1,96,0
59,3+3+3+2+1,28,6+2+1+1+1+1,288,0
59,3+3+3+2+1,29,6+1+1+1+1+1+1,4320,-16
59,3+3+3+2+1,30,5+5+2,100,2
59,3+3+3+2+1,31,5+5+1+1,100,2
59,3+3+3+2+1,32,5+4+3,60,-1
59,3+3+3+2+1,33,5+4+2+1,40,-1
59,3+3+3+2+1,34,5+4+1+1+1,120,-1
59,3+3+3+2+1,35,5+3+3+1,90,1
59,3+3+3+2+1,36,5+3+2+2,120,-1
59,3+3+3+2+1,37,5+3+2+1+1,60,1
59,3+3+3+2+1,38,5+3+1+1+1+1,360,-5
59,3+3+3+2+1,39,5+2+2+2+1,240,-1
59,3+3+3+2+1,40,5+2+2+1+1+1,240,-1
59,3+3+3+2+1,41,5+2+1+1+1+1+1,1200,7
59,3+3+3+2+1,42,5+1+1+1+1+1+1+1,25200,7
59,3+3+3+2+1,43,4+4+4,384,0
59,3+3+3+2+1,44,4+4+3+1,96,0
59,3+3+3+2+1,45,4+4+2+2,256,0
59,3+3+3+2+1,46,4+4+2+1+1,128,0
59,3+3+3+2+1,47,4+4+1+1+1+1,768,0
59,3+3+3+2+1,48,4+3+3+2,144,2
59,3+3+3+2+1,49,4+3+3+1+1,144,-2
59,3+3+3+2+1,50,4+3+2+2+1,96,0
59,3+3+3+2+1,51,4+3+2+1+1+1,144,2
59,3+3+3+2+1,52,4+3+1+1+1+1+1,1440,4
59,3+3+3+2+1,53,4+2+2+2+2,1536,0
59,3+3+3+2+1,54,4+2+2+2+1+1,384,0
59,3+3+3+2+1,55,4+2+2+1+1+1+1,768,0
59,3+3+3+2+1,56,4+2+1+1+1+1+1+1,5760,-16
59,3+3+3+2+1,57,4+1+1+1+1+1+1+1+1,161280,64
59,3+3+3+2+1,58,3+3+3+3,1944,-12
59,3+3+3+2+1,59,3+3+3+2+1,324,0
59,3+3+3+2+1,60,3+3+3+1+1+1,972,6
59,3+3+3+2+1,61,3+3+2+2+2,864,2
59,3+3+3+2+1,62,3+3+2+2+1+1,288,-2
59,3+3+3+2+1,63,3+3+2+1+1+1+1,864,-6
59,3+3+3+2+1,64,3+3+1+1+1+1+1+1,12960,6
59,3+3+3+2+1,65,3+2+2+2+2+1,1152,0
59,3+3+3+2+1,66,3+2+2+2+1+1+1,864,2
59,3+3+3+2+1,67,3+2+2+1+1+1+1+1,2880,4
59,3+3+3+2+1,68,3+2+1+1+1+1+1+1+1,30240,6
59,3+3+3+2+1,69,3+1+1+1+1+1+1+1+1+1,1088640,-120
59,3+3+3+2+1,70,2+2+2+2+2+2,46080,0
59,3+3+3+2+1,71,2+2+2+2+2+1+1,7680,0
59,3+3+3+2+1,72,2+2+2+2+1+1+1+1,9216,0
59,3+3+3+2+1,73,2+2+2+1+1+1+1+1+1,34560,-16
59,3+3+3+2+1,74,2+2+1+1+1+1+1+1+1+1,322560,64
59,3+3+3+2+1,75,2+1+1+1+1+1+1+1+1+1+1,7257600,-288
59,3+3+3+2+1,76,1+1+1+1+1+1+1+1+1+1+1+1,479001600,2112
60,3+3+3+1+1+1,0,12,12,0
60,3+3+3+1+1+1,1,11+1,11,0
60,3+3+3+1+1+1,2,10+2,20,0
60,3+3+3+1+1+1,3,10+1+1,20,0
60,3+3+3+1+1+1,4,9+3,27,0
60,3+3+3+1+1+1,5,9+2+1,18,0
60,3+3+3+1+1+1,6,9+1+1+1,54,0
60,3+3+3+1+1+1,7,8+4,32,0
60,3+3+3+1+1+1,8,8+3+1,24,1
60,3+3+3+1+1+1,9,8+2+2,64,-2
60,3+3+3+1+1+1,10,8+2+1+1,32,0
60,3+3+3+1+1+1,11,8+1+1+1+1,192,-2
60,3+3+3+1+1+1,12,7+5,35,0
60,3+3+3+1+1+1,13,7+4+1,28,-1
60,3+3+3+1+1+1,14,7+3+2,42,1
60,3+3+3+1+1+1,15,7+3+1+1,42,-1
60,3+3+3+1+1+1,16,7+2+2+1,56,1
60,3+3+3+1+1+1,17,7+2+1+1+1,84,1
60,3+3+3+1+1+1,18,7+1+1+1+1+1,840,5
60,3+3+3+1+1+1,19,6+6,72,0
60,3+3+3+1+1+1,20,6+5+1,30,0
60,3+3+3+1+1+1,21,6+4+2,48,1
60,3+3+3+1+1+1,22,6+4+1+1,48,1
60,3+3+3+1+1+1,23,6+3+3,108,-2
60,3+3+3+1+1+1,24,6+3+2+1,36,-1
60,3+3+3+1+1+1,25,6+3+1+1+1,108,1
60,3+3+3+1+1+1,26,6+2+2+2,288,3
60,3+3+3+1+1+1,27,6+2+2+1+1,96,-1
60,3+3+3+1+1+1,28,6+2+1+1+1+1,288,-1
60,3+3+3+1+1+1,29,6+1+1+1+1+1+1,4320,-5
60,3+3+3+1+1+1,30,5+5+2,100,0
60,3+3+3+1+1+1,31,5+5+1+1,100,0
60,3+3+3+1+1+1,32,5+4+3,60,0
60,3+3+3+1+1+1,33,5+4+2+1,40,0
60,3+3+3+1+1+1,34,5+4+1+1+1,120,0
60,3+3+3+1+1+1,35,5+3+3+1,90,0
60,3+3+3+1+1+1,36,5+3+2+2,120,0
60,3+3+3+1+1+1,37,5+3+2+1+1,60,0
60,3+3+3+1+1+1,38,5+3+1+1+1+1,360,0
60,3+3+3+1+1+1,39,5+2+2+2+1,240,0
60,3+3+3+1+1+1,40,5+2+2+1+1+1,240,0
60,3+3+3+1+1+1,41,5+2+1+1+1+1+1,1200,0
60,3+3+3+1+1+1,42,5+1+1+1+1+1+1+1,25200,0
60,3+3+3+1+1+1,43,4+4+4,384,0
60,3+3+3+1+1+1,44,4+4+3+1,96,1
60,3+3+3+1+1+1,45,4+4+2+2,256,-2
60,3+3+3+1+1+1,46,4+4+2+1+1,128,0
60,3+3+3+1+1+1,47,4+4+1+1+1+1,768,-2
60,3+3+3+1+1+1,48,4+3+3+2,144,-1
60,3+3+3+1+1+1,49,4+3+3+1+1,144,-1
60,3+3+3+1+1+1,50,4+3+2+2+1,96,1
60,3+3+3+1+1+1,51,4+3+2+1+1+1,144,-1
60,3+3+3+1+1+1,52,4+3+1+1+1+1+1,1440,5
60,3+3+3+1+1+1,53,4+2+2+2+2,1536,4
60,3+3+3+1+1+1,54,4+2+2+2+1+1,384,-2
60,3+3+3+1+1+1,55,4+2+2+1+1+1+1,768,4
60,3+3+3+1+1+1,56,4+2+1+1+1+1+1+1,5760,-10
60,3+3+3+1+1+1,57,4+1+1+1+1+1+1+1+1,161280,20
60,3+3+3+1+1+1,58,3+3+3+3,1944,12
60,3+3+3+1+1+1,59,3+3+3+2+1,324,-3
60,3+3+3+1+1+1,60,3+3+3+1+1+1,972,3
60,3+3+3+1+1+1,61,3+3+2+2+2,864,1
60,3+3+3+1+1+1,62,3+3+2+2+1+1,288,5
60,3+3+3+1+1+1,63,3+3+2+1+1+1+1,864,-3
60,3+3+3+1+1+1,64,3+3+1+1+1+1+1+1,12960,-15
60,3+3+3+1+1+1,65,3+2+2+2+2+1,1152,-7
60,3+3+3+1+1+1,66,3+2+2+2+1+1+1,864,-5
60,3+3+3+1+1+1,67,3+2+2+1+1+1+1+1,2880,5
60,3+3+3+1+1+1,68,3+2+1+1+1+1+1+1+1,30240,15
60,3+3+3+1+1+1,69,3+1+1+1+1+1+1+1+1+1,1088640,-15
60,3+3+3+1+1+1,70,2+2+2+2+2+2,46080,-30
60,3+3+3+1+1+1,71,2+2+2+2+2+1+1,7680,20
60,3+3+3+1+1+1,72,2+2+2+2+1+1+1+1,9216,2
60,3+3+3+1+1+1,73,2+2+2+1+1+1+1+1+1,34560,-20
60,3+3+3+1+1+1,74,2+2+1+1+1+1+1+1+1+1,322560,50
60,3+3+3+1+1+1,75,2+1+1+1+1+1+1+1+1+1+1,7257600,-300
60,3+3+3+1+1+1,76,1+1+1+1+1+1+1+1+1+1+1+1,479001600,1650
61,3+3+2+2+2,0,12,12,0
61,3+3+2+2+2,1,11+1,11,0
61,3+3+2+2+2,2,10+2,20,0
61,3+3+2+2+2,3,10+1+1,20,0
61,3+3+2+2+2,4,9+3,27,0
61,3+3+2+2+2,5,9+2+1,18,0
61,3+3+2+2+2,6,9+1+1+1,54,0
61,3+3+2+2+2,7,8+4,32,0
61,3+3+2+2+2,8,8+3+1,24,0
61,3+3+2+2+2,9,8+2+2,64,0
61,3+3+2+2+2,10,8+2+1+1,32,0
61,3+3+2+2+2,11,8+1+1+1+1,192,0
61,3+3+2+2+2,12,7+5,35,-1
61,3+3+2+2+2,13,7+4+1,28,0
61,3+3+2+2+2,14,7+3+2,42,1
61,3+3+2+2+2,15,7+3+1+1,42,1
61,3+3+2+2+2,16,7+2+2+1,56,0
61,3+3+2+2+2,17,7+2+1+1+1,84,-2
61,3+3+2+2+2,18,7+1+1+1+1+1,840,4
61,3+3+2+2+2,19,6+6,72,2
61,3+3+2+2+2,20,6+5+1,30,0
61,3+3+2+2+2,21,6+4+2,48,-1
61,3+3+2+2+2,22,6+4+1+1,48,-1
61,3+3+2+2+2,23,6+3+3,108,-2
61,3+3+2+2+2,24,6+3+2+1,36,-1
61,3+3+2+2+2,25,6+3+1+1+1,108,1
61,3+3+2+2+2,26,6+2+2+2,288,-1
61,3+3+2+2+2,27,6+2+2+1+1,96,3
61,3+3+2+2+2,28,6+2+1+1+1+1,288,-1
61,3+3+2+2+2,29,6+1+1+1+1+1+1,4320,-5
61,3+3+2+2+2,30,5+5+2,100,0
61,3+3+2+2+2,31,5+5+1+1,100,0
61,3+3+2+2+2,32,5+4+3,60,1
61,3+3+2+2+2,33,5+4+2+1,40,1
61,3+3+2+2+2,34,5+4+1+1+1,120,1
61,3+3+2+2+2,35,5+3+3+1,90,0
61,3+3+2+2+2,36,5+3+2+2,120,1
61,3+3+2+2+2,37,5+3+2+1+1,60,-1
61,3+3+2+2+2,38,5+3+1+1+1+1,360,-3
61,3+3+2+2+2,39,5+2+2+2+1,240,-3
61,3+3+2+2+2,40,5+2+2+1+1+1,240,1
61,3+3+2+2+2,41,5+2+1+1+1+1+1,1200,5
61,3+3+2+2+2,42,5+1+1+1+1+1+1+1,25200,-15
61,3+3+2+2+2,43,4+4+4,384,0
61,3+3+2+2+2,44,4+4+3+1,96,0
61,3+3+2+2+2,45,4+4+2+2,256,0
61,3+3+2+2+2,46,4+4+2+1+1,128,0
61,3+3+2+2+2,47,4+4+1+1+1+1,768,0
61,3+3+2+2+2,48,4+3+3+2,144,-1
61,3+3+2+2+2,49,4+3+3+1+1,144,-1
61,3+3+2+2+2,50,4+3+2+2+1,96,0
61,3+3+2+2+2,51,4+3+2+1+1+1,144,2
61,3+3+2+2+2,52,4+3+1+1+1+1+1,1440,-4
61,3+3+2+2+2,53,4+2+2+2+2,1536,8
61,3+3+2+2+2,54,4+2+2+2+1+1,384,-4
61,3+3+2+2+2,55,4+2+2+1+1+1+1,768,0
61,3+3+2+2+2,56,4+2+1+1+1+1+1+1,5760,-4
61,3+3+2+2+2,57,4+1+1+1+1+1+1+1+1,161280,56
61,3+3+2+2+2,58,3+3+3+3,1944,6
61,3+3+2+2+2,59,3+3+3+2+1,324,3
61,3+3+2+2+2,60,3+3+3+1+1+1,972,-3
61,3+3+2+2+2,61,3+3+2+2+2,864,-5
61,3+3+2+2+2,62,3+3+2+2+1+1,288,-1
61,3+3+2+2+2,63,3+3+2+1+1+1+1,864,3
61,3+3+2+2+2,64,3+3+1+1+1+1+1+1,12960,15
61,3+3+2+2+2,65,3+2+2+2+2+1,1152,8
61,3+3+2+2+2,66,3+2+2+2+1+1+1,864,-2
61,3+3+2+2+2,67,3+2+2+1+1+1+1+1,2880,-4
61,3+3+2+2+2,68,3+2+1+1+1+1+1+1+1,30240,-6
61,3+3+2+2+2,69,3+1+1+1+1+1+1+1+1+1,1088640,-48
61,3+3+2+2+2,70,2+2+2+2+2+2,46080,-40
61,3+3+2+2+2,71,2+2+2+2+2+1+1,7680,0
61,3+3+2+2+2,72,2+2+2+2+1+1+1+1,9216,8
61,3+3+2+2+2,73,2+2+2+1+1+1+1+1+1,34560,-8
61,3+3+2+2+2,74,2+2+1+1+1+1+1+1+1+1,322560,56
61,3+3+2+2+2,75,2+1+1+1+1+1+1+1+1+1+1,7257600,-240
61,3+3+2+2+2,76,1+1+1+1+1+1+1+1+1+1+1+1,479001600,1320
62,3+3+2+2+1+1,0,12,12,0
62,3+3+2+2+1+1,1,11+1,11,0
62,3+3+2+2+1+1,2,10+2,20,0
62,3+3+2+2+1+1,3,10+1+1,20,0
62,3+3+2+2+1+1,4,9+3,27,0
62,3+3+2+2+1+1,5,9+2+1,18,0
62,3+3+2+2+1+1,6,9+1+1+1,54,0
62,3+3+2+2+1+1,7,8+4,32,-1
62,3+3+2+2+1+1,8,8+3+1,24,0
62,3+3+2+2+1+1,9,8+2+2,64,1
62,3+3+2+2+1+1,10,8+2+1+1,32,1
62,3+3+2+2+1+1,11,8+1+1+1+1,192,-3
62,3+3+2+2+1+1,12,7+5,35,1
62,3+3+2+2+1+1,13,7+4+1,28,0
62,3+3+2+2+1+1,14,7+3+2,42,0
62,3+3+2+2+1+1,15,7+3+1+1,42,0
62,3+3+2+2+1+1,16,7+2+2+1,56,-2
62,3+3+2+2+1+1,17,7+2+1+1+1,84,0
62,3+3+2+2+1+1,18,7+1+1+1+1+1,840,6
62,3+3+2+2+1+1,19,6+6,72,0
62,3+3+2+2+1+1,20,6+5+1,30,0
62,3+3+2+2+1+1,21,6+4+2,48,0
62,3+3+2+2+1+1,22,6+4+1+1,48,0
62,3+3+2+2+1+1,23,6+3+3,108,0
62,3+3+2+2+1+1,24,6+3+2+1,36,0
62,3+3+2+2+1+1,25,6+3+1+1+1,108,0
62,3+3+2+2+1+1,26,6+2+2+2,288,0
62,3+3+2+2+1+1,27,6+2+2+1+1,96,0
62,3+3+2+2+1+1,28,6+2+1+1+1+1,288,0
62,3+3+2+2+1+1,29,6+1+1+1+1+1+1,4320,0
62,3+3+2+2+1+1,30,5+5+2,100,-2
62,3+3+2+2+1+1,31,5+5+1+1,100,-2
62,3+3+2+2+1+1,32,5+4+3,60,0
62,3+3+2+2+1+1,33,5+4+2+1,40,1
62,3+3+2+2+1+1,34,5+4+1+1+1,120,3
62,3+3+2+2+1+1,35,5+3+3+1,90,0
62,3+3+2+2+1+1,36,5+3+2+2,120,0
62,3+3+2+2+1+1,37,5+3+2+1+1,60,0
62,3+3+2+2+1+1,38,5+3+1+1+1+1,360,0
62,3+3+2+2+1+1,39,5+2+2+2+1,240,3
62,3+3+2+2+1+1,40,5+2+2+1+1+1,240,-3
62,3+3+2+2+1+1,41,5+2+1+1+1+1+1,1200,3
62,3+3+2+2+1+1,42,5+1+1+1+1+1+1+1,25200,-27
62,3+3+2+2+1+1,43,4+4+4,384,3
62,3+3+2+2+1+1,44,4+4+3+1,96,0
62,3+3+2+2+1+1,45,4+4+2+2,256,1
62,3+3+2+2+1+1,46,4+4+2+1+1,128,-3
62,3+3+2+2+1+1,47,4+4+1+1+1+1,768,-3
62,3+3+2+2+1+1,48,4+3+3+2,144,0
62,3+3+2+2+1+1,49,4+3+3+1+1,144,0
62,3+3+2+2+1+1,50,4+3+2+2+1,96,0
62,3+3+2+2+1+1,51,4+3+2+1+1+1,144,0
62,3+3+2+2+1+1,52,4+3+1+1+1+1+1,1440,0
62,3+3+2+2+1+1,53,4+2+2+2+2,1536,-9
62,3+3+2+2+1+1,54,4+2+2+2+1+1,384,3
62,3+3+2+2+1+1,55,4+2+2+1+1+1+1,768,3
62,3+3+2+2+1+1,56,4+2+1+1+1+1+1+1,5760,-9
62,3+3+2+2+1+1,57,4+1+1+1+1+1+1+1+1,161280,63
62,3+3+2+2+1+1,58,3+3+3+3,1944,0
62,3+3+2+2+1+1,59,3+3+3+2+1,324,0
62,3+3+2+2+1+1,60,3+3+3+1+1+1,972,0
62,3+3+2+2+1+1,61,3+3+2+2+2,864,0
62,3+3+2+2+1+1,62,3+3+2+2+1+1,288,0
62,3+3+2+2+1+1,63,3+3+2+1+1+1+1,864,0
62,3+3+2+2+1+1,64,3+3+1+1+1+1+1+1,12960,0
62,3+3+2+2+1+1,65,3+2+2+2+2+1,1152,0
62,3+3+2+2+1+1,66,3+2+2+2+1+1+1,864,0
62,3+3+2+2+1+1,67,3+2+2+1+1+1+1+1,2880,0
62,3+3+2+2+1+1,68,3+2+1+1+1+1+1+1+1,30240,0
62,3+3+2+2+1+1,69,3+1+1+1+1+1+1+1+1+1,1088640,0
62,3+3+2+2+1+1,70,2+2+2+2+2+2,46080,45
62,3+3+2+2+1+1,71,2+2+2+2+2+1+1,7680,-15
62,3+3+2+2+1+1,72,2+2+2+2+1+1+1+1,9216,9
62,3+3+2+2+1+1,73,2+2+2+1+1+1+1+1+1,34560,-27
62,3+3+2+2+1+1,74,2+2+1+1+1+1+1+1+1+1,322560,117
62,3+3+2+2+1+1,75,2+1+1+1+1+1+1+1+1+1+1,7257600,-567
62,3+3+2+2+1+1,76,1+1+1+1+1+1+1+1+1+1+1+1,479001600,2673
63,3+3+2+1+1+1+1,0,12,12,0
63,3+3+2+1+1+1+1,1,11+1,11,0
63,3+3+2+1+1+1+1,2,10+2,20,0
63,3+3+2+1+1+1+1,3,10+1+1,20,0
63,3+3+2+1+1+1+1,4,9+3,27,-1
63,3+3+2+1+1+1+1,5,9+2+1,18,0
63,3+3+2+1+1+1+1,6,9+1+1+1,54,2
63,3+3+2+1+1+1+1,7,8+4,32,1
63,3+3+2+1+1+1+1,8,8+3+1,24,0
63,3+3+2+1+1+1+1,9,8+2+2,64,1
63,3+3+2+1+1+1+1,10,8+2+1+1,32,-1
63,3+3+2+1+1+1+1,11,8+1+1+1+1,192,-3
63,3+3+2+1+1+1+1,12,7+5,35,0
63,3+3+2+1+1+1+1,13,7+4+1,28,0
63,3+3+2+1+1+1+1,14,7+3+2,42,0
63,3+3+2+1+1+1+1,15,7+3+1+1,42,0
63,3+3+2+1+1+1+1,16,7+2+2+1,56,0
63,3+3+2+1+1+1+1,17,7+2+1+1+1,84,0
63,3+3+2+1+1+1+1,18,7+1+1+1+1+1,840,0
63,3+3+2+1+1+1+1,19,6+6,72,0
63,3+3+2+1+1+1+1,20,6+5+1,30,0
63,3+3+2+1+1+1+1,21,6+4+2,48,-1
63,3+3+2+1+1+1+1,22,6+4+1+1,48,-1
63,3+3+2+1+1+1+1,23,6+3+3,108,2
63,3+3+2+1+1+1+1,24,6+3+2+1,36,1
63,3+3+2+1+1+1+1,25,6+3+1+1+1,108,-1
63,3+3+2+1+1+1+1,26,6+2+2+2,288,-3
63,3+3+2+1+1+1+1,27,6+2+2+1+1,96,1
63,3+3+2+1+1+1+1,28,6+2+1+1+1+1,288,1
63,3+3+2+1+1+1+1,29,6+1+1+1+1+1+1,4320,5
63,3+3+2+1+1+1+1,30,5+5+2,100,0
63,3+3+2+1+1+1+1,31,5+5+1+1,100,0
63,3+3+2+1+1+1+1,32,5+4+3,60,0
63,3+3+2+1+1+1+1,33,5+4+2+1,40,0
63,3+3+2+1+1+1+1,34,5+4+1+1+1,120,0
63,3+3+2+1+1+1+1,35,5+3+3+1,90,0
63,3+3+2+1+1+1+1,36,5+3+2+2,120,0
63,3+3+2+1+1+1+1,37,5+3+2+1+1,60,0
63,3+3+2+1+1+1+1,38,5+3+1+1+1+1,360,0
63,3+3+2+1+1+1+1,39,5+2+2+2+1,240,0
63,3+3+2+1+1+1+1,40,5+2+2+1+1+1,240,0
63,3+3+2+1+1+1+1,41,5+2+1+1+1+1+1,1200,0
63,3+3+2+1+1+1+1,42,5+1+1+1+1+1+1+1,25200,0
63,3+3+2+1+1+1+1,43,4+4+4,384,-3
63,3+3+2+1+1+1+1,44,4+4+3+1,96,0
63,3+3+2+1+1+1+1,45,4+4+2+2,256,1
63,3+3+2+1+1+1+1,46,4+4+2+1+1,128,3
63,3+3+2+1+1+1+1,47,4+4+1+1+1+1,768,-3
63,3+3+2+1+1+1+1,48,4+3+3+2,144,1
63,3+3+2+1+1+1+1,49,4+3+3+1+1,144,1
63,3+3+2+1+1+1+1,50,4+3+2+2+1,96,-2
63,3+3+2+1+1+1+1,51,4+3+2+1+1+1,144,-2
63,3+3+2+1+1+1+1,52,4+3+1+1+1+1+1,1440,10
63,3+3+2+1+1+1+1,53,4+2+2+2+2,1536,5
63,3+3+2+1+1+1+1,54,4+2+2+2+1+1,384,-1
63,3+3+2+1+1+1+1,55,4+2+2+1+1+1+1,768,1
63,3+3+2+1+1+1+1,56,4+2+1+1+1+1+1+1,5760,-5
63,3+3+2+1+1+1+1,57,4+1+1+1+1+1+1+1+1,161280,-35
63,3+3+2+1+1+1+1,58,3+3+3+3,1944,-4
63,3+3+2+1+1+1+1,59,3+3+3+2+1,324,-3
63,3+3+2+1+1+1+1,60,3+3+3+1+1+1,972,-1
63,3+3+2+1+1+1+1,61,3+3+2+2+2,864,-1
63,3+3+2+1+1+1+1,62,3+3+2+2+1+1,288,3
63,3+3+2+1+1+1+1,63,3+3+2+1+1+1+1,864,3
63,3+3+2+1+1+1+1,64,3+3+1+1+1+1+1+1,12960,-25
63,3+3+2+1+1+1+1,65,3+2+2+2+2+1,1152,4
63,3+3+2+1+1+1+1,66,3+2+2+2+1+1+1,864,-4
63,3+3+2+1+1+1+1,67,3+2+2+1+1+1+1+1,2880,0
63,3+3+2+1+1+1+1,68,3+2+1+1+1+1+1+1+1,30240,0
63,3+3+2+1+1+1+1,69,3+1+1+1+1+1+1+1+1+1,1088640,140
63,3+3+2+1+1+1+1,70,2+2+2+2+2+2,46080,-15
63,3+3+2+1+1+1+1,71,2+2+2+2+2+1+1,7680,-5
63,3+3+2+1+1+1+1,72,2+2+2+2+1+1+1+1,9216,13
63,3+3+2+1+1+1+1,73,2+2+2+1+1+1+1+1+1,34560,-25
63,3+3+2+1+1+1+1,74,2+2+1+1+1+1+1+1+1+1,322560,105
63,3+3+2+1+1+1+1,75,2+1+1+1+1+1+1+1+1+1+1,7257600,-525
63,3+3+2+1+1+1+1,76,1+1+1+1+1+1+1+1+1+1+1+1,479001600,1925
64,3+3+1+1+1+1+1+1,0,12,12,0
64,3+3+1+1+1+1+1+1,1,11+1,11,0
64,3+3+1+1+1+1+1+1,2,10+2,20,-1
64,3+3+1+1+1+1+1+1,3,10+1+1,20,-1
64,3+3+1+1+1+1+1+1,4,9+3,27,1
64,3+3+1+1+1+1+1+1,5,9+2+1,18,1
64,3+3+1+1+1+1+1+1,6,9+1+1+1,54,1
64,3+3+1+1+1+1+1+1,7,8+4,32,0
64,3+3+1+1+1+1+1+1,8,8+3+1,24,0
64,3+3+1+1+1+1+1+1,9,8+2+2,64,0
64,3+3+1+1+1+1+1+1,10,8+2+1+1,32,0
64,3+3+1+1+1+1+1+1,11,8+1+1+1+1,192,0
64,3+3+1+1+1+1+1+1,12,7+5,35,0
64,3+3+1+1+1+1+1+1,13,7+4+1,28,0
64,3+3+1+1+1+1+1+1,14,7+3+2,42,0
64,3+3+1+1+1+1+1+1,15,7+3+1+1,42,0
64,3+3+1+1+1+1+1+1,16,7+2+2+1,56,0
64,3+3+1+1+1+1+1+1,17,7+2+1+1+1,84,0
64,3+3+1+1+1+1+1+1,18,7+1+1+1+1+1,840,0
64,3+3+1+1+1+1+1+1,19,6+6,72,0
64,3+3+1+1+1+1+1+1,20,6+5+1,30,0
64,3+3+1+1+1+1+1+1,21,6+4+2,48,1
64,3+3+1+1+1+1+1+1,22,6+4+1+1,48,1
64,3+3+1+1+1+1+1+1,23,6+3+3,108,-2
64,3+3+1+1+1+1+1+1,24,6+3+2+1,36,-1
64,3+3+1+1+1+1+1+1,25,6+3+1+1+1,108,1
64,3+3+1+1+1+1+1+1,26,6+2+2+2,288,3
64,3+3+1+1+1+1+1+1,27,6+2+2+1+1,96,-1
64,3+3+1+1+1+1+1+1,28,6+2+1+1+1+1,288,-1
64,3+3+1+1+1+1+1+1,29,6+1+1+1+1+1+1,4320,-5
64,3+3+1+1+1+1+1+1,30,5+5+2,100,1
64,3+3+1+1+1+1+1+1,31,5+5+1+1,100,1
64,3+3+1+1+1+1+1+1,32,5+4+3,60,-1
64,3+3+1+1+1+1+1+1,33,5+4+2+1,40,-1
64,3+3+1+1+1+1+1+1,34,5+4+1+1+1,120,-1
64,3+3+1+1+1+1+1+1,35,5+3+3+1,90,0
64,3+3+1+1+1+1+1+1,36,5+3+2+2,120,1
64,3+3+1+1+1+1+1+1,37,5+3+2+1+1,60,1
64,3+3+1+1+1+1+1+1,38,5+3+1+1+1+1,360,-3
64,3+3+1+1+1+1+1+1,39,5+2+2+2+1,240,-3
64,3+3+1+1+1+1+1+1,40,5+2+2+1+1+1,240,1
64,3+3+1+1+1+1+1+1,41,5+2+1+1+1+1+1,1200,1
64,3+3+1+1+1+1+1+1,42,5+1+1+1+1+1+1+1,25200,21
64,3+3+1+1+1+1+1+1,43,4+4+4,384,0
64,3+3+1+1+1+1+1+1,44,4+4+3+1,96,0
64,3+3+1+1+1+1+1+1,45,4+4+2+2,256,0
64,3+3+1+1+1+1+1+1,46,4+4+2+1+1,128,0
64,3+3+1+1+1+1+1+1,47,4+4+1+1+1+1,768,0
64,3+3+1+1+1+1+1+1,48,4+3+3+2,144,1
64,3+3+1+1+1+1+1+1,49,4+3+3+1+1,144,1
64,3+3+1+1+1+1+1+1,50,4+3+2+2+1,96,0
64,3+3+1+1+1+1+1+1,51,4+3+2+1+1+1,144,-2
64,3+3+1+1+1+1+1+1,52,4+3+1+1+1+1+1,1440,4
64,3+3+1+1+1+1+1+1,53,4+2+2+2+2,1536,-8
64,3+3+1+1+1+1+1+1,54,4+2+2+2+1+1,384,4
64,3+3+1+1+1+1+1+1,55,4+2+2+1+1+1+1,768,0
64,3+3+1+1+1+1+1+1,56,4+2+1+1+1+1+1+1,5760,4
64,3+3+1+1+1+1+1+1,57,4+1+1+1+1+1+1+1+1,161280,-56
64,3+3+1+1+1+1+1+1,58,3+3+3+3,1944,4
64,3+3+1+1+1+1+1+1,59,3+3+3+2+1,324,1
64,3+3+1+1+1+1+1+1,60,3+3+3+1+1+1,972,-5
64,3+3+1+1+1+1+1+1,61,3+3+2+2+2,864,-5
64,3+3+1+1+1+1+1+1,62,3+3+2+2+1+1,288,-1
64,3+3+1+1+1+1+1+1,63,3+3+2+1+1+1+1,864,7
64,3+3+1+1+1+1+1+1,64,3+3+1+1+1+1+1+1,12960,-5
64,3+3+1+1+1+1+1+1,65,3+2+2+2+2+1,1152,8
64,3+3+1+1+1+1+1+1,66,3+2+2+2+1+1+1,864,-2
64,3+3+1+1+1+1+1+1,67,3+2+2+1+1+1+1+1,2880,-4
64,3+3+1+1+1+1+1+1,68,3+2+1+1+1+1+1+1+1,30240,-14
64,3+3+1+1+1+1+1+1,69,3+1+1+1+1+1+1+1+1+1,1088640,112
64,3+3+1+1+1+1+1+1,70,2+2+2+2+2+2,46080,24
64,3+3+1+1+1+1+1+1,71,2+2+2+2+2+1+1,7680,-16
64,3+3+1+1+1+1+1+1,72,2+2+2+2+1+1+1+1,9216,8
64,3+3+1+1+1+1+1+1,73,2+2+2+1+1+1+1+1+1,34560,-8
64,3+3+1+1+1+1+1+1,74,2+2+1+1+1+1+1+1+1+1,322560,56
64,3+3+1+1+1+1+1+1,75,2+1+1+1+1+1+1+1+1+1+1,7257600,-224
64,3+3+1+1+1+1+1+1,76,1+1+1+1+1+1+1+1+1+1+1+1,479001600,616
65,3+2+2+2+2+1,0,12,12,0
65,3+2+2+2+2+1,1,11+1,11,0
65,3+2+2+2+2+1,2,10+2,20,0
65,3+2+2+2+2+1,3,10+1+1,20,0
65,3+2+2+2+2+1,4,9+3,27,0
65,3+2+2+2+2+1,5,9+2+1,18,0
65,3+2+2+2+2+1,6,9+1+1+1,54,0
65,3+2+2+2+2+1,7,8+4,32,1
65,3+2+2+2+2+1,8,8+3+1,24,-1
65,3+2+2+2+2+1,9,8+2+2,64,-1
65,3+2+2+2+2+1,10,8+2+1+1,32,1
65,3+2+2+2+2+1,11,8+1+1+1+1,192,-1
65,3+2+2+2+2+1,12,7+5,35,0
65,3+2+2+2+2+1,13,7+4+1,28,0
65,3+2+2+2+2+1,14,7+3+2,42,0
65,3+2+2+2+2+1,15,7+3+1+1,42,0
65,3+2+2+2+2+1,16,7+2+2+1,56,0
65,3+2+2+2+2+1,17,7+2+1+1+1,84,0
65,3+2+2+2+2+1,18,7+1+1+1+1+1,840,0
65,3+2+2+2+2+1,19,6+6,72,-2
65,3+2+2+2+2+1,20,6+5+1,30,1
65,3+2+2+2+2+1,21,6+4+2,48,1
65,3+2+2+2+2+1,22,6+4+1+1,48,-1
65,3+2+2+2+2+1,23,6+3+3,108,2
65,3+2+2+2+2+1,24,6+3+2+1,36,0
65,3+2+2+2+2+1,25,6+3+1+1+1,108,2
65,3+2+2+2+2+1,26,6+2+2+2,288,1
65,3+2+2+2+2+1,27,6+2+2+1+1,96,-1
65,3+2+2+2+2+1,28,6+2+1+1+1+1,288,-3
65,3+2+2+2+2+1,29,6+1+1+1+1+1+1,4320,11
65,3+2+2+2+2+1,30,5+5+2,100,0
65,3+2+2+2+2+1,31,5+5+1+1,100,0
65,3+2+2+2+2+1,32,5+4+3,60,-1
65,3+2+2+2+2+1,33,5+4+2+1,40,-1
65,3+2+2+2+2+1,34,5+4+1+1+1,120,-1
65,3+2+2+2+2+1,35,5+3+3+1,90,1
65,3+2+2+2+2+1,36,5+3+2+2,120,1
65,3+2+2+2+2+1,37,5+3+2+1+1,60,-1
65,3+2+2+2+2+1,38,5+3+1+1+1+1,360,1
65,3+2+2+2+2+1,39,5+2+2+2+1,240,1
65,3+2+2+2+2+1,40,5+2+2+1+1+1,240,1
65,3+2+2+2+2+1,41,5+2+1+1+1+1+1,1200,5
65,3+2+2+2+2+1,42,5+1+1+1+1+1+1+1,25200,-35
65,3+2+2+2+2+1,43,4+4+4,384,-3
65,3+2+2+2+2+1,44,4+4+3+1,96,1
65,3+2+2+2+2+1,45,4+4+2+2,256,-1
65,3+2+2+2+2+1,46,4+4+2+1+1,128,1
65,3+2+2+2+2+1,47,4+4+1+1+1+1,768,7
65,3+2+2+2+2+1,48,4+3+3+2,144,-1
65,3+2+2+2+2+1,49,4+3+3+1+1,144,1
65,3+2+2+2+2+1,50,4+3+2+2+1,96,1
65,3+2+2+2+2+1,51,4+3+2+1+1+1,144,-1
65,3+2+2+2+2+1,52,4+3+1+1+1+1+1,1440,-11
65,3+2+2+2+2+1,53,4+2+2+2+2,1536,1
65,3+2+2+2+2+1,54,4+2+2+2+1+1,384,-1
65,3+2+2+2+2+1,55,4+2+2+1+1+1+1,768,1
65,3+2+2+2+2+1,56,4+2+1+1+1+1+1+1,5760,-1
65,3+2+2+2+2+1,57,4+1+1+1+1+1+1+1+1,161280,49
65,3+2+2+2+2+1,58,3+3+3+3,1944,-6
65,3+2+2+2+2+1,59,3+3+3+2+1,324,0
65,3+2+2+2+2+1,60,3+3+3+1+1+1,972,-6
65,3+2+2+2+2+1,61,3+3+2+2+2,864,-1
65,3+2+2+2+2+1,62,3+3+2+2+1+1,288,1
65,3+2+2+2+2+1,63,3+3+2+1+1+1+1,864,3
65,3+2+2+2+2+1,64,3+3+1+1+1+1+1+1,12960,21
65,3+2+2+2+2+1,65,3+2+2+2+2+1,1152,-3
65,3+2+2+2+2+1,66,3+2+2+2+1+1+1,864,-1
65,3+2+2+2+2+1,67,3+2+2+1+1+1+1+1,2880,1
65,3+2+2+2+2+1,68,3+2+1+1+1+1+1+1+1,30240,-21
65,3+2+2+2+2+1,69,3+1+1+1+1+1+1+1+1+1,1088640,21
65,3+2+2+2+2+1,70,2+2+2+2+2+2,46080,-5
65,3+2+2+2+2+1,71,2+2+2+2+2+1+1,7680,5
65,3+2+2+2+2+1,72,2+2+2+2+1+1+1+1,9216,3
65,3+2+2+2+2+1,73,2+2+2+1+1+1+1+1+1,34560,-19
65,3+2+2+2+2+1,74,2+2+1+1+1+1+1+1+1+1,322560,91
65,3+2+2+2+2+1,75,2+1+1+1+1+1+1+1+1+1+1,7257600,-315
65,3+2+2+2+2+1,76,1+1+1+1+1+1+1+1+1+1+1+1,479001600,1155
66,3+2+2+2+1+1+1,0,12,12,0
66,3+2+2+2+1+1+1,1,11+1,11,0
66,3+2+2+2+1+1+1,2,10+2,20,0
66,3+2+2+2+1+1+1,3,10+1+1,20,0
66,3+2+2+2+1+1+1,4,9+3,27,1
66,3+2+2+2+1+1+1,5,9+2+1,18,-1
66,3+2+2+2+1+1+1,6,9+1+1+1,54,1
66,3+2+2+2+1+1+1,7,8+4,32,0
66,3+2+2+2+1+1+1,8,8+3+1,24,0
66,3+2+2+2+1+1+1,9,8+2+2,64,0
66,3+2+2+2+1+1+1,10,8+2+1+1,32,0
66,3+2+2+2+1+1+1,11,8+1+1+1+1,192,0
66,3+2+2+2+1+1+1,12,7+5,35,-1
66,3+2+2+2+1+1+1,13,7+4+1,28,0
66,3+2+2+2+1+1+1,14,7+3+2,42,0
66,3+2+2+2+1+1+1,15,7+3+1+1,42,0
66,3+2+2+2+1+1+1,16,7+2+2+1,56,2
66,3+2+2+2+1+1+1,17,7+2+1+1+1,84,0
66,3+2+2+2+1+1+1,18,7+1+1+1+1+1,840,-6
66,3+2+2+2+1+1+1,19,6+6,72,0
66,3+2+2+2+1+1+1,20,6+5+1,30,1
66,3+2+2+2+1+1+1,21,6+4+2,48,0
66,3+2+2+2+1+1+1,22,6+4+1+1,48,0
66,3+2+2+2+1+1+1,23,6+3+3,108,-2
66,3+2+2+2+1+1+1,24,6+3+2+1,36,0
66,3+2+2+2+1+1+1,25,6+3+1+1+1,108,-2
66,3+2+2+2+1+1+1,26,6+2+2+2,288,0
66,3+2+2+2+1+1+1,27,6+2+2+1+1,96,0
66,3+2+2+2+1+1+1,28,6+2+1+1+1+1,288,0
66,3+2+2+2+1+1+1,29,6+1+1+1+1+1+1,4320,16
66,3+2+2+2+1+1+1,30,5+5+2,100,2
66,3+2+2+2+1+1+1,31,5+5+1+1,100,-2
66,3+2+2+2+1+1+1,32,5+4+3,60,0
66,3+2+2+2+1+1+1,33,5+4+2+1,40,0
66,3+2+2+2+1+1+1,34,5+4+1+1+1,120,0
66,3+2+2+2+1+1+1,35,5+3+3+1,90,-1
66,3+2+2+2+1+1+1,36,5+3+2+2,120,-2
66,3+2+2+2+1+1+1,37,5+3+2+1+1,60,2
66,3+2+2+2+1+1+1,38,5+3+1+1+1+1,360,2
66,3+2+2+2+1+1+1,39,5+2+2+2+1,240,-2
66,3+2+2+2+1+1+1,40,5+2+2+1+1+1,240,-2
66,3+2+2+2+1+1+1,41,5+2+1+1+1+1+1,1200,2
66,3+2+2+2+1+1+1,42,5+1+1+1+1+1+1+1,25200,-22
66,3+2+2+2+1+1+1,43,4+4+4,384,0
66,3+2+2+2+1+1+1,44,4+4+3+1,96,0
66,3+2+2+2+1+1+1,45,4+4+2+2,256,0
66,3+2+2+2+1+1+1,46,4+4+2+1+1,128,0
66,3+2+2+2+1+1+1,47,4+4+1+1+1+1,768,0
66,3+2+2+2+1+1+1,48,4+3+3+2,144,0
66,3+2+2+2+1+1+1,49,4+3+3+1+1,144,0
66,3+2+2+2+1+1+1,50,4+3+2+2+1,96,0
66,3+2+2+2+1+1+1,51,4+3+2+1+1+1,144,0
66,3+2+2+2+1+1+1,52,4+3+1+1+1+1+1,1440,0
66,3+2+2+2+1+1+1,53,4+2+2+2+2,1536,0
66,3+2+2+2+1+1+1,54,4+2+2+2+1+1,384,0
66,3+2+2+2+1+1+1,55,4+2+2+1+1+1+1,768,0
66,3+2+2+2+1+1+1,56,4+2+1+1+1+1+1+1,5760,0
66,3+2+2+2+1+1+1,57,4+1+1+1+1+1+1+1+1,161280,0
66,3+2+2+2+1+1+1,58,3+3+3+3,1944,4
66,3+2+2+2+1+1+1,59,3+3+3+2+1,324,2
66,3+2+2+2+1+1+1,60,3+3+3+1+1+1,972,4
66,3+2+2+2+1+1+1,61,3+3+2+2+2,864,4
66,3+2+2+2+1+1+1,62,3+3+2+2+1+1,288,-4
66,3+2+2+2+1+1+1,63,3+3+2+1+1+1+1,864,-4
66,3+2+2+2+1+1+1,64,3+3+1+1+1+1+1+1,12960,4
66,3+2+2+2+1+1+1,65,3+2+2+2+2+1,1152,0
66,3+2+2+2+1+1+1,66,3+2+2+2+1+1+1,864,4
66,3+2+2+2+1+1+1,67,3+2+2+1+1+1+1+1,2880,8
66,3+2+2+2+1+1+1,68,3+2+1+1+1+1+1+1+1,30240,-28
66,3+2+2+2+1+1+1,69,3+1+1+1+1+1+1+1+1+1,1088640,112
66,3+2+2+2+1+1+1,70,2+2+2+2+2+2,46080,0
66,3+2+2+2+1+1+1,71,2+2+2+2+2+1+1,7680,0
66,3+2+2+2+1+1+1,72,2+2+2+2+1+1+1+1,9216,0
66,3+2+2+2+1+1+1,73,2+2+2+1+1+1+1+1+1,34560,-32
66,3+2+2+2+1+1+1,74,2+2+1+1+1+1+1+1+1+1,322560,128
66,3+2+2+2+1+1+1,75,2+1+1+1+1+1+1+1+1+1+1,7257600,-448
66,3+2+2+2+1+1+1,76,1+1+1+1+1+1+1+1+1+1+1+1,479001600,1408
67,3+2+2+1+1+1+1+1,0,12,12,0
67,3+2+2+1+1+1+1+1,1,11+1,11,0
67,3+2+2+1+1+1+1+1,2,10+2,20,1
67,3+2+2+1+1+1+1+1,3,10+1+1,20,-1
67,3+2+2+1+1+1+1+1,4,9+3,27,0
67,3+2+2+1+1+1+1+1,5,9+2+1,18,0
67,3+2+2+1+1+1+1+1,6,9+1+1+1,54,0
67,3+2+2+1+1+1+1+1,7,8+4,32,-1
67,3+2+2+1+1+1+1+1,8,8+3+1,24,0
67,3+2+2+1+1+1+1+1,9,8+2+2,64,-1
67,3+2+2+1+1+1+1+1,10,8+2+1+1,32,1
67,3+2+2+1+1+1+1+1,11,8+1+1+1+1,192,3
67,3+2+2+1+1+1+1+1,12,7+5,35,0
67,3+2+2+1+1+1+1+1,13,7+4+1,28,1
67,3+2+2+1+1+1+1+1,14,7+3+2,42,-1
67,3+2+2+1+1+1+1+1,15,7+3+1+1,42,1
67,3+2+2+1+1+1+1+1,16,7+2+2+1,56,-1
67,3+2+2+1+1+1+1+1,17,7+2+1+1+1,84,-1
67,3+2+2+1+1+1+1+1,18,7+1+1+1+1+1,840,-5
67,3+2+2+1+1+1+1+1,19,6+6,72,0
67,3+2+2+1+1+1+1+1,20,6+5+1,30,0
67,3+2+2+1+1+1+1+1,21,6+4+2,48,0
67,3+2+2+1+1+1+1+1,22,6+4+1+1,48,0
67,3+2+2+1+1+1+1+1,23,6+3+3,108,0
67,3+2+2+1+1+1+1+1,24,6+3+2+1,36,0
67,3+2+2+1+1+1+1+1,25,6+3+1+1+1,108,0
67,3+2+2+1+1+1+1+1,26,6+2+2+2,288,0
67,3+2+2+1+1+1+1+1,27,6+2+2+1+1,96,0
67,3+2+2+1+1+1+1+1,28,6+2+1+1+1+1,288,0
67,3+2+2+1+1+1+1+1,29,6+1+1+1+1+1+1,4320,0
67,3+2+2+1+1+1+1+1,30,5+5+2,100,-1
67,3+2+2+1+1+1+1+1,31,5+5+1+1,100,1
67,3+2+2+1+1+1+1+1,32,5+4+3,60,1
67,3+2+2+1+1+1+1+1,33,5+4+2+1,40,-1
67,3+2+2+1+1+1+1+1,34,5+4+1+1+1,120,1
67,3+2+2+1+1+1+1+1,35,5+3+3+1,90,0
67,3+2+2+1+1+1+1+1,36,5+3+2+2,120,1
67,3+2+2+1+1+1+1+1,37,5+3+2+1+1,60,-1
67,3+2+2+1+1+1+1+1,38,5+3+1+1+1+1,360,-3
67,3+2+2+1+1+1+1+1,39,5+2+2+2+1,240,3
67,3+2+2+1+1+1+1+1,40,5+2+2+1+1+1,240,1
67,3+2+2+1+1+1+1+1,41,5+2+1+1+1+1+1,1200,-1
67,3+2+2+1+1+1+1+1,42,5+1+1+1+1+1+1+1,25200,21
67,3+2+2+1+1+1+1+1,43,4+4+4,384,3
67,3+2+2+1+1+1+1+1,44,4+4+3+1,96,-2
67,3+2+2+1+1+1+1+1,45,4+4+2+2,256,-1
67,3+2+2+1+1+1+1+1,46,4+4+2+1+1,128,1
67,3+2+2+1+1+1+1+1,47,4+4+1+1+1+1,768,-5
67,3+2+2+1+1+1+1+1,48,4+3+3+2,144,0
67,3+2+2+1+1+1+1+1,49,4+3+3+1+1,144,0
67,3+2+2+1+1+1+1+1,50,4+3+2+2+1,96,2
67,3+2+2+1+1+1+1+1,51,4+3+2+1+1+1,144,0
67,3+2+2+1+1+1+1+1,52,4+3+1+1+1+1+1,1440,6
67,3+2+2+1+1+1+1+1,53,4+2+2+2+2,1536,3
67,3+2+2+1+1+1+1+1,54,4+2+2+2+1+1,384,-3
67,3+2+2+1+1+1+1+1,55,4+2+2+1+1+1+1,768,-1
67,3+2+2+1+1+1+1+1,56,4+2+1+1+1+1+1+1,5760,9
67,3+2+2+1+1+1+1+1,57,4+1+1+1+1+1+1+1+1,161280,-69
67,3+2+2+1+1+1+1+1,58,3+3+3+3,1944,0
67,3+2+2+1+1+1+1+1,59,3+3+3+2+1,324,0
67,3+2+2+1+1+1+1+1,60,3+3+3+1+1+1,972,0
67,3+2+2+1+1+1+1+1,61,3+3+2+2+2,864,0
67,3+2+2+1+1+1+1+1,62,3+3+2+2+1+1,288,0
67,3+2+2+1+1+1+1+1,63,3+3+2+1+1+1+1,864,0
67,3+2+2+1+1+1+1+1,64,3+3+1+1+1+1+1+1,12960,0
67,3+2+2+1+1+1+1+1,65,3+2+2+2+2+1,1152,-6
67,3+2+2+1+1+1+1+1,66,3+2+2+2+1+1+1,864,0
67,3+2+2+1+1+1+1+1,67,3+2+2+1+1+1+1+1,2880,6
67,3+2+2+1+1+1+1+1,68,3+2+1+1+1+1+1+1+1,30240,-36
67,3+2+2+1+1+1+1+1,69,3+1+1+1+1+1+1+1+1+1,1088640,162
67,3+2+2+1+1+1+1+1,70,2+2+2+2+2+2,46080,-9
67,3+2+2+1+1+1+1+1,71,2+2+2+2+2+1+1,7680,9
67,3+2+2+1+1+1+1+1,72,2+2+2+2+1+1+1+1,9216,3
67,3+2+2+1+1+1+1+1,73,2+2+2+1+1+1+1+1+1,34560,-27
67,3+2+2+1+1+1+1+1,74,2+2+1+1+1+1+1+1+1+1,322560,111
67,3+2+2+1+1+1+1+1,75,2+1+1+1+1+1+1+1+1+1+1,7257600,-351
67,3+2+2+1+1+1+1+1,76,1+1+1+1+1+1+1+1+1+1+1+1,479001600,891
68,3+2+1+1+1+1+1+1+1,0,12,12,0
68,3+2+1+1+1+1+1+1+1,1,11+1,11,1
68,3+2+1+1+1+1+1+1+1,2,10+2,20,0
68,3+2+1+1+1+1+1+1+1,3,10+1+1,20,0
68,3+2+1+1+1+1+1+1+1,4,9+3,27,-1
68,3+2+1+1+1+1+1+1+1,5,9+2+1,18,-1
68,3+2+1+1+1+1+1+1+1,6,9+1+1+1,54,-1
68,3+2+1+1+1+1+1+1+1,7,8+4,32,0
68,3+2+1+1+1+1+1+1+1,8,8+3+1,24,0
68,3+2+1+1+1+1+1+1+1,9,8+2+2,64,0
68,3+2+1+1+1+1+1+1+1,10,8+2+1+1,32,0
68,3+2+1+1+1+1+1+1+1,11,8+1+1+1+1,192,0
68,3+2+1+1+1+1+1+1+1,12,7+5,35,0
68,3+2+1+1+1+1+1+1+1,13,7+4+1,28,-1
68,3+2+1+1+1+1+1+1+1,14,7+3+2,42,1
68,3+2+1+1+1+1+1+1+1,15,7+3+1+1,42,-1
68,3+2+1+1+1+1+1+1+1,16,7+2+2+1,56,1
68,3+2+1+1+1+1+1+1+1,17,7+2+1+1+1,84,1
68,3+2+1+1+1+1+1+1+1,18,7+1+1+1+1+1,840,5
68,3+2+1+1+1+1+1+1+1,19,6+6,72,0
68,3+2+1+1+1+1+1+1+1,20,6+5+1,30,-1
68,3+2+1+1+1+1+1+1+1,21,6+4+2,48,0
68,3+2+1+1+1+1+1+1+1,22,6+4+1+1,48,0
68,3+2+1+1+1+1+1+1+1,23,6+3+3,108,2
68,3+2+1+1+1+1+1+1+1,24,6+3+2+1,36,0
68,3+2+1+1+1+1+1+1+1,25,6+3+1+1+1,108,2
68,3+2+1+1+1+1+1+1+1,26,6+2+2+2,288,0
68,3+2+1+1+1+1+1+1+1,27,6+2+2+1+1,96,0
68,3+2+1+1+1+1+1+1+1,28,6+2+1+1+1+1,288,0
68,3+2+1+1+1+1+1+1+1,29,6+1+1+1+1+1+1,4320,-16
68,3+2+1+1+1+1+1+1+1,30,5+5+2,100,0
68,3+2+1+1+1+1+1+1+1,31,5+5+1+1,100,0
68,3+2+1+1+1+1+1+1+1,32,5+4+3,60,1
68,3+2+1+1+1+1+1+1+1,33,5+4+2+1,40,1
68,3+2+1+1+1+1+1+1+1,34,5+4+1+1+1,120,1
68,3+2+1+1+1+1+1+1+1,35,5+3+3+1,90,-1
68,3+2+1+1+1+1+1+1+1,36,5+3+2+2,120,-1
68,3+2+1+1+1+1+1+1+1,37,5+3+2+1+1,60,1
68,3+2+1+1+1+1+1+1+1,38,5+3+1+1+1+1,360,-1
68,3+2+1+1+1+1+1+1+1,39,5+2+2+2+1,240,-1
68,3+2+1+1+1+1+1+1+1,40,5+2+2+1+1+1,240,-1
68,3+2+1+1+1+1+1+1+1,41,5+2+1+1+1+1+1,1200,-5
68,3+2+1+1+1+1+1+1+1,42,5+1+1+1+1+1+1+1,25200,35
68,3+2+1+1+1+1+1+1+1,43,4+4+4,384,0
68,3+2+1+1+1+1+1+1+1,44,4+4+3+1,96,0
68,3+2+1+1+1+1+1+1+1,45,4+4+2+2,256,0
68,3+2+1+1+1+1+1+1+1,46,4+4+2+1+1,128,0
68,3+2+1+1+1+1+1+1+1,47,4+4+1+1+1+1,768,0
68,3+2+1+1+1+1+1+1+1,48,4+3+3+2,144,-2
68,3+2+1+1+1+1+1+1+1,49,4+3+3+1+1,144,2
68,3+2+1+1+1+1+1+1+1,50,4+3+2+2+1,96,0
68,3+2+1+1+1+1+1+1+1,51,4+3+2+1+1+1,144,-2
68,3+2+1+1+1+1+1+1+1,52,4+3+1+1+1+1+1,1440,-4
68,3+2+1+1+1+1+1+1+1,53,4+2+2+2+2,1536,0
68,3+2+1+1+1+1+1+1+1,54,4+2+2+2+1+1,384,0
68,3+2+1+1+1+1+1+1+1,55,4+2+2+1+1+1+1,768,0
68,3+2+1+1+1+1+1+1+1,56,4+2+1+1+1+1+1+1,5760,16
68,3+2+1+1+1+1+1+1+1,57,4+1+1+1+1+1+1+1+1,161280,-64
68,3+2+1+1+1+1+1+1+1,58,3+3+3+3,1944,-4
68,3+2+1+1+1+1+1+1+1,59,3+3+3+2+1,324,2
68,3+2+1+1+1+1+1+1+1,60,3+3+3+1+1+1,972,-4
68,3+2+1+1+1+1+1+1+1,61,3+3+2+2+2,864,2
68,3+2+1+1+1+1+1+1+1,62,3+3+2+2+1+1,288,-2
68,3+2+1+1+1+1+1+1+1,63,3+3+2+1+1+1+1,864,2
68,3+2+1+1+1+1+1+1+1,64,3+3+1+1+1+1+1+1,12960,14
68,3+2+1+1+1+1+1+1+1,65,3+2+2+2+2+1,1152,0
68,3+2+1+1+1+1+1+1+1,66,3+2+2+2+1+1+1,864,2
68,3+2+1+1+1+1+1+1+1,67,3+2+2+1+1+1+1+1,2880,4
68,3+2+1+1+1+1+1+1+1,68,3+2+1+1+1+1+1+1+1,30240,-34
68,3+2+1+1+1+1+1+1+1,69,3+1+1+1+1+1+1+1+1+1,1088640,104
68,3+2+1+1+1+1+1+1+1,70,2+2+2+2+2+2,46080,0
68,3+2+1+1+1+1+1+1+1,71,2+2+2+2+2+1+1,7680,0
68,3+2+1+1+1+1+1+1+1,72,2+2+2+2+1+1+1+1,9216,0
68,3+2+1+1+1+1+1+1+1,73,2+2+2+1+1+1+1+1+1,34560,-16
68,3+2+1+1+1+1+1+1+1,74,2+2+1+1+1+1+1+1+1+1,322560,64
68,3+2+1+1+1+1+1+1+1,75,2+1+1+1+1+1+1+1+1+1+1,7257600,-160
68,3+2+1+1+1+1+1+1+1,76,1+1+1+1+1+1+1+1+1+1+1+1,479001600,320
69,3+1+1+1+1+1+1+1+1+1,0,12,12,-1
69,3+1+1+1+1+1+1+1+1+1,1,11+1,11,0
69,3+1+1+1+1+1+1+1+1+1,2,10+2,20,0
69,3+1+1+1+1+1+1+1+1+1,3,10+1+1,20,0
69,3+1+1+1+1+1+1+1+1+1,4,9+3,27,1
69,3+1+1+1+1+1+1+1+1+1,5,9+2+1,18,1
69,3+1+1+1+1+1+1+1+1+1,6,9+1+1+1,54,1
69,3+1+1+1+1+1+1+1+1+1,7,8+4,32,1
69,3+1+1+1+1+1+1+1+1+1,8,8+3+1,24,0
69,3+1+1+1+1+1+1+1+1+1,9,8+2+2,64,1
69,3+1+1+1+1+1+1+1+1+1,10,8+2+1+1,32,-1
69,3+1+1+1+1+1+1+1+1+1,11,8+1+1+1+1,192,-3
69,3+1+1+1+1+1+1+1+1+1,12,7+5,35,1
69,3+1+1+1+1+1+1+1+1+1,13,7+4+1,28,0
69,3+1+1+1+1+1+1+1+1+1,14,7+3+2,42,0
69,3+1+1+1+1+1+1+1+1+1,15,7+3+1+1,42,0
69,3+1+1+1+1+1+1+1+1+1,16,7+2+2+1,56,-2
69,3+1+1+1+1+1+1+1+1+1,17,7+2+1+1+1,84,0
69,3+1+1+1+1+1+1+1+1+1,18,7+1+1+1+1+1,840,6
69,3+1+1+1+1+1+1+1+1+1,19,6+6,72,1
69,3+1+1+1+1+1+1+1+1+1,20,6+5+1,30,0
69,3+1+1+1+1+1+1+1+1+1,21,6+4+2,48,0
69,3+1+1+1+1+1+1+1+1+1,22,6+4+1+1,48,0
69,3+1+1+1+1+1+1+1+1+1,23,6+3+3,108,-1
69,3+1+1+1+1+1+1+1+1+1,24,6+3+2+1,36,-1
69,3+1+1+1+1+1+1+1+1+1,25,6+3+1+1+1,108,-1
69,3+1+1+1+1+1+1+1+1+1,26,6+2+2+2,288,-2
69,3+1+1+1+1+1+1+1+1+1,27,6+2+2+1+1,96,2
69,3+1+1+1+1+1+1+1+1+1,28,6+2+1+1+1+1,288,2
69,3+1+1+1+1+1+1+1+1+1,29,6+1+1+1+1+1+1,4320,-10
69,3+1+1+1+1+1+1+1+1+1,30,5+5+2,100,0
69,3+1+1+1+1+1+1+1+1+1,31,5+5+1+1,100,0
69,3+1+1+1+1+1+1+1+1+1,32,5+4+3,60,-1
69,3+1+1+1+1+1+1+1+1+1,33,5+4+2+1,40,-1
69,3+1+1+1+1+1+1+1+1+1,34,5+4+1+1+1,120,-1
69,3+1+1+1+1+1+1+1+1+1,35,5+3+3+1,90,0
69,3+1+1+1+1+1+1+1+1+1,36,5+3+2+2,120,-1
69,3+1+1+1+1+1+1+1+1+1,37,5+3+2+1+1,60,1
69,3+1+1+1+1+1+1+1+1+1,38,5+3+1+1+1+1,360,3
69,3+1+1+1+1+1+1+1+1+1,39,5+2+2+2+1,240,3
69,3+1+1+1+1+1+1+1+1+1,40,5+2+2+1+1+1,240,-1
69,3+1+1+1+1+1+1+1+1+1,41,5+2+1+1+1+1+1,1200,-5
69,3+1+1+1+1+1+1+1+1+1,42,5+1+1+1+1+1+1+1,25200,15
69,3+1+1+1+1+1+1+1+1+1,43,4+4+4,384,-1
69,3+1+1+1+1+1+1+1+1+1,44,4+4+3+1,96,0
69,3+1+1+1+1+1+1+1+1+1,45,4+4+2+2,256,-1
69,3+1+1+1+1+1+1+1+1+1,46,4+4+2+1+1,128,1
69,3+1+1+1+1+1+1+1+1+1,47,4+4+1+1+1+1,768,3
69,3+1+1+1+1+1+1+1+1+1,48,4+3+3+2,144,0
69,3+1+1+1+1+1+1+1+1+1,49,4+3+3+1+1,144,0
69,3+1+1+1+1+1+1+1+1+1,50,4+3+2+2+1,96,2
69,3+1+1+1+1+1+1+1+1+1,51,4+3+2+1+1+1,144,0
69,3+1+1+1+1+1+1+1+1+1,52,4+3+1+1+1+1+1,1440,-6
69,3+1+1+1+1+1+1+1+1+1,53,4+2+2+2+2,1536,3
69,3+1+1+1+1+1+1+1+1+1,54,4+2+2+2+1+1,384,-3
69,3+1+1+1+1+1+1+1+1+1,55,4+2+2+1+1+1+1,768,-1
69,3+1+1+1+1+1+1+1+1+1,56,4+2+1+1+1+1+1+1,5760,9
69,3+1+1+1+1+1+1+1+1+1,57,4+1+1+1+1+1+1+1+1,161280,-21
69,3+1+1+1+1+1+1+1+1+1,58,3+3+3+3,1944,1
69,3+1+1+1+1+1+1+1+1+1,59,3+3+3+2+1,324,1
69,3+1+1+1+1+1+1+1+1+1,60,3+3+3+1+1+1,972,1
69,3+1+1+1+1+1+1+1+1+1,61,3+3+2+2+2,864,2
69,3+1+1+1+1+1+1+1+1+1,62,3+3+2+2+1+1,288,-2
69,3+1+1+1+1+1+1+1+1+1,63,3+3+2+1+1+1+1,864,-2
69,3+1+1+1+1+1+1+1+1+1,64,3+3+1+1+1+1+1+1,12960,10
69,3+1+1+1+1+1+1+1+1+1,65,3+2+2+2+2+1,1152,-4
69,3+1+1+1+1+1+1+1+1+1,66,3+2+2+2+1+1+1,864,2
69,3+1+1+1+1+1+1+1+1+1,67,3+2+2+1+1+1+1+1,2880,4
69,3+1+1+1+1+1+1+1+1+1,68,3+2+1+1+1+1+1+1+1,30240,-14
69,3+1+1+1+1+1+1+1+1+1,69,3+1+1+1+1+1+1+1+1+1,1088640,28
69,3+1+1+1+1+1+1+1+1+1,70,2+2+2+2+2+2,46080,-5
69,3+1+1+1+1+1+1+1+1+1,71,2+2+2+2+2+1+1,7680,5
69,3+1+1+1+1+1+1+1+1+1,72,2+2+2+2+1+1+1+1,9216,-1
69,3+1+1+1+1+1+1+1+1+1,73,2+2+2+1+1+1+1+1+1,34560,-7
69,3+1+1+1+1+1+1+1+1+1,74,2+2+1+1+1+1+1+1+1+1,322560,19
69,3+1+1+1+1+1+1+1+1+1,75,2+1+1+1+1+1+1+1+1+1+1,7257600,-35
69,3+1+1+1+1+1+1+1+1+1,76,1+1+1+1+1+1+1+1+1+1+1+1,479001600,55
70,2+2+2+2+2+2,0,12,12,0
70,2+2+2+2+2+2,1,11+1,11,0
70,2+2+2+2+2+2,2,10+2,20,0
70,2+2+2+2+2+2,3,10+1+1,20,0
70,2+2+2+2+2+2,4,9+3,27,0
70,2+2+2+2+2+2,5,9+2+1,18,0
70,2+2+2+2+2+2,6,9+1+1+1,54,0
70,2+2+2+2+2+2,7,8+4,32,0
70,2+2+2+2+2+2,8,8+3+1,24,0
70,2+2+2+2+2+2,9,8+2+2,64,0
70,2+2+2+2+2+2,10,8+2+1+1,32,0
70,2+2+2+2+2+2,11,8+1+1+1+1,192,0
70,2+2+2+2+2+2,12,7+5,35,-1
70,2+2+2+2+2+2,13,7+4+1,28,1
70,2+2+2+2+2+2,14,7+3+2,42,1
70,2+2+2+2+2+2,15,7+3+1+1,42,-1
70,2+2+2+2+2+2,16,7+2+2+1,56,-1
70,2+2+2+2+2+2,17,7+2+1+1+1,84,1
70,2+2+2+2+2+2,18,7+1+1+1+1+1,840,-1
70,2+2+2+2+2+2,19,6+6,72,2
70,2+2+2+2+2+2,20,6+5+1,30,-1
70,2+2+2+2+2+2,21,6+4+2,48,-2
70,2+2+2+2+2+2,22,6+4+1+1,48,0
70,2+2+2+2+2+2,23,6+3+3,108,-2
70,2+2+2+2+2+2,24,6+3+2+1,36,1
70,2+2+2+2+2+2,25,6+3+1+1+1,108,1
70,2+2+2+2+2+2,26,6+2+2+2,288,2
70,2+2+2+2+2+2,27,6+2+2+1+1,96,0
70,2+2+2+2+2+2,28,6+2+1+1+1+1,288,-2
70,2+2+2+2+2+2,29,6+1+1+1+1+1+1,4320,4
70,2+2+2+2+2+2,30,5+5+2,100,2
70,2+2+2+2+2+2,31,5+5+1+1,100,2
70,2+2+2+2+2+2,32,5+4+3,60,1
70,2+2+2+2+2+2,33,5+4+2+1,40,0
70,2+2+2+2+2+2,34,5+4+1+1+1,120,-2
70,2+2+2+2+2+2,35,5+3+3+1,90,1
70,2+2+2+2+2+2,36,5+3+2+2,120,-3
70,2+2+2+2+2+2,37,5+3+2+1+1,60,-1
70,2+2+2+2+2+2,38,5+3+1+1+1+1,360,1
70,2+2+2+2+2+2,39,5+2+2+2+1,240,2
70,2+2+2+2+2+2,40,5+2+2+1+1+1,240,0
70,2+2+2+2+2+2,41,5+2+1+1+1+1+1,1200,2
70,2+2+2+2+2+2,42,5+1+1+1+1+1+1+1,25200,-8
70,2+2+2+2+2+2,43,4+4+4,384,0
70,2+2+2+2+2+2,44,4+4+3+1,96,-2
70,2+2+2+2+2+2,45,4+4+2+2,256,4
70,2+2+2+2+2+2,46,4+4+2+1+1,128,0
70,2+2+2+2+2+2,47,4+4+1+1+1+1,768,4
70,2+2+2+2+2+2,48,4+3+3+2,144,0
70,2+2+2+2+2+2,49,4+3+3+1+1,144,2
70,2+2+2+2+2+2,50,4+3+2+2+1,96,0
70,2+2+2+2+2+2,51,4+3+2+1+1+1,144,0
70,2+2+2+2+2+2,52,4+3+1+1+1+1+1,1440,-4
70,2+2+2+2+2+2,53,4+2+2+2+2,1536,-8
70,2+2+2+2+2+2,54,4+2+2+2+1+1,384,0
70,2+2+2+2+2+2,55,4+2+2+1+1+1+1,768,0
70,2+2+2+2+2+2,56,4+2+1+1+1+1+1+1,5760,0
70,2+2+2+2+2+2,57,4+1+1+1+1+1+1+1+1,161280,8
70,2+2+2+2+2+2,58,3+3+3+3,1944,6
70,2+2+2+2+2+2,59,3+3+3+2+1,324,-3
70,2+2+2+2+2+2,60,3+3+3+1+1+1,972,-3
70,2+2+2+2+2+2,61,3+3+2+2+2,864,4
70,2+2+2+2+2+2,62,3+3+2+2+1+1,288,2
70,2+2+2+2+2+2,63,3+3+2+1+1+1+1,864,0
70,2+2+2+2+2+2,64,3+3+1+1+1+1+1+1,12960,6
70,2+2+2+2+2+2,65,3+2+2+2+2+1,1152,-2
70,2+2+2+2+2+2,66,3+2+2+2+1+1+1,864,-2
70,2+2+2+2+2+2,67,3+2+2+1+1+1+1+1,2880,2
70,2+2+2+2+2+2,68,3+2+1+1+1+1+1+1+1,30240,-6
70,2+2+2+2+2+2,69,3+1+1+1+1+1+1+1+1+1,1088640,6
70,2+2+2+2+2+2,70,2+2+2+2+2+2,46080,20
70,2+2+2+2+2+2,71,2+2+2+2+2+1+1,7680,0
70,2+2+2+2+2+2,72,2+2+2+2+1+1+1+1,9216,4
70,2+2+2+2+2+2,73,2+2+2+1+1+1+1+1+1,34560,-8
70,2+2+2+2+2+2,74,2+2+1+1+1+1+1+1+1+1,322560,20
70,2+2+2+2+2+2,75,2+1+1+1+1+1+1+1+1+1+1,7257600,-48
70,2+2+2+2+2+2,76,1+1+1+1+1+1+1+1+1+1+1+1,479001600,132
71,2+2+2+2+2+1+1,0,12,12,0
71,2+2+2+2+2+1+1,1,11+1,11,0
71,2+2+2+2+2+1+1,2,10+2,20,0
71,2+2+2+2+2+1+1,3,10+1+1,20,0
71,2+2+2+2+2+1+1,4,9+3,27,0
71,2+2+2+2+2+1+1,5,9+2+1,18,0
71,2+2+2+2+2+1+1,6,9+1+1+1,54,0
71,2+2+2+2+2+1+1,7,8+4,32,-1
71,2+2+2+2+2+1+1,8,8+3+1,24,1
71,2+2+2+2+2+1+1,9,8+2+2,64,1
71,2+2+2+2+2+1+1,10,8+2+1+1,32,-1
71,2+2+2+2+2+1+1,11,8+1+1+1+1,192,1
71,2+2+2+2+2+1+1,12,7+5,35,1
71,2+2+2+2+2+1+1,13,7+4+1,28,0
71,2+2+2+2+2+1+1,14,7+3+2,42,-1
71,2+2+2+2+2+1+1,15,7+3+1+1,42,-1
71,2+2+2+2+2+1+1,16,7+2+2+1,56,0
71,2+2+2+2+2+1+1,17,7+2+1+1+1,84,2
71,2+2+2+2+2+1+1,18,7+1+1+1+1+1,840,-4
71,2+2+2+2+2+1+1,19,6+6,72,0
71,2+2+2+2+2+1+1,20,6+5+1,30,-1
71,2+2+2+2+2+1+1,21,6+4+2,48,1
71,2+2+2+2+2+1+1,22,6+4+1+1,48,1
71,2+2+2+2+2+1+1,23,6+3+3,108,0
71,2+2+2+2+2+1+1,24,6+3+2+1,36,0
71,2+2+2+2+2+1+1,25,6+3+1+1+1,108,0
71,2+2+2+2+2+1+1,26,6+2+2+2,288,-3
71,2+2+2+2+2+1+1,27,6+2+2+1+1,96,1
71,2+2+2+2+2+1+1,28,6+2+1+1+1+1,288,-3
71,2+2+2+2+2+1+1,29,6+1+1+1+1+1+1,4320,9
71,2+2+2+2+2+1+1,30,5+5+2,100,-2
71,2+2+2+2+2+1+1,31,5+5+1+1,100,2
71,2+2+2+2+2+1+1,32,5+4+3,60,0
71,2+2+2+2+2+1+1,33,5+4+2+1,40,1
71,2+2+2+2+2+1+1,34,5+4+1+1+1,120,-3
71,2+2+2+2+2+1+1,35,5+3+3+1,90,-1
71,2+2+2+2+2+1+1,36,5+3+2+2,120,2
71,2+2+2+2+2+1+1,37,5+3+2+1+1,60,0
71,2+2+2+2+2+1+1,38,5+3+1+1+1+1,360,2
71,2+2+2+2+2+1+1,39,5+2+2+2+1,240,-1
71,2+2+2+2+2+1+1,40,5+2+2+1+1+1,240,-1
71,2+2+2+2+2+1+1,41,5+2+1+1+1+1+1,1200,3
71,2+2+2+2+2+1+1,42,5+1+1+1+1+1+1+1,25200,-13
71,2+2+2+2+2+1+1,43,4+4+4,384,3
71,2+2+2+2+2+1+1,44,4+4+3+1,96,-1
71,2+2+2+2+2+1+1,45,4+4+2+2,256,-3
71,2+2+2+2+2+1+1,46,4+4+2+1+1,128,-1
71,2+2+2+2+2+1+1,47,4+4+1+1+1+1,768,5
71,2+2+2+2+2+1+1,48,4+3+3+2,144,1
71,2+2+2+2+2+1+1,49,4+3+3+1+1,144,1
71,2+2+2+2+2+1+1,50,4+3+2+2+1,96,-1
71,2+2+2+2+2+1+1,51,4+3+2+1+1+1,144,1
71,2+2+2+2+2+1+1,52,4+3+1+1+1+1+1,1440,-5
71,2+2+2+2+2+1+1,53,4+2+2+2+2,1536,7
71,2+2+2+2+2+1+1,54,4+2+2+2+1+1,384,1
71,2+2+2+2+2+1+1,55,4+2+2+1+1+1+1,768,-1
71,2+2+2+2+2+1+1,56,4+2+1+1+1+1+1+1,5760,1
71,2+2+2+2+2+1+1,57,4+1+1+1+1+1+1+1+1,161280,7
71,2+2+2+2+2+1+1,58,3+3+3+3,1944,0
71,2+2+2+2+2+1+1,59,3+3+3+2+1,324,0
71,2+2+2+2+2+1+1,60,3+3+3+1+1+1,972,0
71,2+2+2+2+2+1+1,61,3+3+2+2+2,864,-3
71,2+2+2+2+2+1+1,62,3+3+2+2+1+1,288,1
71,2+2+2+2+2+1+1,63,3+3+2+1+1+1+1,864,-3
71,2+2+2+2+2+1+1,64,3+3+1+1+1+1+1+1,12960,9
71,2+2+2+2+2+1+1,65,3+2+2+2+2+1,1152,3
71,2+2+2+2+2+1+1,66,3+2+2+2+1+1+1,864,-3
71,2+2+2+2+2+1+1,67,3+2+2+1+1+1+1+1,2880,7
71,2+2+2+2+2+1+1,68,3+2+1+1+1+1+1+1+1,30240,-15
71,2+2+2+2+2+1+1,69,3+1+1+1+1+1+1+1+1+1,1088640,27
71,2+2+2+2+2+1+1,70,2+2+2+2+2+2,46080,-15
71,2+2+2+2+2+1+1,71,2+2+2+2+2+1+1,7680,-5
71,2+2+2+2+2+1+1,72,2+2+2+2+1+1+1+1,9216,9
71,2+2+2+2+2+1+1,73,2+2+2+1+1+1+1+1+1,34560,-21
71,2+2+2+2+2+1+1,74,2+2+1+1+1+1+1+1+1+1,322560,49
71,2+2+2+2+2+1+1,75,2+1+1+1+1+1+1+1+1+1+1,7257600,-117
71,2+2+2+2+2+1+1,76,1+1+1+1+1+1+1+1+1+1+1+1,479001600,297
72,2+2+2+2+1+1+1+1,0,12,12,0
72,2+2+2+2+1+1+1+1,1,11+1,11,0
72,2+2+2+2+1+1+1+1,2,10+2,20,0
72,2+2+2+2+1+1+1+1,3,10+1+1,20,0
72,2+2+2+2+1+1+1+1,4,9+3,27,-1
72,2+2+2+2+1+1+1+1,5,9+2+1,18,1
72,2+2+2+2+1+1+1+1,6,9+1+1+1,54,-1
72,2+2+2+2+1+1+1+1,7,8+4,32,1
72,2+2+2+2+1+1+1+1,8,8+3+1,24,0
72,2+2+2+2+1+1+1+1,9,8+2+2,64,-1
72,2+2+2+2+1+1+1+1,10,8+2+1+1,32,-1
72,2+2+2+2+1+1+1+1,11,8+1+1+1+1,192,3
72,2+2+2+2+1+1+1+1,12,7+5,35,0
72,2+2+2+2+1+1+1+1,13,7+4+1,28,-1
72,2+2+2+2+1+1+1+1,14,7+3+2,42,1
72,2+2+2+2+1+1+1+1,15,7+3+1+1,42,1
72,2+2+2+2+1+1+1+1,16,7+2+2+1,56,-1
72,2+2+2+2+1+1+1+1,17,7+2+1+1+1,84,1
72,2+2+2+2+1+1+1+1,18,7+1+1+1+1+1,840,-5
72,2+2+2+2+1+1+1+1,19,6+6,72,0
72,2+2+2+2+1+1+1+1,20,6+5+1,30,0
72,2+2+2+2+1+1+1+1,21,6+4+2,48,-1
72,2+2+2+2+1+1+1+1,22,6+4+1+1,48,1
72,2+2+2+2+1+1+1+1,23,6+3+3,108,2
72,2+2+2+2+1+1+1+1,24,6+3+2+1,36,-1
72,2+2+2+2+1+1+1+1,25,6+3+1+1+1,108,-1
72,2+2+2+2+1+1+1+1,26,6+2+2+2,288,3
72,2+2+2+2+1+1+1+1,27,6+2+2+1+1,96,1
72,2+2+2+2+1+1+1+1,28,6+2+1+1+1+1,288,-1
72,2+2+2+2+1+1+1+1,29,6+1+1+1+1+1+1,4320,5
72,2+2+2+2+1+1+1+1,30,5+5+2,100,0
72,2+2+2+2+1+1+1+1,31,5+5+1+1,100,0
72,2+2+2+2+1+1+1+1,32,5+4+3,60,0
72,2+2+2+2+1+1+1+1,33,5+4+2+1,40,0
72,2+2+2+2+1+1+1+1,34,5+4+1+1+1,120,0
72,2+2+2+2+1+1+1+1,35,5+3+3+1,90,0
72,2+2+2+2+1+1+1+1,36,5+3+2+2,120,0
72,2+2+2+2+1+1+1+1,37,5+3+2+1+1,60,0
72,2+2+2+2+1+1+1+1,38,5+3+1+1+1+1,360,0
72,2+2+2+2+1+1+1+1,39,5+2+2+2+1,240,0
72,2+2+2+2+1+1+1+1,40,5+2+2+1+1+1,240,0
72,2+2+2+2+1+1+1+1,41,5+2+1+1+1+1+1,1200,0
72,2+2+2+2+1+1+1+1,42,5+1+1+1+1+1+1+1,25200,0
72,2+2+2+2+1+1+1+1,43,4+4+4,384,-3
72,2+2+2+2+1+1+1+1,44,4+4+3+1,96,2
72,2+2+2+2+1+1+1+1,45,4+4+2+2,256,3
72,2+2+2+2+1+1+1+1,46,4+4+2+1+1,128,-1
72,2+2+2+2+1+1+1+1,47,4+4+1+1+1+1,768,-1
72,2+2+2+2+1+1+1+1,48,4+3+3+2,144,-1
72,2+2+2+2+1+1+1+1,49,4+3+3+1+1,144,-3
72,2+2+2+2+1+1+1+1,50,4+3+2+2+1,96,0
72,2+2+2+2+1+1+1+1,51,4+3+2+1+1+1,144,2
72,2+2+2+2+1+1+1+1,52,4+3+1+1+1+1+1,1440,0
72,2+2+2+2+1+1+1+1,53,4+2+2+2+2,1536,-7
72,2+2+2+2+1+1+1+1,54,4+2+2+2+1+1,384,1
72,2+2+2+2+1+1+1+1,55,4+2+2+1+1+1+1,768,-3
72,2+2+2+2+1+1+1+1,56,4+2+1+1+1+1+1+1,5760,5
72,2+2+2+2+1+1+1+1,57,4+1+1+1+1+1+1+1+1,161280,-15
72,2+2+2+2+1+1+1+1,58,3+3+3+3,1944,-4
72,2+2+2+2+1+1+1+1,59,3+3+3+2+1,324,1
72,2+2+2+2+1+1+1+1,60,3+3+3+1+1+1,972,5
72,2+2+2+2+1+1+1+1,61,3+3+2+2+2,864,-1
72,2+2+2+2+1+1+1+1,62,3+3+2+2+1+1,288,1
72,2+2+2+2+1+1+1+1,63,3+3+2+1+1+1+1,864,-5
72,2+2+2+2+1+1+1+1,64,3+3+1+1+1+1+1+1,12960,5
72,2+2+2+2+1+1+1+1,65,3+2+2+2+2+1,1152,2
72,2+2+2+2+1+1+1+1,66,3+2+2+2+1+1+1,864,-4
72,2+2+2+2+1+1+1+1,67,3+2+2+1+1+1+1+1,2880,10
72,2+2+2+2+1+1+1+1,68,3+2+1+1+1+1+1+1+1,30240,-20
72,2+2+2+2+1+1+1+1,69,3+1+1+1+1+1+1+1+1+1,1088640,50
72,2+2+2+2+1+1+1+1,70,2+2+2+2+2+2,46080,15
72,2+2+2+2+1+1+1+1,71,2+2+2+2+2+1+1,7680,-5
72,2+2+2+2+1+1+1+1,72,2+2+2+2+1+1+1+1,9216,11
72,2+2+2+2+1+1+1+1,73,2+2+2+1+1+1+1+1+1,34560,-25
72,2+2+2+2+1+1+1+1,74,2+2+1+1+1+1+1+1+1+1,322560,55
72,2+2+2+2+1+1+1+1,75,2+1+1+1+1+1+1+1+1+1+1,7257600,-125
72,2+2+2+2+1+1+1+1,76,1+1+1+1+1+1+1+1+1+1+1+1,479001600,275
73,2+2+2+1+1+1+1+1+1,0,12,12,0
73,2+2+2+1+1+1+1+1+1,1,11+1,11,0
73,2+2+2+1+1+1+1+1+1,2,10+2,20,-1
73,2+2+2+1+1+1+1+1+1,3,10+1+1,20,1
73,2+2+2+1+1+1+1+1+1,4,9+3,27,1
73,2+2+2+1+1+1+1+1+1,5,9+2+1,18,0
73,2+2+2+1+1+1+1+1+1,6,9+1+1+1,54,-2
73,2+2+2+1+1+1+1+1+1,7,8+4,32,0
73,2+2+2+1+1+1+1+1+1,8,8+3+1,24,-1
73,2+2+2+1+1+1+1+1+1,9,8+2+2,64,2
73,2+2+2+1+1+1+1+1+1,10,8+2+1+1,32,0
73,2+2+2+1+1+1+1+1+1,11,8+1+1+1+1,192,2
73,2+2+2+1+1+1+1+1+1,12,7+5,35,0
73,2+2+2+1+1+1+1+1+1,13,7+4+1,28,0
73,2+2+2+1+1+1+1+1+1,14,7+3+2,42,0
73,2+2+2+1+1+1+1+1+1,15,7+3+1+1,42,0
73,2+2+2+1+1+1+1+1+1,16,7+2+2+1,56,0
73,2+2+2+1+1+1+1+1+1,17,7+2+1+1+1,84,0
73,2+2+2+1+1+1+1+1+1,18,7+1+1+1+1+1,840,0
73,2+2+2+1+1+1+1+1+1,19,6+6,72,0
73,2+2+2+1+1+1+1+1+1,20,6+5+1,30,0
73,2+2+2+1+1+1+1+1+1,21,6+4+2,48,1
73,2+2+2+1+1+1+1+1+1,22,6+4+1+1,48,-1
73,2+2+2+1+1+1+1+1+1,23,6+3+3,108,-2
73,2+2+2+1+1+1+1+1+1,24,6+3+2+1,36,1
73,2+2+2+1+1+1+1+1+1,25,6+3+1+1+1,108,1
73,2+2+2+1+1+1+1+1+1,26,6+2+2+2,288,-3
73,2+2+2+1+1+1+1+1+1,27,6+2+2+1+1,96,-1
73,2+2+2+1+1+1+1+1+1,28,6+2+1+1+1+1,288,1
73,2+2+2+1+1+1+1+1+1,29,6+1+1+1+1+1+1,4320,-5
73,2+2+2+1+1+1+1+1+1,30,5+5+2,100,1
73,2+2+2+1+1+1+1+1+1,31,5+5+1+1,100,-1
73,2+2+2+1+1+1+1+1+1,32,5+4+3,60,-1
73,2+2+2+1+1+1+1+1+1,33,5+4+2+1,40,0
73,2+2+2+1+1+1+1+1+1,34,5+4+1+1+1,120,2
73,2+2+2+1+1+1+1+1+1,35,5+3+3+1,90,2
73,2+2+2+1+1+1+1+1+1,36,5+3+2+2,120,-1
73,2+2+2+1+1+1+1+1+1,37,5+3+2+1+1,60,-1
73,2+2+2+1+1+1+1+1+1,38,5+3+1+1+1+1,360,-1
73,2+2+2+1+1+1+1+1+1,39,5+2+2+2+1,240,0
73,2+2+2+1+1+1+1+1+1,40,5+2+2+1+1+1,240,2
73,2+2+2+1+1+1+1+1+1,41,5+2+1+1+1+1+1,1200,-4
73,2+2+2+1+1+1+1+1+1,42,5+1+1+1+1+1+1+1,25200,14
73,2+2+2+1+1+1+1+1+1,43,4+4+4,384,0
73,2+2+2+1+1+1+1+1+1,44,4+4+3+1,96,1
73,2+2+2+1+1+1+1+1+1,45,4+4+2+2,256,-2
73,2+2+2+1+1+1+1+1+1,46,4+4+2+1+1,128,0
73,2+2+2+1+1+1+1+1+1,47,4+4+1+1+1+1,768,-2
73,2+2+2+1+1+1+1+1+1,48,4+3+3+2,144,1
73,2+2+2+1+1+1+1+1+1,49,4+3+3+1+1,144,-1
73,2+2+2+1+1+1+1+1+1,50,4+3+2+2+1,96,-1
73,2+2+2+1+1+1+1+1+1,51,4+3+2+1+1+1,144,1
73,2+2+2+1+1+1+1+1+1,52,4+3+1+1+1+1+1,1440,-1
73,2+2+2+1+1+1+1+1+1,53,4+2+2+2+2,1536,4
73,2+2+2+1+1+1+1+1+1,54,4+2+2+2+1+1,384,2
73,2+2+2+1+1+1+1+1+1,55,4+2+2+1+1+1+1,768,-4
73,2+2+2+1+1+1+1+1+1,56,4+2+1+1+1+1+1+1,5760,10
73,2+2+2+1+1+1+1+1+1,57,4+1+1+1+1+1+1+1+1,161280,-28
73,2+2+2+1+1+1+1+1+1,58,3+3+3+3,1944,4
73,2+2+2+1+1+1+1+1+1,59,3+3+3+2+1,324,-3
73,2+2+2+1+1+1+1+1+1,60,3+3+3+1+1+1,972,1
73,2+2+2+1+1+1+1+1+1,61,3+3+2+2+2,864,1
73,2+2+2+1+1+1+1+1+1,62,3+3+2+2+1+1,288,3
73,2+2+2+1+1+1+1+1+1,63,3+3+2+1+1+1+1,864,-3
73,2+2+2+1+1+1+1+1+1,64,3+3+1+1+1+1+1+1,12960,7
73,2+2+2+1+1+1+1+1+1,65,3+2+2+2+2+1,1152,1
73,2+2+2+1+1+1+1+1+1,66,3+2+2+2+1+1+1,864,-5
73,2+2+2+1+1+1+1+1+1,67,3+2+2+1+1+1+1+1,2880,9
73,2+2+2+1+1+1+1+1+1,68,3+2+1+1+1+1+1+1+1,30240,-21
73,2+2+2+1+1+1+1+1+1,69,3+1+1+1+1+1+1+1+1+1,1088640,49
73,2+2+2+1+1+1+1+1+1,70,2+2+2+2+2+2,46080,-6
73,2+2+2+1+1+1+1+1+1,71,2+2+2+2+2+1+1,7680,-4
73,2+2+2+1+1+1+1+1+1,72,2+2+2+2+1+1+1+1,9216,10
73,2+2+2+1+1+1+1+1+1,73,2+2+2+1+1+1+1+1+1,34560,-20
73,2+2+2+1+1+1+1+1+1,74,2+2+1+1+1+1+1+1+1+1,322560,42
73,2+2+2+1+1+1+1+1+1,75,2+1+1+1+1+1+1+1+1+1+1,7257600,-84
73,2+2+2+1+1+1+1+1+1,76,1+1+1+1+1+1+1+1+1+1+1+1,479001600,154
74,2+2+1+1+1+1+1+1+1+1,0,12,12,0
74,2+2+1+1+1+1+1+1+1+1,1,11+1,11,-1
74,2+2+1+1+1+1+1+1+1+1,2,10+2,20,1
74,2+2+1+1+1+1+1+1+1+1,3,10+1+1,20,1
74,2+2+1+1+1+1+1+1+1+1,4,9+3,27,0
74,2+2+1+1+1+1+1+1+1+1,5,9+2+1,18,0
74,2+2+1+1+1+1+1+1+1+1,6,9+1+1+1,54,0
74,2+2+1+1+1+1+1+1+1+1,7,8+4,32,0
74,2+2+1+1+1+1+1+1+1+1,8,8+3+1,24,1
74,2+2+1+1+1+1+1+1+1+1,9,8+2+2,64,-2
74,2+2+1+1+1+1+1+1+1+1,10,8+2+1+1,32,0
74,2+2+1+1+1+1+1+1+1+1,11,8+1+1+1+1,192,-2
74,2+2+1+1+1+1+1+1+1+1,12,7+5,35,0
74,2+2+1+1+1+1+1+1+1+1,13,7+4+1,28,1
74,2+2+1+1+1+1+1+1+1+1,14,7+3+2,42,-1
74,2+2+1+1+1+1+1+1+1+1,15,7+3+1+1,42,-1
74,2+2+1+1+1+1+1+1+1+1,16,7+2+2+1,56,1
74,2+2+1+1+1+1+1+1+1+1,17,7+2+1+1+1,84,-1
74,2+2+1+1+1+1+1+1+1+1,18,7+1+1+1+1+1,840,5
74,2+2+1+1+1+1+1+1+1+1,19,6+6,72,0
74,2+2+1+1+1+1+1+1+1+1,20,6+5+1,30,1
74,2+2+1+1+1+1+1+1+1+1,21,6+4+2,48,-1
74,2+2+1+1+1+1+1+1+1+1,22,6+4+1+1,48,-1
74,2+2+1+1+1+1+1+1+1+1,23,6+3+3,108,0
74,2+2+1+1+1+1+1+1+1+1,24,6+3+2+1,36,0
74,2+2+1+1+1+1+1+1+1+1,25,6+3+1+1+1,108,0
74,2+2+1+1+1+1+1+1+1+1,26,6+2+2+2,288,3
74,2+2+1+1+1+1+1+1+1+1,27,6+2+2+1+1,96,-1
74,2+2+1+1+1+1+1+1+1+1,28,6+2+1+1+1+1,288,3
74,2+2+1+1+1+1+1+1+1+1,29,6+1+1+1+1+1+1,4320,-9
74,2+2+1+1+1+1+1+1+1+1,30,5+5+2,100,-1
74,2+2+1+1+1+1+1+1+1+1,31,5+5+1+1,100,-1
74,2+2+1+1+1+1+1+1+1+1,32,5+4+3,60,0
74,2+2+1+1+1+1+1+1+1+1,33,5+4+2+1,40,0
74,2+2+1+1+1+1+1+1+1+1,34,5+4+1+1+1,120,0
74,2+2+1+1+1+1+1+1+1+1,35,5+3+3+1,90,-1
74,2+2+1+1+1+1+1+1+1+1,36,5+3+2+2,120,2
74,2+2+1+1+1+1+1+1+1+1,37,5+3+2+1+1,60,0
74,2+2+1+1+1+1+1+1+1+1,38,5+3+1+1+1+1,360,2
74,2+2+1+1+1+1+1+1+1+1,39,5+2+2+2+1,240,-2
74,2+2+1+1+1+1+1+1+1+1,40,5+2+2+1+1+1,240,2
74,2+2+1+1+1+1+1+1+1+1,41,5+2+1+1+1+1+1,1200,-6
74,2+2+1+1+1+1+1+1+1+1,42,5+1+1+1+1+1+1+1,25200,14
74,2+2+1+1+1+1+1+1+1+1,43,4+4+4,384,0
74,2+2+1+1+1+1+1+1+1+1,44,4+4+3+1,96,-1
74,2+2+1+1+1+1+1+1+1+1,45,4+4+2+2,256,2
74,2+2+1+1+1+1+1+1+1+1,46,4+4+2+1+1,128,0
74,2+2+1+1+1+1+1+1+1+1,47,4+4+1+1+1+1,768,2
74,2+2+1+1+1+1+1+1+1+1,48,4+3+3+2,144,1
74,2+2+1+1+1+1+1+1+1+1,49,4+3+3+1+1,144,1
74,2+2+1+1+1+1+1+1+1+1,50,4+3+2+2+1,96,-1
74,2+2+1+1+1+1+1+1+1+1,51,4+3+2+1+1+1,144,1
74,2+2+1+1+1+1+1+1+1+1,52,4+3+1+1+1+1+1,1440,-5
74,2+2+1+1+1+1+1+1+1+1,53,4+2+2+2+2,1536,-4
74,2+2+1+1+1+1+1+1+1+1,54,4+2+2+2+1+1,384,2
74,2+2+1+1+1+1+1+1+1+1,55,4+2+2+1+1+1+1,768,-4
74,2+2+1+1+1+1+1+1+1+1,56,4+2+1+1+1+1+1+1,5760,10
74,2+2+1+1+1+1+1+1+1+1,57,4+1+1+1+1+1+1+1+1,161280,-20
74,2+2+1+1+1+1+1+1+1+1,58,3+3+3+3,1944,0
74,2+2+1+1+1+1+1+1+1+1,59,3+3+3+2+1,324,0
74,2+2+1+1+1+1+1+1+1+1,60,3+3+3+1+1+1,972,0
74,2+2+1+1+1+1+1+1+1+1,61,3+3+2+2+2,864,-3
74,2+2+1+1+1+1+1+1+1+1,62,3+3+2+2+1+1,288,1
74,2+2+1+1+1+1+1+1+1+1,63,3+3+2+1+1+1+1,864,-3
74,2+2+1+1+1+1+1+1+1+1,64,3+3+1+1+1+1+1+1,12960,9
74,2+2+1+1+1+1+1+1+1+1,65,3+2+2+2+2+1,1152,3
74,2+2+1+1+1+1+1+1+1+1,66,3+2+2+2+1+1+1,864,-3
74,2+2+1+1+1+1+1+1+1+1,67,3+2+2+1+1+1+1+1,2880,7
74,2+2+1+1+1+1+1+1+1+1,68,3+2+1+1+1+1+1+1+1,30240,-15
74,2+2+1+1+1+1+1+1+1+1,69,3+1+1+1+1+1+1+1+1+1,1088640,27
74,2+2+1+1+1+1+1+1+1+1,70,2+2+2+2+2+2,46080,6
74,2+2+1+1+1+1+1+1+1+1,71,2+2+2+2+2+1+1,7680,-4
74,2+2+1+1+1+1+1+1+1+1,72,2+2+2+2+1+1+1+1,9216,6
74,2+2+1+1+1+1+1+1+1+1,73,2+2+2+1+1+1+1+1+1,34560,-12
74,2+2+1+1+1+1+1+1+1+1,74,2+2+1+1+1+1+1+1+1+1,322560,22
74,2+2+1+1+1+1+1+1+1+1,75,2+1+1+1+1+1+1+1+1+1+1,7257600,-36
74,2+2+1+1+1+1+1+1+1+1,76,1+1+1+1+1+1+1+1+1+1+1+1,479001600,54
75,2+1+1+1+1+1+1+1+1+1+1,0,12,12,1
75,2+1+1+1+1+1+1+1+1+1+1,1,11+1,11,0
75,2+1+1+1+1+1+1+1+1+1+1,2,10+2,20,-1
75,2+1+1+1+1+1+1+1+1+1+1,3,10+1+1,20,-1
75,2+1+1+1+1+1+1+1+1+1+1,4,9+3,27,-1
75,2+1+1+1+1+1+1+1+1+1+1,5,9+2+1,18,0
75,2+1+1+1+1+1+1+1+1+1+1,6,9+1+1+1,54,2
75,2+1+1+1+1+1+1+1+1+1+1,7,8+4,32,-1
75,2+1+1+1+1+1+1+1+1+1+1,8,8+3+1,24,0
75,2+1+1+1+1+1+1+1+1+1+1,9,8+2+2,64,1
75,2+1+1+1+1+1+1+1+1+1+1,10,8+2+1+1,32,1
75,2+1+1+1+1+1+1+1+1+1+1,11,8+1+1+1+1,192,-3
75,2+1+1+1+1+1+1+1+1+1+1,12,7+5,35,-1
75,2+1+1+1+1+1+1+1+1+1+1,13,7+4+1,28,0
75,2+1+1+1+1+1+1+1+1+1+1,14,7+3+2,42,1
75,2+1+1+1+1+1+1+1+1+1+1,15,7+3+1+1,42,1
75,2+1+1+1+1+1+1+1+1+1+1,16,7+2+2+1,56,0
75,2+1+1+1+1+1+1+1+1+1+1,17,7+2+1+1+1,84,-2
75,2+1+1+1+1+1+1+1+1+1+1,18,7+1+1+1+1+1,840,4
75,2+1+1+1+1+1+1+1+1+1+1,19,6+6,72,-1
75,2+1+1+1+1+1+1+1+1+1+1,20,6+5+1,30,0
75,2+1+1+1+1+1+1+1+1+1+1,21,6+4+2,48,1
75,2+1+1+1+1+1+1+1+1+1+1,22,6+4+1+1,48,1
75,2+1+1+1+1+1+1+1+1+1+1,23,6+3+3,108,1
75,2+1+1+1+1+1+1+1+1+1+1,24,6+3+2+1,36,0
75,2+1+1+1+1+1+1+1+1+1+1,25,6+3+1+1+1,108,-2
75,2+1+1+1+1+1+1+1+1+1+1,26,6+2+2+2,288,-1
75,2+1+1+1+1+1+1+1+1+1+1,27,6+2+2+1+1,96,-1
75,2+1+1+1+1+1+1+1+1+1+1,28,6+2+1+1+1+1,288,3
75,2+1+1+1+1+1+1+1+1+1+1,29,6+1+1+1+1+1+1,4320,-5
75,2+1+1+1+1+1+1+1+1+1+1,30,5+5+2,100,1
75,2+1+1+1+1+1+1+1+1+1+1,31,5+5+1+1,100,1
75,2+1+1+1+1+1+1+1+1+1+1,32,5+4+3,60,1
75,2+1+1+1+1+1+1+1+1+1+1,33,5+4+2+1,40,0
75,2+1+1+1+1+1+1+1+1+1+1,34,5+4+1+1+1,120,-2
75,2+1+1+1+1+1+1+1+1+1+1,35,5+3+3+1,90,0
75,2+1+1+1+1+1+1+1+1+1+1,36,5+3+2+2,120,-1
75,2+1+1+1+1+1+1+1+1+1+1,37,5+3+2+1+1,60,-1
75,2+1+1+1+1+1+1+1+1+1+1,38,5+3+1+1+1+1,360,3
75,2+1+1+1+1+1+1+1+1+1+1,39,5+2+2+2+1,240,0
75,2+1+1+1+1+1+1+1+1+1+1,40,5+2+2+1+1+1,240,2
75,2+1+1+1+1+1+1+1+1+1+1,41,5+2+1+1+1+1+1,1200,-4
75,2+1+1+1+1+1+1+1+1+1+1,42,5+1+1+1+1+1+1+1,25200,6
75,2+1+1+1+1+1+1+1+1+1+1,43,4+4+4,384,1
75,2+1+1+1+1+1+1+1+1+1+1,44,4+4+3+1,96,0
75,2+1+1+1+1+1+1+1+1+1+1,45,4+4+2+2,256,-1
75,2+1+1+1+1+1+1+1+1+1+1,46,4+4+2+1+1,128,-1
75,2+1+1+1+1+1+1+1+1+1+1,47,4+4+1+1+1+1,768,3
75,2+1+1+1+1+1+1+1+1+1+1,48,4+3+3+2,144,-1
75,2+1+1+1+1+1+1+1+1+1+1,49,4+3+3+1+1,144,-1
75,2+1+1+1+1+1+1+1+1+1+1,50,4+3+2+2+1,96,0
75,2+1+1+1+1+1+1+1+1+1+1,51,4+3+2+1+1+1,144,2
75,2+1+1+1+1+1+1+1+1+1+1,52,4+3+1+1+1+1+1,1440,-4
75,2+1+1+1+1+1+1+1+1+1+1,53,4+2+2+2+2,1536,1
75,2+1+1+1+1+1+1+1+1+1+1,54,4+2+2+2+1+1,384,1
75,2+1+1+1+1+1+1+1+1+1+1,55,4+2+2+1+1+1+1,768,-3
75,2+1+1+1+1+1+1+1+1+1+1,56,4+2+1+1+1+1+1+1,5760,5
75,2+1+1+1+1+1+1+1+1+1+1,57,4+1+1+1+1+1+1+1+1,161280,-7
75,2+1+1+1+1+1+1+1+1+1+1,58,3+3+3+3,1944,-1
75,2+1+1+1+1+1+1+1+1+1+1,59,3+3+3+2+1,324,0
75,2+1+1+1+1+1+1+1+1+1+1,60,3+3+3+1+1+1,972,2
75,2+1+1+1+1+1+1+1+1+1+1,61,3+3+2+2+2,864,1
75,2+1+1+1+1+1+1+1+1+1+1,62,3+3+2+2+1+1,288,1
75,2+1+1+1+1+1+1+1+1+1+1,63,3+3+2+1+1+1+1,864,-3
75,2+1+1+1+1+1+1+1+1+1+1,64,3+3+1+1+1+1+1+1,12960,5
75,2+1+1+1+1+1+1+1+1+1+1,65,3+2+2+2+2+1,1152,0
75,2+1+1+1+1+1+1+1+1+1+1,66,3+2+2+2+1+1+1,864,-2
75,2+1+1+1+1+1+1+1+1+1+1,67,3+2+2+1+1+1+1+1,2880,4
75,2+1+1+1+1+1+1+1+1+1+1,68,3+2+1+1+1+1+1+1+1,30240,-6
75,2+1+1+1+1+1+1+1+1+1+1,69,3+1+1+1+1+1+1+1+1+1,1088640,8
75,2+1+1+1+1+1+1+1+1+1+1,70,2+2+2+2+2+2,46080,-1
75,2+1+1+1+1+1+1+1+1+1+1,71,2+2+2+2+2+1+1,7680,-1
75,2+1+1+1+1+1+1+1+1+1+1,72,2+2+2+2+1+1+1+1,9216,3
75,2+1+1+1+1+1+1+1+1+1+1,73,2+2+2+1+1+1+1+1+1,34560,-5
75,2+1+1+1+1+1+1+1+1+1+1,74,2+2+1+1+1+1+1+1+1+1,322560,7
75,2+1+1+1+1+1+1+1+1+1+1,75,2+1+1+1+1+1+1+1+1+1+1,7257600,-9
75,2+1+1+1+1+1+1+1+1+1+1,76,1+1+1+1+1+1+1+1+1+1+1+1,479001600,11
76,1+1+1+1+1+1+1+1+1+1+1+1,0,12,12,-1
76,1+1+1+1+1+1+1+1+1+1+1+1,1,11+1,11,1
76,1+1+1+1+1+1+1+1+1+1+1+1,2,10+2,20,1
76,1+1+1+1+1+1+1+1+1+1+1+1,3,10+1+1,20,-1
76,1+1+1+1+1+1+1+1+1+1+1+1,4,9+3,27,1
76,1+1+1+1+1+1+1+1+1+1+1+1,5,9+2+1,18,-1
76,1+1+1+1+1+1+1+1+1+1+1+1,6,9+1+1+1,54,1
76,1+1+1+1+1+1+1+1+1+1+1+1,7,8+4,32,1
76,1+1+1+1+1+1+1+1+1+1+1+1,8,8+3+1,24,-1
76,1+1+1+1+1+1+1+1+1+1+1+1,9,8+2+2,64,-1
76,1+1+1+1+1+1+1+1+1+1+1+1,10,8+2+1+1,32,1
76,1+1+1+1+1+1+1+1+1+1+1+1,11,8+1+1+1+1,192,-1
76,1+1+1+1+1+1+1+1+1+1+1+1,12,7+5,35,1
76,1+1+1+1+1+1+1+1+1+1+1+1,13,7+4+1,28,-1
76,1+1+1+1+1+1+1+1+1+1+1+1,14,7+3+2,42,-1
76,1+1+1+1+1+1+1+1+1+1+1+1,15,7+3+1+1,42,1
76,1+1+1+1+1+1+1+1+1+1+1+1,16,7+2+2+1,56,1
76,1+1+1+1+1+1+1+1+1+1+1+1,17,7+2+1+1+1,84,-1
76,1+1+1+1+1+1+1+1+1+1+1+1,18,7+1+1+1+1+1,840,1
76,1+1+1+1+1+1+1+1+1+1+1+1,19,6+6,72,1
76,1+1+1+1+1+1+1+1+1+1+1+1,20,6+5+1,30,-1
76,1+1+1+1+1+1+1+1+1+1+1+1,21,6+4+2,48,-1
76,1+1+1+1+1+1+1+1+1+1+1+1,22,6+4+1+1,48,1
76,1+1+1+1+1+1+1+1+1+1+1+1,23,6+3+3,108,-1
76,1+1+1+1+1+1+1+1+1+1+1+1,24,6+3+2+1,36,1
76,1+1+1+1+1+1+1+1+1+1+1+1,25,6+3+1+1+1,108,-1
76,1+1+1+1+1+1+1+1+1+1+1+1,26,6+2+2+2,288,1
76,1+1+1+1+1+1+1+1+1+1+1+1,27,6+2+2+1+1,96,-1
76,1+1+1+1+1+1+1+1+1+1+1+1,28,6+2+1+1+1+1,288,1
76,1+1+1+1+1+1+1+1+1+1+1+1,29,6+1+1+1+1+1+1,4320,-1
76,1+1+1+1+1+1+1+1+1+1+1+1,30,5+5+2,100,-1
76,1+1+1+1+1+1+1+1+1+1+1+1,31,5+5+1+1,100,1
76,1+1+1+1+1+1+1+1+1+1+1+1,32,5+4+3,60,-1
76,1+1+1+1+1+1+1+1+1+1+1+1,33,5+4+2+1,40,1
76,1+1+1+1+1+1+1+1+1+1+1+1,34,5+4+1+1+1,120,-1
76,1+1+1+1+1+1+1+1+1+1+1+1,35,5+3+3+1,90,1
76,1+1+1+1+1+1+1+1+1+1+1+1,36,5+3+2+2,120,1
76,1+1+1+1+1+1+1+1+1+1+1+1,37,5+3+2+1+1,60,-1
76,1+1+1+1+1+1+1+1+1+1+1+1,38,5+3+1+1+1+1,360,1
76,1+1+1+1+1+1+1+1+1+1+1+1,39,5+2+2+2+1,240,-1
76,1+1+1+1+1+1+1+1+1+1+1+1,40,5+2+2+1+1+1,240,1
76,1+1+1+1+1+1+1+1+1+1+1+1,41,5+2+1+1+1+1+1,1200,-1
76,1+1+1+1+1+1+1+1+1+1+1+1,42,5+1+1+1+1+1+1+1,25200,1
76,1+1+1+1+1+1+1+1+1+1+1+1,43,4+4+4,384,-1
76,1+1+1+1+1+1+1+1+1+1+1+1,44,4+4+3+1,96,1
76,1+1+1+1+1+1+1+1+1+1+1+1,45,4+4+2+2,256,1
76,1+1+1+1+1+1+1+1+1+1+1+1,46,4+4+2+1+1,128,-1
76,1+1+1+1+1+1+1+1+1+1+1+1,47,4+4+1+1+1+1,768,1
76,1+1+1+1+1+1+1+1+1+1+1+1,48,4+3+3+2,144,1
76,1+1+1+1+1+1+1+1+1+1+1+1,49,4+3+3+1+1,144,-1
76,1+1+1+1+1+1+1+1+1+1+1+1,50,4+3+2+2+1,96,-1
76,1+1+1+1+1+1+1+1+1+1+1+1,51,4+3+2+1+1+1,144,1
76,1+1+1+1+1+1+1+1+1+1+1+1,52,4+3+1+1+1+1+1,1440,-1
76,1+1+1+1+1+1+1+1+1+1+1+1,53,4+2+2+2+2,1536,-1
76,1+1+1+1+1+1+1+1+1+1+1+1,54,4+2+2+2+1+1,384,1
76,1+1+1+1+1+1+1+1+1+1+1+1,55,4+2+2+1+1+1+1,768,-1
76,1+1+1+1+1+1+1+1+1+1+1+1,56,4+2+1+1+1+1+1+1,5760,1
76,1+1+1+1+1+1+1+1+1+1+1+1,57,4+1+1+1+1+1+1+1+1,161280,-1
76,1+1+1+1+1+1+1+1+1+1+1+1,58,3+3+3+3,1944,1
76,1+1+1+1+1+1+1+1+1+1+1+1,59,3+3+3+2+1,324,-1
76,1+1+1+1+1+1+1+1+1+1+1+1,60,3+3+3+1+1+1,972,1
76,1+1+1+1+1+1+1+1+1+1+1+1,61,3+3+2+2+2,864,-1
76,1+1+1+1+1+1+1+1+1+1+1+1,62,3+3+2+2+1+1,288,1
76,1+1+1+1+1+1+1+1+1+1+1+1,63,3+3+2+1+1+1+1,864,-1
76,1+1+1+1+1+1+1+1+1+1+1+1,64,3+3+1+1+1+1+1+1,12960,1
76,1+1+1+1+1+1+1+1+1+1+1+1,65,3+2+2+2+2+1,1152,1
76,1+1+1+1+1+1+1+1+1+1+1+1,66,3+2+2+2+1+1+1,864,-1
76,1+1+1+1+1+1+1+1+1+1+1+1,67,3+2+2+1+1+1+1+1,2880,1
76,1+1+1+1+1+1+1+1+1+1+1+1,68,3+2+1+1+1+1+1+1+1,30240,-1
76,1+1+1+1+1+1+1+1+1+1+1+1,69,3+1+1+1+1+1+1+1+1+1,1088640,1
76,1+1+1+1+1+1+1+1+1+1+1+1,70,2+2+2+2+2+2,46080,1
76,1+1+1+1+1+1+1+1+1+1+1+1,71,2+2+2+2+2+1+1,7680,-1
76,1+1+1+1+1+1+1+1+1+1+1+1,72,2+2+2+2+1+1+1+1,9216,1
76,1+1+1+1+1+1+1+1+1+1+1+1,73,2+2+2+1+1+1+1+1+1,34560,-1
76,1+1+1+1+1+1+1+1+1+1+1+1,74,2+2+1+1+1+1+1+1+1+1,322560,1
76,1+1+1+1+1+1+1+1+1+1+1+1,75,2+1+1+1+1+1+1+1+1+1+1,7257600,-1
76,1+1+1+1+1+1+1+1+1+1+1+1,76,1+1+1+1+1+1+1+1+1+1+1+1,479001600,1
