count-equation solutions with 51<=v<=100: 10098
EXCLUDED (51,3,2,0): nonintegral-multiplicity
EXCLUDED (51,4,3,0): nonintegral-multiplicity
EXCLUDED (51,5,4,0): nonintegral-multiplicity
EXCLUDED (51,6,5,0): nonintegral-multiplicity
EXCLUDED (51,7,6,0): nonintegral-multiplicity
EXCLUDED (51,8,7,0): nonintegral-multiplicity
EXCLUDED (51,9,8,0): nonintegral-multiplicity
EXCLUDED (51,10,9,0): nonintegral-multiplicity
EXCLUDED (51,10,5,1): conference-numerator-nonzero
EXCLUDED (51,10,1,2): conference-numerator-nonzero
EXCLUDED (51,11,10,0): nonintegral-multiplicity
EXCLUDED (51,12,11,0): nonintegral-multiplicity
EXCLUDED (51,13,12,0): nonintegral-multiplicity
EXCLUDED (51,14,13,0): nonintegral-multiplicity
EXCLUDED (51,15,14,0): nonintegral-multiplicity
EXCLUDED (51,15,7,3): nonintegral-multiplicity
EXCLUDED (51,15,0,6): conference-numerator-nonzero
EXCLUDED (51,17,16,0): nonintegral-multiplicity
EXCLUDED (51,18,17,0): nonintegral-multiplicity
EXCLUDED (51,18,1,9): nonintegral-multiplicity
EXCLUDED (51,19,18,0): nonintegral-multiplicity
EXCLUDED (51,20,19,0): nonintegral-multiplicity
EXCLUDED (51,20,16,2): conference-numerator-nonzero
EXCLUDED (51,20,13,4): conference-numerator-nonzero
EXCLUDED (51,20,10,6): conference-numerator-nonzero
EXCLUDED (51,20,7,8): nonintegral-multiplicity
EXCLUDED (51,20,4,10): conference-numerator-nonzero
EXCLUDED (51,20,1,12): conference-numerator-nonzero
EXCLUDED (51,21,20,0): nonintegral-multiplicity
EXCLUDED (51,22,21,0): nonintegral-multiplicity
EXCLUDED (51,22,7,11): conference-numerator-nonzero
EXCLUDED (51,23,22,0): nonintegral-multiplicity
EXCLUDED (51,24,23,0): nonintegral-multiplicity
EXCLUDED (51,24,10,12): conference-numerator-nonzero
EXCLUDED (51,25,24,0): nonintegral-multiplicity
EXCLUDED (51,25,23,1): conference-numerator-nonzero
EXCLUDED (51,25,22,2): conference-numerator-nonzero
EXCLUDED (51,25,21,3): conference-numerator-nonzero
EXCLUDED (51,25,20,4): conference-numerator-nonzero
EXCLUDED (51,25,19,5): conference-numerator-nonzero
EXCLUDED (51,25,18,6): conference-numerator-nonzero
EXCLUDED (51,25,17,7): conference-numerator-nonzero
EXCLUDED (51,25,16,8): conference-numerator-nonzero
EXCLUDED (51,25,15,9): nonintegral-multiplicity
EXCLUDED (51,25,14,10): conference-numerator-nonzero
EXCLUDED (51,25,13,11): conference-numerator-nonzero
EXCLUDED (51,25,12,12): conference-numerator-nonzero
EXCLUDED (51,25,11,13): conference-numerator-nonzero
EXCLUDED (51,25,10,14): conference-numerator-nonzero
EXCLUDED (51,25,9,15): conference-numerator-nonzero
EXCLUDED (51,25,8,16): nonintegral-multiplicity
EXCLUDED (51,25,7,17): conference-numerator-nonzero
EXCLUDED (51,25,6,18): conference-numerator-nonzero
EXCLUDED (51,25,5,19): conference-numerator-nonzero
EXCLUDED (51,25,4,20): conference-numerator-nonzero
EXCLUDED (51,25,3,21): conference-numerator-nonzero
EXCLUDED (51,25,2,22): conference-numerator-nonzero
EXCLUDED (51,25,1,23): conference-numerator-nonzero
EXCLUDED (51,25,0,24): conference-numerator-nonzero
EXCLUDED (51,26,25,0): nonintegral-multiplicity
EXCLUDED (51,26,13,13): conference-numerator-nonzero
EXCLUDED (51,26,1,26): nonintegral-multiplicity
EXCLUDED (51,27,26,0): nonintegral-multiplicity
EXCLUDED (51,27,3,27): nonintegral-multiplicity
EXCLUDED (51,28,27,0): nonintegral-multiplicity
EXCLUDED (51,28,16,14): conference-numerator-nonzero
EXCLUDED (51,28,5,28): nonintegral-multiplicity
EXCLUDED (51,29,28,0): nonintegral-multiplicity
EXCLUDED (51,29,7,29): nonintegral-multiplicity
EXCLUDED (51,30,29,0): nonintegral-multiplicity
EXCLUDED (51,30,27,3): conference-numerator-nonzero
EXCLUDED (51,30,25,6): conference-numerator-nonzero
EXCLUDED (51,30,23,9): conference-numerator-nonzero
EXCLUDED (51,30,21,12): conference-numerator-nonzero
EXCLUDED (51,30,19,15): conference-numerator-nonzero
EXCLUDED (51,30,17,18): nonintegral-multiplicity
EXCLUDED (51,30,15,21): conference-numerator-nonzero
EXCLUDED (51,30,13,24): conference-numerator-nonzero
EXCLUDED (51,30,11,27): conference-numerator-nonzero
EXCLUDED (51,30,9,30): nonintegral-multiplicity
EXCLUDED (51,31,30,0): nonintegral-multiplicity
EXCLUDED (51,31,11,31): nonintegral-multiplicity
EXCLUDED (51,32,31,0): nonintegral-multiplicity
EXCLUDED (51,32,22,16): nonintegral-multiplicity
EXCLUDED (51,32,13,32): nonintegral-multiplicity
EXCLUDED (51,33,32,0): nonintegral-multiplicity
EXCLUDED (51,33,15,33): nonintegral-multiplicity
EXCLUDED (51,34,33,0): nonintegral-multiplicity
EXCLUDED (51,34,25,17): conference-numerator-nonzero
EXCLUDED (51,34,17,34): eigenvalue-sign
EXCLUDED (51,35,34,0): nonintegral-multiplicity
EXCLUDED (51,35,31,7): conference-numerator-nonzero
EXCLUDED (51,35,28,14): conference-numerator-nonzero
EXCLUDED (51,35,25,21): conference-numerator-nonzero
EXCLUDED (51,35,22,28): nonintegral-multiplicity
EXCLUDED (51,35,19,35): nonintegral-multiplicity
EXCLUDED (51,36,35,0): nonintegral-multiplicity
EXCLUDED (51,36,28,18): conference-numerator-nonzero
EXCLUDED (51,36,21,36): nonintegral-multiplicity
EXCLUDED (51,37,36,0): nonintegral-multiplicity
EXCLUDED (51,37,23,37): nonintegral-multiplicity
EXCLUDED (51,38,37,0): nonintegral-multiplicity
EXCLUDED (51,38,31,19): conference-numerator-nonzero
EXCLUDED (51,38,25,38): nonintegral-multiplicity
EXCLUDED (51,39,38,0): nonintegral-multiplicity
EXCLUDED (51,39,27,39): nonintegral-multiplicity
EXCLUDED (51,40,39,0): nonintegral-multiplicity
EXCLUDED (51,40,38,4): conference-numerator-nonzero
EXCLUDED (51,40,37,8): conference-numerator-nonzero
EXCLUDED (51,40,36,12): conference-numerator-nonzero
EXCLUDED (51,40,35,16): conference-numerator-nonzero
EXCLUDED (51,40,34,20): conference-numerator-nonzero
EXCLUDED (51,40,33,24): conference-numerator-nonzero
EXCLUDED (51,40,32,28): nonintegral-multiplicity
EXCLUDED (51,40,31,32): conference-numerator-nonzero
EXCLUDED (51,40,30,36): conference-numerator-nonzero
EXCLUDED (51,40,29,40): nonintegral-multiplicity
EXCLUDED (51,41,40,0): nonintegral-multiplicity
EXCLUDED (51,41,31,41): nonintegral-multiplicity
EXCLUDED (51,42,41,0): nonintegral-multiplicity
EXCLUDED (51,42,37,21): conference-numerator-nonzero
EXCLUDED (51,42,33,42): nonintegral-multiplicity
EXCLUDED (51,43,42,0): nonintegral-multiplicity
EXCLUDED (51,43,35,43): nonintegral-multiplicity
EXCLUDED (51,44,43,0): nonintegral-multiplicity
EXCLUDED (51,44,40,22): conference-numerator-nonzero
EXCLUDED (51,44,37,44): nonintegral-multiplicity
EXCLUDED (51,45,44,0): nonintegral-multiplicity
EXCLUDED (51,45,43,9): conference-numerator-nonzero
EXCLUDED (51,45,42,18): conference-numerator-nonzero
EXCLUDED (51,45,41,27): conference-numerator-nonzero
EXCLUDED (51,45,40,36): conference-numerator-nonzero
EXCLUDED (51,45,39,45): nonintegral-multiplicity
EXCLUDED (51,46,45,0): nonintegral-multiplicity
EXCLUDED (51,46,43,23): conference-numerator-nonzero
EXCLUDED (51,46,41,46): nonintegral-multiplicity
EXCLUDED (51,47,46,0): nonintegral-multiplicity
EXCLUDED (51,47,43,47): nonintegral-multiplicity
EXCLUDED (51,48,47,0): nonintegral-multiplicity
EXCLUDED (51,48,46,24): conference-numerator-nonzero
EXCLUDED (51,48,45,48): eigenvalue-sign
EXCLUDED (51,49,48,0): nonintegral-multiplicity
EXCLUDED (51,49,47,49): nonintegral-multiplicity
EXCLUDED (52,2,1,0): nonintegral-multiplicity
EXCLUDED (52,4,3,0): nonintegral-multiplicity
EXCLUDED (52,5,4,0): nonintegral-multiplicity
EXCLUDED (52,6,5,0): nonintegral-multiplicity
EXCLUDED (52,7,6,0): nonintegral-multiplicity
EXCLUDED (52,8,7,0): nonintegral-multiplicity
EXCLUDED (52,9,8,0): nonintegral-multiplicity
EXCLUDED (52,10,9,0): nonintegral-multiplicity
EXCLUDED (52,11,10,0): nonintegral-multiplicity
EXCLUDED (52,13,12,0): nonintegral-multiplicity
EXCLUDED (52,14,13,0): nonintegral-multiplicity
EXCLUDED (52,15,14,0): nonintegral-multiplicity
EXCLUDED (52,15,2,5): nonintegral-multiplicity
EXCLUDED (52,16,15,0): nonintegral-multiplicity
EXCLUDED (52,17,16,0): nonintegral-multiplicity
EXCLUDED (52,17,14,1): conference-numerator-nonzero
EXCLUDED (52,17,12,2): conference-numerator-nonzero
EXCLUDED (52,17,10,3): conference-numerator-nonzero
EXCLUDED (52,17,8,4): conference-numerator-nonzero
EXCLUDED (52,17,6,5): nonintegral-multiplicity
EXCLUDED (52,17,4,6): conference-numerator-nonzero
EXCLUDED (52,17,2,7): conference-numerator-nonzero
EXCLUDED (52,17,0,8): nonintegral-multiplicity
EXCLUDED (52,18,17,0): nonintegral-multiplicity
EXCLUDED (52,18,6,6): conference-numerator-nonzero
EXCLUDED (52,19,18,0): nonintegral-multiplicity
EXCLUDED (52,20,19,0): nonintegral-multiplicity
EXCLUDED (52,21,20,0): nonintegral-multiplicity
EXCLUDED (52,21,10,7): conference-numerator-nonzero
EXCLUDED (52,21,0,14): conference-numerator-nonzero
EXCLUDED (52,22,21,0): nonintegral-multiplicity
EXCLUDED (52,23,22,0): nonintegral-multiplicity
EXCLUDED (52,24,23,0): nonintegral-multiplicity
EXCLUDED (52,24,14,8): nonintegral-multiplicity
EXCLUDED (52,24,5,16): conference-numerator-nonzero
EXCLUDED (52,26,25,0): nonintegral-multiplicity
EXCLUDED (52,26,0,26): eigenvalue-sign
EXCLUDED (52,27,26,0): nonintegral-multiplicity
EXCLUDED (52,27,18,9): conference-numerator-nonzero
EXCLUDED (52,27,10,18): nonintegral-multiplicity
EXCLUDED (52,27,2,27): nonintegral-multiplicity
EXCLUDED (52,28,27,0): nonintegral-multiplicity
EXCLUDED (52,28,4,28): nonintegral-multiplicity
EXCLUDED (52,29,28,0): nonintegral-multiplicity
EXCLUDED (52,29,6,29): nonintegral-multiplicity
EXCLUDED (52,30,29,0): nonintegral-multiplicity
EXCLUDED (52,30,22,10): conference-numerator-nonzero
EXCLUDED (52,30,15,20): conference-numerator-nonzero
EXCLUDED (52,30,8,30): nonintegral-multiplicity
EXCLUDED (52,31,30,0): nonintegral-multiplicity
EXCLUDED (52,31,10,31): nonintegral-multiplicity
EXCLUDED (52,32,31,0): nonintegral-multiplicity
EXCLUDED (52,32,12,32): nonintegral-multiplicity
EXCLUDED (52,33,32,0): nonintegral-multiplicity
EXCLUDED (52,33,26,11): conference-numerator-nonzero
EXCLUDED (52,33,20,22): conference-numerator-nonzero
EXCLUDED (52,33,14,33): nonintegral-multiplicity
EXCLUDED (52,34,33,0): nonintegral-multiplicity
EXCLUDED (52,34,32,2): conference-numerator-nonzero
EXCLUDED (52,34,31,4): conference-numerator-nonzero
EXCLUDED (52,34,30,6): conference-numerator-nonzero
EXCLUDED (52,34,29,8): conference-numerator-nonzero
EXCLUDED (52,34,28,10): conference-numerator-nonzero
EXCLUDED (52,34,27,12): conference-numerator-nonzero
EXCLUDED (52,34,26,14): conference-numerator-nonzero
EXCLUDED (52,34,25,16): conference-numerator-nonzero
EXCLUDED (52,34,24,18): nonintegral-multiplicity
EXCLUDED (52,34,23,20): conference-numerator-nonzero
EXCLUDED (52,34,22,22): conference-numerator-nonzero
EXCLUDED (52,34,21,24): nonintegral-multiplicity
EXCLUDED (52,34,20,26): conference-numerator-nonzero
EXCLUDED (52,34,19,28): conference-numerator-nonzero
EXCLUDED (52,34,18,30): conference-numerator-nonzero
EXCLUDED (52,34,17,32): conference-numerator-nonzero
EXCLUDED (52,34,16,34): nonintegral-multiplicity
EXCLUDED (52,35,34,0): nonintegral-multiplicity
EXCLUDED (52,35,18,35): nonintegral-multiplicity
EXCLUDED (52,36,35,0): nonintegral-multiplicity
EXCLUDED (52,36,30,12): conference-numerator-nonzero
EXCLUDED (52,36,25,24): nonintegral-multiplicity
EXCLUDED (52,36,20,36): nonintegral-multiplicity
EXCLUDED (52,37,36,0): nonintegral-multiplicity
EXCLUDED (52,37,22,37): nonintegral-multiplicity
EXCLUDED (52,38,37,0): nonintegral-multiplicity
EXCLUDED (52,38,24,38): nonintegral-multiplicity
EXCLUDED (52,39,38,0): nonintegral-multiplicity
EXCLUDED (52,39,34,13): conference-numerator-nonzero
EXCLUDED (52,39,30,26): conference-numerator-nonzero
EXCLUDED (52,39,26,39): eigenvalue-sign
EXCLUDED (52,40,39,0): nonintegral-multiplicity
EXCLUDED (52,40,28,40): nonintegral-multiplicity
EXCLUDED (52,41,40,0): nonintegral-multiplicity
EXCLUDED (52,41,30,41): nonintegral-multiplicity
EXCLUDED (52,42,41,0): nonintegral-multiplicity
EXCLUDED (52,42,38,14): conference-numerator-nonzero
EXCLUDED (52,42,35,28): conference-numerator-nonzero
EXCLUDED (52,42,32,42): nonintegral-multiplicity
EXCLUDED (52,43,42,0): nonintegral-multiplicity
EXCLUDED (52,43,34,43): nonintegral-multiplicity
EXCLUDED (52,44,43,0): nonintegral-multiplicity
EXCLUDED (52,44,36,44): nonintegral-multiplicity
EXCLUDED (52,45,44,0): nonintegral-multiplicity
EXCLUDED (52,45,42,15): conference-numerator-nonzero
EXCLUDED (52,45,40,30): conference-numerator-nonzero
EXCLUDED (52,45,38,45): nonintegral-multiplicity
EXCLUDED (52,46,45,0): nonintegral-multiplicity
EXCLUDED (52,46,40,46): nonintegral-multiplicity
EXCLUDED (52,47,46,0): nonintegral-multiplicity
EXCLUDED (52,47,42,47): nonintegral-multiplicity
EXCLUDED (52,48,47,0): nonintegral-multiplicity
EXCLUDED (52,48,46,16): conference-numerator-nonzero
EXCLUDED (52,48,45,32): conference-numerator-nonzero
EXCLUDED (52,48,44,48): eigenvalue-sign
EXCLUDED (52,49,48,0): nonintegral-multiplicity
EXCLUDED (52,49,46,49): nonintegral-multiplicity
EXCLUDED (52,50,49,0): nonintegral-multiplicity
EXCLUDED (52,50,48,50): eigenvalue-sign
EXCLUDED (53,2,1,0): nonintegral-multiplicity
EXCLUDED (53,3,2,0): nonintegral-multiplicity
EXCLUDED (53,4,3,0): nonintegral-multiplicity
EXCLUDED (53,5,4,0): nonintegral-multiplicity
EXCLUDED (53,6,5,0): nonintegral-multiplicity
EXCLUDED (53,7,6,0): nonintegral-multiplicity
EXCLUDED (53,8,7,0): nonintegral-multiplicity
EXCLUDED (53,9,8,0): nonintegral-multiplicity
EXCLUDED (53,10,9,0): nonintegral-multiplicity
EXCLUDED (53,11,10,0): nonintegral-multiplicity
EXCLUDED (53,12,11,0): nonintegral-multiplicity
EXCLUDED (53,12,1,3): conference-numerator-nonzero
EXCLUDED (53,13,12,0): nonintegral-multiplicity
EXCLUDED (53,13,9,1): conference-numerator-nonzero
EXCLUDED (53,13,6,2): conference-numerator-nonzero
EXCLUDED (53,13,3,3): conference-numerator-nonzero
EXCLUDED (53,13,0,4): conference-numerator-nonzero
EXCLUDED (53,14,13,0): nonintegral-multiplicity
EXCLUDED (53,15,14,0): nonintegral-multiplicity
EXCLUDED (53,16,15,0): nonintegral-multiplicity
EXCLUDED (53,16,6,4): conference-numerator-nonzero
EXCLUDED (53,17,16,0): nonintegral-multiplicity
EXCLUDED (53,18,17,0): nonintegral-multiplicity
EXCLUDED (53,18,0,9): conference-numerator-nonzero
EXCLUDED (53,19,18,0): nonintegral-multiplicity
EXCLUDED (53,20,19,0): nonintegral-multiplicity
EXCLUDED (53,20,11,5): conference-numerator-nonzero
EXCLUDED (53,20,3,10): conference-numerator-nonzero
EXCLUDED (53,21,20,0): nonintegral-multiplicity
EXCLUDED (53,22,21,0): nonintegral-multiplicity
EXCLUDED (53,22,6,11): conference-numerator-nonzero
EXCLUDED (53,23,22,0): nonintegral-multiplicity
EXCLUDED (53,24,23,0): nonintegral-multiplicity
EXCLUDED (53,24,16,6): conference-numerator-nonzero
EXCLUDED (53,24,9,12): conference-numerator-nonzero
EXCLUDED (53,24,2,18): conference-numerator-nonzero
EXCLUDED (53,25,24,0): nonintegral-multiplicity
EXCLUDED (53,26,25,0): nonintegral-multiplicity
EXCLUDED (53,26,24,1): conference-numerator-nonzero
EXCLUDED (53,26,23,2): conference-numerator-nonzero
EXCLUDED (53,26,22,3): conference-numerator-nonzero
EXCLUDED (53,26,21,4): conference-numerator-nonzero
EXCLUDED (53,26,20,5): conference-numerator-nonzero
EXCLUDED (53,26,19,6): conference-numerator-nonzero
EXCLUDED (53,26,18,7): conference-numerator-nonzero
EXCLUDED (53,26,17,8): conference-numerator-nonzero
EXCLUDED (53,26,16,9): conference-numerator-nonzero
EXCLUDED (53,26,15,10): conference-numerator-nonzero
EXCLUDED (53,26,14,11): conference-numerator-nonzero
EXCLUDED (53,26,13,12): conference-numerator-nonzero
EXCLUDED (53,26,11,14): conference-numerator-nonzero
EXCLUDED (53,26,10,15): conference-numerator-nonzero
EXCLUDED (53,26,9,16): conference-numerator-nonzero
EXCLUDED (53,26,8,17): conference-numerator-nonzero
EXCLUDED (53,26,7,18): conference-numerator-nonzero
EXCLUDED (53,26,6,19): conference-numerator-nonzero
EXCLUDED (53,26,5,20): conference-numerator-nonzero
EXCLUDED (53,26,4,21): conference-numerator-nonzero
EXCLUDED (53,26,3,22): conference-numerator-nonzero
EXCLUDED (53,26,2,23): conference-numerator-nonzero
EXCLUDED (53,26,1,24): conference-numerator-nonzero
EXCLUDED (53,26,0,25): conference-numerator-nonzero
EXCLUDED (53,27,26,0): nonintegral-multiplicity
EXCLUDED (53,27,1,27): nonintegral-multiplicity
EXCLUDED (53,28,27,0): nonintegral-multiplicity
EXCLUDED (53,28,21,7): conference-numerator-nonzero
EXCLUDED (53,28,15,14): conference-numerator-nonzero
EXCLUDED (53,28,9,21): conference-numerator-nonzero
EXCLUDED (53,28,3,28): nonintegral-multiplicity
EXCLUDED (53,29,28,0): nonintegral-multiplicity
EXCLUDED (53,29,5,29): nonintegral-multiplicity
EXCLUDED (53,30,29,0): nonintegral-multiplicity
EXCLUDED (53,30,18,15): conference-numerator-nonzero
EXCLUDED (53,30,7,30): nonintegral-multiplicity
EXCLUDED (53,31,30,0): nonintegral-multiplicity
EXCLUDED (53,31,9,31): nonintegral-multiplicity
EXCLUDED (53,32,31,0): nonintegral-multiplicity
EXCLUDED (53,32,26,8): conference-numerator-nonzero
EXCLUDED (53,32,21,16): conference-numerator-nonzero
EXCLUDED (53,32,16,24): conference-numerator-nonzero
EXCLUDED (53,32,11,32): nonintegral-multiplicity
EXCLUDED (53,33,32,0): nonintegral-multiplicity
EXCLUDED (53,33,13,33): nonintegral-multiplicity
EXCLUDED (53,34,33,0): nonintegral-multiplicity
EXCLUDED (53,34,24,17): conference-numerator-nonzero
EXCLUDED (53,34,15,34): nonintegral-multiplicity
EXCLUDED (53,35,34,0): nonintegral-multiplicity
EXCLUDED (53,35,17,35): nonintegral-multiplicity
EXCLUDED (53,36,35,0): nonintegral-multiplicity
EXCLUDED (53,36,31,9): conference-numerator-nonzero
EXCLUDED (53,36,27,18): conference-numerator-nonzero
EXCLUDED (53,36,23,27): conference-numerator-nonzero
EXCLUDED (53,36,19,36): nonintegral-multiplicity
EXCLUDED (53,37,36,0): nonintegral-multiplicity
EXCLUDED (53,37,21,37): nonintegral-multiplicity
EXCLUDED (53,38,37,0): nonintegral-multiplicity
EXCLUDED (53,38,30,19): conference-numerator-nonzero
EXCLUDED (53,38,23,38): nonintegral-multiplicity
EXCLUDED (53,39,38,0): nonintegral-multiplicity
EXCLUDED (53,39,37,3): conference-numerator-nonzero
EXCLUDED (53,39,36,6): conference-numerator-nonzero
EXCLUDED (53,39,35,9): conference-numerator-nonzero
EXCLUDED (53,39,34,12): conference-numerator-nonzero
EXCLUDED (53,39,33,15): conference-numerator-nonzero
EXCLUDED (53,39,32,18): conference-numerator-nonzero
EXCLUDED (53,39,31,21): conference-numerator-nonzero
EXCLUDED (53,39,30,24): conference-numerator-nonzero
EXCLUDED (53,39,29,27): conference-numerator-nonzero
EXCLUDED (53,39,28,30): conference-numerator-nonzero
EXCLUDED (53,39,27,33): conference-numerator-nonzero
EXCLUDED (53,39,26,36): conference-numerator-nonzero
EXCLUDED (53,39,25,39): nonintegral-multiplicity
EXCLUDED (53,40,39,0): nonintegral-multiplicity
EXCLUDED (53,40,36,10): conference-numerator-nonzero
EXCLUDED (53,40,33,20): conference-numerator-nonzero
EXCLUDED (53,40,30,30): conference-numerator-nonzero
EXCLUDED (53,40,27,40): nonintegral-multiplicity
EXCLUDED (53,41,40,0): nonintegral-multiplicity
EXCLUDED (53,41,29,41): nonintegral-multiplicity
EXCLUDED (53,42,41,0): nonintegral-multiplicity
EXCLUDED (53,42,36,21): conference-numerator-nonzero
EXCLUDED (53,42,31,42): nonintegral-multiplicity
EXCLUDED (53,43,42,0): nonintegral-multiplicity
EXCLUDED (53,43,33,43): nonintegral-multiplicity
EXCLUDED (53,44,43,0): nonintegral-multiplicity
EXCLUDED (53,44,41,11): conference-numerator-nonzero
EXCLUDED (53,44,39,22): conference-numerator-nonzero
EXCLUDED (53,44,37,33): conference-numerator-nonzero
EXCLUDED (53,44,35,44): nonintegral-multiplicity
EXCLUDED (53,45,44,0): nonintegral-multiplicity
EXCLUDED (53,45,37,45): nonintegral-multiplicity
EXCLUDED (53,46,45,0): nonintegral-multiplicity
EXCLUDED (53,46,42,23): conference-numerator-nonzero
EXCLUDED (53,46,39,46): nonintegral-multiplicity
EXCLUDED (53,47,46,0): nonintegral-multiplicity
EXCLUDED (53,47,41,47): nonintegral-multiplicity
EXCLUDED (53,48,47,0): nonintegral-multiplicity
EXCLUDED (53,48,46,12): conference-numerator-nonzero
EXCLUDED (53,48,45,24): conference-numerator-nonzero
EXCLUDED (53,48,44,36): conference-numerator-nonzero
EXCLUDED (53,48,43,48): nonintegral-multiplicity
EXCLUDED (53,49,48,0): nonintegral-multiplicity
EXCLUDED (53,49,45,49): nonintegral-multiplicity
EXCLUDED (53,50,49,0): nonintegral-multiplicity
EXCLUDED (53,50,48,25): conference-numerator-nonzero
EXCLUDED (53,50,47,50): nonintegral-multiplicity
EXCLUDED (53,51,50,0): nonintegral-multiplicity
EXCLUDED (53,51,49,51): nonintegral-multiplicity
EXCLUDED (54,3,2,0): nonintegral-multiplicity
EXCLUDED (54,4,3,0): nonintegral-multiplicity
EXCLUDED (54,6,5,0): nonintegral-multiplicity
EXCLUDED (54,7,6,0): nonintegral-multiplicity
EXCLUDED (54,9,8,0): nonintegral-multiplicity
EXCLUDED (54,10,9,0): nonintegral-multiplicity
EXCLUDED (54,11,10,0): nonintegral-multiplicity
EXCLUDED (54,12,11,0): nonintegral-multiplicity
EXCLUDED (54,13,12,0): nonintegral-multiplicity
EXCLUDED (54,14,13,0): nonintegral-multiplicity
EXCLUDED (54,15,14,0): nonintegral-multiplicity
EXCLUDED (54,16,15,0): nonintegral-multiplicity
EXCLUDED (54,18,17,0): nonintegral-multiplicity
EXCLUDED (54,19,18,0): nonintegral-multiplicity
EXCLUDED (54,20,19,0): nonintegral-multiplicity
EXCLUDED (54,21,20,0): nonintegral-multiplicity
EXCLUDED (54,22,21,0): nonintegral-multiplicity
EXCLUDED (54,23,22,0): nonintegral-multiplicity
EXCLUDED (54,24,23,0): nonintegral-multiplicity
EXCLUDED (54,25,24,0): nonintegral-multiplicity
EXCLUDED (54,27,26,0): nonintegral-multiplicity
EXCLUDED (54,27,0,27): eigenvalue-sign
EXCLUDED (54,28,27,0): nonintegral-multiplicity
EXCLUDED (54,28,2,28): nonintegral-multiplicity
EXCLUDED (54,29,28,0): nonintegral-multiplicity
EXCLUDED (54,29,4,29): nonintegral-multiplicity
EXCLUDED (54,30,29,0): nonintegral-multiplicity
EXCLUDED (54,30,6,30): nonintegral-multiplicity
EXCLUDED (54,31,30,0): nonintegral-multiplicity
EXCLUDED (54,31,8,31): nonintegral-multiplicity
EXCLUDED (54,32,31,0): nonintegral-multiplicity
EXCLUDED (54,32,10,32): nonintegral-multiplicity
EXCLUDED (54,33,32,0): nonintegral-multiplicity
EXCLUDED (54,33,12,33): nonintegral-multiplicity
EXCLUDED (54,34,33,0): nonintegral-multiplicity
EXCLUDED (54,34,14,34): nonintegral-multiplicity
EXCLUDED (54,35,34,0): nonintegral-multiplicity
EXCLUDED (54,35,16,35): nonintegral-multiplicity
EXCLUDED (54,36,35,0): nonintegral-multiplicity
EXCLUDED (54,36,18,36): eigenvalue-sign
EXCLUDED (54,37,36,0): nonintegral-multiplicity
EXCLUDED (54,37,20,37): nonintegral-multiplicity
EXCLUDED (54,38,37,0): nonintegral-multiplicity
EXCLUDED (54,38,22,38): nonintegral-multiplicity
EXCLUDED (54,39,38,0): nonintegral-multiplicity
EXCLUDED (54,39,24,39): nonintegral-multiplicity
EXCLUDED (54,40,39,0): nonintegral-multiplicity
EXCLUDED (54,40,26,40): nonintegral-multiplicity
EXCLUDED (54,41,40,0): nonintegral-multiplicity
EXCLUDED (54,41,28,41): nonintegral-multiplicity
EXCLUDED (54,42,41,0): nonintegral-multiplicity
EXCLUDED (54,42,30,42): nonintegral-multiplicity
EXCLUDED (54,43,42,0): nonintegral-multiplicity
EXCLUDED (54,43,32,43): nonintegral-multiplicity
EXCLUDED (54,44,43,0): nonintegral-multiplicity
EXCLUDED (54,44,34,44): nonintegral-multiplicity
EXCLUDED (54,45,44,0): nonintegral-multiplicity
EXCLUDED (54,45,36,45): eigenvalue-sign
EXCLUDED (54,46,45,0): nonintegral-multiplicity
EXCLUDED (54,46,38,46): nonintegral-multiplicity
EXCLUDED (54,47,46,0): nonintegral-multiplicity
EXCLUDED (54,47,40,47): nonintegral-multiplicity
EXCLUDED (54,48,47,0): nonintegral-multiplicity
EXCLUDED (54,48,42,48): eigenvalue-sign
EXCLUDED (54,49,48,0): nonintegral-multiplicity
EXCLUDED (54,49,44,49): nonintegral-multiplicity
EXCLUDED (54,50,49,0): nonintegral-multiplicity
EXCLUDED (54,50,46,50): nonintegral-multiplicity
EXCLUDED (54,51,50,0): nonintegral-multiplicity
EXCLUDED (54,51,48,51): eigenvalue-sign
EXCLUDED (54,52,51,0): nonintegral-multiplicity
EXCLUDED (54,52,50,52): eigenvalue-sign
EXCLUDED (55,2,1,0): nonintegral-multiplicity
EXCLUDED (55,3,2,0): nonintegral-multiplicity
EXCLUDED (55,5,4,0): nonintegral-multiplicity
EXCLUDED (55,6,5,0): nonintegral-multiplicity
EXCLUDED (55,7,6,0): nonintegral-multiplicity
EXCLUDED (55,8,7,0): nonintegral-multiplicity
EXCLUDED (55,9,8,0): nonintegral-multiplicity
EXCLUDED (55,9,3,1): nonintegral-multiplicity
EXCLUDED (55,11,10,0): nonintegral-multiplicity
EXCLUDED (55,12,11,0): nonintegral-multiplicity
EXCLUDED (55,12,4,2): conference-numerator-nonzero
EXCLUDED (55,13,12,0): nonintegral-multiplicity
EXCLUDED (55,14,13,0): nonintegral-multiplicity
EXCLUDED (55,15,14,0): nonintegral-multiplicity
EXCLUDED (55,15,1,5): conference-numerator-nonzero
EXCLUDED (55,16,15,0): nonintegral-multiplicity
EXCLUDED (55,17,16,0): nonintegral-multiplicity
EXCLUDED (55,18,17,0): nonintegral-multiplicity
EXCLUDED (55,18,15,1): conference-numerator-nonzero
EXCLUDED (55,18,13,2): conference-numerator-nonzero
EXCLUDED (55,18,11,3): conference-numerator-nonzero
EXCLUDED (55,18,7,5): conference-numerator-nonzero
EXCLUDED (55,18,5,6): nonintegral-multiplicity
EXCLUDED (55,18,3,7): conference-numerator-nonzero
EXCLUDED (55,18,1,8): conference-numerator-nonzero
EXCLUDED (55,19,18,0): nonintegral-multiplicity
EXCLUDED (55,20,19,0): nonintegral-multiplicity
EXCLUDED (55,20,2,10): conference-numerator-nonzero
EXCLUDED (55,21,20,0): nonintegral-multiplicity
EXCLUDED (55,21,9,7): conference-numerator-nonzero
EXCLUDED (55,22,21,0): nonintegral-multiplicity
EXCLUDED (55,22,5,11): conference-numerator-nonzero
EXCLUDED (55,23,22,0): nonintegral-multiplicity
EXCLUDED (55,24,23,0): nonintegral-multiplicity
EXCLUDED (55,24,18,4): conference-numerator-nonzero
EXCLUDED (55,24,13,8): conference-numerator-nonzero
EXCLUDED (55,24,8,12): nonintegral-multiplicity
EXCLUDED (55,24,3,16): conference-numerator-nonzero
EXCLUDED (55,25,24,0): nonintegral-multiplicity
EXCLUDED (55,26,25,0): nonintegral-multiplicity
EXCLUDED (55,26,11,13): conference-numerator-nonzero
EXCLUDED (55,27,26,0): nonintegral-multiplicity
EXCLUDED (55,27,25,1): conference-numerator-nonzero
EXCLUDED (55,27,24,2): conference-numerator-nonzero
EXCLUDED (55,27,23,3): conference-numerator-nonzero
EXCLUDED (55,27,22,4): conference-numerator-nonzero
EXCLUDED (55,27,21,5): conference-numerator-nonzero
EXCLUDED (55,27,20,6): conference-numerator-nonzero
EXCLUDED (55,27,19,7): conference-numerator-nonzero
EXCLUDED (55,27,18,8): conference-numerator-nonzero
EXCLUDED (55,27,17,9): conference-numerator-nonzero
EXCLUDED (55,27,16,10): conference-numerator-nonzero
EXCLUDED (55,27,15,11): conference-numerator-nonzero
EXCLUDED (55,27,14,12): nonintegral-multiplicity
EXCLUDED (55,27,13,13): conference-numerator-nonzero
EXCLUDED (55,27,12,14): conference-numerator-nonzero
EXCLUDED (55,27,11,15): nonintegral-multiplicity
EXCLUDED (55,27,10,16): conference-numerator-nonzero
EXCLUDED (55,27,9,17): conference-numerator-nonzero
EXCLUDED (55,27,8,18): conference-numerator-nonzero
EXCLUDED (55,27,7,19): conference-numerator-nonzero
EXCLUDED (55,27,6,20): conference-numerator-nonzero
EXCLUDED (55,27,5,21): conference-numerator-nonzero
EXCLUDED (55,27,4,22): conference-numerator-nonzero
EXCLUDED (55,27,3,23): conference-numerator-nonzero
EXCLUDED (55,27,2,24): conference-numerator-nonzero
EXCLUDED (55,27,1,25): conference-numerator-nonzero
EXCLUDED (55,27,0,26): conference-numerator-nonzero
EXCLUDED (55,28,27,0): nonintegral-multiplicity
EXCLUDED (55,28,14,14): conference-numerator-nonzero
EXCLUDED (55,28,1,28): nonintegral-multiplicity
EXCLUDED (55,29,28,0): nonintegral-multiplicity
EXCLUDED (55,29,3,29): nonintegral-multiplicity
EXCLUDED (55,30,29,0): nonintegral-multiplicity
EXCLUDED (55,30,25,5): conference-numerator-nonzero
EXCLUDED (55,30,21,10): conference-numerator-nonzero
EXCLUDED (55,30,17,15): nonintegral-multiplicity
EXCLUDED (55,30,13,20): conference-numerator-nonzero
EXCLUDED (55,30,9,25): conference-numerator-nonzero
EXCLUDED (55,30,5,30): nonintegral-multiplicity
EXCLUDED (55,31,30,0): nonintegral-multiplicity
EXCLUDED (55,31,7,31): nonintegral-multiplicity
EXCLUDED (55,32,31,0): nonintegral-multiplicity
EXCLUDED (55,32,20,16): conference-numerator-nonzero
EXCLUDED (55,32,9,32): nonintegral-multiplicity
EXCLUDED (55,33,32,0): nonintegral-multiplicity
EXCLUDED (55,33,25,11): conference-numerator-nonzero
EXCLUDED (55,33,18,22): conference-numerator-nonzero
EXCLUDED (55,33,11,33): nonintegral-multiplicity
EXCLUDED (55,34,33,0): nonintegral-multiplicity
EXCLUDED (55,34,23,17): conference-numerator-nonzero
EXCLUDED (55,34,13,34): nonintegral-multiplicity
EXCLUDED (55,35,34,0): nonintegral-multiplicity
EXCLUDED (55,35,15,35): nonintegral-multiplicity
EXCLUDED (55,36,35,0): nonintegral-multiplicity
EXCLUDED (55,36,34,2): conference-numerator-nonzero
EXCLUDED (55,36,33,4): conference-numerator-nonzero
EXCLUDED (55,36,32,6): conference-numerator-nonzero
EXCLUDED (55,36,31,8): conference-numerator-nonzero
EXCLUDED (55,36,30,10): conference-numerator-nonzero
EXCLUDED (55,36,29,12): conference-numerator-nonzero
EXCLUDED (55,36,28,14): conference-numerator-nonzero
EXCLUDED (55,36,27,16): conference-numerator-nonzero
EXCLUDED (55,36,26,18): conference-numerator-nonzero
EXCLUDED (55,36,25,20): conference-numerator-nonzero
EXCLUDED (55,36,24,22): conference-numerator-nonzero
EXCLUDED (55,36,23,24): nonintegral-multiplicity
EXCLUDED (55,36,22,26): conference-numerator-nonzero
EXCLUDED (55,36,20,30): conference-numerator-nonzero
EXCLUDED (55,36,19,32): conference-numerator-nonzero
EXCLUDED (55,36,18,34): conference-numerator-nonzero
EXCLUDED (55,36,17,36): nonintegral-multiplicity
EXCLUDED (55,37,36,0): nonintegral-multiplicity
EXCLUDED (55,37,19,37): nonintegral-multiplicity
EXCLUDED (55,38,37,0): nonintegral-multiplicity
EXCLUDED (55,38,29,19): conference-numerator-nonzero
EXCLUDED (55,38,21,38): nonintegral-multiplicity
EXCLUDED (55,39,38,0): nonintegral-multiplicity
EXCLUDED (55,39,33,13): conference-numerator-nonzero
EXCLUDED (55,39,28,26): conference-numerator-nonzero
EXCLUDED (55,39,23,39): nonintegral-multiplicity
EXCLUDED (55,40,39,0): nonintegral-multiplicity
EXCLUDED (55,40,32,20): conference-numerator-nonzero
EXCLUDED (55,40,25,40): nonintegral-multiplicity
EXCLUDED (55,41,40,0): nonintegral-multiplicity
EXCLUDED (55,41,27,41): nonintegral-multiplicity
EXCLUDED (55,42,41,0): nonintegral-multiplicity
EXCLUDED (55,42,39,7): conference-numerator-nonzero
EXCLUDED (55,42,37,14): conference-numerator-nonzero
EXCLUDED (55,42,35,21): conference-numerator-nonzero
EXCLUDED (55,42,33,28): nonintegral-multiplicity
EXCLUDED (55,42,31,35): conference-numerator-nonzero
EXCLUDED (55,42,29,42): nonintegral-multiplicity
EXCLUDED (55,43,42,0): nonintegral-multiplicity
EXCLUDED (55,43,31,43): nonintegral-multiplicity
EXCLUDED (55,44,43,0): nonintegral-multiplicity
EXCLUDED (55,44,38,22): conference-numerator-nonzero
EXCLUDED (55,44,33,44): eigenvalue-sign
EXCLUDED (55,45,44,0): nonintegral-multiplicity
EXCLUDED (55,45,43,5): conference-numerator-nonzero
EXCLUDED (55,45,42,10): conference-numerator-nonzero
EXCLUDED (55,45,41,15): conference-numerator-nonzero
EXCLUDED (55,45,40,20): conference-numerator-nonzero
EXCLUDED (55,45,39,25): conference-numerator-nonzero
EXCLUDED (55,45,38,30): conference-numerator-nonzero
EXCLUDED (55,45,37,35): conference-numerator-nonzero
EXCLUDED (55,45,36,40): nonintegral-multiplicity
EXCLUDED (55,45,35,45): nonintegral-multiplicity
EXCLUDED (55,46,45,0): nonintegral-multiplicity
EXCLUDED (55,46,41,23): conference-numerator-nonzero
EXCLUDED (55,46,37,46): nonintegral-multiplicity
EXCLUDED (55,47,46,0): nonintegral-multiplicity
EXCLUDED (55,47,39,47): nonintegral-multiplicity
EXCLUDED (55,48,47,0): nonintegral-multiplicity
EXCLUDED (55,48,46,8): conference-numerator-nonzero
EXCLUDED (55,48,45,16): conference-numerator-nonzero
EXCLUDED (55,48,44,24): conference-numerator-nonzero
EXCLUDED (55,48,43,32): conference-numerator-nonzero
OBSTRUCTED (55,48,42,40)
EXCLUDED (55,48,41,48): nonintegral-multiplicity
EXCLUDED (55,49,48,0): nonintegral-multiplicity
EXCLUDED (55,49,43,49): nonintegral-multiplicity
EXCLUDED (55,50,49,0): nonintegral-multiplicity
EXCLUDED (55,50,47,25): conference-numerator-nonzero
EXCLUDED (55,50,45,50): eigenvalue-sign
EXCLUDED (55,51,50,0): nonintegral-multiplicity
EXCLUDED (55,51,49,17): conference-numerator-nonzero
EXCLUDED (55,51,48,34): conference-numerator-nonzero
EXCLUDED (55,51,47,51): nonintegral-multiplicity
EXCLUDED (55,52,51,0): nonintegral-multiplicity
EXCLUDED (55,52,50,26): conference-numerator-nonzero
EXCLUDED (55,52,49,52): nonintegral-multiplicity
EXCLUDED (55,53,52,0): nonintegral-multiplicity
EXCLUDED (55,53,51,53): nonintegral-multiplicity
EXCLUDED (56,2,1,0): nonintegral-multiplicity
EXCLUDED (56,4,3,0): nonintegral-multiplicity
EXCLUDED (56,5,4,0): nonintegral-multiplicity
EXCLUDED (56,8,7,0): nonintegral-multiplicity
EXCLUDED (56,9,8,0): nonintegral-multiplicity
EXCLUDED (56,10,9,0): nonintegral-multiplicity
EXCLUDED (56,11,10,0): nonintegral-multiplicity
EXCLUDED (56,11,6,1): conference-numerator-nonzero
EXCLUDED (56,11,2,2): nonintegral-multiplicity
EXCLUDED (56,12,11,0): nonintegral-multiplicity
EXCLUDED (56,14,13,0): nonintegral-multiplicity
EXCLUDED (56,15,14,0): nonintegral-multiplicity
EXCLUDED (56,15,6,3): conference-numerator-nonzero
EXCLUDED (56,16,15,0): nonintegral-multiplicity
EXCLUDED (56,17,16,0): nonintegral-multiplicity
EXCLUDED (56,18,17,0): nonintegral-multiplicity
EXCLUDED (56,19,18,0): nonintegral-multiplicity
EXCLUDED (56,20,19,0): nonintegral-multiplicity
EXCLUDED (56,20,12,4): conference-numerator-nonzero
EXCLUDED (56,20,5,8): conference-numerator-nonzero
EXCLUDED (56,21,20,0): nonintegral-multiplicity
EXCLUDED (56,22,21,0): nonintegral-multiplicity
EXCLUDED (56,22,18,2): conference-numerator-nonzero
EXCLUDED (56,22,15,4): conference-numerator-nonzero
EXCLUDED (56,22,12,6): nonintegral-multiplicity
EXCLUDED (56,22,9,8): conference-numerator-nonzero
EXCLUDED (56,22,6,10): nonintegral-multiplicity
OBSTRUCTED (56,22,3,12)
EXCLUDED (56,22,0,14): conference-numerator-nonzero
EXCLUDED (56,23,22,0): nonintegral-multiplicity
EXCLUDED (56,24,23,0): nonintegral-multiplicity
EXCLUDED (56,25,24,0): nonintegral-multiplicity
EXCLUDED (56,25,18,5): conference-numerator-nonzero
EXCLUDED (56,25,12,10): nonintegral-multiplicity
EXCLUDED (56,25,6,15): nonintegral-multiplicity
EXCLUDED (56,25,0,20): conference-numerator-nonzero
EXCLUDED (56,26,25,0): nonintegral-multiplicity
EXCLUDED (56,28,27,0): nonintegral-multiplicity
EXCLUDED (56,28,0,28): eigenvalue-sign
EXCLUDED (56,29,28,0): nonintegral-multiplicity
EXCLUDED (56,29,2,29): nonintegral-multiplicity
EXCLUDED (56,30,29,0): nonintegral-multiplicity
EXCLUDED (56,30,24,6): conference-numerator-nonzero
EXCLUDED (56,30,19,12): nonintegral-multiplicity
EXCLUDED (56,30,14,18): nonintegral-multiplicity
EXCLUDED (56,30,9,24): conference-numerator-nonzero
EXCLUDED (56,30,4,30): nonintegral-multiplicity
EXCLUDED (56,31,30,0): nonintegral-multiplicity
EXCLUDED (56,31,6,31): nonintegral-multiplicity
EXCLUDED (56,32,31,0): nonintegral-multiplicity
EXCLUDED (56,32,8,32): nonintegral-multiplicity
EXCLUDED (56,33,32,0): nonintegral-multiplicity
EXCLUDED (56,33,30,3): conference-numerator-nonzero
EXCLUDED (56,33,28,6): conference-numerator-nonzero
EXCLUDED (56,33,26,9): conference-numerator-nonzero
EXCLUDED (56,33,24,12): conference-numerator-nonzero
OBSTRUCTED (56,33,22,15)
EXCLUDED (56,33,20,18): nonintegral-multiplicity
EXCLUDED (56,33,18,21): conference-numerator-nonzero
EXCLUDED (56,33,16,24): nonintegral-multiplicity
EXCLUDED (56,33,14,27): conference-numerator-nonzero
EXCLUDED (56,33,12,30): conference-numerator-nonzero
EXCLUDED (56,33,10,33): nonintegral-multiplicity
EXCLUDED (56,34,33,0): nonintegral-multiplicity
EXCLUDED (56,34,12,34): nonintegral-multiplicity
EXCLUDED (56,35,34,0): nonintegral-multiplicity
EXCLUDED (56,35,30,7): conference-numerator-nonzero
EXCLUDED (56,35,26,14): conference-numerator-nonzero
EXCLUDED (56,35,22,21): conference-numerator-nonzero
EXCLUDED (56,35,18,28): conference-numerator-nonzero
EXCLUDED (56,35,14,35): nonintegral-multiplicity
EXCLUDED (56,36,35,0): nonintegral-multiplicity
EXCLUDED (56,36,16,36): nonintegral-multiplicity
EXCLUDED (56,37,36,0): nonintegral-multiplicity
EXCLUDED (56,37,18,37): nonintegral-multiplicity
EXCLUDED (56,38,37,0): nonintegral-multiplicity
EXCLUDED (56,38,20,38): nonintegral-multiplicity
EXCLUDED (56,39,38,0): nonintegral-multiplicity
EXCLUDED (56,39,22,39): nonintegral-multiplicity
EXCLUDED (56,40,39,0): nonintegral-multiplicity
EXCLUDED (56,40,36,8): conference-numerator-nonzero
EXCLUDED (56,40,33,16): conference-numerator-nonzero
OBSTRUCTED (56,40,30,24)
EXCLUDED (56,40,27,32): conference-numerator-nonzero
EXCLUDED (56,40,24,40): nonintegral-multiplicity
EXCLUDED (56,41,40,0): nonintegral-multiplicity
EXCLUDED (56,41,26,41): nonintegral-multiplicity
EXCLUDED (56,42,41,0): nonintegral-multiplicity
EXCLUDED (56,42,28,42): eigenvalue-sign
EXCLUDED (56,43,42,0): nonintegral-multiplicity
EXCLUDED (56,43,30,43): nonintegral-multiplicity
EXCLUDED (56,44,43,0): nonintegral-multiplicity
EXCLUDED (56,44,42,4): conference-numerator-nonzero
EXCLUDED (56,44,41,8): conference-numerator-nonzero
EXCLUDED (56,44,40,12): conference-numerator-nonzero
EXCLUDED (56,44,39,16): conference-numerator-nonzero
EXCLUDED (56,44,38,20): conference-numerator-nonzero
EXCLUDED (56,44,37,24): conference-numerator-nonzero
EXCLUDED (56,44,36,28): conference-numerator-nonzero
EXCLUDED (56,44,35,32): conference-numerator-nonzero
EXCLUDED (56,44,34,36): nonintegral-multiplicity
EXCLUDED (56,44,33,40): conference-numerator-nonzero
EXCLUDED (56,44,32,44): nonintegral-multiplicity
EXCLUDED (56,45,44,0): nonintegral-multiplicity
EXCLUDED (56,45,42,9): conference-numerator-nonzero
EXCLUDED (56,45,40,18): conference-numerator-nonzero
EXCLUDED (56,45,38,27): conference-numerator-nonzero
EXCLUDED (56,45,34,45): nonintegral-multiplicity
EXCLUDED (56,46,45,0): nonintegral-multiplicity
EXCLUDED (56,46,36,46): nonintegral-multiplicity
EXCLUDED (56,47,46,0): nonintegral-multiplicity
EXCLUDED (56,47,38,47): nonintegral-multiplicity
EXCLUDED (56,48,47,0): nonintegral-multiplicity
EXCLUDED (56,48,40,48): eigenvalue-sign
EXCLUDED (56,49,48,0): nonintegral-multiplicity
EXCLUDED (56,49,42,49): eigenvalue-sign
EXCLUDED (56,50,49,0): nonintegral-multiplicity
EXCLUDED (56,50,48,10): conference-numerator-nonzero
EXCLUDED (56,50,47,20): conference-numerator-nonzero
EXCLUDED (56,50,46,30): conference-numerator-nonzero
EXCLUDED (56,50,45,40): conference-numerator-nonzero
EXCLUDED (56,50,44,50): nonintegral-multiplicity
EXCLUDED (56,51,50,0): nonintegral-multiplicity
EXCLUDED (56,51,46,51): nonintegral-multiplicity
EXCLUDED (56,52,51,0): nonintegral-multiplicity
EXCLUDED (56,52,48,52): eigenvalue-sign
EXCLUDED (56,53,52,0): nonintegral-multiplicity
EXCLUDED (56,53,50,53): nonintegral-multiplicity
EXCLUDED (56,54,53,0): nonintegral-multiplicity
EXCLUDED (56,54,52,54): eigenvalue-sign
EXCLUDED (57,3,2,0): nonintegral-multiplicity
EXCLUDED (57,4,3,0): nonintegral-multiplicity
EXCLUDED (57,5,4,0): nonintegral-multiplicity
EXCLUDED (57,6,5,0): nonintegral-multiplicity
EXCLUDED (57,7,6,0): nonintegral-multiplicity
EXCLUDED (57,8,7,0): nonintegral-multiplicity
EXCLUDED (57,8,1,1): conference-numerator-nonzero
EXCLUDED (57,9,8,0): nonintegral-multiplicity
EXCLUDED (57,10,9,0): nonintegral-multiplicity
EXCLUDED (57,11,10,0): nonintegral-multiplicity
EXCLUDED (57,12,11,0): nonintegral-multiplicity
EXCLUDED (57,12,0,3): conference-numerator-nonzero
EXCLUDED (57,13,12,0): nonintegral-multiplicity
EXCLUDED (57,14,13,0): nonintegral-multiplicity
EXCLUDED (57,14,10,1): conference-numerator-nonzero
EXCLUDED (57,14,7,2): conference-numerator-nonzero
EXCLUDED (57,14,4,3): conference-numerator-nonzero
EXCLUDED (57,15,14,0): nonintegral-multiplicity
EXCLUDED (57,16,15,0): nonintegral-multiplicity
EXCLUDED (57,16,10,2): conference-numerator-nonzero
EXCLUDED (57,16,5,4): nonintegral-multiplicity
EXCLUDED (57,16,0,6): conference-numerator-nonzero
EXCLUDED (57,17,16,0): nonintegral-multiplicity
EXCLUDED (57,19,18,0): nonintegral-multiplicity
EXCLUDED (57,20,19,0): nonintegral-multiplicity
EXCLUDED (57,20,10,5): conference-numerator-nonzero
EXCLUDED (57,20,1,10): nonintegral-multiplicity
EXCLUDED (57,21,20,0): nonintegral-multiplicity
EXCLUDED (57,21,15,3): conference-numerator-nonzero
EXCLUDED (57,21,10,6): conference-numerator-nonzero
EXCLUDED (57,21,5,9): nonintegral-multiplicity
EXCLUDED (57,21,0,12): conference-numerator-nonzero
EXCLUDED (57,22,21,0): nonintegral-multiplicity
EXCLUDED (57,22,4,11): conference-numerator-nonzero
EXCLUDED (57,23,22,0): nonintegral-multiplicity
EXCLUDED (57,24,23,0): nonintegral-multiplicity
EXCLUDED (57,24,19,3): conference-numerator-nonzero
EXCLUDED (57,24,15,6): conference-numerator-nonzero
EXCLUDED (57,24,7,12): conference-numerator-nonzero
EXCLUDED (57,24,3,15): conference-numerator-nonzero
EXCLUDED (57,25,24,0): nonintegral-multiplicity
EXCLUDED (57,26,25,0): nonintegral-multiplicity
EXCLUDED (57,26,10,13): conference-numerator-nonzero
EXCLUDED (57,27,26,0): nonintegral-multiplicity
EXCLUDED (57,28,27,0): nonintegral-multiplicity
EXCLUDED (57,28,26,1): conference-numerator-nonzero
EXCLUDED (57,28,25,2): conference-numerator-nonzero
EXCLUDED (57,28,24,3): conference-numerator-nonzero
EXCLUDED (57,28,23,4): conference-numerator-nonzero
EXCLUDED (57,28,22,5): conference-numerator-nonzero
EXCLUDED (57,28,21,6): conference-numerator-nonzero
EXCLUDED (57,28,20,7): conference-numerator-nonzero
EXCLUDED (57,28,19,8): conference-numerator-nonzero
EXCLUDED (57,28,18,9): conference-numerator-nonzero
EXCLUDED (57,28,17,10): nonintegral-multiplicity
EXCLUDED (57,28,16,11): conference-numerator-nonzero
EXCLUDED (57,28,15,12): conference-numerator-nonzero
EXCLUDED (57,28,14,13): conference-numerator-nonzero
EXCLUDED (57,28,12,15): conference-numerator-nonzero
EXCLUDED (57,28,11,16): conference-numerator-nonzero
EXCLUDED (57,28,10,17): conference-numerator-nonzero
EXCLUDED (57,28,9,18): nonintegral-multiplicity
EXCLUDED (57,28,8,19): conference-numerator-nonzero
EXCLUDED (57,28,7,20): conference-numerator-nonzero
EXCLUDED (57,28,6,21): conference-numerator-nonzero
EXCLUDED (57,28,5,22): conference-numerator-nonzero
EXCLUDED (57,28,4,23): conference-numerator-nonzero
EXCLUDED (57,28,3,24): conference-numerator-nonzero
EXCLUDED (57,28,2,25): conference-numerator-nonzero
EXCLUDED (57,28,1,26): conference-numerator-nonzero
EXCLUDED (57,28,0,27): conference-numerator-nonzero
EXCLUDED (57,29,28,0): nonintegral-multiplicity
EXCLUDED (57,29,1,29): nonintegral-multiplicity
EXCLUDED (57,30,29,0): nonintegral-multiplicity
EXCLUDED (57,30,16,15): conference-numerator-nonzero
EXCLUDED (57,30,3,30): nonintegral-multiplicity
EXCLUDED (57,31,30,0): nonintegral-multiplicity
EXCLUDED (57,31,5,31): nonintegral-multiplicity
EXCLUDED (57,32,31,0): nonintegral-multiplicity
EXCLUDED (57,32,28,4): conference-numerator-nonzero
EXCLUDED (57,32,25,8): conference-numerator-nonzero
EXCLUDED (57,32,22,12): conference-numerator-nonzero
EXCLUDED (57,32,19,16): conference-numerator-nonzero
EXCLUDED (57,32,13,24): conference-numerator-nonzero
EXCLUDED (57,32,10,28): conference-numerator-nonzero
EXCLUDED (57,32,7,32): nonintegral-multiplicity
EXCLUDED (57,33,32,0): nonintegral-multiplicity
EXCLUDED (57,33,9,33): nonintegral-multiplicity
EXCLUDED (57,34,33,0): nonintegral-multiplicity
EXCLUDED (57,34,22,17): conference-numerator-nonzero
EXCLUDED (57,34,11,34): nonintegral-multiplicity
EXCLUDED (57,35,34,0): nonintegral-multiplicity
EXCLUDED (57,35,31,5): conference-numerator-nonzero
EXCLUDED (57,35,28,10): conference-numerator-nonzero
EXCLUDED (57,35,25,15): conference-numerator-nonzero
EXCLUDED (57,35,22,20): nonintegral-multiplicity
EXCLUDED (57,35,19,25): conference-numerator-nonzero
EXCLUDED (57,35,16,30): conference-numerator-nonzero
EXCLUDED (57,35,13,35): nonintegral-multiplicity
EXCLUDED (57,36,35,0): nonintegral-multiplicity
EXCLUDED (57,36,30,9): conference-numerator-nonzero
EXCLUDED (57,36,25,18): nonintegral-multiplicity
EXCLUDED (57,36,20,27): conference-numerator-nonzero
EXCLUDED (57,36,15,36): nonintegral-multiplicity
EXCLUDED (57,37,36,0): nonintegral-multiplicity
EXCLUDED (57,37,17,37): nonintegral-multiplicity
EXCLUDED (57,38,37,0): nonintegral-multiplicity
EXCLUDED (57,38,28,19): conference-numerator-nonzero
EXCLUDED (57,38,19,38): eigenvalue-sign
EXCLUDED (57,39,38,0): nonintegral-multiplicity
EXCLUDED (57,39,21,39): nonintegral-multiplicity
EXCLUDED (57,40,39,0): nonintegral-multiplicity
EXCLUDED (57,40,37,5): conference-numerator-nonzero
EXCLUDED (57,40,35,10): conference-numerator-nonzero
EXCLUDED (57,40,33,15): conference-numerator-nonzero
EXCLUDED (57,40,31,20): conference-numerator-nonzero
EXCLUDED (57,40,29,25): conference-numerator-nonzero
EXCLUDED (57,40,27,30): nonintegral-multiplicity
EXCLUDED (57,40,25,35): conference-numerator-nonzero
EXCLUDED (57,40,23,40): nonintegral-multiplicity
EXCLUDED (57,41,40,0): nonintegral-multiplicity
EXCLUDED (57,41,25,41): nonintegral-multiplicity
EXCLUDED (57,42,41,0): nonintegral-multiplicity
EXCLUDED (57,42,40,3): conference-numerator-nonzero
EXCLUDED (57,42,39,6): conference-numerator-nonzero
EXCLUDED (57,42,38,9): conference-numerator-nonzero
EXCLUDED (57,42,37,12): conference-numerator-nonzero
EXCLUDED (57,42,36,15): conference-numerator-nonzero
EXCLUDED (57,42,35,18): conference-numerator-nonzero
EXCLUDED (57,42,34,21): conference-numerator-nonzero
EXCLUDED (57,42,33,24): conference-numerator-nonzero
EXCLUDED (57,42,32,27): conference-numerator-nonzero
EXCLUDED (57,42,30,33): conference-numerator-nonzero
EXCLUDED (57,42,29,36): conference-numerator-nonzero
EXCLUDED (57,42,28,39): conference-numerator-nonzero
EXCLUDED (57,42,27,42): nonintegral-multiplicity
EXCLUDED (57,43,42,0): nonintegral-multiplicity
EXCLUDED (57,43,29,43): nonintegral-multiplicity
EXCLUDED (57,44,43,0): nonintegral-multiplicity
EXCLUDED (57,44,40,11): conference-numerator-nonzero
EXCLUDED (57,44,37,22): conference-numerator-nonzero
EXCLUDED (57,44,34,33): conference-numerator-nonzero
EXCLUDED (57,44,31,44): nonintegral-multiplicity
EXCLUDED (57,45,44,0): nonintegral-multiplicity
EXCLUDED (57,45,33,45): nonintegral-multiplicity
EXCLUDED (57,46,45,0): nonintegral-multiplicity
EXCLUDED (57,46,40,23): conference-numerator-nonzero
EXCLUDED (57,46,35,46): nonintegral-multiplicity
EXCLUDED (57,47,46,0): nonintegral-multiplicity
EXCLUDED (57,47,37,47): nonintegral-multiplicity
EXCLUDED (57,48,47,0): nonintegral-multiplicity
EXCLUDED (57,48,46,6): conference-numerator-nonzero
EXCLUDED (57,48,45,12): conference-numerator-nonzero
EXCLUDED (57,48,44,18): conference-numerator-nonzero
EXCLUDED (57,48,43,24): conference-numerator-nonzero
EXCLUDED (57,48,42,30): conference-numerator-nonzero
EXCLUDED (57,48,41,36): conference-numerator-nonzero
EXCLUDED (57,48,40,42): conference-numerator-nonzero
EXCLUDED (57,48,39,48): nonintegral-multiplicity
EXCLUDED (57,49,48,0): nonintegral-multiplicity
EXCLUDED (57,49,47,7): conference-numerator-nonzero
EXCLUDED (57,49,46,14): conference-numerator-nonzero
EXCLUDED (57,49,45,21): conference-numerator-nonzero
EXCLUDED (57,49,44,28): conference-numerator-nonzero
EXCLUDED (57,49,43,35): conference-numerator-nonzero
EXCLUDED (57,49,42,42): conference-numerator-nonzero
EXCLUDED (57,49,41,49): nonintegral-multiplicity
EXCLUDED (57,50,49,0): nonintegral-multiplicity
EXCLUDED (57,50,46,25): conference-numerator-nonzero
EXCLUDED (57,50,43,50): nonintegral-multiplicity
EXCLUDED (57,51,50,0): nonintegral-multiplicity
EXCLUDED (57,51,45,51): nonintegral-multiplicity
EXCLUDED (57,52,51,0): nonintegral-multiplicity
EXCLUDED (57,52,50,13): conference-numerator-nonzero
EXCLUDED (57,52,49,26): conference-numerator-nonzero
EXCLUDED (57,52,48,39): conference-numerator-nonzero
EXCLUDED (57,52,47,52): nonintegral-multiplicity
EXCLUDED (57,53,52,0): nonintegral-multiplicity
EXCLUDED (57,53,49,53): nonintegral-multiplicity
EXCLUDED (57,54,53,0): nonintegral-multiplicity
EXCLUDED (57,54,52,27): conference-numerator-nonzero
EXCLUDED (57,54,51,54): eigenvalue-sign
EXCLUDED (57,55,54,0): nonintegral-multiplicity
EXCLUDED (57,55,53,55): nonintegral-multiplicity
EXCLUDED (58,2,1,0): nonintegral-multiplicity
EXCLUDED (58,3,2,0): nonintegral-multiplicity
EXCLUDED (58,4,3,0): nonintegral-multiplicity
EXCLUDED (58,5,4,0): nonintegral-multiplicity
EXCLUDED (58,6,5,0): nonintegral-multiplicity
EXCLUDED (58,7,6,0): nonintegral-multiplicity
EXCLUDED (58,8,7,0): nonintegral-multiplicity
EXCLUDED (58,9,8,0): nonintegral-multiplicity
EXCLUDED (58,10,9,0): nonintegral-multiplicity
EXCLUDED (58,11,10,0): nonintegral-multiplicity
EXCLUDED (58,12,11,0): nonintegral-multiplicity
EXCLUDED (58,13,12,0): nonintegral-multiplicity
EXCLUDED (58,14,13,0): nonintegral-multiplicity
EXCLUDED (58,15,14,0): nonintegral-multiplicity
EXCLUDED (58,15,0,5): conference-numerator-nonzero
EXCLUDED (58,16,15,0): nonintegral-multiplicity
EXCLUDED (58,17,16,0): nonintegral-multiplicity
EXCLUDED (58,18,17,0): nonintegral-multiplicity
EXCLUDED (58,18,4,6): conference-numerator-nonzero
EXCLUDED (58,19,18,0): nonintegral-multiplicity
EXCLUDED (58,19,16,1): conference-numerator-nonzero
EXCLUDED (58,19,14,2): conference-numerator-nonzero
EXCLUDED (58,19,12,3): conference-numerator-nonzero
EXCLUDED (58,19,10,4): conference-numerator-nonzero
EXCLUDED (58,19,8,5): conference-numerator-nonzero
EXCLUDED (58,19,6,6): conference-numerator-nonzero
EXCLUDED (58,19,4,7): conference-numerator-nonzero
EXCLUDED (58,19,2,8): conference-numerator-nonzero
EXCLUDED (58,19,0,9): nonintegral-multiplicity
EXCLUDED (58,20,19,0): nonintegral-multiplicity
EXCLUDED (58,21,20,0): nonintegral-multiplicity
EXCLUDED (58,21,8,7): conference-numerator-nonzero
EXCLUDED (58,22,21,0): nonintegral-multiplicity
EXCLUDED (58,23,22,0): nonintegral-multiplicity
EXCLUDED (58,24,23,0): nonintegral-multiplicity
EXCLUDED (58,24,12,8): conference-numerator-nonzero
EXCLUDED (58,24,1,16): conference-numerator-nonzero
EXCLUDED (58,25,24,0): nonintegral-multiplicity
EXCLUDED (58,26,25,0): nonintegral-multiplicity
EXCLUDED (58,27,26,0): nonintegral-multiplicity
EXCLUDED (58,27,16,9): nonintegral-multiplicity
EXCLUDED (58,27,6,18): conference-numerator-nonzero
EXCLUDED (58,29,28,0): nonintegral-multiplicity
EXCLUDED (58,29,0,29): eigenvalue-sign
EXCLUDED (58,30,29,0): nonintegral-multiplicity
EXCLUDED (58,30,20,10): conference-numerator-nonzero
EXCLUDED (58,30,11,20): nonintegral-multiplicity
EXCLUDED (58,30,2,30): nonintegral-multiplicity
EXCLUDED (58,31,30,0): nonintegral-multiplicity
EXCLUDED (58,31,4,31): nonintegral-multiplicity
EXCLUDED (58,32,31,0): nonintegral-multiplicity
EXCLUDED (58,32,6,32): nonintegral-multiplicity
EXCLUDED (58,33,32,0): nonintegral-multiplicity
EXCLUDED (58,33,24,11): conference-numerator-nonzero
EXCLUDED (58,33,16,22): conference-numerator-nonzero
EXCLUDED (58,33,8,33): nonintegral-multiplicity
EXCLUDED (58,34,33,0): nonintegral-multiplicity
EXCLUDED (58,34,10,34): nonintegral-multiplicity
EXCLUDED (58,35,34,0): nonintegral-multiplicity
EXCLUDED (58,35,12,35): nonintegral-multiplicity
EXCLUDED (58,36,35,0): nonintegral-multiplicity
EXCLUDED (58,36,28,12): conference-numerator-nonzero
EXCLUDED (58,36,21,24): conference-numerator-nonzero
EXCLUDED (58,36,14,36): nonintegral-multiplicity
EXCLUDED (58,37,36,0): nonintegral-multiplicity
EXCLUDED (58,37,16,37): nonintegral-multiplicity
EXCLUDED (58,38,37,0): nonintegral-multiplicity
EXCLUDED (58,38,36,2): conference-numerator-nonzero
EXCLUDED (58,38,35,4): conference-numerator-nonzero
EXCLUDED (58,38,34,6): conference-numerator-nonzero
EXCLUDED (58,38,33,8): conference-numerator-nonzero
EXCLUDED (58,38,32,10): conference-numerator-nonzero
EXCLUDED (58,38,31,12): conference-numerator-nonzero
EXCLUDED (58,38,30,14): conference-numerator-nonzero
EXCLUDED (58,38,29,16): conference-numerator-nonzero
EXCLUDED (58,38,28,18): conference-numerator-nonzero
EXCLUDED (58,38,27,20): nonintegral-multiplicity
EXCLUDED (58,38,26,22): conference-numerator-nonzero
EXCLUDED (58,38,25,24): conference-numerator-nonzero
EXCLUDED (58,38,24,26): conference-numerator-nonzero
EXCLUDED (58,38,23,28): conference-numerator-nonzero
EXCLUDED (58,38,22,30): conference-numerator-nonzero
EXCLUDED (58,38,21,32): conference-numerator-nonzero
EXCLUDED (58,38,20,34): conference-numerator-nonzero
EXCLUDED (58,38,19,36): conference-numerator-nonzero
EXCLUDED (58,38,18,38): nonintegral-multiplicity
EXCLUDED (58,39,38,0): nonintegral-multiplicity
EXCLUDED (58,39,32,13): conference-numerator-nonzero
EXCLUDED (58,39,26,26): conference-numerator-nonzero
EXCLUDED (58,39,20,39): nonintegral-multiplicity
EXCLUDED (58,40,39,0): nonintegral-multiplicity
EXCLUDED (58,40,22,40): nonintegral-multiplicity
EXCLUDED (58,41,40,0): nonintegral-multiplicity
EXCLUDED (58,41,24,41): nonintegral-multiplicity
EXCLUDED (58,42,41,0): nonintegral-multiplicity
EXCLUDED (58,42,36,14): conference-numerator-nonzero
EXCLUDED (58,42,31,28): conference-numerator-nonzero
EXCLUDED (58,42,26,42): nonintegral-multiplicity
EXCLUDED (58,43,42,0): nonintegral-multiplicity
EXCLUDED (58,43,28,43): nonintegral-multiplicity
EXCLUDED (58,44,43,0): nonintegral-multiplicity
EXCLUDED (58,44,30,44): nonintegral-multiplicity
EXCLUDED (58,45,44,0): nonintegral-multiplicity
EXCLUDED (58,45,40,15): conference-numerator-nonzero
EXCLUDED (58,45,36,30): conference-numerator-nonzero
EXCLUDED (58,45,32,45): nonintegral-multiplicity
EXCLUDED (58,46,45,0): nonintegral-multiplicity
EXCLUDED (58,46,34,46): nonintegral-multiplicity
EXCLUDED (58,47,46,0): nonintegral-multiplicity
EXCLUDED (58,47,36,47): nonintegral-multiplicity
EXCLUDED (58,48,47,0): nonintegral-multiplicity
EXCLUDED (58,48,44,16): conference-numerator-nonzero
EXCLUDED (58,48,41,32): conference-numerator-nonzero
EXCLUDED (58,48,38,48): nonintegral-multiplicity
EXCLUDED (58,49,48,0): nonintegral-multiplicity
EXCLUDED (58,49,40,49): nonintegral-multiplicity
EXCLUDED (58,50,49,0): nonintegral-multiplicity
EXCLUDED (58,50,42,50): nonintegral-multiplicity
EXCLUDED (58,51,50,0): nonintegral-multiplicity
EXCLUDED (58,51,48,17): conference-numerator-nonzero
EXCLUDED (58,51,46,34): conference-numerator-nonzero
EXCLUDED (58,51,44,51): nonintegral-multiplicity
EXCLUDED (58,52,51,0): nonintegral-multiplicity
EXCLUDED (58,52,46,52): nonintegral-multiplicity
EXCLUDED (58,53,52,0): nonintegral-multiplicity
EXCLUDED (58,53,48,53): nonintegral-multiplicity
EXCLUDED (58,54,53,0): nonintegral-multiplicity
EXCLUDED (58,54,52,18): conference-numerator-nonzero
EXCLUDED (58,54,51,36): conference-numerator-nonzero
EXCLUDED (58,54,50,54): nonintegral-multiplicity
EXCLUDED (58,55,54,0): nonintegral-multiplicity
EXCLUDED (58,55,52,55): nonintegral-multiplicity
EXCLUDED (58,56,55,0): nonintegral-multiplicity
EXCLUDED (58,56,54,56): eigenvalue-sign
EXCLUDED (59,2,1,0): nonintegral-multiplicity
EXCLUDED (59,3,2,0): nonintegral-multiplicity
EXCLUDED (59,4,3,0): nonintegral-multiplicity
EXCLUDED (59,5,4,0): nonintegral-multiplicity
EXCLUDED (59,6,5,0): nonintegral-multiplicity
EXCLUDED (59,7,6,0): nonintegral-multiplicity
EXCLUDED (59,8,7,0): nonintegral-multiplicity
EXCLUDED (59,9,8,0): nonintegral-multiplicity
EXCLUDED (59,10,9,0): nonintegral-multiplicity
EXCLUDED (59,11,10,0): nonintegral-multiplicity
EXCLUDED (59,12,11,0): nonintegral-multiplicity
EXCLUDED (59,13,12,0): nonintegral-multiplicity
EXCLUDED (59,14,13,0): nonintegral-multiplicity
EXCLUDED (59,15,14,0): nonintegral-multiplicity
EXCLUDED (59,16,15,0): nonintegral-multiplicity
EXCLUDED (59,17,16,0): nonintegral-multiplicity
EXCLUDED (59,18,17,0): nonintegral-multiplicity
EXCLUDED (59,19,18,0): nonintegral-multiplicity
EXCLUDED (59,20,19,0): nonintegral-multiplicity
EXCLUDED (59,20,0,10): conference-numerator-nonzero
EXCLUDED (59,21,20,0): nonintegral-multiplicity
EXCLUDED (59,22,21,0): nonintegral-multiplicity
EXCLUDED (59,22,3,11): conference-numerator-nonzero
EXCLUDED (59,23,22,0): nonintegral-multiplicity
EXCLUDED (59,24,23,0): nonintegral-multiplicity
EXCLUDED (59,24,6,12): conference-numerator-nonzero
EXCLUDED (59,25,24,0): nonintegral-multiplicity
EXCLUDED (59,26,25,0): nonintegral-multiplicity
EXCLUDED (59,26,9,13): conference-numerator-nonzero
EXCLUDED (59,27,26,0): nonintegral-multiplicity
EXCLUDED (59,28,27,0): nonintegral-multiplicity
EXCLUDED (59,28,12,14): conference-numerator-nonzero
EXCLUDED (59,29,28,0): nonintegral-multiplicity
EXCLUDED (59,29,27,1): conference-numerator-nonzero
EXCLUDED (59,29,26,2): conference-numerator-nonzero
EXCLUDED (59,29,25,3): conference-numerator-nonzero
EXCLUDED (59,29,24,4): conference-numerator-nonzero
EXCLUDED (59,29,23,5): conference-numerator-nonzero
EXCLUDED (59,29,22,6): conference-numerator-nonzero
EXCLUDED (59,29,21,7): conference-numerator-nonzero
EXCLUDED (59,29,20,8): conference-numerator-nonzero
EXCLUDED (59,29,19,9): conference-numerator-nonzero
EXCLUDED (59,29,18,10): conference-numerator-nonzero
EXCLUDED (59,29,17,11): conference-numerator-nonzero
EXCLUDED (59,29,16,12): conference-numerator-nonzero
EXCLUDED (59,29,15,13): conference-numerator-nonzero
EXCLUDED (59,29,14,14): conference-numerator-nonzero
EXCLUDED (59,29,13,15): conference-numerator-nonzero
EXCLUDED (59,29,12,16): conference-numerator-nonzero
EXCLUDED (59,29,11,17): conference-numerator-nonzero
EXCLUDED (59,29,10,18): conference-numerator-nonzero
EXCLUDED (59,29,9,19): conference-numerator-nonzero
EXCLUDED (59,29,8,20): conference-numerator-nonzero
EXCLUDED (59,29,7,21): conference-numerator-nonzero
EXCLUDED (59,29,6,22): conference-numerator-nonzero
EXCLUDED (59,29,5,23): conference-numerator-nonzero
EXCLUDED (59,29,4,24): conference-numerator-nonzero
EXCLUDED (59,29,3,25): conference-numerator-nonzero
EXCLUDED (59,29,2,26): conference-numerator-nonzero
EXCLUDED (59,29,1,27): conference-numerator-nonzero
EXCLUDED (59,29,0,28): conference-numerator-nonzero
EXCLUDED (59,30,29,0): nonintegral-multiplicity
EXCLUDED (59,30,15,15): conference-numerator-nonzero
EXCLUDED (59,30,1,30): nonintegral-multiplicity
EXCLUDED (59,31,30,0): nonintegral-multiplicity
EXCLUDED (59,31,3,31): nonintegral-multiplicity
EXCLUDED (59,32,31,0): nonintegral-multiplicity
EXCLUDED (59,32,18,16): conference-numerator-nonzero
EXCLUDED (59,32,5,32): nonintegral-multiplicity
EXCLUDED (59,33,32,0): nonintegral-multiplicity
EXCLUDED (59,33,7,33): nonintegral-multiplicity
EXCLUDED (59,34,33,0): nonintegral-multiplicity
EXCLUDED (59,34,21,17): conference-numerator-nonzero
EXCLUDED (59,34,9,34): nonintegral-multiplicity
EXCLUDED (59,35,34,0): nonintegral-multiplicity
EXCLUDED (59,35,11,35): nonintegral-multiplicity
EXCLUDED (59,36,35,0): nonintegral-multiplicity
EXCLUDED (59,36,24,18): conference-numerator-nonzero
EXCLUDED (59,36,13,36): nonintegral-multiplicity
EXCLUDED (59,37,36,0): nonintegral-multiplicity
EXCLUDED (59,37,15,37): nonintegral-multiplicity
EXCLUDED (59,38,37,0): nonintegral-multiplicity
EXCLUDED (59,38,27,19): conference-numerator-nonzero
EXCLUDED (59,38,17,38): nonintegral-multiplicity
EXCLUDED (59,39,38,0): nonintegral-multiplicity
EXCLUDED (59,39,19,39): nonintegral-multiplicity
EXCLUDED (59,40,39,0): nonintegral-multiplicity
EXCLUDED (59,40,30,20): conference-numerator-nonzero
EXCLUDED (59,40,21,40): nonintegral-multiplicity
EXCLUDED (59,41,40,0): nonintegral-multiplicity
EXCLUDED (59,41,23,41): nonintegral-multiplicity
EXCLUDED (59,42,41,0): nonintegral-multiplicity
EXCLUDED (59,42,33,21): conference-numerator-nonzero
EXCLUDED (59,42,25,42): nonintegral-multiplicity
EXCLUDED (59,43,42,0): nonintegral-multiplicity
EXCLUDED (59,43,27,43): nonintegral-multiplicity
EXCLUDED (59,44,43,0): nonintegral-multiplicity
EXCLUDED (59,44,36,22): conference-numerator-nonzero
EXCLUDED (59,44,29,44): nonintegral-multiplicity
EXCLUDED (59,45,44,0): nonintegral-multiplicity
EXCLUDED (59,45,31,45): nonintegral-multiplicity
EXCLUDED (59,46,45,0): nonintegral-multiplicity
EXCLUDED (59,46,39,23): conference-numerator-nonzero
EXCLUDED (59,46,33,46): nonintegral-multiplicity
EXCLUDED (59,47,46,0): nonintegral-multiplicity
EXCLUDED (59,47,35,47): nonintegral-multiplicity
EXCLUDED (59,48,47,0): nonintegral-multiplicity
EXCLUDED (59,48,42,24): conference-numerator-nonzero
EXCLUDED (59,48,37,48): nonintegral-multiplicity
EXCLUDED (59,49,48,0): nonintegral-multiplicity
EXCLUDED (59,49,39,49): nonintegral-multiplicity
EXCLUDED (59,50,49,0): nonintegral-multiplicity
EXCLUDED (59,50,45,25): conference-numerator-nonzero
EXCLUDED (59,50,41,50): nonintegral-multiplicity
EXCLUDED (59,51,50,0): nonintegral-multiplicity
EXCLUDED (59,51,43,51): nonintegral-multiplicity
EXCLUDED (59,52,51,0): nonintegral-multiplicity
EXCLUDED (59,52,48,26): conference-numerator-nonzero
EXCLUDED (59,52,45,52): nonintegral-multiplicity
EXCLUDED (59,53,52,0): nonintegral-multiplicity
EXCLUDED (59,53,47,53): nonintegral-multiplicity
EXCLUDED (59,54,53,0): nonintegral-multiplicity
EXCLUDED (59,54,51,27): conference-numerator-nonzero
EXCLUDED (59,54,49,54): nonintegral-multiplicity
EXCLUDED (59,55,54,0): nonintegral-multiplicity
EXCLUDED (59,55,51,55): nonintegral-multiplicity
EXCLUDED (59,56,55,0): nonintegral-multiplicity
EXCLUDED (59,56,54,28): conference-numerator-nonzero
EXCLUDED (59,56,53,56): nonintegral-multiplicity
EXCLUDED (59,57,56,0): nonintegral-multiplicity
EXCLUDED (59,57,55,57): nonintegral-multiplicity
EXCLUDED (60,6,5,0): nonintegral-multiplicity
EXCLUDED (60,7,6,0): nonintegral-multiplicity
EXCLUDED (60,8,7,0): nonintegral-multiplicity
EXCLUDED (60,10,9,0): nonintegral-multiplicity
EXCLUDED (60,12,11,0): nonintegral-multiplicity
EXCLUDED (60,13,12,0): nonintegral-multiplicity
EXCLUDED (60,15,14,0): nonintegral-multiplicity
EXCLUDED (60,16,15,0): nonintegral-multiplicity
EXCLUDED (60,17,16,0): nonintegral-multiplicity
EXCLUDED (60,18,17,0): nonintegral-multiplicity
EXCLUDED (60,20,19,0): nonintegral-multiplicity
EXCLUDED (60,21,20,0): nonintegral-multiplicity
EXCLUDED (60,22,21,0): nonintegral-multiplicity
EXCLUDED (60,23,22,0): nonintegral-multiplicity
EXCLUDED (60,24,23,0): nonintegral-multiplicity
EXCLUDED (60,25,24,0): nonintegral-multiplicity
EXCLUDED (60,26,25,0): nonintegral-multiplicity
EXCLUDED (60,27,26,0): nonintegral-multiplicity
EXCLUDED (60,28,27,0): nonintegral-multiplicity
EXCLUDED (60,30,29,0): nonintegral-multiplicity
EXCLUDED (60,30,0,30): eigenvalue-sign
EXCLUDED (60,31,30,0): nonintegral-multiplicity
EXCLUDED (60,31,2,31): nonintegral-multiplicity
EXCLUDED (60,32,31,0): nonintegral-multiplicity
EXCLUDED (60,32,4,32): nonintegral-multiplicity
EXCLUDED (60,33,32,0): nonintegral-multiplicity
EXCLUDED (60,33,6,33): nonintegral-multiplicity
EXCLUDED (60,34,33,0): nonintegral-multiplicity
EXCLUDED (60,34,8,34): nonintegral-multiplicity
EXCLUDED (60,35,34,0): nonintegral-multiplicity
EXCLUDED (60,35,10,35): nonintegral-multiplicity
EXCLUDED (60,36,35,0): nonintegral-multiplicity
EXCLUDED (60,36,12,36): nonintegral-multiplicity
EXCLUDED (60,37,36,0): nonintegral-multiplicity
EXCLUDED (60,37,14,37): nonintegral-multiplicity
EXCLUDED (60,38,37,0): nonintegral-multiplicity
EXCLUDED (60,38,16,38): nonintegral-multiplicity
EXCLUDED (60,39,38,0): nonintegral-multiplicity
EXCLUDED (60,39,18,39): nonintegral-multiplicity
EXCLUDED (60,40,39,0): nonintegral-multiplicity
EXCLUDED (60,40,20,40): eigenvalue-sign
EXCLUDED (60,41,40,0): nonintegral-multiplicity
EXCLUDED (60,41,22,41): nonintegral-multiplicity
EXCLUDED (60,42,41,0): nonintegral-multiplicity
EXCLUDED (60,42,24,42): nonintegral-multiplicity
EXCLUDED (60,43,42,0): nonintegral-multiplicity
EXCLUDED (60,43,26,43): nonintegral-multiplicity
EXCLUDED (60,44,43,0): nonintegral-multiplicity
EXCLUDED (60,44,28,44): nonintegral-multiplicity
EXCLUDED (60,45,44,0): nonintegral-multiplicity
EXCLUDED (60,45,30,45): eigenvalue-sign
EXCLUDED (60,46,45,0): nonintegral-multiplicity
EXCLUDED (60,46,32,46): nonintegral-multiplicity
EXCLUDED (60,47,46,0): nonintegral-multiplicity
EXCLUDED (60,47,34,47): nonintegral-multiplicity
EXCLUDED (60,48,47,0): nonintegral-multiplicity
EXCLUDED (60,48,36,48): eigenvalue-sign
EXCLUDED (60,49,48,0): nonintegral-multiplicity
EXCLUDED (60,49,38,49): nonintegral-multiplicity
EXCLUDED (60,50,49,0): nonintegral-multiplicity
EXCLUDED (60,50,40,50): eigenvalue-sign
EXCLUDED (60,51,50,0): nonintegral-multiplicity
EXCLUDED (60,51,42,51): nonintegral-multiplicity
EXCLUDED (60,52,51,0): nonintegral-multiplicity
EXCLUDED (60,52,44,52): nonintegral-multiplicity
EXCLUDED (60,53,52,0): nonintegral-multiplicity
EXCLUDED (60,53,46,53): nonintegral-multiplicity
EXCLUDED (60,54,53,0): nonintegral-multiplicity
EXCLUDED (60,54,48,54): eigenvalue-sign
EXCLUDED (60,55,54,0): nonintegral-multiplicity
EXCLUDED (60,55,50,55): eigenvalue-sign
EXCLUDED (60,56,55,0): nonintegral-multiplicity
EXCLUDED (60,56,52,56): eigenvalue-sign
EXCLUDED (60,57,56,0): nonintegral-multiplicity
EXCLUDED (60,57,54,57): eigenvalue-sign
EXCLUDED (60,58,57,0): nonintegral-multiplicity
EXCLUDED (60,58,56,58): eigenvalue-sign
EXCLUDED (61,2,1,0): nonintegral-multiplicity
EXCLUDED (61,3,2,0): nonintegral-multiplicity
EXCLUDED (61,4,3,0): nonintegral-multiplicity
EXCLUDED (61,5,4,0): nonintegral-multiplicity
EXCLUDED (61,6,5,0): nonintegral-multiplicity
EXCLUDED (61,7,6,0): nonintegral-multiplicity
EXCLUDED (61,8,7,0): nonintegral-multiplicity
EXCLUDED (61,9,8,0): nonintegral-multiplicity
EXCLUDED (61,10,9,0): nonintegral-multiplicity
EXCLUDED (61,10,4,1): conference-numerator-nonzero
EXCLUDED (61,11,10,0): nonintegral-multiplicity
EXCLUDED (61,12,11,0): nonintegral-multiplicity
EXCLUDED (61,12,7,1): conference-numerator-nonzero
EXCLUDED (61,12,3,2): conference-numerator-nonzero
EXCLUDED (61,13,12,0): nonintegral-multiplicity
EXCLUDED (61,14,13,0): nonintegral-multiplicity
EXCLUDED (61,15,14,0): nonintegral-multiplicity
EXCLUDED (61,15,11,1): conference-numerator-nonzero
EXCLUDED (61,15,8,2): conference-numerator-nonzero
EXCLUDED (61,15,5,3): conference-numerator-nonzero
EXCLUDED (61,15,2,4): conference-numerator-nonzero
EXCLUDED (61,16,15,0): nonintegral-multiplicity
EXCLUDED (61,16,4,4): conference-numerator-nonzero
EXCLUDED (61,17,16,0): nonintegral-multiplicity
EXCLUDED (61,18,17,0): nonintegral-multiplicity
EXCLUDED (61,18,10,3): conference-numerator-nonzero
EXCLUDED (61,18,3,6): conference-numerator-nonzero
EXCLUDED (61,19,18,0): nonintegral-multiplicity
EXCLUDED (61,20,19,0): nonintegral-multiplicity
EXCLUDED (61,20,17,1): conference-numerator-nonzero
EXCLUDED (61,20,15,2): conference-numerator-nonzero
EXCLUDED (61,20,13,3): conference-numerator-nonzero
EXCLUDED (61,20,11,4): conference-numerator-nonzero
EXCLUDED (61,20,9,5): conference-numerator-nonzero
EXCLUDED (61,20,7,6): conference-numerator-nonzero
EXCLUDED (61,20,5,7): conference-numerator-nonzero
EXCLUDED (61,20,3,8): conference-numerator-nonzero
EXCLUDED (61,20,1,9): conference-numerator-nonzero
EXCLUDED (61,21,20,0): nonintegral-multiplicity
EXCLUDED (61,21,7,7): conference-numerator-nonzero
EXCLUDED (61,22,21,0): nonintegral-multiplicity
EXCLUDED (61,22,2,11): conference-numerator-nonzero
EXCLUDED (61,23,22,0): nonintegral-multiplicity
EXCLUDED (61,24,23,0): nonintegral-multiplicity
EXCLUDED (61,24,20,2): conference-numerator-nonzero
EXCLUDED (61,24,17,4): conference-numerator-nonzero
EXCLUDED (61,24,14,6): conference-numerator-nonzero
EXCLUDED (61,24,11,8): conference-numerator-nonzero
EXCLUDED (61,24,8,10): conference-numerator-nonzero
EXCLUDED (61,24,5,12): conference-numerator-nonzero
EXCLUDED (61,24,2,14): conference-numerator-nonzero
EXCLUDED (61,25,24,0): nonintegral-multiplicity
EXCLUDED (61,25,17,5): conference-numerator-nonzero
EXCLUDED (61,25,10,10): conference-numerator-nonzero
EXCLUDED (61,25,3,15): conference-numerator-nonzero
EXCLUDED (61,26,25,0): nonintegral-multiplicity
EXCLUDED (61,26,8,13): conference-numerator-nonzero
EXCLUDED (61,27,26,0): nonintegral-multiplicity
EXCLUDED (61,27,15,9): conference-numerator-nonzero
EXCLUDED (61,27,4,18): conference-numerator-nonzero
EXCLUDED (61,28,27,0): nonintegral-multiplicity
EXCLUDED (61,28,19,7): conference-numerator-nonzero
EXCLUDED (61,28,11,14): conference-numerator-nonzero
EXCLUDED (61,28,3,21): conference-numerator-nonzero
EXCLUDED (61,29,28,0): nonintegral-multiplicity
EXCLUDED (61,30,29,0): nonintegral-multiplicity
EXCLUDED (61,30,28,1): conference-numerator-nonzero
EXCLUDED (61,30,27,2): conference-numerator-nonzero
EXCLUDED (61,30,26,3): conference-numerator-nonzero
EXCLUDED (61,30,25,4): conference-numerator-nonzero
EXCLUDED (61,30,24,5): conference-numerator-nonzero
EXCLUDED (61,30,23,6): conference-numerator-nonzero
EXCLUDED (61,30,22,7): conference-numerator-nonzero
EXCLUDED (61,30,21,8): conference-numerator-nonzero
EXCLUDED (61,30,20,9): conference-numerator-nonzero
EXCLUDED (61,30,19,10): conference-numerator-nonzero
EXCLUDED (61,30,18,11): conference-numerator-nonzero
EXCLUDED (61,30,17,12): conference-numerator-nonzero
EXCLUDED (61,30,16,13): conference-numerator-nonzero
EXCLUDED (61,30,15,14): conference-numerator-nonzero
EXCLUDED (61,30,13,16): conference-numerator-nonzero
EXCLUDED (61,30,12,17): conference-numerator-nonzero
EXCLUDED (61,30,11,18): conference-numerator-nonzero
EXCLUDED (61,30,10,19): conference-numerator-nonzero
EXCLUDED (61,30,9,20): conference-numerator-nonzero
EXCLUDED (61,30,8,21): conference-numerator-nonzero
EXCLUDED (61,30,7,22): conference-numerator-nonzero
EXCLUDED (61,30,6,23): conference-numerator-nonzero
EXCLUDED (61,30,5,24): conference-numerator-nonzero
EXCLUDED (61,30,4,25): conference-numerator-nonzero
EXCLUDED (61,30,3,26): conference-numerator-nonzero
EXCLUDED (61,30,2,27): conference-numerator-nonzero
EXCLUDED (61,30,1,28): conference-numerator-nonzero
EXCLUDED (61,30,0,29): conference-numerator-nonzero
EXCLUDED (61,31,30,0): nonintegral-multiplicity
EXCLUDED (61,31,1,31): nonintegral-multiplicity
EXCLUDED (61,32,31,0): nonintegral-multiplicity
EXCLUDED (61,32,24,8): conference-numerator-nonzero
EXCLUDED (61,32,17,16): conference-numerator-nonzero
EXCLUDED (61,32,10,24): conference-numerator-nonzero
EXCLUDED (61,32,3,32): nonintegral-multiplicity
EXCLUDED (61,33,32,0): nonintegral-multiplicity
EXCLUDED (61,33,23,11): conference-numerator-nonzero
EXCLUDED (61,33,14,22): conference-numerator-nonzero
EXCLUDED (61,33,5,33): nonintegral-multiplicity
EXCLUDED (61,34,33,0): nonintegral-multiplicity
EXCLUDED (61,34,20,17): conference-numerator-nonzero
EXCLUDED (61,34,7,34): nonintegral-multiplicity
EXCLUDED (61,35,34,0): nonintegral-multiplicity
EXCLUDED (61,35,29,7): conference-numerator-nonzero
EXCLUDED (61,35,24,14): conference-numerator-nonzero
EXCLUDED (61,35,19,21): conference-numerator-nonzero
EXCLUDED (61,35,14,28): conference-numerator-nonzero
EXCLUDED (61,35,9,35): nonintegral-multiplicity
EXCLUDED (61,36,35,0): nonintegral-multiplicity
EXCLUDED (61,36,33,3): conference-numerator-nonzero
EXCLUDED (61,36,31,6): conference-numerator-nonzero
EXCLUDED (61,36,29,9): conference-numerator-nonzero
EXCLUDED (61,36,27,12): conference-numerator-nonzero
EXCLUDED (61,36,25,15): conference-numerator-nonzero
EXCLUDED (61,36,23,18): conference-numerator-nonzero
EXCLUDED (61,36,21,21): conference-numerator-nonzero
EXCLUDED (61,36,19,24): conference-numerator-nonzero
EXCLUDED (61,36,17,27): conference-numerator-nonzero
EXCLUDED (61,36,15,30): conference-numerator-nonzero
EXCLUDED (61,36,13,33): conference-numerator-nonzero
EXCLUDED (61,36,11,36): nonintegral-multiplicity
EXCLUDED (61,37,36,0): nonintegral-multiplicity
EXCLUDED (61,37,13,37): nonintegral-multiplicity
EXCLUDED (61,38,37,0): nonintegral-multiplicity
EXCLUDED (61,38,26,19): conference-numerator-nonzero
EXCLUDED (61,38,15,38): nonintegral-multiplicity
EXCLUDED (61,39,38,0): nonintegral-multiplicity
EXCLUDED (61,39,31,13): conference-numerator-nonzero
EXCLUDED (61,39,24,26): conference-numerator-nonzero
EXCLUDED (61,39,17,39): nonintegral-multiplicity
EXCLUDED (61,40,39,0): nonintegral-multiplicity
EXCLUDED (61,40,38,2): conference-numerator-nonzero
EXCLUDED (61,40,37,4): conference-numerator-nonzero
EXCLUDED (61,40,36,6): conference-numerator-nonzero
EXCLUDED (61,40,35,8): conference-numerator-nonzero
EXCLUDED (61,40,34,10): conference-numerator-nonzero
EXCLUDED (61,40,33,12): conference-numerator-nonzero
EXCLUDED (61,40,32,14): conference-numerator-nonzero
EXCLUDED (61,40,31,16): conference-numerator-nonzero
EXCLUDED (61,40,30,18): conference-numerator-nonzero
EXCLUDED (61,40,29,20): conference-numerator-nonzero
EXCLUDED (61,40,28,22): conference-numerator-nonzero
EXCLUDED (61,40,27,24): conference-numerator-nonzero
EXCLUDED (61,40,26,26): conference-numerator-nonzero
EXCLUDED (61,40,25,28): conference-numerator-nonzero
EXCLUDED (61,40,24,30): conference-numerator-nonzero
EXCLUDED (61,40,23,32): conference-numerator-nonzero
EXCLUDED (61,40,22,34): conference-numerator-nonzero
EXCLUDED (61,40,21,36): conference-numerator-nonzero
EXCLUDED (61,40,20,38): conference-numerator-nonzero
EXCLUDED (61,40,19,40): nonintegral-multiplicity
EXCLUDED (61,41,40,0): nonintegral-multiplicity
EXCLUDED (61,41,21,41): nonintegral-multiplicity
EXCLUDED (61,42,41,0): nonintegral-multiplicity
EXCLUDED (61,42,38,7): conference-numerator-nonzero
EXCLUDED (61,42,35,14): conference-numerator-nonzero
EXCLUDED (61,42,32,21): conference-numerator-nonzero
EXCLUDED (61,42,29,28): conference-numerator-nonzero
EXCLUDED (61,42,26,35): conference-numerator-nonzero
EXCLUDED (61,42,23,42): nonintegral-multiplicity
EXCLUDED (61,43,42,0): nonintegral-multiplicity
EXCLUDED (61,43,25,43): nonintegral-multiplicity
EXCLUDED (61,44,43,0): nonintegral-multiplicity
EXCLUDED (61,44,39,11): conference-numerator-nonzero
EXCLUDED (61,44,35,22): conference-numerator-nonzero
EXCLUDED (61,44,31,33): conference-numerator-nonzero
EXCLUDED (61,44,27,44): nonintegral-multiplicity
EXCLUDED (61,45,44,0): nonintegral-multiplicity
EXCLUDED (61,45,43,3): conference-numerator-nonzero
EXCLUDED (61,45,42,6): conference-numerator-nonzero
EXCLUDED (61,45,41,9): conference-numerator-nonzero
EXCLUDED (61,45,40,12): conference-numerator-nonzero
EXCLUDED (61,45,39,15): conference-numerator-nonzero
EXCLUDED (61,45,38,18): conference-numerator-nonzero
EXCLUDED (61,45,37,21): conference-numerator-nonzero
EXCLUDED (61,45,36,24): conference-numerator-nonzero
EXCLUDED (61,45,35,27): conference-numerator-nonzero
EXCLUDED (61,45,34,30): conference-numerator-nonzero
EXCLUDED (61,45,33,33): conference-numerator-nonzero
EXCLUDED (61,45,32,36): conference-numerator-nonzero
EXCLUDED (61,45,31,39): conference-numerator-nonzero
EXCLUDED (61,45,30,42): conference-numerator-nonzero
EXCLUDED (61,45,29,45): nonintegral-multiplicity
EXCLUDED (61,46,45,0): nonintegral-multiplicity
EXCLUDED (61,46,38,23): conference-numerator-nonzero
EXCLUDED (61,46,31,46): nonintegral-multiplicity
EXCLUDED (61,47,46,0): nonintegral-multiplicity
EXCLUDED (61,47,33,47): nonintegral-multiplicity
EXCLUDED (61,48,47,0): nonintegral-multiplicity
EXCLUDED (61,48,46,4): conference-numerator-nonzero
EXCLUDED (61,48,45,8): conference-numerator-nonzero
EXCLUDED (61,48,44,12): conference-numerator-nonzero
EXCLUDED (61,48,43,16): conference-numerator-nonzero
EXCLUDED (61,48,42,20): conference-numerator-nonzero
EXCLUDED (61,48,41,24): conference-numerator-nonzero
EXCLUDED (61,48,40,28): conference-numerator-nonzero
EXCLUDED (61,48,39,32): conference-numerator-nonzero
EXCLUDED (61,48,38,36): conference-numerator-nonzero
EXCLUDED (61,48,37,40): conference-numerator-nonzero
EXCLUDED (61,48,36,44): conference-numerator-nonzero
EXCLUDED (61,48,35,48): nonintegral-multiplicity
EXCLUDED (61,49,48,0): nonintegral-multiplicity
EXCLUDED (61,49,37,49): nonintegral-multiplicity
EXCLUDED (61,50,49,0): nonintegral-multiplicity
EXCLUDED (61,50,48,5): conference-numerator-nonzero
EXCLUDED (61,50,47,10): conference-numerator-nonzero
EXCLUDED (61,50,46,15): conference-numerator-nonzero
EXCLUDED (61,50,45,20): conference-numerator-nonzero
EXCLUDED (61,50,44,25): conference-numerator-nonzero
EXCLUDED (61,50,43,30): conference-numerator-nonzero
EXCLUDED (61,50,42,35): conference-numerator-nonzero
EXCLUDED (61,50,41,40): conference-numerator-nonzero
EXCLUDED (61,50,40,45): conference-numerator-nonzero
EXCLUDED (61,50,39,50): nonintegral-multiplicity
EXCLUDED (61,51,50,0): nonintegral-multiplicity
EXCLUDED (61,51,47,17): conference-numerator-nonzero
EXCLUDED (61,51,44,34): conference-numerator-nonzero
EXCLUDED (61,51,41,51): nonintegral-multiplicity
EXCLUDED (61,52,51,0): nonintegral-multiplicity
EXCLUDED (61,52,49,13): conference-numerator-nonzero
EXCLUDED (61,52,47,26): conference-numerator-nonzero
EXCLUDED (61,52,45,39): conference-numerator-nonzero
EXCLUDED (61,52,43,52): nonintegral-multiplicity
EXCLUDED (61,53,52,0): nonintegral-multiplicity
EXCLUDED (61,53,45,53): nonintegral-multiplicity
EXCLUDED (61,54,53,0): nonintegral-multiplicity
EXCLUDED (61,54,52,9): conference-numerator-nonzero
EXCLUDED (61,54,51,18): conference-numerator-nonzero
EXCLUDED (61,54,50,27): conference-numerator-nonzero
EXCLUDED (61,54,49,36): conference-numerator-nonzero
EXCLUDED (61,54,48,45): conference-numerator-nonzero
EXCLUDED (61,54,47,54): nonintegral-multiplicity
EXCLUDED (61,55,54,0): nonintegral-multiplicity
EXCLUDED (61,55,53,11): conference-numerator-nonzero
EXCLUDED (61,55,52,22): conference-numerator-nonzero
EXCLUDED (61,55,51,33): conference-numerator-nonzero
EXCLUDED (61,55,50,44): conference-numerator-nonzero
EXCLUDED (61,55,49,55): nonintegral-multiplicity
EXCLUDED (61,56,55,0): nonintegral-multiplicity
EXCLUDED (61,56,54,14): conference-numerator-nonzero
EXCLUDED (61,56,53,28): conference-numerator-nonzero
EXCLUDED (61,56,52,42): conference-numerator-nonzero
EXCLUDED (61,56,51,56): nonintegral-multiplicity
EXCLUDED (61,57,56,0): nonintegral-multiplicity
EXCLUDED (61,57,55,19): conference-numerator-nonzero
EXCLUDED (61,57,54,38): conference-numerator-nonzero
EXCLUDED (61,57,53,57): nonintegral-multiplicity
EXCLUDED (61,58,57,0): nonintegral-multiplicity
EXCLUDED (61,58,56,29): conference-numerator-nonzero
EXCLUDED (61,58,55,58): nonintegral-multiplicity
EXCLUDED (61,59,58,0): nonintegral-multiplicity
EXCLUDED (61,59,57,59): nonintegral-multiplicity
EXCLUDED (62,2,1,0): nonintegral-multiplicity
EXCLUDED (62,3,2,0): nonintegral-multiplicity
EXCLUDED (62,4,3,0): nonintegral-multiplicity
EXCLUDED (62,5,4,0): nonintegral-multiplicity
EXCLUDED (62,6,5,0): nonintegral-multiplicity
EXCLUDED (62,7,6,0): nonintegral-multiplicity
EXCLUDED (62,8,7,0): nonintegral-multiplicity
EXCLUDED (62,9,8,0): nonintegral-multiplicity
EXCLUDED (62,10,9,0): nonintegral-multiplicity
EXCLUDED (62,11,10,0): nonintegral-multiplicity
EXCLUDED (62,12,11,0): nonintegral-multiplicity
EXCLUDED (62,13,12,0): nonintegral-multiplicity
EXCLUDED (62,14,13,0): nonintegral-multiplicity
EXCLUDED (62,15,14,0): nonintegral-multiplicity
EXCLUDED (62,16,15,0): nonintegral-multiplicity
EXCLUDED (62,17,16,0): nonintegral-multiplicity
EXCLUDED (62,18,17,0): nonintegral-multiplicity
EXCLUDED (62,19,18,0): nonintegral-multiplicity
EXCLUDED (62,20,19,0): nonintegral-multiplicity
EXCLUDED (62,21,20,0): nonintegral-multiplicity
EXCLUDED (62,22,21,0): nonintegral-multiplicity
EXCLUDED (62,23,22,0): nonintegral-multiplicity
EXCLUDED (62,24,23,0): nonintegral-multiplicity
EXCLUDED (62,25,24,0): nonintegral-multiplicity
EXCLUDED (62,26,25,0): nonintegral-multiplicity
EXCLUDED (62,27,26,0): nonintegral-multiplicity
EXCLUDED (62,28,27,0): nonintegral-multiplicity
EXCLUDED (62,29,28,0): nonintegral-multiplicity
EXCLUDED (62,31,30,0): nonintegral-multiplicity
EXCLUDED (62,31,0,31): eigenvalue-sign
EXCLUDED (62,32,31,0): nonintegral-multiplicity
EXCLUDED (62,32,2,32): nonintegral-multiplicity
EXCLUDED (62,33,32,0): nonintegral-multiplicity
EXCLUDED (62,33,4,33): nonintegral-multiplicity
EXCLUDED (62,34,33,0): nonintegral-multiplicity
EXCLUDED (62,34,6,34): nonintegral-multiplicity
EXCLUDED (62,35,34,0): nonintegral-multiplicity
EXCLUDED (62,35,8,35): nonintegral-multiplicity
EXCLUDED (62,36,35,0): nonintegral-multiplicity
EXCLUDED (62,36,10,36): nonintegral-multiplicity
EXCLUDED (62,37,36,0): nonintegral-multiplicity
EXCLUDED (62,37,12,37): nonintegral-multiplicity
EXCLUDED (62,38,37,0): nonintegral-multiplicity
EXCLUDED (62,38,14,38): nonintegral-multiplicity
EXCLUDED (62,39,38,0): nonintegral-multiplicity
EXCLUDED (62,39,16,39): nonintegral-multiplicity
EXCLUDED (62,40,39,0): nonintegral-multiplicity
EXCLUDED (62,40,18,40): nonintegral-multiplicity
EXCLUDED (62,41,40,0): nonintegral-multiplicity
EXCLUDED (62,41,20,41): nonintegral-multiplicity
EXCLUDED (62,42,41,0): nonintegral-multiplicity
EXCLUDED (62,42,22,42): nonintegral-multiplicity
EXCLUDED (62,43,42,0): nonintegral-multiplicity
EXCLUDED (62,43,24,43): nonintegral-multiplicity
EXCLUDED (62,44,43,0): nonintegral-multiplicity
EXCLUDED (62,44,26,44): nonintegral-multiplicity
EXCLUDED (62,45,44,0): nonintegral-multiplicity
EXCLUDED (62,45,28,45): nonintegral-multiplicity
EXCLUDED (62,46,45,0): nonintegral-multiplicity
EXCLUDED (62,46,30,46): nonintegral-multiplicity
EXCLUDED (62,47,46,0): nonintegral-multiplicity
EXCLUDED (62,47,32,47): nonintegral-multiplicity
EXCLUDED (62,48,47,0): nonintegral-multiplicity
EXCLUDED (62,48,34,48): nonintegral-multiplicity
EXCLUDED (62,49,48,0): nonintegral-multiplicity
EXCLUDED (62,49,36,49): nonintegral-multiplicity
EXCLUDED (62,50,49,0): nonintegral-multiplicity
EXCLUDED (62,50,38,50): nonintegral-multiplicity
EXCLUDED (62,51,50,0): nonintegral-multiplicity
EXCLUDED (62,51,40,51): nonintegral-multiplicity
EXCLUDED (62,52,51,0): nonintegral-multiplicity
EXCLUDED (62,52,42,52): nonintegral-multiplicity
EXCLUDED (62,53,52,0): nonintegral-multiplicity
EXCLUDED (62,53,44,53): nonintegral-multiplicity
EXCLUDED (62,54,53,0): nonintegral-multiplicity
EXCLUDED (62,54,46,54): nonintegral-multiplicity
EXCLUDED (62,55,54,0): nonintegral-multiplicity
EXCLUDED (62,55,48,55): nonintegral-multiplicity
EXCLUDED (62,56,55,0): nonintegral-multiplicity
EXCLUDED (62,56,50,56): nonintegral-multiplicity
EXCLUDED (62,57,56,0): nonintegral-multiplicity
EXCLUDED (62,57,52,57): nonintegral-multiplicity
EXCLUDED (62,58,57,0): nonintegral-multiplicity
EXCLUDED (62,58,54,58): nonintegral-multiplicity
EXCLUDED (62,59,58,0): nonintegral-multiplicity
EXCLUDED (62,59,56,59): nonintegral-multiplicity
EXCLUDED (62,60,59,0): nonintegral-multiplicity
EXCLUDED (62,60,58,60): eigenvalue-sign
EXCLUDED (63,3,2,0): nonintegral-multiplicity
EXCLUDED (63,4,3,0): nonintegral-multiplicity
EXCLUDED (63,5,4,0): nonintegral-multiplicity
EXCLUDED (63,7,6,0): nonintegral-multiplicity
EXCLUDED (63,9,8,0): nonintegral-multiplicity
EXCLUDED (63,10,9,0): nonintegral-multiplicity
EXCLUDED (63,11,10,0): nonintegral-multiplicity
EXCLUDED (63,12,11,0): nonintegral-multiplicity
EXCLUDED (63,13,12,0): nonintegral-multiplicity
EXCLUDED (63,14,13,0): nonintegral-multiplicity
EXCLUDED (63,15,14,0): nonintegral-multiplicity
EXCLUDED (63,16,15,0): nonintegral-multiplicity
EXCLUDED (63,17,16,0): nonintegral-multiplicity
EXCLUDED (63,18,17,0): nonintegral-multiplicity
EXCLUDED (63,19,18,0): nonintegral-multiplicity
EXCLUDED (63,21,20,0): nonintegral-multiplicity
EXCLUDED (63,22,21,0): nonintegral-multiplicity
OBSTRUCTED (63,22,1,11)
EXCLUDED (63,23,22,0): nonintegral-multiplicity
EXCLUDED (63,24,23,0): nonintegral-multiplicity
EXCLUDED (63,24,4,12): conference-numerator-nonzero
EXCLUDED (63,25,24,0): nonintegral-multiplicity
EXCLUDED (63,26,25,0): nonintegral-multiplicity
EXCLUDED (63,26,7,13): conference-numerator-nonzero
EXCLUDED (63,27,26,0): nonintegral-multiplicity
EXCLUDED (63,28,27,0): nonintegral-multiplicity
EXCLUDED (63,28,10,14): conference-numerator-nonzero
EXCLUDED (63,29,28,0): nonintegral-multiplicity
EXCLUDED (63,30,29,0): nonintegral-multiplicity
EXCLUDED (63,31,30,0): nonintegral-multiplicity
EXCLUDED (63,31,29,1): conference-numerator-nonzero
EXCLUDED (63,31,28,2): conference-numerator-nonzero
EXCLUDED (63,31,27,3): conference-numerator-nonzero
EXCLUDED (63,31,26,4): conference-numerator-nonzero
EXCLUDED (63,31,25,5): conference-numerator-nonzero
EXCLUDED (63,31,24,6): conference-numerator-nonzero
EXCLUDED (63,31,23,7): conference-numerator-nonzero
EXCLUDED (63,31,22,8): conference-numerator-nonzero
EXCLUDED (63,31,21,9): conference-numerator-nonzero
EXCLUDED (63,31,20,10): conference-numerator-nonzero
EXCLUDED (63,31,19,11): nonintegral-multiplicity
EXCLUDED (63,31,18,12): conference-numerator-nonzero
EXCLUDED (63,31,17,13): conference-numerator-nonzero
EXCLUDED (63,31,16,14): conference-numerator-nonzero
EXCLUDED (63,31,15,15): nonintegral-multiplicity
EXCLUDED (63,31,14,16): nonintegral-multiplicity
EXCLUDED (63,31,13,17): conference-numerator-nonzero
EXCLUDED (63,31,12,18): conference-numerator-nonzero
EXCLUDED (63,31,11,19): conference-numerator-nonzero
EXCLUDED (63,31,10,20): nonintegral-multiplicity
EXCLUDED (63,31,9,21): conference-numerator-nonzero
EXCLUDED (63,31,8,22): conference-numerator-nonzero
EXCLUDED (63,31,7,23): conference-numerator-nonzero
EXCLUDED (63,31,6,24): conference-numerator-nonzero
EXCLUDED (63,31,5,25): conference-numerator-nonzero
EXCLUDED (63,31,4,26): conference-numerator-nonzero
EXCLUDED (63,31,3,27): conference-numerator-nonzero
EXCLUDED (63,31,2,28): conference-numerator-nonzero
EXCLUDED (63,31,1,29): conference-numerator-nonzero
EXCLUDED (63,31,0,30): conference-numerator-nonzero
EXCLUDED (63,32,31,0): nonintegral-multiplicity
EXCLUDED (63,32,1,32): nonintegral-multiplicity
EXCLUDED (63,33,32,0): nonintegral-multiplicity
EXCLUDED (63,33,3,33): nonintegral-multiplicity
EXCLUDED (63,34,33,0): nonintegral-multiplicity
EXCLUDED (63,34,19,17): conference-numerator-nonzero
EXCLUDED (63,34,5,34): nonintegral-multiplicity
EXCLUDED (63,35,34,0): nonintegral-multiplicity
EXCLUDED (63,35,7,35): nonintegral-multiplicity
EXCLUDED (63,36,35,0): nonintegral-multiplicity
EXCLUDED (63,36,22,18): conference-numerator-nonzero
EXCLUDED (63,36,9,36): nonintegral-multiplicity
EXCLUDED (63,37,36,0): nonintegral-multiplicity
EXCLUDED (63,37,11,37): nonintegral-multiplicity
EXCLUDED (63,38,37,0): nonintegral-multiplicity
EXCLUDED (63,38,25,19): conference-numerator-nonzero
EXCLUDED (63,38,13,38): nonintegral-multiplicity
EXCLUDED (63,39,38,0): nonintegral-multiplicity
EXCLUDED (63,39,15,39): nonintegral-multiplicity
EXCLUDED (63,40,39,0): nonintegral-multiplicity
OBSTRUCTED (63,40,28,20)
EXCLUDED (63,40,17,40): nonintegral-multiplicity
EXCLUDED (63,41,40,0): nonintegral-multiplicity
EXCLUDED (63,41,19,41): nonintegral-multiplicity
EXCLUDED (63,42,41,0): nonintegral-multiplicity
EXCLUDED (63,42,31,21): conference-numerator-nonzero
EXCLUDED (63,42,21,42): eigenvalue-sign
EXCLUDED (63,43,42,0): nonintegral-multiplicity
EXCLUDED (63,43,23,43): nonintegral-multiplicity
EXCLUDED (63,44,43,0): nonintegral-multiplicity
EXCLUDED (63,44,34,22): conference-numerator-nonzero
EXCLUDED (63,44,25,44): nonintegral-multiplicity
EXCLUDED (63,45,44,0): nonintegral-multiplicity
EXCLUDED (63,45,27,45): nonintegral-multiplicity
EXCLUDED (63,46,45,0): nonintegral-multiplicity
EXCLUDED (63,46,37,23): conference-numerator-nonzero
EXCLUDED (63,46,29,46): nonintegral-multiplicity
EXCLUDED (63,47,46,0): nonintegral-multiplicity
EXCLUDED (63,47,31,47): nonintegral-multiplicity
EXCLUDED (63,48,47,0): nonintegral-multiplicity
EXCLUDED (63,48,40,24): conference-numerator-nonzero
EXCLUDED (63,48,33,48): nonintegral-multiplicity
EXCLUDED (63,49,48,0): nonintegral-multiplicity
EXCLUDED (63,49,35,49): nonintegral-multiplicity
EXCLUDED (63,50,49,0): nonintegral-multiplicity
EXCLUDED (63,50,43,25): conference-numerator-nonzero
EXCLUDED (63,50,37,50): nonintegral-multiplicity
EXCLUDED (63,51,50,0): nonintegral-multiplicity
EXCLUDED (63,51,39,51): nonintegral-multiplicity
EXCLUDED (63,52,51,0): nonintegral-multiplicity
EXCLUDED (63,52,46,26): conference-numerator-nonzero
EXCLUDED (63,52,41,52): nonintegral-multiplicity
EXCLUDED (63,53,52,0): nonintegral-multiplicity
EXCLUDED (63,53,43,53): nonintegral-multiplicity
EXCLUDED (63,54,53,0): nonintegral-multiplicity
EXCLUDED (63,54,49,27): conference-numerator-nonzero
EXCLUDED (63,54,45,54): eigenvalue-sign
EXCLUDED (63,55,54,0): nonintegral-multiplicity
EXCLUDED (63,55,47,55): nonintegral-multiplicity
EXCLUDED (63,56,55,0): nonintegral-multiplicity
EXCLUDED (63,56,52,28): conference-numerator-nonzero
EXCLUDED (63,56,49,56): eigenvalue-sign
EXCLUDED (63,57,56,0): nonintegral-multiplicity
EXCLUDED (63,57,51,57): nonintegral-multiplicity
EXCLUDED (63,58,57,0): nonintegral-multiplicity
EXCLUDED (63,58,55,29): conference-numerator-nonzero
EXCLUDED (63,58,53,58): nonintegral-multiplicity
EXCLUDED (63,59,58,0): nonintegral-multiplicity
EXCLUDED (63,59,55,59): nonintegral-multiplicity
EXCLUDED (63,60,59,0): nonintegral-multiplicity
EXCLUDED (63,60,58,30): conference-numerator-nonzero
EXCLUDED (63,60,57,60): eigenvalue-sign
EXCLUDED (63,61,60,0): nonintegral-multiplicity
EXCLUDED (63,61,59,61): nonintegral-multiplicity
EXCLUDED (64,2,1,0): nonintegral-multiplicity
EXCLUDED (64,4,3,0): nonintegral-multiplicity
EXCLUDED (64,5,4,0): nonintegral-multiplicity
EXCLUDED (64,6,5,0): nonintegral-multiplicity
EXCLUDED (64,8,7,0): nonintegral-multiplicity
EXCLUDED (64,9,8,0): nonintegral-multiplicity
EXCLUDED (64,9,2,1): conference-numerator-nonzero
EXCLUDED (64,10,9,0): nonintegral-multiplicity
EXCLUDED (64,11,10,0): nonintegral-multiplicity
EXCLUDED (64,12,11,0): nonintegral-multiplicity
EXCLUDED (64,13,12,0): nonintegral-multiplicity
EXCLUDED (64,14,13,0): nonintegral-multiplicity
EXCLUDED (64,16,15,0): nonintegral-multiplicity
EXCLUDED (64,17,16,0): nonintegral-multiplicity
EXCLUDED (64,18,17,0): nonintegral-multiplicity
EXCLUDED (64,18,12,2): conference-numerator-nonzero
EXCLUDED (64,18,7,4): conference-numerator-nonzero
EXCLUDED (64,19,18,0): nonintegral-multiplicity
EXCLUDED (64,20,19,0): nonintegral-multiplicity
EXCLUDED (64,21,20,0): nonintegral-multiplicity
EXCLUDED (64,21,18,1): conference-numerator-nonzero
EXCLUDED (64,21,16,2): conference-numerator-nonzero
EXCLUDED (64,21,14,3): conference-numerator-nonzero
EXCLUDED (64,21,12,4): conference-numerator-nonzero
EXCLUDED (64,21,10,5): conference-numerator-nonzero
EXCLUDED (64,21,6,7): conference-numerator-nonzero
EXCLUDED (64,21,4,8): conference-numerator-nonzero
EXCLUDED (64,21,2,9): conference-numerator-nonzero
OBSTRUCTED (64,21,0,10)
EXCLUDED (64,22,21,0): nonintegral-multiplicity
EXCLUDED (64,23,22,0): nonintegral-multiplicity
EXCLUDED (64,24,23,0): nonintegral-multiplicity
EXCLUDED (64,24,10,8): conference-numerator-nonzero
EXCLUDED (64,25,24,0): nonintegral-multiplicity
EXCLUDED (64,26,25,0): nonintegral-multiplicity
EXCLUDED (64,27,26,0): nonintegral-multiplicity
EXCLUDED (64,27,22,3): conference-numerator-nonzero
EXCLUDED (64,27,18,6): conference-numerator-nonzero
EXCLUDED (64,27,14,9): conference-numerator-nonzero
EXCLUDED (64,27,6,15): conference-numerator-nonzero
EXCLUDED (64,27,2,18): conference-numerator-nonzero
EXCLUDED (64,28,27,0): nonintegral-multiplicity
EXCLUDED (64,28,22,4): conference-numerator-nonzero
EXCLUDED (64,28,17,8): conference-numerator-nonzero
EXCLUDED (64,28,7,16): conference-numerator-nonzero
EXCLUDED (64,28,2,20): conference-numerator-nonzero
EXCLUDED (64,29,28,0): nonintegral-multiplicity
EXCLUDED (64,30,29,0): nonintegral-multiplicity
OBSTRUCTED (64,30,18,10)
EXCLUDED (64,30,7,20): conference-numerator-nonzero
EXCLUDED (64,32,31,0): nonintegral-multiplicity
EXCLUDED (64,32,0,32): eigenvalue-sign
EXCLUDED (64,33,32,0): nonintegral-multiplicity
EXCLUDED (64,33,22,11): conference-numerator-nonzero
OBSTRUCTED (64,33,12,22)
EXCLUDED (64,33,2,33): nonintegral-multiplicity
EXCLUDED (64,34,33,0): nonintegral-multiplicity
EXCLUDED (64,34,4,34): nonintegral-multiplicity
EXCLUDED (64,35,34,0): nonintegral-multiplicity
EXCLUDED (64,35,30,5): conference-numerator-nonzero
EXCLUDED (64,35,26,10): conference-numerator-nonzero
EXCLUDED (64,35,22,15): conference-numerator-nonzero
EXCLUDED (64,35,14,25): conference-numerator-nonzero
EXCLUDED (64,35,10,30): conference-numerator-nonzero
EXCLUDED (64,35,6,35): nonintegral-multiplicity
EXCLUDED (64,36,35,0): nonintegral-multiplicity
EXCLUDED (64,36,32,4): conference-numerator-nonzero
EXCLUDED (64,36,29,8): conference-numerator-nonzero
EXCLUDED (64,36,26,12): conference-numerator-nonzero
EXCLUDED (64,36,23,16): conference-numerator-nonzero
EXCLUDED (64,36,17,24): conference-numerator-nonzero
EXCLUDED (64,36,14,28): conference-numerator-nonzero
EXCLUDED (64,36,11,32): conference-numerator-nonzero
EXCLUDED (64,36,8,36): nonintegral-multiplicity
EXCLUDED (64,37,36,0): nonintegral-multiplicity
EXCLUDED (64,37,10,37): nonintegral-multiplicity
EXCLUDED (64,38,37,0): nonintegral-multiplicity
EXCLUDED (64,38,12,38): nonintegral-multiplicity
EXCLUDED (64,39,38,0): nonintegral-multiplicity
EXCLUDED (64,39,30,13): conference-numerator-nonzero
EXCLUDED (64,39,22,26): conference-numerator-nonzero
EXCLUDED (64,39,14,39): nonintegral-multiplicity
EXCLUDED (64,40,39,0): nonintegral-multiplicity
EXCLUDED (64,40,16,40): nonintegral-multiplicity
EXCLUDED (64,41,40,0): nonintegral-multiplicity
EXCLUDED (64,41,18,41): nonintegral-multiplicity
EXCLUDED (64,42,41,0): nonintegral-multiplicity
EXCLUDED (64,42,40,2): conference-numerator-nonzero
EXCLUDED (64,42,39,4): conference-numerator-nonzero
EXCLUDED (64,42,38,6): conference-numerator-nonzero
EXCLUDED (64,42,37,8): conference-numerator-nonzero
EXCLUDED (64,42,36,10): conference-numerator-nonzero
EXCLUDED (64,42,35,12): conference-numerator-nonzero
EXCLUDED (64,42,34,14): conference-numerator-nonzero
EXCLUDED (64,42,33,16): conference-numerator-nonzero
EXCLUDED (64,42,32,18): conference-numerator-nonzero
EXCLUDED (64,42,31,20): conference-numerator-nonzero
OBSTRUCTED (64,42,30,22)
EXCLUDED (64,42,29,24): conference-numerator-nonzero
EXCLUDED (64,42,28,26): conference-numerator-nonzero
EXCLUDED (64,42,27,28): conference-numerator-nonzero
EXCLUDED (64,42,25,32): conference-numerator-nonzero
EXCLUDED (64,42,24,34): conference-numerator-nonzero
EXCLUDED (64,42,23,36): conference-numerator-nonzero
EXCLUDED (64,42,22,38): conference-numerator-nonzero
EXCLUDED (64,42,21,40): conference-numerator-nonzero
EXCLUDED (64,42,20,42): nonintegral-multiplicity
EXCLUDED (64,43,42,0): nonintegral-multiplicity
EXCLUDED (64,43,22,43): nonintegral-multiplicity
EXCLUDED (64,44,43,0): nonintegral-multiplicity
EXCLUDED (64,44,24,44): nonintegral-multiplicity
EXCLUDED (64,45,44,0): nonintegral-multiplicity
EXCLUDED (64,45,42,5): conference-numerator-nonzero
EXCLUDED (64,45,40,10): conference-numerator-nonzero
EXCLUDED (64,45,38,15): conference-numerator-nonzero
EXCLUDED (64,45,36,20): conference-numerator-nonzero
EXCLUDED (64,45,34,25): conference-numerator-nonzero
EXCLUDED (64,45,30,35): conference-numerator-nonzero
EXCLUDED (64,45,28,40): conference-numerator-nonzero
EXCLUDED (64,45,26,45): nonintegral-multiplicity
EXCLUDED (64,46,45,0): nonintegral-multiplicity
EXCLUDED (64,46,28,46): nonintegral-multiplicity
EXCLUDED (64,47,46,0): nonintegral-multiplicity
EXCLUDED (64,47,30,47): nonintegral-multiplicity
EXCLUDED (64,48,47,0): nonintegral-multiplicity
EXCLUDED (64,48,42,16): conference-numerator-nonzero
EXCLUDED (64,48,37,32): conference-numerator-nonzero
EXCLUDED (64,48,32,48): eigenvalue-sign
EXCLUDED (64,49,48,0): nonintegral-multiplicity
EXCLUDED (64,49,46,7): conference-numerator-nonzero
EXCLUDED (64,49,44,14): conference-numerator-nonzero
EXCLUDED (64,49,42,21): conference-numerator-nonzero
EXCLUDED (64,49,40,28): conference-numerator-nonzero
EXCLUDED (64,49,38,35): conference-numerator-nonzero
EXCLUDED (64,49,34,49): nonintegral-multiplicity
EXCLUDED (64,50,49,0): nonintegral-multiplicity
EXCLUDED (64,50,36,50): nonintegral-multiplicity
EXCLUDED (64,51,50,0): nonintegral-multiplicity
EXCLUDED (64,51,46,17): conference-numerator-nonzero
EXCLUDED (64,51,42,34): conference-numerator-nonzero
EXCLUDED (64,51,38,51): nonintegral-multiplicity
EXCLUDED (64,52,51,0): nonintegral-multiplicity
EXCLUDED (64,52,40,52): nonintegral-multiplicity
EXCLUDED (64,53,52,0): nonintegral-multiplicity
EXCLUDED (64,53,42,53): nonintegral-multiplicity
EXCLUDED (64,54,53,0): nonintegral-multiplicity
EXCLUDED (64,54,52,6): conference-numerator-nonzero
EXCLUDED (64,54,51,12): conference-numerator-nonzero
EXCLUDED (64,54,50,18): conference-numerator-nonzero
EXCLUDED (64,54,49,24): conference-numerator-nonzero
EXCLUDED (64,54,48,30): conference-numerator-nonzero
EXCLUDED (64,54,47,36): conference-numerator-nonzero
OBSTRUCTED (64,54,46,42)
EXCLUDED (64,54,45,48): conference-numerator-nonzero
EXCLUDED (64,54,44,54): nonintegral-multiplicity
EXCLUDED (64,55,54,0): nonintegral-multiplicity
EXCLUDED (64,55,46,55): nonintegral-multiplicity
EXCLUDED (64,56,55,0): nonintegral-multiplicity
EXCLUDED (64,56,54,8): conference-numerator-nonzero
EXCLUDED (64,56,53,16): conference-numerator-nonzero
EXCLUDED (64,56,52,24): conference-numerator-nonzero
EXCLUDED (64,56,51,32): conference-numerator-nonzero
EXCLUDED (64,56,50,40): conference-numerator-nonzero
EXCLUDED (64,56,49,48): conference-numerator-nonzero
EXCLUDED (64,56,48,56): eigenvalue-sign
EXCLUDED (64,57,56,0): nonintegral-multiplicity
EXCLUDED (64,57,54,19): conference-numerator-nonzero
EXCLUDED (64,57,52,38): conference-numerator-nonzero
EXCLUDED (64,57,50,57): nonintegral-multiplicity
EXCLUDED (64,58,57,0): nonintegral-multiplicity
EXCLUDED (64,58,52,58): nonintegral-multiplicity
EXCLUDED (64,59,58,0): nonintegral-multiplicity
EXCLUDED (64,59,54,59): nonintegral-multiplicity
EXCLUDED (64,60,59,0): nonintegral-multiplicity
EXCLUDED (64,60,58,20): conference-numerator-nonzero
EXCLUDED (64,60,57,40): conference-numerator-nonzero
EXCLUDED (64,60,56,60): eigenvalue-sign
EXCLUDED (64,61,60,0): nonintegral-multiplicity
EXCLUDED (64,61,58,61): nonintegral-multiplicity
EXCLUDED (64,62,61,0): nonintegral-multiplicity
EXCLUDED (64,62,60,62): eigenvalue-sign
EXCLUDED (65,2,1,0): nonintegral-multiplicity
EXCLUDED (65,3,2,0): nonintegral-multiplicity
EXCLUDED (65,5,4,0): nonintegral-multiplicity
EXCLUDED (65,6,5,0): nonintegral-multiplicity
EXCLUDED (65,7,6,0): nonintegral-multiplicity
EXCLUDED (65,8,7,0): nonintegral-multiplicity
EXCLUDED (65,8,0,1): conference-numerator-nonzero
EXCLUDED (65,9,8,0): nonintegral-multiplicity
EXCLUDED (65,10,9,0): nonintegral-multiplicity
EXCLUDED (65,11,10,0): nonintegral-multiplicity
EXCLUDED (65,13,12,0): nonintegral-multiplicity
EXCLUDED (65,14,13,0): nonintegral-multiplicity
EXCLUDED (65,15,14,0): nonintegral-multiplicity
EXCLUDED (65,16,15,0): nonintegral-multiplicity
EXCLUDED (65,16,12,1): conference-numerator-nonzero
EXCLUDED (65,16,9,2): conference-numerator-nonzero
EXCLUDED (65,16,6,3): conference-numerator-nonzero
EXCLUDED (65,16,3,4): nonintegral-multiplicity
EXCLUDED (65,16,0,5): conference-numerator-nonzero
EXCLUDED (65,17,16,0): nonintegral-multiplicity
EXCLUDED (65,18,17,0): nonintegral-multiplicity
EXCLUDED (65,19,18,0): nonintegral-multiplicity
EXCLUDED (65,20,19,0): nonintegral-multiplicity
EXCLUDED (65,20,8,5): conference-numerator-nonzero
EXCLUDED (65,21,20,0): nonintegral-multiplicity
EXCLUDED (65,22,21,0): nonintegral-multiplicity
EXCLUDED (65,22,0,11): conference-numerator-nonzero
EXCLUDED (65,23,22,0): nonintegral-multiplicity
EXCLUDED (65,24,23,0): nonintegral-multiplicity
EXCLUDED (65,24,18,3): conference-numerator-nonzero
EXCLUDED (65,24,13,6): nonintegral-multiplicity
EXCLUDED (65,24,8,9): conference-numerator-nonzero
EXCLUDED (65,24,3,12): conference-numerator-nonzero
EXCLUDED (65,25,24,0): nonintegral-multiplicity
EXCLUDED (65,26,25,0): nonintegral-multiplicity
EXCLUDED (65,26,6,13): conference-numerator-nonzero
EXCLUDED (65,27,26,0): nonintegral-multiplicity
EXCLUDED (65,28,27,0): nonintegral-multiplicity
EXCLUDED (65,28,18,7): conference-numerator-nonzero
EXCLUDED (65,28,9,14): nonintegral-multiplicity
EXCLUDED (65,28,0,21): conference-numerator-nonzero
EXCLUDED (65,29,28,0): nonintegral-multiplicity
EXCLUDED (65,30,29,0): nonintegral-multiplicity
EXCLUDED (65,30,12,15): conference-numerator-nonzero
EXCLUDED (65,31,30,0): nonintegral-multiplicity
EXCLUDED (65,32,31,0): nonintegral-multiplicity
EXCLUDED (65,32,30,1): conference-numerator-nonzero
EXCLUDED (65,32,29,2): conference-numerator-nonzero
EXCLUDED (65,32,28,3): conference-numerator-nonzero
EXCLUDED (65,32,27,4): conference-numerator-nonzero
EXCLUDED (65,32,26,5): conference-numerator-nonzero
EXCLUDED (65,32,25,6): conference-numerator-nonzero
EXCLUDED (65,32,24,7): conference-numerator-nonzero
EXCLUDED (65,32,23,8): conference-numerator-nonzero
EXCLUDED (65,32,22,9): conference-numerator-nonzero
EXCLUDED (65,32,21,10): conference-numerator-nonzero
EXCLUDED (65,32,20,11): conference-numerator-nonzero
EXCLUDED (65,32,19,12): conference-numerator-nonzero
EXCLUDED (65,32,18,13): conference-numerator-nonzero
EXCLUDED (65,32,17,14): nonintegral-multiplicity
EXCLUDED (65,32,16,15): conference-numerator-nonzero
EXCLUDED (65,32,14,17): conference-numerator-nonzero
EXCLUDED (65,32,13,18): nonintegral-multiplicity
EXCLUDED (65,32,12,19): conference-numerator-nonzero
EXCLUDED (65,32,11,20): conference-numerator-nonzero
EXCLUDED (65,32,10,21): conference-numerator-nonzero
EXCLUDED (65,32,9,22): conference-numerator-nonzero
EXCLUDED (65,32,8,23): conference-numerator-nonzero
EXCLUDED (65,32,7,24): conference-numerator-nonzero
EXCLUDED (65,32,6,25): conference-numerator-nonzero
EXCLUDED (65,32,5,26): conference-numerator-nonzero
EXCLUDED (65,32,4,27): conference-numerator-nonzero
EXCLUDED (65,32,3,28): conference-numerator-nonzero
EXCLUDED (65,32,2,29): conference-numerator-nonzero
EXCLUDED (65,32,1,30): conference-numerator-nonzero
EXCLUDED (65,32,0,31): conference-numerator-nonzero
EXCLUDED (65,33,32,0): nonintegral-multiplicity
EXCLUDED (65,33,1,33): nonintegral-multiplicity
EXCLUDED (65,34,33,0): nonintegral-multiplicity
EXCLUDED (65,34,18,17): conference-numerator-nonzero
EXCLUDED (65,34,3,34): nonintegral-multiplicity
EXCLUDED (65,35,34,0): nonintegral-multiplicity
EXCLUDED (65,35,5,35): nonintegral-multiplicity
EXCLUDED (65,36,35,0): nonintegral-multiplicity
EXCLUDED (65,36,28,9): conference-numerator-nonzero
EXCLUDED (65,36,21,18): nonintegral-multiplicity
EXCLUDED (65,36,14,27): conference-numerator-nonzero
EXCLUDED (65,36,7,36): nonintegral-multiplicity
EXCLUDED (65,37,36,0): nonintegral-multiplicity
EXCLUDED (65,37,9,37): nonintegral-multiplicity
EXCLUDED (65,38,37,0): nonintegral-multiplicity
EXCLUDED (65,38,24,19): conference-numerator-nonzero
EXCLUDED (65,38,11,38): nonintegral-multiplicity
EXCLUDED (65,39,38,0): nonintegral-multiplicity
EXCLUDED (65,39,13,39): nonintegral-multiplicity
EXCLUDED (65,40,39,0): nonintegral-multiplicity
EXCLUDED (65,40,36,5): conference-numerator-nonzero
EXCLUDED (65,40,33,10): conference-numerator-nonzero
EXCLUDED (65,40,30,15): conference-numerator-nonzero
EXCLUDED (65,40,27,20): conference-numerator-nonzero
EXCLUDED (65,40,24,25): conference-numerator-nonzero
EXCLUDED (65,40,21,30): nonintegral-multiplicity
EXCLUDED (65,40,18,35): conference-numerator-nonzero
EXCLUDED (65,40,15,40): nonintegral-multiplicity
EXCLUDED (65,41,40,0): nonintegral-multiplicity
EXCLUDED (65,41,17,41): nonintegral-multiplicity
EXCLUDED (65,42,41,0): nonintegral-multiplicity
EXCLUDED (65,42,30,21): conference-numerator-nonzero
EXCLUDED (65,42,19,42): nonintegral-multiplicity
EXCLUDED (65,43,42,0): nonintegral-multiplicity
EXCLUDED (65,43,21,43): nonintegral-multiplicity
EXCLUDED (65,44,43,0): nonintegral-multiplicity
EXCLUDED (65,44,38,11): conference-numerator-nonzero
EXCLUDED (65,44,33,22): conference-numerator-nonzero
EXCLUDED (65,44,28,33): conference-numerator-nonzero
EXCLUDED (65,44,23,44): nonintegral-multiplicity
EXCLUDED (65,45,44,0): nonintegral-multiplicity
EXCLUDED (65,45,25,45): nonintegral-multiplicity
EXCLUDED (65,46,45,0): nonintegral-multiplicity
EXCLUDED (65,46,36,23): conference-numerator-nonzero
EXCLUDED (65,46,27,46): nonintegral-multiplicity
EXCLUDED (65,47,46,0): nonintegral-multiplicity
EXCLUDED (65,47,29,47): nonintegral-multiplicity
EXCLUDED (65,48,47,0): nonintegral-multiplicity
EXCLUDED (65,48,46,3): conference-numerator-nonzero
EXCLUDED (65,48,45,6): conference-numerator-nonzero
EXCLUDED (65,48,44,9): conference-numerator-nonzero
EXCLUDED (65,48,43,12): conference-numerator-nonzero
EXCLUDED (65,48,42,15): conference-numerator-nonzero
EXCLUDED (65,48,41,18): conference-numerator-nonzero
EXCLUDED (65,48,40,21): conference-numerator-nonzero
EXCLUDED (65,48,39,24): conference-numerator-nonzero
EXCLUDED (65,48,38,27): conference-numerator-nonzero
EXCLUDED (65,48,37,30): nonintegral-multiplicity
EXCLUDED (65,48,36,33): conference-numerator-nonzero
EXCLUDED (65,48,35,36): nonintegral-multiplicity
EXCLUDED (65,48,34,39): conference-numerator-nonzero
EXCLUDED (65,48,33,42): conference-numerator-nonzero
EXCLUDED (65,48,32,45): conference-numerator-nonzero
EXCLUDED (65,48,31,48): nonintegral-multiplicity
EXCLUDED (65,49,48,0): nonintegral-multiplicity
EXCLUDED (65,49,33,49): nonintegral-multiplicity
EXCLUDED (65,50,49,0): nonintegral-multiplicity
EXCLUDED (65,50,42,25): conference-numerator-nonzero
EXCLUDED (65,50,35,50): nonintegral-multiplicity
EXCLUDED (65,51,50,0): nonintegral-multiplicity
EXCLUDED (65,51,37,51): nonintegral-multiplicity
EXCLUDED (65,52,51,0): nonintegral-multiplicity
EXCLUDED (65,52,48,13): conference-numerator-nonzero
EXCLUDED (65,52,45,26): conference-numerator-nonzero
EXCLUDED (65,52,42,39): conference-numerator-nonzero
EXCLUDED (65,52,39,52): eigenvalue-sign
EXCLUDED (65,53,52,0): nonintegral-multiplicity
EXCLUDED (65,53,41,53): nonintegral-multiplicity
EXCLUDED (65,54,53,0): nonintegral-multiplicity
EXCLUDED (65,54,48,27): conference-numerator-nonzero
EXCLUDED (65,54,43,54): nonintegral-multiplicity
EXCLUDED (65,55,54,0): nonintegral-multiplicity
EXCLUDED (65,55,45,55): nonintegral-multiplicity
EXCLUDED (65,56,55,0): nonintegral-multiplicity
EXCLUDED (65,56,54,7): conference-numerator-nonzero
EXCLUDED (65,56,53,14): conference-numerator-nonzero
EXCLUDED (65,56,52,21): conference-numerator-nonzero
EXCLUDED (65,56,51,28): conference-numerator-nonzero
EXCLUDED (65,56,50,35): conference-numerator-nonzero
EXCLUDED (65,56,49,42): conference-numerator-nonzero
EXCLUDED (65,56,48,49): conference-numerator-nonzero
EXCLUDED (65,56,47,56): nonintegral-multiplicity
EXCLUDED (65,57,56,0): nonintegral-multiplicity
EXCLUDED (65,57,49,57): nonintegral-multiplicity
EXCLUDED (65,58,57,0): nonintegral-multiplicity
EXCLUDED (65,58,54,29): conference-numerator-nonzero
EXCLUDED (65,58,51,58): nonintegral-multiplicity
EXCLUDED (65,59,58,0): nonintegral-multiplicity
EXCLUDED (65,59,53,59): nonintegral-multiplicity
EXCLUDED (65,60,59,0): nonintegral-multiplicity
EXCLUDED (65,60,58,15): conference-numerator-nonzero
EXCLUDED (65,60,57,30): conference-numerator-nonzero
EXCLUDED (65,60,56,45): conference-numerator-nonzero
EXCLUDED (65,60,55,60): eigenvalue-sign
EXCLUDED (65,61,60,0): nonintegral-multiplicity
EXCLUDED (65,61,57,61): nonintegral-multiplicity
EXCLUDED (65,62,61,0): nonintegral-multiplicity
EXCLUDED (65,62,60,31): conference-numerator-nonzero
EXCLUDED (65,62,59,62): nonintegral-multiplicity
EXCLUDED (65,63,62,0): nonintegral-multiplicity
EXCLUDED (65,63,61,63): nonintegral-multiplicity
EXCLUDED (66,3,2,0): nonintegral-multiplicity
EXCLUDED (66,4,3,0): nonintegral-multiplicity
EXCLUDED (66,6,5,0): nonintegral-multiplicity
EXCLUDED (66,7,6,0): nonintegral-multiplicity
EXCLUDED (66,8,7,0): nonintegral-multiplicity
EXCLUDED (66,9,8,0): nonintegral-multiplicity
EXCLUDED (66,11,10,0): nonintegral-multiplicity
EXCLUDED (66,12,11,0): nonintegral-multiplicity
EXCLUDED (66,13,12,0): nonintegral-multiplicity
EXCLUDED (66,13,8,1): conference-numerator-nonzero
EXCLUDED (66,13,4,2): conference-numerator-nonzero
EXCLUDED (66,13,0,3): nonintegral-multiplicity
EXCLUDED (66,14,13,0): nonintegral-multiplicity
EXCLUDED (66,15,14,0): nonintegral-multiplicity
EXCLUDED (66,15,4,3): nonintegral-multiplicity
EXCLUDED (66,16,15,0): nonintegral-multiplicity
EXCLUDED (66,17,16,0): nonintegral-multiplicity
EXCLUDED (66,18,17,0): nonintegral-multiplicity
EXCLUDED (66,19,18,0): nonintegral-multiplicity
EXCLUDED (66,20,19,0): nonintegral-multiplicity
EXCLUDED (66,20,1,8): conference-numerator-nonzero
EXCLUDED (66,22,21,0): nonintegral-multiplicity
EXCLUDED (66,23,22,0): nonintegral-multiplicity
EXCLUDED (66,24,23,0): nonintegral-multiplicity
EXCLUDED (66,25,24,0): nonintegral-multiplicity
EXCLUDED (66,25,16,5): conference-numerator-nonzero
EXCLUDED (66,25,8,10): nonintegral-multiplicity
EXCLUDED (66,25,0,15): conference-numerator-nonzero
EXCLUDED (66,26,25,0): nonintegral-multiplicity
EXCLUDED (66,26,22,2): conference-numerator-nonzero
EXCLUDED (66,26,19,4): conference-numerator-nonzero
EXCLUDED (66,26,16,6): conference-numerator-nonzero
EXCLUDED (66,26,13,8): conference-numerator-nonzero
EXCLUDED (66,26,10,10): nonintegral-multiplicity
EXCLUDED (66,26,7,12): nonintegral-multiplicity
EXCLUDED (66,26,4,14): conference-numerator-nonzero
EXCLUDED (66,26,1,16): conference-numerator-nonzero
EXCLUDED (66,27,26,0): nonintegral-multiplicity
EXCLUDED (66,28,27,0): nonintegral-multiplicity
EXCLUDED (66,29,28,0): nonintegral-multiplicity
EXCLUDED (66,30,29,0): nonintegral-multiplicity
EXCLUDED (66,30,22,6): conference-numerator-nonzero
EXCLUDED (66,30,15,12): nonintegral-multiplicity
EXCLUDED (66,30,8,18): conference-numerator-nonzero
EXCLUDED (66,30,1,24): conference-numerator-nonzero
EXCLUDED (66,31,30,0): nonintegral-multiplicity
EXCLUDED (66,33,32,0): nonintegral-multiplicity
EXCLUDED (66,33,0,33): eigenvalue-sign
EXCLUDED (66,34,33,0): nonintegral-multiplicity
EXCLUDED (66,34,2,34): nonintegral-multiplicity
EXCLUDED (66,35,34,0): nonintegral-multiplicity
EXCLUDED (66,35,28,7): conference-numerator-nonzero
EXCLUDED (66,35,22,14): conference-numerator-nonzero
EXCLUDED (66,35,16,21): nonintegral-multiplicity
EXCLUDED (66,35,10,28): conference-numerator-nonzero
EXCLUDED (66,35,4,35): nonintegral-multiplicity
EXCLUDED (66,36,35,0): nonintegral-multiplicity
EXCLUDED (66,36,6,36): nonintegral-multiplicity
EXCLUDED (66,37,36,0): nonintegral-multiplicity
EXCLUDED (66,37,8,37): nonintegral-multiplicity
EXCLUDED (66,38,37,0): nonintegral-multiplicity
EXCLUDED (66,38,10,38): nonintegral-multiplicity
EXCLUDED (66,39,38,0): nonintegral-multiplicity
EXCLUDED (66,39,36,3): conference-numerator-nonzero
EXCLUDED (66,39,34,6): conference-numerator-nonzero
EXCLUDED (66,39,32,9): conference-numerator-nonzero
EXCLUDED (66,39,30,12): conference-numerator-nonzero
EXCLUDED (66,39,28,15): conference-numerator-nonzero
EXCLUDED (66,39,26,18): conference-numerator-nonzero
EXCLUDED (66,39,24,21): nonintegral-multiplicity
EXCLUDED (66,39,22,24): nonintegral-multiplicity
EXCLUDED (66,39,20,27): conference-numerator-nonzero
EXCLUDED (66,39,18,30): conference-numerator-nonzero
EXCLUDED (66,39,16,33): conference-numerator-nonzero
EXCLUDED (66,39,14,36): conference-numerator-nonzero
EXCLUDED (66,39,12,39): nonintegral-multiplicity
EXCLUDED (66,40,39,0): nonintegral-multiplicity
EXCLUDED (66,40,34,8): conference-numerator-nonzero
EXCLUDED (66,40,29,16): conference-numerator-nonzero
EXCLUDED (66,40,24,24): nonintegral-multiplicity
EXCLUDED (66,40,19,32): conference-numerator-nonzero
EXCLUDED (66,40,14,40): nonintegral-multiplicity
EXCLUDED (66,41,40,0): nonintegral-multiplicity
EXCLUDED (66,41,16,41): nonintegral-multiplicity
EXCLUDED (66,42,41,0): nonintegral-multiplicity
EXCLUDED (66,42,18,42): nonintegral-multiplicity
EXCLUDED (66,43,42,0): nonintegral-multiplicity
EXCLUDED (66,43,20,43): nonintegral-multiplicity
EXCLUDED (66,44,43,0): nonintegral-multiplicity
EXCLUDED (66,44,22,44): eigenvalue-sign
EXCLUDED (66,45,44,0): nonintegral-multiplicity
EXCLUDED (66,45,40,9): conference-numerator-nonzero
EXCLUDED (66,45,36,18): conference-numerator-nonzero
EXCLUDED (66,45,32,27): conference-numerator-nonzero
EXCLUDED (66,45,24,45): nonintegral-multiplicity
EXCLUDED (66,46,45,0): nonintegral-multiplicity
EXCLUDED (66,46,26,46): nonintegral-multiplicity
EXCLUDED (66,47,46,0): nonintegral-multiplicity
EXCLUDED (66,47,28,47): nonintegral-multiplicity
EXCLUDED (66,48,47,0): nonintegral-multiplicity
EXCLUDED (66,48,30,48): nonintegral-multiplicity
EXCLUDED (66,49,48,0): nonintegral-multiplicity
EXCLUDED (66,49,32,49): nonintegral-multiplicity
EXCLUDED (66,50,49,0): nonintegral-multiplicity
EXCLUDED (66,50,46,10): conference-numerator-nonzero
EXCLUDED (66,50,43,20): conference-numerator-nonzero
EXCLUDED (66,50,40,30): conference-numerator-nonzero
EXCLUDED (66,50,37,40): nonintegral-multiplicity
EXCLUDED (66,50,34,50): nonintegral-multiplicity
EXCLUDED (66,51,50,0): nonintegral-multiplicity
EXCLUDED (66,51,36,51): nonintegral-multiplicity
EXCLUDED (66,52,51,0): nonintegral-multiplicity
EXCLUDED (66,52,50,4): conference-numerator-nonzero
EXCLUDED (66,52,49,8): conference-numerator-nonzero
EXCLUDED (66,52,48,12): conference-numerator-nonzero
EXCLUDED (66,52,47,16): conference-numerator-nonzero
EXCLUDED (66,52,46,20): conference-numerator-nonzero
EXCLUDED (66,52,45,24): conference-numerator-nonzero
EXCLUDED (66,52,44,28): conference-numerator-nonzero
EXCLUDED (66,52,43,32): conference-numerator-nonzero
EXCLUDED (66,52,42,36): nonintegral-multiplicity
EXCLUDED (66,52,41,40): nonintegral-multiplicity
EXCLUDED (66,52,40,44): conference-numerator-nonzero
EXCLUDED (66,52,39,48): conference-numerator-nonzero
EXCLUDED (66,52,38,52): nonintegral-multiplicity
EXCLUDED (66,53,52,0): nonintegral-multiplicity
EXCLUDED (66,53,40,53): nonintegral-multiplicity
EXCLUDED (66,54,53,0): nonintegral-multiplicity
EXCLUDED (66,54,42,54): nonintegral-multiplicity
EXCLUDED (66,55,54,0): nonintegral-multiplicity
EXCLUDED (66,55,52,11): conference-numerator-nonzero
EXCLUDED (66,55,50,22): conference-numerator-nonzero
EXCLUDED (66,55,48,33): conference-numerator-nonzero
EXCLUDED (66,55,46,44): conference-numerator-nonzero
EXCLUDED (66,55,44,55): eigenvalue-sign
EXCLUDED (66,56,55,0): nonintegral-multiplicity
EXCLUDED (66,56,46,56): nonintegral-multiplicity
EXCLUDED (66,57,56,0): nonintegral-multiplicity
EXCLUDED (66,57,48,57): nonintegral-multiplicity
EXCLUDED (66,58,57,0): nonintegral-multiplicity
EXCLUDED (66,58,50,58): nonintegral-multiplicity
EXCLUDED (66,59,58,0): nonintegral-multiplicity
EXCLUDED (66,59,52,59): nonintegral-multiplicity
EXCLUDED (66,60,59,0): nonintegral-multiplicity
EXCLUDED (66,60,58,12): conference-numerator-nonzero
EXCLUDED (66,60,57,24): conference-numerator-nonzero
EXCLUDED (66,60,56,36): conference-numerator-nonzero
EXCLUDED (66,60,55,48): conference-numerator-nonzero
EXCLUDED (66,60,54,60): eigenvalue-sign
EXCLUDED (66,61,60,0): nonintegral-multiplicity
EXCLUDED (66,61,56,61): nonintegral-multiplicity
EXCLUDED (66,62,61,0): nonintegral-multiplicity
EXCLUDED (66,62,58,62): nonintegral-multiplicity
EXCLUDED (66,63,62,0): nonintegral-multiplicity
EXCLUDED (66,63,60,63): eigenvalue-sign
EXCLUDED (66,64,63,0): nonintegral-multiplicity
EXCLUDED (66,64,62,64): eigenvalue-sign
EXCLUDED (67,2,1,0): nonintegral-multiplicity
EXCLUDED (67,3,2,0): nonintegral-multiplicity
EXCLUDED (67,4,3,0): nonintegral-multiplicity
EXCLUDED (67,5,4,0): nonintegral-multiplicity
EXCLUDED (67,6,5,0): nonintegral-multiplicity
EXCLUDED (67,7,6,0): nonintegral-multiplicity
EXCLUDED (67,8,7,0): nonintegral-multiplicity
EXCLUDED (67,9,8,0): nonintegral-multiplicity
EXCLUDED (67,10,9,0): nonintegral-multiplicity
EXCLUDED (67,11,10,0): nonintegral-multiplicity
EXCLUDED (67,11,5,1): conference-numerator-nonzero
EXCLUDED (67,11,0,2): conference-numerator-nonzero
EXCLUDED (67,12,11,0): nonintegral-multiplicity
EXCLUDED (67,12,2,2): conference-numerator-nonzero
EXCLUDED (67,13,12,0): nonintegral-multiplicity
EXCLUDED (67,14,13,0): nonintegral-multiplicity
EXCLUDED (67,15,14,0): nonintegral-multiplicity
EXCLUDED (67,16,15,0): nonintegral-multiplicity
EXCLUDED (67,17,16,0): nonintegral-multiplicity
EXCLUDED (67,18,17,0): nonintegral-multiplicity
EXCLUDED (67,18,9,3): conference-numerator-nonzero
EXCLUDED (67,18,1,6): conference-numerator-nonzero
EXCLUDED (67,19,18,0): nonintegral-multiplicity
EXCLUDED (67,20,19,0): nonintegral-multiplicity
EXCLUDED (67,21,20,0): nonintegral-multiplicity
EXCLUDED (67,21,5,7): conference-numerator-nonzero
EXCLUDED (67,22,21,0): nonintegral-multiplicity
EXCLUDED (67,22,19,1): conference-numerator-nonzero
EXCLUDED (67,22,17,2): conference-numerator-nonzero
EXCLUDED (67,22,15,3): conference-numerator-nonzero
EXCLUDED (67,22,13,4): conference-numerator-nonzero
EXCLUDED (67,22,11,5): conference-numerator-nonzero
EXCLUDED (67,22,9,6): conference-numerator-nonzero
EXCLUDED (67,22,7,7): conference-numerator-nonzero
EXCLUDED (67,22,5,8): conference-numerator-nonzero
EXCLUDED (67,22,3,9): conference-numerator-nonzero
EXCLUDED (67,22,1,10): conference-numerator-nonzero
EXCLUDED (67,23,22,0): nonintegral-multiplicity
EXCLUDED (67,24,23,0): nonintegral-multiplicity
EXCLUDED (67,24,16,4): conference-numerator-nonzero
EXCLUDED (67,24,9,8): conference-numerator-nonzero
EXCLUDED (67,24,2,12): conference-numerator-nonzero
EXCLUDED (67,25,24,0): nonintegral-multiplicity
EXCLUDED (67,26,25,0): nonintegral-multiplicity
EXCLUDED (67,26,5,13): conference-numerator-nonzero
EXCLUDED (67,27,26,0): nonintegral-multiplicity
EXCLUDED (67,27,13,9): conference-numerator-nonzero
EXCLUDED (67,27,0,18): conference-numerator-nonzero
EXCLUDED (67,28,27,0): nonintegral-multiplicity
EXCLUDED (67,28,8,14): conference-numerator-nonzero
EXCLUDED (67,29,28,0): nonintegral-multiplicity
EXCLUDED (67,30,29,0): nonintegral-multiplicity
EXCLUDED (67,30,23,5): conference-numerator-nonzero
EXCLUDED (67,30,17,10): conference-numerator-nonzero
EXCLUDED (67,30,11,15): conference-numerator-nonzero
EXCLUDED (67,30,5,20): conference-numerator-nonzero
EXCLUDED (67,31,30,0): nonintegral-multiplicity
EXCLUDED (67,32,31,0): nonintegral-multiplicity
EXCLUDED (67,32,14,16): conference-numerator-nonzero
EXCLUDED (67,33,32,0): nonintegral-multiplicity
EXCLUDED (67,33,31,1): conference-numerator-nonzero
EXCLUDED (67,33,30,2): conference-numerator-nonzero
EXCLUDED (67,33,29,3): conference-numerator-nonzero
EXCLUDED (67,33,28,4): conference-numerator-nonzero
EXCLUDED (67,33,27,5): conference-numerator-nonzero
EXCLUDED (67,33,26,6): conference-numerator-nonzero
EXCLUDED (67,33,25,7): conference-numerator-nonzero
EXCLUDED (67,33,24,8): conference-numerator-nonzero
EXCLUDED (67,33,23,9): conference-numerator-nonzero
EXCLUDED (67,33,22,10): conference-numerator-nonzero
EXCLUDED (67,33,21,11): conference-numerator-nonzero
EXCLUDED (67,33,20,12): conference-numerator-nonzero
EXCLUDED (67,33,19,13): conference-numerator-nonzero
EXCLUDED (67,33,18,14): conference-numerator-nonzero
EXCLUDED (67,33,17,15): conference-numerator-nonzero
EXCLUDED (67,33,16,16): conference-numerator-nonzero
EXCLUDED (67,33,15,17): conference-numerator-nonzero
EXCLUDED (67,33,14,18): conference-numerator-nonzero
EXCLUDED (67,33,13,19): conference-numerator-nonzero
EXCLUDED (67,33,12,20): conference-numerator-nonzero
EXCLUDED (67,33,11,21): conference-numerator-nonzero
EXCLUDED (67,33,10,22): conference-numerator-nonzero
EXCLUDED (67,33,9,23): conference-numerator-nonzero
EXCLUDED (67,33,8,24): conference-numerator-nonzero
EXCLUDED (67,33,7,25): conference-numerator-nonzero
EXCLUDED (67,33,6,26): conference-numerator-nonzero
EXCLUDED (67,33,5,27): conference-numerator-nonzero
EXCLUDED (67,33,4,28): conference-numerator-nonzero
EXCLUDED (67,33,3,29): conference-numerator-nonzero
EXCLUDED (67,33,2,30): conference-numerator-nonzero
EXCLUDED (67,33,1,31): conference-numerator-nonzero
EXCLUDED (67,33,0,32): conference-numerator-nonzero
EXCLUDED (67,34,33,0): nonintegral-multiplicity
EXCLUDED (67,34,17,17): conference-numerator-nonzero
EXCLUDED (67,34,1,34): nonintegral-multiplicity
EXCLUDED (67,35,34,0): nonintegral-multiplicity
EXCLUDED (67,35,3,35): nonintegral-multiplicity
EXCLUDED (67,36,35,0): nonintegral-multiplicity
EXCLUDED (67,36,30,6): conference-numerator-nonzero
EXCLUDED (67,36,25,12): conference-numerator-nonzero
EXCLUDED (67,36,20,18): conference-numerator-nonzero
EXCLUDED (67,36,15,24): conference-numerator-nonzero
EXCLUDED (67,36,10,30): conference-numerator-nonzero
EXCLUDED (67,36,5,36): nonintegral-multiplicity
EXCLUDED (67,37,36,0): nonintegral-multiplicity
EXCLUDED (67,37,7,37): nonintegral-multiplicity
EXCLUDED (67,38,37,0): nonintegral-multiplicity
EXCLUDED (67,38,23,19): conference-numerator-nonzero
EXCLUDED (67,38,9,38): nonintegral-multiplicity
EXCLUDED (67,39,38,0): nonintegral-multiplicity
EXCLUDED (67,39,29,13): conference-numerator-nonzero
EXCLUDED (67,39,20,26): conference-numerator-nonzero
EXCLUDED (67,39,11,39): nonintegral-multiplicity
EXCLUDED (67,40,39,0): nonintegral-multiplicity
EXCLUDED (67,40,26,20): conference-numerator-nonzero
EXCLUDED (67,40,13,40): nonintegral-multiplicity
EXCLUDED (67,41,40,0): nonintegral-multiplicity
EXCLUDED (67,41,15,41): nonintegral-multiplicity
EXCLUDED (67,42,41,0): nonintegral-multiplicity
EXCLUDED (67,42,37,7): conference-numerator-nonzero
EXCLUDED (67,42,33,14): conference-numerator-nonzero
EXCLUDED (67,42,29,21): conference-numerator-nonzero
EXCLUDED (67,42,25,28): conference-numerator-nonzero
EXCLUDED (67,42,21,35): conference-numerator-nonzero
EXCLUDED (67,42,17,42): nonintegral-multiplicity
EXCLUDED (67,43,42,0): nonintegral-multiplicity
EXCLUDED (67,43,19,43): nonintegral-multiplicity
EXCLUDED (67,44,43,0): nonintegral-multiplicity
EXCLUDED (67,44,42,2): conference-numerator-nonzero
EXCLUDED (67,44,41,4): conference-numerator-nonzero
EXCLUDED (67,44,40,6): conference-numerator-nonzero
EXCLUDED (67,44,39,8): conference-numerator-nonzero
EXCLUDED (67,44,38,10): conference-numerator-nonzero
EXCLUDED (67,44,37,12): conference-numerator-nonzero
EXCLUDED (67,44,36,14): conference-numerator-nonzero
EXCLUDED (67,44,35,16): conference-numerator-nonzero
EXCLUDED (67,44,34,18): conference-numerator-nonzero
EXCLUDED (67,44,33,20): conference-numerator-nonzero
EXCLUDED (67,44,32,22): conference-numerator-nonzero
EXCLUDED (67,44,31,24): conference-numerator-nonzero
EXCLUDED (67,44,30,26): conference-numerator-nonzero
EXCLUDED (67,44,29,28): conference-numerator-nonzero
EXCLUDED (67,44,28,30): conference-numerator-nonzero
EXCLUDED (67,44,27,32): conference-numerator-nonzero
EXCLUDED (67,44,26,34): conference-numerator-nonzero
EXCLUDED (67,44,25,36): conference-numerator-nonzero
EXCLUDED (67,44,24,38): conference-numerator-nonzero
EXCLUDED (67,44,23,40): conference-numerator-nonzero
EXCLUDED (67,44,22,42): conference-numerator-nonzero
EXCLUDED (67,44,21,44): nonintegral-multiplicity
EXCLUDED (67,45,44,0): nonintegral-multiplicity
EXCLUDED (67,45,37,15): conference-numerator-nonzero
EXCLUDED (67,45,30,30): conference-numerator-nonzero
EXCLUDED (67,45,23,45): nonintegral-multiplicity
EXCLUDED (67,46,45,0): nonintegral-multiplicity
EXCLUDED (67,46,35,23): conference-numerator-nonzero
EXCLUDED (67,46,25,46): nonintegral-multiplicity
EXCLUDED (67,47,46,0): nonintegral-multiplicity
EXCLUDED (67,47,27,47): nonintegral-multiplicity
EXCLUDED (67,48,47,0): nonintegral-multiplicity
EXCLUDED (67,48,44,8): conference-numerator-nonzero
EXCLUDED (67,48,41,16): conference-numerator-nonzero
EXCLUDED (67,48,38,24): conference-numerator-nonzero
EXCLUDED (67,48,35,32): conference-numerator-nonzero
EXCLUDED (67,48,32,40): conference-numerator-nonzero
EXCLUDED (67,48,29,48): nonintegral-multiplicity
EXCLUDED (67,49,48,0): nonintegral-multiplicity
EXCLUDED (67,49,31,49): nonintegral-multiplicity
EXCLUDED (67,50,49,0): nonintegral-multiplicity
EXCLUDED (67,50,41,25): conference-numerator-nonzero
EXCLUDED (67,50,33,50): nonintegral-multiplicity
EXCLUDED (67,51,50,0): nonintegral-multiplicity
EXCLUDED (67,51,45,17): conference-numerator-nonzero
EXCLUDED (67,51,40,34): conference-numerator-nonzero
EXCLUDED (67,51,35,51): nonintegral-multiplicity
EXCLUDED (67,52,51,0): nonintegral-multiplicity
EXCLUDED (67,52,44,26): conference-numerator-nonzero
EXCLUDED (67,52,37,52): nonintegral-multiplicity
EXCLUDED (67,53,52,0): nonintegral-multiplicity
EXCLUDED (67,53,39,53): nonintegral-multiplicity
EXCLUDED (67,54,53,0): nonintegral-multiplicity
EXCLUDED (67,54,51,9): conference-numerator-nonzero
EXCLUDED (67,54,49,18): conference-numerator-nonzero
EXCLUDED (67,54,47,27): conference-numerator-nonzero
EXCLUDED (67,54,45,36): conference-numerator-nonzero
EXCLUDED (67,54,43,45): conference-numerator-nonzero
EXCLUDED (67,54,41,54): nonintegral-multiplicity
EXCLUDED (67,55,54,0): nonintegral-multiplicity
EXCLUDED (67,55,53,5): conference-numerator-nonzero
EXCLUDED (67,55,52,10): conference-numerator-nonzero
EXCLUDED (67,55,51,15): conference-numerator-nonzero
EXCLUDED (67,55,50,20): conference-numerator-nonzero
EXCLUDED (67,55,49,25): conference-numerator-nonzero
EXCLUDED (67,55,48,30): conference-numerator-nonzero
EXCLUDED (67,55,47,35): conference-numerator-nonzero
EXCLUDED (67,55,46,40): conference-numerator-nonzero
EXCLUDED (67,55,45,45): conference-numerator-nonzero
EXCLUDED (67,55,44,50): conference-numerator-nonzero
EXCLUDED (67,55,43,55): nonintegral-multiplicity
EXCLUDED (67,56,55,0): nonintegral-multiplicity
EXCLUDED (67,56,50,28): conference-numerator-nonzero
EXCLUDED (67,56,45,56): nonintegral-multiplicity
EXCLUDED (67,57,56,0): nonintegral-multiplicity
EXCLUDED (67,57,53,19): conference-numerator-nonzero
EXCLUDED (67,57,50,38): conference-numerator-nonzero
EXCLUDED (67,57,47,57): nonintegral-multiplicity
EXCLUDED (67,58,57,0): nonintegral-multiplicity
EXCLUDED (67,58,53,29): conference-numerator-nonzero
EXCLUDED (67,58,49,58): nonintegral-multiplicity
EXCLUDED (67,59,58,0): nonintegral-multiplicity
EXCLUDED (67,59,51,59): nonintegral-multiplicity
EXCLUDED (67,60,59,0): nonintegral-multiplicity
EXCLUDED (67,60,58,10): conference-numerator-nonzero
EXCLUDED (67,60,57,20): conference-numerator-nonzero
EXCLUDED (67,60,56,30): conference-numerator-nonzero
EXCLUDED (67,60,55,40): conference-numerator-nonzero
EXCLUDED (67,60,54,50): conference-numerator-nonzero
EXCLUDED (67,60,53,60): nonintegral-multiplicity
EXCLUDED (67,61,60,0): nonintegral-multiplicity
EXCLUDED (67,61,55,61): nonintegral-multiplicity
EXCLUDED (67,62,61,0): nonintegral-multiplicity
EXCLUDED (67,62,59,31): conference-numerator-nonzero
EXCLUDED (67,62,57,62): nonintegral-multiplicity
EXCLUDED (67,63,62,0): nonintegral-multiplicity
EXCLUDED (67,63,61,21): conference-numerator-nonzero
EXCLUDED (67,63,60,42): conference-numerator-nonzero
EXCLUDED (67,63,59,63): nonintegral-multiplicity
EXCLUDED (67,64,63,0): nonintegral-multiplicity
EXCLUDED (67,64,62,32): conference-numerator-nonzero
EXCLUDED (67,64,61,64): nonintegral-multiplicity
EXCLUDED (67,65,64,0): nonintegral-multiplicity
EXCLUDED (67,65,63,65): nonintegral-multiplicity
EXCLUDED (68,2,1,0): nonintegral-multiplicity
EXCLUDED (68,4,3,0): nonintegral-multiplicity
EXCLUDED (68,5,4,0): nonintegral-multiplicity
EXCLUDED (68,6,5,0): nonintegral-multiplicity
EXCLUDED (68,7,6,0): nonintegral-multiplicity
EXCLUDED (68,8,7,0): nonintegral-multiplicity
EXCLUDED (68,9,8,0): nonintegral-multiplicity
EXCLUDED (68,10,9,0): nonintegral-multiplicity
EXCLUDED (68,11,10,0): nonintegral-multiplicity
EXCLUDED (68,12,11,0): nonintegral-multiplicity
EXCLUDED (68,13,12,0): nonintegral-multiplicity
EXCLUDED (68,14,13,0): nonintegral-multiplicity
EXCLUDED (68,15,14,0): nonintegral-multiplicity
EXCLUDED (68,17,16,0): nonintegral-multiplicity
EXCLUDED (68,18,17,0): nonintegral-multiplicity
EXCLUDED (68,19,18,0): nonintegral-multiplicity
EXCLUDED (68,20,19,0): nonintegral-multiplicity
EXCLUDED (68,21,20,0): nonintegral-multiplicity
EXCLUDED (68,22,21,0): nonintegral-multiplicity
EXCLUDED (68,23,22,0): nonintegral-multiplicity
EXCLUDED (68,24,23,0): nonintegral-multiplicity
EXCLUDED (68,25,24,0): nonintegral-multiplicity
EXCLUDED (68,26,25,0): nonintegral-multiplicity
EXCLUDED (68,27,26,0): nonintegral-multiplicity
EXCLUDED (68,28,27,0): nonintegral-multiplicity
EXCLUDED (68,29,28,0): nonintegral-multiplicity
EXCLUDED (68,30,29,0): nonintegral-multiplicity
EXCLUDED (68,31,30,0): nonintegral-multiplicity
EXCLUDED (68,32,31,0): nonintegral-multiplicity
EXCLUDED (68,34,33,0): nonintegral-multiplicity
EXCLUDED (68,34,0,34): eigenvalue-sign
EXCLUDED (68,35,34,0): nonintegral-multiplicity
EXCLUDED (68,35,2,35): nonintegral-multiplicity
EXCLUDED (68,36,35,0): nonintegral-multiplicity
EXCLUDED (68,36,4,36): nonintegral-multiplicity
EXCLUDED (68,37,36,0): nonintegral-multiplicity
EXCLUDED (68,37,6,37): nonintegral-multiplicity
EXCLUDED (68,38,37,0): nonintegral-multiplicity
EXCLUDED (68,38,8,38): nonintegral-multiplicity
EXCLUDED (68,39,38,0): nonintegral-multiplicity
EXCLUDED (68,39,10,39): nonintegral-multiplicity
EXCLUDED (68,40,39,0): nonintegral-multiplicity
EXCLUDED (68,40,12,40): nonintegral-multiplicity
EXCLUDED (68,41,40,0): nonintegral-multiplicity
EXCLUDED (68,41,14,41): nonintegral-multiplicity
EXCLUDED (68,42,41,0): nonintegral-multiplicity
EXCLUDED (68,42,16,42): nonintegral-multiplicity
EXCLUDED (68,43,42,0): nonintegral-multiplicity
EXCLUDED (68,43,18,43): nonintegral-multiplicity
EXCLUDED (68,44,43,0): nonintegral-multiplicity
EXCLUDED (68,44,20,44): nonintegral-multiplicity
EXCLUDED (68,45,44,0): nonintegral-multiplicity
EXCLUDED (68,45,22,45): nonintegral-multiplicity
EXCLUDED (68,46,45,0): nonintegral-multiplicity
EXCLUDED (68,46,24,46): nonintegral-multiplicity
EXCLUDED (68,47,46,0): nonintegral-multiplicity
EXCLUDED (68,47,26,47): nonintegral-multiplicity
EXCLUDED (68,48,47,0): nonintegral-multiplicity
EXCLUDED (68,48,28,48): nonintegral-multiplicity
EXCLUDED (68,49,48,0): nonintegral-multiplicity
EXCLUDED (68,49,30,49): nonintegral-multiplicity
EXCLUDED (68,50,49,0): nonintegral-multiplicity
EXCLUDED (68,50,32,50): nonintegral-multiplicity
EXCLUDED (68,51,50,0): nonintegral-multiplicity
EXCLUDED (68,51,34,51): eigenvalue-sign
EXCLUDED (68,52,51,0): nonintegral-multiplicity
EXCLUDED (68,52,36,52): nonintegral-multiplicity
EXCLUDED (68,53,52,0): nonintegral-multiplicity
EXCLUDED (68,53,38,53): nonintegral-multiplicity
EXCLUDED (68,54,53,0): nonintegral-multiplicity
EXCLUDED (68,54,40,54): nonintegral-multiplicity
EXCLUDED (68,55,54,0): nonintegral-multiplicity
EXCLUDED (68,55,42,55): nonintegral-multiplicity
EXCLUDED (68,56,55,0): nonintegral-multiplicity
EXCLUDED (68,56,44,56): nonintegral-multiplicity
EXCLUDED (68,57,56,0): nonintegral-multiplicity
EXCLUDED (68,57,46,57): nonintegral-multiplicity
EXCLUDED (68,58,57,0): nonintegral-multiplicity
EXCLUDED (68,58,48,58): nonintegral-multiplicity
EXCLUDED (68,59,58,0): nonintegral-multiplicity
EXCLUDED (68,59,50,59): nonintegral-multiplicity
EXCLUDED (68,60,59,0): nonintegral-multiplicity
EXCLUDED (68,60,52,60): nonintegral-multiplicity
EXCLUDED (68,61,60,0): nonintegral-multiplicity
EXCLUDED (68,61,54,61): nonintegral-multiplicity
EXCLUDED (68,62,61,0): nonintegral-multiplicity
EXCLUDED (68,62,56,62): nonintegral-multiplicity
EXCLUDED (68,63,62,0): nonintegral-multiplicity
EXCLUDED (68,63,58,63): nonintegral-multiplicity
EXCLUDED (68,64,63,0): nonintegral-multiplicity
EXCLUDED (68,64,60,64): eigenvalue-sign
EXCLUDED (68,65,64,0): nonintegral-multiplicity
EXCLUDED (68,65,62,65): nonintegral-multiplicity
EXCLUDED (68,66,65,0): nonintegral-multiplicity
EXCLUDED (68,66,64,66): eigenvalue-sign
EXCLUDED (69,3,2,0): nonintegral-multiplicity
EXCLUDED (69,4,3,0): nonintegral-multiplicity
EXCLUDED (69,5,4,0): nonintegral-multiplicity
EXCLUDED (69,6,5,0): nonintegral-multiplicity
EXCLUDED (69,7,6,0): nonintegral-multiplicity
EXCLUDED (69,8,7,0): nonintegral-multiplicity
EXCLUDED (69,9,8,0): nonintegral-multiplicity
EXCLUDED (69,10,9,0): nonintegral-multiplicity
EXCLUDED (69,11,10,0): nonintegral-multiplicity
EXCLUDED (69,12,11,0): nonintegral-multiplicity
EXCLUDED (69,13,12,0): nonintegral-multiplicity
EXCLUDED (69,14,13,0): nonintegral-multiplicity
EXCLUDED (69,15,14,0): nonintegral-multiplicity
EXCLUDED (69,16,15,0): nonintegral-multiplicity
EXCLUDED (69,16,2,4): conference-numerator-nonzero
EXCLUDED (69,17,16,0): nonintegral-multiplicity
EXCLUDED (69,17,13,1): conference-numerator-nonzero
EXCLUDED (69,17,10,2): conference-numerator-nonzero
EXCLUDED (69,17,7,3): conference-numerator-nonzero
EXCLUDED (69,17,4,4): conference-numerator-nonzero
EXCLUDED (69,17,1,5): nonintegral-multiplicity
EXCLUDED (69,18,17,0): nonintegral-multiplicity
EXCLUDED (69,19,18,0): nonintegral-multiplicity
EXCLUDED (69,20,19,0): nonintegral-multiplicity
EXCLUDED (69,21,20,0): nonintegral-multiplicity
EXCLUDED (69,23,22,0): nonintegral-multiplicity
EXCLUDED (69,24,23,0): nonintegral-multiplicity
EXCLUDED (69,24,12,6): conference-numerator-nonzero
EXCLUDED (69,24,1,12): nonintegral-multiplicity
EXCLUDED (69,25,24,0): nonintegral-multiplicity
EXCLUDED (69,26,25,0): nonintegral-multiplicity
EXCLUDED (69,26,4,13): conference-numerator-nonzero
EXCLUDED (69,27,26,0): nonintegral-multiplicity
EXCLUDED (69,28,27,0): nonintegral-multiplicity
EXCLUDED (69,28,17,7): conference-numerator-nonzero
EXCLUDED (69,28,7,14): conference-numerator-nonzero
EXCLUDED (69,29,28,0): nonintegral-multiplicity
EXCLUDED (69,30,29,0): nonintegral-multiplicity
EXCLUDED (69,30,10,15): conference-numerator-nonzero
EXCLUDED (69,31,30,0): nonintegral-multiplicity
EXCLUDED (69,32,31,0): nonintegral-multiplicity
EXCLUDED (69,32,22,8): conference-numerator-nonzero
EXCLUDED (69,32,13,16): conference-numerator-nonzero
EXCLUDED (69,32,4,24): conference-numerator-nonzero
EXCLUDED (69,33,32,0): nonintegral-multiplicity
EXCLUDED (69,34,33,0): nonintegral-multiplicity
EXCLUDED (69,34,32,1): conference-numerator-nonzero
EXCLUDED (69,34,31,2): conference-numerator-nonzero
EXCLUDED (69,34,30,3): conference-numerator-nonzero
EXCLUDED (69,34,29,4): conference-numerator-nonzero
EXCLUDED (69,34,28,5): conference-numerator-nonzero
EXCLUDED (69,34,27,6): conference-numerator-nonzero
EXCLUDED (69,34,26,7): conference-numerator-nonzero
EXCLUDED (69,34,25,8): conference-numerator-nonzero
EXCLUDED (69,34,24,9): conference-numerator-nonzero
EXCLUDED (69,34,23,10): conference-numerator-nonzero
EXCLUDED (69,34,22,11): conference-numerator-nonzero
EXCLUDED (69,34,21,12): nonintegral-multiplicity
EXCLUDED (69,34,20,13): conference-numerator-nonzero
EXCLUDED (69,34,19,14): conference-numerator-nonzero
EXCLUDED (69,34,18,15): conference-numerator-nonzero
EXCLUDED (69,34,17,16): conference-numerator-nonzero
EXCLUDED (69,34,15,18): conference-numerator-nonzero
EXCLUDED (69,34,14,19): conference-numerator-nonzero
EXCLUDED (69,34,13,20): conference-numerator-nonzero
EXCLUDED (69,34,12,21): conference-numerator-nonzero
EXCLUDED (69,34,11,22): nonintegral-multiplicity
EXCLUDED (69,34,10,23): conference-numerator-nonzero
EXCLUDED (69,34,9,24): conference-numerator-nonzero
EXCLUDED (69,34,8,25): conference-numerator-nonzero
EXCLUDED (69,34,7,26): conference-numerator-nonzero
EXCLUDED (69,34,6,27): conference-numerator-nonzero
EXCLUDED (69,34,5,28): conference-numerator-nonzero
EXCLUDED (69,34,4,29): conference-numerator-nonzero
EXCLUDED (69,34,3,30): conference-numerator-nonzero
EXCLUDED (69,34,2,31): conference-numerator-nonzero
EXCLUDED (69,34,1,32): conference-numerator-nonzero
EXCLUDED (69,34,0,33): conference-numerator-nonzero
EXCLUDED (69,35,34,0): nonintegral-multiplicity
EXCLUDED (69,35,1,35): nonintegral-multiplicity
EXCLUDED (69,36,35,0): nonintegral-multiplicity
EXCLUDED (69,36,27,9): conference-numerator-nonzero
EXCLUDED (69,36,19,18): conference-numerator-nonzero
EXCLUDED (69,36,11,27): conference-numerator-nonzero
EXCLUDED (69,36,3,36): nonintegral-multiplicity
EXCLUDED (69,37,36,0): nonintegral-multiplicity
EXCLUDED (69,37,5,37): nonintegral-multiplicity
EXCLUDED (69,38,37,0): nonintegral-multiplicity
EXCLUDED (69,38,22,19): conference-numerator-nonzero
EXCLUDED (69,38,7,38): nonintegral-multiplicity
EXCLUDED (69,39,38,0): nonintegral-multiplicity
EXCLUDED (69,39,9,39): nonintegral-multiplicity
EXCLUDED (69,40,39,0): nonintegral-multiplicity
EXCLUDED (69,40,32,10): conference-numerator-nonzero
EXCLUDED (69,40,25,20): conference-numerator-nonzero
EXCLUDED (69,40,18,30): conference-numerator-nonzero
EXCLUDED (69,40,11,40): nonintegral-multiplicity
EXCLUDED (69,41,40,0): nonintegral-multiplicity
EXCLUDED (69,41,13,41): nonintegral-multiplicity
EXCLUDED (69,42,41,0): nonintegral-multiplicity
EXCLUDED (69,42,28,21): conference-numerator-nonzero
EXCLUDED (69,42,15,42): nonintegral-multiplicity
EXCLUDED (69,43,42,0): nonintegral-multiplicity
EXCLUDED (69,43,17,43): nonintegral-multiplicity
EXCLUDED (69,44,43,0): nonintegral-multiplicity
EXCLUDED (69,44,37,11): conference-numerator-nonzero
EXCLUDED (69,44,31,22): nonintegral-multiplicity
EXCLUDED (69,44,25,33): conference-numerator-nonzero
EXCLUDED (69,44,19,44): nonintegral-multiplicity
EXCLUDED (69,45,44,0): nonintegral-multiplicity
EXCLUDED (69,45,21,45): nonintegral-multiplicity
EXCLUDED (69,46,45,0): nonintegral-multiplicity
EXCLUDED (69,46,34,23): conference-numerator-nonzero
EXCLUDED (69,46,23,46): eigenvalue-sign
EXCLUDED (69,47,46,0): nonintegral-multiplicity
EXCLUDED (69,47,25,47): nonintegral-multiplicity
EXCLUDED (69,48,47,0): nonintegral-multiplicity
EXCLUDED (69,48,42,12): conference-numerator-nonzero
EXCLUDED (69,48,37,24): conference-numerator-nonzero
EXCLUDED (69,48,27,48): nonintegral-multiplicity
EXCLUDED (69,49,48,0): nonintegral-multiplicity
EXCLUDED (69,49,29,49): nonintegral-multiplicity
EXCLUDED (69,50,49,0): nonintegral-multiplicity
EXCLUDED (69,50,40,25): conference-numerator-nonzero
EXCLUDED (69,50,31,50): nonintegral-multiplicity
EXCLUDED (69,51,50,0): nonintegral-multiplicity
EXCLUDED (69,51,49,3): conference-numerator-nonzero
EXCLUDED (69,51,48,6): conference-numerator-nonzero
EXCLUDED (69,51,47,9): conference-numerator-nonzero
EXCLUDED (69,51,46,12): conference-numerator-nonzero
EXCLUDED (69,51,45,15): conference-numerator-nonzero
EXCLUDED (69,51,44,18): conference-numerator-nonzero
EXCLUDED (69,51,43,21): conference-numerator-nonzero
EXCLUDED (69,51,42,24): conference-numerator-nonzero
EXCLUDED (69,51,41,27): conference-numerator-nonzero
EXCLUDED (69,51,40,30): conference-numerator-nonzero
EXCLUDED (69,51,39,33): conference-numerator-nonzero
EXCLUDED (69,51,38,36): nonintegral-multiplicity
EXCLUDED (69,51,37,39): conference-numerator-nonzero
EXCLUDED (69,51,36,42): conference-numerator-nonzero
EXCLUDED (69,51,35,45): conference-numerator-nonzero
EXCLUDED (69,51,34,48): conference-numerator-nonzero
EXCLUDED (69,51,33,51): nonintegral-multiplicity
EXCLUDED (69,52,51,0): nonintegral-multiplicity
EXCLUDED (69,52,47,13): conference-numerator-nonzero
EXCLUDED (69,52,43,26): conference-numerator-nonzero
EXCLUDED (69,52,39,39): conference-numerator-nonzero
EXCLUDED (69,52,35,52): nonintegral-multiplicity
EXCLUDED (69,53,52,0): nonintegral-multiplicity
EXCLUDED (69,53,37,53): nonintegral-multiplicity
EXCLUDED (69,54,53,0): nonintegral-multiplicity
EXCLUDED (69,54,46,27): conference-numerator-nonzero
EXCLUDED (69,54,39,54): nonintegral-multiplicity
EXCLUDED (69,55,54,0): nonintegral-multiplicity
EXCLUDED (69,55,41,55): nonintegral-multiplicity
EXCLUDED (69,56,55,0): nonintegral-multiplicity
EXCLUDED (69,56,52,14): conference-numerator-nonzero
EXCLUDED (69,56,49,28): conference-numerator-nonzero
EXCLUDED (69,56,46,42): conference-numerator-nonzero
EXCLUDED (69,56,43,56): nonintegral-multiplicity
EXCLUDED (69,57,56,0): nonintegral-multiplicity
EXCLUDED (69,57,45,57): nonintegral-multiplicity
EXCLUDED (69,58,57,0): nonintegral-multiplicity
EXCLUDED (69,58,52,29): conference-numerator-nonzero
EXCLUDED (69,58,47,58): nonintegral-multiplicity
EXCLUDED (69,59,58,0): nonintegral-multiplicity
EXCLUDED (69,59,49,59): nonintegral-multiplicity
EXCLUDED (69,60,59,0): nonintegral-multiplicity
EXCLUDED (69,60,57,15): conference-numerator-nonzero
EXCLUDED (69,60,55,30): conference-numerator-nonzero
EXCLUDED (69,60,53,45): conference-numerator-nonzero
EXCLUDED (69,60,51,60): nonintegral-multiplicity
EXCLUDED (69,61,60,0): nonintegral-multiplicity
EXCLUDED (69,61,53,61): nonintegral-multiplicity
EXCLUDED (69,62,61,0): nonintegral-multiplicity
EXCLUDED (69,62,58,31): conference-numerator-nonzero
EXCLUDED (69,62,55,62): nonintegral-multiplicity
EXCLUDED (69,63,62,0): nonintegral-multiplicity
EXCLUDED (69,63,57,63): nonintegral-multiplicity
EXCLUDED (69,64,63,0): nonintegral-multiplicity
EXCLUDED (69,64,62,16): conference-numerator-nonzero
EXCLUDED (69,64,61,32): conference-numerator-nonzero
EXCLUDED (69,64,60,48): conference-numerator-nonzero
EXCLUDED (69,64,59,64): nonintegral-multiplicity
EXCLUDED (69,65,64,0): nonintegral-multiplicity
EXCLUDED (69,65,61,65): nonintegral-multiplicity
EXCLUDED (69,66,65,0): nonintegral-multiplicity
EXCLUDED (69,66,64,33): conference-numerator-nonzero
EXCLUDED (69,66,63,66): eigenvalue-sign
EXCLUDED (69,67,66,0): nonintegral-multiplicity
EXCLUDED (69,67,65,67): nonintegral-multiplicity
EXCLUDED (70,2,1,0): nonintegral-multiplicity
EXCLUDED (70,3,2,0): nonintegral-multiplicity
EXCLUDED (70,5,4,0): nonintegral-multiplicity
EXCLUDED (70,7,6,0): nonintegral-multiplicity
EXCLUDED (70,8,7,0): nonintegral-multiplicity
EXCLUDED (70,10,9,0): nonintegral-multiplicity
EXCLUDED (70,11,10,0): nonintegral-multiplicity
EXCLUDED (70,12,11,0): nonintegral-multiplicity
EXCLUDED (70,14,13,0): nonintegral-multiplicity
EXCLUDED (70,15,14,0): nonintegral-multiplicity
EXCLUDED (70,16,15,0): nonintegral-multiplicity
EXCLUDED (70,17,16,0): nonintegral-multiplicity
EXCLUDED (70,18,17,0): nonintegral-multiplicity
EXCLUDED (70,18,0,6): conference-numerator-nonzero
EXCLUDED (70,19,18,0): nonintegral-multiplicity
EXCLUDED (70,20,19,0): nonintegral-multiplicity
EXCLUDED (70,21,20,0): nonintegral-multiplicity
EXCLUDED (70,21,4,7): conference-numerator-nonzero
EXCLUDED (70,22,21,0): nonintegral-multiplicity
EXCLUDED (70,23,22,0): nonintegral-multiplicity
EXCLUDED (70,23,20,1): conference-numerator-nonzero
EXCLUDED (70,23,18,2): conference-numerator-nonzero
EXCLUDED (70,23,16,3): conference-numerator-nonzero
EXCLUDED (70,23,14,4): conference-numerator-nonzero
EXCLUDED (70,23,12,5): nonintegral-multiplicity
EXCLUDED (70,23,10,6): conference-numerator-nonzero
EXCLUDED (70,23,8,7): conference-numerator-nonzero
EXCLUDED (70,23,6,8): nonintegral-multiplicity
EXCLUDED (70,23,4,9): nonintegral-multiplicity
EXCLUDED (70,23,2,10): conference-numerator-nonzero
EXCLUDED (70,23,0,11): nonintegral-multiplicity
EXCLUDED (70,24,23,0): nonintegral-multiplicity
EXCLUDED (70,24,8,8): nonintegral-multiplicity
EXCLUDED (70,25,24,0): nonintegral-multiplicity
EXCLUDED (70,26,25,0): nonintegral-multiplicity
EXCLUDED (70,27,26,0): nonintegral-multiplicity
EXCLUDED (70,28,27,0): nonintegral-multiplicity
EXCLUDED (70,29,28,0): nonintegral-multiplicity
EXCLUDED (70,30,29,0): nonintegral-multiplicity
EXCLUDED (70,30,16,10): conference-numerator-nonzero
EXCLUDED (70,30,3,20): conference-numerator-nonzero
EXCLUDED (70,31,30,0): nonintegral-multiplicity
EXCLUDED (70,32,31,0): nonintegral-multiplicity
EXCLUDED (70,33,32,0): nonintegral-multiplicity
EXCLUDED (70,33,20,11): nonintegral-multiplicity
EXCLUDED (70,33,8,22): conference-numerator-nonzero
EXCLUDED (70,35,34,0): nonintegral-multiplicity
EXCLUDED (70,35,0,35): eigenvalue-sign
EXCLUDED (70,36,35,0): nonintegral-multiplicity
EXCLUDED (70,36,24,12): conference-numerator-nonzero
EXCLUDED (70,36,13,24): nonintegral-multiplicity
EXCLUDED (70,36,2,36): nonintegral-multiplicity
EXCLUDED (70,37,36,0): nonintegral-multiplicity
EXCLUDED (70,37,4,37): nonintegral-multiplicity
EXCLUDED (70,38,37,0): nonintegral-multiplicity
EXCLUDED (70,38,6,38): nonintegral-multiplicity
EXCLUDED (70,39,38,0): nonintegral-multiplicity
EXCLUDED (70,39,28,13): conference-numerator-nonzero
EXCLUDED (70,39,18,26): conference-numerator-nonzero
EXCLUDED (70,39,8,39): nonintegral-multiplicity
EXCLUDED (70,40,39,0): nonintegral-multiplicity
EXCLUDED (70,40,10,40): nonintegral-multiplicity
EXCLUDED (70,41,40,0): nonintegral-multiplicity
EXCLUDED (70,41,12,41): nonintegral-multiplicity
EXCLUDED (70,42,41,0): nonintegral-multiplicity
EXCLUDED (70,42,32,14): conference-numerator-nonzero
EXCLUDED (70,42,14,42): nonintegral-multiplicity
EXCLUDED (70,43,42,0): nonintegral-multiplicity
EXCLUDED (70,43,16,43): nonintegral-multiplicity
EXCLUDED (70,44,43,0): nonintegral-multiplicity
EXCLUDED (70,44,18,44): nonintegral-multiplicity
EXCLUDED (70,45,44,0): nonintegral-multiplicity
EXCLUDED (70,45,36,15): conference-numerator-nonzero
EXCLUDED (70,45,28,30): nonintegral-multiplicity
EXCLUDED (70,45,20,45): nonintegral-multiplicity
EXCLUDED (70,46,45,0): nonintegral-multiplicity
EXCLUDED (70,46,44,2): conference-numerator-nonzero
EXCLUDED (70,46,43,4): conference-numerator-nonzero
EXCLUDED (70,46,42,6): conference-numerator-nonzero
EXCLUDED (70,46,41,8): conference-numerator-nonzero
EXCLUDED (70,46,40,10): conference-numerator-nonzero
EXCLUDED (70,46,39,12): conference-numerator-nonzero
EXCLUDED (70,46,38,14): conference-numerator-nonzero
EXCLUDED (70,46,37,16): conference-numerator-nonzero
EXCLUDED (70,46,36,18): conference-numerator-nonzero
EXCLUDED (70,46,35,20): conference-numerator-nonzero
EXCLUDED (70,46,34,22): conference-numerator-nonzero
EXCLUDED (70,46,33,24): nonintegral-multiplicity
EXCLUDED (70,46,32,26): conference-numerator-nonzero
EXCLUDED (70,46,31,28): nonintegral-multiplicity
EXCLUDED (70,46,30,30): nonintegral-multiplicity
EXCLUDED (70,46,29,32): conference-numerator-nonzero
EXCLUDED (70,46,28,34): conference-numerator-nonzero
EXCLUDED (70,46,27,36): nonintegral-multiplicity
EXCLUDED (70,46,26,38): conference-numerator-nonzero
EXCLUDED (70,46,25,40): conference-numerator-nonzero
EXCLUDED (70,46,24,42): conference-numerator-nonzero
EXCLUDED (70,46,23,44): conference-numerator-nonzero
EXCLUDED (70,46,22,46): nonintegral-multiplicity
EXCLUDED (70,47,46,0): nonintegral-multiplicity
EXCLUDED (70,47,24,47): nonintegral-multiplicity
EXCLUDED (70,48,47,0): nonintegral-multiplicity
EXCLUDED (70,48,40,16): conference-numerator-nonzero
EXCLUDED (70,48,33,32): conference-numerator-nonzero
EXCLUDED (70,48,26,48): nonintegral-multiplicity
EXCLUDED (70,49,48,0): nonintegral-multiplicity
EXCLUDED (70,49,28,49): nonintegral-multiplicity
EXCLUDED (70,50,49,0): nonintegral-multiplicity
EXCLUDED (70,50,30,50): nonintegral-multiplicity
EXCLUDED (70,51,50,0): nonintegral-multiplicity
EXCLUDED (70,51,44,17): conference-numerator-nonzero
EXCLUDED (70,51,38,34): conference-numerator-nonzero
EXCLUDED (70,51,32,51): nonintegral-multiplicity
EXCLUDED (70,52,51,0): nonintegral-multiplicity
EXCLUDED (70,52,34,52): nonintegral-multiplicity
EXCLUDED (70,53,52,0): nonintegral-multiplicity
EXCLUDED (70,53,36,53): nonintegral-multiplicity
EXCLUDED (70,54,53,0): nonintegral-multiplicity
EXCLUDED (70,54,48,18): conference-numerator-nonzero
EXCLUDED (70,54,43,36): nonintegral-multiplicity
EXCLUDED (70,54,38,54): nonintegral-multiplicity
EXCLUDED (70,55,54,0): nonintegral-multiplicity
EXCLUDED (70,55,40,55): nonintegral-multiplicity
EXCLUDED (70,56,55,0): nonintegral-multiplicity
EXCLUDED (70,56,42,56): eigenvalue-sign
EXCLUDED (70,57,56,0): nonintegral-multiplicity
EXCLUDED (70,57,52,19): conference-numerator-nonzero
EXCLUDED (70,57,48,38): conference-numerator-nonzero
EXCLUDED (70,57,44,57): nonintegral-multiplicity
EXCLUDED (70,58,57,0): nonintegral-multiplicity
EXCLUDED (70,58,46,58): nonintegral-multiplicity
EXCLUDED (70,59,58,0): nonintegral-multiplicity
EXCLUDED (70,59,48,59): nonintegral-multiplicity
EXCLUDED (70,60,59,0): nonintegral-multiplicity
EXCLUDED (70,60,56,20): conference-numerator-nonzero
EXCLUDED (70,60,53,40): conference-numerator-nonzero
EXCLUDED (70,60,50,60): eigenvalue-sign
EXCLUDED (70,61,60,0): nonintegral-multiplicity
EXCLUDED (70,61,52,61): nonintegral-multiplicity
EXCLUDED (70,62,61,0): nonintegral-multiplicity
EXCLUDED (70,62,54,62): nonintegral-multiplicity
EXCLUDED (70,63,62,0): nonintegral-multiplicity
EXCLUDED (70,63,60,21): conference-numerator-nonzero
EXCLUDED (70,63,58,42): conference-numerator-nonzero
EXCLUDED (70,63,56,63): eigenvalue-sign
EXCLUDED (70,64,63,0): nonintegral-multiplicity
EXCLUDED (70,64,58,64): nonintegral-multiplicity
EXCLUDED (70,65,64,0): nonintegral-multiplicity
EXCLUDED (70,65,60,65): eigenvalue-sign
EXCLUDED (70,66,65,0): nonintegral-multiplicity
EXCLUDED (70,66,64,22): conference-numerator-nonzero
EXCLUDED (70,66,63,44): conference-numerator-nonzero
EXCLUDED (70,66,62,66): nonintegral-multiplicity
EXCLUDED (70,67,66,0): nonintegral-multiplicity
EXCLUDED (70,67,64,67): nonintegral-multiplicity
EXCLUDED (70,68,67,0): nonintegral-multiplicity
EXCLUDED (70,68,66,68): eigenvalue-sign
EXCLUDED (71,2,1,0): nonintegral-multiplicity
EXCLUDED (71,3,2,0): nonintegral-multiplicity
EXCLUDED (71,4,3,0): nonintegral-multiplicity
EXCLUDED (71,5,4,0): nonintegral-multiplicity
EXCLUDED (71,6,5,0): nonintegral-multiplicity
EXCLUDED (71,7,6,0): nonintegral-multiplicity
EXCLUDED (71,8,7,0): nonintegral-multiplicity
EXCLUDED (71,9,8,0): nonintegral-multiplicity
EXCLUDED (71,10,9,0): nonintegral-multiplicity
EXCLUDED (71,10,3,1): conference-numerator-nonzero
EXCLUDED (71,11,10,0): nonintegral-multiplicity
EXCLUDED (71,12,11,0): nonintegral-multiplicity
EXCLUDED (71,13,12,0): nonintegral-multiplicity
EXCLUDED (71,14,13,0): nonintegral-multiplicity
EXCLUDED (71,14,9,1): conference-numerator-nonzero
EXCLUDED (71,14,5,2): conference-numerator-nonzero
EXCLUDED (71,14,1,3): conference-numerator-nonzero
EXCLUDED (71,15,14,0): nonintegral-multiplicity
EXCLUDED (71,15,3,3): conference-numerator-nonzero
EXCLUDED (71,16,15,0): nonintegral-multiplicity
EXCLUDED (71,17,16,0): nonintegral-multiplicity
EXCLUDED (71,18,17,0): nonintegral-multiplicity
EXCLUDED (71,19,18,0): nonintegral-multiplicity
EXCLUDED (71,20,19,0): nonintegral-multiplicity
EXCLUDED (71,20,14,2): conference-numerator-nonzero
EXCLUDED (71,20,9,4): conference-numerator-nonzero
EXCLUDED (71,20,4,6): conference-numerator-nonzero
EXCLUDED (71,21,20,0): nonintegral-multiplicity
EXCLUDED (71,21,13,3): conference-numerator-nonzero
EXCLUDED (71,21,6,6): conference-numerator-nonzero
EXCLUDED (71,22,21,0): nonintegral-multiplicity
EXCLUDED (71,23,22,0): nonintegral-multiplicity
EXCLUDED (71,24,23,0): nonintegral-multiplicity
EXCLUDED (71,24,0,12): conference-numerator-nonzero
EXCLUDED (71,25,24,0): nonintegral-multiplicity
EXCLUDED (71,25,15,5): conference-numerator-nonzero
EXCLUDED (71,25,6,10): conference-numerator-nonzero
EXCLUDED (71,26,25,0): nonintegral-multiplicity
EXCLUDED (71,26,3,13): conference-numerator-nonzero
EXCLUDED (71,27,26,0): nonintegral-multiplicity
EXCLUDED (71,28,27,0): nonintegral-multiplicity
EXCLUDED (71,28,24,2): conference-numerator-nonzero
EXCLUDED (71,28,21,4): conference-numerator-nonzero
EXCLUDED (71,28,18,6): conference-numerator-nonzero
EXCLUDED (71,28,15,8): conference-numerator-nonzero
EXCLUDED (71,28,12,10): conference-numerator-nonzero
EXCLUDED (71,28,9,12): conference-numerator-nonzero
EXCLUDED (71,28,6,14): conference-numerator-nonzero
EXCLUDED (71,28,3,16): conference-numerator-nonzero
EXCLUDED (71,28,0,18): conference-numerator-nonzero
EXCLUDED (71,29,28,0): nonintegral-multiplicity
EXCLUDED (71,30,29,0): nonintegral-multiplicity
EXCLUDED (71,30,25,3): conference-numerator-nonzero
EXCLUDED (71,30,21,6): conference-numerator-nonzero
EXCLUDED (71,30,17,9): conference-numerator-nonzero
EXCLUDED (71,30,13,12): conference-numerator-nonzero
EXCLUDED (71,30,9,15): conference-numerator-nonzero
EXCLUDED (71,30,5,18): conference-numerator-nonzero
EXCLUDED (71,30,1,21): conference-numerator-nonzero
EXCLUDED (71,31,30,0): nonintegral-multiplicity
EXCLUDED (71,32,31,0): nonintegral-multiplicity
EXCLUDED (71,32,12,16): conference-numerator-nonzero
EXCLUDED (71,33,32,0): nonintegral-multiplicity
EXCLUDED (71,34,33,0): nonintegral-multiplicity
EXCLUDED (71,34,15,17): conference-numerator-nonzero
EXCLUDED (71,35,34,0): nonintegral-multiplicity
EXCLUDED (71,35,33,1): conference-numerator-nonzero
EXCLUDED (71,35,32,2): conference-numerator-nonzero
EXCLUDED (71,35,31,3): conference-numerator-nonzero
EXCLUDED (71,35,30,4): conference-numerator-nonzero
EXCLUDED (71,35,29,5): conference-numerator-nonzero
EXCLUDED (71,35,28,6): conference-numerator-nonzero
EXCLUDED (71,35,27,7): conference-numerator-nonzero
EXCLUDED (71,35,26,8): conference-numerator-nonzero
EXCLUDED (71,35,25,9): conference-numerator-nonzero
EXCLUDED (71,35,24,10): conference-numerator-nonzero
EXCLUDED (71,35,23,11): conference-numerator-nonzero
EXCLUDED (71,35,22,12): conference-numerator-nonzero
EXCLUDED (71,35,21,13): conference-numerator-nonzero
EXCLUDED (71,35,20,14): conference-numerator-nonzero
EXCLUDED (71,35,19,15): conference-numerator-nonzero
EXCLUDED (71,35,18,16): conference-numerator-nonzero
EXCLUDED (71,35,17,17): conference-numerator-nonzero
EXCLUDED (71,35,16,18): conference-numerator-nonzero
EXCLUDED (71,35,15,19): conference-numerator-nonzero
EXCLUDED (71,35,14,20): conference-numerator-nonzero
EXCLUDED (71,35,13,21): conference-numerator-nonzero
EXCLUDED (71,35,12,22): conference-numerator-nonzero
EXCLUDED (71,35,11,23): conference-numerator-nonzero
EXCLUDED (71,35,10,24): conference-numerator-nonzero
EXCLUDED (71,35,9,25): conference-numerator-nonzero
EXCLUDED (71,35,8,26): conference-numerator-nonzero
EXCLUDED (71,35,7,27): conference-numerator-nonzero
EXCLUDED (71,35,6,28): conference-numerator-nonzero
EXCLUDED (71,35,5,29): conference-numerator-nonzero
EXCLUDED (71,35,4,30): conference-numerator-nonzero
EXCLUDED (71,35,3,31): conference-numerator-nonzero
EXCLUDED (71,35,2,32): conference-numerator-nonzero
EXCLUDED (71,35,1,33): conference-numerator-nonzero
EXCLUDED (71,35,0,34): conference-numerator-nonzero
EXCLUDED (71,36,35,0): nonintegral-multiplicity
EXCLUDED (71,36,18,18): conference-numerator-nonzero
EXCLUDED (71,36,1,36): nonintegral-multiplicity
EXCLUDED (71,37,36,0): nonintegral-multiplicity
EXCLUDED (71,37,3,37): nonintegral-multiplicity
EXCLUDED (71,38,37,0): nonintegral-multiplicity
EXCLUDED (71,38,21,19): conference-numerator-nonzero
EXCLUDED (71,38,5,38): nonintegral-multiplicity
EXCLUDED (71,39,38,0): nonintegral-multiplicity
EXCLUDED (71,39,7,39): nonintegral-multiplicity
EXCLUDED (71,40,39,0): nonintegral-multiplicity
EXCLUDED (71,40,36,4): conference-numerator-nonzero
EXCLUDED (71,40,33,8): conference-numerator-nonzero
EXCLUDED (71,40,30,12): conference-numerator-nonzero
EXCLUDED (71,40,27,16): conference-numerator-nonzero
EXCLUDED (71,40,24,20): conference-numerator-nonzero
EXCLUDED (71,40,21,24): conference-numerator-nonzero
EXCLUDED (71,40,18,28): conference-numerator-nonzero
EXCLUDED (71,40,15,32): conference-numerator-nonzero
EXCLUDED (71,40,12,36): conference-numerator-nonzero
EXCLUDED (71,40,9,40): nonintegral-multiplicity
EXCLUDED (71,41,40,0): nonintegral-multiplicity
EXCLUDED (71,41,11,41): nonintegral-multiplicity
EXCLUDED (71,42,41,0): nonintegral-multiplicity
EXCLUDED (71,42,39,3): conference-numerator-nonzero
EXCLUDED (71,42,37,6): conference-numerator-nonzero
EXCLUDED (71,42,35,9): conference-numerator-nonzero
EXCLUDED (71,42,33,12): conference-numerator-nonzero
EXCLUDED (71,42,31,15): conference-numerator-nonzero
EXCLUDED (71,42,29,18): conference-numerator-nonzero
EXCLUDED (71,42,27,21): conference-numerator-nonzero
EXCLUDED (71,42,25,24): conference-numerator-nonzero
EXCLUDED (71,42,23,27): conference-numerator-nonzero
EXCLUDED (71,42,21,30): conference-numerator-nonzero
EXCLUDED (71,42,19,33): conference-numerator-nonzero
EXCLUDED (71,42,17,36): conference-numerator-nonzero
EXCLUDED (71,42,15,39): conference-numerator-nonzero
EXCLUDED (71,42,13,42): nonintegral-multiplicity
EXCLUDED (71,43,42,0): nonintegral-multiplicity
EXCLUDED (71,43,15,43): nonintegral-multiplicity
EXCLUDED (71,44,43,0): nonintegral-multiplicity
EXCLUDED (71,44,30,22): conference-numerator-nonzero
EXCLUDED (71,44,17,44): nonintegral-multiplicity
EXCLUDED (71,45,44,0): nonintegral-multiplicity
EXCLUDED (71,45,39,9): conference-numerator-nonzero
EXCLUDED (71,45,34,18): conference-numerator-nonzero
EXCLUDED (71,45,29,27): conference-numerator-nonzero
EXCLUDED (71,45,24,36): conference-numerator-nonzero
EXCLUDED (71,45,19,45): nonintegral-multiplicity
EXCLUDED (71,46,45,0): nonintegral-multiplicity
EXCLUDED (71,46,33,23): conference-numerator-nonzero
EXCLUDED (71,46,21,46): nonintegral-multiplicity
EXCLUDED (71,47,46,0): nonintegral-multiplicity
EXCLUDED (71,47,23,47): nonintegral-multiplicity
EXCLUDED (71,48,47,0): nonintegral-multiplicity
EXCLUDED (71,48,36,24): conference-numerator-nonzero
EXCLUDED (71,48,25,48): nonintegral-multiplicity
EXCLUDED (71,49,48,0): nonintegral-multiplicity
EXCLUDED (71,49,45,7): conference-numerator-nonzero
EXCLUDED (71,49,42,14): conference-numerator-nonzero
EXCLUDED (71,49,39,21): conference-numerator-nonzero
EXCLUDED (71,49,36,28): conference-numerator-nonzero
EXCLUDED (71,49,33,35): conference-numerator-nonzero
EXCLUDED (71,49,30,42): conference-numerator-nonzero
EXCLUDED (71,49,27,49): nonintegral-multiplicity
EXCLUDED (71,50,49,0): nonintegral-multiplicity
EXCLUDED (71,50,47,5): conference-numerator-nonzero
EXCLUDED (71,50,45,10): conference-numerator-nonzero
EXCLUDED (71,50,43,15): conference-numerator-nonzero
EXCLUDED (71,50,41,20): conference-numerator-nonzero
EXCLUDED (71,50,39,25): conference-numerator-nonzero
EXCLUDED (71,50,37,30): conference-numerator-nonzero
EXCLUDED (71,50,35,35): conference-numerator-nonzero
EXCLUDED (71,50,33,40): conference-numerator-nonzero
EXCLUDED (71,50,31,45): conference-numerator-nonzero
EXCLUDED (71,50,29,50): nonintegral-multiplicity
EXCLUDED (71,51,50,0): nonintegral-multiplicity
EXCLUDED (71,51,31,51): nonintegral-multiplicity
EXCLUDED (71,52,51,0): nonintegral-multiplicity
EXCLUDED (71,52,42,26): conference-numerator-nonzero
EXCLUDED (71,52,33,52): nonintegral-multiplicity
EXCLUDED (71,53,52,0): nonintegral-multiplicity
EXCLUDED (71,53,35,53): nonintegral-multiplicity
EXCLUDED (71,54,53,0): nonintegral-multiplicity
EXCLUDED (71,54,45,27): conference-numerator-nonzero
EXCLUDED (71,54,37,54): nonintegral-multiplicity
EXCLUDED (71,55,54,0): nonintegral-multiplicity
EXCLUDED (71,55,51,11): conference-numerator-nonzero
EXCLUDED (71,55,48,22): conference-numerator-nonzero
EXCLUDED (71,55,45,33): conference-numerator-nonzero
EXCLUDED (71,55,42,44): conference-numerator-nonzero
EXCLUDED (71,55,39,55): nonintegral-multiplicity
EXCLUDED (71,56,55,0): nonintegral-multiplicity
EXCLUDED (71,56,54,4): conference-numerator-nonzero
EXCLUDED (71,56,53,8): conference-numerator-nonzero
EXCLUDED (71,56,52,12): conference-numerator-nonzero
EXCLUDED (71,56,51,16): conference-numerator-nonzero
EXCLUDED (71,56,50,20): conference-numerator-nonzero
EXCLUDED (71,56,49,24): conference-numerator-nonzero
EXCLUDED (71,56,48,28): conference-numerator-nonzero
EXCLUDED (71,56,47,32): conference-numerator-nonzero
EXCLUDED (71,56,46,36): conference-numerator-nonzero
EXCLUDED (71,56,45,40): conference-numerator-nonzero
EXCLUDED (71,56,44,44): conference-numerator-nonzero
EXCLUDED (71,56,43,48): conference-numerator-nonzero
EXCLUDED (71,56,42,52): conference-numerator-nonzero
EXCLUDED (71,56,41,56): nonintegral-multiplicity
EXCLUDED (71,57,56,0): nonintegral-multiplicity
EXCLUDED (71,57,43,57): nonintegral-multiplicity
EXCLUDED (71,58,57,0): nonintegral-multiplicity
EXCLUDED (71,58,51,29): conference-numerator-nonzero
EXCLUDED (71,58,45,58): nonintegral-multiplicity
EXCLUDED (71,59,58,0): nonintegral-multiplicity
EXCLUDED (71,59,47,59): nonintegral-multiplicity
EXCLUDED (71,60,59,0): nonintegral-multiplicity
EXCLUDED (71,60,58,6): conference-numerator-nonzero
EXCLUDED (71,60,57,12): conference-numerator-nonzero
EXCLUDED (71,60,56,18): conference-numerator-nonzero
EXCLUDED (71,60,55,24): conference-numerator-nonzero
EXCLUDED (71,60,54,30): conference-numerator-nonzero
EXCLUDED (71,60,53,36): conference-numerator-nonzero
EXCLUDED (71,60,52,42): conference-numerator-nonzero
EXCLUDED (71,60,51,48): conference-numerator-nonzero
EXCLUDED (71,60,50,54): conference-numerator-nonzero
EXCLUDED (71,60,49,60): nonintegral-multiplicity
EXCLUDED (71,61,60,0): nonintegral-multiplicity
EXCLUDED (71,61,51,61): nonintegral-multiplicity
EXCLUDED (71,62,61,0): nonintegral-multiplicity
EXCLUDED (71,62,57,31): conference-numerator-nonzero
EXCLUDED (71,62,53,62): nonintegral-multiplicity
EXCLUDED (71,63,62,0): nonintegral-multiplicity
EXCLUDED (71,63,61,9): conference-numerator-nonzero
EXCLUDED (71,63,60,18): conference-numerator-nonzero
EXCLUDED (71,63,59,27): conference-numerator-nonzero
EXCLUDED (71,63,58,36): conference-numerator-nonzero
EXCLUDED (71,63,57,45): conference-numerator-nonzero
EXCLUDED (71,63,56,54): conference-numerator-nonzero
EXCLUDED (71,63,55,63): nonintegral-multiplicity
EXCLUDED (71,64,63,0): nonintegral-multiplicity
EXCLUDED (71,64,60,32): conference-numerator-nonzero
EXCLUDED (71,64,57,64): nonintegral-multiplicity
EXCLUDED (71,65,64,0): nonintegral-multiplicity
EXCLUDED (71,65,63,13): conference-numerator-nonzero
EXCLUDED (71,65,62,26): conference-numerator-nonzero
EXCLUDED (71,65,61,39): conference-numerator-nonzero
EXCLUDED (71,65,60,52): conference-numerator-nonzero
EXCLUDED (71,65,59,65): nonintegral-multiplicity
EXCLUDED (71,66,65,0): nonintegral-multiplicity
EXCLUDED (71,66,63,33): conference-numerator-nonzero
EXCLUDED (71,66,61,66): nonintegral-multiplicity
EXCLUDED (71,67,66,0): nonintegral-multiplicity
EXCLUDED (71,67,63,67): nonintegral-multiplicity
EXCLUDED (71,68,67,0): nonintegral-multiplicity
EXCLUDED (71,68,66,34): conference-numerator-nonzero
EXCLUDED (71,68,65,68): nonintegral-multiplicity
EXCLUDED (71,69,68,0): nonintegral-multiplicity
EXCLUDED (71,69,67,69): nonintegral-multiplicity
EXCLUDED (72,4,3,0): nonintegral-multiplicity
EXCLUDED (72,6,5,0): nonintegral-multiplicity
EXCLUDED (72,9,8,0): nonintegral-multiplicity
EXCLUDED (72,10,9,0): nonintegral-multiplicity
EXCLUDED (72,12,11,0): nonintegral-multiplicity
EXCLUDED (72,13,12,0): nonintegral-multiplicity
EXCLUDED (72,14,13,0): nonintegral-multiplicity
EXCLUDED (72,15,14,0): nonintegral-multiplicity
EXCLUDED (72,16,15,0): nonintegral-multiplicity
EXCLUDED (72,18,17,0): nonintegral-multiplicity
EXCLUDED (72,19,18,0): nonintegral-multiplicity
EXCLUDED (72,20,19,0): nonintegral-multiplicity
EXCLUDED (72,21,20,0): nonintegral-multiplicity
EXCLUDED (72,22,21,0): nonintegral-multiplicity
EXCLUDED (72,24,23,0): nonintegral-multiplicity
EXCLUDED (72,25,24,0): nonintegral-multiplicity
EXCLUDED (72,26,25,0): nonintegral-multiplicity
EXCLUDED (72,27,26,0): nonintegral-multiplicity
EXCLUDED (72,28,27,0): nonintegral-multiplicity
EXCLUDED (72,29,28,0): nonintegral-multiplicity
EXCLUDED (72,30,29,0): nonintegral-multiplicity
EXCLUDED (72,31,30,0): nonintegral-multiplicity
EXCLUDED (72,32,31,0): nonintegral-multiplicity
EXCLUDED (72,33,32,0): nonintegral-multiplicity
EXCLUDED (72,34,33,0): nonintegral-multiplicity
EXCLUDED (72,36,35,0): nonintegral-multiplicity
EXCLUDED (72,36,0,36): eigenvalue-sign
EXCLUDED (72,37,36,0): nonintegral-multiplicity
EXCLUDED (72,37,2,37): nonintegral-multiplicity
EXCLUDED (72,38,37,0): nonintegral-multiplicity
EXCLUDED (72,38,4,38): nonintegral-multiplicity
EXCLUDED (72,39,38,0): nonintegral-multiplicity
EXCLUDED (72,39,6,39): nonintegral-multiplicity
EXCLUDED (72,40,39,0): nonintegral-multiplicity
EXCLUDED (72,40,8,40): nonintegral-multiplicity
EXCLUDED (72,41,40,0): nonintegral-multiplicity
EXCLUDED (72,41,10,41): nonintegral-multiplicity
EXCLUDED (72,42,41,0): nonintegral-multiplicity
EXCLUDED (72,42,12,42): nonintegral-multiplicity
EXCLUDED (72,43,42,0): nonintegral-multiplicity
EXCLUDED (72,43,14,43): nonintegral-multiplicity
EXCLUDED (72,44,43,0): nonintegral-multiplicity
EXCLUDED (72,44,16,44): nonintegral-multiplicity
EXCLUDED (72,45,44,0): nonintegral-multiplicity
EXCLUDED (72,45,18,45): nonintegral-multiplicity
EXCLUDED (72,46,45,0): nonintegral-multiplicity
EXCLUDED (72,46,20,46): nonintegral-multiplicity
EXCLUDED (72,47,46,0): nonintegral-multiplicity
EXCLUDED (72,47,22,47): nonintegral-multiplicity
EXCLUDED (72,48,47,0): nonintegral-multiplicity
EXCLUDED (72,48,24,48): eigenvalue-sign
EXCLUDED (72,49,48,0): nonintegral-multiplicity
EXCLUDED (72,49,26,49): nonintegral-multiplicity
EXCLUDED (72,50,49,0): nonintegral-multiplicity
EXCLUDED (72,50,28,50): nonintegral-multiplicity
EXCLUDED (72,51,50,0): nonintegral-multiplicity
EXCLUDED (72,51,30,51): nonintegral-multiplicity
EXCLUDED (72,52,51,0): nonintegral-multiplicity
EXCLUDED (72,52,32,52): nonintegral-multiplicity
EXCLUDED (72,53,52,0): nonintegral-multiplicity
EXCLUDED (72,53,34,53): nonintegral-multiplicity
EXCLUDED (72,54,53,0): nonintegral-multiplicity
EXCLUDED (72,54,36,54): eigenvalue-sign
EXCLUDED (72,55,54,0): nonintegral-multiplicity
EXCLUDED (72,55,38,55): nonintegral-multiplicity
EXCLUDED (72,56,55,0): nonintegral-multiplicity
EXCLUDED (72,56,40,56): nonintegral-multiplicity
EXCLUDED (72,57,56,0): nonintegral-multiplicity
EXCLUDED (72,57,42,57): nonintegral-multiplicity
EXCLUDED (72,58,57,0): nonintegral-multiplicity
EXCLUDED (72,58,44,58): nonintegral-multiplicity
EXCLUDED (72,59,58,0): nonintegral-multiplicity
EXCLUDED (72,59,46,59): nonintegral-multiplicity
EXCLUDED (72,60,59,0): nonintegral-multiplicity
EXCLUDED (72,60,48,60): eigenvalue-sign
EXCLUDED (72,61,60,0): nonintegral-multiplicity
EXCLUDED (72,61,50,61): nonintegral-multiplicity
EXCLUDED (72,62,61,0): nonintegral-multiplicity
EXCLUDED (72,62,52,62): nonintegral-multiplicity
EXCLUDED (72,63,62,0): nonintegral-multiplicity
EXCLUDED (72,63,54,63): eigenvalue-sign
EXCLUDED (72,64,63,0): nonintegral-multiplicity
EXCLUDED (72,64,56,64): eigenvalue-sign
EXCLUDED (72,65,64,0): nonintegral-multiplicity
EXCLUDED (72,65,58,65): nonintegral-multiplicity
EXCLUDED (72,66,65,0): nonintegral-multiplicity
EXCLUDED (72,66,60,66): eigenvalue-sign
EXCLUDED (72,67,66,0): nonintegral-multiplicity
EXCLUDED (72,67,62,67): nonintegral-multiplicity
EXCLUDED (72,68,67,0): nonintegral-multiplicity
EXCLUDED (72,68,64,68): eigenvalue-sign
EXCLUDED (72,69,68,0): nonintegral-multiplicity
EXCLUDED (72,69,66,69): eigenvalue-sign
EXCLUDED (72,70,69,0): nonintegral-multiplicity
EXCLUDED (72,70,68,70): eigenvalue-sign
EXCLUDED (73,2,1,0): nonintegral-multiplicity
EXCLUDED (73,3,2,0): nonintegral-multiplicity
EXCLUDED (73,4,3,0): nonintegral-multiplicity
EXCLUDED (73,5,4,0): nonintegral-multiplicity
EXCLUDED (73,6,5,0): nonintegral-multiplicity
EXCLUDED (73,7,6,0): nonintegral-multiplicity
EXCLUDED (73,8,7,0): nonintegral-multiplicity
EXCLUDED (73,9,8,0): nonintegral-multiplicity
EXCLUDED (73,9,1,1): conference-numerator-nonzero
EXCLUDED (73,10,9,0): nonintegral-multiplicity
EXCLUDED (73,11,10,0): nonintegral-multiplicity
EXCLUDED (73,12,11,0): nonintegral-multiplicity
EXCLUDED (73,12,6,1): conference-numerator-nonzero
EXCLUDED (73,12,1,2): conference-numerator-nonzero
EXCLUDED (73,13,12,0): nonintegral-multiplicity
EXCLUDED (73,14,13,0): nonintegral-multiplicity
EXCLUDED (73,15,14,0): nonintegral-multiplicity
EXCLUDED (73,16,15,0): nonintegral-multiplicity
EXCLUDED (73,16,8,2): conference-numerator-nonzero
EXCLUDED (73,16,1,4): conference-numerator-nonzero
EXCLUDED (73,17,16,0): nonintegral-multiplicity
EXCLUDED (73,18,17,0): nonintegral-multiplicity
EXCLUDED (73,18,14,1): conference-numerator-nonzero
EXCLUDED (73,18,11,2): conference-numerator-nonzero
EXCLUDED (73,18,8,3): conference-numerator-nonzero
EXCLUDED (73,18,5,4): conference-numerator-nonzero
EXCLUDED (73,18,2,5): conference-numerator-nonzero
EXCLUDED (73,19,18,0): nonintegral-multiplicity
EXCLUDED (73,20,19,0): nonintegral-multiplicity
EXCLUDED (73,20,6,5): conference-numerator-nonzero
EXCLUDED (73,21,20,0): nonintegral-multiplicity
EXCLUDED (73,21,3,7): conference-numerator-nonzero
EXCLUDED (73,22,21,0): nonintegral-multiplicity
EXCLUDED (73,23,22,0): nonintegral-multiplicity
EXCLUDED (73,24,23,0): nonintegral-multiplicity
EXCLUDED (73,24,21,1): conference-numerator-nonzero
EXCLUDED (73,24,19,2): conference-numerator-nonzero
EXCLUDED (73,24,17,3): conference-numerator-nonzero
EXCLUDED (73,24,15,4): conference-numerator-nonzero
EXCLUDED (73,24,13,5): conference-numerator-nonzero
EXCLUDED (73,24,11,6): conference-numerator-nonzero
EXCLUDED (73,24,9,7): conference-numerator-nonzero
EXCLUDED (73,24,7,8): conference-numerator-nonzero
EXCLUDED (73,24,5,9): conference-numerator-nonzero
EXCLUDED (73,24,3,10): conference-numerator-nonzero
EXCLUDED (73,24,1,11): conference-numerator-nonzero
EXCLUDED (73,25,24,0): nonintegral-multiplicity
EXCLUDED (73,26,25,0): nonintegral-multiplicity
EXCLUDED (73,26,2,13): conference-numerator-nonzero
EXCLUDED (73,27,26,0): nonintegral-multiplicity
EXCLUDED (73,27,21,3): conference-numerator-nonzero
EXCLUDED (73,27,16,6): conference-numerator-nonzero
EXCLUDED (73,27,11,9): conference-numerator-nonzero
EXCLUDED (73,27,6,12): conference-numerator-nonzero
EXCLUDED (73,27,1,15): conference-numerator-nonzero
EXCLUDED (73,28,27,0): nonintegral-multiplicity
EXCLUDED (73,28,16,7): conference-numerator-nonzero
EXCLUDED (73,28,5,14): conference-numerator-nonzero
EXCLUDED (73,29,28,0): nonintegral-multiplicity
EXCLUDED (73,30,29,0): nonintegral-multiplicity
EXCLUDED (73,30,22,5): conference-numerator-nonzero
EXCLUDED (73,30,15,10): conference-numerator-nonzero
EXCLUDED (73,30,8,15): conference-numerator-nonzero
EXCLUDED (73,30,1,20): conference-numerator-nonzero
EXCLUDED (73,31,30,0): nonintegral-multiplicity
EXCLUDED (73,32,31,0): nonintegral-multiplicity
EXCLUDED (73,32,26,4): conference-numerator-nonzero
EXCLUDED (73,32,21,8): conference-numerator-nonzero
EXCLUDED (73,32,16,12): conference-numerator-nonzero
EXCLUDED (73,32,11,16): conference-numerator-nonzero
EXCLUDED (73,32,6,20): conference-numerator-nonzero
EXCLUDED (73,32,1,24): conference-numerator-nonzero
EXCLUDED (73,33,32,0): nonintegral-multiplicity
EXCLUDED (73,33,19,11): conference-numerator-nonzero
EXCLUDED (73,33,6,22): conference-numerator-nonzero
EXCLUDED (73,34,33,0): nonintegral-multiplicity
EXCLUDED (73,34,14,17): conference-numerator-nonzero
EXCLUDED (73,35,34,0): nonintegral-multiplicity
EXCLUDED (73,36,35,0): nonintegral-multiplicity
EXCLUDED (73,36,34,1): conference-numerator-nonzero
EXCLUDED (73,36,33,2): conference-numerator-nonzero
EXCLUDED (73,36,32,3): conference-numerator-nonzero
EXCLUDED (73,36,31,4): conference-numerator-nonzero
EXCLUDED (73,36,30,5): conference-numerator-nonzero
EXCLUDED (73,36,29,6): conference-numerator-nonzero
EXCLUDED (73,36,28,7): conference-numerator-nonzero
EXCLUDED (73,36,27,8): conference-numerator-nonzero
EXCLUDED (73,36,26,9): conference-numerator-nonzero
EXCLUDED (73,36,25,10): conference-numerator-nonzero
EXCLUDED (73,36,24,11): conference-numerator-nonzero
EXCLUDED (73,36,23,12): conference-numerator-nonzero
EXCLUDED (73,36,22,13): conference-numerator-nonzero
EXCLUDED (73,36,21,14): conference-numerator-nonzero
EXCLUDED (73,36,20,15): conference-numerator-nonzero
EXCLUDED (73,36,19,16): conference-numerator-nonzero
EXCLUDED (73,36,18,17): conference-numerator-nonzero
EXCLUDED (73,36,16,19): conference-numerator-nonzero
EXCLUDED (73,36,15,20): conference-numerator-nonzero
EXCLUDED (73,36,14,21): conference-numerator-nonzero
EXCLUDED (73,36,13,22): conference-numerator-nonzero
EXCLUDED (73,36,12,23): conference-numerator-nonzero
EXCLUDED (73,36,11,24): conference-numerator-nonzero
EXCLUDED (73,36,10,25): conference-numerator-nonzero
EXCLUDED (73,36,9,26): conference-numerator-nonzero
EXCLUDED (73,36,8,27): conference-numerator-nonzero
EXCLUDED (73,36,7,28): conference-numerator-nonzero
EXCLUDED (73,36,6,29): conference-numerator-nonzero
EXCLUDED (73,36,5,30): conference-numerator-nonzero
EXCLUDED (73,36,4,31): conference-numerator-nonzero
EXCLUDED (73,36,3,32): conference-numerator-nonzero
EXCLUDED (73,36,2,33): conference-numerator-nonzero
EXCLUDED (73,36,1,34): conference-numerator-nonzero
EXCLUDED (73,36,0,35): conference-numerator-nonzero
EXCLUDED (73,37,36,0): nonintegral-multiplicity
EXCLUDED (73,37,1,37): nonintegral-multiplicity
EXCLUDED (73,38,37,0): nonintegral-multiplicity
EXCLUDED (73,38,20,19): conference-numerator-nonzero
EXCLUDED (73,38,3,38): nonintegral-multiplicity
EXCLUDED (73,39,38,0): nonintegral-multiplicity
EXCLUDED (73,39,27,13): conference-numerator-nonzero
EXCLUDED (73,39,16,26): conference-numerator-nonzero
EXCLUDED (73,39,5,39): nonintegral-multiplicity
EXCLUDED (73,40,39,0): nonintegral-multiplicity
EXCLUDED (73,40,35,5): conference-numerator-nonzero
EXCLUDED (73,40,31,10): conference-numerator-nonzero
EXCLUDED (73,40,27,15): conference-numerator-nonzero
EXCLUDED (73,40,23,20): conference-numerator-nonzero
EXCLUDED (73,40,19,25): conference-numerator-nonzero
EXCLUDED (73,40,15,30): conference-numerator-nonzero
EXCLUDED (73,40,11,35): conference-numerator-nonzero
EXCLUDED (73,40,7,40): nonintegral-multiplicity
EXCLUDED (73,41,40,0): nonintegral-multiplicity
EXCLUDED (73,41,9,41): nonintegral-multiplicity
EXCLUDED (73,42,41,0): nonintegral-multiplicity
EXCLUDED (73,42,36,7): conference-numerator-nonzero
EXCLUDED (73,42,31,14): conference-numerator-nonzero
EXCLUDED (73,42,26,21): conference-numerator-nonzero
EXCLUDED (73,42,21,28): conference-numerator-nonzero
EXCLUDED (73,42,16,35): conference-numerator-nonzero
EXCLUDED (73,42,11,42): nonintegral-multiplicity
EXCLUDED (73,43,42,0): nonintegral-multiplicity
EXCLUDED (73,43,13,43): nonintegral-multiplicity
EXCLUDED (73,44,43,0): nonintegral-multiplicity
EXCLUDED (73,44,36,11): conference-numerator-nonzero
EXCLUDED (73,44,29,22): conference-numerator-nonzero
EXCLUDED (73,44,22,33): conference-numerator-nonzero
EXCLUDED (73,44,15,44): nonintegral-multiplicity
EXCLUDED (73,45,44,0): nonintegral-multiplicity
EXCLUDED (73,45,41,5): conference-numerator-nonzero
EXCLUDED (73,45,38,10): conference-numerator-nonzero
EXCLUDED (73,45,35,15): conference-numerator-nonzero
EXCLUDED (73,45,32,20): conference-numerator-nonzero
EXCLUDED (73,45,29,25): conference-numerator-nonzero
EXCLUDED (73,45,26,30): conference-numerator-nonzero
EXCLUDED (73,45,23,35): conference-numerator-nonzero
EXCLUDED (73,45,20,40): conference-numerator-nonzero
EXCLUDED (73,45,17,45): nonintegral-multiplicity
EXCLUDED (73,46,45,0): nonintegral-multiplicity
EXCLUDED (73,46,32,23): conference-numerator-nonzero
EXCLUDED (73,46,19,46): nonintegral-multiplicity
EXCLUDED (73,47,46,0): nonintegral-multiplicity
EXCLUDED (73,47,21,47): nonintegral-multiplicity
EXCLUDED (73,48,47,0): nonintegral-multiplicity
EXCLUDED (73,48,46,2): conference-numerator-nonzero
EXCLUDED (73,48,45,4): conference-numerator-nonzero
EXCLUDED (73,48,44,6): conference-numerator-nonzero
EXCLUDED (73,48,43,8): conference-numerator-nonzero
EXCLUDED (73,48,42,10): conference-numerator-nonzero
EXCLUDED (73,48,41,12): conference-numerator-nonzero
EXCLUDED (73,48,40,14): conference-numerator-nonzero
EXCLUDED (73,48,39,16): conference-numerator-nonzero
EXCLUDED (73,48,38,18): conference-numerator-nonzero
EXCLUDED (73,48,37,20): conference-numerator-nonzero
EXCLUDED (73,48,36,22): conference-numerator-nonzero
EXCLUDED (73,48,35,24): conference-numerator-nonzero
EXCLUDED (73,48,34,26): conference-numerator-nonzero
EXCLUDED (73,48,33,28): conference-numerator-nonzero
EXCLUDED (73,48,32,30): conference-numerator-nonzero
EXCLUDED (73,48,31,32): conference-numerator-nonzero
EXCLUDED (73,48,30,34): conference-numerator-nonzero
EXCLUDED (73,48,29,36): conference-numerator-nonzero
EXCLUDED (73,48,28,38): conference-numerator-nonzero
EXCLUDED (73,48,27,40): conference-numerator-nonzero
EXCLUDED (73,48,26,42): conference-numerator-nonzero
EXCLUDED (73,48,25,44): conference-numerator-nonzero
EXCLUDED (73,48,24,46): conference-numerator-nonzero
EXCLUDED (73,48,23,48): nonintegral-multiplicity
EXCLUDED (73,49,48,0): nonintegral-multiplicity
EXCLUDED (73,49,25,49): nonintegral-multiplicity
EXCLUDED (73,50,49,0): nonintegral-multiplicity
EXCLUDED (73,50,38,25): conference-numerator-nonzero
EXCLUDED (73,50,27,50): nonintegral-multiplicity
EXCLUDED (73,51,50,0): nonintegral-multiplicity
EXCLUDED (73,51,43,17): conference-numerator-nonzero
EXCLUDED (73,51,36,34): conference-numerator-nonzero
EXCLUDED (73,51,29,51): nonintegral-multiplicity
EXCLUDED (73,52,51,0): nonintegral-multiplicity
EXCLUDED (73,52,46,13): conference-numerator-nonzero
EXCLUDED (73,52,41,26): conference-numerator-nonzero
EXCLUDED (73,52,36,39): conference-numerator-nonzero
EXCLUDED (73,52,31,52): nonintegral-multiplicity
EXCLUDED (73,53,52,0): nonintegral-multiplicity
EXCLUDED (73,53,33,53): nonintegral-multiplicity
EXCLUDED (73,54,53,0): nonintegral-multiplicity
EXCLUDED (73,54,52,3): conference-numerator-nonzero
EXCLUDED (73,54,51,6): conference-numerator-nonzero
EXCLUDED (73,54,50,9): conference-numerator-nonzero
EXCLUDED (73,54,49,12): conference-numerator-nonzero
EXCLUDED (73,54,48,15): conference-numerator-nonzero
EXCLUDED (73,54,47,18): conference-numerator-nonzero
EXCLUDED (73,54,46,21): conference-numerator-nonzero
EXCLUDED (73,54,45,24): conference-numerator-nonzero
EXCLUDED (73,54,44,27): conference-numerator-nonzero
EXCLUDED (73,54,43,30): conference-numerator-nonzero
EXCLUDED (73,54,42,33): conference-numerator-nonzero
EXCLUDED (73,54,41,36): conference-numerator-nonzero
EXCLUDED (73,54,40,39): conference-numerator-nonzero
EXCLUDED (73,54,39,42): conference-numerator-nonzero
EXCLUDED (73,54,38,45): conference-numerator-nonzero
EXCLUDED (73,54,37,48): conference-numerator-nonzero
EXCLUDED (73,54,36,51): conference-numerator-nonzero
EXCLUDED (73,54,35,54): nonintegral-multiplicity
EXCLUDED (73,55,54,0): nonintegral-multiplicity
EXCLUDED (73,55,37,55): nonintegral-multiplicity
EXCLUDED (73,56,55,0): nonintegral-multiplicity
EXCLUDED (73,56,53,7): conference-numerator-nonzero
EXCLUDED (73,56,51,14): conference-numerator-nonzero
EXCLUDED (73,56,49,21): conference-numerator-nonzero
EXCLUDED (73,56,47,28): conference-numerator-nonzero
EXCLUDED (73,56,45,35): conference-numerator-nonzero
EXCLUDED (73,56,43,42): conference-numerator-nonzero
EXCLUDED (73,56,41,49): conference-numerator-nonzero
EXCLUDED (73,56,39,56): nonintegral-multiplicity
EXCLUDED (73,57,56,0): nonintegral-multiplicity
EXCLUDED (73,57,51,19): conference-numerator-nonzero
EXCLUDED (73,57,46,38): conference-numerator-nonzero
EXCLUDED (73,57,41,57): nonintegral-multiplicity
EXCLUDED (73,58,57,0): nonintegral-multiplicity
EXCLUDED (73,58,50,29): conference-numerator-nonzero
EXCLUDED (73,58,43,58): nonintegral-multiplicity
EXCLUDED (73,59,58,0): nonintegral-multiplicity
EXCLUDED (73,59,45,59): nonintegral-multiplicity
EXCLUDED (73,60,59,0): nonintegral-multiplicity
EXCLUDED (73,60,58,5): conference-numerator-nonzero
EXCLUDED (73,60,57,10): conference-numerator-nonzero
EXCLUDED (73,60,56,15): conference-numerator-nonzero
EXCLUDED (73,60,55,20): conference-numerator-nonzero
EXCLUDED (73,60,54,25): conference-numerator-nonzero
EXCLUDED (73,60,53,30): conference-numerator-nonzero
EXCLUDED (73,60,52,35): conference-numerator-nonzero
EXCLUDED (73,60,51,40): conference-numerator-nonzero
EXCLUDED (73,60,50,45): conference-numerator-nonzero
EXCLUDED (73,60,49,50): conference-numerator-nonzero
EXCLUDED (73,60,48,55): conference-numerator-nonzero
EXCLUDED (73,60,47,60): nonintegral-multiplicity
EXCLUDED (73,61,60,0): nonintegral-multiplicity
EXCLUDED (73,61,49,61): nonintegral-multiplicity
EXCLUDED (73,62,61,0): nonintegral-multiplicity
EXCLUDED (73,62,56,31): conference-numerator-nonzero
EXCLUDED (73,62,51,62): nonintegral-multiplicity
EXCLUDED (73,63,62,0): nonintegral-multiplicity
EXCLUDED (73,63,61,7): conference-numerator-nonzero
EXCLUDED (73,63,60,14): conference-numerator-nonzero
EXCLUDED (73,63,59,21): conference-numerator-nonzero
EXCLUDED (73,63,58,28): conference-numerator-nonzero
EXCLUDED (73,63,57,35): conference-numerator-nonzero
EXCLUDED (73,63,56,42): conference-numerator-nonzero
EXCLUDED (73,63,55,49): conference-numerator-nonzero
EXCLUDED (73,63,54,56): conference-numerator-nonzero
EXCLUDED (73,63,53,63): nonintegral-multiplicity
EXCLUDED (73,64,63,0): nonintegral-multiplicity
EXCLUDED (73,64,62,8): conference-numerator-nonzero
EXCLUDED (73,64,61,16): conference-numerator-nonzero
EXCLUDED (73,64,60,24): conference-numerator-nonzero
EXCLUDED (73,64,59,32): conference-numerator-nonzero
EXCLUDED (73,64,58,40): conference-numerator-nonzero
EXCLUDED (73,64,57,48): conference-numerator-nonzero
EXCLUDED (73,64,56,56): conference-numerator-nonzero
EXCLUDED (73,64,55,64): nonintegral-multiplicity
EXCLUDED (73,65,64,0): nonintegral-multiplicity
EXCLUDED (73,65,57,65): nonintegral-multiplicity
EXCLUDED (73,66,65,0): nonintegral-multiplicity
EXCLUDED (73,66,64,11): conference-numerator-nonzero
EXCLUDED (73,66,63,22): conference-numerator-nonzero
EXCLUDED (73,66,62,33): conference-numerator-nonzero
EXCLUDED (73,66,61,44): conference-numerator-nonzero
EXCLUDED (73,66,60,55): conference-numerator-nonzero
EXCLUDED (73,66,59,66): nonintegral-multiplicity
EXCLUDED (73,67,66,0): nonintegral-multiplicity
EXCLUDED (73,67,61,67): nonintegral-multiplicity
EXCLUDED (73,68,67,0): nonintegral-multiplicity
EXCLUDED (73,68,66,17): conference-numerator-nonzero
EXCLUDED (73,68,65,34): conference-numerator-nonzero
EXCLUDED (73,68,64,51): conference-numerator-nonzero
EXCLUDED (73,68,63,68): nonintegral-multiplicity
EXCLUDED (73,69,68,0): nonintegral-multiplicity
EXCLUDED (73,69,67,23): conference-numerator-nonzero
EXCLUDED (73,69,66,46): conference-numerator-nonzero
EXCLUDED (73,69,65,69): nonintegral-multiplicity
EXCLUDED (73,70,69,0): nonintegral-multiplicity
EXCLUDED (73,70,68,35): conference-numerator-nonzero
EXCLUDED (73,70,67,70): nonintegral-multiplicity
EXCLUDED (73,71,70,0): nonintegral-multiplicity
EXCLUDED (73,71,69,71): nonintegral-multiplicity
EXCLUDED (74,2,1,0): nonintegral-multiplicity
EXCLUDED (74,3,2,0): nonintegral-multiplicity
EXCLUDED (74,4,3,0): nonintegral-multiplicity
EXCLUDED (74,5,4,0): nonintegral-multiplicity
EXCLUDED (74,6,5,0): nonintegral-multiplicity
EXCLUDED (74,7,6,0): nonintegral-multiplicity
EXCLUDED (74,8,7,0): nonintegral-multiplicity
EXCLUDED (74,9,8,0): nonintegral-multiplicity
EXCLUDED (74,10,9,0): nonintegral-multiplicity
EXCLUDED (74,11,10,0): nonintegral-multiplicity
EXCLUDED (74,12,11,0): nonintegral-multiplicity
EXCLUDED (74,13,12,0): nonintegral-multiplicity
EXCLUDED (74,14,13,0): nonintegral-multiplicity
EXCLUDED (74,15,14,0): nonintegral-multiplicity
EXCLUDED (74,16,15,0): nonintegral-multiplicity
EXCLUDED (74,17,16,0): nonintegral-multiplicity
EXCLUDED (74,18,17,0): nonintegral-multiplicity
EXCLUDED (74,19,18,0): nonintegral-multiplicity
EXCLUDED (74,20,19,0): nonintegral-multiplicity
EXCLUDED (74,21,20,0): nonintegral-multiplicity
EXCLUDED (74,22,21,0): nonintegral-multiplicity
EXCLUDED (74,23,22,0): nonintegral-multiplicity
EXCLUDED (74,24,23,0): nonintegral-multiplicity
EXCLUDED (74,25,24,0): nonintegral-multiplicity
EXCLUDED (74,26,25,0): nonintegral-multiplicity
EXCLUDED (74,27,26,0): nonintegral-multiplicity
EXCLUDED (74,28,27,0): nonintegral-multiplicity
EXCLUDED (74,29,28,0): nonintegral-multiplicity
EXCLUDED (74,30,29,0): nonintegral-multiplicity
EXCLUDED (74,31,30,0): nonintegral-multiplicity
EXCLUDED (74,32,31,0): nonintegral-multiplicity
EXCLUDED (74,33,32,0): nonintegral-multiplicity
EXCLUDED (74,34,33,0): nonintegral-multiplicity
EXCLUDED (74,35,34,0): nonintegral-multiplicity
EXCLUDED (74,37,36,0): nonintegral-multiplicity
EXCLUDED (74,37,0,37): eigenvalue-sign
EXCLUDED (74,38,37,0): nonintegral-multiplicity
EXCLUDED (74,38,2,38): nonintegral-multiplicity
EXCLUDED (74,39,38,0): nonintegral-multiplicity
EXCLUDED (74,39,4,39): nonintegral-multiplicity
EXCLUDED (74,40,39,0): nonintegral-multiplicity
EXCLUDED (74,40,6,40): nonintegral-multiplicity
EXCLUDED (74,41,40,0): nonintegral-multiplicity
EXCLUDED (74,41,8,41): nonintegral-multiplicity
EXCLUDED (74,42,41,0): nonintegral-multiplicity
EXCLUDED (74,42,10,42): nonintegral-multiplicity
EXCLUDED (74,43,42,0): nonintegral-multiplicity
EXCLUDED (74,43,12,43): nonintegral-multiplicity
EXCLUDED (74,44,43,0): nonintegral-multiplicity
EXCLUDED (74,44,14,44): nonintegral-multiplicity
EXCLUDED (74,45,44,0): nonintegral-multiplicity
EXCLUDED (74,45,16,45): nonintegral-multiplicity
EXCLUDED (74,46,45,0): nonintegral-multiplicity
EXCLUDED (74,46,18,46): nonintegral-multiplicity
EXCLUDED (74,47,46,0): nonintegral-multiplicity
EXCLUDED (74,47,20,47): nonintegral-multiplicity
EXCLUDED (74,48,47,0): nonintegral-multiplicity
EXCLUDED (74,48,22,48): nonintegral-multiplicity
EXCLUDED (74,49,48,0): nonintegral-multiplicity
EXCLUDED (74,49,24,49): nonintegral-multiplicity
EXCLUDED (74,50,49,0): nonintegral-multiplicity
EXCLUDED (74,50,26,50): nonintegral-multiplicity
EXCLUDED (74,51,50,0): nonintegral-multiplicity
EXCLUDED (74,51,28,51): nonintegral-multiplicity
EXCLUDED (74,52,51,0): nonintegral-multiplicity
EXCLUDED (74,52,30,52): nonintegral-multiplicity
EXCLUDED (74,53,52,0): nonintegral-multiplicity
EXCLUDED (74,53,32,53): nonintegral-multiplicity
EXCLUDED (74,54,53,0): nonintegral-multiplicity
EXCLUDED (74,54,34,54): nonintegral-multiplicity
EXCLUDED (74,55,54,0): nonintegral-multiplicity
EXCLUDED (74,55,36,55): nonintegral-multiplicity
EXCLUDED (74,56,55,0): nonintegral-multiplicity
EXCLUDED (74,56,38,56): nonintegral-multiplicity
EXCLUDED (74,57,56,0): nonintegral-multiplicity
EXCLUDED (74,57,40,57): nonintegral-multiplicity
EXCLUDED (74,58,57,0): nonintegral-multiplicity
EXCLUDED (74,58,42,58): nonintegral-multiplicity
EXCLUDED (74,59,58,0): nonintegral-multiplicity
EXCLUDED (74,59,44,59): nonintegral-multiplicity
EXCLUDED (74,60,59,0): nonintegral-multiplicity
EXCLUDED (74,60,46,60): nonintegral-multiplicity
EXCLUDED (74,61,60,0): nonintegral-multiplicity
EXCLUDED (74,61,48,61): nonintegral-multiplicity
EXCLUDED (74,62,61,0): nonintegral-multiplicity
EXCLUDED (74,62,50,62): nonintegral-multiplicity
EXCLUDED (74,63,62,0): nonintegral-multiplicity
EXCLUDED (74,63,52,63): nonintegral-multiplicity
EXCLUDED (74,64,63,0): nonintegral-multiplicity
EXCLUDED (74,64,54,64): nonintegral-multiplicity
EXCLUDED (74,65,64,0): nonintegral-multiplicity
EXCLUDED (74,65,56,65): nonintegral-multiplicity
EXCLUDED (74,66,65,0): nonintegral-multiplicity
EXCLUDED (74,66,58,66): nonintegral-multiplicity
EXCLUDED (74,67,66,0): nonintegral-multiplicity
EXCLUDED (74,67,60,67): nonintegral-multiplicity
EXCLUDED (74,68,67,0): nonintegral-multiplicity
EXCLUDED (74,68,62,68): nonintegral-multiplicity
EXCLUDED (74,69,68,0): nonintegral-multiplicity
EXCLUDED (74,69,64,69): nonintegral-multiplicity
EXCLUDED (74,70,69,0): nonintegral-multiplicity
EXCLUDED (74,70,66,70): nonintegral-multiplicity
EXCLUDED (74,71,70,0): nonintegral-multiplicity
EXCLUDED (74,71,68,71): nonintegral-multiplicity
EXCLUDED (74,72,71,0): nonintegral-multiplicity
EXCLUDED (74,72,70,72): eigenvalue-sign
EXCLUDED (75,3,2,0): nonintegral-multiplicity
EXCLUDED (75,5,4,0): nonintegral-multiplicity
EXCLUDED (75,6,5,0): nonintegral-multiplicity
EXCLUDED (75,7,6,0): nonintegral-multiplicity
EXCLUDED (75,8,7,0): nonintegral-multiplicity
EXCLUDED (75,9,8,0): nonintegral-multiplicity
EXCLUDED (75,10,9,0): nonintegral-multiplicity
EXCLUDED (75,11,10,0): nonintegral-multiplicity
EXCLUDED (75,12,11,0): nonintegral-multiplicity
EXCLUDED (75,13,12,0): nonintegral-multiplicity
EXCLUDED (75,15,14,0): nonintegral-multiplicity
EXCLUDED (75,16,15,0): nonintegral-multiplicity
EXCLUDED (75,17,16,0): nonintegral-multiplicity
EXCLUDED (75,18,17,0): nonintegral-multiplicity
EXCLUDED (75,19,18,0): nonintegral-multiplicity
EXCLUDED (75,20,19,0): nonintegral-multiplicity
EXCLUDED (75,21,20,0): nonintegral-multiplicity
EXCLUDED (75,22,21,0): nonintegral-multiplicity
EXCLUDED (75,23,22,0): nonintegral-multiplicity
EXCLUDED (75,25,24,0): nonintegral-multiplicity
EXCLUDED (75,26,25,0): nonintegral-multiplicity
EXCLUDED (75,26,1,13): nonintegral-multiplicity
EXCLUDED (75,27,26,0): nonintegral-multiplicity
EXCLUDED (75,28,27,0): nonintegral-multiplicity
EXCLUDED (75,28,4,14): conference-numerator-nonzero
EXCLUDED (75,29,28,0): nonintegral-multiplicity
EXCLUDED (75,30,29,0): nonintegral-multiplicity
EXCLUDED (75,30,7,15): conference-numerator-nonzero
EXCLUDED (75,31,30,0): nonintegral-multiplicity
EXCLUDED (75,32,31,0): nonintegral-multiplicity
EXCLUDED (75,33,32,0): nonintegral-multiplicity
EXCLUDED (75,34,33,0): nonintegral-multiplicity
EXCLUDED (75,34,13,17): conference-numerator-nonzero
EXCLUDED (75,35,34,0): nonintegral-multiplicity
EXCLUDED (75,36,35,0): nonintegral-multiplicity
EXCLUDED (75,36,16,18): conference-numerator-nonzero
EXCLUDED (75,37,36,0): nonintegral-multiplicity
EXCLUDED (75,37,35,1): conference-numerator-nonzero
EXCLUDED (75,37,34,2): conference-numerator-nonzero
EXCLUDED (75,37,33,3): conference-numerator-nonzero
EXCLUDED (75,37,32,4): conference-numerator-nonzero
EXCLUDED (75,37,31,5): conference-numerator-nonzero
EXCLUDED (75,37,30,6): conference-numerator-nonzero
EXCLUDED (75,37,29,7): conference-numerator-nonzero
EXCLUDED (75,37,28,8): conference-numerator-nonzero
EXCLUDED (75,37,27,9): conference-numerator-nonzero
EXCLUDED (75,37,26,10): conference-numerator-nonzero
EXCLUDED (75,37,25,11): conference-numerator-nonzero
EXCLUDED (75,37,24,12): conference-numerator-nonzero
EXCLUDED (75,37,23,13): nonintegral-multiplicity
EXCLUDED (75,37,22,14): conference-numerator-nonzero
EXCLUDED (75,37,21,15): conference-numerator-nonzero
EXCLUDED (75,37,20,16): nonintegral-multiplicity
EXCLUDED (75,37,19,17): conference-numerator-nonzero
EXCLUDED (75,37,18,18): conference-numerator-nonzero
EXCLUDED (75,37,17,19): conference-numerator-nonzero
EXCLUDED (75,37,16,20): conference-numerator-nonzero
EXCLUDED (75,37,15,21): nonintegral-multiplicity
EXCLUDED (75,37,14,22): conference-numerator-nonzero
EXCLUDED (75,37,13,23): conference-numerator-nonzero
EXCLUDED (75,37,12,24): nonintegral-multiplicity
EXCLUDED (75,37,11,25): conference-numerator-nonzero
EXCLUDED (75,37,10,26): conference-numerator-nonzero
EXCLUDED (75,37,9,27): conference-numerator-nonzero
EXCLUDED (75,37,8,28): conference-numerator-nonzero
EXCLUDED (75,37,7,29): conference-numerator-nonzero
EXCLUDED (75,37,6,30): conference-numerator-nonzero
EXCLUDED (75,37,5,31): conference-numerator-nonzero
EXCLUDED (75,37,4,32): conference-numerator-nonzero
EXCLUDED (75,37,3,33): conference-numerator-nonzero
EXCLUDED (75,37,2,34): conference-numerator-nonzero
EXCLUDED (75,37,1,35): conference-numerator-nonzero
EXCLUDED (75,37,0,36): conference-numerator-nonzero
EXCLUDED (75,38,37,0): nonintegral-multiplicity
EXCLUDED (75,38,19,19): conference-numerator-nonzero
EXCLUDED (75,38,1,38): nonintegral-multiplicity
EXCLUDED (75,39,38,0): nonintegral-multiplicity
EXCLUDED (75,39,3,39): nonintegral-multiplicity
EXCLUDED (75,40,39,0): nonintegral-multiplicity
EXCLUDED (75,40,22,20): conference-numerator-nonzero
EXCLUDED (75,40,5,40): nonintegral-multiplicity
EXCLUDED (75,41,40,0): nonintegral-multiplicity
EXCLUDED (75,41,7,41): nonintegral-multiplicity
EXCLUDED (75,42,41,0): nonintegral-multiplicity
EXCLUDED (75,42,9,42): nonintegral-multiplicity
EXCLUDED (75,43,42,0): nonintegral-multiplicity
EXCLUDED (75,43,11,43): nonintegral-multiplicity
EXCLUDED (75,44,43,0): nonintegral-multiplicity
EXCLUDED (75,44,28,22): conference-numerator-nonzero
EXCLUDED (75,44,13,44): nonintegral-multiplicity
EXCLUDED (75,45,44,0): nonintegral-multiplicity
EXCLUDED (75,45,15,45): nonintegral-multiplicity
EXCLUDED (75,46,45,0): nonintegral-multiplicity
EXCLUDED (75,46,31,23): conference-numerator-nonzero
EXCLUDED (75,46,17,46): nonintegral-multiplicity
EXCLUDED (75,47,46,0): nonintegral-multiplicity
EXCLUDED (75,47,19,47): nonintegral-multiplicity
EXCLUDED (75,48,47,0): nonintegral-multiplicity
EXCLUDED (75,48,34,24): nonintegral-multiplicity
EXCLUDED (75,48,21,48): nonintegral-multiplicity
EXCLUDED (75,49,48,0): nonintegral-multiplicity
EXCLUDED (75,49,23,49): nonintegral-multiplicity
EXCLUDED (75,50,49,0): nonintegral-multiplicity
EXCLUDED (75,50,37,25): conference-numerator-nonzero
EXCLUDED (75,50,25,50): eigenvalue-sign
EXCLUDED (75,51,50,0): nonintegral-multiplicity
EXCLUDED (75,51,27,51): nonintegral-multiplicity
EXCLUDED (75,52,51,0): nonintegral-multiplicity
EXCLUDED (75,52,40,26): conference-numerator-nonzero
EXCLUDED (75,52,29,52): nonintegral-multiplicity
EXCLUDED (75,53,52,0): nonintegral-multiplicity
EXCLUDED (75,53,31,53): nonintegral-multiplicity
EXCLUDED (75,54,53,0): nonintegral-multiplicity
EXCLUDED (75,54,43,27): conference-numerator-nonzero
EXCLUDED (75,54,33,54): nonintegral-multiplicity
EXCLUDED (75,55,54,0): nonintegral-multiplicity
EXCLUDED (75,55,35,55): nonintegral-multiplicity
EXCLUDED (75,56,55,0): nonintegral-multiplicity
EXCLUDED (75,56,46,28): conference-numerator-nonzero
EXCLUDED (75,56,37,56): nonintegral-multiplicity
EXCLUDED (75,57,56,0): nonintegral-multiplicity
EXCLUDED (75,57,39,57): nonintegral-multiplicity
EXCLUDED (75,58,57,0): nonintegral-multiplicity
EXCLUDED (75,58,49,29): conference-numerator-nonzero
EXCLUDED (75,58,41,58): nonintegral-multiplicity
EXCLUDED (75,59,58,0): nonintegral-multiplicity
EXCLUDED (75,59,43,59): nonintegral-multiplicity
EXCLUDED (75,60,59,0): nonintegral-multiplicity
EXCLUDED (75,60,52,30): conference-numerator-nonzero
EXCLUDED (75,60,45,60): eigenvalue-sign
EXCLUDED (75,61,60,0): nonintegral-multiplicity
EXCLUDED (75,61,47,61): nonintegral-multiplicity
EXCLUDED (75,62,61,0): nonintegral-multiplicity
EXCLUDED (75,62,55,31): conference-numerator-nonzero
EXCLUDED (75,62,49,62): nonintegral-multiplicity
EXCLUDED (75,63,62,0): nonintegral-multiplicity
EXCLUDED (75,63,51,63): nonintegral-multiplicity
EXCLUDED (75,64,63,0): nonintegral-multiplicity
EXCLUDED (75,64,58,32): conference-numerator-nonzero
EXCLUDED (75,64,53,64): nonintegral-multiplicity
EXCLUDED (75,65,64,0): nonintegral-multiplicity
EXCLUDED (75,65,55,65): nonintegral-multiplicity
EXCLUDED (75,66,65,0): nonintegral-multiplicity
EXCLUDED (75,66,61,33): conference-numerator-nonzero
EXCLUDED (75,66,57,66): nonintegral-multiplicity
EXCLUDED (75,67,66,0): nonintegral-multiplicity
EXCLUDED (75,67,59,67): nonintegral-multiplicity
EXCLUDED (75,68,67,0): nonintegral-multiplicity
EXCLUDED (75,68,64,34): conference-numerator-nonzero
EXCLUDED (75,68,61,68): nonintegral-multiplicity
EXCLUDED (75,69,68,0): nonintegral-multiplicity
EXCLUDED (75,69,63,69): nonintegral-multiplicity
EXCLUDED (75,70,69,0): nonintegral-multiplicity
EXCLUDED (75,70,67,35): conference-numerator-nonzero
EXCLUDED (75,70,65,70): eigenvalue-sign
EXCLUDED (75,71,70,0): nonintegral-multiplicity
EXCLUDED (75,71,67,71): nonintegral-multiplicity
EXCLUDED (75,72,71,0): nonintegral-multiplicity
EXCLUDED (75,72,70,36): conference-numerator-nonzero
EXCLUDED (75,72,69,72): eigenvalue-sign
EXCLUDED (75,73,72,0): nonintegral-multiplicity
EXCLUDED (75,73,71,73): nonintegral-multiplicity
EXCLUDED (76,2,1,0): nonintegral-multiplicity
EXCLUDED (76,4,3,0): nonintegral-multiplicity
EXCLUDED (76,5,4,0): nonintegral-multiplicity
EXCLUDED (76,6,5,0): nonintegral-multiplicity
EXCLUDED (76,7,6,0): nonintegral-multiplicity
EXCLUDED (76,8,7,0): nonintegral-multiplicity
EXCLUDED (76,9,8,0): nonintegral-multiplicity
EXCLUDED (76,10,9,0): nonintegral-multiplicity
EXCLUDED (76,11,10,0): nonintegral-multiplicity
EXCLUDED (76,12,11,0): nonintegral-multiplicity
EXCLUDED (76,13,12,0): nonintegral-multiplicity
EXCLUDED (76,14,13,0): nonintegral-multiplicity
EXCLUDED (76,15,14,0): nonintegral-multiplicity
EXCLUDED (76,15,10,1): conference-numerator-nonzero
EXCLUDED (76,15,6,2): conference-numerator-nonzero
EXCLUDED (76,15,2,3): nonintegral-multiplicity
EXCLUDED (76,16,15,0): nonintegral-multiplicity
EXCLUDED (76,17,16,0): nonintegral-multiplicity
EXCLUDED (76,19,18,0): nonintegral-multiplicity
EXCLUDED (76,20,19,0): nonintegral-multiplicity
EXCLUDED (76,20,8,4): conference-numerator-nonzero
EXCLUDED (76,21,20,0): nonintegral-multiplicity
EXCLUDED (76,22,21,0): nonintegral-multiplicity
EXCLUDED (76,23,22,0): nonintegral-multiplicity
EXCLUDED (76,24,23,0): nonintegral-multiplicity
EXCLUDED (76,24,6,8): conference-numerator-nonzero
EXCLUDED (76,25,24,0): nonintegral-multiplicity
EXCLUDED (76,25,22,1): conference-numerator-nonzero
EXCLUDED (76,25,20,2): conference-numerator-nonzero
EXCLUDED (76,25,18,3): conference-numerator-nonzero
EXCLUDED (76,25,16,4): conference-numerator-nonzero
EXCLUDED (76,25,14,5): conference-numerator-nonzero
EXCLUDED (76,25,12,6): conference-numerator-nonzero
EXCLUDED (76,25,10,7): nonintegral-multiplicity
EXCLUDED (76,25,8,8): conference-numerator-nonzero
EXCLUDED (76,25,6,9): conference-numerator-nonzero
EXCLUDED (76,25,4,10): conference-numerator-nonzero
EXCLUDED (76,25,2,11): conference-numerator-nonzero
EXCLUDED (76,25,0,12): nonintegral-multiplicity
EXCLUDED (76,26,25,0): nonintegral-multiplicity
EXCLUDED (76,27,26,0): nonintegral-multiplicity
EXCLUDED (76,27,10,9): conference-numerator-nonzero
EXCLUDED (76,28,27,0): nonintegral-multiplicity
EXCLUDED (76,29,28,0): nonintegral-multiplicity
EXCLUDED (76,30,29,0): nonintegral-multiplicity
EXCLUDED (76,30,26,2): conference-numerator-nonzero
EXCLUDED (76,30,23,4): conference-numerator-nonzero
EXCLUDED (76,30,20,6): conference-numerator-nonzero
EXCLUDED (76,30,17,8): nonintegral-multiplicity
EXCLUDED (76,30,14,10): conference-numerator-nonzero
EXCLUDED (76,30,11,12): conference-numerator-nonzero
EXCLUDED (76,30,5,16): conference-numerator-nonzero
EXCLUDED (76,30,2,18): conference-numerator-nonzero
EXCLUDED (76,31,30,0): nonintegral-multiplicity
EXCLUDED (76,32,31,0): nonintegral-multiplicity
EXCLUDED (76,33,32,0): nonintegral-multiplicity
EXCLUDED (76,33,18,11): conference-numerator-nonzero
EXCLUDED (76,33,4,22): conference-numerator-nonzero
EXCLUDED (76,34,33,0): nonintegral-multiplicity
EXCLUDED (76,35,34,0): nonintegral-multiplicity
EXCLUDED (76,35,26,7): conference-numerator-nonzero
EXCLUDED (76,35,10,21): conference-numerator-nonzero
EXCLUDED (76,35,2,28): conference-numerator-nonzero
EXCLUDED (76,36,35,0): nonintegral-multiplicity
EXCLUDED (76,36,22,12): nonintegral-multiplicity
EXCLUDED (76,36,9,24): conference-numerator-nonzero
EXCLUDED (76,38,37,0): nonintegral-multiplicity
EXCLUDED (76,38,0,38): eigenvalue-sign
EXCLUDED (76,39,38,0): nonintegral-multiplicity
EXCLUDED (76,39,26,13): conference-numerator-nonzero
EXCLUDED (76,39,14,26): nonintegral-multiplicity
EXCLUDED (76,39,2,39): nonintegral-multiplicity
EXCLUDED (76,40,39,0): nonintegral-multiplicity
EXCLUDED (76,40,32,8): conference-numerator-nonzero
EXCLUDED (76,40,25,16): conference-numerator-nonzero
EXCLUDED (76,40,11,32): conference-numerator-nonzero
EXCLUDED (76,40,4,40): nonintegral-multiplicity
EXCLUDED (76,41,40,0): nonintegral-multiplicity
EXCLUDED (76,41,6,41): nonintegral-multiplicity
EXCLUDED (76,42,41,0): nonintegral-multiplicity
EXCLUDED (76,42,30,14): conference-numerator-nonzero
EXCLUDED (76,42,19,28): conference-numerator-nonzero
EXCLUDED (76,42,8,42): nonintegral-multiplicity
EXCLUDED (76,43,42,0): nonintegral-multiplicity
EXCLUDED (76,43,10,43): nonintegral-multiplicity
EXCLUDED (76,44,43,0): nonintegral-multiplicity
EXCLUDED (76,44,12,44): nonintegral-multiplicity
EXCLUDED (76,45,44,0): nonintegral-multiplicity
EXCLUDED (76,45,42,3): conference-numerator-nonzero
EXCLUDED (76,45,40,6): conference-numerator-nonzero
EXCLUDED (76,45,38,9): conference-numerator-nonzero
EXCLUDED (76,45,36,12): conference-numerator-nonzero
EXCLUDED (76,45,34,15): conference-numerator-nonzero
EXCLUDED (76,45,32,18): conference-numerator-nonzero
EXCLUDED (76,45,30,21): conference-numerator-nonzero
EXCLUDED (76,45,26,27): conference-numerator-nonzero
EXCLUDED (76,45,24,30): conference-numerator-nonzero
EXCLUDED (76,45,22,33): nonintegral-multiplicity
EXCLUDED (76,45,20,36): conference-numerator-nonzero
EXCLUDED (76,45,18,39): conference-numerator-nonzero
EXCLUDED (76,45,16,42): conference-numerator-nonzero
EXCLUDED (76,45,14,45): nonintegral-multiplicity
EXCLUDED (76,46,45,0): nonintegral-multiplicity
EXCLUDED (76,46,16,46): nonintegral-multiplicity
EXCLUDED (76,47,46,0): nonintegral-multiplicity
EXCLUDED (76,47,18,47): nonintegral-multiplicity
EXCLUDED (76,48,47,0): nonintegral-multiplicity
EXCLUDED (76,48,38,16): conference-numerator-nonzero
EXCLUDED (76,48,29,32): conference-numerator-nonzero
EXCLUDED (76,48,20,48): nonintegral-multiplicity
EXCLUDED (76,49,48,0): nonintegral-multiplicity
EXCLUDED (76,49,22,49): nonintegral-multiplicity
EXCLUDED (76,50,49,0): nonintegral-multiplicity
EXCLUDED (76,50,48,2): conference-numerator-nonzero
EXCLUDED (76,50,47,4): conference-numerator-nonzero
EXCLUDED (76,50,46,6): conference-numerator-nonzero
EXCLUDED (76,50,45,8): conference-numerator-nonzero
EXCLUDED (76,50,44,10): conference-numerator-nonzero
EXCLUDED (76,50,43,12): conference-numerator-nonzero
EXCLUDED (76,50,42,14): conference-numerator-nonzero
EXCLUDED (76,50,41,16): conference-numerator-nonzero
EXCLUDED (76,50,40,18): conference-numerator-nonzero
EXCLUDED (76,50,39,20): conference-numerator-nonzero
EXCLUDED (76,50,38,22): conference-numerator-nonzero
EXCLUDED (76,50,37,24): conference-numerator-nonzero
EXCLUDED (76,50,36,26): nonintegral-multiplicity
EXCLUDED (76,50,35,28): conference-numerator-nonzero
EXCLUDED (76,50,34,30): conference-numerator-nonzero
EXCLUDED (76,50,33,32): conference-numerator-nonzero
EXCLUDED (76,50,32,34): conference-numerator-nonzero
EXCLUDED (76,50,31,36): nonintegral-multiplicity
EXCLUDED (76,50,30,38): conference-numerator-nonzero
EXCLUDED (76,50,29,40): conference-numerator-nonzero
EXCLUDED (76,50,28,42): conference-numerator-nonzero
EXCLUDED (76,50,27,44): conference-numerator-nonzero
EXCLUDED (76,50,26,46): conference-numerator-nonzero
EXCLUDED (76,50,25,48): conference-numerator-nonzero
EXCLUDED (76,50,24,50): nonintegral-multiplicity
EXCLUDED (76,51,50,0): nonintegral-multiplicity
EXCLUDED (76,51,42,17): conference-numerator-nonzero
EXCLUDED (76,51,34,34): conference-numerator-nonzero
EXCLUDED (76,51,26,51): nonintegral-multiplicity
EXCLUDED (76,52,51,0): nonintegral-multiplicity
EXCLUDED (76,52,28,52): nonintegral-multiplicity
EXCLUDED (76,53,52,0): nonintegral-multiplicity
EXCLUDED (76,53,30,53): nonintegral-multiplicity
EXCLUDED (76,54,53,0): nonintegral-multiplicity
EXCLUDED (76,54,46,18): conference-numerator-nonzero
EXCLUDED (76,54,32,54): nonintegral-multiplicity
EXCLUDED (76,55,54,0): nonintegral-multiplicity
EXCLUDED (76,55,50,11): conference-numerator-nonzero
EXCLUDED (76,55,46,22): conference-numerator-nonzero
EXCLUDED (76,55,42,33): nonintegral-multiplicity
EXCLUDED (76,55,38,44): conference-numerator-nonzero
EXCLUDED (76,55,34,55): nonintegral-multiplicity
EXCLUDED (76,56,55,0): nonintegral-multiplicity
EXCLUDED (76,56,36,56): nonintegral-multiplicity
EXCLUDED (76,57,56,0): nonintegral-multiplicity
EXCLUDED (76,57,50,19): conference-numerator-nonzero
EXCLUDED (76,57,44,38): conference-numerator-nonzero
EXCLUDED (76,57,38,57): eigenvalue-sign
EXCLUDED (76,58,57,0): nonintegral-multiplicity
EXCLUDED (76,58,40,58): nonintegral-multiplicity
EXCLUDED (76,59,58,0): nonintegral-multiplicity
EXCLUDED (76,59,42,59): nonintegral-multiplicity
EXCLUDED (76,60,59,0): nonintegral-multiplicity
EXCLUDED (76,60,58,4): conference-numerator-nonzero
EXCLUDED (76,60,57,8): conference-numerator-nonzero
EXCLUDED (76,60,56,12): conference-numerator-nonzero
EXCLUDED (76,60,55,16): conference-numerator-nonzero
EXCLUDED (76,60,54,20): conference-numerator-nonzero
EXCLUDED (76,60,53,24): conference-numerator-nonzero
EXCLUDED (76,60,52,28): conference-numerator-nonzero
EXCLUDED (76,60,51,32): conference-numerator-nonzero
EXCLUDED (76,60,50,36): conference-numerator-nonzero
EXCLUDED (76,60,49,40): conference-numerator-nonzero
EXCLUDED (76,60,48,44): conference-numerator-nonzero
EXCLUDED (76,60,47,48): nonintegral-multiplicity
EXCLUDED (76,60,46,52): conference-numerator-nonzero
EXCLUDED (76,60,45,56): conference-numerator-nonzero
EXCLUDED (76,60,44,60): nonintegral-multiplicity
EXCLUDED (76,61,60,0): nonintegral-multiplicity
EXCLUDED (76,61,46,61): nonintegral-multiplicity
EXCLUDED (76,62,61,0): nonintegral-multiplicity
EXCLUDED (76,62,48,62): nonintegral-multiplicity
EXCLUDED (76,63,62,0): nonintegral-multiplicity
EXCLUDED (76,63,58,21): conference-numerator-nonzero
EXCLUDED (76,63,54,42): conference-numerator-nonzero
EXCLUDED (76,63,50,63): nonintegral-multiplicity
EXCLUDED (76,64,63,0): nonintegral-multiplicity
EXCLUDED (76,64,52,64): nonintegral-multiplicity
EXCLUDED (76,65,64,0): nonintegral-multiplicity
EXCLUDED (76,65,62,13): conference-numerator-nonzero
EXCLUDED (76,65,60,26): conference-numerator-nonzero
EXCLUDED (76,65,58,39): conference-numerator-nonzero
EXCLUDED (76,65,56,52): conference-numerator-nonzero
EXCLUDED (76,65,54,65): nonintegral-multiplicity
EXCLUDED (76,66,65,0): nonintegral-multiplicity
EXCLUDED (76,66,62,22): conference-numerator-nonzero
EXCLUDED (76,66,59,44): conference-numerator-nonzero
EXCLUDED (76,66,56,66): nonintegral-multiplicity
EXCLUDED (76,67,66,0): nonintegral-multiplicity
EXCLUDED (76,67,58,67): nonintegral-multiplicity
EXCLUDED (76,68,67,0): nonintegral-multiplicity
EXCLUDED (76,68,60,68): nonintegral-multiplicity
EXCLUDED (76,69,68,0): nonintegral-multiplicity
EXCLUDED (76,69,66,23): conference-numerator-nonzero
EXCLUDED (76,69,64,46): conference-numerator-nonzero
EXCLUDED (76,69,62,69): nonintegral-multiplicity
EXCLUDED (76,70,69,0): nonintegral-multiplicity
EXCLUDED (76,70,68,14): conference-numerator-nonzero
EXCLUDED (76,70,67,28): conference-numerator-nonzero
EXCLUDED (76,70,66,42): conference-numerator-nonzero
EXCLUDED (76,70,65,56): conference-numerator-nonzero
EXCLUDED (76,70,64,70): nonintegral-multiplicity
EXCLUDED (76,71,70,0): nonintegral-multiplicity
EXCLUDED (76,71,66,71): nonintegral-multiplicity
EXCLUDED (76,72,71,0): nonintegral-multiplicity
EXCLUDED (76,72,70,24): conference-numerator-nonzero
EXCLUDED (76,72,69,48): conference-numerator-nonzero
EXCLUDED (76,72,68,72): eigenvalue-sign
EXCLUDED (76,73,72,0): nonintegral-multiplicity
EXCLUDED (76,73,70,73): nonintegral-multiplicity
EXCLUDED (76,74,73,0): nonintegral-multiplicity
EXCLUDED (76,74,72,74): eigenvalue-sign
EXCLUDED (77,2,1,0): nonintegral-multiplicity
EXCLUDED (77,3,2,0): nonintegral-multiplicity
EXCLUDED (77,4,3,0): nonintegral-multiplicity
EXCLUDED (77,5,4,0): nonintegral-multiplicity
EXCLUDED (77,7,6,0): nonintegral-multiplicity
EXCLUDED (77,8,7,0): nonintegral-multiplicity
EXCLUDED (77,9,8,0): nonintegral-multiplicity
EXCLUDED (77,11,10,0): nonintegral-multiplicity
EXCLUDED (77,12,11,0): nonintegral-multiplicity
EXCLUDED (77,13,12,0): nonintegral-multiplicity
EXCLUDED (77,14,13,0): nonintegral-multiplicity
EXCLUDED (77,15,14,0): nonintegral-multiplicity
EXCLUDED (77,16,15,0): nonintegral-multiplicity
EXCLUDED (77,17,16,0): nonintegral-multiplicity
EXCLUDED (77,18,17,0): nonintegral-multiplicity
EXCLUDED (77,19,18,0): nonintegral-multiplicity
EXCLUDED (77,19,15,1): conference-numerator-nonzero
EXCLUDED (77,19,12,2): conference-numerator-nonzero
EXCLUDED (77,19,9,3): nonintegral-multiplicity
EXCLUDED (77,19,6,4): nonintegral-multiplicity
EXCLUDED (77,19,3,5): conference-numerator-nonzero
EXCLUDED (77,19,0,6): conference-numerator-nonzero
EXCLUDED (77,20,19,0): nonintegral-multiplicity
EXCLUDED (77,20,5,5): conference-numerator-nonzero
EXCLUDED (77,21,20,0): nonintegral-multiplicity
EXCLUDED (77,22,21,0): nonintegral-multiplicity
EXCLUDED (77,23,22,0): nonintegral-multiplicity
EXCLUDED (77,24,23,0): nonintegral-multiplicity
EXCLUDED (77,24,10,6): conference-numerator-nonzero
EXCLUDED (77,25,24,0): nonintegral-multiplicity
EXCLUDED (77,26,25,0): nonintegral-multiplicity
EXCLUDED (77,26,0,13): conference-numerator-nonzero
EXCLUDED (77,27,26,0): nonintegral-multiplicity
EXCLUDED (77,28,27,0): nonintegral-multiplicity
EXCLUDED (77,28,15,7): conference-numerator-nonzero
EXCLUDED (77,28,3,14): conference-numerator-nonzero
EXCLUDED (77,29,28,0): nonintegral-multiplicity
EXCLUDED (77,30,29,0): nonintegral-multiplicity
EXCLUDED (77,30,6,15): conference-numerator-nonzero
EXCLUDED (77,31,30,0): nonintegral-multiplicity
EXCLUDED (77,32,31,0): nonintegral-multiplicity
EXCLUDED (77,32,20,8): conference-numerator-nonzero
EXCLUDED (77,32,9,16): conference-numerator-nonzero
EXCLUDED (77,33,32,0): nonintegral-multiplicity
EXCLUDED (77,34,33,0): nonintegral-multiplicity
EXCLUDED (77,34,12,17): conference-numerator-nonzero
EXCLUDED (77,35,34,0): nonintegral-multiplicity
EXCLUDED (77,36,35,0): nonintegral-multiplicity
EXCLUDED (77,36,25,9): conference-numerator-nonzero
EXCLUDED (77,36,15,18): nonintegral-multiplicity
EXCLUDED (77,36,5,27): conference-numerator-nonzero
EXCLUDED (77,37,36,0): nonintegral-multiplicity
EXCLUDED (77,38,37,0): nonintegral-multiplicity
EXCLUDED (77,38,36,1): conference-numerator-nonzero
EXCLUDED (77,38,35,2): conference-numerator-nonzero
EXCLUDED (77,38,34,3): conference-numerator-nonzero
EXCLUDED (77,38,33,4): conference-numerator-nonzero
EXCLUDED (77,38,32,5): conference-numerator-nonzero
EXCLUDED (77,38,31,6): conference-numerator-nonzero
EXCLUDED (77,38,30,7): conference-numerator-nonzero
EXCLUDED (77,38,29,8): conference-numerator-nonzero
EXCLUDED (77,38,28,9): conference-numerator-nonzero
EXCLUDED (77,38,27,10): conference-numerator-nonzero
EXCLUDED (77,38,26,11): conference-numerator-nonzero
EXCLUDED (77,38,25,12): conference-numerator-nonzero
EXCLUDED (77,38,24,13): conference-numerator-nonzero
EXCLUDED (77,38,23,14): conference-numerator-nonzero
EXCLUDED (77,38,22,15): conference-numerator-nonzero
EXCLUDED (77,38,21,16): conference-numerator-nonzero
EXCLUDED (77,38,20,17): conference-numerator-nonzero
EXCLUDED (77,38,19,18): nonintegral-multiplicity
EXCLUDED (77,38,17,20): nonintegral-multiplicity
EXCLUDED (77,38,16,21): conference-numerator-nonzero
EXCLUDED (77,38,15,22): conference-numerator-nonzero
EXCLUDED (77,38,14,23): conference-numerator-nonzero
EXCLUDED (77,38,13,24): conference-numerator-nonzero
EXCLUDED (77,38,12,25): conference-numerator-nonzero
EXCLUDED (77,38,11,26): conference-numerator-nonzero
EXCLUDED (77,38,10,27): conference-numerator-nonzero
EXCLUDED (77,38,9,28): conference-numerator-nonzero
EXCLUDED (77,38,8,29): conference-numerator-nonzero
EXCLUDED (77,38,7,30): conference-numerator-nonzero
EXCLUDED (77,38,6,31): conference-numerator-nonzero
EXCLUDED (77,38,5,32): conference-numerator-nonzero
EXCLUDED (77,38,4,33): conference-numerator-nonzero
EXCLUDED (77,38,3,34): conference-numerator-nonzero
EXCLUDED (77,38,2,35): conference-numerator-nonzero
EXCLUDED (77,38,1,36): conference-numerator-nonzero
EXCLUDED (77,38,0,37): conference-numerator-nonzero
EXCLUDED (77,39,38,0): nonintegral-multiplicity
EXCLUDED (77,39,1,39): nonintegral-multiplicity
EXCLUDED (77,40,39,0): nonintegral-multiplicity
EXCLUDED (77,40,30,10): conference-numerator-nonzero
EXCLUDED (77,40,21,20): nonintegral-multiplicity
EXCLUDED (77,40,12,30): conference-numerator-nonzero
EXCLUDED (77,40,3,40): nonintegral-multiplicity
EXCLUDED (77,41,40,0): nonintegral-multiplicity
EXCLUDED (77,41,5,41): nonintegral-multiplicity
EXCLUDED (77,42,41,0): nonintegral-multiplicity
EXCLUDED (77,42,24,21): conference-numerator-nonzero
EXCLUDED (77,42,7,42): nonintegral-multiplicity
EXCLUDED (77,43,42,0): nonintegral-multiplicity
EXCLUDED (77,43,9,43): nonintegral-multiplicity
EXCLUDED (77,44,43,0): nonintegral-multiplicity
EXCLUDED (77,44,35,11): conference-numerator-nonzero
EXCLUDED (77,44,27,22): conference-numerator-nonzero
EXCLUDED (77,44,19,33): conference-numerator-nonzero
EXCLUDED (77,44,11,44): nonintegral-multiplicity
EXCLUDED (77,45,44,0): nonintegral-multiplicity
EXCLUDED (77,45,13,45): nonintegral-multiplicity
EXCLUDED (77,46,45,0): nonintegral-multiplicity
EXCLUDED (77,46,30,23): conference-numerator-nonzero
EXCLUDED (77,46,15,46): nonintegral-multiplicity
EXCLUDED (77,47,46,0): nonintegral-multiplicity
EXCLUDED (77,47,17,47): nonintegral-multiplicity
EXCLUDED (77,48,47,0): nonintegral-multiplicity
EXCLUDED (77,48,40,12): conference-numerator-nonzero
EXCLUDED (77,48,33,24): conference-numerator-nonzero
EXCLUDED (77,48,26,36): conference-numerator-nonzero
EXCLUDED (77,48,19,48): nonintegral-multiplicity
EXCLUDED (77,49,48,0): nonintegral-multiplicity
EXCLUDED (77,49,21,49): nonintegral-multiplicity
EXCLUDED (77,50,49,0): nonintegral-multiplicity
EXCLUDED (77,50,36,25): conference-numerator-nonzero
EXCLUDED (77,50,23,50): nonintegral-multiplicity
EXCLUDED (77,51,50,0): nonintegral-multiplicity
EXCLUDED (77,51,25,51): nonintegral-multiplicity
EXCLUDED (77,52,51,0): nonintegral-multiplicity
EXCLUDED (77,52,45,13): conference-numerator-nonzero
EXCLUDED (77,52,39,26): conference-numerator-nonzero
EXCLUDED (77,52,33,39): conference-numerator-nonzero
EXCLUDED (77,52,27,52): nonintegral-multiplicity
EXCLUDED (77,53,52,0): nonintegral-multiplicity
EXCLUDED (77,53,29,53): nonintegral-multiplicity
EXCLUDED (77,54,53,0): nonintegral-multiplicity
EXCLUDED (77,54,42,27): conference-numerator-nonzero
EXCLUDED (77,54,31,54): nonintegral-multiplicity
EXCLUDED (77,55,54,0): nonintegral-multiplicity
EXCLUDED (77,55,33,55): nonintegral-multiplicity
EXCLUDED (77,56,55,0): nonintegral-multiplicity
EXCLUDED (77,56,50,14): conference-numerator-nonzero
EXCLUDED (77,56,45,28): conference-numerator-nonzero
EXCLUDED (77,56,40,42): conference-numerator-nonzero
EXCLUDED (77,56,35,56): nonintegral-multiplicity
EXCLUDED (77,57,56,0): nonintegral-multiplicity
EXCLUDED (77,57,55,3): conference-numerator-nonzero
EXCLUDED (77,57,54,6): conference-numerator-nonzero
EXCLUDED (77,57,53,9): conference-numerator-nonzero
EXCLUDED (77,57,52,12): conference-numerator-nonzero
EXCLUDED (77,57,51,15): conference-numerator-nonzero
EXCLUDED (77,57,50,18): conference-numerator-nonzero
EXCLUDED (77,57,49,21): conference-numerator-nonzero
EXCLUDED (77,57,48,24): conference-numerator-nonzero
EXCLUDED (77,57,47,27): conference-numerator-nonzero
EXCLUDED (77,57,46,30): conference-numerator-nonzero
EXCLUDED (77,57,45,33): conference-numerator-nonzero
EXCLUDED (77,57,44,36): conference-numerator-nonzero
EXCLUDED (77,57,43,39): conference-numerator-nonzero
EXCLUDED (77,57,42,42): conference-numerator-nonzero
EXCLUDED (77,57,41,45): nonintegral-multiplicity
EXCLUDED (77,57,40,48): nonintegral-multiplicity
EXCLUDED (77,57,39,51): conference-numerator-nonzero
EXCLUDED (77,57,38,54): conference-numerator-nonzero
EXCLUDED (77,57,37,57): nonintegral-multiplicity
EXCLUDED (77,58,57,0): nonintegral-multiplicity
EXCLUDED (77,58,48,29): conference-numerator-nonzero
EXCLUDED (77,58,39,58): nonintegral-multiplicity
EXCLUDED (77,59,58,0): nonintegral-multiplicity
EXCLUDED (77,59,41,59): nonintegral-multiplicity
EXCLUDED (77,60,59,0): nonintegral-multiplicity
EXCLUDED (77,60,55,15): conference-numerator-nonzero
EXCLUDED (77,60,51,30): conference-numerator-nonzero
EXCLUDED (77,60,43,60): nonintegral-multiplicity
EXCLUDED (77,61,60,0): nonintegral-multiplicity
EXCLUDED (77,61,45,61): nonintegral-multiplicity
EXCLUDED (77,62,61,0): nonintegral-multiplicity
EXCLUDED (77,62,54,31): conference-numerator-nonzero
EXCLUDED (77,62,47,62): nonintegral-multiplicity
EXCLUDED (77,63,62,0): nonintegral-multiplicity
EXCLUDED (77,63,49,63): nonintegral-multiplicity
EXCLUDED (77,64,63,0): nonintegral-multiplicity
EXCLUDED (77,64,60,16): conference-numerator-nonzero
EXCLUDED (77,64,57,32): conference-numerator-nonzero
EXCLUDED (77,64,54,48): nonintegral-multiplicity
EXCLUDED (77,64,51,64): nonintegral-multiplicity
EXCLUDED (77,65,64,0): nonintegral-multiplicity
EXCLUDED (77,65,53,65): nonintegral-multiplicity
EXCLUDED (77,66,65,0): nonintegral-multiplicity
EXCLUDED (77,66,60,33): conference-numerator-nonzero
EXCLUDED (77,66,55,66): eigenvalue-sign
EXCLUDED (77,67,66,0): nonintegral-multiplicity
EXCLUDED (77,67,57,67): nonintegral-multiplicity
EXCLUDED (77,68,67,0): nonintegral-multiplicity
EXCLUDED (77,68,65,17): conference-numerator-nonzero
EXCLUDED (77,68,63,34): conference-numerator-nonzero
EXCLUDED (77,68,61,51): conference-numerator-nonzero
EXCLUDED (77,68,59,68): nonintegral-multiplicity
EXCLUDED (77,69,68,0): nonintegral-multiplicity
EXCLUDED (77,69,61,69): nonintegral-multiplicity
EXCLUDED (77,70,69,0): nonintegral-multiplicity
EXCLUDED (77,70,66,35): conference-numerator-nonzero
EXCLUDED (77,70,63,70): eigenvalue-sign
EXCLUDED (77,71,70,0): nonintegral-multiplicity
EXCLUDED (77,71,65,71): nonintegral-multiplicity
EXCLUDED (77,72,71,0): nonintegral-multiplicity
EXCLUDED (77,72,70,18): conference-numerator-nonzero
EXCLUDED (77,72,69,36): conference-numerator-nonzero
EXCLUDED (77,72,68,54): conference-numerator-nonzero
EXCLUDED (77,72,67,72): nonintegral-multiplicity
EXCLUDED (77,73,72,0): nonintegral-multiplicity
EXCLUDED (77,73,69,73): nonintegral-multiplicity
EXCLUDED (77,74,73,0): nonintegral-multiplicity
EXCLUDED (77,74,72,37): conference-numerator-nonzero
EXCLUDED (77,74,71,74): nonintegral-multiplicity
EXCLUDED (77,75,74,0): nonintegral-multiplicity
EXCLUDED (77,75,73,75): nonintegral-multiplicity
EXCLUDED (78,3,2,0): nonintegral-multiplicity
EXCLUDED (78,4,3,0): nonintegral-multiplicity
EXCLUDED (78,6,5,0): nonintegral-multiplicity
EXCLUDED (78,7,6,0): nonintegral-multiplicity
EXCLUDED (78,8,7,0): nonintegral-multiplicity
EXCLUDED (78,9,8,0): nonintegral-multiplicity
EXCLUDED (78,10,9,0): nonintegral-multiplicity
EXCLUDED (78,11,10,0): nonintegral-multiplicity
EXCLUDED (78,11,4,1): nonintegral-multiplicity
EXCLUDED (78,13,12,0): nonintegral-multiplicity
EXCLUDED (78,14,13,0): nonintegral-multiplicity
EXCLUDED (78,14,4,2): conference-numerator-nonzero
EXCLUDED (78,15,14,0): nonintegral-multiplicity
EXCLUDED (78,16,15,0): nonintegral-multiplicity
EXCLUDED (78,17,16,0): nonintegral-multiplicity
EXCLUDED (78,18,17,0): nonintegral-multiplicity
EXCLUDED (78,19,18,0): nonintegral-multiplicity
EXCLUDED (78,20,19,0): nonintegral-multiplicity
EXCLUDED (78,21,20,0): nonintegral-multiplicity
EXCLUDED (78,21,12,3): conference-numerator-nonzero
EXCLUDED (78,21,4,6): nonintegral-multiplicity
EXCLUDED (78,22,21,0): nonintegral-multiplicity
EXCLUDED (78,22,16,2): conference-numerator-nonzero
EXCLUDED (78,22,6,6): nonintegral-multiplicity
EXCLUDED (78,22,1,8): conference-numerator-nonzero
EXCLUDED (78,23,22,0): nonintegral-multiplicity
EXCLUDED (78,24,23,0): nonintegral-multiplicity
EXCLUDED (78,26,25,0): nonintegral-multiplicity
EXCLUDED (78,27,26,0): nonintegral-multiplicity
EXCLUDED (78,28,27,0): nonintegral-multiplicity
EXCLUDED (78,28,20,4): conference-numerator-nonzero
EXCLUDED (78,28,13,8): conference-numerator-nonzero
EXCLUDED (78,28,6,12): nonintegral-multiplicity
EXCLUDED (78,29,28,0): nonintegral-multiplicity
EXCLUDED (78,30,29,0): nonintegral-multiplicity
EXCLUDED (78,31,30,0): nonintegral-multiplicity
EXCLUDED (78,32,31,0): nonintegral-multiplicity
EXCLUDED (78,33,32,0): nonintegral-multiplicity
EXCLUDED (78,33,28,3): conference-numerator-nonzero
EXCLUDED (78,33,24,6): conference-numerator-nonzero
EXCLUDED (78,33,20,9): conference-numerator-nonzero
EXCLUDED (78,33,16,12): nonintegral-multiplicity
EXCLUDED (78,33,12,15): nonintegral-multiplicity
EXCLUDED (78,33,8,18): conference-numerator-nonzero
EXCLUDED (78,33,4,21): conference-numerator-nonzero
EXCLUDED (78,33,0,24): conference-numerator-nonzero
EXCLUDED (78,34,33,0): nonintegral-multiplicity
EXCLUDED (78,35,34,0): nonintegral-multiplicity
EXCLUDED (78,35,28,5): conference-numerator-nonzero
EXCLUDED (78,35,22,10): conference-numerator-nonzero
EXCLUDED (78,35,16,15): nonintegral-multiplicity
EXCLUDED (78,35,10,20): conference-numerator-nonzero
EXCLUDED (78,35,4,25): conference-numerator-nonzero
EXCLUDED (78,36,35,0): nonintegral-multiplicity
EXCLUDED (78,37,36,0): nonintegral-multiplicity
EXCLUDED (78,39,38,0): nonintegral-multiplicity
EXCLUDED (78,39,0,39): eigenvalue-sign
EXCLUDED (78,40,39,0): nonintegral-multiplicity
EXCLUDED (78,40,2,40): nonintegral-multiplicity
EXCLUDED (78,41,40,0): nonintegral-multiplicity
EXCLUDED (78,41,4,41): nonintegral-multiplicity
EXCLUDED (78,42,41,0): nonintegral-multiplicity
EXCLUDED (78,42,36,6): conference-numerator-nonzero
EXCLUDED (78,42,31,12): conference-numerator-nonzero
EXCLUDED (78,42,26,18): conference-numerator-nonzero
EXCLUDED (78,42,21,24): nonintegral-multiplicity
EXCLUDED (78,42,16,30): conference-numerator-nonzero
EXCLUDED (78,42,11,36): conference-numerator-nonzero
EXCLUDED (78,42,6,42): nonintegral-multiplicity
EXCLUDED (78,43,42,0): nonintegral-multiplicity
EXCLUDED (78,43,8,43): nonintegral-multiplicity
EXCLUDED (78,44,43,0): nonintegral-multiplicity
EXCLUDED (78,44,40,4): conference-numerator-nonzero
EXCLUDED (78,44,37,8): conference-numerator-nonzero
EXCLUDED (78,44,34,12): conference-numerator-nonzero
EXCLUDED (78,44,31,16): conference-numerator-nonzero
EXCLUDED (78,44,28,20): conference-numerator-nonzero
EXCLUDED (78,44,25,24): nonintegral-multiplicity
EXCLUDED (78,44,22,28): nonintegral-multiplicity
EXCLUDED (78,44,19,32): conference-numerator-nonzero
EXCLUDED (78,44,16,36): conference-numerator-nonzero
EXCLUDED (78,44,13,40): conference-numerator-nonzero
EXCLUDED (78,44,10,44): nonintegral-multiplicity
EXCLUDED (78,45,44,0): nonintegral-multiplicity
EXCLUDED (78,45,12,45): nonintegral-multiplicity
EXCLUDED (78,46,45,0): nonintegral-multiplicity
EXCLUDED (78,46,14,46): nonintegral-multiplicity
EXCLUDED (78,47,46,0): nonintegral-multiplicity
EXCLUDED (78,47,16,47): nonintegral-multiplicity
EXCLUDED (78,48,47,0): nonintegral-multiplicity
EXCLUDED (78,48,18,48): nonintegral-multiplicity
EXCLUDED (78,49,48,0): nonintegral-multiplicity
EXCLUDED (78,49,44,7): conference-numerator-nonzero
EXCLUDED (78,49,40,14): conference-numerator-nonzero
EXCLUDED (78,49,36,21): conference-numerator-nonzero
EXCLUDED (78,49,32,28): nonintegral-multiplicity
EXCLUDED (78,49,28,35): conference-numerator-nonzero
EXCLUDED (78,49,24,42): conference-numerator-nonzero
EXCLUDED (78,49,20,49): nonintegral-multiplicity
EXCLUDED (78,50,49,0): nonintegral-multiplicity
EXCLUDED (78,50,22,50): nonintegral-multiplicity
EXCLUDED (78,51,50,0): nonintegral-multiplicity
EXCLUDED (78,51,24,51): nonintegral-multiplicity
EXCLUDED (78,52,51,0): nonintegral-multiplicity
EXCLUDED (78,52,26,52): eigenvalue-sign
EXCLUDED (78,53,52,0): nonintegral-multiplicity
EXCLUDED (78,53,28,53): nonintegral-multiplicity
EXCLUDED (78,54,53,0): nonintegral-multiplicity
EXCLUDED (78,54,30,54): nonintegral-multiplicity
EXCLUDED (78,55,54,0): nonintegral-multiplicity
EXCLUDED (78,55,52,5): conference-numerator-nonzero
EXCLUDED (78,55,50,10): conference-numerator-nonzero
EXCLUDED (78,55,48,15): conference-numerator-nonzero
EXCLUDED (78,55,46,20): conference-numerator-nonzero
EXCLUDED (78,55,44,25): conference-numerator-nonzero
EXCLUDED (78,55,42,30): conference-numerator-nonzero
EXCLUDED (78,55,40,35): conference-numerator-nonzero
EXCLUDED (78,55,38,40): nonintegral-multiplicity
EXCLUDED (78,55,34,50): conference-numerator-nonzero
EXCLUDED (78,55,32,55): nonintegral-multiplicity
EXCLUDED (78,56,55,0): nonintegral-multiplicity
EXCLUDED (78,56,52,8): conference-numerator-nonzero
EXCLUDED (78,56,49,16): conference-numerator-nonzero
EXCLUDED (78,56,46,24): conference-numerator-nonzero
EXCLUDED (78,56,43,32): conference-numerator-nonzero
EXCLUDED (78,56,40,40): nonintegral-multiplicity
EXCLUDED (78,56,37,48): conference-numerator-nonzero
EXCLUDED (78,56,34,56): nonintegral-multiplicity
EXCLUDED (78,57,56,0): nonintegral-multiplicity
EXCLUDED (78,57,36,57): nonintegral-multiplicity
EXCLUDED (78,58,57,0): nonintegral-multiplicity
EXCLUDED (78,58,38,58): nonintegral-multiplicity
EXCLUDED (78,59,58,0): nonintegral-multiplicity
EXCLUDED (78,59,40,59): nonintegral-multiplicity
EXCLUDED (78,60,59,0): nonintegral-multiplicity
EXCLUDED (78,60,42,60): nonintegral-multiplicity
EXCLUDED (78,61,60,0): nonintegral-multiplicity
EXCLUDED (78,61,44,61): nonintegral-multiplicity
EXCLUDED (78,62,61,0): nonintegral-multiplicity
EXCLUDED (78,62,46,62): nonintegral-multiplicity
EXCLUDED (78,63,62,0): nonintegral-multiplicity
EXCLUDED (78,63,60,9): conference-numerator-nonzero
EXCLUDED (78,63,58,18): conference-numerator-nonzero
EXCLUDED (78,63,56,27): conference-numerator-nonzero
EXCLUDED (78,63,54,36): conference-numerator-nonzero
EXCLUDED (78,63,52,45): nonintegral-multiplicity
EXCLUDED (78,63,50,54): conference-numerator-nonzero
EXCLUDED (78,63,48,63): nonintegral-multiplicity
EXCLUDED (78,64,63,0): nonintegral-multiplicity
EXCLUDED (78,64,50,64): nonintegral-multiplicity
EXCLUDED (78,65,64,0): nonintegral-multiplicity
EXCLUDED (78,65,52,65): eigenvalue-sign
EXCLUDED (78,66,65,0): nonintegral-multiplicity
EXCLUDED (78,66,64,6): conference-numerator-nonzero
EXCLUDED (78,66,63,12): conference-numerator-nonzero
EXCLUDED (78,66,62,18): conference-numerator-nonzero
EXCLUDED (78,66,61,24): conference-numerator-nonzero
EXCLUDED (78,66,60,30): conference-numerator-nonzero
EXCLUDED (78,66,59,36): conference-numerator-nonzero
EXCLUDED (78,66,58,42): conference-numerator-nonzero
EXCLUDED (78,66,57,48): conference-numerator-nonzero
EXCLUDED (78,66,56,54): conference-numerator-nonzero
EXCLUDED (78,66,55,60): nonintegral-multiplicity
EXCLUDED (78,66,54,66): nonintegral-multiplicity
EXCLUDED (78,67,66,0): nonintegral-multiplicity
EXCLUDED (78,67,56,67): nonintegral-multiplicity
EXCLUDED (78,68,67,0): nonintegral-multiplicity
EXCLUDED (78,68,58,68): nonintegral-multiplicity
EXCLUDED (78,69,68,0): nonintegral-multiplicity
EXCLUDED (78,69,60,69): nonintegral-multiplicity
EXCLUDED (78,70,69,0): nonintegral-multiplicity
EXCLUDED (78,70,68,10): conference-numerator-nonzero
EXCLUDED (78,70,67,20): conference-numerator-nonzero
EXCLUDED (78,70,66,30): conference-numerator-nonzero
EXCLUDED (78,70,65,40): conference-numerator-nonzero
EXCLUDED (78,70,64,50): conference-numerator-nonzero
OBSTRUCTED (78,70,63,60)
EXCLUDED (78,70,62,70): nonintegral-multiplicity
EXCLUDED (78,71,70,0): nonintegral-multiplicity
EXCLUDED (78,71,64,71): nonintegral-multiplicity
EXCLUDED (78,72,71,0): nonintegral-multiplicity
EXCLUDED (78,72,66,72): eigenvalue-sign
EXCLUDED (78,73,72,0): nonintegral-multiplicity
EXCLUDED (78,73,68,73): nonintegral-multiplicity
EXCLUDED (78,74,73,0): nonintegral-multiplicity
EXCLUDED (78,74,70,74): nonintegral-multiplicity
EXCLUDED (78,75,74,0): nonintegral-multiplicity
EXCLUDED (78,75,72,75): eigenvalue-sign
EXCLUDED (78,76,75,0): nonintegral-multiplicity
EXCLUDED (78,76,74,76): eigenvalue-sign
EXCLUDED (79,2,1,0): nonintegral-multiplicity
EXCLUDED (79,3,2,0): nonintegral-multiplicity
EXCLUDED (79,4,3,0): nonintegral-multiplicity
EXCLUDED (79,5,4,0): nonintegral-multiplicity
EXCLUDED (79,6,5,0): nonintegral-multiplicity
EXCLUDED (79,7,6,0): nonintegral-multiplicity
EXCLUDED (79,8,7,0): nonintegral-multiplicity
EXCLUDED (79,9,8,0): nonintegral-multiplicity
EXCLUDED (79,10,9,0): nonintegral-multiplicity
EXCLUDED (79,11,10,0): nonintegral-multiplicity
EXCLUDED (79,12,11,0): nonintegral-multiplicity
EXCLUDED (79,12,0,2): conference-numerator-nonzero
EXCLUDED (79,13,12,0): nonintegral-multiplicity
EXCLUDED (79,13,7,1): conference-numerator-nonzero
EXCLUDED (79,13,2,2): conference-numerator-nonzero
EXCLUDED (79,14,13,0): nonintegral-multiplicity
EXCLUDED (79,15,14,0): nonintegral-multiplicity
EXCLUDED (79,16,15,0): nonintegral-multiplicity
EXCLUDED (79,17,16,0): nonintegral-multiplicity
EXCLUDED (79,18,17,0): nonintegral-multiplicity
EXCLUDED (79,18,7,3): conference-numerator-nonzero
EXCLUDED (79,19,18,0): nonintegral-multiplicity
EXCLUDED (79,20,19,0): nonintegral-multiplicity
EXCLUDED (79,21,20,0): nonintegral-multiplicity
EXCLUDED (79,21,1,7): conference-numerator-nonzero
EXCLUDED (79,22,21,0): nonintegral-multiplicity
EXCLUDED (79,23,22,0): nonintegral-multiplicity
EXCLUDED (79,24,23,0): nonintegral-multiplicity
EXCLUDED (79,24,14,4): conference-numerator-nonzero
EXCLUDED (79,24,5,8): conference-numerator-nonzero
EXCLUDED (79,25,24,0): nonintegral-multiplicity
EXCLUDED (79,26,25,0): nonintegral-multiplicity
EXCLUDED (79,26,23,1): conference-numerator-nonzero
EXCLUDED (79,26,21,2): conference-numerator-nonzero
EXCLUDED (79,26,19,3): conference-numerator-nonzero
EXCLUDED (79,26,17,4): conference-numerator-nonzero
EXCLUDED (79,26,15,5): conference-numerator-nonzero
EXCLUDED (79,26,13,6): conference-numerator-nonzero
EXCLUDED (79,26,11,7): conference-numerator-nonzero
EXCLUDED (79,26,9,8): conference-numerator-nonzero
EXCLUDED (79,26,7,9): conference-numerator-nonzero
EXCLUDED (79,26,5,10): conference-numerator-nonzero
EXCLUDED (79,26,3,11): conference-numerator-nonzero
EXCLUDED (79,26,1,12): conference-numerator-nonzero
EXCLUDED (79,27,26,0): nonintegral-multiplicity
EXCLUDED (79,27,9,9): conference-numerator-nonzero
EXCLUDED (79,28,27,0): nonintegral-multiplicity
EXCLUDED (79,28,2,14): conference-numerator-nonzero
EXCLUDED (79,29,28,0): nonintegral-multiplicity
EXCLUDED (79,30,29,0): nonintegral-multiplicity
EXCLUDED (79,30,21,5): conference-numerator-nonzero
EXCLUDED (79,30,13,10): conference-numerator-nonzero
EXCLUDED (79,30,5,15): conference-numerator-nonzero
EXCLUDED (79,31,30,0): nonintegral-multiplicity
EXCLUDED (79,32,31,0): nonintegral-multiplicity
EXCLUDED (79,32,8,16): conference-numerator-nonzero
EXCLUDED (79,33,32,0): nonintegral-multiplicity
EXCLUDED (79,33,17,11): conference-numerator-nonzero
EXCLUDED (79,33,2,22): conference-numerator-nonzero
EXCLUDED (79,34,33,0): nonintegral-multiplicity
EXCLUDED (79,34,11,17): conference-numerator-nonzero
EXCLUDED (79,35,34,0): nonintegral-multiplicity
EXCLUDED (79,36,35,0): nonintegral-multiplicity
EXCLUDED (79,36,28,6): conference-numerator-nonzero
EXCLUDED (79,36,21,12): conference-numerator-nonzero
EXCLUDED (79,36,14,18): conference-numerator-nonzero
EXCLUDED (79,36,7,24): conference-numerator-nonzero
EXCLUDED (79,36,0,30): conference-numerator-nonzero
EXCLUDED (79,37,36,0): nonintegral-multiplicity
EXCLUDED (79,38,37,0): nonintegral-multiplicity
EXCLUDED (79,38,17,19): conference-numerator-nonzero
EXCLUDED (79,39,38,0): nonintegral-multiplicity
EXCLUDED (79,39,37,1): conference-numerator-nonzero
EXCLUDED (79,39,36,2): conference-numerator-nonzero
EXCLUDED (79,39,35,3): conference-numerator-nonzero
EXCLUDED (79,39,34,4): conference-numerator-nonzero
EXCLUDED (79,39,33,5): conference-numerator-nonzero
EXCLUDED (79,39,32,6): conference-numerator-nonzero
EXCLUDED (79,39,31,7): conference-numerator-nonzero
EXCLUDED (79,39,30,8): conference-numerator-nonzero
EXCLUDED (79,39,29,9): conference-numerator-nonzero
EXCLUDED (79,39,28,10): conference-numerator-nonzero
EXCLUDED (79,39,27,11): conference-numerator-nonzero
EXCLUDED (79,39,26,12): conference-numerator-nonzero
EXCLUDED (79,39,25,13): conference-numerator-nonzero
EXCLUDED (79,39,24,14): conference-numerator-nonzero
EXCLUDED (79,39,23,15): conference-numerator-nonzero
EXCLUDED (79,39,22,16): conference-numerator-nonzero
EXCLUDED (79,39,21,17): conference-numerator-nonzero
EXCLUDED (79,39,20,18): conference-numerator-nonzero
EXCLUDED (79,39,19,19): conference-numerator-nonzero
EXCLUDED (79,39,18,20): conference-numerator-nonzero
EXCLUDED (79,39,17,21): conference-numerator-nonzero
EXCLUDED (79,39,16,22): conference-numerator-nonzero
EXCLUDED (79,39,15,23): conference-numerator-nonzero
EXCLUDED (79,39,14,24): conference-numerator-nonzero
EXCLUDED (79,39,13,25): conference-numerator-nonzero
EXCLUDED (79,39,12,26): conference-numerator-nonzero
EXCLUDED (79,39,11,27): conference-numerator-nonzero
EXCLUDED (79,39,10,28): conference-numerator-nonzero
EXCLUDED (79,39,9,29): conference-numerator-nonzero
EXCLUDED (79,39,8,30): conference-numerator-nonzero
EXCLUDED (79,39,7,31): conference-numerator-nonzero
EXCLUDED (79,39,6,32): conference-numerator-nonzero
EXCLUDED (79,39,5,33): conference-numerator-nonzero
EXCLUDED (79,39,4,34): conference-numerator-nonzero
EXCLUDED (79,39,3,35): conference-numerator-nonzero
EXCLUDED (79,39,2,36): conference-numerator-nonzero
EXCLUDED (79,39,1,37): conference-numerator-nonzero
EXCLUDED (79,39,0,38): conference-numerator-nonzero
EXCLUDED (79,40,39,0): nonintegral-multiplicity
EXCLUDED (79,40,20,20): conference-numerator-nonzero
EXCLUDED (79,40,1,40): nonintegral-multiplicity
EXCLUDED (79,41,40,0): nonintegral-multiplicity
EXCLUDED (79,41,3,41): nonintegral-multiplicity
EXCLUDED (79,42,41,0): nonintegral-multiplicity
EXCLUDED (79,42,35,7): conference-numerator-nonzero
EXCLUDED (79,42,29,14): conference-numerator-nonzero
EXCLUDED (79,42,23,21): conference-numerator-nonzero
EXCLUDED (79,42,17,28): conference-numerator-nonzero
EXCLUDED (79,42,11,35): conference-numerator-nonzero
EXCLUDED (79,42,5,42): nonintegral-multiplicity
EXCLUDED (79,43,42,0): nonintegral-multiplicity
EXCLUDED (79,43,7,43): nonintegral-multiplicity
EXCLUDED (79,44,43,0): nonintegral-multiplicity
EXCLUDED (79,44,26,22): conference-numerator-nonzero
EXCLUDED (79,44,9,44): nonintegral-multiplicity
EXCLUDED (79,45,44,0): nonintegral-multiplicity
EXCLUDED (79,45,33,15): conference-numerator-nonzero
EXCLUDED (79,45,22,30): conference-numerator-nonzero
EXCLUDED (79,45,11,45): nonintegral-multiplicity
EXCLUDED (79,46,45,0): nonintegral-multiplicity
EXCLUDED (79,46,29,23): conference-numerator-nonzero
EXCLUDED (79,46,13,46): nonintegral-multiplicity
EXCLUDED (79,47,46,0): nonintegral-multiplicity
EXCLUDED (79,47,15,47): nonintegral-multiplicity
EXCLUDED (79,48,47,0): nonintegral-multiplicity
EXCLUDED (79,48,42,8): conference-numerator-nonzero
EXCLUDED (79,48,37,16): conference-numerator-nonzero
EXCLUDED (79,48,32,24): conference-numerator-nonzero
EXCLUDED (79,48,27,32): conference-numerator-nonzero
EXCLUDED (79,48,22,40): conference-numerator-nonzero
EXCLUDED (79,48,17,48): nonintegral-multiplicity
EXCLUDED (79,49,48,0): nonintegral-multiplicity
EXCLUDED (79,49,19,49): nonintegral-multiplicity
EXCLUDED (79,50,49,0): nonintegral-multiplicity
EXCLUDED (79,50,35,25): conference-numerator-nonzero
EXCLUDED (79,50,21,50): nonintegral-multiplicity
EXCLUDED (79,51,50,0): nonintegral-multiplicity
EXCLUDED (79,51,41,17): conference-numerator-nonzero
EXCLUDED (79,51,32,34): conference-numerator-nonzero
EXCLUDED (79,51,23,51): nonintegral-multiplicity
EXCLUDED (79,52,51,0): nonintegral-multiplicity
EXCLUDED (79,52,50,2): conference-numerator-nonzero
EXCLUDED (79,52,49,4): conference-numerator-nonzero
EXCLUDED (79,52,48,6): conference-numerator-nonzero
EXCLUDED (79,52,47,8): conference-numerator-nonzero
EXCLUDED (79,52,46,10): conference-numerator-nonzero
EXCLUDED (79,52,45,12): conference-numerator-nonzero
EXCLUDED (79,52,44,14): conference-numerator-nonzero
EXCLUDED (79,52,43,16): conference-numerator-nonzero
EXCLUDED (79,52,42,18): conference-numerator-nonzero
EXCLUDED (79,52,41,20): conference-numerator-nonzero
EXCLUDED (79,52,40,22): conference-numerator-nonzero
EXCLUDED (79,52,39,24): conference-numerator-nonzero
EXCLUDED (79,52,38,26): conference-numerator-nonzero
EXCLUDED (79,52,37,28): conference-numerator-nonzero
EXCLUDED (79,52,36,30): conference-numerator-nonzero
EXCLUDED (79,52,35,32): conference-numerator-nonzero
EXCLUDED (79,52,34,34): conference-numerator-nonzero
EXCLUDED (79,52,33,36): conference-numerator-nonzero
EXCLUDED (79,52,32,38): conference-numerator-nonzero
EXCLUDED (79,52,31,40): conference-numerator-nonzero
EXCLUDED (79,52,30,42): conference-numerator-nonzero
EXCLUDED (79,52,29,44): conference-numerator-nonzero
EXCLUDED (79,52,28,46): conference-numerator-nonzero
EXCLUDED (79,52,27,48): conference-numerator-nonzero
EXCLUDED (79,52,26,50): conference-numerator-nonzero
EXCLUDED (79,52,25,52): nonintegral-multiplicity
EXCLUDED (79,53,52,0): nonintegral-multiplicity
EXCLUDED (79,53,27,53): nonintegral-multiplicity
EXCLUDED (79,54,53,0): nonintegral-multiplicity
EXCLUDED (79,54,49,9): conference-numerator-nonzero
EXCLUDED (79,54,45,18): conference-numerator-nonzero
EXCLUDED (79,54,41,27): conference-numerator-nonzero
EXCLUDED (79,54,37,36): conference-numerator-nonzero
EXCLUDED (79,54,33,45): conference-numerator-nonzero
EXCLUDED (79,54,29,54): nonintegral-multiplicity
EXCLUDED (79,55,54,0): nonintegral-multiplicity
EXCLUDED (79,55,31,55): nonintegral-multiplicity
EXCLUDED (79,56,55,0): nonintegral-multiplicity
EXCLUDED (79,56,44,28): conference-numerator-nonzero
EXCLUDED (79,56,33,56): nonintegral-multiplicity
EXCLUDED (79,57,56,0): nonintegral-multiplicity
EXCLUDED (79,57,49,19): conference-numerator-nonzero
EXCLUDED (79,57,42,38): conference-numerator-nonzero
EXCLUDED (79,57,35,57): nonintegral-multiplicity
EXCLUDED (79,58,57,0): nonintegral-multiplicity
EXCLUDED (79,58,47,29): conference-numerator-nonzero
EXCLUDED (79,58,37,58): nonintegral-multiplicity
EXCLUDED (79,59,58,0): nonintegral-multiplicity
EXCLUDED (79,59,39,59): nonintegral-multiplicity
EXCLUDED (79,60,59,0): nonintegral-multiplicity
EXCLUDED (79,60,56,10): conference-numerator-nonzero
EXCLUDED (79,60,53,20): conference-numerator-nonzero
EXCLUDED (79,60,50,30): conference-numerator-nonzero
EXCLUDED (79,60,47,40): conference-numerator-nonzero
EXCLUDED (79,60,44,50): conference-numerator-nonzero
EXCLUDED (79,60,41,60): nonintegral-multiplicity
EXCLUDED (79,61,60,0): nonintegral-multiplicity
EXCLUDED (79,61,43,61): nonintegral-multiplicity
EXCLUDED (79,62,61,0): nonintegral-multiplicity
EXCLUDED (79,62,53,31): conference-numerator-nonzero
EXCLUDED (79,62,45,62): nonintegral-multiplicity
EXCLUDED (79,63,62,0): nonintegral-multiplicity
EXCLUDED (79,63,57,21): conference-numerator-nonzero
EXCLUDED (79,63,52,42): conference-numerator-nonzero
EXCLUDED (79,63,47,63): nonintegral-multiplicity
EXCLUDED (79,64,63,0): nonintegral-multiplicity
EXCLUDED (79,64,56,32): conference-numerator-nonzero
EXCLUDED (79,64,49,64): nonintegral-multiplicity
EXCLUDED (79,65,64,0): nonintegral-multiplicity
EXCLUDED (79,65,63,5): conference-numerator-nonzero
EXCLUDED (79,65,62,10): conference-numerator-nonzero
EXCLUDED (79,65,61,15): conference-numerator-nonzero
EXCLUDED (79,65,60,20): conference-numerator-nonzero
EXCLUDED (79,65,59,25): conference-numerator-nonzero
EXCLUDED (79,65,58,30): conference-numerator-nonzero
EXCLUDED (79,65,57,35): conference-numerator-nonzero
EXCLUDED (79,65,56,40): conference-numerator-nonzero
EXCLUDED (79,65,55,45): conference-numerator-nonzero
EXCLUDED (79,65,54,50): conference-numerator-nonzero
EXCLUDED (79,65,53,55): conference-numerator-nonzero
EXCLUDED (79,65,52,60): conference-numerator-nonzero
EXCLUDED (79,65,51,65): nonintegral-multiplicity
EXCLUDED (79,66,65,0): nonintegral-multiplicity
EXCLUDED (79,66,63,11): conference-numerator-nonzero
EXCLUDED (79,66,61,22): conference-numerator-nonzero
EXCLUDED (79,66,59,33): conference-numerator-nonzero
EXCLUDED (79,66,57,44): conference-numerator-nonzero
EXCLUDED (79,66,55,55): conference-numerator-nonzero
EXCLUDED (79,66,53,66): nonintegral-multiplicity
EXCLUDED (79,67,66,0): nonintegral-multiplicity
EXCLUDED (79,67,55,67): nonintegral-multiplicity
EXCLUDED (79,68,67,0): nonintegral-multiplicity
EXCLUDED (79,68,62,34): conference-numerator-nonzero
EXCLUDED (79,68,57,68): nonintegral-multiplicity
EXCLUDED (79,69,68,0): nonintegral-multiplicity
EXCLUDED (79,69,65,23): conference-numerator-nonzero
EXCLUDED (79,69,62,46): conference-numerator-nonzero
EXCLUDED (79,69,59,69): nonintegral-multiplicity
EXCLUDED (79,70,69,0): nonintegral-multiplicity
EXCLUDED (79,70,65,35): conference-numerator-nonzero
EXCLUDED (79,70,61,70): nonintegral-multiplicity
EXCLUDED (79,71,70,0): nonintegral-multiplicity
EXCLUDED (79,71,63,71): nonintegral-multiplicity
EXCLUDED (79,72,71,0): nonintegral-multiplicity
EXCLUDED (79,72,70,12): conference-numerator-nonzero
EXCLUDED (79,72,69,24): conference-numerator-nonzero
EXCLUDED (79,72,68,36): conference-numerator-nonzero
EXCLUDED (79,72,67,48): conference-numerator-nonzero
EXCLUDED (79,72,66,60): conference-numerator-nonzero
EXCLUDED (79,72,65,72): nonintegral-multiplicity
EXCLUDED (79,73,72,0): nonintegral-multiplicity
EXCLUDED (79,73,67,73): nonintegral-multiplicity
EXCLUDED (79,74,73,0): nonintegral-multiplicity
EXCLUDED (79,74,71,37): conference-numerator-nonzero
EXCLUDED (79,74,69,74): nonintegral-multiplicity
EXCLUDED (79,75,74,0): nonintegral-multiplicity
EXCLUDED (79,75,73,25): conference-numerator-nonzero
EXCLUDED (79,75,72,50): conference-numerator-nonzero
EXCLUDED (79,75,71,75): nonintegral-multiplicity
EXCLUDED (79,76,75,0): nonintegral-multiplicity
EXCLUDED (79,76,74,38): conference-numerator-nonzero
EXCLUDED (79,76,73,76): nonintegral-multiplicity
EXCLUDED (79,77,76,0): nonintegral-multiplicity
EXCLUDED (79,77,75,77): nonintegral-multiplicity
EXCLUDED (80,2,1,0): nonintegral-multiplicity
EXCLUDED (80,5,4,0): nonintegral-multiplicity
EXCLUDED (80,6,5,0): nonintegral-multiplicity
EXCLUDED (80,8,7,0): nonintegral-multiplicity
EXCLUDED (80,10,9,0): nonintegral-multiplicity
EXCLUDED (80,11,10,0): nonintegral-multiplicity
EXCLUDED (80,12,11,0): nonintegral-multiplicity
EXCLUDED (80,13,12,0): nonintegral-multiplicity
EXCLUDED (80,14,13,0): nonintegral-multiplicity
EXCLUDED (80,16,15,0): nonintegral-multiplicity
EXCLUDED (80,17,16,0): nonintegral-multiplicity
EXCLUDED (80,18,17,0): nonintegral-multiplicity
EXCLUDED (80,20,19,0): nonintegral-multiplicity
EXCLUDED (80,21,20,0): nonintegral-multiplicity
EXCLUDED (80,22,21,0): nonintegral-multiplicity
EXCLUDED (80,23,22,0): nonintegral-multiplicity
EXCLUDED (80,24,23,0): nonintegral-multiplicity
EXCLUDED (80,25,24,0): nonintegral-multiplicity
EXCLUDED (80,26,25,0): nonintegral-multiplicity
EXCLUDED (80,27,26,0): nonintegral-multiplicity
EXCLUDED (80,28,27,0): nonintegral-multiplicity
EXCLUDED (80,29,28,0): nonintegral-multiplicity
EXCLUDED (80,30,29,0): nonintegral-multiplicity
EXCLUDED (80,31,30,0): nonintegral-multiplicity
EXCLUDED (80,32,31,0): nonintegral-multiplicity
EXCLUDED (80,33,32,0): nonintegral-multiplicity
EXCLUDED (80,34,33,0): nonintegral-multiplicity
EXCLUDED (80,35,34,0): nonintegral-multiplicity
EXCLUDED (80,36,35,0): nonintegral-multiplicity
EXCLUDED (80,37,36,0): nonintegral-multiplicity
EXCLUDED (80,38,37,0): nonintegral-multiplicity
EXCLUDED (80,40,39,0): nonintegral-multiplicity
EXCLUDED (80,40,0,40): eigenvalue-sign
EXCLUDED (80,41,40,0): nonintegral-multiplicity
EXCLUDED (80,41,2,41): nonintegral-multiplicity
EXCLUDED (80,42,41,0): nonintegral-multiplicity
EXCLUDED (80,42,4,42): nonintegral-multiplicity
EXCLUDED (80,43,42,0): nonintegral-multiplicity
EXCLUDED (80,43,6,43): nonintegral-multiplicity
EXCLUDED (80,44,43,0): nonintegral-multiplicity
EXCLUDED (80,44,8,44): nonintegral-multiplicity
EXCLUDED (80,45,44,0): nonintegral-multiplicity
EXCLUDED (80,45,10,45): nonintegral-multiplicity
EXCLUDED (80,46,45,0): nonintegral-multiplicity
EXCLUDED (80,46,12,46): nonintegral-multiplicity
EXCLUDED (80,47,46,0): nonintegral-multiplicity
EXCLUDED (80,47,14,47): nonintegral-multiplicity
EXCLUDED (80,48,47,0): nonintegral-multiplicity
EXCLUDED (80,48,16,48): nonintegral-multiplicity
EXCLUDED (80,49,48,0): nonintegral-multiplicity
EXCLUDED (80,49,18,49): nonintegral-multiplicity
EXCLUDED (80,50,49,0): nonintegral-multiplicity
EXCLUDED (80,50,20,50): nonintegral-multiplicity
EXCLUDED (80,51,50,0): nonintegral-multiplicity
EXCLUDED (80,51,22,51): nonintegral-multiplicity
EXCLUDED (80,52,51,0): nonintegral-multiplicity
EXCLUDED (80,52,24,52): nonintegral-multiplicity
EXCLUDED (80,53,52,0): nonintegral-multiplicity
EXCLUDED (80,53,26,53): nonintegral-multiplicity
EXCLUDED (80,54,53,0): nonintegral-multiplicity
EXCLUDED (80,54,28,54): nonintegral-multiplicity
EXCLUDED (80,55,54,0): nonintegral-multiplicity
EXCLUDED (80,55,30,55): nonintegral-multiplicity
EXCLUDED (80,56,55,0): nonintegral-multiplicity
EXCLUDED (80,56,32,56): nonintegral-multiplicity
EXCLUDED (80,57,56,0): nonintegral-multiplicity
EXCLUDED (80,57,34,57): nonintegral-multiplicity
EXCLUDED (80,58,57,0): nonintegral-multiplicity
EXCLUDED (80,58,36,58): nonintegral-multiplicity
EXCLUDED (80,59,58,0): nonintegral-multiplicity
EXCLUDED (80,59,38,59): nonintegral-multiplicity
EXCLUDED (80,60,59,0): nonintegral-multiplicity
EXCLUDED (80,60,40,60): eigenvalue-sign
EXCLUDED (80,61,60,0): nonintegral-multiplicity
EXCLUDED (80,61,42,61): nonintegral-multiplicity
EXCLUDED (80,62,61,0): nonintegral-multiplicity
EXCLUDED (80,62,44,62): nonintegral-multiplicity
EXCLUDED (80,63,62,0): nonintegral-multiplicity
EXCLUDED (80,63,46,63): nonintegral-multiplicity
EXCLUDED (80,64,63,0): nonintegral-multiplicity
EXCLUDED (80,64,48,64): eigenvalue-sign
EXCLUDED (80,65,64,0): nonintegral-multiplicity
EXCLUDED (80,65,50,65): nonintegral-multiplicity
EXCLUDED (80,66,65,0): nonintegral-multiplicity
EXCLUDED (80,66,52,66): nonintegral-multiplicity
EXCLUDED (80,67,66,0): nonintegral-multiplicity
EXCLUDED (80,67,54,67): nonintegral-multiplicity
EXCLUDED (80,68,67,0): nonintegral-multiplicity
EXCLUDED (80,68,56,68): nonintegral-multiplicity
EXCLUDED (80,69,68,0): nonintegral-multiplicity
EXCLUDED (80,69,58,69): nonintegral-multiplicity
EXCLUDED (80,70,69,0): nonintegral-multiplicity
EXCLUDED (80,70,60,70): eigenvalue-sign
EXCLUDED (80,71,70,0): nonintegral-multiplicity
EXCLUDED (80,71,62,71): nonintegral-multiplicity
EXCLUDED (80,72,71,0): nonintegral-multiplicity
EXCLUDED (80,72,64,72): eigenvalue-sign
EXCLUDED (80,73,72,0): nonintegral-multiplicity
EXCLUDED (80,73,66,73): nonintegral-multiplicity
EXCLUDED (80,74,73,0): nonintegral-multiplicity
EXCLUDED (80,74,68,74): nonintegral-multiplicity
EXCLUDED (80,75,74,0): nonintegral-multiplicity
EXCLUDED (80,75,70,75): eigenvalue-sign
EXCLUDED (80,76,75,0): nonintegral-multiplicity
EXCLUDED (80,76,72,76): eigenvalue-sign
EXCLUDED (80,77,76,0): nonintegral-multiplicity
EXCLUDED (80,77,74,77): nonintegral-multiplicity
EXCLUDED (80,78,77,0): nonintegral-multiplicity
EXCLUDED (80,78,76,78): eigenvalue-sign
EXCLUDED (81,3,2,0): nonintegral-multiplicity
EXCLUDED (81,4,3,0): nonintegral-multiplicity
EXCLUDED (81,5,4,0): nonintegral-multiplicity
EXCLUDED (81,6,5,0): nonintegral-multiplicity
EXCLUDED (81,7,6,0): nonintegral-multiplicity
EXCLUDED (81,9,8,0): nonintegral-multiplicity
EXCLUDED (81,10,9,0): nonintegral-multiplicity
EXCLUDED (81,10,2,1): conference-numerator-nonzero
EXCLUDED (81,11,10,0): nonintegral-multiplicity
EXCLUDED (81,12,11,0): nonintegral-multiplicity
EXCLUDED (81,13,12,0): nonintegral-multiplicity
EXCLUDED (81,14,13,0): nonintegral-multiplicity
EXCLUDED (81,15,14,0): nonintegral-multiplicity
EXCLUDED (81,15,1,3): conference-numerator-nonzero
EXCLUDED (81,16,15,0): nonintegral-multiplicity
EXCLUDED (81,16,11,1): conference-numerator-nonzero
EXCLUDED (81,16,3,3): conference-numerator-nonzero
EXCLUDED (81,17,16,0): nonintegral-multiplicity
EXCLUDED (81,18,17,0): nonintegral-multiplicity
EXCLUDED (81,19,18,0): nonintegral-multiplicity
EXCLUDED (81,20,19,0): nonintegral-multiplicity
EXCLUDED (81,20,16,1): conference-numerator-nonzero
EXCLUDED (81,20,13,2): conference-numerator-nonzero
EXCLUDED (81,20,10,3): conference-numerator-nonzero
EXCLUDED (81,20,7,4): conference-numerator-nonzero
EXCLUDED (81,20,4,5): conference-numerator-nonzero
EXCLUDED (81,21,20,0): nonintegral-multiplicity
EXCLUDED (81,22,21,0): nonintegral-multiplicity
EXCLUDED (81,23,22,0): nonintegral-multiplicity
EXCLUDED (81,24,23,0): nonintegral-multiplicity
EXCLUDED (81,24,16,3): conference-numerator-nonzero
EXCLUDED (81,24,2,9): conference-numerator-nonzero
EXCLUDED (81,25,24,0): nonintegral-multiplicity
EXCLUDED (81,25,13,5): nonintegral-multiplicity
EXCLUDED (81,25,2,10): conference-numerator-nonzero
EXCLUDED (81,27,26,0): nonintegral-multiplicity
EXCLUDED (81,28,27,0): nonintegral-multiplicity
EXCLUDED (81,28,14,7): conference-numerator-nonzero
EXCLUDED (81,28,1,14): nonintegral-multiplicity
EXCLUDED (81,29,28,0): nonintegral-multiplicity
EXCLUDED (81,30,29,0): nonintegral-multiplicity
EXCLUDED (81,30,24,3): conference-numerator-nonzero
EXCLUDED (81,30,19,6): conference-numerator-nonzero
EXCLUDED (81,30,14,9): conference-numerator-nonzero
EXCLUDED (81,30,4,15): conference-numerator-nonzero
EXCLUDED (81,31,30,0): nonintegral-multiplicity
EXCLUDED (81,32,31,0): nonintegral-multiplicity
EXCLUDED (81,32,28,2): conference-numerator-nonzero
EXCLUDED (81,32,25,4): conference-numerator-nonzero
EXCLUDED (81,32,22,6): conference-numerator-nonzero
EXCLUDED (81,32,19,8): conference-numerator-nonzero
EXCLUDED (81,32,16,10): conference-numerator-nonzero
EXCLUDED (81,32,10,14): conference-numerator-nonzero
EXCLUDED (81,32,7,16): conference-numerator-nonzero
EXCLUDED (81,32,4,18): conference-numerator-nonzero
EXCLUDED (81,32,1,20): conference-numerator-nonzero
EXCLUDED (81,33,32,0): nonintegral-multiplicity
EXCLUDED (81,34,33,0): nonintegral-multiplicity
EXCLUDED (81,34,10,17): conference-numerator-nonzero
EXCLUDED (81,35,34,0): nonintegral-multiplicity
EXCLUDED (81,35,25,7): conference-numerator-nonzero
EXCLUDED (81,35,16,14): conference-numerator-nonzero
EXCLUDED (81,35,7,21): conference-numerator-nonzero
EXCLUDED (81,36,35,0): nonintegral-multiplicity
EXCLUDED (81,36,24,9): conference-numerator-nonzero
EXCLUDED (81,36,13,18): conference-numerator-nonzero
EXCLUDED (81,36,2,27): conference-numerator-nonzero
EXCLUDED (81,37,36,0): nonintegral-multiplicity
EXCLUDED (81,38,37,0): nonintegral-multiplicity
EXCLUDED (81,38,16,19): conference-numerator-nonzero
EXCLUDED (81,39,38,0): nonintegral-multiplicity
EXCLUDED (81,40,39,0): nonintegral-multiplicity
EXCLUDED (81,40,38,1): conference-numerator-nonzero
EXCLUDED (81,40,37,2): conference-numerator-nonzero
EXCLUDED (81,40,36,3): conference-numerator-nonzero
EXCLUDED (81,40,35,4): conference-numerator-nonzero
EXCLUDED (81,40,34,5): conference-numerator-nonzero
EXCLUDED (81,40,33,6): conference-numerator-nonzero
EXCLUDED (81,40,32,7): conference-numerator-nonzero
EXCLUDED (81,40,31,8): conference-numerator-nonzero
EXCLUDED (81,40,30,9): conference-numerator-nonzero
EXCLUDED (81,40,29,10): conference-numerator-nonzero
EXCLUDED (81,40,28,11): conference-numerator-nonzero
EXCLUDED (81,40,27,12): conference-numerator-nonzero
EXCLUDED (81,40,26,13): conference-numerator-nonzero
OBSTRUCTED (81,40,25,14)
EXCLUDED (81,40,24,15): conference-numerator-nonzero
EXCLUDED (81,40,23,16): conference-numerator-nonzero
EXCLUDED (81,40,22,17): conference-numerator-nonzero
EXCLUDED (81,40,21,18): conference-numerator-nonzero
EXCLUDED (81,40,20,19): conference-numerator-nonzero
EXCLUDED (81,40,18,21): conference-numerator-nonzero
EXCLUDED (81,40,17,22): conference-numerator-nonzero
EXCLUDED (81,40,16,23): conference-numerator-nonzero
EXCLUDED (81,40,15,24): conference-numerator-nonzero
EXCLUDED (81,40,14,25): conference-numerator-nonzero
OBSTRUCTED (81,40,13,26)
EXCLUDED (81,40,12,27): conference-numerator-nonzero
EXCLUDED (81,40,11,28): conference-numerator-nonzero
EXCLUDED (81,40,10,29): conference-numerator-nonzero
EXCLUDED (81,40,9,30): conference-numerator-nonzero
EXCLUDED (81,40,8,31): conference-numerator-nonzero
EXCLUDED (81,40,7,32): conference-numerator-nonzero
EXCLUDED (81,40,6,33): conference-numerator-nonzero
EXCLUDED (81,40,5,34): conference-numerator-nonzero
EXCLUDED (81,40,4,35): conference-numerator-nonzero
EXCLUDED (81,40,3,36): conference-numerator-nonzero
EXCLUDED (81,40,2,37): conference-numerator-nonzero
EXCLUDED (81,40,1,38): conference-numerator-nonzero
EXCLUDED (81,40,0,39): conference-numerator-nonzero
EXCLUDED (81,41,40,0): nonintegral-multiplicity
EXCLUDED (81,41,1,41): nonintegral-multiplicity
EXCLUDED (81,42,41,0): nonintegral-multiplicity
EXCLUDED (81,42,22,21): conference-numerator-nonzero
EXCLUDED (81,42,3,42): nonintegral-multiplicity
EXCLUDED (81,43,42,0): nonintegral-multiplicity
EXCLUDED (81,43,5,43): nonintegral-multiplicity
EXCLUDED (81,44,43,0): nonintegral-multiplicity
EXCLUDED (81,44,34,11): conference-numerator-nonzero
EXCLUDED (81,44,25,22): conference-numerator-nonzero
EXCLUDED (81,44,16,33): conference-numerator-nonzero
EXCLUDED (81,44,7,44): nonintegral-multiplicity
EXCLUDED (81,45,44,0): nonintegral-multiplicity
EXCLUDED (81,45,37,9): conference-numerator-nonzero
EXCLUDED (81,45,30,18): conference-numerator-nonzero
EXCLUDED (81,45,23,27): conference-numerator-nonzero
EXCLUDED (81,45,16,36): conference-numerator-nonzero
EXCLUDED (81,45,9,45): nonintegral-multiplicity
EXCLUDED (81,46,45,0): nonintegral-multiplicity
EXCLUDED (81,46,28,23): conference-numerator-nonzero
EXCLUDED (81,46,11,46): nonintegral-multiplicity
EXCLUDED (81,47,46,0): nonintegral-multiplicity
EXCLUDED (81,47,13,47): nonintegral-multiplicity
EXCLUDED (81,48,47,0): nonintegral-multiplicity
EXCLUDED (81,48,45,3): conference-numerator-nonzero
EXCLUDED (81,48,43,6): conference-numerator-nonzero
EXCLUDED (81,48,41,9): conference-numerator-nonzero
EXCLUDED (81,48,39,12): conference-numerator-nonzero
EXCLUDED (81,48,37,15): conference-numerator-nonzero
EXCLUDED (81,48,35,18): conference-numerator-nonzero
EXCLUDED (81,48,33,21): conference-numerator-nonzero
EXCLUDED (81,48,31,24): conference-numerator-nonzero
EXCLUDED (81,48,29,27): conference-numerator-nonzero
EXCLUDED (81,48,25,33): conference-numerator-nonzero
EXCLUDED (81,48,23,36): conference-numerator-nonzero
EXCLUDED (81,48,21,39): conference-numerator-nonzero
EXCLUDED (81,48,19,42): conference-numerator-nonzero
EXCLUDED (81,48,17,45): conference-numerator-nonzero
EXCLUDED (81,48,15,48): nonintegral-multiplicity
EXCLUDED (81,49,48,0): nonintegral-multiplicity
EXCLUDED (81,49,17,49): nonintegral-multiplicity
EXCLUDED (81,50,49,0): nonintegral-multiplicity
EXCLUDED (81,50,46,5): conference-numerator-nonzero
EXCLUDED (81,50,43,10): conference-numerator-nonzero
EXCLUDED (81,50,40,15): conference-numerator-nonzero
EXCLUDED (81,50,37,20): conference-numerator-nonzero
EXCLUDED (81,50,34,25): conference-numerator-nonzero
EXCLUDED (81,50,28,35): conference-numerator-nonzero
EXCLUDED (81,50,25,40): conference-numerator-nonzero
EXCLUDED (81,50,22,45): conference-numerator-nonzero
EXCLUDED (81,50,19,50): nonintegral-multiplicity
EXCLUDED (81,51,50,0): nonintegral-multiplicity
EXCLUDED (81,51,21,51): nonintegral-multiplicity
EXCLUDED (81,52,51,0): nonintegral-multiplicity
EXCLUDED (81,52,44,13): conference-numerator-nonzero
EXCLUDED (81,52,37,26): nonintegral-multiplicity
EXCLUDED (81,52,30,39): conference-numerator-nonzero
EXCLUDED (81,52,23,52): nonintegral-multiplicity
EXCLUDED (81,53,52,0): nonintegral-multiplicity
EXCLUDED (81,53,25,53): nonintegral-multiplicity
EXCLUDED (81,54,53,0): nonintegral-multiplicity
EXCLUDED (81,54,40,27): conference-numerator-nonzero
EXCLUDED (81,54,27,54): eigenvalue-sign
EXCLUDED (81,55,54,0): nonintegral-multiplicity
EXCLUDED (81,55,49,11): conference-numerator-nonzero
EXCLUDED (81,55,44,22): conference-numerator-nonzero
EXCLUDED (81,55,39,33): conference-numerator-nonzero
EXCLUDED (81,55,34,44): nonintegral-multiplicity
EXCLUDED (81,55,29,55): nonintegral-multiplicity
EXCLUDED (81,56,55,0): nonintegral-multiplicity
EXCLUDED (81,56,52,7): conference-numerator-nonzero
EXCLUDED (81,56,49,14): conference-numerator-nonzero
EXCLUDED (81,56,46,21): conference-numerator-nonzero
EXCLUDED (81,56,43,28): conference-numerator-nonzero
EXCLUDED (81,56,40,35): conference-numerator-nonzero
EXCLUDED (81,56,34,49): conference-numerator-nonzero
EXCLUDED (81,56,31,56): nonintegral-multiplicity
EXCLUDED (81,57,56,0): nonintegral-multiplicity
EXCLUDED (81,57,33,57): nonintegral-multiplicity
EXCLUDED (81,58,57,0): nonintegral-multiplicity
EXCLUDED (81,58,46,29): conference-numerator-nonzero
EXCLUDED (81,58,35,58): nonintegral-multiplicity
EXCLUDED (81,59,58,0): nonintegral-multiplicity
EXCLUDED (81,59,37,59): nonintegral-multiplicity
EXCLUDED (81,60,59,0): nonintegral-multiplicity
EXCLUDED (81,60,58,3): conference-numerator-nonzero
EXCLUDED (81,60,57,6): conference-numerator-nonzero
EXCLUDED (81,60,56,9): conference-numerator-nonzero
EXCLUDED (81,60,55,12): conference-numerator-nonzero
EXCLUDED (81,60,54,15): conference-numerator-nonzero
EXCLUDED (81,60,53,18): conference-numerator-nonzero
EXCLUDED (81,60,52,21): conference-numerator-nonzero
EXCLUDED (81,60,51,24): conference-numerator-nonzero
EXCLUDED (81,60,50,27): conference-numerator-nonzero
EXCLUDED (81,60,49,30): conference-numerator-nonzero
EXCLUDED (81,60,48,33): conference-numerator-nonzero
EXCLUDED (81,60,47,36): conference-numerator-nonzero
EXCLUDED (81,60,46,39): conference-numerator-nonzero
EXCLUDED (81,60,44,45): conference-numerator-nonzero
EXCLUDED (81,60,43,48): conference-numerator-nonzero
EXCLUDED (81,60,42,51): conference-numerator-nonzero
EXCLUDED (81,60,41,54): conference-numerator-nonzero
EXCLUDED (81,60,40,57): conference-numerator-nonzero
EXCLUDED (81,60,39,60): nonintegral-multiplicity
EXCLUDED (81,61,60,0): nonintegral-multiplicity
EXCLUDED (81,61,41,61): nonintegral-multiplicity
EXCLUDED (81,62,61,0): nonintegral-multiplicity
EXCLUDED (81,62,52,31): conference-numerator-nonzero
EXCLUDED (81,62,43,62): nonintegral-multiplicity
EXCLUDED (81,63,62,0): nonintegral-multiplicity
EXCLUDED (81,63,45,63): nonintegral-multiplicity
EXCLUDED (81,64,63,0): nonintegral-multiplicity
EXCLUDED (81,64,62,4): conference-numerator-nonzero
EXCLUDED (81,64,61,8): conference-numerator-nonzero
EXCLUDED (81,64,60,12): conference-numerator-nonzero
EXCLUDED (81,64,59,16): conference-numerator-nonzero
EXCLUDED (81,64,58,20): conference-numerator-nonzero
EXCLUDED (81,64,57,24): conference-numerator-nonzero
EXCLUDED (81,64,56,28): conference-numerator-nonzero
EXCLUDED (81,64,55,32): conference-numerator-nonzero
EXCLUDED (81,64,54,36): conference-numerator-nonzero
EXCLUDED (81,64,53,40): conference-numerator-nonzero
OBSTRUCTED (81,64,52,44)
EXCLUDED (81,64,51,48): conference-numerator-nonzero
EXCLUDED (81,64,50,52): conference-numerator-nonzero
EXCLUDED (81,64,48,60): conference-numerator-nonzero
EXCLUDED (81,64,47,64): nonintegral-multiplicity
EXCLUDED (81,65,64,0): nonintegral-multiplicity
EXCLUDED (81,65,61,13): conference-numerator-nonzero
EXCLUDED (81,65,58,26): conference-numerator-nonzero
EXCLUDED (81,65,55,39): conference-numerator-nonzero
EXCLUDED (81,65,52,52): conference-numerator-nonzero
EXCLUDED (81,65,49,65): nonintegral-multiplicity
EXCLUDED (81,66,65,0): nonintegral-multiplicity
EXCLUDED (81,66,58,33): conference-numerator-nonzero
EXCLUDED (81,66,51,66): nonintegral-multiplicity
EXCLUDED (81,67,66,0): nonintegral-multiplicity
EXCLUDED (81,67,53,67): nonintegral-multiplicity
EXCLUDED (81,68,67,0): nonintegral-multiplicity
EXCLUDED (81,68,64,17): conference-numerator-nonzero
EXCLUDED (81,68,61,34): conference-numerator-nonzero
EXCLUDED (81,68,58,51): conference-numerator-nonzero
EXCLUDED (81,68,55,68): nonintegral-multiplicity
EXCLUDED (81,69,68,0): nonintegral-multiplicity
EXCLUDED (81,69,57,69): nonintegral-multiplicity
EXCLUDED (81,70,69,0): nonintegral-multiplicity
EXCLUDED (81,70,68,7): conference-numerator-nonzero
EXCLUDED (81,70,67,14): conference-numerator-nonzero
EXCLUDED (81,70,66,21): conference-numerator-nonzero
EXCLUDED (81,70,65,28): conference-numerator-nonzero
EXCLUDED (81,70,64,35): conference-numerator-nonzero
EXCLUDED (81,70,63,42): conference-numerator-nonzero
EXCLUDED (81,70,62,49): conference-numerator-nonzero
OBSTRUCTED (81,70,61,56)
EXCLUDED (81,70,60,63): conference-numerator-nonzero
EXCLUDED (81,70,59,70): nonintegral-multiplicity
EXCLUDED (81,71,70,0): nonintegral-multiplicity
EXCLUDED (81,71,61,71): nonintegral-multiplicity
EXCLUDED (81,72,71,0): nonintegral-multiplicity
EXCLUDED (81,72,70,9): conference-numerator-nonzero
EXCLUDED (81,72,69,18): conference-numerator-nonzero
EXCLUDED (81,72,68,27): conference-numerator-nonzero
EXCLUDED (81,72,67,36): conference-numerator-nonzero
EXCLUDED (81,72,66,45): conference-numerator-nonzero
EXCLUDED (81,72,65,54): conference-numerator-nonzero
EXCLUDED (81,72,64,63): conference-numerator-nonzero
EXCLUDED (81,72,63,72): eigenvalue-sign
EXCLUDED (81,73,72,0): nonintegral-multiplicity
EXCLUDED (81,73,65,73): nonintegral-multiplicity
EXCLUDED (81,74,73,0): nonintegral-multiplicity
EXCLUDED (81,74,70,37): conference-numerator-nonzero
EXCLUDED (81,74,67,74): nonintegral-multiplicity
EXCLUDED (81,75,74,0): nonintegral-multiplicity
EXCLUDED (81,75,73,15): conference-numerator-nonzero
EXCLUDED (81,75,72,30): conference-numerator-nonzero
EXCLUDED (81,75,71,45): conference-numerator-nonzero
EXCLUDED (81,75,70,60): conference-numerator-nonzero
EXCLUDED (81,75,69,75): nonintegral-multiplicity
EXCLUDED (81,76,75,0): nonintegral-multiplicity
EXCLUDED (81,76,74,19): conference-numerator-nonzero
EXCLUDED (81,76,73,38): conference-numerator-nonzero
EXCLUDED (81,76,72,57): conference-numerator-nonzero
EXCLUDED (81,76,71,76): nonintegral-multiplicity
EXCLUDED (81,77,76,0): nonintegral-multiplicity
EXCLUDED (81,77,73,77): nonintegral-multiplicity
EXCLUDED (81,78,77,0): nonintegral-multiplicity
EXCLUDED (81,78,76,39): conference-numerator-nonzero
EXCLUDED (81,78,75,78): eigenvalue-sign
EXCLUDED (81,79,78,0): nonintegral-multiplicity
EXCLUDED (81,79,77,79): nonintegral-multiplicity
EXCLUDED (82,2,1,0): nonintegral-multiplicity
EXCLUDED (82,3,2,0): nonintegral-multiplicity
EXCLUDED (82,4,3,0): nonintegral-multiplicity
EXCLUDED (82,5,4,0): nonintegral-multiplicity
EXCLUDED (82,6,5,0): nonintegral-multiplicity
EXCLUDED (82,7,6,0): nonintegral-multiplicity
EXCLUDED (82,8,7,0): nonintegral-multiplicity
EXCLUDED (82,9,8,0): nonintegral-multiplicity
EXCLUDED (82,9,0,1): conference-numerator-nonzero
EXCLUDED (82,10,9,0): nonintegral-multiplicity
EXCLUDED (82,11,10,0): nonintegral-multiplicity
EXCLUDED (82,12,11,0): nonintegral-multiplicity
EXCLUDED (82,13,12,0): nonintegral-multiplicity
EXCLUDED (82,14,13,0): nonintegral-multiplicity
EXCLUDED (82,15,14,0): nonintegral-multiplicity
EXCLUDED (82,16,15,0): nonintegral-multiplicity
EXCLUDED (82,17,16,0): nonintegral-multiplicity
EXCLUDED (82,18,17,0): nonintegral-multiplicity
EXCLUDED (82,18,10,2): conference-numerator-nonzero
EXCLUDED (82,18,3,4): conference-numerator-nonzero
EXCLUDED (82,19,18,0): nonintegral-multiplicity
EXCLUDED (82,20,19,0): nonintegral-multiplicity
EXCLUDED (82,21,20,0): nonintegral-multiplicity
EXCLUDED (82,21,0,7): conference-numerator-nonzero
EXCLUDED (82,22,21,0): nonintegral-multiplicity
EXCLUDED (82,23,22,0): nonintegral-multiplicity
EXCLUDED (82,24,23,0): nonintegral-multiplicity
EXCLUDED (82,24,4,8): conference-numerator-nonzero
EXCLUDED (82,25,24,0): nonintegral-multiplicity
EXCLUDED (82,26,25,0): nonintegral-multiplicity
EXCLUDED (82,27,26,0): nonintegral-multiplicity
EXCLUDED (82,27,24,1): conference-numerator-nonzero
EXCLUDED (82,27,22,2): conference-numerator-nonzero
EXCLUDED (82,27,20,3): conference-numerator-nonzero
EXCLUDED (82,27,18,4): conference-numerator-nonzero
EXCLUDED (82,27,16,5): conference-numerator-nonzero
EXCLUDED (82,27,14,6): conference-numerator-nonzero
EXCLUDED (82,27,12,7): conference-numerator-nonzero
EXCLUDED (82,27,10,8): conference-numerator-nonzero
EXCLUDED (82,27,8,9): conference-numerator-nonzero
EXCLUDED (82,27,6,10): conference-numerator-nonzero
EXCLUDED (82,27,4,11): conference-numerator-nonzero
EXCLUDED (82,27,2,12): conference-numerator-nonzero
EXCLUDED (82,27,0,13): nonintegral-multiplicity
EXCLUDED (82,28,27,0): nonintegral-multiplicity
EXCLUDED (82,29,28,0): nonintegral-multiplicity
EXCLUDED (82,30,29,0): nonintegral-multiplicity
EXCLUDED (82,30,12,10): conference-numerator-nonzero
EXCLUDED (82,31,30,0): nonintegral-multiplicity
EXCLUDED (82,32,31,0): nonintegral-multiplicity
EXCLUDED (82,33,32,0): nonintegral-multiplicity
EXCLUDED (82,33,16,11): conference-numerator-nonzero
EXCLUDED (82,33,0,22): conference-numerator-nonzero
EXCLUDED (82,34,33,0): nonintegral-multiplicity
EXCLUDED (82,35,34,0): nonintegral-multiplicity
EXCLUDED (82,36,35,0): nonintegral-multiplicity
EXCLUDED (82,36,30,4): conference-numerator-nonzero
EXCLUDED (82,36,25,8): conference-numerator-nonzero
EXCLUDED (82,36,20,12): conference-numerator-nonzero
EXCLUDED (82,36,10,20): conference-numerator-nonzero
EXCLUDED (82,36,5,24): conference-numerator-nonzero
EXCLUDED (82,36,0,28): conference-numerator-nonzero
EXCLUDED (82,37,36,0): nonintegral-multiplicity
EXCLUDED (82,38,37,0): nonintegral-multiplicity
EXCLUDED (82,39,38,0): nonintegral-multiplicity
EXCLUDED (82,39,24,13): nonintegral-multiplicity
EXCLUDED (82,39,10,26): conference-numerator-nonzero
EXCLUDED (82,41,40,0): nonintegral-multiplicity
EXCLUDED (82,41,0,41): eigenvalue-sign
EXCLUDED (82,42,41,0): nonintegral-multiplicity
EXCLUDED (82,42,28,14): conference-numerator-nonzero
EXCLUDED (82,42,15,28): nonintegral-multiplicity
EXCLUDED (82,42,2,42): nonintegral-multiplicity
EXCLUDED (82,43,42,0): nonintegral-multiplicity
EXCLUDED (82,43,4,43): nonintegral-multiplicity
EXCLUDED (82,44,43,0): nonintegral-multiplicity
EXCLUDED (82,44,6,44): nonintegral-multiplicity
EXCLUDED (82,45,44,0): nonintegral-multiplicity
EXCLUDED (82,45,40,5): conference-numerator-nonzero
EXCLUDED (82,45,36,10): conference-numerator-nonzero
EXCLUDED (82,45,32,15): conference-numerator-nonzero
EXCLUDED (82,45,28,20): conference-numerator-nonzero
EXCLUDED (82,45,20,30): conference-numerator-nonzero
EXCLUDED (82,45,16,35): conference-numerator-nonzero
EXCLUDED (82,45,12,40): conference-numerator-nonzero
EXCLUDED (82,45,8,45): nonintegral-multiplicity
EXCLUDED (82,46,45,0): nonintegral-multiplicity
EXCLUDED (82,46,10,46): nonintegral-multiplicity
EXCLUDED (82,47,46,0): nonintegral-multiplicity
EXCLUDED (82,47,12,47): nonintegral-multiplicity
EXCLUDED (82,48,47,0): nonintegral-multiplicity
EXCLUDED (82,48,36,16): conference-numerator-nonzero
EXCLUDED (82,48,25,32): conference-numerator-nonzero
EXCLUDED (82,48,14,48): nonintegral-multiplicity
EXCLUDED (82,49,48,0): nonintegral-multiplicity
EXCLUDED (82,49,16,49): nonintegral-multiplicity
EXCLUDED (82,50,49,0): nonintegral-multiplicity
EXCLUDED (82,50,18,50): nonintegral-multiplicity
EXCLUDED (82,51,50,0): nonintegral-multiplicity
EXCLUDED (82,51,40,17): conference-numerator-nonzero
EXCLUDED (82,51,30,34): conference-numerator-nonzero
EXCLUDED (82,51,20,51): nonintegral-multiplicity
EXCLUDED (82,52,51,0): nonintegral-multiplicity
EXCLUDED (82,52,22,52): nonintegral-multiplicity
EXCLUDED (82,53,52,0): nonintegral-multiplicity
EXCLUDED (82,53,24,53): nonintegral-multiplicity
EXCLUDED (82,54,53,0): nonintegral-multiplicity
EXCLUDED (82,54,52,2): conference-numerator-nonzero
EXCLUDED (82,54,51,4): conference-numerator-nonzero
EXCLUDED (82,54,50,6): conference-numerator-nonzero
EXCLUDED (82,54,49,8): conference-numerator-nonzero
EXCLUDED (82,54,48,10): conference-numerator-nonzero
EXCLUDED (82,54,47,12): conference-numerator-nonzero
EXCLUDED (82,54,46,14): conference-numerator-nonzero
EXCLUDED (82,54,45,16): conference-numerator-nonzero
EXCLUDED (82,54,44,18): conference-numerator-nonzero
EXCLUDED (82,54,43,20): conference-numerator-nonzero
EXCLUDED (82,54,42,22): conference-numerator-nonzero
EXCLUDED (82,54,41,24): conference-numerator-nonzero
EXCLUDED (82,54,40,26): conference-numerator-nonzero
EXCLUDED (82,54,39,28): nonintegral-multiplicity
EXCLUDED (82,54,38,30): conference-numerator-nonzero
EXCLUDED (82,54,37,32): conference-numerator-nonzero
EXCLUDED (82,54,36,34): conference-numerator-nonzero
EXCLUDED (82,54,35,36): conference-numerator-nonzero
EXCLUDED (82,54,34,38): conference-numerator-nonzero
EXCLUDED (82,54,33,40): conference-numerator-nonzero
EXCLUDED (82,54,32,42): conference-numerator-nonzero
EXCLUDED (82,54,31,44): conference-numerator-nonzero
EXCLUDED (82,54,30,46): conference-numerator-nonzero
EXCLUDED (82,54,29,48): conference-numerator-nonzero
EXCLUDED (82,54,28,50): conference-numerator-nonzero
EXCLUDED (82,54,27,52): conference-numerator-nonzero
EXCLUDED (82,54,26,54): nonintegral-multiplicity
EXCLUDED (82,55,54,0): nonintegral-multiplicity
EXCLUDED (82,55,28,55): nonintegral-multiplicity
EXCLUDED (82,56,55,0): nonintegral-multiplicity
EXCLUDED (82,56,30,56): nonintegral-multiplicity
EXCLUDED (82,57,56,0): nonintegral-multiplicity
EXCLUDED (82,57,48,19): conference-numerator-nonzero
EXCLUDED (82,57,40,38): conference-numerator-nonzero
EXCLUDED (82,57,32,57): nonintegral-multiplicity
EXCLUDED (82,58,57,0): nonintegral-multiplicity
EXCLUDED (82,58,34,58): nonintegral-multiplicity
EXCLUDED (82,59,58,0): nonintegral-multiplicity
EXCLUDED (82,59,36,59): nonintegral-multiplicity
EXCLUDED (82,60,59,0): nonintegral-multiplicity
EXCLUDED (82,60,52,20): conference-numerator-nonzero
EXCLUDED (82,60,45,40): conference-numerator-nonzero
EXCLUDED (82,60,38,60): nonintegral-multiplicity
EXCLUDED (82,61,60,0): nonintegral-multiplicity
EXCLUDED (82,61,40,61): nonintegral-multiplicity
EXCLUDED (82,62,61,0): nonintegral-multiplicity
EXCLUDED (82,62,42,62): nonintegral-multiplicity
EXCLUDED (82,63,62,0): nonintegral-multiplicity
EXCLUDED (82,63,60,7): conference-numerator-nonzero
EXCLUDED (82,63,58,14): conference-numerator-nonzero
EXCLUDED (82,63,56,21): conference-numerator-nonzero
EXCLUDED (82,63,54,28): conference-numerator-nonzero
EXCLUDED (82,63,52,35): conference-numerator-nonzero
EXCLUDED (82,63,50,42): conference-numerator-nonzero
EXCLUDED (82,63,48,49): conference-numerator-nonzero
EXCLUDED (82,63,46,56): conference-numerator-nonzero
EXCLUDED (82,63,44,63): nonintegral-multiplicity
EXCLUDED (82,64,63,0): nonintegral-multiplicity
EXCLUDED (82,64,46,64): nonintegral-multiplicity
EXCLUDED (82,65,64,0): nonintegral-multiplicity
EXCLUDED (82,65,48,65): nonintegral-multiplicity
EXCLUDED (82,66,65,0): nonintegral-multiplicity
EXCLUDED (82,66,60,22): conference-numerator-nonzero
EXCLUDED (82,66,55,44): conference-numerator-nonzero
EXCLUDED (82,66,50,66): nonintegral-multiplicity
EXCLUDED (82,67,66,0): nonintegral-multiplicity
EXCLUDED (82,67,52,67): nonintegral-multiplicity
EXCLUDED (82,68,67,0): nonintegral-multiplicity
EXCLUDED (82,68,54,68): nonintegral-multiplicity
EXCLUDED (82,69,68,0): nonintegral-multiplicity
EXCLUDED (82,69,64,23): conference-numerator-nonzero
EXCLUDED (82,69,60,46): conference-numerator-nonzero
EXCLUDED (82,69,56,69): nonintegral-multiplicity
EXCLUDED (82,70,69,0): nonintegral-multiplicity
EXCLUDED (82,70,58,70): nonintegral-multiplicity
EXCLUDED (82,71,70,0): nonintegral-multiplicity
EXCLUDED (82,71,60,71): nonintegral-multiplicity
EXCLUDED (82,72,71,0): nonintegral-multiplicity
EXCLUDED (82,72,70,8): conference-numerator-nonzero
EXCLUDED (82,72,69,16): conference-numerator-nonzero
EXCLUDED (82,72,68,24): conference-numerator-nonzero
EXCLUDED (82,72,67,32): conference-numerator-nonzero
EXCLUDED (82,72,66,40): conference-numerator-nonzero
EXCLUDED (82,72,65,48): conference-numerator-nonzero
EXCLUDED (82,72,64,56): conference-numerator-nonzero
EXCLUDED (82,72,63,64): conference-numerator-nonzero
EXCLUDED (82,72,62,72): nonintegral-multiplicity
EXCLUDED (82,73,72,0): nonintegral-multiplicity
EXCLUDED (82,73,64,73): nonintegral-multiplicity
EXCLUDED (82,74,73,0): nonintegral-multiplicity
EXCLUDED (82,74,66,74): nonintegral-multiplicity
EXCLUDED (82,75,74,0): nonintegral-multiplicity
EXCLUDED (82,75,72,25): conference-numerator-nonzero
EXCLUDED (82,75,70,50): conference-numerator-nonzero
EXCLUDED (82,75,68,75): nonintegral-multiplicity
EXCLUDED (82,76,75,0): nonintegral-multiplicity
EXCLUDED (82,76,70,76): nonintegral-multiplicity
EXCLUDED (82,77,76,0): nonintegral-multiplicity
EXCLUDED (82,77,72,77): nonintegral-multiplicity
EXCLUDED (82,78,77,0): nonintegral-multiplicity
EXCLUDED (82,78,76,26): conference-numerator-nonzero
EXCLUDED (82,78,75,52): conference-numerator-nonzero
EXCLUDED (82,78,74,78): nonintegral-multiplicity
EXCLUDED (82,79,78,0): nonintegral-multiplicity
EXCLUDED (82,79,76,79): nonintegral-multiplicity
EXCLUDED (82,80,79,0): nonintegral-multiplicity
EXCLUDED (82,80,78,80): eigenvalue-sign
EXCLUDED (83,2,1,0): nonintegral-multiplicity
EXCLUDED (83,3,2,0): nonintegral-multiplicity
EXCLUDED (83,4,3,0): nonintegral-multiplicity
EXCLUDED (83,5,4,0): nonintegral-multiplicity
EXCLUDED (83,6,5,0): nonintegral-multiplicity
EXCLUDED (83,7,6,0): nonintegral-multiplicity
EXCLUDED (83,8,7,0): nonintegral-multiplicity
EXCLUDED (83,9,8,0): nonintegral-multiplicity
EXCLUDED (83,10,9,0): nonintegral-multiplicity
EXCLUDED (83,11,10,0): nonintegral-multiplicity
EXCLUDED (83,12,11,0): nonintegral-multiplicity
EXCLUDED (83,13,12,0): nonintegral-multiplicity
EXCLUDED (83,14,13,0): nonintegral-multiplicity
EXCLUDED (83,15,14,0): nonintegral-multiplicity
EXCLUDED (83,16,15,0): nonintegral-multiplicity
EXCLUDED (83,17,16,0): nonintegral-multiplicity
EXCLUDED (83,18,17,0): nonintegral-multiplicity
EXCLUDED (83,19,18,0): nonintegral-multiplicity
EXCLUDED (83,20,19,0): nonintegral-multiplicity
EXCLUDED (83,21,20,0): nonintegral-multiplicity
EXCLUDED (83,22,21,0): nonintegral-multiplicity
EXCLUDED (83,23,22,0): nonintegral-multiplicity
EXCLUDED (83,24,23,0): nonintegral-multiplicity
EXCLUDED (83,25,24,0): nonintegral-multiplicity
EXCLUDED (83,26,25,0): nonintegral-multiplicity
EXCLUDED (83,27,26,0): nonintegral-multiplicity
EXCLUDED (83,28,27,0): nonintegral-multiplicity
EXCLUDED (83,28,0,14): conference-numerator-nonzero
EXCLUDED (83,29,28,0): nonintegral-multiplicity
EXCLUDED (83,30,29,0): nonintegral-multiplicity
EXCLUDED (83,30,3,15): conference-numerator-nonzero
EXCLUDED (83,31,30,0): nonintegral-multiplicity
EXCLUDED (83,32,31,0): nonintegral-multiplicity
EXCLUDED (83,32,6,16): conference-numerator-nonzero
EXCLUDED (83,33,32,0): nonintegral-multiplicity
EXCLUDED (83,34,33,0): nonintegral-multiplicity
EXCLUDED (83,34,9,17): conference-numerator-nonzero
EXCLUDED (83,35,34,0): nonintegral-multiplicity
EXCLUDED (83,36,35,0): nonintegral-multiplicity
EXCLUDED (83,36,12,18): conference-numerator-nonzero
EXCLUDED (83,37,36,0): nonintegral-multiplicity
EXCLUDED (83,38,37,0): nonintegral-multiplicity
EXCLUDED (83,38,15,19): conference-numerator-nonzero
EXCLUDED (83,39,38,0): nonintegral-multiplicity
EXCLUDED (83,40,39,0): nonintegral-multiplicity
EXCLUDED (83,40,18,20): conference-numerator-nonzero
EXCLUDED (83,41,40,0): nonintegral-multiplicity
EXCLUDED (83,41,39,1): conference-numerator-nonzero
EXCLUDED (83,41,38,2): conference-numerator-nonzero
EXCLUDED (83,41,37,3): conference-numerator-nonzero
EXCLUDED (83,41,36,4): conference-numerator-nonzero
EXCLUDED (83,41,35,5): conference-numerator-nonzero
EXCLUDED (83,41,34,6): conference-numerator-nonzero
EXCLUDED (83,41,33,7): conference-numerator-nonzero
EXCLUDED (83,41,32,8): conference-numerator-nonzero
EXCLUDED (83,41,31,9): conference-numerator-nonzero
EXCLUDED (83,41,30,10): conference-numerator-nonzero
EXCLUDED (83,41,29,11): conference-numerator-nonzero
EXCLUDED (83,41,28,12): conference-numerator-nonzero
EXCLUDED (83,41,27,13): conference-numerator-nonzero
EXCLUDED (83,41,26,14): conference-numerator-nonzero
EXCLUDED (83,41,25,15): conference-numerator-nonzero
EXCLUDED (83,41,24,16): conference-numerator-nonzero
EXCLUDED (83,41,23,17): conference-numerator-nonzero
EXCLUDED (83,41,22,18): conference-numerator-nonzero
EXCLUDED (83,41,21,19): conference-numerator-nonzero
EXCLUDED (83,41,20,20): conference-numerator-nonzero
EXCLUDED (83,41,19,21): conference-numerator-nonzero
EXCLUDED (83,41,18,22): conference-numerator-nonzero
EXCLUDED (83,41,17,23): conference-numerator-nonzero
EXCLUDED (83,41,16,24): conference-numerator-nonzero
EXCLUDED (83,41,15,25): conference-numerator-nonzero
EXCLUDED (83,41,14,26): conference-numerator-nonzero
EXCLUDED (83,41,13,27): conference-numerator-nonzero
EXCLUDED (83,41,12,28): conference-numerator-nonzero
EXCLUDED (83,41,11,29): conference-numerator-nonzero
EXCLUDED (83,41,10,30): conference-numerator-nonzero
EXCLUDED (83,41,9,31): conference-numerator-nonzero
EXCLUDED (83,41,8,32): conference-numerator-nonzero
EXCLUDED (83,41,7,33): conference-numerator-nonzero
EXCLUDED (83,41,6,34): conference-numerator-nonzero
EXCLUDED (83,41,5,35): conference-numerator-nonzero
EXCLUDED (83,41,4,36): conference-numerator-nonzero
EXCLUDED (83,41,3,37): conference-numerator-nonzero
EXCLUDED (83,41,2,38): conference-numerator-nonzero
EXCLUDED (83,41,1,39): conference-numerator-nonzero
EXCLUDED (83,41,0,40): conference-numerator-nonzero
EXCLUDED (83,42,41,0): nonintegral-multiplicity
EXCLUDED (83,42,21,21): conference-numerator-nonzero
EXCLUDED (83,42,1,42): nonintegral-multiplicity
EXCLUDED (83,43,42,0): nonintegral-multiplicity
EXCLUDED (83,43,3,43): nonintegral-multiplicity
EXCLUDED (83,44,43,0): nonintegral-multiplicity
EXCLUDED (83,44,24,22): conference-numerator-nonzero
EXCLUDED (83,44,5,44): nonintegral-multiplicity
EXCLUDED (83,45,44,0): nonintegral-multiplicity
EXCLUDED (83,45,7,45): nonintegral-multiplicity
EXCLUDED (83,46,45,0): nonintegral-multiplicity
EXCLUDED (83,46,27,23): conference-numerator-nonzero
EXCLUDED (83,46,9,46): nonintegral-multiplicity
EXCLUDED (83,47,46,0): nonintegral-multiplicity
EXCLUDED (83,47,11,47): nonintegral-multiplicity
EXCLUDED (83,48,47,0): nonintegral-multiplicity
EXCLUDED (83,48,30,24): conference-numerator-nonzero
EXCLUDED (83,48,13,48): nonintegral-multiplicity
EXCLUDED (83,49,48,0): nonintegral-multiplicity
EXCLUDED (83,49,15,49): nonintegral-multiplicity
EXCLUDED (83,50,49,0): nonintegral-multiplicity
EXCLUDED (83,50,33,25): conference-numerator-nonzero
EXCLUDED (83,50,17,50): nonintegral-multiplicity
EXCLUDED (83,51,50,0): nonintegral-multiplicity
EXCLUDED (83,51,19,51): nonintegral-multiplicity
EXCLUDED (83,52,51,0): nonintegral-multiplicity
EXCLUDED (83,52,36,26): conference-numerator-nonzero
EXCLUDED (83,52,21,52): nonintegral-multiplicity
EXCLUDED (83,53,52,0): nonintegral-multiplicity
EXCLUDED (83,53,23,53): nonintegral-multiplicity
EXCLUDED (83,54,53,0): nonintegral-multiplicity
EXCLUDED (83,54,39,27): conference-numerator-nonzero
EXCLUDED (83,54,25,54): nonintegral-multiplicity
EXCLUDED (83,55,54,0): nonintegral-multiplicity
EXCLUDED (83,55,27,55): nonintegral-multiplicity
EXCLUDED (83,56,55,0): nonintegral-multiplicity
EXCLUDED (83,56,42,28): conference-numerator-nonzero
EXCLUDED (83,56,29,56): nonintegral-multiplicity
EXCLUDED (83,57,56,0): nonintegral-multiplicity
EXCLUDED (83,57,31,57): nonintegral-multiplicity
EXCLUDED (83,58,57,0): nonintegral-multiplicity
EXCLUDED (83,58,45,29): conference-numerator-nonzero
EXCLUDED (83,58,33,58): nonintegral-multiplicity
EXCLUDED (83,59,58,0): nonintegral-multiplicity
EXCLUDED (83,59,35,59): nonintegral-multiplicity
EXCLUDED (83,60,59,0): nonintegral-multiplicity
EXCLUDED (83,60,48,30): conference-numerator-nonzero
EXCLUDED (83,60,37,60): nonintegral-multiplicity
EXCLUDED (83,61,60,0): nonintegral-multiplicity
EXCLUDED (83,61,39,61): nonintegral-multiplicity
EXCLUDED (83,62,61,0): nonintegral-multiplicity
EXCLUDED (83,62,51,31): conference-numerator-nonzero
EXCLUDED (83,62,41,62): nonintegral-multiplicity
EXCLUDED (83,63,62,0): nonintegral-multiplicity
EXCLUDED (83,63,43,63): nonintegral-multiplicity
EXCLUDED (83,64,63,0): nonintegral-multiplicity
EXCLUDED (83,64,54,32): conference-numerator-nonzero
EXCLUDED (83,64,45,64): nonintegral-multiplicity
EXCLUDED (83,65,64,0): nonintegral-multiplicity
EXCLUDED (83,65,47,65): nonintegral-multiplicity
EXCLUDED (83,66,65,0): nonintegral-multiplicity
EXCLUDED (83,66,57,33): conference-numerator-nonzero
EXCLUDED (83,66,49,66): nonintegral-multiplicity
EXCLUDED (83,67,66,0): nonintegral-multiplicity
EXCLUDED (83,67,51,67): nonintegral-multiplicity
EXCLUDED (83,68,67,0): nonintegral-multiplicity
EXCLUDED (83,68,60,34): conference-numerator-nonzero
EXCLUDED (83,68,53,68): nonintegral-multiplicity
EXCLUDED (83,69,68,0): nonintegral-multiplicity
EXCLUDED (83,69,55,69): nonintegral-multiplicity
EXCLUDED (83,70,69,0): nonintegral-multiplicity
EXCLUDED (83,70,63,35): conference-numerator-nonzero
EXCLUDED (83,70,57,70): nonintegral-multiplicity
EXCLUDED (83,71,70,0): nonintegral-multiplicity
EXCLUDED (83,71,59,71): nonintegral-multiplicity
EXCLUDED (83,72,71,0): nonintegral-multiplicity
EXCLUDED (83,72,66,36): conference-numerator-nonzero
EXCLUDED (83,72,61,72): nonintegral-multiplicity
EXCLUDED (83,73,72,0): nonintegral-multiplicity
EXCLUDED (83,73,63,73): nonintegral-multiplicity
EXCLUDED (83,74,73,0): nonintegral-multiplicity
EXCLUDED (83,74,69,37): conference-numerator-nonzero
EXCLUDED (83,74,65,74): nonintegral-multiplicity
EXCLUDED (83,75,74,0): nonintegral-multiplicity
EXCLUDED (83,75,67,75): nonintegral-multiplicity
EXCLUDED (83,76,75,0): nonintegral-multiplicity
EXCLUDED (83,76,72,38): conference-numerator-nonzero
EXCLUDED (83,76,69,76): nonintegral-multiplicity
EXCLUDED (83,77,76,0): nonintegral-multiplicity
EXCLUDED (83,77,71,77): nonintegral-multiplicity
EXCLUDED (83,78,77,0): nonintegral-multiplicity
EXCLUDED (83,78,75,39): conference-numerator-nonzero
EXCLUDED (83,78,73,78): nonintegral-multiplicity
EXCLUDED (83,79,78,0): nonintegral-multiplicity
EXCLUDED (83,79,75,79): nonintegral-multiplicity
EXCLUDED (83,80,79,0): nonintegral-multiplicity
EXCLUDED (83,80,78,40): conference-numerator-nonzero
EXCLUDED (83,80,77,80): nonintegral-multiplicity
EXCLUDED (83,81,80,0): nonintegral-multiplicity
EXCLUDED (83,81,79,81): nonintegral-multiplicity
EXCLUDED (84,4,3,0): nonintegral-multiplicity
EXCLUDED (84,7,6,0): nonintegral-multiplicity
EXCLUDED (84,8,7,0): nonintegral-multiplicity
EXCLUDED (84,9,8,0): nonintegral-multiplicity
EXCLUDED (84,10,9,0): nonintegral-multiplicity
EXCLUDED (84,12,11,0): nonintegral-multiplicity
EXCLUDED (84,14,13,0): nonintegral-multiplicity
EXCLUDED (84,15,14,0): nonintegral-multiplicity
EXCLUDED (84,16,15,0): nonintegral-multiplicity
EXCLUDED (84,17,16,0): nonintegral-multiplicity
EXCLUDED (84,18,17,0): nonintegral-multiplicity
EXCLUDED (84,19,18,0): nonintegral-multiplicity
EXCLUDED (84,21,20,0): nonintegral-multiplicity
EXCLUDED (84,22,21,0): nonintegral-multiplicity
EXCLUDED (84,23,22,0): nonintegral-multiplicity
EXCLUDED (84,24,23,0): nonintegral-multiplicity
EXCLUDED (84,25,24,0): nonintegral-multiplicity
EXCLUDED (84,26,25,0): nonintegral-multiplicity
EXCLUDED (84,28,27,0): nonintegral-multiplicity
EXCLUDED (84,29,28,0): nonintegral-multiplicity
EXCLUDED (84,30,29,0): nonintegral-multiplicity
EXCLUDED (84,31,30,0): nonintegral-multiplicity
EXCLUDED (84,32,31,0): nonintegral-multiplicity
EXCLUDED (84,33,32,0): nonintegral-multiplicity
EXCLUDED (84,34,33,0): nonintegral-multiplicity
EXCLUDED (84,35,34,0): nonintegral-multiplicity
EXCLUDED (84,36,35,0): nonintegral-multiplicity
EXCLUDED (84,37,36,0): nonintegral-multiplicity
EXCLUDED (84,38,37,0): nonintegral-multiplicity
EXCLUDED (84,39,38,0): nonintegral-multiplicity
EXCLUDED (84,40,39,0): nonintegral-multiplicity
EXCLUDED (84,42,41,0): nonintegral-multiplicity
EXCLUDED (84,42,0,42): eigenvalue-sign
EXCLUDED (84,43,42,0): nonintegral-multiplicity
EXCLUDED (84,43,2,43): nonintegral-multiplicity
EXCLUDED (84,44,43,0): nonintegral-multiplicity
EXCLUDED (84,44,4,44): nonintegral-multiplicity
EXCLUDED (84,45,44,0): nonintegral-multiplicity
EXCLUDED (84,45,6,45): nonintegral-multiplicity
EXCLUDED (84,46,45,0): nonintegral-multiplicity
EXCLUDED (84,46,8,46): nonintegral-multiplicity
EXCLUDED (84,47,46,0): nonintegral-multiplicity
EXCLUDED (84,47,10,47): nonintegral-multiplicity
EXCLUDED (84,48,47,0): nonintegral-multiplicity
EXCLUDED (84,48,12,48): nonintegral-multiplicity
EXCLUDED (84,49,48,0): nonintegral-multiplicity
EXCLUDED (84,49,14,49): nonintegral-multiplicity
EXCLUDED (84,50,49,0): nonintegral-multiplicity
EXCLUDED (84,50,16,50): nonintegral-multiplicity
EXCLUDED (84,51,50,0): nonintegral-multiplicity
EXCLUDED (84,51,18,51): nonintegral-multiplicity
EXCLUDED (84,52,51,0): nonintegral-multiplicity
EXCLUDED (84,52,20,52): nonintegral-multiplicity
EXCLUDED (84,53,52,0): nonintegral-multiplicity
EXCLUDED (84,53,22,53): nonintegral-multiplicity
EXCLUDED (84,54,53,0): nonintegral-multiplicity
EXCLUDED (84,54,24,54): nonintegral-multiplicity
EXCLUDED (84,55,54,0): nonintegral-multiplicity
EXCLUDED (84,55,26,55): nonintegral-multiplicity
EXCLUDED (84,56,55,0): nonintegral-multiplicity
EXCLUDED (84,56,28,56): eigenvalue-sign
EXCLUDED (84,57,56,0): nonintegral-multiplicity
EXCLUDED (84,57,30,57): nonintegral-multiplicity
EXCLUDED (84,58,57,0): nonintegral-multiplicity
EXCLUDED (84,58,32,58): nonintegral-multiplicity
EXCLUDED (84,59,58,0): nonintegral-multiplicity
EXCLUDED (84,59,34,59): nonintegral-multiplicity
EXCLUDED (84,60,59,0): nonintegral-multiplicity
EXCLUDED (84,60,36,60): nonintegral-multiplicity
EXCLUDED (84,61,60,0): nonintegral-multiplicity
EXCLUDED (84,61,38,61): nonintegral-multiplicity
EXCLUDED (84,62,61,0): nonintegral-multiplicity
EXCLUDED (84,62,40,62): nonintegral-multiplicity
EXCLUDED (84,63,62,0): nonintegral-multiplicity
EXCLUDED (84,63,42,63): eigenvalue-sign
EXCLUDED (84,64,63,0): nonintegral-multiplicity
EXCLUDED (84,64,44,64): nonintegral-multiplicity
EXCLUDED (84,65,64,0): nonintegral-multiplicity
EXCLUDED (84,65,46,65): nonintegral-multiplicity
EXCLUDED (84,66,65,0): nonintegral-multiplicity
EXCLUDED (84,66,48,66): nonintegral-multiplicity
EXCLUDED (84,67,66,0): nonintegral-multiplicity
EXCLUDED (84,67,50,67): nonintegral-multiplicity
EXCLUDED (84,68,67,0): nonintegral-multiplicity
EXCLUDED (84,68,52,68): nonintegral-multiplicity
EXCLUDED (84,69,68,0): nonintegral-multiplicity
EXCLUDED (84,69,54,69): nonintegral-multiplicity
EXCLUDED (84,70,69,0): nonintegral-multiplicity
EXCLUDED (84,70,56,70): eigenvalue-sign
EXCLUDED (84,71,70,0): nonintegral-multiplicity
EXCLUDED (84,71,58,71): nonintegral-multiplicity
EXCLUDED (84,72,71,0): nonintegral-multiplicity
EXCLUDED (84,72,60,72): eigenvalue-sign
EXCLUDED (84,73,72,0): nonintegral-multiplicity
EXCLUDED (84,73,62,73): nonintegral-multiplicity
EXCLUDED (84,74,73,0): nonintegral-multiplicity
EXCLUDED (84,74,64,74): nonintegral-multiplicity
EXCLUDED (84,75,74,0): nonintegral-multiplicity
EXCLUDED (84,75,66,75): nonintegral-multiplicity
EXCLUDED (84,76,75,0): nonintegral-multiplicity
EXCLUDED (84,76,68,76): nonintegral-multiplicity
EXCLUDED (84,77,76,0): nonintegral-multiplicity
EXCLUDED (84,77,70,77): eigenvalue-sign
EXCLUDED (84,78,77,0): nonintegral-multiplicity
EXCLUDED (84,78,72,78): eigenvalue-sign
EXCLUDED (84,79,78,0): nonintegral-multiplicity
EXCLUDED (84,79,74,79): nonintegral-multiplicity
EXCLUDED (84,80,79,0): nonintegral-multiplicity
EXCLUDED (84,80,76,80): eigenvalue-sign
EXCLUDED (84,81,80,0): nonintegral-multiplicity
EXCLUDED (84,81,78,81): eigenvalue-sign
EXCLUDED (84,82,81,0): nonintegral-multiplicity
EXCLUDED (84,82,80,82): eigenvalue-sign
EXCLUDED (85,2,1,0): nonintegral-multiplicity
EXCLUDED (85,3,2,0): nonintegral-multiplicity
EXCLUDED (85,5,4,0): nonintegral-multiplicity
EXCLUDED (85,6,5,0): nonintegral-multiplicity
EXCLUDED (85,7,6,0): nonintegral-multiplicity
EXCLUDED (85,8,7,0): nonintegral-multiplicity
EXCLUDED (85,9,8,0): nonintegral-multiplicity
EXCLUDED (85,10,9,0): nonintegral-multiplicity
EXCLUDED (85,11,10,0): nonintegral-multiplicity
EXCLUDED (85,12,11,0): nonintegral-multiplicity
EXCLUDED (85,12,5,1): conference-numerator-nonzero
EXCLUDED (85,13,12,0): nonintegral-multiplicity
EXCLUDED (85,14,13,0): nonintegral-multiplicity
EXCLUDED (85,14,8,1): conference-numerator-nonzero
EXCLUDED (85,15,14,0): nonintegral-multiplicity
EXCLUDED (85,17,16,0): nonintegral-multiplicity
EXCLUDED (85,18,17,0): nonintegral-multiplicity
EXCLUDED (85,18,6,3): conference-numerator-nonzero
EXCLUDED (85,19,18,0): nonintegral-multiplicity
EXCLUDED (85,20,19,0): nonintegral-multiplicity
EXCLUDED (85,21,20,0): nonintegral-multiplicity
EXCLUDED (85,21,17,1): conference-numerator-nonzero
EXCLUDED (85,21,14,2): conference-numerator-nonzero
EXCLUDED (85,21,11,3): conference-numerator-nonzero
EXCLUDED (85,21,8,4): conference-numerator-nonzero
EXCLUDED (85,21,5,5): nonintegral-multiplicity
EXCLUDED (85,21,2,6): conference-numerator-nonzero
EXCLUDED (85,22,21,0): nonintegral-multiplicity
EXCLUDED (85,23,22,0): nonintegral-multiplicity
EXCLUDED (85,24,23,0): nonintegral-multiplicity
EXCLUDED (85,24,18,2): conference-numerator-nonzero
EXCLUDED (85,24,13,4): conference-numerator-nonzero
EXCLUDED (85,24,8,6): conference-numerator-nonzero
EXCLUDED (85,24,3,8): conference-numerator-nonzero
EXCLUDED (85,25,24,0): nonintegral-multiplicity
EXCLUDED (85,26,25,0): nonintegral-multiplicity
EXCLUDED (85,27,26,0): nonintegral-multiplicity
EXCLUDED (85,27,7,9): conference-numerator-nonzero
EXCLUDED (85,28,27,0): nonintegral-multiplicity
EXCLUDED (85,28,25,1): conference-numerator-nonzero
EXCLUDED (85,28,23,2): conference-numerator-nonzero
EXCLUDED (85,28,21,3): conference-numerator-nonzero
EXCLUDED (85,28,19,4): conference-numerator-nonzero
EXCLUDED (85,28,17,5): conference-numerator-nonzero
EXCLUDED (85,28,15,6): nonintegral-multiplicity
EXCLUDED (85,28,13,7): conference-numerator-nonzero
EXCLUDED (85,28,11,8): conference-numerator-nonzero
EXCLUDED (85,28,9,9): conference-numerator-nonzero
EXCLUDED (85,28,7,10): nonintegral-multiplicity
EXCLUDED (85,28,5,11): conference-numerator-nonzero
EXCLUDED (85,28,3,12): conference-numerator-nonzero
EXCLUDED (85,28,1,13): conference-numerator-nonzero
EXCLUDED (85,29,28,0): nonintegral-multiplicity
EXCLUDED (85,30,29,0): nonintegral-multiplicity
EXCLUDED (85,30,20,5): conference-numerator-nonzero
EXCLUDED (85,30,2,15): conference-numerator-nonzero
EXCLUDED (85,31,30,0): nonintegral-multiplicity
EXCLUDED (85,32,31,0): nonintegral-multiplicity
EXCLUDED (85,32,18,8): nonintegral-multiplicity
EXCLUDED (85,32,5,16): conference-numerator-nonzero
EXCLUDED (85,33,32,0): nonintegral-multiplicity
EXCLUDED (85,33,15,11): conference-numerator-nonzero
EXCLUDED (85,34,33,0): nonintegral-multiplicity
EXCLUDED (85,34,8,17): conference-numerator-nonzero
EXCLUDED (85,35,34,0): nonintegral-multiplicity
EXCLUDED (85,35,27,5): conference-numerator-nonzero
EXCLUDED (85,35,20,10): conference-numerator-nonzero
EXCLUDED (85,35,13,15): conference-numerator-nonzero
EXCLUDED (85,35,6,20): nonintegral-multiplicity
EXCLUDED (85,36,35,0): nonintegral-multiplicity
EXCLUDED (85,36,31,3): conference-numerator-nonzero
EXCLUDED (85,36,27,6): conference-numerator-nonzero
EXCLUDED (85,36,23,9): conference-numerator-nonzero
EXCLUDED (85,36,19,12): conference-numerator-nonzero
EXCLUDED (85,36,15,15): conference-numerator-nonzero
EXCLUDED (85,36,11,18): nonintegral-multiplicity
EXCLUDED (85,36,7,21): nonintegral-multiplicity
EXCLUDED (85,36,3,24): conference-numerator-nonzero
EXCLUDED (85,37,36,0): nonintegral-multiplicity
EXCLUDED (85,38,37,0): nonintegral-multiplicity
EXCLUDED (85,38,14,19): conference-numerator-nonzero
EXCLUDED (85,39,38,0): nonintegral-multiplicity
EXCLUDED (85,39,23,13): conference-numerator-nonzero
EXCLUDED (85,39,8,26): conference-numerator-nonzero
EXCLUDED (85,40,39,0): nonintegral-multiplicity
EXCLUDED (85,40,28,10): conference-numerator-nonzero
EXCLUDED (85,40,17,20): conference-numerator-nonzero
EXCLUDED (85,40,6,30): conference-numerator-nonzero
EXCLUDED (85,41,40,0): nonintegral-multiplicity
EXCLUDED (85,42,41,0): nonintegral-multiplicity
EXCLUDED (85,42,40,1): conference-numerator-nonzero
EXCLUDED (85,42,39,2): conference-numerator-nonzero
EXCLUDED (85,42,38,3): conference-numerator-nonzero
EXCLUDED (85,42,37,4): conference-numerator-nonzero
EXCLUDED (85,42,36,5): conference-numerator-nonzero
EXCLUDED (85,42,35,6): conference-numerator-nonzero
EXCLUDED (85,42,34,7): conference-numerator-nonzero
EXCLUDED (85,42,33,8): conference-numerator-nonzero
EXCLUDED (85,42,32,9): conference-numerator-nonzero
EXCLUDED (85,42,31,10): conference-numerator-nonzero
EXCLUDED (85,42,30,11): conference-numerator-nonzero
EXCLUDED (85,42,29,12): conference-numerator-nonzero
EXCLUDED (85,42,28,13): conference-numerator-nonzero
EXCLUDED (85,42,27,14): conference-numerator-nonzero
EXCLUDED (85,42,26,15): conference-numerator-nonzero
EXCLUDED (85,42,25,16): conference-numerator-nonzero
EXCLUDED (85,42,24,17): conference-numerator-nonzero
EXCLUDED (85,42,23,18): nonintegral-multiplicity
EXCLUDED (85,42,22,19): conference-numerator-nonzero
EXCLUDED (85,42,21,20): conference-numerator-nonzero
EXCLUDED (85,42,19,22): conference-numerator-nonzero
EXCLUDED (85,42,18,23): conference-numerator-nonzero
EXCLUDED (85,42,17,24): nonintegral-multiplicity
EXCLUDED (85,42,16,25): conference-numerator-nonzero
EXCLUDED (85,42,15,26): conference-numerator-nonzero
EXCLUDED (85,42,14,27): conference-numerator-nonzero
EXCLUDED (85,42,13,28): conference-numerator-nonzero
EXCLUDED (85,42,12,29): conference-numerator-nonzero
EXCLUDED (85,42,11,30): conference-numerator-nonzero
EXCLUDED (85,42,10,31): conference-numerator-nonzero
EXCLUDED (85,42,9,32): conference-numerator-nonzero
EXCLUDED (85,42,8,33): conference-numerator-nonzero
EXCLUDED (85,42,7,34): conference-numerator-nonzero
EXCLUDED (85,42,6,35): conference-numerator-nonzero
EXCLUDED (85,42,5,36): conference-numerator-nonzero
EXCLUDED (85,42,4,37): conference-numerator-nonzero
EXCLUDED (85,42,3,38): conference-numerator-nonzero
EXCLUDED (85,42,2,39): conference-numerator-nonzero
EXCLUDED (85,42,1,40): conference-numerator-nonzero
EXCLUDED (85,42,0,41): conference-numerator-nonzero
EXCLUDED (85,43,42,0): nonintegral-multiplicity
EXCLUDED (85,43,1,43): nonintegral-multiplicity
EXCLUDED (85,44,43,0): nonintegral-multiplicity
EXCLUDED (85,44,33,11): conference-numerator-nonzero
EXCLUDED (85,44,23,22): conference-numerator-nonzero
EXCLUDED (85,44,13,33): conference-numerator-nonzero
EXCLUDED (85,44,3,44): nonintegral-multiplicity
EXCLUDED (85,45,44,0): nonintegral-multiplicity
EXCLUDED (85,45,31,15): conference-numerator-nonzero
EXCLUDED (85,45,18,30): conference-numerator-nonzero
EXCLUDED (85,45,5,45): nonintegral-multiplicity
EXCLUDED (85,46,45,0): nonintegral-multiplicity
EXCLUDED (85,46,26,23): conference-numerator-nonzero
EXCLUDED (85,46,7,46): nonintegral-multiplicity
EXCLUDED (85,47,46,0): nonintegral-multiplicity
EXCLUDED (85,47,9,47): nonintegral-multiplicity
EXCLUDED (85,48,47,0): nonintegral-multiplicity
EXCLUDED (85,48,44,4): conference-numerator-nonzero
EXCLUDED (85,48,41,8): conference-numerator-nonzero
EXCLUDED (85,48,38,12): conference-numerator-nonzero
EXCLUDED (85,48,35,16): conference-numerator-nonzero
EXCLUDED (85,48,32,20): nonintegral-multiplicity
EXCLUDED (85,48,29,24): nonintegral-multiplicity
EXCLUDED (85,48,26,28): conference-numerator-nonzero
EXCLUDED (85,48,23,32): conference-numerator-nonzero
EXCLUDED (85,48,20,36): conference-numerator-nonzero
EXCLUDED (85,48,17,40): conference-numerator-nonzero
EXCLUDED (85,48,14,44): conference-numerator-nonzero
EXCLUDED (85,48,11,48): nonintegral-multiplicity
EXCLUDED (85,49,48,0): nonintegral-multiplicity
EXCLUDED (85,49,43,7): conference-numerator-nonzero
EXCLUDED (85,49,38,14): conference-numerator-nonzero
EXCLUDED (85,49,33,21): nonintegral-multiplicity
EXCLUDED (85,49,28,28): conference-numerator-nonzero
EXCLUDED (85,49,23,35): conference-numerator-nonzero
EXCLUDED (85,49,18,42): conference-numerator-nonzero
EXCLUDED (85,49,13,49): nonintegral-multiplicity
EXCLUDED (85,50,49,0): nonintegral-multiplicity
EXCLUDED (85,50,32,25): conference-numerator-nonzero
EXCLUDED (85,50,15,50): nonintegral-multiplicity
EXCLUDED (85,51,50,0): nonintegral-multiplicity
EXCLUDED (85,51,39,17): conference-numerator-nonzero
EXCLUDED (85,51,28,34): conference-numerator-nonzero
EXCLUDED (85,51,17,51): nonintegral-multiplicity
EXCLUDED (85,52,51,0): nonintegral-multiplicity
EXCLUDED (85,52,43,13): conference-numerator-nonzero
EXCLUDED (85,52,35,26): conference-numerator-nonzero
EXCLUDED (85,52,27,39): nonintegral-multiplicity
EXCLUDED (85,52,19,52): nonintegral-multiplicity
EXCLUDED (85,53,52,0): nonintegral-multiplicity
EXCLUDED (85,53,21,53): nonintegral-multiplicity
EXCLUDED (85,54,53,0): nonintegral-multiplicity
EXCLUDED (85,54,48,9): conference-numerator-nonzero
EXCLUDED (85,54,43,18): conference-numerator-nonzero
EXCLUDED (85,54,38,27): conference-numerator-nonzero
EXCLUDED (85,54,28,45): conference-numerator-nonzero
EXCLUDED (85,54,23,54): nonintegral-multiplicity
EXCLUDED (85,55,54,0): nonintegral-multiplicity
EXCLUDED (85,55,25,55): nonintegral-multiplicity
EXCLUDED (85,56,55,0): nonintegral-multiplicity
EXCLUDED (85,56,54,2): conference-numerator-nonzero
EXCLUDED (85,56,53,4): conference-numerator-nonzero
EXCLUDED (85,56,52,6): conference-numerator-nonzero
EXCLUDED (85,56,51,8): conference-numerator-nonzero
EXCLUDED (85,56,50,10): conference-numerator-nonzero
EXCLUDED (85,56,49,12): conference-numerator-nonzero
EXCLUDED (85,56,48,14): conference-numerator-nonzero
EXCLUDED (85,56,47,16): conference-numerator-nonzero
EXCLUDED (85,56,46,18): conference-numerator-nonzero
EXCLUDED (85,56,45,20): conference-numerator-nonzero
EXCLUDED (85,56,44,22): conference-numerator-nonzero
EXCLUDED (85,56,43,24): conference-numerator-nonzero
EXCLUDED (85,56,42,26): conference-numerator-nonzero
EXCLUDED (85,56,41,28): conference-numerator-nonzero
EXCLUDED (85,56,40,30): conference-numerator-nonzero
EXCLUDED (85,56,39,32): conference-numerator-nonzero
EXCLUDED (85,56,38,34): conference-numerator-nonzero
EXCLUDED (85,56,37,36): nonintegral-multiplicity
EXCLUDED (85,56,36,38): conference-numerator-nonzero
EXCLUDED (85,56,35,40): conference-numerator-nonzero
EXCLUDED (85,56,34,42): conference-numerator-nonzero
EXCLUDED (85,56,33,44): nonintegral-multiplicity
EXCLUDED (85,56,32,46): conference-numerator-nonzero
EXCLUDED (85,56,31,48): conference-numerator-nonzero
EXCLUDED (85,56,30,50): conference-numerator-nonzero
EXCLUDED (85,56,29,52): conference-numerator-nonzero
EXCLUDED (85,56,28,54): conference-numerator-nonzero
EXCLUDED (85,56,27,56): nonintegral-multiplicity
EXCLUDED (85,57,56,0): nonintegral-multiplicity
EXCLUDED (85,57,47,19): conference-numerator-nonzero
EXCLUDED (85,57,38,38): conference-numerator-nonzero
EXCLUDED (85,57,29,57): nonintegral-multiplicity
EXCLUDED (85,58,57,0): nonintegral-multiplicity
EXCLUDED (85,58,44,29): conference-numerator-nonzero
EXCLUDED (85,58,31,58): nonintegral-multiplicity
EXCLUDED (85,59,58,0): nonintegral-multiplicity
EXCLUDED (85,59,33,59): nonintegral-multiplicity
EXCLUDED (85,60,59,0): nonintegral-multiplicity
EXCLUDED (85,60,57,5): conference-numerator-nonzero
EXCLUDED (85,60,55,10): conference-numerator-nonzero
EXCLUDED (85,60,53,15): conference-numerator-nonzero
EXCLUDED (85,60,51,20): conference-numerator-nonzero
EXCLUDED (85,60,49,25): conference-numerator-nonzero
EXCLUDED (85,60,47,30): conference-numerator-nonzero
EXCLUDED (85,60,45,35): conference-numerator-nonzero
EXCLUDED (85,60,43,40): conference-numerator-nonzero
EXCLUDED (85,60,41,45): conference-numerator-nonzero
EXCLUDED (85,60,39,50): conference-numerator-nonzero
EXCLUDED (85,60,37,55): conference-numerator-nonzero
EXCLUDED (85,60,35,60): nonintegral-multiplicity
EXCLUDED (85,61,60,0): nonintegral-multiplicity
EXCLUDED (85,61,37,61): nonintegral-multiplicity
EXCLUDED (85,62,61,0): nonintegral-multiplicity
EXCLUDED (85,62,50,31): conference-numerator-nonzero
EXCLUDED (85,62,39,62): nonintegral-multiplicity
EXCLUDED (85,63,62,0): nonintegral-multiplicity
EXCLUDED (85,63,61,3): conference-numerator-nonzero
EXCLUDED (85,63,60,6): conference-numerator-nonzero
EXCLUDED (85,63,59,9): conference-numerator-nonzero
EXCLUDED (85,63,58,12): conference-numerator-nonzero
EXCLUDED (85,63,57,15): conference-numerator-nonzero
EXCLUDED (85,63,56,18): conference-numerator-nonzero
EXCLUDED (85,63,55,21): conference-numerator-nonzero
EXCLUDED (85,63,54,24): conference-numerator-nonzero
EXCLUDED (85,63,53,27): conference-numerator-nonzero
EXCLUDED (85,63,52,30): conference-numerator-nonzero
EXCLUDED (85,63,51,33): conference-numerator-nonzero
EXCLUDED (85,63,50,36): conference-numerator-nonzero
EXCLUDED (85,63,49,39): nonintegral-multiplicity
EXCLUDED (85,63,48,42): conference-numerator-nonzero
EXCLUDED (85,63,47,45): conference-numerator-nonzero
EXCLUDED (85,63,46,48): nonintegral-multiplicity
EXCLUDED (85,63,45,51): conference-numerator-nonzero
EXCLUDED (85,63,44,54): conference-numerator-nonzero
EXCLUDED (85,63,43,57): conference-numerator-nonzero
EXCLUDED (85,63,42,60): conference-numerator-nonzero
EXCLUDED (85,63,41,63): nonintegral-multiplicity
EXCLUDED (85,64,63,0): nonintegral-multiplicity
EXCLUDED (85,64,58,16): conference-numerator-nonzero
EXCLUDED (85,64,53,32): conference-numerator-nonzero
EXCLUDED (85,64,43,64): nonintegral-multiplicity
EXCLUDED (85,65,64,0): nonintegral-multiplicity
EXCLUDED (85,65,45,65): nonintegral-multiplicity
EXCLUDED (85,66,65,0): nonintegral-multiplicity
EXCLUDED (85,66,62,11): conference-numerator-nonzero
EXCLUDED (85,66,59,22): conference-numerator-nonzero
EXCLUDED (85,66,56,33): conference-numerator-nonzero
EXCLUDED (85,66,53,44): nonintegral-multiplicity
EXCLUDED (85,66,50,55): conference-numerator-nonzero
EXCLUDED (85,66,47,66): nonintegral-multiplicity
EXCLUDED (85,67,66,0): nonintegral-multiplicity
EXCLUDED (85,67,49,67): nonintegral-multiplicity
EXCLUDED (85,68,67,0): nonintegral-multiplicity
EXCLUDED (85,68,63,17): conference-numerator-nonzero
EXCLUDED (85,68,59,34): conference-numerator-nonzero
EXCLUDED (85,68,55,51): conference-numerator-nonzero
EXCLUDED (85,68,51,68): eigenvalue-sign
EXCLUDED (85,69,68,0): nonintegral-multiplicity
EXCLUDED (85,69,63,23): conference-numerator-nonzero
EXCLUDED (85,69,58,46): conference-numerator-nonzero
EXCLUDED (85,69,53,69): nonintegral-multiplicity
EXCLUDED (85,70,69,0): nonintegral-multiplicity
EXCLUDED (85,70,68,5): conference-numerator-nonzero
EXCLUDED (85,70,67,10): conference-numerator-nonzero
EXCLUDED (85,70,66,15): conference-numerator-nonzero
EXCLUDED (85,70,65,20): conference-numerator-nonzero
EXCLUDED (85,70,64,25): conference-numerator-nonzero
EXCLUDED (85,70,63,30): conference-numerator-nonzero
EXCLUDED (85,70,62,35): conference-numerator-nonzero
EXCLUDED (85,70,61,40): conference-numerator-nonzero
EXCLUDED (85,70,60,45): conference-numerator-nonzero
EXCLUDED (85,70,59,50): conference-numerator-nonzero
EXCLUDED (85,70,58,55): conference-numerator-nonzero
EXCLUDED (85,70,56,65): conference-numerator-nonzero
EXCLUDED (85,70,55,70): nonintegral-multiplicity
EXCLUDED (85,71,70,0): nonintegral-multiplicity
EXCLUDED (85,71,57,71): nonintegral-multiplicity
EXCLUDED (85,72,71,0): nonintegral-multiplicity
EXCLUDED (85,72,70,6): conference-numerator-nonzero
EXCLUDED (85,72,69,12): conference-numerator-nonzero
EXCLUDED (85,72,68,18): conference-numerator-nonzero
EXCLUDED (85,72,67,24): conference-numerator-nonzero
EXCLUDED (85,72,66,30): conference-numerator-nonzero
EXCLUDED (85,72,65,36): conference-numerator-nonzero
EXCLUDED (85,72,64,42): conference-numerator-nonzero
EXCLUDED (85,72,63,48): conference-numerator-nonzero
EXCLUDED (85,72,62,54): conference-numerator-nonzero
EXCLUDED (85,72,61,60): nonintegral-multiplicity
EXCLUDED (85,72,60,66): conference-numerator-nonzero
EXCLUDED (85,72,59,72): nonintegral-multiplicity
EXCLUDED (85,73,72,0): nonintegral-multiplicity
EXCLUDED (85,73,61,73): nonintegral-multiplicity
EXCLUDED (85,74,73,0): nonintegral-multiplicity
EXCLUDED (85,74,68,37): conference-numerator-nonzero
EXCLUDED (85,74,63,74): nonintegral-multiplicity
EXCLUDED (85,75,74,0): nonintegral-multiplicity
EXCLUDED (85,75,71,25): conference-numerator-nonzero
EXCLUDED (85,75,68,50): conference-numerator-nonzero
EXCLUDED (85,75,65,75): nonintegral-multiplicity
EXCLUDED (85,76,75,0): nonintegral-multiplicity
EXCLUDED (85,76,73,19): conference-numerator-nonzero
EXCLUDED (85,76,71,38): conference-numerator-nonzero
EXCLUDED (85,76,69,57): conference-numerator-nonzero
EXCLUDED (85,76,67,76): nonintegral-multiplicity
EXCLUDED (85,77,76,0): nonintegral-multiplicity
EXCLUDED (85,77,75,11): conference-numerator-nonzero
EXCLUDED (85,77,74,22): conference-numerator-nonzero
EXCLUDED (85,77,73,33): conference-numerator-nonzero
EXCLUDED (85,77,72,44): conference-numerator-nonzero
EXCLUDED (85,77,71,55): conference-numerator-nonzero
EXCLUDED (85,77,70,66): conference-numerator-nonzero
EXCLUDED (85,77,69,77): nonintegral-multiplicity
EXCLUDED (85,78,77,0): nonintegral-multiplicity
EXCLUDED (85,78,76,13): conference-numerator-nonzero
EXCLUDED (85,78,75,26): conference-numerator-nonzero
EXCLUDED (85,78,74,39): conference-numerator-nonzero
EXCLUDED (85,78,73,52): conference-numerator-nonzero
EXCLUDED (85,78,72,65): conference-numerator-nonzero
EXCLUDED (85,78,71,78): nonintegral-multiplicity
EXCLUDED (85,79,78,0): nonintegral-multiplicity
EXCLUDED (85,79,73,79): nonintegral-multiplicity
EXCLUDED (85,80,79,0): nonintegral-multiplicity
EXCLUDED (85,80,78,20): conference-numerator-nonzero
EXCLUDED (85,80,77,40): conference-numerator-nonzero
EXCLUDED (85,80,76,60): conference-numerator-nonzero
EXCLUDED (85,80,75,80): eigenvalue-sign
EXCLUDED (85,81,80,0): nonintegral-multiplicity
EXCLUDED (85,81,79,27): conference-numerator-nonzero
EXCLUDED (85,81,78,54): conference-numerator-nonzero
EXCLUDED (85,81,77,81): nonintegral-multiplicity
EXCLUDED (85,82,81,0): nonintegral-multiplicity
EXCLUDED (85,82,80,41): conference-numerator-nonzero
EXCLUDED (85,82,79,82): nonintegral-multiplicity
EXCLUDED (85,83,82,0): nonintegral-multiplicity
EXCLUDED (85,83,81,83): nonintegral-multiplicity
EXCLUDED (86,2,1,0): nonintegral-multiplicity
EXCLUDED (86,3,2,0): nonintegral-multiplicity
EXCLUDED (86,4,3,0): nonintegral-multiplicity
EXCLUDED (86,5,4,0): nonintegral-multiplicity
EXCLUDED (86,6,5,0): nonintegral-multiplicity
EXCLUDED (86,7,6,0): nonintegral-multiplicity
EXCLUDED (86,8,7,0): nonintegral-multiplicity
EXCLUDED (86,9,8,0): nonintegral-multiplicity
EXCLUDED (86,10,9,0): nonintegral-multiplicity
EXCLUDED (86,11,10,0): nonintegral-multiplicity
EXCLUDED (86,12,11,0): nonintegral-multiplicity
EXCLUDED (86,13,12,0): nonintegral-multiplicity
EXCLUDED (86,14,13,0): nonintegral-multiplicity
EXCLUDED (86,15,14,0): nonintegral-multiplicity
EXCLUDED (86,15,0,3): conference-numerator-nonzero
EXCLUDED (86,16,15,0): nonintegral-multiplicity
EXCLUDED (86,17,16,0): nonintegral-multiplicity
EXCLUDED (86,17,12,1): conference-numerator-nonzero
EXCLUDED (86,17,8,2): conference-numerator-nonzero
EXCLUDED (86,17,4,3): conference-numerator-nonzero
EXCLUDED (86,17,0,4): conference-numerator-nonzero
EXCLUDED (86,18,17,0): nonintegral-multiplicity
EXCLUDED (86,19,18,0): nonintegral-multiplicity
EXCLUDED (86,20,19,0): nonintegral-multiplicity
EXCLUDED (86,20,6,4): conference-numerator-nonzero
EXCLUDED (86,21,20,0): nonintegral-multiplicity
EXCLUDED (86,22,21,0): nonintegral-multiplicity
EXCLUDED (86,23,22,0): nonintegral-multiplicity
EXCLUDED (86,24,23,0): nonintegral-multiplicity
EXCLUDED (86,25,24,0): nonintegral-multiplicity
EXCLUDED (86,25,12,5): conference-numerator-nonzero
EXCLUDED (86,25,0,10): conference-numerator-nonzero
EXCLUDED (86,26,25,0): nonintegral-multiplicity
EXCLUDED (86,27,26,0): nonintegral-multiplicity
EXCLUDED (86,28,27,0): nonintegral-multiplicity
EXCLUDED (86,29,28,0): nonintegral-multiplicity
EXCLUDED (86,30,29,0): nonintegral-multiplicity
EXCLUDED (86,30,18,6): conference-numerator-nonzero
EXCLUDED (86,30,7,12): conference-numerator-nonzero
EXCLUDED (86,31,30,0): nonintegral-multiplicity
EXCLUDED (86,32,31,0): nonintegral-multiplicity
EXCLUDED (86,33,32,0): nonintegral-multiplicity
EXCLUDED (86,34,33,0): nonintegral-multiplicity
EXCLUDED (86,34,30,2): conference-numerator-nonzero
EXCLUDED (86,34,27,4): conference-numerator-nonzero
EXCLUDED (86,34,24,6): conference-numerator-nonzero
EXCLUDED (86,34,21,8): conference-numerator-nonzero
EXCLUDED (86,34,18,10): conference-numerator-nonzero
EXCLUDED (86,34,15,12): conference-numerator-nonzero
EXCLUDED (86,34,12,14): conference-numerator-nonzero
EXCLUDED (86,34,9,16): nonintegral-multiplicity
EXCLUDED (86,34,6,18): conference-numerator-nonzero
EXCLUDED (86,34,3,20): conference-numerator-nonzero
EXCLUDED (86,34,0,22): conference-numerator-nonzero
EXCLUDED (86,35,34,0): nonintegral-multiplicity
EXCLUDED (86,35,24,7): conference-numerator-nonzero
EXCLUDED (86,35,14,14): conference-numerator-nonzero
EXCLUDED (86,35,4,21): conference-numerator-nonzero
EXCLUDED (86,36,35,0): nonintegral-multiplicity
EXCLUDED (86,37,36,0): nonintegral-multiplicity
EXCLUDED (86,38,37,0): nonintegral-multiplicity
EXCLUDED (86,39,38,0): nonintegral-multiplicity
EXCLUDED (86,40,39,0): nonintegral-multiplicity
EXCLUDED (86,40,30,8): conference-numerator-nonzero
EXCLUDED (86,40,21,16): nonintegral-multiplicity
EXCLUDED (86,40,12,24): conference-numerator-nonzero
EXCLUDED (86,40,3,32): conference-numerator-nonzero
EXCLUDED (86,41,40,0): nonintegral-multiplicity
EXCLUDED (86,43,42,0): nonintegral-multiplicity
EXCLUDED (86,43,0,43): eigenvalue-sign
EXCLUDED (86,44,43,0): nonintegral-multiplicity
EXCLUDED (86,44,2,44): nonintegral-multiplicity
EXCLUDED (86,45,44,0): nonintegral-multiplicity
EXCLUDED (86,45,36,9): conference-numerator-nonzero
EXCLUDED (86,45,28,18): conference-numerator-nonzero
EXCLUDED (86,45,20,27): nonintegral-multiplicity
EXCLUDED (86,45,12,36): conference-numerator-nonzero
EXCLUDED (86,45,4,45): nonintegral-multiplicity
EXCLUDED (86,46,45,0): nonintegral-multiplicity
EXCLUDED (86,46,6,46): nonintegral-multiplicity
EXCLUDED (86,47,46,0): nonintegral-multiplicity
EXCLUDED (86,47,8,47): nonintegral-multiplicity
EXCLUDED (86,48,47,0): nonintegral-multiplicity
EXCLUDED (86,48,10,48): nonintegral-multiplicity
EXCLUDED (86,49,48,0): nonintegral-multiplicity
EXCLUDED (86,49,12,49): nonintegral-multiplicity
EXCLUDED (86,50,49,0): nonintegral-multiplicity
EXCLUDED (86,50,42,10): conference-numerator-nonzero
EXCLUDED (86,50,35,20): conference-numerator-nonzero
EXCLUDED (86,50,28,30): conference-numerator-nonzero
EXCLUDED (86,50,21,40): conference-numerator-nonzero
EXCLUDED (86,50,14,50): nonintegral-multiplicity
EXCLUDED (86,51,50,0): nonintegral-multiplicity
EXCLUDED (86,51,48,3): conference-numerator-nonzero
EXCLUDED (86,51,46,6): conference-numerator-nonzero
EXCLUDED (86,51,44,9): conference-numerator-nonzero
EXCLUDED (86,51,42,12): conference-numerator-nonzero
EXCLUDED (86,51,40,15): conference-numerator-nonzero
EXCLUDED (86,51,38,18): conference-numerator-nonzero
EXCLUDED (86,51,36,21): conference-numerator-nonzero
EXCLUDED (86,51,34,24): conference-numerator-nonzero
EXCLUDED (86,51,32,27): nonintegral-multiplicity
EXCLUDED (86,51,30,30): conference-numerator-nonzero
EXCLUDED (86,51,28,33): conference-numerator-nonzero
EXCLUDED (86,51,26,36): conference-numerator-nonzero
EXCLUDED (86,51,24,39): conference-numerator-nonzero
EXCLUDED (86,51,22,42): conference-numerator-nonzero
EXCLUDED (86,51,20,45): conference-numerator-nonzero
EXCLUDED (86,51,18,48): conference-numerator-nonzero
EXCLUDED (86,51,16,51): nonintegral-multiplicity
EXCLUDED (86,52,51,0): nonintegral-multiplicity
EXCLUDED (86,52,18,52): nonintegral-multiplicity
EXCLUDED (86,53,52,0): nonintegral-multiplicity
EXCLUDED (86,53,20,53): nonintegral-multiplicity
EXCLUDED (86,54,53,0): nonintegral-multiplicity
EXCLUDED (86,54,22,54): nonintegral-multiplicity
EXCLUDED (86,55,54,0): nonintegral-multiplicity
EXCLUDED (86,55,48,11): conference-numerator-nonzero
EXCLUDED (86,55,42,22): conference-numerator-nonzero
EXCLUDED (86,55,36,33): conference-numerator-nonzero
EXCLUDED (86,55,30,44): conference-numerator-nonzero
EXCLUDED (86,55,24,55): nonintegral-multiplicity
EXCLUDED (86,56,55,0): nonintegral-multiplicity
EXCLUDED (86,56,26,56): nonintegral-multiplicity
EXCLUDED (86,57,56,0): nonintegral-multiplicity
EXCLUDED (86,57,28,57): nonintegral-multiplicity
EXCLUDED (86,58,57,0): nonintegral-multiplicity
EXCLUDED (86,58,30,58): nonintegral-multiplicity
EXCLUDED (86,59,58,0): nonintegral-multiplicity
EXCLUDED (86,59,32,59): nonintegral-multiplicity
EXCLUDED (86,60,59,0): nonintegral-multiplicity
EXCLUDED (86,60,54,12): conference-numerator-nonzero
EXCLUDED (86,60,49,24): conference-numerator-nonzero
EXCLUDED (86,60,44,36): conference-numerator-nonzero
EXCLUDED (86,60,39,48): conference-numerator-nonzero
EXCLUDED (86,60,34,60): nonintegral-multiplicity
EXCLUDED (86,61,60,0): nonintegral-multiplicity
EXCLUDED (86,61,36,61): nonintegral-multiplicity
EXCLUDED (86,62,61,0): nonintegral-multiplicity
EXCLUDED (86,62,38,62): nonintegral-multiplicity
EXCLUDED (86,63,62,0): nonintegral-multiplicity
EXCLUDED (86,63,40,63): nonintegral-multiplicity
EXCLUDED (86,64,63,0): nonintegral-multiplicity
EXCLUDED (86,64,42,64): nonintegral-multiplicity
EXCLUDED (86,65,64,0): nonintegral-multiplicity
EXCLUDED (86,65,60,13): conference-numerator-nonzero
EXCLUDED (86,65,56,26): conference-numerator-nonzero
EXCLUDED (86,65,52,39): conference-numerator-nonzero
EXCLUDED (86,65,48,52): conference-numerator-nonzero
EXCLUDED (86,65,44,65): nonintegral-multiplicity
EXCLUDED (86,66,65,0): nonintegral-multiplicity
EXCLUDED (86,66,46,66): nonintegral-multiplicity
EXCLUDED (86,67,66,0): nonintegral-multiplicity
EXCLUDED (86,67,48,67): nonintegral-multiplicity
EXCLUDED (86,68,67,0): nonintegral-multiplicity
EXCLUDED (86,68,66,4): conference-numerator-nonzero
EXCLUDED (86,68,65,8): conference-numerator-nonzero
EXCLUDED (86,68,64,12): conference-numerator-nonzero
EXCLUDED (86,68,63,16): conference-numerator-nonzero
EXCLUDED (86,68,62,20): conference-numerator-nonzero
EXCLUDED (86,68,61,24): conference-numerator-nonzero
EXCLUDED (86,68,60,28): conference-numerator-nonzero
EXCLUDED (86,68,59,32): conference-numerator-nonzero
EXCLUDED (86,68,58,36): conference-numerator-nonzero
EXCLUDED (86,68,57,40): conference-numerator-nonzero
EXCLUDED (86,68,56,44): conference-numerator-nonzero
EXCLUDED (86,68,55,48): conference-numerator-nonzero
EXCLUDED (86,68,54,52): conference-numerator-nonzero
EXCLUDED (86,68,53,56): conference-numerator-nonzero
EXCLUDED (86,68,52,60): conference-numerator-nonzero
EXCLUDED (86,68,51,64): conference-numerator-nonzero
EXCLUDED (86,68,50,68): nonintegral-multiplicity
EXCLUDED (86,69,68,0): nonintegral-multiplicity
EXCLUDED (86,69,52,69): nonintegral-multiplicity
EXCLUDED (86,70,69,0): nonintegral-multiplicity
EXCLUDED (86,70,66,14): conference-numerator-nonzero
EXCLUDED (86,70,63,28): conference-numerator-nonzero
EXCLUDED (86,70,60,42): conference-numerator-nonzero
EXCLUDED (86,70,57,56): conference-numerator-nonzero
EXCLUDED (86,70,54,70): nonintegral-multiplicity
EXCLUDED (86,71,70,0): nonintegral-multiplicity
EXCLUDED (86,71,56,71): nonintegral-multiplicity
EXCLUDED (86,72,71,0): nonintegral-multiplicity
EXCLUDED (86,72,58,72): nonintegral-multiplicity
EXCLUDED (86,73,72,0): nonintegral-multiplicity
EXCLUDED (86,73,60,73): nonintegral-multiplicity
EXCLUDED (86,74,73,0): nonintegral-multiplicity
EXCLUDED (86,74,62,74): nonintegral-multiplicity
EXCLUDED (86,75,74,0): nonintegral-multiplicity
EXCLUDED (86,75,72,15): conference-numerator-nonzero
EXCLUDED (86,75,70,30): conference-numerator-nonzero
EXCLUDED (86,75,68,45): conference-numerator-nonzero
EXCLUDED (86,75,66,60): conference-numerator-nonzero
EXCLUDED (86,75,64,75): nonintegral-multiplicity
EXCLUDED (86,76,75,0): nonintegral-multiplicity
EXCLUDED (86,76,66,76): nonintegral-multiplicity
EXCLUDED (86,77,76,0): nonintegral-multiplicity
EXCLUDED (86,77,68,77): nonintegral-multiplicity
EXCLUDED (86,78,77,0): nonintegral-multiplicity
EXCLUDED (86,78,70,78): nonintegral-multiplicity
EXCLUDED (86,79,78,0): nonintegral-multiplicity
EXCLUDED (86,79,72,79): nonintegral-multiplicity
EXCLUDED (86,80,79,0): nonintegral-multiplicity
EXCLUDED (86,80,78,16): conference-numerator-nonzero
EXCLUDED (86,80,77,32): conference-numerator-nonzero
EXCLUDED (86,80,76,48): conference-numerator-nonzero
EXCLUDED (86,80,75,64): conference-numerator-nonzero
EXCLUDED (86,80,74,80): nonintegral-multiplicity
EXCLUDED (86,81,80,0): nonintegral-multiplicity
EXCLUDED (86,81,76,81): nonintegral-multiplicity
EXCLUDED (86,82,81,0): nonintegral-multiplicity
EXCLUDED (86,82,78,82): nonintegral-multiplicity
EXCLUDED (86,83,82,0): nonintegral-multiplicity
EXCLUDED (86,83,80,83): nonintegral-multiplicity
EXCLUDED (86,84,83,0): nonintegral-multiplicity
EXCLUDED (86,84,82,84): eigenvalue-sign
EXCLUDED (87,3,2,0): nonintegral-multiplicity
EXCLUDED (87,4,3,0): nonintegral-multiplicity
EXCLUDED (87,5,4,0): nonintegral-multiplicity
EXCLUDED (87,6,5,0): nonintegral-multiplicity
EXCLUDED (87,7,6,0): nonintegral-multiplicity
EXCLUDED (87,8,7,0): nonintegral-multiplicity
EXCLUDED (87,9,8,0): nonintegral-multiplicity
EXCLUDED (87,10,9,0): nonintegral-multiplicity
EXCLUDED (87,11,10,0): nonintegral-multiplicity
EXCLUDED (87,12,11,0): nonintegral-multiplicity
EXCLUDED (87,13,12,0): nonintegral-multiplicity
EXCLUDED (87,14,13,0): nonintegral-multiplicity
EXCLUDED (87,15,14,0): nonintegral-multiplicity
EXCLUDED (87,16,15,0): nonintegral-multiplicity
EXCLUDED (87,17,16,0): nonintegral-multiplicity
EXCLUDED (87,18,17,0): nonintegral-multiplicity
EXCLUDED (87,19,18,0): nonintegral-multiplicity
EXCLUDED (87,20,19,0): nonintegral-multiplicity
EXCLUDED (87,21,20,0): nonintegral-multiplicity
EXCLUDED (87,22,21,0): nonintegral-multiplicity
EXCLUDED (87,23,22,0): nonintegral-multiplicity
EXCLUDED (87,24,23,0): nonintegral-multiplicity
EXCLUDED (87,25,24,0): nonintegral-multiplicity
EXCLUDED (87,26,25,0): nonintegral-multiplicity
EXCLUDED (87,27,26,0): nonintegral-multiplicity
EXCLUDED (87,29,28,0): nonintegral-multiplicity
EXCLUDED (87,30,29,0): nonintegral-multiplicity
EXCLUDED (87,30,1,15): nonintegral-multiplicity
EXCLUDED (87,31,30,0): nonintegral-multiplicity
EXCLUDED (87,32,31,0): nonintegral-multiplicity
EXCLUDED (87,32,4,16): conference-numerator-nonzero
EXCLUDED (87,33,32,0): nonintegral-multiplicity
EXCLUDED (87,34,33,0): nonintegral-multiplicity
EXCLUDED (87,34,7,17): conference-numerator-nonzero
EXCLUDED (87,35,34,0): nonintegral-multiplicity
EXCLUDED (87,36,35,0): nonintegral-multiplicity
EXCLUDED (87,36,10,18): conference-numerator-nonzero
EXCLUDED (87,37,36,0): nonintegral-multiplicity
EXCLUDED (87,38,37,0): nonintegral-multiplicity
EXCLUDED (87,38,13,19): conference-numerator-nonzero
EXCLUDED (87,39,38,0): nonintegral-multiplicity
EXCLUDED (87,40,39,0): nonintegral-multiplicity
EXCLUDED (87,40,16,20): conference-numerator-nonzero
EXCLUDED (87,41,40,0): nonintegral-multiplicity
EXCLUDED (87,42,41,0): nonintegral-multiplicity
EXCLUDED (87,42,19,21): conference-numerator-nonzero
EXCLUDED (87,43,42,0): nonintegral-multiplicity
EXCLUDED (87,43,41,1): conference-numerator-nonzero
EXCLUDED (87,43,40,2): conference-numerator-nonzero
EXCLUDED (87,43,39,3): conference-numerator-nonzero
EXCLUDED (87,43,38,4): conference-numerator-nonzero
EXCLUDED (87,43,37,5): conference-numerator-nonzero
EXCLUDED (87,43,36,6): conference-numerator-nonzero
EXCLUDED (87,43,35,7): conference-numerator-nonzero
EXCLUDED (87,43,34,8): conference-numerator-nonzero
EXCLUDED (87,43,33,9): conference-numerator-nonzero
EXCLUDED (87,43,32,10): conference-numerator-nonzero
EXCLUDED (87,43,31,11): conference-numerator-nonzero
EXCLUDED (87,43,30,12): conference-numerator-nonzero
EXCLUDED (87,43,29,13): conference-numerator-nonzero
EXCLUDED (87,43,28,14): conference-numerator-nonzero
EXCLUDED (87,43,27,15): nonintegral-multiplicity
EXCLUDED (87,43,26,16): conference-numerator-nonzero
EXCLUDED (87,43,25,17): conference-numerator-nonzero
EXCLUDED (87,43,24,18): conference-numerator-nonzero
EXCLUDED (87,43,23,19): conference-numerator-nonzero
EXCLUDED (87,43,22,20): conference-numerator-nonzero
EXCLUDED (87,43,21,21): conference-numerator-nonzero
EXCLUDED (87,43,20,22): conference-numerator-nonzero
EXCLUDED (87,43,19,23): conference-numerator-nonzero
EXCLUDED (87,43,18,24): conference-numerator-nonzero
EXCLUDED (87,43,17,25): conference-numerator-nonzero
EXCLUDED (87,43,16,26): conference-numerator-nonzero
EXCLUDED (87,43,15,27): conference-numerator-nonzero
EXCLUDED (87,43,14,28): nonintegral-multiplicity
EXCLUDED (87,43,13,29): conference-numerator-nonzero
EXCLUDED (87,43,12,30): conference-numerator-nonzero
EXCLUDED (87,43,11,31): conference-numerator-nonzero
EXCLUDED (87,43,10,32): conference-numerator-nonzero
EXCLUDED (87,43,9,33): conference-numerator-nonzero
EXCLUDED (87,43,8,34): conference-numerator-nonzero
EXCLUDED (87,43,7,35): conference-numerator-nonzero
EXCLUDED (87,43,6,36): conference-numerator-nonzero
EXCLUDED (87,43,5,37): conference-numerator-nonzero
EXCLUDED (87,43,4,38): conference-numerator-nonzero
EXCLUDED (87,43,3,39): conference-numerator-nonzero
EXCLUDED (87,43,2,40): conference-numerator-nonzero
EXCLUDED (87,43,1,41): conference-numerator-nonzero
EXCLUDED (87,43,0,42): conference-numerator-nonzero
EXCLUDED (87,44,43,0): nonintegral-multiplicity
EXCLUDED (87,44,22,22): conference-numerator-nonzero
EXCLUDED (87,44,1,44): nonintegral-multiplicity
EXCLUDED (87,45,44,0): nonintegral-multiplicity
EXCLUDED (87,45,3,45): nonintegral-multiplicity
EXCLUDED (87,46,45,0): nonintegral-multiplicity
EXCLUDED (87,46,25,23): conference-numerator-nonzero
EXCLUDED (87,46,5,46): nonintegral-multiplicity
EXCLUDED (87,47,46,0): nonintegral-multiplicity
EXCLUDED (87,47,7,47): nonintegral-multiplicity
EXCLUDED (87,48,47,0): nonintegral-multiplicity
EXCLUDED (87,48,28,24): conference-numerator-nonzero
EXCLUDED (87,48,9,48): nonintegral-multiplicity
EXCLUDED (87,49,48,0): nonintegral-multiplicity
EXCLUDED (87,49,11,49): nonintegral-multiplicity
EXCLUDED (87,50,49,0): nonintegral-multiplicity
EXCLUDED (87,50,31,25): conference-numerator-nonzero
EXCLUDED (87,50,13,50): nonintegral-multiplicity
EXCLUDED (87,51,50,0): nonintegral-multiplicity
EXCLUDED (87,51,15,51): nonintegral-multiplicity
EXCLUDED (87,52,51,0): nonintegral-multiplicity
EXCLUDED (87,52,34,26): conference-numerator-nonzero
EXCLUDED (87,52,17,52): nonintegral-multiplicity
EXCLUDED (87,53,52,0): nonintegral-multiplicity
EXCLUDED (87,53,19,53): nonintegral-multiplicity
EXCLUDED (87,54,53,0): nonintegral-multiplicity
EXCLUDED (87,54,37,27): conference-numerator-nonzero
EXCLUDED (87,54,21,54): nonintegral-multiplicity
EXCLUDED (87,55,54,0): nonintegral-multiplicity
EXCLUDED (87,55,23,55): nonintegral-multiplicity
EXCLUDED (87,56,55,0): nonintegral-multiplicity
EXCLUDED (87,56,40,28): nonintegral-multiplicity
EXCLUDED (87,56,25,56): nonintegral-multiplicity
EXCLUDED (87,57,56,0): nonintegral-multiplicity
EXCLUDED (87,57,27,57): nonintegral-multiplicity
EXCLUDED (87,58,57,0): nonintegral-multiplicity
EXCLUDED (87,58,43,29): conference-numerator-nonzero
EXCLUDED (87,58,29,58): eigenvalue-sign
EXCLUDED (87,59,58,0): nonintegral-multiplicity
EXCLUDED (87,59,31,59): nonintegral-multiplicity
EXCLUDED (87,60,59,0): nonintegral-multiplicity
EXCLUDED (87,60,46,30): conference-numerator-nonzero
EXCLUDED (87,60,33,60): nonintegral-multiplicity
EXCLUDED (87,61,60,0): nonintegral-multiplicity
EXCLUDED (87,61,35,61): nonintegral-multiplicity
EXCLUDED (87,62,61,0): nonintegral-multiplicity
EXCLUDED (87,62,49,31): conference-numerator-nonzero
EXCLUDED (87,62,37,62): nonintegral-multiplicity
EXCLUDED (87,63,62,0): nonintegral-multiplicity
EXCLUDED (87,63,39,63): nonintegral-multiplicity
EXCLUDED (87,64,63,0): nonintegral-multiplicity
EXCLUDED (87,64,52,32): conference-numerator-nonzero
EXCLUDED (87,64,41,64): nonintegral-multiplicity
EXCLUDED (87,65,64,0): nonintegral-multiplicity
EXCLUDED (87,65,43,65): nonintegral-multiplicity
EXCLUDED (87,66,65,0): nonintegral-multiplicity
EXCLUDED (87,66,55,33): conference-numerator-nonzero
EXCLUDED (87,66,45,66): nonintegral-multiplicity
EXCLUDED (87,67,66,0): nonintegral-multiplicity
EXCLUDED (87,67,47,67): nonintegral-multiplicity
EXCLUDED (87,68,67,0): nonintegral-multiplicity
EXCLUDED (87,68,58,34): conference-numerator-nonzero
EXCLUDED (87,68,49,68): nonintegral-multiplicity
EXCLUDED (87,69,68,0): nonintegral-multiplicity
EXCLUDED (87,69,51,69): nonintegral-multiplicity
EXCLUDED (87,70,69,0): nonintegral-multiplicity
EXCLUDED (87,70,61,35): conference-numerator-nonzero
EXCLUDED (87,70,53,70): nonintegral-multiplicity
EXCLUDED (87,71,70,0): nonintegral-multiplicity
EXCLUDED (87,71,55,71): nonintegral-multiplicity
EXCLUDED (87,72,71,0): nonintegral-multiplicity
EXCLUDED (87,72,64,36): conference-numerator-nonzero
EXCLUDED (87,72,57,72): nonintegral-multiplicity
EXCLUDED (87,73,72,0): nonintegral-multiplicity
EXCLUDED (87,73,59,73): nonintegral-multiplicity
EXCLUDED (87,74,73,0): nonintegral-multiplicity
EXCLUDED (87,74,67,37): conference-numerator-nonzero
EXCLUDED (87,74,61,74): nonintegral-multiplicity
EXCLUDED (87,75,74,0): nonintegral-multiplicity
EXCLUDED (87,75,63,75): nonintegral-multiplicity
EXCLUDED (87,76,75,0): nonintegral-multiplicity
EXCLUDED (87,76,70,38): conference-numerator-nonzero
EXCLUDED (87,76,65,76): nonintegral-multiplicity
EXCLUDED (87,77,76,0): nonintegral-multiplicity
EXCLUDED (87,77,67,77): nonintegral-multiplicity
EXCLUDED (87,78,77,0): nonintegral-multiplicity
EXCLUDED (87,78,73,39): conference-numerator-nonzero
EXCLUDED (87,78,69,78): nonintegral-multiplicity
EXCLUDED (87,79,78,0): nonintegral-multiplicity
EXCLUDED (87,79,71,79): nonintegral-multiplicity
EXCLUDED (87,80,79,0): nonintegral-multiplicity
EXCLUDED (87,80,76,40): conference-numerator-nonzero
EXCLUDED (87,80,73,80): nonintegral-multiplicity
EXCLUDED (87,81,80,0): nonintegral-multiplicity
EXCLUDED (87,81,75,81): nonintegral-multiplicity
EXCLUDED (87,82,81,0): nonintegral-multiplicity
EXCLUDED (87,82,79,41): conference-numerator-nonzero
EXCLUDED (87,82,77,82): nonintegral-multiplicity
EXCLUDED (87,83,82,0): nonintegral-multiplicity
EXCLUDED (87,83,79,83): nonintegral-multiplicity
EXCLUDED (87,84,83,0): nonintegral-multiplicity
EXCLUDED (87,84,82,42): conference-numerator-nonzero
EXCLUDED (87,84,81,84): eigenvalue-sign
EXCLUDED (87,85,84,0): nonintegral-multiplicity
EXCLUDED (87,85,83,85): nonintegral-multiplicity
EXCLUDED (88,2,1,0): nonintegral-multiplicity
EXCLUDED (88,4,3,0): nonintegral-multiplicity
EXCLUDED (88,5,4,0): nonintegral-multiplicity
EXCLUDED (88,6,5,0): nonintegral-multiplicity
EXCLUDED (88,8,7,0): nonintegral-multiplicity
EXCLUDED (88,9,8,0): nonintegral-multiplicity
EXCLUDED (88,11,10,0): nonintegral-multiplicity
EXCLUDED (88,12,11,0): nonintegral-multiplicity
EXCLUDED (88,13,12,0): nonintegral-multiplicity
EXCLUDED (88,14,13,0): nonintegral-multiplicity
EXCLUDED (88,15,14,0): nonintegral-multiplicity
EXCLUDED (88,16,15,0): nonintegral-multiplicity
EXCLUDED (88,17,16,0): nonintegral-multiplicity
EXCLUDED (88,18,17,0): nonintegral-multiplicity
EXCLUDED (88,19,18,0): nonintegral-multiplicity
EXCLUDED (88,20,19,0): nonintegral-multiplicity
EXCLUDED (88,22,21,0): nonintegral-multiplicity
EXCLUDED (88,23,22,0): nonintegral-multiplicity
EXCLUDED (88,24,23,0): nonintegral-multiplicity
EXCLUDED (88,24,2,8): nonintegral-multiplicity
EXCLUDED (88,25,24,0): nonintegral-multiplicity
EXCLUDED (88,26,25,0): nonintegral-multiplicity
EXCLUDED (88,27,26,0): nonintegral-multiplicity
EXCLUDED (88,28,27,0): nonintegral-multiplicity
EXCLUDED (88,29,28,0): nonintegral-multiplicity
EXCLUDED (88,29,26,1): conference-numerator-nonzero
EXCLUDED (88,29,24,2): conference-numerator-nonzero
EXCLUDED (88,29,22,3): conference-numerator-nonzero
EXCLUDED (88,29,20,4): conference-numerator-nonzero
EXCLUDED (88,29,18,5): conference-numerator-nonzero
EXCLUDED (88,29,16,6): conference-numerator-nonzero
EXCLUDED (88,29,14,7): conference-numerator-nonzero
EXCLUDED (88,29,12,8): nonintegral-multiplicity
EXCLUDED (88,29,10,9): nonintegral-multiplicity
EXCLUDED (88,29,8,10): conference-numerator-nonzero
EXCLUDED (88,29,6,11): conference-numerator-nonzero
EXCLUDED (88,29,4,12): conference-numerator-nonzero
EXCLUDED (88,29,2,13): conference-numerator-nonzero
EXCLUDED (88,29,0,14): nonintegral-multiplicity
EXCLUDED (88,30,29,0): nonintegral-multiplicity
EXCLUDED (88,30,10,10): conference-numerator-nonzero
EXCLUDED (88,31,30,0): nonintegral-multiplicity
EXCLUDED (88,32,31,0): nonintegral-multiplicity
EXCLUDED (88,33,32,0): nonintegral-multiplicity
EXCLUDED (88,33,14,11): conference-numerator-nonzero
EXCLUDED (88,34,33,0): nonintegral-multiplicity
EXCLUDED (88,35,34,0): nonintegral-multiplicity
EXCLUDED (88,36,35,0): nonintegral-multiplicity
EXCLUDED (88,36,18,12): conference-numerator-nonzero
EXCLUDED (88,36,1,24): conference-numerator-nonzero
EXCLUDED (88,37,36,0): nonintegral-multiplicity
EXCLUDED (88,38,37,0): nonintegral-multiplicity
EXCLUDED (88,39,38,0): nonintegral-multiplicity
EXCLUDED (88,39,22,13): conference-numerator-nonzero
EXCLUDED (88,39,6,26): conference-numerator-nonzero
EXCLUDED (88,40,39,0): nonintegral-multiplicity
EXCLUDED (88,41,40,0): nonintegral-multiplicity
EXCLUDED (88,42,41,0): nonintegral-multiplicity
EXCLUDED (88,42,26,14): nonintegral-multiplicity
EXCLUDED (88,42,11,28): conference-numerator-nonzero
EXCLUDED (88,44,43,0): nonintegral-multiplicity
EXCLUDED (88,44,0,44): eigenvalue-sign
EXCLUDED (88,45,44,0): nonintegral-multiplicity
EXCLUDED (88,45,30,15): conference-numerator-nonzero
EXCLUDED (88,45,16,30): nonintegral-multiplicity
EXCLUDED (88,45,2,45): nonintegral-multiplicity
EXCLUDED (88,46,45,0): nonintegral-multiplicity
EXCLUDED (88,46,4,46): nonintegral-multiplicity
EXCLUDED (88,47,46,0): nonintegral-multiplicity
EXCLUDED (88,47,6,47): nonintegral-multiplicity
EXCLUDED (88,48,47,0): nonintegral-multiplicity
EXCLUDED (88,48,34,16): conference-numerator-nonzero
EXCLUDED (88,48,21,32): conference-numerator-nonzero
EXCLUDED (88,48,8,48): nonintegral-multiplicity
EXCLUDED (88,49,48,0): nonintegral-multiplicity
EXCLUDED (88,49,10,49): nonintegral-multiplicity
EXCLUDED (88,50,49,0): nonintegral-multiplicity
EXCLUDED (88,50,12,50): nonintegral-multiplicity
EXCLUDED (88,51,50,0): nonintegral-multiplicity
EXCLUDED (88,51,38,17): conference-numerator-nonzero
EXCLUDED (88,51,26,34): conference-numerator-nonzero
EXCLUDED (88,51,14,51): nonintegral-multiplicity
EXCLUDED (88,52,51,0): nonintegral-multiplicity
EXCLUDED (88,52,16,52): nonintegral-multiplicity
EXCLUDED (88,53,52,0): nonintegral-multiplicity
EXCLUDED (88,53,18,53): nonintegral-multiplicity
EXCLUDED (88,54,53,0): nonintegral-multiplicity
EXCLUDED (88,54,42,18): conference-numerator-nonzero
EXCLUDED (88,54,31,36): conference-numerator-nonzero
EXCLUDED (88,54,20,54): nonintegral-multiplicity
EXCLUDED (88,55,54,0): nonintegral-multiplicity
EXCLUDED (88,55,22,55): nonintegral-multiplicity
EXCLUDED (88,56,55,0): nonintegral-multiplicity
EXCLUDED (88,56,24,56): nonintegral-multiplicity
EXCLUDED (88,57,56,0): nonintegral-multiplicity
EXCLUDED (88,57,46,19): conference-numerator-nonzero
EXCLUDED (88,57,36,38): conference-numerator-nonzero
EXCLUDED (88,57,26,57): nonintegral-multiplicity
EXCLUDED (88,58,57,0): nonintegral-multiplicity
EXCLUDED (88,58,56,2): conference-numerator-nonzero
EXCLUDED (88,58,55,4): conference-numerator-nonzero
EXCLUDED (88,58,54,6): conference-numerator-nonzero
EXCLUDED (88,58,53,8): conference-numerator-nonzero
EXCLUDED (88,58,52,10): conference-numerator-nonzero
EXCLUDED (88,58,51,12): conference-numerator-nonzero
EXCLUDED (88,58,50,14): conference-numerator-nonzero
EXCLUDED (88,58,49,16): conference-numerator-nonzero
EXCLUDED (88,58,48,18): conference-numerator-nonzero
EXCLUDED (88,58,47,20): conference-numerator-nonzero
EXCLUDED (88,58,46,22): conference-numerator-nonzero
EXCLUDED (88,58,45,24): conference-numerator-nonzero
EXCLUDED (88,58,44,26): conference-numerator-nonzero
EXCLUDED (88,58,43,28): conference-numerator-nonzero
EXCLUDED (88,58,42,30): nonintegral-multiplicity
EXCLUDED (88,58,41,32): conference-numerator-nonzero
EXCLUDED (88,58,40,34): conference-numerator-nonzero
EXCLUDED (88,58,39,36): conference-numerator-nonzero
EXCLUDED (88,58,38,38): conference-numerator-nonzero
EXCLUDED (88,58,37,40): nonintegral-multiplicity
EXCLUDED (88,58,36,42): nonintegral-multiplicity
EXCLUDED (88,58,35,44): conference-numerator-nonzero
EXCLUDED (88,58,34,46): conference-numerator-nonzero
EXCLUDED (88,58,33,48): conference-numerator-nonzero
EXCLUDED (88,58,32,50): conference-numerator-nonzero
EXCLUDED (88,58,31,52): conference-numerator-nonzero
EXCLUDED (88,58,30,54): conference-numerator-nonzero
EXCLUDED (88,58,29,56): conference-numerator-nonzero
EXCLUDED (88,58,28,58): nonintegral-multiplicity
EXCLUDED (88,59,58,0): nonintegral-multiplicity
EXCLUDED (88,59,30,59): nonintegral-multiplicity
EXCLUDED (88,60,59,0): nonintegral-multiplicity
EXCLUDED (88,60,50,20): conference-numerator-nonzero
EXCLUDED (88,60,32,60): nonintegral-multiplicity
EXCLUDED (88,61,60,0): nonintegral-multiplicity
EXCLUDED (88,61,34,61): nonintegral-multiplicity
EXCLUDED (88,62,61,0): nonintegral-multiplicity
EXCLUDED (88,62,36,62): nonintegral-multiplicity
EXCLUDED (88,63,62,0): nonintegral-multiplicity
EXCLUDED (88,63,54,21): conference-numerator-nonzero
EXCLUDED (88,63,46,42): nonintegral-multiplicity
EXCLUDED (88,63,38,63): nonintegral-multiplicity
EXCLUDED (88,64,63,0): nonintegral-multiplicity
EXCLUDED (88,64,40,64): nonintegral-multiplicity
EXCLUDED (88,65,64,0): nonintegral-multiplicity
EXCLUDED (88,65,42,65): nonintegral-multiplicity
EXCLUDED (88,66,65,0): nonintegral-multiplicity
EXCLUDED (88,66,58,22): conference-numerator-nonzero
EXCLUDED (88,66,51,44): conference-numerator-nonzero
EXCLUDED (88,66,44,66): eigenvalue-sign
EXCLUDED (88,67,66,0): nonintegral-multiplicity
EXCLUDED (88,67,46,67): nonintegral-multiplicity
EXCLUDED (88,68,67,0): nonintegral-multiplicity
EXCLUDED (88,68,48,68): nonintegral-multiplicity
EXCLUDED (88,69,68,0): nonintegral-multiplicity
EXCLUDED (88,69,62,23): conference-numerator-nonzero
EXCLUDED (88,69,56,46): conference-numerator-nonzero
EXCLUDED (88,69,50,69): nonintegral-multiplicity
EXCLUDED (88,70,69,0): nonintegral-multiplicity
EXCLUDED (88,70,52,70): nonintegral-multiplicity
EXCLUDED (88,71,70,0): nonintegral-multiplicity
EXCLUDED (88,71,54,71): nonintegral-multiplicity
EXCLUDED (88,72,71,0): nonintegral-multiplicity
EXCLUDED (88,72,66,24): conference-numerator-nonzero
EXCLUDED (88,72,61,48): conference-numerator-nonzero
EXCLUDED (88,72,56,72): nonintegral-multiplicity
EXCLUDED (88,73,72,0): nonintegral-multiplicity
EXCLUDED (88,73,58,73): nonintegral-multiplicity
EXCLUDED (88,74,73,0): nonintegral-multiplicity
EXCLUDED (88,74,60,74): nonintegral-multiplicity
EXCLUDED (88,75,74,0): nonintegral-multiplicity
EXCLUDED (88,75,70,25): conference-numerator-nonzero
EXCLUDED (88,75,66,50): conference-numerator-nonzero
EXCLUDED (88,75,62,75): nonintegral-multiplicity
EXCLUDED (88,76,75,0): nonintegral-multiplicity
EXCLUDED (88,76,64,76): nonintegral-multiplicity
EXCLUDED (88,77,76,0): nonintegral-multiplicity
EXCLUDED (88,77,66,77): eigenvalue-sign
EXCLUDED (88,78,77,0): nonintegral-multiplicity
EXCLUDED (88,78,74,26): conference-numerator-nonzero
EXCLUDED (88,78,71,52): conference-numerator-nonzero
EXCLUDED (88,78,68,78): nonintegral-multiplicity
EXCLUDED (88,79,78,0): nonintegral-multiplicity
EXCLUDED (88,79,70,79): nonintegral-multiplicity
EXCLUDED (88,80,79,0): nonintegral-multiplicity
EXCLUDED (88,80,72,80): eigenvalue-sign
EXCLUDED (88,81,80,0): nonintegral-multiplicity
EXCLUDED (88,81,78,27): conference-numerator-nonzero
EXCLUDED (88,81,76,54): conference-numerator-nonzero
EXCLUDED (88,81,74,81): nonintegral-multiplicity
EXCLUDED (88,82,81,0): nonintegral-multiplicity
EXCLUDED (88,82,76,82): nonintegral-multiplicity
EXCLUDED (88,83,82,0): nonintegral-multiplicity
EXCLUDED (88,83,78,83): nonintegral-multiplicity
EXCLUDED (88,84,83,0): nonintegral-multiplicity
EXCLUDED (88,84,82,28): conference-numerator-nonzero
EXCLUDED (88,84,81,56): conference-numerator-nonzero
EXCLUDED (88,84,80,84): eigenvalue-sign
EXCLUDED (88,85,84,0): nonintegral-multiplicity
EXCLUDED (88,85,82,85): nonintegral-multiplicity
EXCLUDED (88,86,85,0): nonintegral-multiplicity
EXCLUDED (88,86,84,86): eigenvalue-sign
EXCLUDED (89,2,1,0): nonintegral-multiplicity
EXCLUDED (89,3,2,0): nonintegral-multiplicity
EXCLUDED (89,4,3,0): nonintegral-multiplicity
EXCLUDED (89,5,4,0): nonintegral-multiplicity
EXCLUDED (89,6,5,0): nonintegral-multiplicity
EXCLUDED (89,7,6,0): nonintegral-multiplicity
EXCLUDED (89,8,7,0): nonintegral-multiplicity
EXCLUDED (89,9,8,0): nonintegral-multiplicity
EXCLUDED (89,10,9,0): nonintegral-multiplicity
EXCLUDED (89,11,10,0): nonintegral-multiplicity
EXCLUDED (89,11,3,1): conference-numerator-nonzero
EXCLUDED (89,12,11,0): nonintegral-multiplicity
EXCLUDED (89,13,12,0): nonintegral-multiplicity
EXCLUDED (89,14,13,0): nonintegral-multiplicity
EXCLUDED (89,15,14,0): nonintegral-multiplicity
EXCLUDED (89,16,15,0): nonintegral-multiplicity
EXCLUDED (89,16,6,2): conference-numerator-nonzero
EXCLUDED (89,17,16,0): nonintegral-multiplicity
EXCLUDED (89,18,17,0): nonintegral-multiplicity
EXCLUDED (89,19,18,0): nonintegral-multiplicity
EXCLUDED (89,20,19,0): nonintegral-multiplicity
EXCLUDED (89,20,2,5): conference-numerator-nonzero
EXCLUDED (89,21,20,0): nonintegral-multiplicity
EXCLUDED (89,22,21,0): nonintegral-multiplicity
EXCLUDED (89,22,18,1): conference-numerator-nonzero
EXCLUDED (89,22,15,2): conference-numerator-nonzero
EXCLUDED (89,22,12,3): conference-numerator-nonzero
EXCLUDED (89,22,9,4): conference-numerator-nonzero
EXCLUDED (89,22,6,5): conference-numerator-nonzero
EXCLUDED (89,22,3,6): conference-numerator-nonzero
EXCLUDED (89,22,0,7): conference-numerator-nonzero
EXCLUDED (89,23,22,0): nonintegral-multiplicity
EXCLUDED (89,24,23,0): nonintegral-multiplicity
EXCLUDED (89,24,15,3): conference-numerator-nonzero
EXCLUDED (89,24,7,6): conference-numerator-nonzero
EXCLUDED (89,25,24,0): nonintegral-multiplicity
EXCLUDED (89,26,25,0): nonintegral-multiplicity
EXCLUDED (89,27,26,0): nonintegral-multiplicity
EXCLUDED (89,28,27,0): nonintegral-multiplicity
EXCLUDED (89,28,12,7): conference-numerator-nonzero
EXCLUDED (89,29,28,0): nonintegral-multiplicity
EXCLUDED (89,30,29,0): nonintegral-multiplicity
EXCLUDED (89,30,0,15): conference-numerator-nonzero
EXCLUDED (89,31,30,0): nonintegral-multiplicity
EXCLUDED (89,32,31,0): nonintegral-multiplicity
EXCLUDED (89,32,24,4): conference-numerator-nonzero
EXCLUDED (89,32,17,8): conference-numerator-nonzero
EXCLUDED (89,32,10,12): conference-numerator-nonzero
EXCLUDED (89,32,3,16): conference-numerator-nonzero
EXCLUDED (89,33,32,0): nonintegral-multiplicity
EXCLUDED (89,33,27,3): conference-numerator-nonzero
EXCLUDED (89,33,22,6): conference-numerator-nonzero
EXCLUDED (89,33,17,9): conference-numerator-nonzero
EXCLUDED (89,33,12,12): conference-numerator-nonzero
EXCLUDED (89,33,7,15): conference-numerator-nonzero
EXCLUDED (89,33,2,18): conference-numerator-nonzero
EXCLUDED (89,34,33,0): nonintegral-multiplicity
EXCLUDED (89,34,6,17): conference-numerator-nonzero
EXCLUDED (89,35,34,0): nonintegral-multiplicity
EXCLUDED (89,36,35,0): nonintegral-multiplicity
EXCLUDED (89,36,22,9): conference-numerator-nonzero
EXCLUDED (89,36,9,18): conference-numerator-nonzero
EXCLUDED (89,37,36,0): nonintegral-multiplicity
EXCLUDED (89,38,37,0): nonintegral-multiplicity
EXCLUDED (89,38,12,19): conference-numerator-nonzero
EXCLUDED (89,39,38,0): nonintegral-multiplicity
EXCLUDED (89,40,39,0): nonintegral-multiplicity
EXCLUDED (89,40,33,5): conference-numerator-nonzero
EXCLUDED (89,40,27,10): conference-numerator-nonzero
EXCLUDED (89,40,21,15): conference-numerator-nonzero
EXCLUDED (89,40,15,20): conference-numerator-nonzero
EXCLUDED (89,40,9,25): conference-numerator-nonzero
EXCLUDED (89,40,3,30): conference-numerator-nonzero
EXCLUDED (89,41,40,0): nonintegral-multiplicity
EXCLUDED (89,42,41,0): nonintegral-multiplicity
EXCLUDED (89,42,18,21): conference-numerator-nonzero
EXCLUDED (89,43,42,0): nonintegral-multiplicity
EXCLUDED (89,44,43,0): nonintegral-multiplicity
EXCLUDED (89,44,42,1): conference-numerator-nonzero
EXCLUDED (89,44,41,2): conference-numerator-nonzero
EXCLUDED (89,44,40,3): conference-numerator-nonzero
EXCLUDED (89,44,39,4): conference-numerator-nonzero
EXCLUDED (89,44,38,5): conference-numerator-nonzero
EXCLUDED (89,44,37,6): conference-numerator-nonzero
EXCLUDED (89,44,36,7): conference-numerator-nonzero
EXCLUDED (89,44,35,8): conference-numerator-nonzero
EXCLUDED (89,44,34,9): conference-numerator-nonzero
EXCLUDED (89,44,33,10): conference-numerator-nonzero
EXCLUDED (89,44,32,11): conference-numerator-nonzero
EXCLUDED (89,44,31,12): conference-numerator-nonzero
EXCLUDED (89,44,30,13): conference-numerator-nonzero
EXCLUDED (89,44,29,14): conference-numerator-nonzero
EXCLUDED (89,44,28,15): conference-numerator-nonzero
EXCLUDED (89,44,27,16): conference-numerator-nonzero
EXCLUDED (89,44,26,17): conference-numerator-nonzero
EXCLUDED (89,44,25,18): conference-numerator-nonzero
EXCLUDED (89,44,24,19): conference-numerator-nonzero
EXCLUDED (89,44,23,20): conference-numerator-nonzero
EXCLUDED (89,44,22,21): conference-numerator-nonzero
EXCLUDED (89,44,20,23): conference-numerator-nonzero
EXCLUDED (89,44,19,24): conference-numerator-nonzero
EXCLUDED (89,44,18,25): conference-numerator-nonzero
EXCLUDED (89,44,17,26): conference-numerator-nonzero
EXCLUDED (89,44,16,27): conference-numerator-nonzero
EXCLUDED (89,44,15,28): conference-numerator-nonzero
EXCLUDED (89,44,14,29): conference-numerator-nonzero
EXCLUDED (89,44,13,30): conference-numerator-nonzero
EXCLUDED (89,44,12,31): conference-numerator-nonzero
EXCLUDED (89,44,11,32): conference-numerator-nonzero
EXCLUDED (89,44,10,33): conference-numerator-nonzero
EXCLUDED (89,44,9,34): conference-numerator-nonzero
EXCLUDED (89,44,8,35): conference-numerator-nonzero
EXCLUDED (89,44,7,36): conference-numerator-nonzero
EXCLUDED (89,44,6,37): conference-numerator-nonzero
EXCLUDED (89,44,5,38): conference-numerator-nonzero
EXCLUDED (89,44,4,39): conference-numerator-nonzero
EXCLUDED (89,44,3,40): conference-numerator-nonzero
EXCLUDED (89,44,2,41): conference-numerator-nonzero
EXCLUDED (89,44,1,42): conference-numerator-nonzero
EXCLUDED (89,44,0,43): conference-numerator-nonzero
EXCLUDED (89,45,44,0): nonintegral-multiplicity
EXCLUDED (89,45,1,45): nonintegral-multiplicity
EXCLUDED (89,46,45,0): nonintegral-multiplicity
EXCLUDED (89,46,24,23): conference-numerator-nonzero
EXCLUDED (89,46,3,46): nonintegral-multiplicity
EXCLUDED (89,47,46,0): nonintegral-multiplicity
EXCLUDED (89,47,5,47): nonintegral-multiplicity
EXCLUDED (89,48,47,0): nonintegral-multiplicity
EXCLUDED (89,48,42,6): conference-numerator-nonzero
EXCLUDED (89,48,37,12): conference-numerator-nonzero
EXCLUDED (89,48,32,18): conference-numerator-nonzero
EXCLUDED (89,48,27,24): conference-numerator-nonzero
EXCLUDED (89,48,22,30): conference-numerator-nonzero
EXCLUDED (89,48,17,36): conference-numerator-nonzero
EXCLUDED (89,48,12,42): conference-numerator-nonzero
EXCLUDED (89,48,7,48): nonintegral-multiplicity
EXCLUDED (89,49,48,0): nonintegral-multiplicity
EXCLUDED (89,49,9,49): nonintegral-multiplicity
EXCLUDED (89,50,49,0): nonintegral-multiplicity
EXCLUDED (89,50,30,25): conference-numerator-nonzero
EXCLUDED (89,50,11,50): nonintegral-multiplicity
EXCLUDED (89,51,50,0): nonintegral-multiplicity
EXCLUDED (89,51,13,51): nonintegral-multiplicity
EXCLUDED (89,52,51,0): nonintegral-multiplicity
EXCLUDED (89,52,42,13): conference-numerator-nonzero
EXCLUDED (89,52,33,26): conference-numerator-nonzero
EXCLUDED (89,52,24,39): conference-numerator-nonzero
EXCLUDED (89,52,15,52): nonintegral-multiplicity
EXCLUDED (89,53,52,0): nonintegral-multiplicity
EXCLUDED (89,53,17,53): nonintegral-multiplicity
EXCLUDED (89,54,53,0): nonintegral-multiplicity
EXCLUDED (89,54,36,27): conference-numerator-nonzero
EXCLUDED (89,54,19,54): nonintegral-multiplicity
EXCLUDED (89,55,54,0): nonintegral-multiplicity
EXCLUDED (89,55,51,5): conference-numerator-nonzero
EXCLUDED (89,55,48,10): conference-numerator-nonzero
EXCLUDED (89,55,45,15): conference-numerator-nonzero
EXCLUDED (89,55,42,20): conference-numerator-nonzero
EXCLUDED (89,55,39,25): conference-numerator-nonzero
EXCLUDED (89,55,36,30): conference-numerator-nonzero
EXCLUDED (89,55,33,35): conference-numerator-nonzero
EXCLUDED (89,55,30,40): conference-numerator-nonzero
EXCLUDED (89,55,27,45): conference-numerator-nonzero
EXCLUDED (89,55,24,50): conference-numerator-nonzero
EXCLUDED (89,55,21,55): nonintegral-multiplicity
EXCLUDED (89,56,55,0): nonintegral-multiplicity
EXCLUDED (89,56,51,7): conference-numerator-nonzero
EXCLUDED (89,56,47,14): conference-numerator-nonzero
EXCLUDED (89,56,43,21): conference-numerator-nonzero
EXCLUDED (89,56,39,28): conference-numerator-nonzero
EXCLUDED (89,56,35,35): conference-numerator-nonzero
EXCLUDED (89,56,31,42): conference-numerator-nonzero
EXCLUDED (89,56,27,49): conference-numerator-nonzero
EXCLUDED (89,56,23,56): nonintegral-multiplicity
EXCLUDED (89,57,56,0): nonintegral-multiplicity
EXCLUDED (89,57,25,57): nonintegral-multiplicity
EXCLUDED (89,58,57,0): nonintegral-multiplicity
EXCLUDED (89,58,42,29): conference-numerator-nonzero
EXCLUDED (89,58,27,58): nonintegral-multiplicity
EXCLUDED (89,59,58,0): nonintegral-multiplicity
EXCLUDED (89,59,29,59): nonintegral-multiplicity
EXCLUDED (89,60,59,0): nonintegral-multiplicity
EXCLUDED (89,60,52,15): conference-numerator-nonzero
EXCLUDED (89,60,45,30): conference-numerator-nonzero
EXCLUDED (89,60,38,45): conference-numerator-nonzero
EXCLUDED (89,60,31,60): nonintegral-multiplicity
EXCLUDED (89,61,60,0): nonintegral-multiplicity
EXCLUDED (89,61,33,61): nonintegral-multiplicity
EXCLUDED (89,62,61,0): nonintegral-multiplicity
EXCLUDED (89,62,48,31): conference-numerator-nonzero
EXCLUDED (89,62,35,62): nonintegral-multiplicity
EXCLUDED (89,63,62,0): nonintegral-multiplicity
EXCLUDED (89,63,37,63): nonintegral-multiplicity
EXCLUDED (89,64,63,0): nonintegral-multiplicity
EXCLUDED (89,64,60,8): conference-numerator-nonzero
EXCLUDED (89,64,57,16): conference-numerator-nonzero
EXCLUDED (89,64,54,24): conference-numerator-nonzero
EXCLUDED (89,64,51,32): conference-numerator-nonzero
EXCLUDED (89,64,48,40): conference-numerator-nonzero
EXCLUDED (89,64,45,48): conference-numerator-nonzero
EXCLUDED (89,64,42,56): conference-numerator-nonzero
EXCLUDED (89,64,39,64): nonintegral-multiplicity
EXCLUDED (89,65,64,0): nonintegral-multiplicity
EXCLUDED (89,65,41,65): nonintegral-multiplicity
EXCLUDED (89,66,65,0): nonintegral-multiplicity
EXCLUDED (89,66,64,3): conference-numerator-nonzero
EXCLUDED (89,66,63,6): conference-numerator-nonzero
EXCLUDED (89,66,62,9): conference-numerator-nonzero
EXCLUDED (89,66,61,12): conference-numerator-nonzero
EXCLUDED (89,66,60,15): conference-numerator-nonzero
EXCLUDED (89,66,59,18): conference-numerator-nonzero
EXCLUDED (89,66,58,21): conference-numerator-nonzero
EXCLUDED (89,66,57,24): conference-numerator-nonzero
EXCLUDED (89,66,56,27): conference-numerator-nonzero
EXCLUDED (89,66,55,30): conference-numerator-nonzero
EXCLUDED (89,66,54,33): conference-numerator-nonzero
EXCLUDED (89,66,53,36): conference-numerator-nonzero
EXCLUDED (89,66,52,39): conference-numerator-nonzero
EXCLUDED (89,66,51,42): conference-numerator-nonzero
EXCLUDED (89,66,50,45): conference-numerator-nonzero
EXCLUDED (89,66,49,48): conference-numerator-nonzero
EXCLUDED (89,66,48,51): conference-numerator-nonzero
EXCLUDED (89,66,47,54): conference-numerator-nonzero
EXCLUDED (89,66,46,57): conference-numerator-nonzero
EXCLUDED (89,66,45,60): conference-numerator-nonzero
EXCLUDED (89,66,44,63): conference-numerator-nonzero
EXCLUDED (89,66,43,66): nonintegral-multiplicity
EXCLUDED (89,67,66,0): nonintegral-multiplicity
EXCLUDED (89,67,45,67): nonintegral-multiplicity
EXCLUDED (89,68,67,0): nonintegral-multiplicity
EXCLUDED (89,68,62,17): conference-numerator-nonzero
EXCLUDED (89,68,57,34): conference-numerator-nonzero
EXCLUDED (89,68,52,51): conference-numerator-nonzero
EXCLUDED (89,68,47,68): nonintegral-multiplicity
EXCLUDED (89,69,68,0): nonintegral-multiplicity
EXCLUDED (89,69,49,69): nonintegral-multiplicity
EXCLUDED (89,70,69,0): nonintegral-multiplicity
EXCLUDED (89,70,60,35): conference-numerator-nonzero
EXCLUDED (89,70,51,70): nonintegral-multiplicity
EXCLUDED (89,71,70,0): nonintegral-multiplicity
EXCLUDED (89,71,53,71): nonintegral-multiplicity
EXCLUDED (89,72,71,0): nonintegral-multiplicity
EXCLUDED (89,72,69,9): conference-numerator-nonzero
EXCLUDED (89,72,67,18): conference-numerator-nonzero
EXCLUDED (89,72,65,27): conference-numerator-nonzero
EXCLUDED (89,72,63,36): conference-numerator-nonzero
EXCLUDED (89,72,61,45): conference-numerator-nonzero
EXCLUDED (89,72,59,54): conference-numerator-nonzero
EXCLUDED (89,72,57,63): conference-numerator-nonzero
EXCLUDED (89,72,55,72): nonintegral-multiplicity
EXCLUDED (89,73,72,0): nonintegral-multiplicity
EXCLUDED (89,73,57,73): nonintegral-multiplicity
EXCLUDED (89,74,73,0): nonintegral-multiplicity
EXCLUDED (89,74,66,37): conference-numerator-nonzero
EXCLUDED (89,74,59,74): nonintegral-multiplicity
EXCLUDED (89,75,74,0): nonintegral-multiplicity
EXCLUDED (89,75,61,75): nonintegral-multiplicity
EXCLUDED (89,76,75,0): nonintegral-multiplicity
EXCLUDED (89,76,72,19): conference-numerator-nonzero
EXCLUDED (89,76,69,38): conference-numerator-nonzero
EXCLUDED (89,76,66,57): conference-numerator-nonzero
EXCLUDED (89,76,63,76): nonintegral-multiplicity
EXCLUDED (89,77,76,0): nonintegral-multiplicity
EXCLUDED (89,77,75,7): conference-numerator-nonzero
EXCLUDED (89,77,74,14): conference-numerator-nonzero
EXCLUDED (89,77,73,21): conference-numerator-nonzero
EXCLUDED (89,77,72,28): conference-numerator-nonzero
EXCLUDED (89,77,71,35): conference-numerator-nonzero
EXCLUDED (89,77,70,42): conference-numerator-nonzero
EXCLUDED (89,77,69,49): conference-numerator-nonzero
EXCLUDED (89,77,68,56): conference-numerator-nonzero
EXCLUDED (89,77,67,63): conference-numerator-nonzero
EXCLUDED (89,77,66,70): conference-numerator-nonzero
EXCLUDED (89,77,65,77): nonintegral-multiplicity
EXCLUDED (89,78,77,0): nonintegral-multiplicity
EXCLUDED (89,78,72,39): conference-numerator-nonzero
EXCLUDED (89,78,67,78): nonintegral-multiplicity
EXCLUDED (89,79,78,0): nonintegral-multiplicity
EXCLUDED (89,79,69,79): nonintegral-multiplicity
EXCLUDED (89,80,79,0): nonintegral-multiplicity
EXCLUDED (89,80,78,10): conference-numerator-nonzero
EXCLUDED (89,80,77,20): conference-numerator-nonzero
EXCLUDED (89,80,76,30): conference-numerator-nonzero
EXCLUDED (89,80,75,40): conference-numerator-nonzero
EXCLUDED (89,80,74,50): conference-numerator-nonzero
EXCLUDED (89,80,73,60): conference-numerator-nonzero
EXCLUDED (89,80,72,70): conference-numerator-nonzero
EXCLUDED (89,80,71,80): nonintegral-multiplicity
EXCLUDED (89,81,80,0): nonintegral-multiplicity
EXCLUDED (89,81,73,81): nonintegral-multiplicity
EXCLUDED (89,82,81,0): nonintegral-multiplicity
EXCLUDED (89,82,78,41): conference-numerator-nonzero
EXCLUDED (89,82,75,82): nonintegral-multiplicity
EXCLUDED (89,83,82,0): nonintegral-multiplicity
EXCLUDED (89,83,77,83): nonintegral-multiplicity
EXCLUDED (89,84,83,0): nonintegral-multiplicity
EXCLUDED (89,84,82,21): conference-numerator-nonzero
EXCLUDED (89,84,81,42): conference-numerator-nonzero
EXCLUDED (89,84,80,63): conference-numerator-nonzero
EXCLUDED (89,84,79,84): nonintegral-multiplicity
EXCLUDED (89,85,84,0): nonintegral-multiplicity
EXCLUDED (89,85,81,85): nonintegral-multiplicity
EXCLUDED (89,86,85,0): nonintegral-multiplicity
EXCLUDED (89,86,84,43): conference-numerator-nonzero
EXCLUDED (89,86,83,86): nonintegral-multiplicity
EXCLUDED (89,87,86,0): nonintegral-multiplicity
EXCLUDED (89,87,85,87): nonintegral-multiplicity
EXCLUDED (90,3,2,0): nonintegral-multiplicity
EXCLUDED (90,6,5,0): nonintegral-multiplicity
EXCLUDED (90,7,6,0): nonintegral-multiplicity
EXCLUDED (90,10,9,0): nonintegral-multiplicity
EXCLUDED (90,11,10,0): nonintegral-multiplicity
EXCLUDED (90,12,11,0): nonintegral-multiplicity
EXCLUDED (90,13,12,0): nonintegral-multiplicity
EXCLUDED (90,15,14,0): nonintegral-multiplicity
EXCLUDED (90,16,15,0): nonintegral-multiplicity
EXCLUDED (90,18,17,0): nonintegral-multiplicity
EXCLUDED (90,19,18,0): nonintegral-multiplicity
EXCLUDED (90,20,19,0): nonintegral-multiplicity
EXCLUDED (90,21,20,0): nonintegral-multiplicity
EXCLUDED (90,22,21,0): nonintegral-multiplicity
EXCLUDED (90,23,22,0): nonintegral-multiplicity
EXCLUDED (90,24,23,0): nonintegral-multiplicity
EXCLUDED (90,25,24,0): nonintegral-multiplicity
EXCLUDED (90,26,25,0): nonintegral-multiplicity
EXCLUDED (90,27,26,0): nonintegral-multiplicity
EXCLUDED (90,28,27,0): nonintegral-multiplicity
EXCLUDED (90,30,29,0): nonintegral-multiplicity
EXCLUDED (90,31,30,0): nonintegral-multiplicity
EXCLUDED (90,32,31,0): nonintegral-multiplicity
EXCLUDED (90,33,32,0): nonintegral-multiplicity
EXCLUDED (90,34,33,0): nonintegral-multiplicity
EXCLUDED (90,35,34,0): nonintegral-multiplicity
EXCLUDED (90,36,35,0): nonintegral-multiplicity
EXCLUDED (90,37,36,0): nonintegral-multiplicity
EXCLUDED (90,38,37,0): nonintegral-multiplicity
EXCLUDED (90,39,38,0): nonintegral-multiplicity
EXCLUDED (90,40,39,0): nonintegral-multiplicity
EXCLUDED (90,41,40,0): nonintegral-multiplicity
EXCLUDED (90,42,41,0): nonintegral-multiplicity
EXCLUDED (90,43,42,0): nonintegral-multiplicity
EXCLUDED (90,45,44,0): nonintegral-multiplicity
EXCLUDED (90,45,0,45): eigenvalue-sign
EXCLUDED (90,46,45,0): nonintegral-multiplicity
EXCLUDED (90,46,2,46): nonintegral-multiplicity
EXCLUDED (90,47,46,0): nonintegral-multiplicity
EXCLUDED (90,47,4,47): nonintegral-multiplicity
EXCLUDED (90,48,47,0): nonintegral-multiplicity
EXCLUDED (90,48,6,48): nonintegral-multiplicity
EXCLUDED (90,49,48,0): nonintegral-multiplicity
EXCLUDED (90,49,8,49): nonintegral-multiplicity
EXCLUDED (90,50,49,0): nonintegral-multiplicity
EXCLUDED (90,50,10,50): nonintegral-multiplicity
EXCLUDED (90,51,50,0): nonintegral-multiplicity
EXCLUDED (90,51,12,51): nonintegral-multiplicity
EXCLUDED (90,52,51,0): nonintegral-multiplicity
EXCLUDED (90,52,14,52): nonintegral-multiplicity
EXCLUDED (90,53,52,0): nonintegral-multiplicity
EXCLUDED (90,53,16,53): nonintegral-multiplicity
EXCLUDED (90,54,53,0): nonintegral-multiplicity
EXCLUDED (90,54,18,54): nonintegral-multiplicity
EXCLUDED (90,55,54,0): nonintegral-multiplicity
EXCLUDED (90,55,20,55): nonintegral-multiplicity
EXCLUDED (90,56,55,0): nonintegral-multiplicity
EXCLUDED (90,56,22,56): nonintegral-multiplicity
EXCLUDED (90,57,56,0): nonintegral-multiplicity
EXCLUDED (90,57,24,57): nonintegral-multiplicity
EXCLUDED (90,58,57,0): nonintegral-multiplicity
EXCLUDED (90,58,26,58): nonintegral-multiplicity
EXCLUDED (90,59,58,0): nonintegral-multiplicity
EXCLUDED (90,59,28,59): nonintegral-multiplicity
EXCLUDED (90,60,59,0): nonintegral-multiplicity
EXCLUDED (90,60,30,60): eigenvalue-sign
EXCLUDED (90,61,60,0): nonintegral-multiplicity
EXCLUDED (90,61,32,61): nonintegral-multiplicity
EXCLUDED (90,62,61,0): nonintegral-multiplicity
EXCLUDED (90,62,34,62): nonintegral-multiplicity
EXCLUDED (90,63,62,0): nonintegral-multiplicity
EXCLUDED (90,63,36,63): nonintegral-multiplicity
EXCLUDED (90,64,63,0): nonintegral-multiplicity
EXCLUDED (90,64,38,64): nonintegral-multiplicity
EXCLUDED (90,65,64,0): nonintegral-multiplicity
EXCLUDED (90,65,40,65): nonintegral-multiplicity
EXCLUDED (90,66,65,0): nonintegral-multiplicity
EXCLUDED (90,66,42,66): nonintegral-multiplicity
EXCLUDED (90,67,66,0): nonintegral-multiplicity
EXCLUDED (90,67,44,67): nonintegral-multiplicity
EXCLUDED (90,68,67,0): nonintegral-multiplicity
EXCLUDED (90,68,46,68): nonintegral-multiplicity
EXCLUDED (90,69,68,0): nonintegral-multiplicity
EXCLUDED (90,69,48,69): nonintegral-multiplicity
EXCLUDED (90,70,69,0): nonintegral-multiplicity
EXCLUDED (90,70,50,70): nonintegral-multiplicity
EXCLUDED (90,71,70,0): nonintegral-multiplicity
EXCLUDED (90,71,52,71): nonintegral-multiplicity
EXCLUDED (90,72,71,0): nonintegral-multiplicity
EXCLUDED (90,72,54,72): eigenvalue-sign
EXCLUDED (90,73,72,0): nonintegral-multiplicity
EXCLUDED (90,73,56,73): nonintegral-multiplicity
EXCLUDED (90,74,73,0): nonintegral-multiplicity
EXCLUDED (90,74,58,74): nonintegral-multiplicity
EXCLUDED (90,75,74,0): nonintegral-multiplicity
EXCLUDED (90,75,60,75): eigenvalue-sign
EXCLUDED (90,76,75,0): nonintegral-multiplicity
EXCLUDED (90,76,62,76): nonintegral-multiplicity
EXCLUDED (90,77,76,0): nonintegral-multiplicity
EXCLUDED (90,77,64,77): nonintegral-multiplicity
EXCLUDED (90,78,77,0): nonintegral-multiplicity
EXCLUDED (90,78,66,78): nonintegral-multiplicity
EXCLUDED (90,79,78,0): nonintegral-multiplicity
EXCLUDED (90,79,68,79): nonintegral-multiplicity
EXCLUDED (90,80,79,0): nonintegral-multiplicity
EXCLUDED (90,80,70,80): eigenvalue-sign
EXCLUDED (90,81,80,0): nonintegral-multiplicity
EXCLUDED (90,81,72,81): eigenvalue-sign
EXCLUDED (90,82,81,0): nonintegral-multiplicity
EXCLUDED (90,82,74,82): nonintegral-multiplicity
EXCLUDED (90,83,82,0): nonintegral-multiplicity
EXCLUDED (90,83,76,83): nonintegral-multiplicity
EXCLUDED (90,84,83,0): nonintegral-multiplicity
EXCLUDED (90,84,78,84): eigenvalue-sign
EXCLUDED (90,85,84,0): nonintegral-multiplicity
EXCLUDED (90,85,80,85): eigenvalue-sign
EXCLUDED (90,86,85,0): nonintegral-multiplicity
EXCLUDED (90,86,82,86): nonintegral-multiplicity
EXCLUDED (90,87,86,0): nonintegral-multiplicity
EXCLUDED (90,87,84,87): eigenvalue-sign
EXCLUDED (90,88,87,0): nonintegral-multiplicity
EXCLUDED (90,88,86,88): eigenvalue-sign
EXCLUDED (91,2,1,0): nonintegral-multiplicity
EXCLUDED (91,3,2,0): nonintegral-multiplicity
EXCLUDED (91,4,3,0): nonintegral-multiplicity
EXCLUDED (91,5,4,0): nonintegral-multiplicity
EXCLUDED (91,7,6,0): nonintegral-multiplicity
EXCLUDED (91,8,7,0): nonintegral-multiplicity
EXCLUDED (91,9,8,0): nonintegral-multiplicity
EXCLUDED (91,10,9,0): nonintegral-multiplicity
EXCLUDED (91,10,1,1): nonintegral-multiplicity
EXCLUDED (91,11,10,0): nonintegral-multiplicity
EXCLUDED (91,13,12,0): nonintegral-multiplicity
EXCLUDED (91,14,13,0): nonintegral-multiplicity
EXCLUDED (91,15,14,0): nonintegral-multiplicity
EXCLUDED (91,15,9,1): conference-numerator-nonzero
EXCLUDED (91,15,4,2): conference-numerator-nonzero
EXCLUDED (91,16,15,0): nonintegral-multiplicity
EXCLUDED (91,17,16,0): nonintegral-multiplicity
EXCLUDED (91,18,17,0): nonintegral-multiplicity
EXCLUDED (91,18,13,1): conference-numerator-nonzero
EXCLUDED (91,18,9,2): conference-numerator-nonzero
EXCLUDED (91,18,5,3): nonintegral-multiplicity
EXCLUDED (91,18,1,4): conference-numerator-nonzero
EXCLUDED (91,19,18,0): nonintegral-multiplicity
EXCLUDED (91,20,19,0): nonintegral-multiplicity
EXCLUDED (91,20,12,2): conference-numerator-nonzero
EXCLUDED (91,20,5,4): conference-numerator-nonzero
EXCLUDED (91,21,20,0): nonintegral-multiplicity
EXCLUDED (91,22,21,0): nonintegral-multiplicity
EXCLUDED (91,23,22,0): nonintegral-multiplicity
EXCLUDED (91,24,23,0): nonintegral-multiplicity
EXCLUDED (91,24,1,8): conference-numerator-nonzero
EXCLUDED (91,25,24,0): nonintegral-multiplicity
EXCLUDED (91,25,11,5): conference-numerator-nonzero
EXCLUDED (91,26,25,0): nonintegral-multiplicity
EXCLUDED (91,27,26,0): nonintegral-multiplicity
EXCLUDED (91,27,19,3): conference-numerator-nonzero
EXCLUDED (91,27,12,6): conference-numerator-nonzero
EXCLUDED (91,27,5,9): conference-numerator-nonzero
EXCLUDED (91,28,27,0): nonintegral-multiplicity
EXCLUDED (91,29,28,0): nonintegral-multiplicity
EXCLUDED (91,30,29,0): nonintegral-multiplicity
EXCLUDED (91,30,27,1): conference-numerator-nonzero
EXCLUDED (91,30,25,2): conference-numerator-nonzero
EXCLUDED (91,30,23,3): conference-numerator-nonzero
EXCLUDED (91,30,21,4): conference-numerator-nonzero
EXCLUDED (91,30,19,5): conference-numerator-nonzero
EXCLUDED (91,30,17,6): conference-numerator-nonzero
EXCLUDED (91,30,15,7): conference-numerator-nonzero
EXCLUDED (91,30,13,8): conference-numerator-nonzero
EXCLUDED (91,30,11,9): conference-numerator-nonzero
EXCLUDED (91,30,9,10): nonintegral-multiplicity
EXCLUDED (91,30,7,11): conference-numerator-nonzero
EXCLUDED (91,30,5,12): nonintegral-multiplicity
EXCLUDED (91,30,3,13): conference-numerator-nonzero
EXCLUDED (91,30,1,14): conference-numerator-nonzero
EXCLUDED (91,31,30,0): nonintegral-multiplicity
EXCLUDED (91,32,31,0): nonintegral-multiplicity
EXCLUDED (91,32,2,16): conference-numerator-nonzero
EXCLUDED (91,33,32,0): nonintegral-multiplicity
EXCLUDED (91,33,13,11): conference-numerator-nonzero
EXCLUDED (91,34,33,0): nonintegral-multiplicity
EXCLUDED (91,34,5,17): conference-numerator-nonzero
EXCLUDED (91,35,34,0): nonintegral-multiplicity
EXCLUDED (91,35,23,7): conference-numerator-nonzero
EXCLUDED (91,35,12,14): conference-numerator-nonzero
EXCLUDED (91,35,1,21): conference-numerator-nonzero
EXCLUDED (91,36,35,0): nonintegral-multiplicity
EXCLUDED (91,36,32,2): conference-numerator-nonzero
EXCLUDED (91,36,29,4): conference-numerator-nonzero
EXCLUDED (91,36,26,6): conference-numerator-nonzero
EXCLUDED (91,36,23,8): conference-numerator-nonzero
EXCLUDED (91,36,20,10): conference-numerator-nonzero
EXCLUDED (91,36,17,12): nonintegral-multiplicity
EXCLUDED (91,36,14,14): conference-numerator-nonzero
EXCLUDED (91,36,11,16): conference-numerator-nonzero
EXCLUDED (91,36,8,18): conference-numerator-nonzero
EXCLUDED (91,36,5,20): nonintegral-multiplicity
EXCLUDED (91,36,2,22): conference-numerator-nonzero
EXCLUDED (91,37,36,0): nonintegral-multiplicity
EXCLUDED (91,38,37,0): nonintegral-multiplicity
EXCLUDED (91,38,11,19): conference-numerator-nonzero
EXCLUDED (91,39,38,0): nonintegral-multiplicity
EXCLUDED (91,39,21,13): conference-numerator-nonzero
EXCLUDED (91,39,4,26): conference-numerator-nonzero
EXCLUDED (91,40,39,0): nonintegral-multiplicity
EXCLUDED (91,40,34,4): conference-numerator-nonzero
EXCLUDED (91,40,29,8): conference-numerator-nonzero
EXCLUDED (91,40,24,12): nonintegral-multiplicity
EXCLUDED (91,40,19,16): conference-numerator-nonzero
EXCLUDED (91,40,14,20): conference-numerator-nonzero
EXCLUDED (91,40,9,24): nonintegral-multiplicity
EXCLUDED (91,40,4,28): conference-numerator-nonzero
EXCLUDED (91,41,40,0): nonintegral-multiplicity
EXCLUDED (91,42,41,0): nonintegral-multiplicity
EXCLUDED (91,42,33,7): conference-numerator-nonzero
EXCLUDED (91,42,25,14): conference-numerator-nonzero
EXCLUDED (91,42,17,21): nonintegral-multiplicity
EXCLUDED (91,42,9,28): conference-numerator-nonzero
EXCLUDED (91,42,1,35): conference-numerator-nonzero
EXCLUDED (91,43,42,0): nonintegral-multiplicity
EXCLUDED (91,44,43,0): nonintegral-multiplicity
EXCLUDED (91,44,20,22): conference-numerator-nonzero
EXCLUDED (91,45,44,0): nonintegral-multiplicity
EXCLUDED (91,45,43,1): conference-numerator-nonzero
EXCLUDED (91,45,42,2): conference-numerator-nonzero
EXCLUDED (91,45,41,3): conference-numerator-nonzero
EXCLUDED (91,45,40,4): conference-numerator-nonzero
EXCLUDED (91,45,39,5): conference-numerator-nonzero
EXCLUDED (91,45,38,6): conference-numerator-nonzero
EXCLUDED (91,45,37,7): conference-numerator-nonzero
EXCLUDED (91,45,36,8): conference-numerator-nonzero
EXCLUDED (91,45,35,9): conference-numerator-nonzero
EXCLUDED (91,45,34,10): conference-numerator-nonzero
EXCLUDED (91,45,33,11): conference-numerator-nonzero
EXCLUDED (91,45,32,12): conference-numerator-nonzero
EXCLUDED (91,45,31,13): conference-numerator-nonzero
EXCLUDED (91,45,30,14): conference-numerator-nonzero
EXCLUDED (91,45,29,15): conference-numerator-nonzero
EXCLUDED (91,45,28,16): conference-numerator-nonzero
EXCLUDED (91,45,27,17): conference-numerator-nonzero
EXCLUDED (91,45,26,18): conference-numerator-nonzero
EXCLUDED (91,45,25,19): conference-numerator-nonzero
EXCLUDED (91,45,24,20): conference-numerator-nonzero
EXCLUDED (91,45,23,21): nonintegral-multiplicity
EXCLUDED (91,45,22,22): conference-numerator-nonzero
EXCLUDED (91,45,21,23): conference-numerator-nonzero
EXCLUDED (91,45,20,24): nonintegral-multiplicity
EXCLUDED (91,45,19,25): conference-numerator-nonzero
EXCLUDED (91,45,18,26): conference-numerator-nonzero
EXCLUDED (91,45,17,27): conference-numerator-nonzero
EXCLUDED (91,45,16,28): conference-numerator-nonzero
EXCLUDED (91,45,15,29): conference-numerator-nonzero
EXCLUDED (91,45,14,30): conference-numerator-nonzero
EXCLUDED (91,45,13,31): conference-numerator-nonzero
EXCLUDED (91,45,12,32): conference-numerator-nonzero
EXCLUDED (91,45,11,33): conference-numerator-nonzero
EXCLUDED (91,45,10,34): conference-numerator-nonzero
EXCLUDED (91,45,9,35): conference-numerator-nonzero
EXCLUDED (91,45,8,36): conference-numerator-nonzero
EXCLUDED (91,45,7,37): conference-numerator-nonzero
EXCLUDED (91,45,6,38): conference-numerator-nonzero
EXCLUDED (91,45,5,39): conference-numerator-nonzero
EXCLUDED (91,45,4,40): conference-numerator-nonzero
EXCLUDED (91,45,3,41): conference-numerator-nonzero
EXCLUDED (91,45,2,42): conference-numerator-nonzero
EXCLUDED (91,45,1,43): conference-numerator-nonzero
EXCLUDED (91,45,0,44): conference-numerator-nonzero
EXCLUDED (91,46,45,0): nonintegral-multiplicity
EXCLUDED (91,46,23,23): conference-numerator-nonzero
EXCLUDED (91,46,1,46): nonintegral-multiplicity
EXCLUDED (91,47,46,0): nonintegral-multiplicity
EXCLUDED (91,47,3,47): nonintegral-multiplicity
EXCLUDED (91,48,47,0): nonintegral-multiplicity
EXCLUDED (91,48,40,8): conference-numerator-nonzero
EXCLUDED (91,48,33,16): conference-numerator-nonzero
EXCLUDED (91,48,26,24): nonintegral-multiplicity
EXCLUDED (91,48,19,32): conference-numerator-nonzero
EXCLUDED (91,48,12,40): conference-numerator-nonzero
EXCLUDED (91,48,5,48): nonintegral-multiplicity
EXCLUDED (91,49,48,0): nonintegral-multiplicity
EXCLUDED (91,49,7,49): nonintegral-multiplicity
EXCLUDED (91,50,49,0): nonintegral-multiplicity
EXCLUDED (91,50,45,5): conference-numerator-nonzero
EXCLUDED (91,50,41,10): conference-numerator-nonzero
EXCLUDED (91,50,37,15): conference-numerator-nonzero
EXCLUDED (91,50,33,20): nonintegral-multiplicity
EXCLUDED (91,50,29,25): conference-numerator-nonzero
EXCLUDED (91,50,25,30): conference-numerator-nonzero
EXCLUDED (91,50,21,35): nonintegral-multiplicity
EXCLUDED (91,50,17,40): conference-numerator-nonzero
EXCLUDED (91,50,13,45): conference-numerator-nonzero
EXCLUDED (91,50,9,50): nonintegral-multiplicity
EXCLUDED (91,51,50,0): nonintegral-multiplicity
EXCLUDED (91,51,37,17): conference-numerator-nonzero
EXCLUDED (91,51,24,34): conference-numerator-nonzero
EXCLUDED (91,51,11,51): nonintegral-multiplicity
EXCLUDED (91,52,51,0): nonintegral-multiplicity
EXCLUDED (91,52,32,26): conference-numerator-nonzero
EXCLUDED (91,52,13,52): nonintegral-multiplicity
EXCLUDED (91,53,52,0): nonintegral-multiplicity
EXCLUDED (91,53,15,53): nonintegral-multiplicity
EXCLUDED (91,54,53,0): nonintegral-multiplicity
EXCLUDED (91,54,51,3): conference-numerator-nonzero
EXCLUDED (91,54,49,6): conference-numerator-nonzero
EXCLUDED (91,54,47,9): conference-numerator-nonzero
EXCLUDED (91,54,45,12): conference-numerator-nonzero
EXCLUDED (91,54,43,15): conference-numerator-nonzero
EXCLUDED (91,54,41,18): conference-numerator-nonzero
EXCLUDED (91,54,39,21): conference-numerator-nonzero
EXCLUDED (91,54,37,24): nonintegral-multiplicity
EXCLUDED (91,54,35,27): conference-numerator-nonzero
EXCLUDED (91,54,33,30): conference-numerator-nonzero
EXCLUDED (91,54,31,33): conference-numerator-nonzero
EXCLUDED (91,54,29,36): nonintegral-multiplicity
EXCLUDED (91,54,27,39): conference-numerator-nonzero
EXCLUDED (91,54,25,42): conference-numerator-nonzero
EXCLUDED (91,54,23,45): conference-numerator-nonzero
EXCLUDED (91,54,21,48): conference-numerator-nonzero
EXCLUDED (91,54,19,51): conference-numerator-nonzero
EXCLUDED (91,54,17,54): nonintegral-multiplicity
EXCLUDED (91,55,54,0): nonintegral-multiplicity
EXCLUDED (91,55,47,11): conference-numerator-nonzero
EXCLUDED (91,55,40,22): conference-numerator-nonzero
EXCLUDED (91,55,33,33): conference-numerator-nonzero
EXCLUDED (91,55,26,44): conference-numerator-nonzero
EXCLUDED (91,55,19,55): nonintegral-multiplicity
EXCLUDED (91,56,55,0): nonintegral-multiplicity
EXCLUDED (91,56,38,28): conference-numerator-nonzero
EXCLUDED (91,56,21,56): nonintegral-multiplicity
EXCLUDED (91,57,56,0): nonintegral-multiplicity
EXCLUDED (91,57,45,19): conference-numerator-nonzero
EXCLUDED (91,57,34,38): conference-numerator-nonzero
EXCLUDED (91,57,23,57): nonintegral-multiplicity
EXCLUDED (91,58,57,0): nonintegral-multiplicity
EXCLUDED (91,58,41,29): conference-numerator-nonzero
EXCLUDED (91,58,25,58): nonintegral-multiplicity
EXCLUDED (91,59,58,0): nonintegral-multiplicity
EXCLUDED (91,59,27,59): nonintegral-multiplicity
EXCLUDED (91,60,59,0): nonintegral-multiplicity
EXCLUDED (91,60,58,2): conference-numerator-nonzero
EXCLUDED (91,60,57,4): conference-numerator-nonzero
EXCLUDED (91,60,56,6): conference-numerator-nonzero
EXCLUDED (91,60,55,8): conference-numerator-nonzero
EXCLUDED (91,60,54,10): conference-numerator-nonzero
EXCLUDED (91,60,53,12): conference-numerator-nonzero
EXCLUDED (91,60,52,14): conference-numerator-nonzero
EXCLUDED (91,60,51,16): conference-numerator-nonzero
EXCLUDED (91,60,50,18): conference-numerator-nonzero
EXCLUDED (91,60,49,20): conference-numerator-nonzero
EXCLUDED (91,60,48,22): conference-numerator-nonzero
EXCLUDED (91,60,47,24): conference-numerator-nonzero
EXCLUDED (91,60,46,26): conference-numerator-nonzero
EXCLUDED (91,60,45,28): conference-numerator-nonzero
EXCLUDED (91,60,44,30): conference-numerator-nonzero
EXCLUDED (91,60,43,32): conference-numerator-nonzero
EXCLUDED (91,60,42,34): conference-numerator-nonzero
EXCLUDED (91,60,41,36): nonintegral-multiplicity
EXCLUDED (91,60,40,38): conference-numerator-nonzero
EXCLUDED (91,60,39,40): nonintegral-multiplicity
EXCLUDED (91,60,38,42): conference-numerator-nonzero
EXCLUDED (91,60,37,44): conference-numerator-nonzero
EXCLUDED (91,60,36,46): conference-numerator-nonzero
EXCLUDED (91,60,35,48): conference-numerator-nonzero
EXCLUDED (91,60,34,50): conference-numerator-nonzero
EXCLUDED (91,60,33,52): conference-numerator-nonzero
EXCLUDED (91,60,32,54): conference-numerator-nonzero
EXCLUDED (91,60,31,56): conference-numerator-nonzero
EXCLUDED (91,60,30,58): conference-numerator-nonzero
EXCLUDED (91,60,29,60): nonintegral-multiplicity
EXCLUDED (91,61,60,0): nonintegral-multiplicity
EXCLUDED (91,61,31,61): nonintegral-multiplicity
EXCLUDED (91,62,61,0): nonintegral-multiplicity
EXCLUDED (91,62,47,31): conference-numerator-nonzero
EXCLUDED (91,62,33,62): nonintegral-multiplicity
EXCLUDED (91,63,62,0): nonintegral-multiplicity
EXCLUDED (91,63,59,7): conference-numerator-nonzero
EXCLUDED (91,63,56,14): conference-numerator-nonzero
EXCLUDED (91,63,53,21): conference-numerator-nonzero
EXCLUDED (91,63,50,28): conference-numerator-nonzero
EXCLUDED (91,63,47,35): nonintegral-multiplicity
EXCLUDED (91,63,44,42): conference-numerator-nonzero
EXCLUDED (91,63,41,49): conference-numerator-nonzero
EXCLUDED (91,63,38,56): conference-numerator-nonzero
EXCLUDED (91,63,35,63): nonintegral-multiplicity
EXCLUDED (91,64,63,0): nonintegral-multiplicity
EXCLUDED (91,64,50,32): conference-numerator-nonzero
EXCLUDED (91,64,37,64): nonintegral-multiplicity
EXCLUDED (91,65,64,0): nonintegral-multiplicity
EXCLUDED (91,65,59,13): conference-numerator-nonzero
EXCLUDED (91,65,54,26): conference-numerator-nonzero
EXCLUDED (91,65,49,39): conference-numerator-nonzero
EXCLUDED (91,65,44,52): conference-numerator-nonzero
EXCLUDED (91,65,39,65): nonintegral-multiplicity
EXCLUDED (91,66,65,0): nonintegral-multiplicity
EXCLUDED (91,66,61,11): conference-numerator-nonzero
EXCLUDED (91,66,57,22): conference-numerator-nonzero
EXCLUDED (91,66,53,33): conference-numerator-nonzero
EXCLUDED (91,66,49,44): conference-numerator-nonzero
EXCLUDED (91,66,41,66): nonintegral-multiplicity
EXCLUDED (91,67,66,0): nonintegral-multiplicity
EXCLUDED (91,67,43,67): nonintegral-multiplicity
EXCLUDED (91,68,67,0): nonintegral-multiplicity
EXCLUDED (91,68,56,34): conference-numerator-nonzero
EXCLUDED (91,68,45,68): nonintegral-multiplicity
EXCLUDED (91,69,68,0): nonintegral-multiplicity
EXCLUDED (91,69,61,23): conference-numerator-nonzero
EXCLUDED (91,69,54,46): conference-numerator-nonzero
EXCLUDED (91,69,47,69): nonintegral-multiplicity
EXCLUDED (91,70,69,0): nonintegral-multiplicity
EXCLUDED (91,70,67,7): conference-numerator-nonzero
EXCLUDED (91,70,65,14): conference-numerator-nonzero
EXCLUDED (91,70,63,21): conference-numerator-nonzero
EXCLUDED (91,70,61,28): conference-numerator-nonzero
EXCLUDED (91,70,59,35): conference-numerator-nonzero
EXCLUDED (91,70,57,42): conference-numerator-nonzero
EXCLUDED (91,70,55,49): conference-numerator-nonzero
EXCLUDED (91,70,53,56): conference-numerator-nonzero
EXCLUDED (91,70,51,63): conference-numerator-nonzero
EXCLUDED (91,70,49,70): nonintegral-multiplicity
EXCLUDED (91,71,70,0): nonintegral-multiplicity
EXCLUDED (91,71,51,71): nonintegral-multiplicity
EXCLUDED (91,72,71,0): nonintegral-multiplicity
EXCLUDED (91,72,70,4): conference-numerator-nonzero
EXCLUDED (91,72,69,8): conference-numerator-nonzero
EXCLUDED (91,72,68,12): conference-numerator-nonzero
EXCLUDED (91,72,67,16): conference-numerator-nonzero
EXCLUDED (91,72,66,20): conference-numerator-nonzero
EXCLUDED (91,72,65,24): conference-numerator-nonzero
EXCLUDED (91,72,64,28): conference-numerator-nonzero
EXCLUDED (91,72,63,32): conference-numerator-nonzero
EXCLUDED (91,72,62,36): conference-numerator-nonzero
EXCLUDED (91,72,61,40): conference-numerator-nonzero
EXCLUDED (91,72,60,44): conference-numerator-nonzero
EXCLUDED (91,72,59,48): conference-numerator-nonzero
EXCLUDED (91,72,58,52): conference-numerator-nonzero
EXCLUDED (91,72,57,56): conference-numerator-nonzero
EXCLUDED (91,72,56,60): nonintegral-multiplicity
EXCLUDED (91,72,55,64): conference-numerator-nonzero
EXCLUDED (91,72,54,68): conference-numerator-nonzero
EXCLUDED (91,72,53,72): nonintegral-multiplicity
EXCLUDED (91,73,72,0): nonintegral-multiplicity
EXCLUDED (91,73,55,73): nonintegral-multiplicity
EXCLUDED (91,74,73,0): nonintegral-multiplicity
EXCLUDED (91,74,65,37): conference-numerator-nonzero
EXCLUDED (91,74,57,74): nonintegral-multiplicity
EXCLUDED (91,75,74,0): nonintegral-multiplicity
EXCLUDED (91,75,73,5): conference-numerator-nonzero
EXCLUDED (91,75,72,10): conference-numerator-nonzero
EXCLUDED (91,75,71,15): conference-numerator-nonzero
EXCLUDED (91,75,70,20): conference-numerator-nonzero
EXCLUDED (91,75,69,25): conference-numerator-nonzero
EXCLUDED (91,75,68,30): conference-numerator-nonzero
EXCLUDED (91,75,67,35): conference-numerator-nonzero
EXCLUDED (91,75,66,40): conference-numerator-nonzero
EXCLUDED (91,75,65,45): conference-numerator-nonzero
EXCLUDED (91,75,64,50): conference-numerator-nonzero
EXCLUDED (91,75,63,55): nonintegral-multiplicity
EXCLUDED (91,75,62,60): nonintegral-multiplicity
EXCLUDED (91,75,61,65): conference-numerator-nonzero
EXCLUDED (91,75,60,70): conference-numerator-nonzero
EXCLUDED (91,75,59,75): nonintegral-multiplicity
EXCLUDED (91,76,75,0): nonintegral-multiplicity
EXCLUDED (91,76,68,38): conference-numerator-nonzero
EXCLUDED (91,76,61,76): nonintegral-multiplicity
EXCLUDED (91,77,76,0): nonintegral-multiplicity
EXCLUDED (91,77,63,77): nonintegral-multiplicity
EXCLUDED (91,78,77,0): nonintegral-multiplicity
EXCLUDED (91,78,75,13): conference-numerator-nonzero
EXCLUDED (91,78,73,26): conference-numerator-nonzero
EXCLUDED (91,78,71,39): conference-numerator-nonzero
EXCLUDED (91,78,69,52): conference-numerator-nonzero
EXCLUDED (91,78,67,65): conference-numerator-nonzero
EXCLUDED (91,78,65,78): eigenvalue-sign
EXCLUDED (91,79,78,0): nonintegral-multiplicity
EXCLUDED (91,79,67,79): nonintegral-multiplicity
EXCLUDED (91,80,79,0): nonintegral-multiplicity
EXCLUDED (91,80,78,8): conference-numerator-nonzero
EXCLUDED (91,80,77,16): conference-numerator-nonzero
EXCLUDED (91,80,76,24): conference-numerator-nonzero
EXCLUDED (91,80,75,32): conference-numerator-nonzero
EXCLUDED (91,80,74,40): conference-numerator-nonzero
EXCLUDED (91,80,73,48): conference-numerator-nonzero
EXCLUDED (91,80,72,56): conference-numerator-nonzero
EXCLUDED (91,80,71,64): conference-numerator-nonzero
EXCLUDED (91,80,70,72): nonintegral-multiplicity
EXCLUDED (91,80,69,80): nonintegral-multiplicity
EXCLUDED (91,81,80,0): nonintegral-multiplicity
EXCLUDED (91,81,79,9): conference-numerator-nonzero
EXCLUDED (91,81,78,18): conference-numerator-nonzero
EXCLUDED (91,81,77,27): conference-numerator-nonzero
EXCLUDED (91,81,76,36): conference-numerator-nonzero
EXCLUDED (91,81,75,45): conference-numerator-nonzero
EXCLUDED (91,81,74,54): conference-numerator-nonzero
EXCLUDED (91,81,73,63): conference-numerator-nonzero
EXCLUDED (91,81,72,72): nonintegral-multiplicity
EXCLUDED (91,81,71,81): nonintegral-multiplicity
EXCLUDED (91,82,81,0): nonintegral-multiplicity
EXCLUDED (91,82,77,41): conference-numerator-nonzero
EXCLUDED (91,82,73,82): nonintegral-multiplicity
EXCLUDED (91,83,82,0): nonintegral-multiplicity
EXCLUDED (91,83,75,83): nonintegral-multiplicity
EXCLUDED (91,84,83,0): nonintegral-multiplicity
EXCLUDED (91,84,82,14): conference-numerator-nonzero
EXCLUDED (91,84,81,28): conference-numerator-nonzero
EXCLUDED (91,84,80,42): conference-numerator-nonzero
EXCLUDED (91,84,79,56): conference-numerator-nonzero
EXCLUDED (91,84,78,70): conference-numerator-nonzero
EXCLUDED (91,84,77,84): eigenvalue-sign
EXCLUDED (91,85,84,0): nonintegral-multiplicity
EXCLUDED (91,85,83,17): conference-numerator-nonzero
EXCLUDED (91,85,82,34): conference-numerator-nonzero
EXCLUDED (91,85,81,51): conference-numerator-nonzero
EXCLUDED (91,85,80,68): conference-numerator-nonzero
EXCLUDED (91,85,79,85): nonintegral-multiplicity
EXCLUDED (91,86,85,0): nonintegral-multiplicity
EXCLUDED (91,86,83,43): conference-numerator-nonzero
EXCLUDED (91,86,81,86): nonintegral-multiplicity
EXCLUDED (91,87,86,0): nonintegral-multiplicity
EXCLUDED (91,87,85,29): conference-numerator-nonzero
EXCLUDED (91,87,84,58): conference-numerator-nonzero
EXCLUDED (91,87,83,87): nonintegral-multiplicity
EXCLUDED (91,88,87,0): nonintegral-multiplicity
EXCLUDED (91,88,86,44): conference-numerator-nonzero
EXCLUDED (91,88,85,88): nonintegral-multiplicity
EXCLUDED (91,89,88,0): nonintegral-multiplicity
EXCLUDED (91,89,87,89): nonintegral-multiplicity
EXCLUDED (92,2,1,0): nonintegral-multiplicity
EXCLUDED (92,4,3,0): nonintegral-multiplicity
EXCLUDED (92,5,4,0): nonintegral-multiplicity
EXCLUDED (92,6,5,0): nonintegral-multiplicity
EXCLUDED (92,7,6,0): nonintegral-multiplicity
EXCLUDED (92,8,7,0): nonintegral-multiplicity
EXCLUDED (92,9,8,0): nonintegral-multiplicity
EXCLUDED (92,10,9,0): nonintegral-multiplicity
EXCLUDED (92,11,10,0): nonintegral-multiplicity
EXCLUDED (92,12,11,0): nonintegral-multiplicity
EXCLUDED (92,13,12,0): nonintegral-multiplicity
EXCLUDED (92,13,6,1): conference-numerator-nonzero
EXCLUDED (92,13,0,2): conference-numerator-nonzero
EXCLUDED (92,14,13,0): nonintegral-multiplicity
EXCLUDED (92,14,2,2): conference-numerator-nonzero
EXCLUDED (92,15,14,0): nonintegral-multiplicity
EXCLUDED (92,16,15,0): nonintegral-multiplicity
EXCLUDED (92,17,16,0): nonintegral-multiplicity
EXCLUDED (92,18,17,0): nonintegral-multiplicity
EXCLUDED (92,19,18,0): nonintegral-multiplicity
EXCLUDED (92,20,19,0): nonintegral-multiplicity
EXCLUDED (92,21,20,0): nonintegral-multiplicity
EXCLUDED (92,21,10,3): nonintegral-multiplicity
EXCLUDED (92,21,0,6): conference-numerator-nonzero
EXCLUDED (92,23,22,0): nonintegral-multiplicity
EXCLUDED (92,24,23,0): nonintegral-multiplicity
EXCLUDED (92,25,24,0): nonintegral-multiplicity
EXCLUDED (92,26,25,0): nonintegral-multiplicity
EXCLUDED (92,26,20,2): conference-numerator-nonzero
EXCLUDED (92,26,15,4): conference-numerator-nonzero
EXCLUDED (92,26,10,6): conference-numerator-nonzero
EXCLUDED (92,26,5,8): nonintegral-multiplicity
EXCLUDED (92,26,0,10): conference-numerator-nonzero
EXCLUDED (92,27,26,0): nonintegral-multiplicity
EXCLUDED (92,28,27,0): nonintegral-multiplicity
EXCLUDED (92,28,18,4): conference-numerator-nonzero
EXCLUDED (92,28,9,8): nonintegral-multiplicity
EXCLUDED (92,28,0,12): conference-numerator-nonzero
EXCLUDED (92,29,28,0): nonintegral-multiplicity
EXCLUDED (92,30,29,0): nonintegral-multiplicity
EXCLUDED (92,31,30,0): nonintegral-multiplicity
EXCLUDED (92,32,31,0): nonintegral-multiplicity
EXCLUDED (92,33,32,0): nonintegral-multiplicity
EXCLUDED (92,34,33,0): nonintegral-multiplicity
EXCLUDED (92,35,34,0): nonintegral-multiplicity
EXCLUDED (92,35,26,5): conference-numerator-nonzero
EXCLUDED (92,35,18,10): conference-numerator-nonzero
EXCLUDED (92,35,10,15): conference-numerator-nonzero
EXCLUDED (92,35,2,20): conference-numerator-nonzero
EXCLUDED (92,36,35,0): nonintegral-multiplicity
EXCLUDED (92,37,36,0): nonintegral-multiplicity
EXCLUDED (92,38,37,0): nonintegral-multiplicity
EXCLUDED (92,39,38,0): nonintegral-multiplicity
EXCLUDED (92,39,34,3): conference-numerator-nonzero
EXCLUDED (92,39,30,6): conference-numerator-nonzero
EXCLUDED (92,39,26,9): conference-numerator-nonzero
EXCLUDED (92,39,22,12): conference-numerator-nonzero
EXCLUDED (92,39,18,15): conference-numerator-nonzero
EXCLUDED (92,39,14,18): nonintegral-multiplicity
EXCLUDED (92,39,10,21): conference-numerator-nonzero
EXCLUDED (92,39,6,24): conference-numerator-nonzero
EXCLUDED (92,39,2,27): conference-numerator-nonzero
EXCLUDED (92,40,39,0): nonintegral-multiplicity
EXCLUDED (92,41,40,0): nonintegral-multiplicity
EXCLUDED (92,42,41,0): nonintegral-multiplicity
EXCLUDED (92,42,34,6): conference-numerator-nonzero
EXCLUDED (92,42,27,12): conference-numerator-nonzero
EXCLUDED (92,42,20,18): nonintegral-multiplicity
EXCLUDED (92,42,13,24): conference-numerator-nonzero
EXCLUDED (92,42,6,30): conference-numerator-nonzero
EXCLUDED (92,43,42,0): nonintegral-multiplicity
EXCLUDED (92,44,43,0): nonintegral-multiplicity
EXCLUDED (92,46,45,0): nonintegral-multiplicity
EXCLUDED (92,46,0,46): eigenvalue-sign
EXCLUDED (92,47,46,0): nonintegral-multiplicity
EXCLUDED (92,47,2,47): nonintegral-multiplicity
EXCLUDED (92,48,47,0): nonintegral-multiplicity
EXCLUDED (92,48,4,48): nonintegral-multiplicity
EXCLUDED (92,49,48,0): nonintegral-multiplicity
EXCLUDED (92,49,42,7): conference-numerator-nonzero
EXCLUDED (92,49,36,14): conference-numerator-nonzero
EXCLUDED (92,49,30,21): conference-numerator-nonzero
EXCLUDED (92,49,24,28): nonintegral-multiplicity
EXCLUDED (92,49,18,35): conference-numerator-nonzero
EXCLUDED (92,49,12,42): conference-numerator-nonzero
EXCLUDED (92,49,6,49): nonintegral-multiplicity
EXCLUDED (92,50,49,0): nonintegral-multiplicity
EXCLUDED (92,50,8,50): nonintegral-multiplicity
EXCLUDED (92,51,50,0): nonintegral-multiplicity
EXCLUDED (92,51,10,51): nonintegral-multiplicity
EXCLUDED (92,52,51,0): nonintegral-multiplicity
EXCLUDED (92,52,48,4): conference-numerator-nonzero
EXCLUDED (92,52,45,8): conference-numerator-nonzero
EXCLUDED (92,52,42,12): conference-numerator-nonzero
EXCLUDED (92,52,39,16): conference-numerator-nonzero
EXCLUDED (92,52,36,20): conference-numerator-nonzero
EXCLUDED (92,52,33,24): conference-numerator-nonzero
EXCLUDED (92,52,30,28): nonintegral-multiplicity
EXCLUDED (92,52,27,32): conference-numerator-nonzero
EXCLUDED (92,52,24,36): conference-numerator-nonzero
EXCLUDED (92,52,21,40): conference-numerator-nonzero
EXCLUDED (92,52,18,44): conference-numerator-nonzero
EXCLUDED (92,52,15,48): conference-numerator-nonzero
EXCLUDED (92,52,12,52): nonintegral-multiplicity
EXCLUDED (92,53,52,0): nonintegral-multiplicity
EXCLUDED (92,53,14,53): nonintegral-multiplicity
EXCLUDED (92,54,53,0): nonintegral-multiplicity
EXCLUDED (92,54,16,54): nonintegral-multiplicity
EXCLUDED (92,55,54,0): nonintegral-multiplicity
EXCLUDED (92,55,18,55): nonintegral-multiplicity
EXCLUDED (92,56,55,0): nonintegral-multiplicity
EXCLUDED (92,56,50,8): conference-numerator-nonzero
EXCLUDED (92,56,45,16): conference-numerator-nonzero
EXCLUDED (92,56,40,24): conference-numerator-nonzero
EXCLUDED (92,56,35,32): conference-numerator-nonzero
EXCLUDED (92,56,30,40): conference-numerator-nonzero
EXCLUDED (92,56,25,48): conference-numerator-nonzero
EXCLUDED (92,56,20,56): nonintegral-multiplicity
EXCLUDED (92,57,56,0): nonintegral-multiplicity
EXCLUDED (92,57,22,57): nonintegral-multiplicity
EXCLUDED (92,58,57,0): nonintegral-multiplicity
EXCLUDED (92,58,24,58): nonintegral-multiplicity
EXCLUDED (92,59,58,0): nonintegral-multiplicity
EXCLUDED (92,59,26,59): nonintegral-multiplicity
EXCLUDED (92,60,59,0): nonintegral-multiplicity
EXCLUDED (92,60,28,60): nonintegral-multiplicity
EXCLUDED (92,61,60,0): nonintegral-multiplicity
EXCLUDED (92,61,30,61): nonintegral-multiplicity
EXCLUDED (92,62,61,0): nonintegral-multiplicity
EXCLUDED (92,62,32,62): nonintegral-multiplicity
EXCLUDED (92,63,62,0): nonintegral-multiplicity
EXCLUDED (92,63,58,9): conference-numerator-nonzero
EXCLUDED (92,63,54,18): conference-numerator-nonzero
EXCLUDED (92,63,50,27): conference-numerator-nonzero
EXCLUDED (92,63,46,36): conference-numerator-nonzero
EXCLUDED (92,63,42,45): nonintegral-multiplicity
EXCLUDED (92,63,38,54): conference-numerator-nonzero
EXCLUDED (92,63,34,63): nonintegral-multiplicity
EXCLUDED (92,64,63,0): nonintegral-multiplicity
EXCLUDED (92,64,36,64): nonintegral-multiplicity
EXCLUDED (92,65,64,0): nonintegral-multiplicity
EXCLUDED (92,65,62,5): conference-numerator-nonzero
EXCLUDED (92,65,60,10): conference-numerator-nonzero
EXCLUDED (92,65,58,15): conference-numerator-nonzero
EXCLUDED (92,65,56,20): conference-numerator-nonzero
EXCLUDED (92,65,54,25): conference-numerator-nonzero
EXCLUDED (92,65,52,30): conference-numerator-nonzero
EXCLUDED (92,65,50,35): conference-numerator-nonzero
EXCLUDED (92,65,48,40): conference-numerator-nonzero
EXCLUDED (92,65,46,45): nonintegral-multiplicity
EXCLUDED (92,65,44,50): conference-numerator-nonzero
EXCLUDED (92,65,42,55): conference-numerator-nonzero
EXCLUDED (92,65,40,60): conference-numerator-nonzero
EXCLUDED (92,65,38,65): nonintegral-multiplicity
EXCLUDED (92,66,65,0): nonintegral-multiplicity
EXCLUDED (92,66,40,66): nonintegral-multiplicity
EXCLUDED (92,67,66,0): nonintegral-multiplicity
EXCLUDED (92,67,42,67): nonintegral-multiplicity
EXCLUDED (92,68,67,0): nonintegral-multiplicity
EXCLUDED (92,68,44,68): nonintegral-multiplicity
EXCLUDED (92,69,68,0): nonintegral-multiplicity
EXCLUDED (92,69,46,69): eigenvalue-sign
EXCLUDED (92,70,69,0): nonintegral-multiplicity
EXCLUDED (92,70,66,10): conference-numerator-nonzero
EXCLUDED (92,70,63,20): conference-numerator-nonzero
EXCLUDED (92,70,60,30): conference-numerator-nonzero
EXCLUDED (92,70,57,40): conference-numerator-nonzero
EXCLUDED (92,70,54,50): conference-numerator-nonzero
EXCLUDED (92,70,51,60): nonintegral-multiplicity
EXCLUDED (92,70,48,70): nonintegral-multiplicity
EXCLUDED (92,71,70,0): nonintegral-multiplicity
EXCLUDED (92,71,50,71): nonintegral-multiplicity
EXCLUDED (92,72,71,0): nonintegral-multiplicity
EXCLUDED (92,72,52,72): nonintegral-multiplicity
EXCLUDED (92,73,72,0): nonintegral-multiplicity
EXCLUDED (92,73,54,73): nonintegral-multiplicity
EXCLUDED (92,74,73,0): nonintegral-multiplicity
EXCLUDED (92,74,56,74): nonintegral-multiplicity
EXCLUDED (92,75,74,0): nonintegral-multiplicity
EXCLUDED (92,75,58,75): nonintegral-multiplicity
EXCLUDED (92,76,75,0): nonintegral-multiplicity
EXCLUDED (92,76,60,76): nonintegral-multiplicity
EXCLUDED (92,77,76,0): nonintegral-multiplicity
EXCLUDED (92,77,74,11): conference-numerator-nonzero
EXCLUDED (92,77,72,22): conference-numerator-nonzero
EXCLUDED (92,77,70,33): conference-numerator-nonzero
EXCLUDED (92,77,68,44): conference-numerator-nonzero
EXCLUDED (92,77,66,55): conference-numerator-nonzero
EXCLUDED (92,77,64,66): conference-numerator-nonzero
EXCLUDED (92,77,62,77): nonintegral-multiplicity
EXCLUDED (92,78,77,0): nonintegral-multiplicity
EXCLUDED (92,78,76,6): conference-numerator-nonzero
EXCLUDED (92,78,75,12): conference-numerator-nonzero
EXCLUDED (92,78,74,18): conference-numerator-nonzero
EXCLUDED (92,78,73,24): conference-numerator-nonzero
EXCLUDED (92,78,72,30): conference-numerator-nonzero
EXCLUDED (92,78,71,36): conference-numerator-nonzero
EXCLUDED (92,78,70,42): conference-numerator-nonzero
EXCLUDED (92,78,69,48): conference-numerator-nonzero
EXCLUDED (92,78,68,54): conference-numerator-nonzero
EXCLUDED (92,78,67,60): nonintegral-multiplicity
EXCLUDED (92,78,66,66): conference-numerator-nonzero
EXCLUDED (92,78,65,72): conference-numerator-nonzero
EXCLUDED (92,78,64,78): nonintegral-multiplicity
EXCLUDED (92,79,78,0): nonintegral-multiplicity
EXCLUDED (92,79,66,79): nonintegral-multiplicity
EXCLUDED (92,80,79,0): nonintegral-multiplicity
EXCLUDED (92,80,68,80): nonintegral-multiplicity
EXCLUDED (92,81,80,0): nonintegral-multiplicity
EXCLUDED (92,81,70,81): nonintegral-multiplicity
EXCLUDED (92,82,81,0): nonintegral-multiplicity
EXCLUDED (92,82,72,82): nonintegral-multiplicity
EXCLUDED (92,83,82,0): nonintegral-multiplicity
EXCLUDED (92,83,74,83): nonintegral-multiplicity
EXCLUDED (92,84,83,0): nonintegral-multiplicity
EXCLUDED (92,84,82,12): conference-numerator-nonzero
EXCLUDED (92,84,81,24): conference-numerator-nonzero
EXCLUDED (92,84,80,36): conference-numerator-nonzero
EXCLUDED (92,84,79,48): conference-numerator-nonzero
EXCLUDED (92,84,78,60): conference-numerator-nonzero
EXCLUDED (92,84,77,72): conference-numerator-nonzero
EXCLUDED (92,84,76,84): nonintegral-multiplicity
EXCLUDED (92,85,84,0): nonintegral-multiplicity
EXCLUDED (92,85,78,85): nonintegral-multiplicity
EXCLUDED (92,86,85,0): nonintegral-multiplicity
EXCLUDED (92,86,80,86): nonintegral-multiplicity
EXCLUDED (92,87,86,0): nonintegral-multiplicity
EXCLUDED (92,87,82,87): nonintegral-multiplicity
EXCLUDED (92,88,87,0): nonintegral-multiplicity
EXCLUDED (92,88,84,88): eigenvalue-sign
EXCLUDED (92,89,88,0): nonintegral-multiplicity
EXCLUDED (92,89,86,89): nonintegral-multiplicity
EXCLUDED (92,90,89,0): nonintegral-multiplicity
EXCLUDED (92,90,88,90): eigenvalue-sign
EXCLUDED (93,3,2,0): nonintegral-multiplicity
EXCLUDED (93,4,3,0): nonintegral-multiplicity
EXCLUDED (93,5,4,0): nonintegral-multiplicity
EXCLUDED (93,6,5,0): nonintegral-multiplicity
EXCLUDED (93,7,6,0): nonintegral-multiplicity
EXCLUDED (93,8,7,0): nonintegral-multiplicity
EXCLUDED (93,9,8,0): nonintegral-multiplicity
EXCLUDED (93,10,9,0): nonintegral-multiplicity
EXCLUDED (93,11,10,0): nonintegral-multiplicity
EXCLUDED (93,12,11,0): nonintegral-multiplicity
EXCLUDED (93,13,12,0): nonintegral-multiplicity
EXCLUDED (93,14,13,0): nonintegral-multiplicity
EXCLUDED (93,15,14,0): nonintegral-multiplicity
EXCLUDED (93,16,15,0): nonintegral-multiplicity
EXCLUDED (93,17,16,0): nonintegral-multiplicity
EXCLUDED (93,18,17,0): nonintegral-multiplicity
EXCLUDED (93,19,18,0): nonintegral-multiplicity
EXCLUDED (93,20,19,0): nonintegral-multiplicity
EXCLUDED (93,20,1,5): conference-numerator-nonzero
EXCLUDED (93,21,20,0): nonintegral-multiplicity
EXCLUDED (93,22,21,0): nonintegral-multiplicity
EXCLUDED (93,23,22,0): nonintegral-multiplicity
EXCLUDED (93,23,19,1): conference-numerator-nonzero
EXCLUDED (93,23,16,2): conference-numerator-nonzero
EXCLUDED (93,23,13,3): conference-numerator-nonzero
EXCLUDED (93,23,10,4): conference-numerator-nonzero
EXCLUDED (93,23,7,5): conference-numerator-nonzero
EXCLUDED (93,23,4,6): conference-numerator-nonzero
EXCLUDED (93,23,1,7): nonintegral-multiplicity
EXCLUDED (93,24,23,0): nonintegral-multiplicity
EXCLUDED (93,24,6,6): conference-numerator-nonzero
EXCLUDED (93,25,24,0): nonintegral-multiplicity
EXCLUDED (93,26,25,0): nonintegral-multiplicity
EXCLUDED (93,27,26,0): nonintegral-multiplicity
EXCLUDED (93,28,27,0): nonintegral-multiplicity
EXCLUDED (93,28,11,7): nonintegral-multiplicity
EXCLUDED (93,29,28,0): nonintegral-multiplicity
EXCLUDED (93,31,30,0): nonintegral-multiplicity
EXCLUDED (93,32,31,0): nonintegral-multiplicity
EXCLUDED (93,32,16,8): conference-numerator-nonzero
EXCLUDED (93,32,1,16): nonintegral-multiplicity
EXCLUDED (93,33,32,0): nonintegral-multiplicity
EXCLUDED (93,34,33,0): nonintegral-multiplicity
EXCLUDED (93,34,4,17): conference-numerator-nonzero
EXCLUDED (93,35,34,0): nonintegral-multiplicity
EXCLUDED (93,36,35,0): nonintegral-multiplicity
EXCLUDED (93,36,21,9): conference-numerator-nonzero
EXCLUDED (93,36,7,18): conference-numerator-nonzero
EXCLUDED (93,37,36,0): nonintegral-multiplicity
EXCLUDED (93,38,37,0): nonintegral-multiplicity
EXCLUDED (93,38,10,19): conference-numerator-nonzero
EXCLUDED (93,39,38,0): nonintegral-multiplicity
EXCLUDED (93,40,39,0): nonintegral-multiplicity
EXCLUDED (93,40,26,10): conference-numerator-nonzero
EXCLUDED (93,40,13,20): conference-numerator-nonzero
EXCLUDED (93,40,0,30): conference-numerator-nonzero
EXCLUDED (93,41,40,0): nonintegral-multiplicity
EXCLUDED (93,42,41,0): nonintegral-multiplicity
EXCLUDED (93,42,16,21): conference-numerator-nonzero
EXCLUDED (93,43,42,0): nonintegral-multiplicity
EXCLUDED (93,44,43,0): nonintegral-multiplicity
EXCLUDED (93,44,31,11): conference-numerator-nonzero
EXCLUDED (93,44,19,22): conference-numerator-nonzero
EXCLUDED (93,44,7,33): conference-numerator-nonzero
EXCLUDED (93,45,44,0): nonintegral-multiplicity
EXCLUDED (93,46,45,0): nonintegral-multiplicity
EXCLUDED (93,46,44,1): conference-numerator-nonzero
EXCLUDED (93,46,43,2): conference-numerator-nonzero
EXCLUDED (93,46,42,3): conference-numerator-nonzero
EXCLUDED (93,46,41,4): conference-numerator-nonzero
EXCLUDED (93,46,40,5): conference-numerator-nonzero
EXCLUDED (93,46,39,6): conference-numerator-nonzero
EXCLUDED (93,46,38,7): conference-numerator-nonzero
EXCLUDED (93,46,37,8): conference-numerator-nonzero
EXCLUDED (93,46,36,9): conference-numerator-nonzero
EXCLUDED (93,46,35,10): conference-numerator-nonzero
EXCLUDED (93,46,34,11): conference-numerator-nonzero
EXCLUDED (93,46,33,12): conference-numerator-nonzero
EXCLUDED (93,46,32,13): conference-numerator-nonzero
EXCLUDED (93,46,31,14): conference-numerator-nonzero
EXCLUDED (93,46,30,15): conference-numerator-nonzero
EXCLUDED (93,46,29,16): nonintegral-multiplicity
EXCLUDED (93,46,28,17): conference-numerator-nonzero
EXCLUDED (93,46,27,18): conference-numerator-nonzero
EXCLUDED (93,46,26,19): conference-numerator-nonzero
EXCLUDED (93,46,25,20): conference-numerator-nonzero
EXCLUDED (93,46,24,21): conference-numerator-nonzero
EXCLUDED (93,46,23,22): conference-numerator-nonzero
EXCLUDED (93,46,21,24): conference-numerator-nonzero
EXCLUDED (93,46,20,25): conference-numerator-nonzero
EXCLUDED (93,46,19,26): conference-numerator-nonzero
EXCLUDED (93,46,18,27): conference-numerator-nonzero
EXCLUDED (93,46,17,28): conference-numerator-nonzero
EXCLUDED (93,46,16,29): conference-numerator-nonzero
EXCLUDED (93,46,15,30): nonintegral-multiplicity
EXCLUDED (93,46,14,31): conference-numerator-nonzero
EXCLUDED (93,46,13,32): conference-numerator-nonzero
EXCLUDED (93,46,12,33): conference-numerator-nonzero
EXCLUDED (93,46,11,34): conference-numerator-nonzero
EXCLUDED (93,46,10,35): conference-numerator-nonzero
EXCLUDED (93,46,9,36): conference-numerator-nonzero
EXCLUDED (93,46,8,37): conference-numerator-nonzero
EXCLUDED (93,46,7,38): conference-numerator-nonzero
EXCLUDED (93,46,6,39): conference-numerator-nonzero
EXCLUDED (93,46,5,40): conference-numerator-nonzero
EXCLUDED (93,46,4,41): conference-numerator-nonzero
EXCLUDED (93,46,3,42): conference-numerator-nonzero
EXCLUDED (93,46,2,43): conference-numerator-nonzero
EXCLUDED (93,46,1,44): conference-numerator-nonzero
EXCLUDED (93,46,0,45): conference-numerator-nonzero
EXCLUDED (93,47,46,0): nonintegral-multiplicity
EXCLUDED (93,47,1,47): nonintegral-multiplicity
EXCLUDED (93,48,47,0): nonintegral-multiplicity
EXCLUDED (93,48,36,12): conference-numerator-nonzero
EXCLUDED (93,48,25,24): conference-numerator-nonzero
EXCLUDED (93,48,14,36): conference-numerator-nonzero
EXCLUDED (93,48,3,48): nonintegral-multiplicity
EXCLUDED (93,49,48,0): nonintegral-multiplicity
EXCLUDED (93,49,5,49): nonintegral-multiplicity
EXCLUDED (93,50,49,0): nonintegral-multiplicity
EXCLUDED (93,50,28,25): conference-numerator-nonzero
EXCLUDED (93,50,7,50): nonintegral-multiplicity
EXCLUDED (93,51,50,0): nonintegral-multiplicity
EXCLUDED (93,51,9,51): nonintegral-multiplicity
EXCLUDED (93,52,51,0): nonintegral-multiplicity
EXCLUDED (93,52,41,13): conference-numerator-nonzero
EXCLUDED (93,52,31,26): conference-numerator-nonzero
EXCLUDED (93,52,21,39): conference-numerator-nonzero
EXCLUDED (93,52,11,52): nonintegral-multiplicity
EXCLUDED (93,53,52,0): nonintegral-multiplicity
EXCLUDED (93,53,13,53): nonintegral-multiplicity
EXCLUDED (93,54,53,0): nonintegral-multiplicity
EXCLUDED (93,54,34,27): conference-numerator-nonzero
EXCLUDED (93,54,15,54): nonintegral-multiplicity
EXCLUDED (93,55,54,0): nonintegral-multiplicity
EXCLUDED (93,55,17,55): nonintegral-multiplicity
EXCLUDED (93,56,55,0): nonintegral-multiplicity
EXCLUDED (93,56,46,14): conference-numerator-nonzero
EXCLUDED (93,56,37,28): conference-numerator-nonzero
EXCLUDED (93,56,28,42): conference-numerator-nonzero
EXCLUDED (93,56,19,56): nonintegral-multiplicity
EXCLUDED (93,57,56,0): nonintegral-multiplicity
EXCLUDED (93,57,21,57): nonintegral-multiplicity
EXCLUDED (93,58,57,0): nonintegral-multiplicity
EXCLUDED (93,58,40,29): conference-numerator-nonzero
EXCLUDED (93,58,23,58): nonintegral-multiplicity
EXCLUDED (93,59,58,0): nonintegral-multiplicity
EXCLUDED (93,59,25,59): nonintegral-multiplicity
EXCLUDED (93,60,59,0): nonintegral-multiplicity
EXCLUDED (93,60,51,15): conference-numerator-nonzero
EXCLUDED (93,60,43,30): nonintegral-multiplicity
EXCLUDED (93,60,35,45): conference-numerator-nonzero
EXCLUDED (93,60,27,60): nonintegral-multiplicity
EXCLUDED (93,61,60,0): nonintegral-multiplicity
EXCLUDED (93,61,29,61): nonintegral-multiplicity
EXCLUDED (93,62,61,0): nonintegral-multiplicity
EXCLUDED (93,62,46,31): conference-numerator-nonzero
EXCLUDED (93,62,31,62): eigenvalue-sign
EXCLUDED (93,63,62,0): nonintegral-multiplicity
EXCLUDED (93,63,33,63): nonintegral-multiplicity
EXCLUDED (93,64,63,0): nonintegral-multiplicity
EXCLUDED (93,64,56,16): conference-numerator-nonzero
EXCLUDED (93,64,49,32): conference-numerator-nonzero
EXCLUDED (93,64,42,48): nonintegral-multiplicity
EXCLUDED (93,64,35,64): nonintegral-multiplicity
EXCLUDED (93,65,64,0): nonintegral-multiplicity
EXCLUDED (93,65,37,65): nonintegral-multiplicity
EXCLUDED (93,66,65,0): nonintegral-multiplicity
EXCLUDED (93,66,52,33): conference-numerator-nonzero
EXCLUDED (93,66,39,66): nonintegral-multiplicity
EXCLUDED (93,67,66,0): nonintegral-multiplicity
EXCLUDED (93,67,41,67): nonintegral-multiplicity
EXCLUDED (93,68,67,0): nonintegral-multiplicity
EXCLUDED (93,68,61,17): conference-numerator-nonzero
EXCLUDED (93,68,55,34): conference-numerator-nonzero
EXCLUDED (93,68,49,51): conference-numerator-nonzero
EXCLUDED (93,68,43,68): nonintegral-multiplicity
EXCLUDED (93,69,68,0): nonintegral-multiplicity
EXCLUDED (93,69,67,3): conference-numerator-nonzero
EXCLUDED (93,69,66,6): conference-numerator-nonzero
EXCLUDED (93,69,65,9): conference-numerator-nonzero
EXCLUDED (93,69,64,12): conference-numerator-nonzero
EXCLUDED (93,69,63,15): conference-numerator-nonzero
EXCLUDED (93,69,62,18): conference-numerator-nonzero
EXCLUDED (93,69,61,21): conference-numerator-nonzero
EXCLUDED (93,69,60,24): conference-numerator-nonzero
EXCLUDED (93,69,59,27): conference-numerator-nonzero
EXCLUDED (93,69,58,30): conference-numerator-nonzero
EXCLUDED (93,69,57,33): conference-numerator-nonzero
EXCLUDED (93,69,56,36): conference-numerator-nonzero
EXCLUDED (93,69,55,39): conference-numerator-nonzero
EXCLUDED (93,69,54,42): conference-numerator-nonzero
EXCLUDED (93,69,53,45): conference-numerator-nonzero
EXCLUDED (93,69,52,48): nonintegral-multiplicity
EXCLUDED (93,69,51,51): conference-numerator-nonzero
EXCLUDED (93,69,50,54): conference-numerator-nonzero
EXCLUDED (93,69,49,57): conference-numerator-nonzero
EXCLUDED (93,69,48,60): conference-numerator-nonzero
EXCLUDED (93,69,47,63): conference-numerator-nonzero
EXCLUDED (93,69,46,66): conference-numerator-nonzero
EXCLUDED (93,69,45,69): nonintegral-multiplicity
EXCLUDED (93,70,69,0): nonintegral-multiplicity
EXCLUDED (93,70,58,35): conference-numerator-nonzero
EXCLUDED (93,70,47,70): nonintegral-multiplicity
EXCLUDED (93,71,70,0): nonintegral-multiplicity
EXCLUDED (93,71,49,71): nonintegral-multiplicity
EXCLUDED (93,72,71,0): nonintegral-multiplicity
EXCLUDED (93,72,66,18): conference-numerator-nonzero
EXCLUDED (93,72,61,36): conference-numerator-nonzero
EXCLUDED (93,72,56,54): conference-numerator-nonzero
EXCLUDED (93,72,51,72): nonintegral-multiplicity
EXCLUDED (93,73,72,0): nonintegral-multiplicity
EXCLUDED (93,73,53,73): nonintegral-multiplicity
EXCLUDED (93,74,73,0): nonintegral-multiplicity
EXCLUDED (93,74,64,37): conference-numerator-nonzero
EXCLUDED (93,74,55,74): nonintegral-multiplicity
EXCLUDED (93,75,74,0): nonintegral-multiplicity
EXCLUDED (93,75,57,75): nonintegral-multiplicity
EXCLUDED (93,76,75,0): nonintegral-multiplicity
EXCLUDED (93,76,71,19): conference-numerator-nonzero
EXCLUDED (93,76,67,38): conference-numerator-nonzero
EXCLUDED (93,76,63,57): conference-numerator-nonzero
EXCLUDED (93,76,59,76): nonintegral-multiplicity
EXCLUDED (93,77,76,0): nonintegral-multiplicity
EXCLUDED (93,77,61,77): nonintegral-multiplicity
EXCLUDED (93,78,77,0): nonintegral-multiplicity
EXCLUDED (93,78,70,39): conference-numerator-nonzero
EXCLUDED (93,78,63,78): nonintegral-multiplicity
EXCLUDED (93,79,78,0): nonintegral-multiplicity
EXCLUDED (93,79,65,79): nonintegral-multiplicity
EXCLUDED (93,80,79,0): nonintegral-multiplicity
EXCLUDED (93,80,76,20): conference-numerator-nonzero
EXCLUDED (93,80,73,40): conference-numerator-nonzero
EXCLUDED (93,80,70,60): conference-numerator-nonzero
EXCLUDED (93,80,67,80): nonintegral-multiplicity
EXCLUDED (93,81,80,0): nonintegral-multiplicity
EXCLUDED (93,81,69,81): nonintegral-multiplicity
EXCLUDED (93,82,81,0): nonintegral-multiplicity
EXCLUDED (93,82,76,41): conference-numerator-nonzero
EXCLUDED (93,82,71,82): nonintegral-multiplicity
EXCLUDED (93,83,82,0): nonintegral-multiplicity
EXCLUDED (93,83,73,83): nonintegral-multiplicity
EXCLUDED (93,84,83,0): nonintegral-multiplicity
EXCLUDED (93,84,81,21): conference-numerator-nonzero
EXCLUDED (93,84,79,42): conference-numerator-nonzero
EXCLUDED (93,84,77,63): conference-numerator-nonzero
EXCLUDED (93,84,75,84): nonintegral-multiplicity
EXCLUDED (93,85,84,0): nonintegral-multiplicity
EXCLUDED (93,85,77,85): nonintegral-multiplicity
EXCLUDED (93,86,85,0): nonintegral-multiplicity
EXCLUDED (93,86,82,43): conference-numerator-nonzero
EXCLUDED (93,86,79,86): nonintegral-multiplicity
EXCLUDED (93,87,86,0): nonintegral-multiplicity
EXCLUDED (93,87,81,87): nonintegral-multiplicity
EXCLUDED (93,88,87,0): nonintegral-multiplicity
EXCLUDED (93,88,86,22): conference-numerator-nonzero
EXCLUDED (93,88,85,44): conference-numerator-nonzero
EXCLUDED (93,88,84,66): conference-numerator-nonzero
EXCLUDED (93,88,83,88): nonintegral-multiplicity
EXCLUDED (93,89,88,0): nonintegral-multiplicity
EXCLUDED (93,89,85,89): nonintegral-multiplicity
EXCLUDED (93,90,89,0): nonintegral-multiplicity
EXCLUDED (93,90,88,45): conference-numerator-nonzero
EXCLUDED (93,90,87,90): eigenvalue-sign
EXCLUDED (93,91,90,0): nonintegral-multiplicity
EXCLUDED (93,91,89,91): nonintegral-multiplicity
EXCLUDED (94,2,1,0): nonintegral-multiplicity
EXCLUDED (94,3,2,0): nonintegral-multiplicity
EXCLUDED (94,4,3,0): nonintegral-multiplicity
EXCLUDED (94,5,4,0): nonintegral-multiplicity
EXCLUDED (94,6,5,0): nonintegral-multiplicity
EXCLUDED (94,7,6,0): nonintegral-multiplicity
EXCLUDED (94,8,7,0): nonintegral-multiplicity
EXCLUDED (94,9,8,0): nonintegral-multiplicity
EXCLUDED (94,10,9,0): nonintegral-multiplicity
EXCLUDED (94,11,10,0): nonintegral-multiplicity
EXCLUDED (94,12,11,0): nonintegral-multiplicity
EXCLUDED (94,13,12,0): nonintegral-multiplicity
EXCLUDED (94,14,13,0): nonintegral-multiplicity
EXCLUDED (94,15,14,0): nonintegral-multiplicity
EXCLUDED (94,16,15,0): nonintegral-multiplicity
EXCLUDED (94,17,16,0): nonintegral-multiplicity
EXCLUDED (94,18,17,0): nonintegral-multiplicity
EXCLUDED (94,19,18,0): nonintegral-multiplicity
EXCLUDED (94,20,19,0): nonintegral-multiplicity
EXCLUDED (94,21,20,0): nonintegral-multiplicity
EXCLUDED (94,22,21,0): nonintegral-multiplicity
EXCLUDED (94,23,22,0): nonintegral-multiplicity
EXCLUDED (94,24,23,0): nonintegral-multiplicity
EXCLUDED (94,24,0,8): conference-numerator-nonzero
EXCLUDED (94,25,24,0): nonintegral-multiplicity
EXCLUDED (94,26,25,0): nonintegral-multiplicity
EXCLUDED (94,27,26,0): nonintegral-multiplicity
EXCLUDED (94,27,4,9): conference-numerator-nonzero
EXCLUDED (94,28,27,0): nonintegral-multiplicity
EXCLUDED (94,29,28,0): nonintegral-multiplicity
EXCLUDED (94,30,29,0): nonintegral-multiplicity
EXCLUDED (94,30,8,10): conference-numerator-nonzero
EXCLUDED (94,31,30,0): nonintegral-multiplicity
EXCLUDED (94,31,28,1): conference-numerator-nonzero
EXCLUDED (94,31,26,2): conference-numerator-nonzero
EXCLUDED (94,31,24,3): conference-numerator-nonzero
EXCLUDED (94,31,22,4): conference-numerator-nonzero
EXCLUDED (94,31,20,5): conference-numerator-nonzero
EXCLUDED (94,31,18,6): conference-numerator-nonzero
EXCLUDED (94,31,16,7): conference-numerator-nonzero
EXCLUDED (94,31,14,8): conference-numerator-nonzero
EXCLUDED (94,31,12,9): conference-numerator-nonzero
EXCLUDED (94,31,10,10): conference-numerator-nonzero
EXCLUDED (94,31,8,11): conference-numerator-nonzero
EXCLUDED (94,31,6,12): conference-numerator-nonzero
EXCLUDED (94,31,4,13): conference-numerator-nonzero
EXCLUDED (94,31,2,14): conference-numerator-nonzero
EXCLUDED (94,31,0,15): nonintegral-multiplicity
EXCLUDED (94,32,31,0): nonintegral-multiplicity
EXCLUDED (94,33,32,0): nonintegral-multiplicity
EXCLUDED (94,33,12,11): conference-numerator-nonzero
EXCLUDED (94,34,33,0): nonintegral-multiplicity
EXCLUDED (94,35,34,0): nonintegral-multiplicity
EXCLUDED (94,36,35,0): nonintegral-multiplicity
EXCLUDED (94,36,16,12): conference-numerator-nonzero
EXCLUDED (94,37,36,0): nonintegral-multiplicity
EXCLUDED (94,38,37,0): nonintegral-multiplicity
EXCLUDED (94,39,38,0): nonintegral-multiplicity
EXCLUDED (94,39,20,13): conference-numerator-nonzero
EXCLUDED (94,39,2,26): conference-numerator-nonzero
EXCLUDED (94,40,39,0): nonintegral-multiplicity
EXCLUDED (94,41,40,0): nonintegral-multiplicity
EXCLUDED (94,42,41,0): nonintegral-multiplicity
EXCLUDED (94,42,24,14): conference-numerator-nonzero
EXCLUDED (94,42,7,28): conference-numerator-nonzero
EXCLUDED (94,43,42,0): nonintegral-multiplicity
EXCLUDED (94,44,43,0): nonintegral-multiplicity
EXCLUDED (94,45,44,0): nonintegral-multiplicity
EXCLUDED (94,45,28,15): nonintegral-multiplicity
EXCLUDED (94,45,12,30): conference-numerator-nonzero
EXCLUDED (94,47,46,0): nonintegral-multiplicity
EXCLUDED (94,47,0,47): eigenvalue-sign
EXCLUDED (94,48,47,0): nonintegral-multiplicity
EXCLUDED (94,48,32,16): conference-numerator-nonzero
EXCLUDED (94,48,17,32): nonintegral-multiplicity
EXCLUDED (94,48,2,48): nonintegral-multiplicity
EXCLUDED (94,49,48,0): nonintegral-multiplicity
EXCLUDED (94,49,4,49): nonintegral-multiplicity
EXCLUDED (94,50,49,0): nonintegral-multiplicity
EXCLUDED (94,50,6,50): nonintegral-multiplicity
EXCLUDED (94,51,50,0): nonintegral-multiplicity
EXCLUDED (94,51,36,17): conference-numerator-nonzero
EXCLUDED (94,51,22,34): conference-numerator-nonzero
EXCLUDED (94,51,8,51): nonintegral-multiplicity
EXCLUDED (94,52,51,0): nonintegral-multiplicity
EXCLUDED (94,52,10,52): nonintegral-multiplicity
EXCLUDED (94,53,52,0): nonintegral-multiplicity
EXCLUDED (94,53,12,53): nonintegral-multiplicity
EXCLUDED (94,54,53,0): nonintegral-multiplicity
EXCLUDED (94,54,40,18): conference-numerator-nonzero
EXCLUDED (94,54,27,36): conference-numerator-nonzero
EXCLUDED (94,54,14,54): nonintegral-multiplicity
EXCLUDED (94,55,54,0): nonintegral-multiplicity
EXCLUDED (94,55,16,55): nonintegral-multiplicity
EXCLUDED (94,56,55,0): nonintegral-multiplicity
EXCLUDED (94,56,18,56): nonintegral-multiplicity
EXCLUDED (94,57,56,0): nonintegral-multiplicity
EXCLUDED (94,57,44,19): conference-numerator-nonzero
EXCLUDED (94,57,32,38): conference-numerator-nonzero
EXCLUDED (94,57,20,57): nonintegral-multiplicity
EXCLUDED (94,58,57,0): nonintegral-multiplicity
EXCLUDED (94,58,22,58): nonintegral-multiplicity
EXCLUDED (94,59,58,0): nonintegral-multiplicity
EXCLUDED (94,59,24,59): nonintegral-multiplicity
EXCLUDED (94,60,59,0): nonintegral-multiplicity
EXCLUDED (94,60,48,20): conference-numerator-nonzero
EXCLUDED (94,60,37,40): conference-numerator-nonzero
EXCLUDED (94,60,26,60): nonintegral-multiplicity
EXCLUDED (94,61,60,0): nonintegral-multiplicity
EXCLUDED (94,61,28,61): nonintegral-multiplicity
EXCLUDED (94,62,61,0): nonintegral-multiplicity
EXCLUDED (94,62,60,2): conference-numerator-nonzero
EXCLUDED (94,62,59,4): conference-numerator-nonzero
EXCLUDED (94,62,58,6): conference-numerator-nonzero
EXCLUDED (94,62,57,8): conference-numerator-nonzero
EXCLUDED (94,62,56,10): conference-numerator-nonzero
EXCLUDED (94,62,55,12): conference-numerator-nonzero
EXCLUDED (94,62,54,14): conference-numerator-nonzero
EXCLUDED (94,62,53,16): conference-numerator-nonzero
EXCLUDED (94,62,52,18): conference-numerator-nonzero
EXCLUDED (94,62,51,20): conference-numerator-nonzero
EXCLUDED (94,62,50,22): conference-numerator-nonzero
EXCLUDED (94,62,49,24): conference-numerator-nonzero
EXCLUDED (94,62,48,26): conference-numerator-nonzero
EXCLUDED (94,62,47,28): conference-numerator-nonzero
EXCLUDED (94,62,46,30): conference-numerator-nonzero
EXCLUDED (94,62,45,32): nonintegral-multiplicity
EXCLUDED (94,62,44,34): conference-numerator-nonzero
EXCLUDED (94,62,43,36): conference-numerator-nonzero
EXCLUDED (94,62,42,38): conference-numerator-nonzero
EXCLUDED (94,62,41,40): conference-numerator-nonzero
EXCLUDED (94,62,40,42): conference-numerator-nonzero
EXCLUDED (94,62,39,44): conference-numerator-nonzero
EXCLUDED (94,62,38,46): conference-numerator-nonzero
EXCLUDED (94,62,37,48): conference-numerator-nonzero
EXCLUDED (94,62,36,50): conference-numerator-nonzero
EXCLUDED (94,62,35,52): conference-numerator-nonzero
EXCLUDED (94,62,34,54): conference-numerator-nonzero
EXCLUDED (94,62,33,56): conference-numerator-nonzero
EXCLUDED (94,62,32,58): conference-numerator-nonzero
EXCLUDED (94,62,31,60): conference-numerator-nonzero
EXCLUDED (94,62,30,62): nonintegral-multiplicity
EXCLUDED (94,63,62,0): nonintegral-multiplicity
EXCLUDED (94,63,52,21): conference-numerator-nonzero
EXCLUDED (94,63,42,42): conference-numerator-nonzero
EXCLUDED (94,63,32,63): nonintegral-multiplicity
EXCLUDED (94,64,63,0): nonintegral-multiplicity
EXCLUDED (94,64,34,64): nonintegral-multiplicity
EXCLUDED (94,65,64,0): nonintegral-multiplicity
EXCLUDED (94,65,36,65): nonintegral-multiplicity
EXCLUDED (94,66,65,0): nonintegral-multiplicity
EXCLUDED (94,66,56,22): conference-numerator-nonzero
EXCLUDED (94,66,47,44): conference-numerator-nonzero
EXCLUDED (94,66,38,66): nonintegral-multiplicity
EXCLUDED (94,67,66,0): nonintegral-multiplicity
EXCLUDED (94,67,40,67): nonintegral-multiplicity
EXCLUDED (94,68,67,0): nonintegral-multiplicity
EXCLUDED (94,68,42,68): nonintegral-multiplicity
EXCLUDED (94,69,68,0): nonintegral-multiplicity
EXCLUDED (94,69,60,23): conference-numerator-nonzero
EXCLUDED (94,69,52,46): conference-numerator-nonzero
EXCLUDED (94,69,44,69): nonintegral-multiplicity
EXCLUDED (94,70,69,0): nonintegral-multiplicity
EXCLUDED (94,70,46,70): nonintegral-multiplicity
EXCLUDED (94,71,70,0): nonintegral-multiplicity
EXCLUDED (94,71,48,71): nonintegral-multiplicity
EXCLUDED (94,72,71,0): nonintegral-multiplicity
EXCLUDED (94,72,64,24): conference-numerator-nonzero
EXCLUDED (94,72,57,48): conference-numerator-nonzero
EXCLUDED (94,72,50,72): nonintegral-multiplicity
EXCLUDED (94,73,72,0): nonintegral-multiplicity
EXCLUDED (94,73,52,73): nonintegral-multiplicity
EXCLUDED (94,74,73,0): nonintegral-multiplicity
EXCLUDED (94,74,54,74): nonintegral-multiplicity
EXCLUDED (94,75,74,0): nonintegral-multiplicity
EXCLUDED (94,75,68,25): conference-numerator-nonzero
EXCLUDED (94,75,62,50): conference-numerator-nonzero
EXCLUDED (94,75,56,75): nonintegral-multiplicity
EXCLUDED (94,76,75,0): nonintegral-multiplicity
EXCLUDED (94,76,58,76): nonintegral-multiplicity
EXCLUDED (94,77,76,0): nonintegral-multiplicity
EXCLUDED (94,77,60,77): nonintegral-multiplicity
EXCLUDED (94,78,77,0): nonintegral-multiplicity
EXCLUDED (94,78,72,26): conference-numerator-nonzero
EXCLUDED (94,78,67,52): conference-numerator-nonzero
EXCLUDED (94,78,62,78): nonintegral-multiplicity
EXCLUDED (94,79,78,0): nonintegral-multiplicity
EXCLUDED (94,79,64,79): nonintegral-multiplicity
EXCLUDED (94,80,79,0): nonintegral-multiplicity
EXCLUDED (94,80,66,80): nonintegral-multiplicity
EXCLUDED (94,81,80,0): nonintegral-multiplicity
EXCLUDED (94,81,76,27): conference-numerator-nonzero
EXCLUDED (94,81,72,54): conference-numerator-nonzero
EXCLUDED (94,81,68,81): nonintegral-multiplicity
EXCLUDED (94,82,81,0): nonintegral-multiplicity
EXCLUDED (94,82,70,82): nonintegral-multiplicity
EXCLUDED (94,83,82,0): nonintegral-multiplicity
EXCLUDED (94,83,72,83): nonintegral-multiplicity
EXCLUDED (94,84,83,0): nonintegral-multiplicity
EXCLUDED (94,84,80,28): conference-numerator-nonzero
EXCLUDED (94,84,77,56): conference-numerator-nonzero
EXCLUDED (94,84,74,84): nonintegral-multiplicity
EXCLUDED (94,85,84,0): nonintegral-multiplicity
EXCLUDED (94,85,76,85): nonintegral-multiplicity
EXCLUDED (94,86,85,0): nonintegral-multiplicity
EXCLUDED (94,86,78,86): nonintegral-multiplicity
EXCLUDED (94,87,86,0): nonintegral-multiplicity
EXCLUDED (94,87,84,29): conference-numerator-nonzero
EXCLUDED (94,87,82,58): conference-numerator-nonzero
EXCLUDED (94,87,80,87): nonintegral-multiplicity
EXCLUDED (94,88,87,0): nonintegral-multiplicity
EXCLUDED (94,88,82,88): nonintegral-multiplicity
EXCLUDED (94,89,88,0): nonintegral-multiplicity
EXCLUDED (94,89,84,89): nonintegral-multiplicity
EXCLUDED (94,90,89,0): nonintegral-multiplicity
EXCLUDED (94,90,88,30): conference-numerator-nonzero
EXCLUDED (94,90,87,60): conference-numerator-nonzero
EXCLUDED (94,90,86,90): nonintegral-multiplicity
EXCLUDED (94,91,90,0): nonintegral-multiplicity
EXCLUDED (94,91,88,91): nonintegral-multiplicity
EXCLUDED (94,92,91,0): nonintegral-multiplicity
EXCLUDED (94,92,90,92): eigenvalue-sign
EXCLUDED (95,2,1,0): nonintegral-multiplicity
EXCLUDED (95,3,2,0): nonintegral-multiplicity
EXCLUDED (95,5,4,0): nonintegral-multiplicity
EXCLUDED (95,6,5,0): nonintegral-multiplicity
EXCLUDED (95,7,6,0): nonintegral-multiplicity
EXCLUDED (95,8,7,0): nonintegral-multiplicity
EXCLUDED (95,9,8,0): nonintegral-multiplicity
EXCLUDED (95,10,9,0): nonintegral-multiplicity
EXCLUDED (95,11,10,0): nonintegral-multiplicity
EXCLUDED (95,12,11,0): nonintegral-multiplicity
EXCLUDED (95,13,12,0): nonintegral-multiplicity
EXCLUDED (95,14,13,0): nonintegral-multiplicity
EXCLUDED (95,15,14,0): nonintegral-multiplicity
EXCLUDED (95,16,15,0): nonintegral-multiplicity
EXCLUDED (95,17,16,0): nonintegral-multiplicity
EXCLUDED (95,19,18,0): nonintegral-multiplicity
EXCLUDED (95,20,19,0): nonintegral-multiplicity
EXCLUDED (95,21,20,0): nonintegral-multiplicity
EXCLUDED (95,22,21,0): nonintegral-multiplicity
EXCLUDED (95,23,22,0): nonintegral-multiplicity
EXCLUDED (95,24,23,0): nonintegral-multiplicity
EXCLUDED (95,25,24,0): nonintegral-multiplicity
EXCLUDED (95,26,25,0): nonintegral-multiplicity
EXCLUDED (95,27,26,0): nonintegral-multiplicity
EXCLUDED (95,28,27,0): nonintegral-multiplicity
EXCLUDED (95,29,28,0): nonintegral-multiplicity
EXCLUDED (95,30,29,0): nonintegral-multiplicity
EXCLUDED (95,31,30,0): nonintegral-multiplicity
EXCLUDED (95,32,31,0): nonintegral-multiplicity
EXCLUDED (95,32,0,16): conference-numerator-nonzero
EXCLUDED (95,33,32,0): nonintegral-multiplicity
EXCLUDED (95,34,33,0): nonintegral-multiplicity
EXCLUDED (95,34,3,17): conference-numerator-nonzero
EXCLUDED (95,35,34,0): nonintegral-multiplicity
EXCLUDED (95,36,35,0): nonintegral-multiplicity
EXCLUDED (95,36,6,18): conference-numerator-nonzero
EXCLUDED (95,37,36,0): nonintegral-multiplicity
EXCLUDED (95,38,37,0): nonintegral-multiplicity
EXCLUDED (95,38,9,19): conference-numerator-nonzero
EXCLUDED (95,39,38,0): nonintegral-multiplicity
EXCLUDED (95,40,39,0): nonintegral-multiplicity
EXCLUDED (95,41,40,0): nonintegral-multiplicity
EXCLUDED (95,42,41,0): nonintegral-multiplicity
EXCLUDED (95,42,15,21): conference-numerator-nonzero
EXCLUDED (95,43,42,0): nonintegral-multiplicity
EXCLUDED (95,44,43,0): nonintegral-multiplicity
EXCLUDED (95,44,18,22): conference-numerator-nonzero
EXCLUDED (95,45,44,0): nonintegral-multiplicity
EXCLUDED (95,46,45,0): nonintegral-multiplicity
EXCLUDED (95,46,21,23): conference-numerator-nonzero
EXCLUDED (95,47,46,0): nonintegral-multiplicity
EXCLUDED (95,47,45,1): conference-numerator-nonzero
EXCLUDED (95,47,44,2): conference-numerator-nonzero
EXCLUDED (95,47,43,3): conference-numerator-nonzero
EXCLUDED (95,47,42,4): conference-numerator-nonzero
EXCLUDED (95,47,41,5): conference-numerator-nonzero
EXCLUDED (95,47,40,6): conference-numerator-nonzero
EXCLUDED (95,47,39,7): conference-numerator-nonzero
EXCLUDED (95,47,38,8): conference-numerator-nonzero
EXCLUDED (95,47,37,9): conference-numerator-nonzero
EXCLUDED (95,47,36,10): conference-numerator-nonzero
EXCLUDED (95,47,35,11): conference-numerator-nonzero
EXCLUDED (95,47,34,12): conference-numerator-nonzero
EXCLUDED (95,47,33,13): conference-numerator-nonzero
EXCLUDED (95,47,32,14): conference-numerator-nonzero
EXCLUDED (95,47,31,15): conference-numerator-nonzero
EXCLUDED (95,47,30,16): conference-numerator-nonzero
EXCLUDED (95,47,29,17): conference-numerator-nonzero
EXCLUDED (95,47,28,18): conference-numerator-nonzero
EXCLUDED (95,47,27,19): conference-numerator-nonzero
EXCLUDED (95,47,26,20): nonintegral-multiplicity
EXCLUDED (95,47,25,21): conference-numerator-nonzero
EXCLUDED (95,47,24,22): conference-numerator-nonzero
EXCLUDED (95,47,23,23): conference-numerator-nonzero
EXCLUDED (95,47,22,24): conference-numerator-nonzero
EXCLUDED (95,47,21,25): conference-numerator-nonzero
EXCLUDED (95,47,20,26): conference-numerator-nonzero
EXCLUDED (95,47,19,27): nonintegral-multiplicity
EXCLUDED (95,47,18,28): conference-numerator-nonzero
EXCLUDED (95,47,17,29): conference-numerator-nonzero
EXCLUDED (95,47,16,30): conference-numerator-nonzero
EXCLUDED (95,47,15,31): conference-numerator-nonzero
EXCLUDED (95,47,14,32): conference-numerator-nonzero
EXCLUDED (95,47,13,33): conference-numerator-nonzero
EXCLUDED (95,47,12,34): conference-numerator-nonzero
EXCLUDED (95,47,11,35): conference-numerator-nonzero
EXCLUDED (95,47,10,36): conference-numerator-nonzero
EXCLUDED (95,47,9,37): conference-numerator-nonzero
EXCLUDED (95,47,8,38): conference-numerator-nonzero
EXCLUDED (95,47,7,39): conference-numerator-nonzero
EXCLUDED (95,47,6,40): conference-numerator-nonzero
EXCLUDED (95,47,5,41): conference-numerator-nonzero
EXCLUDED (95,47,4,42): conference-numerator-nonzero
EXCLUDED (95,47,3,43): conference-numerator-nonzero
EXCLUDED (95,47,2,44): conference-numerator-nonzero
EXCLUDED (95,47,1,45): conference-numerator-nonzero
EXCLUDED (95,47,0,46): conference-numerator-nonzero
EXCLUDED (95,48,47,0): nonintegral-multiplicity
EXCLUDED (95,48,24,24): conference-numerator-nonzero
EXCLUDED (95,48,1,48): nonintegral-multiplicity
EXCLUDED (95,49,48,0): nonintegral-multiplicity
EXCLUDED (95,49,3,49): nonintegral-multiplicity
EXCLUDED (95,50,49,0): nonintegral-multiplicity
EXCLUDED (95,50,27,25): conference-numerator-nonzero
EXCLUDED (95,50,5,50): nonintegral-multiplicity
EXCLUDED (95,51,50,0): nonintegral-multiplicity
EXCLUDED (95,51,7,51): nonintegral-multiplicity
EXCLUDED (95,52,51,0): nonintegral-multiplicity
EXCLUDED (95,52,30,26): conference-numerator-nonzero
EXCLUDED (95,52,9,52): nonintegral-multiplicity
EXCLUDED (95,53,52,0): nonintegral-multiplicity
EXCLUDED (95,53,11,53): nonintegral-multiplicity
EXCLUDED (95,54,53,0): nonintegral-multiplicity
EXCLUDED (95,54,13,54): nonintegral-multiplicity
EXCLUDED (95,55,54,0): nonintegral-multiplicity
EXCLUDED (95,55,15,55): nonintegral-multiplicity
EXCLUDED (95,56,55,0): nonintegral-multiplicity
EXCLUDED (95,56,36,28): conference-numerator-nonzero
EXCLUDED (95,56,17,56): nonintegral-multiplicity
EXCLUDED (95,57,56,0): nonintegral-multiplicity
EXCLUDED (95,57,19,57): nonintegral-multiplicity
EXCLUDED (95,58,57,0): nonintegral-multiplicity
EXCLUDED (95,58,39,29): conference-numerator-nonzero
EXCLUDED (95,58,21,58): nonintegral-multiplicity
EXCLUDED (95,59,58,0): nonintegral-multiplicity
EXCLUDED (95,59,23,59): nonintegral-multiplicity
EXCLUDED (95,60,59,0): nonintegral-multiplicity
EXCLUDED (95,60,42,30): conference-numerator-nonzero
EXCLUDED (95,60,25,60): nonintegral-multiplicity
EXCLUDED (95,61,60,0): nonintegral-multiplicity
EXCLUDED (95,61,27,61): nonintegral-multiplicity
EXCLUDED (95,62,61,0): nonintegral-multiplicity
EXCLUDED (95,62,45,31): conference-numerator-nonzero
EXCLUDED (95,62,29,62): nonintegral-multiplicity
EXCLUDED (95,63,62,0): nonintegral-multiplicity
EXCLUDED (95,63,31,63): nonintegral-multiplicity
EXCLUDED (95,64,63,0): nonintegral-multiplicity
EXCLUDED (95,64,48,32): conference-numerator-nonzero
EXCLUDED (95,64,33,64): nonintegral-multiplicity
EXCLUDED (95,65,64,0): nonintegral-multiplicity
EXCLUDED (95,65,35,65): nonintegral-multiplicity
EXCLUDED (95,66,65,0): nonintegral-multiplicity
EXCLUDED (95,66,51,33): conference-numerator-nonzero
EXCLUDED (95,66,37,66): nonintegral-multiplicity
EXCLUDED (95,67,66,0): nonintegral-multiplicity
EXCLUDED (95,67,39,67): nonintegral-multiplicity
EXCLUDED (95,68,67,0): nonintegral-multiplicity
EXCLUDED (95,68,54,34): conference-numerator-nonzero
EXCLUDED (95,68,41,68): nonintegral-multiplicity
EXCLUDED (95,69,68,0): nonintegral-multiplicity
EXCLUDED (95,69,43,69): nonintegral-multiplicity
EXCLUDED (95,70,69,0): nonintegral-multiplicity
EXCLUDED (95,70,57,35): conference-numerator-nonzero
EXCLUDED (95,70,45,70): nonintegral-multiplicity
EXCLUDED (95,71,70,0): nonintegral-multiplicity
EXCLUDED (95,71,47,71): nonintegral-multiplicity
EXCLUDED (95,72,71,0): nonintegral-multiplicity
EXCLUDED (95,72,60,36): conference-numerator-nonzero
EXCLUDED (95,72,49,72): nonintegral-multiplicity
EXCLUDED (95,73,72,0): nonintegral-multiplicity
EXCLUDED (95,73,51,73): nonintegral-multiplicity
EXCLUDED (95,74,73,0): nonintegral-multiplicity
EXCLUDED (95,74,63,37): conference-numerator-nonzero
EXCLUDED (95,74,53,74): nonintegral-multiplicity
EXCLUDED (95,75,74,0): nonintegral-multiplicity
EXCLUDED (95,75,55,75): nonintegral-multiplicity
EXCLUDED (95,76,75,0): nonintegral-multiplicity
EXCLUDED (95,76,66,38): conference-numerator-nonzero
EXCLUDED (95,76,57,76): eigenvalue-sign
EXCLUDED (95,77,76,0): nonintegral-multiplicity
EXCLUDED (95,77,59,77): nonintegral-multiplicity
EXCLUDED (95,78,77,0): nonintegral-multiplicity
EXCLUDED (95,78,69,39): conference-numerator-nonzero
EXCLUDED (95,78,61,78): nonintegral-multiplicity
EXCLUDED (95,79,78,0): nonintegral-multiplicity
EXCLUDED (95,79,63,79): nonintegral-multiplicity
EXCLUDED (95,80,79,0): nonintegral-multiplicity
EXCLUDED (95,80,72,40): conference-numerator-nonzero
EXCLUDED (95,80,65,80): nonintegral-multiplicity
EXCLUDED (95,81,80,0): nonintegral-multiplicity
EXCLUDED (95,81,67,81): nonintegral-multiplicity
EXCLUDED (95,82,81,0): nonintegral-multiplicity
EXCLUDED (95,82,75,41): conference-numerator-nonzero
EXCLUDED (95,82,69,82): nonintegral-multiplicity
EXCLUDED (95,83,82,0): nonintegral-multiplicity
EXCLUDED (95,83,71,83): nonintegral-multiplicity
EXCLUDED (95,84,83,0): nonintegral-multiplicity
EXCLUDED (95,84,78,42): conference-numerator-nonzero
EXCLUDED (95,84,73,84): nonintegral-multiplicity
EXCLUDED (95,85,84,0): nonintegral-multiplicity
EXCLUDED (95,85,75,85): nonintegral-multiplicity
EXCLUDED (95,86,85,0): nonintegral-multiplicity
EXCLUDED (95,86,81,43): conference-numerator-nonzero
EXCLUDED (95,86,77,86): nonintegral-multiplicity
EXCLUDED (95,87,86,0): nonintegral-multiplicity
EXCLUDED (95,87,79,87): nonintegral-multiplicity
EXCLUDED (95,88,87,0): nonintegral-multiplicity
EXCLUDED (95,88,84,44): conference-numerator-nonzero
EXCLUDED (95,88,81,88): nonintegral-multiplicity
EXCLUDED (95,89,88,0): nonintegral-multiplicity
EXCLUDED (95,89,83,89): nonintegral-multiplicity
EXCLUDED (95,90,89,0): nonintegral-multiplicity
EXCLUDED (95,90,87,45): conference-numerator-nonzero
EXCLUDED (95,90,85,90): eigenvalue-sign
EXCLUDED (95,91,90,0): nonintegral-multiplicity
EXCLUDED (95,91,87,91): nonintegral-multiplicity
EXCLUDED (95,92,91,0): nonintegral-multiplicity
EXCLUDED (95,92,90,46): conference-numerator-nonzero
EXCLUDED (95,92,89,92): nonintegral-multiplicity
EXCLUDED (95,93,92,0): nonintegral-multiplicity
EXCLUDED (95,93,91,93): nonintegral-multiplicity
EXCLUDED (96,4,3,0): nonintegral-multiplicity
EXCLUDED (96,6,5,0): nonintegral-multiplicity
EXCLUDED (96,8,7,0): nonintegral-multiplicity
EXCLUDED (96,9,8,0): nonintegral-multiplicity
EXCLUDED (96,10,9,0): nonintegral-multiplicity
EXCLUDED (96,12,11,0): nonintegral-multiplicity
EXCLUDED (96,13,12,0): nonintegral-multiplicity
EXCLUDED (96,14,13,0): nonintegral-multiplicity
EXCLUDED (96,16,15,0): nonintegral-multiplicity
EXCLUDED (96,17,16,0): nonintegral-multiplicity
EXCLUDED (96,18,17,0): nonintegral-multiplicity
EXCLUDED (96,19,18,0): nonintegral-multiplicity
EXCLUDED (96,19,14,1): conference-numerator-nonzero
EXCLUDED (96,19,10,2): conference-numerator-nonzero
EXCLUDED (96,19,6,3): conference-numerator-nonzero
EXCLUDED (96,20,19,0): nonintegral-multiplicity
EXCLUDED (96,21,20,0): nonintegral-multiplicity
EXCLUDED (96,22,21,0): nonintegral-multiplicity
EXCLUDED (96,24,23,0): nonintegral-multiplicity
EXCLUDED (96,25,24,0): nonintegral-multiplicity
EXCLUDED (96,25,10,5): conference-numerator-nonzero
EXCLUDED (96,26,25,0): nonintegral-multiplicity
EXCLUDED (96,27,26,0): nonintegral-multiplicity
EXCLUDED (96,28,27,0): nonintegral-multiplicity
EXCLUDED (96,29,28,0): nonintegral-multiplicity
EXCLUDED (96,30,29,0): nonintegral-multiplicity
EXCLUDED (96,30,16,6): nonintegral-multiplicity
EXCLUDED (96,30,3,12): conference-numerator-nonzero
EXCLUDED (96,32,31,0): nonintegral-multiplicity
EXCLUDED (96,33,32,0): nonintegral-multiplicity
EXCLUDED (96,34,33,0): nonintegral-multiplicity
EXCLUDED (96,35,34,0): nonintegral-multiplicity
EXCLUDED (96,35,22,7): conference-numerator-nonzero
EXCLUDED (96,36,35,0): nonintegral-multiplicity
EXCLUDED (96,37,36,0): nonintegral-multiplicity
EXCLUDED (96,38,37,0): nonintegral-multiplicity
EXCLUDED (96,38,34,2): conference-numerator-nonzero
EXCLUDED (96,38,31,4): conference-numerator-nonzero
EXCLUDED (96,38,28,6): conference-numerator-nonzero
EXCLUDED (96,38,25,8): conference-numerator-nonzero
EXCLUDED (96,38,22,10): nonintegral-multiplicity
EXCLUDED (96,38,19,12): conference-numerator-nonzero
EXCLUDED (96,38,16,14): nonintegral-multiplicity
EXCLUDED (96,38,13,16): conference-numerator-nonzero
EXCLUDED (96,38,7,20): conference-numerator-nonzero
EXCLUDED (96,38,4,22): conference-numerator-nonzero
EXCLUDED (96,38,1,24): conference-numerator-nonzero
EXCLUDED (96,39,38,0): nonintegral-multiplicity
EXCLUDED (96,40,39,0): nonintegral-multiplicity
EXCLUDED (96,40,28,8): conference-numerator-nonzero
EXCLUDED (96,40,17,16): conference-numerator-nonzero
EXCLUDED (96,40,6,24): conference-numerator-nonzero
EXCLUDED (96,41,40,0): nonintegral-multiplicity
EXCLUDED (96,42,41,0): nonintegral-multiplicity
EXCLUDED (96,43,42,0): nonintegral-multiplicity
EXCLUDED (96,44,43,0): nonintegral-multiplicity
EXCLUDED (96,45,44,0): nonintegral-multiplicity
EXCLUDED (96,45,34,9): conference-numerator-nonzero
EXCLUDED (96,45,14,27): conference-numerator-nonzero
EXCLUDED (96,45,4,36): conference-numerator-nonzero
EXCLUDED (96,46,45,0): nonintegral-multiplicity
EXCLUDED (96,48,47,0): nonintegral-multiplicity
EXCLUDED (96,48,0,48): eigenvalue-sign
EXCLUDED (96,49,48,0): nonintegral-multiplicity
EXCLUDED (96,49,2,49): nonintegral-multiplicity
EXCLUDED (96,50,49,0): nonintegral-multiplicity
EXCLUDED (96,50,40,10): conference-numerator-nonzero
EXCLUDED (96,50,31,20): conference-numerator-nonzero
EXCLUDED (96,50,13,40): conference-numerator-nonzero
EXCLUDED (96,50,4,50): nonintegral-multiplicity
EXCLUDED (96,51,50,0): nonintegral-multiplicity
EXCLUDED (96,51,6,51): nonintegral-multiplicity
EXCLUDED (96,52,51,0): nonintegral-multiplicity
EXCLUDED (96,52,8,52): nonintegral-multiplicity
EXCLUDED (96,53,52,0): nonintegral-multiplicity
EXCLUDED (96,53,10,53): nonintegral-multiplicity
EXCLUDED (96,54,53,0): nonintegral-multiplicity
EXCLUDED (96,54,12,54): nonintegral-multiplicity
EXCLUDED (96,55,54,0): nonintegral-multiplicity
EXCLUDED (96,55,46,11): conference-numerator-nonzero
EXCLUDED (96,55,38,22): conference-numerator-nonzero
EXCLUDED (96,55,30,33): conference-numerator-nonzero
EXCLUDED (96,55,22,44): conference-numerator-nonzero
EXCLUDED (96,55,14,55): nonintegral-multiplicity
EXCLUDED (96,56,55,0): nonintegral-multiplicity
EXCLUDED (96,56,16,56): nonintegral-multiplicity
EXCLUDED (96,57,56,0): nonintegral-multiplicity
EXCLUDED (96,57,54,3): conference-numerator-nonzero
EXCLUDED (96,57,52,6): conference-numerator-nonzero
EXCLUDED (96,57,50,9): conference-numerator-nonzero
EXCLUDED (96,57,48,12): conference-numerator-nonzero
EXCLUDED (96,57,46,15): conference-numerator-nonzero
EXCLUDED (96,57,44,18): conference-numerator-nonzero
EXCLUDED (96,57,42,21): conference-numerator-nonzero
EXCLUDED (96,57,40,24): conference-numerator-nonzero
EXCLUDED (96,57,38,27): conference-numerator-nonzero
EXCLUDED (96,57,34,33): conference-numerator-nonzero
EXCLUDED (96,57,32,36): nonintegral-multiplicity
EXCLUDED (96,57,30,39): conference-numerator-nonzero
EXCLUDED (96,57,28,42): nonintegral-multiplicity
EXCLUDED (96,57,26,45): conference-numerator-nonzero
EXCLUDED (96,57,24,48): conference-numerator-nonzero
EXCLUDED (96,57,22,51): conference-numerator-nonzero
EXCLUDED (96,57,20,54): conference-numerator-nonzero
EXCLUDED (96,57,18,57): nonintegral-multiplicity
EXCLUDED (96,58,57,0): nonintegral-multiplicity
EXCLUDED (96,58,20,58): nonintegral-multiplicity
EXCLUDED (96,59,58,0): nonintegral-multiplicity
EXCLUDED (96,59,22,59): nonintegral-multiplicity
EXCLUDED (96,60,59,0): nonintegral-multiplicity
EXCLUDED (96,60,52,12): conference-numerator-nonzero
EXCLUDED (96,60,45,24): conference-numerator-nonzero
EXCLUDED (96,60,31,48): conference-numerator-nonzero
EXCLUDED (96,60,24,60): nonintegral-multiplicity
EXCLUDED (96,61,60,0): nonintegral-multiplicity
EXCLUDED (96,61,26,61): nonintegral-multiplicity
EXCLUDED (96,62,61,0): nonintegral-multiplicity
EXCLUDED (96,62,28,62): nonintegral-multiplicity
EXCLUDED (96,63,62,0): nonintegral-multiplicity
EXCLUDED (96,63,30,63): nonintegral-multiplicity
EXCLUDED (96,64,63,0): nonintegral-multiplicity
EXCLUDED (96,64,32,64): eigenvalue-sign
EXCLUDED (96,65,64,0): nonintegral-multiplicity
EXCLUDED (96,65,58,13): conference-numerator-nonzero
EXCLUDED (96,65,52,26): conference-numerator-nonzero
EXCLUDED (96,65,46,39): conference-numerator-nonzero
EXCLUDED (96,65,40,52): nonintegral-multiplicity
EXCLUDED (96,65,34,65): nonintegral-multiplicity
EXCLUDED (96,66,65,0): nonintegral-multiplicity
EXCLUDED (96,66,36,66): nonintegral-multiplicity
EXCLUDED (96,67,66,0): nonintegral-multiplicity
EXCLUDED (96,67,38,67): nonintegral-multiplicity
EXCLUDED (96,68,67,0): nonintegral-multiplicity
EXCLUDED (96,68,40,68): nonintegral-multiplicity
EXCLUDED (96,69,68,0): nonintegral-multiplicity
EXCLUDED (96,69,42,69): nonintegral-multiplicity
EXCLUDED (96,70,69,0): nonintegral-multiplicity
EXCLUDED (96,70,64,14): conference-numerator-nonzero
EXCLUDED (96,70,59,28): conference-numerator-nonzero
EXCLUDED (96,70,54,42): nonintegral-multiplicity
EXCLUDED (96,70,49,56): conference-numerator-nonzero
EXCLUDED (96,70,44,70): nonintegral-multiplicity
EXCLUDED (96,71,70,0): nonintegral-multiplicity
EXCLUDED (96,71,46,71): nonintegral-multiplicity
EXCLUDED (96,72,71,0): nonintegral-multiplicity
EXCLUDED (96,72,48,72): eigenvalue-sign
EXCLUDED (96,73,72,0): nonintegral-multiplicity
EXCLUDED (96,73,50,73): nonintegral-multiplicity
EXCLUDED (96,74,73,0): nonintegral-multiplicity
EXCLUDED (96,74,52,74): nonintegral-multiplicity
EXCLUDED (96,75,74,0): nonintegral-multiplicity
EXCLUDED (96,75,70,15): conference-numerator-nonzero
EXCLUDED (96,75,66,30): conference-numerator-nonzero
EXCLUDED (96,75,62,45): conference-numerator-nonzero
EXCLUDED (96,75,54,75): nonintegral-multiplicity
EXCLUDED (96,76,75,0): nonintegral-multiplicity
EXCLUDED (96,76,74,4): conference-numerator-nonzero
EXCLUDED (96,76,73,8): conference-numerator-nonzero
EXCLUDED (96,76,72,12): conference-numerator-nonzero
EXCLUDED (96,76,71,16): conference-numerator-nonzero
EXCLUDED (96,76,70,20): conference-numerator-nonzero
EXCLUDED (96,76,69,24): conference-numerator-nonzero
EXCLUDED (96,76,68,28): conference-numerator-nonzero
EXCLUDED (96,76,67,32): conference-numerator-nonzero
EXCLUDED (96,76,66,36): conference-numerator-nonzero
EXCLUDED (96,76,65,40): conference-numerator-nonzero
EXCLUDED (96,76,64,44): conference-numerator-nonzero
EXCLUDED (96,76,63,48): conference-numerator-nonzero
EXCLUDED (96,76,62,52): nonintegral-multiplicity
EXCLUDED (96,76,61,56): conference-numerator-nonzero
EXCLUDED (96,76,59,64): conference-numerator-nonzero
EXCLUDED (96,76,58,68): conference-numerator-nonzero
EXCLUDED (96,76,57,72): conference-numerator-nonzero
EXCLUDED (96,76,56,76): nonintegral-multiplicity
EXCLUDED (96,77,76,0): nonintegral-multiplicity
EXCLUDED (96,77,58,77): nonintegral-multiplicity
EXCLUDED (96,78,77,0): nonintegral-multiplicity
EXCLUDED (96,78,60,78): nonintegral-multiplicity
EXCLUDED (96,79,78,0): nonintegral-multiplicity
EXCLUDED (96,79,62,79): nonintegral-multiplicity
EXCLUDED (96,80,79,0): nonintegral-multiplicity
EXCLUDED (96,80,76,16): conference-numerator-nonzero
EXCLUDED (96,80,73,32): conference-numerator-nonzero
EXCLUDED (96,80,70,48): conference-numerator-nonzero
EXCLUDED (96,80,67,64): conference-numerator-nonzero
EXCLUDED (96,80,64,80): eigenvalue-sign
EXCLUDED (96,81,80,0): nonintegral-multiplicity
EXCLUDED (96,81,66,81): nonintegral-multiplicity
EXCLUDED (96,82,81,0): nonintegral-multiplicity
EXCLUDED (96,82,68,82): nonintegral-multiplicity
EXCLUDED (96,83,82,0): nonintegral-multiplicity
EXCLUDED (96,83,70,83): nonintegral-multiplicity
EXCLUDED (96,84,83,0): nonintegral-multiplicity
EXCLUDED (96,84,72,84): eigenvalue-sign
EXCLUDED (96,85,84,0): nonintegral-multiplicity
EXCLUDED (96,85,82,17): conference-numerator-nonzero
EXCLUDED (96,85,80,34): conference-numerator-nonzero
EXCLUDED (96,85,78,51): conference-numerator-nonzero
EXCLUDED (96,85,76,68): conference-numerator-nonzero
EXCLUDED (96,85,74,85): nonintegral-multiplicity
EXCLUDED (96,86,85,0): nonintegral-multiplicity
EXCLUDED (96,86,76,86): nonintegral-multiplicity
EXCLUDED (96,87,86,0): nonintegral-multiplicity
EXCLUDED (96,87,78,87): nonintegral-multiplicity
EXCLUDED (96,88,87,0): nonintegral-multiplicity
EXCLUDED (96,88,80,88): eigenvalue-sign
EXCLUDED (96,89,88,0): nonintegral-multiplicity
EXCLUDED (96,89,82,89): nonintegral-multiplicity
EXCLUDED (96,90,89,0): nonintegral-multiplicity
EXCLUDED (96,90,88,18): conference-numerator-nonzero
EXCLUDED (96,90,87,36): conference-numerator-nonzero
EXCLUDED (96,90,86,54): conference-numerator-nonzero
EXCLUDED (96,90,85,72): conference-numerator-nonzero
EXCLUDED (96,90,84,90): eigenvalue-sign
EXCLUDED (96,91,90,0): nonintegral-multiplicity
EXCLUDED (96,91,86,91): nonintegral-multiplicity
EXCLUDED (96,92,91,0): nonintegral-multiplicity
EXCLUDED (96,92,88,92): eigenvalue-sign
EXCLUDED (96,93,92,0): nonintegral-multiplicity
EXCLUDED (96,93,90,93): eigenvalue-sign
EXCLUDED (96,94,93,0): nonintegral-multiplicity
EXCLUDED (96,94,92,94): eigenvalue-sign
EXCLUDED (97,2,1,0): nonintegral-multiplicity
EXCLUDED (97,3,2,0): nonintegral-multiplicity
EXCLUDED (97,4,3,0): nonintegral-multiplicity
EXCLUDED (97,5,4,0): nonintegral-multiplicity
EXCLUDED (97,6,5,0): nonintegral-multiplicity
EXCLUDED (97,7,6,0): nonintegral-multiplicity
EXCLUDED (97,8,7,0): nonintegral-multiplicity
EXCLUDED (97,9,8,0): nonintegral-multiplicity
EXCLUDED (97,10,9,0): nonintegral-multiplicity
EXCLUDED (97,11,10,0): nonintegral-multiplicity
EXCLUDED (97,12,11,0): nonintegral-multiplicity
EXCLUDED (97,12,4,1): conference-numerator-nonzero
EXCLUDED (97,13,12,0): nonintegral-multiplicity
EXCLUDED (97,14,13,0): nonintegral-multiplicity
EXCLUDED (97,15,14,0): nonintegral-multiplicity
EXCLUDED (97,16,15,0): nonintegral-multiplicity
EXCLUDED (97,16,10,1): conference-numerator-nonzero
EXCLUDED (97,16,5,2): conference-numerator-nonzero
EXCLUDED (97,16,0,3): conference-numerator-nonzero
EXCLUDED (97,17,16,0): nonintegral-multiplicity
EXCLUDED (97,18,17,0): nonintegral-multiplicity
EXCLUDED (97,18,4,3): conference-numerator-nonzero
EXCLUDED (97,19,18,0): nonintegral-multiplicity
EXCLUDED (97,20,19,0): nonintegral-multiplicity
EXCLUDED (97,20,0,5): conference-numerator-nonzero
EXCLUDED (97,21,20,0): nonintegral-multiplicity
EXCLUDED (97,22,21,0): nonintegral-multiplicity
EXCLUDED (97,23,22,0): nonintegral-multiplicity
EXCLUDED (97,24,23,0): nonintegral-multiplicity
EXCLUDED (97,24,20,1): conference-numerator-nonzero
EXCLUDED (97,24,17,2): conference-numerator-nonzero
EXCLUDED (97,24,14,3): conference-numerator-nonzero
EXCLUDED (97,24,11,4): conference-numerator-nonzero
EXCLUDED (97,24,8,5): conference-numerator-nonzero
EXCLUDED (97,24,5,6): conference-numerator-nonzero
EXCLUDED (97,24,2,7): conference-numerator-nonzero
EXCLUDED (97,25,24,0): nonintegral-multiplicity
EXCLUDED (97,26,25,0): nonintegral-multiplicity
EXCLUDED (97,27,26,0): nonintegral-multiplicity
EXCLUDED (97,27,3,9): conference-numerator-nonzero
EXCLUDED (97,28,27,0): nonintegral-multiplicity
EXCLUDED (97,28,10,7): conference-numerator-nonzero
EXCLUDED (97,29,28,0): nonintegral-multiplicity
EXCLUDED (97,30,29,0): nonintegral-multiplicity
EXCLUDED (97,30,18,5): conference-numerator-nonzero
EXCLUDED (97,30,7,10): conference-numerator-nonzero
EXCLUDED (97,31,30,0): nonintegral-multiplicity
EXCLUDED (97,32,31,0): nonintegral-multiplicity
EXCLUDED (97,32,29,1): conference-numerator-nonzero
EXCLUDED (97,32,27,2): conference-numerator-nonzero
EXCLUDED (97,32,25,3): conference-numerator-nonzero
EXCLUDED (97,32,23,4): conference-numerator-nonzero
EXCLUDED (97,32,21,5): conference-numerator-nonzero
EXCLUDED (97,32,19,6): conference-numerator-nonzero
EXCLUDED (97,32,17,7): conference-numerator-nonzero
EXCLUDED (97,32,15,8): conference-numerator-nonzero
EXCLUDED (97,32,13,9): conference-numerator-nonzero
EXCLUDED (97,32,11,10): conference-numerator-nonzero
EXCLUDED (97,32,9,11): conference-numerator-nonzero
EXCLUDED (97,32,7,12): conference-numerator-nonzero
EXCLUDED (97,32,5,13): conference-numerator-nonzero
EXCLUDED (97,32,3,14): conference-numerator-nonzero
EXCLUDED (97,32,1,15): conference-numerator-nonzero
EXCLUDED (97,33,32,0): nonintegral-multiplicity
EXCLUDED (97,33,11,11): conference-numerator-nonzero
EXCLUDED (97,34,33,0): nonintegral-multiplicity
EXCLUDED (97,34,2,17): conference-numerator-nonzero
EXCLUDED (97,35,34,0): nonintegral-multiplicity
EXCLUDED (97,36,35,0): nonintegral-multiplicity
EXCLUDED (97,36,30,3): conference-numerator-nonzero
EXCLUDED (97,36,25,6): conference-numerator-nonzero
EXCLUDED (97,36,20,9): conference-numerator-nonzero
EXCLUDED (97,36,15,12): conference-numerator-nonzero
EXCLUDED (97,36,10,15): conference-numerator-nonzero
EXCLUDED (97,36,5,18): conference-numerator-nonzero
EXCLUDED (97,36,0,21): conference-numerator-nonzero
EXCLUDED (97,37,36,0): nonintegral-multiplicity
EXCLUDED (97,38,37,0): nonintegral-multiplicity
EXCLUDED (97,38,8,19): conference-numerator-nonzero
EXCLUDED (97,39,38,0): nonintegral-multiplicity
EXCLUDED (97,39,19,13): conference-numerator-nonzero
EXCLUDED (97,39,0,26): conference-numerator-nonzero
EXCLUDED (97,40,39,0): nonintegral-multiplicity
EXCLUDED (97,40,32,5): conference-numerator-nonzero
EXCLUDED (97,40,25,10): conference-numerator-nonzero
EXCLUDED (97,40,18,15): conference-numerator-nonzero
EXCLUDED (97,40,11,20): conference-numerator-nonzero
EXCLUDED (97,40,4,25): conference-numerator-nonzero
EXCLUDED (97,41,40,0): nonintegral-multiplicity
EXCLUDED (97,42,41,0): nonintegral-multiplicity
EXCLUDED (97,42,32,7): conference-numerator-nonzero
EXCLUDED (97,42,23,14): conference-numerator-nonzero
EXCLUDED (97,42,14,21): conference-numerator-nonzero
EXCLUDED (97,42,5,28): conference-numerator-nonzero
EXCLUDED (97,43,42,0): nonintegral-multiplicity
EXCLUDED (97,44,43,0): nonintegral-multiplicity
EXCLUDED (97,44,30,11): conference-numerator-nonzero
EXCLUDED (97,44,17,22): conference-numerator-nonzero
EXCLUDED (97,44,4,33): conference-numerator-nonzero
EXCLUDED (97,45,44,0): nonintegral-multiplicity
EXCLUDED (97,45,27,15): conference-numerator-nonzero
EXCLUDED (97,45,10,30): conference-numerator-nonzero
EXCLUDED (97,46,45,0): nonintegral-multiplicity
EXCLUDED (97,46,20,23): conference-numerator-nonzero
EXCLUDED (97,47,46,0): nonintegral-multiplicity
EXCLUDED (97,48,47,0): nonintegral-multiplicity
EXCLUDED (97,48,46,1): conference-numerator-nonzero
EXCLUDED (97,48,45,2): conference-numerator-nonzero
EXCLUDED (97,48,44,3): conference-numerator-nonzero
EXCLUDED (97,48,43,4): conference-numerator-nonzero
EXCLUDED (97,48,42,5): conference-numerator-nonzero
EXCLUDED (97,48,41,6): conference-numerator-nonzero
EXCLUDED (97,48,40,7): conference-numerator-nonzero
EXCLUDED (97,48,39,8): conference-numerator-nonzero
EXCLUDED (97,48,38,9): conference-numerator-nonzero
EXCLUDED (97,48,37,10): conference-numerator-nonzero
EXCLUDED (97,48,36,11): conference-numerator-nonzero
EXCLUDED (97,48,35,12): conference-numerator-nonzero
EXCLUDED (97,48,34,13): conference-numerator-nonzero
EXCLUDED (97,48,33,14): conference-numerator-nonzero
EXCLUDED (97,48,32,15): conference-numerator-nonzero
EXCLUDED (97,48,31,16): conference-numerator-nonzero
EXCLUDED (97,48,30,17): conference-numerator-nonzero
EXCLUDED (97,48,29,18): conference-numerator-nonzero
EXCLUDED (97,48,28,19): conference-numerator-nonzero
EXCLUDED (97,48,27,20): conference-numerator-nonzero
EXCLUDED (97,48,26,21): conference-numerator-nonzero
EXCLUDED (97,48,25,22): conference-numerator-nonzero
EXCLUDED (97,48,24,23): conference-numerator-nonzero
EXCLUDED (97,48,22,25): conference-numerator-nonzero
EXCLUDED (97,48,21,26): conference-numerator-nonzero
EXCLUDED (97,48,20,27): conference-numerator-nonzero
EXCLUDED (97,48,19,28): conference-numerator-nonzero
EXCLUDED (97,48,18,29): conference-numerator-nonzero
EXCLUDED (97,48,17,30): conference-numerator-nonzero
EXCLUDED (97,48,16,31): conference-numerator-nonzero
EXCLUDED (97,48,15,32): conference-numerator-nonzero
EXCLUDED (97,48,14,33): conference-numerator-nonzero
EXCLUDED (97,48,13,34): conference-numerator-nonzero
EXCLUDED (97,48,12,35): conference-numerator-nonzero
EXCLUDED (97,48,11,36): conference-numerator-nonzero
EXCLUDED (97,48,10,37): conference-numerator-nonzero
EXCLUDED (97,48,9,38): conference-numerator-nonzero
EXCLUDED (97,48,8,39): conference-numerator-nonzero
EXCLUDED (97,48,7,40): conference-numerator-nonzero
EXCLUDED (97,48,6,41): conference-numerator-nonzero
EXCLUDED (97,48,5,42): conference-numerator-nonzero
EXCLUDED (97,48,4,43): conference-numerator-nonzero
EXCLUDED (97,48,3,44): conference-numerator-nonzero
EXCLUDED (97,48,2,45): conference-numerator-nonzero
EXCLUDED (97,48,1,46): conference-numerator-nonzero
EXCLUDED (97,48,0,47): conference-numerator-nonzero
EXCLUDED (97,49,48,0): nonintegral-multiplicity
EXCLUDED (97,49,1,49): nonintegral-multiplicity
EXCLUDED (97,50,49,0): nonintegral-multiplicity
EXCLUDED (97,50,26,25): conference-numerator-nonzero
EXCLUDED (97,50,3,50): nonintegral-multiplicity
EXCLUDED (97,51,50,0): nonintegral-multiplicity
EXCLUDED (97,51,35,17): conference-numerator-nonzero
EXCLUDED (97,51,20,34): conference-numerator-nonzero
EXCLUDED (97,51,5,51): nonintegral-multiplicity
EXCLUDED (97,52,51,0): nonintegral-multiplicity
EXCLUDED (97,52,40,13): conference-numerator-nonzero
EXCLUDED (97,52,29,26): conference-numerator-nonzero
EXCLUDED (97,52,18,39): conference-numerator-nonzero
EXCLUDED (97,52,7,52): nonintegral-multiplicity
EXCLUDED (97,53,52,0): nonintegral-multiplicity
EXCLUDED (97,53,9,53): nonintegral-multiplicity
EXCLUDED (97,54,53,0): nonintegral-multiplicity
EXCLUDED (97,54,46,9): conference-numerator-nonzero
EXCLUDED (97,54,39,18): conference-numerator-nonzero
EXCLUDED (97,54,32,27): conference-numerator-nonzero
EXCLUDED (97,54,25,36): conference-numerator-nonzero
EXCLUDED (97,54,18,45): conference-numerator-nonzero
EXCLUDED (97,54,11,54): nonintegral-multiplicity
EXCLUDED (97,55,54,0): nonintegral-multiplicity
EXCLUDED (97,55,13,55): nonintegral-multiplicity
EXCLUDED (97,56,55,0): nonintegral-multiplicity
EXCLUDED (97,56,50,7): conference-numerator-nonzero
EXCLUDED (97,56,45,14): conference-numerator-nonzero
EXCLUDED (97,56,40,21): conference-numerator-nonzero
EXCLUDED (97,56,35,28): conference-numerator-nonzero
EXCLUDED (97,56,30,35): conference-numerator-nonzero
EXCLUDED (97,56,25,42): conference-numerator-nonzero
EXCLUDED (97,56,20,49): conference-numerator-nonzero
EXCLUDED (97,56,15,56): nonintegral-multiplicity
EXCLUDED (97,57,56,0): nonintegral-multiplicity
EXCLUDED (97,57,43,19): conference-numerator-nonzero
EXCLUDED (97,57,30,38): conference-numerator-nonzero
EXCLUDED (97,57,17,57): nonintegral-multiplicity
EXCLUDED (97,58,57,0): nonintegral-multiplicity
EXCLUDED (97,58,38,29): conference-numerator-nonzero
EXCLUDED (97,58,19,58): nonintegral-multiplicity
EXCLUDED (97,59,58,0): nonintegral-multiplicity
EXCLUDED (97,59,21,59): nonintegral-multiplicity
EXCLUDED (97,60,59,0): nonintegral-multiplicity
EXCLUDED (97,60,56,5): conference-numerator-nonzero
EXCLUDED (97,60,53,10): conference-numerator-nonzero
EXCLUDED (97,60,50,15): conference-numerator-nonzero
EXCLUDED (97,60,47,20): conference-numerator-nonzero
EXCLUDED (97,60,44,25): conference-numerator-nonzero
EXCLUDED (97,60,41,30): conference-numerator-nonzero
EXCLUDED (97,60,38,35): conference-numerator-nonzero
EXCLUDED (97,60,35,40): conference-numerator-nonzero
EXCLUDED (97,60,32,45): conference-numerator-nonzero
EXCLUDED (97,60,29,50): conference-numerator-nonzero
EXCLUDED (97,60,26,55): conference-numerator-nonzero
EXCLUDED (97,60,23,60): nonintegral-multiplicity
EXCLUDED (97,61,60,0): nonintegral-multiplicity
EXCLUDED (97,61,25,61): nonintegral-multiplicity
EXCLUDED (97,62,61,0): nonintegral-multiplicity
EXCLUDED (97,62,44,31): conference-numerator-nonzero
EXCLUDED (97,62,27,62): nonintegral-multiplicity
EXCLUDED (97,63,62,0): nonintegral-multiplicity
EXCLUDED (97,63,51,21): conference-numerator-nonzero
EXCLUDED (97,63,40,42): conference-numerator-nonzero
EXCLUDED (97,63,29,63): nonintegral-multiplicity
EXCLUDED (97,64,63,0): nonintegral-multiplicity
EXCLUDED (97,64,62,2): conference-numerator-nonzero
EXCLUDED (97,64,61,4): conference-numerator-nonzero
EXCLUDED (97,64,60,6): conference-numerator-nonzero
EXCLUDED (97,64,59,8): conference-numerator-nonzero
EXCLUDED (97,64,58,10): conference-numerator-nonzero
EXCLUDED (97,64,57,12): conference-numerator-nonzero
EXCLUDED (97,64,56,14): conference-numerator-nonzero
EXCLUDED (97,64,55,16): conference-numerator-nonzero
EXCLUDED (97,64,54,18): conference-numerator-nonzero
EXCLUDED (97,64,53,20): conference-numerator-nonzero
EXCLUDED (97,64,52,22): conference-numerator-nonzero
EXCLUDED (97,64,51,24): conference-numerator-nonzero
EXCLUDED (97,64,50,26): conference-numerator-nonzero
EXCLUDED (97,64,49,28): conference-numerator-nonzero
EXCLUDED (97,64,48,30): conference-numerator-nonzero
EXCLUDED (97,64,47,32): conference-numerator-nonzero
EXCLUDED (97,64,46,34): conference-numerator-nonzero
EXCLUDED (97,64,45,36): conference-numerator-nonzero
EXCLUDED (97,64,44,38): conference-numerator-nonzero
EXCLUDED (97,64,43,40): conference-numerator-nonzero
EXCLUDED (97,64,42,42): conference-numerator-nonzero
EXCLUDED (97,64,41,44): conference-numerator-nonzero
EXCLUDED (97,64,40,46): conference-numerator-nonzero
EXCLUDED (97,64,39,48): conference-numerator-nonzero
EXCLUDED (97,64,38,50): conference-numerator-nonzero
EXCLUDED (97,64,37,52): conference-numerator-nonzero
EXCLUDED (97,64,36,54): conference-numerator-nonzero
EXCLUDED (97,64,35,56): conference-numerator-nonzero
EXCLUDED (97,64,34,58): conference-numerator-nonzero
EXCLUDED (97,64,33,60): conference-numerator-nonzero
EXCLUDED (97,64,32,62): conference-numerator-nonzero
EXCLUDED (97,64,31,64): nonintegral-multiplicity
EXCLUDED (97,65,64,0): nonintegral-multiplicity
EXCLUDED (97,65,33,65): nonintegral-multiplicity
EXCLUDED (97,66,65,0): nonintegral-multiplicity
EXCLUDED (97,66,60,11): conference-numerator-nonzero
EXCLUDED (97,66,55,22): conference-numerator-nonzero
EXCLUDED (97,66,50,33): conference-numerator-nonzero
EXCLUDED (97,66,45,44): conference-numerator-nonzero
EXCLUDED (97,66,40,55): conference-numerator-nonzero
EXCLUDED (97,66,35,66): nonintegral-multiplicity
EXCLUDED (97,67,66,0): nonintegral-multiplicity
EXCLUDED (97,67,37,67): nonintegral-multiplicity
EXCLUDED (97,68,67,0): nonintegral-multiplicity
EXCLUDED (97,68,60,17): conference-numerator-nonzero
EXCLUDED (97,68,53,34): conference-numerator-nonzero
EXCLUDED (97,68,46,51): conference-numerator-nonzero
EXCLUDED (97,68,39,68): nonintegral-multiplicity
EXCLUDED (97,69,68,0): nonintegral-multiplicity
EXCLUDED (97,69,59,23): conference-numerator-nonzero
EXCLUDED (97,69,50,46): conference-numerator-nonzero
EXCLUDED (97,69,41,69): nonintegral-multiplicity
EXCLUDED (97,70,69,0): nonintegral-multiplicity
EXCLUDED (97,70,56,35): conference-numerator-nonzero
EXCLUDED (97,70,43,70): nonintegral-multiplicity
EXCLUDED (97,71,70,0): nonintegral-multiplicity
EXCLUDED (97,71,45,71): nonintegral-multiplicity
EXCLUDED (97,72,71,0): nonintegral-multiplicity
EXCLUDED (97,72,70,3): conference-numerator-nonzero
EXCLUDED (97,72,69,6): conference-numerator-nonzero
EXCLUDED (97,72,68,9): conference-numerator-nonzero
EXCLUDED (97,72,67,12): conference-numerator-nonzero
EXCLUDED (97,72,66,15): conference-numerator-nonzero
EXCLUDED (97,72,65,18): conference-numerator-nonzero
EXCLUDED (97,72,64,21): conference-numerator-nonzero
EXCLUDED (97,72,63,24): conference-numerator-nonzero
EXCLUDED (97,72,62,27): conference-numerator-nonzero
EXCLUDED (97,72,61,30): conference-numerator-nonzero
EXCLUDED (97,72,60,33): conference-numerator-nonzero
EXCLUDED (97,72,59,36): conference-numerator-nonzero
EXCLUDED (97,72,58,39): conference-numerator-nonzero
EXCLUDED (97,72,57,42): conference-numerator-nonzero
EXCLUDED (97,72,56,45): conference-numerator-nonzero
EXCLUDED (97,72,55,48): conference-numerator-nonzero
EXCLUDED (97,72,54,51): conference-numerator-nonzero
EXCLUDED (97,72,53,54): conference-numerator-nonzero
EXCLUDED (97,72,52,57): conference-numerator-nonzero
EXCLUDED (97,72,51,60): conference-numerator-nonzero
EXCLUDED (97,72,50,63): conference-numerator-nonzero
EXCLUDED (97,72,49,66): conference-numerator-nonzero
EXCLUDED (97,72,48,69): conference-numerator-nonzero
EXCLUDED (97,72,47,72): nonintegral-multiplicity
EXCLUDED (97,73,72,0): nonintegral-multiplicity
EXCLUDED (97,73,49,73): nonintegral-multiplicity
EXCLUDED (97,74,73,0): nonintegral-multiplicity
EXCLUDED (97,74,62,37): conference-numerator-nonzero
EXCLUDED (97,74,51,74): nonintegral-multiplicity
EXCLUDED (97,75,74,0): nonintegral-multiplicity
EXCLUDED (97,75,67,25): conference-numerator-nonzero
EXCLUDED (97,75,60,50): conference-numerator-nonzero
EXCLUDED (97,75,53,75): nonintegral-multiplicity
EXCLUDED (97,76,75,0): nonintegral-multiplicity
EXCLUDED (97,76,70,19): conference-numerator-nonzero
EXCLUDED (97,76,65,38): conference-numerator-nonzero
EXCLUDED (97,76,60,57): conference-numerator-nonzero
EXCLUDED (97,76,55,76): nonintegral-multiplicity
EXCLUDED (97,77,76,0): nonintegral-multiplicity
EXCLUDED (97,77,57,77): nonintegral-multiplicity
EXCLUDED (97,78,77,0): nonintegral-multiplicity
EXCLUDED (97,78,74,13): conference-numerator-nonzero
EXCLUDED (97,78,71,26): conference-numerator-nonzero
EXCLUDED (97,78,68,39): conference-numerator-nonzero
EXCLUDED (97,78,65,52): conference-numerator-nonzero
EXCLUDED (97,78,62,65): conference-numerator-nonzero
EXCLUDED (97,78,59,78): nonintegral-multiplicity
EXCLUDED (97,79,78,0): nonintegral-multiplicity
EXCLUDED (97,79,61,79): nonintegral-multiplicity
EXCLUDED (97,80,79,0): nonintegral-multiplicity
EXCLUDED (97,80,78,5): conference-numerator-nonzero
EXCLUDED (97,80,77,10): conference-numerator-nonzero
EXCLUDED (97,80,76,15): conference-numerator-nonzero
EXCLUDED (97,80,75,20): conference-numerator-nonzero
EXCLUDED (97,80,74,25): conference-numerator-nonzero
EXCLUDED (97,80,73,30): conference-numerator-nonzero
EXCLUDED (97,80,72,35): conference-numerator-nonzero
EXCLUDED (97,80,71,40): conference-numerator-nonzero
EXCLUDED (97,80,70,45): conference-numerator-nonzero
EXCLUDED (97,80,69,50): conference-numerator-nonzero
EXCLUDED (97,80,68,55): conference-numerator-nonzero
EXCLUDED (97,80,67,60): conference-numerator-nonzero
EXCLUDED (97,80,66,65): conference-numerator-nonzero
EXCLUDED (97,80,65,70): conference-numerator-nonzero
EXCLUDED (97,80,64,75): conference-numerator-nonzero
EXCLUDED (97,80,63,80): nonintegral-multiplicity
EXCLUDED (97,81,80,0): nonintegral-multiplicity
EXCLUDED (97,81,75,27): conference-numerator-nonzero
EXCLUDED (97,81,70,54): conference-numerator-nonzero
EXCLUDED (97,81,65,81): nonintegral-multiplicity
EXCLUDED (97,82,81,0): nonintegral-multiplicity
EXCLUDED (97,82,74,41): conference-numerator-nonzero
EXCLUDED (97,82,67,82): nonintegral-multiplicity
EXCLUDED (97,83,82,0): nonintegral-multiplicity
EXCLUDED (97,83,69,83): nonintegral-multiplicity
EXCLUDED (97,84,83,0): nonintegral-multiplicity
EXCLUDED (97,84,82,7): conference-numerator-nonzero
EXCLUDED (97,84,81,14): conference-numerator-nonzero
EXCLUDED (97,84,80,21): conference-numerator-nonzero
EXCLUDED (97,84,79,28): conference-numerator-nonzero
EXCLUDED (97,84,78,35): conference-numerator-nonzero
EXCLUDED (97,84,77,42): conference-numerator-nonzero
EXCLUDED (97,84,76,49): conference-numerator-nonzero
EXCLUDED (97,84,75,56): conference-numerator-nonzero
EXCLUDED (97,84,74,63): conference-numerator-nonzero
EXCLUDED (97,84,73,70): conference-numerator-nonzero
EXCLUDED (97,84,72,77): conference-numerator-nonzero
EXCLUDED (97,84,71,84): nonintegral-multiplicity
EXCLUDED (97,85,84,0): nonintegral-multiplicity
EXCLUDED (97,85,73,85): nonintegral-multiplicity
EXCLUDED (97,86,85,0): nonintegral-multiplicity
EXCLUDED (97,86,80,43): conference-numerator-nonzero
EXCLUDED (97,86,75,86): nonintegral-multiplicity
EXCLUDED (97,87,86,0): nonintegral-multiplicity
EXCLUDED (97,87,83,29): conference-numerator-nonzero
EXCLUDED (97,87,80,58): conference-numerator-nonzero
EXCLUDED (97,87,77,87): nonintegral-multiplicity
EXCLUDED (97,88,87,0): nonintegral-multiplicity
EXCLUDED (97,88,86,11): conference-numerator-nonzero
EXCLUDED (97,88,85,22): conference-numerator-nonzero
EXCLUDED (97,88,84,33): conference-numerator-nonzero
EXCLUDED (97,88,83,44): conference-numerator-nonzero
EXCLUDED (97,88,82,55): conference-numerator-nonzero
EXCLUDED (97,88,81,66): conference-numerator-nonzero
EXCLUDED (97,88,80,77): conference-numerator-nonzero
EXCLUDED (97,88,79,88): nonintegral-multiplicity
EXCLUDED (97,89,88,0): nonintegral-multiplicity
EXCLUDED (97,89,81,89): nonintegral-multiplicity
EXCLUDED (97,90,89,0): nonintegral-multiplicity
EXCLUDED (97,90,88,15): conference-numerator-nonzero
EXCLUDED (97,90,87,30): conference-numerator-nonzero
EXCLUDED (97,90,86,45): conference-numerator-nonzero
EXCLUDED (97,90,85,60): conference-numerator-nonzero
EXCLUDED (97,90,84,75): conference-numerator-nonzero
EXCLUDED (97,90,83,90): nonintegral-multiplicity
EXCLUDED (97,91,90,0): nonintegral-multiplicity
EXCLUDED (97,91,85,91): nonintegral-multiplicity
EXCLUDED (97,92,91,0): nonintegral-multiplicity
EXCLUDED (97,92,90,23): conference-numerator-nonzero
EXCLUDED (97,92,89,46): conference-numerator-nonzero
EXCLUDED (97,92,88,69): conference-numerator-nonzero
EXCLUDED (97,92,87,92): nonintegral-multiplicity
EXCLUDED (97,93,92,0): nonintegral-multiplicity
EXCLUDED (97,93,91,31): conference-numerator-nonzero
EXCLUDED (97,93,90,62): conference-numerator-nonzero
EXCLUDED (97,93,89,93): nonintegral-multiplicity
EXCLUDED (97,94,93,0): nonintegral-multiplicity
EXCLUDED (97,94,92,47): conference-numerator-nonzero
EXCLUDED (97,94,91,94): nonintegral-multiplicity
EXCLUDED (97,95,94,0): nonintegral-multiplicity
EXCLUDED (97,95,93,95): nonintegral-multiplicity
EXCLUDED (98,2,1,0): nonintegral-multiplicity
EXCLUDED (98,3,2,0): nonintegral-multiplicity
EXCLUDED (98,4,3,0): nonintegral-multiplicity
EXCLUDED (98,5,4,0): nonintegral-multiplicity
EXCLUDED (98,7,6,0): nonintegral-multiplicity
EXCLUDED (98,8,7,0): nonintegral-multiplicity
EXCLUDED (98,9,8,0): nonintegral-multiplicity
EXCLUDED (98,10,9,0): nonintegral-multiplicity
EXCLUDED (98,11,10,0): nonintegral-multiplicity
EXCLUDED (98,12,11,0): nonintegral-multiplicity
EXCLUDED (98,14,13,0): nonintegral-multiplicity
EXCLUDED (98,15,14,0): nonintegral-multiplicity
EXCLUDED (98,16,15,0): nonintegral-multiplicity
EXCLUDED (98,17,16,0): nonintegral-multiplicity
EXCLUDED (98,18,17,0): nonintegral-multiplicity
EXCLUDED (98,19,18,0): nonintegral-multiplicity
EXCLUDED (98,20,19,0): nonintegral-multiplicity
EXCLUDED (98,21,20,0): nonintegral-multiplicity
EXCLUDED (98,22,21,0): nonintegral-multiplicity
EXCLUDED (98,23,22,0): nonintegral-multiplicity
EXCLUDED (98,24,23,0): nonintegral-multiplicity
EXCLUDED (98,25,24,0): nonintegral-multiplicity
EXCLUDED (98,26,25,0): nonintegral-multiplicity
EXCLUDED (98,27,26,0): nonintegral-multiplicity
EXCLUDED (98,28,27,0): nonintegral-multiplicity
EXCLUDED (98,29,28,0): nonintegral-multiplicity
EXCLUDED (98,30,29,0): nonintegral-multiplicity
EXCLUDED (98,31,30,0): nonintegral-multiplicity
EXCLUDED (98,32,31,0): nonintegral-multiplicity
EXCLUDED (98,33,32,0): nonintegral-multiplicity
EXCLUDED (98,34,33,0): nonintegral-multiplicity
EXCLUDED (98,35,34,0): nonintegral-multiplicity
EXCLUDED (98,36,35,0): nonintegral-multiplicity
EXCLUDED (98,37,36,0): nonintegral-multiplicity
EXCLUDED (98,38,37,0): nonintegral-multiplicity
EXCLUDED (98,39,38,0): nonintegral-multiplicity
EXCLUDED (98,40,39,0): nonintegral-multiplicity
EXCLUDED (98,41,40,0): nonintegral-multiplicity
EXCLUDED (98,42,41,0): nonintegral-multiplicity
EXCLUDED (98,43,42,0): nonintegral-multiplicity
EXCLUDED (98,44,43,0): nonintegral-multiplicity
EXCLUDED (98,45,44,0): nonintegral-multiplicity
EXCLUDED (98,46,45,0): nonintegral-multiplicity
EXCLUDED (98,47,46,0): nonintegral-multiplicity
EXCLUDED (98,49,48,0): nonintegral-multiplicity
EXCLUDED (98,49,0,49): eigenvalue-sign
EXCLUDED (98,50,49,0): nonintegral-multiplicity
EXCLUDED (98,50,2,50): nonintegral-multiplicity
EXCLUDED (98,51,50,0): nonintegral-multiplicity
EXCLUDED (98,51,4,51): nonintegral-multiplicity
EXCLUDED (98,52,51,0): nonintegral-multiplicity
EXCLUDED (98,52,6,52): nonintegral-multiplicity
EXCLUDED (98,53,52,0): nonintegral-multiplicity
EXCLUDED (98,53,8,53): nonintegral-multiplicity
EXCLUDED (98,54,53,0): nonintegral-multiplicity
EXCLUDED (98,54,10,54): nonintegral-multiplicity
EXCLUDED (98,55,54,0): nonintegral-multiplicity
EXCLUDED (98,55,12,55): nonintegral-multiplicity
EXCLUDED (98,56,55,0): nonintegral-multiplicity
EXCLUDED (98,56,14,56): nonintegral-multiplicity
EXCLUDED (98,57,56,0): nonintegral-multiplicity
EXCLUDED (98,57,16,57): nonintegral-multiplicity
EXCLUDED (98,58,57,0): nonintegral-multiplicity
EXCLUDED (98,58,18,58): nonintegral-multiplicity
EXCLUDED (98,59,58,0): nonintegral-multiplicity
EXCLUDED (98,59,20,59): nonintegral-multiplicity
EXCLUDED (98,60,59,0): nonintegral-multiplicity
EXCLUDED (98,60,22,60): nonintegral-multiplicity
EXCLUDED (98,61,60,0): nonintegral-multiplicity
EXCLUDED (98,61,24,61): nonintegral-multiplicity
EXCLUDED (98,62,61,0): nonintegral-multiplicity
EXCLUDED (98,62,26,62): nonintegral-multiplicity
EXCLUDED (98,63,62,0): nonintegral-multiplicity
EXCLUDED (98,63,28,63): nonintegral-multiplicity
EXCLUDED (98,64,63,0): nonintegral-multiplicity
EXCLUDED (98,64,30,64): nonintegral-multiplicity
EXCLUDED (98,65,64,0): nonintegral-multiplicity
EXCLUDED (98,65,32,65): nonintegral-multiplicity
EXCLUDED (98,66,65,0): nonintegral-multiplicity
EXCLUDED (98,66,34,66): nonintegral-multiplicity
EXCLUDED (98,67,66,0): nonintegral-multiplicity
EXCLUDED (98,67,36,67): nonintegral-multiplicity
EXCLUDED (98,68,67,0): nonintegral-multiplicity
EXCLUDED (98,68,38,68): nonintegral-multiplicity
EXCLUDED (98,69,68,0): nonintegral-multiplicity
EXCLUDED (98,69,40,69): nonintegral-multiplicity
EXCLUDED (98,70,69,0): nonintegral-multiplicity
EXCLUDED (98,70,42,70): nonintegral-multiplicity
EXCLUDED (98,71,70,0): nonintegral-multiplicity
EXCLUDED (98,71,44,71): nonintegral-multiplicity
EXCLUDED (98,72,71,0): nonintegral-multiplicity
EXCLUDED (98,72,46,72): nonintegral-multiplicity
EXCLUDED (98,73,72,0): nonintegral-multiplicity
EXCLUDED (98,73,48,73): nonintegral-multiplicity
EXCLUDED (98,74,73,0): nonintegral-multiplicity
EXCLUDED (98,74,50,74): nonintegral-multiplicity
EXCLUDED (98,75,74,0): nonintegral-multiplicity
EXCLUDED (98,75,52,75): nonintegral-multiplicity
EXCLUDED (98,76,75,0): nonintegral-multiplicity
EXCLUDED (98,76,54,76): nonintegral-multiplicity
EXCLUDED (98,77,76,0): nonintegral-multiplicity
EXCLUDED (98,77,56,77): nonintegral-multiplicity
EXCLUDED (98,78,77,0): nonintegral-multiplicity
EXCLUDED (98,78,58,78): nonintegral-multiplicity
EXCLUDED (98,79,78,0): nonintegral-multiplicity
EXCLUDED (98,79,60,79): nonintegral-multiplicity
EXCLUDED (98,80,79,0): nonintegral-multiplicity
EXCLUDED (98,80,62,80): nonintegral-multiplicity
EXCLUDED (98,81,80,0): nonintegral-multiplicity
EXCLUDED (98,81,64,81): nonintegral-multiplicity
EXCLUDED (98,82,81,0): nonintegral-multiplicity
EXCLUDED (98,82,66,82): nonintegral-multiplicity
EXCLUDED (98,83,82,0): nonintegral-multiplicity
EXCLUDED (98,83,68,83): nonintegral-multiplicity
EXCLUDED (98,84,83,0): nonintegral-multiplicity
EXCLUDED (98,84,70,84): eigenvalue-sign
EXCLUDED (98,85,84,0): nonintegral-multiplicity
EXCLUDED (98,85,72,85): nonintegral-multiplicity
EXCLUDED (98,86,85,0): nonintegral-multiplicity
EXCLUDED (98,86,74,86): nonintegral-multiplicity
EXCLUDED (98,87,86,0): nonintegral-multiplicity
EXCLUDED (98,87,76,87): nonintegral-multiplicity
EXCLUDED (98,88,87,0): nonintegral-multiplicity
EXCLUDED (98,88,78,88): nonintegral-multiplicity
EXCLUDED (98,89,88,0): nonintegral-multiplicity
EXCLUDED (98,89,80,89): nonintegral-multiplicity
EXCLUDED (98,90,89,0): nonintegral-multiplicity
EXCLUDED (98,90,82,90): nonintegral-multiplicity
EXCLUDED (98,91,90,0): nonintegral-multiplicity
EXCLUDED (98,91,84,91): eigenvalue-sign
EXCLUDED (98,92,91,0): nonintegral-multiplicity
EXCLUDED (98,92,86,92): nonintegral-multiplicity
EXCLUDED (98,93,92,0): nonintegral-multiplicity
EXCLUDED (98,93,88,93): nonintegral-multiplicity
EXCLUDED (98,94,93,0): nonintegral-multiplicity
EXCLUDED (98,94,90,94): nonintegral-multiplicity
EXCLUDED (98,95,94,0): nonintegral-multiplicity
EXCLUDED (98,95,92,95): nonintegral-multiplicity
EXCLUDED (98,96,95,0): nonintegral-multiplicity
EXCLUDED (98,96,94,96): eigenvalue-sign
EXCLUDED (99,3,2,0): nonintegral-multiplicity
EXCLUDED (99,4,3,0): nonintegral-multiplicity
EXCLUDED (99,5,4,0): nonintegral-multiplicity
EXCLUDED (99,6,5,0): nonintegral-multiplicity
EXCLUDED (99,7,6,0): nonintegral-multiplicity
EXCLUDED (99,9,8,0): nonintegral-multiplicity
EXCLUDED (99,11,10,0): nonintegral-multiplicity
EXCLUDED (99,12,11,0): nonintegral-multiplicity
EXCLUDED (99,13,12,0): nonintegral-multiplicity
EXCLUDED (99,14,13,0): nonintegral-multiplicity
EXCLUDED (99,14,7,1): conference-numerator-nonzero
EXCLUDED (99,15,14,0): nonintegral-multiplicity
EXCLUDED (99,16,15,0): nonintegral-multiplicity
EXCLUDED (99,17,16,0): nonintegral-multiplicity
EXCLUDED (99,18,17,0): nonintegral-multiplicity
EXCLUDED (99,19,18,0): nonintegral-multiplicity
EXCLUDED (99,20,19,0): nonintegral-multiplicity
EXCLUDED (99,21,20,0): nonintegral-multiplicity
EXCLUDED (99,21,9,3): conference-numerator-nonzero
EXCLUDED (99,22,21,0): nonintegral-multiplicity
EXCLUDED (99,23,22,0): nonintegral-multiplicity
EXCLUDED (99,24,23,0): nonintegral-multiplicity
EXCLUDED (99,25,24,0): nonintegral-multiplicity
EXCLUDED (99,26,25,0): nonintegral-multiplicity
EXCLUDED (99,27,26,0): nonintegral-multiplicity
EXCLUDED (99,28,27,0): nonintegral-multiplicity
EXCLUDED (99,28,22,2): conference-numerator-nonzero
EXCLUDED (99,28,17,4): conference-numerator-nonzero
EXCLUDED (99,28,12,6): conference-numerator-nonzero
EXCLUDED (99,28,7,8): nonintegral-multiplicity
EXCLUDED (99,28,2,10): conference-numerator-nonzero
EXCLUDED (99,29,28,0): nonintegral-multiplicity
EXCLUDED (99,30,29,0): nonintegral-multiplicity
EXCLUDED (99,31,30,0): nonintegral-multiplicity
EXCLUDED (99,33,32,0): nonintegral-multiplicity
EXCLUDED (99,34,33,0): nonintegral-multiplicity
EXCLUDED (99,34,1,17): nonintegral-multiplicity
EXCLUDED (99,35,34,0): nonintegral-multiplicity
EXCLUDED (99,35,25,5): conference-numerator-nonzero
EXCLUDED (99,35,16,10): conference-numerator-nonzero
EXCLUDED (99,35,7,15): nonintegral-multiplicity
EXCLUDED (99,36,35,0): nonintegral-multiplicity
EXCLUDED (99,36,4,18): conference-numerator-nonzero
EXCLUDED (99,37,36,0): nonintegral-multiplicity
EXCLUDED (99,38,37,0): nonintegral-multiplicity
EXCLUDED (99,38,7,19): conference-numerator-nonzero
EXCLUDED (99,39,38,0): nonintegral-multiplicity
EXCLUDED (99,40,39,0): nonintegral-multiplicity
EXCLUDED (99,40,10,20): conference-numerator-nonzero
EXCLUDED (99,41,40,0): nonintegral-multiplicity
EXCLUDED (99,42,41,0): nonintegral-multiplicity
EXCLUDED (99,42,37,3): conference-numerator-nonzero
EXCLUDED (99,42,33,6): conference-numerator-nonzero
EXCLUDED (99,42,29,9): conference-numerator-nonzero
EXCLUDED (99,42,25,12): nonintegral-multiplicity
EXCLUDED (99,42,17,18): conference-numerator-nonzero
EXCLUDED (99,42,13,21): conference-numerator-nonzero
EXCLUDED (99,42,9,24): conference-numerator-nonzero
EXCLUDED (99,42,5,27): conference-numerator-nonzero
EXCLUDED (99,42,1,30): conference-numerator-nonzero
EXCLUDED (99,43,42,0): nonintegral-multiplicity
EXCLUDED (99,44,43,0): nonintegral-multiplicity
EXCLUDED (99,44,16,22): conference-numerator-nonzero
EXCLUDED (99,45,44,0): nonintegral-multiplicity
EXCLUDED (99,46,45,0): nonintegral-multiplicity
EXCLUDED (99,46,19,23): conference-numerator-nonzero
EXCLUDED (99,47,46,0): nonintegral-multiplicity
EXCLUDED (99,48,47,0): nonintegral-multiplicity
EXCLUDED (99,49,48,0): nonintegral-multiplicity
EXCLUDED (99,49,47,1): conference-numerator-nonzero
EXCLUDED (99,49,46,2): conference-numerator-nonzero
EXCLUDED (99,49,45,3): conference-numerator-nonzero
EXCLUDED (99,49,44,4): conference-numerator-nonzero
EXCLUDED (99,49,43,5): conference-numerator-nonzero
EXCLUDED (99,49,42,6): conference-numerator-nonzero
EXCLUDED (99,49,41,7): conference-numerator-nonzero
EXCLUDED (99,49,40,8): conference-numerator-nonzero
EXCLUDED (99,49,39,9): conference-numerator-nonzero
EXCLUDED (99,49,38,10): conference-numerator-nonzero
EXCLUDED (99,49,37,11): conference-numerator-nonzero
EXCLUDED (99,49,36,12): conference-numerator-nonzero
EXCLUDED (99,49,35,13): conference-numerator-nonzero
EXCLUDED (99,49,34,14): conference-numerator-nonzero
EXCLUDED (99,49,33,15): conference-numerator-nonzero
EXCLUDED (99,49,32,16): conference-numerator-nonzero
EXCLUDED (99,49,31,17): nonintegral-multiplicity
EXCLUDED (99,49,30,18): conference-numerator-nonzero
EXCLUDED (99,49,29,19): conference-numerator-nonzero
EXCLUDED (99,49,28,20): conference-numerator-nonzero
EXCLUDED (99,49,27,21): conference-numerator-nonzero
EXCLUDED (99,49,26,22): conference-numerator-nonzero
EXCLUDED (99,49,25,23): conference-numerator-nonzero
EXCLUDED (99,49,24,24): nonintegral-multiplicity
EXCLUDED (99,49,23,25): nonintegral-multiplicity
EXCLUDED (99,49,22,26): conference-numerator-nonzero
EXCLUDED (99,49,21,27): conference-numerator-nonzero
EXCLUDED (99,49,20,28): conference-numerator-nonzero
EXCLUDED (99,49,19,29): conference-numerator-nonzero
EXCLUDED (99,49,18,30): conference-numerator-nonzero
EXCLUDED (99,49,17,31): conference-numerator-nonzero
EXCLUDED (99,49,16,32): nonintegral-multiplicity
EXCLUDED (99,49,15,33): conference-numerator-nonzero
EXCLUDED (99,49,14,34): conference-numerator-nonzero
EXCLUDED (99,49,13,35): conference-numerator-nonzero
EXCLUDED (99,49,12,36): conference-numerator-nonzero
EXCLUDED (99,49,11,37): conference-numerator-nonzero
EXCLUDED (99,49,10,38): conference-numerator-nonzero
EXCLUDED (99,49,9,39): conference-numerator-nonzero
EXCLUDED (99,49,8,40): conference-numerator-nonzero
EXCLUDED (99,49,7,41): conference-numerator-nonzero
EXCLUDED (99,49,6,42): conference-numerator-nonzero
EXCLUDED (99,49,5,43): conference-numerator-nonzero
EXCLUDED (99,49,4,44): conference-numerator-nonzero
EXCLUDED (99,49,3,45): conference-numerator-nonzero
EXCLUDED (99,49,2,46): conference-numerator-nonzero
EXCLUDED (99,49,1,47): conference-numerator-nonzero
EXCLUDED (99,49,0,48): conference-numerator-nonzero
EXCLUDED (99,50,49,0): nonintegral-multiplicity
EXCLUDED (99,50,1,50): nonintegral-multiplicity
EXCLUDED (99,51,50,0): nonintegral-multiplicity
EXCLUDED (99,51,3,51): nonintegral-multiplicity
EXCLUDED (99,52,51,0): nonintegral-multiplicity
EXCLUDED (99,52,28,26): conference-numerator-nonzero
EXCLUDED (99,52,5,52): nonintegral-multiplicity
EXCLUDED (99,53,52,0): nonintegral-multiplicity
EXCLUDED (99,53,7,53): nonintegral-multiplicity
EXCLUDED (99,54,53,0): nonintegral-multiplicity
EXCLUDED (99,54,31,27): conference-numerator-nonzero
EXCLUDED (99,54,9,54): nonintegral-multiplicity
EXCLUDED (99,55,54,0): nonintegral-multiplicity
EXCLUDED (99,55,11,55): nonintegral-multiplicity
EXCLUDED (99,56,55,0): nonintegral-multiplicity
EXCLUDED (99,56,52,4): conference-numerator-nonzero
EXCLUDED (99,56,49,8): conference-numerator-nonzero
EXCLUDED (99,56,46,12): conference-numerator-nonzero
EXCLUDED (99,56,43,16): conference-numerator-nonzero
EXCLUDED (99,56,40,20): conference-numerator-nonzero
EXCLUDED (99,56,37,24): conference-numerator-nonzero
EXCLUDED (99,56,34,28): conference-numerator-nonzero
EXCLUDED (99,56,31,32): conference-numerator-nonzero
EXCLUDED (99,56,25,40): nonintegral-multiplicity
EXCLUDED (99,56,22,44): conference-numerator-nonzero
EXCLUDED (99,56,19,48): conference-numerator-nonzero
EXCLUDED (99,56,16,52): conference-numerator-nonzero
EXCLUDED (99,56,13,56): nonintegral-multiplicity
EXCLUDED (99,57,56,0): nonintegral-multiplicity
EXCLUDED (99,57,15,57): nonintegral-multiplicity
EXCLUDED (99,58,57,0): nonintegral-multiplicity
EXCLUDED (99,58,37,29): conference-numerator-nonzero
EXCLUDED (99,58,17,58): nonintegral-multiplicity
EXCLUDED (99,59,58,0): nonintegral-multiplicity
EXCLUDED (99,59,19,59): nonintegral-multiplicity
EXCLUDED (99,60,59,0): nonintegral-multiplicity
EXCLUDED (99,60,40,30): conference-numerator-nonzero
EXCLUDED (99,60,21,60): nonintegral-multiplicity
EXCLUDED (99,61,60,0): nonintegral-multiplicity
EXCLUDED (99,61,23,61): nonintegral-multiplicity
EXCLUDED (99,62,61,0): nonintegral-multiplicity
EXCLUDED (99,62,43,31): conference-numerator-nonzero
EXCLUDED (99,62,25,62): nonintegral-multiplicity
EXCLUDED (99,63,62,0): nonintegral-multiplicity
EXCLUDED (99,63,57,9): conference-numerator-nonzero
EXCLUDED (99,63,52,18): conference-numerator-nonzero
EXCLUDED (99,63,47,27): conference-numerator-nonzero
EXCLUDED (99,63,42,36): nonintegral-multiplicity
EXCLUDED (99,63,37,45): conference-numerator-nonzero
EXCLUDED (99,63,32,54): conference-numerator-nonzero
EXCLUDED (99,63,27,63): nonintegral-multiplicity
EXCLUDED (99,64,63,0): nonintegral-multiplicity
EXCLUDED (99,64,46,32): nonintegral-multiplicity
EXCLUDED (99,64,29,64): nonintegral-multiplicity
EXCLUDED (99,65,64,0): nonintegral-multiplicity
EXCLUDED (99,65,31,65): nonintegral-multiplicity
EXCLUDED (99,66,65,0): nonintegral-multiplicity
EXCLUDED (99,66,49,33): conference-numerator-nonzero
EXCLUDED (99,66,33,66): eigenvalue-sign
EXCLUDED (99,67,66,0): nonintegral-multiplicity
EXCLUDED (99,67,35,67): nonintegral-multiplicity
EXCLUDED (99,68,67,0): nonintegral-multiplicity
EXCLUDED (99,68,52,34): conference-numerator-nonzero
EXCLUDED (99,68,37,68): nonintegral-multiplicity
EXCLUDED (99,69,68,0): nonintegral-multiplicity
EXCLUDED (99,69,39,69): nonintegral-multiplicity
EXCLUDED (99,70,69,0): nonintegral-multiplicity
EXCLUDED (99,70,67,5): conference-numerator-nonzero
EXCLUDED (99,70,65,10): conference-numerator-nonzero
EXCLUDED (99,70,63,15): conference-numerator-nonzero
EXCLUDED (99,70,61,20): conference-numerator-nonzero
EXCLUDED (99,70,59,25): conference-numerator-nonzero
EXCLUDED (99,70,57,30): conference-numerator-nonzero
EXCLUDED (99,70,55,35): conference-numerator-nonzero
EXCLUDED (99,70,53,40): nonintegral-multiplicity
EXCLUDED (99,70,51,45): conference-numerator-nonzero
EXCLUDED (99,70,49,50): nonintegral-multiplicity
EXCLUDED (99,70,47,55): conference-numerator-nonzero
EXCLUDED (99,70,45,60): conference-numerator-nonzero
EXCLUDED (99,70,43,65): conference-numerator-nonzero
EXCLUDED (99,70,41,70): nonintegral-multiplicity
EXCLUDED (99,71,70,0): nonintegral-multiplicity
EXCLUDED (99,71,43,71): nonintegral-multiplicity
EXCLUDED (99,72,71,0): nonintegral-multiplicity
EXCLUDED (99,72,58,36): conference-numerator-nonzero
EXCLUDED (99,72,45,72): nonintegral-multiplicity
EXCLUDED (99,73,72,0): nonintegral-multiplicity
EXCLUDED (99,73,47,73): nonintegral-multiplicity
EXCLUDED (99,74,73,0): nonintegral-multiplicity
EXCLUDED (99,74,61,37): conference-numerator-nonzero
EXCLUDED (99,74,49,74): nonintegral-multiplicity
EXCLUDED (99,75,74,0): nonintegral-multiplicity
EXCLUDED (99,75,51,75): nonintegral-multiplicity
EXCLUDED (99,76,75,0): nonintegral-multiplicity
EXCLUDED (99,76,64,38): conference-numerator-nonzero
EXCLUDED (99,76,53,76): nonintegral-multiplicity
EXCLUDED (99,77,76,0): nonintegral-multiplicity
EXCLUDED (99,77,73,11): conference-numerator-nonzero
EXCLUDED (99,77,70,22): conference-numerator-nonzero
EXCLUDED (99,77,67,33): conference-numerator-nonzero
EXCLUDED (99,77,64,44): conference-numerator-nonzero
EXCLUDED (99,77,61,55): conference-numerator-nonzero
EXCLUDED (99,77,58,66): conference-numerator-nonzero
EXCLUDED (99,77,55,77): nonintegral-multiplicity
EXCLUDED (99,78,77,0): nonintegral-multiplicity
EXCLUDED (99,78,67,39): conference-numerator-nonzero
EXCLUDED (99,78,57,78): nonintegral-multiplicity
EXCLUDED (99,79,78,0): nonintegral-multiplicity
EXCLUDED (99,79,59,79): nonintegral-multiplicity
EXCLUDED (99,80,79,0): nonintegral-multiplicity
EXCLUDED (99,80,70,40): conference-numerator-nonzero
EXCLUDED (99,80,61,80): nonintegral-multiplicity
EXCLUDED (99,81,80,0): nonintegral-multiplicity
EXCLUDED (99,81,63,81): nonintegral-multiplicity
EXCLUDED (99,82,81,0): nonintegral-multiplicity
EXCLUDED (99,82,73,41): conference-numerator-nonzero
EXCLUDED (99,82,65,82): nonintegral-multiplicity
EXCLUDED (99,83,82,0): nonintegral-multiplicity
EXCLUDED (99,83,67,83): nonintegral-multiplicity
EXCLUDED (99,84,83,0): nonintegral-multiplicity
EXCLUDED (99,84,82,6): conference-numerator-nonzero
EXCLUDED (99,84,81,12): conference-numerator-nonzero
EXCLUDED (99,84,80,18): conference-numerator-nonzero
EXCLUDED (99,84,79,24): conference-numerator-nonzero
EXCLUDED (99,84,78,30): conference-numerator-nonzero
EXCLUDED (99,84,77,36): conference-numerator-nonzero
EXCLUDED (99,84,76,42): conference-numerator-nonzero
EXCLUDED (99,84,75,48): conference-numerator-nonzero
EXCLUDED (99,84,74,54): conference-numerator-nonzero
EXCLUDED (99,84,73,60): conference-numerator-nonzero
EXCLUDED (99,84,72,66): conference-numerator-nonzero
EXCLUDED (99,84,70,78): conference-numerator-nonzero
EXCLUDED (99,84,69,84): nonintegral-multiplicity
EXCLUDED (99,85,84,0): nonintegral-multiplicity
EXCLUDED (99,85,71,85): nonintegral-multiplicity
EXCLUDED (99,86,85,0): nonintegral-multiplicity
EXCLUDED (99,86,79,43): conference-numerator-nonzero
EXCLUDED (99,86,73,86): nonintegral-multiplicity
EXCLUDED (99,87,86,0): nonintegral-multiplicity
EXCLUDED (99,87,75,87): nonintegral-multiplicity
EXCLUDED (99,88,87,0): nonintegral-multiplicity
EXCLUDED (99,88,82,44): conference-numerator-nonzero
EXCLUDED (99,88,77,88): eigenvalue-sign
EXCLUDED (99,89,88,0): nonintegral-multiplicity
EXCLUDED (99,89,79,89): nonintegral-multiplicity
EXCLUDED (99,90,89,0): nonintegral-multiplicity
EXCLUDED (99,90,85,45): conference-numerator-nonzero
EXCLUDED (99,90,81,90): eigenvalue-sign
EXCLUDED (99,91,90,0): nonintegral-multiplicity
EXCLUDED (99,91,89,13): conference-numerator-nonzero
EXCLUDED (99,91,88,26): conference-numerator-nonzero
EXCLUDED (99,91,87,39): conference-numerator-nonzero
EXCLUDED (99,91,86,52): conference-numerator-nonzero
EXCLUDED (99,91,85,65): conference-numerator-nonzero
EXCLUDED (99,91,84,78): conference-numerator-nonzero
EXCLUDED (99,91,83,91): nonintegral-multiplicity
EXCLUDED (99,92,91,0): nonintegral-multiplicity
EXCLUDED (99,92,88,46): conference-numerator-nonzero
EXCLUDED (99,92,85,92): nonintegral-multiplicity
EXCLUDED (99,93,92,0): nonintegral-multiplicity
EXCLUDED (99,93,87,93): nonintegral-multiplicity
EXCLUDED (99,94,93,0): nonintegral-multiplicity
EXCLUDED (99,94,91,47): conference-numerator-nonzero
EXCLUDED (99,94,89,94): nonintegral-multiplicity
EXCLUDED (99,95,94,0): nonintegral-multiplicity
EXCLUDED (99,95,91,95): nonintegral-multiplicity
EXCLUDED (99,96,95,0): nonintegral-multiplicity
EXCLUDED (99,96,94,48): conference-numerator-nonzero
EXCLUDED (99,96,93,96): eigenvalue-sign
EXCLUDED (99,97,96,0): nonintegral-multiplicity
EXCLUDED (99,97,95,97): nonintegral-multiplicity
EXCLUDED (100,2,1,0): nonintegral-multiplicity
EXCLUDED (100,5,4,0): nonintegral-multiplicity
EXCLUDED (100,6,5,0): nonintegral-multiplicity
EXCLUDED (100,7,6,0): nonintegral-multiplicity
EXCLUDED (100,8,7,0): nonintegral-multiplicity
EXCLUDED (100,10,9,0): nonintegral-multiplicity
EXCLUDED (100,11,10,0): nonintegral-multiplicity
EXCLUDED (100,11,2,1): conference-numerator-nonzero
EXCLUDED (100,12,11,0): nonintegral-multiplicity
EXCLUDED (100,13,12,0): nonintegral-multiplicity
EXCLUDED (100,14,13,0): nonintegral-multiplicity
EXCLUDED (100,15,14,0): nonintegral-multiplicity
EXCLUDED (100,16,15,0): nonintegral-multiplicity
EXCLUDED (100,17,16,0): nonintegral-multiplicity
EXCLUDED (100,18,17,0): nonintegral-multiplicity
EXCLUDED (100,20,19,0): nonintegral-multiplicity
EXCLUDED (100,21,20,0): nonintegral-multiplicity
EXCLUDED (100,22,21,0): nonintegral-multiplicity
EXCLUDED (100,22,14,2): conference-numerator-nonzero
EXCLUDED (100,22,7,4): nonintegral-multiplicity
EXCLUDED (100,23,22,0): nonintegral-multiplicity
EXCLUDED (100,25,24,0): nonintegral-multiplicity
EXCLUDED (100,26,25,0): nonintegral-multiplicity
EXCLUDED (100,27,26,0): nonintegral-multiplicity
EXCLUDED (100,27,18,3): conference-numerator-nonzero
EXCLUDED (100,27,2,9): nonintegral-multiplicity
EXCLUDED (100,28,27,0): nonintegral-multiplicity
EXCLUDED (100,29,28,0): nonintegral-multiplicity
EXCLUDED (100,30,29,0): nonintegral-multiplicity
EXCLUDED (100,30,6,10): conference-numerator-nonzero
EXCLUDED (100,31,30,0): nonintegral-multiplicity
EXCLUDED (100,32,31,0): nonintegral-multiplicity
EXCLUDED (100,33,32,0): nonintegral-multiplicity
EXCLUDED (100,33,30,1): conference-numerator-nonzero
EXCLUDED (100,33,28,2): conference-numerator-nonzero
EXCLUDED (100,33,26,3): conference-numerator-nonzero
EXCLUDED (100,33,24,4): conference-numerator-nonzero
EXCLUDED (100,33,22,5): conference-numerator-nonzero
EXCLUDED (100,33,20,6): conference-numerator-nonzero
OBSTRUCTED (100,33,18,7)
EXCLUDED (100,33,16,8): conference-numerator-nonzero
EXCLUDED (100,33,12,10): conference-numerator-nonzero
EXCLUDED (100,33,10,11): conference-numerator-nonzero
EXCLUDED (100,33,6,13): conference-numerator-nonzero
EXCLUDED (100,33,4,14): conference-numerator-nonzero
EXCLUDED (100,33,2,15): conference-numerator-nonzero
EXCLUDED (100,33,0,16): nonintegral-multiplicity
EXCLUDED (100,34,33,0): nonintegral-multiplicity
EXCLUDED (100,35,34,0): nonintegral-multiplicity
EXCLUDED (100,36,35,0): nonintegral-multiplicity
EXCLUDED (100,36,28,4): conference-numerator-nonzero
EXCLUDED (100,36,21,8): conference-numerator-nonzero
EXCLUDED (100,36,7,16): conference-numerator-nonzero
EXCLUDED (100,36,0,20): conference-numerator-nonzero
EXCLUDED (100,37,36,0): nonintegral-multiplicity
EXCLUDED (100,38,37,0): nonintegral-multiplicity
EXCLUDED (100,39,38,0): nonintegral-multiplicity
EXCLUDED (100,39,18,13): conference-numerator-nonzero
EXCLUDED (100,40,39,0): nonintegral-multiplicity
EXCLUDED (100,41,40,0): nonintegral-multiplicity
EXCLUDED (100,42,41,0): nonintegral-multiplicity
EXCLUDED (100,42,22,14): conference-numerator-nonzero
EXCLUDED (100,42,3,28): conference-numerator-nonzero
EXCLUDED (100,43,42,0): nonintegral-multiplicity
EXCLUDED (100,44,43,0): nonintegral-multiplicity
EXCLUDED (100,44,38,4): conference-numerator-nonzero
EXCLUDED (100,44,33,8): conference-numerator-nonzero
EXCLUDED (100,44,28,12): conference-numerator-nonzero
EXCLUDED (100,44,23,16): conference-numerator-nonzero
EXCLUDED (100,44,13,24): conference-numerator-nonzero
EXCLUDED (100,44,8,28): conference-numerator-nonzero
EXCLUDED (100,44,3,32): conference-numerator-nonzero
EXCLUDED (100,45,44,0): nonintegral-multiplicity
EXCLUDED (100,45,38,5): conference-numerator-nonzero
EXCLUDED (100,45,32,10): conference-numerator-nonzero
EXCLUDED (100,45,26,15): conference-numerator-nonzero
EXCLUDED (100,45,14,25): conference-numerator-nonzero
EXCLUDED (100,45,8,30): conference-numerator-nonzero
EXCLUDED (100,45,2,35): conference-numerator-nonzero
EXCLUDED (100,46,45,0): nonintegral-multiplicity
EXCLUDED (100,47,46,0): nonintegral-multiplicity
EXCLUDED (100,48,47,0): nonintegral-multiplicity
EXCLUDED (100,48,30,16): nonintegral-multiplicity
EXCLUDED (100,48,13,32): conference-numerator-nonzero
EXCLUDED (100,50,49,0): nonintegral-multiplicity
EXCLUDED (100,50,0,50): eigenvalue-sign
EXCLUDED (100,51,50,0): nonintegral-multiplicity
EXCLUDED (100,51,34,17): conference-numerator-nonzero
EXCLUDED (100,51,18,34): nonintegral-multiplicity
EXCLUDED (100,51,2,51): nonintegral-multiplicity
EXCLUDED (100,52,51,0): nonintegral-multiplicity
EXCLUDED (100,52,4,52): nonintegral-multiplicity
EXCLUDED (100,53,52,0): nonintegral-multiplicity
EXCLUDED (100,53,6,53): nonintegral-multiplicity
EXCLUDED (100,54,53,0): nonintegral-multiplicity
EXCLUDED (100,54,48,6): conference-numerator-nonzero
EXCLUDED (100,54,43,12): conference-numerator-nonzero
EXCLUDED (100,54,38,18): conference-numerator-nonzero
EXCLUDED (100,54,33,24): conference-numerator-nonzero
EXCLUDED (100,54,23,36): conference-numerator-nonzero
EXCLUDED (100,54,18,42): conference-numerator-nonzero
EXCLUDED (100,54,13,48): conference-numerator-nonzero
EXCLUDED (100,54,8,54): nonintegral-multiplicity
EXCLUDED (100,55,54,0): nonintegral-multiplicity
EXCLUDED (100,55,50,5): conference-numerator-nonzero
EXCLUDED (100,55,46,10): conference-numerator-nonzero
EXCLUDED (100,55,42,15): conference-numerator-nonzero
EXCLUDED (100,55,38,20): conference-numerator-nonzero
EXCLUDED (100,55,34,25): conference-numerator-nonzero
EXCLUDED (100,55,26,35): conference-numerator-nonzero
EXCLUDED (100,55,22,40): conference-numerator-nonzero
EXCLUDED (100,55,18,45): conference-numerator-nonzero
EXCLUDED (100,55,14,50): conference-numerator-nonzero
EXCLUDED (100,55,10,55): nonintegral-multiplicity
EXCLUDED (100,56,55,0): nonintegral-multiplicity
EXCLUDED (100,56,12,56): nonintegral-multiplicity
EXCLUDED (100,57,56,0): nonintegral-multiplicity
EXCLUDED (100,57,42,19): conference-numerator-nonzero
EXCLUDED (100,57,28,38): conference-numerator-nonzero
EXCLUDED (100,57,14,57): nonintegral-multiplicity
EXCLUDED (100,58,57,0): nonintegral-multiplicity
EXCLUDED (100,58,16,58): nonintegral-multiplicity
EXCLUDED (100,59,58,0): nonintegral-multiplicity
EXCLUDED (100,59,18,59): nonintegral-multiplicity
EXCLUDED (100,60,59,0): nonintegral-multiplicity
EXCLUDED (100,60,46,20): conference-numerator-nonzero
EXCLUDED (100,60,33,40): conference-numerator-nonzero
EXCLUDED (100,60,20,60): nonintegral-multiplicity
EXCLUDED (100,61,60,0): nonintegral-multiplicity
EXCLUDED (100,61,22,61): nonintegral-multiplicity
EXCLUDED (100,62,61,0): nonintegral-multiplicity
EXCLUDED (100,62,24,62): nonintegral-multiplicity
EXCLUDED (100,63,62,0): nonintegral-multiplicity
EXCLUDED (100,63,58,7): conference-numerator-nonzero
EXCLUDED (100,63,54,14): conference-numerator-nonzero
EXCLUDED (100,63,50,21): conference-numerator-nonzero
EXCLUDED (100,63,46,28): conference-numerator-nonzero
EXCLUDED (100,63,42,35): conference-numerator-nonzero
EXCLUDED (100,63,34,49): conference-numerator-nonzero
EXCLUDED (100,63,30,56): conference-numerator-nonzero
EXCLUDED (100,63,26,63): nonintegral-multiplicity
EXCLUDED (100,64,63,0): nonintegral-multiplicity
EXCLUDED (100,64,28,64): nonintegral-multiplicity
EXCLUDED (100,65,64,0): nonintegral-multiplicity
EXCLUDED (100,65,30,65): nonintegral-multiplicity
EXCLUDED (100,66,65,0): nonintegral-multiplicity
EXCLUDED (100,66,64,2): conference-numerator-nonzero
EXCLUDED (100,66,63,4): conference-numerator-nonzero
EXCLUDED (100,66,62,6): conference-numerator-nonzero
EXCLUDED (100,66,61,8): conference-numerator-nonzero
EXCLUDED (100,66,60,10): conference-numerator-nonzero
EXCLUDED (100,66,59,12): conference-numerator-nonzero
EXCLUDED (100,66,58,14): conference-numerator-nonzero
EXCLUDED (100,66,57,16): conference-numerator-nonzero
EXCLUDED (100,66,56,18): conference-numerator-nonzero
EXCLUDED (100,66,55,20): conference-numerator-nonzero
EXCLUDED (100,66,54,22): conference-numerator-nonzero
EXCLUDED (100,66,53,24): conference-numerator-nonzero
EXCLUDED (100,66,52,26): conference-numerator-nonzero
EXCLUDED (100,66,51,28): conference-numerator-nonzero
EXCLUDED (100,66,50,30): conference-numerator-nonzero
EXCLUDED (100,66,49,32): conference-numerator-nonzero
EXCLUDED (100,66,48,34): nonintegral-multiplicity
EXCLUDED (100,66,47,36): conference-numerator-nonzero
EXCLUDED (100,66,46,38): conference-numerator-nonzero
EXCLUDED (100,66,45,40): conference-numerator-nonzero
EXCLUDED (100,66,43,44): conference-numerator-nonzero
EXCLUDED (100,66,42,46): conference-numerator-nonzero
EXCLUDED (100,66,40,50): conference-numerator-nonzero
OBSTRUCTED (100,66,39,52)
EXCLUDED (100,66,38,54): conference-numerator-nonzero
EXCLUDED (100,66,37,56): conference-numerator-nonzero
EXCLUDED (100,66,36,58): conference-numerator-nonzero
EXCLUDED (100,66,35,60): conference-numerator-nonzero
EXCLUDED (100,66,34,62): conference-numerator-nonzero
EXCLUDED (100,66,33,64): conference-numerator-nonzero
EXCLUDED (100,66,32,66): nonintegral-multiplicity
EXCLUDED (100,67,66,0): nonintegral-multiplicity
EXCLUDED (100,67,34,67): nonintegral-multiplicity
EXCLUDED (100,68,67,0): nonintegral-multiplicity
EXCLUDED (100,68,36,68): nonintegral-multiplicity
EXCLUDED (100,69,68,0): nonintegral-multiplicity
EXCLUDED (100,69,58,23): conference-numerator-nonzero
EXCLUDED (100,69,48,46): conference-numerator-nonzero
EXCLUDED (100,69,38,69): nonintegral-multiplicity
EXCLUDED (100,70,69,0): nonintegral-multiplicity
EXCLUDED (100,70,40,70): nonintegral-multiplicity
EXCLUDED (100,71,70,0): nonintegral-multiplicity
EXCLUDED (100,71,42,71): nonintegral-multiplicity
EXCLUDED (100,72,71,0): nonintegral-multiplicity
EXCLUDED (100,72,68,8): conference-numerator-nonzero
EXCLUDED (100,72,65,16): conference-numerator-nonzero
EXCLUDED (100,72,62,24): conference-numerator-nonzero
EXCLUDED (100,72,59,32): conference-numerator-nonzero
EXCLUDED (100,72,56,40): conference-numerator-nonzero
EXCLUDED (100,72,53,48): nonintegral-multiplicity
EXCLUDED (100,72,47,64): conference-numerator-nonzero
EXCLUDED (100,72,44,72): nonintegral-multiplicity
EXCLUDED (100,73,72,0): nonintegral-multiplicity
EXCLUDED (100,73,46,73): nonintegral-multiplicity
EXCLUDED (100,74,73,0): nonintegral-multiplicity
EXCLUDED (100,74,48,74): nonintegral-multiplicity
EXCLUDED (100,75,74,0): nonintegral-multiplicity
EXCLUDED (100,75,66,25): conference-numerator-nonzero
EXCLUDED (100,75,58,50): conference-numerator-nonzero
EXCLUDED (100,75,50,75): eigenvalue-sign
EXCLUDED (100,76,75,0): nonintegral-multiplicity
EXCLUDED (100,76,52,76): nonintegral-multiplicity
EXCLUDED (100,77,76,0): nonintegral-multiplicity
EXCLUDED (100,77,74,7): conference-numerator-nonzero
EXCLUDED (100,77,72,14): conference-numerator-nonzero
EXCLUDED (100,77,70,21): conference-numerator-nonzero
EXCLUDED (100,77,68,28): conference-numerator-nonzero
EXCLUDED (100,77,66,35): conference-numerator-nonzero
EXCLUDED (100,77,64,42): conference-numerator-nonzero
EXCLUDED (100,77,62,49): conference-numerator-nonzero
EXCLUDED (100,77,58,63): nonintegral-multiplicity
EXCLUDED (100,77,56,70): conference-numerator-nonzero
EXCLUDED (100,77,54,77): nonintegral-multiplicity
EXCLUDED (100,78,77,0): nonintegral-multiplicity
EXCLUDED (100,78,70,26): conference-numerator-nonzero
OBSTRUCTED (100,78,63,52)
EXCLUDED (100,78,56,78): nonintegral-multiplicity
EXCLUDED (100,79,78,0): nonintegral-multiplicity
EXCLUDED (100,79,58,79): nonintegral-multiplicity
EXCLUDED (100,80,79,0): nonintegral-multiplicity
EXCLUDED (100,80,60,80): eigenvalue-sign
EXCLUDED (100,81,80,0): nonintegral-multiplicity
EXCLUDED (100,81,78,9): conference-numerator-nonzero
EXCLUDED (100,81,76,18): conference-numerator-nonzero
EXCLUDED (100,81,74,27): conference-numerator-nonzero
EXCLUDED (100,81,72,36): conference-numerator-nonzero
EXCLUDED (100,81,70,45): conference-numerator-nonzero
EXCLUDED (100,81,68,54): conference-numerator-nonzero
OBSTRUCTED (100,81,66,63)
EXCLUDED (100,81,62,81): nonintegral-multiplicity
EXCLUDED (100,82,81,0): nonintegral-multiplicity
EXCLUDED (100,82,64,82): nonintegral-multiplicity
EXCLUDED (100,83,82,0): nonintegral-multiplicity
EXCLUDED (100,83,66,83): nonintegral-multiplicity
EXCLUDED (100,84,83,0): nonintegral-multiplicity
EXCLUDED (100,84,78,28): conference-numerator-nonzero
EXCLUDED (100,84,73,56): conference-numerator-nonzero
EXCLUDED (100,84,68,84): nonintegral-multiplicity
EXCLUDED (100,85,84,0): nonintegral-multiplicity
EXCLUDED (100,85,70,85): nonintegral-multiplicity
EXCLUDED (100,86,85,0): nonintegral-multiplicity
EXCLUDED (100,86,72,86): nonintegral-multiplicity
EXCLUDED (100,87,86,0): nonintegral-multiplicity
EXCLUDED (100,87,82,29): conference-numerator-nonzero
EXCLUDED (100,87,78,58): conference-numerator-nonzero
EXCLUDED (100,87,74,87): nonintegral-multiplicity
EXCLUDED (100,88,87,0): nonintegral-multiplicity
EXCLUDED (100,88,86,8): conference-numerator-nonzero
EXCLUDED (100,88,85,16): conference-numerator-nonzero
EXCLUDED (100,88,84,24): conference-numerator-nonzero
EXCLUDED (100,88,83,32): conference-numerator-nonzero
EXCLUDED (100,88,82,40): conference-numerator-nonzero
EXCLUDED (100,88,81,48): conference-numerator-nonzero
EXCLUDED (100,88,80,56): conference-numerator-nonzero
EXCLUDED (100,88,79,64): conference-numerator-nonzero
OBSTRUCTED (100,88,78,72)
EXCLUDED (100,88,77,80): conference-numerator-nonzero
EXCLUDED (100,88,76,88): nonintegral-multiplicity
EXCLUDED (100,89,88,0): nonintegral-multiplicity
EXCLUDED (100,89,78,89): nonintegral-multiplicity
EXCLUDED (100,90,89,0): nonintegral-multiplicity
EXCLUDED (100,90,88,10): conference-numerator-nonzero
EXCLUDED (100,90,87,20): conference-numerator-nonzero
EXCLUDED (100,90,86,30): conference-numerator-nonzero
EXCLUDED (100,90,85,40): conference-numerator-nonzero
EXCLUDED (100,90,84,50): conference-numerator-nonzero
EXCLUDED (100,90,83,60): conference-numerator-nonzero
EXCLUDED (100,90,82,70): conference-numerator-nonzero
EXCLUDED (100,90,81,80): conference-numerator-nonzero
EXCLUDED (100,90,80,90): eigenvalue-sign
EXCLUDED (100,91,90,0): nonintegral-multiplicity
EXCLUDED (100,91,82,91): nonintegral-multiplicity
EXCLUDED (100,92,91,0): nonintegral-multiplicity
EXCLUDED (100,92,84,92): nonintegral-multiplicity
EXCLUDED (100,93,92,0): nonintegral-multiplicity
EXCLUDED (100,93,90,31): conference-numerator-nonzero
EXCLUDED (100,93,88,62): conference-numerator-nonzero
EXCLUDED (100,93,86,93): nonintegral-multiplicity
EXCLUDED (100,94,93,0): nonintegral-multiplicity
EXCLUDED (100,94,88,94): nonintegral-multiplicity
EXCLUDED (100,95,94,0): nonintegral-multiplicity
EXCLUDED (100,95,90,95): eigenvalue-sign
EXCLUDED (100,96,95,0): nonintegral-multiplicity
EXCLUDED (100,96,94,32): conference-numerator-nonzero
EXCLUDED (100,96,93,64): conference-numerator-nonzero
EXCLUDED (100,96,92,96): eigenvalue-sign
EXCLUDED (100,97,96,0): nonintegral-multiplicity
EXCLUDED (100,97,94,97): nonintegral-multiplicity
EXCLUDED (100,98,97,0): nonintegral-multiplicity
EXCLUDED (100,98,96,98): eigenvalue-sign
feasible-spectrum: 277, excluded: 9821
krein-FAIL: 15, absbound-FAIL: 18, absbound-TIGHT: 0
