r,c,size,diam
000,000,1,0
001,001,1,0
001,010,1,0
001,100,1,0
002,002,1,0
002,011,1,0
002,020,1,0
002,101,1,0
002,110,1,0
002,200,1,0
003,003,1,0
003,012,1,0
003,021,1,0
003,030,1,0
003,102,1,0
003,111,1,0
003,120,1,0
003,201,1,0
003,210,1,0
003,300,1,0
004,004,1,0
004,013,1,0
004,022,1,0
004,031,1,0
004,040,1,0
004,103,1,0
004,112,1,0
004,121,1,0
004,130,1,0
004,202,1,0
004,211,1,0
004,220,1,0
004,301,1,0
004,310,1,0
004,400,1,0
005,005,1,0
005,014,1,0
005,023,1,0
005,032,1,0
005,041,1,0
005,050,1,0
005,104,1,0
005,113,1,0
005,122,1,0
005,131,1,0
005,140,1,0
005,203,1,0
005,212,1,0
005,221,1,0
005,230,1,0
005,302,1,0
005,311,1,0
005,320,1,0
005,401,1,0
005,410,1,0
005,500,1,0
006,006,1,0
006,015,1,0
006,024,1,0
006,033,1,0
006,042,1,0
006,051,1,0
006,060,1,0
006,105,1,0
006,114,1,0
006,123,1,0
006,132,1,0
006,141,1,0
006,150,1,0
006,204,1,0
006,213,1,0
006,222,1,0
006,231,1,0
006,240,1,0
006,303,1,0
006,312,1,0
006,321,1,0
006,330,1,0
006,402,1,0
006,411,1,0
006,420,1,0
006,501,1,0
006,510,1,0
006,600,1,0
010,001,1,0
010,010,1,0
010,100,1,0
011,002,1,0
011,011,2,1
011,020,1,0
011,101,2,1
011,110,2,1
011,200,1,0
012,003,1,0
012,012,2,1
012,021,2,1
012,030,1,0
012,102,2,1
012,111,3,1
012,120,2,1
012,201,2,1
012,210,2,1
012,300,1,0
013,004,1,0
013,013,2,1
013,022,2,1
013,031,2,1
013,040,1,0
013,103,2,1
013,112,3,1
013,121,3,1
013,130,2,1
013,202,2,1
013,211,3,1
013,220,2,1
013,301,2,1
013,310,2,1
013,400,1,0
014,005,1,0
014,014,2,1
014,023,2,1
014,032,2,1
014,041,2,1
014,050,1,0
014,104,2,1
014,113,3,1
014,122,3,1
014,131,3,1
014,140,2,1
014,203,2,1
014,212,3,1
014,221,3,1
014,230,2,1
014,302,2,1
014,311,3,1
014,320,2,1
014,401,2,1
014,410,2,1
014,500,1,0
015,006,1,0
015,015,2,1
015,024,2,1
015,033,2,1
015,042,2,1
015,051,2,1
015,060,1,0
015,105,2,1
015,114,3,1
015,123,3,1
015,132,3,1
015,141,3,1
015,150,2,1
015,204,2,1
015,213,3,1
015,222,3,1
015,231,3,1
015,240,2,1
015,303,2,1
015,312,3,1
015,321,3,1
015,330,2,1
015,402,2,1
015,411,3,1
015,420,2,1
015,501,2,1
015,510,2,1
015,600,1,0
016,016,2,1
016,025,2,1
016,034,2,1
016,043,2,1
016,052,2,1
016,061,2,1
016,106,2,1
016,115,3,1
016,124,3,1
016,133,3,1
016,142,3,1
016,151,3,1
016,160,2,1
016,205,2,1
016,214,3,1
016,223,3,1
016,232,3,1
016,241,3,1
016,250,2,1
016,304,2,1
016,313,3,1
016,322,3,1
016,331,3,1
016,340,2,1
016,403,2,1
016,412,3,1
016,421,3,1
016,430,2,1
016,502,2,1
016,511,3,1
016,520,2,1
016,601,2,1
016,610,2,1
020,002,1,0
020,011,1,0
020,020,1,0
020,101,1,0
020,110,1,0
020,200,1,0
021,003,1,0
021,012,2,1
021,021,2,1
021,030,1,0
021,102,2,1
021,111,3,1
021,120,2,1
021,201,2,1
021,210,2,1
021,300,1,0
022,004,1,0
022,013,2,1
022,022,3,2
022,031,2,1
022,040,1,0
022,103,2,1
022,112,4,2
022,121,4,2
022,130,2,1
022,202,3,2
022,211,4,2
022,220,3,2
022,301,2,1
022,310,2,1
022,400,1,0
023,005,1,0
023,014,2,1
023,023,3,2
023,032,3,2
023,041,2,1
023,050,1,0
023,104,2,1
023,113,4,2
023,122,5,2
023,131,4,2
023,140,2,1
023,203,3,2
023,212,5,2
023,221,5,2
023,230,3,2
023,302,3,2
023,311,4,2
023,320,3,2
023,401,2,1
023,410,2,1
023,500,1,0
024,006,1,0
024,015,2,1
024,024,3,2
024,033,3,2
024,042,3,2
024,051,2,1
024,060,1,0
024,105,2,1
024,114,4,2
024,123,5,2
024,132,5,2
024,141,4,2
024,150,2,1
024,204,3,2
024,213,5,2
024,222,6,2
024,231,5,2
024,240,3,2
024,303,3,2
024,312,5,2
024,321,5,2
024,330,3,2
024,402,3,2
024,411,4,2
024,420,3,2
024,501,2,1
024,510,2,1
024,600,1,0
025,016,2,1
025,025,3,2
025,034,3,2
025,043,3,2
025,052,3,2
025,061,2,1
025,106,2,1
025,115,4,2
025,124,5,2
025,133,5,2
025,142,5,2
025,151,4,2
025,160,2,1
025,205,3,2
025,214,5,2
025,223,6,2
025,232,6,2
025,241,5,2
025,250,3,2
025,304,3,2
025,313,5,2
025,322,6,2
025,331,5,2
025,340,3,2
025,403,3,2
025,412,5,2
025,421,5,2
025,430,3,2
025,502,3,2
025,511,4,2
025,520,3,2
025,601,2,1
025,610,2,1
026,026,3,2
026,035,3,2
026,044,3,2
026,053,3,2
026,062,3,2
026,116,4,2
026,125,5,2
026,134,5,2
026,143,5,2
026,152,5,2
026,161,4,2
026,206,3,2
026,215,5,2
026,224,6,2
026,233,6,2
026,242,6,2
026,251,5,2
026,260,3,2
026,305,3,2
026,314,5,2
026,323,6,2
026,332,6,2
026,341,5,2
026,350,3,2
026,404,3,2
026,413,5,2
026,422,6,2
026,431,5,2
026,440,3,2
026,503,3,2
026,512,5,2
026,521,5,2
026,530,3,2
026,602,3,2
026,611,4,2
026,620,3,2
030,003,1,0
030,012,1,0
030,021,1,0
030,030,1,0
030,102,1,0
030,111,1,0
030,120,1,0
030,201,1,0
030,210,1,0
030,300,1,0
031,004,1,0
031,013,2,1
031,022,2,1
031,031,2,1
031,040,1,0
031,103,2,1
031,112,3,1
031,121,3,1
031,130,2,1
031,202,2,1
031,211,3,1
031,220,2,1
031,301,2,1
031,310,2,1
031,400,1,0
032,005,1,0
032,014,2,1
032,023,3,2
032,032,3,2
032,041,2,1
032,050,1,0
032,104,2,1
032,113,4,2
032,122,5,2
032,131,4,2
032,140,2,1
032,203,3,2
032,212,5,2
032,221,5,2
032,230,3,2
032,302,3,2
032,311,4,2
032,320,3,2
032,401,2,1
032,410,2,1
032,500,1,0
033,006,1,0
033,015,2,1
033,024,3,2
033,033,4,3
033,042,3,2
033,051,2,1
033,060,1,0
033,105,2,1
033,114,4,2
033,123,6,3
033,132,6,3
033,141,4,2
033,150,2,1
033,204,3,2
033,213,6,3
033,222,7,2
033,231,6,3
033,240,3,2
033,303,4,3
033,312,6,3
033,321,6,3
033,330,4,3
033,402,3,2
033,411,4,2
033,420,3,2
033,501,2,1
033,510,2,1
033,600,1,0
034,016,2,1
034,025,3,2
034,034,4,3
034,043,4,3
034,052,3,2
034,061,2,1
034,106,2,1
034,115,4,2
034,124,6,3
034,133,7,3
034,142,6,3
034,151,4,2
034,160,2,1
034,205,3,2
034,214,6,3
034,223,8,3
034,232,8,3
034,241,6,3
034,250,3,2
034,304,4,3
034,313,7,3
034,322,8,3
034,331,7,3
034,340,4,3
034,403,4,3
034,412,6,3
034,421,6,3
034,430,4,3
034,502,3,2
034,511,4,2
034,520,3,2
034,601,2,1
034,610,2,1
035,026,3,2
035,035,4,3
035,044,4,3
035,053,4,3
035,062,3,2
035,116,4,2
035,125,6,3
035,134,7,3
035,143,7,3
035,152,6,3
035,161,4,2
035,206,3,2
035,215,6,3
035,224,8,3
035,233,9,3
035,242,8,3
035,251,6,3
035,260,3,2
035,305,4,3
035,314,7,3
035,323,9,3
035,332,9,3
035,341,7,3
035,350,4,3
035,404,4,3
035,413,7,3
035,422,8,3
035,431,7,3
035,440,4,3
035,503,4,3
035,512,6,3
035,521,6,3
035,530,4,3
035,602,3,2
035,611,4,2
035,620,3,2
036,036,4,3
036,045,4,3
036,054,4,3
036,063,4,3
036,126,6,3
036,135,7,3
036,144,7,3
036,153,7,3
036,162,6,3
036,216,6,3
036,225,8,3
036,234,9,3
036,243,9,3
036,252,8,3
036,261,6,3
036,306,4,3
036,315,7,3
036,324,9,3
036,333,10,3
036,342,9,3
036,351,7,3
036,360,4,3
036,405,4,3
036,414,7,3
036,423,9,3
036,432,9,3
036,441,7,3
036,450,4,3
036,504,4,3
036,513,7,3
036,522,8,3
036,531,7,3
036,540,4,3
036,603,4,3
036,612,6,3
036,621,6,3
036,630,4,3
040,004,1,0
040,013,1,0
040,022,1,0
040,031,1,0
040,040,1,0
040,103,1,0
040,112,1,0
040,121,1,0
040,130,1,0
040,202,1,0
040,211,1,0
040,220,1,0
040,301,1,0
040,310,1,0
040,400,1,0
041,005,1,0
041,014,2,1
041,023,2,1
041,032,2,1
041,041,2,1
041,050,1,0
041,104,2,1
041,113,3,1
041,122,3,1
041,131,3,1
041,140,2,1
041,203,2,1
041,212,3,1
041,221,3,1
041,230,2,1
041,302,2,1
041,311,3,1
041,320,2,1
041,401,2,1
041,410,2,1
041,500,1,0
042,006,1,0
042,015,2,1
042,024,3,2
042,033,3,2
042,042,3,2
042,051,2,1
042,060,1,0
042,105,2,1
042,114,4,2
042,123,5,2
042,132,5,2
042,141,4,2
042,150,2,1
042,204,3,2
042,213,5,2
042,222,6,2
042,231,5,2
042,240,3,2
042,303,3,2
042,312,5,2
042,321,5,2
042,330,3,2
042,402,3,2
042,411,4,2
042,420,3,2
042,501,2,1
042,510,2,1
042,600,1,0
043,016,2,1
043,025,3,2
043,034,4,3
043,043,4,3
043,052,3,2
043,061,2,1
043,106,2,1
043,115,4,2
043,124,6,3
043,133,7,3
043,142,6,3
043,151,4,2
043,160,2,1
043,205,3,2
043,214,6,3
043,223,8,3
043,232,8,3
043,241,6,3
043,250,3,2
043,304,4,3
043,313,7,3
043,322,8,3
043,331,7,3
043,340,4,3
043,403,4,3
043,412,6,3
043,421,6,3
043,430,4,3
043,502,3,2
043,511,4,2
043,520,3,2
043,601,2,1
043,610,2,1
044,026,3,2
044,035,4,3
044,044,5,4
044,053,4,3
044,062,3,2
044,116,4,2
044,125,6,3
044,134,8,4
044,143,8,4
044,152,6,3
044,161,4,2
044,206,3,2
044,215,6,3
044,224,9,4
044,233,10,3
044,242,9,4
044,251,6,3
044,260,3,2
044,305,4,3
044,314,8,4
044,323,10,3
044,332,10,3
044,341,8,4
044,350,4,3
044,404,5,4
044,413,8,4
044,422,9,4
044,431,8,4
044,440,5,4
044,503,4,3
044,512,6,3
044,521,6,3
044,530,4,3
044,602,3,2
044,611,4,2
044,620,3,2
045,036,4,3
045,045,5,4
045,054,5,4
045,063,4,3
045,126,6,3
045,135,8,4
045,144,9,4
045,153,8,4
045,162,6,3
045,216,6,3
045,225,9,4
045,234,11,4
045,243,11,4
045,252,9,4
045,261,6,3
045,306,4,3
045,315,8,4
045,324,11,4
045,333,12,3
045,342,11,4
045,351,8,4
045,360,4,3
045,405,5,4
045,414,9,4
045,423,11,4
045,432,11,4
045,441,9,4
045,450,5,4
045,504,5,4
045,513,8,4
045,522,9,4
045,531,8,4
045,540,5,4
045,603,4,3
045,612,6,3
045,621,6,3
045,630,4,3
046,046,5,4
046,055,5,4
046,064,5,4
046,136,8,4
046,145,9,4
046,154,9,4
046,163,8,4
046,226,9,4
046,235,11,4
046,244,12,4
046,253,11,4
046,262,9,4
046,316,8,4
046,325,11,4
046,334,13,4
046,343,13,4
046,352,11,4
046,361,8,4
046,406,5,4
046,415,9,4
046,424,12,4
046,433,13,4
046,442,12,4
046,451,9,4
046,460,5,4
046,505,5,4
046,514,9,4
046,523,11,4
046,532,11,4
046,541,9,4
046,550,5,4
046,604,5,4
046,613,8,4
046,622,9,4
046,631,8,4
046,640,5,4
050,005,1,0
050,014,1,0
050,023,1,0
050,032,1,0
050,041,1,0
050,050,1,0
050,104,1,0
050,113,1,0
050,122,1,0
050,131,1,0
050,140,1,0
050,203,1,0
050,212,1,0
050,221,1,0
050,230,1,0
050,302,1,0
050,311,1,0
050,320,1,0
050,401,1,0
050,410,1,0
050,500,1,0
051,006,1,0
051,015,2,1
051,024,2,1
051,033,2,1
051,042,2,1
051,051,2,1
051,060,1,0
051,105,2,1
051,114,3,1
051,123,3,1
051,132,3,1
051,141,3,1
051,150,2,1
051,204,2,1
051,213,3,1
051,222,3,1
051,231,3,1
051,240,2,1
051,303,2,1
051,312,3,1
051,321,3,1
051,330,2,1
051,402,2,1
051,411,3,1
051,420,2,1
051,501,2,1
051,510,2,1
051,600,1,0
052,016,2,1
052,025,3,2
052,034,3,2
052,043,3,2
052,052,3,2
052,061,2,1
052,106,2,1
052,115,4,2
052,124,5,2
052,133,5,2
052,142,5,2
052,151,4,2
052,160,2,1
052,205,3,2
052,214,5,2
052,223,6,2
052,232,6,2
052,241,5,2
052,250,3,2
052,304,3,2
052,313,5,2
052,322,6,2
052,331,5,2
052,340,3,2
052,403,3,2
052,412,5,2
052,421,5,2
052,430,3,2
052,502,3,2
052,511,4,2
052,520,3,2
052,601,2,1
052,610,2,1
053,026,3,2
053,035,4,3
053,044,4,3
053,053,4,3
053,062,3,2
053,116,4,2
053,125,6,3
053,134,7,3
053,143,7,3
053,152,6,3
053,161,4,2
053,206,3,2
053,215,6,3
053,224,8,3
053,233,9,3
053,242,8,3
053,251,6,3
053,260,3,2
053,305,4,3
053,314,7,3
053,323,9,3
053,332,9,3
053,341,7,3
053,350,4,3
053,404,4,3
053,413,7,3
053,422,8,3
053,431,7,3
053,440,4,3
053,503,4,3
053,512,6,3
053,521,6,3
053,530,4,3
053,602,3,2
053,611,4,2
053,620,3,2
054,036,4,3
054,045,5,4
054,054,5,4
054,063,4,3
054,126,6,3
054,135,8,4
054,144,9,4
054,153,8,4
054,162,6,3
054,216,6,3
054,225,9,4
054,234,11,4
054,243,11,4
054,252,9,4
054,261,6,3
054,306,4,3
054,315,8,4
054,324,11,4
054,333,12,3
054,342,11,4
054,351,8,4
054,360,4,3
054,405,5,4
054,414,9,4
054,423,11,4
054,432,11,4
054,441,9,4
054,450,5,4
054,504,5,4
054,513,8,4
054,522,9,4
054,531,8,4
054,540,5,4
054,603,4,3
054,612,6,3
054,621,6,3
054,630,4,3
055,046,5,4
055,055,6,5
055,064,5,4
055,136,8,4
055,145,10,5
055,154,10,5
055,163,8,4
055,226,9,4
055,235,12,5
055,244,13,4
055,253,12,5
055,262,9,4
055,316,8,4
055,325,12,5
055,334,14,4
055,343,14,4
055,352,12,5
055,361,8,4
055,406,5,4
055,415,10,5
055,424,13,4
055,433,14,4
055,442,13,4
055,451,10,5
055,460,5,4
055,505,6,5
055,514,10,5
055,523,12,5
055,532,12,5
055,541,10,5
055,550,6,5
055,604,5,4
055,613,8,4
055,622,9,4
055,631,8,4
055,640,5,4
056,056,6,5
056,065,6,5
056,146,10,5
056,155,11,5
056,164,10,5
056,236,12,5
056,245,14,5
056,254,14,5
056,263,12,5
056,326,12,5
056,335,15,5
056,344,16,4
056,353,15,5
056,362,12,5
056,416,10,5
056,425,14,5
056,434,16,4
056,443,16,4
056,452,14,5
056,461,10,5
056,506,6,5
056,515,11,5
056,524,14,5
056,533,15,5
056,542,14,5
056,551,11,5
056,560,6,5
056,605,6,5
056,614,10,5
056,623,12,5
056,632,12,5
056,641,10,5
056,650,6,5
060,006,1,0
060,015,1,0
060,024,1,0
060,033,1,0
060,042,1,0
060,051,1,0
060,060,1,0
060,105,1,0
060,114,1,0
060,123,1,0
060,132,1,0
060,141,1,0
060,150,1,0
060,204,1,0
060,213,1,0
060,222,1,0
060,231,1,0
060,240,1,0
060,303,1,0
060,312,1,0
060,321,1,0
060,330,1,0
060,402,1,0
060,411,1,0
060,420,1,0
060,501,1,0
060,510,1,0
060,600,1,0
061,016,2,1
061,025,2,1
061,034,2,1
061,043,2,1
061,052,2,1
061,061,2,1
061,106,2,1
061,115,3,1
061,124,3,1
061,133,3,1
061,142,3,1
061,151,3,1
061,160,2,1
061,205,2,1
061,214,3,1
061,223,3,1
061,232,3,1
061,241,3,1
061,250,2,1
061,304,2,1
061,313,3,1
061,322,3,1
061,331,3,1
061,340,2,1
061,403,2,1
061,412,3,1
061,421,3,1
061,430,2,1
061,502,2,1
061,511,3,1
061,520,2,1
061,601,2,1
061,610,2,1
062,026,3,2
062,035,3,2
062,044,3,2
062,053,3,2
062,062,3,2
062,116,4,2
062,125,5,2
062,134,5,2
062,143,5,2
062,152,5,2
062,161,4,2
062,206,3,2
062,215,5,2
062,224,6,2
062,233,6,2
062,242,6,2
062,251,5,2
062,260,3,2
062,305,3,2
062,314,5,2
062,323,6,2
062,332,6,2
062,341,5,2
062,350,3,2
062,404,3,2
062,413,5,2
062,422,6,2
062,431,5,2
062,440,3,2
062,503,3,2
062,512,5,2
062,521,5,2
062,530,3,2
062,602,3,2
062,611,4,2
062,620,3,2
063,036,4,3
063,045,4,3
063,054,4,3
063,063,4,3
063,126,6,3
063,135,7,3
063,144,7,3
063,153,7,3
063,162,6,3
063,216,6,3
063,225,8,3
063,234,9,3
063,243,9,3
063,252,8,3
063,261,6,3
063,306,4,3
063,315,7,3
063,324,9,3
063,333,10,3
063,342,9,3
063,351,7,3
063,360,4,3
063,405,4,3
063,414,7,3
063,423,9,3
063,432,9,3
063,441,7,3
063,450,4,3
063,504,4,3
063,513,7,3
063,522,8,3
063,531,7,3
063,540,4,3
063,603,4,3
063,612,6,3
063,621,6,3
063,630,4,3
064,046,5,4
064,055,5,4
064,064,5,4
064,136,8,4
064,145,9,4
064,154,9,4
064,163,8,4
064,226,9,4
064,235,11,4
064,244,12,4
064,253,11,4
064,262,9,4
064,316,8,4
064,325,11,4
064,334,13,4
064,343,13,4
064,352,11,4
064,361,8,4
064,406,5,4
064,415,9,4
064,424,12,4
064,433,13,4
064,442,12,4
064,451,9,4
064,460,5,4
064,505,5,4
064,514,9,4
064,523,11,4
064,532,11,4
064,541,9,4
064,550,5,4
064,604,5,4
064,613,8,4
064,622,9,4
064,631,8,4
064,640,5,4
065,056,6,5
065,065,6,5
065,146,10,5
065,155,11,5
065,164,10,5
065,236,12,5
065,245,14,5
065,254,14,5
065,263,12,5
065,326,12,5
065,335,15,5
065,344,16,4
065,353,15,5
065,362,12,5
065,416,10,5
065,425,14,5
065,434,16,4
065,443,16,4
065,452,14,5
065,461,10,5
065,506,6,5
065,515,11,5
065,524,14,5
065,533,15,5
065,542,14,5
065,551,11,5
065,560,6,5
065,605,6,5
065,614,10,5
065,623,12,5
065,632,12,5
065,641,10,5
065,650,6,5
066,066,7,6
066,156,12,6
066,165,12,6
066,246,15,6
066,255,16,5
066,264,15,6
066,336,16,6
066,345,18,5
066,354,18,5
066,363,16,6
066,426,15,6
066,435,18,5
066,444,19,4
066,453,18,5
066,462,15,6
066,516,12,6
066,525,16,5
066,534,18,5
066,543,18,5
066,552,16,5
066,561,12,6
066,606,7,6
066,615,12,6
066,624,15,6
066,633,16,6
066,642,15,6
066,651,12,6
066,660,7,6
100,001,1,0
100,010,1,0
100,100,1,0
101,002,1,0
101,011,2,1
101,020,1,0
101,101,2,1
101,110,2,1
101,200,1,0
102,003,1,0
102,012,2,1
102,021,2,1
102,030,1,0
102,102,2,1
102,111,3,1
102,120,2,1
102,201,2,1
102,210,2,1
102,300,1,0
103,004,1,0
103,013,2,1
103,022,2,1
103,031,2,1
103,040,1,0
103,103,2,1
103,112,3,1
103,121,3,1
103,130,2,1
103,202,2,1
103,211,3,1
103,220,2,1
103,301,2,1
103,310,2,1
103,400,1,0
104,005,1,0
104,014,2,1
104,023,2,1
104,032,2,1
104,041,2,1
104,050,1,0
104,104,2,1
104,113,3,1
104,122,3,1
104,131,3,1
104,140,2,1
104,203,2,1
104,212,3,1
104,221,3,1
104,230,2,1
104,302,2,1
104,311,3,1
104,320,2,1
104,401,2,1
104,410,2,1
104,500,1,0
105,006,1,0
105,015,2,1
105,024,2,1
105,033,2,1
105,042,2,1
105,051,2,1
105,060,1,0
105,105,2,1
105,114,3,1
105,123,3,1
105,132,3,1
105,141,3,1
105,150,2,1
105,204,2,1
105,213,3,1
105,222,3,1
105,231,3,1
105,240,2,1
105,303,2,1
105,312,3,1
105,321,3,1
105,330,2,1
105,402,2,1
105,411,3,1
105,420,2,1
105,501,2,1
105,510,2,1
105,600,1,0
106,016,2,1
106,025,2,1
106,034,2,1
106,043,2,1
106,052,2,1
106,061,2,1
106,106,2,1
106,115,3,1
106,124,3,1
106,133,3,1
106,142,3,1
106,151,3,1
106,160,2,1
106,205,2,1
106,214,3,1
106,223,3,1
106,232,3,1
106,241,3,1
106,250,2,1
106,304,2,1
106,313,3,1
106,322,3,1
106,331,3,1
106,340,2,1
106,403,2,1
106,412,3,1
106,421,3,1
106,430,2,1
106,502,2,1
106,511,3,1
106,520,2,1
106,601,2,1
106,610,2,1
110,002,1,0
110,011,2,1
110,020,1,0
110,101,2,1
110,110,2,1
110,200,1,0
111,003,1,0
111,012,3,1
111,021,3,1
111,030,1,0
111,102,3,1
111,111,6,2
111,120,3,1
111,201,3,1
111,210,3,1
111,300,1,0
112,004,1,0
112,013,3,1
112,022,4,2
112,031,3,1
112,040,1,0
112,103,3,1
112,112,7,2
112,121,7,2
112,130,3,1
112,202,4,2
112,211,7,2
112,220,4,2
112,301,3,1
112,310,3,1
112,400,1,0
113,005,1,0
113,014,3,1
113,023,4,2
113,032,4,2
113,041,3,1
113,050,1,0
113,104,3,1
113,113,7,2
113,122,8,2
113,131,7,2
113,140,3,1
113,203,4,2
113,212,8,2
113,221,8,2
113,230,4,2
113,302,4,2
113,311,7,2
113,320,4,2
113,401,3,1
113,410,3,1
113,500,1,0
114,006,1,0
114,015,3,1
114,024,4,2
114,033,4,2
114,042,4,2
114,051,3,1
114,060,1,0
114,105,3,1
114,114,7,2
114,123,8,2
114,132,8,2
114,141,7,2
114,150,3,1
114,204,4,2
114,213,8,2
114,222,9,2
114,231,8,2
114,240,4,2
114,303,4,2
114,312,8,2
114,321,8,2
114,330,4,2
114,402,4,2
114,411,7,2
114,420,4,2
114,501,3,1
114,510,3,1
114,600,1,0
115,016,3,1
115,025,4,2
115,034,4,2
115,043,4,2
115,052,4,2
115,061,3,1
115,106,3,1
115,115,7,2
115,124,8,2
115,133,8,2
115,142,8,2
115,151,7,2
115,160,3,1
115,205,4,2
115,214,8,2
115,223,9,2
115,232,9,2
115,241,8,2
115,250,4,2
115,304,4,2
115,313,8,2
115,322,9,2
115,331,8,2
115,340,4,2
115,403,4,2
115,412,8,2
115,421,8,2
115,430,4,2
115,502,4,2
115,511,7,2
115,520,4,2
115,601,3,1
115,610,3,1
116,026,4,2
116,035,4,2
116,044,4,2
116,053,4,2
116,062,4,2
116,116,7,2
116,125,8,2
116,134,8,2
116,143,8,2
116,152,8,2
116,161,7,2
116,206,4,2
116,215,8,2
116,224,9,2
116,233,9,2
116,242,9,2
116,251,8,2
116,260,4,2
116,305,4,2
116,314,8,2
116,323,9,2
116,332,9,2
116,341,8,2
116,350,4,2
116,404,4,2
116,413,8,2
116,422,9,2
116,431,8,2
116,440,4,2
116,503,4,2
116,512,8,2
116,521,8,2
116,530,4,2
116,602,4,2
116,611,7,2
116,620,4,2
120,003,1,0
120,012,2,1
120,021,2,1
120,030,1,0
120,102,2,1
120,111,3,1
120,120,2,1
120,201,2,1
120,210,2,1
120,300,1,0
121,004,1,0
121,013,3,1
121,022,4,2
121,031,3,1
121,040,1,0
121,103,3,1
121,112,7,2
121,121,7,2
121,130,3,1
121,202,4,2
121,211,7,2
121,220,4,2
121,301,3,1
121,310,3,1
121,400,1,0
122,005,1,0
122,014,3,1
122,023,5,2
122,032,5,2
122,041,3,1
122,050,1,0
122,104,3,1
122,113,8,2
122,122,11,3
122,131,8,2
122,140,3,1
122,203,5,2
122,212,11,3
122,221,11,3
122,230,5,2
122,302,5,2
122,311,8,2
122,320,5,2
122,401,3,1
122,410,3,1
122,500,1,0
123,006,1,0
123,015,3,1
123,024,5,2
123,033,6,3
123,042,5,2
123,051,3,1
123,060,1,0
123,105,3,1
123,114,8,2
123,123,12,3
123,132,12,3
123,141,8,2
123,150,3,1
123,204,5,2
123,213,12,3
123,222,15,3
123,231,12,3
123,240,5,2
123,303,6,3
123,312,12,3
123,321,12,3
123,330,6,3
123,402,5,2
123,411,8,2
123,420,5,2
123,501,3,1
123,510,3,1
123,600,1,0
124,016,3,1
124,025,5,2
124,034,6,3
124,043,6,3
124,052,5,2
124,061,3,1
124,106,3,1
124,115,8,2
124,124,12,3
124,133,13,3
124,142,12,3
124,151,8,2
124,160,3,1
124,205,5,2
124,214,12,3
124,223,16,3
124,232,16,3
124,241,12,3
124,250,5,2
124,304,6,3
124,313,13,3
124,322,16,3
124,331,13,3
124,340,6,3
124,403,6,3
124,412,12,3
124,421,12,3
124,430,6,3
124,502,5,2
124,511,8,2
124,520,5,2
124,601,3,1
124,610,3,1
125,026,5,2
125,035,6,3
125,044,6,3
125,053,6,3
125,062,5,2
125,116,8,2
125,125,12,3
125,134,13,3
125,143,13,3
125,152,12,3
125,161,8,2
125,206,5,2
125,215,12,3
125,224,16,3
125,233,17,3
125,242,16,3
125,251,12,3
125,260,5,2
125,305,6,3
125,314,13,3
125,323,17,3
125,332,17,3
125,341,13,3
125,350,6,3
125,404,6,3
125,413,13,3
125,422,16,3
125,431,13,3
125,440,6,3
125,503,6,3
125,512,12,3
125,521,12,3
125,530,6,3
125,602,5,2
125,611,8,2
125,620,5,2
126,036,6,3
126,045,6,3
126,054,6,3
126,063,6,3
126,126,12,3
126,135,13,3
126,144,13,3
126,153,13,3
126,162,12,3
126,216,12,3
126,225,16,3
126,234,17,3
126,243,17,3
126,252,16,3
126,261,12,3
126,306,6,3
126,315,13,3
126,324,17,3
126,333,18,3
126,342,17,3
126,351,13,3
126,360,6,3
126,405,6,3
126,414,13,3
126,423,17,3
126,432,17,3
126,441,13,3
126,450,6,3
126,504,6,3
126,513,13,3
126,522,16,3
126,531,13,3
126,540,6,3
126,603,6,3
126,612,12,3
126,621,12,3
126,630,6,3
130,004,1,0
130,013,2,1
130,022,2,1
130,031,2,1
130,040,1,0
130,103,2,1
130,112,3,1
130,121,3,1
130,130,2,1
130,202,2,1
130,211,3,1
130,220,2,1
130,301,2,1
130,310,2,1
130,400,1,0
131,005,1,0
131,014,3,1
131,023,4,2
131,032,4,2
131,041,3,1
131,050,1,0
131,104,3,1
131,113,7,2
131,122,8,2
131,131,7,2
131,140,3,1
131,203,4,2
131,212,8,2
131,221,8,2
131,230,4,2
131,302,4,2
131,311,7,2
131,320,4,2
131,401,3,1
131,410,3,1
131,500,1,0
132,006,1,0
132,015,3,1
132,024,5,2
132,033,6,3
132,042,5,2
132,051,3,1
132,060,1,0
132,105,3,1
132,114,8,2
132,123,12,3
132,132,12,3
132,141,8,2
132,150,3,1
132,204,5,2
132,213,12,3
132,222,15,3
132,231,12,3
132,240,5,2
132,303,6,3
132,312,12,3
132,321,12,3
132,330,6,3
132,402,5,2
132,411,8,2
132,420,5,2
132,501,3,1
132,510,3,1
132,600,1,0
133,016,3,1
133,025,5,2
133,034,7,3
133,043,7,3
133,052,5,2
133,061,3,1
133,106,3,1
133,115,8,2
133,124,13,3
133,133,16,4
133,142,13,3
133,151,8,2
133,160,3,1
133,205,5,2
133,214,13,3
133,223,19,4
133,232,19,4
133,241,13,3
133,250,5,2
133,304,7,3
133,313,16,4
133,322,19,4
133,331,16,4
133,340,7,3
133,403,7,3
133,412,13,3
133,421,13,3
133,430,7,3
133,502,5,2
133,511,8,2
133,520,5,2
133,601,3,1
133,610,3,1
134,026,5,2
134,035,7,3
134,044,8,4
134,053,7,3
134,062,5,2
134,116,8,2
134,125,13,3
134,134,17,4
134,143,17,4
134,152,13,3
134,161,8,2
134,206,5,2
134,215,13,3
134,224,20,4
134,233,23,4
134,242,20,4
134,251,13,3
134,260,5,2
134,305,7,3
134,314,17,4
134,323,23,4
134,332,23,4
134,341,17,4
134,350,7,3
134,404,8,4
134,413,17,4
134,422,20,4
134,431,17,4
134,440,8,4
134,503,7,3
134,512,13,3
134,521,13,3
134,530,7,3
134,602,5,2
134,611,8,2
134,620,5,2
135,036,7,3
135,045,8,4
135,054,8,4
135,063,7,3
135,126,13,3
135,135,17,4
135,144,18,4
135,153,17,4
135,162,13,3
135,216,13,3
135,225,20,4
135,234,24,4
135,243,24,4
135,252,20,4
135,261,13,3
135,306,7,3
135,315,17,4
135,324,24,4
135,333,27,4
135,342,24,4
135,351,17,4
135,360,7,3
135,405,8,4
135,414,18,4
135,423,24,4
135,432,24,4
135,441,18,4
135,450,8,4
135,504,8,4
135,513,17,4
135,522,20,4
135,531,17,4
135,540,8,4
135,603,7,3
135,612,13,3
135,621,13,3
135,630,7,3
136,046,8,4
136,055,8,4
136,064,8,4
136,136,17,4
136,145,18,4
136,154,18,4
136,163,17,4
136,226,20,4
136,235,24,4
136,244,25,4
136,253,24,4
136,262,20,4
136,316,17,4
136,325,24,4
136,334,28,4
136,343,28,4
136,352,24,4
136,361,17,4
136,406,8,4
136,415,18,4
136,424,25,4
136,433,28,4
136,442,25,4
136,451,18,4
136,460,8,4
136,505,8,4
136,514,18,4
136,523,24,4
136,532,24,4
136,541,18,4
136,550,8,4
136,604,8,4
136,613,17,4
136,622,20,4
136,631,17,4
136,640,8,4
140,005,1,0
140,014,2,1
140,023,2,1
140,032,2,1
140,041,2,1
140,050,1,0
140,104,2,1
140,113,3,1
140,122,3,1
140,131,3,1
140,140,2,1
140,203,2,1
140,212,3,1
140,221,3,1
140,230,2,1
140,302,2,1
140,311,3,1
140,320,2,1
140,401,2,1
140,410,2,1
140,500,1,0
141,006,1,0
141,015,3,1
141,024,4,2
141,033,4,2
141,042,4,2
141,051,3,1
141,060,1,0
141,105,3,1
141,114,7,2
141,123,8,2
141,132,8,2
141,141,7,2
141,150,3,1
141,204,4,2
141,213,8,2
141,222,9,2
141,231,8,2
141,240,4,2
141,303,4,2
141,312,8,2
141,321,8,2
141,330,4,2
141,402,4,2
141,411,7,2
141,420,4,2
141,501,3,1
141,510,3,1
141,600,1,0
142,016,3,1
142,025,5,2
142,034,6,3
142,043,6,3
142,052,5,2
142,061,3,1
142,106,3,1
142,115,8,2
142,124,12,3
142,133,13,3
142,142,12,3
142,151,8,2
142,160,3,1
142,205,5,2
142,214,12,3
142,223,16,3
142,232,16,3
142,241,12,3
142,250,5,2
142,304,6,3
142,313,13,3
142,322,16,3
142,331,13,3
142,340,6,3
142,403,6,3
142,412,12,3
142,421,12,3
142,430,6,3
142,502,5,2
142,511,8,2
142,520,5,2
142,601,3,1
142,610,3,1
143,026,5,2
143,035,7,3
143,044,8,4
143,053,7,3
143,062,5,2
143,116,8,2
143,125,13,3
143,134,17,4
143,143,17,4
143,152,13,3
143,161,8,2
143,206,5,2
143,215,13,3
143,224,20,4
143,233,23,4
143,242,20,4
143,251,13,3
143,260,5,2
143,305,7,3
143,314,17,4
143,323,23,4
143,332,23,4
143,341,17,4
143,350,7,3
143,404,8,4
143,413,17,4
143,422,20,4
143,431,17,4
143,440,8,4
143,503,7,3
143,512,13,3
143,521,13,3
143,530,7,3
143,602,5,2
143,611,8,2
143,620,5,2
144,036,7,3
144,045,9,4
144,054,9,4
144,063,7,3
144,126,13,3
144,135,18,4
144,144,21,5
144,153,18,4
144,162,13,3
144,216,13,3
144,225,21,4
144,234,27,5
144,243,27,5
144,252,21,4
144,261,13,3
144,306,7,3
144,315,18,4
144,324,27,5
144,333,30,4
144,342,27,5
144,351,18,4
144,360,7,3
144,405,9,4
144,414,21,5
144,423,27,5
144,432,27,5
144,441,21,5
144,450,9,4
144,504,9,4
144,513,18,4
144,522,21,4
144,531,18,4
144,540,9,4
144,603,7,3
144,612,13,3
144,621,13,3
144,630,7,3
145,046,9,4
145,055,10,5
145,064,9,4
145,136,18,4
145,145,22,5
145,154,22,5
145,163,18,4
145,226,21,4
145,235,28,5
145,244,31,5
145,253,28,5
145,262,21,4
145,316,18,4
145,325,28,5
145,334,34,5
145,343,34,5
145,352,28,5
145,361,18,4
145,406,9,4
145,415,22,5
145,424,31,5
145,433,34,5
145,442,31,5
145,451,22,5
145,460,9,4
145,505,10,5
145,514,22,5
145,523,28,5
145,532,28,5
145,541,22,5
145,550,10,5
145,604,9,4
145,613,18,4
145,622,21,4
145,631,18,4
145,640,9,4
146,056,10,5
146,065,10,5
146,146,22,5
146,155,23,5
146,164,22,5
146,236,28,5
146,245,32,5
146,254,32,5
146,263,28,5
146,326,28,5
146,335,35,5
146,344,38,5
146,353,35,5
146,362,28,5
146,416,22,5
146,425,32,5
146,434,38,5
146,443,38,5
146,452,32,5
146,461,22,5
146,506,10,5
146,515,23,5
146,524,32,5
146,533,35,5
146,542,32,5
146,551,23,5
146,560,10,5
146,605,10,5
146,614,22,5
146,623,28,5
146,632,28,5
146,641,22,5
146,650,10,5
150,006,1,0
150,015,2,1
150,024,2,1
150,033,2,1
150,042,2,1
150,051,2,1
150,060,1,0
150,105,2,1
150,114,3,1
150,123,3,1
150,132,3,1
150,141,3,1
150,150,2,1
150,204,2,1
150,213,3,1
150,222,3,1
150,231,3,1
150,240,2,1
150,303,2,1
150,312,3,1
150,321,3,1
150,330,2,1
150,402,2,1
150,411,3,1
150,420,2,1
150,501,2,1
150,510,2,1
150,600,1,0
151,016,3,1
151,025,4,2
151,034,4,2
151,043,4,2
151,052,4,2
151,061,3,1
151,106,3,1
151,115,7,2
151,124,8,2
151,133,8,2
151,142,8,2
151,151,7,2
151,160,3,1
151,205,4,2
151,214,8,2
151,223,9,2
151,232,9,2
151,241,8,2
151,250,4,2
151,304,4,2
151,313,8,2
151,322,9,2
151,331,8,2
151,340,4,2
151,403,4,2
151,412,8,2
151,421,8,2
151,430,4,2
151,502,4,2
151,511,7,2
151,520,4,2
151,601,3,1
151,610,3,1
152,026,5,2
152,035,6,3
152,044,6,3
152,053,6,3
152,062,5,2
152,116,8,2
152,125,12,3
152,134,13,3
152,143,13,3
152,152,12,3
152,161,8,2
152,206,5,2
152,215,12,3
152,224,16,3
152,233,17,3
152,242,16,3
152,251,12,3
152,260,5,2
152,305,6,3
152,314,13,3
152,323,17,3
152,332,17,3
152,341,13,3
152,350,6,3
152,404,6,3
152,413,13,3
152,422,16,3
152,431,13,3
152,440,6,3
152,503,6,3
152,512,12,3
152,521,12,3
152,530,6,3
152,602,5,2
152,611,8,2
152,620,5,2
153,036,7,3
153,045,8,4
153,054,8,4
153,063,7,3
153,126,13,3
153,135,17,4
153,144,18,4
153,153,17,4
153,162,13,3
153,216,13,3
153,225,20,4
153,234,24,4
153,243,24,4
153,252,20,4
153,261,13,3
153,306,7,3
153,315,17,4
153,324,24,4
153,333,27,4
153,342,24,4
153,351,17,4
153,360,7,3
153,405,8,4
153,414,18,4
153,423,24,4
153,432,24,4
153,441,18,4
153,450,8,4
153,504,8,4
153,513,17,4
153,522,20,4
153,531,17,4
153,540,8,4
153,603,7,3
153,612,13,3
153,621,13,3
153,630,7,3
154,046,9,4
154,055,10,5
154,064,9,4
154,136,18,4
154,145,22,5
154,154,22,5
154,163,18,4
154,226,21,4
154,235,28,5
154,244,31,5
154,253,28,5
154,262,21,4
154,316,18,4
154,325,28,5
154,334,34,5
154,343,34,5
154,352,28,5
154,361,18,4
154,406,9,4
154,415,22,5
154,424,31,5
154,433,34,5
154,442,31,5
154,451,22,5
154,460,9,4
154,505,10,5
154,514,22,5
154,523,28,5
154,532,28,5
154,541,22,5
154,550,10,5
154,604,9,4
154,613,18,4
154,622,21,4
154,631,18,4
154,640,9,4
155,056,11,5
155,065,11,5
155,146,23,5
155,155,26,6
155,164,23,5
155,236,29,5
155,245,35,6
155,254,35,6
155,263,29,5
155,326,29,5
155,335,38,6
155,344,41,5
155,353,38,6
155,362,29,5
155,416,23,5
155,425,35,6
155,434,41,5
155,443,41,5
155,452,35,6
155,461,23,5
155,506,11,5
155,515,26,6
155,524,35,6
155,533,38,6
155,542,35,6
155,551,26,6
155,560,11,5
155,605,11,5
155,614,23,5
155,623,29,5
155,632,29,5
155,641,23,5
155,650,11,5
156,066,12,6
156,156,27,6
156,165,27,6
156,246,36,6
156,255,39,6
156,264,36,6
156,336,39,6
156,345,45,6
156,354,45,6
156,363,39,6
156,426,36,6
156,435,45,6
156,444,48,5
156,453,45,6
156,462,36,6
156,516,27,6
156,525,39,6
156,534,45,6
156,543,45,6
156,552,39,6
156,561,27,6
156,606,12,6
156,615,27,6
156,624,36,6
156,633,39,6
156,642,36,6
156,651,27,6
156,660,12,6
160,016,2,1
160,025,2,1
160,034,2,1
160,043,2,1
160,052,2,1
160,061,2,1
160,106,2,1
160,115,3,1
160,124,3,1
160,133,3,1
160,142,3,1
160,151,3,1
160,160,2,1
160,205,2,1
160,214,3,1
160,223,3,1
160,232,3,1
160,241,3,1
160,250,2,1
160,304,2,1
160,313,3,1
160,322,3,1
160,331,3,1
160,340,2,1
160,403,2,1
160,412,3,1
160,421,3,1
160,430,2,1
160,502,2,1
160,511,3,1
160,520,2,1
160,601,2,1
160,610,2,1
161,026,4,2
161,035,4,2
161,044,4,2
161,053,4,2
161,062,4,2
161,116,7,2
161,125,8,2
161,134,8,2
161,143,8,2
161,152,8,2
161,161,7,2
161,206,4,2
161,215,8,2
161,224,9,2
161,233,9,2
161,242,9,2
161,251,8,2
161,260,4,2
161,305,4,2
161,314,8,2
161,323,9,2
161,332,9,2
161,341,8,2
161,350,4,2
161,404,4,2
161,413,8,2
161,422,9,2
161,431,8,2
161,440,4,2
161,503,4,2
161,512,8,2
161,521,8,2
161,530,4,2
161,602,4,2
161,611,7,2
161,620,4,2
162,036,6,3
162,045,6,3
162,054,6,3
162,063,6,3
162,126,12,3
162,135,13,3
162,144,13,3
162,153,13,3
162,162,12,3
162,216,12,3
162,225,16,3
162,234,17,3
162,243,17,3
162,252,16,3
162,261,12,3
162,306,6,3
162,315,13,3
162,324,17,3
162,333,18,3
162,342,17,3
162,351,13,3
162,360,6,3
162,405,6,3
162,414,13,3
162,423,17,3
162,432,17,3
162,441,13,3
162,450,6,3
162,504,6,3
162,513,13,3
162,522,16,3
162,531,13,3
162,540,6,3
162,603,6,3
162,612,12,3
162,621,12,3
162,630,6,3
163,046,8,4
163,055,8,4
163,064,8,4
163,136,17,4
163,145,18,4
163,154,18,4
163,163,17,4
163,226,20,4
163,235,24,4
163,244,25,4
163,253,24,4
163,262,20,4
163,316,17,4
163,325,24,4
163,334,28,4
163,343,28,4
163,352,24,4
163,361,17,4
163,406,8,4
163,415,18,4
163,424,25,4
163,433,28,4
163,442,25,4
163,451,18,4
163,460,8,4
163,505,8,4
163,514,18,4
163,523,24,4
163,532,24,4
163,541,18,4
163,550,8,4
163,604,8,4
163,613,17,4
163,622,20,4
163,631,17,4
163,640,8,4
164,056,10,5
164,065,10,5
164,146,22,5
164,155,23,5
164,164,22,5
164,236,28,5
164,245,32,5
164,254,32,5
164,263,28,5
164,326,28,5
164,335,35,5
164,344,38,5
164,353,35,5
164,362,28,5
164,416,22,5
164,425,32,5
164,434,38,5
164,443,38,5
164,452,32,5
164,461,22,5
164,506,10,5
164,515,23,5
164,524,32,5
164,533,35,5
164,542,32,5
164,551,23,5
164,560,10,5
164,605,10,5
164,614,22,5
164,623,28,5
164,632,28,5
164,641,22,5
164,650,10,5
165,066,12,6
165,156,27,6
165,165,27,6
165,246,36,6
165,255,39,6
165,264,36,6
165,336,39,6
165,345,45,6
165,354,45,6
165,363,39,6
165,426,36,6
165,435,45,6
165,444,48,5
165,453,45,6
165,462,36,6
165,516,27,6
165,525,39,6
165,534,45,6
165,543,45,6
165,552,39,6
165,561,27,6
165,606,12,6
165,615,27,6
165,624,36,6
165,633,39,6
165,642,36,6
165,651,27,6
165,660,12,6
166,166,31,7
166,256,43,7
166,265,43,7
166,346,49,7
166,355,52,6
166,364,49,7
166,436,49,7
166,445,55,6
166,454,55,6
166,463,49,7
166,526,43,7
166,535,52,6
166,544,55,6
166,553,52,6
166,562,43,7
166,616,31,7
166,625,43,7
166,634,49,7
166,643,49,7
166,652,43,7
166,661,31,7
200,002,1,0
200,011,1,0
200,020,1,0
200,101,1,0
200,110,1,0
200,200,1,0
201,003,1,0
201,012,2,1
201,021,2,1
201,030,1,0
201,102,2,1
201,111,3,1
201,120,2,1
201,201,2,1
201,210,2,1
201,300,1,0
202,004,1,0
202,013,2,1
202,022,3,2
202,031,2,1
202,040,1,0
202,103,2,1
202,112,4,2
202,121,4,2
202,130,2,1
202,202,3,2
202,211,4,2
202,220,3,2
202,301,2,1
202,310,2,1
202,400,1,0
203,005,1,0
203,014,2,1
203,023,3,2
203,032,3,2
203,041,2,1
203,050,1,0
203,104,2,1
203,113,4,2
203,122,5,2
203,131,4,2
203,140,2,1
203,203,3,2
203,212,5,2
203,221,5,2
203,230,3,2
203,302,3,2
203,311,4,2
203,320,3,2
203,401,2,1
203,410,2,1
203,500,1,0
204,006,1,0
204,015,2,1
204,024,3,2
204,033,3,2
204,042,3,2
204,051,2,1
204,060,1,0
204,105,2,1
204,114,4,2
204,123,5,2
204,132,5,2
204,141,4,2
204,150,2,1
204,204,3,2
204,213,5,2
204,222,6,2
204,231,5,2
204,240,3,2
204,303,3,2
204,312,5,2
204,321,5,2
204,330,3,2
204,402,3,2
204,411,4,2
204,420,3,2
204,501,2,1
204,510,2,1
204,600,1,0
205,016,2,1
205,025,3,2
205,034,3,2
205,043,3,2
205,052,3,2
205,061,2,1
205,106,2,1
205,115,4,2
205,124,5,2
205,133,5,2
205,142,5,2
205,151,4,2
205,160,2,1
205,205,3,2
205,214,5,2
205,223,6,2
205,232,6,2
205,241,5,2
205,250,3,2
205,304,3,2
205,313,5,2
205,322,6,2
205,331,5,2
205,340,3,2
205,403,3,2
205,412,5,2
205,421,5,2
205,430,3,2
205,502,3,2
205,511,4,2
205,520,3,2
205,601,2,1
205,610,2,1
206,026,3,2
206,035,3,2
206,044,3,2
206,053,3,2
206,062,3,2
206,116,4,2
206,125,5,2
206,134,5,2
206,143,5,2
206,152,5,2
206,161,4,2
206,206,3,2
206,215,5,2
206,224,6,2
206,233,6,2
206,242,6,2
206,251,5,2
206,260,3,2
206,305,3,2
206,314,5,2
206,323,6,2
206,332,6,2
206,341,5,2
206,350,3,2
206,404,3,2
206,413,5,2
206,422,6,2
206,431,5,2
206,440,3,2
206,503,3,2
206,512,5,2
206,521,5,2
206,530,3,2
206,602,3,2
206,611,4,2
206,620,3,2
210,003,1,0
210,012,2,1
210,021,2,1
210,030,1,0
210,102,2,1
210,111,3,1
210,120,2,1
210,201,2,1
210,210,2,1
210,300,1,0
211,004,1,0
211,013,3,1
211,022,4,2
211,031,3,1
211,040,1,0
211,103,3,1
211,112,7,2
211,121,7,2
211,130,3,1
211,202,4,2
211,211,7,2
211,220,4,2
211,301,3,1
211,310,3,1
211,400,1,0
212,005,1,0
212,014,3,1
212,023,5,2
212,032,5,2
212,041,3,1
212,050,1,0
212,104,3,1
212,113,8,2
212,122,11,3
212,131,8,2
212,140,3,1
212,203,5,2
212,212,11,3
212,221,11,3
212,230,5,2
212,302,5,2
212,311,8,2
212,320,5,2
212,401,3,1
212,410,3,1
212,500,1,0
213,006,1,0
213,015,3,1
213,024,5,2
213,033,6,3
213,042,5,2
213,051,3,1
213,060,1,0
213,105,3,1
213,114,8,2
213,123,12,3
213,132,12,3
213,141,8,2
213,150,3,1
213,204,5,2
213,213,12,3
213,222,15,3
213,231,12,3
213,240,5,2
213,303,6,3
213,312,12,3
213,321,12,3
213,330,6,3
213,402,5,2
213,411,8,2
213,420,5,2
213,501,3,1
213,510,3,1
213,600,1,0
214,016,3,1
214,025,5,2
214,034,6,3
214,043,6,3
214,052,5,2
214,061,3,1
214,106,3,1
214,115,8,2
214,124,12,3
214,133,13,3
214,142,12,3
214,151,8,2
214,160,3,1
214,205,5,2
214,214,12,3
214,223,16,3
214,232,16,3
214,241,12,3
214,250,5,2
214,304,6,3
214,313,13,3
214,322,16,3
214,331,13,3
214,340,6,3
214,403,6,3
214,412,12,3
214,421,12,3
214,430,6,3
214,502,5,2
214,511,8,2
214,520,5,2
214,601,3,1
214,610,3,1
215,026,5,2
215,035,6,3
215,044,6,3
215,053,6,3
215,062,5,2
215,116,8,2
215,125,12,3
215,134,13,3
215,143,13,3
215,152,12,3
215,161,8,2
215,206,5,2
215,215,12,3
215,224,16,3
215,233,17,3
215,242,16,3
215,251,12,3
215,260,5,2
215,305,6,3
215,314,13,3
215,323,17,3
215,332,17,3
215,341,13,3
215,350,6,3
215,404,6,3
215,413,13,3
215,422,16,3
215,431,13,3
215,440,6,3
215,503,6,3
215,512,12,3
215,521,12,3
215,530,6,3
215,602,5,2
215,611,8,2
215,620,5,2
216,036,6,3
216,045,6,3
216,054,6,3
216,063,6,3
216,126,12,3
216,135,13,3
216,144,13,3
216,153,13,3
216,162,12,3
216,216,12,3
216,225,16,3
216,234,17,3
216,243,17,3
216,252,16,3
216,261,12,3
216,306,6,3
216,315,13,3
216,324,17,3
216,333,18,3
216,342,17,3
216,351,13,3
216,360,6,3
216,405,6,3
216,414,13,3
216,423,17,3
216,432,17,3
216,441,13,3
216,450,6,3
216,504,6,3
216,513,13,3
216,522,16,3
216,531,13,3
216,540,6,3
216,603,6,3
216,612,12,3
216,621,12,3
216,630,6,3
220,004,1,0
220,013,2,1
220,022,3,2
220,031,2,1
220,040,1,0
220,103,2,1
220,112,4,2
220,121,4,2
220,130,2,1
220,202,3,2
220,211,4,2
220,220,3,2
220,301,2,1
220,310,2,1
220,400,1,0
221,005,1,0
221,014,3,1
221,023,5,2
221,032,5,2
221,041,3,1
221,050,1,0
221,104,3,1
221,113,8,2
221,122,11,3
221,131,8,2
221,140,3,1
221,203,5,2
221,212,11,3
221,221,11,3
221,230,5,2
221,302,5,2
221,311,8,2
221,320,5,2
221,401,3,1
221,410,3,1
221,500,1,0
222,006,1,0
222,015,3,1
222,024,6,2
222,033,7,2
222,042,6,2
222,051,3,1
222,060,1,0
222,105,3,1
222,114,9,2
222,123,15,3
222,132,15,3
222,141,9,2
222,150,3,1
222,204,6,2
222,213,15,3
222,222,21,4
222,231,15,3
222,240,6,2
222,303,7,2
222,312,15,3
222,321,15,3
222,330,7,2
222,402,6,2
222,411,9,2
222,420,6,2
222,501,3,1
222,510,3,1
222,600,1,0
223,016,3,1
223,025,6,2
223,034,8,3
223,043,8,3
223,052,6,2
223,061,3,1
223,106,3,1
223,115,9,2
223,124,16,3
223,133,19,4
223,142,16,3
223,151,9,2
223,160,3,1
223,205,6,2
223,214,16,3
223,223,25,4
223,232,25,4
223,241,16,3
223,250,6,2
223,304,8,3
223,313,19,4
223,322,25,4
223,331,19,4
223,340,8,3
223,403,8,3
223,412,16,3
223,421,16,3
223,430,8,3
223,502,6,2
223,511,9,2
223,520,6,2
223,601,3,1
223,610,3,1
224,026,6,2
224,035,8,3
224,044,9,4
224,053,8,3
224,062,6,2
224,116,9,2
224,125,16,3
224,134,20,4
224,143,20,4
224,152,16,3
224,161,9,2
224,206,6,2
224,215,16,3
224,224,26,4
224,233,29,4
224,242,26,4
224,251,16,3
224,260,6,2
224,305,8,3
224,314,20,4
224,323,29,4
224,332,29,4
224,341,20,4
224,350,8,3
224,404,9,4
224,413,20,4
224,422,26,4
224,431,20,4
224,440,9,4
224,503,8,3
224,512,16,3
224,521,16,3
224,530,8,3
224,602,6,2
224,611,9,2
224,620,6,2
225,036,8,3
225,045,9,4
225,054,9,4
225,063,8,3
225,126,16,3
225,135,20,4
225,144,21,4
225,153,20,4
225,162,16,3
225,216,16,3
225,225,26,4
225,234,30,4
225,243,30,4
225,252,26,4
225,261,16,3
225,306,8,3
225,315,20,4
225,324,30,4
225,333,33,4
225,342,30,4
225,351,20,4
225,360,8,3
225,405,9,4
225,414,21,4
225,423,30,4
225,432,30,4
225,441,21,4
225,450,9,4
225,504,9,4
225,513,20,4
225,522,26,4
225,531,20,4
225,540,9,4
225,603,8,3
225,612,16,3
225,621,16,3
225,630,8,3
226,046,9,4
226,055,9,4
226,064,9,4
226,136,20,4
226,145,21,4
226,154,21,4
226,163,20,4
226,226,26,4
226,235,30,4
226,244,31,4
226,253,30,4
226,262,26,4
226,316,20,4
226,325,30,4
226,334,34,4
226,343,34,4
226,352,30,4
226,361,20,4
226,406,9,4
226,415,21,4
226,424,31,4
226,433,34,4
226,442,31,4
226,451,21,4
226,460,9,4
226,505,9,4
226,514,21,4
226,523,30,4
226,532,30,4
226,541,21,4
226,550,9,4
226,604,9,4
226,613,20,4
226,622,26,4
226,631,20,4
226,640,9,4
230,005,1,0
230,014,2,1
230,023,3,2
230,032,3,2
230,041,2,1
230,050,1,0
230,104,2,1
230,113,4,2
230,122,5,2
230,131,4,2
230,140,2,1
230,203,3,2
230,212,5,2
230,221,5,2
230,230,3,2
230,302,3,2
230,311,4,2
230,320,3,2
230,401,2,1
230,410,2,1
230,500,1,0
231,006,1,0
231,015,3,1
231,024,5,2
231,033,6,3
231,042,5,2
231,051,3,1
231,060,1,0
231,105,3,1
231,114,8,2
231,123,12,3
231,132,12,3
231,141,8,2
231,150,3,1
231,204,5,2
231,213,12,3
231,222,15,3
231,231,12,3
231,240,5,2
231,303,6,3
231,312,12,3
231,321,12,3
231,330,6,3
231,402,5,2
231,411,8,2
231,420,5,2
231,501,3,1
231,510,3,1
231,600,1,0
232,016,3,1
232,025,6,2
232,034,8,3
232,043,8,3
232,052,6,2
232,061,3,1
232,106,3,1
232,115,9,2
232,124,16,3
232,133,19,4
232,142,16,3
232,151,9,2
232,160,3,1
232,205,6,2
232,214,16,3
232,223,25,4
232,232,25,4
232,241,16,3
232,250,6,2
232,304,8,3
232,313,19,4
232,322,25,4
232,331,19,4
232,340,8,3
232,403,8,3
232,412,16,3
232,421,16,3
232,430,8,3
232,502,6,2
232,511,9,2
232,520,6,2
232,601,3,1
232,610,3,1
233,026,6,2
233,035,9,3
233,044,10,3
233,053,9,3
233,062,6,2
233,116,9,2
233,125,17,3
233,134,23,4
233,143,23,4
233,152,17,3
233,161,9,2
233,206,6,2
233,215,17,3
233,224,29,4
233,233,35,5
233,242,29,4
233,251,17,3
233,260,6,2
233,305,9,3
233,314,23,4
233,323,35,5
233,332,35,5
233,341,23,4
233,350,9,3
233,404,10,3
233,413,23,4
233,422,29,4
233,431,23,4
233,440,10,3
233,503,9,3
233,512,17,3
233,521,17,3
233,530,9,3
233,602,6,2
233,611,9,2
233,620,6,2
234,036,9,3
234,045,11,4
234,054,11,4
234,063,9,3
234,126,17,3
234,135,24,4
234,144,27,5
234,153,24,4
234,162,17,3
234,216,17,3
234,225,30,4
234,234,39,5
234,243,39,5
234,252,30,4
234,261,17,3
234,306,9,3
234,315,24,4
234,324,39,5
234,333,45,5
234,342,39,5
234,351,24,4
234,360,9,3
234,405,11,4
234,414,27,5
234,423,39,5
234,432,39,5
234,441,27,5
234,450,11,4
234,504,11,4
234,513,24,4
234,522,30,4
234,531,24,4
234,540,11,4
234,603,9,3
234,612,17,3
234,621,17,3
234,630,9,3
235,046,11,4
235,055,12,5
235,064,11,4
235,136,24,4
235,145,28,5
235,154,28,5
235,163,24,4
235,226,30,4
235,235,40,5
235,244,43,5
235,253,40,5
235,262,30,4
235,316,24,4
235,325,40,5
235,334,49,5
235,343,49,5
235,352,40,5
235,361,24,4
235,406,11,4
235,415,28,5
235,424,43,5
235,433,49,5
235,442,43,5
235,451,28,5
235,460,11,4
235,505,12,5
235,514,28,5
235,523,40,5
235,532,40,5
235,541,28,5
235,550,12,5
235,604,11,4
235,613,24,4
235,622,30,4
235,631,24,4
235,640,11,4
236,056,12,5
236,065,12,5
236,146,28,5
236,155,29,5
236,164,28,5
236,236,40,5
236,245,44,5
236,254,44,5
236,263,40,5
236,326,40,5
236,335,50,5
236,344,53,5
236,353,50,5
236,362,40,5
236,416,28,5
236,425,44,5
236,434,53,5
236,443,53,5
236,452,44,5
236,461,28,5
236,506,12,5
236,515,29,5
236,524,44,5
236,533,50,5
236,542,44,5
236,551,29,5
236,560,12,5
236,605,12,5
236,614,28,5
236,623,40,5
236,632,40,5
236,641,28,5
236,650,12,5
240,006,1,0
240,015,2,1
240,024,3,2
240,033,3,2
240,042,3,2
240,051,2,1
240,060,1,0
240,105,2,1
240,114,4,2
240,123,5,2
240,132,5,2
240,141,4,2
240,150,2,1
240,204,3,2
240,213,5,2
240,222,6,2
240,231,5,2
240,240,3,2
240,303,3,2
240,312,5,2
240,321,5,2
240,330,3,2
240,402,3,2
240,411,4,2
240,420,3,2
240,501,2,1
240,510,2,1
240,600,1,0
241,016,3,1
241,025,5,2
241,034,6,3
241,043,6,3
241,052,5,2
241,061,3,1
241,106,3,1
241,115,8,2
241,124,12,3
241,133,13,3
241,142,12,3
241,151,8,2
241,160,3,1
241,205,5,2
241,214,12,3
241,223,16,3
241,232,16,3
241,241,12,3
241,250,5,2
241,304,6,3
241,313,13,3
241,322,16,3
241,331,13,3
241,340,6,3
241,403,6,3
241,412,12,3
241,421,12,3
241,430,6,3
241,502,5,2
241,511,8,2
241,520,5,2
241,601,3,1
241,610,3,1
242,026,6,2
242,035,8,3
242,044,9,4
242,053,8,3
242,062,6,2
242,116,9,2
242,125,16,3
242,134,20,4
242,143,20,4
242,152,16,3
242,161,9,2
242,206,6,2
242,215,16,3
242,224,26,4
242,233,29,4
242,242,26,4
242,251,16,3
242,260,6,2
242,305,8,3
242,314,20,4
242,323,29,4
242,332,29,4
242,341,20,4
242,350,8,3
242,404,9,4
242,413,20,4
242,422,26,4
242,431,20,4
242,440,9,4
242,503,8,3
242,512,16,3
242,521,16,3
242,530,8,3
242,602,6,2
242,611,9,2
242,620,6,2
243,036,9,3
243,045,11,4
243,054,11,4
243,063,9,3
243,126,17,3
243,135,24,4
243,144,27,5
243,153,24,4
243,162,17,3
243,216,17,3
243,225,30,4
243,234,39,5
243,243,39,5
243,252,30,4
243,261,17,3
243,306,9,3
243,315,24,4
243,324,39,5
243,333,45,5
243,342,39,5
243,351,24,4
243,360,9,3
243,405,11,4
243,414,27,5
243,423,39,5
243,432,39,5
243,441,27,5
243,450,11,4
243,504,11,4
243,513,24,4
243,522,30,4
243,531,24,4
243,540,11,4
243,603,9,3
243,612,17,3
243,621,17,3
243,630,9,3
244,046,12,4
244,055,13,4
244,064,12,4
244,136,25,4
244,145,31,5
244,154,31,5
244,163,25,4
244,226,31,4
244,235,43,5
244,244,49,6
244,253,43,5
244,262,31,4
244,316,25,4
244,325,43,5
244,334,55,6
244,343,55,6
244,352,43,5
244,361,25,4
244,406,12,4
244,415,31,5
244,424,49,6
244,433,55,6
244,442,49,6
244,451,31,5
244,460,12,4
244,505,13,4
244,514,31,5
244,523,43,5
244,532,43,5
244,541,31,5
244,550,13,4
244,604,12,4
244,613,25,4
244,622,31,4
244,631,25,4
244,640,12,4
245,056,14,5
245,065,14,5
245,146,32,5
245,155,35,6
245,164,32,5
245,236,44,5
245,245,53,6
245,254,53,6
245,263,44,5
245,326,44,5
245,335,59,6
245,344,65,6
245,353,59,6
245,362,44,5
245,416,32,5
245,425,53,6
245,434,65,6
245,443,65,6
245,452,53,6
245,461,32,5
245,506,14,5
245,515,35,6
245,524,53,6
245,533,59,6
245,542,53,6
245,551,35,6
245,560,14,5
245,605,14,5
245,614,32,5
245,623,44,5
245,632,44,5
245,641,32,5
245,650,14,5
246,066,15,6
246,156,36,6
246,165,36,6
246,246,54,6
246,255,57,6
246,264,54,6
246,336,60,6
246,345,69,6
246,354,69,6
246,363,60,6
246,426,54,6
246,435,69,6
246,444,75,6
246,453,69,6
246,462,54,6
246,516,36,6
246,525,57,6
246,534,69,6
246,543,69,6
246,552,57,6
246,561,36,6
246,606,15,6
246,615,36,6
246,624,54,6
246,633,60,6
246,642,54,6
246,651,36,6
246,660,15,6
250,016,2,1
250,025,3,2
250,034,3,2
250,043,3,2
250,052,3,2
250,061,2,1
250,106,2,1
250,115,4,2
250,124,5,2
250,133,5,2
250,142,5,2
250,151,4,2
250,160,2,1
250,205,3,2
250,214,5,2
250,223,6,2
250,232,6,2
250,241,5,2
250,250,3,2
250,304,3,2
250,313,5,2
250,322,6,2
250,331,5,2
250,340,3,2
250,403,3,2
250,412,5,2
250,421,5,2
250,430,3,2
250,502,3,2
250,511,4,2
250,520,3,2
250,601,2,1
250,610,2,1
251,026,5,2
251,035,6,3
251,044,6,3
251,053,6,3
251,062,5,2
251,116,8,2
251,125,12,3
251,134,13,3
251,143,13,3
251,152,12,3
251,161,8,2
251,206,5,2
251,215,12,3
251,224,16,3
251,233,17,3
251,242,16,3
251,251,12,3
251,260,5,2
251,305,6,3
251,314,13,3
251,323,17,3
251,332,17,3
251,341,13,3
251,350,6,3
251,404,6,3
251,413,13,3
251,422,16,3
251,431,13,3
251,440,6,3
251,503,6,3
251,512,12,3
251,521,12,3
251,530,6,3
251,602,5,2
251,611,8,2
251,620,5,2
252,036,8,3
252,045,9,4
252,054,9,4
252,063,8,3
252,126,16,3
252,135,20,4
252,144,21,4
252,153,20,4
252,162,16,3
252,216,16,3
252,225,26,4
252,234,30,4
252,243,30,4
252,252,26,4
252,261,16,3
252,306,8,3
252,315,20,4
252,324,30,4
252,333,33,4
252,342,30,4
252,351,20,4
252,360,8,3
252,405,9,4
252,414,21,4
252,423,30,4
252,432,30,4
252,441,21,4
252,450,9,4
252,504,9,4
252,513,20,4
252,522,26,4
252,531,20,4
252,540,9,4
252,603,8,3
252,612,16,3
252,621,16,3
252,630,8,3
253,046,11,4
253,055,12,5
253,064,11,4
253,136,24,4
253,145,28,5
253,154,28,5
253,163,24,4
253,226,30,4
253,235,40,5
253,244,43,5
253,253,40,5
253,262,30,4
253,316,24,4
253,325,40,5
253,334,49,5
253,343,49,5
253,352,40,5
253,361,24,4
253,406,11,4
253,415,28,5
253,424,43,5
253,433,49,5
253,442,43,5
253,451,28,5
253,460,11,4
253,505,12,5
253,514,28,5
253,523,40,5
253,532,40,5
253,541,28,5
253,550,12,5
253,604,11,4
253,613,24,4
253,622,30,4
253,631,24,4
253,640,11,4
254,056,14,5
254,065,14,5
254,146,32,5
254,155,35,6
254,164,32,5
254,236,44,5
254,245,53,6
254,254,53,6
254,263,44,5
254,326,44,5
254,335,59,6
254,344,65,6
254,353,59,6
254,362,44,5
254,416,32,5
254,425,53,6
254,434,65,6
254,443,65,6
254,452,53,6
254,461,32,5
254,506,14,5
254,515,35,6
254,524,53,6
254,533,59,6
254,542,53,6
254,551,35,6
254,560,14,5
254,605,14,5
254,614,32,5
254,623,44,5
254,632,44,5
254,641,32,5
254,650,14,5
255,066,16,5
255,156,39,6
255,165,39,6
255,246,57,6
255,255,63,7
255,264,57,6
255,336,63,6
255,345,75,7
255,354,75,7
255,363,63,6
255,426,57,6
255,435,75,7
255,444,81,6
255,453,75,7
255,462,57,6
255,516,39,6
255,525,63,7
255,534,75,7
255,543,75,7
255,552,63,7
255,561,39,6
255,606,16,5
255,615,39,6
255,624,57,6
255,633,63,6
255,642,57,6
255,651,39,6
255,660,16,5
256,166,43,7
256,256,67,7
256,265,67,7
256,346,79,7
256,355,85,7
256,364,79,7
256,436,79,7
256,445,91,7
256,454,91,7
256,463,79,7
256,526,67,7
256,535,85,7
256,544,91,7
256,553,85,7
256,562,67,7
256,616,43,7
256,625,67,7
256,634,79,7
256,643,79,7
256,652,67,7
256,661,43,7
260,026,3,2
260,035,3,2
260,044,3,2
260,053,3,2
260,062,3,2
260,116,4,2
260,125,5,2
260,134,5,2
260,143,5,2
260,152,5,2
260,161,4,2
260,206,3,2
260,215,5,2
260,224,6,2
260,233,6,2
260,242,6,2
260,251,5,2
260,260,3,2
260,305,3,2
260,314,5,2
260,323,6,2
260,332,6,2
260,341,5,2
260,350,3,2
260,404,3,2
260,413,5,2
260,422,6,2
260,431,5,2
260,440,3,2
260,503,3,2
260,512,5,2
260,521,5,2
260,530,3,2
260,602,3,2
260,611,4,2
260,620,3,2
261,036,6,3
261,045,6,3
261,054,6,3
261,063,6,3
261,126,12,3
261,135,13,3
261,144,13,3
261,153,13,3
261,162,12,3
261,216,12,3
261,225,16,3
261,234,17,3
261,243,17,3
261,252,16,3
261,261,12,3
261,306,6,3
261,315,13,3
261,324,17,3
261,333,18,3
261,342,17,3
261,351,13,3
261,360,6,3
261,405,6,3
261,414,13,3
261,423,17,3
261,432,17,3
261,441,13,3
261,450,6,3
261,504,6,3
261,513,13,3
261,522,16,3
261,531,13,3
261,540,6,3
261,603,6,3
261,612,12,3
261,621,12,3
261,630,6,3
262,046,9,4
262,055,9,4
262,064,9,4
262,136,20,4
262,145,21,4
262,154,21,4
262,163,20,4
262,226,26,4
262,235,30,4
262,244,31,4
262,253,30,4
262,262,26,4
262,316,20,4
262,325,30,4
262,334,34,4
262,343,34,4
262,352,30,4
262,361,20,4
262,406,9,4
262,415,21,4
262,424,31,4
262,433,34,4
262,442,31,4
262,451,21,4
262,460,9,4
262,505,9,4
262,514,21,4
262,523,30,4
262,532,30,4
262,541,21,4
262,550,9,4
262,604,9,4
262,613,20,4
262,622,26,4
262,631,20,4
262,640,9,4
263,056,12,5
263,065,12,5
263,146,28,5
263,155,29,5
263,164,28,5
263,236,40,5
263,245,44,5
263,254,44,5
263,263,40,5
263,326,40,5
263,335,50,5
263,344,53,5
263,353,50,5
263,362,40,5
263,416,28,5
263,425,44,5
263,434,53,5
263,443,53,5
263,452,44,5
263,461,28,5
263,506,12,5
263,515,29,5
263,524,44,5
263,533,50,5
263,542,44,5
263,551,29,5
263,560,12,5
263,605,12,5
263,614,28,5
263,623,40,5
263,632,40,5
263,641,28,5
263,650,12,5
264,066,15,6
264,156,36,6
264,165,36,6
264,246,54,6
264,255,57,6
264,264,54,6
264,336,60,6
264,345,69,6
264,354,69,6
264,363,60,6
264,426,54,6
264,435,69,6
264,444,75,6
264,453,69,6
264,462,54,6
264,516,36,6
264,525,57,6
264,534,69,6
264,543,69,6
264,552,57,6
264,561,36,6
264,606,15,6
264,615,36,6
264,624,54,6
264,633,60,6
264,642,54,6
264,651,36,6
264,660,15,6
265,166,43,7
265,256,67,7
265,265,67,7
265,346,79,7
265,355,85,7
265,364,79,7
265,436,79,7
265,445,91,7
265,454,91,7
265,463,79,7
265,526,67,7
265,535,85,7
265,544,91,7
265,553,85,7
265,562,67,7
265,616,43,7
265,625,67,7
265,634,79,7
265,643,79,7
265,652,67,7
265,661,43,7
266,266,77,8
266,356,95,8
266,365,95,8
266,446,101,8
266,455,107,7
266,464,101,8
266,536,95,8
266,545,107,7
266,554,107,7
266,563,95,8
266,626,77,8
266,635,95,8
266,644,101,8
266,653,95,8
266,662,77,8
300,003,1,0
300,012,1,0
300,021,1,0
300,030,1,0
300,102,1,0
300,111,1,0
300,120,1,0
300,201,1,0
300,210,1,0
300,300,1,0
301,004,1,0
301,013,2,1
301,022,2,1
301,031,2,1
301,040,1,0
301,103,2,1
301,112,3,1
301,121,3,1
301,130,2,1
301,202,2,1
301,211,3,1
301,220,2,1
301,301,2,1
301,310,2,1
301,400,1,0
302,005,1,0
302,014,2,1
302,023,3,2
302,032,3,2
302,041,2,1
302,050,1,0
302,104,2,1
302,113,4,2
302,122,5,2
302,131,4,2
302,140,2,1
302,203,3,2
302,212,5,2
302,221,5,2
302,230,3,2
302,302,3,2
302,311,4,2
302,320,3,2
302,401,2,1
302,410,2,1
302,500,1,0
303,006,1,0
303,015,2,1
303,024,3,2
303,033,4,3
303,042,3,2
303,051,2,1
303,060,1,0
303,105,2,1
303,114,4,2
303,123,6,3
303,132,6,3
303,141,4,2
303,150,2,1
303,204,3,2
303,213,6,3
303,222,7,2
303,231,6,3
303,240,3,2
303,303,4,3
303,312,6,3
303,321,6,3
303,330,4,3
303,402,3,2
303,411,4,2
303,420,3,2
303,501,2,1
303,510,2,1
303,600,1,0
304,016,2,1
304,025,3,2
304,034,4,3
304,043,4,3
304,052,3,2
304,061,2,1
304,106,2,1
304,115,4,2
304,124,6,3
304,133,7,3
304,142,6,3
304,151,4,2
304,160,2,1
304,205,3,2
304,214,6,3
304,223,8,3
304,232,8,3
304,241,6,3
304,250,3,2
304,304,4,3
304,313,7,3
304,322,8,3
304,331,7,3
304,340,4,3
304,403,4,3
304,412,6,3
304,421,6,3
304,430,4,3
304,502,3,2
304,511,4,2
304,520,3,2
304,601,2,1
304,610,2,1
305,026,3,2
305,035,4,3
305,044,4,3
305,053,4,3
305,062,3,2
305,116,4,2
305,125,6,3
305,134,7,3
305,143,7,3
305,152,6,3
305,161,4,2
305,206,3,2
305,215,6,3
305,224,8,3
305,233,9,3
305,242,8,3
305,251,6,3
305,260,3,2
305,305,4,3
305,314,7,3
305,323,9,3
305,332,9,3
305,341,7,3
305,350,4,3
305,404,4,3
305,413,7,3
305,422,8,3
305,431,7,3
305,440,4,3
305,503,4,3
305,512,6,3
305,521,6,3
305,530,4,3
305,602,3,2
305,611,4,2
305,620,3,2
306,036,4,3
306,045,4,3
306,054,4,3
306,063,4,3
306,126,6,3
306,135,7,3
306,144,7,3
306,153,7,3
306,162,6,3
306,216,6,3
306,225,8,3
306,234,9,3
306,243,9,3
306,252,8,3
306,261,6,3
306,306,4,3
306,315,7,3
306,324,9,3
306,333,10,3
306,342,9,3
306,351,7,3
306,360,4,3
306,405,4,3
306,414,7,3
306,423,9,3
306,432,9,3
306,441,7,3
306,450,4,3
306,504,4,3
306,513,7,3
306,522,8,3
306,531,7,3
306,540,4,3
306,603,4,3
306,612,6,3
306,621,6,3
306,630,4,3
310,004,1,0
310,013,2,1
310,022,2,1
310,031,2,1
310,040,1,0
310,103,2,1
310,112,3,1
310,121,3,1
310,130,2,1
310,202,2,1
310,211,3,1
310,220,2,1
310,301,2,1
310,310,2,1
310,400,1,0
311,005,1,0
311,014,3,1
311,023,4,2
311,032,4,2
311,041,3,1
311,050,1,0
311,104,3,1
311,113,7,2
311,122,8,2
311,131,7,2
311,140,3,1
311,203,4,2
311,212,8,2
311,221,8,2
311,230,4,2
311,302,4,2
311,311,7,2
311,320,4,2
311,401,3,1
311,410,3,1
311,500,1,0
312,006,1,0
312,015,3,1
312,024,5,2
312,033,6,3
312,042,5,2
312,051,3,1
312,060,1,0
312,105,3,1
312,114,8,2
312,123,12,3
312,132,12,3
312,141,8,2
312,150,3,1
312,204,5,2
312,213,12,3
312,222,15,3
312,231,12,3
312,240,5,2
312,303,6,3
312,312,12,3
312,321,12,3
312,330,6,3
312,402,5,2
312,411,8,2
312,420,5,2
312,501,3,1
312,510,3,1
312,600,1,0
313,016,3,1
313,025,5,2
313,034,7,3
313,043,7,3
313,052,5,2
313,061,3,1
313,106,3,1
313,115,8,2
313,124,13,3
313,133,16,4
313,142,13,3
313,151,8,2
313,160,3,1
313,205,5,2
313,214,13,3
313,223,19,4
313,232,19,4
313,241,13,3
313,250,5,2
313,304,7,3
313,313,16,4
313,322,19,4
313,331,16,4
313,340,7,3
313,403,7,3
313,412,13,3
313,421,13,3
313,430,7,3
313,502,5,2
313,511,8,2
313,520,5,2
313,601,3,1
313,610,3,1
314,026,5,2
314,035,7,3
314,044,8,4
314,053,7,3
314,062,5,2
314,116,8,2
314,125,13,3
314,134,17,4
314,143,17,4
314,152,13,3
314,161,8,2
314,206,5,2
314,215,13,3
314,224,20,4
314,233,23,4
314,242,20,4
314,251,13,3
314,260,5,2
314,305,7,3
314,314,17,4
314,323,23,4
314,332,23,4
314,341,17,4
314,350,7,3
314,404,8,4
314,413,17,4
314,422,20,4
314,431,17,4
314,440,8,4
314,503,7,3
314,512,13,3
314,521,13,3
314,530,7,3
314,602,5,2
314,611,8,2
314,620,5,2
315,036,7,3
315,045,8,4
315,054,8,4
315,063,7,3
315,126,13,3
315,135,17,4
315,144,18,4
315,153,17,4
315,162,13,3
315,216,13,3
315,225,20,4
315,234,24,4
315,243,24,4
315,252,20,4
315,261,13,3
315,306,7,3
315,315,17,4
315,324,24,4
315,333,27,4
315,342,24,4
315,351,17,4
315,360,7,3
315,405,8,4
315,414,18,4
315,423,24,4
315,432,24,4
315,441,18,4
315,450,8,4
315,504,8,4
315,513,17,4
315,522,20,4
315,531,17,4
315,540,8,4
315,603,7,3
315,612,13,3
315,621,13,3
315,630,7,3
316,046,8,4
316,055,8,4
316,064,8,4
316,136,17,4
316,145,18,4
316,154,18,4
316,163,17,4
316,226,20,4
316,235,24,4
316,244,25,4
316,253,24,4
316,262,20,4
316,316,17,4
316,325,24,4
316,334,28,4
316,343,28,4
316,352,24,4
316,361,17,4
316,406,8,4
316,415,18,4
316,424,25,4
316,433,28,4
316,442,25,4
316,451,18,4
316,460,8,4
316,505,8,4
316,514,18,4
316,523,24,4
316,532,24,4
316,541,18,4
316,550,8,4
316,604,8,4
316,613,17,4
316,622,20,4
316,631,17,4
316,640,8,4
320,005,1,0
320,014,2,1
320,023,3,2
320,032,3,2
320,041,2,1
320,050,1,0
320,104,2,1
320,113,4,2
320,122,5,2
320,131,4,2
320,140,2,1
320,203,3,2
320,212,5,2
320,221,5,2
320,230,3,2
320,302,3,2
320,311,4,2
320,320,3,2
320,401,2,1
320,410,2,1
320,500,1,0
321,006,1,0
321,015,3,1
321,024,5,2
321,033,6,3
321,042,5,2
321,051,3,1
321,060,1,0
321,105,3,1
321,114,8,2
321,123,12,3
321,132,12,3
321,141,8,2
321,150,3,1
321,204,5,2
321,213,12,3
321,222,15,3
321,231,12,3
321,240,5,2
321,303,6,3
321,312,12,3
321,321,12,3
321,330,6,3
321,402,5,2
321,411,8,2
321,420,5,2
321,501,3,1
321,510,3,1
321,600,1,0
322,016,3,1
322,025,6,2
322,034,8,3
322,043,8,3
322,052,6,2
322,061,3,1
322,106,3,1
322,115,9,2
322,124,16,3
322,133,19,4
322,142,16,3
322,151,9,2
322,160,3,1
322,205,6,2
322,214,16,3
322,223,25,4
322,232,25,4
322,241,16,3
322,250,6,2
322,304,8,3
322,313,19,4
322,322,25,4
322,331,19,4
322,340,8,3
322,403,8,3
322,412,16,3
322,421,16,3
322,430,8,3
322,502,6,2
322,511,9,2
322,520,6,2
322,601,3,1
322,610,3,1
323,026,6,2
323,035,9,3
323,044,10,3
323,053,9,3
323,062,6,2
323,116,9,2
323,125,17,3
323,134,23,4
323,143,23,4
323,152,17,3
323,161,9,2
323,206,6,2
323,215,17,3
323,224,29,4
323,233,35,5
323,242,29,4
323,251,17,3
323,260,6,2
323,305,9,3
323,314,23,4
323,323,35,5
323,332,35,5
323,341,23,4
323,350,9,3
323,404,10,3
323,413,23,4
323,422,29,4
323,431,23,4
323,440,10,3
323,503,9,3
323,512,17,3
323,521,17,3
323,530,9,3
323,602,6,2
323,611,9,2
323,620,6,2
324,036,9,3
324,045,11,4
324,054,11,4
324,063,9,3
324,126,17,3
324,135,24,4
324,144,27,5
324,153,24,4
324,162,17,3
324,216,17,3
324,225,30,4
324,234,39,5
324,243,39,5
324,252,30,4
324,261,17,3
324,306,9,3
324,315,24,4
324,324,39,5
324,333,45,5
324,342,39,5
324,351,24,4
324,360,9,3
324,405,11,4
324,414,27,5
324,423,39,5
324,432,39,5
324,441,27,5
324,450,11,4
324,504,11,4
324,513,24,4
324,522,30,4
324,531,24,4
324,540,11,4
324,603,9,3
324,612,17,3
324,621,17,3
324,630,9,3
325,046,11,4
325,055,12,5
325,064,11,4
325,136,24,4
325,145,28,5
325,154,28,5
325,163,24,4
325,226,30,4
325,235,40,5
325,244,43,5
325,253,40,5
325,262,30,4
325,316,24,4
325,325,40,5
325,334,49,5
325,343,49,5
325,352,40,5
325,361,24,4
325,406,11,4
325,415,28,5
325,424,43,5
325,433,49,5
325,442,43,5
325,451,28,5
325,460,11,4
325,505,12,5
325,514,28,5
325,523,40,5
325,532,40,5
325,541,28,5
325,550,12,5
325,604,11,4
325,613,24,4
325,622,30,4
325,631,24,4
325,640,11,4
326,056,12,5
326,065,12,5
326,146,28,5
326,155,29,5
326,164,28,5
326,236,40,5
326,245,44,5
326,254,44,5
326,263,40,5
326,326,40,5
326,335,50,5
326,344,53,5
326,353,50,5
326,362,40,5
326,416,28,5
326,425,44,5
326,434,53,5
326,443,53,5
326,452,44,5
326,461,28,5
326,506,12,5
326,515,29,5
326,524,44,5
326,533,50,5
326,542,44,5
326,551,29,5
326,560,12,5
326,605,12,5
326,614,28,5
326,623,40,5
326,632,40,5
326,641,28,5
326,650,12,5
330,006,1,0
330,015,2,1
330,024,3,2
330,033,4,3
330,042,3,2
330,051,2,1
330,060,1,0
330,105,2,1
330,114,4,2
330,123,6,3
330,132,6,3
330,141,4,2
330,150,2,1
330,204,3,2
330,213,6,3
330,222,7,2
330,231,6,3
330,240,3,2
330,303,4,3
330,312,6,3
330,321,6,3
330,330,4,3
330,402,3,2
330,411,4,2
330,420,3,2
330,501,2,1
330,510,2,1
330,600,1,0
331,016,3,1
331,025,5,2
331,034,7,3
331,043,7,3
331,052,5,2
331,061,3,1
331,106,3,1
331,115,8,2
331,124,13,3
331,133,16,4
331,142,13,3
331,151,8,2
331,160,3,1
331,205,5,2
331,214,13,3
331,223,19,4
331,232,19,4
331,241,13,3
331,250,5,2
331,304,7,3
331,313,16,4
331,322,19,4
331,331,16,4
331,340,7,3
331,403,7,3
331,412,13,3
331,421,13,3
331,430,7,3
331,502,5,2
331,511,8,2
331,520,5,2
331,601,3,1
331,610,3,1
332,026,6,2
332,035,9,3
332,044,10,3
332,053,9,3
332,062,6,2
332,116,9,2
332,125,17,3
332,134,23,4
332,143,23,4
332,152,17,3
332,161,9,2
332,206,6,2
332,215,17,3
332,224,29,4
332,233,35,5
332,242,29,4
332,251,17,3
332,260,6,2
332,305,9,3
332,314,23,4
332,323,35,5
332,332,35,5
332,341,23,4
332,350,9,3
332,404,10,3
332,413,23,4
332,422,29,4
332,431,23,4
332,440,10,3
332,503,9,3
332,512,17,3
332,521,17,3
332,530,9,3
332,602,6,2
332,611,9,2
332,620,6,2
333,036,10,3
333,045,12,3
333,054,12,3
333,063,10,3
333,126,18,3
333,135,27,4
333,144,30,4
333,153,27,4
333,162,18,3
333,216,18,3
333,225,33,4
333,234,45,5
333,243,45,5
333,252,33,4
333,261,18,3
333,306,10,3
333,315,27,4
333,324,45,5
333,333,55,6
333,342,45,5
333,351,27,4
333,360,10,3
333,405,12,3
333,414,30,4
333,423,45,5
333,432,45,5
333,441,30,4
333,450,12,3
333,504,12,3
333,513,27,4
333,522,33,4
333,531,27,4
333,540,12,3
333,603,10,3
333,612,18,3
333,621,18,3
333,630,10,3
334,046,13,4
334,055,14,4
334,064,13,4
334,136,28,4
334,145,34,5
334,154,34,5
334,163,28,4
334,226,34,4
334,235,49,5
334,244,55,6
334,253,49,5
334,262,34,4
334,316,28,4
334,325,49,5
334,334,65,6
334,343,65,6
334,352,49,5
334,361,28,4
334,406,13,4
334,415,34,5
334,424,55,6
334,433,65,6
334,442,55,6
334,451,34,5
334,460,13,4
334,505,14,4
334,514,34,5
334,523,49,5
334,532,49,5
334,541,34,5
334,550,14,4
334,604,13,4
334,613,28,4
334,622,34,4
334,631,28,4
334,640,13,4
335,056,15,5
335,065,15,5
335,146,35,5
335,155,38,6
335,164,35,5
335,236,50,5
335,245,59,6
335,254,59,6
335,263,50,5
335,326,50,5
335,335,69,6
335,344,75,6
335,353,69,6
335,362,50,5
335,416,35,5
335,425,59,6
335,434,75,6
335,443,75,6
335,452,59,6
335,461,35,5
335,506,15,5
335,515,38,6
335,524,59,6
335,533,69,6
335,542,59,6
335,551,38,6
335,560,15,5
335,605,15,5
335,614,35,5
335,623,50,5
335,632,50,5
335,641,35,5
335,650,15,5
336,066,16,6
336,156,39,6
336,165,39,6
336,246,60,6
336,255,63,6
336,264,60,6
336,336,70,6
336,345,79,6
336,354,79,6
336,363,70,6
336,426,60,6
336,435,79,6
336,444,85,6
336,453,79,6
336,462,60,6
336,516,39,6
336,525,63,6
336,534,79,6
336,543,79,6
336,552,63,6
336,561,39,6
336,606,16,6
336,615,39,6
336,624,60,6
336,633,70,6
336,642,60,6
336,651,39,6
336,660,16,6
340,016,2,1
340,025,3,2
340,034,4,3
340,043,4,3
340,052,3,2
340,061,2,1
340,106,2,1
340,115,4,2
340,124,6,3
340,133,7,3
340,142,6,3
340,151,4,2
340,160,2,1
340,205,3,2
340,214,6,3
340,223,8,3
340,232,8,3
340,241,6,3
340,250,3,2
340,304,4,3
340,313,7,3
340,322,8,3
340,331,7,3
340,340,4,3
340,403,4,3
340,412,6,3
340,421,6,3
340,430,4,3
340,502,3,2
340,511,4,2
340,520,3,2
340,601,2,1
340,610,2,1
341,026,5,2
341,035,7,3
341,044,8,4
341,053,7,3
341,062,5,2
341,116,8,2
341,125,13,3
341,134,17,4
341,143,17,4
341,152,13,3
341,161,8,2
341,206,5,2
341,215,13,3
341,224,20,4
341,233,23,4
341,242,20,4
341,251,13,3
341,260,5,2
341,305,7,3
341,314,17,4
341,323,23,4
341,332,23,4
341,341,17,4
341,350,7,3
341,404,8,4
341,413,17,4
341,422,20,4
341,431,17,4
341,440,8,4
341,503,7,3
341,512,13,3
341,521,13,3
341,530,7,3
341,602,5,2
341,611,8,2
341,620,5,2
342,036,9,3
342,045,11,4
342,054,11,4
342,063,9,3
342,126,17,3
342,135,24,4
342,144,27,5
342,153,24,4
342,162,17,3
342,216,17,3
342,225,30,4
342,234,39,5
342,243,39,5
342,252,30,4
342,261,17,3
342,306,9,3
342,315,24,4
342,324,39,5
342,333,45,5
342,342,39,5
342,351,24,4
342,360,9,3
342,405,11,4
342,414,27,5
342,423,39,5
342,432,39,5
342,441,27,5
342,450,11,4
342,504,11,4
342,513,24,4
342,522,30,4
342,531,24,4
342,540,11,4
342,603,9,3
342,612,17,3
342,621,17,3
342,630,9,3
343,046,13,4
343,055,14,4
343,064,13,4
343,136,28,4
343,145,34,5
343,154,34,5
343,163,28,4
343,226,34,4
343,235,49,5
343,244,55,6
343,253,49,5
343,262,34,4
343,316,28,4
343,325,49,5
343,334,65,6
343,343,65,6
343,352,49,5
343,361,28,4
343,406,13,4
343,415,34,5
343,424,55,6
343,433,65,6
343,442,55,6
343,451,34,5
343,460,13,4
343,505,14,4
343,514,34,5
343,523,49,5
343,532,49,5
343,541,34,5
343,550,14,4
343,604,13,4
343,613,28,4
343,622,34,4
343,631,28,4
343,640,13,4
344,056,16,4
344,065,16,4
344,146,38,5
344,155,41,5
344,164,38,5
344,236,53,5
344,245,65,6
344,254,65,6
344,263,53,5
344,326,53,5
344,335,75,6
344,344,85,7
344,353,75,6
344,362,53,5
344,416,38,5
344,425,65,6
344,434,85,7
344,443,85,7
344,452,65,6
344,461,38,5
344,506,16,4
344,515,41,5
344,524,65,6
344,533,75,6
344,542,65,6
344,551,41,5
344,560,16,4
344,605,16,4
344,614,38,5
344,623,53,5
344,632,53,5
344,641,38,5
344,650,16,4
345,066,18,5
345,156,45,6
345,165,45,6
345,246,69,6
345,255,75,7
345,264,69,6
345,336,79,6
345,345,95,7
345,354,95,7
345,363,79,6
345,426,69,6
345,435,95,7
345,444,105,7
345,453,95,7
345,462,69,6
345,516,45,6
345,525,75,7
345,534,95,7
345,543,95,7
345,552,75,7
345,561,45,6
345,606,18,5
345,615,45,6
345,624,69,6
345,633,79,6
345,642,69,6
345,651,45,6
345,660,18,5
346,166,49,7
346,256,79,7
346,265,79,7
346,346,99,7
346,355,105,7
346,364,99,7
346,436,99,7
346,445,115,7
346,454,115,7
346,463,99,7
346,526,79,7
346,535,105,7
346,544,115,7
346,553,105,7
346,562,79,7
346,616,49,7
346,625,79,7
346,634,99,7
346,643,99,7
346,652,79,7
346,661,49,7
350,026,3,2
350,035,4,3
350,044,4,3
350,053,4,3
350,062,3,2
350,116,4,2
350,125,6,3
350,134,7,3
350,143,7,3
350,152,6,3
350,161,4,2
350,206,3,2
350,215,6,3
350,224,8,3
350,233,9,3
350,242,8,3
350,251,6,3
350,260,3,2
350,305,4,3
350,314,7,3
350,323,9,3
350,332,9,3
350,341,7,3
350,350,4,3
350,404,4,3
350,413,7,3
350,422,8,3
350,431,7,3
350,440,4,3
350,503,4,3
350,512,6,3
350,521,6,3
350,530,4,3
350,602,3,2
350,611,4,2
350,620,3,2
351,036,7,3
351,045,8,4
351,054,8,4
351,063,7,3
351,126,13,3
351,135,17,4
351,144,18,4
351,153,17,4
351,162,13,3
351,216,13,3
351,225,20,4
351,234,24,4
351,243,24,4
351,252,20,4
351,261,13,3
351,306,7,3
351,315,17,4
351,324,24,4
351,333,27,4
351,342,24,4
351,351,17,4
351,360,7,3
351,405,8,4
351,414,18,4
351,423,24,4
351,432,24,4
351,441,18,4
351,450,8,4
351,504,8,4
351,513,17,4
351,522,20,4
351,531,17,4
351,540,8,4
351,603,7,3
351,612,13,3
351,621,13,3
351,630,7,3
352,046,11,4
352,055,12,5
352,064,11,4
352,136,24,4
352,145,28,5
352,154,28,5
352,163,24,4
352,226,30,4
352,235,40,5
352,244,43,5
352,253,40,5
352,262,30,4
352,316,24,4
352,325,40,5
352,334,49,5
352,343,49,5
352,352,40,5
352,361,24,4
352,406,11,4
352,415,28,5
352,424,43,5
352,433,49,5
352,442,43,5
352,451,28,5
352,460,11,4
352,505,12,5
352,514,28,5
352,523,40,5
352,532,40,5
352,541,28,5
352,550,12,5
352,604,11,4
352,613,24,4
352,622,30,4
352,631,24,4
352,640,11,4
353,056,15,5
353,065,15,5
353,146,35,5
353,155,38,6
353,164,35,5
353,236,50,5
353,245,59,6
353,254,59,6
353,263,50,5
353,326,50,5
353,335,69,6
353,344,75,6
353,353,69,6
353,362,50,5
353,416,35,5
353,425,59,6
353,434,75,6
353,443,75,6
353,452,59,6
353,461,35,5
353,506,15,5
353,515,38,6
353,524,59,6
353,533,69,6
353,542,59,6
353,551,38,6
353,560,15,5
353,605,15,5
353,614,35,5
353,623,50,5
353,632,50,5
353,641,35,5
353,650,15,5
354,066,18,5
354,156,45,6
354,165,45,6
354,246,69,6
354,255,75,7
354,264,69,6
354,336,79,6
354,345,95,7
354,354,95,7
354,363,79,6
354,426,69,6
354,435,95,7
354,444,105,7
354,453,95,7
354,462,69,6
354,516,45,6
354,525,75,7
354,534,95,7
354,543,95,7
354,552,75,7
354,561,45,6
354,606,18,5
354,615,45,6
354,624,69,6
354,633,79,6
354,642,69,6
354,651,45,6
354,660,18,5
355,166,52,6
355,256,85,7
355,265,85,7
355,346,105,7
355,355,115,8
355,364,105,7
355,436,105,7
355,445,125,8
355,454,125,8
355,463,105,7
355,526,85,7
355,535,115,8
355,544,125,8
355,553,115,8
355,562,85,7
355,616,52,6
355,625,85,7
355,634,105,7
355,643,105,7
355,652,85,7
355,661,52,6
356,266,95,8
356,356,125,8
356,365,125,8
356,446,135,8
356,455,145,8
356,464,135,8
356,536,125,8
356,545,145,8
356,554,145,8
356,563,125,8
356,626,95,8
356,635,125,8
356,644,135,8
356,653,125,8
356,662,95,8
360,036,4,3
360,045,4,3
360,054,4,3
360,063,4,3
360,126,6,3
360,135,7,3
360,144,7,3
360,153,7,3
360,162,6,3
360,216,6,3
360,225,8,3
360,234,9,3
360,243,9,3
360,252,8,3
360,261,6,3
360,306,4,3
360,315,7,3
360,324,9,3
360,333,10,3
360,342,9,3
360,351,7,3
360,360,4,3
360,405,4,3
360,414,7,3
360,423,9,3
360,432,9,3
360,441,7,3
360,450,4,3
360,504,4,3
360,513,7,3
360,522,8,3
360,531,7,3
360,540,4,3
360,603,4,3
360,612,6,3
360,621,6,3
360,630,4,3
361,046,8,4
361,055,8,4
361,064,8,4
361,136,17,4
361,145,18,4
361,154,18,4
361,163,17,4
361,226,20,4
361,235,24,4
361,244,25,4
361,253,24,4
361,262,20,4
361,316,17,4
361,325,24,4
361,334,28,4
361,343,28,4
361,352,24,4
361,361,17,4
361,406,8,4
361,415,18,4
361,424,25,4
361,433,28,4
361,442,25,4
361,451,18,4
361,460,8,4
361,505,8,4
361,514,18,4
361,523,24,4
361,532,24,4
361,541,18,4
361,550,8,4
361,604,8,4
361,613,17,4
361,622,20,4
361,631,17,4
361,640,8,4
362,056,12,5
362,065,12,5
362,146,28,5
362,155,29,5
362,164,28,5
362,236,40,5
362,245,44,5
362,254,44,5
362,263,40,5
362,326,40,5
362,335,50,5
362,344,53,5
362,353,50,5
362,362,40,5
362,416,28,5
362,425,44,5
362,434,53,5
362,443,53,5
362,452,44,5
362,461,28,5
362,506,12,5
362,515,29,5
362,524,44,5
362,533,50,5
362,542,44,5
362,551,29,5
362,560,12,5
362,605,12,5
362,614,28,5
362,623,40,5
362,632,40,5
362,641,28,5
362,650,12,5
363,066,16,6
363,156,39,6
363,165,39,6
363,246,60,6
363,255,63,6
363,264,60,6
363,336,70,6
363,345,79,6
363,354,79,6
363,363,70,6
363,426,60,6
363,435,79,6
363,444,85,6
363,453,79,6
363,462,60,6
363,516,39,6
363,525,63,6
363,534,79,6
363,543,79,6
363,552,63,6
363,561,39,6
363,606,16,6
363,615,39,6
363,624,60,6
363,633,70,6
363,642,60,6
363,651,39,6
363,660,16,6
364,166,49,7
364,256,79,7
364,265,79,7
364,346,99,7
364,355,105,7
364,364,99,7
364,436,99,7
364,445,115,7
364,454,115,7
364,463,99,7
364,526,79,7
364,535,105,7
364,544,115,7
364,553,105,7
364,562,79,7
364,616,49,7
364,625,79,7
364,634,99,7
364,643,99,7
364,652,79,7
364,661,49,7
365,266,95,8
365,356,125,8
365,365,125,8
365,446,135,8
365,455,145,8
365,464,135,8
365,536,125,8
365,545,145,8
365,554,145,8
365,563,125,8
365,626,95,8
365,635,125,8
365,644,135,8
365,653,125,8
365,662,95,8
366,366,145,9
366,456,165,9
366,465,165,9
366,546,165,9
366,555,175,8
366,564,165,9
366,636,145,9
366,645,165,9
366,654,165,9
366,663,145,9
400,004,1,0
400,013,1,0
400,022,1,0
400,031,1,0
400,040,1,0
400,103,1,0
400,112,1,0
400,121,1,0
400,130,1,0
400,202,1,0
400,211,1,0
400,220,1,0
400,301,1,0
400,310,1,0
400,400,1,0
401,005,1,0
401,014,2,1
401,023,2,1
401,032,2,1
401,041,2,1
401,050,1,0
401,104,2,1
401,113,3,1
401,122,3,1
401,131,3,1
401,140,2,1
401,203,2,1
401,212,3,1
401,221,3,1
401,230,2,1
401,302,2,1
401,311,3,1
401,320,2,1
401,401,2,1
401,410,2,1
401,500,1,0
402,006,1,0
402,015,2,1
402,024,3,2
402,033,3,2
402,042,3,2
402,051,2,1
402,060,1,0
402,105,2,1
402,114,4,2
402,123,5,2
402,132,5,2
402,141,4,2
402,150,2,1
402,204,3,2
402,213,5,2
402,222,6,2
402,231,5,2
402,240,3,2
402,303,3,2
402,312,5,2
402,321,5,2
402,330,3,2
402,402,3,2
402,411,4,2
402,420,3,2
402,501,2,1
402,510,2,1
402,600,1,0
403,016,2,1
403,025,3,2
403,034,4,3
403,043,4,3
403,052,3,2
403,061,2,1
403,106,2,1
403,115,4,2
403,124,6,3
403,133,7,3
403,142,6,3
403,151,4,2
403,160,2,1
403,205,3,2
403,214,6,3
403,223,8,3
403,232,8,3
403,241,6,3
403,250,3,2
403,304,4,3
403,313,7,3
403,322,8,3
403,331,7,3
403,340,4,3
403,403,4,3
403,412,6,3
403,421,6,3
403,430,4,3
403,502,3,2
403,511,4,2
403,520,3,2
403,601,2,1
403,610,2,1
404,026,3,2
404,035,4,3
404,044,5,4
404,053,4,3
404,062,3,2
404,116,4,2
404,125,6,3
404,134,8,4
404,143,8,4
404,152,6,3
404,161,4,2
404,206,3,2
404,215,6,3
404,224,9,4
404,233,10,3
404,242,9,4
404,251,6,3
404,260,3,2
404,305,4,3
404,314,8,4
404,323,10,3
404,332,10,3
404,341,8,4
404,350,4,3
404,404,5,4
404,413,8,4
404,422,9,4
404,431,8,4
404,440,5,4
404,503,4,3
404,512,6,3
404,521,6,3
404,530,4,3
404,602,3,2
404,611,4,2
404,620,3,2
405,036,4,3
405,045,5,4
405,054,5,4
405,063,4,3
405,126,6,3
405,135,8,4
405,144,9,4
405,153,8,4
405,162,6,3
405,216,6,3
405,225,9,4
405,234,11,4
405,243,11,4
405,252,9,4
405,261,6,3
405,306,4,3
405,315,8,4
405,324,11,4
405,333,12,3
405,342,11,4
405,351,8,4
405,360,4,3
405,405,5,4
405,414,9,4
405,423,11,4
405,432,11,4
405,441,9,4
405,450,5,4
405,504,5,4
405,513,8,4
405,522,9,4
405,531,8,4
405,540,5,4
405,603,4,3
405,612,6,3
405,621,6,3
405,630,4,3
406,046,5,4
406,055,5,4
406,064,5,4
406,136,8,4
406,145,9,4
406,154,9,4
406,163,8,4
406,226,9,4
406,235,11,4
406,244,12,4
406,253,11,4
406,262,9,4
406,316,8,4
406,325,11,4
406,334,13,4
406,343,13,4
406,352,11,4
406,361,8,4
406,406,5,4
406,415,9,4
406,424,12,4
406,433,13,4
406,442,12,4
406,451,9,4
406,460,5,4
406,505,5,4
406,514,9,4
406,523,11,4
406,532,11,4
406,541,9,4
406,550,5,4
406,604,5,4
406,613,8,4
406,622,9,4
406,631,8,4
406,640,5,4
410,005,1,0
410,014,2,1
410,023,2,1
410,032,2,1
410,041,2,1
410,050,1,0
410,104,2,1
410,113,3,1
410,122,3,1
410,131,3,1
410,140,2,1
410,203,2,1
410,212,3,1
410,221,3,1
410,230,2,1
410,302,2,1
410,311,3,1
410,320,2,1
410,401,2,1
410,410,2,1
410,500,1,0
411,006,1,0
411,015,3,1
411,024,4,2
411,033,4,2
411,042,4,2
411,051,3,1
411,060,1,0
411,105,3,1
411,114,7,2
411,123,8,2
411,132,8,2
411,141,7,2
411,150,3,1
411,204,4,2
411,213,8,2
411,222,9,2
411,231,8,2
411,240,4,2
411,303,4,2
411,312,8,2
411,321,8,2
411,330,4,2
411,402,4,2
411,411,7,2
411,420,4,2
411,501,3,1
411,510,3,1
411,600,1,0
412,016,3,1
412,025,5,2
412,034,6,3
412,043,6,3
412,052,5,2
412,061,3,1
412,106,3,1
412,115,8,2
412,124,12,3
412,133,13,3
412,142,12,3
412,151,8,2
412,160,3,1
412,205,5,2
412,214,12,3
412,223,16,3
412,232,16,3
412,241,12,3
412,250,5,2
412,304,6,3
412,313,13,3
412,322,16,3
412,331,13,3
412,340,6,3
412,403,6,3
412,412,12,3
412,421,12,3
412,430,6,3
412,502,5,2
412,511,8,2
412,520,5,2
412,601,3,1
412,610,3,1
413,026,5,2
413,035,7,3
413,044,8,4
413,053,7,3
413,062,5,2
413,116,8,2
413,125,13,3
413,134,17,4
413,143,17,4
413,152,13,3
413,161,8,2
413,206,5,2
413,215,13,3
413,224,20,4
413,233,23,4
413,242,20,4
413,251,13,3
413,260,5,2
413,305,7,3
413,314,17,4
413,323,23,4
413,332,23,4
413,341,17,4
413,350,7,3
413,404,8,4
413,413,17,4
413,422,20,4
413,431,17,4
413,440,8,4
413,503,7,3
413,512,13,3
413,521,13,3
413,530,7,3
413,602,5,2
413,611,8,2
413,620,5,2
414,036,7,3
414,045,9,4
414,054,9,4
414,063,7,3
414,126,13,3
414,135,18,4
414,144,21,5
414,153,18,4
414,162,13,3
414,216,13,3
414,225,21,4
414,234,27,5
414,243,27,5
414,252,21,4
414,261,13,3
414,306,7,3
414,315,18,4
414,324,27,5
414,333,30,4
414,342,27,5
414,351,18,4
414,360,7,3
414,405,9,4
414,414,21,5
414,423,27,5
414,432,27,5
414,441,21,5
414,450,9,4
414,504,9,4
414,513,18,4
414,522,21,4
414,531,18,4
414,540,9,4
414,603,7,3
414,612,13,3
414,621,13,3
414,630,7,3
415,046,9,4
415,055,10,5
415,064,9,4
415,136,18,4
415,145,22,5
415,154,22,5
415,163,18,4
415,226,21,4
415,235,28,5
415,244,31,5
415,253,28,5
415,262,21,4
415,316,18,4
415,325,28,5
415,334,34,5
415,343,34,5
415,352,28,5
415,361,18,4
415,406,9,4
415,415,22,5
415,424,31,5
415,433,34,5
415,442,31,5
415,451,22,5
415,460,9,4
415,505,10,5
415,514,22,5
415,523,28,5
415,532,28,5
415,541,22,5
415,550,10,5
415,604,9,4
415,613,18,4
415,622,21,4
415,631,18,4
415,640,9,4
416,056,10,5
416,065,10,5
416,146,22,5
416,155,23,5
416,164,22,5
416,236,28,5
416,245,32,5
416,254,32,5
416,263,28,5
416,326,28,5
416,335,35,5
416,344,38,5
416,353,35,5
416,362,28,5
416,416,22,5
416,425,32,5
416,434,38,5
416,443,38,5
416,452,32,5
416,461,22,5
416,506,10,5
416,515,23,5
416,524,32,5
416,533,35,5
416,542,32,5
416,551,23,5
416,560,10,5
416,605,10,5
416,614,22,5
416,623,28,5
416,632,28,5
416,641,22,5
416,650,10,5
420,006,1,0
420,015,2,1
420,024,3,2
420,033,3,2
420,042,3,2
420,051,2,1
420,060,1,0
420,105,2,1
420,114,4,2
420,123,5,2
420,132,5,2
420,141,4,2
420,150,2,1
420,204,3,2
420,213,5,2
420,222,6,2
420,231,5,2
420,240,3,2
420,303,3,2
420,312,5,2
420,321,5,2
420,330,3,2
420,402,3,2
420,411,4,2
420,420,3,2
420,501,2,1
420,510,2,1
420,600,1,0
421,016,3,1
421,025,5,2
421,034,6,3
421,043,6,3
421,052,5,2
421,061,3,1
421,106,3,1
421,115,8,2
421,124,12,3
421,133,13,3
421,142,12,3
421,151,8,2
421,160,3,1
421,205,5,2
421,214,12,3
421,223,16,3
421,232,16,3
421,241,12,3
421,250,5,2
421,304,6,3
421,313,13,3
421,322,16,3
421,331,13,3
421,340,6,3
421,403,6,3
421,412,12,3
421,421,12,3
421,430,6,3
421,502,5,2
421,511,8,2
421,520,5,2
421,601,3,1
421,610,3,1
422,026,6,2
422,035,8,3
422,044,9,4
422,053,8,3
422,062,6,2
422,116,9,2
422,125,16,3
422,134,20,4
422,143,20,4
422,152,16,3
422,161,9,2
422,206,6,2
422,215,16,3
422,224,26,4
422,233,29,4
422,242,26,4
422,251,16,3
422,260,6,2
422,305,8,3
422,314,20,4
422,323,29,4
422,332,29,4
422,341,20,4
422,350,8,3
422,404,9,4
422,413,20,4
422,422,26,4
422,431,20,4
422,440,9,4
422,503,8,3
422,512,16,3
422,521,16,3
422,530,8,3
422,602,6,2
422,611,9,2
422,620,6,2
423,036,9,3
423,045,11,4
423,054,11,4
423,063,9,3
423,126,17,3
423,135,24,4
423,144,27,5
423,153,24,4
423,162,17,3
423,216,17,3
423,225,30,4
423,234,39,5
423,243,39,5
423,252,30,4
423,261,17,3
423,306,9,3
423,315,24,4
423,324,39,5
423,333,45,5
423,342,39,5
423,351,24,4
423,360,9,3
423,405,11,4
423,414,27,5
423,423,39,5
423,432,39,5
423,441,27,5
423,450,11,4
423,504,11,4
423,513,24,4
423,522,30,4
423,531,24,4
423,540,11,4
423,603,9,3
423,612,17,3
423,621,17,3
423,630,9,3
424,046,12,4
424,055,13,4
424,064,12,4
424,136,25,4
424,145,31,5
424,154,31,5
424,163,25,4
424,226,31,4
424,235,43,5
424,244,49,6
424,253,43,5
424,262,31,4
424,316,25,4
424,325,43,5
424,334,55,6
424,343,55,6
424,352,43,5
424,361,25,4
424,406,12,4
424,415,31,5
424,424,49,6
424,433,55,6
424,442,49,6
424,451,31,5
424,460,12,4
424,505,13,4
424,514,31,5
424,523,43,5
424,532,43,5
424,541,31,5
424,550,13,4
424,604,12,4
424,613,25,4
424,622,31,4
424,631,25,4
424,640,12,4
425,056,14,5
425,065,14,5
425,146,32,5
425,155,35,6
425,164,32,5
425,236,44,5
425,245,53,6
425,254,53,6
425,263,44,5
425,326,44,5
425,335,59,6
425,344,65,6
425,353,59,6
425,362,44,5
425,416,32,5
425,425,53,6
425,434,65,6
425,443,65,6
425,452,53,6
425,461,32,5
425,506,14,5
425,515,35,6
425,524,53,6
425,533,59,6
425,542,53,6
425,551,35,6
425,560,14,5
425,605,14,5
425,614,32,5
425,623,44,5
425,632,44,5
425,641,32,5
425,650,14,5
426,066,15,6
426,156,36,6
426,165,36,6
426,246,54,6
426,255,57,6
426,264,54,6
426,336,60,6
426,345,69,6
426,354,69,6
426,363,60,6
426,426,54,6
426,435,69,6
426,444,75,6
426,453,69,6
426,462,54,6
426,516,36,6
426,525,57,6
426,534,69,6
426,543,69,6
426,552,57,6
426,561,36,6
426,606,15,6
426,615,36,6
426,624,54,6
426,633,60,6
426,642,54,6
426,651,36,6
426,660,15,6
430,016,2,1
430,025,3,2
430,034,4,3
430,043,4,3
430,052,3,2
430,061,2,1
430,106,2,1
430,115,4,2
430,124,6,3
430,133,7,3
430,142,6,3
430,151,4,2
430,160,2,1
430,205,3,2
430,214,6,3
430,223,8,3
430,232,8,3
430,241,6,3
430,250,3,2
430,304,4,3
430,313,7,3
430,322,8,3
430,331,7,3
430,340,4,3
430,403,4,3
430,412,6,3
430,421,6,3
430,430,4,3
430,502,3,2
430,511,4,2
430,520,3,2
430,601,2,1
430,610,2,1
431,026,5,2
431,035,7,3
431,044,8,4
431,053,7,3
431,062,5,2
431,116,8,2
431,125,13,3
431,134,17,4
431,143,17,4
431,152,13,3
431,161,8,2
431,206,5,2
431,215,13,3
431,224,20,4
431,233,23,4
431,242,20,4
431,251,13,3
431,260,5,2
431,305,7,3
431,314,17,4
431,323,23,4
431,332,23,4
431,341,17,4
431,350,7,3
431,404,8,4
431,413,17,4
431,422,20,4
431,431,17,4
431,440,8,4
431,503,7,3
431,512,13,3
431,521,13,3
431,530,7,3
431,602,5,2
431,611,8,2
431,620,5,2
432,036,9,3
432,045,11,4
432,054,11,4
432,063,9,3
432,126,17,3
432,135,24,4
432,144,27,5
432,153,24,4
432,162,17,3
432,216,17,3
432,225,30,4
432,234,39,5
432,243,39,5
432,252,30,4
432,261,17,3
432,306,9,3
432,315,24,4
432,324,39,5
432,333,45,5
432,342,39,5
432,351,24,4
432,360,9,3
432,405,11,4
432,414,27,5
432,423,39,5
432,432,39,5
432,441,27,5
432,450,11,4
432,504,11,4
432,513,24,4
432,522,30,4
432,531,24,4
432,540,11,4
432,603,9,3
432,612,17,3
432,621,17,3
432,630,9,3
433,046,13,4
433,055,14,4
433,064,13,4
433,136,28,4
433,145,34,5
433,154,34,5
433,163,28,4
433,226,34,4
433,235,49,5
433,244,55,6
433,253,49,5
433,262,34,4
433,316,28,4
433,325,49,5
433,334,65,6
433,343,65,6
433,352,49,5
433,361,28,4
433,406,13,4
433,415,34,5
433,424,55,6
433,433,65,6
433,442,55,6
433,451,34,5
433,460,13,4
433,505,14,4
433,514,34,5
433,523,49,5
433,532,49,5
433,541,34,5
433,550,14,4
433,604,13,4
433,613,28,4
433,622,34,4
433,631,28,4
433,640,13,4
434,056,16,4
434,065,16,4
434,146,38,5
434,155,41,5
434,164,38,5
434,236,53,5
434,245,65,6
434,254,65,6
434,263,53,5
434,326,53,5
434,335,75,6
434,344,85,7
434,353,75,6
434,362,53,5
434,416,38,5
434,425,65,6
434,434,85,7
434,443,85,7
434,452,65,6
434,461,38,5
434,506,16,4
434,515,41,5
434,524,65,6
434,533,75,6
434,542,65,6
434,551,41,5
434,560,16,4
434,605,16,4
434,614,38,5
434,623,53,5
434,632,53,5
434,641,38,5
434,650,16,4
435,066,18,5
435,156,45,6
435,165,45,6
435,246,69,6
435,255,75,7
435,264,69,6
435,336,79,6
435,345,95,7
435,354,95,7
435,363,79,6
435,426,69,6
435,435,95,7
435,444,105,7
435,453,95,7
435,462,69,6
435,516,45,6
435,525,75,7
435,534,95,7
435,543,95,7
435,552,75,7
435,561,45,6
435,606,18,5
435,615,45,6
435,624,69,6
435,633,79,6
435,642,69,6
435,651,45,6
435,660,18,5
436,166,49,7
436,256,79,7
436,265,79,7
436,346,99,7
436,355,105,7
436,364,99,7
436,436,99,7
436,445,115,7
436,454,115,7
436,463,99,7
436,526,79,7
436,535,105,7
436,544,115,7
436,553,105,7
436,562,79,7
436,616,49,7
436,625,79,7
436,634,99,7
436,643,99,7
436,652,79,7
436,661,49,7
440,026,3,2
440,035,4,3
440,044,5,4
440,053,4,3
440,062,3,2
440,116,4,2
440,125,6,3
440,134,8,4
440,143,8,4
440,152,6,3
440,161,4,2
440,206,3,2
440,215,6,3
440,224,9,4
440,233,10,3
440,242,9,4
440,251,6,3
440,260,3,2
440,305,4,3
440,314,8,4
440,323,10,3
440,332,10,3
440,341,8,4
440,350,4,3
440,404,5,4
440,413,8,4
440,422,9,4
440,431,8,4
440,440,5,4
440,503,4,3
440,512,6,3
440,521,6,3
440,530,4,3
440,602,3,2
440,611,4,2
440,620,3,2
441,036,7,3
441,045,9,4
441,054,9,4
441,063,7,3
441,126,13,3
441,135,18,4
441,144,21,5
441,153,18,4
441,162,13,3
441,216,13,3
441,225,21,4
441,234,27,5
441,243,27,5
441,252,21,4
441,261,13,3
441,306,7,3
441,315,18,4
441,324,27,5
441,333,30,4
441,342,27,5
441,351,18,4
441,360,7,3
441,405,9,4
441,414,21,5
441,423,27,5
441,432,27,5
441,441,21,5
441,450,9,4
441,504,9,4
441,513,18,4
441,522,21,4
441,531,18,4
441,540,9,4
441,603,7,3
441,612,13,3
441,621,13,3
441,630,7,3
442,046,12,4
442,055,13,4
442,064,12,4
442,136,25,4
442,145,31,5
442,154,31,5
442,163,25,4
442,226,31,4
442,235,43,5
442,244,49,6
442,253,43,5
442,262,31,4
442,316,25,4
442,325,43,5
442,334,55,6
442,343,55,6
442,352,43,5
442,361,25,4
442,406,12,4
442,415,31,5
442,424,49,6
442,433,55,6
442,442,49,6
442,451,31,5
442,460,12,4
442,505,13,4
442,514,31,5
442,523,43,5
442,532,43,5
442,541,31,5
442,550,13,4
442,604,12,4
442,613,25,4
442,622,31,4
442,631,25,4
442,640,12,4
443,056,16,4
443,065,16,4
443,146,38,5
443,155,41,5
443,164,38,5
443,236,53,5
443,245,65,6
443,254,65,6
443,263,53,5
443,326,53,5
443,335,75,6
443,344,85,7
443,353,75,6
443,362,53,5
443,416,38,5
443,425,65,6
443,434,85,7
443,443,85,7
443,452,65,6
443,461,38,5
443,506,16,4
443,515,41,5
443,524,65,6
443,533,75,6
443,542,65,6
443,551,41,5
443,560,16,4
443,605,16,4
443,614,38,5
443,623,53,5
443,632,53,5
443,641,38,5
443,650,16,4
444,066,19,4
444,156,48,5
444,165,48,5
444,246,75,6
444,255,81,6
444,264,75,6
444,336,85,6
444,345,105,7
444,354,105,7
444,363,85,6
444,426,75,6
444,435,105,7
444,444,120,8
444,453,105,7
444,462,75,6
444,516,48,5
444,525,81,6
444,534,105,7
444,543,105,7
444,552,81,6
444,561,48,5
444,606,19,4
444,615,48,5
444,624,75,6
444,633,85,6
444,642,75,6
444,651,48,5
444,660,19,4
445,166,55,6
445,256,91,7
445,265,91,7
445,346,115,7
445,355,125,8
445,364,115,7
445,436,115,7
445,445,140,8
445,454,140,8
445,463,115,7
445,526,91,7
445,535,125,8
445,544,140,8
445,553,125,8
445,562,91,7
445,616,55,6
445,625,91,7
445,634,115,7
445,643,115,7
445,652,91,7
445,661,55,6
446,266,101,8
446,356,135,8
446,365,135,8
446,446,150,8
446,455,160,8
446,464,150,8
446,536,135,8
446,545,160,8
446,554,160,8
446,563,135,8
446,626,101,8
446,635,135,8
446,644,150,8
446,653,135,8
446,662,101,8
450,036,4,3
450,045,5,4
450,054,5,4
450,063,4,3
450,126,6,3
450,135,8,4
450,144,9,4
450,153,8,4
450,162,6,3
450,216,6,3
450,225,9,4
450,234,11,4
450,243,11,4
450,252,9,4
450,261,6,3
450,306,4,3
450,315,8,4
450,324,11,4
450,333,12,3
450,342,11,4
450,351,8,4
450,360,4,3
450,405,5,4
450,414,9,4
450,423,11,4
450,432,11,4
450,441,9,4
450,450,5,4
450,504,5,4
450,513,8,4
450,522,9,4
450,531,8,4
450,540,5,4
450,603,4,3
450,612,6,3
450,621,6,3
450,630,4,3
451,046,9,4
451,055,10,5
451,064,9,4
451,136,18,4
451,145,22,5
451,154,22,5
451,163,18,4
451,226,21,4
451,235,28,5
451,244,31,5
451,253,28,5
451,262,21,4
451,316,18,4
451,325,28,5
451,334,34,5
451,343,34,5
451,352,28,5
451,361,18,4
451,406,9,4
451,415,22,5
451,424,31,5
451,433,34,5
451,442,31,5
451,451,22,5
451,460,9,4
451,505,10,5
451,514,22,5
451,523,28,5
451,532,28,5
451,541,22,5
451,550,10,5
451,604,9,4
451,613,18,4
451,622,21,4
451,631,18,4
451,640,9,4
452,056,14,5
452,065,14,5
452,146,32,5
452,155,35,6
452,164,32,5
452,236,44,5
452,245,53,6
452,254,53,6
452,263,44,5
452,326,44,5
452,335,59,6
452,344,65,6
452,353,59,6
452,362,44,5
452,416,32,5
452,425,53,6
452,434,65,6
452,443,65,6
452,452,53,6
452,461,32,5
452,506,14,5
452,515,35,6
452,524,53,6
452,533,59,6
452,542,53,6
452,551,35,6
452,560,14,5
452,605,14,5
452,614,32,5
452,623,44,5
452,632,44,5
452,641,32,5
452,650,14,5
453,066,18,5
453,156,45,6
453,165,45,6
453,246,69,6
453,255,75,7
453,264,69,6
453,336,79,6
453,345,95,7
453,354,95,7
453,363,79,6
453,426,69,6
453,435,95,7
453,444,105,7
453,453,95,7
453,462,69,6
453,516,45,6
453,525,75,7
453,534,95,7
453,543,95,7
453,552,75,7
453,561,45,6
453,606,18,5
453,615,45,6
453,624,69,6
453,633,79,6
453,642,69,6
453,651,45,6
453,660,18,5
454,166,55,6
454,256,91,7
454,265,91,7
454,346,115,7
454,355,125,8
454,364,115,7
454,436,115,7
454,445,140,8
454,454,140,8
454,463,115,7
454,526,91,7
454,535,125,8
454,544,140,8
454,553,125,8
454,562,91,7
454,616,55,6
454,625,91,7
454,634,115,7
454,643,115,7
454,652,91,7
454,661,55,6
455,266,107,7
455,356,145,8
455,365,145,8
455,446,160,8
455,455,175,9
455,464,160,8
455,536,145,8
455,545,175,9
455,554,175,9
455,563,145,8
455,626,107,7
455,635,145,8
455,644,160,8
455,653,145,8
455,662,107,7
456,366,165,9
456,456,195,9
456,465,195,9
456,546,195,9
456,555,210,9
456,564,195,9
456,636,165,9
456,645,195,9
456,654,195,9
456,663,165,9
460,046,5,4
460,055,5,4
460,064,5,4
460,136,8,4
460,145,9,4
460,154,9,4
460,163,8,4
460,226,9,4
460,235,11,4
460,244,12,4
460,253,11,4
460,262,9,4
460,316,8,4
460,325,11,4
460,334,13,4
460,343,13,4
460,352,11,4
460,361,8,4
460,406,5,4
460,415,9,4
460,424,12,4
460,433,13,4
460,442,12,4
460,451,9,4
460,460,5,4
460,505,5,4
460,514,9,4
460,523,11,4
460,532,11,4
460,541,9,4
460,550,5,4
460,604,5,4
460,613,8,4
460,622,9,4
460,631,8,4
460,640,5,4
461,056,10,5
461,065,10,5
461,146,22,5
461,155,23,5
461,164,22,5
461,236,28,5
461,245,32,5
461,254,32,5
461,263,28,5
461,326,28,5
461,335,35,5
461,344,38,5
461,353,35,5
461,362,28,5
461,416,22,5
461,425,32,5
461,434,38,5
461,443,38,5
461,452,32,5
461,461,22,5
461,506,10,5
461,515,23,5
461,524,32,5
461,533,35,5
461,542,32,5
461,551,23,5
461,560,10,5
461,605,10,5
461,614,22,5
461,623,28,5
461,632,28,5
461,641,22,5
461,650,10,5
462,066,15,6
462,156,36,6
462,165,36,6
462,246,54,6
462,255,57,6
462,264,54,6
462,336,60,6
462,345,69,6
462,354,69,6
462,363,60,6
462,426,54,6
462,435,69,6
462,444,75,6
462,453,69,6
462,462,54,6
462,516,36,6
462,525,57,6
462,534,69,6
462,543,69,6
462,552,57,6
462,561,36,6
462,606,15,6
462,615,36,6
462,624,54,6
462,633,60,6
462,642,54,6
462,651,36,6
462,660,15,6
463,166,49,7
463,256,79,7
463,265,79,7
463,346,99,7
463,355,105,7
463,364,99,7
463,436,99,7
463,445,115,7
463,454,115,7
463,463,99,7
463,526,79,7
463,535,105,7
463,544,115,7
463,553,105,7
463,562,79,7
463,616,49,7
463,625,79,7
463,634,99,7
463,643,99,7
463,652,79,7
463,661,49,7
464,266,101,8
464,356,135,8
464,365,135,8
464,446,150,8
464,455,160,8
464,464,150,8
464,536,135,8
464,545,160,8
464,554,160,8
464,563,135,8
464,626,101,8
464,635,135,8
464,644,150,8
464,653,135,8
464,662,101,8
465,366,165,9
465,456,195,9
465,465,195,9
465,546,195,9
465,555,210,9
465,564,195,9
465,636,165,9
465,645,195,9
465,654,195,9
465,663,165,9
466,466,230,10
466,556,245,10
466,565,245,10
466,646,230,10
466,655,245,10
466,664,230,10
500,005,1,0
500,014,1,0
500,023,1,0
500,032,1,0
500,041,1,0
500,050,1,0
500,104,1,0
500,113,1,0
500,122,1,0
500,131,1,0
500,140,1,0
500,203,1,0
500,212,1,0
500,221,1,0
500,230,1,0
500,302,1,0
500,311,1,0
500,320,1,0
500,401,1,0
500,410,1,0
500,500,1,0
501,006,1,0
501,015,2,1
501,024,2,1
501,033,2,1
501,042,2,1
501,051,2,1
501,060,1,0
501,105,2,1
501,114,3,1
501,123,3,1
501,132,3,1
501,141,3,1
501,150,2,1
501,204,2,1
501,213,3,1
501,222,3,1
501,231,3,1
501,240,2,1
501,303,2,1
501,312,3,1
501,321,3,1
501,330,2,1
501,402,2,1
501,411,3,1
501,420,2,1
501,501,2,1
501,510,2,1
501,600,1,0
502,016,2,1
502,025,3,2
502,034,3,2
502,043,3,2
502,052,3,2
502,061,2,1
502,106,2,1
502,115,4,2
502,124,5,2
502,133,5,2
502,142,5,2
502,151,4,2
502,160,2,1
502,205,3,2
502,214,5,2
502,223,6,2
502,232,6,2
502,241,5,2
502,250,3,2
502,304,3,2
502,313,5,2
502,322,6,2
502,331,5,2
502,340,3,2
502,403,3,2
502,412,5,2
502,421,5,2
502,430,3,2
502,502,3,2
502,511,4,2
502,520,3,2
502,601,2,1
502,610,2,1
503,026,3,2
503,035,4,3
503,044,4,3
503,053,4,3
503,062,3,2
503,116,4,2
503,125,6,3
503,134,7,3
503,143,7,3
503,152,6,3
503,161,4,2
503,206,3,2
503,215,6,3
503,224,8,3
503,233,9,3
503,242,8,3
503,251,6,3
503,260,3,2
503,305,4,3
503,314,7,3
503,323,9,3
503,332,9,3
503,341,7,3
503,350,4,3
503,404,4,3
503,413,7,3
503,422,8,3
503,431,7,3
503,440,4,3
503,503,4,3
503,512,6,3
503,521,6,3
503,530,4,3
503,602,3,2
503,611,4,2
503,620,3,2
504,036,4,3
504,045,5,4
504,054,5,4
504,063,4,3
504,126,6,3
504,135,8,4
504,144,9,4
504,153,8,4
504,162,6,3
504,216,6,3
504,225,9,4
504,234,11,4
504,243,11,4
504,252,9,4
504,261,6,3
504,306,4,3
504,315,8,4
504,324,11,4
504,333,12,3
504,342,11,4
504,351,8,4
504,360,4,3
504,405,5,4
504,414,9,4
504,423,11,4
504,432,11,4
504,441,9,4
504,450,5,4
504,504,5,4
504,513,8,4
504,522,9,4
504,531,8,4
504,540,5,4
504,603,4,3
504,612,6,3
504,621,6,3
504,630,4,3
505,046,5,4
505,055,6,5
505,064,5,4
505,136,8,4
505,145,10,5
505,154,10,5
505,163,8,4
505,226,9,4
505,235,12,5
505,244,13,4
505,253,12,5
505,262,9,4
505,316,8,4
505,325,12,5
505,334,14,4
505,343,14,4
505,352,12,5
505,361,8,4
505,406,5,4
505,415,10,5
505,424,13,4
505,433,14,4
505,442,13,4
505,451,10,5
505,460,5,4
505,505,6,5
505,514,10,5
505,523,12,5
505,532,12,5
505,541,10,5
505,550,6,5
505,604,5,4
505,613,8,4
505,622,9,4
505,631,8,4
505,640,5,4
506,056,6,5
506,065,6,5
506,146,10,5
506,155,11,5
506,164,10,5
506,236,12,5
506,245,14,5
506,254,14,5
506,263,12,5
506,326,12,5
506,335,15,5
506,344,16,4
506,353,15,5
506,362,12,5
506,416,10,5
506,425,14,5
506,434,16,4
506,443,16,4
506,452,14,5
506,461,10,5
506,506,6,5
506,515,11,5
506,524,14,5
506,533,15,5
506,542,14,5
506,551,11,5
506,560,6,5
506,605,6,5
506,614,10,5
506,623,12,5
506,632,12,5
506,641,10,5
506,650,6,5
510,006,1,0
510,015,2,1
510,024,2,1
510,033,2,1
510,042,2,1
510,051,2,1
510,060,1,0
510,105,2,1
510,114,3,1
510,123,3,1
510,132,3,1
510,141,3,1
510,150,2,1
510,204,2,1
510,213,3,1
510,222,3,1
510,231,3,1
510,240,2,1
510,303,2,1
510,312,3,1
510,321,3,1
510,330,2,1
510,402,2,1
510,411,3,1
510,420,2,1
510,501,2,1
510,510,2,1
510,600,1,0
511,016,3,1
511,025,4,2
511,034,4,2
511,043,4,2
511,052,4,2
511,061,3,1
511,106,3,1
511,115,7,2
511,124,8,2
511,133,8,2
511,142,8,2
511,151,7,2
511,160,3,1
511,205,4,2
511,214,8,2
511,223,9,2
511,232,9,2
511,241,8,2
511,250,4,2
511,304,4,2
511,313,8,2
511,322,9,2
511,331,8,2
511,340,4,2
511,403,4,2
511,412,8,2
511,421,8,2
511,430,4,2
511,502,4,2
511,511,7,2
511,520,4,2
511,601,3,1
511,610,3,1
512,026,5,2
512,035,6,3
512,044,6,3
512,053,6,3
512,062,5,2
512,116,8,2
512,125,12,3
512,134,13,3
512,143,13,3
512,152,12,3
512,161,8,2
512,206,5,2
512,215,12,3
512,224,16,3
512,233,17,3
512,242,16,3
512,251,12,3
512,260,5,2
512,305,6,3
512,314,13,3
512,323,17,3
512,332,17,3
512,341,13,3
512,350,6,3
512,404,6,3
512,413,13,3
512,422,16,3
512,431,13,3
512,440,6,3
512,503,6,3
512,512,12,3
512,521,12,3
512,530,6,3
512,602,5,2
512,611,8,2
512,620,5,2
513,036,7,3
513,045,8,4
513,054,8,4
513,063,7,3
513,126,13,3
513,135,17,4
513,144,18,4
513,153,17,4
513,162,13,3
513,216,13,3
513,225,20,4
513,234,24,4
513,243,24,4
513,252,20,4
513,261,13,3
513,306,7,3
513,315,17,4
513,324,24,4
513,333,27,4
513,342,24,4
513,351,17,4
513,360,7,3
513,405,8,4
513,414,18,4
513,423,24,4
513,432,24,4
513,441,18,4
513,450,8,4
513,504,8,4
513,513,17,4
513,522,20,4
513,531,17,4
513,540,8,4
513,603,7,3
513,612,13,3
513,621,13,3
513,630,7,3
514,046,9,4
514,055,10,5
514,064,9,4
514,136,18,4
514,145,22,5
514,154,22,5
514,163,18,4
514,226,21,4
514,235,28,5
514,244,31,5
514,253,28,5
514,262,21,4
514,316,18,4
514,325,28,5
514,334,34,5
514,343,34,5
514,352,28,5
514,361,18,4
514,406,9,4
514,415,22,5
514,424,31,5
514,433,34,5
514,442,31,5
514,451,22,5
514,460,9,4
514,505,10,5
514,514,22,5
514,523,28,5
514,532,28,5
514,541,22,5
514,550,10,5
514,604,9,4
514,613,18,4
514,622,21,4
514,631,18,4
514,640,9,4
515,056,11,5
515,065,11,5
515,146,23,5
515,155,26,6
515,164,23,5
515,236,29,5
515,245,35,6
515,254,35,6
515,263,29,5
515,326,29,5
515,335,38,6
515,344,41,5
515,353,38,6
515,362,29,5
515,416,23,5
515,425,35,6
515,434,41,5
515,443,41,5
515,452,35,6
515,461,23,5
515,506,11,5
515,515,26,6
515,524,35,6
515,533,38,6
515,542,35,6
515,551,26,6
515,560,11,5
515,605,11,5
515,614,23,5
515,623,29,5
515,632,29,5
515,641,23,5
515,650,11,5
516,066,12,6
516,156,27,6
516,165,27,6
516,246,36,6
516,255,39,6
516,264,36,6
516,336,39,6
516,345,45,6
516,354,45,6
516,363,39,6
516,426,36,6
516,435,45,6
516,444,48,5
516,453,45,6
516,462,36,6
516,516,27,6
516,525,39,6
516,534,45,6
516,543,45,6
516,552,39,6
516,561,27,6
516,606,12,6
516,615,27,6
516,624,36,6
516,633,39,6
516,642,36,6
516,651,27,6
516,660,12,6
520,016,2,1
520,025,3,2
520,034,3,2
520,043,3,2
520,052,3,2
520,061,2,1
520,106,2,1
520,115,4,2
520,124,5,2
520,133,5,2
520,142,5,2
520,151,4,2
520,160,2,1
520,205,3,2
520,214,5,2
520,223,6,2
520,232,6,2
520,241,5,2
520,250,3,2
520,304,3,2
520,313,5,2
520,322,6,2
520,331,5,2
520,340,3,2
520,403,3,2
520,412,5,2
520,421,5,2
520,430,3,2
520,502,3,2
520,511,4,2
520,520,3,2
520,601,2,1
520,610,2,1
521,026,5,2
521,035,6,3
521,044,6,3
521,053,6,3
521,062,5,2
521,116,8,2
521,125,12,3
521,134,13,3
521,143,13,3
521,152,12,3
521,161,8,2
521,206,5,2
521,215,12,3
521,224,16,3
521,233,17,3
521,242,16,3
521,251,12,3
521,260,5,2
521,305,6,3
521,314,13,3
521,323,17,3
521,332,17,3
521,341,13,3
521,350,6,3
521,404,6,3
521,413,13,3
521,422,16,3
521,431,13,3
521,440,6,3
521,503,6,3
521,512,12,3
521,521,12,3
521,530,6,3
521,602,5,2
521,611,8,2
521,620,5,2
522,036,8,3
522,045,9,4
522,054,9,4
522,063,8,3
522,126,16,3
522,135,20,4
522,144,21,4
522,153,20,4
522,162,16,3
522,216,16,3
522,225,26,4
522,234,30,4
522,243,30,4
522,252,26,4
522,261,16,3
522,306,8,3
522,315,20,4
522,324,30,4
522,333,33,4
522,342,30,4
522,351,20,4
522,360,8,3
522,405,9,4
522,414,21,4
522,423,30,4
522,432,30,4
522,441,21,4
522,450,9,4
522,504,9,4
522,513,20,4
522,522,26,4
522,531,20,4
522,540,9,4
522,603,8,3
522,612,16,3
522,621,16,3
522,630,8,3
523,046,11,4
523,055,12,5
523,064,11,4
523,136,24,4
523,145,28,5
523,154,28,5
523,163,24,4
523,226,30,4
523,235,40,5
523,244,43,5
523,253,40,5
523,262,30,4
523,316,24,4
523,325,40,5
523,334,49,5
523,343,49,5
523,352,40,5
523,361,24,4
523,406,11,4
523,415,28,5
523,424,43,5
523,433,49,5
523,442,43,5
523,451,28,5
523,460,11,4
523,505,12,5
523,514,28,5
523,523,40,5
523,532,40,5
523,541,28,5
523,550,12,5
523,604,11,4
523,613,24,4
523,622,30,4
523,631,24,4
523,640,11,4
524,056,14,5
524,065,14,5
524,146,32,5
524,155,35,6
524,164,32,5
524,236,44,5
524,245,53,6
524,254,53,6
524,263,44,5
524,326,44,5
524,335,59,6
524,344,65,6
524,353,59,6
524,362,44,5
524,416,32,5
524,425,53,6
524,434,65,6
524,443,65,6
524,452,53,6
524,461,32,5
524,506,14,5
524,515,35,6
524,524,53,6
524,533,59,6
524,542,53,6
524,551,35,6
524,560,14,5
524,605,14,5
524,614,32,5
524,623,44,5
524,632,44,5
524,641,32,5
524,650,14,5
525,066,16,5
525,156,39,6
525,165,39,6
525,246,57,6
525,255,63,7
525,264,57,6
525,336,63,6
525,345,75,7
525,354,75,7
525,363,63,6
525,426,57,6
525,435,75,7
525,444,81,6
525,453,75,7
525,462,57,6
525,516,39,6
525,525,63,7
525,534,75,7
525,543,75,7
525,552,63,7
525,561,39,6
525,606,16,5
525,615,39,6
525,624,57,6
525,633,63,6
525,642,57,6
525,651,39,6
525,660,16,5
526,166,43,7
526,256,67,7
526,265,67,7
526,346,79,7
526,355,85,7
526,364,79,7
526,436,79,7
526,445,91,7
526,454,91,7
526,463,79,7
526,526,67,7
526,535,85,7
526,544,91,7
526,553,85,7
526,562,67,7
526,616,43,7
526,625,67,7
526,634,79,7
526,643,79,7
526,652,67,7
526,661,43,7
530,026,3,2
530,035,4,3
530,044,4,3
530,053,4,3
530,062,3,2
530,116,4,2
530,125,6,3
530,134,7,3
530,143,7,3
530,152,6,3
530,161,4,2
530,206,3,2
530,215,6,3
530,224,8,3
530,233,9,3
530,242,8,3
530,251,6,3
530,260,3,2
530,305,4,3
530,314,7,3
530,323,9,3
530,332,9,3
530,341,7,3
530,350,4,3
530,404,4,3
530,413,7,3
530,422,8,3
530,431,7,3
530,440,4,3
530,503,4,3
530,512,6,3
530,521,6,3
530,530,4,3
530,602,3,2
530,611,4,2
530,620,3,2
531,036,7,3
531,045,8,4
531,054,8,4
531,063,7,3
531,126,13,3
531,135,17,4
531,144,18,4
531,153,17,4
531,162,13,3
531,216,13,3
531,225,20,4
531,234,24,4
531,243,24,4
531,252,20,4
531,261,13,3
531,306,7,3
531,315,17,4
531,324,24,4
531,333,27,4
531,342,24,4
531,351,17,4
531,360,7,3
531,405,8,4
531,414,18,4
531,423,24,4
531,432,24,4
531,441,18,4
531,450,8,4
531,504,8,4
531,513,17,4
531,522,20,4
531,531,17,4
531,540,8,4
531,603,7,3
531,612,13,3
531,621,13,3
531,630,7,3
532,046,11,4
532,055,12,5
532,064,11,4
532,136,24,4
532,145,28,5
532,154,28,5
532,163,24,4
532,226,30,4
532,235,40,5
532,244,43,5
532,253,40,5
532,262,30,4
532,316,24,4
532,325,40,5
532,334,49,5
532,343,49,5
532,352,40,5
532,361,24,4
532,406,11,4
532,415,28,5
532,424,43,5
532,433,49,5
532,442,43,5
532,451,28,5
532,460,11,4
532,505,12,5
532,514,28,5
532,523,40,5
532,532,40,5
532,541,28,5
532,550,12,5
532,604,11,4
532,613,24,4
532,622,30,4
532,631,24,4
532,640,11,4
533,056,15,5
533,065,15,5
533,146,35,5
533,155,38,6
533,164,35,5
533,236,50,5
533,245,59,6
533,254,59,6
533,263,50,5
533,326,50,5
533,335,69,6
533,344,75,6
533,353,69,6
533,362,50,5
533,416,35,5
533,425,59,6
533,434,75,6
533,443,75,6
533,452,59,6
533,461,35,5
533,506,15,5
533,515,38,6
533,524,59,6
533,533,69,6
533,542,59,6
533,551,38,6
533,560,15,5
533,605,15,5
533,614,35,5
533,623,50,5
533,632,50,5
533,641,35,5
533,650,15,5
534,066,18,5
534,156,45,6
534,165,45,6
534,246,69,6
534,255,75,7
534,264,69,6
534,336,79,6
534,345,95,7
534,354,95,7
534,363,79,6
534,426,69,6
534,435,95,7
534,444,105,7
534,453,95,7
534,462,69,6
534,516,45,6
534,525,75,7
534,534,95,7
534,543,95,7
534,552,75,7
534,561,45,6
534,606,18,5
534,615,45,6
534,624,69,6
534,633,79,6
534,642,69,6
534,651,45,6
534,660,18,5
535,166,52,6
535,256,85,7
535,265,85,7
535,346,105,7
535,355,115,8
535,364,105,7
535,436,105,7
535,445,125,8
535,454,125,8
535,463,105,7
535,526,85,7
535,535,115,8
535,544,125,8
535,553,115,8
535,562,85,7
535,616,52,6
535,625,85,7
535,634,105,7
535,643,105,7
535,652,85,7
535,661,52,6
536,266,95,8
536,356,125,8
536,365,125,8
536,446,135,8
536,455,145,8
536,464,135,8
536,536,125,8
536,545,145,8
536,554,145,8
536,563,125,8
536,626,95,8
536,635,125,8
536,644,135,8
536,653,125,8
536,662,95,8
540,036,4,3
540,045,5,4
540,054,5,4
540,063,4,3
540,126,6,3
540,135,8,4
540,144,9,4
540,153,8,4
540,162,6,3
540,216,6,3
540,225,9,4
540,234,11,4
540,243,11,4
540,252,9,4
540,261,6,3
540,306,4,3
540,315,8,4
540,324,11,4
540,333,12,3
540,342,11,4
540,351,8,4
540,360,4,3
540,405,5,4
540,414,9,4
540,423,11,4
540,432,11,4
540,441,9,4
540,450,5,4
540,504,5,4
540,513,8,4
540,522,9,4
540,531,8,4
540,540,5,4
540,603,4,3
540,612,6,3
540,621,6,3
540,630,4,3
541,046,9,4
541,055,10,5
541,064,9,4
541,136,18,4
541,145,22,5
541,154,22,5
541,163,18,4
541,226,21,4
541,235,28,5
541,244,31,5
541,253,28,5
541,262,21,4
541,316,18,4
541,325,28,5
541,334,34,5
541,343,34,5
541,352,28,5
541,361,18,4
541,406,9,4
541,415,22,5
541,424,31,5
541,433,34,5
541,442,31,5
541,451,22,5
541,460,9,4
541,505,10,5
541,514,22,5
541,523,28,5
541,532,28,5
541,541,22,5
541,550,10,5
541,604,9,4
541,613,18,4
541,622,21,4
541,631,18,4
541,640,9,4
542,056,14,5
542,065,14,5
542,146,32,5
542,155,35,6
542,164,32,5
542,236,44,5
542,245,53,6
542,254,53,6
542,263,44,5
542,326,44,5
542,335,59,6
542,344,65,6
542,353,59,6
542,362,44,5
542,416,32,5
542,425,53,6
542,434,65,6
542,443,65,6
542,452,53,6
542,461,32,5
542,506,14,5
542,515,35,6
542,524,53,6
542,533,59,6
542,542,53,6
542,551,35,6
542,560,14,5
542,605,14,5
542,614,32,5
542,623,44,5
542,632,44,5
542,641,32,5
542,650,14,5
543,066,18,5
543,156,45,6
543,165,45,6
543,246,69,6
543,255,75,7
543,264,69,6
543,336,79,6
543,345,95,7
543,354,95,7
543,363,79,6
543,426,69,6
543,435,95,7
543,444,105,7
543,453,95,7
543,462,69,6
543,516,45,6
543,525,75,7
543,534,95,7
543,543,95,7
543,552,75,7
543,561,45,6
543,606,18,5
543,615,45,6
543,624,69,6
543,633,79,6
543,642,69,6
543,651,45,6
543,660,18,5
544,166,55,6
544,256,91,7
544,265,91,7
544,346,115,7
544,355,125,8
544,364,115,7
544,436,115,7
544,445,140,8
544,454,140,8
544,463,115,7
544,526,91,7
544,535,125,8
544,544,140,8
544,553,125,8
544,562,91,7
544,616,55,6
544,625,91,7
544,634,115,7
544,643,115,7
544,652,91,7
544,661,55,6
545,266,107,7
545,356,145,8
545,365,145,8
545,446,160,8
545,455,175,9
545,464,160,8
545,536,145,8
545,545,175,9
545,554,175,9
545,563,145,8
545,626,107,7
545,635,145,8
545,644,160,8
545,653,145,8
545,662,107,7
546,366,165,9
546,456,195,9
546,465,195,9
546,546,195,9
546,555,210,9
546,564,195,9
546,636,165,9
546,645,195,9
546,654,195,9
546,663,165,9
550,046,5,4
550,055,6,5
550,064,5,4
550,136,8,4
550,145,10,5
550,154,10,5
550,163,8,4
550,226,9,4
550,235,12,5
550,244,13,4
550,253,12,5
550,262,9,4
550,316,8,4
550,325,12,5
550,334,14,4
550,343,14,4
550,352,12,5
550,361,8,4
550,406,5,4
550,415,10,5
550,424,13,4
550,433,14,4
550,442,13,4
550,451,10,5
550,460,5,4
550,505,6,5
550,514,10,5
550,523,12,5
550,532,12,5
550,541,10,5
550,550,6,5
550,604,5,4
550,613,8,4
550,622,9,4
550,631,8,4
550,640,5,4
551,056,11,5
551,065,11,5
551,146,23,5
551,155,26,6
551,164,23,5
551,236,29,5
551,245,35,6
551,254,35,6
551,263,29,5
551,326,29,5
551,335,38,6
551,344,41,5
551,353,38,6
551,362,29,5
551,416,23,5
551,425,35,6
551,434,41,5
551,443,41,5
551,452,35,6
551,461,23,5
551,506,11,5
551,515,26,6
551,524,35,6
551,533,38,6
551,542,35,6
551,551,26,6
551,560,11,5
551,605,11,5
551,614,23,5
551,623,29,5
551,632,29,5
551,641,23,5
551,650,11,5
552,066,16,5
552,156,39,6
552,165,39,6
552,246,57,6
552,255,63,7
552,264,57,6
552,336,63,6
552,345,75,7
552,354,75,7
552,363,63,6
552,426,57,6
552,435,75,7
552,444,81,6
552,453,75,7
552,462,57,6
552,516,39,6
552,525,63,7
552,534,75,7
552,543,75,7
552,552,63,7
552,561,39,6
552,606,16,5
552,615,39,6
552,624,57,6
552,633,63,6
552,642,57,6
552,651,39,6
552,660,16,5
553,166,52,6
553,256,85,7
553,265,85,7
553,346,105,7
553,355,115,8
553,364,105,7
553,436,105,7
553,445,125,8
553,454,125,8
553,463,105,7
553,526,85,7
553,535,115,8
553,544,125,8
553,553,115,8
553,562,85,7
553,616,52,6
553,625,85,7
553,634,105,7
553,643,105,7
553,652,85,7
553,661,52,6
554,266,107,7
554,356,145,8
554,365,145,8
554,446,160,8
554,455,175,9
554,464,160,8
554,536,145,8
554,545,175,9
554,554,175,9
554,563,145,8
554,626,107,7
554,635,145,8
554,644,160,8
554,653,145,8
554,662,107,7
555,366,175,8
555,456,210,9
555,465,210,9
555,546,210,9
555,555,231,10
555,564,210,9
555,636,175,8
555,645,210,9
555,654,210,9
555,663,175,8
556,466,245,10
556,556,266,10
556,565,266,10
556,646,245,10
556,655,266,10
556,664,245,10
560,056,6,5
560,065,6,5
560,146,10,5
560,155,11,5
560,164,10,5
560,236,12,5
560,245,14,5
560,254,14,5
560,263,12,5
560,326,12,5
560,335,15,5
560,344,16,4
560,353,15,5
560,362,12,5
560,416,10,5
560,425,14,5
560,434,16,4
560,443,16,4
560,452,14,5
560,461,10,5
560,506,6,5
560,515,11,5
560,524,14,5
560,533,15,5
560,542,14,5
560,551,11,5
560,560,6,5
560,605,6,5
560,614,10,5
560,623,12,5
560,632,12,5
560,641,10,5
560,650,6,5
561,066,12,6
561,156,27,6
561,165,27,6
561,246,36,6
561,255,39,6
561,264,36,6
561,336,39,6
561,345,45,6
561,354,45,6
561,363,39,6
561,426,36,6
561,435,45,6
561,444,48,5
561,453,45,6
561,462,36,6
561,516,27,6
561,525,39,6
561,534,45,6
561,543,45,6
561,552,39,6
561,561,27,6
561,606,12,6
561,615,27,6
561,624,36,6
561,633,39,6
561,642,36,6
561,651,27,6
561,660,12,6
562,166,43,7
562,256,67,7
562,265,67,7
562,346,79,7
562,355,85,7
562,364,79,7
562,436,79,7
562,445,91,7
562,454,91,7
562,463,79,7
562,526,67,7
562,535,85,7
562,544,91,7
562,553,85,7
562,562,67,7
562,616,43,7
562,625,67,7
562,634,79,7
562,643,79,7
562,652,67,7
562,661,43,7
563,266,95,8
563,356,125,8
563,365,125,8
563,446,135,8
563,455,145,8
563,464,135,8
563,536,125,8
563,545,145,8
563,554,145,8
563,563,125,8
563,626,95,8
563,635,125,8
563,644,135,8
563,653,125,8
563,662,95,8
564,366,165,9
564,456,195,9
564,465,195,9
564,546,195,9
564,555,210,9
564,564,195,9
564,636,165,9
564,645,195,9
564,654,195,9
564,663,165,9
565,466,245,10
565,556,266,10
565,565,266,10
565,646,245,10
565,655,266,10
565,664,245,10
566,566,322,11
566,656,322,11
566,665,322,11
600,006,1,0
600,015,1,0
600,024,1,0
600,033,1,0
600,042,1,0
600,051,1,0
600,060,1,0
600,105,1,0
600,114,1,0
600,123,1,0
600,132,1,0
600,141,1,0
600,150,1,0
600,204,1,0
600,213,1,0
600,222,1,0
600,231,1,0
600,240,1,0
600,303,1,0
600,312,1,0
600,321,1,0
600,330,1,0
600,402,1,0
600,411,1,0
600,420,1,0
600,501,1,0
600,510,1,0
600,600,1,0
601,016,2,1
601,025,2,1
601,034,2,1
601,043,2,1
601,052,2,1
601,061,2,1
601,106,2,1
601,115,3,1
601,124,3,1
601,133,3,1
601,142,3,1
601,151,3,1
601,160,2,1
601,205,2,1
601,214,3,1
601,223,3,1
601,232,3,1
601,241,3,1
601,250,2,1
601,304,2,1
601,313,3,1
601,322,3,1
601,331,3,1
601,340,2,1
601,403,2,1
601,412,3,1
601,421,3,1
601,430,2,1
601,502,2,1
601,511,3,1
601,520,2,1
601,601,2,1
601,610,2,1
602,026,3,2
602,035,3,2
602,044,3,2
602,053,3,2
602,062,3,2
602,116,4,2
602,125,5,2
602,134,5,2
602,143,5,2
602,152,5,2
602,161,4,2
602,206,3,2
602,215,5,2
602,224,6,2
602,233,6,2
602,242,6,2
602,251,5,2
602,260,3,2
602,305,3,2
602,314,5,2
602,323,6,2
602,332,6,2
602,341,5,2
602,350,3,2
602,404,3,2
602,413,5,2
602,422,6,2
602,431,5,2
602,440,3,2
602,503,3,2
602,512,5,2
602,521,5,2
602,530,3,2
602,602,3,2
602,611,4,2
602,620,3,2
603,036,4,3
603,045,4,3
603,054,4,3
603,063,4,3
603,126,6,3
603,135,7,3
603,144,7,3
603,153,7,3
603,162,6,3
603,216,6,3
603,225,8,3
603,234,9,3
603,243,9,3
603,252,8,3
603,261,6,3
603,306,4,3
603,315,7,3
603,324,9,3
603,333,10,3
603,342,9,3
603,351,7,3
603,360,4,3
603,405,4,3
603,414,7,3
603,423,9,3
603,432,9,3
603,441,7,3
603,450,4,3
603,504,4,3
603,513,7,3
603,522,8,3
603,531,7,3
603,540,4,3
603,603,4,3
603,612,6,3
603,621,6,3
603,630,4,3
604,046,5,4
604,055,5,4
604,064,5,4
604,136,8,4
604,145,9,4
604,154,9,4
604,163,8,4
604,226,9,4
604,235,11,4
604,244,12,4
604,253,11,4
604,262,9,4
604,316,8,4
604,325,11,4
604,334,13,4
604,343,13,4
604,352,11,4
604,361,8,4
604,406,5,4
604,415,9,4
604,424,12,4
604,433,13,4
604,442,12,4
604,451,9,4
604,460,5,4
604,505,5,4
604,514,9,4
604,523,11,4
604,532,11,4
604,541,9,4
604,550,5,4
604,604,5,4
604,613,8,4
604,622,9,4
604,631,8,4
604,640,5,4
605,056,6,5
605,065,6,5
605,146,10,5
605,155,11,5
605,164,10,5
605,236,12,5
605,245,14,5
605,254,14,5
605,263,12,5
605,326,12,5
605,335,15,5
605,344,16,4
605,353,15,5
605,362,12,5
605,416,10,5
605,425,14,5
605,434,16,4
605,443,16,4
605,452,14,5
605,461,10,5
605,506,6,5
605,515,11,5
605,524,14,5
605,533,15,5
605,542,14,5
605,551,11,5
605,560,6,5
605,605,6,5
605,614,10,5
605,623,12,5
605,632,12,5
605,641,10,5
605,650,6,5
606,066,7,6
606,156,12,6
606,165,12,6
606,246,15,6
606,255,16,5
606,264,15,6
606,336,16,6
606,345,18,5
606,354,18,5
606,363,16,6
606,426,15,6
606,435,18,5
606,444,19,4
606,453,18,5
606,462,15,6
606,516,12,6
606,525,16,5
606,534,18,5
606,543,18,5
606,552,16,5
606,561,12,6
606,606,7,6
606,615,12,6
606,624,15,6
606,633,16,6
606,642,15,6
606,651,12,6
606,660,7,6
610,016,2,1
610,025,2,1
610,034,2,1
610,043,2,1
610,052,2,1
610,061,2,1
610,106,2,1
610,115,3,1
610,124,3,1
610,133,3,1
610,142,3,1
610,151,3,1
610,160,2,1
610,205,2,1
610,214,3,1
610,223,3,1
610,232,3,1
610,241,3,1
610,250,2,1
610,304,2,1
610,313,3,1
610,322,3,1
610,331,3,1
610,340,2,1
610,403,2,1
610,412,3,1
610,421,3,1
610,430,2,1
610,502,2,1
610,511,3,1
610,520,2,1
610,601,2,1
610,610,2,1
611,026,4,2
611,035,4,2
611,044,4,2
611,053,4,2
611,062,4,2
611,116,7,2
611,125,8,2
611,134,8,2
611,143,8,2
611,152,8,2
611,161,7,2
611,206,4,2
611,215,8,2
611,224,9,2
611,233,9,2
611,242,9,2
611,251,8,2
611,260,4,2
611,305,4,2
611,314,8,2
611,323,9,2
611,332,9,2
611,341,8,2
611,350,4,2
611,404,4,2
611,413,8,2
611,422,9,2
611,431,8,2
611,440,4,2
611,503,4,2
611,512,8,2
611,521,8,2
611,530,4,2
611,602,4,2
611,611,7,2
611,620,4,2
612,036,6,3
612,045,6,3
612,054,6,3
612,063,6,3
612,126,12,3
612,135,13,3
612,144,13,3
612,153,13,3
612,162,12,3
612,216,12,3
612,225,16,3
612,234,17,3
612,243,17,3
612,252,16,3
612,261,12,3
612,306,6,3
612,315,13,3
612,324,17,3
612,333,18,3
612,342,17,3
612,351,13,3
612,360,6,3
612,405,6,3
612,414,13,3
612,423,17,3
612,432,17,3
612,441,13,3
612,450,6,3
612,504,6,3
612,513,13,3
612,522,16,3
612,531,13,3
612,540,6,3
612,603,6,3
612,612,12,3
612,621,12,3
612,630,6,3
613,046,8,4
613,055,8,4
613,064,8,4
613,136,17,4
613,145,18,4
613,154,18,4
613,163,17,4
613,226,20,4
613,235,24,4
613,244,25,4
613,253,24,4
613,262,20,4
613,316,17,4
613,325,24,4
613,334,28,4
613,343,28,4
613,352,24,4
613,361,17,4
613,406,8,4
613,415,18,4
613,424,25,4
613,433,28,4
613,442,25,4
613,451,18,4
613,460,8,4
613,505,8,4
613,514,18,4
613,523,24,4
613,532,24,4
613,541,18,4
613,550,8,4
613,604,8,4
613,613,17,4
613,622,20,4
613,631,17,4
613,640,8,4
614,056,10,5
614,065,10,5
614,146,22,5
614,155,23,5
614,164,22,5
614,236,28,5
614,245,32,5
614,254,32,5
614,263,28,5
614,326,28,5
614,335,35,5
614,344,38,5
614,353,35,5
614,362,28,5
614,416,22,5
614,425,32,5
614,434,38,5
614,443,38,5
614,452,32,5
614,461,22,5
614,506,10,5
614,515,23,5
614,524,32,5
614,533,35,5
614,542,32,5
614,551,23,5
614,560,10,5
614,605,10,5
614,614,22,5
614,623,28,5
614,632,28,5
614,641,22,5
614,650,10,5
615,066,12,6
615,156,27,6
615,165,27,6
615,246,36,6
615,255,39,6
615,264,36,6
615,336,39,6
615,345,45,6
615,354,45,6
615,363,39,6
615,426,36,6
615,435,45,6
615,444,48,5
615,453,45,6
615,462,36,6
615,516,27,6
615,525,39,6
615,534,45,6
615,543,45,6
615,552,39,6
615,561,27,6
615,606,12,6
615,615,27,6
615,624,36,6
615,633,39,6
615,642,36,6
615,651,27,6
615,660,12,6
616,166,31,7
616,256,43,7
616,265,43,7
616,346,49,7
616,355,52,6
616,364,49,7
616,436,49,7
616,445,55,6
616,454,55,6
616,463,49,7
616,526,43,7
616,535,52,6
616,544,55,6
616,553,52,6
616,562,43,7
616,616,31,7
616,625,43,7
616,634,49,7
616,643,49,7
616,652,43,7
616,661,31,7
620,026,3,2
620,035,3,2
620,044,3,2
620,053,3,2
620,062,3,2
620,116,4,2
620,125,5,2
620,134,5,2
620,143,5,2
620,152,5,2
620,161,4,2
620,206,3,2
620,215,5,2
620,224,6,2
620,233,6,2
620,242,6,2
620,251,5,2
620,260,3,2
620,305,3,2
620,314,5,2
620,323,6,2
620,332,6,2
620,341,5,2
620,350,3,2
620,404,3,2
620,413,5,2
620,422,6,2
620,431,5,2
620,440,3,2
620,503,3,2
620,512,5,2
620,521,5,2
620,530,3,2
620,602,3,2
620,611,4,2
620,620,3,2
621,036,6,3
621,045,6,3
621,054,6,3
621,063,6,3
621,126,12,3
621,135,13,3
621,144,13,3
621,153,13,3
621,162,12,3
621,216,12,3
621,225,16,3
621,234,17,3
621,243,17,3
621,252,16,3
621,261,12,3
621,306,6,3
621,315,13,3
621,324,17,3
621,333,18,3
621,342,17,3
621,351,13,3
621,360,6,3
621,405,6,3
621,414,13,3
621,423,17,3
621,432,17,3
621,441,13,3
621,450,6,3
621,504,6,3
621,513,13,3
621,522,16,3
621,531,13,3
621,540,6,3
621,603,6,3
621,612,12,3
621,621,12,3
621,630,6,3
622,046,9,4
622,055,9,4
622,064,9,4
622,136,20,4
622,145,21,4
622,154,21,4
622,163,20,4
622,226,26,4
622,235,30,4
622,244,31,4
622,253,30,4
622,262,26,4
622,316,20,4
622,325,30,4
622,334,34,4
622,343,34,4
622,352,30,4
622,361,20,4
622,406,9,4
622,415,21,4
622,424,31,4
622,433,34,4
622,442,31,4
622,451,21,4
622,460,9,4
622,505,9,4
622,514,21,4
622,523,30,4
622,532,30,4
622,541,21,4
622,550,9,4
622,604,9,4
622,613,20,4
622,622,26,4
622,631,20,4
622,640,9,4
623,056,12,5
623,065,12,5
623,146,28,5
623,155,29,5
623,164,28,5
623,236,40,5
623,245,44,5
623,254,44,5
623,263,40,5
623,326,40,5
623,335,50,5
623,344,53,5
623,353,50,5
623,362,40,5
623,416,28,5
623,425,44,5
623,434,53,5
623,443,53,5
623,452,44,5
623,461,28,5
623,506,12,5
623,515,29,5
623,524,44,5
623,533,50,5
623,542,44,5
623,551,29,5
623,560,12,5
623,605,12,5
623,614,28,5
623,623,40,5
623,632,40,5
623,641,28,5
623,650,12,5
624,066,15,6
624,156,36,6
624,165,36,6
624,246,54,6
624,255,57,6
624,264,54,6
624,336,60,6
624,345,69,6
624,354,69,6
624,363,60,6
624,426,54,6
624,435,69,6
624,444,75,6
624,453,69,6
624,462,54,6
624,516,36,6
624,525,57,6
624,534,69,6
624,543,69,6
624,552,57,6
624,561,36,6
624,606,15,6
624,615,36,6
624,624,54,6
624,633,60,6
624,642,54,6
624,651,36,6
624,660,15,6
625,166,43,7
625,256,67,7
625,265,67,7
625,346,79,7
625,355,85,7
625,364,79,7
625,436,79,7
625,445,91,7
625,454,91,7
625,463,79,7
625,526,67,7
625,535,85,7
625,544,91,7
625,553,85,7
625,562,67,7
625,616,43,7
625,625,67,7
625,634,79,7
625,643,79,7
625,652,67,7
625,661,43,7
626,266,77,8
626,356,95,8
626,365,95,8
626,446,101,8
626,455,107,7
626,464,101,8
626,536,95,8
626,545,107,7
626,554,107,7
626,563,95,8
626,626,77,8
626,635,95,8
626,644,101,8
626,653,95,8
626,662,77,8
630,036,4,3
630,045,4,3
630,054,4,3
630,063,4,3
630,126,6,3
630,135,7,3
630,144,7,3
630,153,7,3
630,162,6,3
630,216,6,3
630,225,8,3
630,234,9,3
630,243,9,3
630,252,8,3
630,261,6,3
630,306,4,3
630,315,7,3
630,324,9,3
630,333,10,3
630,342,9,3
630,351,7,3
630,360,4,3
630,405,4,3
630,414,7,3
630,423,9,3
630,432,9,3
630,441,7,3
630,450,4,3
630,504,4,3
630,513,7,3
630,522,8,3
630,531,7,3
630,540,4,3
630,603,4,3
630,612,6,3
630,621,6,3
630,630,4,3
631,046,8,4
631,055,8,4
631,064,8,4
631,136,17,4
631,145,18,4
631,154,18,4
631,163,17,4
631,226,20,4
631,235,24,4
631,244,25,4
631,253,24,4
631,262,20,4
631,316,17,4
631,325,24,4
631,334,28,4
631,343,28,4
631,352,24,4
631,361,17,4
631,406,8,4
631,415,18,4
631,424,25,4
631,433,28,4
631,442,25,4
631,451,18,4
631,460,8,4
631,505,8,4
631,514,18,4
631,523,24,4
631,532,24,4
631,541,18,4
631,550,8,4
631,604,8,4
631,613,17,4
631,622,20,4
631,631,17,4
631,640,8,4
632,056,12,5
632,065,12,5
632,146,28,5
632,155,29,5
632,164,28,5
632,236,40,5
632,245,44,5
632,254,44,5
632,263,40,5
632,326,40,5
632,335,50,5
632,344,53,5
632,353,50,5
632,362,40,5
632,416,28,5
632,425,44,5
632,434,53,5
632,443,53,5
632,452,44,5
632,461,28,5
632,506,12,5
632,515,29,5
632,524,44,5
632,533,50,5
632,542,44,5
632,551,29,5
632,560,12,5
632,605,12,5
632,614,28,5
632,623,40,5
632,632,40,5
632,641,28,5
632,650,12,5
633,066,16,6
633,156,39,6
633,165,39,6
633,246,60,6
633,255,63,6
633,264,60,6
633,336,70,6
633,345,79,6
633,354,79,6
633,363,70,6
633,426,60,6
633,435,79,6
633,444,85,6
633,453,79,6
633,462,60,6
633,516,39,6
633,525,63,6
633,534,79,6
633,543,79,6
633,552,63,6
633,561,39,6
633,606,16,6
633,615,39,6
633,624,60,6
633,633,70,6
633,642,60,6
633,651,39,6
633,660,16,6
634,166,49,7
634,256,79,7
634,265,79,7
634,346,99,7
634,355,105,7
634,364,99,7
634,436,99,7
634,445,115,7
634,454,115,7
634,463,99,7
634,526,79,7
634,535,105,7
634,544,115,7
634,553,105,7
634,562,79,7
634,616,49,7
634,625,79,7
634,634,99,7
634,643,99,7
634,652,79,7
634,661,49,7
635,266,95,8
635,356,125,8
635,365,125,8
635,446,135,8
635,455,145,8
635,464,135,8
635,536,125,8
635,545,145,8
635,554,145,8
635,563,125,8
635,626,95,8
635,635,125,8
635,644,135,8
635,653,125,8
635,662,95,8
636,366,145,9
636,456,165,9
636,465,165,9
636,546,165,9
636,555,175,8
636,564,165,9
636,636,145,9
636,645,165,9
636,654,165,9
636,663,145,9
640,046,5,4
640,055,5,4
640,064,5,4
640,136,8,4
640,145,9,4
640,154,9,4
640,163,8,4
640,226,9,4
640,235,11,4
640,244,12,4
640,253,11,4
640,262,9,4
640,316,8,4
640,325,11,4
640,334,13,4
640,343,13,4
640,352,11,4
640,361,8,4
640,406,5,4
640,415,9,4
640,424,12,4
640,433,13,4
640,442,12,4
640,451,9,4
640,460,5,4
640,505,5,4
640,514,9,4
640,523,11,4
640,532,11,4
640,541,9,4
640,550,5,4
640,604,5,4
640,613,8,4
640,622,9,4
640,631,8,4
640,640,5,4
641,056,10,5
641,065,10,5
641,146,22,5
641,155,23,5
641,164,22,5
641,236,28,5
641,245,32,5
641,254,32,5
641,263,28,5
641,326,28,5
641,335,35,5
641,344,38,5
641,353,35,5
641,362,28,5
641,416,22,5
641,425,32,5
641,434,38,5
641,443,38,5
641,452,32,5
641,461,22,5
641,506,10,5
641,515,23,5
641,524,32,5
641,533,35,5
641,542,32,5
641,551,23,5
641,560,10,5
641,605,10,5
641,614,22,5
641,623,28,5
641,632,28,5
641,641,22,5
641,650,10,5
642,066,15,6
642,156,36,6
642,165,36,6
642,246,54,6
642,255,57,6
642,264,54,6
642,336,60,6
642,345,69,6
642,354,69,6
642,363,60,6
642,426,54,6
642,435,69,6
642,444,75,6
642,453,69,6
642,462,54,6
642,516,36,6
642,525,57,6
642,534,69,6
642,543,69,6
642,552,57,6
642,561,36,6
642,606,15,6
642,615,36,6
642,624,54,6
642,633,60,6
642,642,54,6
642,651,36,6
642,660,15,6
643,166,49,7
643,256,79,7
643,265,79,7
643,346,99,7
643,355,105,7
643,364,99,7
643,436,99,7
643,445,115,7
643,454,115,7
643,463,99,7
643,526,79,7
643,535,105,7
643,544,115,7
643,553,105,7
643,562,79,7
643,616,49,7
643,625,79,7
643,634,99,7
643,643,99,7
643,652,79,7
643,661,49,7
644,266,101,8
644,356,135,8
644,365,135,8
644,446,150,8
644,455,160,8
644,464,150,8
644,536,135,8
644,545,160,8
644,554,160,8
644,563,135,8
644,626,101,8
644,635,135,8
644,644,150,8
644,653,135,8
644,662,101,8
645,366,165,9
645,456,195,9
645,465,195,9
645,546,195,9
645,555,210,9
645,564,195,9
645,636,165,9
645,645,195,9
645,654,195,9
645,663,165,9
646,466,230,10
646,556,245,10
646,565,245,10
646,646,230,10
646,655,245,10
646,664,230,10
650,056,6,5
650,065,6,5
650,146,10,5
650,155,11,5
650,164,10,5
650,236,12,5
650,245,14,5
650,254,14,5
650,263,12,5
650,326,12,5
650,335,15,5
650,344,16,4
650,353,15,5
650,362,12,5
650,416,10,5
650,425,14,5
650,434,16,4
650,443,16,4
650,452,14,5
650,461,10,5
650,506,6,5
650,515,11,5
650,524,14,5
650,533,15,5
650,542,14,5
650,551,11,5
650,560,6,5
650,605,6,5
650,614,10,5
650,623,12,5
650,632,12,5
650,641,10,5
650,650,6,5
651,066,12,6
651,156,27,6
651,165,27,6
651,246,36,6
651,255,39,6
651,264,36,6
651,336,39,6
651,345,45,6
651,354,45,6
651,363,39,6
651,426,36,6
651,435,45,6
651,444,48,5
651,453,45,6
651,462,36,6
651,516,27,6
651,525,39,6
651,534,45,6
651,543,45,6
651,552,39,6
651,561,27,6
651,606,12,6
651,615,27,6
651,624,36,6
651,633,39,6
651,642,36,6
651,651,27,6
651,660,12,6
652,166,43,7
652,256,67,7
652,265,67,7
652,346,79,7
652,355,85,7
652,364,79,7
652,436,79,7
652,445,91,7
652,454,91,7
652,463,79,7
652,526,67,7
652,535,85,7
652,544,91,7
652,553,85,7
652,562,67,7
652,616,43,7
652,625,67,7
652,634,79,7
652,643,79,7
652,652,67,7
652,661,43,7
653,266,95,8
653,356,125,8
653,365,125,8
653,446,135,8
653,455,145,8
653,464,135,8
653,536,125,8
653,545,145,8
653,554,145,8
653,563,125,8
653,626,95,8
653,635,125,8
653,644,135,8
653,653,125,8
653,662,95,8
654,366,165,9
654,456,195,9
654,465,195,9
654,546,195,9
654,555,210,9
654,564,195,9
654,636,165,9
654,645,195,9
654,654,195,9
654,663,165,9
655,466,245,10
655,556,266,10
655,565,266,10
655,646,245,10
655,655,266,10
655,664,245,10
656,566,322,11
656,656,322,11
656,665,322,11
660,066,7,6
660,156,12,6
660,165,12,6
660,246,15,6
660,255,16,5
660,264,15,6
660,336,16,6
660,345,18,5
660,354,18,5
660,363,16,6
660,426,15,6
660,435,18,5
660,444,19,4
660,453,18,5
660,462,15,6
660,516,12,6
660,525,16,5
660,534,18,5
660,543,18,5
660,552,16,5
660,561,12,6
660,606,7,6
660,615,12,6
660,624,15,6
660,633,16,6
660,642,15,6
660,651,12,6
660,660,7,6
661,166,31,7
661,256,43,7
661,265,43,7
661,346,49,7
661,355,52,6
661,364,49,7
661,436,49,7
661,445,55,6
661,454,55,6
661,463,49,7
661,526,43,7
661,535,52,6
661,544,55,6
661,553,52,6
661,562,43,7
661,616,31,7
661,625,43,7
661,634,49,7
661,643,49,7
661,652,43,7
661,661,31,7
662,266,77,8
662,356,95,8
662,365,95,8
662,446,101,8
662,455,107,7
662,464,101,8
662,536,95,8
662,545,107,7
662,554,107,7
662,563,95,8
662,626,77,8
662,635,95,8
662,644,101,8
662,653,95,8
662,662,77,8
663,366,145,9
663,456,165,9
663,465,165,9
663,546,165,9
663,555,175,8
663,564,165,9
663,636,145,9
663,645,165,9
663,654,165,9
663,663,145,9
664,466,230,10
664,556,245,10
664,565,245,10
664,646,230,10
664,655,245,10
664,664,230,10
665,566,322,11
665,656,322,11
665,665,322,11
666,666,406,12
