-3.967134339282142319e-01,-1.225911929806649397e-01,3.209479099447689054e-01,3.209479099447687944e-01,-1.225911929806587503e-01,-2.942074420856309880e-01,-9.091509947604707598e-02,2.380188205188550343e-01,2.380188205188562833e-01,-9.091509947604080322e-02,-1.671478783673593926e-01,-5.165153498923260450e-02,1.352254741729075060e-01,1.352254741729079224e-01,-5.165153498922902403e-02,-1.671478783673580881e-01,-5.165153498923121672e-02,1.352254741729080889e-01,1.352254741729080889e-01,-5.165153498922844116e-02,-2.942074420856279904e-01,-9.091509947604414776e-02,2.380188205188564221e-01,2.380188205188567274e-01,-9.091509947604010933e-02,-2.942074420856282679e-01,-9.091509947604409225e-02,2.380188205188565331e-01,2.380188205188568107e-01,-9.091509947604099751e-02,-1.544448813351795846e-01,-1.544448813351801397e-01,5.899269528159255954e-02,1.909043721071694566e-01,5.899269528159400977e-02,-1.724008360972120041e-02,-5.579008249883607440e-02,-1.724008360972164103e-02,4.513512485913780126e-02,4.513512485913850208e-02,-1.724008360972099571e-02,4.513512485913743350e-02,4.513512485913778738e-02,-1.724008360972073550e-02,-5.579008249883440212e-02,-1.544448813351783634e-01,5.899269528159316323e-02,1.909043721071696786e-01,5.899269528159413467e-02,-1.544448813351773919e-01,-1.671478783673573942e-01,-5.165153498923046732e-02,1.352254741729082554e-01,1.352254741729077558e-01,-5.165153498922887138e-02,-1.724008360972176246e-02,-5.579008249883536663e-02,-1.724008360972086734e-02,4.513512485913794003e-02,4.513512485913837718e-02,1.187824686990624282e-02,-4.537086577542029896e-03,-1.468232058472895146e-02,-4.537086577541879842e-03,1.187824686990650996e-02,1.187824686990660017e-02,1.187824686990660017e-02,-4.537086577541541571e-03,-1.468232058472846401e-02,-4.537086577541569327e-03,-1.724008360972059672e-02,4.513512485913791922e-02,4.513512485913859229e-02,-1.724008360972049611e-02,-5.579008249883434661e-02,-1.671478783673571722e-01,-5.165153498923061998e-02,1.352254741729077836e-01,1.352254741729078669e-01,-5.165153498922842035e-02,-1.724008360972196369e-02,4.513512485913680206e-02,4.513512485913825922e-02,-1.724008360972040590e-02,-5.579008249883438131e-02,1.187824686990608843e-02,1.187824686990621506e-02,-4.537086577541525091e-03,-1.468232058472878493e-02,-4.537086577542149592e-03,1.187824686990654639e-02,-4.537086577541426212e-03,-1.468232058472829227e-02,-4.537086577541685553e-03,1.187824686990658976e-02,-1.724008360972038509e-02,-5.579008249883424947e-02,-1.724008360972073203e-02,4.513512485913783595e-02,4.513512485913844657e-02,-2.942074420856276018e-01,-9.091509947604467512e-02,2.380188205188557005e-01,2.380188205188566719e-01,-9.091509947604001218e-02,-1.544448813351805005e-01,5.899269528159101911e-02,1.909043721071688737e-01,5.899269528159447468e-02,-1.544448813351774474e-01,-1.724008360972216838e-02,4.513512485913692002e-02,4.513512485913837025e-02,-1.724008360972037468e-02,-5.579008249883531112e-02,-1.724008360972102000e-02,-5.579008249883467274e-02,-1.724008360972069387e-02,4.513512485913750288e-02,4.513512485913798861e-02,-1.544448813351772254e-01,-1.544448813351783079e-01,5.899269528159289955e-02,1.909043721071693733e-01,5.899269528159454407e-02
-0.000000000000000000e+00,3.873266298017210424e-02,2.393810219654109173e-02,-2.393810219654123744e-02,-3.873266298017223608e-02,-6.068662945743900916e-02,-2.520250599351443179e-04,6.053086940437969049e-02,3.766215972042376292e-02,-3.725437460743036278e-02,-2.929240666638816687e-02,-1.506851774824816415e-01,-6.383615461859658280e-02,1.112322642170950893e-01,1.325814745503714198e-01,-2.378823307647814564e-02,-1.404432259574841524e-01,-6.301045405492851359e-02,1.015006237049757287e-01,1.257412893839177093e-01,-5.836985617188906322e-02,-1.367611503253257921e-01,-2.615318306969734163e-02,1.205975942742567586e-01,1.006865952926579710e-01,1.550297067815365193e-01,1.554156253421687395e-01,-5.897756793725340840e-02,-1.918657669011990252e-01,-5.960199728525166635e-02,-1.933256070442034569e-01,4.634835681311316735e-02,2.219704668774127032e-01,9.083693621581330480e-02,-1.658301528621334564e-01,-5.738026720505486067e-02,-2.087287352730585466e-01,-7.162118562247375697e-02,1.644644082438038724e-01,1.732657798567852070e-01,1.809004991975382906e-02,-2.759170418425152538e-02,-3.514266091315217805e-02,5.872345284811805385e-03,3.877196989284108913e-02,-5.594671788468597549e-03,-1.536152745344477877e-01,-8.934478906496780282e-02,9.839715817460928382e-02,1.501575772132769937e-01,2.633816279131843685e-01,2.059239112086200529e-01,-1.361136516899385807e-01,-2.900467742858695575e-01,-4.314511314599676906e-02,-2.444729962504502141e-01,5.433349376923111290e-02,2.780529421273636448e-01,1.175126751373868489e-01,-2.054261147835315660e-01,5.249868544582860647e-02,-2.400294915873668056e-01,-2.008450695491797722e-01,1.159004121331384807e-01,2.724754635575799555e-01,5.780091996209757443e-02,2.053189268330955497e-01,6.909315535440857525e-02,-1.626170084340933519e-01,-1.695959937155069042e-01,-1.524140419399399315e-01,-2.780430539015939506e-01,-1.942601570706492531e-02,2.660371159286396003e-01,1.838459956199596235e-01,8.218813566283215966e-02,1.540882762218352409e-01,1.304365631014490351e-02,-1.460268532845955258e-01,-1.032932149102193942e-01,-4.099897724774819591e-02,4.207382753461431923e-02,6.700203270093857411e-02,-6.642940101023377553e-04,-6.741258897770552316e-02,2.650905658670886164e-02,-1.352631441637661691e-01,-1.101062771050946437e-01,6.721372253810346808e-02,1.516466421440475776e-01,5.689897644637326862e-02,9.814704233514347231e-02,3.759231612020031039e-03,-9.582370942733188512e-02,-6.298154096620475761e-02,-1.478029963174475880e-01,-2.115422156058417713e-01,1.706271701757779147e-02,2.220875546631261854e-01,1.201949402425845359e-01,-3.597322115220850935e-02,9.649598025479133589e-02,9.561101672740901503e-02,-3.740512221831929218e-02,-1.187286536116748392e-01,4.259428378868388571e-02,6.485653845693790942e-02,-2.510738629634470635e-03,-6.640826026691991346e-02,-3.853182334907176432e-02,5.496072888629521813e-02,-9.757575544614127683e-02,-1.152658622299590346e-01,2.633753484546366708e-02,1.315433539443397193e-01,-9.943432564690902857e-04,-1.015794932383276700e-01,-6.178523612480742166e-02,6.339411731025901275e-02,1.009649553093461272e-01,-1.437682376027415720e-01,-1.503690018637385550e-01,5.083508359655308090e-02,1.817868113473520841e-01,6.151534452257508695e-02
0.000000000000000000e+00,-1.456693034356934258e-01,-9.002858064078089750e-02,9.002858064077944034e-02,1.456693034356942862e-01,4.255789175572449040e-02,-2.158690336383788100e-02,-5.589933174643652025e-02,-1.296078360386726351e-02,4.788912695841453931e-02,-3.880476719476734504e-02,-4.045351888804672030e-02,1.380311755741774581e-02,4.898431468924113047e-02,1.647085383615469467e-02,-1.839817031455639740e-01,-1.092924043460738043e-01,1.164352825474950087e-01,1.812533664501225217e-01,-4.414541505977215979e-03,-5.365672311034465347e-02,-1.782343223727398118e-01,-5.649814607781322717e-02,1.433165477952959288e-01,1.450726437656042200e-01,8.445387015137983955e-02,-1.119176192104312240e-01,-1.536227627633965365e-01,1.697353037698820857e-02,1.641129814454554692e-01,1.296568808160522002e-01,6.454568517199643640e-02,-8.976545355260724668e-02,-1.200237864830617368e-01,1.558667404761530234e-02,5.887155297133678591e-03,1.276811022754081315e-01,7.302410563011615952e-02,-8.254972299793110480e-02,-1.240426402047290905e-01,-2.841095865038473778e-01,-7.279172763863635265e-02,2.391218247233465322e-01,2.205771427695567555e-01,-1.027976533504189605e-01,-4.890730951735904053e-02,-2.468275773876678347e-01,-1.036405226690137044e-01,1.827742117664151733e-01,2.166011978076254341e-01,-3.061886969368566094e-02,-4.765572995083577207e-02,1.166008825383938125e-03,4.837636303610103050e-02,2.873222778303289107e-02,5.026841789879233496e-02,5.558034556869433096e-02,-1.591787523087781833e-02,-6.541813349005880240e-02,-2.451275474655527017e-02,1.134737607787448671e-01,5.043416244514175445e-02,-8.230373419351962039e-02,-1.013006675777712168e-01,1.969647854740132209e-02,-2.879443908427329890e-01,-8.887102361951573770e-03,2.824518595215468331e-01,1.834519517318799475e-01,-1.690723180487414268e-01,1.232910056990125097e-01,-1.162344989667926931e-01,-1.951278767258018687e-01,-4.361161002353034985e-03,1.924325309959342145e-01,-1.550041183508252263e-01,-1.564650225792602600e-01,5.830341634632287690e-02,1.924985155415240012e-01,6.066720904223842081e-02,5.338913753465870243e-02,1.728989589708894159e-01,5.346829572882039194e-02,-1.398537348899456245e-01,-1.399026573444240584e-01,1.136931281540258798e-01,-1.370099794912141566e-01,-1.983699522775239921e-01,1.441060663700986441e-02,2.072761969777024982e-01,-2.736339283931180089e-01,3.109328316266483233e-02,2.928506342094724380e-01,1.498983624057503294e-01,-2.002083513847656981e-01,2.300257048953940064e-01,2.271993667117941026e-02,-2.159840118103574236e-01,-1.562053969965384037e-01,1.194437672403240863e-01,-7.335503879675968342e-02,-1.203815673097211464e-01,-1.044861419629722040e-03,1.197358074388544663e-01,7.504566008725645221e-02,3.539365879966384354e-02,5.754071107625417097e-02,1.684563822965794719e-04,-5.743659930637207145e-02,-3.566622695184332170e-02,2.042433247861267370e-02,-1.168050543247162731e-01,-9.261382610906516988e-02,5.956656196114228780e-02,1.294279859940275501e-01,-1.692010765263718408e-01,-3.273066420163138479e-02,1.489724135754057210e-01,1.248006791773382529e-01,-7.184135202473683479e-02,7.371913428821877390e-02,-2.693356202951182471e-02,-9.036499106055931319e-02,-2.891507383899158054e-02,7.249449264084717459e-02
-4.269480835455109560e-27,-1.660892164204463839e-01,-1.026487809126744172e-01,1.026487809126760409e-01,1.660892164204535448e-01,1.260166586606629446e-01,-5.156904427162727761e-02,-1.578880807878760006e-01,-4.601115607376678185e-02,1.294516224726159903e-01,2.863803018872427830e-01,1.213568969246736802e-02,-2.788800331803794608e-01,-1.844930289816379132e-01,1.648570705823095561e-01,2.519447342335752182e-01,-8.225782819421861847e-02,-3.027828678983555677e-01,-1.048722753781327066e-01,2.379682372371308974e-01,8.428396257873223274e-02,-1.806927271168578264e-01,-1.959582094568624311e-01,5.958389329794753358e-02,2.327830806970420940e-01,-5.115616493184219071e-02,-1.299007573034491603e-01,-2.912691824604116825e-02,1.118993318398588954e-01,9.828450864148099986e-02,9.073478712032531646e-02,-1.156661799070285435e-01,-1.622204176517265950e-01,1.540844812905856065e-02,1.717433623093773676e-01,2.006412251846323436e-01,1.941223896125407813e-02,-1.886438017088441221e-01,-1.360005201843140221e-01,1.045908577472718370e-01,1.223611583730327135e-01,3.204059342174665065e-02,-1.025589826186786291e-01,-9.542553053170037269e-02,4.358276135559650821e-02,-8.271251576904503850e-04,-3.226335061785771952e-02,-1.911272211510062560e-02,2.045103873319487758e-02,3.175215915745515510e-02,-6.783808184477566061e-02,-5.620708106115569758e-02,3.310019534055906598e-02,7.666412681588287426e-02,1.428084074949070338e-02,2.544662053504300261e-02,-5.174869588478722693e-02,-5.742907346532387380e-02,1.625557654080275055e-02,6.747557227426637105e-02,1.050275013698485915e-01,5.727390303726847404e-02,-6.963028262445378203e-02,-1.003077843454427270e-01,7.636662562773934015e-03,3.870577084194788686e-02,-4.223920948412376343e-03,-4.131629755386274916e-02,-2.131095522918021248e-02,2.814540288949883562e-02,-4.195903916811189209e-04,-8.249064573505831763e-03,-4.678611890139120454e-03,5.357523405229128351e-03,7.989743450093093544e-03,-9.801042648384074296e-02,-6.107994527693118986e-02,6.026094427171138634e-02,9.832325703101270353e-02,5.061704580480231360e-04,-2.228255499508181164e-02,4.818330865476110059e-02,5.206147743415097395e-02,-1.600754609592113312e-02,-6.195468499790978550e-02,1.359781160717682125e-01,1.043231984889574915e-01,-7.150283359049293408e-02,-1.485143799398117581e-01,-2.028410103042806167e-02,9.744389394489039180e-02,-5.756482119346753579e-02,-1.330209099987676724e-01,-2.464662240021276221e-02,1.177884596475475970e-01,-1.220680802735464414e-02,-9.701660010391410793e-02,-4.775274830982374763e-02,6.750377859222314592e-02,8.947237784886356848e-02,-1.591444563075530561e-01,-1.305324933768985118e-01,7.847093876435799753e-02,1.790302006623851194e-01,3.217581025771185793e-02,-3.293225325079719105e-03,1.166428189533929155e-01,7.538245198187770724e-02,-7.005390147328466321e-02,-1.186781441369030576e-01,2.709296525848143289e-01,1.504145257896784271e-01,-1.779683632450972663e-01,-2.604050231973366603e-01,1.702920806793870381e-02,2.543555274034425273e-01,-1.074971250353986968e-01,-3.207924043682194304e-01,-9.076348419696086967e-02,2.646974861971308490e-01,-1.093617767168609742e-03,-2.554051817761117671e-01,-1.567554654733137043e-01,1.585249761912921052e-01,2.547292888253007703e-01
-6.501063065636593804e-16,-2.486922570634915730e-01,-1.537002676041683835e-01,1.537002676041616389e-01,2.486922570634945151e-01,-9.481073091071048897e-02,-3.787327587675689000e-01,-1.392589866606662452e-01,2.926659717724073295e-01,3.201365045665314768e-01,-9.637261645703433521e-02,-2.931925646470689983e-01,-8.483035374361079517e-02,2.407645227558402878e-01,2.336310120918678179e-01,-2.118390681899933251e-02,-1.355055021989710895e-01,-6.256309920259704727e-02,9.683938045023593455e-02,1.224131277703216503e-01,3.120635946669766611e-02,-1.071108861163904136e-01,-9.740452765175124095e-02,4.691157736947922097e-02,1.263974769319583802e-01,-8.610847505919778933e-02,-1.052536692438564431e-01,2.105813002585252974e-02,1.182683093393483154e-01,5.203570493785061174e-02,-9.880481972225313436e-02,-2.477152044000973385e-01,-5.429159612713591043e-02,2.141611526900449591e-01,1.866504675594389262e-01,2.543942807605238318e-02,-1.804194063294576600e-01,-1.369447534177374859e-01,9.578289413632204430e-02,1.961418375348169263e-01,7.075268762592967775e-02,-3.216710066132342366e-02,-9.063304915417005891e-02,-2.384720421999266329e-02,7.589466640955351562e-02,1.179887872668525023e-03,3.452815612867787039e-03,9.540695329693003011e-04,-2.863168213863332996e-03,-2.723604804645140577e-03,-4.997503482816483336e-03,-1.042557016044053271e-02,-1.445853228434012139e-03,9.531983722526268799e-03,7.336943149167177158e-03,-6.990492648043421242e-02,-1.330482827284057423e-01,-1.232343439052732866e-02,1.254319814169321812e-01,8.984466218243665481e-02,1.735398982008280050e-02,-5.257435158496873151e-02,-4.984672603608092389e-02,2.176738066676777578e-02,6.329970713420142447e-02,3.147342160574295722e-02,1.368997351659266039e-02,-2.301255266740365527e-02,-2.791251323294272058e-02,5.761670778013986555e-03,1.652719374897197464e-03,2.554266639628283500e-02,1.413351662130546589e-02,-1.680767274375366549e-02,-2.452122964872856595e-02,1.004147480361405192e-01,-2.658399416246025326e-02,-1.168445599852711153e-01,-4.562991530896221698e-02,8.864372142055522430e-02,-6.824976655329113850e-02,-1.760699301744966527e-01,-4.056743469136836477e-02,1.509978766988394894e-01,1.338892547203181238e-01,-7.637914862018191364e-02,-3.747182215978424324e-02,5.322028890504392623e-02,7.036376959419116117e-02,-9.733087719266597312e-03,-1.328931668018547285e-02,2.628566068059724412e-02,2.953474839753956332e-02,-8.032182321737912911e-03,-3.449891007621052469e-02,3.308118465499025607e-02,5.702452125520434539e-02,2.161907672915385978e-03,-5.568838883280109731e-02,-3.657922475030576243e-02,1.497128465032088740e-01,-1.466353317537068268e-01,-2.403384654786192010e-01,-1.902008716073514674e-03,2.391629594451873120e-01,-8.607366588000069096e-02,-3.338910045581155450e-01,-1.202823234747610603e-01,2.595524404049028844e-01,2.806945535079714560e-01,-1.953291446437986911e-01,-1.750828265330911238e-01,8.712200699994442077e-02,2.289271880271609438e-01,5.436277614978039796e-02,-6.842738842101157848e-02,3.050052690878359354e-02,8.727775072541577028e-02,2.344008950116703918e-02,-7.279097871435816214e-02,1.125760612348016693e-01,6.300607091426260742e-02,-7.363616791220202462e-02,-1.085157254852988640e-01,6.569761248433127719e-03
0.000000000000000000e+00,9.137680439036795221e-02,5.647397089659809966e-02,-5.647397089659698249e-02,-9.137680439036921509e-02,3.210655306285801341e-02,-2.828050898491642554e-02,-4.958486883467946166e-02,-2.364625282622396379e-03,4.812345003936289306e-02,2.065395607621127450e-02,2.225049845916543881e-02,-6.902391761819560469e-03,-2.651641117163624356e-02,-9.485651601920420950e-03,5.031758210722067290e-03,2.184970672011291720e-02,8.472103186525279522e-03,-1.661365899464268062e-02,-1.873990912271841780e-02,3.575228714296559834e-02,7.603510237159164659e-03,-3.105305938259190351e-02,-2.679535639027164420e-02,1.449261839273724949e-02,-5.617084856816276228e-02,1.454088027126395899e-01,1.460384309080011156e-01,-5.515208874779006787e-02,-1.801242963046878476e-01,-2.088370341685369391e-02,-1.376091188397242648e-01,-6.416340918801789750e-02,9.795395112746142774e-02,1.247022803171373151e-01,7.972749275646894007e-02,8.327810624226766878e-02,-2.825879258002231623e-02,-1.007430005377534660e-01,-3.400380588095969214e-02,-7.212661332120526292e-02,-1.623533176410064949e-02,6.209262647235984367e-02,5.461068537477177520e-02,-2.834136676182657036e-02,1.146566458421715284e-01,-1.936833854485655454e-02,-1.266269373685049437e-01,-5.889141264018751820e-02,9.023004271137670396e-02,-1.192488246551551556e-01,2.894776093661343697e-01,2.981558262254908054e-01,-1.052071748149745467e-01,-3.631774361214956115e-01,2.789216992769645315e-03,-2.955001437367891226e-01,-1.854183495025858719e-01,1.809053016062857344e-01,2.972239746403223526e-01,1.073865559376216278e-01,1.835807492873713642e-01,6.072586802145237862e-03,-1.798276842440078016e-01,-1.172122077831292686e-01,-1.656194608353172282e-01,-2.311152937276703123e-02,1.513357501509575431e-01,1.166421666790213307e-01,-7.924692662189544712e-02,1.873032534066544907e-01,-1.389704967533925695e-01,-2.731917438337036486e-01,-2.987128638169542216e-02,2.547302735621371217e-01,-8.228495165355147190e-02,2.776758943251382838e-01,2.538980922030107390e-01,-1.207582436649229651e-01,-3.285307912096737670e-01,1.282923585691705115e-01,-1.959715679743495309e-01,-2.494094484059253547e-01,4.182805174412308757e-02,2.752606060669841037e-01,-9.341191159152197054e-02,4.743849700734400349e-02,1.227305151172707470e-01,2.841313279191324745e-02,-1.051702333250056631e-01,3.384452484097968256e-02,9.475967609505264733e-02,2.472017574869404127e-02,-7.948176727448780232e-02,-7.384260941023922109e-02,2.617072068149670083e-02,-2.084263106626286499e-01,-1.549852648207446504e-01,1.126401492480029881e-01,2.246007055538734309e-01,-1.168799163766074192e-02,1.463327336732722084e-01,1.021265947144254088e-01,-8.321502698446796298e-02,-1.535563097655690545e-01,9.547216711228048713e-02,-5.991084302006541296e-02,-1.324991043933355095e-01,-2.197810697393967963e-02,1.189158872750613327e-01,-5.559691755991658796e-02,-1.084235756583535465e-02,4.889597206604750362e-02,4.106173021561961012e-02,-2.351842715591581645e-02,3.064681912808114167e-02,5.119734163102705043e-02,9.948781335344530647e-04,-5.058247312983640137e-02,-3.225656576280699211e-02,-1.363110375036660597e-02,-7.130275491217220873e-02,-3.043642227685646948e-02,5.249201144912495759e-02,6.287826949026924239e-02
1.429885566978225239e-41,-2.460421992634733226e-02,-1.520624418116001825e-02,1.520624418115928446e-02,2.460421992634715532e-02,-1.367376112660646272e-02,-2.477102278870654123e-02,-1.635572892913778357e-03,2.376018314980800003e-02,1.632017365841826120e-02,-1.815078623983507403e-02,1.629147972427710117e-02,2.821947443646870279e-02,1.149114622118920090e-03,-2.750928254302887135e-02,-1.491999426138828355e-01,-1.406703185469386774e-01,6.226090454359990006e-02,1.791496737251981886e-01,4.845968289202562396e-02,-1.481982863775198334e-01,-9.898093151722037186e-02,8.702470646175169966e-02,1.527651579715656460e-01,7.389353461423281075e-03,6.862562763954188627e-02,-2.582796332487334937e-02,-8.458818683449778608e-02,-2.645041118557424006e-02,6.824093370540232351e-02,3.253457656230908379e-02,-8.212161174752241263e-03,-3.760997128940056500e-02,-1.503207939800371880e-02,2.831963529984703534e-02,1.281137780217040875e-02,1.374325539537065433e-01,7.212661170192638527e-02,-9.285585642855173627e-02,-1.295146870292500640e-01,-1.877969460865587525e-01,-9.929575037212559629e-02,1.264287974181602103e-01,1.774330443333263507e-01,-1.676914529279975238e-02,-8.526298101307988597e-02,-1.358887815499220941e-01,1.279095325417539761e-03,1.366793059358811513e-01,8.319336130170389143e-02,1.285931549880693081e-01,7.085986236008891270e-02,-8.479935161139487421e-02,-1.232687438798857754e-01,8.615078143120485921e-03,-9.548759731160950948e-02,-1.403421655561267745e-01,8.751368943156491095e-03,1.457508090110883059e-01,8.132758491349062480e-02,1.271311872315172287e-01,2.324316696140645844e-01,1.651948465186081627e-02,-2.222220666225816210e-01,-1.538602748748602311e-01,-1.424864618926846849e-01,-1.679758336025236332e-01,3.867168743772870371e-02,1.918762508413542345e-01,7.991435721612732968e-02,-6.213280357942748550e-02,-3.174093833763229344e-02,4.251582485195578437e-02,5.801716315587808481e-02,-6.659246090774881277e-03,2.460707462933839351e-01,9.693849661362199943e-02,-1.861594605678494052e-01,-2.119913705718995955e-01,5.514158823274135229e-02,-2.090443083674403679e-01,-1.944985851517855024e-01,8.883757197987013354e-02,2.494032241133603833e-01,6.530209742599429878e-02,1.798941804693562074e-01,2.788600692313267237e-01,-7.549179579246086472e-03,-2.835257187984779326e-01,-1.676793513229586363e-01,-5.517549050452439513e-02,-3.031527117237800550e-01,-1.321831891224714284e-01,2.214590081047397019e-01,2.690523832460366971e-01,-2.061276484549115218e-01,8.508532550848708909e-02,2.587132715630033886e-01,7.480826965813078266e-02,-2.124792182747111680e-01,9.324641986458441500e-02,7.659277890584620385e-02,-4.590947920796534243e-02,-1.049663974621764667e-01,-1.896332210029051321e-02,-5.494629152052218912e-02,-5.695704936376064925e-02,1.974489911481131302e-02,6.916006812115207958e-02,2.299837364831880393e-02,9.621896259578945065e-02,7.633661465019059289e-02,-4.904034015586757750e-02,-1.066452116863736976e-01,-1.687002540373810228e-02,-8.844785104334534909e-02,-2.353059814206553413e-01,-5.697924323077182412e-02,2.000908724507928504e-01,1.806422032439798930e-01,-2.051595849921245551e-01,7.541534760412008445e-03,2.098205098013977976e-01,1.221346718336818460e-01,-1.343371314033681430e-01
-0.000000000000000000e+00,-9.914946823292503097e-02,-6.127774133442628890e-02,6.127774133442433907e-02,9.914946823292609956e-02,-5.060226803825693120e-02,-2.909582094321943885e-03,4.880404741090837994e-02,3.307214218282091694e-02,-2.836433946115253860e-02,-1.755977096838564622e-01,-4.975715512481003466e-02,1.448460966332232036e-01,1.392769659818894612e-01,-5.876819780645053948e-02,-5.130158913760391598e-02,-1.772120566930422969e-01,-5.822148511497046014e-02,1.412292000164909467e-01,1.455059309291210634e-01,2.423762020951441849e-03,-2.045395618679939631e-01,-1.288361632993834105e-01,1.249144339688398053e-01,2.060375291775843054e-01,1.227790581811517429e-01,-1.357408700883639373e-02,-1.311683053188630876e-01,-6.749238392494209815e-02,8.945571807148852694e-02,6.999093503687107976e-02,1.810790325124093381e-01,4.192206170574590968e-02,-1.551697734997916633e-01,-1.378222557552360172e-01,-2.960780316133932444e-01,-9.418046454005872190e-03,2.902573587971938318e-01,1.888069596754425317e-01,-1.735682404052401595e-01,-9.858175958371630243e-02,-2.649749604620306731e-01,-6.518177214948175924e-02,2.246904098267001604e-01,2.040480823685248690e-01,6.896560230688789095e-02,-1.509447138820658174e-01,-1.622545659081306990e-01,5.066587732097697916e-02,1.935678001623298561e-01,-1.042914242434479430e-02,-5.200501889152915613e-02,-2.171172683620106736e-02,3.858643375230620676e-02,4.555945439977051453e-02,1.781890649191648912e-01,1.270346969884416366e-01,-9.967730442976145688e-02,-1.886386590330060842e-01,-1.690779844483649916e-02,-2.999051556079546099e-01,1.700984727227628293e-02,3.104178193656683127e-01,1.748389158093298645e-01,-2.023614268393193472e-01,8.337688094157964802e-02,-1.504897844213706481e-01,-1.763846826736318318e-01,4.147805543420089724e-02,2.020195307192214074e-01,1.168511490268857658e-02,-1.348001619670220926e-02,-2.001622308115027365e-02,1.109310006151007725e-03,2.070181436901303434e-02,-5.514857233072986004e-02,2.724074795668967111e-02,7.198428044693309935e-02,1.724798401522174840e-02,-6.132444008811097080e-02,1.095934051619470023e-01,-2.463558128870961539e-02,-1.248190317309788022e-01,-5.250682276388835001e-02,9.236803062163273514e-02,-2.285516724669174604e-01,3.530661670112263811e-02,2.503723616159777565e-01,1.194320126211292771e-01,-1.765593184713116492e-01,1.910922476657318791e-01,1.980695891180444743e-02,-1.788508738444632429e-01,-1.303428778653036857e-01,9.829454513223101486e-02,-5.406864529889800208e-02,-1.296490175297900505e-01,-2.605885414254251534e-02,1.135437599618233789e-01,9.623275700940950306e-02,-7.460055216384631205e-02,-7.309850969304346191e-02,2.942318864658239469e-02,9.128304033403293605e-02,2.699283287627715633e-02,-4.450222162119506220e-02,-4.080353310762276087e-02,1.928425129960423950e-02,5.272185585837044219e-02,1.329964757084471129e-02,-1.229195840006033491e-01,4.193767247588229413e-02,1.488384909997599315e-01,5.004957379621358809e-02,-1.179061532712535332e-01,1.195722113095174371e-01,-6.418671774200268056e-03,-1.235391686286031326e-01,-6.993273338018271557e-02,8.031836247346695046e-02,-1.047404919606982794e-02,-1.794497331955428598e-01,-1.004319851908765104e-01,1.173793527899553157e-01,1.729764147925351436e-01
0.000000000000000000e+00,1.021325812626788787e-01,6.312140657909576236e-02,-6.312140657909547092e-02,-1.021325812626801277e-01,-7.717249450389512822e-02,2.137169533063667040e-02,9.038092861543546574e-02,3.448679048848134893e-02,-6.906691993065759705e-02,-2.485044792360912441e-02,-1.221806312398932420e-01,-5.066133494956220201e-02,9.087020432562060990e-02,1.068222097874440696e-01,3.596728756961654894e-02,-1.606901232621865405e-01,-1.352792454020613211e-01,7.708295163127787397e-02,1.829191294633516207e-01,1.319201108299135061e-01,5.152135309667345980e-02,-1.000781634697848616e-01,-1.133730596526678625e-01,3.000975919586369028e-02,-2.096097134388149111e-02,2.289028991546929459e-01,1.624307431448728523e-01,-1.285151790732558530e-01,-2.418574918824248354e-01,-1.948573083957869378e-01,2.616362163133595722e-03,1.964743091394820784e-01,1.188114388012231210e-01,-1.230448017080464918e-01,-1.362912550568186609e-01,-1.827226633535233846e-01,2.336243858943932994e-02,1.971614444618768613e-01,9.849003535902924045e-02,6.785810178133365456e-02,-2.574267340098727597e-01,-2.269565730123166425e-01,1.171598579180698346e-01,2.993653473227868012e-01,3.160787185302505464e-01,1.565167840387933496e-01,-2.193460261844468184e-01,-2.920800835180082378e-01,3.883060713341245085e-02,-1.036266005900950277e-01,6.434293597411425147e-02,1.433927219580597712e-01,2.427863993532818065e-02,-1.283876972774044278e-01,-7.628142092072988378e-02,-1.601186029849671622e-02,6.638554703314528127e-02,5.704038472673447768e-02,-3.113265054064813867e-02,1.021064140403028959e-03,1.957235372015230131e-03,1.885738434854832674e-04,-1.840690327351688152e-03,-1.326183028549066632e-03,-8.967657739111577209e-02,-2.473156129518826740e-01,-6.317287736166407597e-02,2.082726275752505574e-01,1.918924401294125615e-01,2.774427216876807489e-01,1.824887012561850763e-01,-1.646585017485296121e-01,-2.842532518734112723e-01,-1.101966932192456096e-02,-6.857424475810482145e-02,-8.405364152350915108e-02,1.662623741837582561e-02,9.432922135309106115e-02,4.167242751014645086e-02,-5.589477308232462111e-02,8.011367465670141130e-02,1.054077469838166914e-01,-1.496810434315431863e-02,-1.146585442150387241e-01,1.454526813578330691e-01,1.138872325251674179e-02,-1.384140632993091924e-01,-9.693331889247235045e-02,7.850597758143178229e-02,-1.673798123805871618e-01,-1.906427338130396998e-01,4.955612317592968802e-02,2.212701022864416167e-01,8.719632073125398175e-02,1.552753357893238151e-01,1.686553767792622893e-01,-5.104058055431953678e-02,-2.002001903673580607e-01,-7.268994164691014448e-02,-3.378664498213692496e-02,1.175042730692146603e-03,3.451286132793697503e-02,2.015507861898345465e-02,-2.205633769547837159e-02,-9.220434818861086151e-03,8.082971045223337481e-02,5.917594317915250007e-02,-4.425696625118430427e-02,-8.652825256134268062e-02,1.037789007187942397e-01,-4.040139656877598379e-02,-1.287483369912598707e-01,-3.916945168685125739e-02,1.045402845280907905e-01,-6.823267680180526706e-02,-1.485928808732207007e-01,-2.360277406411361370e-02,1.340055642728163743e-01,1.064227674663197204e-01,3.928814139909870412e-02,5.487617225228760831e-02,-5.372801774690104566e-03,-5.819674636386309996e-02,-3.059476551283694598e-02
-1.026404294822589248e-49,-3.135198810594901075e-02,-1.937659426436097801e-02,1.937659426435913573e-02,3.135198810594998220e-02,-1.752889889514917809e-01,2.595112241137835854e-02,1.913276646479270537e-01,9.229587732918648202e-02,-1.342856754370022609e-01,-5.974767366444436179e-02,1.615475924636469995e-01,1.595895766076926570e-01,-6.291580986988526414e-02,-1.984736855370103359e-01,6.994026726560373386e-02,1.429177030553223926e-01,1.838773081664916639e-02,-1.315534604346461633e-01,-9.969224070292594109e-02,1.257381168621709844e-01,1.328094547944676067e-02,-1.175300411531395306e-01,-8.591850561125762009e-02,6.442948442278349785e-02,7.903505791330851793e-02,1.004603650374693291e-01,-1.694713779792988290e-02,-1.109342722086184840e-01,-5.161401294422911928e-02,-1.303253883528663615e-01,2.592977871112492685e-02,1.463508729171011935e-01,6.452003503486297697e-02,-1.064752983102232597e-01,-9.746653700354110730e-03,4.660094610220403416e-02,3.854762229941908341e-02,-2.277720533566898048e-02,-5.262470936559861256e-02,-3.560335143583774620e-02,2.489225430899452349e-02,5.098761065540272780e-02,6.619822081192374037e-03,-4.689633560974858228e-02,7.762147102523751785e-02,-4.695056421947627762e-02,-1.066385155038578336e-01,-1.895566287173919978e-02,9.492327156983965120e-02,1.136003383377983955e-01,1.053900920176207706e-01,-4.846567939343054965e-02,-1.353435291706186205e-01,-3.518122179137254252e-02,-2.063014304201727100e-01,-6.661446270755752574e-02,1.651314283245846892e-01,1.686712980229702064e-01,-6.088683321982830271e-02,1.124177763953802117e-01,5.602946809087801239e-02,-7.778966074364043748e-02,-1.041061224037689303e-01,1.344853866115097024e-02,-7.598048395413425915e-02,4.730904388905159130e-02,1.052190810528306070e-01,1.771992446662774487e-02,-9.426756545437360579e-02,5.095791034727373964e-02,-1.000068630636914008e-01,-1.127655508288904068e-01,3.031391989133272805e-02,1.315005836539765438e-01,6.250908909894446752e-02,-8.799802017310906499e-02,-1.168948565086254665e-01,1.575302574073543863e-02,1.266307618420516035e-01,-2.685238851601957077e-01,-8.425077346268203260e-02,2.164540435817866870e-01,2.180267293985781729e-01,-8.170611435749136620e-02,6.933776135659755480e-02,1.627744656019536607e-01,3.126239088601015514e-02,-1.434532454648143607e-01,-1.199213723797490361e-01,2.708287082861462330e-02,7.168510525149444923e-02,1.722096070392249711e-02,-6.104196621754365976e-02,-5.494697056648770866e-02,1.042882745821841067e-01,-2.010349899135632085e-02,-1.167129202516412612e-01,-5.202905265041381233e-02,8.455719731122773863e-02,-2.948418582398772136e-02,-2.326964750008328753e-01,-1.143301447888170480e-01,1.620365595826452898e-01,2.144742460309899956e-01,-3.299126067768147208e-01,-7.914272817557772843e-02,2.809997108019088863e-01,2.528101002800507424e-01,-1.247544761295712040e-01,-6.214299101164261208e-02,2.637527592458340786e-01,2.251511608521358232e-01,-1.246016892327193454e-01,-3.021592398536105395e-01,1.770870734283112313e-01,2.242371405893617831e-01,-3.850089900399704390e-02,-2.480320047712586684e-01,-1.147913102424160114e-01,2.254338456336193175e-01,-2.521791671847121649e-02,-2.410193752910992637e-01,-1.237402491586926806e-01,1.645436955346453456e-01
0.000000000000000000e+00,-3.019174416532226235e-02,7.230219851989204416e-02,-6.334474022044662977e-02,5.364267444608073615e-02,1.363884480139826716e-01,-6.124980061942754406e-02,3.513167124436120808e-02,7.682142251642097575e-02,-8.701548388809014767e-02,9.338542376819207458e-02,-1.647779232974181662e-01,9.169843671143021457e-02,-6.512568402813016799e-02,-6.785528642455206094e-02,-2.907918606381621612e-02,-1.117552721236543117e-01,-1.573960458917079974e-02,-8.842013205263639375e-02,-6.683623583096026666e-02,-1.852391278659723181e-02,-4.294483173797102038e-02,-7.274923045799251697e-02,-1.037813633703807967e-04,-8.784218840644690551e-02,-1.381886219493421719e-01,-8.629754197266269189e-02,1.334245274336808007e-02,-1.997695253227110002e-01,4.541290388189356958e-02,6.761788452221220713e-02,-1.174753527469088454e-01,-9.305236642944959835e-02,5.252364887125196558e-02,-2.074462781495170771e-01,-8.758616342081833317e-02,-1.515854169673266638e-01,-3.660535528252044368e-02,-1.586477495705872209e-01,-7.615906922888318609e-02,-9.792376179573246409e-02,-2.107637894908021559e-01,-7.462533812554880686e-02,-1.820619519152323063e-01,-1.443643105325800868e-01,-1.565927804157994652e-01,-2.982633764802501003e-02,-2.438359876916117164e-01,-2.432754276839427590e-02,-1.654900174282058767e-01,-7.881713894677294663e-02,5.390699298057031325e-02,-6.006851496769113202e-02,-8.376401149716055858e-03,2.195950969073131101e-02,1.468099849979667415e-01,-7.151068848049942084e-02,-3.380063774702018325e-02,1.235038919271974206e-01,-1.687302344034814772e-01,9.552109109222287064e-02,-2.250703969185318121e-01,1.120048036508063949e-01,-1.128028396243189180e-01,-8.613163244374143213e-02,-1.213031437467511631e-01,-1.086093412485642923e-01,-3.719107309747623092e-03,-1.861288734088652197e-01,4.126094080607297168e-03,-1.607794562295716823e-01,4.943977506787513437e-02,-1.550883581855343196e-01,-3.437411822339717093e-02,-2.516572815483243339e-02,1.742926108556796218e-05,1.290897180547342926e-01,1.589058240505376030e-01,-1.840993765649172678e-02,2.386768855307535575e-01,2.131072435892358841e-01,2.110126967964275416e-02,1.695099193568423424e-01,1.213856538642521798e-01,5.084370143768757178e-02,2.178788419252828956e-01,-8.279742421447061629e-02,1.789016590650160388e-01,5.613991363386826999e-02,-6.926493019759749972e-03,4.823920633437733807e-02,4.692659327346278275e-02,-5.466774156569292886e-03,8.062008819120002057e-02,-6.278013642292504595e-03,-1.813591230938827598e-02,1.635116562409807961e-01,-6.284697124151526759e-02,1.217614131215702111e-01,4.941740009639110365e-02,2.032408672195671132e-02,1.114491619256061800e-01,2.135647196566826389e-01,-4.278679873600010203e-02,2.698831133599273735e-01,1.960662842830498687e-01,1.520909603838332957e-01,2.102764059745254252e-02,2.770678705894304983e-01,-6.150604238550409948e-03,2.247631149495910030e-01,-1.068037140778557853e-01,2.572829126530853383e-01,-2.547952194280882644e-04,5.236334277209798993e-02,-5.306804666611628779e-02,1.259074436844717093e-01,1.446931208817792310e-02,1.580450630317654231e-02,1.250822482780211964e-01,1.371757331996664164e-01,5.934232480584777231e-02,-3.186564233533422004e-03,1.758207119047750233e-01,-5.129025608116379725e-02
-5.474845478036669382e-51,2.209549567829150948e-02,7.836392568037896245e-02,-3.477580223488752759e-02,9.201969300783893746e-02,-1.649830336282036569e-01,-1.458346167314663600e-01,8.895432503087599696e-02,-3.100905798199538599e-01,1.007886975038129601e-01,-1.061969096761672671e-01,-2.233578361493212538e-01,9.238831184425685961e-03,-2.499495557583777394e-01,-6.317060352940954970e-02,-2.385614675881251451e-02,-1.156701320988999110e-01,8.830668545861117269e-02,-1.499207529263936189e-01,3.156252187585296271e-02,3.410710008770592716e-02,4.050228153508379780e-02,1.314594546289344357e-01,-2.210752440490464793e-02,1.354118941276353516e-01,1.367053621283961969e-02,9.288864267227195382e-02,-5.565719370749409173e-02,1.054769119828145030e-01,-6.697711391158126144e-03,-1.866501401727779785e-01,-1.098680188602097763e-01,4.662138859185139400e-02,-2.833659128574828046e-01,9.407534929133617996e-02,-3.585996003422045608e-02,-2.227288810354774717e-01,-6.792065437732429378e-02,-1.315367058470602313e-01,-1.834119989971172704e-01,-6.704724437209740040e-02,-2.303712079853619671e-02,-2.419044286055107781e-02,-6.633445213780031491e-02,3.009309356992985029e-03,8.260418542326887492e-02,1.960724558021625930e-02,1.109663824962920653e-01,2.614113362627686760e-02,7.203213248605194741e-02,7.362581482380661790e-02,9.186455399144084766e-02,3.968231675223058558e-02,1.058762110466480028e-01,5.095447746977191383e-02,-9.424678492242535843e-02,-8.755347275669428386e-02,7.175011808009543191e-02,-1.927018185894637248e-01,7.588681249583034694e-02,-5.872391302143433606e-02,-1.489133616444641706e-01,-1.085494188438356454e-02,-1.440487088662680271e-01,-6.659508656002563476e-02,1.212893555754217083e-02,-1.974825561667549814e-02,4.494966033875565092e-02,-2.785657550419837897e-02,2.524847272720855476e-02,8.625551293414532306e-02,1.335345918992794367e-01,7.661451517070062833e-02,1.214340549946588549e-01,1.058345929279449205e-01,-1.409982362946241193e-02,2.344831077001905961e-01,-2.595477712802733185e-03,1.324228001605106675e-01,1.510372228720043564e-01,-1.551124152467975303e-01,-2.625571725340712301e-02,1.341921309748768665e-01,-2.542746388736586982e-01,2.138299500128711395e-01,2.987091804242197196e-02,-2.151615981203661154e-01,1.085003597733188163e-01,-1.701631728012160949e-01,-4.293806356419103964e-02,1.662354036046669037e-01,-8.350345205907504231e-02,9.475950150366578562e-02,5.606283936795016659e-02,-5.958759960803209493e-02,1.313899379073479035e-01,1.988661709120886634e-01,2.652960922488341658e-02,2.378997905343324948e-01,6.823221465462027402e-02,1.172053973276581534e-01,7.029045120815502479e-02,4.040283497078624164e-02,1.356769600050623803e-01,1.140780368856345733e-02,-1.390841397567580962e-01,-7.066962400805239242e-02,9.866130092048312761e-02,-2.437364067090511399e-01,1.409437969770485077e-01,-5.332797861116995997e-02,-1.005247768267093084e-01,-8.515278205501493336e-02,-6.282839385496478968e-02,-1.143220075123874829e-01,7.668085090538145909e-02,-9.693566190533561833e-02,1.146820610116818656e-01,-5.410609447919206144e-02,7.381155086425918860e-03,3.054550862285305979e-02,1.800037405211589725e-01,6.652832672579182816e-02,1.006771712358469628e-01,1.588985939374071010e-01
0.000000000000000000e+00,-1.209244836363020242e-01,1.264688020869150220e-01,-1.528974591654635728e-01,5.173336112765043737e-02,-6.787613468144138018e-02,4.749221965695722691e-03,-4.530450664114204357e-02,-3.694122913875407671e-02,-4.195677881258022264e-04,-2.359079982111397800e-02,-1.842859329995757967e-02,6.277311017477717886e-03,-3.885988841209202238e-02,9.467730104498396637e-03,9.460746162422142835e-02,-6.497732715984066987e-02,3.577294273974907651e-02,3.234037045054739129e-02,-6.285588081627412060e-02,2.649720667093966378e-02,4.874134943650618168e-02,-9.375103378117559394e-02,1.145623426374408199e-01,-8.000339750144973283e-02,4.613171043987473324e-02,-1.414456769180865436e-01,2.973885097729270233e-01,-2.250827323605877894e-01,1.814593088648036590e-01,4.641111222900864280e-02,7.582231867331838682e-02,-9.074300980397867478e-02,1.493541465752666886e-01,-7.256588457125169589e-02,-1.111758174309432218e-01,1.208000398782397705e-01,5.243309784404819041e-02,-6.892272354691950098e-02,1.958020622305185199e-01,2.655030929235380754e-01,-1.276209585019220105e-01,1.500842660368930104e-01,9.387182530512738765e-02,-9.287975953910143634e-02,-1.896537287859192608e-02,2.445783670035707180e-01,-1.813119750043093170e-01,2.442493339625953497e-01,-1.843298623487165527e-02,6.338505345231257304e-02,-1.396767234144134506e-01,2.581719107834516969e-01,-1.824989248596894098e-01,1.326728308638662479e-01,-1.128773447903718696e-01,9.519137714295647368e-02,1.810462319786634855e-02,-6.523511076990995416e-02,1.466981653484182302e-01,-6.728442586697541694e-02,1.381918252776311029e-01,-3.869982270475689351e-02,4.204062491212588043e-02,8.829148438351488992e-02,1.601082305337340472e-01,2.334911256022108306e-02,-7.896606919416172127e-03,1.794191471750924416e-01,-9.241839009850046083e-02,1.581762389807792879e-01,2.868152559532378618e-02,-2.822618848496730171e-02,1.933471405044595581e-01,-1.082583227206063425e-01,-9.163924982531676533e-02,-5.073929892755085075e-02,7.363992326945680011e-02,-1.685098366373432577e-01,9.891748306247405420e-02,-1.207290898855958167e-01,-1.321513653140886065e-03,-1.353500914632594677e-02,-1.131807345493662798e-01,6.026293147958047131e-02,8.154621287005668281e-03,-8.512645685752476266e-02,5.154518584517626262e-02,-7.631309920154111248e-02,-6.105690955384084767e-03,1.398512600652239979e-01,-9.288889609624743915e-02,4.784897239858898997e-03,7.948553597337357224e-02,-1.390564298148861122e-01,-4.514915215645571266e-03,1.054281568123752455e-01,-1.853662072197955202e-01,1.752058854931476117e-01,-1.174176518789006862e-01,-4.752782429372939647e-03,-2.286293027159847779e-01,1.727666530294167113e-01,-2.528291260267813700e-01,3.440335420923362753e-02,-2.005223400288732027e-01,7.596438278924957932e-02,-1.606118415304690905e-01,-5.431019246916879428e-02,1.026635060920518677e-02,2.268297473469120182e-02,-1.088186183082312242e-01,-2.646732034094547228e-02,-2.821292642675948814e-02,-1.077397744162310461e-01,-2.072394965180012621e-02,-7.280464863721122781e-02,3.104423669707081709e-02,-8.490609048217999388e-02,-1.143405433764865505e-03,-6.271501074179243115e-03,6.892995327488031509e-02,-2.263731627419119652e-01,1.762358616079512941e-01,-1.798961079507686855e-01
0.000000000000000000e+00,-7.031705393557846628e-02,-1.598807723686612378e-02,-3.357715417380496836e-02,-5.944640655781401745e-02,1.656391542034337666e-02,-3.919223810361648769e-02,7.779045411803141297e-02,-5.573536446810168493e-02,4.333125615826561444e-02,-1.454767603828074039e-02,4.478358712977812545e-02,-9.029503779560604793e-02,6.893550531920397684e-02,-5.362630056228190334e-02,-6.900954624944621862e-02,-7.130482700483679881e-02,-4.783636725000653400e-02,-8.351385204154229691e-02,-4.925492877056174279e-02,9.381726587298065689e-02,-2.013028860229199024e-01,-6.050735700003830736e-02,6.800843472817182968e-03,-2.429016416367383580e-01,-1.682405018407809871e-01,6.975365712994020806e-02,-1.346708626724437141e-01,-4.189920046903218565e-02,1.241761669540721209e-02,3.470788220319443590e-02,-1.571074281763077396e-01,1.901531567187141059e-01,-1.799109622150959487e-01,7.160477534157018431e-02,-3.999421332534650736e-02,1.132528656807186146e-01,-2.359182363331342736e-01,1.758053956084708602e-01,-1.412063328307432142e-01,-2.103096349882777050e-01,-4.642605252381318964e-02,-7.075097163900981138e-03,-2.346298628904865680e-01,9.421052699723680979e-02,1.835626651704093115e-01,-2.922776629936623127e-01,-6.333659098384769592e-02,4.206930124750637295e-02,-3.574220870071500578e-01,7.407016307995195614e-02,-1.207813227477547713e-01,1.356038066748977422e-01,-8.438456111329113718e-02,1.517896567495751088e-02,-5.136798251097944579e-02,3.203838942687420310e-02,1.744779205012378931e-01,-1.394004540565290939e-01,2.260258932371440044e-01,-1.153372566185471709e-01,2.240834795063764984e-01,-1.356096324236735762e-01,1.069653120734444102e-01,7.416391898803934013e-02,-4.810423048704414589e-02,5.309064784320326191e-02,-1.260086445270185429e-01,6.258521955880448628e-02,-6.346677023151368890e-02,2.227918464814887811e-01,-2.189094721861524206e-01,-1.698473793438070797e-02,9.799549754460677720e-02,-2.899711657466341741e-01,8.968528829049908502e-02,4.340835451343164758e-02,4.086849783256112784e-02,9.125500604582655051e-02,1.226777986320644678e-02,5.080318718651596899e-02,1.188407428922678005e-01,1.184018873719355908e-01,5.107441481423571905e-02,1.604514093095548155e-01,3.446453912369305470e-03,1.847941871883661269e-01,-4.277637811431347394e-03,1.202992680772148743e-01,1.078014251358830611e-01,-5.609449568526236364e-03,1.325975652942450525e-02,8.248860528104286216e-02,-4.839523109905434495e-02,9.415041599030686548e-02,2.015249351007751821e-01,-1.329834443041807146e-01,5.179523459371617594e-02,8.732543114557600461e-02,-1.549423134001947089e-01,5.785932054745707154e-02,-1.335097019550709682e-02,7.553043593357723628e-02,2.927590591798585710e-03,3.152005590566364646e-02,2.320468739232432048e-02,8.003428353166204545e-02,1.197880111950526821e-01,-1.364467483155824444e-03,1.549106331760920496e-01,5.435353382890783375e-02,1.144891526716356328e-01,-3.043132849924366085e-02,1.439193168584983751e-01,6.734527880068840421e-03,-4.962929247567943875e-02,1.626689075635993215e-02,3.264025660070398599e-02,-5.974858907772286759e-02,7.336633756699731390e-02,1.310636718660875277e-01,-9.311825370737353280e-02,-3.124928172480214913e-02,9.282654433184470144e-02,-1.698013313926011181e-01
4.365154992332535566e-01,-1.275301839246208435e-01,2.210692194746004258e-01,2.210692194746009531e-01,-1.275301839246175128e-01,2.857031034021952909e-01,-8.346958902654845469e-02,1.446916826127273570e-01,1.446916826127293831e-01,-8.346958902654323664e-02,2.159832227223519863e-01,-1.531894697063911071e-01,7.497180193288491279e-02,7.497180193288564831e-02,-1.531894697063872213e-01,2.159832227223534018e-01,-1.531894697063893862e-01,7.497180193288580097e-02,7.497180193288592587e-02,-1.531894697063861666e-01,2.857031034021969007e-01,-8.346958902654584567e-02,1.446916826127291333e-01,1.446916826127297995e-01,-8.346958902654190438e-02,2.857031034021965121e-01,-8.346958902654569301e-02,1.446916826127293554e-01,1.446916826127299660e-01,-8.346958902654301460e-02,4.774085672133407399e-02,4.774085672133329683e-02,1.445257581119260837e-02,6.831414575085752172e-02,1.445257581119394757e-02,3.188254598115471822e-02,-1.091288748083148463e-01,3.188254598115387167e-02,-5.526730486865007175e-02,-5.526730486864910724e-02,3.188254598115492638e-02,-5.526730486865060604e-02,-5.526730486865025216e-02,3.188254598115512067e-02,-1.091288748083125842e-01,4.774085672133561442e-02,1.445257581119348267e-02,6.831414575085784091e-02,1.445257581119425982e-02,4.774085672133638464e-02,2.159832227223541234e-01,-1.531894697063883315e-01,7.497180193288612016e-02,7.497180193288542627e-02,-1.531894697063868604e-01,3.188254598115387861e-02,-1.091288748083141386e-01,3.188254598115503047e-02,-5.526730486864984970e-02,-5.526730486864932235e-02,-9.169890463835222993e-02,-1.249871855484942229e-01,-7.112561560883104428e-02,-1.249871855484939731e-01,-9.169890463835185523e-02,-9.169890463835164707e-02,-9.169890463835168870e-02,-1.249871855484934735e-01,-7.112561560883037814e-02,-1.249871855484934180e-01,3.188254598115552313e-02,-5.526730486864982195e-02,-5.526730486864896846e-02,3.188254598115550925e-02,-1.091288748083125149e-01,2.159832227223545398e-01,-1.531894697063884703e-01,7.497180193288541239e-02,7.497180193288548178e-02,-1.531894697063861666e-01,3.188254598115376759e-02,-5.526730486865158443e-02,-5.526730486864962072e-02,3.188254598115564109e-02,-1.091288748083125426e-01,-9.169890463835247973e-02,-9.169890463835235483e-02,-1.249871855484934735e-01,-7.112561560883082223e-02,-1.249871855484943339e-01,-9.169890463835171646e-02,-1.249871855484932098e-01,-7.112561560883004508e-02,-1.249871855484936262e-01,-9.169890463835168870e-02,3.188254598115574517e-02,-1.091288748083122789e-01,3.188254598115534966e-02,-5.526730486865001624e-02,-5.526730486864922520e-02,2.857031034021975668e-01,-8.346958902654627588e-02,1.446916826127279398e-01,1.446916826127297440e-01,-8.346958902654168233e-02,4.774085672133342173e-02,1.445257581119072793e-02,6.831414575085650864e-02,1.445257581119473861e-02,4.774085672133621810e-02,3.188254598115340677e-02,-5.526730486865144565e-02,-5.526730486864940561e-02,3.188254598115577293e-02,-1.091288748083136251e-01,3.188254598115473210e-02,-1.091288748083130700e-01,3.188254598115538435e-02,-5.526730486865046033e-02,-5.526730486864997460e-02,4.774085672133675240e-02,4.774085672133578789e-02,1.445257581119320164e-02,6.831414575085734131e-02,1.445257581119488953e-02
0.000000000000000000e+00,-4.775287845598548409e-02,5.138500625921735288e-02,-6.127058232676408506e-02,2.187210431277706105e-02,6.257415245196179532e-02,-1.003219051962777192e-01,8.667215584103597770e-02,-5.299453296347134135e-02,-1.400314441893994385e-02,-6.620050385051669262e-02,-2.402074234383024844e-03,5.432216019389570633e-02,-1.012580087130103279e-01,9.375175812553188104e-02,1.128423002462006913e-01,-5.516104409992223651e-02,-5.381834782989932536e-02,1.120124683147584732e-01,-1.576501248594568139e-01,3.686691378267296926e-02,-1.115645225027231402e-01,1.071678800416453747e-01,-9.831714543067052170e-02,1.543220741830581000e-02,-6.823385792912623100e-03,-1.088697148028176798e-01,3.614630095626649581e-02,-9.644821244511732339e-02,-2.692179879900601785e-02,-1.201830073322768082e-02,-4.312083895803468792e-02,-5.223986992988575301e-02,-6.382429648163158789e-03,-7.146229568921089181e-02,-1.494582051941938938e-01,-1.297007538841865593e-02,3.372803700804785643e-02,-1.783192258656720319e-01,1.180823402889237261e-01,1.113743323361856274e-01,-7.439429341244385707e-02,-1.421815384080250266e-01,1.532691537471691512e-01,-2.569928631640361893e-01,-8.827437459531434216e-02,-4.900803838158371284e-02,1.013944130503408037e-02,-1.248295273905354746e-01,3.440737169879872631e-02,-9.150388664961307122e-03,-9.675749071809844337e-02,9.863770624161724565e-02,-1.299112616245463592e-01,4.449353951690279002e-02,-5.414659807114565598e-02,-3.947456803440278078e-02,6.375102978313991475e-02,-1.179435260314147388e-01,7.281884302980173862e-02,-1.792295681437850452e-01,1.226458151721069312e-01,-7.616932772214680958e-02,-5.635505235696674359e-02,1.103999195339786937e-01,1.096651853769187862e-01,-2.869807337275649727e-04,-1.806181495161027217e-01,2.211159769154177057e-01,-2.485723253091567109e-01,9.789035115800781561e-02,-1.642608209946740949e-01,9.022002777942940421e-02,-5.938746287030670368e-02,-7.179830680155668832e-02,-2.149620965505899192e-02,4.529714826965383634e-02,5.138137236880475217e-02,-2.525646694350555665e-02,9.266193778901812839e-02,7.634125595448348900e-02,-4.836340900718742036e-02,1.178927018509359631e-01,-2.641067139320623508e-02,4.082098034895031979e-02,-2.120922044768294712e-02,4.012616814171200696e-02,6.957699749544422885e-02,-3.941083398516342928e-02,1.074843523568738135e-01,1.418678749406849515e-01,2.263051143375617580e-02,-7.965504106490060854e-02,2.050838229429161053e-01,-1.533477844411094138e-01,2.480095794060705947e-02,-2.548787068733215141e-03,7.190093299365092616e-02,-2.121149951086190658e-02,5.499786099423504410e-02,-9.261768044172219438e-02,1.957374836434056242e-01,-9.545864394019076826e-02,8.735142379729193829e-02,8.275464829597337091e-02,2.420400625201968303e-01,-1.693703659715959375e-01,1.734433533468333344e-01,3.016953217164383347e-02,-8.082227478725602376e-02,-1.992734166569901100e-01,1.621643126955034375e-01,7.563541671075035833e-02,-1.457956179294087606e-01,2.990162182671751157e-01,2.133842351449323493e-01,4.394740184102319952e-02,-1.602067656645572435e-01,3.395584496083181580e-01,-2.649244875925241827e-01,7.195090769246387241e-02,-1.401577509132904964e-01,2.728630527169467190e-01,-1.833099870118204966e-01,1.417726923904435998e-01
0.000000000000000000e+00,-6.199487250353422508e-04,3.792460605148269270e-02,-2.382184493312109602e-02,3.754145666812903903e-02,-4.107901037667427424e-02,5.865432654681890234e-02,-8.411649950019095545e-02,4.715821272227559841e-02,-2.247790747002670689e-02,-2.788562840003669732e-02,-1.098885543323584041e-01,3.645719278133210256e-02,-1.183322742252938403e-01,-1.422340262178168301e-02,4.045026592477531102e-02,-2.012185361619773794e-01,9.723835471672245823e-02,-1.440062368148792571e-01,-5.212117899336100174e-02,9.152702836371856554e-02,-1.766173892484269869e-01,1.337658834421157905e-01,-1.003003836984634467e-01,-3.195648053573513919e-02,1.419230513336823193e-02,4.462769589853367996e-02,3.719760842061976130e-02,1.878435173410423001e-02,5.600771437437623845e-02,-4.282402886618941196e-02,1.409364781223151064e-01,-1.288292645129835157e-01,1.239003690827812365e-01,-1.525902540417434748e-02,-4.087802252994685026e-02,-4.354372637974539967e-02,2.877893472046772275e-02,-8.557588524671838615e-02,2.713143913735117929e-02,6.159383148814583098e-02,-1.461210838497583597e-01,7.362277303297241893e-02,-7.421534088437511945e-02,-5.475210461615850205e-02,6.868482654515896402e-02,-8.738397724292805424e-02,9.890292611797188438e-02,-4.644681139084455568e-02,2.447100793395846647e-03,-1.062276416978422677e-01,1.776012113948140514e-01,2.294360525405466505e-02,-1.064398448415824691e-02,1.983594834532180773e-01,-8.349974072484764309e-02,2.673509235782721150e-01,-2.122147043922662790e-01,2.128881171971328812e-01,4.622931122541780805e-03,8.224568527768461035e-02,-3.490914549342459539e-02,-2.783410076107407580e-02,7.787306716116750016e-02,-1.002397681238618166e-01,1.810570165141014154e-01,-2.393563314176896106e-01,1.854991052002090413e-01,-8.151808362093812543e-02,-7.433063314577247060e-02,9.841659076052401700e-02,-1.509482731544717626e-01,2.525020708372082145e-01,-1.509294345991706032e-01,9.838610933774874501e-02,7.084425734837238031e-02,1.090640854413640060e-01,-8.016999192410863284e-02,1.877973489899608106e-01,-5.654883911846005778e-02,-1.373030451580332656e-01,2.827647761148934791e-01,-2.202886346767764791e-01,1.736010608677832912e-01,3.932755645000730188e-02,-1.421872003823891895e-01,2.904554945814162223e-02,5.618081731137045121e-02,-1.589577182095169572e-01,1.620084766999269621e-01,8.204445364904662530e-02,-2.293527245012059734e-01,2.313883946484351639e-01,-2.027092180000971133e-01,3.893435455077344509e-02,2.475476314896649654e-01,-2.228291147886504731e-01,1.827395775962551705e-01,-3.107605177056862924e-03,-1.079692391213308428e-01,-6.464032312041252670e-02,7.171231996964967659e-02,1.244091529018769536e-02,-2.800858046755648131e-02,9.671148317572919595e-02,-3.683658812411767791e-02,1.231310454218851741e-01,-1.657723890259942545e-01,1.417155538312490637e-01,-6.690695439467699013e-02,-3.149875596709855036e-02,-1.015840342218002762e-01,5.354537989893564526e-02,-1.273740065485705897e-01,1.023029582653680984e-02,-1.933506040679494609e-02,-9.416993940801159091e-02,1.072746840207663976e-02,-8.416522376518675852e-02,-3.552303036466018804e-02,1.304857786755559690e-01,-1.731678659267108233e-01,1.161377425004394559e-01,-4.831492046838950505e-02,-7.153053067154367672e-02
-1.384806812881487904e-15,-2.268018579577424365e-01,-2.073002720637271423e-01,-1.205264291702851445e-02,-3.474715289932341911e-01,-3.927897236317096780e-02,-2.465282887614781704e-01,-2.423068272427452430e-01,-4.188797906395082954e-02,-3.703939489220781089e-01,2.045146040679843291e-02,-1.551539762541837009e-01,-1.411626306225113314e-01,1.180433325807132838e-02,-2.496927590882592196e-01,9.660349667992726430e-02,-6.802366469102458235e-02,-6.129060799785951419e-02,9.244223879536866972e-02,-1.630357891965166506e-01,6.065906570934356812e-02,-1.042323834471883676e-01,-9.192212909167582491e-02,5.305091010747963604e-02,-1.938306491246325203e-01,-7.353678878578761603e-03,-1.359387739084152169e-01,-1.005020359177455497e-01,-2.925478740723695681e-02,-1.799719950928181100e-01,-7.394168048512329838e-02,-1.240911441617764122e-01,-1.592874649867454528e-01,-5.218915793634883865e-02,-1.902815380564915893e-01,-1.598370749985438986e-03,-6.002586089785597739e-02,-2.656920781613416119e-02,-2.227571950430672770e-02,-6.267938260486539959e-02,8.145463114095398416e-02,3.971732763047302467e-02,2.599378556514182759e-02,8.993624658336504818e-02,1.987133968968349978e-04,2.173132628039009875e-02,1.040957449211862493e-02,7.975141436496814215e-03,2.323588865210091461e-02,9.779140191566448870e-04,1.038610488961497214e-01,8.465666182876939450e-03,-1.403789046326417780e-02,1.177690117712250489e-01,-7.299547934987066222e-02,8.569499565850753620e-02,-4.442365766220234685e-02,-1.649867666163962188e-02,6.843640826496358298e-02,-9.691642698420184499e-02,1.259281610691357078e-01,4.595212713960415002e-02,1.057584390841228572e-01,8.896582754564257012e-02,5.633053183025851091e-02,1.689173043009218333e-01,1.656282076834068029e-01,1.661331943494335217e-01,1.686052053774502735e-01,1.641004208475283499e-01,1.319743456248504976e-01,1.505324080527713493e-01,1.023387802142749908e-01,1.617596456702044549e-01,1.138082935600726875e-01,1.340044659873486921e-01,-2.414252611243810492e-02,2.869244291392303997e-02,1.013506593345117196e-01,-6.904777342230694614e-02,7.476664092952269025e-02,-8.181849698232247781e-03,-4.409821200923062096e-02,9.696417358997479197e-02,-9.536319853268622471e-02,9.671297395535662089e-02,1.086413132114474600e-01,5.365297942946786747e-02,1.306976332173407640e-01,6.102509851907213234e-02,1.694720050469505357e-01,1.758127720799496363e-01,1.692121092720587083e-01,1.735514390105025173e-01,1.731309188132008070e-01,1.692146812943078338e-01,1.018199535796511374e-01,1.640294385806297661e-01,1.307671051410776442e-01,1.223772061904285363e-01,-1.402641446759695862e-02,-1.070755267279129702e-01,-1.079881658877702572e-01,-1.346237244733758213e-02,-1.654956798876512369e-01,-4.934346461162228414e-02,-1.393724607921965064e-01,-1.266171417546742839e-01,-5.722668531416125193e-02,-1.822581213673055422e-01,-2.183535102200415568e-03,-3.162056897278718581e-02,-3.940192185434175653e-02,2.625605457050263561e-03,-5.759500931434333171e-02,9.034608048304339223e-02,4.158076587047011830e-02,4.663007921949807039e-02,8.722543321349175705e-02,1.649145731685288524e-02,4.047267279255839512e-02,1.153202556349575830e-02,1.996048034482721806e-02,3.526360126505593412e-02,2.074176700851224336e-03
0.000000000000000000e+00,-1.136707193284377040e-02,-1.002493277747748268e-01,5.493225510707857445e-02,-1.072745645818385246e-01,3.844380740373208594e-02,6.799138606658255458e-03,5.770248308927741071e-02,6.983810372429674791e-03,3.814500220995123425e-02,-8.396690774323320450e-02,-1.134482570741122270e-02,7.829515064680196701e-02,-1.393674598808740950e-01,1.231780656787204720e-01,-9.431886959106511314e-02,-1.083996852987518106e-01,-6.117496867321216975e-02,-1.235053495747307911e-01,-6.987739136988892208e-02,-1.312654373402915298e-01,-5.134050188252822777e-02,-1.750264985397938233e-01,-5.482328747369463046e-02,-1.256301718782556476e-01,9.370965013121251852e-02,1.095356073711001646e-02,5.294061994008038285e-03,9.720741271373743719e-02,-4.585201402757148326e-02,1.177833189004172387e-01,8.731730665771390842e-02,8.345042118449005897e-02,1.201731855534728388e-01,6.462139011683003254e-02,-3.957355889393618376e-02,5.480320370911782174e-02,1.622406241231165169e-01,-1.059735363734013031e-01,2.205686711599827432e-01,2.098869683261419400e-02,-7.719781852961082880e-02,8.400366168575939055e-03,-3.191389068615520935e-02,-5.228223756219698565e-02,-9.575332259018201619e-02,5.077558246099542899e-02,-1.403973263453942855e-01,2.239803278035419620e-02,-4.983748268946129600e-02,2.078552251491233849e-01,5.234676764612718886e-02,-5.683940600083121214e-02,2.753359915644897904e-01,-1.529489182757517163e-01,2.609657351037820150e-01,-3.414973622499382910e-02,2.557935315835030976e-01,8.177094078891970763e-02,7.340213969637503222e-02,-7.061586084105789078e-03,2.863779064127428345e-02,2.910529016919526368e-01,-1.692430438750074928e-01,3.131163298854255927e-01,-1.220762623425611787e-01,8.626405777021498023e-02,5.966176331017586723e-03,-7.244944238852642215e-02,1.347275753877423543e-01,-7.809133891145085549e-02,1.579899437373637749e-01,-2.125480679461867195e-01,1.509137464327918732e-01,-6.664181116154607731e-02,4.375511603215979234e-02,1.109629265342712418e-01,-1.494123595894623346e-01,2.046758926871059259e-01,-1.078756483896952806e-01,-9.550477560588728357e-04,1.454694853491666773e-01,6.525418356894152616e-02,4.862073516195222767e-02,1.557495218148038651e-01,-6.665103060867233475e-02,1.921880824459260007e-02,2.040524545391736999e-01,-1.808845062833018269e-01,2.571229335589679255e-01,4.120261095620517122e-02,-1.609900225386985961e-01,8.092268349455548904e-02,-1.083076636828071981e-01,-4.403923628014714403e-02,2.059639148237420170e-02,-4.721610682812451415e-02,-1.410355591625328808e-01,7.858000183093902247e-02,-1.829459879804636313e-01,-8.880201946530749072e-04,3.828421866009576371e-03,-1.504261940071806303e-01,9.444657533653899595e-02,-1.475112725077213360e-01,6.683078328274127955e-02,-4.680503305100656292e-02,8.957081790647826447e-02,-1.745412785367290304e-02,1.934002107287966996e-02,-1.243795973207422884e-01,1.709620368453073844e-02,4.621122700843820208e-02,-1.423736713181638358e-01,1.336480806153114709e-01,-5.268635811896742183e-02,-1.439109143623731324e-01,-7.182716552276301181e-02,-9.723656493835843018e-02,-1.282070418898155484e-01,-1.535851843237559522e-01,-6.542000415733736918e-02,-1.564036993156827648e-01,-9.735416829384059556e-02,-1.019146213485760538e-01
0.000000000000000000e+00,1.027005743443501345e-01,3.091085492731034112e-02,4.436848664254805508e-02,9.438330053625346161e-02,1.667755304622500212e-01,-1.631402148077610303e-01,6.113939102787112334e-02,2.816311107240229011e-02,-1.427597529727502035e-01,-4.661128964918168083e-02,-3.154218806900224714e-02,-8.579478487521931263e-02,-1.308134084499257797e-02,-7.648156791874562155e-02,3.428013510237671452e-02,-6.986345171519697805e-02,3.736166766757770957e-02,-3.198863312394031877e-02,-2.700260869600893537e-02,1.223609379462388541e-01,1.113482227820992293e-02,5.340108022508468361e-02,9.623895395780085460e-02,-1.534043969438432693e-02,-1.263454803674759486e-01,2.779964894643488504e-01,7.442993259878444290e-02,-5.344292517721527160e-04,3.243270130329358181e-01,3.353590700047903717e-01,-2.304044685808451232e-01,2.022000463752528787e-01,6.799477607526083212e-02,-1.474610500660859802e-01,-1.126727596966606848e-01,1.961225780679295427e-01,-1.872942984209216566e-01,1.242919018337732412e-01,3.551715885097603276e-03,5.295324595207719087e-02,-7.684369516828447322e-02,2.307911740318918659e-01,-1.371755593382575633e-01,1.505722527837407287e-01,2.385756264718460473e-01,8.888915972230132523e-02,1.218557699937976475e-02,2.859810476535007417e-01,-8.032574710771805959e-02,-2.004654623842060460e-02,1.843280109793675459e-01,7.065302599108927266e-03,8.950783247843674406e-02,1.333757253954133970e-01,1.907563221449797841e-01,-1.264267363083513562e-01,6.593881161122433499e-02,7.186787526618677868e-02,-1.300910991685818030e-01,-2.406507960855508443e-02,-2.115248062458519734e-02,-3.696802637071593817e-02,-1.429053478681658988e-02,-3.516794120302395993e-02,1.191238700739451033e-02,-3.082877135922685100e-02,8.475384452997734852e-02,-5.952159812075621254e-02,5.833835594086405479e-02,7.366941879626459633e-02,9.419684055533188161e-02,5.587929895187629392e-02,9.735096187253869382e-02,6.856594330038479068e-02,-8.942683252551841822e-02,6.414668979172877261e-02,4.889501188032937401e-04,-5.008418576065992722e-02,9.540260668290452550e-02,1.115076588319692114e-01,-2.196702147697367213e-01,2.564449104215321337e-02,-4.010516729995813878e-02,-1.790346911656190143e-01,-1.069521564566724703e-01,-6.188779400012895532e-02,-1.585839292004584122e-01,-4.719065832211503247e-02,-1.307326215209698717e-01,-6.335497604463501131e-02,-6.605009675108527989e-02,-5.340359206701598971e-02,-7.117094577827337565e-02,-5.506926826738479247e-02,6.749711389871737577e-03,9.875182065109984822e-03,-1.117978547865937193e-02,1.976239696394760381e-02,-9.248138370522835869e-03,-1.627909880410129406e-01,1.428824973628456119e-01,-1.080447350307253140e-01,-7.709429718843445120e-03,8.087186840850488223e-02,1.478762268863543228e-01,-2.678605449931791282e-01,1.274888733509418025e-02,-2.554993985633024697e-02,-2.441905680596201389e-01,-2.104128464289903577e-01,-4.569743198916120797e-02,-1.358204231353367097e-01,-1.547137747328471424e-01,-3.402069854049793313e-02,-3.895633541217388696e-02,-8.565383020269638770e-02,-1.005833535516614807e-01,-2.972938254667673377e-02,-1.294439925216755716e-01,4.748933286434753320e-02,-9.257493916841125214e-02,5.934774347096435920e-02,-4.640404866884940971e-02,-2.721673725479338557e-02
0.000000000000000000e+00,-1.756229609392933044e-01,8.069857504055753805e-02,-1.584154212841265841e-01,-2.784238402481873167e-02,7.760742176457971486e-02,-1.218220823718248885e-01,1.596995850038695763e-01,-9.638253724314271853e-02,3.644537308803348641e-02,1.274298168495968941e-01,-1.612674654824702014e-01,6.299400574338041847e-02,-1.117139473503556829e-02,-1.154307271975614918e-01,-1.176231166195438119e-02,-2.289611477966788933e-01,-3.640532436085828290e-04,-1.530430858252247173e-01,-1.346003162917879248e-01,-1.196938556570498885e-01,-2.234632277365620201e-01,1.650224135857320321e-02,-2.680006716841550340e-01,-4.763075757779896419e-02,5.823508179543297747e-02,8.908621323577815831e-03,5.716475772957328727e-02,2.841114933077590332e-02,2.667932861324230284e-02,8.201353509833374245e-02,7.249767395733743014e-02,1.741571378275051651e-01,1.918453114847600005e-02,1.682760122101454314e-01,2.091448566674027065e-01,-2.077667761498746060e-02,8.723973263330787875e-02,1.423870437912020670e-01,-5.485959029873316989e-02,-1.306774067432759159e-03,-1.116143344514479094e-02,-2.994729481536025084e-02,1.030352676730474787e-02,-3.603780925834021431e-02,-7.124694792790910169e-02,-7.692301560831138474e-02,6.422792627087393902e-02,-1.584830275533049282e-01,6.071992352194095083e-02,1.924382599879497294e-02,9.603584445772468670e-02,1.266991881139539478e-01,2.928374105261266581e-04,1.741592655862855832e-01,1.312041496621350889e-01,1.661486424687015073e-01,1.449540560971603886e-01,1.443031244172436889e-01,1.665509403712411574e-01,2.630039477128868208e-01,5.480717703015993564e-02,8.260137873543053899e-02,2.458261863688574467e-01,-4.607130189445936969e-02,1.401237386448418165e-01,-7.363264726415434669e-02,1.012207227141757454e-01,3.205841295077439118e-02,-3.088798908992684833e-02,-3.970388767814862774e-02,-3.378182530527686772e-02,1.343989367598648343e-01,-1.436453148882634590e-01,1.380589725897971576e-01,-9.162832465895519307e-03,-3.984561340199618829e-02,1.476909704066811657e-01,-1.250668153936992377e-01,1.287279689188066123e-01,1.785891720362081103e-01,-5.750033274476546580e-02,2.321649837376839609e-01,-4.338389119401784579e-04,8.625364539590679724e-02,2.338845704889169763e-01,-3.434562341463776036e-02,2.869732384144223561e-02,1.949218863336898977e-01,-1.370780527999243825e-01,-1.206963865838720472e-02,8.105277008679316955e-03,-1.061163330557826495e-01,5.852319861119138072e-02,-9.364754945337748493e-02,-1.914567805637200082e-01,1.907620043648651856e-02,-2.664994601282729553e-02,-1.631964678834909865e-01,1.034665919981373888e-01,-1.614864790296272057e-02,-1.234101921591556905e-01,-2.209497179215274415e-02,-7.876489766745445320e-02,-8.838625182827854199e-02,-6.264483989012233599e-03,-5.454159976530072174e-02,1.002492229179403477e-01,-1.019304735538127810e-01,7.041232448937773114e-02,5.862562492239194178e-02,-5.064379812916663254e-02,-8.165481626989253006e-02,7.779148815909937842e-02,-1.491870336468456570e-01,-3.722331884237940758e-02,-2.035359403707169001e-01,-5.050205605207529203e-02,-1.318034607817184511e-01,-1.532889089146868555e-01,-2.303533227648165149e-01,-1.035272011057939007e-01,-1.013590193005238504e-01,-2.316933328142640192e-01,-2.297616545391701487e-02
0.000000000000000000e+00,5.139335492866926175e-02,-8.040425098122858105e-02,8.145540008818230593e-02,-4.864141083942287447e-02,5.572266098807723833e-02,1.144532514135560529e-02,2.171978566842786874e-03,6.145390436058385114e-02,-2.519291991772395697e-02,2.107451144762992334e-01,-1.010634888942503473e-01,1.239332333619164728e-01,7.168949276466882181e-02,-6.877508150571814971e-02,8.367583610464170152e-02,8.893598034352670489e-02,-7.153178267856255546e-02,1.828503677509572822e-01,-6.828083475320621820e-02,1.675553287785154777e-01,-7.064730324154683272e-02,-1.278408861610133259e-03,1.246829942897152016e-01,-1.484957316596926813e-01,-1.052375182769244716e-02,1.396745150963389637e-01,-1.249498246535411389e-01,1.530230843882346425e-01,-3.212219064315827155e-02,-4.896827352268397909e-02,7.522091291930732559e-02,9.144443661793515143e-02,-5.899496258572704821e-02,1.681975748742848276e-01,2.829254545612842620e-01,-1.314550837993680443e-01,1.887001190232903136e-01,8.505865754176357429e-02,-6.740113796007322911e-02,-3.616037505673739411e-02,2.354156600341544281e-01,-1.009320797002571518e-01,1.717139601383324832e-01,6.691114051584416689e-02,1.815371493405408820e-01,-1.161841747972823247e-01,1.461925687124407680e-01,1.937940399402307903e-02,-3.780932878036032813e-02,-6.496312411301410905e-02,4.129768699722929925e-02,-7.153949946707416352e-02,4.774092316834566141e-03,-5.866706528808473750e-03,-2.034599099833816344e-02,7.309214350589090387e-03,1.249949194289426066e-02,-2.355375896143187611e-02,2.959134881438862941e-02,1.263501069392161669e-01,-9.319003526351932187e-02,1.231552188645674978e-01,-7.358613416672652938e-03,-1.252805091170818702e-02,5.240385708231824063e-03,9.827219583615592891e-02,-8.063615272657995159e-02,1.158118259911127684e-01,-2.313933203259756211e-02,1.011294428036034199e-01,-7.241661562231919980e-02,-4.423221768953987908e-03,5.910721439176983699e-02,-1.116805844897511418e-01,-2.311586214502202030e-01,1.036785765703447798e-01,-1.930638081074059209e-01,-4.776174181667382224e-02,1.387696096708140349e-02,-1.322275336271665491e-01,-4.285982137292407290e-02,1.877083315538949013e-02,-1.703173728745688009e-01,7.400311682533182445e-02,1.520533315757790216e-01,-2.579227707388284663e-01,1.772097528870149319e-01,-1.168733576355056314e-01,-7.616941291861760444e-02,6.166171814067323426e-02,-2.471487466607339561e-02,-1.248456313094212095e-01,1.235459290655044479e-01,-1.782293014964020927e-01,3.895084265859114631e-02,-5.503974653642326742e-02,-1.571463928227637141e-01,1.020562205408152845e-01,-2.152357715679117656e-01,-2.127542379389001093e-01,5.407701300299454922e-02,-8.644480696052402047e-02,-1.259069770404511457e-01,7.846597538221897206e-02,-1.589302054324167116e-02,4.413471278637485021e-03,-1.292871052877934135e-01,6.673848009027009975e-02,-1.167370031495991584e-01,1.294139210079371105e-01,-2.335138706323097724e-01,2.051211023656003274e-01,-1.416774009591622585e-01,-1.918060833001195703e-02,-1.230738852390611537e-01,1.691325514637885552e-01,-2.089953831283970775e-01,1.106220304347062811e-01,-2.840187351454317999e-02,1.734525602931338562e-01,-2.091022015748033869e-01,2.396547096137104961e-03,4.273914503642185780e-02,-2.340352982963699591e-01
0.000000000000000000e+00,-1.523076767324463288e-01,1.917464116008735786e-01,-2.126371205583532376e-01,9.761509063269063757e-02,-4.715948637327887355e-02,-1.135583480624200448e-01,7.200012612673756252e-02,-1.618409303227510976e-01,3.096337278854523548e-02,-9.347004079097523399e-02,-1.185180972484164014e-01,1.353700375318743765e-01,-2.503815374255130011e-01,1.198894872890496344e-01,-1.734973715142575645e-01,5.035352930312776004e-02,5.194889103580917211e-02,-1.744833592894078633e-01,1.902963561532338144e-01,1.258415194983725748e-02,-1.072119338305842912e-01,1.796342403669322907e-01,-1.646965332471043708e-01,1.055961876354334777e-01,9.439496673002012450e-02,-7.471161416811872291e-02,1.198147642426292264e-01,-2.582894683624710128e-02,1.530114952629551585e-02,-1.257247466138562003e-02,1.426534196851596899e-04,1.457415455915016126e-03,-1.338504228689527988e-02,9.315796781326077941e-03,1.783336020093286359e-03,-6.462505078443700479e-02,1.009322657788306460e-01,-1.005367127022350759e-01,5.988962559558049653e-02,-1.165962803894385474e-01,1.649129408662822205e-01,-4.229683573536073549e-02,1.146640435164988925e-02,1.316854311471870320e-01,7.087417976207878445e-02,-3.100480795367956122e-02,1.460548786949373290e-01,-3.855472462417305901e-02,8.309020154716541262e-02,1.638963762992570738e-01,-1.156214637320501643e-01,1.663225637809593593e-01,-1.035461562881874811e-02,-6.428961820346183742e-03,6.356822164521681862e-02,-8.139541294508360891e-02,1.070637639429313781e-01,-5.290595516340344112e-02,1.747131063340735119e-02,-7.608986254266630889e-02,4.196828166818322714e-03,1.172650070673071782e-01,-1.459698401492246778e-01,1.668849107700196288e-01,-1.606404711490054538e-01,2.335559403544714974e-01,-5.950366919894490431e-02,2.048032828477914374e-02,1.841231113534416708e-01,1.159930426129860137e-01,2.282180893999706875e-02,6.365840224912015788e-02,9.075463996319230175e-02,6.075413065455377223e-03,1.368729131482542827e-01,-1.811587656134533986e-01,1.821590075855507307e-01,-8.766981940565610198e-02,-1.439537938837368025e-02,7.208584809446214048e-02,-6.083980906867644117e-02,-5.194212955910142149e-02,6.658677973654178461e-02,-1.340947036628357680e-01,-8.857955799375206996e-02,3.766085065192416315e-02,-4.161982458428203219e-02,-3.958140604673498347e-02,3.640103871241986283e-02,-2.216544951473508329e-01,1.889048985229543620e-01,-4.347134320559566806e-02,-7.803807958114648835e-02,2.102683164832007956e-01,4.599665619149596180e-02,-8.301541628127538652e-02,1.876744150321232874e-01,-1.212988599691593727e-01,1.079405692848868920e-01,-5.981963230657860731e-02,-1.032647783719514295e-01,1.305494920556145022e-01,-2.043247984855749988e-01,1.036989151410102894e-01,-1.742262276486987449e-02,-2.661649437252936942e-02,-1.400750871945846132e-01,5.269864391489378908e-02,-1.457572123363209682e-01,-2.583422185317049702e-02,-1.824545373345902166e-01,1.295220763754191262e-01,-2.186463728210545077e-01,3.272539807917008298e-02,-2.567398463525163432e-01,1.926443413818214601e-01,-1.367034797538331237e-01,-5.319169876996202029e-02,1.410312222727506115e-01,1.355689292764456766e-01,-1.477255313850773244e-01,8.053836549227694208e-02,-5.505917398261533924e-03,-9.454724002111417058e-02
-2.503804930397088086e-26,-1.795441716131271903e-01,7.908473914023818330e-02,-1.598414573189425592e-01,-3.187966139861712206e-02,1.021125823017551143e-01,-1.679037378234901068e-01,2.032205631950342595e-01,-1.272548497787374666e-01,3.634129984046411549e-02,1.973329817988872525e-01,-1.216136395751370516e-02,3.047752057626993416e-01,1.455409433995139912e-03,1.753005796343253264e-01,2.403228410411242799e-01,-6.515342910845116353e-02,3.798013231964594283e-01,-3.467431933910355285e-02,1.910066054874807739e-01,9.864499973805268551e-02,-1.162304776836526887e-01,1.752978883210397354e-01,-8.152943913756857675e-02,4.249753992556828258e-02,-1.474595480662971858e-01,-8.794775127519810498e-02,-9.035276716071209691e-02,-1.459731665055652716e-01,-5.357245401223601627e-02,4.930523381460145266e-02,-1.523733044892021382e-01,6.220820967463965706e-02,-8.331343529606574649e-02,-6.243598179850836510e-02,6.744114428638263437e-02,9.802126895591616040e-02,8.769686523866307426e-02,7.382197669722133371e-02,1.065964216646478196e-01,1.405041271979136641e-01,-3.205528522037320860e-02,2.573751822515655818e-01,-3.837373907951775742e-02,1.507276002983587437e-01,2.725143867539799730e-02,-5.305921012627897587e-02,-2.421274164920435637e-02,9.423340701159889365e-03,-7.384745226719571787e-02,-1.598333520468673274e-01,-1.401656788095003436e-01,-1.792587091222423434e-01,-1.356725305903627443e-01,-1.671034185819248175e-01,-1.747861929554765659e-02,-1.712520694797451670e-01,-2.623158130957194481e-02,-1.071062100498137576e-01,-1.212688000907443109e-01,7.372149320192904198e-02,-3.789603836167074885e-02,1.155652117076587521e-01,-2.112277529696417536e-02,4.658178346099070555e-02,7.398452798428392652e-02,-6.199679975473517540e-02,1.865710421417623166e-01,-7.963884681796194742e-02,1.025299597637119864e-01,-9.007965606668802416e-02,-7.283169788036999992e-02,-6.065921719353972036e-02,-9.760266285855324908e-02,-4.999939279785733937e-02,-1.471553559601042060e-01,-1.219051570566037496e-01,-1.676041699433167831e-01,-1.189118127437965577e-01,-1.519986887982580359e-01,-7.495753432406079830e-02,-1.077442401736407318e-01,-1.763181253587846331e-02,-1.306500774129599196e-01,-3.789511113006358012e-02,4.609939852571411090e-02,3.673261482967217148e-03,1.298054464609004754e-01,-3.185457886593947435e-02,1.035846517571211989e-01,1.349718741970636626e-01,-7.923356433368325402e-02,2.073520469879850947e-01,-4.214777428639432388e-02,7.496580540090914957e-02,-4.185484012683246546e-03,-1.044740795562416058e-01,-4.147626009680377424e-02,-4.312027765574643484e-02,-1.034580208267137924e-01,-5.329803397351060706e-02,-9.797077698277228963e-02,-8.111914929480067149e-02,-6.371291265043553531e-02,-1.087284228452112672e-01,2.069599553152626226e-02,-9.549885240020289379e-02,8.597018707991969932e-02,-9.145803877298347428e-02,1.415782174048592877e-02,1.067478858215893667e-01,1.031970337856957382e-01,1.271930959848334430e-01,9.191750378636569241e-02,1.249985487376291948e-01,1.926912573837496478e-01,-1.012676502799539531e-02,2.568844967652094691e-01,2.766922221655053124e-02,1.315360653837155669e-01,-9.318317582074809799e-03,-6.538530256579210866e-03,2.426250909307211406e-02,-2.835440678898342240e-02,2.598051214172598933e-02
3.253305914973613766e-01,-2.631979773114205834e-01,1.005326815627434756e-01,1.005326815627353709e-01,-2.631979773114173082e-01,1.394623176850671165e-01,-1.128273850822023028e-01,4.309622623970691541e-02,4.309622623949987963e-02,-1.128273850820711022e-01,-1.513511633557132474e-01,1.224456632731330125e-01,-4.677008159524258940e-02,-4.677008159542829502e-02,1.224456632732473099e-01,-1.513511633557166336e-01,1.224456632732023736e-01,-4.677008159534996878e-02,-4.677008159532304588e-02,1.224456632731841521e-01,1.394623176850640356e-01,-1.128273850820898788e-01,4.309622623953370674e-02,4.309622623967007682e-02,-1.128273850821762403e-01,1.394623176850152968e-01,-1.128273850820871865e-01,4.309622623957685278e-02,4.309622623959621229e-02,-1.128273850820999541e-01,3.257935543823950453e-02,3.257935543825568603e-02,-8.529385986889823079e-02,1.054290088612925558e-01,-8.529385986888841920e-02,-1.238176381424832967e-01,1.530470175575653069e-01,-1.238176381424577477e-01,4.729412936366764880e-02,4.729412936370756132e-02,-1.238176381424732908e-01,4.729412936369326720e-02,4.729412936368246334e-02,-1.238176381424657690e-01,1.530470175575627534e-01,3.257935543825424968e-02,-8.529385986888869675e-02,1.054290088612785670e-01,-8.529385986887527693e-02,3.257935543823217706e-02,-1.513511633557693969e-01,1.224456632732524725e-01,-4.677008159538057624e-02,-4.677008159532537734e-02,1.224456632732189576e-01,-1.238176381425324935e-01,1.530470175576722214e-01,-1.238176381425807743e-01,4.729412936375917975e-02,4.729412936368165149e-02,-2.296107724717616830e-02,6.011288065148297222e-02,-7.430360680858806577e-02,6.011288065152202431e-02,-2.296107724723964530e-02,-2.296107724716956594e-02,-2.296107724719531618e-02,6.011288065144358705e-02,-7.430360680850582600e-02,6.011288065142737086e-02,-1.238176381425147021e-01,4.729412936370919196e-02,4.729412936369651460e-02,-1.238176381425065420e-01,1.530470175576137959e-01,-1.513511633556963165e-01,1.224456632731963784e-01,-4.677008159536263227e-02,-4.677008159529685849e-02,1.224456632731556610e-01,-1.238176381424951067e-01,4.729412936372460324e-02,4.729412936365535308e-02,-1.238176381424533901e-01,1.530470175575683323e-01,-2.296107724722505627e-02,-2.296107724713026058e-02,6.011288065139495929e-02,-7.430360680849235067e-02,6.011288065145390519e-02,-2.296107724723947877e-02,6.011288065151439153e-02,-7.430360680857681088e-02,6.011288065147051690e-02,-2.296107724716844878e-02,-1.238176381425062783e-01,1.530470175576163494e-01,-1.238176381425201006e-01,4.729412936371549248e-02,4.729412936369283005e-02,1.394623176851001178e-01,-1.128273850821506080e-01,4.309622623959492166e-02,4.309622623963205168e-02,-1.128273850821750884e-01,3.257935543828270608e-02,-8.529385986897319860e-02,1.054290088613873272e-01,-8.529385986896581562e-02,3.257935543827000791e-02,-1.238176381425392242e-01,4.729412936371214793e-02,4.729412936371898968e-02,-1.238176381425449557e-01,1.530470175576528480e-01,-1.238176381425551836e-01,1.530470175576598424e-01,-1.238176381425397654e-01,4.729412936370393922e-02,4.729412936373068865e-02,3.257935543826435965e-02,3.257935543829024172e-02,-8.529385986897954075e-02,1.054290088613901166e-01,-8.529385986896405314e-02
1.249076320570602072e-13,5.496031431902032548e-03,-8.892765660180238993e-03,8.892765660257821031e-03,-5.496031432103237920e-03,-1.681391978623214892e-02,1.810833620630347141e-01,-2.761851148288593794e-01,2.657935409168548091e-01,-1.538778683647958057e-01,-1.964814139209760877e-02,1.665529874993264547e-01,-2.498402533096502620e-01,2.376970341135700715e-01,-1.347616269111494292e-01,-9.299879192146101592e-03,-1.360063596110864040e-02,3.130617044583258041e-02,-3.705381187784779345e-02,2.864815658526829664e-02,-4.737385575384383575e-03,-1.068019355812277749e-01,1.775465474100861307e-01,-1.804744127134870202e-01,1.144671864600124017e-01,1.225310263941187111e-01,-1.153784139618192484e-01,6.415516896415995873e-02,1.157317002381616673e-02,-8.288095142027526729e-02,5.286525599505046552e-02,1.030609080557976127e-02,-6.954086120962214845e-02,1.022133862385273956e-01,-9.584387182953638118e-02,-7.746655475689562254e-02,1.363994347497162751e-01,-1.432323667144194401e-01,9.535540288330282555e-02,-1.105591616170457578e-02,-1.042190839199160085e-01,2.889423067540767762e-02,5.746723660832690067e-02,-1.218781727472125209e-01,1.397357893833942322e-01,1.349270440657234470e-02,-9.341849497812988734e-02,1.376615956459028289e-01,-1.293226457224851411e-01,7.158684064813952697e-02,1.282128670891341804e-01,-1.472889807834484588e-01,1.101057099868147787e-01,-3.086580033065732323e-02,-6.016379596184412426e-02,5.394428804065621447e-02,-1.427100124379395985e-01,1.769653626188490980e-01,-1.436259591108095535e-01,5.542632088924296513e-02,-4.623528697543857757e-02,-4.299931263748372340e-02,1.158096363157721104e-01,-1.443846151461981586e-01,1.178095784433501880e-01,-6.493174433372463084e-02,2.950968093093015929e-03,6.015697765938408242e-02,-1.002870026064428682e-01,1.021108011876916549e-01,3.516153849601631829e-03,-1.332025141348009041e-02,1.803646567610297027e-02,-1.586336308737541431e-02,7.630994975150751265e-03,-6.378448946919397511e-02,-1.185258149882196079e-03,6.570227744114574830e-02,-1.051232598881682162e-01,1.043907300660976423e-01,-4.531000787750782272e-02,-5.046468987884553115e-02,1.269635913332011479e-01,-1.549667162320265412e-01,1.237778226551774635e-01,8.165519247242131184e-02,-1.652703227774618977e-01,1.857578071131791853e-01,-1.352921228073076521e-01,3.314944599917082901e-02,1.192277923071901891e-01,-1.257803765459617473e-01,8.428913206193743013e-02,-1.060230401247963701e-02,-6.713424381068414104e-02,-1.728220976268061287e-02,-6.669418271075234182e-04,1.836134430745934437e-02,-2.904233734150104412e-02,2.863014462382966474e-02,-1.009797210322884858e-01,5.052111544824548078e-02,1.923483908746984744e-02,-8.164373885990686142e-02,1.128675053564797970e-01,-6.204819638934338383e-02,1.281512616594828458e-01,-1.453049006768817597e-01,1.069570063676378302e-01,-2.775517096089657673e-02,6.988938942559853873e-02,-1.829124181609834490e-02,-4.029353847070984984e-02,8.348755658870805896e-02,-9.479216572749910030e-02,1.126579678083293456e-01,-1.119664981533094045e-01,6.850763180502771055e-02,1.118821404011408407e-03,-7.031792286405859349e-02,-1.231609169336591453e-02,-8.161178984756606303e-02,1.443667415494416517e-01,-1.519785048245017589e-01,1.015396448159923970e-01
0.000000000000000000e+00,6.888684328857366812e-02,-1.114612538186001978e-01,1.114612538186008223e-01,-6.888684328857386241e-02,-8.983354936087031839e-02,9.063338105286737612e-02,-5.681434169799137734e-02,1.294154862932036208e-03,5.472035514306016618e-02,-1.070955453610478725e-01,6.225054684524210236e-02,6.372044747177446969e-03,-7.256073182401157062e-02,1.110336855926385008e-01,-5.763659823322401371e-02,4.595111798601322212e-02,-1.671387248920122928e-02,-1.890750421485304367e-02,4.730685695126563700e-02,1.661746421094808732e-02,7.371977067596389988e-02,-1.358985588075035666e-01,1.461687164967055974e-01,-1.006073925761117871e-01,1.191228850993530652e-01,-1.077202243800668424e-01,5.517209922335922917e-02,1.844989260598897327e-02,-8.502465254863368627e-02,-2.361625261563131406e-01,2.153063785006084085e-01,-1.122105122523229248e-01,-3.374595578131640849e-02,1.668126156893406098e-01,1.470849448165624240e-01,-1.464682461823101078e-01,8.990565577900187788e-02,9.978393510353576138e-04,-9.152019376429021413e-02,-6.353137948913681332e-02,-2.462053271040987729e-02,1.033682382357107021e-01,-1.426327901121645925e-01,1.274164640760023781e-01,6.742759660783488596e-02,1.479854621005762851e-02,-9.137214735979343194e-02,1.330446938431534554e-01,-1.238986893012502949e-01,1.128541180758020485e-01,-2.088134206487824440e-01,2.250130938410577763e-01,-1.552654130998175064e-01,2.621162183174135379e-02,-8.362499648680457587e-02,6.952717178258430164e-02,-2.887233059907011110e-02,-2.281075953886648258e-02,6.578091484215485563e-02,2.171122350804982615e-01,-1.806075691759754243e-01,7.511695047172650685e-02,5.906579018147908172e-02,-1.706874065577297372e-01,2.542003141906143057e-02,-1.438811141222079149e-01,2.073845015698723426e-01,-1.916740581578026681e-01,1.027506392910771116e-01,7.930541270408303367e-02,-3.998520008381255264e-02,-1.460799992150825510e-02,6.362144046446725765e-02,-8.833365316322959460e-02,3.964066297147655904e-02,-1.391908838990067454e-01,1.855749181012564253e-01,-1.610756410483035195e-01,7.505094387457789118e-02,1.729179463683560569e-01,-1.813645006922595670e-01,1.205359801043749679e-01,-1.366681198390014979e-02,-9.842261379657057940e-02,4.062693637339723218e-02,-3.732913266064859237e-02,1.977286904208632942e-02,5.335958495453287792e-03,-2.840663125028766722e-02,6.266170039956098226e-02,-1.150286170941163810e-01,1.234585117376149066e-01,-8.473145109782399820e-02,1.363985605476412781e-02,3.521955467984923260e-02,-3.084699790216310217e-02,1.469193637674751432e-02,7.074945484033035026e-03,-2.613943863846786980e-02,-4.590679994943087927e-02,6.148838154892605906e-02,-5.358349130995339327e-02,2.521152862646319770e-02,1.279038108399531588e-02,1.892191298724419934e-01,-1.910333435269692959e-01,1.198793129387289852e-01,-2.935459355879692540e-03,-1.151296399283217170e-01,-1.832531436940252612e-01,1.166256984642947969e-01,-5.451200382900039595e-03,-1.078054709652764842e-01,1.798841165779070383e-01,5.517911657485687765e-02,-3.255670992590838780e-02,-2.501253352866727314e-03,3.660382286532120472e-02,-5.672497616140229071e-02,1.870321807445773227e-02,-3.228105122464577318e-03,-1.348003426705149041e-02,2.503925873606831567e-02,-2.703433742100933707e-02
0.000000000000000000e+00,-5.947693424002126888e-02,9.623570114699835087e-02,-9.623570114699853129e-02,5.947693424002232360e-02,4.864569810791258969e-02,-4.483460285778544108e-02,2.389821318808851153e-02,6.166481649068413298e-03,-3.387579008728319047e-02,-4.750213288698474290e-04,4.081614391976537415e-02,-6.556688682301903270e-02,6.527330749639645435e-02,-4.004754326427423933e-02,-9.479037658392272525e-02,1.161517064223777651e-01,-9.314703225878574744e-02,3.456335772351866453e-02,3.722234469680971158e-02,-3.235591668405496391e-02,7.973912331636674603e-04,3.106571056646383749e-02,-5.106276681436908160e-02,5.155558169879639885e-02,-6.578879561472497639e-02,-8.226868918749871695e-02,1.989023309299981501e-01,-2.395620426988200324e-01,1.887171965710444377e-01,1.002553399497927017e-01,4.822818875277419537e-02,-1.782901885676255738e-01,2.402513962102729994e-01,-2.104447363452111586e-01,7.746018737255451481e-02,-1.377084313973586105e-01,1.453567351658052731e-01,-9.748370659463095889e-02,1.237521545363104436e-02,-1.686728756701893206e-01,2.251784920220828434e-01,-1.956735779569907241e-01,9.142800781262752641e-02,4.773995379246648990e-02,6.801142023750712806e-02,-6.105432813267803321e-02,3.077655784145252871e-02,1.125681148847865708e-02,-4.899046143476211423e-02,-1.120467671554204181e-01,2.868834073130138371e-02,6.562805677133712323e-02,-1.348767672029334008e-01,1.526071368557157804e-01,7.225487983119087410e-02,4.796426577018722548e-02,-1.498626920927864092e-01,1.945186636815021408e-01,-1.648751171900924295e-01,1.185634169237225199e-01,-1.815286296672155297e-01,1.751560758090234815e-01,-1.018798543278385954e-01,-1.031100873769178611e-02,-1.457564339839013956e-01,1.617285039894309218e-01,-1.159257824206706006e-01,2.584335213963910929e-02,7.411036027550116367e-02,1.835048598710410928e-01,-1.357176235502121353e-01,3.609086790556576690e-02,7.732137259552468445e-02,-1.611994768219187357e-01,-5.379816602741538389e-02,9.814183275723437072e-02,-1.049986550919966843e-01,7.174955995464413205e-02,-1.109457159246556197e-02,-1.663811661360253824e-02,-1.671042153497687838e-02,4.367614662353160732e-02,-5.395906819952275835e-02,4.363145972456856925e-02,4.724941012507550414e-02,-3.452968202333980136e-02,8.620789009413690543e-03,2.058095239626659204e-02,-4.192146950741659772e-02,-1.546889304919622267e-02,-1.487055146480056704e-02,3.952995075069888620e-02,-4.909025242343870166e-02,3.989974618673783335e-02,1.551757210517709096e-01,-1.108963204606253361e-01,2.425829468082437226e-02,7.164557515794307829e-02,-1.401832704299105226e-01,4.949901419086727428e-02,2.431990484736545541e-02,-8.884944683706569313e-02,1.194415200166359797e-01,-1.044109922178013822e-01,-1.636680657076832260e-02,-1.064459679916526236e-01,1.886000007466441253e-01,-1.987152434946749258e-01,1.329280173104490648e-01,-3.213003513177027648e-02,1.363793852585150901e-01,-1.885364455813244855e-01,1.686789918101626040e-01,-8.439189635558473623e-02,3.896532565727018477e-02,-6.762494477820059358e-02,7.045413348119325403e-02,-4.637223784229225348e-02,4.577723482029417805e-03,-2.870222187066112998e-02,5.746854721296616210e-03,1.940361560319630099e-02,-3.714256427190425203e-02,4.069431581807429754e-02
0.000000000000000000e+00,-3.764180239421474616e-02,6.090571567164824313e-02,-6.090571567164785455e-02,3.764180239421514862e-02,-2.232668210042745155e-02,-1.756357917483109682e-02,5.074515016940429890e-02,-6.454379856348313460e-02,5.368890966933735631e-02,-7.924555729588883546e-02,7.225904755258984180e-02,-3.767203763889762080e-02,-1.130441022738926972e-02,5.596295760958414772e-02,-1.651363048305819481e-01,1.506483643273611173e-01,-7.861786900066523864e-02,-2.344198016119678277e-02,1.165477896650835565e-01,-1.159095618941733685e-01,7.249563576641133988e-02,-1.390840811913310630e-03,-7.024520805979572735e-02,1.150499749994709497e-01,6.312419960913012718e-02,-1.241313120964233907e-01,1.377244824310051297e-01,-9.871158155993024763e-02,2.199421161621811782e-02,9.710462603727981756e-02,-8.279525598638845518e-02,3.686091225594369941e-02,2.315304709994252599e-02,-7.432332940677824351e-02,-4.678244699462569267e-02,1.294231068028836584e-01,-1.626285387420487727e-01,1.337153964224793989e-01,-5.372751748868957039e-02,3.783995683377032460e-02,-9.440425361979416785e-02,1.149093342056222711e-01,-9.152295474952303056e-02,3.317791732992516479e-02,-9.670874730234793604e-02,1.376453287449304896e-01,-1.260060729996034801e-01,6.623678015732743785e-02,1.883271139969278085e-02,1.722025614751790390e-01,-1.153601951260220249e-01,1.445415518754564720e-02,9.197288075390765150e-02,-1.632694022906103215e-01,3.741613014026725498e-02,-2.490235556098589417e-02,2.876727557343638619e-03,2.024771259683106478e-02,-3.563821473345461788e-02,1.677545730513050060e-01,-6.234925505331826573e-02,-6.687135920179974879e-02,1.705493871157343910e-01,-2.090833459119209314e-01,1.461032381272748537e-01,-1.397362414902273697e-01,7.999475006407624766e-02,1.030201696499788606e-02,-9.666376366612187965e-02,4.103500943777694393e-02,-1.203755434615117782e-02,-2.155783736428201411e-02,4.691886792550117868e-02,-5.435848565284667755e-02,1.823585336271046631e-01,-3.956778088970288459e-02,-1.183365192881573325e-01,2.310402912082997195e-01,-2.554945246575424100e-01,-5.804814505847737810e-02,3.281482659049004408e-02,4.952640300132845133e-03,-4.082836693015585994e-02,6.110904509801259182e-02,2.341912802333561694e-01,-2.109981168080531932e-01,1.072108443242955622e-01,3.752732672877094611e-02,-1.679313344783677775e-01,6.369391885036682077e-02,1.696089130897455999e-02,-9.113721746778097321e-02,1.305022241939851890e-01,-1.200198168855458186e-01,1.423159245794531624e-01,-1.535954217784125109e-01,1.062066883743946061e-01,-1.825060984392718605e-02,-7.667658133150867528e-02,7.511204438547068596e-02,4.654289357288002825e-03,-8.264284275904014432e-02,1.290646391537526583e-01,-1.261881301374708497e-01,-5.614296719203416136e-02,1.806147678437242804e-02,2.691888386790375690e-02,-6.161714582185184169e-02,7.277975236161063344e-02,9.836188192565514798e-02,-1.386042135584064916e-01,1.259044465957949999e-01,-6.511346036833604023e-02,-2.054865459470766459e-02,-1.258465495456949912e-01,2.079685921653881553e-01,-2.106537011703697726e-01,1.328762561842322942e-01,-4.344597633557724034e-03,6.309317860980853676e-02,-1.263425309034341415e-01,1.413333306166300596e-01,-1.023396017775019262e-01,2.425562345449529256e-02
-2.173422077387628102e-49,-3.652612693827452656e-02,5.910051486352221883e-02,-5.910051486352253802e-02,3.652612693827506779e-02,1.926206100393833553e-01,-1.581413028339505034e-01,6.325739297113869286e-02,5.578869096693869767e-02,-1.535253911435107699e-01,2.176678288239846382e-01,-1.710639897616399452e-01,5.911952086151299468e-02,7.540659560910348280e-02,-1.811299555329611566e-01,-2.143236297194917733e-03,-8.885077494798674161e-03,1.651959367645416607e-02,-1.784418655404301432e-02,1.235290666958150339e-02,-1.463217231053806078e-01,9.612145324657997425e-02,-9.206055295620537912e-03,-8.122574287595589471e-02,1.406320680303759230e-01,4.175346038286140669e-03,-9.041215934483809447e-02,1.421146007779345855e-01,-1.395340950114802303e-01,8.365630754009927006e-02,-8.332833172130370281e-03,-2.920092712483453659e-02,5.558092576312066019e-02,-6.073089988608015161e-02,4.268373441992458911e-02,2.005171168039883989e-01,-7.228949541474397056e-02,-8.355025619335418319e-02,2.074766497043518676e-01,-2.521540149002429176e-01,-1.491211441564915807e-01,1.061908341041313542e-01,-2.269923471769734816e-02,-6.946270081228773929e-02,1.350922455823443113e-01,-8.458563090510345939e-02,1.254369661310137107e-01,-1.183756437405448919e-01,6.609884888133761571e-02,1.142545963329775691e-02,2.493499630137111997e-02,-8.950026082874551481e-02,1.198794677215217208e-01,-1.044687924979208066e-01,4.915458930377570451e-02,-2.182758568516775521e-01,1.874449429416712998e-01,-8.501643184723113589e-02,-4.988546661061128012e-02,1.657328123678498966e-01,-2.271267366541946178e-02,7.814016984611746319e-02,-1.037207770322891298e-01,8.968357273167584798e-02,-4.139029188008565285e-02,-1.268399893429813241e-01,1.088306288689843276e-01,-4.925166718406163296e-02,-2.913975736257652313e-02,9.640078502063498256e-02,-4.339861987016418315e-02,1.259737473590440138e-01,-1.604311850469596901e-01,1.336093629023617502e-01,-5.575330534428116214e-02,-1.001186295293102387e-02,4.258348452633886616e-02,-5.888966237009043286e-02,5.270199077447328129e-02,-2.638394997779031775e-02,-1.577585003153456067e-01,2.117774351414193068e-01,-1.849045877937464943e-01,8.740447258465293412e-02,4.348118038302163646e-02,-1.403257470166259235e-01,6.968456788173439664e-02,2.757374769263151032e-02,-1.142998288456249234e-01,1.573672602878870841e-01,2.374314187652301015e-03,-1.179638480132307911e-02,1.671263736526043889e-02,-1.524523049732093988e-02,7.954663745730547464e-03,-8.057034733162118934e-02,9.864012543890207652e-02,-7.903272828307537912e-02,2.923751514674842455e-02,3.172543502904505430e-02,-5.047423297228886829e-02,8.980010831167441199e-02,-9.482539446942354899e-02,6.363060293646788379e-02,-8.131083806431542091e-03,1.209544688139622959e-01,-3.437623267942406524e-02,-6.533255593347807311e-02,1.400865287516962210e-01,-1.613322089527551850e-01,-1.775618235573107537e-02,-5.401012689042135329e-02,1.051464034011287130e-01,-1.161203276074112695e-01,8.274023345243684824e-02,7.409999884228232747e-02,-4.648367394310853190e-02,1.112165519634733058e-03,4.468415233122302599e-02,-7.341264275003274442e-02,-1.641711977196758376e-01,8.479514355200956643e-02,2.696977337159610355e-02,-1.284331535361366572e-01,1.808394343322042574e-01
-6.849465775026248021e-25,-8.773435331849653573e-02,1.419571656503208212e-01,-1.419571656503206825e-01,8.773435331849789576e-02,-1.778852920131237039e-02,-5.746856101356431767e-02,1.107746142058078365e-01,-1.217685298620898998e-01,8.625100587115890061e-02,1.830237833509054668e-02,8.305855473474757500e-02,-1.526939429523574698e-01,1.640054348384007710e-01,-1.126724249558852253e-01,5.875992344418882324e-02,1.350498198722722143e-01,-2.772751221720773374e-01,3.135907520369283774e-01,-2.301253731813130143e-01,3.612937600088370754e-02,3.985170261131227437e-02,-1.006107853355414361e-01,1.229399676964128968e-01,-9.831026097306846956e-02,-5.228793292968748202e-02,-9.715450966812925332e-03,6.800786281002502154e-02,-1.003235825620465288e-01,9.431910364852211237e-02,4.361758335592529068e-02,-1.271848560865223021e-01,1.621718366463331118e-01,-1.352146876252392771e-01,5.661012370950453676e-02,9.543589691038947831e-02,-3.696156971432210808e-02,-3.563082083506741160e-02,9.461344887251918467e-02,-1.174569552335189976e-01,2.263573535470284059e-02,3.870928943525959315e-02,-8.526868134131039556e-02,9.925833515086399106e-02,-7.533467859951679946e-02,-1.230098225675634593e-01,1.190686281515263428e-01,-6.964726477542970695e-02,-6.376986521418555320e-03,7.996544571288517755e-02,-4.243949664487824819e-02,3.191310897243451739e-02,-9.196998359199522188e-03,-1.703205303277337962e-02,3.675543906441604280e-02,3.522272313556863016e-02,-7.269847571102945605e-02,8.240588149518517092e-02,-6.063704142107682882e-02,1.570691250135176215e-02,5.002357998326411453e-02,-1.047860176638117369e-01,1.195237581425294404e-01,-8.860748547392249819e-02,2.384616501194125257e-02,-2.155775963638502726e-02,-9.446304973428652774e-02,1.744021847874341058e-01,-1.877256129640203774e-01,1.293442375472602102e-01,-1.620060439956709508e-01,7.367347129256997251e-02,4.279986337510453820e-02,-1.429251049473398150e-01,1.884578142753372820e-01,4.003551156060580068e-02,-6.338343273036571579e-02,6.252103692076835251e-02,-3.777773001932449581e-02,-1.395385731684310867e-03,-8.571235399903207042e-02,5.437973000982609939e-02,-2.275897455910080337e-03,-5.069725057125541723e-02,8.430577201637043383e-02,-1.234248533985245894e-01,2.930210567211448749e-02,7.601305047910231205e-02,-1.522938049358620316e-01,1.704035021831705188e-01,-1.379352876323155716e-02,-8.160756524103336684e-02,1.458373430623487732e-01,-1.543622126628249880e-01,1.039259636047416557e-01,4.213822744207997018e-02,-1.050518005546654254e-01,1.278391564347446663e-01,-1.017962996498660982e-01,3.687071632770757418e-02,3.394708613011621773e-02,-1.231071091692535896e-01,1.652444007624803701e-01,-1.442639477150488847e-01,6.817956999170715626e-02,-9.242222093697556595e-02,3.331844656019165157e-02,3.851184195023797663e-02,-9.563191580503985212e-02,1.162238482315851723e-01,-1.050239270495390703e-01,1.018020670583153625e-01,-5.969527757581129246e-02,-5.213078972794248263e-03,6.813021653982873072e-02,2.368903705101077853e-02,6.995241570336800663e-02,-1.368744232542238870e-01,1.515150533125041721e-01,-1.082820828126609125e-01,1.262014849291533958e-01,-9.804977933349399988e-02,3.244639062186657069e-02,4.555041649505766482e-02,-1.061485127125840339e-01
0.000000000000000000e+00,1.041000905156597989e-01,-1.684374846862789488e-01,1.684374846862788933e-01,-1.041000905156608258e-01,2.026881730504772466e-03,3.369508168701529360e-02,-5.654666915379889802e-02,5.779935095442727960e-02,-3.697464521814786825e-02,4.457451899494746517e-02,-8.025171039558733066e-02,8.527547608042657101e-02,-5.772690830937081408e-02,8.128623629584429480e-03,3.119950506667517817e-02,-1.157388839288860105e-02,-1.247256026498409602e-02,3.175491482836383106e-02,-3.890797123716730616e-02,6.525184246807053806e-03,7.431767648726679554e-02,-1.267737107681245201e-01,1.308064964155074006e-01,-8.487564638145639329e-02,-1.989604188982835864e-01,1.610226400645040357e-01,-6.157968568432452272e-02,-6.138461561073162154e-02,1.609020801288345293e-01,6.862317246002309912e-02,-5.564288432056369721e-02,2.140890560272903920e-02,2.100254739341170934e-02,-5.539174113559839491e-02,-5.156052123677536125e-02,-1.706745741615171364e-03,5.432209385686466441e-02,-8.618824845885232622e-02,8.513342158038089691e-02,6.345914512283028740e-03,-4.884349477384979793e-02,7.268452016113408076e-02,-6.876252930284157405e-02,3.857558940327423386e-02,1.635233721744835944e-01,-7.198758455082689134e-02,-4.704501360323908032e-02,1.481080155620685401e-01,-1.925987895824863849e-01,-9.291875640797690739e-02,-1.292441939320354734e-02,1.138309062710388952e-01,-1.712578559235403697e-01,1.632701254536826629e-01,-4.355302756551223536e-02,1.553155059829176843e-02,1.842245079948762534e-02,-4.533970214793556219e-02,5.493872831566838644e-02,-2.875088630589842098e-02,-6.398256488389576779e-02,1.322768509754365107e-01,-1.500458759191652391e-01,1.105024761335226813e-01,-3.346390679509862048e-02,2.642674625718742162e-02,-9.295466861101036454e-03,-1.138636493462848349e-02,2.771899233364029727e-02,7.427257824137295517e-02,-1.425221020098512426e-01,1.563330269586482024e-01,-1.104300491733950645e-01,2.234654598322656158e-02,1.316388245832806614e-01,-1.601911807142739619e-01,1.275559505103928126e-01,-4.619868267884028740e-02,-5.280491170055746225e-02,-1.043232005931500200e-01,6.905081878953775454e-02,-7.403371159333723035e-03,-5.707191262240685070e-02,9.974766558535107241e-02,5.689611197663654168e-02,-1.515574864074158978e-01,1.883290522800604716e-01,-1.531653212507786133e-01,5.949764340149515246e-02,-7.001413111908616482e-02,9.408540809680990269e-02,-8.221925702695714877e-02,3.894814430256933468e-02,1.919983574666385764e-02,-1.386116036807942820e-01,-2.885834919612991628e-02,1.853053935393483009e-01,-2.709720758492079606e-01,2.531366351867872511e-01,1.904083529209716630e-01,-9.053340335760273749e-02,-4.392222917116671288e-02,1.616010630182126429e-01,-2.175537834104143975e-01,-1.097221667893238939e-01,8.957196884075344090e-02,-3.520832323426247024e-02,-3.260370516082469056e-02,8.796222634365676030e-02,9.476673427744455869e-02,-1.580232654438312734e-01,1.609202802239194374e-01,-1.023512174376288580e-01,4.687468380094244463e-03,-3.947355974243587327e-03,3.493160773792299695e-02,-5.257317262739568536e-02,5.013357246961800545e-02,-2.854465160590301948e-02,-1.835340454231199070e-01,1.068950229004043684e-01,1.057426514206808756e-02,-1.240045433063224206e-01,1.900693006869716983e-01
0.000000000000000000e+00,-5.020348941709133067e-02,8.123095223069913551e-02,-8.123095223069926041e-02,5.020348941709121271e-02,-1.825759749063169957e-01,1.385210927909807099e-01,-4.155586138826775772e-02,-7.128229663298274454e-02,1.568930401365876137e-01,-2.816889370941986354e-02,2.659461675776013737e-02,-1.486210012241332389e-02,-2.547233615490462726e-03,1.898361068956547562e-02,1.898442207973821683e-01,-1.759403256895347989e-01,9.483320616001063297e-02,2.249697486051031869e-02,-1.312340761283690427e-01,2.206831283212094541e-01,-2.326378295083574854e-01,1.557327868923158998e-01,-1.934311284615538445e-02,-1.244349728590124216e-01,-1.018691950359197282e-02,-9.385843612600846403e-03,2.537353348187216043e-02,-3.166939597575185728e-02,2.586862561007156544e-02,-1.300846520555704877e-01,1.513900872928566343e-01,-1.148696547440845733e-01,3.447291835903877610e-02,5.909130114775964365e-02,-8.528203061755603928e-03,-7.051762425973263221e-03,1.993819434757065218e-02,-2.520891370269524520e-02,2.085068484285489132e-02,1.280406426225337221e-02,-9.673747844355003178e-02,1.437204638453707384e-01,-1.358071169371596887e-01,7.602006727308431577e-02,1.074982457257339513e-01,3.674228804485968163e-03,-1.134432728138364543e-01,1.798808424033267461e-01,-1.776100441197109858e-01,8.752292350504611504e-03,4.148085086840346686e-02,-7.586971893784702492e-02,8.127893308993537624e-02,-5.564235737099711143e-02,-5.929900263985181386e-02,1.113184977826478794e-01,-1.208181103490519187e-01,8.416931121865295351e-02,-1.537069601239762426e-02,5.119163262264519315e-02,-5.232219190942868220e-02,3.346745225270592733e-02,-1.829283352311826755e-03,-3.050760961360955009e-02,-1.924138123880590467e-01,1.320345886211889141e-01,-2.122263969163537892e-02,-9.769563626913038701e-02,1.792974997276366722e-01,-1.029884891226873767e-01,2.007604872971698318e-01,-2.218488029221239444e-01,1.581984161943029987e-01,-3.412161144666175233e-02,-1.218569867674516166e-02,3.046598429397606375e-02,-3.710929941162977030e-02,2.957812345273689095e-02,-1.074910965833974184e-02,-8.634262725407265693e-02,9.696106009514646185e-02,-7.054366356509622626e-02,1.718098524411548755e-02,4.274424547990526846e-02,3.336059588619722655e-02,3.040044329984779858e-02,-8.254954641841544261e-02,1.031675285610351989e-01,-8.437902132866469118e-02,-1.190608434027105589e-01,1.954483718561255690e-01,-1.971812653063303167e-01,1.235976173542269879e-01,-2.803880501312073364e-03,-1.105288057301192645e-01,7.999637311488369540e-02,-1.890804494648193682e-02,-4.940251373066629342e-02,9.884299129238248438e-02,-2.792023391130047175e-02,1.741790003280662552e-02,-2.625203544291384097e-04,-1.699313317660202868e-02,2.775798740952491531e-02,-1.548122313800517902e-01,1.097429918664863668e-01,-2.275565948702659019e-02,-7.292356138005798294e-02,1.407484603806505308e-01,-4.704166961772311001e-02,9.007318568618220833e-02,-9.869980629750060852e-02,6.962645558620463027e-02,-1.395816535716214862e-02,1.202104490947095289e-01,1.093161816806200847e-03,-1.219792220695057883e-01,1.962733654129255045e-01,-1.955977542549347525e-01,8.106622118143554101e-02,-1.764380077870652264e-01,2.044164723253535099e-01,-1.543147922957099905e-01,4.527010657598557614e-02
0.000000000000000000e+00,-6.669415321458704859e-02,1.079134067520966661e-01,-1.079134067520968604e-01,6.669415321458750656e-02,-6.644825428054108862e-02,3.392641140280572287e-02,1.155416751449170332e-02,-5.262144715296227654e-02,7.358912251620661205e-02,-1.195934561254946848e-01,9.505511430086877045e-02,-3.420894961781799359e-02,-3.970387109980735157e-02,9.845116254225061425e-02,-5.289215337291143515e-02,5.438814798892653568e-02,-3.510971865833244915e-02,2.420570135701154667e-03,3.119315390661590512e-02,-1.227767364961348390e-02,-2.327004806853301411e-02,4.992940234434345426e-02,-5.751742196258294304e-02,4.313574133638584801e-02,-8.020491418782282889e-02,1.083157269687451407e-01,-9.505361356375799375e-02,4.548425053091458004e-02,2.145855025192240292e-02,5.592474890089169093e-02,-7.804321725515822594e-02,7.035182920934779371e-02,-3.578843357629384742e-02,-1.244492727878713720e-02,5.137234692423917753e-02,5.739957824057319953e-04,-5.230109160957145675e-02,8.405094809060080496e-02,-8.369619918767563782e-02,-1.509146263742932037e-01,1.342608150950292401e-01,-6.632393580672914235e-02,-2.694643269207589592e-02,1.099241797780687174e-01,1.596558766036629828e-01,-1.784309070226808014e-01,1.290513956025080289e-01,-3.037863735778558241e-02,-7.989772782570359055e-02,2.041236935261332014e-02,2.241705767436931798e-02,-5.668393059750966717e-02,6.929946864834221620e-02,-5.544496507781437183e-02,1.403107184483095571e-01,-3.524228700805789177e-02,-8.328750022799361052e-02,1.700042932149662678e-01,-1.917852244272244544e-01,8.586650619855540345e-02,-8.367168817194130248e-02,4.951712915972630163e-02,3.551290166183951064e-03,-5.526323735252590408e-02,5.624367417196230595e-02,-4.592846419537506553e-03,-4.881229256004051414e-02,8.357279485048875467e-02,-8.641133004287161745e-02,6.780210588741153455e-02,-3.671987873695135157e-02,-8.388094028247619974e-03,5.029209997548859945e-02,-7.298623309769840251e-02,1.482017119573170727e-01,-1.668949202760022787e-01,1.218399415989569190e-01,-3.024624641841357903e-02,-7.290048686185966742e-02,6.585155789055771591e-02,6.950641123298850754e-02,-1.783152937015612116e-01,2.190137946900570787e-01,-1.760564701120422293e-01,-2.532775466175479079e-02,-3.583467155826314948e-02,8.330947121871269678e-02,-9.896288445839529491e-02,7.681583945969995553e-02,2.521933064096763544e-01,-1.371651007268414879e-01,-3.025551136334343402e-02,1.861195464597402427e-01,-2.708922407792310749e-01,-7.028344753694543146e-02,1.325786386659980054e-01,-1.442332960068311298e-01,1.007957365824790480e-01,-1.885763170470120681e-02,1.589308421179774222e-01,-2.333335604683502151e-01,2.186107894358410852e-01,-1.203861271462881577e-01,-2.382194393918128303e-02,-5.027111633073259866e-02,1.078563853609105228e-01,-1.242441810869281266e-01,9.317492254213598224e-02,-2.651601048538612670e-02,-1.371006417799807420e-01,7.410388260680249306e-02,1.719804102384105485e-02,-1.019308975232930126e-01,1.477296156726292387e-01,1.920907832261460335e-01,-1.127857038786624078e-01,-9.599680905390022695e-03,1.283183138647364940e-01,-1.980237123068297467e-01,-1.278164353667352315e-01,1.508354099476368615e-01,-1.162403846355664766e-01,3.724548325807033877e-02,5.597592679659318948e-02
3.703015515252413138e-12,3.703751806336961278e-12,3.701810841429374920e-12,3.701282774284801127e-12,3.703093600458753019e-12,-1.864559046296055400e-01,-1.864559046296039857e-01,-1.864559046296039857e-01,-1.864559046296058176e-01,-1.864559046296047073e-01,-1.152360864679080193e-01,-1.152360864679076446e-01,-1.152360864679059377e-01,-1.152360864679057156e-01,-1.152360864679067148e-01,1.152360864619164510e-01,1.152360864619150910e-01,1.152360864619165204e-01,1.152360864619171449e-01,1.152360864619158404e-01,1.864559046318931823e-01,1.864559046318922941e-01,1.864559046318918500e-01,1.864559046318930435e-01,1.864559046318933488e-01,-7.338406343176255217e-03,-7.338406343177594424e-03,-7.338406343178738474e-03,-7.338406343179312667e-03,-7.338406343176288177e-03,-5.931683802825390983e-02,-5.931683802825554741e-02,-5.931683802825524904e-02,-5.931683802825540863e-02,-5.931683802825582497e-02,-2.932141566345531497e-02,-2.932141566345599845e-02,-2.932141566345734460e-02,-2.932141566345590478e-02,-2.932141566345498190e-02,4.119520654997627790e-02,4.119520654997674974e-02,4.119520654997470277e-02,4.119520654997405745e-02,4.119520654997554238e-02,5.478145348491338801e-02,5.478145348491251371e-02,5.478145348491313127e-02,5.478145348491271494e-02,5.478145348491273575e-02,-4.535384547045299627e-03,-4.535384547044457419e-03,-4.535384547044038483e-03,-4.535384547044307366e-03,-4.535384547043394901e-03,1.497960826229713938e-01,1.497960826229696729e-01,1.497960826229694509e-01,1.497960826229715048e-01,1.497960826229709219e-01,9.711445498962925638e-02,9.711445498962831269e-02,9.711445498962718859e-02,9.711445498962616163e-02,9.711445498962877065e-02,-8.977604864045918287e-02,-8.977604864045758692e-02,-8.977604864045972410e-02,-8.977604864045982125e-02,-8.977604864045921063e-02,-1.525991044250953332e-01,-1.525991044250952777e-01,-1.525991044250947504e-01,-1.525991044250962214e-01,-1.525991044250960826e-01,4.535384541052686104e-03,4.535384541053245552e-03,4.535384541054242151e-03,4.535384541053860512e-03,4.535384541053971534e-03,1.518959084708388363e-01,1.518959084708384200e-01,1.518959084708371154e-01,1.518959084708384200e-01,1.518959084708389473e-01,8.934144964596800464e-02,8.934144964596872629e-02,8.934144964596840710e-02,8.934144964596692218e-02,8.934144964596761607e-02,-9.667985598544291681e-02,-9.667985598544344417e-02,-9.667985598544366621e-02,-9.667985598544304171e-02,-9.667985598544243109e-02,-1.490928866724166024e-01,-1.490928866724157142e-01,-1.490928866724164914e-01,-1.490928866724177126e-01,-1.490928866724171298e-01,7.338406345465837803e-03,7.338406345466636643e-03,7.338406345466600214e-03,7.338406345466165666e-03,7.338406345466614092e-03,-5.591924843594977407e-02,-5.591924843594878874e-02,-5.591924843595030142e-02,-5.591924843595017652e-02,-5.591924843594905936e-02,-4.189840250423263607e-02,-4.189840250423306628e-02,-4.189840250423176871e-02,-4.189840250423177564e-02,-4.189840250423266382e-02,3.002461161401044978e-02,3.002461161400990508e-02,3.002461161401074816e-02,3.002461161401014447e-02,3.002461161400982875e-02,6.045463298070599678e-02,6.045463298070555269e-02,6.045463298070497676e-02,6.045463298070498370e-02,6.045463298070584413e-02
5.706064938745332422e-32,5.498715587006842763e-16,1.826562963157981932e-16,-1.636295987829026554e-16,-4.984994753618660876e-16,5.163381624571703040e-04,5.163381624573894213e-04,5.163381624555187389e-04,5.163381624560555274e-04,5.163381624566798110e-04,3.191145340876226058e-04,3.191145340860926881e-04,3.191145340858836540e-04,3.191145340860379901e-04,3.191145340879300314e-04,-3.191145340879797962e-04,-3.191145340865916922e-04,-3.191145340861264068e-04,-3.191145340871474000e-04,-3.191145340867758981e-04,-5.163381624573870361e-04,-5.163381624565531762e-04,-5.163381624558331575e-04,-5.163381624559923184e-04,-5.163381624566748236e-04,2.090141287302027875e-03,2.090141287300689536e-03,2.090141287300748083e-03,2.090141287300539916e-03,2.090141287300861274e-03,1.782619375218940094e-01,1.782619375218941205e-01,1.782619375218933155e-01,1.782619375218922608e-01,1.782619375218942870e-01,1.080817950016411400e-01,1.080817950016386836e-01,1.080817950016389611e-01,1.080817950016399187e-01,1.080817950016394885e-01,-1.114637146457823080e-01,-1.114637146457817529e-01,-1.114637146457813782e-01,-1.114637146457822248e-01,-1.114637146457813643e-01,-1.769701591650538197e-01,-1.769701591650527650e-01,-1.769701591650521821e-01,-1.769701591650509054e-01,-1.769701591650520989e-01,1.291778356842280704e-03,1.291778356842185511e-03,1.291778356842568018e-03,1.291778356841681791e-03,1.291778356840067848e-03,1.096555981264837193e-01,1.096555981264833030e-01,1.096555981264845381e-01,1.096555981264829421e-01,1.096555981264844826e-01,6.647910834202426511e-02,6.647910834202527819e-02,6.647910834202401531e-02,6.647910834202605534e-02,6.647910834202439001e-02,-6.856924962932429979e-02,-6.856924962932714473e-02,-6.856924962932611778e-02,-6.856924962932572920e-02,-6.856924962932524348e-02,-1.088572351960252343e-01,-1.088572351960230417e-01,-1.088572351960244711e-01,-1.088572351960240270e-01,-1.088572351960244017e-01,-1.291778356841245508e-03,-1.291778356842378933e-03,-1.291778356841053388e-03,-1.291778356841819268e-03,-1.291778356841844855e-03,-1.104910508230280558e-01,-1.104910508230281252e-01,-1.104910508230275978e-01,-1.104910508230268068e-01,-1.104910508230280558e-01,-6.699544650448227556e-02,-6.699544650448045757e-02,-6.699544650448188698e-02,-6.699544650448140126e-02,-6.699544650448148453e-02,6.908558779178312903e-02,6.908558779178160247e-02,6.908558779178244902e-02,6.908558779178300413e-02,6.908558779178210207e-02,1.096926878925678778e-01,1.096926878925685994e-01,1.096926878925669063e-01,1.096926878925676557e-01,1.096926878925674059e-01,-2.090141287301813637e-03,-2.090141287301601133e-03,-2.090141287300434098e-03,-2.090141287300420654e-03,-2.090141287300489176e-03,-1.779428229878072254e-01,-1.779428229878066980e-01,-1.779428229878065593e-01,-1.779428229878061707e-01,-1.779428229878073364e-01,-1.078845713732704131e-01,-1.078845713732698997e-01,-1.078845713732689698e-01,-1.078845713732699413e-01,-1.078845713732688866e-01,1.112664910174113175e-01,1.112664910174134686e-01,1.112664910174125527e-01,1.112664910174125804e-01,1.112664910174112343e-01,1.766510446309661475e-01,1.766510446309652316e-01,1.766510446309653148e-01,1.766510446309652871e-01,1.766510446309653148e-01
-1.962041312523340186e-01,-1.962041312523335468e-01,-1.962041312523322700e-01,-1.962041312523334635e-01,-1.962041312523347403e-01,-6.063041092706189517e-02,-6.063041092706149965e-02,-6.063041092706296376e-02,-6.063041092706253354e-02,-6.063041092706263069e-02,1.587324765475364441e-01,1.587324765475364441e-01,1.587324765475342514e-01,1.587324765475355837e-01,1.587324765475364718e-01,1.587324765518847991e-01,1.587324765518853542e-01,1.587324765518842440e-01,1.587324765518859371e-01,1.587324765518858261e-01,-6.063041092002607185e-02,-6.063041092002590532e-02,-6.063041092002442040e-02,-6.063041092002448285e-02,-6.063041092002542654e-02,-6.063041092368248730e-02,-6.063041092368268853e-02,-6.063041092368133544e-02,-6.063041092368216811e-02,-6.063041092368272322e-02,-1.873582735242998107e-02,-1.873582735243103231e-02,-1.873582735243128905e-02,-1.873582735242943637e-02,-1.873582735243131681e-02,4.905103281252994746e-02,4.905103281253113401e-02,4.905103281252916336e-02,4.905103281253100217e-02,4.905103281253039155e-02,4.905103281385995301e-02,4.905103281386129915e-02,4.905103281386095221e-02,4.905103281386084119e-02,4.905103281386218733e-02,-1.873582735027808782e-02,-1.873582735027829946e-02,-1.873582735027648841e-02,-1.873582735027839660e-02,-1.873582735027744250e-02,1.587324765496252177e-01,1.587324765496249956e-01,1.587324765496243295e-01,1.587324765496244960e-01,1.587324765496250789e-01,4.905103281590977166e-02,4.905103281591009778e-02,4.905103281591035452e-02,4.905103281591078473e-02,4.905103281591033371e-02,-1.284172710861067879e-01,-1.284172710861058164e-01,-1.284172710861057054e-01,-1.284172710861054278e-01,-1.284172710861067879e-01,-1.284172710896335778e-01,-1.284172710896335778e-01,-1.284172710896322178e-01,-1.284172710896332448e-01,-1.284172710896318848e-01,4.905103281020292694e-02,4.905103281020401634e-02,4.905103281020380124e-02,4.905103281020301714e-02,4.905103281020445349e-02,1.587324765497962753e-01,1.587324765497958590e-01,1.587324765497951096e-01,1.587324765497956647e-01,1.587324765497973578e-01,4.905103281594849068e-02,4.905103281594944825e-02,4.905103281595071113e-02,4.905103281594970499e-02,4.905103281595082215e-02,-1.284172710862540590e-01,-1.284172710862535038e-01,-1.284172710862518108e-01,-1.284172710862523381e-01,-1.284172710862525879e-01,-1.284172710897634462e-01,-1.284172710897625858e-01,-1.284172710897626135e-01,-1.284172710897632796e-01,-1.284172710897642511e-01,4.905103281026997747e-02,4.905103281027024809e-02,4.905103281026915868e-02,4.905103281026989420e-02,4.905103281027001216e-02,-6.063041092340568788e-02,-6.063041092340602095e-02,-6.063041092340458460e-02,-6.063041092340499399e-02,-6.063041092340467481e-02,-1.873582735236744429e-02,-1.873582735236683020e-02,-1.873582735236561589e-02,-1.873582735236680244e-02,-1.873582735236593508e-02,4.905103281229186707e-02,4.905103281229341444e-02,4.905103281229281076e-02,4.905103281229340750e-02,4.905103281229323403e-02,4.905103281365009310e-02,4.905103281365073148e-02,4.905103281364982248e-02,4.905103281365076617e-02,4.905103281364971146e-02,-1.873582735017017761e-02,-1.873582735017130171e-02,-1.873582735017092701e-02,-1.873582735016961209e-02,-1.873582735017081599e-02
3.704642108925876072e-22,-9.610858301763200413e-16,-2.169046162625055816e-16,-2.130993861018619195e-16,7.995969474020473128e-16,7.344618094654305901e-03,7.344618094653694411e-03,7.344618094653079451e-03,7.344618094652903377e-03,7.344618094652977970e-03,4.539223616882979810e-03,4.539223616883737017e-03,4.539223616884712799e-03,4.539223616883662424e-03,4.539223616882555670e-03,-4.539223616883832427e-03,-4.539223616884138605e-03,-4.539223616883767375e-03,-4.539223616884279985e-03,-4.539223616883171497e-03,-7.344618094653237311e-03,-7.344618094654525343e-03,-7.344618094653929466e-03,-7.344618094654318911e-03,-7.344618094652827917e-03,-1.864451487527908624e-01,-1.864451487527906126e-01,-1.864451487527893636e-01,-1.864451487527880313e-01,-1.864451487527883367e-01,-5.337812521223491563e-02,-5.337812521223592871e-02,-5.337812521223570666e-02,-5.337812521223639362e-02,-5.337812521223472134e-02,1.534556531158804138e-01,1.534556531158806358e-01,1.534556531158819959e-01,1.534556531158811632e-01,1.534556531158798864e-01,1.482189346036632827e-01,1.482189346036627275e-01,1.482189346036627275e-01,1.482189346036635047e-01,1.482189346036644206e-01,-6.185131375451836944e-02,-6.185131375451741187e-02,-6.185131375451712044e-02,-6.185131375451934088e-02,-6.185131375451927843e-02,-1.152294389667538610e-01,-1.152294389667539720e-01,-1.152294389667542218e-01,-1.152294389667545549e-01,-1.152294389667545549e-01,-4.033411373156512575e-02,-4.033411373156341184e-02,-4.033411373156214896e-02,-4.033411373156242652e-02,-4.033411373156326613e-02,9.030158577454495961e-02,9.030158577454357183e-02,9.030158577454308610e-02,9.030158577454477919e-02,9.030158577454483471e-02,9.614356297824513953e-02,9.614356297824451503e-02,9.614356297824537545e-02,9.614356297824519504e-02,9.614356297824581954e-02,-3.088159605447279854e-02,-3.088159605447104300e-02,-3.088159605447278813e-02,-3.088159605447325651e-02,-3.088159605447387407e-02,1.152294389667549573e-01,1.152294389667554292e-01,1.152294389667538194e-01,1.152294389667527508e-01,1.152294389667528340e-01,2.845027202002496994e-02,2.845027202002554934e-02,2.845027202002609404e-02,2.845027202002640629e-02,2.845027202002523362e-02,-9.764620386919772854e-02,-9.764620386919845019e-02,-9.764620386919926898e-02,-9.764620386919761752e-02,-9.764620386919678485e-02,-8.879894488359139915e-02,-8.879894488359169058e-02,-8.879894488359056648e-02,-8.879894488359130200e-02,-8.879894488359280080e-02,4.276543776600946062e-02,4.276543776601025859e-02,4.276543776600918306e-02,4.276543776601057778e-02,4.276543776600989083e-02,1.864451487527896689e-01,1.864451487527904461e-01,1.864451487527904461e-01,1.864451487527888918e-01,1.864451487527889473e-01,5.791734882911987042e-02,5.791734882911949572e-02,5.791734882911870469e-02,5.791734882911870469e-02,5.791734882911824672e-02,-1.506502586381105457e-01,-1.506502586381097686e-01,-1.506502586381099351e-01,-1.506502586381095188e-01,-1.506502586381101572e-01,-1.510243290814329287e-01,-1.510243290814330952e-01,-1.510243290814330952e-01,-1.510243290814338724e-01,-1.510243290814338724e-01,5.731209013763527427e-02,5.731209013763501059e-02,5.731209013763470528e-02,5.731209013763579468e-02,5.731209013763615551e-02
-1.148405407312915500e-12,-1.124814590983787832e-01,-6.951736482582941690e-02,6.951736482768694492e-02,1.124814590976665890e-01,-1.324190236152333888e-01,1.523011064368380851e-01,2.265462839174161858e-01,-1.228780295089075721e-02,-2.341405637881285307e-01,-3.286096476834973745e-02,1.754458464042039090e-01,1.412924610311409590e-01,-8.812230313283869743e-02,-1.957550395341567662e-01,7.330094638968034926e-02,-2.641812802934319013e-02,-8.962824743096245439e-02,-2.897517523507681797e-02,7.172060430570115219e-02,9.197904199505069212e-02,-1.888473657133226125e-01,-2.086931326917666751e-01,5.986791649111820185e-02,2.456935399189167368e-01,1.462719898923534739e-02,-9.618382771554606636e-03,-2.057168645886238781e-02,-3.095618665927041442e-03,1.865848890711041541e-02,-4.288594681227651806e-02,4.927455918411467045e-02,7.333929916872737598e-02,-3.948379586743433478e-03,-7.577953195382024221e-02,3.102724553252413781e-04,9.358273186608628141e-03,5.473458450005738891e-03,-5.975489828495046500e-03,-9.166514263443763938e-03,9.716737039040307389e-02,9.242011165917105031e-02,-4.004860014097357673e-02,-1.171715077481474826e-01,-3.236737416045239873e-02,-2.537805240822468139e-02,-6.348079008135019963e-02,-1.385523349474621080e-02,5.491778485953109634e-02,4.779629112479066161e-02,-8.387546346927521324e-02,5.584334388721374359e-02,1.183885480370219928e-01,1.732480267841666338e-02,-1.076812311333753824e-01,6.571428998718506498e-02,-1.279505418609467871e-01,-1.447920737362174415e-01,3.846411899038296861e-02,1.685642066195945643e-01,1.650028588860191076e-02,-8.406907924677362032e-02,-6.845783426601709243e-02,4.175981087416761467e-02,9.426681675001970240e-02,8.700230912682474504e-02,1.233364762699535599e-01,-1.077617473934787927e-02,-1.299965185275797908e-01,-6.956609212985168100e-02,-7.288715688226352074e-02,5.498483373026628873e-02,1.068696529933294698e-01,1.106424418551824052e-02,-1.000315740268508113e-01,4.343548185127771299e-02,1.215628461121002202e-01,3.169448881517249184e-02,-1.019745747682693493e-01,-9.471824201028068713e-02,1.533006958247356555e-01,-9.877899026465891685e-02,-2.143494691826904608e-01,-3.369626716074305972e-02,1.935240307833538953e-01,-1.311309376478681302e-02,-1.237657733050056691e-01,-6.337836078162145670e-02,8.459579219070981204e-02,1.156614356607026384e-01,-1.673109173291405238e-01,-8.648772995781835171e-02,1.138585606053860166e-01,1.568561903220871412e-01,-1.691610364051402207e-02,-2.876643123316178705e-02,1.653246146356699697e-01,1.309426622549832719e-01,-8.439759878469174637e-02,-1.831032468727999962e-01,2.581278262991212533e-02,-5.530634812938040740e-02,-5.999398556750304423e-02,1.822802592809295158e-02,7.125952513887866269e-02,-4.371001538441113971e-02,2.515386650465304547e-02,5.925595983276550627e-02,1.146833070799411873e-02,-5.216814166100119249e-02,2.916350018920854312e-02,2.303073296096723802e-02,-1.492972443350796576e-02,-3.225781010354472622e-02,-5.006698613121695306e-03,-9.015970857776869907e-02,-1.028507299419627596e-01,2.659446170589910979e-02,1.192870111887169987e-01,4.712896562511813964e-02,3.505259852859892583e-02,3.201870742873629688e-02,-1.526394906180169632e-02,-4.145234675147618786e-02,-1.035501014405675047e-02
-8.177668620660404853e-35,4.059164045795359693e-02,2.508701346213121353e-02,-2.508701346213178945e-02,-4.059164045795416592e-02,-2.608513195583350361e-02,2.018142475012933354e-02,3.855793839281204671e-02,3.648691712752589068e-03,-3.630292289985887627e-02,-1.593830854252169249e-02,-1.252471403767441323e-02,8.197609567865894731e-03,1.759111537711632520e-02,2.674297635214036278e-03,1.230017707128462125e-02,2.858714751220906361e-02,5.367651732666259452e-03,-2.526975630164840503e-02,-2.098522001451379876e-02,2.972326342707160007e-02,-7.683549868261631277e-02,-7.721021315547428598e-02,2.911696267390836632e-02,9.520548573711115625e-02,2.547932019784727997e-02,-6.874002462478213948e-02,-6.796299180346822288e-02,2.673658571310949181e-02,8.448711051729351773e-02,-1.925129039438929768e-01,-1.959716949960595145e-01,7.139573560340167768e-02,2.400966862507631638e-01,7.699217708579042529e-02,5.641034480204006746e-02,-1.298475182102294123e-01,-1.366605244107824413e-01,4.538666920398159998e-02,1.647110286149922609e-01,-1.127676538026822356e-01,-1.005881588695517054e-01,5.060075275552386453e-02,1.318611439287961928e-01,3.089391598791257215e-02,-7.893629617051313441e-02,-2.240770692596054381e-01,-5.955094873138458422e-02,1.872725588813060893e-01,1.752917552801988021e-01,4.366516652788059866e-02,-9.506235196543606769e-02,-1.024169310930256455e-01,3.176520752649059087e-02,1.220489090040885877e-01,-1.022228599408235156e-01,-8.578884061195202193e-02,4.920244058718910990e-02,1.161976212242804563e-01,2.261163874130216883e-02,9.042279754511657608e-02,3.729972679908756528e-02,-6.737029861219548388e-02,-7.893686117365342203e-02,1.858463544164364739e-02,-5.466330657670284698e-02,-1.161884326233518505e-01,-1.714509388410420665e-02,1.055921818626656267e-01,8.240465122149230603e-02,-6.308661631002970838e-02,5.542329980503630377e-02,9.734009935821788528e-02,4.736190066634700727e-03,-9.441297291985731310e-02,-4.002703505664386568e-02,-3.880161029634648234e-02,1.604632107527444521e-02,4.871878211526103203e-02,1.406354216245837147e-02,1.359014208483287078e-01,7.546841599877111839e-02,-8.925937468397283914e-02,-1.306337433680270499e-01,8.523281204900930164e-03,-7.389128803349258312e-02,3.529226726377717588e-02,9.570310874255136269e-02,2.385550676814830046e-02,-8.095959474098295139e-02,4.505193435079477698e-02,-2.754776594449338811e-02,-6.207739001861854039e-02,-1.081817101989694663e-02,5.539139263221386222e-02,1.884978664557006994e-02,1.599052915749060999e-01,7.997711852868352733e-02,-1.104767140018997756e-01,-1.482554827472573888e-01,-2.911745166908537991e-02,1.620123464286098436e-01,1.292465883590870612e-01,-8.213356189272721930e-02,-1.800079212258863248e-01,1.849194749922189185e-01,1.861106948591119692e-01,-6.989673989942905841e-02,-2.293092558197693531e-01,-7.182417413213404433e-02,-5.700354577114472715e-02,6.978023818503920062e-02,1.001301047125624094e-01,-7.896430175589323752e-03,-1.050103669508665599e-01,1.100788489573064494e-01,2.157372099251866904e-01,2.325407941452988306e-02,-2.013653984699180499e-01,-1.477047398271060241e-01,9.344986240790353893e-02,8.558397656227857697e-02,-4.055605600004198730e-02,-1.106489976199492714e-01,-2.782878535019225538e-02
0.000000000000000000e+00,1.128340702194932377e-01,6.973529048464013891e-02,-6.973529048463671109e-02,-1.128340702194933626e-01,1.322008668319622215e-01,2.047146174018015519e-01,-5.680275283718806516e-03,-2.082252205925935740e-01,-1.230099883574485159e-01,9.296545297917396811e-02,-6.762903767989275616e-02,-1.347624968917966182e-01,-1.565876580803804083e-02,1.250848474005554767e-01,-9.452414275762432982e-02,-2.017361372460123037e-01,-3.015564681952418238e-02,1.830989225588082470e-01,1.433170042643526210e-01,-1.306421770535108051e-01,-4.818351269538670434e-02,1.008631285104008846e-01,1.105203543264635935e-01,-3.255779308796569183e-02,2.868487654514233556e-02,-3.291529399539263462e-02,-4.902764698399052906e-02,2.614541770855445188e-03,5.064352266338464220e-02,7.767690884945090135e-02,2.356285816834421259e-02,-6.311426162932205763e-02,-6.256961703011890141e-02,2.444411164164317710e-02,-1.760240068662160054e-02,-1.072073814715453210e-01,-4.865540490767061160e-02,7.713668750221694403e-02,9.632849956361960730e-02,8.339998569366639802e-02,-6.533923718009725101e-02,-1.237818550699568837e-01,-1.116215644364974835e-02,1.168832630000373324e-01,-9.799039487754238054e-02,-6.813122124317738670e-02,5.588298445422103938e-02,1.026688050286678477e-01,7.569826637831841148e-03,-5.255683836559283360e-03,1.857727060258661592e-02,1.673706848716091308e-02,-8.233193405486937191e-03,-2.182546184770360609e-02,-5.563656219383138549e-03,-1.634877276005317626e-01,-9.547731618123125874e-02,1.044795010459109719e-01,1.600491989552327854e-01,-6.794968250499837381e-02,1.702080788503785441e-02,7.846912029393438015e-02,3.147577552391878086e-02,-5.901602119789051137e-02,1.415630784492839245e-01,1.045121760787385973e-01,-7.697100139440997413e-02,-1.520828710885982760e-01,-1.702138204501141283e-02,-4.172420423883502205e-02,-4.765088862405187503e-02,1.227433547503542846e-02,5.523684513694350484e-02,2.186391225091036117e-02,6.814373615009844572e-03,-7.666932138087810544e-02,-5.419862012278339053e-02,4.317273200165356456e-02,8.088083588699612747e-02,-1.529318825222568956e-01,-1.806975815815737574e-01,4.125463541993720784e-02,2.061943484645792357e-01,8.618048021931282165e-02,-7.120439311301181295e-02,1.145957462232190111e-01,1.420284592451198646e-01,-2.681733103995486214e-02,-1.586024813153698587e-01,5.558013100824938345e-04,1.634002093460479588e-01,1.004310818346217243e-01,-1.013303872453283072e-01,-1.630567052454227339e-01,1.956962490606658778e-01,5.039930905140947021e-02,-1.645477630573860817e-01,-1.520954193936379650e-01,7.054762433894788687e-02,-3.024356632359378322e-02,-2.182672544580760432e-02,1.675390813497255535e-02,3.218121011761444078e-02,3.135173516815369359e-03,-5.138223693977559542e-02,1.159078336119595820e-01,1.230172176743344337e-01,-3.987901188777596972e-02,-1.476638024587406672e-01,6.379102332545810716e-02,4.321986504318405670e-02,-3.707967773958673746e-02,-6.613636617814142027e-02,-3.794844450913078919e-03,-1.309947226954090160e-01,-8.370109986768153008e-04,1.304774214492682716e-01,8.147649221876790415e-02,-8.012217997395397473e-02,7.466052710922409241e-02,1.135663135112070510e-01,-4.472685382273213633e-03,-1.163305850984370921e-01,-6.742357013972430368e-02
3.015043618395105707e-01,9.316997168615340219e-02,-2.439221526066039647e-01,-2.439221526060737499e-01,9.316997168701156296e-02,6.799775354905780722e-02,2.101246142671609612e-02,-5.501133820005130182e-02,-5.501133820096203164e-02,2.101246142524008237e-02,-2.187499344694395220e-01,-6.759744726875507870e-02,1.769724145046215891e-01,1.769724145037472607e-01,-6.759744727016955834e-02,-2.187499344690372327e-01,-6.759744726952605920e-02,1.769724145037415430e-01,1.769724145039738017e-01,-6.759744726915130342e-02,6.799775354991033360e-02,2.101246142541271164e-02,-5.501133820171059952e-02,-5.501133820068630081e-02,2.101246142706902562e-02,6.799775354961748453e-02,2.101246142609676515e-02,-5.501133820099329136e-02,-5.501133820092569265e-02,2.101246142620576823e-02,-1.070638385329877179e-02,-1.070638385294773488e-02,4.089474735573614232e-03,1.323381823566747301e-02,4.089474735005324893e-03,-2.329249292164366908e-02,-7.537609045984132450e-02,-2.329249292162521856e-02,6.098053815156197210e-02,6.098053815155039803e-02,-2.329249292127543239e-02,6.098053815193636013e-02,6.098053815143111150e-02,-2.329249292209232408e-02,-7.537609045999983659e-02,-1.070638385323301536e-02,4.089474735051720940e-03,1.323381823562957450e-02,4.089474735502786340e-03,-1.070638385295456796e-02,-2.187499344696351433e-01,-6.759744726921154689e-02,1.769724145045344921e-01,1.769724145041496888e-01,-6.759744726983483998e-02,-2.329249292139740080e-02,-7.537609046036664040e-02,-2.329249292219753159e-02,6.098053815173128805e-02,6.098053815222656548e-02,1.326674601563654909e-01,-5.067446057890571259e-02,-1.639859991556974483e-01,-5.067446057842654034e-02,1.326674601566613654e-01,1.326674601566351086e-01,1.326674601567722211e-01,-5.067446057862697723e-02,-1.639859991559314001e-01,-5.067446057884898020e-02,-2.329249292192288323e-02,6.098053815179491077e-02,6.098053815199184352e-02,-2.329249292160449208e-02,-7.537609046025843529e-02,-2.187499344691497538e-01,-6.759744726896114997e-02,1.769724145042038121e-01,1.769724145036949692e-01,-6.759744726978485219e-02,-2.329249292106354979e-02,6.098053815120660359e-02,6.098053815076782957e-02,-2.329249292177432845e-02,-7.537609045914009376e-02,1.326674601562519151e-01,1.326674601558306965e-01,-5.067446057882667859e-02,-1.639859991551134988e-01,-5.067446057814527921e-02,1.326674601556660504e-01,-5.067446057891343558e-02,-1.639859991550019769e-01,-5.067446057798861286e-02,1.326674601562380096e-01,-2.329249292175464281e-02,-7.537609045924785478e-02,-2.329249292114763878e-02,6.098053815126302374e-02,6.098053815088821245e-02,6.799775354966088037e-02,2.101246142592325117e-02,-5.501133820114353923e-02,-5.501133820084536108e-02,2.101246142640599696e-02,-1.070638385330173296e-02,4.089474735390402280e-03,1.323381823590789701e-02,4.089474735337410814e-03,-1.070638385333416882e-02,-2.329249292153444048e-02,6.098053815167188418e-02,6.098053815152736784e-02,-2.329249292176769140e-02,-7.537609045989514256e-02,-2.329249292199008295e-02,-7.537609046026937099e-02,-2.329249292154374901e-02,6.098053815203961087e-02,6.098053815176344983e-02,-1.070638385300260592e-02,-1.070638385301413663e-02,4.089474735235258153e-03,1.323381823552395586e-02,4.089474735254220415e-03
0.000000000000000000e+00,9.720420564543880149e-02,6.007550293831494942e-02,-6.007550293831549065e-02,-9.720420564543862108e-02,-4.339855840451255220e-02,4.435001694225376018e-02,7.080837627645869548e-02,-5.880337152102228186e-04,-7.117180109898986473e-02,-9.273456157197017269e-02,-9.680395101130477575e-02,3.290642960170365311e-02,1.171412429535628186e-01,3.949084002800776899e-02,-3.436050680522458739e-02,-8.263814571092829853e-02,-1.671267601139609857e-02,7.230914389292039668e-02,6.140218463462711329e-02,1.704936267817053486e-01,3.788787413454032527e-02,-1.470776328050818205e-01,-1.287868501929574083e-01,6.748298208179123736e-02,-7.705142678079105779e-03,1.240827872736708914e-01,8.439252263203089743e-02,-7.192533989073142398e-02,-1.288448273368892893e-01,2.060352771480712664e-02,-5.743950948964297171e-02,-5.610309687652906274e-02,2.276588874582159347e-02,7.017318990554481661e-02,6.016096381265808452e-02,1.922923540856557034e-01,5.868224678900858804e-02,-1.560247310338396254e-01,-1.551108336534806342e-01,-4.158240584832706421e-02,-2.991124335964949130e-02,2.309624080629420900e-02,4.418550519029219165e-02,4.211903211391816726e-03,8.383313742530658363e-02,8.953482812395816004e-02,-2.849757046781988337e-02,-1.071472952698667575e-01,-3.772309981157904307e-02,8.821169967335901196e-02,-1.299754667450749718e-02,-9.624462528856764232e-02,-4.648490298832555490e-02,6.751537527804055139e-02,-1.462257475390114653e-03,-1.471440511493851966e-01,-8.947776737728324603e-02,9.184374967276547064e-02,1.462403263292895994e-01,1.067446045346665262e-01,2.265736211783442866e-01,3.328559430769217203e-02,-2.060019925604494040e-01,-1.606018274602547535e-01,6.242448209251146019e-02,2.399142991036961811e-02,-4.759696296919134484e-02,-5.340797078660089459e-02,1.458902175291113337e-02,-2.231613514324649050e-01,7.254440311250952061e-05,2.232061863392810486e-01,1.378764652538053692e-01,-1.379938445637355626e-01,3.888336870383526239e-02,-8.965794862947600030e-02,-9.429502831844314981e-02,3.138041615854353372e-02,1.136891920855404581e-01,-8.723340559725949184e-03,6.318556056205751337e-02,4.777416458529312043e-02,-3.365950306421672950e-02,-6.857688152340975229e-02,-8.112051606811570073e-03,-8.072969312218178373e-02,-4.178164264404617828e-02,5.490721786236040652e-02,7.571616951067955403e-02,8.069215091785097993e-02,7.427958715871944839e-02,-3.478484138344999088e-02,-9.577780142696673549e-02,-2.440909526615188049e-02,-1.354973048478305686e-01,-5.757350363705441426e-02,9.991492274871505153e-02,1.193243218790802918e-01,-2.616843614290987469e-02,-1.193899256991136082e-01,-1.186314976151265771e-01,4.607162803666400852e-02,1.471053296588278880e-01,4.484446561875023857e-02,3.298062872482117325e-02,9.704798313471653393e-02,2.699832339206178350e-02,-8.036210163916225613e-02,-7.666483361243646433e-02,-6.605895516854333460e-02,-2.413323311305124452e-01,-8.309262805435817245e-02,1.899782627783669076e-01,2.005056515750484603e-01,-6.717372035680874154e-02,1.427837200148859148e-02,7.599823955774465123e-02,3.269112313035413969e-02,-5.579401433277695471e-02,1.043318920732824451e-01,-6.992174302455857193e-02,-1.475459058150953850e-01,-2.126664167006025660e-02,1.344023984364325075e-01
0.000000000000000000e+00,5.650859052641054453e-02,3.492422960167283763e-02,-3.492422960167261559e-02,-5.650859052641142577e-02,3.336068859283604360e-02,3.602556043626668064e-02,-1.109566777945860012e-02,-4.288306025185158188e-02,-1.540752099779513912e-02,1.027386137170490932e-01,4.208159501978238348e-02,-7.673075769401509205e-02,-8.950381125721847131e-02,2.141436021439832929e-02,-6.245360319726035031e-02,-7.489903787039017824e-02,1.616345206869307383e-02,8.488860062437242338e-02,3.630058837458566279e-02,-7.364569911262612567e-02,-5.971670811207203250e-02,3.673874380310835491e-02,8.242250048636691473e-02,1.420116293522079819e-02,-1.388950144010251408e-01,1.546498525203361951e-01,2.344738796137514347e-01,-9.737025444986315004e-03,-2.404916922880757368e-01,-1.705644529351328931e-01,-3.694777323905006072e-02,1.477294732647758124e-01,1.282496088568011450e-01,-6.846685594739326808e-02,-2.072000049969342436e-02,6.885282526328087571e-02,6.327338673385862755e-02,-2.974772167844004153e-02,-8.165848981900507286e-02,-2.239447957539652534e-01,4.548183658857635203e-02,2.520541166364742569e-01,1.102961744970962915e-01,-1.838873319681781637e-01,-8.874427213849385432e-02,-5.712020289758241998e-02,5.344204530349753318e-02,9.014920332345448262e-02,2.273226409122533747e-03,-9.062445582305678204e-02,2.401785579407069576e-02,1.054683070406848278e-01,4.116514269298207629e-02,-8.002684970468269821e-02,-1.559023745745960997e-02,6.264999466761335574e-03,1.946222006741813934e-02,5.763314031433692738e-03,-1.590029610815203720e-02,-9.844537684428199265e-02,-6.145822772045476251e-02,6.046210322470920578e-02,9.882586254463103514e-02,6.156387953987824862e-04,-7.912229165785411014e-04,8.320675059928339667e-02,5.221582288037142361e-02,-5.093559730866856206e-02,-8.369575325440610503e-02,2.282581409659208138e-02,-2.341255205826496891e-03,-2.427278939013105888e-02,-1.266015363904346609e-02,1.644838413840587696e-02,5.033944530326623507e-02,-1.551947299634705291e-01,-1.462550632955531005e-01,6.480412982005147315e-02,1.863062181357059977e-01,5.487305062588950649e-02,2.380049806723817662e-02,-4.016353387115891016e-02,-4.862292710792254224e-02,1.011291228595491767e-02,-1.260679938616025564e-01,-5.745920003298545659e-02,9.055625527483886217e-02,1.134260436867476629e-01,-2.045510506699934131e-02,1.486779500947357779e-01,4.162457237017334888e-02,-1.229525496027876752e-01,-1.176134270281547350e-01,5.026345416603227034e-02,5.480302678249680814e-02,9.753873662521025945e-02,5.479227671607009298e-03,-9.415238769205845626e-02,-6.366860338725717494e-02,1.791800249208153339e-01,-7.998156887734712839e-02,-2.286113529605555417e-01,-6.130801746637394578e-02,1.907209143834657783e-01,9.792095117386813430e-02,-2.914328473121746352e-02,-1.159324916815752810e-01,-4.250693552846052797e-02,8.966176076738710532e-02,1.424947574885291335e-01,7.983007470376059581e-03,-1.375609875393924708e-01,-9.300037329572097278e-02,8.008359587620700326e-02,1.385116717730698888e-01,-9.541412168764225321e-02,-1.974808419827495665e-01,-2.663575078464538656e-02,1.810190426819681675e-01,8.476113037203007738e-02,2.163942959027032389e-02,-7.138722738808202239e-02,-6.575916247872228004e-02,3.074582990450576078e-02
7.428198487311441316e-46,9.549607483055645718e-02,5.901982003748589001e-02,-5.901982003748729860e-02,-9.549607483055669310e-02,-6.738252389466334313e-02,2.484587523257869232e-02,8.273811926863523791e-02,2.628909464067936963e-02,-6.649056524723304107e-02,-8.110888521154158148e-02,-8.309975982042246828e-03,7.597303760894280611e-02,5.526389545294344702e-02,-4.181807186830328871e-02,5.847911374970250764e-02,-1.420461312692113121e-01,-1.462684508445049603e-01,5.164725716551414603e-02,1.781882111984990080e-01,9.001229535650033531e-02,3.001415718811711181e-02,-7.146252607056188810e-02,-7.418042722164903957e-02,2.561650074759374771e-02,-2.027115971676531070e-01,-1.535610366178454811e-01,1.078056571901579441e-01,2.201885969408840515e-01,2.827837965446088758e-02,7.597134490788778893e-02,-6.495347892169182902e-02,-1.161148025690422747e-01,-6.809415662959177225e-03,1.119063522458088461e-01,-9.490498213541262440e-02,-8.161080956384474464e-03,8.986115671942865313e-02,6.369833007737342456e-02,-5.049342370500170540e-02,-7.928192843010742341e-02,-1.895830917575715147e-01,-3.788686596836226411e-02,1.661677208619105894e-01,1.405841652941275111e-01,6.539334381538958185e-02,2.877911060791272721e-02,-4.760687529370705856e-02,-5.820177763760014250e-02,1.163619850800673775e-02,-1.295514932484503889e-01,-1.833040285079404752e-01,1.626337335576474863e-02,1.933553460135312152e-01,1.032368023870945534e-01,1.157999655414054668e-01,2.940918536830841243e-02,-9.762408940234607035e-02,-8.974419073971647010e-02,4.215912923234832466e-02,7.317060348119758251e-02,-3.713672044826283464e-02,-9.612235894892594279e-02,-2.227016446099135127e-02,8.235864037698394091e-02,-1.082860615383058611e-01,1.135326108650614590e-01,1.784530738844285758e-01,-3.242545807590046375e-03,-1.804570774035976766e-01,-1.804323633226091045e-02,-3.257587520241125856e-02,-2.089761756105798073e-03,3.128433140874881807e-02,2.142454188202802187e-02,1.521812647102891436e-01,5.651973243221603688e-02,-1.172501490321279510e-01,-1.289843097200631672e-01,3.753346160968477202e-02,-6.873967388408172563e-02,1.051725039420432252e-02,7.523969209589273510e-02,3.598343662413426569e-02,-5.300070523015069923e-02,7.220425399358709750e-02,-6.425702197241454916e-02,-1.119172775883871124e-01,-4.911659505565603781e-03,1.088817050727812763e-01,5.955587285623252514e-03,1.783593678572153174e-01,1.042765642620813449e-01,-1.139129069131858130e-01,-1.746786124917339145e-01,-9.469121000900367069e-02,-7.106450078597761899e-02,5.077093312972596334e-02,1.024426631006958993e-01,1.254211456455870365e-02,1.800818257058161564e-01,1.848492578630142880e-01,-6.583870155128057622e-02,-2.255398131968657793e-01,-7.355256882068550439e-02,-5.564911267055049071e-02,1.811679266003696567e-04,5.576108060686008755e-02,3.428107513785985661e-02,-3.457421100077365944e-02,3.063900987217085814e-02,1.178647993591047660e-01,4.220544220894240084e-02,-9.178040156375788516e-02,-9.892884987645911288e-02,1.231332889330870733e-01,3.973724430450822215e-02,-9.857432133364184279e-02,-1.006595253066507878e-01,3.636331340270209517e-02,-4.267119283062507235e-02,4.484710819235744605e-02,7.038822999064786590e-02,-1.344789650192211583e-03,-7.121935570218550227e-02
2.035676482021283256e-23,-8.077533120794595789e-02,-4.992190013903862605e-02,4.992190013904174856e-02,8.077533120794533339e-02,1.906214349347339077e-01,1.199116518893660749e-01,-1.165119584199609537e-01,-1.919200022887165291e-01,-2.101126115424304698e-03,-8.097585123750503794e-03,1.283745030251418062e-01,8.743739128216251877e-02,-7.433522332514094777e-02,-1.333790858584131545e-01,-7.991760622744970011e-02,-1.000508016743609750e-02,7.373412662380549043e-02,5.557527655173729458e-02,-3.938671678065686077e-02,-1.026062435835332076e-01,-1.575057435391255256e-01,5.262340653030857587e-03,1.607580489230780452e-01,9.409159754654998487e-02,-1.027483111356327361e-01,-7.869468611679782122e-02,5.411232038144914852e-02,1.121379393226587251e-01,1.519273754832915768e-02,2.093550030278496649e-02,6.108996888307545448e-02,1.682017683862889121e-02,-5.069452790001915954e-02,-4.815111812447003120e-02,-8.335084762937096381e-02,6.029043887234725174e-02,1.206123880491282718e-01,1.425211640630443151e-02,-1.118040956984120288e-01,-1.975260412412437050e-02,-9.183301491917923720e-02,-3.700332038530480816e-02,6.896370522445778584e-02,7.962523420414747977e-02,-3.200284133228260830e-02,1.281389073411073054e-01,1.111970413503607646e-01,-5.941535633815609591e-02,-1.479177510210277768e-01,-5.862808414145931693e-03,2.496649376003284501e-02,2.129295013775831663e-02,-1.180672685414018049e-02,-2.858990862950272840e-02,-2.472184236884691078e-01,-8.266567171290183091e-02,1.961282288670546103e-01,2.038795833060605689e-01,-7.012371677174387974e-02,7.288983224349525336e-02,-5.791789229528929855e-02,-1.086850582387386410e-01,-9.253167765514174262e-03,1.029662860560461440e-01,4.576371297678497041e-02,-1.006848731342052661e-01,-1.079903867266951006e-01,3.394314367886096251e-02,1.289684032052525464e-01,7.280551525041192851e-02,2.387418055760957281e-01,7.474503513113392450e-02,-1.925468333747497596e-01,-1.937455225828924044e-01,9.387799976534712265e-02,9.108322479264073512e-02,-3.758547103854951998e-02,-1.143123233776391356e-01,-3.306343014180140177e-02,-1.234626771157058267e-01,-9.782067228809922244e-02,6.300617683929567170e-02,1.367606310759699739e-01,2.151654148853873044e-02,5.321651866018369675e-02,-7.635835123920643730e-02,-1.004085750509147862e-01,1.430243909579745690e-02,1.092479685341435358e-01,-4.455221345415521367e-03,9.058442599881459667e-02,6.043947546408293126e-02,-5.323077589979504504e-02,-9.333790421768442536e-02,4.244555166751205755e-02,-2.992848945788175591e-02,-6.094237538442696944e-02,-7.735969884848796323e-03,5.616128305964370598e-02,1.473311978443216617e-02,4.342029877207062571e-02,1.210210065838230979e-02,-3.594078922991933434e-02,-3.431472998496996191e-02,1.591241655666541799e-01,-5.152767714422136621e-04,-1.594426241250190834e-01,-9.802568419329418803e-02,9.885941952309895697e-02,-3.465791815055836028e-02,-5.438869836299289190e-02,1.043853958363765702e-03,5.503383558855391711e-02,3.296892696663702299e-02,5.836171872020481932e-02,1.119385422220075116e-01,1.082010502411102394e-02,-1.052513495552623440e-01,-7.586901641105808780e-02,1.935801799789192354e-02,-1.794464799201959948e-01,-1.302620417500991445e-01,9.894011067467660403e-02,1.914103929977246932e-01
0.000000000000000000e+00,1.639306038087487705e-01,1.013146849500995983e-01,-1.013146849500987240e-01,-1.639306038087481043e-01,-2.522115056101580793e-02,7.843661139087840239e-02,7.369764236294683302e-02,-3.288896351984237076e-02,-9.402413967296395503e-02,-1.679695290967992902e-02,-7.826939533110588432e-02,-3.157619368384503161e-02,5.875423439913977919e-02,6.788830752549204761e-02,7.766801142474864805e-02,-9.903785043137568189e-02,-1.388767691640664104e-01,1.320728684020828873e-02,1.470393213304849178e-01,-3.564990795405435786e-02,-6.505996943714274783e-02,-4.559364465131660396e-03,6.224212723059359409e-02,4.302711462573172857e-02,1.056371403933086400e-01,7.354289305659481024e-02,-6.018513285333304541e-02,-1.107393507773832830e-01,-8.255549819186441818e-03,-5.420914407970346509e-03,1.637082007561475594e-01,1.065981467123611054e-01,-9.782692295016078010e-02,-1.670585101103771730e-01,1.175928190400456208e-01,1.281655859170426071e-02,-1.096717502115677756e-01,-8.059742782814034723e-02,5.985980040795929602e-02,4.955512509182053577e-02,1.213900837602353427e-01,2.546807256920243304e-02,-1.056499492845197341e-01,-9.076333213673663802e-02,-8.780279804080790007e-03,4.859713030371399373e-02,3.881495808748106763e-02,-2.460816693374848901e-02,-5.402364165336962648e-02,-1.438791802840347182e-02,-1.954044684362799267e-01,-1.063786850188238875e-01,1.296588254161277209e-01,1.865122460673799554e-01,1.576986425251069093e-02,7.328129987141233925e-02,2.952046980779454016e-02,-5.503664616633113793e-02,-6.353498776538864246e-02,1.685473938548802675e-01,6.978422170840903327e-02,-1.254183729606264674e-01,-1.472970390117863404e-01,3.438379640912338914e-02,-1.414206179594481860e-01,5.213764989118696569e-02,1.736434576857446288e-01,5.517990888265861954e-02,-1.395403985001383018e-01,4.494954219314615390e-02,1.195300817921264441e-01,2.892411103244266202e-02,-1.016539980797016851e-01,-9.174973693801311003e-02,-4.648314048666497833e-02,-1.030334275549996126e-01,-1.719501971972541010e-02,9.240632093098592736e-02,7.430526683040440672e-02,1.540666201683857719e-02,-1.368153921525819550e-01,-9.996322455128138496e-02,7.503472175485190188e-02,1.463372329321699916e-01,-8.415082995383892095e-02,5.849177616335324986e-02,1.203007356851416160e-01,1.585816736168186789e-02,-1.104998492563387669e-01,-5.875957965067022531e-02,-7.085828634186322125e-03,5.438029671628574063e-02,4.069470032315675861e-02,-2.922958875458344513e-02,1.005286237616508510e-01,6.911408735155938343e-02,-5.781376867695692950e-02,-1.048449614116432754e-01,-6.983981024609449244e-03,-4.476608187823843954e-02,6.096439912593947658e-02,8.244415264178305003e-02,-1.001111061963196915e-02,-8.863135926985005186e-02,-5.344613003630813760e-04,-1.786107198658582473e-01,-1.098530343318220998e-01,1.107178108814822898e-01,1.782804046165617218e-01,-1.851924300314054528e-01,-6.282316113236088850e-02,1.463655811708949317e-01,1.532820650791050232e-01,-5.163205508623486956e-02,7.295706109355228064e-02,-6.740405458585949083e-02,-1.146150578071671311e-01,-3.431946761503516016e-03,1.124939980609773876e-01,-1.010479781966648755e-01,-1.721813300102608135e-01,-5.365935977838342044e-03,1.688649991945009865e-01,1.097302449902617938e-01
0.000000000000000000e+00,-5.802892610369087337e-03,-3.586384866273039599e-03,3.586384866274065688e-03,5.802892610368370029e-03,7.797096749080954792e-02,2.322017181949687092e-02,-6.362011208174701837e-02,-6.253956345409436568e-02,2.496853622553683177e-02,8.363980401069241732e-02,1.304094803578219330e-01,-3.042312694346733896e-03,-1.322897330073345423e-01,-7.871723866683322246e-02,-8.760229567417901486e-02,-3.997779273880996270e-02,6.289466096639574622e-02,7.884883092694283668e-02,-1.416340348035014136e-02,-7.400847582732172913e-02,-1.078489668281387287e-01,7.354148675972313302e-03,1.123940806682103277e-01,6.210921331127854800e-02,4.935186037950409915e-02,1.003330360860258674e-01,1.265736611613000988e-02,-9.251035361820698910e-02,-6.983190896345529974e-02,1.004990749873762440e-01,-9.993202154889305189e-02,-1.622604608690777217e-01,-3.504582984199632717e-04,1.620438657290158013e-01,2.303024569780232900e-01,1.058257145895659529e-01,-1.648985684779256111e-01,-2.077386346051270649e-01,3.650903151546252418e-02,-1.539067138705556455e-02,-4.673007417285541393e-02,-1.349010274857304244e-02,3.839273216250812387e-02,3.721811614597429763e-02,2.324479432422040248e-01,-3.342526794611594410e-02,-2.531058949159759042e-01,-1.230027778649159520e-01,1.770859974848049967e-01,-3.263301950498335990e-02,2.612714968980043434e-02,4.878048604243676034e-02,4.020848672163691503e-03,-4.629546489942130277e-02,-2.330324780753887520e-02,2.176557266572314107e-03,2.464843417674297474e-02,1.305701282411739737e-02,-1.657875645989371344e-02,8.805252310589877993e-03,-1.219516962821943912e-01,-8.417554559869008801e-02,6.992834808063726204e-02,1.273936414896578162e-01,7.063440686625541143e-02,2.062542175151884857e-02,-5.788719519151425130e-02,-5.640167589327447356e-02,2.302904246701568264e-02,1.461516425929247631e-01,8.042890226705018408e-02,-9.644384731404354039e-02,-1.400344779129339412e-01,9.897780367005582294e-03,3.659551116846850027e-02,-9.971818703754094237e-02,-9.822474005419015719e-02,3.901195914792913305e-02,1.223354567753323213e-01,-4.136654160971187100e-02,7.826263904403074623e-02,8.973551258818732168e-02,-2.280304226663568481e-02,-1.038285677558673098e-01,-1.775289417459963992e-01,-1.428594967990597653e-01,8.923691710846984315e-02,1.980109446233529746e-01,3.314057681323453325e-02,1.056263896037972910e-01,7.797737236084908985e-02,-5.743372313138738611e-02,-1.134733653564964084e-01,-1.269667347676328370e-02,-9.298145187380897625e-02,7.893133773897442751e-02,1.417637013739904694e-01,8.683448081143024452e-03,-1.363970353202998420e-01,-5.331435204299187630e-02,-2.093910612791953160e-02,4.037327276189472958e-02,4.589116093184208989e-02,-1.201097552282505941e-02,-1.138002530609340951e-01,-3.727346581205574858e-03,1.114966261858971880e-01,7.263605119503326046e-02,-6.660507773879047189e-02,-1.452185715533090560e-01,2.857599813386716911e-02,1.628795096624913175e-01,7.208907490846999666e-02,-1.183260111515212903e-01,-7.326782940882087258e-02,-1.189492720070276996e-02,6.591636010508153398e-02,5.263347816031969245e-02,-3.338708165587831594e-02,-2.116096581339972360e-01,-1.808600523176900551e-02,2.004318921800559150e-01,1.419597270284975732e-01,-1.126959558427867436e-01
0.000000000000000000e+00,4.145077356247587469e-02,3.044380410081612767e-02,-1.780965070209767839e-02,-3.662495638324495678e-02,-1.802962050919081904e-01,7.494200242433830816e-02,2.244302684326825448e-01,6.158089022887655584e-02,-1.885538265562017868e-01,2.259146081374326619e-03,7.776080574488822283e-02,9.756001234894162710e-02,3.429493531700575359e-02,-2.460423919365797157e-02,-1.056144979010980312e-01,-9.228805215760335634e-02,2.006456772015373022e-02,7.617585978620795839e-02,-1.498074442055092031e-03,3.777729178114896252e-02,1.507307531743051487e-01,1.028083087426914927e-01,-3.976285213317040657e-02,-7.995423093837640549e-02,5.140561315925964991e-02,-1.625037817549059294e-01,-1.539488412618933155e-01,6.524779764867973120e-02,1.921638302221409245e-01,1.760865901171198428e-02,-5.400072287806312321e-02,-6.010176736680629406e-02,7.736961662053148947e-03,5.576464644422125805e-02,2.156936965800279882e-01,9.531733138684937712e-02,-1.119601934355697603e-01,-1.196883836865928752e-01,8.281285688916552312e-02,-2.908132432004685228e-02,-5.920184012060751566e-02,-4.295638711999365950e-02,-2.795629202416814209e-03,5.779631203996569988e-03,1.417107492542897355e-02,4.691558829369764372e-02,5.531704029758350433e-02,2.776490982256660245e-02,2.335304722650533450e-03,7.130061516972059643e-02,-5.759100245107768440e-02,-1.438995788899482264e-01,-6.834959502898703410e-02,6.465143928546039642e-02,-1.004590472709154247e-01,-3.501386287038467382e-02,3.480506465863585086e-02,1.251035052910037977e-02,-7.108746810143345973e-02,8.356570852947482753e-02,-1.600509676376622378e-02,-8.352864877383560371e-02,-2.568969366393576703e-02,7.758029847783201594e-02,-3.522202473416295720e-02,-2.013357754495431196e-01,-1.595546887755086851e-01,3.238119359133070918e-02,1.092230058807053122e-01,1.243597277341531165e-01,5.021957253363161511e-02,-8.772503703413356280e-02,-9.883933911133362116e-02,3.223625401149789876e-02,3.986307286949530154e-02,9.575937172417424426e-02,4.571183346000944753e-02,-4.111554509517724443e-02,-4.473027793217645293e-02,9.589764321105480327e-02,1.664871717479721744e-03,-7.548479456178551483e-02,-2.893313904950899768e-02,7.698703256891914481e-02,-3.673009796932841936e-02,-6.272445984727474666e-02,7.129113002852609238e-02,1.801116814720896686e-01,1.133508910629120875e-01,1.290424387222549596e-01,3.557457683699845417e-03,-1.337900434688124585e-01,-9.319048641237137609e-02,6.924892092920713338e-02,1.448484995359518301e-01,-6.860682933805895001e-02,-1.182544373315779218e-01,6.451698234230480999e-02,2.271235398663534188e-01,9.111330015149947392e-02,-4.733618720284693548e-02,-1.616612374938116714e-01,-9.386851698482286122e-02,6.235473877052119529e-02,-8.873482739557313204e-02,-3.658555868818137019e-02,1.782268535406998297e-02,-7.004392670062983307e-04,-6.655660390293458017e-02,7.107992343051232342e-02,-4.826929685161482353e-02,-9.527003394282990145e-02,-4.968866679374693389e-03,9.784106100444667220e-02,-5.129626203594195993e-02,-2.045406179672664415e-01,-1.497479510721159979e-01,3.736013533466619324e-02,9.820662540885102820e-02,1.058730644331455639e-01,6.149571486414147359e-02,-6.655613250473722819e-02,-1.013191769319113505e-01,5.247927428548396743e-03
0.000000000000000000e+00,-8.542808201713469538e-03,4.432464616911379468e-02,8.554133807067801354e-02,5.814720019885209756e-02,-1.673351936952780991e-02,8.435752457993968279e-02,8.789127508264084343e-02,-1.101579094839446812e-02,-7.567746998580579532e-02,8.065425236208964566e-02,4.642013582823813211e-02,-8.500048490149055003e-02,-1.319887788012203966e-01,-2.960852077489504325e-02,2.087963740574018401e-02,-5.710592602198256984e-02,2.560458931827476817e-02,1.547080624532950754e-01,1.517878815761399547e-01,9.543131345390341380e-04,-1.849190961688587376e-01,-1.671770498138180072e-01,2.966154716697459379e-02,1.335724440439059191e-01,-1.435650179337491228e-01,6.127498795320025435e-03,1.662659137617372718e-01,1.155443803864440594e-01,-7.594166616741589160e-02,-9.565936063815359824e-02,1.515933326998136245e-02,9.335978347100722108e-02,3.087162572264924923e-02,-8.594862986122481230e-02,1.255461175843129162e-01,4.186112118340405003e-02,-1.634004748201166590e-01,-2.065741213344336746e-01,-2.799530629503715548e-02,7.765587698324161181e-02,6.215276582402876754e-02,1.184377606477377172e-02,-3.745778386912644673e-03,3.692833685174040648e-02,-5.874220649221758433e-02,-5.377602996756764009e-02,-5.712015657647306205e-02,-6.415311700810696904e-02,-6.515559898748679579e-02,-4.840691537698737362e-03,-2.373427250328815491e-02,4.208768596222991348e-02,1.016614744655940511e-01,7.265814213375410002e-02,1.427543993184866335e-02,2.283983182362717135e-01,1.482156115600669344e-01,-1.154629047802185615e-01,-1.982424833054561852e-01,-8.904038563278137211e-03,5.338497423002382114e-02,1.117350241500935509e-02,-7.720363467513600975e-02,-8.961223741023530143e-02,9.055360443828130990e-02,1.242020906410966526e-02,1.211326408028494004e-03,7.241725132483434191e-02,1.276338157798718731e-01,-6.644767508746168838e-02,-7.954331024369816483e-02,-3.233805476615155688e-02,9.932032722820196419e-03,-1.114887197910637354e-02,-1.643160598748515111e-02,1.114185925660008125e-01,1.145003101609201879e-01,-1.144528217516748228e-02,-9.236565656703094040e-02,-1.172288339284160638e-02,7.662655386434369387e-02,5.770647142951980391e-02,-4.233621984233365554e-02,-8.524592093952901295e-02,-1.469557930615527502e-02,1.043553564645493675e-01,2.575911725755063164e-02,-1.418669657309919729e-01,-1.668693432119246201e-01,6.647421154965610368e-02,2.227153657849665833e-02,8.671819994007555835e-03,4.446940787859381128e-02,8.019325049101759528e-02,-8.114348420484772395e-02,-2.059021012133130657e-01,-1.184436277861772996e-01,6.036729840443712247e-02,8.342005492294923830e-02,1.593442241687377525e-01,9.117101041991608479e-02,-7.004963073327112599e-02,-1.015162529051704676e-01,4.025694623463235006e-02,8.613472628309129173e-03,-2.081495371377505357e-02,-1.911246497162828045e-02,1.136815727857063037e-02,2.850372908529056129e-02,-9.888505255541868433e-02,-5.138180561736026969e-02,1.743731424705411565e-02,1.246662246105826287e-02,-5.942455387469924161e-02,-1.512891306636508504e-01,5.453367173523112482e-02,2.501138415021336159e-01,1.651662315446746077e-01,-8.291444843900959427e-02,3.822708426796072451e-02,4.879195462367015568e-02,-7.666502980085938834e-02,-1.647665806569899860e-01,-9.375934912312673675e-02
-6.648563667781220640e-13,-4.020985914122179872e-02,1.057822789222056248e-01,2.362202414762284153e-01,1.708431976944728425e-01,7.647410374795565735e-02,1.114241757612977890e-01,4.924610939308166763e-02,-2.413212099056762094e-02,-7.304295033765738181e-03,-6.475285728724361478e-02,-7.748300161599765146e-02,1.173974039987734919e-01,2.505702627388187720e-01,1.379952102043866258e-01,5.101786328980197766e-02,5.104222769763194084e-02,8.416843140717246430e-02,1.046171868100893576e-01,8.412900896718611410e-02,2.083673154235105365e-02,3.153153023256563547e-02,5.358577465087663305e-02,5.652124860738069051e-02,3.628122686727511259e-02,-5.230656311705875888e-02,-8.758369426756222598e-02,-3.449257662182457496e-02,3.359666973446327753e-02,2.258702060527521122e-02,5.064080271099719033e-02,6.174820134923286741e-02,-1.189248085558000101e-01,-2.416942681650934288e-01,-1.368969570790610768e-01,-7.192264328030106846e-02,-1.006857139486263958e-01,-5.307565323583460920e-02,5.112053159441926758e-03,-6.536027273669902521e-03,2.890950186398332650e-02,4.650303040890461925e-02,-5.983136374799744722e-02,-1.431431620550138728e-01,-8.829829091572144462e-02,-2.916769228831755240e-02,1.205375751107630455e-02,-7.175050546039150878e-02,-1.647658381782869386e-01,-1.384482123013578425e-01,5.672068167676434791e-02,1.548483656354104898e-01,1.106832398218350749e-01,-1.473999300701579578e-02,-4.809068806056191608e-02,2.096765501341857005e-02,1.754375476283050184e-02,-1.219970304770247663e-02,-2.715827066697182671e-02,-6.659716068162477819e-03,1.276747787850594784e-01,4.821504210617264669e-02,-5.627553885397724304e-02,-4.139453271268665052e-02,7.229301582957754768e-02,-4.549314641299494894e-02,1.103934980793919857e-01,1.584295733612638146e-01,3.223085607922240164e-02,-9.380031581959025200e-02,1.439041865601934644e-01,-2.134432979764266936e-02,-1.610917291701297327e-01,-8.221185546389875309e-02,1.062859868873400199e-01,1.683834941641204341e-01,6.760279061755009034e-02,-6.047465824322141581e-02,-3.885017128498308853e-02,1.025919455052583945e-01,2.838366070073949921e-02,3.443813745312460789e-02,-1.474876086210874515e-02,-5.120241257449074240e-02,-2.454511003156083573e-02,-1.058123342422192387e-02,9.353108125311707099e-02,1.044129709350015561e-01,7.026033942895880402e-03,-6.404429286035558111e-02,1.561999243442440399e-01,5.582373354748385030e-03,-1.136146897235442710e-01,-3.666497507559565022e-02,1.300896270797324283e-01,-5.877989547015177729e-02,8.833374279991720868e-02,1.038027746974521520e-01,-3.375047608688524353e-02,-1.342320922321775245e-01,-4.500427217350112807e-02,-7.073081123540288229e-02,-2.793407228127371689e-02,2.424230606193464657e-02,1.369234233378528731e-02,4.332256294944474007e-02,9.850490738036085658e-02,-8.544453439071569845e-02,-2.543138860477261454e-01,-1.747314432588391031e-01,-8.030271437251182420e-02,-9.137656257725181030e-02,-3.549706942789045833e-02,1.011220481727447690e-02,-1.757920664636133945e-02,3.449371362421770060e-02,1.894483709351183973e-02,-7.900233488387707614e-02,-1.239881397371275507e-01,-5.384372417031983021e-02,-1.389124776609835903e-02,-1.084215323594231277e-02,-9.773226026584404258e-02,-1.544823942265948769e-01,-1.026657988505482594e-01
0.000000000000000000e+00,5.370974804725647117e-02,4.311054967312247244e-02,-1.714986322284474743e-02,-4.379364819452698926e-02,-6.482219056253538114e-02,-4.712307304164440463e-02,1.181410700552831816e-01,2.025808100899138542e-01,8.950329633559843401e-02,-6.955818195828950001e-02,-1.551195694373628253e-01,-8.721610668451013071e-02,4.031192872962972157e-02,5.122512638122744127e-02,1.224841880530114779e-01,1.061593047800487022e-01,4.163569813050485569e-02,1.808279941731384330e-02,6.804991412852764987e-02,-2.497776780466661080e-03,-5.030886389357067806e-02,-4.467612818010307379e-02,6.616181053580512048e-03,3.268383580798483318e-02,1.178605272222127270e-01,3.832266788591152940e-02,-7.236062320512973156e-02,-6.122879974979705819e-02,5.633433659340576077e-02,1.120307223281063330e-01,9.906249678641550205e-02,4.353490085443958296e-02,2.218518479659206330e-02,6.451793055465905591e-02,-1.781861963652055583e-02,5.005838605912703299e-02,-2.496258959545486259e-04,-9.921869288627754857e-02,-1.100769281660835264e-01,3.790706160840563027e-02,1.862239097076705541e-01,1.875945645874901591e-01,4.012482779080545764e-02,-5.238713674136692700e-02,-4.620989954765975655e-02,-1.065609477323267440e-01,-2.383061229198191536e-02,8.765059509549606720e-02,7.381943492749350189e-02,-1.278632162470063338e-01,-3.639679276119146822e-02,1.362591464537670459e-02,-4.692477545389324434e-02,-1.343698673840715563e-01,1.221396055136726808e-03,-3.264932152263060744e-02,-4.061619262537800173e-02,-1.166927217310028894e-02,1.418777963879437089e-02,-1.879897653725837170e-01,-1.253851154256111211e-01,-5.206656650049303059e-02,-6.935786120592299375e-02,-1.533630179684891404e-01,1.086328969661733562e-01,6.621131138892785012e-03,-1.076899317174454251e-01,-7.632628802550139868e-02,5.736857264349441710e-02,-1.088365374563802926e-03,4.405976532994727857e-02,-8.942146570058651101e-02,-2.170655340421519530e-01,-1.624726757090128593e-01,9.098179674983802867e-02,1.219169422429128707e-01,6.446584520762850545e-02,-1.976030944217520725e-03,1.441172835291319558e-02,-1.257284859438259628e-02,9.219430069155706842e-02,2.221773282717746656e-01,1.977441079910320643e-01,5.266051982270188170e-02,6.537212269185603553e-02,-3.581273008167490390e-02,-7.822800152835736320e-02,-3.257228150929533661e-03,8.549252940586772598e-02,1.623663396428173533e-01,1.867336893540571252e-01,1.217339828241968125e-01,5.719460521874177722e-02,8.230678277566083612e-02,1.084945543468796431e-01,1.129464833624208436e-01,1.541162213608888304e-02,-4.932016620533661438e-02,8.208249673439242666e-03,-5.054055987921057813e-02,7.962456727616129548e-02,1.536244603139183713e-02,-1.545188562424123502e-01,-1.952491538559421869e-01,-6.723241393948213573e-02,-1.565208764387305065e-02,4.569652945078461759e-02,3.203173368248139058e-02,-3.776219164631549469e-02,-6.641223916637198355e-02,-1.683450210023560434e-01,-1.928407306768793739e-01,-1.060471299982942706e-01,-2.791002509842343063e-02,8.093369388216763161e-02,5.975376982718264007e-02,-3.979890818235463923e-02,-8.014592280834868798e-02,-5.529071182260173085e-03,-7.722835433918023851e-02,-7.252438116693148140e-02,-7.798039799069646227e-02,-8.605637500322149691e-02,-8.559158646556504213e-02
2.686609924101508506e-34,1.323375511625437817e-01,8.362188552569513322e-02,-7.882360278499643547e-02,-1.305047702432302337e-01,7.836189457800639413e-02,1.736230852843450856e-01,5.072279074109655589e-02,-1.204949592203442416e-01,-1.034130536305438580e-01,1.035426688883085006e-01,-6.912725963412101604e-02,-1.480008032679862862e-01,-2.407740552443274340e-02,1.313850099163223484e-01,-1.368355848755561238e-02,1.217915905557537676e-01,1.053206620134851251e-01,-4.033408069522047279e-02,-1.138827337695503816e-01,2.855644957236070161e-02,4.841362581447300473e-02,1.195756302817409071e-02,-3.043069911186854423e-02,-2.017202305215966621e-02,-4.913959717083782319e-02,-4.141601621255293353e-02,-5.213087473868917125e-03,9.437972020641213766e-03,-1.771010397924050600e-02,3.436362172395507342e-02,4.841029350516794227e-02,-1.325365741669502079e-02,-6.541074674822677792e-02,-3.598164978751345472e-02,1.418113361329796304e-02,-1.891987270965093115e-01,-1.634364758298595954e-01,5.586533178945853745e-02,1.656390514258309909e-01,-1.362224560960869357e-01,-4.364313932759322084e-02,9.502631376840015021e-02,8.814943221459080325e-02,-5.477016741826568752e-02,-6.912392319439847332e-02,-1.501984664023950367e-01,-4.370004763786906193e-02,1.031941381147270659e-01,8.748131889504576209e-02,-1.546612683259959986e-01,-6.577948106602872491e-02,1.299961053962364332e-01,1.621102847373927791e-01,-1.381764737122750074e-02,1.416726720197495071e-01,5.744407442996829483e-02,-7.023455297593227120e-02,-6.491568675992935578e-02,6.605018074906950087e-02,-1.850116873192608757e-02,-1.325301589808862979e-01,-5.098610121727701477e-02,1.134398883101772476e-01,1.335166807083681129e-01,-5.378937473359537286e-02,-1.089428723785764580e-01,1.698074900221416966e-02,1.499593246470028174e-01,1.062209827902346054e-01,4.122674483393508338e-02,3.565120864787682531e-02,5.555671391102935501e-03,-7.468857357216009130e-03,1.457707844564677495e-02,6.776765974662384007e-02,6.662909852194431881e-02,-5.240974425288782990e-02,-1.248412338445072933e-01,-5.056751349307934962e-02,-9.137365980954394173e-02,-1.260908504641492789e-01,7.571032982171484009e-03,1.248958106069297941e-01,6.374462745523476470e-02,2.668698652041864156e-02,-7.743279449583416463e-02,-1.039321366912823730e-01,-1.618984983133566619e-02,6.453720789420817894e-02,-3.318816519821241647e-03,-1.240171584401329602e-01,-8.461615451770541918e-02,6.043334701753574900e-02,1.106778650951185522e-01,-1.950842915677968581e-01,-1.045152511617580410e-01,1.134291473837676784e-01,1.575571529365135393e-01,-3.311463832166684773e-02,-5.777874697952935928e-02,-1.300722483301016419e-01,-2.552654822793926775e-02,1.113797491634251902e-01,9.144679412302708643e-02,-1.079747103063013192e-01,-4.530246768659336454e-02,9.700695721783725300e-02,1.222867761085176530e-01,-4.398861492030600728e-03,-3.930968947429140659e-02,-1.326202123746849371e-01,-4.913825341080675646e-02,9.576695757668668429e-02,1.018413441500562316e-01,-1.103316619782741641e-03,1.108770211956286444e-01,8.124583964292378391e-02,-4.904757549888238283e-02,-9.994215301410883101e-02,9.371507482057375715e-02,-8.543831577339325301e-02,-1.406751172471683020e-01,4.340052606176716954e-03,1.492011579336568750e-01
4.228395133623727020e-46,-4.734898931923540305e-02,-6.898702163281029975e-02,-3.501107173302896169e-02,7.625252418668552849e-03,4.582004290772608707e-02,1.056007854919556593e-01,-5.463542284910384399e-03,-1.338858143729066419e-01,-1.021908156589097783e-01,-4.661982901114882644e-02,4.877160077552692569e-02,6.421798544117886254e-02,-2.162705361881092289e-02,-9.012859018910353293e-02,8.979718078979338769e-02,7.402251253914281237e-02,-9.141387577842806367e-02,-1.778845184840640026e-01,-6.588992638761979881e-02,1.650015963947248365e-01,2.093735346609154960e-02,-1.554495530558167582e-01,-1.203984135281794543e-01,7.765128856622922904e-02,-1.366332693544417831e-01,-1.450768831946770421e-01,9.192744865581818636e-02,2.468477950606290661e-01,1.055895028372087346e-01,-1.068107660914868230e-02,-1.221301663095555878e-02,6.290500417430909541e-02,1.108624342213810066e-01,6.538373519831112979e-02,-3.351064808934205164e-02,1.108994849017852849e-02,1.125006236529323550e-01,1.305752711460681781e-01,4.033534246874686396e-02,6.579574351223424489e-02,1.059511606924764399e-01,3.700091227088526252e-02,-4.576810196664822528e-02,-2.797191755918345540e-02,4.845423528775064104e-02,1.575538342006086584e-02,4.257553543217852676e-02,9.185015282679724613e-02,9.548338914720407022e-02,-1.354596374156255834e-01,-1.194246885412934001e-01,-2.251763512116953386e-02,2.133926876773109896e-02,-4.846272740770675436e-02,-1.665793024633661634e-01,-8.613309703830224207e-02,4.399272786565265603e-02,4.396870504535876217e-02,-8.617196677804556115e-02,-1.375149954647317541e-01,-7.085545304750064111e-02,3.673454763628509340e-02,3.656928249124986874e-02,-7.112285766931775166e-02,-1.207561689719985898e-01,-4.261765764495311498e-02,2.606865334176599464e-03,-4.758135366676297801e-02,-1.238239018232960287e-01,2.655507534017136767e-02,-1.726425246734673846e-01,-1.810869952514223558e-01,1.289163492805038211e-02,1.412214920480583946e-01,2.800792917170693425e-02,-8.572948582564401954e-02,-4.091152848796290875e-02,1.005249074504089568e-01,1.431194747702934644e-01,-1.110203715136218322e-01,-8.793453964926454397e-03,1.604812176974894922e-01,1.628718006706520727e-01,-4.925409461428424500e-03,-6.559097659493430543e-02,9.559899717875744440e-02,1.919339292694382249e-01,9.028221783169526615e-02,-6.887692694210488520e-02,3.259721705186016671e-02,-6.399843465067425741e-02,-3.971167490065070915e-02,7.189401980400381142e-02,1.165833727194962033e-01,3.178788970631325761e-02,2.078567311383130653e-02,5.747428368207362775e-02,9.115130860574129079e-02,7.527624408029776060e-02,-7.418836994800911966e-02,4.530396496377667279e-04,4.263494920380072467e-02,-5.936606578999496439e-03,-7.813738849339452175e-02,7.480260464506995055e-02,5.112631599390352055e-02,-6.022285543654229412e-02,-1.053641393485323929e-01,-2.191381567150368914e-02,-1.199137657407273599e-01,-1.720841527107668523e-01,8.905882159890373892e-03,1.729342623050327266e-01,9.331934148365469972e-02,-1.498780399280281450e-01,-1.473860310768080883e-01,1.931366183975243359e-02,1.198477291251376919e-01,1.528150681821525275e-02,-7.522641445275214667e-02,-3.443154925039058900e-02,5.844891624771817590e-02,7.505733561409642929e-02,-7.558562216179499221e-03
-3.431672611346955337e-01,-1.737938714696335984e-01,1.002580297977863910e-01,1.002580297975354806e-01,-1.737938714700437148e-01,-3.276955748196017787e-02,-1.659583796646753664e-02,9.573789934339224997e-03,9.573789934480839148e-03,-1.659583796623667618e-02,-8.757993773522719516e-02,-7.140621821964597549e-02,-4.523659031933344871e-02,-4.523659031959198495e-02,-7.140621822006117114e-02,-8.757993773545103000e-02,-7.140621821989447116e-02,-4.523659031927097091e-02,-4.523659031930976626e-02,-7.140621821995801755e-02,-3.276955748185193806e-02,-1.659583796631057886e-02,9.573789934328356954e-03,9.573789934323926470e-03,-1.659583796632003311e-02,-3.276955748170780336e-02,-1.659583796607979125e-02,9.573789934498503837e-03,9.573789934369020607e-03,-1.659583796629144486e-02,2.091151708540477661e-01,2.091151708540243126e-01,2.974587280427179806e-02,-8.111044992865730496e-02,2.974587280430596864e-02,4.344846786756784845e-02,8.579181528387005984e-02,4.344846786753167600e-02,-2.506450744950850656e-02,-2.506450744948492126e-02,4.344846786737260186e-02,-2.506450744958698545e-02,-2.506450744938300279e-02,4.344846786770485692e-02,8.579181528384442756e-02,2.091151708542000054e-01,2.974587280401839659e-02,-8.111044992898527872e-02,2.974587280436035569e-02,2.091151708544124743e-01,-8.757993773546016159e-02,-7.140621822009496356e-02,-4.523659031932109748e-02,-4.523659031907940192e-02,-7.140621821970227767e-02,4.344846786738658373e-02,8.579181528363941101e-02,4.344846786745078931e-02,-2.506450744944615366e-02,-2.506450744948540005e-02,9.949441034681205664e-02,-7.987488770313405650e-02,-1.907312104361056915e-01,-7.987488770296091722e-02,9.949441034691779151e-02,9.949441034714651133e-02,9.949441034684471108e-02,-7.987488770334850996e-02,-1.907312104362779981e-01,-7.987488770285849915e-02,4.344846786715055725e-02,-2.506450744945581607e-02,-2.506450744918783252e-02,4.344846786758619489e-02,8.579181528346759011e-02,-8.757993773567608609e-02,-7.140621821992554352e-02,-4.523659031898995958e-02,-4.523659031903351502e-02,-7.140621821999351693e-02,4.344846786737165817e-02,-2.506450744956465262e-02,-2.506450744947050918e-02,4.344846786752700613e-02,8.579181528372097076e-02,9.949441034707967590e-02,9.949441034687687979e-02,-7.987488770324362164e-02,-1.907312104362276217e-01,-7.987488770291709117e-02,9.949441034675722551e-02,-7.987488770305169183e-02,-1.907312104359952243e-01,-7.987488770297114515e-02,9.949441034680606144e-02,4.344846786754296558e-02,8.579181528350252051e-02,4.344846786722682264e-02,-2.506450744943413550e-02,-2.506450744923836155e-02,-3.276955748172331179e-02,-1.659583796611075607e-02,9.573789934488338357e-03,9.573789934384955777e-03,-1.659583796627474295e-02,2.091151708540595899e-01,2.974587280385253274e-02,-8.111044992895950767e-02,2.974587280453336660e-02,2.091151708544823073e-01,4.344846786758500140e-02,-2.506450744932135072e-02,-2.506450744943090198e-02,4.344846786741041189e-02,8.579181528370873056e-02,4.344846786736308863e-02,8.579181528363638565e-02,4.344846786758108093e-02,-2.506450744925822760e-02,-2.506450744939464625e-02,2.091151708541723886e-01,2.091151708541645615e-01,2.974587280423101124e-02,-8.111044992882653071e-02,2.974587280424045160e-02
0.000000000000000000e+00,2.805298703300351804e-02,7.148552411503809878e-02,7.027532121637486417e-02,2.609483760968085708e-02,-8.492925578053985014e-02,-1.777892284209697249e-01,-1.859981065444209769e-01,-9.821149959379200933e-02,-3.574751461782246093e-02,9.352885821920203790e-02,-3.087601819660358918e-02,-7.071709073513623989e-02,2.906464870360540853e-02,1.305742276718691586e-01,-1.044508482299816993e-01,-1.202902383812577830e-01,-4.116969610022838677e-02,2.356887838905019281e-02,-1.554102447439167922e-02,2.406858217850014331e-02,-2.075074953796672561e-02,-1.279971265402136404e-01,-1.494597009814199740e-01,-5.547792446991368226e-02,1.039551809611399952e-01,1.508300898017190805e-01,1.618352928617960707e-01,1.217619735654402180e-01,8.599009713818803191e-02,1.899214633817700171e-02,1.656997907080314664e-02,-5.137438525013656582e-02,-9.094414447711191007e-02,-4.745523628509219771e-02,1.258472791421417769e-01,1.634494104527459968e-01,1.354887352822050361e-01,8.060595636781099638e-02,7.464720877221439621e-02,-1.163517245394271454e-01,2.432209072316698049e-03,1.650023510746907729e-01,1.466922907763134332e-01,-2.719409082651895113e-02,5.644165841658319027e-02,5.775240068322130133e-02,6.571939438931378823e-03,-2.637006743657891242e-02,4.451113901017030548e-03,1.868625284868910899e-02,2.449170757860909958e-02,2.352180097276542967e-02,1.711691099451786643e-02,1.412837789960423758e-02,-1.572558974285227507e-01,-5.532551901020234947e-02,-6.506120863953020195e-02,-1.730085741526934118e-01,-2.299880254065077567e-01,-4.364477658243087169e-04,-9.068635986444677222e-02,-4.079308732691643014e-02,8.029256300986244155e-02,1.052343379303470744e-01,-7.239116534985053086e-02,-1.119995900193638400e-02,-3.288435702904899532e-02,-1.074772583833032286e-01,-1.318938087125817171e-01,-1.261457860199774461e-01,-2.673364655314373201e-03,6.313201396121547078e-03,-1.116052167066057532e-01,-1.934693730451481353e-01,7.984875785082154453e-02,2.250028572486290901e-01,2.032830470596746208e-01,4.470536673589614596e-02,-3.158121937236108706e-02,-5.538237789210596201e-02,-1.321233877969398285e-01,-9.739737588005199787e-02,8.054896831551373306e-04,2.677218647696135226e-02,7.987894382737013854e-02,1.393767661848503425e-01,1.380793980060603388e-01,7.777975801816594537e-02,4.180989917505106152e-02,2.094995455013687856e-03,-3.393339621923214633e-04,1.634276304937106600e-02,2.908719542334340519e-02,2.028159078622029932e-02,-2.066960372810453320e-02,5.600336260083488282e-02,5.410227636681003149e-02,-2.374562587029935973e-02,-6.995718917169065076e-02,-4.309450735910040631e-02,5.842517571786508268e-02,1.794649807311829159e-01,1.527520111441097728e-01,1.520268298553682958e-02,-1.449610936263112659e-01,-8.165639033039336081e-02,-2.043900298661032594e-02,-4.590928020160068429e-02,-1.228681645671321904e-01,9.925766977914465827e-02,1.228364668356384110e-01,6.466754228713221531e-02,5.138372770632847024e-03,2.651624723588596327e-02,-4.114238972837128833e-02,3.247776115441065089e-03,1.798644159687579416e-02,-1.729472803059634370e-02,-5.383835550465979752e-02,5.720257014456578415e-02,2.655876963356618159e-02,-8.577831932978180474e-02,-1.245626579953529323e-01,-3.619560855851411407e-02
0.000000000000000000e+00,2.231308407245775893e-02,2.200424829761398957e-02,-4.997067806443590944e-04,-1.409908012546024457e-02,1.488753133213624180e-01,4.380231853919894225e-02,-2.965367167977053710e-03,7.320360827197604225e-02,1.670463096893052835e-01,-2.222289268725859482e-02,2.756911802086577795e-02,1.102118149012383877e-02,-4.899801643767819764e-02,-6.954398420382894297e-02,-3.557873389444177192e-02,2.416818380031130267e-02,1.496293102960229437e-01,1.674216330424798393e-01,5.295676674287364688e-02,1.919923287537057266e-01,1.635628714728802058e-01,-5.077550255926228939e-02,-1.548144455236884487e-01,-4.775674397168294498e-03,-1.282310707689892915e-01,-1.043501021683651830e-01,-2.191223286024425454e-02,5.156203731673554037e-03,-6.055245174032372613e-02,4.761535581564149688e-02,-8.383161757733471886e-02,-7.445291800687039996e-02,6.279041049093563032e-02,1.382327526612819879e-01,-1.058430356061429017e-01,-7.309370483239793770e-02,-6.143711922448193141e-02,-8.698228389975823371e-02,-1.144266495252057869e-01,-1.352679851066799221e-01,-5.885482446612190499e-02,1.041421228446923475e-01,1.284666157046830126e-01,-1.949696825954006993e-02,6.473200786043308008e-02,6.447075491309153805e-02,-7.862287542376031335e-02,-1.667983495982102715e-01,-7.820015927530284128e-02,1.130518662326776419e-01,-5.245036622481150101e-02,-1.576351418848512820e-01,-5.714067588429635330e-02,1.101530954453627392e-01,2.958290786514866828e-03,1.138450428716124424e-01,1.658592691190850787e-01,8.711907675345292867e-02,-1.355926465668305832e-02,-9.758347763698205224e-02,-2.072459075635232628e-01,-7.912307099034383839e-02,1.097236266734741839e-01,9.831446791971645838e-02,3.386685578551785342e-02,1.378171846854428229e-01,1.300414954006897938e-01,2.128552623682374370e-02,-3.815366990111555140e-02,-4.341983148314054741e-02,1.824298359048046742e-02,7.444285717508400402e-02,4.751347414019197607e-02,-2.532967345603681295e-02,-4.195970208101162946e-02,2.252644169544837371e-02,1.868006262146669136e-02,-4.818327415632810140e-02,-8.566070981225540337e-02,8.977835759084154543e-02,-9.256016761523412628e-02,-7.356081269124856159e-02,1.205199596221664116e-01,2.214691185506953153e-01,-1.485911082649101767e-01,-1.379344940768978747e-02,6.641017451504215019e-02,-1.881891873700938106e-02,-1.516970191198528661e-01,-3.596251092390043147e-02,-3.433163727776805674e-02,6.844245954352778938e-02,1.303294708960204829e-01,6.580365055271988894e-02,5.503270794682579847e-02,3.779179054767785317e-02,-3.696243458589174025e-02,-6.592216912194608092e-02,-9.066044236846034637e-03,-2.126365713060789919e-01,-9.449224812186945988e-02,8.405797754027925783e-02,7.626376251424159258e-02,-1.071035529496312116e-01,3.147284647458675061e-02,5.068041237993605591e-02,4.029481875008874420e-02,1.466860298814978182e-02,9.216324274080058693e-03,-1.594193349896949261e-02,1.565366853700145278e-02,-8.101710717051706367e-02,-1.723585343125638158e-01,-1.321398651597497087e-01,-4.809131803075462203e-02,-1.230457402622611301e-01,-7.234490955675923485e-03,1.392952196268981424e-01,1.140443118220151736e-01,4.418127003868094205e-02,-4.847656518075044857e-02,-1.124051993516577419e-01,-5.925743290420531356e-02,3.751832735737389152e-02
0.000000000000000000e+00,3.101773572045479418e-02,3.973925544607719018e-02,1.411171534960628873e-02,-1.044849520368260933e-02,2.450743757358354868e-02,1.428090689538092685e-02,-2.741285949467375457e-02,-4.295449356452711587e-02,-1.086598527034782907e-02,-5.888682961562835549e-02,7.625187062683141948e-02,1.014162603660314493e-01,-1.816999171144703662e-02,-1.172427498217464559e-01,-1.520584343998475918e-01,7.592142806598828342e-02,2.151402165408252409e-01,7.320229722502810676e-02,-1.537389496794189792e-01,-1.213469632881071097e-01,-9.596775687338791883e-02,3.747585040864408884e-02,9.456932887560499934e-02,-3.588568177880773792e-03,6.016210597742011057e-02,1.555071298211090913e-01,1.036586339860508105e-01,-2.373052254926152904e-02,-5.061285525120788609e-02,-1.135144698465622923e-02,-7.363912910224998387e-02,1.251262249226012388e-03,1.098237516528114549e-01,1.020348489959411603e-01,5.831948013994710245e-02,-1.076891559064614978e-01,-8.232904798835104232e-02,9.935299670981470599e-02,1.862785675607507851e-01,1.557683584719340986e-01,4.504559584650937032e-02,-6.462608234921933537e-02,-2.168414445199435409e-02,1.145271109070008925e-01,1.512245727875977108e-01,6.377689402333999724e-02,-8.922525416758712857e-02,-9.633810333707773510e-02,5.226806231025427074e-02,4.435094644059663083e-02,-1.240951326585571085e-01,-1.737458261669426740e-01,-3.598556322098175886e-02,9.880565508713397282e-02,1.294587066574387213e-01,-2.024160929956759017e-02,-2.269693273858851001e-01,-2.050337676229280759e-01,1.525087195914986982e-02,-6.591755601958676491e-02,-4.140793862943857595e-02,-3.753988488191521700e-02,-5.965891358578728071e-02,-7.719727887043592585e-02,-3.849880861974185747e-02,-2.780976746847190623e-02,-3.579792419493768585e-02,-5.142391771063169192e-02,-5.309315608484635463e-02,-9.092463056932309495e-02,-1.390986297645809833e-01,-9.287193814306177186e-02,-1.612827233824158310e-02,-1.492477007112478354e-02,1.998760478537880969e-01,1.705128503580233962e-02,-9.434987556821816668e-02,1.962518361029664052e-02,2.014668046564232484e-01,1.343257208910925427e-01,2.676078083546463288e-02,-5.509949847709238319e-02,1.873006634822572741e-03,1.189442305307624320e-01,1.573339457337605274e-01,1.280457765055678931e-01,-8.375462675375000901e-03,-6.340025604838289697e-02,3.901379060410432864e-02,-1.794274310944920375e-02,3.765756940844394024e-02,1.317948181241562211e-01,1.343745249199724545e-01,4.183162268508808929e-02,3.921505262702248279e-02,-2.782912349904400132e-02,-6.555516069376715257e-03,7.363647251155884532e-02,1.019242396503479003e-01,3.667741973710350600e-02,-6.197255905195075965e-02,-9.854258000723432886e-02,-2.249411713783025166e-02,6.107643866292085388e-02,7.959928477622713050e-02,-2.817565620117284259e-02,-1.528775586594751656e-01,-1.221726318630805691e-01,2.150595897747154678e-02,4.673874926287199805e-02,4.661244381878203169e-02,-6.666074460988469230e-02,-1.365411196287853457e-01,-6.645637810838930792e-02,-3.361571923284411428e-02,3.669695446824405329e-03,7.910221946127803105e-03,-2.675440322677490046e-02,-5.241884629020195085e-02,-4.551655393222186347e-02,-2.073724791113313592e-01,-1.513397167205194072e-01,4.514636009965678626e-02,1.105486714998423631e-01
0.000000000000000000e+00,2.301261516948845305e-04,1.983574287713366774e-02,3.172255423216725767e-02,1.946339094199080536e-02,3.089828798108181299e-02,5.259973420051018006e-02,-3.240590298930458996e-02,-1.066437222273827756e-01,-6.751958057736962004e-02,-5.815174015347787662e-02,-2.054464363007180855e-02,-6.710010300694199681e-02,-1.334800557871207993e-01,-1.279496634000120703e-01,1.205968550680074358e-01,5.165598428878033499e-02,-2.043871129716266777e-02,3.945187201373896030e-03,9.110996083764225095e-02,-1.718646576045290975e-01,2.212634509074579495e-02,3.979060490279270196e-02,-1.432832848425243111e-01,-2.740934309698314642e-01,9.929761854494463524e-02,1.564229850369640989e-02,1.746354827653190736e-02,1.022444625793959699e-01,1.528206994430209853e-01,6.278129603786417046e-02,8.511249721792876755e-02,4.320525915718247123e-02,-5.026039519060088688e-03,7.072616638223215048e-03,-8.503384338213403060e-02,-5.544649110081575905e-02,2.561164980496253088e-02,4.612098366829203711e-02,-2.226169182332679575e-02,1.248105262004461369e-01,-4.201097446740218594e-02,4.858431026578925553e-03,2.006468173222042684e-01,2.747812891614181408e-01,-8.966762972500032236e-02,-4.044483930434207564e-02,6.322635941097979120e-03,-1.399626520985881167e-02,-7.332151198063667497e-02,2.613733004495511283e-02,5.220707078236370285e-02,3.230561782372944751e-02,-6.063897267625574863e-03,-9.876108767293679744e-03,-1.042921750945921683e-01,-1.449989214805486593e-01,-1.285443867738913191e-02,1.095220895066971734e-01,5.301046054651153971e-02,6.061006000471581140e-02,-6.827375847796401942e-02,-2.088764318156542399e-01,-1.668898443647701124e-01,-3.380329108075230357e-04,-1.021694508552766292e-02,1.100845880621258328e-02,9.173722312799212353e-02,1.204049394568925124e-01,5.739379820621592909e-02,-1.528089169248945944e-01,-1.798489735124544631e-01,-9.760906098378042961e-02,-1.974194322168333626e-02,-5.385733036738919038e-02,-5.671766494387408403e-02,-5.136573105721238541e-02,9.467455608295072267e-02,1.795804833757066177e-01,8.601494514879287623e-02,1.123229669199368175e-01,3.626879624064302532e-02,-7.391451495979223241e-02,-6.595737559536905825e-02,4.914371818549362336e-02,-9.307448639092399945e-02,-1.440471641014694770e-01,-5.849697042136668690e-02,4.534863472762174635e-02,2.397855461189013493e-02,1.357858533866249384e-01,6.629580770011329893e-02,2.342934053745428583e-02,6.642645253981439846e-02,1.358665963380134012e-01,-1.214107400368712869e-01,-7.958125667422689953e-02,-2.351292577411936979e-02,-3.069027494802170977e-02,-9.119445158672907781e-02,4.166875107850268739e-02,-9.028047742670487763e-02,-1.727167060305856428e-02,1.597994819972373415e-01,1.962266659076933317e-01,7.172539930204237767e-03,-4.470666907416692704e-02,-8.318852533157851045e-03,6.604926386995729759e-02,7.562347094538021675e-02,-8.867328790063187804e-02,-5.665658296840798275e-02,1.603005781471741062e-03,5.592706867267709277e-03,-5.020111100664222809e-02,1.512697712571960396e-01,6.016010328271114566e-02,1.464417404829976115e-02,7.762345072638585086e-02,1.620627135347320891e-01,-9.657568308307251659e-02,-2.989759358278145686e-03,9.478991118880104524e-03,-7.640082101379425117e-02,-1.419462143363984241e-01
0.000000000000000000e+00,-1.770272513973639439e-01,-1.658547055866510522e-01,1.807755886259667863e-02,1.205814041092530681e-01,1.026964380499408858e-01,6.990473187588389092e-02,1.718752693625559894e-02,1.739820866572624330e-02,7.024562207497736521e-02,1.498920981191764479e-01,-1.320406271668005029e-03,-1.402813493925031130e-01,-7.495143095907641495e-02,1.043856222358749142e-01,-2.291169142874321593e-02,-4.255287208117122105e-02,-1.888626334626488865e-02,1.538168590278353627e-02,1.289383452854885731e-02,3.154835043096813896e-02,8.027042084390115240e-02,1.107648882366138315e-01,8.088943514120275347e-02,3.193092230621791955e-02,-2.024303211534494648e-02,-2.357329281284949347e-03,-3.654206126010135086e-02,-7.555509035337790169e-02,-6.548173635829176997e-02,-5.485217693653591381e-02,1.697625450416360704e-01,2.375693280325710810e-01,5.486150261059244415e-02,-1.258649265017134922e-01,-1.770392497644236382e-02,-3.876817597704967228e-02,5.288342753484762127e-03,5.358101975555533414e-02,3.937101682002110137e-02,-5.941177136352435856e-02,-9.004804989569596685e-02,-1.062215407140897072e-02,6.910202766708609112e-02,3.894838588246014865e-02,8.611742726595260355e-02,1.638711861902155398e-01,1.089815894023234283e-01,-2.695805965625449729e-03,-1.682663529019825382e-02,-1.606680599841435186e-01,-1.475599235639350193e-01,-6.683580859653483197e-02,-3.005369825512756166e-02,-8.804521885359947730e-02,-1.939819294743320294e-02,9.893479675196773654e-03,2.233219121344369451e-02,7.280650977082210335e-04,-2.506273067730498821e-02,5.925858067151035941e-02,5.198661173821731568e-02,-9.656325612854670115e-02,-1.811001545612121733e-01,-8.479696322933917563e-02,-2.030237889105220572e-01,-8.312008678421996255e-02,5.629294346740108118e-02,2.255123251122076802e-02,-1.377153219499031855e-01,-3.524547684024770255e-02,7.827663512762438047e-02,9.646551501616329460e-02,-5.815250963295753167e-03,-8.721712062251742170e-02,-5.764364614223818628e-02,3.248350938200581656e-02,7.132126155935990253e-02,5.197156927361085144e-03,-7.450753938821884359e-02,1.740596809346193763e-01,1.031618013420948776e-01,1.642583318118455427e-02,3.371793640313493212e-02,1.311410120921857603e-01,-1.668231989722625958e-02,6.113679286718833733e-02,1.149412903671077485e-01,7.037518580524652900e-02,-1.097267906007716107e-02,6.649822406953798115e-02,1.489112160845992294e-01,6.008268510018736214e-02,-7.722935823397233945e-02,-7.326433709476677658e-02,-5.529542538391546413e-02,3.379684810859339555e-02,2.189339663557092197e-01,2.442627245191203167e-01,7.477963970983024511e-02,-1.140017563655640886e-01,-2.154362165373208959e-01,-1.547612142527608203e-01,-1.582754040166676687e-02,9.363189935643848050e-03,-5.581337237111157895e-02,3.528634422953605410e-02,7.513177805367846074e-02,8.657893852831558684e-03,-7.227065977165417210e-02,-4.827134808264456518e-03,1.091196586551805743e-02,-5.717231382371219112e-02,-1.149898134449911652e-01,-8.263871366624958581e-02,-1.307801645726498485e-01,-5.155715492619742692e-03,3.292470454950680026e-02,-6.916475063862344286e-02,-1.703399238799653825e-01,-5.115533826157173808e-02,8.636950975943170905e-02,1.180678020768949482e-01,1.335760934046879519e-04,-1.044520763187594958e-01
0.000000000000000000e+00,1.519519258747684398e-01,1.229358120656353220e-01,-4.694905836461033682e-02,-1.229275686557451813e-01,1.542578362533988945e-01,8.289454696623320407e-02,-4.279096886546107648e-02,-4.910560025584597560e-02,7.267725875016194104e-02,4.805709011343167747e-02,8.789622384248121922e-02,8.458409773312963731e-02,4.269795749347628927e-02,2.012302527717940021e-02,6.936281472518811275e-02,-9.723449179048795910e-02,-1.116086574776372492e-01,4.610492608345417159e-02,1.579514468989101084e-01,2.491084421795345186e-02,4.330961663326887007e-02,9.946367887344545466e-02,1.157700255289368929e-01,6.969383975419002342e-02,-1.200015707359953082e-01,1.899154730000469221e-02,8.931530455994134143e-02,-6.215341272821145110e-03,-1.355802846246318139e-01,1.057610465233701641e-01,-2.705946704346195650e-02,-1.336975421183362878e-01,-6.678298344264639586e-02,8.121056323601051619e-02,2.074632083814006642e-02,4.944699083875171014e-02,1.668388904532380063e-02,-3.226549144050470941e-02,-2.975477051556395247e-02,-1.635905482869465591e-02,-1.144977043394805744e-01,-1.080040851594793738e-01,-5.852158285455500049e-03,5.078758535898612869e-02,-1.180970910831109499e-01,-3.236469619431281419e-02,1.242542716463401892e-01,1.353177221659919993e-01,-1.446365722066141404e-02,-4.313397053652658769e-03,1.070968328963302213e-01,1.032727819767262530e-02,-1.608898256322777720e-01,-1.699382605558429626e-01,-2.772741738135073991e-02,1.008733803129459143e-02,4.996996129076158692e-03,-3.596376359350154928e-02,-5.618856340484704864e-02,-6.845559591302225258e-03,-6.676611534737320053e-02,-4.529979385343110149e-02,2.788767819932069097e-02,5.165370198466878726e-02,-1.349195093605019651e-02,-9.150033211783750731e-02,-1.144099451341886037e-01,-5.056048346561559104e-02,1.181026702530243132e-02,-1.397990516981997555e-01,-1.286280802751788299e-01,6.871027526039667765e-02,1.795011148423685809e-01,5.063526381059524351e-02,-6.614411130297143115e-02,7.244302561832145250e-03,1.106169798033413143e-01,1.011163939818660873e-01,-8.127968210355053860e-03,8.983764194291736505e-02,1.729630696719286209e-01,8.826591986697474024e-02,-4.720522519173284831e-02,-4.623384752793317093e-02,1.270126167976855791e-01,3.179966926580966857e-02,-1.806972025792232678e-02,4.632224955008152484e-02,1.359880650177109351e-01,-8.539236531404756358e-02,-1.516071293746671100e-01,2.051367054993762790e-02,1.931049391347898769e-01,1.276514093570781938e-01,1.049318101973444467e-01,1.323127000438199252e-01,8.542092961866332157e-02,2.905933185678494235e-02,4.111771920484916937e-02,-5.916710973535689588e-02,-8.715523987135061212e-02,-9.903071279342283428e-02,-7.838202855574875894e-02,-5.374496695182798961e-02,-9.489688621902075960e-02,-1.811257832147109281e-01,-9.016706337549637573e-02,5.227741405401351710e-02,4.935422277594669199e-02,-2.260107967938122520e-01,-1.533675989438227283e-03,1.700239877240879993e-01,5.157533412520613064e-02,-1.931876234340998144e-01,-3.011464183303070793e-02,-5.384840712141304719e-02,-1.186744051648081916e-01,-1.350053100218805147e-01,-8.027236624719569225e-02,5.824937216072854224e-02,-5.809936375786227576e-03,-9.758968155078630302e-02,-9.025337501122361605e-02,6.060456957108871848e-03
2.348423412470179401e-23,6.954535861398837560e-02,1.727203772470397580e-01,1.669406869381754310e-01,6.019362324979998791e-02,-1.840463676655315281e-02,-2.380992129508139460e-02,4.539792907311473308e-02,9.357601741750218305e-02,5.414386315913672504e-02,2.019644341490665074e-01,2.270751003581595040e-01,6.938308716569326073e-02,-5.318660295073360939e-02,2.875317575923245009e-02,1.321734824042129774e-01,1.787388570998479087e-01,5.284252043903427815e-02,-7.153106937208064675e-02,-2.250183851737558652e-02,5.883654713156890453e-02,9.520603281379443061e-02,7.660566069736832184e-02,2.874051284379551888e-02,1.775859671017378238e-02,1.365659254136720492e-02,-2.663003058390030209e-02,-6.626039822870745388e-02,-5.046668929458672515e-02,-1.075272720070541551e-03,-1.651396023192934492e-01,-7.245066431432348186e-02,-3.813261326919701460e-03,-5.408195138615322362e-02,-1.537871134000904916e-01,-9.143261199303152897e-02,1.804279924480781463e-02,6.770654294430739073e-02,-1.107498667867623521e-02,-1.094283933708874029e-01,-9.147415630877676895e-02,-1.769555246028630124e-01,-1.092255818764597680e-01,1.811519307862434480e-02,2.908617742821539842e-02,2.495849349428920852e-02,-1.907389414598073540e-01,-2.321245222074871106e-01,-4.200478279960608713e-02,1.168812588344118469e-01,-3.921424033979471757e-02,-1.008623573429575510e-01,4.679129558365743152e-02,1.996943886585499095e-01,1.465400442372084833e-01,-6.164060495551301061e-02,-8.522690545115563232e-02,-9.149448029436433455e-03,6.145530693050270388e-02,2.901398784138062986e-02,9.385405375273028761e-02,5.418181989692039818e-02,1.081398221397819256e-02,2.368341836313687596e-02,7.500500500231137291e-02,1.330538338087495498e-01,7.722728119944446967e-02,-7.060099672005878957e-02,-1.061373443633706337e-01,1.972826287653099003e-02,-5.175939776905889161e-02,-1.032727093578038498e-02,6.215287533915080792e-02,6.551594241334128543e-02,-4.885714103293480742e-03,-8.500159389206680960e-02,-6.846555456288092034e-02,1.068784926916998695e-01,1.987110342908145755e-01,8.012261901777519013e-02,-6.891338455913474659e-02,-1.303265794123894539e-01,-3.547228150454107692e-02,8.456409343477511165e-02,6.389635512574473597e-02,1.364273603341711327e-01,7.977617090548017043e-02,-2.166362721332230901e-02,-2.770568083398258080e-02,6.999992278540599633e-02,5.645990478795141765e-02,6.593277374665233725e-02,-6.709938880419256957e-03,-6.107847327764126533e-02,-2.203736282657102474e-02,1.461722457486904631e-02,-3.262837656171327372e-02,-2.372906995745038133e-02,2.901660513687218806e-02,5.271591850046115912e-02,-5.408850290638297226e-02,-1.820211770406941418e-02,1.023012201688905387e-02,-8.084172661584126604e-03,-4.783526897382316817e-02,-4.385477752400115947e-02,-2.332643753230853878e-01,-2.209497371987399483e-01,-2.392927447965436175e-02,8.552142983562417700e-02,5.480731568167551693e-02,-8.623676471155114487e-02,-1.394450114035565291e-01,-3.128543594777978554e-02,8.876910458465338272e-02,-1.188410471048845229e-01,-7.705344026725942375e-02,-1.657911923010228772e-02,-2.099154022019405000e-02,-8.419288740189764808e-02,-1.346584146749275068e-01,-2.117980565319775577e-02,3.582238317716523318e-02,-4.242693571426127408e-02,-1.477898632160518921e-01
4.095554358744589463e-13,-6.421269389794199978e-02,1.038983212356575092e-01,-1.038983212354054608e-01,6.421269389728105625e-02,2.446009629483037739e-01,-1.955696874110128547e-01,7.183743845190472543e-02,7.933427033110161675e-02,-2.002029843202995929e-01,6.553418899918192486e-02,1.741466634881692205e-02,-9.371171105431014281e-02,1.342140672809636615e-01,-1.234512115746537603e-01,-1.457941951247361811e-01,1.334086904907468563e-01,-7.006560048390644835e-02,-2.004016746561322268e-02,1.024912725835103178e-01,-1.643409568231605777e-01,1.089590244693910276e-01,-1.195844814934474143e-02,-8.960984891104643857e-02,1.569502294141607301e-01,-3.751922094713262129e-02,1.359522776602930805e-01,-1.824561851551854963e-01,1.592680313784386736e-01,-7.524490293641442062e-02,-1.063221568345704415e-01,9.905612564411812870e-02,-5.395402125149266481e-02,-1.175668542946967966e-02,7.297673787141516211e-02,-3.364550109840089981e-02,-7.844693302968964999e-02,1.605753050536256887e-01,-1.813693683009612312e-01,1.328864973754259049e-01,1.107105709922582143e-01,-1.590869066113168029e-01,1.466974510699326217e-01,-7.827455528280752306e-02,-2.004656016806593416e-02,1.194176720602245084e-01,-4.938419778303099889e-02,-3.951236154013462731e-02,1.133165417307430006e-01,-1.438376544678021951e-01,3.819426026995437207e-02,2.261825307750062880e-02,-7.479136251549740877e-02,9.839671353748835614e-02,-8.441786436944540006e-02,-1.095761617062047250e-01,8.990493726608703162e-02,-3.589308254674903470e-02,-3.182870974444072104e-02,8.739301673130955850e-02,1.466882213585978326e-02,-7.156292819934408078e-02,1.011224280251464130e-01,-9.205659737025823075e-02,4.782827540859554277e-02,8.172940634433935314e-02,-8.818179631881858938e-02,6.095173728852712469e-02,-1.044018628737483460e-02,-4.405916102667374601e-02,6.940146027090703107e-02,-4.588381882975384879e-02,4.840118129278174995e-03,3.805234318701635615e-02,-6.641010275744846370e-02,4.206574585470974209e-02,-3.374236705275700937e-02,1.253055089752682337e-02,1.346750980279776480e-02,-3.432143950227772161e-02,-1.124353267293048131e-01,9.320299129607077793e-02,-3.837028104089930391e-02,-3.111857241400982008e-02,8.872118888814367610e-02,7.097886058374361200e-03,-1.107023682778007952e-02,1.081413339248311727e-02,-6.427398560134739772e-03,-4.143840629436839110e-04,-9.144818639974542848e-03,5.772416554080247314e-02,-8.425484317726850136e-02,7.860303443680975721e-02,-4.292753816036912196e-02,-2.200127385865768836e-02,-1.300919995200767662e-02,4.305060154744876771e-02,-5.664813658789512318e-02,4.860800885111049574e-02,-4.274078517793920146e-02,-6.061546978709253519e-02,1.408186755374977173e-01,-1.672339334833215230e-01,1.297715129108556464e-01,8.373268232177435988e-02,-8.659436679526323621e-02,5.637994638723652779e-02,-4.630302743179857267e-03,-4.888795917056804746e-02,-5.365539609501495527e-02,1.436654317079948950e-01,-1.788001554169486029e-01,1.456392969503899348e-01,-5.684917714642098024e-02,-3.750096357188596047e-02,5.613584689858628490e-02,-5.332874469728440814e-02,3.015187459898668529e-02,4.541986771599162628e-03,-2.476901649312893052e-03,-6.818079045992024969e-04,3.580090012751178333e-03,-5.110899418818351005e-03,4.689518959978389474e-03
0.000000000000000000e+00,7.568941137013716902e-02,-1.224680401853547873e-01,1.224680401853518591e-01,-7.568941137013421305e-02,6.432587022416569322e-02,-1.382755801844008647e-01,1.594087183283061371e-01,-1.196531441738613033e-01,3.419413580578883893e-02,1.200628278829083684e-01,-1.998852893926299223e-01,2.033583642054811735e-01,-1.291554557884149745e-01,5.619553092658570274e-03,-2.647338868655296079e-02,5.126051530306364318e-02,-5.646786735463810852e-02,4.010641334895790472e-02,-8.425672610834017418e-03,-1.579153094205166807e-01,2.112109429038299957e-01,-1.838311749937978634e-01,8.623414642796289886e-02,4.430139508252123326e-02,1.629627688822446463e-01,-6.780870847852747685e-02,-5.324597383075128226e-02,1.539625039007740115e-01,-1.958705904737392256e-01,9.057442391549089256e-02,-4.037262452831710813e-02,-2.525014521363977069e-02,8.122821770485789961e-02,-1.061798718783942691e-01,-1.010193273743021647e-01,9.187566920003953364e-02,-4.763862813050489392e-02,-1.479474970746132677e-02,7.157703601223223966e-02,-9.507890120168029091e-02,1.567448186262708140e-02,6.971705679190409732e-02,-1.284790493475405637e-01,1.381664118946865361e-01,-3.031280849505284258e-02,-4.480378684653452126e-03,3.756221348929394965e-02,-5.629655943370199395e-02,5.352753312411590719e-02,1.545654696541517645e-02,-3.203166682427231043e-02,3.637177867256840419e-02,-2.681910729923062120e-02,7.022448485518380419e-03,5.557124835886716185e-02,1.586319737280653813e-02,-8.123844087831821881e-02,1.155833611613577561e-01,-1.057793660147153258e-01,-4.729345214707877249e-02,5.572446628576595978e-02,-4.287062830822904735e-02,1.364166743602202719e-02,2.079794673352696951e-02,-5.731631930038685874e-02,1.494857527167409335e-02,3.312901642743114328e-02,-6.855244986511149774e-02,7.779117746639048481e-02,8.223557092149445802e-02,-6.367269021779406457e-02,2.078900600604007692e-02,3.003537190770095081e-02,-6.938725861743719192e-02,-1.090459861617679993e-01,1.598879002757194745e-02,8.317558045816607348e-02,-1.505697062428909827e-01,1.604513219189176720e-01,-1.112801619324918501e-02,2.249361817385016338e-02,-2.526742254200478599e-02,1.838993030721772573e-02,-4.488109745819335653e-03,-5.599638547151312984e-02,9.223971934330517375e-02,-9.325061553870164777e-02,5.864294607016416055e-02,-1.635664403251675322e-03,5.058517265909839161e-02,-6.388327160058089593e-02,5.278013210317870907e-02,-2.151677607307146689e-02,-1.796525708863096205e-02,7.693162036911342649e-02,-5.767073783232486150e-02,1.638159359987516675e-02,3.116476259784444619e-02,-6.680723873450451766e-02,-6.937332968589365878e-02,8.162173905090384582e-03,5.616665488537073841e-02,-9.904173054400478016e-02,1.040862314394383342e-01,-1.993435263052764361e-01,1.402913891660599599e-01,-2.765270969434664369e-02,-9.554836499957468365e-02,1.822532118331381679e-01,8.424633710998834235e-02,-3.995456543647487452e-02,-1.959849222803621005e-02,7.166559198969396638e-02,-9.635887143516648490e-02,1.282834365295175139e-01,-1.800030083678501661e-02,-9.915833796787745791e-02,1.784418619367604819e-01,-1.895666596616201183e-01,2.906092662495891876e-02,-8.538713616906011550e-02,1.090983618985945230e-01,-9.113772149979748605e-02,3.836556914530868390e-02
