SURVIVOR: 0 0 0 0 0 1 0 1 1 0 0 1 0 1 1 1 1 1 1 0 1 1 3 0 0 1 0
SURVIVOR: 0 0 0 0 0 1 0 1 1 0 0 1 0 1 1 1 1 1 1 1 0 0 3 1 1 0 0
SURVIVOR: 0 0 0 0 0 1 0 1 1 0 0 1 1 0 1 3 1 0 1 0 1 1 1 1 1 0 0
SURVIVOR: 0 0 0 0 0 1 0 1 1 0 0 1 1 1 0 0 1 3 1 1 0 1 1 1 0 1 0
SURVIVOR: 0 0 0 0 0 1 0 1 1 0 1 0 0 1 1 1 0 3 1 1 0 1 1 1 0 1 0
SURVIVOR: 0 0 0 0 0 1 0 1 1 0 1 0 1 1 0 1 1 1 0 1 1 1 0 3 0 1 0
SURVIVOR: 0 0 0 0 0 1 0 1 1 0 1 1 1 1 1 0 0 1 0 1 0 1 0 1 1 3 0
SURVIVOR: 0 0 0 0 0 1 0 1 1 0 1 3 0 0 1 1 1 0 1 1 1 0 1 0 1 1 0
SURVIVOR: 0 0 0 0 0 1 0 1 1 1 0 0 0 1 1 3 0 1 1 0 1 1 1 1 1 0 0
SURVIVOR: 0 0 0 0 0 1 0 1 1 1 0 0 1 0 1 1 1 1 0 1 1 3 0 1 1 0 0
SURVIVOR: 0 0 0 0 0 1 0 1 1 1 0 1 1 1 1 1 0 0 0 0 1 1 0 1 3 1 0
SURVIVOR: 0 0 0 0 0 1 0 1 1 1 0 3 0 1 0 0 1 1 1 1 1 0 1 0 1 1 0
SURVIVOR: 0 0 0 0 0 1 0 1 1 1 1 1 0 0 1 0 1 1 0 3 1 1 0 0 1 1 0
SURVIVOR: 0 0 0 0 0 1 0 1 1 1 1 1 0 1 0 1 1 0 0 1 3 0 0 1 1 1 0
SURVIVOR: 0 0 0 0 0 1 1 0 1 0 0 1 0 1 1 1 3 0 0 1 1 1 1 1 0 1 0
SURVIVOR: 0 0 0 0 0 1 1 0 1 0 0 1 1 0 1 1 1 1 0 1 1 3 1 0 1 0 0
SURVIVOR: 0 0 0 0 0 1 1 0 1 0 0 1 1 0 1 1 1 1 1 1 0 3 0 1 0 1 0
SURVIVOR: 0 0 0 0 0 1 1 0 1 0 0 1 1 1 0 1 0 3 1 1 0 1 1 1 1 0 0
SURVIVOR: 0 0 0 0 0 1 1 0 1 0 1 0 0 1 1 1 1 1 1 0 1 0 3 1 0 1 0
SURVIVOR: 0 0 0 0 0 1 1 0 1 0 1 0 1 0 1 0 3 1 0 1 1 1 1 1 0 1 0
SURVIVOR: 0 0 0 0 0 1 1 0 1 0 1 1 1 1 1 0 1 0 0 0 1 0 1 1 1 3 0
SURVIVOR: 0 0 0 0 0 1 1 0 1 0 1 3 1 0 0 1 0 1 1 1 1 1 0 0 1 1 0
SURVIVOR: 0 0 0 0 0 1 1 0 1 1 0 0 1 0 1 0 1 3 1 1 0 1 1 1 1 0 0
SURVIVOR: 0 0 0 0 0 1 1 0 1 1 0 0 1 1 0 1 1 1 1 0 1 0 1 3 1 0 0
SURVIVOR: 0 0 0 0 0 1 1 0 1 1 0 1 1 1 1 0 0 1 1 0 0 0 1 1 3 1 0
SURVIVOR: 0 0 0 0 0 1 1 0 1 1 0 3 0 0 1 1 1 0 1 1 1 1 0 0 1 1 0
SURVIVOR: 0 0 0 0 0 1 1 0 1 1 1 1 0 0 1 1 0 1 3 0 1 0 1 0 1 1 0
SURVIVOR: 0 0 0 0 0 1 1 0 1 1 1 1 1 0 0 1 1 0 1 0 3 0 0 1 1 1 0
SURVIVOR: 0 0 0 0 0 1 1 1 0 0 0 1 0 1 1 0 3 1 0 1 1 1 1 1 1 0 0
SURVIVOR: 0 0 0 0 0 1 1 1 0 0 0 1 1 0 1 3 0 1 1 0 1 1 1 1 0 1 0
SURVIVOR: 0 0 0 0 0 1 1 1 0 0 0 1 1 1 0 1 1 1 0 1 1 0 1 3 0 1 0
SURVIVOR: 0 0 0 0 0 1 1 1 0 0 0 1 1 1 0 1 1 1 1 0 1 1 0 3 1 0 0
SURVIVOR: 0 0 0 0 0 1 1 1 0 0 1 0 1 0 1 1 1 1 1 1 0 3 1 0 0 1 0
SURVIVOR: 0 0 0 0 0 1 1 1 0 0 1 0 1 1 0 3 1 0 1 0 1 1 1 1 0 1 0
SURVIVOR: 0 0 0 0 0 1 1 1 0 0 1 1 1 1 1 1 0 0 1 0 0 1 1 0 1 3 0
SURVIVOR: 0 0 0 0 0 1 1 1 0 0 1 3 0 1 0 0 1 1 1 1 1 0 0 1 1 1 0
SURVIVOR: 0 0 0 0 0 1 1 1 0 1 0 0 0 1 1 1 1 1 1 1 0 1 3 0 1 0 0
SURVIVOR: 0 0 0 0 0 1 1 1 0 1 0 0 1 1 0 1 3 0 0 1 1 1 1 1 1 0 0
SURVIVOR: 0 0 0 0 0 1 1 1 0 1 0 1 1 1 1 0 1 0 0 1 0 1 1 0 3 1 0
SURVIVOR: 0 0 0 0 0 1 1 1 0 1 0 3 1 0 0 1 0 1 1 1 1 0 0 1 1 1 0
SURVIVOR: 0 0 0 0 0 1 1 1 0 1 1 1 0 1 0 1 0 1 3 1 0 0 1 0 1 1 0
SURVIVOR: 0 0 0 0 0 1 1 1 0 1 1 1 1 0 0 0 1 1 1 3 0 1 0 0 1 1 0
SURVIVOR: 0 0 0 0 1 0 0 1 1 0 0 1 1 0 1 1 1 1 1 0 1 0 3 1 0 1 0
SURVIVOR: 0 0 0 0 1 0 0 1 1 0 0 1 1 1 0 1 0 3 0 1 1 1 1 1 0 1 0
SURVIVOR: 0 0 0 0 1 0 0 1 1 0 1 0 0 1 1 1 1 1 1 0 1 0 1 3 1 0 0
SURVIVOR: 0 0 0 0 1 0 0 1 1 0 1 0 1 1 0 3 0 1 1 1 0 1 1 1 1 0 0
SURVIVOR: 0 0 0 0 1 0 0 1 1 1 0 0 0 1 1 3 1 0 1 1 0 1 1 1 1 0 0
SURVIVOR: 0 0 0 0 1 0 0 1 1 1 0 0 1 0 1 0 1 3 0 1 1 1 1 1 0 1 0
SURVIVOR: 0 0 0 0 1 0 0 1 1 1 0 0 1 1 0 1 1 1 0 1 1 3 1 0 1 0 0
SURVIVOR: 0 0 0 0 1 0 0 1 1 1 0 0 1 1 0 1 1 1 1 1 0 3 0 1 0 1 0
SURVIVOR: 0 0 0 0 1 0 0 1 1 1 0 1 1 1 1 0 0 1 0 0 1 0 1 1 1 3 0
SURVIVOR: 0 0 0 0 1 0 0 1 1 1 1 0 1 1 1 1 0 0 1 0 0 0 1 1 3 1 0
SURVIVOR: 0 0 0 0 1 0 0 1 1 1 1 1 0 1 0 0 1 1 1 0 3 0 0 1 1 1 0
SURVIVOR: 0 0 0 0 1 0 0 1 1 1 1 1 1 0 0 1 1 0 3 0 1 0 1 0 1 1 0
SURVIVOR: 0 0 0 0 1 0 0 1 1 3 0 1 0 1 0 1 1 0 1 1 1 1 0 0 1 1 0
SURVIVOR: 0 0 0 0 1 0 0 1 1 3 1 0 1 0 0 0 1 1 1 1 1 1 0 0 1 1 0
SURVIVOR: 0 0 0 0 1 0 1 0 1 0 0 1 0 1 1 0 3 1 1 0 1 1 1 1 0 1 0
SURVIVOR: 0 0 0 0 1 0 1 0 1 0 0 1 1 1 0 1 1 1 1 1 0 3 1 0 0 1 0
SURVIVOR: 0 0 0 0 1 0 1 0 1 0 1 0 0 1 1 0 1 3 0 1 1 1 1 1 1 0 0
SURVIVOR: 0 0 0 0 1 0 1 0 1 0 1 0 1 0 1 1 1 1 1 1 0 1 3 0 1 0 0
SURVIVOR: 0 0 0 0 1 0 1 0 1 1 0 0 0 1 1 1 1 1 0 1 1 0 1 3 0 1 0
SURVIVOR: 0 0 0 0 1 0 1 0 1 1 0 0 0 1 1 1 1 1 1 0 1 1 0 3 1 0 0
SURVIVOR: 0 0 0 0 1 0 1 0 1 1 0 0 1 0 1 1 0 3 0 1 1 1 1 1 1 0 0
SURVIVOR: 0 0 0 0 1 0 1 0 1 1 0 0 1 1 0 1 3 0 1 0 1 1 1 1 0 1 0
SURVIVOR: 0 0 0 0 1 0 1 0 1 1 0 1 1 1 1 0 1 0 1 0 0 1 1 0 1 3 0
SURVIVOR: 0 0 0 0 1 0 1 0 1 1 1 0 1 1 1 0 0 1 0 1 0 1 1 0 3 1 0
SURVIVOR: 0 0 0 0 1 0 1 0 1 1 1 1 0 0 1 1 1 0 3 1 0 0 1 0 1 1 0
SURVIVOR: 0 0 0 0 1 0 1 0 1 1 1 1 0 1 0 1 0 1 1 3 0 1 0 0 1 1 0
SURVIVOR: 0 0 0 0 1 0 1 0 1 3 0 1 0 0 1 1 0 1 1 1 1 0 0 1 1 1 0
SURVIVOR: 0 0 0 0 1 0 1 0 1 3 1 0 0 1 0 1 1 0 1 1 1 0 0 1 1 1 0
SURVIVOR: 0 0 0 0 1 0 1 1 0 0 0 1 0 1 1 1 1 1 0 1 1 1 0 3 0 1 0
SURVIVOR: 0 0 0 0 1 0 1 1 0 0 0 1 1 0 1 3 1 0 1 1 0 1 1 1 0 1 0
SURVIVOR: 0 0 0 0 1 0 1 1 0 0 1 0 1 0 1 1 3 0 1 0 1 1 1 1 1 0 0
SURVIVOR: 0 0 0 0 1 0 1 1 0 0 1 0 1 1 0 1 1 1 0 1 1 3 0 1 1 0 0
SURVIVOR: 0 0 0 0 1 0 1 1 0 1 0 0 0 1 1 3 0 1 1 1 0 1 1 1 0 1 0
SURVIVOR: 0 0 0 0 1 0 1 1 0 1 0 0 1 0 1 1 1 1 1 0 1 1 3 0 0 1 0
SURVIVOR: 0 0 0 0 1 0 1 1 0 1 0 0 1 0 1 1 1 1 1 1 0 0 3 1 1 0 0
SURVIVOR: 0 0 0 0 1 0 1 1 0 1 0 0 1 1 0 0 3 1 1 0 1 1 1 1 1 0 0
SURVIVOR: 0 0 0 0 1 0 1 1 0 1 0 1 1 1 1 1 0 0 0 1 0 1 0 1 1 3 0
SURVIVOR: 0 0 0 0 1 0 1 1 0 1 1 0 1 1 1 0 1 0 0 0 1 1 0 1 3 1 0
SURVIVOR: 0 0 0 0 1 0 1 1 0 1 1 1 0 0 1 0 1 1 0 1 3 0 0 1 1 1 0
SURVIVOR: 0 0 0 0 1 0 1 1 0 1 1 1 1 0 0 1 0 1 0 3 1 1 0 0 1 1 0
SURVIVOR: 0 0 0 0 1 0 1 1 0 3 0 1 1 0 0 0 1 1 1 1 1 0 1 0 1 1 0
SURVIVOR: 0 0 0 0 1 0 1 1 0 3 1 0 0 0 1 1 0 1 1 1 1 0 1 0 1 1 0
SURVIVOR: 0 0 0 0 1 1 0 0 1 0 0 1 1 1 1 0 1 1 1 0 1 0 1 0 1 3 0
SURVIVOR: 0 0 0 0 1 1 0 0 1 0 1 1 0 0 1 1 1 1 1 0 0 0 3 1 1 1 0
SURVIVOR: 0 0 0 0 1 1 0 0 1 0 1 1 0 1 0 1 0 3 0 1 0 1 1 1 1 1 0
SURVIVOR: 0 0 0 0 1 1 0 0 1 0 1 3 1 1 0 0 0 1 1 1 1 1 1 0 0 1 0
SURVIVOR: 0 0 0 0 1 1 0 0 1 1 0 0 1 1 1 1 0 1 1 0 1 0 0 1 3 1 0
SURVIVOR: 0 0 0 0 1 1 0 0 1 1 0 3 0 1 1 0 1 0 1 1 1 1 1 0 0 1 0
SURVIVOR: 0 0 0 0 1 1 0 0 1 1 1 0 0 0 1 0 1 3 0 1 0 1 1 1 1 1 0
SURVIVOR: 0 0 0 0 1 1 0 0 1 1 1 0 0 1 0 1 1 1 0 0 1 0 1 3 1 1 0
SURVIVOR: 0 0 0 0 1 1 0 0 1 1 1 1 0 1 1 0 0 1 0 3 1 1 1 0 1 0 0
SURVIVOR: 0 0 0 0 1 1 0 0 1 1 1 1 0 1 1 0 0 1 1 3 0 1 0 1 0 1 0
SURVIVOR: 0 0 0 0 1 1 0 0 1 1 1 1 1 0 1 1 0 0 3 0 1 0 1 1 1 0 0
SURVIVOR: 0 0 0 0 1 1 0 0 1 1 1 1 1 1 0 0 1 0 1 0 3 0 1 1 0 1 0
SURVIVOR: 0 0 0 0 1 1 0 0 1 3 0 1 0 1 1 1 0 0 1 1 1 1 0 1 1 0 0
SURVIVOR: 0 0 0 0 1 1 0 0 1 3 1 0 1 0 1 0 0 1 1 1 1 1 0 1 1 0 0
SURVIVOR: 0 0 0 0 1 1 0 1 0 0 0 1 1 1 1 1 0 1 0 1 1 0 0 1 1 3 0
SURVIVOR: 0 0 0 0 1 1 0 1 0 0 1 1 0 1 0 1 1 1 0 0 1 1 0 3 1 1 0
SURVIVOR: 0 0 0 0 1 1 0 1 0 0 1 1 1 0 0 3 1 0 1 0 0 1 1 1 1 1 0
SURVIVOR: 0 0 0 0 1 1 0 1 0 0 1 3 1 0 1 1 0 0 1 1 1 0 1 1 0 1 0
SURVIVOR: 0 0 0 0 1 1 0 1 0 1 0 0 1 1 1 1 1 0 0 1 1 1 0 0 3 1 0
SURVIVOR: 0 0 0 0 1 1 0 1 0 1 0 3 1 1 0 0 0 1 1 1 1 0 1 1 0 1 0
SURVIVOR: 0 0 0 0 1 1 0 1 0 1 1 0 0 1 0 3 0 1 1 0 0 1 1 1 1 1 0
SURVIVOR: 0 0 0 0 1 1 0 1 0 1 1 0 1 0 0 1 1 1 0 1 0 3 0 1 1 1 0
SURVIVOR: 0 0 0 0 1 1 0 1 0 1 1 1 0 1 1 0 1 0 0 1 3 1 0 1 1 0 0
SURVIVOR: 0 0 0 0 1 1 0 1 0 1 1 1 1 0 1 0 0 1 0 3 1 1 0 1 0 1 0
SURVIVOR: 0 0 0 0 1 1 0 1 0 1 1 1 1 1 0 1 0 0 3 0 1 1 1 0 0 1 0
SURVIVOR: 0 0 0 0 1 1 0 1 0 1 1 1 1 1 0 1 0 0 3 1 0 0 1 1 1 0 0
SURVIVOR: 0 0 0 0 1 1 0 1 0 3 0 1 1 1 0 0 1 0 1 1 1 1 1 0 1 0 0
SURVIVOR: 0 0 0 0 1 1 0 1 0 3 1 0 0 1 1 1 0 0 1 1 1 1 1 0 1 0 0
SURVIVOR: 0 0 0 0 1 1 1 0 0 0 0 1 1 1 1 1 1 0 1 1 0 1 0 0 1 3 0
SURVIVOR: 0 0 0 0 1 1 1 0 0 0 1 1 0 0 1 0 3 1 0 0 1 1 1 1 1 1 0
SURVIVOR: 0 0 0 0 1 1 1 0 0 0 1 1 1 0 0 1 1 1 0 1 0 3 1 0 1 1 0
SURVIVOR: 0 0 0 0 1 1 1 0 0 0 1 3 0 1 1 0 1 0 1 1 1 1 0 1 0 1 0
SURVIVOR: 0 0 0 0 1 1 1 0 0 1 0 0 1 1 1 0 1 1 1 1 0 0 1 0 3 1 0
SURVIVOR: 0 0 0 0 1 1 1 0 0 1 0 3 1 0 1 1 0 0 1 1 1 1 0 1 0 1 0
SURVIVOR: 0 0 0 0 1 1 1 0 0 1 1 0 0 0 1 1 1 1 1 0 0 1 3 0 1 1 0
SURVIVOR: 0 0 0 0 1 1 1 0 0 1 1 0 1 0 0 1 3 0 0 0 1 1 1 1 1 1 0
SURVIVOR: 0 0 0 0 1 1 1 0 0 1 1 1 0 1 1 1 0 0 3 1 0 1 1 0 0 1 0
SURVIVOR: 0 0 0 0 1 1 1 0 0 1 1 1 1 0 1 0 1 0 0 1 3 0 1 1 0 1 0
SURVIVOR: 0 0 0 0 1 1 1 0 0 1 1 1 1 0 1 0 1 0 1 0 3 1 0 1 1 0 0
SURVIVOR: 0 0 0 0 1 1 1 0 0 1 1 1 1 1 0 0 0 1 1 3 0 1 1 0 1 0 0
SURVIVOR: 0 0 0 0 1 1 1 0 0 3 0 1 1 0 1 0 0 1 1 1 1 0 1 1 1 0 0
SURVIVOR: 0 0 0 0 1 1 1 0 0 3 1 0 1 1 0 0 1 0 1 1 1 0 1 1 1 0 0
SURVIVOR: 0 0 0 0 1 3 1 1 1 0 0 1 0 0 1 0 1 0 0 1 1 1 1 0 1 1 0
SURVIVOR: 0 0 0 0 1 3 1 1 1 0 0 1 0 1 0 0 0 1 1 1 0 0 1 1 1 1 0
SURVIVOR: 0 0 0 0 1 3 1 1 1 0 0 1 1 0 0 1 0 0 1 0 1 1 0 1 1 1 0
SURVIVOR: 0 0 0 0 1 3 1 1 1 0 1 1 0 1 1 1 0 1 1 0 0 0 1 0 0 1 0
SURVIVOR: 0 0 0 0 1 3 1 1 1 0 1 1 1 0 1 0 1 1 0 1 0 1 0 0 0 1 0
SURVIVOR: 0 0 0 0 1 3 1 1 1 0 1 1 1 1 0 1 1 0 0 0 1 0 0 1 0 1 0
SURVIVOR: 0 0 0 0 1 3 1 1 1 1 0 1 0 1 1 0 1 1 0 1 0 0 1 0 1 0 0
SURVIVOR: 0 0 0 0 1 3 1 1 1 1 0 1 1 0 1 1 1 0 0 0 1 1 0 0 1 0 0
SURVIVOR: 0 0 0 0 1 3 1 1 1 1 0 1 1 1 0 1 0 1 1 0 0 0 0 1 1 0 0
SURVIVOR: 0 0 0 0 3 1 1 1 1 1 0 0 0 0 1 0 0 1 0 1 1 0 1 1 1 1 0
SURVIVOR: 0 0 0 0 3 1 1 1 1 1 0 0 0 1 0 1 0 0 1 1 0 1 0 1 1 1 0
SURVIVOR: 0 0 0 0 3 1 1 1 1 1 0 0 1 0 0 0 1 0 1 0 1 1 1 0 1 1 0
SURVIVOR: 0 0 0 0 3 1 1 1 1 1 0 1 0 1 1 1 0 1 0 1 0 0 0 1 0 1 0
SURVIVOR: 0 0 0 0 3 1 1 1 1 1 0 1 1 0 1 0 1 1 0 0 1 0 1 0 0 1 0
SURVIVOR: 0 0 0 0 3 1 1 1 1 1 0 1 1 1 0 1 1 0 1 0 0 1 0 0 0 1 0
SURVIVOR: 0 0 0 0 3 1 1 1 1 1 1 0 0 1 1 0 1 1 0 0 1 0 0 1 1 0 0
SURVIVOR: 0 0 0 0 3 1 1 1 1 1 1 0 1 0 1 1 1 0 1 0 0 0 1 0 1 0 0
SURVIVOR: 0 0 0 0 3 1 1 1 1 1 1 0 1 1 0 1 0 1 0 1 0 1 0 0 1 0 0
SURVIVOR: 0 0 0 1 0 0 0 1 1 0 0 1 1 0 1 3 0 1 0 1 1 1 1 1 1 0 0
SURVIVOR: 0 0 0 1 0 0 0 1 1 0 0 1 1 1 0 1 1 1 1 1 0 1 3 0 1 0 0
SURVIVOR: 0 0 0 1 0 0 0 1 1 0 1 0 0 1 1 0 1 3 1 0 1 1 1 1 0 1 0
SURVIVOR: 0 0 0 1 0 0 0 1 1 0 1 0 1 0 1 1 1 1 0 1 1 0 1 3 0 1 0
SURVIVOR: 0 0 0 1 0 0 0 1 1 0 1 0 1 0 1 1 1 1 1 0 1 1 0 3 1 0 0
SURVIVOR: 0 0 0 1 0 0 0 1 1 0 1 0 1 1 0 3 1 0 0 1 1 1 1 1 1 0 0
SURVIVOR: 0 0 0 1 0 0 0 1 1 0 1 1 1 1 1 1 0 0 0 1 0 1 1 0 3 1 0
SURVIVOR: 0 0 0 1 0 0 0 1 1 0 3 1 0 0 1 0 1 1 1 1 1 0 0 1 1 1 0
SURVIVOR: 0 0 0 1 0 0 0 1 1 1 0 0 0 1 1 1 1 1 1 1 0 3 1 0 0 1 0
SURVIVOR: 0 0 0 1 0 0 0 1 1 1 0 0 1 0 1 1 0 3 1 0 1 1 1 1 0 1 0
SURVIVOR: 0 0 0 1 0 0 0 1 1 1 1 0 1 1 1 0 0 1 1 0 0 1 1 0 1 3 0
SURVIVOR: 0 0 0 1 0 0 0 1 1 1 1 1 0 0 1 1 1 0 1 3 0 1 0 0 1 1 0
SURVIVOR: 0 0 0 1 0 0 0 1 1 1 1 1 1 0 0 0 1 1 3 1 0 0 1 0 1 1 0
SURVIVOR: 0 0 0 1 0 0 0 1 1 1 3 0 1 0 0 1 1 0 1 1 1 0 0 1 1 1 0
SURVIVOR: 0 0 0 1 0 0 1 0 1 0 0 1 0 1 1 1 1 1 0 1 1 3 0 1 1 0 0
SURVIVOR: 0 0 0 1 0 0 1 0 1 0 0 1 1 1 0 0 1 3 1 0 1 1 1 1 1 0 0
SURVIVOR: 0 0 0 1 0 0 1 0 1 0 1 0 0 1 1 1 0 3 1 0 1 1 1 1 1 0 0
SURVIVOR: 0 0 0 1 0 0 1 0 1 0 1 0 1 0 1 1 3 0 1 1 0 1 1 1 0 1 0
SURVIVOR: 0 0 0 1 0 0 1 0 1 0 1 0 1 1 0 1 1 1 1 0 1 1 3 0 0 1 0
SURVIVOR: 0 0 0 1 0 0 1 0 1 0 1 0 1 1 0 1 1 1 1 1 0 0 3 1 1 0 0
SURVIVOR: 0 0 0 1 0 0 1 0 1 0 1 1 1 1 1 0 0 1 0 0 1 1 0 1 3 1 0
SURVIVOR: 0 0 0 1 0 0 1 0 1 0 3 1 1 0 0 1 1 0 1 1 1 0 1 0 1 1 0
SURVIVOR: 0 0 0 1 0 0 1 0 1 1 0 0 1 0 1 1 1 1 0 1 1 1 0 3 0 1 0
SURVIVOR: 0 0 0 1 0 0 1 0 1 1 0 0 1 1 0 0 3 1 1 1 0 1 1 1 0 1 0
SURVIVOR: 0 0 0 1 0 0 1 0 1 1 1 0 1 1 1 0 1 0 0 1 0 1 0 1 1 3 0
SURVIVOR: 0 0 0 1 0 0 1 0 1 1 1 1 0 1 0 1 1 0 0 3 1 1 0 0 1 1 0
SURVIVOR: 0 0 0 1 0 0 1 0 1 1 1 1 1 0 0 1 0 1 0 1 3 0 0 1 1 1 0
SURVIVOR: 0 0 0 1 0 0 1 0 1 1 3 0 0 1 0 1 0 1 1 1 1 0 1 0 1 1 0
SURVIVOR: 0 0 0 1 0 0 1 1 0 0 0 1 0 1 1 1 3 0 1 1 0 1 1 1 1 0 0
SURVIVOR: 0 0 0 1 0 0 1 1 0 0 0 1 1 0 1 1 1 1 1 0 1 0 1 3 1 0 0
SURVIVOR: 0 0 0 1 0 0 1 1 0 0 1 0 0 1 1 1 1 1 0 1 1 3 1 0 1 0 0
SURVIVOR: 0 0 0 1 0 0 1 1 0 0 1 0 0 1 1 1 1 1 1 1 0 3 0 1 0 1 0
SURVIVOR: 0 0 0 1 0 0 1 1 0 0 1 0 1 0 1 0 3 1 1 1 0 1 1 1 1 0 0
SURVIVOR: 0 0 0 1 0 0 1 1 0 0 1 0 1 1 0 3 0 1 0 1 1 1 1 1 0 1 0
SURVIVOR: 0 0 0 1 0 0 1 1 0 0 1 1 1 1 1 0 1 0 1 0 0 0 1 1 3 1 0
SURVIVOR: 0 0 0 1 0 0 1 1 0 0 3 1 0 1 0 1 0 1 1 1 1 1 0 0 1 1 0
SURVIVOR: 0 0 0 1 0 0 1 1 0 1 0 0 0 1 1 3 1 0 0 1 1 1 1 1 0 1 0
SURVIVOR: 0 0 0 1 0 0 1 1 0 1 0 0 1 1 0 1 1 1 1 0 1 0 3 1 0 1 0
SURVIVOR: 0 0 0 1 0 0 1 1 0 1 1 0 1 1 1 1 0 0 0 0 1 0 1 1 1 3 0
SURVIVOR: 0 0 0 1 0 0 1 1 0 1 1 1 0 0 1 1 0 1 1 0 3 0 0 1 1 1 0
SURVIVOR: 0 0 0 1 0 0 1 1 0 1 1 1 0 1 0 0 1 1 3 0 1 0 1 0 1 1 0
SURVIVOR: 0 0 0 1 0 0 1 1 0 1 3 0 0 0 1 0 1 1 1 1 1 1 0 0 1 1 0
SURVIVOR: 0 0 0 1 0 1 0 0 1 0 0 1 1 1 1 1 0 1 0 1 1 1 0 0 3 1 0
SURVIVOR: 0 0 0 1 0 1 0 0 1 0 1 0 1 1 1 0 1 1 0 1 1 0 0 1 1 3 0
SURVIVOR: 0 0 0 1 0 1 0 0 1 0 1 3 1 0 1 1 0 0 1 1 1 1 1 0 1 0 0
SURVIVOR: 0 0 0 1 0 1 0 0 1 0 3 1 1 0 1 0 1 0 1 1 1 0 1 1 0 1 0
SURVIVOR: 0 0 0 1 0 1 0 0 1 1 0 1 0 0 1 1 1 1 0 1 0 3 0 1 1 1 0
SURVIVOR: 0 0 0 1 0 1 0 0 1 1 0 1 1 0 0 0 1 3 1 0 0 1 1 1 1 1 0
SURVIVOR: 0 0 0 1 0 1 0 0 1 1 0 3 1 1 0 0 0 1 1 1 1 1 1 0 1 0 0
SURVIVOR: 0 0 0 1 0 1 0 0 1 1 1 0 0 0 1 1 0 3 1 0 0 1 1 1 1 1 0
SURVIVOR: 0 0 0 1 0 1 0 0 1 1 1 0 1 0 0 1 1 1 0 0 1 1 0 3 1 1 0
SURVIVOR: 0 0 0 1 0 1 0 0 1 1 1 1 0 1 1 0 1 0 0 3 1 1 0 1 0 1 0
SURVIVOR: 0 0 0 1 0 1 0 0 1 1 1 1 1 0 1 0 0 1 3 0 1 1 1 0 0 1 0
SURVIVOR: 0 0 0 1 0 1 0 0 1 1 1 1 1 0 1 0 0 1 3 1 0 0 1 1 1 0 0
SURVIVOR: 0 0 0 1 0 1 0 0 1 1 1 1 1 1 0 1 0 0 0 1 3 1 0 1 1 0 0
SURVIVOR: 0 0 0 1 0 1 0 0 1 1 3 0 0 1 1 0 0 1 1 1 1 0 1 1 0 1 0
SURVIVOR: 0 0 0 1 0 1 0 1 0 0 0 1 1 1 1 1 1 0 1 1 0 0 1 0 3 1 0
SURVIVOR: 0 0 0 1 0 1 0 1 0 0 1 0 1 1 1 1 0 1 1 1 0 1 0 0 1 3 0
SURVIVOR: 0 0 0 1 0 1 0 1 0 0 1 3 0 1 1 0 1 0 1 1 1 0 1 1 1 0 0
SURVIVOR: 0 0 0 1 0 1 0 1 0 0 3 1 0 1 1 0 0 1 1 1 1 1 0 1 0 1 0
SURVIVOR: 0 0 0 1 0 1 0 1 0 1 0 1 0 0 1 3 0 1 0 0 1 1 1 1 1 1 0
SURVIVOR: 0 0 0 1 0 1 0 1 0 1 0 1 0 1 0 1 1 1 1 0 0 1 3 0 1 1 0
SURVIVOR: 0 0 0 1 0 1 0 1 0 1 0 3 1 0 1 1 0 0 1 1 1 0 1 1 1 0 0
SURVIVOR: 0 0 0 1 0 1 0 1 0 1 1 0 0 0 1 1 1 1 0 1 0 3 1 0 1 1 0
SURVIVOR: 0 0 0 1 0 1 0 1 0 1 1 0 0 1 0 3 1 0 0 0 1 1 1 1 1 1 0
SURVIVOR: 0 0 0 1 0 1 0 1 0 1 1 1 0 1 1 1 0 0 0 1 3 0 1 1 0 1 0
SURVIVOR: 0 0 0 1 0 1 0 1 0 1 1 1 0 1 1 1 0 0 1 0 3 1 0 1 1 0 0
SURVIVOR: 0 0 0 1 0 1 0 1 0 1 1 1 1 0 1 0 1 0 1 3 0 1 1 0 1 0 0
SURVIVOR: 0 0 0 1 0 1 0 1 0 1 1 1 1 1 0 0 0 1 3 1 0 1 1 0 0 1 0
SURVIVOR: 0 0 0 1 0 1 0 1 0 1 3 0 1 1 0 1 0 0 1 1 1 1 0 1 0 1 0
SURVIVOR: 0 0 0 1 0 1 1 0 0 0 0 1 1 1 1 0 1 1 1 0 1 0 0 1 3 1 0
SURVIVOR: 0 0 0 1 0 1 1 0 0 0 1 0 1 1 1 1 1 0 1 0 1 0 1 0 1 3 0
SURVIVOR: 0 0 0 1 0 1 1 0 0 0 1 3 1 1 0 0 0 1 1 1 1 1 0 1 1 0 0
SURVIVOR: 0 0 0 1 0 1 1 0 0 0 3 1 1 1 0 1 0 0 1 1 1 1 1 0 0 1 0
SURVIVOR: 0 0 0 1 0 1 1 0 0 1 0 1 0 1 0 1 3 0 0 1 0 1 1 1 1 1 0
SURVIVOR: 0 0 0 1 0 1 1 0 0 1 0 1 1 0 0 1 1 1 0 0 1 0 1 3 1 1 0
SURVIVOR: 0 0 0 1 0 1 1 0 0 1 0 3 0 1 1 0 1 0 1 1 1 1 0 1 1 0 0
SURVIVOR: 0 0 0 1 0 1 1 0 0 1 1 0 0 1 0 1 1 1 1 0 0 0 3 1 1 1 0
SURVIVOR: 0 0 0 1 0 1 1 0 0 1 1 0 1 0 0 0 3 1 0 1 0 1 1 1 1 1 0
SURVIVOR: 0 0 0 1 0 1 1 0 0 1 1 1 0 1 1 0 0 1 3 0 1 0 1 1 1 0 0
SURVIVOR: 0 0 0 1 0 1 1 0 0 1 1 1 1 0 1 1 0 0 1 0 3 0 1 1 0 1 0
SURVIVOR: 0 0 0 1 0 1 1 0 0 1 1 1 1 1 0 0 1 0 0 3 1 1 1 0 1 0 0
SURVIVOR: 0 0 0 1 0 1 1 0 0 1 1 1 1 1 0 0 1 0 1 3 0 1 0 1 0 1 0
SURVIVOR: 0 0 0 1 0 1 1 0 0 1 3 0 1 0 1 0 1 0 1 1 1 1 1 0 0 1 0
SURVIVOR: 0 0 0 1 0 3 1 1 1 0 0 1 0 0 1 1 0 0 1 0 1 1 1 0 1 1 0
SURVIVOR: 0 0 0 1 0 3 1 1 1 0 0 1 0 1 0 0 1 0 0 1 1 0 1 1 1 1 0
SURVIVOR: 0 0 0 1 0 3 1 1 1 0 0 1 1 0 0 0 0 1 1 1 0 1 0 1 1 1 0
SURVIVOR: 0 0 0 1 0 3 1 1 1 0 1 1 0 1 1 1 1 0 0 0 1 0 1 0 0 1 0
SURVIVOR: 0 0 0 1 0 3 1 1 1 0 1 1 1 0 1 1 0 1 1 0 0 1 0 0 0 1 0
SURVIVOR: 0 0 0 1 0 3 1 1 1 0 1 1 1 1 0 0 1 1 0 1 0 0 0 1 0 1 0
SURVIVOR: 0 0 0 1 0 3 1 1 1 1 0 1 0 1 1 1 0 1 1 0 0 0 1 0 1 0 0
SURVIVOR: 0 0 0 1 0 3 1 1 1 1 0 1 1 0 1 0 1 1 0 1 0 1 0 0 1 0 0
SURVIVOR: 0 0 0 1 0 3 1 1 1 1 0 1 1 1 0 1 1 0 0 0 1 0 0 1 1 0 0
SURVIVOR: 0 0 0 1 1 0 0 0 1 0 1 0 1 1 1 1 0 1 1 1 0 0 1 0 3 1 0
SURVIVOR: 0 0 0 1 1 0 0 0 1 0 1 1 0 1 0 0 1 3 0 0 1 1 1 1 1 1 0
SURVIVOR: 0 0 0 1 1 0 0 0 1 0 1 1 1 0 0 1 1 1 1 0 0 1 3 0 1 1 0
SURVIVOR: 0 0 0 1 1 0 0 0 1 0 3 1 0 1 1 0 0 1 1 1 1 0 1 1 1 0 0
SURVIVOR: 0 0 0 1 1 0 0 0 1 1 0 0 1 1 1 0 1 1 1 1 0 1 0 0 1 3 0
SURVIVOR: 0 0 0 1 1 0 0 0 1 1 0 1 0 1 0 1 1 1 0 1 0 3 1 0 1 1 0
SURVIVOR: 0 0 0 1 1 0 0 0 1 1 0 1 1 0 0 1 0 3 0 0 1 1 1 1 1 1 0
SURVIVOR: 0 0 0 1 1 0 0 0 1 1 1 1 0 1 1 1 0 0 1 3 0 1 1 0 1 0 0
SURVIVOR: 0 0 0 1 1 0 0 0 1 1 1 1 1 0 1 0 1 0 3 1 0 1 1 0 0 1 0
SURVIVOR: 0 0 0 1 1 0 0 0 1 1 1 1 1 1 0 0 0 1 0 1 3 0 1 1 0 1 0
SURVIVOR: 0 0 0 1 1 0 0 0 1 1 1 1 1 1 0 0 0 1 1 0 3 1 0 1 1 0 0
SURVIVOR: 0 0 0 1 1 0 0 0 1 1 3 0 1 1 0 1 0 0 1 1 1 0 1 1 1 0 0
SURVIVOR: 0 0 0 1 1 0 0 0 1 3 0 1 1 0 1 0 0 1 1 1 1 1 0 1 0 1 0
SURVIVOR: 0 0 0 1 1 0 0 0 1 3 1 0 1 1 0 0 1 0 1 1 1 1 0 1 0 1 0
SURVIVOR: 0 0 0 1 1 0 0 1 0 0 1 0 1 1 1 1 1 0 1 0 1 0 0 1 3 1 0
SURVIVOR: 0 0 0 1 1 0 0 1 0 0 1 1 0 0 1 1 1 1 0 0 1 0 1 3 1 1 0
SURVIVOR: 0 0 0 1 1 0 0 1 0 0 1 1 1 0 0 3 0 1 0 1 0 1 1 1 1 1 0
SURVIVOR: 0 0 0 1 1 0 0 1 0 0 3 1 1 1 0 1 0 0 1 1 1 1 0 1 1 0 0
SURVIVOR: 0 0 0 1 1 0 0 1 0 1 0 0 1 1 1 1 0 1 1 0 1 0 1 0 1 3 0
SURVIVOR: 0 0 0 1 1 0 0 1 0 1 0 1 0 0 1 3 1 0 0 1 0 1 1 1 1 1 0
SURVIVOR: 0 0 0 1 1 0 0 1 0 1 0 1 1 0 0 1 1 1 1 0 0 0 3 1 1 1 0
SURVIVOR: 0 0 0 1 1 0 0 1 0 1 1 1 0 1 1 0 0 1 1 0 3 0 1 1 0 1 0
SURVIVOR: 0 0 0 1 1 0 0 1 0 1 1 1 1 0 1 1 0 0 0 3 1 1 1 0 1 0 0
SURVIVOR: 0 0 0 1 1 0 0 1 0 1 1 1 1 0 1 1 0 0 1 3 0 1 0 1 0 1 0
SURVIVOR: 0 0 0 1 1 0 0 1 0 1 1 1 1 1 0 0 1 0 3 0 1 0 1 1 1 0 0
SURVIVOR: 0 0 0 1 1 0 0 1 0 1 3 0 1 0 1 0 1 0 1 1 1 1 0 1 1 0 0
SURVIVOR: 0 0 0 1 1 0 0 1 0 3 0 1 0 1 1 1 0 0 1 1 1 1 1 0 0 1 0
SURVIVOR: 0 0 0 1 1 0 0 1 0 3 1 0 1 0 1 0 0 1 1 1 1 1 1 0 0 1 0
SURVIVOR: 0 0 0 1 1 0 1 0 0 0 1 0 1 1 1 0 1 1 0 1 1 1 0 0 3 1 0
SURVIVOR: 0 0 0 1 1 0 1 0 0 0 1 1 0 0 1 1 3 0 1 0 0 1 1 1 1 1 0
SURVIVOR: 0 0 0 1 1 0 1 0 0 0 1 1 0 1 0 1 1 1 0 1 0 3 0 1 1 1 0
SURVIVOR: 0 0 0 1 1 0 1 0 0 0 3 1 1 0 1 0 1 0 1 1 1 1 1 0 1 0 0
SURVIVOR: 0 0 0 1 1 0 1 0 0 1 0 0 1 1 1 1 1 0 0 1 1 0 0 1 1 3 0
SURVIVOR: 0 0 0 1 1 0 1 0 0 1 0 1 0 0 1 1 1 1 0 0 1 1 0 3 1 1 0
SURVIVOR: 0 0 0 1 1 0 1 0 0 1 0 1 0 1 0 0 3 1 1 0 0 1 1 1 1 1 0
SURVIVOR: 0 0 0 1 1 0 1 0 0 1 1 1 0 1 1 0 1 0 3 0 1 1 1 0 0 1 0
SURVIVOR: 0 0 0 1 1 0 1 0 0 1 1 1 0 1 1 0 1 0 3 1 0 0 1 1 1 0 0
SURVIVOR: 0 0 0 1 1 0 1 0 0 1 1 1 1 0 1 0 0 1 0 1 3 1 0 1 1 0 0
SURVIVOR: 0 0 0 1 1 0 1 0 0 1 1 1 1 1 0 1 0 0 0 3 1 1 0 1 0 1 0
SURVIVOR: 0 0 0 1 1 0 1 0 0 1 3 0 0 1 1 0 0 1 1 1 1 1 1 0 1 0 0
SURVIVOR: 0 0 0 1 1 0 1 0 0 3 0 1 1 1 0 0 1 0 1 1 1 0 1 1 0 1 0
SURVIVOR: 0 0 0 1 1 0 1 0 0 3 1 0 0 1 1 1 0 0 1 1 1 0 1 1 0 1 0
SURVIVOR: 0 0 0 1 1 1 0 1 3 0 0 1 0 1 0 0 0 1 0 1 1 1 1 0 1 1 0
SURVIVOR: 0 0 0 1 1 1 0 1 3 0 1 0 0 0 1 0 0 1 1 1 0 0 1 1 1 1 0
SURVIVOR: 0 0 0 1 1 1 0 1 3 0 1 1 0 1 1 1 0 1 0 1 0 0 1 0 1 0 0
SURVIVOR: 0 0 0 1 1 1 0 1 3 0 1 1 1 0 1 0 1 1 1 0 0 0 1 0 0 1 0
SURVIVOR: 0 0 0 1 1 1 0 1 3 1 0 0 1 0 0 0 0 1 1 0 1 1 0 1 1 1 0
SURVIVOR: 0 0 0 1 1 1 0 1 3 1 0 1 0 1 1 0 1 1 0 1 0 1 0 0 0 1 0
SURVIVOR: 0 0 0 1 1 1 0 1 3 1 0 1 1 1 0 1 0 1 0 0 1 1 0 0 1 0 0
SURVIVOR: 0 0 0 1 1 1 0 1 3 1 1 0 1 0 1 1 0 1 1 0 0 0 0 1 1 0 0
SURVIVOR: 0 0 0 1 1 1 0 1 3 1 1 0 1 1 0 0 1 1 0 0 1 0 0 1 0 1 0
SURVIVOR: 0 0 0 1 1 1 0 3 1 0 0 1 0 0 1 1 0 0 0 1 1 0 1 1 1 1 0
SURVIVOR: 0 0 0 1 1 1 0 3 1 0 1 0 1 0 0 1 0 0 1 1 0 1 0 1 1 1 0
SURVIVOR: 0 0 0 1 1 1 0 3 1 0 1 1 0 1 1 1 1 0 0 0 1 0 0 1 1 0 0
SURVIVOR: 0 0 0 1 1 1 0 3 1 0 1 1 1 0 1 1 0 1 0 1 0 0 0 1 0 1 0
SURVIVOR: 0 0 0 1 1 1 0 3 1 1 0 0 0 1 0 1 0 0 1 0 1 1 1 0 1 1 0
SURVIVOR: 0 0 0 1 1 1 0 3 1 1 0 1 0 1 1 1 0 1 0 0 1 0 1 0 0 1 0
SURVIVOR: 0 0 0 1 1 1 0 3 1 1 0 1 1 1 0 1 1 0 1 0 0 0 1 0 1 0 0
SURVIVOR: 0 0 0 1 1 1 0 3 1 1 1 0 1 0 1 1 1 0 0 1 0 1 0 0 1 0 0
SURVIVOR: 0 0 0 1 1 1 0 3 1 1 1 0 1 1 0 1 0 1 1 0 0 1 0 0 0 1 0
SURVIVOR: 0 0 0 1 1 1 1 0 3 0 0 1 1 0 0 0 0 1 1 0 1 1 1 0 1 1 0
SURVIVOR: 0 0 0 1 1 1 1 0 3 0 1 0 0 1 0 0 0 1 0 1 1 0 1 1 1 1 0
SURVIVOR: 0 0 0 1 1 1 1 0 3 0 1 1 1 0 1 1 0 1 1 0 0 0 1 0 1 0 0
SURVIVOR: 0 0 0 1 1 1 1 0 3 0 1 1 1 1 0 0 1 1 0 0 1 0 1 0 0 1 0
SURVIVOR: 0 0 0 1 1 1 1 0 3 1 0 0 0 0 1 0 0 1 1 1 0 1 0 1 1 1 0
SURVIVOR: 0 0 0 1 1 1 1 0 3 1 0 1 0 1 1 1 0 1 0 1 0 1 0 0 1 0 0
SURVIVOR: 0 0 0 1 1 1 1 0 3 1 0 1 1 0 1 0 1 1 1 0 0 1 0 0 0 1 0
SURVIVOR: 0 0 0 1 1 1 1 0 3 1 1 0 0 1 1 0 1 1 0 1 0 0 0 1 0 1 0
SURVIVOR: 0 0 0 1 1 1 1 0 3 1 1 0 1 1 0 1 0 1 0 0 1 0 0 1 1 0 0
SURVIVOR: 0 0 0 1 1 1 1 3 0 0 0 1 1 0 0 1 0 0 1 1 0 0 1 1 1 1 0
SURVIVOR: 0 0 0 1 1 1 1 3 0 0 1 0 0 1 0 1 0 0 1 0 1 1 0 1 1 1 0
SURVIVOR: 0 0 0 1 1 1 1 3 0 0 1 1 0 1 1 1 0 1 0 0 1 0 0 1 0 1 0
SURVIVOR: 0 0 0 1 1 1 1 3 0 0 1 1 1 1 0 1 1 0 1 0 0 0 0 1 1 0 0
SURVIVOR: 0 0 0 1 1 1 1 3 0 1 0 0 0 0 1 1 0 0 0 1 1 1 1 0 1 1 0
SURVIVOR: 0 0 0 1 1 1 1 3 0 1 0 1 1 0 1 1 1 0 0 1 0 0 1 0 1 0 0
SURVIVOR: 0 0 0 1 1 1 1 3 0 1 0 1 1 1 0 1 0 1 1 0 0 0 1 0 0 1 0
SURVIVOR: 0 0 0 1 1 1 1 3 0 1 1 0 0 1 1 1 1 0 0 0 1 1 0 0 1 0 0
SURVIVOR: 0 0 0 1 1 1 1 3 0 1 1 0 1 0 1 1 0 1 0 1 0 1 0 0 0 1 0
SURVIVOR: 0 0 0 1 1 1 3 0 1 0 0 1 0 0 1 0 1 0 1 0 1 1 0 1 1 1 0
SURVIVOR: 0 0 0 1 1 1 3 0 1 0 1 0 1 0 0 0 1 0 0 1 1 1 1 0 1 1 0
SURVIVOR: 0 0 0 1 1 1 3 0 1 0 1 1 1 0 1 0 1 1 0 0 1 1 0 0 1 0 0
SURVIVOR: 0 0 0 1 1 1 3 0 1 0 1 1 1 1 0 1 1 0 0 1 0 1 0 0 0 1 0
SURVIVOR: 0 0 0 1 1 1 3 0 1 1 0 0 0 1 0 0 1 0 1 1 0 0 1 1 1 1 0
SURVIVOR: 0 0 0 1 1 1 3 0 1 1 0 1 0 1 1 0 1 1 1 0 0 0 0 1 1 0 0
SURVIVOR: 0 0 0 1 1 1 3 0 1 1 0 1 1 0 1 1 1 0 0 0 1 0 0 1 0 1 0
SURVIVOR: 0 0 0 1 1 1 3 0 1 1 1 0 0 1 1 1 1 0 1 0 0 0 1 0 0 1 0
SURVIVOR: 0 0 0 1 1 1 3 0 1 1 1 0 1 1 0 0 1 1 0 1 0 0 1 0 1 0 0
SURVIVOR: 0 0 0 1 1 1 3 1 0 0 0 1 0 1 0 0 1 0 1 1 0 1 0 1 1 1 0
SURVIVOR: 0 0 0 1 1 1 3 1 0 0 1 0 0 0 1 0 1 0 1 0 1 1 1 0 1 1 0
SURVIVOR: 0 0 0 1 1 1 3 1 0 0 1 1 0 1 1 1 1 0 1 0 0 1 0 0 0 1 0
SURVIVOR: 0 0 0 1 1 1 3 1 0 0 1 1 1 1 0 0 1 1 0 1 0 1 0 0 1 0 0
SURVIVOR: 0 0 0 1 1 1 3 1 0 1 0 0 1 0 0 0 1 0 0 1 1 0 1 1 1 1 0
SURVIVOR: 0 0 0 1 1 1 3 1 0 1 0 1 1 0 1 0 1 1 0 0 1 0 0 1 1 0 0
SURVIVOR: 0 0 0 1 1 1 3 1 0 1 0 1 1 1 0 1 1 0 0 1 0 0 0 1 0 1 0
SURVIVOR: 0 0 0 1 1 1 3 1 0 1 1 0 0 1 1 0 1 1 1 0 0 0 1 0 1 0 0
SURVIVOR: 0 0 0 1 1 1 3 1 0 1 1 0 1 0 1 1 1 0 0 0 1 0 1 0 0 1 0
SURVIVOR: 0 0 0 1 3 0 1 1 1 1 0 0 0 0 1 1 0 0 1 1 0 0 1 1 1 1 0
SURVIVOR: 0 0 0 1 3 0 1 1 1 1 0 0 0 1 0 0 1 0 1 0 1 1 0 1 1 1 0
SURVIVOR: 0 0 0 1 3 0 1 1 1 1 0 0 1 0 0 0 0 1 0 1 1 1 1 0 1 1 0
SURVIVOR: 0 0 0 1 3 0 1 1 1 1 0 1 0 1 1 0 1 1 0 0 1 0 0 1 0 1 0
SURVIVOR: 0 0 0 1 3 0 1 1 1 1 0 1 1 0 1 1 1 0 1 0 0 0 1 0 0 1 0
SURVIVOR: 0 0 0 1 3 0 1 1 1 1 0 1 1 1 0 1 0 1 0 1 0 1 0 0 0 1 0
SURVIVOR: 0 0 0 1 3 0 1 1 1 1 1 0 0 1 1 1 1 0 1 0 0 0 0 1 1 0 0
SURVIVOR: 0 0 0 1 3 0 1 1 1 1 1 0 1 0 1 1 0 1 0 1 0 0 1 0 1 0 0
SURVIVOR: 0 0 0 1 3 0 1 1 1 1 1 0 1 1 0 0 1 1 0 0 1 1 0 0 1 0 0
SURVIVOR: 0 0 0 3 0 1 1 1 1 0 1 0 0 0 1 0 0 1 1 0 1 1 0 1 1 1 0
SURVIVOR: 0 0 0 3 0 1 1 1 1 0 1 0 0 1 0 1 0 0 0 1 1 1 1 0 1 1 0
SURVIVOR: 0 0 0 3 0 1 1 1 1 0 1 0 1 0 0 0 1 0 1 1 0 0 1 1 1 1 0
SURVIVOR: 0 0 0 3 0 1 1 1 1 0 1 1 0 1 1 1 0 1 0 0 1 1 0 0 1 0 0
SURVIVOR: 0 0 0 3 0 1 1 1 1 0 1 1 1 0 1 0 1 1 1 0 0 0 0 1 1 0 0
SURVIVOR: 0 0 0 3 0 1 1 1 1 0 1 1 1 1 0 1 1 0 0 1 0 0 1 0 1 0 0
SURVIVOR: 0 0 0 3 0 1 1 1 1 1 1 0 0 1 1 1 1 0 0 1 0 1 0 0 0 1 0
SURVIVOR: 0 0 0 3 0 1 1 1 1 1 1 0 1 0 1 1 0 1 0 0 1 0 0 1 0 1 0
SURVIVOR: 0 0 0 3 0 1 1 1 1 1 1 0 1 1 0 0 1 1 1 0 0 0 1 0 0 1 0
SURVIVOR: 0 0 0 3 1 0 1 1 1 0 1 0 0 0 1 0 1 0 1 1 0 1 0 1 1 1 0
SURVIVOR: 0 0 0 3 1 0 1 1 1 0 1 0 0 1 0 0 0 1 1 0 1 1 1 0 1 1 0
SURVIVOR: 0 0 0 3 1 0 1 1 1 0 1 0 1 0 0 1 0 0 0 1 1 0 1 1 1 1 0
SURVIVOR: 0 0 0 3 1 0 1 1 1 0 1 1 0 1 1 1 1 0 0 1 0 1 0 0 1 0 0
SURVIVOR: 0 0 0 3 1 0 1 1 1 0 1 1 1 0 1 1 0 1 0 0 1 0 0 1 1 0 0
SURVIVOR: 0 0 0 3 1 0 1 1 1 0 1 1 1 1 0 0 1 1 1 0 0 0 1 0 1 0 0
SURVIVOR: 0 0 0 3 1 0 1 1 1 1 1 0 0 1 1 0 1 1 1 0 0 1 0 0 0 1 0
SURVIVOR: 0 0 0 3 1 0 1 1 1 1 1 0 1 0 1 1 1 0 0 1 0 0 0 1 0 1 0
SURVIVOR: 0 0 0 3 1 0 1 1 1 1 1 0 1 1 0 1 0 1 0 0 1 0 1 0 0 1 0
SURVIVOR: 0 0 1 0 0 0 0 1 1 0 0 1 0 1 3 1 1 0 0 1 0 1 1 1 1 1 0
SURVIVOR: 0 0 1 0 0 0 0 1 1 0 0 1 1 1 1 0 1 1 1 0 0 0 3 1 1 1 0
SURVIVOR: 0 0 1 0 0 0 0 1 1 0 1 0 1 0 3 0 1 1 0 1 0 1 1 1 1 1 0
SURVIVOR: 0 0 1 0 0 0 0 1 1 0 1 0 1 1 1 1 1 0 0 0 1 0 1 3 1 1 0
SURVIVOR: 0 0 1 0 0 0 0 1 1 0 1 1 0 0 1 1 1 1 0 3 1 1 1 0 1 0 0
SURVIVOR: 0 0 1 0 0 0 0 1 1 0 1 1 0 0 1 1 1 1 1 3 0 1 0 1 0 1 0
SURVIVOR: 0 0 1 0 0 0 0 1 1 0 1 1 0 1 0 1 0 3 1 1 1 1 1 0 0 1 0
SURVIVOR: 0 0 1 0 0 0 0 1 1 0 1 1 1 0 0 3 0 1 1 1 1 1 0 1 1 0 0
SURVIVOR: 0 0 1 0 0 0 0 1 1 1 0 1 0 0 1 3 1 0 1 1 1 1 0 1 1 0 0
SURVIVOR: 0 0 1 0 0 0 0 1 1 1 0 1 1 0 0 1 1 1 3 0 1 0 1 1 1 0 0
SURVIVOR: 0 0 1 0 0 0 0 1 1 1 1 0 0 0 1 0 1 3 1 1 1 1 1 0 0 1 0
SURVIVOR: 0 0 1 0 0 0 0 1 1 1 1 0 0 1 0 1 1 1 1 0 3 0 1 1 0 1 0
SURVIVOR: 0 0 1 0 0 0 0 1 1 1 1 1 0 1 1 0 0 1 1 0 1 0 1 0 1 3 0
SURVIVOR: 0 0 1 0 0 0 0 1 1 1 1 1 1 0 1 1 0 0 1 0 1 0 0 1 3 1 0
SURVIVOR: 0 0 1 0 0 0 1 0 1 0 0 1 1 0 3 1 1 0 1 0 0 1 1 1 1 1 0
SURVIVOR: 0 0 1 0 0 0 1 0 1 0 0 1 1 1 1 1 0 1 0 1 0 3 0 1 1 1 0
SURVIVOR: 0 0 1 0 0 0 1 0 1 0 1 1 0 0 1 1 3 0 1 1 1 0 1 1 0 1 0
SURVIVOR: 0 0 1 0 0 0 1 0 1 0 1 1 0 1 0 1 1 1 0 3 1 1 0 1 0 1 0
SURVIVOR: 0 0 1 0 0 0 1 0 1 1 0 0 0 1 3 1 0 1 1 0 0 1 1 1 1 1 0
SURVIVOR: 0 0 1 0 0 0 1 0 1 1 0 0 1 1 1 1 1 0 0 0 1 1 0 3 1 1 0
SURVIVOR: 0 0 1 0 0 0 1 0 1 1 0 1 0 0 1 1 1 1 3 0 1 1 1 0 0 1 0
SURVIVOR: 0 0 1 0 0 0 1 0 1 1 0 1 0 0 1 1 1 1 3 1 0 0 1 1 1 0 0
SURVIVOR: 0 0 1 0 0 0 1 0 1 1 0 1 0 1 0 0 3 1 1 1 1 0 1 1 0 1 0
SURVIVOR: 0 0 1 0 0 0 1 0 1 1 0 1 1 0 0 0 1 3 1 1 1 1 1 0 1 0 0
SURVIVOR: 0 0 1 0 0 0 1 0 1 1 1 0 0 0 1 1 0 3 1 1 1 1 1 0 1 0 0
SURVIVOR: 0 0 1 0 0 0 1 0 1 1 1 0 1 0 0 1 1 1 0 1 3 1 0 1 1 0 0
SURVIVOR: 0 0 1 0 0 0 1 0 1 1 1 1 0 1 1 0 1 0 0 1 1 0 0 1 1 3 0
SURVIVOR: 0 0 1 0 0 0 1 0 1 1 1 1 1 0 1 0 0 1 0 1 1 1 0 0 3 1 0
SURVIVOR: 0 0 1 0 0 0 1 1 0 0 1 0 0 1 3 0 1 1 0 0 1 1 1 1 1 1 0
SURVIVOR: 0 0 1 0 0 0 1 1 0 0 1 0 1 1 1 1 0 1 0 1 0 3 1 0 1 1 0
SURVIVOR: 0 0 1 0 0 0 1 1 0 0 1 1 0 0 1 0 3 1 1 1 1 0 1 1 1 0 0
SURVIVOR: 0 0 1 0 0 0 1 1 0 0 1 1 1 0 0 1 1 1 1 3 0 1 1 0 1 0 0
SURVIVOR: 0 0 1 0 0 0 1 1 0 1 0 0 1 0 3 1 0 1 0 0 1 1 1 1 1 1 0
SURVIVOR: 0 0 1 0 0 0 1 1 0 1 0 0 1 1 1 0 1 1 1 0 0 1 3 0 1 1 0
SURVIVOR: 0 0 1 0 0 0 1 1 0 1 0 1 0 0 1 3 0 1 1 1 1 1 0 1 0 1 0
SURVIVOR: 0 0 1 0 0 0 1 1 0 1 0 1 0 1 0 1 1 1 3 1 0 1 1 0 0 1 0
SURVIVOR: 0 0 1 0 0 0 1 1 0 1 1 0 0 0 1 1 1 1 0 1 3 0 1 1 0 1 0
SURVIVOR: 0 0 1 0 0 0 1 1 0 1 1 0 0 0 1 1 1 1 1 0 3 1 0 1 1 0 0
SURVIVOR: 0 0 1 0 0 0 1 1 0 1 1 0 0 1 0 3 1 0 1 1 1 1 0 1 0 1 0
SURVIVOR: 0 0 1 0 0 0 1 1 0 1 1 0 1 0 0 1 3 0 1 1 1 0 1 1 1 0 0
SURVIVOR: 0 0 1 0 0 0 1 1 0 1 1 1 0 1 1 1 0 0 1 1 0 1 0 0 1 3 0
SURVIVOR: 0 0 1 0 0 0 1 1 0 1 1 1 1 0 1 0 1 0 1 1 0 0 1 0 3 1 0
SURVIVOR: 0 0 1 0 0 1 0 1 0 0 0 0 0 1 3 1 1 1 0 1 1 1 1 0 1 1 0
SURVIVOR: 0 0 1 0 0 1 0 1 0 0 0 0 1 1 1 3 0 1 1 0 1 1 0 1 1 1 0
SURVIVOR: 0 0 1 0 0 1 0 1 0 0 1 1 0 1 1 1 0 1 0 0 0 1 1 1 1 3 0
SURVIVOR: 0 0 1 0 0 1 0 1 0 0 1 1 0 1 1 1 0 1 1 1 1 0 0 0 1 3 0
SURVIVOR: 0 0 1 0 0 1 0 1 0 0 1 1 1 0 1 0 1 1 1 3 0 1 1 1 0 0 0
SURVIVOR: 0 0 1 0 0 1 0 1 0 0 1 1 1 1 0 1 1 0 1 1 1 0 1 3 0 0 0
SURVIVOR: 0 0 1 0 0 1 0 1 0 0 1 3 0 0 0 1 1 1 1 1 0 0 1 1 1 1 0
SURVIVOR: 0 0 1 0 0 1 0 1 0 0 1 3 1 1 1 0 0 0 1 1 0 0 1 1 1 1 0
SURVIVOR: 0 0 1 0 0 1 0 1 0 1 0 1 0 1 1 0 1 1 1 1 1 1 3 0 0 0 0
SURVIVOR: 0 0 1 0 0 1 0 1 0 1 0 1 1 1 0 1 0 1 3 0 1 1 1 1 0 0 0
SURVIVOR: 0 0 1 0 0 1 0 1 0 1 1 0 0 1 1 1 1 0 0 1 3 1 1 1 0 0 0
SURVIVOR: 0 0 1 0 0 1 0 1 0 1 1 0 1 0 1 1 0 1 1 1 1 3 0 1 0 0 0
SURVIVOR: 0 0 1 0 0 1 0 1 0 1 1 1 0 0 0 3 0 1 1 0 1 1 0 1 1 1 0
SURVIVOR: 0 0 1 0 0 1 0 1 0 1 1 1 0 1 3 0 0 0 0 1 1 1 1 0 1 1 0
SURVIVOR: 0 0 1 0 0 1 1 0 0 0 0 0 1 0 3 1 1 1 1 0 1 1 1 0 1 1 0
SURVIVOR: 0 0 1 0 0 1 1 0 0 0 0 0 1 1 1 0 3 1 0 1 1 0 1 1 1 1 0
SURVIVOR: 0 0 1 0 0 1 1 0 0 0 1 1 1 0 1 1 0 1 1 1 1 3 1 0 0 0 0
SURVIVOR: 0 0 1 0 0 1 1 0 0 0 1 1 1 1 0 0 1 1 0 3 1 1 1 1 0 0 0
SURVIVOR: 0 0 1 0 0 1 1 0 0 1 0 1 0 1 1 1 0 1 3 1 0 1 1 1 0 0 0
SURVIVOR: 0 0 1 0 0 1 1 0 0 1 0 1 1 0 1 0 1 1 0 0 0 1 1 1 3 1 0
SURVIVOR: 0 0 1 0 0 1 1 0 0 1 0 1 1 0 1 0 1 1 1 1 1 0 0 0 3 1 0
SURVIVOR: 0 0 1 0 0 1 1 0 0 1 0 1 1 1 0 1 1 0 1 1 1 1 0 3 0 0 0
SURVIVOR: 0 0 1 0 0 1 1 0 0 1 0 3 0 0 0 1 1 1 1 1 0 1 0 1 1 1 0
SURVIVOR: 0 0 1 0 0 1 1 0 0 1 0 3 1 1 1 0 0 0 1 1 0 1 0 1 1 1 0
SURVIVOR: 0 0 1 0 0 1 1 0 0 1 1 0 0 1 1 0 1 1 1 1 1 0 3 1 0 0 0
SURVIVOR: 0 0 1 0 0 1 1 0 0 1 1 0 1 0 1 1 1 0 1 0 3 1 1 1 0 0 0
SURVIVOR: 0 0 1 0 0 1 1 0 0 1 1 1 0 0 0 0 3 1 0 1 1 0 1 1 1 1 0
SURVIVOR: 0 0 1 0 0 1 1 0 0 1 1 1 1 0 3 0 0 0 1 0 1 1 1 0 1 1 0
SURVIVOR: 0 0 1 0 1 0 0 0 1 0 0 0 0 1 3 1 1 1 1 1 0 0 1 1 1 1 0
SURVIVOR: 0 0 1 0 1 0 0 0 1 0 0 0 1 1 1 0 1 3 0 1 1 1 1 0 1 1 0
SURVIVOR: 0 0 1 0 1 0 0 0 1 0 1 1 0 1 1 1 0 1 1 3 0 1 1 1 0 0 0
SURVIVOR: 0 0 1 0 1 0 0 0 1 0 1 1 1 0 1 0 1 1 1 1 1 1 3 0 0 0 0
SURVIVOR: 0 0 1 0 1 0 0 0 1 1 0 1 0 1 1 0 1 1 0 0 0 1 1 1 1 3 0
SURVIVOR: 0 0 1 0 1 0 0 0 1 1 0 1 0 1 1 0 1 1 1 1 1 0 0 0 1 3 0
SURVIVOR: 0 0 1 0 1 0 0 0 1 1 0 1 1 0 1 1 1 0 3 0 1 1 1 1 0 0 0
SURVIVOR: 0 0 1 0 1 0 0 0 1 1 0 1 1 1 0 1 0 1 1 1 1 3 0 1 0 0 0
SURVIVOR: 0 0 1 0 1 0 0 0 1 1 1 0 0 1 1 1 1 0 1 1 1 0 1 3 0 0 0
SURVIVOR: 0 0 1 0 1 0 0 0 1 1 1 0 1 1 0 0 1 1 0 1 3 1 1 1 0 0 0
SURVIVOR: 0 0 1 0 1 0 0 0 1 1 1 1 0 0 0 0 1 3 0 1 1 1 1 0 1 1 0
SURVIVOR: 0 0 1 0 1 0 0 0 1 1 1 1 0 1 3 0 0 0 1 1 0 0 1 1 1 1 0
SURVIVOR: 0 0 1 0 1 0 0 0 1 3 0 1 0 0 0 1 1 1 1 0 1 1 0 1 1 1 0
SURVIVOR: 0 0 1 0 1 0 0 0 1 3 0 1 1 1 1 0 0 0 1 0 1 1 0 1 1 1 0
SURVIVOR: 0 0 1 0 1 0 0 1 0 0 0 0 1 0 3 1 1 1 0 1 1 0 1 1 1 1 0
SURVIVOR: 0 0 1 0 1 0 0 1 0 0 0 0 1 1 1 3 1 0 1 1 0 1 0 1 1 1 0
SURVIVOR: 0 0 1 0 1 0 0 1 0 0 1 1 0 1 1 1 1 0 1 1 1 1 0 3 0 0 0
SURVIVOR: 0 0 1 0 1 0 0 1 0 0 1 1 1 0 1 1 0 1 0 3 1 1 1 1 0 0 0
SURVIVOR: 0 0 1 0 1 0 0 1 0 1 0 1 1 0 1 0 1 1 1 1 1 0 3 1 0 0 0
SURVIVOR: 0 0 1 0 1 0 0 1 0 1 0 1 1 1 0 1 1 0 3 1 0 1 1 1 0 0 0
SURVIVOR: 0 0 1 0 1 0 0 1 0 1 1 0 0 1 1 0 1 1 1 0 3 1 1 1 0 0 0
SURVIVOR: 0 0 1 0 1 0 0 1 0 1 1 0 1 0 1 1 1 0 0 0 0 1 1 1 3 1 0
SURVIVOR: 0 0 1 0 1 0 0 1 0 1 1 0 1 0 1 1 1 0 1 1 1 0 0 0 3 1 0
SURVIVOR: 0 0 1 0 1 0 0 1 0 1 1 0 1 1 0 1 0 1 1 1 1 3 1 0 0 0 0
SURVIVOR: 0 0 1 0 1 0 0 1 0 1 1 1 0 0 0 3 1 0 1 1 0 1 0 1 1 1 0
SURVIVOR: 0 0 1 0 1 0 0 1 0 1 1 1 1 0 3 0 0 0 0 1 1 0 1 1 1 1 0
SURVIVOR: 0 0 1 0 1 0 0 1 0 3 1 0 0 0 0 1 1 1 1 0 1 1 1 0 1 1 0
SURVIVOR: 0 0 1 0 1 0 0 1 0 3 1 0 1 1 1 0 0 0 1 0 1 1 1 0 1 1 0
SURVIVOR: 0 0 1 0 1 1 0 0 0 0 0 1 0 1 1 1 1 1 0 1 0 1 0 1 1 3 0
SURVIVOR: 0 0 1 0 1 1 0 0 0 0 1 1 1 0 3 0 1 0 1 1 1 0 1 0 1 1 0
SURVIVOR: 0 0 1 0 1 1 0 0 0 0 1 1 1 1 1 0 0 1 0 3 1 1 0 0 1 1 0
SURVIVOR: 0 0 1 0 1 1 0 0 0 0 1 3 0 0 1 1 1 0 1 1 0 1 1 1 0 1 0
SURVIVOR: 0 0 1 0 1 1 0 0 0 1 0 0 1 0 1 1 1 1 0 0 1 1 0 1 3 1 0
SURVIVOR: 0 0 1 0 1 1 0 0 0 1 0 3 0 1 0 0 1 1 1 1 0 1 1 1 0 1 0
SURVIVOR: 0 0 1 0 1 1 0 0 0 1 1 0 0 1 3 0 0 1 1 1 1 0 1 0 1 1 0
SURVIVOR: 0 0 1 0 1 1 0 0 0 1 1 0 1 1 1 0 1 0 0 1 3 0 0 1 1 1 0
SURVIVOR: 0 0 1 0 1 1 0 0 0 1 1 1 0 0 1 0 1 1 1 0 1 1 3 0 0 1 0
SURVIVOR: 0 0 1 0 1 1 0 0 0 1 1 1 0 0 1 0 1 1 1 1 0 0 3 1 1 0 0
SURVIVOR: 0 0 1 0 1 1 0 0 0 1 1 1 0 1 0 1 1 0 0 1 1 1 0 3 0 1 0
SURVIVOR: 0 0 1 0 1 1 0 0 0 1 1 1 1 0 0 1 0 1 0 1 1 3 0 1 1 0 0
SURVIVOR: 0 0 1 0 1 1 0 0 0 3 0 1 1 0 0 0 1 1 1 0 1 1 1 1 1 0 0
SURVIVOR: 0 0 1 0 1 1 0 0 0 3 1 0 0 0 1 1 0 1 1 0 1 1 1 1 1 0 0
SURVIVOR: 0 0 1 0 1 1 0 3 1 0 0 0 0 0 1 1 1 0 0 1 1 1 1 1 1 0 0
SURVIVOR: 0 0 1 0 1 1 0 3 1 0 0 0 0 1 0 1 0 1 1 0 1 1 1 1 0 1 0
SURVIVOR: 0 0 1 0 1 1 0 3 1 0 0 1 1 1 0 1 1 1 1 0 0 0 1 1 0 0 0
SURVIVOR: 0 0 1 0 1 1 0 3 1 0 1 0 1 0 1 1 1 1 0 1 0 1 0 1 0 0 0
SURVIVOR: 0 0 1 0 1 1 0 3 1 0 1 1 0 0 0 1 0 0 1 1 1 0 0 1 1 1 0
SURVIVOR: 0 0 1 0 1 1 0 3 1 0 1 1 1 1 1 1 0 0 0 0 0 0 0 1 1 1 0
SURVIVOR: 0 0 1 0 1 1 0 3 1 1 0 0 0 1 1 1 1 1 0 0 1 1 1 0 0 0 0
SURVIVOR: 0 0 1 0 1 1 0 3 1 1 1 1 0 0 1 1 1 0 0 1 1 0 0 0 1 0 0
SURVIVOR: 0 0 1 0 1 1 0 3 1 1 1 1 0 1 0 1 0 1 1 0 1 0 0 0 0 1 0
SURVIVOR: 0 0 1 0 1 1 1 1 1 0 0 0 0 0 1 0 1 1 1 0 1 1 3 0 0 1 0
SURVIVOR: 0 0 1 0 1 1 1 1 1 0 0 0 0 0 1 0 1 1 1 1 0 0 3 1 1 0 0
SURVIVOR: 0 0 1 0 1 1 1 1 1 0 0 0 0 1 0 1 1 0 0 1 1 1 0 3 0 1 0
SURVIVOR: 0 0 1 0 1 1 1 1 1 0 0 0 1 0 0 1 0 1 0 1 1 3 0 1 1 0 0
SURVIVOR: 0 0 1 0 1 1 1 1 1 0 0 1 0 1 1 0 0 0 0 1 0 1 0 1 1 3 0
SURVIVOR: 0 0 1 0 1 1 1 1 1 0 0 1 1 0 1 3 1 0 1 0 0 1 0 1 0 0 0
SURVIVOR: 0 0 1 0 1 1 1 1 1 0 0 1 1 1 0 0 1 3 0 1 0 1 1 0 0 0 0
SURVIVOR: 0 0 1 0 1 1 1 1 1 0 1 0 0 1 1 1 0 3 0 1 0 1 1 0 0 0 0
SURVIVOR: 0 0 1 0 1 1 1 1 1 0 1 0 1 0 1 1 3 0 0 0 1 0 1 1 0 0 0
SURVIVOR: 0 0 1 0 1 1 1 1 1 0 1 1 0 0 0 0 0 1 0 3 1 1 0 0 1 1 0
SURVIVOR: 0 0 1 0 1 1 1 1 1 0 1 1 1 0 3 0 1 0 0 0 0 0 1 0 1 1 0
SURVIVOR: 0 0 1 0 1 1 1 1 1 0 1 3 0 0 1 1 1 0 1 1 0 0 0 0 0 1 0
SURVIVOR: 0 0 1 0 1 1 1 1 1 1 0 0 0 1 1 3 0 1 1 0 0 1 0 1 0 0 0
SURVIVOR: 0 0 1 0 1 1 1 1 1 1 0 0 1 0 1 0 0 0 0 0 1 1 0 1 3 1 0
SURVIVOR: 0 0 1 0 1 1 1 1 1 1 0 0 1 1 0 0 3 1 0 0 1 0 1 1 0 0 0
SURVIVOR: 0 0 1 0 1 1 1 1 1 1 0 3 0 1 0 0 1 1 1 1 0 0 0 0 0 1 0
SURVIVOR: 0 0 1 0 1 1 1 1 1 1 1 0 0 0 0 0 1 0 0 1 3 0 0 1 1 1 0
SURVIVOR: 0 0 1 0 1 1 1 1 1 1 1 0 0 1 3 0 0 1 0 0 0 0 1 0 1 1 0
SURVIVOR: 0 0 1 0 1 1 1 1 1 3 0 1 1 0 0 0 1 1 1 0 1 0 0 0 1 0 0
SURVIVOR: 0 0 1 0 1 1 1 1 1 3 1 0 0 0 1 1 0 1 1 0 1 0 0 0 1 0 0
SURVIVOR: 0 0 1 0 1 1 1 3 0 0 0 0 0 0 1 1 0 1 0 1 1 1 1 1 0 1 0
SURVIVOR: 0 0 1 0 1 1 1 3 0 0 0 0 1 0 0 1 1 0 1 1 0 1 1 1 1 0 0
SURVIVOR: 0 0 1 0 1 1 1 3 0 0 0 1 1 0 1 1 1 1 0 1 0 0 1 1 0 0 0
SURVIVOR: 0 0 1 0 1 1 1 3 0 0 1 0 0 1 1 1 1 1 0 0 1 1 0 1 0 0 0
SURVIVOR: 0 0 1 0 1 1 1 3 0 1 0 0 1 1 0 1 1 1 1 0 0 1 1 0 0 0 0
SURVIVOR: 0 0 1 0 1 1 1 3 0 1 1 0 0 0 0 1 0 0 1 1 1 1 0 0 1 1 0
SURVIVOR: 0 0 1 0 1 1 1 3 0 1 1 0 1 1 1 1 0 0 0 0 0 1 0 0 1 1 0
SURVIVOR: 0 0 1 0 1 1 1 3 0 1 1 1 0 0 1 1 0 1 0 1 1 0 0 0 0 1 0
SURVIVOR: 0 0 1 0 1 1 1 3 0 1 1 1 1 0 0 1 1 0 1 1 0 0 0 0 1 0 0
SURVIVOR: 0 0 1 0 1 3 1 1 0 0 0 1 0 0 0 0 1 1 0 1 0 1 1 1 1 1 0
SURVIVOR: 0 0 1 0 1 3 1 1 0 0 0 1 1 1 1 0 1 1 0 1 0 0 0 0 1 1 0
SURVIVOR: 0 0 1 0 1 3 1 1 0 0 1 1 0 0 1 0 0 0 1 1 1 1 1 0 0 1 0
SURVIVOR: 0 0 1 0 1 3 1 1 0 0 1 1 0 0 1 1 1 1 0 0 0 1 1 0 0 1 0
SURVIVOR: 0 0 1 0 1 3 1 1 0 1 0 1 1 0 0 0 0 0 1 1 1 1 0 1 1 0 0
SURVIVOR: 0 0 1 0 1 3 1 1 0 1 0 1 1 0 0 1 1 1 0 0 0 1 0 1 1 0 0
SURVIVOR: 0 0 1 0 1 3 1 1 0 1 1 1 0 1 1 0 0 1 1 1 0 0 1 0 0 0 0
SURVIVOR: 0 0 1 0 1 3 1 1 0 1 1 1 1 0 1 1 0 0 1 0 1 1 0 0 0 0 0
SURVIVOR: 0 0 1 0 1 3 1 1 0 1 1 1 1 1 0 0 1 0 0 1 1 0 0 1 0 0 0
SURVIVOR: 0 0 1 0 3 1 0 1 1 1 0 0 0 0 0 0 1 1 0 0 1 1 1 1 1 1 0
SURVIVOR: 0 0 1 0 3 1 0 1 1 1 0 0 1 1 1 0 1 1 0 0 1 0 0 0 1 1 0
SURVIVOR: 0 0 1 0 3 1 0 1 1 1 0 1 0 1 0 0 0 0 1 1 1 1 0 1 0 1 0
SURVIVOR: 0 0 1 0 3 1 0 1 1 1 0 1 0 1 0 1 1 1 0 0 0 1 0 1 0 1 0
SURVIVOR: 0 0 1 0 3 1 0 1 1 1 1 0 0 0 1 0 0 0 1 1 1 0 1 1 1 0 0
SURVIVOR: 0 0 1 0 3 1 0 1 1 1 1 0 0 0 1 1 1 1 0 0 0 0 1 1 1 0 0
SURVIVOR: 0 0 1 0 3 1 0 1 1 1 1 1 0 1 1 1 0 0 1 1 0 0 0 1 0 0 0
SURVIVOR: 0 0 1 0 3 1 0 1 1 1 1 1 1 0 1 0 1 0 1 0 1 0 1 0 0 0 0
SURVIVOR: 0 0 1 0 3 1 0 1 1 1 1 1 1 1 0 0 0 1 0 1 1 1 0 0 0 0 0
SURVIVOR: 0 0 1 1 0 0 0 0 1 0 0 0 1 0 3 1 1 1 1 1 0 1 0 1 1 1 0
SURVIVOR: 0 0 1 1 0 0 0 0 1 0 0 0 1 1 1 1 0 3 1 0 1 1 1 0 1 1 0
SURVIVOR: 0 0 1 1 0 0 0 0 1 0 1 1 0 1 1 1 1 0 0 3 1 1 1 1 0 0 0
SURVIVOR: 0 0 1 1 0 0 0 0 1 0 1 1 1 0 1 1 0 1 0 0 0 1 1 1 3 1 0
SURVIVOR: 0 0 1 1 0 0 0 0 1 0 1 1 1 0 1 1 0 1 1 1 1 0 0 0 3 1 0
SURVIVOR: 0 0 1 1 0 0 0 0 1 0 1 1 1 1 0 0 1 1 1 1 1 0 3 1 0 0 0
SURVIVOR: 0 0 1 1 0 0 0 0 1 0 3 1 0 0 0 1 1 1 0 1 1 0 1 1 1 1 0
SURVIVOR: 0 0 1 1 0 0 0 0 1 0 3 1 1 1 1 0 0 0 0 1 1 0 1 1 1 1 0
SURVIVOR: 0 0 1 1 0 0 0 0 1 1 0 1 0 1 1 1 0 1 1 1 1 3 1 0 0 0 0
SURVIVOR: 0 0 1 1 0 0 0 0 1 1 0 1 1 0 1 0 1 1 3 1 0 1 1 1 0 0 0
SURVIVOR: 0 0 1 1 0 0 0 0 1 1 1 0 1 0 1 1 1 0 1 1 1 1 0 3 0 0 0
SURVIVOR: 0 0 1 1 0 0 0 0 1 1 1 0 1 1 0 1 0 1 1 0 3 1 1 1 0 0 0
SURVIVOR: 0 0 1 1 0 0 0 0 1 1 1 1 0 0 0 1 0 3 1 0 1 1 1 0 1 1 0
SURVIVOR: 0 0 1 1 0 0 0 0 1 1 1 1 1 0 3 0 0 0 1 1 0 1 0 1 1 1 0
SURVIVOR: 0 0 1 1 0 0 1 0 0 0 0 0 0 1 3 1 1 1 1 0 1 1 0 1 1 1 0
SURVIVOR: 0 0 1 1 0 0 1 0 0 0 0 0 1 1 1 1 3 0 1 1 0 0 1 1 1 1 0
SURVIVOR: 0 0 1 1 0 0 1 0 0 0 1 1 0 1 1 1 0 1 1 1 1 3 0 1 0 0 0
SURVIVOR: 0 0 1 1 0 0 1 0 0 0 1 1 1 1 0 1 1 0 1 3 0 1 1 1 0 0 0
SURVIVOR: 0 0 1 1 0 0 1 0 0 1 0 1 0 1 1 0 1 1 3 0 1 1 1 1 0 0 0
SURVIVOR: 0 0 1 1 0 0 1 0 0 1 0 1 1 0 1 1 1 0 1 1 1 0 1 3 0 0 0
SURVIVOR: 0 0 1 1 0 0 1 0 0 1 1 0 0 1 1 1 1 0 0 0 0 1 1 1 1 3 0
SURVIVOR: 0 0 1 1 0 0 1 0 0 1 1 0 0 1 1 1 1 0 1 1 1 0 0 0 1 3 0
SURVIVOR: 0 0 1 1 0 0 1 0 0 1 1 0 1 0 1 1 0 1 0 1 3 1 1 1 0 0 0
SURVIVOR: 0 0 1 1 0 0 1 0 0 1 1 0 1 1 0 0 1 1 1 1 1 1 3 0 0 0 0
SURVIVOR: 0 0 1 1 0 0 1 0 0 1 1 1 0 0 0 1 3 0 1 1 0 0 1 1 1 1 0
SURVIVOR: 0 0 1 1 0 0 1 0 0 1 1 1 0 1 3 0 0 0 1 0 1 1 0 1 1 1 0
SURVIVOR: 0 0 1 1 0 0 1 0 0 1 3 0 0 0 0 1 1 1 0 1 1 1 1 0 1 1 0
SURVIVOR: 0 0 1 1 0 0 1 0 0 1 3 0 1 1 1 0 0 0 0 1 1 1 1 0 1 1 0
SURVIVOR: 0 0 1 1 0 1 0 0 0 0 0 1 1 0 1 1 1 1 1 0 0 0 1 1 3 1 0
SURVIVOR: 0 0 1 1 0 1 0 0 0 0 1 0 0 1 1 1 1 1 0 0 1 0 1 1 1 3 0
SURVIVOR: 0 0 1 1 0 1 0 0 0 0 1 3 1 0 0 1 0 1 1 1 0 1 1 1 1 0 0
SURVIVOR: 0 0 1 1 0 1 0 0 0 0 3 1 0 1 0 1 0 1 0 1 1 1 1 1 0 1 0
SURVIVOR: 0 0 1 1 0 1 0 0 0 1 0 1 0 1 3 1 0 0 1 1 1 1 0 0 1 1 0
SURVIVOR: 0 0 1 1 0 1 0 0 0 1 0 1 1 1 1 0 0 1 3 0 1 0 1 0 1 1 0
SURVIVOR: 0 0 1 1 0 1 0 0 0 1 0 3 0 0 1 1 1 0 1 1 0 1 1 1 1 0 0
SURVIVOR: 0 0 1 1 0 1 0 0 0 1 1 0 1 0 3 0 0 1 1 1 1 1 0 0 1 1 0
SURVIVOR: 0 0 1 1 0 1 0 0 0 1 1 0 1 1 1 1 0 0 1 0 3 0 0 1 1 1 0
SURVIVOR: 0 0 1 1 0 1 0 0 0 1 1 1 0 0 1 1 0 1 0 1 1 3 1 0 1 0 0
SURVIVOR: 0 0 1 1 0 1 0 0 0 1 1 1 0 0 1 1 0 1 1 1 0 3 0 1 0 1 0
SURVIVOR: 0 0 1 1 0 1 0 0 0 1 1 1 0 1 0 0 1 1 1 0 1 0 3 1 0 1 0
SURVIVOR: 0 0 1 1 0 1 0 0 0 1 1 1 1 0 0 1 1 0 1 0 1 0 1 3 1 0 0
SURVIVOR: 0 0 1 1 0 1 0 0 0 1 3 0 0 0 1 0 1 1 0 1 1 1 1 1 0 1 0
SURVIVOR: 0 0 1 1 0 1 1 1 1 0 0 0 0 0 1 1 0 1 0 1 1 3 1 0 1 0 0
SURVIVOR: 0 0 1 1 0 1 1 1 1 0 0 0 0 0 1 1 0 1 1 1 0 3 0 1 0 1 0
SURVIVOR: 0 0 1 1 0 1 1 1 1 0 0 0 0 1 0 0 1 1 1 0 1 0 3 1 0 1 0
SURVIVOR: 0 0 1 1 0 1 1 1 1 0 0 0 1 0 0 1 1 0 1 0 1 0 1 3 1 0 0
SURVIVOR: 0 0 1 1 0 1 1 1 1 0 0 1 0 1 1 1 3 0 0 1 0 0 1 1 0 0 0
SURVIVOR: 0 0 1 1 0 1 1 1 1 0 0 1 1 0 1 0 0 0 1 0 0 0 1 1 3 1 0
SURVIVOR: 0 0 1 1 0 1 1 1 1 0 0 1 1 1 0 1 0 3 1 0 0 1 1 0 0 0 0
SURVIVOR: 0 0 1 1 0 1 1 1 1 0 1 0 0 1 1 0 0 0 0 0 1 0 1 1 1 3 0
SURVIVOR: 0 0 1 1 0 1 1 1 1 0 1 0 1 0 1 0 3 1 0 1 0 0 1 1 0 0 0
SURVIVOR: 0 0 1 1 0 1 1 1 1 0 1 0 1 1 0 3 0 1 0 0 1 1 0 1 0 0 0
SURVIVOR: 0 0 1 1 0 1 1 1 1 0 1 3 1 0 0 1 0 1 1 1 0 0 0 0 1 0 0
SURVIVOR: 0 0 1 1 0 1 1 1 1 0 3 1 0 1 0 1 0 1 0 1 1 0 0 0 0 1 0
SURVIVOR: 0 0 1 1 0 1 1 1 1 1 0 0 0 1 1 3 1 0 0 0 1 1 0 1 0 0 0
SURVIVOR: 0 0 1 1 0 1 1 1 1 1 0 0 1 0 1 0 1 3 1 0 0 1 1 0 0 0 0
SURVIVOR: 0 0 1 1 0 1 1 1 1 1 0 1 0 0 0 0 0 1 3 0 1 0 1 0 1 1 0
SURVIVOR: 0 0 1 1 0 1 1 1 1 1 0 1 0 1 3 1 0 0 0 0 0 1 0 0 1 1 0
SURVIVOR: 0 0 1 1 0 1 1 1 1 1 0 3 0 0 1 1 1 0 1 1 0 0 0 0 1 0 0
SURVIVOR: 0 0 1 1 0 1 1 1 1 1 1 0 0 0 0 1 0 0 1 0 3 0 0 1 1 1 0
SURVIVOR: 0 0 1 1 0 1 1 1 1 1 1 0 1 0 3 0 0 1 0 0 0 1 0 0 1 1 0
SURVIVOR: 0 0 1 1 0 1 1 1 1 1 3 0 0 0 1 0 1 1 0 1 1 0 0 0 0 1 0
SURVIVOR: 0 0 1 1 0 1 3 0 1 0 0 0 0 0 1 1 1 0 1 0 1 1 1 1 0 1 0
SURVIVOR: 0 0 1 1 0 1 3 0 1 0 0 0 1 0 0 0 1 1 0 1 1 1 1 1 1 0 0
SURVIVOR: 0 0 1 1 0 1 3 0 1 0 0 1 1 1 0 1 1 1 0 1 0 1 0 1 0 0 0
SURVIVOR: 0 0 1 1 0 1 3 0 1 0 1 0 1 0 1 1 1 1 0 0 1 1 1 0 0 0 0
SURVIVOR: 0 0 1 1 0 1 3 0 1 1 0 0 0 1 1 1 1 1 1 0 0 0 1 1 0 0 0
SURVIVOR: 0 0 1 1 0 1 3 0 1 1 0 1 0 0 0 0 1 0 1 1 1 0 0 1 1 1 0
SURVIVOR: 0 0 1 1 0 1 3 0 1 1 0 1 1 1 1 0 1 0 0 0 0 0 0 1 1 1 0
SURVIVOR: 0 0 1 1 0 1 3 0 1 1 1 1 0 0 1 1 1 0 1 0 1 0 0 0 0 1 0
SURVIVOR: 0 0 1 1 0 1 3 0 1 1 1 1 1 0 0 0 1 1 0 1 1 0 0 0 1 0 0
SURVIVOR: 0 0 1 1 0 1 3 1 0 0 0 0 0 0 1 0 1 1 1 0 1 1 1 1 1 0 0
SURVIVOR: 0 0 1 1 0 1 3 1 0 0 0 0 0 1 0 1 1 0 1 1 0 1 1 1 0 1 0
SURVIVOR: 0 0 1 1 0 1 3 1 0 0 0 1 0 1 1 1 1 1 1 0 0 1 0 1 0 0 0
SURVIVOR: 0 0 1 1 0 1 3 1 0 0 1 0 1 1 0 1 1 1 0 1 0 1 1 0 0 0 0
SURVIVOR: 0 0 1 1 0 1 3 1 0 1 0 0 1 0 1 1 1 1 0 0 1 0 1 1 0 0 0
SURVIVOR: 0 0 1 1 0 1 3 1 0 1 1 0 0 0 0 0 1 0 1 1 1 0 1 0 1 1 0
SURVIVOR: 0 0 1 1 0 1 3 1 0 1 1 0 1 1 1 0 1 0 0 0 0 0 1 0 1 1 0
SURVIVOR: 0 0 1 1 0 1 3 1 0 1 1 1 0 0 1 0 1 1 1 0 1 0 0 0 1 0 0
SURVIVOR: 0 0 1 1 0 1 3 1 0 1 1 1 0 1 0 1 1 0 1 1 0 0 0 0 0 1 0
SURVIVOR: 0 0 1 1 0 3 1 1 0 0 0 1 0 0 0 1 0 1 1 0 0 1 1 1 1 1 0
SURVIVOR: 0 0 1 1 0 3 1 1 0 0 0 1 1 1 1 1 0 1 1 0 0 0 0 0 1 1 0
SURVIVOR: 0 0 1 1 0 3 1 1 0 0 1 1 0 1 0 0 0 0 1 1 1 0 1 1 0 1 0
SURVIVOR: 0 0 1 1 0 3 1 1 0 0 1 1 0 1 0 1 1 1 0 0 0 0 1 1 0 1 0
SURVIVOR: 0 0 1 1 0 3 1 1 0 1 0 1 0 0 1 0 0 0 1 1 1 1 1 0 1 0 0
SURVIVOR: 0 0 1 1 0 3 1 1 0 1 0 1 0 0 1 1 1 1 0 0 0 1 1 0 1 0 0
SURVIVOR: 0 0 1 1 0 3 1 1 0 1 1 1 0 1 1 0 1 0 0 1 1 0 1 0 0 0 0
SURVIVOR: 0 0 1 1 0 3 1 1 0 1 1 1 1 0 1 0 0 1 1 1 0 1 0 0 0 0 0
SURVIVOR: 0 0 1 1 0 3 1 1 0 1 1 1 1 1 0 1 0 0 1 0 1 0 0 1 0 0 0
SURVIVOR: 0 0 1 1 1 0 0 0 0 0 1 0 1 0 1 1 1 1 0 1 0 1 1 0 3 1 0
SURVIVOR: 0 0 1 1 1 0 0 0 0 0 1 1 0 1 3 0 1 0 1 1 1 0 0 1 1 1 0
SURVIVOR: 0 0 1 1 1 0 0 0 0 0 1 1 1 1 1 1 0 0 1 3 0 1 0 0 1 1 0
SURVIVOR: 0 0 1 1 1 0 0 0 0 0 3 1 0 0 1 0 1 1 0 1 1 1 1 1 1 0 0
SURVIVOR: 0 0 1 1 1 0 0 0 0 1 0 0 0 1 1 1 1 1 1 0 0 1 1 0 1 3 0
SURVIVOR: 0 0 1 1 1 0 0 0 0 1 0 1 1 0 3 1 0 0 1 1 1 0 0 1 1 1 0
SURVIVOR: 0 0 1 1 1 0 0 0 0 1 0 1 1 1 1 0 1 0 3 1 0 0 1 0 1 1 0
SURVIVOR: 0 0 1 1 1 0 0 0 0 1 1 1 0 0 1 1 1 0 0 1 1 0 1 3 0 1 0
SURVIVOR: 0 0 1 1 1 0 0 0 0 1 1 1 0 0 1 1 1 0 1 0 1 1 0 3 1 0 0
SURVIVOR: 0 0 1 1 1 0 0 0 0 1 1 1 0 1 0 1 0 1 1 1 0 3 1 0 0 1 0
SURVIVOR: 0 0 1 1 1 0 0 0 0 1 1 1 1 0 0 0 1 1 1 1 0 1 3 0 1 0 0
SURVIVOR: 0 0 1 1 1 0 0 0 0 1 3 0 1 0 0 1 1 0 0 1 1 1 1 1 1 0 0
SURVIVOR: 0 0 1 1 1 0 0 0 0 3 0 1 0 0 1 1 0 1 1 0 1 1 1 1 0 1 0
SURVIVOR: 0 0 1 1 1 0 0 0 0 3 1 0 0 1 0 1 1 0 1 0 1 1 1 1 0 1 0
SURVIVOR: 0 0 1 1 1 0 0 1 3 0 0 0 0 0 1 0 1 1 1 1 0 1 1 1 0 1 0
SURVIVOR: 0 0 1 1 1 0 0 1 3 0 0 0 1 0 0 1 0 1 1 0 1 1 1 1 1 0 0
SURVIVOR: 0 0 1 1 1 0 0 1 3 0 0 1 0 1 1 1 1 1 0 1 0 1 1 0 0 0 0
SURVIVOR: 0 0 1 1 1 0 0 1 3 0 1 0 1 1 0 1 1 1 0 0 1 0 1 1 0 0 0
SURVIVOR: 0 0 1 1 1 0 0 1 3 0 1 1 0 0 0 0 0 1 1 1 1 0 1 0 1 1 0
SURVIVOR: 0 0 1 1 1 0 0 1 3 0 1 1 1 1 1 0 0 1 0 0 0 0 1 0 1 1 0
SURVIVOR: 0 0 1 1 1 0 0 1 3 1 0 0 1 0 1 1 1 1 1 0 0 1 0 1 0 0 0
SURVIVOR: 0 0 1 1 1 0 0 1 3 1 1 1 0 0 1 0 1 1 1 1 0 0 0 0 0 1 0
SURVIVOR: 0 0 1 1 1 0 0 1 3 1 1 1 1 0 0 1 0 1 1 0 1 0 0 0 1 0 0
SURVIVOR: 0 0 1 1 1 0 1 0 3 0 0 0 0 0 1 1 0 1 1 1 0 1 1 1 1 0 0
SURVIVOR: 0 0 1 1 1 0 1 0 3 0 0 0 0 1 0 0 1 1 0 1 1 1 1 1 0 1 0
SURVIVOR: 0 0 1 1 1 0 1 0 3 0 0 1 1 0 1 1 1 1 1 0 0 1 1 0 0 0 0
SURVIVOR: 0 0 1 1 1 0 1 0 3 0 1 0 0 1 1 1 1 1 0 1 0 0 1 1 0 0 0
SURVIVOR: 0 0 1 1 1 0 1 0 3 1 0 0 1 1 0 1 1 1 0 0 1 1 0 1 0 0 0
SURVIVOR: 0 0 1 1 1 0 1 0 3 1 0 1 0 0 0 0 0 1 1 1 1 1 0 0 1 1 0
SURVIVOR: 0 0 1 1 1 0 1 0 3 1 0 1 1 1 1 0 0 1 0 0 0 1 0 0 1 1 0
SURVIVOR: 0 0 1 1 1 0 1 0 3 1 1 1 0 0 1 1 0 1 1 1 0 0 0 0 1 0 0
SURVIVOR: 0 0 1 1 1 0 1 0 3 1 1 1 0 1 0 0 1 1 0 1 1 0 0 0 0 1 0
SURVIVOR: 0 0 1 1 1 0 1 1 1 0 0 0 0 0 1 1 1 0 0 1 1 0 1 3 0 1 0
SURVIVOR: 0 0 1 1 1 0 1 1 1 0 0 0 0 0 1 1 1 0 1 0 1 1 0 3 1 0 0
SURVIVOR: 0 0 1 1 1 0 1 1 1 0 0 0 0 1 0 1 0 1 1 1 0 3 1 0 0 1 0
SURVIVOR: 0 0 1 1 1 0 1 1 1 0 0 0 1 0 0 0 1 1 1 1 0 1 3 0 1 0 0
SURVIVOR: 0 0 1 1 1 0 1 1 1 0 0 1 0 1 1 0 3 1 1 0 0 0 1 1 0 0 0
SURVIVOR: 0 0 1 1 1 0 1 1 1 0 0 1 1 0 1 3 0 1 0 1 0 1 0 1 0 0 0
SURVIVOR: 0 0 1 1 1 0 1 1 1 0 1 0 0 1 1 0 1 3 0 0 1 1 1 0 0 0 0
SURVIVOR: 0 0 1 1 1 0 1 1 1 0 1 0 1 0 1 0 0 0 0 1 0 1 1 0 3 1 0
SURVIVOR: 0 0 1 1 1 0 1 1 1 0 1 0 1 1 0 3 1 0 0 1 0 1 0 1 0 0 0
SURVIVOR: 0 0 1 1 1 0 1 1 1 0 1 1 0 0 0 1 0 0 1 3 0 1 0 0 1 1 0
SURVIVOR: 0 0 1 1 1 0 1 1 1 0 1 1 0 1 3 0 1 0 0 0 0 0 0 1 1 1 0
SURVIVOR: 0 0 1 1 1 0 1 1 1 0 3 1 0 0 1 0 1 1 0 1 1 0 0 0 1 0 0
SURVIVOR: 0 0 1 1 1 0 1 1 1 1 0 0 0 1 1 0 0 0 1 0 0 1 1 0 1 3 0
SURVIVOR: 0 0 1 1 1 0 1 1 1 1 0 0 1 0 1 1 0 3 0 0 1 1 1 0 0 0 0
SURVIVOR: 0 0 1 1 1 0 1 1 1 1 0 0 1 1 0 1 3 0 1 0 0 0 1 1 0 0 0
SURVIVOR: 0 0 1 1 1 0 1 1 1 1 0 1 0 0 0 0 1 0 3 1 0 0 1 0 1 1 0
SURVIVOR: 0 0 1 1 1 0 1 1 1 1 0 1 1 0 3 1 0 0 0 0 0 0 0 1 1 1 0
SURVIVOR: 0 0 1 1 1 0 1 1 1 1 3 0 1 0 0 1 1 0 0 1 1 0 0 0 1 0 0
SURVIVOR: 0 0 1 1 1 0 1 1 1 3 0 1 0 0 1 1 0 1 1 0 1 0 0 0 0 1 0
SURVIVOR: 0 0 1 1 1 0 1 1 1 3 1 0 0 1 0 1 1 0 1 0 1 0 0 0 0 1 0
SURVIVOR: 0 0 1 1 1 1 0 1 1 0 0 0 0 1 1 0 0 1 1 0 1 0 1 0 1 3 0
SURVIVOR: 0 0 1 1 1 1 0 1 1 0 0 0 1 0 1 1 0 0 1 0 1 0 0 1 3 1 0
SURVIVOR: 0 0 1 1 1 1 0 1 1 0 0 1 0 0 0 0 1 1 1 0 0 0 3 1 1 1 0
SURVIVOR: 0 0 1 1 1 1 0 1 1 0 0 1 0 1 3 1 1 0 0 1 0 0 0 0 1 1 0
SURVIVOR: 0 0 1 1 1 1 0 1 1 0 1 0 0 0 0 1 1 0 0 0 1 0 1 3 1 1 0
SURVIVOR: 0 0 1 1 1 1 0 1 1 0 1 0 1 0 3 0 1 1 0 1 0 0 0 0 1 1 0
SURVIVOR: 0 0 1 1 1 1 0 1 1 0 1 1 0 0 1 0 0 0 0 3 1 1 1 0 1 0 0
SURVIVOR: 0 0 1 1 1 1 0 1 1 0 1 1 0 0 1 0 0 0 1 3 0 1 0 1 0 1 0
SURVIVOR: 0 0 1 1 1 1 0 1 1 0 1 1 0 1 0 1 0 3 0 0 0 1 1 0 0 1 0
SURVIVOR: 0 0 1 1 1 1 0 1 1 0 1 1 1 0 0 3 0 1 0 0 0 1 0 1 1 0 0
SURVIVOR: 0 0 1 1 1 1 0 1 1 0 1 3 1 1 0 0 0 1 1 1 0 0 1 0 0 0 0
SURVIVOR: 0 0 1 1 1 1 0 1 1 0 3 1 1 1 0 1 0 0 0 1 1 0 0 1 0 0 0
SURVIVOR: 0 0 1 1 1 1 0 1 1 1 0 1 0 0 1 3 1 0 0 0 0 1 0 1 1 0 0
SURVIVOR: 0 0 1 1 1 1 0 1 1 1 0 1 1 0 0 0 0 0 3 0 1 0 1 1 1 0 0
SURVIVOR: 0 0 1 1 1 1 0 1 1 1 0 3 0 1 1 0 1 0 1 1 0 0 1 0 0 0 0
SURVIVOR: 0 0 1 1 1 1 0 1 1 1 1 0 0 0 1 0 1 3 0 0 0 1 1 0 0 1 0
SURVIVOR: 0 0 1 1 1 1 0 1 1 1 1 0 0 1 0 0 0 0 1 0 3 0 1 1 0 1 0
SURVIVOR: 0 0 1 1 1 1 0 1 1 1 3 0 1 0 1 0 1 0 0 1 1 0 0 1 0 0 0
SURVIVOR: 0 0 1 1 1 1 0 1 1 3 0 1 0 1 1 1 0 0 1 0 1 1 0 0 0 0 0
SURVIVOR: 0 0 1 1 1 1 0 1 1 3 1 0 1 0 1 0 0 1 1 0 1 1 0 0 0 0 0
SURVIVOR: 0 0 1 1 1 1 1 0 1 0 0 0 0 1 1 0 1 0 0 1 1 0 0 1 1 3 0
SURVIVOR: 0 0 1 1 1 1 1 0 1 0 0 0 1 0 1 0 0 1 0 1 1 1 0 0 3 1 0
SURVIVOR: 0 0 1 1 1 1 1 0 1 0 0 1 0 0 0 1 0 1 0 1 0 3 0 1 1 1 0
SURVIVOR: 0 0 1 1 1 1 1 0 1 0 0 1 1 0 3 1 1 0 1 0 0 0 0 0 1 1 0
SURVIVOR: 0 0 1 1 1 1 1 0 1 0 1 1 0 0 1 1 3 0 0 0 0 0 1 1 0 1 0
SURVIVOR: 0 0 1 1 1 1 1 0 1 0 1 1 0 1 0 0 0 0 0 3 1 1 0 1 0 1 0
SURVIVOR: 0 0 1 1 1 1 1 0 1 0 1 3 1 0 1 1 0 0 1 1 0 1 0 0 0 0 0
SURVIVOR: 0 0 1 1 1 1 1 0 1 0 3 1 1 0 1 0 1 0 0 1 1 0 1 0 0 0 0
SURVIVOR: 0 0 1 1 1 1 1 0 1 1 0 0 0 0 0 1 1 0 0 0 1 1 0 3 1 1 0
SURVIVOR: 0 0 1 1 1 1 1 0 1 1 0 0 0 1 3 1 0 1 1 0 0 0 0 0 1 1 0
SURVIVOR: 0 0 1 1 1 1 1 0 1 1 0 1 0 0 1 0 0 0 3 0 1 1 1 0 0 1 0
SURVIVOR: 0 0 1 1 1 1 1 0 1 1 0 1 0 0 1 0 0 0 3 1 0 0 1 1 1 0 0
SURVIVOR: 0 0 1 1 1 1 1 0 1 1 0 1 0 1 0 0 3 1 0 0 0 0 1 1 0 1 0
SURVIVOR: 0 0 1 1 1 1 1 0 1 1 0 1 1 0 0 0 1 3 0 0 0 1 1 0 1 0 0
SURVIVOR: 0 0 1 1 1 1 1 0 1 1 0 3 1 1 0 0 0 1 1 1 0 1 0 0 0 0 0
SURVIVOR: 0 0 1 1 1 1 1 0 1 1 1 0 0 0 1 1 0 3 0 0 0 1 1 0 1 0 0
SURVIVOR: 0 0 1 1 1 1 1 0 1 1 1 0 1 0 0 0 0 0 0 1 3 1 0 1 1 0 0
SURVIVOR: 0 0 1 1 1 1 1 0 1 1 3 0 0 1 1 0 0 1 0 1 1 0 1 0 0 0 0
SURVIVOR: 0 0 1 1 1 1 1 0 1 3 0 1 1 1 0 0 1 0 1 0 1 0 0 1 0 0 0
SURVIVOR: 0 0 1 1 1 1 1 0 1 3 1 0 0 1 1 1 0 0 1 0 1 0 0 1 0 0 0
SURVIVOR: 0 0 1 1 1 1 1 1 0 0 0 0 0 1 1 1 0 0 1 1 0 1 0 0 1 3 0
SURVIVOR: 0 0 1 1 1 1 1 1 0 0 0 0 1 0 1 0 1 0 1 1 0 0 1 0 3 1 0
SURVIVOR: 0 0 1 1 1 1 1 1 0 0 1 0 0 0 0 1 0 1 0 1 0 3 1 0 1 1 0
SURVIVOR: 0 0 1 1 1 1 1 1 0 0 1 0 0 1 3 0 1 1 0 0 1 0 0 0 1 1 0
SURVIVOR: 0 0 1 1 1 1 1 1 0 0 1 1 0 0 1 0 3 1 0 0 0 0 1 1 1 0 0
SURVIVOR: 0 0 1 1 1 1 1 1 0 0 1 1 1 0 0 0 0 0 1 3 0 1 1 0 1 0 0
SURVIVOR: 0 0 1 1 1 1 1 1 0 0 1 3 0 1 1 0 1 0 1 1 0 0 0 1 0 0 0
SURVIVOR: 0 0 1 1 1 1 1 1 0 0 3 1 0 1 1 0 0 1 0 1 1 1 0 0 0 0 0
SURVIVOR: 0 0 1 1 1 1 1 1 0 1 0 0 0 0 0 0 1 1 1 0 0 1 3 0 1 1 0
SURVIVOR: 0 0 1 1 1 1 1 1 0 1 0 0 1 0 3 1 0 1 0 0 1 0 0 0 1 1 0
SURVIVOR: 0 0 1 1 1 1 1 1 0 1 0 1 0 0 1 3 0 1 0 0 0 1 0 1 0 1 0
SURVIVOR: 0 0 1 1 1 1 1 1 0 1 0 1 0 1 0 0 0 0 3 1 0 1 1 0 0 1 0
SURVIVOR: 0 0 1 1 1 1 1 1 0 1 0 3 1 0 1 1 0 0 1 1 0 0 0 1 0 0 0
SURVIVOR: 0 0 1 1 1 1 1 1 0 1 1 0 0 0 1 0 0 0 0 1 3 0 1 1 0 1 0
SURVIVOR: 0 0 1 1 1 1 1 1 0 1 1 0 0 0 1 0 0 0 1 0 3 1 0 1 1 0 0
SURVIVOR: 0 0 1 1 1 1 1 1 0 1 1 0 0 1 0 3 1 0 0 0 0 1 0 1 0 1 0
SURVIVOR: 0 0 1 1 1 1 1 1 0 1 1 0 1 0 0 1 3 0 0 0 0 0 1 1 1 0 0
SURVIVOR: 0 0 1 1 1 1 1 1 0 1 3 0 1 1 0 1 0 0 0 1 1 1 0 0 0 0 0
SURVIVOR: 0 0 1 1 1 1 1 1 0 3 0 1 1 0 1 0 0 1 1 0 1 0 1 0 0 0 0
SURVIVOR: 0 0 1 1 1 1 1 1 0 3 1 0 1 1 0 0 1 0 1 0 1 0 1 0 0 0 0
SURVIVOR: 0 0 1 1 3 0 0 1 1 1 0 0 0 0 0 1 1 0 1 0 0 1 1 1 1 1 0
SURVIVOR: 0 0 1 1 3 0 0 1 1 1 0 0 1 1 1 1 1 0 1 0 0 0 0 0 1 1 0
SURVIVOR: 0 0 1 1 3 0 0 1 1 1 0 1 0 0 1 0 0 0 1 1 1 0 1 1 0 1 0
SURVIVOR: 0 0 1 1 3 0 0 1 1 1 0 1 0 0 1 1 1 1 0 0 0 0 1 1 0 1 0
SURVIVOR: 0 0 1 1 3 0 0 1 1 1 1 0 1 0 0 0 0 0 1 1 1 1 1 0 1 0 0
SURVIVOR: 0 0 1 1 3 0 0 1 1 1 1 0 1 0 0 1 1 1 0 0 0 1 1 0 1 0 0
SURVIVOR: 0 0 1 1 3 0 0 1 1 1 1 1 0 1 1 0 1 0 1 0 1 0 0 1 0 0 0
SURVIVOR: 0 0 1 1 3 0 0 1 1 1 1 1 1 0 1 0 0 1 0 1 1 0 1 0 0 0 0
SURVIVOR: 0 0 1 1 3 0 0 1 1 1 1 1 1 1 0 1 0 0 1 1 0 1 0 0 0 0 0
SURVIVOR: 0 0 1 3 0 1 1 0 1 0 1 0 0 0 0 1 0 1 0 0 1 1 1 1 1 1 0
SURVIVOR: 0 0 1 3 0 1 1 0 1 0 1 0 1 1 1 1 0 1 0 0 1 0 0 0 1 1 0
SURVIVOR: 0 0 1 3 0 1 1 0 1 0 1 1 1 0 0 0 0 0 1 1 1 0 1 1 1 0 0
SURVIVOR: 0 0 1 3 0 1 1 0 1 0 1 1 1 0 0 1 1 1 0 0 0 0 1 1 1 0 0
SURVIVOR: 0 0 1 3 0 1 1 0 1 1 1 0 0 0 1 0 0 0 1 1 1 1 0 1 0 1 0
SURVIVOR: 0 0 1 3 0 1 1 0 1 1 1 0 0 0 1 1 1 1 0 0 0 1 0 1 0 1 0
SURVIVOR: 0 0 1 3 0 1 1 0 1 1 1 1 0 1 1 1 0 0 0 1 1 1 0 0 0 0 0
SURVIVOR: 0 0 1 3 0 1 1 0 1 1 1 1 1 0 1 0 1 0 1 1 0 0 0 1 0 0 0
SURVIVOR: 0 0 1 3 0 1 1 0 1 1 1 1 1 1 0 0 0 1 1 0 1 0 1 0 0 0 0
SURVIVOR: 0 0 1 3 1 0 1 0 1 0 1 0 0 0 0 1 1 0 0 1 0 1 1 1 1 1 0
SURVIVOR: 0 0 1 3 1 0 1 0 1 0 1 0 1 1 1 1 1 0 0 1 0 0 0 0 1 1 0
SURVIVOR: 0 0 1 3 1 0 1 0 1 0 1 1 0 0 1 0 0 0 1 1 1 1 0 1 1 0 0
SURVIVOR: 0 0 1 3 1 0 1 0 1 0 1 1 0 0 1 1 1 1 0 0 0 1 0 1 1 0 0
SURVIVOR: 0 0 1 3 1 0 1 0 1 1 1 0 0 1 0 0 0 0 1 1 1 1 1 0 0 1 0
SURVIVOR: 0 0 1 3 1 0 1 0 1 1 1 0 0 1 0 1 1 1 0 0 0 1 1 0 0 1 0
SURVIVOR: 0 0 1 3 1 0 1 0 1 1 1 1 0 1 1 0 0 1 1 0 1 1 0 0 0 0 0
SURVIVOR: 0 0 1 3 1 0 1 0 1 1 1 1 1 0 1 1 0 0 0 1 1 0 0 1 0 0 0
SURVIVOR: 0 0 1 3 1 0 1 0 1 1 1 1 1 1 0 0 1 0 1 1 0 0 1 0 0 0 0
SURVIVOR: 0 1 0 0 0 0 0 1 1 0 1 0 1 1 1 0 1 1 0 0 1 1 0 3 1 1 0
SURVIVOR: 0 1 0 0 0 0 0 1 1 0 1 0 3 0 1 1 1 0 1 0 0 1 1 1 1 1 0
SURVIVOR: 0 1 0 0 0 0 0 1 1 0 1 1 0 1 0 1 1 1 0 1 3 1 0 1 1 0 0
SURVIVOR: 0 1 0 0 0 0 0 1 1 0 1 1 1 0 0 3 1 0 1 1 1 1 1 0 1 0 0
SURVIVOR: 0 1 0 0 0 0 0 1 1 1 0 0 1 1 1 1 1 0 0 1 0 3 0 1 1 1 0
SURVIVOR: 0 1 0 0 0 0 0 1 1 1 0 0 3 1 0 0 1 1 1 0 0 1 1 1 1 1 0
SURVIVOR: 0 1 0 0 0 0 0 1 1 1 0 1 0 0 1 1 1 1 0 3 1 1 0 1 0 1 0
SURVIVOR: 0 1 0 0 0 0 0 1 1 1 0 1 1 0 0 0 1 3 1 1 1 0 1 1 0 1 0
SURVIVOR: 0 1 0 0 0 0 0 1 1 1 1 0 0 0 1 1 0 3 1 1 1 0 1 1 0 1 0
SURVIVOR: 0 1 0 0 0 0 0 1 1 1 1 0 0 1 0 3 0 1 1 1 1 1 1 0 1 0 0
SURVIVOR: 0 1 0 0 0 0 0 1 1 1 1 0 1 0 0 1 1 1 3 0 1 1 1 0 0 1 0
SURVIVOR: 0 1 0 0 0 0 0 1 1 1 1 0 1 0 0 1 1 1 3 1 0 0 1 1 1 0 0
SURVIVOR: 0 1 0 0 0 0 0 1 1 1 1 1 1 0 1 0 0 1 0 1 1 0 0 1 1 3 0
SURVIVOR: 0 1 0 0 0 0 0 1 1 1 1 1 1 1 0 1 0 0 0 1 1 1 0 0 3 1 0
SURVIVOR: 0 1 0 0 0 0 1 0 1 0 0 1 1 1 1 1 1 0 0 1 0 3 1 0 1 1 0
SURVIVOR: 0 1 0 0 0 0 1 0 1 0 0 1 3 0 1 1 0 1 0 0 1 1 1 1 1 1 0
SURVIVOR: 0 1 0 0 0 0 1 0 1 0 1 0 1 1 1 1 0 1 1 0 0 1 3 0 1 1 0
SURVIVOR: 0 1 0 0 0 0 1 0 1 0 1 0 3 1 0 1 1 0 0 0 1 1 1 1 1 1 0
SURVIVOR: 0 1 0 0 0 0 1 0 1 0 1 1 0 0 1 0 3 1 1 1 1 1 0 1 0 1 0
SURVIVOR: 0 1 0 0 0 0 1 0 1 0 1 1 0 1 0 0 1 3 1 1 1 0 1 1 1 0 0
SURVIVOR: 0 1 0 0 0 0 1 0 1 0 1 1 1 0 0 1 1 1 0 1 3 0 1 1 0 1 0
SURVIVOR: 0 1 0 0 0 0 1 0 1 0 1 1 1 0 0 1 1 1 1 0 3 1 0 1 1 0 0
SURVIVOR: 0 1 0 0 0 0 1 0 1 1 0 1 0 1 0 1 1 1 1 3 0 1 1 0 1 0 0
SURVIVOR: 0 1 0 0 0 0 1 0 1 1 0 1 1 0 0 1 0 3 1 1 1 0 1 1 1 0 0
SURVIVOR: 0 1 0 0 0 0 1 0 1 1 1 0 0 0 1 1 1 1 3 1 0 1 1 0 0 1 0
SURVIVOR: 0 1 0 0 0 0 1 0 1 1 1 0 1 0 0 1 3 0 1 1 1 1 0 1 0 1 0
SURVIVOR: 0 1 0 0 0 0 1 0 1 1 1 1 1 0 1 0 1 0 1 1 0 1 0 0 1 3 0
SURVIVOR: 0 1 0 0 0 0 1 0 1 1 1 1 1 1 0 0 0 1 1 1 0 0 1 0 3 1 0
SURVIVOR: 0 1 0 0 0 0 1 1 0 0 0 1 1 1 1 0 1 1 0 0 1 0 1 3 1 1 0
SURVIVOR: 0 1 0 0 0 0 1 1 0 0 0 1 3 1 0 1 0 1 0 1 0 1 1 1 1 1 0
SURVIVOR: 0 1 0 0 0 0 1 1 0 0 1 1 0 0 1 1 1 1 1 0 3 0 1 1 0 1 0
SURVIVOR: 0 1 0 0 0 0 1 1 0 0 1 1 1 0 0 3 0 1 1 1 1 1 1 0 0 1 0
SURVIVOR: 0 1 0 0 0 0 1 1 0 1 0 0 1 1 1 1 0 1 1 0 0 0 3 1 1 1 0
SURVIVOR: 0 1 0 0 0 0 1 1 0 1 0 0 3 0 1 0 1 1 0 1 0 1 1 1 1 1 0
SURVIVOR: 0 1 0 0 0 0 1 1 0 1 0 1 0 0 1 3 1 0 1 1 1 1 1 0 0 1 0
SURVIVOR: 0 1 0 0 0 0 1 1 0 1 0 1 0 1 0 1 3 0 1 1 1 1 0 1 1 0 0
SURVIVOR: 0 1 0 0 0 0 1 1 0 1 0 1 1 0 0 1 1 1 0 3 1 1 1 0 1 0 0
SURVIVOR: 0 1 0 0 0 0 1 1 0 1 0 1 1 0 0 1 1 1 1 3 0 1 0 1 0 1 0
SURVIVOR: 0 1 0 0 0 0 1 1 0 1 1 0 0 1 0 1 1 1 3 0 1 0 1 1 1 0 0
SURVIVOR: 0 1 0 0 0 0 1 1 0 1 1 0 1 0 0 0 3 1 1 1 1 1 0 1 1 0 0
SURVIVOR: 0 1 0 0 0 0 1 1 0 1 1 1 1 0 1 1 0 0 1 0 1 0 1 0 1 3 0
SURVIVOR: 0 1 0 0 0 0 1 1 0 1 1 1 1 1 0 0 1 0 1 0 1 0 0 1 3 1 0
SURVIVOR: 0 1 0 0 0 1 0 0 1 0 0 0 1 1 1 0 1 3 1 1 0 0 1 1 1 1 0
SURVIVOR: 0 1 0 0 0 1 0 0 1 0 0 0 3 0 1 1 1 1 1 0 1 1 0 1 1 1 0
SURVIVOR: 0 1 0 0 0 1 0 0 1 0 1 1 0 1 1 1 0 1 1 1 1 1 3 0 0 0 0
SURVIVOR: 0 1 0 0 0 1 0 0 1 0 1 1 1 0 1 0 1 1 0 0 0 1 1 1 1 3 0
SURVIVOR: 0 1 0 0 0 1 0 0 1 0 1 1 1 0 1 0 1 1 1 1 1 0 0 0 1 3 0
SURVIVOR: 0 1 0 0 0 1 0 0 1 0 1 1 1 1 0 1 1 0 0 1 3 1 1 1 0 0 0
SURVIVOR: 0 1 0 0 0 1 0 0 1 0 1 3 0 0 0 1 1 1 0 1 1 1 1 0 1 1 0
SURVIVOR: 0 1 0 0 0 1 0 0 1 0 1 3 1 1 1 0 0 0 0 1 1 1 1 0 1 1 0
SURVIVOR: 0 1 0 0 0 1 0 0 1 1 0 1 0 1 1 0 1 1 1 3 0 1 1 1 0 0 0
SURVIVOR: 0 1 0 0 0 1 0 0 1 1 0 1 1 0 1 1 1 0 1 1 1 3 0 1 0 0 0
SURVIVOR: 0 1 0 0 0 1 0 0 1 1 1 0 1 0 1 1 0 1 3 0 1 1 1 1 0 0 0
SURVIVOR: 0 1 0 0 0 1 0 0 1 1 1 0 1 1 0 0 1 1 1 1 1 0 1 3 0 0 0
SURVIVOR: 0 1 0 0 0 1 0 0 1 1 1 1 0 0 0 0 1 3 1 1 0 0 1 1 1 1 0
SURVIVOR: 0 1 0 0 0 1 0 0 1 1 1 1 3 0 1 0 0 0 1 0 1 1 0 1 1 1 0
SURVIVOR: 0 1 0 0 0 1 0 1 0 0 0 0 1 1 1 3 1 0 1 0 1 1 1 0 1 1 0
SURVIVOR: 0 1 0 0 0 1 0 1 0 0 0 0 3 1 0 1 1 1 1 1 0 1 0 1 1 1 0
SURVIVOR: 0 1 0 0 0 1 0 1 0 0 1 1 0 1 1 1 1 0 1 0 3 1 1 1 0 0 0
SURVIVOR: 0 1 0 0 0 1 0 1 0 0 1 1 1 1 0 0 1 1 1 1 1 1 0 3 0 0 0
SURVIVOR: 0 1 0 0 0 1 0 1 0 1 0 1 0 1 1 1 0 1 1 1 1 0 3 1 0 0 0
SURVIVOR: 0 1 0 0 0 1 0 1 0 1 0 1 1 0 1 0 1 1 0 3 1 1 1 1 0 0 0
SURVIVOR: 0 1 0 0 0 1 0 1 0 1 0 1 1 1 0 1 1 0 0 0 0 1 1 1 3 1 0
SURVIVOR: 0 1 0 0 0 1 0 1 0 1 0 1 1 1 0 1 1 0 1 1 1 0 0 0 3 1 0
SURVIVOR: 0 1 0 0 0 1 0 1 0 1 0 3 0 0 0 1 1 1 0 1 1 0 1 1 1 1 0
SURVIVOR: 0 1 0 0 0 1 0 1 0 1 0 3 1 1 1 0 0 0 0 1 1 0 1 1 1 1 0
SURVIVOR: 0 1 0 0 0 1 0 1 0 1 1 0 1 0 1 1 1 0 1 1 1 3 1 0 0 0 0
SURVIVOR: 0 1 0 0 0 1 0 1 0 1 1 0 1 1 0 1 0 1 3 1 0 1 1 1 0 0 0
SURVIVOR: 0 1 0 0 0 1 0 1 0 1 1 1 0 0 0 3 1 0 1 0 1 1 1 0 1 1 0
SURVIVOR: 0 1 0 0 0 1 0 1 0 1 1 1 3 1 0 0 0 0 1 1 0 1 0 1 1 1 0
SURVIVOR: 0 1 0 0 1 0 0 0 1 0 0 0 1 1 1 1 0 3 0 1 1 0 1 1 1 1 0
SURVIVOR: 0 1 0 0 1 0 0 0 1 0 0 0 3 1 0 1 1 1 1 0 1 1 1 0 1 1 0
SURVIVOR: 0 1 0 0 1 0 0 0 1 0 1 1 1 0 1 1 0 1 1 1 1 0 3 1 0 0 0
SURVIVOR: 0 1 0 0 1 0 0 0 1 0 1 1 1 1 0 0 1 1 1 0 3 1 1 1 0 0 0
SURVIVOR: 0 1 0 0 1 0 0 0 1 1 0 1 0 1 1 1 0 1 0 3 1 1 1 1 0 0 0
SURVIVOR: 0 1 0 0 1 0 0 0 1 1 0 1 1 1 0 1 1 0 1 1 1 3 1 0 0 0 0
SURVIVOR: 0 1 0 0 1 0 0 0 1 1 1 0 0 1 1 0 1 1 1 1 1 1 0 3 0 0 0
SURVIVOR: 0 1 0 0 1 0 0 0 1 1 1 0 1 0 1 1 1 0 3 1 0 1 1 1 0 0 0
SURVIVOR: 0 1 0 0 1 0 0 0 1 1 1 0 1 1 0 1 0 1 0 0 0 1 1 1 3 1 0
SURVIVOR: 0 1 0 0 1 0 0 0 1 1 1 0 1 1 0 1 0 1 1 1 1 0 0 0 3 1 0
SURVIVOR: 0 1 0 0 1 0 0 0 1 1 1 1 0 0 0 1 0 3 0 1 1 0 1 1 1 1 0
SURVIVOR: 0 1 0 0 1 0 0 0 1 1 1 1 3 1 0 0 0 0 1 0 1 1 1 0 1 1 0
SURVIVOR: 0 1 0 0 1 0 0 0 1 3 1 0 0 0 0 1 1 1 1 1 0 1 0 1 1 1 0
SURVIVOR: 0 1 0 0 1 0 0 0 1 3 1 0 1 1 1 0 0 0 1 1 0 1 0 1 1 1 0
SURVIVOR: 0 1 0 0 1 0 1 0 0 0 0 0 1 1 1 1 3 0 1 0 1 1 0 1 1 1 0
SURVIVOR: 0 1 0 0 1 0 1 0 0 0 0 0 3 0 1 1 1 1 0 1 1 1 1 0 1 1 0
SURVIVOR: 0 1 0 0 1 0 1 0 0 0 1 1 1 0 1 0 1 1 0 1 3 1 1 1 0 0 0
SURVIVOR: 0 1 0 0 1 0 1 0 0 0 1 1 1 1 0 1 1 0 1 1 1 3 0 1 0 0 0
SURVIVOR: 0 1 0 0 1 0 1 0 0 1 0 1 0 1 1 0 1 1 1 1 1 0 1 3 0 0 0
SURVIVOR: 0 1 0 0 1 0 1 0 0 1 0 1 1 0 1 1 1 0 0 0 0 1 1 1 1 3 0
SURVIVOR: 0 1 0 0 1 0 1 0 0 1 0 1 1 0 1 1 1 0 1 1 1 0 0 0 1 3 0
SURVIVOR: 0 1 0 0 1 0 1 0 0 1 0 1 1 1 0 1 0 1 1 3 0 1 1 1 0 0 0
SURVIVOR: 0 1 0 0 1 0 1 0 0 1 1 0 0 1 1 1 1 0 3 0 1 1 1 1 0 0 0
SURVIVOR: 0 1 0 0 1 0 1 0 0 1 1 0 1 0 1 1 0 1 1 1 1 1 3 0 0 0 0
SURVIVOR: 0 1 0 0 1 0 1 0 0 1 1 1 0 0 0 1 3 0 1 0 1 1 0 1 1 1 0
SURVIVOR: 0 1 0 0 1 0 1 0 0 1 1 1 3 0 1 0 0 0 0 1 1 1 1 0 1 1 0
SURVIVOR: 0 1 0 0 1 0 1 0 0 3 0 1 0 0 0 1 1 1 1 1 0 0 1 1 1 1 0
SURVIVOR: 0 1 0 0 1 0 1 0 0 3 0 1 1 1 1 0 0 0 1 1 0 0 1 1 1 1 0
SURVIVOR: 0 1 0 0 1 1 0 0 0 0 0 1 1 0 1 1 1 1 0 0 1 0 1 1 1 3 0
SURVIVOR: 0 1 0 0 1 1 0 0 0 0 1 1 1 1 1 0 1 0 1 0 3 0 0 1 1 1 0
SURVIVOR: 0 1 0 0 1 1 0 0 0 0 1 1 3 1 0 1 0 0 1 1 1 1 0 0 1 1 0
SURVIVOR: 0 1 0 0 1 1 0 0 0 0 1 3 1 0 0 1 0 1 0 1 1 1 1 1 0 1 0
SURVIVOR: 0 1 0 0 1 1 0 0 0 1 0 0 1 1 0 1 1 1 1 0 0 0 1 1 3 1 0
SURVIVOR: 0 1 0 0 1 1 0 0 0 1 0 3 0 0 1 1 1 0 0 1 1 1 1 1 0 1 0
SURVIVOR: 0 1 0 0 1 1 0 0 0 1 1 0 1 1 1 1 0 0 3 0 1 0 1 0 1 1 0
SURVIVOR: 0 1 0 0 1 1 0 0 0 1 1 0 3 0 1 0 1 0 1 1 1 1 0 0 1 1 0
SURVIVOR: 0 1 0 0 1 1 0 0 0 1 1 1 0 0 1 1 0 1 1 0 1 0 3 1 0 1 0
SURVIVOR: 0 1 0 0 1 1 0 0 0 1 1 1 0 1 0 0 1 1 1 0 1 0 1 3 1 0 0
SURVIVOR: 0 1 0 0 1 1 0 0 0 1 1 1 1 0 0 1 1 0 0 1 1 3 1 0 1 0 0
SURVIVOR: 0 1 0 0 1 1 0 0 0 1 1 1 1 0 0 1 1 0 1 1 0 3 0 1 0 1 0
SURVIVOR: 0 1 0 0 1 1 0 0 0 3 0 1 0 1 0 1 1 0 1 1 0 1 1 1 1 0 0
SURVIVOR: 0 1 0 0 1 1 0 0 0 3 1 0 1 0 0 0 1 1 1 1 0 1 1 1 1 0 0
SURVIVOR: 0 1 0 0 1 1 0 1 3 0 0 0 0 1 0 1 0 1 0 1 1 1 1 1 1 0 0
SURVIVOR: 0 1 0 0 1 1 0 1 3 0 0 0 1 0 0 0 1 1 1 0 1 1 1 1 0 1 0
SURVIVOR: 0 1 0 0 1 1 0 1 3 0 0 1 1 1 0 1 1 1 0 0 1 1 1 0 0 0 0
SURVIVOR: 0 1 0 0 1 1 0 1 3 0 1 0 1 0 1 1 1 1 1 0 0 0 1 1 0 0 0
SURVIVOR: 0 1 0 0 1 1 0 1 3 1 0 0 0 1 1 1 1 1 0 1 0 1 0 1 0 0 0
SURVIVOR: 0 1 0 0 1 1 0 1 3 1 1 0 0 0 0 0 0 1 1 1 1 0 0 1 1 1 0
SURVIVOR: 0 1 0 0 1 1 0 1 3 1 1 0 1 1 1 0 0 1 0 0 0 0 0 1 1 1 0
SURVIVOR: 0 1 0 0 1 1 0 1 3 1 1 1 0 1 0 1 0 1 0 1 1 0 0 0 1 0 0
SURVIVOR: 0 1 0 0 1 1 0 1 3 1 1 1 1 0 0 0 1 1 1 0 1 0 0 0 0 1 0
SURVIVOR: 0 1 0 0 1 1 1 0 3 0 0 0 0 0 1 0 1 1 1 1 0 1 1 1 0 1 0
SURVIVOR: 0 1 0 0 1 1 1 0 3 0 0 0 1 0 0 1 0 1 1 0 1 1 1 1 1 0 0
SURVIVOR: 0 1 0 0 1 1 1 0 3 0 0 1 0 1 1 1 1 1 0 1 0 1 1 0 0 0 0
SURVIVOR: 0 1 0 0 1 1 1 0 3 0 1 0 1 1 0 1 1 1 0 0 1 0 1 1 0 0 0
SURVIVOR: 0 1 0 0 1 1 1 0 3 0 1 1 0 0 0 0 0 1 1 1 1 0 1 0 1 1 0
SURVIVOR: 0 1 0 0 1 1 1 0 3 0 1 1 1 1 1 0 0 1 0 0 0 0 1 0 1 1 0
SURVIVOR: 0 1 0 0 1 1 1 0 3 1 0 0 1 0 1 1 1 1 1 0 0 1 0 1 0 0 0
SURVIVOR: 0 1 0 0 1 1 1 0 3 1 1 1 0 0 1 0 1 1 1 1 0 0 0 0 0 1 0
SURVIVOR: 0 1 0 0 1 1 1 0 3 1 1 1 1 0 0 1 0 1 1 0 1 0 0 0 1 0 0
SURVIVOR: 0 1 0 0 1 1 1 1 1 0 0 0 0 0 1 1 0 1 1 0 1 0 3 1 0 1 0
SURVIVOR: 0 1 0 0 1 1 1 1 1 0 0 0 0 1 0 0 1 1 1 0 1 0 1 3 1 0 0
SURVIVOR: 0 1 0 0 1 1 1 1 1 0 0 0 1 0 0 1 1 0 0 1 1 3 1 0 1 0 0
SURVIVOR: 0 1 0 0 1 1 1 1 1 0 0 0 1 0 0 1 1 0 1 1 0 3 0 1 0 1 0
SURVIVOR: 0 1 0 0 1 1 1 1 1 0 0 1 0 1 1 1 3 0 0 0 1 1 0 1 0 0 0
SURVIVOR: 0 1 0 0 1 1 1 1 1 0 0 1 1 0 1 0 0 0 0 0 1 0 1 1 1 3 0
SURVIVOR: 0 1 0 0 1 1 1 1 1 0 0 1 1 1 0 1 0 3 0 1 0 0 1 1 0 0 0
SURVIVOR: 0 1 0 0 1 1 1 1 1 0 1 0 1 0 1 0 3 1 0 0 1 1 0 1 0 0 0
SURVIVOR: 0 1 0 0 1 1 1 1 1 0 1 0 1 1 0 3 0 1 1 0 0 1 1 0 0 0 0
SURVIVOR: 0 1 0 0 1 1 1 1 1 0 1 1 0 0 0 0 1 0 1 0 3 0 0 1 1 1 0
SURVIVOR: 0 1 0 0 1 1 1 1 1 0 1 1 3 1 0 1 0 0 0 0 0 1 0 0 1 1 0
SURVIVOR: 0 1 0 0 1 1 1 1 1 0 1 3 1 0 0 1 0 1 0 1 1 0 0 0 0 1 0
SURVIVOR: 0 1 0 0 1 1 1 1 1 1 0 0 0 1 1 3 1 0 1 0 0 1 1 0 0 0 0
SURVIVOR: 0 1 0 0 1 1 1 1 1 1 0 0 1 0 1 0 1 3 0 1 0 0 1 1 0 0 0
SURVIVOR: 0 1 0 0 1 1 1 1 1 1 0 0 1 1 0 0 0 0 1 0 0 0 1 1 3 1 0
SURVIVOR: 0 1 0 0 1 1 1 1 1 1 0 3 0 0 1 1 1 0 0 1 1 0 0 0 0 1 0
SURVIVOR: 0 1 0 0 1 1 1 1 1 1 1 0 0 0 0 1 0 0 3 0 1 0 1 0 1 1 0
SURVIVOR: 0 1 0 0 1 1 1 1 1 1 1 0 3 0 1 0 1 0 0 0 0 1 0 0 1 1 0
SURVIVOR: 0 1 0 0 1 1 1 1 1 3 0 1 0 1 0 1 1 0 1 1 0 0 0 0 1 0 0
SURVIVOR: 0 1 0 0 1 1 1 1 1 3 1 0 1 0 0 0 1 1 1 1 0 0 0 0 1 0 0
SURVIVOR: 0 1 0 0 1 3 0 1 1 0 0 1 0 0 0 1 1 0 0 0 1 1 1 1 1 1 0
SURVIVOR: 0 1 0 0 1 3 0 1 1 0 0 1 1 1 1 1 1 0 0 0 1 0 0 0 1 1 0
SURVIVOR: 0 1 0 0 1 3 0 1 1 0 1 1 1 0 0 0 0 0 1 1 1 1 0 1 0 1 0
SURVIVOR: 0 1 0 0 1 3 0 1 1 0 1 1 1 0 0 1 1 1 0 0 0 1 0 1 0 1 0
SURVIVOR: 0 1 0 0 1 3 0 1 1 1 0 1 0 1 0 0 0 0 1 1 1 0 1 1 1 0 0
SURVIVOR: 0 1 0 0 1 3 0 1 1 1 0 1 0 1 0 1 1 1 0 0 0 0 1 1 1 0 0
SURVIVOR: 0 1 0 0 1 3 0 1 1 1 1 1 0 1 1 1 0 0 1 0 1 0 1 0 0 0 0
SURVIVOR: 0 1 0 0 1 3 0 1 1 1 1 1 1 0 1 0 1 0 0 1 1 1 0 0 0 0 0
SURVIVOR: 0 1 0 0 1 3 0 1 1 1 1 1 1 1 0 0 0 1 1 1 0 0 0 1 0 0 0
SURVIVOR: 0 1 0 0 3 1 1 0 1 1 0 0 0 0 0 1 1 0 1 0 0 1 1 1 1 1 0
SURVIVOR: 0 1 0 0 3 1 1 0 1 1 0 0 1 1 1 1 1 0 1 0 0 0 0 0 1 1 0
SURVIVOR: 0 1 0 0 3 1 1 0 1 1 0 1 0 0 1 0 0 0 1 1 1 0 1 1 0 1 0
SURVIVOR: 0 1 0 0 3 1 1 0 1 1 0 1 0 0 1 1 1 1 0 0 0 0 1 1 0 1 0
SURVIVOR: 0 1 0 0 3 1 1 0 1 1 1 0 1 0 0 0 0 0 1 1 1 1 1 0 1 0 0
SURVIVOR: 0 1 0 0 3 1 1 0 1 1 1 0 1 0 0 1 1 1 0 0 0 1 1 0 1 0 0
SURVIVOR: 0 1 0 0 3 1 1 0 1 1 1 1 0 1 1 0 1 0 1 0 1 0 0 1 0 0 0
SURVIVOR: 0 1 0 0 3 1 1 0 1 1 1 1 1 0 1 0 0 1 0 1 1 0 1 0 0 0 0
SURVIVOR: 0 1 0 0 3 1 1 0 1 1 1 1 1 1 0 1 0 0 1 1 0 1 0 0 0 0 0
SURVIVOR: 0 1 0 1 0 0 0 1 0 0 0 0 1 1 1 3 0 1 0 1 1 1 1 0 1 1 0
SURVIVOR: 0 1 0 1 0 0 0 1 0 0 0 0 3 0 1 1 1 1 1 1 0 0 1 1 1 1 0
SURVIVOR: 0 1 0 1 0 0 0 1 0 0 1 1 0 1 1 1 0 1 0 1 3 1 1 1 0 0 0
SURVIVOR: 0 1 0 1 0 0 0 1 0 0 1 1 1 0 1 0 1 1 1 1 1 0 1 3 0 0 0
SURVIVOR: 0 1 0 1 0 0 0 1 0 1 0 1 1 0 1 1 1 0 1 3 0 1 1 1 0 0 0
SURVIVOR: 0 1 0 1 0 0 0 1 0 1 0 1 1 1 0 1 0 1 1 1 1 1 3 0 0 0 0
SURVIVOR: 0 1 0 1 0 0 0 1 0 1 1 0 0 1 1 1 1 0 1 1 1 3 0 1 0 0 0
SURVIVOR: 0 1 0 1 0 0 0 1 0 1 1 0 1 0 1 1 0 1 0 0 0 1 1 1 1 3 0
SURVIVOR: 0 1 0 1 0 0 0 1 0 1 1 0 1 0 1 1 0 1 1 1 1 0 0 0 1 3 0
SURVIVOR: 0 1 0 1 0 0 0 1 0 1 1 0 1 1 0 0 1 1 3 0 1 1 1 1 0 0 0
SURVIVOR: 0 1 0 1 0 0 0 1 0 1 1 1 0 0 0 3 0 1 0 1 1 1 1 0 1 1 0
SURVIVOR: 0 1 0 1 0 0 0 1 0 1 1 1 3 0 1 0 0 0 1 1 0 0 1 1 1 1 0
SURVIVOR: 0 1 0 1 0 0 0 1 0 1 3 0 0 0 0 1 1 1 1 0 1 1 0 1 1 1 0
SURVIVOR: 0 1 0 1 0 0 0 1 0 1 3 0 1 1 1 0 0 0 1 0 1 1 0 1 1 1 0
SURVIVOR: 0 1 0 1 0 0 1 0 0 0 0 0 1 1 1 0 3 1 1 1 0 1 0 1 1 1 0
SURVIVOR: 0 1 0 1 0 0 1 0 0 0 0 0 3 1 0 1 1 1 0 1 1 0 1 1 1 1 0
SURVIVOR: 0 1 0 1 0 0 1 0 0 0 1 1 0 1 1 1 1 0 1 1 1 3 1 0 0 0 0
SURVIVOR: 0 1 0 1 0 0 1 0 0 0 1 1 1 0 1 1 0 1 1 0 3 1 1 1 0 0 0
SURVIVOR: 0 1 0 1 0 0 1 0 0 0 1 1 1 1 0 0 1 1 0 0 0 1 1 1 3 1 0
SURVIVOR: 0 1 0 1 0 0 1 0 0 0 1 1 1 1 0 0 1 1 1 1 1 0 0 0 3 1 0
SURVIVOR: 0 1 0 1 0 0 1 0 0 0 3 1 0 0 0 1 1 1 1 0 1 1 1 0 1 1 0
SURVIVOR: 0 1 0 1 0 0 1 0 0 0 3 1 1 1 1 0 0 0 1 0 1 1 1 0 1 1 0
SURVIVOR: 0 1 0 1 0 0 1 0 0 1 0 1 1 0 1 0 1 1 1 1 1 1 0 3 0 0 0
SURVIVOR: 0 1 0 1 0 0 1 0 0 1 0 1 1 1 0 1 1 0 0 3 1 1 1 1 0 0 0
SURVIVOR: 0 1 0 1 0 0 1 0 0 1 1 0 0 1 1 0 1 1 3 1 0 1 1 1 0 0 0
SURVIVOR: 0 1 0 1 0 0 1 0 0 1 1 0 1 1 0 1 0 1 1 1 1 0 3 1 0 0 0
SURVIVOR: 0 1 0 1 0 0 1 0 0 1 1 1 0 0 0 0 3 1 1 1 0 1 0 1 1 1 0
SURVIVOR: 0 1 0 1 0 0 1 0 0 1 1 1 3 1 0 0 0 0 0 1 1 0 1 1 1 1 0
SURVIVOR: 0 1 0 1 0 1 0 0 0 0 0 1 1 1 0 1 1 1 0 1 0 1 1 0 3 1 0
SURVIVOR: 0 1 0 1 0 1 0 0 0 0 1 0 1 0 1 1 1 1 1 0 0 1 1 0 1 3 0
SURVIVOR: 0 1 0 1 0 1 0 0 0 0 1 3 0 1 0 0 1 1 0 1 1 1 1 1 1 0 0
SURVIVOR: 0 1 0 1 0 1 0 0 0 0 3 1 0 0 1 0 1 1 1 0 1 1 1 1 0 1 0
SURVIVOR: 0 1 0 1 0 1 0 0 0 1 0 1 1 1 1 0 1 0 1 3 0 1 0 0 1 1 0
SURVIVOR: 0 1 0 1 0 1 0 0 0 1 0 1 3 0 1 0 0 1 1 1 1 0 0 1 1 1 0
SURVIVOR: 0 1 0 1 0 1 0 0 0 1 0 3 1 0 0 1 0 1 0 1 1 1 1 1 1 0 0
SURVIVOR: 0 1 0 1 0 1 0 0 0 1 1 0 1 1 1 0 0 1 3 1 0 0 1 0 1 1 0
SURVIVOR: 0 1 0 1 0 1 0 0 0 1 1 0 3 1 0 0 1 0 1 1 1 0 0 1 1 1 0
SURVIVOR: 0 1 0 1 0 1 0 0 0 1 1 1 0 0 1 1 1 0 1 1 0 3 1 0 0 1 0
SURVIVOR: 0 1 0 1 0 1 0 0 0 1 1 1 0 1 0 1 0 1 1 1 0 1 3 0 1 0 0
SURVIVOR: 0 1 0 1 0 1 0 0 0 1 1 1 1 0 0 0 1 1 0 1 1 0 1 3 0 1 0
SURVIVOR: 0 1 0 1 0 1 0 0 0 1 1 1 1 0 0 0 1 1 1 0 1 1 0 3 1 0 0
SURVIVOR: 0 1 0 1 0 1 0 0 0 1 3 0 1 0 0 1 1 0 1 0 1 1 1 1 0 1 0
SURVIVOR: 0 1 0 1 0 1 0 3 1 0 0 0 0 0 1 1 0 1 0 1 1 1 1 1 0 1 0
SURVIVOR: 0 1 0 1 0 1 0 3 1 0 0 0 1 0 0 1 1 0 1 1 0 1 1 1 1 0 0
SURVIVOR: 0 1 0 1 0 1 0 3 1 0 0 1 1 0 1 1 1 1 0 1 0 0 1 1 0 0 0
SURVIVOR: 0 1 0 1 0 1 0 3 1 0 1 0 0 1 1 1 1 1 0 0 1 1 0 1 0 0 0
SURVIVOR: 0 1 0 1 0 1 0 3 1 1 0 0 1 1 0 1 1 1 1 0 0 1 1 0 0 0 0
SURVIVOR: 0 1 0 1 0 1 0 3 1 1 1 0 0 0 0 1 0 0 1 1 1 1 0 0 1 1 0
SURVIVOR: 0 1 0 1 0 1 0 3 1 1 1 0 1 1 1 1 0 0 0 0 0 1 0 0 1 1 0
SURVIVOR: 0 1 0 1 0 1 0 3 1 1 1 1 0 0 1 1 0 1 0 1 1 0 0 0 0 1 0
SURVIVOR: 0 1 0 1 0 1 0 3 1 1 1 1 1 0 0 1 1 0 1 1 0 0 0 0 1 0 0
SURVIVOR: 0 1 0 1 0 1 1 1 1 0 0 0 0 0 1 1 1 0 1 1 0 3 1 0 0 1 0
SURVIVOR: 0 1 0 1 0 1 1 1 1 0 0 0 0 1 0 1 0 1 1 1 0 1 3 0 1 0 0
SURVIVOR: 0 1 0 1 0 1 1 1 1 0 0 0 1 0 0 0 1 1 0 1 1 0 1 3 0 1 0
SURVIVOR: 0 1 0 1 0 1 1 1 1 0 0 0 1 0 0 0 1 1 1 0 1 1 0 3 1 0 0
SURVIVOR: 0 1 0 1 0 1 1 1 1 0 0 1 0 1 1 0 3 1 0 1 0 1 0 1 0 0 0
SURVIVOR: 0 1 0 1 0 1 1 1 1 0 0 1 1 0 1 3 0 1 0 0 1 1 1 0 0 0 0
SURVIVOR: 0 1 0 1 0 1 1 1 1 0 0 1 1 1 0 0 0 0 0 1 0 1 1 0 3 1 0
SURVIVOR: 0 1 0 1 0 1 1 1 1 0 1 0 0 1 1 0 1 3 1 0 0 0 1 1 0 0 0
SURVIVOR: 0 1 0 1 0 1 1 1 1 0 1 0 1 0 1 0 0 0 1 0 0 1 1 0 1 3 0
SURVIVOR: 0 1 0 1 0 1 1 1 1 0 1 0 1 1 0 3 1 0 0 0 1 1 1 0 0 0 0
SURVIVOR: 0 1 0 1 0 1 1 1 1 0 1 3 0 1 0 0 1 1 0 1 1 0 0 0 1 0 0
SURVIVOR: 0 1 0 1 0 1 1 1 1 0 3 1 0 0 1 0 1 1 1 0 1 0 0 0 0 1 0
SURVIVOR: 0 1 0 1 0 1 1 1 1 1 0 0 1 0 1 1 0 3 1 0 0 0 1 1 0 0 0
SURVIVOR: 0 1 0 1 0 1 1 1 1 1 0 0 1 1 0 1 3 0 0 1 0 1 0 1 0 0 0
SURVIVOR: 0 1 0 1 0 1 1 1 1 1 0 1 0 0 0 0 1 0 1 3 0 1 0 0 1 1 0
SURVIVOR: 0 1 0 1 0 1 1 1 1 1 0 1 3 0 1 0 0 1 0 0 0 0 0 1 1 1 0
SURVIVOR: 0 1 0 1 0 1 1 1 1 1 0 3 1 0 0 1 0 1 0 1 1 0 0 0 1 0 0
SURVIVOR: 0 1 0 1 0 1 1 1 1 1 1 0 0 0 0 0 0 1 3 1 0 0 1 0 1 1 0
SURVIVOR: 0 1 0 1 0 1 1 1 1 1 1 0 3 1 0 0 1 0 0 0 0 0 0 1 1 1 0
SURVIVOR: 0 1 0 1 0 1 1 1 1 1 3 0 1 0 0 1 1 0 1 0 1 0 0 0 0 1 0
SURVIVOR: 0 1 0 1 0 1 1 3 0 0 0 0 0 1 0 1 1 0 1 0 1 1 1 1 1 0 0
SURVIVOR: 0 1 0 1 0 1 1 3 0 0 0 0 1 0 0 1 0 1 1 1 0 1 1 1 0 1 0
SURVIVOR: 0 1 0 1 0 1 1 3 0 0 0 1 0 1 1 1 1 1 0 0 1 0 1 1 0 0 0
SURVIVOR: 0 1 0 1 0 1 1 3 0 0 1 0 1 1 0 1 1 1 1 0 0 1 0 1 0 0 0
SURVIVOR: 0 1 0 1 0 1 1 3 0 1 0 0 1 0 1 1 1 1 0 1 0 1 1 0 0 0 0
SURVIVOR: 0 1 0 1 0 1 1 3 0 1 0 1 0 0 0 1 0 0 1 1 1 0 1 0 1 1 0
SURVIVOR: 0 1 0 1 0 1 1 3 0 1 0 1 1 1 1 1 0 0 0 0 0 0 1 0 1 1 0
SURVIVOR: 0 1 0 1 0 1 1 3 0 1 1 1 0 1 0 1 1 0 1 0 1 0 0 0 1 0 0
SURVIVOR: 0 1 0 1 0 1 1 3 0 1 1 1 1 0 0 1 0 1 1 1 0 0 0 0 0 1 0
SURVIVOR: 0 1 0 1 0 3 0 1 1 0 0 1 0 0 0 0 1 1 0 1 0 1 1 1 1 1 0
SURVIVOR: 0 1 0 1 0 3 0 1 1 0 0 1 1 1 1 0 1 1 0 1 0 0 0 0 1 1 0
SURVIVOR: 0 1 0 1 0 3 0 1 1 0 1 1 0 0 1 0 0 0 1 1 1 1 1 0 0 1 0
SURVIVOR: 0 1 0 1 0 3 0 1 1 0 1 1 0 0 1 1 1 1 0 0 0 1 1 0 0 1 0
SURVIVOR: 0 1 0 1 0 3 0 1 1 1 0 1 1 0 0 0 0 0 1 1 1 1 0 1 1 0 0
SURVIVOR: 0 1 0 1 0 3 0 1 1 1 0 1 1 0 0 1 1 1 0 0 0 1 0 1 1 0 0
SURVIVOR: 0 1 0 1 0 3 0 1 1 1 1 1 0 1 1 0 0 1 1 1 0 0 1 0 0 0 0
SURVIVOR: 0 1 0 1 0 3 0 1 1 1 1 1 1 0 1 1 0 0 1 0 1 1 0 0 0 0 0
SURVIVOR: 0 1 0 1 0 3 0 1 1 1 1 1 1 1 0 0 1 0 0 1 1 0 0 1 0 0 0
SURVIVOR: 0 1 0 1 1 0 0 0 0 0 1 0 1 1 0 1 1 1 0 0 1 1 0 1 3 1 0
SURVIVOR: 0 1 0 1 1 0 0 0 0 0 1 1 1 1 1 0 0 1 0 1 3 0 0 1 1 1 0
SURVIVOR: 0 1 0 1 1 0 0 0 0 0 1 1 3 0 1 1 0 0 1 1 1 0 1 0 1 1 0
SURVIVOR: 0 1 0 1 1 0 0 0 0 0 3 1 1 0 0 1 1 0 1 0 1 1 1 1 1 0 0
SURVIVOR: 0 1 0 1 1 0 0 0 0 1 0 0 1 0 1 1 1 1 0 1 0 1 0 1 1 3 0
SURVIVOR: 0 1 0 1 1 0 0 0 0 1 0 1 1 1 1 1 0 0 0 3 1 1 0 0 1 1 0
SURVIVOR: 0 1 0 1 1 0 0 0 0 1 0 1 3 1 0 0 0 1 1 1 1 0 1 0 1 1 0
SURVIVOR: 0 1 0 1 1 0 0 0 0 1 1 1 0 0 1 0 1 1 0 1 1 1 0 3 0 1 0
SURVIVOR: 0 1 0 1 1 0 0 0 0 1 1 1 0 1 0 1 1 0 0 1 1 3 0 1 1 0 0
SURVIVOR: 0 1 0 1 1 0 0 0 0 1 1 1 1 0 0 1 0 1 1 0 1 1 3 0 0 1 0
SURVIVOR: 0 1 0 1 1 0 0 0 0 1 1 1 1 0 0 1 0 1 1 1 0 0 3 1 1 0 0
SURVIVOR: 0 1 0 1 1 0 0 0 0 1 3 0 0 1 0 1 0 1 1 0 1 1 1 1 1 0 0
SURVIVOR: 0 1 0 1 1 0 0 0 0 3 0 1 1 0 0 0 1 1 1 1 0 1 1 1 0 1 0
SURVIVOR: 0 1 0 1 1 0 0 0 0 3 1 0 0 0 1 1 0 1 1 1 0 1 1 1 0 1 0
SURVIVOR: 0 1 0 1 1 0 1 1 1 0 0 0 0 0 1 0 1 1 0 1 1 1 0 3 0 1 0
SURVIVOR: 0 1 0 1 1 0 1 1 1 0 0 0 0 1 0 1 1 0 0 1 1 3 0 1 1 0 0
SURVIVOR: 0 1 0 1 1 0 1 1 1 0 0 0 1 0 0 1 0 1 1 0 1 1 3 0 0 1 0
SURVIVOR: 0 1 0 1 1 0 1 1 1 0 0 0 1 0 0 1 0 1 1 1 0 0 3 1 1 0 0
SURVIVOR: 0 1 0 1 1 0 1 1 1 0 0 1 1 0 1 3 1 0 0 1 0 1 1 0 0 0 0
SURVIVOR: 0 1 0 1 1 0 1 1 1 0 0 1 1 1 0 0 1 3 0 0 1 0 1 1 0 0 0
SURVIVOR: 0 1 0 1 1 0 1 1 1 0 1 0 0 1 1 1 0 3 0 0 1 0 1 1 0 0 0
SURVIVOR: 0 1 0 1 1 0 1 1 1 0 1 0 1 0 1 1 3 0 1 0 0 1 0 1 0 0 0
SURVIVOR: 0 1 0 1 1 0 1 1 1 0 1 0 1 1 0 0 0 0 0 0 1 1 0 1 3 1 0
SURVIVOR: 0 1 0 1 1 0 1 1 1 0 1 1 0 0 0 0 0 1 0 1 3 0 0 1 1 1 0
SURVIVOR: 0 1 0 1 1 0 1 1 1 0 1 1 3 0 1 1 0 0 0 0 0 0 1 0 1 1 0
SURVIVOR: 0 1 0 1 1 0 1 1 1 0 3 1 1 0 0 1 1 0 1 0 1 0 0 0 1 0 0
SURVIVOR: 0 1 0 1 1 0 1 1 1 1 0 0 0 1 1 3 0 1 0 1 0 1 1 0 0 0 0
SURVIVOR: 0 1 0 1 1 0 1 1 1 1 0 0 1 0 1 0 0 0 0 1 0 1 0 1 1 3 0
SURVIVOR: 0 1 0 1 1 0 1 1 1 1 0 0 1 1 0 0 3 1 1 0 0 1 0 1 0 0 0
SURVIVOR: 0 1 0 1 1 0 1 1 1 1 0 1 0 0 0 1 0 0 0 3 1 1 0 0 1 1 0
SURVIVOR: 0 1 0 1 1 0 1 1 1 1 0 1 3 1 0 0 0 1 0 0 0 0 1 0 1 1 0
SURVIVOR: 0 1 0 1 1 0 1 1 1 1 3 0 0 1 0 1 0 1 1 0 1 0 0 0 1 0 0
SURVIVOR: 0 1 0 1 1 0 1 1 1 3 0 1 1 0 0 0 1 1 1 1 0 0 0 0 0 1 0
SURVIVOR: 0 1 0 1 1 0 1 1 1 3 1 0 0 0 1 1 0 1 1 1 0 0 0 0 0 1 0
SURVIVOR: 0 1 0 1 1 0 3 0 1 0 0 0 0 1 0 0 1 1 1 1 0 1 1 1 1 0 0
SURVIVOR: 0 1 0 1 1 0 3 0 1 0 0 0 1 0 0 1 1 0 0 1 1 1 1 1 0 1 0
SURVIVOR: 0 1 0 1 1 0 3 0 1 0 0 1 1 0 1 1 1 1 0 0 1 1 0 1 0 0 0
SURVIVOR: 0 1 0 1 1 0 3 0 1 0 1 0 0 1 1 1 1 1 1 0 0 1 1 0 0 0 0
SURVIVOR: 0 1 0 1 1 0 3 0 1 0 1 1 0 0 0 0 1 0 1 1 1 1 0 0 1 1 0
SURVIVOR: 0 1 0 1 1 0 3 0 1 0 1 1 1 1 1 0 1 0 0 0 0 1 0 0 1 1 0
SURVIVOR: 0 1 0 1 1 0 3 0 1 1 0 0 1 1 0 1 1 1 0 1 0 0 1 1 0 0 0
SURVIVOR: 0 1 0 1 1 0 3 0 1 1 1 1 0 1 0 0 1 1 1 1 0 0 0 0 1 0 0
SURVIVOR: 0 1 0 1 1 0 3 0 1 1 1 1 1 0 0 1 1 0 0 1 1 0 0 0 0 1 0
SURVIVOR: 0 1 0 1 1 0 3 1 0 0 0 0 0 0 1 1 1 0 1 0 1 1 1 1 0 1 0
SURVIVOR: 0 1 0 1 1 0 3 1 0 0 0 0 1 0 0 0 1 1 0 1 1 1 1 1 1 0 0
SURVIVOR: 0 1 0 1 1 0 3 1 0 0 0 1 1 1 0 1 1 1 0 1 0 1 0 1 0 0 0
SURVIVOR: 0 1 0 1 1 0 3 1 0 0 1 0 1 0 1 1 1 1 0 0 1 1 1 0 0 0 0
SURVIVOR: 0 1 0 1 1 0 3 1 0 1 0 0 0 1 1 1 1 1 1 0 0 0 1 1 0 0 0
SURVIVOR: 0 1 0 1 1 0 3 1 0 1 0 1 0 0 0 0 1 0 1 1 1 0 0 1 1 1 0
SURVIVOR: 0 1 0 1 1 0 3 1 0 1 0 1 1 1 1 0 1 0 0 0 0 0 0 1 1 1 0
SURVIVOR: 0 1 0 1 1 0 3 1 0 1 1 1 0 0 1 1 1 0 1 0 1 0 0 0 0 1 0
SURVIVOR: 0 1 0 1 1 0 3 1 0 1 1 1 1 0 0 0 1 1 0 1 1 0 0 0 1 0 0
SURVIVOR: 0 1 0 1 1 1 0 1 1 0 0 0 1 0 1 0 0 1 0 1 1 0 0 1 1 3 0
SURVIVOR: 0 1 0 1 1 1 0 1 1 0 0 0 1 1 0 1 0 0 0 1 1 1 0 0 3 1 0
SURVIVOR: 0 1 0 1 1 1 0 1 1 0 1 0 0 0 0 0 1 1 0 0 1 1 0 3 1 1 0
SURVIVOR: 0 1 0 1 1 1 0 1 1 0 1 0 3 0 1 1 1 0 1 0 0 0 0 0 1 1 0
SURVIVOR: 0 1 0 1 1 1 0 1 1 0 1 1 0 1 0 0 0 0 0 1 3 1 0 1 1 0 0
SURVIVOR: 0 1 0 1 1 1 0 1 1 0 1 1 1 0 0 3 1 0 0 0 0 1 1 0 1 0 0
SURVIVOR: 0 1 0 1 1 1 0 1 1 0 1 3 1 0 1 1 0 0 0 1 1 0 1 0 0 0 0
SURVIVOR: 0 1 0 1 1 1 0 1 1 0 3 1 1 0 1 0 1 0 1 0 1 0 0 1 0 0 0
SURVIVOR: 0 1 0 1 1 1 0 1 1 1 0 0 0 0 0 1 1 0 0 1 0 3 0 1 1 1 0
SURVIVOR: 0 1 0 1 1 1 0 1 1 1 0 0 3 1 0 0 1 1 1 0 0 0 0 0 1 1 0
SURVIVOR: 0 1 0 1 1 1 0 1 1 1 0 1 0 0 1 0 0 0 0 3 1 1 0 1 0 1 0
SURVIVOR: 0 1 0 1 1 1 0 1 1 1 0 1 1 0 0 0 1 3 0 0 0 0 1 1 0 1 0
SURVIVOR: 0 1 0 1 1 1 0 1 1 1 0 3 1 1 0 0 0 1 0 1 1 0 1 0 0 0 0
SURVIVOR: 0 1 0 1 1 1 0 1 1 1 1 0 0 0 1 1 0 3 0 0 0 0 1 1 0 1 0
SURVIVOR: 0 1 0 1 1 1 0 1 1 1 1 0 0 1 0 3 0 1 0 0 0 1 1 0 1 0 0
SURVIVOR: 0 1 0 1 1 1 0 1 1 1 1 0 1 0 0 0 0 0 3 0 1 1 1 0 0 1 0
SURVIVOR: 0 1 0 1 1 1 0 1 1 1 1 0 1 0 0 0 0 0 3 1 0 0 1 1 1 0 0
SURVIVOR: 0 1 0 1 1 1 0 1 1 1 3 0 0 1 1 0 0 1 1 0 1 0 0 1 0 0 0
SURVIVOR: 0 1 0 1 1 1 0 1 1 3 0 1 1 1 0 0 1 0 1 1 0 1 0 0 0 0 0
SURVIVOR: 0 1 0 1 1 1 0 1 1 3 1 0 0 1 1 1 0 0 1 1 0 1 0 0 0 0 0
SURVIVOR: 0 1 0 1 1 1 1 0 1 0 0 0 1 0 1 0 1 0 1 1 0 1 0 0 1 3 0
SURVIVOR: 0 1 0 1 1 1 1 0 1 0 0 0 1 1 0 0 0 1 1 1 0 0 1 0 3 1 0
SURVIVOR: 0 1 0 1 1 1 1 0 1 0 0 1 0 0 0 1 1 0 0 1 0 3 1 0 1 1 0
SURVIVOR: 0 1 0 1 1 1 1 0 1 0 0 1 3 0 1 1 0 1 0 0 1 0 0 0 1 1 0
SURVIVOR: 0 1 0 1 1 1 1 0 1 0 1 0 0 0 0 1 0 1 1 0 0 1 3 0 1 1 0
SURVIVOR: 0 1 0 1 1 1 1 0 1 0 1 0 3 1 0 1 1 0 0 0 1 0 0 0 1 1 0
SURVIVOR: 0 1 0 1 1 1 1 0 1 0 1 1 0 0 1 0 3 1 0 0 0 1 0 1 0 1 0
SURVIVOR: 0 1 0 1 1 1 1 0 1 0 1 1 0 1 0 0 1 3 0 0 0 0 1 1 1 0 0
SURVIVOR: 0 1 0 1 1 1 1 0 1 0 1 1 1 0 0 0 0 0 0 1 3 0 1 1 0 1 0
SURVIVOR: 0 1 0 1 1 1 1 0 1 0 1 1 1 0 0 0 0 0 1 0 3 1 0 1 1 0 0
SURVIVOR: 0 1 0 1 1 1 1 0 1 0 1 3 0 1 1 0 1 0 0 1 1 1 0 0 0 0 0
SURVIVOR: 0 1 0 1 1 1 1 0 1 0 3 1 0 1 1 0 0 1 1 0 1 0 1 0 0 0 0
SURVIVOR: 0 1 0 1 1 1 1 0 1 1 0 1 0 1 0 0 0 0 1 3 0 1 1 0 1 0 0
SURVIVOR: 0 1 0 1 1 1 1 0 1 1 0 1 1 0 0 1 0 3 0 0 0 0 1 1 1 0 0
SURVIVOR: 0 1 0 1 1 1 1 0 1 1 0 3 1 0 1 1 0 0 0 1 1 1 0 0 0 0 0
SURVIVOR: 0 1 0 1 1 1 1 0 1 1 1 0 0 0 1 0 0 0 3 1 0 1 1 0 0 1 0
SURVIVOR: 0 1 0 1 1 1 1 0 1 1 1 0 1 0 0 1 3 0 0 0 0 1 0 1 0 1 0
SURVIVOR: 0 1 0 1 1 1 1 0 1 1 3 0 1 1 0 1 0 0 1 0 1 0 1 0 0 0 0
SURVIVOR: 0 1 0 1 1 1 1 0 1 3 0 1 1 0 1 0 0 1 1 1 0 0 0 1 0 0 0
SURVIVOR: 0 1 0 1 1 1 1 0 1 3 1 0 1 1 0 0 1 0 1 1 0 0 0 1 0 0 0
SURVIVOR: 0 1 0 1 1 1 1 1 0 0 0 0 1 0 1 1 0 0 1 0 1 0 1 0 1 3 0
SURVIVOR: 0 1 0 1 1 1 1 1 0 0 0 0 1 1 0 0 1 0 1 0 1 0 0 1 3 1 0
SURVIVOR: 0 1 0 1 1 1 1 1 0 0 0 1 0 0 0 0 1 1 0 0 1 0 1 3 1 1 0
SURVIVOR: 0 1 0 1 1 1 1 1 0 0 0 1 3 1 0 1 0 1 0 1 0 0 0 0 1 1 0
SURVIVOR: 0 1 0 1 1 1 1 1 0 0 1 1 0 0 1 0 0 0 1 0 3 0 1 1 0 1 0
SURVIVOR: 0 1 0 1 1 1 1 1 0 0 1 1 1 0 0 3 0 1 0 0 0 1 1 0 0 1 0
SURVIVOR: 0 1 0 1 1 1 1 1 0 0 1 3 1 1 0 0 0 1 0 1 1 0 0 1 0 0 0
SURVIVOR: 0 1 0 1 1 1 1 1 0 0 3 1 1 1 0 1 0 0 1 0 1 1 0 0 0 0 0
SURVIVOR: 0 1 0 1 1 1 1 1 0 1 0 0 0 0 0 1 0 1 1 0 0 0 3 1 1 1 0
SURVIVOR: 0 1 0 1 1 1 1 1 0 1 0 0 3 0 1 0 1 1 0 1 0 0 0 0 1 1 0
SURVIVOR: 0 1 0 1 1 1 1 1 0 1 0 1 0 0 1 3 1 0 0 0 0 1 1 0 0 1 0
SURVIVOR: 0 1 0 1 1 1 1 1 0 1 0 1 0 1 0 1 3 0 0 0 0 1 0 1 1 0 0
SURVIVOR: 0 1 0 1 1 1 1 1 0 1 0 1 1 0 0 0 0 0 0 3 1 1 1 0 1 0 0
SURVIVOR: 0 1 0 1 1 1 1 1 0 1 0 1 1 0 0 0 0 0 1 3 0 1 0 1 0 1 0
SURVIVOR: 0 1 0 1 1 1 1 1 0 1 0 3 0 1 1 0 1 0 0 1 1 0 0 1 0 0 0
SURVIVOR: 0 1 0 1 1 1 1 1 0 1 1 0 0 1 0 0 0 0 3 0 1 0 1 1 1 0 0
SURVIVOR: 0 1 0 1 1 1 1 1 0 1 1 0 1 0 0 0 3 1 0 0 0 1 0 1 1 0 0
SURVIVOR: 0 1 0 1 1 1 1 1 0 1 3 0 1 0 1 0 1 0 1 0 1 1 0 0 0 0 0
SURVIVOR: 0 1 0 1 1 1 1 1 0 3 0 1 0 1 1 1 0 0 1 1 0 0 1 0 0 0 0
SURVIVOR: 0 1 0 1 1 1 1 1 0 3 1 0 1 0 1 0 0 1 1 1 0 0 1 0 0 0 0
SURVIVOR: 0 1 0 1 3 0 1 0 1 1 0 0 0 0 0 1 0 1 0 1 0 1 1 1 1 1 0
SURVIVOR: 0 1 0 1 3 0 1 0 1 1 0 0 1 1 1 1 0 1 0 1 0 0 0 0 1 1 0
SURVIVOR: 0 1 0 1 3 0 1 0 1 1 0 1 1 0 0 0 0 0 1 1 1 1 1 0 0 1 0
SURVIVOR: 0 1 0 1 3 0 1 0 1 1 0 1 1 0 0 1 1 1 0 0 0 1 1 0 0 1 0
SURVIVOR: 0 1 0 1 3 0 1 0 1 1 1 0 0 1 0 0 0 0 1 1 1 1 0 1 1 0 0
SURVIVOR: 0 1 0 1 3 0 1 0 1 1 1 0 0 1 0 1 1 1 0 0 0 1 0 1 1 0 0
SURVIVOR: 0 1 0 1 3 0 1 0 1 1 1 1 0 1 1 0 0 1 0 1 1 0 0 1 0 0 0
SURVIVOR: 0 1 0 1 3 0 1 0 1 1 1 1 1 0 1 1 0 0 1 1 0 0 1 0 0 0 0
SURVIVOR: 0 1 0 1 3 0 1 0 1 1 1 1 1 1 0 0 1 0 1 0 1 1 0 0 0 0 0
SURVIVOR: 0 1 0 3 0 1 1 1 0 0 1 0 0 0 0 0 1 1 1 0 0 1 1 1 1 1 0
SURVIVOR: 0 1 0 3 0 1 1 1 0 0 1 0 1 1 1 0 1 1 1 0 0 0 0 0 1 1 0
SURVIVOR: 0 1 0 3 0 1 1 1 0 0 1 1 0 1 0 0 0 0 1 1 1 1 1 0 1 0 0
SURVIVOR: 0 1 0 3 0 1 1 1 0 0 1 1 0 1 0 1 1 1 0 0 0 1 1 0 1 0 0
SURVIVOR: 0 1 0 3 0 1 1 1 0 1 1 0 1 0 0 0 0 0 1 1 1 0 1 1 0 1 0
SURVIVOR: 0 1 0 3 0 1 1 1 0 1 1 0 1 0 0 1 1 1 0 0 0 0 1 1 0 1 0
SURVIVOR: 0 1 0 3 0 1 1 1 0 1 1 1 0 1 1 0 1 0 1 1 0 1 0 0 0 0 0
SURVIVOR: 0 1 0 3 0 1 1 1 0 1 1 1 1 0 1 0 0 1 1 0 1 0 0 1 0 0 0
SURVIVOR: 0 1 0 3 0 1 1 1 0 1 1 1 1 1 0 1 0 0 0 1 1 0 1 0 0 0 0
SURVIVOR: 0 1 0 3 1 0 1 1 0 0 1 0 0 0 0 1 0 1 0 0 1 1 1 1 1 1 0
SURVIVOR: 0 1 0 3 1 0 1 1 0 0 1 0 1 1 1 1 0 1 0 0 1 0 0 0 1 1 0
SURVIVOR: 0 1 0 3 1 0 1 1 0 0 1 1 1 0 0 0 0 0 1 1 1 0 1 1 1 0 0
SURVIVOR: 0 1 0 3 1 0 1 1 0 0 1 1 1 0 0 1 1 1 0 0 0 0 1 1 1 0 0
SURVIVOR: 0 1 0 3 1 0 1 1 0 1 1 0 0 0 1 0 0 0 1 1 1 1 0 1 0 1 0
SURVIVOR: 0 1 0 3 1 0 1 1 0 1 1 0 0 0 1 1 1 1 0 0 0 1 0 1 0 1 0
SURVIVOR: 0 1 0 3 1 0 1 1 0 1 1 1 0 1 1 1 0 0 0 1 1 1 0 0 0 0 0
SURVIVOR: 0 1 0 3 1 0 1 1 0 1 1 1 1 0 1 0 1 0 1 1 0 0 0 1 0 0 0
SURVIVOR: 0 1 0 3 1 0 1 1 0 1 1 1 1 1 0 0 0 1 1 0 1 0 1 0 0 0 0
SURVIVOR: 0 1 1 0 0 0 0 0 1 0 0 1 0 1 1 1 1 1 0 3 1 1 0 0 1 1 0
SURVIVOR: 0 1 1 0 0 0 0 0 1 0 0 1 1 1 0 0 1 3 1 1 1 0 1 0 1 1 0
SURVIVOR: 0 1 1 0 0 0 0 0 1 0 1 0 0 1 1 1 0 3 1 1 1 0 1 0 1 1 0
SURVIVOR: 0 1 1 0 0 0 0 0 1 0 1 0 1 1 0 1 1 1 0 1 3 0 0 1 1 1 0
SURVIVOR: 0 1 1 0 0 0 0 0 1 0 1 1 1 0 3 0 1 0 1 1 0 1 1 1 0 1 0
SURVIVOR: 0 1 1 0 0 0 0 0 1 0 1 1 1 1 1 0 0 1 1 0 1 1 3 0 0 1 0
SURVIVOR: 0 1 1 0 0 0 0 0 1 0 1 1 1 1 1 0 0 1 1 1 0 0 3 1 1 0 0
SURVIVOR: 0 1 1 0 0 0 0 0 1 0 1 1 3 0 1 1 0 0 1 0 1 1 1 1 1 0 0
SURVIVOR: 0 1 1 0 0 0 0 0 1 1 0 1 1 1 1 1 0 0 0 1 1 3 0 1 1 0 0
SURVIVOR: 0 1 1 0 0 0 0 0 1 1 0 1 3 1 0 0 0 1 1 0 1 1 1 1 1 0 0
SURVIVOR: 0 1 1 0 0 0 0 0 1 1 1 0 0 1 3 0 0 1 1 1 0 1 1 1 0 1 0
SURVIVOR: 0 1 1 0 0 0 0 0 1 1 1 0 1 1 1 0 1 0 0 1 1 1 0 3 0 1 0
SURVIVOR: 0 1 1 0 0 0 0 0 1 1 1 1 0 0 1 0 1 1 0 1 0 1 0 1 1 3 0
SURVIVOR: 0 1 1 0 0 0 0 0 1 1 1 1 1 0 0 1 0 1 0 0 1 1 0 1 3 1 0
SURVIVOR: 0 1 1 0 0 0 0 1 0 0 1 0 0 1 1 1 1 1 1 0 3 0 0 1 1 1 0
SURVIVOR: 0 1 1 0 0 0 0 1 0 0 1 0 1 1 0 3 0 1 1 1 1 1 0 0 1 1 0
SURVIVOR: 0 1 1 0 0 0 0 1 0 0 1 1 1 1 1 0 1 0 1 0 1 0 1 3 1 0 0
SURVIVOR: 0 1 1 0 0 0 0 1 0 0 1 1 3 1 0 1 0 0 1 1 0 1 1 1 1 0 0
SURVIVOR: 0 1 1 0 0 0 0 1 0 1 0 0 0 1 1 3 1 0 1 1 1 1 0 0 1 1 0
SURVIVOR: 0 1 1 0 0 0 0 1 0 1 0 0 1 1 0 1 1 1 3 0 1 0 1 0 1 1 0
SURVIVOR: 0 1 1 0 0 0 0 1 0 1 0 1 0 1 3 1 0 0 0 1 1 1 1 1 0 1 0
SURVIVOR: 0 1 1 0 0 0 0 1 0 1 0 1 1 1 1 0 0 1 1 0 1 0 3 1 0 1 0
SURVIVOR: 0 1 1 0 0 0 0 1 0 1 1 0 1 0 3 0 0 1 0 1 1 1 1 1 0 1 0
SURVIVOR: 0 1 1 0 0 0 0 1 0 1 1 0 1 1 1 1 0 0 0 1 1 3 1 0 1 0 0
SURVIVOR: 0 1 1 0 0 0 0 1 0 1 1 0 1 1 1 1 0 0 1 1 0 3 0 1 0 1 0
SURVIVOR: 0 1 1 0 0 0 0 1 0 1 1 0 3 0 1 0 1 0 1 1 0 1 1 1 1 0 0
SURVIVOR: 0 1 1 0 0 0 0 1 0 1 1 1 0 0 1 1 0 1 0 0 1 0 1 1 1 3 0
SURVIVOR: 0 1 1 0 0 0 0 1 0 1 1 1 1 0 0 1 1 0 1 0 0 0 1 1 3 1 0
SURVIVOR: 0 1 1 0 0 0 1 0 0 0 0 1 0 1 1 0 3 1 1 1 1 0 0 1 1 1 0
SURVIVOR: 0 1 1 0 0 0 1 0 0 0 0 1 1 1 0 1 1 1 1 3 0 1 0 0 1 1 0
SURVIVOR: 0 1 1 0 0 0 1 0 0 0 1 1 0 1 3 0 1 0 1 0 1 1 1 1 0 1 0
SURVIVOR: 0 1 1 0 0 0 1 0 0 0 1 1 1 1 1 1 0 0 1 1 0 3 1 0 0 1 0
SURVIVOR: 0 1 1 0 0 0 1 0 0 1 0 0 0 1 1 1 1 1 3 1 0 0 1 0 1 1 0
SURVIVOR: 0 1 1 0 0 0 1 0 0 1 0 0 1 1 0 1 3 0 1 1 1 0 0 1 1 1 0
SURVIVOR: 0 1 1 0 0 0 1 0 0 1 0 1 1 0 3 1 0 0 1 0 1 1 1 1 0 1 0
SURVIVOR: 0 1 1 0 0 0 1 0 0 1 0 1 1 1 1 0 1 0 0 1 1 0 1 3 0 1 0
SURVIVOR: 0 1 1 0 0 0 1 0 0 1 0 1 1 1 1 0 1 0 1 0 1 1 0 3 1 0 0
SURVIVOR: 0 1 1 0 0 0 1 0 0 1 0 1 3 0 1 0 0 1 0 1 1 1 1 1 1 0 0
SURVIVOR: 0 1 1 0 0 0 1 0 0 1 1 0 1 1 1 0 0 1 1 1 0 1 3 0 1 0 0
SURVIVOR: 0 1 1 0 0 0 1 0 0 1 1 0 3 1 0 0 1 0 0 1 1 1 1 1 1 0 0
SURVIVOR: 0 1 1 0 0 0 1 0 0 1 1 1 0 0 1 1 1 0 1 0 0 1 1 0 1 3 0
SURVIVOR: 0 1 1 0 0 0 1 0 0 1 1 1 1 0 0 0 1 1 0 1 0 1 1 0 3 1 0
SURVIVOR: 0 1 1 0 0 1 0 0 0 0 0 1 0 1 3 1 1 0 1 1 1 1 1 0 0 1 0
SURVIVOR: 0 1 1 0 0 1 0 0 0 0 0 1 1 1 1 0 1 1 0 3 1 1 1 0 1 0 0
SURVIVOR: 0 1 1 0 0 1 0 0 0 0 0 1 1 1 1 0 1 1 1 3 0 1 0 1 0 1 0
SURVIVOR: 0 1 1 0 0 1 0 0 0 0 0 1 3 1 0 1 0 1 1 1 1 1 0 1 1 0 0
SURVIVOR: 0 1 1 0 0 1 0 0 0 0 1 0 1 0 3 0 1 1 1 1 1 1 1 0 0 1 0
SURVIVOR: 0 1 1 0 0 1 0 0 0 0 1 0 1 1 1 1 1 0 1 0 3 0 1 1 0 1 0
SURVIVOR: 0 1 1 0 0 1 0 0 0 0 1 1 0 0 1 1 1 1 1 0 1 0 1 0 1 3 0
SURVIVOR: 0 1 1 0 0 1 0 0 0 0 1 3 1 1 0 0 0 1 0 1 0 1 1 1 1 1 0
SURVIVOR: 0 1 1 0 0 1 0 0 0 1 0 0 1 1 1 1 0 1 3 0 1 0 1 1 1 0 0
SURVIVOR: 0 1 1 0 0 1 0 0 0 1 0 0 3 0 1 0 1 1 1 1 1 1 0 1 1 0 0
SURVIVOR: 0 1 1 0 0 1 0 0 0 1 0 1 1 0 0 1 1 1 1 0 1 0 0 1 3 1 0
SURVIVOR: 0 1 1 0 0 1 0 0 0 1 0 3 0 1 1 0 1 0 0 1 0 1 1 1 1 1 0
SURVIVOR: 0 1 1 0 0 1 0 0 0 1 1 1 0 1 1 0 0 1 1 0 0 0 3 1 1 1 0
SURVIVOR: 0 1 1 0 0 1 0 0 0 1 1 1 1 1 0 0 1 0 0 0 1 0 1 3 1 1 0
SURVIVOR: 0 1 1 0 0 1 0 3 1 0 0 0 0 1 1 1 0 0 0 0 1 1 1 1 1 1 0
SURVIVOR: 0 1 1 0 0 1 0 3 1 0 0 1 0 0 0 1 1 0 1 1 1 0 1 1 1 0 0
SURVIVOR: 0 1 1 0 0 1 0 3 1 0 0 1 1 1 1 1 1 0 0 0 0 0 1 1 1 0 0
SURVIVOR: 0 1 1 0 0 1 0 3 1 0 1 0 0 0 0 1 0 1 1 1 1 1 0 1 0 1 0
SURVIVOR: 0 1 1 0 0 1 0 3 1 0 1 0 1 1 1 1 0 1 0 0 0 1 0 1 0 1 0
SURVIVOR: 0 1 1 0 0 1 0 3 1 0 1 1 1 0 0 1 1 1 1 1 0 0 0 1 0 0 0
SURVIVOR: 0 1 1 0 0 1 0 3 1 1 0 1 0 1 0 1 1 1 1 0 1 0 1 0 0 0 0
SURVIVOR: 0 1 1 0 0 1 0 3 1 1 1 0 0 0 1 1 1 1 0 1 1 1 0 0 0 0 0
SURVIVOR: 0 1 1 0 0 1 0 3 1 1 1 1 0 1 1 1 0 0 0 0 1 0 0 0 1 1 0
SURVIVOR: 0 1 1 0 0 1 1 1 1 0 0 0 0 1 1 0 0 1 1 0 0 0 3 1 1 1 0
SURVIVOR: 0 1 1 0 0 1 1 1 1 0 0 0 1 1 0 0 1 0 0 0 1 0 1 3 1 1 0
SURVIVOR: 0 1 1 0 0 1 1 1 1 0 0 1 0 0 0 0 1 1 0 3 1 1 1 0 1 0 0
SURVIVOR: 0 1 1 0 0 1 1 1 1 0 0 1 0 0 0 0 1 1 1 3 0 1 0 1 0 1 0
SURVIVOR: 0 1 1 0 0 1 1 1 1 0 0 1 0 1 3 1 1 0 0 0 0 1 1 0 0 1 0
SURVIVOR: 0 1 1 0 0 1 1 1 1 0 0 1 3 1 0 1 0 1 0 0 0 1 0 1 1 0 0
SURVIVOR: 0 1 1 0 0 1 1 1 1 0 1 0 0 0 0 1 1 0 1 0 3 0 1 1 0 1 0
SURVIVOR: 0 1 1 0 0 1 1 1 1 0 1 0 1 0 3 0 1 1 0 0 0 1 1 0 0 1 0
SURVIVOR: 0 1 1 0 0 1 1 1 1 0 1 1 0 0 1 0 0 0 1 0 1 0 1 0 1 3 0
SURVIVOR: 0 1 1 0 0 1 1 1 1 0 1 1 0 1 0 1 0 3 1 1 0 0 1 0 0 0 0
SURVIVOR: 0 1 1 0 0 1 1 1 1 0 1 1 1 0 0 3 0 1 1 0 1 1 0 0 0 0 0
SURVIVOR: 0 1 1 0 0 1 1 1 1 0 1 3 1 1 0 0 0 1 0 1 0 0 0 0 1 1 0
SURVIVOR: 0 1 1 0 0 1 1 1 1 1 0 0 0 0 0 1 0 1 3 0 1 0 1 1 1 0 0
SURVIVOR: 0 1 1 0 0 1 1 1 1 1 0 0 3 0 1 0 1 1 0 0 0 1 0 1 1 0 0
SURVIVOR: 0 1 1 0 0 1 1 1 1 1 0 1 0 0 1 3 1 0 1 0 1 1 0 0 0 0 0
SURVIVOR: 0 1 1 0 0 1 1 1 1 1 0 1 0 1 0 1 3 0 0 1 1 0 0 1 0 0 0
SURVIVOR: 0 1 1 0 0 1 1 1 1 1 0 1 1 0 0 0 0 0 1 0 1 0 0 1 3 1 0
SURVIVOR: 0 1 1 0 0 1 1 1 1 1 0 3 0 1 1 0 1 0 0 1 0 0 0 0 1 1 0
SURVIVOR: 0 1 1 0 0 1 1 1 1 1 1 0 0 0 1 0 1 3 1 1 0 0 1 0 0 0 0
SURVIVOR: 0 1 1 0 0 1 1 1 1 1 1 0 1 0 0 0 3 1 0 1 1 0 0 1 0 0 0
SURVIVOR: 0 1 1 0 0 1 1 3 0 0 0 0 1 1 0 1 0 0 1 0 0 1 1 1 1 1 0
SURVIVOR: 0 1 1 0 0 1 1 3 0 0 0 1 0 0 0 1 0 1 1 1 1 0 1 1 0 1 0
SURVIVOR: 0 1 1 0 0 1 1 3 0 0 0 1 1 1 1 1 0 1 0 0 0 0 1 1 0 1 0
SURVIVOR: 0 1 1 0 0 1 1 3 0 0 1 1 0 1 0 1 1 1 1 0 1 0 0 1 0 0 0
SURVIVOR: 0 1 1 0 0 1 1 3 0 1 0 0 0 0 0 1 1 0 1 1 1 1 1 0 1 0 0
SURVIVOR: 0 1 1 0 0 1 1 3 0 1 0 0 1 1 1 1 1 0 0 0 0 1 1 0 1 0 0
SURVIVOR: 0 1 1 0 0 1 1 3 0 1 0 1 0 0 1 1 1 1 0 1 1 0 1 0 0 0 0
SURVIVOR: 0 1 1 0 0 1 1 3 0 1 1 0 1 0 0 1 1 1 1 1 0 1 0 0 0 0 0
SURVIVOR: 0 1 1 0 0 1 1 3 0 1 1 1 1 1 0 1 0 0 1 0 0 0 0 0 1 1 0
SURVIVOR: 0 1 1 0 1 0 0 0 0 0 0 1 1 0 3 1 1 0 1 1 1 0 1 1 0 1 0
SURVIVOR: 0 1 1 0 1 0 0 0 0 0 0 1 1 1 1 1 0 1 0 3 1 1 0 1 0 1 0
SURVIVOR: 0 1 1 0 1 0 0 0 0 0 1 0 1 1 1 0 1 1 0 1 3 1 0 1 1 0 0
SURVIVOR: 0 1 1 0 1 0 0 0 0 0 1 0 3 0 1 1 1 0 1 1 1 1 1 0 1 0 0
SURVIVOR: 0 1 1 0 1 0 0 0 0 1 0 0 0 1 3 1 0 1 1 1 1 0 1 1 0 1 0
SURVIVOR: 0 1 1 0 1 0 0 0 0 1 0 0 1 1 1 1 1 0 3 0 1 1 1 0 0 1 0
SURVIVOR: 0 1 1 0 1 0 0 0 0 1 0 0 1 1 1 1 1 0 3 1 0 0 1 1 1 0 0
SURVIVOR: 0 1 1 0 1 0 0 0 0 1 0 0 3 1 0 0 1 1 1 1 1 1 1 0 1 0 0
SURVIVOR: 0 1 1 0 1 0 0 0 0 1 0 1 0 0 1 1 1 1 0 1 1 0 0 1 1 3 0
SURVIVOR: 0 1 1 0 1 0 0 0 0 1 1 0 1 0 0 1 1 1 0 1 1 1 0 0 3 1 0
SURVIVOR: 0 1 1 0 1 0 0 0 0 1 1 1 0 1 1 0 1 0 0 0 1 1 0 3 1 1 0
SURVIVOR: 0 1 1 0 1 0 0 0 0 1 1 1 1 1 0 1 0 0 0 1 0 3 0 1 1 1 0
SURVIVOR: 0 1 1 0 1 0 0 0 0 3 0 1 1 1 0 0 1 0 1 0 0 1 1 1 1 1 0
SURVIVOR: 0 1 1 0 1 0 0 0 0 3 1 0 0 1 1 1 0 0 1 0 0 1 1 1 1 1 0
SURVIVOR: 0 1 1 0 1 0 0 1 3 0 0 0 1 1 0 0 0 1 0 0 1 1 1 1 1 1 0
SURVIVOR: 0 1 1 0 1 0 0 1 3 0 1 0 0 0 0 1 0 1 1 1 1 0 1 1 1 0 0
SURVIVOR: 0 1 1 0 1 0 0 1 3 0 1 0 1 1 1 1 0 1 0 0 0 0 1 1 1 0 0
SURVIVOR: 0 1 1 0 1 0 0 1 3 0 1 1 1 0 0 1 1 1 1 0 1 0 1 0 0 0 0
SURVIVOR: 0 1 1 0 1 0 0 1 3 1 0 0 0 0 0 0 1 1 1 1 1 1 0 1 0 1 0
SURVIVOR: 0 1 1 0 1 0 0 1 3 1 0 0 1 1 1 0 1 1 0 0 0 1 0 1 0 1 0
SURVIVOR: 0 1 1 0 1 0 0 1 3 1 0 1 0 1 0 1 1 1 0 1 1 1 0 0 0 0 0
SURVIVOR: 0 1 1 0 1 0 0 1 3 1 1 0 0 0 1 1 1 1 1 1 0 0 0 1 0 0 0
SURVIVOR: 0 1 1 0 1 0 0 1 3 1 1 1 1 1 0 0 0 1 0 0 1 0 0 0 1 1 0
SURVIVOR: 0 1 1 0 1 0 1 0 3 0 0 0 0 1 1 0 0 1 0 1 0 1 1 1 1 1 0
SURVIVOR: 0 1 1 0 1 0 1 0 3 0 0 1 0 0 0 0 1 1 1 1 1 1 1 0 0 1 0
SURVIVOR: 0 1 1 0 1 0 1 0 3 0 0 1 1 1 1 0 1 1 0 0 0 1 1 0 0 1 0
SURVIVOR: 0 1 1 0 1 0 1 0 3 0 1 1 0 0 1 1 1 1 1 1 0 0 1 0 0 0 0
SURVIVOR: 0 1 1 0 1 0 1 0 3 1 0 0 0 0 0 1 0 1 1 1 1 1 0 1 1 0 0
SURVIVOR: 0 1 1 0 1 0 1 0 3 1 0 0 1 1 1 1 0 1 0 0 0 1 0 1 1 0 0
SURVIVOR: 0 1 1 0 1 0 1 0 3 1 0 1 1 0 0 1 1 1 1 0 1 1 0 0 0 0 0
SURVIVOR: 0 1 1 0 1 0 1 0 3 1 1 0 0 1 0 1 1 1 0 1 1 0 0 1 0 0 0
SURVIVOR: 0 1 1 0 1 0 1 0 3 1 1 1 0 1 1 0 0 1 0 1 0 0 0 0 1 1 0
SURVIVOR: 0 1 1 0 1 0 1 1 1 0 0 0 0 1 1 0 1 0 0 0 1 1 0 3 1 1 0
SURVIVOR: 0 1 1 0 1 0 1 1 1 0 0 0 1 1 0 1 0 0 0 1 0 3 0 1 1 1 0
SURVIVOR: 0 1 1 0 1 0 1 1 1 0 0 1 0 0 0 1 0 1 0 3 1 1 0 1 0 1 0
SURVIVOR: 0 1 1 0 1 0 1 1 1 0 0 1 1 0 3 1 1 0 0 0 0 0 1 1 0 1 0
SURVIVOR: 0 1 1 0 1 0 1 1 1 0 1 0 0 0 0 0 1 1 0 1 3 1 0 1 1 0 0
SURVIVOR: 0 1 1 0 1 0 1 1 1 0 1 0 3 0 1 1 1 0 0 0 0 1 1 0 1 0 0
SURVIVOR: 0 1 1 0 1 0 1 1 1 0 1 1 0 0 1 1 3 0 1 0 1 0 0 1 0 0 0
SURVIVOR: 0 1 1 0 1 0 1 1 1 0 1 1 1 0 0 3 1 0 1 1 0 1 0 0 0 0 0
SURVIVOR: 0 1 1 0 1 0 1 1 1 1 0 0 0 0 0 1 1 0 3 0 1 1 1 0 0 1 0
SURVIVOR: 0 1 1 0 1 0 1 1 1 1 0 0 0 0 0 1 1 0 3 1 0 0 1 1 1 0 0
SURVIVOR: 0 1 1 0 1 0 1 1 1 1 0 0 0 1 3 1 0 1 0 0 0 0 1 1 0 1 0
SURVIVOR: 0 1 1 0 1 0 1 1 1 1 0 0 3 1 0 0 1 1 0 0 0 1 1 0 1 0 0
SURVIVOR: 0 1 1 0 1 0 1 1 1 1 0 1 0 0 1 0 0 0 0 1 1 0 0 1 1 3 0
SURVIVOR: 0 1 1 0 1 0 1 1 1 1 0 1 0 1 0 0 3 1 1 0 1 0 0 1 0 0 0
SURVIVOR: 0 1 1 0 1 0 1 1 1 1 0 1 1 0 0 0 1 3 0 1 1 0 1 0 0 0 0
SURVIVOR: 0 1 1 0 1 0 1 1 1 1 1 0 0 0 1 1 0 3 0 1 1 0 1 0 0 0 0
SURVIVOR: 0 1 1 0 1 0 1 1 1 1 1 0 0 1 0 3 0 1 1 1 0 1 0 0 0 0 0
SURVIVOR: 0 1 1 0 1 0 1 1 1 1 1 0 1 0 0 0 0 0 0 1 1 1 0 0 3 1 0
SURVIVOR: 0 1 1 0 1 0 1 1 1 3 0 1 1 1 0 0 1 0 1 0 0 0 0 0 1 1 0
SURVIVOR: 0 1 1 0 1 0 1 1 1 3 1 0 0 1 1 1 0 0 1 0 0 0 0 0 1 1 0
SURVIVOR: 0 1 1 0 1 1 1 0 1 0 0 0 0 1 3 1 1 1 1 0 0 0 1 0 0 1 0
SURVIVOR: 0 1 1 0 1 1 1 0 1 0 0 0 1 1 1 0 1 3 0 1 0 0 1 0 1 0 0
SURVIVOR: 0 1 1 0 1 1 1 0 1 0 0 0 1 1 1 1 3 0 0 0 1 0 0 1 0 1 0
SURVIVOR: 0 1 1 0 1 1 1 0 1 0 0 0 3 0 1 1 1 1 0 0 1 1 0 0 1 0 0
SURVIVOR: 0 1 1 0 1 1 1 0 1 0 0 1 0 0 1 0 1 0 0 0 0 1 1 1 1 3 0
SURVIVOR: 0 1 1 0 1 1 1 0 1 0 0 1 0 0 1 0 1 0 1 1 1 0 0 0 1 3 0
SURVIVOR: 0 1 1 0 1 1 1 0 1 0 0 1 0 1 0 0 0 1 1 3 0 1 1 1 0 0 0
SURVIVOR: 0 1 1 0 1 1 1 0 1 0 0 1 1 0 0 1 0 0 1 1 1 3 0 1 0 0 0
SURVIVOR: 0 1 1 0 1 1 1 0 1 0 1 0 0 0 1 0 0 1 1 1 1 1 3 0 0 0 0
SURVIVOR: 0 1 1 0 1 1 1 0 1 0 1 0 1 0 0 0 1 0 0 1 3 1 1 1 0 0 0
SURVIVOR: 0 1 1 0 1 1 1 0 1 0 1 3 0 0 0 1 1 1 0 1 0 1 0 0 0 1 0
SURVIVOR: 0 1 1 0 1 1 1 0 1 0 1 3 1 1 1 0 0 0 0 1 0 1 0 0 0 1 0
SURVIVOR: 0 1 1 0 1 1 1 0 1 1 0 0 0 0 1 1 0 0 3 0 1 1 1 1 0 0 0
SURVIVOR: 0 1 1 0 1 1 1 0 1 1 0 0 0 1 0 0 1 0 1 1 1 0 1 3 0 0 0
SURVIVOR: 0 1 1 0 1 1 1 0 1 1 1 1 0 0 0 0 1 3 0 1 0 0 1 0 1 0 0
SURVIVOR: 0 1 1 0 1 1 1 0 1 1 1 1 0 0 0 1 3 0 0 0 1 0 0 1 0 1 0
SURVIVOR: 0 1 1 0 1 1 1 0 1 1 1 1 0 1 3 0 0 0 1 0 0 0 1 0 0 1 0
SURVIVOR: 0 1 1 0 1 1 1 0 1 1 1 1 3 0 1 0 0 0 0 0 1 1 0 0 1 0 0
SURVIVOR: 0 1 1 0 1 1 1 0 1 3 0 1 0 0 0 1 1 1 1 0 0 0 0 1 1 0 0
SURVIVOR: 0 1 1 0 1 1 1 0 1 3 0 1 1 1 1 0 0 0 1 0 0 0 0 1 1 0 0
SURVIVOR: 0 1 1 0 1 1 1 1 0 0 0 0 1 0 3 1 1 1 0 0 1 0 1 0 0 1 0
SURVIVOR: 0 1 1 0 1 1 1 1 0 0 0 0 1 1 1 0 3 1 0 0 1 0 0 1 1 0 0
SURVIVOR: 0 1 1 0 1 1 1 1 0 0 0 0 1 1 1 3 1 0 1 0 0 1 0 0 0 1 0
SURVIVOR: 0 1 1 0 1 1 1 1 0 0 0 0 3 1 0 1 1 1 0 1 0 1 0 0 1 0 0
SURVIVOR: 0 1 1 0 1 1 1 1 0 0 0 1 0 1 0 0 1 0 1 1 1 1 0 3 0 0 0
SURVIVOR: 0 1 1 0 1 1 1 1 0 0 0 1 1 0 0 0 0 1 0 3 1 1 1 1 0 0 0
SURVIVOR: 0 1 1 0 1 1 1 1 0 0 1 0 0 0 1 0 1 0 1 0 3 1 1 1 0 0 0
SURVIVOR: 0 1 1 0 1 1 1 1 0 0 1 0 1 0 0 1 0 0 1 1 1 3 1 0 0 0 0
SURVIVOR: 0 1 1 0 1 1 1 1 0 1 0 0 0 0 1 0 0 1 1 1 1 0 3 1 0 0 0
SURVIVOR: 0 1 1 0 1 1 1 1 0 1 0 0 0 1 0 1 0 0 3 1 0 1 1 1 0 0 0
SURVIVOR: 0 1 1 0 1 1 1 1 0 1 0 0 1 0 0 0 1 0 0 0 0 1 1 1 3 1 0
SURVIVOR: 0 1 1 0 1 1 1 1 0 1 0 0 1 0 0 0 1 0 1 1 1 0 0 0 3 1 0
SURVIVOR: 0 1 1 0 1 1 1 1 0 1 0 3 0 0 0 1 1 1 0 1 0 0 0 1 0 1 0
SURVIVOR: 0 1 1 0 1 1 1 1 0 1 0 3 1 1 1 0 0 0 0 1 0 0 0 1 0 1 0
SURVIVOR: 0 1 1 0 1 1 1 1 0 1 1 1 0 0 0 0 3 1 0 0 1 0 0 1 1 0 0
SURVIVOR: 0 1 1 0 1 1 1 1 0 1 1 1 0 0 0 3 1 0 1 0 0 1 0 0 0 1 0
SURVIVOR: 0 1 1 0 1 1 1 1 0 1 1 1 1 0 3 0 0 0 0 0 1 0 1 0 0 1 0
SURVIVOR: 0 1 1 0 1 1 1 1 0 1 1 1 3 1 0 0 0 0 0 1 0 1 0 0 1 0 0
SURVIVOR: 0 1 1 0 1 1 1 1 0 3 1 0 0 0 0 1 1 1 1 0 0 0 1 0 1 0 0
SURVIVOR: 0 1 1 0 1 1 1 1 0 3 1 0 1 1 1 0 0 0 1 0 0 0 1 0 1 0 0
SURVIVOR: 0 1 1 0 1 3 0 1 0 0 0 1 1 1 0 0 0 0 1 1 1 0 0 1 1 1 0
SURVIVOR: 0 1 1 0 1 3 0 1 0 0 0 1 1 1 0 1 1 1 0 0 0 0 0 1 1 1 0
SURVIVOR: 0 1 1 0 1 3 0 1 0 0 1 1 0 0 0 1 0 0 1 0 1 1 1 1 0 1 0
SURVIVOR: 0 1 1 0 1 3 0 1 0 0 1 1 1 1 1 1 0 0 1 0 1 0 0 0 0 1 0
SURVIVOR: 0 1 1 0 1 3 0 1 0 1 0 1 0 0 0 0 1 0 0 1 1 1 1 1 1 0 0
SURVIVOR: 0 1 1 0 1 3 0 1 0 1 0 1 1 1 1 0 1 0 0 1 1 0 0 0 1 0 0
SURVIVOR: 0 1 1 0 1 3 0 1 0 1 1 1 0 0 1 1 1 0 0 0 1 1 1 0 0 0 0
SURVIVOR: 0 1 1 0 1 3 0 1 0 1 1 1 0 1 0 1 0 1 1 0 0 0 1 1 0 0 0
SURVIVOR: 0 1 1 0 1 3 0 1 0 1 1 1 1 0 0 0 1 1 0 1 0 1 0 1 0 0 0
SURVIVOR: 0 1 1 0 3 1 0 0 1 1 0 0 0 1 1 0 0 0 1 1 1 0 0 1 1 1 0
SURVIVOR: 0 1 1 0 3 1 0 0 1 1 0 0 0 1 1 1 1 1 0 0 0 0 0 1 1 1 0
SURVIVOR: 0 1 1 0 3 1 0 0 1 1 0 1 0 0 0 0 1 0 1 0 1 1 1 1 0 1 0
SURVIVOR: 0 1 1 0 3 1 0 0 1 1 0 1 1 1 1 0 1 0 1 0 1 0 0 0 0 1 0
SURVIVOR: 0 1 1 0 3 1 0 0 1 1 1 0 0 0 0 0 0 1 0 1 1 1 1 1 1 0 0
SURVIVOR: 0 1 1 0 3 1 0 0 1 1 1 0 1 1 1 0 0 1 0 1 1 0 0 0 1 0 0
SURVIVOR: 0 1 1 0 3 1 0 0 1 1 1 1 0 0 1 1 1 0 1 0 0 0 1 1 0 0 0
SURVIVOR: 0 1 1 0 3 1 0 0 1 1 1 1 0 1 0 1 0 1 0 1 0 1 0 1 0 0 0
SURVIVOR: 0 1 1 0 3 1 0 0 1 1 1 1 1 0 0 0 1 1 0 0 1 1 1 0 0 0 0
SURVIVOR: 0 1 1 1 0 0 0 0 0 0 0 1 1 1 1 1 1 0 1 3 0 1 1 0 1 0 0
SURVIVOR: 0 1 1 1 0 0 0 0 0 0 0 1 3 0 1 1 0 1 1 1 1 0 1 1 1 0 0
SURVIVOR: 0 1 1 1 0 0 0 0 0 0 1 0 0 1 3 0 1 1 1 1 1 1 0 1 0 1 0
SURVIVOR: 0 1 1 1 0 0 0 0 0 0 1 0 1 1 1 1 0 1 0 1 3 0 1 1 0 1 0
SURVIVOR: 0 1 1 1 0 0 0 0 0 0 1 0 1 1 1 1 0 1 1 0 3 1 0 1 1 0 0
SURVIVOR: 0 1 1 1 0 0 0 0 0 0 1 0 3 1 0 1 1 0 1 1 1 0 1 1 1 0 0
SURVIVOR: 0 1 1 1 0 0 0 0 0 0 1 1 1 0 0 1 1 1 1 1 0 0 1 0 3 1 0
SURVIVOR: 0 1 1 1 0 0 0 0 0 0 3 1 0 1 1 0 0 1 0 0 1 1 1 1 1 1 0
SURVIVOR: 0 1 1 1 0 0 0 0 0 1 0 0 1 0 3 1 0 1 1 1 1 1 0 1 0 1 0
SURVIVOR: 0 1 1 1 0 0 0 0 0 1 0 0 1 1 1 0 1 1 3 1 0 1 1 0 0 1 0
SURVIVOR: 0 1 1 1 0 0 0 0 0 1 1 0 0 0 1 1 1 1 1 1 0 1 0 0 1 3 0
SURVIVOR: 0 1 1 1 0 0 0 0 0 1 1 1 0 1 1 1 0 0 0 1 0 3 1 0 1 1 0
SURVIVOR: 0 1 1 1 0 0 0 0 0 1 1 1 1 1 0 0 0 1 1 0 0 1 3 0 1 1 0
SURVIVOR: 0 1 1 1 0 0 0 0 0 1 3 0 1 1 0 1 0 0 0 0 1 1 1 1 1 1 0
SURVIVOR: 0 1 1 1 0 0 1 1 1 0 0 0 0 1 1 1 0 0 0 1 0 3 1 0 1 1 0
SURVIVOR: 0 1 1 1 0 0 1 1 1 0 0 0 1 1 0 0 0 1 1 0 0 1 3 0 1 1 0
SURVIVOR: 0 1 1 1 0 0 1 1 1 0 0 1 0 0 0 1 1 0 1 3 0 1 1 0 1 0 0
SURVIVOR: 0 1 1 1 0 0 1 1 1 0 0 1 3 0 1 1 0 1 0 0 0 0 1 1 1 0 0
SURVIVOR: 0 1 1 1 0 0 1 1 1 0 1 0 0 0 0 1 0 1 0 1 3 0 1 1 0 1 0
SURVIVOR: 0 1 1 1 0 0 1 1 1 0 1 0 0 0 0 1 0 1 1 0 3 1 0 1 1 0 0
SURVIVOR: 0 1 1 1 0 0 1 1 1 0 1 0 0 1 3 0 1 1 0 0 0 1 0 1 0 1 0
SURVIVOR: 0 1 1 1 0 0 1 1 1 0 1 0 3 1 0 1 1 0 0 0 0 0 1 1 1 0 0
SURVIVOR: 0 1 1 1 0 0 1 1 1 0 1 1 0 0 1 0 3 1 1 1 0 0 0 1 0 0 0
SURVIVOR: 0 1 1 1 0 0 1 1 1 0 1 1 0 1 0 0 1 3 1 0 1 0 1 0 0 0 0
SURVIVOR: 0 1 1 1 0 0 1 1 1 0 1 1 1 0 0 0 0 0 1 1 0 0 1 0 3 1 0
SURVIVOR: 0 1 1 1 0 0 1 1 1 0 3 1 0 1 1 0 0 1 0 0 1 0 0 0 1 1 0
SURVIVOR: 0 1 1 1 0 0 1 1 1 1 0 0 0 0 0 0 1 1 3 1 0 1 1 0 0 1 0
SURVIVOR: 0 1 1 1 0 0 1 1 1 1 0 0 1 0 3 1 0 1 0 0 0 1 0 1 0 1 0
SURVIVOR: 0 1 1 1 0 0 1 1 1 1 0 1 0 0 1 3 0 1 0 1 1 1 0 0 0 0 0
SURVIVOR: 0 1 1 1 0 0 1 1 1 1 0 1 1 0 0 1 0 3 1 0 1 0 1 0 0 0 0
SURVIVOR: 0 1 1 1 0 0 1 1 1 1 1 0 0 0 1 0 0 0 1 1 0 1 0 0 1 3 0
SURVIVOR: 0 1 1 1 0 0 1 1 1 1 1 0 0 1 0 3 1 0 0 1 1 1 0 0 0 0 0
SURVIVOR: 0 1 1 1 0 0 1 1 1 1 1 0 1 0 0 1 3 0 1 1 0 0 0 1 0 0 0
SURVIVOR: 0 1 1 1 0 0 1 1 1 1 3 0 1 1 0 1 0 0 0 0 1 0 0 0 1 1 0
SURVIVOR: 0 1 1 1 0 0 3 0 1 0 0 0 1 1 0 0 1 0 0 1 0 1 1 1 1 1 0
SURVIVOR: 0 1 1 1 0 0 3 0 1 0 0 1 0 0 0 0 1 1 1 1 1 1 0 1 1 0 0
SURVIVOR: 0 1 1 1 0 0 3 0 1 0 0 1 1 1 1 0 1 1 0 0 0 1 0 1 1 0 0
SURVIVOR: 0 1 1 1 0 0 3 0 1 0 1 0 0 0 0 1 1 0 1 1 1 1 1 0 0 1 0
SURVIVOR: 0 1 1 1 0 0 3 0 1 0 1 0 1 1 1 1 1 0 0 0 0 1 1 0 0 1 0
SURVIVOR: 0 1 1 1 0 0 3 0 1 0 1 1 0 0 1 1 1 1 1 0 1 1 0 0 0 0 0
SURVIVOR: 0 1 1 1 0 0 3 0 1 1 0 1 1 0 0 1 1 1 0 1 1 0 0 1 0 0 0
SURVIVOR: 0 1 1 1 0 0 3 0 1 1 1 0 0 1 0 1 1 1 1 1 0 0 1 0 0 0 0
SURVIVOR: 0 1 1 1 0 0 3 0 1 1 1 1 1 1 0 0 1 0 0 1 0 0 0 0 1 1 0
SURVIVOR: 0 1 1 1 0 0 3 1 0 0 0 0 0 1 1 0 1 0 1 0 0 1 1 1 1 1 0
SURVIVOR: 0 1 1 1 0 0 3 1 0 0 1 0 0 0 0 0 1 1 1 1 1 1 1 0 1 0 0
SURVIVOR: 0 1 1 1 0 0 3 1 0 0 1 0 1 1 1 0 1 1 0 0 0 1 1 0 1 0 0
SURVIVOR: 0 1 1 1 0 0 3 1 0 0 1 1 0 1 0 1 1 1 1 1 0 1 0 0 0 0 0
SURVIVOR: 0 1 1 1 0 0 3 1 0 1 0 0 0 0 0 1 1 0 1 1 1 0 1 1 0 1 0
SURVIVOR: 0 1 1 1 0 0 3 1 0 1 0 0 1 1 1 1 1 0 0 0 0 0 1 1 0 1 0
SURVIVOR: 0 1 1 1 0 0 3 1 0 1 0 1 0 0 1 1 1 1 1 0 1 0 0 1 0 0 0
SURVIVOR: 0 1 1 1 0 0 3 1 0 1 1 0 1 0 0 1 1 1 0 1 1 0 1 0 0 0 0
SURVIVOR: 0 1 1 1 0 0 3 1 0 1 1 1 0 1 1 0 1 0 1 0 0 0 0 0 1 1 0
SURVIVOR: 0 1 1 1 0 1 0 1 1 0 0 0 0 1 3 1 1 1 0 1 0 1 0 0 0 1 0
SURVIVOR: 0 1 1 1 0 1 0 1 1 0 0 0 1 1 1 0 1 3 1 0 0 0 1 0 0 1 0
SURVIVOR: 0 1 1 1 0 1 0 1 1 0 0 0 1 1 1 3 0 1 0 0 1 1 0 0 1 0 0
SURVIVOR: 0 1 1 1 0 1 0 1 1 0 0 0 3 0 1 1 1 1 1 0 0 0 0 1 1 0 0
SURVIVOR: 0 1 1 1 0 1 0 1 1 0 0 1 0 0 1 0 1 0 1 3 0 1 1 1 0 0 0
SURVIVOR: 0 1 1 1 0 1 0 1 1 0 0 1 0 1 0 0 0 1 1 1 1 1 3 0 0 0 0
SURVIVOR: 0 1 1 1 0 1 0 1 1 0 1 0 0 0 1 0 0 1 0 0 0 1 1 1 1 3 0
SURVIVOR: 0 1 1 1 0 1 0 1 1 0 1 0 0 0 1 0 0 1 1 1 1 0 0 0 1 3 0
SURVIVOR: 0 1 1 1 0 1 0 1 1 0 1 0 0 1 0 1 0 0 0 1 3 1 1 1 0 0 0
SURVIVOR: 0 1 1 1 0 1 0 1 1 0 1 0 1 0 0 0 1 0 1 1 1 0 1 3 0 0 0
SURVIVOR: 0 1 1 1 0 1 0 1 1 0 1 3 0 0 0 1 1 1 0 1 0 0 1 0 1 0 0
SURVIVOR: 0 1 1 1 0 1 0 1 1 0 1 3 1 1 1 0 0 0 0 1 0 0 1 0 1 0 0
SURVIVOR: 0 1 1 1 0 1 0 1 1 1 0 0 0 0 1 1 0 0 1 1 1 3 0 1 0 0 0
SURVIVOR: 0 1 1 1 0 1 0 1 1 1 0 0 1 0 0 0 0 1 3 0 1 1 1 1 0 0 0
SURVIVOR: 0 1 1 1 0 1 0 1 1 1 1 1 0 0 0 0 1 3 1 0 0 0 1 0 0 1 0
SURVIVOR: 0 1 1 1 0 1 0 1 1 1 1 1 0 0 0 3 0 1 0 0 1 1 0 0 1 0 0
SURVIVOR: 0 1 1 1 0 1 0 1 1 1 1 1 0 1 3 0 0 0 0 1 0 1 0 0 0 1 0
SURVIVOR: 0 1 1 1 0 1 0 1 1 1 1 1 3 0 1 0 0 0 1 0 0 0 0 1 1 0 0
SURVIVOR: 0 1 1 1 0 1 0 1 1 1 3 0 0 0 0 1 1 1 0 0 1 0 0 1 0 1 0
SURVIVOR: 0 1 1 1 0 1 0 1 1 1 3 0 1 1 1 0 0 0 0 0 1 0 0 1 0 1 0
SURVIVOR: 0 1 1 1 0 1 1 0 1 0 0 0 1 0 3 1 1 1 1 0 0 1 0 0 0 1 0
SURVIVOR: 0 1 1 1 0 1 1 0 1 0 0 0 1 1 1 0 3 1 0 1 0 0 0 1 0 1 0
SURVIVOR: 0 1 1 1 0 1 1 0 1 0 0 0 1 1 1 1 0 3 1 0 0 0 1 0 1 0 0
SURVIVOR: 0 1 1 1 0 1 1 0 1 0 0 0 3 1 0 1 1 1 0 0 1 0 0 1 1 0 0
SURVIVOR: 0 1 1 1 0 1 1 0 1 0 0 1 0 0 1 1 0 0 1 1 1 3 1 0 0 0 0
SURVIVOR: 0 1 1 1 0 1 1 0 1 0 0 1 0 1 0 0 1 0 0 3 1 1 1 1 0 0 0
SURVIVOR: 0 1 1 1 0 1 1 0 1 0 0 1 1 0 0 0 0 1 0 0 0 1 1 1 3 1 0
SURVIVOR: 0 1 1 1 0 1 1 0 1 0 0 1 1 0 0 0 0 1 1 1 1 0 0 0 3 1 0
SURVIVOR: 0 1 1 1 0 1 1 0 1 0 1 0 0 1 0 0 0 1 1 1 1 0 3 1 0 0 0
SURVIVOR: 0 1 1 1 0 1 1 0 1 0 1 0 1 0 0 1 0 0 1 0 3 1 1 1 0 0 0
SURVIVOR: 0 1 1 1 0 1 1 0 1 0 3 1 0 0 0 1 1 1 0 0 1 0 1 0 0 1 0
SURVIVOR: 0 1 1 1 0 1 1 0 1 0 3 1 1 1 1 0 0 0 0 0 1 0 1 0 0 1 0
SURVIVOR: 0 1 1 1 0 1 1 0 1 1 0 0 0 0 1 0 0 1 3 1 0 1 1 1 0 0 0
SURVIVOR: 0 1 1 1 0 1 1 0 1 1 0 0 1 0 0 0 1 0 1 1 1 1 0 3 0 0 0
SURVIVOR: 0 1 1 1 0 1 1 0 1 1 0 3 0 0 0 1 1 1 0 1 0 1 0 0 1 0 0
SURVIVOR: 0 1 1 1 0 1 1 0 1 1 0 3 1 1 1 0 0 0 0 1 0 1 0 0 1 0 0
SURVIVOR: 0 1 1 1 0 1 1 0 1 1 1 1 0 0 0 0 3 1 0 1 0 0 0 1 0 1 0
SURVIVOR: 0 1 1 1 0 1 1 0 1 1 1 1 0 0 0 1 0 3 1 0 0 0 1 0 1 0 0
SURVIVOR: 0 1 1 1 0 1 1 0 1 1 1 1 1 0 3 0 0 0 1 0 0 1 0 0 0 1 0
SURVIVOR: 0 1 1 1 0 1 1 0 1 1 1 1 3 1 0 0 0 0 0 0 1 0 0 1 1 0 0
SURVIVOR: 0 1 1 1 0 3 0 1 0 0 0 1 0 1 1 0 0 0 1 1 1 0 1 0 1 1 0
SURVIVOR: 0 1 1 1 0 3 0 1 0 0 0 1 0 1 1 1 1 1 0 0 0 0 1 0 1 1 0
SURVIVOR: 0 1 1 1 0 3 0 1 0 0 1 1 0 0 0 0 0 1 1 1 0 1 1 1 0 1 0
SURVIVOR: 0 1 1 1 0 3 0 1 0 0 1 1 1 1 1 0 0 1 1 1 0 0 0 0 0 1 0
SURVIVOR: 0 1 1 1 0 3 0 1 0 1 0 1 0 0 0 1 0 0 1 0 1 1 1 1 1 0 0
SURVIVOR: 0 1 1 1 0 3 0 1 0 1 0 1 1 1 1 1 0 0 1 0 1 0 0 0 1 0 0
SURVIVOR: 0 1 1 1 0 3 0 1 0 1 1 1 0 0 1 0 1 1 0 1 0 1 1 0 0 0 0
SURVIVOR: 0 1 1 1 0 3 0 1 0 1 1 1 0 1 0 1 1 0 0 0 1 0 1 1 0 0 0
SURVIVOR: 0 1 1 1 0 3 0 1 0 1 1 1 1 0 0 1 0 1 1 0 0 1 0 1 0 0 0
SURVIVOR: 0 1 1 1 1 0 0 1 1 0 0 0 1 0 3 1 1 1 0 1 0 0 0 1 0 1 0
SURVIVOR: 0 1 1 1 1 0 0 1 1 0 0 0 1 1 1 1 0 3 0 0 1 0 1 0 0 1 0
SURVIVOR: 0 1 1 1 1 0 0 1 1 0 0 0 1 1 1 3 1 0 0 1 0 1 0 0 1 0 0
SURVIVOR: 0 1 1 1 1 0 0 1 1 0 0 0 3 1 0 1 1 1 1 0 0 0 1 0 1 0 0
SURVIVOR: 0 1 1 1 1 0 0 1 1 0 0 1 0 0 1 1 0 0 0 3 1 1 1 1 0 0 0
SURVIVOR: 0 1 1 1 1 0 0 1 1 0 0 1 1 0 0 0 0 1 1 1 1 0 3 1 0 0 0
SURVIVOR: 0 1 1 1 1 0 0 1 1 0 1 0 0 0 1 0 1 0 1 1 1 1 0 3 0 0 0
SURVIVOR: 0 1 1 1 1 0 0 1 1 0 1 0 0 1 0 0 0 1 1 0 3 1 1 1 0 0 0
SURVIVOR: 0 1 1 1 1 0 0 1 1 0 1 0 1 0 0 1 0 0 0 0 0 1 1 1 3 1 0
SURVIVOR: 0 1 1 1 1 0 0 1 1 0 1 0 1 0 0 1 0 0 1 1 1 0 0 0 3 1 0
SURVIVOR: 0 1 1 1 1 0 0 1 1 0 3 1 0 0 0 1 1 1 0 0 1 0 0 1 1 0 0
SURVIVOR: 0 1 1 1 1 0 0 1 1 0 3 1 1 1 1 0 0 0 0 0 1 0 0 1 1 0 0
SURVIVOR: 0 1 1 1 1 0 0 1 1 1 0 0 0 1 0 1 0 0 1 1 1 3 1 0 0 0 0
SURVIVOR: 0 1 1 1 1 0 0 1 1 1 0 0 1 0 0 0 1 0 3 1 0 1 1 1 0 0 0
SURVIVOR: 0 1 1 1 1 0 0 1 1 1 1 1 0 0 0 1 0 3 0 0 1 0 1 0 0 1 0
SURVIVOR: 0 1 1 1 1 0 0 1 1 1 1 1 0 0 0 3 1 0 0 1 0 1 0 0 1 0 0
SURVIVOR: 0 1 1 1 1 0 0 1 1 1 1 1 1 0 3 0 0 0 0 1 0 0 0 1 0 1 0
SURVIVOR: 0 1 1 1 1 0 0 1 1 1 1 1 3 1 0 0 0 0 1 0 0 0 1 0 1 0 0
SURVIVOR: 0 1 1 1 1 0 0 1 1 3 1 0 0 0 0 1 1 1 1 0 0 1 0 0 0 1 0
SURVIVOR: 0 1 1 1 1 0 0 1 1 3 1 0 1 1 1 0 0 0 1 0 0 1 0 0 0 1 0
SURVIVOR: 0 1 1 1 1 0 1 1 0 0 0 0 0 1 3 1 1 1 0 0 1 0 0 1 0 1 0
SURVIVOR: 0 1 1 1 1 0 1 1 0 0 0 0 1 1 1 1 3 0 1 0 0 0 0 1 1 0 0
SURVIVOR: 0 1 1 1 1 0 1 1 0 0 0 0 1 1 1 3 0 1 0 1 0 1 0 0 0 1 0
SURVIVOR: 0 1 1 1 1 0 1 1 0 0 0 0 3 0 1 1 1 1 0 1 0 0 1 0 1 0 0
SURVIVOR: 0 1 1 1 1 0 1 1 0 0 0 1 0 0 1 0 1 0 1 1 1 0 1 3 0 0 0
SURVIVOR: 0 1 1 1 1 0 1 1 0 0 0 1 1 0 0 1 0 0 1 3 0 1 1 1 0 0 0
SURVIVOR: 0 1 1 1 1 0 1 1 0 0 1 0 0 0 1 0 0 1 0 1 3 1 1 1 0 0 0
SURVIVOR: 0 1 1 1 1 0 1 1 0 0 1 0 0 1 0 1 0 0 1 1 1 3 0 1 0 0 0
SURVIVOR: 0 1 1 1 1 0 1 1 0 1 0 0 0 0 1 1 0 0 0 0 0 1 1 1 1 3 0
SURVIVOR: 0 1 1 1 1 0 1 1 0 1 0 0 0 0 1 1 0 0 1 1 1 0 0 0 1 3 0
SURVIVOR: 0 1 1 1 1 0 1 1 0 1 0 0 0 1 0 0 1 0 3 0 1 1 1 1 0 0 0
SURVIVOR: 0 1 1 1 1 0 1 1 0 1 0 0 1 0 0 0 0 1 1 1 1 1 3 0 0 0 0
SURVIVOR: 0 1 1 1 1 0 1 1 0 1 1 1 0 0 0 1 3 0 1 0 0 0 0 1 1 0 0
SURVIVOR: 0 1 1 1 1 0 1 1 0 1 1 1 0 0 0 3 0 1 0 1 0 1 0 0 0 1 0
SURVIVOR: 0 1 1 1 1 0 1 1 0 1 1 1 0 1 3 0 0 0 0 0 1 0 0 1 0 1 0
SURVIVOR: 0 1 1 1 1 0 1 1 0 1 1 1 3 0 1 0 0 0 0 1 0 0 1 0 1 0 0
SURVIVOR: 0 1 1 1 1 0 1 1 0 1 3 0 0 0 0 1 1 1 0 0 1 1 0 0 1 0 0
SURVIVOR: 0 1 1 1 1 0 1 1 0 1 3 0 1 1 1 0 0 0 0 0 1 1 0 0 1 0 0
SURVIVOR: 0 1 1 1 1 0 1 1 0 3 0 1 0 0 0 1 1 1 1 0 0 0 1 0 0 1 0
SURVIVOR: 0 1 1 1 1 0 1 1 0 3 0 1 1 1 1 0 0 0 1 0 0 0 1 0 0 1 0
SURVIVOR: 0 1 1 1 1 1 0 0 1 0 0 0 0 0 1 0 1 1 0 1 0 1 0 1 1 3 0
SURVIVOR: 0 1 1 1 1 1 0 0 1 0 0 0 1 0 0 1 0 1 0 0 1 1 0 1 3 1 0
SURVIVOR: 0 1 1 1 1 1 0 0 1 0 0 1 0 1 1 0 0 0 0 3 1 1 0 0 1 1 0
SURVIVOR: 0 1 1 1 1 1 0 0 1 0 0 1 1 1 0 0 1 3 0 0 0 0 1 0 1 1 0
SURVIVOR: 0 1 1 1 1 1 0 0 1 0 1 0 0 1 1 1 0 3 0 0 0 0 1 0 1 1 0
SURVIVOR: 0 1 1 1 1 1 0 0 1 0 1 0 1 1 0 0 0 0 0 1 3 0 0 1 1 1 0
SURVIVOR: 0 1 1 1 1 1 0 0 1 0 1 1 0 0 0 0 0 1 1 0 1 1 3 0 0 1 0
SURVIVOR: 0 1 1 1 1 1 0 0 1 0 1 1 0 0 0 0 0 1 1 1 0 0 3 1 1 0 0
SURVIVOR: 0 1 1 1 1 1 0 0 1 0 1 1 1 0 3 0 1 0 1 1 0 0 0 0 0 1 0
SURVIVOR: 0 1 1 1 1 1 0 0 1 0 1 1 3 0 1 1 0 0 1 0 1 0 0 0 1 0 0
SURVIVOR: 0 1 1 1 1 1 0 0 1 0 1 3 0 0 1 1 1 0 0 1 0 1 1 0 0 0 0
SURVIVOR: 0 1 1 1 1 1 0 0 1 0 3 1 1 0 0 1 1 0 0 0 1 0 1 1 0 0 0
SURVIVOR: 0 1 1 1 1 1 0 0 1 1 0 1 0 0 0 1 0 0 0 1 1 3 0 1 1 0 0
SURVIVOR: 0 1 1 1 1 1 0 0 1 1 0 1 3 1 0 0 0 1 1 0 1 0 0 0 1 0 0
SURVIVOR: 0 1 1 1 1 1 0 0 1 1 0 3 0 1 0 0 1 1 0 1 0 1 1 0 0 0 0
SURVIVOR: 0 1 1 1 1 1 0 0 1 1 1 0 0 0 0 0 1 0 0 1 1 1 0 3 0 1 0
SURVIVOR: 0 1 1 1 1 1 0 0 1 1 1 0 0 1 3 0 0 1 1 1 0 0 0 0 0 1 0
SURVIVOR: 0 1 1 1 1 1 0 0 1 1 3 0 0 1 0 1 0 1 0 0 1 0 1 1 0 0 0
SURVIVOR: 0 1 1 1 1 1 0 0 1 3 0 1 1 0 0 0 1 1 1 0 0 1 0 1 0 0 0
SURVIVOR: 0 1 1 1 1 1 0 0 1 3 1 0 0 0 1 1 0 1 1 0 0 1 0 1 0 0 0
SURVIVOR: 0 1 1 1 1 1 0 1 0 0 0 0 0 0 1 1 0 1 0 0 1 0 1 1 1 3 0
SURVIVOR: 0 1 1 1 1 1 0 1 0 0 0 0 1 0 0 1 1 0 1 0 0 0 1 1 3 1 0
SURVIVOR: 0 1 1 1 1 1 0 1 0 0 1 0 0 1 1 0 0 0 1 0 3 0 0 1 1 1 0
SURVIVOR: 0 1 1 1 1 1 0 1 0 0 1 0 1 1 0 3 0 1 0 0 0 1 0 0 1 1 0
SURVIVOR: 0 1 1 1 1 1 0 1 0 0 1 1 0 0 0 0 1 0 1 0 1 0 1 3 1 0 0
SURVIVOR: 0 1 1 1 1 1 0 1 0 0 1 1 3 1 0 1 0 0 1 1 0 0 0 0 1 0 0
SURVIVOR: 0 1 1 1 1 1 0 1 0 0 1 3 1 0 0 1 0 1 0 1 0 0 1 1 0 0 0
SURVIVOR: 0 1 1 1 1 1 0 1 0 0 3 1 0 1 0 1 0 1 0 0 1 1 0 1 0 0 0
SURVIVOR: 0 1 1 1 1 1 0 1 0 1 0 0 0 1 1 3 1 0 0 0 0 1 0 0 1 1 0
SURVIVOR: 0 1 1 1 1 1 0 1 0 1 0 0 1 1 0 0 0 0 3 0 1 0 1 0 1 1 0
SURVIVOR: 0 1 1 1 1 1 0 1 0 1 0 1 0 0 0 0 0 1 1 0 1 0 3 1 0 1 0
SURVIVOR: 0 1 1 1 1 1 0 1 0 1 0 1 0 1 3 1 0 0 0 1 1 0 0 0 0 1 0
SURVIVOR: 0 1 1 1 1 1 0 1 0 1 0 3 0 0 1 1 1 0 0 1 0 0 1 1 0 0 0
SURVIVOR: 0 1 1 1 1 1 0 1 0 1 1 0 0 0 0 1 0 0 0 1 1 3 1 0 1 0 0
SURVIVOR: 0 1 1 1 1 1 0 1 0 1 1 0 0 0 0 1 0 0 1 1 0 3 0 1 0 1 0
SURVIVOR: 0 1 1 1 1 1 0 1 0 1 1 0 1 0 3 0 0 1 0 1 1 0 0 0 0 1 0
SURVIVOR: 0 1 1 1 1 1 0 1 0 1 1 0 3 0 1 0 1 0 1 1 0 0 0 0 1 0 0
SURVIVOR: 0 1 1 1 1 1 0 1 0 1 3 0 0 0 1 0 1 1 0 0 1 1 0 1 0 0 0
SURVIVOR: 0 1 1 1 1 1 0 1 0 3 0 1 0 1 0 1 1 0 1 0 0 1 1 0 0 0 0
SURVIVOR: 0 1 1 1 1 1 0 1 0 3 1 0 1 0 0 0 1 1 1 0 0 1 1 0 0 0 0
SURVIVOR: 0 1 1 1 1 1 1 0 0 0 0 0 0 0 1 1 1 0 1 0 0 1 1 0 1 3 0
SURVIVOR: 0 1 1 1 1 1 1 0 0 0 0 0 1 0 0 0 1 1 0 1 0 1 1 0 3 1 0
SURVIVOR: 0 1 1 1 1 1 1 0 0 0 0 1 0 1 1 0 3 1 0 0 0 0 0 1 1 1 0
SURVIVOR: 0 1 1 1 1 1 1 0 0 0 0 1 1 1 0 0 0 0 1 3 0 1 0 0 1 1 0
SURVIVOR: 0 1 1 1 1 1 1 0 0 0 1 1 0 0 0 1 0 0 1 1 0 3 1 0 0 1 0
SURVIVOR: 0 1 1 1 1 1 1 0 0 0 1 1 0 1 3 0 1 0 1 0 1 0 0 0 0 1 0
SURVIVOR: 0 1 1 1 1 1 1 0 0 0 1 3 0 1 0 0 1 1 0 1 0 1 0 1 0 0 0
SURVIVOR: 0 1 1 1 1 1 1 0 0 0 3 1 0 0 1 0 1 1 0 0 1 1 1 0 0 0 0
SURVIVOR: 0 1 1 1 1 1 1 0 0 1 0 0 0 1 1 0 0 0 3 1 0 0 1 0 1 1 0
SURVIVOR: 0 1 1 1 1 1 1 0 0 1 0 0 1 1 0 1 3 0 0 0 0 0 0 1 1 1 0
SURVIVOR: 0 1 1 1 1 1 1 0 0 1 0 1 0 0 0 0 1 0 0 1 1 0 1 3 0 1 0
SURVIVOR: 0 1 1 1 1 1 1 0 0 1 0 1 0 0 0 0 1 0 1 0 1 1 0 3 1 0 0
SURVIVOR: 0 1 1 1 1 1 1 0 0 1 0 1 1 0 3 1 0 0 1 0 1 0 0 0 0 1 0
SURVIVOR: 0 1 1 1 1 1 1 0 0 1 0 1 3 0 1 0 0 1 0 1 1 0 0 0 1 0 0
SURVIVOR: 0 1 1 1 1 1 1 0 0 1 0 3 1 0 0 1 0 1 0 1 0 1 0 1 0 0 0
SURVIVOR: 0 1 1 1 1 1 1 0 0 1 1 0 0 0 0 0 0 1 1 1 0 1 3 0 1 0 0
SURVIVOR: 0 1 1 1 1 1 1 0 0 1 1 0 3 1 0 0 1 0 0 1 1 0 0 0 1 0 0
SURVIVOR: 0 1 1 1 1 1 1 0 0 1 3 0 1 0 0 1 1 0 0 0 1 1 1 0 0 0 0
SURVIVOR: 0 1 1 1 1 1 1 0 0 3 0 1 0 0 1 1 0 1 1 0 0 0 1 1 0 0 0
SURVIVOR: 0 1 1 1 1 1 1 0 0 3 1 0 0 1 0 1 1 0 1 0 0 0 1 1 0 0 0
SURVIVOR: 0 1 1 1 3 0 0 0 1 1 0 0 1 1 0 0 0 0 1 1 1 1 0 0 1 1 0
SURVIVOR: 0 1 1 1 3 0 0 0 1 1 0 0 1 1 0 1 1 1 0 0 0 1 0 0 1 1 0
SURVIVOR: 0 1 1 1 3 0 0 0 1 1 0 1 0 0 0 0 0 1 0 1 1 1 1 1 0 1 0
SURVIVOR: 0 1 1 1 3 0 0 0 1 1 0 1 1 1 1 0 0 1 0 1 1 0 0 0 0 1 0
SURVIVOR: 0 1 1 1 3 0 0 0 1 1 1 0 0 0 0 1 0 0 1 1 0 1 1 1 1 0 0
SURVIVOR: 0 1 1 1 3 0 0 0 1 1 1 0 1 1 1 1 0 0 1 1 0 0 0 0 1 0 0
SURVIVOR: 0 1 1 1 3 0 0 0 1 1 1 1 0 0 1 1 0 1 0 1 0 0 1 1 0 0 0
SURVIVOR: 0 1 1 1 3 0 0 0 1 1 1 1 0 1 0 0 1 1 0 0 1 1 0 1 0 0 0
SURVIVOR: 0 1 1 1 3 0 0 0 1 1 1 1 1 0 0 1 1 0 1 0 0 1 1 0 0 0 0
SURVIVOR: 0 1 1 3 0 1 1 0 0 0 1 0 1 1 0 0 0 0 1 1 1 0 1 0 1 1 0
SURVIVOR: 0 1 1 3 0 1 1 0 0 0 1 0 1 1 0 1 1 1 0 0 0 0 1 0 1 1 0
SURVIVOR: 0 1 1 3 0 1 1 0 0 0 1 1 0 0 0 0 0 1 1 0 1 1 1 1 1 0 0
SURVIVOR: 0 1 1 3 0 1 1 0 0 0 1 1 1 1 1 0 0 1 1 0 1 0 0 0 1 0 0
SURVIVOR: 0 1 1 3 0 1 1 0 0 1 1 0 0 0 0 0 1 0 1 1 0 1 1 1 0 1 0
SURVIVOR: 0 1 1 3 0 1 1 0 0 1 1 0 1 1 1 0 1 0 1 1 0 0 0 0 0 1 0
SURVIVOR: 0 1 1 3 0 1 1 0 0 1 1 1 0 0 1 0 1 1 1 0 0 1 0 1 0 0 0
SURVIVOR: 0 1 1 3 0 1 1 0 0 1 1 1 0 1 0 1 1 0 0 1 0 1 1 0 0 0 0
SURVIVOR: 0 1 1 3 0 1 1 0 0 1 1 1 1 0 0 1 0 1 0 0 1 0 1 1 0 0 0
SURVIVOR: 0 1 1 3 1 0 1 0 0 0 1 0 0 1 1 0 0 0 1 1 1 1 0 0 1 1 0
SURVIVOR: 0 1 1 3 1 0 1 0 0 0 1 0 0 1 1 1 1 1 0 0 0 1 0 0 1 1 0
SURVIVOR: 0 1 1 3 1 0 1 0 0 0 1 1 0 0 0 0 1 0 1 1 0 1 1 1 1 0 0
SURVIVOR: 0 1 1 3 1 0 1 0 0 0 1 1 1 1 1 0 1 0 1 1 0 0 0 0 1 0 0
SURVIVOR: 0 1 1 3 1 0 1 0 0 1 1 0 0 0 0 1 0 0 0 1 1 1 1 1 0 1 0
SURVIVOR: 0 1 1 3 1 0 1 0 0 1 1 0 1 1 1 1 0 0 0 1 1 0 0 0 0 1 0
SURVIVOR: 0 1 1 3 1 0 1 0 0 1 1 1 0 0 1 1 0 1 0 0 1 1 0 1 0 0 0
SURVIVOR: 0 1 1 3 1 0 1 0 0 1 1 1 0 1 0 0 1 1 1 0 0 1 1 0 0 0 0
SURVIVOR: 0 1 1 3 1 0 1 0 0 1 1 1 1 0 0 1 1 0 0 1 0 0 1 1 0 0 0
SURVIVOR: 0 1 3 0 0 0 1 1 1 0 0 1 0 0 1 0 1 0 1 1 0 0 1 1 1 1 0
SURVIVOR: 0 1 3 0 0 0 1 1 1 0 1 0 0 0 1 0 0 1 0 1 1 1 1 0 1 1 0
SURVIVOR: 0 1 3 0 0 0 1 1 1 0 1 1 0 1 1 1 0 1 0 1 0 1 0 0 0 1 0
SURVIVOR: 0 1 3 0 0 0 1 1 1 0 1 1 1 0 1 0 1 1 0 1 0 0 1 0 1 0 0
SURVIVOR: 0 1 3 0 0 0 1 1 1 1 0 0 0 0 1 1 0 0 1 0 1 1 0 1 1 1 0
SURVIVOR: 0 1 3 0 0 0 1 1 1 1 0 1 0 1 1 0 1 1 1 0 0 0 1 0 0 1 0
SURVIVOR: 0 1 3 0 0 0 1 1 1 1 0 1 1 0 1 1 1 0 1 0 0 0 0 1 1 0 0
SURVIVOR: 0 1 3 0 0 0 1 1 1 1 1 0 0 1 1 1 1 0 0 0 1 0 0 1 0 1 0
SURVIVOR: 0 1 3 0 0 0 1 1 1 1 1 0 1 0 1 1 0 1 0 0 1 1 0 0 1 0 0
SURVIVOR: 0 1 3 0 0 1 1 1 0 0 0 0 0 0 1 0 1 1 1 1 1 0 1 0 1 1 0
SURVIVOR: 0 1 3 0 0 1 1 1 0 0 0 1 0 1 1 0 0 0 1 1 0 1 1 1 0 1 0
SURVIVOR: 0 1 3 0 0 1 1 1 0 0 0 1 0 1 1 1 1 1 1 1 0 0 0 0 0 1 0
SURVIVOR: 0 1 3 0 0 1 1 1 0 0 1 1 1 1 1 0 0 1 0 1 0 1 1 0 0 0 0
SURVIVOR: 0 1 3 0 0 1 1 1 0 1 0 0 1 0 1 0 0 0 1 0 1 1 1 1 1 0 0
SURVIVOR: 0 1 3 0 0 1 1 1 0 1 0 0 1 0 1 1 1 1 1 0 1 0 0 0 1 0 0
SURVIVOR: 0 1 3 0 0 1 1 1 0 1 0 1 1 1 1 1 0 0 1 0 0 1 0 1 0 0 0
SURVIVOR: 0 1 3 0 0 1 1 1 0 1 1 0 1 1 1 0 1 0 0 0 1 0 1 1 0 0 0
SURVIVOR: 0 1 3 0 0 1 1 1 0 1 1 1 0 0 1 0 1 1 0 0 0 0 1 0 1 1 0
SURVIVOR: 0 1 3 0 1 0 0 1 1 0 0 0 0 0 1 1 1 0 1 1 1 0 0 1 1 1 0
SURVIVOR: 0 1 3 0 1 0 0 1 1 0 1 0 1 0 1 0 0 0 0 1 1 1 1 1 1 0 0
SURVIVOR: 0 1 3 0 1 0 0 1 1 0 1 0 1 0 1 1 1 1 0 1 1 0 0 0 1 0 0
SURVIVOR: 0 1 3 0 1 0 0 1 1 0 1 1 1 1 1 1 0 0 0 1 0 1 0 1 0 0 0
SURVIVOR: 0 1 3 0 1 0 0 1 1 1 0 0 0 1 1 0 0 0 1 0 1 1 1 1 0 1 0
SURVIVOR: 0 1 3 0 1 0 0 1 1 1 0 0 0 1 1 1 1 1 1 0 1 0 0 0 0 1 0
SURVIVOR: 0 1 3 0 1 0 0 1 1 1 0 1 1 1 1 0 1 0 1 0 0 0 1 1 0 0 0
SURVIVOR: 0 1 3 0 1 0 0 1 1 1 1 0 1 1 1 0 0 1 0 0 1 1 1 0 0 0 0
SURVIVOR: 0 1 3 0 1 0 0 1 1 1 1 1 0 0 1 1 1 0 0 0 0 0 0 1 1 1 0
SURVIVOR: 0 1 3 0 1 1 0 1 0 0 0 0 0 1 1 1 0 0 1 1 1 1 0 1 0 1 0
SURVIVOR: 0 1 3 0 1 1 0 1 0 0 0 0 1 0 1 0 1 0 1 1 1 0 1 1 1 0 0
SURVIVOR: 0 1 3 0 1 1 0 1 0 0 0 1 1 1 1 1 1 0 1 1 0 0 0 1 0 0 0
SURVIVOR: 0 1 3 0 1 1 0 1 0 0 1 0 1 1 1 1 0 1 0 1 1 1 0 0 0 0 0
SURVIVOR: 0 1 3 0 1 1 0 1 0 1 0 0 1 1 1 0 1 1 1 0 1 0 1 0 0 0 0
SURVIVOR: 0 1 3 0 1 1 0 1 0 1 1 0 0 0 1 0 0 0 0 0 1 1 1 1 1 1 0
SURVIVOR: 0 1 3 0 1 1 0 1 0 1 1 0 0 0 1 1 1 1 0 0 1 0 0 0 1 1 0
SURVIVOR: 0 1 3 0 1 1 0 1 0 1 1 1 0 1 1 1 0 0 0 0 0 1 0 1 0 1 0
SURVIVOR: 0 1 3 0 1 1 0 1 0 1 1 1 1 0 1 0 1 0 0 0 0 0 1 1 1 0 0
SURVIVOR: 0 1 3 1 0 0 1 0 1 0 0 0 0 0 1 1 0 1 1 1 1 1 0 0 1 1 0
SURVIVOR: 0 1 3 1 0 0 1 0 1 0 0 1 1 0 1 0 0 0 1 1 0 1 1 1 1 0 0
SURVIVOR: 0 1 3 1 0 0 1 0 1 0 0 1 1 0 1 1 1 1 1 1 0 0 0 0 1 0 0
SURVIVOR: 0 1 3 1 0 0 1 0 1 0 1 0 0 1 1 0 0 0 0 1 1 1 1 1 0 1 0
SURVIVOR: 0 1 3 1 0 0 1 0 1 0 1 0 0 1 1 1 1 1 0 1 1 0 0 0 0 1 0
SURVIVOR: 0 1 3 1 0 0 1 0 1 0 1 1 1 1 1 0 1 0 0 1 0 0 1 1 0 0 0
SURVIVOR: 0 1 3 1 0 0 1 0 1 1 0 1 1 1 1 0 0 1 1 0 0 1 1 0 0 0 0
SURVIVOR: 0 1 3 1 0 0 1 0 1 1 1 0 1 1 1 1 0 0 0 0 1 1 0 1 0 0 0
SURVIVOR: 0 1 3 1 0 0 1 0 1 1 1 1 0 0 1 1 0 1 0 0 0 1 0 0 1 1 0
SURVIVOR: 0 1 3 1 0 1 1 0 0 0 0 0 0 1 1 0 1 0 1 1 1 0 1 1 0 1 0
SURVIVOR: 0 1 3 1 0 1 1 0 0 0 0 0 1 0 1 0 0 1 1 1 1 1 1 0 1 0 0
SURVIVOR: 0 1 3 1 0 1 1 0 0 0 0 1 1 1 1 1 0 1 1 1 0 1 0 0 0 0 0
SURVIVOR: 0 1 3 1 0 1 1 0 0 0 1 0 1 1 1 0 1 1 0 1 1 0 1 0 0 0 0
SURVIVOR: 0 1 3 1 0 1 1 0 0 1 0 0 1 1 1 1 1 0 1 0 1 0 0 1 0 0 0
SURVIVOR: 0 1 3 1 0 1 1 0 0 1 0 1 0 0 1 0 0 0 1 0 0 1 1 1 1 1 0
SURVIVOR: 0 1 3 1 0 1 1 0 0 1 0 1 0 0 1 1 1 1 1 0 0 0 0 0 1 1 0
SURVIVOR: 0 1 3 1 0 1 1 0 0 1 1 1 0 1 1 0 1 0 0 0 0 0 1 1 0 1 0
SURVIVOR: 0 1 3 1 0 1 1 0 0 1 1 1 1 0 1 0 0 1 0 0 0 1 1 0 1 0 0
SURVIVOR: 0 1 3 1 1 0 0 0 1 0 0 0 0 1 1 0 0 1 1 1 1 1 1 0 0 1 0
SURVIVOR: 0 1 3 1 1 0 0 0 1 0 0 0 1 0 1 1 0 0 1 1 1 1 0 1 1 0 0
SURVIVOR: 0 1 3 1 1 0 0 0 1 0 0 1 1 1 1 0 1 1 1 1 0 0 1 0 0 0 0
SURVIVOR: 0 1 3 1 1 0 0 0 1 0 1 0 1 1 1 1 1 0 0 1 1 0 0 1 0 0 0
SURVIVOR: 0 1 3 1 1 0 0 0 1 0 1 1 0 0 1 0 0 0 0 1 0 1 1 1 1 1 0
SURVIVOR: 0 1 3 1 1 0 0 0 1 0 1 1 0 0 1 1 1 1 0 1 0 0 0 0 1 1 0
SURVIVOR: 0 1 3 1 1 0 0 0 1 1 0 0 1 1 1 1 0 1 1 0 1 1 0 0 0 0 0
SURVIVOR: 0 1 3 1 1 0 0 0 1 1 1 1 0 1 1 0 0 1 0 0 0 1 1 0 0 1 0
SURVIVOR: 0 1 3 1 1 0 0 0 1 1 1 1 1 0 1 1 0 0 0 0 0 1 0 1 1 0 0
SURVIVOR: 0 1 3 1 1 1 0 0 0 0 0 1 0 0 1 0 1 0 1 1 0 0 1 1 1 1 0
SURVIVOR: 0 1 3 1 1 1 0 0 0 0 1 0 0 0 1 0 0 1 0 1 1 1 1 0 1 1 0
SURVIVOR: 0 1 3 1 1 1 0 0 0 0 1 1 0 1 1 1 0 1 0 1 0 1 0 0 0 1 0
SURVIVOR: 0 1 3 1 1 1 0 0 0 0 1 1 1 0 1 0 1 1 0 1 0 0 1 0 1 0 0
SURVIVOR: 0 1 3 1 1 1 0 0 0 1 0 0 0 0 1 1 0 0 1 0 1 1 0 1 1 1 0
SURVIVOR: 0 1 3 1 1 1 0 0 0 1 0 1 0 1 1 0 1 1 1 0 0 0 1 0 0 1 0
SURVIVOR: 0 1 3 1 1 1 0 0 0 1 0 1 1 0 1 1 1 0 1 0 0 0 0 1 1 0 0
SURVIVOR: 0 1 3 1 1 1 0 0 0 1 1 0 0 1 1 1 1 0 0 0 1 0 0 1 0 1 0
SURVIVOR: 0 1 3 1 1 1 0 0 0 1 1 0 1 0 1 1 0 1 0 0 1 1 0 0 1 0 0
SURVIVOR: 0 3 1 0 0 0 1 1 1 0 0 1 1 0 0 0 0 1 0 1 1 0 1 1 1 1 0
SURVIVOR: 0 3 1 0 0 0 1 1 1 0 1 0 1 0 0 1 0 0 1 0 1 1 1 0 1 1 0
SURVIVOR: 0 3 1 0 0 0 1 1 1 0 1 1 1 0 1 1 0 1 0 0 1 0 1 0 0 1 0
SURVIVOR: 0 3 1 0 0 0 1 1 1 0 1 1 1 1 0 0 1 1 0 0 1 0 0 1 1 0 0
SURVIVOR: 0 3 1 0 0 0 1 1 1 1 0 0 1 0 0 0 1 0 1 1 0 1 0 1 1 1 0
SURVIVOR: 0 3 1 0 0 0 1 1 1 1 0 1 1 0 1 0 1 1 0 1 0 0 0 1 0 1 0
SURVIVOR: 0 3 1 0 0 0 1 1 1 1 0 1 1 1 0 1 1 0 0 1 0 1 0 0 1 0 0
SURVIVOR: 0 3 1 0 0 0 1 1 1 1 1 0 1 0 1 1 1 0 1 0 0 1 0 0 0 1 0
SURVIVOR: 0 3 1 0 0 0 1 1 1 1 1 0 1 1 0 1 0 1 1 0 0 0 1 0 1 0 0
SURVIVOR: 0 3 1 0 0 1 0 1 1 0 0 0 1 0 0 0 1 1 1 1 1 0 0 1 1 1 0
SURVIVOR: 0 3 1 0 0 1 0 1 1 0 0 1 1 1 0 0 0 0 0 1 1 1 1 1 1 0 0
SURVIVOR: 0 3 1 0 0 1 0 1 1 0 0 1 1 1 0 1 1 1 0 1 1 0 0 0 1 0 0
SURVIVOR: 0 3 1 0 0 1 0 1 1 0 1 0 1 0 1 0 0 0 1 0 1 1 1 1 0 1 0
SURVIVOR: 0 3 1 0 0 1 0 1 1 0 1 0 1 0 1 1 1 1 1 0 1 0 0 0 0 1 0
SURVIVOR: 0 3 1 0 0 1 0 1 1 0 1 1 1 1 1 1 0 0 0 0 1 1 1 0 0 0 0
SURVIVOR: 0 3 1 0 0 1 0 1 1 1 0 1 1 1 1 0 1 0 0 1 0 1 0 1 0 0 0
SURVIVOR: 0 3 1 0 0 1 0 1 1 1 1 0 1 1 1 0 0 1 1 0 0 0 1 1 0 0 0
SURVIVOR: 0 3 1 0 0 1 0 1 1 1 1 1 1 0 0 0 1 1 0 0 0 0 0 1 1 1 0
SURVIVOR: 0 3 1 0 1 0 1 0 1 0 0 0 1 0 0 1 1 0 1 1 1 1 0 0 1 1 0
SURVIVOR: 0 3 1 0 1 0 1 0 1 0 0 1 1 0 1 0 0 0 0 1 1 1 1 1 0 1 0
SURVIVOR: 0 3 1 0 1 0 1 0 1 0 0 1 1 0 1 1 1 1 0 1 1 0 0 0 0 1 0
SURVIVOR: 0 3 1 0 1 0 1 0 1 0 1 1 1 1 1 0 1 0 0 0 1 1 0 1 0 0 0
SURVIVOR: 0 3 1 0 1 0 1 0 1 1 0 0 1 1 0 0 0 0 1 1 0 1 1 1 1 0 0
SURVIVOR: 0 3 1 0 1 0 1 0 1 1 0 0 1 1 0 1 1 1 1 1 0 0 0 0 1 0 0
SURVIVOR: 0 3 1 0 1 0 1 0 1 1 0 1 1 1 1 0 0 1 0 1 0 0 1 1 0 0 0
SURVIVOR: 0 3 1 0 1 0 1 0 1 1 1 0 1 1 1 1 0 0 1 0 0 1 1 0 0 0 0
SURVIVOR: 0 3 1 0 1 0 1 0 1 1 1 1 1 0 0 1 1 0 0 0 0 1 0 0 1 1 0
SURVIVOR: 0 3 1 0 1 1 0 0 1 0 0 0 1 0 1 0 1 0 1 1 1 1 0 1 0 1 0
SURVIVOR: 0 3 1 0 1 1 0 0 1 0 0 0 1 1 0 0 0 1 1 1 1 0 1 1 1 0 0
SURVIVOR: 0 3 1 0 1 1 0 0 1 0 0 1 1 1 1 1 1 0 0 1 1 1 0 0 0 0 0
SURVIVOR: 0 3 1 0 1 1 0 0 1 0 1 0 1 1 1 1 0 1 1 0 1 0 1 0 0 0 0
SURVIVOR: 0 3 1 0 1 1 0 0 1 0 1 1 1 0 0 0 0 0 0 0 1 1 1 1 1 1 0
SURVIVOR: 0 3 1 0 1 1 0 0 1 0 1 1 1 0 0 1 1 1 0 0 1 0 0 0 1 1 0
SURVIVOR: 0 3 1 0 1 1 0 0 1 1 0 0 1 1 1 0 1 1 1 1 0 0 0 1 0 0 0
SURVIVOR: 0 3 1 0 1 1 0 0 1 1 1 1 1 0 1 0 1 0 0 0 0 1 0 1 0 1 0
SURVIVOR: 0 3 1 0 1 1 0 0 1 1 1 1 1 1 0 0 0 1 0 0 0 0 1 1 1 0 0
SURVIVOR: 0 3 1 1 0 0 1 1 0 0 0 0 1 0 0 1 0 1 1 1 1 0 1 0 1 1 0
SURVIVOR: 0 3 1 1 0 0 1 1 0 0 1 0 1 1 0 0 0 0 1 0 1 1 1 1 1 0 0
SURVIVOR: 0 3 1 1 0 0 1 1 0 0 1 0 1 1 0 1 1 1 1 0 1 0 0 0 1 0 0
SURVIVOR: 0 3 1 1 0 0 1 1 0 0 1 1 1 1 1 0 0 1 0 0 1 0 1 1 0 0 0
SURVIVOR: 0 3 1 1 0 0 1 1 0 1 0 0 1 0 1 0 0 0 1 1 0 1 1 1 0 1 0
SURVIVOR: 0 3 1 1 0 0 1 1 0 1 0 0 1 0 1 1 1 1 1 1 0 0 0 0 0 1 0
SURVIVOR: 0 3 1 1 0 0 1 1 0 1 0 1 1 1 1 1 0 0 0 1 0 1 1 0 0 0 0
SURVIVOR: 0 3 1 1 0 0 1 1 0 1 1 0 1 1 1 0 1 0 1 0 0 1 0 1 0 0 0
SURVIVOR: 0 3 1 1 0 0 1 1 0 1 1 1 1 0 0 1 0 1 0 0 0 0 1 0 1 1 0
SURVIVOR: 0 3 1 1 0 1 0 1 0 0 0 0 1 0 1 0 0 1 1 1 1 0 1 1 0 1 0
SURVIVOR: 0 3 1 1 0 1 0 1 0 0 0 0 1 1 0 1 0 0 1 1 1 1 1 0 1 0 0
SURVIVOR: 0 3 1 1 0 1 0 1 0 0 0 1 1 1 1 1 0 1 0 1 1 0 1 0 0 0 0
SURVIVOR: 0 3 1 1 0 1 0 1 0 0 1 0 1 1 1 0 1 1 1 0 1 0 0 1 0 0 0
SURVIVOR: 0 3 1 1 0 1 0 1 0 1 0 0 1 1 1 1 1 0 1 1 0 1 0 0 0 0 0
SURVIVOR: 0 3 1 1 0 1 0 1 0 1 1 0 1 0 0 0 0 0 1 0 0 1 1 1 1 1 0
SURVIVOR: 0 3 1 1 0 1 0 1 0 1 1 0 1 0 0 1 1 1 1 0 0 0 0 0 1 1 0
SURVIVOR: 0 3 1 1 0 1 0 1 0 1 1 1 1 0 1 0 0 1 0 0 0 0 1 1 0 1 0
SURVIVOR: 0 3 1 1 0 1 0 1 0 1 1 1 1 1 0 1 0 0 0 0 0 1 1 0 1 0 0
SURVIVOR: 0 3 1 1 1 0 1 0 0 0 0 0 1 0 1 1 0 0 1 1 1 1 1 0 0 1 0
SURVIVOR: 0 3 1 1 1 0 1 0 0 0 0 0 1 1 0 0 1 0 1 1 1 1 0 1 1 0 0
SURVIVOR: 0 3 1 1 1 0 1 0 0 0 0 1 1 1 1 0 1 1 0 1 1 0 0 1 0 0 0
SURVIVOR: 0 3 1 1 1 0 1 0 0 0 1 0 1 1 1 1 1 0 1 0 1 1 0 0 0 0 0
SURVIVOR: 0 3 1 1 1 0 1 0 0 1 0 0 1 1 1 1 0 1 1 1 0 0 1 0 0 0 0
SURVIVOR: 0 3 1 1 1 0 1 0 0 1 0 1 1 0 0 0 0 0 0 1 0 1 1 1 1 1 0
SURVIVOR: 0 3 1 1 1 0 1 0 0 1 0 1 1 0 0 1 1 1 0 1 0 0 0 0 1 1 0
SURVIVOR: 0 3 1 1 1 0 1 0 0 1 1 1 1 0 1 1 0 0 0 0 0 1 1 0 0 1 0
SURVIVOR: 0 3 1 1 1 0 1 0 0 1 1 1 1 1 0 0 1 0 0 0 0 1 0 1 1 0 0
SURVIVOR: 0 3 1 1 1 1 0 0 0 0 0 1 1 0 0 0 0 1 0 1 1 0 1 1 1 1 0
SURVIVOR: 0 3 1 1 1 1 0 0 0 0 1 0 1 0 0 1 0 0 1 0 1 1 1 0 1 1 0
SURVIVOR: 0 3 1 1 1 1 0 0 0 0 1 1 1 0 1 1 0 1 0 0 1 0 1 0 0 1 0
SURVIVOR: 0 3 1 1 1 1 0 0 0 0 1 1 1 1 0 0 1 1 0 0 1 0 0 1 1 0 0
SURVIVOR: 0 3 1 1 1 1 0 0 0 1 0 0 1 0 0 0 1 0 1 1 0 1 0 1 1 1 0
SURVIVOR: 0 3 1 1 1 1 0 0 0 1 0 1 1 0 1 0 1 1 0 1 0 0 0 1 0 1 0
SURVIVOR: 0 3 1 1 1 1 0 0 0 1 0 1 1 1 0 1 1 0 0 1 0 1 0 0 1 0 0
SURVIVOR: 0 3 1 1 1 1 0 0 0 1 1 0 1 0 1 1 1 0 1 0 0 1 0 0 0 1 0
SURVIVOR: 0 3 1 1 1 1 0 0 0 1 1 0 1 1 0 1 0 1 1 0 0 0 1 0 1 0 0
SURVIVOR: 1 0 0 0 0 0 0 1 1 0 0 1 0 3 1 0 1 1 0 0 1 1 1 1 1 1 0
SURVIVOR: 1 0 0 0 0 0 0 1 1 0 0 1 1 1 1 1 1 0 1 0 0 1 3 0 1 1 0
SURVIVOR: 1 0 0 0 0 0 0 1 1 0 1 1 0 1 0 0 1 3 1 1 1 1 0 1 0 1 0
SURVIVOR: 1 0 0 0 0 0 0 1 1 0 1 1 1 0 0 1 1 1 3 1 0 1 1 0 0 1 0
SURVIVOR: 1 0 0 0 0 0 0 1 1 1 0 0 1 1 1 0 1 1 0 1 0 3 1 0 1 1 0
SURVIVOR: 1 0 0 0 0 0 0 1 1 1 0 0 1 3 0 1 1 0 0 0 1 1 1 1 1 1 0
SURVIVOR: 1 0 0 0 0 0 0 1 1 1 0 1 0 0 1 3 0 1 1 1 1 0 1 1 1 0 0
SURVIVOR: 1 0 0 0 0 0 0 1 1 1 0 1 0 1 0 1 1 1 0 1 3 0 1 1 0 1 0
SURVIVOR: 1 0 0 0 0 0 0 1 1 1 0 1 0 1 0 1 1 1 1 0 3 1 0 1 1 0 0
SURVIVOR: 1 0 0 0 0 0 0 1 1 1 0 1 1 0 0 1 0 3 1 1 1 1 0 1 0 1 0
SURVIVOR: 1 0 0 0 0 0 0 1 1 1 1 0 0 0 1 1 1 1 1 3 0 1 1 0 1 0 0
SURVIVOR: 1 0 0 0 0 0 0 1 1 1 1 0 0 1 0 3 1 0 1 1 1 0 1 1 1 0 0
SURVIVOR: 1 0 0 0 0 0 0 1 1 1 1 1 0 1 1 1 0 0 1 1 0 0 1 0 3 1 0
SURVIVOR: 1 0 0 0 0 0 0 1 1 1 1 1 1 1 0 0 0 1 1 1 0 1 0 0 1 3 0
SURVIVOR: 1 0 0 0 0 0 1 0 1 0 1 0 1 1 1 1 1 0 1 0 0 0 3 1 1 1 0
SURVIVOR: 1 0 0 0 0 0 1 0 1 0 1 0 1 3 0 1 0 1 0 1 0 1 1 1 1 1 0
SURVIVOR: 1 0 0 0 0 0 1 0 1 0 1 1 0 0 1 1 1 1 3 0 1 0 1 1 1 0 0
SURVIVOR: 1 0 0 0 0 0 1 0 1 0 1 1 0 1 0 1 0 3 1 1 1 1 0 1 1 0 0
SURVIVOR: 1 0 0 0 0 0 1 0 1 1 0 0 0 3 1 1 1 0 0 1 0 1 1 1 1 1 0
SURVIVOR: 1 0 0 0 0 0 1 0 1 1 0 0 1 1 1 1 0 1 0 0 1 0 1 3 1 1 0
SURVIVOR: 1 0 0 0 0 0 1 0 1 1 0 1 0 1 0 1 3 0 1 1 1 1 1 0 0 1 0
SURVIVOR: 1 0 0 0 0 0 1 0 1 1 0 1 1 0 0 1 1 1 1 0 3 0 1 1 0 1 0
SURVIVOR: 1 0 0 0 0 0 1 0 1 1 1 0 0 0 1 0 1 3 1 1 1 1 0 1 1 0 0
SURVIVOR: 1 0 0 0 0 0 1 0 1 1 1 0 0 1 0 1 1 1 0 3 1 1 1 0 1 0 0
SURVIVOR: 1 0 0 0 0 0 1 0 1 1 1 0 0 1 0 1 1 1 1 3 0 1 0 1 0 1 0
SURVIVOR: 1 0 0 0 0 0 1 0 1 1 1 0 1 0 0 0 3 1 1 1 1 1 1 0 0 1 0
SURVIVOR: 1 0 0 0 0 0 1 0 1 1 1 1 0 1 1 0 0 1 1 0 1 0 0 1 3 1 0
SURVIVOR: 1 0 0 0 0 0 1 0 1 1 1 1 1 1 0 0 1 0 1 0 1 0 1 0 1 3 0
SURVIVOR: 1 0 0 0 0 0 1 1 0 0 0 1 1 1 1 1 0 1 0 0 1 1 0 3 1 1 0
SURVIVOR: 1 0 0 0 0 0 1 1 0 0 0 1 1 3 0 0 1 1 1 0 0 1 1 1 1 1 0
SURVIVOR: 1 0 0 0 0 0 1 1 0 0 1 0 0 3 1 1 0 1 1 0 0 1 1 1 1 1 0
SURVIVOR: 1 0 0 0 0 0 1 1 0 0 1 0 1 1 1 0 1 1 0 1 0 3 0 1 1 1 0
SURVIVOR: 1 0 0 0 0 0 1 1 0 0 1 1 0 0 1 1 3 0 1 1 1 1 1 0 1 0 0
SURVIVOR: 1 0 0 0 0 0 1 1 0 0 1 1 0 1 0 1 1 1 3 0 1 1 1 0 0 1 0
SURVIVOR: 1 0 0 0 0 0 1 1 0 0 1 1 0 1 0 1 1 1 3 1 0 0 1 1 1 0 0
SURVIVOR: 1 0 0 0 0 0 1 1 0 0 1 1 1 0 0 3 1 0 1 1 1 0 1 1 0 1 0
SURVIVOR: 1 0 0 0 0 0 1 1 0 1 0 1 0 0 1 1 1 1 0 1 3 1 0 1 1 0 0
SURVIVOR: 1 0 0 0 0 0 1 1 0 1 0 1 0 1 0 0 3 1 1 1 1 1 1 0 1 0 0
SURVIVOR: 1 0 0 0 0 0 1 1 0 1 1 0 0 1 0 3 0 1 1 1 1 0 1 1 0 1 0
SURVIVOR: 1 0 0 0 0 0 1 1 0 1 1 0 1 0 0 1 1 1 0 3 1 1 0 1 0 1 0
SURVIVOR: 1 0 0 0 0 0 1 1 0 1 1 1 0 1 1 0 1 0 0 1 1 1 0 0 3 1 0
SURVIVOR: 1 0 0 0 0 0 1 1 0 1 1 1 1 1 0 1 0 0 0 1 1 0 0 1 1 3 0
SURVIVOR: 1 0 0 0 0 1 0 0 1 0 0 0 0 3 1 1 1 1 0 1 1 0 1 1 1 1 0
SURVIVOR: 1 0 0 0 0 1 0 0 1 0 0 0 1 1 1 1 0 3 1 1 0 1 0 1 1 1 0
SURVIVOR: 1 0 0 0 0 1 0 0 1 0 1 1 0 1 1 1 1 0 1 1 1 0 3 1 0 0 0
SURVIVOR: 1 0 0 0 0 1 0 0 1 0 1 1 1 0 1 1 0 1 3 1 0 1 1 1 0 0 0
SURVIVOR: 1 0 0 0 0 1 0 0 1 1 0 1 0 1 1 1 0 1 0 0 0 1 1 1 3 1 0
SURVIVOR: 1 0 0 0 0 1 0 0 1 1 0 1 0 1 1 1 0 1 1 1 1 0 0 0 3 1 0
SURVIVOR: 1 0 0 0 0 1 0 0 1 1 0 1 1 0 1 0 1 1 1 1 1 3 1 0 0 0 0
SURVIVOR: 1 0 0 0 0 1 0 0 1 1 0 1 1 1 0 1 1 0 1 0 3 1 1 1 0 0 0
SURVIVOR: 1 0 0 0 0 1 0 0 1 1 0 3 0 0 0 1 1 1 1 0 1 1 1 0 1 1 0
SURVIVOR: 1 0 0 0 0 1 0 0 1 1 0 3 1 1 1 0 0 0 1 0 1 1 1 0 1 1 0
SURVIVOR: 1 0 0 0 0 1 0 0 1 1 1 0 0 1 1 0 1 1 0 3 1 1 1 1 0 0 0
SURVIVOR: 1 0 0 0 0 1 0 0 1 1 1 0 1 1 0 1 0 1 1 1 1 1 0 3 0 0 0
SURVIVOR: 1 0 0 0 0 1 0 0 1 1 1 1 0 0 0 1 0 3 1 1 0 1 0 1 1 1 0
SURVIVOR: 1 0 0 0 0 1 0 0 1 1 1 1 0 3 1 0 0 0 0 1 1 0 1 1 1 1 0
SURVIVOR: 1 0 0 0 0 1 1 0 0 0 0 0 1 1 1 1 3 0 0 1 1 1 1 0 1 1 0
SURVIVOR: 1 0 0 0 0 1 1 0 0 0 0 0 1 3 0 1 1 1 1 1 0 0 1 1 1 1 0
SURVIVOR: 1 0 0 0 0 1 1 0 0 0 1 1 0 1 1 1 0 1 3 0 1 1 1 1 0 0 0
SURVIVOR: 1 0 0 0 0 1 1 0 0 0 1 1 1 0 1 0 1 1 1 1 1 3 0 1 0 0 0
SURVIVOR: 1 0 0 0 0 1 1 0 0 0 1 1 1 1 0 1 1 0 0 0 0 1 1 1 1 3 0
SURVIVOR: 1 0 0 0 0 1 1 0 0 0 1 1 1 1 0 1 1 0 1 1 1 0 0 0 1 3 0
SURVIVOR: 1 0 0 0 0 1 1 0 0 0 1 3 0 0 0 1 1 1 1 0 1 1 0 1 1 1 0
SURVIVOR: 1 0 0 0 0 1 1 0 0 0 1 3 1 1 1 0 0 0 1 0 1 1 0 1 1 1 0
SURVIVOR: 1 0 0 0 0 1 1 0 0 1 0 1 1 0 1 1 1 0 0 1 3 1 1 1 0 0 0
SURVIVOR: 1 0 0 0 0 1 1 0 0 1 0 1 1 1 0 1 0 1 1 1 1 0 1 3 0 0 0
SURVIVOR: 1 0 0 0 0 1 1 0 0 1 1 0 0 1 1 1 1 0 1 1 1 1 3 0 0 0 0
SURVIVOR: 1 0 0 0 0 1 1 0 0 1 1 0 1 1 0 0 1 1 1 3 0 1 1 1 0 0 0
SURVIVOR: 1 0 0 0 0 1 1 0 0 1 1 1 0 0 0 1 3 0 0 1 1 1 1 0 1 1 0
SURVIVOR: 1 0 0 0 0 1 1 0 0 1 1 1 1 3 0 0 0 0 1 1 0 0 1 1 1 1 0
SURVIVOR: 1 0 0 0 1 0 0 1 0 0 0 0 1 1 1 3 0 1 1 1 0 0 1 1 1 1 0
SURVIVOR: 1 0 0 0 1 0 0 1 0 0 0 0 1 3 0 1 1 1 1 0 1 1 0 1 1 1 0
SURVIVOR: 1 0 0 0 1 0 0 1 0 0 1 1 0 1 1 1 0 1 1 1 1 0 1 3 0 0 0
SURVIVOR: 1 0 0 0 1 0 0 1 0 0 1 1 1 1 0 1 1 0 3 0 1 1 1 1 0 0 0
SURVIVOR: 1 0 0 0 1 0 0 1 0 1 0 1 0 1 1 0 1 1 0 1 3 1 1 1 0 0 0
SURVIVOR: 1 0 0 0 1 0 0 1 0 1 0 1 1 0 1 1 1 0 1 1 1 1 3 0 0 0 0
SURVIVOR: 1 0 0 0 1 0 0 1 0 1 0 1 1 1 0 1 0 1 0 0 0 1 1 1 1 3 0
SURVIVOR: 1 0 0 0 1 0 0 1 0 1 0 1 1 1 0 1 0 1 1 1 1 0 0 0 1 3 0
SURVIVOR: 1 0 0 0 1 0 0 1 0 1 1 0 1 0 1 1 0 1 1 3 0 1 1 1 0 0 0
SURVIVOR: 1 0 0 0 1 0 0 1 0 1 1 0 1 1 0 0 1 1 1 1 1 3 0 1 0 0 0
SURVIVOR: 1 0 0 0 1 0 0 1 0 1 1 1 0 0 0 3 0 1 1 1 0 0 1 1 1 1 0
SURVIVOR: 1 0 0 0 1 0 0 1 0 1 1 1 1 3 0 0 0 0 1 0 1 1 0 1 1 1 0
SURVIVOR: 1 0 0 0 1 0 0 1 0 3 0 1 0 0 0 1 1 1 0 1 1 1 1 0 1 1 0
SURVIVOR: 1 0 0 0 1 0 0 1 0 3 0 1 1 1 1 0 0 0 0 1 1 1 1 0 1 1 0
SURVIVOR: 1 0 0 0 1 0 1 0 0 0 0 0 0 3 1 1 1 1 1 1 0 1 0 1 1 1 0
SURVIVOR: 1 0 0 0 1 0 1 0 0 0 0 0 1 1 1 0 3 1 1 0 1 1 1 0 1 1 0
SURVIVOR: 1 0 0 0 1 0 1 0 0 0 1 1 0 1 1 1 1 0 3 1 0 1 1 1 0 0 0
SURVIVOR: 1 0 0 0 1 0 1 0 0 0 1 1 1 1 0 0 1 1 1 1 1 3 1 0 0 0 0
SURVIVOR: 1 0 0 0 1 0 1 0 0 1 0 1 0 1 1 1 0 1 1 1 1 1 0 3 0 0 0
SURVIVOR: 1 0 0 0 1 0 1 0 0 1 0 1 1 0 1 0 1 1 1 0 3 1 1 1 0 0 0
SURVIVOR: 1 0 0 0 1 0 1 0 0 1 1 0 0 1 1 0 1 1 0 0 0 1 1 1 3 1 0
SURVIVOR: 1 0 0 0 1 0 1 0 0 1 1 0 0 1 1 0 1 1 1 1 1 0 0 0 3 1 0
SURVIVOR: 1 0 0 0 1 0 1 0 0 1 1 0 1 0 1 1 1 0 1 1 1 0 3 1 0 0 0
SURVIVOR: 1 0 0 0 1 0 1 0 0 1 1 0 1 1 0 1 0 1 0 3 1 1 1 1 0 0 0
SURVIVOR: 1 0 0 0 1 0 1 0 0 1 1 1 0 0 0 0 3 1 1 0 1 1 1 0 1 1 0
SURVIVOR: 1 0 0 0 1 0 1 0 0 1 1 1 0 3 1 0 0 0 1 1 0 1 0 1 1 1 0
SURVIVOR: 1 0 0 0 1 0 1 0 0 3 1 0 0 0 0 1 1 1 0 1 1 0 1 1 1 1 0
SURVIVOR: 1 0 0 0 1 0 1 0 0 3 1 0 1 1 1 0 0 0 0 1 1 0 1 1 1 1 0
SURVIVOR: 1 0 0 0 1 1 0 0 0 0 0 1 1 1 0 1 1 1 1 0 0 1 1 0 1 3 0
SURVIVOR: 1 0 0 0 1 1 0 0 0 0 1 1 0 3 1 0 0 1 1 1 1 0 0 1 1 1 0
SURVIVOR: 1 0 0 0 1 1 0 0 0 0 1 1 1 1 1 1 0 0 3 1 0 0 1 0 1 1 0
SURVIVOR: 1 0 0 0 1 1 0 0 0 0 1 3 0 1 0 0 1 1 1 0 1 1 1 1 0 1 0
SURVIVOR: 1 0 0 0 1 1 0 0 0 1 0 0 0 1 1 1 1 1 0 1 0 1 1 0 3 1 0
SURVIVOR: 1 0 0 0 1 1 0 0 0 1 0 3 1 0 0 1 0 1 1 0 1 1 1 1 0 1 0
SURVIVOR: 1 0 0 0 1 1 0 0 0 1 1 0 1 1 1 0 0 1 1 3 0 1 0 0 1 1 0
SURVIVOR: 1 0 0 0 1 1 0 0 0 1 1 0 1 3 0 1 0 0 1 1 1 0 0 1 1 1 0
SURVIVOR: 1 0 0 0 1 1 0 0 0 1 1 1 0 0 1 1 1 0 1 1 0 1 3 0 1 0 0
SURVIVOR: 1 0 0 0 1 1 0 0 0 1 1 1 0 1 0 1 0 1 0 1 1 0 1 3 0 1 0
SURVIVOR: 1 0 0 0 1 1 0 0 0 1 1 1 0 1 0 1 0 1 1 0 1 1 0 3 1 0 0
SURVIVOR: 1 0 0 0 1 1 0 0 0 1 1 1 1 0 0 0 1 1 1 1 0 3 1 0 0 1 0
SURVIVOR: 1 0 0 0 1 1 0 0 0 3 0 1 0 0 1 1 0 1 0 1 1 1 1 1 1 0 0
SURVIVOR: 1 0 0 0 1 1 0 0 0 3 1 0 0 1 0 1 1 0 0 1 1 1 1 1 1 0 0
SURVIVOR: 1 0 0 0 1 1 1 1 1 0 0 0 0 0 1 1 1 0 1 1 0 1 3 0 1 0 0
SURVIVOR: 1 0 0 0 1 1 1 1 1 0 0 0 0 1 0 1 0 1 0 1 1 0 1 3 0 1 0
SURVIVOR: 1 0 0 0 1 1 1 1 1 0 0 0 0 1 0 1 0 1 1 0 1 1 0 3 1 0 0
SURVIVOR: 1 0 0 0 1 1 1 1 1 0 0 0 1 0 0 0 1 1 1 1 0 3 1 0 0 1 0
SURVIVOR: 1 0 0 0 1 1 1 1 1 0 0 1 0 1 1 0 3 1 0 0 1 1 1 0 0 0 0
SURVIVOR: 1 0 0 0 1 1 1 1 1 0 0 1 1 0 1 3 0 1 1 0 0 0 1 1 0 0 0
SURVIVOR: 1 0 0 0 1 1 1 1 1 0 0 1 1 1 0 0 0 0 1 0 0 1 1 0 1 3 0
SURVIVOR: 1 0 0 0 1 1 1 1 1 0 1 0 0 1 1 0 1 3 0 1 0 1 0 1 0 0 0
SURVIVOR: 1 0 0 0 1 1 1 1 1 0 1 0 1 1 0 3 1 0 1 0 0 0 1 1 0 0 0
SURVIVOR: 1 0 0 0 1 1 1 1 1 0 1 1 0 0 0 1 0 0 3 1 0 0 1 0 1 1 0
SURVIVOR: 1 0 0 0 1 1 1 1 1 0 1 1 0 3 1 0 0 1 0 0 0 0 0 1 1 1 0
SURVIVOR: 1 0 0 0 1 1 1 1 1 0 1 3 0 1 0 0 1 1 1 0 1 0 0 0 0 1 0
SURVIVOR: 1 0 0 0 1 1 1 1 1 1 0 0 0 1 1 0 0 0 0 1 0 1 1 0 3 1 0
SURVIVOR: 1 0 0 0 1 1 1 1 1 1 0 0 1 0 1 1 0 3 0 1 0 1 0 1 0 0 0
SURVIVOR: 1 0 0 0 1 1 1 1 1 1 0 0 1 1 0 1 3 0 0 0 1 1 1 0 0 0 0
SURVIVOR: 1 0 0 0 1 1 1 1 1 1 0 3 1 0 0 1 0 1 1 0 1 0 0 0 0 1 0
SURVIVOR: 1 0 0 0 1 1 1 1 1 1 1 0 0 0 0 0 0 1 1 3 0 1 0 0 1 1 0
SURVIVOR: 1 0 0 0 1 1 1 1 1 1 1 0 1 3 0 1 0 0 0 0 0 0 0 1 1 1 0
SURVIVOR: 1 0 0 0 1 1 1 1 1 3 0 1 0 0 1 1 0 1 0 1 1 0 0 0 1 0 0
SURVIVOR: 1 0 0 0 1 1 1 1 1 3 1 0 0 1 0 1 1 0 0 1 1 0 0 0 1 0 0
SURVIVOR: 1 0 0 0 1 1 3 0 1 0 0 0 0 0 1 0 1 1 1 0 1 1 1 1 1 0 0
SURVIVOR: 1 0 0 0 1 1 3 0 1 0 0 0 0 1 0 1 1 0 1 1 0 1 1 1 0 1 0
SURVIVOR: 1 0 0 0 1 1 3 0 1 0 0 1 0 1 1 1 1 1 1 0 0 1 0 1 0 0 0
SURVIVOR: 1 0 0 0 1 1 3 0 1 0 1 0 1 1 0 1 1 1 0 1 0 1 1 0 0 0 0
SURVIVOR: 1 0 0 0 1 1 3 0 1 1 0 0 1 0 1 1 1 1 0 0 1 0 1 1 0 0 0
SURVIVOR: 1 0 0 0 1 1 3 0 1 1 1 0 0 0 0 0 1 0 1 1 1 0 1 0 1 1 0
SURVIVOR: 1 0 0 0 1 1 3 0 1 1 1 0 1 1 1 0 1 0 0 0 0 0 1 0 1 1 0
SURVIVOR: 1 0 0 0 1 1 3 0 1 1 1 1 0 0 1 0 1 1 1 0 1 0 0 0 1 0 0
SURVIVOR: 1 0 0 0 1 1 3 0 1 1 1 1 0 1 0 1 1 0 1 1 0 0 0 0 0 1 0
SURVIVOR: 1 0 0 0 1 1 3 1 0 0 0 0 0 1 0 0 1 1 1 1 0 1 1 1 1 0 0
SURVIVOR: 1 0 0 0 1 1 3 1 0 0 0 0 1 0 0 1 1 0 0 1 1 1 1 1 0 1 0
SURVIVOR: 1 0 0 0 1 1 3 1 0 0 0 1 1 0 1 1 1 1 0 0 1 1 0 1 0 0 0
SURVIVOR: 1 0 0 0 1 1 3 1 0 0 1 0 0 1 1 1 1 1 1 0 0 1 1 0 0 0 0
SURVIVOR: 1 0 0 0 1 1 3 1 0 0 1 1 0 0 0 0 1 0 1 1 1 1 0 0 1 1 0
SURVIVOR: 1 0 0 0 1 1 3 1 0 0 1 1 1 1 1 0 1 0 0 0 0 1 0 0 1 1 0
SURVIVOR: 1 0 0 0 1 1 3 1 0 1 0 0 1 1 0 1 1 1 0 1 0 0 1 1 0 0 0
SURVIVOR: 1 0 0 0 1 1 3 1 0 1 1 1 0 1 0 0 1 1 1 1 0 0 0 0 1 0 0
SURVIVOR: 1 0 0 0 1 1 3 1 0 1 1 1 1 0 0 1 1 0 0 1 1 0 0 0 0 1 0
SURVIVOR: 1 0 0 0 1 3 1 0 1 0 0 1 0 0 0 1 0 1 1 0 0 1 1 1 1 1 0
SURVIVOR: 1 0 0 0 1 3 1 0 1 0 0 1 1 1 1 1 0 1 1 0 0 0 0 0 1 1 0
SURVIVOR: 1 0 0 0 1 3 1 0 1 0 1 1 0 1 0 0 0 0 1 1 1 0 1 1 0 1 0
SURVIVOR: 1 0 0 0 1 3 1 0 1 0 1 1 0 1 0 1 1 1 0 0 0 0 1 1 0 1 0
SURVIVOR: 1 0 0 0 1 3 1 0 1 1 0 1 0 0 1 0 0 0 1 1 1 1 1 0 1 0 0
SURVIVOR: 1 0 0 0 1 3 1 0 1 1 0 1 0 0 1 1 1 1 0 0 0 1 1 0 1 0 0
SURVIVOR: 1 0 0 0 1 3 1 0 1 1 1 1 0 1 1 0 1 0 0 1 1 0 1 0 0 0 0
SURVIVOR: 1 0 0 0 1 3 1 0 1 1 1 1 1 0 1 0 0 1 1 1 0 1 0 0 0 0 0
SURVIVOR: 1 0 0 0 1 3 1 0 1 1 1 1 1 1 0 1 0 0 1 0 1 0 0 1 0 0 0
SURVIVOR: 1 0 0 0 3 1 1 1 0 1 0 0 0 0 0 1 0 1 0 1 0 1 1 1 1 1 0
SURVIVOR: 1 0 0 0 3 1 1 1 0 1 0 0 1 1 1 1 0 1 0 1 0 0 0 0 1 1 0
SURVIVOR: 1 0 0 0 3 1 1 1 0 1 0 1 1 0 0 0 0 0 1 1 1 1 1 0 0 1 0
SURVIVOR: 1 0 0 0 3 1 1 1 0 1 0 1 1 0 0 1 1 1 0 0 0 1 1 0 0 1 0
SURVIVOR: 1 0 0 0 3 1 1 1 0 1 1 0 0 1 0 0 0 0 1 1 1 1 0 1 1 0 0
SURVIVOR: 1 0 0 0 3 1 1 1 0 1 1 0 0 1 0 1 1 1 0 0 0 1 0 1 1 0 0
SURVIVOR: 1 0 0 0 3 1 1 1 0 1 1 1 0 1 1 0 0 1 0 1 1 0 0 1 0 0 0
SURVIVOR: 1 0 0 0 3 1 1 1 0 1 1 1 1 0 1 1 0 0 1 1 0 0 1 0 0 0 0
SURVIVOR: 1 0 0 0 3 1 1 1 0 1 1 1 1 1 0 0 1 0 1 0 1 1 0 0 0 0 0
SURVIVOR: 1 0 0 1 0 0 0 0 1 0 0 0 1 1 1 0 1 3 1 0 1 1 0 1 1 1 0
SURVIVOR: 1 0 0 1 0 0 0 0 1 0 0 0 1 3 0 1 1 1 0 1 1 1 1 0 1 1 0
SURVIVOR: 1 0 0 1 0 0 0 0 1 0 1 1 1 0 1 0 1 1 3 0 1 1 1 1 0 0 0
SURVIVOR: 1 0 0 1 0 0 0 0 1 0 1 1 1 1 0 1 1 0 1 1 1 1 3 0 0 0 0
SURVIVOR: 1 0 0 1 0 0 0 0 1 1 0 1 0 1 1 0 1 1 1 1 1 3 0 1 0 0 0
SURVIVOR: 1 0 0 1 0 0 0 0 1 1 0 1 1 1 0 1 0 1 0 1 3 1 1 1 0 0 0
SURVIVOR: 1 0 0 1 0 0 0 0 1 1 1 0 0 1 1 1 1 0 1 3 0 1 1 1 0 0 0
SURVIVOR: 1 0 0 1 0 0 0 0 1 1 1 0 1 0 1 1 0 1 1 1 1 0 1 3 0 0 0
SURVIVOR: 1 0 0 1 0 0 0 0 1 1 1 0 1 1 0 0 1 1 0 0 0 1 1 1 1 3 0
SURVIVOR: 1 0 0 1 0 0 0 0 1 1 1 0 1 1 0 0 1 1 1 1 1 0 0 0 1 3 0
SURVIVOR: 1 0 0 1 0 0 0 0 1 1 1 1 0 0 0 0 1 3 1 0 1 1 0 1 1 1 0
SURVIVOR: 1 0 0 1 0 0 0 0 1 1 1 1 1 3 0 0 0 0 0 1 1 1 1 0 1 1 0
SURVIVOR: 1 0 0 1 0 0 0 0 1 1 3 0 0 0 0 1 1 1 1 1 0 0 1 1 1 1 0
SURVIVOR: 1 0 0 1 0 0 0 0 1 1 3 0 1 1 1 0 0 0 1 1 0 0 1 1 1 1 0
SURVIVOR: 1 0 0 1 0 0 0 1 0 0 0 0 0 3 1 1 1 1 1 0 1 1 1 0 1 1 0
SURVIVOR: 1 0 0 1 0 0 0 1 0 0 0 0 1 1 1 3 1 0 0 1 1 0 1 1 1 1 0
SURVIVOR: 1 0 0 1 0 0 0 1 0 0 1 1 0 1 1 1 1 0 0 0 0 1 1 1 3 1 0
SURVIVOR: 1 0 0 1 0 0 0 1 0 0 1 1 0 1 1 1 1 0 1 1 1 0 0 0 3 1 0
SURVIVOR: 1 0 0 1 0 0 0 1 0 0 1 1 1 0 1 1 0 1 1 1 1 1 0 3 0 0 0
SURVIVOR: 1 0 0 1 0 0 0 1 0 0 1 1 1 1 0 0 1 1 3 1 0 1 1 1 0 0 0
SURVIVOR: 1 0 0 1 0 0 0 1 0 0 3 1 0 0 0 1 1 1 1 1 0 1 0 1 1 1 0
SURVIVOR: 1 0 0 1 0 0 0 1 0 0 3 1 1 1 1 0 0 0 1 1 0 1 0 1 1 1 0
SURVIVOR: 1 0 0 1 0 0 0 1 0 1 0 1 0 1 1 1 0 1 1 0 3 1 1 1 0 0 0
SURVIVOR: 1 0 0 1 0 0 0 1 0 1 0 1 1 1 0 1 1 0 1 1 1 0 3 1 0 0 0
SURVIVOR: 1 0 0 1 0 0 0 1 0 1 1 0 0 1 1 0 1 1 1 1 1 3 1 0 0 0 0
SURVIVOR: 1 0 0 1 0 0 0 1 0 1 1 0 1 0 1 1 1 0 0 3 1 1 1 1 0 0 0
SURVIVOR: 1 0 0 1 0 0 0 1 0 1 1 1 0 0 0 3 1 0 0 1 1 0 1 1 1 1 0
SURVIVOR: 1 0 0 1 0 0 0 1 0 1 1 1 0 3 1 0 0 0 1 0 1 1 1 0 1 1 0
SURVIVOR: 1 0 0 1 0 1 0 0 0 0 0 1 0 1 1 1 1 1 0 0 1 1 0 1 3 1 0
SURVIVOR: 1 0 0 1 0 1 0 0 0 0 1 0 1 1 0 1 1 1 0 1 0 1 0 1 1 3 0
SURVIVOR: 1 0 0 1 0 1 0 0 0 0 1 3 0 0 1 1 1 0 1 0 1 1 1 1 1 0 0
SURVIVOR: 1 0 0 1 0 1 0 0 0 0 3 1 1 0 0 1 1 0 1 1 0 1 1 1 0 1 0
SURVIVOR: 1 0 0 1 0 1 0 0 0 1 0 1 1 1 1 1 0 0 0 1 3 0 0 1 1 1 0
SURVIVOR: 1 0 0 1 0 1 0 0 0 1 0 1 1 3 0 0 1 0 1 1 1 0 1 0 1 1 0
SURVIVOR: 1 0 0 1 0 1 0 0 0 1 0 3 0 1 0 0 1 1 1 0 1 1 1 1 1 0 0
SURVIVOR: 1 0 0 1 0 1 0 0 0 1 1 0 0 3 1 1 0 0 1 1 1 0 1 0 1 1 0
SURVIVOR: 1 0 0 1 0 1 0 0 0 1 1 0 1 1 1 0 1 0 0 3 1 1 0 0 1 1 0
SURVIVOR: 1 0 0 1 0 1 0 0 0 1 1 1 0 0 1 0 1 1 0 1 1 3 0 1 1 0 0
SURVIVOR: 1 0 0 1 0 1 0 0 0 1 1 1 0 1 0 1 1 0 1 0 1 1 3 0 0 1 0
SURVIVOR: 1 0 0 1 0 1 0 0 0 1 1 1 0 1 0 1 1 0 1 1 0 0 3 1 1 0 0
SURVIVOR: 1 0 0 1 0 1 0 0 0 1 1 1 1 0 0 1 0 1 0 1 1 1 0 3 0 1 0
SURVIVOR: 1 0 0 1 0 1 0 0 0 1 3 0 0 1 0 1 0 1 1 1 0 1 1 1 0 1 0
SURVIVOR: 1 0 0 1 0 1 0 1 3 0 0 0 0 0 1 1 0 1 1 1 0 1 1 1 1 0 0
SURVIVOR: 1 0 0 1 0 1 0 1 3 0 0 0 0 1 0 0 1 1 0 1 1 1 1 1 0 1 0
SURVIVOR: 1 0 0 1 0 1 0 1 3 0 0 1 1 0 1 1 1 1 1 0 0 1 1 0 0 0 0
SURVIVOR: 1 0 0 1 0 1 0 1 3 0 1 0 0 1 1 1 1 1 0 1 0 0 1 1 0 0 0
SURVIVOR: 1 0 0 1 0 1 0 1 3 1 0 0 1 1 0 1 1 1 0 0 1 1 0 1 0 0 0
SURVIVOR: 1 0 0 1 0 1 0 1 3 1 0 1 0 0 0 0 0 1 1 1 1 1 0 0 1 1 0
SURVIVOR: 1 0 0 1 0 1 0 1 3 1 0 1 1 1 1 0 0 1 0 0 0 1 0 0 1 1 0
SURVIVOR: 1 0 0 1 0 1 0 1 3 1 1 1 0 0 1 1 0 1 1 1 0 0 0 0 1 0 0
SURVIVOR: 1 0 0 1 0 1 0 1 3 1 1 1 0 1 0 0 1 1 0 1 1 0 0 0 0 1 0
SURVIVOR: 1 0 0 1 0 1 1 0 3 0 0 0 0 1 0 1 0 1 0 1 1 1 1 1 1 0 0
SURVIVOR: 1 0 0 1 0 1 1 0 3 0 0 0 1 0 0 0 1 1 1 0 1 1 1 1 0 1 0
SURVIVOR: 1 0 0 1 0 1 1 0 3 0 0 1 1 1 0 1 1 1 0 0 1 1 1 0 0 0 0
SURVIVOR: 1 0 0 1 0 1 1 0 3 0 1 0 1 0 1 1 1 1 1 0 0 0 1 1 0 0 0
SURVIVOR: 1 0 0 1 0 1 1 0 3 1 0 0 0 1 1 1 1 1 0 1 0 1 0 1 0 0 0
SURVIVOR: 1 0 0 1 0 1 1 0 3 1 1 0 0 0 0 0 0 1 1 1 1 0 0 1 1 1 0
SURVIVOR: 1 0 0 1 0 1 1 0 3 1 1 0 1 1 1 0 0 1 0 0 0 0 0 1 1 1 0
SURVIVOR: 1 0 0 1 0 1 1 0 3 1 1 1 0 1 0 1 0 1 0 1 1 0 0 0 1 0 0
SURVIVOR: 1 0 0 1 0 1 1 0 3 1 1 1 1 0 0 0 1 1 1 0 1 0 0 0 0 1 0
SURVIVOR: 1 0 0 1 0 1 1 1 1 0 0 0 0 0 1 0 1 1 0 1 1 3 0 1 1 0 0
SURVIVOR: 1 0 0 1 0 1 1 1 1 0 0 0 0 1 0 1 1 0 1 0 1 1 3 0 0 1 0
SURVIVOR: 1 0 0 1 0 1 1 1 1 0 0 0 0 1 0 1 1 0 1 1 0 0 3 1 1 0 0
SURVIVOR: 1 0 0 1 0 1 1 1 1 0 0 0 1 0 0 1 0 1 0 1 1 1 0 3 0 1 0
SURVIVOR: 1 0 0 1 0 1 1 1 1 0 0 1 0 1 1 0 0 0 0 0 1 1 0 1 3 1 0
SURVIVOR: 1 0 0 1 0 1 1 1 1 0 0 1 1 0 1 3 1 0 0 0 1 0 1 1 0 0 0
SURVIVOR: 1 0 0 1 0 1 1 1 1 0 0 1 1 1 0 0 1 3 1 0 0 1 0 1 0 0 0
SURVIVOR: 1 0 0 1 0 1 1 1 1 0 1 0 0 1 1 1 0 3 1 0 0 1 0 1 0 0 0
SURVIVOR: 1 0 0 1 0 1 1 1 1 0 1 0 1 0 1 1 3 0 0 1 0 1 1 0 0 0 0
SURVIVOR: 1 0 0 1 0 1 1 1 1 0 1 0 1 1 0 0 0 0 0 1 0 1 0 1 1 3 0
SURVIVOR: 1 0 0 1 0 1 1 1 1 0 1 3 0 0 1 1 1 0 1 0 1 0 0 0 1 0 0
SURVIVOR: 1 0 0 1 0 1 1 1 1 0 3 1 1 0 0 1 1 0 1 1 0 0 0 0 0 1 0
SURVIVOR: 1 0 0 1 0 1 1 1 1 1 0 0 0 1 1 3 0 1 0 0 1 0 1 1 0 0 0
SURVIVOR: 1 0 0 1 0 1 1 1 1 1 0 0 1 1 0 0 3 1 0 1 0 1 1 0 0 0 0
SURVIVOR: 1 0 0 1 0 1 1 1 1 1 0 1 0 0 0 1 0 0 0 1 3 0 0 1 1 1 0
SURVIVOR: 1 0 0 1 0 1 1 1 1 1 0 1 1 3 0 0 1 0 0 0 0 0 1 0 1 1 0
SURVIVOR: 1 0 0 1 0 1 1 1 1 1 0 3 0 1 0 0 1 1 1 0 1 0 0 0 1 0 0
SURVIVOR: 1 0 0 1 0 1 1 1 1 1 1 0 0 0 0 0 1 0 0 3 1 1 0 0 1 1 0
SURVIVOR: 1 0 0 1 0 1 1 1 1 1 1 0 0 3 1 1 0 0 0 0 0 0 1 0 1 1 0
SURVIVOR: 1 0 0 1 0 1 1 1 1 1 3 0 0 1 0 1 0 1 1 1 0 0 0 0 0 1 0
SURVIVOR: 1 0 0 1 0 3 1 0 1 0 0 1 0 0 0 1 1 0 0 0 1 1 1 1 1 1 0
SURVIVOR: 1 0 0 1 0 3 1 0 1 0 0 1 1 1 1 1 1 0 0 0 1 0 0 0 1 1 0
SURVIVOR: 1 0 0 1 0 3 1 0 1 0 1 1 1 0 0 0 0 0 1 1 1 1 0 1 0 1 0
SURVIVOR: 1 0 0 1 0 3 1 0 1 0 1 1 1 0 0 1 1 1 0 0 0 1 0 1 0 1 0
SURVIVOR: 1 0 0 1 0 3 1 0 1 1 0 1 0 1 0 0 0 0 1 1 1 0 1 1 1 0 0
SURVIVOR: 1 0 0 1 0 3 1 0 1 1 0 1 0 1 0 1 1 1 0 0 0 0 1 1 1 0 0
SURVIVOR: 1 0 0 1 0 3 1 0 1 1 1 1 0 1 1 1 0 0 1 0 1 0 1 0 0 0 0
SURVIVOR: 1 0 0 1 0 3 1 0 1 1 1 1 1 0 1 0 1 0 0 1 1 1 0 0 0 0 0
SURVIVOR: 1 0 0 1 0 3 1 0 1 1 1 1 1 1 0 0 0 1 1 1 0 0 0 1 0 0 0
SURVIVOR: 1 0 0 1 1 0 0 0 0 0 1 0 0 1 1 1 1 1 1 0 0 0 1 1 3 1 0
SURVIVOR: 1 0 0 1 1 0 0 0 0 0 1 1 1 1 1 0 1 0 3 0 1 0 1 0 1 1 0
SURVIVOR: 1 0 0 1 1 0 0 0 0 0 1 1 1 3 0 0 0 1 1 1 1 1 0 0 1 1 0
SURVIVOR: 1 0 0 1 1 0 0 0 0 0 3 1 0 1 0 1 0 1 1 1 0 1 1 1 1 0 0
SURVIVOR: 1 0 0 1 1 0 0 0 0 1 0 0 1 1 0 1 1 1 0 0 1 0 1 1 1 3 0
SURVIVOR: 1 0 0 1 1 0 0 0 0 1 0 1 0 3 1 0 1 0 1 1 1 1 0 0 1 1 0
SURVIVOR: 1 0 0 1 1 0 0 0 0 1 0 1 1 1 1 0 0 1 1 0 3 0 0 1 1 1 0
SURVIVOR: 1 0 0 1 1 0 0 0 0 1 1 1 0 0 1 1 0 1 1 0 1 0 1 3 1 0 0
SURVIVOR: 1 0 0 1 1 0 0 0 0 1 1 1 0 1 0 0 1 1 0 1 1 3 1 0 1 0 0
SURVIVOR: 1 0 0 1 1 0 0 0 0 1 1 1 0 1 0 0 1 1 1 1 0 3 0 1 0 1 0
SURVIVOR: 1 0 0 1 1 0 0 0 0 1 1 1 1 0 0 1 1 0 1 0 1 0 3 1 0 1 0
SURVIVOR: 1 0 0 1 1 0 0 0 0 1 3 0 0 0 1 0 1 1 1 1 0 1 1 1 1 0 0
SURVIVOR: 1 0 0 1 1 0 0 0 0 3 0 1 0 1 0 1 1 0 0 1 1 1 1 1 0 1 0
SURVIVOR: 1 0 0 1 1 0 0 0 0 3 1 0 1 0 0 0 1 1 0 1 1 1 1 1 0 1 0
SURVIVOR: 1 0 0 1 1 0 0 3 1 0 0 0 0 1 0 1 1 0 1 0 1 1 1 1 1 0 0
SURVIVOR: 1 0 0 1 1 0 0 3 1 0 0 0 1 0 0 1 0 1 1 1 0 1 1 1 0 1 0
SURVIVOR: 1 0 0 1 1 0 0 3 1 0 0 1 0 1 1 1 1 1 0 0 1 0 1 1 0 0 0
SURVIVOR: 1 0 0 1 1 0 0 3 1 0 1 0 1 1 0 1 1 1 1 0 0 1 0 1 0 0 0
SURVIVOR: 1 0 0 1 1 0 0 3 1 1 0 0 1 0 1 1 1 1 0 1 0 1 1 0 0 0 0
SURVIVOR: 1 0 0 1 1 0 0 3 1 1 0 1 0 0 0 1 0 0 1 1 1 0 1 0 1 1 0
SURVIVOR: 1 0 0 1 1 0 0 3 1 1 0 1 1 1 1 1 0 0 0 0 0 0 1 0 1 1 0
SURVIVOR: 1 0 0 1 1 0 0 3 1 1 1 1 0 1 0 1 1 0 1 0 1 0 0 0 1 0 0
SURVIVOR: 1 0 0 1 1 0 0 3 1 1 1 1 1 0 0 1 0 1 1 1 0 0 0 0 0 1 0
SURVIVOR: 1 0 0 1 1 0 1 1 1 0 0 0 0 0 1 1 0 1 1 0 1 0 1 3 1 0 0
SURVIVOR: 1 0 0 1 1 0 1 1 1 0 0 0 0 1 0 0 1 1 0 1 1 3 1 0 1 0 0
SURVIVOR: 1 0 0 1 1 0 1 1 1 0 0 0 0 1 0 0 1 1 1 1 0 3 0 1 0 1 0
SURVIVOR: 1 0 0 1 1 0 1 1 1 0 0 0 1 0 0 1 1 0 1 0 1 0 3 1 0 1 0
SURVIVOR: 1 0 0 1 1 0 1 1 1 0 0 1 0 1 1 1 3 0 1 0 0 1 1 0 0 0 0
SURVIVOR: 1 0 0 1 1 0 1 1 1 0 0 1 1 1 0 1 0 3 0 0 1 1 0 1 0 0 0
SURVIVOR: 1 0 0 1 1 0 1 1 1 0 1 0 0 1 1 0 0 0 1 0 0 0 1 1 3 1 0
SURVIVOR: 1 0 0 1 1 0 1 1 1 0 1 0 1 0 1 0 3 1 1 0 0 1 1 0 0 0 0
SURVIVOR: 1 0 0 1 1 0 1 1 1 0 1 0 1 1 0 3 0 1 0 1 0 0 1 1 0 0 0
SURVIVOR: 1 0 0 1 1 0 1 1 1 0 1 1 0 0 0 0 1 0 3 0 1 0 1 0 1 1 0
SURVIVOR: 1 0 0 1 1 0 1 1 1 0 1 1 1 3 0 0 0 1 0 0 0 1 0 0 1 1 0
SURVIVOR: 1 0 0 1 1 0 1 1 1 0 3 1 0 1 0 1 0 1 1 1 0 0 0 0 1 0 0
SURVIVOR: 1 0 0 1 1 0 1 1 1 1 0 0 0 1 1 3 1 0 0 1 0 0 1 1 0 0 0
SURVIVOR: 1 0 0 1 1 0 1 1 1 1 0 0 1 0 1 0 1 3 0 0 1 1 0 1 0 0 0
SURVIVOR: 1 0 0 1 1 0 1 1 1 1 0 0 1 1 0 0 0 0 0 0 1 0 1 1 1 3 0
SURVIVOR: 1 0 0 1 1 0 1 1 1 1 0 1 0 0 0 0 0 1 1 0 3 0 0 1 1 1 0
SURVIVOR: 1 0 0 1 1 0 1 1 1 1 0 1 0 3 1 0 1 0 0 0 0 1 0 0 1 1 0
SURVIVOR: 1 0 0 1 1 0 1 1 1 1 3 0 0 0 1 0 1 1 1 1 0 0 0 0 1 0 0
SURVIVOR: 1 0 0 1 1 0 1 1 1 3 0 1 0 1 0 1 1 0 0 1 1 0 0 0 0 1 0
SURVIVOR: 1 0 0 1 1 0 1 1 1 3 1 0 1 0 0 0 1 1 0 1 1 0 0 0 0 1 0
SURVIVOR: 1 0 0 1 1 0 1 3 0 0 0 0 0 0 1 1 1 0 0 1 1 1 1 1 1 0 0
SURVIVOR: 1 0 0 1 1 0 1 3 0 0 0 0 0 1 0 1 0 1 1 0 1 1 1 1 0 1 0
SURVIVOR: 1 0 0 1 1 0 1 3 0 0 0 1 1 1 0 1 1 1 1 0 0 0 1 1 0 0 0
SURVIVOR: 1 0 0 1 1 0 1 3 0 0 1 0 1 0 1 1 1 1 0 1 0 1 0 1 0 0 0
SURVIVOR: 1 0 0 1 1 0 1 3 0 0 1 1 0 0 0 1 0 0 1 1 1 0 0 1 1 1 0
SURVIVOR: 1 0 0 1 1 0 1 3 0 0 1 1 1 1 1 1 0 0 0 0 0 0 0 1 1 1 0
SURVIVOR: 1 0 0 1 1 0 1 3 0 1 0 0 0 1 1 1 1 1 0 0 1 1 1 0 0 0 0
SURVIVOR: 1 0 0 1 1 0 1 3 0 1 1 1 0 0 1 1 1 0 0 1 1 0 0 0 1 0 0
SURVIVOR: 1 0 0 1 1 0 1 3 0 1 1 1 0 1 0 1 0 1 1 0 1 0 0 0 0 1 0
SURVIVOR: 1 0 0 1 1 1 0 1 1 0 0 0 0 1 1 1 0 0 1 1 0 0 1 0 3 1 0
SURVIVOR: 1 0 0 1 1 1 0 1 1 0 0 0 1 1 0 0 0 1 1 1 0 1 0 0 1 3 0
SURVIVOR: 1 0 0 1 1 1 0 1 1 0 0 1 0 0 0 1 1 0 1 0 0 1 3 0 1 1 0
SURVIVOR: 1 0 0 1 1 1 0 1 1 0 0 1 0 3 1 0 1 1 0 0 1 0 0 0 1 1 0
SURVIVOR: 1 0 0 1 1 1 0 1 1 0 1 1 0 1 0 0 1 3 0 0 0 1 0 1 0 1 0
SURVIVOR: 1 0 0 1 1 1 0 1 1 0 1 1 1 0 0 0 0 0 3 1 0 1 1 0 0 1 0
SURVIVOR: 1 0 0 1 1 1 0 1 1 0 1 3 0 1 1 0 1 0 1 0 1 0 1 0 0 0 0
SURVIVOR: 1 0 0 1 1 1 0 1 1 0 3 1 0 1 1 0 0 1 1 1 0 0 0 1 0 0 0
SURVIVOR: 1 0 0 1 1 1 0 1 1 1 0 0 0 0 0 0 1 1 0 1 0 3 1 0 1 1 0
SURVIVOR: 1 0 0 1 1 1 0 1 1 1 0 0 1 3 0 1 1 0 0 0 1 0 0 0 1 1 0
SURVIVOR: 1 0 0 1 1 1 0 1 1 1 0 1 0 0 1 3 0 1 0 0 0 0 1 1 1 0 0
SURVIVOR: 1 0 0 1 1 1 0 1 1 1 0 1 0 1 0 0 0 0 0 1 3 0 1 1 0 1 0
SURVIVOR: 1 0 0 1 1 1 0 1 1 1 0 1 0 1 0 0 0 0 1 0 3 1 0 1 1 0 0
SURVIVOR: 1 0 0 1 1 1 0 1 1 1 0 1 1 0 0 1 0 3 0 0 0 1 0 1 0 1 0
SURVIVOR: 1 0 0 1 1 1 0 1 1 1 0 3 1 0 1 1 0 0 1 0 1 0 1 0 0 0 0
SURVIVOR: 1 0 0 1 1 1 0 1 1 1 1 0 0 0 1 0 0 0 1 3 0 1 1 0 1 0 0
SURVIVOR: 1 0 0 1 1 1 0 1 1 1 1 0 0 1 0 3 1 0 0 0 0 0 1 1 1 0 0
SURVIVOR: 1 0 0 1 1 1 0 1 1 1 3 0 1 1 0 1 0 0 1 1 0 0 0 1 0 0 0
SURVIVOR: 1 0 0 1 1 1 0 1 1 3 0 1 1 0 1 0 0 1 0 1 1 1 0 0 0 0 0
SURVIVOR: 1 0 0 1 1 1 0 1 1 3 1 0 1 1 0 0 1 0 0 1 1 1 0 0 0 0 0
SURVIVOR: 1 0 0 1 1 1 1 0 1 0 0 0 0 1 1 0 0 1 1 0 1 0 0 1 3 1 0
SURVIVOR: 1 0 0 1 1 1 1 0 1 0 0 0 1 1 0 0 1 0 1 0 1 0 1 0 1 3 0
SURVIVOR: 1 0 0 1 1 1 1 0 1 0 1 0 0 0 0 1 1 0 1 0 0 0 3 1 1 1 0
SURVIVOR: 1 0 0 1 1 1 1 0 1 0 1 0 1 3 0 1 0 1 0 1 0 0 0 0 1 1 0
SURVIVOR: 1 0 0 1 1 1 1 0 1 0 1 1 0 0 1 0 0 0 3 0 1 0 1 1 1 0 0
SURVIVOR: 1 0 0 1 1 1 1 0 1 0 1 1 0 1 0 1 0 3 0 0 0 1 0 1 1 0 0
SURVIVOR: 1 0 0 1 1 1 1 0 1 0 1 3 1 1 0 0 0 1 1 0 1 1 0 0 0 0 0
SURVIVOR: 1 0 0 1 1 1 1 0 1 0 3 1 1 1 0 1 0 0 1 1 0 0 1 0 0 0 0
SURVIVOR: 1 0 0 1 1 1 1 0 1 1 0 0 0 0 0 1 0 1 0 0 1 0 1 3 1 1 0
SURVIVOR: 1 0 0 1 1 1 1 0 1 1 0 0 0 3 1 1 1 0 0 1 0 0 0 0 1 1 0
SURVIVOR: 1 0 0 1 1 1 1 0 1 1 0 1 0 1 0 1 3 0 0 0 0 1 1 0 0 1 0
SURVIVOR: 1 0 0 1 1 1 1 0 1 1 0 1 1 0 0 0 0 0 1 0 3 0 1 1 0 1 0
SURVIVOR: 1 0 0 1 1 1 1 0 1 1 0 3 0 1 1 0 1 0 1 0 1 1 0 0 0 0 0
SURVIVOR: 1 0 0 1 1 1 1 0 1 1 1 0 0 0 1 0 1 3 0 0 0 1 0 1 1 0 0
SURVIVOR: 1 0 0 1 1 1 1 0 1 1 1 0 0 1 0 0 0 0 0 3 1 1 1 0 1 0 0
SURVIVOR: 1 0 0 1 1 1 1 0 1 1 1 0 0 1 0 0 0 0 1 3 0 1 0 1 0 1 0
SURVIVOR: 1 0 0 1 1 1 1 0 1 1 1 0 1 0 0 0 3 1 0 0 0 1 1 0 0 1 0
SURVIVOR: 1 0 0 1 1 1 1 0 1 1 3 0 1 0 1 0 1 0 1 1 0 0 1 0 0 0 0
SURVIVOR: 1 0 0 1 1 1 1 0 1 3 0 1 0 1 1 1 0 0 0 1 1 0 0 1 0 0 0
SURVIVOR: 1 0 0 1 1 1 1 0 1 3 1 0 1 0 1 0 0 1 0 1 1 0 0 1 0 0 0
SURVIVOR: 1 0 0 1 1 1 1 1 0 0 0 0 0 1 1 0 1 0 0 1 1 1 0 0 3 1 0
SURVIVOR: 1 0 0 1 1 1 1 1 0 0 0 0 1 1 0 1 0 0 0 1 1 0 0 1 1 3 0
SURVIVOR: 1 0 0 1 1 1 1 1 0 0 0 1 0 0 0 1 0 1 0 0 1 1 0 3 1 1 0
SURVIVOR: 1 0 0 1 1 1 1 1 0 0 0 1 1 3 0 0 1 1 1 0 0 0 0 0 1 1 0
SURVIVOR: 1 0 0 1 1 1 1 1 0 0 1 0 0 0 0 0 1 1 0 1 0 3 0 1 1 1 0
SURVIVOR: 1 0 0 1 1 1 1 1 0 0 1 0 0 3 1 1 0 1 1 0 0 0 0 0 1 1 0
SURVIVOR: 1 0 0 1 1 1 1 1 0 0 1 1 0 0 1 1 3 0 0 0 0 1 1 0 1 0 0
SURVIVOR: 1 0 0 1 1 1 1 1 0 0 1 1 0 1 0 0 0 0 3 0 1 1 1 0 0 1 0
SURVIVOR: 1 0 0 1 1 1 1 1 0 0 1 1 0 1 0 0 0 0 3 1 0 0 1 1 1 0 0
SURVIVOR: 1 0 0 1 1 1 1 1 0 0 1 1 1 0 0 3 1 0 0 0 0 0 1 1 0 1 0
SURVIVOR: 1 0 0 1 1 1 1 1 0 0 1 3 1 0 1 1 0 0 1 0 1 0 0 1 0 0 0
SURVIVOR: 1 0 0 1 1 1 1 1 0 0 3 1 1 0 1 0 1 0 1 1 0 1 0 0 0 0 0
SURVIVOR: 1 0 0 1 1 1 1 1 0 1 0 1 0 0 1 0 0 0 0 1 3 1 0 1 1 0 0
SURVIVOR: 1 0 0 1 1 1 1 1 0 1 0 1 0 1 0 0 3 1 0 0 0 1 1 0 1 0 0
SURVIVOR: 1 0 0 1 1 1 1 1 0 1 0 3 1 1 0 0 0 1 1 0 1 0 0 1 0 0 0
SURVIVOR: 1 0 0 1 1 1 1 1 0 1 1 0 0 1 0 3 0 1 0 0 0 0 1 1 0 1 0
SURVIVOR: 1 0 0 1 1 1 1 1 0 1 1 0 1 0 0 0 0 0 0 3 1 1 0 1 0 1 0
SURVIVOR: 1 0 0 1 1 1 1 1 0 1 3 0 0 1 1 0 0 1 1 1 0 1 0 0 0 0 0
SURVIVOR: 1 0 0 1 1 1 1 1 0 3 0 1 1 1 0 0 1 0 0 1 1 0 1 0 0 0 0
SURVIVOR: 1 0 0 1 1 1 1 1 0 3 1 0 0 1 1 1 0 0 0 1 1 0 1 0 0 0 0
SURVIVOR: 1 0 0 1 3 0 1 1 0 1 0 0 0 0 0 0 1 1 0 0 1 1 1 1 1 1 0
SURVIVOR: 1 0 0 1 3 0 1 1 0 1 0 0 1 1 1 0 1 1 0 0 1 0 0 0 1 1 0
SURVIVOR: 1 0 0 1 3 0 1 1 0 1 0 1 0 1 0 0 0 0 1 1 1 1 0 1 0 1 0
SURVIVOR: 1 0 0 1 3 0 1 1 0 1 0 1 0 1 0 1 1 1 0 0 0 1 0 1 0 1 0
SURVIVOR: 1 0 0 1 3 0 1 1 0 1 1 0 0 0 1 0 0 0 1 1 1 0 1 1 1 0 0
SURVIVOR: 1 0 0 1 3 0 1 1 0 1 1 0 0 0 1 1 1 1 0 0 0 0 1 1 1 0 0
SURVIVOR: 1 0 0 1 3 0 1 1 0 1 1 1 0 1 1 1 0 0 1 1 0 0 0 1 0 0 0
SURVIVOR: 1 0 0 1 3 0 1 1 0 1 1 1 1 0 1 0 1 0 1 0 1 0 1 0 0 0 0
SURVIVOR: 1 0 0 1 3 0 1 1 0 1 1 1 1 1 0 0 0 1 0 1 1 1 0 0 0 0 0
SURVIVOR: 1 0 0 3 0 1 0 1 1 0 1 0 0 0 0 1 1 0 0 1 0 1 1 1 1 1 0
SURVIVOR: 1 0 0 3 0 1 0 1 1 0 1 0 1 1 1 1 1 0 0 1 0 0 0 0 1 1 0
SURVIVOR: 1 0 0 3 0 1 0 1 1 0 1 1 0 0 1 0 0 0 1 1 1 1 0 1 1 0 0
SURVIVOR: 1 0 0 3 0 1 0 1 1 0 1 1 0 0 1 1 1 1 0 0 0 1 0 1 1 0 0
SURVIVOR: 1 0 0 3 0 1 0 1 1 1 1 0 0 1 0 0 0 0 1 1 1 1 1 0 0 1 0
SURVIVOR: 1 0 0 3 0 1 0 1 1 1 1 0 0 1 0 1 1 1 0 0 0 1 1 0 0 1 0
SURVIVOR: 1 0 0 3 0 1 0 1 1 1 1 1 0 1 1 0 0 1 1 0 1 1 0 0 0 0 0
SURVIVOR: 1 0 0 3 0 1 0 1 1 1 1 1 1 0 1 1 0 0 0 1 1 0 0 1 0 0 0
SURVIVOR: 1 0 0 3 0 1 0 1 1 1 1 1 1 1 0 0 1 0 1 1 0 0 1 0 0 0 0
SURVIVOR: 1 0 0 3 1 0 0 1 1 0 1 0 0 0 0 0 1 1 1 0 0 1 1 1 1 1 0
SURVIVOR: 1 0 0 3 1 0 0 1 1 0 1 0 1 1 1 0 1 1 1 0 0 0 0 0 1 1 0
SURVIVOR: 1 0 0 3 1 0 0 1 1 0 1 1 0 1 0 0 0 0 1 1 1 1 1 0 1 0 0
SURVIVOR: 1 0 0 3 1 0 0 1 1 0 1 1 0 1 0 1 1 1 0 0 0 1 1 0 1 0 0
SURVIVOR: 1 0 0 3 1 0 0 1 1 1 1 0 1 0 0 0 0 0 1 1 1 0 1 1 0 1 0
SURVIVOR: 1 0 0 3 1 0 0 1 1 1 1 0 1 0 0 1 1 1 0 0 0 0 1 1 0 1 0
SURVIVOR: 1 0 0 3 1 0 0 1 1 1 1 1 0 1 1 0 1 0 1 1 0 1 0 0 0 0 0
SURVIVOR: 1 0 0 3 1 0 0 1 1 1 1 1 1 0 1 0 0 1 1 0 1 0 0 1 0 0 0
SURVIVOR: 1 0 0 3 1 0 0 1 1 1 1 1 1 1 0 1 0 0 0 1 1 0 1 0 0 0 0
SURVIVOR: 1 0 1 0 0 0 0 0 1 0 0 1 1 0 1 1 1 1 3 0 1 0 1 0 1 1 0
SURVIVOR: 1 0 1 0 0 0 0 0 1 0 0 1 1 1 0 1 0 3 1 1 1 1 0 0 1 1 0
SURVIVOR: 1 0 1 0 0 0 0 0 1 0 1 1 1 1 1 0 1 0 1 0 1 0 3 1 0 1 0
SURVIVOR: 1 0 1 0 0 0 0 0 1 0 1 1 1 3 0 0 0 1 0 1 1 1 1 1 0 1 0
SURVIVOR: 1 0 1 0 0 0 0 0 1 1 0 0 1 0 1 0 1 3 1 1 1 1 0 0 1 1 0
SURVIVOR: 1 0 1 0 0 0 0 0 1 1 0 0 1 1 0 1 1 1 1 0 3 0 0 1 1 1 0
SURVIVOR: 1 0 1 0 0 0 0 0 1 1 0 1 0 1 3 1 0 0 1 1 0 1 1 1 1 0 0
SURVIVOR: 1 0 1 0 0 0 0 0 1 1 0 1 0 3 1 0 1 0 0 1 1 1 1 1 0 1 0
SURVIVOR: 1 0 1 0 0 0 0 0 1 1 0 1 1 1 1 0 0 1 0 1 1 3 1 0 1 0 0
SURVIVOR: 1 0 1 0 0 0 0 0 1 1 0 1 1 1 1 0 0 1 1 1 0 3 0 1 0 1 0
SURVIVOR: 1 0 1 0 0 0 0 0 1 1 1 0 1 0 3 0 0 1 1 1 0 1 1 1 1 0 0
SURVIVOR: 1 0 1 0 0 0 0 0 1 1 1 0 1 1 1 1 0 0 1 0 1 0 1 3 1 0 0
SURVIVOR: 1 0 1 0 0 0 0 0 1 1 1 1 0 0 1 1 0 1 1 0 0 0 1 1 3 1 0
SURVIVOR: 1 0 1 0 0 0 0 0 1 1 1 1 0 1 0 0 1 1 0 0 1 0 1 1 1 3 0
SURVIVOR: 1 0 1 0 0 0 0 1 0 0 0 1 1 0 1 3 0 1 1 1 1 0 0 1 1 1 0
SURVIVOR: 1 0 1 0 0 0 0 1 0 0 0 1 1 1 0 1 1 1 3 1 0 0 1 0 1 1 0
SURVIVOR: 1 0 1 0 0 0 0 1 0 0 1 0 1 0 1 1 1 1 1 3 0 1 0 0 1 1 0
SURVIVOR: 1 0 1 0 0 0 0 1 0 0 1 0 1 1 0 3 1 0 1 1 1 0 0 1 1 1 0
SURVIVOR: 1 0 1 0 0 0 0 1 0 0 1 1 0 1 3 0 1 0 0 1 1 1 1 1 1 0 0
SURVIVOR: 1 0 1 0 0 0 0 1 0 0 1 1 0 3 1 0 0 1 1 0 1 1 1 1 0 1 0
SURVIVOR: 1 0 1 0 0 0 0 1 0 0 1 1 1 1 1 1 0 0 0 1 1 0 1 3 0 1 0
SURVIVOR: 1 0 1 0 0 0 0 1 0 0 1 1 1 1 1 1 0 0 1 0 1 1 0 3 1 0 0
SURVIVOR: 1 0 1 0 0 0 0 1 0 1 0 1 1 0 3 1 0 0 0 1 1 1 1 1 1 0 0
SURVIVOR: 1 0 1 0 0 0 0 1 0 1 0 1 1 1 1 0 1 0 1 1 0 1 3 0 1 0 0
SURVIVOR: 1 0 1 0 0 0 0 1 0 1 1 0 1 1 1 0 0 1 1 1 0 3 1 0 0 1 0
SURVIVOR: 1 0 1 0 0 0 0 1 0 1 1 0 1 3 0 1 0 0 1 0 1 1 1 1 0 1 0
SURVIVOR: 1 0 1 0 0 0 0 1 0 1 1 1 0 0 1 1 1 0 0 1 0 1 1 0 3 1 0
SURVIVOR: 1 0 1 0 0 0 0 1 0 1 1 1 0 1 0 1 0 1 1 0 0 1 1 0 1 3 0
SURVIVOR: 1 0 1 0 0 0 1 0 0 0 1 0 1 0 1 1 3 0 1 1 1 0 1 0 1 1 0
SURVIVOR: 1 0 1 0 0 0 1 0 0 0 1 0 1 1 0 1 1 1 0 3 1 1 0 0 1 1 0
SURVIVOR: 1 0 1 0 0 0 1 0 0 0 1 1 1 0 3 0 1 0 1 0 1 1 1 1 1 0 0
SURVIVOR: 1 0 1 0 0 0 1 0 0 0 1 1 1 1 1 0 0 1 0 1 1 3 0 1 1 0 0
SURVIVOR: 1 0 1 0 0 0 1 0 0 1 0 0 1 0 1 1 1 1 0 1 3 0 0 1 1 1 0
SURVIVOR: 1 0 1 0 0 0 1 0 0 1 0 0 1 1 0 0 3 1 1 1 1 0 1 0 1 1 0
SURVIVOR: 1 0 1 0 0 0 1 0 0 1 0 1 1 1 1 1 0 0 0 1 1 1 0 3 0 1 0
SURVIVOR: 1 0 1 0 0 0 1 0 0 1 0 1 1 3 0 0 1 0 1 1 0 1 1 1 0 1 0
SURVIVOR: 1 0 1 0 0 0 1 0 0 1 1 0 0 1 3 0 0 1 1 0 1 1 1 1 1 0 0
SURVIVOR: 1 0 1 0 0 0 1 0 0 1 1 0 0 3 1 1 0 0 1 1 0 1 1 1 0 1 0
SURVIVOR: 1 0 1 0 0 0 1 0 0 1 1 0 1 1 1 0 1 0 1 0 1 1 3 0 0 1 0
SURVIVOR: 1 0 1 0 0 0 1 0 0 1 1 0 1 1 1 0 1 0 1 1 0 0 3 1 1 0 0
SURVIVOR: 1 0 1 0 0 0 1 0 0 1 1 1 0 0 1 0 1 1 0 0 1 1 0 1 3 1 0
SURVIVOR: 1 0 1 0 0 0 1 0 0 1 1 1 0 1 0 1 1 0 0 1 0 1 0 1 1 3 0
SURVIVOR: 1 0 1 0 0 1 0 0 0 0 0 1 1 0 3 1 1 0 1 1 1 1 1 0 1 0 0
SURVIVOR: 1 0 1 0 0 1 0 0 0 0 0 1 1 1 1 1 0 1 3 0 1 1 1 0 0 1 0
SURVIVOR: 1 0 1 0 0 1 0 0 0 0 0 1 1 1 1 1 0 1 3 1 0 0 1 1 1 0 0
SURVIVOR: 1 0 1 0 0 1 0 0 0 0 0 1 1 3 0 0 1 1 1 1 1 0 1 1 0 1 0
SURVIVOR: 1 0 1 0 0 1 0 0 0 0 1 0 0 3 1 1 0 1 1 1 1 0 1 1 0 1 0
SURVIVOR: 1 0 1 0 0 1 0 0 0 0 1 0 1 1 1 0 1 1 0 3 1 1 0 1 0 1 0
SURVIVOR: 1 0 1 0 0 1 0 0 0 0 1 1 0 1 0 1 1 1 0 1 1 0 0 1 1 3 0
SURVIVOR: 1 0 1 0 0 1 0 0 0 0 1 3 1 0 1 1 0 0 1 0 0 1 1 1 1 1 0
SURVIVOR: 1 0 1 0 0 1 0 0 0 1 0 0 0 1 3 1 0 1 1 1 1 1 1 0 1 0 0
SURVIVOR: 1 0 1 0 0 1 0 0 0 1 0 0 1 1 1 1 1 0 0 1 3 1 0 1 1 0 0
SURVIVOR: 1 0 1 0 0 1 0 0 0 1 0 1 0 0 1 1 1 1 0 1 1 1 0 0 3 1 0
SURVIVOR: 1 0 1 0 0 1 0 0 0 1 0 3 1 1 0 0 0 1 1 0 0 1 1 1 1 1 0
SURVIVOR: 1 0 1 0 0 1 0 0 0 1 1 1 1 0 1 0 0 1 0 1 0 3 0 1 1 1 0
SURVIVOR: 1 0 1 0 0 1 0 0 0 1 1 1 1 1 0 1 0 0 0 0 1 1 0 3 1 1 0
SURVIVOR: 1 0 1 0 0 1 1 1 1 0 0 0 1 0 1 0 0 1 0 1 0 3 0 1 1 1 0
SURVIVOR: 1 0 1 0 0 1 1 1 1 0 0 0 1 1 0 1 0 0 0 0 1 1 0 3 1 1 0
SURVIVOR: 1 0 1 0 0 1 1 1 1 0 0 1 0 0 0 1 0 1 3 0 1 1 1 0 0 1 0
SURVIVOR: 1 0 1 0 0 1 1 1 1 0 0 1 0 0 0 1 0 1 3 1 0 0 1 1 1 0 0
SURVIVOR: 1 0 1 0 0 1 1 1 1 0 0 1 1 0 3 1 1 0 0 0 0 1 1 0 1 0 0
SURVIVOR: 1 0 1 0 0 1 1 1 1 0 0 1 1 3 0 0 1 1 0 0 0 0 1 1 0 1 0
SURVIVOR: 1 0 1 0 0 1 1 1 1 0 1 0 0 0 0 0 1 1 0 3 1 1 0 1 0 1 0
SURVIVOR: 1 0 1 0 0 1 1 1 1 0 1 0 0 3 1 1 0 1 0 0 0 0 1 1 0 1 0
SURVIVOR: 1 0 1 0 0 1 1 1 1 0 1 1 0 0 1 1 3 0 0 1 1 0 1 0 0 0 0
SURVIVOR: 1 0 1 0 0 1 1 1 1 0 1 1 0 1 0 0 0 0 0 1 1 0 0 1 1 3 0
SURVIVOR: 1 0 1 0 0 1 1 1 1 0 1 1 1 0 0 3 1 0 1 0 1 0 0 1 0 0 0
SURVIVOR: 1 0 1 0 0 1 1 1 1 0 1 3 1 0 1 1 0 0 1 0 0 0 0 0 1 1 0
SURVIVOR: 1 0 1 0 0 1 1 1 1 1 0 0 0 0 0 1 1 0 0 1 3 1 0 1 1 0 0
SURVIVOR: 1 0 1 0 0 1 1 1 1 1 0 0 0 1 3 1 0 1 0 0 0 1 1 0 1 0 0
SURVIVOR: 1 0 1 0 0 1 1 1 1 1 0 1 0 0 1 0 0 0 0 1 1 1 0 0 3 1 0
SURVIVOR: 1 0 1 0 0 1 1 1 1 1 0 1 0 1 0 0 3 1 0 1 1 0 1 0 0 0 0
SURVIVOR: 1 0 1 0 0 1 1 1 1 1 0 1 1 0 0 0 1 3 1 1 0 1 0 0 0 0 0
SURVIVOR: 1 0 1 0 0 1 1 1 1 1 0 3 1 1 0 0 0 1 1 0 0 0 0 0 1 1 0
SURVIVOR: 1 0 1 0 0 1 1 1 1 1 1 0 0 0 1 1 0 3 1 1 0 1 0 0 0 0 0
SURVIVOR: 1 0 1 0 0 1 1 1 1 1 1 0 0 1 0 3 0 1 1 0 1 0 0 1 0 0 0
SURVIVOR: 1 0 1 0 0 1 3 0 1 0 0 0 1 0 1 0 1 0 0 0 1 1 1 1 1 1 0
SURVIVOR: 1 0 1 0 0 1 3 0 1 0 0 1 0 0 0 1 1 0 1 1 1 1 0 1 0 1 0
SURVIVOR: 1 0 1 0 0 1 3 0 1 0 0 1 1 1 1 1 1 0 0 0 0 1 0 1 0 1 0
SURVIVOR: 1 0 1 0 0 1 3 0 1 0 1 1 1 0 0 1 1 1 0 1 1 1 0 0 0 0 0
SURVIVOR: 1 0 1 0 0 1 3 0 1 1 0 0 0 0 0 0 1 1 1 1 1 0 1 1 1 0 0
SURVIVOR: 1 0 1 0 0 1 3 0 1 1 0 0 1 1 1 0 1 1 0 0 0 0 1 1 1 0 0
SURVIVOR: 1 0 1 0 0 1 3 0 1 1 0 1 0 1 0 1 1 1 1 1 0 0 0 1 0 0 0
SURVIVOR: 1 0 1 0 0 1 3 0 1 1 1 0 0 0 1 1 1 1 1 0 1 0 1 0 0 0 0
SURVIVOR: 1 0 1 0 0 1 3 0 1 1 1 1 1 0 1 0 1 0 0 0 1 0 0 0 1 1 0
SURVIVOR: 1 0 1 0 0 1 3 1 0 0 0 0 1 1 0 0 1 0 0 1 0 1 1 1 1 1 0
SURVIVOR: 1 0 1 0 0 1 3 1 0 0 0 1 0 0 0 0 1 1 1 1 1 1 0 1 1 0 0
SURVIVOR: 1 0 1 0 0 1 3 1 0 0 0 1 1 1 1 0 1 1 0 0 0 1 0 1 1 0 0
SURVIVOR: 1 0 1 0 0 1 3 1 0 0 1 0 0 0 0 1 1 0 1 1 1 1 1 0 0 1 0
SURVIVOR: 1 0 1 0 0 1 3 1 0 0 1 0 1 1 1 1 1 0 0 0 0 1 1 0 0 1 0
SURVIVOR: 1 0 1 0 0 1 3 1 0 0 1 1 0 0 1 1 1 1 1 0 1 1 0 0 0 0 0
SURVIVOR: 1 0 1 0 0 1 3 1 0 1 0 1 1 0 0 1 1 1 0 1 1 0 0 1 0 0 0
SURVIVOR: 1 0 1 0 0 1 3 1 0 1 1 0 0 1 0 1 1 1 1 1 0 0 1 0 0 0 0
SURVIVOR: 1 0 1 0 0 1 3 1 0 1 1 1 1 1 0 0 1 0 0 1 0 0 0 0 1 1 0
SURVIVOR: 1 0 1 0 1 0 0 0 0 0 0 1 0 3 1 0 1 1 1 1 1 1 0 1 0 1 0
SURVIVOR: 1 0 1 0 1 0 0 0 0 0 0 1 1 1 1 1 1 0 3 1 0 1 1 0 0 1 0
SURVIVOR: 1 0 1 0 1 0 0 0 0 0 1 0 0 1 3 0 1 1 1 1 1 0 1 1 1 0 0
SURVIVOR: 1 0 1 0 1 0 0 0 0 0 1 0 1 1 1 1 0 1 1 3 0 1 1 0 1 0 0
SURVIVOR: 1 0 1 0 1 0 0 0 0 1 0 0 1 0 3 1 0 1 1 1 1 0 1 1 1 0 0
SURVIVOR: 1 0 1 0 1 0 0 0 0 1 0 0 1 1 1 0 1 1 0 1 3 0 1 1 0 1 0
SURVIVOR: 1 0 1 0 1 0 0 0 0 1 0 0 1 1 1 0 1 1 1 0 3 1 0 1 1 0 0
SURVIVOR: 1 0 1 0 1 0 0 0 0 1 0 0 1 3 0 1 1 0 1 1 1 1 0 1 0 1 0
SURVIVOR: 1 0 1 0 1 0 0 0 0 1 0 1 0 1 0 1 1 1 1 1 0 1 0 0 1 3 0
SURVIVOR: 1 0 1 0 1 0 0 0 0 1 1 0 0 0 1 1 1 1 1 1 0 0 1 0 3 1 0
SURVIVOR: 1 0 1 0 1 0 0 0 0 1 1 1 1 0 1 0 1 0 1 0 0 1 3 0 1 1 0
SURVIVOR: 1 0 1 0 1 0 0 0 0 1 1 1 1 1 0 0 0 1 0 1 0 3 1 0 1 1 0
SURVIVOR: 1 0 1 0 1 0 0 0 0 3 0 1 1 0 1 0 0 1 0 0 1 1 1 1 1 1 0
SURVIVOR: 1 0 1 0 1 0 0 0 0 3 1 0 1 1 0 0 1 0 0 0 1 1 1 1 1 1 0
SURVIVOR: 1 0 1 0 1 0 0 3 1 0 0 0 1 1 0 1 0 0 1 0 0 1 1 1 1 1 0
SURVIVOR: 1 0 1 0 1 0 0 3 1 0 0 1 0 0 0 1 0 1 1 1 1 0 1 1 0 1 0
SURVIVOR: 1 0 1 0 1 0 0 3 1 0 0 1 1 1 1 1 0 1 0 0 0 0 1 1 0 1 0
SURVIVOR: 1 0 1 0 1 0 0 3 1 0 1 1 0 1 0 1 1 1 1 0 1 0 0 1 0 0 0
SURVIVOR: 1 0 1 0 1 0 0 3 1 1 0 0 0 0 0 1 1 0 1 1 1 1 1 0 1 0 0
SURVIVOR: 1 0 1 0 1 0 0 3 1 1 0 0 1 1 1 1 1 0 0 0 0 1 1 0 1 0 0
SURVIVOR: 1 0 1 0 1 0 0 3 1 1 0 1 0 0 1 1 1 1 0 1 1 0 1 0 0 0 0
SURVIVOR: 1 0 1 0 1 0 0 3 1 1 1 0 1 0 0 1 1 1 1 1 0 1 0 0 0 0 0
SURVIVOR: 1 0 1 0 1 0 0 3 1 1 1 1 1 1 0 1 0 0 1 0 0 0 0 0 1 1 0
SURVIVOR: 1 0 1 0 1 0 1 1 1 0 0 0 1 0 1 0 1 0 1 0 0 1 3 0 1 1 0
SURVIVOR: 1 0 1 0 1 0 1 1 1 0 0 0 1 1 0 0 0 1 0 1 0 3 1 0 1 1 0
SURVIVOR: 1 0 1 0 1 0 1 1 1 0 0 1 0 0 0 1 1 0 3 1 0 1 1 0 0 1 0
SURVIVOR: 1 0 1 0 1 0 1 1 1 0 0 1 0 3 1 0 1 1 0 0 0 1 0 1 0 1 0
SURVIVOR: 1 0 1 0 1 0 1 1 1 0 1 0 0 0 0 1 0 1 1 3 0 1 1 0 1 0 0
SURVIVOR: 1 0 1 0 1 0 1 1 1 0 1 0 0 1 3 0 1 1 0 0 0 0 1 1 1 0 0
SURVIVOR: 1 0 1 0 1 0 1 1 1 0 1 1 0 0 1 0 3 1 1 0 1 0 1 0 0 0 0
SURVIVOR: 1 0 1 0 1 0 1 1 1 0 1 1 0 1 0 0 1 3 0 1 1 1 0 0 0 0 0
SURVIVOR: 1 0 1 0 1 0 1 1 1 1 0 0 0 0 0 0 1 1 0 1 3 0 1 1 0 1 0
SURVIVOR: 1 0 1 0 1 0 1 1 1 1 0 0 0 0 0 0 1 1 1 0 3 1 0 1 1 0 0
SURVIVOR: 1 0 1 0 1 0 1 1 1 1 0 0 1 0 3 1 0 1 0 0 0 0 1 1 1 0 0
SURVIVOR: 1 0 1 0 1 0 1 1 1 1 0 0 1 3 0 1 1 0 0 0 0 1 0 1 0 1 0
SURVIVOR: 1 0 1 0 1 0 1 1 1 1 0 1 0 0 1 3 0 1 1 1 0 0 0 1 0 0 0
SURVIVOR: 1 0 1 0 1 0 1 1 1 1 0 1 0 1 0 0 0 0 1 1 0 1 0 0 1 3 0
SURVIVOR: 1 0 1 0 1 0 1 1 1 1 0 1 1 0 0 1 0 3 0 1 1 1 0 0 0 0 0
SURVIVOR: 1 0 1 0 1 0 1 1 1 1 1 0 0 0 1 0 0 0 1 1 0 0 1 0 3 1 0
SURVIVOR: 1 0 1 0 1 0 1 1 1 1 1 0 0 1 0 3 1 0 1 1 0 0 0 1 0 0 0
SURVIVOR: 1 0 1 0 1 0 1 1 1 1 1 0 1 0 0 1 3 0 1 0 1 0 1 0 0 0 0
SURVIVOR: 1 0 1 0 1 0 1 1 1 3 0 1 1 0 1 0 0 1 0 0 1 0 0 0 1 1 0
SURVIVOR: 1 0 1 0 1 0 1 1 1 3 1 0 1 1 0 0 1 0 0 0 1 0 0 0 1 1 0
SURVIVOR: 1 0 1 0 1 0 1 3 0 0 0 0 1 0 1 1 0 0 0 1 0 1 1 1 1 1 0
SURVIVOR: 1 0 1 0 1 0 1 3 0 0 1 0 0 0 0 1 1 0 1 1 1 1 0 1 1 0 0
SURVIVOR: 1 0 1 0 1 0 1 3 0 0 1 0 1 1 1 1 1 0 0 0 0 1 0 1 1 0 0
SURVIVOR: 1 0 1 0 1 0 1 3 0 0 1 1 0 0 1 1 1 1 0 1 1 0 0 1 0 0 0
SURVIVOR: 1 0 1 0 1 0 1 3 0 1 0 0 0 0 0 1 0 1 1 1 1 1 1 0 0 1 0
SURVIVOR: 1 0 1 0 1 0 1 3 0 1 0 0 1 1 1 1 0 1 0 0 0 1 1 0 0 1 0
SURVIVOR: 1 0 1 0 1 0 1 3 0 1 0 1 1 0 0 1 1 1 1 1 0 0 1 0 0 0 0
SURVIVOR: 1 0 1 0 1 0 1 3 0 1 1 0 0 1 0 1 1 1 1 0 1 1 0 0 0 0 0
SURVIVOR: 1 0 1 0 1 0 1 3 0 1 1 1 1 0 1 1 0 0 0 1 0 0 0 0 1 1 0
SURVIVOR: 1 0 1 0 1 1 0 1 1 0 0 0 0 1 3 1 1 1 0 1 0 0 1 0 1 0 0
SURVIVOR: 1 0 1 0 1 1 0 1 1 0 0 0 1 1 1 0 1 3 0 1 0 1 0 0 0 1 0
SURVIVOR: 1 0 1 0 1 1 0 1 1 0 0 0 1 1 1 3 0 1 1 0 0 0 0 1 1 0 0
SURVIVOR: 1 0 1 0 1 1 0 1 1 0 0 0 1 3 0 1 1 1 0 0 1 0 0 1 0 1 0
SURVIVOR: 1 0 1 0 1 1 0 1 1 0 0 1 0 0 1 0 1 0 1 1 1 1 3 0 0 0 0
SURVIVOR: 1 0 1 0 1 1 0 1 1 0 0 1 0 1 0 0 0 1 0 0 0 1 1 1 1 3 0
SURVIVOR: 1 0 1 0 1 1 0 1 1 0 0 1 0 1 0 0 0 1 1 1 1 0 0 0 1 3 0
SURVIVOR: 1 0 1 0 1 1 0 1 1 0 0 1 1 0 0 1 0 0 3 0 1 1 1 1 0 0 0
SURVIVOR: 1 0 1 0 1 1 0 1 1 0 1 0 0 0 1 0 0 1 1 3 0 1 1 1 0 0 0
SURVIVOR: 1 0 1 0 1 1 0 1 1 0 1 0 0 1 0 1 0 0 1 1 1 0 1 3 0 0 0
SURVIVOR: 1 0 1 0 1 1 0 1 1 0 1 3 0 0 0 1 1 1 1 0 0 0 1 0 0 1 0
SURVIVOR: 1 0 1 0 1 1 0 1 1 0 1 3 1 1 1 0 0 0 1 0 0 0 1 0 0 1 0
SURVIVOR: 1 0 1 0 1 1 0 1 1 1 0 0 0 1 0 0 1 0 0 1 3 1 1 1 0 0 0
SURVIVOR: 1 0 1 0 1 1 0 1 1 1 0 0 1 0 0 0 0 1 1 1 1 3 0 1 0 0 0
SURVIVOR: 1 0 1 0 1 1 0 1 1 1 1 1 0 0 0 0 1 3 0 1 0 1 0 0 0 1 0
SURVIVOR: 1 0 1 0 1 1 0 1 1 1 1 1 0 0 0 3 0 1 1 0 0 0 0 1 1 0 0
SURVIVOR: 1 0 1 0 1 1 0 1 1 1 1 1 0 1 3 0 0 0 0 1 0 0 1 0 1 0 0
SURVIVOR: 1 0 1 0 1 1 0 1 1 1 1 1 1 3 0 0 0 0 0 0 1 0 0 1 0 1 0
SURVIVOR: 1 0 1 0 1 1 0 1 1 3 0 1 0 0 0 1 1 1 0 0 1 1 0 0 1 0 0
SURVIVOR: 1 0 1 0 1 1 0 1 1 3 0 1 1 1 1 0 0 0 0 0 1 1 0 0 1 0 0
SURVIVOR: 1 0 1 0 1 1 1 0 1 0 0 0 0 3 1 1 1 1 0 1 0 0 0 1 0 1 0
SURVIVOR: 1 0 1 0 1 1 1 0 1 0 0 0 1 0 3 1 1 1 1 0 0 0 1 0 1 0 0
SURVIVOR: 1 0 1 0 1 1 1 0 1 0 0 0 1 1 1 0 3 1 0 0 1 0 1 0 0 1 0
SURVIVOR: 1 0 1 0 1 1 1 0 1 0 0 0 1 1 1 1 0 3 0 1 0 1 0 0 1 0 0
SURVIVOR: 1 0 1 0 1 1 1 0 1 0 0 1 0 0 1 1 0 0 3 1 0 1 1 1 0 0 0
SURVIVOR: 1 0 1 0 1 1 1 0 1 0 0 1 1 0 0 0 0 1 1 1 1 3 1 0 0 0 0
SURVIVOR: 1 0 1 0 1 1 1 0 1 0 1 0 0 0 1 0 1 0 1 1 1 0 3 1 0 0 0
SURVIVOR: 1 0 1 0 1 1 1 0 1 0 1 0 0 1 0 0 0 1 0 3 1 1 1 1 0 0 0
SURVIVOR: 1 0 1 0 1 1 1 0 1 1 0 0 0 0 1 0 0 1 0 0 0 1 1 1 3 1 0
SURVIVOR: 1 0 1 0 1 1 1 0 1 1 0 0 0 0 1 0 0 1 1 1 1 0 0 0 3 1 0
SURVIVOR: 1 0 1 0 1 1 1 0 1 1 0 0 0 1 0 1 0 0 1 1 1 1 0 3 0 0 0
SURVIVOR: 1 0 1 0 1 1 1 0 1 1 0 0 1 0 0 0 1 0 1 0 3 1 1 1 0 0 0
SURVIVOR: 1 0 1 0 1 1 1 0 1 1 0 3 0 0 0 1 1 1 1 0 0 1 0 0 0 1 0
SURVIVOR: 1 0 1 0 1 1 1 0 1 1 0 3 1 1 1 0 0 0 1 0 0 1 0 0 0 1 0
SURVIVOR: 1 0 1 0 1 1 1 0 1 1 1 1 0 0 0 0 3 1 0 0 1 0 1 0 0 1 0
SURVIVOR: 1 0 1 0 1 1 1 0 1 1 1 1 0 0 0 1 0 3 0 1 0 1 0 0 1 0 0
SURVIVOR: 1 0 1 0 1 1 1 0 1 1 1 1 0 3 1 0 0 0 0 1 0 0 0 1 0 1 0
SURVIVOR: 1 0 1 0 1 1 1 0 1 1 1 1 1 0 3 0 0 0 1 0 0 0 1 0 1 0 0
SURVIVOR: 1 0 1 0 1 1 1 0 1 3 1 0 0 0 0 1 1 1 0 0 1 0 0 1 1 0 0
SURVIVOR: 1 0 1 0 1 1 1 0 1 3 1 0 1 1 1 0 0 0 0 0 1 0 0 1 1 0 0
SURVIVOR: 1 0 1 0 1 3 1 0 0 0 0 1 1 0 1 0 0 0 1 1 1 1 0 0 1 1 0
SURVIVOR: 1 0 1 0 1 3 1 0 0 0 0 1 1 0 1 1 1 1 0 0 0 1 0 0 1 1 0
SURVIVOR: 1 0 1 0 1 3 1 0 0 0 1 1 0 0 0 0 1 0 0 1 1 1 1 1 0 1 0
SURVIVOR: 1 0 1 0 1 3 1 0 0 0 1 1 1 1 1 0 1 0 0 1 1 0 0 0 0 1 0
SURVIVOR: 1 0 1 0 1 3 1 0 0 1 0 1 0 0 0 0 0 1 1 1 0 1 1 1 1 0 0
SURVIVOR: 1 0 1 0 1 3 1 0 0 1 0 1 1 1 1 0 0 1 1 1 0 0 0 0 1 0 0
SURVIVOR: 1 0 1 0 1 3 1 0 0 1 1 1 0 0 1 1 0 1 1 0 0 1 1 0 0 0 0
SURVIVOR: 1 0 1 0 1 3 1 0 0 1 1 1 0 1 0 0 1 1 0 1 0 0 1 1 0 0 0
SURVIVOR: 1 0 1 0 1 3 1 0 0 1 1 1 1 0 0 1 1 0 0 0 1 1 0 1 0 0 0
SURVIVOR: 1 0 1 0 3 1 0 1 0 1 0 0 1 1 0 0 0 0 1 1 1 1 0 0 1 1 0
SURVIVOR: 1 0 1 0 3 1 0 1 0 1 0 0 1 1 0 1 1 1 0 0 0 1 0 0 1 1 0
SURVIVOR: 1 0 1 0 3 1 0 1 0 1 0 1 0 0 0 0 0 1 0 1 1 1 1 1 0 1 0
SURVIVOR: 1 0 1 0 3 1 0 1 0 1 0 1 1 1 1 0 0 1 0 1 1 0 0 0 0 1 0
SURVIVOR: 1 0 1 0 3 1 0 1 0 1 1 0 0 0 0 1 0 0 1 1 0 1 1 1 1 0 0
SURVIVOR: 1 0 1 0 3 1 0 1 0 1 1 0 1 1 1 1 0 0 1 1 0 0 0 0 1 0 0
SURVIVOR: 1 0 1 0 3 1 0 1 0 1 1 1 0 0 1 1 0 1 0 1 0 0 1 1 0 0 0
SURVIVOR: 1 0 1 0 3 1 0 1 0 1 1 1 0 1 0 0 1 1 0 0 1 1 0 1 0 0 0
SURVIVOR: 1 0 1 0 3 1 0 1 0 1 1 1 1 0 0 1 1 0 1 0 0 1 1 0 0 0 0
SURVIVOR: 1 0 1 1 0 0 0 0 0 0 0 1 0 1 3 1 1 0 1 1 1 1 0 1 1 0 0
SURVIVOR: 1 0 1 1 0 0 0 0 0 0 0 1 1 1 1 0 1 1 3 0 1 0 1 1 1 0 0
SURVIVOR: 1 0 1 1 0 0 0 0 0 0 1 0 1 0 3 0 1 1 1 1 1 1 0 1 1 0 0
SURVIVOR: 1 0 1 1 0 0 0 0 0 0 1 0 1 1 1 1 1 0 0 3 1 1 1 0 1 0 0
SURVIVOR: 1 0 1 1 0 0 0 0 0 0 1 0 1 1 1 1 1 0 1 3 0 1 0 1 0 1 0
SURVIVOR: 1 0 1 1 0 0 0 0 0 0 1 0 1 3 0 1 0 1 1 1 1 1 1 0 0 1 0
SURVIVOR: 1 0 1 1 0 0 0 0 0 0 1 1 0 0 1 1 1 1 1 0 1 0 0 1 3 1 0
SURVIVOR: 1 0 1 1 0 0 0 0 0 0 3 1 1 1 0 1 0 0 0 1 0 1 1 1 1 1 0
SURVIVOR: 1 0 1 1 0 0 0 0 0 1 0 0 0 3 1 1 1 0 1 1 1 1 1 0 0 1 0
SURVIVOR: 1 0 1 1 0 0 0 0 0 1 0 0 1 1 1 1 0 1 1 0 3 0 1 1 0 1 0
SURVIVOR: 1 0 1 1 0 0 0 0 0 1 1 0 0 1 0 1 1 1 1 0 1 0 1 0 1 3 0
SURVIVOR: 1 0 1 1 0 0 0 0 0 1 1 1 1 0 1 1 0 0 0 0 1 0 1 3 1 1 0
SURVIVOR: 1 0 1 1 0 0 0 0 0 1 1 1 1 1 0 0 1 0 1 0 0 0 3 1 1 1 0
SURVIVOR: 1 0 1 1 0 0 0 0 0 1 3 0 1 0 1 0 1 0 0 1 0 1 1 1 1 1 0
SURVIVOR: 1 0 1 1 0 0 0 1 3 0 0 0 1 0 1 0 0 1 1 0 0 1 1 1 1 1 0
SURVIVOR: 1 0 1 1 0 0 0 1 3 0 0 1 0 0 0 1 0 1 1 1 1 1 1 0 1 0 0
SURVIVOR: 1 0 1 1 0 0 0 1 3 0 0 1 1 1 1 1 0 1 0 0 0 1 1 0 1 0 0
SURVIVOR: 1 0 1 1 0 0 0 1 3 0 1 0 0 0 0 0 1 1 1 1 1 0 1 1 0 1 0
SURVIVOR: 1 0 1 1 0 0 0 1 3 0 1 0 1 1 1 0 1 1 0 0 0 0 1 1 0 1 0
SURVIVOR: 1 0 1 1 0 0 0 1 3 0 1 1 0 1 0 1 1 1 0 1 1 0 1 0 0 0 0
SURVIVOR: 1 0 1 1 0 0 0 1 3 1 0 1 0 0 1 1 1 1 1 1 0 1 0 0 0 0 0
SURVIVOR: 1 0 1 1 0 0 0 1 3 1 1 0 1 0 0 1 1 1 1 0 1 0 0 1 0 0 0
SURVIVOR: 1 0 1 1 0 0 0 1 3 1 1 1 1 0 1 0 0 1 1 0 0 0 0 0 1 1 0
SURVIVOR: 1 0 1 1 0 0 1 0 3 0 0 0 1 1 0 0 0 1 0 0 1 1 1 1 1 1 0
SURVIVOR: 1 0 1 1 0 0 1 0 3 0 1 0 0 0 0 1 0 1 1 1 1 0 1 1 1 0 0
SURVIVOR: 1 0 1 1 0 0 1 0 3 0 1 0 1 1 1 1 0 1 0 0 0 0 1 1 1 0 0
SURVIVOR: 1 0 1 1 0 0 1 0 3 0 1 1 1 0 0 1 1 1 1 0 1 0 1 0 0 0 0
SURVIVOR: 1 0 1 1 0 0 1 0 3 1 0 0 0 0 0 0 1 1 1 1 1 1 0 1 0 1 0
SURVIVOR: 1 0 1 1 0 0 1 0 3 1 0 0 1 1 1 0 1 1 0 0 0 1 0 1 0 1 0
SURVIVOR: 1 0 1 1 0 0 1 0 3 1 0 1 0 1 0 1 1 1 0 1 1 1 0 0 0 0 0
SURVIVOR: 1 0 1 1 0 0 1 0 3 1 1 0 0 0 1 1 1 1 1 1 0 0 0 1 0 0 0
SURVIVOR: 1 0 1 1 0 0 1 0 3 1 1 1 1 1 0 0 0 1 0 0 1 0 0 0 1 1 0
SURVIVOR: 1 0 1 1 0 0 1 1 1 0 0 0 1 0 1 1 0 0 0 0 1 0 1 3 1 1 0
SURVIVOR: 1 0 1 1 0 0 1 1 1 0 0 0 1 1 0 0 1 0 1 0 0 0 3 1 1 1 0
SURVIVOR: 1 0 1 1 0 0 1 1 1 0 0 1 0 0 0 0 1 1 3 0 1 0 1 1 1 0 0
SURVIVOR: 1 0 1 1 0 0 1 1 1 0 0 1 0 1 3 1 1 0 0 0 0 1 0 1 1 0 0
SURVIVOR: 1 0 1 1 0 0 1 1 1 0 1 0 0 0 0 1 1 0 0 3 1 1 1 0 1 0 0
SURVIVOR: 1 0 1 1 0 0 1 1 1 0 1 0 0 0 0 1 1 0 1 3 0 1 0 1 0 1 0
SURVIVOR: 1 0 1 1 0 0 1 1 1 0 1 0 1 0 3 0 1 1 0 0 0 1 0 1 1 0 0
SURVIVOR: 1 0 1 1 0 0 1 1 1 0 1 0 1 3 0 1 0 1 0 0 0 1 1 0 0 1 0
SURVIVOR: 1 0 1 1 0 0 1 1 1 0 1 1 0 0 1 0 0 0 1 0 1 0 0 1 3 1 0
SURVIVOR: 1 0 1 1 0 0 1 1 1 0 1 1 0 1 0 1 0 3 1 0 1 1 0 0 0 0 0
SURVIVOR: 1 0 1 1 0 0 1 1 1 0 1 1 1 0 0 3 0 1 0 1 1 0 0 1 0 0 0
SURVIVOR: 1 0 1 1 0 0 1 1 1 0 3 1 1 1 0 1 0 0 0 1 0 0 0 0 1 1 0
SURVIVOR: 1 0 1 1 0 0 1 1 1 1 0 0 0 0 0 1 0 1 1 0 3 0 1 1 0 1 0
SURVIVOR: 1 0 1 1 0 0 1 1 1 1 0 0 0 3 1 1 1 0 0 0 0 1 1 0 0 1 0
SURVIVOR: 1 0 1 1 0 0 1 1 1 1 0 1 0 0 1 3 1 0 0 1 1 0 0 1 0 0 0
SURVIVOR: 1 0 1 1 0 0 1 1 1 1 0 1 0 1 0 1 3 0 1 1 0 0 1 0 0 0 0
SURVIVOR: 1 0 1 1 0 0 1 1 1 1 1 0 0 0 1 0 1 3 1 0 1 1 0 0 0 0 0
SURVIVOR: 1 0 1 1 0 0 1 1 1 1 1 0 0 1 0 0 0 0 1 0 1 0 1 0 1 3 0
SURVIVOR: 1 0 1 1 0 0 1 1 1 1 1 0 1 0 0 0 3 1 1 1 0 0 1 0 0 0 0
SURVIVOR: 1 0 1 1 0 0 1 1 1 1 3 0 1 0 1 0 1 0 0 1 0 0 0 0 1 1 0
SURVIVOR: 1 0 1 1 0 1 0 1 1 0 0 0 0 3 1 1 1 1 0 0 1 0 1 0 0 1 0
SURVIVOR: 1 0 1 1 0 1 0 1 1 0 0 0 1 0 3 1 1 1 0 1 0 1 0 0 1 0 0
SURVIVOR: 1 0 1 1 0 1 0 1 1 0 0 0 1 1 1 1 0 3 1 0 0 1 0 0 0 1 0
SURVIVOR: 1 0 1 1 0 1 0 1 1 0 0 0 1 1 1 3 1 0 0 0 1 0 0 1 1 0 0
SURVIVOR: 1 0 1 1 0 1 0 1 1 0 0 1 0 0 1 1 0 0 0 0 0 1 1 1 3 1 0
SURVIVOR: 1 0 1 1 0 1 0 1 1 0 0 1 0 0 1 1 0 0 1 1 1 0 0 0 3 1 0
SURVIVOR: 1 0 1 1 0 1 0 1 1 0 0 1 0 1 0 0 1 0 1 1 1 0 3 1 0 0 0
SURVIVOR: 1 0 1 1 0 1 0 1 1 0 0 1 1 0 0 0 0 1 3 1 0 1 1 1 0 0 0
SURVIVOR: 1 0 1 1 0 1 0 1 1 0 1 0 0 0 1 0 1 0 0 3 1 1 1 1 0 0 0
SURVIVOR: 1 0 1 1 0 1 0 1 1 0 1 0 1 0 0 1 0 0 1 1 1 1 0 3 0 0 0
SURVIVOR: 1 0 1 1 0 1 0 1 1 0 3 1 0 0 0 1 1 1 0 1 0 0 0 1 0 1 0
SURVIVOR: 1 0 1 1 0 1 0 1 1 0 3 1 1 1 1 0 0 0 0 1 0 0 0 1 0 1 0
SURVIVOR: 1 0 1 1 0 1 0 1 1 1 0 0 0 0 1 0 0 1 1 1 1 3 1 0 0 0 0
SURVIVOR: 1 0 1 1 0 1 0 1 1 1 0 0 0 1 0 1 0 0 1 0 3 1 1 1 0 0 0
SURVIVOR: 1 0 1 1 0 1 0 1 1 1 0 3 0 0 0 1 1 1 1 0 0 0 1 0 1 0 0
SURVIVOR: 1 0 1 1 0 1 0 1 1 1 0 3 1 1 1 0 0 0 1 0 0 0 1 0 1 0 0
SURVIVOR: 1 0 1 1 0 1 0 1 1 1 1 1 0 0 0 1 0 3 1 0 0 1 0 0 0 1 0
SURVIVOR: 1 0 1 1 0 1 0 1 1 1 1 1 0 0 0 3 1 0 0 0 1 0 0 1 1 0 0
SURVIVOR: 1 0 1 1 0 1 0 1 1 1 1 1 0 3 1 0 0 0 0 0 1 0 1 0 0 1 0
SURVIVOR: 1 0 1 1 0 1 0 1 1 1 1 1 1 0 3 0 0 0 0 1 0 1 0 0 1 0 0
SURVIVOR: 1 0 1 1 0 1 1 1 0 0 0 0 0 1 3 1 1 1 0 0 1 1 0 0 1 0 0
SURVIVOR: 1 0 1 1 0 1 1 1 0 0 0 0 1 1 1 1 3 0 0 1 0 0 1 0 1 0 0
SURVIVOR: 1 0 1 1 0 1 1 1 0 0 0 0 1 1 1 3 0 1 0 0 1 0 0 1 0 1 0
SURVIVOR: 1 0 1 1 0 1 1 1 0 0 0 0 1 3 0 1 1 1 1 0 0 0 1 0 0 1 0
SURVIVOR: 1 0 1 1 0 1 1 1 0 0 0 1 0 1 0 0 0 1 3 0 1 1 1 1 0 0 0
SURVIVOR: 1 0 1 1 0 1 1 1 0 0 0 1 1 0 0 1 0 0 1 1 1 0 1 3 0 0 0
SURVIVOR: 1 0 1 1 0 1 1 1 0 0 1 0 0 0 1 0 0 1 1 1 1 3 0 1 0 0 0
SURVIVOR: 1 0 1 1 0 1 1 1 0 0 1 0 0 1 0 1 0 0 0 0 0 1 1 1 1 3 0
SURVIVOR: 1 0 1 1 0 1 1 1 0 0 1 0 0 1 0 1 0 0 1 1 1 0 0 0 1 3 0
SURVIVOR: 1 0 1 1 0 1 1 1 0 0 1 0 1 0 0 0 1 0 1 3 0 1 1 1 0 0 0
SURVIVOR: 1 0 1 1 0 1 1 1 0 0 1 3 0 0 0 1 1 1 1 0 0 0 0 1 1 0 0
SURVIVOR: 1 0 1 1 0 1 1 1 0 0 1 3 1 1 1 0 0 0 1 0 0 0 0 1 1 0 0
SURVIVOR: 1 0 1 1 0 1 1 1 0 1 0 0 0 0 1 1 0 0 0 1 3 1 1 1 0 0 0
SURVIVOR: 1 0 1 1 0 1 1 1 0 1 0 0 0 1 0 0 1 0 1 1 1 1 3 0 0 0 0
SURVIVOR: 1 0 1 1 0 1 1 1 0 1 1 1 0 0 0 1 3 0 0 1 0 0 1 0 1 0 0
SURVIVOR: 1 0 1 1 0 1 1 1 0 1 1 1 0 0 0 3 0 1 0 0 1 0 0 1 0 1 0
SURVIVOR: 1 0 1 1 0 1 1 1 0 1 1 1 0 1 3 0 0 0 0 0 1 1 0 0 1 0 0
SURVIVOR: 1 0 1 1 0 1 1 1 0 1 1 1 1 3 0 0 0 0 1 0 0 0 1 0 0 1 0
SURVIVOR: 1 0 1 1 0 1 1 1 0 1 3 0 0 0 0 1 1 1 0 1 0 1 0 0 0 1 0
SURVIVOR: 1 0 1 1 0 1 1 1 0 1 3 0 1 1 1 0 0 0 0 1 0 1 0 0 0 1 0
SURVIVOR: 1 0 1 1 0 3 1 0 0 0 0 1 1 1 0 0 0 0 1 1 1 0 0 1 1 1 0
SURVIVOR: 1 0 1 1 0 3 1 0 0 0 0 1 1 1 0 1 1 1 0 0 0 0 0 1 1 1 0
SURVIVOR: 1 0 1 1 0 3 1 0 0 0 1 1 0 0 0 1 0 0 1 0 1 1 1 1 0 1 0
SURVIVOR: 1 0 1 1 0 3 1 0 0 0 1 1 1 1 1 1 0 0 1 0 1 0 0 0 0 1 0
SURVIVOR: 1 0 1 1 0 3 1 0 0 1 0 1 0 0 0 0 1 0 0 1 1 1 1 1 1 0 0
SURVIVOR: 1 0 1 1 0 3 1 0 0 1 0 1 1 1 1 0 1 0 0 1 1 0 0 0 1 0 0
SURVIVOR: 1 0 1 1 0 3 1 0 0 1 1 1 0 0 1 1 1 0 0 0 1 1 1 0 0 0 0
SURVIVOR: 1 0 1 1 0 3 1 0 0 1 1 1 0 1 0 1 0 1 1 0 0 0 1 1 0 0 0
SURVIVOR: 1 0 1 1 0 3 1 0 0 1 1 1 1 0 0 0 1 1 0 1 0 1 0 1 0 0 0
SURVIVOR: 1 0 1 1 1 0 1 0 1 0 0 0 0 1 3 1 1 1 1 0 0 0 0 1 1 0 0
SURVIVOR: 1 0 1 1 1 0 1 0 1 0 0 0 1 1 1 0 1 3 0 0 1 1 0 0 1 0 0
SURVIVOR: 1 0 1 1 1 0 1 0 1 0 0 0 1 1 1 1 3 0 1 0 0 0 1 0 0 1 0
SURVIVOR: 1 0 1 1 1 0 1 0 1 0 0 0 1 3 0 1 1 1 0 1 0 1 0 0 0 1 0
SURVIVOR: 1 0 1 1 1 0 1 0 1 0 0 1 0 0 1 0 1 0 3 0 1 1 1 1 0 0 0
SURVIVOR: 1 0 1 1 1 0 1 0 1 0 0 1 0 1 0 0 0 1 1 1 1 3 0 1 0 0 0
SURVIVOR: 1 0 1 1 1 0 1 0 1 0 1 0 0 1 0 1 0 0 1 3 0 1 1 1 0 0 0
SURVIVOR: 1 0 1 1 1 0 1 0 1 0 1 0 1 0 0 0 1 0 1 1 1 1 3 0 0 0 0
SURVIVOR: 1 0 1 1 1 0 1 0 1 1 0 0 0 0 1 1 0 0 1 1 1 0 1 3 0 0 0
SURVIVOR: 1 0 1 1 1 0 1 0 1 1 0 0 0 1 0 0 1 0 0 0 0 1 1 1 1 3 0
SURVIVOR: 1 0 1 1 1 0 1 0 1 1 0 0 0 1 0 0 1 0 1 1 1 0 0 0 1 3 0
SURVIVOR: 1 0 1 1 1 0 1 0 1 1 0 0 1 0 0 0 0 1 0 1 3 1 1 1 0 0 0
SURVIVOR: 1 0 1 1 1 0 1 0 1 1 1 1 0 0 0 0 1 3 0 0 1 1 0 0 1 0 0
SURVIVOR: 1 0 1 1 1 0 1 0 1 1 1 1 0 0 0 1 3 0 1 0 0 0 1 0 0 1 0
SURVIVOR: 1 0 1 1 1 0 1 0 1 1 1 1 0 1 3 0 0 0 1 0 0 0 0 1 1 0 0
SURVIVOR: 1 0 1 1 1 0 1 0 1 1 1 1 1 3 0 0 0 0 0 1 0 1 0 0 0 1 0
SURVIVOR: 1 0 1 1 1 0 1 0 1 1 3 0 0 0 0 1 1 1 0 1 0 0 1 0 1 0 0
SURVIVOR: 1 0 1 1 1 0 1 0 1 1 3 0 1 1 1 0 0 0 0 1 0 0 1 0 1 0 0
SURVIVOR: 1 0 1 1 1 0 1 0 1 3 0 1 0 0 0 1 1 1 0 0 1 0 0 1 0 1 0
SURVIVOR: 1 0 1 1 1 0 1 0 1 3 0 1 1 1 1 0 0 0 0 0 1 0 0 1 0 1 0
SURVIVOR: 1 0 1 1 1 0 1 1 0 0 0 0 0 3 1 1 1 1 1 0 0 1 0 0 0 1 0
SURVIVOR: 1 0 1 1 1 0 1 1 0 0 0 0 1 0 3 1 1 1 0 0 1 0 0 1 1 0 0
SURVIVOR: 1 0 1 1 1 0 1 1 0 0 0 0 1 1 1 0 3 1 1 0 0 0 1 0 1 0 0
SURVIVOR: 1 0 1 1 1 0 1 1 0 0 0 0 1 1 1 3 1 0 0 1 0 0 0 1 0 1 0
SURVIVOR: 1 0 1 1 1 0 1 1 0 0 0 1 0 0 1 1 0 0 1 1 1 1 0 3 0 0 0
SURVIVOR: 1 0 1 1 1 0 1 1 0 0 0 1 0 1 0 0 1 0 3 1 0 1 1 1 0 0 0
SURVIVOR: 1 0 1 1 1 0 1 1 0 0 1 0 0 0 1 0 1 0 0 0 0 1 1 1 3 1 0
SURVIVOR: 1 0 1 1 1 0 1 1 0 0 1 0 0 0 1 0 1 0 1 1 1 0 0 0 3 1 0
SURVIVOR: 1 0 1 1 1 0 1 1 0 0 1 0 0 1 0 0 0 1 1 1 1 3 1 0 0 0 0
SURVIVOR: 1 0 1 1 1 0 1 1 0 0 1 0 1 0 0 1 0 0 0 3 1 1 1 1 0 0 0
SURVIVOR: 1 0 1 1 1 0 1 1 0 0 3 1 0 0 0 1 1 1 0 1 0 1 0 0 1 0 0
SURVIVOR: 1 0 1 1 1 0 1 1 0 0 3 1 1 1 1 0 0 0 0 1 0 1 0 0 1 0 0
SURVIVOR: 1 0 1 1 1 0 1 1 0 1 0 0 0 0 1 0 0 1 1 0 3 1 1 1 0 0 0
SURVIVOR: 1 0 1 1 1 0 1 1 0 1 0 0 1 0 0 0 1 0 1 1 1 0 3 1 0 0 0
SURVIVOR: 1 0 1 1 1 0 1 1 0 1 1 1 0 0 0 0 3 1 1 0 0 0 1 0 1 0 0
SURVIVOR: 1 0 1 1 1 0 1 1 0 1 1 1 0 0 0 3 1 0 0 1 0 0 0 1 0 1 0
SURVIVOR: 1 0 1 1 1 0 1 1 0 1 1 1 0 3 1 0 0 0 1 0 0 1 0 0 0 1 0
SURVIVOR: 1 0 1 1 1 0 1 1 0 1 1 1 1 0 3 0 0 0 0 0 1 0 0 1 1 0 0
SURVIVOR: 1 0 1 1 1 0 1 1 0 3 1 0 0 0 0 1 1 1 0 0 1 0 1 0 0 1 0
SURVIVOR: 1 0 1 1 1 0 1 1 0 3 1 0 1 1 1 0 0 0 0 0 1 0 1 0 0 1 0
SURVIVOR: 1 0 1 1 1 1 0 0 1 0 0 0 0 0 1 1 0 1 1 0 0 0 1 1 3 1 0
SURVIVOR: 1 0 1 1 1 1 0 0 1 0 0 0 0 1 0 0 1 1 0 0 1 0 1 1 1 3 0
SURVIVOR: 1 0 1 1 1 1 0 0 1 0 0 1 1 0 1 0 0 0 3 0 1 0 1 0 1 1 0
SURVIVOR: 1 0 1 1 1 1 0 0 1 0 0 1 1 1 0 1 0 3 0 0 0 1 0 0 1 1 0
SURVIVOR: 1 0 1 1 1 1 0 0 1 0 1 1 0 0 0 0 1 0 1 0 1 0 3 1 0 1 0
SURVIVOR: 1 0 1 1 1 1 0 0 1 0 1 1 1 3 0 0 0 1 0 1 1 0 0 0 0 1 0
SURVIVOR: 1 0 1 1 1 1 0 0 1 0 1 3 1 0 0 1 0 1 1 0 0 1 1 0 0 0 0
SURVIVOR: 1 0 1 1 1 1 0 0 1 0 3 1 0 1 0 1 0 1 0 1 0 0 1 1 0 0 0
SURVIVOR: 1 0 1 1 1 1 0 0 1 1 0 0 1 0 1 0 1 3 0 0 0 1 0 0 1 1 0
SURVIVOR: 1 0 1 1 1 1 0 0 1 1 0 0 1 1 0 0 0 0 1 0 3 0 0 1 1 1 0
SURVIVOR: 1 0 1 1 1 1 0 0 1 1 0 1 0 0 0 0 0 1 0 1 1 3 1 0 1 0 0
SURVIVOR: 1 0 1 1 1 1 0 0 1 1 0 1 0 0 0 0 0 1 1 1 0 3 0 1 0 1 0
SURVIVOR: 1 0 1 1 1 1 0 0 1 1 0 1 0 1 3 1 0 0 1 1 0 0 0 0 1 0 0
SURVIVOR: 1 0 1 1 1 1 0 0 1 1 0 1 0 3 1 0 1 0 0 1 1 0 0 0 0 1 0
SURVIVOR: 1 0 1 1 1 1 0 0 1 1 0 3 0 0 1 1 1 0 1 0 0 1 1 0 0 0 0
SURVIVOR: 1 0 1 1 1 1 0 0 1 1 1 0 0 0 0 1 0 0 1 0 1 0 1 3 1 0 0
SURVIVOR: 1 0 1 1 1 1 0 0 1 1 1 0 1 0 3 0 0 1 1 1 0 0 0 0 1 0 0
SURVIVOR: 1 0 1 1 1 1 0 0 1 1 3 0 0 0 1 0 1 1 0 1 0 0 1 1 0 0 0
SURVIVOR: 1 0 1 1 1 1 0 0 1 3 0 1 0 1 0 1 1 0 0 0 1 1 0 1 0 0 0
SURVIVOR: 1 0 1 1 1 1 0 0 1 3 1 0 1 0 0 0 1 1 0 0 1 1 0 1 0 0 0
SURVIVOR: 1 0 1 1 1 1 0 1 0 0 0 0 0 0 1 1 1 0 0 1 0 1 1 0 3 1 0
SURVIVOR: 1 0 1 1 1 1 0 1 0 0 0 0 0 1 0 1 0 1 1 0 0 1 1 0 1 3 0
SURVIVOR: 1 0 1 1 1 1 0 1 0 0 0 1 1 0 1 3 0 1 0 0 0 0 0 1 1 1 0
SURVIVOR: 1 0 1 1 1 1 0 1 0 0 0 1 1 1 0 0 0 0 3 1 0 0 1 0 1 1 0
SURVIVOR: 1 0 1 1 1 1 0 1 0 0 1 0 1 0 1 0 0 0 1 3 0 1 0 0 1 1 0
SURVIVOR: 1 0 1 1 1 1 0 1 0 0 1 0 1 1 0 3 1 0 0 0 0 0 0 1 1 1 0
SURVIVOR: 1 0 1 1 1 1 0 1 0 0 1 1 0 0 0 1 0 0 0 1 1 0 1 3 0 1 0
SURVIVOR: 1 0 1 1 1 1 0 1 0 0 1 1 0 0 0 1 0 0 1 0 1 1 0 3 1 0 0
SURVIVOR: 1 0 1 1 1 1 0 1 0 0 1 1 0 1 3 0 1 0 0 1 1 0 0 0 1 0 0
SURVIVOR: 1 0 1 1 1 1 0 1 0 0 1 1 0 3 1 0 0 1 1 0 1 0 0 0 0 1 0
SURVIVOR: 1 0 1 1 1 1 0 1 0 0 1 3 0 1 0 0 1 1 1 0 0 0 1 1 0 0 0
SURVIVOR: 1 0 1 1 1 1 0 1 0 0 3 1 0 0 1 0 1 1 0 1 0 1 0 1 0 0 0
SURVIVOR: 1 0 1 1 1 1 0 1 0 1 0 1 0 0 0 0 1 0 1 1 0 1 3 0 1 0 0
SURVIVOR: 1 0 1 1 1 1 0 1 0 1 0 1 1 0 3 1 0 0 0 1 1 0 0 0 1 0 0
SURVIVOR: 1 0 1 1 1 1 0 1 0 1 0 3 1 0 0 1 0 1 1 0 0 0 1 1 0 0 0
SURVIVOR: 1 0 1 1 1 1 0 1 0 1 1 0 0 0 0 0 0 1 1 1 0 3 1 0 0 1 0
SURVIVOR: 1 0 1 1 1 1 0 1 0 1 1 0 1 3 0 1 0 0 1 0 1 0 0 0 0 1 0
SURVIVOR: 1 0 1 1 1 1 0 1 0 1 3 0 1 0 0 1 1 0 0 1 0 1 0 1 0 0 0
SURVIVOR: 1 0 1 1 1 1 0 1 0 3 0 1 0 0 1 1 0 1 0 0 1 1 1 0 0 0 0
SURVIVOR: 1 0 1 1 1 1 0 1 0 3 1 0 0 1 0 1 1 0 0 0 1 1 1 0 0 0 0
SURVIVOR: 1 0 1 1 1 1 1 0 0 0 0 0 0 0 1 0 1 1 0 0 1 1 0 1 3 1 0
SURVIVOR: 1 0 1 1 1 1 1 0 0 0 0 0 0 1 0 1 1 0 0 1 0 1 0 1 1 3 0
SURVIVOR: 1 0 1 1 1 1 1 0 0 0 1 0 1 0 1 1 3 0 0 0 0 0 1 0 1 1 0
SURVIVOR: 1 0 1 1 1 1 1 0 0 0 1 0 1 1 0 0 0 0 0 3 1 1 0 0 1 1 0
SURVIVOR: 1 0 1 1 1 1 1 0 0 0 1 1 0 0 0 0 0 1 0 1 1 3 0 1 1 0 0
SURVIVOR: 1 0 1 1 1 1 1 0 0 0 1 1 1 0 3 0 1 0 1 0 1 0 0 0 1 0 0
SURVIVOR: 1 0 1 1 1 1 1 0 0 0 1 3 0 0 1 1 1 0 1 0 0 1 0 1 0 0 0
SURVIVOR: 1 0 1 1 1 1 1 0 0 0 3 1 1 0 0 1 1 0 0 1 0 1 1 0 0 0 0
SURVIVOR: 1 0 1 1 1 1 1 0 0 1 0 0 1 0 1 0 0 0 0 1 3 0 0 1 1 1 0
SURVIVOR: 1 0 1 1 1 1 1 0 0 1 0 0 1 1 0 0 3 1 0 0 0 0 1 0 1 1 0
SURVIVOR: 1 0 1 1 1 1 1 0 0 1 0 1 0 0 0 1 0 0 0 1 1 1 0 3 0 1 0
SURVIVOR: 1 0 1 1 1 1 1 0 0 1 0 1 1 3 0 0 1 0 1 1 0 0 0 0 0 1 0
SURVIVOR: 1 0 1 1 1 1 1 0 0 1 0 3 0 1 0 0 1 1 1 0 0 1 0 1 0 0 0
SURVIVOR: 1 0 1 1 1 1 1 0 0 1 1 0 0 0 0 0 1 0 1 0 1 1 3 0 0 1 0
SURVIVOR: 1 0 1 1 1 1 1 0 0 1 1 0 0 0 0 0 1 0 1 1 0 0 3 1 1 0 0
SURVIVOR: 1 0 1 1 1 1 1 0 0 1 1 0 0 1 3 0 0 1 1 0 1 0 0 0 1 0 0
SURVIVOR: 1 0 1 1 1 1 1 0 0 1 1 0 0 3 1 1 0 0 1 1 0 0 0 0 0 1 0
SURVIVOR: 1 0 1 1 1 1 1 0 0 1 3 0 0 1 0 1 0 1 0 1 0 1 1 0 0 0 0
SURVIVOR: 1 0 1 1 1 1 1 0 0 3 0 1 1 0 0 0 1 1 0 0 1 0 1 1 0 0 0
SURVIVOR: 1 0 1 1 1 1 1 0 0 3 1 0 0 0 1 1 0 1 0 0 1 0 1 1 0 0 0
SURVIVOR: 1 0 1 1 3 0 0 1 0 1 0 0 1 0 1 0 0 0 1 1 1 0 1 0 1 1 0
SURVIVOR: 1 0 1 1 3 0 0 1 0 1 0 0 1 0 1 1 1 1 0 0 0 0 1 0 1 1 0
SURVIVOR: 1 0 1 1 3 0 0 1 0 1 0 1 0 0 0 1 0 0 1 1 0 1 1 1 0 1 0
SURVIVOR: 1 0 1 1 3 0 0 1 0 1 0 1 1 1 1 1 0 0 1 1 0 0 0 0 0 1 0
SURVIVOR: 1 0 1 1 3 0 0 1 0 1 1 0 0 0 0 0 1 0 1 0 1 1 1 1 1 0 0
SURVIVOR: 1 0 1 1 3 0 0 1 0 1 1 0 1 1 1 0 1 0 1 0 1 0 0 0 1 0 0
SURVIVOR: 1 0 1 1 3 0 0 1 0 1 1 1 0 0 1 0 1 1 0 0 1 0 1 1 0 0 0
SURVIVOR: 1 0 1 1 3 0 0 1 0 1 1 1 0 1 0 1 1 0 1 0 0 1 0 1 0 0 0
SURVIVOR: 1 0 1 1 3 0 0 1 0 1 1 1 1 0 0 1 0 1 0 1 0 1 1 0 0 0 0
SURVIVOR: 1 0 1 3 0 1 0 0 1 0 1 0 1 0 1 0 0 0 1 1 1 0 0 1 1 1 0
SURVIVOR: 1 0 1 3 0 1 0 0 1 0 1 0 1 0 1 1 1 1 0 0 0 0 0 1 1 1 0
SURVIVOR: 1 0 1 3 0 1 0 0 1 0 1 1 0 0 0 1 0 0 0 1 1 1 1 1 1 0 0
SURVIVOR: 1 0 1 3 0 1 0 0 1 0 1 1 1 1 1 1 0 0 0 1 1 0 0 0 1 0 0
SURVIVOR: 1 0 1 3 0 1 0 0 1 1 1 0 0 0 0 0 0 1 1 0 1 1 1 1 0 1 0
SURVIVOR: 1 0 1 3 0 1 0 0 1 1 1 0 1 1 1 0 0 1 1 0 1 0 0 0 0 1 0
SURVIVOR: 1 0 1 3 0 1 0 0 1 1 1 1 0 0 1 1 1 0 0 1 0 1 0 1 0 0 0
SURVIVOR: 1 0 1 3 0 1 0 0 1 1 1 1 0 1 0 1 0 1 0 0 1 1 1 0 0 0 0
SURVIVOR: 1 0 1 3 0 1 0 0 1 1 1 1 1 0 0 0 1 1 1 0 0 0 1 1 0 0 0
SURVIVOR: 1 0 1 3 1 0 0 0 1 0 1 0 1 1 0 0 0 0 1 1 1 0 1 0 1 1 0
SURVIVOR: 1 0 1 3 1 0 0 0 1 0 1 0 1 1 0 1 1 1 0 0 0 0 1 0 1 1 0
SURVIVOR: 1 0 1 3 1 0 0 0 1 0 1 1 0 0 0 0 0 1 1 0 1 1 1 1 1 0 0
SURVIVOR: 1 0 1 3 1 0 0 0 1 0 1 1 1 1 1 0 0 1 1 0 1 0 0 0 1 0 0
SURVIVOR: 1 0 1 3 1 0 0 0 1 1 1 0 0 0 0 0 1 0 1 1 0 1 1 1 0 1 0
SURVIVOR: 1 0 1 3 1 0 0 0 1 1 1 0 1 1 1 0 1 0 1 1 0 0 0 0 0 1 0
SURVIVOR: 1 0 1 3 1 0 0 0 1 1 1 1 0 0 1 0 1 1 1 0 0 1 0 1 0 0 0
SURVIVOR: 1 0 1 3 1 0 0 0 1 1 1 1 0 1 0 1 1 0 0 1 0 1 1 0 0 0 0
SURVIVOR: 1 0 1 3 1 0 0 0 1 1 1 1 1 0 0 1 0 1 0 0 1 0 1 1 0 0 0
SURVIVOR: 1 0 3 0 0 0 1 1 1 0 0 1 0 0 1 1 0 0 1 1 0 1 0 1 1 1 0
SURVIVOR: 1 0 3 0 0 0 1 1 1 0 1 0 0 0 1 0 1 0 0 1 1 0 1 1 1 1 0
SURVIVOR: 1 0 3 0 0 0 1 1 1 0 1 1 0 1 1 1 1 0 0 1 0 0 0 1 0 1 0
SURVIVOR: 1 0 3 0 0 0 1 1 1 0 1 1 1 0 1 1 0 1 0 1 0 1 0 0 1 0 0
SURVIVOR: 1 0 3 0 0 0 1 1 1 1 0 0 0 0 1 0 0 1 1 0 1 1 1 0 1 1 0
SURVIVOR: 1 0 3 0 0 0 1 1 1 1 0 1 0 1 1 1 0 1 1 0 0 1 0 0 0 1 0
SURVIVOR: 1 0 3 0 0 0 1 1 1 1 0 1 1 0 1 0 1 1 1 0 0 0 1 0 1 0 0
SURVIVOR: 1 0 3 0 0 0 1 1 1 1 1 0 0 1 1 0 1 1 0 0 1 0 1 0 0 1 0
SURVIVOR: 1 0 3 0 0 0 1 1 1 1 1 0 1 0 1 1 1 0 0 0 1 0 0 1 1 0 0
SURVIVOR: 1 0 3 0 0 1 1 1 0 0 0 0 0 0 1 1 0 1 1 1 1 1 0 0 1 1 0
SURVIVOR: 1 0 3 0 0 1 1 1 0 0 0 1 1 0 1 0 0 0 1 1 0 1 1 1 1 0 0
SURVIVOR: 1 0 3 0 0 1 1 1 0 0 0 1 1 0 1 1 1 1 1 1 0 0 0 0 1 0 0
SURVIVOR: 1 0 3 0 0 1 1 1 0 0 1 0 0 1 1 0 0 0 0 1 1 1 1 1 0 1 0
SURVIVOR: 1 0 3 0 0 1 1 1 0 0 1 0 0 1 1 1 1 1 0 1 1 0 0 0 0 1 0
SURVIVOR: 1 0 3 0 0 1 1 1 0 0 1 1 1 1 1 0 1 0 0 1 0 0 1 1 0 0 0
SURVIVOR: 1 0 3 0 0 1 1 1 0 1 0 1 1 1 1 0 0 1 1 0 0 1 1 0 0 0 0
SURVIVOR: 1 0 3 0 0 1 1 1 0 1 1 0 1 1 1 1 0 0 0 0 1 1 0 1 0 0 0
SURVIVOR: 1 0 3 0 0 1 1 1 0 1 1 1 0 0 1 1 0 1 0 0 0 1 0 0 1 1 0
SURVIVOR: 1 0 3 0 1 0 0 1 1 0 0 0 0 0 1 0 1 1 1 1 1 0 1 0 1 1 0
SURVIVOR: 1 0 3 0 1 0 0 1 1 0 0 1 0 1 1 0 0 0 1 1 0 1 1 1 0 1 0
SURVIVOR: 1 0 3 0 1 0 0 1 1 0 0 1 0 1 1 1 1 1 1 1 0 0 0 0 0 1 0
SURVIVOR: 1 0 3 0 1 0 0 1 1 0 1 1 1 1 1 0 0 1 0 1 0 1 1 0 0 0 0
SURVIVOR: 1 0 3 0 1 0 0 1 1 1 0 0 1 0 1 0 0 0 1 0 1 1 1 1 1 0 0
SURVIVOR: 1 0 3 0 1 0 0 1 1 1 0 0 1 0 1 1 1 1 1 0 1 0 0 0 1 0 0
SURVIVOR: 1 0 3 0 1 0 0 1 1 1 0 1 1 1 1 1 0 0 1 0 0 1 0 1 0 0 0
SURVIVOR: 1 0 3 0 1 0 0 1 1 1 1 0 1 1 1 0 1 0 0 0 1 0 1 1 0 0 0
SURVIVOR: 1 0 3 0 1 0 0 1 1 1 1 1 0 0 1 0 1 1 0 0 0 0 1 0 1 1 0
SURVIVOR: 1 0 3 0 1 1 0 1 0 0 0 0 0 1 1 0 0 1 1 1 1 1 1 0 0 1 0
SURVIVOR: 1 0 3 0 1 1 0 1 0 0 0 0 1 0 1 1 0 0 1 1 1 1 0 1 1 0 0
SURVIVOR: 1 0 3 0 1 1 0 1 0 0 0 1 1 1 1 0 1 1 1 1 0 0 1 0 0 0 0
SURVIVOR: 1 0 3 0 1 1 0 1 0 0 1 0 1 1 1 1 1 0 0 1 1 0 0 1 0 0 0
SURVIVOR: 1 0 3 0 1 1 0 1 0 0 1 1 0 0 1 0 0 0 0 1 0 1 1 1 1 1 0
SURVIVOR: 1 0 3 0 1 1 0 1 0 0 1 1 0 0 1 1 1 1 0 1 0 0 0 0 1 1 0
SURVIVOR: 1 0 3 0 1 1 0 1 0 1 0 0 1 1 1 1 0 1 1 0 1 1 0 0 0 0 0
SURVIVOR: 1 0 3 0 1 1 0 1 0 1 1 1 0 1 1 0 0 1 0 0 0 1 1 0 0 1 0
SURVIVOR: 1 0 3 0 1 1 0 1 0 1 1 1 1 0 1 1 0 0 0 0 0 1 0 1 1 0 0
SURVIVOR: 1 0 3 1 0 0 1 0 1 0 0 0 0 0 1 1 1 0 1 1 1 0 0 1 1 1 0
SURVIVOR: 1 0 3 1 0 0 1 0 1 0 1 0 1 0 1 0 0 0 0 1 1 1 1 1 1 0 0
SURVIVOR: 1 0 3 1 0 0 1 0 1 0 1 0 1 0 1 1 1 1 0 1 1 0 0 0 1 0 0
SURVIVOR: 1 0 3 1 0 0 1 0 1 0 1 1 1 1 1 1 0 0 0 1 0 1 0 1 0 0 0
SURVIVOR: 1 0 3 1 0 0 1 0 1 1 0 0 0 1 1 0 0 0 1 0 1 1 1 1 0 1 0
SURVIVOR: 1 0 3 1 0 0 1 0 1 1 0 0 0 1 1 1 1 1 1 0 1 0 0 0 0 1 0
SURVIVOR: 1 0 3 1 0 0 1 0 1 1 0 1 1 1 1 0 1 0 1 0 0 0 1 1 0 0 0
SURVIVOR: 1 0 3 1 0 0 1 0 1 1 1 0 1 1 1 0 0 1 0 0 1 1 1 0 0 0 0
SURVIVOR: 1 0 3 1 0 0 1 0 1 1 1 1 0 0 1 1 1 0 0 0 0 0 0 1 1 1 0
SURVIVOR: 1 0 3 1 0 1 1 0 0 0 0 0 0 1 1 1 0 0 1 1 1 1 0 1 0 1 0
SURVIVOR: 1 0 3 1 0 1 1 0 0 0 0 0 1 0 1 0 1 0 1 1 1 0 1 1 1 0 0
SURVIVOR: 1 0 3 1 0 1 1 0 0 0 0 1 1 1 1 1 1 0 1 1 0 0 0 1 0 0 0
SURVIVOR: 1 0 3 1 0 1 1 0 0 0 1 0 1 1 1 1 0 1 0 1 1 1 0 0 0 0 0
SURVIVOR: 1 0 3 1 0 1 1 0 0 1 0 0 1 1 1 0 1 1 1 0 1 0 1 0 0 0 0
SURVIVOR: 1 0 3 1 0 1 1 0 0 1 1 0 0 0 1 0 0 0 0 0 1 1 1 1 1 1 0
SURVIVOR: 1 0 3 1 0 1 1 0 0 1 1 0 0 0 1 1 1 1 0 0 1 0 0 0 1 1 0
SURVIVOR: 1 0 3 1 0 1 1 0 0 1 1 1 0 1 1 1 0 0 0 0 0 1 0 1 0 1 0
SURVIVOR: 1 0 3 1 0 1 1 0 0 1 1 1 1 0 1 0 1 0 0 0 0 0 1 1 1 0 0
SURVIVOR: 1 0 3 1 1 0 0 0 1 0 0 0 0 1 1 0 1 0 1 1 1 0 1 1 0 1 0
SURVIVOR: 1 0 3 1 1 0 0 0 1 0 0 0 1 0 1 0 0 1 1 1 1 1 1 0 1 0 0
SURVIVOR: 1 0 3 1 1 0 0 0 1 0 0 1 1 1 1 1 0 1 1 1 0 1 0 0 0 0 0
SURVIVOR: 1 0 3 1 1 0 0 0 1 0 1 0 1 1 1 0 1 1 0 1 1 0 1 0 0 0 0
SURVIVOR: 1 0 3 1 1 0 0 0 1 1 0 0 1 1 1 1 1 0 1 0 1 0 0 1 0 0 0
SURVIVOR: 1 0 3 1 1 0 0 0 1 1 0 1 0 0 1 0 0 0 1 0 0 1 1 1 1 1 0
SURVIVOR: 1 0 3 1 1 0 0 0 1 1 0 1 0 0 1 1 1 1 1 0 0 0 0 0 1 1 0
SURVIVOR: 1 0 3 1 1 0 0 0 1 1 1 1 0 1 1 0 1 0 0 0 0 0 1 1 0 1 0
SURVIVOR: 1 0 3 1 1 0 0 0 1 1 1 1 1 0 1 0 0 1 0 0 0 1 1 0 1 0 0
SURVIVOR: 1 0 3 1 1 1 0 0 0 0 0 1 0 0 1 1 0 0 1 1 0 1 0 1 1 1 0
SURVIVOR: 1 0 3 1 1 1 0 0 0 0 1 0 0 0 1 0 1 0 0 1 1 0 1 1 1 1 0
SURVIVOR: 1 0 3 1 1 1 0 0 0 0 1 1 0 1 1 1 1 0 0 1 0 0 0 1 0 1 0
SURVIVOR: 1 0 3 1 1 1 0 0 0 0 1 1 1 0 1 1 0 1 0 1 0 1 0 0 1 0 0
SURVIVOR: 1 0 3 1 1 1 0 0 0 1 0 0 0 0 1 0 0 1 1 0 1 1 1 0 1 1 0
SURVIVOR: 1 0 3 1 1 1 0 0 0 1 0 1 0 1 1 1 0 1 1 0 0 1 0 0 0 1 0
SURVIVOR: 1 0 3 1 1 1 0 0 0 1 0 1 1 0 1 0 1 1 1 0 0 0 1 0 1 0 0
SURVIVOR: 1 0 3 1 1 1 0 0 0 1 1 0 0 1 1 0 1 1 0 0 1 0 1 0 0 1 0
SURVIVOR: 1 0 3 1 1 1 0 0 0 1 1 0 1 0 1 1 1 0 0 0 1 0 0 1 1 0 0
SURVIVOR: 1 1 0 0 0 0 0 0 1 0 1 0 0 1 1 0 1 3 1 1 1 0 0 1 1 1 0
SURVIVOR: 1 1 0 0 0 0 0 0 1 0 1 0 1 0 1 1 1 1 3 1 0 0 1 0 1 1 0
SURVIVOR: 1 1 0 0 0 0 0 0 1 0 1 1 0 3 1 0 0 1 0 1 1 1 1 1 1 0 0
SURVIVOR: 1 1 0 0 0 0 0 0 1 0 1 1 1 1 1 1 0 0 1 1 0 1 3 0 1 0 0
SURVIVOR: 1 1 0 0 0 0 0 0 1 1 0 0 0 1 1 1 1 1 1 3 0 1 0 0 1 1 0
SURVIVOR: 1 1 0 0 0 0 0 0 1 1 0 0 1 0 1 1 0 3 1 1 1 0 0 1 1 1 0
SURVIVOR: 1 1 0 0 0 0 0 0 1 1 0 1 1 1 1 0 1 0 1 1 0 3 1 0 0 1 0
SURVIVOR: 1 1 0 0 0 0 0 0 1 1 0 1 3 0 1 0 0 1 1 0 1 1 1 1 0 1 0
SURVIVOR: 1 1 0 0 0 0 0 0 1 1 1 0 1 1 1 0 0 1 0 1 1 0 1 3 0 1 0
SURVIVOR: 1 1 0 0 0 0 0 0 1 1 1 0 1 1 1 0 0 1 1 0 1 1 0 3 1 0 0
SURVIVOR: 1 1 0 0 0 0 0 0 1 1 1 0 1 3 0 1 0 0 0 1 1 1 1 1 1 0 0
SURVIVOR: 1 1 0 0 0 0 0 0 1 1 1 0 3 1 0 0 1 0 1 0 1 1 1 1 0 1 0
SURVIVOR: 1 1 0 0 0 0 0 0 1 1 1 1 0 1 0 1 0 1 0 1 0 1 1 0 3 1 0
SURVIVOR: 1 1 0 0 0 0 0 0 1 1 1 1 1 0 0 0 1 1 1 0 0 1 1 0 1 3 0
SURVIVOR: 1 1 0 0 0 0 0 1 0 0 0 1 0 1 1 1 1 1 0 1 3 0 0 1 1 1 0
SURVIVOR: 1 1 0 0 0 0 0 1 0 0 0 1 1 0 1 3 1 0 1 1 1 0 1 0 1 1 0
SURVIVOR: 1 1 0 0 0 0 0 1 0 0 1 1 1 1 1 0 0 1 0 1 1 1 0 3 0 1 0
SURVIVOR: 1 1 0 0 0 0 0 1 0 0 1 1 3 0 1 1 0 0 1 1 0 1 1 1 0 1 0
SURVIVOR: 1 1 0 0 0 0 0 1 0 1 0 0 0 1 1 3 0 1 1 1 1 0 1 0 1 1 0
SURVIVOR: 1 1 0 0 0 0 0 1 0 1 0 0 1 0 1 1 1 1 0 3 1 1 0 0 1 1 0
SURVIVOR: 1 1 0 0 0 0 0 1 0 1 0 1 1 1 1 1 0 0 1 0 1 1 3 0 0 1 0
SURVIVOR: 1 1 0 0 0 0 0 1 0 1 0 1 1 1 1 1 0 0 1 1 0 0 3 1 1 0 0
SURVIVOR: 1 1 0 0 0 0 0 1 0 1 0 1 1 3 0 0 1 0 1 0 1 1 1 1 1 0 0
SURVIVOR: 1 1 0 0 0 0 0 1 0 1 0 1 3 1 0 0 0 1 1 1 0 1 1 1 0 1 0
SURVIVOR: 1 1 0 0 0 0 0 1 0 1 1 0 0 3 1 1 0 0 1 0 1 1 1 1 1 0 0
SURVIVOR: 1 1 0 0 0 0 0 1 0 1 1 0 1 1 1 0 1 0 0 1 1 3 0 1 1 0 0
SURVIVOR: 1 1 0 0 0 0 0 1 0 1 1 1 0 1 0 1 1 0 0 0 1 1 0 1 3 1 0
SURVIVOR: 1 1 0 0 0 0 0 1 0 1 1 1 1 0 0 1 0 1 0 1 0 1 0 1 1 3 0
SURVIVOR: 1 1 0 0 0 0 1 0 0 0 0 1 0 1 1 1 3 0 1 1 1 1 0 0 1 1 0
SURVIVOR: 1 1 0 0 0 0 1 0 0 0 0 1 1 0 1 1 1 1 1 0 3 0 0 1 1 1 0
SURVIVOR: 1 1 0 0 0 0 1 0 0 0 1 0 0 1 1 1 1 1 3 0 1 0 1 0 1 1 0
SURVIVOR: 1 1 0 0 0 0 1 0 0 0 1 0 1 0 1 0 3 1 1 1 1 1 0 0 1 1 0
SURVIVOR: 1 1 0 0 0 0 1 0 0 0 1 1 1 1 1 0 1 0 0 1 1 3 1 0 1 0 0
SURVIVOR: 1 1 0 0 0 0 1 0 0 0 1 1 1 1 1 0 1 0 1 1 0 3 0 1 0 1 0
SURVIVOR: 1 1 0 0 0 0 1 0 0 0 1 1 1 3 0 0 0 1 1 1 0 1 1 1 1 0 0
SURVIVOR: 1 1 0 0 0 0 1 0 0 0 1 1 3 1 0 1 0 0 0 1 1 1 1 1 0 1 0
SURVIVOR: 1 1 0 0 0 0 1 0 0 1 0 1 0 3 1 0 1 0 1 1 0 1 1 1 1 0 0
SURVIVOR: 1 1 0 0 0 0 1 0 0 1 0 1 1 1 1 0 0 1 1 0 1 0 1 3 1 0 0
SURVIVOR: 1 1 0 0 0 0 1 0 0 1 1 0 1 1 1 1 0 0 1 0 1 0 3 1 0 1 0
SURVIVOR: 1 1 0 0 0 0 1 0 0 1 1 0 3 0 1 0 1 0 0 1 1 1 1 1 0 1 0
SURVIVOR: 1 1 0 0 0 0 1 0 0 1 1 1 0 1 0 0 1 1 1 0 0 0 1 1 3 1 0
SURVIVOR: 1 1 0 0 0 0 1 0 0 1 1 1 1 0 0 1 1 0 0 0 1 0 1 1 1 3 0
SURVIVOR: 1 1 0 0 0 1 0 0 0 0 0 1 0 3 1 0 1 1 1 1 1 0 1 1 1 0 0
SURVIVOR: 1 1 0 0 0 1 0 0 0 0 0 1 1 1 1 1 1 0 0 1 3 0 1 1 0 1 0
SURVIVOR: 1 1 0 0 0 1 0 0 0 0 0 1 1 1 1 1 1 0 1 0 3 1 0 1 1 0 0
SURVIVOR: 1 1 0 0 0 1 0 0 0 0 0 1 3 0 1 1 0 1 1 1 1 1 0 1 0 1 0
SURVIVOR: 1 1 0 0 0 1 0 0 0 0 1 0 1 1 1 1 0 1 3 1 0 1 1 0 0 1 0
SURVIVOR: 1 1 0 0 0 1 0 0 0 0 1 0 3 1 0 1 1 0 1 1 1 1 0 1 0 1 0
SURVIVOR: 1 1 0 0 0 1 0 0 0 0 1 1 1 0 0 1 1 1 1 1 0 1 0 0 1 3 0
SURVIVOR: 1 1 0 0 0 1 0 0 0 0 1 3 0 1 1 0 1 0 0 0 1 1 1 1 1 1 0
SURVIVOR: 1 1 0 0 0 1 0 0 0 1 0 0 1 1 1 0 1 1 1 3 0 1 1 0 1 0 0
SURVIVOR: 1 1 0 0 0 1 0 0 0 1 0 0 1 3 0 1 1 0 1 1 1 0 1 1 1 0 0
SURVIVOR: 1 1 0 0 0 1 0 0 0 1 0 1 0 1 0 1 1 1 1 1 0 0 1 0 3 1 0
SURVIVOR: 1 1 0 0 0 1 0 0 0 1 0 3 1 0 1 1 0 0 0 0 1 1 1 1 1 1 0
SURVIVOR: 1 1 0 0 0 1 0 0 0 1 1 1 0 1 1 1 0 0 1 0 0 1 3 0 1 1 0
SURVIVOR: 1 1 0 0 0 1 0 0 0 1 1 1 1 0 1 0 1 0 0 1 0 3 1 0 1 1 0
SURVIVOR: 1 1 0 0 0 1 0 1 3 0 0 0 0 1 1 0 0 1 0 1 0 1 1 1 1 1 0
SURVIVOR: 1 1 0 0 0 1 0 1 3 0 0 1 0 0 0 0 1 1 1 1 1 1 1 0 0 1 0
SURVIVOR: 1 1 0 0 0 1 0 1 3 0 0 1 1 1 1 0 1 1 0 0 0 1 1 0 0 1 0
SURVIVOR: 1 1 0 0 0 1 0 1 3 0 1 1 0 0 1 1 1 1 1 1 0 0 1 0 0 0 0
SURVIVOR: 1 1 0 0 0 1 0 1 3 1 0 0 0 0 0 1 0 1 1 1 1 1 0 1 1 0 0
SURVIVOR: 1 1 0 0 0 1 0 1 3 1 0 0 1 1 1 1 0 1 0 0 0 1 0 1 1 0 0
SURVIVOR: 1 1 0 0 0 1 0 1 3 1 0 1 1 0 0 1 1 1 1 0 1 1 0 0 0 0 0
SURVIVOR: 1 1 0 0 0 1 0 1 3 1 1 0 0 1 0 1 1 1 0 1 1 0 0 1 0 0 0
SURVIVOR: 1 1 0 0 0 1 0 1 3 1 1 1 0 1 1 0 0 1 0 1 0 0 0 0 1 1 0
SURVIVOR: 1 1 0 0 0 1 1 0 3 0 0 0 1 0 1 0 0 1 1 0 0 1 1 1 1 1 0
SURVIVOR: 1 1 0 0 0 1 1 0 3 0 0 1 0 0 0 1 0 1 1 1 1 1 1 0 1 0 0
SURVIVOR: 1 1 0 0 0 1 1 0 3 0 0 1 1 1 1 1 0 1 0 0 0 1 1 0 1 0 0
SURVIVOR: 1 1 0 0 0 1 1 0 3 0 1 0 0 0 0 0 1 1 1 1 1 0 1 1 0 1 0
SURVIVOR: 1 1 0 0 0 1 1 0 3 0 1 0 1 1 1 0 1 1 0 0 0 0 1 1 0 1 0
SURVIVOR: 1 1 0 0 0 1 1 0 3 0 1 1 0 1 0 1 1 1 0 1 1 0 1 0 0 0 0
SURVIVOR: 1 1 0 0 0 1 1 0 3 1 0 1 0 0 1 1 1 1 1 1 0 1 0 0 0 0 0
SURVIVOR: 1 1 0 0 0 1 1 0 3 1 1 0 1 0 0 1 1 1 1 0 1 0 0 1 0 0 0
SURVIVOR: 1 1 0 0 0 1 1 0 3 1 1 1 1 0 1 0 0 1 1 0 0 0 0 0 1 1 0
SURVIVOR: 1 1 0 0 0 1 1 1 1 0 0 0 0 1 1 1 0 0 1 0 0 1 3 0 1 1 0
SURVIVOR: 1 1 0 0 0 1 1 1 1 0 0 0 1 0 1 0 1 0 0 1 0 3 1 0 1 1 0
SURVIVOR: 1 1 0 0 0 1 1 1 1 0 0 1 0 0 0 1 1 0 0 1 3 0 1 1 0 1 0
SURVIVOR: 1 1 0 0 0 1 1 1 1 0 0 1 0 0 0 1 1 0 1 0 3 1 0 1 1 0 0
SURVIVOR: 1 1 0 0 0 1 1 1 1 0 0 1 0 3 1 0 1 1 0 0 0 0 1 1 1 0 0
SURVIVOR: 1 1 0 0 0 1 1 1 1 0 0 1 3 0 1 1 0 1 0 0 0 1 0 1 0 1 0
SURVIVOR: 1 1 0 0 0 1 1 1 1 0 1 0 0 0 0 1 0 1 3 1 0 1 1 0 0 1 0
SURVIVOR: 1 1 0 0 0 1 1 1 1 0 1 0 3 1 0 1 1 0 0 0 0 1 0 1 0 1 0
SURVIVOR: 1 1 0 0 0 1 1 1 1 0 1 1 0 0 1 0 3 1 0 1 1 1 0 0 0 0 0
SURVIVOR: 1 1 0 0 0 1 1 1 1 0 1 1 0 1 0 0 1 3 1 1 0 0 0 1 0 0 0
SURVIVOR: 1 1 0 0 0 1 1 1 1 0 1 1 1 0 0 0 0 0 1 1 0 1 0 0 1 3 0
SURVIVOR: 1 1 0 0 0 1 1 1 1 0 1 3 0 1 1 0 1 0 0 0 1 0 0 0 1 1 0
SURVIVOR: 1 1 0 0 0 1 1 1 1 1 0 0 0 0 0 0 1 1 1 3 0 1 1 0 1 0 0
SURVIVOR: 1 1 0 0 0 1 1 1 1 1 0 0 1 3 0 1 1 0 0 0 0 0 1 1 1 0 0
SURVIVOR: 1 1 0 0 0 1 1 1 1 1 0 1 0 0 1 3 0 1 1 0 1 0 1 0 0 0 0
SURVIVOR: 1 1 0 0 0 1 1 1 1 1 0 1 0 1 0 0 0 0 1 1 0 0 1 0 3 1 0
SURVIVOR: 1 1 0 0 0 1 1 1 1 1 0 1 1 0 0 1 0 3 1 1 0 0 0 1 0 0 0
SURVIVOR: 1 1 0 0 0 1 1 1 1 1 0 3 1 0 1 1 0 0 0 0 1 0 0 0 1 1 0
SURVIVOR: 1 1 0 0 0 1 1 1 1 1 1 0 0 1 0 3 1 0 1 0 1 0 1 0 0 0 0
SURVIVOR: 1 1 0 0 0 1 1 1 1 1 1 0 1 0 0 1 3 0 0 1 1 1 0 0 0 0 0
SURVIVOR: 1 1 0 0 1 0 0 0 0 0 0 1 1 1 1 0 1 1 1 0 3 0 1 1 0 1 0
SURVIVOR: 1 1 0 0 1 0 0 0 0 0 0 1 3 1 0 1 0 1 1 1 1 1 1 0 0 1 0
SURVIVOR: 1 1 0 0 1 0 0 0 0 0 1 0 1 1 1 1 1 0 3 0 1 0 1 1 1 0 0
SURVIVOR: 1 1 0 0 1 0 0 0 0 0 1 0 1 3 0 1 0 1 1 1 1 1 0 1 1 0 0
SURVIVOR: 1 1 0 0 1 0 0 0 0 1 0 0 0 3 1 1 1 0 1 1 1 1 0 1 1 0 0
SURVIVOR: 1 1 0 0 1 0 0 0 0 1 0 0 1 1 1 1 0 1 0 3 1 1 1 0 1 0 0
SURVIVOR: 1 1 0 0 1 0 0 0 0 1 0 0 1 1 1 1 0 1 1 3 0 1 0 1 0 1 0
SURVIVOR: 1 1 0 0 1 0 0 0 0 1 0 0 3 0 1 0 1 1 1 1 1 1 1 0 0 1 0
SURVIVOR: 1 1 0 0 1 0 0 0 0 1 0 1 1 0 0 1 1 1 1 0 1 0 1 0 1 3 0
SURVIVOR: 1 1 0 0 1 0 0 0 0 1 1 0 0 1 0 1 1 1 1 0 1 0 0 1 3 1 0
SURVIVOR: 1 1 0 0 1 0 0 0 0 1 1 1 0 1 1 0 0 1 0 0 1 0 1 3 1 1 0
SURVIVOR: 1 1 0 0 1 0 0 0 0 1 1 1 1 0 1 1 0 0 1 0 0 0 3 1 1 1 0
SURVIVOR: 1 1 0 0 1 0 0 0 0 3 0 1 0 1 1 1 0 0 0 1 0 1 1 1 1 1 0
SURVIVOR: 1 1 0 0 1 0 0 0 0 3 1 0 1 0 1 0 0 1 0 1 0 1 1 1 1 1 0
SURVIVOR: 1 1 0 0 1 0 1 1 1 0 0 0 0 1 1 0 0 1 0 0 1 0 1 3 1 1 0
SURVIVOR: 1 1 0 0 1 0 1 1 1 0 0 0 1 0 1 1 0 0 1 0 0 0 3 1 1 1 0
SURVIVOR: 1 1 0 0 1 0 1 1 1 0 0 1 0 0 0 0 1 1 1 0 3 0 1 1 0 1 0
SURVIVOR: 1 1 0 0 1 0 1 1 1 0 0 1 3 1 0 1 0 1 0 0 0 1 1 0 0 1 0
SURVIVOR: 1 1 0 0 1 0 1 1 1 0 1 0 0 0 0 1 1 0 3 0 1 0 1 1 1 0 0
SURVIVOR: 1 1 0 0 1 0 1 1 1 0 1 0 1 3 0 1 0 1 0 0 0 1 0 1 1 0 0
SURVIVOR: 1 1 0 0 1 0 1 1 1 0 1 1 0 1 0 1 0 3 0 1 1 0 0 1 0 0 0
SURVIVOR: 1 1 0 0 1 0 1 1 1 0 1 1 1 0 0 3 0 1 1 1 0 0 1 0 0 0 0
SURVIVOR: 1 1 0 0 1 0 1 1 1 1 0 0 0 0 0 1 0 1 0 3 1 1 1 0 1 0 0
SURVIVOR: 1 1 0 0 1 0 1 1 1 1 0 0 0 0 0 1 0 1 1 3 0 1 0 1 0 1 0
SURVIVOR: 1 1 0 0 1 0 1 1 1 1 0 0 0 3 1 1 1 0 0 0 0 1 0 1 1 0 0
SURVIVOR: 1 1 0 0 1 0 1 1 1 1 0 0 3 0 1 0 1 1 0 0 0 1 1 0 0 1 0
SURVIVOR: 1 1 0 0 1 0 1 1 1 1 0 1 0 0 1 3 1 0 1 1 0 0 1 0 0 0 0
SURVIVOR: 1 1 0 0 1 0 1 1 1 1 0 1 0 1 0 1 3 0 1 0 1 1 0 0 0 0 0
SURVIVOR: 1 1 0 0 1 0 1 1 1 1 0 1 1 0 0 0 0 0 1 0 1 0 1 0 1 3 0
SURVIVOR: 1 1 0 0 1 0 1 1 1 1 1 0 0 0 1 0 1 3 0 1 1 0 0 1 0 0 0
SURVIVOR: 1 1 0 0 1 0 1 1 1 1 1 0 0 1 0 0 0 0 1 0 1 0 0 1 3 1 0
SURVIVOR: 1 1 0 0 1 0 1 1 1 1 1 0 1 0 0 0 3 1 1 0 1 1 0 0 0 0 0
SURVIVOR: 1 1 0 0 1 0 1 1 1 3 0 1 0 1 1 1 0 0 0 1 0 0 0 0 1 1 0
SURVIVOR: 1 1 0 0 1 0 1 1 1 3 1 0 1 0 1 0 0 1 0 1 0 0 0 0 1 1 0
SURVIVOR: 1 1 0 0 1 0 3 0 1 0 0 0 0 1 1 0 1 0 1 0 0 1 1 1 1 1 0
SURVIVOR: 1 1 0 0 1 0 3 0 1 0 1 0 0 0 0 0 1 1 1 1 1 1 1 0 1 0 0
SURVIVOR: 1 1 0 0 1 0 3 0 1 0 1 0 1 1 1 0 1 1 0 0 0 1 1 0 1 0 0
SURVIVOR: 1 1 0 0 1 0 3 0 1 0 1 1 0 1 0 1 1 1 1 1 0 1 0 0 0 0 0
SURVIVOR: 1 1 0 0 1 0 3 0 1 1 0 0 0 0 0 1 1 0 1 1 1 0 1 1 0 1 0
SURVIVOR: 1 1 0 0 1 0 3 0 1 1 0 0 1 1 1 1 1 0 0 0 0 0 1 1 0 1 0
SURVIVOR: 1 1 0 0 1 0 3 0 1 1 0 1 0 0 1 1 1 1 1 0 1 0 0 1 0 0 0
SURVIVOR: 1 1 0 0 1 0 3 0 1 1 1 0 1 0 0 1 1 1 0 1 1 0 1 0 0 0 0
SURVIVOR: 1 1 0 0 1 0 3 0 1 1 1 1 0 1 1 0 1 0 1 0 0 0 0 0 1 1 0
SURVIVOR: 1 1 0 0 1 0 3 1 0 0 0 0 1 0 1 0 1 0 0 0 1 1 1 1 1 1 0
SURVIVOR: 1 1 0 0 1 0 3 1 0 0 0 1 0 0 0 1 1 0 1 1 1 1 0 1 0 1 0
SURVIVOR: 1 1 0 0 1 0 3 1 0 0 0 1 1 1 1 1 1 0 0 0 0 1 0 1 0 1 0
SURVIVOR: 1 1 0 0 1 0 3 1 0 0 1 1 1 0 0 1 1 1 0 1 1 1 0 0 0 0 0
SURVIVOR: 1 1 0 0 1 0 3 1 0 1 0 0 0 0 0 0 1 1 1 1 1 0 1 1 1 0 0
SURVIVOR: 1 1 0 0 1 0 3 1 0 1 0 0 1 1 1 0 1 1 0 0 0 0 1 1 1 0 0
SURVIVOR: 1 1 0 0 1 0 3 1 0 1 0 1 0 1 0 1 1 1 1 1 0 0 0 1 0 0 0
SURVIVOR: 1 1 0 0 1 0 3 1 0 1 1 0 0 0 1 1 1 1 1 0 1 0 1 0 0 0 0
SURVIVOR: 1 1 0 0 1 0 3 1 0 1 1 1 1 0 1 0 1 0 0 0 1 0 0 0 1 1 0
SURVIVOR: 1 1 0 0 1 1 0 1 1 0 0 0 0 3 1 1 1 1 0 0 1 0 0 1 1 0 0
SURVIVOR: 1 1 0 0 1 1 0 1 1 0 0 0 1 1 1 1 0 3 0 1 0 0 0 1 0 1 0
SURVIVOR: 1 1 0 0 1 1 0 1 1 0 0 0 1 1 1 3 1 0 1 0 0 0 1 0 1 0 0
SURVIVOR: 1 1 0 0 1 1 0 1 1 0 0 0 3 1 0 1 1 1 1 0 0 1 0 0 0 1 0
SURVIVOR: 1 1 0 0 1 1 0 1 1 0 0 1 0 0 1 1 0 0 1 1 1 0 3 1 0 0 0
SURVIVOR: 1 1 0 0 1 1 0 1 1 0 0 1 0 1 0 0 1 0 1 0 3 1 1 1 0 0 0
SURVIVOR: 1 1 0 0 1 1 0 1 1 0 1 0 0 1 0 0 0 1 1 1 1 1 0 3 0 0 0
SURVIVOR: 1 1 0 0 1 1 0 1 1 0 1 0 1 0 0 1 0 0 3 1 0 1 1 1 0 0 0
SURVIVOR: 1 1 0 0 1 1 0 1 1 1 0 0 0 0 1 0 0 1 0 3 1 1 1 1 0 0 0
SURVIVOR: 1 1 0 0 1 1 0 1 1 1 0 0 0 1 0 1 0 0 0 0 0 1 1 1 3 1 0
SURVIVOR: 1 1 0 0 1 1 0 1 1 1 0 0 0 1 0 1 0 0 1 1 1 0 0 0 3 1 0
SURVIVOR: 1 1 0 0 1 1 0 1 1 1 0 0 1 0 0 0 1 0 1 1 1 3 1 0 0 0 0
SURVIVOR: 1 1 0 0 1 1 0 1 1 1 0 3 0 0 0 1 1 1 0 0 1 0 1 0 0 1 0
SURVIVOR: 1 1 0 0 1 1 0 1 1 1 0 3 1 1 1 0 0 0 0 0 1 0 1 0 0 1 0
SURVIVOR: 1 1 0 0 1 1 0 1 1 1 1 1 0 0 0 1 0 3 0 1 0 0 0 1 0 1 0
SURVIVOR: 1 1 0 0 1 1 0 1 1 1 1 1 0 0 0 3 1 0 1 0 0 0 1 0 1 0 0
SURVIVOR: 1 1 0 0 1 1 0 1 1 1 1 1 0 3 1 0 0 0 0 0 1 0 0 1 1 0 0
SURVIVOR: 1 1 0 0 1 1 0 1 1 1 1 1 3 1 0 0 0 0 1 0 0 1 0 0 0 1 0
SURVIVOR: 1 1 0 0 1 1 0 1 1 3 1 0 0 0 0 1 1 1 0 1 0 1 0 0 1 0 0
SURVIVOR: 1 1 0 0 1 1 0 1 1 3 1 0 1 1 1 0 0 0 0 1 0 1 0 0 1 0 0
SURVIVOR: 1 1 0 0 1 1 1 1 0 0 0 0 1 1 1 1 3 0 0 0 1 1 0 0 1 0 0
SURVIVOR: 1 1 0 0 1 1 1 1 0 0 0 0 1 1 1 3 0 1 1 0 0 0 1 0 0 1 0
SURVIVOR: 1 1 0 0 1 1 1 1 0 0 0 0 1 3 0 1 1 1 1 0 0 0 0 1 1 0 0
SURVIVOR: 1 1 0 0 1 1 1 1 0 0 0 0 3 0 1 1 1 1 0 1 0 1 0 0 0 1 0
SURVIVOR: 1 1 0 0 1 1 1 1 0 0 0 1 0 0 1 0 1 0 0 1 3 1 1 1 0 0 0
SURVIVOR: 1 1 0 0 1 1 1 1 0 0 0 1 0 1 0 0 0 1 1 1 1 0 1 3 0 0 0
SURVIVOR: 1 1 0 0 1 1 1 1 0 0 0 1 1 0 0 1 0 0 0 0 0 1 1 1 1 3 0
SURVIVOR: 1 1 0 0 1 1 1 1 0 0 0 1 1 0 0 1 0 0 1 1 1 0 0 0 1 3 0
SURVIVOR: 1 1 0 0 1 1 1 1 0 0 1 0 0 1 0 1 0 0 3 0 1 1 1 1 0 0 0
SURVIVOR: 1 1 0 0 1 1 1 1 0 0 1 0 1 0 0 0 1 0 1 1 1 3 0 1 0 0 0
SURVIVOR: 1 1 0 0 1 1 1 1 0 0 1 3 0 0 0 1 1 1 0 0 1 0 0 1 0 1 0
SURVIVOR: 1 1 0 0 1 1 1 1 0 0 1 3 1 1 1 0 0 0 0 0 1 0 0 1 0 1 0
SURVIVOR: 1 1 0 0 1 1 1 1 0 1 0 0 0 0 1 1 0 0 1 1 1 1 3 0 0 0 0
SURVIVOR: 1 1 0 0 1 1 1 1 0 1 0 0 1 0 0 0 0 1 1 3 0 1 1 1 0 0 0
SURVIVOR: 1 1 0 0 1 1 1 1 0 1 1 1 0 0 0 1 3 0 0 0 1 1 0 0 1 0 0
SURVIVOR: 1 1 0 0 1 1 1 1 0 1 1 1 0 0 0 3 0 1 1 0 0 0 1 0 0 1 0
SURVIVOR: 1 1 0 0 1 1 1 1 0 1 1 1 1 3 0 0 0 0 1 0 0 0 0 1 1 0 0
SURVIVOR: 1 1 0 0 1 1 1 1 0 1 1 1 3 0 1 0 0 0 0 1 0 1 0 0 0 1 0
SURVIVOR: 1 1 0 0 1 1 1 1 0 3 0 1 0 0 0 1 1 1 0 1 0 0 1 0 1 0 0
SURVIVOR: 1 1 0 0 1 1 1 1 0 3 0 1 1 1 1 0 0 0 0 1 0 0 1 0 1 0 0
SURVIVOR: 1 1 0 0 1 3 0 0 1 0 0 1 0 1 1 0 0 0 1 1 1 0 1 0 1 1 0
SURVIVOR: 1 1 0 0 1 3 0 0 1 0 0 1 0 1 1 1 1 1 0 0 0 0 1 0 1 1 0
SURVIVOR: 1 1 0 0 1 3 0 0 1 0 1 1 0 0 0 0 0 1 1 1 0 1 1 1 0 1 0
SURVIVOR: 1 1 0 0 1 3 0 0 1 0 1 1 1 1 1 0 0 1 1 1 0 0 0 0 0 1 0
SURVIVOR: 1 1 0 0 1 3 0 0 1 1 0 1 0 0 0 1 0 0 1 0 1 1 1 1 1 0 0
SURVIVOR: 1 1 0 0 1 3 0 0 1 1 0 1 1 1 1 1 0 0 1 0 1 0 0 0 1 0 0
SURVIVOR: 1 1 0 0 1 3 0 0 1 1 1 1 0 0 1 0 1 1 0 1 0 1 1 0 0 0 0
SURVIVOR: 1 1 0 0 1 3 0 0 1 1 1 1 0 1 0 1 1 0 0 0 1 0 1 1 0 0 0
SURVIVOR: 1 1 0 0 1 3 0 0 1 1 1 1 1 0 0 1 0 1 1 0 0 1 0 1 0 0 0
SURVIVOR: 1 1 0 0 3 1 1 0 0 1 0 0 1 0 1 0 0 0 1 1 1 0 1 0 1 1 0
SURVIVOR: 1 1 0 0 3 1 1 0 0 1 0 0 1 0 1 1 1 1 0 0 0 0 1 0 1 1 0
SURVIVOR: 1 1 0 0 3 1 1 0 0 1 0 1 0 0 0 1 0 0 1 1 0 1 1 1 0 1 0
SURVIVOR: 1 1 0 0 3 1 1 0 0 1 0 1 1 1 1 1 0 0 1 1 0 0 0 0 0 1 0
SURVIVOR: 1 1 0 0 3 1 1 0 0 1 1 0 0 0 0 0 1 0 1 0 1 1 1 1 1 0 0
SURVIVOR: 1 1 0 0 3 1 1 0 0 1 1 0 1 1 1 0 1 0 1 0 1 0 0 0 1 0 0
SURVIVOR: 1 1 0 0 3 1 1 0 0 1 1 1 0 0 1 0 1 1 0 0 1 0 1 1 0 0 0
SURVIVOR: 1 1 0 0 3 1 1 0 0 1 1 1 0 1 0 1 1 0 1 0 0 1 0 1 0 0 0
SURVIVOR: 1 1 0 0 3 1 1 0 0 1 1 1 1 0 0 1 0 1 0 1 0 1 1 0 0 0 0
SURVIVOR: 1 1 0 1 0 0 0 0 0 0 0 1 1 1 1 1 0 1 0 1 3 1 0 1 1 0 0
SURVIVOR: 1 1 0 1 0 0 0 0 0 0 0 1 1 3 0 0 1 1 1 1 1 1 1 0 1 0 0
SURVIVOR: 1 1 0 1 0 0 0 0 0 0 1 0 0 3 1 1 0 1 1 1 1 1 1 0 1 0 0
SURVIVOR: 1 1 0 1 0 0 0 0 0 0 1 0 1 1 1 0 1 1 3 0 1 1 1 0 0 1 0
SURVIVOR: 1 1 0 1 0 0 0 0 0 0 1 0 1 1 1 0 1 1 3 1 0 0 1 1 1 0 0
SURVIVOR: 1 1 0 1 0 0 0 0 0 0 1 0 3 0 1 1 1 0 1 1 1 0 1 1 0 1 0
SURVIVOR: 1 1 0 1 0 0 0 0 0 0 1 1 0 1 0 1 1 1 0 1 1 1 0 0 3 1 0
SURVIVOR: 1 1 0 1 0 0 0 0 0 0 3 1 1 0 1 0 1 0 1 0 0 1 1 1 1 1 0
SURVIVOR: 1 1 0 1 0 0 0 0 0 1 0 0 1 1 1 1 1 0 0 3 1 1 0 1 0 1 0
SURVIVOR: 1 1 0 1 0 0 0 0 0 1 0 0 3 1 0 0 1 1 1 1 1 0 1 1 0 1 0
SURVIVOR: 1 1 0 1 0 0 0 0 0 1 1 0 1 0 0 1 1 1 0 1 1 0 0 1 1 3 0
SURVIVOR: 1 1 0 1 0 0 0 0 0 1 1 1 0 1 1 0 1 0 0 1 0 3 0 1 1 1 0
SURVIVOR: 1 1 0 1 0 0 0 0 0 1 1 1 1 0 1 0 0 1 0 0 1 1 0 3 1 1 0
SURVIVOR: 1 1 0 1 0 0 0 0 0 1 3 0 0 1 1 0 0 1 1 0 0 1 1 1 1 1 0
SURVIVOR: 1 1 0 1 0 0 0 3 1 0 0 0 1 0 1 1 0 0 0 1 0 1 1 1 1 1 0
SURVIVOR: 1 1 0 1 0 0 0 3 1 0 1 0 0 0 0 1 1 0 1 1 1 1 0 1 1 0 0
SURVIVOR: 1 1 0 1 0 0 0 3 1 0 1 0 1 1 1 1 1 0 0 0 0 1 0 1 1 0 0
SURVIVOR: 1 1 0 1 0 0 0 3 1 0 1 1 0 0 1 1 1 1 0 1 1 0 0 1 0 0 0
SURVIVOR: 1 1 0 1 0 0 0 3 1 1 0 0 0 0 0 1 0 1 1 1 1 1 1 0 0 1 0
SURVIVOR: 1 1 0 1 0 0 0 3 1 1 0 0 1 1 1 1 0 1 0 0 0 1 1 0 0 1 0
SURVIVOR: 1 1 0 1 0 0 0 3 1 1 0 1 1 0 0 1 1 1 1 1 0 0 1 0 0 0 0
SURVIVOR: 1 1 0 1 0 0 0 3 1 1 1 0 0 1 0 1 1 1 1 0 1 1 0 0 0 0 0
SURVIVOR: 1 1 0 1 0 0 0 3 1 1 1 1 1 0 1 1 0 0 0 1 0 0 0 0 1 1 0
SURVIVOR: 1 1 0 1 0 0 1 1 1 0 0 0 0 1 1 0 1 0 0 1 0 3 0 1 1 1 0
SURVIVOR: 1 1 0 1 0 0 1 1 1 0 0 0 1 0 1 0 0 1 0 0 1 1 0 3 1 1 0
SURVIVOR: 1 1 0 1 0 0 1 1 1 0 0 1 0 0 0 1 0 1 0 1 3 1 0 1 1 0 0
SURVIVOR: 1 1 0 1 0 0 1 1 1 0 0 1 1 3 0 0 1 1 0 0 0 1 1 0 1 0 0
SURVIVOR: 1 1 0 1 0 0 1 1 1 0 1 0 0 0 0 0 1 1 3 0 1 1 1 0 0 1 0
SURVIVOR: 1 1 0 1 0 0 1 1 1 0 1 0 0 0 0 0 1 1 3 1 0 0 1 1 1 0 0
SURVIVOR: 1 1 0 1 0 0 1 1 1 0 1 0 0 3 1 1 0 1 0 0 0 1 1 0 1 0 0
SURVIVOR: 1 1 0 1 0 0 1 1 1 0 1 0 3 0 1 1 1 0 0 0 0 0 1 1 0 1 0
SURVIVOR: 1 1 0 1 0 0 1 1 1 0 1 1 0 0 1 1 3 0 1 1 0 1 0 0 0 0 0
SURVIVOR: 1 1 0 1 0 0 1 1 1 0 1 1 0 1 0 0 0 0 0 1 1 1 0 0 3 1 0
SURVIVOR: 1 1 0 1 0 0 1 1 1 0 1 1 1 0 0 3 1 0 0 1 1 0 1 0 0 0 0
SURVIVOR: 1 1 0 1 0 0 1 1 1 0 3 1 1 0 1 0 1 0 1 0 0 0 0 0 1 1 0
SURVIVOR: 1 1 0 1 0 0 1 1 1 1 0 0 0 0 0 1 1 0 0 3 1 1 0 1 0 1 0
SURVIVOR: 1 1 0 1 0 0 1 1 1 1 0 0 3 1 0 0 1 1 0 0 0 0 1 1 0 1 0
SURVIVOR: 1 1 0 1 0 0 1 1 1 1 0 1 0 1 0 0 3 1 1 1 0 1 0 0 0 0 0
SURVIVOR: 1 1 0 1 0 0 1 1 1 1 0 1 1 0 0 0 1 3 1 0 1 0 0 1 0 0 0
SURVIVOR: 1 1 0 1 0 0 1 1 1 1 1 0 0 0 1 1 0 3 1 0 1 0 0 1 0 0 0
SURVIVOR: 1 1 0 1 0 0 1 1 1 1 1 0 0 1 0 3 0 1 0 1 1 0 1 0 0 0 0
SURVIVOR: 1 1 0 1 0 0 1 1 1 1 1 0 1 0 0 0 0 0 0 1 1 0 0 1 1 3 0
SURVIVOR: 1 1 0 1 0 0 1 1 1 1 3 0 0 1 1 0 0 1 1 0 0 0 0 0 1 1 0
SURVIVOR: 1 1 0 1 0 0 1 3 0 0 0 0 0 1 1 1 0 0 0 0 1 1 1 1 1 1 0
SURVIVOR: 1 1 0 1 0 0 1 3 0 0 0 1 0 0 0 1 1 0 1 1 1 0 1 1 1 0 0
SURVIVOR: 1 1 0 1 0 0 1 3 0 0 0 1 1 1 1 1 1 0 0 0 0 0 1 1 1 0 0
SURVIVOR: 1 1 0 1 0 0 1 3 0 0 1 0 0 0 0 1 0 1 1 1 1 1 0 1 0 1 0
SURVIVOR: 1 1 0 1 0 0 1 3 0 0 1 0 1 1 1 1 0 1 0 0 0 1 0 1 0 1 0
SURVIVOR: 1 1 0 1 0 0 1 3 0 0 1 1 1 0 0 1 1 1 1 1 0 0 0 1 0 0 0
SURVIVOR: 1 1 0 1 0 0 1 3 0 1 0 1 0 1 0 1 1 1 1 0 1 0 1 0 0 0 0
SURVIVOR: 1 1 0 1 0 0 1 3 0 1 1 0 0 0 1 1 1 1 0 1 1 1 0 0 0 0 0
SURVIVOR: 1 1 0 1 0 0 1 3 0 1 1 1 0 1 1 1 0 0 0 0 1 0 0 0 1 1 0
SURVIVOR: 1 1 0 1 0 1 1 0 1 0 0 0 1 1 1 0 1 3 1 0 0 0 0 1 1 0 0
SURVIVOR: 1 1 0 1 0 1 1 0 1 0 0 0 1 1 1 1 3 0 0 1 0 1 0 0 0 1 0
SURVIVOR: 1 1 0 1 0 1 1 0 1 0 0 0 1 3 0 1 1 1 0 1 0 0 1 0 1 0 0
SURVIVOR: 1 1 0 1 0 1 1 0 1 0 0 0 3 0 1 1 1 1 0 0 1 0 0 1 0 1 0
SURVIVOR: 1 1 0 1 0 1 1 0 1 0 0 1 0 0 1 0 1 0 1 1 1 3 0 1 0 0 0
SURVIVOR: 1 1 0 1 0 1 1 0 1 0 0 1 1 0 0 1 0 0 0 1 3 1 1 1 0 0 0
SURVIVOR: 1 1 0 1 0 1 1 0 1 0 1 0 0 0 1 0 0 1 3 0 1 1 1 1 0 0 0
SURVIVOR: 1 1 0 1 0 1 1 0 1 0 1 0 0 1 0 1 0 0 1 1 1 1 3 0 0 0 0
SURVIVOR: 1 1 0 1 0 1 1 0 1 0 1 0 1 0 0 0 1 0 0 0 0 1 1 1 1 3 0
SURVIVOR: 1 1 0 1 0 1 1 0 1 0 1 0 1 0 0 0 1 0 1 1 1 0 0 0 1 3 0
SURVIVOR: 1 1 0 1 0 1 1 0 1 0 1 3 0 0 0 1 1 1 0 0 1 1 0 0 1 0 0
SURVIVOR: 1 1 0 1 0 1 1 0 1 0 1 3 1 1 1 0 0 0 0 0 1 1 0 0 1 0 0
SURVIVOR: 1 1 0 1 0 1 1 0 1 1 0 0 0 1 0 0 1 0 1 3 0 1 1 1 0 0 0
SURVIVOR: 1 1 0 1 0 1 1 0 1 1 0 0 1 0 0 0 0 1 1 1 1 0 1 3 0 0 0
SURVIVOR: 1 1 0 1 0 1 1 0 1 1 1 1 0 0 0 0 1 3 1 0 0 0 0 1 1 0 0
SURVIVOR: 1 1 0 1 0 1 1 0 1 1 1 1 0 0 0 1 3 0 0 1 0 1 0 0 0 1 0
SURVIVOR: 1 1 0 1 0 1 1 0 1 1 1 1 1 3 0 0 0 0 0 1 0 0 1 0 1 0 0
SURVIVOR: 1 1 0 1 0 1 1 0 1 1 1 1 3 0 1 0 0 0 0 0 1 0 0 1 0 1 0
SURVIVOR: 1 1 0 1 0 1 1 0 1 1 3 0 0 0 0 1 1 1 1 0 0 0 1 0 0 1 0
SURVIVOR: 1 1 0 1 0 1 1 0 1 1 3 0 1 1 1 0 0 0 1 0 0 0 1 0 0 1 0
SURVIVOR: 1 1 0 1 0 1 1 1 0 0 0 0 0 3 1 1 1 1 1 0 0 0 1 0 1 0 0
SURVIVOR: 1 1 0 1 0 1 1 1 0 0 0 0 1 1 1 0 3 1 0 1 0 1 0 0 1 0 0
SURVIVOR: 1 1 0 1 0 1 1 1 0 0 0 0 1 1 1 3 1 0 0 0 1 0 1 0 0 1 0
SURVIVOR: 1 1 0 1 0 1 1 1 0 0 0 0 3 1 0 1 1 1 0 1 0 0 0 1 0 1 0
SURVIVOR: 1 1 0 1 0 1 1 1 0 0 0 1 0 0 1 1 0 0 1 0 3 1 1 1 0 0 0
SURVIVOR: 1 1 0 1 0 1 1 1 0 0 0 1 0 1 0 0 1 0 0 0 0 1 1 1 3 1 0
SURVIVOR: 1 1 0 1 0 1 1 1 0 0 0 1 0 1 0 0 1 0 1 1 1 0 0 0 3 1 0
SURVIVOR: 1 1 0 1 0 1 1 1 0 0 0 1 1 0 0 0 0 1 1 1 1 1 0 3 0 0 0
SURVIVOR: 1 1 0 1 0 1 1 1 0 0 1 0 0 0 1 0 1 0 1 1 1 3 1 0 0 0 0
SURVIVOR: 1 1 0 1 0 1 1 1 0 0 1 0 0 1 0 0 0 1 3 1 0 1 1 1 0 0 0
SURVIVOR: 1 1 0 1 0 1 1 1 0 0 3 1 0 0 0 1 1 1 1 0 0 1 0 0 0 1 0
SURVIVOR: 1 1 0 1 0 1 1 1 0 0 3 1 1 1 1 0 0 0 1 0 0 1 0 0 0 1 0
SURVIVOR: 1 1 0 1 0 1 1 1 0 1 0 0 0 1 0 1 0 0 1 1 1 0 3 1 0 0 0
SURVIVOR: 1 1 0 1 0 1 1 1 0 1 0 0 1 0 0 0 1 0 0 3 1 1 1 1 0 0 0
SURVIVOR: 1 1 0 1 0 1 1 1 0 1 0 3 0 0 0 1 1 1 0 0 1 0 0 1 1 0 0
SURVIVOR: 1 1 0 1 0 1 1 1 0 1 0 3 1 1 1 0 0 0 0 0 1 0 0 1 1 0 0
SURVIVOR: 1 1 0 1 0 1 1 1 0 1 1 1 0 0 0 0 3 1 0 1 0 1 0 0 1 0 0
SURVIVOR: 1 1 0 1 0 1 1 1 0 1 1 1 0 0 0 3 1 0 0 0 1 0 1 0 0 1 0
SURVIVOR: 1 1 0 1 0 1 1 1 0 1 1 1 0 3 1 0 0 0 1 0 0 0 1 0 1 0 0
SURVIVOR: 1 1 0 1 0 1 1 1 0 1 1 1 3 1 0 0 0 0 0 1 0 0 0 1 0 1 0
SURVIVOR: 1 1 0 1 0 3 0 0 1 0 0 1 1 0 1 0 0 0 1 1 1 1 0 0 1 1 0
SURVIVOR: 1 1 0 1 0 3 0 0 1 0 0 1 1 0 1 1 1 1 0 0 0 1 0 0 1 1 0
SURVIVOR: 1 1 0 1 0 3 0 0 1 0 1 1 0 0 0 0 1 0 0 1 1 1 1 1 0 1 0
SURVIVOR: 1 1 0 1 0 3 0 0 1 0 1 1 1 1 1 0 1 0 0 1 1 0 0 0 0 1 0
SURVIVOR: 1 1 0 1 0 3 0 0 1 1 0 1 0 0 0 0 0 1 1 1 0 1 1 1 1 0 0
SURVIVOR: 1 1 0 1 0 3 0 0 1 1 0 1 1 1 1 0 0 1 1 1 0 0 0 0 1 0 0
SURVIVOR: 1 1 0 1 0 3 0 0 1 1 1 1 0 0 1 1 0 1 1 0 0 1 1 0 0 0 0
SURVIVOR: 1 1 0 1 0 3 0 0 1 1 1 1 0 1 0 0 1 1 0 1 0 0 1 1 0 0 0
SURVIVOR: 1 1 0 1 0 3 0 0 1 1 1 1 1 0 0 1 1 0 0 0 1 1 0 1 0 0 0
SURVIVOR: 1 1 0 1 1 0 0 1 1 0 0 0 1 1 1 0 1 3 0 0 1 0 0 1 0 1 0
SURVIVOR: 1 1 0 1 1 0 0 1 1 0 0 0 1 1 1 3 0 1 0 1 0 0 1 0 1 0 0
SURVIVOR: 1 1 0 1 1 0 0 1 1 0 0 0 1 3 0 1 1 1 0 0 1 1 0 0 1 0 0
SURVIVOR: 1 1 0 1 1 0 0 1 1 0 0 0 3 0 1 1 1 1 1 0 0 0 1 0 0 1 0
SURVIVOR: 1 1 0 1 1 0 0 1 1 0 0 1 0 1 0 0 0 1 0 1 3 1 1 1 0 0 0
SURVIVOR: 1 1 0 1 1 0 0 1 1 0 0 1 1 0 0 1 0 0 1 1 1 1 3 0 0 0 0
SURVIVOR: 1 1 0 1 1 0 0 1 1 0 1 0 0 0 1 0 0 1 1 1 1 0 1 3 0 0 0
SURVIVOR: 1 1 0 1 1 0 0 1 1 0 1 0 1 0 0 0 1 0 3 0 1 1 1 1 0 0 0
SURVIVOR: 1 1 0 1 1 0 0 1 1 1 0 0 0 0 1 1 0 0 1 3 0 1 1 1 0 0 0
SURVIVOR: 1 1 0 1 1 0 0 1 1 1 0 0 0 1 0 0 1 0 1 1 1 3 0 1 0 0 0
SURVIVOR: 1 1 0 1 1 0 0 1 1 1 0 0 1 0 0 0 0 1 0 0 0 1 1 1 1 3 0
SURVIVOR: 1 1 0 1 1 0 0 1 1 1 0 0 1 0 0 0 0 1 1 1 1 0 0 0 1 3 0
SURVIVOR: 1 1 0 1 1 0 0 1 1 1 1 1 0 0 0 0 1 3 0 0 1 0 0 1 0 1 0
SURVIVOR: 1 1 0 1 1 0 0 1 1 1 1 1 0 0 0 3 0 1 0 1 0 0 1 0 1 0 0
SURVIVOR: 1 1 0 1 1 0 0 1 1 1 1 1 1 3 0 0 0 0 0 0 1 1 0 0 1 0 0
SURVIVOR: 1 1 0 1 1 0 0 1 1 1 1 1 3 0 1 0 0 0 1 0 0 0 1 0 0 1 0
SURVIVOR: 1 1 0 1 1 0 0 1 1 1 3 0 0 0 0 1 1 1 1 0 0 0 0 1 1 0 0
SURVIVOR: 1 1 0 1 1 0 0 1 1 1 3 0 1 1 1 0 0 0 1 0 0 0 0 1 1 0 0
SURVIVOR: 1 1 0 1 1 0 0 1 1 3 0 1 0 0 0 1 1 1 0 1 0 1 0 0 0 1 0
SURVIVOR: 1 1 0 1 1 0 0 1 1 3 0 1 1 1 1 0 0 0 0 1 0 1 0 0 0 1 0
SURVIVOR: 1 1 0 1 1 0 1 0 1 0 0 0 0 3 1 1 1 1 0 1 0 1 0 0 1 0 0
SURVIVOR: 1 1 0 1 1 0 1 0 1 0 0 0 1 1 1 0 3 1 1 0 0 1 0 0 0 1 0
SURVIVOR: 1 1 0 1 1 0 1 0 1 0 0 0 1 1 1 1 0 3 0 0 1 0 0 1 1 0 0
SURVIVOR: 1 1 0 1 1 0 1 0 1 0 0 0 3 1 0 1 1 1 0 0 1 0 1 0 0 1 0
SURVIVOR: 1 1 0 1 1 0 1 0 1 0 0 1 0 1 0 0 1 0 1 1 1 3 1 0 0 0 0
SURVIVOR: 1 1 0 1 1 0 1 0 1 0 0 1 1 0 0 0 0 1 1 0 3 1 1 1 0 0 0
SURVIVOR: 1 1 0 1 1 0 1 0 1 0 1 0 0 0 1 0 1 0 3 1 0 1 1 1 0 0 0
SURVIVOR: 1 1 0 1 1 0 1 0 1 0 1 0 0 1 0 0 0 1 0 0 0 1 1 1 3 1 0
SURVIVOR: 1 1 0 1 1 0 1 0 1 0 1 0 0 1 0 0 0 1 1 1 1 0 0 0 3 1 0
SURVIVOR: 1 1 0 1 1 0 1 0 1 0 1 0 1 0 0 1 0 0 1 1 1 0 3 1 0 0 0
SURVIVOR: 1 1 0 1 1 0 1 0 1 0 3 1 0 0 0 1 1 1 1 0 0 0 1 0 1 0 0
SURVIVOR: 1 1 0 1 1 0 1 0 1 0 3 1 1 1 1 0 0 0 1 0 0 0 1 0 1 0 0
SURVIVOR: 1 1 0 1 1 0 1 0 1 1 0 0 0 0 1 0 0 1 1 1 1 1 0 3 0 0 0
SURVIVOR: 1 1 0 1 1 0 1 0 1 1 0 0 0 1 0 1 0 0 0 3 1 1 1 1 0 0 0
SURVIVOR: 1 1 0 1 1 0 1 0 1 1 1 1 0 0 0 0 3 1 1 0 0 1 0 0 0 1 0
SURVIVOR: 1 1 0 1 1 0 1 0 1 1 1 1 0 0 0 1 0 3 0 0 1 0 0 1 1 0 0
SURVIVOR: 1 1 0 1 1 0 1 0 1 1 1 1 0 3 1 0 0 0 0 1 0 1 0 0 1 0 0
SURVIVOR: 1 1 0 1 1 0 1 0 1 1 1 1 3 1 0 0 0 0 0 0 1 0 1 0 0 1 0
SURVIVOR: 1 1 0 1 1 0 1 0 1 3 1 0 0 0 0 1 1 1 0 1 0 0 0 1 0 1 0
SURVIVOR: 1 1 0 1 1 0 1 0 1 3 1 0 1 1 1 0 0 0 0 1 0 0 0 1 0 1 0
SURVIVOR: 1 1 0 1 1 1 0 0 1 0 0 0 0 1 0 1 0 1 0 1 0 1 1 0 3 1 0
SURVIVOR: 1 1 0 1 1 1 0 0 1 0 0 0 1 0 0 0 1 1 1 0 0 1 1 0 1 3 0
SURVIVOR: 1 1 0 1 1 1 0 0 1 0 1 0 0 1 1 0 1 3 0 0 0 0 0 1 1 1 0
SURVIVOR: 1 1 0 1 1 1 0 0 1 0 1 0 1 0 1 0 0 0 3 1 0 0 1 0 1 1 0
SURVIVOR: 1 1 0 1 1 1 0 0 1 0 1 1 0 0 0 1 0 0 1 1 0 1 3 0 1 0 0
SURVIVOR: 1 1 0 1 1 1 0 0 1 0 1 1 0 3 1 0 0 1 0 1 1 0 0 0 1 0 0
SURVIVOR: 1 1 0 1 1 1 0 0 1 0 1 3 0 1 0 0 1 1 0 0 1 1 1 0 0 0 0
SURVIVOR: 1 1 0 1 1 1 0 0 1 0 3 1 0 0 1 0 1 1 1 0 0 0 1 1 0 0 0
SURVIVOR: 1 1 0 1 1 1 0 0 1 1 0 0 0 1 1 0 0 0 1 3 0 1 0 0 1 1 0
SURVIVOR: 1 1 0 1 1 1 0 0 1 1 0 0 1 0 1 1 0 3 0 0 0 0 0 1 1 1 0
SURVIVOR: 1 1 0 1 1 1 0 0 1 1 0 1 0 0 0 0 1 0 1 1 0 3 1 0 0 1 0
SURVIVOR: 1 1 0 1 1 1 0 0 1 1 0 1 3 0 1 0 0 1 1 0 1 0 0 0 0 1 0
SURVIVOR: 1 1 0 1 1 1 0 0 1 1 0 3 1 0 0 1 0 1 0 0 1 1 1 0 0 0 0
SURVIVOR: 1 1 0 1 1 1 0 0 1 1 1 0 0 0 0 0 0 1 0 1 1 0 1 3 0 1 0
SURVIVOR: 1 1 0 1 1 1 0 0 1 1 1 0 0 0 0 0 0 1 1 0 1 1 0 3 1 0 0
SURVIVOR: 1 1 0 1 1 1 0 0 1 1 1 0 1 3 0 1 0 0 0 1 1 0 0 0 1 0 0
SURVIVOR: 1 1 0 1 1 1 0 0 1 1 1 0 3 1 0 0 1 0 1 0 1 0 0 0 0 1 0
SURVIVOR: 1 1 0 1 1 1 0 0 1 1 3 0 1 0 0 1 1 0 1 0 0 0 1 1 0 0 0
SURVIVOR: 1 1 0 1 1 1 0 0 1 3 0 1 0 0 1 1 0 1 0 1 0 1 0 1 0 0 0
SURVIVOR: 1 1 0 1 1 1 0 0 1 3 1 0 0 1 0 1 1 0 0 1 0 1 0 1 0 0 0
SURVIVOR: 1 1 0 1 1 1 0 1 0 0 0 0 0 1 0 1 1 0 0 0 1 1 0 1 3 1 0
SURVIVOR: 1 1 0 1 1 1 0 1 0 0 0 0 1 0 0 1 0 1 0 1 0 1 0 1 1 3 0
SURVIVOR: 1 1 0 1 1 1 0 1 0 0 0 1 0 1 1 0 0 0 0 1 3 0 0 1 1 1 0
SURVIVOR: 1 1 0 1 1 1 0 1 0 0 0 1 1 0 1 3 1 0 0 0 0 0 1 0 1 1 0
SURVIVOR: 1 1 0 1 1 1 0 1 0 0 1 1 0 0 0 0 0 1 0 1 1 1 0 3 0 1 0
SURVIVOR: 1 1 0 1 1 1 0 1 0 0 1 1 3 0 1 1 0 0 1 1 0 0 0 0 0 1 0
SURVIVOR: 1 1 0 1 1 1 0 1 0 0 1 3 0 0 1 1 1 0 0 0 1 0 1 1 0 0 0
SURVIVOR: 1 1 0 1 1 1 0 1 0 0 3 1 1 0 0 1 1 0 1 0 0 1 0 1 0 0 0
SURVIVOR: 1 1 0 1 1 1 0 1 0 1 0 0 0 1 1 3 0 1 0 0 0 0 1 0 1 1 0
SURVIVOR: 1 1 0 1 1 1 0 1 0 1 0 0 1 0 1 0 0 0 0 3 1 1 0 0 1 1 0
SURVIVOR: 1 1 0 1 1 1 0 1 0 1 0 1 0 0 0 1 0 0 1 0 1 1 3 0 0 1 0
SURVIVOR: 1 1 0 1 1 1 0 1 0 1 0 1 0 0 0 1 0 0 1 1 0 0 3 1 1 0 0
SURVIVOR: 1 1 0 1 1 1 0 1 0 1 0 1 1 3 0 0 1 0 1 0 1 0 0 0 1 0 0
SURVIVOR: 1 1 0 1 1 1 0 1 0 1 0 1 3 1 0 0 0 1 1 1 0 0 0 0 0 1 0
SURVIVOR: 1 1 0 1 1 1 0 1 0 1 0 3 0 1 0 0 1 1 0 0 1 0 1 1 0 0 0
SURVIVOR: 1 1 0 1 1 1 0 1 0 1 1 0 0 0 0 0 1 0 0 1 1 3 0 1 1 0 0
SURVIVOR: 1 1 0 1 1 1 0 1 0 1 1 0 0 3 1 1 0 0 1 0 1 0 0 0 1 0 0
SURVIVOR: 1 1 0 1 1 1 0 1 0 1 3 0 0 1 0 1 0 1 1 0 0 1 0 1 0 0 0
SURVIVOR: 1 1 0 1 1 1 0 1 0 3 0 1 1 0 0 0 1 1 0 1 0 1 1 0 0 0 0
SURVIVOR: 1 1 0 1 1 1 0 1 0 3 1 0 0 0 1 1 0 1 0 1 0 1 1 0 0 0 0
SURVIVOR: 1 1 0 1 1 1 1 0 0 0 0 0 0 1 0 0 1 1 1 0 0 0 1 1 3 1 0
SURVIVOR: 1 1 0 1 1 1 1 0 0 0 0 0 1 0 0 1 1 0 0 0 1 0 1 1 1 3 0
SURVIVOR: 1 1 0 1 1 1 1 0 0 0 0 1 0 1 1 1 3 0 0 0 0 1 0 0 1 1 0
SURVIVOR: 1 1 0 1 1 1 1 0 0 0 0 1 1 0 1 0 0 0 1 0 3 0 0 1 1 1 0
SURVIVOR: 1 1 0 1 1 1 1 0 0 0 1 0 0 1 1 0 0 0 3 0 1 0 1 0 1 1 0
SURVIVOR: 1 1 0 1 1 1 1 0 0 0 1 0 1 0 1 0 3 1 0 0 0 1 0 0 1 1 0
SURVIVOR: 1 1 0 1 1 1 1 0 0 0 1 1 0 0 0 0 1 0 0 1 1 3 1 0 1 0 0
SURVIVOR: 1 1 0 1 1 1 1 0 0 0 1 1 0 0 0 0 1 0 1 1 0 3 0 1 0 1 0
SURVIVOR: 1 1 0 1 1 1 1 0 0 0 1 1 1 3 0 0 0 1 1 1 0 0 0 0 1 0 0
SURVIVOR: 1 1 0 1 1 1 1 0 0 0 1 1 3 1 0 1 0 0 0 1 1 0 0 0 0 1 0
SURVIVOR: 1 1 0 1 1 1 1 0 0 0 1 3 1 0 0 1 0 1 0 0 1 1 0 1 0 0 0
SURVIVOR: 1 1 0 1 1 1 1 0 0 0 3 1 0 1 0 1 0 1 1 0 0 1 1 0 0 0 0
SURVIVOR: 1 1 0 1 1 1 1 0 0 1 0 1 0 0 0 0 0 1 1 0 1 0 1 3 1 0 0
SURVIVOR: 1 1 0 1 1 1 1 0 0 1 0 1 0 3 1 0 1 0 1 1 0 0 0 0 1 0 0
SURVIVOR: 1 1 0 1 1 1 1 0 0 1 0 3 0 0 1 1 1 0 0 0 1 1 0 1 0 0 0
SURVIVOR: 1 1 0 1 1 1 1 0 0 1 1 0 0 0 0 1 0 0 1 0 1 0 3 1 0 1 0
SURVIVOR: 1 1 0 1 1 1 1 0 0 1 1 0 3 0 1 0 1 0 0 1 1 0 0 0 0 1 0
SURVIVOR: 1 1 0 1 1 1 1 0 0 1 3 0 0 0 1 0 1 1 1 0 0 1 1 0 0 0 0
SURVIVOR: 1 1 0 1 1 1 1 0 0 3 0 1 0 1 0 1 1 0 0 1 0 0 1 1 0 0 0
SURVIVOR: 1 1 0 1 1 1 1 0 0 3 1 0 1 0 0 0 1 1 0 1 0 0 1 1 0 0 0
SURVIVOR: 1 1 0 1 3 0 1 0 0 1 0 0 0 1 1 0 0 0 1 1 1 0 0 1 1 1 0
SURVIVOR: 1 1 0 1 3 0 1 0 0 1 0 0 0 1 1 1 1 1 0 0 0 0 0 1 1 1 0
SURVIVOR: 1 1 0 1 3 0 1 0 0 1 0 1 0 0 0 0 1 0 1 0 1 1 1 1 0 1 0
SURVIVOR: 1 1 0 1 3 0 1 0 0 1 0 1 1 1 1 0 1 0 1 0 1 0 0 0 0 1 0
SURVIVOR: 1 1 0 1 3 0 1 0 0 1 1 0 0 0 0 0 0 1 0 1 1 1 1 1 1 0 0
SURVIVOR: 1 1 0 1 3 0 1 0 0 1 1 0 1 1 1 0 0 1 0 1 1 0 0 0 1 0 0
SURVIVOR: 1 1 0 1 3 0 1 0 0 1 1 1 0 0 1 1 1 0 1 0 0 0 1 1 0 0 0
SURVIVOR: 1 1 0 1 3 0 1 0 0 1 1 1 0 1 0 1 0 1 0 1 0 1 0 1 0 0 0
SURVIVOR: 1 1 0 1 3 0 1 0 0 1 1 1 1 0 0 0 1 1 0 0 1 1 1 0 0 0 0
SURVIVOR: 1 1 0 3 0 1 0 1 0 0 1 0 0 1 1 0 0 0 1 1 1 1 0 0 1 1 0
SURVIVOR: 1 1 0 3 0 1 0 1 0 0 1 0 0 1 1 1 1 1 0 0 0 1 0 0 1 1 0
SURVIVOR: 1 1 0 3 0 1 0 1 0 0 1 1 0 0 0 0 1 0 1 1 0 1 1 1 1 0 0
SURVIVOR: 1 1 0 3 0 1 0 1 0 0 1 1 1 1 1 0 1 0 1 1 0 0 0 0 1 0 0
SURVIVOR: 1 1 0 3 0 1 0 1 0 1 1 0 0 0 0 1 0 0 0 1 1 1 1 1 0 1 0
SURVIVOR: 1 1 0 3 0 1 0 1 0 1 1 0 1 1 1 1 0 0 0 1 1 0 0 0 0 1 0
SURVIVOR: 1 1 0 3 0 1 0 1 0 1 1 1 0 0 1 1 0 1 0 0 1 1 0 1 0 0 0
SURVIVOR: 1 1 0 3 0 1 0 1 0 1 1 1 0 1 0 0 1 1 1 0 0 1 1 0 0 0 0
SURVIVOR: 1 1 0 3 0 1 0 1 0 1 1 1 1 0 0 1 1 0 0 1 0 0 1 1 0 0 0
SURVIVOR: 1 1 0 3 1 0 0 1 0 0 1 0 1 0 1 0 0 0 1 1 1 0 0 1 1 1 0
SURVIVOR: 1 1 0 3 1 0 0 1 0 0 1 0 1 0 1 1 1 1 0 0 0 0 0 1 1 1 0
SURVIVOR: 1 1 0 3 1 0 0 1 0 0 1 1 0 0 0 1 0 0 0 1 1 1 1 1 1 0 0
SURVIVOR: 1 1 0 3 1 0 0 1 0 0 1 1 1 1 1 1 0 0 0 1 1 0 0 0 1 0 0
SURVIVOR: 1 1 0 3 1 0 0 1 0 1 1 0 0 0 0 0 0 1 1 0 1 1 1 1 0 1 0
SURVIVOR: 1 1 0 3 1 0 0 1 0 1 1 0 1 1 1 0 0 1 1 0 1 0 0 0 0 1 0
SURVIVOR: 1 1 0 3 1 0 0 1 0 1 1 1 0 0 1 1 1 0 0 1 0 1 0 1 0 0 0
SURVIVOR: 1 1 0 3 1 0 0 1 0 1 1 1 0 1 0 1 0 1 0 0 1 1 1 0 0 0 0
SURVIVOR: 1 1 0 3 1 0 0 1 0 1 1 1 1 0 0 0 1 1 1 0 0 0 1 1 0 0 0
SURVIVOR: 1 1 1 0 0 0 0 1 3 0 0 1 0 1 0 0 0 1 0 1 1 1 1 0 1 1 0
SURVIVOR: 1 1 1 0 0 0 0 1 3 0 1 0 0 0 1 0 0 1 1 1 0 0 1 1 1 1 0
SURVIVOR: 1 1 1 0 0 0 0 1 3 0 1 1 0 1 1 1 0 1 0 1 0 0 1 0 1 0 0
SURVIVOR: 1 1 1 0 0 0 0 1 3 0 1 1 1 0 1 0 1 1 1 0 0 0 1 0 0 1 0
SURVIVOR: 1 1 1 0 0 0 0 1 3 1 0 0 1 0 0 0 0 1 1 0 1 1 0 1 1 1 0
SURVIVOR: 1 1 1 0 0 0 0 1 3 1 0 1 0 1 1 0 1 1 0 1 0 1 0 0 0 1 0
SURVIVOR: 1 1 1 0 0 0 0 1 3 1 0 1 1 1 0 1 0 1 0 0 1 1 0 0 1 0 0
SURVIVOR: 1 1 1 0 0 0 0 1 3 1 1 0 1 0 1 1 0 1 1 0 0 0 0 1 1 0 0
SURVIVOR: 1 1 1 0 0 0 0 1 3 1 1 0 1 1 0 0 1 1 0 0 1 0 0 1 0 1 0
SURVIVOR: 1 1 1 0 0 0 0 3 1 0 0 1 0 0 1 1 0 0 0 1 1 0 1 1 1 1 0
SURVIVOR: 1 1 1 0 0 0 0 3 1 0 1 0 1 0 0 1 0 0 1 1 0 1 0 1 1 1 0
SURVIVOR: 1 1 1 0 0 0 0 3 1 0 1 1 0 1 1 1 1 0 0 0 1 0 0 1 1 0 0
SURVIVOR: 1 1 1 0 0 0 0 3 1 0 1 1 1 0 1 1 0 1 0 1 0 0 0 1 0 1 0
SURVIVOR: 1 1 1 0 0 0 0 3 1 1 0 0 0 1 0 1 0 0 1 0 1 1 1 0 1 1 0
SURVIVOR: 1 1 1 0 0 0 0 3 1 1 0 1 0 1 1 1 0 1 0 0 1 0 1 0 0 1 0
SURVIVOR: 1 1 1 0 0 0 0 3 1 1 0 1 1 1 0 1 1 0 1 0 0 0 1 0 1 0 0
SURVIVOR: 1 1 1 0 0 0 0 3 1 1 1 0 1 0 1 1 1 0 0 1 0 1 0 0 1 0 0
SURVIVOR: 1 1 1 0 0 0 0 3 1 1 1 0 1 1 0 1 0 1 1 0 0 1 0 0 0 1 0
SURVIVOR: 1 1 1 0 0 0 1 0 3 0 0 1 1 0 0 0 0 1 1 0 1 1 1 0 1 1 0
SURVIVOR: 1 1 1 0 0 0 1 0 3 0 1 0 0 1 0 0 0 1 0 1 1 0 1 1 1 1 0
SURVIVOR: 1 1 1 0 0 0 1 0 3 0 1 1 1 0 1 1 0 1 1 0 0 0 1 0 1 0 0
SURVIVOR: 1 1 1 0 0 0 1 0 3 0 1 1 1 1 0 0 1 1 0 0 1 0 1 0 0 1 0
SURVIVOR: 1 1 1 0 0 0 1 0 3 1 0 0 0 0 1 0 0 1 1 1 0 1 0 1 1 1 0
SURVIVOR: 1 1 1 0 0 0 1 0 3 1 0 1 0 1 1 1 0 1 0 1 0 1 0 0 1 0 0
SURVIVOR: 1 1 1 0 0 0 1 0 3 1 0 1 1 0 1 0 1 1 1 0 0 1 0 0 0 1 0
SURVIVOR: 1 1 1 0 0 0 1 0 3 1 1 0 0 1 1 0 1 1 0 1 0 0 0 1 0 1 0
SURVIVOR: 1 1 1 0 0 0 1 0 3 1 1 0 1 1 0 1 0 1 0 0 1 0 0 1 1 0 0
SURVIVOR: 1 1 1 0 0 0 1 3 0 0 0 1 1 0 0 1 0 0 1 1 0 0 1 1 1 1 0
SURVIVOR: 1 1 1 0 0 0 1 3 0 0 1 0 0 1 0 1 0 0 1 0 1 1 0 1 1 1 0
SURVIVOR: 1 1 1 0 0 0 1 3 0 0 1 1 0 1 1 1 0 1 0 0 1 0 0 1 0 1 0
SURVIVOR: 1 1 1 0 0 0 1 3 0 0 1 1 1 1 0 1 1 0 1 0 0 0 0 1 1 0 0
SURVIVOR: 1 1 1 0 0 0 1 3 0 1 0 0 0 0 1 1 0 0 0 1 1 1 1 0 1 1 0
SURVIVOR: 1 1 1 0 0 0 1 3 0 1 0 1 1 0 1 1 1 0 0 1 0 0 1 0 1 0 0
SURVIVOR: 1 1 1 0 0 0 1 3 0 1 0 1 1 1 0 1 0 1 1 0 0 0 1 0 0 1 0
SURVIVOR: 1 1 1 0 0 0 1 3 0 1 1 0 0 1 1 1 1 0 0 0 1 1 0 0 1 0 0
SURVIVOR: 1 1 1 0 0 0 1 3 0 1 1 0 1 0 1 1 0 1 0 1 0 1 0 0 0 1 0
SURVIVOR: 1 1 1 0 0 0 3 0 1 0 0 1 0 0 1 0 1 0 1 0 1 1 0 1 1 1 0
SURVIVOR: 1 1 1 0 0 0 3 0 1 0 1 0 1 0 0 0 1 0 0 1 1 1 1 0 1 1 0
SURVIVOR: 1 1 1 0 0 0 3 0 1 0 1 1 1 0 1 0 1 1 0 0 1 1 0 0 1 0 0
SURVIVOR: 1 1 1 0 0 0 3 0 1 0 1 1 1 1 0 1 1 0 0 1 0 1 0 0 0 1 0
SURVIVOR: 1 1 1 0 0 0 3 0 1 1 0 0 0 1 0 0 1 0 1 1 0 0 1 1 1 1 0
SURVIVOR: 1 1 1 0 0 0 3 0 1 1 0 1 0 1 1 0 1 1 1 0 0 0 0 1 1 0 0
SURVIVOR: 1 1 1 0 0 0 3 0 1 1 0 1 1 0 1 1 1 0 0 0 1 0 0 1 0 1 0
SURVIVOR: 1 1 1 0 0 0 3 0 1 1 1 0 0 1 1 1 1 0 1 0 0 0 1 0 0 1 0
SURVIVOR: 1 1 1 0 0 0 3 0 1 1 1 0 1 1 0 0 1 1 0 1 0 0 1 0 1 0 0
SURVIVOR: 1 1 1 0 0 0 3 1 0 0 0 1 0 1 0 0 1 0 1 1 0 1 0 1 1 1 0
SURVIVOR: 1 1 1 0 0 0 3 1 0 0 1 0 0 0 1 0 1 0 1 0 1 1 1 0 1 1 0
SURVIVOR: 1 1 1 0 0 0 3 1 0 0 1 1 0 1 1 1 1 0 1 0 0 1 0 0 0 1 0
SURVIVOR: 1 1 1 0 0 0 3 1 0 0 1 1 1 1 0 0 1 1 0 1 0 1 0 0 1 0 0
SURVIVOR: 1 1 1 0 0 0 3 1 0 1 0 0 1 0 0 0 1 0 0 1 1 0 1 1 1 1 0
SURVIVOR: 1 1 1 0 0 0 3 1 0 1 0 1 1 0 1 0 1 1 0 0 1 0 0 1 1 0 0
SURVIVOR: 1 1 1 0 0 0 3 1 0 1 0 1 1 1 0 1 1 0 0 1 0 0 0 1 0 1 0
SURVIVOR: 1 1 1 0 0 0 3 1 0 1 1 0 0 1 1 0 1 1 1 0 0 0 1 0 1 0 0
SURVIVOR: 1 1 1 0 0 0 3 1 0 1 1 0 1 0 1 1 1 0 0 0 1 0 1 0 0 1 0
SURVIVOR: 1 1 1 0 0 1 0 1 1 0 0 0 0 0 1 0 1 1 0 3 1 1 0 0 1 1 0
SURVIVOR: 1 1 1 0 0 1 0 1 1 0 0 0 0 1 0 1 1 0 0 1 3 0 0 1 1 1 0
SURVIVOR: 1 1 1 0 0 1 0 1 1 0 0 1 0 1 1 0 0 0 1 0 1 1 3 0 0 1 0
SURVIVOR: 1 1 1 0 0 1 0 1 1 0 0 1 0 1 1 0 0 0 1 1 0 0 3 1 1 0 0
SURVIVOR: 1 1 1 0 0 1 0 1 1 0 0 1 1 0 1 3 1 0 1 0 1 0 0 0 1 0 0
SURVIVOR: 1 1 1 0 0 1 0 1 1 0 0 1 1 1 0 0 1 3 1 1 0 0 0 0 0 1 0
SURVIVOR: 1 1 1 0 0 1 0 1 1 0 1 0 0 1 1 1 0 3 1 1 0 0 0 0 0 1 0
SURVIVOR: 1 1 1 0 0 1 0 1 1 0 1 0 1 1 0 0 0 0 0 1 1 1 0 3 0 1 0
SURVIVOR: 1 1 1 0 0 1 0 1 1 0 1 1 0 0 0 0 0 1 0 1 0 1 0 1 1 3 0
SURVIVOR: 1 1 1 0 0 1 0 1 1 0 1 1 1 0 3 0 1 0 0 1 0 1 1 0 0 0 0
SURVIVOR: 1 1 1 0 0 1 0 1 1 0 1 1 3 0 1 1 0 0 1 0 0 1 0 1 0 0 0
SURVIVOR: 1 1 1 0 0 1 0 1 1 0 1 3 0 0 1 1 1 0 0 0 0 0 1 0 1 1 0
SURVIVOR: 1 1 1 0 0 1 0 1 1 1 0 0 0 1 1 3 0 1 1 0 1 0 0 0 1 0 0
SURVIVOR: 1 1 1 0 0 1 0 1 1 1 0 0 1 0 1 0 0 0 0 1 1 3 0 1 1 0 0
SURVIVOR: 1 1 1 0 0 1 0 1 1 1 0 1 0 0 0 1 0 0 0 0 1 1 0 1 3 1 0
SURVIVOR: 1 1 1 0 0 1 0 1 1 1 0 1 1 3 0 0 1 0 0 0 1 0 1 1 0 0 0
SURVIVOR: 1 1 1 0 0 1 0 1 1 1 0 1 3 1 0 0 0 1 1 0 0 1 0 1 0 0 0
SURVIVOR: 1 1 1 0 0 1 0 1 1 1 0 3 0 1 0 0 1 1 0 0 0 0 1 0 1 1 0
SURVIVOR: 1 1 1 0 0 1 0 1 1 1 1 0 0 1 3 0 0 1 0 1 0 1 1 0 0 0 0
SURVIVOR: 1 1 1 0 0 1 0 1 1 1 1 0 0 3 1 1 0 0 0 0 1 0 1 1 0 0 0
SURVIVOR: 1 1 1 0 0 1 1 0 1 0 0 0 0 0 1 1 0 1 3 0 1 0 1 0 1 1 0
SURVIVOR: 1 1 1 0 0 1 1 0 1 0 0 0 1 0 0 1 1 0 1 0 3 0 0 1 1 1 0
SURVIVOR: 1 1 1 0 0 1 1 0 1 0 0 1 0 1 1 1 3 0 0 1 1 0 0 0 0 1 0
SURVIVOR: 1 1 1 0 0 1 1 0 1 0 0 1 1 0 1 0 0 0 0 1 1 3 1 0 1 0 0
SURVIVOR: 1 1 1 0 0 1 1 0 1 0 0 1 1 0 1 0 0 0 1 1 0 3 0 1 0 1 0
SURVIVOR: 1 1 1 0 0 1 1 0 1 0 0 1 1 1 0 1 0 3 1 1 0 0 0 0 1 0 0
SURVIVOR: 1 1 1 0 0 1 1 0 1 0 1 0 0 1 1 0 0 0 1 0 1 0 3 1 0 1 0
SURVIVOR: 1 1 1 0 0 1 1 0 1 0 1 0 1 0 1 0 3 1 0 1 1 0 0 0 0 1 0
SURVIVOR: 1 1 1 0 0 1 1 0 1 0 1 1 0 0 0 0 1 0 0 0 1 0 1 1 1 3 0
SURVIVOR: 1 1 1 0 0 1 1 0 1 0 1 1 1 3 0 0 0 1 0 1 0 0 1 1 0 0 0
SURVIVOR: 1 1 1 0 0 1 1 0 1 0 1 1 3 1 0 1 0 0 0 0 1 1 0 1 0 0 0
SURVIVOR: 1 1 1 0 0 1 1 0 1 0 1 3 1 0 0 1 0 1 0 0 0 1 0 0 1 1 0
SURVIVOR: 1 1 1 0 0 1 1 0 1 1 0 0 1 0 1 0 1 3 1 1 0 0 0 0 1 0 0
SURVIVOR: 1 1 1 0 0 1 1 0 1 1 0 0 1 1 0 0 0 0 1 0 1 0 1 3 1 0 0
SURVIVOR: 1 1 1 0 0 1 1 0 1 1 0 1 0 0 0 0 0 1 1 0 0 0 1 1 3 1 0
SURVIVOR: 1 1 1 0 0 1 1 0 1 1 0 1 0 1 3 1 0 0 1 0 0 1 1 0 0 0 0
SURVIVOR: 1 1 1 0 0 1 1 0 1 1 0 1 0 3 1 0 1 0 0 1 0 0 1 1 0 0 0
SURVIVOR: 1 1 1 0 0 1 1 0 1 1 0 3 0 0 1 1 1 0 0 0 0 1 0 0 1 1 0
SURVIVOR: 1 1 1 0 0 1 1 0 1 1 1 0 1 0 3 0 0 1 1 0 0 1 1 0 0 0 0
SURVIVOR: 1 1 1 0 0 1 1 0 1 1 1 0 3 0 1 0 1 0 0 0 1 1 0 1 0 0 0
SURVIVOR: 1 1 1 0 0 1 1 1 0 0 0 0 0 1 0 1 0 1 3 1 0 0 1 0 1 1 0
SURVIVOR: 1 1 1 0 0 1 1 1 0 0 0 0 1 0 0 0 1 1 1 3 0 1 0 0 1 1 0
SURVIVOR: 1 1 1 0 0 1 1 1 0 0 0 1 0 1 1 0 3 1 0 1 1 0 0 0 1 0 0
SURVIVOR: 1 1 1 0 0 1 1 1 0 0 0 1 1 0 1 3 0 1 1 0 1 0 0 0 0 1 0
SURVIVOR: 1 1 1 0 0 1 1 1 0 0 0 1 1 1 0 0 0 0 0 1 1 0 1 3 0 1 0
SURVIVOR: 1 1 1 0 0 1 1 1 0 0 0 1 1 1 0 0 0 0 1 0 1 1 0 3 1 0 0
SURVIVOR: 1 1 1 0 0 1 1 1 0 0 1 0 1 0 1 0 0 0 1 1 0 3 1 0 0 1 0
SURVIVOR: 1 1 1 0 0 1 1 1 0 0 1 0 1 1 0 3 1 0 1 0 1 0 0 0 0 1 0
SURVIVOR: 1 1 1 0 0 1 1 1 0 0 1 1 0 0 0 1 0 0 1 0 0 1 1 0 1 3 0
SURVIVOR: 1 1 1 0 0 1 1 1 0 0 1 1 0 1 3 0 1 0 0 0 1 1 1 0 0 0 0
SURVIVOR: 1 1 1 0 0 1 1 1 0 0 1 1 0 3 1 0 0 1 1 0 0 0 1 1 0 0 0
SURVIVOR: 1 1 1 0 0 1 1 1 0 0 1 3 0 1 0 0 1 1 0 0 0 0 0 1 1 1 0
SURVIVOR: 1 1 1 0 0 1 1 1 0 1 0 0 0 1 1 0 0 0 1 1 0 1 3 0 1 0 0
SURVIVOR: 1 1 1 0 0 1 1 1 0 1 0 0 1 1 0 1 3 0 0 1 1 0 0 0 1 0 0
SURVIVOR: 1 1 1 0 0 1 1 1 0 1 0 1 0 0 0 0 1 0 0 1 0 1 1 0 3 1 0
SURVIVOR: 1 1 1 0 0 1 1 1 0 1 0 1 1 0 3 1 0 0 0 0 1 1 1 0 0 0 0
SURVIVOR: 1 1 1 0 0 1 1 1 0 1 0 1 3 0 1 0 0 1 0 1 0 1 0 1 0 0 0
SURVIVOR: 1 1 1 0 0 1 1 1 0 1 0 3 1 0 0 1 0 1 0 0 0 0 0 1 1 1 0
SURVIVOR: 1 1 1 0 0 1 1 1 0 1 1 0 1 3 0 1 0 0 1 0 0 0 1 1 0 0 0
SURVIVOR: 1 1 1 0 0 1 1 1 0 1 1 0 3 1 0 0 1 0 0 1 0 1 0 1 0 0 0
SURVIVOR: 1 1 1 0 1 0 0 1 1 0 0 0 0 1 0 0 1 1 1 0 3 0 0 1 1 1 0
SURVIVOR: 1 1 1 0 1 0 0 1 1 0 0 0 1 0 0 1 1 0 3 0 1 0 1 0 1 1 0
SURVIVOR: 1 1 1 0 1 0 0 1 1 0 0 1 1 0 1 0 0 0 1 0 1 0 3 1 0 1 0
SURVIVOR: 1 1 1 0 1 0 0 1 1 0 0 1 1 1 0 1 0 3 0 1 1 0 0 0 0 1 0
SURVIVOR: 1 1 1 0 1 0 0 1 1 0 1 0 0 1 1 0 0 0 1 0 1 0 1 3 1 0 0
SURVIVOR: 1 1 1 0 1 0 0 1 1 0 1 0 1 1 0 3 0 1 1 1 0 0 0 0 1 0 0
SURVIVOR: 1 1 1 0 1 0 0 1 1 0 1 1 1 3 0 0 0 1 0 0 1 1 0 1 0 0 0
SURVIVOR: 1 1 1 0 1 0 0 1 1 0 1 1 3 1 0 1 0 0 1 0 0 1 1 0 0 0 0
SURVIVOR: 1 1 1 0 1 0 0 1 1 1 0 0 0 1 1 3 1 0 1 1 0 0 0 0 1 0 0
SURVIVOR: 1 1 1 0 1 0 0 1 1 1 0 0 1 0 1 0 1 3 0 1 1 0 0 0 0 1 0
SURVIVOR: 1 1 1 0 1 0 0 1 1 1 0 0 1 1 0 0 0 0 0 1 1 3 1 0 1 0 0
SURVIVOR: 1 1 1 0 1 0 0 1 1 1 0 0 1 1 0 0 0 0 1 1 0 3 0 1 0 1 0
SURVIVOR: 1 1 1 0 1 0 0 1 1 1 0 1 0 0 0 0 0 1 0 0 1 0 1 1 1 3 0
SURVIVOR: 1 1 1 0 1 0 0 1 1 1 0 1 0 1 3 1 0 0 0 1 0 0 1 1 0 0 0
SURVIVOR: 1 1 1 0 1 0 0 1 1 1 0 1 0 3 1 0 1 0 0 0 1 1 0 1 0 0 0
SURVIVOR: 1 1 1 0 1 0 0 1 1 1 1 0 0 0 0 1 0 0 1 0 0 0 1 1 3 1 0
SURVIVOR: 1 1 1 0 1 0 0 1 1 1 1 0 1 0 3 0 0 1 0 1 0 0 1 1 0 0 0
SURVIVOR: 1 1 1 0 1 0 0 1 1 1 1 0 3 0 1 0 1 0 1 0 0 1 1 0 0 0 0
SURVIVOR: 1 1 1 0 1 0 0 1 1 3 0 1 0 1 0 1 1 0 0 0 0 1 0 0 1 1 0
SURVIVOR: 1 1 1 0 1 0 0 1 1 3 1 0 1 0 0 0 1 1 0 0 0 1 0 0 1 1 0
SURVIVOR: 1 1 1 0 1 0 1 0 1 0 0 0 0 0 1 1 1 0 3 1 0 0 1 0 1 1 0
SURVIVOR: 1 1 1 0 1 0 1 0 1 0 0 0 0 1 0 1 0 1 1 3 0 1 0 0 1 1 0
SURVIVOR: 1 1 1 0 1 0 1 0 1 0 0 1 0 1 1 0 3 1 1 0 1 0 0 0 0 1 0
SURVIVOR: 1 1 1 0 1 0 1 0 1 0 0 1 1 1 0 0 0 0 1 1 0 3 1 0 0 1 0
SURVIVOR: 1 1 1 0 1 0 1 0 1 0 1 0 0 1 1 0 1 3 0 1 1 0 0 0 1 0 0
SURVIVOR: 1 1 1 0 1 0 1 0 1 0 1 0 1 0 1 0 0 0 1 1 0 1 3 0 1 0 0
SURVIVOR: 1 1 1 0 1 0 1 0 1 0 1 1 0 1 3 0 1 0 1 0 0 0 1 1 0 0 0
SURVIVOR: 1 1 1 0 1 0 1 0 1 0 1 1 0 3 1 0 0 1 0 1 0 1 0 1 0 0 0
SURVIVOR: 1 1 1 0 1 0 1 0 1 1 0 0 0 1 1 0 0 0 0 1 1 0 1 3 0 1 0
SURVIVOR: 1 1 1 0 1 0 1 0 1 1 0 0 0 1 1 0 0 0 1 0 1 1 0 3 1 0 0
SURVIVOR: 1 1 1 0 1 0 1 0 1 1 0 0 1 0 1 1 0 3 0 1 1 0 0 0 1 0 0
SURVIVOR: 1 1 1 0 1 0 1 0 1 1 0 0 1 1 0 1 3 0 1 0 1 0 0 0 0 1 0
SURVIVOR: 1 1 1 0 1 0 1 0 1 1 0 1 0 0 0 0 1 0 1 0 0 1 1 0 1 3 0
SURVIVOR: 1 1 1 0 1 0 1 0 1 1 0 1 1 0 3 1 0 0 1 0 0 0 1 1 0 0 0
SURVIVOR: 1 1 1 0 1 0 1 0 1 1 0 1 3 0 1 0 0 1 0 0 1 1 1 0 0 0 0
SURVIVOR: 1 1 1 0 1 0 1 0 1 1 1 0 0 0 0 0 0 1 0 1 0 1 1 0 3 1 0
SURVIVOR: 1 1 1 0 1 0 1 0 1 1 1 0 1 3 0 1 0 0 0 1 0 1 0 1 0 0 0
SURVIVOR: 1 1 1 0 1 0 1 0 1 1 1 0 3 1 0 0 1 0 0 0 1 1 1 0 0 0 0
SURVIVOR: 1 1 1 0 1 0 1 0 1 3 0 1 0 0 1 1 0 1 0 0 0 0 0 1 1 1 0
SURVIVOR: 1 1 1 0 1 0 1 0 1 3 1 0 0 1 0 1 1 0 0 0 0 0 0 1 1 1 0
SURVIVOR: 1 1 1 0 1 0 1 1 0 0 0 0 0 0 1 0 1 1 0 1 3 0 0 1 1 1 0
SURVIVOR: 1 1 1 0 1 0 1 1 0 0 0 0 1 0 0 1 0 1 0 3 1 1 0 0 1 1 0
SURVIVOR: 1 1 1 0 1 0 1 1 0 0 0 1 0 1 1 0 0 0 0 1 1 1 0 3 0 1 0
SURVIVOR: 1 1 1 0 1 0 1 1 0 0 0 1 1 0 1 3 1 0 1 1 0 0 0 0 0 1 0
SURVIVOR: 1 1 1 0 1 0 1 1 0 0 1 0 1 0 1 1 3 0 1 0 1 0 0 0 1 0 0
SURVIVOR: 1 1 1 0 1 0 1 1 0 0 1 0 1 1 0 0 0 0 0 1 1 3 0 1 1 0 0
SURVIVOR: 1 1 1 0 1 0 1 1 0 0 1 1 1 0 3 0 1 0 0 0 1 0 1 1 0 0 0
SURVIVOR: 1 1 1 0 1 0 1 1 0 0 1 1 3 0 1 1 0 0 0 1 0 1 1 0 0 0 0
SURVIVOR: 1 1 1 0 1 0 1 1 0 1 0 0 0 1 1 3 0 1 1 1 0 0 0 0 0 1 0
SURVIVOR: 1 1 1 0 1 0 1 1 0 1 0 0 1 0 1 0 0 0 1 0 1 1 3 0 0 1 0
SURVIVOR: 1 1 1 0 1 0 1 1 0 1 0 0 1 0 1 0 0 0 1 1 0 0 3 1 1 0 0
SURVIVOR: 1 1 1 0 1 0 1 1 0 1 0 0 1 1 0 0 3 1 1 0 1 0 0 0 1 0 0
SURVIVOR: 1 1 1 0 1 0 1 1 0 1 0 1 0 0 0 1 0 0 0 1 0 1 0 1 1 3 0
SURVIVOR: 1 1 1 0 1 0 1 1 0 1 0 1 1 3 0 0 1 0 1 0 0 1 0 1 0 0 0
SURVIVOR: 1 1 1 0 1 0 1 1 0 1 0 1 3 1 0 0 0 1 0 1 0 1 1 0 0 0 0
SURVIVOR: 1 1 1 0 1 0 1 1 0 1 1 0 0 0 0 0 1 0 0 0 1 1 0 1 3 1 0
SURVIVOR: 1 1 1 0 1 0 1 1 0 1 1 0 0 1 3 0 0 1 0 0 1 0 1 1 0 0 0
SURVIVOR: 1 1 1 0 1 0 1 1 0 1 1 0 0 3 1 1 0 0 1 0 0 1 0 1 0 0 0
SURVIVOR: 1 1 1 0 1 0 1 1 0 3 0 1 1 0 0 0 1 1 0 0 0 0 1 0 1 1 0
SURVIVOR: 1 1 1 0 1 0 1 1 0 3 1 0 0 0 1 1 0 1 0 0 0 0 1 0 1 1 0
SURVIVOR: 1 1 1 0 1 1 0 0 1 0 0 0 0 1 1 0 0 1 0 3 1 1 1 0 1 0 0
SURVIVOR: 1 1 1 0 1 1 0 0 1 0 0 0 0 1 1 0 0 1 1 3 0 1 0 1 0 1 0
SURVIVOR: 1 1 1 0 1 1 0 0 1 0 0 0 1 0 1 1 0 0 3 0 1 0 1 1 1 0 0
SURVIVOR: 1 1 1 0 1 1 0 0 1 0 0 0 1 1 0 0 1 0 1 0 3 0 1 1 0 1 0
SURVIVOR: 1 1 1 0 1 1 0 0 1 0 0 1 0 0 0 0 1 1 1 0 1 0 1 0 1 3 0
SURVIVOR: 1 1 1 0 1 1 0 0 1 0 0 1 0 1 3 1 1 0 1 1 0 0 1 0 0 0 0
SURVIVOR: 1 1 1 0 1 1 0 0 1 0 0 1 3 1 0 1 0 1 1 0 1 1 0 0 0 0 0
SURVIVOR: 1 1 1 0 1 1 0 0 1 0 1 0 1 0 3 0 1 1 1 1 0 0 1 0 0 0 0
SURVIVOR: 1 1 1 0 1 1 0 0 1 0 1 0 1 3 0 1 0 1 0 1 1 0 0 1 0 0 0
SURVIVOR: 1 1 1 0 1 1 0 0 1 0 1 1 0 0 1 0 0 0 1 0 0 0 3 1 1 1 0
SURVIVOR: 1 1 1 0 1 1 0 0 1 0 1 1 0 1 0 1 0 3 0 1 0 0 0 0 1 1 0
SURVIVOR: 1 1 1 0 1 1 0 0 1 0 1 3 1 1 0 0 0 1 0 0 0 1 1 0 0 1 0
SURVIVOR: 1 1 1 0 1 1 0 0 1 1 0 0 0 0 0 1 0 1 1 0 1 0 0 1 3 1 0
SURVIVOR: 1 1 1 0 1 1 0 0 1 1 0 0 0 3 1 1 1 0 0 1 1 0 0 1 0 0 0
SURVIVOR: 1 1 1 0 1 1 0 0 1 1 0 0 3 0 1 0 1 1 1 0 1 1 0 0 0 0 0
SURVIVOR: 1 1 1 0 1 1 0 0 1 1 0 3 0 1 1 0 1 0 0 0 0 1 1 0 0 1 0
SURVIVOR: 1 1 1 0 1 1 0 0 1 1 1 0 0 0 1 0 1 3 0 1 0 0 0 0 1 1 0
SURVIVOR: 1 1 1 0 1 1 0 0 1 1 1 0 0 1 0 0 0 0 0 0 1 0 1 3 1 1 0
SURVIVOR: 1 1 1 0 1 1 0 0 1 3 0 1 0 1 1 1 0 0 0 0 0 1 0 1 1 0 0
SURVIVOR: 1 1 1 0 1 1 0 0 1 3 1 0 1 0 1 0 0 1 0 0 0 1 0 1 1 0 0
SURVIVOR: 1 1 1 0 1 1 0 1 0 0 0 0 0 1 1 0 1 0 0 1 3 1 0 1 1 0 0
SURVIVOR: 1 1 1 0 1 1 0 1 0 0 0 0 1 0 1 0 0 1 0 3 1 1 0 1 0 1 0
SURVIVOR: 1 1 1 0 1 1 0 1 0 0 0 0 1 1 0 1 0 0 3 0 1 1 1 0 0 1 0
SURVIVOR: 1 1 1 0 1 1 0 1 0 0 0 0 1 1 0 1 0 0 3 1 0 0 1 1 1 0 0
SURVIVOR: 1 1 1 0 1 1 0 1 0 0 0 1 0 0 0 1 0 1 0 1 1 0 0 1 1 3 0
SURVIVOR: 1 1 1 0 1 1 0 1 0 0 0 1 1 0 3 1 1 0 0 1 1 0 1 0 0 0 0
SURVIVOR: 1 1 1 0 1 1 0 1 0 0 0 1 1 3 0 0 1 1 1 0 1 0 0 1 0 0 0
SURVIVOR: 1 1 1 0 1 1 0 1 0 0 1 0 0 3 1 1 0 1 1 0 1 0 0 1 0 0 0
SURVIVOR: 1 1 1 0 1 1 0 1 0 0 1 0 3 0 1 1 1 0 1 1 0 1 0 0 0 0 0
SURVIVOR: 1 1 1 0 1 1 0 1 0 0 1 1 0 1 0 0 0 0 0 0 1 1 0 3 1 1 0
SURVIVOR: 1 1 1 0 1 1 0 1 0 0 1 1 1 0 0 3 1 0 1 0 0 0 0 0 1 1 0
SURVIVOR: 1 1 1 0 1 1 0 1 0 0 1 3 1 0 1 1 0 0 0 0 0 0 1 1 0 1 0
SURVIVOR: 1 1 1 0 1 1 0 1 0 1 0 0 0 0 0 1 1 0 0 1 1 1 0 0 3 1 0
SURVIVOR: 1 1 1 0 1 1 0 1 0 1 0 0 0 1 3 1 0 1 0 1 1 0 1 0 0 0 0
SURVIVOR: 1 1 1 0 1 1 0 1 0 1 0 0 3 1 0 0 1 1 1 1 0 1 0 0 0 0 0
SURVIVOR: 1 1 1 0 1 1 0 1 0 1 0 3 1 1 0 0 0 1 0 0 0 0 1 1 0 1 0
SURVIVOR: 1 1 1 0 1 1 0 1 0 1 1 0 0 1 0 3 0 1 1 0 0 0 0 0 1 1 0
SURVIVOR: 1 1 1 0 1 1 0 1 0 1 1 0 1 0 0 0 0 0 0 1 0 3 0 1 1 1 0
SURVIVOR: 1 1 1 0 1 1 0 1 0 3 0 1 1 1 0 0 1 0 0 0 0 1 1 0 1 0 0
SURVIVOR: 1 1 1 0 1 1 0 1 0 3 1 0 0 1 1 1 0 0 0 0 0 1 1 0 1 0 0
SURVIVOR: 1 1 1 0 1 1 1 0 0 0 0 0 0 1 1 1 0 0 3 1 0 1 1 0 0 1 0
SURVIVOR: 1 1 1 0 1 1 1 0 0 0 0 0 1 0 1 0 1 0 0 1 3 0 1 1 0 1 0
SURVIVOR: 1 1 1 0 1 1 1 0 0 0 0 0 1 0 1 0 1 0 1 0 3 1 0 1 1 0 0
SURVIVOR: 1 1 1 0 1 1 1 0 0 0 0 0 1 1 0 0 0 1 1 3 0 1 1 0 1 0 0
SURVIVOR: 1 1 1 0 1 1 1 0 0 0 0 1 0 0 0 1 1 0 1 1 0 1 0 0 1 3 0
SURVIVOR: 1 1 1 0 1 1 1 0 0 0 0 1 0 3 1 0 1 1 1 1 0 0 0 1 0 0 0
SURVIVOR: 1 1 1 0 1 1 1 0 0 0 0 1 3 0 1 1 0 1 0 1 1 1 0 0 0 0 0
SURVIVOR: 1 1 1 0 1 1 1 0 0 0 1 0 0 1 3 0 1 1 1 0 1 0 1 0 0 0 0
SURVIVOR: 1 1 1 0 1 1 1 0 0 0 1 0 3 1 0 1 1 0 0 1 1 1 0 0 0 0 0
SURVIVOR: 1 1 1 0 1 1 1 0 0 0 1 1 0 0 1 0 3 1 0 0 1 0 0 0 1 1 0
SURVIVOR: 1 1 1 0 1 1 1 0 0 0 1 1 1 0 0 0 0 0 0 1 0 3 1 0 1 1 0
SURVIVOR: 1 1 1 0 1 1 1 0 0 0 1 3 0 1 1 0 1 0 0 0 0 1 0 1 0 1 0
SURVIVOR: 1 1 1 0 1 1 1 0 0 1 0 0 0 0 0 0 1 1 1 1 0 0 1 0 3 1 0
SURVIVOR: 1 1 1 0 1 1 1 0 0 1 0 0 1 0 3 1 0 1 1 0 1 0 1 0 0 0 0
SURVIVOR: 1 1 1 0 1 1 1 0 0 1 0 0 1 3 0 1 1 0 1 1 0 0 0 1 0 0 0
SURVIVOR: 1 1 1 0 1 1 1 0 0 1 0 3 1 0 1 1 0 0 0 0 0 1 0 1 0 1 0
SURVIVOR: 1 1 1 0 1 1 1 0 0 1 1 0 0 0 1 0 0 0 1 0 0 1 3 0 1 1 0
SURVIVOR: 1 1 1 0 1 1 1 0 0 1 1 0 1 0 0 1 3 0 0 0 1 0 0 0 1 1 0
SURVIVOR: 1 1 1 0 1 1 1 0 0 3 0 1 1 0 1 0 0 1 0 0 0 0 1 1 1 0 0
SURVIVOR: 1 1 1 0 1 1 1 0 0 3 1 0 1 1 0 0 1 0 0 0 0 0 1 1 1 0 0
SURVIVOR: 1 1 1 0 1 3 0 0 0 0 0 1 0 0 1 0 1 0 0 1 1 1 1 0 1 1 0
SURVIVOR: 1 1 1 0 1 3 0 0 0 0 0 1 0 1 0 0 0 1 1 1 0 0 1 1 1 1 0
SURVIVOR: 1 1 1 0 1 3 0 0 0 0 0 1 1 0 0 1 0 0 1 0 1 1 0 1 1 1 0
SURVIVOR: 1 1 1 0 1 3 0 0 0 0 1 1 0 1 1 1 0 1 1 0 0 0 1 0 0 1 0
SURVIVOR: 1 1 1 0 1 3 0 0 0 0 1 1 1 0 1 0 1 1 0 1 0 1 0 0 0 1 0
SURVIVOR: 1 1 1 0 1 3 0 0 0 0 1 1 1 1 0 1 1 0 0 0 1 0 0 1 0 1 0
SURVIVOR: 1 1 1 0 1 3 0 0 0 1 0 1 0 1 1 0 1 1 0 1 0 0 1 0 1 0 0
SURVIVOR: 1 1 1 0 1 3 0 0 0 1 0 1 1 0 1 1 1 0 0 0 1 1 0 0 1 0 0
SURVIVOR: 1 1 1 0 1 3 0 0 0 1 0 1 1 1 0 1 0 1 1 0 0 0 0 1 1 0 0
SURVIVOR: 1 1 1 0 3 1 0 0 0 1 0 0 0 0 1 0 0 1 0 1 1 0 1 1 1 1 0
SURVIVOR: 1 1 1 0 3 1 0 0 0 1 0 0 0 1 0 1 0 0 1 1 0 1 0 1 1 1 0
SURVIVOR: 1 1 1 0 3 1 0 0 0 1 0 0 1 0 0 0 1 0 1 0 1 1 1 0 1 1 0
SURVIVOR: 1 1 1 0 3 1 0 0 0 1 0 1 0 1 1 1 0 1 0 1 0 0 0 1 0 1 0
SURVIVOR: 1 1 1 0 3 1 0 0 0 1 0 1 1 0 1 0 1 1 0 0 1 0 1 0 0 1 0
SURVIVOR: 1 1 1 0 3 1 0 0 0 1 0 1 1 1 0 1 1 0 1 0 0 1 0 0 0 1 0
SURVIVOR: 1 1 1 0 3 1 0 0 0 1 1 0 0 1 1 0 1 1 0 0 1 0 0 1 1 0 0
SURVIVOR: 1 1 1 0 3 1 0 0 0 1 1 0 1 0 1 1 1 0 1 0 0 0 1 0 1 0 0
SURVIVOR: 1 1 1 0 3 1 0 0 0 1 1 0 1 1 0 1 0 1 0 1 0 1 0 0 1 0 0
SURVIVOR: 1 1 1 1 0 0 0 1 1 0 0 0 0 0 1 1 1 0 1 3 0 1 0 0 1 1 0
SURVIVOR: 1 1 1 1 0 0 0 1 1 0 0 0 1 0 0 0 1 1 3 1 0 0 1 0 1 1 0
SURVIVOR: 1 1 1 1 0 0 0 1 1 0 0 1 1 0 1 3 0 1 0 1 1 0 0 0 1 0 0
SURVIVOR: 1 1 1 1 0 0 0 1 1 0 0 1 1 1 0 0 0 0 1 1 0 1 3 0 1 0 0
SURVIVOR: 1 1 1 1 0 0 0 1 1 0 1 0 0 1 1 0 1 3 1 0 1 0 0 0 0 1 0
SURVIVOR: 1 1 1 1 0 0 0 1 1 0 1 0 1 0 1 0 0 0 0 1 1 0 1 3 0 1 0
SURVIVOR: 1 1 1 1 0 0 0 1 1 0 1 0 1 0 1 0 0 0 1 0 1 1 0 3 1 0 0
SURVIVOR: 1 1 1 1 0 0 0 1 1 0 1 0 1 1 0 3 1 0 0 1 1 0 0 0 1 0 0
SURVIVOR: 1 1 1 1 0 0 0 1 1 0 1 1 0 0 0 1 0 0 0 1 0 1 1 0 3 1 0
SURVIVOR: 1 1 1 1 0 0 0 1 1 0 1 1 0 1 3 0 1 0 0 1 0 1 0 1 0 0 0
SURVIVOR: 1 1 1 1 0 0 0 1 1 0 1 1 0 3 1 0 0 1 0 0 1 1 1 0 0 0 0
SURVIVOR: 1 1 1 1 0 0 0 1 1 0 3 1 0 0 1 0 1 1 0 0 0 0 0 1 1 1 0
SURVIVOR: 1 1 1 1 0 0 0 1 1 1 0 0 0 1 1 0 0 0 1 1 0 3 1 0 0 1 0
SURVIVOR: 1 1 1 1 0 0 0 1 1 1 0 0 1 0 1 1 0 3 1 0 1 0 0 0 0 1 0
SURVIVOR: 1 1 1 1 0 0 0 1 1 1 0 1 1 0 3 1 0 0 0 1 0 1 0 1 0 0 0
SURVIVOR: 1 1 1 1 0 0 0 1 1 1 0 1 3 0 1 0 0 1 1 0 0 0 1 1 0 0 0
SURVIVOR: 1 1 1 1 0 0 0 1 1 1 1 0 0 0 0 0 0 1 1 0 0 1 1 0 1 3 0
SURVIVOR: 1 1 1 1 0 0 0 1 1 1 1 0 1 3 0 1 0 0 0 0 1 1 1 0 0 0 0
SURVIVOR: 1 1 1 1 0 0 0 1 1 1 1 0 3 1 0 0 1 0 1 0 0 0 1 1 0 0 0
SURVIVOR: 1 1 1 1 0 0 0 1 1 1 3 0 1 0 0 1 1 0 0 0 0 0 0 1 1 1 0
SURVIVOR: 1 1 1 1 0 0 1 0 1 0 0 0 0 1 0 1 1 0 0 3 1 1 0 0 1 1 0
SURVIVOR: 1 1 1 1 0 0 1 0 1 0 0 0 1 0 0 1 0 1 0 1 3 0 0 1 1 1 0
SURVIVOR: 1 1 1 1 0 0 1 0 1 0 0 1 0 1 1 0 0 0 0 1 1 3 0 1 1 0 0
SURVIVOR: 1 1 1 1 0 0 1 0 1 0 0 1 1 1 0 0 1 3 1 0 1 0 0 0 1 0 0
SURVIVOR: 1 1 1 1 0 0 1 0 1 0 1 0 0 1 1 1 0 3 1 0 1 0 0 0 1 0 0
SURVIVOR: 1 1 1 1 0 0 1 0 1 0 1 0 1 0 1 1 3 0 1 1 0 0 0 0 0 1 0
SURVIVOR: 1 1 1 1 0 0 1 0 1 0 1 0 1 1 0 0 0 0 1 0 1 1 3 0 0 1 0
SURVIVOR: 1 1 1 1 0 0 1 0 1 0 1 0 1 1 0 0 0 0 1 1 0 0 3 1 1 0 0
SURVIVOR: 1 1 1 1 0 0 1 0 1 0 1 1 0 0 0 0 0 1 0 0 1 1 0 1 3 1 0
SURVIVOR: 1 1 1 1 0 0 1 0 1 0 1 1 1 0 3 0 1 0 1 0 0 1 0 1 0 0 0
SURVIVOR: 1 1 1 1 0 0 1 0 1 0 1 1 3 0 1 1 0 0 0 0 1 0 1 1 0 0 0
SURVIVOR: 1 1 1 1 0 0 1 0 1 0 3 1 1 0 0 1 1 0 0 0 0 0 1 0 1 1 0
SURVIVOR: 1 1 1 1 0 0 1 0 1 1 0 0 1 0 1 0 0 0 0 1 1 1 0 3 0 1 0
SURVIVOR: 1 1 1 1 0 0 1 0 1 1 0 0 1 1 0 0 3 1 1 1 0 0 0 0 0 1 0
SURVIVOR: 1 1 1 1 0 0 1 0 1 1 0 1 1 3 0 0 1 0 0 1 0 1 1 0 0 0 0
SURVIVOR: 1 1 1 1 0 0 1 0 1 1 0 1 3 1 0 0 0 1 0 0 1 0 1 1 0 0 0
SURVIVOR: 1 1 1 1 0 0 1 0 1 1 1 0 0 0 0 0 1 0 0 1 0 1 0 1 1 3 0
SURVIVOR: 1 1 1 1 0 0 1 0 1 1 1 0 0 1 3 0 0 1 1 0 0 1 0 1 0 0 0
SURVIVOR: 1 1 1 1 0 0 1 0 1 1 1 0 0 3 1 1 0 0 0 1 0 1 1 0 0 0 0
SURVIVOR: 1 1 1 1 0 0 1 0 1 1 3 0 0 1 0 1 0 1 0 0 0 0 1 0 1 1 0
SURVIVOR: 1 1 1 1 0 0 1 1 0 0 0 0 0 0 1 1 0 1 1 0 3 0 0 1 1 1 0
SURVIVOR: 1 1 1 1 0 0 1 1 0 0 0 0 0 1 0 0 1 1 3 0 1 0 1 0 1 1 0
SURVIVOR: 1 1 1 1 0 0 1 1 0 0 0 1 0 1 1 1 3 0 1 1 0 0 0 0 1 0 0
SURVIVOR: 1 1 1 1 0 0 1 1 0 0 0 1 1 0 1 0 0 0 1 0 1 0 1 3 1 0 0
SURVIVOR: 1 1 1 1 0 0 1 1 0 0 1 0 0 1 1 0 0 0 0 1 1 3 1 0 1 0 0
SURVIVOR: 1 1 1 1 0 0 1 1 0 0 1 0 0 1 1 0 0 0 1 1 0 3 0 1 0 1 0
SURVIVOR: 1 1 1 1 0 0 1 1 0 0 1 0 1 0 1 0 3 1 1 1 0 0 0 0 1 0 0
SURVIVOR: 1 1 1 1 0 0 1 1 0 0 1 0 1 1 0 3 0 1 0 1 1 0 0 0 0 1 0
SURVIVOR: 1 1 1 1 0 0 1 1 0 0 1 1 0 0 0 0 1 0 1 0 0 0 1 1 3 1 0
SURVIVOR: 1 1 1 1 0 0 1 1 0 0 1 1 1 3 0 0 0 1 1 0 0 1 1 0 0 0 0
SURVIVOR: 1 1 1 1 0 0 1 1 0 0 1 1 3 1 0 1 0 0 0 1 0 0 1 1 0 0 0
SURVIVOR: 1 1 1 1 0 0 1 1 0 0 3 1 0 1 0 1 0 1 0 0 0 1 0 0 1 1 0
SURVIVOR: 1 1 1 1 0 0 1 1 0 1 0 0 0 1 1 3 1 0 0 1 1 0 0 0 0 1 0
SURVIVOR: 1 1 1 1 0 0 1 1 0 1 0 0 1 1 0 0 0 0 1 0 1 0 3 1 0 1 0
SURVIVOR: 1 1 1 1 0 0 1 1 0 1 0 1 0 1 3 1 0 0 0 0 1 1 0 1 0 0 0
SURVIVOR: 1 1 1 1 0 0 1 1 0 1 0 1 0 3 1 0 1 0 1 0 0 1 1 0 0 0 0
SURVIVOR: 1 1 1 1 0 0 1 1 0 1 1 0 0 0 0 1 0 0 0 0 1 0 1 1 1 3 0
SURVIVOR: 1 1 1 1 0 0 1 1 0 1 1 0 1 0 3 0 0 1 0 0 1 1 0 1 0 0 0
SURVIVOR: 1 1 1 1 0 0 1 1 0 1 1 0 3 0 1 0 1 0 0 1 0 0 1 1 0 0 0
SURVIVOR: 1 1 1 1 0 0 1 1 0 1 3 0 0 0 1 0 1 1 0 0 0 1 0 0 1 1 0
SURVIVOR: 1 1 1 1 0 1 0 0 1 0 0 0 0 1 1 0 1 0 0 3 1 1 0 1 0 1 0
SURVIVOR: 1 1 1 1 0 1 0 0 1 0 0 0 1 0 1 0 0 1 3 0 1 1 1 0 0 1 0
SURVIVOR: 1 1 1 1 0 1 0 0 1 0 0 0 1 0 1 0 0 1 3 1 0 0 1 1 1 0 0
SURVIVOR: 1 1 1 1 0 1 0 0 1 0 0 0 1 1 0 1 0 0 0 1 3 1 0 1 1 0 0
SURVIVOR: 1 1 1 1 0 1 0 0 1 0 0 1 0 0 0 1 0 1 0 1 1 1 0 0 3 1 0
SURVIVOR: 1 1 1 1 0 1 0 0 1 0 0 1 1 0 3 1 1 0 1 1 0 1 0 0 0 0 0
SURVIVOR: 1 1 1 1 0 1 0 0 1 0 0 1 1 3 0 0 1 1 0 1 1 0 1 0 0 0 0
SURVIVOR: 1 1 1 1 0 1 0 0 1 0 1 0 0 0 0 0 1 1 0 1 1 0 0 1 1 3 0
SURVIVOR: 1 1 1 1 0 1 0 0 1 0 1 0 0 3 1 1 0 1 0 1 1 0 1 0 0 0 0
SURVIVOR: 1 1 1 1 0 1 0 0 1 0 1 0 3 0 1 1 1 0 1 0 1 0 0 1 0 0 0
SURVIVOR: 1 1 1 1 0 1 0 0 1 0 1 3 1 0 1 1 0 0 0 0 0 1 1 0 1 0 0
SURVIVOR: 1 1 1 1 0 1 0 0 1 0 3 1 1 0 1 0 1 0 0 0 0 0 1 1 0 1 0
SURVIVOR: 1 1 1 1 0 1 0 0 1 1 0 0 0 1 3 1 0 1 1 1 0 1 0 0 0 0 0
SURVIVOR: 1 1 1 1 0 1 0 0 1 1 0 0 3 1 0 0 1 1 1 0 1 0 0 1 0 0 0
SURVIVOR: 1 1 1 1 0 1 0 0 1 1 0 1 0 0 1 0 0 0 0 1 0 3 0 1 1 1 0
SURVIVOR: 1 1 1 1 0 1 0 0 1 1 0 1 1 0 0 0 1 3 1 0 0 0 0 0 1 1 0
SURVIVOR: 1 1 1 1 0 1 0 0 1 1 0 3 1 1 0 0 0 1 0 0 0 1 1 0 1 0 0
SURVIVOR: 1 1 1 1 0 1 0 0 1 1 1 0 0 0 1 1 0 3 1 0 0 0 0 0 1 1 0
SURVIVOR: 1 1 1 1 0 1 0 0 1 1 1 0 1 0 0 0 0 0 0 0 1 1 0 3 1 1 0
SURVIVOR: 1 1 1 1 0 1 0 0 1 1 3 0 0 1 1 0 0 1 0 0 0 0 1 1 0 1 0
SURVIVOR: 1 1 1 1 0 1 0 1 0 0 0 0 0 1 1 1 0 0 0 1 3 0 1 1 0 1 0
SURVIVOR: 1 1 1 1 0 1 0 1 0 0 0 0 0 1 1 1 0 0 1 0 3 1 0 1 1 0 0
SURVIVOR: 1 1 1 1 0 1 0 1 0 0 0 0 1 0 1 0 1 0 1 3 0 1 1 0 1 0 0
SURVIVOR: 1 1 1 1 0 1 0 1 0 0 0 0 1 1 0 0 0 1 3 1 0 1 1 0 0 1 0
SURVIVOR: 1 1 1 1 0 1 0 1 0 0 0 1 0 0 0 1 1 0 1 1 0 0 1 0 3 1 0
SURVIVOR: 1 1 1 1 0 1 0 1 0 0 0 1 0 3 1 0 1 1 1 0 1 0 1 0 0 0 0
SURVIVOR: 1 1 1 1 0 1 0 1 0 0 0 1 3 0 1 1 0 1 1 1 0 0 0 1 0 0 0
SURVIVOR: 1 1 1 1 0 1 0 1 0 0 1 0 0 0 0 1 0 1 1 1 0 1 0 0 1 3 0
SURVIVOR: 1 1 1 1 0 1 0 1 0 0 1 0 0 1 3 0 1 1 0 1 1 1 0 0 0 0 0
SURVIVOR: 1 1 1 1 0 1 0 1 0 0 1 0 3 1 0 1 1 0 1 1 0 0 0 1 0 0 0
SURVIVOR: 1 1 1 1 0 1 0 1 0 0 1 3 0 1 1 0 1 0 0 0 0 0 1 1 1 0 0
SURVIVOR: 1 1 1 1 0 1 0 1 0 0 3 1 0 1 1 0 0 1 0 0 0 1 0 1 0 1 0
SURVIVOR: 1 1 1 1 0 1 0 1 0 1 0 0 1 0 3 1 0 1 0 1 1 1 0 0 0 0 0
SURVIVOR: 1 1 1 1 0 1 0 1 0 1 0 0 1 3 0 1 1 0 1 0 1 0 1 0 0 0 0
SURVIVOR: 1 1 1 1 0 1 0 1 0 1 0 1 0 0 1 3 0 1 0 0 1 0 0 0 1 1 0
SURVIVOR: 1 1 1 1 0 1 0 1 0 1 0 1 0 1 0 0 0 0 1 0 0 1 3 0 1 1 0
SURVIVOR: 1 1 1 1 0 1 0 1 0 1 0 3 1 0 1 1 0 0 0 0 0 0 1 1 1 0 0
SURVIVOR: 1 1 1 1 0 1 0 1 0 1 1 0 0 0 1 0 0 0 0 1 0 3 1 0 1 1 0
SURVIVOR: 1 1 1 1 0 1 0 1 0 1 1 0 0 1 0 3 1 0 0 0 1 0 0 0 1 1 0
SURVIVOR: 1 1 1 1 0 1 0 1 0 1 3 0 1 1 0 1 0 0 0 0 0 1 0 1 0 1 0
SURVIVOR: 1 1 1 1 0 1 1 0 0 0 0 0 0 1 1 0 0 1 3 0 1 0 1 1 1 0 0
SURVIVOR: 1 1 1 1 0 1 1 0 0 0 0 0 1 0 1 1 0 0 1 0 3 0 1 1 0 1 0
SURVIVOR: 1 1 1 1 0 1 1 0 0 0 0 0 1 1 0 0 1 0 0 3 1 1 1 0 1 0 0
SURVIVOR: 1 1 1 1 0 1 1 0 0 0 0 0 1 1 0 0 1 0 1 3 0 1 0 1 0 1 0
SURVIVOR: 1 1 1 1 0 1 1 0 0 0 0 1 0 0 0 0 1 1 1 0 1 0 0 1 3 1 0
SURVIVOR: 1 1 1 1 0 1 1 0 0 0 0 1 0 1 3 1 1 0 1 0 1 1 0 0 0 0 0
SURVIVOR: 1 1 1 1 0 1 1 0 0 0 0 1 3 1 0 1 0 1 0 1 1 0 0 1 0 0 0
SURVIVOR: 1 1 1 1 0 1 1 0 0 0 1 0 0 0 0 1 1 0 1 0 1 0 1 0 1 3 0
SURVIVOR: 1 1 1 1 0 1 1 0 0 0 1 0 1 0 3 0 1 1 1 0 1 1 0 0 0 0 0
SURVIVOR: 1 1 1 1 0 1 1 0 0 0 1 0 1 3 0 1 0 1 1 1 0 0 1 0 0 0 0
SURVIVOR: 1 1 1 1 0 1 1 0 0 0 1 3 1 1 0 0 0 1 0 0 0 1 0 1 1 0 0
SURVIVOR: 1 1 1 1 0 1 1 0 0 0 3 1 1 1 0 1 0 0 0 0 0 1 1 0 0 1 0
SURVIVOR: 1 1 1 1 0 1 1 0 0 1 0 0 0 3 1 1 1 0 1 1 0 0 1 0 0 0 0
SURVIVOR: 1 1 1 1 0 1 1 0 0 1 0 0 3 0 1 0 1 1 0 1 1 0 0 1 0 0 0
SURVIVOR: 1 1 1 1 0 1 1 0 0 1 0 1 0 1 0 1 3 0 0 1 0 0 0 0 1 1 0
SURVIVOR: 1 1 1 1 0 1 1 0 0 1 0 1 1 0 0 0 0 0 0 0 1 0 1 3 1 1 0
SURVIVOR: 1 1 1 1 0 1 1 0 0 1 0 3 0 1 1 0 1 0 0 0 0 1 0 1 1 0 0
SURVIVOR: 1 1 1 1 0 1 1 0 0 1 1 0 0 1 0 0 0 0 1 0 0 0 3 1 1 1 0
SURVIVOR: 1 1 1 1 0 1 1 0 0 1 1 0 1 0 0 0 3 1 0 1 0 0 0 0 1 1 0
SURVIVOR: 1 1 1 1 0 1 1 0 0 1 3 0 1 0 1 0 1 0 0 0 0 1 1 0 0 1 0
SURVIVOR: 1 1 1 1 0 3 0 0 0 0 0 1 0 0 1 1 0 0 1 0 1 1 1 0 1 1 0
SURVIVOR: 1 1 1 1 0 3 0 0 0 0 0 1 0 1 0 0 1 0 0 1 1 0 1 1 1 1 0
SURVIVOR: 1 1 1 1 0 3 0 0 0 0 0 1 1 0 0 0 0 1 1 1 0 1 0 1 1 1 0
SURVIVOR: 1 1 1 1 0 3 0 0 0 0 1 1 0 1 1 1 1 0 0 0 1 0 1 0 0 1 0
SURVIVOR: 1 1 1 1 0 3 0 0 0 0 1 1 1 0 1 1 0 1 1 0 0 1 0 0 0 1 0
SURVIVOR: 1 1 1 1 0 3 0 0 0 0 1 1 1 1 0 0 1 1 0 1 0 0 0 1 0 1 0
SURVIVOR: 1 1 1 1 0 3 0 0 0 1 0 1 0 1 1 1 0 1 1 0 0 0 1 0 1 0 0
SURVIVOR: 1 1 1 1 0 3 0 0 0 1 0 1 1 0 1 0 1 1 0 1 0 1 0 0 1 0 0
SURVIVOR: 1 1 1 1 0 3 0 0 0 1 0 1 1 1 0 1 1 0 0 0 1 0 0 1 1 0 0
SURVIVOR: 1 1 1 1 1 0 0 0 1 0 0 0 0 1 1 1 0 0 1 3 0 1 1 0 1 0 0
SURVIVOR: 1 1 1 1 1 0 0 0 1 0 0 0 1 0 1 0 1 0 3 1 0 1 1 0 0 1 0
SURVIVOR: 1 1 1 1 1 0 0 0 1 0 0 0 1 1 0 0 0 1 0 1 3 0 1 1 0 1 0
SURVIVOR: 1 1 1 1 1 0 0 0 1 0 0 0 1 1 0 0 0 1 1 0 3 1 0 1 1 0 0
SURVIVOR: 1 1 1 1 1 0 0 0 1 0 0 1 0 3 1 0 1 1 0 1 1 1 0 0 0 0 0
SURVIVOR: 1 1 1 1 1 0 0 0 1 0 0 1 3 0 1 1 0 1 1 0 1 0 1 0 0 0 0
SURVIVOR: 1 1 1 1 1 0 0 0 1 0 1 0 0 0 0 1 0 1 1 1 0 0 1 0 3 1 0
SURVIVOR: 1 1 1 1 1 0 0 0 1 0 1 0 0 1 3 0 1 1 1 1 0 0 0 1 0 0 0
SURVIVOR: 1 1 1 1 1 0 0 0 1 0 1 0 3 1 0 1 1 0 1 0 1 0 1 0 0 0 0
SURVIVOR: 1 1 1 1 1 0 0 0 1 0 1 1 0 1 0 0 1 3 0 0 1 0 0 0 1 1 0
SURVIVOR: 1 1 1 1 1 0 0 0 1 0 1 1 1 0 0 0 0 0 1 0 0 1 3 0 1 1 0
SURVIVOR: 1 1 1 1 1 0 0 0 1 0 3 1 0 1 1 0 0 1 0 0 0 0 1 1 1 0 0
SURVIVOR: 1 1 1 1 1 0 0 0 1 1 0 0 0 0 0 0 1 1 1 1 0 1 0 0 1 3 0
SURVIVOR: 1 1 1 1 1 0 0 0 1 1 0 0 1 0 3 1 0 1 1 1 0 0 0 1 0 0 0
SURVIVOR: 1 1 1 1 1 0 0 0 1 1 0 0 1 3 0 1 1 0 0 1 1 1 0 0 0 0 0
SURVIVOR: 1 1 1 1 1 0 0 0 1 1 0 1 0 1 0 0 0 0 0 1 0 3 1 0 1 1 0
SURVIVOR: 1 1 1 1 1 0 0 0 1 1 0 1 1 0 0 1 0 3 0 0 1 0 0 0 1 1 0
SURVIVOR: 1 1 1 1 1 0 0 0 1 1 3 0 1 1 0 1 0 0 0 0 0 0 1 1 1 0 0
SURVIVOR: 1 1 1 1 1 0 0 0 1 3 0 1 1 0 1 0 0 1 0 0 0 1 0 1 0 1 0
SURVIVOR: 1 1 1 1 1 0 0 0 1 3 1 0 1 1 0 0 1 0 0 0 0 1 0 1 0 1 0
SURVIVOR: 1 1 1 1 1 0 0 1 0 0 0 0 0 1 1 0 0 1 1 0 3 0 1 1 0 1 0
SURVIVOR: 1 1 1 1 1 0 0 1 0 0 0 0 1 0 1 1 0 0 0 3 1 1 1 0 1 0 0
SURVIVOR: 1 1 1 1 1 0 0 1 0 0 0 0 1 0 1 1 0 0 1 3 0 1 0 1 0 1 0
SURVIVOR: 1 1 1 1 1 0 0 1 0 0 0 0 1 1 0 0 1 0 3 0 1 0 1 1 1 0 0
SURVIVOR: 1 1 1 1 1 0 0 1 0 0 0 1 0 1 3 1 1 0 0 1 1 0 0 1 0 0 0
SURVIVOR: 1 1 1 1 1 0 0 1 0 0 0 1 3 1 0 1 0 1 1 1 0 0 1 0 0 0 0
SURVIVOR: 1 1 1 1 1 0 0 1 0 0 1 0 0 0 0 1 1 0 1 0 1 0 0 1 3 1 0
SURVIVOR: 1 1 1 1 1 0 0 1 0 0 1 0 1 0 3 0 1 1 0 1 1 0 0 1 0 0 0
SURVIVOR: 1 1 1 1 1 0 0 1 0 0 1 0 1 3 0 1 0 1 1 0 1 1 0 0 0 0 0
SURVIVOR: 1 1 1 1 1 0 0 1 0 0 1 1 0 0 1 0 0 0 0 0 1 0 1 3 1 1 0
SURVIVOR: 1 1 1 1 1 0 0 1 0 0 1 1 1 0 0 3 0 1 0 1 0 0 0 0 1 1 0
SURVIVOR: 1 1 1 1 1 0 0 1 0 0 3 1 1 1 0 1 0 0 0 0 0 1 0 1 1 0 0
SURVIVOR: 1 1 1 1 1 0 0 1 0 1 0 0 0 0 0 1 0 1 1 0 1 0 1 0 1 3 0
SURVIVOR: 1 1 1 1 1 0 0 1 0 1 0 0 0 3 1 1 1 0 1 0 1 1 0 0 0 0 0
SURVIVOR: 1 1 1 1 1 0 0 1 0 1 0 0 3 0 1 0 1 1 1 1 0 0 1 0 0 0 0
SURVIVOR: 1 1 1 1 1 0 0 1 0 1 0 1 0 0 1 3 1 0 0 1 0 0 0 0 1 1 0
SURVIVOR: 1 1 1 1 1 0 0 1 0 1 0 1 1 0 0 0 0 0 1 0 0 0 3 1 1 1 0
SURVIVOR: 1 1 1 1 1 0 0 1 0 1 3 0 1 0 1 0 1 0 0 0 0 1 0 1 1 0 0
SURVIVOR: 1 1 1 1 1 0 0 1 0 3 0 1 0 1 1 1 0 0 0 0 0 1 1 0 0 1 0
SURVIVOR: 1 1 1 1 1 0 0 1 0 3 1 0 1 0 1 0 0 1 0 0 0 1 1 0 0 1 0
SURVIVOR: 1 1 1 1 1 0 1 0 0 0 0 0 0 1 1 0 1 0 3 0 1 1 1 0 0 1 0
SURVIVOR: 1 1 1 1 1 0 1 0 0 0 0 0 0 1 1 0 1 0 3 1 0 0 1 1 1 0 0
SURVIVOR: 1 1 1 1 1 0 1 0 0 0 0 0 1 0 1 0 0 1 0 1 3 1 0 1 1 0 0
SURVIVOR: 1 1 1 1 1 0 1 0 0 0 0 0 1 1 0 1 0 0 0 3 1 1 0 1 0 1 0
SURVIVOR: 1 1 1 1 1 0 1 0 0 0 0 1 1 0 3 1 1 0 1 0 1 0 0 1 0 0 0
SURVIVOR: 1 1 1 1 1 0 1 0 0 0 0 1 1 3 0 0 1 1 1 1 0 1 0 0 0 0 0
SURVIVOR: 1 1 1 1 1 0 1 0 0 0 1 0 0 0 0 0 1 1 0 1 1 1 0 0 3 1 0
SURVIVOR: 1 1 1 1 1 0 1 0 0 0 1 0 0 3 1 1 0 1 1 1 0 1 0 0 0 0 0
SURVIVOR: 1 1 1 1 1 0 1 0 0 0 1 0 3 0 1 1 1 0 0 1 1 0 1 0 0 0 0
SURVIVOR: 1 1 1 1 1 0 1 0 0 0 1 1 0 0 1 1 3 0 1 0 0 0 0 0 1 1 0
SURVIVOR: 1 1 1 1 1 0 1 0 0 0 1 1 0 1 0 0 0 0 0 1 0 3 0 1 1 1 0
SURVIVOR: 1 1 1 1 1 0 1 0 0 0 3 1 1 0 1 0 1 0 0 0 0 1 1 0 1 0 0
SURVIVOR: 1 1 1 1 1 0 1 0 0 1 0 0 0 0 0 1 1 0 0 1 1 0 0 1 1 3 0
SURVIVOR: 1 1 1 1 1 0 1 0 0 1 0 0 0 1 3 1 0 1 1 0 1 0 0 1 0 0 0
SURVIVOR: 1 1 1 1 1 0 1 0 0 1 0 0 3 1 0 0 1 1 0 1 1 0 1 0 0 0 0
SURVIVOR: 1 1 1 1 1 0 1 0 0 1 0 1 0 0 1 0 0 0 0 0 1 1 0 3 1 1 0
SURVIVOR: 1 1 1 1 1 0 1 0 0 1 0 1 0 1 0 0 3 1 1 0 0 0 0 0 1 1 0
SURVIVOR: 1 1 1 1 1 0 1 0 0 1 3 0 0 1 1 0 0 1 0 0 0 1 1 0 1 0 0
SURVIVOR: 1 1 1 1 1 0 1 0 0 3 0 1 1 1 0 0 1 0 0 0 0 0 1 1 0 1 0
SURVIVOR: 1 1 1 1 1 0 1 0 0 3 1 0 0 1 1 1 0 0 0 0 0 0 1 1 0 1 0
SURVIVOR: 1 1 1 1 3 0 0 0 0 1 0 0 0 0 1 1 0 0 1 1 0 0 1 1 1 1 0
SURVIVOR: 1 1 1 1 3 0 0 0 0 1 0 0 0 1 0 0 1 0 1 0 1 1 0 1 1 1 0
SURVIVOR: 1 1 1 1 3 0 0 0 0 1 0 0 1 0 0 0 0 1 0 1 1 1 1 0 1 1 0
SURVIVOR: 1 1 1 1 3 0 0 0 0 1 0 1 0 1 1 0 1 1 0 0 1 0 0 1 0 1 0
SURVIVOR: 1 1 1 1 3 0 0 0 0 1 0 1 1 0 1 1 1 0 1 0 0 0 1 0 0 1 0
SURVIVOR: 1 1 1 1 3 0 0 0 0 1 0 1 1 1 0 1 0 1 0 1 0 1 0 0 0 1 0
SURVIVOR: 1 1 1 1 3 0 0 0 0 1 1 0 0 1 1 1 1 0 1 0 0 0 0 1 1 0 0
SURVIVOR: 1 1 1 1 3 0 0 0 0 1 1 0 1 0 1 1 0 1 0 1 0 0 1 0 1 0 0
SURVIVOR: 1 1 1 1 3 0 0 0 0 1 1 0 1 1 0 0 1 1 0 0 1 1 0 0 1 0 0
SURVIVOR: 1 1 1 3 0 1 0 0 0 0 1 0 0 0 1 0 0 1 1 0 1 1 0 1 1 1 0
SURVIVOR: 1 1 1 3 0 1 0 0 0 0 1 0 0 1 0 1 0 0 0 1 1 1 1 0 1 1 0
SURVIVOR: 1 1 1 3 0 1 0 0 0 0 1 0 1 0 0 0 1 0 1 1 0 0 1 1 1 1 0
SURVIVOR: 1 1 1 3 0 1 0 0 0 0 1 1 0 1 1 1 0 1 0 0 1 1 0 0 1 0 0
SURVIVOR: 1 1 1 3 0 1 0 0 0 0 1 1 1 0 1 0 1 1 1 0 0 0 0 1 1 0 0
SURVIVOR: 1 1 1 3 0 1 0 0 0 0 1 1 1 1 0 1 1 0 0 1 0 0 1 0 1 0 0
SURVIVOR: 1 1 1 3 0 1 0 0 0 1 1 0 0 1 1 1 1 0 0 1 0 1 0 0 0 1 0
SURVIVOR: 1 1 1 3 0 1 0 0 0 1 1 0 1 0 1 1 0 1 0 0 1 0 0 1 0 1 0
SURVIVOR: 1 1 1 3 0 1 0 0 0 1 1 0 1 1 0 0 1 1 1 0 0 0 1 0 0 1 0
SURVIVOR: 1 1 1 3 1 0 0 0 0 0 1 0 0 0 1 0 1 0 1 1 0 1 0 1 1 1 0
SURVIVOR: 1 1 1 3 1 0 0 0 0 0 1 0 0 1 0 0 0 1 1 0 1 1 1 0 1 1 0
SURVIVOR: 1 1 1 3 1 0 0 0 0 0 1 0 1 0 0 1 0 0 0 1 1 0 1 1 1 1 0
SURVIVOR: 1 1 1 3 1 0 0 0 0 0 1 1 0 1 1 1 1 0 0 1 0 1 0 0 1 0 0
SURVIVOR: 1 1 1 3 1 0 0 0 0 0 1 1 1 0 1 1 0 1 0 0 1 0 0 1 1 0 0
SURVIVOR: 1 1 1 3 1 0 0 0 0 0 1 1 1 1 0 0 1 1 1 0 0 0 1 0 1 0 0
SURVIVOR: 1 1 1 3 1 0 0 0 0 1 1 0 0 1 1 0 1 1 1 0 0 1 0 0 0 1 0
SURVIVOR: 1 1 1 3 1 0 0 0 0 1 1 0 1 0 1 1 1 0 0 1 0 0 0 1 0 1 0
SURVIVOR: 1 1 1 3 1 0 0 0 0 1 1 0 1 1 0 1 0 1 0 0 1 0 1 0 0 1 0
SURVIVOR: 1 3 0 0 0 0 1 1 1 0 0 1 1 0 0 1 0 0 0 1 1 1 1 0 1 1 0
SURVIVOR: 1 3 0 0 0 0 1 1 1 0 1 0 1 0 0 0 1 0 1 0 1 1 0 1 1 1 0
SURVIVOR: 1 3 0 0 0 0 1 1 1 0 1 1 1 0 1 0 1 1 0 0 1 0 0 1 0 1 0
SURVIVOR: 1 3 0 0 0 0 1 1 1 0 1 1 1 1 0 1 1 0 0 0 1 1 0 0 1 0 0
SURVIVOR: 1 3 0 0 0 0 1 1 1 1 0 0 1 0 0 0 0 1 1 1 0 0 1 1 1 1 0
SURVIVOR: 1 3 0 0 0 0 1 1 1 1 0 1 1 0 1 1 1 0 0 1 0 1 0 0 0 1 0
SURVIVOR: 1 3 0 0 0 0 1 1 1 1 0 1 1 1 0 1 0 1 0 1 0 0 1 0 1 0 0
SURVIVOR: 1 3 0 0 0 0 1 1 1 1 1 0 1 0 1 1 0 1 1 0 0 0 1 0 0 1 0
SURVIVOR: 1 3 0 0 0 0 1 1 1 1 1 0 1 1 0 0 1 1 1 0 0 0 0 1 1 0 0
SURVIVOR: 1 3 0 0 0 1 0 1 1 0 0 0 1 0 0 1 1 0 1 1 1 1 0 0 1 1 0
SURVIVOR: 1 3 0 0 0 1 0 1 1 0 0 1 1 0 1 0 0 0 0 1 1 1 1 1 0 1 0
SURVIVOR: 1 3 0 0 0 1 0 1 1 0 0 1 1 0 1 1 1 1 0 1 1 0 0 0 0 1 0
SURVIVOR: 1 3 0 0 0 1 0 1 1 0 1 1 1 1 1 0 1 0 0 0 1 1 0 1 0 0 0
SURVIVOR: 1 3 0 0 0 1 0 1 1 1 0 0 1 1 0 0 0 0 1 1 0 1 1 1 1 0 0
SURVIVOR: 1 3 0 0 0 1 0 1 1 1 0 0 1 1 0 1 1 1 1 1 0 0 0 0 1 0 0
SURVIVOR: 1 3 0 0 0 1 0 1 1 1 0 1 1 1 1 0 0 1 0 1 0 0 1 1 0 0 0
SURVIVOR: 1 3 0 0 0 1 0 1 1 1 1 0 1 1 1 1 0 0 1 0 0 1 1 0 0 0 0
SURVIVOR: 1 3 0 0 0 1 0 1 1 1 1 1 1 0 0 1 1 0 0 0 0 1 0 0 1 1 0
SURVIVOR: 1 3 0 0 1 0 1 0 1 0 0 0 1 0 0 1 0 1 1 1 1 0 1 0 1 1 0
SURVIVOR: 1 3 0 0 1 0 1 0 1 0 1 0 1 1 0 0 0 0 1 0 1 1 1 1 1 0 0
SURVIVOR: 1 3 0 0 1 0 1 0 1 0 1 0 1 1 0 1 1 1 1 0 1 0 0 0 1 0 0
SURVIVOR: 1 3 0 0 1 0 1 0 1 0 1 1 1 1 1 0 0 1 0 0 1 0 1 1 0 0 0
SURVIVOR: 1 3 0 0 1 0 1 0 1 1 0 0 1 0 1 0 0 0 1 1 0 1 1 1 0 1 0
SURVIVOR: 1 3 0 0 1 0 1 0 1 1 0 0 1 0 1 1 1 1 1 1 0 0 0 0 0 1 0
SURVIVOR: 1 3 0 0 1 0 1 0 1 1 0 1 1 1 1 1 0 0 0 1 0 1 1 0 0 0 0
SURVIVOR: 1 3 0 0 1 0 1 0 1 1 1 0 1 1 1 0 1 0 1 0 0 1 0 1 0 0 0
SURVIVOR: 1 3 0 0 1 0 1 0 1 1 1 1 1 0 0 1 0 1 0 0 0 0 1 0 1 1 0
SURVIVOR: 1 3 0 0 1 1 0 0 1 0 0 0 1 0 1 0 0 1 1 1 1 0 1 1 0 1 0
SURVIVOR: 1 3 0 0 1 1 0 0 1 0 0 0 1 1 0 1 0 0 1 1 1 1 1 0 1 0 0
SURVIVOR: 1 3 0 0 1 1 0 0 1 0 0 1 1 1 1 1 0 1 0 1 1 0 1 0 0 0 0
SURVIVOR: 1 3 0 0 1 1 0 0 1 0 1 0 1 1 1 0 1 1 1 0 1 0 0 1 0 0 0
SURVIVOR: 1 3 0 0 1 1 0 0 1 1 0 0 1 1 1 1 1 0 1 1 0 1 0 0 0 0 0
SURVIVOR: 1 3 0 0 1 1 0 0 1 1 1 0 1 0 0 0 0 0 1 0 0 1 1 1 1 1 0
SURVIVOR: 1 3 0 0 1 1 0 0 1 1 1 0 1 0 0 1 1 1 1 0 0 0 0 0 1 1 0
SURVIVOR: 1 3 0 0 1 1 0 0 1 1 1 1 1 0 1 0 0 1 0 0 0 0 1 1 0 1 0
SURVIVOR: 1 3 0 0 1 1 0 0 1 1 1 1 1 1 0 1 0 0 0 0 0 1 1 0 1 0 0
SURVIVOR: 1 3 0 1 0 0 1 1 0 0 0 0 1 0 0 0 1 1 1 1 1 0 0 1 1 1 0
SURVIVOR: 1 3 0 1 0 0 1 1 0 0 0 1 1 1 0 0 0 0 0 1 1 1 1 1 1 0 0
SURVIVOR: 1 3 0 1 0 0 1 1 0 0 0 1 1 1 0 1 1 1 0 1 1 0 0 0 1 0 0
SURVIVOR: 1 3 0 1 0 0 1 1 0 0 1 0 1 0 1 0 0 0 1 0 1 1 1 1 0 1 0
SURVIVOR: 1 3 0 1 0 0 1 1 0 0 1 0 1 0 1 1 1 1 1 0 1 0 0 0 0 1 0
SURVIVOR: 1 3 0 1 0 0 1 1 0 0 1 1 1 1 1 1 0 0 0 0 1 1 1 0 0 0 0
SURVIVOR: 1 3 0 1 0 0 1 1 0 1 0 1 1 1 1 0 1 0 0 1 0 1 0 1 0 0 0
SURVIVOR: 1 3 0 1 0 0 1 1 0 1 1 0 1 1 1 0 0 1 1 0 0 0 1 1 0 0 0
SURVIVOR: 1 3 0 1 0 0 1 1 0 1 1 1 1 0 0 0 1 1 0 0 0 0 0 1 1 1 0
SURVIVOR: 1 3 0 1 0 1 0 1 0 0 0 0 1 0 1 1 0 0 1 1 1 1 1 0 0 1 0
SURVIVOR: 1 3 0 1 0 1 0 1 0 0 0 0 1 1 0 0 1 0 1 1 1 1 0 1 1 0 0
SURVIVOR: 1 3 0 1 0 1 0 1 0 0 0 1 1 1 1 0 1 1 0 1 1 0 0 1 0 0 0
SURVIVOR: 1 3 0 1 0 1 0 1 0 0 1 0 1 1 1 1 1 0 1 0 1 1 0 0 0 0 0
SURVIVOR: 1 3 0 1 0 1 0 1 0 1 0 0 1 1 1 1 0 1 1 1 0 0 1 0 0 0 0
SURVIVOR: 1 3 0 1 0 1 0 1 0 1 0 1 1 0 0 0 0 0 0 1 0 1 1 1 1 1 0
SURVIVOR: 1 3 0 1 0 1 0 1 0 1 0 1 1 0 0 1 1 1 0 1 0 0 0 0 1 1 0
SURVIVOR: 1 3 0 1 0 1 0 1 0 1 1 1 1 0 1 1 0 0 0 0 0 1 1 0 0 1 0
SURVIVOR: 1 3 0 1 0 1 0 1 0 1 1 1 1 1 0 0 1 0 0 0 0 1 0 1 1 0 0
SURVIVOR: 1 3 0 1 1 0 1 0 0 0 0 0 1 0 1 0 1 0 1 1 1 1 0 1 0 1 0
SURVIVOR: 1 3 0 1 1 0 1 0 0 0 0 0 1 1 0 0 0 1 1 1 1 0 1 1 1 0 0
SURVIVOR: 1 3 0 1 1 0 1 0 0 0 0 1 1 1 1 1 1 0 0 1 1 1 0 0 0 0 0
SURVIVOR: 1 3 0 1 1 0 1 0 0 0 1 0 1 1 1 1 0 1 1 0 1 0 1 0 0 0 0
SURVIVOR: 1 3 0 1 1 0 1 0 0 0 1 1 1 0 0 0 0 0 0 0 1 1 1 1 1 1 0
SURVIVOR: 1 3 0 1 1 0 1 0 0 0 1 1 1 0 0 1 1 1 0 0 1 0 0 0 1 1 0
SURVIVOR: 1 3 0 1 1 0 1 0 0 1 0 0 1 1 1 0 1 1 1 1 0 0 0 1 0 0 0
SURVIVOR: 1 3 0 1 1 0 1 0 0 1 1 1 1 0 1 0 1 0 0 0 0 1 0 1 0 1 0
SURVIVOR: 1 3 0 1 1 0 1 0 0 1 1 1 1 1 0 0 0 1 0 0 0 0 1 1 1 0 0
SURVIVOR: 1 3 0 1 1 1 0 0 0 0 0 1 1 0 0 1 0 0 0 1 1 1 1 0 1 1 0
SURVIVOR: 1 3 0 1 1 1 0 0 0 0 1 0 1 0 0 0 1 0 1 0 1 1 0 1 1 1 0
SURVIVOR: 1 3 0 1 1 1 0 0 0 0 1 1 1 0 1 0 1 1 0 0 1 0 0 1 0 1 0
SURVIVOR: 1 3 0 1 1 1 0 0 0 0 1 1 1 1 0 1 1 0 0 0 1 1 0 0 1 0 0
SURVIVOR: 1 3 0 1 1 1 0 0 0 1 0 0 1 0 0 0 0 1 1 1 0 0 1 1 1 1 0
SURVIVOR: 1 3 0 1 1 1 0 0 0 1 0 1 1 0 1 1 1 0 0 1 0 1 0 0 0 1 0
SURVIVOR: 1 3 0 1 1 1 0 0 0 1 0 1 1 1 0 1 0 1 0 1 0 0 1 0 1 0 0
SURVIVOR: 1 3 0 1 1 1 0 0 0 1 1 0 1 0 1 1 0 1 1 0 0 0 1 0 0 1 0
SURVIVOR: 1 3 0 1 1 1 0 0 0 1 1 0 1 1 0 0 1 1 1 0 0 0 0 1 1 0 0
SURVIVOR: 3 0 1 0 0 0 1 1 1 0 0 1 0 1 0 0 0 1 1 0 1 1 0 1 1 1 0
SURVIVOR: 3 0 1 0 0 0 1 1 1 0 1 0 0 1 0 1 0 0 1 1 0 0 1 1 1 1 0
SURVIVOR: 3 0 1 0 0 0 1 1 1 0 1 1 0 1 1 1 0 1 1 0 0 0 0 1 1 0 0
SURVIVOR: 3 0 1 0 0 0 1 1 1 0 1 1 1 1 0 1 1 0 1 0 0 0 1 0 0 1 0
SURVIVOR: 3 0 1 0 0 0 1 1 1 1 0 0 0 1 0 0 1 0 0 1 1 1 1 0 1 1 0
SURVIVOR: 3 0 1 0 0 0 1 1 1 1 0 1 0 1 1 0 1 1 0 0 1 1 0 0 1 0 0
SURVIVOR: 3 0 1 0 0 0 1 1 1 1 0 1 1 1 0 1 0 1 0 0 1 0 0 1 0 1 0
SURVIVOR: 3 0 1 0 0 0 1 1 1 1 1 0 0 1 1 1 1 0 0 1 0 0 1 0 1 0 0
SURVIVOR: 3 0 1 0 0 0 1 1 1 1 1 0 1 1 0 0 1 1 0 1 0 1 0 0 0 1 0
SURVIVOR: 3 0 1 0 0 1 1 0 1 0 0 0 0 1 0 1 0 1 1 1 1 0 0 1 1 1 0
SURVIVOR: 3 0 1 0 0 1 1 0 1 0 0 1 1 1 0 0 0 0 1 0 1 1 1 1 0 1 0
SURVIVOR: 3 0 1 0 0 1 1 0 1 0 0 1 1 1 0 1 1 1 1 0 1 0 0 0 0 1 0
SURVIVOR: 3 0 1 0 0 1 1 0 1 0 1 1 1 1 1 1 0 0 1 0 0 0 1 1 0 0 0
SURVIVOR: 3 0 1 0 0 1 1 0 1 1 0 0 0 1 1 0 0 0 0 1 1 1 1 1 1 0 0
SURVIVOR: 3 0 1 0 0 1 1 0 1 1 0 0 0 1 1 1 1 1 0 1 1 0 0 0 1 0 0
SURVIVOR: 3 0 1 0 0 1 1 0 1 1 0 1 1 1 1 0 1 0 0 0 1 1 1 0 0 0 0
SURVIVOR: 3 0 1 0 0 1 1 0 1 1 1 0 1 1 1 0 0 1 0 1 0 1 0 1 0 0 0
SURVIVOR: 3 0 1 0 0 1 1 0 1 1 1 1 0 1 0 1 0 1 0 0 0 0 0 1 1 1 0
SURVIVOR: 3 0 1 0 1 0 1 1 0 0 0 0 0 1 0 0 1 1 1 1 1 1 0 0 1 1 0
SURVIVOR: 3 0 1 0 1 0 1 1 0 0 1 0 0 1 1 0 0 0 1 1 0 1 1 1 1 0 0
SURVIVOR: 3 0 1 0 1 0 1 1 0 0 1 0 0 1 1 1 1 1 1 1 0 0 0 0 1 0 0
SURVIVOR: 3 0 1 0 1 0 1 1 0 0 1 1 1 1 1 0 1 0 1 0 0 1 1 0 0 0 0
SURVIVOR: 3 0 1 0 1 0 1 1 0 1 0 0 1 1 0 0 0 0 0 1 1 1 1 1 0 1 0
SURVIVOR: 3 0 1 0 1 0 1 1 0 1 0 0 1 1 0 1 1 1 0 1 1 0 0 0 0 1 0
SURVIVOR: 3 0 1 0 1 0 1 1 0 1 0 1 1 1 1 0 0 1 0 0 1 1 0 1 0 0 0
SURVIVOR: 3 0 1 0 1 0 1 1 0 1 1 0 1 1 1 1 0 0 0 1 0 0 1 1 0 0 0
SURVIVOR: 3 0 1 0 1 0 1 1 0 1 1 1 0 1 0 0 1 1 0 0 0 1 0 0 1 1 0
SURVIVOR: 3 0 1 0 1 1 1 0 0 0 0 0 0 1 1 0 0 1 1 1 1 1 0 1 1 0 0
SURVIVOR: 3 0 1 0 1 1 1 0 0 0 0 0 1 1 0 0 1 0 1 1 1 1 1 0 0 1 0
SURVIVOR: 3 0 1 0 1 1 1 0 0 0 0 1 1 1 1 0 1 1 1 0 1 1 0 0 0 0 0
SURVIVOR: 3 0 1 0 1 1 1 0 0 0 1 0 1 1 1 1 1 0 1 1 0 0 1 0 0 0 0
SURVIVOR: 3 0 1 0 1 1 1 0 0 1 0 0 1 1 1 1 0 1 0 1 1 0 0 1 0 0 0
SURVIVOR: 3 0 1 0 1 1 1 0 0 1 1 0 0 1 0 0 0 0 0 1 0 1 1 1 1 1 0
SURVIVOR: 3 0 1 0 1 1 1 0 0 1 1 0 0 1 0 1 1 1 0 1 0 0 0 0 1 1 0
SURVIVOR: 3 0 1 0 1 1 1 0 0 1 1 1 0 1 1 0 0 1 0 0 0 1 0 1 1 0 0
SURVIVOR: 3 0 1 0 1 1 1 0 0 1 1 1 1 1 0 0 1 0 0 0 0 1 1 0 0 1 0
SURVIVOR: 3 0 1 1 0 0 0 1 1 0 0 0 0 1 0 1 1 0 1 1 1 0 1 0 1 1 0
SURVIVOR: 3 0 1 1 0 0 0 1 1 0 0 1 0 1 1 0 0 0 1 0 1 1 1 1 1 0 0
SURVIVOR: 3 0 1 1 0 0 0 1 1 0 0 1 0 1 1 1 1 1 1 0 1 0 0 0 1 0 0
SURVIVOR: 3 0 1 1 0 0 0 1 1 0 1 0 1 1 0 0 0 0 1 1 0 1 1 1 0 1 0
SURVIVOR: 3 0 1 1 0 0 0 1 1 0 1 0 1 1 0 1 1 1 1 1 0 0 0 0 0 1 0
SURVIVOR: 3 0 1 1 0 0 0 1 1 0 1 1 1 1 1 0 0 1 1 0 0 1 0 1 0 0 0
SURVIVOR: 3 0 1 1 0 0 0 1 1 1 0 1 1 1 1 1 0 0 0 0 1 0 1 1 0 0 0
SURVIVOR: 3 0 1 1 0 0 0 1 1 1 1 0 1 1 1 0 1 0 0 1 0 1 1 0 0 0 0
SURVIVOR: 3 0 1 1 0 0 0 1 1 1 1 1 0 1 0 1 1 0 0 0 0 0 1 0 1 1 0
SURVIVOR: 3 0 1 1 0 1 0 0 1 0 0 0 0 1 1 1 0 0 1 1 1 0 1 1 1 0 0
SURVIVOR: 3 0 1 1 0 1 0 0 1 0 0 0 1 1 0 0 0 1 1 1 1 1 0 1 0 1 0
SURVIVOR: 3 0 1 1 0 1 0 0 1 0 0 1 1 1 1 1 1 0 1 0 1 0 1 0 0 0 0
SURVIVOR: 3 0 1 1 0 1 0 0 1 0 1 0 1 1 1 1 0 1 1 1 0 0 0 1 0 0 0
SURVIVOR: 3 0 1 1 0 1 0 0 1 1 0 0 1 1 1 0 1 1 0 1 1 1 0 0 0 0 0
SURVIVOR: 3 0 1 1 0 1 0 0 1 1 0 1 0 1 0 0 0 0 0 0 1 1 1 1 1 1 0
SURVIVOR: 3 0 1 1 0 1 0 0 1 1 0 1 0 1 0 1 1 1 0 0 1 0 0 0 1 1 0
SURVIVOR: 3 0 1 1 0 1 0 0 1 1 1 1 0 1 1 1 0 0 0 0 0 0 1 1 1 0 0
SURVIVOR: 3 0 1 1 0 1 0 0 1 1 1 1 1 1 0 0 0 1 0 0 0 1 0 1 0 1 0
SURVIVOR: 3 0 1 1 1 0 0 1 0 0 0 0 0 1 1 0 1 0 1 1 1 1 1 0 1 0 0
SURVIVOR: 3 0 1 1 1 0 0 1 0 0 0 0 1 1 0 1 0 0 1 1 1 0 1 1 0 1 0
SURVIVOR: 3 0 1 1 1 0 0 1 0 0 0 1 1 1 1 1 0 1 1 0 1 0 0 1 0 0 0
SURVIVOR: 3 0 1 1 1 0 0 1 0 0 1 0 1 1 1 0 1 1 1 1 0 1 0 0 0 0 0
SURVIVOR: 3 0 1 1 1 0 0 1 0 0 1 1 0 1 0 0 0 0 1 0 0 1 1 1 1 1 0
SURVIVOR: 3 0 1 1 1 0 0 1 0 0 1 1 0 1 0 1 1 1 1 0 0 0 0 0 1 1 0
SURVIVOR: 3 0 1 1 1 0 0 1 0 1 0 0 1 1 1 1 1 0 0 1 1 0 1 0 0 0 0
SURVIVOR: 3 0 1 1 1 0 0 1 0 1 1 1 0 1 1 0 1 0 0 0 0 1 1 0 1 0 0
SURVIVOR: 3 0 1 1 1 0 0 1 0 1 1 1 1 1 0 1 0 0 0 0 0 0 1 1 0 1 0
SURVIVOR: 3 0 1 1 1 1 0 0 0 0 0 1 0 1 0 0 0 1 1 0 1 1 0 1 1 1 0
SURVIVOR: 3 0 1 1 1 1 0 0 0 0 1 0 0 1 0 1 0 0 1 1 0 0 1 1 1 1 0
SURVIVOR: 3 0 1 1 1 1 0 0 0 0 1 1 0 1 1 1 0 1 1 0 0 0 0 1 1 0 0
SURVIVOR: 3 0 1 1 1 1 0 0 0 0 1 1 1 1 0 1 1 0 1 0 0 0 1 0 0 1 0
SURVIVOR: 3 0 1 1 1 1 0 0 0 1 0 0 0 1 0 0 1 0 0 1 1 1 1 0 1 1 0
SURVIVOR: 3 0 1 1 1 1 0 0 0 1 0 1 0 1 1 0 1 1 0 0 1 1 0 0 1 0 0
SURVIVOR: 3 0 1 1 1 1 0 0 0 1 0 1 1 1 0 1 0 1 0 0 1 0 0 1 0 1 0
SURVIVOR: 3 0 1 1 1 1 0 0 0 1 1 0 0 1 1 1 1 0 0 1 0 0 1 0 1 0 0
SURVIVOR: 3 0 1 1 1 1 0 0 0 1 1 0 1 1 0 0 1 1 0 1 0 1 0 0 0 1 0
SURVIVOR: 3 1 0 0 0 0 1 1 1 0 0 1 0 1 0 0 1 0 1 0 1 1 1 0 1 1 0
SURVIVOR: 3 1 0 0 0 0 1 1 1 0 1 0 0 1 0 0 0 1 1 1 0 1 0 1 1 1 0
SURVIVOR: 3 1 0 0 0 0 1 1 1 0 1 1 0 1 1 1 1 0 1 0 0 0 1 0 1 0 0
SURVIVOR: 3 1 0 0 0 0 1 1 1 0 1 1 1 1 0 0 1 1 1 0 0 1 0 0 0 1 0
SURVIVOR: 3 1 0 0 0 0 1 1 1 1 0 0 0 1 0 1 0 0 0 1 1 0 1 1 1 1 0
SURVIVOR: 3 1 0 0 0 0 1 1 1 1 0 1 0 1 1 1 0 1 0 0 1 0 0 1 1 0 0
SURVIVOR: 3 1 0 0 0 0 1 1 1 1 0 1 1 1 0 1 1 0 0 0 1 0 1 0 0 1 0
SURVIVOR: 3 1 0 0 0 0 1 1 1 1 1 0 0 1 1 0 1 1 0 1 0 1 0 0 1 0 0
SURVIVOR: 3 1 0 0 0 0 1 1 1 1 1 0 1 1 0 1 0 1 0 1 0 0 0 1 0 1 0
SURVIVOR: 3 1 0 0 0 1 1 0 1 0 0 0 0 1 0 1 1 0 1 1 1 0 1 0 1 1 0
SURVIVOR: 3 1 0 0 0 1 1 0 1 0 0 1 0 1 1 0 0 0 1 0 1 1 1 1 1 0 0
SURVIVOR: 3 1 0 0 0 1 1 0 1 0 0 1 0 1 1 1 1 1 1 0 1 0 0 0 1 0 0
SURVIVOR: 3 1 0 0 0 1 1 0 1 0 1 0 1 1 0 0 0 0 1 1 0 1 1 1 0 1 0
SURVIVOR: 3 1 0 0 0 1 1 0 1 0 1 0 1 1 0 1 1 1 1 1 0 0 0 0 0 1 0
SURVIVOR: 3 1 0 0 0 1 1 0 1 0 1 1 1 1 1 0 0 1 1 0 0 1 0 1 0 0 0
SURVIVOR: 3 1 0 0 0 1 1 0 1 1 0 1 1 1 1 1 0 0 0 0 1 0 1 1 0 0 0
SURVIVOR: 3 1 0 0 0 1 1 0 1 1 1 0 1 1 1 0 1 0 0 1 0 1 1 0 0 0 0
SURVIVOR: 3 1 0 0 0 1 1 0 1 1 1 1 0 1 0 1 1 0 0 0 0 0 1 0 1 1 0
SURVIVOR: 3 1 0 0 1 0 1 1 0 0 0 0 0 1 0 1 0 1 1 1 1 0 0 1 1 1 0
SURVIVOR: 3 1 0 0 1 0 1 1 0 0 0 1 1 1 0 0 0 0 1 0 1 1 1 1 0 1 0
SURVIVOR: 3 1 0 0 1 0 1 1 0 0 0 1 1 1 0 1 1 1 1 0 1 0 0 0 0 1 0
SURVIVOR: 3 1 0 0 1 0 1 1 0 0 1 1 1 1 1 1 0 0 1 0 0 0 1 1 0 0 0
SURVIVOR: 3 1 0 0 1 0 1 1 0 1 0 0 0 1 1 0 0 0 0 1 1 1 1 1 1 0 0
SURVIVOR: 3 1 0 0 1 0 1 1 0 1 0 0 0 1 1 1 1 1 0 1 1 0 0 0 1 0 0
SURVIVOR: 3 1 0 0 1 0 1 1 0 1 0 1 1 1 1 0 1 0 0 0 1 1 1 0 0 0 0
SURVIVOR: 3 1 0 0 1 0 1 1 0 1 1 0 1 1 1 0 0 1 0 1 0 1 0 1 0 0 0
SURVIVOR: 3 1 0 0 1 0 1 1 0 1 1 1 0 1 0 1 0 1 0 0 0 0 0 1 1 1 0
SURVIVOR: 3 1 0 0 1 1 1 0 0 0 0 0 0 1 1 0 1 0 1 1 1 1 1 0 1 0 0
SURVIVOR: 3 1 0 0 1 1 1 0 0 0 0 0 1 1 0 1 0 0 1 1 1 0 1 1 0 1 0
SURVIVOR: 3 1 0 0 1 1 1 0 0 0 0 1 1 1 1 1 0 1 1 0 1 0 0 1 0 0 0
SURVIVOR: 3 1 0 0 1 1 1 0 0 0 1 0 1 1 1 0 1 1 1 1 0 1 0 0 0 0 0
SURVIVOR: 3 1 0 0 1 1 1 0 0 0 1 1 0 1 0 0 0 0 1 0 0 1 1 1 1 1 0
SURVIVOR: 3 1 0 0 1 1 1 0 0 0 1 1 0 1 0 1 1 1 1 0 0 0 0 0 1 1 0
SURVIVOR: 3 1 0 0 1 1 1 0 0 1 0 0 1 1 1 1 1 0 0 1 1 0 1 0 0 0 0
SURVIVOR: 3 1 0 0 1 1 1 0 0 1 1 1 0 1 1 0 1 0 0 0 0 1 1 0 1 0 0
SURVIVOR: 3 1 0 0 1 1 1 0 0 1 1 1 1 1 0 1 0 0 0 0 0 0 1 1 0 1 0
SURVIVOR: 3 1 0 1 0 0 0 1 1 0 0 0 0 1 0 0 1 1 1 1 1 1 0 0 1 1 0
SURVIVOR: 3 1 0 1 0 0 0 1 1 0 1 0 0 1 1 0 0 0 1 1 0 1 1 1 1 0 0
SURVIVOR: 3 1 0 1 0 0 0 1 1 0 1 0 0 1 1 1 1 1 1 1 0 0 0 0 1 0 0
SURVIVOR: 3 1 0 1 0 0 0 1 1 0 1 1 1 1 1 0 1 0 1 0 0 1 1 0 0 0 0
SURVIVOR: 3 1 0 1 0 0 0 1 1 1 0 0 1 1 0 0 0 0 0 1 1 1 1 1 0 1 0
SURVIVOR: 3 1 0 1 0 0 0 1 1 1 0 0 1 1 0 1 1 1 0 1 1 0 0 0 0 1 0
SURVIVOR: 3 1 0 1 0 0 0 1 1 1 0 1 1 1 1 0 0 1 0 0 1 1 0 1 0 0 0
SURVIVOR: 3 1 0 1 0 0 0 1 1 1 1 0 1 1 1 1 0 0 0 1 0 0 1 1 0 0 0
SURVIVOR: 3 1 0 1 0 0 0 1 1 1 1 1 0 1 0 0 1 1 0 0 0 1 0 0 1 1 0
SURVIVOR: 3 1 0 1 0 1 0 0 1 0 0 0 0 1 1 0 0 1 1 1 1 1 0 1 1 0 0
SURVIVOR: 3 1 0 1 0 1 0 0 1 0 0 0 1 1 0 0 1 0 1 1 1 1 1 0 0 1 0
SURVIVOR: 3 1 0 1 0 1 0 0 1 0 0 1 1 1 1 0 1 1 1 0 1 1 0 0 0 0 0
SURVIVOR: 3 1 0 1 0 1 0 0 1 0 1 0 1 1 1 1 1 0 1 1 0 0 1 0 0 0 0
SURVIVOR: 3 1 0 1 0 1 0 0 1 1 0 0 1 1 1 1 0 1 0 1 1 0 0 1 0 0 0
SURVIVOR: 3 1 0 1 0 1 0 0 1 1 1 0 0 1 0 0 0 0 0 1 0 1 1 1 1 1 0
SURVIVOR: 3 1 0 1 0 1 0 0 1 1 1 0 0 1 0 1 1 1 0 1 0 0 0 0 1 1 0
SURVIVOR: 3 1 0 1 0 1 0 0 1 1 1 1 0 1 1 0 0 1 0 0 0 1 0 1 1 0 0
SURVIVOR: 3 1 0 1 0 1 0 0 1 1 1 1 1 1 0 0 1 0 0 0 0 1 1 0 0 1 0
SURVIVOR: 3 1 0 1 1 0 0 1 0 0 0 0 0 1 1 1 0 0 1 1 1 0 1 1 1 0 0
SURVIVOR: 3 1 0 1 1 0 0 1 0 0 0 0 1 1 0 0 0 1 1 1 1 1 0 1 0 1 0
SURVIVOR: 3 1 0 1 1 0 0 1 0 0 0 1 1 1 1 1 1 0 1 0 1 0 1 0 0 0 0
SURVIVOR: 3 1 0 1 1 0 0 1 0 0 1 0 1 1 1 1 0 1 1 1 0 0 0 1 0 0 0
SURVIVOR: 3 1 0 1 1 0 0 1 0 1 0 0 1 1 1 0 1 1 0 1 1 1 0 0 0 0 0
SURVIVOR: 3 1 0 1 1 0 0 1 0 1 0 1 0 1 0 0 0 0 0 0 1 1 1 1 1 1 0
SURVIVOR: 3 1 0 1 1 0 0 1 0 1 0 1 0 1 0 1 1 1 0 0 1 0 0 0 1 1 0
SURVIVOR: 3 1 0 1 1 0 0 1 0 1 1 1 0 1 1 1 0 0 0 0 0 0 1 1 1 0 0
SURVIVOR: 3 1 0 1 1 0 0 1 0 1 1 1 1 1 0 0 0 1 0 0 0 1 0 1 0 1 0
SURVIVOR: 3 1 0 1 1 1 0 0 0 0 0 1 0 1 0 0 1 0 1 0 1 1 1 0 1 1 0
SURVIVOR: 3 1 0 1 1 1 0 0 0 0 1 0 0 1 0 0 0 1 1 1 0 1 0 1 1 1 0
SURVIVOR: 3 1 0 1 1 1 0 0 0 0 1 1 0 1 1 1 1 0 1 0 0 0 1 0 1 0 0
SURVIVOR: 3 1 0 1 1 1 0 0 0 0 1 1 1 1 0 0 1 1 1 0 0 1 0 0 0 1 0
SURVIVOR: 3 1 0 1 1 1 0 0 0 1 0 0 0 1 0 1 0 0 0 1 1 0 1 1 1 1 0
SURVIVOR: 3 1 0 1 1 1 0 0 0 1 0 1 0 1 1 1 0 1 0 0 1 0 0 1 1 0 0
SURVIVOR: 3 1 0 1 1 1 0 0 0 1 0 1 1 1 0 1 1 0 0 0 1 0 1 0 0 1 0
SURVIVOR: 3 1 0 1 1 1 0 0 0 1 1 0 0 1 1 0 1 1 0 1 0 1 0 0 1 0 0
SURVIVOR: 3 1 0 1 1 1 0 0 0 1 1 0 1 1 0 1 0 1 0 1 0 0 0 1 0 1 0
NODES=29971377 P12=3744 SURVIVORS=3744 TIME=6.0s
